gameId,teamId,teamCity,teamName,teamTricode,teamSlug,personId,firstName,familyName,nameI,playerSlug,position,comment,jerseyNum,minutes,usagePercentage,percentageFieldGoalsMade,percentageFieldGoalsAttempted,percentageThreePointersMade,percentageThreePointersAttempted,percentageFreeThrowsMade,percentageFreeThrowsAttempted,percentageReboundsOffensive,percentageReboundsDefensive,percentageReboundsTotal,percentageAssists,percentageTurnovers,percentageSteals,percentageBlocks,percentageBlocksAllowed,percentagePersonalFouls,percentagePersonalFoulsDrawn,percentagePoints
0021500047,1610612749,Milwaukee,Bucks,MIL,bucks,203114,Khris,Middleton,K. Middleton,khris-middleton,F,,,38:57,0.161,0.194,0.194,0.286,0.263,0.273,0.211,0.125,0.182,0.167,0.15,0.0,0.167,0.167,0.0,0.105,0.105,0.213
0021500047,1610612749,Milwaukee,Bucks,MIL,bucks,203507,Giannis,Antetokounmpo,G. Antetokounmpo,giannis-antetokounmpo,F,,,42:12,0.256,0.25,0.271,0.143,0.176,0.222,0.208,0.6,0.2,0.267,0.158,0.308,0.0,0.286,0.667,0.182,0.211,0.236
0021500047,1610612749,Milwaukee,Bucks,MIL,bucks,202328,Greg,Monroe,G. Monroe,greg-monroe,C,,,39:25,0.225,0.323,0.241,0.0,0.0,0.167,0.167,0.2,0.48,0.433,0.056,0.25,0.2,0.143,0.0,0.222,0.2,0.264
0021500047,1610612749,Milwaukee,Bucks,MIL,bucks,201573,Jerryd,Bayless,J. Bayless,jerryd-bayless,G,,,46:40,0.202,0.216,0.211,0.75,0.455,0.222,0.269,0.0,0.107,0.083,0.087,0.143,0.0,0.0,0.25,0.091,0.217,0.26
0021500047,1610612749,Milwaukee,Bucks,MIL,bucks,203487,Michael,Carter-Williams,M. Carter-Williams,michael-carter-williams,G,,,22:38,0.146,0.105,0.091,0.0,0.0,0.182,0.235,0.0,0.118,0.105,0.455,0.4,0.75,0.4,0.0,0.417,0.273,0.113
0021500047,1610612749,Milwaukee,Bucks,MIL,bucks,202349,Greivis,Vasquez,G. Vasquez,greivis-vasquez,,,,26:42,0.155,0.0,0.19,0.0,0.333,0.0,0.0,0.167,0.0,0.059,0.571,0.111,0.5,0.0,0.5,0.083,0.083,0.0
0021500047,1610612749,Milwaukee,Bucks,MIL,bucks,203101,Miles,Plumlee,M. Plumlee,miles-plumlee,,,,6:19,0.235,0.2,0.091,0.0,0.0,0.0,0.0,0.333,0.5,0.4,0.25,0.6,0.0,0.0,0.0,1.0,0.333,0.167
0021500047,1610612749,Milwaukee,Bucks,MIL,bucks,203948,Johnny,O'Bryant III,J. O'Bryant III,johnny-obryant-iii,,,,17:02,0.135,0.2,0.143,0.0,0.0,0.286,0.222,0.333,0.1,0.154,0.091,0.0,0.0,1.0,0.0,0.167,0.375,0.195
0021500047,1610612749,Milwaukee,Bucks,MIL,bucks,203142,Chris,Copeland,C. Copeland,chris-copeland,,,,0:05,0.0,0.0,0.0,0.0,0.0,0.0,0.0,0.0,0.0,0.0,0.0,0.0,0.0,0.0,0.0,0.0,0.0,0.0
0021500047,1610612749,Milwaukee,Bucks,MIL,bucks,203898,Tyler,Ennis,T. Ennis,tyler-ennis,,"DND - Post-Surgery, Right Shoulder",,,0.0,0.0,0.0,0.0,0.0,0.0,0.0,0.0,0.0,0.0,0.0,0.0,0.0,0.0,0.0,0.0,0.0,0.0
0021500047,1610612749,Milwaukee,Bucks,MIL,bucks,203996,Damien,Inglis,D. Inglis,damien-inglis,,DNP - Coach's Decision,,,0.0,0.0,0.0,0.0,0.0,0.0,0.0,0.0,0.0,0.0,0.0,0.0,0.0,0.0,0.0,0.0,0.0,0.0
0021500047,1610612749,Milwaukee,Bucks,MIL,bucks,203953,Jabari,Parker,J. Parker,jabari-parker,,"DND - Post-Surgery, Left Knee",,,0.0,0.0,0.0,0.0,0.0,0.0,0.0,0.0,0.0,0.0,0.0,0.0,0.0,0.0,0.0,0.0,0.0,0.0
0021500047,1610612749,Milwaukee,Bucks,MIL,bucks,1626173,Rashad,Vaughn,R. Vaughn,rashad-vaughn,,DNP - Coach's Decision,,,0.0,0.0,0.0,0.0,0.0,0.0,0.0,0.0,0.0,0.0,0.0,0.0,0.0,0.0,0.0,0.0,0.0,0.0
0021500047,1610612751,Brooklyn,Nets,BKN,nets,2207,Joe,Johnson,J. Johnson,joe-johnson,F,,,40:50,0.165,0.167,0.209,0.333,0.368,0.125,0.105,0.143,0.091,0.103,0.333,0.0,0.0,0.0,0.167,0.1,0.158,0.171
0021500047,1610612751,Brooklyn,Nets,BKN,nets,201152,Thaddeus,Young,T. Young,thaddeus-young,F,,,25:19,0.207,0.24,0.25,0.0,0.0,0.091,0.083,0.4,0.286,0.316,0.294,0.1,0.0,0.5,0.6,0.182,0.154,0.197
0021500047,1610612751,Brooklyn,Nets,BKN,nets,201572,Brook,Lopez,B. Lopez,brook-lopez,C,,,34:24,0.224,0.207,0.179,0.0,0.071,0.462,0.438,0.2,0.4,0.36,0.059,0.286,0.0,0.5,0.0,0.294,0.353,0.237
0021500047,1610612751,Brooklyn,Nets,BKN,nets,203900,Markel,Brown,M. Brown,markel-brown,G,,,25:33,0.125,0.13,0.163,0.25,0.308,0.0,0.0,0.0,0.143,0.118,0.133,0.0,0.0,0.25,0.0,0.182,0.0,0.113
0021500047,1610612751,Brooklyn,Nets,BKN,nets,101127,Jarrett,Jack,J. Jack,jarrett-jack,G,,,34:34,0.243,0.185,0.204,0.2,0.071,0.25,0.263,0.0,0.167,0.125,0.235,0.385,0.0,0.0,0.2,0.188,0.222,0.2
0021500047,1610612751,Brooklyn,Nets,BKN,nets,200745,Andrea,Bargnani,A. Bargnani,andrea-bargnani,,,,15:41,0.324,0.1,0.308,0.0,0.2,0.6,0.5,1.0,0.2,0.556,0.0,0.333,0.0,0.0,0.0,0.375,0.333,0.192
0021500047,1610612751,Brooklyn,Nets,BKN,nets,1626178,Rondae,Hollis-Jefferson,R. Hollis-Jefferson,rondae-hollis-jefferson,,,,4:25,0.0,0.0,0.0,0.0,0.0,0.0,0.0,0.0,0.0,0.0,0.0,0.0,0.0,0.0,0.0,1.0,0.0,0.0
0021500047,1610612751,Brooklyn,Nets,BKN,nets,202711,Bojan,Bogdanovic,B. Bogdanovic,bojan-bogdanovic,,,,25:09,0.25,0.357,0.238,1.0,0.444,0.333,0.333,0.143,0.071,0.095,0.167,0.273,0.667,0.0,0.333,0.077,0.3,0.389
0021500047,1610612751,Brooklyn,Nets,BKN,nets,203080,Thomas,Robinson,T. Robinson,thomas-robinson,,,,9:11,0.158,0.0,0.133,0.0,0.0,0.0,0.0,0.25,0.25,0.25,0.5,0.5,0.0,0.0,1.0,0.667,0.0,0.0
0021500047,1610612751,Brooklyn,Nets,BKN,nets,203499,Shane,Larkin,S. Larkin,shane-larkin,,,,18:07,0.189,0.5,0.179,0.0,0.0,0.0,0.125,0.0,0.375,0.214,0.25,0.333,0.333,0.0,0.0,0.091,0.375,0.385
0021500047,1610612751,Brooklyn,Nets,BKN,nets,201961,Wayne,Ellington,W. Ellington,wayne-ellington,,,,6:48,0.071,0.0,0.083,0.0,0.2,0.0,0.0,0.0,0.0,0.0,0.0,0.0,0.0,0.0,0.0,0.25,0.0,0.0
0021500047,1610612751,Brooklyn,Nets,BKN,nets,203508,Sergey,Karasev,S. Karasev,sergey-karasev,,DNP - Coach's Decision,,,0.0,0.0,0.0,0.0,0.0,0.0,0.0,0.0,0.0,0.0,0.0,0.0,0.0,0.0,0.0,0.0,0.0,0.0
0021500047,1610612751,Brooklyn,Nets,BKN,nets,202388,Donald,Sloan,D. Sloan,donald-sloan,,DNP - Coach's Decision,,,0.0,0.0,0.0,0.0,0.0,0.0,0.0,0.0,0.0,0.0,0.0,0.0,0.0,0.0,0.0,0.0,0.0,0.0
0021500051,1610612763,Memphis,Grizzlies,MEM,grizzlies,2754,Tony,Allen,T. Allen,tony-allen,F,,,12:05,0.226,0.0,0.222,0.0,0.4,0.0,0.0,0.167,0.125,0.143,0.2,1.0,0.5,1.0,0.5,0.5,0.0,0.0
0021500051,1610612763,Memphis,Grizzlies,MEM,grizzlies,2216,Zach,Randolph,Z. Randolph,zach-randolph,F,,,19:11,0.188,0.25,0.22,0.0,0.0,0.0,0.0,0.167,0.222,0.2,0.0,0.0,0.0,0.0,0.222,0.111,0.167,0.174
0021500051,1610612763,Memphis,Grizzlies,MEM,grizzlies,201188,Marc,Gasol,M. Gasol,marc-gasol,C,,,25:40,0.231,0.385,0.222,0.0,0.0,0.3,0.273,0.429,0.375,0.391,0.25,0.286,0.0,0.25,0.0,0.154,0.375,0.351
0021500051,1610612763,Memphis,Grizzlies,MEM,grizzlies,201584,Courtney,Lee,C. Lee,courtney-lee,G,,,24:37,0.194,0.222,0.212,0.0,0.417,0.2,0.273,0.125,0.154,0.143,0.0,0.0,0.2,0.0,0.0,0.25,0.286,0.214
0021500051,1610612763,Memphis,Grizzlies,MEM,grizzlies,201144,Mike,Conley,M. Conley,mike-conley,G,,,26:27,0.159,0.182,0.14,0.0,0.167,0.545,0.538,0.0,0.133,0.087,0.5,0.0,0.2,0.0,0.2,0.083,0.375,0.303
0021500051,1610612763,Memphis,Grizzlies,MEM,grizzlies,201145,Jeff,Green,J. Green,jeff-green,,,,19:36,0.229,0.1,0.2,0.0,0.111,0.0,0.0,0.5,0.133,0.176,0.111,0.6,0.0,0.0,0.5,0.2,0.0,0.08
0021500051,1610612763,Memphis,Grizzlies,MEM,grizzlies,203210,JaMychal,Green,J. Green,jamychal-green,,,,21:27,0.157,0.214,0.2,0.0,0.083,0.0,0.0,0.25,0.158,0.174,0.091,0.0,0.25,0.0,0.0,0.071,0.0,0.171
0021500051,1610612763,Memphis,Grizzlies,MEM,grizzlies,2440,Matt,Barnes,M. Barnes,matt-barnes,,,,26:20,0.219,0.286,0.24,0.333,0.429,0.0,0.0,0.5,0.19,0.24,0.091,0.25,0.5,0.5,0.25,0.333,0.0,0.243
0021500051,1610612763,Memphis,Grizzlies,MEM,grizzlies,2757,Beno,Udrih,B. Udrih,beno-udrih,,,,15:07,0.152,0.0,0.185,0.0,0.25,0.0,0.0,0.0,0.167,0.143,0.5,0.0,0.333,0.0,0.5,0.125,0.167,0.0
0021500051,1610612763,Memphis,Grizzlies,MEM,grizzlies,201148,Brandan,Wright,B. Wright,brandan-wright,,,,19:49,0.159,0.231,0.167,0.0,0.0,0.333,0.286,0.0,0.375,0.316,0.111,0.0,0.0,0.667,0.0,0.182,0.5,0.226
0021500051,1610612763,Memphis,Grizzlies,MEM,grizzlies,1713,Vince,Carter,V. Carter,vince-carter,,,,15:39,0.135,0.1,0.129,0.5,0.375,0.0,0.0,0.0,0.1,0.077,0.0,0.333,0.333,0.0,0.0,0.222,0.0,0.12
0021500051,1610612763,Memphis,Grizzlies,MEM,grizzlies,203919,Jordan,Adams,J. Adams,jordan-adams,,,,7:36,0.25,0.143,0.154,0.0,0.0,0.667,0.6,0.0,0.4,0.333,0.5,1.0,0.333,0.0,0.0,0.4,0.2,0.235
0021500051,1610612763,Memphis,Grizzlies,MEM,grizzlies,203893,Russ,Smith,R. Smith,russ-smith,,,,6:26,0.467,0.667,0.417,0.5,0.286,0.0,1.0,1.0,0.0,0.143,0.0,0.5,0.0,0.0,1.0,0.25,1.0,0.625
0021500051,1610612744,Golden State,Warriors,GSW,warriors,203084,Harrison,Barnes,H. Barnes,harrison-barnes,F,,,20:09,0.174,0.095,0.139,0.0,0.1,0.571,0.571,0.333,0.1,0.13,0.267,0.143,0.333,0.0,0.0,0.0,0.222,0.148
0021500051,1610612744,Golden State,Warriors,GSW,warriors,203110,Draymond,Green,D. Green,draymond-green,F,,,26:57,0.143,0.148,0.146,0.333,0.25,0.0,0.0,0.0,0.273,0.243,0.421,0.2,0.0,0.3,0.0,0.25,0.083,0.149
0021500051,1610612744,Golden State,Warriors,GSW,warriors,203105,Festus,Ezeli,F. Ezeli,festus-ezeli,C,,,20:26,0.146,0.182,0.143,0.0,0.0,0.273,0.231,0.75,0.292,0.357,0.0,0.125,0.0,0.429,0.5,0.333,0.273,0.175
0021500051,1610612744,Golden State,Warriors,GSW,warriors,202691,Klay,Thompson,K. Thompson,klay-thompson,G,,,26:27,0.21,0.222,0.234,0.222,0.188,0.0,0.0,0.0,0.212,0.189,0.105,0.2,0.0,0.2,0.333,0.0,0.0,0.189
0021500051,1610612744,Golden State,Warriors,GSW,warriors,201939,Stephen,Curry,S. Curry,stephen-curry,G,,,28:24,0.299,0.385,0.314,0.444,0.444,0.462,0.375,0.2,0.061,0.079,0.158,0.3,0.5,0.111,0.0,0.25,0.357,0.405
0021500051,1610612744,Golden State,Warriors,GSW,warriors,2738,Andre,Iguodala,A. Iguodala,andre-iguodala,,,,21:30,0.192,0.158,0.19,0.0,0.273,0.0,0.0,0.143,0.087,0.1,0.308,0.4,0.667,0.167,0.0,0.0,0.0,0.113
0021500051,1610612744,Golden State,Warriors,GSW,warriors,201578,Marreese,Speights,M. Speights,marreese-speights,,,,18:53,0.174,0.154,0.235,0.0,0.0,0.0,0.0,0.167,0.389,0.333,0.091,0.0,0.0,0.0,0.6,0.8,0.1,0.103
0021500051,1610612744,Golden State,Warriors,GSW,warriors,2733,Shaun,Livingston,S. Livingston,shaun-livingston,,,,10:19,0.08,0.222,0.095,0.0,0.0,0.0,0.0,0.0,0.2,0.154,0.333,0.0,0.0,0.5,0.0,0.0,0.0,0.19
0021500051,1610612744,Golden State,Warriors,GSW,warriors,2571,Leandro,Barbosa,L. Barbosa,leandro-barbosa,,,,14:55,0.114,0.071,0.154,0.5,0.5,0.0,0.0,0.0,0.0,0.0,0.2,0.0,0.0,0.2,0.5,0.333,0.5,0.094
0021500051,1610612744,Golden State,Warriors,GSW,warriors,201575,Brandon,Rush,B. Rush,brandon-rush,,,,13:22,0.281,0.0,0.238,0.0,0.5,0.286,0.286,0.0,0.333,0.286,0.25,0.667,0.0,0.0,0.0,0.2,0.222,0.077
0021500051,1610612744,Golden State,Warriors,GSW,warriors,203949,James Michael,McAdoo,J. McAdoo,james-michael-mcadoo,,,,16:28,0.237,0.333,0.231,0.0,0.0,0.111,0.467,0.333,0.3,0.304,0.091,0.0,0.0,0.0,1.0,0.143,0.4,0.257
0021500051,1610612744,Golden State,Warriors,GSW,warriors,203546,Ian,Clark,I. Clark,ian-clark,,,,12:00,0.25,0.5,0.235,1.0,0.2,0.667,0.429,0.333,0.143,0.176,0.143,0.0,0.0,0.0,0.0,0.0,0.333,0.577
0021500051,1610612744,Golden State,Warriors,GSW,warriors,201574,Jason,Thompson,J. Thompson,jason-thompson,,,,10:10,0.16,0.125,0.188,0.0,0.0,0.0,0.0,0.5,0.231,0.267,0.286,0.5,1.0,1.0,0.0,0.333,0.0,0.083
0021500056,1610612753,Orlando,Magic,ORL,magic,203095,Evan,Fournier,E. Fournier,evan-fournier,F,,,42:45,0.216,0.308,0.241,0.667,0.529,0.222,0.222,0.0,0.125,0.102,0.174,0.143,0.4,0.0,0.111,0.111,0.222,0.323
0021500056,1610612753,Orlando,Magic,ORL,magic,202699,Tobias,Harris,T. Harris,tobias-harris,F,,,29:23,0.169,0.174,0.193,0.167,0.231,0.0,0.0,0.5,0.333,0.371,0.067,0.091,0.25,0.0,0.286,0.364,0.0,0.158
0021500056,1610612753,Orlando,Magic,ORL,magic,202696,Nikola,Vučević,N. Vučević,nikola-vučević,C,,,33:42,0.293,0.357,0.313,0.0,0.0,0.4,0.4,0.444,0.31,0.342,0.176,0.167,0.2,0.5,0.222,0.273,0.286,0.328
0021500056,1610612753,Orlando,Magic,ORL,magic,203506,Victor,Oladipo,V. Oladipo,victor-oladipo,G,,,35:56,0.129,0.125,0.118,0.143,0.188,0.273,0.273,0.0,0.206,0.167,0.143,0.167,0.0,0.333,0.0,0.167,0.3,0.146
0021500056,1610612753,Orlando,Magic,ORL,magic,203901,Elfrid,Payton,E. Payton,elfrid-payton,G,,,29:28,0.243,0.174,0.218,0.0,0.182,0.0,0.0,0.4,0.069,0.118,0.588,0.417,0.25,0.0,0.333,0.222,0.222,0.14
0021500056,1610612753,Orlando,Magic,ORL,magic,201228,C.J.,Watson,C. Watson,cj-watson,,,,20:27,0.065,0.053,0.029,0.0,0.0,0.6,0.6,0.0,0.111,0.091,0.286,0.125,0.0,0.0,0.0,0.0,0.571,0.109
0021500056,1610612753,Orlando,Magic,ORL,magic,1626209,Mario,Hezonja,M. Hezonja,mario-hezonja,,,,14:31,0.139,0.083,0.077,1.0,0.333,0.0,0.0,0.0,0.154,0.125,0.25,0.375,0.0,0.0,0.0,0.0,0.0,0.103
0021500056,1610612753,Orlando,Magic,ORL,magic,203932,Aaron,Gordon,A. Gordon,aaron-gordon,,,,4:28,0.25,0.2,0.222,0.0,0.0,0.0,0.0,0.0,0.4,0.4,0.0,0.5,0.0,0.0,1.0,1.0,0.0,0.2
0021500056,1610612753,Orlando,Magic,ORL,magic,201160,Jason,Smith,J. Smith,jason-smith,,,,16:16,0.278,0.111,0.286,0.0,0.0,0.333,0.333,0.0,0.188,0.167,0.0,0.2,0.0,0.0,1.0,0.222,0.143,0.14
0021500056,1610612753,Orlando,Magic,ORL,magic,203473,Dewayne,Dedmon,D. Dedmon,dewayne-dedmon,,,,12:11,0.185,0.3,0.263,0.0,0.0,0.0,0.0,0.0,0.308,0.286,0.0,0.0,0.0,1.0,0.0,0.333,0.0,0.207
0021500056,1610612753,Orlando,Magic,ORL,magic,203894,Shabazz,Napier,S. Napier,shabazz-napier,,,,0:53,0.0,0.0,0.0,0.0,0.0,0.0,0.0,0.0,0.0,0.0,0.0,0.0,0.0,0.0,0.0,0.0,0.0,0.0
0021500056,1610612753,Orlando,Magic,ORL,magic,101112,Channing,Frye,C. Frye,channing-frye,,DNP - Coach's Decision,,,0.0,0.0,0.0,0.0,0.0,0.0,0.0,0.0,0.0,0.0,0.0,0.0,0.0,0.0,0.0,0.0,0.0,0.0
0021500056,1610612753,Orlando,Magic,ORL,magic,203094,Andrew,Nicholson,A. Nicholson,andrew-nicholson,,DNP - Coach's Decision,,,0.0,0.0,0.0,0.0,0.0,0.0,0.0,0.0,0.0,0.0,0.0,0.0,0.0,0.0,0.0,0.0,0.0,0.0
0021500056,1610612740,New Orleans,Pelicans,NOP,pelicans,202337,Luke,Babbitt,L. Babbitt,luke-babbitt,F,,,28:10,0.121,0.188,0.167,0.4,0.3,0.0,0.0,0.0,0.348,0.32,0.1,0.0,0.125,0.0,0.0,0.125,0.0,0.163
0021500056,1610612740,New Orleans,Pelicans,NOP,pelicans,203076,Anthony,Davis,A. Davis,anthony-davis,F,,,36:16,0.221,0.125,0.185,0.0,0.074,0.5,0.455,0.143,0.286,0.257,0.063,0.2,0.111,0.625,0.0,0.25,0.429,0.187
0021500056,1610612740,New Orleans,Pelicans,NOP,pelicans,201582,Alexis,Ajinca,A. Ajinca,alexis-ajinca,C,,,20:29,0.118,0.133,0.119,0.0,0.0,0.0,0.0,0.2,0.167,0.174,0.083,0.167,0.0,0.667,0.5,0.333,0.0,0.108
0021500056,1610612740,New Orleans,Pelicans,NOP,pelicans,201569,Eric,Gordon,E. Gordon,eric-gordon,G,,,37:49,0.264,0.296,0.275,0.364,0.4,0.071,0.1,0.143,0.033,0.054,0.2,0.333,0.0,0.0,0.0,0.25,0.083,0.266
0021500056,1610612740,New Orleans,Pelicans,NOP,pelicans,201950,Jrue,Holiday,J. Holiday,jrue-holiday,G,,,23:24,0.352,0.235,0.317,0.25,0.176,0.364,0.375,0.0,0.091,0.08,0.364,0.6,0.5,0.143,0.5,0.0,0.444,0.264
0021500056,1610612740,New Orleans,Pelicans,NOP,pelicans,201962,Toney,Douglas,T. Douglas,toney-douglas,,,,19:32,0.163,0.308,0.15,0.0,0.125,0.333,0.2,0.333,0.364,0.353,0.4,0.286,0.4,0.0,0.0,0.556,0.167,0.273
0021500056,1610612740,New Orleans,Pelicans,NOP,pelicans,201583,Ryan,Anderson,R. Anderson,ryan-anderson,,,,26:36,0.262,0.235,0.3,0.375,0.304,0.273,0.267,0.167,0.2,0.19,0.0,0.0,0.429,0.333,1.0,0.091,0.455,0.264
0021500056,1610612740,New Orleans,Pelicans,NOP,pelicans,201967,Dante,Cunningham,D. Cunningham,dante-cunningham,,,,21:11,0.113,0.125,0.119,0.0,0.118,0.167,0.222,0.167,0.278,0.25,0.077,0.0,0.25,0.0,0.0,0.2,0.1,0.114
0021500056,1610612740,New Orleans,Pelicans,NOP,pelicans,202087,Alonzo,Gee,A. Gee,alonzo-gee,,,,9:57,0.192,0.2,0.2,0.0,0.2,0.0,0.0,0.667,0.0,0.222,0.0,0.25,0.5,0.0,0.0,0.0,0.0,0.143
0021500056,1610612740,New Orleans,Pelicans,NOP,pelicans,202397,Ish,Smith,I. Smith,ish-smith,,,,16:36,0.098,0.1,0.091,0.333,0.1,0.0,0.0,0.2,0.222,0.214,1.0,0.333,0.2,0.0,0.0,0.0,0.0,0.091
0021500056,1610612740,New Orleans,Pelicans,NOP,pelicans,201600,Omer,Asik,O. Asik,omer-asik,,DNP - Coach's Decision,,,0.0,0.0,0.0,0.0,0.0,0.0,0.0,0.0,0.0,0.0,0.0,0.0,0.0,0.0,0.0,0.0,0.0,0.0
0021500057,1610612761,Toronto,Raptors,TOR,raptors,201960,DeMarre,Carroll,D. Carroll,demarre-carroll,F,,,33:38,0.118,0.036,0.138,0.0,0.222,0.063,0.111,0.333,0.13,0.172,0.071,0.0,0.0,0.25,0.0,0.167,0.188,0.041
0021500057,1610612761,Toronto,Raptors,TOR,raptors,2449,Luis,Scola,L. Scola,luis-scola,F,,,31:19,0.183,0.3,0.241,0.333,0.25,0.0,0.0,0.333,0.385,0.375,0.067,0.0,0.333,0.0,0.0,0.125,0.267,0.257
0021500057,1610612761,Toronto,Raptors,TOR,raptors,202685,Jonas,Valančiūnas,J. Valančiūnas,jonas-valančiūnas,C,,,33:41,0.205,0.207,0.175,0.0,0.0,0.2,0.227,0.286,0.231,0.242,0.0,0.364,0.0,0.667,0.0,0.2,0.263,0.198
0021500057,1610612761,Toronto,Raptors,TOR,raptors,201942,DeMar,DeRozan,D. DeRozan,demar-derozan,G,,,28:23,0.297,0.286,0.295,0.0,0.0,0.533,0.471,0.167,0.143,0.148,0.182,0.273,0.143,0.0,0.667,0.176,0.385,0.339
0021500057,1610612761,Toronto,Raptors,TOR,raptors,200768,Kyle,Lowry,K. Lowry,kyle-lowry,G,,,36:49,0.247,0.273,0.238,0.8,0.417,0.263,0.238,0.0,0.172,0.139,0.625,0.308,0.429,0.4,0.0,0.222,0.1,0.3
0021500057,1610612761,Toronto,Raptors,TOR,raptors,203082,Terrence,Ross,T. Ross,terrence-ross,,,,22:50,0.167,0.111,0.186,0.0,0.333,0.0,0.0,0.0,0.059,0.045,0.25,0.143,0.333,0.0,0.0,0.455,0.154,0.091
0021500057,1610612761,Toronto,Raptors,TOR,raptors,202687,Bismack,Biyombo,B. Biyombo,bismack-biyombo,,,,13:38,0.212,0.25,0.16,0.0,0.0,0.333,0.5,0.667,0.4,0.462,0.0,0.5,0.0,0.333,0.5,0.273,0.333,0.238
0021500057,1610612761,Toronto,Raptors,TOR,raptors,202709,Cory,Joseph,C. Joseph,cory-joseph,,,,19:58,0.143,0.111,0.094,0.0,0.0,0.267,0.235,0.0,0.0,0.0,0.5,0.286,0.0,0.0,0.0,0.091,0.167,0.171
0021500057,1610612761,Toronto,Raptors,TOR,raptors,202335,Patrick,Patterson,P. Patterson,patrick-patterson,,,,16:41,0.146,0.0,0.214,0.0,0.333,0.0,0.0,0.25,0.364,0.333,0.0,0.0,0.5,0.0,0.0,0.1,0.0,0.0
0021500057,1610612761,Toronto,Raptors,TOR,raptors,1626181,Norman,Powell,N. Powell,norman-powell,,,,3:05,0.222,0.5,0.333,0.0,0.5,0.0,0.0,0.0,0.333,0.25,0.0,0.0,0.0,0.0,0.0,0.333,0.0,0.5
0021500057,1610612761,Toronto,Raptors,TOR,raptors,203461,Anthony,Bennett,A. Bennett,anthony-bennett,,DNP - Coach's Decision,,,0.0,0.0,0.0,0.0,0.0,0.0,0.0,0.0,0.0,0.0,0.0,0.0,0.0,0.0,0.0,0.0,0.0,0.0
0021500057,1610612761,Toronto,Raptors,TOR,raptors,201949,James,Johnson,J. Johnson,james-johnson,,DNP - Coach's Decision,,,0.0,0.0,0.0,0.0,0.0,0.0,0.0,0.0,0.0,0.0,0.0,0.0,0.0,0.0,0.0,0.0,0.0,0.0
0021500057,1610612761,Toronto,Raptors,TOR,raptors,1626153,Delon,Wright,D. Wright,delon-wright,,DNP - Coach's Decision,,,0.0,0.0,0.0,0.0,0.0,0.0,0.0,0.0,0.0,0.0,0.0,0.0,0.0,0.0,0.0,0.0,0.0,0.0
0021500057,1610612742,Dallas,Mavericks,DAL,mavericks,202718,Chandler,Parsons,C. Parsons,chandler-parsons,F,,,14:17,0.278,0.273,0.214,0.667,0.5,0.333,0.667,0.2,0.1,0.133,0.125,0.5,0.0,0.0,0.0,0.167,0.286,0.321
0021500057,1610612742,Dallas,Mavericks,DAL,mavericks,1717,Dirk,Nowitzki,D. Nowitzki,dirk-nowitzki,F,,,35:11,0.159,0.231,0.161,0.5,0.25,0.231,0.167,0.111,0.286,0.233,0.143,0.2,0.333,0.333,0.0,0.059,0.278,0.254
0021500057,1610612742,Dallas,Mavericks,DAL,mavericks,2585,Zaza,Pachulia,Z. Pachulia,zaza-pachulia,C,,,28:07,0.121,0.056,0.082,0.0,0.0,0.182,0.133,0.625,0.133,0.304,0.0,0.3,0.0,0.0,0.0,0.333,0.25,0.077
0021500057,1610612742,Dallas,Mavericks,DAL,mavericks,202083,Wesley,Matthews,W. Matthews,wesley-matthews,G,,,27:36,0.154,0.158,0.149,0.25,0.25,0.1,0.125,0.125,0.167,0.15,0.333,0.2,0.0,0.0,0.0,0.385,0.235,0.154
0021500057,1610612742,Dallas,Mavericks,DAL,mavericks,101114,Deron,Williams,D. Williams,deron-williams,G,,,36:13,0.207,0.16,0.227,0.167,0.263,0.308,0.235,0.091,0.095,0.094,0.25,0.083,0.0,0.0,0.25,0.19,0.125,0.188
0021500057,1610612742,Dallas,Mavericks,DAL,mavericks,101109,Raymond,Felton,R. Felton,raymond-felton,,,,19:05,0.191,0.214,0.194,0.0,0.0,0.0,0.0,0.0,0.2,0.125,0.0,0.375,0.0,0.0,0.0,0.2,0.0,0.143
0021500057,1610612742,Dallas,Mavericks,DAL,mavericks,203939,Dwight,Powell,D. Powell,dwight-powell,,,,25:46,0.246,0.222,0.311,0.0,0.0,0.182,0.133,0.143,0.429,0.357,0.25,0.0,1.0,0.0,0.6,0.133,0.118,0.2
0021500057,1610612742,Dallas,Mavericks,DAL,mavericks,2734,Devin,Harris,D. Harris,devin-harris,,,,24:17,0.193,0.231,0.182,0.0,0.2,0.375,0.545,0.286,0.2,0.222,0.143,0.125,1.0,0.667,0.25,0.133,0.5,0.25
0021500057,1610612742,Dallas,Mavericks,DAL,mavericks,101111,Charlie,Villanueva,C. Villanueva,charlie-villanueva,,,,4:55,0.267,1.0,0.4,0.0,0.5,0.0,0.0,0.25,0.333,0.286,0.0,0.0,0.0,0.0,0.0,1.0,0.0,0.8
0021500057,1610612742,Dallas,Mavericks,DAL,mavericks,200826,J.J.,Barea,J. Barea,jj-barea,,,,23:12,0.218,0.176,0.227,0.0,0.273,0.222,0.154,0.2,0.059,0.091,0.545,0.167,0.333,0.0,0.25,0.091,0.063,0.174
0021500057,1610612742,Dallas,Mavericks,DAL,mavericks,1626257,Salah,Mejri,S. Mejri,salah-mejri,,,,0:42,0.0,0.0,0.0,0.0,0.0,0.0,0.0,0.0,0.0,0.0,0.0,0.0,0.0,0.0,0.0,0.0,0.0,0.0
0021500057,1610612742,Dallas,Mavericks,DAL,mavericks,1626147,Justin,Anderson,J. Anderson,justin-anderson,,,,0:42,1.0,1.0,1.0,0.0,0.0,0.0,0.0,0.0,0.0,0.0,0.0,0.0,0.0,0.0,0.0,0.0,0.0,1.0
0021500057,1610612742,Dallas,Mavericks,DAL,mavericks,202379,Jeremy,Evans,J. Evans,jeremy-evans,,DNP - Coach's Decision,,,0.0,0.0,0.0,0.0,0.0,0.0,0.0,0.0,0.0,0.0,0.0,0.0,0.0,0.0,0.0,0.0,0.0,0.0
0021500059,1610612743,Denver,Nuggets,DEN,nuggets,201568,Danilo,Gallinari,D. Gallinari,danilo-gallinari,F,,,34:33,0.19,0.176,0.194,0.0,0.0,0.429,0.4,0.444,0.143,0.216,0.125,0.0,0.25,0.2,0.333,0.067,0.35,0.223
0021500059,1610612743,Denver,Nuggets,DEN,nuggets,202702,Kenneth,Faried,K. Faried,kenneth-faried,F,,,39:52,0.216,0.27,0.183,0.0,0.0,0.32,0.276,0.4,0.367,0.375,0.037,0.333,0.0,0.0,0.0,0.111,0.32,0.272
0021500059,1610612743,Denver,Nuggets,DEN,nuggets,201581,JJ,Hickson,J. Hickson,jj-hickson,C,,,24:41,0.161,0.286,0.18,0.0,0.0,0.125,0.3,0.143,0.273,0.241,0.1,0.0,0.0,0.667,0.0,0.333,0.273,0.25
0021500059,1610612743,Denver,Nuggets,DEN,nuggets,203914,Gary,Harris,G. Harris,gary-harris,G,,,21:43,0.161,0.238,0.225,0.5,0.6,0.0,0.05,0.0,0.214,0.143,0.125,0.0,0.5,0.0,0.333,0.167,0.071,0.183
0021500059,1610612743,Denver,Nuggets,DEN,nuggets,1626144,Emmanuel,Mudiay,E. Mudiay,emmanuel-mudiay,G,,,31:28,0.256,0.094,0.228,0.75,0.571,0.143,0.12,0.125,0.04,0.061,0.435,0.667,0.25,0.25,0.333,0.333,0.1,0.135
0021500059,1610612743,Denver,Nuggets,DEN,nuggets,201589,Darrell,Arthur,D. Arthur,darrell-arthur,,,,15:56,0.147,0.077,0.185,0.0,0.083,0.0,0.0,0.0,0.4,0.333,0.111,0.0,0.0,0.333,0.0,0.2,0.286,0.065
0021500059,1610612743,Denver,Nuggets,DEN,nuggets,2749,Jameer,Nelson,J. Nelson,jameer-nelson,,,,25:50,0.19,0.045,0.156,0.0,0.2,0.222,0.222,0.0,0.174,0.148,0.643,0.333,0.0,0.0,0.0,0.235,0.154,0.069
0021500059,1610612743,Denver,Nuggets,DEN,nuggets,203115,Will,Barton,W. Barton,will-barton,,,,21:28,0.163,0.231,0.182,0.0,0.167,0.211,0.19,0.25,0.188,0.2,0.125,0.0,1.0,0.25,0.0,0.182,0.188,0.208
0021500059,1610612743,Denver,Nuggets,DEN,nuggets,2034,Mike,Miller,M. Miller,mike-miller,,,,8:20,0.211,0.6,0.286,1.0,0.571,0.0,0.0,0.0,0.25,0.222,0.0,0.0,0.0,0.0,0.0,0.25,0.0,0.474
0021500059,1610612743,Denver,Nuggets,DEN,nuggets,200751,Randy,Foye,R. Foye,randy-foye,,,,16:09,0.222,0.3,0.269,0.0,0.273,0.0,0.0,0.0,0.0,0.0,0.143,0.167,0.0,0.25,1.0,0.2,0.0,0.2
0021500059,1610612743,Denver,Nuggets,DEN,nuggets,203475,Erick,Green,E. Green,erick-green,,DNP - Coach's Decision,,,0.0,0.0,0.0,0.0,0.0,0.0,0.0,0.0,0.0,0.0,0.0,0.0,0.0,0.0,0.0,0.0,0.0,0.0
0021500059,1610612743,Denver,Nuggets,DEN,nuggets,203999,Nikola,Jokić,N. Jokić,nikola-jokić,,DND - Low back strain.,,,0.0,0.0,0.0,0.0,0.0,0.0,0.0,0.0,0.0,0.0,0.0,0.0,0.0,0.0,0.0,0.0,0.0,0.0
0021500059,1610612743,Denver,Nuggets,DEN,nuggets,203530,Joffrey,Lauvergne,J. Lauvergne,joffrey-lauvergne,,DND - Low back strain.,,,0.0,0.0,0.0,0.0,0.0,0.0,0.0,0.0,0.0,0.0,0.0,0.0,0.0,0.0,0.0,0.0,0.0,0.0
0021500059,1610612747,Los Angeles,Lakers,LAL,lakers,977,Kobe,Bryant,K. Bryant,kobe-bryant,F,,,29:10,0.188,0.143,0.193,0.25,0.357,0.133,0.167,0.143,0.063,0.087,0.333,0.2,0.5,0.0,0.0,0.333,0.083,0.147
0021500059,1610612747,Los Angeles,Lakers,LAL,lakers,203944,Julius,Randle,J. Randle,julius-randle,F,,,32:19,0.221,0.241,0.219,0.0,0.0,0.125,0.15,0.0,0.278,0.2,0.125,0.5,0.143,0.333,0.5,0.111,0.154,0.205
0021500059,1610612747,Los Angeles,Lakers,LAL,lakers,201579,Roy,Hibbert,R. Hibbert,roy-hibbert,C,,,17:28,0.1,0.125,0.094,0.0,0.0,0.2,0.167,0.5,0.1,0.167,0.0,0.0,0.0,0.667,0.0,0.333,0.25,0.13
0021500059,1610612747,Los Angeles,Lakers,LAL,lakers,203903,Jordan,Clarkson,J. Clarkson,jordan-clarkson,G,,,37:12,0.227,0.375,0.284,0.667,0.3,0.087,0.103,0.125,0.1,0.107,0.133,0.0,0.167,0.0,0.25,0.105,0.176,0.323
0021500059,1610612747,Los Angeles,Lakers,LAL,lakers,1626156,D'Angelo,Russell,D. Russell,dangelo-russell,G,,,20:25,0.24,0.143,0.256,0.167,0.417,0.0,0.0,0.0,0.154,0.111,0.462,0.25,0.0,0.0,0.667,0.286,0.0,0.13
0021500059,1610612747,Los Angeles,Lakers,LAL,lakers,101138,Brandon,Bass,B. Bass,brandon-bass,,,,18:42,0.167,0.0,0.133,0.0,0.0,0.133,0.111,0.857,0.091,0.389,0.0,0.375,0.333,0.0,0.0,0.154,0.3,0.054
0021500059,1610612747,Los Angeles,Lakers,LAL,lakers,101150,Lou,Williams,L. Williams,lou-williams,,,,33:27,0.247,0.2,0.204,0.0,0.263,0.615,0.594,0.0,0.25,0.192,0.222,0.0,0.429,1.0,0.167,0.15,0.444,0.353
0021500059,1610612747,Los Angeles,Lakers,LAL,lakers,203527,Ryan,Kelly,R. Kelly,ryan-kelly,,,,9:22,0.13,0.2,0.167,0.0,0.2,0.25,0.2,0.0,0.222,0.154,0.0,0.0,0.0,0.0,0.0,0.167,0.4,0.214
0021500059,1610612747,Los Angeles,Lakers,LAL,lakers,201156,Nick,Young,N. Young,nick-young,,,,15:12,0.135,0.0,0.13,0.0,0.375,0.2,0.167,0.0,0.25,0.188,0.0,0.2,0.2,0.0,0.0,0.0,0.1,0.12
0021500059,1610612747,Los Angeles,Lakers,LAL,lakers,1626273,Marcelo,Huertas,M. Huertas,marcelo-huertas,,,,8:34,0.19,0.0,0.214,0.0,0.2,0.0,0.0,0.0,0.167,0.111,1.0,0.25,0.0,0.0,0.5,0.429,0.0,0.0
0021500059,1610612747,Los Angeles,Lakers,LAL,lakers,204028,Tarik,Black,T. Black,tarik-black,,,,18:09,0.146,0.25,0.143,0.0,0.0,0.059,0.095,1.0,0.6,0.667,0.0,0.2,0.0,0.0,0.0,0.308,0.1,0.163
0021500059,1610612747,Los Angeles,Lakers,LAL,lakers,1626204,Larry,Nance Jr.,L. Nance Jr.,larry-nance-jr,,DNP - Coach's Decision,,,0.0,0.0,0.0,0.0,0.0,0.0,0.0,0.0,0.0,0.0,0.0,0.0,0.0,0.0,0.0,0.0,0.0,0.0
0021500059,1610612747,Los Angeles,Lakers,LAL,lakers,1897,Metta,World Peace,M. World Peace,metta-world-peace,,DNP - Coach's Decision,,,0.0,0.0,0.0,0.0,0.0,0.0,0.0,0.0,0.0,0.0,0.0,0.0,0.0,0.0,0.0,0.0,0.0,0.0
0021500058,1610612763,Memphis,Grizzlies,MEM,grizzlies,2754,Tony,Allen,T. Allen,tony-allen,F,,,20:07,0.07,0.095,0.088,0.5,0.167,0.0,0.0,0.333,0.2,0.222,0.133,0.0,0.0,0.0,0.0,0.4,0.0,0.096
0021500058,1610612763,Memphis,Grizzlies,MEM,grizzlies,2216,Zach,Randolph,Z. Randolph,zach-randolph,F,,,29:08,0.297,0.31,0.275,0.0,0.0,0.154,0.125,0.5,0.4,0.423,0.118,0.571,0.0,0.0,0.0,0.133,0.083,0.274
0021500058,1610612763,Memphis,Grizzlies,MEM,grizzlies,201188,Marc,Gasol,M. Gasol,marc-gasol,C,,,17:38,0.22,0.235,0.242,0.0,0.0,0.0,0.0,0.0,0.167,0.125,0.2,0.167,0.0,0.333,0.0,0.125,0.6,0.2
0021500058,1610612763,Memphis,Grizzlies,MEM,grizzlies,201584,Courtney,Lee,C. Lee,courtney-lee,G,,,30:33,0.2,0.214,0.226,0.0,0.182,0.167,0.133,0.2,0.167,0.172,0.056,0.2,0.333,0.0,1.0,0.222,0.083,0.2
0021500058,1610612763,Memphis,Grizzlies,MEM,grizzlies,201144,Mike,Conley,M. Conley,mike-conley,G,,,25:12,0.204,0.238,0.22,0.5,0.364,0.273,0.214,0.25,0.1,0.125,0.4,0.125,0.5,0.0,0.0,0.182,0.091,0.255
0021500058,1610612763,Memphis,Grizzlies,MEM,grizzlies,201145,Jeff,Green,J. Green,jeff-green,,,,21:58,0.167,0.111,0.19,1.0,0.444,0.0,0.0,0.111,0.188,0.16,0.25,0.125,0.0,0.0,0.0,0.125,0.0,0.111
0021500058,1610612763,Memphis,Grizzlies,MEM,grizzlies,2757,Beno,Udrih,B. Udrih,beno-udrih,,,,21:12,0.189,0.188,0.184,0.0,0.25,0.0,0.0,0.0,0.0,0.0,0.429,0.333,0.5,0.0,0.0,0.263,0.222,0.15
0021500058,1610612763,Memphis,Grizzlies,MEM,grizzlies,2440,Matt,Barnes,M. Barnes,matt-barnes,,,,23:36,0.193,0.056,0.214,0.0,0.357,0.5,0.417,0.0,0.143,0.103,0.25,0.0,0.333,0.667,0.0,0.263,0.3,0.149
0021500058,1610612763,Memphis,Grizzlies,MEM,grizzlies,203210,JaMychal,Green,J. Green,jamychal-green,,,,19:58,0.255,0.364,0.219,0.0,0.083,0.333,0.286,0.571,0.444,0.48,0.0,0.375,0.5,0.0,0.0,0.188,0.182,0.343
0021500058,1610612763,Memphis,Grizzlies,MEM,grizzlies,201148,Brandan,Wright,B. Wright,brandan-wright,,,,27:41,0.136,0.19,0.106,0.0,0.0,0.2,0.467,0.143,0.2,0.188,0.231,0.083,0.0,0.8,0.0,0.143,0.5,0.185
0021500058,1610612763,Memphis,Grizzlies,MEM,grizzlies,203893,Russ,Smith,R. Smith,russ-smith,,,,2:57,0.286,0.0,0.5,0.0,1.0,0.5,0.5,0.0,0.0,0.0,0.0,0.0,0.0,0.0,0.0,0.0,0.5,0.5
0021500058,1610612763,Memphis,Grizzlies,MEM,grizzlies,203919,Jordan,Adams,J. Adams,jordan-adams,,DNP - Coach's Decision,,,0.0,0.0,0.0,0.0,0.0,0.0,0.0,0.0,0.0,0.0,0.0,0.0,0.0,0.0,0.0,0.0,0.0,0.0
0021500058,1610612763,Memphis,Grizzlies,MEM,grizzlies,1713,Vince,Carter,V. Carter,vince-carter,,DNP - Coach's Decision,,,0.0,0.0,0.0,0.0,0.0,0.0,0.0,0.0,0.0,0.0,0.0,0.0,0.0,0.0,0.0,0.0,0.0,0.0
0021500058,1610612758,Sacramento,Kings,SAC,kings,200752,Rudy,Gay,R. Gay,rudy-gay,F,,,31:60,0.304,0.318,0.333,0.167,0.333,0.4,0.25,0.25,0.235,0.238,0.231,0.222,0.2,0.0,0.2,0.214,0.313,0.317
0021500058,1610612758,Sacramento,Kings,SAC,kings,201585,Kosta,Koufos,K. Koufos,kosta-koufos,F,,,26:21,0.14,0.278,0.143,0.0,0.0,0.125,0.154,0.25,0.263,0.261,0.0,0.111,0.5,0.0,0.0,0.313,0.273,0.229
0021500058,1610612758,Sacramento,Kings,SAC,kings,1626161,Willie,Cauley-Stein,W. Cauley-Stein,willie-cauley-stein,C,,,34:02,0.104,0.15,0.075,0.0,0.0,0.15,0.182,0.429,0.25,0.304,0.091,0.125,0.167,1.0,0.0,0.3,0.154,0.141
0021500058,1610612758,Sacramento,Kings,SAC,kings,203463,Ben,McLemore,B. McLemore,ben-mclemore,G,,,20:27,0.152,0.071,0.156,0.0,0.4,0.0,0.0,0.0,0.154,0.125,0.333,0.333,0.0,0.0,0.0,0.375,0.0,0.054
0021500058,1610612758,Sacramento,Kings,SAC,kings,200765,Rajon,Rondo,R. Rondo,rajon-rondo,G,,,26:59,0.23,0.125,0.227,0.0,0.091,0.071,0.222,0.25,0.333,0.316,0.444,0.25,0.25,0.0,0.25,0.083,0.143,0.1
0021500058,1610612758,Sacramento,Kings,SAC,kings,201956,Omri,Casspi,O. Casspi,omri-casspi,,,,22:47,0.212,0.071,0.212,0.2,0.167,0.077,0.19,0.2,0.143,0.158,0.182,0.25,0.5,0.0,0.667,0.182,0.188,0.087
0021500058,1610612758,Sacramento,Kings,SAC,kings,201954,Darren,Collison,D. Collison,darren-collison,,,,30:45,0.214,0.267,0.217,0.5,0.235,0.368,0.276,0.0,0.067,0.05,0.1,0.1,0.143,0.0,0.4,0.077,0.217,0.327
0021500058,1610612758,Sacramento,Kings,SAC,kings,201158,Marco,Belinelli,M. Belinelli,marco-belinelli,,,,24:56,0.218,0.273,0.25,0.667,0.462,0.235,0.231,0.0,0.0,0.0,0.429,0.143,0.0,0.0,0.0,0.3,0.286,0.286
0021500058,1610612758,Sacramento,Kings,SAC,kings,2406,Caron,Butler,C. Butler,caron-butler,,,,9:57,0.125,0.333,0.154,0.0,0.2,0.0,0.0,0.333,0.4,0.375,0.0,0.2,0.0,0.0,0.0,0.0,0.0,0.167
0021500058,1610612758,Sacramento,Kings,SAC,kings,202341,James,Anderson,J. Anderson,james-anderson,,,,4:15,0.3,0.0,0.143,0.0,0.0,1.0,0.571,0.0,0.333,0.333,0.0,0.0,1.0,0.0,0.0,0.0,0.5,0.273
0021500058,1610612758,Sacramento,Kings,SAC,kings,203961,Eric,Moreland,E. Moreland,eric-moreland,,,,4:15,0.2,0.0,0.143,0.0,0.0,0.0,0.286,0.0,0.333,0.333,0.0,0.0,0.0,0.0,1.0,0.0,0.25,0.0
0021500058,1610612758,Sacramento,Kings,SAC,kings,203552,Seth,Curry,S. Curry,seth-curry,,,,3:16,0.25,0.5,0.333,0.0,0.0,0.0,0.0,0.0,0.0,0.0,0.5,0.0,0.0,0.0,0.0,0.0,0.0,0.444
0021500058,1610612758,Sacramento,Kings,SAC,kings,203112,Quincy,Acy,Q. Acy,quincy-acy,,DNP - Coach's Decision,,,0.0,0.0,0.0,0.0,0.0,0.0,0.0,0.0,0.0,0.0,0.0,0.0,0.0,0.0,0.0,0.0,0.0,0.0
0021500055,1610612737,Atlanta,Hawks,ATL,hawks,203145,Kent,Bazemore,K. Bazemore,kent-bazemore,F,,,32:27,0.128,0.174,0.143,0.667,0.214,0.0,0.0,0.0,0.25,0.172,0.176,0.167,0.143,0.0,0.0,0.125,0.0,0.156
0021500055,1610612737,Atlanta,Hawks,ATL,hawks,200794,Paul,Millsap,P. Millsap,paul-millsap,F,,,35:34,0.174,0.143,0.185,0.0,0.188,0.286,0.421,0.364,0.25,0.286,0.15,0.083,0.333,1.0,0.0,0.3,0.5,0.158
0021500055,1610612737,Atlanta,Hawks,ATL,hawks,201143,Al,Horford,A. Horford,al-horford,C,,,33:44,0.22,0.276,0.25,0.0,0.0,0.143,0.111,0.583,0.25,0.361,0.095,0.1,0.143,0.0,0.167,0.091,0.1,0.236
0021500055,1610612737,Atlanta,Hawks,ATL,hawks,2594,Kyle,Korver,K. Korver,kyle-korver,G,,,34:29,0.167,0.133,0.159,0.143,0.333,0.0,0.0,0.0,0.111,0.075,0.15,0.3,0.143,0.0,0.125,0.083,0.0,0.12
0021500055,1610612737,Atlanta,Hawks,ATL,hawks,201952,Jeff,Teague,J. Teague,jeff-teague,G,,,34:23,0.286,0.273,0.254,0.286,0.118,0.667,0.583,0.167,0.154,0.158,0.391,0.333,0.111,0.0,0.286,0.25,0.429,0.317
0021500055,1610612737,Atlanta,Hawks,ATL,hawks,201168,Tiago,Splitter,T. Splitter,tiago-splitter,,,,20:30,0.143,0.154,0.162,0.0,0.0,0.182,0.143,0.25,0.333,0.304,0.167,0.0,0.2,0.0,0.571,0.4,0.083,0.158
0021500055,1610612737,Atlanta,Hawks,ATL,hawks,203471,Dennis,Schröder,D. Schröder,dennis-schröder,,,,16:01,0.297,0.167,0.261,0.0,0.0,0.222,0.167,0.0,0.182,0.133,0.75,0.571,0.333,0.0,0.5,0.5,0.25,0.19
0021500055,1610612737,Atlanta,Hawks,ATL,hawks,203934,Lamar,Patterson,L. Patterson,lamar-patterson,,,,8:01,0.0,0.0,0.0,0.0,0.0,0.0,0.0,0.0,0.0,0.0,0.0,0.0,0.0,0.0,0.0,0.0,0.0,0.0
0021500055,1610612737,Atlanta,Hawks,ATL,hawks,203118,Mike,Scott,M. Scott,mike-scott,,,,12:01,0.2,0.222,0.2,1.0,0.4,0.667,0.667,0.2,0.2,0.2,0.0,0.0,0.0,0.0,0.0,0.25,0.2,0.318
0021500055,1610612737,Atlanta,Hawks,ATL,hawks,203200,Justin,Holiday,J. Holiday,justin-holiday,,,,12:49,0.267,0.3,0.304,0.333,0.625,0.0,0.0,0.0,0.167,0.133,0.167,0.167,1.0,0.0,0.0,0.2,0.4,0.292
0021500055,1610612737,Atlanta,Hawks,ATL,hawks,203501,Tim,Hardaway Jr.,T. Hardaway Jr.,tim-hardaway-jr,,DNP - Coach's Decision,,,0.0,0.0,0.0,0.0,0.0,0.0,0.0,0.0,0.0,0.0,0.0,0.0,0.0,0.0,0.0,0.0,0.0,0.0
0021500055,1610612737,Atlanta,Hawks,ATL,hawks,202714,Shelvin,Mack,S. Mack,shelvin-mack,,DNP - Coach's Decision,,,0.0,0.0,0.0,0.0,0.0,0.0,0.0,0.0,0.0,0.0,0.0,0.0,0.0,0.0,0.0,0.0,0.0,0.0
0021500055,1610612737,Atlanta,Hawks,ATL,hawks,203488,Mike,Muscala,M. Muscala,mike-muscala,,DNP - Coach's Decision,,,0.0,0.0,0.0,0.0,0.0,0.0,0.0,0.0,0.0,0.0,0.0,0.0,0.0,0.0,0.0,0.0,0.0,0.0
0021500055,1610612748,Miami,Heat,MIA,heat,2736,Luol,Deng,L. Deng,luol-deng,F,,,25:04,0.153,0.095,0.205,0.0,0.308,0.0,0.0,0.0,0.143,0.095,0.167,0.0,0.0,0.111,0.0,0.125,0.0,0.075
0021500055,1610612748,Miami,Heat,MIA,heat,2547,Chris,Bosh,C. Bosh,chris-bosh,F,,,39:14,0.149,0.133,0.192,0.333,0.261,0.0,0.0,0.167,0.375,0.318,0.222,0.0,0.333,0.4,0.0,0.235,0.083,0.127
0021500055,1610612748,Miami,Heat,MIA,heat,202355,Hassan,Whiteside,H. Whiteside,hassan-whiteside,C,,,31:02,0.232,0.407,0.231,0.0,0.0,0.111,0.167,0.625,0.409,0.467,0.0,0.273,0.0,0.571,0.0,0.0,0.222,0.343
0021500055,1610612748,Miami,Heat,MIA,heat,2548,Dwyane,Wade,D. Wade,dwyane-wade,G,,,27:09,0.339,0.348,0.319,0.333,0.214,0.444,0.5,0.125,0.0,0.038,0.429,0.4,0.0,0.167,0.0,0.125,0.556,0.362
0021500055,1610612748,Miami,Heat,MIA,heat,201609,Goran,Dragic,G. Dragic,goran-dragic,G,,,32:10,0.227,0.207,0.193,0.75,0.263,0.444,0.333,0.222,0.125,0.152,0.2,0.308,0.6,0.125,0.0,0.2,0.2,0.268
0021500055,1610612748,Miami,Heat,MIA,heat,201177,Josh,McRoberts,J. McRoberts,josh-mcroberts,,,,10:24,0.08,0.0,0.1,0.0,0.222,0.0,0.0,0.0,0.25,0.2,0.5,0.0,0.0,0.0,0.0,0.714,0.0,0.0
0021500055,1610612748,Miami,Heat,MIA,heat,201596,Mario,Chalmers,M. Chalmers,mario-chalmers,,,,21:43,0.185,0.053,0.196,0.0,0.286,0.0,0.0,0.0,0.056,0.04,0.5,0.167,0.333,0.0,1.0,0.25,0.2,0.049
0021500055,1610612748,Miami,Heat,MIA,heat,204020,Tyler,Johnson,T. Johnson,tyler-johnson,,,,20:36,0.16,0.25,0.162,0.0,0.077,0.333,0.4,0.167,0.059,0.087,0.2,0.091,0.333,0.0,0.0,0.083,0.167,0.241
0021500055,1610612748,Miami,Heat,MIA,heat,1626159,Justise,Winslow,J. Winslow,justise-winslow,,,,22:30,0.192,0.143,0.189,0.0,0.214,0.0,0.0,0.25,0.167,0.182,0.0,0.273,0.0,0.0,0.0,0.167,0.0,0.111
0021500055,1610612748,Miami,Heat,MIA,heat,2365,Chris,Andersen,C. Andersen,chris-andersen,,,,10:09,0.167,0.111,0.059,0.0,0.0,1.0,1.0,0.5,0.333,0.364,0.0,0.333,0.0,0.0,0.0,0.25,0.667,0.15
0021500055,1610612748,Miami,Heat,MIA,heat,203516,James,Ennis III,J. Ennis III,james-ennis-iii,,DNP - Coach's Decision,,,0.0,0.0,0.0,0.0,0.0,0.0,0.0,0.0,0.0,0.0,0.0,0.0,0.0,0.0,0.0,0.0,0.0,0.0
0021500055,1610612748,Miami,Heat,MIA,heat,2617,Udonis,Haslem,U. Haslem,udonis-haslem,,DNP - Coach's Decision,,,0.0,0.0,0.0,0.0,0.0,0.0,0.0,0.0,0.0,0.0,0.0,0.0,0.0,0.0,0.0,0.0,0.0,0.0
0021500055,1610612748,Miami,Heat,MIA,heat,1626196,Josh,Richardson,J. Richardson,josh-richardson,,DNP - Coach's Decision,,,0.0,0.0,0.0,0.0,0.0,0.0,0.0,0.0,0.0,0.0,0.0,0.0,0.0,0.0,0.0,0.0,0.0,0.0
0021500054,1610612754,Indiana,Pacers,IND,pacers,101139,CJ,Miles,C. Miles,cj-miles,F,,,29:48,0.171,0.083,0.158,0.4,0.294,0.333,0.333,0.125,0.125,0.125,0.077,0.2,0.2,0.0,0.333,0.1,0.1,0.136
0021500054,1610612754,Indiana,Pacers,IND,pacers,202331,Paul,George,P. George,paul-george,F,,,37:32,0.258,0.185,0.243,0.4,0.35,0.444,0.4,0.182,0.318,0.273,0.375,0.286,0.154,0.0,0.5,0.143,0.286,0.235
0021500054,1610612754,Indiana,Pacers,IND,pacers,101133,Ian,Mahinmi,I. Mahinmi,ian-mahinmi,C,,,5:29,0.071,0.0,0.0,0.0,0.0,0.0,0.0,0.0,0.0,0.0,0.0,0.5,0.0,0.0,0.0,0.333,1.0,0.0
0021500054,1610612754,Indiana,Pacers,IND,pacers,101145,Monta,Ellis,M. Ellis,monta-ellis,G,,,33:25,0.244,0.28,0.262,0.2,0.211,0.0,0.0,0.125,0.111,0.115,0.214,0.25,0.25,0.0,0.0,0.364,0.083,0.234
0021500054,1610612754,Indiana,Pacers,IND,pacers,201588,George,Hill,G. Hill,george-hill,G,,,36:19,0.143,0.161,0.171,0.333,0.3,0.0,0.0,0.1,0.238,0.194,0.353,0.0,0.4,0.25,0.333,0.063,0.267,0.167
0021500054,1610612754,Indiana,Pacers,IND,pacers,1626167,Myles,Turner,M. Turner,myles-turner,,,,15:29,0.125,0.273,0.174,0.0,0.0,0.0,0.0,0.0,0.4,0.364,0.0,0.0,0.5,0.75,0.0,0.5,0.0,0.214
0021500054,1610612754,Indiana,Pacers,IND,pacers,201155,Rodney,Stuckey,R. Stuckey,rodney-stuckey,,,,26:16,0.3,0.45,0.311,0.0,0.143,0.556,0.6,0.0,0.19,0.148,0.182,0.222,0.125,0.0,0.0,0.182,0.667,0.442
0021500054,1610612754,Indiana,Pacers,IND,pacers,202730,Lavoy,Allen,L. Allen,lavoy-allen,,,,21:53,0.18,0.125,0.184,0.0,0.0,0.0,0.0,0.6,0.167,0.261,0.222,0.25,0.143,0.25,0.0,0.091,0.0,0.098
0021500054,1610612754,Indiana,Pacers,IND,pacers,201978,Chase,Budinger,C. Budinger,chase-budinger,,,,10:28,0.0,0.0,0.0,0.0,0.0,0.0,0.0,0.0,0.125,0.111,0.0,0.0,0.0,0.0,0.0,0.2,0.0,0.0
0021500054,1610612754,Indiana,Pacers,IND,pacers,201941,Jordan,Hill,J. Hill,jordan-hill,,,,23:21,0.172,0.25,0.191,0.0,0.0,0.0,0.0,0.444,0.133,0.25,0.083,0.143,0.143,0.0,0.5,0.375,0.0,0.204
0021500054,1610612754,Indiana,Pacers,IND,pacers,203524,Solomon,Hill,S. Hill,solomon-hill,,DNP - Coach's Decision,,,0.0,0.0,0.0,0.0,0.0,0.0,0.0,0.0,0.0,0.0,0.0,0.0,0.0,0.0,0.0,0.0,0.0,0.0
0021500054,1610612754,Indiana,Pacers,IND,pacers,203922,Glenn,Robinson III,G. Robinson III,glenn-robinson-iii,,DNP - Coach's Decision,,,0.0,0.0,0.0,0.0,0.0,0.0,0.0,0.0,0.0,0.0,0.0,0.0,0.0,0.0,0.0,0.0,0.0,0.0
0021500054,1610612754,Indiana,Pacers,IND,pacers,1626202,Joe,Young,J. Young,joe-young,,DNP - Coach's Decision,,,0.0,0.0,0.0,0.0,0.0,0.0,0.0,0.0,0.0,0.0,0.0,0.0,0.0,0.0,0.0,0.0,0.0,0.0
0021500054,1610612765,Detroit,Pistons,DET,pistons,202694,Marcus,Morris Sr.,M. Morris Sr.,marcus-morris-sr,F,,,39:00,0.175,0.103,0.159,0.2,0.333,0.5,0.333,0.176,0.154,0.163,0.0,0.2,0.333,0.5,0.0,0.154,0.154,0.155
0021500054,1610612765,Detroit,Pistons,DET,pistons,101141,Ersan,Ilyasova,E. Ilyasova,ersan-ilyasova,F,,,34:36,0.153,0.192,0.213,0.4,0.235,0.0,0.0,0.267,0.0,0.103,0.0,0.0,0.333,0.0,0.0,0.0,0.167,0.185
0021500054,1610612765,Detroit,Pistons,DET,pistons,203083,Andre,Drummond,A. Drummond,andre-drummond,C,,,43:13,0.204,0.364,0.215,0.0,0.0,0.091,0.118,0.579,0.6,0.592,0.0,0.2,0.375,0.25,0.0,0.167,0.167,0.305
0021500054,1610612765,Detroit,Pistons,DET,pistons,203484,Kentavious,Caldwell-Pope,K. Caldwell-Pope,kentavious-caldwell-pope,G,,,41:46,0.163,0.125,0.171,0.0,0.167,0.364,0.333,0.0,0.179,0.109,0.385,0.105,0.167,0.0,0.4,0.176,0.333,0.15
0021500054,1610612765,Detroit,Pistons,DET,pistons,202704,Reggie,Jackson,R. Jackson,reggie-jackson,G,,,34:17,0.318,0.286,0.323,0.4,0.267,0.222,0.2,0.0,0.0,0.0,0.545,0.375,0.25,0.333,0.667,0.3,0.167,0.286
0021500054,1610612765,Detroit,Pistons,DET,pistons,1626169,Stanley,Johnson,S. Johnson,stanley-johnson,,,,11:33,0.207,0.0,0.227,0.0,0.143,0.0,0.286,0.333,0.286,0.3,0.667,0.25,0.0,0.0,0.5,0.4,0.143,0.0
0021500054,1610612765,Detroit,Pistons,DET,pistons,2581,Steve,Blake,S. Blake,steve-blake,,,,6:39,0.286,0.0,0.1,0.0,0.333,0.0,0.0,0.0,0.0,0.0,1.0,0.75,0.0,1.0,0.0,0.5,0.5,0.0
0021500054,1610612765,Detroit,Pistons,DET,pistons,203382,Aron,Baynes,A. Baynes,aron-baynes,,,,4:47,0.1,0.0,0.143,0.0,0.0,0.0,0.0,0.0,0.0,0.0,0.0,0.0,0.0,0.0,0.0,0.0,0.0,0.0
0021500054,1610612765,Detroit,Pistons,DET,pistons,201229,Anthony,Tolliver,A. Tolliver,anthony-tolliver,,,,13:24,0.088,0.0,0.08,0.0,0.4,0.0,0.0,0.0,0.143,0.091,0.0,0.167,0.0,0.0,0.0,0.1,0.0,0.0
0021500054,1610612765,Detroit,Pistons,DET,pistons,203493,Reggie,Bullock Jr.,R. Bullock Jr.,reggie-bullock-jr,,,,3:41,0.25,0.0,0.4,0.0,1.0,0.0,0.0,0.0,0.0,0.0,0.0,0.0,0.0,0.0,0.0,0.0,0.0,0.0
0021500054,1610612765,Detroit,Pistons,DET,pistons,203915,Spencer,Dinwiddie,S. Dinwiddie,spencer-dinwiddie,,,,7:04,0.211,0.25,0.071,0.0,0.0,0.0,0.286,0.0,0.2,0.111,0.0,0.667,0.0,0.0,0.0,0.429,0.4,0.2
0021500054,1610612765,Detroit,Pistons,DET,pistons,201202,Joel,Anthony,J. Anthony,joel-anthony,,DNP - Coach's Decision,,,0.0,0.0,0.0,0.0,0.0,0.0,0.0,0.0,0.0,0.0,0.0,0.0,0.0,0.0,0.0,0.0,0.0,0.0
0021500054,1610612765,Detroit,Pistons,DET,pistons,1626199,Darrun,Hilliard,D. Hilliard,darrun-hilliard,,DNP - Coach's Decision,,,0.0,0.0,0.0,0.0,0.0,0.0,0.0,0.0,0.0,0.0,0.0,0.0,0.0,0.0,0.0,0.0,0.0,0.0
0021500053,1610612741,Chicago,Bulls,CHI,bulls,203503,Tony,Snell,T. Snell,tony-snell,F,,,25:01,0.088,0.0,0.083,0.0,0.0,0.0,0.0,0.0,0.143,0.125,0.286,0.2,0.333,0.0,0.0,0.25,0.0,0.0
0021500053,1610612741,Chicago,Bulls,CHI,bulls,202703,Nikola,Mirotic,N. Mirotic,nikola-mirotic,F,,,23:58,0.255,0.105,0.244,0.125,0.278,0.0,0.0,0.5,0.267,0.294,0.154,0.5,0.0,0.0,0.333,0.143,0.0,0.104
0021500053,1610612741,Chicago,Bulls,CHI,bulls,2200,Pau,Gasol,P. Gasol,pau-gasol,C,,,23:28,0.24,0.316,0.256,0.0,0.056,0.5,0.4,0.5,0.412,0.421,0.214,0.0,0.0,0.0,0.333,0.0,0.5,0.271
0021500053,1610612741,Chicago,Bulls,CHI,bulls,202710,Jimmy,Butler III,J. Butler III,jimmy-butler-iii,G,,,32:05,0.257,0.37,0.271,0.364,0.273,0.667,0.714,0.0,0.05,0.043,0.063,0.0,0.667,0.0,0.0,0.182,0.571,0.382
0021500053,1610612741,Chicago,Bulls,CHI,bulls,201565,Derrick,Rose,D. Rose,derrick-rose,G,,,23:52,0.2,0.105,0.19,0.0,0.214,0.0,0.0,0.0,0.125,0.111,0.333,0.25,0.0,0.0,0.25,0.0,0.0,0.091
0021500053,1610612741,Chicago,Bulls,CHI,bulls,201149,Joakim,Noah,J. Noah,joakim-noah,,,,17:03,0.128,0.0,0.034,0.0,0.0,0.0,0.0,0.0,0.556,0.5,0.25,0.571,0.0,0.0,0.0,0.4,0.0,0.0
0021500053,1610612741,Chicago,Bulls,CHI,bulls,203926,Doug,McDermott,D. McDermott,doug-mcdermott,,,,30:08,0.171,0.2,0.203,0.556,0.471,0.0,0.0,0.0,0.222,0.19,0.188,0.0,0.333,0.0,0.0,0.154,0.167,0.243
0021500053,1610612741,Chicago,Bulls,CHI,bulls,201166,Aaron,Brooks,A. Brooks,aaron-brooks,,,,17:00,0.211,0.313,0.258,0.571,0.385,0.0,0.0,0.0,0.0,0.0,0.571,0.0,0.333,0.0,0.0,0.4,0.2,0.333
0021500053,1610612741,Chicago,Bulls,CHI,bulls,201959,Taj,Gibson,T. Gibson,taj-gibson,,,,16:06,0.108,0.2,0.107,0.0,0.0,0.0,0.333,1.0,0.222,0.3,0.125,0.143,0.0,0.0,0.0,0.111,0.5,0.167
0021500053,1610612741,Chicago,Bulls,CHI,bulls,202734,E'Twaun,Moore,E. Moore,etwaun-moore,,,,15:55,0.222,0.235,0.226,0.0,0.125,0.0,0.0,0.0,0.0,0.0,0.1,0.2,0.0,0.0,1.0,0.125,0.0,0.216
0021500053,1610612741,Chicago,Bulls,CHI,bulls,1626171,Bobby,Portis,B. Portis,bobby-portis,,,,9:44,0.348,0.385,0.333,0.0,0.0,0.0,0.0,1.0,0.2,0.333,0.0,0.5,0.0,0.0,0.0,0.25,0.0,0.357
0021500053,1610612741,Chicago,Bulls,CHI,bulls,203946,Cameron,Bairstow,C. Bairstow,cameron-bairstow,,,,5:41,0.133,0.125,0.143,0.0,1.0,0.0,0.0,0.0,0.333,0.25,0.0,0.0,0.0,0.0,0.0,0.5,0.0,0.125
0021500053,1610612741,Chicago,Bulls,CHI,bulls,1626245,Cristiano,Felicio,C. Felicio,cristiano-felicio,,DNP - Coach's Decision,,,0.0,0.0,0.0,0.0,0.0,0.0,0.0,0.0,0.0,0.0,0.0,0.0,0.0,0.0,0.0,0.0,0.0,0.0
0021500053,1610612766,Charlotte,Hornets,CHA,hornets,203798,PJ,Hairston,P. Hairston,pj-hairston,F,,,19:54,0.133,0.176,0.135,0.5,0.429,0.25,0.25,0.0,0.294,0.227,0.0,0.0,0.0,0.0,0.0,0.5,0.333,0.217
0021500053,1610612766,Charlotte,Hornets,CHA,hornets,101107,Marvin,Williams,M. Williams,marvin-williams,F,,,25:02,0.107,0.074,0.125,0.0,0.182,0.0,0.0,0.333,0.348,0.345,0.176,0.0,0.0,0.0,0.0,0.0,0.125,0.058
0021500053,1610612766,Charlotte,Hornets,CHA,hornets,2744,Al,Jefferson,A. Jefferson,al-jefferson,C,,,21:17,0.261,0.412,0.308,0.0,0.0,0.0,0.0,0.333,0.056,0.125,0.2,0.0,1.0,0.333,0.0,0.5,0.0,0.304
0021500053,1610612766,Charlotte,Hornets,CHA,hornets,201587,Nicolas,Batum,N. Batum,nicolas-batum,G,,,28:27,0.25,0.138,0.212,0.125,0.154,0.692,0.643,0.0,0.32,0.267,0.214,0.2,0.0,0.0,0.0,0.143,0.364,0.228
0021500053,1610612766,Charlotte,Hornets,CHA,hornets,202689,Kemba,Walker,K. Walker,kemba-walker,G,,,26:04,0.237,0.25,0.245,0.167,0.182,0.0,0.0,0.167,0.043,0.069,0.417,0.5,0.0,0.667,0.0,0.0,0.125,0.2
0021500053,1610612766,Charlotte,Hornets,CHA,hornets,203469,Cody,Zeller,C. Zeller,cody-zeller,,,,16:19,0.184,0.118,0.172,0.0,0.143,0.167,0.154,0.667,0.188,0.263,0.125,0.333,0.5,0.0,0.0,0.0,0.091,0.118
0021500053,1610612766,Charlotte,Hornets,CHA,hornets,203087,Jeremy,Lamb,J. Lamb,jeremy-lamb,,,,25:34,0.177,0.321,0.204,0.222,0.214,0.0,0.067,0.0,0.19,0.148,0.214,0.143,0.5,0.0,0.0,0.0,0.077,0.253
0021500053,1610612766,Charlotte,Hornets,CHA,hornets,201150,Spencer,Hawes,S. Hawes,spencer-hawes,,,,19:35,0.156,0.208,0.162,0.333,0.25,0.0,0.0,0.0,0.188,0.167,0.143,0.333,0.0,0.0,0.0,0.333,0.091,0.194
0021500053,1610612766,Charlotte,Hornets,CHA,hornets,202391,Jeremy,Lin,J. Lin,jeremy-lin,,,,18:47,0.25,0.182,0.222,0.25,0.182,0.714,0.714,0.25,0.25,0.25,0.286,0.333,0.0,1.0,0.0,0.25,0.667,0.254
0021500053,1610612766,Charlotte,Hornets,CHA,hornets,1626163,Frank,Kaminsky,F. Kaminsky,frank-kaminsky,,,,20:31,0.115,0.111,0.143,0.25,0.167,0.0,0.0,0.143,0.154,0.15,0.25,0.0,0.333,0.0,0.0,0.0,0.0,0.12
0021500053,1610612766,Charlotte,Hornets,CHA,hornets,201946,Tyler,Hansbrough,T. Hansbrough,tyler-hansbrough,,,,7:08,0.333,0.167,0.267,0.0,0.0,1.0,1.0,0.75,0.0,0.3,0.0,0.25,0.0,0.0,0.0,0.5,1.0,0.353
0021500053,1610612766,Charlotte,Hornets,CHA,hornets,203148,Brian,Roberts,B. Roberts,brian-roberts,,,,5:41,0.188,0.333,0.273,0.0,0.333,0.0,0.0,0.0,0.0,0.0,0.0,0.0,0.0,0.0,0.0,0.0,0.0,0.182
0021500053,1610612766,Charlotte,Hornets,CHA,hornets,203584,Troy,Daniels,T. Daniels,troy-daniels,,,,5:41,0.25,0.333,0.273,1.0,0.667,0.0,0.0,0.0,0.333,0.167,0.0,0.333,0.0,0.0,0.0,1.0,0.0,0.273
0021500068,1610612757,Portland,Trail Blazers,POR,blazers,202329,Al-Farouq,Aminu,A. Aminu,al-farouq-aminu,F,,,35:59,0.141,0.156,0.153,0.111,0.111,0.2,0.208,0.091,0.28,0.222,0.125,0.143,0.4,0.0,0.143,0.188,0.25,0.157
0021500068,1610612757,Portland,Trail Blazers,POR,blazers,203086,Meyers,Leonard,M. Leonard,meyers-leonard,F,,,11:26,0.083,0.1,0.118,0.0,0.167,0.0,0.0,0.0,0.0,0.0,0.0,0.0,0.0,0.667,0.0,1.0,0.0,0.08
0021500068,1610612757,Portland,Trail Blazers,POR,blazers,203486,Mason,Plumlee,M. Plumlee,mason-plumlee,C,,,34:32,0.22,0.156,0.158,0.0,0.0,0.222,0.375,0.3,0.481,0.432,0.333,0.357,0.4,0.4,0.0,0.308,0.333,0.148
0021500068,1610612757,Portland,Trail Blazers,POR,blazers,203468,CJ,McCollum,C. McCollum,cj-mccollum,G,,,35:26,0.221,0.313,0.217,0.333,0.278,0.364,0.261,0.0,0.04,0.027,0.444,0.214,0.0,0.0,0.0,0.105,0.2,0.321
0021500068,1610612757,Portland,Trail Blazers,POR,blazers,203081,Damian,Lillard,D. Lillard,damian-lillard,G,,,40:07,0.366,0.389,0.415,0.556,0.55,0.2,0.077,0.0,0.133,0.1,0.333,0.4,0.25,0.0,0.667,0.158,0.118,0.385
0021500068,1610612757,Portland,Trail Blazers,POR,blazers,203459,Allen,Crabbe,A. Crabbe,allen-crabbe,,,,21:06,0.078,0.0,0.094,0.0,0.154,0.111,0.118,0.5,0.067,0.158,0.0,0.0,0.0,0.0,0.0,0.1,0.167,0.02
0021500068,1610612757,Portland,Trail Blazers,POR,blazers,202334,Ed,Davis,E. Davis,ed-davis,,,,19:16,0.093,0.077,0.103,0.0,0.0,0.0,0.2,0.4,0.333,0.353,0.143,0.0,0.0,0.0,0.5,0.313,0.125,0.056
0021500068,1610612757,Portland,Trail Blazers,POR,blazers,203090,Maurice,Harkless,M. Harkless,maurice-harkless,,,,28:51,0.174,0.2,0.163,0.286,0.118,0.3,0.2,0.556,0.25,0.345,0.0,0.2,0.0,0.75,0.2,0.143,0.2,0.224
0021500068,1610612757,Portland,Trail Blazers,POR,blazers,203943,Noah,Vonleh,N. Vonleh,noah-vonleh,,,,13:18,0.167,0.0,0.176,0.0,0.333,0.143,0.167,0.0,0.0,0.0,0.0,0.167,0.0,0.0,0.0,0.3,0.2,0.043
0021500068,1610612757,Portland,Trail Blazers,POR,blazers,1626192,Pat,Connaughton,P. Connaughton,pat-connaughton,,DNP - Coach's Decision,,,0.0,0.0,0.0,0.0,0.0,0.0,0.0,0.0,0.0,0.0,0.0,0.0,0.0,0.0,0.0,0.0,0.0,0.0
0021500068,1610612757,Portland,Trail Blazers,POR,blazers,204025,Tim,Frazier,T. Frazier,tim-frazier,,DNP - Coach's Decision,,,0.0,0.0,0.0,0.0,0.0,0.0,0.0,0.0,0.0,0.0,0.0,0.0,0.0,0.0,0.0,0.0,0.0,0.0
0021500068,1610612757,Portland,Trail Blazers,POR,blazers,2549,Chris,Kaman,C. Kaman,chris-kaman,,DNP - Coach's Decision,,,0.0,0.0,0.0,0.0,0.0,0.0,0.0,0.0,0.0,0.0,0.0,0.0,0.0,0.0,0.0,0.0,0.0,0.0
0021500068,1610612757,Portland,Trail Blazers,POR,blazers,1626242,Luis,Montero,L. Montero,luis-montero,,DNP - Coach's Decision,,,0.0,0.0,0.0,0.0,0.0,0.0,0.0,0.0,0.0,0.0,0.0,0.0,0.0,0.0,0.0,0.0,0.0,0.0
0021500068,1610612762,Utah,Jazz,UTA,jazz,202330,Gordon,Hayward,G. Hayward,gordon-hayward,F,,,37:50,0.291,0.259,0.303,0.333,0.278,0.267,0.261,0.0,0.118,0.074,0.0,0.25,0.0,0.0,0.0,0.118,0.444,0.264
0021500068,1610612762,Utah,Jazz,UTA,jazz,202324,Derrick,Favors,D. Favors,derrick-favors,F,,,24:36,0.186,0.118,0.152,0.0,0.0,0.143,0.273,0.4,0.5,0.455,0.167,0.5,0.571,0.5,0.333,0.4,0.176,0.12
0021500068,1610612762,Utah,Jazz,UTA,jazz,203497,Rudy,Gobert,R. Gobert,rudy-gobert,C,,,30:07,0.132,0.182,0.107,0.0,0.0,0.0,0.154,0.556,0.364,0.45,0.0,0.4,0.167,0.667,0.0,0.2,0.167,0.143
0021500068,1610612762,Utah,Jazz,UTA,jazz,203918,Rodney,Hood,R. Hood,rodney-hood,G,,,23:09,0.216,0.286,0.25,0.0,0.333,0.2,0.133,0.143,0.125,0.133,0.8,0.0,0.167,0.0,0.25,0.333,0.077,0.256
0021500068,1610612762,Utah,Jazz,UTA,jazz,203526,Raul,Neto,R. Neto,raul-neto,G,,,15:26,0.162,0.2,0.161,1.0,0.455,0.0,0.0,0.143,0.286,0.214,0.0,0.5,0.25,0.0,0.0,0.0,0.167,0.24
0021500068,1610612762,Utah,Jazz,UTA,jazz,203504,Trey,Burke,T. Burke,trey-burke,,,,26:22,0.235,0.389,0.26,0.333,0.364,0.143,0.083,0.111,0.071,0.087,0.0,0.5,0.143,0.0,0.0,0.071,0.071,0.321
0021500068,1610612762,Utah,Jazz,UTA,jazz,202344,Trevor,Booker,T. Booker,trevor-booker,,,,12:60,0.167,0.0,0.2,0.0,0.0,0.0,0.0,0.286,0.1,0.176,0.0,0.0,0.4,1.0,0.25,0.2,0.0,0.0
0021500068,1610612762,Utah,Jazz,UTA,jazz,202692,Alec,Burks,A. Burks,alec-burks,,,,32:16,0.253,0.217,0.228,0.0,0.133,0.579,0.556,0.125,0.15,0.143,0.2,0.0,0.143,0.0,0.4,0.231,0.421,0.304
0021500068,1610612762,Utah,Jazz,UTA,jazz,1626168,Trey,Lyles,T. Lyles,trey-lyles,,,,9:07,0.083,0.0,0.111,0.0,0.167,0.0,0.0,0.0,0.0,0.0,1.0,0.0,0.0,0.0,0.0,0.2,0.0,0.0
0021500068,1610612762,Utah,Jazz,UTA,jazz,204060,Joe,Ingles,J. Ingles,joe-ingles,,,,21:02,0.064,0.125,0.097,0.333,0.2,0.0,0.0,0.5,0.308,0.333,0.5,0.0,0.333,0.0,0.0,0.1,0.0,0.106
0021500068,1610612762,Utah,Jazz,UTA,jazz,202407,Elijah,Millsap,E. Millsap,elijah-millsap,,,,6:11,0.15,0.0,0.154,0.0,0.2,0.0,0.0,0.0,0.0,0.0,0.0,0.5,0.0,0.5,0.5,0.5,0.25,0.0
0021500068,1610612762,Utah,Jazz,UTA,jazz,203187,Chris,Johnson,C. Johnson,chris-johnson,,,,0:54,0.25,0.0,0.5,0.0,0.5,0.0,0.0,0.0,0.0,0.0,0.0,0.0,0.0,0.0,0.0,0.0,0.0,0.0
0021500068,1610612762,Utah,Jazz,UTA,jazz,202353,Tibor,Pleiss,T. Pleiss,tibor-pleiss,,DNP - Coach's Decision,,,0.0,0.0,0.0,0.0,0.0,0.0,0.0,0.0,0.0,0.0,0.0,0.0,0.0,0.0,0.0,0.0,0.0,0.0
0021500069,1610612746,LA,Clippers,LAC,clippers,202362,Lance,Stephenson,L. Stephenson,lance-stephenson,F,,,22:56,0.137,0.077,0.128,0.4,0.333,0.333,0.333,0.0,0.25,0.227,0.176,0.111,0.0,0.0,0.5,0.25,0.1,0.117
0021500069,1610612746,LA,Clippers,LAC,clippers,201933,Blake,Griffin,B. Griffin,blake-griffin,F,,,37:49,0.27,0.286,0.304,0.0,0.125,0.273,0.167,0.286,0.276,0.278,0.286,0.167,0.0,0.25,0.25,0.19,0.222,0.264
0021500069,1610612746,LA,Clippers,LAC,clippers,201599,DeAndre,Jordan,D. Jordan,deandre-jordan,C,,,34:16,0.154,0.152,0.119,0.0,0.0,0.077,0.2,0.833,0.308,0.406,0.048,0.3,0.0,0.5,0.0,0.176,0.263,0.129
0021500069,1610612746,LA,Clippers,LAC,clippers,200755,JJ,Redick,J. Redick,jj-redick,G,,,28:43,0.134,0.172,0.154,0.5,0.333,0.0,0.0,0.0,0.053,0.042,0.158,0.111,0.0,0.0,0.0,0.063,0.063,0.181
0021500069,1610612746,LA,Clippers,LAC,clippers,101108,Chris,Paul,C. Paul,chris-paul,G,,,30:53,0.27,0.31,0.263,0.143,0.176,0.417,0.389,0.0,0.143,0.107,0.474,0.222,0.75,0.0,0.0,0.235,0.353,0.312
0021500069,1610612746,LA,Clippers,LAC,clippers,1718,Paul,Pierce,P. Pierce,paul-pierce,,,,17:56,0.133,0.0,0.086,0.0,0.231,0.5,0.6,0.0,0.286,0.167,0.0,0.0,0.25,0.0,0.0,0.0,0.375,0.125
0021500069,1610612746,LA,Clippers,LAC,clippers,2037,Jamal,Crawford,J. Crawford,jamal-crawford,,,,20:08,0.306,0.267,0.375,0.0,0.231,0.0,0.0,0.4,0.231,0.278,0.2,0.0,0.25,0.0,0.667,0.0,0.167,0.211
0021500069,1610612746,LA,Clippers,LAC,clippers,2746,Josh,Smith,J. Smith,josh-smith,,,,12:53,0.194,0.222,0.16,0.5,0.286,0.0,0.0,0.25,0.2,0.222,0.333,0.667,0.333,0.0,0.0,0.286,0.333,0.238
0021500069,1610612746,LA,Clippers,LAC,clippers,203085,Austin,Rivers,A. Rivers,austin-rivers,,,,24:02,0.143,0.2,0.182,0.0,0.286,0.0,0.0,0.0,0.0,0.0,0.0,0.0,0.0,1.0,0.5,0.462,0.0,0.17
0021500069,1610612746,LA,Clippers,LAC,clippers,202325,Wesley,Johnson,W. Johnson,wesley-johnson,,,,10:24,0.083,0.25,0.1,0.5,0.143,0.0,0.0,0.0,0.0,0.0,0.0,0.0,0.0,0.0,0.0,0.6,0.0,0.238
0021500069,1610612746,LA,Clippers,LAC,clippers,202332,Cole,Aldrich,C. Aldrich,cole-aldrich,,DNP - Coach's Decision,,,0.0,0.0,0.0,0.0,0.0,0.0,0.0,0.0,0.0,0.0,0.0,0.0,0.0,0.0,0.0,0.0,0.0,0.0
0021500069,1610612746,LA,Clippers,LAC,clippers,201601,Luc,Mbah a Moute,L. Mbah a Moute,luc-mbah-a-moute,,DNP - Coach's Decision,,,0.0,0.0,0.0,0.0,0.0,0.0,0.0,0.0,0.0,0.0,0.0,0.0,0.0,0.0,0.0,0.0,0.0,0.0
0021500069,1610612746,LA,Clippers,LAC,clippers,203143,Pablo,Prigioni,P. Prigioni,pablo-prigioni,,DNP - Coach's Decision,,,0.0,0.0,0.0,0.0,0.0,0.0,0.0,0.0,0.0,0.0,0.0,0.0,0.0,0.0,0.0,0.0,0.0,0.0
0021500069,1610612744,Golden State,Warriors,GSW,warriors,203084,Harrison,Barnes,H. Barnes,harrison-barnes,F,,,35:39,0.143,0.156,0.138,0.222,0.167,0.25,0.208,0.333,0.269,0.281,0.13,0.167,0.0,0.2,0.0,0.056,0.222,0.183
0021500069,1610612744,Golden State,Warriors,GSW,warriors,203110,Draymond,Green,D. Green,draymond-green,F,,,39:10,0.17,0.094,0.149,0.1,0.231,0.176,0.174,0.286,0.12,0.156,0.2,0.375,0.4,0.0,0.5,0.25,0.286,0.11
0021500069,1610612744,Golden State,Warriors,GSW,warriors,203105,Festus,Ezeli,F. Ezeli,festus-ezeli,C,,,22:51,0.148,0.286,0.178,0.0,0.0,0.0,0.1,0.2,0.333,0.286,0.118,0.0,0.0,1.0,0.25,0.25,0.091,0.226
0021500069,1610612744,Golden State,Warriors,GSW,warriors,202691,Klay,Thompson,K. Thompson,klay-thompson,G,,,32:27,0.269,0.241,0.295,0.0,0.095,0.154,0.111,0.2,0.2,0.2,0.217,0.286,0.5,0.25,0.0,0.105,0.118,0.2
0021500069,1610612744,Golden State,Warriors,GSW,warriors,201939,Stephen,Curry,S. Curry,stephen-curry,G,,,32:38,0.284,0.296,0.304,0.7,0.5,0.571,0.474,0.0,0.25,0.2,0.2,0.0,0.25,0.0,0.25,0.176,0.235,0.397
0021500069,1610612744,Golden State,Warriors,GSW,warriors,2733,Shaun,Livingston,S. Livingston,shaun-livingston,,,,17:19,0.156,0.167,0.152,0.0,0.0,0.0,0.0,0.2,0.154,0.167,0.375,0.5,0.0,0.0,0.0,0.8,0.0,0.118
0021500069,1610612744,Golden State,Warriors,GSW,warriors,2738,Andre,Iguodala,A. Iguodala,andre-iguodala,,,,31:41,0.132,0.087,0.13,0.0,0.235,0.111,0.167,0.167,0.148,0.152,0.357,0.125,0.333,0.0,0.0,0.231,0.2,0.085
0021500069,1610612744,Golden State,Warriors,GSW,warriors,201578,Marreese,Speights,M. Speights,marreese-speights,,,,14:39,0.278,0.222,0.292,0.0,0.0,0.3,0.333,0.0,0.417,0.333,0.0,0.25,0.0,1.0,0.0,0.0,0.375,0.25
0021500069,1610612744,Golden State,Warriors,GSW,warriors,2571,Leandro,Barbosa,L. Barbosa,leandro-barbosa,,,,13:26,0.182,0.4,0.211,0.0,0.0,0.091,0.154,0.333,0.0,0.067,0.2,0.2,0.0,0.0,0.0,0.333,0.222,0.281
0021500069,1610612744,Golden State,Warriors,GSW,warriors,203949,James Michael,McAdoo,J. McAdoo,james-michael-mcadoo,,,,0:10,0.0,0.0,0.0,0.0,0.0,0.0,0.0,0.0,0.0,0.0,0.0,0.0,0.0,0.0,0.0,0.0,0.0,0.0
0021500069,1610612744,Golden State,Warriors,GSW,warriors,203546,Ian,Clark,I. Clark,ian-clark,,DNP - Coach's Decision,,,0.0,0.0,0.0,0.0,0.0,0.0,0.0,0.0,0.0,0.0,0.0,0.0,0.0,0.0,0.0,0.0,0.0,0.0
0021500069,1610612744,Golden State,Warriors,GSW,warriors,201575,Brandon,Rush,B. Rush,brandon-rush,,DNP - Coach's Decision,,,0.0,0.0,0.0,0.0,0.0,0.0,0.0,0.0,0.0,0.0,0.0,0.0,0.0,0.0,0.0,0.0,0.0,0.0
0021500069,1610612744,Golden State,Warriors,GSW,warriors,201574,Jason,Thompson,J. Thompson,jason-thompson,,DNP - Coach's Decision,,,0.0,0.0,0.0,0.0,0.0,0.0,0.0,0.0,0.0,0.0,0.0,0.0,0.0,0.0,0.0,0.0,0.0,0.0
0021500061,1610612759,San Antonio,Spurs,SAS,spurs,200746,LaMarcus,Aldridge,L. Aldridge,lamarcus-aldridge,F,,,35:06,0.25,0.148,0.222,0.0,0.0,0.222,0.2,0.571,0.355,0.395,0.071,0.385,0.333,0.0,0.0,0.222,0.3,0.149
0021500061,1610612759,San Antonio,Spurs,SAS,spurs,202695,Kawhi,Leonard,K. Leonard,kawhi-leonard,F,,,34:50,0.288,0.4,0.355,0.25,0.286,0.154,0.143,0.429,0.2,0.243,0.0,0.077,0.333,0.0,0.667,0.222,0.167,0.343
0021500061,1610612759,San Antonio,Spurs,SAS,spurs,1495,Tim,Duncan,T. Duncan,tim-duncan,C,,,26:37,0.154,0.188,0.106,0.0,0.0,0.125,0.118,0.25,0.474,0.407,0.556,0.4,0.0,0.0,0.0,0.364,0.091,0.154
0021500061,1610612759,San Antonio,Spurs,SAS,spurs,201980,Danny,Green,D. Green,danny-green,G,,,29:15,0.214,0.143,0.196,0.75,0.615,0.25,0.231,0.0,0.15,0.111,0.154,0.308,0.0,0.5,0.0,0.182,0.182,0.207
0021500061,1610612759,San Antonio,Spurs,SAS,spurs,2225,Tony,Parker,T. Parker,tony-parker,G,,,30:10,0.222,0.286,0.208,0.333,0.091,0.308,0.357,0.0,0.091,0.069,0.364,0.231,0.333,0.0,0.333,0.067,0.273,0.293
0021500061,1610612759,San Antonio,Spurs,SAS,spurs,2564,Boris,Diaw,B. Diaw,boris-diaw,,,,15:28,0.057,0.0,0.038,0.0,0.1,0.2,0.333,0.0,0.063,0.056,0.429,0.0,0.0,0.0,0.0,0.0,0.286,0.029
0021500061,1610612759,San Antonio,Spurs,SAS,spurs,1938,Manu,Ginobili,M. Ginobili,manu-ginobili,,,,21:52,0.16,0.222,0.206,0.5,0.364,0.4,0.333,0.0,0.087,0.077,0.182,0.0,0.5,0.0,0.0,0.0,0.444,0.267
0021500061,1610612759,San Antonio,Spurs,SAS,spurs,201988,Patty,Mills,P. Mills,patty-mills,,,,21:20,0.128,0.1,0.121,0.0,0.154,0.0,0.0,0.0,0.053,0.048,0.083,0.182,0.0,0.0,0.0,0.333,0.0,0.078
0021500061,1610612759,San Antonio,Spurs,SAS,spurs,203937,Kyle,Anderson,K. Anderson,kyle-anderson,,,,4:32,0.3,0.2,0.25,0.0,0.333,1.0,1.0,0.0,0.25,0.2,0.0,0.0,0.0,0.0,0.0,1.0,0.5,0.308
0021500061,1610612759,San Antonio,Spurs,SAS,spurs,2561,David,West,D. West,david-west,,,,11:53,0.077,0.083,0.056,0.0,0.0,0.0,0.0,0.0,0.222,0.2,0.125,0.143,0.0,0.0,0.0,0.4,0.167,0.067
0021500061,1610612759,San Antonio,Spurs,SAS,spurs,2446,Rasual,Butler,R. Butler,rasual-butler,,,,8:56,0.211,0.429,0.4,0.0,0.333,0.0,0.0,0.0,0.286,0.286,0.4,0.0,1.0,1.0,0.0,0.0,0.0,0.3
0021500061,1610612759,San Antonio,Spurs,SAS,spurs,1626246,Boban,Marjanovic,B. Marjanovic,boban-marjanovic,,DNP - Coach's Decision,,,0.0,0.0,0.0,0.0,0.0,0.0,0.0,0.0,0.0,0.0,0.0,0.0,0.0,0.0,0.0,0.0,0.0,0.0
0021500061,1610612759,San Antonio,Spurs,SAS,spurs,203492,Ray,McCallum,R. McCallum,ray-mccallum,,DNP - Coach's Decision,,,0.0,0.0,0.0,0.0,0.0,0.0,0.0,0.0,0.0,0.0,0.0,0.0,0.0,0.0,0.0,0.0,0.0,0.0
0021500061,1610612764,Washington,Wizards,WAS,wizards,203490,Otto,Porter Jr.,O. Porter Jr.,otto-porter-jr,F,,,37:30,0.152,0.235,0.152,0.143,0.05,0.222,0.154,1.0,0.038,0.074,0.091,0.167,0.0,0.333,0.0,0.071,0.118,0.226
0021500061,1610612764,Washington,Wizards,WAS,wizards,2743,Kris,Humphries,K. Humphries,kris-humphries,F,,,22:40,0.152,0.143,0.175,0.25,0.4,0.0,0.0,0.0,0.375,0.353,0.0,0.0,0.0,0.0,0.0,0.25,0.182,0.14
0021500061,1610612764,Washington,Wizards,WAS,wizards,101162,Marcin,Gortat,M. Gortat,marcin-gortat,C,,,28:03,0.21,0.154,0.167,0.0,0.0,0.4,0.333,0.0,0.5,0.4,0.059,0.75,0.0,0.333,0.0,0.273,0.273,0.159
0021500061,1610612764,Washington,Wizards,WAS,wizards,203078,Bradley,Beal,B. Beal,bradley-beal,G,,,36:16,0.288,0.333,0.328,0.5,0.421,0.0,0.0,0.667,0.125,0.185,0.19,0.143,0.375,0.0,0.0,0.273,0.25,0.313
0021500061,1610612764,Washington,Wizards,WAS,wizards,202322,John,Wall,J. Wall,john-wall,G,,,35:20,0.244,0.171,0.235,0.167,0.25,0.5,0.556,0.0,0.091,0.08,0.591,0.25,0.444,0.333,0.0,0.231,0.333,0.202
0021500061,1610612764,Washington,Wizards,WAS,wizards,2403,Nene,Hilario,Nene,nene-hilario,,,,19:57,0.186,0.188,0.152,0.0,0.0,0.0,0.375,0.0,0.231,0.231,0.2,0.333,0.0,0.0,0.0,0.5,0.2,0.154
0021500061,1610612764,Washington,Wizards,WAS,wizards,2400,Drew,Gooden,D. Gooden,drew-gooden,,,,8:08,0.211,0.0,0.308,0.0,0.5,0.0,0.0,1.0,0.5,0.6,0.0,0.0,0.5,0.0,1.0,0.333,0.5,0.0
0021500061,1610612764,Washington,Wizards,WAS,wizards,201196,Ramon,Sessions,R. Sessions,ramon-sessions,,,,16:13,0.194,0.091,0.192,0.5,0.333,1.0,0.4,0.0,0.25,0.222,0.429,0.143,0.5,0.0,0.667,0.0,0.167,0.192
0021500061,1610612764,Washington,Wizards,WAS,wizards,202390,Gary,Neal,G. Neal,gary-neal,,,,15:54,0.162,0.333,0.207,0.333,0.167,0.0,0.0,0.0,0.0,0.0,0.0,0.0,0.0,0.0,0.0,0.1,0.0,0.3
0021500061,1610612764,Washington,Wizards,WAS,wizards,202066,Garrett,Temple,G. Temple,garrett-temple,,,,2:47,0.0,0.0,0.0,0.0,0.0,0.0,0.0,0.0,0.0,0.0,1.0,0.0,0.0,0.0,0.0,0.0,0.0,0.0
0021500061,1610612764,Washington,Wizards,WAS,wizards,201162,Jared,Dudley,J. Dudley,jared-dudley,,,,17:12,0.098,0.105,0.088,0.0,0.111,0.0,0.0,0.0,0.222,0.182,0.083,0.5,0.167,0.0,0.0,0.125,0.0,0.085
0021500061,1610612764,Washington,Wizards,WAS,wizards,201971,DeJuan,Blair,D. Blair,dejuan-blair,,DNP - Coach's Decision,,,0.0,0.0,0.0,0.0,0.0,0.0,0.0,0.0,0.0,0.0,0.0,0.0,0.0,0.0,0.0,0.0,0.0,0.0
0021500061,1610612764,Washington,Wizards,WAS,wizards,1626162,Kelly,Oubre Jr.,K. Oubre Jr.,kelly-oubre-jr,,DNP - Coach's Decision,,,0.0,0.0,0.0,0.0,0.0,0.0,0.0,0.0,0.0,0.0,0.0,0.0,0.0,0.0,0.0,0.0,0.0,0.0
0021500060,1610612738,Boston,Celtics,BOS,celtics,203109,Jae,Crowder,J. Crowder,jae-crowder,F,,,32:55,0.147,0.13,0.096,0.125,0.105,0.313,0.421,0.0,0.273,0.188,0.077,0.182,0.333,0.0,0.0,0.091,0.333,0.171
0021500060,1610612738,Boston,Celtics,BOS,celtics,101161,Amir,Johnson,A. Johnson,amir-johnson,F,,,20:36,0.116,0.0,0.067,0.0,0.1,0.182,0.154,0.0,0.25,0.2,0.1,0.286,0.0,0.0,0.0,0.375,0.1,0.053
0021500060,1610612738,Boston,Celtics,BOS,celtics,203096,Jared,Sullinger,J. Sullinger,jared-sullinger,C,,,27:18,0.188,0.15,0.217,0.143,0.176,0.125,0.105,0.667,0.278,0.407,0.167,0.125,0.4,1.0,0.0,0.375,0.071,0.143
0021500060,1610612738,Boston,Celtics,BOS,celtics,202340,Avery,Bradley,A. Bradley,avery-bradley,G,,,35:26,0.241,0.333,0.262,0.375,0.348,0.143,0.118,0.2,0.136,0.156,0.214,0.2,0.2,0.0,0.0,0.25,0.133,0.3
0021500060,1610612738,Boston,Celtics,BOS,celtics,202738,Isaiah,Thomas,I. Thomas,isaiah-thomas,G,,,35:46,0.302,0.333,0.306,0.444,0.304,0.294,0.238,0.083,0.0,0.028,0.412,0.357,0.286,0.0,0.0,0.059,0.412,0.338
0021500060,1610612738,Boston,Celtics,BOS,celtics,203482,Kelly,Olynyk,K. Olynyk,kelly-olynyk,,,,10:32,0.214,0.0,0.25,0.0,0.286,0.0,0.0,0.25,0.125,0.167,0.0,0.167,0.0,1.0,1.0,0.25,0.0,0.0
0021500060,1610612738,Boston,Celtics,BOS,celtics,1626179,Terry,Rozier,T. Rozier,terry-rozier,,,,6:09,0.353,0.0,0.308,0.0,0.333,0.0,0.0,0.333,0.667,0.556,0.0,0.5,0.0,0.0,0.0,0.5,1.0,0.0
0021500060,1610612738,Boston,Celtics,BOS,celtics,203092,Tyler,Zeller,T. Zeller,tyler-zeller,,,,3:29,0.222,0.0,0.25,0.0,0.0,0.0,0.0,1.0,0.0,0.25,1.0,0.0,0.0,0.0,0.0,0.0,0.0,0.0
0021500060,1610612738,Boston,Celtics,BOS,celtics,202323,Evan,Turner,E. Turner,evan-turner,,,,21:23,0.208,0.294,0.238,0.5,0.2,0.0,0.0,0.0,0.286,0.174,0.571,0.111,0.0,0.333,0.0,0.071,0.0,0.282
0021500060,1610612738,Boston,Celtics,BOS,celtics,201973,Jonas,Jerebko,J. Jerebko,jonas-jerebko,,,,15:32,0.083,0.154,0.077,0.0,0.0,0.0,0.0,0.2,0.25,0.235,0.0,0.111,0.0,0.0,0.0,0.167,0.2,0.133
0021500060,1610612738,Boston,Celtics,BOS,celtics,101135,David,Lee,D. Lee,david-lee,,,,18:12,0.186,0.235,0.182,0.0,0.0,1.0,1.0,0.4,0.286,0.316,0.125,0.111,0.0,0.0,0.0,0.167,0.4,0.244
0021500060,1610612738,Boston,Celtics,BOS,celtics,1626154,RJ,Hunter,R. Hunter,rj-hunter,,,,12:41,0.097,0.083,0.091,0.0,0.2,0.0,0.0,0.0,0.0,0.0,0.0,0.143,0.0,0.0,0.0,0.4,0.0,0.065
0021500060,1610612754,Indiana,Pacers,IND,pacers,202331,Paul,George,P. George,paul-george,F,,,31:11,0.295,0.333,0.3,0.625,0.579,0.313,0.333,0.214,0.304,0.27,0.214,0.25,0.667,0.0,0.25,0.333,0.308,0.361
0021500060,1610612754,Indiana,Pacers,IND,pacers,202730,Lavoy,Allen,L. Allen,lavoy-allen,F,,,28:38,0.137,0.13,0.14,0.0,0.0,0.125,0.2,0.429,0.238,0.314,0.077,0.111,0.0,0.0,0.333,0.333,0.25,0.115
0021500060,1610612754,Indiana,Pacers,IND,pacers,201941,Jordan,Hill,J. Hill,jordan-hill,C,,,29:19,0.224,0.304,0.237,0.0,0.0,0.2,0.167,0.267,0.286,0.278,0.0,0.222,0.5,0.0,0.25,0.143,0.111,0.254
0021500060,1610612754,Indiana,Pacers,IND,pacers,101145,Monta,Ellis,M. Ellis,monta-ellis,G,,,33:28,0.226,0.172,0.217,0.167,0.235,0.167,0.143,0.071,0.16,0.128,0.533,0.429,0.167,0.0,0.0,0.143,0.091,0.171
0021500060,1610612754,Indiana,Pacers,IND,pacers,201588,George,Hill,G. Hill,george-hill,G,,,34:03,0.193,0.1,0.164,0.167,0.235,0.25,0.296,0.0,0.091,0.051,0.364,0.25,0.375,0.0,0.25,0.133,0.3,0.152
0021500060,1610612754,Indiana,Pacers,IND,pacers,201155,Rodney,Stuckey,R. Stuckey,rodney-stuckey,,,,27:02,0.167,0.158,0.222,0.333,0.111,0.0,0.0,0.286,0.176,0.208,0.0,0.111,0.0,0.0,0.0,0.3,0.077,0.132
0021500060,1610612754,Indiana,Pacers,IND,pacers,1626167,Myles,Turner,M. Turner,myles-turner,,,,18:29,0.174,0.167,0.188,0.0,0.0,0.3,0.267,0.5,0.091,0.235,0.25,0.0,0.0,1.0,1.0,0.167,0.333,0.2
0021500060,1610612754,Indiana,Pacers,IND,pacers,201978,Chase,Budinger,C. Budinger,chase-budinger,,,,18:38,0.14,0.154,0.162,0.0,0.6,0.0,0.0,0.111,0.25,0.19,0.2,0.2,0.143,0.0,0.0,0.143,0.0,0.118
0021500060,1610612754,Indiana,Pacers,IND,pacers,203922,Glenn,Robinson III,G. Robinson III,glenn-robinson-iii,,,,19:12,0.137,0.25,0.114,0.0,0.0,0.286,0.263,0.111,0.125,0.118,0.0,0.167,0.2,0.0,0.0,0.0,0.214,0.25
0021500060,1610612754,Indiana,Pacers,IND,pacers,203524,Solomon,Hill,S. Hill,solomon-hill,,DNP - Coach's Decision,,,0.0,0.0,0.0,0.0,0.0,0.0,0.0,0.0,0.0,0.0,0.0,0.0,0.0,0.0,0.0,0.0,0.0,0.0
0021500060,1610612754,Indiana,Pacers,IND,pacers,101133,Ian,Mahinmi,I. Mahinmi,ian-mahinmi,,DND - Sore Lower Back,,,0.0,0.0,0.0,0.0,0.0,0.0,0.0,0.0,0.0,0.0,0.0,0.0,0.0,0.0,0.0,0.0,0.0,0.0
0021500060,1610612754,Indiana,Pacers,IND,pacers,101139,CJ,Miles,C. Miles,cj-miles,,DND - Sore Right Ankle,,,0.0,0.0,0.0,0.0,0.0,0.0,0.0,0.0,0.0,0.0,0.0,0.0,0.0,0.0,0.0,0.0,0.0,0.0
0021500060,1610612754,Indiana,Pacers,IND,pacers,1626202,Joe,Young,J. Young,joe-young,,DNP - Coach's Decision,,,0.0,0.0,0.0,0.0,0.0,0.0,0.0,0.0,0.0,0.0,0.0,0.0,0.0,0.0,0.0,0.0,0.0,0.0
0021500066,1610612761,Toronto,Raptors,TOR,raptors,201960,DeMarre,Carroll,D. Carroll,demarre-carroll,F,,,37:26,0.167,0.148,0.188,0.0,0.091,0.192,0.161,0.222,0.192,0.2,0.0,0.1,0.4,0.0,0.5,0.214,0.182,0.157
0021500066,1610612761,Toronto,Raptors,TOR,raptors,2449,Luis,Scola,L. Scola,luis-scola,F,,,19:01,0.136,0.091,0.167,0.0,0.0,0.0,0.0,0.0,0.455,0.385,0.25,0.0,0.167,0.0,0.333,0.0,0.143,0.067
0021500066,1610612761,Toronto,Raptors,TOR,raptors,202685,Jonas,Valančiūnas,J. Valančiūnas,jonas-valančiūnas,C,,,28:41,0.167,0.273,0.164,0.0,0.0,0.227,0.217,0.625,0.286,0.379,0.143,0.167,0.0,0.0,0.0,0.385,0.25,0.25
0021500066,1610612761,Toronto,Raptors,TOR,raptors,201942,DeMar,DeRozan,D. DeRozan,demar-derozan,G,,,38:35,0.303,0.292,0.29,0.0,0.0,0.56,0.536,0.1,0.167,0.147,0.333,0.154,0.182,0.0,0.111,0.067,0.455,0.359
0021500066,1610612761,Toronto,Raptors,TOR,raptors,200768,Kyle,Lowry,K. Lowry,kyle-lowry,G,,,33:51,0.262,0.2,0.237,1.0,0.889,0.143,0.182,0.0,0.167,0.121,0.125,0.556,0.2,0.0,0.1,0.286,0.136,0.21
0021500066,1610612761,Toronto,Raptors,TOR,raptors,202687,Bismack,Biyombo,B. Biyombo,bismack-biyombo,,,,19:19,0.214,0.182,0.167,0.0,0.0,0.3,0.375,0.75,0.167,0.313,0.0,0.222,0.0,0.333,0.0,0.667,0.462,0.2
0021500066,1610612761,Toronto,Raptors,TOR,raptors,202335,Patrick,Patterson,P. Patterson,patrick-patterson,,,,23:21,0.111,0.176,0.147,0.25,0.25,0.0,0.0,0.0,0.143,0.095,0.375,0.111,0.333,0.667,0.0,0.2,0.0,0.132
0021500066,1610612761,Toronto,Raptors,TOR,raptors,203082,Terrence,Ross,T. Ross,terrence-ross,,,,14:16,0.156,0.125,0.2,0.5,0.6,0.0,0.0,0.0,0.2,0.143,0.0,0.167,0.0,0.0,0.0,0.0,0.0,0.125
0021500066,1610612761,Toronto,Raptors,TOR,raptors,202709,Cory,Joseph,C. Joseph,cory-joseph,,,,25:30,0.141,0.2,0.171,0.0,0.0,0.048,0.077,0.143,0.13,0.133,0.429,0.125,0.333,0.0,0.0,0.0,0.056,0.143
0021500066,1610612761,Toronto,Raptors,TOR,raptors,203461,Anthony,Bennett,A. Bennett,anthony-bennett,,DNP - Coach's Decision,,,0.0,0.0,0.0,0.0,0.0,0.0,0.0,0.0,0.0,0.0,0.0,0.0,0.0,0.0,0.0,0.0,0.0,0.0
0021500066,1610612761,Toronto,Raptors,TOR,raptors,201949,James,Johnson,J. Johnson,james-johnson,,DNP - Coach's Decision,,,0.0,0.0,0.0,0.0,0.0,0.0,0.0,0.0,0.0,0.0,0.0,0.0,0.0,0.0,0.0,0.0,0.0,0.0
0021500066,1610612761,Toronto,Raptors,TOR,raptors,1626181,Norman,Powell,N. Powell,norman-powell,,DNP - Coach's Decision,,,0.0,0.0,0.0,0.0,0.0,0.0,0.0,0.0,0.0,0.0,0.0,0.0,0.0,0.0,0.0,0.0,0.0,0.0
0021500066,1610612761,Toronto,Raptors,TOR,raptors,1626153,Delon,Wright,D. Wright,delon-wright,,DNP - Coach's Decision,,,0.0,0.0,0.0,0.0,0.0,0.0,0.0,0.0,0.0,0.0,0.0,0.0,0.0,0.0,0.0,0.0,0.0,0.0
0021500066,1610612760,Oklahoma City,Thunder,OKC,thunder,201142,Kevin,Durant,K. Durant,kevin-durant,F,,,37:41,0.244,0.303,0.265,0.25,0.238,0.417,0.429,0.0,0.304,0.226,0.19,0.091,0.4,0.3,0.0,0.045,0.267,0.314
0021500066,1610612760,Oklahoma City,Thunder,OKC,thunder,201586,Serge,Ibaka,S. Ibaka,serge-ibaka,F,,,32:52,0.122,0.154,0.127,0.0,0.0,0.2,0.167,0.143,0.238,0.214,0.0,0.077,0.0,0.333,0.0,0.238,0.214,0.152
0021500066,1610612760,Oklahoma City,Thunder,OKC,thunder,203500,Steven,Adams,S. Adams,steven-adams,C,,,26:36,0.153,0.2,0.156,0.0,0.0,0.0,0.0,0.75,0.2,0.292,0.063,0.222,0.0,0.4,0.0,0.231,0.182,0.159
0021500066,1610612760,Oklahoma City,Thunder,OKC,thunder,203460,Andre,Roberson,A. Roberson,andre-roberson,G,,,26:44,0.067,0.043,0.07,0.2,0.188,0.222,0.2,0.0,0.056,0.045,0.0,0.0,0.0,0.0,0.0,0.308,0.154,0.083
0021500066,1610612760,Oklahoma City,Thunder,OKC,thunder,201566,Russell,Westbrook,R. Westbrook,russell-westbrook,G,,,35:20,0.388,0.267,0.339,0.5,0.529,0.25,0.286,0.0,0.227,0.167,0.842,0.727,0.5,0.0,0.5,0.2,0.267,0.282
0021500066,1610612760,Oklahoma City,Thunder,OKC,thunder,202683,Enes,Freedom,E. Freedom,enes-freedom,,,,17:19,0.293,0.5,0.344,0.5,0.2,0.0,0.0,0.286,0.4,0.353,0.1,0.125,0.0,0.0,0.333,0.182,0.5,0.484
0021500066,1610612760,Oklahoma City,Thunder,OKC,thunder,203079,Dion,Waiters,D. Waiters,dion-waiters,,,,23:56,0.167,0.188,0.195,0.333,0.333,0.0,0.0,0.429,0.25,0.316,0.083,0.1,0.286,0.0,0.0,0.111,0.0,0.171
0021500066,1610612760,Oklahoma City,Thunder,OKC,thunder,2555,Nick,Collison,N. Collison,nick-collison,,,,15:08,0.118,0.077,0.148,0.0,0.0,0.0,0.0,0.5,0.111,0.231,0.0,0.0,0.667,0.0,0.5,0.25,0.0,0.063
0021500066,1610612760,Oklahoma City,Thunder,OKC,thunder,202713,Kyle,Singler,K. Singler,kyle-singler,,,,5:49,0.071,0.0,0.0,0.0,0.0,0.0,0.0,0.0,0.0,0.0,0.0,0.143,0.0,0.0,0.0,0.6,0.0,0.0
0021500066,1610612760,Oklahoma City,Thunder,OKC,thunder,201571,D.J.,Augustin,D. Augustin,dj-augustin,,,,12:41,0.143,0.0,0.0,0.0,0.0,0.0,0.0,0.0,0.0,0.0,0.429,0.5,0.0,0.0,0.0,0.222,0.0,0.0
0021500066,1610612760,Oklahoma City,Thunder,OKC,thunder,201627,Anthony,Morrow,A. Morrow,anthony-morrow,,,,5:56,0.231,0.0,0.3,0.0,1.0,0.0,0.0,0.0,0.0,0.0,0.0,0.0,0.0,0.0,0.0,0.2,0.0,0.0
0021500066,1610612760,Oklahoma City,Thunder,OKC,thunder,203956,Mitch,McGary,M. McGary,mitch-mcgary,,DNP - Coach's Decision,,,0.0,0.0,0.0,0.0,0.0,0.0,0.0,0.0,0.0,0.0,0.0,0.0,0.0,0.0,0.0,0.0,0.0,0.0
0021500066,1610612760,Oklahoma City,Thunder,OKC,thunder,1626166,Cameron,Payne,C. Payne,cameron-payne,,DNP - Coach's Decision,,,0.0,0.0,0.0,0.0,0.0,0.0,0.0,0.0,0.0,0.0,0.0,0.0,0.0,0.0,0.0,0.0,0.0,0.0
0021500065,1610612755,Philadelphia,76ers,PHI,sixers,203924,Jerami,Grant,J. Grant,jerami-grant,F,,,22:51,0.196,0.143,0.22,0.0,0.2,0.4,0.333,0.167,0.261,0.241,0.214,0.0,0.0,0.667,0.333,0.167,0.091,0.16
0021500065,1610612755,Philadelphia,76ers,PHI,sixers,203457,Nerlens,Noel,N. Noel,nerlens-noel,F,,,33:03,0.267,0.333,0.258,0.0,0.0,0.167,0.286,0.5,0.233,0.3,0.063,0.333,0.25,0.167,0.0,0.333,0.154,0.288
0021500065,1610612755,Philadelphia,76ers,PHI,sixers,1626143,Jahlil,Okafor,J. Okafor,jahlil-okafor,C,,,34:43,0.211,0.36,0.245,0.0,0.0,0.273,0.231,0.167,0.192,0.188,0.0,0.118,0.0,0.286,0.333,0.2,0.231,0.323
0021500065,1610612755,Philadelphia,76ers,PHI,sixers,203917,Nik,Stauskas,N. Stauskas,nik-stauskas,G,,,34:44,0.299,0.185,0.328,0.75,0.667,0.1,0.083,0.125,0.182,0.171,0.222,0.308,0.0,0.0,0.333,0.077,0.176,0.206
0021500065,1610612755,Philadelphia,76ers,PHI,sixers,204456,T.J.,McConnell,T. McConnell,tj-mcconnell,G,,,34:33,0.066,0.107,0.068,0.2,0.053,0.0,0.0,0.111,0.32,0.265,0.632,0.071,0.0,0.0,0.25,0.125,0.25,0.103
0021500065,1610612755,Philadelphia,76ers,PHI,sixers,203138,Hollis,Thompson,H. Thompson,hollis-thompson,,,,27:46,0.194,0.176,0.163,0.333,0.286,0.0,0.0,0.167,0.167,0.167,0.071,0.385,0.333,0.167,0.0,0.118,0.111,0.152
0021500065,1610612755,Philadelphia,76ers,PHI,sixers,1626158,Richaun,Holmes,R. Holmes,richaun-holmes,,,,19:15,0.191,0.182,0.188,0.0,0.182,0.5,0.571,0.167,0.071,0.1,0.0,0.1,0.5,0.0,0.0,0.182,0.429,0.233
0021500065,1610612755,Philadelphia,76ers,PHI,sixers,203960,JaKarr,Sampson,J. Sampson,jakarr-sampson,,,,15:33,0.111,0.111,0.115,0.5,0.143,0.0,0.0,0.25,0.091,0.133,0.0,0.125,0.0,0.0,0.0,0.571,0.0,0.13
0021500065,1610612755,Philadelphia,76ers,PHI,sixers,203477,Isaiah,Canaan,I. Canaan,isaiah-canaan,,,,15:00,0.158,0.0,0.143,0.0,0.25,0.5,0.429,0.0,0.091,0.063,0.25,0.2,0.333,0.333,0.0,0.222,0.286,0.15
0021500065,1610612755,Philadelphia,76ers,PHI,sixers,203515,Phil,Pressey,P. Pressey,phil-pressey,,,,2:32,0.0,0.0,0.0,0.0,0.0,0.0,0.0,0.0,0.25,0.25,0.5,0.0,0.0,0.0,0.0,0.0,0.5,0.0
0021500065,1610612755,Philadelphia,76ers,PHI,sixers,203496,Robert,Covington,R. Covington,robert-covington,,NWT - Right knee sprain,,,0.0,0.0,0.0,0.0,0.0,0.0,0.0,0.0,0.0,0.0,0.0,0.0,0.0,0.0,0.0,0.0,0.0,0.0
0021500065,1610612755,Philadelphia,76ers,PHI,sixers,203088,Kendall,Marshall,K. Marshall,kendall-marshall,,DND - Right knee injury,,,0.0,0.0,0.0,0.0,0.0,0.0,0.0,0.0,0.0,0.0,0.0,0.0,0.0,0.0,0.0,0.0,0.0,0.0
0021500065,1610612755,Philadelphia,76ers,PHI,sixers,1626174,Christian,Wood,C. Wood,christian-wood,,DNP - Coach's Decision,,,0.0,0.0,0.0,0.0,0.0,0.0,0.0,0.0,0.0,0.0,0.0,0.0,0.0,0.0,0.0,0.0,0.0,0.0
0021500065,1610612749,Milwaukee,Bucks,MIL,bucks,203507,Giannis,Antetokounmpo,G. Antetokounmpo,giannis-antetokounmpo,F,,,40:32,0.174,0.241,0.155,0.2,0.059,0.154,0.188,0.0,0.217,0.179,0.158,0.375,0.2,0.25,0.286,0.125,0.25,0.224
0021500065,1610612749,Milwaukee,Bucks,MIL,bucks,203953,Jabari,Parker,J. Parker,jabari-parker,F,,,16:21,0.152,0.111,0.185,0.0,0.0,0.0,0.0,0.0,0.3,0.25,0.167,0.0,0.0,0.0,0.333,0.0,0.0,0.091
0021500065,1610612749,Milwaukee,Bucks,MIL,bucks,202328,Greg,Monroe,G. Monroe,greg-monroe,C,,,36:16,0.225,0.269,0.212,0.0,0.0,0.4,0.385,0.333,0.286,0.296,0.235,0.25,0.6,0.0,0.286,0.25,0.375,0.265
0021500065,1610612749,Milwaukee,Bucks,MIL,bucks,203114,Khris,Middleton,K. Middleton,khris-middleton,G,,,35:38,0.295,0.269,0.317,0.429,0.438,0.444,0.364,0.167,0.091,0.107,0.176,0.111,0.2,0.0,0.167,0.167,0.438,0.309
0021500065,1610612749,Milwaukee,Bucks,MIL,bucks,201573,Jerryd,Bayless,J. Bayless,jerryd-bayless,G,,,30:24,0.113,0.105,0.125,0.25,0.25,0.0,0.0,0.0,0.211,0.19,0.25,0.125,0.0,0.0,0.0,0.182,0.0,0.098
0021500065,1610612749,Milwaukee,Bucks,MIL,bucks,203948,Johnny,O'Bryant III,J. O'Bryant III,johnny-obryant-iii,,,,11:41,0.115,0.1,0.143,0.0,0.0,0.0,0.143,0.75,0.167,0.4,0.143,0.0,0.0,0.5,0.0,0.25,0.125,0.074
0021500065,1610612749,Milwaukee,Bucks,MIL,bucks,1626173,Rashad,Vaughn,R. Vaughn,rashad-vaughn,,,,16:33,0.075,0.077,0.088,0.25,0.154,0.0,0.0,0.2,0.111,0.143,0.0,0.0,0.0,0.0,0.0,0.0,0.111,0.091
0021500065,1610612749,Milwaukee,Bucks,MIL,bucks,202349,Greivis,Vasquez,G. Vasquez,greivis-vasquez,,,,22:00,0.275,0.19,0.261,0.2,0.235,0.333,0.375,0.167,0.0,0.056,0.313,0.5,0.25,0.0,0.75,0.5,0.143,0.208
0021500065,1610612749,Milwaukee,Bucks,MIL,bucks,203101,Miles,Plumlee,M. Plumlee,miles-plumlee,,,,11:44,0.08,0.111,0.05,0.0,0.0,0.0,0.0,0.0,0.571,0.444,0.143,0.5,0.0,0.667,0.0,0.286,0.0,0.087
0021500065,1610612749,Milwaukee,Bucks,MIL,bucks,203898,Tyler,Ennis,T. Ennis,tyler-ennis,,,,8:26,0.167,0.25,0.154,0.0,0.0,0.0,0.0,0.0,0.25,0.25,0.5,0.333,0.0,0.0,0.0,0.5,0.0,0.2
0021500065,1610612749,Milwaukee,Bucks,MIL,bucks,203142,Chris,Copeland,C. Copeland,chris-copeland,,,,10:25,0.36,0.333,0.429,0.5,0.7,0.25,0.25,0.0,0.0,0.0,0.286,0.0,0.0,0.0,0.0,0.0,0.143,0.333
0021500065,1610612749,Milwaukee,Bucks,MIL,bucks,203487,Michael,Carter-Williams,M. Carter-Williams,michael-carter-williams,,DND - Strained left ankle,,,0.0,0.0,0.0,0.0,0.0,0.0,0.0,0.0,0.0,0.0,0.0,0.0,0.0,0.0,0.0,0.0,0.0,0.0
0021500065,1610612749,Milwaukee,Bucks,MIL,bucks,203996,Damien,Inglis,D. Inglis,damien-inglis,,DNP - Coach's Decision,,,0.0,0.0,0.0,0.0,0.0,0.0,0.0,0.0,0.0,0.0,0.0,0.0,0.0,0.0,0.0,0.0,0.0,0.0
0021500064,1610612753,Orlando,Magic,ORL,magic,203095,Evan,Fournier,E. Fournier,evan-fournier,F,,,45:45,0.245,0.275,0.276,0.5,0.444,0.308,0.294,0.143,0.2,0.188,0.167,0.077,0.091,0.0,0.0,0.217,0.278,0.293
0021500064,1610612753,Orlando,Magic,ORL,magic,202699,Tobias,Harris,T. Harris,tobias-harris,F,,,20:58,0.292,0.3,0.286,0.25,0.286,0.375,0.444,0.667,0.25,0.333,0.143,0.25,0.333,0.0,0.0,0.3,0.333,0.308
0021500064,1610612753,Orlando,Magic,ORL,magic,202696,Nikola,Vučević,N. Vučević,nikola-vučević,C,,,16:45,0.162,0.158,0.214,0.0,0.0,0.0,0.0,0.0,0.25,0.222,0.182,0.0,0.0,1.0,0.0,0.143,0.167,0.13
0021500064,1610612753,Orlando,Magic,ORL,magic,203506,Victor,Oladipo,V. Oladipo,victor-oladipo,G,,,43:36,0.188,0.179,0.213,0.167,0.333,0.2,0.158,0.0,0.292,0.219,0.12,0.077,0.25,0.0,0.0,0.105,0.056,0.182
0021500064,1610612753,Orlando,Magic,ORL,magic,203901,Elfrid,Payton,E. Payton,elfrid-payton,G,,,29:11,0.172,0.091,0.16,1.0,0.167,0.0,0.0,0.143,0.083,0.105,0.5,0.375,0.286,1.0,0.0,0.308,0.091,0.096
0021500064,1610612753,Orlando,Magic,ORL,magic,201228,C.J.,Watson,C. Watson,cj-watson,,,,20:29,0.156,0.136,0.139,0.167,0.154,0.0,0.0,0.0,0.0,0.0,0.462,0.286,0.8,0.0,0.0,0.111,0.2,0.125
0021500064,1610612753,Orlando,Magic,ORL,magic,203473,Dewayne,Dedmon,D. Dedmon,dewayne-dedmon,,,,26:23,0.107,0.111,0.116,0.0,0.0,0.0,0.0,0.167,0.353,0.304,0.091,0.111,0.5,0.5,1.0,0.429,0.0,0.089
0021500064,1610612753,Orlando,Magic,ORL,magic,203932,Aaron,Gordon,A. Gordon,aaron-gordon,,,,32:02,0.2,0.269,0.196,0.0,0.0,0.714,0.7,0.667,0.235,0.348,0.071,0.125,0.0,0.25,0.0,0.067,0.545,0.306
0021500064,1610612753,Orlando,Magic,ORL,magic,1626209,Mario,Hezonja,M. Hezonja,mario-hezonja,,,,10:52,0.077,0.0,0.045,0.0,0.0,0.0,0.0,0.0,0.0,0.0,0.0,0.25,0.0,0.0,0.0,0.2,0.25,0.0
0021500064,1610612753,Orlando,Magic,ORL,magic,201160,Jason,Smith,J. Smith,jason-smith,,,,9:52,0.25,0.444,0.25,0.0,0.0,0.0,0.0,0.0,0.0,0.0,0.0,1.0,0.0,1.0,0.0,0.25,0.0,0.348
0021500064,1610612753,Orlando,Magic,ORL,magic,203894,Shabazz,Napier,S. Napier,shabazz-napier,,,,9:07,0.211,0.125,0.214,0.0,0.667,0.0,0.0,0.0,0.25,0.2,0.5,0.333,0.0,0.0,0.0,0.0,0.25,0.105
0021500064,1610612753,Orlando,Magic,ORL,magic,101112,Channing,Frye,C. Frye,channing-frye,,DNP - Coach's Decision,,,0.0,0.0,0.0,0.0,0.0,0.0,0.0,0.0,0.0,0.0,0.0,0.0,0.0,0.0,0.0,0.0,0.0,0.0
0021500064,1610612753,Orlando,Magic,ORL,magic,203094,Andrew,Nicholson,A. Nicholson,andrew-nicholson,,DNP - Coach's Decision,,,0.0,0.0,0.0,0.0,0.0,0.0,0.0,0.0,0.0,0.0,0.0,0.0,0.0,0.0,0.0,0.0,0.0,0.0
0021500064,1610612745,Houston,Rockets,HOU,rockets,2772,Trevor,Ariza,T. Ariza,trevor-ariza,F,,,41:22,0.16,0.194,0.164,0.5,0.25,0.176,0.16,0.0,0.269,0.189,0.095,0.188,0.5,0.0,0.0,0.167,0.1,0.218
0021500064,1610612745,Houston,Rockets,HOU,rockets,201977,Marcus,Thornton,M. Thornton,marcus-thornton,F,,,29:04,0.221,0.308,0.286,0.286,0.313,0.0,0.0,0.2,0.077,0.13,0.176,0.077,0.25,0.0,0.0,0.0,0.083,0.25
0021500064,1610612745,Houston,Rockets,HOU,rockets,2730,Dwight,Howard,D. Howard,dwight-howard,C,,,31:13,0.225,0.455,0.233,0.0,0.0,0.214,0.318,0.75,0.381,0.483,0.133,0.188,0.0,0.0,0.0,0.286,0.4,0.377
0021500064,1610612745,Houston,Rockets,HOU,rockets,201935,James,Harden,J. Harden,james-harden,G,,,43:39,0.35,0.171,0.301,0.222,0.423,0.667,0.586,0.133,0.217,0.184,0.174,0.438,0.0,0.0,0.4,0.294,0.5,0.28
0021500064,1610612745,Houston,Rockets,HOU,rockets,201951,Ty,Lawson,T. Lawson,ty-lawson,G,,,41:20,0.214,0.156,0.2,0.333,0.25,0.222,0.154,0.077,0.107,0.098,0.381,0.357,0.143,0.0,0.333,0.067,0.15,0.182
0021500064,1610612745,Houston,Rockets,HOU,rockets,203991,Clint,Capela,C. Capela,clint-capela,,,,18:49,0.104,0.222,0.122,0.0,0.0,0.0,0.0,0.375,0.182,0.263,0.091,0.0,0.25,1.0,0.333,0.2,0.0,0.16
0021500064,1610612745,Houston,Rockets,HOU,rockets,201976,Patrick,Beverley,P. Beverley,patrick-beverley,,,,12:01,0.143,0.1,0.222,0.25,0.286,0.0,0.0,0.0,0.182,0.143,0.0,0.0,0.5,0.0,0.0,0.286,0.0,0.1
0021500064,1610612745,Houston,Rockets,HOU,rockets,201147,Corey,Brewer,C. Brewer,corey-brewer,,,,35:22,0.099,0.037,0.123,0.0,0.087,0.0,0.074,0.222,0.08,0.118,0.278,0.0,0.167,0.0,0.333,0.25,0.111,0.025
0021500064,1610612745,Houston,Rockets,HOU,rockets,1626149,Montrezl,Harrell,M. Harrell,montrezl-harrell,,,,2:58,0.0,0.0,0.0,0.0,0.0,0.0,0.0,0.0,0.0,0.0,0.0,0.0,0.0,0.0,0.0,0.0,0.0,0.0
0021500064,1610612745,Houston,Rockets,HOU,rockets,1891,Jason,Terry,J. Terry,jason-terry,,,,9:12,0.043,0.143,0.056,0.0,0.0,0.0,0.0,0.0,1.0,0.4,0.6,0.0,0.0,0.0,0.0,1.0,0.0,0.1
0021500064,1610612745,Houston,Rockets,HOU,rockets,1626155,Sam,Dekker,S. Dekker,sam-dekker,,DNP - Coach's Decision,,,0.0,0.0,0.0,0.0,0.0,0.0,0.0,0.0,0.0,0.0,0.0,0.0,0.0,0.0,0.0,0.0,0.0,0.0
0021500064,1610612745,Houston,Rockets,HOU,rockets,101236,Chuck,Hayes,C. Hayes,chuck-hayes,,DNP - Coach's Decision,,,0.0,0.0,0.0,0.0,0.0,0.0,0.0,0.0,0.0,0.0,0.0,0.0,0.0,0.0,0.0,0.0,0.0,0.0
0021500064,1610612745,Houston,Rockets,HOU,rockets,203909,KJ,McDaniels,K. McDaniels,kj-mcdaniels,,DNP - Coach's Decision,,,0.0,0.0,0.0,0.0,0.0,0.0,0.0,0.0,0.0,0.0,0.0,0.0,0.0,0.0,0.0,0.0,0.0,0.0
0021500063,1610612752,New York,Knicks,NYK,knicks,2546,Carmelo,Anthony,C. Anthony,carmelo-anthony,F,,,36:50,0.253,0.231,0.269,0.333,0.238,0.375,0.4,0.25,0.37,0.343,0.333,0.1,0.333,0.333,1.0,0.25,0.333,0.258
0021500063,1610612752,New York,Knicks,NYK,knicks,204001,Kristaps,Porziņģis,K. Porziņģis,kristaps-porziņģis,F,,,20:39,0.229,0.375,0.262,0.333,0.308,0.0,0.0,0.167,0.188,0.182,0.111,0.0,1.0,0.667,0.0,0.625,0.25,0.333
0021500063,1610612752,New York,Knicks,NYK,knicks,201577,Robin,Lopez,R. Lopez,robin-lopez,C,,,28:19,0.19,0.15,0.173,0.0,0.0,0.0,0.0,0.143,0.167,0.16,0.2,0.5,0.0,0.0,0.0,0.25,0.0,0.122
0021500063,1610612752,New York,Knicks,NYK,knicks,2756,Sasha,Vujacic,S. Vujacic,sasha-vujacic,G,,,21:50,0.245,0.2,0.238,0.25,0.455,0.0,0.0,0.0,0.211,0.167,0.0,0.4,0.0,0.0,0.0,0.0,0.0,0.191
0021500063,1610612752,New York,Knicks,NYK,knicks,101181,Jose,Calderon,J. Calderon,jose-calderon,G,,,29:01,0.094,0.04,0.093,0.0,0.059,0.0,0.0,0.143,0.1,0.111,0.417,0.143,0.0,0.0,0.0,0.0,0.0,0.034
0021500063,1610612752,New York,Knicks,NYK,knicks,202338,Kevin,Seraphin,K. Seraphin,kevin-seraphin,,,,9:32,0.211,0.222,0.286,0.0,0.0,0.0,0.0,0.0,0.0,0.0,0.0,0.0,0.0,0.5,0.0,0.333,0.0,0.174
0021500063,1610612752,New York,Knicks,NYK,knicks,203124,Kyle,O'Quinn,K. O'Quinn,kyle-oquinn,,,,19:01,0.178,0.364,0.188,0.0,0.111,0.0,0.0,0.5,0.286,0.313,0.333,0.222,0.25,0.5,0.0,0.3,0.25,0.258
0021500063,1610612752,New York,Knicks,NYK,knicks,204038,Langston,Galloway,L. Galloway,langston-galloway,,,,28:32,0.177,0.286,0.2,0.75,0.385,0.111,0.182,0.5,0.143,0.222,0.0,0.1,0.5,0.0,0.0,0.059,0.125,0.293
0021500063,1610612752,New York,Knicks,NYK,knicks,202498,Lance,Thomas,L. Thomas,lance-thomas,,,,15:26,0.129,0.125,0.136,0.0,0.0,0.0,0.091,0.5,0.0,0.125,0.25,0.25,0.0,0.0,1.0,0.273,0.25,0.077
0021500063,1610612752,New York,Knicks,NYK,knicks,1626170,Jerian,Grant,J. Grant,jerian-grant,,,,16:37,0.222,0.0,0.185,0.0,0.286,0.667,0.545,0.0,0.111,0.091,0.5,0.0,0.0,0.0,0.0,0.167,0.375,0.24
0021500063,1610612752,New York,Knicks,NYK,knicks,202682,Derrick,Williams,D. Williams,derrick-williams,,,,10:56,0.273,0.286,0.235,0.5,0.333,1.0,0.667,0.0,0.5,0.4,0.0,0.25,0.0,0.0,0.0,0.143,0.5,0.389
0021500063,1610612752,New York,Knicks,NYK,knicks,203921,Cleanthony,Early,C. Early,cleanthony-early,,,,3:17,0.0,0.0,0.0,0.0,0.0,0.0,0.0,0.0,0.0,0.0,0.0,0.0,0.0,0.0,0.0,0.0,0.0,0.0
0021500063,1610612752,New York,Knicks,NYK,knicks,200811,Lou,Amundson,L. Amundson,lou-amundson,,DNP - Coach's Decision,,,0.0,0.0,0.0,0.0,0.0,0.0,0.0,0.0,0.0,0.0,0.0,0.0,0.0,0.0,0.0,0.0,0.0,0.0
0021500063,1610612739,Cleveland,Cavaliers,CLE,cavaliers,2544,LeBron,James,L. James,lebron-james,F,,,35:04,0.364,0.333,0.371,0.167,0.238,0.222,0.304,0.286,0.107,0.143,0.188,0.5,1.0,1.0,0.8,0.111,0.412,0.295
0021500063,1610612739,Cleveland,Cavaliers,CLE,cavaliers,201567,Kevin,Love,K. Love,kevin-love,F,,,32:21,0.205,0.167,0.224,0.333,0.286,0.063,0.095,0.4,0.4,0.4,0.071,0.167,0.0,0.0,0.0,0.0,0.167,0.157
0021500063,1610612739,Cleveland,Cavaliers,CLE,cavaliers,202389,Timofey,Mozgov,T. Mozgov,timofey-mozgov,C,,,21:55,0.163,0.214,0.158,0.0,0.0,0.333,0.267,0.0,0.2,0.176,0.2,0.0,0.0,0.0,0.25,0.2,0.222,0.238
0021500063,1610612739,Cleveland,Cavaliers,CLE,cavaliers,2210,Richard,Jefferson,R. Jefferson,richard-jefferson,G,,,35:17,0.127,0.08,0.098,0.25,0.278,0.286,0.286,0.0,0.143,0.125,0.176,0.111,0.0,0.0,0.0,0.222,0.25,0.132
0021500063,1610612739,Cleveland,Cavaliers,CLE,cavaliers,2590,Mo,Williams,M. Williams,mo-williams,G,,,36:05,0.247,0.348,0.297,0.4,0.364,0.222,0.16,0.0,0.207,0.162,0.333,0.111,0.0,0.0,0.167,0.222,0.053,0.319
0021500063,1610612739,Cleveland,Cavaliers,CLE,cavaliers,203521,Matthew,Dellavedova,M. Dellavedova,matthew-dellavedova,,,,27:25,0.149,0.111,0.146,0.2,0.059,0.0,0.0,0.167,0.087,0.103,0.538,0.333,0.0,0.0,0.0,0.333,0.083,0.089
0021500063,1610612739,Cleveland,Cavaliers,CLE,cavaliers,202684,Tristan,Thompson,T. Thompson,tristan-thompson,,,,25:36,0.131,0.222,0.133,0.0,0.0,0.154,0.111,0.571,0.409,0.448,0.083,0.111,0.0,0.5,0.25,0.143,0.133,0.185
0021500063,1610612739,Cleveland,Cavaliers,CLE,cavaliers,203099,Jared,Cunningham,J. Cunningham,jared-cunningham,,,,10:09,0.087,0.0,0.0,0.0,0.0,0.25,0.571,0.0,0.0,0.0,0.0,0.0,0.0,0.0,0.0,0.333,0.6,0.059
0021500063,1610612739,Cleveland,Cavaliers,CLE,cavaliers,2592,James,Jones,J. Jones,james-jones,,,,11:03,0.167,0.167,0.188,0.0,0.4,0.75,0.5,0.0,0.0,0.0,0.0,0.0,0.0,0.0,0.0,0.2,0.25,0.294
0021500063,1610612739,Cleveland,Cavaliers,CLE,cavaliers,2760,Anderson,Varejao,A. Varejao,anderson-varejao,,,,5:05,0.077,0.0,0.0,0.0,0.0,0.0,0.0,0.0,0.333,0.25,0.0,0.333,1.0,0.0,0.0,0.5,0.0,0.0
0021500063,1610612739,Cleveland,Cavaliers,CLE,cavaliers,203925,Joe,Harris,J. Harris,joe-harris,,DNP - Coach's Decision,,,0.0,0.0,0.0,0.0,0.0,0.0,0.0,0.0,0.0,0.0,0.0,0.0,0.0,0.0,0.0,0.0,0.0,0.0
0021500063,1610612739,Cleveland,Cavaliers,CLE,cavaliers,201619,Sasha,Kaun,S. Kaun,sasha-kaun,,DNP - Coach's Decision,,,0.0,0.0,0.0,0.0,0.0,0.0,0.0,0.0,0.0,0.0,0.0,0.0,0.0,0.0,0.0,0.0,0.0,0.0
0021500063,1610612739,Cleveland,Cavaliers,CLE,cavaliers,2747,JR,Smith,J. Smith,jr-smith,,DND - Right Knee Contusion,,,0.0,0.0,0.0,0.0,0.0,0.0,0.0,0.0,0.0,0.0,0.0,0.0,0.0,0.0,0.0,0.0,0.0,0.0
0021500067,1610612758,Sacramento,Kings,SAC,kings,202341,James,Anderson,J. Anderson,james-anderson,F,,,24:35,0.31,0.25,0.341,0.8,0.769,0.333,0.2,0.0,0.0,0.0,0.154,0.3,0.333,0.0,0.333,0.083,0.333,0.313
0021500067,1610612758,Sacramento,Kings,SAC,kings,200752,Rudy,Gay,R. Gay,rudy-gay,F,,,30:15,0.224,0.148,0.245,0.0,0.077,0.333,0.286,0.4,0.333,0.348,0.188,0.091,0.286,0.25,0.333,0.294,0.2,0.141
0021500067,1610612758,Sacramento,Kings,SAC,kings,1626161,Willie,Cauley-Stein,W. Cauley-Stein,willie-cauley-stein,C,,,16:19,0.0,0.0,0.0,0.0,0.0,0.0,0.0,0.0,0.4,0.364,0.0,0.0,0.0,1.0,0.0,0.167,0.0,0.0
0021500067,1610612758,Sacramento,Kings,SAC,kings,201954,Darren,Collison,D. Collison,darren-collison,G,,,32:23,0.217,0.231,0.189,0.0,0.0,0.167,0.2,0.0,0.053,0.048,0.4,0.333,0.0,0.0,1.0,0.125,0.111,0.203
0021500067,1610612758,Sacramento,Kings,SAC,kings,200765,Rajon,Rondo,R. Rondo,rajon-rondo,G,,,29:26,0.191,0.167,0.189,0.167,0.143,0.0,0.4,0.0,0.2,0.143,0.4,0.167,0.143,0.0,0.0,0.143,0.25,0.161
0021500067,1610612758,Sacramento,Kings,SAC,kings,201158,Marco,Belinelli,M. Belinelli,marco-belinelli,,,,26:13,0.211,0.261,0.25,0.333,0.455,0.25,0.111,0.0,0.118,0.111,0.214,0.111,0.333,0.0,0.0,0.167,0.222,0.268
0021500067,1610612758,Sacramento,Kings,SAC,kings,201585,Kosta,Koufos,K. Koufos,kosta-koufos,,,,28:21,0.185,0.333,0.216,0.0,0.0,0.0,0.0,0.8,0.2,0.35,0.0,0.111,0.2,0.667,0.0,0.313,0.0,0.291
0021500067,1610612758,Sacramento,Kings,SAC,kings,201956,Omri,Casspi,O. Casspi,omri-casspi,,,,20:05,0.188,0.133,0.152,0.4,0.2,0.667,0.571,0.0,0.4,0.364,0.111,0.2,0.333,0.0,0.0,0.0,0.625,0.211
0021500067,1610612758,Sacramento,Kings,SAC,kings,2406,Caron,Butler,C. Butler,caron-butler,,,,5:58,0.071,0.0,0.111,0.0,0.333,0.0,0.0,0.0,0.0,0.0,0.0,0.0,0.5,0.0,0.0,0.0,0.0,0.0
0021500067,1610612758,Sacramento,Kings,SAC,kings,203463,Ben,McLemore,B. McLemore,ben-mclemore,,,,14:29,0.237,0.286,0.2,0.25,0.111,0.0,0.0,0.0,0.2,0.133,0.111,0.5,0.0,0.0,0.0,0.571,0.0,0.281
0021500067,1610612758,Sacramento,Kings,SAC,kings,203552,Seth,Curry,S. Curry,seth-curry,,,,5:05,0.154,0.2,0.2,0.333,0.333,0.0,0.0,0.0,0.0,0.0,0.5,0.0,0.0,0.0,0.0,0.0,0.0,0.231
0021500067,1610612758,Sacramento,Kings,SAC,kings,203112,Quincy,Acy,Q. Acy,quincy-acy,,,,3:31,0.0,0.0,0.0,0.0,0.0,0.0,0.0,0.0,1.0,0.5,0.333,0.0,0.0,0.0,0.0,0.0,0.0,0.0
0021500067,1610612758,Sacramento,Kings,SAC,kings,203961,Eric,Moreland,E. Moreland,eric-moreland,,,,3:20,0.0,0.0,0.0,0.0,0.0,0.0,0.0,1.0,0.0,0.5,0.0,0.0,0.0,0.0,0.0,0.0,0.0,0.0
0021500067,1610612756,Phoenix,Suns,PHX,suns,200782,P.J.,Tucker,P. Tucker,pj-tucker,F,,,20:35,0.152,0.158,0.114,0.5,0.4,0.111,0.231,0.0,0.0,0.0,0.182,0.333,0.167,0.0,0.0,0.667,0.091,0.189
0021500067,1610612756,Phoenix,Suns,PHX,suns,202693,Markieff,Morris,M. Morris,markieff-morris,F,,,24:46,0.164,0.19,0.195,0.0,0.1,0.333,0.25,0.0,0.2,0.158,0.231,0.0,0.0,0.333,0.5,0.0,0.231,0.19
0021500067,1610612756,Phoenix,Suns,PHX,suns,2199,Tyson,Chandler,T. Chandler,tyson-chandler,C,,,25:50,0.103,0.045,0.07,0.0,0.0,0.5,0.4,0.75,0.5,0.55,0.0,0.0,0.167,0.0,0.0,0.0,0.214,0.113
0021500067,1610612756,Phoenix,Suns,PHX,suns,202688,Brandon,Knight,B. Knight,brandon-knight,G,,,32:37,0.25,0.25,0.281,0.3,0.353,0.0,0.0,0.167,0.056,0.083,0.438,0.3,0.125,0.5,0.333,0.2,0.188,0.221
0021500067,1610612756,Phoenix,Suns,PHX,suns,202339,Eric,Bledsoe,E. Bledsoe,eric-bledsoe,G,,,32:37,0.299,0.242,0.3,0.2,0.267,0.083,0.167,0.0,0.273,0.207,0.4,0.4,0.5,0.333,0.0,0.0,0.235,0.216
0021500067,1610612756,Phoenix,Suns,PHX,suns,203933,T.J.,Warren,T. Warren,tj-warren,,,,26:39,0.149,0.222,0.18,0.125,0.133,0.0,0.0,0.0,0.19,0.148,0.133,0.1,0.111,0.0,0.0,0.125,0.182,0.191
0021500067,1610612756,Phoenix,Suns,PHX,suns,201603,Sonny,Weems,S. Weems,sonny-weems,,,,6:53,0.158,0.167,0.091,0.0,0.0,1.0,1.0,0.5,0.286,0.333,0.333,0.143,0.0,0.0,0.0,0.167,0.5,0.286
0021500067,1610612756,Phoenix,Suns,PHX,suns,203458,Alex,Len,A. Len,alex-len,,,,22:10,0.304,0.304,0.3,0.0,0.0,0.5,0.429,0.8,0.188,0.333,0.067,0.333,0.125,0.0,1.0,0.25,0.25,0.286
0021500067,1610612756,Phoenix,Suns,PHX,suns,202720,Jon,Leuer,J. Leuer,jon-leuer,,,,14:59,0.105,0.133,0.111,0.25,0.143,0.0,0.286,0.0,0.25,0.176,0.0,0.0,0.0,0.0,0.0,0.5,0.286,0.132
0021500067,1610612756,Phoenix,Suns,PHX,suns,101179,Ronnie,Price,R. Price,ronnie-price,,,,17:00,0.122,0.111,0.138,0.333,0.333,0.0,0.0,0.0,0.0,0.0,0.083,0.125,0.5,0.0,0.0,0.143,0.0,0.133
0021500067,1610612756,Phoenix,Suns,PHX,suns,1626164,Devin,Booker,D. Booker,devin-booker,,,,6:04,0.308,0.5,0.375,0.5,0.333,0.0,0.0,0.0,0.0,0.0,0.0,0.25,0.5,1.0,0.0,0.0,0.5,0.5
0021500067,1610612756,Phoenix,Suns,PHX,suns,203141,Mirza,Teletovic,M. Teletovic,mirza-teletovic,,,,6:19,0.067,0.2,0.111,0.5,0.333,0.0,0.0,0.0,0.667,0.667,0.667,0.0,0.333,0.0,0.0,0.0,0.0,0.25
0021500067,1610612756,Phoenix,Suns,PHX,suns,203462,Archie,Goodwin,A. Goodwin,archie-goodwin,,,,3:31,0.222,0.25,0.2,0.0,0.0,0.0,0.0,0.0,0.0,0.0,0.0,0.333,0.0,0.0,0.0,0.0,0.0,0.222
0021500062,1610612751,Brooklyn,Nets,BKN,nets,2207,Joe,Johnson,J. Johnson,joe-johnson,F,,,29:54,0.183,0.042,0.179,0.0,0.231,0.5,0.444,0.167,0.211,0.194,0.4,0.091,0.0,0.0,0.143,0.083,0.2,0.088
0021500062,1610612751,Brooklyn,Nets,BKN,nets,201152,Thaddeus,Young,T. Young,thaddeus-young,F,,,33:56,0.215,0.28,0.22,0.0,0.083,0.0,0.0,0.308,0.238,0.265,0.2,0.286,0.2,0.333,0.25,0.3,0.133,0.233
0021500062,1610612751,Brooklyn,Nets,BKN,nets,201572,Brook,Lopez,B. Lopez,brook-lopez,C,,,36:00,0.253,0.393,0.258,0.0,0.0,0.625,0.636,0.417,0.273,0.324,0.176,0.143,0.0,0.333,0.0,0.083,0.4,0.403
0021500062,1610612751,Brooklyn,Nets,BKN,nets,203900,Markel,Brown,M. Brown,markel-brown,G,,,19:42,0.17,0.133,0.162,1.0,0.667,0.0,0.0,0.0,0.071,0.045,0.0,0.286,0.667,0.0,0.0,0.75,0.143,0.171
0021500062,1610612751,Brooklyn,Nets,BKN,nets,101127,Jarrett,Jack,J. Jack,jarrett-jack,G,,,27:08,0.194,0.13,0.204,0.0,0.182,0.0,0.0,0.182,0.2,0.192,0.313,0.2,0.0,1.0,0.286,0.455,0.111,0.109
0021500062,1610612751,Brooklyn,Nets,BKN,nets,202711,Bojan,Bogdanovic,B. Bogdanovic,bojan-bogdanovic,,,,24:56,0.241,0.313,0.289,0.667,0.364,0.0,0.0,0.0,0.091,0.071,0.167,0.167,0.0,0.0,0.25,0.0,0.111,0.3
0021500062,1610612751,Brooklyn,Nets,BKN,nets,201961,Wayne,Ellington,W. Ellington,wayne-ellington,,,,18:06,0.205,0.333,0.296,0.5,0.5,0.0,0.0,0.5,0.3,0.333,0.222,0.0,0.667,0.0,0.333,0.143,0.286,0.3
0021500062,1610612751,Brooklyn,Nets,BKN,nets,203499,Shane,Larkin,S. Larkin,shane-larkin,,,,16:31,0.211,0.083,0.115,0.0,0.0,0.5,0.5,0.0,0.2,0.167,0.286,0.444,0.0,0.0,0.5,0.286,0.333,0.138
0021500062,1610612751,Brooklyn,Nets,BKN,nets,200745,Andrea,Bargnani,A. Bargnani,andrea-bargnani,,,,10:23,0.154,0.25,0.105,0.0,0.0,0.0,0.0,0.0,0.0,0.0,0.0,0.4,0.0,0.0,0.0,0.429,0.0,0.2
0021500062,1610612751,Brooklyn,Nets,BKN,nets,203080,Thomas,Robinson,T. Robinson,thomas-robinson,,,,10:22,0.04,0.0,0.056,0.0,0.0,0.0,0.0,0.0,0.143,0.125,0.0,0.0,0.333,1.0,0.0,0.0,0.0,0.0
0021500062,1610612751,Brooklyn,Nets,BKN,nets,1626178,Rondae,Hollis-Jefferson,R. Hollis-Jefferson,rondae-hollis-jefferson,,,,11:25,0.077,0.0,0.091,0.0,0.0,0.0,0.0,0.0,0.333,0.231,0.111,0.0,1.0,0.0,1.0,0.0,0.0,0.0
0021500062,1610612751,Brooklyn,Nets,BKN,nets,203508,Sergey,Karasev,S. Karasev,sergey-karasev,,,,1:37,0.333,0.0,0.5,0.0,0.5,0.0,0.0,0.0,0.0,0.0,0.0,0.0,0.0,0.0,0.0,0.0,0.0,0.0
0021500062,1610612751,Brooklyn,Nets,BKN,nets,202388,Donald,Sloan,D. Sloan,donald-sloan,,DNP - Coach's Decision,,,0.0,0.0,0.0,0.0,0.0,0.0,0.0,0.0,0.0,0.0,0.0,0.0,0.0,0.0,0.0,0.0,0.0,0.0
0021500062,1610612737,Atlanta,Hawks,ATL,hawks,203145,Kent,Bazemore,K. Bazemore,kent-bazemore,F,,,27:27,0.121,0.136,0.136,0.333,0.214,0.0,0.0,0.0,0.308,0.235,0.176,0.167,0.375,0.286,0.0,0.273,0.0,0.133
0021500062,1610612737,Atlanta,Hawks,ATL,hawks,200794,Paul,Millsap,P. Millsap,paul-millsap,F,,,30:36,0.179,0.208,0.196,0.167,0.25,0.111,0.167,0.2,0.533,0.45,0.188,0.125,0.5,0.0,0.0,0.25,0.222,0.19
0021500062,1610612737,Atlanta,Hawks,ATL,hawks,201143,Al,Horford,A. Horford,al-horford,C,,,29:54,0.188,0.348,0.222,0.167,0.067,0.308,0.25,1.0,0.294,0.4,0.2,0.0,0.0,0.4,0.0,0.0,0.154,0.323
0021500062,1610612737,Atlanta,Hawks,ATL,hawks,203471,Dennis,Schröder,D. Schröder,dennis-schröder,G,,,28:14,0.344,0.333,0.333,0.429,0.4,0.375,0.333,0.2,0.133,0.15,0.286,0.5,0.1,0.0,0.5,0.2,0.375,0.351
0021500062,1610612737,Atlanta,Hawks,ATL,hawks,201952,Jeff,Teague,J. Teague,jeff-teague,G,,,28:11,0.246,0.174,0.186,0.0,0.143,0.667,0.714,0.0,0.067,0.059,0.316,0.2,0.375,0.143,0.0,0.25,0.692,0.254
0021500062,1610612737,Atlanta,Hawks,ATL,hawks,203200,Justin,Holiday,J. Holiday,justin-holiday,,,,29:06,0.152,0.143,0.196,0.0,0.182,0.0,0.0,0.0,0.053,0.042,0.154,0.1,0.111,0.8,1.0,0.083,0.067,0.097
0021500062,1610612737,Atlanta,Hawks,ATL,hawks,201168,Tiago,Splitter,T. Splitter,tiago-splitter,,,,19:48,0.2,0.222,0.219,0.0,0.0,0.0,0.0,0.333,0.167,0.2,0.182,0.333,0.143,0.0,0.0,0.364,0.0,0.17
0021500062,1610612737,Atlanta,Hawks,ATL,hawks,202714,Shelvin,Mack,S. Mack,shelvin-mack,,,,7:45,0.25,0.0,0.154,0.0,0.0,0.0,0.0,0.0,0.333,0.333,0.0,1.0,0.0,0.0,0.0,0.25,0.0,0.0
0021500062,1610612737,Atlanta,Hawks,ATL,hawks,200757,Thabo,Sefolosha,T. Sefolosha,thabo-sefolosha,,,,21:40,0.104,0.1,0.121,0.5,0.333,0.111,0.2,0.0,0.214,0.188,0.143,0.0,0.125,0.25,0.5,0.0,0.1,0.118
0021500062,1610612737,Atlanta,Hawks,ATL,hawks,203118,Mike,Scott,M. Scott,mike-scott,,,,14:05,0.129,0.111,0.15,0.0,0.0,0.222,0.2,0.0,0.0,0.0,0.143,0.0,0.0,0.0,0.0,0.333,0.111,0.148
0021500062,1610612737,Atlanta,Hawks,ATL,hawks,203934,Lamar,Patterson,L. Patterson,lamar-patterson,,,,1:37,0.25,0.0,0.25,0.0,0.5,0.0,0.0,0.0,0.0,0.0,0.0,0.0,0.0,0.0,0.0,0.0,0.0,0.0
0021500062,1610612737,Atlanta,Hawks,ATL,hawks,203488,Mike,Muscala,M. Muscala,mike-muscala,,,,1:37,0.25,0.0,0.25,0.0,0.5,0.0,0.0,0.0,0.0,0.0,0.0,0.0,0.0,0.0,0.0,0.0,0.0,0.0
0021500062,1610612737,Atlanta,Hawks,ATL,hawks,203501,Tim,Hardaway Jr.,T. Hardaway Jr.,tim-hardaway-jr,,DNP - Coach's Decision,,,0.0,0.0,0.0,0.0,0.0,0.0,0.0,0.0,0.0,0.0,0.0,0.0,0.0,0.0,0.0,0.0,0.0,0.0
0021500073,1610612762,Utah,Jazz,UTA,jazz,202330,Gordon,Hayward,G. Hayward,gordon-hayward,F,,,33:56,0.211,0.269,0.217,0.286,0.263,0.444,0.308,0.0,0.143,0.103,0.167,0.0,0.25,0.0,0.0,0.1,0.182,0.294
0021500073,1610612762,Utah,Jazz,UTA,jazz,202324,Derrick,Favors,D. Favors,derrick-favors,F,,,15:08,0.25,0.375,0.28,0.0,0.0,0.0,0.0,0.5,0.125,0.25,0.0,0.25,0.0,0.0,0.0,0.111,0.2,0.3
0021500073,1610612762,Utah,Jazz,UTA,jazz,203497,Rudy,Gobert,R. Gobert,rudy-gobert,C,,,34:48,0.189,0.083,0.136,0.0,0.0,0.4,0.625,0.571,0.632,0.615,0.143,0.143,0.0,0.6,0.75,0.105,0.583,0.127
0021500073,1610612762,Utah,Jazz,UTA,jazz,203918,Rodney,Hood,R. Hood,rodney-hood,G,,,22:47,0.167,0.167,0.167,0.4,0.385,0.0,0.0,0.0,0.071,0.05,0.333,0.25,0.0,0.5,0.0,0.235,0.167,0.17
0021500073,1610612762,Utah,Jazz,UTA,jazz,203526,Raul,Neto,R. Neto,raul-neto,G,,,12:36,0.143,0.125,0.167,0.0,0.5,0.0,0.0,0.0,0.167,0.1,0.0,0.0,0.5,0.5,0.0,0.286,0.0,0.118
0021500073,1610612762,Utah,Jazz,UTA,jazz,202692,Alec,Burks,A. Burks,alec-burks,,,,31:19,0.224,0.227,0.235,0.143,0.133,0.1,0.067,0.0,0.13,0.107,0.667,0.375,0.25,0.0,0.0,0.267,0.0,0.197
0021500073,1610612762,Utah,Jazz,UTA,jazz,203187,Chris,Johnson,C. Johnson,chris-johnson,,,,5:10,0.143,0.333,0.182,1.0,1.0,0.0,0.0,0.0,0.0,0.0,0.0,0.0,0.0,0.0,0.0,0.333,0.0,0.429
0021500073,1610612762,Utah,Jazz,UTA,jazz,202344,Trevor,Booker,T. Booker,trevor-booker,,,,28:28,0.161,0.25,0.184,0.111,0.063,0.0,0.0,0.8,0.208,0.31,0.214,0.111,0.333,0.2,0.333,0.214,0.0,0.206
0021500073,1610612762,Utah,Jazz,UTA,jazz,203504,Trey,Burke,T. Burke,trey-burke,,,,19:45,0.341,0.19,0.333,0.25,0.455,0.667,0.333,0.0,0.143,0.105,0.063,0.5,0.333,0.0,1.0,0.4,0.167,0.226
0021500073,1610612762,Utah,Jazz,UTA,jazz,1626168,Trey,Lyles,T. Lyles,trey-lyles,,,,7:12,0.278,0.25,0.333,0.0,0.0,0.0,0.0,0.667,0.5,0.6,0.0,0.0,1.0,0.0,0.0,0.75,0.5,0.211
0021500073,1610612762,Utah,Jazz,UTA,jazz,204060,Joe,Ingles,J. Ingles,joe-ingles,,,,26:27,0.086,0.143,0.111,0.25,0.214,0.0,0.0,0.0,0.087,0.069,0.125,0.0,0.0,0.0,0.0,0.0,0.1,0.138
0021500073,1610612762,Utah,Jazz,UTA,jazz,202407,Elijah,Millsap,E. Millsap,elijah-millsap,,,,1:12,0.25,0.0,0.25,0.0,0.0,0.0,0.0,0.0,0.0,0.0,0.0,0.0,0.0,0.0,0.0,0.0,0.0,0.0
0021500073,1610612762,Utah,Jazz,UTA,jazz,202353,Tibor,Pleiss,T. Pleiss,tibor-pleiss,,,,1:12,0.0,0.0,0.0,0.0,0.0,0.0,0.0,0.0,0.0,0.0,0.0,0.0,0.0,0.0,0.0,0.0,0.0,0.0
0021500073,1610612743,Denver,Nuggets,DEN,nuggets,201568,Danilo,Gallinari,D. Gallinari,danilo-gallinari,F,,,36:53,0.198,0.286,0.218,0.0,0.143,0.316,0.3,0.2,0.103,0.128,0.091,0.0,0.0,0.333,0.0,0.182,0.3,0.281
0021500073,1610612743,Denver,Nuggets,DEN,nuggets,202702,Kenneth,Faried,K. Faried,kenneth-faried,F,,,30:06,0.136,0.211,0.174,0.0,0.0,0.125,0.118,0.222,0.348,0.313,0.222,0.0,0.0,0.0,0.2,0.4,0.2,0.188
0021500073,1610612743,Denver,Nuggets,DEN,nuggets,201581,JJ,Hickson,J. Hickson,jj-hickson,C,,,24:36,0.278,0.25,0.237,0.0,0.0,0.0,0.267,0.286,0.238,0.25,0.143,0.5,0.0,0.5,0.5,0.25,0.143,0.195
0021500073,1610612743,Denver,Nuggets,DEN,nuggets,203914,Gary,Harris,G. Harris,gary-harris,G,,,27:41,0.133,0.176,0.125,0.5,0.167,0.0,0.0,0.0,0.091,0.069,0.222,0.375,0.0,0.25,0.0,0.0,0.067,0.149
0021500073,1610612743,Denver,Nuggets,DEN,nuggets,1626144,Emmanuel,Mudiay,E. Mudiay,emmanuel-mudiay,G,,,29:34,0.2,0.105,0.186,0.5,0.5,0.333,0.222,0.125,0.273,0.233,0.3,0.273,0.0,0.0,0.2,0.2,0.286,0.163
0021500073,1610612743,Denver,Nuggets,DEN,nuggets,201589,Darrell,Arthur,D. Arthur,darrell-arthur,,,,13:58,0.161,0.111,0.217,0.0,0.143,0.0,0.0,0.667,0.4,0.5,0.167,0.0,0.5,0.0,0.5,0.667,0.0,0.077
0021500073,1610612743,Denver,Nuggets,DEN,nuggets,200751,Randy,Foye,R. Foye,randy-foye,,,,17:28,0.263,0.3,0.333,1.0,0.727,0.167,0.143,0.0,0.167,0.143,0.143,0.0,0.0,0.0,0.0,0.0,0.091,0.314
0021500073,1610612743,Denver,Nuggets,DEN,nuggets,203999,Nikola,Jokić,N. Jokić,nikola-jokić,,,,17:44,0.179,0.111,0.154,0.0,0.0,0.231,0.267,0.5,0.182,0.231,0.0,0.333,0.0,0.25,0.0,0.25,0.3,0.147
0021500073,1610612743,Denver,Nuggets,DEN,nuggets,2749,Jameer,Nelson,J. Nelson,jameer-nelson,,,,18:60,0.163,0.1,0.129,0.0,0.143,0.2,0.25,0.0,0.091,0.067,0.667,0.333,0.25,0.0,0.0,0.0,0.3,0.121
0021500073,1610612743,Denver,Nuggets,DEN,nuggets,203115,Will,Barton,W. Barton,will-barton,,,,20:16,0.227,0.3,0.241,0.0,0.133,0.462,0.353,0.333,0.273,0.286,0.125,0.0,0.25,0.333,1.0,0.167,0.25,0.324
0021500073,1610612743,Denver,Nuggets,DEN,nuggets,2034,Mike,Miller,M. Miller,mike-miller,,,,1:33,0.2,0.0,1.0,0.0,1.0,0.0,0.0,0.0,0.0,0.0,0.0,0.0,0.0,0.0,0.0,0.0,0.0,0.0
0021500073,1610612743,Denver,Nuggets,DEN,nuggets,203123,Kostas,Papanikolaou,K. Papanikolaou,kostas-papanikolaou,,,,1:12,0.0,0.0,0.0,0.0,0.0,0.0,0.0,0.0,0.0,0.0,0.0,0.0,0.0,0.0,0.0,0.0,0.0,0.0
0021500073,1610612743,Denver,Nuggets,DEN,nuggets,203530,Joffrey,Lauvergne,J. Lauvergne,joffrey-lauvergne,,DNP - Coach's Decision,,,0.0,0.0,0.0,0.0,0.0,0.0,0.0,0.0,0.0,0.0,0.0,0.0,0.0,0.0,0.0,0.0,0.0,0.0
0021500072,1610612766,Charlotte,Hornets,CHA,hornets,203798,PJ,Hairston,P. Hairston,pj-hairston,F,,,22:13,0.109,0.091,0.125,0.0,0.2,0.0,0.0,0.0,0.176,0.143,0.0,0.0,0.333,0.0,0.0,0.4,0.0,0.074
0021500072,1610612766,Charlotte,Hornets,CHA,hornets,101107,Marvin,Williams,M. Williams,marvin-williams,F,,,32:09,0.183,0.182,0.183,0.6,0.263,0.25,0.333,0.333,0.357,0.353,0.143,0.111,0.0,0.25,0.0,0.167,0.125,0.215
0021500072,1610612766,Charlotte,Hornets,CHA,hornets,2744,Al,Jefferson,A. Jefferson,al-jefferson,C,,,26:48,0.351,0.556,0.36,0.0,0.0,0.2,0.143,0.6,0.286,0.346,0.091,0.5,0.0,0.333,0.0,0.25,0.2,0.5
0021500072,1610612766,Charlotte,Hornets,CHA,hornets,201587,Nicolas,Batum,N. Batum,nicolas-batum,G,,,34:04,0.164,0.097,0.159,0.0,0.278,0.222,0.182,0.2,0.214,0.212,0.333,0.2,0.4,0.2,0.0,0.063,0.125,0.108
0021500072,1610612766,Charlotte,Hornets,CHA,hornets,202689,Kemba,Walker,K. Walker,kemba-walker,G,,,29:47,0.234,0.138,0.204,0.333,0.357,0.556,0.545,0.0,0.091,0.074,0.538,0.2,0.25,0.0,0.0,0.125,0.625,0.2
0021500072,1610612766,Charlotte,Hornets,CHA,hornets,203469,Cody,Zeller,C. Zeller,cody-zeller,,,,18:43,0.167,0.211,0.182,0.0,0.0,0.6,0.571,0.0,0.188,0.158,0.0,0.0,0.4,0.5,1.0,0.3,0.429,0.244
0021500072,1610612766,Charlotte,Hornets,CHA,hornets,202391,Jeremy,Lin,J. Lin,jeremy-lin,,,,17:07,0.293,0.2,0.242,0.0,0.25,0.2,0.167,0.0,0.063,0.053,0.333,0.667,0.5,0.333,0.0,0.222,0.333,0.189
0021500072,1610612766,Charlotte,Hornets,CHA,hornets,201150,Spencer,Hawes,S. Hawes,spencer-hawes,,,,18:24,0.13,0.0,0.121,0.0,0.182,0.0,0.0,0.0,0.235,0.2,0.375,0.286,0.0,0.333,0.0,0.25,0.0,0.0
0021500072,1610612766,Charlotte,Hornets,CHA,hornets,203087,Jeremy,Lamb,J. Lamb,jeremy-lamb,,,,24:05,0.186,0.333,0.244,0.667,0.25,0.0,0.0,0.5,0.087,0.148,0.0,0.0,0.0,0.0,1.0,0.143,0.0,0.308
0021500072,1610612766,Charlotte,Hornets,CHA,hornets,203148,Brian,Roberts,B. Roberts,brian-roberts,,,,6:11,0.118,0.0,0.154,0.0,0.0,0.0,0.0,0.0,0.167,0.125,0.0,0.0,0.0,0.0,0.0,0.0,0.0,0.0
0021500072,1610612766,Charlotte,Hornets,CHA,hornets,1626163,Frank,Kaminsky,F. Kaminsky,frank-kaminsky,,,,4:53,0.0,0.0,0.0,0.0,0.0,0.0,0.0,0.0,0.0,0.0,0.0,0.0,0.0,0.0,0.0,0.25,0.0,0.0
0021500072,1610612766,Charlotte,Hornets,CHA,hornets,203584,Troy,Daniels,T. Daniels,troy-daniels,,,,2:48,0.286,0.0,0.333,0.0,0.5,0.0,0.0,0.0,1.0,1.0,0.0,0.0,0.0,0.0,0.0,0.0,0.0,0.0
0021500072,1610612766,Charlotte,Hornets,CHA,hornets,201946,Tyler,Hansbrough,T. Hansbrough,tyler-hansbrough,,,,2:48,0.143,0.0,0.167,0.0,0.0,0.0,0.0,0.0,0.0,0.0,0.0,0.0,0.0,0.0,0.0,1.0,0.0,0.0
0021500072,1610612742,Dallas,Mavericks,DAL,mavericks,202083,Wesley,Matthews,W. Matthews,wesley-matthews,F,,,26:23,0.213,0.1,0.196,0.667,0.467,0.5,0.5,0.0,0.048,0.038,0.0,0.125,0.25,0.0,0.333,0.143,0.4,0.208
0021500072,1610612742,Dallas,Mavericks,DAL,mavericks,1717,Dirk,Nowitzki,D. Nowitzki,dirk-nowitzki,F,,,27:42,0.242,0.2,0.261,0.0,0.214,0.4,0.353,0.25,0.294,0.286,0.0,0.0,0.0,0.0,0.0,0.111,0.278,0.241
0021500072,1610612742,Dallas,Mavericks,DAL,mavericks,2585,Zaza,Pachulia,Z. Pachulia,zaza-pachulia,C,,,25:40,0.19,0.25,0.136,0.0,0.0,0.462,0.429,0.4,0.444,0.435,0.25,0.4,0.667,1.0,0.25,0.167,0.417,0.298
0021500072,1610612742,Dallas,Mavericks,DAL,mavericks,101109,Raymond,Felton,R. Felton,raymond-felton,G,,,23:48,0.182,0.188,0.184,0.333,0.25,0.0,0.0,0.0,0.133,0.105,0.143,0.429,0.0,0.0,0.0,0.375,0.0,0.137
0021500072,1610612742,Dallas,Mavericks,DAL,mavericks,101114,Deron,Williams,D. Williams,deron-williams,G,,,28:19,0.188,0.333,0.217,0.0,0.125,0.188,0.176,0.0,0.167,0.136,0.625,0.125,0.25,0.0,0.0,0.333,0.176,0.273
0021500072,1610612742,Dallas,Mavericks,DAL,mavericks,101111,Charlie,Villanueva,C. Villanueva,charlie-villanueva,,,,12:50,0.323,0.5,0.364,0.5,0.5,0.0,0.0,0.5,0.462,0.467,0.0,0.5,0.5,0.0,0.0,0.5,0.0,0.368
0021500072,1610612742,Dallas,Mavericks,DAL,mavericks,202379,Jeremy,Evans,J. Evans,jeremy-evans,,,,9:35,0.043,0.0,0.056,0.0,0.125,0.0,0.0,0.0,0.1,0.091,0.0,0.0,0.0,0.0,0.0,0.0,0.0,0.0
0021500072,1610612742,Dallas,Mavericks,DAL,mavericks,200826,J.J.,Barea,J. Barea,jj-barea,,,,20:49,0.146,0.176,0.171,0.667,0.364,0.0,0.0,0.0,0.0,0.0,0.667,0.143,0.0,0.0,0.0,0.0,0.1,0.174
0021500072,1610612742,Dallas,Mavericks,DAL,mavericks,2734,Devin,Harris,D. Harris,devin-harris,,,,19:35,0.133,0.0,0.094,0.0,0.1,0.0,0.0,0.0,0.067,0.056,0.143,0.429,0.25,0.0,0.0,0.167,0.1,0.0
0021500072,1610612742,Dallas,Mavericks,DAL,mavericks,203939,Dwight,Powell,D. Powell,dwight-powell,,,,23:28,0.255,0.353,0.293,0.0,0.0,0.25,0.4,0.5,0.35,0.375,0.111,0.0,0.25,0.5,1.0,0.333,0.364,0.304
0021500072,1610612742,Dallas,Mavericks,DAL,mavericks,202718,Chandler,Parsons,C. Parsons,chandler-parsons,,,,14:13,0.152,0.143,0.192,0.0,0.273,0.0,0.0,0.333,0.0,0.1,0.0,0.0,0.25,0.0,0.5,0.0,0.1,0.091
0021500072,1610612742,Dallas,Mavericks,DAL,mavericks,203098,John,Jenkins,J. Jenkins,john-jenkins,,,,3:49,0.3,0.0,0.25,0.0,0.0,0.5,0.5,0.0,0.333,0.286,0.5,0.0,0.0,0.0,1.0,0.0,0.5,0.222
0021500072,1610612742,Dallas,Mavericks,DAL,mavericks,1626147,Justin,Anderson,J. Anderson,justin-anderson,,,,3:49,0.1,0.0,0.125,0.0,0.0,0.0,0.0,1.0,0.0,0.143,0.0,0.0,0.0,0.0,0.0,0.0,0.0,0.0
0021500070,1610612760,Oklahoma City,Thunder,OKC,thunder,201142,Kevin,Durant,K. Durant,kevin-durant,F,,,40:48,0.391,0.394,0.397,0.6,0.5,0.286,0.294,0.0,0.182,0.15,0.238,0.5,0.0,0.333,0.333,0.167,0.429,0.388
0021500070,1610612760,Oklahoma City,Thunder,OKC,thunder,201586,Serge,Ibaka,S. Ibaka,serge-ibaka,F,,,40:04,0.188,0.25,0.203,0.2,0.091,0.0,0.105,0.167,0.156,0.158,0.05,0.167,0.0,0.333,0.2,0.167,0.063,0.2
0021500070,1610612760,Oklahoma City,Thunder,OKC,thunder,203500,Steven,Adams,S. Adams,steven-adams,C,,,24:58,0.078,0.12,0.095,0.0,0.0,0.0,0.0,0.0,0.316,0.286,0.067,0.0,0.0,0.4,0.0,0.143,0.0,0.1
0021500070,1610612760,Oklahoma City,Thunder,OKC,thunder,203460,Andre,Roberson,A. Roberson,andre-roberson,G,,,14:49,0.091,0.071,0.115,0.333,0.333,0.0,0.0,0.5,0.067,0.118,0.125,0.0,0.5,0.0,0.0,0.4,0.0,0.088
0021500070,1610612760,Oklahoma City,Thunder,OKC,thunder,201566,Russell,Westbrook,R. Westbrook,russell-westbrook,G,,,38:34,0.277,0.2,0.265,0.0,0.182,0.4,0.333,0.286,0.207,0.222,0.5,0.286,0.5,0.0,0.5,0.182,0.286,0.222
0021500070,1610612760,Oklahoma City,Thunder,OKC,thunder,203079,Dion,Waiters,D. Waiters,dion-waiters,,,,27:17,0.068,0.105,0.064,0.0,0.0,0.0,0.0,0.167,0.235,0.217,0.1,0.167,0.0,0.0,0.0,0.375,0.0,0.075
0021500070,1610612760,Oklahoma City,Thunder,OKC,thunder,202713,Kyle,Singler,K. Singler,kyle-singler,,,,3:50,0.2,0.0,0.222,0.0,1.0,0.0,0.0,0.0,0.0,0.0,0.0,0.0,0.0,0.0,1.0,0.333,0.0,0.0
0021500070,1610612760,Oklahoma City,Thunder,OKC,thunder,202683,Enes,Freedom,E. Freedom,enes-freedom,,,,22:11,0.204,0.2,0.175,0.0,0.0,0.5,0.455,0.5,0.308,0.381,0.167,0.25,0.0,0.25,0.2,0.333,0.444,0.268
0021500070,1610612760,Oklahoma City,Thunder,OKC,thunder,2555,Nick,Collison,N. Collison,nick-collison,,,,8:40,0.053,0.0,0.0,0.0,0.0,0.0,0.0,0.0,0.0,0.0,0.0,0.5,0.0,0.0,0.0,0.25,0.0,0.0
0021500070,1610612760,Oklahoma City,Thunder,OKC,thunder,201571,D.J.,Augustin,D. Augustin,dj-augustin,,,,13:39,0.172,0.125,0.16,0.0,0.5,0.667,0.5,0.0,0.333,0.25,0.25,0.0,0.0,0.5,0.0,0.0,0.25,0.211
0021500070,1610612760,Oklahoma City,Thunder,OKC,thunder,201627,Anthony,Morrow,A. Morrow,anthony-morrow,,,,5:10,0.0,0.0,0.0,0.0,0.0,0.0,0.0,0.0,0.0,0.0,0.0,0.0,0.0,0.0,0.0,0.0,0.333,0.0
0021500070,1610612760,Oklahoma City,Thunder,OKC,thunder,203956,Mitch,McGary,M. McGary,mitch-mcgary,,DNP - Coach's Decision,,,0.0,0.0,0.0,0.0,0.0,0.0,0.0,0.0,0.0,0.0,0.0,0.0,0.0,0.0,0.0,0.0,0.0,0.0
0021500070,1610612760,Oklahoma City,Thunder,OKC,thunder,1626166,Cameron,Payne,C. Payne,cameron-payne,,DNP - Coach's Decision,,,0.0,0.0,0.0,0.0,0.0,0.0,0.0,0.0,0.0,0.0,0.0,0.0,0.0,0.0,0.0,0.0,0.0,0.0
0021500070,1610612741,Chicago,Bulls,CHI,bulls,203926,Doug,McDermott,D. McDermott,doug-mcdermott,F,,,23:03,0.118,0.158,0.114,0.333,0.375,1.0,1.0,0.0,0.1,0.071,0.0,0.0,0.0,0.0,0.0,0.1,0.143,0.209
0021500070,1610612741,Chicago,Bulls,CHI,bulls,202703,Nikola,Mirotic,N. Mirotic,nikola-mirotic,F,,,15:59,0.184,0.1,0.167,0.0,0.429,0.0,0.0,0.25,0.3,0.286,0.2,0.667,0.0,0.0,0.0,0.2,0.0,0.074
0021500070,1610612741,Chicago,Bulls,CHI,bulls,2200,Pau,Gasol,P. Gasol,pau-gasol,C,,,31:57,0.182,0.2,0.185,0.0,0.0,0.111,0.333,0.273,0.292,0.286,0.2,0.0,0.5,0.2,0.5,0.111,0.333,0.177
0021500070,1610612741,Chicago,Bulls,CHI,bulls,202710,Jimmy,Butler III,J. Butler III,jimmy-butler-iii,G,,,37:55,0.277,0.267,0.286,1.0,0.333,0.429,0.4,0.143,0.111,0.118,0.133,0.0,0.333,0.333,0.167,0.333,0.417,0.333
0021500070,1610612741,Chicago,Bulls,CHI,bulls,201565,Derrick,Rose,D. Rose,derrick-rose,G,,,37:29,0.345,0.387,0.342,0.0,0.077,0.333,0.316,0.111,0.148,0.139,0.4,0.5,0.0,0.0,0.0,0.071,0.214,0.349
0021500070,1610612741,Chicago,Bulls,CHI,bulls,203503,Tony,Snell,T. Snell,tony-snell,,,,10:44,0.2,0.125,0.167,0.333,0.5,0.5,0.25,0.0,0.357,0.25,0.2,0.5,0.0,0.0,0.25,0.167,0.25,0.217
0021500070,1610612741,Chicago,Bulls,CHI,bulls,201149,Joakim,Noah,J. Noah,joakim-noah,,,,25:57,0.102,0.083,0.102,0.0,0.0,0.0,0.0,0.667,0.143,0.259,0.385,0.333,0.0,0.25,0.333,0.364,0.083,0.063
0021500070,1610612741,Chicago,Bulls,CHI,bulls,202734,E'Twaun,Moore,E. Moore,etwaun-moore,,,,21:47,0.021,0.0,0.026,0.0,0.0,0.0,0.0,0.0,0.313,0.227,0.0,0.0,1.0,0.25,0.0,0.167,0.222,0.0
0021500070,1610612741,Chicago,Bulls,CHI,bulls,201959,Taj,Gibson,T. Gibson,taj-gibson,,,,22:07,0.114,0.19,0.139,0.0,0.0,0.1,0.091,0.0,0.235,0.222,0.25,0.0,0.0,0.5,0.0,0.222,0.2,0.161
0021500070,1610612741,Chicago,Bulls,CHI,bulls,201166,Aaron,Brooks,A. Brooks,aaron-brooks,,,,13:02,0.276,0.4,0.381,0.5,0.5,0.0,0.0,1.0,0.071,0.133,0.0,0.0,0.0,0.0,0.5,0.333,0.0,0.31
0021500070,1610612741,Chicago,Bulls,CHI,bulls,203946,Cameron,Bairstow,C. Bairstow,cameron-bairstow,,DNP - Coach's Decision,,,0.0,0.0,0.0,0.0,0.0,0.0,0.0,0.0,0.0,0.0,0.0,0.0,0.0,0.0,0.0,0.0,0.0,0.0
0021500070,1610612741,Chicago,Bulls,CHI,bulls,1626245,Cristiano,Felicio,C. Felicio,cristiano-felicio,,DNP - Coach's Decision,,,0.0,0.0,0.0,0.0,0.0,0.0,0.0,0.0,0.0,0.0,0.0,0.0,0.0,0.0,0.0,0.0,0.0,0.0
0021500070,1610612741,Chicago,Bulls,CHI,bulls,1626171,Bobby,Portis,B. Portis,bobby-portis,,DNP - Coach's Decision,,,0.0,0.0,0.0,0.0,0.0,0.0,0.0,0.0,0.0,0.0,0.0,0.0,0.0,0.0,0.0,0.0,0.0,0.0
0021500071,1610612748,Miami,Heat,MIA,heat,2736,Luol,Deng,L. Deng,luol-deng,F,,,28:21,0.209,0.16,0.235,0.0,0.375,0.2,0.214,0.167,0.125,0.133,0.125,0.1,0.25,0.25,0.2,0.167,0.133,0.164
0021500071,1610612748,Miami,Heat,MIA,heat,2547,Chris,Bosh,C. Bosh,chris-bosh,F,,,28:05,0.242,0.238,0.244,0.5,0.333,0.556,0.462,0.0,0.522,0.462,0.2,0.143,0.25,0.0,0.0,0.111,0.4,0.302
0021500071,1610612748,Miami,Heat,MIA,heat,202355,Hassan,Whiteside,H. Whiteside,hassan-whiteside,C,,,29:42,0.246,0.2,0.176,0.0,0.0,0.222,0.167,0.167,0.308,0.281,0.0,0.538,0.0,0.8,0.6,0.417,0.214,0.197
0021500071,1610612748,Miami,Heat,MIA,heat,2548,Dwyane,Wade,D. Wade,dwyane-wade,G,,,31:11,0.319,0.344,0.328,0.333,0.222,0.4,0.556,0.143,0.167,0.161,0.2,0.182,0.6,0.0,0.25,0.111,0.4,0.347
0021500071,1610612748,Miami,Heat,MIA,heat,201609,Goran,Dragic,G. Dragic,goran-dragic,G,,,32:33,0.208,0.269,0.211,0.5,0.273,0.25,0.25,0.333,0.032,0.081,0.222,0.182,0.0,0.0,0.0,0.077,0.176,0.273
0021500071,1610612748,Miami,Heat,MIA,heat,1626159,Justise,Winslow,J. Winslow,justise-winslow,,,,35:44,0.101,0.107,0.125,0.0,0.154,0.063,0.043,0.2,0.095,0.115,0.222,0.1,0.2,0.333,0.25,0.059,0.043,0.092
0021500071,1610612748,Miami,Heat,MIA,heat,204020,Tyler,Johnson,T. Johnson,tyler-johnson,,,,25:26,0.137,0.143,0.129,0.333,0.25,0.2,0.211,1.0,0.2,0.25,0.429,0.125,0.0,0.0,0.0,0.385,0.176,0.174
0021500071,1610612748,Miami,Heat,MIA,heat,201177,Josh,McRoberts,J. McRoberts,josh-mcroberts,,,,17:10,0.028,0.0,0.04,0.0,0.0,0.0,0.0,0.0,0.182,0.167,0.333,0.0,0.0,0.0,0.0,0.143,0.2,0.0
0021500071,1610612748,Miami,Heat,MIA,heat,1626196,Josh,Richardson,J. Richardson,josh-richardson,,,,6:50,0.167,0.0,0.167,0.0,0.0,0.0,0.0,0.0,0.0,0.0,0.0,0.5,0.0,0.0,0.0,0.667,0.2,0.0
0021500071,1610612748,Miami,Heat,MIA,heat,2365,Chris,Andersen,C. Andersen,chris-andersen,,,,2:29,0.0,0.0,0.0,0.0,0.0,0.0,0.0,0.0,0.0,0.0,0.0,0.0,0.0,0.0,0.0,0.0,0.0,0.0
0021500071,1610612748,Miami,Heat,MIA,heat,203516,James,Ennis III,J. Ennis III,james-ennis-iii,,,,2:29,0.0,0.0,0.0,0.0,0.0,0.0,0.0,0.0,0.0,0.0,0.0,0.0,0.0,0.0,0.0,0.0,0.0,0.0
0021500071,1610612748,Miami,Heat,MIA,heat,2617,Udonis,Haslem,U. Haslem,udonis-haslem,,DNP - Coach's Decision,,,0.0,0.0,0.0,0.0,0.0,0.0,0.0,0.0,0.0,0.0,0.0,0.0,0.0,0.0,0.0,0.0,0.0,0.0
0021500071,1610612748,Miami,Heat,MIA,heat,2405,Amar'e,Stoudemire,A. Stoudemire,amare-stoudemire,,DNP - Coach's Decision,,,0.0,0.0,0.0,0.0,0.0,0.0,0.0,0.0,0.0,0.0,0.0,0.0,0.0,0.0,0.0,0.0,0.0,0.0
0021500071,1610612750,Minnesota,Timberwolves,MIN,timberwolves,2419,Tayshaun,Prince,T. Prince,tayshaun-prince,F,,,12:58,0.1,0.125,0.115,0.0,0.0,0.0,0.0,0.0,0.143,0.125,0.0,0.0,0.0,0.0,0.0,0.2,0.0,0.095
0021500071,1610612750,Minnesota,Timberwolves,MIN,timberwolves,708,Kevin,Garnett,K. Garnett,kevin-garnett,F,,,11:16,0.038,0.0,0.043,0.0,0.0,0.0,0.0,0.0,0.667,0.571,0.25,0.0,0.0,0.0,0.0,0.5,0.0,0.0
0021500071,1610612750,Minnesota,Timberwolves,MIN,timberwolves,1626157,Karl-Anthony,Towns,K. Towns,karl-anthony-towns,C,,,22:10,0.25,0.25,0.317,0.0,0.0,0.0,0.0,0.0,0.267,0.222,0.143,0.0,0.0,1.0,0.333,0.273,0.167,0.194
0021500071,1610612750,Minnesota,Timberwolves,MIN,timberwolves,203952,Andrew,Wiggins,A. Wiggins,andrew-wiggins,G,,,31:19,0.26,0.278,0.31,0.5,0.5,0.111,0.182,0.6,0.048,0.154,0.0,0.0,0.167,0.0,0.75,0.067,0.091,0.255
0021500071,1610612750,Minnesota,Timberwolves,MIN,timberwolves,201937,Ricky,Rubio,R. Rubio,ricky-rubio,G,,,23:50,0.196,0.167,0.14,0.0,0.0,0.625,0.556,0.0,0.063,0.053,0.833,0.429,1.0,0.0,0.0,0.0,0.5,0.273
0021500071,1610612750,Minnesota,Timberwolves,MIN,timberwolves,202357,Nemanja,Bjelica,N. Bjelica,nemanja-bjelica,,,,23:42,0.148,0.154,0.179,0.5,0.444,0.0,0.0,0.333,0.353,0.35,0.333,0.111,0.0,0.0,0.0,0.071,0.222,0.125
0021500071,1610612750,Minnesota,Timberwolves,MIN,timberwolves,2755,Kevin,Martin,K. Martin,kevin-martin,,,,26:36,0.234,0.286,0.222,0.0,0.25,0.4,0.4,0.0,0.13,0.097,0.0,0.167,0.0,0.0,0.0,0.333,0.231,0.318
0021500071,1610612750,Minnesota,Timberwolves,MIN,timberwolves,203897,Zach,LaVine,Z. LaVine,zach-lavine,,,,20:11,0.163,0.077,0.139,0.5,0.143,0.0,0.0,0.0,0.125,0.091,0.375,0.375,0.0,0.0,0.333,0.25,0.0,0.077
0021500071,1610612750,Minnesota,Timberwolves,MIN,timberwolves,203476,Gorgui,Dieng,G. Dieng,gorgui-dieng,,,,25:50,0.203,0.222,0.182,0.0,0.0,0.143,0.133,0.143,0.263,0.231,0.0,0.375,0.5,0.333,0.0,0.188,0.077,0.189
0021500071,1610612750,Minnesota,Timberwolves,MIN,timberwolves,203498,Shabazz,Muhammad,S. Muhammad,shabazz-muhammad,,,,22:38,0.245,0.294,0.263,0.0,0.125,0.333,0.385,0.667,0.118,0.261,0.111,0.125,0.0,0.5,0.333,0.118,0.364,0.286
0021500071,1610612750,Minnesota,Timberwolves,MIN,timberwolves,203940,Adreian,Payne,A. Payne,adreian-payne,,,,13:02,0.219,0.333,0.174,1.0,0.5,0.4,0.286,0.167,0.455,0.353,0.333,0.333,0.0,0.333,0.0,0.556,0.25,0.375
0021500071,1610612750,Minnesota,Timberwolves,MIN,timberwolves,1889,Andre,Miller,A. Miller,andre-miller,,,,3:59,0.0,0.0,0.0,0.0,0.0,0.0,0.0,0.0,0.0,0.0,0.5,0.0,1.0,0.0,0.0,0.0,0.5,0.0
0021500071,1610612750,Minnesota,Timberwolves,MIN,timberwolves,204014,Damjan,Rudez,D. Rudez,damjan-rudez,,,,2:29,0.25,0.0,0.0,0.0,0.0,0.0,0.0,0.0,0.0,0.0,0.0,1.0,0.0,0.0,0.0,0.5,0.0,0.0
0021500074,1610612763,Memphis,Grizzlies,MEM,grizzlies,2754,Tony,Allen,T. Allen,tony-allen,F,,,23:33,0.122,0.176,0.158,0.0,0.143,0.0,0.0,0.0,0.071,0.056,0.125,0.0,0.0,0.5,0.0,0.6,0.0,0.13
0021500074,1610612763,Memphis,Grizzlies,MEM,grizzlies,2216,Zach,Randolph,Z. Randolph,zach-randolph,F,,,32:32,0.208,0.32,0.226,0.0,0.0,0.0,0.0,0.4,0.4,0.4,0.167,0.5,0.25,0.0,0.5,0.125,0.063,0.235
0021500074,1610612763,Memphis,Grizzlies,MEM,grizzlies,201188,Marc,Gasol,M. Gasol,marc-gasol,C,,,27:39,0.322,0.211,0.295,0.0,0.0,0.583,0.625,0.2,0.25,0.238,0.375,0.2,0.0,0.667,0.0,0.182,0.462,0.288
0021500074,1610612763,Memphis,Grizzlies,MEM,grizzlies,201584,Courtney,Lee,C. Lee,courtney-lee,G,,,30:06,0.19,0.273,0.213,1.0,0.667,0.25,0.25,0.2,0.048,0.077,0.0,0.0,0.5,0.0,0.0,0.0,0.154,0.305
0021500074,1610612763,Memphis,Grizzlies,MEM,grizzlies,201144,Mike,Conley,M. Conley,mike-conley,G,,,31:10,0.188,0.095,0.167,0.0,0.2,0.2,0.19,0.0,0.111,0.087,0.3,0.4,0.0,0.0,0.0,0.0,0.294,0.117
0021500074,1610612763,Memphis,Grizzlies,MEM,grizzlies,2757,Beno,Udrih,B. Udrih,beno-udrih,,,,15:51,0.147,0.25,0.179,0.25,0.111,0.0,0.0,0.0,0.0,0.0,0.6,0.0,0.0,0.0,0.333,0.5,0.0,0.25
0021500074,1610612763,Memphis,Grizzlies,MEM,grizzlies,201145,Jeff,Green,J. Green,jeff-green,,,,19:45,0.225,0.188,0.258,0.0,0.375,0.0,0.0,0.0,0.2,0.167,0.0,0.25,0.333,0.0,0.0,0.167,0.4,0.162
0021500074,1610612763,Memphis,Grizzlies,MEM,grizzlies,203210,JaMychal,Green,J. Green,jamychal-green,,,,10:24,0.167,0.333,0.222,0.667,0.25,0.0,0.0,0.0,0.429,0.375,0.0,0.0,0.5,0.0,0.5,0.25,0.0,0.381
0021500074,1610612763,Memphis,Grizzlies,MEM,grizzlies,2440,Matt,Barnes,M. Barnes,matt-barnes,,,,24:29,0.122,0.105,0.158,0.333,0.308,0.0,0.0,0.5,0.267,0.294,0.25,0.0,0.0,0.333,0.0,0.333,0.0,0.106
0021500074,1610612763,Memphis,Grizzlies,MEM,grizzlies,201148,Brandan,Wright,B. Wright,brandan-wright,,,,17:39,0.147,0.133,0.143,0.0,0.0,0.667,0.6,0.5,0.333,0.364,0.0,0.0,0.0,0.5,0.0,0.333,0.5,0.158
0021500074,1610612763,Memphis,Grizzlies,MEM,grizzlies,203893,Russ,Smith,R. Smith,russ-smith,,,,3:34,0.222,0.0,0.167,0.0,0.25,0.0,0.0,0.0,0.0,0.0,0.667,0.5,0.0,0.0,0.0,0.0,0.0,0.0
0021500074,1610612763,Memphis,Grizzlies,MEM,grizzlies,203950,Jarnell,Stokes,J. Stokes,jarnell-stokes,,,,3:18,0.0,0.0,0.0,0.0,0.0,0.0,0.0,1.0,0.333,0.5,0.0,0.0,0.0,0.0,0.0,0.0,0.0,0.0
0021500074,1610612763,Memphis,Grizzlies,MEM,grizzlies,1713,Vince,Carter,V. Carter,vince-carter,,DNP - Coach's Decision,,,0.0,0.0,0.0,0.0,0.0,0.0,0.0,0.0,0.0,0.0,0.0,0.0,0.0,0.0,0.0,0.0,0.0,0.0
0021500074,1610612757,Portland,Trail Blazers,POR,blazers,202329,Al-Farouq,Aminu,A. Aminu,al-farouq-aminu,F,,,33:11,0.208,0.133,0.18,0.1,0.19,0.2,0.235,0.167,0.364,0.294,0.227,0.5,0.5,0.0,0.0,0.25,0.364,0.138
0021500074,1610612757,Portland,Trail Blazers,POR,blazers,203086,Meyers,Leonard,M. Leonard,meyers-leonard,F,,,27:28,0.131,0.179,0.14,0.091,0.136,0.333,0.188,0.111,0.211,0.179,0.118,0.0,0.0,0.0,0.0,0.357,0.1,0.184
0021500074,1610612757,Portland,Trail Blazers,POR,blazers,203486,Mason,Plumlee,M. Plumlee,mason-plumlee,C,,,21:45,0.149,0.211,0.15,0.0,0.0,0.0,0.2,0.714,0.467,0.545,0.214,0.0,1.0,0.0,0.5,0.444,0.2,0.163
0021500074,1610612757,Portland,Trail Blazers,POR,blazers,203468,CJ,McCollum,C. McCollum,cj-mccollum,G,,,30:06,0.294,0.25,0.327,0.5,0.375,0.222,0.188,0.182,0.091,0.121,0.25,0.143,0.0,0.0,0.5,0.133,0.2,0.274
0021500074,1610612757,Portland,Trail Blazers,POR,blazers,203081,Damian,Lillard,D. Lillard,damian-lillard,G,,,32:35,0.271,0.265,0.3,0.583,0.5,0.222,0.143,0.111,0.0,0.032,0.238,0.0,0.0,1.0,0.333,0.0,0.125,0.303
0021500074,1610612757,Portland,Trail Blazers,POR,blazers,203943,Noah,Vonleh,N. Vonleh,noah-vonleh,,,,11:06,0.24,0.167,0.222,0.0,0.667,0.0,0.0,0.0,0.375,0.375,0.0,0.4,0.0,0.667,0.5,1.0,0.0,0.154
0021500074,1610612757,Portland,Trail Blazers,POR,blazers,203459,Allen,Crabbe,A. Crabbe,allen-crabbe,,,,21:24,0.174,0.227,0.175,0.143,0.077,0.0,0.0,0.0,0.063,0.045,0.2,0.333,0.5,0.0,0.0,0.2,0.0,0.196
0021500074,1610612757,Portland,Trail Blazers,POR,blazers,202334,Ed,Davis,E. Davis,ed-davis,,,,22:40,0.143,0.167,0.122,0.0,0.0,0.167,0.3,0.143,0.438,0.348,0.133,0.25,0.0,0.0,0.0,0.111,0.25,0.143
0021500074,1610612757,Portland,Trail Blazers,POR,blazers,203090,Maurice,Harkless,M. Harkless,maurice-harkless,,,,25:28,0.145,0.16,0.152,0.0,0.118,0.333,0.3,0.222,0.059,0.115,0.222,0.0,0.0,0.0,0.333,0.111,0.25,0.156
0021500074,1610612757,Portland,Trail Blazers,POR,blazers,1626192,Pat,Connaughton,P. Connaughton,pat-connaughton,,,,3:35,0.2,0.0,0.167,0.0,0.0,0.0,0.0,0.0,0.0,0.0,0.0,0.333,0.0,0.0,0.0,0.0,0.0,0.0
0021500074,1610612757,Portland,Trail Blazers,POR,blazers,2549,Chris,Kaman,C. Kaman,chris-kaman,,,,3:34,0.222,0.0,0.333,0.0,0.0,0.0,0.0,0.0,0.0,0.0,0.0,0.0,0.0,0.0,0.0,0.0,0.0,0.0
0021500074,1610612757,Portland,Trail Blazers,POR,blazers,1626242,Luis,Montero,L. Montero,luis-montero,,,,3:34,0.111,1.0,0.167,1.0,0.5,0.0,0.0,0.0,0.0,0.0,0.0,0.0,0.0,0.0,0.0,0.0,0.0,1.0
0021500074,1610612757,Portland,Trail Blazers,POR,blazers,204025,Tim,Frazier,T. Frazier,tim-frazier,,,,3:34,0.0,0.0,0.0,0.0,0.0,0.0,0.0,0.0,0.0,0.0,0.0,0.0,0.0,0.0,0.0,0.0,1.0,0.0
0021500078,1610612755,Philadelphia,76ers,PHI,sixers,203924,Jerami,Grant,J. Grant,jerami-grant,F,,,27:09,0.123,0.125,0.111,0.0,0.182,0.5,0.571,0.25,0.2,0.211,0.222,0.0,0.0,1.0,0.0,0.273,0.375,0.14
0021500078,1610612755,Philadelphia,76ers,PHI,sixers,203457,Nerlens,Noel,N. Noel,nerlens-noel,F,,,35:41,0.256,0.31,0.29,0.0,0.0,0.0,0.0,0.429,0.375,0.387,0.125,0.214,0.625,0.5,0.0,0.071,0.118,0.247
0021500078,1610612755,Philadelphia,76ers,PHI,sixers,1626143,Jahlil,Okafor,J. Okafor,jahlil-okafor,C,,,37:04,0.263,0.25,0.304,0.0,0.0,0.333,0.429,0.333,0.263,0.273,0.158,0.143,0.0,0.0,0.0,0.214,0.385,0.234
0021500078,1610612755,Philadelphia,76ers,PHI,sixers,203917,Nik,Stauskas,N. Stauskas,nik-stauskas,G,,,37:39,0.165,0.188,0.164,0.286,0.333,0.0,0.0,0.0,0.143,0.125,0.118,0.231,0.143,0.0,0.0,0.133,0.0,0.179
0021500078,1610612755,Philadelphia,76ers,PHI,sixers,204456,T.J.,McConnell,T. McConnell,tj-mcconnell,G,,,24:34,0.167,0.143,0.154,0.667,0.444,0.0,0.0,0.0,0.091,0.071,0.4,0.273,0.2,0.0,0.0,0.1,0.0,0.163
0021500078,1610612755,Philadelphia,76ers,PHI,sixers,203138,Hollis,Thompson,H. Thompson,hollis-thompson,,,,25:57,0.107,0.136,0.136,0.333,0.308,0.0,0.0,0.2,0.318,0.296,0.176,0.0,0.0,0.0,0.0,0.286,0.067,0.138
0021500078,1610612755,Philadelphia,76ers,PHI,sixers,1626158,Richaun,Holmes,R. Holmes,richaun-holmes,,,,12:06,0.148,0.091,0.1,0.0,0.0,0.25,0.333,0.5,0.0,0.091,0.286,0.333,0.0,0.0,0.0,0.25,0.143,0.103
0021500078,1610612755,Philadelphia,76ers,PHI,sixers,203960,JaKarr,Sampson,J. Sampson,jakarr-sampson,,,,10:02,0.217,0.25,0.188,0.0,0.0,1.0,1.0,0.0,0.333,0.25,0.0,0.2,1.0,0.0,0.0,0.8,0.2,0.263
0021500078,1610612755,Philadelphia,76ers,PHI,sixers,203515,Phil,Pressey,P. Pressey,phil-pressey,,,,7:31,0.316,0.167,0.308,0.333,0.333,0.0,0.0,0.0,0.143,0.125,0.5,0.667,0.333,0.0,0.0,0.0,0.25,0.176
0021500078,1610612755,Philadelphia,76ers,PHI,sixers,203477,Isaiah,Canaan,I. Canaan,isaiah-canaan,,,,21:31,0.244,0.263,0.211,0.5,0.455,0.667,0.4,0.0,0.0,0.0,0.333,0.333,0.0,0.0,0.0,0.143,0.545,0.34
0021500078,1610612755,Philadelphia,76ers,PHI,sixers,1626174,Christian,Wood,C. Wood,christian-wood,,,,0:45,0.0,0.0,0.0,0.0,0.0,0.0,0.0,0.0,0.0,0.0,0.0,0.0,0.0,0.0,0.0,0.0,0.0,0.0
0021500078,1610612755,Philadelphia,76ers,PHI,sixers,203496,Robert,Covington,R. Covington,robert-covington,,NWT - Right Knee Sprian,,,0.0,0.0,0.0,0.0,0.0,0.0,0.0,0.0,0.0,0.0,0.0,0.0,0.0,0.0,0.0,0.0,0.0,0.0
0021500078,1610612755,Philadelphia,76ers,PHI,sixers,203088,Kendall,Marshall,K. Marshall,kendall-marshall,,DND - Right Knee Injury,,,0.0,0.0,0.0,0.0,0.0,0.0,0.0,0.0,0.0,0.0,0.0,0.0,0.0,0.0,0.0,0.0,0.0,0.0
0021500078,1610612739,Cleveland,Cavaliers,CLE,cavaliers,2544,LeBron,James,L. James,lebron-james,F,,,36:20,0.309,0.316,0.344,0.333,0.25,0.667,0.667,0.0,0.16,0.114,0.542,0.133,0.25,0.0,0.333,0.063,0.429,0.341
0021500078,1610612739,Cleveland,Cavaliers,CLE,cavaliers,201567,Kevin,Love,K. Love,kevin-love,F,,,33:47,0.276,0.139,0.271,0.286,0.625,0.0,0.0,0.714,0.391,0.467,0.083,0.333,0.25,0.0,0.333,0.143,0.154,0.143
0021500078,1610612739,Cleveland,Cavaliers,CLE,cavaliers,202389,Timofey,Mozgov,T. Mozgov,timofey-mozgov,C,,,18:51,0.19,0.286,0.206,0.0,0.0,0.25,0.333,0.4,0.364,0.375,0.0,0.2,0.0,0.0,0.0,0.333,0.429,0.26
0021500078,1610612739,Cleveland,Cavaliers,CLE,cavaliers,203099,Jared,Cunningham,J. Cunningham,jared-cunningham,G,,,20:13,0.044,0.0,0.027,0.0,0.0,0.0,0.0,0.0,0.063,0.05,0.091,0.25,0.25,0.0,0.5,0.25,0.0,0.0
0021500078,1610612739,Cleveland,Cavaliers,CLE,cavaliers,2590,Mo,Williams,M. Williams,mo-williams,G,,,30:33,0.197,0.25,0.2,0.0,0.111,0.0,0.0,0.0,0.105,0.074,0.421,0.222,0.333,0.0,0.0,0.182,0.077,0.216
0021500078,1610612739,Cleveland,Cavaliers,CLE,cavaliers,202684,Tristan,Thompson,T. Thompson,tristan-thompson,,,,23:07,0.038,0.053,0.023,0.0,0.0,0.333,0.4,0.667,0.429,0.458,0.0,0.0,0.0,0.0,0.0,0.154,0.429,0.064
0021500078,1610612739,Cleveland,Cavaliers,CLE,cavaliers,2210,Richard,Jefferson,R. Jefferson,richard-jefferson,,,,29:04,0.191,0.304,0.204,0.5,0.176,0.0,0.0,0.0,0.045,0.036,0.111,0.167,0.0,0.0,0.0,0.25,0.091,0.298
0021500078,1610612739,Cleveland,Cavaliers,CLE,cavaliers,203521,Matthew,Dellavedova,M. Dellavedova,matthew-dellavedova,,,,25:54,0.228,0.235,0.244,0.25,0.143,0.5,0.4,0.0,0.053,0.043,0.071,0.2,0.25,0.0,0.5,0.333,0.143,0.262
0021500078,1610612739,Cleveland,Cavaliers,CLE,cavaliers,2592,James,Jones,J. Jones,james-jones,,,,12:35,0.233,0.111,0.222,0.333,0.5,0.0,0.0,0.5,0.222,0.308,0.4,0.5,0.0,0.0,0.0,0.2,0.0,0.125
0021500078,1610612739,Cleveland,Cavaliers,CLE,cavaliers,203925,Joe,Harris,J. Harris,joe-harris,,,,2:41,0.0,0.0,0.0,0.0,0.0,0.0,0.0,0.0,1.0,0.5,0.0,0.0,0.0,0.0,0.0,0.0,0.0,0.0
0021500078,1610612739,Cleveland,Cavaliers,CLE,cavaliers,2760,Anderson,Varejao,A. Varejao,anderson-varejao,,,,6:55,0.118,0.2,0.091,0.0,0.0,0.0,0.0,0.0,0.0,0.0,0.0,0.167,0.5,0.0,0.0,0.5,0.25,0.182
0021500078,1610612739,Cleveland,Cavaliers,CLE,cavaliers,201619,Sasha,Kaun,S. Kaun,sasha-kaun,,DNP - Coach's Decision,,,0.0,0.0,0.0,0.0,0.0,0.0,0.0,0.0,0.0,0.0,0.0,0.0,0.0,0.0,0.0,0.0,0.0,0.0
0021500078,1610612739,Cleveland,Cavaliers,CLE,cavaliers,2747,JR,Smith,J. Smith,jr-smith,,DNP - Coach's Decision,,,0.0,0.0,0.0,0.0,0.0,0.0,0.0,0.0,0.0,0.0,0.0,0.0,0.0,0.0,0.0,0.0,0.0,0.0
