date,game_id,team,odds,prob,ev,stake,won,gain,bankroll,comment
2022-10-18,22200001.0,boston celtics,1.63,0.6839929064100556,0.11490843744839063,0.0,1,0.0,1000.0,ev below min (0.115)
2022-10-18,22200002.0,golden state warriors,1.28,0.8045415741656274,0.029813214932003174,0.0,1,0.0,1000.0,ev below min (0.030)
2022-10-19,22200003.0,detroit pistons,1.61,0.5235147291977534,-0.15714128599161692,0.0,1,0.0,1000.0,ev below min (-0.157)
2022-10-19,22200004.0,indiana pacers,2.06,0.5748167781198492,0.18412256292688944,20.0,0,-20.0,980.0,bet placed
2022-10-19,22200005.0,houston rockets,4.25,0.23694018798196315,0.006995798923343344,0.0,0,0.0,980.0,odds too high
2022-10-19,22200006.0,brooklyn nets,1.65,0.6555991499407926,0.08173859740230771,0.0,0,0.0,980.0,ev below min (0.082)
2022-10-19,22200007.0,miami heat,1.3,0.6739481044186907,-0.12386746425570205,0.0,0,0.0,980.0,ev below min (-0.124)
2022-10-19,22200008.0,toronto raptors,1.66,0.6794133618218318,0.12782618062424067,0.0,1,0.0,980.0,ev below min (0.128)
2022-10-19,22200009.0,memphis grizzlies,1.5,0.7624690921704835,0.1437036382557253,0.0,1,0.0,980.0,ev below min (0.144)
2022-10-19,22200010.0,oklahoma city thunder,5.08,0.1786046790646158,-0.09268823035175167,0.0,0,0.0,980.0,odds too high
2022-10-19,22200011.0,san antonio spurs,1.86,0.5913496536742858,0.09991035583417163,0.0,0,0.0,980.0,ev below min (0.100)
2022-10-19,22200012.0,utah jazz,3.01,0.6795552623390365,1.0454613396404997,0.0,1,0.0,980.0,odds too high
2022-10-19,22200013.0,dallas mavericks,2.35,0.42726643693807964,0.004076126804487101,0.0,0,0.0,980.0,ev below min (0.004)
2022-10-19,22200014.0,sacramento kings,1.6,0.6146365579706963,-0.016581507246885896,0.0,0,0.0,980.0,ev below min (-0.017)
2022-10-20,22200015.0,philadelphia 76ers,1.53,0.5906223337395731,-0.09634782937845321,0.0,0,0.0,980.0,ev below min (-0.096)
2022-10-20,22200016.0,los angeles lakers,2.45,0.5223550414839241,0.2797698516356142,19.6,0,-19.6,960.4,bet placed
2022-10-21,22200017.0,charlotte hornets,2.99,0.6286336704215348,0.8796146745603892,19.208,0,-19.208,941.192,bet placed
2022-10-21,22200018.0,san antonio spurs,1.93,0.5477399293303525,0.05713806360758045,0.0,1,0.0,941.192,prob diff too low (0.004)
2022-10-21,22200019.0,washington wizards,1.7,0.5200668781139152,-0.1158863072063443,0.0,1,0.0,941.192,ev below min (-0.116)
2022-10-21,22200020.0,atlanta hawks,1.22,0.7692719841554124,-0.06148817933039685,0.0,1,0.0,941.192,odds too low
2022-10-21,22200021.0,brooklyn nets,1.64,0.6028956625162845,-0.01125111347329355,0.0,1,0.0,941.192,ev below min (-0.011)
2022-10-21,22200022.0,miami heat,2.0,0.5722943758959621,0.1445887517919242,0.0,0,0.0,941.192,ev below min (0.145)
2022-10-21,22200023.0,new york knicks,1.3,0.7394549551174494,-0.03870855834731579,0.0,1,0.0,941.192,ev below min (-0.039)
2022-10-21,22200024.0,memphis grizzlies,1.32,0.745513638772227,-0.01592199682066031,0.0,1,0.0,941.192,ev below min (-0.016)
2022-10-21,22200025.0,utah jazz,3.57,0.4567512137854078,0.6306018332139056,0.0,1,0.0,941.192,odds too high
2022-10-21,22200026.0,golden state warriors,1.41,0.7301156206200423,0.029463025074259575,0.0,0,0.0,941.192,ev below min (0.029)
2022-10-21,22200027.0,phoenix suns,1.43,0.6446102348937691,-0.0782073641019102,0.0,0,0.0,941.192,ev below min (-0.078)
2022-10-22,22200028.0,san antonio spurs,7.08,0.29938019796914994,1.1196118016215815,0.0,1,0.0,941.192,odds too high
2022-10-22,22200029.0,indiana pacers,1.83,0.5908572127480346,0.08126869932890335,0.0,1,0.0,941.192,ev below min (0.081)
2022-10-22,22200030.0,orlando magic,3.93,0.2732373277412959,0.07382269802329278,0.0,0,0.0,941.192,odds too high
2022-10-22,22200031.0,miami heat,1.57,0.6583023892946914,0.03353475119266558,0.0,1,0.0,941.192,ev below min (0.034)
2022-10-22,22200032.0,chicago bulls,1.94,0.5563153406814493,0.07925176092201158,0.0,0,0.0,941.192,ev below min (0.079)
2022-10-22,22200033.0,houston rockets,6.85,0.1726659298570702,0.18276161952093073,0.0,0,0.0,941.192,odds too high
2022-10-22,22200034.0,memphis grizzlies,2.65,0.52152889794706,0.38205157955970903,0.0,0,0.0,941.192,prob diff too low (0.047)
2022-10-22,22200035.0,denver nuggets,1.19,0.7486339191572874,-0.109125636202828,0.0,1,0.0,941.192,odds too low
2022-10-22,22200036.0,los angeles clippers,1.67,0.5902574768393611,-0.014270013678266968,0.0,1,0.0,941.192,ev below min (-0.014)
2022-10-23,22200037.0,los angeles lakers,1.53,0.6261645116184646,-0.04196829722374906,0.0,0,0.0,941.192,ev below min (-0.042)
2022-10-23,22200038.0,charlotte hornets,4.2,0.3620204478389809,0.5204858809237198,0.0,1,0.0,941.192,odds too high
2022-10-23,22200039.0,cleveland cavaliers,1.59,0.6568860243565064,0.04444877872684527,0.0,1,0.0,941.192,ev below min (0.044)
2022-10-23,22200040.0,utah jazz,3.42,0.4338516276659261,0.48377256661746726,0.0,1,0.0,941.192,odds too high
2022-10-23,22200041.0,oklahoma city thunder,4.18,0.32823331768057523,0.3720152679048043,0.0,0,0.0,941.192,odds too high
2022-10-23,22200042.0,golden state warriors,1.18,0.7981970261461695,-0.05812750914752007,0.0,1,0.0,941.192,odds too low
2022-10-23,22200043.0,los angeles clippers,1.88,0.5639173419930825,0.060164602946995105,0.0,0,0.0,941.192,ev below min (0.060)
2022-10-24,22200044.0,indiana pacers,6.17,0.28696573562696504,0.7705785888183743,0.0,0,0.0,941.192,odds too high
2022-10-24,22200045.0,miami heat,1.55,0.6443552565306322,-0.0012493523775201076,0.0,0,0.0,941.192,ev below min (-0.001)
2022-10-24,22200046.0,new york knicks,1.28,0.8036388295430399,0.028657701815091086,0.0,1,0.0,941.192,ev below min (0.029)
2022-10-24,22200047.0,chicago bulls,2.68,0.34438229531892905,-0.07705544854527013,0.0,1,0.0,941.192,ev below min (-0.077)
2022-10-24,22200048.0,utah jazz,1.68,0.6883407531018787,0.15641246521115626,18.82384,0,-18.82384,922.36816,bet placed
2022-10-24,22200049.0,memphis grizzlies,1.8,0.6951245565432876,0.2512242017779178,18.4473632,1,14.757890560000002,937.12605056,bet placed
2022-10-24,22200050.0,san antonio spurs,3.5,0.28633601543882886,0.0021760540359010427,0.0,1,0.0,937.12605056,odds too high
2022-10-24,22200051.0,portland trail blazers,2.54,0.3174885734210961,-0.1935790235104159,0.0,1,0.0,937.12605056,ev below min (-0.194)
2022-10-25,22200052.0,washington wizards,1.41,0.6399730480855379,-0.09763800219939156,0.0,1,0.0,937.12605056,ev below min (-0.098)
2022-10-25,22200053.0,new orleans pelicans,2.61,0.564070769822979,0.472224709237975,0.0,1,0.0,937.12605056,prob diff too low (0.005)
2022-10-25,22200054.0,los angeles clippers,1.43,0.6429048044172078,-0.08064612968339291,0.0,0,0.0,937.12605056,ev below min (-0.081)
2022-10-25,22200055.0,phoenix suns,1.73,0.5705490348034992,-0.012950169789946453,0.0,1,0.0,937.12605056,ev below min (-0.013)
2022-10-26,22200056.0,cleveland cavaliers,1.25,0.7847469704887521,-0.01906628688905987,0.0,1,0.0,937.12605056,ev below min (-0.019)
2022-10-26,22200057.0,detroit pistons,3.36,0.37937960115026975,0.2747154598649064,0.0,0,0.0,937.12605056,odds too high
2022-10-26,22200058.0,charlotte hornets,3.26,0.4445501388128846,0.4492334525300037,0.0,0,0.0,937.12605056,odds too high
2022-10-26,22200059.0,toronto raptors,1.87,0.5437224759403361,0.016761030008428435,0.0,1,0.0,937.12605056,ev below min (0.017)
2022-10-26,22200060.0,milwaukee bucks,1.61,0.6436605086125536,0.0362934188662114,0.0,1,0.0,937.12605056,ev below min (0.036)
2022-10-26,22200061.0,indiana pacers,3.3,0.3047218050347438,0.0055819566146544375,0.0,0,0.0,937.12605056,odds too high
2022-10-26,22200062.0,san antonio spurs,3.88,0.28829749797642407,0.11859429214852524,0.0,0,0.0,937.12605056,odds too high
2022-10-26,22200063.0,utah jazz,1.25,0.833724701551937,0.04215587693992129,0.0,1,0.0,937.12605056,ev below min (0.042)
2022-10-26,22200064.0,denver nuggets,1.45,0.6988319066625505,0.013306264660698064,0.0,1,0.0,937.12605056,ev below min (0.013)
2022-10-26,22200065.0,miami heat,1.64,0.530328720825374,-0.13026089784638673,0.0,1,0.0,937.12605056,ev below min (-0.130)
2022-10-27,22200066.0,dallas mavericks,1.66,0.6574257127036289,0.09132668308802394,0.0,1,0.0,937.12605056,ev below min (0.091)
2022-10-27,22200067.0,oklahoma city thunder,3.17,0.36804196192395844,0.1666930192989482,0.0,1,0.0,937.12605056,odds too high
2022-10-27,22200068.0,miami heat,2.71,0.3576206798632575,-0.030847957570572127,0.0,0,0.0,937.12605056,ev below min (-0.031)
2022-10-27,22200069.0,memphis grizzlies,1.64,0.6346614956544614,0.04084485287331652,0.0,1,0.0,937.12605056,ev below min (0.041)
2022-10-28,22200070.0,detroit pistons,2.77,0.3566610436238437,-0.012048909161952892,0.0,0,0.0,937.12605056,ev below min (-0.012)
2022-10-28,22200071.0,charlotte hornets,1.75,0.6022787018294211,0.053987728201486895,0.0,0,0.0,937.12605056,ev below min (0.054)
2022-10-28,22200072.0,cleveland cavaliers,3.1,0.3331525928317185,0.032773037778327296,0.0,1,0.0,937.12605056,odds too high
2022-10-28,22200073.0,toronto raptors,1.61,0.5604319568753788,-0.09770454943064,0.0,0,0.0,937.12605056,ev below min (-0.098)
2022-10-28,22200074.0,washington wizards,1.46,0.7046919988790248,0.02885031836337615,0.0,0,0.0,937.12605056,ev below min (0.029)
2022-10-28,22200075.0,new york knicks,2.8,0.3415442548649909,-0.04367608637802556,0.0,0,0.0,937.12605056,ev below min (-0.044)
2022-10-28,22200076.0,minnesota timberwolves,1.28,0.7394984894436207,-0.05344193351216542,0.0,1,0.0,937.12605056,ev below min (-0.053)
2022-10-28,22200077.0,san antonio spurs,2.35,0.6170995918642228,0.4501840408809237,18.7425210112,1,25.302403365120004,962.4284539251199,bet placed
2022-10-28,22200078.0,utah jazz,3.15,0.4327152510045073,0.3630530406641981,0.0,0,0.0,962.4284539251199,odds too high
2022-10-28,22200079.0,new orleans pelicans,3.39,0.3132100155577327,0.061781952740713963,0.0,0,0.0,962.4284539251199,odds too high
2022-10-28,22200080.0,portland trail blazers,1.51,0.6258216560161215,-0.055009299415656576,0.0,1,0.0,962.4284539251199,ev below min (-0.055)
2022-10-29,22200081.0,sacramento kings,2.33,0.4001328840278572,-0.06769038021509277,0.0,1,0.0,962.4284539251199,ev below min (-0.068)
2022-10-29,22200082.0,charlotte hornets,4.3,0.5161312560033802,1.2193644008145346,0.0,1,0.0,962.4284539251199,prob diff too low (0.022)
2022-10-29,22200083.0,indiana pacers,4.93,0.34799283336634423,0.7156046684960771,0.0,1,0.0,962.4284539251199,odds too high
2022-10-29,22200086.0,dallas mavericks,1.16,0.8561904546176935,-0.006819072643475588,0.0,0,0.0,962.4284539251199,odds too low
2022-10-29,22200087.0,utah jazz,2.14,0.5496401228588369,0.1762298629179111,19.2485690785024,1,21.943368749492738,984.3718226746126,bet placed
2022-10-30,22200088.0,los angeles clippers,1.74,0.5696273172770581,-0.008848467937918936,0.0,0,0.0,984.3718226746126,ev below min (-0.009)
2022-10-30,22200089.0,boston celtics,1.23,0.7812182150814638,-0.03910159544979952,0.0,1,0.0,984.3718226746126,odds too low
2022-10-30,22200090.0,new york knicks,2.26,0.4691324776780648,0.06023939955242641,0.0,0,0.0,984.3718226746126,ev below min (0.060)
2022-10-30,22200091.0,detroit pistons,3.22,0.29466381740966296,-0.05118250794088519,0.0,1,0.0,984.3718226746126,odds too high
2022-10-30,22200092.0,san antonio spurs,2.74,0.48066153364976255,0.31701260220034944,0.0,1,0.0,984.3718226746126,prob diff too low (0.036)
2022-10-30,22200093.0,dallas mavericks,1.23,0.8570545075216838,0.054177044251671136,0.0,1,0.0,984.3718226746126,odds too low
2022-10-30,22200094.0,phoenix suns,1.1,0.892938833850006,-0.017767282764993286,0.0,1,0.0,984.3718226746126,odds too low
2022-10-30,22200095.0,denver nuggets,1.67,0.5926745038274595,-0.01023357860814278,0.0,0,0.0,984.3718226746126,ev below min (-0.010)
2022-10-31,22200096.0,charlotte hornets,2.25,0.7322579519235113,0.6475803918279004,19.687436453492253,0,-19.687436453492253,964.6843862211203,bet placed
2022-10-31,22200097.0,washington wizards,2.09,0.5157605642878489,0.077939579361604,0.0,0,0.0,964.6843862211203,prob diff too low (0.032)
2022-10-31,22200098.0,indiana pacers,3.15,0.34562100785048466,0.08870617472902675,0.0,0,0.0,964.6843862211203,odds too high
2022-10-31,22200099.0,atlanta hawks,2.02,0.45323758989810337,-0.0844600684058312,0.0,0,0.0,964.6843862211203,ev below min (-0.084)
2022-10-31,22200100.0,detroit pistons,6.08,0.1562090684049061,-0.050248864098170976,0.0,0,0.0,964.6843862211203,odds too high
2022-10-31,22200101.0,utah jazz,2.13,0.5254636082138007,0.11923748549539548,0.0,1,0.0,964.6843862211203,prob diff too low (0.012)
2022-10-31,22200102.0,los angeles clippers,1.25,0.7718633438993993,-0.0351708201257509,0.0,1,0.0,964.6843862211203,ev below min (-0.035)
2022-11-01,22200103.0,brooklyn nets,1.69,0.5739700490450241,-0.029990617113909268,0.0,0,0.0,964.6843862211203,ev below min (-0.030)
2022-11-01,22200104.0,miami heat,1.78,0.600768839879564,0.0693685349856239,0.0,1,0.0,964.6843862211203,ev below min (0.069)
2022-11-01,22200105.0,oklahoma city thunder,1.62,0.6163002971877476,-0.001593518555848883,0.0,1,0.0,964.6843862211203,ev below min (-0.002)
2022-11-01,22200106.0,phoenix suns,1.54,0.7643276886567464,0.17706464053138937,19.29368772442241,1,10.418591371188102,975.1029775923084,bet placed
2022-11-02,22200107.0,cleveland cavaliers,1.93,0.5434632314059047,0.04888403661339602,0.0,1,0.0,975.1029775923084,prob diff too low (0.021)
2022-11-02,22200108.0,philadelphia 76ers,1.4,0.7416325138887749,0.03828551944428482,0.0,0,0.0,975.1029775923084,ev below min (0.038)
2022-11-02,22200109.0,miami heat,1.52,0.7397250830319821,0.12438212620861289,0.0,1,0.0,975.1029775923084,ev below min (0.124)
2022-11-02,22200110.0,new york knicks,1.68,0.6114753855911534,0.02727864779313771,0.0,0,0.0,975.1029775923084,ev below min (0.027)
2022-11-02,22200111.0,charlotte hornets,2.79,0.44775037186302746,0.24922353749784665,19.50205955184617,0,-19.50205955184617,955.6009180404623,bet placed
2022-11-02,22200112.0,houston rockets,2.7,0.42109092574207013,0.13694549950358947,0.0,0,0.0,955.6009180404623,ev below min (0.137)
2022-11-02,22200113.0,milwaukee bucks,1.15,0.7810750524840577,-0.10176368964333371,0.0,1,0.0,955.6009180404623,odds too low
2022-11-02,22200114.0,san antonio spurs,2.93,0.5219343531020495,0.5292676545890052,19.112018360809245,0,-19.112018360809245,936.4888996796531,bet placed
2022-11-02,22200115.0,utah jazz,2.92,0.38788220701884624,0.13261604449503106,0.0,0,0.0,936.4888996796531,ev below min (0.133)
2022-11-02,22200116.0,memphis grizzlies,1.43,0.6428307364930028,-0.08075204681500603,0.0,1,0.0,936.4888996796531,ev below min (-0.081)
2022-11-02,22200117.0,new orleans pelicans,1.66,0.6055199466516025,0.005163111441660151,0.0,0,0.0,936.4888996796531,ev below min (0.005)
2022-11-03,22200118.0,orlando magic,3.78,0.33459118756976314,0.2647546890137047,0.0,1,0.0,936.4888996796531,odds too high
2022-11-03,22200119.0,oklahoma city thunder,2.85,0.4512069728533578,0.2859398726320699,0.0,0,0.0,936.4888996796531,prob diff too low (0.015)
2022-11-04,22200120.0,cleveland cavaliers,1.55,0.5962634052578353,-0.07579172185035532,0.0,1,0.0,936.4888996796531,ev below min (-0.076)
2022-11-04,22200121.0,miami heat,1.57,0.613761880542566,-0.03639384754817143,0.0,0,0.0,936.4888996796531,ev below min (-0.036)
2022-11-04,22200122.0,philadelphia 76ers,1.57,0.6389797214556037,0.003198162685297712,0.0,0,0.0,936.4888996796531,ev below min (0.003)
2022-11-04,22200123.0,washington wizards,1.62,0.5897636569757667,-0.044582875699257896,0.0,0,0.0,936.4888996796531,ev below min (-0.045)
2022-11-04,22200124.0,boston celtics,1.33,0.7494199909094679,-0.0032714120904077104,0.0,1,0.0,936.4888996796531,ev below min (-0.003)
2022-11-04,22200125.0,charlotte hornets,5.3,0.2951556043090659,0.5643247028380491,0.0,0,0.0,936.4888996796531,odds too high
2022-11-04,22200126.0,san antonio spurs,2.25,0.5308548889926594,0.19442350023348376,18.72977799359306,0,-18.72977799359306,917.75912168606,bet placed
2022-11-04,22200127.0,dallas mavericks,1.54,0.6816002695261614,0.049664415070288515,0.0,1,0.0,917.75912168606,ev below min (0.050)
2022-11-04,22200128.0,golden state warriors,4.55,0.4315296428246025,0.9634598748519412,0.0,0,0.0,917.75912168606,odds too high
2022-11-04,22200129.0,minnesota timberwolves,1.97,0.4620368896252904,-0.08978732743817797,0.0,0,0.0,917.75912168606,prob diff too low (0.038)
2022-11-04,22200130.0,phoenix suns,1.12,0.8361220406292752,-0.06354331449521167,0.0,0,0.0,917.75912168606,odds too low
2022-11-04,22200131.0,utah jazz,2.23,0.6145566873124192,0.37046141270669475,18.3551824337212,1,22.576874393477077,940.335996079537,bet placed
2022-11-05,22200132.0,orlando magic,2.37,0.5257287998109372,0.2459772555519213,18.80671992159074,0,-18.80671992159074,921.5292761579462,bet placed
2022-11-05,22200133.0,charlotte hornets,2.26,0.5861418083062879,0.3246804867722106,18.430585523158925,0,-18.430585523158925,903.0986906347873,bet placed
2022-11-05,22200134.0,atlanta hawks,1.7,0.5992005550923014,0.01864094365691238,0.0,1,0.0,903.0986906347873,ev below min (0.019)
2022-11-05,22200135.0,new york knicks,2.31,0.5461173071386589,0.261530979490302,0.0,0,0.0,903.0986906347873,prob diff too low (0.014)
2022-11-05,22200136.0,milwaukee bucks,1.41,0.8244242736107636,0.16243822579117673,18.061973812695747,1,7.405409263205255,910.5040998979925,bet placed
2022-11-05,22200137.0,minnesota timberwolves,1.28,0.8246672943240243,0.05557413673475109,0.0,1,0.0,910.5040998979925,ev below min (0.056)
2022-11-05,22200138.0,san antonio spurs,4.75,0.3028135624855254,0.43836442180624546,0.0,0,0.0,910.5040998979925,odds too high
2022-11-05,22200139.0,phoenix suns,1.15,0.8220102292006225,-0.05468823641928422,0.0,1,0.0,910.5040998979925,odds too low
2022-11-06,22200140.0,los angeles lakers,2.62,0.457969231523037,0.19987938659035698,18.21008199795985,0,-18.21008199795985,892.2940179000327,bet placed
2022-11-06,22200141.0,toronto raptors,1.54,0.7352597209413783,0.1322999702497225,0.0,1,0.0,892.2940179000327,ev below min (0.132)
2022-11-06,22200142.0,memphis grizzlies,1.2,0.8182822957260045,-0.01806124512879459,0.0,1,0.0,892.2940179000327,odds too low
2022-11-06,22200143.0,utah jazz,2.24,0.4882375431237982,0.093652096597308,0.0,1,0.0,892.2940179000327,ev below min (0.094)
2022-11-07,22200144.0,charlotte hornets,1.7,0.6453226661087831,0.09704853238493127,0.0,0,0.0,892.2940179000327,ev below min (0.097)
2022-11-07,22200145.0,orlando magic,1.48,0.6643412837946413,-0.01677489998393089,0.0,0,0.0,892.2940179000327,ev below min (-0.017)
2022-11-07,22200146.0,detroit pistons,1.98,0.5338333733545477,0.05699007924200439,0.0,1,0.0,892.2940179000327,ev below min (0.057)
2022-11-07,22200147.0,indiana pacers,2.52,0.49035669247459074,0.2356988650359686,17.845880358000656,1,27.125738144160998,919.4197560441937,bet placed
2022-11-07,22200148.0,phoenix suns,1.69,0.5780460749093976,-0.023102133403118064,0.0,0,0.0,919.4197560441937,ev below min (-0.023)
2022-11-07,22200149.0,atlanta hawks,2.66,0.4740321572882175,0.26092553838665866,0.0,1,0.0,919.4197560441937,prob diff too low (0.001)
2022-11-07,22200150.0,miami heat,1.42,0.7030773487793498,-0.001630164733323336,0.0,0,0.0,919.4197560441937,ev below min (-0.002)
2022-11-07,22200151.0,toronto raptors,2.08,0.5101736520304648,0.06116119622336691,0.0,0,0.0,919.4197560441937,prob diff too low (0.014)
2022-11-07,22200152.0,memphis grizzlies,2.23,0.6049532111905053,0.3490456609548267,18.388395120883875,0,-18.388395120883875,901.0313609233099,bet placed
2022-11-07,22200153.0,minnesota timberwolves,1.64,0.6619524208208346,0.08560197014616877,0.0,0,0.0,901.0313609233099,ev below min (0.086)
2022-11-07,22200154.0,san antonio spurs,3.29,0.46798527239011617,0.5396715461634822,0.0,0,0.0,901.0313609233099,prob diff too low (0.012)
2022-11-07,22200155.0,dallas mavericks,1.39,0.7396785567898371,0.02815319393787341,0.0,1,0.0,901.0313609233099,ev below min (0.028)
2022-11-07,22200156.0,sacramento kings,3.37,0.3079891437215072,0.03792341434147928,0.0,0,0.0,901.0313609233099,odds too high
2022-11-07,22200157.0,utah jazz,1.33,0.8145834392116931,0.08339597415155175,0.0,1,0.0,901.0313609233099,ev below min (0.083)
2022-11-07,22200158.0,los angeles clippers,2.28,0.5036633715556382,0.14835248714685512,0.0,1,0.0,901.0313609233099,prob diff too low (0.018)
2022-11-09,22200159.0,charlotte hornets,2.0,0.573710102806252,0.14742020561250402,0.0,0,0.0,901.0313609233099,ev below min (0.147)
2022-11-09,22200160.0,indiana pacers,2.53,0.5041919116063674,0.27560553636410945,0.0,0,0.0,901.0313609233099,prob diff too low (0.041)
2022-11-09,22200161.0,orlando magic,3.65,0.27804150742696243,0.014851502108412795,0.0,1,0.0,901.0313609233099,odds too high
2022-11-09,22200162.0,utah jazz,2.37,0.5308514938697085,0.25811804047120934,0.0,1,0.0,901.0313609233099,prob diff too low (0.006)
2022-11-09,22200163.0,boston celtics,1.1,0.8531570067942059,-0.061527292526373456,0.0,1,0.0,901.0313609233099,odds too low
2022-11-09,22200164.0,new york knicks,2.2,0.4808757888520936,0.05792673547460603,0.0,0,0.0,901.0313609233099,ev below min (0.058)
2022-11-09,22200165.0,toronto raptors,1.18,0.8538788998065727,0.007577101771755856,0.0,1,0.0,901.0313609233099,odds too low
2022-11-09,22200166.0,chicago bulls,1.96,0.5701160713210229,0.11742749978920486,0.0,0,0.0,901.0313609233099,ev below min (0.117)
2022-11-09,22200167.0,phoenix suns,1.98,0.603589279144335,0.19510677270578336,18.0206272184662,1,17.660214674096874,918.6915755974068,bet placed
2022-11-09,22200168.0,milwaukee bucks,1.81,0.6900889947625237,0.24906108052016807,18.373831511948136,1,14.88280352467799,933.5743791220848,bet placed
2022-11-09,22200169.0,san antonio spurs,2.68,0.37491062670426656,0.004760479567434528,0.0,0,0.0,933.5743791220848,ev below min (0.005)
2022-11-09,22200170.0,los angeles clippers,1.59,0.6848205110017803,0.08886461249283073,0.0,1,0.0,933.5743791220848,ev below min (0.089)
2022-11-09,22200171.0,sacramento kings,2.38,0.504601397979165,0.20095132719041264,18.671487582441696,1,25.766652863769536,959.3410319858543,bet placed
2022-11-10,22200172.0,washington wizards,2.73,0.3736569429554906,0.020083454268489342,0.0,1,0.0,959.3410319858543,ev below min (0.020)
2022-11-10,22200173.0,atlanta hawks,1.79,0.6169692567673922,0.10437496961363202,0.0,1,0.0,959.3410319858543,ev below min (0.104)
2022-11-10,22200174.0,charlotte hornets,4.55,0.29823579204075196,0.3569728537854213,0.0,0,0.0,959.3410319858543,odds too high
2022-11-10,22200175.0,portland trail blazers,4.18,0.29301486353508305,0.22480212957664714,0.0,1,0.0,959.3410319858543,odds too high
2022-11-11,22200176.0,boston celtics,1.49,0.7197120837027734,0.07237100471713243,0.0,1,0.0,959.3410319858543,ev below min (0.072)
2022-11-11,22200177.0,phoenix suns,1.3,0.7837186462928186,0.018834240180664263,0.0,0,0.0,959.3410319858543,ev below min (0.019)
2022-11-11,22200178.0,detroit pistons,4.02,0.21667797461125962,-0.12895454206273638,0.0,0,0.0,959.3410319858543,odds too high
2022-11-11,22200179.0,oklahoma city thunder,2.51,0.4106305211309802,0.030682608038760106,0.0,1,0.0,959.3410319858543,ev below min (0.031)
2022-11-11,22200180.0,milwaukee bucks,1.97,0.6382997552019516,0.25745051774784455,19.186820639717087,0,-19.186820639717087,940.1542113461372,bet placed
2022-11-11,22200181.0,memphis grizzlies,1.52,0.7145013074122982,0.08604198726669332,0.0,1,0.0,940.1542113461372,ev below min (0.086)
2022-11-11,22200182.0,cleveland cavaliers,2.13,0.47313891991390855,0.007785899416625108,0.0,0,0.0,940.1542113461372,ev below min (0.008)
2022-11-11,22200183.0,los angeles lakers,2.23,0.5379838921624682,0.19970407952230418,0.0,0,0.0,940.1542113461372,prob diff too low (0.020)
2022-11-12,22200184.0,los angeles clippers,1.75,0.6060719711689486,0.06062594954566003,0.0,0,0.0,940.1542113461372,ev below min (0.061)
2022-11-12,22200185.0,utah jazz,1.51,0.6317061159295134,-0.046123764946434775,0.0,0,0.0,940.1542113461372,ev below min (-0.046)
2022-11-12,22200186.0,boston celtics,1.24,0.7379464802164099,-0.08494636453165183,0.0,1,0.0,940.1542113461372,odds too low
2022-11-12,22200187.0,toronto raptors,2.07,0.5305333326626059,0.09820399861159412,0.0,0,0.0,940.1542113461372,prob diff too low (0.010)
2022-11-12,22200188.0,philadelphia 76ers,1.62,0.5695064436105883,-0.0773995613508468,0.0,1,0.0,940.1542113461372,ev below min (-0.077)
2022-11-12,22200189.0,charlotte hornets,3.43,0.3035040189808082,0.04101878510417212,0.0,0,0.0,940.1542113461372,odds too high
2022-11-12,22200190.0,dallas mavericks,1.38,0.6981547434841792,-0.03654645399183287,0.0,1,0.0,940.1542113461372,ev below min (-0.037)
2022-11-12,22200191.0,new orleans pelicans,1.16,0.8287428178382489,-0.03865833130763141,0.0,1,0.0,940.1542113461372,odds too low
2022-11-13,22200192.0,new york knicks,1.42,0.7087133024646249,0.006372889499767442,0.0,0,0.0,940.1542113461372,ev below min (0.006)
2022-11-13,22200193.0,cleveland cavaliers,1.79,0.7070034685215677,0.26553620865360616,18.803084226922746,0,-18.803084226922746,921.3511271192145,bet placed
2022-11-13,22200194.0,memphis grizzlies,1.94,0.5896713502281968,0.14396241944270183,0.0,0,0.0,921.3511271192145,ev below min (0.144)
2022-11-13,22200195.0,utah jazz,2.26,0.5063138705586591,0.14426934746256936,0.0,0,0.0,921.3511271192145,ev below min (0.144)
2022-11-13,22200196.0,chicago bulls,1.92,0.5094067919040489,-0.02193895954422609,0.0,0,0.0,921.3511271192145,prob diff too low (0.001)
2022-11-13,22200197.0,sacramento kings,2.34,0.4652946526359898,0.088789487168216,0.0,1,0.0,921.3511271192145,prob diff too low (0.023)
2022-11-13,22200198.0,los angeles lakers,2.45,0.4677430955053018,0.14597058398798946,0.0,1,0.0,921.3511271192145,ev below min (0.146)
2022-11-14,22200199.0,toronto raptors,1.47,0.605914627868759,-0.10930549703292425,0.0,1,0.0,921.3511271192145,ev below min (-0.109)
2022-11-14,22200200.0,orlando magic,1.9,0.5508746746904514,0.046661881911857606,0.0,0,0.0,921.3511271192145,ev below min (0.047)
2022-11-14,22200201.0,boston celtics,1.12,0.8662755017575633,-0.02977143803152904,0.0,1,0.0,921.3511271192145,odds too low
2022-11-14,22200202.0,phoenix suns,2.05,0.5695268359357109,0.1675300136682072,18.42702254238429,0,-18.42702254238429,902.9241045768302,bet placed
2022-11-14,22200203.0,houston rockets,2.51,0.36867801584307336,-0.074618180233886,0.0,0,0.0,902.9241045768302,ev below min (-0.075)
2022-11-14,22200204.0,milwaukee bucks,1.55,0.6414212213982572,-0.005797106832701293,0.0,0,0.0,902.9241045768302,ev below min (-0.006)
2022-11-14,22200205.0,san antonio spurs,3.67,0.33051398241355967,0.21298631545776403,0.0,0,0.0,902.9241045768302,odds too high
2022-11-15,22200206.0,memphis grizzlies,1.89,0.5333509905965712,0.00803337222751943,0.0,0,0.0,902.9241045768302,prob diff too low (0.001)
2022-11-15,22200207.0,dallas mavericks,1.35,0.6643126294139652,-0.10317795029114696,0.0,1,0.0,902.9241045768302,ev below min (-0.103)
2022-11-15,22200208.0,utah jazz,1.49,0.7762984520036398,0.15668469348542335,18.058482091536604,0,-18.058482091536604,884.8656224852937,bet placed
2022-11-15,22200209.0,san antonio spurs,3.56,0.33623012442722006,0.1969792429609034,0.0,0,0.0,884.8656224852937,odds too high
2022-11-15,22200210.0,sacramento kings,1.76,0.5756790801813341,0.01319518111914797,0.0,1,0.0,884.8656224852937,ev below min (0.013)
2022-11-16,22200211.0,charlotte hornets,1.82,0.5797349502536554,0.05511760946165278,0.0,0,0.0,884.8656224852937,ev below min (0.055)
2022-11-16,22200212.0,orlando magic,3.2,0.43555783492662686,0.39378507176520605,0.0,0,0.0,884.8656224852937,odds too high
2022-11-16,22200213.0,washington wizards,1.44,0.6508619783707875,-0.062758751146066,0.0,0,0.0,884.8656224852937,ev below min (-0.063)
2022-11-16,22200214.0,atlanta hawks,1.88,0.4993290109266603,-0.06126145945787864,0.0,0,0.0,884.8656224852937,prob diff too low (0.013)
2022-11-16,22200215.0,toronto raptors,1.61,0.5541530265903466,-0.1078136271895419,0.0,1,0.0,884.8656224852937,ev below min (-0.108)
2022-11-16,22200216.0,milwaukee bucks,1.68,0.7344630114477756,0.23389785923226292,17.697312449705873,1,12.034172465799992,896.8997949510937,bet placed
2022-11-16,22200217.0,new orleans pelicans,1.73,0.6801537050212823,0.1766659096868184,17.937995899021875,1,13.094737006285968,909.9945319573796,bet placed
2022-11-16,22200218.0,dallas mavericks,1.33,0.8548541781568706,0.13695605694863788,0.0,0,0.0,909.9945319573796,ev below min (0.137)
2022-11-16,22200219.0,denver nuggets,1.7,0.6917336923291343,0.17594727695952828,18.199890639147593,0,-18.199890639147593,891.794641318232,bet placed
2022-11-16,22200220.0,phoenix suns,2.04,0.7103403999664105,0.4490944159314776,17.835892826364642,1,18.54932853941923,910.3439698576512,bet placed
2022-11-17,22200221.0,brooklyn nets,2.12,0.4740521963067034,0.004990656170211327,0.0,1,0.0,910.3439698576512,ev below min (0.005)
2022-11-17,22200222.0,san antonio spurs,3.04,0.33268355528171767,0.011358008056421731,0.0,0,0.0,910.3439698576512,odds too high
2022-11-17,22200223.0,detroit pistons,4.32,0.2396827209078368,0.03542935432185512,0.0,0,0.0,910.3439698576512,odds too high
2022-11-18,22200224.0,miami heat,3.34,0.4455507495778924,0.48813950359016056,0.0,0,0.0,910.3439698576512,odds too high
2022-11-18,22200225.0,charlotte hornets,4.42,0.330962492844029,0.46285421837060814,0.0,0,0.0,910.3439698576512,odds too high
2022-11-18,22200226.0,philadelphia 76ers,1.94,0.5514257997543541,0.06976605152344706,0.0,1,0.0,910.3439698576512,ev below min (0.070)
2022-11-18,22200227.0,orlando magic,3.74,0.2942165414623129,0.10036986506905032,0.0,1,0.0,910.3439698576512,odds too high
2022-11-18,22200228.0,houston rockets,2.69,0.46218003228314236,0.24326428684165302,18.206879397153024,0,-18.206879397153024,892.1370904604983,bet placed
2022-11-18,22200229.0,memphis grizzlies,1.37,0.7954968775696356,0.0898307222704009,0.0,1,0.0,892.1370904604983,ev below min (0.090)
2022-11-18,22200230.0,denver nuggets,4.38,0.41374361911980656,0.8121970517447528,0.0,0,0.0,892.1370904604983,odds too high
2022-11-18,22200231.0,new orleans pelicans,2.13,0.4649442675171161,-0.009668710188542762,0.0,0,0.0,892.1370904604983,ev below min (-0.010)
2022-11-18,22200232.0,utah jazz,1.82,0.5952507656447874,0.08335639347351309,0.0,1,0.0,892.1370904604983,prob diff too low (0.044)
2022-11-18,22200233.0,new york knicks,3.03,0.3620945337342404,0.09714643721474836,0.0,0,0.0,892.1370904604983,odds too high
2022-11-18,22200234.0,detroit pistons,2.94,0.3860989412457003,0.1351308872623589,0.0,0,0.0,892.1370904604983,ev below min (0.135)
2022-11-19,22200235.0,atlanta hawks,1.43,0.5899028137731614,-0.1564389763043792,0.0,1,0.0,892.1370904604983,ev below min (-0.156)
2022-11-19,22200236.0,orlando magic,3.08,0.33457484659075115,0.03049052749951353,0.0,0,0.0,892.1370904604983,odds too high
2022-11-19,22200237.0,philadelphia 76ers,2.18,0.6797659080394483,0.48188967952599726,17.842741809209965,0,-17.842741809209965,874.2943486512883,bet placed
2022-11-19,22200238.0,utah jazz,2.32,0.5312793181037969,0.23256801800080873,17.485886973025767,1,23.08137080439401,897.3757194556823,bet placed
2022-11-19,22200239.0,san antonio spurs,3.82,0.29054149870032253,0.10986852503523203,0.0,0,0.0,897.3757194556823,odds too high
2022-11-20,22200240.0,phoenix suns,1.4,0.760305967718486,0.06442835480588038,0.0,1,0.0,897.3757194556823,ev below min (0.064)
2022-11-20,22200241.0,washington wizards,1.47,0.6406013946274637,-0.05831594989762845,0.0,1,0.0,897.3757194556823,ev below min (-0.058)
2022-11-20,22200242.0,detroit pistons,5.07,0.20354159554025922,0.03195588938911431,0.0,0,0.0,897.3757194556823,odds too high
2022-11-20,22200243.0,memphis grizzlies,3.24,0.5344157963386046,0.7315071801370789,0.0,0,0.0,897.3757194556823,prob diff too low (0.023)
2022-11-20,22200244.0,miami heat,3.13,0.4499202208808433,0.4082502913570396,0.0,0,0.0,897.3757194556823,odds too high
2022-11-20,22200245.0,houston rockets,4.3,0.27418035855671763,0.17897554179388586,0.0,0,0.0,897.3757194556823,odds too high
2022-11-20,22200246.0,denver nuggets,4.33,0.3649248539423609,0.5801246175704227,0.0,1,0.0,897.3757194556823,odds too high
2022-11-20,22200247.0,san antonio spurs,2.83,0.4414044709927506,0.24917465290948426,17.947514389113646,0,-17.947514389113646,879.4282050665687,bet placed
2022-11-21,22200248.0,atlanta hawks,2.1,0.43517360661837123,-0.08613542610142033,0.0,0,0.0,879.4282050665687,ev below min (-0.086)
2022-11-21,22200249.0,orlando magic,2.96,0.3356034130990041,-0.006613897226947829,0.0,0,0.0,879.4282050665687,ev below min (-0.007)
2022-11-21,22200250.0,boston celtics,1.4,0.6824544894386232,-0.04456371478592758,0.0,0,0.0,879.4282050665687,ev below min (-0.045)
2022-11-21,22200251.0,milwaukee bucks,1.19,0.7521619284247781,-0.1049273051745141,0.0,1,0.0,879.4282050665687,odds too low
2022-11-21,22200252.0,miami heat,3.44,0.39066575630653894,0.343890201694494,0.0,0,0.0,879.4282050665687,odds too high
2022-11-21,22200253.0,golden state warriors,3.5,0.4290146436338554,0.5015512527184938,0.0,0,0.0,879.4282050665687,odds too high
2022-11-21,22200254.0,new york knicks,1.87,0.49131726419058735,-0.0812367159636016,0.0,1,0.0,879.4282050665687,prob diff too low (0.029)
2022-11-21,22200255.0,los angeles clippers,1.65,0.6104099921568696,0.007176487058834891,0.0,1,0.0,879.4282050665687,ev below min (0.007)
2022-11-22,22200256.0,philadelphia 76ers,3.15,0.6737638473487237,1.1223561191484799,0.0,1,0.0,879.4282050665687,odds too high
2022-11-22,22200257.0,memphis grizzlies,1.6,0.6982754084442501,0.11724065351080015,0.0,0,0.0,879.4282050665687,ev below min (0.117)
2022-11-22,22200258.0,detroit pistons,5.4,0.19108235303299298,0.03184470637816217,0.0,1,0.0,879.4282050665687,odds too high
2022-11-22,22200259.0,phoenix suns,1.17,0.8210901307732773,-0.03932454699526566,0.0,1,0.0,879.4282050665687,odds too low
2022-11-23,22200260.0,philadelphia 76ers,2.26,0.6145281078611046,0.38883352376609626,17.588564101331375,0,-17.588564101331375,861.8396409652373,bet placed
2022-11-23,22200261.0,cleveland cavaliers,1.31,0.7542174166793294,-0.011975184150078477,0.0,1,0.0,861.8396409652373,ev below min (-0.012)
2022-11-23,22200262.0,indiana pacers,1.9,0.5794133277776332,0.10088532277750306,0.0,0,0.0,861.8396409652373,ev below min (0.101)
2022-11-23,22200263.0,atlanta hawks,1.47,0.577671501201287,-0.15082289323410814,0.0,1,0.0,861.8396409652373,ev below min (-0.151)
2022-11-23,22200264.0,boston celtics,1.39,0.7485630482845641,0.04050263711554414,0.0,1,0.0,861.8396409652373,ev below min (0.041)
2022-11-23,22200265.0,washington wizards,2.38,0.3657851632526397,-0.12943131145871756,0.0,0,0.0,861.8396409652373,ev below min (-0.129)
2022-11-23,22200266.0,toronto raptors,2.04,0.616495488406837,0.2576507963499475,17.236792819304746,0,-17.236792819304746,844.6028481459326,bet placed
2022-11-23,22200267.0,milwaukee bucks,1.3,0.7235072939496369,-0.059440517865472,0.0,0,0.0,844.6028481459326,ev below min (-0.059)
2022-11-23,22200268.0,denver nuggets,1.82,0.4891842368124486,-0.10968468900134354,0.0,1,0.0,844.6028481459326,prob diff too low (0.007)
2022-11-23,22200269.0,new orleans pelicans,1.43,0.6699951438419689,-0.04190694430598452,0.0,1,0.0,844.6028481459326,ev below min (-0.042)
2022-11-23,22200270.0,utah jazz,1.12,0.8367321107186676,-0.06286003599509216,0.0,0,0.0,844.6028481459326,odds too low
2022-11-23,22200271.0,los angeles clippers,3.85,0.38835595167079984,0.49517041393257943,0.0,0,0.0,844.6028481459326,odds too high
2022-11-25,22200272.0,charlotte hornets,2.59,0.4115935428564968,0.0660272759983267,0.0,1,0.0,844.6028481459326,ev below min (0.066)
2022-11-25,22200273.0,philadelphia 76ers,1.9,0.6838587775311183,0.2993316773091248,16.89205696291865,1,15.202851266626785,859.8056994125594,bet placed
2022-11-25,22200274.0,new york knicks,1.53,0.6563768132157305,0.0042565242200676146,0.0,0,0.0,859.8056994125594,ev below min (0.004)
2022-11-25,22200275.0,boston celtics,1.28,0.7778447092016048,-0.004358772221945917,0.0,1,0.0,859.8056994125594,ev below min (-0.004)
2022-11-25,22200276.0,indiana pacers,2.2,0.5793787302139501,0.27463320647069045,17.196113988251188,1,20.63533678590143,880.4410361984609,bet placed
2022-11-25,22200277.0,miami heat,1.63,0.5914839762180736,-0.03588111876454014,0.0,1,0.0,880.4410361984609,ev below min (-0.036)
2022-11-25,22200278.0,atlanta hawks,1.32,0.667918020158718,-0.11834821339049217,0.0,0,0.0,880.4410361984609,ev below min (-0.118)
2022-11-25,22200279.0,memphis grizzlies,1.66,0.6444126333249333,0.06972497131938926,0.0,1,0.0,880.4410361984609,ev below min (0.070)
2022-11-25,22200280.0,milwaukee bucks,1.51,0.6520692065471186,-0.01537549811385086,0.0,1,0.0,880.4410361984609,ev below min (-0.015)
2022-11-25,22200281.0,oklahoma city thunder,2.1,0.5125899003131925,0.07643879065770443,0.0,1,0.0,880.4410361984609,prob diff too low (0.026)
2022-11-25,22200282.0,san antonio spurs,2.26,0.5331511865114434,0.2049216815158621,17.608820723969217,0,-17.608820723969217,862.8322154744917,bet placed
2022-11-25,22200283.0,phoenix suns,1.11,0.8502315521391702,-0.056242977125520954,0.0,1,0.0,862.8322154744917,odds too low
2022-11-25,22200284.0,utah jazz,3.31,0.41557144489847386,0.3755414826139485,0.0,0,0.0,862.8322154744917,odds too high
2022-11-25,22200285.0,los angeles clippers,2.29,0.5636642717389508,0.29079118228219736,17.256644309489836,0,-17.256644309489836,845.5755711650019,bet placed
2022-11-26,22200286.0,toronto raptors,2.08,0.5339482972557146,0.11061245829188637,0.0,1,0.0,845.5755711650019,prob diff too low (0.039)
2022-11-26,22200287.0,oklahoma city thunder,1.7,0.5595557406761387,-0.04875524085056426,0.0,0,0.0,845.5755711650019,ev below min (-0.049)
2022-11-26,22200288.0,san antonio spurs,1.77,0.5227983475921112,-0.07464692476196322,0.0,0,0.0,845.5755711650019,ev below min (-0.075)
2022-11-26,22200289.0,phoenix suns,1.37,0.7617288043048058,0.04356846189758401,0.0,1,0.0,845.5755711650019,ev below min (0.044)
2022-11-27,22200290.0,portland trail blazers,3.22,0.31483753208608306,0.013776853317187587,0.0,0,0.0,845.5755711650019,odds too high
2022-11-27,22200291.0,minnesota timberwolves,1.94,0.5528937737193281,0.07261392101549657,0.0,0,0.0,845.5755711650019,ev below min (0.073)
2022-11-27,22200292.0,los angeles clippers,2.0,0.6602392620630079,0.32047852412601574,16.911511423300038,1,16.911511423300038,862.4870825883019,bet placed
2022-11-27,22200293.0,atlanta hawks,1.55,0.5959936994827936,-0.07620976580166994,0.0,0,0.0,862.4870825883019,ev below min (-0.076)
2022-11-27,22200294.0,boston celtics,1.27,0.8110945248598946,0.030090046572066154,0.0,1,0.0,862.4870825883019,ev below min (0.030)
2022-11-27,22200295.0,detroit pistons,3.13,0.3370421415813495,0.05494190314962388,0.0,0,0.0,862.4870825883019,odds too high
2022-11-27,22200296.0,new york knicks,1.91,0.518151319296225,-0.010330980144210189,0.0,0,0.0,862.4870825883019,prob diff too low (0.012)
2022-11-27,22200297.0,philadelphia 76ers,1.83,0.6700224421275486,0.22614106909341403,17.249741651766037,1,14.317285570965812,876.8043681592677,bet placed
2022-11-27,22200298.0,dallas mavericks,2.71,0.3540767258744342,-0.04045207288028341,0.0,0,0.0,876.8043681592677,ev below min (-0.040)
2022-11-28,22200299.0,philadelphia 76ers,1.64,0.6758847390362903,0.10845097201951615,0.0,1,0.0,876.8043681592677,ev below min (0.108)
2022-11-28,22200300.0,washington wizards,1.8,0.518975829994976,-0.0658435060090431,0.0,1,0.0,876.8043681592677,ev below min (-0.066)
2022-11-28,22200301.0,boston celtics,1.16,0.8494771244415242,-0.014606535647831986,0.0,1,0.0,876.8043681592677,odds too low
2022-11-28,22200302.0,brooklyn nets,1.15,0.8035422882938569,-0.07592636846206469,0.0,1,0.0,876.8043681592677,odds too low
2022-11-28,22200303.0,cleveland cavaliers,2.48,0.44130407362881025,0.09443410259944951,0.0,0,0.0,876.8043681592677,ev below min (0.094)
2022-11-28,22200304.0,new orleans pelicans,1.42,0.8297741292678495,0.1782792635603463,17.536087363185356,1,7.365156692537848,884.1695248518056,bet placed
2022-11-28,22200305.0,denver nuggets,1.13,0.7944337124971643,-0.10228990487820444,0.0,1,0.0,884.1695248518056,odds too low
2022-11-28,22200306.0,utah jazz,1.69,0.7427794869743749,0.25529733298669344,17.68339049703611,0,-17.68339049703611,866.4861343547694,bet placed
2022-11-28,22200307.0,phoenix suns,1.84,0.5844590032965555,0.07540456606566215,0.0,1,0.0,866.4861343547694,ev below min (0.075)
2022-11-28,22200308.0,indiana pacers,2.24,0.49571955929154254,0.11041181281305534,0.0,1,0.0,866.4861343547694,ev below min (0.110)
2022-11-29,22200309.0,detroit pistons,2.32,0.3872275686293012,-0.1016320407800213,0.0,0,0.0,866.4861343547694,ev below min (-0.102)
2022-11-29,22200310.0,dallas mavericks,1.84,0.6091000677408036,0.12074412464307871,0.0,1,0.0,866.4861343547694,ev below min (0.121)
2022-11-29,22200311.0,los angeles clippers,2.32,0.5061221994211743,0.17420350265712425,17.32972268709539,1,22.875233946965913,889.3613683017353,bet placed
2022-11-30,22200312.0,philadelphia 76ers,2.27,0.47737683692427907,0.08364541981811358,0.0,0,0.0,889.3613683017353,ev below min (0.084)
2022-11-30,22200313.0,atlanta hawks,1.37,0.6496850566044127,-0.10993147245195456,0.0,1,0.0,889.3613683017353,ev below min (-0.110)
2022-11-30,22200314.0,miami heat,3.85,0.24833547881054613,-0.04390840657939743,0.0,0,0.0,889.3613683017353,odds too high
2022-11-30,22200315.0,brooklyn nets,1.41,0.6487629580195305,-0.085244229192462,0.0,1,0.0,889.3613683017353,ev below min (-0.085)
2022-11-30,22200316.0,new york knicks,2.7,0.47563902737073205,0.2842253739009766,0.0,0,0.0,889.3613683017353,prob diff too low (0.013)
2022-11-30,22200317.0,minnesota timberwolves,2.12,0.523954252646384,0.11078301561033399,0.0,1,0.0,889.3613683017353,prob diff too low (0.020)
2022-11-30,22200318.0,new orleans pelicans,2.06,0.6726727272787365,0.38570581819419725,17.787227366034706,1,18.85446100799679,908.215829309732,bet placed
2022-11-30,22200319.0,oklahoma city thunder,1.65,0.6613860481404938,0.09128697943181474,0.0,1,0.0,908.215829309732,ev below min (0.091)
2022-11-30,22200320.0,denver nuggets,1.13,0.7978333546571806,-0.09844830923738601,0.0,1,0.0,908.215829309732,odds too low
2022-11-30,22200321.0,phoenix suns,1.43,0.7637220354666892,0.09212251071736555,0.0,1,0.0,908.215829309732,ev below min (0.092)
2022-11-30,22200322.0,los angeles clippers,3.14,0.43206752809073007,0.35669203820489237,0.0,0,0.0,908.215829309732,odds too high
2022-11-30,22200323.0,indiana pacers,2.39,0.4261454924569694,0.01848772697215706,0.0,0,0.0,908.215829309732,ev below min (0.018)
2022-11-30,22200324.0,portland trail blazers,2.77,0.3213364766246972,-0.10989795974958871,0.0,0,0.0,908.215829309732,ev below min (-0.110)
2022-12-01,22200325.0,detroit pistons,3.29,0.2960026602253983,-0.026151247858439586,0.0,1,0.0,908.215829309732,odds too high
2022-12-02,22200326.0,charlotte hornets,2.31,0.49332353417426683,0.13957736394255638,0.0,1,0.0,908.215829309732,prob diff too low (0.025)
2022-12-02,22200327.0,atlanta hawks,2.36,0.5537135582068758,0.306763997368227,18.16431658619464,1,24.70347055722471,932.9192998669567,bet placed
2022-12-02,22200328.0,boston celtics,1.33,0.7788364361876495,0.03585246012957399,0.0,0,0.0,932.9192998669567,ev below min (0.036)
2022-12-02,22200329.0,brooklyn nets,1.73,0.5835550137009574,0.009550173702656206,0.0,1,0.0,932.9192998669567,ev below min (0.010)
2022-12-02,22200330.0,cleveland cavaliers,1.14,0.8529641908002642,-0.027620822487698926,0.0,1,0.0,932.9192998669567,odds too low
2022-12-02,22200331.0,los angeles lakers,3.62,0.2678889531172851,-0.030241989715427908,0.0,1,0.0,932.9192998669567,odds too high
2022-12-02,22200332.0,philadelphia 76ers,2.42,0.41550578659790083,0.005524003566919955,0.0,0,0.0,932.9192998669567,ev below min (0.006)
2022-12-02,22200333.0,san antonio spurs,3.09,0.3115580564025708,-0.037285605716056325,0.0,0,0.0,932.9192998669567,odds too high
2022-12-02,22200334.0,phoenix suns,1.13,0.8630127168492135,-0.024795629960388754,0.0,0,0.0,932.9192998669567,odds too low
2022-12-02,22200335.0,utah jazz,1.55,0.7640933925921792,0.1843447585178779,18.658385997339135,1,10.262112298536525,943.1814121654933,bet placed
2022-12-02,22200336.0,golden state warriors,1.3,0.7257137385862714,-0.056572139837847146,0.0,1,0.0,943.1814121654933,ev below min (-0.057)
2022-12-03,22200337.0,new york knicks,1.91,0.5552025858881575,0.06043693904638081,0.0,0,0.0,943.1814121654933,prob diff too low (0.026)
2022-12-03,22200338.0,los angeles clippers,2.19,0.5706110229747557,0.24963814031471498,18.863628243309865,0,-18.863628243309865,924.3177839221834,bet placed
2022-12-03,22200339.0,milwaukee bucks,1.73,0.5997267078117864,0.0375272045143904,0.0,1,0.0,924.3177839221834,ev below min (0.038)
2022-12-03,22200340.0,orlando magic,4.37,0.20848913759313165,-0.08890246871801466,0.0,0,0.0,924.3177839221834,odds too high
2022-12-03,22200341.0,minnesota timberwolves,1.44,0.6938290336210704,-0.0008861915856586133,0.0,0,0.0,924.3177839221834,ev below min (-0.001)
2022-12-03,22200342.0,golden state warriors,1.19,0.8313019701923021,-0.010750655471160497,0.0,1,0.0,924.3177839221834,odds too low
2022-12-03,22200343.0,utah jazz,1.45,0.7621421849882405,0.1051061682329486,0.0,0,0.0,924.3177839221834,ev below min (0.105)
2022-12-04,22200344.0,new orleans pelicans,1.72,0.6926032129477726,0.19127752627016892,18.48635567844367,1,13.310176088479441,937.6279600106628,bet placed
2022-12-04,22200345.0,san antonio spurs,4.25,0.22443801561631535,-0.046138433630659725,0.0,0,0.0,937.6279600106628,odds too high
2022-12-04,22200346.0,boston celtics,1.68,0.637380824735547,0.07079978555571897,0.0,1,0.0,937.6279600106628,ev below min (0.071)
2022-12-04,22200347.0,detroit pistons,2.99,0.3150127365351189,-0.05811191775999436,0.0,0,0.0,937.6279600106628,ev below min (-0.058)
2022-12-04,22200348.0,new york knicks,2.05,0.5594025671943457,0.14677526274840846,0.0,1,0.0,937.6279600106628,prob diff too low (0.035)
2022-12-04,22200349.0,washington wizards,1.74,0.6237249086958334,0.08528134113075003,0.0,0,0.0,937.6279600106628,ev below min (0.085)
2022-12-04,22200350.0,sacramento kings,1.6,0.7324015437037295,0.17184246992596708,18.752559200213256,1,11.251535520127955,948.8794955307908,bet placed
2022-12-04,22200351.0,indiana pacers,2.5,0.4841240161812745,0.21031004045318613,0.0,0,0.0,948.8794955307908,prob diff too low (0.017)
2022-12-05,22200352.0,charlotte hornets,2.85,0.45754378690138436,0.3039997926689455,0.0,0,0.0,948.8794955307908,prob diff too low (0.003)
2022-12-05,22200353.0,orlando magic,4.32,0.2606791590063687,0.12613396690751277,0.0,0,0.0,948.8794955307908,odds too high
2022-12-05,22200354.0,atlanta hawks,1.38,0.7322038123389425,0.010441261027740456,0.0,0,0.0,948.8794955307908,ev below min (0.010)
2022-12-05,22200355.0,boston celtics,1.91,0.6230462362167959,0.19001831117408008,18.977589910615816,1,17.269606818660392,966.1491023494511,bet placed
2022-12-05,22200356.0,houston rockets,3.38,0.3476841038360622,0.17517227096589005,0.0,1,0.0,966.1491023494511,odds too high
2022-12-05,22200357.0,memphis grizzlies,2.5,0.6870678629364695,0.7176696573411738,19.322982046989022,1,28.98447307048353,995.1335754199347,bet placed
2022-12-05,22200358.0,phoenix suns,2.13,0.5002273824778535,0.06548432467782783,0.0,0,0.0,995.1335754199347,ev below min (0.065)
2022-12-05,22200359.0,indiana pacers,5.55,0.25983129959870754,0.44206371277282686,0.0,1,0.0,995.1335754199347,odds too high
2022-12-06,22200360.0,cleveland cavaliers,1.4,0.7113856423902318,-0.004060100653675458,0.0,1,0.0,995.1335754199347,ev below min (-0.004)
2022-12-06,22200361.0,miami heat,1.3,0.8262348840601283,0.07410534927816692,0.0,0,0.0,995.1335754199347,ev below min (0.074)
2022-12-06,22200362.0,dallas mavericks,2.36,0.43205206125267237,0.019642864556306705,0.0,1,0.0,995.1335754199347,ev below min (0.020)
2022-12-07,22200363.0,orlando magic,2.85,0.3434648514916574,-0.021125173248776385,0.0,1,0.0,995.1335754199347,ev below min (-0.021)
2022-12-07,22200364.0,charlotte hornets,4.25,0.24430015921384865,0.03827567665885678,0.0,0,0.0,995.1335754199347,odds too high
2022-12-07,22200365.0,new york knicks,1.64,0.559076653178843,-0.08311428878669747,0.0,1,0.0,995.1335754199347,ev below min (-0.083)
2022-12-07,22200366.0,los angeles lakers,5.35,0.3755248121302818,1.0090577448970075,0.0,0,0.0,995.1335754199347,odds too high
2022-12-07,22200367.0,washington wizards,2.45,0.41565738216020603,0.01836058629250492,0.0,0,0.0,995.1335754199347,ev below min (0.018)
2022-12-07,22200368.0,memphis grizzlies,1.21,0.7772556507252253,-0.05952066262247746,0.0,1,0.0,995.1335754199347,odds too low
2022-12-07,22200369.0,sacramento kings,2.77,0.3392469626069864,-0.060285913578647654,0.0,0,0.0,995.1335754199347,ev below min (-0.060)
2022-12-07,22200370.0,minnesota timberwolves,1.44,0.6522888615882706,-0.06070403931289037,0.0,1,0.0,995.1335754199347,ev below min (-0.061)
2022-12-07,22200371.0,new orleans pelicans,1.11,0.8409956974553268,-0.06649477582458718,0.0,1,0.0,995.1335754199347,odds too low
2022-12-07,22200372.0,golden state warriors,2.58,0.5024463319871489,0.2963115365268443,19.902671508398694,0,-19.902671508398694,975.230903911536,bet placed
2022-12-07,22200373.0,boston celtics,1.94,0.5561052923073868,0.0788442670763303,0.0,1,0.0,975.230903911536,prob diff too low (0.001)
2022-12-08,22200374.0,los angeles clippers,2.86,0.308873751552964,-0.116621070558523,0.0,0,0.0,975.230903911536,ev below min (-0.117)
2022-12-08,22200375.0,san antonio spurs,1.92,0.4809468883574923,-0.07658197435361491,0.0,1,0.0,975.230903911536,prob diff too low (0.026)
2022-12-08,22200376.0,denver nuggets,1.7,0.4974993050381793,-0.1542511814350952,0.0,1,0.0,975.230903911536,ev below min (-0.154)
2022-12-09,22200377.0,charlotte hornets,2.24,0.4826611870946643,0.08116105909204818,0.0,0,0.0,975.230903911536,prob diff too low (0.022)
2022-12-09,22200378.0,washington wizards,2.24,0.42183734244506027,-0.055084352923064905,0.0,0,0.0,975.230903911536,ev below min (-0.055)
2022-12-09,22200379.0,orlando magic,3.52,0.34727550785870814,0.22240978766265274,0.0,1,0.0,975.230903911536,odds too high
2022-12-09,22200380.0,atlanta hawks,3.1,0.3651035202226947,0.13182091269035356,0.0,0,0.0,975.230903911536,odds too high
2022-12-09,22200381.0,cleveland cavaliers,1.56,0.6716920789686591,0.04783964319110834,0.0,0,0.0,975.230903911536,ev below min (0.048)
2022-12-09,22200382.0,philadelphia 76ers,1.46,0.7456596081243055,0.08866302786148617,0.0,1,0.0,975.230903911536,ev below min (0.089)
2022-12-09,22200383.0,memphis grizzlies,1.16,0.8097294315409117,-0.06071385941254248,0.0,1,0.0,975.230903911536,odds too low
2022-12-09,22200384.0,new orleans pelicans,1.86,0.6013357086119496,0.11848441801822629,0.0,1,0.0,975.230903911536,ev below min (0.118)
2022-12-09,22200385.0,utah jazz,1.8,0.6171504112514162,0.11087074025254928,0.0,0,0.0,975.230903911536,ev below min (0.111)
2022-12-09,22200386.0,dallas mavericks,1.85,0.5693202937195954,0.05324254338125156,0.0,0,0.0,975.230903911536,ev below min (0.053)
2022-12-10,22200387.0,san antonio spurs,5.15,0.18264170909003194,-0.05939519818633543,0.0,1,0.0,975.230903911536,odds too high
2022-12-10,22200388.0,brooklyn nets,3.21,0.5108810504788398,0.6399281720370757,0.0,1,0.0,975.230903911536,odds too high
2022-12-10,22200389.0,washington wizards,2.46,0.5552719346698501,0.36596895928783124,19.50461807823072,0,-19.50461807823072,955.7262858333053,bet placed
2022-12-10,22200390.0,cleveland cavaliers,1.46,0.7395543373299994,0.07974933250179905,0.0,1,0.0,955.7262858333053,ev below min (0.080)
2022-12-10,22200391.0,dallas mavericks,2.42,0.5638406499939488,0.36449437298535603,19.114525716666105,0,-19.114525716666105,936.6117601166392,bet placed
2022-12-10,22200392.0,boston celtics,1.64,0.6703360559836089,0.09935113181311861,0.0,0,0.0,936.6117601166392,ev below min (0.099)
2022-12-10,22200393.0,utah jazz,4.53,0.3737294758138598,0.6929945254367849,0.0,0,0.0,936.6117601166392,odds too high
2022-12-10,22200394.0,minnesota timberwolves,2.47,0.5067628968690034,0.25170435526643864,18.732235202332784,0,-18.732235202332784,917.8795249143064,bet placed
2022-12-11,22200395.0,new orleans pelicans,1.55,0.6340457780685168,-0.017229043993798876,0.0,1,0.0,917.8795249143064,ev below min (-0.017)
2022-12-11,22200396.0,detroit pistons,2.49,0.5343255655216321,0.3304706581488641,18.35759049828613,0,-18.35759049828613,899.5219344160203,bet placed
2022-12-11,22200397.0,sacramento kings,2.0,0.4868383134554874,-0.026323373089025215,0.0,0,0.0,899.5219344160203,ev below min (-0.026)
2022-12-11,22200398.0,orlando magic,2.81,0.38325457606926233,0.07694535875462716,0.0,1,0.0,899.5219344160203,ev below min (0.077)
2022-12-11,22200399.0,charlotte hornets,4.13,0.23467077817278825,-0.030809686146384574,0.0,0,0.0,899.5219344160203,odds too high
2022-12-11,22200400.0,atlanta hawks,1.55,0.5926734766881752,-0.08135611113332852,0.0,1,0.0,899.5219344160203,ev below min (-0.081)
2022-12-11,22200401.0,houston rockets,3.9,0.25948895453252635,0.01200692267685266,0.0,1,0.0,899.5219344160203,odds too high
2022-12-12,22200402.0,indiana pacers,2.19,0.46880220596195016,0.026676831056670736,0.0,0,0.0,899.5219344160203,prob diff too low (0.018)
2022-12-12,22200403.0,washington wizards,2.59,0.4152977349735702,0.07562113358154665,0.0,0,0.0,899.5219344160203,ev below min (0.076)
2022-12-12,22200404.0,memphis grizzlies,1.2,0.7496737903636033,-0.10039145156367613,0.0,1,0.0,899.5219344160203,odds too low
2022-12-12,22200405.0,dallas mavericks,1.24,0.7515192451037486,-0.06811613607135181,0.0,1,0.0,899.5219344160203,odds too low
2022-12-12,22200406.0,san antonio spurs,3.66,0.33819163185399126,0.23778137258560816,0.0,1,0.0,899.5219344160203,odds too high
2022-12-12,22200407.0,minnesota timberwolves,2.22,0.48053345181100476,0.06678426302043072,0.0,0,0.0,899.5219344160203,ev below min (0.067)
2022-12-12,22200408.0,boston celtics,1.49,0.7108530530892683,0.05917104910300974,0.0,0,0.0,899.5219344160203,ev below min (0.059)
2022-12-13,22200409.0,philadelphia 76ers,1.5,0.6719414406263919,0.00791216093958802,0.0,1,0.0,899.5219344160203,ev below min (0.008)
2022-12-13,22200410.0,milwaukee bucks,1.63,0.7025143320754319,0.14509836128295395,0.0,1,0.0,899.5219344160203,ev below min (0.145)
2022-12-13,22200411.0,phoenix suns,1.33,0.6936524587784446,-0.07744222982466864,0.0,0,0.0,899.5219344160203,ev below min (-0.077)
2022-12-13,22200412.0,new orleans pelicans,1.67,0.5896967381152147,-0.015206447347591467,0.0,0,0.0,899.5219344160203,ev below min (-0.015)
2022-12-13,22200413.0,boston celtics,1.51,0.6967016701845017,0.052019521978597494,0.0,1,0.0,899.5219344160203,ev below min (0.052)
2022-12-14,22200414.0,charlotte hornets,1.5,0.6043948096546459,-0.0934077855180312,0.0,0,0.0,899.5219344160203,ev below min (-0.093)
2022-12-14,22200415.0,golden state warriors,1.71,0.5961249784621224,0.0193737131702294,0.0,0,0.0,899.5219344160203,ev below min (0.019)
2022-12-14,22200416.0,atlanta hawks,1.61,0.4964885799792243,-0.20065338623344886,0.0,0,0.0,899.5219344160203,ev below min (-0.201)
2022-12-14,22200417.0,sacramento kings,2.37,0.43889956361706906,0.04019196577245365,0.0,1,0.0,899.5219344160203,ev below min (0.040)
2022-12-14,22200418.0,new york knicks,2.15,0.4491274080880216,-0.034376072610753594,0.0,1,0.0,899.5219344160203,ev below min (-0.034)
2022-12-14,22200419.0,oklahoma city thunder,2.04,0.4525868906043785,-0.07672274316706784,0.0,0,0.0,899.5219344160203,ev below min (-0.077)
2022-12-14,22200420.0,san antonio spurs,3.03,0.40262396594462735,0.21995061681222072,0.0,0,0.0,899.5219344160203,odds too high
2022-12-14,22200421.0,dallas mavericks,1.63,0.6767664371887417,0.10312929261764903,0.0,0,0.0,899.5219344160203,ev below min (0.103)
2022-12-14,22200422.0,washington wizards,5.13,0.22670406818388672,0.1629918697833388,0.0,0,0.0,899.5219344160203,odds too high
2022-12-14,22200423.0,minnesota timberwolves,2.95,0.37008640196713216,0.09175488580303992,0.0,0,0.0,899.5219344160203,ev below min (0.092)
2022-12-15,22200424.0,miami heat,1.63,0.5479829657137725,-0.10678776588655092,0.0,1,0.0,899.5219344160203,ev below min (-0.107)
2022-12-15,22200425.0,memphis grizzlies,1.57,0.6410979441358322,0.006523772293256513,0.0,1,0.0,899.5219344160203,ev below min (0.007)
2022-12-15,22200426.0,new orleans pelicans,1.78,0.5382900627909263,-0.04184368823215123,0.0,0,0.0,899.5219344160203,prob diff too low (0.020)
2022-12-15,22200427.0,los angeles clippers,2.67,0.54990256139733,0.46823983893087084,17.990438688320406,0,-17.990438688320406,881.5314957276998,bet placed
2022-12-16,22200428.0,atlanta hawks,2.03,0.55671392044601,0.13012925850540014,0.0,1,0.0,881.5314957276998,ev below min (0.130)
2022-12-16,22200429.0,detroit pistons,2.75,0.3765995802134381,0.0356488455869548,0.0,0,0.0,881.5314957276998,ev below min (0.036)
2022-12-16,22200430.0,boston celtics,1.07,0.8345523021539675,-0.10702903669525476,0.0,0,0.0,881.5314957276998,odds too low
2022-12-16,22200431.0,indiana pacers,3.29,0.3056257379656053,0.005508677906841619,0.0,0,0.0,881.5314957276998,odds too high
2022-12-16,22200432.0,golden state warriors,3.9,0.41171364430340884,0.6056832127832945,0.0,0,0.0,881.5314957276998,odds too high
2022-12-16,22200433.0,toronto raptors,1.85,0.4843271158641121,-0.10399483565139256,0.0,0,0.0,881.5314957276998,prob diff too low (0.022)
2022-12-16,22200434.0,chicago bulls,1.61,0.5637968788786806,-0.09228702500532426,0.0,0,0.0,881.5314957276998,ev below min (-0.092)
2022-12-16,22200435.0,minnesota timberwolves,2.34,0.5401734857289485,0.26400595660573956,0.0,1,0.0,881.5314957276998,prob diff too low (0.034)
2022-12-16,22200436.0,dallas mavericks,1.49,0.6188320673480595,-0.07794021965139131,0.0,1,0.0,881.5314957276998,ev below min (-0.078)
2022-12-16,22200437.0,denver nuggets,1.69,0.5506673811154336,-0.06937212591491726,0.0,0,0.0,881.5314957276998,ev below min (-0.069)
2022-12-17,22200438.0,los angeles clippers,1.42,0.6948509464589332,-0.013311656028314967,0.0,1,0.0,881.5314957276998,ev below min (-0.013)
2022-12-17,22200439.0,san antonio spurs,3.27,0.29896132297117484,-0.02239647388425825,0.0,0,0.0,881.5314957276998,odds too high
2022-12-17,22200440.0,dallas mavericks,3.45,0.4011436994527984,0.38394576311215456,0.0,0,0.0,881.5314957276998,odds too high
2022-12-17,22200441.0,houston rockets,2.1,0.4458033202345639,-0.06381302750741569,0.0,0,0.0,881.5314957276998,prob diff too low (0.050)
2022-12-17,22200442.0,milwaukee bucks,1.69,0.7188662620891837,0.2148839829307203,17.630629914553996,1,12.165134641042256,893.6966303687421,bet placed
2022-12-17,22200443.0,oklahoma city thunder,4.3,0.30332670203324763,0.30430481874296467,0.0,1,0.0,893.6966303687421,odds too high
2022-12-17,22200444.0,phoenix suns,1.6,0.6089182143446062,-0.025730857048629985,0.0,1,0.0,893.6966303687421,ev below min (-0.026)
2022-12-18,22200445.0,boston celtics,1.16,0.8292999241740674,-0.038012087958081864,0.0,0,0.0,893.6966303687421,odds too low
2022-12-18,22200446.0,new york knicks,1.79,0.5759206562318636,0.030897974655035965,0.0,1,0.0,893.6966303687421,ev below min (0.031)
2022-12-18,22200447.0,detroit pistons,3.27,0.297263573199625,-0.027948115637226323,0.0,0,0.0,893.6966303687421,odds too high
2022-12-18,22200448.0,golden state warriors,2.63,0.5540554022947606,0.4571657080352203,0.0,1,0.0,893.6966303687421,prob diff too low (0.004)
2022-12-18,22200449.0,minnesota timberwolves,1.87,0.6734117018798499,0.2592798825153193,17.873932607374844,1,15.550321368416116,909.2469517371583,bet placed
2022-12-18,22200450.0,denver nuggets,1.21,0.8077031153446022,-0.02267923043303144,0.0,1,0.0,909.2469517371583,odds too low
2022-12-18,22200451.0,los angeles lakers,1.57,0.7134532087890028,0.12012153779873436,0.0,1,0.0,909.2469517371583,ev below min (0.120)
2022-12-19,22200452.0,utah jazz,2.78,0.3841234910666995,0.06786330516542449,0.0,0,0.0,909.2469517371583,ev below min (0.068)
2022-12-19,22200453.0,philadelphia 76ers,1.28,0.752739013023105,-0.0364940633304256,0.0,1,0.0,909.2469517371583,ev below min (-0.036)
2022-12-19,22200454.0,orlando magic,3.23,0.27758309879499893,-0.10340659089215343,0.0,0,0.0,909.2469517371583,odds too high
2022-12-19,22200455.0,houston rockets,1.45,0.5913264007258164,-0.14257671894756618,0.0,0,0.0,909.2469517371583,ev below min (-0.143)
2022-12-19,22200456.0,minnesota timberwolves,2.43,0.5887517905280171,0.43066685098308155,18.184939034743167,1,26.004462819682733,935.251414556841,bet placed
2022-12-19,22200457.0,new orleans pelicans,1.77,0.6037619877697926,0.0686587183525329,0.0,0,0.0,935.251414556841,ev below min (0.069)
2022-12-19,22200458.0,oklahoma city thunder,2.19,0.5288940150411547,0.15827789294012895,0.0,1,0.0,935.251414556841,prob diff too low (0.047)
2022-12-19,22200459.0,los angeles lakers,4.27,0.26888013834824503,0.14811819074700616,0.0,0,0.0,935.251414556841,odds too high
2022-12-19,22200460.0,sacramento kings,1.15,0.7560674902286656,-0.1305223862370346,0.0,0,0.0,935.251414556841,odds too low
2022-12-20,22200461.0,utah jazz,1.59,0.6331275925953758,0.006672872226647586,0.0,1,0.0,935.251414556841,ev below min (0.007)
2022-12-20,22200462.0,miami heat,1.72,0.7054350010030858,0.21334820172530744,18.70502829113682,0,-18.70502829113682,916.5463862657042,bet placed
2022-12-20,22200463.0,golden state warriors,2.57,0.4258800361135916,0.09451169281193028,0.0,0,0.0,916.5463862657042,ev below min (0.095)
2022-12-20,22200464.0,phoenix suns,1.27,0.8399667236751064,0.06675773906738502,0.0,0,0.0,916.5463862657042,ev below min (0.067)
2022-12-20,22200465.0,memphis grizzlies,1.73,0.6131253524301015,0.06070685970407563,0.0,0,0.0,916.5463862657042,ev below min (0.061)
2022-12-21,22200466.0,milwaukee bucks,1.95,0.46177962697030667,-0.099529727407902,0.0,0,0.0,916.5463862657042,ev below min (-0.100)
2022-12-21,22200467.0,philadelphia 76ers,1.09,0.8380833781364996,-0.08648911783121538,0.0,1,0.0,916.5463862657042,odds too low
2022-12-21,22200468.0,atlanta hawks,1.41,0.5970546858582401,-0.15815289293988155,0.0,0,0.0,916.5463862657042,ev below min (-0.158)
2022-12-21,22200469.0,boston celtics,1.17,0.8111240996269242,-0.050984803436498694,0.0,0,0.0,916.5463862657042,odds too low
2022-12-21,22200470.0,golden state warriors,4.42,0.3271140347248529,0.4458440334838498,0.0,0,0.0,916.5463862657042,odds too high
2022-12-21,22200471.0,new york knicks,1.64,0.7870993965848717,0.29084301039918947,18.330927725314083,0,-18.330927725314083,898.2154585403902,bet placed
2022-12-21,22200472.0,orlando magic,1.8,0.5089207088253639,-0.083942724114345,0.0,1,0.0,898.2154585403902,prob diff too low (0.035)
2022-12-21,22200473.0,minnesota timberwolves,1.98,0.6032985548647563,0.19453113863221727,17.964309170807805,0,-17.964309170807805,880.2511493695823,bet placed
2022-12-21,22200474.0,oklahoma city thunder,2.16,0.5308465397054387,0.14662852576374763,0.0,1,0.0,880.2511493695823,ev below min (0.147)
2022-12-21,22200475.0,los angeles lakers,3.39,0.32431453918140946,0.09942628782497809,0.0,0,0.0,880.2511493695823,odds too high
2022-12-21,22200476.0,los angeles clippers,1.19,0.7003683187600294,-0.16656170067556508,0.0,1,0.0,880.2511493695823,odds too low
2022-12-22,22200477.0,new orleans pelicans,1.21,0.8160841045343685,-0.012538233513414099,0.0,1,0.0,880.2511493695823,odds too low
2022-12-22,22200478.0,utah jazz,1.28,0.7650355023748975,-0.020754556960131176,0.0,1,0.0,880.2511493695823,ev below min (-0.021)
2022-12-23,22200479.0,orlando magic,1.34,0.6647490202092953,-0.10923631291954428,0.0,1,0.0,880.2511493695823,ev below min (-0.109)
2022-12-23,22200480.0,philadelphia 76ers,1.49,0.6948496609146183,0.03532599476278131,0.0,1,0.0,880.2511493695823,ev below min (0.035)
2022-12-23,22200481.0,atlanta hawks,1.18,0.7742362439749879,-0.08640123210951434,0.0,1,0.0,880.2511493695823,odds too low
2022-12-23,22200482.0,minnesota timberwolves,3.56,0.3061544361180667,0.0899097925803174,0.0,0,0.0,880.2511493695823,odds too high
2022-12-23,22200483.0,brooklyn nets,1.62,0.5725341127314545,-0.07249473737504364,0.0,1,0.0,880.2511493695823,ev below min (-0.072)
2022-12-23,22200484.0,cleveland cavaliers,1.41,0.7811519656076059,0.10142427150672417,0.0,0,0.0,880.2511493695823,ev below min (0.101)
2022-12-23,22200485.0,new york knicks,1.34,0.719496969895152,-0.03587406034049623,0.0,0,0.0,880.2511493695823,ev below min (-0.036)
2022-12-23,22200486.0,miami heat,1.34,0.6844743230203179,-0.08280440715277404,0.0,0,0.0,880.2511493695823,ev below min (-0.083)
2022-12-23,22200487.0,dallas mavericks,1.29,0.6932263627479384,-0.10573799205515944,0.0,1,0.0,880.2511493695823,ev below min (-0.106)
2022-12-23,22200488.0,new orleans pelicans,1.86,0.5803327668624434,0.07941894636414482,0.0,1,0.0,880.2511493695823,ev below min (0.079)
2022-12-23,22200489.0,denver nuggets,1.37,0.6568823822981276,-0.10007113625156516,0.0,1,0.0,880.2511493695823,ev below min (-0.100)
2022-12-23,22200490.0,phoenix suns,2.02,0.6337558814748908,0.28018688057927954,17.605022987391646,0,-17.605022987391646,862.6461263821907,bet placed
2022-12-23,22200491.0,sacramento kings,1.24,0.7448909752700897,-0.07633519066508876,0.0,0,0.0,862.6461263821907,odds too low
2022-12-23,22200492.0,los angeles lakers,1.57,0.7138569445877381,0.1207554030027489,0.0,0,0.0,862.6461263821907,ev below min (0.121)
2022-12-25,22200493.0,new york knicks,1.92,0.6237911409054133,0.19767899053839355,17.252922527643815,0,-17.252922527643815,845.3932038545469,bet placed
2022-12-25,22200494.0,dallas mavericks,1.28,0.7738278318582948,-0.009500375221382584,0.0,1,0.0,845.3932038545469,ev below min (-0.010)
2022-12-25,22200495.0,milwaukee bucks,2.49,0.4123645943883733,0.026787840027049592,0.0,0,0.0,845.3932038545469,ev below min (0.027)
2022-12-25,22200496.0,golden state warriors,2.88,0.5000174097569448,0.44005014010000076,16.907864077090938,1,31.78678446493096,877.1799883194778,bet placed
2022-12-25,22200497.0,phoenix suns,2.22,0.4267097329024019,-0.052704392956667734,0.0,0,0.0,877.1799883194778,ev below min (-0.053)
2022-12-26,22200498.0,cleveland cavaliers,1.64,0.5861326748509411,-0.0387424132444566,0.0,0,0.0,877.1799883194778,ev below min (-0.039)
2022-12-26,22200499.0,detroit pistons,2.53,0.3646457736676146,-0.07744619262093522,0.0,0,0.0,877.1799883194778,ev below min (-0.077)
2022-12-26,22200500.0,miami heat,1.77,0.6479386669389494,0.14685144048194054,0.0,1,0.0,877.1799883194778,ev below min (0.147)
2022-12-26,22200501.0,chicago bulls,1.29,0.7086539294816977,-0.08583643096860993,0.0,0,0.0,877.1799883194778,ev below min (-0.086)
2022-12-26,22200502.0,new orleans pelicans,1.67,0.7490785770909777,0.25096122374193275,17.54359976638956,1,11.754211843481002,888.9342001629589,bet placed
2022-12-26,22200503.0,utah jazz,1.43,0.6488019893018712,-0.07221315529832428,0.0,0,0.0,888.9342001629589,ev below min (-0.072)
2022-12-26,22200504.0,portland trail blazers,1.39,0.6553125746038576,-0.08911552130063793,0.0,1,0.0,888.9342001629589,ev below min (-0.089)
2022-12-27,22200505.0,orlando magic,1.53,0.6441991882669653,-0.01437524195154305,0.0,0,0.0,888.9342001629589,ev below min (-0.014)
2022-12-27,22200506.0,philadelphia 76ers,1.43,0.6241615253994259,-0.10744901867882095,0.0,0,0.0,888.9342001629589,ev below min (-0.107)
2022-12-27,22200507.0,boston celtics,1.03,0.8762597222606716,-0.09745248607150825,0.0,1,0.0,888.9342001629589,odds too low
2022-12-27,22200508.0,indiana pacers,1.87,0.528497132830352,-0.011710361607241593,0.0,1,0.0,888.9342001629589,prob diff too low (0.043)
2022-12-27,22200509.0,los angeles clippers,2.13,0.44415524535739176,-0.053949327388755575,0.0,1,0.0,888.9342001629589,ev below min (-0.054)
2022-12-27,22200510.0,phoenix suns,3.05,0.3975866009968237,0.21263913304031212,0.0,1,0.0,888.9342001629589,odds too high
2022-12-27,22200511.0,oklahoma city thunder,1.3,0.6526361154420898,-0.1515730499252833,0.0,1,0.0,888.9342001629589,ev below min (-0.152)
2022-12-27,22200512.0,new york knicks,2.52,0.43117023545508626,0.08654899334681732,0.0,0,0.0,888.9342001629589,ev below min (0.087)
2022-12-27,22200513.0,golden state warriors,1.41,0.7789119015893835,0.09826578124103058,0.0,1,0.0,888.9342001629589,ev below min (0.098)
2022-12-27,22200514.0,sacramento kings,2.04,0.48373579642718606,-0.013178975288540395,0.0,0,0.0,888.9342001629589,prob diff too low (0.018)
2022-12-28,22200515.0,orlando magic,1.75,0.5815290212659561,0.017675787215423178,0.0,0,0.0,888.9342001629589,ev below min (0.018)
2022-12-28,22200516.0,phoenix suns,1.62,0.6042992691502148,-0.02103518397665194,0.0,0,0.0,888.9342001629589,ev below min (-0.021)
2022-12-28,22200517.0,atlanta hawks,2.96,0.4776953631762313,0.4139782750016445,17.778684003259176,0,-17.778684003259176,871.1555161596997,bet placed
2022-12-28,22200518.0,los angeles lakers,3.62,0.33984932301385157,0.23025454931014266,0.0,0,0.0,871.1555161596997,odds too high
2022-12-28,22200519.0,milwaukee bucks,1.61,0.5885241115769704,-0.052476180361077596,0.0,0,0.0,871.1555161596997,ev below min (-0.052)
2022-12-28,22200520.0,new orleans pelicans,1.33,0.7326141566373335,-0.0256231716723464,0.0,1,0.0,871.1555161596997,ev below min (-0.026)
2022-12-28,22200521.0,golden state warriors,2.24,0.6248665833218081,0.3997011466408502,17.423110323193995,1,21.60465680076056,892.7601729604603,bet placed
2022-12-28,22200522.0,denver nuggets,1.95,0.4647100618264944,-0.09381537943833596,0.0,0,0.0,892.7601729604603,prob diff too low (0.020)
2022-12-29,22200523.0,oklahoma city thunder,1.97,0.5387288069798792,0.061295749750362116,0.0,0,0.0,892.7601729604603,ev below min (0.061)
2022-12-29,22200524.0,indiana pacers,2.19,0.4627006906089434,0.013314512433586057,0.0,1,0.0,892.7601729604603,ev below min (0.013)
2022-12-29,22200525.0,boston celtics,1.31,0.7701001984066917,0.008831259912766232,0.0,1,0.0,892.7601729604603,ev below min (0.009)
2022-12-29,22200526.0,toronto raptors,2.18,0.43872024966407325,-0.043589855732320215,0.0,0,0.0,892.7601729604603,ev below min (-0.044)
2022-12-29,22200527.0,san antonio spurs,2.32,0.42196933937109227,-0.021031132659065976,0.0,1,0.0,892.7601729604603,ev below min (-0.021)
2022-12-29,22200528.0,dallas mavericks,1.16,0.8180635721619876,-0.05104625629209447,0.0,1,0.0,892.7601729604603,odds too low
2022-12-30,22200529.0,orlando magic,2.28,0.5752316166672666,0.31152808600136783,17.855203459209207,0,-17.855203459209207,874.9049695012511,bet placed
2022-12-30,22200530.0,los angeles lakers,2.63,0.4430300955223051,0.16516915122366238,17.498099390025022,1,28.521902005740785,903.4268715069919,bet placed
2022-12-30,22200531.0,phoenix suns,1.92,0.5435210701266389,0.04356045464314651,0.0,0,0.0,903.4268715069919,ev below min (0.044)
2022-12-30,22200532.0,chicago bulls,1.27,0.7206899936804124,-0.08472370802587625,0.0,1,0.0,903.4268715069919,ev below min (-0.085)
2022-12-30,22200533.0,minnesota timberwolves,3.04,0.31092653876915594,-0.054783322141765955,0.0,0,0.0,903.4268715069919,odds too high
2022-12-30,22200534.0,new orleans pelicans,1.8,0.6062623082604568,0.09127215486882223,0.0,1,0.0,903.4268715069919,ev below min (0.091)
2022-12-30,22200535.0,denver nuggets,1.48,0.6309443804752102,-0.06620231689668898,0.0,1,0.0,903.4268715069919,ev below min (-0.066)
2022-12-30,22200536.0,golden state warriors,1.8,0.6494509052234816,0.169011629402267,18.068537430139838,1,14.454829944111871,917.8817014511038,bet placed
2022-12-30,22200537.0,sacramento kings,1.53,0.5824132731417169,-0.10890769209317319,0.0,1,0.0,917.8817014511038,ev below min (-0.109)
2022-12-31,22200538.0,indiana pacers,1.97,0.5284184028962808,0.04098425370567327,0.0,1,0.0,917.8817014511038,ev below min (0.041)
2022-12-31,22200539.0,brooklyn nets,1.36,0.6974456761729768,-0.051473880404751426,0.0,1,0.0,917.8817014511038,ev below min (-0.051)
2022-12-31,22200540.0,cleveland cavaliers,1.75,0.5099745271100726,-0.1075445775573729,0.0,1,0.0,917.8817014511038,ev below min (-0.108)
2022-12-31,22200541.0,new york knicks,1.53,0.648609620836868,-0.007627280119591906,0.0,1,0.0,917.8817014511038,ev below min (-0.008)
2022-12-31,22200542.0,san antonio spurs,2.98,0.29809837320114535,-0.11166684786058689,0.0,0,0.0,917.8817014511038,ev below min (-0.112)
2022-12-31,22200543.0,new orleans pelicans,2.76,0.36363201319230476,0.003624356410760976,0.0,0,0.0,917.8817014511038,ev below min (0.004)
2022-12-31,22200544.0,minnesota timberwolves,1.31,0.7709046286058852,0.009885063473709543,0.0,0,0.0,917.8817014511038,ev below min (0.010)
2022-12-31,22200545.0,philadelphia 76ers,1.62,0.6591512296638383,0.06782499205541814,0.0,1,0.0,917.8817014511038,ev below min (0.068)
2022-12-31,22200546.0,miami heat,2.24,0.4604892399567055,0.0314958975030204,0.0,1,0.0,917.8817014511038,ev below min (0.031)
2023-01-01,22200547.0,memphis grizzlies,1.51,0.7429130547156926,0.12179871262069586,0.0,1,0.0,917.8817014511038,ev below min (0.122)
2023-01-01,22200548.0,milwaukee bucks,1.62,0.7406348072915555,0.19982838781231993,18.357634029022076,0,-18.357634029022076,899.5240674220818,bet placed
2023-01-01,22200549.0,denver nuggets,2.17,0.5166940537593694,0.12122609665783157,0.0,1,0.0,899.5240674220818,prob diff too low (0.048)
2023-01-02,22200550.0,new york knicks,1.64,0.621954840912039,0.020005939095743885,0.0,1,0.0,899.5240674220818,ev below min (0.020)
2023-01-02,22200551.0,los angeles lakers,1.93,0.6001518215372698,0.15829301556693065,17.990481348441637,1,16.731147654050723,916.2552150761325,bet placed
2023-01-02,22200552.0,cleveland cavaliers,1.53,0.7077785419989648,0.08290116925841629,0.0,1,0.0,916.2552150761325,ev below min (0.083)
2023-01-02,22200553.0,indiana pacers,1.94,0.5897236769496488,0.1440639332823186,0.0,1,0.0,916.2552150761325,ev below min (0.144)
2023-01-02,22200554.0,new orleans pelicans,2.42,0.39026780343716416,-0.05555191568206275,0.0,0,0.0,916.2552150761325,ev below min (-0.056)
2023-01-02,22200555.0,brooklyn nets,1.08,0.8514065267655493,-0.08048095109320674,0.0,1,0.0,916.2552150761325,odds too low
2023-01-02,22200556.0,dallas mavericks,1.3,0.6849223428368828,-0.1096009543120523,0.0,1,0.0,916.2552150761325,ev below min (-0.110)
2023-01-02,22200557.0,minnesota timberwolves,2.3,0.42968784398104287,-0.011717958843601495,0.0,1,0.0,916.2552150761325,ev below min (-0.012)
2023-01-02,22200558.0,golden state warriors,1.74,0.6611704308700191,0.15043654971383336,18.32510430152265,1,13.56057718312676,929.8157922592592,bet placed
2023-01-02,22200559.0,detroit pistons,3.82,0.2924224674418697,0.11705382562794231,0.0,0,0.0,929.8157922592592,odds too high
2023-01-02,22200560.0,los angeles clippers,1.83,0.5812348865496901,0.06365984238593292,0.0,0,0.0,929.8157922592592,ev below min (0.064)
2023-01-03,22200561.0,washington wizards,3.17,0.3320161088009162,0.052491064898904316,0.0,0,0.0,929.8157922592592,odds too high
2023-01-03,22200562.0,oklahoma city thunder,4.53,0.32269363570610926,0.46180216974867494,0.0,1,0.0,929.8157922592592,odds too high
2023-01-03,22200563.0,utah jazz,1.56,0.6182178887745214,-0.03558009351174651,0.0,0,0.0,929.8157922592592,ev below min (-0.036)
2023-01-04,22200564.0,memphis grizzlies,1.31,0.7394528057499241,-0.031316824467599425,0.0,1,0.0,929.8157922592592,ev below min (-0.031)
2023-01-04,22200565.0,phoenix suns,2.54,0.39169228390134847,-0.005101598890574821,0.0,0,0.0,929.8157922592592,ev below min (-0.005)
2023-01-04,22200566.0,orlando magic,1.89,0.5584855128743537,0.05553761933252832,0.0,1,0.0,929.8157922592592,ev below min (0.056)
2023-01-04,22200567.0,philadelphia 76ers,1.45,0.6962816389287207,0.009608376446645028,0.0,1,0.0,929.8157922592592,ev below min (0.010)
2023-01-04,22200568.0,new york knicks,1.18,0.7869397900238508,-0.07141104777185603,0.0,1,0.0,929.8157922592592,odds too low
2023-01-04,22200569.0,milwaukee bucks,2.54,0.4931188878134106,0.252521975046063,18.596315845185185,1,28.638326401585186,958.4541186608444,bet placed
2023-01-04,22200570.0,chicago bulls,2.48,0.3656357633894401,-0.09322330679418855,0.0,1,0.0,958.4541186608444,ev below min (-0.093)
2023-01-04,22200571.0,minnesota timberwolves,1.91,0.6708547484292636,0.2813325694998934,19.169082373216888,1,17.443864959627366,975.8979836204718,bet placed
2023-01-04,22200572.0,new orleans pelicans,1.32,0.8538858949626005,0.12712938135063268,0.0,1,0.0,975.8979836204718,ev below min (0.127)
2023-01-04,22200573.0,golden state warriors,1.33,0.7787109842784248,0.03568560909030505,0.0,0,0.0,975.8979836204718,ev below min (0.036)
2023-01-04,22200574.0,los angeles lakers,3.47,0.5031728335089762,0.7460097322761476,0.0,1,0.0,975.8979836204718,prob diff too low (0.012)
2023-01-04,22200575.0,sacramento kings,1.74,0.6618555887213264,0.151628724375108,19.517959672409436,0,-19.517959672409436,956.3800239480623,bet placed
2023-01-05,22200576.0,orlando magic,2.98,0.34553308643270164,0.02968859756945097,0.0,0,0.0,956.3800239480623,ev below min (0.030)
2023-01-05,22200577.0,dallas mavericks,2.14,0.5552367185605677,0.1882065777196149,19.12760047896125,0,-19.12760047896125,937.2524234691011,bet placed
2023-01-05,22200578.0,houston rockets,2.95,0.38048962092103134,0.12244438171704242,0.0,0,0.0,937.2524234691011,ev below min (0.122)
2023-01-05,22200579.0,denver nuggets,1.49,0.6582701620713757,-0.01917745851365027,0.0,1,0.0,937.2524234691011,ev below min (-0.019)
2023-01-06,22200580.0,indiana pacers,1.75,0.6769040051424577,0.1845820089993011,18.745048469382024,1,14.058786352036517,951.3112098211376,bet placed
2023-01-06,22200581.0,philadelphia 76ers,1.43,0.6927988483163171,-0.009297646907666546,0.0,0,0.0,951.3112098211376,ev below min (-0.009)
2023-01-06,22200582.0,new york knicks,2.27,0.562648652108723,0.27721244028680103,19.026224196422753,1,24.163304729456897,975.4745145505944,bet placed
2023-01-06,22200583.0,milwaukee bucks,1.17,0.7732262887375517,-0.0953252421770645,0.0,0,0.0,975.4745145505944,odds too low
2023-01-06,22200584.0,washington wizards,1.82,0.5828074316445838,0.06070952559314269,0.0,0,0.0,975.4745145505944,prob diff too low (0.025)
2023-01-06,22200585.0,san antonio spurs,1.74,0.5904716878679894,0.027420736890301667,0.0,1,0.0,975.4745145505944,ev below min (0.027)
2023-01-06,22200586.0,new orleans pelicans,2.36,0.5454832948377286,0.28734057581703953,19.50949029101189,0,-19.50949029101189,955.9650242595826,bet placed
2023-01-06,22200587.0,los angeles clippers,2.56,0.3710214680778658,-0.050185041720663515,0.0,0,0.0,955.9650242595826,ev below min (-0.050)
2023-01-06,22200588.0,denver nuggets,1.43,0.6782318357767386,-0.03012847483926384,0.0,1,0.0,955.9650242595826,ev below min (-0.030)
2023-01-06,22200589.0,phoenix suns,1.82,0.628216377822049,0.14335380763612915,0.0,0,0.0,955.9650242595826,ev below min (0.143)
2023-01-06,22200590.0,los angeles lakers,2.05,0.6076963695507994,0.24577755757913877,19.11930048519165,1,20.07526550945123,976.0402897690338,bet placed
2023-01-07,22200591.0,san antonio spurs,6.83,0.28929333747657165,0.9758734949649843,0.0,0,0.0,976.0402897690338,odds too high
2023-01-07,22200592.0,chicago bulls,1.98,0.586259291986844,0.1607933981339511,19.520805795380678,1,19.130389679473065,995.1706794485069,bet placed
2023-01-07,22200593.0,new orleans pelicans,3.51,0.40101210912727814,0.40755250303674617,0.0,0,0.0,995.1706794485069,odds too high
2023-01-07,22200594.0,golden state warriors,1.33,0.7247435023126356,-0.0360911419241946,0.0,0,0.0,995.1706794485069,ev below min (-0.036)
2023-01-07,22200595.0,los angeles lakers,3.14,0.36490102747784875,0.14578922628044522,0.0,1,0.0,995.1706794485069,odds too high
2023-01-08,22200596.0,philadelphia 76ers,1.39,0.6787782132352614,-0.0564982836029867,0.0,1,0.0,995.1706794485069,ev below min (-0.056)
2023-01-08,22200597.0,toronto raptors,1.58,0.6267749360666071,-0.009695601014760857,0.0,1,0.0,995.1706794485069,ev below min (-0.010)
2023-01-08,22200598.0,indiana pacers,1.41,0.7431008045968465,0.047772134481553374,0.0,1,0.0,995.1706794485069,ev below min (0.048)
2023-01-08,22200599.0,miami heat,1.97,0.48802735017707555,-0.03858612015116114,0.0,0,0.0,995.1706794485069,prob diff too low (0.047)
2023-01-08,22200600.0,memphis grizzlies,1.39,0.8418800722008702,0.17021330035920945,19.90341358897014,1,7.762331299698352,1002.9330107482052,bet placed
2023-01-08,22200601.0,minnesota timberwolves,1.54,0.6543220496288545,0.007655956428435973,0.0,1,0.0,1002.9330107482052,ev below min (0.008)
2023-01-08,22200602.0,dallas mavericks,2.26,0.5086651884467498,0.1495833258896544,0.0,0,0.0,1002.9330107482052,ev below min (0.150)
2023-01-08,22200603.0,phoenix suns,2.7,0.5699773765367805,0.5389389166493075,20.058660214964103,0,-20.058660214964103,982.8743505332411,bet placed
2023-01-08,22200604.0,los angeles clippers,1.66,0.6350689679367685,0.0542144867750356,0.0,0,0.0,982.8743505332411,ev below min (0.054)
2023-01-09,22200605.0,new orleans pelicans,1.91,0.6127151793522864,0.1702859925628668,19.657487010664823,1,17.888313179704987,1000.762663712946,bet placed
2023-01-09,22200606.0,boston celtics,1.22,0.7547879445643765,-0.07915870763146071,0.0,1,0.0,1000.762663712946,odds too low
2023-01-09,22200607.0,new york knicks,1.81,0.6035264410347554,0.09238285827290738,0.0,0,0.0,1000.762663712946,ev below min (0.092)
2023-01-09,22200608.0,memphis grizzlies,1.15,0.8554945873768558,-0.016181224516615855,0.0,1,0.0,1000.762663712946,odds too low
2023-01-09,22200609.0,los angeles lakers,5.27,0.21530160583802085,0.13463946276636984,0.0,0,0.0,1000.762663712946,odds too high
2023-01-09,22200610.0,orlando magic,2.82,0.31489513819532666,-0.11199571028917887,0.0,0,0.0,1000.762663712946,ev below min (-0.112)
2023-01-10,22200611.0,miami heat,1.73,0.708749864565678,0.2261372656986229,20.01525327425892,1,14.611134890209012,1015.373798603155,bet placed
2023-01-10,22200612.0,philadelphia 76ers,1.05,0.8244047316830571,-0.13437503173279008,0.0,1,0.0,1015.373798603155,odds too low
2023-01-10,22200613.0,charlotte hornets,3.11,0.3239134924937285,0.007370961655495778,0.0,0,0.0,1015.373798603155,odds too high
2023-01-10,22200614.0,utah jazz,2.04,0.5562321949589314,0.13471367771622011,0.0,1,0.0,1015.373798603155,prob diff too low (0.014)
2023-01-10,22200615.0,phoenix suns,4.65,0.32831143439119204,0.5266481699190431,0.0,1,0.0,1015.373798603155,odds too high
2023-01-10,22200616.0,orlando magic,3.24,0.38536574729068274,0.24858502122181214,0.0,1,0.0,1015.373798603155,odds too high
2023-01-10,22200617.0,dallas mavericks,1.84,0.4695530332851497,-0.1360224187553245,0.0,0,0.0,1015.373798603155,prob diff too low (0.016)
2023-01-11,22200618.0,minnesota timberwolves,1.38,0.643836096291438,-0.11150618711781557,0.0,0,0.0,1015.373798603155,ev below min (-0.112)
2023-01-11,22200619.0,washington wizards,1.88,0.5525883251611694,0.03886605130299836,0.0,1,0.0,1015.373798603155,ev below min (0.039)
2023-01-11,22200620.0,atlanta hawks,2.35,0.45667397866413806,0.07318384986072446,0.0,0,0.0,1015.373798603155,prob diff too low (0.003)
2023-01-11,22200621.0,new orleans pelicans,3.61,0.36563628427795175,0.3199469862434057,0.0,0,0.0,1015.373798603155,odds too high
2023-01-11,22200622.0,new york knicks,1.46,0.6338918494697784,-0.0745178997741236,0.0,1,0.0,1015.373798603155,ev below min (-0.075)
2023-01-11,22200623.0,memphis grizzlies,1.07,0.8572818693289405,-0.08270839981803368,0.0,1,0.0,1015.373798603155,odds too low
2023-01-11,22200624.0,phoenix suns,6.55,0.26913706714256996,0.7628477897838333,0.0,0,0.0,1015.373798603155,odds too high
2023-01-11,22200625.0,sacramento kings,1.21,0.8285582443918306,0.002555475714114852,0.0,1,0.0,1015.373798603155,odds too low
2023-01-12,22200626.0,oklahoma city thunder,3.92,0.24772046065494743,-0.02893579423260606,0.0,1,0.0,1015.373798603155,odds too high
2023-01-12,22200627.0,brooklyn nets,1.83,0.58697867748454,0.07417097979670828,0.0,0,0.0,1015.373798603155,ev below min (0.074)
2023-01-12,22200628.0,milwaukee bucks,2.61,0.3696039060783405,-0.035333805135531415,0.0,0,0.0,1015.373798603155,ev below min (-0.035)
2023-01-12,22200629.0,charlotte hornets,3.11,0.3256476497475914,0.012764190715009338,0.0,0,0.0,1015.373798603155,odds too high
2023-01-12,22200630.0,los angeles lakers,2.02,0.5297601414351384,0.07011548569897963,0.0,0,0.0,1015.373798603155,ev below min (0.070)
2023-01-12,22200631.0,cleveland cavaliers,1.76,0.6493284666883049,0.1428181013714167,0.0,1,0.0,1015.373798603155,ev below min (0.143)
2023-01-13,22200632.0,new orleans pelicans,1.4,0.6897062114063581,-0.03441130403109871,0.0,1,0.0,1015.373798603155,ev below min (-0.034)
2023-01-13,22200633.0,indiana pacers,2.16,0.5957530404916113,0.2868265674618804,20.307475972063102,0,-20.307475972063102,995.0663226310919,bet placed
2023-01-13,22200634.0,washington wizards,2.17,0.49966597317124456,0.08427516178160066,0.0,0,0.0,995.0663226310919,ev below min (0.084)
2023-01-13,22200635.0,san antonio spurs,3.46,0.37776983706659983,0.30708363625043544,0.0,0,0.0,995.0663226310919,odds too high
2023-01-13,22200636.0,chicago bulls,1.48,0.6451498155429111,-0.045178272996491686,0.0,0,0.0,995.0663226310919,ev below min (-0.045)
2023-01-13,22200637.0,phoenix suns,2.67,0.37981039739543343,0.014093761045807174,0.0,0,0.0,995.0663226310919,ev below min (0.014)
2023-01-13,22200638.0,utah jazz,1.41,0.6898016359400326,-0.027379693324554033,0.0,1,0.0,995.0663226310919,ev below min (-0.027)
2023-01-13,22200639.0,denver nuggets,2.4,0.5463369944060844,0.3112087865746025,19.901326452621838,1,27.86185703367057,1022.9281796647625,bet placed
2023-01-13,22200640.0,sacramento kings,1.2,0.8239327354310297,-0.01128071748276438,0.0,1,0.0,1022.9281796647625,odds too low
2023-01-14,22200641.0,milwaukee bucks,2.22,0.3921607849536931,-0.12940305740280122,0.0,0,0.0,1022.9281796647625,ev below min (-0.129)
2023-01-14,22200642.0,boston celtics,1.26,0.7278868156390015,-0.08286261229485814,0.0,1,0.0,1022.9281796647625,ev below min (-0.083)
2023-01-14,22200643.0,indiana pacers,3.18,0.4416077576794204,0.404312669420557,0.0,0,0.0,1022.9281796647625,odds too high
2023-01-14,22200644.0,atlanta hawks,3.01,0.3916763627457982,0.17894585186485257,0.0,1,0.0,1022.9281796647625,odds too high
2023-01-14,22200645.0,minnesota timberwolves,2.32,0.4963269632700478,0.15147855478651095,20.45856359329525,1,27.005303943149727,1049.9334836079122,bet placed
2023-01-14,22200646.0,utah jazz,3.03,0.5094130124028287,0.5435214275805706,0.0,0,0.0,1049.9334836079122,prob diff too low (0.012)
2023-01-14,22200647.0,dallas mavericks,2.12,0.5704640893721316,0.20938386946891896,20.998669672158243,0,-20.998669672158243,1028.934813935754,bet placed
2023-01-15,22200648.0,detroit pistons,3.3,0.2777912004637514,-0.08328903846962044,0.0,0,0.0,1028.934813935754,odds too high
2023-01-15,22200649.0,los angeles clippers,1.19,0.7570689717357124,-0.09908792363450225,0.0,1,0.0,1028.934813935754,odds too low
2023-01-15,22200650.0,chicago bulls,2.61,0.5500365207330188,0.43559531911317895,20.57869627871508,1,33.13170100873128,1062.066514944485,bet placed
2023-01-15,22200651.0,brooklyn nets,1.48,0.7667922450602802,0.13485252268921477,0.0,0,0.0,1062.066514944485,ev below min (0.135)
2023-01-15,22200652.0,san antonio spurs,2.9,0.3087446050212724,-0.10464064543831009,0.0,0,0.0,1062.066514944485,ev below min (-0.105)
2023-01-15,22200653.0,denver nuggets,1.17,0.806300734449136,-0.05662814069451094,0.0,1,0.0,1062.066514944485,odds too low
2023-01-15,22200654.0,dallas mavericks,3.68,0.563804741361129,1.0748014482089547,0.0,0,0.0,1062.066514944485,odds too high
2023-01-15,22200655.0,los angeles lakers,2.42,0.48344858521888867,0.16994557622971063,0.0,0,0.0,1062.066514944485,prob diff too low (0.042)
2023-01-16,22200656.0,boston celtics,1.25,0.719800714576092,-0.10024910677988508,0.0,1,0.0,1062.066514944485,ev below min (-0.100)
2023-01-16,22200657.0,milwaukee bucks,1.41,0.665344700307271,-0.061863972566747916,0.0,1,0.0,1062.066514944485,ev below min (-0.062)
2023-01-16,22200658.0,new orleans pelicans,3.0,0.453510027284545,0.360530081853635,21.241330298889704,0,-21.241330298889704,1040.8251846455953,bet placed
2023-01-16,22200659.0,new york knicks,1.74,0.7214828694116335,0.25538019277624224,20.816503692911905,0,-20.816503692911905,1020.0086809526834,bet placed
2023-01-16,22200660.0,washington wizards,2.14,0.5703736387392814,0.22059958690206227,20.40017361905367,0,-20.40017361905367,999.6085073336297,bet placed
2023-01-16,22200661.0,atlanta hawks,1.81,0.4670631907529268,-0.15461562473720247,0.0,1,0.0,999.6085073336297,prob diff too low (0.023)
2023-01-16,22200662.0,minnesota timberwolves,1.53,0.646404600941122,-0.011000960560083373,0.0,0,0.0,999.6085073336297,ev below min (-0.011)
2023-01-16,22200663.0,phoenix suns,5.07,0.21432162790267953,0.08661065346658536,0.0,0,0.0,999.6085073336297,odds too high
2023-01-16,22200664.0,los angeles lakers,1.3,0.8056021827682769,0.04728283759875995,0.0,1,0.0,999.6085073336297,ev below min (0.047)
2023-01-17,22200665.0,milwaukee bucks,1.75,0.6712685883457011,0.1747200296049769,19.992170146672596,1,14.994127610004448,1014.6026349436341,bet placed
2023-01-17,22200666.0,brooklyn nets,1.64,0.7078585387353363,0.16088800352595145,20.292052698872684,0,-20.292052698872684,994.3105822447615,bet placed
2023-01-17,22200667.0,denver nuggets,1.37,0.748552324299074,0.025516684289731417,0.0,1,0.0,994.3105822447615,ev below min (0.026)
2023-01-17,22200668.0,philadelphia 76ers,1.85,0.5524389112433796,0.02201198580025232,0.0,1,0.0,994.3105822447615,ev below min (0.022)
2023-01-18,22200669.0,new york knicks,1.43,0.7396720667710572,0.057731055482611815,0.0,0,0.0,994.3105822447615,ev below min (0.058)
2023-01-18,22200670.0,dallas mavericks,1.68,0.6499155398654307,0.09185810697392349,0.0,0,0.0,994.3105822447615,ev below min (0.092)
2023-01-18,22200671.0,houston rockets,2.1,0.4635774928659652,-0.026487264981473024,0.0,0,0.0,994.3105822447615,ev below min (-0.026)
2023-01-18,22200672.0,cleveland cavaliers,3.2,0.33651420637358886,0.07684546039548446,0.0,0,0.0,994.3105822447615,odds too high
2023-01-18,22200673.0,new orleans pelicans,2.21,0.6276759372600816,0.38716382134478033,19.88621164489523,0,-19.88621164489523,974.4243705998663,bet placed
2023-01-18,22200674.0,oklahoma city thunder,1.53,0.6742522621358807,0.03160596106789759,0.0,1,0.0,974.4243705998663,ev below min (0.032)
2023-01-18,22200675.0,los angeles clippers,3.48,0.38577705828232106,0.3425041628224772,0.0,0,0.0,974.4243705998663,odds too high
2023-01-18,22200676.0,minnesota timberwolves,3.9,0.23569630360863242,-0.08078441592633356,0.0,0,0.0,974.4243705998663,odds too high
2023-01-18,22200677.0,sacramento kings,2.02,0.5362669139313498,0.08325916614132667,0.0,1,0.0,974.4243705998663,prob diff too low (0.013)
2023-01-19,22200678.0,detroit pistons,3.11,0.33176058237284,0.03177541117953231,0.0,0,0.0,974.4243705998663,odds too high
2023-01-19,22200679.0,boston celtics,1.3,0.7906952430540594,0.027903815970277135,0.0,1,0.0,974.4243705998663,ev below min (0.028)
2023-01-19,22200680.0,minnesota timberwolves,2.35,0.670706821908816,0.5761610314857177,19.488487411997326,1,26.30945800619639,1000.7338286060626,bet placed
2023-01-19,22200681.0,phoenix suns,2.16,0.43697918884468456,-0.056124952095481295,0.0,1,0.0,1000.7338286060626,ev below min (-0.056)
2023-01-19,22200682.0,philadelphia 76ers,1.69,0.6577786597595455,0.11164593499363185,0.0,1,0.0,1000.7338286060626,ev below min (0.112)
2023-01-20,22200683.0,new orleans pelicans,1.82,0.5718169060746013,0.04070676905577453,0.0,0,0.0,1000.7338286060626,ev below min (0.041)
2023-01-20,22200684.0,new york knicks,2.19,0.4260160647673379,-0.0670248181595301,0.0,0,0.0,1000.7338286060626,ev below min (-0.067)
2023-01-20,22200685.0,golden state warriors,4.4,0.3115494310207319,0.37081749649122053,0.0,1,0.0,1000.7338286060626,odds too high
2023-01-20,22200686.0,dallas mavericks,2.0,0.5307435781786697,0.06148715635733937,0.0,1,0.0,1000.7338286060626,ev below min (0.061)
2023-01-20,22200687.0,san antonio spurs,3.21,0.382367129309594,0.22739848508379668,0.0,0,0.0,1000.7338286060626,odds too high
2023-01-20,22200688.0,denver nuggets,1.27,0.7414851782845175,-0.05831382357866266,0.0,1,0.0,1000.7338286060626,ev below min (-0.058)
2023-01-20,22200689.0,brooklyn nets,2.46,0.5269921442011011,0.29640067473470855,0.0,1,0.0,1000.7338286060626,prob diff too low (0.001)
2023-01-20,22200690.0,los angeles lakers,2.76,0.3674978317645556,0.01429401567017341,0.0,1,0.0,1000.7338286060626,ev below min (0.014)
2023-01-20,22200691.0,oklahoma city thunder,2.5,0.43593185448200733,0.08982963620501838,0.0,0,0.0,1000.7338286060626,ev below min (0.090)
2023-01-21,22200692.0,boston celtics,1.6,0.592012827323172,-0.05277947628292479,0.0,1,0.0,1000.7338286060626,ev below min (-0.053)
2023-01-21,22200693.0,orlando magic,2.82,0.3648087213893803,0.028760594318052446,0.0,0,0.0,1000.7338286060626,ev below min (0.029)
2023-01-21,22200694.0,atlanta hawks,1.28,0.7794226799025659,-0.0023389697247157004,0.0,0,0.0,1000.7338286060626,ev below min (-0.002)
2023-01-21,22200695.0,cleveland cavaliers,1.61,0.604596804977846,-0.026599143985667983,0.0,1,0.0,1000.7338286060626,ev below min (-0.027)
2023-01-21,22200696.0,minnesota timberwolves,1.25,0.8492948907315366,0.061618613414420764,0.0,1,0.0,1000.7338286060626,ev below min (0.062)
2023-01-21,22200697.0,phoenix suns,1.61,0.642795308222285,0.034900446237879024,0.0,1,0.0,1000.7338286060626,ev below min (0.035)
2023-01-21,22200698.0,philadelphia 76ers,2.3,0.44837395558210424,0.03126009783883976,0.0,1,0.0,1000.7338286060626,ev below min (0.031)
2023-01-22,22200699.0,new orleans pelicans,3.1,0.36626557319534814,0.1354232769055792,0.0,0,0.0,1000.7338286060626,odds too high
2023-01-22,22200700.0,new york knicks,1.94,0.5442607331761433,0.05586582236171811,0.0,0,0.0,1000.7338286060626,ev below min (0.056)
2023-01-22,22200701.0,dallas mavericks,1.72,0.6549855059957552,0.12657507031269888,0.0,0,0.0,1000.7338286060626,ev below min (0.127)
2023-01-22,22200702.0,denver nuggets,1.53,0.6932765887301803,0.06071318075717591,0.0,0,0.0,1000.7338286060626,ev below min (0.061)
2023-01-22,22200703.0,phoenix suns,3.55,0.3555181301213696,0.2620893619308622,0.0,1,0.0,1000.7338286060626,odds too high
2023-01-22,22200704.0,brooklyn nets,3.13,0.4838491281132799,0.5144477709945661,0.0,1,0.0,1000.7338286060626,prob diff too low (0.033)
2023-01-22,22200705.0,los angeles lakers,2.62,0.4509478852139365,0.18148345926051368,20.014676572121253,1,32.42377604683643,1033.157604652899,bet placed
2023-01-23,22200706.0,detroit pistons,4.42,0.30232082259995485,0.33625803589180037,0.0,0,0.0,1033.157604652899,odds too high
2023-01-23,22200707.0,boston celtics,1.3,0.6882212831858174,-0.10531233185843736,0.0,0,0.0,1033.157604652899,ev below min (-0.105)
2023-01-23,22200708.0,chicago bulls,1.78,0.5484820986312954,-0.023701864436294184,0.0,1,0.0,1033.157604652899,ev below min (-0.024)
2023-01-23,22200709.0,minnesota timberwolves,1.36,0.7233999674122743,-0.01617604431930686,0.0,0,0.0,1033.157604652899,ev below min (-0.016)
2023-01-23,22200710.0,utah jazz,1.23,0.7456580863051053,-0.08284055384472044,0.0,1,0.0,1033.157604652899,odds too low
2023-01-23,22200711.0,san antonio spurs,3.43,0.300768798739001,0.0316369796747733,0.0,0,0.0,1033.157604652899,odds too high
2023-01-23,22200712.0,memphis grizzlies,2.2,0.5855268854831478,0.2881591480629253,20.66315209305798,0,-20.66315209305798,1012.494452559841,bet placed
2023-01-24,22200713.0,indiana pacers,1.94,0.4689873153614892,-0.09016460819871097,0.0,1,0.0,1012.494452559841,prob diff too low (0.005)
2023-01-24,22200714.0,boston celtics,2.01,0.4967163038989422,-0.0016002291631261878,0.0,0,0.0,1012.494452559841,prob diff too low (0.035)
2023-01-24,22200715.0,new york knicks,2.12,0.5662382500291526,0.20042509006180365,20.24988905119682,1,22.679875737340442,1035.1743282971813,bet placed
2023-01-24,22200716.0,denver nuggets,1.64,0.5777550568900248,-0.05248170670035934,0.0,1,0.0,1035.1743282971813,ev below min (-0.052)
2023-01-24,22200717.0,washington wizards,3.05,0.3473090106826499,0.059292482582082195,0.0,1,0.0,1035.1743282971813,odds too high
2023-01-24,22200718.0,phoenix suns,1.29,0.7683360356821244,-0.008846513970059533,0.0,1,0.0,1035.1743282971813,ev below min (-0.009)
2023-01-24,22200719.0,los angeles lakers,2.32,0.6200764032646989,0.43857725557410143,20.703486565943628,0,-20.703486565943628,1014.4708417312377,bet placed
2023-01-25,22200720.0,orlando magic,1.45,0.6183194390102227,-0.10343681343517719,0.0,1,0.0,1014.4708417312377,ev below min (-0.103)
2023-01-25,22200721.0,brooklyn nets,3.08,0.364537408538958,0.12277521829999061,0.0,0,0.0,1014.4708417312377,odds too high
2023-01-25,22200722.0,washington wizards,1.71,0.65747681097557,0.12428534676822456,0.0,1,0.0,1014.4708417312377,ev below min (0.124)
2023-01-25,22200723.0,denver nuggets,5.02,0.4801353814336124,1.410279614796734,0.0,0,0.0,1014.4708417312377,odds too high
2023-01-25,22200724.0,new orleans pelicans,1.64,0.6461744911497475,0.05972616548558585,0.0,0,0.0,1014.4708417312377,ev below min (0.060)
2023-01-25,22200725.0,oklahoma city thunder,1.87,0.633115866583653,0.1839266705114313,20.289416834624753,0,-20.289416834624753,994.181424896613,bet placed
2023-01-25,22200726.0,memphis grizzlies,2.11,0.5824593625588413,0.22898925499915523,19.88362849793226,0,-19.88362849793226,974.2977963986807,bet placed
2023-01-25,22200727.0,utah jazz,2.24,0.5187021202787017,0.16189274942429188,0.0,0,0.0,974.2977963986807,prob diff too low (0.044)
2023-01-25,22200728.0,sacramento kings,1.61,0.7262706127245128,0.16929568648646565,19.485955927973613,0,-19.485955927973613,954.8118404707071,bet placed
2023-01-25,22200729.0,los angeles lakers,1.28,0.684800342762912,-0.12345556126347257,0.0,1,0.0,954.8118404707071,ev below min (-0.123)
2023-01-26,22200730.0,new york knicks,3.45,0.2820319153351588,-0.02698989209370206,0.0,1,0.0,954.8118404707071,odds too high
2023-01-26,22200731.0,brooklyn nets,1.24,0.8457746349724573,0.04876054736584701,0.0,0,0.0,954.8118404707071,odds too low
2023-01-26,22200732.0,chicago bulls,1.54,0.612390496561531,-0.056918635295242215,0.0,0,0.0,954.8118404707071,ev below min (-0.057)
2023-01-26,22200733.0,cleveland cavaliers,1.22,0.776217366235068,-0.0530148131932171,0.0,1,0.0,954.8118404707071,odds too low
2023-01-26,22200734.0,phoenix suns,1.76,0.6020675565093142,0.059638899456393,0.0,0,0.0,954.8118404707071,ev below min (0.060)
2023-01-26,22200735.0,san antonio spurs,5.75,0.1852223938756663,0.06502876478508135,0.0,0,0.0,954.8118404707071,odds too high
2023-01-27,22200736.0,indiana pacers,2.84,0.40013206450025907,0.13637506318073567,0.0,0,0.0,954.8118404707071,ev below min (0.136)
2023-01-27,22200737.0,minnesota timberwolves,1.92,0.5177004604985552,-0.0060151158427740326,0.0,1,0.0,954.8118404707071,prob diff too low (0.038)
2023-01-27,22200738.0,miami heat,1.25,0.7482284972863065,-0.06471437839211691,0.0,1,0.0,954.8118404707071,ev below min (-0.065)
2023-01-27,22200739.0,oklahoma city thunder,1.81,0.6163357597787567,0.1155677251995495,0.0,1,0.0,954.8118404707071,ev below min (0.116)
2023-01-27,22200740.0,golden state warriors,1.52,0.6078925990468346,-0.07600324944881143,0.0,1,0.0,954.8118404707071,ev below min (-0.076)
2023-01-28,22200741.0,philadelphia 76ers,1.62,0.5586122155616341,-0.09504821079015269,0.0,1,0.0,954.8118404707071,ev below min (-0.095)
2023-01-28,22200742.0,brooklyn nets,1.83,0.6226809011127166,0.1395060490362714,0.0,1,0.0,954.8118404707071,ev below min (0.140)
2023-01-28,22200743.0,detroit pistons,1.4,0.6382325796065783,-0.10647438855079039,0.0,0,0.0,954.8118404707071,ev below min (-0.106)
2023-01-28,22200744.0,orlando magic,2.07,0.5317876672367304,0.10080047118003188,0.0,0,0.0,954.8118404707071,prob diff too low (0.049)
2023-01-28,22200745.0,atlanta hawks,1.75,0.610548383939954,0.06845967189491953,0.0,0,0.0,954.8118404707071,ev below min (0.068)
2023-01-28,22200746.0,minnesota timberwolves,1.88,0.5635030734994688,0.05938577817900126,0.0,1,0.0,954.8118404707071,ev below min (0.059)
2023-01-28,22200747.0,washington wizards,2.58,0.3879884176812168,0.001010117617539219,0.0,1,0.0,954.8118404707071,ev below min (0.001)
2023-01-28,22200748.0,phoenix suns,1.41,0.6710365223376258,-0.0538385035039477,0.0,1,0.0,954.8118404707071,ev below min (-0.054)
2023-01-28,22200749.0,boston celtics,1.27,0.7709077114317086,-0.020947206481730096,0.0,1,0.0,954.8118404707071,ev below min (-0.021)
2023-01-28,22200750.0,dallas mavericks,3.07,0.4151910658471515,0.2746365721507551,0.0,0,0.0,954.8118404707071,odds too high
2023-01-28,22200751.0,portland trail blazers,1.61,0.607187427520396,-0.0224282416921624,0.0,0,0.0,954.8118404707071,ev below min (-0.022)
2023-01-29,22200752.0,miami heat,1.38,0.5793321484021229,-0.2005216352050705,0.0,0,0.0,954.8118404707071,ev below min (-0.201)
2023-01-29,22200753.0,memphis grizzlies,1.24,0.7608762121291068,-0.05651349695990748,0.0,1,0.0,954.8118404707071,odds too low
2023-01-29,22200754.0,los angeles clippers,4.8,0.4053671020393988,0.9457620897891141,0.0,0,0.0,954.8118404707071,odds too high
2023-01-29,22200755.0,new orleans pelicans,4.4,0.2837846676876833,0.24865253782580665,0.0,0,0.0,954.8118404707071,odds too high
2023-01-30,22200756.0,philadelphia 76ers,1.2,0.7817359122066113,-0.06191690535206651,0.0,0,0.0,954.8118404707071,odds too low
2023-01-30,22200757.0,los angeles lakers,3.58,0.2710310670259472,-0.029708780047108974,0.0,0,0.0,954.8118404707071,odds too high
2023-01-30,22200758.0,minnesota timberwolves,1.88,0.5506747567849087,0.035268542755628296,0.0,0,0.0,954.8118404707071,ev below min (0.035)
2023-01-30,22200759.0,oklahoma city thunder,2.5,0.6145429976734686,0.5363574941836715,19.096236809414144,0,-19.096236809414144,935.715603661293,bet placed
2023-01-30,22200760.0,washington wizards,1.45,0.6533427686951981,-0.052652985391962726,0.0,1,0.0,935.715603661293,ev below min (-0.053)
2023-01-30,22200761.0,dallas mavericks,1.18,0.7952417299192408,-0.06161475869529587,0.0,1,0.0,935.715603661293,odds too low
2023-01-30,22200762.0,phoenix suns,1.7,0.7097929526760688,0.206648019549317,18.714312073225862,1,13.100018451258103,948.8156221125511,bet placed
2023-01-30,22200763.0,atlanta hawks,2.47,0.4975133264236892,0.2288579162665123,0.0,0,0.0,948.8156221125511,prob diff too low (0.045)
2023-01-31,22200764.0,cleveland cavaliers,1.51,0.6286993186215787,-0.05066402888141619,0.0,0,0.0,948.8156221125511,ev below min (-0.051)
2023-01-31,22200765.0,new york knicks,1.69,0.6675022404766475,0.12807878640553438,0.0,0,0.0,948.8156221125511,ev below min (0.128)
2023-01-31,22200766.0,chicago bulls,2.14,0.6132331362722621,0.3123189116226408,18.97631244225102,0,-18.97631244225102,929.8393096703,bet placed
2023-01-31,22200767.0,milwaukee bucks,1.14,0.8003305588072156,-0.08762316295977435,0.0,1,0.0,929.8393096703,odds too low
2023-01-31,22200768.0,denver nuggets,1.26,0.7764195386551558,-0.021711381294503673,0.0,1,0.0,929.8393096703,ev below min (-0.022)
2023-03-07,22200769.0,detroit pistons,4.18,0.3347397459414874,0.3992121380354172,0.0,0,0.0,929.8393096703,odds too high
2023-02-01,22200770.0,philadelphia 76ers,1.18,0.7692331504590023,-0.09230488245837731,0.0,1,0.0,929.8393096703,odds too low
2023-02-01,22200771.0,memphis grizzlies,1.38,0.7980725527883237,0.10134012284788652,0.0,0,0.0,929.8393096703,ev below min (0.101)
2023-02-01,22200772.0,brooklyn nets,3.68,0.3592424351481477,0.3220121613451836,0.0,0,0.0,929.8393096703,odds too high
2023-02-01,22200773.0,oklahoma city thunder,1.39,0.7130975817566911,-0.008794361358199443,0.0,0,0.0,929.8393096703,ev below min (-0.009)
2023-02-01,22200774.0,minnesota timberwolves,2.47,0.5716456960868164,0.41196486933443643,18.596786193406,1,27.337275704306823,957.1765853746069,bet placed
2023-02-01,22200775.0,sacramento kings,1.28,0.7046707428450943,-0.09802144915827926,0.0,1,0.0,957.1765853746069,ev below min (-0.098)
2023-02-01,22200776.0,utah jazz,1.65,0.6813290127665848,0.12419287106486476,0.0,1,0.0,957.1765853746069,ev below min (0.124)
2023-02-01,22200777.0,phoenix suns,1.75,0.7020390029996774,0.22856825524943547,19.14353170749214,0,-19.14353170749214,938.0330536671148,bet placed
2023-02-02,22200778.0,indiana pacers,2.06,0.4505860323156688,-0.07179277342972223,0.0,0,0.0,938.0330536671148,ev below min (-0.072)
2023-02-02,22200779.0,memphis grizzlies,2.79,0.4896469048671311,0.36611486457929576,18.7606610733423,0,-18.7606610733423,919.2723925937726,bet placed
2023-02-02,22200780.0,new york knicks,2.06,0.526895259583064,0.08540423474111192,0.0,1,0.0,919.2723925937726,ev below min (0.085)
2023-02-02,22200781.0,chicago bulls,1.35,0.7239085787875463,-0.022723418636812376,0.0,1,0.0,919.2723925937726,ev below min (-0.023)
2023-02-02,22200782.0,dallas mavericks,1.46,0.5980644799485697,-0.12682585927508827,0.0,1,0.0,919.2723925937726,ev below min (-0.127)
2023-02-02,22200783.0,denver nuggets,1.33,0.6557783291021103,-0.12781482229419328,0.0,1,0.0,919.2723925937726,ev below min (-0.128)
2023-02-02,22200784.0,milwaukee bucks,1.5,0.7133106128890317,0.06996591933354757,0.0,1,0.0,919.2723925937726,ev below min (0.070)
2023-02-03,22200785.0,detroit pistons,1.88,0.5051717216447482,-0.05027716330787335,0.0,1,0.0,919.2723925937726,ev below min (-0.050)
2023-02-03,22200786.0,sacramento kings,1.74,0.5865702419585972,0.02063222100795903,0.0,0,0.0,919.2723925937726,ev below min (0.021)
2023-02-03,22200787.0,washington wizards,1.48,0.697390063795484,0.032137294417316165,0.0,0,0.0,919.2723925937726,ev below min (0.032)
2023-02-03,22200788.0,phoenix suns,4.15,0.2570908911568498,0.06692719830092675,0.0,1,0.0,919.2723925937726,odds too high
2023-02-03,22200789.0,houston rockets,3.13,0.3521001818910479,0.10207356931898004,0.0,0,0.0,919.2723925937726,odds too high
2023-02-03,22200790.0,minnesota timberwolves,1.41,0.6967123190448599,-0.017635630146747627,0.0,0,0.0,919.2723925937726,ev below min (-0.018)
2023-02-03,22200791.0,philadelphia 76ers,1.15,0.781814352886676,-0.1009134941803227,0.0,1,0.0,919.2723925937726,odds too low
2023-02-03,22200792.0,utah jazz,1.75,0.6230129095335282,0.09027259168367419,0.0,0,0.0,919.2723925937726,ev below min (0.090)
2023-02-04,22200793.0,brooklyn nets,1.83,0.6779172376226424,0.24058854484943581,18.38544785187545,1,15.259921717056626,934.5323143108292,bet placed
2023-02-04,22200794.0,phoenix suns,1.46,0.6133056879311674,-0.10457369562049568,0.0,1,0.0,934.5323143108292,ev below min (-0.105)
2023-02-04,22200795.0,new york knicks,2.06,0.5993684075498387,0.23469891955266764,18.690646286216584,0,-18.690646286216584,915.8416680246125,bet placed
2023-02-04,22200796.0,chicago bulls,1.6,0.6388158314901589,0.022105330384254218,0.0,1,0.0,915.8416680246125,ev below min (0.022)
2023-02-04,22200797.0,miami heat,2.78,0.3126236068453968,-0.1309063729697969,0.0,0,0.0,915.8416680246125,ev below min (-0.131)
2023-02-04,22200798.0,new orleans pelicans,1.79,0.5734891362219472,0.026545553837285407,0.0,1,0.0,915.8416680246125,ev below min (0.027)
2023-02-04,22200799.0,oklahoma city thunder,1.19,0.8248841398611433,-0.01838787356523952,0.0,1,0.0,915.8416680246125,odds too low
2023-02-04,22200800.0,dallas mavericks,4.42,0.28564163382334323,0.262536021499177,0.0,0,0.0,915.8416680246125,odds too high
2023-02-04,22200801.0,atlanta hawks,4.0,0.2709519344257372,0.08380773770294869,0.0,0,0.0,915.8416680246125,odds too high
2023-02-05,22200802.0,orlando magic,1.95,0.5583634592331939,0.08880874550472795,0.0,1,0.0,915.8416680246125,ev below min (0.089)
2023-02-05,22200803.0,cleveland cavaliers,1.47,0.6388675669151392,-0.060864676634745374,0.0,1,0.0,915.8416680246125,ev below min (-0.061)
2023-02-05,22200804.0,new york knicks,2.33,0.4376099655201082,0.019631219661852217,0.0,1,0.0,915.8416680246125,ev below min (0.020)
2023-02-05,22200805.0,memphis grizzlies,1.73,0.7511093702751351,0.29941921057598386,18.31683336049225,0,-18.31683336049225,897.5248346641202,bet placed
2023-02-05,22200806.0,denver nuggets,3.22,0.5062484775938961,0.6301200978523456,0.0,0,0.0,897.5248346641202,odds too high
2023-02-05,22200807.0,new orleans pelicans,1.96,0.49480637364256064,-0.030179507660581195,0.0,1,0.0,897.5248346641202,prob diff too low (0.017)
2023-02-06,22200808.0,detroit pistons,4.13,0.24595180382987358,0.015780949817377765,0.0,0,0.0,897.5248346641202,odds too high
2023-02-06,22200809.0,washington wizards,2.2,0.5684966413364295,0.25069261094014506,0.0,0,0.0,897.5248346641202,prob diff too low (0.021)
2023-02-06,22200810.0,brooklyn nets,3.32,0.6398903885482788,1.1244360899802857,0.0,0,0.0,897.5248346641202,odds too high
2023-02-06,22200811.0,chicago bulls,1.2,0.8014642909834495,-0.038242850819860674,0.0,1,0.0,897.5248346641202,odds too low
2023-02-06,22200812.0,sacramento kings,1.32,0.6504095708616051,-0.1414593664626812,0.0,1,0.0,897.5248346641202,ev below min (-0.141)
2023-02-06,22200813.0,dallas mavericks,3.63,0.39016798967396843,0.4163098025165053,0.0,1,0.0,897.5248346641202,odds too high
2023-02-06,22200814.0,golden state warriors,1.59,0.6168881902702513,-0.019147777470300387,0.0,1,0.0,897.5248346641202,ev below min (-0.019)
2023-02-06,22200815.0,portland trail blazers,2.35,0.41542463964856613,-0.02375209682586954,0.0,0,0.0,897.5248346641202,ev below min (-0.024)
2023-02-07,22200816.0,orlando magic,1.85,0.499150864979954,-0.07657089978708509,0.0,0,0.0,897.5248346641202,prob diff too low (0.049)
2023-02-07,22200817.0,brooklyn nets,2.96,0.6225778819210873,0.8428305304864185,17.950496693282407,0,-17.950496693282407,879.5743379708379,bet placed
2023-02-07,22200818.0,new orleans pelicans,1.79,0.6338950791809737,0.13467219173394285,0.0,1,0.0,879.5743379708379,ev below min (0.135)
2023-02-07,22200819.0,chicago bulls,4.08,0.3990663412524709,0.6281906723100814,0.0,0,0.0,879.5743379708379,odds too high
2023-02-07,22200820.0,minnesota timberwolves,3.44,0.30005241642827063,0.03218031251325093,0.0,0,0.0,879.5743379708379,odds too high
2023-02-07,22200821.0,oklahoma city thunder,2.88,0.4444857503777945,0.2801189610880481,17.591486759416757,1,33.0719951077035,912.6463330785414,bet placed
2023-02-08,22200822.0,cleveland cavaliers,1.22,0.8789070054686422,0.07226654667174337,0.0,1,0.0,912.6463330785414,odds too low
2023-02-08,22200823.0,washington wizards,1.57,0.7636376647739148,0.1989111336950462,18.25292666157083,1,10.404168197095373,923.0505012756367,bet placed
2023-02-08,22200824.0,boston celtics,1.65,0.6222580090733463,0.026725714971021386,0.0,1,0.0,923.0505012756367,ev below min (0.027)
2023-02-08,22200825.0,miami heat,1.33,0.7899669021296934,0.05065597983249237,0.0,1,0.0,923.0505012756367,ev below min (0.051)
2023-02-08,22200826.0,toronto raptors,1.16,0.7604229508116781,-0.1179093770584535,0.0,1,0.0,923.0505012756367,odds too low
2023-02-08,22200827.0,houston rockets,3.47,0.2590157843800494,-0.10121522820122852,0.0,0,0.0,923.0505012756367,odds too high
2023-02-08,22200828.0,minnesota timberwolves,3.38,0.4430872789372103,0.49763500280777073,0.0,1,0.0,923.0505012756367,odds too high
2023-02-08,22200829.0,dallas mavericks,3.27,0.33752490137277696,0.10370642748898073,0.0,1,0.0,923.0505012756367,odds too high
2023-02-08,22200830.0,golden state warriors,2.04,0.4835549033838246,-0.013547997096997721,0.0,0,0.0,923.0505012756367,prob diff too low (0.001)
2023-02-09,22200831.0,denver nuggets,1.43,0.6048660832225263,-0.13504150099178736,0.0,0,0.0,923.0505012756367,ev below min (-0.135)
2023-02-09,22200832.0,phoenix suns,3.18,0.5073431906684235,0.6133513463255869,0.0,0,0.0,923.0505012756367,prob diff too low (0.005)
2023-02-09,22200833.0,brooklyn nets,2.02,0.6451954117818482,0.30329473179933353,18.461010025512735,1,18.83023022602299,941.8807315016597,bet placed
2023-02-09,22200834.0,los angeles lakers,3.39,0.41164453727688827,0.39547498136865133,0.0,0,0.0,941.8807315016597,odds too high
2023-02-10,22200835.0,detroit pistons,1.41,0.6023807588874653,-0.1506431299686739,0.0,1,0.0,941.8807315016597,ev below min (-0.151)
2023-02-10,22200836.0,phoenix suns,2.03,0.5414388670924412,0.0991209001976554,0.0,1,0.0,941.8807315016597,ev below min (0.099)
2023-02-10,22200837.0,philadelphia 76ers,1.33,0.6789390368731022,-0.09701108095877398,0.0,1,0.0,941.8807315016597,ev below min (-0.097)
2023-02-10,22200838.0,boston celtics,1.15,0.8668731468299538,-0.0030958811455532587,0.0,1,0.0,941.8807315016597,odds too low
2023-02-10,22200839.0,utah jazz,3.32,0.3709620269139458,0.23159392935430012,0.0,1,0.0,941.8807315016597,odds too high
2023-02-10,22200840.0,miami heat,1.13,0.8646794866650633,-0.022912180068478505,0.0,1,0.0,941.8807315016597,odds too low
2023-02-10,22200841.0,minnesota timberwolves,2.99,0.37449230443085324,0.11973199024825121,0.0,0,0.0,941.8807315016597,ev below min (0.120)
2023-02-10,22200842.0,new orleans pelicans,2.08,0.5433123073222236,0.13008959923022512,0.0,0,0.0,941.8807315016597,ev below min (0.130)
2023-02-10,22200843.0,portland trail blazers,1.65,0.5470564200651228,-0.0973569068925475,0.0,0,0.0,941.8807315016597,ev below min (-0.097)
2023-02-10,22200844.0,dallas mavericks,2.29,0.393956826161382,-0.09783886809043518,0.0,1,0.0,941.8807315016597,ev below min (-0.098)
2023-02-10,22200845.0,los angeles clippers,1.99,0.3991525368417725,-0.20568645168487276,0.0,0,0.0,941.8807315016597,prob diff too low (0.007)
2023-02-11,22200846.0,brooklyn nets,1.92,0.5557025966742134,0.06694898561448959,0.0,0,0.0,941.8807315016597,ev below min (0.067)
2023-02-11,22200847.0,denver nuggets,1.3,0.7586893346733236,-0.013703864924679343,0.0,1,0.0,941.8807315016597,ev below min (-0.014)
2023-02-11,22200848.0,orlando magic,1.93,0.4288781017286155,-0.17226526366377204,0.0,0,0.0,941.8807315016597,prob diff too low (0.039)
2023-02-11,22200849.0,washington wizards,1.39,0.7392446693666219,0.027550090419604434,0.0,1,0.0,941.8807315016597,ev below min (0.028)
2023-02-11,22200850.0,san antonio spurs,5.57,0.16513021203637404,-0.08022471895739658,0.0,0,0.0,941.8807315016597,odds too high
2023-02-11,22200851.0,new york knicks,1.4,0.6363589120126296,-0.10909752318231858,0.0,1,0.0,941.8807315016597,ev below min (-0.109)
2023-02-11,22200852.0,cleveland cavaliers,1.37,0.7718797099362893,0.057475202612716325,0.0,1,0.0,941.8807315016597,ev below min (0.057)
2023-02-11,22200853.0,golden state warriors,1.41,0.7037469502985523,-0.007716800079041297,0.0,0,0.0,941.8807315016597,ev below min (-0.008)
2023-02-11,22200854.0,sacramento kings,1.98,0.5463213992350621,0.0817163704854229,0.0,1,0.0,941.8807315016597,ev below min (0.082)
2023-02-12,22200855.0,boston celtics,1.56,0.7123778363497739,0.11130942470564742,0.0,1,0.0,941.8807315016597,ev below min (0.111)
2023-02-12,22200856.0,detroit pistons,5.3,0.20518994471521212,0.08750670699062413,0.0,0,0.0,941.8807315016597,odds too high
2023-02-13,22200857.0,atlanta hawks,1.37,0.696208950675952,-0.046193737573945626,0.0,0,0.0,941.8807315016597,ev below min (-0.046)
2023-02-13,22200858.0,cleveland cavaliers,1.03,0.9180997047554447,-0.05435730410189199,0.0,1,0.0,941.8807315016597,odds too low
2023-02-13,22200859.0,utah jazz,1.78,0.48875398383659496,-0.13001790877086095,0.0,1,0.0,941.8807315016597,prob diff too low (0.039)
2023-02-13,22200860.0,philadelphia 76ers,1.07,0.9072226272510888,-0.029271788841334856,0.0,1,0.0,941.8807315016597,odds too low
2023-02-13,22200861.0,miami heat,1.78,0.5060793263604646,-0.09917879907837301,0.0,0,0.0,941.8807315016597,prob diff too low (0.038)
2023-02-13,22200862.0,new york knicks,1.62,0.596606688305595,-0.03349716494493593,0.0,1,0.0,941.8807315016597,ev below min (-0.033)
2023-02-13,22200863.0,chicago bulls,1.53,0.6473158592218791,-0.009606735390525034,0.0,0,0.0,941.8807315016597,ev below min (-0.010)
2023-02-13,22200864.0,oklahoma city thunder,1.61,0.6719317335852507,0.08181009107225368,0.0,0,0.0,941.8807315016597,ev below min (0.082)
2023-02-13,22200865.0,minnesota timberwolves,2.84,0.44443995786485396,0.2622094803361852,18.837614630033194,1,34.66121091926107,976.5419424209208,bet placed
2023-02-13,22200866.0,golden state warriors,1.54,0.6187947735738082,-0.047056048696335395,0.0,1,0.0,976.5419424209208,ev below min (-0.047)
2023-02-13,22200867.0,portland trail blazers,1.64,0.5747384497544097,-0.05742894240276819,0.0,1,0.0,976.5419424209208,ev below min (-0.057)
2023-02-14,22200868.0,orlando magic,3.1,0.36433064982295765,0.12942501445116883,0.0,0,0.0,976.5419424209208,odds too high
2023-02-14,22200869.0,boston celtics,3.78,0.3931124711098155,0.48596514079510245,0.0,0,0.0,976.5419424209208,odds too high
2023-02-14,22200870.0,phoenix suns,1.66,0.6109540401000791,0.014183706566131438,0.0,1,0.0,976.5419424209208,ev below min (0.014)
2023-02-14,22200871.0,golden state warriors,3.4,0.4202398946431707,0.42881564178678033,0.0,0,0.0,976.5419424209208,odds too high
2023-02-14,22200872.0,portland trail blazers,1.92,0.5585042692736224,0.07232819700535487,0.0,0,0.0,976.5419424209208,ev below min (0.072)
2023-02-15,22200873.0,charlotte hornets,1.43,0.6529998511453565,-0.06621021286214024,0.0,1,0.0,976.5419424209208,ev below min (-0.066)
2023-02-15,22200874.0,chicago bulls,2.07,0.5692964004124839,0.1784435488538414,19.530838848418416,0,-19.530838848418416,957.0111035725024,bet placed
2023-02-15,22200875.0,philadelphia 76ers,1.74,0.6585083849905372,0.14580458988353473,0.0,1,0.0,957.0111035725024,ev below min (0.146)
2023-02-15,22200876.0,new york knicks,2.29,0.46744667352266844,0.07045288236691083,0.0,1,0.0,957.0111035725024,ev below min (0.070)
2023-02-15,22200877.0,boston celtics,1.1,0.8840705708097045,-0.027522372109324955,0.0,1,0.0,957.0111035725024,odds too low
2023-02-15,22200878.0,brooklyn nets,1.73,0.6063850759462117,0.049046181386946275,0.0,1,0.0,957.0111035725024,ev below min (0.049)
2023-02-15,22200879.0,utah jazz,4.45,0.261480691792968,0.16358907847870774,0.0,0,0.0,957.0111035725024,odds too high
2023-02-15,22200880.0,oklahoma city thunder,1.19,0.834862659608967,-0.006513435065329309,0.0,1,0.0,957.0111035725024,odds too low
2023-02-15,22200881.0,denver nuggets,1.41,0.7524851326411919,0.061004037024080526,0.0,1,0.0,957.0111035725024,ev below min (0.061)
2023-02-15,22200882.0,new orleans pelicans,2.34,0.45829785841216314,0.07241698868446167,0.0,0,0.0,957.0111035725024,ev below min (0.072)
2023-02-16,22200883.0,chicago bulls,3.23,0.330647509426207,0.06799145544664875,0.0,0,0.0,957.0111035725024,odds too high
2023-02-16,22200884.0,minnesota timberwolves,1.55,0.6924821145985791,0.07334727762779769,0.0,0,0.0,957.0111035725024,ev below min (0.073)
2023-02-16,22200885.0,phoenix suns,1.82,0.6214292225643593,0.13100118506713399,0.0,0,0.0,957.0111035725024,ev below min (0.131)
2023-02-23,22200886.0,denver nuggets,2.1,0.4663768871883376,-0.020608536904491048,0.0,1,0.0,957.0111035725024,ev below min (-0.021)
2023-02-23,22200887.0,boston celtics,1.26,0.7277089609560192,-0.08308670919541572,0.0,1,0.0,957.0111035725024,ev below min (-0.083)
2023-02-23,22200888.0,orlando magic,1.29,0.7766858479283999,0.0019247438276359663,0.0,1,0.0,957.0111035725024,ev below min (0.002)
2023-02-23,22200889.0,philadelphia 76ers,1.58,0.6974452725186415,0.10196353057945373,0.0,1,0.0,957.0111035725024,ev below min (0.102)
2023-02-23,22200890.0,new orleans pelicans,2.39,0.4121337288315194,-0.01500038809266857,0.0,0,0.0,957.0111035725024,ev below min (-0.015)
2023-02-23,22200891.0,san antonio spurs,6.47,0.14241028525138624,-0.07860545442353106,0.0,0,0.0,957.0111035725024,odds too high
2023-02-23,22200892.0,oklahoma city thunder,1.9,0.519032929788232,-0.013837433402359212,0.0,0,0.0,957.0111035725024,prob diff too low (0.040)
2023-02-23,22200893.0,golden state warriors,2.79,0.49385912562966383,0.37786696050676216,0.0,0,0.0,957.0111035725024,prob diff too low (0.016)
2023-02-23,22200894.0,portland trail blazers,4.47,0.2537789549373892,0.13439192857012983,0.0,0,0.0,957.0111035725024,odds too high
2023-02-24,22200895.0,washington wizards,1.77,0.5814139594685627,0.029102708259356014,0.0,0,0.0,957.0111035725024,ev below min (0.029)
2023-02-24,22200896.0,atlanta hawks,1.82,0.5410063966844414,-0.015368358034316576,0.0,1,0.0,957.0111035725024,prob diff too low (0.008)
2023-02-24,22200897.0,milwaukee bucks,1.41,0.6556077694255734,-0.07559304510994158,0.0,1,0.0,957.0111035725024,ev below min (-0.076)
2023-02-24,22200898.0,minnesota timberwolves,1.31,0.7743263268042918,0.014367488113622207,0.0,0,0.0,957.0111035725024,ev below min (0.014)
2023-02-24,22200899.0,oklahoma city thunder,3.79,0.41030557202008305,0.5550581179561147,0.0,0,0.0,957.0111035725024,odds too high
2023-02-24,22200900.0,brooklyn nets,1.98,0.5799403635110721,0.14828191975192273,0.0,0,0.0,957.0111035725024,ev below min (0.148)
2023-02-24,22200901.0,golden state warriors,1.19,0.8253576652926984,-0.017824378301688926,0.0,1,0.0,957.0111035725024,odds too low
2023-02-24,22200902.0,sacramento kings,2.75,0.3590189439106995,-0.012697904245576375,0.0,1,0.0,957.0111035725024,ev below min (-0.013)
2023-02-25,22200903.0,detroit pistons,3.07,0.3662669017255695,0.12443938829749834,0.0,0,0.0,957.0111035725024,odds too high
2023-02-25,22200904.0,charlotte hornets,2.77,0.3416735270531296,-0.05356433006283101,0.0,1,0.0,957.0111035725024,ev below min (-0.054)
2023-02-25,22200905.0,orlando magic,1.63,0.6769861075824304,0.10348735535936138,0.0,0,0.0,957.0111035725024,ev below min (0.103)
2023-02-25,22200906.0,new york knicks,1.51,0.7145639737200721,0.07899160031730879,0.0,1,0.0,957.0111035725024,ev below min (0.079)
2023-02-25,22200907.0,memphis grizzlies,1.64,0.5682240692044267,-0.06811252650474031,0.0,1,0.0,957.0111035725024,ev below min (-0.068)
2023-02-25,22200908.0,philadelphia 76ers,1.83,0.5644794653908679,0.03299742166528841,0.0,0,0.0,957.0111035725024,ev below min (0.033)
2023-02-25,22200909.0,utah jazz,1.14,0.8342661867974293,-0.048936547050930757,0.0,1,0.0,957.0111035725024,odds too low
2023-02-26,22200910.0,milwaukee bucks,1.61,0.7018014085586567,0.12990026777943742,0.0,1,0.0,957.0111035725024,ev below min (0.130)
2023-02-26,22200911.0,brooklyn nets,2.91,0.4042550792605603,0.17638228064823047,19.140222071450047,0,-19.140222071450047,937.8708815010524,bet placed
2023-02-26,22200912.0,washington wizards,2.48,0.5077431018483377,0.2592028925838774,18.75741763002105,0,-18.75741763002105,919.1134638710314,bet placed
2023-02-26,22200913.0,dallas mavericks,1.46,0.6733987222529525,-0.01683786551068933,0.0,0,0.0,919.1134638710314,ev below min (-0.017)
2023-02-26,22200914.0,cleveland cavaliers,1.26,0.7321716721863619,-0.07746369304518397,0.0,1,0.0,919.1134638710314,ev below min (-0.077)
2023-02-26,22200915.0,oklahoma city thunder,2.23,0.6458585867134012,0.44026464837088475,18.38226927742063,0,-18.38226927742063,900.7311945936108,bet placed
2023-02-26,22200916.0,golden state warriors,1.67,0.6112285149564008,0.02075161997718933,0.0,1,0.0,900.7311945936108,ev below min (0.021)
2023-02-26,22200917.0,portland trail blazers,1.16,0.7683275120383285,-0.10874008603553897,0.0,1,0.0,900.7311945936108,odds too low
2023-02-26,22200918.0,denver nuggets,1.51,0.6753905383897361,0.01983971296850151,0.0,1,0.0,900.7311945936108,ev below min (0.020)
2023-02-27,22200919.0,detroit pistons,2.89,0.31486865434237443,-0.09002958895053781,0.0,0,0.0,900.7311945936108,ev below min (-0.090)
2023-02-27,22200920.0,philadelphia 76ers,1.39,0.6966767762853043,-0.03161928096342703,0.0,0,0.0,900.7311945936108,ev below min (-0.032)
2023-02-27,22200921.0,new york knicks,2.0,0.5347274658283462,0.06945493165669236,0.0,1,0.0,900.7311945936108,ev below min (0.069)
2023-02-27,22200922.0,new orleans pelicans,1.47,0.6510861587621068,-0.042903346619702964,0.0,0,0.0,900.7311945936108,ev below min (-0.043)
2023-02-28,22200923.0,washington wizards,3.1,0.4048732311030901,0.2551070164195792,0.0,1,0.0,900.7311945936108,odds too high
2023-02-28,22200924.0,brooklyn nets,2.88,0.3881001941519227,0.11772855915753744,0.0,0,0.0,900.7311945936108,ev below min (0.118)
2023-02-28,22200925.0,chicago bulls,2.4,0.45137081525522726,0.08328995661254535,0.0,0,0.0,900.7311945936108,ev below min (0.083)
2023-02-28,22200926.0,denver nuggets,1.1,0.806770402527497,-0.11255255721975321,0.0,1,0.0,900.7311945936108,odds too low
2023-02-28,22200927.0,los angeles lakers,3.5,0.2670453991144225,-0.06534110309952124,0.0,0,0.0,900.7311945936108,odds too high
2023-02-28,22200928.0,oklahoma city thunder,2.03,0.5939263417040952,0.20567047365931312,18.014623891872215,0,-18.014623891872215,882.7165707017385,bet placed
2023-02-28,22200929.0,indiana pacers,3.66,0.270725137489326,-0.009145996789066912,0.0,1,0.0,882.7165707017385,odds too high
2023-02-28,22200930.0,utah jazz,1.15,0.8418523723034271,-0.03186977185105888,0.0,0,0.0,882.7165707017385,odds too low
2023-02-28,22200931.0,golden state warriors,1.47,0.6562711631860849,-0.03528139011645515,0.0,1,0.0,882.7165707017385,ev below min (-0.035)
2023-02-28,22200932.0,minnesota timberwolves,2.76,0.35399351159724196,-0.022977907991612256,0.0,1,0.0,882.7165707017385,ev below min (-0.023)
2023-03-01,22200933.0,charlotte hornets,4.37,0.374935211074301,0.6384668723946954,0.0,0,0.0,882.7165707017385,odds too high
2023-03-01,22200934.0,detroit pistons,2.76,0.39614746846802545,0.0933670129717501,0.0,0,0.0,882.7165707017385,ev below min (0.093)
2023-03-01,22200935.0,boston celtics,1.45,0.6823553122850639,-0.010584797186657391,0.0,1,0.0,882.7165707017385,ev below min (-0.011)
2023-03-01,22200936.0,philadelphia 76ers,2.28,0.5000572226707599,0.14013046768933246,0.0,1,0.0,882.7165707017385,ev below min (0.140)
2023-03-01,22200937.0,brooklyn nets,3.29,0.27190517128071384,-0.10543198648645147,0.0,0,0.0,882.7165707017385,odds too high
2023-03-01,22200938.0,memphis grizzlies,1.17,0.8105994080135576,-0.05159869262413774,0.0,1,0.0,882.7165707017385,odds too low
2023-03-01,22200939.0,milwaukee bucks,1.24,0.7172681156370444,-0.11058753661006493,0.0,1,0.0,882.7165707017385,odds too low
2023-03-01,22200940.0,los angeles lakers,2.25,0.4389404103410943,-0.01238407673253783,0.0,1,0.0,882.7165707017385,ev below min (-0.012)
2023-03-01,22200941.0,portland trail blazers,1.59,0.5713436508960615,-0.09156359507526213,0.0,0,0.0,882.7165707017385,ev below min (-0.092)
2023-03-02,22200942.0,washington wizards,1.97,0.6174681630365362,0.2164122811819762,17.654331414034772,1,17.12470147161373,899.8412721733523,bet placed
2023-03-02,22200943.0,philadelphia 76ers,2.09,0.6192894861242378,0.294315025999657,17.996825443467046,0,-17.996825443467046,881.8444467298852,bet placed
2023-03-02,22200944.0,indiana pacers,1.49,0.5824882105812023,-0.13209256623400867,0.0,0,0.0,881.8444467298852,ev below min (-0.132)
2023-03-02,22200945.0,golden state warriors,2.07,0.6123682116365448,0.2676021980876475,17.636888934597707,1,18.871471160019542,900.7159178899047,bet placed
2023-03-03,22200946.0,charlotte hornets,2.23,0.45816992015267705,0.02171892194046987,0.0,0,0.0,900.7159178899047,prob diff too low (0.009)
2023-03-03,22200947.0,portland trail blazers,3.2,0.28482466949942675,-0.0885610576018343,0.0,0,0.0,900.7159178899047,odds too high
2023-03-03,22200948.0,brooklyn nets,4.46,0.2358238516595475,0.05177437840158183,0.0,1,0.0,900.7159178899047,odds too high
2023-03-03,22200949.0,new york knicks,1.86,0.4836833035031911,-0.10034905548406448,0.0,1,0.0,900.7159178899047,prob diff too low (0.030)
2023-03-03,22200950.0,chicago bulls,2.2,0.5249034463032173,0.15478758186707808,0.0,0,0.0,900.7159178899047,prob diff too low (0.007)
2023-03-03,22200951.0,oklahoma city thunder,1.75,0.6306737893732546,0.10367913140319551,0.0,1,0.0,900.7159178899047,ev below min (0.104)
2023-03-03,22200952.0,memphis grizzlies,2.64,0.3702728829133121,-0.022479589108855946,0.0,0,0.0,900.7159178899047,ev below min (-0.022)
2023-03-03,22200953.0,golden state warriors,1.44,0.7041796420067561,0.014018684489728761,0.0,1,0.0,900.7159178899047,ev below min (0.014)
2023-03-03,22200954.0,los angeles clippers,2.98,0.33049933479246046,-0.015111982318467776,0.0,0,0.0,900.7159178899047,ev below min (-0.015)
2023-03-03,22200955.0,los angeles lakers,1.89,0.6191509102030097,0.17019522028368828,18.014318357798096,0,-18.014318357798096,882.7015995321067,bet placed
2023-03-04,22200956.0,washington wizards,2.01,0.6138619634166735,0.2338625464675137,17.654031990642135,0,-17.654031990642135,865.0475675414646,bet placed
2023-03-04,22200957.0,detroit pistons,8.08,0.14807259018133093,0.19642652866515387,0.0,0,0.0,865.0475675414646,odds too high
2023-03-04,22200958.0,miami heat,1.64,0.5558603325256025,-0.08838905465801195,0.0,1,0.0,865.0475675414646,ev below min (-0.088)
2023-03-04,22200959.0,san antonio spurs,1.9,0.5511595794308419,0.04720320091859964,0.0,0,0.0,865.0475675414646,ev below min (0.047)
2023-03-04,22200960.0,milwaukee bucks,1.45,0.6090354183094199,-0.11689864345134116,0.0,0,0.0,865.0475675414646,ev below min (-0.117)
2023-03-04,22200961.0,sacramento kings,1.47,0.6174206875124906,-0.09239158935663883,0.0,0,0.0,865.0475675414646,ev below min (-0.092)
2023-03-05,22200962.0,dallas mavericks,1.98,0.5968452510436664,0.18175359706645944,17.30095135082929,0,-17.30095135082929,847.7466161906352,bet placed
2023-03-05,22200963.0,chicago bulls,1.39,0.7348120236933666,0.02138871293377953,0.0,0,0.0,847.7466161906352,ev below min (0.021)
2023-03-05,22200964.0,los angeles lakers,2.47,0.4839886110744701,0.19545186935394132,0.0,1,0.0,847.7466161906352,prob diff too low (0.006)
2023-03-05,22200965.0,brooklyn nets,1.27,0.7006637483018187,-0.11015703965669033,0.0,1,0.0,847.7466161906352,ev below min (-0.110)
2023-03-05,22200966.0,orlando magic,1.61,0.6174862660283819,-0.005847111694305185,0.0,0,0.0,847.7466161906352,ev below min (-0.006)
2023-03-05,22200967.0,san antonio spurs,2.32,0.3778758724999227,-0.1233279758001794,0.0,0,0.0,847.7466161906352,ev below min (-0.123)
2023-03-05,22200968.0,utah jazz,2.75,0.3653998127528737,0.004849485070402615,0.0,0,0.0,847.7466161906352,ev below min (0.005)
2023-03-05,22200969.0,new york knicks,2.92,0.3813823796871237,0.11363654868640105,0.0,1,0.0,847.7466161906352,ev below min (0.114)
2023-03-05,22200970.0,memphis grizzlies,2.99,0.5888161883298875,0.7605604031063637,16.954932323812706,0,-16.954932323812706,830.7916838668225,bet placed
2023-03-06,22200971.0,boston celtics,3.34,0.43181061761170764,0.44224746282310345,0.0,0,0.0,830.7916838668225,odds too high
2023-03-06,22200972.0,philadelphia 76ers,1.33,0.6624231752595942,-0.11897717690473975,0.0,1,0.0,830.7916838668225,ev below min (-0.119)
2023-03-05,22200973.0,washington wizards,2.66,0.37395797506717593,-0.0052717863213119776,0.0,0,0.0,830.7916838668225,ev below min (-0.005)
2023-03-06,22200974.0,miami heat,1.65,0.6151246239476258,0.014955629513582425,0.0,1,0.0,830.7916838668225,ev below min (0.015)
2023-03-06,22200975.0,denver nuggets,1.37,0.7622457730991737,0.04427670914586801,0.0,1,0.0,830.7916838668225,ev below min (0.044)
2023-03-06,22200976.0,sacramento kings,1.43,0.7172498917774154,0.025667345241703998,0.0,1,0.0,830.7916838668225,ev below min (0.026)
2023-03-06,22200977.0,detroit pistons,2.4,0.41073188930075805,-0.014243465678180689,0.0,0,0.0,830.7916838668225,ev below min (-0.014)
2023-03-07,22200978.0,milwaukee bucks,1.66,0.5990484937823494,-0.005579500321300057,0.0,1,0.0,830.7916838668225,ev below min (-0.006)
2023-03-07,22200979.0,new york knicks,1.18,0.8369668605702567,-0.012379104527097118,0.0,0,0.0,830.7916838668225,odds too low
2023-03-07,22200980.0,philadelphia 76ers,2.14,0.5453597243049948,0.16706981001268884,16.61583367733645,1,18.942050392163555,849.733734258986,bet placed
2023-03-07,22200981.0,brooklyn nets,1.34,0.7126109477311946,-0.04510133004019923,0.0,1,0.0,849.733734258986,ev below min (-0.045)
2023-03-07,22200982.0,oklahoma city thunder,2.29,0.5697501681067245,0.30472788496439907,16.99467468517972,1,21.92313034388184,871.6568646028679,bet placed
2023-03-07,22200983.0,utah jazz,4.3,0.3247752844866461,0.3965337232925783,0.0,0,0.0,871.6568646028679,odds too high
2023-03-07,22200984.0,memphis grizzlies,1.74,0.5641563344729362,-0.018367978017091002,0.0,0,0.0,871.6568646028679,ev below min (-0.018)
2023-03-08,22200985.0,washington wizards,2.08,0.5972967989440362,0.24237734180359527,17.43313729205736,0,-17.43313729205736,854.2237273108105,bet placed
2023-03-08,22200986.0,boston celtics,1.19,0.8098615968678538,-0.0362646997272541,0.0,1,0.0,854.2237273108105,odds too low
2023-03-08,22200987.0,miami heat,1.96,0.4893546627107347,-0.04086486108696008,0.0,0,0.0,854.2237273108105,prob diff too low (0.033)
2023-03-08,22200988.0,new orleans pelicans,2.07,0.5652751972601574,0.17011965832852582,17.08447454621621,1,18.28038776445134,872.5041150752619,bet placed
2023-03-08,22200989.0,denver nuggets,1.22,0.8055283401779967,-0.017255424982844048,0.0,0,0.0,872.5041150752619,odds too low
2023-03-08,22200990.0,oklahoma city thunder,5.8,0.29687594435880954,0.7218804772810954,0.0,0,0.0,872.5041150752619,odds too high
2023-03-08,22200991.0,los angeles clippers,1.62,0.59729433834438,-0.03238317188210438,0.0,1,0.0,872.5041150752619,ev below min (-0.032)
2023-03-09,22200992.0,detroit pistons,2.24,0.45204541025414996,0.012581718969296052,0.0,0,0.0,872.5041150752619,ev below min (0.013)
2023-03-09,22200993.0,houston rockets,4.23,0.2412200230327333,0.020360697428462027,0.0,0,0.0,872.5041150752619,odds too high
2023-03-09,22200994.0,orlando magic,1.53,0.626756014331483,-0.041063298072831045,0.0,0,0.0,872.5041150752619,ev below min (-0.041)
2023-03-09,22200995.0,brooklyn nets,4.1,0.22839373394158366,-0.06358569083950705,0.0,0,0.0,872.5041150752619,odds too high
2023-03-09,22200996.0,memphis grizzlies,2.05,0.7175070814773148,0.47088951702849524,17.450082301505237,1,18.322586416580496,890.8267014918424,bet placed
2023-03-09,22200997.0,sacramento kings,1.67,0.5343278521380284,-0.10767248692949272,0.0,1,0.0,890.8267014918424,ev below min (-0.108)
2023-03-10,22200998.0,philadelphia 76ers,1.21,0.8040309477679732,-0.02712255320075241,0.0,1,0.0,890.8267014918424,odds too low
2023-03-10,22200999.0,washington wizards,1.89,0.6146849431685855,0.16175454258862643,17.81653402983685,0,-17.81653402983685,873.0101674620056,bet placed
2023-03-10,22201000.0,cleveland cavaliers,2.07,0.5054985572484284,0.046382013504246755,0.0,0,0.0,873.0101674620056,prob diff too low (0.010)
2023-03-10,22201001.0,brooklyn nets,2.36,0.4443148522171919,0.048583051232572894,0.0,1,0.0,873.0101674620056,ev below min (0.049)
2023-03-10,22201002.0,san antonio spurs,6.13,0.14624626527850418,-0.10351039384276939,0.0,1,0.0,873.0101674620056,odds too high
2023-03-10,22201003.0,los angeles lakers,2.03,0.6454784383822088,0.31032122991588373,17.460203349240114,1,17.984009449717313,890.9941769117229,bet placed
2023-03-11,22201004.0,new york knicks,2.46,0.5488206388722076,0.3500987716256305,17.819883538234457,0,-17.819883538234457,873.1742933734885,bet placed
2023-03-11,22201005.0,charlotte hornets,1.88,0.5547001252870354,0.042836235539626566,0.0,0,0.0,873.1742933734885,ev below min (0.043)
2023-03-11,22201006.0,indiana pacers,1.57,0.5658068721730671,-0.11168321068828457,0.0,1,0.0,873.1742933734885,ev below min (-0.112)
2023-03-11,22201007.0,miami heat,1.66,0.5069648154842723,-0.15843840629610806,0.0,0,0.0,873.1742933734885,ev below min (-0.158)
2023-03-11,22201008.0,atlanta hawks,2.46,0.5205400989844152,0.2805286435016614,0.0,0,0.0,873.1742933734885,prob diff too low (0.001)
2023-03-11,22201009.0,houston rockets,3.28,0.3232798804564769,0.060358007897244104,0.0,0,0.0,873.1742933734885,odds too high
2023-03-11,22201010.0,memphis grizzlies,1.28,0.814750220153025,0.042880281795872,0.0,1,0.0,873.1742933734885,ev below min (0.043)
2023-03-11,22201011.0,new orleans pelicans,1.8,0.5695394114920789,0.025170940685742105,0.0,0,0.0,873.1742933734885,ev below min (0.025)
2023-03-11,22201012.0,milwaukee bucks,2.18,0.5998129007999858,0.30759212374396916,17.46348586746977,0,-17.46348586746977,855.7108075060187,bet placed
2023-03-11,22201013.0,phoenix suns,1.52,0.6298495507591597,-0.04262868284607724,0.0,0,0.0,855.7108075060187,ev below min (-0.043)
2023-03-12,22201014.0,brooklyn nets,3.59,0.32723370946458574,0.17476901697786285,0.0,1,0.0,855.7108075060187,odds too high
2023-03-12,22201015.0,charlotte hornets,4.4,0.3747959429667312,0.6491021490536173,0.0,0,0.0,855.7108075060187,odds too high
2023-03-12,22201016.0,philadelphia 76ers,1.28,0.7539917071263597,-0.03489061487825962,0.0,1,0.0,855.7108075060187,ev below min (-0.035)
2023-03-12,22201017.0,new orleans pelicans,1.64,0.611554444554064,0.002949289068664873,0.0,1,0.0,855.7108075060187,ev below min (0.003)
2023-03-12,22201018.0,oklahoma city thunder,1.57,0.6896533943808414,0.08275582917792113,0.0,1,0.0,855.7108075060187,ev below min (0.083)
2023-03-12,22201019.0,new york knicks,2.07,0.4358529637619915,-0.09778436501267762,0.0,1,0.0,855.7108075060187,ev below min (-0.098)
2023-03-13,22201020.0,indiana pacers,1.52,0.5830352007131044,-0.11378649491608128,0.0,0,0.0,855.7108075060187,ev below min (-0.114)
2023-03-13,22201021.0,minnesota timberwolves,2.4,0.3758708039300556,-0.0979100705678666,0.0,1,0.0,855.7108075060187,ev below min (-0.098)
2023-03-13,22201022.0,utah jazz,3.38,0.31257674368176336,0.05650939364436014,0.0,0,0.0,855.7108075060187,odds too high
2023-03-13,22201023.0,dallas mavericks,2.27,0.5140863545842536,0.16697602490625552,17.114216150120374,0,-17.114216150120374,838.5965913558983,bet placed
2023-03-13,22201024.0,houston rockets,5.97,0.1710256564144692,0.021023168794381153,0.0,1,0.0,838.5965913558983,odds too high
2023-03-13,22201025.0,phoenix suns,2.33,0.4841215173077877,0.12800313532714536,0.0,0,0.0,838.5965913558983,ev below min (0.128)
2023-03-13,22201026.0,sacramento kings,2.2,0.4302395316907202,-0.0534730302804155,0.0,0,0.0,838.5965913558983,prob diff too low (0.017)
2023-03-14,22201027.0,cleveland cavaliers,1.4,0.6783850870914678,-0.050260878071945125,0.0,1,0.0,838.5965913558983,ev below min (-0.050)
2023-03-14,22201028.0,detroit pistons,5.88,0.2355420593864058,0.38498730919206614,0.0,0,0.0,838.5965913558983,odds too high
2023-03-14,22201029.0,denver nuggets,1.73,0.5708256150819379,-0.012471685908247543,0.0,0,0.0,838.5965913558983,ev below min (-0.012)
2023-03-14,22201030.0,new orleans pelicans,1.78,0.5393697806407296,-0.03992179045950128,0.0,0,0.0,838.5965913558983,ev below min (-0.040)
2023-03-14,22201031.0,brooklyn nets,1.91,0.5166776728819427,-0.01314564479548952,0.0,0,0.0,838.5965913558983,prob diff too low (0.028)
2023-03-14,22201032.0,san antonio spurs,3.09,0.32164786002326184,-0.006108112528120935,0.0,1,0.0,838.5965913558983,odds too high
2023-03-14,22201033.0,phoenix suns,1.89,0.4961647481874922,-0.062248625925639844,0.0,0,0.0,838.5965913558983,prob diff too low (0.003)
2023-03-14,22201034.0,new york knicks,1.66,0.6520405893458469,0.08238737831410581,0.0,1,0.0,838.5965913558983,ev below min (0.082)
2023-03-15,22201035.0,cleveland cavaliers,2.07,0.554156450672204,0.1471038528914621,0.0,0,0.0,838.5965913558983,ev below min (0.147)
2023-03-15,22201036.0,memphis grizzlies,2.34,0.5134708399368844,0.20152176545230938,0.0,0,0.0,838.5965913558983,prob diff too low (0.045)
2023-03-15,22201037.0,chicago bulls,1.89,0.5013867884698047,-0.05237896979206924,0.0,0,0.0,838.5965913558983,prob diff too low (0.017)
2023-03-15,22201038.0,los angeles lakers,1.59,0.681944629131272,0.08429196031872244,0.0,0,0.0,838.5965913558983,ev below min (0.084)
2023-03-15,22201039.0,minnesota timberwolves,2.53,0.48865115261603864,0.23628741611857773,0.0,0,0.0,838.5965913558983,prob diff too low (0.042)
2023-03-15,22201040.0,dallas mavericks,1.52,0.669388674493871,0.017470785230683905,0.0,1,0.0,838.5965913558983,ev below min (0.017)
2023-03-15,22201041.0,los angeles clippers,1.6,0.5702551642774499,-0.08759173715608004,0.0,1,0.0,838.5965913558983,ev below min (-0.088)
2023-03-16,22201042.0,detroit pistons,7.23,0.23340509972766155,0.6875188710309932,0.0,0,0.0,838.5965913558983,odds too high
2023-03-16,22201043.0,sacramento kings,2.13,0.4121391058463373,-0.12214370454730161,0.0,1,0.0,838.5965913558983,ev below min (-0.122)
2023-03-16,22201044.0,oklahoma city thunder,2.83,0.46328752333731293,0.3111036910445957,16.771931827117967,0,-16.771931827117967,821.8246595287803,bet placed
2023-03-16,22201045.0,milwaukee bucks,1.08,0.8091867944105591,-0.1260782620365961,0.0,0,0.0,821.8246595287803,odds too low
2023-03-16,22201046.0,phoenix suns,1.26,0.7633451675460171,-0.03818508889201844,0.0,1,0.0,821.8246595287803,ev below min (-0.038)
2023-03-17,22201047.0,charlotte hornets,4.17,0.27486296176372066,0.14617855055471507,0.0,0,0.0,821.8246595287803,odds too high
2023-03-17,22201048.0,golden state warriors,2.19,0.4631096768695338,0.014210192344279005,0.0,0,0.0,821.8246595287803,ev below min (0.014)
2023-03-17,22201049.0,cleveland cavaliers,1.42,0.7651329998867963,0.08648885983925059,0.0,1,0.0,821.8246595287803,ev below min (0.086)
2023-03-17,22201050.0,minnesota timberwolves,2.06,0.49933829159748183,0.028636880690812605,0.0,0,0.0,821.8246595287803,ev below min (0.029)
2023-03-17,22201051.0,new orleans pelicans,1.4,0.6154464648345311,-0.1383749492316565,0.0,0,0.0,821.8246595287803,ev below min (-0.138)
2023-03-17,22201052.0,memphis grizzlies,1.23,0.8161143150873862,0.003820607557484923,0.0,1,0.0,821.8246595287803,odds too low
2023-03-17,22201053.0,boston celtics,1.35,0.6925835731400808,-0.06501217626089084,0.0,1,0.0,821.8246595287803,ev below min (-0.065)
2023-03-17,22201054.0,los angeles lakers,1.54,0.6361461167368433,-0.020334980225261257,0.0,0,0.0,821.8246595287803,ev below min (-0.020)
2023-03-18,22201055.0,new york knicks,1.79,0.5788837209814479,0.036201860556791754,0.0,1,0.0,821.8246595287803,ev below min (0.036)
2023-03-18,22201056.0,los angeles clippers,1.33,0.7199903769617676,-0.042412798640849014,0.0,0,0.0,821.8246595287803,ev below min (-0.042)
2023-03-18,22201057.0,philadelphia 76ers,1.45,0.7006098351002453,0.015884260895355773,0.0,1,0.0,821.8246595287803,ev below min (0.016)
2023-03-18,22201058.0,minnesota timberwolves,3.88,0.37983307713022996,0.47375233926529225,0.0,0,0.0,821.8246595287803,odds too high
2023-03-18,22201059.0,washington wizards,2.39,0.43385909919593973,0.036923247078296084,0.0,0,0.0,821.8246595287803,ev below min (0.037)
2023-03-18,22201060.0,chicago bulls,1.98,0.5493985980251338,0.08780922408976499,0.0,1,0.0,821.8246595287803,ev below min (0.088)
2023-03-18,22201061.0,memphis grizzlies,1.89,0.726508493090283,0.3731010519406348,16.436493190575607,1,14.62847893961229,836.4531384683926,bet placed
2023-03-18,22201062.0,utah jazz,2.39,0.40873518745698845,-0.02312290197779754,0.0,1,0.0,836.4531384683926,ev below min (-0.023)
2023-03-19,22201063.0,brooklyn nets,2.1,0.49718854767785975,0.04409595012350542,0.0,0,0.0,836.4531384683926,prob diff too low (0.013)
2023-03-19,22201064.0,oklahoma city thunder,1.77,0.5942007510352605,0.051735329332410984,0.0,1,0.0,836.4531384683926,ev below min (0.052)
2023-03-19,22201065.0,san antonio spurs,4.07,0.3397571200885744,0.3828114787604979,0.0,1,0.0,836.4531384683926,odds too high
2023-03-19,22201066.0,detroit pistons,3.97,0.22656521563205562,-0.10053609394073915,0.0,0,0.0,836.4531384683926,odds too high
2023-03-19,22201067.0,houston rockets,2.59,0.33603011213368494,-0.12968200957375609,0.0,0,0.0,836.4531384683926,ev below min (-0.130)
2023-03-19,22201068.0,milwaukee bucks,1.28,0.6867625036679716,-0.12094399530499622,0.0,1,0.0,836.4531384683926,ev below min (-0.121)
2023-03-19,22201069.0,portland trail blazers,2.39,0.3879359289557378,-0.0728331297957866,0.0,0,0.0,836.4531384683926,ev below min (-0.073)
2023-03-19,22201070.0,los angeles lakers,1.34,0.6864401815670761,-0.08017015670011796,0.0,1,0.0,836.4531384683926,ev below min (-0.080)
2023-03-20,22201071.0,charlotte hornets,2.03,0.4935104828418172,0.0018262801688888608,0.0,1,0.0,836.4531384683926,ev below min (0.002)
2023-03-20,22201072.0,philadelphia 76ers,1.23,0.8215303686120267,0.010482353392792687,0.0,0,0.0,836.4531384683926,odds too low
2023-03-20,22201073.0,minnesota timberwolves,3.82,0.3028255396900904,0.15679356161614533,0.0,1,0.0,836.4531384683926,odds too high
2023-03-20,22201074.0,houston rockets,4.6,0.2587184338796014,0.19010479584616635,0.0,0,0.0,836.4531384683926,odds too high
2023-03-20,22201075.0,memphis grizzlies,1.51,0.755156762798472,0.14028671182569274,0.0,1,0.0,836.4531384683926,ev below min (0.140)
2023-03-20,22201076.0,utah jazz,2.95,0.40041449482524893,0.18122275973448443,16.72906276936785,1,32.62167240026731,869.0748108686599,bet placed
2023-03-21,22201077.0,orlando magic,1.81,0.5669009334463558,0.026090689537904055,0.0,1,0.0,869.0748108686599,ev below min (0.026)
2023-03-21,22201078.0,detroit pistons,5.98,0.17254240439245203,0.031803578266863086,0.0,0,0.0,869.0748108686599,odds too high
2023-03-21,22201079.0,brooklyn nets,2.27,0.5091540275198699,0.15577964247010478,17.3814962173732,0,-17.3814962173732,851.6933146512868,bet placed
2023-03-21,22201080.0,san antonio spurs,5.68,0.2587485522118208,0.4696917765631421,0.0,0,0.0,851.6933146512868,odds too high
2023-03-21,22201081.0,sacramento kings,2.53,0.5754079117693333,0.45578201677641306,17.033866293025735,0,-17.033866293025735,834.659448358261,bet placed
2023-03-21,22201082.0,oklahoma city thunder,2.91,0.37171505941675326,0.08169082290275198,0.0,1,0.0,834.659448358261,ev below min (0.082)
2023-03-22,22201083.0,washington wizards,3.68,0.44656818383831837,0.6433709165250117,0.0,0,0.0,834.659448358261,odds too high
2023-03-22,22201084.0,miami heat,1.71,0.5570237540906114,-0.04748938050505447,0.0,1,0.0,834.659448358261,ev below min (-0.047)
2023-03-22,22201085.0,indiana pacers,4.17,0.2358837475613165,-0.016364772669310246,0.0,1,0.0,834.659448358261,odds too high
2023-03-22,22201086.0,dallas mavericks,2.13,0.5452615115254874,0.16140701954928804,0.0,0,0.0,834.659448358261,prob diff too low (0.034)
2023-03-22,22201087.0,philadelphia 76ers,1.71,0.6456039940406827,0.1039828298095673,0.0,1,0.0,834.659448358261,ev below min (0.104)
2023-03-22,22201088.0,memphis grizzlies,1.09,0.8762885677209489,-0.04484546118416566,0.0,1,0.0,834.659448358261,odds too low
2023-03-22,22201089.0,milwaukee bucks,1.02,0.9010835763226239,-0.08089475215092357,0.0,1,0.0,834.659448358261,odds too low
2023-03-22,22201090.0,minnesota timberwolves,1.49,0.6224438690226598,-0.07255863515623695,0.0,1,0.0,834.659448358261,ev below min (-0.073)
2023-03-22,22201091.0,utah jazz,1.43,0.6583959479335056,-0.058493794455086956,0.0,0,0.0,834.659448358261,ev below min (-0.058)
2023-03-22,22201092.0,los angeles lakers,1.76,0.5318374077725416,-0.0639661623203267,0.0,1,0.0,834.659448358261,ev below min (-0.064)
2023-03-23,22201093.0,new york knicks,1.63,0.5500123853140895,-0.10347981193803424,0.0,0,0.0,834.659448358261,ev below min (-0.103)
2023-03-23,22201094.0,brooklyn nets,2.22,0.5160235544208924,0.14557229081438128,0.0,0,0.0,834.659448358261,prob diff too low (0.041)
2023-03-23,22201095.0,charlotte hornets,3.57,0.28582943488257473,0.020411082530791713,0.0,0,0.0,834.659448358261,odds too high
2023-03-23,22201096.0,los angeles clippers,1.45,0.6429531471085007,-0.06771793669267401,0.0,1,0.0,834.659448358261,ev below min (-0.068)
2023-03-24,22201097.0,boston celtics,1.14,0.8015899095434574,-0.08618750312045864,0.0,1,0.0,834.659448358261,odds too low
2023-03-24,22201098.0,washington wizards,1.22,0.7747713839521083,-0.05477891157842785,0.0,1,0.0,834.659448358261,odds too low
2023-03-24,22201099.0,detroit pistons,6.62,0.1463977841860717,-0.030846668688205403,0.0,0,0.0,834.659448358261,odds too high
2023-03-24,22201100.0,memphis grizzlies,1.08,0.8757494854010546,-0.05419055576686105,0.0,1,0.0,834.659448358261,odds too low
2023-03-24,22201101.0,charlotte hornets,7.37,0.23757632590188155,0.750937521896867,0.0,1,0.0,834.659448358261,odds too high
2023-03-24,22201102.0,utah jazz,3.72,0.28633596502025854,0.06516978987536182,0.0,0,0.0,834.659448358261,odds too high
2023-03-24,22201103.0,philadelphia 76ers,2.31,0.6244509512814637,0.44248169746018107,16.69318896716522,0,-16.69318896716522,817.9662593910957,bet placed
2023-03-24,22201104.0,portland trail blazers,3.1,0.4302438046529428,0.33375579442412273,0.0,0,0.0,817.9662593910957,odds too high
2023-03-24,22201105.0,sacramento kings,1.52,0.6047306180557913,-0.08080946055519722,0.0,1,0.0,817.9662593910957,ev below min (-0.081)
2023-03-24,22201106.0,los angeles lakers,1.56,0.592417705232113,-0.07582837983790369,0.0,1,0.0,817.9662593910957,ev below min (-0.076)
2023-03-25,22201107.0,indiana pacers,4.22,0.2852398641911774,0.2037122268867686,0.0,0,0.0,817.9662593910957,odds too high
2023-03-25,22201108.0,brooklyn nets,2.69,0.3515606087171973,-0.05430196255073927,0.0,1,0.0,817.9662593910957,ev below min (-0.054)
2023-03-25,22201109.0,milwaukee bucks,2.16,0.5016436592971596,0.08355030408186481,0.0,0,0.0,817.9662593910957,prob diff too low (0.034)
2023-03-25,22201110.0,philadelphia 76ers,1.86,0.6108004068097095,0.1360887566660598,0.0,0,0.0,817.9662593910957,ev below min (0.136)
2023-03-25,22201111.0,sacramento kings,1.22,0.6976969671897961,-0.14880970002844873,0.0,1,0.0,817.9662593910957,odds too low
2023-03-25,22201112.0,los angeles clippers,1.44,0.7517346405890946,0.08249788244829603,0.0,0,0.0,817.9662593910957,ev below min (0.082)
2023-03-26,22201113.0,charlotte hornets,5.4,0.41217094309408536,1.2257230927080611,0.0,1,0.0,817.9662593910957,odds too high
2023-03-26,22201114.0,chicago bulls,2.65,0.38986773374191225,0.033149494416067515,0.0,1,0.0,817.9662593910957,ev below min (0.033)
2023-03-26,22201115.0,memphis grizzlies,1.68,0.5996254774949831,0.0073708021915714905,0.0,1,0.0,817.9662593910957,ev below min (0.007)
2023-03-26,22201116.0,boston celtics,1.05,0.918985300422529,-0.03506543455634448,0.0,1,0.0,817.9662593910957,odds too low
2023-03-26,22201117.0,cleveland cavaliers,1.07,0.9054640526224011,-0.031153463694030714,0.0,1,0.0,817.9662593910957,odds too low
2023-03-26,22201118.0,brooklyn nets,1.93,0.5030936650481714,-0.02902922645702921,0.0,0,0.0,817.9662593910957,prob diff too low (0.016)
2023-03-26,22201119.0,washington wizards,4.4,0.36358054169569637,0.5997543834610641,0.0,0,0.0,817.9662593910957,odds too high
2023-03-26,22201120.0,portland trail blazers,4.18,0.4058331108401369,0.696382403311772,0.0,0,0.0,817.9662593910957,odds too high
2023-03-26,22201121.0,minnesota timberwolves,2.75,0.33845895777529106,-0.06923786611794958,0.0,1,0.0,817.9662593910957,ev below min (-0.069)
2023-03-27,22201122.0,milwaukee bucks,1.08,0.827764686395167,-0.10601413869321963,0.0,1,0.0,817.9662593910957,odds too low
2023-03-27,22201123.0,indiana pacers,3.14,0.5069237414187661,0.5917405480549256,0.0,0,0.0,817.9662593910957,prob diff too low (0.013)
2023-03-27,22201124.0,new york knicks,1.09,0.8874337038909229,-0.03269726275889395,0.0,1,0.0,817.9662593910957,odds too low
2023-03-27,22201125.0,utah jazz,2.52,0.44198964650966427,0.11381390920435397,0.0,0,0.0,817.9662593910957,ev below min (0.114)
2023-03-27,22201126.0,philadelphia 76ers,3.37,0.44380928404888104,0.4956372872447292,0.0,0,0.0,817.9662593910957,odds too high
2023-03-27,22201127.0,portland trail blazers,4.8,0.45204568565394726,1.1698192911389467,0.0,0,0.0,817.9662593910957,odds too high
2023-03-27,22201128.0,sacramento kings,1.38,0.6577746313768755,-0.0922710086999119,0.0,0,0.0,817.9662593910957,ev below min (-0.092)
2023-03-27,22201129.0,chicago bulls,2.34,0.4510813276804153,0.055530306772171745,0.0,0,0.0,817.9662593910957,ev below min (0.056)
2023-03-28,22201130.0,washington wizards,4.63,0.3974285256814376,0.840094073905056,0.0,1,0.0,817.9662593910957,odds too high
2023-03-28,22201131.0,cleveland cavaliers,2.08,0.5783199455591613,0.20290548676305553,16.359325187821916,0,-16.359325187821916,801.6069342032738,bet placed
2023-03-28,22201132.0,miami heat,2.64,0.4165090051087271,0.09958377348703973,0.0,0,0.0,801.6069342032738,ev below min (0.100)
2023-03-28,22201133.0,memphis grizzlies,1.34,0.775032505231479,0.03854355701018197,0.0,1,0.0,801.6069342032738,ev below min (0.039)
2023-03-28,22201134.0,charlotte hornets,4.03,0.22813029731552004,-0.08063490181845423,0.0,1,0.0,801.6069342032738,odds too high
2023-03-28,22201135.0,new orleans pelicans,3.54,0.4507350830151686,0.5956021938736968,0.0,0,0.0,801.6069342032738,odds too high
2023-03-29,22201136.0,indiana pacers,5.95,0.2423404751134028,0.4419258269247466,0.0,0,0.0,801.6069342032738,odds too high
2023-03-29,22201137.0,brooklyn nets,1.13,0.855464448150447,-0.03332517358999498,0.0,1,0.0,801.6069342032738,odds too low
2023-03-29,22201138.0,new york knicks,1.4,0.705180047240225,-0.012747933863685112,0.0,1,0.0,801.6069342032738,ev below min (-0.013)
2023-03-29,22201139.0,philadelphia 76ers,1.38,0.8463241959644322,0.16792739043091642,16.032138684065476,1,6.092212699944879,807.6991469032187,bet placed
2023-03-29,22201140.0,chicago bulls,2.31,0.6045853883864829,0.39659224717277564,16.153982938064374,0,-16.153982938064374,791.5451639651543,bet placed
2023-03-29,22201141.0,memphis grizzlies,1.7,0.7470007662155425,0.2699013025664221,15.830903279303087,0,-15.830903279303087,775.7142606858512,bet placed
2023-03-29,22201142.0,oklahoma city thunder,1.15,0.8465709087959196,-0.026443454884692574,0.0,1,0.0,775.7142606858512,odds too low
2023-03-29,22201143.0,utah jazz,1.68,0.6117041421243374,0.027662958768886803,0.0,1,0.0,775.7142606858512,ev below min (0.028)
2023-03-29,22201144.0,minnesota timberwolves,2.81,0.3219523648092493,-0.09531385488600941,0.0,0,0.0,775.7142606858512,ev below min (-0.095)
2023-03-29,22201145.0,portland trail blazers,6.55,0.23395486323057257,0.5324043541602503,0.0,0,0.0,775.7142606858512,odds too high
2023-03-30,22201146.0,milwaukee bucks,1.66,0.6598939930752191,0.09542402850486376,0.0,0,0.0,775.7142606858512,ev below min (0.095)
2023-03-30,22201147.0,denver nuggets,1.69,0.7605295286399236,0.2852949034014709,15.514285213717024,0,-15.514285213717024,760.1999754721342,bet placed
2023-03-31,22201148.0,charlotte hornets,4.48,0.43126393784974665,0.9320624415668652,0.0,0,0.0,760.1999754721342,odds too high
2023-03-31,22201149.0,indiana pacers,2.54,0.41837362491056596,0.06266900727283753,0.0,1,0.0,760.1999754721342,ev below min (0.063)
2023-03-31,22201150.0,philadelphia 76ers,1.48,0.7512231441745335,0.11181025337830963,0.0,1,0.0,760.1999754721342,ev below min (0.112)
2023-03-31,22201151.0,washington wizards,2.43,0.613632495120936,0.4911269631438746,15.203999509442683,0,-15.203999509442683,744.9959759626914,bet placed
2023-03-31,22201152.0,utah jazz,6.37,0.1878689232590212,0.19672504115996503,0.0,0,0.0,744.9959759626914,odds too high
2023-03-31,22201153.0,brooklyn nets,1.92,0.5939779920508808,0.140437744737691,0.0,1,0.0,744.9959759626914,ev below min (0.140)
2023-03-31,22201154.0,cleveland cavaliers,1.55,0.6770538816611418,0.04943351657476969,0.0,0,0.0,744.9959759626914,ev below min (0.049)
2023-03-31,22201155.0,detroit pistons,2.76,0.42887237326566136,0.18368775021322525,14.899919519253828,0,-14.899919519253828,730.0960564434376,bet placed
2023-03-31,22201156.0,memphis grizzlies,1.43,0.7477704152209449,0.06931169376595125,0.0,1,0.0,730.0960564434376,ev below min (0.069)
2023-03-31,22201157.0,minnesota timberwolves,1.93,0.5343441975924845,0.031284301353495136,0.0,0,0.0,730.0960564434376,ev below min (0.031)
2023-03-31,22201158.0,san antonio spurs,7.98,0.12103856408891883,-0.034112258570427656,0.0,0,0.0,730.0960564434376,odds too high
2023-03-31,22201159.0,portland trail blazers,6.62,0.19451255725295427,0.2876731290145573,0.0,0,0.0,730.0960564434376,odds too high
2023-03-31,22201160.0,denver nuggets,5.48,0.41249830925678044,1.2604907347271568,0.0,0,0.0,730.0960564434376,odds too high
2023-04-01,22201161.0,miami heat,2.0,0.6808748707582545,0.36174974151650896,14.601921128868753,1,14.601921128868753,744.6979775723064,bet placed
2023-04-01,22201162.0,los angeles clippers,2.26,0.5168090687643507,0.16798849540743244,14.893959551446128,0,-14.893959551446128,729.8040180208603,bet placed
2023-04-02,22201163.0,charlotte hornets,7.35,0.36909503045767245,1.7128484738638923,0.0,0,0.0,729.8040180208603,odds too high
2023-04-02,22201164.0,brooklyn nets,1.27,0.7369286636308853,-0.0641005971887757,0.0,1,0.0,729.8040180208603,ev below min (-0.064)
2023-04-02,22201165.0,chicago bulls,1.85,0.5462298734365433,0.01052526585760516,0.0,1,0.0,729.8040180208603,prob diff too low (0.015)
2023-04-02,22201166.0,portland trail blazers,8.53,0.1164741638314877,-0.006475382517409978,0.0,1,0.0,729.8040180208603,odds too high
2023-04-02,22201167.0,atlanta hawks,1.6,0.6581950944244318,0.05311215107909084,0.0,1,0.0,729.8040180208603,ev below min (0.053)
2023-04-02,22201168.0,washington wizards,4.93,0.2362653512814403,0.16478818181750055,0.0,0,0.0,729.8040180208603,odds too high
2023-04-02,22201169.0,orlando magic,1.14,0.8608907526309035,-0.018584542000770088,0.0,1,0.0,729.8040180208603,odds too low
2023-04-02,22201170.0,sacramento kings,1.04,0.9061219328535948,-0.0576331898322614,0.0,0,0.0,729.8040180208603,odds too low
2023-04-02,22201171.0,houston rockets,5.23,0.2273709131904586,0.18914987598609856,0.0,0,0.0,729.8040180208603,odds too high
2023-04-02,22201172.0,oklahoma city thunder,2.55,0.5237553911128693,0.33557624733781655,0.0,0,0.0,729.8040180208603,prob diff too low (0.033)
2023-04-02,22201173.0,cleveland cavaliers,1.1,0.8238126567771807,-0.09380607754510106,0.0,1,0.0,729.8040180208603,odds too low
2023-04-02,22201174.0,philadelphia 76ers,2.56,0.3586170944681054,-0.08194023816165008,0.0,0,0.0,729.8040180208603,ev below min (-0.082)
2023-04-02,22201175.0,denver nuggets,2.27,0.6385013380253186,0.4493980373174733,14.596080360417206,1,18.537022057729853,748.3410400785901,bet placed
2023-04-04,22201176.0,charlotte hornets,7.8,0.36718272223524767,1.8640252334349316,0.0,0,0.0,748.3410400785901,odds too high
2023-04-04,22201177.0,detroit pistons,6.45,0.25671019216610524,0.6557807394713788,0.0,0,0.0,748.3410400785901,odds too high
2023-04-04,22201178.0,orlando magic,2.34,0.4768319311103635,0.11578671879825042,0.0,0,0.0,748.3410400785901,ev below min (0.116)
2023-04-04,22201179.0,washington wizards,6.03,0.3300097297551712,0.9899586704236822,0.0,0,0.0,748.3410400785901,odds too high
2023-04-04,22201180.0,brooklyn nets,2.21,0.651446911418637,0.4396976742351877,14.966820801571803,0,-14.966820801571803,733.3742192770184,bet placed
2023-04-04,22201181.0,boston celtics,2.28,0.44098711993033807,0.005450633441170805,0.0,0,0.0,733.3742192770184,ev below min (0.005)
2023-04-04,22201182.0,chicago bulls,1.4,0.6910560456193441,-0.032521536132918305,0.0,0,0.0,733.3742192770184,ev below min (-0.033)
2023-04-04,22201183.0,denver nuggets,1.14,0.7774327975563702,-0.11372661078573809,0.0,0,0.0,733.3742192770184,odds too low
2023-04-04,22201184.0,memphis grizzlies,1.04,0.84182461821253,-0.12450239705896882,0.0,1,0.0,733.3742192770184,odds too low
2023-04-04,22201185.0,sacramento kings,2.33,0.5358107961228535,0.2484391549662488,0.0,1,0.0,733.3742192770184,prob diff too low (0.050)
2023-04-04,22201186.0,utah jazz,4.33,0.4003488779450065,0.7335106415018782,0.0,0,0.0,733.3742192770184,odds too high
2023-04-04,22201187.0,oklahoma city thunder,3.1,0.34771506777057903,0.07791671008879497,0.0,0,0.0,733.3742192770184,odds too high
2023-04-04,22201188.0,phoenix suns,1.02,0.871614895433181,-0.11095280665815532,0.0,1,0.0,733.3742192770184,odds too low
2023-04-05,22201189.0,detroit pistons,4.38,0.23165356360114064,0.014642608572996041,0.0,0,0.0,733.3742192770184,odds too high
2023-04-05,22201190.0,new york knicks,1.51,0.6834463508597166,0.032003989798172094,0.0,1,0.0,733.3742192770184,ev below min (0.032)
2023-04-05,22201191.0,washington wizards,5.8,0.34135673332210026,0.9798690532681815,0.0,0,0.0,733.3742192770184,odds too high
2023-04-05,22201192.0,boston celtics,1.83,0.7373404213293354,0.3493329710326838,14.667484385540368,1,12.174012039998507,745.5482313170169,bet placed
2023-04-05,22201193.0,milwaukee bucks,1.4,0.6500547083950677,-0.08992340824690526,0.0,1,0.0,745.5482313170169,ev below min (-0.090)
2023-04-05,22201194.0,memphis grizzlies,2.9,0.5545949209298716,0.6083252706966276,0.0,0,0.0,745.5482313170169,prob diff too low (0.049)
2023-04-05,22201195.0,sacramento kings,2.83,0.606803310517474,0.7172533687644516,14.910964626340338,0,-14.910964626340338,730.6372666906765,bet placed
2023-04-05,22201196.0,los angeles clippers,1.86,0.5730578616601816,0.06588762268793769,0.0,1,0.0,730.6372666906765,ev below min (0.066)
2023-04-06,22201197.0,cleveland cavaliers,2.61,0.5493298154851747,0.4337508184163059,14.61274533381353,1,23.52651998743978,754.1637866781163,bet placed
2023-04-06,22201198.0,philadelphia 76ers,1.68,0.704260893735243,0.18315830147520828,15.083275733562326,0,-15.083275733562326,739.0805109445539,bet placed
2023-04-06,22201199.0,portland trail blazers,2.55,0.3510347187017373,-0.10486146731056989,0.0,0,0.0,739.0805109445539,ev below min (-0.105)
2023-04-06,22201200.0,utah jazz,3.1,0.5605431617499005,0.7376838014246916,0.0,0,0.0,739.0805109445539,odds too high
2023-04-06,22201201.0,denver nuggets,5.38,0.3598956970671856,0.9362388502214585,0.0,0,0.0,739.0805109445539,odds too high
2023-04-07,22201202.0,charlotte hornets,2.47,0.6043040373535039,0.4926309722631548,14.781610218891078,0,-14.781610218891078,724.2989007256629,bet placed
2023-04-07,22201203.0,indiana pacers,1.36,0.7265075933390251,-0.011949673058925692,0.0,0,0.0,724.2989007256629,ev below min (-0.012)
2023-04-07,22201204.0,washington wizards,2.28,0.5014163641581643,0.14322931028061436,0.0,1,0.0,724.2989007256629,prob diff too low (0.007)
2023-04-07,22201205.0,philadelphia 76ers,5.23,0.4622200697265379,1.4174109646697932,0.0,1,0.0,724.2989007256629,prob diff too low (0.033)
2023-04-07,22201206.0,boston celtics,1.96,0.7297337403853402,0.4302781311552668,14.485978014513258,1,13.906538893932726,738.2054396195956,bet placed
2023-04-07,22201207.0,orlando magic,4.03,0.30329964921148966,0.22229758632230334,0.0,0,0.0,738.2054396195956,odds too high
2023-04-07,22201208.0,milwaukee bucks,3.48,0.6757620760153628,1.3516520245334624,0.0,0,0.0,738.2054396195956,odds too high
2023-04-07,22201209.0,new york knicks,3.54,0.5118463185525668,0.8119359676760864,0.0,0,0.0,738.2054396195956,prob diff too low (0.032)
2023-04-07,22201210.0,chicago bulls,1.98,0.5408160929101405,0.07081586396207817,0.0,1,0.0,738.2054396195956,ev below min (0.071)
2023-04-07,22201211.0,sacramento kings,4.55,0.6480425683764256,1.9485936861127362,0.0,0,0.0,738.2054396195956,odds too high
2023-04-07,22201212.0,phoenix suns,6.05,0.4412671481590524,1.669666246362267,0.0,0,0.0,738.2054396195956,prob diff too low (0.047)
2023-04-08,22201213.0,utah jazz,4.13,0.35336341917770303,0.45939092120391356,0.0,1,0.0,738.2054396195956,odds too high
2023-04-08,22201214.0,san antonio spurs,7.28,0.2286895964127974,0.6648602618851651,0.0,0,0.0,738.2054396195956,odds too high
2023-04-08,22201215.0,portland trail blazers,8.95,0.15172006503639957,0.35789458207577596,0.0,0,0.0,738.2054396195956,odds too high
2023-04-09,22201216.0,boston celtics,1.44,0.7801399308329844,0.12340150039949749,0.0,1,0.0,738.2054396195956,ev below min (0.123)
2023-04-09,22201217.0,brooklyn nets,1.7,0.5364734043626823,-0.08799521258344012,0.0,0,0.0,738.2054396195956,ev below min (-0.088)
2023-04-09,22201218.0,cleveland cavaliers,1.37,0.8175860711277522,0.12009291744502049,0.0,0,0.0,738.2054396195956,ev below min (0.120)
2023-04-09,22201219.0,miami heat,1.41,0.7230276167224035,0.01946893957858875,0.0,1,0.0,738.2054396195956,ev below min (0.019)
2023-04-09,22201220.0,new york knicks,1.17,0.8272140852786907,-0.03215952022393198,0.0,0,0.0,738.2054396195956,odds too low
2023-04-09,22201221.0,milwaukee bucks,2.22,0.46972507105080524,0.042789657732787756,0.0,0,0.0,738.2054396195956,prob diff too low (0.004)
2023-04-09,22201222.0,washington wizards,2.29,0.7343050836174234,0.6815586414838997,14.764108792391912,0,-14.764108792391912,723.4413308272037,bet placed
2023-04-09,22201223.0,chicago bulls,1.21,0.8825169974539581,0.06784556691928922,0.0,1,0.0,723.4413308272037,odds too low
2023-04-09,22201224.0,dallas mavericks,1.5,0.8012524469358514,0.20187867040377716,14.468826616544074,0,-14.468826616544074,708.9725042106596,bet placed
2023-04-09,22201225.0,new orleans pelicans,2.14,0.46034590025050964,-0.01485977346390932,0.0,0,0.0,708.9725042106596,ev below min (-0.015)
2023-04-09,22201226.0,memphis grizzlies,2.0,0.610890864920563,0.22178172984112599,14.179450084213192,0,-14.179450084213192,694.7930541264465,bet placed
2023-04-09,22201227.0,denver nuggets,2.48,0.6158416655881171,0.5272873306585306,13.89586108252893,1,20.565874402142814,715.3589285285893,bet placed
2023-04-09,22201228.0,utah jazz,7.02,0.2178034504451406,0.5289802221248869,0.0,0,0.0,715.3589285285893,odds too high
2023-04-09,22201229.0,phoenix suns,4.07,0.6357214535059738,1.5873863157693133,0.0,0,0.0,715.3589285285893,odds too high
2023-04-09,22201230.0,portland trail blazers,7.65,0.2740058517529171,1.0961447659098158,0.0,0,0.0,715.3589285285893,odds too high
2023-04-16,42200101.0,miami heat,3.75,0.23733211268282894,-0.1100045774393914,0.0,1,0.0,715.3589285285893,odds too high
2023-04-19,42200102.0,milwaukee bucks,1.38,0.64053857763072,-0.11605676286960653,0.0,1,0.0,715.3589285285893,ev below min (-0.116)
2023-04-22,42200103.0,miami heat,2.07,0.4390536033741354,-0.09115904101553973,0.0,1,0.0,715.3589285285893,prob diff too low (0.030)
2023-04-24,42200104.0,miami heat,3.33,0.47379894569407816,0.5777504891612804,0.0,1,0.0,715.3589285285893,prob diff too low (0.030)
2023-04-26,42200105.0,miami heat,4.98,0.3023471205418986,0.5056886602986552,0.0,1,0.0,715.3589285285893,odds too high
2023-04-15,42200111.0,atlanta hawks,3.85,0.31361868283099803,0.20743192889934248,0.0,0,0.0,715.3589285285893,odds too high
2023-04-18,42200112.0,atlanta hawks,4.62,0.30659484479958016,0.4164681829740604,0.0,0,0.0,715.3589285285893,odds too high
2023-04-21,42200113.0,atlanta hawks,2.71,0.4431707448493862,0.20099271854183653,14.307178570571788,1,24.465275355677758,739.824203884267,bet placed
2023-04-23,42200114.0,atlanta hawks,3.25,0.4540683350616952,0.4757220889505094,0.0,0,0.0,739.824203884267,odds too high
2023-04-25,42200115.0,atlanta hawks,6.12,0.2582416084682134,0.5804386438254663,0.0,1,0.0,739.824203884267,odds too high
2023-04-27,42200116.0,atlanta hawks,3.13,0.4372778681099777,0.36867972718423014,0.0,0,0.0,739.824203884267,odds too high
2023-04-15,42200121.0,brooklyn nets,3.55,0.27871370317925004,-0.010566353713662435,0.0,0,0.0,739.824203884267,odds too high
2023-04-17,42200122.0,brooklyn nets,4.38,0.25783535113520817,0.12931883797221166,0.0,0,0.0,739.824203884267,odds too high
2023-04-20,42200123.0,brooklyn nets,2.48,0.4402180893352345,0.0917408615513815,0.0,0,0.0,739.824203884267,ev below min (0.092)
2023-04-22,42200124.0,philadelphia 76ers,1.7,0.5306057575268947,-0.09797021220427915,0.0,1,0.0,739.824203884267,ev below min (-0.098)
2023-04-15,42200131.0,new york knicks,2.5,0.39434674633626554,-0.014133134159336147,0.0,1,0.0,739.824203884267,ev below min (-0.014)
2023-04-18,42200132.0,new york knicks,2.77,0.42507623024335667,0.17746115777409788,14.79648407768534,0,-14.79648407768534,725.0277198065817,bet placed
2023-04-21,42200133.0,new york knicks,1.68,0.6127554214941193,0.02942910811012034,0.0,1,0.0,725.0277198065817,ev below min (0.029)
2023-04-23,42200134.0,new york knicks,1.69,0.6382759340077783,0.07868632847314516,0.0,1,0.0,725.0277198065817,ev below min (0.079)
2023-04-26,42200135.0,new york knicks,2.73,0.450705388094046,0.23042570949674546,14.500554396131633,1,25.085959105307726,750.1136789118895,bet placed
2023-04-16,42200141.0,minnesota timberwolves,3.35,0.36594705458641197,0.2259226328644801,0.0,0,0.0,750.1136789118895,odds too high
2023-04-19,42200142.0,minnesota timberwolves,3.43,0.3397019487528471,0.16517768422226564,0.0,0,0.0,750.1136789118895,odds too high
2023-04-21,42200143.0,minnesota timberwolves,1.95,0.530460436002385,0.03439785020465069,0.0,0,0.0,750.1136789118895,prob diff too low (0.034)
2023-04-23,42200144.0,minnesota timberwolves,2.41,0.5111716109570269,0.23192358240643496,0.0,1,0.0,750.1136789118895,prob diff too low (0.001)
2023-04-25,42200145.0,minnesota timberwolves,4.28,0.3239022651907577,0.38630169501644307,0.0,0,0.0,750.1136789118895,odds too high
2023-04-16,42200151.0,memphis grizzlies,1.44,0.6855083206993674,-0.012868018192910946,0.0,0,0.0,750.1136789118895,ev below min (-0.013)
2023-04-19,42200152.0,memphis grizzlies,1.9,0.6283553915817238,0.19387524400527512,15.002273578237789,1,13.502046220414009,763.6157251323035,bet placed
2023-04-22,42200153.0,memphis grizzlies,2.38,0.43043231819240263,0.024428917297918185,0.0,0,0.0,763.6157251323035,ev below min (0.024)
2023-04-24,42200154.0,memphis grizzlies,2.52,0.417813576395255,0.052890212516042645,0.0,0,0.0,763.6157251323035,ev below min (0.053)
2023-04-26,42200155.0,los angeles lakers,2.48,0.39307670115205423,-0.025169781142905467,0.0,0,0.0,763.6157251323035,ev below min (-0.025)
2023-04-28,42200156.0,memphis grizzlies,2.55,0.4302230708502821,0.09706883066821925,0.0,0,0.0,763.6157251323035,ev below min (0.097)
2023-04-15,42200161.0,golden state warriors,1.86,0.5334856867428096,-0.007716622658374028,0.0,0,0.0,763.6157251323035,prob diff too low (0.027)
2023-04-17,42200162.0,sacramento kings,2.02,0.5711231463026555,0.15366875553136405,15.27231450264607,1,15.577760792698992,779.1934859250025,bet placed
2023-04-20,42200163.0,sacramento kings,2.74,0.36807950708194404,0.008537849404526732,0.0,0,0.0,779.1934859250025,ev below min (0.009)
2023-04-23,42200164.0,sacramento kings,3.28,0.36863781335629153,0.20913202780863616,0.0,0,0.0,779.1934859250025,odds too high
2023-04-26,42200165.0,sacramento kings,1.97,0.5605631516615899,0.10430940877333206,0.0,0,0.0,779.1934859250025,prob diff too low (0.047)
2023-04-28,42200166.0,sacramento kings,3.19,0.3436636321114209,0.09628698643543276,0.0,1,0.0,779.1934859250025,odds too high
2023-04-30,42200167.0,sacramento kings,1.79,0.5755213613663704,0.03018323684580304,0.0,0,0.0,779.1934859250025,ev below min (0.030)
2023-04-16,42200171.0,los angeles clippers,3.28,0.36906873545055263,0.21054545227781252,0.0,1,0.0,779.1934859250025,odds too high
2023-04-18,42200172.0,los angeles clippers,3.55,0.38108260777013997,0.3528432575839968,0.0,0,0.0,779.1934859250025,odds too high
2023-04-20,42200173.0,los angeles clippers,3.22,0.5936809169233758,0.9116525524932702,0.0,0,0.0,779.1934859250025,odds too high
2023-04-22,42200174.0,los angeles clippers,3.23,0.5557117296078382,0.7949488866333174,0.0,0,0.0,779.1934859250025,odds too high
2023-04-25,42200175.0,los angeles clippers,5.72,0.33055612731069306,0.8907810482171643,0.0,0,0.0,779.1934859250025,odds too high
2023-04-30,42200201.0,new york knicks,1.55,0.6303078539198946,-0.023022826424163312,0.0,0,0.0,779.1934859250025,ev below min (-0.023)
2023-05-02,42200202.0,miami heat,4.33,0.3083456278341898,0.33513656852204177,0.0,0,0.0,779.1934859250025,odds too high
2023-05-06,42200203.0,new york knicks,2.3,0.4040832723417484,-0.0706084736139787,0.0,0,0.0,779.1934859250025,ev below min (-0.071)
2023-05-08,42200204.0,new york knicks,2.37,0.3763298942947717,-0.10809815052139105,0.0,0,0.0,779.1934859250025,ev below min (-0.108)
2023-05-10,42200205.0,new york knicks,1.58,0.5729591523675392,-0.09472453925928792,0.0,1,0.0,779.1934859250025,ev below min (-0.095)
2023-05-12,42200206.0,new york knicks,2.79,0.38401347982457984,0.07139760871057788,0.0,0,0.0,779.1934859250025,ev below min (0.071)
2023-05-01,42200211.0,philadelphia 76ers,4.47,0.36555068228935145,0.6340115498334009,0.0,1,0.0,779.1934859250025,odds too high
2023-05-03,42200212.0,philadelphia 76ers,3.37,0.3844738958446868,0.2956770289965944,0.0,0,0.0,779.1934859250025,odds too high
2023-05-05,42200213.0,philadelphia 76ers,2.09,0.5321976501877955,0.11229308889249268,0.0,0,0.0,779.1934859250025,ev below min (0.112)
2023-05-07,42200214.0,philadelphia 76ers,1.84,0.4881490394892541,-0.10180576733977242,0.0,1,0.0,779.1934859250025,prob diff too low (0.045)
2023-05-09,42200215.0,philadelphia 76ers,3.2,0.3158550686022701,0.010736219527264224,0.0,1,0.0,779.1934859250025,odds too high
2023-05-11,42200216.0,philadelphia 76ers,2.07,0.5449438583310843,0.12803378674534427,0.0,0,0.0,779.1934859250025,ev below min (0.128)
2023-05-14,42200217.0,boston celtics,1.4,0.6413775442278186,-0.10207143808105412,0.0,1,0.0,779.1934859250025,ev below min (-0.102)
2023-04-29,42200221.0,denver nuggets,1.52,0.6080642114949584,-0.07574239852766329,0.0,1,0.0,779.1934859250025,ev below min (-0.076)
2023-05-01,42200222.0,denver nuggets,1.51,0.6425790999168671,-0.029705559125530634,0.0,1,0.0,779.1934859250025,ev below min (-0.030)
2023-05-05,42200223.0,denver nuggets,2.38,0.41880600879251767,-0.003241699073808002,0.0,0,0.0,779.1934859250025,ev below min (-0.003)
2023-05-07,42200224.0,phoenix suns,1.8,0.5608025193140357,0.0094445347652643,0.0,1,0.0,779.1934859250025,ev below min (0.009)
2023-05-09,42200225.0,phoenix suns,2.9,0.35211651661736837,0.021137898190368265,0.0,0,0.0,779.1934859250025,ev below min (0.021)
2023-05-11,42200226.0,phoenix suns,1.74,0.5293957271575719,-0.0788514347458249,0.0,0,0.0,779.1934859250025,ev below min (-0.079)
2023-05-02,42200231.0,golden state warriors,1.49,0.6373554801224505,-0.05034033461754883,0.0,0,0.0,779.1934859250025,ev below min (-0.050)
2023-05-04,42200232.0,los angeles lakers,3.08,0.4089353910403997,0.25952100440443115,0.0,0,0.0,779.1934859250025,odds too high
2023-05-06,42200233.0,golden state warriors,2.21,0.4314852041950228,-0.0464176987289997,0.0,0,0.0,779.1934859250025,ev below min (-0.046)
2023-05-08,42200234.0,los angeles lakers,1.66,0.6298491208300944,0.04554954057795668,0.0,1,0.0,779.1934859250025,ev below min (0.046)
2023-05-10,42200235.0,los angeles lakers,3.18,0.42888152838104826,0.36384326025173364,0.0,0,0.0,779.1934859250025,odds too high
2023-05-12,42200236.0,golden state warriors,2.17,0.44000521782471747,-0.045188677320363135,0.0,0,0.0,779.1934859250025,ev below min (-0.045)
2023-05-17,42200301.0,miami heat,3.59,0.2670209748878562,-0.041394700152596275,0.0,1,0.0,779.1934859250025,odds too high
2023-05-19,42200302.0,miami heat,4.05,0.27992469873692133,0.1336950298845314,0.0,1,0.0,779.1934859250025,odds too high
2023-05-21,42200303.0,miami heat,2.37,0.5155027040080422,0.2217414084990601,15.58386971850005,1,21.34990151434507,800.5433874393476,bet placed
2023-05-23,42200304.0,miami heat,1.77,0.5984106513656419,0.05918685291718617,0.0,0,0.0,800.5433874393476,ev below min (0.059)
2023-05-25,42200305.0,miami heat,3.3,0.348806131771361,0.15106023484549125,0.0,0,0.0,800.5433874393476,odds too high
2023-05-27,42200306.0,miami heat,1.98,0.5413943003644158,0.0719607147215433,0.0,0,0.0,800.5433874393476,ev below min (0.072)
2023-05-29,42200307.0,miami heat,3.1,0.3179793651948464,-0.01426396789597617,0.0,1,0.0,800.5433874393476,odds too high
2023-05-16,42200311.0,los angeles lakers,2.95,0.3438330183955145,0.014307404266767909,0.0,0,0.0,800.5433874393476,ev below min (0.014)
2023-05-18,42200312.0,denver nuggets,1.43,0.6867822455056293,-0.017901388926950146,0.0,1,0.0,800.5433874393476,ev below min (-0.018)
2023-05-20,42200313.0,denver nuggets,2.7,0.4765134388560965,0.28658628491146065,0.0,1,0.0,800.5433874393476,prob diff too low (0.038)
2023-05-22,42200314.0,denver nuggets,2.24,0.5034176624317781,0.12765556384718302,0.0,1,0.0,800.5433874393476,prob diff too low (0.011)
2023-06-01,42200401.0,miami heat,3.6,0.31439413735450594,0.13181889447622153,0.0,0,0.0,800.5433874393476,odds too high
2023-06-04,42200402.0,miami heat,3.42,0.2675980185731463,-0.0848147764798397,0.0,1,0.0,800.5433874393476,odds too high
2023-06-07,42200403.0,miami heat,2.26,0.5028705932806415,0.13648754081424985,0.0,0,0.0,800.5433874393476,ev below min (0.136)
2023-06-09,42200404.0,miami heat,2.13,0.4579360861517235,-0.024596136496829013,0.0,0,0.0,800.5433874393476,prob diff too low (0.020)
2023-06-12,42200405.0,denver nuggets,1.29,0.7143471451264535,-0.07849218278687498,0.0,1,0.0,800.5433874393476,ev below min (-0.078)
2023-04-11,52200101.0,atlanta hawks,2.49,0.4022394848700689,0.0015763173264715657,0.0,1,0.0,800.5433874393476,ev below min (0.002)
2023-04-12,52200111.0,chicago bulls,2.65,0.4345868659634904,0.1516551948032494,16.010867748786954,1,26.41793178549847,826.9613192248461,bet placed
2023-04-11,52200121.0,minnesota timberwolves,3.62,0.29442841993973323,0.06583088018183436,0.0,0,0.0,826.9613192248461,odds too high
2023-04-12,52200131.0,oklahoma city thunder,2.57,0.4153679301098048,0.06749558038219816,0.0,1,0.0,826.9613192248461,ev below min (0.067)
2023-04-14,52200201.0,chicago bulls,2.41,0.4224333877636115,0.018064464510303857,0.0,0,0.0,826.9613192248461,ev below min (0.018)
2023-04-14,52200211.0,oklahoma city thunder,2.62,0.40867549762019106,0.07072980376490068,0.0,0,0.0,826.9613192248461,ev below min (0.071)
2023-11-03,22300001.0,cleveland cavaliers,1.63,0.5050383870256878,-0.17678742914812895,0.0,0,0.0,826.9613192248461,ev below min (-0.177)
2023-11-03,22300002.0,new york knicks,2.48,0.45378535685584137,0.12538768500248665,0.0,0,0.0,826.9613192248461,ev below min (0.125)
2023-11-03,22300003.0,washington wizards,3.53,0.340891844982395,0.2033482127878543,0.0,0,0.0,826.9613192248461,odds too high
2023-11-03,22300004.0,chicago bulls,1.49,0.6594600070225516,-0.01740458953639812,0.0,0,0.0,826.9613192248461,ev below min (-0.017)
2023-11-03,22300005.0,oklahoma city thunder,2.67,0.5709628904542225,0.5244709175127742,0.0,0,0.0,826.9613192248461,prob diff too low (0.020)
2023-11-03,22300006.0,denver nuggets,1.37,0.7398431480780453,0.013585112866922211,0.0,1,0.0,826.9613192248461,ev below min (0.014)
2023-11-03,22300007.0,portland trail blazers,2.15,0.4504118656850746,-0.03161448877708972,0.0,1,0.0,826.9613192248461,prob diff too low (0.026)
2023-11-10,22300008.0,philadelphia 76ers,1.22,0.8045200044432665,-0.018485594579214837,0.0,1,0.0,826.9613192248461,odds too low
2023-11-10,22300009.0,washington wizards,1.59,0.5900260714906542,-0.061858546329859765,0.0,0,0.0,826.9613192248461,ev below min (-0.062)
2023-11-10,22300010.0,brooklyn nets,4.77,0.28147173840243056,0.3426201921795937,0.0,0,0.0,826.9613192248461,odds too high
2023-11-10,22300011.0,houston rockets,1.63,0.6867882193019289,0.11946479746214411,0.0,1,0.0,826.9613192248461,ev below min (0.119)
2023-11-10,22300012.0,memphis grizzlies,1.43,0.6314779908633966,-0.09698647306534292,0.0,0,0.0,826.9613192248461,ev below min (-0.097)
2023-11-10,22300013.0,minnesota timberwolves,1.3,0.7844936408990121,0.019841733168715736,0.0,1,0.0,826.9613192248461,ev below min (0.020)
2023-11-10,22300014.0,dallas mavericks,1.75,0.5841660240387005,0.02229054206772596,0.0,1,0.0,826.9613192248461,ev below min (0.022)
2023-11-10,22300015.0,phoenix suns,1.67,0.6563993391413098,0.09618689636598732,0.0,0,0.0,826.9613192248461,ev below min (0.096)
2023-11-10,22300016.0,oklahoma city thunder,1.69,0.5726687164491318,-0.032189869200967336,0.0,0,0.0,826.9613192248461,ev below min (-0.032)
2023-11-14,22300017.0,charlotte hornets,2.86,0.2993562856365394,-0.14384102307949742,0.0,0,0.0,826.9613192248461,ev below min (-0.144)
2023-11-14,22300018.0,atlanta hawks,1.47,0.6641157556738598,-0.023749839159426078,0.0,1,0.0,826.9613192248461,ev below min (-0.024)
2023-11-14,22300019.0,philadelphia 76ers,1.38,0.8143798995436429,0.12384426137022708,0.0,0,0.0,826.9613192248461,ev below min (0.124)
2023-11-14,22300020.0,brooklyn nets,1.62,0.5383319842712537,-0.12790218548056886,0.0,1,0.0,826.9613192248461,ev below min (-0.128)
2023-11-14,22300021.0,oklahoma city thunder,1.16,0.8356608036512008,-0.03063346776460718,0.0,1,0.0,826.9613192248461,odds too low
2023-11-14,22300022.0,new orleans pelicans,2.22,0.4476203326972629,-0.006282861412076235,0.0,1,0.0,826.9613192248461,ev below min (-0.006)
2023-11-14,22300023.0,portland trail blazers,2.86,0.2650672561798364,-0.24190764732566794,0.0,0,0.0,826.9613192248461,ev below min (-0.242)
2023-11-14,22300024.0,denver nuggets,1.46,0.8365566601666541,0.22137272384331497,16.53922638449692,1,7.608044136868583,834.5693633617146,bet placed
2023-11-14,22300025.0,golden state warriors,2.06,0.5868248659959765,0.20885922395171153,0.0,0,0.0,834.5693633617146,prob diff too low (0.029)
2023-11-14,22300026.0,memphis grizzlies,2.87,0.28065757080642045,-0.19451277178557325,0.0,0,0.0,834.5693633617146,ev below min (-0.195)
2023-11-17,22300027.0,charlotte hornets,3.35,0.2686017843994708,-0.10018402226177281,0.0,0,0.0,834.5693633617146,odds too high
2023-11-17,22300028.0,washington wizards,2.95,0.3710504583797739,0.09459885222033315,0.0,0,0.0,834.5693633617146,ev below min (0.095)
2023-11-17,22300029.0,philadelphia 76ers,1.76,0.6085526338602228,0.07105263559399222,0.0,1,0.0,834.5693633617146,ev below min (0.071)
2023-11-17,22300030.0,cleveland cavaliers,1.23,0.8327587024823436,0.024293204053282613,0.0,1,0.0,834.5693633617146,odds too low
2023-11-17,22300031.0,toronto raptors,3.56,0.4245811345096317,0.5115088388542888,0.0,0,0.0,834.5693633617146,odds too high
2023-11-17,22300032.0,sacramento kings,1.24,0.6280456180668146,-0.2212234335971499,0.0,1,0.0,834.5693633617146,odds too low
2023-11-17,22300033.0,chicago bulls,1.52,0.6141905785693612,-0.06643032057457099,0.0,0,0.0,834.5693633617146,ev below min (-0.066)
2023-11-17,22300034.0,denver nuggets,1.48,0.6873582494672521,0.017290209211533014,0.0,0,0.0,834.5693633617146,ev below min (0.017)
2023-11-17,22300035.0,utah jazz,2.49,0.4067771574066134,0.012875121942467427,0.0,0,0.0,834.5693633617146,ev below min (0.013)
2023-11-17,22300036.0,portland trail blazers,3.75,0.2643670929987361,-0.008623401254739593,0.0,0,0.0,834.5693633617146,odds too high
2023-11-17,22300037.0,houston rockets,3.0,0.6352655461286202,0.9057966383858607,0.0,0,0.0,834.5693633617146,prob diff too low (0.039)
2023-11-21,22300038.0,orlando magic,1.74,0.6395578659614362,0.11283068677289898,0.0,1,0.0,834.5693633617146,ev below min (0.113)
2023-11-21,22300039.0,atlanta hawks,1.54,0.6480851772285506,-0.0019488270680320108,0.0,0,0.0,834.5693633617146,ev below min (-0.002)
2023-11-21,22300040.0,cleveland cavaliers,3.37,0.348250207034264,0.17360319770546973,0.0,1,0.0,834.5693633617146,odds too high
2023-11-21,22300041.0,phoenix suns,1.09,0.7846336501542409,-0.14474932133187735,0.0,1,0.0,834.5693633617146,odds too low
2023-11-21,22300042.0,utah jazz,3.08,0.28588119613430807,-0.11948591590633117,0.0,0,0.0,834.5693633617146,odds too high
2023-11-24,22300043.0,orlando magic,2.51,0.4615516716615467,0.15849469587048204,16.691387267234294,1,25.20399477352378,859.7733581352384,bet placed
2023-11-24,22300044.0,memphis grizzlies,2.18,0.4063103902331658,-0.11424334929169855,0.0,0,0.0,859.7733581352384,ev below min (-0.114)
2023-11-24,22300045.0,miami heat,2.48,0.4480531409535227,0.11117178956473639,0.0,0,0.0,859.7733581352384,ev below min (0.111)
2023-11-24,22300046.0,toronto raptors,1.41,0.6630530844768237,-0.0650951508876787,0.0,1,0.0,859.7733581352384,ev below min (-0.065)
2023-11-24,22300047.0,indiana pacers,1.2,0.7361120383636265,-0.1166655539636482,0.0,1,0.0,859.7733581352384,odds too low
2023-11-24,22300048.0,denver nuggets,1.59,0.6443020416718117,0.024440246258180753,0.0,0,0.0,859.7733581352384,ev below min (0.024)
2023-11-24,22300049.0,milwaukee bucks,1.08,0.8065657068201846,-0.1289090366342006,0.0,1,0.0,859.7733581352384,odds too low
2023-11-24,22300050.0,minnesota timberwolves,1.45,0.6842184384848556,-0.007883264196959394,0.0,0,0.0,859.7733581352384,ev below min (-0.008)
2023-11-24,22300051.0,golden state warriors,1.18,0.7292361642586334,-0.1395013261748127,0.0,1,0.0,859.7733581352384,odds too low
2023-11-24,22300052.0,new orleans pelicans,2.48,0.4270813634640543,0.059161781390854706,0.0,1,0.0,859.7733581352384,ev below min (0.059)
2023-11-28,22300053.0,boston celtics,1.08,0.777011495377022,-0.16082758499281624,0.0,1,0.0,859.7733581352384,odds too low
2023-11-28,22300054.0,brooklyn nets,1.72,0.5082939210827745,-0.12573445573762787,0.0,1,0.0,859.7733581352384,ev below min (-0.126)
2023-11-28,22300055.0,atlanta hawks,2.34,0.34662316124785014,-0.18890180268003076,0.0,0,0.0,859.7733581352384,ev below min (-0.189)
2023-11-28,22300056.0,miami heat,2.36,0.4733027558975035,0.11699450391810817,0.0,0,0.0,859.7733581352384,ev below min (0.117)
2023-11-28,22300057.0,new york knicks,1.13,0.7460791663104892,-0.15693054206914725,0.0,1,0.0,859.7733581352384,odds too low
2023-11-28,22300058.0,minnesota timberwolves,1.59,0.6895815938599076,0.09643473423725313,0.0,1,0.0,859.7733581352384,ev below min (0.096)
2023-11-28,22300059.0,houston rockets,2.2,0.4588223639542527,0.009409200699356024,0.0,0,0.0,859.7733581352384,prob diff too low (0.033)
2023-11-28,22300060.0,sacramento kings,1.66,0.558593151978083,-0.07273536771638223,0.0,1,0.0,859.7733581352384,ev below min (-0.073)
2023-10-24,22300061.0,denver nuggets,1.45,0.7305707544715909,0.059327593983806715,0.0,1,0.0,859.7733581352384,ev below min (0.059)
2023-10-24,22300062.0,golden state warriors,1.66,0.6305343447279399,0.04668701224838023,0.0,0,0.0,859.7733581352384,ev below min (0.047)
2023-10-25,22300063.0,charlotte hornets,2.29,0.4376683058657468,0.0022604204325602506,0.0,1,0.0,859.7733581352384,ev below min (0.002)
2023-10-25,22300064.0,washington wizards,2.42,0.4847186645444655,0.17301916819760654,0.0,0,0.0,859.7733581352384,prob diff too low (0.038)
2023-10-25,22300065.0,new york knicks,2.28,0.6168287041947683,0.4063694455640716,17.19546716270477,0,-17.19546716270477,842.5778909725336,bet placed
2023-10-25,22300066.0,orlando magic,1.49,0.6863381078181457,0.02264378064903716,0.0,1,0.0,842.5778909725336,ev below min (0.023)
2023-10-25,22300067.0,brooklyn nets,1.94,0.5606344009338082,0.08763073781158792,0.0,0,0.0,842.5778909725336,ev below min (0.088)
2023-10-25,22300068.0,miami heat,1.18,0.779495071046552,-0.08019581616506866,0.0,1,0.0,842.5778909725336,odds too low
2023-10-25,22300069.0,toronto raptors,1.78,0.6816926094714458,0.21341284485917367,16.851557819450672,1,13.144215099171525,855.7221060717052,bet placed
2023-10-25,22300070.0,chicago bulls,1.65,0.6826269175792492,0.12633441400576118,0.0,0,0.0,855.7221060717052,ev below min (0.126)
2023-10-25,22300071.0,memphis grizzlies,1.77,0.6850584797582383,0.21255350917208182,17.114442121434106,0,-17.114442121434106,838.6076639502711,bet placed
2023-10-25,22300072.0,utah jazz,1.93,0.4760025738616489,-0.08131503244701765,0.0,0,0.0,838.6076639502711,prob diff too low (0.044)
2023-10-25,22300073.0,san antonio spurs,2.4,0.43086205698436497,0.0340689367624758,0.0,0,0.0,838.6076639502711,ev below min (0.034)
2023-10-25,22300074.0,los angeles clippers,1.2,0.7350985719066827,-0.11788171371198075,0.0,1,0.0,838.6076639502711,odds too low
2023-10-26,22300075.0,philadelphia 76ers,2.73,0.3220779674008791,-0.12072714899560011,0.0,0,0.0,838.6076639502711,ev below min (-0.121)
2023-10-26,22300076.0,phoenix suns,2.77,0.42254070720529846,0.17043775895867674,16.772153279005423,0,-16.772153279005423,821.8355106712656,bet placed
2023-10-27,22300077.0,charlotte hornets,1.49,0.6712856163514983,0.00021556836373237687,0.0,0,0.0,821.8355106712656,ev below min (0.000)
2023-10-27,22300078.0,memphis grizzlies,2.52,0.5110142082241272,0.28775580472480056,0.0,0,0.0,821.8355106712656,prob diff too low (0.010)
2023-10-27,22300079.0,atlanta hawks,1.82,0.5428199846230489,-0.012067627986050877,0.0,0,0.0,821.8355106712656,ev below min (-0.012)
2023-10-27,22300080.0,miami heat,3.32,0.30273583959520034,0.005082987456065169,0.0,0,0.0,821.8355106712656,odds too high
2023-10-27,22300081.0,cleveland cavaliers,1.63,0.6780091049127455,0.10515484100777495,0.0,0,0.0,821.8355106712656,ev below min (0.105)
2023-10-27,22300082.0,chicago bulls,1.64,0.5867263023411411,-0.037768864160528715,0.0,1,0.0,821.8355106712656,ev below min (-0.038)
2023-10-27,22300083.0,san antonio spurs,1.56,0.5457494781207607,-0.14863081413161328,0.0,1,0.0,821.8355106712656,ev below min (-0.149)
2023-10-27,22300084.0,brooklyn nets,2.63,0.4662542179266132,0.22624859314699264,16.436710213425314,0,-16.436710213425314,805.3988004578404,bet placed
2023-10-27,22300085.0,utah jazz,2.26,0.4225591902080347,-0.04501623012984168,0.0,1,0.0,805.3988004578404,ev below min (-0.045)
2023-10-27,22300086.0,orlando magic,1.51,0.5405921775996937,-0.18370581182446255,0.0,1,0.0,805.3988004578404,ev below min (-0.184)
2023-10-27,22300087.0,sacramento kings,1.58,0.5289387071518206,-0.16427684270012344,0.0,0,0.0,805.3988004578404,ev below min (-0.164)
2023-10-28,22300088.0,chicago bulls,1.59,0.5905045548358352,-0.061097757811022,0.0,0,0.0,805.3988004578404,ev below min (-0.061)
2023-10-28,22300089.0,washington wizards,1.81,0.5109629361034915,-0.07515708565268031,0.0,1,0.0,805.3988004578404,prob diff too low (0.000)
2023-10-28,22300090.0,new orleans pelicans,1.59,0.6227713377316088,-0.009793573006741996,0.0,1,0.0,805.3988004578404,ev below min (-0.010)
2023-10-28,22300091.0,cleveland cavaliers,2.23,0.7210322434136973,0.607901902812545,16.107976009156808,0,-16.107976009156808,789.2908244486836,bet placed
2023-10-28,22300092.0,toronto raptors,2.46,0.5633103036489752,0.38574334697647883,15.785816488973671,0,-15.785816488973671,773.5050079597099,bet placed
2023-10-28,22300093.0,miami heat,3.37,0.4046974671150135,0.36383046417759535,0.0,0,0.0,773.5050079597099,odds too high
2023-10-28,22300094.0,phoenix suns,1.39,0.7191811642012804,-0.0003381817602202686,0.0,1,0.0,773.5050079597099,ev below min (-0.000)
2023-10-29,22300095.0,oklahoma city thunder,2.15,0.5164721231355854,0.11041506474150875,0.0,0,0.0,773.5050079597099,prob diff too low (0.008)
2023-10-29,22300096.0,houston rockets,2.83,0.32291074282288534,-0.08616259781123448,0.0,0,0.0,773.5050079597099,ev below min (-0.086)
2023-10-29,22300097.0,milwaukee bucks,1.36,0.6501467451914771,-0.1158004265395911,0.0,0,0.0,773.5050079597099,ev below min (-0.116)
2023-10-29,22300098.0,philadelphia 76ers,1.19,0.7702201408815678,-0.08343803235093439,0.0,1,0.0,773.5050079597099,odds too low
2023-10-29,22300099.0,los angeles clippers,1.21,0.7843578290363551,-0.05092702686601036,0.0,1,0.0,773.5050079597099,odds too low
2023-10-29,22300100.0,sacramento kings,1.64,0.5232184742685502,-0.14192170219957778,0.0,1,0.0,773.5050079597099,ev below min (-0.142)
2023-10-30,22300101.0,charlotte hornets,1.87,0.5232107236299299,-0.02159594681203092,0.0,0,0.0,773.5050079597099,ev below min (-0.022)
2023-10-30,22300102.0,chicago bulls,2.11,0.4646160438393123,-0.019660147499051095,0.0,1,0.0,773.5050079597099,prob diff too low (0.042)
2023-10-30,22300103.0,washington wizards,3.98,0.3989221881333657,0.5877103087707956,0.0,0,0.0,773.5050079597099,odds too high
2023-10-30,22300104.0,atlanta hawks,1.94,0.5876363910410233,0.1400145986195851,0.0,1,0.0,773.5050079597099,ev below min (0.140)
2023-10-30,22300105.0,toronto raptors,1.2,0.794847471591185,-0.04618303409057811,0.0,0,0.0,773.5050079597099,odds too low
2023-10-30,22300106.0,memphis grizzlies,1.7,0.6957721594691832,0.18281267109761146,15.4701001591942,0,-15.4701001591942,758.0349078005157,bet placed
2023-10-30,22300107.0,miami heat,3.0,0.2785631462170397,-0.1643105613488809,0.0,0,0.0,758.0349078005157,ev below min (-0.164)
2023-10-30,22300108.0,new orleans pelicans,1.62,0.6254769478734021,0.013272655554911417,0.0,0,0.0,758.0349078005157,ev below min (0.013)
2023-10-30,22300109.0,oklahoma city thunder,1.32,0.7438399028446003,-0.01813132824512753,0.0,1,0.0,758.0349078005157,ev below min (-0.018)
2023-10-30,22300110.0,denver nuggets,1.23,0.8216004086853826,0.010568502683020675,0.0,1,0.0,758.0349078005157,odds too low
2023-10-30,22300111.0,los angeles lakers,1.48,0.6630179419775517,-0.018733445873223453,0.0,1,0.0,758.0349078005157,ev below min (-0.019)
2023-10-31,22300112.0,cleveland cavaliers,1.94,0.6240093581057208,0.21057815472509822,15.160698156010314,0,-15.160698156010314,742.8742096445054,bet placed
2023-10-31,22300113.0,phoenix suns,1.28,0.832942203776682,0.06616602083415302,0.0,0,0.0,742.8742096445054,ev below min (0.066)
2023-10-31,22300114.0,los angeles clippers,1.35,0.7612705388875542,0.027715227498198214,0.0,1,0.0,742.8742096445054,ev below min (0.028)
2023-11-01,22300115.0,detroit pistons,1.56,0.5762743097950715,-0.10101207671968837,0.0,0,0.0,742.8742096445054,ev below min (-0.101)
2023-11-01,22300116.0,toronto raptors,2.22,0.5575944531062909,0.23785968589596584,0.0,1,0.0,742.8742096445054,prob diff too low (0.050)
2023-11-01,22300117.0,washington wizards,3.51,0.3447372075663458,0.21002759855787367,0.0,0,0.0,742.8742096445054,odds too high
2023-11-01,22300118.0,indiana pacers,4.8,0.2684630639187036,0.2886227068097773,0.0,0,0.0,742.8742096445054,odds too high
2023-11-01,22300119.0,brooklyn nets,2.71,0.4191609406265825,0.13592614909803857,0.0,1,0.0,742.8742096445054,ev below min (0.136)
2023-11-01,22300120.0,new york knicks,1.41,0.6990884230466183,-0.014285323504268255,0.0,0,0.0,742.8742096445054,ev below min (-0.014)
2023-11-01,22300121.0,oklahoma city thunder,1.51,0.6236560578087887,-0.05827935270872897,0.0,0,0.0,742.8742096445054,ev below min (-0.058)
2023-11-01,22300122.0,charlotte hornets,2.01,0.49124013692145185,-0.012607324787881846,0.0,0,0.0,742.8742096445054,prob diff too low (0.045)
2023-11-01,22300123.0,denver nuggets,1.62,0.584903739261856,-0.05245594239579321,0.0,0,0.0,742.8742096445054,ev below min (-0.052)
2023-11-01,22300124.0,dallas mavericks,1.52,0.6339267685241594,-0.036431311843277636,0.0,1,0.0,742.8742096445054,ev below min (-0.036)
2023-11-01,22300125.0,memphis grizzlies,1.9,0.5243593004645455,-0.0037173291173636658,0.0,0,0.0,742.8742096445054,ev below min (-0.004)
2023-11-01,22300126.0,sacramento kings,2.8,0.35505963922098793,-0.005833010181233833,0.0,0,0.0,742.8742096445054,ev below min (-0.006)
2023-11-01,22300127.0,los angeles clippers,2.06,0.5273707471082363,0.0863837390429667,0.0,0,0.0,742.8742096445054,ev below min (0.086)
2023-11-02,22300128.0,toronto raptors,2.87,0.3610436751355402,0.03619534763900045,0.0,0,0.0,742.8742096445054,ev below min (0.036)
2023-11-02,22300129.0,new orleans pelicans,1.43,0.7019987242684426,0.0038581757038729236,0.0,1,0.0,742.8742096445054,ev below min (0.004)
2023-11-02,22300130.0,utah jazz,1.85,0.5782799602731922,0.06981792650540553,0.0,0,0.0,742.8742096445054,ev below min (0.070)
2023-11-02,22300131.0,phoenix suns,1.14,0.8080757753933715,-0.07879361605155655,0.0,0,0.0,742.8742096445054,odds too low
2023-11-04,22300132.0,phoenix suns,2.69,0.353177335657993,-0.04995296707999897,0.0,0,0.0,742.8742096445054,ev below min (-0.050)
2023-11-04,22300133.0,indiana pacers,1.4,0.5247707681705494,-0.2653209245612309,0.0,0,0.0,742.8742096445054,ev below min (-0.265)
2023-11-04,22300134.0,orlando magic,2.21,0.5122552425489288,0.1320840860331327,0.0,1,0.0,742.8742096445054,prob diff too low (0.019)
2023-11-04,22300135.0,atlanta hawks,1.97,0.4884880723209486,-0.037678497527731225,0.0,1,0.0,742.8742096445054,ev below min (-0.038)
2023-11-04,22300136.0,brooklyn nets,3.77,0.4842218303364287,0.8255163003683361,0.0,0,0.0,742.8742096445054,odds too high
2023-11-04,22300137.0,sacramento kings,1.61,0.5664978551619991,-0.08793845318918136,0.0,0,0.0,742.8742096445054,ev below min (-0.088)
2023-11-04,22300138.0,utah jazz,3.13,0.37027758119899246,0.15896882915284638,0.0,0,0.0,742.8742096445054,odds too high
2023-11-04,22300139.0,denver nuggets,1.19,0.7805829650922406,-0.07110627154023375,0.0,1,0.0,742.8742096445054,odds too low
2023-11-05,22300140.0,phoenix suns,1.58,0.6638118681679501,0.04882275170536121,0.0,1,0.0,742.8742096445054,ev below min (0.049)
2023-11-05,22300141.0,toronto raptors,1.54,0.6074930077211076,-0.0644607681094943,0.0,1,0.0,742.8742096445054,ev below min (-0.064)
2023-11-05,22300142.0,golden state warriors,1.86,0.5415055069224821,0.007200242875816887,0.0,0,0.0,742.8742096445054,prob diff too low (0.009)
2023-11-05,22300143.0,charlotte hornets,4.4,0.20442198211398108,-0.10054327869848323,0.0,0,0.0,742.8742096445054,odds too high
2023-11-05,22300144.0,portland trail blazers,2.13,0.4054720407200298,-0.13634455326633654,0.0,0,0.0,742.8742096445054,ev below min (-0.136)
2023-11-06,22300145.0,detroit pistons,3.68,0.3655057559510521,0.3450611818998719,0.0,0,0.0,742.8742096445054,odds too high
2023-11-06,22300146.0,san antonio spurs,3.6,0.27466853340027764,-0.01119327975900053,0.0,0,0.0,742.8742096445054,odds too high
2023-11-06,22300147.0,orlando magic,1.87,0.6005810969414023,0.12308665128042229,0.0,0,0.0,742.8742096445054,ev below min (0.123)
2023-11-06,22300148.0,washington wizards,4.68,0.22019152184677443,0.030496322242904217,0.0,0,0.0,742.8742096445054,odds too high
2023-11-06,22300149.0,brooklyn nets,2.4,0.4839124514064153,0.16138988337539661,0.0,0,0.0,742.8742096445054,prob diff too low (0.042)
2023-11-06,22300150.0,miami heat,1.73,0.5612845310672453,-0.02897776125366569,0.0,1,0.0,742.8742096445054,ev below min (-0.029)
2023-11-06,22300151.0,new york knicks,1.72,0.6742809021136065,0.15976315163540322,0.0,1,0.0,742.8742096445054,ev diff too low (0.064)
2023-11-06,22300152.0,chicago bulls,1.51,0.6020216035260525,-0.09094737867566072,0.0,1,0.0,742.8742096445054,ev below min (-0.091)
2023-11-06,22300153.0,houston rockets,1.97,0.4901931248910232,-0.034319543964684396,0.0,1,0.0,742.8742096445054,prob diff too low (0.025)
2023-11-06,22300154.0,minnesota timberwolves,2.16,0.6209661562463346,0.34128689749208263,14.857484192890109,1,17.23468166375253,760.108891308258,bet placed
2023-11-06,22300155.0,oklahoma city thunder,1.75,0.6436852206189302,0.1264491360831279,0.0,1,0.0,760.108891308258,ev below min (0.126)
2023-11-06,22300156.0,denver nuggets,1.33,0.7784859493705585,0.03538631266284287,0.0,1,0.0,760.108891308258,ev below min (0.035)
2023-11-08,22300157.0,charlotte hornets,1.66,0.459046327782171,-0.23798309588159616,0.0,0,0.0,760.108891308258,ev below min (-0.238)
2023-11-08,22300158.0,indiana pacers,1.38,0.6558019473560671,-0.09499331264862743,0.0,1,0.0,760.108891308258,ev below min (-0.095)
2023-11-08,22300159.0,philadelphia 76ers,2.03,0.6960505944639513,0.41298270676182103,15.20217782616516,1,15.658243160950112,775.767134469208,bet placed
2023-11-08,22300160.0,brooklyn nets,2.52,0.5586455701149409,0.4077868366896511,0.0,1,0.0,775.767134469208,prob diff too low (0.040)
2023-11-08,22300161.0,new york knicks,1.21,0.7868239327147066,-0.047943041415205,0.0,1,0.0,775.767134469208,odds too low
2023-11-08,22300162.0,chicago bulls,1.81,0.5203590275211398,-0.05815016018673691,0.0,0,0.0,775.767134469208,prob diff too low (0.012)
2023-11-08,22300163.0,houston rockets,2.08,0.6035883719908071,0.2554638137408787,15.51534268938416,1,16.756570104534894,792.523704573743,bet placed
2023-11-08,22300164.0,memphis grizzlies,1.91,0.49893719138117093,-0.047029964461963614,0.0,0,0.0,792.523704573743,prob diff too low (0.018)
2023-11-08,22300165.0,detroit pistons,5.12,0.17986531877214212,-0.07908956788663235,0.0,0,0.0,792.523704573743,odds too high
2023-11-08,22300166.0,new orleans pelicans,3.63,0.26836381524114844,-0.025839350674631167,0.0,0,0.0,792.523704573743,odds too high
2023-11-08,22300167.0,oklahoma city thunder,1.96,0.6916013963433227,0.3555387368329126,15.85047409147486,1,15.216455127815864,807.7401597015588,bet placed
2023-11-08,22300168.0,toronto raptors,2.27,0.40574329020427813,-0.07896273123628861,0.0,1,0.0,807.7401597015588,ev below min (-0.079)
2023-11-08,22300169.0,denver nuggets,1.49,0.7670247939888035,0.14286694304331715,0.0,1,0.0,807.7401597015588,ev below min (0.143)
2023-11-08,22300170.0,sacramento kings,1.26,0.6096219528247412,-0.23187633944082608,0.0,1,0.0,807.7401597015588,ev below min (-0.232)
2023-11-09,22300171.0,indiana pacers,1.83,0.5127995908874783,-0.06157674867591467,0.0,1,0.0,807.7401597015588,ev below min (-0.062)
2023-11-09,22300172.0,orlando magic,2.18,0.5007425103954944,0.09161867266217794,0.0,0,0.0,807.7401597015588,prob diff too low (0.046)
2023-11-11,22300173.0,orlando magic,1.96,0.5058683242787322,-0.008498084413684937,0.0,1,0.0,807.7401597015588,ev below min (-0.008)
2023-11-11,22300174.0,toronto raptors,3.57,0.2890466578597106,0.03189656855916678,0.0,0,0.0,807.7401597015588,odds too high
2023-11-11,22300175.0,miami heat,3.1,0.3020801830600961,-0.0635514325137021,0.0,1,0.0,807.7401597015588,odds too high
2023-11-11,22300176.0,golden state warriors,1.49,0.7221196145176106,0.07595822563123988,0.0,0,0.0,807.7401597015588,ev below min (0.076)
2023-11-12,22300177.0,new york knicks,1.17,0.7953936893661137,-0.06938938344164713,0.0,1,0.0,807.7401597015588,odds too low
2023-11-12,22300178.0,washington wizards,2.88,0.2943752085849617,-0.15219939927531034,0.0,0,0.0,807.7401597015588,ev below min (-0.152)
2023-11-12,22300179.0,memphis grizzlies,3.26,0.35209550736772754,0.14783135401879166,0.0,1,0.0,807.7401597015588,odds too high
2023-11-12,22300180.0,philadelphia 76ers,1.32,0.7880396021354288,0.0402122748187661,0.0,1,0.0,807.7401597015588,ev below min (0.040)
2023-11-12,22300181.0,chicago bulls,1.36,0.7279140084170118,-0.010036948552863856,0.0,1,0.0,807.7401597015588,ev below min (-0.010)
2023-11-12,22300182.0,houston rockets,2.42,0.4871210729547343,0.17883299655045692,0.0,1,0.0,807.7401597015588,ev diff too low (0.083)
2023-11-12,22300183.0,new orleans pelicans,2.21,0.5271528390737109,0.16500777435290104,16.154803194031178,0,-16.154803194031178,791.5853565075276,bet placed
2023-11-12,22300184.0,miami heat,1.7,0.5631752261077622,-0.04260211561680438,0.0,1,0.0,791.5853565075276,ev below min (-0.043)
2023-11-12,22300185.0,oklahoma city thunder,2.22,0.5003524272764639,0.11078238855375,0.0,1,0.0,791.5853565075276,ev below min (0.111)
2023-11-12,22300186.0,minnesota timberwolves,2.13,0.5706956239213404,0.21558167895245517,0.0,1,0.0,791.5853565075276,prob diff too low (0.043)
2023-11-12,22300187.0,los angeles lakers,1.21,0.6443760067066694,-0.2203050318849301,0.0,1,0.0,791.5853565075276,odds too low
2023-11-13,22300188.0,new york knicks,3.87,0.42733746565190317,0.6537959920728653,0.0,0,0.0,791.5853565075276,odds too high
2023-11-13,22300189.0,washington wizards,3.33,0.31077884351199514,0.03489354889494378,0.0,0,0.0,791.5853565075276,odds too high
2023-11-13,22300190.0,chicago bulls,3.85,0.342264322861681,0.31771764301747196,0.0,0,0.0,791.5853565075276,odds too high
2023-11-13,22300191.0,sacramento kings,1.79,0.49115331319271327,-0.12083556938504325,0.0,1,0.0,791.5853565075276,ev below min (-0.121)
2023-11-15,22300192.0,washington wizards,2.33,0.4458815992016691,0.03890412613988903,0.0,0,0.0,791.5853565075276,ev below min (0.039)
2023-11-15,22300193.0,atlanta hawks,1.74,0.5718726693165211,-0.004941555389253227,0.0,0,0.0,791.5853565075276,ev below min (-0.005)
2023-11-15,22300194.0,philadelphia 76ers,1.83,0.672571803810382,0.2308064009729991,15.831707130150553,0,-15.831707130150553,775.7536493773771,bet placed
2023-11-15,22300195.0,toronto raptors,1.86,0.5185549238556042,-0.0354878416285761,0.0,0,0.0,775.7536493773771,ev below min (-0.035)
2023-11-15,22300196.0,chicago bulls,1.7,0.5982964303211402,0.017103931545938256,0.0,0,0.0,775.7536493773771,ev below min (0.017)
2023-11-15,22300197.0,minnesota timberwolves,2.33,0.5473526906408276,0.2753317691931283,0.0,0,0.0,775.7536493773771,prob diff too low (0.001)
2023-11-15,22300198.0,los angeles lakers,1.79,0.5750439284553164,0.029328631935016336,0.0,0,0.0,775.7536493773771,ev below min (0.029)
2023-11-15,22300199.0,portland trail blazers,3.88,0.31705760291020796,0.23018349929160675,0.0,0,0.0,775.7536493773771,odds too high
2023-11-16,22300200.0,miami heat,1.56,0.5743508765056858,-0.10401263265113003,0.0,1,0.0,775.7536493773771,ev below min (-0.104)
2023-11-16,22300201.0,golden state warriors,2.2,0.5964440968539878,0.3121770130787733,0.0,0,0.0,775.7536493773771,prob diff too low (0.021)
2023-11-18,22300202.0,new york knicks,1.33,0.6870734176253214,-0.08619235455832253,0.0,1,0.0,775.7536493773771,ev below min (-0.086)
2023-11-18,22300203.0,new orleans pelicans,2.95,0.493207125850514,0.4549610212590165,0.0,0,0.0,775.7536493773771,prob diff too low (0.008)
2023-11-18,22300204.0,chicago bulls,1.9,0.4704764964648251,-0.10609465671683238,0.0,1,0.0,775.7536493773771,prob diff too low (0.003)
2023-11-18,22300205.0,milwaukee bucks,1.68,0.6944268739953501,0.166637148312188,15.515072987547542,1,10.550249631532328,786.3038990089094,bet placed
2023-11-18,22300206.0,memphis grizzlies,1.59,0.5079705384191112,-0.1923268439136131,0.0,1,0.0,786.3038990089094,ev below min (-0.192)
2023-11-18,22300207.0,oklahoma city thunder,1.98,0.6043152291420748,0.19654415370130818,15.72607798017819,1,15.411556420574625,801.715455429484,bet placed
2023-11-19,22300208.0,brooklyn nets,2.19,0.4775164870628292,0.04576110666759581,0.0,0,0.0,801.715455429484,prob diff too low (0.010)
2023-11-19,22300209.0,orlando magic,2.36,0.4242553734056236,0.00124268123727167,0.0,1,0.0,801.715455429484,ev below min (0.001)
2023-11-19,22300210.0,cleveland cavaliers,2.34,0.4782540898160705,0.1191145701696048,0.0,1,0.0,801.715455429484,ev below min (0.119)
2023-11-19,22300211.0,toronto raptors,1.16,0.7829008858896103,-0.09183497236805216,0.0,1,0.0,801.715455429484,odds too low
2023-11-19,22300212.0,dallas mavericks,1.74,0.5794085421283315,0.00817086330329686,0.0,0,0.0,801.715455429484,ev below min (0.008)
2023-11-19,22300213.0,memphis grizzlies,4.53,0.3079774159510582,0.3951376942582938,0.0,0,0.0,801.715455429484,odds too high
2023-11-19,22300214.0,utah jazz,2.39,0.40532317806125406,-0.031277604433602724,0.0,0,0.0,801.715455429484,ev below min (-0.031)
2023-11-19,22300215.0,oklahoma city thunder,1.33,0.7636850220489014,0.015701079325038947,0.0,1,0.0,801.715455429484,ev below min (0.016)
2023-11-19,22300216.0,houston rockets,2.65,0.4708344699079249,0.24771134525600091,16.03430910858968,0,-16.03430910858968,785.6811463208943,bet placed
2023-11-20,22300217.0,boston celtics,1.22,0.7576660894297169,-0.07564737089574536,0.0,0,0.0,785.6811463208943,odds too low
2023-11-20,22300218.0,denver nuggets,1.18,0.7681437043961504,-0.09359042881254254,0.0,1,0.0,785.6811463208943,odds too low
2023-11-20,22300219.0,washington wizards,3.9,0.30133964826513865,0.1752246282340406,0.0,0,0.0,785.6811463208943,odds too high
2023-11-20,22300220.0,chicago bulls,1.91,0.48562022600841026,-0.07246536832393646,0.0,0,0.0,785.6811463208943,prob diff too low (0.039)
2023-11-20,22300221.0,new york knicks,1.99,0.5239609863796246,0.04268236289545291,0.0,0,0.0,785.6811463208943,ev below min (0.043)
2023-11-20,22300222.0,new orleans pelicans,1.92,0.5043153014414841,-0.03171462123235058,0.0,1,0.0,785.6811463208943,prob diff too low (0.028)
2023-11-20,22300223.0,san antonio spurs,3.43,0.21799568695541344,-0.2522747937429318,0.0,0,0.0,785.6811463208943,odds too high
2023-11-20,22300224.0,houston rockets,3.03,0.4171961373770787,0.2641042962525484,0.0,0,0.0,785.6811463208943,odds too high
2023-11-22,22300225.0,washington wizards,2.27,0.27477073847483663,-0.3762704236621208,0.0,0,0.0,785.6811463208943,ev below min (-0.376)
2023-11-22,22300226.0,orlando magic,2.21,0.5025849154006792,0.11071266303550087,0.0,1,0.0,785.6811463208943,prob diff too low (0.008)
2023-11-22,22300227.0,atlanta hawks,1.54,0.6350911940817016,-0.021959561114179627,0.0,1,0.0,785.6811463208943,ev below min (-0.022)
2023-11-22,22300228.0,milwaukee bucks,2.73,0.3677243812709217,0.00388756086961628,0.0,0,0.0,785.6811463208943,ev below min (0.004)
2023-11-22,22300229.0,cleveland cavaliers,1.71,0.5720346572518629,-0.021820736099314564,0.0,0,0.0,785.6811463208943,ev below min (-0.022)
2023-11-22,22300230.0,indiana pacers,1.62,0.5253164478306808,-0.14898735451429712,0.0,0,0.0,785.6811463208943,ev below min (-0.149)
2023-11-22,22300231.0,memphis grizzlies,2.55,0.398783136996619,0.016896999341378338,0.0,0,0.0,785.6811463208943,ev below min (0.017)
2023-11-22,22300232.0,philadelphia 76ers,2.86,0.4474361998601459,0.2796675316000172,15.713622926417885,0,-15.713622926417885,769.9675233944764,bet placed
2023-11-22,22300233.0,new orleans pelicans,1.88,0.5452871153300761,0.025139776820543025,0.0,1,0.0,769.9675233944764,ev below min (0.025)
2023-11-22,22300234.0,oklahoma city thunder,1.29,0.8499262992006736,0.09640492596886907,0.0,1,0.0,769.9675233944764,ev below min (0.096)
2023-11-22,22300235.0,los angeles clippers,1.23,0.6479291763670413,-0.2030471130685393,0.0,1,0.0,769.9675233944764,odds too low
2023-11-22,22300236.0,phoenix suns,1.61,0.6184325169372317,-0.004323647731056979,0.0,1,0.0,769.9675233944764,ev below min (-0.004)
2023-11-22,22300237.0,utah jazz,1.57,0.36724782412600054,-0.42342091612217914,0.0,0,0.0,769.9675233944764,ev below min (-0.423)
2023-11-22,22300238.0,los angeles lakers,1.87,0.6316950024108462,0.18126965450828236,15.399350467889528,0,-15.399350467889528,754.5681729265868,bet placed
2023-11-25,22300239.0,oklahoma city thunder,1.88,0.7270046480877288,0.3667687384049301,15.091363458531736,0,-15.091363458531736,739.4768094680551,bet placed
2023-11-25,22300240.0,miami heat,3.0,0.5109814829371763,0.5329444488115289,14.789536189361101,0,-14.789536189361101,724.687273278694,bet placed
2023-11-25,22300241.0,washington wizards,3.37,0.31562502132136777,0.06365632185300951,0.0,0,0.0,724.687273278694,odds too high
2023-11-25,22300242.0,los angeles lakers,2.28,0.43072989973074866,-0.0179358286138932,0.0,1,0.0,724.687273278694,ev below min (-0.018)
2023-11-25,22300243.0,new orleans pelicans,1.56,0.6117204640370455,-0.04571607610220896,0.0,0,0.0,724.687273278694,ev below min (-0.046)
2023-11-25,22300244.0,los angeles clippers,1.74,0.5865799942278174,0.020649189956402303,0.0,1,0.0,724.687273278694,ev below min (0.021)
2023-11-26,22300245.0,milwaukee bucks,1.1,0.8038677354007989,-0.11574549105912113,0.0,1,0.0,724.687273278694,odds too low
2023-11-26,22300246.0,atlanta hawks,2.89,0.3437063084651028,-0.006688768535852874,0.0,0,0.0,724.687273278694,ev below min (-0.007)
2023-11-26,22300247.0,phoenix suns,2.62,0.43401144257948693,0.13710997955825577,0.0,1,0.0,724.687273278694,ev below min (0.137)
2023-11-26,22300248.0,orlando magic,1.34,0.7630044209659597,0.02242592409438604,0.0,1,0.0,724.687273278694,ev below min (0.022)
2023-11-26,22300249.0,minnesota timberwolves,1.35,0.6114410957812064,-0.17455452069537125,0.0,1,0.0,724.687273278694,ev below min (-0.175)
2023-11-26,22300250.0,brooklyn nets,1.6,0.5346027722096482,-0.14463556446456272,0.0,1,0.0,724.687273278694,ev below min (-0.145)
2023-11-26,22300251.0,toronto raptors,2.16,0.40191481039814775,-0.13186400954000077,0.0,0,0.0,724.687273278694,ev below min (-0.132)
2023-11-26,22300252.0,denver nuggets,1.15,0.810397680420842,-0.06804266751603172,0.0,1,0.0,724.687273278694,odds too low
2023-11-27,22300253.0,detroit pistons,1.67,0.40594044276358476,-0.3220794605848135,0.0,0,0.0,724.687273278694,ev below min (-0.322)
2023-11-27,22300254.0,indiana pacers,1.11,0.7040976484570517,-0.21845161021267256,0.0,0,0.0,724.687273278694,odds too low
2023-11-27,22300255.0,philadelphia 76ers,1.41,0.6620814252743814,-0.06646519036312226,0.0,1,0.0,724.687273278694,ev below min (-0.066)
2023-11-27,22300256.0,new orleans pelicans,1.35,0.5619311862809013,-0.24139289852078316,0.0,0,0.0,724.687273278694,ev below min (-0.241)
2023-11-27,22300257.0,denver nuggets,4.5,0.457720494864698,1.059742226891141,0.0,1,0.0,724.687273278694,prob diff too low (0.043)
2023-11-29,22300258.0,los angeles lakers,1.26,0.6242251046415298,-0.21347636815167248,0.0,1,0.0,724.687273278694,ev below min (-0.213)
2023-11-29,22300259.0,orlando magic,1.19,0.811413141396156,-0.03441836173857449,0.0,1,0.0,724.687273278694,odds too low
2023-11-29,22300260.0,toronto raptors,2.17,0.4372611250507959,-0.05114335863977293,0.0,1,0.0,724.687273278694,ev below min (-0.051)
2023-11-29,22300261.0,memphis grizzlies,1.54,0.45471232994374006,-0.2997430118866403,0.0,1,0.0,724.687273278694,ev below min (-0.300)
2023-11-29,22300262.0,philadelphia 76ers,2.09,0.6497488158182244,0.3579750250600888,14.49374546557388,0,-14.49374546557388,710.1935278131201,bet placed
2023-11-29,22300263.0,houston rockets,3.88,0.2423951708300008,-0.05950673717959687,0.0,0,0.0,710.1935278131201,odds too high
2023-11-29,22300264.0,sacramento kings,1.9,0.5418283395782271,0.029473845198631388,0.0,0,0.0,710.1935278131201,ev below min (0.029)
2023-11-30,22300265.0,cleveland cavaliers,1.12,0.7008122681238713,-0.21509025970126405,0.0,0,0.0,710.1935278131201,odds too low
2023-11-30,22300266.0,brooklyn nets,1.21,0.562106718792893,-0.31985087026059955,0.0,0,0.0,710.1935278131201,odds too low
2023-11-30,22300267.0,miami heat,1.51,0.6145635539269564,-0.07200903357029587,0.0,1,0.0,710.1935278131201,ev below min (-0.072)
2023-11-30,22300268.0,new york knicks,1.06,0.8750142458613431,-0.07248489938697622,0.0,1,0.0,710.1935278131201,odds too low
2023-11-30,22300269.0,chicago bulls,3.98,0.24801041453128966,-0.012918550165467169,0.0,1,0.0,710.1935278131201,odds too high
2023-11-30,22300270.0,minnesota timberwolves,1.12,0.7989365833418066,-0.1051910266571765,0.0,1,0.0,710.1935278131201,odds too low
2023-11-30,22300271.0,oklahoma city thunder,1.42,0.6668379850997292,-0.05309006115838455,0.0,1,0.0,710.1935278131201,ev below min (-0.053)
2023-11-30,22300272.0,atlanta hawks,1.33,0.5464455499169751,-0.273227418610423,0.0,1,0.0,710.1935278131201,ev below min (-0.273)
2023-11-30,22300273.0,golden state warriors,1.65,0.5314831329306677,-0.12305283066439832,0.0,1,0.0,710.1935278131201,ev below min (-0.123)
2023-12-01,22300274.0,orlando magic,1.16,0.7831142806283872,-0.09158743447107098,0.0,1,0.0,710.1935278131201,odds too low
2023-12-01,22300275.0,philadelphia 76ers,4.23,0.4066965101971378,0.7203262381338931,0.0,0,0.0,710.1935278131201,odds too high
2023-12-01,22300276.0,new york knicks,1.91,0.4622527962282345,-0.11709715920407215,0.0,1,0.0,710.1935278131201,ev below min (-0.117)
2023-12-01,22300277.0,memphis grizzlies,2.66,0.23218591701898061,-0.3823854607295115,0.0,1,0.0,710.1935278131201,ev below min (-0.382)
2023-12-01,22300278.0,new orleans pelicans,1.09,0.776962535674618,-0.15311083611466625,0.0,1,0.0,710.1935278131201,odds too low
2023-12-01,22300279.0,phoenix suns,1.85,0.5613713982138904,0.03853708669569733,0.0,0,0.0,710.1935278131201,ev below min (0.039)
2023-12-02,22300280.0,los angeles clippers,1.41,0.5143158822964159,-0.27481460596205365,0.0,1,0.0,710.1935278131201,ev below min (-0.275)
2023-12-02,22300281.0,minnesota timberwolves,1.42,0.6153668960435327,-0.12617900761818368,0.0,1,0.0,710.1935278131201,ev below min (-0.126)
2023-12-02,22300282.0,orlando magic,1.99,0.390870547946294,-0.22216760958687498,0.0,0,0.0,710.1935278131201,ev below min (-0.222)
2023-12-02,22300283.0,cleveland cavaliers,1.19,0.5799613127103173,-0.30984603787472254,0.0,1,0.0,710.1935278131201,odds too low
2023-12-02,22300284.0,miami heat,1.45,0.6073684387296954,-0.11931576384194176,0.0,0,0.0,710.1935278131201,ev below min (-0.119)
2023-12-02,22300285.0,new orleans pelicans,1.77,0.35963411749395235,-0.3634476120357043,0.0,0,0.0,710.1935278131201,ev below min (-0.363)
2023-12-02,22300286.0,milwaukee bucks,1.36,0.5603078019196045,-0.23798138938933788,0.0,1,0.0,710.1935278131201,ev below min (-0.238)
2023-12-02,22300287.0,oklahoma city thunder,1.44,0.585230277121693,-0.15726840094476213,0.0,1,0.0,710.1935278131201,ev below min (-0.157)
2023-12-02,22300288.0,phoenix suns,1.17,0.6283548773638201,-0.2648247934843305,0.0,1,0.0,710.1935278131201,odds too low
2023-12-02,22300289.0,utah jazz,1.73,0.40128078572965675,-0.30578424068769383,0.0,1,0.0,710.1935278131201,ev below min (-0.306)
2023-12-02,22300290.0,denver nuggets,2.18,0.3376734987464669,-0.2638717727327021,0.0,0,0.0,710.1935278131201,prob diff too low (0.020)
2023-12-02,22300291.0,houston rockets,2.44,0.34084385610799645,-0.1683409910964887,0.0,0,0.0,710.1935278131201,ev below min (-0.168)
2023-12-11,22300292.0,miami heat,1.5,0.34057397762254504,-0.4891390335661825,0.0,1,0.0,710.1935278131201,ev below min (-0.489)
2023-12-11,22300293.0,indiana pacers,1.3,0.5276735136500847,-0.31402443225488985,0.0,1,0.0,710.1935278131201,ev below min (-0.314)
2023-12-11,22300294.0,orlando magic,1.64,0.590871069499605,-0.03097144602064783,0.0,1,0.0,710.1935278131201,ev below min (-0.031)
2023-12-11,22300295.0,philadelphia 76ers,1.08,0.7754067633177804,-0.1625606956167972,0.0,1,0.0,710.1935278131201,odds too low
2023-12-11,22300296.0,denver nuggets,1.56,0.459911053209089,-0.28253875699382114,0.0,1,0.0,710.1935278131201,ev below min (-0.283)
2023-12-11,22300297.0,new york knicks,1.53,0.6871881544944289,0.05139787637647619,0.0,1,0.0,710.1935278131201,ev below min (0.051)
2023-12-11,22300298.0,houston rockets,1.21,0.7363866028354068,-0.10897221056915785,0.0,1,0.0,710.1935278131201,odds too low
2023-12-11,22300299.0,memphis grizzlies,1.84,0.383030385809923,-0.2952240901097417,0.0,0,0.0,710.1935278131201,ev below min (-0.295)
2023-12-11,22300300.0,milwaukee bucks,1.12,0.4866702837526329,-0.4549292821970511,0.0,1,0.0,710.1935278131201,odds too low
2023-12-11,22300301.0,minnesota timberwolves,2.31,0.3881121418530769,-0.10346095231939234,0.0,0,0.0,710.1935278131201,ev below min (-0.103)
2023-12-11,22300302.0,oklahoma city thunder,1.09,0.7122383863789347,-0.2236601588469611,0.0,1,0.0,710.1935278131201,odds too low
2023-12-11,22300303.0,sacramento kings,1.45,0.3523148912643213,-0.48914340766673414,0.0,1,0.0,710.1935278131201,ev below min (-0.489)
2023-12-11,22300304.0,los angeles clippers,1.08,0.639606520939763,-0.30922495738505595,0.0,1,0.0,710.1935278131201,odds too low
2023-12-12,22300305.0,cleveland cavaliers,4.7,0.23548047152660948,0.10675821617506465,0.0,0,0.0,710.1935278131201,odds too high
2023-12-12,22300306.0,dallas mavericks,2.08,0.36667542740114517,-0.23731511100561797,0.0,1,0.0,710.1935278131201,ev below min (-0.237)
2023-12-12,22300307.0,chicago bulls,2.85,0.25682346443223797,-0.26805312636812173,0.0,0,0.0,710.1935278131201,ev below min (-0.268)
2023-12-12,22300308.0,phoenix suns,1.85,0.47587676197087386,-0.11962799035388327,0.0,1,0.0,710.1935278131201,ev below min (-0.120)
2023-12-12,22300309.0,los angeles clippers,1.5,0.38358811615953997,-0.42461782576069007,0.0,1,0.0,710.1935278131201,ev below min (-0.425)
2023-12-13,22300310.0,philadelphia 76ers,1.1,0.749070780915785,-0.17602214099263636,0.0,1,0.0,710.1935278131201,odds too low
2023-12-13,22300311.0,new orleans pelicans,1.34,0.47657074939816274,-0.36139519580646184,0.0,1,0.0,710.1935278131201,ev below min (-0.361)
2023-12-13,22300312.0,miami heat,1.24,0.5369180422240288,-0.3342216276422042,0.0,1,0.0,710.1935278131201,odds too low
2023-12-13,22300313.0,toronto raptors,1.65,0.41387997474873367,-0.31709804166458944,0.0,1,0.0,710.1935278131201,ev below min (-0.317)
2023-12-13,22300314.0,memphis grizzlies,3.67,0.24546726058885554,-0.09913515363890013,0.0,0,0.0,710.1935278131201,odds too high
2023-12-13,22300315.0,milwaukee bucks,1.32,0.4502482853772125,-0.4056722633020795,0.0,1,0.0,710.1935278131201,ev below min (-0.406)
2023-12-13,22300316.0,los angeles lakers,1.53,0.5379796381730537,-0.17689115359522778,0.0,1,0.0,710.1935278131201,ev below min (-0.177)
2023-12-13,22300317.0,phoenix suns,1.45,0.4438780799232075,-0.3563767841113492,0.0,0,0.0,710.1935278131201,ev below min (-0.356)
2023-12-13,22300318.0,new york knicks,1.38,0.5568751727360393,-0.23151226162426586,0.0,0,0.0,710.1935278131201,ev below min (-0.232)
2023-12-14,22300319.0,cleveland cavaliers,3.63,0.2631331329565196,-0.044826727367833996,0.0,0,0.0,710.1935278131201,odds too high
2023-12-14,22300320.0,miami heat,1.54,0.4429817259974372,-0.3178081419639467,0.0,0,0.0,710.1935278131201,ev below min (-0.318)
2023-12-14,22300321.0,minnesota timberwolves,1.68,0.47331663910321514,-0.20482804630659857,0.0,1,0.0,710.1935278131201,ev below min (-0.205)
2023-12-14,22300322.0,brooklyn nets,3.66,0.2344251121885094,-0.1420040893900556,0.0,0,0.0,710.1935278131201,odds too high
2023-12-14,22300323.0,utah jazz,2.46,0.22606841585801693,-0.4438716969892783,0.0,1,0.0,710.1935278131201,ev below min (-0.444)
2023-12-14,22300324.0,oklahoma city thunder,1.98,0.3446971234665574,-0.3174996955362164,0.0,0,0.0,710.1935278131201,prob diff too low (0.043)
2023-12-14,22300325.0,los angeles clippers,1.64,0.5192666256307611,-0.14840273396555181,0.0,1,0.0,710.1935278131201,ev below min (-0.148)
2023-12-15,22300326.0,charlotte hornets,3.7,0.19267303816268794,-0.28710975879805456,0.0,0,0.0,710.1935278131201,odds too high
2023-12-15,22300327.0,philadelphia 76ers,1.06,0.8460742047290033,-0.10316134298725643,0.0,1,0.0,710.1935278131201,odds too low
2023-12-15,22300328.0,indiana pacers,1.25,0.4334563121085658,-0.45817960986429274,0.0,0,0.0,710.1935278131201,ev below min (-0.458)
2023-12-15,22300329.0,orlando magic,2.58,0.3389648368562535,-0.12547072091086597,0.0,0,0.0,710.1935278131201,ev below min (-0.125)
2023-12-15,22300330.0,toronto raptors,1.7,0.4188956817567127,-0.2878773410135884,0.0,0,0.0,710.1935278131201,ev below min (-0.288)
2023-12-15,22300331.0,los angeles lakers,1.48,0.5406107669444834,-0.1998960649221646,0.0,0,0.0,710.1935278131201,ev below min (-0.200)
2023-12-15,22300332.0,memphis grizzlies,2.08,0.3625620106336179,-0.24587101788207466,0.0,0,0.0,710.1935278131201,ev below min (-0.246)
2023-12-15,22300333.0,new york knicks,2.47,0.37489829839549627,-0.07400120296312418,0.0,1,0.0,710.1935278131201,prob diff too low (0.007)
2023-12-16,22300334.0,milwaukee bucks,1.04,0.6973659713105195,-0.2747393898370597,0.0,1,0.0,710.1935278131201,odds too low
2023-12-16,22300335.0,philadelphia 76ers,1.11,0.5785752504706735,-0.3577814719775524,0.0,1,0.0,710.1935278131201,odds too low
2023-12-16,22300336.0,cleveland cavaliers,1.5,0.5362264474995792,-0.19566032875063133,0.0,1,0.0,710.1935278131201,ev below min (-0.196)
2023-12-16,22300337.0,miami heat,1.41,0.4261123264500504,-0.399181619705429,0.0,1,0.0,710.1935278131201,ev below min (-0.399)
2023-12-16,22300338.0,minnesota timberwolves,1.16,0.679717887089236,-0.21152725097648628,0.0,1,0.0,710.1935278131201,odds too low
2023-12-16,22300339.0,brooklyn nets,2.14,0.3915594562522656,-0.16206276362015148,0.0,0,0.0,710.1935278131201,prob diff too low (0.014)
2023-12-16,22300340.0,oklahoma city thunder,2.46,0.29789756352526886,-0.2671719937278386,0.0,1,0.0,710.1935278131201,ev below min (-0.267)
2023-12-16,22300341.0,portland trail blazers,2.54,0.193197236019679,-0.5092790205100153,0.0,0,0.0,710.1935278131201,ev below min (-0.509)
2023-12-16,22300342.0,sacramento kings,1.25,0.4971368724277243,-0.37857890946534467,0.0,1,0.0,710.1935278131201,ev below min (-0.379)
2023-12-16,22300343.0,new york knicks,2.87,0.34393520117414234,-0.012905972630211426,0.0,0,0.0,710.1935278131201,prob diff too low (0.039)
2023-12-17,22300344.0,orlando magic,3.63,0.26870965497059335,-0.02458395245674616,0.0,0,0.0,710.1935278131201,odds too high
2023-12-17,22300345.0,new orleans pelicans,1.28,0.4859246053948698,-0.37801650509456663,0.0,1,0.0,710.1935278131201,ev below min (-0.378)
2023-12-17,22300346.0,milwaukee bucks,1.29,0.474774185292087,-0.3875413009732078,0.0,1,0.0,710.1935278131201,ev below min (-0.388)
2023-12-17,22300347.0,phoenix suns,1.09,0.5892828937649642,-0.3576816457961889,0.0,1,0.0,710.1935278131201,odds too low
2023-12-17,22300348.0,portland trail blazers,2.57,0.22067666242012635,-0.4328609775802753,0.0,0,0.0,710.1935278131201,ev below min (-0.433)
2023-12-18,22300349.0,cleveland cavaliers,1.52,0.509720195595595,-0.22522530269469554,0.0,1,0.0,710.1935278131201,ev below min (-0.225)
2023-12-18,22300350.0,indiana pacers,2.22,0.23439854151608314,-0.4796352378342954,0.0,0,0.0,710.1935278131201,ev below min (-0.480)
2023-12-18,22300351.0,philadelphia 76ers,1.14,0.7352965541885697,-0.16176192822503066,0.0,0,0.0,710.1935278131201,odds too low
2023-12-18,22300352.0,atlanta hawks,1.12,0.6906193946260996,-0.22650627801876844,0.0,1,0.0,710.1935278131201,odds too low
2023-12-18,22300353.0,minnesota timberwolves,1.67,0.36518872492305066,-0.3901348293785054,0.0,1,0.0,710.1935278131201,ev below min (-0.390)
2023-12-18,22300354.0,toronto raptors,1.09,0.5027112447484,-0.45204474322424393,0.0,1,0.0,710.1935278131201,odds too low
2023-12-18,22300355.0,oklahoma city thunder,1.16,0.6373297519684749,-0.2606974877165692,0.0,1,0.0,710.1935278131201,odds too low
2023-12-18,22300356.0,denver nuggets,1.23,0.5257835651050665,-0.35328621492076817,0.0,1,0.0,710.1935278131201,odds too low
2023-12-18,22300357.0,brooklyn nets,1.54,0.3769172341575947,-0.4195474593973041,0.0,0,0.0,710.1935278131201,ev below min (-0.420)
2023-12-18,22300358.0,sacramento kings,1.06,0.6423847877636258,-0.3190721249705566,0.0,1,0.0,710.1935278131201,odds too low
2023-12-18,22300359.0,new york knicks,2.39,0.3207580892083445,-0.23338816679205665,0.0,1,0.0,710.1935278131201,ev below min (-0.233)
2023-12-19,22300360.0,new orleans pelicans,1.24,0.5368064153084771,-0.3343600450174885,0.0,0,0.0,710.1935278131201,odds too low
2023-12-19,22300361.0,milwaukee bucks,1.04,0.6963826749197617,-0.2757620180834478,0.0,1,0.0,710.1935278131201,odds too low
2023-12-19,22300362.0,boston celtics,1.44,0.45276004378355655,-0.3480255369516786,0.0,0,0.0,710.1935278131201,ev below min (-0.348)
2023-12-19,22300363.0,portland trail blazers,3.05,0.16608603310283182,-0.493437599036363,0.0,1,0.0,710.1935278131201,odds too high
2023-12-20,22300364.0,cleveland cavaliers,1.55,0.5385137009481257,-0.1653037635304052,0.0,1,0.0,710.1935278131201,ev below min (-0.165)
2023-12-20,22300365.0,indiana pacers,1.16,0.44136673415900546,-0.48801458837555367,0.0,1,0.0,710.1935278131201,odds too low
2023-12-20,22300366.0,orlando magic,1.42,0.536440658770139,-0.23825426454640264,0.0,0,0.0,710.1935278131201,ev below min (-0.238)
2023-12-20,22300367.0,philadelphia 76ers,1.53,0.5371441763697117,-0.17816941015434107,0.0,1,0.0,710.1935278131201,ev below min (-0.178)
2023-12-20,22300368.0,new york knicks,1.78,0.37539311553807625,-0.33180025434222427,0.0,1,0.0,710.1935278131201,ev below min (-0.332)
2023-12-20,22300369.0,denver nuggets,1.5,0.44794142910089113,-0.32808785634866333,0.0,1,0.0,710.1935278131201,ev below min (-0.328)
2023-12-20,22300370.0,chicago bulls,2.26,0.26888007992416374,-0.39233101937139003,0.0,1,0.0,710.1935278131201,prob diff too low (0.029)
2023-12-20,22300371.0,houston rockets,1.61,0.5182217082829558,-0.16566304966444112,0.0,0,0.0,710.1935278131201,ev below min (-0.166)
2023-12-20,22300372.0,los angeles clippers,1.74,0.3111952902017035,-0.45852019504903596,0.0,1,0.0,710.1935278131201,ev below min (-0.459)
2023-12-20,22300373.0,boston celtics,2.17,0.4015726562376152,-0.1285873359643751,0.0,1,0.0,710.1935278131201,ev below min (-0.129)
2023-12-21,22300374.0,utah jazz,1.96,0.365298820663673,-0.284014311499201,0.0,1,0.0,710.1935278131201,ev below min (-0.284)
2023-12-21,22300375.0,cleveland cavaliers,2.21,0.3810714027462605,-0.15783219993076436,0.0,0,0.0,710.1935278131201,ev below min (-0.158)
2023-12-21,22300376.0,chicago bulls,1.38,0.5833789067556056,-0.19493710867726444,0.0,1,0.0,710.1935278131201,ev below min (-0.195)
2023-12-21,22300377.0,indiana pacers,2.02,0.26977631659138335,-0.4550518404854056,0.0,0,0.0,710.1935278131201,prob diff too low (0.024)
2023-12-21,22300378.0,orlando magic,3.38,0.19710322163679264,-0.3337911108676409,0.0,0,0.0,710.1935278131201,odds too high
2023-12-21,22300379.0,los angeles clippers,2.65,0.25122588403135354,-0.33425140731691316,0.0,0,0.0,710.1935278131201,ev below min (-0.334)
2023-12-21,22300380.0,minnesota timberwolves,1.25,0.5895557023769372,-0.26305537202882845,0.0,1,0.0,710.1935278131201,ev below min (-0.263)
2023-12-21,22300381.0,portland trail blazers,1.49,0.35004608746984023,-0.47843132966993807,0.0,0,0.0,710.1935278131201,ev below min (-0.478)
2023-12-22,22300382.0,philadelphia 76ers,1.24,0.6729966518319038,-0.16548415172843922,0.0,1,0.0,710.1935278131201,odds too low
2023-12-22,22300383.0,denver nuggets,1.46,0.39904081900538774,-0.41740040425213387,0.0,1,0.0,710.1935278131201,ev below min (-0.417)
2023-12-22,22300384.0,miami heat,1.75,0.401706103560634,-0.2970143187688905,0.0,1,0.0,710.1935278131201,ev below min (-0.297)
2023-12-22,22300385.0,dallas mavericks,3.47,0.17186141847433337,-0.4036408778940632,0.0,0,0.0,710.1935278131201,odds too high
2023-12-22,22300386.0,golden state warriors,1.14,0.5310178917327549,-0.3946396034246594,0.0,1,0.0,710.1935278131201,odds too low
2023-12-22,22300387.0,sacramento kings,1.52,0.42143360028143906,-0.35942092757221267,0.0,1,0.0,710.1935278131201,ev below min (-0.359)
2023-12-23,22300388.0,new york knicks,2.04,0.4221628656449582,-0.13878775408428523,0.0,0,0.0,710.1935278131201,ev below min (-0.139)
2023-12-23,22300389.0,los angeles clippers,2.28,0.30554205540511703,-0.3033641136763332,0.0,0,0.0,710.1935278131201,ev below min (-0.303)
2023-12-23,22300390.0,denver nuggets,1.16,0.5845940959056888,-0.3218708487494011,0.0,1,0.0,710.1935278131201,odds too low
2023-12-23,22300391.0,orlando magic,2.04,0.29086487950378415,-0.4066356458122803,0.0,1,0.0,710.1935278131201,prob diff too low (0.027)
2023-12-23,22300392.0,new orleans pelicans,1.31,0.5625679054558852,-0.26303604385279034,0.0,0,0.0,710.1935278131201,ev below min (-0.263)
2023-12-23,22300393.0,atlanta hawks,1.74,0.40673491658313266,-0.29228124514534914,0.0,0,0.0,710.1935278131201,ev below min (-0.292)
2023-12-23,22300394.0,brooklyn nets,1.17,0.6815266454034619,-0.20261382487794966,0.0,1,0.0,710.1935278131201,odds too low
2023-12-23,22300395.0,toronto raptors,1.42,0.42655429493173924,-0.3942929011969303,0.0,0,0.0,710.1935278131201,ev below min (-0.394)
2023-12-23,22300396.0,cleveland cavaliers,2.66,0.2456769205340963,-0.34649939137930386,0.0,1,0.0,710.1935278131201,ev below min (-0.346)
2023-12-23,22300397.0,oklahoma city thunder,1.59,0.5488493980121538,-0.12732945716067534,0.0,0,0.0,710.1935278131201,ev below min (-0.127)
2023-12-23,22300398.0,dallas mavericks,1.25,0.5639511011065703,-0.29506112361678705,0.0,1,0.0,710.1935278131201,ev below min (-0.295)
2023-12-23,22300399.0,golden state warriors,1.24,0.504507128785072,-0.3744111603065108,0.0,1,0.0,710.1935278131201,odds too low
2023-12-23,22300400.0,minnesota timberwolves,2.02,0.2746135017427499,-0.44528072647964523,0.0,1,0.0,710.1935278131201,prob diff too low (0.011)
2023-12-25,22300401.0,new york knicks,2.25,0.3674447620020958,-0.1732492854952844,0.0,1,0.0,710.1935278131201,ev below min (-0.173)
2023-12-25,22300402.0,denver nuggets,1.3,0.5664752768841893,-0.2635821400505539,0.0,1,0.0,710.1935278131201,ev below min (-0.264)
2023-12-25,22300403.0,boston celtics,1.46,0.5028888691018911,-0.265782251111239,0.0,1,0.0,710.1935278131201,ev below min (-0.266)
2023-12-25,22300404.0,philadelphia 76ers,2.04,0.3545130119115774,-0.27679345570038205,0.0,0,0.0,710.1935278131201,prob diff too low (0.043)
2023-12-25,22300405.0,phoenix suns,1.52,0.3831055125530269,-0.41767962091939914,0.0,0,0.0,710.1935278131201,ev below min (-0.418)
2023-12-26,22300406.0,brooklyn nets,1.36,0.5049394194746875,-0.313282389514425,0.0,1,0.0,710.1935278131201,ev below min (-0.313)
2023-12-26,22300407.0,orlando magic,1.31,0.405841368708552,-0.4683478069917969,0.0,1,0.0,710.1935278131201,ev below min (-0.468)
2023-12-26,22300408.0,chicago bulls,2.01,0.4262654505476483,-0.14320644439922703,0.0,1,0.0,710.1935278131201,ev below min (-0.143)
2023-12-26,22300409.0,houston rockets,1.63,0.4975630205665864,-0.1889722764764642,0.0,0,0.0,710.1935278131201,ev below min (-0.189)
2023-12-26,22300410.0,new orleans pelicans,1.46,0.5470183316450227,-0.20135323579826692,0.0,0,0.0,710.1935278131201,ev below min (-0.201)
2023-12-26,22300411.0,oklahoma city thunder,1.73,0.37163513146862975,-0.3570712225592705,0.0,1,0.0,710.1935278131201,ev below min (-0.357)
2023-12-26,22300412.0,utah jazz,1.58,0.4051455601769686,-0.3598700149203895,0.0,1,0.0,710.1935278131201,ev below min (-0.360)
2023-12-26,22300413.0,sacramento kings,1.23,0.46764894042621125,-0.42479180327576016,0.0,0,0.0,710.1935278131201,odds too low
2023-12-26,22300414.0,los angeles clippers,1.15,0.6287066998053465,-0.27698729522385157,0.0,1,0.0,710.1935278131201,odds too low
2023-12-27,22300415.0,philadelphia 76ers,1.98,0.3774306688834048,-0.25268727561085846,0.0,1,0.0,710.1935278131201,ev below min (-0.253)
2023-12-27,22300416.0,washington wizards,2.87,0.2165585047368263,-0.3784770914053085,0.0,0,0.0,710.1935278131201,ev below min (-0.378)
2023-12-27,22300417.0,brooklyn nets,3.93,0.2407107772895798,-0.054006645251951424,0.0,0,0.0,710.1935278131201,odds too high
2023-12-27,22300418.0,houston rockets,2.13,0.4360113913673872,-0.07129573638746534,0.0,0,0.0,710.1935278131201,ev below min (-0.071)
2023-12-27,22300419.0,oklahoma city thunder,1.54,0.42879915133521135,-0.3396493069437745,0.0,1,0.0,710.1935278131201,ev below min (-0.340)
2023-12-27,22300420.0,cleveland cavaliers,2.74,0.2743279999319294,-0.24834128018651336,0.0,1,0.0,710.1935278131201,prob diff too low (0.001)
2023-12-28,22300421.0,boston celtics,1.04,0.8905388271690438,-0.0738396197441945,0.0,1,0.0,710.1935278131201,odds too low
2023-12-28,22300422.0,chicago bulls,1.86,0.4075350853585095,-0.24198474123317226,0.0,0,0.0,710.1935278131201,ev below min (-0.242)
2023-12-28,22300423.0,minnesota timberwolves,1.09,0.5852760743129831,-0.3620490789988483,0.0,1,0.0,710.1935278131201,odds too low
2023-12-28,22300424.0,new orleans pelicans,1.21,0.6317612418608316,-0.2355688973483938,0.0,1,0.0,710.1935278131201,odds too low
2023-12-28,22300425.0,denver nuggets,1.21,0.6195089662533539,-0.25039415083344174,0.0,1,0.0,710.1935278131201,odds too low
2023-12-28,22300426.0,miami heat,2.74,0.29835070046109385,-0.18251908073660272,0.0,1,0.0,710.1935278131201,prob diff too low (0.005)
2023-12-28,22300427.0,portland trail blazers,1.6,0.4684569096116063,-0.2504689446214299,0.0,0,0.0,710.1935278131201,ev below min (-0.250)
2023-12-28,22300428.0,los angeles lakers,1.09,0.6553741445683369,-0.28564218242051276,0.0,1,0.0,710.1935278131201,odds too low
2023-12-29,22300429.0,new york knicks,1.81,0.3086383339562911,-0.4413646155391131,0.0,0,0.0,710.1935278131201,prob diff too low (0.002)
2023-12-29,22300430.0,brooklyn nets,1.37,0.3675411245276247,-0.4964686593971541,0.0,0,0.0,710.1935278131201,ev below min (-0.496)
2023-12-29,22300431.0,sacramento kings,1.74,0.3506223274250232,-0.3899171502804596,0.0,1,0.0,710.1935278131201,ev below min (-0.390)
2023-12-29,22300432.0,boston celtics,1.42,0.6744443761970966,-0.04228898580012286,0.0,1,0.0,710.1935278131201,ev below min (-0.042)
2023-12-29,22300433.0,cleveland cavaliers,2.57,0.3075465313826232,-0.20960541434665836,0.0,0,0.0,710.1935278131201,prob diff too low (0.003)
2023-12-29,22300434.0,philadelphia 76ers,1.72,0.48918569784225285,-0.15860059971132512,0.0,1,0.0,710.1935278131201,ev below min (-0.159)
2023-12-29,22300435.0,denver nuggets,1.72,0.5090059777045517,-0.12450971834817115,0.0,0,0.0,710.1935278131201,ev below min (-0.125)
2023-12-29,22300436.0,phoenix suns,1.05,0.5872818906239969,-0.38335401484480314,0.0,1,0.0,710.1935278131201,odds too low
2023-12-29,22300437.0,portland trail blazers,1.43,0.43501579300605425,-0.3779274160013425,0.0,1,0.0,710.1935278131201,ev below min (-0.378)
2023-12-29,22300438.0,los angeles clippers,1.52,0.5429587248356582,-0.17470273824979954,0.0,1,0.0,710.1935278131201,ev below min (-0.175)
2023-12-30,22300439.0,miami heat,1.57,0.39364270130270784,-0.3819809589547487,0.0,0,0.0,710.1935278131201,ev below min (-0.382)
2023-12-30,22300440.0,toronto raptors,1.55,0.5547319504111882,-0.14016547686265834,0.0,0,0.0,710.1935278131201,ev below min (-0.140)
2023-12-30,22300441.0,new york knicks,2.3,0.39415084216844426,-0.09345306301257827,0.0,0,0.0,710.1935278131201,ev below min (-0.093)
2023-12-30,22300442.0,philadelphia 76ers,1.87,0.44297407982392356,-0.17163847072926286,0.0,0,0.0,710.1935278131201,ev below min (-0.172)
2023-12-30,22300443.0,minnesota timberwolves,1.49,0.5766544053290918,-0.14078493605965314,0.0,1,0.0,710.1935278131201,ev below min (-0.141)
2023-12-30,22300444.0,golden state warriors,1.51,0.4424210934044305,-0.33194414895931,0.0,0,0.0,710.1935278131201,ev below min (-0.332)
2023-12-31,22300445.0,washington wizards,2.84,0.21788441451419965,-0.381208262779673,0.0,0,0.0,710.1935278131201,ev below min (-0.381)
2023-12-31,22300446.0,new orleans pelicans,1.37,0.540036243229018,-0.26015034677624527,0.0,1,0.0,710.1935278131201,ev below min (-0.260)
2023-12-31,22300447.0,oklahoma city thunder,1.3,0.6590659504525407,-0.14321426441169705,0.0,1,0.0,710.1935278131201,ev below min (-0.143)
2023-12-31,22300448.0,boston celtics,1.06,0.7642080953951905,-0.189939418881098,0.0,1,0.0,710.1935278131201,odds too low
2023-12-31,22300449.0,sacramento kings,1.87,0.3034985041198039,-0.4324577972959667,0.0,1,0.0,710.1935278131201,ev below min (-0.432)
2023-12-31,22300450.0,orlando magic,2.64,0.24237004967670925,-0.36014306885348757,0.0,0,0.0,710.1935278131201,ev below min (-0.360)
2024-01-01,22300451.0,new york knicks,1.87,0.3924067325732571,-0.2661994100880092,0.0,1,0.0,710.1935278131201,ev below min (-0.266)
2024-01-01,22300452.0,cleveland cavaliers,2.08,0.3471922398198039,-0.2778401411748078,0.0,0,0.0,710.1935278131201,prob diff too low (0.019)
2024-01-01,22300453.0,houston rockets,1.21,0.7463236490693888,-0.09694838462603961,0.0,1,0.0,710.1935278131201,odds too low
2024-01-01,22300454.0,milwaukee bucks,1.25,0.5718967363272274,-0.2851290795909658,0.0,0,0.0,710.1935278131201,ev below min (-0.285)
2024-01-01,22300455.0,denver nuggets,1.03,0.8035512735754238,-0.1723421882173135,0.0,1,0.0,710.1935278131201,odds too low
2024-01-01,22300456.0,phoenix suns,1.19,0.6019904343109409,-0.2836313831699804,0.0,1,0.0,710.1935278131201,odds too low
2024-01-01,22300457.0,utah jazz,2.38,0.3785651794583842,-0.09901487288904565,0.0,1,0.0,710.1935278131201,ev below min (-0.099)
2024-01-01,22300458.0,miami heat,3.32,0.2412110964634843,-0.19917915974123224,0.0,0,0.0,710.1935278131201,odds too high
2024-01-02,22300459.0,philadelphia 76ers,1.18,0.6493358309778148,-0.2337837194461786,0.0,1,0.0,710.1935278131201,odds too low
2024-01-02,22300460.0,memphis grizzlies,1.12,0.5532784999539603,-0.3803280800515644,0.0,1,0.0,710.1935278131201,odds too low
2024-01-02,22300461.0,new orleans pelicans,1.4,0.5994119465921123,-0.16082327477104286,0.0,1,0.0,710.1935278131201,ev below min (-0.161)
2024-01-02,22300462.0,oklahoma city thunder,2.26,0.39715498279185873,-0.1024297388903993,0.0,1,0.0,710.1935278131201,prob diff too low (0.038)
2024-01-02,22300463.0,orlando magic,2.26,0.2997733669050157,-0.32251219079466453,0.0,0,0.0,710.1935278131201,ev below min (-0.323)
2024-01-02,22300464.0,sacramento kings,1.06,0.6854359708703422,-0.2734378708774372,0.0,0,0.0,710.1935278131201,odds too low
2024-01-03,22300465.0,cleveland cavaliers,1.2,0.6696720492571369,-0.1963935408914358,0.0,1,0.0,710.1935278131201,odds too low
2024-01-03,22300466.0,indiana pacers,2.2,0.2951879034157723,-0.350586612485301,0.0,1,0.0,710.1935278131201,prob diff too low (0.043)
2024-01-03,22300467.0,oklahoma city thunder,1.84,0.5462143156140599,0.005034340729870301,0.0,0,0.0,710.1935278131201,ev below min (0.005)
2024-01-03,22300468.0,new york knicks,1.25,0.5915173918020211,-0.2606032602474736,0.0,1,0.0,710.1935278131201,ev below min (-0.261)
2024-01-03,22300469.0,houston rockets,1.48,0.5248468810263169,-0.223226616081051,0.0,1,0.0,710.1935278131201,ev below min (-0.223)
2024-01-03,22300470.0,memphis grizzlies,1.76,0.3737649160426441,-0.34217374776494636,0.0,0,0.0,710.1935278131201,ev below min (-0.342)
2024-01-03,22300471.0,minnesota timberwolves,1.39,0.5613845578454497,-0.2196754645948249,0.0,0,0.0,710.1935278131201,ev below min (-0.220)
2024-01-03,22300472.0,portland trail blazers,4.6,0.16147169833498154,-0.257230187659085,0.0,0,0.0,710.1935278131201,odds too high
2024-01-03,22300473.0,phoenix suns,2.32,0.35396946839685167,-0.17879083331930423,0.0,0,0.0,710.1935278131201,prob diff too low (0.022)
2024-01-03,22300474.0,utah jazz,1.24,0.7128533091421667,-0.11606189666371325,0.0,1,0.0,710.1935278131201,odds too low
2024-01-03,22300475.0,miami heat,2.59,0.32812102567131946,-0.15016654351128267,0.0,1,0.0,710.1935278131201,ev below min (-0.150)
2024-01-03,22300476.0,orlando magic,2.54,0.2618668711690745,-0.33485814723055085,0.0,0,0.0,710.1935278131201,ev below min (-0.335)
2024-01-04,22300477.0,milwaukee bucks,1.12,0.6695579394315762,-0.2500951078366347,0.0,1,0.0,710.1935278131201,odds too low
2024-01-04,22300478.0,denver nuggets,1.51,0.48985451051590245,-0.26031968912098724,0.0,1,0.0,710.1935278131201,ev below min (-0.260)
2024-01-05,22300479.0,boston celtics,1.07,0.7658294059597716,-0.18056253562304436,0.0,1,0.0,710.1935278131201,odds too low
2024-01-05,22300480.0,indiana pacers,1.59,0.5105317580290771,-0.18825450473376737,0.0,1,0.0,710.1935278131201,ev below min (-0.188)
2024-01-05,22300481.0,oklahoma city thunder,1.45,0.5493760462078038,-0.20340473299868456,0.0,0,0.0,710.1935278131201,ev below min (-0.203)
2024-01-05,22300482.0,cleveland cavaliers,1.17,0.7196743195323401,-0.15798104614716213,0.0,1,0.0,710.1935278131201,odds too low
2024-01-05,22300483.0,new york knicks,2.68,0.29133437110257115,-0.2192238854451093,0.0,1,0.0,710.1935278131201,ev below min (-0.219)
2024-01-05,22300484.0,chicago bulls,1.2,0.5524174537898693,-0.3370990554521569,0.0,1,0.0,710.1935278131201,odds too low
2024-01-05,22300485.0,minnesota timberwolves,1.51,0.4869369747869377,-0.2647251680717241,0.0,1,0.0,710.1935278131201,ev below min (-0.265)
2024-01-05,22300486.0,new orleans pelicans,1.85,0.45105841524972423,-0.16554193178801013,0.0,0,0.0,710.1935278131201,ev below min (-0.166)
2024-01-05,22300487.0,dallas mavericks,1.3,0.5914459418655097,-0.23112027557483739,0.0,1,0.0,710.1935278131201,ev below min (-0.231)
2024-01-05,22300488.0,orlando magic,4.05,0.20537620206055546,-0.16822638165475046,0.0,1,0.0,710.1935278131201,odds too high
2024-01-05,22300489.0,phoenix suns,1.62,0.47615560808474455,-0.22862791490271372,0.0,1,0.0,710.1935278131201,ev below min (-0.229)
2024-01-05,22300490.0,golden state warriors,1.17,0.7485541535792384,-0.12419164031229113,0.0,1,0.0,710.1935278131201,odds too low
2024-01-05,22300491.0,los angeles lakers,1.51,0.5363004405321181,-0.1901863347965016,0.0,0,0.0,710.1935278131201,ev below min (-0.190)
2024-01-05,22300492.0,sacramento kings,1.49,0.5702693271197827,-0.15029870259152378,0.0,1,0.0,710.1935278131201,ev below min (-0.150)
2024-01-06,22300493.0,indiana pacers,2.88,0.3372824409064716,-0.028626570189361877,0.0,0,0.0,710.1935278131201,ev below min (-0.029)
2024-01-06,22300494.0,new york knicks,1.21,0.6443001776173235,-0.22039678508303862,0.0,1,0.0,710.1935278131201,odds too low
2024-01-06,22300495.0,philadelphia 76ers,1.34,0.656814021490054,-0.11986921120332761,0.0,0,0.0,710.1935278131201,ev below min (-0.120)
2024-01-06,22300496.0,houston rockets,2.93,0.34516167630544214,0.011323711574945605,0.0,1,0.0,710.1935278131201,ev below min (0.011)
2024-01-07,22300497.0,cleveland cavaliers,1.16,0.8182305525589246,-0.05085255903164754,0.0,1,0.0,710.1935278131201,odds too low
2024-01-07,22300498.0,brooklyn nets,1.22,0.6552025536132402,-0.20065288459184694,0.0,0,0.0,710.1935278131201,odds too low
2024-01-07,22300499.0,orlando magic,2.02,0.6165092934528315,0.24534877277471945,14.203870556262402,1,14.48794796738765,724.6814757805078,bet placed
2024-01-07,22300500.0,new orleans pelicans,2.35,0.2999262768347494,-0.295173249438339,0.0,1,0.0,724.6814757805078,ev below min (-0.295)
2024-01-07,22300501.0,minnesota timberwolves,1.68,0.4615335411822736,-0.22462365081378044,0.0,0,0.0,724.6814757805078,ev below min (-0.225)
2024-01-07,22300502.0,denver nuggets,1.05,0.9004508977430219,-0.05452655736982692,0.0,1,0.0,724.6814757805078,odds too low
2024-01-07,22300503.0,phoenix suns,1.28,0.5765810990850673,-0.26197619317111387,0.0,0,0.0,724.6814757805078,ev below min (-0.262)
2024-01-07,22300504.0,golden state warriors,1.66,0.5382784205478001,-0.1064578218906519,0.0,0,0.0,724.6814757805078,ev below min (-0.106)
2024-01-07,22300505.0,los angeles lakers,2.35,0.3291323519049268,-0.22653897302342196,0.0,1,0.0,724.6814757805078,ev below min (-0.227)
2024-01-08,22300506.0,charlotte hornets,2.97,0.2520944886177718,-0.25127936880521773,0.0,0,0.0,724.6814757805078,ev below min (-0.251)
2024-01-08,22300507.0,boston celtics,1.57,0.5735994823348299,-0.09944881273431694,0.0,0,0.0,724.6814757805078,ev below min (-0.099)
2024-01-08,22300508.0,oklahoma city thunder,1.13,0.7028659892554682,-0.20576143214132103,0.0,1,0.0,724.6814757805078,odds too low
2024-01-08,22300509.0,miami heat,1.5,0.5483909580766181,-0.17741356288507282,0.0,1,0.0,724.6814757805078,ev below min (-0.177)
2024-01-08,22300510.0,milwaukee bucks,1.24,0.6244754162425983,-0.22565048385917819,0.0,0,0.0,724.6814757805078,odds too low
2024-01-08,22300511.0,los angeles clippers,1.43,0.6006379029447141,-0.14108779878905886,0.0,1,0.0,724.6814757805078,ev below min (-0.141)
2024-01-09,22300512.0,sacramento kings,1.15,0.663862298615349,-0.2365583565923488,0.0,1,0.0,724.6814757805078,odds too low
2024-01-09,22300513.0,orlando magic,2.55,0.40784555089990543,0.040006154794758775,0.0,0,0.0,724.6814757805078,prob diff too low (0.018)
2024-01-09,22300514.0,new york knicks,1.1,0.8286545235959476,-0.08848002404445754,0.0,1,0.0,724.6814757805078,odds too low
2024-01-09,22300515.0,memphis grizzlies,3.76,0.2558198668694579,-0.0381173005708384,0.0,1,0.0,724.6814757805078,odds too high
2024-01-09,22300516.0,los angeles lakers,1.47,0.577324351299405,-0.15133320358987468,0.0,1,0.0,724.6814757805078,ev below min (-0.151)
2024-01-10,22300517.0,minnesota timberwolves,4.28,0.2774806361924278,0.187617122903591,0.0,0,0.0,724.6814757805078,odds too high
2024-01-10,22300518.0,sacramento kings,1.26,0.5160253534700188,-0.3498080546277763,0.0,1,0.0,724.6814757805078,ev below min (-0.350)
2024-01-10,22300519.0,detroit pistons,2.2,0.4237951954825066,-0.0676505699384854,0.0,0,0.0,724.6814757805078,ev below min (-0.068)
2024-01-10,22300520.0,indiana pacers,1.26,0.7664205753884372,-0.03431007501056904,0.0,1,0.0,724.6814757805078,ev below min (-0.034)
2024-01-10,22300521.0,philadelphia 76ers,1.89,0.4780017393511051,-0.09657671262641132,0.0,0,0.0,724.6814757805078,ev below min (-0.097)
2024-01-10,22300522.0,miami heat,2.42,0.4405231948510756,0.06606613153960295,0.0,0,0.0,724.6814757805078,prob diff too low (0.031)
2024-01-10,22300523.0,houston rockets,2.19,0.36705839511604144,-0.19614211469586929,0.0,0,0.0,724.6814757805078,ev below min (-0.196)
2024-01-10,22300524.0,utah jazz,2.8,0.32512279532378857,-0.08965617309339202,0.0,1,0.0,724.6814757805078,ev below min (-0.090)
2024-01-10,22300525.0,new orleans pelicans,1.62,0.5256942249627758,-0.14837535556030312,0.0,1,0.0,724.6814757805078,ev below min (-0.148)
2024-01-10,22300526.0,toronto raptors,4.87,0.2271152711129267,0.10605137031995304,0.0,0,0.0,724.6814757805078,odds too high
2024-01-11,22300527.0,cleveland cavaliers,1.55,0.5962351224188012,-0.07583556025085814,0.0,1,0.0,724.6814757805078,ev below min (-0.076)
2024-01-11,22300528.0,boston celtics,2.04,0.5010648051556638,0.02217220251755414,0.0,0,0.0,724.6814757805078,ev below min (0.022)
2024-01-11,22300529.0,oklahoma city thunder,1.08,0.804218205931963,-0.13144433759347984,0.0,1,0.0,724.6814757805078,odds too low
2024-01-11,22300530.0,dallas mavericks,2.39,0.39918448094849945,-0.04594909053308627,0.0,1,0.0,724.6814757805078,ev below min (-0.046)
2024-01-11,22300531.0,los angeles lakers,1.91,0.4606398877596179,-0.12017781437912989,0.0,0,0.0,724.6814757805078,ev below min (-0.120)
2024-01-12,22300532.0,philadelphia 76ers,1.77,0.5710545072081191,0.010766477758370918,0.0,1,0.0,724.6814757805078,ev below min (0.011)
2024-01-12,22300533.0,indiana pacers,2.58,0.4091814796592952,0.05568821752098163,0.0,1,0.0,724.6814757805078,ev below min (0.056)
2024-01-12,22300534.0,houston rockets,1.23,0.6825120829942681,-0.16051013791705016,0.0,1,0.0,724.6814757805078,odds too low
2024-01-12,22300535.0,miami heat,1.75,0.5124972621777182,-0.10312979118899324,0.0,1,0.0,724.6814757805078,ev below min (-0.103)
2024-01-12,22300536.0,chicago bulls,1.59,0.5047003273670496,-0.19752647948639102,0.0,0,0.0,724.6814757805078,ev below min (-0.198)
2024-01-12,22300537.0,memphis grizzlies,3.28,0.31454162991000906,0.03169654610482975,0.0,0,0.0,724.6814757805078,odds too high
2024-01-12,22300538.0,minnesota timberwolves,1.04,0.8637388231605911,-0.10171162391298516,0.0,1,0.0,724.6814757805078,odds too low
2024-01-12,22300539.0,new orleans pelicans,2.69,0.37451655325594496,0.007449528258491878,0.0,0,0.0,724.6814757805078,ev below min (0.007)
2024-01-12,22300540.0,utah jazz,1.7,0.5912286265522665,0.005088665138853088,0.0,1,0.0,724.6814757805078,ev below min (0.005)
2024-01-12,22300541.0,san antonio spurs,1.68,0.3726642402071544,-0.37392407645198067,0.0,1,0.0,724.6814757805078,ev below min (-0.374)
2024-01-13,22300542.0,houston rockets,7.12,0.16839322489770367,0.19895976127165005,0.0,0,0.0,724.6814757805078,odds too high
2024-01-13,22300543.0,atlanta hawks,1.26,0.644311765978897,-0.18816717486658974,0.0,0,0.0,724.6814757805078,ev below min (-0.188)
2024-01-13,22300544.0,memphis grizzlies,4.33,0.3550553332135039,0.5373895928144719,0.0,0,0.0,724.6814757805078,odds too high
2024-01-13,22300545.0,golden state warriors,5.58,0.17262623862115856,-0.03674558849393528,0.0,0,0.0,724.6814757805078,odds too high
2024-01-13,22300546.0,orlando magic,4.52,0.22860075335013746,0.03327540514262117,0.0,0,0.0,724.6814757805078,odds too high
2024-01-13,22300547.0,new orleans pelicans,2.54,0.47002953583563833,0.1938750210225213,0.0,1,0.0,724.6814757805078,prob diff too low (0.038)
2024-01-13,22300548.0,san antonio spurs,2.81,0.28611220005397353,-0.19602471784833442,0.0,0,0.0,724.6814757805078,ev below min (-0.196)
2024-01-13,22300549.0,utah jazz,1.6,0.612006069989386,-0.02079028801698235,0.0,1,0.0,724.6814757805078,ev below min (-0.021)
2024-01-14,22300550.0,indiana pacers,4.17,0.27562522035431736,0.14935716887750328,0.0,0,0.0,724.6814757805078,odds too high
2024-01-14,22300551.0,miami heat,1.21,0.7285092104840922,-0.11850385531424845,0.0,1,0.0,724.6814757805078,odds too low
2024-01-14,22300552.0,milwaukee bucks,1.5,0.5498963307978199,-0.17515550380327016,0.0,1,0.0,724.6814757805078,ev below min (-0.175)
2024-01-14,22300553.0,minnesota timberwolves,1.79,0.5845462872062186,0.04633785409913127,0.0,1,0.0,724.6814757805078,ev below min (0.046)
2024-01-14,22300554.0,portland trail blazers,5.68,0.21179560007326598,0.2029990084161506,0.0,0,0.0,724.6814757805078,odds too high
2024-01-15,22300555.0,philadelphia 76ers,1.25,0.7146258566564221,-0.10671767917947239,0.0,1,0.0,724.6814757805078,ev below min (-0.107)
2024-01-15,22300556.0,dallas mavericks,2.35,0.40992307080835766,-0.03668078360035942,0.0,1,0.0,724.6814757805078,ev below min (-0.037)
2024-01-15,22300557.0,new york knicks,1.41,0.7839966740710511,0.10543531044018195,0.0,0,0.0,724.6814757805078,ev below min (0.105)
2024-01-15,22300558.0,washington wizards,1.4,0.5393068797178101,-0.24497036839506592,0.0,0,0.0,724.6814757805078,ev below min (-0.245)
2024-01-15,22300559.0,atlanta hawks,1.26,0.649381868237316,-0.18177884602098182,0.0,1,0.0,724.6814757805078,ev below min (-0.182)
2024-01-15,22300560.0,memphis grizzlies,3.2,0.45117600067407826,0.44376320215705056,0.0,1,0.0,724.6814757805078,odds too high
2024-01-15,22300561.0,cleveland cavaliers,1.5,0.5308277220143712,-0.2037584169784432,0.0,1,0.0,724.6814757805078,ev below min (-0.204)
2024-01-15,22300562.0,miami heat,1.73,0.4618559327772946,-0.20098923629528043,0.0,1,0.0,724.6814757805078,ev below min (-0.201)
2024-01-15,22300563.0,toronto raptors,2.85,0.3515042691077398,0.0017871669570583837,0.0,0,0.0,724.6814757805078,ev below min (0.002)
2024-01-15,22300564.0,indiana pacers,3.0,0.3522801639925033,0.056840491977509844,0.0,0,0.0,724.6814757805078,ev below min (0.057)
2024-01-15,22300565.0,oklahoma city thunder,1.64,0.6361520698403722,0.04328939453821046,0.0,0,0.0,724.6814757805078,ev below min (0.043)
2024-01-16,22300566.0,philadelphia 76ers,1.73,0.5461678785242934,-0.055129570152972485,0.0,1,0.0,724.6814757805078,ev below min (-0.055)
2024-01-16,22300567.0,phoenix suns,1.51,0.5118378595828083,-0.2271248320299596,0.0,1,0.0,724.6814757805078,ev below min (-0.227)
2024-01-16,22300568.0,oklahoma city thunder,2.66,0.41486061496115534,0.10352923579667328,0.0,0,0.0,724.6814757805078,ev below min (0.104)
2024-01-17,22300569.0,minnesota timberwolves,1.1,0.8398904975810728,-0.07612045266081979,0.0,1,0.0,724.6814757805078,odds too low
2024-01-17,22300570.0,orlando magic,2.32,0.4519540494458605,0.048533394714396216,0.0,0,0.0,724.6814757805078,ev below min (0.049)
2024-01-17,22300571.0,boston celtics,1.05,0.916327079411649,-0.03785656661776848,0.0,1,0.0,724.6814757805078,odds too low
2024-01-17,22300572.0,milwaukee bucks,1.94,0.3737808987119235,-0.2748650564988685,0.0,0,0.0,724.6814757805078,prob diff too low (0.045)
2024-01-17,22300573.0,new york knicks,1.31,0.7863603971665453,0.030132120288174358,0.0,1,0.0,724.6814757805078,ev below min (0.030)
2024-01-17,22300574.0,toronto raptors,2.13,0.3978984696003123,-0.15247625975133494,0.0,1,0.0,724.6814757805078,ev below min (-0.152)
2024-01-17,22300575.0,new orleans pelicans,1.1,0.8550717093017375,-0.059421119768088726,0.0,1,0.0,724.6814757805078,odds too low
2024-02-15,22300576.0,utah jazz,2.02,0.4566357252776392,-0.07759583493916888,0.0,0,0.0,724.6814757805078,prob diff too low (0.007)
2024-01-17,22300577.0,los angeles lakers,1.59,0.5167187608413197,-0.17841717026230153,0.0,1,0.0,724.6814757805078,ev below min (-0.178)
2024-01-17,22300578.0,brooklyn nets,1.43,0.5255636509805748,-0.24844397909777804,0.0,0,0.0,724.6814757805078,ev below min (-0.248)
2024-01-18,22300579.0,new york knicks,1.12,0.8652460517282725,-0.030924422064334656,0.0,1,0.0,724.6814757805078,odds too low
2024-01-18,22300580.0,toronto raptors,1.97,0.5048617111225213,-0.005422429088632996,0.0,0,0.0,724.6814757805078,ev below min (-0.005)
2024-01-18,22300581.0,utah jazz,2.13,0.5901413407335306,0.25700105576242027,14.493629515610156,0,-14.493629515610156,710.1878462648976,bet placed
2024-01-18,22300582.0,minnesota timberwolves,1.12,0.7623283087592324,-0.14619229418965962,0.0,1,0.0,710.1878462648976,odds too low
2024-01-18,22300583.0,indiana pacers,3.35,0.40509569251327193,0.35707056991946096,0.0,1,0.0,710.1878462648976,odds too high
2024-01-19,22300584.0,san antonio spurs,2.38,0.3346013584311772,-0.2036487669337983,0.0,0,0.0,710.1878462648976,ev below min (-0.204)
2024-01-19,22300585.0,orlando magic,2.52,0.46928591915031714,0.18260051625879914,0.0,0,0.0,710.1878462648976,prob diff too low (0.028)
2024-01-19,22300586.0,denver nuggets,3.07,0.35656266929359187,0.09464739473132688,0.0,1,0.0,710.1878462648976,odds too high
2024-01-19,22300587.0,atlanta hawks,2.98,0.26212580534951424,-0.21886510005844761,0.0,1,0.0,710.1878462648976,ev below min (-0.219)
2024-01-19,22300588.0,new orleans pelicans,1.66,0.7130312254763611,0.18363183429075947,14.203756925297952,0,-14.203756925297952,695.9840893395997,bet placed
2024-04-02,22300589.0,golden state warriors,1.8,0.5995506946071609,0.07919125029288976,0.0,1,0.0,695.9840893395997,ev below min (0.079)
2024-01-19,22300590.0,indiana pacers,1.25,0.6680476779713885,-0.16494040253576436,0.0,0,0.0,695.9840893395997,ev below min (-0.165)
2024-01-19,22300591.0,los angeles lakers,1.3,0.710404057626114,-0.07647472508605169,0.0,0,0.0,695.9840893395997,ev below min (-0.076)
2024-01-20,22300592.0,detroit pistons,6.0,0.16224064592951198,-0.026556124422928096,0.0,0,0.0,695.9840893395997,odds too high
2024-01-20,22300593.0,charlotte hornets,4.82,0.17984517799741176,-0.13314624205247527,0.0,0,0.0,695.9840893395997,odds too high
2024-01-20,22300594.0,washington wizards,1.65,0.532330142855547,-0.1216552642883475,0.0,0,0.0,695.9840893395997,ev below min (-0.122)
2024-01-20,22300595.0,atlanta hawks,1.98,0.3938802767718685,-0.2201170519917004,0.0,0,0.0,695.9840893395997,prob diff too low (0.044)
2024-01-20,22300596.0,new york knicks,1.29,0.8066267902859787,0.04054855946891256,0.0,1,0.0,695.9840893395997,ev below min (0.041)
2024-01-20,22300597.0,memphis grizzlies,3.19,0.31759075876010723,0.01311452044474204,0.0,0,0.0,695.9840893395997,odds too high
2024-01-20,22300598.0,utah jazz,1.94,0.5786548162947378,0.12259034361179122,0.0,0,0.0,695.9840893395997,ev below min (0.123)
2024-01-20,22300599.0,minnesota timberwolves,1.59,0.6215832539058785,-0.011682626289653109,0.0,0,0.0,695.9840893395997,ev below min (-0.012)
2024-01-21,22300600.0,los angeles clippers,1.16,0.8160933173880763,-0.05333175182983152,0.0,1,0.0,695.9840893395997,odds too low
2024-01-21,22300601.0,orlando magic,1.79,0.5770657928805172,0.03294776925612575,0.0,1,0.0,695.9840893395997,ev below min (0.033)
2024-01-21,22300602.0,denver nuggets,1.1,0.826358763289984,-0.09100536038101747,0.0,1,0.0,695.9840893395997,odds too low
2024-01-21,22300603.0,houston rockets,5.38,0.31424101643338737,0.690616668411624,0.0,0,0.0,695.9840893395997,odds too high
2024-01-21,22300604.0,indiana pacers,2.78,0.37479965495152695,0.0419430407652448,0.0,0,0.0,695.9840893395997,ev below min (0.042)
2024-01-21,22300605.0,los angeles lakers,1.14,0.7133934108834203,-0.1867315115929009,0.0,1,0.0,695.9840893395997,odds too low
2024-01-22,22300606.0,detroit pistons,5.4,0.17422256110603426,-0.0591981700274149,0.0,0,0.0,695.9840893395997,odds too high
2024-01-22,22300607.0,orlando magic,2.06,0.46416336704066913,-0.043823463896221604,0.0,0,0.0,695.9840893395997,prob diff too low (0.029)
2024-01-22,22300608.0,philadelphia 76ers,1.09,0.904377450125942,-0.014228579362723148,0.0,1,0.0,695.9840893395997,odds too low
2024-01-22,22300609.0,memphis grizzlies,2.97,0.4240906222147184,0.25954914797771367,13.919681786791994,1,27.42177311998023,723.4058624595799,bet placed
2024-01-22,22300610.0,minnesota timberwolves,1.07,0.8834021639453398,-0.054759684578486345,0.0,0,0.0,723.4058624595799,odds too low
2024-01-22,22300611.0,boston celtics,1.66,0.6384251949756103,0.059785823659513015,0.0,1,0.0,723.4058624595799,ev below min (0.060)
2024-01-22,22300612.0,phoenix suns,1.42,0.5693560294418055,-0.19151443819263625,0.0,1,0.0,723.4058624595799,ev below min (-0.192)
2024-01-22,22300613.0,atlanta hawks,3.35,0.271733203888682,-0.08969376697291531,0.0,0,0.0,723.4058624595799,odds too high
2024-01-23,22300614.0,indiana pacers,2.46,0.4685452332180597,0.15262127371642675,14.468117249191598,0,-14.468117249191598,708.9377452103884,bet placed
2024-01-23,22300615.0,new york knicks,1.55,0.6837060947064812,0.05974444679504587,0.0,1,0.0,708.9377452103884,ev below min (0.060)
2024-01-23,22300616.0,utah jazz,2.92,0.3876675515490724,0.13198925052329136,0.0,0,0.0,708.9377452103884,ev below min (0.132)
2024-01-23,22300617.0,oklahoma city thunder,1.1,0.852690739088057,-0.06204018700313718,0.0,1,0.0,708.9377452103884,odds too low
2024-01-23,22300618.0,los angeles clippers,1.21,0.7512085849925838,-0.09103761215897366,0.0,1,0.0,708.9377452103884,odds too low
2024-01-24,22300619.0,charlotte hornets,2.05,0.47121318950831476,-0.03401296150795485,0.0,0,0.0,708.9377452103884,prob diff too low (0.016)
2024-01-24,22300620.0,minnesota timberwolves,1.17,0.8158651204466346,-0.04543780907743755,0.0,1,0.0,708.9377452103884,odds too low
2024-01-24,22300621.0,memphis grizzlies,4.48,0.32008116826119404,0.43396363381014935,0.0,1,0.0,708.9377452103884,odds too high
2024-01-24,22300622.0,oklahoma city thunder,1.23,0.8233520587919122,0.012723032314051919,0.0,1,0.0,708.9377452103884,odds too low
2024-01-24,22300623.0,portland trail blazers,4.02,0.21892989129450394,-0.11990183699609425,0.0,1,0.0,708.9377452103884,odds too high
2024-01-24,22300624.0,cleveland cavaliers,2.92,0.38988850340458236,0.13847442994138048,0.0,0,0.0,708.9377452103884,ev below min (0.138)
2024-01-24,22300625.0,dallas mavericks,2.01,0.4815159600827853,-0.03215292023360161,0.0,0,0.0,708.9377452103884,ev below min (-0.032)
2024-01-24,22300626.0,atlanta hawks,2.77,0.3330259906354888,-0.07751800593969593,0.0,0,0.0,708.9377452103884,ev below min (-0.078)
2024-01-25,22300627.0,indiana pacers,2.31,0.4294502234575668,-0.00796998381302072,0.0,1,0.0,708.9377452103884,ev below min (-0.008)
2024-01-25,22300628.0,utah jazz,1.31,0.7272583340322598,-0.047291582417739564,0.0,1,0.0,708.9377452103884,ev below min (-0.047)
2024-01-25,22300629.0,minnesota timberwolves,1.52,0.6708729754301322,0.01972692265380105,0.0,1,0.0,708.9377452103884,ev below min (0.020)
2024-01-25,22300630.0,miami heat,3.34,0.3436840772112012,0.14790481788541188,0.0,0,0.0,708.9377452103884,odds too high
2024-01-25,22300631.0,new york knicks,2.05,0.6027490096444201,0.2356354697710612,14.178754904207768,1,14.887692649418154,723.8254378598065,bet placed
2024-01-25,22300632.0,golden state warriors,1.93,0.44814809072830075,-0.1350741848943796,0.0,0,0.0,723.8254378598065,prob diff too low (0.005)
2024-01-25,22300633.0,chicago bulls,2.69,0.3800300194778184,0.02228075239533145,0.0,0,0.0,723.8254378598065,ev below min (0.022)
2024-01-26,22300634.0,dallas mavericks,1.94,0.469327216723567,-0.08950519955628011,0.0,1,0.0,723.8254378598065,prob diff too low (0.019)
2024-01-26,22300635.0,charlotte hornets,2.5,0.4070563933802063,0.01764098345051579,0.0,0,0.0,723.8254378598065,ev below min (0.018)
2024-01-26,22300636.0,indiana pacers,2.48,0.5292503901745373,0.31254096763285255,14.476508757196129,1,21.42523296065027,745.2506708204568,bet placed
2024-01-26,22300637.0,toronto raptors,3.26,0.3882339245199271,0.26564259393496226,0.0,0,0.0,745.2506708204568,odds too high
2024-01-26,22300638.0,memphis grizzlies,2.81,0.5535549042187667,0.5554892808547345,14.905013416409135,1,26.978074283700536,772.2287451041573,bet placed
2024-01-26,22300639.0,cleveland cavaliers,2.55,0.42328733230647136,0.07938269738150194,0.0,1,0.0,772.2287451041573,ev below min (0.079)
2024-01-26,22300640.0,new orleans pelicans,1.93,0.585609411648817,0.1302261644822167,0.0,0,0.0,772.2287451041573,ev below min (0.130)
2024-01-26,22300641.0,portland trail blazers,2.48,0.4920294235499403,0.22023297040385192,15.444574902083145,0,-15.444574902083145,756.7841702020742,bet placed
2024-01-27,22300642.0,washington wizards,2.2,0.4146445795031827,-0.08778192509299809,0.0,1,0.0,756.7841702020742,ev below min (-0.088)
2024-01-27,22300643.0,new york knicks,1.49,0.774341545401635,0.15376890264843612,15.135683404041483,1,7.416484867980326,764.2006550700545,bet placed
2024-01-27,22300644.0,philadelphia 76ers,3.33,0.37994092859434847,0.2652032922191805,0.0,0,0.0,764.2006550700545,odds too high
2024-01-27,22300645.0,houston rockets,2.35,0.4837018655908417,0.13669938413847804,0.0,0,0.0,764.2006550700545,ev below min (0.137)
2024-01-27,22300646.0,los angeles clippers,3.01,0.3488283775685382,0.04997341648129994,0.0,1,0.0,764.2006550700545,odds too high
2024-01-27,22300647.0,charlotte hornets,4.07,0.2529543459680988,0.029524188090162218,0.0,0,0.0,764.2006550700545,odds too high
2024-01-27,22300648.0,milwaukee bucks,1.55,0.6170325710949155,-0.043599514802880934,0.0,1,0.0,764.2006550700545,ev below min (-0.044)
2024-01-27,22300649.0,minnesota timberwolves,1.15,0.8079133176118488,-0.07089968474637398,0.0,0,0.0,764.2006550700545,odds too low
2024-01-27,22300650.0,golden state warriors,1.74,0.5908767354120232,0.028125519616920336,0.0,0,0.0,764.2006550700545,ev below min (0.028)
2024-01-27,22300651.0,dallas mavericks,2.35,0.44019133441136904,0.03444963586671723,0.0,0,0.0,764.2006550700545,ev below min (0.034)
2024-01-28,22300652.0,memphis grizzlies,3.06,0.28239958740538784,-0.13585726253951314,0.0,0,0.0,764.2006550700545,odds too high
2024-01-28,22300653.0,toronto raptors,2.7,0.37994301566156474,0.025846142286224838,0.0,0,0.0,764.2006550700545,ev below min (0.026)
2024-01-28,22300654.0,oklahoma city thunder,1.08,0.8701709499061437,-0.06021537410136468,0.0,0,0.0,764.2006550700545,odds too low
2024-01-28,22300655.0,orlando magic,1.92,0.50192704950702,-0.03630006494652149,0.0,1,0.0,764.2006550700545,prob diff too low (0.024)
2024-01-28,22300656.0,portland trail blazers,2.61,0.3532901057275596,-0.07791282405106947,0.0,0,0.0,764.2006550700545,ev below min (-0.078)
2024-01-29,22300657.0,new york knicks,1.2,0.8072228303664608,-0.03133260356024703,0.0,1,0.0,764.2006550700545,odds too low
2024-01-29,22300658.0,cleveland cavaliers,1.93,0.6390513987487757,0.23336919958513702,15.28401310140109,1,14.214132184303013,778.4147872543575,bet placed
2024-01-29,22300659.0,boston celtics,1.24,0.786666308518966,-0.024533777436482107,0.0,1,0.0,778.4147872543575,odds too low
2024-01-29,22300660.0,brooklyn nets,1.84,0.5095012122063802,-0.06251776954026034,0.0,1,0.0,778.4147872543575,prob diff too low (0.012)
2024-01-29,22300661.0,phoenix suns,2.0,0.4619202849140744,-0.07615943017185123,0.0,1,0.0,778.4147872543575,prob diff too low (0.001)
2024-01-29,22300662.0,houston rockets,1.87,0.5734352940172764,0.07232399981230708,0.0,1,0.0,778.4147872543575,ev below min (0.072)
2024-01-29,22300663.0,memphis grizzlies,4.25,0.5007625502540552,1.128240838579735,0.0,0,0.0,778.4147872543575,odds too high
2024-01-29,22300664.0,oklahoma city thunder,1.63,0.6934402230547995,0.13030756357932316,0.0,0,0.0,778.4147872543575,ev below min (0.130)
2024-01-29,22300665.0,san antonio spurs,1.54,0.5347685023899751,-0.17645650631943832,0.0,0,0.0,778.4147872543575,ev below min (-0.176)
2024-01-29,22300666.0,orlando magic,2.23,0.45267581271436624,0.009467062353036626,0.0,0,0.0,778.4147872543575,prob diff too low (0.021)
2024-01-29,22300667.0,denver nuggets,1.51,0.6023002844234279,-0.09052657052062396,0.0,1,0.0,778.4147872543575,ev below min (-0.091)
2024-01-29,22300668.0,philadelphia 76ers,1.39,0.7514721915663871,0.04454634627727794,0.0,0,0.0,778.4147872543575,ev below min (0.045)
2024-01-30,22300669.0,los angeles lakers,2.67,0.4704241586079678,0.256032503483274,0.0,0,0.0,778.4147872543575,prob diff too low (0.009)
2024-01-30,22300670.0,boston celtics,1.27,0.7453377804473127,-0.05342101883191286,0.0,1,0.0,778.4147872543575,ev below min (-0.053)
2024-01-30,22300671.0,new york knicks,1.62,0.7839051689657831,0.26992637372456874,15.56829574508715,1,9.652343361954035,788.0671306163116,bet placed
2024-01-30,22300672.0,toronto raptors,3.05,0.31569067827913794,-0.0371434312486294,0.0,1,0.0,788.0671306163116,odds too high
2024-01-30,22300673.0,philadelphia 76ers,1.91,0.5847344257665216,0.11684275321405613,0.0,0,0.0,788.0671306163116,ev below min (0.117)
2024-01-31,22300674.0,chicago bulls,1.4,0.5992590830763975,-0.1610372836930435,0.0,1,0.0,788.0671306163116,ev below min (-0.161)
2024-01-31,22300675.0,cleveland cavaliers,1.09,0.9197122084621304,0.0024863072237222283,0.0,1,0.0,788.0671306163116,odds too low
2024-01-31,22300676.0,los angeles clippers,1.19,0.8225673561045641,-0.02114484623556878,0.0,1,0.0,788.0671306163116,odds too low
2024-01-31,22300677.0,brooklyn nets,2.27,0.4441951700601299,0.008323036036494758,0.0,0,0.0,788.0671306163116,ev below min (0.008)
2024-01-31,22300678.0,sacramento kings,2.03,0.42868180077605345,-0.1297759444246116,0.0,0,0.0,788.0671306163116,prob diff too low (0.012)
2024-01-31,22300679.0,new orleans pelicans,1.91,0.552186559220764,0.05467632811165912,0.0,1,0.0,788.0671306163116,prob diff too low (0.017)
2024-01-31,22300680.0,dallas mavericks,5.97,0.17199070791296614,0.026784526240407835,0.0,0,0.0,788.0671306163116,odds too high
2024-01-31,22300681.0,orlando magic,1.37,0.706286611113902,-0.032387342773954164,0.0,1,0.0,788.0671306163116,ev below min (-0.032)
2024-01-31,22300682.0,denver nuggets,2.63,0.37063265863732564,-0.02523610778383356,0.0,0,0.0,788.0671306163116,ev below min (-0.025)
2024-01-31,22300683.0,portland trail blazers,4.3,0.29092161772310887,0.25096295620936804,0.0,1,0.0,788.0671306163116,odds too high
2024-02-01,22300684.0,los angeles lakers,7.6,0.2067889787086822,0.5715962381859847,0.0,1,0.0,788.0671306163116,odds too high
2024-02-01,22300685.0,new york knicks,1.74,0.7973343795004209,0.3873618203307323,15.761342612326233,1,11.663393533121413,799.730524149433,bet placed
2024-02-01,22300686.0,philadelphia 76ers,2.38,0.5412403746506796,0.28815209166861755,0.0,1,0.0,799.730524149433,prob diff too low (0.039)
2024-02-01,22300687.0,memphis grizzlies,3.42,0.3824077439909939,0.30783448444919914,0.0,0,0.0,799.730524149433,odds too high
2024-02-02,22300688.0,los angeles clippers,1.12,0.8559686251849534,-0.04131513979285206,0.0,1,0.0,799.730524149433,odds too low
2024-02-02,22300689.0,washington wizards,3.2,0.32470686931899223,0.03906198182077514,0.0,0,0.0,799.730524149433,odds too high
2024-02-02,22300690.0,phoenix suns,1.59,0.5789062625111372,-0.07953904260729183,0.0,0,0.0,799.730524149433,ev below min (-0.080)
2024-02-02,22300691.0,indiana pacers,2.25,0.5050242983763006,0.13630467134667623,0.0,0,0.0,799.730524149433,ev below min (0.136)
2024-02-02,22300692.0,houston rockets,1.47,0.7204168800309168,0.059012813645447526,0.0,1,0.0,799.730524149433,ev below min (0.059)
2024-02-02,22300693.0,memphis grizzlies,3.07,0.5200794546687364,0.5966439258330207,0.0,0,0.0,799.730524149433,odds too high
2024-02-02,22300694.0,minnesota timberwolves,1.32,0.7795100363390237,0.02895324796751142,0.0,0,0.0,799.730524149433,ev below min (0.029)
2024-02-02,22300695.0,oklahoma city thunder,1.05,0.909776318599038,-0.04473486547101013,0.0,1,0.0,799.730524149433,odds too low
2024-02-02,22300696.0,new orleans pelicans,1.26,0.769344122435047,-0.030626405731840722,0.0,1,0.0,799.730524149433,ev below min (-0.031)
2024-02-02,22300697.0,portland trail blazers,6.0,0.14741732998317947,-0.11549602010092319,0.0,0,0.0,799.730524149433,odds too high
2024-02-03,22300698.0,philadelphia 76ers,1.72,0.7242894159674502,0.24577779546401435,15.99461048298866,0,-15.99461048298866,783.7359136664444,bet placed
2024-02-03,22300699.0,atlanta hawks,1.67,0.5345420225137487,-0.10731482240203971,0.0,1,0.0,783.7359136664444,ev below min (-0.107)
2024-02-03,22300700.0,chicago bulls,1.77,0.47743754930160376,-0.1549355377361613,0.0,0,0.0,783.7359136664444,ev below min (-0.155)
2024-02-03,22300701.0,new york knicks,1.63,0.7755083215084966,0.26407856405884944,15.674718273328889,0,-15.674718273328889,768.0611953931156,bet placed
2024-02-03,22300702.0,dallas mavericks,2.22,0.38938467622036904,-0.13556601879078067,0.0,0,0.0,768.0611953931156,ev below min (-0.136)
2024-02-03,22300703.0,cleveland cavaliers,1.16,0.7931963594811868,-0.0798922230018233,0.0,1,0.0,768.0611953931156,odds too low
2024-02-04,22300704.0,orlando magic,1.36,0.7577945583040875,0.03060059929355896,0.0,1,0.0,768.0611953931156,ev below min (0.031)
2024-02-04,22300705.0,washington wizards,4.5,0.20481409974593082,-0.07833655114331128,0.0,0,0.0,768.0611953931156,odds too high
2024-02-04,22300706.0,memphis grizzlies,10.33,0.17480773978169195,0.8057639519448778,0.0,0,0.0,768.0611953931156,odds too high
2024-02-04,22300707.0,charlotte hornets,4.78,0.21525312662026153,0.028909945244850244,0.0,0,0.0,768.0611953931156,odds too high
2024-02-04,22300708.0,miami heat,2.54,0.36504871966640473,-0.07277625204733196,0.0,0,0.0,768.0611953931156,ev below min (-0.073)
2024-02-04,22300709.0,minnesota timberwolves,1.27,0.8192415999484177,0.04043683193449055,0.0,1,0.0,768.0611953931156,ev below min (0.040)
2024-02-04,22300710.0,oklahoma city thunder,1.25,0.8508434513943648,0.06355431424295599,0.0,1,0.0,768.0611953931156,ev below min (0.064)
2024-02-04,22300711.0,milwaukee bucks,2.01,0.5363398854510024,0.07804316975651471,0.0,0,0.0,768.0611953931156,ev below min (0.078)
2024-02-04,22300712.0,portland trail blazers,7.27,0.1510838789776441,0.09837980016747272,0.0,0,0.0,768.0611953931156,odds too high
2024-02-05,22300713.0,charlotte hornets,6.02,0.2160491652417942,0.300615974755601,0.0,0,0.0,768.0611953931156,odds too high
2024-02-05,22300714.0,cleveland cavaliers,1.47,0.7042035140082743,0.035179165592163164,0.0,1,0.0,768.0611953931156,ev below min (0.035)
2024-02-05,22300715.0,philadelphia 76ers,2.08,0.6848029754765439,0.4243901889912114,15.361223907862312,0,-15.361223907862312,752.6999714852533,bet placed
2024-02-05,22300716.0,los angeles clippers,1.51,0.62127979432537,-0.06186751056869133,0.0,1,0.0,752.6999714852533,ev below min (-0.062)
2024-02-05,22300717.0,brooklyn nets,1.85,0.6310876704437413,0.16751219032092135,15.053999429705065,0,-15.053999429705065,737.6459720555482,bet placed
2024-02-05,22300718.0,toronto raptors,4.52,0.2507940407324636,0.13358906411073534,0.0,0,0.0,737.6459720555482,odds too high
2024-02-06,22300719.0,houston rockets,3.28,0.35551548716634324,0.16609079790560566,0.0,0,0.0,737.6459720555482,odds too high
2024-02-06,22300720.0,brooklyn nets,2.17,0.5683983037000861,0.23342431902918692,14.752919441110965,0,-14.752919441110965,722.8930526144372,bet placed
2024-02-06,22300721.0,orlando magic,2.24,0.4263715239726803,-0.04492778630119609,0.0,0,0.0,722.8930526144372,ev below min (-0.045)
2024-02-06,22300722.0,memphis grizzlies,6.5,0.18219113476834167,0.18424237599422089,0.0,0,0.0,722.8930526144372,odds too high
2024-02-06,22300723.0,chicago bulls,2.52,0.39893383789329345,0.005313271491099503,0.0,1,0.0,722.8930526144372,ev below min (0.005)
2024-02-06,22300724.0,utah jazz,2.19,0.43741595880286716,-0.04205905022172096,0.0,1,0.0,722.8930526144372,ev below min (-0.042)
2024-02-06,22300725.0,milwaukee bucks,2.69,0.4321573605336268,0.16250329983545608,14.457861052288745,0,-14.457861052288745,708.4351915621485,bet placed
2024-02-07,22300726.0,charlotte hornets,2.97,0.3922033289286917,0.1648438869182145,14.16870383124297,0,-14.16870383124297,694.2664877309055,bet placed
2024-02-07,22300727.0,philadelphia 76ers,2.17,0.6810279507889968,0.47783065321212304,13.88532975461811,0,-13.88532975461811,680.3811579762875,bet placed
2024-02-07,22300728.0,cleveland cavaliers,1.12,0.8040538140398179,-0.09945972827540384,0.0,1,0.0,680.3811579762875,odds too low
2024-02-07,22300729.0,atlanta hawks,5.17,0.2130531375222227,0.10148472098989147,0.0,0,0.0,680.3811579762875,odds too high
2024-02-07,22300730.0,miami heat,1.26,0.8269967170721982,0.04201586351096975,0.0,1,0.0,680.3811579762875,ev below min (0.042)
2024-02-07,22300731.0,los angeles clippers,1.43,0.7382900291427363,0.05575474167411287,0.0,0,0.0,680.3811579762875,ev below min (0.056)
2024-02-07,22300732.0,sacramento kings,1.09,0.8296079734408796,-0.09572730894944126,0.0,0,0.0,680.3811579762875,odds too low
2024-02-08,22300733.0,golden state warriors,2.66,0.36672020955676665,-0.024524242579000655,0.0,1,0.0,680.3811579762875,ev below min (-0.025)
2024-02-08,22300734.0,orlando magic,1.17,0.8152338620446689,-0.0461763814077375,0.0,1,0.0,680.3811579762875,odds too low
2024-02-08,22300735.0,brooklyn nets,3.08,0.371855786082768,0.14531582113492547,0.0,0,0.0,680.3811579762875,odds too high
2024-02-08,22300736.0,new york knicks,2.73,0.7959541424764595,1.1729548089607342,13.60762315952575,0,-13.60762315952575,666.7735348167618,bet placed
2024-02-08,22300737.0,memphis grizzlies,2.55,0.4819907191180716,0.2290763337510826,13.335470696335236,0,-13.335470696335236,653.4380641204265,bet placed
2024-02-08,22300739.0,phoenix suns,1.42,0.6702006122100883,-0.0483151306616747,0.0,1,0.0,653.4380641204265,ev below min (-0.048)
2024-02-08,22300740.0,denver nuggets,1.59,0.5487876632095793,-0.12742761549676895,0.0,1,0.0,653.4380641204265,ev below min (-0.127)
2024-02-08,22300741.0,portland trail blazers,1.49,0.6956392889584552,0.036502540548098095,0.0,0,0.0,653.4380641204265,ev below min (0.037)
2024-02-09,22300742.0,philadelphia 76ers,2.23,0.648729779026569,0.4466674072292489,13.06876128240853,0,-13.06876128240853,640.3693028380179,bet placed
2024-02-09,22300743.0,boston celtics,1.03,0.9139466384607766,-0.05863496238540011,0.0,1,0.0,640.3693028380179,odds too low
2024-02-09,22300744.0,houston rockets,2.06,0.5051325402342941,0.04057303288264591,0.0,0,0.0,640.3693028380179,ev below min (0.041)
2024-02-09,22300745.0,charlotte hornets,7.82,0.12359507080370155,-0.03348654631505388,0.0,0,0.0,640.3693028380179,odds too high
2024-02-09,22300746.0,denver nuggets,2.11,0.5203558409655404,0.0979508244372902,0.0,0,0.0,640.3693028380179,ev below min (0.098)
2024-02-09,22300747.0,los angeles lakers,2.03,0.4843469589870623,-0.016775673256263612,0.0,1,0.0,640.3693028380179,prob diff too low (0.038)
2024-02-10,22300748.0,oklahoma city thunder,1.76,0.5804835840331266,0.021651107898302824,0.0,0,0.0,640.3693028380179,ev below min (0.022)
2024-02-10,22300749.0,los angeles clippers,1.04,0.89256936495434,-0.07172786044748636,0.0,1,0.0,640.3693028380179,odds too low
2024-02-10,22300750.0,brooklyn nets,1.4,0.7654833529572032,0.07167669414008437,0.0,1,0.0,640.3693028380179,ev below min (0.072)
2024-02-10,22300751.0,charlotte hornets,2.49,0.33592796302828404,-0.1635393720595727,0.0,1,0.0,640.3693028380179,ev below min (-0.164)
2024-02-10,22300752.0,chicago bulls,2.53,0.3727642220655199,-0.056906518174234755,0.0,0,0.0,640.3693028380179,ev below min (-0.057)
2024-02-10,22300753.0,philadelphia 76ers,1.4,0.6448231470705901,-0.097247594101174,0.0,1,0.0,640.3693028380179,ev below min (-0.097)
2024-02-10,22300754.0,houston rockets,3.01,0.4189263680828775,0.2609683679294612,0.0,0,0.0,640.3693028380179,odds too high
2024-02-10,22300755.0,new york knicks,2.18,0.7637140497793797,0.6648966285190478,12.80738605676036,0,-12.80738605676036,627.5619167812575,bet placed
2024-02-10,22300756.0,toronto raptors,3.57,0.2956282600560825,0.05539288840021439,0.0,0,0.0,627.5619167812575,odds too high
2024-02-10,22300757.0,golden state warriors,1.92,0.5432727979514148,0.04308377206671632,0.0,1,0.0,627.5619167812575,ev below min (0.043)
2024-02-10,22300758.0,portland trail blazers,3.45,0.3467647030922725,0.19633822566834014,0.0,0,0.0,627.5619167812575,odds too high
2024-02-11,22300759.0,miami heat,3.02,0.34780597037748284,0.05037403053999823,0.0,0,0.0,627.5619167812575,odds too high
2024-02-11,22300760.0,oklahoma city thunder,1.56,0.6920767801626487,0.07963977705373204,0.0,1,0.0,627.5619167812575,ev below min (0.080)
2024-02-12,22300761.0,charlotte hornets,4.35,0.22570185505027196,-0.0181969305313171,0.0,1,0.0,627.5619167812575,odds too high
2024-02-12,22300762.0,philadelphia 76ers,5.02,0.2171960374023554,0.09032410775982402,0.0,1,0.0,627.5619167812575,odds too high
2024-02-12,22300763.0,atlanta hawks,1.47,0.580331290545891,-0.14691300289754017,0.0,0,0.0,627.5619167812575,ev below min (-0.147)
2024-02-12,22300764.0,toronto raptors,1.39,0.716983696737645,-0.0033926615346735467,0.0,0,0.0,627.5619167812575,ev below min (-0.003)
2024-02-12,22300765.0,new york knicks,1.83,0.6601720379240736,0.20811482940105486,12.55123833562515,0,-12.55123833562515,615.0106784456324,bet placed
2024-02-12,22300766.0,memphis grizzlies,4.0,0.3569487688237227,0.4277950752948907,0.0,0,0.0,615.0106784456324,odds too high
2024-02-12,22300767.0,milwaukee bucks,1.79,0.5867853433702396,0.05034576463272877,0.0,1,0.0,615.0106784456324,ev below min (0.050)
2024-02-12,22300768.0,dallas mavericks,1.11,0.8297233589129724,-0.07900707160660048,0.0,1,0.0,615.0106784456324,odds too low
2024-02-12,22300769.0,utah jazz,1.87,0.540914368978674,0.01150986999012038,0.0,0,0.0,615.0106784456324,ev below min (0.012)
2024-02-12,22300770.0,minnesota timberwolves,2.48,0.4072879770269712,0.010074183026888672,0.0,1,0.0,615.0106784456324,ev below min (0.010)
2024-02-13,22300771.0,brooklyn nets,3.33,0.28230571213814865,-0.05992197857996495,0.0,0,0.0,615.0106784456324,odds too high
2024-02-13,22300772.0,orlando magic,2.08,0.5001142377131333,0.040237614443317415,0.0,0,0.0,615.0106784456324,prob diff too low (0.010)
2024-02-13,22300773.0,milwaukee bucks,1.3,0.7182984413306556,-0.06621202627014777,0.0,0,0.0,615.0106784456324,ev below min (-0.066)
2024-02-13,22300774.0,phoenix suns,1.46,0.6437565108925097,-0.06011549409693584,0.0,1,0.0,615.0106784456324,ev below min (-0.060)
2024-02-13,22300775.0,minnesota timberwolves,1.22,0.796303753365564,-0.028509420894011872,0.0,1,0.0,615.0106784456324,odds too low
2024-02-13,22300776.0,los angeles lakers,1.11,0.849967888338095,-0.05653564394471444,0.0,1,0.0,615.0106784456324,odds too low
2024-02-14,22300777.0,atlanta hawks,1.34,0.6500994595652019,-0.12886672418262946,0.0,0,0.0,615.0106784456324,ev below min (-0.129)
2024-02-14,22300778.0,new york knicks,2.2,0.5763513359685722,0.26797293913085896,12.300213568912648,0,-12.300213568912648,602.7104648767197,bet placed
2024-02-14,22300779.0,philadelphia 76ers,1.64,0.5616397584009408,-0.07891079622245711,0.0,0,0.0,602.7104648767197,ev below min (-0.079)
2024-02-14,22300780.0,boston celtics,1.12,0.8084645988003214,-0.09451964934363999,0.0,1,0.0,602.7104648767197,odds too low
2024-02-14,22300781.0,chicago bulls,3.85,0.24588502971361503,-0.05334263560258212,0.0,0,0.0,602.7104648767197,odds too high
2024-02-14,22300782.0,indiana pacers,1.61,0.59274289358628,-0.04568394132608922,0.0,1,0.0,602.7104648767197,ev below min (-0.046)
2024-02-14,22300783.0,memphis grizzlies,1.99,0.5292929992470443,0.05329306850161819,0.0,1,0.0,602.7104648767197,ev below min (0.053)
2024-02-14,22300784.0,new orleans pelicans,1.07,0.8932211460122356,-0.044253373766907855,0.0,1,0.0,602.7104648767197,odds too low
2024-02-14,22300785.0,dallas mavericks,1.13,0.848225952597562,-0.04150467356475507,0.0,1,0.0,602.7104648767197,odds too low
2024-02-14,22300786.0,denver nuggets,1.44,0.719322236117298,0.03582402000890905,0.0,0,0.0,602.7104648767197,ev below min (0.036)
2024-02-14,22300787.0,phoenix suns,1.08,0.8682232386596679,-0.06231890224755865,0.0,1,0.0,602.7104648767197,odds too low
2024-02-14,22300788.0,los angeles lakers,2.42,0.40614594968040896,-0.017126801773410305,0.0,1,0.0,602.7104648767197,ev below min (-0.017)
2024-02-14,22300789.0,los angeles clippers,2.13,0.5190271167776856,0.10552775873647047,0.0,1,0.0,602.7104648767197,ev below min (0.106)
2024-02-15,22300790.0,memphis grizzlies,6.1,0.3811545337639254,1.3250426559599449,0.0,1,0.0,602.7104648767197,odds too high
2024-02-15,22300791.0,portland trail blazers,4.22,0.2386512012479802,0.007108069266476447,0.0,0,0.0,602.7104648767197,odds too high
2024-02-22,22300792.0,cleveland cavaliers,1.41,0.7688365904905905,0.08405959259173246,0.0,0,0.0,602.7104648767197,ev below min (0.084)
2024-02-22,22300793.0,indiana pacers,1.11,0.8355712108041835,-0.07251595600735627,0.0,1,0.0,602.7104648767197,odds too low
2024-02-22,22300794.0,new york knicks,1.91,0.5075000288871403,-0.0306749448255621,0.0,1,0.0,602.7104648767197,prob diff too low (0.045)
2024-02-22,22300795.0,toronto raptors,1.78,0.5289338720179555,-0.0584977078080392,0.0,1,0.0,602.7104648767197,ev below min (-0.058)
2024-02-22,22300796.0,dallas mavericks,1.65,0.5589099743034185,-0.07779854239935957,0.0,1,0.0,602.7104648767197,ev below min (-0.078)
2024-02-22,22300797.0,chicago bulls,3.48,0.3623830876604212,0.26109314505826586,0.0,0,0.0,602.7104648767197,odds too high
2024-02-22,22300798.0,new orleans pelicans,1.35,0.7581708284415404,0.023530618396079506,0.0,1,0.0,602.7104648767197,ev below min (0.024)
2024-02-22,22300799.0,oklahoma city thunder,1.77,0.5860390530344521,0.03728912387098027,0.0,1,0.0,602.7104648767197,ev below min (0.037)
2024-02-22,22300800.0,denver nuggets,1.06,0.8924991261393392,-0.05395092629230036,0.0,1,0.0,602.7104648767197,odds too low
2024-02-22,22300801.0,utah jazz,1.19,0.6880363909908616,-0.18123669472087478,0.0,0,0.0,602.7104648767197,odds too low
2024-02-22,22300802.0,golden state warriors,1.41,0.6491409739343835,-0.0847112267525193,0.0,1,0.0,602.7104648767197,ev below min (-0.085)
2024-02-22,22300803.0,sacramento kings,1.17,0.8366975130677972,-0.021063909710677398,0.0,1,0.0,602.7104648767197,odds too low
2024-02-23,22300804.0,toronto raptors,3.06,0.2966820014582537,-0.09215307553774366,0.0,1,0.0,602.7104648767197,odds too high
2024-02-23,22300805.0,cleveland cavaliers,1.67,0.6007399286461994,0.0032356808391529324,0.0,0,0.0,602.7104648767197,ev below min (0.003)
2024-02-23,22300806.0,phoenix suns,1.6,0.5935059363024922,-0.050390501916012465,0.0,0,0.0,602.7104648767197,ev below min (-0.050)
2024-02-23,22300807.0,memphis grizzlies,3.63,0.3348352792667757,0.21545206373839565,0.0,0,0.0,602.7104648767197,odds too high
2024-02-23,22300808.0,minnesota timberwolves,1.47,0.7752369550782705,0.13959832396505756,0.0,0,0.0,602.7104648767197,ev below min (0.140)
2024-02-23,22300809.0,oklahoma city thunder,1.03,0.9023478178835307,-0.07058174757996338,0.0,1,0.0,602.7104648767197,odds too low
2024-02-23,22300810.0,new orleans pelicans,1.67,0.6695067377461229,0.11807625203602523,0.0,0,0.0,602.7104648767197,ev below min (0.118)
2024-02-23,22300811.0,golden state warriors,1.11,0.8096433162992671,-0.10129591890781342,0.0,1,0.0,602.7104648767197,odds too low
2024-02-23,22300812.0,denver nuggets,1.24,0.7161659500739144,-0.11195422190834614,0.0,1,0.0,602.7104648767197,odds too low
2024-02-23,22300813.0,los angeles lakers,1.15,0.8481212671208664,-0.024660542811003716,0.0,1,0.0,602.7104648767197,odds too low
2024-02-24,22300814.0,orlando magic,1.26,0.7747511204003525,-0.0238135882955558,0.0,1,0.0,602.7104648767197,ev below min (-0.024)
2024-02-24,22300815.0,minnesota timberwolves,1.26,0.8527391509052579,0.07445133014062488,0.0,1,0.0,602.7104648767197,ev below min (0.074)
2024-02-24,22300816.0,new york knicks,2.75,0.5614760854944909,0.5440592351098501,0.0,0,0.0,602.7104648767197,prob diff too low (0.023)
2024-02-25,22300817.0,philadelphia 76ers,2.47,0.5069651655887362,0.25220395900417847,12.054209297534394,0,-12.054209297534394,590.6562555791853,bet placed
2024-02-25,22300818.0,phoenix suns,1.57,0.6484212695728623,0.01802139322939378,0.0,1,0.0,590.6562555791853,ev below min (0.018)
2024-02-25,22300819.0,indiana pacers,1.96,0.512305446218336,0.0041186745879384645,0.0,1,0.0,590.6562555791853,ev below min (0.004)
2024-02-25,22300820.0,washington wizards,5.97,0.17191350788249293,0.0263236420584827,0.0,0,0.0,590.6562555791853,odds too high
2024-02-25,22300821.0,orlando magic,1.94,0.48912703422679366,-0.051093553600020325,0.0,0,0.0,590.6562555791853,prob diff too low (0.032)
2024-02-25,22300822.0,oklahoma city thunder,1.36,0.7325836981692335,-0.003686170489842322,0.0,1,0.0,590.6562555791853,ev below min (-0.004)
2024-02-25,22300823.0,new orleans pelicans,1.44,0.7313645996320185,0.053165023470106654,0.0,0,0.0,590.6562555791853,ev below min (0.053)
2024-02-25,22300824.0,golden state warriors,1.72,0.5393568849279397,-0.07230615792394379,0.0,0,0.0,590.6562555791853,ev below min (-0.072)
2024-02-25,22300825.0,utah jazz,1.32,0.7831006991794323,0.033692922916850554,0.0,1,0.0,590.6562555791853,ev below min (0.034)
2024-02-25,22300826.0,charlotte hornets,2.27,0.4067864738851066,-0.07659470428080806,0.0,1,0.0,590.6562555791853,ev below min (-0.077)
2024-02-25,22300827.0,los angeles clippers,1.51,0.6644240375621359,0.0032802967188252374,0.0,0,0.0,590.6562555791853,ev below min (0.003)
2024-02-26,22300828.0,new york knicks,1.13,0.891995874648499,0.007955338352803931,0.0,1,0.0,590.6562555791853,odds too low
2024-02-26,22300829.0,indiana pacers,1.39,0.7127876299011929,-0.009225194437341933,0.0,0,0.0,590.6562555791853,ev below min (-0.009)
2024-02-26,22300830.0,memphis grizzlies,1.98,0.630308709459798,0.24801124473039993,11.813125111583707,0,-11.813125111583707,578.8431304676016,bet placed
2024-02-26,22300831.0,miami heat,2.99,0.3469195166911484,0.037289354906533845,0.0,1,0.0,578.8431304676016,ev below min (0.037)
2024-02-27,22300832.0,cleveland cavaliers,1.51,0.7195849880359684,0.08657333193431227,0.0,1,0.0,578.8431304676016,ev below min (0.087)
2024-02-27,22300833.0,orlando magic,1.33,0.7590427339903993,0.00952683620723116,0.0,1,0.0,578.8431304676016,ev below min (0.010)
2024-02-27,22300834.0,washington wizards,4.55,0.23336578388697657,0.06181431668574344,0.0,0,0.0,578.8431304676016,odds too high
2024-02-27,22300835.0,atlanta hawks,1.71,0.545355583648872,-0.06744195196042879,0.0,1,0.0,578.8431304676016,ev below min (-0.067)
2024-02-27,22300836.0,boston celtics,1.13,0.8635636205664308,-0.02417310875993328,0.0,1,0.0,578.8431304676016,odds too low
2024-02-27,22300837.0,new york knicks,2.79,0.64003068730956,0.7856856175936726,11.576862609352032,0,-11.576862609352032,567.2662678582495,bet placed
2024-02-27,22300838.0,minnesota timberwolves,1.09,0.930595413431279,0.014349000640094145,0.0,1,0.0,567.2662678582495,odds too low
2024-02-27,22300839.0,chicago bulls,1.15,0.8357585362967418,-0.038877683258746965,0.0,0,0.0,567.2662678582495,odds too low
2024-02-27,22300840.0,charlotte hornets,6.13,0.18179729200739692,0.11441740000534306,0.0,0,0.0,567.2662678582495,odds too high
2024-02-27,22300841.0,oklahoma city thunder,1.16,0.8649062838225478,0.003291289234155226,0.0,1,0.0,567.2662678582495,odds too low
2024-02-27,22300842.0,miami heat,1.3,0.6962818828247633,-0.09483355232780766,0.0,1,0.0,567.2662678582495,ev below min (-0.095)
2024-02-28,22300843.0,new orleans pelicans,2.23,0.5366349621896875,0.19669596568300318,0.0,0,0.0,567.2662678582495,prob diff too low (0.035)
2024-02-28,22300844.0,toronto raptors,2.19,0.3789129676985373,-0.17018060074020336,0.0,0,0.0,567.2662678582495,ev below min (-0.170)
2024-02-28,22300845.0,memphis grizzlies,5.73,0.17410557259714085,-0.0023750690183828027,0.0,0,0.0,567.2662678582495,odds too high
2024-02-28,22300846.0,chicago bulls,2.54,0.38810311756833876,-0.014218081376419556,0.0,1,0.0,567.2662678582495,ev below min (-0.014)
2024-02-28,22300847.0,denver nuggets,1.22,0.7170916568378444,-0.1251481786578299,0.0,1,0.0,567.2662678582495,odds too low
2024-02-28,22300848.0,los angeles clippers,1.7,0.6766154454429218,0.15024625725296703,11.345325357164992,0,-11.345325357164992,555.9209425010846,bet placed
2024-02-29,22300849.0,charlotte hornets,4.92,0.30105960498659745,0.48121325653405944,0.0,0,0.0,555.9209425010846,odds too high
2024-02-29,22300850.0,orlando magic,1.32,0.7211550855831395,-0.048075287030255875,0.0,1,0.0,555.9209425010846,ev below min (-0.048)
2024-02-29,22300851.0,atlanta hawks,1.85,0.5568284054593091,0.030132550099721822,0.0,0,0.0,555.9209425010846,ev below min (0.030)
2024-02-29,22300852.0,new york knicks,2.22,0.6182192775003595,0.3724467960507982,11.118418850021692,0,-11.118418850021692,544.8025236510629,bet placed
2024-02-29,22300853.0,oklahoma city thunder,1.16,0.8742673666862161,0.014150145356010668,0.0,0,0.0,544.8025236510629,odds too low
2024-02-29,22300854.0,phoenix suns,1.22,0.7830732911841458,-0.044650584755342115,0.0,1,0.0,544.8025236510629,odds too low
2024-02-29,22300855.0,denver nuggets,1.35,0.6762620948518531,-0.08704617194999831,0.0,1,0.0,544.8025236510629,ev below min (-0.087)
2024-02-29,22300856.0,los angeles lakers,1.16,0.88029192065092,0.021138627955067157,0.0,1,0.0,544.8025236510629,odds too low
2024-03-01,22300857.0,cleveland cavaliers,1.32,0.8403173908504163,0.1092189559225496,0.0,1,0.0,544.8025236510629,ev below min (0.109)
2024-03-01,22300858.0,charlotte hornets,5.22,0.2051667302014472,0.07097033165155442,0.0,0,0.0,544.8025236510629,odds too high
2024-03-01,22300859.0,boston celtics,1.22,0.8268003223975532,0.008696393325014817,0.0,1,0.0,544.8025236510629,odds too low
2024-03-01,22300860.0,golden state warriors,1.61,0.606339451413199,-0.0237934832247495,0.0,1,0.0,544.8025236510629,ev below min (-0.024)
2024-03-01,22300861.0,memphis grizzlies,1.77,0.6796774226820782,0.20302903814727835,10.896050473021258,0,-10.896050473021258,533.9064731780417,bet placed
2024-03-01,22300863.0,new orleans pelicans,1.43,0.7038797921074246,0.0065481027136171654,0.0,1,0.0,533.9064731780417,ev below min (0.007)
2024-03-01,22300864.0,chicago bulls,2.24,0.4984601289702787,0.11655068889342446,0.0,0,0.0,533.9064731780417,ev below min (0.117)
2024-03-01,22300865.0,los angeles clippers,1.06,0.8763254850627363,-0.07109498583349949,0.0,1,0.0,533.9064731780417,odds too low
2024-03-02,22300866.0,brooklyn nets,1.86,0.5373886072872798,-0.00045719044565961653,0.0,1,0.0,533.9064731780417,ev below min (-0.000)
2024-03-02,22300867.0,utah jazz,3.8,0.2690069145786182,0.022226275398748996,0.0,0,0.0,533.9064731780417,odds too high
2024-03-02,22300868.0,memphis grizzlies,1.64,0.6238268365066988,0.023076011870985846,0.0,0,0.0,533.9064731780417,ev below min (0.023)
2024-03-02,22300869.0,denver nuggets,1.76,0.5406922779590613,-0.048381590792052176,0.0,1,0.0,533.9064731780417,ev below min (-0.048)
2024-03-02,22300870.0,phoenix suns,1.21,0.7496084196052122,-0.0929738122776933,0.0,0,0.0,533.9064731780417,odds too low
2024-03-03,22300871.0,philadelphia 76ers,3.27,0.31282760803871695,0.022946278286604338,0.0,1,0.0,533.9064731780417,odds too high
2024-03-03,22300872.0,boston celtics,1.24,0.8417701193517259,0.04379494799614014,0.0,1,0.0,533.9064731780417,odds too low
2024-03-03,22300873.0,minnesota timberwolves,1.65,0.6150710858341699,0.014867291626380341,0.0,0,0.0,533.9064731780417,ev below min (0.015)
2024-03-03,22300874.0,orlando magic,1.14,0.889598771640176,0.014142599669800582,0.0,1,0.0,533.9064731780417,odds too low
2024-03-03,22300875.0,charlotte hornets,3.08,0.2873278557029187,-0.11503020443501044,0.0,0,0.0,533.9064731780417,odds too high
2024-03-03,22300876.0,cleveland cavaliers,1.5,0.7223892165290253,0.08358382479353788,0.0,0,0.0,533.9064731780417,ev below min (0.084)
2024-03-03,22300877.0,indiana pacers,1.35,0.6694542583347601,-0.09623675124807374,0.0,0,0.0,533.9064731780417,ev below min (-0.096)
2024-03-03,22300878.0,phoenix suns,2.36,0.48694542402603563,0.14919120070144398,0.0,0,0.0,533.9064731780417,prob diff too low (0.017)
2024-03-04,22300879.0,memphis grizzlies,3.82,0.3322266288400467,0.2691057221689783,0.0,1,0.0,533.9064731780417,odds too high
2024-03-04,22300880.0,milwaukee bucks,2.05,0.7044398569013947,0.444101706647859,10.678129463560834,1,11.212035936738873,545.1185091147805,bet placed
2024-03-04,22300881.0,minnesota timberwolves,1.05,0.8791758245885772,-0.07686538418199385,0.0,1,0.0,545.1185091147805,odds too low
2024-03-04,22300882.0,utah jazz,1.43,0.7923452837332011,0.13305375573847766,0.0,1,0.0,545.1185091147805,ev below min (0.133)
2024-03-04,22300883.0,chicago bulls,2.75,0.30015639196689575,-0.17456992209103672,0.0,1,0.0,545.1185091147805,ev below min (-0.175)
2024-03-04,22300884.0,oklahoma city thunder,1.73,0.551092365408661,-0.046610207843016394,0.0,0,0.0,545.1185091147805,ev below min (-0.047)
2024-03-05,22300885.0,charlotte hornets,3.43,0.2786113797087512,-0.04436296759898328,0.0,0,0.0,545.1185091147805,odds too high
2024-03-05,22300886.0,cleveland cavaliers,3.6,0.5809010113626601,1.0912436409055766,0.0,1,0.0,545.1185091147805,prob diff too low (0.048)
2024-03-05,22300887.0,brooklyn nets,1.77,0.533124750618528,-0.056369191405205354,0.0,1,0.0,545.1185091147805,ev below min (-0.056)
2024-03-05,22300888.0,miami heat,1.13,0.8685043076317728,-0.018590132376096857,0.0,1,0.0,545.1185091147805,odds too low
2024-03-05,22300889.0,new york knicks,1.7,0.7054954345972206,0.19934223881527502,10.902370182295611,0,-10.902370182295611,534.2161389324849,bet placed
2024-03-05,22300890.0,toronto raptors,3.76,0.36809992911644823,0.3840557334778454,0.0,0,0.0,534.2161389324849,odds too high
2024-03-05,22300891.0,houston rockets,1.31,0.7672355482089732,0.005078568153754848,0.0,1,0.0,534.2161389324849,ev below min (0.005)
2024-03-05,22300892.0,dallas mavericks,1.39,0.6120348208914009,-0.14927159896095277,0.0,0,0.0,534.2161389324849,ev below min (-0.149)
2024-03-05,22300893.0,phoenix suns,3.54,0.2647105420772458,-0.0629246810465498,0.0,1,0.0,534.2161389324849,odds too high
2024-03-06,22300894.0,orlando magic,1.33,0.7993944946577318,0.06319467789478339,0.0,1,0.0,534.2161389324849,ev below min (0.063)
2024-03-06,22300895.0,cleveland cavaliers,2.1,0.5865167055031376,0.23168508155658896,10.6843227786497,0,-10.6843227786497,523.5318161538352,bet placed
2024-03-06,22300896.0,philadelphia 76ers,1.5,0.6918444720171224,0.037766708025683604,0.0,0,0.0,523.5318161538352,ev below min (0.038)
2024-03-06,22300897.0,houston rockets,2.84,0.35005933064716704,-0.005831500962045655,0.0,0,0.0,523.5318161538352,ev below min (-0.006)
2024-03-06,22300898.0,utah jazz,2.28,0.5429580281800643,0.23794430425054647,10.470636323076704,0,-10.470636323076704,513.0611798307584,bet placed
2024-03-06,22300899.0,milwaukee bucks,2.07,0.5404101096337192,0.11864892694179852,0.0,0,0.0,513.0611798307584,prob diff too low (0.002)
2024-03-06,22300900.0,portland trail blazers,5.57,0.2463469388655912,0.3721524494813431,0.0,0,0.0,513.0611798307584,odds too high
2024-03-06,22300901.0,los angeles lakers,1.62,0.5864070045779501,-0.05002065258372068,0.0,0,0.0,513.0611798307584,ev below min (-0.050)
2024-03-07,22300902.0,brooklyn nets,1.65,0.6567910704433743,0.08370526623156738,0.0,0,0.0,513.0611798307584,ev below min (0.084)
2024-03-07,22300903.0,minnesota timberwolves,1.88,0.570571725631068,0.0726748441864078,0.0,1,0.0,513.0611798307584,ev below min (0.073)
2024-03-07,22300904.0,miami heat,2.38,0.4600371206522425,0.09488834715233718,0.0,0,0.0,513.0611798307584,ev below min (0.095)
2024-03-07,22300905.0,phoenix suns,1.14,0.7766833056912237,-0.11458103151200505,0.0,1,0.0,513.0611798307584,odds too low
2024-03-07,22300906.0,boston celtics,1.69,0.6687346374126156,0.13016153722732038,0.0,0,0.0,513.0611798307584,ev below min (0.130)
2024-03-07,22300907.0,chicago bulls,3.42,0.2595498177605536,-0.11233962325890678,0.0,1,0.0,513.0611798307584,odds too high
2024-03-07,22300908.0,sacramento kings,1.13,0.8446389699017687,-0.04555796401100154,0.0,1,0.0,513.0611798307584,odds too low
2024-03-08,22300909.0,philadelphia 76ers,3.25,0.48467807397272417,0.5752037404113535,0.0,0,0.0,513.0611798307584,odds too high
2024-03-08,22300910.0,charlotte hornets,2.08,0.46102099288091825,-0.04107633480769002,0.0,0,0.0,513.0611798307584,ev below min (-0.041)
2024-03-08,22300911.0,cleveland cavaliers,1.73,0.6770770175779111,0.1713432404097861,10.261223596615169,1,7.490693225529073,520.5518730562875,bet placed
2024-03-08,22300912.0,new york knicks,1.66,0.6334716849615658,0.051562997036199265,0.0,1,0.0,520.5518730562875,ev below min (0.052)
2024-03-08,22300913.0,memphis grizzlies,2.13,0.4277113742725214,-0.08897477279952937,0.0,0,0.0,520.5518730562875,ev below min (-0.089)
2024-03-08,22300914.0,miami heat,3.48,0.32818997935204386,0.14210112814511255,0.0,0,0.0,520.5518730562875,odds too high
2024-03-08,22300915.0,los angeles lakers,2.29,0.560286825665735,0.28305683077453314,0.0,1,0.0,520.5518730562875,prob diff too low (0.038)
2024-03-08,22300916.0,portland trail blazers,2.92,0.4314469703962794,0.25982515355713587,10.41103746112575,0,-10.41103746112575,510.1408355951617,bet placed
2024-03-09,22300917.0,los angeles clippers,1.25,0.7092353340637519,-0.1134558324203101,0.0,1,0.0,510.1408355951617,ev below min (-0.113)
2024-03-09,22300918.0,charlotte hornets,2.73,0.4260534644085481,0.16312595783533634,10.202816711903235,1,17.650872911592597,527.7917085067543,bet placed
2024-03-09,22300919.0,detroit pistons,3.57,0.256104088765992,-0.08570840310540861,0.0,0,0.0,527.7917085067543,odds too high
2024-03-09,22300920.0,phoenix suns,2.61,0.44215448422194625,0.1540232038192797,10.555834170135086,0,-10.555834170135086,517.2358743366192,bet placed
2024-03-09,22300921.0,golden state warriors,1.11,0.8668129012173483,-0.037837679648743294,0.0,0,0.0,517.2358743366192,odds too low
2024-03-09,22300922.0,denver nuggets,1.1,0.8387903973605805,-0.07733056290336138,0.0,1,0.0,517.2358743366192,odds too low
2024-03-09,22300923.0,portland trail blazers,2.07,0.4579079611934404,-0.052130520329578434,0.0,1,0.0,517.2358743366192,prob diff too low (0.008)
2024-03-10,22300924.0,los angeles clippers,2.89,0.6737724571829098,0.9472024012586093,10.344717486732383,0,-10.344717486732383,506.8911568498868,bet placed
2024-03-10,22300925.0,atlanta hawks,2.75,0.42325168518455475,0.16394213425752557,10.137823136997737,0,-10.137823136997737,496.75333371288906,bet placed
2024-03-10,22300926.0,miami heat,1.12,0.8418094651109511,-0.05717339907573471,0.0,0,0.0,496.75333371288906,odds too low
2024-03-10,22300927.0,new york knicks,1.3,0.7326550487361048,-0.04754843664306374,0.0,0,0.0,496.75333371288906,ev below min (-0.048)
2024-03-10,22300928.0,orlando magic,1.89,0.6840744943823606,0.29290079438266137,9.935066674257781,0,-9.935066674257781,486.8182670386313,bet placed
2024-03-10,22300929.0,sacramento kings,1.31,0.7282801411719695,-0.04595301506471994,0.0,0,0.0,486.8182670386313,ev below min (-0.046)
2024-03-10,22300930.0,cleveland cavaliers,1.31,0.8314301188589195,0.08917345570518465,0.0,0,0.0,486.8182670386313,ev below min (0.089)
2024-03-10,22300931.0,memphis grizzlies,6.87,0.2027896877228108,0.3931651546557102,0.0,0,0.0,486.8182670386313,odds too high
2024-03-10,22300932.0,minnesota timberwolves,2.5,0.4806654852642676,0.2016637131606691,0.0,0,0.0,486.8182670386313,prob diff too low (0.028)
2024-03-11,22300933.0,charlotte hornets,2.47,0.4385429589325011,0.08320110856327778,0.0,0,0.0,486.8182670386313,ev below min (0.083)
2024-03-11,22300934.0,cleveland cavaliers,2.78,0.6823997905355169,0.8970714176887369,9.736365340772625,0,-9.736365340772625,477.08190169785865,bet placed
2024-03-11,22300935.0,chicago bulls,2.23,0.5207809544973669,0.1613415285291282,9.541638033957174,0,-9.541638033957174,467.5402636639015,bet placed
2024-03-11,22300936.0,golden state warriors,1.45,0.7428270944400533,0.07709928693807733,0.0,1,0.0,467.5402636639015,ev below min (0.077)
2024-03-11,22300937.0,toronto raptors,7.9,0.13354167783534848,0.05497925489925315,0.0,0,0.0,467.5402636639015,odds too high
2024-03-11,22300938.0,boston celtics,1.13,0.890730640997151,0.00652562432678061,0.0,1,0.0,467.5402636639015,odds too low
2024-03-12,22300939.0,new york knicks,1.39,0.7345288468219722,0.020995097082541214,0.0,1,0.0,467.5402636639015,ev below min (0.021)
2024-03-12,22300940.0,memphis grizzlies,2.01,0.7248844498139163,0.45701774412597174,9.35080527327803,1,9.444313326010809,476.9845769899123,bet placed
2024-03-12,22300941.0,oklahoma city thunder,1.41,0.7601936529309931,0.07187305063270011,0.0,0,0.0,476.9845769899123,ev below min (0.072)
2024-03-12,22300942.0,houston rockets,1.61,0.6038781850093066,-0.027756122135016326,0.0,1,0.0,476.9845769899123,ev below min (-0.028)
2024-03-12,22300943.0,boston celtics,1.35,0.8152786809480203,0.10062621927982751,0.0,1,0.0,476.9845769899123,ev below min (0.101)
2024-03-12,22300944.0,minnesota timberwolves,2.7,0.4119113507348574,0.11216064698411499,0.0,1,0.0,476.9845769899123,ev below min (0.112)
2024-03-12,22300945.0,milwaukee bucks,1.92,0.5169640651836519,-0.007428994847388348,0.0,0,0.0,476.9845769899123,prob diff too low (0.030)
2024-03-13,22300946.0,toronto raptors,2.17,0.5658745351162485,0.22794774120225925,9.539691539798246,0,-9.539691539798246,467.44488545011404,bet placed
2024-03-13,22300947.0,orlando magic,1.36,0.7552968537183006,0.027203721056888952,0.0,1,0.0,467.44488545011404,ev below min (0.027)
2024-03-13,22300948.0,indiana pacers,1.42,0.5821481615105218,-0.17334961065505905,0.0,0,0.0,467.44488545011404,ev below min (-0.173)
2024-03-13,22300949.0,miami heat,2.19,0.4976827927274336,0.08992531607307952,0.0,0,0.0,467.44488545011404,prob diff too low (0.028)
2024-03-13,22300950.0,memphis grizzlies,2.05,0.7019530361583654,0.43900372412464894,9.348897709002282,0,-9.348897709002282,458.09598774111174,bet placed
2024-03-13,22300951.0,cleveland cavaliers,2.51,0.4608626692047785,0.1567652997039939,9.161919754822234,1,13.834498829781571,471.9304865708933,bet placed
2024-03-13,22300952.0,golden state warriors,3.33,0.39805648989972076,0.3255281113660702,0.0,0,0.0,471.9304865708933,odds too high
2024-03-13,22300953.0,portland trail blazers,2.35,0.4175802884143928,-0.018686322226176832,0.0,1,0.0,471.9304865708933,ev below min (-0.019)
2024-03-13,22300954.0,sacramento kings,2.03,0.6309745024525182,0.28087823997861183,9.438609731417866,1,9.7217680233604,481.65225459425375,bet placed
2024-03-14,22300955.0,boston celtics,1.38,0.7938350100441807,0.09549231386096912,0.0,1,0.0,481.65225459425375,ev below min (0.095)
2024-03-14,22300956.0,chicago bulls,2.74,0.44361676863520205,0.2155099460604537,9.633045091885075,0,-9.633045091885075,472.01920950236865,bet placed
2024-03-14,22300957.0,houston rockets,1.24,0.8015210290246788,-0.006113924009398253,0.0,1,0.0,472.01920950236865,odds too low
2024-03-14,22300958.0,milwaukee bucks,1.3,0.7295905818165952,-0.051532243638426234,0.0,1,0.0,472.01920950236865,ev below min (-0.052)
2024-03-14,22300959.0,dallas mavericks,4.22,0.30935358823113857,0.30547214233540476,0.0,0,0.0,472.01920950236865,odds too high
2024-03-14,22300960.0,portland trail blazers,5.13,0.304321260172024,0.561168064682483,0.0,0,0.0,472.01920950236865,odds too high
2024-03-15,22300961.0,charlotte hornets,4.33,0.2518603167631587,0.09055517158447701,0.0,0,0.0,472.01920950236865,odds too high
2024-03-15,22300962.0,detroit pistons,3.24,0.32458072283593914,0.05164154198844284,0.0,0,0.0,472.01920950236865,odds too high
2024-03-15,22300963.0,toronto raptors,3.1,0.33846716079627226,0.04924819846844408,0.0,0,0.0,472.01920950236865,odds too high
2024-03-15,22300964.0,los angeles clippers,2.77,0.45091083789924086,0.24902302098089724,9.440384190047373,0,-9.440384190047373,462.57882531232127,bet placed
2024-03-15,22300965.0,denver nuggets,1.14,0.830235177539336,-0.053531897605157086,0.0,1,0.0,462.57882531232127,odds too low
2024-03-15,22300966.0,utah jazz,1.89,0.5697650264549962,0.07685589999994269,0.0,1,0.0,462.57882531232127,ev below min (0.077)
2024-03-16,22300967.0,houston rockets,2.48,0.4583296255148237,0.13665747127676275,0.0,1,0.0,462.57882531232127,ev below min (0.137)
2024-03-16,22300968.0,brooklyn nets,3.28,0.34304016129946274,0.12517172906223784,0.0,0,0.0,462.57882531232127,odds too high
2024-03-16,22300969.0,charlotte hornets,4.1,0.21767273348901214,-0.10754179269505026,0.0,0,0.0,462.57882531232127,odds too high
2024-03-16,22300970.0,portland trail blazers,5.77,0.16601755965100506,-0.04207868081370081,0.0,0,0.0,462.57882531232127,odds too high
2024-03-16,22300971.0,chicago bulls,1.2,0.809110426532306,-0.029067488161232835,0.0,1,0.0,462.57882531232127,odds too low
2024-03-16,22300972.0,memphis grizzlies,4.33,0.32200022141095,0.3942609587094137,0.0,0,0.0,462.57882531232127,odds too high
2024-03-16,22300973.0,los angeles lakers,1.71,0.5409483647054977,-0.07497829635359898,0.0,0,0.0,462.57882531232127,ev below min (-0.075)
2024-03-16,22300974.0,utah jazz,3.21,0.34874358534792493,0.11946690896683898,0.0,0,0.0,462.57882531232127,odds too high
2024-03-16,22300975.0,sacramento kings,1.59,0.6714396620815989,0.06758906270974219,0.0,0,0.0,462.57882531232127,ev below min (0.068)
2024-03-17,22300976.0,milwaukee bucks,2.1,0.6636168844862377,0.39359545742109914,9.251576506246426,1,10.176734156871069,472.75555946919235,bet placed
2024-03-17,22300977.0,miami heat,1.41,0.7474874577057952,0.05395731536517112,0.0,1,0.0,472.75555946919235,ev below min (0.054)
2024-03-17,22300978.0,dallas mavericks,1.87,0.5199238618842045,-0.027742378276537583,0.0,1,0.0,472.75555946919235,prob diff too low (0.028)
2024-03-17,22300979.0,toronto raptors,4.72,0.19240856304097675,-0.09183158244658973,0.0,0,0.0,472.75555946919235,odds too high
2024-03-17,22300980.0,boston celtics,1.05,0.9098146284892858,-0.04469464008624979,0.0,1,0.0,472.75555946919235,odds too low
2024-03-17,22300981.0,brooklyn nets,1.94,0.6156047948890943,0.19427330208484284,9.455111189383848,0,-9.455111189383848,463.3004482798085,bet placed
2024-03-17,22300982.0,atlanta hawks,3.97,0.2710221201841528,0.07595781713108662,0.0,1,0.0,463.3004482798085,odds too high
2024-03-18,22300983.0,cleveland cavaliers,2.83,0.5579877712084947,0.5791053925200402,9.26600896559617,1,16.95679640704099,480.2572446868495,bet placed
2024-03-18,22300984.0,boston celtics,1.04,0.9454032993060176,-0.016780568721741607,0.0,1,0.0,480.2572446868495,odds too low
2024-03-18,22300985.0,miami heat,2.07,0.42651499312418006,-0.11711396423294729,0.0,0,0.0,480.2572446868495,ev below min (-0.117)
2024-03-18,22300986.0,chicago bulls,1.24,0.7731362634353178,-0.041311033340205916,0.0,1,0.0,480.2572446868495,odds too low
2024-03-18,22300987.0,minnesota timberwolves,1.48,0.6558356816420847,-0.029363191169714642,0.0,1,0.0,480.2572446868495,ev below min (-0.029)
2024-03-18,22300988.0,new york knicks,2.75,0.5032882559022325,0.38404270373113936,0.0,1,0.0,480.2572446868495,prob diff too low (0.042)
2024-03-18,22300989.0,memphis grizzlies,4.55,0.2256076344409808,0.02651473670646265,0.0,0,0.0,480.2572446868495,odds too high
2024-03-18,22300990.0,atlanta hawks,3.83,0.3353474087517134,0.2843805755190625,0.0,0,0.0,480.2572446868495,odds too high
2024-03-19,22300991.0,orlando magic,1.09,0.823736452462007,-0.10212726681641227,0.0,1,0.0,480.2572446868495,odds too low
2024-03-19,22300992.0,washington wizards,4.08,0.3375486456876304,0.3771984744055319,0.0,0,0.0,480.2572446868495,odds too high
2024-03-19,22300993.0,brooklyn nets,2.93,0.39595149472021546,0.1601378795302313,9.60514489373699,0,-9.60514489373699,470.65209979311254,bet placed
2024-03-19,22300994.0,san antonio spurs,3.46,0.27441042259049725,-0.05053993783687949,0.0,0,0.0,470.65209979311254,odds too high
2024-03-19,22300995.0,minnesota timberwolves,3.0,0.6110086928856725,0.8330260786570176,9.413041995862251,0,-9.413041995862251,461.23905779725027,bet placed
2024-03-20,22300996.0,cleveland cavaliers,1.63,0.7562499247109109,0.23268737727878475,9.224781155945006,0,-9.224781155945006,452.0142766413053,bet placed
2024-03-20,22300997.0,detroit pistons,4.68,0.3215379516854972,0.5047976138881267,0.0,0,0.0,452.0142766413053,odds too high
2024-03-20,22300998.0,milwaukee bucks,4.3,0.2919054675801472,0.2551935105946328,0.0,0,0.0,452.0142766413053,odds too high
2024-03-20,22300999.0,toronto raptors,4.65,0.33967921996795414,0.5795083728509869,0.0,0,0.0,452.0142766413053,odds too high
2024-03-20,22301000.0,utah jazz,6.8,0.1525819319148483,0.03755713702096841,0.0,0,0.0,452.0142766413053,odds too high
2024-03-20,22301001.0,golden state warriors,1.13,0.7757140356456779,-0.12344313972038412,0.0,1,0.0,452.0142766413053,odds too low
2024-03-20,22301002.0,philadelphia 76ers,3.97,0.28124338891641415,0.11653625399816425,0.0,0,0.0,452.0142766413053,odds too high
2024-03-20,22301003.0,portland trail blazers,4.52,0.30250364926985496,0.36731649469974426,0.0,0,0.0,452.0142766413053,odds too high
2024-03-21,22301004.0,orlando magic,2.02,0.5641867891946009,0.13965731417309368,0.0,1,0.0,452.0142766413053,prob diff too low (0.049)
2024-03-21,22301005.0,washington wizards,4.38,0.21986842751028007,-0.03697628750497328,0.0,1,0.0,452.0142766413053,odds too high
2024-03-21,22301006.0,houston rockets,1.54,0.6116133144965973,-0.058115495675240214,0.0,1,0.0,452.0142766413053,ev below min (-0.058)
2024-03-21,22301007.0,brooklyn nets,4.07,0.24550086326316692,-0.0008114865189106091,0.0,0,0.0,452.0142766413053,odds too high
2024-03-21,22301008.0,utah jazz,6.1,0.2074581043039774,0.26549443625426217,0.0,0,0.0,452.0142766413053,odds too high
2024-03-21,22301009.0,new york knicks,3.56,0.30860187298955044,0.0986226678427995,0.0,0,0.0,452.0142766413053,odds too high
2024-03-21,22301010.0,atlanta hawks,3.63,0.256472855539859,-0.06900353439031193,0.0,0,0.0,452.0142766413053,odds too high
2024-03-22,22301011.0,boston celtics,1.09,0.9130482355864994,-0.0047774232107156145,0.0,1,0.0,452.0142766413053,odds too low
2024-03-22,22301012.0,toronto raptors,7.15,0.2179320470045898,0.558214136082817,0.0,0,0.0,452.0142766413053,odds too high
2024-03-22,22301013.0,new orleans pelicans,2.07,0.5249422814155327,0.08663052253015247,0.0,1,0.0,452.0142766413053,prob diff too low (0.019)
2024-03-22,22301014.0,cleveland cavaliers,3.03,0.4078302066437104,0.2357255261304425,0.0,0,0.0,452.0142766413053,odds too high
2024-03-22,22301015.0,memphis grizzlies,2.8,0.550599523434361,0.5416786656162107,9.040285532826106,1,16.27251395908699,468.2867906003923,bet placed
2024-03-22,22301016.0,golden state warriors,1.46,0.6167207623175146,-0.09958768701642873,0.0,0,0.0,468.2867906003923,ev below min (-0.100)
2024-03-22,22301017.0,portland trail blazers,6.48,0.2827355870482245,0.8321266040724948,0.0,0,0.0,468.2867906003923,odds too high
2024-03-22,22301018.0,los angeles lakers,1.27,0.7284983539021248,-0.07480709054430146,0.0,1,0.0,468.2867906003923,ev below min (-0.075)
2024-03-23,22301019.0,new york knicks,1.3,0.8528741207241836,0.10873635694143857,0.0,1,0.0,468.2867906003923,ev below min (0.109)
2024-03-23,22301020.0,orlando magic,1.61,0.6833528710954545,0.10019812246368187,0.0,0,0.0,468.2867906003923,ev below min (0.100)
2024-03-23,22301021.0,atlanta hawks,1.29,0.8133832404158474,0.04926438013644319,0.0,1,0.0,468.2867906003923,ev below min (0.049)
2024-03-23,22301022.0,toronto raptors,2.64,0.3948077884880565,0.04229256160846906,0.0,0,0.0,468.2867906003923,ev below min (0.042)
2024-03-23,22301023.0,boston celtics,1.39,0.7473629659466569,0.038834522665852855,0.0,1,0.0,468.2867906003923,ev below min (0.039)
2024-03-23,22301024.0,utah jazz,4.1,0.25077206974914734,0.028165485971503923,0.0,0,0.0,468.2867906003923,odds too high
2024-03-23,22301025.0,san antonio spurs,4.12,0.23203310161905785,-0.04402362132948168,0.0,0,0.0,468.2867906003923,odds too high
2024-03-23,22301026.0,denver nuggets,1.16,0.7967546286622673,-0.07576463075176998,0.0,1,0.0,468.2867906003923,odds too low
2024-03-24,22301027.0,detroit pistons,6.75,0.20227431153485853,0.365351602860295,0.0,0,0.0,468.2867906003923,odds too high
2024-03-24,22301028.0,philadelphia 76ers,3.7,0.27821901461434895,0.029410354073091227,0.0,1,0.0,468.2867906003923,odds too high
2024-03-24,22301029.0,cleveland cavaliers,2.21,0.5247890665855899,0.15978383715415356,0.0,0,0.0,468.2867906003923,prob diff too low (0.017)
2024-03-24,22301030.0,milwaukee bucks,1.63,0.644078458772934,0.04984788779988247,0.0,1,0.0,468.2867906003923,ev below min (0.050)
2024-03-24,22301031.0,minnesota timberwolves,1.63,0.7326948034663724,0.19429252965018695,9.365735812007847,1,5.9004135615649425,474.18720416195725,bet placed
2024-03-24,22301032.0,los angeles lakers,1.65,0.6895984846530724,0.1378374996775693,0.0,1,0.0,474.18720416195725,ev below min (0.138)
2024-03-25,22301033.0,cleveland cavaliers,1.13,0.854580499874314,-0.03432403514202531,0.0,1,0.0,474.18720416195725,odds too low
2024-03-25,22301034.0,atlanta hawks,4.45,0.38472960570157744,0.7120467453720196,0.0,1,0.0,474.18720416195725,odds too high
2024-03-25,22301035.0,new york knicks,1.03,0.8904347387201579,-0.08285221911823737,0.0,1,0.0,474.18720416195725,odds too low
2024-03-25,22301036.0,toronto raptors,2.81,0.49533847726973096,0.39190112112794395,0.0,0,0.0,474.18720416195725,prob diff too low (0.019)
2024-03-25,22301037.0,washington wizards,5.37,0.1764452565614256,-0.052488972265144485,0.0,1,0.0,474.18720416195725,odds too high
2024-03-25,22301038.0,portland trail blazers,6.33,0.20238240267881843,0.28108060895692066,0.0,0,0.0,474.18720416195725,odds too high
2024-03-25,22301039.0,san antonio spurs,4.85,0.2257431794105576,0.09485442014120427,0.0,1,0.0,474.18720416195725,odds too high
2024-03-25,22301040.0,denver nuggets,1.07,0.8580713312576085,-0.08186367555435892,0.0,1,0.0,474.18720416195725,odds too low
2024-03-25,22301041.0,utah jazz,3.25,0.35331021087632564,0.14825818534805824,0.0,0,0.0,474.18720416195725,odds too high
2024-03-25,22301042.0,sacramento kings,1.29,0.756635338108461,-0.023940413840085384,0.0,1,0.0,474.18720416195725,ev below min (-0.024)
2024-03-25,22301043.0,indiana pacers,2.72,0.34773930479046516,-0.0541490909699347,0.0,1,0.0,474.18720416195725,ev below min (-0.054)
2024-03-26,22301044.0,miami heat,2.51,0.6332887289697136,0.5895547097139808,9.483744083239145,0,-9.483744083239145,464.7034600787181,bet placed
2024-03-26,22301045.0,los angeles lakers,3.83,0.3837001901647101,0.4695717283308396,0.0,1,0.0,464.7034600787181,odds too high
2024-03-26,22301046.0,new orleans pelicans,1.86,0.6545804571251537,0.21751965025278586,9.294069201574361,0,-9.294069201574361,455.4093908771437,bet placed
2024-03-26,22301047.0,sacramento kings,1.79,0.6171096606960679,0.10462629264596157,0.0,0,0.0,455.4093908771437,ev below min (0.105)
2024-03-27,22301048.0,charlotte hornets,3.93,0.26317802343427155,0.03428963209668723,0.0,1,0.0,455.4093908771437,odds too high
2024-03-27,22301049.0,orlando magic,1.52,0.6973817838684534,0.06002031148004927,0.0,0,0.0,455.4093908771437,ev below min (0.060)
2024-03-27,22301050.0,washington wizards,2.23,0.4787188754285303,0.0675430922056226,0.0,0,0.0,455.4093908771437,ev below min (0.068)
2024-03-27,22301051.0,portland trail blazers,4.75,0.21390923240149792,0.01606885390711521,0.0,0,0.0,455.4093908771437,odds too high
2024-03-27,22301052.0,philadelphia 76ers,2.78,0.4754117822515274,0.321644754659246,0.0,0,0.0,455.4093908771437,prob diff too low (0.031)
2024-03-27,22301053.0,toronto raptors,5.92,0.24625726554587776,0.4578430120315964,0.0,0,0.0,455.4093908771437,odds too high
2024-03-27,22301054.0,chicago bulls,2.12,0.5528444864924007,0.17203031136388947,9.108187817542875,1,10.20117035564802,465.6105612327917,bet placed
2024-03-27,22301055.0,los angeles lakers,1.49,0.6532501744249845,-0.026657240106773172,0.0,1,0.0,465.6105612327917,ev below min (-0.027)
2024-03-27,22301056.0,minnesota timberwolves,1.03,0.9183060953064668,-0.05414472183433916,0.0,1,0.0,465.6105612327917,odds too low
2024-03-27,22301057.0,oklahoma city thunder,1.46,0.7615580301242005,0.11187472398133269,0.0,0,0.0,465.6105612327917,ev below min (0.112)
2024-03-27,22301058.0,utah jazz,1.53,0.6602100033235067,0.010121305084965115,0.0,0,0.0,465.6105612327917,ev below min (0.010)
2024-03-27,22301059.0,denver nuggets,1.38,0.7671236748543605,0.058630671299017445,0.0,0,0.0,465.6105612327917,ev below min (0.059)
2024-03-28,22301060.0,atlanta hawks,6.37,0.3827293538083149,1.4379859837589661,0.0,1,0.0,465.6105612327917,odds too high
2024-03-28,22301061.0,new orleans pelicans,1.98,0.6743388844875319,0.33519099128531304,9.312211224655835,1,9.125967000162717,474.73652823295447,bet placed
2024-03-29,22301062.0,charlotte hornets,5.1,0.26143588813766766,0.333323029502105,0.0,0,0.0,474.73652823295447,odds too high
2024-03-29,22301063.0,los angeles lakers,2.19,0.4692378009575696,0.027630784097077532,0.0,0,0.0,474.73652823295447,prob diff too low (0.036)
2024-03-29,22301064.0,orlando magic,1.9,0.6412372882079845,0.21835084759517054,9.49473056465909,0,-9.49473056465909,465.24179766829536,bet placed
2024-03-29,22301065.0,washington wizards,1.55,0.6078938164493576,-0.05776458450349575,0.0,0,0.0,465.24179766829536,ev below min (-0.058)
2024-03-29,22301066.0,chicago bulls,1.59,0.6358165308031662,0.01094828397703429,0.0,0,0.0,465.24179766829536,ev below min (0.011)
2024-03-29,22301067.0,cleveland cavaliers,1.31,0.7342036428405573,-0.03819322787886992,0.0,1,0.0,465.24179766829536,ev below min (-0.038)
2024-03-29,22301068.0,portland trail blazers,5.88,0.1806212922042559,0.062053198161024614,0.0,0,0.0,465.24179766829536,odds too high
2024-03-29,22301069.0,oklahoma city thunder,1.93,0.6868891525083517,0.32569606434111864,9.304835953365908,1,8.653497436630294,473.89529510492565,bet placed
2024-03-29,22301070.0,new york knicks,1.23,0.8126050743984785,-0.0004957584898714895,0.0,0,0.0,473.89529510492565,odds too low
2024-03-29,22301071.0,denver nuggets,1.59,0.6506618602807935,0.03455235784646171,0.0,0,0.0,473.89529510492565,ev below min (0.035)
2024-03-29,22301072.0,utah jazz,3.25,0.3481874832273303,0.13160932048882334,0.0,0,0.0,473.89529510492565,odds too high
2024-03-29,22301073.0,sacramento kings,1.82,0.5812607070813547,0.05789448688806553,0.0,0,0.0,473.89529510492565,ev below min (0.058)
2024-03-30,22301074.0,new orleans pelicans,2.66,0.5271882911971972,0.4023208545845447,9.477905902098513,0,-9.477905902098513,464.41738920282717,bet placed
2024-03-30,22301075.0,orlando magic,1.09,0.8386627910176955,-0.08585755779071191,0.0,1,0.0,464.41738920282717,odds too low
2024-03-30,22301076.0,atlanta hawks,2.41,0.5477023233740022,0.3199625993313453,0.0,0,0.0,464.41738920282717,prob diff too low (0.043)
2024-03-31,22301077.0,denver nuggets,1.46,0.7670691296749278,0.11992092932539467,0.0,1,0.0,464.41738920282717,ev below min (0.120)
2024-03-31,22301078.0,brooklyn nets,2.82,0.36956373240707363,0.04216972538794761,0.0,0,0.0,464.41738920282717,ev below min (0.042)
2024-03-31,22301079.0,charlotte hornets,6.3,0.24322519036446577,0.5323186992961344,0.0,0,0.0,464.41738920282717,odds too high
2024-03-31,22301080.0,toronto raptors,3.76,0.3404541991210749,0.28010778869524144,0.0,0,0.0,464.41738920282717,odds too high
2024-03-31,22301081.0,washington wizards,4.68,0.35372391144447357,0.6554279055601362,0.0,0,0.0,464.41738920282717,odds too high
2024-03-31,22301082.0,new york knicks,1.93,0.6801712423316462,0.3127304977000771,9.288347784056544,0,-9.288347784056544,455.1290414187706,bet placed
2024-03-31,22301083.0,houston rockets,2.21,0.5415303699045303,0.19678211748901187,0.0,0,0.0,455.1290414187706,prob diff too low (0.016)
2024-03-31,22301084.0,minnesota timberwolves,1.21,0.8083325197257807,-0.021917651131805438,0.0,0,0.0,455.1290414187706,odds too low
2024-03-31,22301085.0,san antonio spurs,4.02,0.2579136926407283,0.036813044415727525,0.0,0,0.0,455.1290414187706,odds too high
2024-03-31,22301086.0,utah jazz,5.62,0.21548458332141185,0.21102335826633456,0.0,0,0.0,455.1290414187706,odds too high
2024-04-01,22301087.0,charlotte hornets,7.72,0.13540203766428646,0.04530373076829153,0.0,0,0.0,455.1290414187706,odds too high
2024-04-01,22301088.0,memphis grizzlies,2.05,0.4368728919976907,-0.1044105714047342,0.0,1,0.0,455.1290414187706,ev below min (-0.104)
2024-04-01,22301089.0,brooklyn nets,5.0,0.2502253927579699,0.25112696378984944,0.0,0,0.0,455.1290414187706,odds too high
2024-04-01,22301090.0,portland trail blazers,7.23,0.131773811801718,-0.04727534067357886,0.0,0,0.0,455.1290414187706,odds too high
2024-04-01,22301091.0,chicago bulls,1.66,0.6006956220521237,-0.002845267393474793,0.0,0,0.0,455.1290414187706,ev below min (-0.003)
2024-04-01,22301092.0,new orleans pelicans,1.71,0.7018676060167667,0.2001936062886709,9.102580828375412,0,-9.102580828375412,446.0264605903952,bet placed
2024-04-02,22301093.0,oklahoma city thunder,2.07,0.6277297808625654,0.2994006463855101,8.920529211807903,0,-8.920529211807903,437.1059313785873,bet placed
2024-04-02,22301094.0,toronto raptors,5.8,0.22347252999230321,0.2961406739553587,0.0,0,0.0,437.1059313785873,odds too high
2024-04-02,22301095.0,washington wizards,5.98,0.2570364193982655,0.5370777880016278,0.0,1,0.0,437.1059313785873,odds too high
2024-04-02,22301096.0,new york knicks,2.01,0.5838545053310579,0.17354755571542624,0.0,0,0.0,437.1059313785873,ev diff too low (0.074)
2024-04-05,22301097.0,dallas mavericks,1.79,0.6481429206412336,0.16017582794780805,8.742118627571745,1,6.906273715781679,444.01220509436894,bet placed
2024-04-02,22301098.0,minnesota timberwolves,1.29,0.7637591572701681,-0.014750687121483197,0.0,1,0.0,444.01220509436894,ev below min (-0.015)
2024-04-02,22301099.0,denver nuggets,1.05,0.9077226026294034,-0.0468912672391264,0.0,1,0.0,444.01220509436894,odds too low
2024-04-02,22301100.0,utah jazz,3.9,0.3761375827749494,0.4669365728223027,0.0,0,0.0,444.01220509436894,odds too high
2024-04-02,22301101.0,sacramento kings,1.61,0.6256949598624837,0.0073688853785987,0.0,1,0.0,444.01220509436894,ev below min (0.007)
2024-04-03,22301102.0,charlotte hornets,1.72,0.5813657138728554,-5.0972138688765156e-05,0.0,0,0.0,444.01220509436894,ev below min (-0.000)
2024-04-03,22301103.0,washington wizards,5.6,0.2580020459698204,0.44481145743099426,0.0,0,0.0,444.01220509436894,odds too high
2024-04-03,22301104.0,atlanta hawks,1.11,0.8642736783677806,-0.040656217011763474,0.0,1,0.0,444.01220509436894,odds too low
2024-04-03,22301105.0,oklahoma city thunder,5.17,0.28911503159278057,0.4947247133346755,0.0,0,0.0,444.01220509436894,odds too high
2024-04-03,22301106.0,brooklyn nets,2.88,0.41115204469074557,0.1841178887093471,8.88024410188738,1,16.694858911548273,460.70706400591723,bet placed
2024-04-03,22301107.0,milwaukee bucks,1.09,0.8850671981950037,-0.035276753967445895,0.0,0,0.0,460.70706400591723,odds too low
2024-04-03,22301108.0,minnesota timberwolves,1.03,0.9158609395919964,-0.05666323222024361,0.0,1,0.0,460.70706400591723,odds too low
2024-04-03,22301109.0,new orleans pelicans,1.44,0.7159127685498792,0.030914386711826003,0.0,0,0.0,460.70706400591723,ev below min (0.031)
2024-04-03,22301110.0,cleveland cavaliers,2.66,0.3693966974060206,-0.017404784899985093,0.0,0,0.0,460.70706400591723,ev below min (-0.017)
2024-04-04,22301111.0,miami heat,1.59,0.7556317051411203,0.20145441117438145,9.214141280118344,0,-9.214141280118344,451.4929227257989,bet placed
2024-04-04,22301112.0,new york knicks,1.54,0.7115196659530593,0.09574028556771119,0.0,1,0.0,451.4929227257989,ev below min (0.096)
2024-04-04,22301113.0,houston rockets,2.11,0.5322373144039194,0.12302073339226993,0.0,0,0.0,451.4929227257989,ev below min (0.123)
2024-04-04,22301114.0,los angeles clippers,2.11,0.457726911949346,-0.034196215786880035,0.0,1,0.0,451.4929227257989,ev below min (-0.034)
2024-04-05,22301115.0,charlotte hornets,5.0,0.2683258220444998,0.34162911022249887,0.0,1,0.0,451.4929227257989,odds too high
2024-04-05,22301116.0,oklahoma city thunder,2.77,0.5418155781019622,0.5008291513424354,0.0,0,0.0,451.4929227257989,prob diff too low (0.026)
2024-04-05,22301117.0,washington wizards,1.63,0.6133165967270027,-0.00029394733498566694,0.0,0,0.0,451.4929227257989,ev below min (-0.000)
2024-04-05,22301118.0,boston celtics,1.2,0.8732777299978761,0.04793327599745134,0.0,1,0.0,451.4929227257989,odds too low
2024-04-05,22301119.0,new york knicks,1.75,0.5859557525343518,0.025422566935115798,0.0,0,0.0,451.4929227257989,ev below min (0.025)
2024-04-05,22301120.0,houston rockets,2.19,0.5596456167184276,0.22562390061335647,0.0,0,0.0,451.4929227257989,prob diff too low (0.038)
2024-04-05,22301121.0,memphis grizzlies,1.76,0.6575427074009537,0.1572751650256785,9.029858454515978,1,6.862692425432143,458.35561515123106,bet placed
2024-04-05,22301122.0,milwaukee bucks,1.08,0.8855247540725515,-0.04363326560164438,0.0,0,0.0,458.35561515123106,odds too low
2024-04-05,22301123.0,new orleans pelicans,1.1,0.8819186717992664,-0.029889461020806807,0.0,0,0.0,458.35561515123106,odds too low
2024-04-04,22301124.0,atlanta hawks,4.87,0.27915413356599,0.35948063046637135,0.0,0,0.0,458.35561515123106,odds too high
2024-04-05,22301125.0,minnesota timberwolves,2.35,0.5980387484987062,0.4053910589719596,0.0,0,0.0,458.35561515123106,prob diff too low (0.020)
2024-04-05,22301126.0,los angeles clippers,1.09,0.82821032203926,-0.09725074897720654,0.0,1,0.0,458.35561515123106,odds too low
2024-04-06,22301127.0,los angeles lakers,1.42,0.6596641096453412,-0.06327696430361562,0.0,1,0.0,458.35561515123106,ev below min (-0.063)
2024-04-06,22301128.0,detroit pistons,3.92,0.23579305808016227,-0.07569121232576392,0.0,0,0.0,458.35561515123106,odds too high
2024-04-06,22301129.0,memphis grizzlies,6.17,0.3480021678676997,1.1471733757437073,0.0,0,0.0,458.35561515123106,odds too high
2024-04-06,22301130.0,atlanta hawks,4.35,0.24657471081449503,0.07259999204305334,0.0,0,0.0,458.35561515123106,odds too high
2024-04-07,22301131.0,houston rockets,3.73,0.260623401503673,-0.027874712391299572,0.0,0,0.0,458.35561515123106,odds too high
2024-04-07,22301132.0,los angeles clippers,1.49,0.6869944192004304,0.023621684608641225,0.0,1,0.0,458.35561515123106,ev below min (0.024)
2024-04-07,22301133.0,miami heat,2.05,0.5177911964952298,0.061471952815221,0.0,0,0.0,458.35561515123106,ev below min (0.061)
2024-04-07,22301134.0,boston celtics,1.03,0.9522715438926432,-0.01916030979057748,0.0,1,0.0,458.35561515123106,odds too low
2024-04-07,22301135.0,oklahoma city thunder,1.27,0.7873149559044992,-0.00011000600128607818,0.0,1,0.0,458.35561515123106,ev below min (-0.000)
2024-04-07,22301136.0,chicago bulls,2.98,0.377486099674806,0.12490857703092195,0.0,0,0.0,458.35561515123106,ev below min (0.125)
2024-04-07,22301137.0,washington wizards,2.38,0.4861794391987578,0.15710706529304352,0.0,0,0.0,458.35561515123106,prob diff too low (0.029)
2024-04-07,22301138.0,new orleans pelicans,2.59,0.4290135843946957,0.11114518358226189,0.0,1,0.0,458.35561515123106,ev below min (0.111)
2024-04-07,22301139.0,new york knicks,2.29,0.5569632847565569,0.27544592209251517,9.167112303024622,1,11.825574870901763,470.18119002213285,bet placed
2024-04-07,22301140.0,san antonio spurs,2.28,0.4210880857038567,-0.039919164595206835,0.0,0,0.0,470.18119002213285,ev below min (-0.040)
2024-04-07,22301141.0,brooklyn nets,4.12,0.4357875814737725,0.7954448356719428,0.0,0,0.0,470.18119002213285,odds too high
2024-04-07,22301142.0,golden state warriors,1.1,0.8498632088431028,-0.0651504702725868,0.0,1,0.0,470.18119002213285,odds too low
2024-04-07,22301143.0,los angeles lakers,1.99,0.5645915250744652,0.12353713489818574,0.0,0,0.0,470.18119002213285,prob diff too low (0.002)
2024-04-09,22301144.0,charlotte hornets,5.23,0.23148285435287916,0.2106553282655581,0.0,0,0.0,470.18119002213285,odds too high
2024-04-09,22301145.0,detroit pistons,6.53,0.16461494538662244,0.0749355933746445,0.0,0,0.0,470.18119002213285,odds too high
2024-04-09,22301146.0,toronto raptors,5.8,0.23162567133508724,0.34342889374350594,0.0,0,0.0,470.18119002213285,odds too high
2024-04-09,22301147.0,atlanta hawks,2.16,0.6201468022979676,0.33951709296361,9.403623800442658,0,-9.403623800442658,460.7775662216902,bet placed
2024-04-09,22301148.0,boston celtics,2.19,0.7771926075063886,0.702051810438991,9.215551324433804,0,-9.215551324433804,451.5620148972564,bet placed
2024-04-09,22301149.0,chicago bulls,2.43,0.5065847804211846,0.2310010164234786,9.031240297945129,0,-9.031240297945129,442.53077459931126,bet placed
2024-04-09,22301150.0,houston rockets,2.02,0.5282194890863112,0.06700336795434869,0.0,1,0.0,442.53077459931126,prob diff too low (0.043)
2024-04-09,22301151.0,memphis grizzlies,2.55,0.6428177837123219,0.6391853484664207,8.850615491986225,0,-8.850615491986225,433.68015910732504,bet placed
2024-04-09,22301152.0,washington wizards,7.88,0.12302600981281629,-0.030555042675007638,0.0,0,0.0,433.68015910732504,odds too high
2024-04-09,22301153.0,sacramento kings,2.51,0.4043028314732836,0.014800106997941764,0.0,0,0.0,433.68015910732504,ev below min (0.015)
2024-04-09,22301154.0,utah jazz,7.13,0.2002722627014689,0.42794123306147314,0.0,0,0.0,433.68015910732504,odds too high
2024-04-09,22301155.0,los angeles lakers,1.97,0.5685976575748697,0.12013738542249319,0.0,0,0.0,433.68015910732504,ev below min (0.120)
2024-04-09,22301156.0,los angeles clippers,3.67,0.4240900332624134,0.5564104220730572,0.0,1,0.0,433.68015910732504,odds too high
2024-04-09,22301157.0,portland trail blazers,5.95,0.23748514415219862,0.4130366077055818,0.0,0,0.0,433.68015910732504,odds too high
2024-04-10,22301158.0,memphis grizzlies,7.47,0.20613562403200558,0.5398331115190818,0.0,0,0.0,433.68015910732504,odds too high
2024-04-10,22301159.0,atlanta hawks,1.19,0.8398588076428061,-0.0005680189050608631,0.0,0,0.0,433.68015910732504,odds too low
2024-04-10,22301160.0,toronto raptors,4.76,0.2556355488800564,0.2168252126690684,0.0,0,0.0,433.68015910732504,odds too high
2024-04-10,22301161.0,miami heat,2.0,0.5564444247353443,0.11288884947068856,0.0,0,0.0,433.68015910732504,prob diff too low (0.039)
2024-04-10,22301162.0,milwaukee bucks,1.96,0.6472148521291224,0.2685411101730799,8.6736031821465,1,8.32665905486064,442.00681816218565,bet placed
2024-04-10,22301163.0,san antonio spurs,7.03,0.14492285664287058,0.018807682199380116,0.0,0,0.0,442.00681816218565,odds too high
2024-04-10,22301164.0,minnesota timberwolves,3.03,0.5213776438656232,0.5797742609128382,0.0,0,0.0,442.00681816218565,odds too high
2024-04-10,22301165.0,los angeles clippers,4.37,0.6465233036219169,1.8253068368277767,0.0,0,0.0,442.00681816218565,odds too high
2024-04-11,22301166.0,detroit pistons,4.35,0.29369792890487206,0.2775859907361933,0.0,0,0.0,442.00681816218565,odds too high
2024-04-11,22301167.0,boston celtics,1.58,0.8064342394139413,0.27416609827402727,8.840136363243714,0,-8.840136363243714,433.16668179894197,bet placed
2024-04-11,22301168.0,utah jazz,4.37,0.3638414050453274,0.5899869400480808,0.0,1,0.0,433.16668179894197,odds too high
2024-04-11,22301169.0,portland trail blazers,5.58,0.23338760986355267,0.30230286303862397,0.0,0,0.0,433.16668179894197,odds too high
2024-04-11,22301170.0,sacramento kings,1.71,0.6946838242344638,0.18790933944093324,8.663333635978839,0,-8.663333635978839,424.5033481629631,bet placed
2024-04-12,22301171.0,orlando magic,2.66,0.4235623260977351,0.12667578741997532,0.0,0,0.0,424.5033481629631,ev below min (0.127)
2024-04-12,22301172.0,chicago bulls,1.94,0.674457521795828,0.3084475922839063,8.490066963259263,1,7.980662945463707,432.48401110842684,bet placed
2024-04-12,22301173.0,boston celtics,1.32,0.9322948080683051,0.23062914665016288,8.649680222168538,1,2.7678976710939325,435.25190877952076,bet placed
2024-04-12,22301174.0,cleveland cavaliers,1.62,0.603709459615972,-0.021990675422125294,0.0,1,0.0,435.25190877952076,ev below min (-0.022)
2024-04-12,22301175.0,new york knicks,1.12,0.8592954115524888,-0.03758913906121242,0.0,1,0.0,435.25190877952076,odds too low
2024-04-12,22301176.0,toronto raptors,5.82,0.1633763577115841,-0.04914959811858055,0.0,0,0.0,435.25190877952076,odds too high
2024-04-12,22301177.0,memphis grizzlies,6.33,0.2887878918885261,0.8280273556543702,0.0,0,0.0,435.25190877952076,odds too high
2024-04-12,22301178.0,atlanta hawks,5.05,0.24286653989210483,0.22647602645512932,0.0,0,0.0,435.25190877952076,odds too high
2024-04-12,22301179.0,milwaukee bucks,5.5,0.3802210209304544,1.0912156151174992,0.0,0,0.0,435.25190877952076,odds too high
2024-04-12,22301180.0,san antonio spurs,4.57,0.24820092647128975,0.13427823397379424,0.0,1,0.0,435.25190877952076,odds too high
2024-04-12,22301181.0,dallas mavericks,1.12,0.9282014401247001,0.03958561293966412,0.0,0,0.0,435.25190877952076,odds too low
2024-04-12,22301182.0,new orleans pelicans,2.34,0.4173272229864911,-0.023454298211610825,0.0,1,0.0,435.25190877952076,ev below min (-0.023)
2024-04-12,22301183.0,houston rockets,1.38,0.6350873858127635,-0.12357940757838648,0.0,1,0.0,435.25190877952076,ev below min (-0.124)
2024-04-12,22301184.0,utah jazz,6.67,0.140259551700829,-0.06446879015547069,0.0,1,0.0,435.25190877952076,odds too high
2024-04-12,22301185.0,sacramento kings,2.36,0.6216978398179926,0.46720690197046255,8.705038175590415,0,-8.705038175590415,426.54687060393036,bet placed
2024-04-14,22301186.0,boston celtics,1.18,0.9511811842477107,0.12239379741229861,0.0,1,0.0,426.54687060393036,odds too low
2024-04-14,22301187.0,charlotte hornets,5.68,0.17610070819257512,0.00025202253382672346,0.0,1,0.0,426.54687060393036,odds too high
2024-04-14,22301188.0,atlanta hawks,5.72,0.3655984867377063,1.0912233441396797,0.0,0,0.0,426.54687060393036,odds too high
2024-04-14,22301189.0,toronto raptors,6.83,0.1749341860819198,0.19480049093951224,0.0,0,0.0,426.54687060393036,odds too high
2024-04-14,22301190.0,chicago bulls,5.08,0.27392947124833283,0.39156171394153083,0.0,0,0.0,426.54687060393036,odds too high
2024-04-14,22301191.0,milwaukee bucks,2.6,0.504703089459162,0.31222803259382115,8.530937412078607,0,-8.530937412078607,418.01593319185173,bet placed
2024-04-14,22301192.0,brooklyn nets,5.13,0.2595947990906305,0.33172131933493443,0.0,0,0.0,418.01593319185173,odds too high
2024-04-14,22301193.0,memphis grizzlies,5.45,0.26583309016402673,0.4487903413939458,0.0,0,0.0,418.01593319185173,odds too high
2024-04-14,22301194.0,minnesota timberwolves,1.66,0.7230188123916551,0.2002112285701474,8.360318663837035,0,-8.360318663837035,409.65561452801467,bet placed
2024-04-14,22301195.0,new orleans pelicans,1.7,0.6506701193361629,0.10613920287147693,0.0,0,0.0,409.65561452801467,ev below min (0.106)
2024-04-14,22301196.0,dallas mavericks,7.63,0.37413070648568963,1.854617290485812,0.0,0,0.0,409.65561452801467,odds too high
2024-04-14,22301197.0,san antonio spurs,1.44,0.6999404829598619,0.007914295462201126,0.0,1,0.0,409.65561452801467,ev below min (0.008)
2024-04-14,22301198.0,golden state warriors,1.15,0.8357753523335274,-0.03885834481644357,0.0,1,0.0,409.65561452801467,odds too low
2024-04-14,22301199.0,los angeles clippers,2.28,0.7164900942637082,0.6335974149212547,8.193112290560293,0,-8.193112290560293,401.4625022374544,bet placed
2024-04-14,22301200.0,portland trail blazers,7.18,0.13896014213457114,-0.002266179473779273,0.0,0,0.0,401.4625022374544,odds too high
2023-12-06,22301205.0,orlando magic,2.25,0.3535595493175153,-0.20449101403559056,0.0,0,0.0,401.4625022374544,ev below min (-0.204)
2023-12-06,22301206.0,memphis grizzlies,1.69,0.46238876365620474,-0.21856298942101404,0.0,1,0.0,401.4625022374544,ev below min (-0.219)
2023-12-06,22301207.0,miami heat,2.28,0.32023857537731815,-0.26985604813971464,0.0,1,0.0,401.4625022374544,ev below min (-0.270)
2023-12-06,22301208.0,philadelphia 76ers,1.16,0.7065987708408787,-0.18034542582458069,0.0,1,0.0,401.4625022374544,odds too low
2023-12-06,22301209.0,atlanta hawks,1.53,0.3797344102900941,-0.419006352256156,0.0,0,0.0,401.4625022374544,ev below min (-0.419)
2023-12-06,22301210.0,minnesota timberwolves,1.1,0.8404494601958644,-0.07550559378454902,0.0,1,0.0,401.4625022374544,odds too low
2023-12-06,22301211.0,chicago bulls,1.44,0.2988619059014434,-0.5696388555019215,0.0,1,0.0,401.4625022374544,ev below min (-0.570)
2023-12-06,22301212.0,oklahoma city thunder,1.67,0.5805126432830389,-0.030543885717325137,0.0,0,0.0,401.4625022374544,ev below min (-0.031)
2023-12-06,22301213.0,utah jazz,4.52,0.22135288639801323,0.0005150465190197906,0.0,0,0.0,401.4625022374544,odds too high
2023-12-06,22301214.0,golden state warriors,1.1,0.6447188849265005,-0.2908092265808494,0.0,1,0.0,401.4625022374544,odds too low
2023-12-06,22301215.0,los angeles clippers,1.82,0.37501021673885543,-0.31748140553528315,0.0,1,0.0,401.4625022374544,prob diff too low (0.018)
2023-12-08,22301216.0,charlotte hornets,2.55,0.2659594381954998,-0.3218034326014756,0.0,1,0.0,401.4625022374544,prob diff too low (0.031)
2023-12-08,22301217.0,orlando magic,1.16,0.8445784122396625,-0.020289041801991647,0.0,1,0.0,401.4625022374544,odds too low
2023-12-08,22301218.0,philadelphia 76ers,1.21,0.6452009330057866,-0.21930687106299818,0.0,1,0.0,401.4625022374544,odds too low
2023-12-08,22301219.0,brooklyn nets,1.19,0.6281975680871825,-0.2524448939762528,0.0,1,0.0,401.4625022374544,odds too low
2023-12-08,22301220.0,miami heat,1.85,0.3584244353761108,-0.33691479455419504,0.0,0,0.0,401.4625022374544,ev below min (-0.337)
2023-12-08,22301221.0,minnesota timberwolves,1.38,0.46663941622868166,-0.3560376056044193,0.0,1,0.0,401.4625022374544,ev below min (-0.356)
2023-12-08,22301222.0,oklahoma city thunder,1.56,0.6381261540016031,-0.004523199757499152,0.0,1,0.0,401.4625022374544,ev below min (-0.005)
2023-12-08,22301223.0,chicago bulls,1.65,0.26606593442319965,-0.5609912082017205,0.0,1,0.0,401.4625022374544,ev below min (-0.561)
2023-12-08,22301224.0,denver nuggets,1.22,0.6380927289750103,-0.22152687065048737,0.0,0,0.0,401.4625022374544,odds too low
2023-12-08,22301225.0,utah jazz,3.25,0.22688389881900323,-0.26262732883823947,0.0,0,0.0,401.4625022374544,odds too high
2023-12-08,22301226.0,portland trail blazers,4.02,0.2206760774072592,-0.1128821688228181,0.0,0,0.0,401.4625022374544,odds too high
2023-12-08,22301227.0,new york knicks,3.2,0.28570334828079297,-0.08574928550146244,0.0,0,0.0,401.4625022374544,odds too high
2023-12-08,22301228.0,phoenix suns,2.06,0.45411999637453027,-0.06451280746846766,0.0,0,0.0,401.4625022374544,ev below min (-0.065)
2024-04-21,42300101.0,miami heat,6.07,0.34161542816040186,1.0736056489336394,0.0,0,0.0,401.4625022374544,odds too high
2024-04-24,42300102.0,miami heat,6.05,0.3270757099762406,0.9788080453562555,0.0,1,0.0,401.4625022374544,odds too high
2024-04-27,42300103.0,miami heat,3.91,0.5124434494591981,1.0036538873854646,0.0,0,0.0,401.4625022374544,odds too high
2024-04-29,42300104.0,miami heat,4.22,0.4716342373506698,0.9902964816198263,0.0,0,0.0,401.4625022374544,odds too high
2024-05-01,42300105.0,miami heat,5.88,0.2723296279659297,0.6012982124396666,0.0,0,0.0,401.4625022374544,odds too high
2024-04-20,42300111.0,new york knicks,1.49,0.7528603705219286,0.1217619520776736,0.0,1,0.0,401.4625022374544,ev below min (0.122)
2024-04-22,42300112.0,new york knicks,1.48,0.7613843790265429,0.12684888095928337,0.0,1,0.0,401.4625022374544,ev below min (0.127)
2024-04-25,42300113.0,new york knicks,2.6,0.5712058592733001,0.48513523411058035,8.029250044749087,0,-8.029250044749087,393.4332521927053,bet placed
2024-04-28,42300114.0,new york knicks,2.51,0.5715123266222704,0.4344959398218984,0.0,1,0.0,393.4332521927053,prob diff too low (0.038)
2024-04-30,42300115.0,new york knicks,1.5,0.7662583208802763,0.14938748132041457,0.0,0,0.0,393.4332521927053,ev below min (0.149)
2024-05-02,42300116.0,new york knicks,2.12,0.5715972817247619,0.21178623725649515,0.0,1,0.0,393.4332521927053,prob diff too low (0.026)
2024-04-21,42300121.0,milwaukee bucks,1.86,0.6457687589309078,0.20112989161148853,7.868665043854106,1,6.767051937714532,400.20030413041985,bet placed
2024-04-23,42300122.0,milwaukee bucks,1.75,0.6739282396982635,0.1793744194719613,8.004006082608397,0,-8.004006082608397,392.19629804781147,bet placed
2024-04-26,42300123.0,milwaukee bucks,2.8,0.42450624023993505,0.18861747267181816,7.84392596095623,0,-7.84392596095623,384.3523720868552,bet placed
2024-04-28,42300124.0,milwaukee bucks,3.71,0.3999941194424417,0.4839781831314587,0.0,0,0.0,384.3523720868552,odds too high
2024-04-30,42300125.0,milwaukee bucks,2.44,0.586281193656253,0.43052611252125716,7.687047441737104,1,11.06934831610143,395.4217204029566,bet placed
2024-05-02,42300126.0,milwaukee bucks,2.66,0.44067002004697486,0.1721822533249533,7.908434408059133,0,-7.908434408059133,387.5132859948975,bet placed
2024-04-20,42300131.0,orlando magic,2.58,0.43642828867027433,0.12598498476930775,0.0,0,0.0,387.5132859948975,ev below min (0.126)
2024-04-22,42300132.0,orlando magic,2.53,0.4223610855706998,0.06857354649387037,0.0,0,0.0,387.5132859948975,ev below min (0.069)
2024-04-25,42300133.0,cleveland cavaliers,2.08,0.47860488356488645,-0.004501842185036131,0.0,0,0.0,387.5132859948975,ev below min (-0.005)
2024-04-27,42300134.0,orlando magic,1.65,0.6477918758597631,0.06885659516860909,0.0,1,0.0,387.5132859948975,ev below min (0.069)
2024-04-30,42300135.0,orlando magic,2.35,0.48595391998470905,0.14199171196406635,0.0,0,0.0,387.5132859948975,ev below min (0.142)
2024-05-03,42300136.0,cleveland cavaliers,2.36,0.425301869784091,0.003712412690454636,0.0,0,0.0,387.5132859948975,ev below min (0.004)
2024-05-05,42300137.0,orlando magic,2.15,0.46387856280814266,-0.002661089962493368,0.0,0,0.0,387.5132859948975,ev below min (-0.003)
2024-04-21,42300141.0,new orleans pelicans,3.57,0.3566568959904213,0.27326511868580394,0.0,0,0.0,387.5132859948975,odds too high
2024-04-24,42300142.0,new orleans pelicans,3.03,0.35444490878069396,0.07396807360550262,0.0,0,0.0,387.5132859948975,odds too high
2024-04-27,42300143.0,oklahoma city thunder,1.73,0.6079899970789876,0.051822694946648484,0.0,1,0.0,387.5132859948975,ev below min (0.052)
2024-04-29,42300144.0,new orleans pelicans,2.42,0.4674257099570847,0.13117021809614493,0.0,0,0.0,387.5132859948975,ev below min (0.131)
2024-04-20,42300151.0,denver nuggets,1.33,0.7485756667627521,-0.004394363205539653,0.0,1,0.0,387.5132859948975,ev below min (-0.004)
2024-04-22,42300152.0,denver nuggets,1.3,0.7423382695791164,-0.0349602495471486,0.0,1,0.0,387.5132859948975,ev below min (-0.035)
2024-04-25,42300153.0,denver nuggets,1.89,0.5772895418236506,0.09107723404669943,0.0,1,0.0,387.5132859948975,ev below min (0.091)
2024-04-27,42300154.0,los angeles lakers,2.2,0.45195040032994716,-0.0057091192741162144,0.0,1,0.0,387.5132859948975,ev below min (-0.006)
2024-04-29,42300155.0,denver nuggets,1.34,0.7336640052779457,-0.01689023292755265,0.0,1,0.0,387.5132859948975,ev below min (-0.017)
2024-04-20,42300161.0,minnesota timberwolves,1.67,0.7117830507386617,0.18867769473356488,7.75026571989795,1,5.192678032331626,392.70596402722913,bet placed
2024-04-23,42300162.0,minnesota timberwolves,1.6,0.7489218135499897,0.1982749016799834,7.854119280544583,1,4.712471568326751,397.4184355955559,bet placed
2024-04-26,42300163.0,minnesota timberwolves,2.69,0.5748863989037089,0.5464444130509767,0.0,1,0.0,397.4184355955559,prob diff too low (0.014)
2024-04-28,42300164.0,minnesota timberwolves,1.83,0.6018733720598058,0.10142827086944473,0.0,1,0.0,397.4184355955559,ev below min (0.101)
2024-04-21,42300171.0,los angeles clippers,2.25,0.5743817987293749,0.2923590471410935,7.948368711911118,1,9.935460889888898,407.35389648544475,bet placed
2024-04-23,42300172.0,los angeles clippers,1.74,0.5868254333236521,0.021076253983154603,0.0,0,0.0,407.35389648544475,ev below min (0.021)
2024-04-26,42300173.0,los angeles clippers,2.37,0.41244730340425395,-0.022499890931918065,0.0,0,0.0,407.35389648544475,ev below min (-0.022)
2024-04-28,42300174.0,los angeles clippers,2.9,0.4142291621068759,0.20126457010994003,8.147077929708896,1,15.479448066446901,422.8333445518916,bet placed
2024-05-01,42300175.0,los angeles clippers,2.07,0.6247500441446256,0.29323259137937496,8.456666891037832,0,-8.456666891037832,414.3766776608538,bet placed
2024-05-03,42300176.0,los angeles clippers,3.42,0.3663607319156426,0.2529537031514977,0.0,0,0.0,414.3766776608538,odds too high
2024-05-07,42300201.0,cleveland cavaliers,5.3,0.27433544582780345,0.4539778628873583,0.0,0,0.0,414.3766776608538,odds too high
2024-05-09,42300202.0,cleveland cavaliers,5.17,0.26182310908160933,0.35362547395192023,0.0,1,0.0,414.3766776608538,odds too high
2024-05-11,42300203.0,cleveland cavaliers,3.12,0.43743379602213245,0.3647934435890532,0.0,0,0.0,414.3766776608538,odds too high
2024-05-13,42300204.0,cleveland cavaliers,4.98,0.4292479728841252,1.1376549049629436,0.0,0,0.0,414.3766776608538,odds too high
2024-05-15,42300205.0,cleveland cavaliers,7.2,0.2670705756185915,0.9229081444538587,0.0,0,0.0,414.3766776608538,odds too high
2024-05-06,42300211.0,new york knicks,1.41,0.7263670174057735,0.024177494542140465,0.0,1,0.0,414.3766776608538,ev below min (0.024)
2024-05-08,42300212.0,new york knicks,1.49,0.7232580164642671,0.07765444453175796,0.0,1,0.0,414.3766776608538,ev below min (0.078)
2024-05-10,42300213.0,new york knicks,3.01,0.5297722400342824,0.5946144425031898,0.0,0,0.0,414.3766776608538,prob diff too low (0.016)
2024-05-12,42300214.0,new york knicks,2.65,0.5370842571859895,0.42327328154287214,0.0,0,0.0,414.3766776608538,prob diff too low (0.020)
2024-05-14,42300215.0,new york knicks,1.76,0.7169469199683879,0.2618265791443626,8.287533553217076,1,6.298525500444978,420.6752031612987,bet placed
2024-05-17,42300216.0,new york knicks,2.52,0.5620791394264294,0.41643943135460204,0.0,0,0.0,420.6752031612987,prob diff too low (0.022)
2024-05-19,42300217.0,new york knicks,1.6,0.7230399200765848,0.15686387212253572,8.413504063225975,0,-8.413504063225975,412.26169909807277,bet placed
2024-05-07,42300221.0,oklahoma city thunder,1.47,0.7639173703674735,0.12295853444018601,0.0,1,0.0,412.26169909807277,ev below min (0.123)
2024-05-09,42300222.0,oklahoma city thunder,1.47,0.769097812750892,0.1305737847438111,0.0,0,0.0,412.26169909807277,ev below min (0.131)
2024-05-11,42300223.0,oklahoma city thunder,1.97,0.6171165369804968,0.2157195778515788,8.245233981961455,0,-8.245233981961455,404.0164651161113,bet placed
2024-05-13,42300224.0,oklahoma city thunder,1.9,0.5882126388905967,0.11760401389213371,0.0,1,0.0,404.0164651161113,ev below min (0.118)
2024-05-15,42300225.0,oklahoma city thunder,1.47,0.7645976668816187,0.12395857031597934,0.0,0,0.0,404.0164651161113,ev below min (0.124)
2024-05-18,42300226.0,oklahoma city thunder,2.26,0.5538622514972941,0.2517286883838845,0.0,0,0.0,404.0164651161113,prob diff too low (0.037)
2024-05-04,42300231.0,minnesota timberwolves,2.35,0.4855215976226231,0.14097575441316423,0.0,1,0.0,404.0164651161113,ev below min (0.141)
2024-05-06,42300232.0,minnesota timberwolves,3.04,0.5102707480889669,0.5512230741904594,0.0,1,0.0,404.0164651161113,odds too high
2024-05-10,42300233.0,minnesota timberwolves,1.55,0.7373625703258936,0.14291198400513516,0.0,0,0.0,404.0164651161113,ev below min (0.143)
2024-05-12,42300234.0,minnesota timberwolves,1.52,0.6686094594878036,0.016286378421461523,0.0,0,0.0,404.0164651161113,ev below min (0.016)
2024-05-14,42300235.0,minnesota timberwolves,2.37,0.47200345650772496,0.11864819192330822,0.0,0,0.0,404.0164651161113,ev below min (0.119)
2024-05-16,42300236.0,minnesota timberwolves,1.7,0.6446215843961448,0.09585669347344616,0.0,1,0.0,404.0164651161113,ev below min (0.096)
2024-05-19,42300237.0,minnesota timberwolves,2.39,0.5333557397710716,0.2747202180528614,0.0,1,0.0,404.0164651161113,prob diff too low (0.048)
2024-05-21,42300301.0,indiana pacers,3.88,0.3116573488615066,0.20923051358264555,0.0,0,0.0,404.0164651161113,odds too high
2024-05-23,42300302.0,boston celtics,1.4,0.7766337076669636,0.08728719073374891,0.0,1,0.0,404.0164651161113,ev below min (0.087)
2024-05-25,42300303.0,indiana pacers,2.88,0.5223002276641759,0.5042246556728267,8.080329302322227,0,-8.080329302322227,395.93613581378906,bet placed
2024-05-27,42300304.0,indiana pacers,3.0,0.5014814588637365,0.5044443765912097,7.918722716275782,0,-7.918722716275782,388.01741309751327,bet placed
2024-05-22,42300311.0,minnesota timberwolves,1.46,0.7215975183579704,0.05353237680263678,0.0,0,0.0,388.01741309751327,ev below min (0.054)
2024-05-24,42300312.0,minnesota timberwolves,1.34,0.712733145063527,-0.04493758561487371,0.0,0,0.0,388.01741309751327,ev below min (-0.045)
2024-05-26,42300313.0,dallas mavericks,1.76,0.5391544258853814,-0.05108821044172873,0.0,1,0.0,388.01741309751327,ev below min (-0.051)
2024-05-28,42300314.0,dallas mavericks,1.71,0.5739318187640206,-0.018576589913524844,0.0,0,0.0,388.01741309751327,ev below min (-0.019)
2024-05-30,42300315.0,minnesota timberwolves,1.43,0.6938139877855948,-0.00784599746659953,0.0,0,0.0,388.01741309751327,ev below min (-0.008)
2024-06-06,42300401.0,boston celtics,1.48,0.7184861338969422,0.06335947816747445,0.0,1,0.0,388.01741309751327,ev below min (0.063)
2024-06-09,42300402.0,boston celtics,1.31,0.7432501214593797,-0.026342340888212523,0.0,1,0.0,388.01741309751327,ev below min (-0.026)
2024-06-12,42300403.0,boston celtics,2.09,0.5654147071604367,0.18171673796531262,7.7603482619502655,1,8.458779605525788,396.47619270303903,bet placed
2024-06-14,42300404.0,boston celtics,1.76,0.5771377559968088,0.015762450554383634,0.0,0,0.0,396.47619270303903,ev below min (0.016)
2024-06-17,42300405.0,boston celtics,1.32,0.7263432475132071,-0.04122691328256656,0.0,1,0.0,396.47619270303903,ev below min (-0.041)
2024-04-17,52300101.0,miami heat,2.55,0.49751421407803853,0.2686612458989981,7.929523854060781,0,-7.929523854060781,388.54666884897824,bet placed
2024-04-17,52300111.0,chicago bulls,1.58,0.6267014888940027,-0.009811647547475766,0.0,1,0.0,388.54666884897824,ev below min (-0.010)
2024-04-16,52300121.0,new orleans pelicans,1.77,0.6318870886512733,0.11844014691275384,0.0,0,0.0,388.54666884897824,ev below min (0.118)
2024-04-16,52300131.0,sacramento kings,2.08,0.6566671892742606,0.365867753690462,7.770933376979565,1,8.392608047137932,396.93927689611616,bet placed
2024-04-19,52300201.0,miami heat,1.66,0.6841015639302093,0.13560859612414733,0.0,1,0.0,396.93927689611616,ev below min (0.136)
2024-04-19,52300211.0,new orleans pelicans,1.78,0.6707100645837033,0.1938639149589918,7.938785537922323,1,6.192252719579412,403.13152961569557,bet placed
