gameId,teamId,teamCity,teamName,teamTricode,teamSlug,personId,firstName,familyName,nameI,playerSlug,position,comment,jerseyNum,minutes,percentageFieldGoalsAttempted2pt,percentageFieldGoalsAttempted3pt,percentagePoints2pt,percentagePointsMidrange2pt,percentagePoints3pt,percentagePointsFastBreak,percentagePointsFreeThrow,percentagePointsOffTurnovers,percentagePointsPaint,percentageAssisted2pt,percentageUnassisted2pt,percentageAssisted3pt,percentageUnassisted3pt,percentageAssistedFGM,percentageUnassistedFGM
0021500030,1610612744,Golden State,Warriors,GSW,warriors,203084,Harrison,Barnes,H. Barnes,harrison-barnes,F,,,26:28,0.9,0.1,0.833,0.333,0.0,0.0,0.167,0.167,0.5,0.4,0.6,0.0,0.0,0.4,0.6
0021500030,1610612744,Golden State,Warriors,GSW,warriors,203110,Draymond,Green,D. Green,draymond-green,F,,,31:14,0.75,0.25,0.444,0.0,0.333,0.0,0.222,0.222,0.444,0.5,0.5,1.0,0.0,0.667,0.333
0021500030,1610612744,Golden State,Warriors,GSW,warriors,203105,Festus,Ezeli,F. Ezeli,festus-ezeli,C,,,24:42,1.0,0.0,0.889,0.0,0.0,0.111,0.111,0.111,0.889,0.75,0.25,0.0,0.0,0.75,0.25
0021500030,1610612744,Golden State,Warriors,GSW,warriors,202691,Klay,Thompson,K. Thompson,klay-thompson,G,,,24:03,0.5,0.5,0.545,0.182,0.273,0.364,0.182,0.182,0.364,0.667,0.333,1.0,0.0,0.75,0.25
0021500030,1610612744,Golden State,Warriors,GSW,warriors,201939,Stephen,Curry,S. Curry,stephen-curry,G,,,27:24,0.4,0.6,0.4,0.0,0.48,0.4,0.12,0.28,0.4,0.4,0.6,0.5,0.5,0.444,0.556
0021500030,1610612744,Golden State,Warriors,GSW,warriors,2738,Andre,Iguodala,A. Iguodala,andre-iguodala,,,,29:47,0.444,0.556,0.5,0.0,0.5,0.167,0.0,0.417,0.5,0.667,0.333,1.0,0.0,0.8,0.2
0021500030,1610612744,Golden State,Warriors,GSW,warriors,2733,Shaun,Livingston,S. Livingston,shaun-livingston,,,,19:59,1.0,0.0,0.0,0.0,0.0,0.0,1.0,0.0,0.0,0.0,0.0,0.0,0.0,0.0,0.0
0021500030,1610612744,Golden State,Warriors,GSW,warriors,201578,Marreese,Speights,M. Speights,marreese-speights,,,,12:40,0.909,0.091,0.857,0.286,0.0,0.0,0.143,0.0,0.571,0.667,0.333,0.0,0.0,0.667,0.333
0021500030,1610612744,Golden State,Warriors,GSW,warriors,2571,Leandro,Barbosa,L. Barbosa,leandro-barbosa,,,,19:23,0.833,0.167,0.4,0.4,0.6,0.0,0.0,0.0,0.0,0.0,1.0,1.0,0.0,0.5,0.5
0021500030,1610612744,Golden State,Warriors,GSW,warriors,201574,Jason,Thompson,J. Thompson,jason-thompson,,,,6:26,1.0,0.0,1.0,0.5,0.0,0.0,0.0,0.0,0.5,0.5,0.5,0.0,0.0,0.5,0.5
0021500030,1610612744,Golden State,Warriors,GSW,warriors,203949,James Michael,McAdoo,J. McAdoo,james-michael-mcadoo,,,,7:24,1.0,0.0,0.667,0.667,0.0,0.0,0.333,0.0,0.0,1.0,0.0,0.0,0.0,1.0,0.0
0021500030,1610612744,Golden State,Warriors,GSW,warriors,201575,Brandon,Rush,B. Rush,brandon-rush,,,,5:54,0.75,0.25,1.0,0.0,0.0,0.0,0.0,0.0,1.0,1.0,0.0,0.0,0.0,1.0,0.0
0021500030,1610612744,Golden State,Warriors,GSW,warriors,203546,Ian,Clark,I. Clark,ian-clark,,,,4:36,0.667,0.333,1.0,1.0,0.0,0.0,0.0,0.0,0.0,0.0,1.0,0.0,0.0,0.0,1.0
0021500030,1610612745,Houston,Rockets,HOU,rockets,2772,Trevor,Ariza,T. Ariza,trevor-ariza,F,,,29:41,0.556,0.444,0.182,0.0,0.545,0.0,0.273,0.0,0.182,1.0,0.0,1.0,0.0,1.0,0.0
0021500030,1610612745,Houston,Rockets,HOU,rockets,203093,Terrence,Jones,T. Jones,terrence-jones,F,,,18:09,0.857,0.143,1.0,0.5,0.0,0.0,0.0,0.0,0.5,1.0,0.0,0.0,0.0,1.0,0.0
0021500030,1610612745,Houston,Rockets,HOU,rockets,2730,Dwight,Howard,D. Howard,dwight-howard,C,,,21:49,1.0,0.0,0.889,0.0,0.0,0.0,0.111,0.222,0.889,0.75,0.25,0.0,0.0,0.75,0.25
0021500030,1610612745,Houston,Rockets,HOU,rockets,201935,James,Harden,J. Harden,james-harden,G,,,37:00,0.444,0.556,0.375,0.25,0.188,0.188,0.438,0.063,0.125,0.0,1.0,1.0,0.0,0.25,0.75
0021500030,1610612745,Houston,Rockets,HOU,rockets,201951,Ty,Lawson,T. Lawson,ty-lawson,G,,,35:31,0.625,0.375,0.182,0.0,0.273,0.545,0.545,0.0,0.182,1.0,0.0,1.0,0.0,1.0,0.0
0021500030,1610612745,Houston,Rockets,HOU,rockets,203991,Clint,Capela,C. Capela,clint-capela,,,,17:45,1.0,0.0,0.857,0.0,0.0,0.0,0.143,0.286,0.857,0.667,0.333,0.0,0.0,0.667,0.333
0021500030,1610612745,Houston,Rockets,HOU,rockets,1626149,Montrezl,Harrell,M. Harrell,montrezl-harrell,,,,21:10,1.0,0.0,0.824,0.0,0.0,0.118,0.176,0.235,0.824,0.571,0.429,0.0,0.0,0.571,0.429
0021500030,1610612745,Houston,Rockets,HOU,rockets,201976,Patrick,Beverley,P. Beverley,patrick-beverley,,,,20:54,0.833,0.167,1.0,0.0,0.0,0.0,0.0,0.0,1.0,0.0,1.0,0.0,0.0,0.0,1.0
0021500030,1610612745,Houston,Rockets,HOU,rockets,201147,Corey,Brewer,C. Brewer,corey-brewer,,,,29:01,0.667,0.333,0.182,0.182,0.273,0.182,0.545,0.0,0.0,1.0,0.0,1.0,0.0,1.0,0.0
0021500030,1610612745,Houston,Rockets,HOU,rockets,203909,KJ,McDaniels,K. McDaniels,kj-mcdaniels,,,,4:30,0.5,0.5,1.0,0.0,0.0,0.0,0.0,0.0,1.0,0.0,1.0,0.0,0.0,0.0,1.0
0021500030,1610612745,Houston,Rockets,HOU,rockets,1626155,Sam,Dekker,S. Dekker,sam-dekker,,,,4:30,0.0,0.0,0.0,0.0,0.0,0.0,0.0,0.0,0.0,0.0,0.0,0.0,0.0,0.0,0.0
0021500030,1610612745,Houston,Rockets,HOU,rockets,1891,Jason,Terry,J. Terry,jason-terry,,DNP - Coach's Decision,,,0.0,0.0,0.0,0.0,0.0,0.0,0.0,0.0,0.0,0.0,0.0,0.0,0.0,0.0,0.0
0021500030,1610612745,Houston,Rockets,HOU,rockets,201977,Marcus,Thornton,M. Thornton,marcus-thornton,,DNP - Coach's Decision,,,0.0,0.0,0.0,0.0,0.0,0.0,0.0,0.0,0.0,0.0,0.0,0.0,0.0,0.0,0.0
0021500028,1610612751,Brooklyn,Nets,BKN,nets,2207,Joe,Johnson,J. Johnson,joe-johnson,F,,,25:14,0.857,0.143,1.0,1.0,0.0,0.0,0.0,0.0,0.0,1.0,0.0,0.0,0.0,1.0,0.0
0021500028,1610612751,Brooklyn,Nets,BKN,nets,201152,Thaddeus,Young,T. Young,thaddeus-young,F,,,28:25,0.818,0.182,0.667,0.0,0.333,0.0,0.0,0.222,0.667,0.667,0.333,1.0,0.0,0.75,0.25
0021500028,1610612751,Brooklyn,Nets,BKN,nets,201572,Brook,Lopez,B. Lopez,brook-lopez,C,,,31:59,1.0,0.0,0.706,0.353,0.0,0.0,0.294,0.118,0.353,0.333,0.667,0.0,0.0,0.333,0.667
0021500028,1610612751,Brooklyn,Nets,BKN,nets,201961,Wayne,Ellington,W. Ellington,wayne-ellington,G,,,18:16,0.333,0.667,0.0,0.0,1.0,0.0,0.0,0.0,0.0,0.0,0.0,1.0,0.0,1.0,0.0
0021500028,1610612751,Brooklyn,Nets,BKN,nets,101127,Jarrett,Jack,J. Jack,jarrett-jack,G,,,26:57,0.769,0.231,0.5,0.5,0.5,0.0,0.0,0.0,0.0,0.333,0.667,0.5,0.5,0.4,0.6
0021500028,1610612751,Brooklyn,Nets,BKN,nets,203499,Shane,Larkin,S. Larkin,shane-larkin,,,,16:26,1.0,0.0,0.857,0.571,0.0,0.0,0.143,0.0,0.286,0.0,1.0,0.0,0.0,0.0,1.0
0021500028,1610612751,Brooklyn,Nets,BKN,nets,202711,Bojan,Bogdanovic,B. Bogdanovic,bojan-bogdanovic,,,,19:34,0.667,0.333,1.0,0.0,0.0,0.0,0.0,0.333,1.0,0.333,0.667,0.0,0.0,0.333,0.667
0021500028,1610612751,Brooklyn,Nets,BKN,nets,1626178,Rondae,Hollis-Jefferson,R. Hollis-Jefferson,rondae-hollis-jefferson,,,,26:09,1.0,0.0,1.0,0.0,0.0,0.0,0.0,0.2,1.0,0.8,0.2,0.0,0.0,0.8,0.2
0021500028,1610612751,Brooklyn,Nets,BKN,nets,200745,Andrea,Bargnani,A. Bargnani,andrea-bargnani,,,,16:18,0.75,0.25,0.4,0.4,0.6,0.0,0.0,0.0,0.0,1.0,0.0,1.0,0.0,1.0,0.0
0021500028,1610612751,Brooklyn,Nets,BKN,nets,203080,Thomas,Robinson,T. Robinson,thomas-robinson,,,,15:20,1.0,0.0,1.0,0.0,0.0,0.0,0.0,1.0,1.0,1.0,0.0,0.0,0.0,1.0,0.0
0021500028,1610612751,Brooklyn,Nets,BKN,nets,203900,Markel,Brown,M. Brown,markel-brown,,,,8:24,0.25,0.75,0.0,0.0,0.0,0.0,0.0,0.0,0.0,0.0,0.0,0.0,0.0,0.0,0.0
0021500028,1610612751,Brooklyn,Nets,BKN,nets,202388,Donald,Sloan,D. Sloan,donald-sloan,,,,4:37,1.0,0.0,0.0,0.0,0.0,0.0,0.0,0.0,0.0,0.0,0.0,0.0,0.0,0.0,0.0
0021500028,1610612751,Brooklyn,Nets,BKN,nets,203508,Sergey,Karasev,S. Karasev,sergey-karasev,,,,2:21,0.0,0.0,0.0,0.0,0.0,0.0,1.0,0.0,0.0,0.0,0.0,0.0,0.0,0.0,0.0
0021500028,1610612759,San Antonio,Spurs,SAS,spurs,202695,Kawhi,Leonard,K. Leonard,kawhi-leonard,F,,,25:47,0.875,0.125,0.75,0.375,0.0,0.125,0.25,0.375,0.375,0.667,0.333,0.0,0.0,0.667,0.333
0021500028,1610612759,San Antonio,Spurs,SAS,spurs,200746,LaMarcus,Aldridge,L. Aldridge,lamarcus-aldridge,F,,,29:33,1.0,0.0,1.0,0.2,0.0,0.0,0.0,0.0,0.8,0.0,1.0,0.0,0.0,0.0,1.0
0021500028,1610612759,San Antonio,Spurs,SAS,spurs,1495,Tim,Duncan,T. Duncan,tim-duncan,C,,,29:04,1.0,0.0,0.533,0.133,0.0,0.0,0.467,0.0,0.4,1.0,0.0,0.0,0.0,1.0,0.0
0021500028,1610612759,San Antonio,Spurs,SAS,spurs,201980,Danny,Green,D. Green,danny-green,G,,,26:33,0.167,0.833,0.25,0.0,0.75,0.0,0.0,0.0,0.25,0.0,1.0,1.0,0.0,0.667,0.333
0021500028,1610612759,San Antonio,Spurs,SAS,spurs,2225,Tony,Parker,T. Parker,tony-parker,G,,,23:46,1.0,0.0,1.0,0.6,0.0,0.0,0.0,0.0,0.4,0.2,0.8,0.0,0.0,0.2,0.8
0021500028,1610612759,San Antonio,Spurs,SAS,spurs,201988,Patty,Mills,P. Mills,patty-mills,,,,18:24,0.167,0.833,0.182,0.0,0.818,0.0,0.0,0.273,0.182,0.0,1.0,1.0,0.0,0.75,0.25
0021500028,1610612759,San Antonio,Spurs,SAS,spurs,1938,Manu,Ginobili,M. Ginobili,manu-ginobili,,,,21:37,0.5,0.5,0.5,0.0,0.5,0.167,0.0,0.0,0.5,0.333,0.667,1.0,0.0,0.6,0.4
0021500028,1610612759,San Antonio,Spurs,SAS,spurs,2564,Boris,Diaw,B. Diaw,boris-diaw,,,,18:43,0.8,0.2,0.571,0.286,0.429,0.0,0.0,0.429,0.286,1.0,0.0,1.0,0.0,1.0,0.0
0021500028,1610612759,San Antonio,Spurs,SAS,spurs,203937,Kyle,Anderson,K. Anderson,kyle-anderson,,,,10:53,1.0,0.0,0.0,0.0,0.0,0.0,0.0,0.0,0.0,0.0,0.0,0.0,0.0,0.0,0.0
0021500028,1610612759,San Antonio,Spurs,SAS,spurs,2561,David,West,D. West,david-west,,,,14:03,1.0,0.0,1.0,0.0,0.0,0.0,0.0,0.0,1.0,1.0,0.0,0.0,0.0,1.0,0.0
0021500028,1610612759,San Antonio,Spurs,SAS,spurs,2446,Rasual,Butler,R. Butler,rasual-butler,,,,11:10,0.25,0.75,0.0,0.0,1.0,1.0,0.0,0.0,0.0,0.0,0.0,1.0,0.0,1.0,0.0
0021500028,1610612759,San Antonio,Spurs,SAS,spurs,203492,Ray,McCallum,R. McCallum,ray-mccallum,,,,5:50,1.0,0.0,1.0,0.0,0.0,1.0,0.0,1.0,1.0,1.0,0.0,0.0,0.0,1.0,0.0
0021500028,1610612759,San Antonio,Spurs,SAS,spurs,1626246,Boban,Marjanovic,B. Marjanovic,boban-marjanovic,,,,4:37,1.0,0.0,0.667,0.333,0.0,0.0,0.333,0.0,0.333,0.0,1.0,0.0,0.0,0.0,1.0
0021500029,1610612750,Minnesota,Timberwolves,MIN,timberwolves,2419,Tayshaun,Prince,T. Prince,tayshaun-prince,F,,,29:20,0.333,0.667,1.0,1.0,0.0,0.0,0.0,0.0,0.0,0.0,1.0,0.0,0.0,0.0,1.0
0021500029,1610612750,Minnesota,Timberwolves,MIN,timberwolves,708,Kevin,Garnett,K. Garnett,kevin-garnett,F,,,22:19,1.0,0.0,0.5,0.0,0.0,0.5,0.5,0.0,0.5,1.0,0.0,0.0,0.0,1.0,0.0
0021500029,1610612750,Minnesota,Timberwolves,MIN,timberwolves,1626157,Karl-Anthony,Towns,K. Towns,karl-anthony-towns,C,,,33:12,1.0,0.0,0.786,0.286,0.0,0.179,0.214,0.179,0.5,0.818,0.182,0.0,0.0,0.818,0.182
0021500029,1610612750,Minnesota,Timberwolves,MIN,timberwolves,203952,Andrew,Wiggins,A. Wiggins,andrew-wiggins,G,,,30:41,0.923,0.077,0.556,0.111,0.0,0.0,0.444,0.278,0.444,0.2,0.8,0.0,0.0,0.2,0.8
0021500029,1610612750,Minnesota,Timberwolves,MIN,timberwolves,201937,Ricky,Rubio,R. Rubio,ricky-rubio,G,,,30:24,0.75,0.25,0.333,0.167,0.0,0.0,0.667,0.0,0.167,0.5,0.5,0.0,0.0,0.5,0.5
0021500029,1610612750,Minnesota,Timberwolves,MIN,timberwolves,202357,Nemanja,Bjelica,N. Bjelica,nemanja-bjelica,,,,25:41,0.5,0.5,0.0,0.0,1.0,0.0,0.0,0.0,0.0,0.0,0.0,1.0,0.0,1.0,0.0
0021500029,1610612750,Minnesota,Timberwolves,MIN,timberwolves,2755,Kevin,Martin,K. Martin,kevin-martin,,,,21:20,0.778,0.222,0.429,0.143,0.214,0.214,0.357,0.286,0.286,1.0,0.0,1.0,0.0,1.0,0.0
0021500029,1610612750,Minnesota,Timberwolves,MIN,timberwolves,203498,Shabazz,Muhammad,S. Muhammad,shabazz-muhammad,,,,16:11,0.6,0.4,1.0,0.0,0.0,0.0,0.0,0.0,1.0,0.0,1.0,0.0,0.0,0.0,1.0
0021500029,1610612750,Minnesota,Timberwolves,MIN,timberwolves,203476,Gorgui,Dieng,G. Dieng,gorgui-dieng,,,,13:16,1.0,0.0,1.0,1.0,0.0,0.0,0.0,0.0,0.0,1.0,0.0,0.0,0.0,1.0,0.0
0021500029,1610612750,Minnesota,Timberwolves,MIN,timberwolves,203897,Zach,LaVine,Z. LaVine,zach-lavine,,,,17:36,0.833,0.167,0.6,0.2,0.0,0.2,0.4,0.2,0.4,0.0,1.0,0.0,0.0,0.0,1.0
0021500029,1610612750,Minnesota,Timberwolves,MIN,timberwolves,1889,Andre,Miller,A. Miller,andre-miller,,DNP - Coach's Decision,,,0.0,0.0,0.0,0.0,0.0,0.0,0.0,0.0,0.0,0.0,0.0,0.0,0.0,0.0,0.0
0021500029,1610612750,Minnesota,Timberwolves,MIN,timberwolves,203940,Adreian,Payne,A. Payne,adreian-payne,,DNP - Coach's Decision,,,0.0,0.0,0.0,0.0,0.0,0.0,0.0,0.0,0.0,0.0,0.0,0.0,0.0,0.0,0.0
0021500029,1610612750,Minnesota,Timberwolves,MIN,timberwolves,204014,Damjan,Rudez,D. Rudez,damjan-rudez,,DNP - Coach's Decision,,,0.0,0.0,0.0,0.0,0.0,0.0,0.0,0.0,0.0,0.0,0.0,0.0,0.0,0.0,0.0
0021500029,1610612743,Denver,Nuggets,DEN,nuggets,201568,Danilo,Gallinari,D. Gallinari,danilo-gallinari,F,,,33:23,0.769,0.231,0.8,0.2,0.0,0.0,0.2,0.2,0.6,0.0,1.0,0.0,0.0,0.0,1.0
0021500029,1610612743,Denver,Nuggets,DEN,nuggets,202702,Kenneth,Faried,K. Faried,kenneth-faried,F,,,26:47,1.0,0.0,0.667,0.0,0.0,0.111,0.333,0.222,0.667,0.333,0.667,0.0,0.0,0.333,0.667
0021500029,1610612743,Denver,Nuggets,DEN,nuggets,203530,Joffrey,Lauvergne,J. Lauvergne,joffrey-lauvergne,C,,,16:15,0.857,0.143,0.8,0.0,0.0,0.2,0.2,0.0,0.8,0.5,0.5,0.0,0.0,0.5,0.5
0021500029,1610612743,Denver,Nuggets,DEN,nuggets,203914,Gary,Harris,G. Harris,gary-harris,G,,,17:53,0.75,0.25,1.0,0.5,0.0,0.0,0.0,0.0,0.5,1.0,0.0,0.0,0.0,1.0,0.0
0021500029,1610612743,Denver,Nuggets,DEN,nuggets,1626144,Emmanuel,Mudiay,E. Mudiay,emmanuel-mudiay,G,,,26:30,0.667,0.333,0.4,0.0,0.4,0.133,0.2,0.133,0.4,0.333,0.667,0.5,0.5,0.4,0.6
0021500029,1610612743,Denver,Nuggets,DEN,nuggets,203115,Will,Barton,W. Barton,will-barton,,,,29:41,0.714,0.286,0.429,0.0,0.214,0.143,0.357,0.429,0.429,1.0,0.0,1.0,0.0,1.0,0.0
0021500029,1610612743,Denver,Nuggets,DEN,nuggets,200751,Randy,Foye,R. Foye,randy-foye,,,,8:22,0.0,1.0,0.0,0.0,0.0,0.0,0.0,0.0,0.0,0.0,0.0,0.0,0.0,0.0,0.0
0021500029,1610612743,Denver,Nuggets,DEN,nuggets,2749,Jameer,Nelson,J. Nelson,jameer-nelson,,,,25:42,0.6,0.4,0.0,0.0,1.0,0.0,0.0,0.0,0.0,0.0,0.0,0.0,1.0,0.0,1.0
0021500029,1610612743,Denver,Nuggets,DEN,nuggets,201589,Darrell,Arthur,D. Arthur,darrell-arthur,,,,26:26,0.571,0.429,0.0,0.0,1.0,0.0,0.0,0.0,0.0,0.0,0.0,1.0,0.0,1.0,0.0
0021500029,1610612743,Denver,Nuggets,DEN,nuggets,203999,Nikola,Jokić,N. Jokić,nikola-jokić,,,,18:09,1.0,0.0,1.0,0.0,0.0,0.0,0.0,0.2,1.0,0.6,0.4,0.0,0.0,0.6,0.4
0021500029,1610612743,Denver,Nuggets,DEN,nuggets,2034,Mike,Miller,M. Miller,mike-miller,,,,9:20,0.0,1.0,0.0,0.0,0.0,0.0,0.0,0.0,0.0,0.0,0.0,0.0,0.0,0.0,0.0
0021500029,1610612743,Denver,Nuggets,DEN,nuggets,203475,Erick,Green,E. Green,erick-green,,,,1:32,0.0,0.0,0.0,0.0,0.0,0.0,0.0,0.0,0.0,0.0,0.0,0.0,0.0,0.0,0.0
0021500029,1610612743,Denver,Nuggets,DEN,nuggets,201581,JJ,Hickson,J. Hickson,jj-hickson,,DNP - Coach's Decision,,,0.0,0.0,0.0,0.0,0.0,0.0,0.0,0.0,0.0,0.0,0.0,0.0,0.0,0.0,0.0
0021500021,1610612748,Miami,Heat,MIA,heat,2736,Luol,Deng,L. Deng,luol-deng,F,,,29:12,0.625,0.375,0.6,0.0,0.3,0.2,0.1,0.3,0.6,0.667,0.333,1.0,0.0,0.75,0.25
0021500021,1610612748,Miami,Heat,MIA,heat,2547,Chris,Bosh,C. Bosh,chris-bosh,F,,,33:10,0.733,0.267,0.625,0.375,0.375,0.125,0.0,0.125,0.25,1.0,0.0,1.0,0.0,1.0,0.0
0021500021,1610612748,Miami,Heat,MIA,heat,202355,Hassan,Whiteside,H. Whiteside,hassan-whiteside,C,,,36:02,1.0,0.0,0.727,0.0,0.0,0.273,0.273,0.0,0.727,1.0,0.0,0.0,0.0,1.0,0.0
0021500021,1610612748,Miami,Heat,MIA,heat,201609,Goran,Dragic,G. Dragic,goran-dragic,G,,,33:36,0.667,0.333,0.364,0.0,0.273,0.182,0.364,0.182,0.364,0.0,1.0,0.0,1.0,0.0,1.0
0021500021,1610612748,Miami,Heat,MIA,heat,2548,Dwyane,Wade,D. Wade,dwyane-wade,G,,,30:25,0.867,0.133,0.56,0.24,0.12,0.08,0.32,0.24,0.32,0.286,0.714,1.0,0.0,0.375,0.625
0021500021,1610612748,Miami,Heat,MIA,heat,1626159,Justise,Winslow,J. Winslow,justise-winslow,,,,18:48,0.5,0.5,1.0,0.0,0.0,0.0,0.0,0.0,1.0,1.0,0.0,0.0,0.0,1.0,0.0
0021500021,1610612748,Miami,Heat,MIA,heat,201596,Mario,Chalmers,M. Chalmers,mario-chalmers,,,,14:24,0.667,0.333,0.75,0.25,0.0,0.0,0.25,0.0,0.5,0.333,0.667,0.0,0.0,0.333,0.667
0021500021,1610612748,Miami,Heat,MIA,heat,101123,Gerald,Green,G. Green,gerald-green,,,,16:07,0.556,0.444,0.0,0.0,0.6,0.0,0.4,0.0,0.0,0.0,0.0,1.0,0.0,1.0,0.0
0021500021,1610612748,Miami,Heat,MIA,heat,201177,Josh,McRoberts,J. McRoberts,josh-mcroberts,,,,13:22,0.5,0.5,1.0,0.0,0.0,0.0,0.0,0.0,1.0,1.0,0.0,0.0,0.0,1.0,0.0
0021500021,1610612748,Miami,Heat,MIA,heat,2405,Amar'e,Stoudemire,A. Stoudemire,amare-stoudemire,,,,11:58,1.0,0.0,1.0,1.0,0.0,0.0,0.0,0.0,0.0,0.0,1.0,0.0,0.0,0.0,1.0
0021500021,1610612748,Miami,Heat,MIA,heat,203516,James,Ennis III,J. Ennis III,james-ennis-iii,,,,1:28,0.0,0.0,0.0,0.0,0.0,0.0,0.0,0.0,0.0,0.0,0.0,0.0,0.0,0.0,0.0
0021500021,1610612748,Miami,Heat,MIA,heat,204020,Tyler,Johnson,T. Johnson,tyler-johnson,,,,1:28,0.0,0.0,0.0,0.0,0.0,0.0,0.0,0.0,0.0,0.0,0.0,0.0,0.0,0.0,0.0
0021500021,1610612748,Miami,Heat,MIA,heat,2617,Udonis,Haslem,U. Haslem,udonis-haslem,,DNP - Coach's Decision,,,0.0,0.0,0.0,0.0,0.0,0.0,0.0,0.0,0.0,0.0,0.0,0.0,0.0,0.0,0.0
0021500021,1610612739,Cleveland,Cavaliers,CLE,cavaliers,2544,LeBron,James,L. James,lebron-james,F,,,33:56,0.895,0.105,0.897,0.345,0.0,0.172,0.103,0.207,0.552,0.308,0.692,0.0,0.0,0.308,0.692
0021500021,1610612739,Cleveland,Cavaliers,CLE,cavaliers,201567,Kevin,Love,K. Love,kevin-love,F,,,33:07,0.533,0.467,0.25,0.0,0.375,0.0,0.375,0.083,0.25,0.667,0.333,1.0,0.0,0.833,0.167
0021500021,1610612739,Cleveland,Cavaliers,CLE,cavaliers,202389,Timofey,Mozgov,T. Mozgov,timofey-mozgov,C,,,18:04,1.0,0.0,0.889,0.0,0.0,0.0,0.111,0.0,0.889,0.75,0.25,0.0,0.0,0.75,0.25
0021500021,1610612739,Cleveland,Cavaliers,CLE,cavaliers,2747,JR,Smith,J. Smith,jr-smith,G,,,22:15,0.625,0.375,1.0,1.0,0.0,0.0,0.0,0.0,0.0,0.0,1.0,0.0,0.0,0.0,1.0
0021500021,1610612739,Cleveland,Cavaliers,CLE,cavaliers,2590,Mo,Williams,M. Williams,mo-williams,G,,,25:48,0.6,0.4,0.667,0.667,0.0,0.0,0.333,0.333,0.0,0.5,0.5,0.0,0.0,0.5,0.5
0021500021,1610612739,Cleveland,Cavaliers,CLE,cavaliers,203521,Matthew,Dellavedova,M. Dellavedova,matthew-dellavedova,,,,26:58,0.2,0.8,0.0,0.0,0.6,0.0,0.4,0.0,0.0,0.0,0.0,1.0,0.0,1.0,0.0
0021500021,1610612739,Cleveland,Cavaliers,CLE,cavaliers,2210,Richard,Jefferson,R. Jefferson,richard-jefferson,,,,24:23,0.571,0.429,0.4,0.0,0.6,0.6,0.0,0.0,0.4,1.0,0.0,1.0,0.0,1.0,0.0
0021500021,1610612739,Cleveland,Cavaliers,CLE,cavaliers,202684,Tristan,Thompson,T. Thompson,tristan-thompson,,,,26:03,1.0,0.0,0.923,0.154,0.0,0.0,0.077,0.0,0.769,1.0,0.0,0.0,0.0,1.0,0.0
0021500021,1610612739,Cleveland,Cavaliers,CLE,cavaliers,203099,Jared,Cunningham,J. Cunningham,jared-cunningham,,,,9:12,0.75,0.25,1.0,0.0,0.0,0.0,0.0,0.0,1.0,0.5,0.5,0.0,0.0,0.5,0.5
0021500021,1610612739,Cleveland,Cavaliers,CLE,cavaliers,2760,Anderson,Varejao,A. Varejao,anderson-varejao,,,,15:50,1.0,0.0,1.0,1.0,0.0,0.0,0.0,0.0,0.0,1.0,0.0,0.0,0.0,1.0,0.0
0021500021,1610612739,Cleveland,Cavaliers,CLE,cavaliers,2592,James,Jones,J. Jones,james-jones,,,,1:28,0.0,0.0,0.0,0.0,0.0,0.0,0.0,0.0,0.0,0.0,0.0,0.0,0.0,0.0,0.0
0021500021,1610612739,Cleveland,Cavaliers,CLE,cavaliers,203925,Joe,Harris,J. Harris,joe-harris,,,,1:28,0.0,1.0,0.0,0.0,1.0,0.0,0.0,0.0,0.0,0.0,0.0,1.0,0.0,1.0,0.0
0021500021,1610612739,Cleveland,Cavaliers,CLE,cavaliers,201619,Sasha,Kaun,S. Kaun,sasha-kaun,,,,1:28,0.0,0.0,0.0,0.0,0.0,0.0,0.0,0.0,0.0,0.0,0.0,0.0,0.0,0.0,0.0
0021500032,1610612757,Portland,Trail Blazers,POR,blazers,202329,Al-Farouq,Aminu,A. Aminu,al-farouq-aminu,F,,,31:32,0.667,0.333,0.375,0.0,0.375,0.375,0.25,0.125,0.375,0.667,0.333,1.0,0.0,0.8,0.2
0021500032,1610612757,Portland,Trail Blazers,POR,blazers,203086,Meyers,Leonard,M. Leonard,meyers-leonard,F,,,17:33,0.6,0.4,0.0,0.0,0.0,0.0,0.0,0.0,0.0,0.0,0.0,0.0,0.0,0.0,0.0
0021500032,1610612757,Portland,Trail Blazers,POR,blazers,203486,Mason,Plumlee,M. Plumlee,mason-plumlee,C,,,25:36,1.0,0.0,0.933,0.133,0.0,0.133,0.067,0.467,0.8,0.714,0.286,0.0,0.0,0.714,0.286
0021500032,1610612757,Portland,Trail Blazers,POR,blazers,203468,CJ,McCollum,C. McCollum,cj-mccollum,G,,,33:18,0.682,0.318,0.625,0.375,0.375,0.438,0.0,0.313,0.25,0.2,0.8,1.0,0.0,0.429,0.571
0021500032,1610612757,Portland,Trail Blazers,POR,blazers,203081,Damian,Lillard,D. Lillard,damian-lillard,G,,,36:50,0.6,0.4,0.333,0.083,0.375,0.0,0.292,0.083,0.25,0.0,1.0,0.333,0.667,0.143,0.857
0021500032,1610612757,Portland,Trail Blazers,POR,blazers,203459,Allen,Crabbe,A. Crabbe,allen-crabbe,,,,22:56,0.667,0.333,0.0,0.0,0.0,0.0,0.0,0.0,0.0,0.0,0.0,0.0,0.0,0.0,0.0
0021500032,1610612757,Portland,Trail Blazers,POR,blazers,202334,Ed,Davis,E. Davis,ed-davis,,,,19:42,1.0,0.0,0.8,0.0,0.0,0.0,0.2,0.0,0.8,0.5,0.5,0.0,0.0,0.5,0.5
0021500032,1610612757,Portland,Trail Blazers,POR,blazers,203090,Maurice,Harkless,M. Harkless,maurice-harkless,,,,24:01,0.667,0.333,0.667,0.0,0.333,0.222,0.0,0.444,0.667,0.333,0.667,1.0,0.0,0.5,0.5
0021500032,1610612757,Portland,Trail Blazers,POR,blazers,203943,Noah,Vonleh,N. Vonleh,noah-vonleh,,,,21:02,1.0,0.0,1.0,0.0,0.0,0.0,0.0,0.0,1.0,0.0,1.0,0.0,0.0,0.0,1.0
0021500032,1610612757,Portland,Trail Blazers,POR,blazers,1626192,Pat,Connaughton,P. Connaughton,pat-connaughton,,,,2:42,0.5,0.5,0.0,0.0,0.6,0.0,0.4,0.0,0.0,0.0,0.0,1.0,0.0,1.0,0.0
0021500032,1610612757,Portland,Trail Blazers,POR,blazers,1626242,Luis,Montero,L. Montero,luis-montero,,,,2:24,1.0,0.0,0.0,0.0,0.0,0.0,0.0,0.0,0.0,0.0,0.0,0.0,0.0,0.0,0.0
0021500032,1610612757,Portland,Trail Blazers,POR,blazers,204025,Tim,Frazier,T. Frazier,tim-frazier,,,,2:24,0.0,0.0,0.0,0.0,0.0,0.0,0.0,0.0,0.0,0.0,0.0,0.0,0.0,0.0,0.0
0021500032,1610612757,Portland,Trail Blazers,POR,blazers,2549,Chris,Kaman,C. Kaman,chris-kaman,,DNP - Coach's Decision,,,0.0,0.0,0.0,0.0,0.0,0.0,0.0,0.0,0.0,0.0,0.0,0.0,0.0,0.0,0.0
0021500032,1610612756,Phoenix,Suns,PHX,suns,200782,P.J.,Tucker,P. Tucker,pj-tucker,F,,,23:45,0.5,0.5,1.0,0.0,0.0,0.0,0.0,0.5,1.0,0.5,0.5,0.0,0.0,0.5,0.5
0021500032,1610612756,Phoenix,Suns,PHX,suns,202693,Markieff,Morris,M. Morris,markieff-morris,F,,,34:21,0.824,0.176,0.769,0.308,0.231,0.0,0.0,0.0,0.462,0.2,0.8,1.0,0.0,0.333,0.667
0021500032,1610612756,Phoenix,Suns,PHX,suns,2199,Tyson,Chandler,T. Chandler,tyson-chandler,C,,,25:54,1.0,0.0,0.4,0.0,0.0,0.133,0.6,0.267,0.4,1.0,0.0,0.0,0.0,1.0,0.0
0021500032,1610612756,Phoenix,Suns,PHX,suns,202688,Brandon,Knight,B. Knight,brandon-knight,G,,,33:04,0.643,0.357,0.556,0.0,0.333,0.111,0.111,0.611,0.556,0.0,1.0,0.5,0.5,0.143,0.857
0021500032,1610612756,Phoenix,Suns,PHX,suns,202339,Eric,Bledsoe,E. Bledsoe,eric-bledsoe,G,,,33:14,0.857,0.143,0.545,0.182,0.0,0.182,0.455,0.091,0.364,0.333,0.667,0.0,0.0,0.333,0.667
0021500032,1610612756,Phoenix,Suns,PHX,suns,201603,Sonny,Weems,S. Weems,sonny-weems,,,,16:48,0.5,0.5,0.667,0.0,0.0,0.0,0.333,0.0,0.667,0.0,1.0,0.0,0.0,0.0,1.0
0021500032,1610612756,Phoenix,Suns,PHX,suns,203458,Alex,Len,A. Len,alex-len,,,,18:45,1.0,0.0,0.8,0.0,0.0,0.0,0.2,0.0,0.8,0.5,0.5,0.0,0.0,0.5,0.5
0021500032,1610612756,Phoenix,Suns,PHX,suns,202720,Jon,Leuer,J. Leuer,jon-leuer,,,,14:36,1.0,0.0,0.0,0.0,0.0,1.0,1.0,0.0,0.0,0.0,0.0,0.0,0.0,0.0,0.0
0021500032,1610612756,Phoenix,Suns,PHX,suns,203933,T.J.,Warren,T. Warren,tj-warren,,,,21:51,0.8,0.2,0.706,0.0,0.176,0.176,0.118,0.353,0.706,0.833,0.167,1.0,0.0,0.857,0.143
0021500032,1610612756,Phoenix,Suns,PHX,suns,101179,Ronnie,Price,R. Price,ronnie-price,,,,10:30,0.333,0.667,0.333,0.0,0.0,1.0,0.667,0.667,0.333,0.0,1.0,0.0,0.0,0.0,1.0
0021500032,1610612756,Phoenix,Suns,PHX,suns,1626164,Devin,Booker,D. Booker,devin-booker,,,,2:24,1.0,0.0,0.0,0.0,0.0,0.0,0.0,0.0,0.0,0.0,0.0,0.0,0.0,0.0,0.0
0021500032,1610612756,Phoenix,Suns,PHX,suns,203462,Archie,Goodwin,A. Goodwin,archie-goodwin,,,,2:24,0.0,0.0,0.0,0.0,0.0,0.0,1.0,0.0,0.0,0.0,0.0,0.0,0.0,0.0,0.0
0021500032,1610612756,Phoenix,Suns,PHX,suns,203141,Mirza,Teletovic,M. Teletovic,mirza-teletovic,,,,2:24,0.0,0.0,0.0,0.0,0.0,0.0,0.0,0.0,0.0,0.0,0.0,0.0,0.0,0.0,0.0
0021500031,1610612747,Los Angeles,Lakers,LAL,lakers,977,Kobe,Bryant,K. Bryant,kobe-bryant,F,,,22:12,0.333,0.667,0.615,0.308,0.231,0.231,0.154,0.154,0.308,0.0,1.0,1.0,0.0,0.2,0.8
0021500031,1610612747,Los Angeles,Lakers,LAL,lakers,203944,Julius,Randle,J. Randle,julius-randle,F,,,16:13,1.0,0.0,0.667,0.667,0.0,0.0,0.333,0.0,0.0,0.0,1.0,0.0,0.0,0.0,1.0
0021500031,1610612747,Los Angeles,Lakers,LAL,lakers,201579,Roy,Hibbert,R. Hibbert,roy-hibbert,C,,,21:16,0.833,0.167,0.6,0.0,0.0,0.0,0.4,0.0,0.6,0.667,0.333,0.0,0.0,0.667,0.333
0021500031,1610612747,Los Angeles,Lakers,LAL,lakers,203903,Jordan,Clarkson,J. Clarkson,jordan-clarkson,G,,,28:32,0.8,0.2,0.727,0.273,0.273,0.091,0.0,0.091,0.455,0.0,1.0,1.0,0.0,0.2,0.8
0021500031,1610612747,Los Angeles,Lakers,LAL,lakers,1626156,D'Angelo,Russell,D. Russell,dangelo-russell,G,,,23:02,0.5,0.5,0.462,0.154,0.462,0.154,0.077,0.154,0.308,0.667,0.333,0.5,0.5,0.6,0.4
0021500031,1610612747,Los Angeles,Lakers,LAL,lakers,101138,Brandon,Bass,B. Bass,brandon-bass,,,,20:10,1.0,0.0,0.5,0.0,0.0,0.0,0.5,0.0,0.5,1.0,0.0,0.0,0.0,1.0,0.0
0021500031,1610612747,Los Angeles,Lakers,LAL,lakers,101150,Lou,Williams,L. Williams,lou-williams,,,,26:08,0.667,0.333,0.75,0.25,0.0,0.5,0.25,0.25,0.5,0.0,1.0,0.0,0.0,0.0,1.0
0021500031,1610612747,Los Angeles,Lakers,LAL,lakers,201156,Nick,Young,N. Young,nick-young,,,,21:44,0.364,0.636,0.235,0.235,0.529,0.471,0.235,0.118,0.0,0.5,0.5,1.0,0.0,0.8,0.2
0021500031,1610612747,Los Angeles,Lakers,LAL,lakers,203527,Ryan,Kelly,R. Kelly,ryan-kelly,,,,27:43,0.571,0.429,0.6,0.2,0.3,0.0,0.1,0.0,0.4,1.0,0.0,1.0,0.0,1.0,0.0
0021500031,1610612747,Los Angeles,Lakers,LAL,lakers,1626273,Marcelo,Huertas,M. Huertas,marcelo-huertas,,,,18:18,0.6,0.4,0.0,0.0,1.0,0.0,0.0,0.0,0.0,0.0,0.0,1.0,0.0,1.0,0.0
0021500031,1610612747,Los Angeles,Lakers,LAL,lakers,204028,Tarik,Black,T. Black,tarik-black,,,,6:34,1.0,0.0,0.0,0.0,0.0,0.0,0.0,0.0,0.0,0.0,0.0,0.0,0.0,0.0,0.0
0021500031,1610612747,Los Angeles,Lakers,LAL,lakers,1626148,Anthony,Brown,A. Brown,anthony-brown,,,,4:04,0.0,1.0,0.0,0.0,0.6,0.6,0.4,0.0,0.0,0.0,0.0,1.0,0.0,1.0,0.0
0021500031,1610612747,Los Angeles,Lakers,LAL,lakers,203135,Robert,Sacre,R. Sacre,robert-sacre,,,,4:04,1.0,0.0,1.0,0.0,0.0,0.0,0.0,0.0,1.0,0.0,1.0,0.0,0.0,0.0,1.0
0021500031,1610612758,Sacramento,Kings,SAC,kings,200752,Rudy,Gay,R. Gay,rudy-gay,F,,,31:21,0.75,0.25,0.632,0.316,0.316,0.421,0.053,0.316,0.316,0.667,0.333,0.5,0.5,0.625,0.375
0021500031,1610612758,Sacramento,Kings,SAC,kings,202326,DeMarcus,Cousins,D. Cousins,demarcus-cousins,F,,,28:23,0.867,0.133,0.476,0.0,0.0,0.095,0.524,0.238,0.476,0.8,0.2,0.0,0.0,0.8,0.2
0021500031,1610612758,Sacramento,Kings,SAC,kings,1626161,Willie,Cauley-Stein,W. Cauley-Stein,willie-cauley-stein,C,,,30:11,1.0,0.0,0.824,0.0,0.0,0.0,0.176,0.0,0.824,0.286,0.714,0.0,0.0,0.286,0.714
0021500031,1610612758,Sacramento,Kings,SAC,kings,203463,Ben,McLemore,B. McLemore,ben-mclemore,G,,,24:59,0.625,0.375,0.286,0.0,0.429,0.286,0.286,0.714,0.286,0.0,1.0,1.0,0.0,0.5,0.5
0021500031,1610612758,Sacramento,Kings,SAC,kings,200765,Rajon,Rondo,R. Rondo,rajon-rondo,G,,,23:47,0.846,0.154,0.762,0.095,0.143,0.381,0.095,0.19,0.667,0.125,0.875,1.0,0.0,0.222,0.778
0021500031,1610612758,Sacramento,Kings,SAC,kings,201954,Darren,Collison,D. Collison,darren-collison,,,,23:50,0.769,0.231,1.0,0.286,0.0,0.286,0.0,0.143,0.714,0.429,0.571,0.0,0.0,0.429,0.571
0021500031,1610612758,Sacramento,Kings,SAC,kings,201956,Omri,Casspi,O. Casspi,omri-casspi,,,,21:59,0.778,0.222,0.833,0.0,0.0,0.583,0.167,0.167,0.833,0.6,0.4,0.0,0.0,0.6,0.4
0021500031,1610612758,Sacramento,Kings,SAC,kings,201585,Kosta,Koufos,K. Koufos,kosta-koufos,,,,21:15,1.0,0.0,1.0,0.0,0.0,0.0,0.0,0.0,1.0,0.5,0.5,0.0,0.0,0.5,0.5
0021500031,1610612758,Sacramento,Kings,SAC,kings,201158,Marco,Belinelli,M. Belinelli,marco-belinelli,,,,22:12,0.286,0.714,0.333,0.0,0.5,0.0,0.167,0.5,0.333,1.0,0.0,1.0,0.0,1.0,0.0
0021500031,1610612758,Sacramento,Kings,SAC,kings,202341,James,Anderson,J. Anderson,james-anderson,,,,4:30,0.0,1.0,0.0,0.0,1.0,0.0,0.0,1.0,0.0,0.0,0.0,1.0,0.0,1.0,0.0
0021500031,1610612758,Sacramento,Kings,SAC,kings,203552,Seth,Curry,S. Curry,seth-curry,,,,3:49,1.0,0.0,1.0,0.0,0.0,0.0,0.0,0.0,1.0,0.0,1.0,0.0,0.0,0.0,1.0
0021500031,1610612758,Sacramento,Kings,SAC,kings,203961,Eric,Moreland,E. Moreland,eric-moreland,,,,3:44,1.0,0.0,1.0,0.0,0.0,1.0,0.0,0.0,1.0,1.0,0.0,0.0,0.0,1.0,0.0
0021500031,1610612758,Sacramento,Kings,SAC,kings,2406,Caron,Butler,C. Butler,caron-butler,,DNP - Coach's Decision,,,0.0,0.0,0.0,0.0,0.0,0.0,0.0,0.0,0.0,0.0,0.0,0.0,0.0,0.0,0.0
0021500025,1610612741,Chicago,Bulls,CHI,bulls,203503,Tony,Snell,T. Snell,tony-snell,F,,,30:05,0.6,0.4,1.0,0.5,0.0,0.0,0.0,1.0,0.5,0.5,0.5,0.0,0.0,0.5,0.5
0021500025,1610612741,Chicago,Bulls,CHI,bulls,202703,Nikola,Mirotic,N. Mirotic,nikola-mirotic,F,,,38:30,0.429,0.571,0.364,0.0,0.409,0.227,0.227,0.273,0.364,0.5,0.5,1.0,0.0,0.714,0.286
0021500025,1610612741,Chicago,Bulls,CHI,bulls,2200,Pau,Gasol,P. Gasol,pau-gasol,C,,,32:03,0.929,0.071,0.875,0.25,0.0,0.0,0.125,0.0,0.625,0.286,0.714,0.0,0.0,0.286,0.714
0021500025,1610612741,Chicago,Bulls,CHI,bulls,202710,Jimmy,Butler III,J. Butler III,jimmy-butler-iii,G,,,42:06,0.842,0.158,0.348,0.087,0.13,0.174,0.522,0.217,0.261,0.75,0.25,1.0,0.0,0.8,0.2
0021500025,1610612741,Chicago,Bulls,CHI,bulls,201565,Derrick,Rose,D. Rose,derrick-rose,G,,,34:29,0.923,0.077,1.0,0.5,0.0,0.0,0.0,0.25,0.5,0.0,1.0,0.0,0.0,0.0,1.0
0021500025,1610612741,Chicago,Bulls,CHI,bulls,202734,E'Twaun,Moore,E. Moore,etwaun-moore,,,,18:15,0.0,1.0,0.0,0.0,0.0,0.0,0.0,0.0,0.0,0.0,0.0,0.0,0.0,0.0,0.0
0021500025,1610612741,Chicago,Bulls,CHI,bulls,201149,Joakim,Noah,J. Noah,joakim-noah,,,,17:27,1.0,0.0,1.0,0.0,0.0,0.0,0.0,0.0,1.0,1.0,0.0,0.0,0.0,1.0,0.0
0021500025,1610612741,Chicago,Bulls,CHI,bulls,201166,Aaron,Brooks,A. Brooks,aaron-brooks,,,,17:58,0.333,0.667,0.4,0.0,0.6,0.4,0.0,0.0,0.4,0.0,1.0,0.0,1.0,0.0,1.0
0021500025,1610612741,Chicago,Bulls,CHI,bulls,201959,Taj,Gibson,T. Gibson,taj-gibson,,,,19:34,1.0,0.0,1.0,0.25,0.0,0.25,0.0,0.25,0.75,0.75,0.25,0.0,0.0,0.75,0.25
0021500025,1610612741,Chicago,Bulls,CHI,bulls,203926,Doug,McDermott,D. McDermott,doug-mcdermott,,,,14:32,0.5,0.5,0.0,0.0,1.0,0.5,0.0,0.0,0.0,0.0,0.0,1.0,0.0,1.0,0.0
0021500025,1610612741,Chicago,Bulls,CHI,bulls,1626245,Cristiano,Felicio,C. Felicio,cristiano-felicio,,DNP - Coach's Decision,,,0.0,0.0,0.0,0.0,0.0,0.0,0.0,0.0,0.0,0.0,0.0,0.0,0.0,0.0,0.0
0021500025,1610612741,Chicago,Bulls,CHI,bulls,2550,Kirk,Hinrich,K. Hinrich,kirk-hinrich,,DNP - Coach's Decision,,,0.0,0.0,0.0,0.0,0.0,0.0,0.0,0.0,0.0,0.0,0.0,0.0,0.0,0.0,0.0
0021500025,1610612741,Chicago,Bulls,CHI,bulls,1626171,Bobby,Portis,B. Portis,bobby-portis,,DNP - Coach's Decision,,,0.0,0.0,0.0,0.0,0.0,0.0,0.0,0.0,0.0,0.0,0.0,0.0,0.0,0.0,0.0
0021500025,1610612765,Detroit,Pistons,DET,pistons,202694,Marcus,Morris Sr.,M. Morris Sr.,marcus-morris-sr,F,,,41:45,0.867,0.133,0.615,0.462,0.231,0.192,0.154,0.269,0.154,0.375,0.625,0.5,0.5,0.4,0.6
0021500025,1610612765,Detroit,Pistons,DET,pistons,101141,Ersan,Ilyasova,E. Ilyasova,ersan-ilyasova,F,,,21:47,0.4,0.6,1.0,0.0,0.0,1.0,0.0,0.0,1.0,1.0,0.0,0.0,0.0,1.0,0.0
0021500025,1610612765,Detroit,Pistons,DET,pistons,203083,Andre,Drummond,A. Drummond,andre-drummond,C,,,39:05,1.0,0.0,0.8,0.0,0.0,0.0,0.2,0.3,0.8,0.625,0.375,0.0,0.0,0.625,0.375
0021500025,1610612765,Detroit,Pistons,DET,pistons,203484,Kentavious,Caldwell-Pope,K. Caldwell-Pope,kentavious-caldwell-pope,G,,,38:38,0.583,0.417,0.667,0.0,0.0,0.333,0.333,0.0,0.667,0.5,0.5,0.0,0.0,0.5,0.5
0021500025,1610612765,Detroit,Pistons,DET,pistons,202704,Reggie,Jackson,R. Jackson,reggie-jackson,G,,,37:05,0.833,0.167,0.727,0.0,0.136,0.045,0.136,0.182,0.727,0.0,1.0,0.0,1.0,0.0,1.0
0021500025,1610612765,Detroit,Pistons,DET,pistons,203382,Aron,Baynes,A. Baynes,aron-baynes,,,,13:55,1.0,0.0,1.0,0.0,0.0,0.0,0.0,0.5,1.0,1.0,0.0,0.0,0.0,1.0,0.0
0021500025,1610612765,Detroit,Pistons,DET,pistons,2581,Steve,Blake,S. Blake,steve-blake,,,,15:55,0.429,0.571,0.0,0.0,0.0,0.0,0.0,0.0,0.0,0.0,0.0,0.0,0.0,0.0,0.0
0021500025,1610612765,Detroit,Pistons,DET,pistons,201229,Anthony,Tolliver,A. Tolliver,anthony-tolliver,,,,30:12,0.111,0.889,0.182,0.182,0.818,0.0,0.0,0.0,0.0,1.0,0.0,1.0,0.0,1.0,0.0
0021500025,1610612765,Detroit,Pistons,DET,pistons,1626169,Stanley,Johnson,S. Johnson,stanley-johnson,,,,11:59,0.875,0.125,0.857,0.0,0.0,0.286,0.143,0.286,0.857,0.333,0.667,0.0,0.0,0.333,0.667
0021500025,1610612765,Detroit,Pistons,DET,pistons,203493,Reggie,Bullock Jr.,R. Bullock Jr.,reggie-bullock-jr,,,,14:40,0.0,1.0,0.0,0.0,0.0,0.0,0.0,0.0,0.0,0.0,0.0,0.0,0.0,0.0,0.0
0021500025,1610612765,Detroit,Pistons,DET,pistons,201202,Joel,Anthony,J. Anthony,joel-anthony,,DNP - Coach's Decision,,,0.0,0.0,0.0,0.0,0.0,0.0,0.0,0.0,0.0,0.0,0.0,0.0,0.0,0.0,0.0
0021500025,1610612765,Detroit,Pistons,DET,pistons,203915,Spencer,Dinwiddie,S. Dinwiddie,spencer-dinwiddie,,DNP - Coach's Decision,,,0.0,0.0,0.0,0.0,0.0,0.0,0.0,0.0,0.0,0.0,0.0,0.0,0.0,0.0,0.0
0021500025,1610612765,Detroit,Pistons,DET,pistons,1626199,Darrun,Hilliard,D. Hilliard,darrun-hilliard,,DNP - Coach's Decision,,,0.0,0.0,0.0,0.0,0.0,0.0,0.0,0.0,0.0,0.0,0.0,0.0,0.0,0.0,0.0
0021500033,1610612762,Utah,Jazz,UTA,jazz,202330,Gordon,Hayward,G. Hayward,gordon-hayward,F,,,28:15,0.727,0.273,0.364,0.0,0.545,0.0,0.091,0.182,0.364,0.5,0.5,1.0,0.0,0.75,0.25
0021500033,1610612762,Utah,Jazz,UTA,jazz,202324,Derrick,Favors,D. Favors,derrick-favors,F,,,31:11,1.0,0.0,1.0,0.333,0.0,0.111,0.0,0.444,0.667,0.556,0.444,0.0,0.0,0.556,0.444
0021500033,1610612762,Utah,Jazz,UTA,jazz,203497,Rudy,Gobert,R. Gobert,rudy-gobert,C,,,31:14,1.0,0.0,0.667,0.0,0.0,0.222,0.333,0.444,0.667,0.667,0.333,0.0,0.0,0.667,0.333
0021500033,1610612762,Utah,Jazz,UTA,jazz,203918,Rodney,Hood,R. Hood,rodney-hood,G,,,28:43,0.769,0.231,0.824,0.353,0.176,0.118,0.0,0.235,0.471,0.143,0.857,0.0,1.0,0.125,0.875
0021500033,1610612762,Utah,Jazz,UTA,jazz,203526,Raul,Neto,R. Neto,raul-neto,G,,,19:46,0.8,0.2,0.0,0.0,0.0,0.0,0.0,0.0,0.0,0.0,0.0,0.0,0.0,0.0,0.0
0021500033,1610612762,Utah,Jazz,UTA,jazz,202344,Trevor,Booker,T. Booker,trevor-booker,,,,27:43,0.857,0.143,1.0,0.0,0.0,0.5,0.0,0.5,1.0,0.5,0.5,0.0,0.0,0.5,0.5
0021500033,1610612762,Utah,Jazz,UTA,jazz,203504,Trey,Burke,T. Burke,trey-burke,,,,21:27,0.727,0.273,0.667,0.133,0.2,0.0,0.133,0.267,0.533,0.2,0.8,1.0,0.0,0.333,0.667
0021500033,1610612762,Utah,Jazz,UTA,jazz,202692,Alec,Burks,A. Burks,alec-burks,,,,20:33,1.0,0.0,0.8,0.0,0.0,0.0,0.2,0.2,0.8,0.0,1.0,0.0,0.0,0.0,1.0
0021500033,1610612762,Utah,Jazz,UTA,jazz,1626168,Trey,Lyles,T. Lyles,trey-lyles,,,,4:31,1.0,0.0,0.0,0.0,0.0,0.0,1.0,0.0,0.0,0.0,0.0,0.0,0.0,0.0,0.0
0021500033,1610612762,Utah,Jazz,UTA,jazz,204060,Joe,Ingles,J. Ingles,joe-ingles,,,,19:16,0.2,0.8,0.2,0.2,0.6,0.0,0.2,0.3,0.0,0.0,1.0,0.5,0.5,0.333,0.667
0021500033,1610612762,Utah,Jazz,UTA,jazz,202407,Elijah,Millsap,E. Millsap,elijah-millsap,,,,3:35,0.0,0.0,0.0,0.0,0.0,0.0,0.0,0.0,0.0,0.0,0.0,0.0,0.0,0.0,0.0
0021500033,1610612762,Utah,Jazz,UTA,jazz,203187,Chris,Johnson,C. Johnson,chris-johnson,,,,2:25,0.0,0.0,0.0,0.0,0.0,1.0,1.0,1.0,0.0,0.0,0.0,0.0,0.0,0.0,0.0
0021500033,1610612762,Utah,Jazz,UTA,jazz,203481,Jeff,Withey,J. Withey,jeff-withey,,,,1:21,0.0,0.0,0.0,0.0,0.0,0.0,0.0,0.0,0.0,0.0,0.0,0.0,0.0,0.0,0.0
0021500033,1610612754,Indiana,Pacers,IND,pacers,101139,CJ,Miles,C. Miles,cj-miles,F,,,26:22,0.333,0.667,0.4,0.4,0.0,0.2,0.6,0.0,0.0,0.0,1.0,0.0,0.0,0.0,1.0
0021500033,1610612754,Indiana,Pacers,IND,pacers,202331,Paul,George,P. George,paul-george,F,,,33:37,0.909,0.091,0.75,0.25,0.0,0.375,0.25,0.375,0.5,0.5,0.5,0.0,0.0,0.5,0.5
0021500033,1610612754,Indiana,Pacers,IND,pacers,101133,Ian,Mahinmi,I. Mahinmi,ian-mahinmi,C,,,23:23,1.0,0.0,1.0,0.0,0.0,0.0,0.0,0.0,1.0,0.333,0.667,0.0,0.0,0.333,0.667
0021500033,1610612754,Indiana,Pacers,IND,pacers,101145,Monta,Ellis,M. Ellis,monta-ellis,G,,,32:05,0.857,0.143,0.833,0.667,0.0,0.167,0.167,0.333,0.167,0.0,1.0,0.0,0.0,0.0,1.0
0021500033,1610612754,Indiana,Pacers,IND,pacers,201588,George,Hill,G. Hill,george-hill,G,,,37:22,0.444,0.556,0.235,0.118,0.529,0.118,0.235,0.118,0.118,0.0,1.0,1.0,0.0,0.6,0.4
0021500033,1610612754,Indiana,Pacers,IND,pacers,201155,Rodney,Stuckey,R. Stuckey,rodney-stuckey,,,,22:41,0.833,0.167,1.0,0.5,0.0,0.0,0.0,0.0,0.5,0.0,1.0,0.0,0.0,0.0,1.0
0021500033,1610612754,Indiana,Pacers,IND,pacers,1626167,Myles,Turner,M. Turner,myles-turner,,,,22:41,1.0,0.0,0.8,0.4,0.0,0.2,0.2,0.4,0.4,0.5,0.5,0.0,0.0,0.5,0.5
0021500033,1610612754,Indiana,Pacers,IND,pacers,202730,Lavoy,Allen,L. Allen,lavoy-allen,,,,21:38,1.0,0.0,0.667,0.0,0.0,0.0,0.333,0.0,0.667,0.0,1.0,0.0,0.0,0.0,1.0
0021500033,1610612754,Indiana,Pacers,IND,pacers,201978,Chase,Budinger,C. Budinger,chase-budinger,,,,14:23,0.0,1.0,0.0,0.0,1.0,0.0,0.0,0.0,0.0,0.0,0.0,1.0,0.0,1.0,0.0
0021500033,1610612754,Indiana,Pacers,IND,pacers,203524,Solomon,Hill,S. Hill,solomon-hill,,,,1:56,0.0,0.0,0.0,0.0,0.0,0.0,0.0,0.0,0.0,0.0,0.0,0.0,0.0,0.0,0.0
0021500033,1610612754,Indiana,Pacers,IND,pacers,203963,Shayne,Whittington,S. Whittington,shayne-whittington,,,,1:56,0.0,0.0,0.0,0.0,0.0,0.0,0.0,0.0,0.0,0.0,0.0,0.0,0.0,0.0,0.0
0021500033,1610612754,Indiana,Pacers,IND,pacers,1626202,Joe,Young,J. Young,joe-young,,,,1:56,0.0,0.0,0.0,0.0,0.0,0.0,0.0,0.0,0.0,0.0,0.0,0.0,0.0,0.0,0.0
0021500033,1610612754,Indiana,Pacers,IND,pacers,201941,Jordan,Hill,J. Hill,jordan-hill,,DNP - Coach's Decision,,,0.0,0.0,0.0,0.0,0.0,0.0,0.0,0.0,0.0,0.0,0.0,0.0,0.0,0.0,0.0
0021500035,1610612744,Golden State,Warriors,GSW,warriors,203084,Harrison,Barnes,H. Barnes,harrison-barnes,F,,,32:14,0.8,0.2,0.909,0.545,0.0,0.0,0.091,0.182,0.364,0.8,0.2,0.0,0.0,0.8,0.2
0021500035,1610612744,Golden State,Warriors,GSW,warriors,203110,Draymond,Green,D. Green,draymond-green,F,,,37:11,0.583,0.417,0.286,0.0,0.571,0.143,0.143,0.095,0.286,0.667,0.333,1.0,0.0,0.857,0.143
0021500035,1610612744,Golden State,Warriors,GSW,warriors,203105,Festus,Ezeli,F. Ezeli,festus-ezeli,C,,,15:04,1.0,0.0,0.0,0.0,0.0,0.0,1.0,0.0,0.0,0.0,0.0,0.0,0.0,0.0,0.0
0021500035,1610612744,Golden State,Warriors,GSW,warriors,202691,Klay,Thompson,K. Thompson,klay-thompson,G,,,27:20,0.583,0.417,0.421,0.105,0.316,0.263,0.263,0.0,0.316,0.75,0.25,1.0,0.0,0.833,0.167
0021500035,1610612744,Golden State,Warriors,GSW,warriors,201939,Stephen,Curry,S. Curry,stephen-curry,G,,,35:38,0.481,0.519,0.34,0.151,0.453,0.132,0.208,0.17,0.189,0.222,0.778,0.0,1.0,0.118,0.882
0021500035,1610612744,Golden State,Warriors,GSW,warriors,2738,Andre,Iguodala,A. Iguodala,andre-iguodala,,,,29:30,0.667,0.333,0.5,0.0,0.375,0.5,0.125,0.5,0.5,1.0,0.0,1.0,0.0,1.0,0.0
0021500035,1610612744,Golden State,Warriors,GSW,warriors,2733,Shaun,Livingston,S. Livingston,shaun-livingston,,,,21:50,1.0,0.0,0.0,0.0,0.0,0.0,1.0,0.0,0.0,0.0,0.0,0.0,0.0,0.0,0.0
0021500035,1610612744,Golden State,Warriors,GSW,warriors,201578,Marreese,Speights,M. Speights,marreese-speights,,,,14:29,1.0,0.0,0.8,0.8,0.0,0.0,0.2,0.0,0.0,0.5,0.5,0.0,0.0,0.5,0.5
0021500035,1610612744,Golden State,Warriors,GSW,warriors,2571,Leandro,Barbosa,L. Barbosa,leandro-barbosa,,,,11:51,0.833,0.167,0.667,0.0,0.333,0.556,0.0,0.222,0.667,0.667,0.333,1.0,0.0,0.75,0.25
0021500035,1610612744,Golden State,Warriors,GSW,warriors,203949,James Michael,McAdoo,J. McAdoo,james-michael-mcadoo,,,,3:32,0.0,0.0,0.0,0.0,0.0,0.0,0.0,0.0,0.0,0.0,0.0,0.0,0.0,0.0,0.0
0021500035,1610612744,Golden State,Warriors,GSW,warriors,201575,Brandon,Rush,B. Rush,brandon-rush,,,,10:51,0.5,0.5,0.4,0.4,0.6,0.0,0.0,1.0,0.0,1.0,0.0,1.0,0.0,1.0,0.0
0021500035,1610612744,Golden State,Warriors,GSW,warriors,203546,Ian,Clark,I. Clark,ian-clark,,,,0:30,0.0,0.0,0.0,0.0,0.0,0.0,0.0,0.0,0.0,0.0,0.0,0.0,0.0,0.0,0.0
0021500035,1610612744,Golden State,Warriors,GSW,warriors,201574,Jason,Thompson,J. Thompson,jason-thompson,,DNP - Coach's Decision,,,0.0,0.0,0.0,0.0,0.0,0.0,0.0,0.0,0.0,0.0,0.0,0.0,0.0,0.0,0.0
0021500035,1610612740,New Orleans,Pelicans,NOP,pelicans,201967,Dante,Cunningham,D. Cunningham,dante-cunningham,F,,,22:09,0.5,0.5,0.25,0.0,0.75,0.375,0.0,0.0,0.25,1.0,0.0,1.0,0.0,1.0,0.0
0021500035,1610612740,New Orleans,Pelicans,NOP,pelicans,203076,Anthony,Davis,A. Davis,anthony-davis,F,,,37:11,0.882,0.118,0.538,0.154,0.115,0.0,0.346,0.115,0.385,0.429,0.571,0.0,1.0,0.375,0.625
0021500035,1610612740,New Orleans,Pelicans,NOP,pelicans,2570,Kendrick,Perkins,K. Perkins,kendrick-perkins,C,,,2:26,1.0,0.0,1.0,0.0,0.0,0.0,0.0,0.0,1.0,1.0,0.0,0.0,0.0,1.0,0.0
0021500035,1610612740,New Orleans,Pelicans,NOP,pelicans,201569,Eric,Gordon,E. Gordon,eric-gordon,G,,,24:29,0.727,0.273,0.444,0.0,0.333,0.222,0.222,0.0,0.444,1.0,0.0,0.0,1.0,0.667,0.333
0021500035,1610612740,New Orleans,Pelicans,NOP,pelicans,201950,Jrue,Holiday,J. Holiday,jrue-holiday,G,,,26:45,0.789,0.211,0.636,0.091,0.136,0.182,0.227,0.091,0.545,0.286,0.714,0.0,1.0,0.25,0.75
0021500035,1610612740,New Orleans,Pelicans,NOP,pelicans,201600,Omer,Asik,O. Asik,omer-asik,,,,10:20,0.0,0.0,0.0,0.0,0.0,0.0,0.0,0.0,0.0,0.0,0.0,0.0,0.0,0.0,0.0
0021500035,1610612740,New Orleans,Pelicans,NOP,pelicans,202397,Ish,Smith,I. Smith,ish-smith,,,,10:59,0.833,0.167,1.0,0.5,0.0,0.0,0.0,0.0,0.5,0.0,1.0,0.0,0.0,0.0,1.0
0021500035,1610612740,New Orleans,Pelicans,NOP,pelicans,201962,Toney,Douglas,T. Douglas,toney-douglas,,,,22:49,0.917,0.083,0.706,0.235,0.176,0.0,0.118,0.0,0.471,0.333,0.667,1.0,0.0,0.429,0.571
0021500035,1610612740,New Orleans,Pelicans,NOP,pelicans,202337,Luke,Babbitt,L. Babbitt,luke-babbitt,,,,30:29,0.333,0.667,1.0,1.0,0.0,0.0,0.0,0.0,0.0,1.0,0.0,0.0,0.0,1.0,0.0
0021500035,1610612740,New Orleans,Pelicans,NOP,pelicans,201583,Ryan,Anderson,R. Anderson,ryan-anderson,,,,30:01,0.75,0.25,0.632,0.211,0.316,0.0,0.053,0.316,0.421,0.5,0.5,1.0,0.0,0.625,0.375
0021500035,1610612740,New Orleans,Pelicans,NOP,pelicans,201582,Alexis,Ajinca,A. Ajinca,alexis-ajinca,,,,6:09,1.0,0.0,0.857,0.0,0.0,0.0,0.143,0.0,0.857,0.333,0.667,0.0,0.0,0.333,0.667
0021500035,1610612740,New Orleans,Pelicans,NOP,pelicans,202087,Alonzo,Gee,A. Gee,alonzo-gee,,,,16:13,0.667,0.333,1.0,0.0,0.0,0.0,0.0,0.0,1.0,0.0,1.0,0.0,0.0,0.0,1.0
0021500037,1610612756,Phoenix,Suns,PHX,suns,200782,P.J.,Tucker,P. Tucker,pj-tucker,F,,,30:59,0.5,0.5,1.0,0.0,0.0,0.0,0.0,0.5,1.0,0.0,1.0,0.0,0.0,0.0,1.0
0021500037,1610612756,Phoenix,Suns,PHX,suns,202693,Markieff,Morris,M. Morris,markieff-morris,F,,,22:47,0.647,0.353,0.4,0.0,0.6,0.0,0.0,0.267,0.4,0.333,0.667,1.0,0.0,0.667,0.333
0021500037,1610612756,Phoenix,Suns,PHX,suns,2199,Tyson,Chandler,T. Chandler,tyson-chandler,C,,,32:30,0.8,0.2,0.8,0.0,0.0,0.4,0.2,0.0,0.8,1.0,0.0,0.0,0.0,1.0,0.0
0021500037,1610612756,Phoenix,Suns,PHX,suns,202688,Brandon,Knight,B. Knight,brandon-knight,G,,,34:29,0.526,0.474,0.444,0.296,0.444,0.037,0.111,0.148,0.148,0.0,1.0,0.75,0.25,0.3,0.7
0021500037,1610612756,Phoenix,Suns,PHX,suns,202339,Eric,Bledsoe,E. Bledsoe,eric-bledsoe,G,,,38:23,0.714,0.286,0.606,0.242,0.182,0.091,0.212,0.182,0.364,0.2,0.8,0.5,0.5,0.25,0.75
0021500037,1610612756,Phoenix,Suns,PHX,suns,203933,T.J.,Warren,T. Warren,tj-warren,,,,18:46,0.667,0.333,0.0,0.0,0.0,0.0,0.0,0.0,0.0,0.0,0.0,0.0,0.0,0.0,0.0
0021500037,1610612756,Phoenix,Suns,PHX,suns,201603,Sonny,Weems,S. Weems,sonny-weems,,,,6:12,0.0,1.0,0.0,0.0,0.0,0.0,0.0,0.0,0.0,0.0,0.0,0.0,0.0,0.0,0.0
0021500037,1610612756,Phoenix,Suns,PHX,suns,203458,Alex,Len,A. Len,alex-len,,,,13:01,1.0,0.0,1.0,1.0,0.0,0.0,0.0,0.0,0.0,1.0,0.0,0.0,0.0,1.0,0.0
0021500037,1610612756,Phoenix,Suns,PHX,suns,202720,Jon,Leuer,J. Leuer,jon-leuer,,,,21:54,0.571,0.429,0.25,0.0,0.75,0.25,0.0,0.25,0.25,1.0,0.0,1.0,0.0,1.0,0.0
0021500037,1610612756,Phoenix,Suns,PHX,suns,101179,Ronnie,Price,R. Price,ronnie-price,,,,16:56,1.0,0.0,0.857,0.286,0.0,0.0,0.143,0.286,0.571,0.0,1.0,0.0,0.0,0.0,1.0
0021500037,1610612756,Phoenix,Suns,PHX,suns,203141,Mirza,Teletovic,M. Teletovic,mirza-teletovic,,,,4:03,0.0,1.0,0.0,0.0,0.0,0.0,0.0,0.0,0.0,0.0,0.0,0.0,0.0,0.0,0.0
0021500037,1610612756,Phoenix,Suns,PHX,suns,1626164,Devin,Booker,D. Booker,devin-booker,,DNP - Coach's Decision,,,0.0,0.0,0.0,0.0,0.0,0.0,0.0,0.0,0.0,0.0,0.0,0.0,0.0,0.0,0.0
0021500037,1610612756,Phoenix,Suns,PHX,suns,203462,Archie,Goodwin,A. Goodwin,archie-goodwin,,DNP - Coach's Decision,,,0.0,0.0,0.0,0.0,0.0,0.0,0.0,0.0,0.0,0.0,0.0,0.0,0.0,0.0,0.0
0021500037,1610612757,Portland,Trail Blazers,POR,blazers,202329,Al-Farouq,Aminu,A. Aminu,al-farouq-aminu,F,,,33:44,0.714,0.286,0.375,0.25,0.375,0.125,0.25,0.125,0.125,0.333,0.667,0.5,0.5,0.4,0.6
0021500037,1610612757,Portland,Trail Blazers,POR,blazers,203086,Meyers,Leonard,M. Leonard,meyers-leonard,F,,,30:58,0.5,0.5,0.667,0.444,0.0,0.333,0.333,0.0,0.222,1.0,0.0,0.0,0.0,1.0,0.0
0021500037,1610612757,Portland,Trail Blazers,POR,blazers,203486,Mason,Plumlee,M. Plumlee,mason-plumlee,C,,,26:49,1.0,0.0,1.0,0.25,0.0,0.0,0.0,0.25,0.75,1.0,0.0,0.0,0.0,1.0,0.0
0021500037,1610612757,Portland,Trail Blazers,POR,blazers,203468,CJ,McCollum,C. McCollum,cj-mccollum,G,,,34:17,0.6,0.4,0.667,0.133,0.2,0.267,0.133,0.0,0.533,0.2,0.8,1.0,0.0,0.333,0.667
0021500037,1610612757,Portland,Trail Blazers,POR,blazers,203081,Damian,Lillard,D. Lillard,damian-lillard,G,,,36:16,0.529,0.471,0.435,0.174,0.391,0.087,0.174,0.087,0.261,0.2,0.8,0.667,0.333,0.375,0.625
0021500037,1610612757,Portland,Trail Blazers,POR,blazers,203459,Allen,Crabbe,A. Crabbe,allen-crabbe,,,,17:00,0.5,0.5,0.545,0.364,0.273,0.364,0.182,0.364,0.182,1.0,0.0,1.0,0.0,1.0,0.0
0021500037,1610612757,Portland,Trail Blazers,POR,blazers,203090,Maurice,Harkless,M. Harkless,maurice-harkless,,,,28:13,0.556,0.444,0.571,0.0,0.429,0.0,0.0,0.0,0.571,0.5,0.5,1.0,0.0,0.667,0.333
0021500037,1610612757,Portland,Trail Blazers,POR,blazers,202334,Ed,Davis,E. Davis,ed-davis,,,,21:11,1.0,0.0,0.0,0.0,0.0,0.0,1.0,0.0,0.0,0.0,0.0,0.0,0.0,0.0,0.0
0021500037,1610612757,Portland,Trail Blazers,POR,blazers,203943,Noah,Vonleh,N. Vonleh,noah-vonleh,,,,6:29,1.0,0.0,0.0,0.0,0.0,0.0,0.0,0.0,0.0,0.0,0.0,0.0,0.0,0.0,0.0
0021500037,1610612757,Portland,Trail Blazers,POR,blazers,204025,Tim,Frazier,T. Frazier,tim-frazier,,,,5:03,1.0,0.0,0.0,0.0,0.0,0.0,0.0,0.0,0.0,0.0,0.0,0.0,0.0,0.0,0.0
0021500037,1610612757,Portland,Trail Blazers,POR,blazers,1626192,Pat,Connaughton,P. Connaughton,pat-connaughton,,DNP - Coach's Decision,,,0.0,0.0,0.0,0.0,0.0,0.0,0.0,0.0,0.0,0.0,0.0,0.0,0.0,0.0,0.0
0021500037,1610612757,Portland,Trail Blazers,POR,blazers,2549,Chris,Kaman,C. Kaman,chris-kaman,,DNP - Coach's Decision,,,0.0,0.0,0.0,0.0,0.0,0.0,0.0,0.0,0.0,0.0,0.0,0.0,0.0,0.0,0.0
0021500037,1610612757,Portland,Trail Blazers,POR,blazers,1626242,Luis,Montero,L. Montero,luis-montero,,DNP - Coach's Decision,,,0.0,0.0,0.0,0.0,0.0,0.0,0.0,0.0,0.0,0.0,0.0,0.0,0.0,0.0,0.0
0021500036,1610612751,Brooklyn,Nets,BKN,nets,2207,Joe,Johnson,J. Johnson,joe-johnson,F,,,32:22,0.714,0.286,0.545,0.182,0.273,0.0,0.182,0.0,0.364,0.667,0.333,1.0,0.0,0.75,0.25
0021500036,1610612751,Brooklyn,Nets,BKN,nets,201152,Thaddeus,Young,T. Young,thaddeus-young,F,,,31:44,1.0,0.0,0.909,0.0,0.0,0.364,0.091,0.182,0.909,0.8,0.2,0.0,0.0,0.8,0.2
0021500036,1610612751,Brooklyn,Nets,BKN,nets,201572,Brook,Lopez,B. Lopez,brook-lopez,C,,,28:18,1.0,0.0,0.667,0.0,0.0,0.167,0.333,0.0,0.667,0.75,0.25,0.0,0.0,0.75,0.25
0021500036,1610612751,Brooklyn,Nets,BKN,nets,203900,Markel,Brown,M. Brown,markel-brown,G,,,14:13,0.667,0.333,1.0,1.0,0.0,0.0,0.0,1.0,0.0,1.0,0.0,0.0,0.0,1.0,0.0
0021500036,1610612751,Brooklyn,Nets,BKN,nets,101127,Jarrett,Jack,J. Jack,jarrett-jack,G,,,35:22,0.824,0.176,0.933,0.267,0.0,0.133,0.067,0.0,0.667,0.0,1.0,0.0,0.0,0.0,1.0
0021500036,1610612751,Brooklyn,Nets,BKN,nets,200745,Andrea,Bargnani,A. Bargnani,andrea-bargnani,,,,14:53,1.0,0.0,0.8,0.0,0.0,0.0,0.2,0.4,0.8,1.0,0.0,0.0,0.0,1.0,0.0
0021500036,1610612751,Brooklyn,Nets,BKN,nets,202711,Bojan,Bogdanovic,B. Bogdanovic,bojan-bogdanovic,,,,33:47,0.8,0.2,0.842,0.211,0.0,0.0,0.158,0.0,0.632,0.375,0.625,0.0,0.0,0.375,0.625
0021500036,1610612751,Brooklyn,Nets,BKN,nets,203499,Shane,Larkin,S. Larkin,shane-larkin,,,,12:38,1.0,0.0,1.0,1.0,0.0,0.0,0.0,0.0,0.0,0.0,1.0,0.0,0.0,0.0,1.0
0021500036,1610612751,Brooklyn,Nets,BKN,nets,203080,Thomas,Robinson,T. Robinson,thomas-robinson,,,,15:05,1.0,0.0,1.0,0.0,0.0,0.0,0.0,0.25,1.0,0.75,0.25,0.0,0.0,0.75,0.25
0021500036,1610612751,Brooklyn,Nets,BKN,nets,1626178,Rondae,Hollis-Jefferson,R. Hollis-Jefferson,rondae-hollis-jefferson,,,,12:56,1.0,0.0,0.0,0.0,0.0,0.0,0.0,0.0,0.0,0.0,0.0,0.0,0.0,0.0,0.0
0021500036,1610612751,Brooklyn,Nets,BKN,nets,201961,Wayne,Ellington,W. Ellington,wayne-ellington,,,,8:43,0.0,1.0,0.0,0.0,1.0,0.0,0.0,0.0,0.0,0.0,0.0,1.0,0.0,1.0,0.0
0021500036,1610612751,Brooklyn,Nets,BKN,nets,203508,Sergey,Karasev,S. Karasev,sergey-karasev,,DNP - Coach's Decision,,,0.0,0.0,0.0,0.0,0.0,0.0,0.0,0.0,0.0,0.0,0.0,0.0,0.0,0.0,0.0
0021500036,1610612751,Brooklyn,Nets,BKN,nets,202388,Donald,Sloan,D. Sloan,donald-sloan,,DNP - Coach's Decision,,,0.0,0.0,0.0,0.0,0.0,0.0,0.0,0.0,0.0,0.0,0.0,0.0,0.0,0.0,0.0
0021500036,1610612763,Memphis,Grizzlies,MEM,grizzlies,2754,Tony,Allen,T. Allen,tony-allen,F,,,28:48,0.833,0.167,1.0,0.0,0.0,0.0,0.0,0.0,1.0,1.0,0.0,0.0,0.0,1.0,0.0
0021500036,1610612763,Memphis,Grizzlies,MEM,grizzlies,2216,Zach,Randolph,Z. Randolph,zach-randolph,F,,,29:38,1.0,0.0,0.8,0.267,0.0,0.0,0.2,0.133,0.533,0.833,0.167,0.0,0.0,0.833,0.167
0021500036,1610612763,Memphis,Grizzlies,MEM,grizzlies,201188,Marc,Gasol,M. Gasol,marc-gasol,C,,,29:50,0.9,0.1,0.571,0.286,0.0,0.286,0.429,0.286,0.286,1.0,0.0,0.0,0.0,1.0,0.0
0021500036,1610612763,Memphis,Grizzlies,MEM,grizzlies,201584,Courtney,Lee,C. Lee,courtney-lee,G,,,33:38,0.667,0.333,0.4,0.0,0.2,0.0,0.4,0.0,0.4,1.0,0.0,1.0,0.0,1.0,0.0
0021500036,1610612763,Memphis,Grizzlies,MEM,grizzlies,201144,Mike,Conley,M. Conley,mike-conley,G,,,32:26,0.417,0.583,0.273,0.0,0.545,0.182,0.182,0.182,0.273,0.0,1.0,1.0,0.0,0.571,0.429
0021500036,1610612763,Memphis,Grizzlies,MEM,grizzlies,201145,Jeff,Green,J. Green,jeff-green,,,,27:00,0.4,0.6,0.154,0.154,0.231,0.385,0.615,0.0,0.0,1.0,0.0,1.0,0.0,1.0,0.0
0021500036,1610612763,Memphis,Grizzlies,MEM,grizzlies,203210,JaMychal,Green,J. Green,jamychal-green,,,,11:20,0.8,0.2,0.4,0.0,0.6,0.0,0.0,0.0,0.4,1.0,0.0,1.0,0.0,1.0,0.0
0021500036,1610612763,Memphis,Grizzlies,MEM,grizzlies,2757,Beno,Udrih,B. Udrih,beno-udrih,,,,15:18,0.625,0.375,0.25,0.0,0.75,0.0,0.0,0.0,0.25,0.0,1.0,1.0,0.0,0.667,0.333
0021500036,1610612763,Memphis,Grizzlies,MEM,grizzlies,2440,Matt,Barnes,M. Barnes,matt-barnes,,,,15:41,0.5,0.5,1.0,0.0,0.0,0.5,0.0,0.5,1.0,0.0,1.0,0.0,0.0,0.0,1.0
0021500036,1610612763,Memphis,Grizzlies,MEM,grizzlies,201148,Brandan,Wright,B. Wright,brandan-wright,,,,16:21,1.0,0.0,1.0,0.0,0.0,0.0,0.0,0.0,1.0,0.667,0.333,0.0,0.0,0.667,0.333
0021500036,1610612763,Memphis,Grizzlies,MEM,grizzlies,203919,Jordan,Adams,J. Adams,jordan-adams,,DNP - Coach's Decision,,,0.0,0.0,0.0,0.0,0.0,0.0,0.0,0.0,0.0,0.0,0.0,0.0,0.0,0.0,0.0
0021500036,1610612763,Memphis,Grizzlies,MEM,grizzlies,1713,Vince,Carter,V. Carter,vince-carter,,DNP - Coach's Decision,,,0.0,0.0,0.0,0.0,0.0,0.0,0.0,0.0,0.0,0.0,0.0,0.0,0.0,0.0,0.0
0021500036,1610612763,Memphis,Grizzlies,MEM,grizzlies,203893,Russ,Smith,R. Smith,russ-smith,,DNP - Coach's Decision,,,0.0,0.0,0.0,0.0,0.0,0.0,0.0,0.0,0.0,0.0,0.0,0.0,0.0,0.0,0.0
0021500034,1610612752,New York,Knicks,NYK,knicks,2546,Carmelo,Anthony,C. Anthony,carmelo-anthony,F,,,35:45,0.722,0.278,0.378,0.378,0.324,0.0,0.297,0.162,0.0,0.429,0.571,0.5,0.5,0.455,0.545
0021500034,1610612752,New York,Knicks,NYK,knicks,204001,Kristaps,Porziņģis,K. Porziņģis,kristaps-porziņģis,F,,,21:02,1.0,0.0,0.75,0.5,0.0,0.0,0.25,0.0,0.25,1.0,0.0,0.0,0.0,1.0,0.0
0021500034,1610612752,New York,Knicks,NYK,knicks,201577,Robin,Lopez,R. Lopez,robin-lopez,C,,,30:55,1.0,0.0,0.75,0.0,0.0,0.0,0.25,0.25,0.75,0.333,0.667,0.0,0.0,0.333,0.667
0021500034,1610612752,New York,Knicks,NYK,knicks,101181,Jose,Calderon,J. Calderon,jose-calderon,G,,,21:02,0.556,0.444,0.6,0.4,0.3,0.0,0.1,0.0,0.2,0.333,0.667,1.0,0.0,0.5,0.5
0021500034,1610612752,New York,Knicks,NYK,knicks,2756,Sasha,Vujacic,S. Vujacic,sasha-vujacic,G,,,26:11,0.6,0.4,1.0,0.5,0.0,0.5,0.0,0.5,0.5,0.5,0.5,0.0,0.0,0.5,0.5
0021500034,1610612752,New York,Knicks,NYK,knicks,202498,Lance,Thomas,L. Thomas,lance-thomas,,,,26:08,1.0,0.0,1.0,0.333,0.0,0.0,0.0,0.0,0.667,0.667,0.333,0.0,0.0,0.667,0.333
0021500034,1610612752,New York,Knicks,NYK,knicks,204038,Langston,Galloway,L. Galloway,langston-galloway,,,,27:37,0.625,0.375,0.286,0.0,0.429,0.357,0.286,0.214,0.286,0.0,1.0,0.5,0.5,0.25,0.75
0021500034,1610612752,New York,Knicks,NYK,knicks,203124,Kyle,O'Quinn,K. O'Quinn,kyle-oquinn,,,,14:48,1.0,0.0,0.6,0.2,0.0,0.0,0.4,0.2,0.4,0.667,0.333,0.0,0.0,0.667,0.333
0021500034,1610612752,New York,Knicks,NYK,knicks,1626170,Jerian,Grant,J. Grant,jerian-grant,,,,21:10,0.857,0.143,0.571,0.286,0.429,0.286,0.0,0.286,0.286,0.0,1.0,1.0,0.0,0.333,0.667
0021500034,1610612752,New York,Knicks,NYK,knicks,202682,Derrick,Williams,D. Williams,derrick-williams,,,,15:22,0.6,0.4,0.286,0.286,0.429,0.143,0.286,0.286,0.0,0.0,1.0,1.0,0.0,0.5,0.5
0021500034,1610612752,New York,Knicks,NYK,knicks,201167,Arron,Afflalo,A. Afflalo,arron-afflalo,,DND - Strained Left Hamstring,,,0.0,0.0,0.0,0.0,0.0,0.0,0.0,0.0,0.0,0.0,0.0,0.0,0.0,0.0,0.0
0021500034,1610612752,New York,Knicks,NYK,knicks,203921,Cleanthony,Early,C. Early,cleanthony-early,,DNP - Coach's Decision,,,0.0,0.0,0.0,0.0,0.0,0.0,0.0,0.0,0.0,0.0,0.0,0.0,0.0,0.0,0.0
0021500034,1610612752,New York,Knicks,NYK,knicks,202338,Kevin,Seraphin,K. Seraphin,kevin-seraphin,,DNP - Coach's Decision,,,0.0,0.0,0.0,0.0,0.0,0.0,0.0,0.0,0.0,0.0,0.0,0.0,0.0,0.0,0.0
0021500034,1610612764,Washington,Wizards,WAS,wizards,203490,Otto,Porter Jr.,O. Porter Jr.,otto-porter-jr,F,,,35:01,0.692,0.308,0.875,0.125,0.0,0.5,0.125,0.375,0.75,0.714,0.286,0.0,0.0,0.714,0.286
0021500034,1610612764,Washington,Wizards,WAS,wizards,2743,Kris,Humphries,K. Humphries,kris-humphries,F,,,14:34,1.0,0.0,0.0,0.0,0.0,0.0,1.0,0.0,0.0,0.0,0.0,0.0,0.0,0.0,0.0
0021500034,1610612764,Washington,Wizards,WAS,wizards,101162,Marcin,Gortat,M. Gortat,marcin-gortat,C,,,25:33,1.0,0.0,0.444,0.222,0.0,0.0,0.556,0.111,0.222,1.0,0.0,0.0,0.0,1.0,0.0
0021500034,1610612764,Washington,Wizards,WAS,wizards,203078,Bradley,Beal,B. Beal,bradley-beal,G,,,37:13,0.739,0.261,0.462,0.077,0.346,0.154,0.192,0.231,0.385,0.167,0.833,0.333,0.667,0.222,0.778
0021500034,1610612764,Washington,Wizards,WAS,wizards,202322,John,Wall,J. Wall,john-wall,G,,,35:45,0.765,0.235,0.48,0.16,0.24,0.4,0.28,0.16,0.32,0.333,0.667,0.5,0.5,0.375,0.625
0021500034,1610612764,Washington,Wizards,WAS,wizards,2400,Drew,Gooden,D. Gooden,drew-gooden,,,,24:03,0.7,0.3,0.727,0.182,0.273,0.273,0.0,0.364,0.545,0.25,0.75,1.0,0.0,0.4,0.6
0021500034,1610612764,Washington,Wizards,WAS,wizards,2403,Nene,Hilario,Nene,nene-hilario,,,,18:06,1.0,0.0,0.75,0.25,0.0,0.0,0.25,0.0,0.5,0.667,0.333,0.0,0.0,0.667,0.333
0021500034,1610612764,Washington,Wizards,WAS,wizards,202390,Gary,Neal,G. Neal,gary-neal,,,,15:21,0.857,0.143,1.0,0.667,0.0,0.0,0.0,0.333,0.333,0.333,0.667,0.0,0.0,0.333,0.667
0021500034,1610612764,Washington,Wizards,WAS,wizards,201196,Ramon,Sessions,R. Sessions,ramon-sessions,,,,12:15,0.5,0.5,0.286,0.0,0.0,0.429,0.714,0.0,0.286,0.0,1.0,0.0,0.0,0.0,1.0
0021500034,1610612764,Washington,Wizards,WAS,wizards,201162,Jared,Dudley,J. Dudley,jared-dudley,,,,17:49,0.0,1.0,0.0,0.0,0.0,0.0,0.0,0.0,0.0,0.0,0.0,0.0,0.0,0.0,0.0
0021500034,1610612764,Washington,Wizards,WAS,wizards,201971,DeJuan,Blair,D. Blair,dejuan-blair,,,,4:21,1.0,0.0,0.0,0.0,0.0,0.0,0.0,0.0,0.0,0.0,0.0,0.0,0.0,0.0,0.0
0021500034,1610612764,Washington,Wizards,WAS,wizards,1626162,Kelly,Oubre Jr.,K. Oubre Jr.,kelly-oubre-jr,,DNP - Coach's Decision,,,0.0,0.0,0.0,0.0,0.0,0.0,0.0,0.0,0.0,0.0,0.0,0.0,0.0,0.0,0.0
0021500034,1610612764,Washington,Wizards,WAS,wizards,202066,Garrett,Temple,G. Temple,garrett-temple,,DNP - Coach's Decision,,,0.0,0.0,0.0,0.0,0.0,0.0,0.0,0.0,0.0,0.0,0.0,0.0,0.0,0.0,0.0
0021500038,1610612758,Sacramento,Kings,SAC,kings,200752,Rudy,Gay,R. Gay,rudy-gay,F,,,31:03,0.783,0.217,0.6,0.2,0.3,0.1,0.1,0.35,0.4,0.667,0.333,1.0,0.0,0.75,0.25
0021500038,1610612758,Sacramento,Kings,SAC,kings,202326,DeMarcus,Cousins,D. Cousins,demarcus-cousins,F,,,15:19,0.786,0.214,0.923,0.308,0.0,0.154,0.077,0.154,0.615,0.5,0.5,0.0,0.0,0.5,0.5
0021500038,1610612758,Sacramento,Kings,SAC,kings,1626161,Willie,Cauley-Stein,W. Cauley-Stein,willie-cauley-stein,C,,,22:48,1.0,0.0,0.75,0.0,0.0,0.0,0.25,0.0,0.75,0.333,0.667,0.0,0.0,0.333,0.667
0021500038,1610612758,Sacramento,Kings,SAC,kings,203463,Ben,McLemore,B. McLemore,ben-mclemore,G,,,10:25,1.0,0.0,0.667,0.0,0.0,0.0,0.333,0.0,0.667,1.0,0.0,0.0,0.0,1.0,0.0
0021500038,1610612758,Sacramento,Kings,SAC,kings,200765,Rajon,Rondo,R. Rondo,rajon-rondo,G,,,33:00,0.765,0.235,0.762,0.381,0.143,0.048,0.095,0.286,0.381,0.0,1.0,0.0,1.0,0.0,1.0
0021500038,1610612758,Sacramento,Kings,SAC,kings,201956,Omri,Casspi,O. Casspi,omri-casspi,,,,21:23,0.833,0.167,0.6,0.0,0.3,0.0,0.1,0.5,0.6,0.667,0.333,1.0,0.0,0.75,0.25
0021500038,1610612758,Sacramento,Kings,SAC,kings,201954,Darren,Collison,D. Collison,darren-collison,,,,35:00,0.875,0.125,0.667,0.133,0.2,0.133,0.133,0.4,0.533,0.2,0.8,0.0,1.0,0.167,0.833
0021500038,1610612758,Sacramento,Kings,SAC,kings,201585,Kosta,Koufos,K. Koufos,kosta-koufos,,,,29:13,1.0,0.0,1.0,0.0,0.0,0.0,0.0,0.0,1.0,0.5,0.5,0.0,0.0,0.5,0.5
0021500038,1610612758,Sacramento,Kings,SAC,kings,201158,Marco,Belinelli,M. Belinelli,marco-belinelli,,,,28:04,0.75,0.25,0.182,0.182,0.273,0.273,0.545,0.0,0.0,1.0,0.0,1.0,0.0,1.0,0.0
0021500038,1610612758,Sacramento,Kings,SAC,kings,2406,Caron,Butler,C. Butler,caron-butler,,,,13:45,0.75,0.25,1.0,1.0,0.0,0.0,0.0,0.0,0.0,1.0,0.0,0.0,0.0,1.0,0.0
0021500038,1610612758,Sacramento,Kings,SAC,kings,203112,Quincy,Acy,Q. Acy,quincy-acy,,DNP - Coach's Decision,,,0.0,0.0,0.0,0.0,0.0,0.0,0.0,0.0,0.0,0.0,0.0,0.0,0.0,0.0,0.0
0021500038,1610612758,Sacramento,Kings,SAC,kings,202341,James,Anderson,J. Anderson,james-anderson,,DNP - Coach's Decision,,,0.0,0.0,0.0,0.0,0.0,0.0,0.0,0.0,0.0,0.0,0.0,0.0,0.0,0.0,0.0
0021500038,1610612758,Sacramento,Kings,SAC,kings,203552,Seth,Curry,S. Curry,seth-curry,,DNP - Coach's Decision,,,0.0,0.0,0.0,0.0,0.0,0.0,0.0,0.0,0.0,0.0,0.0,0.0,0.0,0.0,0.0
0021500038,1610612746,LA,Clippers,LAC,clippers,202362,Lance,Stephenson,L. Stephenson,lance-stephenson,F,,,24:17,0.833,0.167,0.857,0.0,0.0,0.0,0.143,0.286,0.857,1.0,0.0,0.0,0.0,1.0,0.0
0021500038,1610612746,LA,Clippers,LAC,clippers,201933,Blake,Griffin,B. Griffin,blake-griffin,F,,,36:14,1.0,0.0,0.703,0.108,0.0,0.135,0.297,0.081,0.595,0.692,0.308,0.0,0.0,0.692,0.308
0021500038,1610612746,LA,Clippers,LAC,clippers,201599,DeAndre,Jordan,D. Jordan,deandre-jordan,C,,,35:41,1.0,0.0,0.667,0.0,0.0,0.0,0.333,0.2,0.667,0.8,0.2,0.0,0.0,0.8,0.2
0021500038,1610612746,LA,Clippers,LAC,clippers,200755,JJ,Redick,J. Redick,jj-redick,G,,,32:41,0.778,0.222,0.522,0.261,0.261,0.0,0.217,0.13,0.261,1.0,0.0,0.5,0.5,0.875,0.125
0021500038,1610612746,LA,Clippers,LAC,clippers,101108,Chris,Paul,C. Paul,chris-paul,G,,,38:28,0.615,0.385,0.471,0.235,0.176,0.176,0.353,0.059,0.235,0.0,1.0,0.0,1.0,0.0,1.0
0021500038,1610612746,LA,Clippers,LAC,clippers,1718,Paul,Pierce,P. Pierce,paul-pierce,,,,13:46,0.0,1.0,0.0,0.0,1.0,0.0,0.0,0.0,0.0,0.0,0.0,1.0,0.0,1.0,0.0
0021500038,1610612746,LA,Clippers,LAC,clippers,2037,Jamal,Crawford,J. Crawford,jamal-crawford,,,,22:59,0.7,0.3,0.6,0.4,0.0,0.0,0.4,0.2,0.2,0.333,0.667,0.0,0.0,0.333,0.667
0021500038,1610612746,LA,Clippers,LAC,clippers,2746,Josh,Smith,J. Smith,josh-smith,,,,12:15,0.75,0.25,1.0,0.0,0.0,0.0,0.0,1.0,1.0,0.0,1.0,0.0,0.0,0.0,1.0
0021500038,1610612746,LA,Clippers,LAC,clippers,203085,Austin,Rivers,A. Rivers,austin-rivers,,,,11:58,0.333,0.667,0.0,0.0,0.0,0.0,0.0,0.0,0.0,0.0,0.0,0.0,0.0,0.0,0.0
0021500038,1610612746,LA,Clippers,LAC,clippers,202325,Wesley,Johnson,W. Johnson,wesley-johnson,,,,11:24,0.0,1.0,0.0,0.0,0.0,0.0,0.0,0.0,0.0,0.0,0.0,0.0,0.0,0.0,0.0
0021500038,1610612746,LA,Clippers,LAC,clippers,201601,Luc,Mbah a Moute,L. Mbah a Moute,luc-mbah-a-moute,,,,0:17,0.0,0.0,0.0,0.0,0.0,0.0,0.0,0.0,0.0,0.0,0.0,0.0,0.0,0.0,0.0
0021500038,1610612746,LA,Clippers,LAC,clippers,202332,Cole,Aldrich,C. Aldrich,cole-aldrich,,DNP - Coach's Decision,,,0.0,0.0,0.0,0.0,0.0,0.0,0.0,0.0,0.0,0.0,0.0,0.0,0.0,0.0,0.0
0021500038,1610612746,LA,Clippers,LAC,clippers,203143,Pablo,Prigioni,P. Prigioni,pablo-prigioni,,DNP - Coach's Decision,,,0.0,0.0,0.0,0.0,0.0,0.0,0.0,0.0,0.0,0.0,0.0,0.0,0.0,0.0,0.0
0021500043,1610612753,Orlando,Magic,ORL,magic,203095,Evan,Fournier,E. Fournier,evan-fournier,F,,,35:10,0.733,0.267,0.632,0.0,0.316,0.105,0.053,0.0,0.632,0.5,0.5,1.0,0.0,0.625,0.375
0021500043,1610612753,Orlando,Magic,ORL,magic,202699,Tobias,Harris,T. Harris,tobias-harris,F,,,21:48,0.857,0.143,0.909,0.0,0.0,0.182,0.091,0.0,0.909,0.6,0.4,0.0,0.0,0.6,0.4
0021500043,1610612753,Orlando,Magic,ORL,magic,202696,Nikola,Vučević,N. Vučević,nikola-vučević,C,,,34:30,1.0,0.0,0.8,0.4,0.0,0.0,0.2,0.0,0.4,0.5,0.5,0.0,0.0,0.5,0.5
0021500043,1610612753,Orlando,Magic,ORL,magic,203506,Victor,Oladipo,V. Oladipo,victor-oladipo,G,,,38:43,0.538,0.462,0.462,0.154,0.462,0.308,0.077,0.231,0.308,0.0,1.0,1.0,0.0,0.4,0.6
0021500043,1610612753,Orlando,Magic,ORL,magic,203901,Elfrid,Payton,E. Payton,elfrid-payton,G,,,22:27,0.714,0.286,1.0,0.5,0.0,0.5,0.0,0.5,0.5,1.0,0.0,0.0,0.0,1.0,0.0
0021500043,1610612753,Orlando,Magic,ORL,magic,1626209,Mario,Hezonja,M. Hezonja,mario-hezonja,,,,5:06,1.0,0.0,0.0,0.0,0.0,0.0,0.0,0.0,0.0,0.0,0.0,0.0,0.0,0.0,0.0
0021500043,1610612753,Orlando,Magic,ORL,magic,203932,Aaron,Gordon,A. Gordon,aaron-gordon,,,,24:35,0.857,0.143,1.0,0.0,0.0,0.5,0.0,0.0,1.0,0.0,1.0,0.0,0.0,0.0,1.0
0021500043,1610612753,Orlando,Magic,ORL,magic,101112,Channing,Frye,C. Frye,channing-frye,,,,9:20,0.0,1.0,0.0,0.0,0.0,0.0,1.0,0.0,0.0,0.0,0.0,0.0,0.0,0.0,0.0
0021500043,1610612753,Orlando,Magic,ORL,magic,203894,Shabazz,Napier,S. Napier,shabazz-napier,,,,16:09,0.6,0.4,0.286,0.0,0.429,0.0,0.286,0.0,0.286,0.0,1.0,1.0,0.0,0.5,0.5
0021500043,1610612753,Orlando,Magic,ORL,magic,201228,C.J.,Watson,C. Watson,cj-watson,,,,13:54,0.5,0.5,0.4,0.4,0.6,0.0,0.0,0.0,0.0,1.0,0.0,1.0,0.0,1.0,0.0
0021500043,1610612753,Orlando,Magic,ORL,magic,201160,Jason,Smith,J. Smith,jason-smith,,,,14:12,0.714,0.286,0.5,0.5,0.375,0.0,0.125,0.5,0.0,1.0,0.0,1.0,0.0,1.0,0.0
0021500043,1610612753,Orlando,Magic,ORL,magic,203094,Andrew,Nicholson,A. Nicholson,andrew-nicholson,,,,4:06,1.0,0.0,0.0,0.0,0.0,0.0,0.0,0.0,0.0,0.0,0.0,0.0,0.0,0.0,0.0
0021500043,1610612753,Orlando,Magic,ORL,magic,203473,Dewayne,Dedmon,D. Dedmon,dewayne-dedmon,,DNP - Coach's Decision,,,0.0,0.0,0.0,0.0,0.0,0.0,0.0,0.0,0.0,0.0,0.0,0.0,0.0,0.0,0.0
0021500043,1610612741,Chicago,Bulls,CHI,bulls,203503,Tony,Snell,T. Snell,tony-snell,F,,,26:29,0.333,0.667,0.25,0.25,0.75,0.0,0.0,0.0,0.0,1.0,0.0,1.0,0.0,1.0,0.0
0021500043,1610612741,Chicago,Bulls,CHI,bulls,202703,Nikola,Mirotic,N. Mirotic,nikola-mirotic,F,,,28:23,0.333,0.667,0.125,0.0,0.563,0.0,0.313,0.0,0.125,0.0,1.0,1.0,0.0,0.75,0.25
0021500043,1610612741,Chicago,Bulls,CHI,bulls,2200,Pau,Gasol,P. Gasol,pau-gasol,C,,,23:47,0.857,0.143,0.875,0.5,0.0,0.0,0.125,0.0,0.375,0.714,0.286,0.0,0.0,0.714,0.286
0021500043,1610612741,Chicago,Bulls,CHI,bulls,202710,Jimmy,Butler III,J. Butler III,jimmy-butler-iii,G,,,32:51,0.8,0.2,0.571,0.143,0.0,0.143,0.429,0.286,0.429,0.25,0.75,0.0,0.0,0.25,0.75
0021500043,1610612741,Chicago,Bulls,CHI,bulls,201565,Derrick,Rose,D. Rose,derrick-rose,G,,,32:19,0.875,0.125,0.667,0.0,0.0,0.0,0.333,0.333,0.667,0.5,0.5,0.0,0.0,0.5,0.5
0021500043,1610612741,Chicago,Bulls,CHI,bulls,201149,Joakim,Noah,J. Noah,joakim-noah,,,,24:18,1.0,0.0,0.75,0.0,0.0,0.0,0.25,0.25,0.75,0.667,0.333,0.0,0.0,0.667,0.333
0021500043,1610612741,Chicago,Bulls,CHI,bulls,201959,Taj,Gibson,T. Gibson,taj-gibson,,,,19:33,1.0,0.0,0.667,0.0,0.0,0.667,0.333,0.333,0.667,1.0,0.0,0.0,0.0,1.0,0.0
0021500043,1610612741,Chicago,Bulls,CHI,bulls,201166,Aaron,Brooks,A. Brooks,aaron-brooks,,,,15:41,0.545,0.455,1.0,0.333,0.0,0.0,0.0,0.333,0.667,0.333,0.667,0.0,0.0,0.333,0.667
0021500043,1610612741,Chicago,Bulls,CHI,bulls,203926,Doug,McDermott,D. McDermott,doug-mcdermott,,,,17:57,0.6,0.4,0.5,0.333,0.5,0.0,0.0,0.417,0.167,1.0,0.0,1.0,0.0,1.0,0.0
0021500043,1610612741,Chicago,Bulls,CHI,bulls,202734,E'Twaun,Moore,E. Moore,etwaun-moore,,,,18:43,0.714,0.286,0.0,0.0,0.0,0.0,0.0,0.0,0.0,0.0,0.0,0.0,0.0,0.0,0.0
0021500043,1610612741,Chicago,Bulls,CHI,bulls,203946,Cameron,Bairstow,C. Bairstow,cameron-bairstow,,DNP - Coach's Decision,,,0.0,0.0,0.0,0.0,0.0,0.0,0.0,0.0,0.0,0.0,0.0,0.0,0.0,0.0,0.0
0021500043,1610612741,Chicago,Bulls,CHI,bulls,1626245,Cristiano,Felicio,C. Felicio,cristiano-felicio,,DNP - Coach's Decision,,,0.0,0.0,0.0,0.0,0.0,0.0,0.0,0.0,0.0,0.0,0.0,0.0,0.0,0.0,0.0
0021500043,1610612741,Chicago,Bulls,CHI,bulls,1626171,Bobby,Portis,B. Portis,bobby-portis,,DNP - Coach's Decision,,,0.0,0.0,0.0,0.0,0.0,0.0,0.0,0.0,0.0,0.0,0.0,0.0,0.0,0.0,0.0
0021500040,1610612759,San Antonio,Spurs,SAS,spurs,202695,Kawhi,Leonard,K. Leonard,kawhi-leonard,F,,,34:17,0.833,0.167,0.737,0.421,0.158,0.0,0.105,0.211,0.316,0.571,0.429,1.0,0.0,0.625,0.375
0021500040,1610612759,San Antonio,Spurs,SAS,spurs,200746,LaMarcus,Aldridge,L. Aldridge,lamarcus-aldridge,F,,,34:42,0.944,0.056,0.667,0.417,0.0,0.0,0.333,0.0,0.25,0.75,0.25,0.0,0.0,0.75,0.25
0021500040,1610612759,San Antonio,Spurs,SAS,spurs,1495,Tim,Duncan,T. Duncan,tim-duncan,C,,,28:48,0.889,0.111,0.857,0.0,0.0,0.143,0.143,0.286,0.857,1.0,0.0,0.0,0.0,1.0,0.0
0021500040,1610612759,San Antonio,Spurs,SAS,spurs,201980,Danny,Green,D. Green,danny-green,G,,,28:51,0.5,0.5,1.0,0.0,0.0,0.5,0.0,0.0,1.0,1.0,0.0,0.0,0.0,1.0,0.0
0021500040,1610612759,San Antonio,Spurs,SAS,spurs,2225,Tony,Parker,T. Parker,tony-parker,G,,,27:25,1.0,0.0,1.0,0.667,0.0,0.333,0.0,0.0,0.333,0.0,1.0,0.0,0.0,0.0,1.0
0021500040,1610612759,San Antonio,Spurs,SAS,spurs,2564,Boris,Diaw,B. Diaw,boris-diaw,,,,23:46,0.875,0.125,0.8,0.0,0.0,0.0,0.2,0.3,0.8,0.5,0.5,0.0,0.0,0.5,0.5
0021500040,1610612759,San Antonio,Spurs,SAS,spurs,201988,Patty,Mills,P. Mills,patty-mills,,,,20:35,0.333,0.667,0.25,0.25,0.75,0.0,0.0,0.0,0.0,0.0,1.0,1.0,0.0,0.667,0.333
0021500040,1610612759,San Antonio,Spurs,SAS,spurs,1938,Manu,Ginobili,M. Ginobili,manu-ginobili,,,,23:54,0.5,0.5,0.308,0.0,0.462,0.0,0.231,0.231,0.308,0.0,1.0,1.0,0.0,0.5,0.5
0021500040,1610612759,San Antonio,Spurs,SAS,spurs,203937,Kyle,Anderson,K. Anderson,kyle-anderson,,,,0:58,0.0,0.0,0.0,0.0,0.0,0.0,0.0,0.0,0.0,0.0,0.0,0.0,0.0,0.0,0.0
0021500040,1610612759,San Antonio,Spurs,SAS,spurs,2446,Rasual,Butler,R. Butler,rasual-butler,,,,7:60,0.0,1.0,0.0,0.0,0.0,0.0,1.0,0.0,0.0,0.0,0.0,0.0,0.0,0.0,0.0
0021500040,1610612759,San Antonio,Spurs,SAS,spurs,2561,David,West,D. West,david-west,,,,8:44,1.0,0.0,1.0,0.0,0.0,0.0,0.0,0.0,1.0,0.0,1.0,0.0,0.0,0.0,1.0
0021500040,1610612759,San Antonio,Spurs,SAS,spurs,2588,Matt,Bonner,M. Bonner,matt-bonner,,DNP - Coach's Decision,,,0.0,0.0,0.0,0.0,0.0,0.0,0.0,0.0,0.0,0.0,0.0,0.0,0.0,0.0,0.0
0021500040,1610612759,San Antonio,Spurs,SAS,spurs,203492,Ray,McCallum,R. McCallum,ray-mccallum,,DNP - Coach's Decision,,,0.0,0.0,0.0,0.0,0.0,0.0,0.0,0.0,0.0,0.0,0.0,0.0,0.0,0.0,0.0
0021500040,1610612738,Boston,Celtics,BOS,celtics,203109,Jae,Crowder,J. Crowder,jae-crowder,F,,,22:59,0.444,0.556,0.571,0.0,0.429,0.0,0.0,0.286,0.571,1.0,0.0,1.0,0.0,1.0,0.0
0021500040,1610612738,Boston,Celtics,BOS,celtics,101135,David,Lee,D. Lee,david-lee,F,,,20:35,1.0,0.0,1.0,0.0,0.0,0.0,0.0,0.0,1.0,1.0,0.0,0.0,0.0,1.0,0.0
0021500040,1610612738,Boston,Celtics,BOS,celtics,203092,Tyler,Zeller,T. Zeller,tyler-zeller,C,,,6:28,1.0,0.0,0.0,0.0,0.0,0.0,0.0,0.0,0.0,0.0,0.0,0.0,0.0,0.0,0.0
0021500040,1610612738,Boston,Celtics,BOS,celtics,202340,Avery,Bradley,A. Bradley,avery-bradley,G,,,30:28,0.778,0.222,0.667,0.222,0.167,0.0,0.167,0.389,0.444,0.333,0.667,1.0,0.0,0.429,0.571
0021500040,1610612738,Boston,Celtics,BOS,celtics,203935,Marcus,Smart,M. Smart,marcus-smart,G,,,38:30,0.583,0.417,0.706,0.0,0.176,0.294,0.118,0.176,0.706,0.667,0.333,1.0,0.0,0.714,0.286
0021500040,1610612738,Boston,Celtics,BOS,celtics,202738,Isaiah,Thomas,I. Thomas,isaiah-thomas,,,,26:35,0.722,0.278,0.4,0.0,0.2,0.0,0.4,0.133,0.4,0.333,0.667,1.0,0.0,0.5,0.5
0021500040,1610612738,Boston,Celtics,BOS,celtics,202323,Evan,Turner,E. Turner,evan-turner,,,,15:49,0.75,0.25,1.0,0.0,0.0,0.0,0.0,0.0,1.0,1.0,0.0,0.0,0.0,1.0,0.0
0021500040,1610612738,Boston,Celtics,BOS,celtics,203096,Jared,Sullinger,J. Sullinger,jared-sullinger,,,,23:31,0.667,0.333,0.4,0.2,0.6,0.0,0.0,0.0,0.2,0.5,0.5,1.0,0.0,0.75,0.25
0021500040,1610612738,Boston,Celtics,BOS,celtics,101161,Amir,Johnson,A. Johnson,amir-johnson,,,,28:24,0.8,0.2,1.0,0.0,0.0,0.0,0.0,0.4,1.0,0.4,0.6,0.0,0.0,0.4,0.6
0021500040,1610612738,Boston,Celtics,BOS,celtics,201973,Jonas,Jerebko,J. Jerebko,jonas-jerebko,,,,13:40,1.0,0.0,1.0,0.0,0.0,0.0,0.0,0.0,1.0,0.333,0.667,0.0,0.0,0.333,0.667
0021500040,1610612738,Boston,Celtics,BOS,celtics,203482,Kelly,Olynyk,K. Olynyk,kelly-olynyk,,,,12:60,0.0,1.0,0.0,0.0,0.0,0.0,0.0,0.0,0.0,0.0,0.0,0.0,0.0,0.0,0.0
0021500040,1610612738,Boston,Celtics,BOS,celtics,1626154,RJ,Hunter,R. Hunter,rj-hunter,,DNP - Coach's Decision,,,0.0,0.0,0.0,0.0,0.0,0.0,0.0,0.0,0.0,0.0,0.0,0.0,0.0,0.0,0.0
0021500040,1610612738,Boston,Celtics,BOS,celtics,1626179,Terry,Rozier,T. Rozier,terry-rozier,,DNP - Coach's Decision,,,0.0,0.0,0.0,0.0,0.0,0.0,0.0,0.0,0.0,0.0,0.0,0.0,0.0,0.0,0.0
0021500044,1610612743,Denver,Nuggets,DEN,nuggets,201568,Danilo,Gallinari,D. Gallinari,danilo-gallinari,F,,,27:19,0.615,0.385,0.133,0.133,0.4,0.0,0.467,0.133,0.0,0.0,1.0,1.0,0.0,0.667,0.333
0021500044,1610612743,Denver,Nuggets,DEN,nuggets,202702,Kenneth,Faried,K. Faried,kenneth-faried,F,,,14:10,1.0,0.0,1.0,0.0,0.0,0.0,0.0,0.25,1.0,0.75,0.25,0.0,0.0,0.75,0.25
0021500044,1610612743,Denver,Nuggets,DEN,nuggets,203530,Joffrey,Lauvergne,J. Lauvergne,joffrey-lauvergne,C,,,18:50,0.667,0.333,0.364,0.0,0.545,0.0,0.091,0.273,0.364,0.0,1.0,1.0,0.0,0.5,0.5
0021500044,1610612743,Denver,Nuggets,DEN,nuggets,203914,Gary,Harris,G. Harris,gary-harris,G,,,26:41,0.6,0.4,0.286,0.0,0.429,0.143,0.286,0.429,0.286,0.0,1.0,1.0,0.0,0.5,0.5
0021500044,1610612743,Denver,Nuggets,DEN,nuggets,1626144,Emmanuel,Mudiay,E. Mudiay,emmanuel-mudiay,G,,,26:52,0.786,0.214,1.0,0.333,0.0,0.0,0.0,0.0,0.667,0.333,0.667,0.0,0.0,0.333,0.667
0021500044,1610612743,Denver,Nuggets,DEN,nuggets,201589,Darrell,Arthur,D. Arthur,darrell-arthur,,,,24:08,1.0,0.0,1.0,1.0,0.0,0.0,0.0,0.0,0.0,1.0,0.0,0.0,0.0,1.0,0.0
0021500044,1610612743,Denver,Nuggets,DEN,nuggets,2749,Jameer,Nelson,J. Nelson,jameer-nelson,,,,27:03,0.615,0.385,0.462,0.154,0.462,0.231,0.077,0.231,0.308,0.0,1.0,1.0,0.0,0.4,0.6
0021500044,1610612743,Denver,Nuggets,DEN,nuggets,203999,Nikola,Jokić,N. Jokić,nikola-jokić,,,,24:26,1.0,0.0,1.0,0.0,0.0,0.0,0.0,0.25,1.0,0.5,0.5,0.0,0.0,0.5,0.5
0021500044,1610612743,Denver,Nuggets,DEN,nuggets,200751,Randy,Foye,R. Foye,randy-foye,,,,16:09,0.167,0.833,0.0,0.0,1.0,0.0,0.0,0.0,0.0,0.0,0.0,1.0,0.0,1.0,0.0
0021500044,1610612743,Denver,Nuggets,DEN,nuggets,203115,Will,Barton,W. Barton,will-barton,,,,24:15,0.75,0.25,0.667,0.267,0.2,0.6,0.133,0.533,0.4,0.4,0.6,1.0,0.0,0.5,0.5
0021500044,1610612743,Denver,Nuggets,DEN,nuggets,203475,Erick,Green,E. Green,erick-green,,,,4:27,0.0,1.0,0.0,0.0,0.0,0.0,0.0,0.0,0.0,0.0,0.0,0.0,0.0,0.0,0.0
0021500044,1610612743,Denver,Nuggets,DEN,nuggets,201581,JJ,Hickson,J. Hickson,jj-hickson,,,,2:55,0.0,0.0,0.0,0.0,0.0,1.0,1.0,0.0,0.0,0.0,0.0,0.0,0.0,0.0,0.0
0021500044,1610612743,Denver,Nuggets,DEN,nuggets,2034,Mike,Miller,M. Miller,mike-miller,,,,2:45,0.0,0.0,0.0,0.0,0.0,0.0,0.0,0.0,0.0,0.0,0.0,0.0,0.0,0.0,0.0
0021500044,1610612760,Oklahoma City,Thunder,OKC,thunder,201142,Kevin,Durant,K. Durant,kevin-durant,F,,,27:44,0.545,0.455,0.4,0.08,0.36,0.28,0.24,0.12,0.32,0.4,0.6,0.667,0.333,0.5,0.5
0021500044,1610612760,Oklahoma City,Thunder,OKC,thunder,201586,Serge,Ibaka,S. Ibaka,serge-ibaka,F,,,30:50,1.0,0.0,0.889,0.333,0.0,0.167,0.111,0.389,0.556,0.875,0.125,0.0,0.0,0.875,0.125
0021500044,1610612760,Oklahoma City,Thunder,OKC,thunder,203500,Steven,Adams,S. Adams,steven-adams,C,,,21:32,1.0,0.0,1.0,0.0,0.0,0.0,0.0,0.0,1.0,0.0,1.0,0.0,0.0,0.0,1.0
0021500044,1610612760,Oklahoma City,Thunder,OKC,thunder,203460,Andre,Roberson,A. Roberson,andre-roberson,G,,,20:21,0.571,0.429,0.6,0.0,0.3,0.4,0.1,0.2,0.6,1.0,0.0,1.0,0.0,1.0,0.0
0021500044,1610612760,Oklahoma City,Thunder,OKC,thunder,201566,Russell,Westbrook,R. Westbrook,russell-westbrook,G,,,25:26,0.692,0.308,0.8,0.0,0.2,0.4,0.0,0.4,0.8,0.5,0.5,1.0,0.0,0.571,0.429
0021500044,1610612760,Oklahoma City,Thunder,OKC,thunder,203079,Dion,Waiters,D. Waiters,dion-waiters,,,,23:55,0.75,0.25,0.4,0.4,0.3,0.0,0.3,0.0,0.0,0.5,0.5,0.0,1.0,0.333,0.667
0021500044,1610612760,Oklahoma City,Thunder,OKC,thunder,202713,Kyle,Singler,K. Singler,kyle-singler,,,,19:56,0.714,0.286,0.0,0.0,1.0,1.0,0.0,0.0,0.0,0.0,0.0,1.0,0.0,1.0,0.0
0021500044,1610612760,Oklahoma City,Thunder,OKC,thunder,201571,D.J.,Augustin,D. Augustin,dj-augustin,,,,18:07,0.375,0.625,0.143,0.0,0.857,0.0,0.0,0.0,0.143,0.0,1.0,0.75,0.25,0.6,0.4
0021500044,1610612760,Oklahoma City,Thunder,OKC,thunder,202683,Enes,Freedom,E. Freedom,enes-freedom,,,,17:35,1.0,0.0,1.0,0.0,0.0,0.0,0.0,0.0,1.0,1.0,0.0,0.0,0.0,1.0,0.0
0021500044,1610612760,Oklahoma City,Thunder,OKC,thunder,2555,Nick,Collison,N. Collison,nick-collison,,,,9:52,0.0,0.0,0.0,0.0,0.0,0.0,1.0,0.0,0.0,0.0,0.0,0.0,0.0,0.0,0.0
0021500044,1610612760,Oklahoma City,Thunder,OKC,thunder,201627,Anthony,Morrow,A. Morrow,anthony-morrow,,,,15:48,0.2,0.8,0.0,0.0,1.0,0.0,0.0,0.5,0.0,0.0,0.0,1.0,0.0,1.0,0.0
0021500044,1610612760,Oklahoma City,Thunder,OKC,thunder,1626166,Cameron,Payne,C. Payne,cameron-payne,,,,4:27,0.0,0.0,0.0,0.0,0.0,0.0,0.0,0.0,0.0,0.0,0.0,0.0,0.0,0.0,0.0
0021500044,1610612760,Oklahoma City,Thunder,OKC,thunder,203956,Mitch,McGary,M. McGary,mitch-mcgary,,,,4:27,0.0,0.0,0.0,0.0,0.0,0.0,0.0,0.0,0.0,0.0,0.0,0.0,0.0,0.0,0.0
0021500041,1610612745,Houston,Rockets,HOU,rockets,2772,Trevor,Ariza,T. Ariza,trevor-ariza,F,,,40:47,0.385,0.615,0.0,0.0,1.0,0.0,0.0,0.0,0.0,0.0,0.0,1.0,0.0,1.0,0.0
0021500041,1610612745,Houston,Rockets,HOU,rockets,201977,Marcus,Thornton,M. Thornton,marcus-thornton,F,,,30:53,0.438,0.563,0.286,0.095,0.714,0.0,0.0,0.143,0.19,0.0,1.0,1.0,0.0,0.625,0.375
0021500041,1610612745,Houston,Rockets,HOU,rockets,203991,Clint,Capela,C. Capela,clint-capela,C,,,14:07,1.0,0.0,1.0,0.0,0.0,0.0,0.0,0.2,1.0,0.6,0.4,0.0,0.0,0.6,0.4
0021500041,1610612745,Houston,Rockets,HOU,rockets,201935,James,Harden,J. Harden,james-harden,G,,,39:06,0.333,0.667,0.25,0.0,0.0,0.125,0.75,0.188,0.25,0.5,0.5,0.0,0.0,0.5,0.5
0021500041,1610612745,Houston,Rockets,HOU,rockets,201951,Ty,Lawson,T. Lawson,ty-lawson,G,,,37:27,1.0,0.0,0.5,0.0,0.0,1.0,0.5,0.5,0.5,0.0,1.0,0.0,0.0,0.0,1.0
0021500041,1610612745,Houston,Rockets,HOU,rockets,1626149,Montrezl,Harrell,M. Harrell,montrezl-harrell,,,,22:16,1.0,0.0,0.857,0.0,0.0,0.0,0.143,0.0,0.857,0.667,0.333,0.0,0.0,0.667,0.333
0021500041,1610612745,Houston,Rockets,HOU,rockets,201976,Patrick,Beverley,P. Beverley,patrick-beverley,,,,19:47,0.571,0.429,0.667,0.222,0.333,0.0,0.0,0.0,0.444,0.0,1.0,1.0,0.0,0.25,0.75
0021500041,1610612745,Houston,Rockets,HOU,rockets,201147,Corey,Brewer,C. Brewer,corey-brewer,,,,21:16,0.769,0.231,1.0,0.0,0.0,0.2,0.0,0.4,1.0,0.8,0.2,0.0,0.0,0.8,0.2
0021500041,1610612745,Houston,Rockets,HOU,rockets,101236,Chuck,Hayes,C. Hayes,chuck-hayes,,,,9:19,0.0,0.0,0.0,0.0,0.0,0.0,0.0,0.0,0.0,0.0,0.0,0.0,0.0,0.0,0.0
0021500041,1610612745,Houston,Rockets,HOU,rockets,1891,Jason,Terry,J. Terry,jason-terry,,,,5:02,0.0,1.0,0.0,0.0,1.0,0.0,0.0,1.0,0.0,0.0,0.0,1.0,0.0,1.0,0.0
0021500041,1610612745,Houston,Rockets,HOU,rockets,1626155,Sam,Dekker,S. Dekker,sam-dekker,,DNP - Coach's Decision,,,0.0,0.0,0.0,0.0,0.0,0.0,0.0,0.0,0.0,0.0,0.0,0.0,0.0,0.0,0.0
0021500041,1610612745,Houston,Rockets,HOU,rockets,2730,Dwight,Howard,D. Howard,dwight-howard,,DND - Rest,,,0.0,0.0,0.0,0.0,0.0,0.0,0.0,0.0,0.0,0.0,0.0,0.0,0.0,0.0,0.0
0021500041,1610612745,Houston,Rockets,HOU,rockets,203909,KJ,McDaniels,K. McDaniels,kj-mcdaniels,,DNP - Coach's Decision,,,0.0,0.0,0.0,0.0,0.0,0.0,0.0,0.0,0.0,0.0,0.0,0.0,0.0,0.0,0.0
0021500041,1610612748,Miami,Heat,MIA,heat,2736,Luol,Deng,L. Deng,luol-deng,F,,,26:38,0.667,0.333,0.571,0.0,0.214,0.143,0.214,0.286,0.571,0.5,0.5,1.0,0.0,0.6,0.4
0021500041,1610612748,Miami,Heat,MIA,heat,2547,Chris,Bosh,C. Bosh,chris-bosh,F,,,24:45,0.636,0.364,0.4,0.0,0.6,0.2,0.0,0.2,0.4,0.5,0.5,1.0,0.0,0.75,0.25
0021500041,1610612748,Miami,Heat,MIA,heat,202355,Hassan,Whiteside,H. Whiteside,hassan-whiteside,C,,,33:31,1.0,0.0,0.96,0.0,0.0,0.08,0.04,0.24,0.96,0.917,0.083,0.0,0.0,0.917,0.083
0021500041,1610612748,Miami,Heat,MIA,heat,2548,Dwyane,Wade,D. Wade,dwyane-wade,G,,,32:50,0.813,0.188,0.4,0.2,0.3,0.1,0.3,0.0,0.2,0.0,1.0,0.5,0.5,0.167,0.833
0021500041,1610612748,Miami,Heat,MIA,heat,201609,Goran,Dragic,G. Dragic,goran-dragic,G,,,24:17,0.857,0.143,0.75,0.0,0.0,0.25,0.25,0.25,0.75,0.333,0.667,0.0,0.0,0.333,0.667
0021500041,1610612748,Miami,Heat,MIA,heat,1626159,Justise,Winslow,J. Winslow,justise-winslow,,,,30:40,0.75,0.25,0.4,0.0,0.6,0.0,0.0,0.0,0.4,0.0,1.0,1.0,0.0,0.5,0.5
0021500041,1610612748,Miami,Heat,MIA,heat,201596,Mario,Chalmers,M. Chalmers,mario-chalmers,,,,22:35,0.667,0.333,0.5,0.0,0.0,0.0,0.5,0.5,0.5,0.0,1.0,0.0,0.0,0.0,1.0
0021500041,1610612748,Miami,Heat,MIA,heat,101123,Gerald,Green,G. Green,gerald-green,,,,18:21,0.286,0.714,0.286,0.0,0.429,0.571,0.286,0.286,0.286,0.0,1.0,1.0,0.0,0.5,0.5
0021500041,1610612748,Miami,Heat,MIA,heat,201177,Josh,McRoberts,J. McRoberts,josh-mcroberts,,,,5:11,0.0,0.0,0.0,0.0,0.0,0.0,0.0,0.0,0.0,0.0,0.0,0.0,0.0,0.0,0.0
0021500041,1610612748,Miami,Heat,MIA,heat,204020,Tyler,Johnson,T. Johnson,tyler-johnson,,,,21:12,0.714,0.286,0.727,0.0,0.273,0.182,0.0,0.364,0.727,0.25,0.75,1.0,0.0,0.4,0.6
0021500041,1610612748,Miami,Heat,MIA,heat,203516,James,Ennis III,J. Ennis III,james-ennis-iii,,DNP - Coach's Decision,,,0.0,0.0,0.0,0.0,0.0,0.0,0.0,0.0,0.0,0.0,0.0,0.0,0.0,0.0,0.0
0021500041,1610612748,Miami,Heat,MIA,heat,2617,Udonis,Haslem,U. Haslem,udonis-haslem,,DNP - Coach's Decision,,,0.0,0.0,0.0,0.0,0.0,0.0,0.0,0.0,0.0,0.0,0.0,0.0,0.0,0.0,0.0
0021500041,1610612748,Miami,Heat,MIA,heat,2405,Amar'e,Stoudemire,A. Stoudemire,amare-stoudemire,,DNP - Coach's Decision,,,0.0,0.0,0.0,0.0,0.0,0.0,0.0,0.0,0.0,0.0,0.0,0.0,0.0,0.0,0.0
0021500042,1610612749,Milwaukee,Bucks,MIL,bucks,203507,Giannis,Antetokounmpo,G. Antetokounmpo,giannis-antetokounmpo,F,,,32:41,0.917,0.083,0.7,0.0,0.15,0.35,0.15,0.25,0.7,0.857,0.143,1.0,0.0,0.875,0.125
0021500042,1610612749,Milwaukee,Bucks,MIL,bucks,203948,Johnny,O'Bryant III,J. O'Bryant III,johnny-obryant-iii,F,,,27:01,1.0,0.0,1.0,1.0,0.0,0.0,0.0,0.0,0.0,1.0,0.0,0.0,0.0,1.0,0.0
0021500042,1610612749,Milwaukee,Bucks,MIL,bucks,202328,Greg,Monroe,G. Monroe,greg-monroe,C,,,28:24,1.0,0.0,0.714,0.0,0.0,0.143,0.286,0.286,0.714,0.4,0.6,0.0,0.0,0.4,0.6
0021500042,1610612749,Milwaukee,Bucks,MIL,bucks,203114,Khris,Middleton,K. Middleton,khris-middleton,G,,,29:13,0.8,0.2,0.75,0.0,0.0,0.0,0.25,0.25,0.75,0.667,0.333,0.0,0.0,0.667,0.333
0021500042,1610612749,Milwaukee,Bucks,MIL,bucks,203487,Michael,Carter-Williams,M. Carter-Williams,michael-carter-williams,G,,,32:39,0.5,0.5,0.167,0.0,0.5,0.167,0.333,0.167,0.167,1.0,0.0,1.0,0.0,1.0,0.0
0021500042,1610612749,Milwaukee,Bucks,MIL,bucks,202349,Greivis,Vasquez,G. Vasquez,greivis-vasquez,,,,25:27,0.429,0.571,0.444,0.222,0.0,0.0,0.556,0.222,0.222,0.5,0.5,0.0,0.0,0.5,0.5
0021500042,1610612749,Milwaukee,Bucks,MIL,bucks,203101,Miles,Plumlee,M. Plumlee,miles-plumlee,,,,14:47,1.0,0.0,0.75,0.0,0.0,0.0,0.25,0.25,0.75,0.667,0.333,0.0,0.0,0.667,0.333
0021500042,1610612749,Milwaukee,Bucks,MIL,bucks,203142,Chris,Copeland,C. Copeland,chris-copeland,,,,20:32,0.333,0.667,0.2,0.0,0.6,0.2,0.2,0.0,0.2,1.0,0.0,1.0,0.0,1.0,0.0
0021500042,1610612749,Milwaukee,Bucks,MIL,bucks,201573,Jerryd,Bayless,J. Bayless,jerryd-bayless,,,,22:10,0.667,0.333,1.0,0.0,0.0,0.0,0.0,0.0,1.0,0.0,1.0,0.0,0.0,0.0,1.0
0021500042,1610612749,Milwaukee,Bucks,MIL,bucks,1626173,Rashad,Vaughn,R. Vaughn,rashad-vaughn,,,,3:33,0.5,0.5,0.0,0.0,0.0,0.0,0.0,0.0,0.0,0.0,0.0,0.0,0.0,0.0,0.0
0021500042,1610612749,Milwaukee,Bucks,MIL,bucks,203996,Damien,Inglis,D. Inglis,damien-inglis,,,,3:33,0.5,0.5,0.0,0.0,0.0,1.0,1.0,0.0,0.0,0.0,0.0,0.0,0.0,0.0,0.0
0021500042,1610612749,Milwaukee,Bucks,MIL,bucks,203089,John,Henson,J. Henson,john-henson,,NWT - Sore Left Achilles,,,0.0,0.0,0.0,0.0,0.0,0.0,0.0,0.0,0.0,0.0,0.0,0.0,0.0,0.0,0.0
0021500042,1610612749,Milwaukee,Bucks,MIL,bucks,201564,O.J.,Mayo,O. Mayo,oj-mayo,,NWT - Right Hamstring Strain,,,0.0,0.0,0.0,0.0,0.0,0.0,0.0,0.0,0.0,0.0,0.0,0.0,0.0,0.0,0.0
0021500042,1610612761,Toronto,Raptors,TOR,raptors,201960,DeMarre,Carroll,D. Carroll,demarre-carroll,F,,,30:40,0.385,0.615,0.286,0.0,0.643,0.0,0.071,0.357,0.286,1.0,0.0,1.0,0.0,1.0,0.0
0021500042,1610612761,Toronto,Raptors,TOR,raptors,2449,Luis,Scola,L. Scola,luis-scola,F,,,21:29,1.0,0.0,0.857,0.0,0.0,0.286,0.143,0.286,0.857,0.667,0.333,0.0,0.0,0.667,0.333
0021500042,1610612761,Toronto,Raptors,TOR,raptors,202685,Jonas,Valančiūnas,J. Valančiūnas,jonas-valančiūnas,C,,,28:59,1.0,0.0,0.737,0.105,0.0,0.0,0.263,0.105,0.632,0.429,0.571,0.0,0.0,0.429,0.571
0021500042,1610612761,Toronto,Raptors,TOR,raptors,201942,DeMar,DeRozan,D. DeRozan,demar-derozan,G,,,37:17,0.923,0.077,0.933,0.267,0.0,0.0,0.067,0.0,0.667,0.143,0.857,0.0,0.0,0.143,0.857
0021500042,1610612761,Toronto,Raptors,TOR,raptors,200768,Kyle,Lowry,K. Lowry,kyle-lowry,G,,,29:19,0.5,0.5,0.533,0.133,0.2,0.133,0.267,0.267,0.4,0.25,0.75,0.0,1.0,0.2,0.8
0021500042,1610612761,Toronto,Raptors,TOR,raptors,202687,Bismack,Biyombo,B. Biyombo,bismack-biyombo,,,,19:01,1.0,0.0,0.667,0.0,0.0,0.333,0.333,0.0,0.667,1.0,0.0,0.0,0.0,1.0,0.0
0021500042,1610612761,Toronto,Raptors,TOR,raptors,202335,Patrick,Patterson,P. Patterson,patrick-patterson,,,,24:09,0.444,0.556,0.25,0.0,0.75,0.0,0.0,0.0,0.25,0.5,0.5,1.0,0.0,0.833,0.167
0021500042,1610612761,Toronto,Raptors,TOR,raptors,203082,Terrence,Ross,T. Ross,terrence-ross,,,,21:02,0.444,0.556,0.182,0.0,0.818,0.0,0.0,0.455,0.182,1.0,0.0,1.0,0.0,1.0,0.0
0021500042,1610612761,Toronto,Raptors,TOR,raptors,202709,Cory,Joseph,C. Joseph,cory-joseph,,,,18:37,1.0,0.0,1.0,0.0,0.0,0.5,0.0,1.0,1.0,0.0,1.0,0.0,0.0,0.0,1.0
0021500042,1610612761,Toronto,Raptors,TOR,raptors,203461,Anthony,Bennett,A. Bennett,anthony-bennett,,,,2:22,1.0,0.0,1.0,0.0,0.0,0.0,0.0,1.0,1.0,0.0,1.0,0.0,0.0,0.0,1.0
0021500042,1610612761,Toronto,Raptors,TOR,raptors,201949,James,Johnson,J. Johnson,james-johnson,,,,2:22,0.0,0.0,0.0,0.0,0.0,0.0,0.0,0.0,0.0,0.0,0.0,0.0,0.0,0.0,0.0
0021500042,1610612761,Toronto,Raptors,TOR,raptors,1626181,Norman,Powell,N. Powell,norman-powell,,,,2:22,1.0,0.0,0.0,0.0,0.0,0.0,0.0,0.0,0.0,0.0,0.0,0.0,0.0,0.0,0.0
0021500042,1610612761,Toronto,Raptors,TOR,raptors,1626153,Delon,Wright,D. Wright,delon-wright,,,,2:22,0.0,1.0,0.0,0.0,0.0,0.0,0.0,0.0,0.0,0.0,0.0,0.0,0.0,0.0,0.0
0021500039,1610612737,Atlanta,Hawks,ATL,hawks,203145,Kent,Bazemore,K. Bazemore,kent-bazemore,F,,,28:13,0.583,0.417,0.4,0.0,0.3,0.1,0.3,0.1,0.4,0.5,0.5,1.0,0.0,0.667,0.333
0021500039,1610612737,Atlanta,Hawks,ATL,hawks,200794,Paul,Millsap,P. Millsap,paul-millsap,F,,,34:56,0.615,0.385,0.625,0.125,0.375,0.0,0.0,0.125,0.5,0.8,0.2,1.0,0.0,0.857,0.143
0021500039,1610612737,Atlanta,Hawks,ATL,hawks,201143,Al,Horford,A. Horford,al-horford,C,,,34:55,0.643,0.357,0.875,0.25,0.0,0.25,0.125,0.0,0.625,0.714,0.286,0.0,0.0,0.714,0.286
0021500039,1610612737,Atlanta,Hawks,ATL,hawks,2594,Kyle,Korver,K. Korver,kyle-korver,G,,,31:18,0.556,0.444,1.0,1.0,0.0,0.0,0.0,0.0,0.0,0.667,0.333,0.0,0.0,0.667,0.333
0021500039,1610612737,Atlanta,Hawks,ATL,hawks,201952,Jeff,Teague,J. Teague,jeff-teague,G,,,32:11,0.75,0.25,0.444,0.0,0.333,0.222,0.222,0.222,0.444,0.0,1.0,0.5,0.5,0.167,0.833
0021500039,1610612737,Atlanta,Hawks,ATL,hawks,201168,Tiago,Splitter,T. Splitter,tiago-splitter,,,,17:30,1.0,0.0,0.857,0.0,0.0,0.0,0.143,0.286,0.857,0.667,0.333,0.0,0.0,0.667,0.333
0021500039,1610612737,Atlanta,Hawks,ATL,hawks,203934,Lamar,Patterson,L. Patterson,lamar-patterson,,,,9:06,0.667,0.333,0.0,0.0,0.0,0.0,0.0,0.0,0.0,0.0,0.0,0.0,0.0,0.0,0.0
0021500039,1610612737,Atlanta,Hawks,ATL,hawks,203471,Dennis,Schröder,D. Schröder,dennis-schröder,,,,21:11,0.778,0.222,1.0,0.333,0.0,0.333,0.0,0.333,0.667,0.0,1.0,0.0,0.0,0.0,1.0
0021500039,1610612737,Atlanta,Hawks,ATL,hawks,200757,Thabo,Sefolosha,T. Sefolosha,thabo-sefolosha,,,,17:36,0.8,0.2,0.4,0.4,0.6,0.0,0.0,0.6,0.0,1.0,0.0,1.0,0.0,1.0,0.0
0021500039,1610612737,Atlanta,Hawks,ATL,hawks,203118,Mike,Scott,M. Scott,mike-scott,,,,13:04,0.333,0.667,0.0,0.0,0.0,0.0,0.0,0.0,0.0,0.0,0.0,0.0,0.0,0.0,0.0
0021500039,1610612737,Atlanta,Hawks,ATL,hawks,203200,Justin,Holiday,J. Holiday,justin-holiday,,DNP - Coach's Decision,,,0.0,0.0,0.0,0.0,0.0,0.0,0.0,0.0,0.0,0.0,0.0,0.0,0.0,0.0,0.0
0021500039,1610612737,Atlanta,Hawks,ATL,hawks,202714,Shelvin,Mack,S. Mack,shelvin-mack,,DNP - Coach's Decision,,,0.0,0.0,0.0,0.0,0.0,0.0,0.0,0.0,0.0,0.0,0.0,0.0,0.0,0.0,0.0
0021500039,1610612737,Atlanta,Hawks,ATL,hawks,203488,Mike,Muscala,M. Muscala,mike-muscala,,DNP - Coach's Decision,,,0.0,0.0,0.0,0.0,0.0,0.0,0.0,0.0,0.0,0.0,0.0,0.0,0.0,0.0,0.0
0021500039,1610612766,Charlotte,Hornets,CHA,hornets,203798,PJ,Hairston,P. Hairston,pj-hairston,F,,,23:12,0.333,0.667,0.571,0.0,0.0,0.714,0.429,0.714,0.571,1.0,0.0,0.0,0.0,1.0,0.0
0021500039,1610612766,Charlotte,Hornets,CHA,hornets,101107,Marvin,Williams,M. Williams,marvin-williams,F,,,32:58,0.2,0.8,0.0,0.0,1.0,0.0,0.0,0.0,0.0,0.0,0.0,1.0,0.0,1.0,0.0
0021500039,1610612766,Charlotte,Hornets,CHA,hornets,2744,Al,Jefferson,A. Jefferson,al-jefferson,C,,,29:24,1.0,0.0,1.0,0.0,0.0,0.2,0.0,0.2,1.0,1.0,0.0,0.0,0.0,1.0,0.0
0021500039,1610612766,Charlotte,Hornets,CHA,hornets,201587,Nicolas,Batum,N. Batum,nicolas-batum,G,,,36:15,0.357,0.643,0.125,0.0,0.75,0.125,0.125,0.0,0.125,0.0,1.0,0.75,0.25,0.6,0.4
0021500039,1610612766,Charlotte,Hornets,CHA,hornets,202689,Kemba,Walker,K. Walker,kemba-walker,G,,,31:16,0.667,0.333,0.235,0.0,0.353,0.0,0.412,0.0,0.235,0.0,1.0,1.0,0.0,0.5,0.5
0021500039,1610612766,Charlotte,Hornets,CHA,hornets,203469,Cody,Zeller,C. Zeller,cody-zeller,,,,22:49,1.0,0.0,1.0,0.0,0.0,0.333,0.0,0.0,1.0,1.0,0.0,0.0,0.0,1.0,0.0
0021500039,1610612766,Charlotte,Hornets,CHA,hornets,201150,Spencer,Hawes,S. Hawes,spencer-hawes,,,,18:24,0.75,0.25,1.0,1.0,0.0,0.0,0.0,0.0,0.0,1.0,0.0,0.0,0.0,1.0,0.0
0021500039,1610612766,Charlotte,Hornets,CHA,hornets,202391,Jeremy,Lin,J. Lin,jeremy-lin,,,,21:28,0.333,0.667,0.286,0.0,0.429,0.286,0.286,0.286,0.286,0.0,1.0,1.0,0.0,0.5,0.5
0021500039,1610612766,Charlotte,Hornets,CHA,hornets,203087,Jeremy,Lamb,J. Lamb,jeremy-lamb,,,,18:16,0.636,0.364,0.667,0.444,0.333,0.0,0.0,0.333,0.222,1.0,0.0,1.0,0.0,1.0,0.0
0021500039,1610612766,Charlotte,Hornets,CHA,hornets,1626163,Frank,Kaminsky,F. Kaminsky,frank-kaminsky,,,,5:59,0.0,1.0,0.0,0.0,1.0,0.0,0.0,0.0,0.0,0.0,0.0,1.0,0.0,1.0,0.0
0021500039,1610612766,Charlotte,Hornets,CHA,hornets,203584,Troy,Daniels,T. Daniels,troy-daniels,,DNP - Coach's Decision,,,0.0,0.0,0.0,0.0,0.0,0.0,0.0,0.0,0.0,0.0,0.0,0.0,0.0,0.0,0.0
0021500039,1610612766,Charlotte,Hornets,CHA,hornets,201946,Tyler,Hansbrough,T. Hansbrough,tyler-hansbrough,,DNP - Coach's Decision,,,0.0,0.0,0.0,0.0,0.0,0.0,0.0,0.0,0.0,0.0,0.0,0.0,0.0,0.0,0.0
0021500039,1610612766,Charlotte,Hornets,CHA,hornets,203148,Brian,Roberts,B. Roberts,brian-roberts,,DNP - Coach's Decision,,,0.0,0.0,0.0,0.0,0.0,0.0,0.0,0.0,0.0,0.0,0.0,0.0,0.0,0.0,0.0
0021500045,1610612742,Dallas,Mavericks,DAL,mavericks,202718,Chandler,Parsons,C. Parsons,chandler-parsons,F,,,11:52,0.833,0.167,1.0,0.0,0.0,0.0,0.0,0.0,1.0,0.0,1.0,0.0,0.0,0.0,1.0
0021500045,1610612742,Dallas,Mavericks,DAL,mavericks,1717,Dirk,Nowitzki,D. Nowitzki,dirk-nowitzki,F,,,29:54,0.615,0.385,0.56,0.4,0.36,0.0,0.08,0.32,0.16,0.857,0.143,1.0,0.0,0.9,0.1
0021500045,1610612742,Dallas,Mavericks,DAL,mavericks,2585,Zaza,Pachulia,Z. Pachulia,zaza-pachulia,C,,,29:17,1.0,0.0,0.5,0.0,0.0,0.125,0.5,0.125,0.5,0.75,0.25,0.0,0.0,0.75,0.25
0021500045,1610612742,Dallas,Mavericks,DAL,mavericks,202083,Wesley,Matthews,W. Matthews,wesley-matthews,G,,,26:15,0.2,0.8,0.0,0.0,0.9,0.1,0.1,0.0,0.0,0.0,0.0,1.0,0.0,1.0,0.0
0021500045,1610612742,Dallas,Mavericks,DAL,mavericks,101114,Deron,Williams,D. Williams,deron-williams,G,,,30:44,0.667,0.333,0.727,0.182,0.273,0.0,0.0,0.182,0.545,0.25,0.75,1.0,0.0,0.4,0.6
0021500045,1610612742,Dallas,Mavericks,DAL,mavericks,101109,Raymond,Felton,R. Felton,raymond-felton,,,,28:21,0.75,0.25,0.727,0.364,0.273,0.0,0.0,0.273,0.364,0.25,0.75,1.0,0.0,0.4,0.6
0021500045,1610612742,Dallas,Mavericks,DAL,mavericks,203939,Dwight,Powell,D. Powell,dwight-powell,,,,24:50,1.0,0.0,1.0,0.0,0.0,0.0,0.0,0.0,1.0,1.0,0.0,0.0,0.0,1.0,0.0
0021500045,1610612742,Dallas,Mavericks,DAL,mavericks,2734,Devin,Harris,D. Harris,devin-harris,,,,22:13,0.6,0.4,0.571,0.286,0.429,0.0,0.0,0.0,0.286,0.5,0.5,1.0,0.0,0.667,0.333
0021500045,1610612742,Dallas,Mavericks,DAL,mavericks,200826,J.J.,Barea,J. Barea,jj-barea,,,,23:39,0.714,0.286,0.6,0.0,0.3,0.3,0.1,0.0,0.6,0.333,0.667,1.0,0.0,0.5,0.5
0021500045,1610612742,Dallas,Mavericks,DAL,mavericks,101111,Charlie,Villanueva,C. Villanueva,charlie-villanueva,,,,11:56,0.333,0.667,0.0,0.0,1.0,0.0,0.0,0.0,0.0,0.0,0.0,1.0,0.0,1.0,0.0
0021500045,1610612742,Dallas,Mavericks,DAL,mavericks,202379,Jeremy,Evans,J. Evans,jeremy-evans,,,,0:59,0.0,0.0,0.0,0.0,0.0,0.0,0.0,0.0,0.0,0.0,0.0,0.0,0.0,0.0,0.0
0021500045,1610612742,Dallas,Mavericks,DAL,mavericks,203098,John,Jenkins,J. Jenkins,john-jenkins,,DNP - Coach's Decision,,,0.0,0.0,0.0,0.0,0.0,0.0,0.0,0.0,0.0,0.0,0.0,0.0,0.0,0.0,0.0
0021500045,1610612742,Dallas,Mavericks,DAL,mavericks,1626257,Salah,Mejri,S. Mejri,salah-mejri,,DNP - Coach's Decision,,,0.0,0.0,0.0,0.0,0.0,0.0,0.0,0.0,0.0,0.0,0.0,0.0,0.0,0.0,0.0
0021500045,1610612747,Los Angeles,Lakers,LAL,lakers,977,Kobe,Bryant,K. Bryant,kobe-bryant,F,,,31:21,0.467,0.533,0.133,0.0,0.4,0.0,0.467,0.2,0.133,0.0,1.0,1.0,0.0,0.667,0.333
0021500045,1610612747,Los Angeles,Lakers,LAL,lakers,203944,Julius,Randle,J. Randle,julius-randle,F,,,33:37,1.0,0.0,0.818,0.091,0.0,0.273,0.182,0.182,0.727,0.556,0.444,0.0,0.0,0.556,0.444
0021500045,1610612747,Los Angeles,Lakers,LAL,lakers,201579,Roy,Hibbert,R. Hibbert,roy-hibbert,C,,,26:05,1.0,0.0,0.5,0.0,0.0,0.0,0.5,0.0,0.5,0.0,1.0,0.0,0.0,0.0,1.0
0021500045,1610612747,Los Angeles,Lakers,LAL,lakers,203903,Jordan,Clarkson,J. Clarkson,jordan-clarkson,G,,,30:00,0.5,0.5,0.286,0.0,0.429,0.0,0.286,0.0,0.286,0.0,1.0,1.0,0.0,0.5,0.5
0021500045,1610612747,Los Angeles,Lakers,LAL,lakers,1626156,D'Angelo,Russell,D. Russell,dangelo-russell,G,,,27:22,0.462,0.538,0.4,0.4,0.6,0.0,0.0,0.0,0.0,0.0,1.0,1.0,0.0,0.5,0.5
0021500045,1610612747,Los Angeles,Lakers,LAL,lakers,101150,Lou,Williams,L. Williams,lou-williams,,,,26:53,0.25,0.75,0.154,0.0,0.692,0.154,0.154,0.0,0.154,1.0,0.0,0.333,0.667,0.5,0.5
0021500045,1610612747,Los Angeles,Lakers,LAL,lakers,201156,Nick,Young,N. Young,nick-young,,,,18:56,0.2,0.8,0.0,0.0,0.75,0.0,0.25,0.0,0.0,0.0,0.0,1.0,0.0,1.0,0.0
0021500045,1610612747,Los Angeles,Lakers,LAL,lakers,101138,Brandon,Bass,B. Bass,brandon-bass,,,,20:23,1.0,0.0,0.8,0.0,0.0,0.5,0.2,0.5,0.8,0.75,0.25,0.0,0.0,0.75,0.25
0021500045,1610612747,Los Angeles,Lakers,LAL,lakers,203527,Ryan,Kelly,R. Kelly,ryan-kelly,,,,14:23,0.5,0.5,0.0,0.0,0.0,0.0,0.0,0.0,0.0,0.0,0.0,0.0,0.0,0.0,0.0
0021500045,1610612747,Los Angeles,Lakers,LAL,lakers,1626273,Marcelo,Huertas,M. Huertas,marcelo-huertas,,,,11:00,1.0,0.0,1.0,0.0,0.0,0.0,0.0,0.0,1.0,0.5,0.5,0.0,0.0,0.5,0.5
0021500045,1610612747,Los Angeles,Lakers,LAL,lakers,204028,Tarik,Black,T. Black,tarik-black,,DNP - Coach's Decision,,,0.0,0.0,0.0,0.0,0.0,0.0,0.0,0.0,0.0,0.0,0.0,0.0,0.0,0.0,0.0
0021500045,1610612747,Los Angeles,Lakers,LAL,lakers,1626148,Anthony,Brown,A. Brown,anthony-brown,,DNP - Coach's Decision,,,0.0,0.0,0.0,0.0,0.0,0.0,0.0,0.0,0.0,0.0,0.0,0.0,0.0,0.0,0.0
0021500045,1610612747,Los Angeles,Lakers,LAL,lakers,1897,Metta,World Peace,M. World Peace,metta-world-peace,,DNP - Coach's Decision,,,0.0,0.0,0.0,0.0,0.0,0.0,0.0,0.0,0.0,0.0,0.0,0.0,0.0,0.0,0.0
0021500049,1610612760,Oklahoma City,Thunder,OKC,thunder,201142,Kevin,Durant,K. Durant,kevin-durant,F,,,35:00,0.526,0.474,0.345,0.138,0.414,0.103,0.241,0.103,0.207,0.4,0.6,0.75,0.25,0.556,0.444
0021500049,1610612760,Oklahoma City,Thunder,OKC,thunder,201586,Serge,Ibaka,S. Ibaka,serge-ibaka,F,,,33:52,0.929,0.071,1.0,0.167,0.0,0.0,0.0,0.0,0.833,0.5,0.5,0.0,0.0,0.5,0.5
0021500049,1610612760,Oklahoma City,Thunder,OKC,thunder,203500,Steven,Adams,S. Adams,steven-adams,C,,,19:12,1.0,0.0,0.8,0.0,0.0,0.0,0.2,0.4,0.8,1.0,0.0,0.0,0.0,1.0,0.0
0021500049,1610612760,Oklahoma City,Thunder,OKC,thunder,203460,Andre,Roberson,A. Roberson,andre-roberson,G,,,22:24,0.8,0.2,0.571,0.0,0.429,0.0,0.0,0.0,0.571,0.5,0.5,1.0,0.0,0.667,0.333
0021500049,1610612760,Oklahoma City,Thunder,OKC,thunder,201566,Russell,Westbrook,R. Westbrook,russell-westbrook,G,,,31:57,0.625,0.375,0.56,0.16,0.36,0.08,0.08,0.0,0.4,0.0,1.0,0.333,0.667,0.1,0.9
0021500049,1610612760,Oklahoma City,Thunder,OKC,thunder,203079,Dion,Waiters,D. Waiters,dion-waiters,,,,32:23,0.875,0.125,0.444,0.0,0.333,0.222,0.222,0.222,0.444,0.0,1.0,0.0,1.0,0.0,1.0
0021500049,1610612760,Oklahoma City,Thunder,OKC,thunder,202713,Kyle,Singler,K. Singler,kyle-singler,,,,15:58,0.0,1.0,0.0,0.0,0.0,0.0,0.0,0.0,0.0,0.0,0.0,0.0,0.0,0.0,0.0
0021500049,1610612760,Oklahoma City,Thunder,OKC,thunder,202683,Enes,Freedom,E. Freedom,enes-freedom,,,,22:13,1.0,0.0,1.0,0.0,0.0,0.0,0.0,0.333,1.0,0.333,0.667,0.0,0.0,0.333,0.667
0021500049,1610612760,Oklahoma City,Thunder,OKC,thunder,201571,D.J.,Augustin,D. Augustin,dj-augustin,,,,21:35,0.667,0.333,0.5,0.167,0.25,0.167,0.25,0.0,0.333,0.667,0.333,1.0,0.0,0.75,0.25
0021500049,1610612760,Oklahoma City,Thunder,OKC,thunder,201627,Anthony,Morrow,A. Morrow,anthony-morrow,,,,5:26,0.0,0.0,0.0,0.0,0.0,0.0,0.0,0.0,0.0,0.0,0.0,0.0,0.0,0.0,0.0
0021500049,1610612760,Oklahoma City,Thunder,OKC,thunder,2555,Nick,Collison,N. Collison,nick-collison,,DNP - Coach's Decision,,,0.0,0.0,0.0,0.0,0.0,0.0,0.0,0.0,0.0,0.0,0.0,0.0,0.0,0.0,0.0
0021500049,1610612760,Oklahoma City,Thunder,OKC,thunder,203956,Mitch,McGary,M. McGary,mitch-mcgary,,DNP - Coach's Decision,,,0.0,0.0,0.0,0.0,0.0,0.0,0.0,0.0,0.0,0.0,0.0,0.0,0.0,0.0,0.0
0021500049,1610612760,Oklahoma City,Thunder,OKC,thunder,1626166,Cameron,Payne,C. Payne,cameron-payne,,DNP - Coach's Decision,,,0.0,0.0,0.0,0.0,0.0,0.0,0.0,0.0,0.0,0.0,0.0,0.0,0.0,0.0,0.0
0021500049,1610612745,Houston,Rockets,HOU,rockets,2772,Trevor,Ariza,T. Ariza,trevor-ariza,F,,,36:02,0.5,0.5,0.444,0.0,0.333,0.0,0.222,0.0,0.444,1.0,0.0,1.0,0.0,1.0,0.0
0021500049,1610612745,Houston,Rockets,HOU,rockets,201977,Marcus,Thornton,M. Thornton,marcus-thornton,F,,,37:20,0.571,0.429,0.5,0.0,0.5,0.167,0.0,0.417,0.5,0.667,0.333,0.5,0.5,0.6,0.4
0021500049,1610612745,Houston,Rockets,HOU,rockets,2730,Dwight,Howard,D. Howard,dwight-howard,C,,,34:38,1.0,0.0,0.75,0.0,0.0,0.125,0.25,0.125,0.75,0.667,0.333,0.0,0.0,0.667,0.333
0021500049,1610612745,Houston,Rockets,HOU,rockets,201935,James,Harden,J. Harden,james-harden,G,,,38:28,0.538,0.462,0.432,0.162,0.324,0.108,0.243,0.081,0.27,0.25,0.75,0.0,1.0,0.167,0.833
0021500049,1610612745,Houston,Rockets,HOU,rockets,201951,Ty,Lawson,T. Lawson,ty-lawson,G,,,36:49,0.8,0.2,0.857,0.143,0.0,0.286,0.143,0.5,0.714,0.167,0.833,0.0,0.0,0.167,0.833
0021500049,1610612745,Houston,Rockets,HOU,rockets,201976,Patrick,Beverley,P. Beverley,patrick-beverley,,,,20:56,0.4,0.6,0.0,0.0,1.0,0.0,0.0,0.0,0.0,0.0,0.0,1.0,0.0,1.0,0.0
0021500049,1610612745,Houston,Rockets,HOU,rockets,203991,Clint,Capela,C. Capela,clint-capela,,,,10:43,1.0,0.0,1.0,0.0,0.0,0.0,0.0,0.0,1.0,1.0,0.0,0.0,0.0,1.0,0.0
0021500049,1610612745,Houston,Rockets,HOU,rockets,201147,Corey,Brewer,C. Brewer,corey-brewer,,,,22:25,0.818,0.182,0.833,0.0,0.0,0.333,0.167,0.333,0.833,1.0,0.0,0.0,0.0,1.0,0.0
0021500049,1610612745,Houston,Rockets,HOU,rockets,1626149,Montrezl,Harrell,M. Harrell,montrezl-harrell,,,,2:39,0.0,0.0,0.0,0.0,0.0,0.0,0.0,0.0,0.0,0.0,0.0,0.0,0.0,0.0,0.0
0021500049,1610612745,Houston,Rockets,HOU,rockets,1626155,Sam,Dekker,S. Dekker,sam-dekker,,DNP - Coach's Decision,,,0.0,0.0,0.0,0.0,0.0,0.0,0.0,0.0,0.0,0.0,0.0,0.0,0.0,0.0,0.0
0021500049,1610612745,Houston,Rockets,HOU,rockets,101236,Chuck,Hayes,C. Hayes,chuck-hayes,,DNP - Coach's Decision,,,0.0,0.0,0.0,0.0,0.0,0.0,0.0,0.0,0.0,0.0,0.0,0.0,0.0,0.0,0.0
0021500049,1610612745,Houston,Rockets,HOU,rockets,203909,KJ,McDaniels,K. McDaniels,kj-mcdaniels,,DNP - Coach's Decision,,,0.0,0.0,0.0,0.0,0.0,0.0,0.0,0.0,0.0,0.0,0.0,0.0,0.0,0.0,0.0
0021500049,1610612745,Houston,Rockets,HOU,rockets,1891,Jason,Terry,J. Terry,jason-terry,,DNP - Coach's Decision,,,0.0,0.0,0.0,0.0,0.0,0.0,0.0,0.0,0.0,0.0,0.0,0.0,0.0,0.0,0.0
0021500052,1610612756,Phoenix,Suns,PHX,suns,200782,P.J.,Tucker,P. Tucker,pj-tucker,F,,,26:37,0.5,0.5,0.0,0.0,0.5,0.0,0.5,0.5,0.0,0.0,0.0,1.0,0.0,1.0,0.0
0021500052,1610612756,Phoenix,Suns,PHX,suns,202693,Markieff,Morris,M. Morris,markieff-morris,F,,,36:24,0.636,0.364,0.526,0.105,0.316,0.0,0.158,0.0,0.421,0.6,0.4,1.0,0.0,0.714,0.286
0021500052,1610612756,Phoenix,Suns,PHX,suns,2199,Tyson,Chandler,T. Chandler,tyson-chandler,C,,,35:59,1.0,0.0,1.0,0.0,0.0,0.286,0.0,0.143,1.0,0.857,0.143,0.0,0.0,0.857,0.143
0021500052,1610612756,Phoenix,Suns,PHX,suns,202688,Brandon,Knight,B. Knight,brandon-knight,G,,,40:39,0.6,0.4,0.5,0.167,0.25,0.167,0.25,0.333,0.333,0.333,0.667,1.0,0.0,0.5,0.5
0021500052,1610612756,Phoenix,Suns,PHX,suns,202339,Eric,Bledsoe,E. Bledsoe,eric-bledsoe,G,,,31:38,0.789,0.211,0.625,0.0,0.188,0.125,0.188,0.0,0.625,0.2,0.8,0.0,1.0,0.167,0.833
0021500052,1610612756,Phoenix,Suns,PHX,suns,101179,Ronnie,Price,R. Price,ronnie-price,,,,16:28,0.0,1.0,0.0,0.0,1.0,0.333,0.0,0.0,0.0,0.0,0.0,1.0,0.0,1.0,0.0
0021500052,1610612756,Phoenix,Suns,PHX,suns,203933,T.J.,Warren,T. Warren,tj-warren,,,,21:29,0.909,0.091,0.909,0.182,0.0,0.182,0.091,0.091,0.727,0.6,0.4,0.0,0.0,0.6,0.4
0021500052,1610612756,Phoenix,Suns,PHX,suns,203458,Alex,Len,A. Len,alex-len,,,,6:55,1.0,0.0,0.0,0.0,0.0,0.0,1.0,0.0,0.0,0.0,0.0,0.0,0.0,0.0,0.0
0021500052,1610612756,Phoenix,Suns,PHX,suns,202720,Jon,Leuer,J. Leuer,jon-leuer,,,,11:32,0.5,0.5,0.571,0.286,0.429,0.0,0.0,0.0,0.286,0.5,0.5,1.0,0.0,0.667,0.333
0021500052,1610612756,Phoenix,Suns,PHX,suns,201603,Sonny,Weems,S. Weems,sonny-weems,,,,7:33,1.0,0.0,0.0,0.0,0.0,0.0,0.0,0.0,0.0,0.0,0.0,0.0,0.0,0.0,0.0
0021500052,1610612756,Phoenix,Suns,PHX,suns,203141,Mirza,Teletovic,M. Teletovic,mirza-teletovic,,,,4:48,0.0,0.0,0.0,0.0,0.0,0.0,0.0,0.0,0.0,0.0,0.0,0.0,0.0,0.0,0.0
0021500052,1610612756,Phoenix,Suns,PHX,suns,203462,Archie,Goodwin,A. Goodwin,archie-goodwin,,DNP - Coach's Decision,,,0.0,0.0,0.0,0.0,0.0,0.0,0.0,0.0,0.0,0.0,0.0,0.0,0.0,0.0,0.0
0021500052,1610612756,Phoenix,Suns,PHX,suns,203928,Cory,Jefferson,C. Jefferson,cory-jefferson,,DNP - Coach's Decision,,,0.0,0.0,0.0,0.0,0.0,0.0,0.0,0.0,0.0,0.0,0.0,0.0,0.0,0.0,0.0
0021500052,1610612746,LA,Clippers,LAC,clippers,202362,Lance,Stephenson,L. Stephenson,lance-stephenson,F,,,18:20,1.0,0.0,0.8,0.0,0.0,0.0,0.2,0.0,0.8,0.0,1.0,0.0,0.0,0.0,1.0
0021500052,1610612746,LA,Clippers,LAC,clippers,201933,Blake,Griffin,B. Griffin,blake-griffin,F,,,33:57,1.0,0.0,0.727,0.455,0.0,0.091,0.273,0.091,0.273,0.5,0.5,0.0,0.0,0.5,0.5
0021500052,1610612746,LA,Clippers,LAC,clippers,201599,DeAndre,Jordan,D. Jordan,deandre-jordan,C,,,31:53,1.0,0.0,0.857,0.286,0.0,0.286,0.143,0.286,0.571,1.0,0.0,0.0,0.0,1.0,0.0
0021500052,1610612746,LA,Clippers,LAC,clippers,200755,JJ,Redick,J. Redick,jj-redick,G,,,27:50,0.167,0.833,0.0,0.0,0.9,0.0,0.1,0.0,0.0,0.0,0.0,1.0,0.0,1.0,0.0
0021500052,1610612746,LA,Clippers,LAC,clippers,101108,Chris,Paul,C. Paul,chris-paul,G,,,30:47,0.867,0.133,0.706,0.471,0.176,0.0,0.118,0.235,0.235,0.167,0.833,1.0,0.0,0.286,0.714
0021500052,1610612746,LA,Clippers,LAC,clippers,1718,Paul,Pierce,P. Pierce,paul-pierce,,,,23:10,0.333,0.667,0.571,0.571,0.429,0.0,0.0,0.0,0.0,0.5,0.5,1.0,0.0,0.667,0.333
0021500052,1610612746,LA,Clippers,LAC,clippers,2746,Josh,Smith,J. Smith,josh-smith,,,,15:39,0.2,0.8,0.0,0.0,0.857,0.0,0.143,0.0,0.0,0.0,0.0,0.5,0.5,0.5,0.5
0021500052,1610612746,LA,Clippers,LAC,clippers,2037,Jamal,Crawford,J. Crawford,jamal-crawford,,,,26:17,0.5,0.5,0.182,0.0,0.273,0.182,0.545,0.0,0.182,0.0,1.0,1.0,0.0,0.5,0.5
0021500052,1610612746,LA,Clippers,LAC,clippers,203085,Austin,Rivers,A. Rivers,austin-rivers,,,,17:39,0.833,0.167,0.857,0.0,0.0,0.429,0.143,0.429,0.857,0.333,0.667,0.0,0.0,0.333,0.667
0021500052,1610612746,LA,Clippers,LAC,clippers,202325,Wesley,Johnson,W. Johnson,wesley-johnson,,,,14:03,0.8,0.2,0.889,0.0,0.0,0.444,0.111,0.0,0.889,0.75,0.25,0.0,0.0,0.75,0.25
0021500052,1610612746,LA,Clippers,LAC,clippers,201601,Luc,Mbah a Moute,L. Mbah a Moute,luc-mbah-a-moute,,,,0:25,0.0,0.0,0.0,0.0,0.0,0.0,0.0,0.0,0.0,0.0,0.0,0.0,0.0,0.0,0.0
0021500052,1610612746,LA,Clippers,LAC,clippers,202332,Cole,Aldrich,C. Aldrich,cole-aldrich,,DNP - Coach's Decision,,,0.0,0.0,0.0,0.0,0.0,0.0,0.0,0.0,0.0,0.0,0.0,0.0,0.0,0.0,0.0
0021500052,1610612746,LA,Clippers,LAC,clippers,203143,Pablo,Prigioni,P. Prigioni,pablo-prigioni,,DNP - Coach's Decision,,,0.0,0.0,0.0,0.0,0.0,0.0,0.0,0.0,0.0,0.0,0.0,0.0,0.0,0.0,0.0
0021500050,1610612757,Portland,Trail Blazers,POR,blazers,202329,Al-Farouq,Aminu,A. Aminu,al-farouq-aminu,F,,,32:24,0.583,0.417,0.588,0.118,0.353,0.235,0.059,0.0,0.471,0.6,0.4,0.5,0.5,0.571,0.429
0021500050,1610612757,Portland,Trail Blazers,POR,blazers,203086,Meyers,Leonard,M. Leonard,meyers-leonard,F,,,23:52,0.429,0.571,0.5,0.5,0.0,0.0,0.5,0.0,0.0,1.0,0.0,0.0,0.0,1.0,0.0
0021500050,1610612757,Portland,Trail Blazers,POR,blazers,203486,Mason,Plumlee,M. Plumlee,mason-plumlee,C,,,27:40,1.0,0.0,0.889,0.0,0.0,0.0,0.111,0.0,0.889,0.5,0.5,0.0,0.0,0.5,0.5
0021500050,1610612757,Portland,Trail Blazers,POR,blazers,203468,CJ,McCollum,C. McCollum,cj-mccollum,G,,,35:56,0.667,0.333,0.556,0.444,0.333,0.0,0.111,0.278,0.111,0.0,1.0,1.0,0.0,0.286,0.714
0021500050,1610612757,Portland,Trail Blazers,POR,blazers,203081,Damian,Lillard,D. Lillard,damian-lillard,G,,,37:57,0.64,0.36,0.588,0.235,0.353,0.206,0.059,0.118,0.353,0.1,0.9,0.75,0.25,0.286,0.714
0021500050,1610612757,Portland,Trail Blazers,POR,blazers,203090,Maurice,Harkless,M. Harkless,maurice-harkless,,,,17:15,0.8,0.2,0.8,0.0,0.0,0.0,0.2,0.0,0.8,0.0,1.0,0.0,0.0,0.0,1.0
0021500050,1610612757,Portland,Trail Blazers,POR,blazers,203459,Allen,Crabbe,A. Crabbe,allen-crabbe,,,,25:29,0.6,0.4,0.571,0.286,0.429,0.286,0.0,0.286,0.286,1.0,0.0,1.0,0.0,1.0,0.0
0021500050,1610612757,Portland,Trail Blazers,POR,blazers,202334,Ed,Davis,E. Davis,ed-davis,,,,20:20,1.0,0.0,0.571,0.0,0.0,0.0,0.429,0.0,0.571,0.5,0.5,0.0,0.0,0.5,0.5
0021500050,1610612757,Portland,Trail Blazers,POR,blazers,203943,Noah,Vonleh,N. Vonleh,noah-vonleh,,,,19:07,0.667,0.333,0.4,0.0,0.0,0.0,0.6,0.0,0.4,1.0,0.0,0.0,0.0,1.0,0.0
0021500050,1610612757,Portland,Trail Blazers,POR,blazers,1626192,Pat,Connaughton,P. Connaughton,pat-connaughton,,DNP - Coach's Decision,,,0.0,0.0,0.0,0.0,0.0,0.0,0.0,0.0,0.0,0.0,0.0,0.0,0.0,0.0,0.0
0021500050,1610612757,Portland,Trail Blazers,POR,blazers,204025,Tim,Frazier,T. Frazier,tim-frazier,,DNP - Coach's Decision,,,0.0,0.0,0.0,0.0,0.0,0.0,0.0,0.0,0.0,0.0,0.0,0.0,0.0,0.0,0.0
0021500050,1610612757,Portland,Trail Blazers,POR,blazers,2549,Chris,Kaman,C. Kaman,chris-kaman,,DNP - Coach's Decision,,,0.0,0.0,0.0,0.0,0.0,0.0,0.0,0.0,0.0,0.0,0.0,0.0,0.0,0.0,0.0
0021500050,1610612757,Portland,Trail Blazers,POR,blazers,1626242,Luis,Montero,L. Montero,luis-montero,,DNP - Coach's Decision,,,0.0,0.0,0.0,0.0,0.0,0.0,0.0,0.0,0.0,0.0,0.0,0.0,0.0,0.0,0.0
0021500050,1610612750,Minnesota,Timberwolves,MIN,timberwolves,2419,Tayshaun,Prince,T. Prince,tayshaun-prince,F,,,20:12,1.0,0.0,0.0,0.0,0.0,0.0,1.0,0.0,0.0,0.0,0.0,0.0,0.0,0.0,0.0
0021500050,1610612750,Minnesota,Timberwolves,MIN,timberwolves,708,Kevin,Garnett,K. Garnett,kevin-garnett,F,,,16:35,1.0,0.0,0.0,0.0,0.0,0.0,0.0,0.0,0.0,0.0,0.0,0.0,0.0,0.0,0.0
0021500050,1610612750,Minnesota,Timberwolves,MIN,timberwolves,1626157,Karl-Anthony,Towns,K. Towns,karl-anthony-towns,C,,,26:56,0.889,0.111,0.727,0.0,0.273,0.0,0.0,0.0,0.727,1.0,0.0,1.0,0.0,1.0,0.0
0021500050,1610612750,Minnesota,Timberwolves,MIN,timberwolves,203952,Andrew,Wiggins,A. Wiggins,andrew-wiggins,G,,,23:25,0.824,0.176,0.625,0.0,0.0,0.125,0.375,0.313,0.625,0.6,0.4,0.0,0.0,0.6,0.4
0021500050,1610612750,Minnesota,Timberwolves,MIN,timberwolves,201937,Ricky,Rubio,R. Rubio,ricky-rubio,G,,,31:57,0.8,0.2,0.667,0.5,0.0,0.333,0.333,0.333,0.167,0.0,1.0,0.0,0.0,0.0,1.0
0021500050,1610612750,Minnesota,Timberwolves,MIN,timberwolves,2755,Kevin,Martin,K. Martin,kevin-martin,,,,35:01,0.667,0.333,0.417,0.083,0.25,0.292,0.333,0.167,0.333,0.6,0.4,1.0,0.0,0.714,0.286
0021500050,1610612750,Minnesota,Timberwolves,MIN,timberwolves,202357,Nemanja,Bjelica,N. Bjelica,nemanja-bjelica,,,,31:25,0.5,0.5,0.8,0.4,0.0,0.0,0.2,0.0,0.4,1.0,0.0,0.0,0.0,1.0,0.0
0021500050,1610612750,Minnesota,Timberwolves,MIN,timberwolves,203476,Gorgui,Dieng,G. Dieng,gorgui-dieng,,,,21:06,1.0,0.0,1.0,0.167,0.0,0.0,0.0,0.0,0.833,0.833,0.167,0.0,0.0,0.833,0.167
0021500050,1610612750,Minnesota,Timberwolves,MIN,timberwolves,203897,Zach,LaVine,Z. LaVine,zach-lavine,,,,16:01,0.857,0.143,0.6,0.2,0.0,0.2,0.4,0.0,0.4,0.0,1.0,0.0,0.0,0.0,1.0
0021500050,1610612750,Minnesota,Timberwolves,MIN,timberwolves,203498,Shabazz,Muhammad,S. Muhammad,shabazz-muhammad,,,,17:22,1.0,0.0,0.444,0.0,0.0,0.111,0.556,0.333,0.444,1.0,0.0,0.0,0.0,1.0,0.0
0021500050,1610612750,Minnesota,Timberwolves,MIN,timberwolves,1889,Andre,Miller,A. Miller,andre-miller,,DNP - Coach's Decision,,,0.0,0.0,0.0,0.0,0.0,0.0,0.0,0.0,0.0,0.0,0.0,0.0,0.0,0.0,0.0
0021500050,1610612750,Minnesota,Timberwolves,MIN,timberwolves,203940,Adreian,Payne,A. Payne,adreian-payne,,DNP - Coach's Decision,,,0.0,0.0,0.0,0.0,0.0,0.0,0.0,0.0,0.0,0.0,0.0,0.0,0.0,0.0,0.0
0021500050,1610612750,Minnesota,Timberwolves,MIN,timberwolves,204014,Damjan,Rudez,D. Rudez,damjan-rudez,,DNP - Coach's Decision,,,0.0,0.0,0.0,0.0,0.0,0.0,0.0,0.0,0.0,0.0,0.0,0.0,0.0,0.0,0.0
0021500046,1610612739,Cleveland,Cavaliers,CLE,cavaliers,2544,LeBron,James,L. James,lebron-james,F,,,33:20,0.842,0.158,0.818,0.091,0.0,0.273,0.182,0.182,0.727,0.444,0.556,0.0,0.0,0.444,0.556
0021500046,1610612739,Cleveland,Cavaliers,CLE,cavaliers,201567,Kevin,Love,K. Love,kevin-love,F,,,28:34,0.714,0.286,0.933,0.133,0.0,0.0,0.067,0.133,0.8,0.714,0.286,0.0,0.0,0.714,0.286
0021500046,1610612739,Cleveland,Cavaliers,CLE,cavaliers,202389,Timofey,Mozgov,T. Mozgov,timofey-mozgov,C,,,22:06,1.0,0.0,0.667,0.0,0.0,0.333,0.333,0.0,0.667,1.0,0.0,0.0,0.0,1.0,0.0
0021500046,1610612739,Cleveland,Cavaliers,CLE,cavaliers,2747,JR,Smith,J. Smith,jr-smith,G,,,4:57,1.0,0.0,0.0,0.0,0.0,0.0,0.0,0.0,0.0,0.0,0.0,0.0,0.0,0.0,0.0
0021500046,1610612739,Cleveland,Cavaliers,CLE,cavaliers,2590,Mo,Williams,M. Williams,mo-williams,G,,,27:56,0.7,0.3,0.571,0.286,0.286,0.381,0.143,0.19,0.286,0.5,0.5,0.5,0.5,0.5,0.5
0021500046,1610612739,Cleveland,Cavaliers,CLE,cavaliers,2210,Richard,Jefferson,R. Jefferson,richard-jefferson,,,,21:43,0.5,0.5,0.286,0.0,0.429,1.0,0.286,0.286,0.286,1.0,0.0,1.0,0.0,1.0,0.0
0021500046,1610612739,Cleveland,Cavaliers,CLE,cavaliers,203521,Matthew,Dellavedova,M. Dellavedova,matthew-dellavedova,,,,34:22,0.625,0.375,0.667,0.333,0.25,0.0,0.083,0.167,0.333,0.5,0.5,1.0,0.0,0.6,0.4
0021500046,1610612739,Cleveland,Cavaliers,CLE,cavaliers,202684,Tristan,Thompson,T. Thompson,tristan-thompson,,,,26:18,1.0,0.0,1.0,0.0,0.0,0.25,0.0,0.0,1.0,0.75,0.25,0.0,0.0,0.75,0.25
0021500046,1610612739,Cleveland,Cavaliers,CLE,cavaliers,2760,Anderson,Varejao,A. Varejao,anderson-varejao,,,,3:59,0.0,1.0,0.0,0.0,0.0,0.0,0.0,0.0,0.0,0.0,0.0,0.0,0.0,0.0,0.0
0021500046,1610612739,Cleveland,Cavaliers,CLE,cavaliers,203099,Jared,Cunningham,J. Cunningham,jared-cunningham,,,,17:03,1.0,0.0,0.5,0.0,0.0,0.75,0.5,0.0,0.5,1.0,0.0,0.0,0.0,1.0,0.0
0021500046,1610612739,Cleveland,Cavaliers,CLE,cavaliers,2592,James,Jones,J. Jones,james-jones,,,,15:03,0.167,0.833,0.0,0.0,1.0,0.0,0.0,0.25,0.0,0.0,0.0,1.0,0.0,1.0,0.0
0021500046,1610612739,Cleveland,Cavaliers,CLE,cavaliers,203925,Joe,Harris,J. Harris,joe-harris,,,,4:39,0.0,1.0,0.0,0.0,0.0,0.0,0.0,0.0,0.0,0.0,0.0,0.0,0.0,0.0,0.0
0021500046,1610612739,Cleveland,Cavaliers,CLE,cavaliers,201619,Sasha,Kaun,S. Kaun,sasha-kaun,,NWT - Personal Reasons,,,0.0,0.0,0.0,0.0,0.0,0.0,0.0,0.0,0.0,0.0,0.0,0.0,0.0,0.0,0.0
0021500046,1610612755,Philadelphia,76ers,PHI,sixers,203496,Robert,Covington,R. Covington,robert-covington,F,,,22:27,0.444,0.556,0.5,0.0,0.0,0.5,0.5,0.0,0.5,1.0,0.0,0.0,0.0,1.0,0.0
0021500046,1610612755,Philadelphia,76ers,PHI,sixers,203457,Nerlens,Noel,N. Noel,nerlens-noel,F,,,33:27,1.0,0.0,1.0,0.143,0.0,0.0,0.0,0.143,0.857,0.714,0.286,0.0,0.0,0.714,0.286
0021500046,1610612755,Philadelphia,76ers,PHI,sixers,1626143,Jahlil,Okafor,J. Okafor,jahlil-okafor,C,,,26:54,1.0,0.0,0.917,0.167,0.0,0.083,0.083,0.333,0.75,0.364,0.636,0.0,0.0,0.364,0.636
0021500046,1610612755,Philadelphia,76ers,PHI,sixers,203917,Nik,Stauskas,N. Stauskas,nik-stauskas,G,,,28:31,0.1,0.9,0.133,0.0,0.6,0.0,0.267,0.333,0.133,0.0,1.0,0.667,0.333,0.5,0.5
0021500046,1610612755,Philadelphia,76ers,PHI,sixers,203477,Isaiah,Canaan,I. Canaan,isaiah-canaan,G,,,30:56,0.625,0.375,0.286,0.0,0.429,0.286,0.286,0.429,0.286,1.0,0.0,1.0,0.0,1.0,0.0
0021500046,1610612755,Philadelphia,76ers,PHI,sixers,203138,Hollis,Thompson,H. Thompson,hollis-thompson,,,,31:02,0.429,0.571,0.333,0.167,0.25,0.0,0.417,0.0,0.167,1.0,0.0,1.0,0.0,1.0,0.0
0021500046,1610612755,Philadelphia,76ers,PHI,sixers,203924,Jerami,Grant,J. Grant,jerami-grant,,,,22:59,0.875,0.125,0.857,0.0,0.0,0.286,0.143,0.571,0.857,0.333,0.667,0.0,0.0,0.333,0.667
0021500046,1610612755,Philadelphia,76ers,PHI,sixers,204456,T.J.,McConnell,T. McConnell,tj-mcconnell,,,,23:06,1.0,0.0,1.0,0.0,0.0,0.333,0.0,0.0,1.0,0.0,1.0,0.0,0.0,0.0,1.0
0021500046,1610612755,Philadelphia,76ers,PHI,sixers,1626158,Richaun,Holmes,R. Holmes,richaun-holmes,,,,11:13,0.0,1.0,0.0,0.0,0.75,0.75,0.25,0.0,0.0,0.0,0.0,1.0,0.0,1.0,0.0
0021500046,1610612755,Philadelphia,76ers,PHI,sixers,203960,JaKarr,Sampson,J. Sampson,jakarr-sampson,,,,4:20,1.0,0.0,1.0,0.0,0.0,0.0,0.0,0.0,1.0,1.0,0.0,0.0,0.0,1.0,0.0
0021500046,1610612755,Philadelphia,76ers,PHI,sixers,1626174,Christian,Wood,C. Wood,christian-wood,,,,5:05,0.667,0.333,0.4,0.0,0.6,0.0,0.0,0.4,0.4,1.0,0.0,1.0,0.0,1.0,0.0
0021500046,1610612755,Philadelphia,76ers,PHI,sixers,203088,Kendall,Marshall,K. Marshall,kendall-marshall,,DND - Right Knee Injury,,,0.0,0.0,0.0,0.0,0.0,0.0,0.0,0.0,0.0,0.0,0.0,0.0,0.0,0.0,0.0
0021500048,1610612759,San Antonio,Spurs,SAS,spurs,200746,LaMarcus,Aldridge,L. Aldridge,lamarcus-aldridge,F,,,32:10,1.0,0.0,0.842,0.211,0.0,0.0,0.158,0.0,0.632,0.375,0.625,0.0,0.0,0.375,0.625
0021500048,1610612759,San Antonio,Spurs,SAS,spurs,202695,Kawhi,Leonard,K. Leonard,kawhi-leonard,F,,,36:05,0.75,0.25,0.778,0.222,0.167,0.0,0.056,0.111,0.556,0.429,0.571,1.0,0.0,0.5,0.5
0021500048,1610612759,San Antonio,Spurs,SAS,spurs,1495,Tim,Duncan,T. Duncan,tim-duncan,C,,,35:10,1.0,0.0,0.75,0.125,0.0,0.0,0.25,0.125,0.625,0.833,0.167,0.0,0.0,0.833,0.167
0021500048,1610612759,San Antonio,Spurs,SAS,spurs,201980,Danny,Green,D. Green,danny-green,G,,,27:25,0.667,0.333,1.0,0.0,0.0,0.5,0.0,0.5,1.0,0.5,0.5,0.0,0.0,0.5,0.5
0021500048,1610612759,San Antonio,Spurs,SAS,spurs,2225,Tony,Parker,T. Parker,tony-parker,G,,,29:25,1.0,0.0,0.875,0.125,0.0,0.0,0.125,0.125,0.75,0.429,0.571,0.0,0.0,0.429,0.571
0021500048,1610612759,San Antonio,Spurs,SAS,spurs,203937,Kyle,Anderson,K. Anderson,kyle-anderson,,,,6:06,1.0,0.0,0.0,0.0,0.0,0.0,0.0,0.0,0.0,0.0,0.0,0.0,0.0,0.0,0.0
0021500048,1610612759,San Antonio,Spurs,SAS,spurs,201988,Patty,Mills,P. Mills,patty-mills,,,,25:09,0.5,0.5,0.4,0.4,0.6,0.0,0.0,0.0,0.0,0.0,1.0,1.0,0.0,0.5,0.5
0021500048,1610612759,San Antonio,Spurs,SAS,spurs,2564,Boris,Diaw,B. Diaw,boris-diaw,,,,20:00,0.667,0.333,0.333,0.0,0.5,0.0,0.167,0.0,0.333,1.0,0.0,1.0,0.0,1.0,0.0
0021500048,1610612759,San Antonio,Spurs,SAS,spurs,1938,Manu,Ginobili,M. Ginobili,manu-ginobili,,,,17:06,0.6,0.4,0.571,0.0,0.429,0.286,0.0,0.286,0.571,0.5,0.5,0.0,1.0,0.333,0.667
0021500048,1610612759,San Antonio,Spurs,SAS,spurs,2561,David,West,D. West,david-west,,,,7:18,1.0,0.0,1.0,0.0,0.0,0.0,0.0,0.0,1.0,1.0,0.0,0.0,0.0,1.0,0.0
0021500048,1610612759,San Antonio,Spurs,SAS,spurs,1626246,Boban,Marjanovic,B. Marjanovic,boban-marjanovic,,,,1:22,0.0,0.0,0.0,0.0,0.0,0.0,1.0,0.0,0.0,0.0,0.0,0.0,0.0,0.0,0.0
0021500048,1610612759,San Antonio,Spurs,SAS,spurs,203492,Ray,McCallum,R. McCallum,ray-mccallum,,,,1:22,1.0,0.0,0.0,0.0,0.0,0.0,0.0,0.0,0.0,0.0,0.0,0.0,0.0,0.0,0.0
0021500048,1610612759,San Antonio,Spurs,SAS,spurs,2446,Rasual,Butler,R. Butler,rasual-butler,,,,1:22,0.0,0.0,0.0,0.0,0.0,0.0,0.0,0.0,0.0,0.0,0.0,0.0,0.0,0.0,0.0
0021500048,1610612752,New York,Knicks,NYK,knicks,2546,Carmelo,Anthony,C. Anthony,carmelo-anthony,F,,,35:28,0.824,0.176,0.316,0.211,0.158,0.0,0.526,0.0,0.105,0.333,0.667,1.0,0.0,0.5,0.5
0021500048,1610612752,New York,Knicks,NYK,knicks,204001,Kristaps,Porziņģis,K. Porziņģis,kristaps-porziņģis,F,,,24:08,0.667,0.333,0.615,0.154,0.231,0.0,0.154,0.385,0.462,0.75,0.25,1.0,0.0,0.8,0.2
0021500048,1610612752,New York,Knicks,NYK,knicks,201577,Robin,Lopez,R. Lopez,robin-lopez,C,,,32:10,1.0,0.0,1.0,0.6,0.0,0.0,0.0,0.2,0.4,0.8,0.2,0.0,0.0,0.8,0.2
0021500048,1610612752,New York,Knicks,NYK,knicks,101181,Jose,Calderon,J. Calderon,jose-calderon,G,,,23:16,0.6,0.4,0.0,0.0,1.0,0.0,0.0,0.5,0.0,0.0,0.0,1.0,0.0,1.0,0.0
0021500048,1610612752,New York,Knicks,NYK,knicks,2756,Sasha,Vujacic,S. Vujacic,sasha-vujacic,G,,,20:29,0.714,0.286,1.0,0.0,0.0,0.0,0.0,0.0,1.0,0.0,1.0,0.0,0.0,0.0,1.0
0021500048,1610612752,New York,Knicks,NYK,knicks,204038,Langston,Galloway,L. Galloway,langston-galloway,,,,28:55,1.0,0.0,0.667,0.333,0.0,0.0,0.333,0.0,0.333,0.0,1.0,0.0,0.0,0.0,1.0
0021500048,1610612752,New York,Knicks,NYK,knicks,203124,Kyle,O'Quinn,K. O'Quinn,kyle-oquinn,,,,19:12,1.0,0.0,1.0,0.667,0.0,0.0,0.0,0.333,0.333,0.0,1.0,0.0,0.0,0.0,1.0
0021500048,1610612752,New York,Knicks,NYK,knicks,1626170,Jerian,Grant,J. Grant,jerian-grant,,,,23:20,1.0,0.0,0.833,0.167,0.0,0.0,0.167,0.333,0.667,0.6,0.4,0.0,0.0,0.6,0.4
0021500048,1610612752,New York,Knicks,NYK,knicks,202498,Lance,Thomas,L. Thomas,lance-thomas,,,,16:07,1.0,0.0,1.0,1.0,0.0,0.0,0.0,0.0,0.0,0.0,1.0,0.0,0.0,0.0,1.0
0021500048,1610612752,New York,Knicks,NYK,knicks,202682,Derrick,Williams,D. Williams,derrick-williams,,,,10:30,0.857,0.143,1.0,0.0,0.0,0.0,0.0,0.667,1.0,0.333,0.667,0.0,0.0,0.333,0.667
0021500048,1610612752,New York,Knicks,NYK,knicks,202338,Kevin,Seraphin,K. Seraphin,kevin-seraphin,,,,5:03,1.0,0.0,1.0,1.0,0.0,0.0,0.0,0.0,0.0,1.0,0.0,0.0,0.0,1.0,0.0
0021500048,1610612752,New York,Knicks,NYK,knicks,203921,Cleanthony,Early,C. Early,cleanthony-early,,,,1:22,0.0,0.0,0.0,0.0,0.0,0.0,0.0,0.0,0.0,0.0,0.0,0.0,0.0,0.0,0.0
0021500048,1610612752,New York,Knicks,NYK,knicks,201167,Arron,Afflalo,A. Afflalo,arron-afflalo,,DND - Strained Left Hamstring,,,0.0,0.0,0.0,0.0,0.0,0.0,0.0,0.0,0.0,0.0,0.0,0.0,0.0,0.0,0.0
