GAME_ID,TEAM_ID,TEAM_ABBREVIATION,TEAM_CITY,PLAYER_ID,PLAYER_NAME,NICKNAME,START_POSITION,COMMENT,MIN,FGM,FGA,FG_PCT,FG3M,FG3A,FG3_PCT,FTM,FTA,FT_PCT,OREB,DREB,REB,AST,STL,BLK,TO,PF,PTS,PLUS_MINUS
0020200754,1610612743,DEN,Denver,2051,Donnell Harvey,Donnell,F,,22:29,7.0,8.0,0.875,0.0,0.0,0.0,0.0,0.0,0.0,1.0,2.0,3.0,0.0,0.0,0.0,0.0,2.0,14.0,-5.0
0020200754,1610612743,DEN,Denver,436,Juwan Howard,Juwan,F,,37:46,10.0,18.0,0.556,0.0,0.0,0.0,5.0,5.0,1.0,0.0,2.0,2.0,4.0,1.0,0.0,4.0,2.0,25.0,-5.0
0020200754,1610612743,DEN,Denver,2403,Nene Hilario,Nene,G,,33:36,3.0,8.0,0.375,0.0,0.0,0.0,1.0,2.0,0.5,1.0,5.0,6.0,2.0,4.0,0.0,4.0,6.0,7.0,-4.0
0020200754,1610612743,DEN,Denver,43,Chris Whitney,Chris,G,,30:52,4.0,8.0,0.5,1.0,4.0,0.25,6.0,7.0,0.857,0.0,1.0,1.0,5.0,0.0,0.0,2.0,5.0,15.0,-14.0
0020200754,1610612743,DEN,Denver,2428,Vincent Yarbrough,Vincent,G,,24:02,3.0,7.0,0.429,0.0,2.0,0.0,3.0,4.0,0.75,0.0,2.0,2.0,1.0,1.0,1.0,0.0,3.0,9.0,-2.0
0020200754,1610612743,DEN,Denver,2454,Junior Harrington,Junior,G,,23:00,1.0,6.0,0.167,0.0,0.0,0.0,4.0,4.0,1.0,3.0,1.0,4.0,6.0,3.0,0.0,0.0,3.0,6.0,-1.0
0020200754,1610612743,DEN,Denver,2365,Chris Andersen,Chris,F,,25:31,2.0,7.0,0.286,0.0,0.0,0.0,0.0,2.0,0.0,3.0,5.0,8.0,0.0,0.0,0.0,0.0,2.0,4.0,-3.0
0020200754,1610612743,DEN,Denver,2401,Nikoloz Tskitishvili,Nikoloz,C,,16:51,1.0,6.0,0.167,0.0,4.0,0.0,0.0,0.0,0.0,1.0,0.0,1.0,0.0,0.0,0.0,0.0,2.0,2.0,0.0
0020200754,1610612743,DEN,Denver,1548,Mark Blount,Mark,G,,5:41,0.0,3.0,0.0,0.0,0.0,0.0,0.0,0.0,0.0,0.0,0.0,0.0,0.0,0.0,0.0,0.0,0.0,0.0,-6.0
0020200754,1610612743,DEN,Denver,2206,Rodney White,Rodney,G,,18:06,3.0,8.0,0.375,0.0,1.0,0.0,3.0,4.0,0.75,1.0,2.0,3.0,1.0,1.0,0.0,0.0,0.0,9.0,1.0
0020200754,1610612743,DEN,Denver,1763,Ryan Bowen,Ryan,,,2:06,0.0,1.0,0.0,0.0,0.0,0.0,1.0,2.0,0.5,1.0,0.0,1.0,0.0,0.0,0.0,0.0,0.0,1.0,-1.0
0020200754,1610612743,DEN,Denver,2015,,,, ,,,,,,,,,,,,,,,,,,,,
0020200754,1610612743,DEN,Denver,2379,,,, ,,,,,,,,,,,,,,,,,,,,
0020200754,1610612743,DEN,Denver,2512,,,, ,,,,,,,,,,,,,,,,,,,,
0020200754,1610612743,DEN,Denver,2513,,,, ,,,,,,,,,,,,,,,,,,,,
0020200754,1610612743,DEN,Denver,1240,,,, ,,,,,,,,,,,,,,,,,,,,
0020200754,1610612743,DEN,Denver,1279,,,, ,,,,,,,,,,,,,,,,,,,,
0020200754,1610612743,DEN,Denver,1216,,,, ,,,,,,,,,,,,,,,,,,,,
0020200754,1610612743,DEN,Denver,948,Marcus Camby,Marcus,,"DND - right ankle, foot sprain",,,,,,,,,,,,,,,,,,,,
0020200754,1610612740,NOH,New Orleans,469,Jamal Mashburn,Jamal,G,,46:03,9.0,17.0,0.529,0.0,2.0,0.0,6.0,8.0,0.75,1.0,3.0,4.0,9.0,1.0,0.0,5.0,3.0,24.0,9.0
0020200754,1610612740,NOH,New Orleans,136,P.J. Brown,P.J.,G,,41:03,5.0,7.0,0.714,0.0,0.0,0.0,6.0,6.0,1.0,3.0,8.0,11.0,1.0,1.0,3.0,1.0,2.0,16.0,6.0
0020200754,1610612740,NOH,New Orleans,2048,Jamaal Magloire,Jamaal,F,,33:51,5.0,5.0,1.0,0.0,0.0,0.0,3.0,6.0,0.5,2.0,8.0,10.0,2.0,0.0,3.0,3.0,4.0,13.0,12.0
0020200754,1610612740,NOH,New Orleans,133,David Wesley,David,G,,41:07,7.0,17.0,0.412,2.0,4.0,0.5,4.0,4.0,1.0,0.0,3.0,3.0,4.0,2.0,0.0,4.0,4.0,20.0,6.0
0020200754,1610612740,NOH,New Orleans,248,George Lynch,George,G,,25:23,4.0,8.0,0.5,1.0,2.0,0.5,2.0,2.0,1.0,1.0,3.0,4.0,4.0,1.0,0.0,0.0,6.0,11.0,6.0
0020200754,1610612740,NOH,New Orleans,2042,Courtney Alexander,Courtney,F,,6:47,1.0,4.0,0.25,0.0,1.0,0.0,0.0,0.0,0.0,1.0,0.0,1.0,0.0,0.0,0.0,0.0,1.0,2.0,6.0
0020200754,1610612740,NOH,New Orleans,922,Elden Campbell,Elden,F,,5:30,1.0,2.0,0.5,0.0,0.0,0.0,0.0,0.0,0.0,0.0,1.0,1.0,0.0,0.0,0.0,0.0,1.0,2.0,1.0
0020200754,1610612740,NOH,New Orleans,123,Robert Pack,Robert,G,,9:30,1.0,2.0,0.5,0.0,0.0,0.0,2.0,2.0,1.0,0.0,1.0,1.0,3.0,0.0,0.0,0.0,2.0,4.0,1.0
0020200754,1610612740,NOH,New Orleans,2040,Jerome Moiso,Jerome,,,11:15,2.0,4.0,0.5,0.0,0.0,0.0,0.0,0.0,0.0,0.0,1.0,1.0,0.0,0.0,0.0,1.0,1.0,4.0,2.0
0020200754,1610612740,NOH,New Orleans,2213,Kirk Haston,Kirk,,,7:12,0.0,1.0,0.0,0.0,0.0,0.0,0.0,0.0,0.0,0.0,1.0,1.0,0.0,0.0,1.0,2.0,2.0,0.0,1.0
0020200754,1610612740,NOH,New Orleans,1714,Robert Traylor,Robert,,,8:39,2.0,2.0,1.0,0.0,0.0,0.0,0.0,0.0,0.0,2.0,2.0,4.0,1.0,0.0,0.0,1.0,0.0,4.0,-5.0
0020200754,1610612740,NOH,New Orleans,278,Stacey Augmon,Stacey,F,,3:40,0.0,0.0,0.0,0.0,0.0,0.0,0.0,0.0,0.0,0.0,0.0,0.0,1.0,0.0,0.0,1.0,0.0,0.0,-5.0
0020200754,1610612740,NOH,New Orleans,1218,,,, ,,,,,,,,,,,,,,,,,,,,
0020200754,1610612740,NOH,New Orleans,1304,,,, ,,,,,,,,,,,,,,,,,,,,
0020200754,1610612740,NOH,New Orleans,1316,,,, ,,,,,,,,,,,,,,,,,,,,
0020200754,1610612740,NOH,New Orleans,2152,,,, ,,,,,,,,,,,,,,,,,,,,
0020200754,1610612740,NOH,New Orleans,2377,,,, ,,,,,,,,,,,,,,,,,,,,
0020200750,1610612763,MEM,Memphis,2203,Shane Battier,Shane,G,,30:01,6.0,9.0,0.667,0.0,2.0,0.0,3.0,6.0,0.5,2.0,2.0,4.0,0.0,0.0,1.0,0.0,1.0,15.0,11.0
0020200750,1610612763,MEM,Memphis,2200,Pau Gasol,Pau,F,,28:50,7.0,9.0,0.778,0.0,0.0,0.0,5.0,6.0,0.833,2.0,9.0,11.0,2.0,0.0,0.0,2.0,1.0,19.0,14.0
0020200750,1610612763,MEM,Memphis,953,Lorenzen Wright,Lorenzen,F,,21:53,4.0,8.0,0.5,0.0,0.0,0.0,0.0,4.0,0.0,1.0,7.0,8.0,2.0,1.0,0.0,1.0,3.0,8.0,6.0
0020200750,1610612763,MEM,Memphis,445,Wesley Person,Wesley,G,,28:27,5.0,9.0,0.556,1.0,5.0,0.2,3.0,4.0,0.75,1.0,3.0,4.0,1.0,0.0,0.0,0.0,0.0,14.0,7.0
0020200750,1610612763,MEM,Memphis,1715,Jason Williams,Jason,G,,28:15,4.0,8.0,0.5,2.0,3.0,0.667,4.0,6.0,0.667,0.0,4.0,4.0,9.0,1.0,0.0,4.0,2.0,14.0,14.0
0020200750,1610612763,MEM,Memphis,2248,Earl Watson,Earl,F,,19:45,1.0,4.0,0.25,0.0,0.0,0.0,0.0,0.0,0.0,0.0,2.0,2.0,4.0,2.0,0.0,1.0,3.0,2.0,-8.0
0020200750,1610612763,MEM,Memphis,2400,Drew Gooden,Drew,G,,17:59,4.0,7.0,0.571,0.0,1.0,0.0,1.0,2.0,0.5,0.0,1.0,1.0,0.0,0.0,0.0,2.0,1.0,9.0,-5.0
0020200750,1610612763,MEM,Memphis,2031,Stromile Swift,Stromile,G,,20:50,2.0,2.0,1.0,0.0,0.0,0.0,2.0,2.0,1.0,0.0,5.0,5.0,0.0,0.0,0.0,3.0,0.0,6.0,-4.0
0020200750,1610612763,MEM,Memphis,2471,Mike Batiste,Mike,G,,24:27,4.0,8.0,0.5,0.0,1.0,0.0,0.0,0.0,0.0,1.0,1.0,2.0,1.0,1.0,0.0,2.0,3.0,8.0,-4.0
0020200750,1610612763,MEM,Memphis,1722,Michael Dickerson,Michael,C,,19:33,2.0,7.0,0.286,2.0,4.0,0.5,0.0,0.0,0.0,0.0,0.0,0.0,2.0,2.0,0.0,2.0,4.0,6.0,-1.0
0020200750,1610612763,MEM,Memphis,1356,,,, ,,,,,,,,,,,,,,,,,,,,
0020200750,1610612763,MEM,Memphis,1353,,,, ,,,,,,,,,,,,,,,,,,,,
0020200750,1610612763,MEM,Memphis,2353,,,, ,,,,,,,,,,,,,,,,,,,,
0020200750,1610612763,MEM,Memphis,2536,,,, ,,,,,,,,,,,,,,,,,,,,
0020200750,1610612763,MEM,Memphis,2163,,,, ,,,,,,,,,,,,,,,,,,,,
0020200750,1610612763,MEM,Memphis,1994,,,, ,,,,,,,,,,,,,,,,,,,,
0020200750,1610612763,MEM,Memphis,1921,Gordan Giricek,Gordan,,DNP - Coach's Decision,,,,,,,,,,,,,,,,,,,,
0020200750,1610612763,MEM,Memphis,2456,Cezary Trybanski,Cezary,,DNP - Coach's Decision,,,,,,,,,,,,,,,,,,,,
0020200750,1610612749,MIL,Milwaukee,193,Anthony Mason,Anthony,G,,35:53,1.0,5.0,0.2,0.0,0.0,0.0,0.0,0.0,0.0,1.0,9.0,10.0,4.0,0.0,0.0,1.0,5.0,2.0,-8.0
0020200750,1610612749,MIL,Milwaukee,1501,Tim Thomas,Tim,F,,26:23,5.0,11.0,0.455,2.0,3.0,0.667,0.0,1.0,0.0,1.0,3.0,4.0,0.0,0.0,0.0,1.0,4.0,12.0,10.0
0020200750,1610612749,MIL,Milwaukee,911,Ervin Johnson,Ervin,G,,15:27,0.0,0.0,0.0,0.0,0.0,0.0,0.0,0.0,0.0,0.0,1.0,1.0,0.0,0.0,1.0,0.0,4.0,0.0,-5.0
0020200750,1610612749,MIL,Milwaukee,951,Ray Allen,Ray,G,,36:17,9.0,18.0,0.5,1.0,9.0,0.111,4.0,5.0,0.8,0.0,5.0,5.0,2.0,2.0,0.0,2.0,3.0,23.0,3.0
0020200750,1610612749,MIL,Milwaukee,208,Sam Cassell,Sam,G,,34:51,9.0,16.0,0.563,1.0,2.0,0.5,3.0,4.0,0.75,0.0,2.0,2.0,5.0,1.0,0.0,2.0,4.0,22.0,-5.0
0020200750,1610612749,MIL,Milwaukee,679,Jason Caffey,Jason,G,,23:07,4.0,6.0,0.667,0.0,0.0,0.0,0.0,0.0,0.0,0.0,4.0,4.0,0.0,2.0,0.0,0.0,1.0,8.0,0.0
0020200750,1610612749,MIL,Milwaukee,389,Toni Kukoc,Toni,F,,27:34,5.0,8.0,0.625,2.0,3.0,0.667,6.0,11.0,0.545,2.0,3.0,5.0,3.0,1.0,2.0,3.0,3.0,18.0,-1.0
0020200750,1610612749,MIL,Milwaukee,2072,Michael Redd,Michael,G,,21:16,4.0,12.0,0.333,2.0,5.0,0.4,0.0,0.0,0.0,0.0,1.0,1.0,1.0,0.0,0.0,2.0,1.0,10.0,-23.0
0020200750,1610612749,MIL,Milwaukee,1563,Kevin Ollie,Kevin,C,,19:12,0.0,0.0,0.0,0.0,0.0,0.0,0.0,0.0,0.0,0.0,1.0,1.0,1.0,1.0,0.0,0.0,1.0,0.0,-1.0
0020200750,1610612749,MIL,Milwaukee,1334,,,, ,,,,,,,,,,,,,,,,,,,,
0020200750,1610612749,MIL,Milwaukee,1355,,,, ,,,,,,,,,,,,,,,,,,,,
0020200750,1610612749,MIL,Milwaukee,2157,,,, ,,,,,,,,,,,,,,,,,,,,
0020200750,1610612749,MIL,Milwaukee,1796,,,, ,,,,,,,,,,,,,,,,,,,,
0020200750,1610612749,MIL,Milwaukee,2517,,,, ,,,,,,,,,,,,,,,,,,,,
0020200750,1610612749,MIL,Milwaukee,2429,Dan Gadzuric,Dan,,DNP - Coach's Decision,,,,,,,,,,,,,,,,,,,,
0020200750,1610612749,MIL,Milwaukee,2409,Marcus Haislip,Marcus,,DNP - Coach's Decision,,,,,,,,,,,,,,,,,,,,
0020200750,1610612749,MIL,Milwaukee,2441,Jamal Sampson,Jamal,,DNP - Coach's Decision,,,,,,,,,,,,,,,,,,,,
0020200759,1610612748,MIA,Miami,2124,Malik Allen,Malik,F,,28:06,3.0,10.0,0.3,0.0,0.0,0.0,0.0,0.0,0.0,1.0,7.0,8.0,0.0,1.0,1.0,1.0,4.0,6.0,-21.0
0020200759,1610612748,MIA,Miami,2406,Caron Butler,Caron,F,,28:05,5.0,10.0,0.5,0.0,0.0,0.0,3.0,3.0,1.0,2.0,2.0,4.0,1.0,2.0,0.0,1.0,2.0,13.0,-20.0
0020200759,1610612748,MIA,Miami,258,Brian Grant,Brian,C,,22:15,3.0,7.0,0.429,0.0,0.0,0.0,0.0,0.0,0.0,2.0,1.0,3.0,0.0,0.0,0.0,1.0,2.0,6.0,-18.0
0020200759,1610612748,MIA,Miami,696,Travis Best,Travis,G,,16:21,1.0,6.0,0.167,0.0,0.0,0.0,0.0,0.0,0.0,0.0,0.0,0.0,1.0,0.0,1.0,0.0,2.0,2.0,-17.0
0020200759,1610612748,MIA,Miami,2067,Eddie House,Eddie,G,,25:54,2.0,7.0,0.286,0.0,0.0,0.0,2.0,2.0,1.0,0.0,3.0,3.0,3.0,1.0,0.0,0.0,4.0,6.0,-7.0
0020200759,1610612748,MIA,Miami,2446,Rasual Butler,Rasual,G,,30:58,4.0,11.0,0.364,0.0,2.0,0.0,2.0,4.0,0.5,0.0,3.0,3.0,4.0,0.0,2.0,2.0,3.0,10.0,-21.0
0020200759,1610612748,MIA,Miami,1735,Vladimir Stepania,Vladimir,C,,25:22,3.0,8.0,0.375,0.0,0.0,0.0,1.0,2.0,0.5,3.0,6.0,9.0,0.0,0.0,0.0,1.0,1.0,7.0,-5.0
0020200759,1610612748,MIA,Miami,2229,Mike James,Mike,G,,27:21,1.0,6.0,0.167,0.0,3.0,0.0,0.0,0.0,0.0,0.0,4.0,4.0,2.0,3.0,0.0,3.0,2.0,2.0,-15.0
0020200759,1610612748,MIA,Miami,111,LaPhonso Ellis,LaPhonso,,,7:36,0.0,2.0,0.0,0.0,0.0,0.0,1.0,2.0,0.5,0.0,1.0,1.0,0.0,0.0,0.0,0.0,1.0,1.0,-3.0
0020200759,1610612748,MIA,Miami,1752,Sean Marks,Sean,F,,16:11,1.0,2.0,0.5,0.0,0.0,0.0,3.0,4.0,0.75,0.0,1.0,1.0,0.0,0.0,0.0,1.0,6.0,5.0,-15.0
0020200759,1610612748,MIA,Miami,1853,Anthony Carter,Anthony,G,,11:51,2.0,6.0,0.333,0.0,0.0,0.0,0.0,0.0,0.0,0.0,0.0,0.0,0.0,0.0,0.0,0.0,1.0,4.0,-13.0
0020200759,1610612748,MIA,Miami,1877,,,, ,,,,,,,,,,,,,,,,,,,,
0020200759,1610612748,MIA,Miami,2388,,,, ,,,,,,,,,,,,,,,,,,,,
0020200759,1610612748,MIA,Miami,1787,,,, ,,,,,,,,,,,,,,,,,,,,
0020200759,1610612748,MIA,Miami,836,,,, ,,,,,,,,,,,,,,,,,,,,
0020200759,1610612748,MIA,Miami,1276,,,, ,,,,,,,,,,,,,,,,,,,,
0020200759,1610612748,MIA,Miami,1277,,,, ,,,,,,,,,,,,,,,,,,,,
0020200759,1610612748,MIA,Miami,1280,,,, ,,,,,,,,,,,,,,,,,,,,
0020200759,1610612748,MIA,Miami,1281,,,, ,,,,,,,,,,,,,,,,,,,,
0020200759,1610612748,MIA,Miami,224,Eddie Jones,Eddie,,NOT WITH TEAM - LEFT GROIN STRAIN,,,,,,,,,,,,,,,,,,,,
0020200759,1610612765,DET,Detroit,688,Michael Curry,Michael,F,,19:18,3.0,4.0,0.75,0.0,0.0,0.0,5.0,5.0,1.0,0.0,1.0,1.0,2.0,0.0,0.0,0.0,4.0,11.0,25.0
0020200759,1610612765,DET,Detroit,1112,Ben Wallace,Ben,F,,33:58,2.0,6.0,0.333,0.0,0.0,0.0,0.0,2.0,0.0,3.0,16.0,19.0,1.0,1.0,2.0,0.0,0.0,4.0,31.0
0020200759,1610612765,DET,Detroit,361,Clifford Robinson,Clifford,C,,30:29,5.0,9.0,0.556,1.0,2.0,0.5,4.0,5.0,0.8,0.0,2.0,2.0,0.0,0.0,1.0,3.0,1.0,15.0,28.0
0020200759,1610612765,DET,Detroit,1888,Richard Hamilton,Richard,G,,27:37,14.0,22.0,0.636,2.0,3.0,0.667,4.0,4.0,1.0,3.0,1.0,4.0,3.0,0.0,0.0,1.0,3.0,34.0,25.0
0020200759,1610612765,DET,Detroit,1497,Chauncey Billups,Chauncey,G,,25:40,1.0,7.0,0.143,0.0,4.0,0.0,5.0,5.0,1.0,2.0,3.0,5.0,6.0,0.0,0.0,1.0,1.0,7.0,27.0
0020200759,1610612765,DET,Detroit,468,Jon Barry,Jon,G,,14:21,2.0,3.0,0.667,2.0,3.0,0.667,0.0,0.0,0.0,0.0,3.0,3.0,1.0,0.0,0.0,0.0,2.0,6.0,11.0
0020200759,1610612765,DET,Detroit,722,Corliss Williamson,Corliss,F,,20:21,3.0,8.0,0.375,0.0,0.0,0.0,2.0,2.0,1.0,0.0,5.0,5.0,1.0,0.0,0.0,1.0,3.0,8.0,10.0
0020200759,1610612765,DET,Detroit,1088,Chucky Atkins,Chucky,G,,22:20,1.0,5.0,0.2,1.0,5.0,0.2,0.0,0.0,0.0,0.0,0.0,0.0,1.0,0.0,0.0,2.0,2.0,3.0,4.0
0020200759,1610612765,DET,Detroit,2246,Mehmet Okur,Mehmet,C,,20:46,0.0,2.0,0.0,0.0,0.0,0.0,0.0,0.0,0.0,2.0,4.0,6.0,2.0,0.0,2.0,3.0,3.0,0.0,2.0
0020200759,1610612765,DET,Detroit,2419,Tayshaun Prince,Tayshaun,,,12:06,0.0,3.0,0.0,0.0,2.0,0.0,1.0,2.0,0.5,0.0,1.0,1.0,2.0,0.0,1.0,2.0,1.0,1.0,2.0
0020200759,1610612765,DET,Detroit,330,Danny Manning,Danny,,,7:02,0.0,0.0,0.0,0.0,0.0,0.0,0.0,0.0,0.0,1.0,1.0,2.0,0.0,0.0,1.0,2.0,2.0,0.0,-5.0
0020200759,1610612765,DET,Detroit,93,Hubert Davis,Hubert,,,6:02,1.0,3.0,0.333,1.0,2.0,0.5,1.0,1.0,1.0,0.0,3.0,3.0,0.0,0.0,0.0,0.0,0.0,4.0,-5.0
0020200759,1610612765,DET,Detroit,1247,,,, ,,,,,,,,,,,,,,,,,,,,
0020200759,1610612765,DET,Detroit,2167,,,, ,,,,,,,,,,,,,,,,,,,,
0020200759,1610612765,DET,Detroit,1655,,,, ,,,,,,,,,,,,,,,,,,,,
0020200759,1610612765,DET,Detroit,1311,,,, ,,,,,,,,,,,,,,,,,,,,
0020200759,1610612765,DET,Detroit,1320,,,, ,,,,,,,,,,,,,,,,,,,,
0020200760,1610612750,MIN,Minnesota,1887,Wally Szczerbiak,Wally,F,,39:55,5.0,15.0,0.333,0.0,1.0,0.0,4.0,4.0,1.0,3.0,3.0,6.0,5.0,1.0,3.0,3.0,3.0,14.0,-11.0
0020200760,1610612750,MIN,Minnesota,708,Kevin Garnett,Kevin,G,,40:32,13.0,22.0,0.591,1.0,1.0,1.0,7.0,9.0,0.778,4.0,6.0,10.0,6.0,1.0,1.0,4.0,3.0,34.0,-7.0
0020200760,1610612750,MIN,Minnesota,1725,Rasho Nesterovic,Rasho,C,,33:15,2.0,5.0,0.4,0.0,0.0,0.0,2.0,2.0,1.0,2.0,2.0,4.0,2.0,0.0,0.0,1.0,6.0,6.0,3.0
0020200760,1610612750,MIN,Minnesota,1607,Troy Hudson,Troy,G,,40:03,9.0,16.0,0.563,0.0,3.0,0.0,3.0,3.0,1.0,0.0,3.0,3.0,6.0,2.0,0.0,2.0,2.0,21.0,-17.0
0020200760,1610612750,MIN,Minnesota,324,Anthony Peeler,Anthony,G,,31:26,2.0,7.0,0.286,2.0,4.0,0.5,2.0,2.0,1.0,1.0,0.0,1.0,0.0,2.0,0.0,0.0,1.0,8.0,-11.0
0020200760,1610612750,MIN,Minnesota,383,Kendall Gill,Kendall,F,,25:15,3.0,11.0,0.273,0.0,1.0,0.0,0.0,0.0,0.0,1.0,1.0,2.0,0.0,1.0,0.0,0.0,3.0,6.0,-5.0
0020200760,1610612750,MIN,Minnesota,2366,Mike Wilks,Mike,,,7:57,1.0,2.0,0.5,0.0,0.0,0.0,2.0,2.0,1.0,0.0,0.0,0.0,0.0,1.0,0.0,0.0,1.0,4.0,5.0
0020200760,1610612750,MIN,Minnesota,1531,Marc Jackson,Marc,G,,12:31,0.0,1.0,0.0,0.0,0.0,0.0,0.0,2.0,0.0,2.0,3.0,5.0,1.0,0.0,1.0,0.0,2.0,0.0,-12.0
0020200760,1610612750,MIN,Minnesota,718,Gary Trent,Gary,C,,8:18,1.0,2.0,0.5,0.0,0.0,0.0,0.0,0.0,0.0,1.0,1.0,2.0,1.0,0.0,0.0,2.0,2.0,2.0,-7.0
0020200760,1610612750,MIN,Minnesota,2080,Igor Rakocevic,Igor,,,0:48,1.0,1.0,1.0,0.0,0.0,0.0,0.0,0.0,0.0,0.0,0.0,0.0,0.0,0.0,0.0,0.0,0.0,2.0,2.0
0020200760,1610612750,MIN,Minnesota,2146,,,, ,,,,,,,,,,,,,,,,,,,,
0020200760,1610612750,MIN,Minnesota,2159,,,, ,,,,,,,,,,,,,,,,,,,,
0020200760,1610612750,MIN,Minnesota,847,,,, ,,,,,,,,,,,,,,,,,,,,
0020200760,1610612750,MIN,Minnesota,1289,,,, ,,,,,,,,,,,,,,,,,,,,
0020200760,1610612750,MIN,Minnesota,1290,,,, ,,,,,,,,,,,,,,,,,,,,
0020200760,1610612750,MIN,Minnesota,1291,,,, ,,,,,,,,,,,,,,,,,,,,
0020200760,1610612750,MIN,Minnesota,693,Joe Smith,Joe,,DNP - NWT - Sprained right ankle,,,,,,,,,,,,,,,,,,,,
0020200760,1610612750,MIN,Minnesota,2254,Loren Woods,Loren,,DNP - Coach's Decision,,,,,,,,,,,,,,,,,,,,
0020200760,1610612762,UTA,Utah,1723,Matt Harpring,Matt,F,,33:43,8.0,17.0,0.471,1.0,1.0,1.0,4.0,4.0,1.0,1.0,4.0,5.0,2.0,2.0,0.0,3.0,4.0,21.0,16.0
0020200760,1610612762,UTA,Utah,252,Karl Malone,Karl,G,,41:46,10.0,14.0,0.714,0.0,0.0,0.0,8.0,9.0,0.889,0.0,9.0,9.0,6.0,1.0,0.0,3.0,3.0,28.0,10.0
0020200760,1610612762,UTA,Utah,731,Greg Ostertag,Greg,F,,31:25,2.0,3.0,0.667,0.0,0.0,0.0,2.0,3.0,0.667,0.0,7.0,7.0,1.0,1.0,3.0,0.0,2.0,6.0,13.0
0020200760,1610612762,UTA,Utah,304,John Stockton,John,G,,29:56,7.0,9.0,0.778,1.0,1.0,1.0,3.0,3.0,1.0,0.0,0.0,0.0,11.0,0.0,0.0,2.0,2.0,18.0,7.0
0020200760,1610612762,UTA,Utah,384,Calbert Cheaney,Calbert,G,,26:00,2.0,4.0,0.5,0.0,0.0,0.0,0.0,0.0,0.0,1.0,3.0,4.0,1.0,0.0,0.0,2.0,2.0,4.0,5.0
0020200760,1610612762,UTA,Utah,349,Mark Jackson,Mark,F,,17:24,3.0,6.0,0.5,0.0,0.0,0.0,0.0,0.0,0.0,1.0,1.0,2.0,5.0,0.0,0.0,3.0,2.0,6.0,5.0
0020200760,1610612762,UTA,Utah,1905,Andrei Kirilenko,Andrei,F,,32:00,3.0,6.0,0.5,1.0,1.0,1.0,3.0,4.0,0.75,2.0,3.0,5.0,2.0,1.0,3.0,0.0,2.0,10.0,11.0
0020200760,1610612762,UTA,Utah,2052,DeShawn Stevenson,DeShawn,F,,9:25,2.0,3.0,0.667,0.0,0.0,0.0,0.0,0.0,0.0,0.0,2.0,2.0,0.0,0.0,0.0,2.0,1.0,4.0,-2.0
0020200760,1610612762,UTA,Utah,763,Tony Massenburg,Tony,G,,11:27,1.0,3.0,0.333,0.0,0.0,0.0,1.0,1.0,1.0,0.0,0.0,0.0,2.0,1.0,0.0,1.0,0.0,3.0,-7.0
0020200760,1610612762,UTA,Utah,1909,Scott Padgett,Scott,G,,6:15,3.0,5.0,0.6,1.0,1.0,1.0,0.0,0.0,0.0,0.0,1.0,1.0,0.0,0.0,0.0,0.0,2.0,7.0,2.0
0020200760,1610612762,UTA,Utah,2306,Carlos Arroyo,Carlos,,,0:41,1.0,1.0,1.0,0.0,0.0,0.0,0.0,0.0,0.0,0.0,0.0,0.0,0.0,0.0,0.0,0.0,0.0,2.0,0.0
0020200760,1610612762,UTA,Utah,1794,,,, ,,,,,,,,,,,,,,,,,,,,
0020200760,1610612762,UTA,Utah,1345,,,, ,,,,,,,,,,,,,,,,,,,,
0020200760,1610612762,UTA,Utah,1347,,,, ,,,,,,,,,,,,,,,,,,,,
0020200760,1610612762,UTA,Utah,1372,,,, ,,,,,,,,,,,,,,,,,,,,
0020200760,1610612762,UTA,Utah,1228,,,, ,,,,,,,,,,,,,,,,,,,,
0020200760,1610612762,UTA,Utah,680,John Amaechi,John,,DNP - Coach's Decision,,,,,,,,,,,,,,,,,,,,
0020200761,1610612752,NYK,New York,84,Latrell Sprewell,Latrell,F,,37:52,7.0,16.0,0.438,2.0,6.0,0.333,0.0,0.0,0.0,0.0,3.0,3.0,2.0,2.0,0.0,3.0,3.0,16.0,-1.0
0020200761,1610612752,NYK,New York,970,Othella Harrington,Othella,F,,31:00,6.0,10.0,0.6,0.0,0.0,0.0,0.0,0.0,0.0,4.0,4.0,8.0,3.0,0.0,0.0,2.0,4.0,12.0,8.0
0020200761,1610612752,NYK,New York,703,Kurt Thomas,Kurt,G,,37:38,9.0,19.0,0.474,0.0,0.0,0.0,1.0,1.0,1.0,5.0,7.0,12.0,0.0,2.0,1.0,3.0,2.0,19.0,-1.0
0020200761,1610612752,NYK,New York,275,Allan Houston,Allan,G,,39:48,8.0,18.0,0.444,4.0,7.0,0.571,7.0,7.0,1.0,1.0,2.0,3.0,4.0,1.0,1.0,2.0,3.0,27.0,-6.0
0020200761,1610612752,NYK,New York,458,Howard Eisley,Howard,G,,24:00,1.0,8.0,0.125,0.0,2.0,0.0,0.0,0.0,0.0,1.0,4.0,5.0,12.0,2.0,0.0,3.0,1.0,2.0,-1.0
0020200761,1610612752,NYK,New York,1000,Shandon Anderson,Shandon,G,,14:42,1.0,7.0,0.143,0.0,2.0,0.0,2.0,2.0,1.0,0.0,0.0,0.0,0.0,2.0,0.0,2.0,0.0,4.0,-8.0
0020200761,1610612752,NYK,New York,1720,Michael Doleac,Michael,F,,14:54,1.0,3.0,0.333,0.0,0.0,0.0,0.0,0.0,0.0,0.0,2.0,2.0,0.0,0.0,0.0,0.0,1.0,2.0,-13.0
0020200761,1610612752,NYK,New York,221,Clar. Weatherspoon,Clar.,G,,12:28,0.0,3.0,0.0,0.0,0.0,0.0,2.0,2.0,1.0,2.0,2.0,4.0,1.0,0.0,1.0,0.0,3.0,2.0,-10.0
0020200761,1610612752,NYK,New York,369,Charlie Ward,Charlie,G,,24:00,2.0,5.0,0.4,1.0,4.0,0.25,0.0,0.0,0.0,0.0,2.0,2.0,2.0,3.0,0.0,1.0,2.0,5.0,-7.0
0020200761,1610612752,NYK,New York,1924,Lee Nailon,Lee,,,3:38,1.0,1.0,1.0,0.0,0.0,0.0,0.0,0.0,0.0,0.0,0.0,0.0,1.0,0.0,0.0,0.0,1.0,2.0,-1.0
0020200761,1610612752,NYK,New York,2168,,,, ,,,,,,,,,,,,,,,,,,,,
0020200761,1610612752,NYK,New York,2518,,,, ,,,,,,,,,,,,,,,,,,,,
0020200761,1610612752,NYK,New York,2519,,,, ,,,,,,,,,,,,,,,,,,,,
0020200761,1610612752,NYK,New York,1298,,,, ,,,,,,,,,,,,,,,,,,,,
0020200761,1610612752,NYK,New York,1301,,,, ,,,,,,,,,,,,,,,,,,,,
0020200761,1610612752,NYK,New York,1302,,,, ,,,,,,,,,,,,,,,,,,,,
0020200761,1610612752,NYK,New York,1790,,,, ,,,,,,,,,,,,,,,,,,,,
0020200761,1610612752,NYK,New York,1791,,,, ,,,,,,,,,,,,,,,,,,,,
0020200761,1610612752,NYK,New York,969,Travis Knight,Travis,,DNP - Coach's Decision,,,,,,,,,,,,,,,,,,,,
0020200761,1610612752,NYK,New York,2068,Lavor Postell,Lavor,,DNP - Coach's Decision,,,,,,,,,,,,,,,,,,,,
0020200761,1610612757,POR,Portland,1719,Bonzi Wells,Bonzi,G,,28:38,6.0,14.0,0.429,0.0,0.0,0.0,1.0,2.0,0.5,3.0,3.0,6.0,6.0,1.0,0.0,2.0,4.0,13.0,-1.0
0020200761,1610612757,POR,Portland,739,Rasheed Wallace,Rasheed,F,,36:25,9.0,17.0,0.529,4.0,7.0,0.571,1.0,2.0,0.5,2.0,6.0,8.0,1.0,2.0,1.0,1.0,2.0,23.0,-1.0
0020200761,1610612757,POR,Portland,905,Dale Davis,Dale,G,,27:07,3.0,7.0,0.429,0.0,0.0,0.0,3.0,4.0,0.75,4.0,4.0,8.0,0.0,0.0,1.0,0.0,2.0,9.0,3.0
0020200761,1610612757,POR,Portland,1507,Derek Anderson,Derek,G,,29:19,4.0,8.0,0.5,2.0,3.0,0.667,4.0,5.0,0.8,0.0,4.0,4.0,5.0,2.0,0.0,2.0,2.0,14.0,-1.0
0020200761,1610612757,POR,Portland,937,Scottie Pippen,Scottie,G,,26:16,2.0,5.0,0.4,0.0,0.0,0.0,0.0,0.0,0.0,0.0,2.0,2.0,3.0,2.0,0.0,3.0,2.0,4.0,5.0
0020200761,1610612757,POR,Portland,976,Jeff McInnis,Jeff,F,,21:44,2.0,6.0,0.333,0.0,1.0,0.0,0.0,0.0,0.0,2.0,2.0,4.0,3.0,0.0,0.0,3.0,0.0,4.0,3.0
0020200761,1610612757,POR,Portland,1739,Ruben Patterson,Ruben,F,,22:43,5.0,8.0,0.625,0.0,1.0,0.0,0.0,0.0,0.0,1.0,2.0,3.0,2.0,1.0,0.0,4.0,1.0,10.0,12.0
0020200761,1610612757,POR,Portland,717,Arvydas Sabonis,Arvydas,,,20:53,4.0,5.0,0.8,0.0,0.0,0.0,2.0,2.0,1.0,0.0,3.0,3.0,4.0,1.0,3.0,0.0,1.0,10.0,5.0
0020200761,1610612757,POR,Portland,1498,Antonio Daniels,Antonio,,,15:20,1.0,2.0,0.5,0.0,1.0,0.0,2.0,3.0,0.667,0.0,1.0,1.0,2.0,1.0,0.0,2.0,0.0,4.0,6.0
0020200761,1610612757,POR,Portland,2216,Zach Randolph,Zach,,,11:35,4.0,6.0,0.667,0.0,0.0,0.0,0.0,0.0,0.0,0.0,3.0,3.0,1.0,0.0,1.0,2.0,2.0,8.0,9.0
0020200761,1610612757,POR,Portland,2342,,,, ,,,,,,,,,,,,,,,,,,,,
0020200761,1610612757,POR,Portland,2374,,,, ,,,,,,,,,,,,,,,,,,,,
0020200761,1610612757,POR,Portland,1312,,,, ,,,,,,,,,,,,,,,,,,,,
0020200761,1610612757,POR,Portland,1329,,,, ,,,,,,,,,,,,,,,,,,,,
0020200761,1610612757,POR,Portland,1357,,,, ,,,,,,,,,,,,,,,,,,,,
0020200761,1610612757,POR,Portland,757,Damon Stoudamire,Damon,,DNP - Coach's Decision,,,,,,,,,,,,,,,,,,,,
0020200761,1610612757,POR,Portland,2417,Qyntel Woods,Qyntel,,DNP - Coach's Decision,,,,,,,,,,,,,,,,,,,,
0020200768,1610612749,MIL,Milwaukee,1501,Tim Thomas,Tim,G,,28:40,3.0,13.0,0.231,0.0,5.0,0.0,2.0,2.0,1.0,0.0,2.0,2.0,0.0,2.0,0.0,1.0,1.0,8.0,0.0
0020200768,1610612749,MIL,Milwaukee,679,Jason Caffey,Jason,G,,27:56,5.0,12.0,0.417,0.0,0.0,0.0,1.0,1.0,1.0,7.0,4.0,11.0,2.0,0.0,0.0,4.0,1.0,11.0,-6.0
0020200768,1610612749,MIL,Milwaukee,911,Ervin Johnson,Ervin,G,,29:04,2.0,3.0,0.667,0.0,0.0,0.0,1.0,2.0,0.5,3.0,6.0,9.0,0.0,2.0,1.0,1.0,6.0,5.0,-5.0
0020200768,1610612749,MIL,Milwaukee,951,Ray Allen,Ray,G,,39:32,6.0,15.0,0.4,2.0,7.0,0.286,3.0,3.0,1.0,1.0,3.0,4.0,3.0,1.0,0.0,1.0,2.0,17.0,-10.0
0020200768,1610612749,MIL,Milwaukee,208,Sam Cassell,Sam,G,,32:55,5.0,14.0,0.357,0.0,2.0,0.0,3.0,4.0,0.75,2.0,5.0,7.0,4.0,1.0,0.0,2.0,5.0,13.0,-7.0
0020200768,1610612749,MIL,Milwaukee,2072,Michael Redd,Michael,G,,25:22,7.0,13.0,0.538,2.0,6.0,0.333,0.0,0.0,0.0,2.0,1.0,3.0,0.0,3.0,0.0,1.0,1.0,16.0,-11.0
0020200768,1610612749,MIL,Milwaukee,389,Toni Kukoc,Toni,F,,30:21,6.0,15.0,0.4,2.0,8.0,0.25,7.0,8.0,0.875,3.0,5.0,8.0,4.0,1.0,1.0,3.0,1.0,21.0,-9.0
0020200768,1610612749,MIL,Milwaukee,1563,Kevin Ollie,Kevin,F,,19:23,0.0,5.0,0.0,0.0,0.0,0.0,0.0,0.0,0.0,0.0,3.0,3.0,2.0,0.0,0.0,0.0,2.0,0.0,4.0
0020200768,1610612749,MIL,Milwaukee,2429,Dan Gadzuric,Dan,G,,6:47,1.0,3.0,0.333,0.0,0.0,0.0,0.0,0.0,0.0,1.0,1.0,2.0,1.0,0.0,0.0,0.0,2.0,2.0,-1.0
0020200768,1610612749,MIL,Milwaukee,2157,,,, ,,,,,,,,,,,,,,,,,,,,
0020200768,1610612749,MIL,Milwaukee,2517,,,, ,,,,,,,,,,,,,,,,,,,,
0020200768,1610612749,MIL,Milwaukee,1796,,,, ,,,,,,,,,,,,,,,,,,,,
0020200768,1610612749,MIL,Milwaukee,1334,,,, ,,,,,,,,,,,,,,,,,,,,
0020200768,1610612749,MIL,Milwaukee,1355,,,, ,,,,,,,,,,,,,,,,,,,,
0020200768,1610612749,MIL,Milwaukee,2409,Marcus Haislip,Marcus,,DNP - Coach's Decision,,,,,,,,,,,,,,,,,,,,
0020200768,1610612749,MIL,Milwaukee,193,Anthony Mason,Anthony,,Not with team - strep throat,,,,,,,,,,,,,,,,,,,,
0020200768,1610612749,MIL,Milwaukee,2441,Jamal Sampson,Jamal,,DNP - Coach's Decision,,,,,,,,,,,,,,,,,,,,
0020200768,1610612758,SAC,Sacramento,978,Peja Stojakovic,Peja,F,,38:48,10.0,18.0,0.556,2.0,8.0,0.25,4.0,7.0,0.571,1.0,2.0,3.0,3.0,1.0,0.0,2.0,1.0,26.0,8.0
0020200768,1610612758,SAC,Sacramento,1721,Keon Clark,Keon,F,,37:15,2.0,5.0,0.4,0.0,0.0,0.0,2.0,4.0,0.5,1.0,8.0,9.0,5.0,1.0,4.0,3.0,1.0,6.0,15.0
0020200768,1610612758,SAC,Sacramento,124,Vlade Divac,Vlade,G,,39:12,9.0,16.0,0.563,0.0,1.0,0.0,3.0,5.0,0.6,4.0,15.0,19.0,3.0,1.0,1.0,2.0,1.0,21.0,4.0
0020200768,1610612758,SAC,Sacramento,57,Doug Christie,Doug,G,,32:43,2.0,4.0,0.5,1.0,3.0,0.333,3.0,4.0,0.75,1.0,2.0,3.0,9.0,4.0,1.0,3.0,2.0,8.0,11.0
0020200768,1610612758,SAC,Sacramento,1710,Mike Bibby,Mike,G,,34:38,9.0,14.0,0.643,3.0,5.0,0.6,0.0,0.0,0.0,0.0,1.0,1.0,2.0,1.0,1.0,2.0,2.0,21.0,0.0
0020200768,1610612758,SAC,Sacramento,1517,Bobby Jackson,Bobby,G,,24:01,5.0,11.0,0.455,1.0,3.0,0.333,0.0,0.0,0.0,0.0,4.0,4.0,1.0,1.0,0.0,0.0,2.0,11.0,6.0
0020200768,1610612758,SAC,Sacramento,754,Jim Jackson,Jim,G,,21:05,3.0,6.0,0.5,0.0,0.0,0.0,0.0,0.0,0.0,1.0,2.0,3.0,0.0,0.0,0.0,1.0,3.0,6.0,1.0
0020200768,1610612758,SAC,Sacramento,2045,Hedo Turkoglu,Hedo,F,,12:18,1.0,5.0,0.2,1.0,1.0,1.0,0.0,2.0,0.0,0.0,0.0,0.0,1.0,0.0,0.0,0.0,2.0,3.0,0.0
0020200768,1610612758,SAC,Sacramento,1248,,,, ,,,,,,,,,,,,,,,,,,,,
0020200768,1610612758,SAC,Sacramento,1249,,,, ,,,,,,,,,,,,,,,,,,,,
0020200768,1610612758,SAC,Sacramento,1322,,,, ,,,,,,,,,,,,,,,,,,,,
0020200768,1610612758,SAC,Sacramento,1328,,,, ,,,,,,,,,,,,,,,,,,,,
0020200768,1610612758,SAC,Sacramento,2522,,,, ,,,,,,,,,,,,,,,,,,,,
0020200768,1610612758,SAC,Sacramento,1444,Lawrence Funderburke,Lawrence,,DNP - Coach's Decision,,,,,,,,,,,,,,,,,,,,
0020200768,1610612758,SAC,Sacramento,1800,Damon Jones,Damon,,DNP - Coach's Decision,,,,,,,,,,,,,,,,,,,,
0020200768,1610612758,SAC,Sacramento,2222,Gerald Wallace,Gerald,,DNP - Coach's Decision,,,,,,,,,,,,,,,,,,,,
0020200768,1610612758,SAC,Sacramento,185,Chris Webber,Chris,,DND - sprained left ankle,,,,,,,,,,,,,,,,,,,,
0020200763,1610612741,CHI,Chicago,1944,Eddie Robinson,Eddie,F,,33:08,6.0,9.0,0.667,0.0,0.0,0.0,1.0,1.0,1.0,0.0,1.0,1.0,2.0,1.0,1.0,1.0,1.0,13.0,18.0
0020200763,1610612741,CHI,Chicago,923,Donyell Marshall,Donyell,F,,41:13,3.0,13.0,0.231,0.0,0.0,0.0,4.0,5.0,0.8,5.0,6.0,11.0,1.0,4.0,1.0,0.0,4.0,10.0,13.0
0020200763,1610612741,CHI,Chicago,2199,Tyson Chandler,Tyson,F,,31:29,7.0,12.0,0.583,0.0,0.0,0.0,6.0,7.0,0.857,5.0,4.0,9.0,1.0,1.0,2.0,2.0,5.0,20.0,7.0
0020200763,1610612741,CHI,Chicago,2398,Jay Williams,Jay,G,,35:45,7.0,13.0,0.538,0.0,1.0,0.0,6.0,8.0,0.75,0.0,2.0,2.0,4.0,0.0,0.0,2.0,1.0,20.0,15.0
0020200763,1610612741,CHI,Chicago,147,Jalen Rose,Jalen,G,,44:11,9.0,24.0,0.375,1.0,4.0,0.25,9.0,9.0,1.0,1.0,3.0,4.0,5.0,0.0,0.0,1.0,4.0,28.0,8.0
0020200763,1610612741,CHI,Chicago,2201,Eddy Curry,Eddy,C,,15:31,5.0,5.0,1.0,0.0,0.0,0.0,2.0,3.0,0.667,1.0,4.0,5.0,0.0,0.0,0.0,1.0,2.0,12.0,-1.0
0020200763,1610612741,CHI,Chicago,2239,Trenton Hassell,Trenton,F,,14:52,1.0,3.0,0.333,0.0,0.0,0.0,0.0,0.0,0.0,0.0,1.0,1.0,0.0,0.0,0.0,3.0,1.0,2.0,-12.0
0020200763,1610612741,CHI,Chicago,2037,Jamal Crawford,Jamal,G,,12:15,0.0,3.0,0.0,0.0,1.0,0.0,0.0,0.0,0.0,0.0,0.0,0.0,0.0,1.0,0.0,0.0,2.0,0.0,-9.0
0020200763,1610612741,CHI,Chicago,2437,Lonny Baxter,Lonny,F,,7:47,0.0,3.0,0.0,0.0,0.0,0.0,0.0,0.0,0.0,1.0,1.0,2.0,0.0,0.0,0.0,1.0,3.0,0.0,-7.0
0020200763,1610612741,CHI,Chicago,697,Fred Hoiberg,Fred,G,,3:49,1.0,1.0,1.0,0.0,0.0,0.0,0.0,0.0,0.0,0.0,0.0,0.0,1.0,0.0,0.0,0.0,0.0,2.0,-2.0
0020200763,1610612741,CHI,Chicago,1780,,,, ,,,,,,,,,,,,,,,,,,,,
0020200763,1610612741,CHI,Chicago,1254,,,, ,,,,,,,,,,,,,,,,,,,,
0020200763,1610612741,CHI,Chicago,1220,,,, ,,,,,,,,,,,,,,,,,,,,
0020200763,1610612741,CHI,Chicago,2510,,,, ,,,,,,,,,,,,,,,,,,,,
0020200763,1610612741,CHI,Chicago,2394,,,, ,,,,,,,,,,,,,,,,,,,,
0020200763,1610612741,CHI,Chicago,916,Corie Blount,Corie,,DNP - Coach's Decision,,,,,,,,,,,,,,,,,,,,
0020200763,1610612741,CHI,Chicago,1594,Rick Brunson,Rick,,DNP - Coach's Decision,,,,,,,,,,,,,,,,,,,,
0020200763,1610612739,CLE,Cleveland,2032,Darius Miles,Darius,F,,30:51,1.0,6.0,0.167,0.0,0.0,0.0,2.0,2.0,1.0,5.0,4.0,9.0,5.0,1.0,1.0,3.0,3.0,4.0,-7.0
0020200763,1610612739,CLE,Cleveland,2430,Carlos Boozer,Carlos,G,,36:00,11.0,15.0,0.733,0.0,0.0,0.0,1.0,1.0,1.0,4.0,8.0,12.0,0.0,0.0,2.0,1.0,5.0,23.0,-10.0
0020200763,1610612739,CLE,Cleveland,980,Zydrunas Ilgauskas,Zydrunas,F,,24:33,3.0,7.0,0.429,0.0,0.0,0.0,5.0,8.0,0.625,4.0,4.0,8.0,2.0,0.0,2.0,4.0,5.0,11.0,-19.0
0020200763,1610612739,CLE,Cleveland,1960,Milt Palacio,Milt,G,,16:28,1.0,4.0,0.25,0.0,1.0,0.0,0.0,0.0,0.0,1.0,1.0,2.0,3.0,0.0,1.0,1.0,2.0,2.0,-21.0
0020200763,1610612739,CLE,Cleveland,1729,Ricky Davis,Ricky,G,,40:11,8.0,20.0,0.4,1.0,2.0,0.5,5.0,7.0,0.714,2.0,4.0,6.0,2.0,4.0,0.0,3.0,1.0,22.0,-6.0
0020200763,1610612739,CLE,Cleveland,1908,Jumaine Jones,Jumaine,G,,28:55,4.0,8.0,0.5,2.0,3.0,0.667,2.0,3.0,0.667,0.0,4.0,4.0,2.0,0.0,0.0,1.0,2.0,12.0,4.0
0020200763,1610612739,CLE,Cleveland,2402,Dajuan Wagner,Dajuan,G,,34:33,5.0,17.0,0.294,1.0,5.0,0.2,7.0,7.0,1.0,0.0,3.0,3.0,6.0,1.0,0.0,1.0,2.0,18.0,13.0
0020200763,1610612739,CLE,Cleveland,2205,DeSagana Diop,DeSagana,C,,5:51,0.0,1.0,0.0,0.0,0.0,0.0,0.0,0.0,0.0,1.0,0.0,1.0,0.0,0.0,1.0,1.0,0.0,0.0,5.0
0020200763,1610612739,CLE,Cleveland,2036,Chris Mihm,Chris,C,,22:38,3.0,6.0,0.5,0.0,0.0,0.0,3.0,4.0,0.75,2.0,4.0,6.0,0.0,1.0,5.0,2.0,3.0,9.0,11.0
0020200763,1610612739,CLE,Cleveland,2096,,,, ,,,,,,,,,,,,,,,,,,,,
0020200763,1610612739,CLE,Cleveland,2174,,,, ,,,,,,,,,,,,,,,,,,,,
0020200763,1610612739,CLE,Cleveland,2006,,,, ,,,,,,,,,,,,,,,,,,,,
0020200763,1610612739,CLE,Cleveland,1781,,,, ,,,,,,,,,,,,,,,,,,,,
0020200763,1610612739,CLE,Cleveland,1241,,,, ,,,,,,,,,,,,,,,,,,,,
0020200763,1610612739,CLE,Cleveland,1325,,,, ,,,,,,,,,,,,,,,,,,,,
0020200763,1610612739,CLE,Cleveland,1373,,,, ,,,,,,,,,,,,,,,,,,,,
0020200763,1610612739,CLE,Cleveland,902,Bimbo Coles,Bimbo,,DNP - Coach's Decision,,,,,,,,,,,,,,,,,,,,
0020200763,1610612739,CLE,Cleveland,238,Tyrone Hill,Tyrone,,DNP - Coach's Decision,,,,,,,,,,,,,,,,,,,,
0020200763,1610612739,CLE,Cleveland,1565,Michael Stewart,Michael,,DNP - Coach's Decision,,,,,,,,,,,,,,,,,,,,
0020200762,1610612740,NOH,New Orleans,469,Jamal Mashburn,Jamal,F,,44:44,7.0,20.0,0.35,2.0,4.0,0.5,4.0,4.0,1.0,1.0,3.0,4.0,5.0,1.0,1.0,6.0,2.0,20.0,-4.0
0020200762,1610612740,NOH,New Orleans,136,P.J. Brown,P.J.,G,,42:37,4.0,9.0,0.444,0.0,0.0,0.0,6.0,6.0,1.0,2.0,10.0,12.0,1.0,0.0,1.0,3.0,3.0,14.0,0.0
0020200762,1610612740,NOH,New Orleans,2048,Jamaal Magloire,Jamaal,C,,21:32,3.0,5.0,0.6,0.0,0.0,0.0,1.0,2.0,0.5,3.0,5.0,8.0,3.0,0.0,3.0,2.0,6.0,7.0,6.0
0020200762,1610612740,NOH,New Orleans,248,George Lynch,George,G,,38:16,4.0,8.0,0.5,2.0,3.0,0.667,0.0,2.0,0.0,1.0,6.0,7.0,2.0,1.0,0.0,2.0,2.0,10.0,3.0
0020200762,1610612740,NOH,New Orleans,133,David Wesley,David,G,,46:00,5.0,15.0,0.333,1.0,3.0,0.333,6.0,6.0,1.0,2.0,6.0,8.0,6.0,1.0,0.0,2.0,5.0,17.0,-4.0
0020200762,1610612740,NOH,New Orleans,922,Elden Campbell,Elden,F,,6:37,2.0,3.0,0.667,0.0,0.0,0.0,2.0,2.0,1.0,0.0,1.0,1.0,1.0,0.0,0.0,3.0,5.0,6.0,-7.0
0020200762,1610612740,NOH,New Orleans,278,Stacey Augmon,Stacey,G,,13:00,2.0,5.0,0.4,0.0,0.0,0.0,0.0,0.0,0.0,1.0,0.0,1.0,0.0,0.0,0.0,0.0,1.0,4.0,-9.0
0020200762,1610612740,NOH,New Orleans,2040,Jerome Moiso,Jerome,,,5:23,2.0,2.0,1.0,0.0,0.0,0.0,0.0,0.0,0.0,0.0,0.0,0.0,2.0,0.0,0.0,0.0,1.0,4.0,-5.0
0020200762,1610612740,NOH,New Orleans,123,Robert Pack,Robert,,,2:00,1.0,1.0,1.0,0.0,0.0,0.0,0.0,0.0,0.0,0.0,0.0,0.0,0.0,0.0,0.0,1.0,0.0,2.0,-1.0
0020200762,1610612740,NOH,New Orleans,1714,Robert Traylor,Robert,F,,19:51,5.0,12.0,0.417,0.0,0.0,0.0,0.0,0.0,0.0,7.0,2.0,9.0,1.0,1.0,1.0,0.0,6.0,10.0,-4.0
0020200762,1610612740,NOH,New Orleans,1304,,,, ,,,,,,,,,,,,,,,,,,,,
0020200762,1610612740,NOH,New Orleans,2152,,,, ,,,,,,,,,,,,,,,,,,,,
0020200762,1610612740,NOH,New Orleans,2377,,,, ,,,,,,,,,,,,,,,,,,,,
0020200762,1610612740,NOH,New Orleans,1218,,,, ,,,,,,,,,,,,,,,,,,,,
0020200762,1610612740,NOH,New Orleans,1316,,,, ,,,,,,,,,,,,,,,,,,,,
0020200762,1610612740,NOH,New Orleans,2042,Courtney Alexander,Courtney,,NWT - Strained Left Groin,,,,,,,,,,,,,,,,,,,,
0020200762,1610612740,NOH,New Orleans,1724,Bryce Drew,Bryce,,DNP - Coach's Decision,,,,,,,,,,,,,,,,,,,,
0020200762,1610612753,ORL,Orlando,2034,Mike Miller,Mike,F,,48:00,9.0,23.0,0.391,1.0,6.0,0.167,5.0,6.0,0.833,0.0,3.0,3.0,3.0,1.0,0.0,1.0,2.0,24.0,5.0
0020200762,1610612753,ORL,Orlando,1727,Pat Garrity,Pat,F,,35:25,1.0,2.0,0.5,0.0,1.0,0.0,2.0,2.0,1.0,2.0,1.0,3.0,3.0,2.0,0.0,1.0,1.0,4.0,3.0
0020200762,1610612753,ORL,Orlando,692,Andrew DeClercq,Andrew,C,,23:42,6.0,7.0,0.857,0.0,0.0,0.0,2.0,3.0,0.667,4.0,4.0,8.0,1.0,1.0,0.0,2.0,6.0,14.0,1.0
0020200762,1610612753,ORL,Orlando,1503,Tracy McGrady,Tracy,G,,45:14,9.0,26.0,0.346,1.0,5.0,0.2,5.0,8.0,0.625,2.0,4.0,6.0,7.0,2.0,2.0,3.0,1.0,24.0,1.0
0020200762,1610612753,ORL,Orlando,1521,Jacque Vaughn,Jacque,G,,18:15,2.0,9.0,0.222,0.0,0.0,0.0,4.0,4.0,1.0,0.0,0.0,0.0,1.0,1.0,0.0,0.0,2.0,8.0,-7.0
0020200762,1610612753,ORL,Orlando,431,Shawn Kemp,Shawn,G,,17:30,1.0,3.0,0.333,0.0,0.0,0.0,5.0,6.0,0.833,1.0,6.0,7.0,0.0,1.0,1.0,2.0,4.0,7.0,-7.0
0020200762,1610612753,ORL,Orlando,353,Darrell Armstrong,Darrell,G,,32:31,6.0,10.0,0.6,1.0,3.0,0.333,2.0,2.0,1.0,1.0,4.0,5.0,1.0,3.0,2.0,0.0,2.0,15.0,16.0
0020200762,1610612753,ORL,Orlando,2212,Steven Hunter,Steven,G,,10:39,0.0,1.0,0.0,0.0,0.0,0.0,1.0,2.0,0.5,1.0,0.0,1.0,1.0,0.0,1.0,0.0,3.0,1.0,6.0
0020200762,1610612753,ORL,Orlando,2469,Pat Burke,Pat,G,,8:44,1.0,1.0,1.0,0.0,0.0,0.0,0.0,0.0,0.0,1.0,0.0,1.0,0.0,0.0,0.0,0.0,1.0,2.0,7.0
0020200762,1610612753,ORL,Orlando,2516,,,, ,,,,,,,,,,,,,,,,,,,,
0020200762,1610612753,ORL,Orlando,1941,,,, ,,,,,,,,,,,,,,,,,,,,
0020200762,1610612753,ORL,Orlando,1309,,,, ,,,,,,,,,,,,,,,,,,,,
0020200762,1610612753,ORL,Orlando,1650,,,, ,,,,,,,,,,,,,,,,,,,,
0020200762,1610612753,ORL,Orlando,1296,,,, ,,,,,,,,,,,,,,,,,,,,
0020200762,1610612753,ORL,Orlando,837,,,, ,,,,,,,,,,,,,,,,,,,,
0020200762,1610612753,ORL,Orlando,1332,,,, ,,,,,,,,,,,,,,,,,,,,
0020200762,1610612753,ORL,Orlando,2415,Ryan Humphrey,Ryan,,DND - Sprained Left Ankle,,,,,,,,,,,,,,,,,,,,
0020200762,1610612753,ORL,Orlando,2071,Olumide Oyedeji,Olumide,,DNP - Coach's Decision,,,,,,,,,,,,,,,,,,,,
0020200762,1610612753,ORL,Orlando,2219,Jeryl Sasser,Jeryl,,DND - Neck & Back Spasms,,,,,,,,,,,,,,,,,,,,
0020200770,1610612738,BOS,Boston,952,Antoine Walker,Antoine,G,,40:50,8.0,23.0,0.348,1.0,6.0,0.167,0.0,0.0,0.0,1.0,1.0,2.0,7.0,0.0,1.0,2.0,3.0,17.0,-1.0
0020200770,1610612738,BOS,Boston,677,Eric Williams,Eric,F,,19:19,3.0,8.0,0.375,1.0,2.0,0.5,0.0,0.0,0.0,2.0,1.0,3.0,0.0,0.0,0.0,0.0,3.0,7.0,-4.0
0020200770,1610612738,BOS,Boston,1499,Tony Battie,Tony,G,,24:23,3.0,5.0,0.6,0.0,0.0,0.0,1.0,2.0,0.5,3.0,5.0,8.0,2.0,1.0,0.0,0.0,4.0,7.0,16.0
0020200770,1610612738,BOS,Boston,1718,Paul Pierce,Paul,G,,38:27,13.0,26.0,0.5,1.0,5.0,0.2,4.0,5.0,0.8,1.0,2.0,3.0,12.0,2.0,1.0,0.0,6.0,31.0,8.0
0020200770,1610612738,BOS,Boston,2452,J.R. Bremer,J.R.,G,,30:22,6.0,9.0,0.667,6.0,8.0,0.75,4.0,4.0,1.0,0.0,3.0,3.0,1.0,0.0,0.0,1.0,2.0,22.0,1.0
0020200770,1610612738,BOS,Boston,452,Vin Baker,Vin,C,,11:25,3.0,8.0,0.375,0.0,0.0,0.0,0.0,0.0,0.0,2.0,0.0,2.0,0.0,0.0,0.0,0.0,1.0,6.0,2.0
0020200770,1610612738,BOS,Boston,962,Walter McCarty,Walter,G,,32:46,8.0,10.0,0.8,5.0,6.0,0.833,3.0,4.0,0.75,3.0,5.0,8.0,3.0,0.0,0.0,1.0,3.0,24.0,3.0
0020200770,1610612738,BOS,Boston,3,Grant Long,Grant,,,9:47,2.0,2.0,1.0,0.0,0.0,0.0,2.0,2.0,1.0,0.0,1.0,1.0,0.0,0.0,0.0,0.0,3.0,6.0,5.0
0020200770,1610612738,BOS,Boston,960,Tony Delk,Tony,F,,26:06,1.0,5.0,0.2,0.0,2.0,0.0,3.0,4.0,0.75,0.0,4.0,4.0,3.0,0.0,1.0,0.0,3.0,5.0,2.0
0020200770,1610612738,BOS,Boston,1742,Shammond Williams,Shammond,,,6:35,0.0,0.0,0.0,0.0,0.0,0.0,0.0,0.0,0.0,0.0,2.0,2.0,1.0,0.0,0.0,0.0,0.0,0.0,8.0
0020200770,1610612738,BOS,Boston,1639,,,, ,,,,,,,,,,,,,,,,,,,,
0020200770,1610612738,BOS,Boston,1641,,,, ,,,,,,,,,,,,,,,,,,,,
0020200770,1610612738,BOS,Boston,1875,,,, ,,,,,,,,,,,,,,,,,,,,
0020200770,1610612738,BOS,Boston,1213,,,, ,,,,,,,,,,,,,,,,,,,,
0020200770,1610612738,BOS,Boston,1321,,,, ,,,,,,,,,,,,,,,,,,,,
0020200770,1610612738,BOS,Boston,2509,,,, ,,,,,,,,,,,,,,,,,,,,
0020200770,1610612738,BOS,Boston,2345,,,, ,,,,,,,,,,,,,,,,,,,,
0020200770,1610612738,BOS,Boston,2208,Kedrick Brown,Kedrick,,DNP - Coach's Decision,,,,,,,,,,,,,,,,,,,,
0020200770,1610612738,BOS,Boston,1743,Bruno Sundov,Bruno,,DNP - Coach's Decision,,,,,,,,,,,,,,,,,,,,
0020200770,1610612744,GSW,Golden State,2211,Troy Murphy,Troy,G,,28:50,5.0,8.0,0.625,0.0,0.0,0.0,3.0,4.0,0.75,3.0,7.0,10.0,1.0,0.0,0.0,1.0,2.0,13.0,-5.0
0020200770,1610612744,GSW,Golden State,1712,Antawn Jamison,Antawn,G,,45:20,13.0,27.0,0.481,3.0,5.0,0.6,10.0,14.0,0.714,7.0,6.0,13.0,2.0,1.0,0.0,4.0,3.0,39.0,-1.0
0020200770,1610612744,GSW,Golden State,956,Erick Dampier,Erick,G,,19:54,3.0,3.0,1.0,0.0,0.0,0.0,0.0,0.0,0.0,2.0,1.0,3.0,0.0,0.0,3.0,0.0,4.0,6.0,-11.0
0020200770,1610612744,GSW,Golden State,2202,Jason Richardson,Jason,G,,33:05,3.0,10.0,0.3,1.0,5.0,0.2,2.0,2.0,1.0,3.0,3.0,6.0,4.0,0.0,1.0,4.0,4.0,9.0,-6.0
0020200770,1610612744,GSW,Golden State,2240,Gilbert Arenas,Gilbert,G,,35:00,6.0,17.0,0.353,1.0,6.0,0.167,9.0,13.0,0.692,2.0,6.0,8.0,12.0,0.0,0.0,2.0,2.0,22.0,-6.0
0020200770,1610612744,GSW,Golden State,1863,Earl Boykins,Earl,C,,21:39,1.0,5.0,0.2,0.0,2.0,0.0,2.0,3.0,0.667,0.0,0.0,0.0,4.0,0.0,0.0,0.0,0.0,4.0,-12.0
0020200770,1610612744,GSW,Golden State,2399,Mike Dunleavy,Mike,G,,22:47,5.0,10.0,0.5,1.0,3.0,0.333,0.0,0.0,0.0,1.0,4.0,5.0,0.0,0.0,0.0,2.0,3.0,11.0,4.0
0020200770,1610612744,GSW,Golden State,1502,Adonal Foyle,Adonal,F,,18:45,2.0,4.0,0.5,0.0,0.0,0.0,1.0,2.0,0.5,5.0,3.0,8.0,0.0,0.0,4.0,1.0,2.0,5.0,-2.0
0020200770,1610612744,GSW,Golden State,682,Bob Sura,Bob,,,14:40,2.0,5.0,0.4,1.0,1.0,1.0,3.0,4.0,0.75,1.0,2.0,3.0,2.0,0.0,0.0,0.0,4.0,8.0,-1.0
0020200770,1610612744,GSW,Golden State,1637,,,, ,,,,,,,,,,,,,,,,,,,,
0020200770,1610612744,GSW,Golden State,1331,,,, ,,,,,,,,,,,,,,,,,,,,
0020200770,1610612744,GSW,Golden State,1774,,,, ,,,,,,,,,,,,,,,,,,,,
0020200770,1610612744,GSW,Golden State,1217,,,, ,,,,,,,,,,,,,,,,,,,,
0020200770,1610612744,GSW,Golden State,1252,,,, ,,,,,,,,,,,,,,,,,,,,
0020200770,1610612744,GSW,Golden State,1307,,,, ,,,,,,,,,,,,,,,,,,,,
0020200770,1610612744,GSW,Golden State,1504,Danny Fortson,Danny,,DNP - Coach's Decision,,,,,,,,,,,,,,,,,,,,
0020200770,1610612744,GSW,Golden State,168,Chris Mills,Chris,,DNP - Coach's Decision,,,,,,,,,,,,,,,,,,,,
0020200770,1610612744,GSW,Golden State,2412,Jiri Welsch,Jiri,,DNP - Coach's Decision,,,,,,,,,,,,,,,,,,,,
0020200764,1610612748,MIA,Miami,2406,Caron Butler,Caron,F,,41:06,5.0,16.0,0.313,1.0,2.0,0.5,6.0,9.0,0.667,1.0,5.0,6.0,2.0,2.0,1.0,5.0,4.0,17.0,-9.0
0020200764,1610612748,MIA,Miami,2124,Malik Allen,Malik,G,,23:14,3.0,5.0,0.6,0.0,0.0,0.0,2.0,4.0,0.5,2.0,5.0,7.0,0.0,1.0,2.0,2.0,4.0,8.0,0.0
0020200764,1610612748,MIA,Miami,258,Brian Grant,Brian,G,,32:08,6.0,9.0,0.667,0.0,0.0,0.0,1.0,2.0,0.5,1.0,7.0,8.0,1.0,2.0,2.0,4.0,5.0,13.0,-11.0
0020200764,1610612748,MIA,Miami,2067,Eddie House,Eddie,G,,35:48,4.0,13.0,0.308,3.0,6.0,0.5,0.0,0.0,0.0,0.0,3.0,3.0,6.0,4.0,0.0,0.0,2.0,11.0,4.0
0020200764,1610612748,MIA,Miami,696,Travis Best,Travis,G,,28:41,4.0,9.0,0.444,0.0,1.0,0.0,1.0,1.0,1.0,0.0,6.0,6.0,2.0,0.0,0.0,2.0,2.0,9.0,-4.0
0020200764,1610612748,MIA,Miami,111,LaPhonso Ellis,LaPhonso,,,6:42,0.0,1.0,0.0,0.0,1.0,0.0,0.0,0.0,0.0,0.0,1.0,1.0,0.0,0.0,0.0,0.0,1.0,0.0,-9.0
0020200764,1610612748,MIA,Miami,2446,Rasual Butler,Rasual,G,,19:11,5.0,12.0,0.417,5.0,7.0,0.714,0.0,0.0,0.0,0.0,2.0,2.0,1.0,0.0,2.0,0.0,4.0,15.0,-3.0
0020200764,1610612748,MIA,Miami,2229,Mike James,Mike,C,,10:20,0.0,1.0,0.0,0.0,0.0,0.0,0.0,0.0,0.0,0.0,1.0,1.0,3.0,0.0,0.0,0.0,0.0,0.0,-4.0
0020200764,1610612748,MIA,Miami,1735,Vladimir Stepania,Vladimir,G,,20:28,2.0,3.0,0.667,0.0,0.0,0.0,0.0,0.0,0.0,2.0,4.0,6.0,0.0,1.0,1.0,2.0,1.0,4.0,3.0
0020200764,1610612748,MIA,Miami,1853,Anthony Carter,Anthony,,,9:24,0.0,3.0,0.0,0.0,0.0,0.0,0.0,0.0,0.0,0.0,1.0,1.0,3.0,0.0,0.0,0.0,1.0,0.0,-2.0
0020200764,1610612748,MIA,Miami,1752,Sean Marks,Sean,G,,12:58,1.0,3.0,0.333,0.0,0.0,0.0,0.0,0.0,0.0,1.0,1.0,2.0,0.0,0.0,0.0,2.0,3.0,2.0,10.0
0020200764,1610612748,MIA,Miami,1787,,,, ,,,,,,,,,,,,,,,,,,,,
0020200764,1610612748,MIA,Miami,836,,,, ,,,,,,,,,,,,,,,,,,,,
0020200764,1610612748,MIA,Miami,1276,,,, ,,,,,,,,,,,,,,,,,,,,
0020200764,1610612748,MIA,Miami,1277,,,, ,,,,,,,,,,,,,,,,,,,,
0020200764,1610612748,MIA,Miami,1280,,,, ,,,,,,,,,,,,,,,,,,,,
0020200764,1610612748,MIA,Miami,1281,,,, ,,,,,,,,,,,,,,,,,,,,
0020200764,1610612748,MIA,Miami,1877,,,, ,,,,,,,,,,,,,,,,,,,,
0020200764,1610612748,MIA,Miami,2388,,,, ,,,,,,,,,,,,,,,,,,,,
0020200764,1610612748,MIA,Miami,224,Eddie Jones,Eddie,,NWT - Strained left groin.,,,,,,,,,,,,,,,,,,,,
0020200764,1610612751,NJN,New Jersey,2210,Richard Jefferson,Richard,G,,40:21,5.0,14.0,0.357,0.0,0.0,0.0,7.0,8.0,0.875,1.0,5.0,6.0,1.0,2.0,0.0,1.0,1.0,17.0,2.0
0020200764,1610612751,NJN,New Jersey,2030,Kenyon Martin,Kenyon,F,,38:09,11.0,22.0,0.5,0.0,0.0,0.0,6.0,13.0,0.462,2.0,8.0,10.0,1.0,5.0,0.0,1.0,3.0,28.0,12.0
0020200764,1610612751,NJN,New Jersey,2215,Jason Collins,Jason,G,,29:31,1.0,4.0,0.25,0.0,0.0,0.0,5.0,5.0,1.0,3.0,5.0,8.0,0.0,0.0,1.0,0.0,2.0,7.0,7.0
0020200764,1610612751,NJN,New Jersey,954,Kerry Kittles,Kerry,G,,31:53,2.0,13.0,0.154,1.0,4.0,0.25,4.0,4.0,1.0,1.0,7.0,8.0,3.0,1.0,0.0,1.0,2.0,9.0,1.0
0020200764,1610612751,NJN,New Jersey,467,Jason Kidd,Jason,G,,38:01,4.0,6.0,0.667,2.0,3.0,0.667,2.0,4.0,0.5,0.0,8.0,8.0,10.0,2.0,0.0,5.0,0.0,12.0,15.0
0020200764,1610612751,NJN,New Jersey,915,Rodney Rogers,Rodney,G,,9:21,2.0,4.0,0.5,0.0,0.0,0.0,0.0,0.0,0.0,0.0,0.0,0.0,0.0,0.0,0.0,1.0,1.0,4.0,3.0
0020200764,1610612751,NJN,New Jersey,446,Lucious Harris,Lucious,F,,21:51,1.0,6.0,0.167,1.0,1.0,1.0,0.0,0.0,0.0,1.0,1.0,2.0,1.0,0.0,0.0,3.0,1.0,3.0,0.0
0020200764,1610612751,NJN,New Jersey,1425,Aaron Williams,Aaron,G,,17:50,1.0,2.0,0.5,0.0,0.0,0.0,2.0,2.0,1.0,2.0,1.0,3.0,1.0,0.0,0.0,2.0,2.0,4.0,-4.0
0020200764,1610612751,NJN,New Jersey,164,Chris Childs,Chris,F,,4:54,0.0,0.0,0.0,0.0,0.0,0.0,0.0,0.0,0.0,0.0,0.0,0.0,0.0,1.0,0.0,0.0,1.0,0.0,-4.0
0020200764,1610612751,NJN,New Jersey,2243,Brian Scalabrine,Brian,F,,8:09,0.0,1.0,0.0,0.0,1.0,0.0,0.0,0.0,0.0,0.0,0.0,0.0,0.0,1.0,0.0,0.0,1.0,0.0,-7.0
0020200764,1610612751,NJN,New Jersey,2380,,,, ,,,,,,,,,,,,,,,,,,,,
0020200764,1610612751,NJN,New Jersey,1303,,,, ,,,,,,,,,,,,,,,,,,,,
0020200764,1610612751,NJN,New Jersey,1324,,,, ,,,,,,,,,,,,,,,,,,,,
0020200764,1610612751,NJN,New Jersey,1876,,,, ,,,,,,,,,,,,,,,,,,,,
0020200764,1610612751,NJN,New Jersey,1776,,,, ,,,,,,,,,,,,,,,,,,,,
0020200764,1610612751,NJN,New Jersey,2009,,,, ,,,,,,,,,,,,,,,,,,,,
0020200764,1610612751,NJN,New Jersey,1533,Anthony Johnson,Anthony,,DNP - Coach's Decision,,,,,,,,,,,,,,,,,,,,
0020200764,1610612751,NJN,New Jersey,2447,Tamar Slay,Tamar,,DNP - Coach's Decision,,,,,,,,,,,,,,,,,,,,
0020200769,1610612745,HOU,Houston,2204,Eddie Griffin,Eddie,F,,16:34,2.0,7.0,0.286,0.0,1.0,0.0,0.0,0.0,0.0,0.0,2.0,2.0,0.0,0.0,1.0,3.0,1.0,4.0,-16.0
0020200769,1610612745,HOU,Houston,1899,James Posey,James,F,,22:33,1.0,5.0,0.2,0.0,2.0,0.0,0.0,0.0,0.0,0.0,2.0,2.0,0.0,1.0,1.0,2.0,2.0,2.0,-20.0
0020200769,1610612745,HOU,Houston,2397,Ming Yao,Ming,F,,39:43,9.0,19.0,0.474,0.0,0.0,0.0,6.0,6.0,1.0,8.0,6.0,14.0,3.0,0.0,1.0,4.0,6.0,24.0,2.0
0020200769,1610612745,HOU,Houston,1883,Steve Francis,Steve,G,,53:13,4.0,19.0,0.211,2.0,5.0,0.4,7.0,8.0,0.875,3.0,5.0,8.0,6.0,2.0,0.0,2.0,4.0,17.0,-17.0
0020200769,1610612745,HOU,Houston,1749,Cuttino Mobley,Cuttino,G,,51:17,5.0,15.0,0.333,1.0,4.0,0.25,5.0,8.0,0.625,1.0,7.0,8.0,1.0,2.0,0.0,1.0,5.0,16.0,-12.0
0020200769,1610612745,HOU,Houston,1508,Maurice Taylor,Maurice,G,,41:26,6.0,14.0,0.429,0.0,0.0,0.0,4.0,6.0,0.667,5.0,4.0,9.0,5.0,1.0,0.0,1.0,4.0,16.0,9.0
0020200769,1610612745,HOU,Houston,1509,Kelvin Cato,Kelvin,G,,18:09,3.0,4.0,0.75,0.0,0.0,0.0,1.0,4.0,0.25,3.0,3.0,6.0,2.0,0.0,1.0,1.0,2.0,7.0,-9.0
0020200769,1610612745,HOU,Houston,1038,Juaquin Hawkins,Juaquin,G,,6:52,2.0,3.0,0.667,0.0,0.0,0.0,0.0,0.0,0.0,0.0,1.0,1.0,0.0,0.0,0.0,0.0,0.0,4.0,5.0
0020200769,1610612745,HOU,Houston,779,Glen Rice,Glen,F,,35:27,2.0,8.0,0.25,1.0,4.0,0.25,0.0,0.0,0.0,0.0,5.0,5.0,2.0,0.0,0.0,1.0,3.0,5.0,13.0
0020200769,1610612745,HOU,Houston,983,Moochie Norris,Moochie,,,4:47,2.0,3.0,0.667,0.0,0.0,0.0,0.0,0.0,0.0,1.0,0.0,1.0,1.0,0.0,0.0,0.0,0.0,4.0,10.0
0020200769,1610612745,HOU,Houston,2384,,,, ,,,,,,,,,,,,,,,,,,,,
0020200769,1610612745,HOU,Houston,2385,,,, ,,,,,,,,,,,,,,,,,,,,
0020200769,1610612745,HOU,Houston,825,,,, ,,,,,,,,,,,,,,,,,,,,
0020200769,1610612745,HOU,Houston,1255,,,, ,,,,,,,,,,,,,,,,,,,,
0020200769,1610612745,HOU,Houston,1256,,,, ,,,,,,,,,,,,,,,,,,,,
0020200769,1610612745,HOU,Houston,1257,,,, ,,,,,,,,,,,,,,,,,,,,
0020200769,1610612745,HOU,Houston,1258,,,, ,,,,,,,,,,,,,,,,,,,,
0020200769,1610612745,HOU,Houston,1997,,,, ,,,,,,,,,,,,,,,,,,,,
0020200769,1610612745,HOU,Houston,2242,Terence Morris,Terence,,DNP - Coach's Decision,,,,,,,,,,,,,,,,,,,,
0020200769,1610612745,HOU,Houston,2411,Bostjan Nachbar,Bostjan,,DNP - Coach's Decision,,,,,,,,,,,,,,,,,,,,
0020200769,1610612747,LAL,Los Angeles,296,Rick Fox,Rick,F,,43:44,6.0,10.0,0.6,3.0,5.0,0.6,0.0,0.0,0.0,2.0,3.0,5.0,4.0,1.0,0.0,2.0,4.0,15.0,12.0
0020200769,1610612747,LAL,Los Angeles,109,Robert Horry,Robert,G,,53:45,3.0,11.0,0.273,1.0,4.0,0.25,1.0,2.0,0.5,2.0,9.0,11.0,6.0,2.0,2.0,2.0,3.0,8.0,11.0
0020200769,1610612747,LAL,Los Angeles,955,Samaki Walker,Samaki,G,,28:16,1.0,3.0,0.333,0.0,0.0,0.0,0.0,0.0,0.0,0.0,3.0,3.0,2.0,0.0,0.0,0.0,6.0,2.0,0.0
0020200769,1610612747,LAL,Los Angeles,977,Kobe Bryant,Kobe,G,,53:54,19.0,38.0,0.5,3.0,9.0,0.333,11.0,11.0,1.0,0.0,8.0,8.0,7.0,0.0,3.0,5.0,4.0,52.0,13.0
0020200769,1610612747,LAL,Los Angeles,965,Derek Fisher,Derek,G,,48:49,6.0,14.0,0.429,0.0,2.0,0.0,1.0,2.0,0.5,1.0,2.0,3.0,4.0,2.0,0.0,0.0,3.0,13.0,13.0
0020200769,1610612747,LAL,Los Angeles,2098,Slava Medvedenko,Slava,,,4:34,1.0,3.0,0.333,0.0,0.0,0.0,0.0,0.0,0.0,1.0,0.0,1.0,0.0,0.0,0.0,0.0,3.0,2.0,-2.0
0020200769,1610612747,LAL,Los Angeles,1904,Devean George,Devean,F,,15:06,0.0,4.0,0.0,0.0,1.0,0.0,3.0,4.0,0.75,1.0,3.0,4.0,0.0,1.0,0.0,2.0,2.0,3.0,-5.0
0020200769,1610612747,LAL,Los Angeles,2058,Mark Madsen,Mark,G,,28:35,4.0,6.0,0.667,0.0,0.0,0.0,1.0,1.0,1.0,3.0,2.0,5.0,2.0,0.0,4.0,0.0,5.0,9.0,5.0
0020200769,1610612747,LAL,Los Angeles,2416,Kareem Rush,Kareem,C,,9:38,1.0,2.0,0.5,0.0,0.0,0.0,0.0,0.0,0.0,0.0,0.0,0.0,1.0,0.0,0.0,0.0,3.0,2.0,-6.0
0020200769,1610612747,LAL,Los Angeles,216,Brian Shaw,Brian,,,3:39,0.0,2.0,0.0,0.0,1.0,0.0,0.0,0.0,0.0,1.0,0.0,1.0,0.0,0.0,0.0,0.0,0.0,0.0,-6.0
0020200769,1610612747,LAL,Los Angeles,1272,,,, ,,,,,,,,,,,,,,,,,,,,
0020200769,1610612747,LAL,Los Angeles,1273,,,, ,,,,,,,,,,,,,,,,,,,,
0020200769,1610612747,LAL,Los Angeles,1219,,,, ,,,,,,,,,,,,,,,,,,,,
0020200769,1610612747,LAL,Los Angeles,1221,,,, ,,,,,,,,,,,,,,,,,,,,
0020200769,1610612747,LAL,Los Angeles,1223,,,, ,,,,,,,,,,,,,,,,,,,,
0020200769,1610612747,LAL,Los Angeles,1230,,,, ,,,,,,,,,,,,,,,,,,,,
0020200769,1610612747,LAL,Los Angeles,145,Tracy Murray,Tracy,,DNP - Coach's Decision,,,,,,,,,,,,,,,,,,,,
0020200769,1610612747,LAL,Los Angeles,406,Shaquille O'Neal,Shaquille,,DND - Sore left knee.,,,,,,,,,,,,,,,,,,,,
0020200767,1610612743,DEN,Denver,2051,Donnell Harvey,Donnell,F,,28:20,2.0,5.0,0.4,0.0,0.0,0.0,0.0,0.0,0.0,0.0,8.0,8.0,3.0,2.0,0.0,3.0,2.0,4.0,-18.0
0020200767,1610612743,DEN,Denver,436,Juwan Howard,Juwan,F,,32:46,8.0,17.0,0.471,0.0,0.0,0.0,5.0,6.0,0.833,3.0,4.0,7.0,2.0,1.0,0.0,3.0,4.0,21.0,-18.0
0020200767,1610612743,DEN,Denver,2403,Nene Hilario,Nene,G,,21:36,6.0,7.0,0.857,0.0,0.0,0.0,0.0,0.0,0.0,1.0,3.0,4.0,1.0,0.0,0.0,2.0,2.0,12.0,-8.0
0020200767,1610612743,DEN,Denver,43,Chris Whitney,Chris,G,,28:09,0.0,6.0,0.0,0.0,3.0,0.0,0.0,0.0,0.0,0.0,1.0,1.0,2.0,1.0,0.0,2.0,2.0,0.0,-13.0
0020200767,1610612743,DEN,Denver,2428,Vincent Yarbrough,Vincent,G,,22:58,6.0,9.0,0.667,0.0,0.0,0.0,0.0,0.0,0.0,1.0,0.0,1.0,3.0,2.0,0.0,5.0,4.0,12.0,-7.0
0020200767,1610612743,DEN,Denver,948,Marcus Camby,Marcus,F,,15:36,2.0,4.0,0.5,0.0,0.0,0.0,0.0,1.0,0.0,2.0,4.0,6.0,1.0,0.0,0.0,0.0,2.0,4.0,-10.0
0020200767,1610612743,DEN,Denver,2401,Nikoloz Tskitishvili,Nikoloz,F,,13:59,1.0,8.0,0.125,0.0,1.0,0.0,1.0,1.0,1.0,2.0,2.0,4.0,1.0,0.0,0.0,0.0,0.0,3.0,-5.0
0020200767,1610612743,DEN,Denver,2454,Junior Harrington,Junior,F,,27:48,3.0,9.0,0.333,0.0,1.0,0.0,1.0,1.0,1.0,1.0,1.0,2.0,2.0,1.0,0.0,3.0,4.0,7.0,-16.0
0020200767,1610612743,DEN,Denver,2365,Chris Andersen,Chris,G,,17:05,2.0,8.0,0.25,0.0,0.0,0.0,0.0,0.0,0.0,0.0,3.0,3.0,1.0,1.0,0.0,1.0,2.0,4.0,-14.0
0020200767,1610612743,DEN,Denver,2206,Rodney White,Rodney,G,,10:46,0.0,4.0,0.0,0.0,0.0,0.0,0.0,0.0,0.0,1.0,0.0,1.0,0.0,0.0,1.0,2.0,2.0,0.0,-17.0
0020200767,1610612743,DEN,Denver,1763,Ryan Bowen,Ryan,G,,12:00,2.0,3.0,0.667,0.0,0.0,0.0,1.0,1.0,1.0,1.0,3.0,4.0,1.0,1.0,1.0,1.0,0.0,5.0,1.0
0020200767,1610612743,DEN,Denver,1548,Mark Blount,Mark,,,8:57,2.0,4.0,0.5,0.0,0.0,0.0,0.0,0.0,0.0,3.0,3.0,6.0,2.0,0.0,0.0,0.0,0.0,4.0,0.0
0020200767,1610612743,DEN,Denver,2015,,,, ,,,,,,,,,,,,,,,,,,,,
0020200767,1610612743,DEN,Denver,1216,,,, ,,,,,,,,,,,,,,,,,,,,
0020200767,1610612743,DEN,Denver,1240,,,, ,,,,,,,,,,,,,,,,,,,,
0020200767,1610612743,DEN,Denver,1279,,,, ,,,,,,,,,,,,,,,,,,,,
0020200767,1610612743,DEN,Denver,2379,,,, ,,,,,,,,,,,,,,,,,,,,
0020200767,1610612743,DEN,Denver,2512,,,, ,,,,,,,,,,,,,,,,,,,,
0020200767,1610612743,DEN,Denver,2513,,,, ,,,,,,,,,,,,,,,,,,,,
0020200767,1610612759,SAS,San Antonio,1477,Bruce Bowen,Bruce,G,,29:15,7.0,10.0,0.7,4.0,6.0,0.667,0.0,0.0,0.0,0.0,2.0,2.0,1.0,1.0,0.0,1.0,1.0,18.0,29.0
0020200767,1610612759,SAS,San Antonio,1495,Tim Duncan,Tim,F,,31:46,2.0,4.0,0.5,0.0,0.0,0.0,7.0,8.0,0.875,2.0,10.0,12.0,4.0,2.0,2.0,4.0,1.0,11.0,20.0
0020200767,1610612759,SAS,San Antonio,788,Kevin Willis,Kevin,G,,20:53,4.0,6.0,0.667,0.0,0.0,0.0,0.0,0.0,0.0,1.0,3.0,4.0,0.0,0.0,2.0,0.0,0.0,8.0,17.0
0020200767,1610612759,SAS,San Antonio,2225,Tony Parker,Tony,G,,25:19,2.0,3.0,0.667,0.0,0.0,0.0,4.0,4.0,1.0,0.0,4.0,4.0,8.0,0.0,0.0,2.0,3.0,8.0,20.0
0020200767,1610612759,SAS,San Antonio,1536,Stephen Jackson,Stephen,G,,23:26,6.0,10.0,0.6,0.0,2.0,0.0,2.0,2.0,1.0,0.0,0.0,0.0,0.0,4.0,0.0,2.0,1.0,14.0,11.0
0020200767,1610612759,SAS,San Antonio,990,Malik Rose,Malik,G,,29:12,2.0,12.0,0.167,0.0,0.0,0.0,3.0,5.0,0.6,1.0,8.0,9.0,1.0,2.0,0.0,1.0,3.0,7.0,9.0
0020200767,1610612759,SAS,San Antonio,1938,Manu Ginobili,Manu,F,,19:42,2.0,5.0,0.4,2.0,3.0,0.667,2.0,6.0,0.333,2.0,1.0,3.0,4.0,1.0,0.0,3.0,2.0,8.0,12.0
0020200767,1610612759,SAS,San Antonio,70,Steve Kerr,Steve,F,,17:08,3.0,6.0,0.5,2.0,4.0,0.5,0.0,0.0,0.0,0.0,1.0,1.0,4.0,0.0,0.0,0.0,1.0,8.0,7.0
0020200767,1610612759,SAS,San Antonio,198,Danny Ferry,Danny,,,14:09,2.0,4.0,0.5,1.0,3.0,0.333,0.0,0.0,0.0,0.0,1.0,1.0,0.0,0.0,0.0,0.0,0.0,5.0,4.0
0020200767,1610612759,SAS,San Antonio,120,Steven Smith,Steven,G,,15:01,3.0,7.0,0.429,1.0,3.0,0.333,0.0,0.0,0.0,1.0,1.0,2.0,2.0,0.0,0.0,0.0,0.0,7.0,-2.0
0020200767,1610612759,SAS,San Antonio,2049,Speedy Claxton,Speedy,C,,14:09,3.0,6.0,0.5,0.0,1.0,0.0,1.0,3.0,0.333,1.0,1.0,2.0,2.0,3.0,1.0,2.0,2.0,7.0,-2.0
0020200767,1610612759,SAS,San Antonio,873,,,, ,,,,,,,,,,,,,,,,,,,,
0020200767,1610612759,SAS,San Antonio,1658,,,, ,,,,,,,,,,,,,,,,,,,,
0020200767,1610612759,SAS,San Antonio,1319,,,, ,,,,,,,,,,,,,,,,,,,,
0020200767,1610612759,SAS,San Antonio,1371,,,, ,,,,,,,,,,,,,,,,,,,,
0020200767,1610612759,SAS,San Antonio,1264,,,, ,,,,,,,,,,,,,,,,,,,,
0020200767,1610612759,SAS,San Antonio,2381,,,, ,,,,,,,,,,,,,,,,,,,,
0020200767,1610612759,SAS,San Antonio,764,David Robinson,David,,"DND - Sore right knee, low back spasms",,,,,,,,,,,,,,,,,,,,
0020200766,1610612737,ATL,Atlanta,949,Shareef Abdur-Rahim,Shareef,G,,27:17,3.0,6.0,0.5,0.0,0.0,0.0,8.0,8.0,1.0,3.0,1.0,4.0,3.0,2.0,0.0,3.0,2.0,14.0,-26.0
0020200766,1610612737,ATL,Atlanta,299,Glenn Robinson,Glenn,G,,25:52,5.0,14.0,0.357,0.0,4.0,0.0,3.0,3.0,1.0,0.0,4.0,4.0,2.0,0.0,0.0,4.0,3.0,13.0,-22.0
0020200766,1610612737,ATL,Atlanta,689,Theo Ratliff,Theo,G,,28:32,3.0,9.0,0.333,0.0,0.0,0.0,5.0,6.0,0.833,4.0,5.0,9.0,1.0,4.0,3.0,0.0,2.0,11.0,-11.0
0020200766,1610612737,ATL,Atlanta,1901,Dion Glover,Dion,G,,22:51,1.0,6.0,0.167,0.0,1.0,0.0,2.0,2.0,1.0,2.0,2.0,4.0,0.0,0.0,0.0,1.0,2.0,4.0,-12.0
0020200766,1610612737,ATL,Atlanta,1891,Jason Terry,Jason,G,,26:30,2.0,10.0,0.2,2.0,8.0,0.25,0.0,0.0,0.0,0.0,1.0,1.0,2.0,2.0,0.0,4.0,2.0,6.0,-20.0
0020200766,1610612737,ATL,Atlanta,1956,Ira Newble,Ira,F,,21:30,2.0,6.0,0.333,0.0,1.0,0.0,3.0,6.0,0.5,0.0,6.0,6.0,0.0,0.0,0.0,0.0,1.0,7.0,-11.0
0020200766,1610612737,ATL,Atlanta,2424,Dan Dickau,Dan,F,,29:48,4.0,11.0,0.364,1.0,5.0,0.2,1.0,2.0,0.5,1.0,0.0,1.0,4.0,0.0,0.0,3.0,2.0,10.0,-18.0
0020200766,1610612737,ATL,Atlanta,673,Alan Henderson,Alan,G,,8:41,1.0,5.0,0.2,0.0,0.0,0.0,0.0,0.0,0.0,1.0,0.0,1.0,0.0,0.0,0.0,0.0,1.0,2.0,-15.0
0020200766,1610612737,ATL,Atlanta,1737,Nazr Mohammed,Nazr,F,,17:00,2.0,8.0,0.25,0.0,0.0,0.0,2.0,4.0,0.5,3.0,3.0,6.0,0.0,3.0,1.0,0.0,2.0,6.0,-5.0
0020200766,1610612737,ATL,Atlanta,1032,Darvin Ham,Darvin,,,19:59,1.0,2.0,0.5,0.0,0.0,0.0,2.0,4.0,0.5,5.0,3.0,8.0,0.0,1.0,1.0,3.0,0.0,4.0,8.0
0020200766,1610612737,ATL,Atlanta,1983,Jermaine Jackson,Jermaine,G,,12:00,1.0,2.0,0.5,0.0,0.0,0.0,0.0,2.0,0.0,0.0,2.0,2.0,1.0,0.0,0.0,0.0,0.0,2.0,2.0
0020200766,1610612737,ATL,Atlanta,2150,,,, ,,,,,,,,,,,,,,,,,,,,
0020200766,1610612737,ATL,Atlanta,2539,,,, ,,,,,,,,,,,,,,,,,,,,
0020200766,1610612737,ATL,Atlanta,2540,,,, ,,,,,,,,,,,,,,,,,,,,
0020200766,1610612737,ATL,Atlanta,1337,,,, ,,,,,,,,,,,,,,,,,,,,
0020200766,1610612737,ATL,Atlanta,2376,,,, ,,,,,,,,,,,,,,,,,,,,
0020200766,1610612737,ATL,Atlanta,1736,Corey Benjamin,Corey,,DNP - Coach's Decision,,,,,,,,,,,,,,,,,,,,
0020200766,1610612737,ATL,Atlanta,2321,Paul Shirley,Paul,,DNP - Coach's Decision,,,,,,,,,,,,,,,,,,,,
0020200766,1610612742,DAL,Dallas,1717,Dirk Nowitzki,Dirk,F,,27:52,5.0,12.0,0.417,2.0,3.0,0.667,2.0,2.0,1.0,0.0,6.0,6.0,2.0,0.0,1.0,2.0,1.0,14.0,14.0
0020200766,1610612742,DAL,Dallas,1711,Raef LaFrentz,Raef,F,,17:11,4.0,4.0,1.0,0.0,0.0,0.0,1.0,2.0,0.5,2.0,3.0,5.0,2.0,1.0,0.0,2.0,4.0,9.0,16.0
0020200766,1610612742,DAL,Dallas,1915,Evan Eschmeyer,Evan,G,,24:24,1.0,2.0,0.5,0.0,0.0,0.0,2.0,2.0,1.0,1.0,5.0,6.0,2.0,1.0,1.0,1.0,6.0,4.0,1.0
0020200766,1610612742,DAL,Dallas,714,Michael Finley,Michael,G,,30:03,10.0,19.0,0.526,3.0,4.0,0.75,3.0,3.0,1.0,1.0,4.0,5.0,2.0,3.0,0.0,3.0,0.0,26.0,31.0
0020200766,1610612742,DAL,Dallas,959,Steve Nash,Steve,G,,18:30,3.0,6.0,0.5,0.0,1.0,0.0,2.0,2.0,1.0,0.0,1.0,1.0,3.0,0.0,0.0,1.0,1.0,8.0,16.0
0020200766,1610612742,DAL,Dallas,89,Nick Van Exel,Nick,G,,17:30,0.0,0.0,0.0,0.0,0.0,0.0,0.0,0.0,0.0,0.0,1.0,1.0,3.0,0.0,0.0,2.0,0.0,0.0,12.0
0020200766,1610612742,DAL,Dallas,762,Shawn Bradley,Shawn,F,,16:56,3.0,5.0,0.6,0.0,0.0,0.0,4.0,4.0,1.0,1.0,4.0,5.0,4.0,0.0,2.0,0.0,4.0,10.0,16.0
0020200766,1610612742,DAL,Dallas,2059,Eduardo Najera,Eduardo,F,,16:45,2.0,2.0,1.0,0.0,0.0,0.0,0.0,0.0,0.0,1.0,2.0,3.0,1.0,0.0,0.0,1.0,2.0,4.0,19.0
0020200766,1610612742,DAL,Dallas,1559,Adrian Griffin,Adrian,F,,16:46,1.0,4.0,0.25,1.0,1.0,1.0,0.0,0.0,0.0,3.0,5.0,8.0,1.0,1.0,0.0,2.0,3.0,3.0,4.0
0020200766,1610612742,DAL,Dallas,1952,Raja Bell,Raja,F,,20:24,3.0,4.0,0.75,0.0,1.0,0.0,0.0,0.0,0.0,0.0,1.0,1.0,2.0,0.0,0.0,3.0,0.0,6.0,-3.0
0020200766,1610612742,DAL,Dallas,1005,Walt Williams,Walt,G,,21:39,5.0,11.0,0.455,3.0,6.0,0.5,2.0,2.0,1.0,1.0,2.0,3.0,2.0,2.0,2.0,1.0,4.0,15.0,6.0
0020200766,1610612742,DAL,Dallas,2541,Antoine Rigaudeau,Antoine,C,,12:00,3.0,9.0,0.333,0.0,0.0,0.0,0.0,0.0,0.0,0.0,2.0,2.0,0.0,0.0,0.0,0.0,2.0,6.0,-2.0
0020200766,1610612742,DAL,Dallas,1233,,,, ,,,,,,,,,,,,,,,,,,,,
0020200766,1610612742,DAL,Dallas,1269,,,, ,,,,,,,,,,,,,,,,,,,,
0020200766,1610612742,DAL,Dallas,1317,,,, ,,,,,,,,,,,,,,,,,,,,
0020200766,1610612742,DAL,Dallas,1370,,,, ,,,,,,,,,,,,,,,,,,,,
0020200766,1610612742,DAL,Dallas,1483,,,, ,,,,,,,,,,,,,,,,,,,,
0020200766,1610612742,DAL,Dallas,2378,,,, ,,,,,,,,,,,,,,,,,,,,
0020200766,1610612742,DAL,Dallas,2154,,,, ,,,,,,,,,,,,,,,,,,,,
0020200765,1610612754,IND,Indiana,1897,Metta World Peace,Metta,G,,49:20,10.0,16.0,0.625,1.0,2.0,0.5,2.0,5.0,0.4,1.0,5.0,6.0,4.0,2.0,0.0,5.0,3.0,23.0,0.0
0020200765,1610612754,IND,Indiana,979,Jermaine O'Neal,Jermaine,G,,44:13,10.0,19.0,0.526,0.0,0.0,0.0,3.0,7.0,0.429,5.0,10.0,15.0,2.0,2.0,5.0,3.0,5.0,23.0,4.0
0020200765,1610612754,IND,Indiana,1802,Brad Miller,Brad,G,,43:45,6.0,11.0,0.545,0.0,0.0,0.0,4.0,4.0,1.0,4.0,10.0,14.0,6.0,2.0,0.0,0.0,5.0,16.0,-11.0
0020200765,1610612754,IND,Indiana,2224,Jamaal Tinsley,Jamaal,G,,30:09,3.0,9.0,0.333,0.0,2.0,0.0,0.0,0.0,0.0,0.0,0.0,0.0,5.0,1.0,0.0,3.0,3.0,6.0,0.0
0020200765,1610612754,IND,Indiana,397,Reggie Miller,Reggie,G,,45:26,7.0,16.0,0.438,4.0,11.0,0.364,4.0,5.0,0.8,1.0,2.0,3.0,5.0,0.0,0.0,1.0,3.0,22.0,0.0
0020200765,1610612754,IND,Indiana,1733,Al Harrington,Al,G,,19:18,3.0,7.0,0.429,0.0,0.0,0.0,3.0,3.0,1.0,2.0,4.0,6.0,1.0,1.0,0.0,2.0,1.0,9.0,-4.0
0020200765,1610612754,IND,Indiana,1500,Ron Mercer,Ron,F,,25:06,2.0,9.0,0.222,0.0,0.0,0.0,0.0,0.0,0.0,1.0,2.0,3.0,1.0,1.0,0.0,2.0,1.0,4.0,-7.0
0020200765,1610612754,IND,Indiana,1065,Erick Strickland,Erick,F,,7:34,0.0,4.0,0.0,0.0,3.0,0.0,0.0,0.0,0.0,0.0,3.0,3.0,0.0,0.0,0.0,0.0,0.0,0.0,-5.0
0020200765,1610612754,IND,Indiana,1902,Jeff Foster,Jeff,,,0:09,0.0,0.0,0.0,0.0,0.0,0.0,0.0,0.0,0.0,0.0,0.0,0.0,0.0,0.0,0.0,0.0,0.0,0.0,-2.0
0020200765,1610612754,IND,Indiana,2099,,,, ,,,,,,,,,,,,,,,,,,,,
0020200765,1610612754,IND,Indiana,2100,,,, ,,,,,,,,,,,,,,,,,,,,
0020200765,1610612754,IND,Indiana,2165,,,, ,,,,,,,,,,,,,,,,,,,,
0020200765,1610612754,IND,Indiana,1263,,,, ,,,,,,,,,,,,,,,,,,,,
0020200765,1610612754,IND,Indiana,1299,,,, ,,,,,,,,,,,,,,,,,,,,
0020200765,1610612754,IND,Indiana,1857,,,, ,,,,,,,,,,,,,,,,,,,,
0020200765,1610612754,IND,Indiana,2514,,,, ,,,,,,,,,,,,,,,,,,,,
0020200765,1610612754,IND,Indiana,2515,,,, ,,,,,,,,,,,,,,,,,,,,
0020200765,1610612754,IND,Indiana,2056,Primoz Brezec,Primoz,,DNP - Coach's Decision,,,,,,,,,,,,,,,,,,,,
0020200765,1610612754,IND,Indiana,1506,Austin Croshere,Austin,,DNP - Coach's Decision,,,,,,,,,,,,,,,,,,,,
0020200765,1610612754,IND,Indiana,2410,Fred Jones,Fred,,DNP - Coach's Decision,,,,,,,,,,,,,,,,,,,,
0020200765,1610612763,MEM,Memphis,2203,Shane Battier,Shane,G,,39:04,6.0,12.0,0.5,2.0,4.0,0.5,1.0,1.0,1.0,4.0,3.0,7.0,2.0,2.0,1.0,1.0,2.0,15.0,5.0
0020200765,1610612763,MEM,Memphis,2200,Pau Gasol,Pau,F,,45:40,10.0,22.0,0.455,0.0,0.0,0.0,4.0,7.0,0.571,6.0,8.0,14.0,3.0,0.0,7.0,3.0,6.0,24.0,9.0
0020200765,1610612763,MEM,Memphis,953,Lorenzen Wright,Lorenzen,G,,36:28,5.0,14.0,0.357,0.0,0.0,0.0,4.0,8.0,0.5,3.0,3.0,6.0,0.0,0.0,1.0,1.0,4.0,14.0,5.0
0020200765,1610612763,MEM,Memphis,1715,Jason Williams,Jason,G,,39:46,5.0,17.0,0.294,3.0,7.0,0.429,5.0,6.0,0.833,1.0,5.0,6.0,9.0,2.0,0.0,2.0,1.0,18.0,7.0
0020200765,1610612763,MEM,Memphis,445,Wesley Person,Wesley,G,,35:45,3.0,8.0,0.375,2.0,4.0,0.5,2.0,2.0,1.0,0.0,2.0,2.0,1.0,0.0,0.0,0.0,0.0,10.0,5.0
0020200765,1610612763,MEM,Memphis,2248,Earl Watson,Earl,G,,13:14,2.0,5.0,0.4,0.0,1.0,0.0,0.0,0.0,0.0,0.0,1.0,1.0,4.0,0.0,0.0,2.0,1.0,4.0,-2.0
0020200765,1610612763,MEM,Memphis,1722,Michael Dickerson,Michael,C,,17:18,3.0,5.0,0.6,1.0,2.0,0.5,0.0,0.0,0.0,1.0,1.0,2.0,2.0,1.0,0.0,1.0,2.0,7.0,0.0
0020200765,1610612763,MEM,Memphis,2400,Drew Gooden,Drew,F,,13:56,1.0,4.0,0.25,0.0,1.0,0.0,1.0,2.0,0.5,1.0,3.0,4.0,0.0,0.0,0.0,1.0,1.0,3.0,0.0
0020200765,1610612763,MEM,Memphis,2031,Stromile Swift,Stromile,F,,10:35,1.0,2.0,0.5,0.0,0.0,0.0,0.0,0.0,0.0,1.0,1.0,2.0,0.0,1.0,1.0,2.0,1.0,2.0,-2.0
0020200765,1610612763,MEM,Memphis,2471,Mike Batiste,Mike,G,,13:14,5.0,5.0,1.0,1.0,1.0,1.0,0.0,0.0,0.0,0.0,1.0,1.0,0.0,0.0,0.0,0.0,2.0,11.0,-2.0
0020200765,1610612763,MEM,Memphis,2353,,,, ,,,,,,,,,,,,,,,,,,,,
0020200765,1610612763,MEM,Memphis,2536,,,, ,,,,,,,,,,,,,,,,,,,,
0020200765,1610612763,MEM,Memphis,1994,,,, ,,,,,,,,,,,,,,,,,,,,
0020200765,1610612763,MEM,Memphis,2163,,,, ,,,,,,,,,,,,,,,,,,,,
0020200765,1610612763,MEM,Memphis,1353,,,, ,,,,,,,,,,,,,,,,,,,,
0020200765,1610612763,MEM,Memphis,1356,,,, ,,,,,,,,,,,,,,,,,,,,
0020200765,1610612763,MEM,Memphis,1921,Gordan Giricek,Gordan,,DNP - Coach's Decision,,,,,,,,,,,,,,,,,,,,
0020200765,1610612763,MEM,Memphis,2456,Cezary Trybanski,Cezary,,DNP - Coach's Decision,,,,,,,,,,,,,,,,,,,,
0020200772,1610612764,WAS,Washington,711,Jerry Stackhouse,Jerry,F,,39:45,6.0,15.0,0.4,0.0,3.0,0.0,3.0,6.0,0.5,0.0,1.0,1.0,0.0,0.0,1.0,2.0,1.0,15.0,-16.0
0020200772,1610612764,WAS,Washington,363,Christian Laettner,Christian,F,,24:33,1.0,7.0,0.143,0.0,0.0,0.0,2.0,2.0,1.0,2.0,4.0,6.0,1.0,1.0,0.0,2.0,0.0,4.0,-20.0
0020200772,1610612764,WAS,Washington,2217,Brendan Haywood,Brendan,C,,17:41,1.0,2.0,0.5,0.0,0.0,0.0,1.0,2.0,0.5,1.0,1.0,2.0,0.0,0.0,0.0,0.0,3.0,3.0,-14.0
0020200772,1610612764,WAS,Washington,1731,Tyronn Lue,Tyronn,G,,20:11,1.0,6.0,0.167,0.0,4.0,0.0,1.0,2.0,0.5,0.0,3.0,3.0,3.0,2.0,0.0,3.0,1.0,3.0,-23.0
0020200772,1610612764,WAS,Washington,893,Michael Jordan,Michael,G,,39:17,8.0,23.0,0.348,0.0,0.0,0.0,4.0,6.0,0.667,3.0,3.0,6.0,2.0,0.0,2.0,3.0,0.0,20.0,-21.0
0020200772,1610612764,WAS,Washington,935,Bryon Russell,Bryon,G,,16:58,0.0,3.0,0.0,0.0,1.0,0.0,0.0,0.0,0.0,0.0,5.0,5.0,2.0,1.0,0.0,0.0,2.0,0.0,13.0
0020200772,1610612764,WAS,Washington,1716,Larry Hughes,Larry,G,,27:49,4.0,9.0,0.444,0.0,1.0,0.0,3.0,4.0,0.75,0.0,2.0,2.0,5.0,0.0,1.0,0.0,3.0,11.0,11.0
0020200772,1610612764,WAS,Washington,891,Charles Oakley,Charles,G,,25:23,2.0,4.0,0.5,0.0,0.0,0.0,2.0,2.0,1.0,1.0,0.0,1.0,1.0,2.0,0.0,0.0,3.0,6.0,6.0
0020200772,1610612764,WAS,Washington,2198,Kwame Brown,Kwame,F,,28:23,6.0,7.0,0.857,0.0,0.0,0.0,1.0,2.0,0.5,3.0,6.0,9.0,2.0,1.0,0.0,0.0,2.0,13.0,4.0
0020200772,1610612764,WAS,Washington,2382,,,, ,,,,,,,,,,,,,,,,,,,,
0020200772,1610612764,WAS,Washington,2383,,,, ,,,,,,,,,,,,,,,,,,,,
0020200772,1610612764,WAS,Washington,2523,,,, ,,,,,,,,,,,,,,,,,,,,
0020200772,1610612764,WAS,Washington,2171,,,, ,,,,,,,,,,,,,,,,,,,,
0020200772,1610612764,WAS,Washington,1244,,,, ,,,,,,,,,,,,,,,,,,,,
0020200772,1610612764,WAS,Washington,1245,,,, ,,,,,,,,,,,,,,,,,,,,
0020200772,1610612764,WAS,Washington,1271,,,, ,,,,,,,,,,,,,,,,,,,,
0020200772,1610612764,WAS,Washington,2413,Juan Dixon,Juan,,DNP - Coach's Decision,,,,,,,,,,,,,,,,,,,,
0020200772,1610612764,WAS,Washington,2250,Bobby Simmons,Bobby,,DNP - Coach's Decision,,,,,,,,,,,,,,,,,,,,
0020200772,1610612764,WAS,Washington,2041,Etan Thomas,Etan,,DNP - Coach's Decision,,,,,,,,,,,,,,,,,,,,
0020200772,1610612740,NOH,New Orleans,469,Jamal Mashburn,Jamal,F,,38:43,11.0,23.0,0.478,2.0,4.0,0.5,0.0,1.0,0.0,1.0,4.0,5.0,5.0,1.0,0.0,4.0,0.0,24.0,19.0
0020200772,1610612740,NOH,New Orleans,136,P.J. Brown,P.J.,F,,37:57,4.0,8.0,0.5,0.0,0.0,0.0,0.0,0.0,0.0,4.0,9.0,13.0,4.0,2.0,4.0,1.0,4.0,8.0,20.0
0020200772,1610612740,NOH,New Orleans,2048,Jamaal Magloire,Jamaal,C,,36:43,4.0,6.0,0.667,0.0,0.0,0.0,5.0,5.0,1.0,5.0,9.0,14.0,0.0,1.0,1.0,4.0,3.0,13.0,22.0
0020200772,1610612740,NOH,New Orleans,133,David Wesley,David,G,,40:52,8.0,13.0,0.615,2.0,3.0,0.667,3.0,5.0,0.6,1.0,2.0,3.0,4.0,0.0,0.0,2.0,5.0,21.0,18.0
0020200772,1610612740,NOH,New Orleans,248,George Lynch,George,G,,39:50,5.0,16.0,0.313,2.0,6.0,0.333,0.0,0.0,0.0,3.0,6.0,9.0,4.0,1.0,0.0,1.0,4.0,12.0,21.0
0020200772,1610612740,NOH,New Orleans,123,Robert Pack,Robert,G,,11:17,3.0,4.0,0.75,0.0,0.0,0.0,0.0,0.0,0.0,0.0,1.0,1.0,1.0,1.0,0.0,1.0,1.0,6.0,-6.0
0020200772,1610612740,NOH,New Orleans,2040,Jerome Moiso,Jerome,G,,7:53,0.0,1.0,0.0,0.0,0.0,0.0,0.0,0.0,0.0,1.0,1.0,2.0,0.0,0.0,0.0,1.0,1.0,0.0,-8.0
0020200772,1610612740,NOH,New Orleans,922,Elden Campbell,Elden,F,,9:18,1.0,2.0,0.5,0.0,0.0,0.0,1.0,2.0,0.5,1.0,2.0,3.0,0.0,0.0,0.0,2.0,1.0,3.0,-10.0
0020200772,1610612740,NOH,New Orleans,278,Stacey Augmon,Stacey,C,,5:08,0.0,3.0,0.0,0.0,0.0,0.0,0.0,0.0,0.0,0.0,0.0,0.0,0.0,1.0,0.0,0.0,0.0,0.0,-7.0
0020200772,1610612740,NOH,New Orleans,2213,Kirk Haston,Kirk,G,,8:10,0.0,4.0,0.0,0.0,0.0,0.0,0.0,0.0,0.0,0.0,0.0,0.0,1.0,0.0,0.0,0.0,0.0,0.0,-9.0
0020200772,1610612740,NOH,New Orleans,1714,Robert Traylor,Robert,F,,4:09,0.0,0.0,0.0,0.0,0.0,0.0,0.0,0.0,0.0,0.0,1.0,1.0,1.0,0.0,1.0,0.0,1.0,0.0,0.0
0020200772,1610612740,NOH,New Orleans,2152,,,, ,,,,,,,,,,,,,,,,,,,,
0020200772,1610612740,NOH,New Orleans,2377,,,, ,,,,,,,,,,,,,,,,,,,,
0020200772,1610612740,NOH,New Orleans,1218,,,, ,,,,,,,,,,,,,,,,,,,,
0020200772,1610612740,NOH,New Orleans,1304,,,, ,,,,,,,,,,,,,,,,,,,,
0020200772,1610612740,NOH,New Orleans,1316,,,, ,,,,,,,,,,,,,,,,,,,,
0020200772,1610612740,NOH,New Orleans,2042,Courtney Alexander,Courtney,,DND - strained left groin,,,,,,,,,,,,,,,,,,,,
0020200778,1610612752,NYK,New York,970,Othella Harrington,Othella,G,,23:14,3.0,4.0,0.75,0.0,0.0,0.0,0.0,0.0,0.0,0.0,1.0,1.0,0.0,0.0,1.0,0.0,4.0,6.0,-12.0
0020200778,1610612752,NYK,New York,84,Latrell Sprewell,Latrell,G,,42:05,9.0,21.0,0.429,2.0,6.0,0.333,2.0,2.0,1.0,0.0,3.0,3.0,5.0,1.0,0.0,4.0,2.0,22.0,-13.0
0020200778,1610612752,NYK,New York,703,Kurt Thomas,Kurt,G,,40:46,7.0,10.0,0.7,0.0,0.0,0.0,0.0,0.0,0.0,1.0,7.0,8.0,2.0,1.0,0.0,1.0,4.0,14.0,-7.0
0020200778,1610612752,NYK,New York,458,Howard Eisley,Howard,G,,23:19,2.0,6.0,0.333,1.0,2.0,0.5,4.0,4.0,1.0,0.0,2.0,2.0,2.0,0.0,0.0,3.0,3.0,9.0,-22.0
0020200778,1610612752,NYK,New York,275,Allan Houston,Allan,G,,44:39,7.0,17.0,0.412,3.0,5.0,0.6,5.0,5.0,1.0,0.0,4.0,4.0,7.0,1.0,0.0,3.0,3.0,22.0,-10.0
0020200778,1610612752,NYK,New York,221,Clar. Weatherspoon,Clar.,F,,25:10,2.0,6.0,0.333,0.0,0.0,0.0,7.0,9.0,0.778,7.0,5.0,12.0,0.0,0.0,0.0,1.0,3.0,11.0,-5.0
0020200778,1610612752,NYK,New York,369,Charlie Ward,Charlie,G,,12:41,1.0,5.0,0.2,0.0,3.0,0.0,0.0,0.0,0.0,0.0,1.0,1.0,2.0,1.0,0.0,1.0,2.0,2.0,8.0
0020200778,1610612752,NYK,New York,1000,Shandon Anderson,Shandon,G,,21:16,2.0,5.0,0.4,0.0,1.0,0.0,0.0,1.0,0.0,0.0,3.0,3.0,3.0,1.0,0.0,1.0,5.0,4.0,10.0
0020200778,1610612752,NYK,New York,1720,Michael Doleac,Michael,G,,6:50,2.0,3.0,0.667,0.0,0.0,0.0,0.0,0.0,0.0,0.0,0.0,0.0,0.0,0.0,0.0,0.0,0.0,4.0,6.0
0020200778,1610612752,NYK,New York,2168,,,, ,,,,,,,,,,,,,,,,,,,,
0020200778,1610612752,NYK,New York,1790,,,, ,,,,,,,,,,,,,,,,,,,,
0020200778,1610612752,NYK,New York,1791,,,, ,,,,,,,,,,,,,,,,,,,,
0020200778,1610612752,NYK,New York,1298,,,, ,,,,,,,,,,,,,,,,,,,,
0020200778,1610612752,NYK,New York,1301,,,, ,,,,,,,,,,,,,,,,,,,,
0020200778,1610612752,NYK,New York,1302,,,, ,,,,,,,,,,,,,,,,,,,,
0020200778,1610612752,NYK,New York,2518,,,, ,,,,,,,,,,,,,,,,,,,,
0020200778,1610612752,NYK,New York,2519,,,, ,,,,,,,,,,,,,,,,,,,,
0020200778,1610612752,NYK,New York,969,Travis Knight,Travis,,DNP - Coach's Decision,,,,,,,,,,,,,,,,,,,,
0020200778,1610612752,NYK,New York,1924,Lee Nailon,Lee,,DNP - Coach's Decision,,,,,,,,,,,,,,,,,,,,
0020200778,1610612752,NYK,New York,2068,Lavor Postell,Lavor,,DNP - Coach's Decision,,,,,,,,,,,,,,,,,,,,
0020200778,1610612760,SEA,Seattle,2501,Reggie Evans,Reggie,G,,29:22,2.0,2.0,1.0,0.0,0.0,0.0,1.0,3.0,0.333,6.0,8.0,14.0,0.0,1.0,0.0,2.0,6.0,5.0,8.0
0020200778,1610612760,SEA,Seattle,1740,Rashard Lewis,Rashard,G,,41:22,9.0,14.0,0.643,1.0,2.0,0.5,7.0,8.0,0.875,4.0,4.0,8.0,2.0,1.0,0.0,3.0,2.0,26.0,12.0
0020200778,1610612760,SEA,Seattle,1542,Predrag Drobnjak,Predrag,C,,28:57,4.0,13.0,0.308,1.0,2.0,0.5,2.0,2.0,1.0,1.0,4.0,5.0,2.0,0.0,0.0,1.0,3.0,11.0,12.0
0020200778,1610612760,SEA,Seattle,699,Brent Barry,Brent,G,,24:00,3.0,5.0,0.6,0.0,2.0,0.0,0.0,1.0,0.0,0.0,4.0,4.0,2.0,1.0,0.0,2.0,6.0,6.0,0.0
0020200778,1610612760,SEA,Seattle,56,Gary Payton,Gary,G,,45:08,11.0,26.0,0.423,1.0,3.0,0.333,8.0,10.0,0.8,1.0,2.0,3.0,5.0,5.0,0.0,4.0,3.0,31.0,11.0
0020200778,1610612760,SEA,Seattle,2046,Desmond Mason,Desmond,C,,30:46,2.0,5.0,0.4,0.0,0.0,0.0,5.0,6.0,0.833,0.0,4.0,4.0,3.0,0.0,1.0,1.0,0.0,9.0,6.0
0020200778,1610612760,SEA,Seattle,958,Vitaly Potapenko,Vitaly,G,,14:54,1.0,2.0,0.5,0.0,0.0,0.0,2.0,2.0,1.0,1.0,2.0,3.0,0.0,0.0,0.0,0.0,1.0,4.0,-5.0
0020200778,1610612760,SEA,Seattle,2209,Vladimir Radmanovic,Vladimir,F,,22:19,3.0,7.0,0.429,2.0,6.0,0.333,3.0,4.0,0.75,0.0,4.0,4.0,0.0,1.0,1.0,2.0,2.0,11.0,3.0
0020200778,1610612760,SEA,Seattle,1738,Ansu Sesay,Ansu,,,3:12,0.0,1.0,0.0,0.0,0.0,0.0,0.0,0.0,0.0,1.0,1.0,2.0,0.0,0.0,0.0,0.0,1.0,0.0,-2.0
0020200778,1610612760,SEA,Seattle,1335,,,, ,,,,,,,,,,,,,,,,,,,,
0020200778,1610612760,SEA,Seattle,1338,,,, ,,,,,,,,,,,,,,,,,,,,
0020200778,1610612760,SEA,Seattle,1349,,,, ,,,,,,,,,,,,,,,,,,,,
0020200778,1610612760,SEA,Seattle,2350,,,, ,,,,,,,,,,,,,,,,,,,,
0020200778,1610612760,SEA,Seattle,1778,,,, ,,,,,,,,,,,,,,,,,,,,
0020200778,1610612760,SEA,Seattle,1916,Calvin Booth,Calvin,,DNP - Coach's Decision,,,,,,,,,,,,,,,,,,,,
0020200778,1610612760,SEA,Seattle,2218,Joseph Forte,Joseph,,DNP - Coach's Decision,,,,,,,,,,,,,,,,,,,,
0020200778,1610612760,SEA,Seattle,1744,Jerome James,Jerome,,DNP - Coach's Decision,,,,,,,,,,,,,,,,,,,,
0020200775,1610612745,HOU,Houston,2204,Eddie Griffin,Eddie,F,,21:41,5.0,13.0,0.385,2.0,4.0,0.5,0.0,0.0,0.0,3.0,7.0,10.0,0.0,2.0,0.0,1.0,2.0,12.0,10.0
0020200775,1610612745,HOU,Houston,1899,James Posey,James,F,,30:16,2.0,11.0,0.182,1.0,3.0,0.333,4.0,4.0,1.0,2.0,8.0,10.0,2.0,0.0,1.0,3.0,3.0,9.0,1.0
0020200775,1610612745,HOU,Houston,2397,Ming Yao,Ming,C,,30:29,3.0,8.0,0.375,0.0,0.0,0.0,6.0,6.0,1.0,7.0,5.0,12.0,3.0,1.0,3.0,0.0,2.0,12.0,15.0
0020200775,1610612745,HOU,Houston,1883,Steve Francis,Steve,G,,29:04,2.0,7.0,0.286,1.0,3.0,0.333,0.0,0.0,0.0,5.0,1.0,6.0,2.0,0.0,0.0,3.0,3.0,5.0,11.0
0020200775,1610612745,HOU,Houston,1749,Cuttino Mobley,Cuttino,G,,40:02,7.0,15.0,0.467,0.0,4.0,0.0,8.0,8.0,1.0,1.0,2.0,3.0,7.0,1.0,2.0,3.0,1.0,22.0,3.0
0020200775,1610612745,HOU,Houston,1508,Maurice Taylor,Maurice,G,,19:21,6.0,11.0,0.545,0.0,0.0,0.0,1.0,1.0,1.0,3.0,2.0,5.0,0.0,0.0,0.0,2.0,3.0,13.0,7.0
0020200775,1610612745,HOU,Houston,1509,Kelvin Cato,Kelvin,G,,17:31,0.0,0.0,0.0,0.0,0.0,0.0,0.0,0.0,0.0,1.0,1.0,2.0,0.0,0.0,1.0,0.0,3.0,0.0,3.0
0020200775,1610612745,HOU,Houston,983,Moochie Norris,Moochie,G,,26:07,4.0,8.0,0.5,0.0,1.0,0.0,3.0,7.0,0.429,0.0,4.0,4.0,3.0,2.0,1.0,1.0,2.0,11.0,20.0
0020200775,1610612745,HOU,Houston,779,Glen Rice,Glen,F,,24:42,8.0,11.0,0.727,7.0,8.0,0.875,0.0,0.0,0.0,0.0,5.0,5.0,1.0,0.0,0.0,1.0,2.0,23.0,18.0
0020200775,1610612745,HOU,Houston,1038,Juaquin Hawkins,Juaquin,,,0:48,0.0,0.0,0.0,0.0,0.0,0.0,0.0,0.0,0.0,0.0,0.0,0.0,0.0,0.0,0.0,0.0,0.0,0.0,2.0
0020200775,1610612745,HOU,Houston,1255,,,, ,,,,,,,,,,,,,,,,,,,,
0020200775,1610612745,HOU,Houston,1256,,,, ,,,,,,,,,,,,,,,,,,,,
0020200775,1610612745,HOU,Houston,1257,,,, ,,,,,,,,,,,,,,,,,,,,
0020200775,1610612745,HOU,Houston,1258,,,, ,,,,,,,,,,,,,,,,,,,,
0020200775,1610612745,HOU,Houston,825,,,, ,,,,,,,,,,,,,,,,,,,,
0020200775,1610612745,HOU,Houston,1997,,,, ,,,,,,,,,,,,,,,,,,,,
0020200775,1610612745,HOU,Houston,2384,,,, ,,,,,,,,,,,,,,,,,,,,
0020200775,1610612745,HOU,Houston,2385,,,, ,,,,,,,,,,,,,,,,,,,,
0020200775,1610612745,HOU,Houston,2242,Terence Morris,Terence,,DNP - Coach's Decision,,,,,,,,,,,,,,,,,,,,
0020200775,1610612745,HOU,Houston,2411,Bostjan Nachbar,Bostjan,,DNP - Coach's Decision,,,,,,,,,,,,,,,,,,,,
0020200775,1610612756,PHX,Phoenix,1890,Shawn Marion,Shawn,F,,40:57,8.0,20.0,0.4,3.0,7.0,0.429,5.0,5.0,1.0,1.0,8.0,9.0,3.0,2.0,1.0,0.0,3.0,24.0,-4.0
0020200775,1610612756,PHX,Phoenix,2405,Amar'e Stoudemire,Amar'e,F,,39:07,3.0,6.0,0.5,0.0,0.0,0.0,5.0,7.0,0.714,1.0,2.0,3.0,0.0,0.0,0.0,2.0,3.0,11.0,-10.0
0020200775,1610612756,PHX,Phoenix,281,Scott Williams,Scott,C,,16:10,1.0,7.0,0.143,0.0,0.0,0.0,0.0,0.0,0.0,2.0,0.0,2.0,0.0,0.0,0.0,1.0,3.0,2.0,-9.0
0020200775,1610612756,PHX,Phoenix,950,Stephon Marbury,Stephon,G,,38:25,7.0,16.0,0.438,0.0,2.0,0.0,8.0,10.0,0.8,1.0,2.0,3.0,6.0,3.0,1.0,5.0,0.0,22.0,-6.0
0020200775,1610612756,PHX,Phoenix,2207,Joe Johnson,Joe,G,,33:23,6.0,11.0,0.545,2.0,5.0,0.4,0.0,0.0,0.0,0.0,2.0,2.0,2.0,0.0,1.0,1.0,1.0,14.0,-4.0
0020200775,1610612756,PHX,Phoenix,2063,Jake Voskuhl,Jake,G,,14:44,2.0,6.0,0.333,0.0,0.0,0.0,3.0,3.0,1.0,1.0,2.0,3.0,0.0,1.0,0.0,1.0,3.0,7.0,-10.0
0020200775,1610612756,PHX,Phoenix,2418,Casey Jacobsen,Casey,F,,8:28,0.0,3.0,0.0,0.0,2.0,0.0,0.0,0.0,0.0,0.0,2.0,2.0,0.0,1.0,0.0,2.0,3.0,0.0,-10.0
0020200775,1610612756,PHX,Phoenix,448,Bo Outlaw,Bo,G,,17:44,3.0,3.0,1.0,0.0,0.0,0.0,1.0,2.0,0.5,2.0,1.0,3.0,1.0,0.0,1.0,0.0,3.0,7.0,-11.0
0020200775,1610612756,PHX,Phoenix,2061,Dan Langhi,Dan,F,,19:13,1.0,3.0,0.333,0.0,1.0,0.0,0.0,0.0,0.0,0.0,4.0,4.0,1.0,1.0,0.0,0.0,2.0,2.0,-12.0
0020200775,1610612756,PHX,Phoenix,753,Randy Brown,Randy,G,,9:35,0.0,1.0,0.0,0.0,0.0,0.0,0.0,0.0,0.0,0.0,1.0,1.0,2.0,0.0,0.0,0.0,1.0,0.0,-12.0
0020200775,1610612756,PHX,Phoenix,2228,Alton Ford,Alton,,,2:15,0.0,0.0,0.0,0.0,0.0,0.0,0.0,0.0,0.0,0.0,0.0,0.0,0.0,0.0,0.0,0.0,0.0,0.0,-2.0
0020200775,1610612756,PHX,Phoenix,2008,,,, ,,,,,,,,,,,,,,,,,,,,
0020200775,1610612756,PHX,Phoenix,2160,,,, ,,,,,,,,,,,,,,,,,,,,
0020200775,1610612756,PHX,Phoenix,1783,,,, ,,,,,,,,,,,,,,,,,,,,
0020200775,1610612756,PHX,Phoenix,1642,,,, ,,,,,,,,,,,,,,,,,,,,
0020200775,1610612756,PHX,Phoenix,1653,,,, ,,,,,,,,,,,,,,,,,,,,
0020200775,1610612756,PHX,Phoenix,1336,,,, ,,,,,,,,,,,,,,,,,,,,
0020200775,1610612756,PHX,Phoenix,2521,,,, ,,,,,,,,,,,,,,,,,,,,
0020200777,1610612744,GSW,Golden State,1712,Antawn Jamison,Antawn,F,,15:31,0.0,2.0,0.0,0.0,1.0,0.0,0.0,0.0,0.0,0.0,2.0,2.0,1.0,1.0,0.0,1.0,3.0,0.0,-22.0
0020200777,1610612744,GSW,Golden State,2211,Troy Murphy,Troy,F,,25:19,2.0,6.0,0.333,0.0,0.0,0.0,6.0,6.0,1.0,1.0,3.0,4.0,0.0,0.0,0.0,2.0,2.0,10.0,-15.0
0020200777,1610612744,GSW,Golden State,956,Erick Dampier,Erick,C,,22:25,5.0,6.0,0.833,0.0,0.0,0.0,1.0,1.0,1.0,3.0,7.0,10.0,1.0,1.0,4.0,2.0,3.0,11.0,-9.0
0020200777,1610612744,GSW,Golden State,2202,Jason Richardson,Jason,G,,18:48,3.0,10.0,0.3,0.0,3.0,0.0,0.0,0.0,0.0,0.0,2.0,2.0,3.0,0.0,0.0,2.0,2.0,6.0,-24.0
0020200777,1610612744,GSW,Golden State,2240,Gilbert Arenas,Gilbert,G,,26:29,7.0,16.0,0.438,2.0,5.0,0.4,6.0,6.0,1.0,1.0,1.0,2.0,5.0,0.0,1.0,5.0,3.0,22.0,-16.0
0020200777,1610612744,GSW,Golden State,1863,Earl Boykins,Earl,F,,21:31,2.0,6.0,0.333,0.0,0.0,0.0,1.0,1.0,1.0,0.0,0.0,0.0,6.0,0.0,0.0,0.0,0.0,5.0,-11.0
0020200777,1610612744,GSW,Golden State,1502,Adonal Foyle,Adonal,G,,25:35,5.0,7.0,0.714,0.0,0.0,0.0,2.0,4.0,0.5,1.0,6.0,7.0,0.0,1.0,2.0,3.0,1.0,12.0,-18.0
0020200777,1610612744,GSW,Golden State,1504,Danny Fortson,Danny,G,,22:41,3.0,10.0,0.3,0.0,1.0,0.0,2.0,2.0,1.0,1.0,3.0,4.0,1.0,1.0,0.0,1.0,4.0,8.0,-12.0
0020200777,1610612744,GSW,Golden State,2399,Mike Dunleavy,Mike,F,,32:29,6.0,11.0,0.545,0.0,1.0,0.0,2.0,2.0,1.0,5.0,3.0,8.0,4.0,1.0,0.0,4.0,3.0,14.0,-5.0
0020200777,1610612744,GSW,Golden State,682,Bob Sura,Bob,G,,19:36,3.0,6.0,0.5,0.0,0.0,0.0,0.0,0.0,0.0,0.0,1.0,1.0,2.0,1.0,0.0,1.0,1.0,6.0,-5.0
0020200777,1610612744,GSW,Golden State,2412,Jiri Welsch,Jiri,,,9:36,2.0,4.0,0.5,0.0,1.0,0.0,0.0,0.0,0.0,0.0,1.0,1.0,1.0,2.0,1.0,0.0,0.0,4.0,2.0
0020200777,1610612744,GSW,Golden State,1217,,,, ,,,,,,,,,,,,,,,,,,,,
0020200777,1610612744,GSW,Golden State,1252,,,, ,,,,,,,,,,,,,,,,,,,,
0020200777,1610612744,GSW,Golden State,1307,,,, ,,,,,,,,,,,,,,,,,,,,
0020200777,1610612744,GSW,Golden State,1331,,,, ,,,,,,,,,,,,,,,,,,,,
0020200777,1610612744,GSW,Golden State,1637,,,, ,,,,,,,,,,,,,,,,,,,,
0020200777,1610612744,GSW,Golden State,1774,,,, ,,,,,,,,,,,,,,,,,,,,
0020200777,1610612744,GSW,Golden State,168,Chris Mills,Chris,,DNP - Coach's Decision,,,,,,,,,,,,,,,,,,,,
0020200777,1610612757,POR,Portland,1719,Bonzi Wells,Bonzi,G,,29:38,11.0,18.0,0.611,1.0,2.0,0.5,6.0,7.0,0.857,2.0,3.0,5.0,4.0,4.0,0.0,3.0,0.0,29.0,21.0
0020200777,1610612757,POR,Portland,739,Rasheed Wallace,Rasheed,G,,32:39,5.0,10.0,0.5,3.0,7.0,0.429,0.0,0.0,0.0,1.0,3.0,4.0,1.0,0.0,1.0,0.0,1.0,13.0,25.0
0020200777,1610612757,POR,Portland,905,Dale Davis,Dale,C,,24:00,1.0,4.0,0.25,0.0,0.0,0.0,2.0,2.0,1.0,2.0,2.0,4.0,1.0,0.0,0.0,1.0,3.0,4.0,20.0
0020200777,1610612757,POR,Portland,1507,Derek Anderson,Derek,G,,24:10,4.0,7.0,0.571,2.0,4.0,0.5,2.0,2.0,1.0,0.0,2.0,2.0,2.0,1.0,0.0,1.0,2.0,12.0,24.0
0020200777,1610612757,POR,Portland,937,Scottie Pippen,Scottie,G,,14:42,7.0,10.0,0.7,0.0,0.0,0.0,2.0,3.0,0.667,1.0,1.0,2.0,4.0,1.0,1.0,0.0,1.0,16.0,15.0
0020200777,1610612757,POR,Portland,976,Jeff McInnis,Jeff,F,,21:26,4.0,6.0,0.667,0.0,0.0,0.0,1.0,1.0,1.0,0.0,1.0,1.0,2.0,0.0,0.0,1.0,2.0,9.0,13.0
0020200777,1610612757,POR,Portland,1739,Ruben Patterson,Ruben,C,,12:32,1.0,3.0,0.333,0.0,1.0,0.0,0.0,0.0,0.0,0.0,0.0,0.0,2.0,2.0,0.0,0.0,1.0,2.0,14.0
0020200777,1610612757,POR,Portland,1498,Antonio Daniels,Antonio,G,,23:51,2.0,4.0,0.5,1.0,2.0,0.5,4.0,4.0,1.0,0.0,1.0,1.0,4.0,3.0,0.0,1.0,1.0,9.0,3.0
0020200777,1610612757,POR,Portland,717,Arvydas Sabonis,Arvydas,C,,14:54,4.0,6.0,0.667,0.0,0.0,0.0,3.0,4.0,0.75,1.0,6.0,7.0,1.0,1.0,3.0,0.0,3.0,11.0,3.0
0020200777,1610612757,POR,Portland,2216,Zach Randolph,Zach,,,15:21,4.0,10.0,0.4,0.0,0.0,0.0,0.0,0.0,0.0,3.0,2.0,5.0,1.0,0.0,1.0,1.0,1.0,8.0,2.0
0020200777,1610612757,POR,Portland,2417,Qyntel Woods,Qyntel,,,10:14,5.0,7.0,0.714,0.0,0.0,0.0,0.0,1.0,0.0,0.0,0.0,0.0,0.0,1.0,0.0,2.0,1.0,10.0,-4.0
0020200777,1610612757,POR,Portland,757,Damon Stoudamire,Damon,F,,16:35,1.0,5.0,0.2,0.0,0.0,0.0,0.0,0.0,0.0,1.0,2.0,3.0,3.0,0.0,0.0,3.0,1.0,2.0,-1.0
0020200777,1610612757,POR,Portland,1357,,,, ,,,,,,,,,,,,,,,,,,,,
0020200777,1610612757,POR,Portland,1312,,,, ,,,,,,,,,,,,,,,,,,,,
0020200777,1610612757,POR,Portland,1329,,,, ,,,,,,,,,,,,,,,,,,,,
0020200777,1610612757,POR,Portland,2342,,,, ,,,,,,,,,,,,,,,,,,,,
0020200777,1610612757,POR,Portland,2374,,,, ,,,,,,,,,,,,,,,,,,,,
0020200779,1610612749,MIL,Milwaukee,1501,Tim Thomas,Tim,F,,32:17,7.0,15.0,0.467,2.0,6.0,0.333,0.0,0.0,0.0,0.0,3.0,3.0,1.0,0.0,0.0,0.0,6.0,16.0,-6.0
0020200779,1610612749,MIL,Milwaukee,679,Jason Caffey,Jason,G,,27:42,3.0,5.0,0.6,0.0,0.0,0.0,1.0,3.0,0.333,2.0,3.0,5.0,0.0,0.0,0.0,2.0,2.0,7.0,-1.0
0020200779,1610612749,MIL,Milwaukee,193,Anthony Mason,Anthony,F,,31:50,4.0,6.0,0.667,0.0,0.0,0.0,0.0,0.0,0.0,1.0,6.0,7.0,3.0,2.0,0.0,2.0,3.0,8.0,3.0
0020200779,1610612749,MIL,Milwaukee,208,Sam Cassell,Sam,G,,35:35,8.0,19.0,0.421,1.0,4.0,0.25,4.0,4.0,1.0,2.0,1.0,3.0,5.0,0.0,0.0,1.0,1.0,21.0,0.0
0020200779,1610612749,MIL,Milwaukee,951,Ray Allen,Ray,G,,41:02,7.0,14.0,0.5,3.0,6.0,0.5,2.0,2.0,1.0,1.0,5.0,6.0,9.0,1.0,0.0,4.0,4.0,19.0,-6.0
0020200779,1610612749,MIL,Milwaukee,911,Ervin Johnson,Ervin,F,,8:50,1.0,1.0,1.0,0.0,0.0,0.0,0.0,0.0,0.0,0.0,1.0,1.0,0.0,1.0,0.0,1.0,2.0,2.0,-11.0
0020200779,1610612749,MIL,Milwaukee,389,Toni Kukoc,Toni,G,,23:06,3.0,8.0,0.375,1.0,4.0,0.25,2.0,2.0,1.0,0.0,1.0,1.0,1.0,2.0,0.0,1.0,4.0,9.0,-6.0
0020200779,1610612749,MIL,Milwaukee,2072,Michael Redd,Michael,G,,26:35,6.0,12.0,0.5,3.0,7.0,0.429,3.0,3.0,1.0,5.0,6.0,11.0,1.0,1.0,0.0,1.0,0.0,18.0,3.0
0020200779,1610612749,MIL,Milwaukee,1563,Kevin Ollie,Kevin,G,,13:03,1.0,2.0,0.5,0.0,0.0,0.0,2.0,2.0,1.0,0.0,0.0,0.0,2.0,0.0,1.0,0.0,2.0,4.0,-6.0
0020200779,1610612749,MIL,Milwaukee,2157,,,, ,,,,,,,,,,,,,,,,,,,,
0020200779,1610612749,MIL,Milwaukee,2517,,,, ,,,,,,,,,,,,,,,,,,,,
0020200779,1610612749,MIL,Milwaukee,1334,,,, ,,,,,,,,,,,,,,,,,,,,
0020200779,1610612749,MIL,Milwaukee,1355,,,, ,,,,,,,,,,,,,,,,,,,,
0020200779,1610612749,MIL,Milwaukee,1796,,,, ,,,,,,,,,,,,,,,,,,,,
0020200779,1610612749,MIL,Milwaukee,2429,Dan Gadzuric,Dan,,DNP - Coach's Decision,,,,,,,,,,,,,,,,,,,,
0020200779,1610612749,MIL,Milwaukee,2409,Marcus Haislip,Marcus,,DNP - Coach's Decision,,,,,,,,,,,,,,,,,,,,
0020200779,1610612749,MIL,Milwaukee,2441,Jamal Sampson,Jamal,,DNP - Coach's Decision,,,,,,,,,,,,,,,,,,,,
0020200779,1610612746,LAC,Los Angeles,1885,Lamar Odom,Lamar,G,,29:19,5.0,13.0,0.385,1.0,1.0,1.0,2.0,4.0,0.5,1.0,4.0,5.0,0.0,1.0,1.0,2.0,2.0,13.0,-1.0
0020200779,1610612746,LAC,Los Angeles,1882,Elton Brand,Elton,G,,36:48,8.0,17.0,0.471,0.0,0.0,0.0,4.0,7.0,0.571,3.0,6.0,9.0,4.0,3.0,1.0,1.0,0.0,20.0,5.0
0020200779,1610612746,LAC,Los Angeles,399,Sean Rooks,Sean,F,,17:02,2.0,4.0,0.5,0.0,0.0,0.0,0.0,0.0,0.0,1.0,6.0,7.0,1.0,0.0,1.0,1.0,1.0,4.0,2.0
0020200779,1610612746,LAC,Los Angeles,1889,Andre Miller,Andre,G,,36:47,3.0,6.0,0.5,0.0,1.0,0.0,0.0,0.0,0.0,2.0,4.0,6.0,11.0,0.0,0.0,0.0,2.0,6.0,7.0
0020200779,1610612746,LAC,Los Angeles,1894,Corey Maggette,Corey,G,,32:59,10.0,20.0,0.5,0.0,3.0,0.0,3.0,5.0,0.6,1.0,3.0,4.0,4.0,1.0,1.0,2.0,3.0,23.0,8.0
0020200779,1610612746,LAC,Los Angeles,2408,Melvin Ely,Melvin,G,,22:30,4.0,8.0,0.5,0.0,0.0,0.0,4.0,4.0,1.0,3.0,4.0,7.0,1.0,0.0,1.0,2.0,2.0,12.0,1.0
0020200779,1610612746,LAC,Los Angeles,2060,Marko Jaric,Marko,G,,22:52,3.0,5.0,0.6,1.0,1.0,1.0,4.0,4.0,1.0,1.0,0.0,1.0,6.0,0.0,0.0,1.0,1.0,11.0,2.0
0020200779,1610612746,LAC,Los Angeles,15,Eric Piatkowski,Eric,F,,24:00,4.0,7.0,0.571,1.0,2.0,0.5,4.0,4.0,1.0,1.0,0.0,1.0,2.0,1.0,1.0,1.0,2.0,13.0,4.0
0020200779,1610612746,LAC,Los Angeles,685,Cherokee Parks,Cherokee,G,,17:43,4.0,5.0,0.8,0.0,0.0,0.0,0.0,0.0,0.0,3.0,5.0,8.0,0.0,0.0,0.0,0.0,1.0,8.0,2.0
0020200779,1610612746,LAC,Los Angeles,1996,,,, ,,,,,,,,,,,,,,,,,,,,
0020200779,1610612746,LAC,Los Angeles,2010,,,, ,,,,,,,,,,,,,,,,,,,,
0020200779,1610612746,LAC,Los Angeles,1210,,,, ,,,,,,,,,,,,,,,,,,,,
0020200779,1610612746,LAC,Los Angeles,1243,,,, ,,,,,,,,,,,,,,,,,,,,
0020200779,1610612746,LAC,Los Angeles,2166,,,, ,,,,,,,,,,,,,,,,,,,,
0020200779,1610612746,LAC,Los Angeles,1672,,,, ,,,,,,,,,,,,,,,,,,,,
0020200779,1610612746,LAC,Los Angeles,2039,Keyon Dooling,Keyon,,DND - Sprained left arch.,,,,,,,,,,,,,,,,,,,,
0020200779,1610612746,LAC,Los Angeles,2047,Quentin Richardson,Quentin,,DND - Common cold.,,,,,,,,,,,,,,,,,,,,
0020200779,1610612746,LAC,Los Angeles,2404,Chris Wilcox,Chris,,DNP - Coach's Decision,,,,,,,,,,,,,,,,,,,,
0020200771,1610612765,DET,Detroit,688,Michael Curry,Michael,F,,15:37,0.0,0.0,0.0,0.0,0.0,0.0,0.0,0.0,0.0,0.0,0.0,0.0,0.0,0.0,0.0,0.0,1.0,0.0,-14.0
0020200771,1610612765,DET,Detroit,1112,Ben Wallace,Ben,F,,43:21,4.0,11.0,0.364,0.0,1.0,0.0,0.0,0.0,0.0,4.0,7.0,11.0,4.0,0.0,4.0,0.0,3.0,8.0,2.0
0020200771,1610612765,DET,Detroit,361,Clifford Robinson,Clifford,C,,36:20,5.0,17.0,0.294,0.0,3.0,0.0,3.0,4.0,0.75,2.0,1.0,3.0,3.0,1.0,1.0,2.0,2.0,13.0,-8.0
0020200771,1610612765,DET,Detroit,1888,Richard Hamilton,Richard,G,,18:25,1.0,9.0,0.111,0.0,1.0,0.0,2.0,2.0,1.0,0.0,1.0,1.0,0.0,1.0,0.0,1.0,0.0,4.0,-15.0
0020200771,1610612765,DET,Detroit,1497,Chauncey Billups,Chauncey,G,,26:44,5.0,13.0,0.385,1.0,3.0,0.333,7.0,7.0,1.0,0.0,4.0,4.0,1.0,2.0,0.0,0.0,0.0,18.0,-6.0
0020200771,1610612765,DET,Detroit,722,Corliss Williamson,Corliss,F,,29:20,6.0,14.0,0.429,0.0,0.0,0.0,4.0,5.0,0.8,1.0,5.0,6.0,4.0,1.0,0.0,0.0,3.0,16.0,22.0
0020200771,1610612765,DET,Detroit,468,Jon Barry,Jon,G,,32:39,4.0,10.0,0.4,1.0,3.0,0.333,1.0,1.0,1.0,0.0,3.0,3.0,2.0,0.0,0.0,0.0,2.0,10.0,19.0
0020200771,1610612765,DET,Detroit,1088,Chucky Atkins,Chucky,G,,21:16,5.0,7.0,0.714,2.0,3.0,0.667,0.0,0.0,0.0,1.0,3.0,4.0,3.0,0.0,0.0,0.0,2.0,12.0,11.0
0020200771,1610612765,DET,Detroit,2246,Mehmet Okur,Mehmet,C,,16:18,3.0,7.0,0.429,1.0,3.0,0.333,1.0,1.0,1.0,2.0,4.0,6.0,1.0,1.0,0.0,1.0,3.0,8.0,14.0
0020200771,1610612765,DET,Detroit,2167,,,, ,,,,,,,,,,,,,,,,,,,,
0020200771,1610612765,DET,Detroit,1655,,,, ,,,,,,,,,,,,,,,,,,,,
0020200771,1610612765,DET,Detroit,1247,,,, ,,,,,,,,,,,,,,,,,,,,
0020200771,1610612765,DET,Detroit,1311,,,, ,,,,,,,,,,,,,,,,,,,,
0020200771,1610612765,DET,Detroit,1320,,,, ,,,,,,,,,,,,,,,,,,,,
0020200771,1610612765,DET,Detroit,93,Hubert Davis,Hubert,,DNP - Coach's Decision,,,,,,,,,,,,,,,,,,,,
0020200771,1610612765,DET,Detroit,330,Danny Manning,Danny,,DNP - Coach's Decision,,,,,,,,,,,,,,,,,,,,
0020200771,1610612765,DET,Detroit,2419,Tayshaun Prince,Tayshaun,,DNP - Coach's Decision,,,,,,,,,,,,,,,,,,,,
0020200771,1610612761,TOR,Toronto,2050,Morris Peterson,Morris,F,,36:01,9.0,16.0,0.563,1.0,2.0,0.5,1.0,1.0,1.0,1.0,2.0,3.0,1.0,0.0,0.0,0.0,4.0,20.0,-1.0
0020200771,1610612761,TOR,Toronto,966,Jerome Williams,Jerome,F,,33:28,3.0,7.0,0.429,0.0,0.0,0.0,2.0,5.0,0.4,4.0,13.0,17.0,1.0,0.0,0.0,2.0,4.0,8.0,-1.0
0020200771,1610612761,TOR,Toronto,213,Antonio Davis,Antonio,F,,40:25,6.0,11.0,0.545,0.0,0.0,0.0,3.0,4.0,0.75,2.0,8.0,10.0,1.0,1.0,3.0,4.0,1.0,15.0,4.0
0020200771,1610612761,TOR,Toronto,1713,Vince Carter,Vince,G,,39:22,7.0,17.0,0.412,0.0,1.0,0.0,2.0,2.0,1.0,0.0,6.0,6.0,8.0,1.0,4.0,2.0,4.0,16.0,12.0
0020200771,1610612761,TOR,Toronto,1541,Alvin Williams,Alvin,G,,36:49,6.0,16.0,0.375,1.0,1.0,1.0,0.0,0.0,0.0,1.0,4.0,5.0,9.0,0.0,0.0,1.0,2.0,13.0,5.0
0020200771,1610612761,TOR,Toronto,1747,Rafer Alston,Rafer,G,,11:12,0.0,4.0,0.0,0.0,2.0,0.0,2.0,2.0,1.0,0.0,0.0,0.0,1.0,0.0,1.0,2.0,3.0,2.0,-12.0
0020200771,1610612761,TOR,Toronto,1741,Jelani McCoy,Jelani,C,,20:29,3.0,4.0,0.75,0.0,0.0,0.0,2.0,2.0,1.0,3.0,4.0,7.0,0.0,0.0,1.0,2.0,3.0,8.0,-6.0
0020200771,1610612761,TOR,Toronto,702,Voshon Lenard,Voshon,G,,20:51,1.0,5.0,0.2,0.0,1.0,0.0,0.0,0.0,0.0,0.0,0.0,0.0,0.0,0.0,0.0,0.0,0.0,2.0,-21.0
0020200771,1610612761,TOR,Toronto,1766,Maceo Baston,Maceo,,,1:23,0.0,0.0,0.0,0.0,0.0,0.0,0.0,0.0,0.0,0.0,0.0,0.0,0.0,0.0,0.0,0.0,1.0,0.0,-5.0
0020200771,1610612761,TOR,Toronto,2162,,,, ,,,,,,,,,,,,,,,,,,,,
0020200771,1610612761,TOR,Toronto,1205,,,, ,,,,,,,,,,,,,,,,,,,,
0020200771,1610612761,TOR,Toronto,1206,,,, ,,,,,,,,,,,,,,,,,,,,
0020200771,1610612761,TOR,Toronto,1344,,,, ,,,,,,,,,,,,,,,,,,,,
0020200771,1610612761,TOR,Toronto,2395,,,, ,,,,,,,,,,,,,,,,,,,,
0020200771,1610612761,TOR,Toronto,2472,,,, ,,,,,,,,,,,,,,,,,,,,
0020200771,1610612761,TOR,Toronto,2214,Michael Bradley,Michael,,DNP - Coach's Decision,,,,,,,,,,,,,,,,,,,,
0020200771,1610612761,TOR,Toronto,283,Lindsey Hunter,Lindsey,,DND - Sore Lower Back,,,,,,,,,,,,,,,,,,,,
0020200771,1610612761,TOR,Toronto,2423,Chris Jefferies,Chris,,DNP - Coach's Decision,,,,,,,,,,,,,,,,,,,,
0020200771,1610612761,TOR,Toronto,2055,Mamadou N'diaye,Mamadou,,DND - Stress Fracture; Right Heel,,,,,,,,,,,,,,,,,,,,
0020200776,1610612755,PHI,Philadelphia,1496,Keith Van Horn,Keith,F,,32:07,9.0,16.0,0.563,2.0,4.0,0.5,2.0,4.0,0.5,2.0,6.0,8.0,4.0,0.0,0.0,2.0,3.0,22.0,33.0
0020200776,1610612755,PHI,Philadelphia,1903,Kenny Thomas,Kenny,G,,40:18,9.0,11.0,0.818,0.0,0.0,0.0,2.0,5.0,0.4,4.0,10.0,14.0,2.0,3.0,2.0,2.0,3.0,20.0,17.0
0020200776,1610612755,PHI,Philadelphia,934,Derrick Coleman,Derrick,C,,24:53,2.0,8.0,0.25,1.0,1.0,1.0,3.0,4.0,0.75,3.0,5.0,8.0,2.0,2.0,0.0,0.0,5.0,8.0,21.0
0020200776,1610612755,PHI,Philadelphia,947,Allen Iverson,Allen,G,,40:23,12.0,24.0,0.5,0.0,1.0,0.0,4.0,7.0,0.571,3.0,5.0,8.0,9.0,1.0,0.0,2.0,1.0,28.0,22.0
0020200776,1610612755,PHI,Philadelphia,727,Eric Snow,Eric,G,,36:55,4.0,10.0,0.4,0.0,1.0,0.0,2.0,4.0,0.5,0.0,2.0,2.0,9.0,5.0,0.0,3.0,5.0,10.0,29.0
0020200776,1610612755,PHI,Philadelphia,42,Monty Williams,Monty,G,,14:13,4.0,4.0,1.0,0.0,0.0,0.0,1.0,1.0,1.0,0.0,1.0,1.0,0.0,0.0,0.0,0.0,3.0,9.0,11.0
0020200776,1610612755,PHI,Philadelphia,243,Aaron McKie,Aaron,F,,17:06,0.0,3.0,0.0,0.0,0.0,0.0,0.0,0.0,0.0,0.0,5.0,5.0,0.0,1.0,0.0,3.0,1.0,0.0,9.0
0020200776,1610612755,PHI,Philadelphia,1761,Greg Buckner,Greg,G,,15:37,3.0,8.0,0.375,0.0,1.0,0.0,2.0,3.0,0.667,1.0,0.0,1.0,2.0,0.0,0.0,1.0,1.0,8.0,10.0
0020200776,1610612755,PHI,Philadelphia,2422,John Salmons,John,,,5:32,2.0,3.0,0.667,1.0,2.0,0.5,0.0,0.0,0.0,0.0,0.0,0.0,1.0,0.0,0.0,1.0,1.0,5.0,-2.0
0020200776,1610612755,PHI,Philadelphia,981,Efthimios Rentzias,Efthimios,G,,9:18,0.0,2.0,0.0,0.0,0.0,0.0,0.0,0.0,0.0,0.0,1.0,1.0,2.0,2.0,0.0,1.0,1.0,0.0,-7.0
0020200776,1610612755,PHI,Philadelphia,2261,Kenny Satterfield,Kenny,,,3:39,0.0,0.0,0.0,0.0,0.0,0.0,0.0,0.0,0.0,0.0,0.0,0.0,0.0,0.0,0.0,0.0,0.0,0.0,-3.0
0020200776,1610612755,PHI,Philadelphia,2389,,,, ,,,,,,,,,,,,,,,,,,,,
0020200776,1610612755,PHI,Philadelphia,1212,,,, ,,,,,,,,,,,,,,,,,,,,
0020200776,1610612755,PHI,Philadelphia,2520,,,, ,,,,,,,,,,,,,,,,,,,,
0020200776,1610612755,PHI,Philadelphia,1259,,,, ,,,,,,,,,,,,,,,,,,,,
0020200776,1610612755,PHI,Philadelphia,1285,,,, ,,,,,,,,,,,,,,,,,,,,
0020200776,1610612755,PHI,Philadelphia,1308,,,, ,,,,,,,,,,,,,,,,,,,,
0020200776,1610612755,PHI,Philadelphia,1865,,,, ,,,,,,,,,,,,,,,,,,,,
0020200776,1610612755,PHI,Philadelphia,1730,Brian Skinner,Brian,,DND - Abdominal Pain,,,,,,,,,,,,,,,,,,,,
0020200776,1610612741,CHI,Chicago,1944,Eddie Robinson,Eddie,F,,18:03,0.0,4.0,0.0,0.0,1.0,0.0,0.0,0.0,0.0,1.0,1.0,2.0,2.0,1.0,0.0,1.0,3.0,0.0,-17.0
0020200776,1610612741,CHI,Chicago,923,Donyell Marshall,Donyell,F,,20:22,3.0,6.0,0.5,0.0,0.0,0.0,0.0,1.0,0.0,1.0,5.0,6.0,1.0,0.0,0.0,3.0,2.0,6.0,-15.0
0020200776,1610612741,CHI,Chicago,2199,Tyson Chandler,Tyson,G,,34:48,7.0,12.0,0.583,0.0,0.0,0.0,2.0,3.0,0.667,7.0,6.0,13.0,4.0,1.0,0.0,3.0,1.0,16.0,-30.0
0020200776,1610612741,CHI,Chicago,147,Jalen Rose,Jalen,G,,39:18,7.0,20.0,0.35,0.0,4.0,0.0,6.0,6.0,1.0,1.0,3.0,4.0,5.0,1.0,1.0,6.0,5.0,20.0,-32.0
0020200776,1610612741,CHI,Chicago,2398,Jay Williams,Jay,G,,25:01,3.0,13.0,0.231,0.0,3.0,0.0,5.0,6.0,0.833,1.0,4.0,5.0,1.0,1.0,0.0,4.0,5.0,11.0,-11.0
0020200776,1610612741,CHI,Chicago,2239,Trenton Hassell,Trenton,F,,22:43,1.0,3.0,0.333,0.0,0.0,0.0,0.0,0.0,0.0,0.0,3.0,3.0,3.0,0.0,0.0,1.0,3.0,2.0,-2.0
0020200776,1610612741,CHI,Chicago,2037,Jamal Crawford,Jamal,C,,28:23,1.0,9.0,0.111,0.0,3.0,0.0,0.0,0.0,0.0,0.0,3.0,3.0,5.0,0.0,1.0,2.0,2.0,2.0,-19.0
0020200776,1610612741,CHI,Chicago,2437,Lonny Baxter,Lonny,F,,16:48,6.0,10.0,0.6,0.0,0.0,0.0,3.0,4.0,0.75,2.0,2.0,4.0,0.0,0.0,0.0,1.0,3.0,15.0,4.0
0020200776,1610612741,CHI,Chicago,2201,Eddy Curry,Eddy,G,,24:02,4.0,7.0,0.571,0.0,0.0,0.0,2.0,5.0,0.4,5.0,4.0,9.0,0.0,0.0,3.0,3.0,3.0,10.0,-15.0
0020200776,1610612741,CHI,Chicago,697,Fred Hoiberg,Fred,,,4:01,0.0,0.0,0.0,0.0,0.0,0.0,0.0,0.0,0.0,1.0,0.0,1.0,0.0,0.0,0.0,0.0,0.0,0.0,4.0
0020200776,1610612741,CHI,Chicago,1594,Rick Brunson,Rick,,,6:31,0.0,1.0,0.0,0.0,0.0,0.0,0.0,0.0,0.0,0.0,0.0,0.0,2.0,0.0,0.0,0.0,0.0,0.0,-7.0
0020200776,1610612741,CHI,Chicago,1780,,,, ,,,,,,,,,,,,,,,,,,,,
0020200776,1610612741,CHI,Chicago,1220,,,, ,,,,,,,,,,,,,,,,,,,,
0020200776,1610612741,CHI,Chicago,1254,,,, ,,,,,,,,,,,,,,,,,,,,
0020200776,1610612741,CHI,Chicago,2394,,,, ,,,,,,,,,,,,,,,,,,,,
0020200776,1610612741,CHI,Chicago,2510,,,, ,,,,,,,,,,,,,,,,,,,,
0020200776,1610612741,CHI,Chicago,916,Corie Blount,Corie,,DNP - Coach's Decision,,,,,,,,,,,,,,,,,,,,
0020200773,1610612750,MIN,Minnesota,1887,Wally Szczerbiak,Wally,F,,41:18,9.0,20.0,0.45,0.0,2.0,0.0,6.0,10.0,0.6,1.0,4.0,5.0,2.0,2.0,0.0,1.0,2.0,24.0,8.0
0020200773,1610612750,MIN,Minnesota,708,Kevin Garnett,Kevin,G,,39:44,8.0,17.0,0.471,0.0,0.0,0.0,9.0,12.0,0.75,2.0,12.0,14.0,3.0,2.0,2.0,2.0,5.0,25.0,6.0
0020200773,1610612750,MIN,Minnesota,1725,Rasho Nesterovic,Rasho,G,,34:44,3.0,9.0,0.333,0.0,0.0,0.0,1.0,2.0,0.5,2.0,7.0,9.0,2.0,0.0,5.0,3.0,4.0,7.0,-1.0
0020200773,1610612750,MIN,Minnesota,1607,Troy Hudson,Troy,G,,32:10,0.0,5.0,0.0,0.0,1.0,0.0,7.0,7.0,1.0,1.0,3.0,4.0,7.0,0.0,0.0,1.0,3.0,7.0,0.0
0020200773,1610612750,MIN,Minnesota,324,Anthony Peeler,Anthony,G,,22:55,3.0,7.0,0.429,1.0,2.0,0.5,0.0,0.0,0.0,0.0,2.0,2.0,2.0,1.0,1.0,0.0,0.0,7.0,-6.0
0020200773,1610612750,MIN,Minnesota,383,Kendall Gill,Kendall,F,,28:23,3.0,6.0,0.5,0.0,0.0,0.0,0.0,0.0,0.0,1.0,0.0,1.0,0.0,1.0,0.0,2.0,1.0,6.0,12.0
0020200773,1610612750,MIN,Minnesota,2366,Mike Wilks,Mike,G,,15:50,2.0,3.0,0.667,1.0,2.0,0.5,0.0,0.0,0.0,0.0,0.0,0.0,8.0,1.0,0.0,0.0,0.0,5.0,8.0
0020200773,1610612750,MIN,Minnesota,1531,Marc Jackson,Marc,F,,9:28,1.0,1.0,1.0,0.0,0.0,0.0,0.0,0.0,0.0,0.0,2.0,2.0,0.0,1.0,0.0,2.0,1.0,2.0,5.0
0020200773,1610612750,MIN,Minnesota,718,Gary Trent,Gary,C,,15:28,1.0,4.0,0.25,0.0,0.0,0.0,0.0,0.0,0.0,1.0,5.0,6.0,2.0,2.0,1.0,0.0,0.0,2.0,8.0
0020200773,1610612750,MIN,Minnesota,847,,,, ,,,,,,,,,,,,,,,,,,,,
0020200773,1610612750,MIN,Minnesota,1289,,,, ,,,,,,,,,,,,,,,,,,,,
0020200773,1610612750,MIN,Minnesota,1290,,,, ,,,,,,,,,,,,,,,,,,,,
0020200773,1610612750,MIN,Minnesota,1291,,,, ,,,,,,,,,,,,,,,,,,,,
0020200773,1610612750,MIN,Minnesota,2146,,,, ,,,,,,,,,,,,,,,,,,,,
0020200773,1610612750,MIN,Minnesota,2159,,,, ,,,,,,,,,,,,,,,,,,,,
0020200773,1610612750,MIN,Minnesota,2080,Igor Rakocevic,Igor,,DNP - Coach's Decision,,,,,,,,,,,,,,,,,,,,
0020200773,1610612750,MIN,Minnesota,693,Joe Smith,Joe,,DND - INJ - Sprained Right Ankle,,,,,,,,,,,,,,,,,,,,
0020200773,1610612750,MIN,Minnesota,2254,Loren Woods,Loren,,DNP - Coach's Decision,,,,,,,,,,,,,,,,,,,,
0020200773,1610612743,DEN,Denver,436,Juwan Howard,Juwan,F,,39:38,7.0,21.0,0.333,0.0,0.0,0.0,3.0,4.0,0.75,2.0,9.0,11.0,5.0,0.0,0.0,1.0,5.0,17.0,-11.0
0020200773,1610612743,DEN,Denver,1763,Ryan Bowen,Ryan,F,,25:13,1.0,4.0,0.25,0.0,1.0,0.0,0.0,0.0,0.0,6.0,3.0,9.0,4.0,0.0,0.0,0.0,2.0,2.0,-1.0
0020200773,1610612743,DEN,Denver,2403,Nene Hilario,Nene,G,,30:26,3.0,12.0,0.25,0.0,0.0,0.0,2.0,4.0,0.5,2.0,3.0,5.0,3.0,1.0,0.0,4.0,4.0,8.0,3.0
0020200773,1610612743,DEN,Denver,2428,Vincent Yarbrough,Vincent,G,,27:31,7.0,11.0,0.636,2.0,2.0,1.0,2.0,2.0,1.0,0.0,2.0,2.0,4.0,0.0,1.0,2.0,4.0,18.0,5.0
0020200773,1610612743,DEN,Denver,2454,Junior Harrington,Junior,G,,30:41,2.0,8.0,0.25,0.0,0.0,0.0,1.0,2.0,0.5,3.0,3.0,6.0,3.0,1.0,0.0,3.0,2.0,5.0,3.0
0020200773,1610612743,DEN,Denver,2206,Rodney White,Rodney,G,,20:29,5.0,14.0,0.357,0.0,1.0,0.0,1.0,2.0,0.5,1.0,3.0,4.0,1.0,0.0,1.0,4.0,3.0,11.0,-13.0
0020200773,1610612743,DEN,Denver,2365,Chris Andersen,Chris,F,,15:51,5.0,8.0,0.625,0.0,0.0,0.0,1.0,3.0,0.333,3.0,5.0,8.0,0.0,2.0,2.0,0.0,0.0,11.0,-5.0
0020200773,1610612743,DEN,Denver,43,Chris Whitney,Chris,F,,17:19,0.0,0.0,0.0,0.0,0.0,0.0,0.0,0.0,0.0,0.0,2.0,2.0,3.0,0.0,0.0,0.0,1.0,0.0,-11.0
0020200773,1610612743,DEN,Denver,2401,Nikoloz Tskitishvili,Nikoloz,G,,22:47,1.0,5.0,0.2,1.0,4.0,0.25,0.0,0.0,0.0,0.0,1.0,1.0,1.0,0.0,0.0,1.0,1.0,3.0,-7.0
0020200773,1610612743,DEN,Denver,1548,Mark Blount,Mark,G,,10:05,1.0,4.0,0.25,0.0,0.0,0.0,0.0,0.0,0.0,4.0,3.0,7.0,1.0,0.0,1.0,1.0,2.0,2.0,-3.0
0020200773,1610612743,DEN,Denver,2015,,,, ,,,,,,,,,,,,,,,,,,,,
0020200773,1610612743,DEN,Denver,2379,,,, ,,,,,,,,,,,,,,,,,,,,
0020200773,1610612743,DEN,Denver,1216,,,, ,,,,,,,,,,,,,,,,,,,,
0020200773,1610612743,DEN,Denver,1240,,,, ,,,,,,,,,,,,,,,,,,,,
0020200773,1610612743,DEN,Denver,1279,,,, ,,,,,,,,,,,,,,,,,,,,
0020200773,1610612743,DEN,Denver,2512,,,, ,,,,,,,,,,,,,,,,,,,,
0020200773,1610612743,DEN,Denver,2513,,,, ,,,,,,,,,,,,,,,,,,,,
0020200773,1610612743,DEN,Denver,948,Marcus Camby,Marcus,,DND - INJ - Sprained Right Ankle/Foot,,,,,,,,,,,,,,,,,,,,
0020200773,1610612743,DEN,Denver,2051,Donnell Harvey,Donnell,,DNP - Coach's Decision,,,,,,,,,,,,,,,,,,,,
0020200774,1610612747,LAL,Los Angeles,296,Rick Fox,Rick,F,,32:31,4.0,11.0,0.364,3.0,8.0,0.375,0.0,0.0,0.0,0.0,3.0,3.0,1.0,0.0,1.0,1.0,2.0,11.0,-5.0
0020200774,1610612747,LAL,Los Angeles,2098,Slava Medvedenko,Slava,F,,18:18,1.0,4.0,0.25,0.0,0.0,0.0,0.0,0.0,0.0,2.0,3.0,5.0,1.0,1.0,1.0,1.0,3.0,2.0,1.0
0020200774,1610612747,LAL,Los Angeles,955,Samaki Walker,Samaki,C,,7:52,1.0,1.0,1.0,0.0,0.0,0.0,0.0,0.0,0.0,1.0,1.0,2.0,1.0,0.0,0.0,0.0,0.0,2.0,0.0
0020200774,1610612747,LAL,Los Angeles,965,Derek Fisher,Derek,G,,31:11,3.0,12.0,0.25,2.0,5.0,0.4,8.0,8.0,1.0,2.0,3.0,5.0,4.0,0.0,1.0,0.0,2.0,16.0,-7.0
0020200774,1610612747,LAL,Los Angeles,977,Kobe Bryant,Kobe,G,,39:31,15.0,29.0,0.517,4.0,6.0,0.667,6.0,9.0,0.667,1.0,5.0,6.0,1.0,1.0,0.0,3.0,2.0,40.0,2.0
0020200774,1610612747,LAL,Los Angeles,2058,Mark Madsen,Mark,F,,22:28,3.0,4.0,0.75,0.0,0.0,0.0,1.0,2.0,0.5,1.0,3.0,4.0,1.0,0.0,2.0,0.0,5.0,7.0,12.0
0020200774,1610612747,LAL,Los Angeles,216,Brian Shaw,Brian,F,,16:49,2.0,4.0,0.5,0.0,1.0,0.0,0.0,0.0,0.0,0.0,3.0,3.0,3.0,0.0,2.0,2.0,0.0,4.0,13.0
0020200774,1610612747,LAL,Los Angeles,109,Robert Horry,Robert,G,,37:34,1.0,3.0,0.333,0.0,1.0,0.0,2.0,2.0,1.0,0.0,3.0,3.0,1.0,5.0,0.0,0.0,4.0,4.0,6.0
0020200774,1610612747,LAL,Los Angeles,1904,Devean George,Devean,F,,23:24,1.0,5.0,0.2,0.0,2.0,0.0,2.0,2.0,1.0,2.0,4.0,6.0,1.0,1.0,1.0,1.0,1.0,4.0,9.0
0020200774,1610612747,LAL,Los Angeles,2416,Kareem Rush,Kareem,G,,8:29,1.0,1.0,1.0,1.0,1.0,1.0,0.0,0.0,0.0,0.0,0.0,0.0,2.0,0.0,0.0,0.0,0.0,3.0,4.0
0020200774,1610612747,LAL,Los Angeles,145,Tracy Murray,Tracy,,,1:53,0.0,0.0,0.0,0.0,0.0,0.0,0.0,0.0,0.0,0.0,0.0,0.0,0.0,0.0,0.0,1.0,2.0,0.0,-5.0
0020200774,1610612747,LAL,Los Angeles,1219,,,, ,,,,,,,,,,,,,,,,,,,,
0020200774,1610612747,LAL,Los Angeles,1221,,,, ,,,,,,,,,,,,,,,,,,,,
0020200774,1610612747,LAL,Los Angeles,1223,,,, ,,,,,,,,,,,,,,,,,,,,
0020200774,1610612747,LAL,Los Angeles,1230,,,, ,,,,,,,,,,,,,,,,,,,,
0020200774,1610612747,LAL,Los Angeles,1272,,,, ,,,,,,,,,,,,,,,,,,,,
0020200774,1610612747,LAL,Los Angeles,1273,,,, ,,,,,,,,,,,,,,,,,,,,
0020200774,1610612747,LAL,Los Angeles,406,Shaquille O'Neal,Shaquille,,DNP - NWT Sore Left Knee,,,,,,,,,,,,,,,,,,,,
0020200774,1610612762,UTA,Utah,1723,Matt Harpring,Matt,F,,35:51,8.0,11.0,0.727,1.0,2.0,0.5,4.0,6.0,0.667,2.0,3.0,5.0,2.0,1.0,0.0,2.0,5.0,21.0,6.0
0020200774,1610612762,UTA,Utah,252,Karl Malone,Karl,F,,38:41,9.0,19.0,0.474,0.0,0.0,0.0,7.0,9.0,0.778,2.0,5.0,7.0,6.0,0.0,1.0,1.0,3.0,25.0,4.0
0020200774,1610612762,UTA,Utah,731,Greg Ostertag,Greg,G,,30:03,1.0,4.0,0.25,0.0,0.0,0.0,1.0,2.0,0.5,3.0,4.0,7.0,0.0,0.0,2.0,1.0,3.0,3.0,-15.0
0020200774,1610612762,UTA,Utah,304,John Stockton,John,G,,30:07,6.0,11.0,0.545,0.0,1.0,0.0,3.0,3.0,1.0,1.0,2.0,3.0,7.0,1.0,3.0,2.0,4.0,15.0,12.0
0020200774,1610612762,UTA,Utah,384,Calbert Cheaney,Calbert,G,,28:59,1.0,6.0,0.167,0.0,0.0,0.0,1.0,4.0,0.25,3.0,1.0,4.0,2.0,3.0,0.0,1.0,4.0,3.0,15.0
0020200774,1610612762,UTA,Utah,349,Mark Jackson,Mark,F,,17:53,2.0,8.0,0.25,0.0,1.0,0.0,0.0,0.0,0.0,2.0,2.0,4.0,4.0,0.0,0.0,1.0,0.0,4.0,-18.0
0020200774,1610612762,UTA,Utah,1905,Andrei Kirilenko,Andrei,G,,25:39,2.0,8.0,0.25,0.0,2.0,0.0,0.0,0.0,0.0,0.0,4.0,4.0,0.0,0.0,3.0,3.0,3.0,4.0,-21.0
0020200774,1610612762,UTA,Utah,2052,DeShawn Stevenson,DeShawn,G,,12:52,3.0,7.0,0.429,0.0,1.0,0.0,0.0,0.0,0.0,0.0,0.0,0.0,0.0,0.0,0.0,0.0,0.0,6.0,-12.0
0020200774,1610612762,UTA,Utah,1909,Scott Padgett,Scott,G,,16:39,2.0,4.0,0.5,1.0,1.0,1.0,1.0,2.0,0.5,1.0,2.0,3.0,1.0,0.0,0.0,0.0,0.0,6.0,1.0
0020200774,1610612762,UTA,Utah,680,John Amaechi,John,,,3:16,0.0,1.0,0.0,0.0,0.0,0.0,0.0,0.0,0.0,0.0,1.0,1.0,0.0,0.0,0.0,0.0,0.0,0.0,-2.0
0020200774,1610612762,UTA,Utah,1794,,,, ,,,,,,,,,,,,,,,,,,,,
0020200774,1610612762,UTA,Utah,1228,,,, ,,,,,,,,,,,,,,,,,,,,
0020200774,1610612762,UTA,Utah,1345,,,, ,,,,,,,,,,,,,,,,,,,,
0020200774,1610612762,UTA,Utah,1347,,,, ,,,,,,,,,,,,,,,,,,,,
0020200774,1610612762,UTA,Utah,1372,,,, ,,,,,,,,,,,,,,,,,,,,
0020200774,1610612762,UTA,Utah,2306,Carlos Arroyo,Carlos,,DNP - Coach's Decision,,,,,,,,,,,,,,,,,,,,
0020200774,1610612762,UTA,Utah,763,Tony Massenburg,Tony,,DNP - NWT Death In Family,,,,,,,,,,,,,,,,,,,,
0020200782,1610612738,BOS,Boston,677,Eric Williams,Eric,G,,27:08,3.0,9.0,0.333,0.0,1.0,0.0,2.0,3.0,0.667,3.0,2.0,5.0,1.0,2.0,1.0,1.0,4.0,8.0,-14.0
0020200782,1610612738,BOS,Boston,952,Antoine Walker,Antoine,F,,42:45,5.0,17.0,0.294,1.0,8.0,0.125,4.0,6.0,0.667,1.0,5.0,6.0,6.0,2.0,0.0,4.0,3.0,15.0,-20.0
0020200782,1610612738,BOS,Boston,1499,Tony Battie,Tony,F,,17:53,2.0,4.0,0.5,0.0,0.0,0.0,0.0,0.0,0.0,1.0,3.0,4.0,0.0,1.0,1.0,0.0,3.0,4.0,-18.0
0020200782,1610612738,BOS,Boston,1718,Paul Pierce,Paul,G,,43:00,8.0,22.0,0.364,2.0,8.0,0.25,4.0,5.0,0.8,3.0,9.0,12.0,2.0,1.0,2.0,6.0,1.0,22.0,-12.0
0020200782,1610612738,BOS,Boston,2452,J.R. Bremer,J.R.,G,,24:26,1.0,4.0,0.25,0.0,3.0,0.0,2.0,2.0,1.0,1.0,2.0,3.0,3.0,1.0,0.0,0.0,0.0,4.0,-19.0
0020200782,1610612738,BOS,Boston,960,Tony Delk,Tony,F,,28:34,5.0,10.0,0.5,3.0,5.0,0.6,2.0,2.0,1.0,1.0,3.0,4.0,3.0,0.0,0.0,3.0,0.0,15.0,-13.0
0020200782,1610612738,BOS,Boston,962,Walter McCarty,Walter,G,,33:56,4.0,11.0,0.364,2.0,5.0,0.4,3.0,4.0,0.75,1.0,3.0,4.0,3.0,1.0,1.0,0.0,1.0,13.0,-5.0
0020200782,1610612738,BOS,Boston,3,Grant Long,Grant,G,,17:03,0.0,4.0,0.0,0.0,1.0,0.0,0.0,0.0,0.0,0.0,1.0,1.0,0.0,0.0,0.0,0.0,1.0,0.0,-7.0
0020200782,1610612738,BOS,Boston,2208,Kedrick Brown,Kedrick,,,5:15,1.0,2.0,0.5,0.0,0.0,0.0,0.0,0.0,0.0,0.0,2.0,2.0,0.0,0.0,0.0,0.0,1.0,2.0,-2.0
0020200782,1610612738,BOS,Boston,2345,,,, ,,,,,,,,,,,,,,,,,,,,
0020200782,1610612738,BOS,Boston,2509,,,, ,,,,,,,,,,,,,,,,,,,,
0020200782,1610612738,BOS,Boston,1639,,,, ,,,,,,,,,,,,,,,,,,,,
0020200782,1610612738,BOS,Boston,1641,,,, ,,,,,,,,,,,,,,,,,,,,
0020200782,1610612738,BOS,Boston,1213,,,, ,,,,,,,,,,,,,,,,,,,,
0020200782,1610612738,BOS,Boston,1321,,,, ,,,,,,,,,,,,,,,,,,,,
0020200782,1610612738,BOS,Boston,1875,,,, ,,,,,,,,,,,,,,,,,,,,
0020200782,1610612738,BOS,Boston,452,Vin Baker,Vin,,DNP - Coach's Decision,,,,,,,,,,,,,,,,,,,,
0020200782,1610612738,BOS,Boston,1743,Bruno Sundov,Bruno,,DNP - Coach's Decision,,,,,,,,,,,,,,,,,,,,
0020200782,1610612738,BOS,Boston,1742,Shammond Williams,Shammond,,DNP - Coach's Decision,,,,,,,,,,,,,,,,,,,,
0020200782,1610612758,SAC,Sacramento,978,Peja Stojakovic,Peja,F,,34:19,5.0,16.0,0.313,2.0,7.0,0.286,0.0,0.0,0.0,1.0,8.0,9.0,4.0,2.0,0.0,0.0,3.0,12.0,18.0
0020200782,1610612758,SAC,Sacramento,1721,Keon Clark,Keon,G,,40:49,8.0,10.0,0.8,0.0,0.0,0.0,2.0,2.0,1.0,1.0,8.0,9.0,3.0,2.0,0.0,3.0,4.0,18.0,16.0
0020200782,1610612758,SAC,Sacramento,124,Vlade Divac,Vlade,F,,22:11,6.0,8.0,0.75,0.0,1.0,0.0,4.0,6.0,0.667,1.0,4.0,5.0,2.0,2.0,1.0,3.0,2.0,16.0,19.0
0020200782,1610612758,SAC,Sacramento,57,Doug Christie,Doug,G,,42:20,6.0,9.0,0.667,3.0,4.0,0.75,3.0,3.0,1.0,2.0,6.0,8.0,9.0,3.0,0.0,5.0,1.0,18.0,21.0
0020200782,1610612758,SAC,Sacramento,1710,Mike Bibby,Mike,G,,27:36,5.0,8.0,0.625,0.0,0.0,0.0,2.0,2.0,1.0,1.0,3.0,4.0,2.0,1.0,0.0,0.0,1.0,12.0,17.0
0020200782,1610612758,SAC,Sacramento,754,Jim Jackson,Jim,G,,20:07,3.0,8.0,0.375,1.0,2.0,0.5,2.0,2.0,1.0,0.0,4.0,4.0,3.0,0.0,1.0,1.0,5.0,9.0,6.0
0020200782,1610612758,SAC,Sacramento,2045,Hedo Turkoglu,Hedo,F,,20:24,4.0,9.0,0.444,2.0,3.0,0.667,0.0,0.0,0.0,2.0,5.0,7.0,2.0,0.0,0.0,1.0,1.0,10.0,5.0
0020200782,1610612758,SAC,Sacramento,1517,Bobby Jackson,Bobby,G,,22:59,2.0,8.0,0.25,0.0,2.0,0.0,2.0,2.0,1.0,0.0,3.0,3.0,3.0,1.0,0.0,2.0,1.0,6.0,5.0
0020200782,1610612758,SAC,Sacramento,2222,Gerald Wallace,Gerald,,,3:05,0.0,0.0,0.0,0.0,0.0,0.0,0.0,0.0,0.0,0.0,0.0,0.0,0.0,0.0,0.0,0.0,1.0,0.0,1.0
0020200782,1610612758,SAC,Sacramento,1800,Damon Jones,Damon,,,3:05,0.0,0.0,0.0,0.0,0.0,0.0,0.0,0.0,0.0,0.0,1.0,1.0,0.0,0.0,0.0,0.0,0.0,0.0,1.0
0020200782,1610612758,SAC,Sacramento,1444,Lawrence Funderburke,Lawrence,,,3:05,2.0,3.0,0.667,0.0,0.0,0.0,0.0,0.0,0.0,0.0,0.0,0.0,1.0,0.0,0.0,0.0,0.0,4.0,1.0
0020200782,1610612758,SAC,Sacramento,1248,,,, ,,,,,,,,,,,,,,,,,,,,
0020200782,1610612758,SAC,Sacramento,1249,,,, ,,,,,,,,,,,,,,,,,,,,
0020200782,1610612758,SAC,Sacramento,1322,,,, ,,,,,,,,,,,,,,,,,,,,
0020200782,1610612758,SAC,Sacramento,1328,,,, ,,,,,,,,,,,,,,,,,,,,
0020200782,1610612758,SAC,Sacramento,2522,,,, ,,,,,,,,,,,,,,,,,,,,
0020200782,1610612758,SAC,Sacramento,185,Chris Webber,Chris,,DND - sprained left ankle,,,,,,,,,,,,,,,,,,,,
0020200781,1610612759,SAS,San Antonio,1477,Bruce Bowen,Bruce,G,,36:45,1.0,3.0,0.333,0.0,1.0,0.0,0.0,0.0,0.0,0.0,1.0,1.0,0.0,0.0,1.0,0.0,2.0,2.0,1.0
0020200781,1610612759,SAS,San Antonio,1495,Tim Duncan,Tim,F,,34:24,3.0,10.0,0.3,1.0,1.0,1.0,4.0,8.0,0.5,1.0,5.0,6.0,2.0,0.0,0.0,7.0,1.0,11.0,-23.0
0020200781,1610612759,SAS,San Antonio,788,Kevin Willis,Kevin,F,,13:48,2.0,3.0,0.667,0.0,0.0,0.0,0.0,1.0,0.0,0.0,0.0,0.0,0.0,1.0,0.0,3.0,2.0,4.0,-9.0
0020200781,1610612759,SAS,San Antonio,1536,Stephen Jackson,Stephen,G,,19:50,4.0,9.0,0.444,0.0,1.0,0.0,2.0,3.0,0.667,1.0,3.0,4.0,2.0,0.0,0.0,4.0,1.0,10.0,-19.0
0020200781,1610612759,SAS,San Antonio,2225,Tony Parker,Tony,G,,34:47,5.0,9.0,0.556,2.0,3.0,0.667,1.0,2.0,0.5,2.0,4.0,6.0,1.0,1.0,0.0,2.0,6.0,13.0,-11.0
0020200781,1610612759,SAS,San Antonio,990,Malik Rose,Malik,G,,35:48,8.0,15.0,0.533,0.0,0.0,0.0,9.0,10.0,0.9,1.0,13.0,14.0,2.0,1.0,0.0,1.0,2.0,25.0,11.0
0020200781,1610612759,SAS,San Antonio,1938,Manu Ginobili,Manu,F,,29:31,4.0,9.0,0.444,0.0,1.0,0.0,3.0,3.0,1.0,0.0,3.0,3.0,4.0,3.0,0.0,1.0,4.0,11.0,3.0
0020200781,1610612759,SAS,San Antonio,70,Steve Kerr,Steve,C,,14:18,3.0,6.0,0.5,2.0,3.0,0.667,0.0,0.0,0.0,0.0,0.0,0.0,1.0,1.0,0.0,0.0,3.0,8.0,7.0
0020200781,1610612759,SAS,San Antonio,2049,Speedy Claxton,Speedy,F,,8:48,0.0,2.0,0.0,0.0,1.0,0.0,0.0,0.0,0.0,0.0,1.0,1.0,3.0,0.0,0.0,0.0,2.0,0.0,-5.0
0020200781,1610612759,SAS,San Antonio,198,Danny Ferry,Danny,G,,12:00,1.0,2.0,0.5,1.0,2.0,0.5,0.0,0.0,0.0,0.0,2.0,2.0,1.0,0.0,0.0,0.0,2.0,3.0,5.0
0020200781,1610612759,SAS,San Antonio,873,,,, ,,,,,,,,,,,,,,,,,,,,
0020200781,1610612759,SAS,San Antonio,1371,,,, ,,,,,,,,,,,,,,,,,,,,
0020200781,1610612759,SAS,San Antonio,1658,,,, ,,,,,,,,,,,,,,,,,,,,
0020200781,1610612759,SAS,San Antonio,1319,,,, ,,,,,,,,,,,,,,,,,,,,
0020200781,1610612759,SAS,San Antonio,1264,,,, ,,,,,,,,,,,,,,,,,,,,
0020200781,1610612759,SAS,San Antonio,2381,,,, ,,,,,,,,,,,,,,,,,,,,
0020200781,1610612759,SAS,San Antonio,120,Steven Smith,Steven,,DNP - Coach's Decision,,,,,,,,,,,,,,,,,,,,
0020200781,1610612742,DAL,Dallas,714,Michael Finley,Michael,G,,42:25,7.0,18.0,0.389,1.0,4.0,0.25,4.0,6.0,0.667,1.0,7.0,8.0,3.0,2.0,1.0,3.0,3.0,19.0,8.0
0020200781,1610612742,DAL,Dallas,1717,Dirk Nowitzki,Dirk,G,,37:25,7.0,17.0,0.412,2.0,9.0,0.222,6.0,8.0,0.75,1.0,5.0,6.0,1.0,2.0,2.0,1.0,4.0,22.0,14.0
0020200781,1610612742,DAL,Dallas,762,Shawn Bradley,Shawn,C,,21:48,1.0,1.0,1.0,0.0,0.0,0.0,0.0,0.0,0.0,2.0,6.0,8.0,0.0,2.0,2.0,1.0,4.0,2.0,14.0
0020200781,1610612742,DAL,Dallas,1952,Raja Bell,Raja,G,,25:06,1.0,4.0,0.25,0.0,0.0,0.0,0.0,0.0,0.0,2.0,2.0,4.0,2.0,3.0,0.0,1.0,3.0,2.0,22.0
0020200781,1610612742,DAL,Dallas,959,Steve Nash,Steve,G,,42:14,12.0,22.0,0.545,1.0,3.0,0.333,4.0,5.0,0.8,0.0,2.0,2.0,10.0,2.0,0.0,3.0,1.0,29.0,19.0
0020200781,1610612742,DAL,Dallas,89,Nick Van Exel,Nick,F,,23:48,1.0,6.0,0.167,1.0,2.0,0.5,0.0,0.0,0.0,1.0,4.0,5.0,3.0,0.0,0.0,0.0,1.0,3.0,-18.0
0020200781,1610612742,DAL,Dallas,1711,Raef LaFrentz,Raef,F,,19:47,3.0,5.0,0.6,0.0,0.0,0.0,0.0,0.0,0.0,3.0,3.0,6.0,0.0,1.0,1.0,0.0,6.0,6.0,-13.0
0020200781,1610612742,DAL,Dallas,2059,Eduardo Najera,Eduardo,C,,12:21,3.0,5.0,0.6,0.0,0.0,0.0,0.0,0.0,0.0,3.0,1.0,4.0,0.0,0.0,0.0,2.0,1.0,6.0,4.0
0020200781,1610612742,DAL,Dallas,1005,Walt Williams,Walt,G,,15:07,2.0,4.0,0.5,2.0,3.0,0.667,0.0,0.0,0.0,0.0,4.0,4.0,0.0,0.0,0.0,1.0,2.0,6.0,-10.0
0020200781,1610612742,DAL,Dallas,1233,,,, ,,,,,,,,,,,,,,,,,,,,
0020200781,1610612742,DAL,Dallas,1269,,,, ,,,,,,,,,,,,,,,,,,,,
0020200781,1610612742,DAL,Dallas,1317,,,, ,,,,,,,,,,,,,,,,,,,,
0020200781,1610612742,DAL,Dallas,1483,,,, ,,,,,,,,,,,,,,,,,,,,
0020200781,1610612742,DAL,Dallas,2154,,,, ,,,,,,,,,,,,,,,,,,,,
0020200781,1610612742,DAL,Dallas,2378,,,, ,,,,,,,,,,,,,,,,,,,,
0020200781,1610612742,DAL,Dallas,1370,,,, ,,,,,,,,,,,,,,,,,,,,
0020200781,1610612742,DAL,Dallas,1915,Evan Eschmeyer,Evan,,DNP - Coach's Decision,,,,,,,,,,,,,,,,,,,,
0020200781,1610612742,DAL,Dallas,2541,Antoine Rigaudeau,Antoine,,DNP - Coach's Decision,,,,,,,,,,,,,,,,,,,,
