GAME_ID,TEAM_ID,TEAM_ABBREVIATION,TEAM_CITY,PLAYER_ID,PLAYER_NAME,NICKNAME,START_POSITION,COMMENT,MIN,FGM,FGA,FG_PCT,FG3M,FG3A,FG3_PCT,FTM,FTA,FT_PCT,OREB,DREB,REB,AST,STL,BLK,TO,PF,PTS,PLUS_MINUS
0020200017,1610612759,SAS,San Antonio,1495,Tim Duncan,Tim,F,,39:55,11.0,23.0,0.478,0.0,1.0,0.0,2.0,4.0,0.5,4.0,5.0,9.0,4.0,2.0,1.0,3.0,4.0,24.0,-4.0
0020200017,1610612759,SAS,San Antonio,1477,Bruce Bowen,Bruce,G,,25:04,2.0,6.0,0.333,0.0,2.0,0.0,1.0,2.0,0.5,3.0,3.0,6.0,0.0,0.0,0.0,0.0,1.0,5.0,-10.0
0020200017,1610612759,SAS,San Antonio,764,David Robinson,David,F,,33:42,5.0,10.0,0.5,0.0,0.0,0.0,2.0,2.0,1.0,8.0,7.0,15.0,1.0,1.0,4.0,3.0,3.0,12.0,-7.0
0020200017,1610612759,SAS,San Antonio,1938,Manu Ginobili,Manu,G,,29:42,5.0,13.0,0.385,1.0,6.0,0.167,0.0,0.0,0.0,1.0,1.0,2.0,1.0,3.0,0.0,2.0,4.0,11.0,-9.0
0020200017,1610612759,SAS,San Antonio,2225,Tony Parker,Tony,G,,32:21,7.0,14.0,0.5,0.0,2.0,0.0,0.0,2.0,0.0,0.0,0.0,0.0,8.0,3.0,0.0,4.0,2.0,14.0,-8.0
0020200017,1610612759,SAS,San Antonio,990,Malik Rose,Malik,F,,22:23,4.0,6.0,0.667,0.0,0.0,0.0,4.0,6.0,0.667,4.0,3.0,7.0,6.0,0.0,0.0,2.0,3.0,12.0,-5.0
0020200017,1610612759,SAS,San Antonio,198,Danny Ferry,Danny,G,,23:29,2.0,4.0,0.5,1.0,2.0,0.5,0.0,0.0,0.0,0.0,0.0,0.0,1.0,1.0,0.0,0.0,2.0,5.0,4.0
0020200017,1610612759,SAS,San Antonio,1536,Stephen Jackson,Stephen,G,,17:45,4.0,7.0,0.571,4.0,5.0,0.8,0.0,2.0,0.0,2.0,1.0,3.0,1.0,0.0,1.0,4.0,1.0,12.0,-1.0
0020200017,1610612759,SAS,San Antonio,2049,Speedy Claxton,Speedy,G,,15:39,1.0,4.0,0.25,0.0,0.0,0.0,1.0,2.0,0.5,0.0,0.0,0.0,3.0,0.0,0.0,1.0,1.0,3.0,0.0
0020200017,1610612759,SAS,San Antonio,1319,,,, ,,,,,,,,,,,,,,,,,,,,
0020200017,1610612759,SAS,San Antonio,1371,,,, ,,,,,,,,,,,,,,,,,,,,
0020200017,1610612759,SAS,San Antonio,2381,,,, ,,,,,,,,,,,,,,,,,,,,
0020200017,1610612759,SAS,San Antonio,1264,,,, ,,,,,,,,,,,,,,,,,,,,
0020200017,1610612759,SAS,San Antonio,873,,,, ,,,,,,,,,,,,,,,,,,,,
0020200017,1610612759,SAS,San Antonio,1658,,,, ,,,,,,,,,,,,,,,,,,,,
0020200017,1610612759,SAS,San Antonio,70,Steve Kerr,Steve,,DNP - Coach's Decision,,,,,,,,,,,,,,,,,,,,
0020200017,1610612759,SAS,San Antonio,120,Steven Smith,Steven,,DNP - Strained Right Groin,,,,,,,,,,,,,,,,,,,,
0020200017,1610612759,SAS,San Antonio,788,Kevin Willis,Kevin,,DNP - Coach's Decision,,,,,,,,,,,,,,,,,,,,
0020200017,1610612744,GSW,Golden State,2211,Troy Murphy,Troy,G,,39:20,4.0,14.0,0.286,1.0,1.0,1.0,0.0,0.0,0.0,3.0,7.0,10.0,3.0,0.0,0.0,1.0,3.0,9.0,-3.0
0020200017,1610612744,GSW,Golden State,1712,Antawn Jamison,Antawn,G,,46:22,14.0,25.0,0.56,2.0,3.0,0.667,6.0,7.0,0.857,2.0,6.0,8.0,2.0,0.0,1.0,2.0,1.0,36.0,12.0
0020200017,1610612744,GSW,Golden State,956,Erick Dampier,Erick,G,,10:40,2.0,3.0,0.667,0.0,0.0,0.0,2.0,2.0,1.0,3.0,1.0,4.0,0.0,0.0,0.0,1.0,5.0,6.0,2.0
0020200017,1610612744,GSW,Golden State,2202,Jason Richardson,Jason,G,,43:58,8.0,19.0,0.421,2.0,3.0,0.667,4.0,6.0,0.667,2.0,6.0,8.0,8.0,4.0,2.0,4.0,3.0,22.0,15.0
0020200017,1610612744,GSW,Golden State,2240,Gilbert Arenas,Gilbert,G,,31:54,3.0,6.0,0.5,0.0,2.0,0.0,6.0,6.0,1.0,3.0,4.0,7.0,5.0,0.0,0.0,1.0,4.0,12.0,10.0
0020200017,1610612744,GSW,Golden State,1502,Adonal Foyle,Adonal,G,,34:45,7.0,9.0,0.778,0.0,0.0,0.0,0.0,1.0,0.0,5.0,2.0,7.0,0.0,2.0,6.0,5.0,6.0,14.0,7.0
0020200017,1610612744,GSW,Golden State,2352,Dean Oliver,Dean,G,,16:27,1.0,3.0,0.333,0.0,0.0,0.0,1.0,2.0,0.5,0.0,2.0,2.0,5.0,1.0,0.0,1.0,1.0,3.0,0.0
0020200017,1610612744,GSW,Golden State,2412,Jiri Welsch,Jiri,C,,16:16,1.0,4.0,0.25,0.0,0.0,0.0,2.0,2.0,1.0,0.0,0.0,0.0,2.0,0.0,1.0,1.0,1.0,4.0,-3.0
0020200017,1610612744,GSW,Golden State,2399,Mike Dunleavy,Mike,,,0:19,0.0,0.0,0.0,0.0,0.0,0.0,0.0,0.0,0.0,0.0,0.0,0.0,0.0,0.0,0.0,0.0,0.0,0.0,0.0
0020200017,1610612744,GSW,Golden State,1774,,,, ,,,,,,,,,,,,,,,,,,,,
0020200017,1610612744,GSW,Golden State,1637,,,, ,,,,,,,,,,,,,,,,,,,,
0020200017,1610612744,GSW,Golden State,1217,,,, ,,,,,,,,,,,,,,,,,,,,
0020200017,1610612744,GSW,Golden State,1252,,,, ,,,,,,,,,,,,,,,,,,,,
0020200017,1610612744,GSW,Golden State,1331,,,, ,,,,,,,,,,,,,,,,,,,,
0020200017,1610612744,GSW,Golden State,1307,,,, ,,,,,,,,,,,,,,,,,,,,
0020200017,1610612744,GSW,Golden State,1504,Danny Fortson,Danny,,NWT - Death in Family,,,,,,,,,,,,,,,,,,,,
0020200017,1610612744,GSW,Golden State,2351,Oscar Torres,Oscar,,DNP - Coach's Decision,,,,,,,,,,,,,,,,,,,,
0020200008,1610612737,ATL,Atlanta,299,Glenn Robinson,Glenn,F,,41:56,12.0,26.0,0.462,1.0,5.0,0.2,9.0,9.0,1.0,3.0,7.0,10.0,8.0,5.0,2.0,7.0,2.0,34.0,-6.0
0020200008,1610612737,ATL,Atlanta,673,Alan Henderson,Alan,G,,41:38,2.0,4.0,0.5,0.0,0.0,0.0,0.0,2.0,0.0,2.0,5.0,7.0,0.0,1.0,4.0,2.0,5.0,4.0,-5.0
0020200008,1610612737,ATL,Atlanta,689,Theo Ratliff,Theo,G,,21:26,5.0,10.0,0.5,0.0,0.0,0.0,0.0,2.0,0.0,1.0,5.0,6.0,1.0,1.0,5.0,1.0,4.0,10.0,-4.0
0020200008,1610612737,ATL,Atlanta,1956,Ira Newble,Ira,G,,37:08,5.0,11.0,0.455,1.0,2.0,0.5,0.0,0.0,0.0,2.0,1.0,3.0,3.0,0.0,0.0,2.0,2.0,11.0,-11.0
0020200008,1610612737,ATL,Atlanta,1891,Jason Terry,Jason,G,,40:35,7.0,20.0,0.35,3.0,7.0,0.429,4.0,4.0,1.0,1.0,2.0,3.0,5.0,5.0,0.0,3.0,1.0,21.0,-5.0
0020200008,1610612737,ATL,Atlanta,1032,Darvin Ham,Darvin,F,,22:41,2.0,4.0,0.5,0.0,1.0,0.0,2.0,4.0,0.5,1.0,0.0,1.0,0.0,2.0,1.0,0.0,2.0,6.0,-3.0
0020200008,1610612737,ATL,Atlanta,176,Antonio Harvey,Antonio,,,10:15,1.0,3.0,0.333,0.0,0.0,0.0,0.0,0.0,0.0,1.0,1.0,2.0,0.0,0.0,1.0,0.0,4.0,2.0,-10.0
0020200008,1610612737,ATL,Atlanta,1023,Emanual Davis,Emanual,G,,16:56,2.0,3.0,0.667,0.0,1.0,0.0,0.0,0.0,0.0,0.0,1.0,1.0,1.0,0.0,0.0,2.0,1.0,4.0,-5.0
0020200008,1610612737,ATL,Atlanta,2424,Dan Dickau,Dan,F,,7:25,1.0,3.0,0.333,0.0,0.0,0.0,0.0,0.0,0.0,0.0,1.0,1.0,1.0,0.0,0.0,2.0,2.0,2.0,-6.0
0020200008,1610612737,ATL,Atlanta,2094,,,, ,,,,,,,,,,,,,,,,,,,,
0020200008,1610612737,ATL,Atlanta,2150,,,, ,,,,,,,,,,,,,,,,,,,,
0020200008,1610612737,ATL,Atlanta,2376,,,, ,,,,,,,,,,,,,,,,,,,,
0020200008,1610612737,ATL,Atlanta,1260,,,, ,,,,,,,,,,,,,,,,,,,,
0020200008,1610612737,ATL,Atlanta,1337,,,, ,,,,,,,,,,,,,,,,,,,,
0020200008,1610612737,ATL,Atlanta,949,Shareef Abdur-Rahim,Shareef,,NWT - Sore Back,,,,,,,,,,,,,,,,,,,,
0020200008,1610612737,ATL,Atlanta,1901,Dion Glover,Dion,,DNP - Coach's Decision,,,,,,,,,,,,,,,,,,,,
0020200008,1610612737,ATL,Atlanta,1737,Nazr Mohammed,Nazr,,NWT - Bone Bruise rt. Foot,,,,,,,,,,,,,,,,,,,,
0020200008,1610612751,NJN,New Jersey,2210,Richard Jefferson,Richard,F,,30:39,6.0,13.0,0.462,1.0,1.0,1.0,2.0,2.0,1.0,0.0,2.0,2.0,2.0,0.0,1.0,1.0,2.0,15.0,11.0
0020200008,1610612751,NJN,New Jersey,2030,Kenyon Martin,Kenyon,F,,34:01,6.0,14.0,0.429,0.0,0.0,0.0,3.0,4.0,0.75,2.0,9.0,11.0,1.0,1.0,2.0,3.0,3.0,15.0,2.0
0020200008,1610612751,NJN,New Jersey,87,Dikembe Mutombo,Dikembe,G,,25:53,4.0,10.0,0.4,0.0,0.0,0.0,5.0,6.0,0.833,4.0,2.0,6.0,0.0,0.0,3.0,1.0,2.0,13.0,6.0
0020200008,1610612751,NJN,New Jersey,954,Kerry Kittles,Kerry,G,,30:22,4.0,9.0,0.444,1.0,3.0,0.333,4.0,6.0,0.667,3.0,1.0,4.0,3.0,3.0,1.0,2.0,1.0,13.0,-2.0
0020200008,1610612751,NJN,New Jersey,467,Jason Kidd,Jason,G,,35:55,8.0,13.0,0.615,0.0,2.0,0.0,0.0,0.0,0.0,1.0,7.0,8.0,12.0,4.0,1.0,6.0,3.0,16.0,10.0
0020200008,1610612751,NJN,New Jersey,446,Lucious Harris,Lucious,F,,20:20,5.0,7.0,0.714,0.0,0.0,0.0,3.0,4.0,0.75,1.0,3.0,4.0,0.0,1.0,0.0,2.0,1.0,13.0,7.0
0020200008,1610612751,NJN,New Jersey,915,Rodney Rogers,Rodney,G,,20:31,2.0,6.0,0.333,1.0,1.0,1.0,2.0,2.0,1.0,1.0,1.0,2.0,3.0,0.0,1.0,1.0,4.0,7.0,0.0
0020200008,1610612751,NJN,New Jersey,1425,Aaron Williams,Aaron,C,,19:14,3.0,6.0,0.5,0.0,0.0,0.0,0.0,0.0,0.0,1.0,2.0,3.0,1.0,0.0,4.0,0.0,3.0,6.0,16.0
0020200008,1610612751,NJN,New Jersey,2447,Tamar Slay,Tamar,F,,9:23,1.0,5.0,0.2,0.0,2.0,0.0,0.0,0.0,0.0,0.0,2.0,2.0,0.0,0.0,1.0,1.0,0.0,2.0,7.0
0020200008,1610612751,NJN,New Jersey,2215,Jason Collins,Jason,G,,13:42,1.0,4.0,0.25,0.0,0.0,0.0,3.0,4.0,0.75,4.0,1.0,5.0,0.0,0.0,0.0,1.0,0.0,5.0,-2.0
0020200008,1610612751,NJN,New Jersey,2380,,,, ,,,,,,,,,,,,,,,,,,,,
0020200008,1610612751,NJN,New Jersey,2009,,,, ,,,,,,,,,,,,,,,,,,,,
0020200008,1610612751,NJN,New Jersey,1776,,,, ,,,,,,,,,,,,,,,,,,,,
0020200008,1610612751,NJN,New Jersey,1876,,,, ,,,,,,,,,,,,,,,,,,,,
0020200008,1610612751,NJN,New Jersey,1303,,,, ,,,,,,,,,,,,,,,,,,,,
0020200008,1610612751,NJN,New Jersey,1324,,,, ,,,,,,,,,,,,,,,,,,,,
0020200008,1610612751,NJN,New Jersey,1533,Anthony Johnson,Anthony,,DNP - Coach's Decision,,,,,,,,,,,,,,,,,,,,
0020200008,1610612751,NJN,New Jersey,2243,Brian Scalabrine,Brian,,DNP - Coach's Decision,,,,,,,,,,,,,,,,,,,,
0020200014,1610612747,LAL,Los Angeles,1904,Devean George,Devean,F,,30:54,3.0,8.0,0.375,1.0,3.0,0.333,0.0,0.0,0.0,1.0,4.0,5.0,5.0,0.0,0.0,0.0,1.0,7.0,-12.0
0020200014,1610612747,LAL,Los Angeles,109,Robert Horry,Robert,G,,26:29,4.0,9.0,0.444,0.0,2.0,0.0,4.0,5.0,0.8,0.0,1.0,1.0,2.0,4.0,0.0,4.0,3.0,12.0,-17.0
0020200014,1610612747,LAL,Los Angeles,955,Samaki Walker,Samaki,G,,21:46,2.0,6.0,0.333,0.0,0.0,0.0,1.0,2.0,0.5,3.0,1.0,4.0,1.0,0.0,2.0,1.0,0.0,5.0,-10.0
0020200014,1610612747,LAL,Los Angeles,977,Kobe Bryant,Kobe,G,,37:27,9.0,18.0,0.5,3.0,7.0,0.429,4.0,4.0,1.0,1.0,9.0,10.0,2.0,2.0,2.0,3.0,3.0,25.0,-11.0
0020200014,1610612747,LAL,Los Angeles,965,Derek Fisher,Derek,G,,24:44,2.0,8.0,0.25,1.0,3.0,0.333,0.0,0.0,0.0,0.0,0.0,0.0,3.0,1.0,0.0,0.0,2.0,5.0,-5.0
0020200014,1610612747,LAL,Los Angeles,2066,Soumaila Samake,Soumaila,G,,17:04,4.0,6.0,0.667,0.0,0.0,0.0,2.0,2.0,1.0,3.0,4.0,7.0,2.0,0.0,0.0,0.0,0.0,10.0,14.0
0020200014,1610612747,LAL,Los Angeles,2098,Slava Medvedenko,Slava,G,,23:15,6.0,13.0,0.462,0.0,0.0,0.0,3.0,4.0,0.75,6.0,3.0,9.0,2.0,0.0,1.0,2.0,5.0,15.0,2.0
0020200014,1610612747,LAL,Los Angeles,145,Tracy Murray,Tracy,,,7:26,0.0,1.0,0.0,0.0,1.0,0.0,0.0,0.0,0.0,1.0,0.0,1.0,0.0,0.0,1.0,2.0,1.0,0.0,-13.0
0020200014,1610612747,LAL,Los Angeles,216,Brian Shaw,Brian,F,,20:18,2.0,5.0,0.4,0.0,2.0,0.0,0.0,0.0,0.0,0.0,2.0,2.0,2.0,0.0,0.0,2.0,4.0,4.0,-9.0
0020200014,1610612747,LAL,Los Angeles,2457,Jannero Pargo,Jannero,G,,20:45,0.0,5.0,0.0,0.0,1.0,0.0,0.0,0.0,0.0,0.0,0.0,0.0,4.0,1.0,0.0,4.0,2.0,0.0,6.0
0020200014,1610612747,LAL,Los Angeles,2416,Kareem Rush,Kareem,,,9:52,3.0,6.0,0.5,1.0,2.0,0.5,0.0,0.0,0.0,0.0,2.0,2.0,1.0,0.0,0.0,1.0,0.0,7.0,-5.0
0020200014,1610612747,LAL,Los Angeles,1219,,,, ,,,,,,,,,,,,,,,,,,,,
0020200014,1610612747,LAL,Los Angeles,1221,,,, ,,,,,,,,,,,,,,,,,,,,
0020200014,1610612747,LAL,Los Angeles,1223,,,, ,,,,,,,,,,,,,,,,,,,,
0020200014,1610612747,LAL,Los Angeles,1230,,,, ,,,,,,,,,,,,,,,,,,,,
0020200014,1610612747,LAL,Los Angeles,1272,,,, ,,,,,,,,,,,,,,,,,,,,
0020200014,1610612747,LAL,Los Angeles,1273,,,, ,,,,,,,,,,,,,,,,,,,,
0020200014,1610612747,LAL,Los Angeles,296,Rick Fox,Rick,,NWT-league suspension,,,,,,,,,,,,,,,,,,,,
0020200014,1610612757,POR,Portland,1719,Bonzi Wells,Bonzi,G,,34:27,3.0,11.0,0.273,0.0,1.0,0.0,1.0,2.0,0.5,5.0,2.0,7.0,3.0,1.0,0.0,3.0,4.0,7.0,-3.0
0020200014,1610612757,POR,Portland,739,Rasheed Wallace,Rasheed,F,,31:52,10.0,23.0,0.435,2.0,2.0,1.0,6.0,8.0,0.75,4.0,2.0,6.0,0.0,0.0,0.0,1.0,3.0,28.0,11.0
0020200014,1610612757,POR,Portland,905,Dale Davis,Dale,G,,24:51,2.0,3.0,0.667,0.0,0.0,0.0,0.0,0.0,0.0,2.0,3.0,5.0,0.0,1.0,2.0,2.0,3.0,4.0,0.0
0020200014,1610612757,POR,Portland,1507,Derek Anderson,Derek,G,,28:08,3.0,9.0,0.333,0.0,1.0,0.0,0.0,0.0,0.0,0.0,2.0,2.0,4.0,3.0,0.0,3.0,2.0,6.0,1.0
0020200014,1610612757,POR,Portland,757,Damon Stoudamire,Damon,G,,27:28,7.0,12.0,0.583,2.0,4.0,0.5,0.0,0.0,0.0,1.0,5.0,6.0,6.0,1.0,0.0,2.0,1.0,16.0,5.0
0020200014,1610612757,POR,Portland,1739,Ruben Patterson,Ruben,G,,22:24,1.0,7.0,0.143,0.0,0.0,0.0,3.0,7.0,0.429,4.0,1.0,5.0,1.0,1.0,0.0,0.0,3.0,5.0,8.0
0020200014,1610612757,POR,Portland,976,Jeff McInnis,Jeff,F,,20:32,3.0,5.0,0.6,0.0,0.0,0.0,1.0,1.0,1.0,0.0,1.0,1.0,2.0,2.0,0.0,2.0,3.0,7.0,7.0
0020200014,1610612757,POR,Portland,1498,Antonio Daniels,Antonio,F,,19:52,2.0,3.0,0.667,0.0,0.0,0.0,6.0,8.0,0.75,0.0,4.0,4.0,4.0,2.0,0.0,1.0,0.0,10.0,11.0
0020200014,1610612757,POR,Portland,717,Arvydas Sabonis,Arvydas,C,,9:49,3.0,5.0,0.6,0.0,0.0,0.0,0.0,0.0,0.0,2.0,5.0,7.0,2.0,1.0,1.0,0.0,1.0,6.0,5.0
0020200014,1610612757,POR,Portland,937,Scottie Pippen,Scottie,,,9:58,3.0,3.0,1.0,0.0,0.0,0.0,3.0,4.0,0.75,1.0,1.0,2.0,1.0,2.0,0.0,0.0,0.0,9.0,21.0
0020200014,1610612757,POR,Portland,2216,Zach Randolph,Zach,,,5:35,0.0,1.0,0.0,0.0,0.0,0.0,0.0,0.0,0.0,0.0,0.0,0.0,0.0,0.0,0.0,0.0,0.0,0.0,-2.0
0020200014,1610612757,POR,Portland,2417,Qyntel Woods,Qyntel,,,5:04,2.0,3.0,0.667,0.0,0.0,0.0,0.0,0.0,0.0,0.0,1.0,1.0,0.0,0.0,0.0,0.0,0.0,4.0,-4.0
0020200014,1610612757,POR,Portland,2342,,,, ,,,,,,,,,,,,,,,,,,,,
0020200014,1610612757,POR,Portland,2374,,,, ,,,,,,,,,,,,,,,,,,,,
0020200014,1610612757,POR,Portland,1312,,,, ,,,,,,,,,,,,,,,,,,,,
0020200014,1610612757,POR,Portland,1329,,,, ,,,,,,,,,,,,,,,,,,,,
0020200014,1610612757,POR,Portland,1357,,,, ,,,,,,,,,,,,,,,,,,,,
0020200015,1610612756,PHX,Phoenix,339,Tom Gugliotta,Tom,F,,35:17,2.0,8.0,0.25,0.0,1.0,0.0,0.0,0.0,0.0,1.0,6.0,7.0,2.0,1.0,1.0,2.0,3.0,4.0,-1.0
0020200015,1610612756,PHX,Phoenix,1890,Shawn Marion,Shawn,G,,44:32,10.0,23.0,0.435,0.0,4.0,0.0,1.0,1.0,1.0,4.0,7.0,11.0,1.0,2.0,2.0,6.0,0.0,21.0,-6.0
0020200015,1610612756,PHX,Phoenix,2054,Jake Tsakalidis,Jake,F,,22:25,3.0,4.0,0.75,0.0,0.0,0.0,0.0,0.0,0.0,1.0,3.0,4.0,1.0,0.0,0.0,2.0,1.0,6.0,7.0
0020200015,1610612756,PHX,Phoenix,358,Anfernee Hardaway,Anfernee,G,,39:27,7.0,15.0,0.467,0.0,1.0,0.0,2.0,2.0,1.0,4.0,6.0,10.0,5.0,0.0,0.0,1.0,5.0,16.0,-7.0
0020200015,1610612756,PHX,Phoenix,2207,Joe Johnson,Joe,G,,42:21,6.0,18.0,0.333,0.0,3.0,0.0,0.0,0.0,0.0,2.0,3.0,5.0,3.0,0.0,0.0,3.0,4.0,12.0,-13.0
0020200015,1610612756,PHX,Phoenix,753,Randy Brown,Randy,G,,12:41,1.0,3.0,0.333,0.0,0.0,0.0,0.0,0.0,0.0,0.0,1.0,1.0,0.0,0.0,0.0,1.0,4.0,2.0,-9.0
0020200015,1610612756,PHX,Phoenix,281,Scott Williams,Scott,F,,12:34,0.0,1.0,0.0,0.0,0.0,0.0,0.0,0.0,0.0,1.0,1.0,2.0,1.0,0.0,0.0,0.0,2.0,0.0,-7.0
0020200015,1610612756,PHX,Phoenix,2405,Amar'e Stoudemire,Amar'e,G,,20:27,3.0,9.0,0.333,0.0,0.0,0.0,4.0,4.0,1.0,2.0,4.0,6.0,1.0,0.0,0.0,2.0,2.0,10.0,-20.0
0020200015,1610612756,PHX,Phoenix,2061,Dan Langhi,Dan,G,,6:59,1.0,3.0,0.333,0.0,0.0,0.0,0.0,0.0,0.0,0.0,0.0,0.0,0.0,0.0,0.0,0.0,0.0,2.0,-7.0
0020200015,1610612756,PHX,Phoenix,2418,Casey Jacobsen,Casey,C,,3:17,0.0,1.0,0.0,0.0,1.0,0.0,0.0,0.0,0.0,0.0,0.0,0.0,1.0,0.0,0.0,0.0,0.0,0.0,-2.0
0020200015,1610612756,PHX,Phoenix,2521,,,, ,,,,,,,,,,,,,,,,,,,,
0020200015,1610612756,PHX,Phoenix,1783,,,, ,,,,,,,,,,,,,,,,,,,,
0020200015,1610612756,PHX,Phoenix,2008,,,, ,,,,,,,,,,,,,,,,,,,,
0020200015,1610612756,PHX,Phoenix,2160,,,, ,,,,,,,,,,,,,,,,,,,,
0020200015,1610612756,PHX,Phoenix,1336,,,, ,,,,,,,,,,,,,,,,,,,,
0020200015,1610612756,PHX,Phoenix,1642,,,, ,,,,,,,,,,,,,,,,,,,,
0020200015,1610612756,PHX,Phoenix,1653,,,, ,,,,,,,,,,,,,,,,,,,,
0020200015,1610612756,PHX,Phoenix,448,Bo Outlaw,Bo,,DNP - Coach's Decision,,,,,,,,,,,,,,,,,,,,
0020200015,1610612760,SEA,Seattle,2501,Reggie Evans,Reggie,F,,6:17,0.0,0.0,0.0,0.0,0.0,0.0,0.0,2.0,0.0,0.0,0.0,0.0,1.0,0.0,0.0,0.0,0.0,0.0,-4.0
0020200015,1610612760,SEA,Seattle,1740,Rashard Lewis,Rashard,F,,35:40,3.0,13.0,0.231,0.0,2.0,0.0,4.0,4.0,1.0,1.0,3.0,4.0,3.0,2.0,3.0,1.0,3.0,10.0,6.0
0020200015,1610612760,SEA,Seattle,1542,Predrag Drobnjak,Predrag,F,,14:48,2.0,4.0,0.5,0.0,0.0,0.0,0.0,2.0,0.0,0.0,2.0,2.0,1.0,0.0,0.0,1.0,0.0,4.0,-2.0
0020200015,1610612760,SEA,Seattle,699,Brent Barry,Brent,G,,41:24,9.0,12.0,0.75,5.0,6.0,0.833,2.0,3.0,0.667,1.0,4.0,5.0,2.0,3.0,0.0,0.0,4.0,25.0,8.0
0020200015,1610612760,SEA,Seattle,56,Gary Payton,Gary,G,,38:36,9.0,19.0,0.474,1.0,3.0,0.333,1.0,2.0,0.5,1.0,4.0,5.0,8.0,3.0,1.0,4.0,3.0,20.0,10.0
0020200015,1610612760,SEA,Seattle,1744,Jerome James,Jerome,,,6:02,0.0,2.0,0.0,0.0,0.0,0.0,0.0,0.0,0.0,0.0,3.0,3.0,1.0,0.0,1.0,1.0,2.0,0.0,-5.0
0020200015,1610612760,SEA,Seattle,2046,Desmond Mason,Desmond,G,,36:40,5.0,14.0,0.357,0.0,1.0,0.0,1.0,1.0,1.0,4.0,2.0,6.0,1.0,0.0,1.0,1.0,2.0,11.0,9.0
0020200015,1610612760,SEA,Seattle,2209,Vladimir Radmanovic,Vladimir,F,,20:35,2.0,6.0,0.333,0.0,1.0,0.0,2.0,2.0,1.0,2.0,3.0,5.0,1.0,1.0,2.0,2.0,1.0,6.0,11.0
0020200015,1610612760,SEA,Seattle,1916,Calvin Booth,Calvin,F,,23:37,3.0,3.0,1.0,0.0,0.0,0.0,2.0,4.0,0.5,1.0,3.0,4.0,1.0,1.0,0.0,2.0,1.0,8.0,17.0
0020200015,1610612760,SEA,Seattle,1738,Ansu Sesay,Ansu,G,,16:21,1.0,1.0,1.0,0.0,0.0,0.0,0.0,0.0,0.0,0.0,2.0,2.0,3.0,0.0,0.0,0.0,3.0,2.0,15.0
0020200015,1610612760,SEA,Seattle,1778,,,, ,,,,,,,,,,,,,,,,,,,,
0020200015,1610612760,SEA,Seattle,1338,,,, ,,,,,,,,,,,,,,,,,,,,
0020200015,1610612760,SEA,Seattle,1349,,,, ,,,,,,,,,,,,,,,,,,,,
0020200015,1610612760,SEA,Seattle,1335,,,, ,,,,,,,,,,,,,,,,,,,,
0020200015,1610612760,SEA,Seattle,2350,,,, ,,,,,,,,,,,,,,,,,,,,
0020200015,1610612760,SEA,Seattle,2218,Joseph Forte,Joseph,,DNP - Coach's Decision,,,,,,,,,,,,,,,,,,,,
0020200007,1610612745,HOU,Houston,1749,Cuttino Mobley,Cuttino,G,,43:27,10.0,21.0,0.476,1.0,2.0,0.5,1.0,1.0,1.0,0.0,3.0,3.0,1.0,0.0,2.0,2.0,3.0,22.0,-13.0
0020200007,1610612745,HOU,Houston,2204,Eddie Griffin,Eddie,F,,36:24,1.0,11.0,0.091,0.0,1.0,0.0,0.0,2.0,0.0,3.0,5.0,8.0,1.0,0.0,2.0,1.0,4.0,2.0,-10.0
0020200007,1610612745,HOU,Houston,1509,Kelvin Cato,Kelvin,C,,31:34,2.0,8.0,0.25,0.0,0.0,0.0,5.0,7.0,0.714,7.0,10.0,17.0,1.0,2.0,3.0,2.0,3.0,9.0,1.0
0020200007,1610612745,HOU,Houston,1883,Steve Francis,Steve,G,,39:04,13.0,28.0,0.464,1.0,3.0,0.333,12.0,14.0,0.857,4.0,4.0,8.0,4.0,1.0,1.0,5.0,4.0,39.0,-3.0
0020200007,1610612745,HOU,Houston,983,Moochie Norris,Moochie,G,,36:25,2.0,7.0,0.286,1.0,1.0,1.0,1.0,2.0,0.5,2.0,3.0,5.0,2.0,4.0,0.0,4.0,0.0,6.0,-13.0
0020200007,1610612745,HOU,Houston,2044,Jason Collier,Jason,F,,9:54,0.0,2.0,0.0,0.0,0.0,0.0,0.0,0.0,0.0,0.0,1.0,1.0,0.0,1.0,0.0,0.0,1.0,0.0,-6.0
0020200007,1610612745,HOU,Houston,1038,Juaquin Hawkins,Juaquin,F,,20:59,1.0,1.0,1.0,0.0,0.0,0.0,0.0,0.0,0.0,0.0,3.0,3.0,0.0,0.0,0.0,1.0,1.0,2.0,4.0
0020200007,1610612745,HOU,Houston,2397,Ming Yao,Ming,G,,10:36,0.0,1.0,0.0,0.0,0.0,0.0,0.0,0.0,0.0,0.0,2.0,2.0,0.0,0.0,0.0,2.0,3.0,0.0,-6.0
0020200007,1610612745,HOU,Houston,2411,Bostjan Nachbar,Bostjan,G,,11:37,1.0,2.0,0.5,0.0,0.0,0.0,0.0,0.0,0.0,0.0,3.0,3.0,0.0,0.0,0.0,0.0,2.0,2.0,1.0
0020200007,1610612745,HOU,Houston,2384,,,, ,,,,,,,,,,,,,,,,,,,,
0020200007,1610612745,HOU,Houston,2385,,,, ,,,,,,,,,,,,,,,,,,,,
0020200007,1610612745,HOU,Houston,1997,,,, ,,,,,,,,,,,,,,,,,,,,
0020200007,1610612745,HOU,Houston,1255,,,, ,,,,,,,,,,,,,,,,,,,,
0020200007,1610612745,HOU,Houston,1256,,,, ,,,,,,,,,,,,,,,,,,,,
0020200007,1610612745,HOU,Houston,1257,,,, ,,,,,,,,,,,,,,,,,,,,
0020200007,1610612745,HOU,Houston,1258,,,, ,,,,,,,,,,,,,,,,,,,,
0020200007,1610612745,HOU,Houston,825,,,, ,,,,,,,,,,,,,,,,,,,,
0020200007,1610612745,HOU,Houston,779,Glen Rice,Glen,,DND - Right knee sprain,,,,,,,,,,,,,,,,,,,,
0020200007,1610612745,HOU,Houston,1508,Maurice Taylor,Maurice,,DND - Suspended list,,,,,,,,,,,,,,,,,,,,
0020200007,1610612745,HOU,Houston,1903,Kenny Thomas,Kenny,,DND - Right thumb fracture,,,,,,,,,,,,,,,,,,,,
0020200007,1610612754,IND,Indiana,1733,Al Harrington,Al,G,,27:19,3.0,9.0,0.333,0.0,0.0,0.0,3.0,6.0,0.5,3.0,4.0,7.0,2.0,0.0,0.0,2.0,5.0,9.0,3.0
0020200007,1610612754,IND,Indiana,979,Jermaine O'Neal,Jermaine,F,,41:17,10.0,16.0,0.625,0.0,0.0,0.0,4.0,9.0,0.444,4.0,6.0,10.0,1.0,2.0,3.0,3.0,4.0,24.0,11.0
0020200007,1610612754,IND,Indiana,1802,Brad Miller,Brad,F,,20:45,2.0,7.0,0.286,0.0,0.0,0.0,1.0,1.0,1.0,1.0,6.0,7.0,2.0,0.0,0.0,2.0,2.0,5.0,-2.0
0020200007,1610612754,IND,Indiana,1897,Metta World Peace,Metta,G,,37:40,8.0,13.0,0.615,2.0,2.0,1.0,2.0,4.0,0.5,2.0,4.0,6.0,5.0,4.0,0.0,3.0,6.0,20.0,6.0
0020200007,1610612754,IND,Indiana,1065,Erick Strickland,Erick,G,,41:08,6.0,17.0,0.353,2.0,6.0,0.333,5.0,7.0,0.714,2.0,5.0,7.0,4.0,3.0,0.0,4.0,3.0,19.0,11.0
0020200007,1610612754,IND,Indiana,1500,Ron Mercer,Ron,F,,38:22,6.0,15.0,0.4,0.0,0.0,0.0,0.0,0.0,0.0,1.0,3.0,4.0,4.0,2.0,1.0,0.0,3.0,12.0,13.0
0020200007,1610612754,IND,Indiana,1886,Jonathan Bender,Jonathan,G,,14:54,1.0,3.0,0.333,0.0,0.0,0.0,0.0,0.0,0.0,2.0,1.0,3.0,0.0,0.0,1.0,0.0,0.0,2.0,1.0
0020200007,1610612754,IND,Indiana,1902,Jeff Foster,Jeff,F,,12:03,0.0,4.0,0.0,0.0,0.0,0.0,0.0,0.0,0.0,3.0,3.0,6.0,0.0,1.0,1.0,1.0,3.0,0.0,2.0
0020200007,1610612754,IND,Indiana,2410,Fred Jones,Fred,C,,6:33,0.0,1.0,0.0,0.0,1.0,0.0,0.0,0.0,0.0,0.0,0.0,0.0,0.0,1.0,0.0,2.0,1.0,0.0,0.0
0020200007,1610612754,IND,Indiana,2099,,,, ,,,,,,,,,,,,,,,,,,,,
0020200007,1610612754,IND,Indiana,2100,,,, ,,,,,,,,,,,,,,,,,,,,
0020200007,1610612754,IND,Indiana,2165,,,, ,,,,,,,,,,,,,,,,,,,,
0020200007,1610612754,IND,Indiana,1857,,,, ,,,,,,,,,,,,,,,,,,,,
0020200007,1610612754,IND,Indiana,1263,,,, ,,,,,,,,,,,,,,,,,,,,
0020200007,1610612754,IND,Indiana,1299,,,, ,,,,,,,,,,,,,,,,,,,,
0020200007,1610612754,IND,Indiana,2514,,,, ,,,,,,,,,,,,,,,,,,,,
0020200007,1610612754,IND,Indiana,2515,,,, ,,,,,,,,,,,,,,,,,,,,
0020200007,1610612754,IND,Indiana,2249,Jamison Brewer,Jamison,,DNP - Coach's Decision,,,,,,,,,,,,,,,,,,,,
0020200007,1610612754,IND,Indiana,2056,Primoz Brezec,Primoz,,DNP - Coach's Decision,,,,,,,,,,,,,,,,,,,,
0020200007,1610612754,IND,Indiana,2224,Jamaal Tinsley,Jamaal,,DND - Right ankle sprain,,,,,,,,,,,,,,,,,,,,
0020200009,1610612753,ORL,Orlando,255,Grant Hill,Grant,F,,24:32,7.0,10.0,0.7,0.0,0.0,0.0,3.0,5.0,0.6,2.0,3.0,5.0,6.0,0.0,0.0,2.0,0.0,17.0,17.0
0020200009,1610612753,ORL,Orlando,2469,Pat Burke,Pat,F,,27:22,4.0,10.0,0.4,0.0,0.0,0.0,1.0,2.0,0.5,0.0,6.0,6.0,1.0,0.0,0.0,1.0,3.0,9.0,-9.0
0020200009,1610612753,ORL,Orlando,692,Andrew DeClercq,Andrew,F,,11:28,1.0,1.0,1.0,0.0,0.0,0.0,0.0,0.0,0.0,1.0,0.0,1.0,1.0,0.0,0.0,0.0,3.0,2.0,-2.0
0020200009,1610612753,ORL,Orlando,353,Darrell Armstrong,Darrell,G,,27:26,1.0,4.0,0.25,0.0,2.0,0.0,2.0,2.0,1.0,0.0,5.0,5.0,3.0,0.0,0.0,1.0,1.0,4.0,14.0
0020200009,1610612753,ORL,Orlando,1503,Tracy McGrady,Tracy,G,,31:49,8.0,13.0,0.615,2.0,3.0,0.667,6.0,10.0,0.6,1.0,0.0,1.0,3.0,1.0,1.0,1.0,1.0,24.0,12.0
0020200009,1610612753,ORL,Orlando,1727,Pat Garrity,Pat,G,,24:36,6.0,8.0,0.75,3.0,3.0,1.0,1.0,1.0,1.0,0.0,1.0,1.0,0.0,0.0,0.0,0.0,4.0,16.0,16.0
0020200009,1610612753,ORL,Orlando,1521,Jacque Vaughn,Jacque,G,,20:12,1.0,3.0,0.333,0.0,0.0,0.0,0.0,0.0,0.0,0.0,1.0,1.0,2.0,2.0,0.0,0.0,0.0,2.0,-5.0
0020200009,1610612753,ORL,Orlando,2034,Mike Miller,Mike,F,,30:12,5.0,10.0,0.5,3.0,4.0,0.75,1.0,1.0,1.0,0.0,7.0,7.0,4.0,2.0,0.0,6.0,1.0,14.0,19.0
0020200009,1610612753,ORL,Orlando,431,Shawn Kemp,Shawn,F,,23:42,4.0,6.0,0.667,0.0,0.0,0.0,0.0,0.0,0.0,2.0,3.0,5.0,1.0,0.0,1.0,1.0,4.0,8.0,8.0
0020200009,1610612753,ORL,Orlando,2415,Ryan Humphrey,Ryan,G,,10:60,2.0,3.0,0.667,0.0,0.0,0.0,0.0,0.0,0.0,0.0,3.0,3.0,0.0,0.0,0.0,1.0,2.0,4.0,7.0
0020200009,1610612753,ORL,Orlando,2219,Jeryl Sasser,Jeryl,,,7:42,0.0,3.0,0.0,0.0,0.0,0.0,0.0,0.0,0.0,3.0,0.0,3.0,1.0,0.0,0.0,0.0,0.0,0.0,-7.0
0020200009,1610612753,ORL,Orlando,1941,,,, ,,,,,,,,,,,,,,,,,,,,
0020200009,1610612753,ORL,Orlando,2516,,,, ,,,,,,,,,,,,,,,,,,,,
0020200009,1610612753,ORL,Orlando,1296,,,, ,,,,,,,,,,,,,,,,,,,,
0020200009,1610612753,ORL,Orlando,1309,,,, ,,,,,,,,,,,,,,,,,,,,
0020200009,1610612753,ORL,Orlando,1332,,,, ,,,,,,,,,,,,,,,,,,,,
0020200009,1610612753,ORL,Orlando,1650,,,, ,,,,,,,,,,,,,,,,,,,,
0020200009,1610612753,ORL,Orlando,837,,,, ,,,,,,,,,,,,,,,,,,,,
0020200009,1610612753,ORL,Orlando,270,Horace Grant,Horace,,DND - Sore Left Knee,,,,,,,,,,,,,,,,,,,,
0020200009,1610612748,MIA,Miami,2406,Caron Butler,Caron,G,,33:53,8.0,14.0,0.571,0.0,0.0,0.0,0.0,0.0,0.0,2.0,5.0,7.0,3.0,0.0,0.0,3.0,1.0,16.0,-5.0
0020200009,1610612748,MIA,Miami,2124,Malik Allen,Malik,G,,33:33,9.0,13.0,0.692,0.0,0.0,0.0,4.0,5.0,0.8,1.0,6.0,7.0,1.0,0.0,1.0,1.0,5.0,22.0,2.0
0020200009,1610612748,MIA,Miami,258,Brian Grant,Brian,G,,32:24,3.0,6.0,0.5,0.0,0.0,0.0,0.0,2.0,0.0,4.0,5.0,9.0,1.0,2.0,0.0,0.0,1.0,6.0,-11.0
0020200009,1610612748,MIA,Miami,696,Travis Best,Travis,G,,26:38,8.0,13.0,0.615,0.0,0.0,0.0,6.0,6.0,1.0,0.0,0.0,0.0,4.0,1.0,0.0,1.0,2.0,22.0,-7.0
0020200009,1610612748,MIA,Miami,224,Eddie Jones,Eddie,G,,31:45,2.0,9.0,0.222,0.0,1.0,0.0,2.0,2.0,1.0,0.0,4.0,4.0,1.0,0.0,2.0,3.0,2.0,6.0,-23.0
0020200009,1610612748,MIA,Miami,2446,Rasual Butler,Rasual,G,,30:59,2.0,6.0,0.333,0.0,0.0,0.0,0.0,0.0,0.0,1.0,3.0,4.0,3.0,1.0,1.0,1.0,3.0,4.0,-11.0
0020200009,1610612748,MIA,Miami,1752,Sean Marks,Sean,G,,16:52,2.0,5.0,0.4,0.0,1.0,0.0,0.0,0.0,0.0,0.0,0.0,0.0,1.0,0.0,2.0,0.0,1.0,4.0,-10.0
0020200009,1610612748,MIA,Miami,2229,Mike James,Mike,F,,13:44,1.0,5.0,0.2,1.0,1.0,1.0,1.0,2.0,0.5,0.0,2.0,2.0,4.0,0.0,0.0,0.0,0.0,4.0,1.0
0020200009,1610612748,MIA,Miami,111,LaPhonso Ellis,LaPhonso,G,,6:23,0.0,2.0,0.0,0.0,1.0,0.0,0.0,0.0,0.0,0.0,0.0,0.0,0.0,0.0,0.0,0.0,1.0,0.0,-4.0
0020200009,1610612748,MIA,Miami,2067,Eddie House,Eddie,F,,13:49,1.0,5.0,0.2,0.0,1.0,0.0,0.0,0.0,0.0,0.0,1.0,1.0,2.0,0.0,0.0,1.0,1.0,2.0,-2.0
0020200009,1610612748,MIA,Miami,2388,,,, ,,,,,,,,,,,,,,,,,,,,
0020200009,1610612748,MIA,Miami,1877,,,, ,,,,,,,,,,,,,,,,,,,,
0020200009,1610612748,MIA,Miami,1787,,,, ,,,,,,,,,,,,,,,,,,,,
0020200009,1610612748,MIA,Miami,836,,,, ,,,,,,,,,,,,,,,,,,,,
0020200009,1610612748,MIA,Miami,1276,,,, ,,,,,,,,,,,,,,,,,,,,
0020200009,1610612748,MIA,Miami,1277,,,, ,,,,,,,,,,,,,,,,,,,,
0020200009,1610612748,MIA,Miami,1280,,,, ,,,,,,,,,,,,,,,,,,,,
0020200009,1610612748,MIA,Miami,1281,,,, ,,,,,,,,,,,,,,,,,,,,
0020200009,1610612748,MIA,Miami,1853,Anthony Carter,Anthony,,NWT - Strep Throat,,,,,,,,,,,,,,,,,,,,
0020200009,1610612748,MIA,Miami,1735,Vladimir Stepania,Vladimir,,DNP - Coach's Decision,,,,,,,,,,,,,,,,,,,,
0020200011,1610612743,DEN,Denver,1763,Ryan Bowen,Ryan,F,,18:13,1.0,3.0,0.333,0.0,1.0,0.0,0.0,0.0,0.0,2.0,1.0,3.0,2.0,0.0,0.0,2.0,0.0,2.0,-25.0
0020200011,1610612743,DEN,Denver,2051,Donnell Harvey,Donnell,F,,25:36,2.0,10.0,0.2,0.0,0.0,0.0,0.0,0.0,0.0,1.0,3.0,4.0,0.0,0.0,0.0,1.0,2.0,4.0,-27.0
0020200011,1610612743,DEN,Denver,1548,Mark Blount,Mark,C,,19:27,2.0,5.0,0.4,0.0,0.0,0.0,2.0,2.0,1.0,1.0,2.0,3.0,0.0,0.0,0.0,2.0,4.0,6.0,-23.0
0020200011,1610612743,DEN,Denver,1899,James Posey,James,G,,34:08,7.0,14.0,0.5,0.0,3.0,0.0,1.0,2.0,0.5,2.0,12.0,14.0,3.0,3.0,0.0,3.0,0.0,15.0,-15.0
0020200011,1610612743,DEN,Denver,43,Chris Whitney,Chris,G,,30:14,4.0,15.0,0.267,2.0,7.0,0.286,1.0,5.0,0.2,0.0,1.0,1.0,3.0,0.0,0.0,4.0,3.0,11.0,-12.0
0020200011,1610612743,DEN,Denver,2403,Nene Hilario,Nene,G,,28:04,3.0,6.0,0.5,0.0,1.0,0.0,4.0,6.0,0.667,4.0,7.0,11.0,4.0,0.0,1.0,4.0,3.0,10.0,19.0
0020200011,1610612743,DEN,Denver,2401,Nikoloz Tskitishvili,Nikoloz,F,,28:47,3.0,7.0,0.429,3.0,4.0,0.75,0.0,0.0,0.0,1.0,1.0,2.0,3.0,0.0,2.0,0.0,5.0,9.0,19.0
0020200011,1610612743,DEN,Denver,2261,Kenny Satterfield,Kenny,G,,17:46,2.0,7.0,0.286,0.0,2.0,0.0,0.0,0.0,0.0,0.0,0.0,0.0,2.0,0.0,0.0,1.0,0.0,4.0,6.0
0020200011,1610612743,DEN,Denver,2454,Junior Harrington,Junior,F,,14:52,0.0,2.0,0.0,0.0,1.0,0.0,0.0,0.0,0.0,1.0,1.0,2.0,2.0,0.0,0.0,1.0,3.0,0.0,9.0
0020200011,1610612743,DEN,Denver,2365,Chris Andersen,Chris,G,,22:53,7.0,9.0,0.778,0.0,0.0,0.0,2.0,2.0,1.0,1.0,7.0,8.0,0.0,2.0,1.0,3.0,2.0,16.0,19.0
0020200011,1610612743,DEN,Denver,2379,,,, ,,,,,,,,,,,,,,,,,,,,
0020200011,1610612743,DEN,Denver,1216,,,, ,,,,,,,,,,,,,,,,,,,,
0020200011,1610612743,DEN,Denver,1240,,,, ,,,,,,,,,,,,,,,,,,,,
0020200011,1610612743,DEN,Denver,1279,,,, ,,,,,,,,,,,,,,,,,,,,
0020200011,1610612743,DEN,Denver,2512,,,, ,,,,,,,,,,,,,,,,,,,,
0020200011,1610612743,DEN,Denver,2513,,,, ,,,,,,,,,,,,,,,,,,,,
0020200011,1610612743,DEN,Denver,2015,,,, ,,,,,,,,,,,,,,,,,,,,
0020200011,1610612743,DEN,Denver,436,Juwan Howard,Juwan,,DND - Suspended,,,,,,,,,,,,,,,,,,,,
0020200011,1610612743,DEN,Denver,2206,Rodney White,Rodney,,DNP - Coach's Decision,,,,,,,,,,,,,,,,,,,,
0020200011,1610612750,MIN,Minnesota,708,Kevin Garnett,Kevin,F,,41:07,6.0,12.0,0.5,0.0,2.0,0.0,1.0,2.0,0.5,0.0,12.0,12.0,7.0,1.0,3.0,4.0,2.0,13.0,8.0
0020200011,1610612750,MIN,Minnesota,2254,Loren Woods,Loren,G,,27:27,1.0,8.0,0.125,0.0,0.0,0.0,0.0,0.0,0.0,0.0,8.0,8.0,3.0,1.0,1.0,1.0,1.0,2.0,17.0
0020200011,1610612750,MIN,Minnesota,1725,Rasho Nesterovic,Rasho,F,,36:55,4.0,12.0,0.333,0.0,1.0,0.0,2.0,4.0,0.5,4.0,6.0,10.0,1.0,1.0,0.0,1.0,3.0,10.0,-1.0
0020200011,1610612750,MIN,Minnesota,324,Anthony Peeler,Anthony,G,,29:35,5.0,11.0,0.455,4.0,4.0,1.0,0.0,0.0,0.0,1.0,0.0,1.0,2.0,1.0,0.0,1.0,1.0,14.0,9.0
0020200011,1610612750,MIN,Minnesota,1607,Troy Hudson,Troy,G,,38:47,10.0,21.0,0.476,0.0,3.0,0.0,3.0,4.0,0.75,0.0,0.0,0.0,4.0,2.0,0.0,2.0,3.0,23.0,4.0
0020200011,1610612750,MIN,Minnesota,718,Gary Trent,Gary,F,,24:20,3.0,7.0,0.429,0.0,0.0,0.0,3.0,5.0,0.6,0.0,3.0,3.0,2.0,2.0,1.0,1.0,3.0,9.0,-11.0
0020200011,1610612750,MIN,Minnesota,383,Kendall Gill,Kendall,G,,18:25,3.0,6.0,0.5,0.0,0.0,0.0,2.0,2.0,1.0,0.0,0.0,0.0,2.0,1.0,0.0,1.0,1.0,8.0,-3.0
0020200011,1610612750,MIN,Minnesota,1531,Marc Jackson,Marc,G,,10:10,1.0,3.0,0.333,0.0,0.0,0.0,0.0,0.0,0.0,0.0,1.0,1.0,0.0,0.0,0.0,0.0,3.0,2.0,5.0
0020200011,1610612750,MIN,Minnesota,393,Rod Strickland,Rod,,,9:13,0.0,1.0,0.0,0.0,0.0,0.0,0.0,0.0,0.0,0.0,1.0,1.0,1.0,0.0,0.0,1.0,0.0,0.0,2.0
0020200011,1610612750,MIN,Minnesota,1073,Reggie Slater,Reggie,G,,4:01,1.0,1.0,1.0,0.0,0.0,0.0,0.0,0.0,0.0,1.0,0.0,1.0,0.0,0.0,0.0,3.0,2.0,2.0,0.0
0020200011,1610612750,MIN,Minnesota,847,,,, ,,,,,,,,,,,,,,,,,,,,
0020200011,1610612750,MIN,Minnesota,2146,,,, ,,,,,,,,,,,,,,,,,,,,
0020200011,1610612750,MIN,Minnesota,2159,,,, ,,,,,,,,,,,,,,,,,,,,
0020200011,1610612750,MIN,Minnesota,1289,,,, ,,,,,,,,,,,,,,,,,,,,
0020200011,1610612750,MIN,Minnesota,1290,,,, ,,,,,,,,,,,,,,,,,,,,
0020200011,1610612750,MIN,Minnesota,1291,,,, ,,,,,,,,,,,,,,,,,,,,
0020200011,1610612750,MIN,Minnesota,2080,Igor Rakocevic,Igor,,DNP - Coach's Decision,,,,,,,,,,,,,,,,,,,,
0020200011,1610612750,MIN,Minnesota,1887,Wally Szczerbiak,Wally,,"DND - Dislocated Metatarsal, Left Foot",,,,,,,,,,,,,,,,,,,,
0020200016,1610612739,CLE,Cleveland,2032,Darius Miles,Darius,F,,38:42,5.0,11.0,0.455,0.0,0.0,0.0,5.0,8.0,0.625,2.0,3.0,5.0,3.0,2.0,1.0,1.0,4.0,15.0,9.0
0020200016,1610612739,CLE,Cleveland,238,Tyrone Hill,Tyrone,G,,41:35,7.0,13.0,0.538,0.0,0.0,0.0,3.0,4.0,0.75,3.0,10.0,13.0,1.0,0.0,0.0,5.0,2.0,17.0,-3.0
0020200016,1610612739,CLE,Cleveland,980,Zydrunas Ilgauskas,Zydrunas,F,,37:08,6.0,17.0,0.353,0.0,0.0,0.0,7.0,8.0,0.875,4.0,5.0,9.0,0.0,1.0,1.0,0.0,4.0,19.0,-1.0
0020200016,1610612739,CLE,Cleveland,902,Bimbo Coles,Bimbo,G,,30:36,3.0,9.0,0.333,0.0,0.0,0.0,1.0,1.0,1.0,0.0,1.0,1.0,5.0,1.0,0.0,1.0,3.0,7.0,2.0
0020200016,1610612739,CLE,Cleveland,1729,Ricky Davis,Ricky,G,,41:12,9.0,19.0,0.474,0.0,0.0,0.0,7.0,10.0,0.7,4.0,3.0,7.0,8.0,3.0,0.0,1.0,2.0,25.0,4.0
0020200016,1610612739,CLE,Cleveland,1908,Jumaine Jones,Jumaine,G,,18:59,3.0,8.0,0.375,0.0,0.0,0.0,0.0,0.0,0.0,1.0,0.0,1.0,1.0,2.0,0.0,1.0,0.0,6.0,-2.0
0020200016,1610612739,CLE,Cleveland,1960,Milt Palacio,Milt,F,,18:57,2.0,6.0,0.333,0.0,1.0,0.0,1.0,4.0,0.25,2.0,3.0,5.0,3.0,1.0,1.0,0.0,0.0,5.0,-2.0
0020200016,1610612739,CLE,Cleveland,1565,Michael Stewart,Michael,G,,5:00,0.0,0.0,0.0,0.0,0.0,0.0,2.0,2.0,1.0,2.0,1.0,3.0,0.0,0.0,0.0,1.0,2.0,2.0,-1.0
0020200016,1610612739,CLE,Cleveland,2430,Carlos Boozer,Carlos,,,3:05,1.0,1.0,1.0,0.0,0.0,0.0,0.0,0.0,0.0,1.0,0.0,1.0,0.0,0.0,0.0,0.0,2.0,2.0,-1.0
0020200016,1610612739,CLE,Cleveland,2470,Smush Parker,Smush,,,0:04,0.0,0.0,0.0,0.0,0.0,0.0,0.0,0.0,0.0,0.0,0.0,0.0,0.0,0.0,0.0,0.0,0.0,0.0,-2.0
0020200016,1610612739,CLE,Cleveland,2205,DeSagana Diop,DeSagana,F,,4:42,0.0,0.0,0.0,0.0,0.0,0.0,0.0,0.0,0.0,0.0,2.0,2.0,0.0,0.0,2.0,0.0,0.0,0.0,7.0
0020200016,1610612739,CLE,Cleveland,2006,,,, ,,,,,,,,,,,,,,,,,,,,
0020200016,1610612739,CLE,Cleveland,2096,,,, ,,,,,,,,,,,,,,,,,,,,
0020200016,1610612739,CLE,Cleveland,2174,,,, ,,,,,,,,,,,,,,,,,,,,
0020200016,1610612739,CLE,Cleveland,1992,,,, ,,,,,,,,,,,,,,,,,,,,
0020200016,1610612739,CLE,Cleveland,1781,,,, ,,,,,,,,,,,,,,,,,,,,
0020200016,1610612739,CLE,Cleveland,1786,,,, ,,,,,,,,,,,,,,,,,,,,
0020200016,1610612739,CLE,Cleveland,1241,,,, ,,,,,,,,,,,,,,,,,,,,
0020200016,1610612739,CLE,Cleveland,2036,Chris Mihm,Chris,,DND - Strained left hamstring.,,,,,,,,,,,,,,,,,,,,
0020200016,1610612746,LAC,Los Angeles,1894,Corey Maggette,Corey,G,,28:37,6.0,8.0,0.75,0.0,0.0,0.0,5.0,6.0,0.833,2.0,2.0,4.0,3.0,1.0,2.0,4.0,3.0,17.0,-4.0
0020200016,1610612746,LAC,Los Angeles,1882,Elton Brand,Elton,F,,26:45,0.0,6.0,0.0,0.0,0.0,0.0,0.0,0.0,0.0,1.0,2.0,3.0,0.0,0.0,3.0,1.0,1.0,0.0,0.0
0020200016,1610612746,LAC,Los Angeles,1709,Michael Olowokandi,Michael,G,,39:24,9.0,18.0,0.5,0.0,0.0,0.0,0.0,0.0,0.0,3.0,10.0,13.0,0.0,0.0,2.0,1.0,2.0,18.0,-6.0
0020200016,1610612746,LAC,Los Angeles,1889,Andre Miller,Andre,G,,41:18,5.0,9.0,0.556,0.0,0.0,0.0,5.0,7.0,0.714,2.0,4.0,6.0,14.0,1.0,0.0,1.0,3.0,15.0,2.0
0020200016,1610612746,LAC,Los Angeles,2047,Quentin Richardson,Quentin,G,,36:12,6.0,11.0,0.545,2.0,6.0,0.333,3.0,6.0,0.5,0.0,7.0,7.0,3.0,1.0,1.0,4.0,4.0,17.0,4.0
0020200016,1610612746,LAC,Los Angeles,399,Sean Rooks,Sean,G,,21:02,3.0,6.0,0.5,0.0,0.0,0.0,0.0,0.0,0.0,0.0,1.0,1.0,1.0,0.0,1.0,0.0,4.0,6.0,-2.0
0020200016,1610612746,LAC,Los Angeles,15,Eric Piatkowski,Eric,F,,22:49,3.0,9.0,0.333,1.0,5.0,0.2,2.0,2.0,1.0,1.0,0.0,1.0,0.0,0.0,0.0,2.0,3.0,9.0,-3.0
0020200016,1610612746,LAC,Los Angeles,2404,Chris Wilcox,Chris,,,8:36,1.0,1.0,1.0,0.0,0.0,0.0,0.0,0.0,0.0,1.0,1.0,2.0,0.0,0.0,0.0,2.0,1.0,2.0,4.0
0020200016,1610612746,LAC,Los Angeles,2060,Marko Jaric,Marko,,,8:35,1.0,2.0,0.5,1.0,1.0,1.0,0.0,0.0,0.0,0.0,1.0,1.0,1.0,1.0,0.0,0.0,1.0,3.0,-1.0
0020200016,1610612746,LAC,Los Angeles,2039,Keyon Dooling,Keyon,,,6:42,4.0,5.0,0.8,1.0,1.0,1.0,0.0,0.0,0.0,1.0,0.0,1.0,0.0,0.0,0.0,2.0,1.0,9.0,-4.0
0020200016,1610612746,LAC,Los Angeles,1243,,,, ,,,,,,,,,,,,,,,,,,,,
0020200016,1610612746,LAC,Los Angeles,1210,,,, ,,,,,,,,,,,,,,,,,,,,
0020200016,1610612746,LAC,Los Angeles,1672,,,, ,,,,,,,,,,,,,,,,,,,,
0020200016,1610612746,LAC,Los Angeles,1996,,,, ,,,,,,,,,,,,,,,,,,,,
0020200016,1610612746,LAC,Los Angeles,2166,,,, ,,,,,,,,,,,,,,,,,,,,
0020200016,1610612746,LAC,Los Angeles,2010,,,, ,,,,,,,,,,,,,,,,,,,,
0020200016,1610612746,LAC,Los Angeles,685,Cherokee Parks,Cherokee,,DNP - Coach's Decision,,,,,,,,,,,,,,,,,,,,
0020200016,1610612746,LAC,Los Angeles,1917,Wang Zhi-zhi,Wang,,DNP - Coach's Decision,,,,,,,,,,,,,,,,,,,,
0020200005,1610612749,MIL,Milwaukee,1501,Tim Thomas,Tim,F,,33:21,2.0,7.0,0.286,1.0,2.0,0.5,3.0,4.0,0.75,0.0,7.0,7.0,4.0,3.0,1.0,0.0,3.0,8.0,0.0
0020200005,1610612749,MIL,Milwaukee,679,Jason Caffey,Jason,F,,24:53,1.0,7.0,0.143,0.0,0.0,0.0,3.0,4.0,0.75,2.0,1.0,3.0,0.0,1.0,2.0,1.0,2.0,5.0,-7.0
0020200005,1610612749,MIL,Milwaukee,2429,Dan Gadzuric,Dan,C,,24:35,0.0,1.0,0.0,0.0,0.0,0.0,2.0,2.0,1.0,3.0,3.0,6.0,1.0,0.0,2.0,2.0,2.0,2.0,-11.0
0020200005,1610612749,MIL,Milwaukee,208,Sam Cassell,Sam,G,,36:25,7.0,17.0,0.412,1.0,4.0,0.25,2.0,3.0,0.667,0.0,6.0,6.0,3.0,1.0,0.0,4.0,5.0,17.0,-9.0
0020200005,1610612749,MIL,Milwaukee,951,Ray Allen,Ray,G,,33:35,10.0,19.0,0.526,3.0,8.0,0.375,5.0,6.0,0.833,0.0,1.0,1.0,2.0,0.0,0.0,5.0,5.0,28.0,-7.0
0020200005,1610612749,MIL,Milwaukee,2072,Michael Redd,Michael,G,,27:05,5.0,15.0,0.333,1.0,3.0,0.333,0.0,0.0,0.0,1.0,3.0,4.0,2.0,1.0,0.0,0.0,0.0,11.0,7.0
0020200005,1610612749,MIL,Milwaukee,389,Toni Kukoc,Toni,F,,28:25,6.0,12.0,0.5,4.0,7.0,0.571,2.0,2.0,1.0,0.0,4.0,4.0,3.0,3.0,1.0,1.0,3.0,18.0,7.0
0020200005,1610612749,MIL,Milwaukee,911,Ervin Johnson,Ervin,G,,20:03,0.0,0.0,0.0,0.0,0.0,0.0,0.0,0.0,0.0,0.0,3.0,3.0,0.0,1.0,0.0,0.0,5.0,0.0,3.0
0020200005,1610612749,MIL,Milwaukee,1563,Kevin Ollie,Kevin,F,,11:38,1.0,1.0,1.0,0.0,0.0,0.0,2.0,2.0,1.0,0.0,1.0,1.0,4.0,1.0,0.0,3.0,0.0,4.0,7.0
0020200005,1610612749,MIL,Milwaukee,1796,,,, ,,,,,,,,,,,,,,,,,,,,
0020200005,1610612749,MIL,Milwaukee,1334,,,, ,,,,,,,,,,,,,,,,,,,,
0020200005,1610612749,MIL,Milwaukee,1355,,,, ,,,,,,,,,,,,,,,,,,,,
0020200005,1610612749,MIL,Milwaukee,2157,,,, ,,,,,,,,,,,,,,,,,,,,
0020200005,1610612749,MIL,Milwaukee,2517,,,, ,,,,,,,,,,,,,,,,,,,,
0020200005,1610612749,MIL,Milwaukee,2409,Marcus Haislip,Marcus,,DNP - Coach's Decision,,,,,,,,,,,,,,,,,,,,
0020200005,1610612749,MIL,Milwaukee,193,Anthony Mason,Anthony,,DND - Sore Left Hamstring,,,,,,,,,,,,,,,,,,,,
0020200005,1610612749,MIL,Milwaukee,2436,Flip Murray,Flip,,DNP - Coach's Decision,,,,,,,,,,,,,,,,,,,,
0020200005,1610612755,PHI,Philadelphia,243,Aaron McKie,Aaron,F,,40:14,7.0,12.0,0.583,2.0,4.0,0.5,2.0,3.0,0.667,1.0,5.0,6.0,2.0,1.0,0.0,2.0,4.0,18.0,-1.0
0020200005,1610612755,PHI,Philadelphia,1496,Keith Van Horn,Keith,F,,36:37,5.0,18.0,0.278,2.0,5.0,0.4,4.0,4.0,1.0,2.0,6.0,8.0,0.0,2.0,0.0,4.0,3.0,16.0,5.0
0020200005,1610612755,PHI,Philadelphia,1928,Todd MacCulloch,Todd,G,,30:06,2.0,6.0,0.333,0.0,0.0,0.0,6.0,8.0,0.75,6.0,8.0,14.0,1.0,1.0,0.0,0.0,2.0,10.0,6.0
0020200005,1610612755,PHI,Philadelphia,727,Eric Snow,Eric,G,,35:35,4.0,15.0,0.267,0.0,1.0,0.0,4.0,5.0,0.8,5.0,3.0,8.0,7.0,1.0,0.0,4.0,5.0,12.0,8.0
0020200005,1610612755,PHI,Philadelphia,947,Allen Iverson,Allen,G,,40:23,9.0,25.0,0.36,0.0,7.0,0.0,10.0,13.0,0.769,2.0,1.0,3.0,7.0,3.0,0.0,4.0,1.0,28.0,1.0
0020200005,1610612755,PHI,Philadelphia,2422,John Salmons,John,G,,15:49,1.0,2.0,0.5,1.0,1.0,1.0,0.0,0.0,0.0,1.0,1.0,2.0,3.0,1.0,1.0,2.0,3.0,3.0,2.0
0020200005,1610612755,PHI,Philadelphia,1609,Art Long,Art,G,,15:43,1.0,4.0,0.25,0.0,0.0,0.0,0.0,2.0,0.0,1.0,1.0,2.0,0.0,0.0,2.0,1.0,1.0,2.0,-7.0
0020200005,1610612755,PHI,Philadelphia,1730,Brian Skinner,Brian,F,,20:49,2.0,3.0,0.667,0.0,0.0,0.0,2.0,2.0,1.0,5.0,8.0,13.0,0.0,0.0,0.0,3.0,2.0,6.0,-1.0
0020200005,1610612755,PHI,Philadelphia,95,Mark Bryant,Mark,F,,4:44,0.0,1.0,0.0,0.0,0.0,0.0,0.0,0.0,0.0,1.0,1.0,2.0,0.0,0.0,0.0,1.0,0.0,0.0,-3.0
0020200005,1610612755,PHI,Philadelphia,2520,,,, ,,,,,,,,,,,,,,,,,,,,
0020200005,1610612755,PHI,Philadelphia,2389,,,, ,,,,,,,,,,,,,,,,,,,,
0020200005,1610612755,PHI,Philadelphia,1865,,,, ,,,,,,,,,,,,,,,,,,,,
0020200005,1610612755,PHI,Philadelphia,1212,,,, ,,,,,,,,,,,,,,,,,,,,
0020200005,1610612755,PHI,Philadelphia,1259,,,, ,,,,,,,,,,,,,,,,,,,,
0020200005,1610612755,PHI,Philadelphia,1285,,,, ,,,,,,,,,,,,,,,,,,,,
0020200005,1610612755,PHI,Philadelphia,1308,,,, ,,,,,,,,,,,,,,,,,,,,
0020200005,1610612755,PHI,Philadelphia,1761,Greg Buckner,Greg,,DND - Right Knee Sprain,,,,,,,,,,,,,,,,,,,,
0020200005,1610612755,PHI,Philadelphia,934,Derrick Coleman,Derrick,,DND - Left Knee Rehab,,,,,,,,,,,,,,,,,,,,
0020200005,1610612755,PHI,Philadelphia,981,Efthimios Rentzias,Efthimios,,DNP - Coach's Decision,,,,,,,,,,,,,,,,,,,,
0020200013,1610612762,UTA,Utah,1905,Andrei Kirilenko,Andrei,G,,27:23,3.0,7.0,0.429,0.0,0.0,0.0,1.0,2.0,0.5,2.0,4.0,6.0,1.0,0.0,0.0,3.0,4.0,7.0,-5.0
0020200013,1610612762,UTA,Utah,252,Karl Malone,Karl,G,,33:09,5.0,16.0,0.313,0.0,0.0,0.0,10.0,13.0,0.769,2.0,4.0,6.0,4.0,0.0,0.0,2.0,3.0,20.0,-10.0
0020200013,1610612762,UTA,Utah,731,Greg Ostertag,Greg,F,,23:03,1.0,3.0,0.333,0.0,0.0,0.0,1.0,4.0,0.25,2.0,1.0,3.0,1.0,0.0,2.0,0.0,5.0,3.0,-1.0
0020200013,1610612762,UTA,Utah,304,John Stockton,John,G,,25:42,6.0,9.0,0.667,0.0,0.0,0.0,2.0,3.0,0.667,1.0,3.0,4.0,4.0,1.0,0.0,6.0,2.0,14.0,-12.0
0020200013,1610612762,UTA,Utah,2052,DeShawn Stevenson,DeShawn,G,,26:15,5.0,10.0,0.5,0.0,0.0,0.0,2.0,2.0,1.0,2.0,3.0,5.0,1.0,1.0,0.0,1.0,1.0,12.0,3.0
0020200013,1610612762,UTA,Utah,349,Mark Jackson,Mark,C,,21:16,2.0,5.0,0.4,0.0,0.0,0.0,0.0,1.0,0.0,3.0,4.0,7.0,1.0,0.0,0.0,2.0,1.0,4.0,-16.0
0020200013,1610612762,UTA,Utah,2260,Jarron Collins,Jarron,G,,21:41,0.0,2.0,0.0,0.0,0.0,0.0,0.0,0.0,0.0,2.0,3.0,5.0,1.0,0.0,0.0,0.0,4.0,0.0,-19.0
0020200013,1610612762,UTA,Utah,384,Calbert Cheaney,Calbert,F,,14:35,2.0,8.0,0.25,0.0,1.0,0.0,0.0,0.0,0.0,0.0,1.0,1.0,1.0,1.0,0.0,1.0,2.0,4.0,-14.0
0020200013,1610612762,UTA,Utah,1723,Matt Harpring,Matt,G,,22:39,3.0,8.0,0.375,0.0,1.0,0.0,1.0,2.0,0.5,0.0,1.0,1.0,2.0,1.0,0.0,3.0,2.0,7.0,-21.0
0020200013,1610612762,UTA,Utah,680,John Amaechi,John,,,13:01,1.0,3.0,0.333,0.0,0.0,0.0,0.0,0.0,0.0,1.0,2.0,3.0,0.0,0.0,0.0,2.0,0.0,2.0,-14.0
0020200013,1610612762,UTA,Utah,1909,Scott Padgett,Scott,,,5:54,0.0,1.0,0.0,0.0,1.0,0.0,0.0,0.0,0.0,0.0,1.0,1.0,1.0,0.0,0.0,0.0,1.0,0.0,-10.0
0020200013,1610612762,UTA,Utah,2306,Carlos Arroyo,Carlos,,,5:22,1.0,1.0,1.0,0.0,0.0,0.0,0.0,0.0,0.0,0.0,1.0,1.0,0.0,0.0,0.0,0.0,0.0,2.0,-6.0
0020200013,1610612762,UTA,Utah,1345,,,, ,,,,,,,,,,,,,,,,,,,,
0020200013,1610612762,UTA,Utah,1347,,,, ,,,,,,,,,,,,,,,,,,,,
0020200013,1610612762,UTA,Utah,1372,,,, ,,,,,,,,,,,,,,,,,,,,
0020200013,1610612762,UTA,Utah,1228,,,, ,,,,,,,,,,,,,,,,,,,,
0020200013,1610612762,UTA,Utah,1794,,,, ,,,,,,,,,,,,,,,,,,,,
0020200013,1610612740,NOH,New Orleans,469,Jamal Mashburn,Jamal,G,,33:21,4.0,14.0,0.286,0.0,1.0,0.0,8.0,12.0,0.667,1.0,8.0,9.0,3.0,0.0,0.0,3.0,2.0,16.0,8.0
0020200013,1610612740,NOH,New Orleans,136,P.J. Brown,P.J.,F,,35:52,2.0,7.0,0.286,0.0,0.0,0.0,4.0,4.0,1.0,4.0,3.0,7.0,1.0,2.0,0.0,1.0,3.0,8.0,21.0
0020200013,1610612740,NOH,New Orleans,2048,Jamaal Magloire,Jamaal,G,,29:26,1.0,8.0,0.125,0.0,0.0,0.0,1.0,2.0,0.5,6.0,2.0,8.0,0.0,2.0,1.0,2.0,5.0,3.0,25.0
0020200013,1610612740,NOH,New Orleans,1884,Baron Davis,Baron,G,,38:02,7.0,14.0,0.5,4.0,6.0,0.667,3.0,4.0,0.75,1.0,4.0,5.0,10.0,2.0,0.0,1.0,3.0,21.0,23.0
0020200013,1610612740,NOH,New Orleans,133,David Wesley,David,G,,39:42,6.0,17.0,0.353,1.0,2.0,0.5,2.0,4.0,0.5,0.0,2.0,2.0,3.0,4.0,0.0,1.0,2.0,15.0,24.0
0020200013,1610612740,NOH,New Orleans,248,George Lynch,George,,,8:01,1.0,1.0,1.0,0.0,0.0,0.0,0.0,0.0,0.0,1.0,2.0,3.0,1.0,0.0,0.0,0.0,3.0,2.0,-3.0
0020200013,1610612740,NOH,New Orleans,2042,Courtney Alexander,Courtney,C,,24:46,6.0,10.0,0.6,1.0,1.0,1.0,6.0,7.0,0.857,0.0,0.0,0.0,2.0,0.0,0.0,0.0,1.0,19.0,16.0
0020200013,1610612740,NOH,New Orleans,2040,Jerome Moiso,Jerome,F,,12:08,5.0,5.0,1.0,0.0,0.0,0.0,0.0,0.0,0.0,0.0,2.0,2.0,0.0,1.0,0.0,1.0,1.0,10.0,4.0
0020200013,1610612740,NOH,New Orleans,1714,Robert Traylor,Robert,G,,14:44,3.0,4.0,0.75,0.0,0.0,0.0,0.0,0.0,0.0,3.0,1.0,4.0,1.0,1.0,1.0,0.0,5.0,6.0,3.0
0020200013,1610612740,NOH,New Orleans,2213,Kirk Haston,Kirk,,,3:58,0.0,0.0,0.0,0.0,0.0,0.0,0.0,0.0,0.0,0.0,1.0,1.0,1.0,0.0,1.0,1.0,1.0,0.0,4.0
0020200013,1610612740,NOH,New Orleans,2377,,,, ,,,,,,,,,,,,,,,,,,,,
0020200013,1610612740,NOH,New Orleans,2152,,,, ,,,,,,,,,,,,,,,,,,,,
0020200013,1610612740,NOH,New Orleans,1218,,,, ,,,,,,,,,,,,,,,,,,,,
0020200013,1610612740,NOH,New Orleans,1304,,,, ,,,,,,,,,,,,,,,,,,,,
0020200013,1610612740,NOH,New Orleans,1316,,,, ,,,,,,,,,,,,,,,,,,,,
0020200013,1610612740,NOH,New Orleans,278,Stacey Augmon,Stacey,,DNP - Coach's Decision,,,,,,,,,,,,,,,,,,,,
0020200013,1610612740,NOH,New Orleans,1724,Bryce Drew,Bryce,,"DND - orbital wall fracture, left eye",,,,,,,,,,,,,,,,,,,,
0020200010,1610612752,NYK,New York,1000,Shandon Anderson,Shandon,G,,36:43,1.0,3.0,0.333,0.0,0.0,0.0,0.0,0.0,0.0,0.0,3.0,3.0,3.0,3.0,1.0,3.0,6.0,2.0,5.0
0020200010,1610612752,NYK,New York,970,Othella Harrington,Othella,F,,39:26,5.0,10.0,0.5,0.0,0.0,0.0,0.0,0.0,0.0,3.0,2.0,5.0,0.0,1.0,0.0,1.0,5.0,10.0,-7.0
0020200010,1610612752,NYK,New York,703,Kurt Thomas,Kurt,C,,35:57,7.0,13.0,0.538,0.0,0.0,0.0,3.0,6.0,0.5,1.0,9.0,10.0,1.0,0.0,3.0,1.0,5.0,17.0,-10.0
0020200010,1610612752,NYK,New York,275,Allan Houston,Allan,G,,35:15,11.0,27.0,0.407,1.0,4.0,0.25,8.0,9.0,0.889,0.0,3.0,3.0,4.0,3.0,0.0,4.0,4.0,31.0,0.0
0020200010,1610612752,NYK,New York,369,Charlie Ward,Charlie,G,,39:53,3.0,10.0,0.3,2.0,6.0,0.333,0.0,0.0,0.0,0.0,3.0,3.0,3.0,3.0,0.0,1.0,4.0,8.0,-5.0
0020200010,1610612752,NYK,New York,969,Travis Knight,Travis,,,16:22,1.0,5.0,0.2,0.0,0.0,0.0,0.0,0.0,0.0,1.0,1.0,2.0,1.0,0.0,0.0,1.0,1.0,2.0,-2.0
0020200010,1610612752,NYK,New York,221,Clar. Weatherspoon,Clar.,F,,19:05,2.0,7.0,0.286,0.0,0.0,0.0,0.0,0.0,0.0,3.0,2.0,5.0,0.0,0.0,0.0,0.0,3.0,4.0,-12.0
0020200010,1610612752,NYK,New York,458,Howard Eisley,Howard,G,,17:18,1.0,7.0,0.143,0.0,2.0,0.0,1.0,1.0,1.0,1.0,1.0,2.0,5.0,0.0,0.0,0.0,1.0,3.0,-14.0
0020200010,1610612752,NYK,New York,1298,,,, ,,,,,,,,,,,,,,,,,,,,
0020200010,1610612752,NYK,New York,1301,,,, ,,,,,,,,,,,,,,,,,,,,
0020200010,1610612752,NYK,New York,1302,,,, ,,,,,,,,,,,,,,,,,,,,
0020200010,1610612752,NYK,New York,1790,,,, ,,,,,,,,,,,,,,,,,,,,
0020200010,1610612752,NYK,New York,1791,,,, ,,,,,,,,,,,,,,,,,,,,
0020200010,1610612752,NYK,New York,2168,,,, ,,,,,,,,,,,,,,,,,,,,
0020200010,1610612752,NYK,New York,2518,,,, ,,,,,,,,,,,,,,,,,,,,
0020200010,1610612752,NYK,New York,2519,,,, ,,,,,,,,,,,,,,,,,,,,
0020200010,1610612752,NYK,New York,1720,Michael Doleac,Michael,,DND - STRAINED LEFT HAMSTRING,,,,,,,,,,,,,,,,,,,,
0020200010,1610612752,NYK,New York,1924,Lee Nailon,Lee,,NOT WITH TEAM - SIGNED EARLIER,,,,,,,,,,,,,,,,,,,,
0020200010,1610612752,NYK,New York,998,Mark Pope,Mark,,DNP - Coach's Decision,,,,,,,,,,,,,,,,,,,,
0020200010,1610612752,NYK,New York,2421,Frank Williams,Frank,,DNP - Coach's Decision,,,,,,,,,,,,,,,,,,,,
0020200010,1610612765,DET,Detroit,688,Michael Curry,Michael,F,,26:15,0.0,2.0,0.0,0.0,0.0,0.0,2.0,2.0,1.0,0.0,3.0,3.0,1.0,0.0,1.0,1.0,4.0,2.0,-1.0
0020200010,1610612765,DET,Detroit,1112,Ben Wallace,Ben,F,,40:27,1.0,2.0,0.5,0.0,0.0,0.0,2.0,2.0,1.0,3.0,11.0,14.0,1.0,2.0,2.0,3.0,4.0,4.0,11.0
0020200010,1610612765,DET,Detroit,1442,Zeljko Rebraca,Zeljko,C,,22:11,4.0,6.0,0.667,0.0,0.0,0.0,2.0,2.0,1.0,4.0,5.0,9.0,1.0,2.0,0.0,3.0,4.0,10.0,-3.0
0020200010,1610612765,DET,Detroit,1888,Richard Hamilton,Richard,G,,27:59,8.0,21.0,0.381,1.0,4.0,0.25,5.0,6.0,0.833,2.0,4.0,6.0,1.0,0.0,0.0,2.0,2.0,22.0,-1.0
0020200010,1610612765,DET,Detroit,1497,Chauncey Billups,Chauncey,G,,22:54,5.0,9.0,0.556,1.0,3.0,0.333,5.0,6.0,0.833,1.0,0.0,1.0,2.0,1.0,0.0,3.0,2.0,16.0,-6.0
0020200010,1610612765,DET,Detroit,361,Clifford Robinson,Clifford,F,,33:22,2.0,7.0,0.286,0.0,3.0,0.0,2.0,4.0,0.5,2.0,4.0,6.0,3.0,0.0,3.0,4.0,2.0,6.0,10.0
0020200010,1610612765,DET,Detroit,468,Jon Barry,Jon,G,,13:16,1.0,1.0,1.0,0.0,0.0,0.0,0.0,0.0,0.0,0.0,1.0,1.0,0.0,0.0,0.0,1.0,2.0,2.0,10.0
0020200010,1610612765,DET,Detroit,1088,Chucky Atkins,Chucky,G,,25:06,3.0,10.0,0.3,3.0,8.0,0.375,3.0,4.0,0.75,0.0,3.0,3.0,4.0,0.0,0.0,1.0,1.0,12.0,15.0
0020200010,1610612765,DET,Detroit,722,Corliss Williamson,Corliss,F,,21:36,3.0,10.0,0.3,0.0,0.0,0.0,4.0,5.0,0.8,1.0,4.0,5.0,1.0,0.0,0.0,2.0,4.0,10.0,12.0
0020200010,1610612765,DET,Detroit,2419,Tayshaun Prince,Tayshaun,G,,6:54,0.0,0.0,0.0,0.0,0.0,0.0,2.0,2.0,1.0,1.0,1.0,2.0,1.0,0.0,0.0,1.0,0.0,2.0,-2.0
0020200010,1610612765,DET,Detroit,2167,,,, ,,,,,,,,,,,,,,,,,,,,
0020200010,1610612765,DET,Detroit,1655,,,, ,,,,,,,,,,,,,,,,,,,,
0020200010,1610612765,DET,Detroit,1247,,,, ,,,,,,,,,,,,,,,,,,,,
0020200010,1610612765,DET,Detroit,1311,,,, ,,,,,,,,,,,,,,,,,,,,
0020200010,1610612765,DET,Detroit,1320,,,, ,,,,,,,,,,,,,,,,,,,,
0020200010,1610612765,DET,Detroit,93,Hubert Davis,Hubert,,DNP - Coach's Decision,,,,,,,,,,,,,,,,,,,,
0020200010,1610612765,DET,Detroit,2246,Mehmet Okur,Mehmet,,DNP - Coach's Decision,,,,,,,,,,,,,,,,,,,,
0020200012,1610612742,DAL,Dallas,2059,Eduardo Najera,Eduardo,F,,24:21,5.0,5.0,1.0,0.0,0.0,0.0,2.0,2.0,1.0,4.0,6.0,10.0,1.0,2.0,0.0,0.0,3.0,12.0,9.0
0020200012,1610612742,DAL,Dallas,1717,Dirk Nowitzki,Dirk,F,,40:44,10.0,20.0,0.5,0.0,5.0,0.0,0.0,1.0,0.0,1.0,10.0,11.0,7.0,1.0,1.0,4.0,2.0,20.0,9.0
0020200012,1610612742,DAL,Dallas,1711,Raef LaFrentz,Raef,F,,31:31,6.0,10.0,0.6,2.0,3.0,0.667,0.0,0.0,0.0,4.0,2.0,6.0,2.0,1.0,0.0,0.0,6.0,14.0,-2.0
0020200012,1610612742,DAL,Dallas,959,Steve Nash,Steve,G,,37:09,8.0,14.0,0.571,3.0,4.0,0.75,5.0,7.0,0.714,0.0,1.0,1.0,13.0,2.0,0.0,3.0,4.0,24.0,12.0
0020200012,1610612742,DAL,Dallas,714,Michael Finley,Michael,G,,38:09,9.0,23.0,0.391,1.0,4.0,0.25,2.0,4.0,0.5,2.0,1.0,3.0,3.0,1.0,0.0,2.0,1.0,21.0,18.0
0020200012,1610612742,DAL,Dallas,1559,Adrian Griffin,Adrian,C,,10:09,0.0,0.0,0.0,0.0,0.0,0.0,0.0,0.0,0.0,1.0,5.0,6.0,0.0,1.0,0.0,0.0,4.0,0.0,-2.0
0020200012,1610612742,DAL,Dallas,762,Shawn Bradley,Shawn,F,,12:48,1.0,4.0,0.25,0.0,0.0,0.0,2.0,2.0,1.0,0.0,3.0,3.0,0.0,2.0,1.0,0.0,1.0,4.0,9.0
0020200012,1610612742,DAL,Dallas,89,Nick Van Exel,Nick,F,,28:26,5.0,13.0,0.385,2.0,6.0,0.333,4.0,4.0,1.0,0.0,2.0,2.0,4.0,1.0,0.0,3.0,2.0,16.0,-2.0
0020200012,1610612742,DAL,Dallas,1005,Walt Williams,Walt,G,,16:43,3.0,6.0,0.5,2.0,2.0,1.0,0.0,0.0,0.0,1.0,3.0,4.0,2.0,0.0,1.0,1.0,2.0,8.0,4.0
0020200012,1610612742,DAL,Dallas,1370,,,, ,,,,,,,,,,,,,,,,,,,,
0020200012,1610612742,DAL,Dallas,1483,,,, ,,,,,,,,,,,,,,,,,,,,
0020200012,1610612742,DAL,Dallas,1233,,,, ,,,,,,,,,,,,,,,,,,,,
0020200012,1610612742,DAL,Dallas,1269,,,, ,,,,,,,,,,,,,,,,,,,,
0020200012,1610612742,DAL,Dallas,1317,,,, ,,,,,,,,,,,,,,,,,,,,
0020200012,1610612742,DAL,Dallas,2154,,,, ,,,,,,,,,,,,,,,,,,,,
0020200012,1610612742,DAL,Dallas,2378,,,, ,,,,,,,,,,,,,,,,,,,,
0020200012,1610612742,DAL,Dallas,1952,Raja Bell,Raja,,DNP - Coach's Decision,,,,,,,,,,,,,,,,,,,,
0020200012,1610612742,DAL,Dallas,1915,Evan Eschmeyer,Evan,,DNP - Coach's Decision,,,,,,,,,,,,,,,,,,,,
0020200012,1610612742,DAL,Dallas,422,Avery Johnson,Avery,,DNP - Coach's Decision,,,,,,,,,,,,,,,,,,,,
0020200012,1610612763,MEM,Memphis,445,Wesley Person,Wesley,G,,22:56,0.0,2.0,0.0,0.0,2.0,0.0,0.0,0.0,0.0,0.0,6.0,6.0,2.0,1.0,0.0,1.0,2.0,0.0,-14.0
0020200012,1610612763,MEM,Memphis,2400,Drew Gooden,Drew,F,,26:53,8.0,12.0,0.667,0.0,0.0,0.0,0.0,2.0,0.0,1.0,3.0,4.0,2.0,1.0,1.0,2.0,2.0,16.0,-13.0
0020200012,1610612763,MEM,Memphis,2200,Pau Gasol,Pau,C,,40:06,10.0,12.0,0.833,0.0,0.0,0.0,7.0,15.0,0.467,4.0,6.0,10.0,3.0,0.0,1.0,5.0,3.0,27.0,-15.0
0020200012,1610612763,MEM,Memphis,1715,Jason Williams,Jason,G,,26:38,4.0,11.0,0.364,1.0,6.0,0.167,0.0,0.0,0.0,0.0,4.0,4.0,8.0,0.0,0.0,6.0,0.0,9.0,-13.0
0020200012,1610612763,MEM,Memphis,1722,Michael Dickerson,Michael,G,,18:23,3.0,6.0,0.5,0.0,2.0,0.0,0.0,0.0,0.0,0.0,1.0,1.0,1.0,0.0,1.0,2.0,2.0,6.0,-7.0
0020200012,1610612763,MEM,Memphis,1921,Gordan Giricek,Gordan,G,,31:05,10.0,13.0,0.769,4.0,6.0,0.667,5.0,8.0,0.625,0.0,5.0,5.0,1.0,1.0,0.0,3.0,1.0,29.0,-5.0
0020200012,1610612763,MEM,Memphis,2203,Shane Battier,Shane,G,,29:14,4.0,10.0,0.4,0.0,3.0,0.0,1.0,2.0,0.5,0.0,3.0,3.0,3.0,3.0,0.0,1.0,0.0,9.0,4.0
0020200012,1610612763,MEM,Memphis,953,Lorenzen Wright,Lorenzen,F,,6:21,1.0,4.0,0.25,0.0,0.0,0.0,3.0,4.0,0.75,1.0,2.0,3.0,0.0,0.0,0.0,0.0,1.0,5.0,-2.0
0020200012,1610612763,MEM,Memphis,1510,Brevin Knight,Brevin,F,,21:28,2.0,3.0,0.667,0.0,0.0,0.0,1.0,1.0,1.0,0.0,3.0,3.0,4.0,1.0,0.0,1.0,3.0,5.0,2.0
0020200012,1610612763,MEM,Memphis,2248,Earl Watson,Earl,F,,16:56,1.0,4.0,0.25,0.0,2.0,0.0,0.0,0.0,0.0,0.0,1.0,1.0,4.0,2.0,0.0,0.0,4.0,2.0,8.0
0020200012,1610612763,MEM,Memphis,2353,,,, ,,,,,,,,,,,,,,,,,,,,
0020200012,1610612763,MEM,Memphis,1994,,,, ,,,,,,,,,,,,,,,,,,,,
0020200012,1610612763,MEM,Memphis,2163,,,, ,,,,,,,,,,,,,,,,,,,,
0020200012,1610612763,MEM,Memphis,1226,,,, ,,,,,,,,,,,,,,,,,,,,
0020200012,1610612763,MEM,Memphis,1353,,,, ,,,,,,,,,,,,,,,,,,,,
0020200012,1610612763,MEM,Memphis,1356,,,, ,,,,,,,,,,,,,,,,,,,,
0020200012,1610612763,MEM,Memphis,2471,Mike Batiste,Mike,,NWT,,,,,,,,,,,,,,,,,,,,
0020200012,1610612763,MEM,Memphis,2031,Stromile Swift,Stromile,,DND - Flu,,,,,,,,,,,,,,,,,,,,
0020200019,1610612762,UTA,Utah,1905,Andrei Kirilenko,Andrei,F,,23:20,4.0,7.0,0.571,1.0,3.0,0.333,0.0,0.0,0.0,2.0,1.0,3.0,1.0,2.0,1.0,1.0,4.0,9.0,-6.0
0020200019,1610612762,UTA,Utah,252,Karl Malone,Karl,G,,37:00,7.0,15.0,0.467,0.0,0.0,0.0,6.0,6.0,1.0,1.0,8.0,9.0,2.0,2.0,0.0,4.0,3.0,20.0,-13.0
0020200019,1610612762,UTA,Utah,731,Greg Ostertag,Greg,C,,10:31,2.0,4.0,0.5,0.0,0.0,0.0,1.0,2.0,0.5,1.0,3.0,4.0,0.0,0.0,0.0,0.0,2.0,5.0,-9.0
0020200019,1610612762,UTA,Utah,304,John Stockton,John,G,,28:50,5.0,10.0,0.5,1.0,3.0,0.333,4.0,5.0,0.8,1.0,0.0,1.0,11.0,3.0,0.0,4.0,2.0,15.0,-6.0
0020200019,1610612762,UTA,Utah,2052,DeShawn Stevenson,DeShawn,G,,29:21,3.0,11.0,0.273,0.0,0.0,0.0,2.0,2.0,1.0,1.0,4.0,5.0,2.0,1.0,1.0,3.0,1.0,8.0,-10.0
0020200019,1610612762,UTA,Utah,2260,Jarron Collins,Jarron,G,,30:42,5.0,8.0,0.625,0.0,0.0,0.0,8.0,11.0,0.727,4.0,1.0,5.0,1.0,0.0,0.0,2.0,2.0,18.0,-7.0
0020200019,1610612762,UTA,Utah,349,Mark Jackson,Mark,F,,19:10,1.0,5.0,0.2,0.0,1.0,0.0,0.0,0.0,0.0,1.0,2.0,3.0,4.0,0.0,0.0,3.0,2.0,2.0,-1.0
0020200019,1610612762,UTA,Utah,384,Calbert Cheaney,Calbert,F,,6:39,1.0,2.0,0.5,0.0,0.0,0.0,0.0,0.0,0.0,0.0,0.0,0.0,0.0,0.0,1.0,1.0,3.0,2.0,-4.0
0020200019,1610612762,UTA,Utah,1723,Matt Harpring,Matt,G,,31:41,5.0,13.0,0.385,2.0,2.0,1.0,7.0,7.0,1.0,3.0,2.0,5.0,1.0,2.0,0.0,2.0,4.0,19.0,4.0
0020200019,1610612762,UTA,Utah,680,John Amaechi,John,,,7:42,0.0,0.0,0.0,0.0,0.0,0.0,0.0,0.0,0.0,0.0,0.0,0.0,0.0,1.0,0.0,1.0,0.0,0.0,4.0
0020200019,1610612762,UTA,Utah,1909,Scott Padgett,Scott,C,,10:05,0.0,1.0,0.0,0.0,1.0,0.0,0.0,0.0,0.0,0.0,0.0,0.0,1.0,1.0,0.0,0.0,1.0,0.0,11.0
0020200019,1610612762,UTA,Utah,2306,Carlos Arroyo,Carlos,F,,4:59,0.0,1.0,0.0,0.0,0.0,0.0,0.0,0.0,0.0,0.0,1.0,1.0,0.0,0.0,0.0,0.0,1.0,0.0,2.0
0020200019,1610612762,UTA,Utah,1345,,,, ,,,,,,,,,,,,,,,,,,,,
0020200019,1610612762,UTA,Utah,1347,,,, ,,,,,,,,,,,,,,,,,,,,
0020200019,1610612762,UTA,Utah,1372,,,, ,,,,,,,,,,,,,,,,,,,,
0020200019,1610612762,UTA,Utah,1794,,,, ,,,,,,,,,,,,,,,,,,,,
0020200019,1610612762,UTA,Utah,1228,,,, ,,,,,,,,,,,,,,,,,,,,
0020200019,1610612737,ATL,Atlanta,299,Glenn Robinson,Glenn,F,,39:43,12.0,21.0,0.571,0.0,2.0,0.0,6.0,6.0,1.0,0.0,5.0,5.0,7.0,2.0,0.0,6.0,4.0,30.0,14.0
0020200019,1610612737,ATL,Atlanta,949,Shareef Abdur-Rahim,Shareef,F,,28:19,7.0,13.0,0.538,1.0,3.0,0.333,2.0,7.0,0.286,2.0,3.0,5.0,1.0,0.0,0.0,3.0,4.0,17.0,0.0
0020200019,1610612737,ATL,Atlanta,689,Theo Ratliff,Theo,G,,27:04,4.0,5.0,0.8,0.0,0.0,0.0,1.0,2.0,0.5,2.0,2.0,4.0,2.0,0.0,4.0,3.0,5.0,9.0,3.0
0020200019,1610612737,ATL,Atlanta,1891,Jason Terry,Jason,G,,41:32,5.0,16.0,0.313,2.0,7.0,0.286,9.0,9.0,1.0,0.0,3.0,3.0,13.0,2.0,0.0,6.0,1.0,21.0,10.0
0020200019,1610612737,ATL,Atlanta,1956,Ira Newble,Ira,G,,34:28,4.0,9.0,0.444,0.0,1.0,0.0,2.0,2.0,1.0,1.0,6.0,7.0,2.0,1.0,0.0,0.0,2.0,10.0,18.0
0020200019,1610612737,ATL,Atlanta,673,Alan Henderson,Alan,G,,21:39,3.0,3.0,1.0,0.0,0.0,0.0,4.0,4.0,1.0,5.0,3.0,8.0,0.0,1.0,0.0,1.0,4.0,10.0,14.0
0020200019,1610612737,ATL,Atlanta,176,Antonio Harvey,Antonio,,,12:07,1.0,2.0,0.5,0.0,0.0,0.0,0.0,0.0,0.0,0.0,2.0,2.0,0.0,1.0,2.0,1.0,1.0,2.0,3.0
0020200019,1610612737,ATL,Atlanta,1023,Emanual Davis,Emanual,G,,12:48,0.0,2.0,0.0,0.0,0.0,0.0,0.0,0.0,0.0,0.0,1.0,1.0,0.0,0.0,0.0,0.0,3.0,0.0,-9.0
0020200019,1610612737,ATL,Atlanta,1032,Darvin Ham,Darvin,F,,15:52,2.0,3.0,0.667,0.0,0.0,0.0,0.0,0.0,0.0,2.0,2.0,4.0,0.0,1.0,0.0,0.0,3.0,4.0,-15.0
0020200019,1610612737,ATL,Atlanta,2424,Dan Dickau,Dan,G,,6:28,1.0,2.0,0.5,0.0,1.0,0.0,0.0,0.0,0.0,0.0,0.0,0.0,1.0,1.0,0.0,2.0,0.0,2.0,-3.0
0020200019,1610612737,ATL,Atlanta,2094,,,, ,,,,,,,,,,,,,,,,,,,,
0020200019,1610612737,ATL,Atlanta,2150,,,, ,,,,,,,,,,,,,,,,,,,,
0020200019,1610612737,ATL,Atlanta,2376,,,, ,,,,,,,,,,,,,,,,,,,,
0020200019,1610612737,ATL,Atlanta,1260,,,, ,,,,,,,,,,,,,,,,,,,,
0020200019,1610612737,ATL,Atlanta,1337,,,, ,,,,,,,,,,,,,,,,,,,,
0020200019,1610612737,ATL,Atlanta,1901,Dion Glover,Dion,,DND - Sprained Left Ankle,,,,,,,,,,,,,,,,,,,,
0020200019,1610612737,ATL,Atlanta,1043,Amal McCaskill,Amal,,DNP - Coach's Decision,,,,,,,,,,,,,,,,,,,,
0020200018,1610612738,BOS,Boston,677,Eric Williams,Eric,F,,20:59,2.0,4.0,0.5,1.0,2.0,0.5,0.0,2.0,0.0,0.0,1.0,1.0,1.0,0.0,0.0,0.0,2.0,5.0,4.0
0020200018,1610612738,BOS,Boston,952,Antoine Walker,Antoine,F,,34:12,5.0,16.0,0.313,1.0,6.0,0.167,1.0,1.0,1.0,2.0,7.0,9.0,0.0,1.0,0.0,7.0,2.0,12.0,-28.0
0020200018,1610612738,BOS,Boston,1499,Tony Battie,Tony,C,,14:01,3.0,3.0,1.0,0.0,0.0,0.0,0.0,0.0,0.0,0.0,3.0,3.0,0.0,0.0,0.0,0.0,3.0,6.0,6.0
0020200018,1610612738,BOS,Boston,1718,Paul Pierce,Paul,G,,37:54,3.0,16.0,0.188,0.0,6.0,0.0,6.0,7.0,0.857,0.0,6.0,6.0,6.0,2.0,1.0,1.0,1.0,12.0,-23.0
0020200018,1610612738,BOS,Boston,960,Tony Delk,Tony,G,,24:05,2.0,7.0,0.286,2.0,4.0,0.5,2.0,2.0,1.0,0.0,1.0,1.0,2.0,1.0,0.0,1.0,2.0,8.0,-12.0
0020200018,1610612738,BOS,Boston,452,Vin Baker,Vin,F,,25:29,3.0,9.0,0.333,0.0,1.0,0.0,3.0,4.0,0.75,5.0,0.0,5.0,1.0,0.0,0.0,1.0,1.0,9.0,-28.0
0020200018,1610612738,BOS,Boston,962,Walter McCarty,Walter,F,,19:52,0.0,1.0,0.0,0.0,0.0,0.0,0.0,0.0,0.0,0.0,0.0,0.0,0.0,0.0,0.0,0.0,3.0,0.0,-40.0
0020200018,1610612738,BOS,Boston,1742,Shammond Williams,Shammond,G,,32:17,3.0,8.0,0.375,2.0,2.0,1.0,2.0,2.0,1.0,1.0,0.0,1.0,3.0,1.0,0.0,1.0,3.0,10.0,-43.0
0020200018,1610612738,BOS,Boston,1743,Bruno Sundov,Bruno,G,,15:48,2.0,11.0,0.182,1.0,6.0,0.167,0.0,0.0,0.0,0.0,3.0,3.0,1.0,0.0,0.0,1.0,5.0,5.0,-23.0
0020200018,1610612738,BOS,Boston,2452,J.R. Bremer,J.R.,,,8:54,0.0,3.0,0.0,0.0,3.0,0.0,0.0,0.0,0.0,0.0,1.0,1.0,0.0,0.0,0.0,0.0,0.0,0.0,-21.0
0020200018,1610612738,BOS,Boston,2106,Ruben Wolkowyski,Ruben,,,6:30,1.0,3.0,0.333,0.0,1.0,0.0,0.0,2.0,0.0,0.0,1.0,1.0,0.0,0.0,0.0,0.0,1.0,2.0,-17.0
0020200018,1610612738,BOS,Boston,2345,,,, ,,,,,,,,,,,,,,,,,,,,
0020200018,1610612738,BOS,Boston,2509,,,, ,,,,,,,,,,,,,,,,,,,,
0020200018,1610612738,BOS,Boston,1875,,,, ,,,,,,,,,,,,,,,,,,,,
0020200018,1610612738,BOS,Boston,1639,,,, ,,,,,,,,,,,,,,,,,,,,
0020200018,1610612738,BOS,Boston,1641,,,, ,,,,,,,,,,,,,,,,,,,,
0020200018,1610612738,BOS,Boston,1213,,,, ,,,,,,,,,,,,,,,,,,,,
0020200018,1610612738,BOS,Boston,1321,,,, ,,,,,,,,,,,,,,,,,,,,
0020200018,1610612764,WAS,Washington,935,Bryon Russell,Bryon,F,,20:23,2.0,9.0,0.222,0.0,3.0,0.0,1.0,1.0,1.0,4.0,3.0,7.0,0.0,2.0,0.0,1.0,0.0,5.0,5.0
0020200018,1610612764,WAS,Washington,2198,Kwame Brown,Kwame,F,,31:36,8.0,12.0,0.667,0.0,0.0,0.0,4.0,5.0,0.8,3.0,3.0,6.0,1.0,1.0,6.0,3.0,3.0,20.0,13.0
0020200018,1610612764,WAS,Washington,2217,Brendan Haywood,Brendan,C,,21:32,2.0,5.0,0.4,0.0,0.0,0.0,1.0,1.0,1.0,2.0,9.0,11.0,0.0,0.0,0.0,1.0,4.0,5.0,13.0
0020200018,1610612764,WAS,Washington,711,Jerry Stackhouse,Jerry,G,,38:39,6.0,14.0,0.429,0.0,2.0,0.0,10.0,10.0,1.0,2.0,5.0,7.0,10.0,1.0,0.0,3.0,1.0,22.0,21.0
0020200018,1610612764,WAS,Washington,1716,Larry Hughes,Larry,G,,15:45,0.0,2.0,0.0,0.0,0.0,0.0,0.0,0.0,0.0,1.0,3.0,4.0,0.0,0.0,0.0,4.0,4.0,0.0,0.0
0020200018,1610612764,WAS,Washington,893,Michael Jordan,Michael,G,,21:26,8.0,15.0,0.533,0.0,0.0,0.0,5.0,5.0,1.0,0.0,4.0,4.0,5.0,2.0,1.0,0.0,1.0,21.0,29.0
0020200018,1610612764,WAS,Washington,2407,Jared Jeffries,Jared,F,,29:05,5.0,7.0,0.714,2.0,2.0,1.0,0.0,1.0,0.0,1.0,4.0,5.0,1.0,0.0,0.0,1.0,1.0,12.0,50.0
0020200018,1610612764,WAS,Washington,1731,Tyronn Lue,Tyronn,G,,34:31,4.0,8.0,0.5,2.0,5.0,0.4,0.0,0.0,0.0,0.0,5.0,5.0,5.0,0.0,0.0,1.0,2.0,10.0,49.0
0020200018,1610612764,WAS,Washington,363,Christian Laettner,Christian,F,,16:10,3.0,3.0,1.0,0.0,0.0,0.0,0.0,1.0,0.0,1.0,4.0,5.0,4.0,2.0,0.0,0.0,2.0,6.0,15.0
0020200018,1610612764,WAS,Washington,2413,Juan Dixon,Juan,,,6:30,3.0,5.0,0.6,0.0,1.0,0.0,0.0,0.0,0.0,0.0,4.0,4.0,1.0,0.0,0.0,0.0,0.0,6.0,17.0
0020200018,1610612764,WAS,Washington,2041,Etan Thomas,Etan,,,4:24,2.0,2.0,1.0,0.0,0.0,0.0,3.0,4.0,0.75,1.0,0.0,1.0,0.0,0.0,0.0,0.0,1.0,7.0,13.0
0020200018,1610612764,WAS,Washington,2171,,,, ,,,,,,,,,,,,,,,,,,,,
0020200018,1610612764,WAS,Washington,1244,,,, ,,,,,,,,,,,,,,,,,,,,
0020200018,1610612764,WAS,Washington,1245,,,, ,,,,,,,,,,,,,,,,,,,,
0020200018,1610612764,WAS,Washington,1271,,,, ,,,,,,,,,,,,,,,,,,,,
0020200018,1610612764,WAS,Washington,2382,,,, ,,,,,,,,,,,,,,,,,,,,
0020200018,1610612764,WAS,Washington,2383,,,, ,,,,,,,,,,,,,,,,,,,,
0020200018,1610612764,WAS,Washington,2523,,,, ,,,,,,,,,,,,,,,,,,,,
0020200018,1610612764,WAS,Washington,891,Charles Oakley,Charles,,DNP - Coach's Decision,,,,,,,,,,,,,,,,,,,,
0020200020,1610612757,POR,Portland,1719,Bonzi Wells,Bonzi,F,,20:38,5.0,15.0,0.333,1.0,2.0,0.5,0.0,2.0,0.0,4.0,2.0,6.0,2.0,1.0,0.0,3.0,3.0,11.0,-15.0
0020200020,1610612757,POR,Portland,739,Rasheed Wallace,Rasheed,G,,38:28,10.0,27.0,0.37,1.0,5.0,0.2,3.0,5.0,0.6,2.0,7.0,9.0,0.0,2.0,1.0,6.0,3.0,24.0,-23.0
0020200020,1610612757,POR,Portland,905,Dale Davis,Dale,G,,32:53,0.0,1.0,0.0,0.0,0.0,0.0,2.0,4.0,0.5,5.0,6.0,11.0,2.0,0.0,3.0,0.0,3.0,2.0,-24.0
0020200020,1610612757,POR,Portland,1507,Derek Anderson,Derek,G,,27:26,5.0,11.0,0.455,0.0,3.0,0.0,0.0,0.0,0.0,0.0,3.0,3.0,4.0,0.0,0.0,1.0,4.0,10.0,-20.0
0020200020,1610612757,POR,Portland,757,Damon Stoudamire,Damon,G,,30:37,4.0,11.0,0.364,0.0,1.0,0.0,1.0,1.0,1.0,0.0,0.0,0.0,4.0,1.0,0.0,0.0,1.0,9.0,-19.0
0020200020,1610612757,POR,Portland,976,Jeff McInnis,Jeff,F,,17:23,0.0,4.0,0.0,0.0,0.0,0.0,0.0,0.0,0.0,0.0,2.0,2.0,1.0,0.0,0.0,0.0,0.0,0.0,-9.0
0020200020,1610612757,POR,Portland,1739,Ruben Patterson,Ruben,G,,17:13,2.0,3.0,0.667,0.0,0.0,0.0,0.0,3.0,0.0,1.0,0.0,1.0,1.0,0.0,0.0,2.0,3.0,4.0,-3.0
0020200020,1610612757,POR,Portland,1498,Antonio Daniels,Antonio,F,,17:22,1.0,2.0,0.5,0.0,1.0,0.0,0.0,0.0,0.0,0.0,2.0,2.0,1.0,0.0,0.0,1.0,1.0,2.0,-9.0
0020200020,1610612757,POR,Portland,717,Arvydas Sabonis,Arvydas,C,,15:07,3.0,5.0,0.6,0.0,0.0,0.0,1.0,1.0,1.0,0.0,4.0,4.0,3.0,0.0,0.0,1.0,2.0,7.0,-4.0
0020200020,1610612757,POR,Portland,937,Scottie Pippen,Scottie,,,10:23,0.0,3.0,0.0,0.0,0.0,0.0,0.0,0.0,0.0,0.0,1.0,1.0,1.0,1.0,0.0,0.0,4.0,0.0,-8.0
0020200020,1610612757,POR,Portland,2417,Qyntel Woods,Qyntel,,,7:15,1.0,2.0,0.5,0.0,0.0,0.0,1.0,2.0,0.5,0.0,0.0,0.0,0.0,0.0,0.0,0.0,0.0,3.0,-4.0
0020200020,1610612757,POR,Portland,2216,Zach Randolph,Zach,,,5:15,0.0,1.0,0.0,0.0,0.0,0.0,0.0,0.0,0.0,0.0,2.0,2.0,1.0,0.0,0.0,0.0,0.0,0.0,-2.0
0020200020,1610612757,POR,Portland,2342,,,, ,,,,,,,,,,,,,,,,,,,,
0020200020,1610612757,POR,Portland,2374,,,, ,,,,,,,,,,,,,,,,,,,,
0020200020,1610612757,POR,Portland,1312,,,, ,,,,,,,,,,,,,,,,,,,,
0020200020,1610612757,POR,Portland,1329,,,, ,,,,,,,,,,,,,,,,,,,,
0020200020,1610612757,POR,Portland,1357,,,, ,,,,,,,,,,,,,,,,,,,,
0020200020,1610612758,SAC,Sacramento,978,Peja Stojakovic,Peja,F,,35:52,8.0,16.0,0.5,3.0,9.0,0.333,7.0,7.0,1.0,0.0,5.0,5.0,4.0,1.0,0.0,1.0,3.0,26.0,20.0
0020200020,1610612758,SAC,Sacramento,1721,Keon Clark,Keon,F,,30:44,4.0,8.0,0.5,0.0,0.0,0.0,0.0,0.0,0.0,2.0,2.0,4.0,4.0,1.0,2.0,0.0,5.0,8.0,18.0
0020200020,1610612758,SAC,Sacramento,124,Vlade Divac,Vlade,G,,37:22,4.0,11.0,0.364,0.0,0.0,0.0,5.0,7.0,0.714,0.0,7.0,7.0,6.0,0.0,1.0,4.0,1.0,13.0,24.0
0020200020,1610612758,SAC,Sacramento,2045,Hedo Turkoglu,Hedo,G,,37:08,6.0,10.0,0.6,1.0,2.0,0.5,3.0,4.0,0.75,3.0,3.0,6.0,1.0,2.0,0.0,2.0,3.0,16.0,22.0
0020200020,1610612758,SAC,Sacramento,1517,Bobby Jackson,Bobby,G,,34:07,8.0,15.0,0.533,0.0,2.0,0.0,4.0,5.0,0.8,1.0,9.0,10.0,1.0,1.0,1.0,1.0,3.0,20.0,19.0
0020200020,1610612758,SAC,Sacramento,2222,Gerald Wallace,Gerald,F,,18:15,5.0,13.0,0.385,0.0,0.0,0.0,1.0,1.0,1.0,2.0,8.0,10.0,0.0,0.0,1.0,0.0,2.0,11.0,10.0
0020200020,1610612758,SAC,Sacramento,1513,Scot Pollard,Scot,G,,5:23,0.0,0.0,0.0,0.0,0.0,0.0,0.0,0.0,0.0,0.0,1.0,1.0,0.0,1.0,0.0,1.0,3.0,0.0,2.0
0020200020,1610612758,SAC,Sacramento,1800,Damon Jones,Damon,F,,18:44,1.0,4.0,0.25,1.0,3.0,0.333,0.0,0.0,0.0,0.0,1.0,1.0,5.0,0.0,0.0,0.0,0.0,3.0,15.0
0020200020,1610612758,SAC,Sacramento,1444,Lawrence Funderburke,Lawrence,G,,22:25,1.0,5.0,0.2,0.0,0.0,0.0,1.0,3.0,0.333,0.0,1.0,1.0,0.0,0.0,0.0,0.0,1.0,3.0,10.0
0020200020,1610612758,SAC,Sacramento,1322,,,, ,,,,,,,,,,,,,,,,,,,,
0020200020,1610612758,SAC,Sacramento,1328,,,, ,,,,,,,,,,,,,,,,,,,,
0020200020,1610612758,SAC,Sacramento,1248,,,, ,,,,,,,,,,,,,,,,,,,,
0020200020,1610612758,SAC,Sacramento,1249,,,, ,,,,,,,,,,,,,,,,,,,,
0020200020,1610612758,SAC,Sacramento,2522,,,, ,,,,,,,,,,,,,,,,,,,,
0020200020,1610612758,SAC,Sacramento,57,Doug Christie,Doug,,Not with team - NBA suspension,,,,,,,,,,,,,,,,,,,,
0020200020,1610612758,SAC,Sacramento,2043,Mateen Cleaves,Mateen,,DND - left foot surgery,,,,,,,,,,,,,,,,,,,,
0020200020,1610612758,SAC,Sacramento,185,Chris Webber,Chris,,DND - lower abdominal strain,,,,,,,,,,,,,,,,,,,,
0020200023,1610612763,MEM,Memphis,2203,Shane Battier,Shane,F,,22:13,1.0,3.0,0.333,0.0,0.0,0.0,0.0,0.0,0.0,0.0,3.0,3.0,1.0,1.0,0.0,1.0,3.0,2.0,-16.0
0020200023,1610612763,MEM,Memphis,953,Lorenzen Wright,Lorenzen,F,,31:06,2.0,5.0,0.4,0.0,0.0,0.0,2.0,2.0,1.0,2.0,2.0,4.0,1.0,0.0,1.0,0.0,3.0,6.0,-18.0
0020200023,1610612763,MEM,Memphis,2200,Pau Gasol,Pau,F,,35:14,8.0,12.0,0.667,0.0,0.0,0.0,5.0,6.0,0.833,1.0,3.0,4.0,1.0,0.0,2.0,5.0,2.0,21.0,-17.0
0020200023,1610612763,MEM,Memphis,1921,Gordan Giricek,Gordan,G,,25:30,1.0,8.0,0.125,0.0,0.0,0.0,4.0,4.0,1.0,0.0,3.0,3.0,0.0,0.0,0.0,2.0,3.0,6.0,-5.0
0020200023,1610612763,MEM,Memphis,1715,Jason Williams,Jason,G,,28:46,4.0,9.0,0.444,2.0,4.0,0.5,0.0,0.0,0.0,0.0,2.0,2.0,2.0,3.0,1.0,3.0,1.0,10.0,-12.0
0020200023,1610612763,MEM,Memphis,1722,Michael Dickerson,Michael,,,4:39,0.0,1.0,0.0,0.0,0.0,0.0,0.0,0.0,0.0,0.0,0.0,0.0,0.0,0.0,0.0,1.0,3.0,0.0,-8.0
0020200023,1610612763,MEM,Memphis,2400,Drew Gooden,Drew,F,,23:41,9.0,15.0,0.6,0.0,0.0,0.0,3.0,3.0,1.0,2.0,3.0,5.0,1.0,0.0,1.0,3.0,3.0,21.0,-16.0
0020200023,1610612763,MEM,Memphis,1510,Brevin Knight,Brevin,G,,19:14,4.0,6.0,0.667,0.0,0.0,0.0,0.0,2.0,0.0,0.0,4.0,4.0,7.0,0.0,0.0,1.0,0.0,8.0,-11.0
0020200023,1610612763,MEM,Memphis,445,Wesley Person,Wesley,G,,21:46,1.0,5.0,0.2,0.0,0.0,0.0,2.0,2.0,1.0,0.0,2.0,2.0,0.0,0.0,0.0,0.0,1.0,4.0,-12.0
0020200023,1610612763,MEM,Memphis,2471,Mike Batiste,Mike,F,,9:34,0.0,4.0,0.0,0.0,0.0,0.0,2.0,2.0,1.0,0.0,2.0,2.0,1.0,1.0,0.0,0.0,1.0,2.0,-2.0
0020200023,1610612763,MEM,Memphis,2248,Earl Watson,Earl,G,,18:17,3.0,7.0,0.429,0.0,0.0,0.0,0.0,0.0,0.0,1.0,3.0,4.0,1.0,1.0,0.0,1.0,2.0,6.0,2.0
0020200023,1610612763,MEM,Memphis,2353,,,, ,,,,,,,,,,,,,,,,,,,,
0020200023,1610612763,MEM,Memphis,1994,,,, ,,,,,,,,,,,,,,,,,,,,
0020200023,1610612763,MEM,Memphis,1226,,,, ,,,,,,,,,,,,,,,,,,,,
0020200023,1610612763,MEM,Memphis,1353,,,, ,,,,,,,,,,,,,,,,,,,,
0020200023,1610612763,MEM,Memphis,1356,,,, ,,,,,,,,,,,,,,,,,,,,
0020200023,1610612763,MEM,Memphis,2163,,,, ,,,,,,,,,,,,,,,,,,,,
0020200023,1610612763,MEM,Memphis,2031,Stromile Swift,Stromile,,DNP - Coach's Decision,,,,,,,,,,,,,,,,,,,,
0020200023,1610612765,DET,Detroit,688,Michael Curry,Michael,F,,19:57,1.0,2.0,0.5,0.0,0.0,0.0,0.0,0.0,0.0,0.0,0.0,0.0,0.0,2.0,0.0,0.0,2.0,2.0,13.0
0020200023,1610612765,DET,Detroit,1112,Ben Wallace,Ben,F,,33:40,4.0,8.0,0.5,0.0,0.0,0.0,0.0,2.0,0.0,2.0,12.0,14.0,1.0,1.0,1.0,0.0,3.0,8.0,13.0
0020200023,1610612765,DET,Detroit,1442,Zeljko Rebraca,Zeljko,C,,27:00,5.0,6.0,0.833,0.0,0.0,0.0,3.0,4.0,0.75,2.0,4.0,6.0,0.0,0.0,0.0,2.0,3.0,13.0,20.0
0020200023,1610612765,DET,Detroit,1888,Richard Hamilton,Richard,G,,31:53,7.0,15.0,0.467,1.0,1.0,1.0,8.0,10.0,0.8,0.0,5.0,5.0,3.0,1.0,0.0,2.0,2.0,23.0,17.0
0020200023,1610612765,DET,Detroit,1497,Chauncey Billups,Chauncey,G,,23:13,6.0,12.0,0.5,1.0,3.0,0.333,2.0,2.0,1.0,0.0,1.0,1.0,5.0,0.0,0.0,3.0,1.0,15.0,15.0
0020200023,1610612765,DET,Detroit,361,Clifford Robinson,Clifford,F,,22:09,4.0,7.0,0.571,1.0,3.0,0.333,2.0,3.0,0.667,0.0,3.0,3.0,5.0,0.0,1.0,1.0,5.0,11.0,15.0
0020200023,1610612765,DET,Detroit,722,Corliss Williamson,Corliss,F,,13:02,2.0,6.0,0.333,0.0,0.0,0.0,2.0,2.0,1.0,1.0,3.0,4.0,2.0,0.0,1.0,2.0,5.0,6.0,10.0
0020200023,1610612765,DET,Detroit,1088,Chucky Atkins,Chucky,G,,24:47,3.0,8.0,0.375,2.0,4.0,0.5,2.0,2.0,1.0,0.0,1.0,1.0,7.0,2.0,0.0,1.0,1.0,10.0,8.0
0020200023,1610612765,DET,Detroit,468,Jon Barry,Jon,G,,22:59,2.0,3.0,0.667,2.0,2.0,1.0,0.0,0.0,0.0,1.0,3.0,4.0,4.0,0.0,0.0,1.0,3.0,6.0,9.0
0020200023,1610612765,DET,Detroit,2246,Mehmet Okur,Mehmet,,,8:07,2.0,4.0,0.5,0.0,1.0,0.0,2.0,2.0,1.0,0.0,3.0,3.0,1.0,0.0,0.0,2.0,2.0,6.0,1.0
0020200023,1610612765,DET,Detroit,2419,Tayshaun Prince,Tayshaun,,,7:08,3.0,3.0,1.0,1.0,1.0,1.0,0.0,0.0,0.0,0.0,0.0,0.0,0.0,0.0,1.0,0.0,1.0,7.0,-1.0
0020200023,1610612765,DET,Detroit,93,Hubert Davis,Hubert,,,6:05,1.0,1.0,1.0,0.0,0.0,0.0,0.0,0.0,0.0,0.0,0.0,0.0,1.0,0.0,0.0,0.0,1.0,2.0,-5.0
0020200023,1610612765,DET,Detroit,1247,,,, ,,,,,,,,,,,,,,,,,,,,
0020200023,1610612765,DET,Detroit,1311,,,, ,,,,,,,,,,,,,,,,,,,,
0020200023,1610612765,DET,Detroit,1320,,,, ,,,,,,,,,,,,,,,,,,,,
0020200023,1610612765,DET,Detroit,1655,,,, ,,,,,,,,,,,,,,,,,,,,
0020200023,1610612765,DET,Detroit,2167,,,, ,,,,,,,,,,,,,,,,,,,,
0020200022,1610612752,NYK,New York,1000,Shandon Anderson,Shandon,F,,33:36,2.0,7.0,0.286,0.0,0.0,0.0,3.0,4.0,0.75,2.0,4.0,6.0,1.0,1.0,1.0,3.0,5.0,7.0,-5.0
0020200022,1610612752,NYK,New York,221,Clar. Weatherspoon,Clar.,F,,39:47,2.0,9.0,0.222,0.0,0.0,0.0,3.0,5.0,0.6,2.0,12.0,14.0,2.0,2.0,1.0,0.0,3.0,7.0,-6.0
0020200022,1610612752,NYK,New York,703,Kurt Thomas,Kurt,C,,34:51,12.0,22.0,0.545,0.0,0.0,0.0,1.0,2.0,0.5,2.0,6.0,8.0,2.0,2.0,4.0,2.0,6.0,25.0,0.0
0020200022,1610612752,NYK,New York,369,Charlie Ward,Charlie,G,,20:18,5.0,6.0,0.833,1.0,1.0,1.0,0.0,0.0,0.0,1.0,1.0,2.0,6.0,0.0,0.0,5.0,5.0,11.0,2.0
0020200022,1610612752,NYK,New York,275,Allan Houston,Allan,G,,42:47,8.0,20.0,0.4,1.0,8.0,0.125,6.0,6.0,1.0,0.0,2.0,2.0,6.0,1.0,0.0,4.0,4.0,23.0,-9.0
0020200022,1610612752,NYK,New York,458,Howard Eisley,Howard,G,,30:47,1.0,8.0,0.125,1.0,4.0,0.25,0.0,0.0,0.0,0.0,5.0,5.0,9.0,4.0,0.0,3.0,4.0,3.0,-9.0
0020200022,1610612752,NYK,New York,970,Othella Harrington,Othella,F,,17:46,2.0,4.0,0.5,0.0,0.0,0.0,2.0,3.0,0.667,0.0,0.0,0.0,0.0,0.0,1.0,3.0,3.0,6.0,-11.0
0020200022,1610612752,NYK,New York,1924,Lee Nailon,Lee,G,,4:51,0.0,2.0,0.0,0.0,0.0,0.0,0.0,0.0,0.0,0.0,2.0,2.0,0.0,0.0,0.0,0.0,1.0,0.0,-2.0
0020200022,1610612752,NYK,New York,969,Travis Knight,Travis,G,,13:09,2.0,4.0,0.5,0.0,0.0,0.0,0.0,0.0,0.0,1.0,0.0,1.0,0.0,0.0,1.0,0.0,2.0,4.0,-12.0
0020200022,1610612752,NYK,New York,2421,Frank Williams,Frank,,,2:08,0.0,1.0,0.0,0.0,1.0,0.0,0.0,0.0,0.0,0.0,0.0,0.0,0.0,0.0,0.0,0.0,0.0,0.0,-8.0
0020200022,1610612752,NYK,New York,2518,,,, ,,,,,,,,,,,,,,,,,,,,
0020200022,1610612752,NYK,New York,2519,,,, ,,,,,,,,,,,,,,,,,,,,
0020200022,1610612752,NYK,New York,2168,,,, ,,,,,,,,,,,,,,,,,,,,
0020200022,1610612752,NYK,New York,1790,,,, ,,,,,,,,,,,,,,,,,,,,
0020200022,1610612752,NYK,New York,1791,,,, ,,,,,,,,,,,,,,,,,,,,
0020200022,1610612752,NYK,New York,1298,,,, ,,,,,,,,,,,,,,,,,,,,
0020200022,1610612752,NYK,New York,1301,,,, ,,,,,,,,,,,,,,,,,,,,
0020200022,1610612752,NYK,New York,1302,,,, ,,,,,,,,,,,,,,,,,,,,
0020200022,1610612752,NYK,New York,1720,Michael Doleac,Michael,,DND - Strained Left Hamstring,,,,,,,,,,,,,,,,,,,,
0020200022,1610612752,NYK,New York,998,Mark Pope,Mark,,DNP - Coach's Decision,,,,,,,,,,,,,,,,,,,,
0020200022,1610612755,PHI,Philadelphia,243,Aaron McKie,Aaron,F,,38:05,9.0,13.0,0.692,0.0,0.0,0.0,4.0,5.0,0.8,2.0,11.0,13.0,7.0,5.0,0.0,3.0,2.0,22.0,7.0
0020200022,1610612755,PHI,Philadelphia,1496,Keith Van Horn,Keith,F,,38:51,6.0,16.0,0.375,2.0,5.0,0.4,3.0,4.0,0.75,3.0,9.0,12.0,3.0,3.0,0.0,5.0,3.0,17.0,17.0
0020200022,1610612755,PHI,Philadelphia,1928,Todd MacCulloch,Todd,C,,14:10,0.0,4.0,0.0,0.0,0.0,0.0,0.0,0.0,0.0,1.0,1.0,2.0,0.0,0.0,1.0,3.0,3.0,0.0,-12.0
0020200022,1610612755,PHI,Philadelphia,727,Eric Snow,Eric,G,,38:20,3.0,8.0,0.375,0.0,0.0,0.0,3.0,3.0,1.0,1.0,2.0,3.0,6.0,2.0,0.0,0.0,5.0,9.0,7.0
0020200022,1610612755,PHI,Philadelphia,947,Allen Iverson,Allen,G,,44:02,12.0,30.0,0.4,0.0,3.0,0.0,11.0,14.0,0.786,0.0,4.0,4.0,5.0,2.0,0.0,5.0,3.0,35.0,9.0
0020200022,1610612755,PHI,Philadelphia,1761,Greg Buckner,Greg,C,,22:47,1.0,6.0,0.167,0.0,1.0,0.0,2.0,2.0,1.0,1.0,1.0,2.0,2.0,2.0,0.0,0.0,5.0,4.0,13.0
0020200022,1610612755,PHI,Philadelphia,1730,Brian Skinner,Brian,G,,30:42,2.0,3.0,0.667,0.0,0.0,0.0,4.0,8.0,0.5,3.0,7.0,10.0,0.0,0.0,3.0,1.0,2.0,8.0,17.0
0020200022,1610612755,PHI,Philadelphia,1609,Art Long,Art,G,,12:17,0.0,3.0,0.0,0.0,0.0,0.0,0.0,0.0,0.0,1.0,4.0,5.0,0.0,0.0,0.0,1.0,1.0,0.0,2.0
0020200022,1610612755,PHI,Philadelphia,2422,John Salmons,John,,,0:46,1.0,1.0,1.0,1.0,1.0,1.0,0.0,0.0,0.0,0.0,0.0,0.0,0.0,0.0,0.0,0.0,0.0,3.0,0.0
0020200022,1610612755,PHI,Philadelphia,1865,,,, ,,,,,,,,,,,,,,,,,,,,
0020200022,1610612755,PHI,Philadelphia,2520,,,, ,,,,,,,,,,,,,,,,,,,,
0020200022,1610612755,PHI,Philadelphia,1212,,,, ,,,,,,,,,,,,,,,,,,,,
0020200022,1610612755,PHI,Philadelphia,1259,,,, ,,,,,,,,,,,,,,,,,,,,
0020200022,1610612755,PHI,Philadelphia,1285,,,, ,,,,,,,,,,,,,,,,,,,,
0020200022,1610612755,PHI,Philadelphia,2389,,,, ,,,,,,,,,,,,,,,,,,,,
0020200022,1610612755,PHI,Philadelphia,1308,,,, ,,,,,,,,,,,,,,,,,,,,
0020200022,1610612755,PHI,Philadelphia,95,Mark Bryant,Mark,,DNP - Coach's Decision,,,,,,,,,,,,,,,,,,,,
0020200022,1610612755,PHI,Philadelphia,934,Derrick Coleman,Derrick,,DND - Left Knee Rehab,,,,,,,,,,,,,,,,,,,,
0020200022,1610612755,PHI,Philadelphia,981,Efthimios Rentzias,Efthimios,,DNP - Coach's Decision,,,,,,,,,,,,,,,,,,,,
0020200026,1610612761,TOR,Toronto,2050,Morris Peterson,Morris,F,,22:14,2.0,6.0,0.333,1.0,4.0,0.25,0.0,0.0,0.0,0.0,1.0,1.0,0.0,1.0,0.0,1.0,4.0,5.0,-8.0
0020200026,1610612761,TOR,Toronto,213,Antonio Davis,Antonio,G,,35:34,2.0,12.0,0.167,0.0,0.0,0.0,6.0,8.0,0.75,5.0,2.0,7.0,1.0,1.0,0.0,3.0,5.0,10.0,-5.0
0020200026,1610612761,TOR,Toronto,1741,Jelani McCoy,Jelani,F,,32:12,3.0,6.0,0.5,0.0,0.0,0.0,1.0,2.0,0.5,3.0,12.0,15.0,1.0,0.0,2.0,3.0,5.0,7.0,-7.0
0020200026,1610612761,TOR,Toronto,1541,Alvin Williams,Alvin,G,,28:06,2.0,7.0,0.286,0.0,1.0,0.0,0.0,0.0,0.0,1.0,2.0,3.0,1.0,2.0,0.0,3.0,3.0,4.0,-1.0
0020200026,1610612761,TOR,Toronto,1713,Vince Carter,Vince,G,,33:43,5.0,21.0,0.238,2.0,3.0,0.667,6.0,8.0,0.75,1.0,2.0,3.0,2.0,2.0,0.0,3.0,1.0,18.0,-5.0
0020200026,1610612761,TOR,Toronto,702,Voshon Lenard,Voshon,F,,31:37,6.0,14.0,0.429,2.0,3.0,0.667,3.0,3.0,1.0,2.0,5.0,7.0,1.0,0.0,0.0,1.0,0.0,17.0,-14.0
0020200026,1610612761,TOR,Toronto,283,Lindsey Hunter,Lindsey,G,,25:36,2.0,9.0,0.222,0.0,2.0,0.0,0.0,0.0,0.0,0.0,3.0,3.0,3.0,1.0,1.0,3.0,2.0,4.0,-26.0
0020200026,1610612761,TOR,Toronto,966,Jerome Williams,Jerome,F,,12:03,0.0,2.0,0.0,0.0,0.0,0.0,0.0,0.0,0.0,0.0,1.0,1.0,0.0,1.0,0.0,3.0,1.0,0.0,-7.0
0020200026,1610612761,TOR,Toronto,2214,Michael Bradley,Michael,F,,11:07,2.0,2.0,1.0,0.0,0.0,0.0,1.0,2.0,0.5,3.0,1.0,4.0,0.0,0.0,0.0,1.0,5.0,5.0,-15.0
0020200026,1610612761,TOR,Toronto,2055,Mamadou N'diaye,Mamadou,,,5:04,0.0,1.0,0.0,0.0,0.0,0.0,0.0,0.0,0.0,0.0,0.0,0.0,0.0,0.0,0.0,1.0,2.0,0.0,-4.0
0020200026,1610612761,TOR,Toronto,2423,Chris Jefferies,Chris,,,2:44,1.0,1.0,1.0,0.0,0.0,0.0,0.0,0.0,0.0,1.0,0.0,1.0,0.0,0.0,0.0,1.0,1.0,2.0,-3.0
0020200026,1610612761,TOR,Toronto,2472,,,, ,,,,,,,,,,,,,,,,,,,,
0020200026,1610612761,TOR,Toronto,2395,,,, ,,,,,,,,,,,,,,,,,,,,
0020200026,1610612761,TOR,Toronto,2162,,,, ,,,,,,,,,,,,,,,,,,,,
0020200026,1610612761,TOR,Toronto,1344,,,, ,,,,,,,,,,,,,,,,,,,,
0020200026,1610612761,TOR,Toronto,1205,,,, ,,,,,,,,,,,,,,,,,,,,
0020200026,1610612761,TOR,Toronto,1206,,,, ,,,,,,,,,,,,,,,,,,,,
0020200026,1610612761,TOR,Toronto,1572,Nate Huffman,Nate,,NWT - right knee injury,,,,,,,,,,,,,,,,,,,,
0020200026,1610612759,SAS,San Antonio,1477,Bruce Bowen,Bruce,F,,23:17,1.0,5.0,0.2,0.0,1.0,0.0,0.0,0.0,0.0,0.0,2.0,2.0,2.0,1.0,0.0,2.0,4.0,2.0,-8.0
0020200026,1610612759,SAS,San Antonio,1495,Tim Duncan,Tim,G,,39:28,8.0,17.0,0.471,0.0,0.0,0.0,6.0,8.0,0.75,4.0,11.0,15.0,0.0,0.0,3.0,4.0,3.0,22.0,8.0
0020200026,1610612759,SAS,San Antonio,764,David Robinson,David,C,,30:09,2.0,9.0,0.222,0.0,0.0,0.0,3.0,5.0,0.6,2.0,6.0,8.0,0.0,1.0,2.0,1.0,4.0,7.0,9.0
0020200026,1610612759,SAS,San Antonio,2225,Tony Parker,Tony,G,,26:09,5.0,10.0,0.5,1.0,4.0,0.25,1.0,3.0,0.333,1.0,3.0,4.0,4.0,1.0,0.0,2.0,2.0,12.0,-8.0
0020200026,1610612759,SAS,San Antonio,1938,Manu Ginobili,Manu,G,,19:50,3.0,7.0,0.429,0.0,2.0,0.0,2.0,2.0,1.0,0.0,2.0,2.0,0.0,1.0,0.0,1.0,3.0,8.0,-8.0
0020200026,1610612759,SAS,San Antonio,70,Steve Kerr,Steve,G,,28:06,5.0,7.0,0.714,1.0,3.0,0.333,0.0,0.0,0.0,0.0,1.0,1.0,2.0,0.0,0.0,1.0,1.0,11.0,29.0
0020200026,1610612759,SAS,San Antonio,990,Malik Rose,Malik,F,,20:51,2.0,3.0,0.667,0.0,0.0,0.0,7.0,8.0,0.875,1.0,7.0,8.0,1.0,1.0,1.0,1.0,3.0,11.0,17.0
0020200026,1610612759,SAS,San Antonio,2049,Speedy Claxton,Speedy,C,,21:55,3.0,7.0,0.429,0.0,0.0,0.0,1.0,4.0,0.25,0.0,0.0,0.0,3.0,1.0,0.0,3.0,2.0,7.0,25.0
0020200026,1610612759,SAS,San Antonio,1536,Stephen Jackson,Stephen,G,,24:43,4.0,8.0,0.5,0.0,2.0,0.0,0.0,0.0,0.0,3.0,2.0,5.0,1.0,3.0,1.0,2.0,1.0,8.0,27.0
0020200026,1610612759,SAS,San Antonio,198,Danny Ferry,Danny,,,2:48,0.0,1.0,0.0,0.0,0.0,0.0,0.0,0.0,0.0,0.0,0.0,0.0,0.0,0.0,0.0,0.0,0.0,0.0,1.0
0020200026,1610612759,SAS,San Antonio,788,Kevin Willis,Kevin,,,2:44,1.0,1.0,1.0,0.0,0.0,0.0,1.0,2.0,0.5,1.0,2.0,3.0,0.0,0.0,1.0,1.0,1.0,3.0,3.0
0020200026,1610612759,SAS,San Antonio,873,,,, ,,,,,,,,,,,,,,,,,,,,
0020200026,1610612759,SAS,San Antonio,1264,,,, ,,,,,,,,,,,,,,,,,,,,
0020200026,1610612759,SAS,San Antonio,1319,,,, ,,,,,,,,,,,,,,,,,,,,
0020200026,1610612759,SAS,San Antonio,1371,,,, ,,,,,,,,,,,,,,,,,,,,
0020200026,1610612759,SAS,San Antonio,2381,,,, ,,,,,,,,,,,,,,,,,,,,
0020200026,1610612759,SAS,San Antonio,1658,,,, ,,,,,,,,,,,,,,,,,,,,
0020200026,1610612759,SAS,San Antonio,120,Steven Smith,Steven,,DND - strained right groin,,,,,,,,,,,,,,,,,,,,
0020200024,1610612753,ORL,Orlando,255,Grant Hill,Grant,F,,32:37,5.0,12.0,0.417,0.0,0.0,0.0,17.0,17.0,1.0,1.0,6.0,7.0,5.0,0.0,0.0,4.0,1.0,27.0,-5.0
0020200024,1610612753,ORL,Orlando,2469,Pat Burke,Pat,G,,25:10,4.0,6.0,0.667,0.0,0.0,0.0,0.0,0.0,0.0,1.0,3.0,4.0,1.0,1.0,1.0,0.0,4.0,8.0,-2.0
0020200024,1610612753,ORL,Orlando,692,Andrew DeClercq,Andrew,G,,7:35,1.0,1.0,1.0,0.0,0.0,0.0,0.0,0.0,0.0,0.0,1.0,1.0,0.0,0.0,2.0,1.0,3.0,2.0,-12.0
0020200024,1610612753,ORL,Orlando,1503,Tracy McGrady,Tracy,G,,43:06,6.0,15.0,0.4,0.0,3.0,0.0,6.0,6.0,1.0,0.0,5.0,5.0,7.0,1.0,0.0,6.0,5.0,18.0,-5.0
0020200024,1610612753,ORL,Orlando,353,Darrell Armstrong,Darrell,G,,36:59,6.0,14.0,0.429,4.0,8.0,0.5,5.0,6.0,0.833,0.0,4.0,4.0,4.0,1.0,0.0,2.0,1.0,21.0,-4.0
0020200024,1610612753,ORL,Orlando,1727,Pat Garrity,Pat,C,,32:21,2.0,7.0,0.286,1.0,4.0,0.25,1.0,1.0,1.0,5.0,1.0,6.0,0.0,0.0,0.0,1.0,6.0,6.0,6.0
0020200024,1610612753,ORL,Orlando,2034,Mike Miller,Mike,F,,33:47,5.0,12.0,0.417,1.0,6.0,0.167,5.0,7.0,0.714,0.0,8.0,8.0,3.0,1.0,1.0,1.0,4.0,16.0,-2.0
0020200024,1610612753,ORL,Orlando,2415,Ryan Humphrey,Ryan,G,,5:34,0.0,0.0,0.0,0.0,0.0,0.0,0.0,0.0,0.0,0.0,1.0,1.0,0.0,0.0,0.0,0.0,2.0,0.0,-1.0
0020200024,1610612753,ORL,Orlando,1521,Jacque Vaughn,Jacque,G,,12:16,0.0,6.0,0.0,0.0,1.0,0.0,2.0,2.0,1.0,1.0,1.0,2.0,1.0,1.0,0.0,1.0,0.0,2.0,-4.0
0020200024,1610612753,ORL,Orlando,431,Shawn Kemp,Shawn,F,,9:60,2.0,5.0,0.4,0.0,0.0,0.0,1.0,2.0,0.5,1.0,3.0,4.0,0.0,0.0,0.0,1.0,3.0,5.0,-3.0
0020200024,1610612753,ORL,Orlando,2219,Jeryl Sasser,Jeryl,,,0:35,0.0,0.0,0.0,0.0,0.0,0.0,0.0,0.0,0.0,0.0,0.0,0.0,0.0,0.0,0.0,0.0,0.0,0.0,2.0
0020200024,1610612753,ORL,Orlando,1941,,,, ,,,,,,,,,,,,,,,,,,,,
0020200024,1610612753,ORL,Orlando,2516,,,, ,,,,,,,,,,,,,,,,,,,,
0020200024,1610612753,ORL,Orlando,1650,,,, ,,,,,,,,,,,,,,,,,,,,
0020200024,1610612753,ORL,Orlando,837,,,, ,,,,,,,,,,,,,,,,,,,,
0020200024,1610612753,ORL,Orlando,1296,,,, ,,,,,,,,,,,,,,,,,,,,
0020200024,1610612753,ORL,Orlando,1309,,,, ,,,,,,,,,,,,,,,,,,,,
0020200024,1610612753,ORL,Orlando,1332,,,, ,,,,,,,,,,,,,,,,,,,,
0020200024,1610612753,ORL,Orlando,270,Horace Grant,Horace,,DND - Sore Left Knee,,,,,,,,,,,,,,,,,,,,
0020200024,1610612750,MIN,Minnesota,708,Kevin Garnett,Kevin,G,,43:30,8.0,19.0,0.421,0.0,0.0,0.0,7.0,8.0,0.875,2.0,12.0,14.0,10.0,1.0,1.0,4.0,3.0,23.0,2.0
0020200024,1610612750,MIN,Minnesota,2254,Loren Woods,Loren,G,,33:06,5.0,8.0,0.625,0.0,0.0,0.0,8.0,12.0,0.667,2.0,5.0,7.0,0.0,2.0,1.0,2.0,4.0,18.0,0.0
0020200024,1610612750,MIN,Minnesota,1725,Rasho Nesterovic,Rasho,F,,15:06,0.0,6.0,0.0,0.0,0.0,0.0,4.0,4.0,1.0,3.0,2.0,5.0,2.0,0.0,0.0,0.0,4.0,4.0,2.0
0020200024,1610612750,MIN,Minnesota,324,Anthony Peeler,Anthony,G,,36:14,6.0,18.0,0.333,4.0,6.0,0.667,0.0,0.0,0.0,0.0,6.0,6.0,3.0,0.0,1.0,0.0,5.0,16.0,0.0
0020200024,1610612750,MIN,Minnesota,1607,Troy Hudson,Troy,G,,36:17,8.0,17.0,0.471,3.0,4.0,0.75,0.0,0.0,0.0,2.0,2.0,4.0,2.0,0.0,0.0,2.0,1.0,19.0,3.0
0020200024,1610612750,MIN,Minnesota,383,Kendall Gill,Kendall,F,,18:52,4.0,7.0,0.571,0.0,0.0,0.0,0.0,0.0,0.0,0.0,2.0,2.0,2.0,2.0,1.0,3.0,6.0,8.0,-2.0
0020200024,1610612750,MIN,Minnesota,718,Gary Trent,Gary,F,,20:40,4.0,7.0,0.571,0.0,0.0,0.0,3.0,4.0,0.75,3.0,4.0,7.0,3.0,0.0,0.0,0.0,5.0,11.0,4.0
0020200024,1610612750,MIN,Minnesota,393,Rod Strickland,Rod,F,,12:39,0.0,0.0,0.0,0.0,0.0,0.0,0.0,0.0,0.0,0.0,2.0,2.0,3.0,0.0,0.0,3.0,0.0,0.0,3.0
0020200024,1610612750,MIN,Minnesota,1073,Reggie Slater,Reggie,G,,12:28,1.0,3.0,0.333,0.0,0.0,0.0,4.0,7.0,0.571,2.0,3.0,5.0,1.0,1.0,0.0,0.0,4.0,6.0,8.0
0020200024,1610612750,MIN,Minnesota,2080,Igor Rakocevic,Igor,G,,6:03,1.0,1.0,1.0,0.0,0.0,0.0,2.0,2.0,1.0,0.0,0.0,0.0,0.0,0.0,0.0,0.0,2.0,4.0,6.0
0020200024,1610612750,MIN,Minnesota,1531,Marc Jackson,Marc,G,,5:05,1.0,2.0,0.5,0.0,0.0,0.0,0.0,0.0,0.0,0.0,0.0,0.0,0.0,0.0,0.0,0.0,0.0,2.0,4.0
0020200024,1610612750,MIN,Minnesota,2146,,,, ,,,,,,,,,,,,,,,,,,,,
0020200024,1610612750,MIN,Minnesota,2159,,,, ,,,,,,,,,,,,,,,,,,,,
0020200024,1610612750,MIN,Minnesota,1289,,,, ,,,,,,,,,,,,,,,,,,,,
0020200024,1610612750,MIN,Minnesota,1290,,,, ,,,,,,,,,,,,,,,,,,,,
0020200024,1610612750,MIN,Minnesota,1291,,,, ,,,,,,,,,,,,,,,,,,,,
0020200024,1610612750,MIN,Minnesota,847,,,, ,,,,,,,,,,,,,,,,,,,,
0020200024,1610612750,MIN,Minnesota,1887,Wally Szczerbiak,Wally,,"DND - Dislocated Metatarsal, Left Foot",,,,,,,,,,,,,,,,,,,,
0020200025,1610612740,NOH,New Orleans,469,Jamal Mashburn,Jamal,F,,39:09,7.0,17.0,0.412,1.0,3.0,0.333,6.0,8.0,0.75,2.0,2.0,4.0,5.0,0.0,0.0,3.0,5.0,21.0,0.0
0020200025,1610612740,NOH,New Orleans,136,P.J. Brown,P.J.,F,,29:50,1.0,5.0,0.2,0.0,0.0,0.0,0.0,0.0,0.0,4.0,5.0,9.0,0.0,3.0,0.0,1.0,4.0,2.0,-24.0
0020200025,1610612740,NOH,New Orleans,2048,Jamaal Magloire,Jamaal,G,,19:48,2.0,4.0,0.5,0.0,0.0,0.0,3.0,3.0,1.0,2.0,5.0,7.0,0.0,2.0,0.0,2.0,3.0,7.0,9.0
0020200025,1610612740,NOH,New Orleans,1884,Baron Davis,Baron,G,,42:56,5.0,21.0,0.238,2.0,6.0,0.333,2.0,6.0,0.333,2.0,1.0,3.0,9.0,3.0,1.0,1.0,0.0,14.0,-4.0
0020200025,1610612740,NOH,New Orleans,133,David Wesley,David,G,,35:27,8.0,15.0,0.533,1.0,2.0,0.5,2.0,2.0,1.0,0.0,3.0,3.0,1.0,1.0,0.0,5.0,3.0,19.0,-11.0
0020200025,1610612740,NOH,New Orleans,1714,Robert Traylor,Robert,G,,17:40,1.0,1.0,1.0,0.0,0.0,0.0,0.0,0.0,0.0,0.0,3.0,3.0,1.0,1.0,2.0,0.0,2.0,2.0,3.0
0020200025,1610612740,NOH,New Orleans,2042,Courtney Alexander,Courtney,G,,23:56,5.0,11.0,0.455,0.0,0.0,0.0,0.0,0.0,0.0,2.0,1.0,3.0,1.0,0.0,0.0,1.0,2.0,10.0,-8.0
0020200025,1610612740,NOH,New Orleans,2040,Jerome Moiso,Jerome,F,,17:16,1.0,3.0,0.333,0.0,0.0,0.0,2.0,2.0,1.0,1.0,2.0,3.0,1.0,0.0,2.0,0.0,1.0,4.0,4.0
0020200025,1610612740,NOH,New Orleans,248,George Lynch,George,,,8:46,0.0,1.0,0.0,0.0,0.0,0.0,0.0,0.0,0.0,1.0,2.0,3.0,0.0,0.0,0.0,1.0,1.0,0.0,1.0
0020200025,1610612740,NOH,New Orleans,278,Stacey Augmon,Stacey,C,,5:12,0.0,0.0,0.0,0.0,0.0,0.0,0.0,0.0,0.0,0.0,1.0,1.0,0.0,1.0,0.0,0.0,1.0,0.0,5.0
0020200025,1610612740,NOH,New Orleans,1218,,,, ,,,,,,,,,,,,,,,,,,,,
0020200025,1610612740,NOH,New Orleans,1304,,,, ,,,,,,,,,,,,,,,,,,,,
0020200025,1610612740,NOH,New Orleans,1316,,,, ,,,,,,,,,,,,,,,,,,,,
0020200025,1610612740,NOH,New Orleans,2152,,,, ,,,,,,,,,,,,,,,,,,,,
0020200025,1610612740,NOH,New Orleans,2377,,,, ,,,,,,,,,,,,,,,,,,,,
0020200025,1610612740,NOH,New Orleans,1724,Bryce Drew,Bryce,,"DNT - Orbital Wall Fracture, Left Eye",,,,,,,,,,,,,,,,,,,,
0020200025,1610612740,NOH,New Orleans,2213,Kirk Haston,Kirk,,DNP - Coach's Decision,,,,,,,,,,,,,,,,,,,,
0020200025,1610612741,CHI,Chicago,2199,Tyson Chandler,Tyson,G,,23:03,4.0,5.0,0.8,0.0,0.0,0.0,2.0,4.0,0.5,0.0,4.0,4.0,1.0,2.0,0.0,2.0,3.0,10.0,9.0
0020200025,1610612741,CHI,Chicago,147,Jalen Rose,Jalen,G,,35:10,8.0,15.0,0.533,1.0,1.0,1.0,4.0,6.0,0.667,2.0,2.0,4.0,3.0,0.0,0.0,5.0,3.0,21.0,-1.0
0020200025,1610612741,CHI,Chicago,2201,Eddy Curry,Eddy,C,,13:24,2.0,4.0,0.5,0.0,0.0,0.0,0.0,0.0,0.0,0.0,0.0,0.0,0.0,0.0,0.0,2.0,4.0,4.0,4.0
0020200025,1610612741,CHI,Chicago,2398,Jay Williams,Jay,G,,19:51,2.0,3.0,0.667,0.0,0.0,0.0,0.0,0.0,0.0,0.0,1.0,1.0,2.0,2.0,0.0,4.0,3.0,4.0,11.0
0020200025,1610612741,CHI,Chicago,2239,Trenton Hassell,Trenton,G,,19:39,1.0,4.0,0.25,0.0,0.0,0.0,5.0,6.0,0.833,0.0,2.0,2.0,1.0,1.0,1.0,2.0,3.0,7.0,-8.0
0020200025,1610612741,CHI,Chicago,1944,Eddie Robinson,Eddie,G,,20:50,1.0,5.0,0.2,0.0,0.0,0.0,2.0,2.0,1.0,3.0,0.0,3.0,0.0,1.0,0.0,1.0,0.0,4.0,9.0
0020200025,1610612741,CHI,Chicago,923,Donyell Marshall,Donyell,G,,35:29,7.0,11.0,0.636,1.0,2.0,0.5,0.0,0.0,0.0,3.0,9.0,12.0,3.0,1.0,1.0,1.0,5.0,15.0,2.0
0020200025,1610612741,CHI,Chicago,2037,Jamal Crawford,Jamal,G,,28:09,2.0,8.0,0.25,0.0,2.0,0.0,1.0,2.0,0.5,0.0,6.0,6.0,5.0,0.0,0.0,2.0,1.0,5.0,-6.0
0020200025,1610612741,CHI,Chicago,2033,Marcus Fizer,Marcus,C,,19:52,4.0,11.0,0.364,0.0,0.0,0.0,1.0,4.0,0.25,3.0,1.0,4.0,2.0,0.0,0.0,3.0,1.0,9.0,-2.0
0020200025,1610612741,CHI,Chicago,697,Fred Hoiberg,Fred,F,,20:21,2.0,4.0,0.5,1.0,2.0,0.5,0.0,0.0,0.0,0.0,3.0,3.0,2.0,0.0,0.0,0.0,1.0,5.0,10.0
0020200025,1610612741,CHI,Chicago,2437,Lonny Baxter,Lonny,,,1:21,0.0,0.0,0.0,0.0,0.0,0.0,0.0,0.0,0.0,0.0,0.0,0.0,0.0,0.0,0.0,0.0,1.0,0.0,-1.0
0020200025,1610612741,CHI,Chicago,916,Corie Blount,Corie,,,2:51,0.0,0.0,0.0,0.0,0.0,0.0,0.0,0.0,0.0,1.0,1.0,2.0,0.0,0.0,0.0,0.0,0.0,0.0,-2.0
0020200025,1610612741,CHI,Chicago,2510,,,, ,,,,,,,,,,,,,,,,,,,,
0020200025,1610612741,CHI,Chicago,1780,,,, ,,,,,,,,,,,,,,,,,,,,
0020200025,1610612741,CHI,Chicago,1220,,,, ,,,,,,,,,,,,,,,,,,,,
0020200025,1610612741,CHI,Chicago,1254,,,, ,,,,,,,,,,,,,,,,,,,,
0020200025,1610612741,CHI,Chicago,2394,,,, ,,,,,,,,,,,,,,,,,,,,
0020200021,1610612754,IND,Indiana,1733,Al Harrington,Al,F,,22:54,3.0,9.0,0.333,0.0,2.0,0.0,1.0,2.0,0.5,0.0,3.0,3.0,2.0,0.0,0.0,2.0,4.0,7.0,-17.0
0020200021,1610612754,IND,Indiana,979,Jermaine O'Neal,Jermaine,F,,37:24,6.0,15.0,0.4,0.0,0.0,0.0,2.0,4.0,0.5,2.0,6.0,8.0,3.0,1.0,0.0,3.0,5.0,14.0,-4.0
0020200021,1610612754,IND,Indiana,1802,Brad Miller,Brad,G,,23:57,2.0,7.0,0.286,0.0,1.0,0.0,5.0,7.0,0.714,4.0,6.0,10.0,1.0,1.0,1.0,0.0,4.0,9.0,-16.0
0020200021,1610612754,IND,Indiana,1897,Metta World Peace,Metta,G,,23:33,5.0,12.0,0.417,1.0,3.0,0.333,0.0,2.0,0.0,1.0,3.0,4.0,0.0,1.0,1.0,2.0,1.0,11.0,-6.0
0020200021,1610612754,IND,Indiana,2224,Jamaal Tinsley,Jamaal,G,,16:19,3.0,6.0,0.5,0.0,0.0,0.0,2.0,2.0,1.0,0.0,1.0,1.0,3.0,2.0,0.0,2.0,6.0,8.0,0.0
0020200021,1610612754,IND,Indiana,1500,Ron Mercer,Ron,F,,39:01,6.0,13.0,0.462,0.0,0.0,0.0,4.0,4.0,1.0,0.0,3.0,3.0,5.0,1.0,0.0,1.0,4.0,16.0,-8.0
0020200021,1610612754,IND,Indiana,1065,Erick Strickland,Erick,G,,13:16,1.0,3.0,0.333,1.0,2.0,0.5,0.0,0.0,0.0,0.0,1.0,1.0,3.0,0.0,0.0,1.0,3.0,3.0,-8.0
0020200021,1610612754,IND,Indiana,1902,Jeff Foster,Jeff,G,,21:17,2.0,4.0,0.5,0.0,0.0,0.0,0.0,0.0,0.0,0.0,2.0,2.0,0.0,0.0,0.0,2.0,4.0,4.0,2.0
0020200021,1610612754,IND,Indiana,1886,Jonathan Bender,Jonathan,G,,32:21,4.0,9.0,0.444,0.0,0.0,0.0,7.0,8.0,0.875,0.0,4.0,4.0,2.0,0.0,6.0,1.0,0.0,15.0,-4.0
0020200021,1610612754,IND,Indiana,2249,Jamison Brewer,Jamison,F,,5:00,0.0,1.0,0.0,0.0,0.0,0.0,0.0,0.0,0.0,0.0,0.0,0.0,1.0,0.0,0.0,0.0,0.0,0.0,0.0
0020200021,1610612754,IND,Indiana,2056,Primoz Brezec,Primoz,,,3:31,1.0,1.0,1.0,0.0,0.0,0.0,2.0,2.0,1.0,2.0,0.0,2.0,0.0,1.0,0.0,0.0,1.0,4.0,3.0
0020200021,1610612754,IND,Indiana,2410,Fred Jones,Fred,,,1:27,0.0,0.0,0.0,0.0,0.0,0.0,0.0,0.0,0.0,0.0,0.0,0.0,0.0,0.0,0.0,0.0,0.0,0.0,3.0
0020200021,1610612754,IND,Indiana,2514,,,, ,,,,,,,,,,,,,,,,,,,,
0020200021,1610612754,IND,Indiana,2515,,,, ,,,,,,,,,,,,,,,,,,,,
0020200021,1610612754,IND,Indiana,2099,,,, ,,,,,,,,,,,,,,,,,,,,
0020200021,1610612754,IND,Indiana,2100,,,, ,,,,,,,,,,,,,,,,,,,,
0020200021,1610612754,IND,Indiana,2165,,,, ,,,,,,,,,,,,,,,,,,,,
0020200021,1610612754,IND,Indiana,1857,,,, ,,,,,,,,,,,,,,,,,,,,
0020200021,1610612754,IND,Indiana,1263,,,, ,,,,,,,,,,,,,,,,,,,,
0020200021,1610612754,IND,Indiana,1299,,,, ,,,,,,,,,,,,,,,,,,,,
0020200021,1610612751,NJN,New Jersey,2210,Richard Jefferson,Richard,F,,30:30,7.0,9.0,0.778,0.0,1.0,0.0,5.0,7.0,0.714,0.0,3.0,3.0,2.0,0.0,1.0,3.0,3.0,19.0,2.0
0020200021,1610612751,NJN,New Jersey,2030,Kenyon Martin,Kenyon,F,,30:37,5.0,11.0,0.455,0.0,0.0,0.0,1.0,2.0,0.5,1.0,6.0,7.0,2.0,0.0,1.0,1.0,3.0,11.0,18.0
0020200021,1610612751,NJN,New Jersey,87,Dikembe Mutombo,Dikembe,G,,25:17,5.0,8.0,0.625,0.0,0.0,0.0,4.0,4.0,1.0,1.0,6.0,7.0,0.0,0.0,4.0,4.0,3.0,14.0,18.0
0020200021,1610612751,NJN,New Jersey,954,Kerry Kittles,Kerry,G,,31:14,2.0,9.0,0.222,1.0,2.0,0.5,2.0,2.0,1.0,4.0,1.0,5.0,3.0,2.0,0.0,3.0,3.0,7.0,9.0
0020200021,1610612751,NJN,New Jersey,467,Jason Kidd,Jason,G,,29:46,3.0,13.0,0.231,1.0,3.0,0.333,2.0,3.0,0.667,1.0,7.0,8.0,8.0,0.0,0.0,2.0,1.0,9.0,8.0
0020200021,1610612751,NJN,New Jersey,915,Rodney Rogers,Rodney,G,,20:16,4.0,10.0,0.4,1.0,3.0,0.333,2.0,2.0,1.0,3.0,5.0,8.0,1.0,1.0,1.0,1.0,3.0,11.0,2.0
0020200021,1610612751,NJN,New Jersey,446,Lucious Harris,Lucious,F,,23:45,2.0,6.0,0.333,0.0,0.0,0.0,6.0,7.0,0.857,0.0,3.0,3.0,2.0,0.0,0.0,0.0,2.0,10.0,3.0
0020200021,1610612751,NJN,New Jersey,1425,Aaron Williams,Aaron,C,,18:54,2.0,4.0,0.5,0.0,0.0,0.0,3.0,4.0,0.75,1.0,0.0,1.0,2.0,0.0,0.0,1.0,3.0,7.0,-1.0
0020200021,1610612751,NJN,New Jersey,2447,Tamar Slay,Tamar,F,,10:44,2.0,4.0,0.5,0.0,1.0,0.0,1.0,2.0,0.5,0.0,1.0,1.0,0.0,0.0,0.0,0.0,2.0,5.0,1.0
0020200021,1610612751,NJN,New Jersey,2215,Jason Collins,Jason,G,,16:20,3.0,5.0,0.6,0.0,0.0,0.0,3.0,4.0,0.75,1.0,3.0,4.0,0.0,0.0,1.0,1.0,4.0,9.0,-1.0
0020200021,1610612751,NJN,New Jersey,1533,Anthony Johnson,Anthony,,,0:31,0.0,0.0,0.0,0.0,0.0,0.0,0.0,2.0,0.0,0.0,0.0,0.0,0.0,0.0,0.0,0.0,0.0,0.0,1.0
0020200021,1610612751,NJN,New Jersey,2243,Brian Scalabrine,Brian,,,2:06,0.0,0.0,0.0,0.0,0.0,0.0,0.0,0.0,0.0,0.0,0.0,0.0,0.0,0.0,0.0,0.0,0.0,0.0,-5.0
0020200021,1610612751,NJN,New Jersey,2380,,,, ,,,,,,,,,,,,,,,,,,,,
0020200021,1610612751,NJN,New Jersey,1303,,,, ,,,,,,,,,,,,,,,,,,,,
0020200021,1610612751,NJN,New Jersey,1324,,,, ,,,,,,,,,,,,,,,,,,,,
0020200021,1610612751,NJN,New Jersey,1776,,,, ,,,,,,,,,,,,,,,,,,,,
0020200021,1610612751,NJN,New Jersey,1876,,,, ,,,,,,,,,,,,,,,,,,,,
0020200021,1610612751,NJN,New Jersey,2009,,,, ,,,,,,,,,,,,,,,,,,,,
0020200029,1610612747,LAL,Los Angeles,109,Robert Horry,Robert,G,,31:48,4.0,9.0,0.444,2.0,5.0,0.4,1.0,2.0,0.5,2.0,5.0,7.0,2.0,1.0,1.0,0.0,5.0,11.0,32.0
0020200029,1610612747,LAL,Los Angeles,1904,Devean George,Devean,F,,29:02,4.0,9.0,0.444,1.0,3.0,0.333,4.0,5.0,0.8,0.0,2.0,2.0,0.0,3.0,0.0,2.0,2.0,13.0,5.0
0020200029,1610612747,LAL,Los Angeles,955,Samaki Walker,Samaki,G,,37:15,3.0,9.0,0.333,0.0,0.0,0.0,4.0,4.0,1.0,1.0,8.0,9.0,5.0,0.0,1.0,1.0,3.0,10.0,8.0
0020200029,1610612747,LAL,Los Angeles,977,Kobe Bryant,Kobe,G,,40:41,12.0,18.0,0.667,1.0,2.0,0.5,8.0,8.0,1.0,5.0,10.0,15.0,12.0,2.0,1.0,4.0,3.0,33.0,7.0
0020200029,1610612747,LAL,Los Angeles,965,Derek Fisher,Derek,G,,28:45,4.0,10.0,0.4,1.0,4.0,0.25,2.0,2.0,1.0,0.0,0.0,0.0,2.0,3.0,0.0,3.0,3.0,11.0,16.0
0020200029,1610612747,LAL,Los Angeles,2066,Soumaila Samake,Soumaila,,,7:27,1.0,3.0,0.333,0.0,0.0,0.0,0.0,0.0,0.0,1.0,0.0,1.0,1.0,0.0,2.0,0.0,1.0,2.0,-1.0
0020200029,1610612747,LAL,Los Angeles,2457,Jannero Pargo,Jannero,F,,12:56,1.0,4.0,0.25,0.0,1.0,0.0,2.0,2.0,1.0,0.0,1.0,1.0,1.0,0.0,0.0,0.0,2.0,4.0,10.0
0020200029,1610612747,LAL,Los Angeles,145,Tracy Murray,Tracy,G,,13:33,3.0,5.0,0.6,1.0,2.0,0.5,2.0,3.0,0.667,0.0,1.0,1.0,0.0,0.0,1.0,1.0,0.0,9.0,-1.0
0020200029,1610612747,LAL,Los Angeles,216,Brian Shaw,Brian,F,,16:09,2.0,5.0,0.4,1.0,2.0,0.5,0.0,0.0,0.0,1.0,2.0,3.0,4.0,1.0,0.0,0.0,0.0,5.0,12.0
0020200029,1610612747,LAL,Los Angeles,2098,Slava Medvedenko,Slava,G,,19:30,5.0,13.0,0.385,0.0,1.0,0.0,0.0,0.0,0.0,3.0,0.0,3.0,0.0,0.0,0.0,0.0,3.0,10.0,-9.0
0020200029,1610612747,LAL,Los Angeles,2416,Kareem Rush,Kareem,,,2:54,0.0,0.0,0.0,0.0,0.0,0.0,0.0,0.0,0.0,0.0,0.0,0.0,0.0,0.0,0.0,0.0,1.0,0.0,-4.0
0020200029,1610612747,LAL,Los Angeles,1272,,,, ,,,,,,,,,,,,,,,,,,,,
0020200029,1610612747,LAL,Los Angeles,1273,,,, ,,,,,,,,,,,,,,,,,,,,
0020200029,1610612747,LAL,Los Angeles,1219,,,, ,,,,,,,,,,,,,,,,,,,,
0020200029,1610612747,LAL,Los Angeles,1221,,,, ,,,,,,,,,,,,,,,,,,,,
0020200029,1610612747,LAL,Los Angeles,1223,,,, ,,,,,,,,,,,,,,,,,,,,
0020200029,1610612747,LAL,Los Angeles,1230,,,, ,,,,,,,,,,,,,,,,,,,,
0020200029,1610612746,LAC,Los Angeles,1882,Elton Brand,Elton,G,,39:52,8.0,15.0,0.533,0.0,0.0,0.0,3.0,4.0,0.75,4.0,8.0,12.0,3.0,1.0,1.0,3.0,3.0,19.0,-2.0
0020200029,1610612746,LAC,Los Angeles,1894,Corey Maggette,Corey,F,,38:09,6.0,10.0,0.6,0.0,0.0,0.0,7.0,7.0,1.0,0.0,8.0,8.0,1.0,0.0,0.0,2.0,5.0,19.0,-6.0
0020200029,1610612746,LAC,Los Angeles,1709,Michael Olowokandi,Michael,G,,35:57,6.0,12.0,0.5,0.0,0.0,0.0,0.0,0.0,0.0,1.0,4.0,5.0,1.0,0.0,4.0,3.0,0.0,12.0,-12.0
0020200029,1610612746,LAC,Los Angeles,2047,Quentin Richardson,Quentin,G,,19:54,2.0,8.0,0.25,2.0,5.0,0.4,4.0,6.0,0.667,1.0,2.0,3.0,1.0,1.0,0.0,2.0,4.0,10.0,-8.0
0020200029,1610612746,LAC,Los Angeles,1889,Andre Miller,Andre,G,,37:45,5.0,10.0,0.5,1.0,1.0,1.0,11.0,14.0,0.786,1.0,2.0,3.0,11.0,0.0,0.0,3.0,3.0,22.0,-4.0
0020200029,1610612746,LAC,Los Angeles,15,Eric Piatkowski,Eric,F,,11:49,2.0,3.0,0.667,2.0,2.0,1.0,1.0,2.0,0.5,0.0,0.0,0.0,0.0,0.0,0.0,0.0,1.0,7.0,-9.0
0020200029,1610612746,LAC,Los Angeles,2039,Keyon Dooling,Keyon,F,,10:15,1.0,6.0,0.167,0.0,1.0,0.0,0.0,0.0,0.0,0.0,1.0,1.0,1.0,0.0,0.0,1.0,2.0,2.0,-11.0
0020200029,1610612746,LAC,Los Angeles,399,Sean Rooks,Sean,G,,12:55,0.0,1.0,0.0,0.0,0.0,0.0,0.0,0.0,0.0,0.0,2.0,2.0,0.0,0.0,0.0,1.0,2.0,0.0,-13.0
0020200029,1610612746,LAC,Los Angeles,2060,Marko Jaric,Marko,C,,26:08,0.0,4.0,0.0,0.0,2.0,0.0,0.0,0.0,0.0,1.0,2.0,3.0,4.0,2.0,0.0,1.0,1.0,0.0,-7.0
0020200029,1610612746,LAC,Los Angeles,2404,Chris Wilcox,Chris,,,6:10,1.0,2.0,0.5,0.0,0.0,0.0,0.0,0.0,0.0,1.0,1.0,2.0,0.0,0.0,0.0,0.0,0.0,2.0,-1.0
0020200029,1610612746,LAC,Los Angeles,1917,Wang Zhi-zhi,Wang,,,1:06,0.0,0.0,0.0,0.0,0.0,0.0,0.0,0.0,0.0,0.0,0.0,0.0,0.0,0.0,0.0,0.0,0.0,0.0,-2.0
0020200029,1610612746,LAC,Los Angeles,1996,,,, ,,,,,,,,,,,,,,,,,,,,
0020200029,1610612746,LAC,Los Angeles,2010,,,, ,,,,,,,,,,,,,,,,,,,,
0020200029,1610612746,LAC,Los Angeles,1210,,,, ,,,,,,,,,,,,,,,,,,,,
0020200029,1610612746,LAC,Los Angeles,1672,,,, ,,,,,,,,,,,,,,,,,,,,
0020200029,1610612746,LAC,Los Angeles,1243,,,, ,,,,,,,,,,,,,,,,,,,,
0020200029,1610612746,LAC,Los Angeles,2166,,,, ,,,,,,,,,,,,,,,,,,,,
0020200029,1610612746,LAC,Los Angeles,685,Cherokee Parks,Cherokee,,DNP - Coach's Decision,,,,,,,,,,,,,,,,,,,,
0020200028,1610612739,CLE,Cleveland,2032,Darius Miles,Darius,G,,42:04,6.0,18.0,0.333,0.0,0.0,0.0,0.0,0.0,0.0,4.0,7.0,11.0,2.0,3.0,1.0,6.0,1.0,12.0,4.0
0020200028,1610612739,CLE,Cleveland,238,Tyrone Hill,Tyrone,F,,35:53,6.0,10.0,0.6,0.0,0.0,0.0,1.0,2.0,0.5,3.0,8.0,11.0,2.0,3.0,1.0,4.0,6.0,13.0,0.0
0020200028,1610612739,CLE,Cleveland,980,Zydrunas Ilgauskas,Zydrunas,F,,41:13,6.0,22.0,0.273,0.0,0.0,0.0,5.0,8.0,0.625,6.0,16.0,22.0,1.0,0.0,2.0,3.0,2.0,17.0,3.0
0020200028,1610612739,CLE,Cleveland,902,Bimbo Coles,Bimbo,G,,29:40,1.0,3.0,0.333,0.0,0.0,0.0,3.0,3.0,1.0,0.0,1.0,1.0,1.0,0.0,0.0,1.0,5.0,5.0,3.0
0020200028,1610612739,CLE,Cleveland,1729,Ricky Davis,Ricky,G,,44:39,5.0,14.0,0.357,0.0,2.0,0.0,11.0,13.0,0.846,0.0,5.0,5.0,2.0,2.0,0.0,4.0,3.0,21.0,-6.0
0020200028,1610612739,CLE,Cleveland,1960,Milt Palacio,Milt,G,,15:03,0.0,2.0,0.0,0.0,0.0,0.0,0.0,2.0,0.0,0.0,1.0,1.0,3.0,0.0,0.0,1.0,2.0,0.0,-4.0
0020200028,1610612739,CLE,Cleveland,1908,Jumaine Jones,Jumaine,G,,23:02,3.0,8.0,0.375,0.0,0.0,0.0,0.0,0.0,0.0,1.0,3.0,4.0,1.0,0.0,2.0,1.0,6.0,6.0,-7.0
0020200028,1610612739,CLE,Cleveland,2205,DeSagana Diop,DeSagana,C,,4:10,0.0,0.0,0.0,0.0,0.0,0.0,0.0,0.0,0.0,1.0,0.0,1.0,0.0,1.0,1.0,0.0,1.0,0.0,-5.0
0020200028,1610612739,CLE,Cleveland,1565,Michael Stewart,Michael,F,,4:04,0.0,0.0,0.0,0.0,0.0,0.0,0.0,0.0,0.0,0.0,0.0,0.0,0.0,0.0,0.0,2.0,0.0,0.0,-6.0
0020200028,1610612739,CLE,Cleveland,2430,Carlos Boozer,Carlos,,,0:12,0.0,0.0,0.0,0.0,0.0,0.0,0.0,0.0,0.0,0.0,0.0,0.0,0.0,0.0,0.0,0.0,0.0,0.0,-2.0
0020200028,1610612739,CLE,Cleveland,1992,,,, ,,,,,,,,,,,,,,,,,,,,
0020200028,1610612739,CLE,Cleveland,2006,,,, ,,,,,,,,,,,,,,,,,,,,
0020200028,1610612739,CLE,Cleveland,1781,,,, ,,,,,,,,,,,,,,,,,,,,
0020200028,1610612739,CLE,Cleveland,1241,,,, ,,,,,,,,,,,,,,,,,,,,
0020200028,1610612739,CLE,Cleveland,1786,,,, ,,,,,,,,,,,,,,,,,,,,
0020200028,1610612739,CLE,Cleveland,2096,,,, ,,,,,,,,,,,,,,,,,,,,
0020200028,1610612739,CLE,Cleveland,2174,,,, ,,,,,,,,,,,,,,,,,,,,
0020200028,1610612739,CLE,Cleveland,2036,Chris Mihm,Chris,,Did Not Dress - Left Hamstring Strain,,,,,,,,,,,,,,,,,,,,
0020200028,1610612739,CLE,Cleveland,2470,Smush Parker,Smush,,DNP - Coach's Decision,,,,,,,,,,,,,,,,,,,,
0020200028,1610612756,PHX,Phoenix,1890,Shawn Marion,Shawn,F,,44:27,8.0,16.0,0.5,1.0,3.0,0.333,4.0,4.0,1.0,4.0,12.0,16.0,0.0,2.0,0.0,2.0,3.0,21.0,-2.0
0020200028,1610612756,PHX,Phoenix,339,Tom Gugliotta,Tom,F,,18:11,3.0,7.0,0.429,0.0,0.0,0.0,0.0,0.0,0.0,0.0,4.0,4.0,2.0,1.0,0.0,2.0,1.0,6.0,-3.0
0020200028,1610612756,PHX,Phoenix,2054,Jake Tsakalidis,Jake,C,,23:38,4.0,10.0,0.4,0.0,0.0,0.0,2.0,3.0,0.667,4.0,3.0,7.0,0.0,0.0,2.0,1.0,3.0,10.0,-12.0
0020200028,1610612756,PHX,Phoenix,950,Stephon Marbury,Stephon,G,,44:42,5.0,17.0,0.294,0.0,0.0,0.0,5.0,7.0,0.714,2.0,0.0,2.0,10.0,1.0,0.0,4.0,2.0,15.0,4.0
0020200028,1610612756,PHX,Phoenix,2207,Joe Johnson,Joe,G,,23:46,1.0,10.0,0.1,0.0,2.0,0.0,1.0,2.0,0.5,2.0,0.0,2.0,2.0,1.0,0.0,1.0,2.0,3.0,-1.0
0020200028,1610612756,PHX,Phoenix,358,Anfernee Hardaway,Anfernee,G,,19:09,1.0,6.0,0.167,0.0,0.0,0.0,1.0,2.0,0.5,2.0,4.0,6.0,3.0,0.0,0.0,3.0,3.0,3.0,2.0
0020200028,1610612756,PHX,Phoenix,2405,Amar'e Stoudemire,Amar'e,F,,29:00,4.0,15.0,0.267,0.0,0.0,0.0,2.0,3.0,0.667,2.0,6.0,8.0,1.0,1.0,1.0,0.0,4.0,10.0,7.0
0020200028,1610612756,PHX,Phoenix,448,Bo Outlaw,Bo,G,,22:34,2.0,3.0,0.667,0.0,0.0,0.0,0.0,0.0,0.0,1.0,3.0,4.0,2.0,0.0,2.0,1.0,1.0,4.0,14.0
0020200028,1610612756,PHX,Phoenix,281,Scott Williams,Scott,C,,14:33,2.0,6.0,0.333,0.0,0.0,0.0,2.0,2.0,1.0,2.0,2.0,4.0,0.0,2.0,0.0,3.0,3.0,6.0,11.0
0020200028,1610612756,PHX,Phoenix,2008,,,, ,,,,,,,,,,,,,,,,,,,,
0020200028,1610612756,PHX,Phoenix,1783,,,, ,,,,,,,,,,,,,,,,,,,,
0020200028,1610612756,PHX,Phoenix,1642,,,, ,,,,,,,,,,,,,,,,,,,,
0020200028,1610612756,PHX,Phoenix,1653,,,, ,,,,,,,,,,,,,,,,,,,,
0020200028,1610612756,PHX,Phoenix,1336,,,, ,,,,,,,,,,,,,,,,,,,,
0020200028,1610612756,PHX,Phoenix,2521,,,, ,,,,,,,,,,,,,,,,,,,,
0020200028,1610612756,PHX,Phoenix,2160,,,, ,,,,,,,,,,,,,,,,,,,,
0020200028,1610612756,PHX,Phoenix,753,Randy Brown,Randy,,DNP - Coach's Decision,,,,,,,,,,,,,,,,,,,,
0020200028,1610612756,PHX,Phoenix,2418,Casey Jacobsen,Casey,,DNP - Coach's Decision,,,,,,,,,,,,,,,,,,,,
0020200028,1610612756,PHX,Phoenix,2061,Dan Langhi,Dan,,DNP - Coach's Decision,,,,,,,,,,,,,,,,,,,,
0020200027,1610612745,HOU,Houston,2411,Bostjan Nachbar,Bostjan,F,,11:49,1.0,3.0,0.333,1.0,2.0,0.5,0.0,2.0,0.0,1.0,0.0,1.0,1.0,0.0,0.0,1.0,1.0,3.0,-1.0
0020200027,1610612745,HOU,Houston,2204,Eddie Griffin,Eddie,F,,34:26,3.0,12.0,0.25,0.0,0.0,0.0,1.0,2.0,0.5,1.0,4.0,5.0,1.0,0.0,4.0,2.0,3.0,7.0,6.0
0020200027,1610612745,HOU,Houston,1509,Kelvin Cato,Kelvin,C,,28:07,3.0,4.0,0.75,0.0,0.0,0.0,2.0,2.0,1.0,0.0,8.0,8.0,0.0,1.0,4.0,0.0,4.0,8.0,6.0
0020200027,1610612745,HOU,Houston,1883,Steve Francis,Steve,G,,37:23,6.0,12.0,0.5,1.0,2.0,0.5,8.0,9.0,0.889,4.0,9.0,13.0,5.0,1.0,2.0,7.0,2.0,21.0,12.0
0020200027,1610612745,HOU,Houston,1749,Cuttino Mobley,Cuttino,G,,47:00,8.0,16.0,0.5,1.0,3.0,0.333,12.0,13.0,0.923,1.0,1.0,2.0,4.0,1.0,2.0,5.0,4.0,29.0,11.0
0020200027,1610612745,HOU,Houston,1038,Juaquin Hawkins,Juaquin,G,,26:59,3.0,8.0,0.375,1.0,2.0,0.5,0.0,0.0,0.0,1.0,1.0,2.0,1.0,1.0,0.0,1.0,2.0,7.0,7.0
0020200027,1610612745,HOU,Houston,2044,Jason Collier,Jason,G,,20:42,3.0,8.0,0.375,0.0,0.0,0.0,0.0,0.0,0.0,4.0,1.0,5.0,0.0,0.0,1.0,0.0,2.0,6.0,5.0
0020200027,1610612745,HOU,Houston,2397,Ming Yao,Ming,F,,12:45,1.0,5.0,0.2,0.0,0.0,0.0,0.0,0.0,0.0,2.0,5.0,7.0,1.0,0.0,0.0,0.0,2.0,2.0,1.0
0020200027,1610612745,HOU,Houston,983,Moochie Norris,Moochie,G,,20:49,0.0,6.0,0.0,0.0,1.0,0.0,0.0,0.0,0.0,0.0,4.0,4.0,4.0,1.0,0.0,0.0,0.0,0.0,-2.0
0020200027,1610612745,HOU,Houston,825,,,, ,,,,,,,,,,,,,,,,,,,,
0020200027,1610612745,HOU,Houston,1255,,,, ,,,,,,,,,,,,,,,,,,,,
0020200027,1610612745,HOU,Houston,1256,,,, ,,,,,,,,,,,,,,,,,,,,
0020200027,1610612745,HOU,Houston,1257,,,, ,,,,,,,,,,,,,,,,,,,,
0020200027,1610612745,HOU,Houston,1258,,,, ,,,,,,,,,,,,,,,,,,,,
0020200027,1610612745,HOU,Houston,1997,,,, ,,,,,,,,,,,,,,,,,,,,
0020200027,1610612745,HOU,Houston,2384,,,, ,,,,,,,,,,,,,,,,,,,,
0020200027,1610612745,HOU,Houston,2385,,,, ,,,,,,,,,,,,,,,,,,,,
0020200027,1610612745,HOU,Houston,779,Glen Rice,Glen,,DND - Right Knee Strain,,,,,,,,,,,,,,,,,,,,
0020200027,1610612745,HOU,Houston,1508,Maurice Taylor,Maurice,,NWT- NBA Suspension,,,,,,,,,,,,,,,,,,,,
0020200027,1610612745,HOU,Houston,1903,Kenny Thomas,Kenny,,DND - Right Thumb Fracture,,,,,,,,,,,,,,,,,,,,
0020200027,1610612743,DEN,Denver,1763,Ryan Bowen,Ryan,F,,21:20,2.0,5.0,0.4,0.0,0.0,0.0,0.0,0.0,0.0,3.0,2.0,5.0,0.0,4.0,1.0,2.0,0.0,4.0,-8.0
0020200027,1610612743,DEN,Denver,1899,James Posey,James,F,,41:31,6.0,17.0,0.353,2.0,5.0,0.4,2.0,2.0,1.0,2.0,5.0,7.0,5.0,0.0,0.0,3.0,4.0,16.0,-9.0
0020200027,1610612743,DEN,Denver,1548,Mark Blount,Mark,C,,26:29,2.0,5.0,0.4,0.0,0.0,0.0,3.0,4.0,0.75,0.0,3.0,3.0,3.0,0.0,3.0,2.0,2.0,7.0,-5.0
0020200027,1610612743,DEN,Denver,2454,Junior Harrington,Junior,G,,18:10,2.0,7.0,0.286,0.0,0.0,0.0,0.0,0.0,0.0,0.0,1.0,1.0,2.0,2.0,0.0,0.0,2.0,4.0,-3.0
0020200027,1610612743,DEN,Denver,43,Chris Whitney,Chris,G,,29:27,3.0,12.0,0.25,0.0,2.0,0.0,0.0,0.0,0.0,1.0,5.0,6.0,4.0,0.0,0.0,1.0,3.0,6.0,-2.0
0020200027,1610612743,DEN,Denver,2365,Chris Andersen,Chris,G,,21:55,2.0,5.0,0.4,0.0,0.0,0.0,2.0,2.0,1.0,0.0,6.0,6.0,0.0,0.0,1.0,0.0,3.0,6.0,-1.0
0020200027,1610612743,DEN,Denver,2401,Nikoloz Tskitishvili,Nikoloz,G,,18:46,4.0,9.0,0.444,1.0,3.0,0.333,1.0,2.0,0.5,1.0,1.0,2.0,1.0,0.0,0.0,1.0,2.0,10.0,0.0
0020200027,1610612743,DEN,Denver,2403,Nene Hilario,Nene,G,,21:31,2.0,5.0,0.4,0.0,0.0,0.0,2.0,3.0,0.667,2.0,1.0,3.0,3.0,0.0,3.0,3.0,4.0,6.0,-4.0
0020200027,1610612743,DEN,Denver,2261,Kenny Satterfield,Kenny,F,,32:46,6.0,16.0,0.375,0.0,0.0,0.0,1.0,2.0,0.5,3.0,4.0,7.0,3.0,2.0,0.0,1.0,3.0,13.0,-10.0
0020200027,1610612743,DEN,Denver,2051,Donnell Harvey,Donnell,F,,8:05,1.0,3.0,0.333,0.0,0.0,0.0,0.0,0.0,0.0,0.0,1.0,1.0,0.0,0.0,1.0,0.0,0.0,2.0,-3.0
0020200027,1610612743,DEN,Denver,2015,,,, ,,,,,,,,,,,,,,,,,,,,
0020200027,1610612743,DEN,Denver,1216,,,, ,,,,,,,,,,,,,,,,,,,,
0020200027,1610612743,DEN,Denver,1240,,,, ,,,,,,,,,,,,,,,,,,,,
0020200027,1610612743,DEN,Denver,1279,,,, ,,,,,,,,,,,,,,,,,,,,
0020200027,1610612743,DEN,Denver,2379,,,, ,,,,,,,,,,,,,,,,,,,,
0020200027,1610612743,DEN,Denver,2512,,,, ,,,,,,,,,,,,,,,,,,,,
0020200027,1610612743,DEN,Denver,2513,,,, ,,,,,,,,,,,,,,,,,,,,
0020200027,1610612743,DEN,Denver,436,Juwan Howard,Juwan,,DND - 2nd Game of 2 Game NBA Suspension,,,,,,,,,,,,,,,,,,,,
0020200027,1610612743,DEN,Denver,2206,Rodney White,Rodney,,DNP - Coach's Decision,,,,,,,,,,,,,,,,,,,,
0020200030,1610612760,SEA,Seattle,2501,Reggie Evans,Reggie,F,,8:38,0.0,1.0,0.0,0.0,0.0,0.0,3.0,4.0,0.75,1.0,3.0,4.0,2.0,0.0,0.0,0.0,0.0,3.0,4.0
0020200030,1610612760,SEA,Seattle,1740,Rashard Lewis,Rashard,G,,43:48,8.0,20.0,0.4,1.0,2.0,0.5,2.0,4.0,0.5,7.0,2.0,9.0,3.0,4.0,1.0,0.0,1.0,19.0,17.0
0020200030,1610612760,SEA,Seattle,1542,Predrag Drobnjak,Predrag,F,,32:35,4.0,10.0,0.4,0.0,1.0,0.0,0.0,0.0,0.0,1.0,5.0,6.0,3.0,0.0,1.0,5.0,4.0,8.0,12.0
0020200030,1610612760,SEA,Seattle,699,Brent Barry,Brent,G,,38:20,5.0,6.0,0.833,3.0,3.0,1.0,4.0,5.0,0.8,0.0,6.0,6.0,6.0,2.0,1.0,2.0,4.0,17.0,7.0
0020200030,1610612760,SEA,Seattle,56,Gary Payton,Gary,G,,39:02,9.0,19.0,0.474,3.0,4.0,0.75,5.0,8.0,0.625,0.0,1.0,1.0,10.0,0.0,0.0,0.0,1.0,26.0,8.0
0020200030,1610612760,SEA,Seattle,2046,Desmond Mason,Desmond,F,,32:05,9.0,15.0,0.6,1.0,1.0,1.0,4.0,4.0,1.0,4.0,5.0,9.0,0.0,3.0,0.0,2.0,4.0,23.0,11.0
0020200030,1610612760,SEA,Seattle,2209,Vladimir Radmanovic,Vladimir,F,,17:48,1.0,4.0,0.25,0.0,2.0,0.0,0.0,0.0,0.0,1.0,0.0,1.0,1.0,0.0,0.0,1.0,2.0,2.0,5.0
0020200030,1610612760,SEA,Seattle,1744,Jerome James,Jerome,C,,8:58,1.0,3.0,0.333,0.0,0.0,0.0,2.0,2.0,1.0,1.0,2.0,3.0,0.0,0.0,0.0,2.0,4.0,4.0,-3.0
0020200030,1610612760,SEA,Seattle,1738,Ansu Sesay,Ansu,G,,12:28,1.0,5.0,0.2,0.0,0.0,0.0,2.0,2.0,1.0,1.0,1.0,2.0,2.0,2.0,0.0,1.0,3.0,4.0,0.0
0020200030,1610612760,SEA,Seattle,1916,Calvin Booth,Calvin,C,,6:18,0.0,1.0,0.0,0.0,0.0,0.0,0.0,0.0,0.0,1.0,0.0,1.0,0.0,1.0,0.0,1.0,3.0,0.0,4.0
0020200030,1610612760,SEA,Seattle,1778,,,, ,,,,,,,,,,,,,,,,,,,,
0020200030,1610612760,SEA,Seattle,2350,,,, ,,,,,,,,,,,,,,,,,,,,
0020200030,1610612760,SEA,Seattle,1335,,,, ,,,,,,,,,,,,,,,,,,,,
0020200030,1610612760,SEA,Seattle,1338,,,, ,,,,,,,,,,,,,,,,,,,,
0020200030,1610612760,SEA,Seattle,1349,,,, ,,,,,,,,,,,,,,,,,,,,
0020200030,1610612760,SEA,Seattle,72,Kenny Anderson,Kenny,,DNP - Back Spasms,,,,,,,,,,,,,,,,,,,,
0020200030,1610612760,SEA,Seattle,2218,Joseph Forte,Joseph,,DNP - Coach's Decision,,,,,,,,,,,,,,,,,,,,
0020200030,1610612744,GSW,Golden State,2211,Troy Murphy,Troy,F,,32:19,4.0,10.0,0.4,0.0,0.0,0.0,1.0,2.0,0.5,3.0,8.0,11.0,6.0,1.0,3.0,2.0,3.0,9.0,0.0
0020200030,1610612744,GSW,Golden State,1712,Antawn Jamison,Antawn,G,,45:16,11.0,23.0,0.478,0.0,3.0,0.0,2.0,2.0,1.0,3.0,4.0,7.0,1.0,0.0,1.0,4.0,3.0,24.0,-16.0
0020200030,1610612744,GSW,Golden State,956,Erick Dampier,Erick,G,,31:55,4.0,6.0,0.667,0.0,0.0,0.0,5.0,9.0,0.556,5.0,6.0,11.0,1.0,0.0,6.0,1.0,3.0,13.0,-17.0
0020200030,1610612744,GSW,Golden State,2202,Jason Richardson,Jason,G,,34:43,4.0,16.0,0.25,0.0,4.0,0.0,1.0,3.0,0.333,0.0,3.0,3.0,3.0,0.0,0.0,3.0,2.0,9.0,-12.0
0020200030,1610612744,GSW,Golden State,2240,Gilbert Arenas,Gilbert,G,,38:01,9.0,13.0,0.692,0.0,1.0,0.0,1.0,2.0,0.5,0.0,6.0,6.0,11.0,0.0,0.0,4.0,6.0,19.0,-6.0
0020200030,1610612744,GSW,Golden State,2412,Jiri Welsch,Jiri,C,,20:37,2.0,7.0,0.286,0.0,0.0,0.0,3.0,3.0,1.0,1.0,1.0,2.0,2.0,2.0,0.0,2.0,4.0,7.0,-4.0
0020200030,1610612744,GSW,Golden State,2399,Mike Dunleavy,Mike,G,,23:44,1.0,7.0,0.143,0.0,1.0,0.0,5.0,6.0,0.833,6.0,4.0,10.0,0.0,3.0,0.0,2.0,0.0,7.0,-7.0
0020200030,1610612744,GSW,Golden State,1502,Adonal Foyle,Adonal,F,,10:46,0.0,1.0,0.0,0.0,0.0,0.0,2.0,2.0,1.0,3.0,2.0,5.0,1.0,0.0,1.0,1.0,1.0,2.0,1.0
0020200030,1610612744,GSW,Golden State,2352,Dean Oliver,Dean,,,1:30,0.0,0.0,0.0,0.0,0.0,0.0,0.0,0.0,0.0,0.0,0.0,0.0,0.0,0.0,0.0,1.0,1.0,0.0,-5.0
0020200030,1610612744,GSW,Golden State,2351,Oscar Torres,Oscar,,,1:09,1.0,1.0,1.0,1.0,1.0,1.0,0.0,0.0,0.0,0.0,0.0,0.0,0.0,0.0,0.0,0.0,0.0,3.0,1.0
0020200030,1610612744,GSW,Golden State,1637,,,, ,,,,,,,,,,,,,,,,,,,,
0020200030,1610612744,GSW,Golden State,1774,,,, ,,,,,,,,,,,,,,,,,,,,
0020200030,1610612744,GSW,Golden State,1217,,,, ,,,,,,,,,,,,,,,,,,,,
0020200030,1610612744,GSW,Golden State,1252,,,, ,,,,,,,,,,,,,,,,,,,,
0020200030,1610612744,GSW,Golden State,1307,,,, ,,,,,,,,,,,,,,,,,,,,
0020200030,1610612744,GSW,Golden State,1331,,,, ,,,,,,,,,,,,,,,,,,,,
0020200030,1610612744,GSW,Golden State,1504,Danny Fortson,Danny,,NWT - Death in the Family,,,,,,,,,,,,,,,,,,,,
0020200030,1610612744,GSW,Golden State,2462,Guy Rucker,Guy,,DNP - Coach's Decision,,,,,,,,,,,,,,,,,,,,
