GAME_ID,TEAM_ID,TEAM_ABBREVIATION,TEAM_CITY,PLAYER_ID,PLAYER_NAME,NICKNAME,START_POSITION,COMMENT,MIN,FGM,FGA,FG_PCT,FG3M,FG3A,FG3_PCT,FTM,FTA,FT_PCT,OREB,DREB,REB,AST,STL,BLK,TO,PF,PTS,PLUS_MINUS
0020000225,1610612751,NJN,New Jersey,1536,Stephen Jackson,Stephen,F,,36:11,5.0,14.0,0.357,2.0,5.0,0.4,3.0,4.0,0.75,0.0,9.0,9.0,5.0,2.0,1.0,3.0,3.0,15.0,0.0
0020000225,1610612751,NJN,New Jersey,2030,Kenyon Martin,Kenyon,G,,37:49,2.0,6.0,0.333,0.0,0.0,0.0,0.0,0.0,0.0,0.0,8.0,8.0,1.0,0.0,1.0,3.0,2.0,4.0,-13.0
0020000225,1610612751,NJN,New Jersey,1915,Evan Eschmeyer,Evan,F,,21:21,3.0,9.0,0.333,0.0,0.0,0.0,1.0,1.0,1.0,4.0,2.0,6.0,0.0,1.0,0.0,2.0,3.0,7.0,-21.0
0020000225,1610612751,NJN,New Jersey,383,Kendall Gill,Kendall,G,,33:25,2.0,12.0,0.167,0.0,0.0,0.0,4.0,6.0,0.667,2.0,7.0,9.0,3.0,1.0,1.0,3.0,4.0,8.0,-16.0
0020000225,1610612751,NJN,New Jersey,950,Stephon Marbury,Stephon,G,,38:11,8.0,19.0,0.421,1.0,4.0,0.25,8.0,11.0,0.727,0.0,1.0,1.0,2.0,0.0,0.0,6.0,5.0,25.0,-11.0
0020000225,1610612751,NJN,New Jersey,1425,Aaron Williams,Aaron,G,,30:22,3.0,8.0,0.375,0.0,0.0,0.0,2.0,2.0,1.0,4.0,8.0,12.0,1.0,0.0,4.0,0.0,4.0,8.0,14.0
0020000225,1610612751,NJN,New Jersey,446,Lucious Harris,Lucious,G,,22:27,1.0,5.0,0.2,0.0,1.0,0.0,2.0,2.0,1.0,1.0,3.0,4.0,0.0,1.0,0.0,1.0,3.0,4.0,14.0
0020000225,1610612751,NJN,New Jersey,428,Sherman Douglas,Sherman,G,,9:49,1.0,2.0,0.5,0.0,0.0,0.0,2.0,2.0,1.0,0.0,0.0,0.0,0.0,3.0,0.0,2.0,1.0,4.0,8.0
0020000225,1610612751,NJN,New Jersey,271,Johnny Newman,Johnny,C,,10:25,2.0,6.0,0.333,0.0,0.0,0.0,1.0,1.0,1.0,0.0,2.0,2.0,0.0,1.0,0.0,0.0,1.0,5.0,10.0
0020000225,1610612751,NJN,New Jersey,1303,,,, ,,,,,,,,,,,,,,,,,,,,
0020000225,1610612751,NJN,New Jersey,1324,,,, ,,,,,,,,,,,,,,,,,,,,
0020000225,1610612751,NJN,New Jersey,1673,,,, ,,,,,,,,,,,,,,,,,,,,
0020000225,1610612751,NJN,New Jersey,2009,,,, ,,,,,,,,,,,,,,,,,,,,
0020000225,1610612751,NJN,New Jersey,1776,,,, ,,,,,,,,,,,,,,,,,,,,
0020000225,1610612751,NJN,New Jersey,1789,,,, ,,,,,,,,,,,,,,,,,,,,
0020000225,1610612751,NJN,New Jersey,1876,,,, ,,,,,,,,,,,,,,,,,,,,
0020000225,1610612751,NJN,New Jersey,29,Jim McIlvaine,Jim,,DNP - Coach's Decision,,,,,,,,,,,,,,,,,,,,
0020000225,1610612751,NJN,New Jersey,1563,Kevin Ollie,Kevin,,DNP - Coach's Decision,,,,,,,,,,,,,,,,,,,,
0020000225,1610612751,NJN,New Jersey,2066,Soumaila Samake,Soumaila,,DNP - Coach's Decision,,,,,,,,,,,,,,,,,,,,
0020000225,1610612753,ORL,Orlando,448,Bo Outlaw,Bo,G,,31:19,4.0,5.0,0.8,0.0,0.0,0.0,2.0,2.0,1.0,2.0,6.0,8.0,5.0,3.0,3.0,4.0,3.0,10.0,5.0
0020000225,1610612753,ORL,Orlando,680,John Amaechi,John,F,,37:36,2.0,14.0,0.143,0.0,0.0,0.0,0.0,1.0,0.0,0.0,9.0,9.0,0.0,0.0,2.0,1.0,2.0,4.0,5.0
0020000225,1610612753,ORL,Orlando,1720,Michael Doleac,Michael,G,,30:19,7.0,11.0,0.636,0.0,0.0,0.0,2.0,2.0,1.0,0.0,4.0,4.0,3.0,2.0,3.0,0.0,6.0,16.0,23.0
0020000225,1610612753,ORL,Orlando,1503,Tracy McGrady,Tracy,G,,39:53,11.0,24.0,0.458,0.0,0.0,0.0,9.0,14.0,0.643,2.0,7.0,9.0,4.0,1.0,3.0,3.0,4.0,31.0,7.0
0020000225,1610612753,ORL,Orlando,353,Darrell Armstrong,Darrell,G,,38:23,5.0,11.0,0.455,0.0,4.0,0.0,1.0,1.0,1.0,2.0,2.0,4.0,7.0,3.0,0.0,4.0,1.0,11.0,10.0
0020000225,1610612753,ORL,Orlando,42,Monty Williams,Monty,C,,15:06,1.0,1.0,1.0,0.0,0.0,0.0,0.0,0.0,0.0,0.0,3.0,3.0,2.0,0.0,0.0,1.0,0.0,2.0,-6.0
0020000225,1610612753,ORL,Orlando,1727,Pat Garrity,Pat,F,,16:01,1.0,5.0,0.2,1.0,4.0,0.25,2.0,2.0,1.0,0.0,2.0,2.0,1.0,0.0,0.0,2.0,2.0,5.0,-11.0
0020000225,1610612753,ORL,Orlando,2034,Mike Miller,Mike,F,,13:20,0.0,1.0,0.0,0.0,1.0,0.0,0.0,2.0,0.0,0.0,3.0,3.0,1.0,0.0,0.0,1.0,2.0,0.0,-13.0
0020000225,1610612753,ORL,Orlando,1607,Troy Hudson,Troy,G,,8:45,1.0,3.0,0.333,0.0,0.0,0.0,0.0,0.0,0.0,0.0,0.0,0.0,1.0,0.0,0.0,2.0,0.0,2.0,0.0
0020000225,1610612753,ORL,Orlando,692,Andrew DeClercq,Andrew,G,,9:19,1.0,1.0,1.0,0.0,0.0,0.0,0.0,0.0,0.0,0.0,1.0,1.0,0.0,0.0,2.0,0.0,3.0,2.0,-5.0
0020000225,1610612753,ORL,Orlando,837,,,, ,,,,,,,,,,,,,,,,,,,,
0020000225,1610612753,ORL,Orlando,1650,,,, ,,,,,,,,,,,,,,,,,,,,
0020000225,1610612753,ORL,Orlando,1941,,,, ,,,,,,,,,,,,,,,,,,,,
0020000225,1610612753,ORL,Orlando,1332,,,, ,,,,,,,,,,,,,,,,,,,,
0020000225,1610612753,ORL,Orlando,1307,,,, ,,,,,,,,,,,,,,,,,,,,
0020000225,1610612753,ORL,Orlando,1309,,,, ,,,,,,,,,,,,,,,,,,,,
0020000225,1610612753,ORL,Orlando,1296,,,, ,,,,,,,,,,,,,,,,,,,,
0020000225,1610612753,ORL,Orlando,690,Don Reid,Don,,DND -Stomach Virus,,,,,,,,,,,,,,,,,,,,
0020000226,1610612762,UTA,Utah,935,Bryon Russell,Bryon,F,,40:50,7.0,17.0,0.412,2.0,5.0,0.4,2.0,4.0,0.5,3.0,6.0,9.0,2.0,6.0,0.0,2.0,4.0,18.0,11.0
0020000226,1610612762,UTA,Utah,252,Karl Malone,Karl,F,,39:50,9.0,17.0,0.529,0.0,0.0,0.0,9.0,9.0,1.0,1.0,7.0,8.0,5.0,1.0,0.0,3.0,4.0,27.0,0.0
0020000226,1610612762,UTA,Utah,178,Olden Polynice,Olden,G,,12:06,2.0,4.0,0.5,0.0,0.0,0.0,0.0,0.0,0.0,0.0,2.0,2.0,1.0,0.0,1.0,1.0,4.0,4.0,1.0
0020000226,1610612762,UTA,Utah,317,John Starks,John,G,,23:28,1.0,8.0,0.125,1.0,3.0,0.333,3.0,5.0,0.6,2.0,1.0,3.0,1.0,0.0,0.0,2.0,3.0,6.0,-4.0
0020000226,1610612762,UTA,Utah,304,John Stockton,John,G,,35:04,3.0,5.0,0.6,1.0,1.0,1.0,3.0,4.0,0.75,1.0,0.0,1.0,6.0,4.0,0.0,2.0,2.0,10.0,11.0
0020000226,1610612762,UTA,Utah,1521,Jacque Vaughn,Jacque,C,,12:56,0.0,6.0,0.0,0.0,4.0,0.0,3.0,4.0,0.75,0.0,1.0,1.0,0.0,0.0,0.0,0.0,1.0,3.0,-8.0
0020000226,1610612762,UTA,Utah,731,Greg Ostertag,Greg,G,,18:04,2.0,2.0,1.0,0.0,0.0,0.0,4.0,4.0,1.0,3.0,2.0,5.0,0.0,0.0,3.0,1.0,3.0,8.0,7.0
0020000226,1610612762,UTA,Utah,1900,Quincy Lewis,Quincy,F,,5:37,0.0,0.0,0.0,0.0,0.0,0.0,0.0,0.0,0.0,0.0,0.0,0.0,0.0,1.0,0.0,1.0,2.0,0.0,-10.0
0020000226,1610612762,UTA,Utah,330,Danny Manning,Danny,G,,13:34,2.0,4.0,0.5,0.0,0.0,0.0,0.0,1.0,0.0,1.0,1.0,2.0,0.0,0.0,0.0,1.0,4.0,4.0,6.0
0020000226,1610612762,UTA,Utah,923,Donyell Marshall,Donyell,G,,22:13,2.0,7.0,0.286,1.0,2.0,0.5,4.0,4.0,1.0,2.0,0.0,2.0,0.0,0.0,0.0,1.0,2.0,9.0,6.0
0020000226,1610612762,UTA,Utah,128,David Benoit,David,,,12:26,2.0,4.0,0.5,0.0,0.0,0.0,0.0,0.0,0.0,0.0,0.0,0.0,1.0,0.0,0.0,0.0,2.0,4.0,-8.0
0020000226,1610612762,UTA,Utah,2052,DeShawn Stevenson,DeShawn,,,3:52,0.0,1.0,0.0,0.0,0.0,0.0,1.0,2.0,0.5,0.0,0.0,0.0,0.0,1.0,0.0,0.0,1.0,1.0,3.0
0020000226,1610612762,UTA,Utah,1794,,,, ,,,,,,,,,,,,,,,,,,,,
0020000226,1610612762,UTA,Utah,1228,,,, ,,,,,,,,,,,,,,,,,,,,
0020000226,1610612762,UTA,Utah,1345,,,, ,,,,,,,,,,,,,,,,,,,,
0020000226,1610612762,UTA,Utah,1347,,,, ,,,,,,,,,,,,,,,,,,,,
0020000226,1610612762,UTA,Utah,1348,,,, ,,,,,,,,,,,,,,,,,,,,
0020000226,1610612762,UTA,Utah,1372,,,, ,,,,,,,,,,,,,,,,,,,,
0020000226,1610612748,MIA,Miami,1477,Bruce Bowen,Bruce,F,,30:10,1.0,6.0,0.167,1.0,4.0,0.25,2.0,2.0,1.0,0.0,0.0,0.0,1.0,0.0,1.0,2.0,5.0,5.0,3.0
0020000226,1610612748,MIA,Miami,193,Anthony Mason,Anthony,G,,37:23,7.0,9.0,0.778,0.0,0.0,0.0,8.0,10.0,0.8,2.0,7.0,9.0,2.0,0.0,1.0,4.0,4.0,22.0,0.0
0020000226,1610612748,MIA,Miami,258,Brian Grant,Brian,F,,32:57,6.0,10.0,0.6,0.0,0.0,0.0,5.0,5.0,1.0,1.0,10.0,11.0,2.0,0.0,1.0,3.0,6.0,17.0,11.0
0020000226,1610612748,MIA,Miami,224,Eddie Jones,Eddie,G,,41:39,7.0,16.0,0.438,1.0,3.0,0.333,10.0,11.0,0.909,2.0,1.0,3.0,2.0,3.0,1.0,3.0,2.0,25.0,-6.0
0020000226,1610612748,MIA,Miami,896,Tim Hardaway,Tim,G,,37:30,4.0,8.0,0.5,4.0,6.0,0.667,3.0,4.0,0.75,0.0,5.0,5.0,5.0,2.0,0.0,5.0,3.0,15.0,0.0
0020000226,1610612748,MIA,Miami,190,Duane Causwell,Duane,F,,11:35,0.0,0.0,0.0,0.0,0.0,0.0,0.0,0.0,0.0,0.0,2.0,2.0,0.0,1.0,2.0,0.0,4.0,0.0,-2.0
0020000226,1610612748,MIA,Miami,1853,Anthony Carter,Anthony,G,,17:07,0.0,1.0,0.0,0.0,0.0,0.0,0.0,2.0,0.0,1.0,2.0,3.0,1.0,0.0,0.0,2.0,2.0,0.0,0.0
0020000226,1610612748,MIA,Miami,76,Cedric Ceballos,Cedric,G,,23:28,2.0,6.0,0.333,0.0,2.0,0.0,4.0,4.0,1.0,0.0,0.0,0.0,0.0,1.0,0.0,3.0,4.0,8.0,-14.0
0020000226,1610612748,MIA,Miami,920,A.C. Green,A.C.,G,,8:11,0.0,0.0,0.0,0.0,0.0,0.0,0.0,0.0,0.0,0.0,0.0,0.0,1.0,0.0,0.0,0.0,1.0,0.0,-7.0
0020000226,1610612748,MIA,Miami,836,,,, ,,,,,,,,,,,,,,,,,,,,
0020000226,1610612748,MIA,Miami,1877,,,, ,,,,,,,,,,,,,,,,,,,,
0020000226,1610612748,MIA,Miami,1642,,,, ,,,,,,,,,,,,,,,,,,,,
0020000226,1610612748,MIA,Miami,1787,,,, ,,,,,,,,,,,,,,,,,,,,
0020000226,1610612748,MIA,Miami,1276,,,, ,,,,,,,,,,,,,,,,,,,,
0020000226,1610612748,MIA,Miami,1277,,,, ,,,,,,,,,,,,,,,,,,,,
0020000226,1610612748,MIA,Miami,1279,,,, ,,,,,,,,,,,,,,,,,,,,
0020000226,1610612748,MIA,Miami,1280,,,, ,,,,,,,,,,,,,,,,,,,,
0020000226,1610612748,MIA,Miami,1281,,,, ,,,,,,,,,,,,,,,,,,,,
0020000226,1610612748,MIA,Miami,957,Todd Fuller,Todd,,DNP - Coach's Decision,,,,,,,,,,,,,,,,,,,,
0020000226,1610612748,MIA,Miami,2067,Eddie House,Eddie,,DNP - Coach's Decision,,,,,,,,,,,,,,,,,,,,
0020000226,1610612748,MIA,Miami,931,Don MacLean,Don,,DND - Right foot surgery,,,,,,,,,,,,,,,,,,,,
0020000232,1610612754,IND,Indiana,147,Jalen Rose,Jalen,F,,46:24,10.0,21.0,0.476,2.0,3.0,0.667,6.0,6.0,1.0,0.0,8.0,8.0,6.0,1.0,0.0,2.0,5.0,28.0,15.0
0020000232,1610612754,IND,Indiana,1506,Austin Croshere,Austin,G,,24:31,0.0,4.0,0.0,0.0,1.0,0.0,2.0,2.0,1.0,2.0,2.0,4.0,1.0,1.0,1.0,0.0,1.0,2.0,11.0
0020000232,1610612754,IND,Indiana,979,Jermaine O'Neal,Jermaine,C,,40:40,7.0,15.0,0.467,0.0,0.0,0.0,0.0,0.0,0.0,6.0,5.0,11.0,0.0,2.0,3.0,4.0,6.0,14.0,12.0
0020000232,1610612754,IND,Indiana,696,Travis Best,Travis,G,,50:08,9.0,15.0,0.6,0.0,0.0,0.0,0.0,0.0,0.0,1.0,9.0,10.0,7.0,0.0,1.0,3.0,4.0,18.0,15.0
0020000232,1610612754,IND,Indiana,397,Reggie Miller,Reggie,G,,47:24,9.0,19.0,0.474,1.0,2.0,0.5,1.0,1.0,1.0,1.0,7.0,8.0,2.0,2.0,0.0,3.0,0.0,20.0,11.0
0020000232,1610612754,IND,Indiana,1733,Al Harrington,Al,F,,24:20,2.0,6.0,0.333,0.0,0.0,0.0,0.0,0.0,0.0,0.0,5.0,5.0,1.0,1.0,1.0,2.0,4.0,4.0,-8.0
0020000232,1610612754,IND,Indiana,365,Derrick McKey,Derrick,G,,18:33,0.0,1.0,0.0,0.0,0.0,0.0,0.0,0.0,0.0,0.0,2.0,2.0,0.0,1.0,0.0,0.0,2.0,0.0,-2.0
0020000232,1610612754,IND,Indiana,1902,Jeff Foster,Jeff,G,,8:38,0.0,1.0,0.0,0.0,0.0,0.0,0.0,0.0,0.0,1.0,1.0,2.0,0.0,0.0,0.0,2.0,0.0,0.0,-3.0
0020000232,1610612754,IND,Indiana,1886,Jonathan Bender,Jonathan,,,4:22,0.0,0.0,0.0,0.0,0.0,0.0,0.0,0.0,0.0,0.0,0.0,0.0,1.0,0.0,0.0,0.0,1.0,0.0,-1.0
0020000232,1610612754,IND,Indiana,1263,,,, ,,,,,,,,,,,,,,,,,,,,
0020000232,1610612754,IND,Indiana,1299,,,, ,,,,,,,,,,,,,,,,,,,,
0020000232,1610612754,IND,Indiana,1306,,,, ,,,,,,,,,,,,,,,,,,,,
0020000232,1610612754,IND,Indiana,1320,,,, ,,,,,,,,,,,,,,,,,,,,
0020000232,1610612754,IND,Indiana,1321,,,, ,,,,,,,,,,,,,,,,,,,,
0020000232,1610612754,IND,Indiana,1857,,,, ,,,,,,,,,,,,,,,,,,,,
0020000232,1610612754,IND,Indiana,2099,,,, ,,,,,,,,,,,,,,,,,,,,
0020000232,1610612754,IND,Indiana,2100,,,, ,,,,,,,,,,,,,,,,,,,,
0020000232,1610612754,IND,Indiana,371,Terry Mills,Terry,,DNP - Coach's Decision,,,,,,,,,,,,,,,,,,,,
0020000232,1610612754,IND,Indiana,1743,Bruno Sundov,Bruno,,DNP - Coach's Decision,,,,,,,,,,,,,,,,,,,,
0020000232,1610612754,IND,Indiana,440,Zan Tabak,Zan,,DNP - Coach's Decision,,,,,,,,,,,,,,,,,,,,
0020000232,1610612763,VAN,Vancouver,949,Shareef Abdur-Rahim,Shareef,F,,49:51,10.0,22.0,0.455,1.0,2.0,0.5,7.0,8.0,0.875,4.0,12.0,16.0,4.0,2.0,1.0,5.0,3.0,28.0,-6.0
0020000232,1610612763,VAN,Vancouver,970,Othella Harrington,Othella,G,,23:56,5.0,12.0,0.417,0.0,0.0,0.0,4.0,4.0,1.0,3.0,3.0,6.0,0.0,1.0,0.0,1.0,0.0,14.0,-15.0
0020000232,1610612763,VAN,Vancouver,1134,Ike Austin,Ike,C,,1:07,0.0,0.0,0.0,0.0,0.0,0.0,0.0,0.0,0.0,0.0,0.0,0.0,0.0,0.0,0.0,1.0,2.0,0.0,-2.0
0020000232,1610612763,VAN,Vancouver,1710,Mike Bibby,Mike,G,,48:47,4.0,16.0,0.25,0.0,6.0,0.0,0.0,0.0,0.0,2.0,3.0,5.0,12.0,2.0,1.0,3.0,2.0,8.0,-10.0
0020000232,1610612763,VAN,Vancouver,28,Doug West,Doug,G,,13:22,1.0,3.0,0.333,0.0,0.0,0.0,0.0,0.0,0.0,1.0,1.0,2.0,0.0,0.0,0.0,0.0,1.0,2.0,-4.0
0020000232,1610612763,VAN,Vancouver,3,Grant Long,Grant,G,,41:53,4.0,10.0,0.4,0.0,0.0,0.0,1.0,1.0,1.0,1.0,2.0,3.0,0.0,0.0,1.0,2.0,6.0,9.0,-10.0
0020000232,1610612763,VAN,Vancouver,236,Kevin Edwards,Kevin,G,,17:22,0.0,4.0,0.0,0.0,1.0,0.0,0.0,0.0,0.0,1.0,1.0,2.0,1.0,0.0,0.0,1.0,0.0,0.0,-2.0
0020000232,1610612763,VAN,Vancouver,1800,Damon Jones,Damon,G,,39:38,5.0,15.0,0.333,1.0,5.0,0.2,0.0,0.0,0.0,2.0,3.0,5.0,3.0,1.0,0.0,0.0,1.0,11.0,-6.0
0020000232,1610612763,VAN,Vancouver,735,Bryant Reeves,Bryant,G,,9:51,1.0,3.0,0.333,0.0,0.0,0.0,0.0,0.0,0.0,1.0,1.0,2.0,0.0,1.0,0.0,0.0,1.0,2.0,6.0
0020000232,1610612763,VAN,Vancouver,2031,Stromile Swift,Stromile,F,,19:13,1.0,3.0,0.333,0.0,0.0,0.0,0.0,0.0,0.0,1.0,2.0,3.0,0.0,0.0,3.0,1.0,3.0,2.0,-1.0
0020000232,1610612763,VAN,Vancouver,1795,,,, ,,,,,,,,,,,,,,,,,,,,
0020000232,1610612763,VAN,Vancouver,888,,,, ,,,,,,,,,,,,,,,,,,,,
0020000232,1610612763,VAN,Vancouver,1353,,,, ,,,,,,,,,,,,,,,,,,,,
0020000232,1610612763,VAN,Vancouver,1356,,,, ,,,,,,,,,,,,,,,,,,,,
0020000232,1610612763,VAN,Vancouver,1227,,,, ,,,,,,,,,,,,,,,,,,,,
0020000232,1610612763,VAN,Vancouver,1232,,,, ,,,,,,,,,,,,,,,,,,,,
0020000232,1610612763,VAN,Vancouver,51,Mahmoud Abdul-Rauf,Mahmoud,,DNP - Coach's Decision,,,,,,,,,,,,,,,,,,,,
0020000232,1610612763,VAN,Vancouver,763,Tony Massenburg,Tony,,DNP - Coach's Decision,,,,,,,,,,,,,,,,,,,,
0020000228,1610612739,CLE,Cleveland,441,Lamond Murray,Lamond,F,,35:37,5.0,18.0,0.278,0.0,5.0,0.0,0.0,0.0,0.0,4.0,4.0,8.0,3.0,0.0,0.0,0.0,2.0,10.0,-14.0
0020000228,1610612739,CLE,Cleveland,221,Clar. Weatherspoon,Clar.,F,,40:19,5.0,11.0,0.455,0.0,0.0,0.0,2.0,2.0,1.0,4.0,8.0,12.0,1.0,2.0,0.0,1.0,1.0,12.0,-9.0
0020000228,1610612739,CLE,Cleveland,980,Zydrunas Ilgauskas,Zydrunas,C,,32:10,6.0,14.0,0.429,0.0,1.0,0.0,5.0,5.0,1.0,4.0,4.0,8.0,2.0,0.0,1.0,5.0,4.0,17.0,8.0
0020000228,1610612739,CLE,Cleveland,1723,Matt Harpring,Matt,G,,37:30,6.0,14.0,0.429,0.0,1.0,0.0,3.0,3.0,1.0,3.0,4.0,7.0,3.0,1.0,1.0,2.0,3.0,15.0,-7.0
0020000228,1610612739,CLE,Cleveland,1889,Andre Miller,Andre,G,,30:44,4.0,11.0,0.364,0.0,0.0,0.0,8.0,10.0,0.8,0.0,2.0,2.0,7.0,0.0,0.0,3.0,2.0,16.0,-7.0
0020000228,1610612739,CLE,Cleveland,423,Chris Gatling,Chris,F,,15:37,4.0,9.0,0.444,0.0,0.0,0.0,0.0,0.0,0.0,1.0,2.0,3.0,0.0,0.0,0.0,3.0,1.0,8.0,-21.0
0020000228,1610612739,CLE,Cleveland,1892,Trajan Langdon,Trajan,G,,6:41,0.0,1.0,0.0,0.0,0.0,0.0,0.0,0.0,0.0,0.0,1.0,1.0,0.0,0.0,0.0,1.0,2.0,0.0,-5.0
0020000228,1610612739,CLE,Cleveland,1714,Robert Traylor,Robert,C,,6:52,4.0,5.0,0.8,0.0,0.0,0.0,1.0,1.0,1.0,3.0,2.0,5.0,0.0,0.0,0.0,0.0,2.0,9.0,1.0
0020000228,1610612739,CLE,Cleveland,1510,Brevin Knight,Brevin,G,,17:16,0.0,2.0,0.0,0.0,0.0,0.0,0.0,0.0,0.0,0.0,1.0,1.0,2.0,2.0,0.0,2.0,2.0,0.0,-3.0
0020000228,1610612739,CLE,Cleveland,445,Wesley Person,Wesley,G,,17:16,2.0,4.0,0.5,1.0,1.0,1.0,1.0,1.0,1.0,0.0,1.0,1.0,1.0,1.0,0.0,1.0,1.0,6.0,7.0
0020000228,1610612739,CLE,Cleveland,1285,,,, ,,,,,,,,,,,,,,,,,,,,
0020000228,1610612739,CLE,Cleveland,1289,,,, ,,,,,,,,,,,,,,,,,,,,
0020000228,1610612739,CLE,Cleveland,1311,,,, ,,,,,,,,,,,,,,,,,,,,
0020000228,1610612739,CLE,Cleveland,1638,,,, ,,,,,,,,,,,,,,,,,,,,
0020000228,1610612739,CLE,Cleveland,2006,,,, ,,,,,,,,,,,,,,,,,,,,
0020000228,1610612739,CLE,Cleveland,2096,,,, ,,,,,,,,,,,,,,,,,,,,
0020000228,1610612739,CLE,Cleveland,1538,Cedric Henderson,Cedric,,DNP - Coach's Decision,,,,,,,,,,,,,,,,,,,,
0020000228,1610612739,CLE,Cleveland,2036,Chris Mihm,Chris,,DNP - Coach's Decision,,,,,,,,,,,,,,,,,,,,
0020000228,1610612765,DET,Detroit,688,Michael Curry,Michael,F,,17:20,3.0,6.0,0.5,0.0,0.0,0.0,1.0,1.0,1.0,0.0,1.0,1.0,1.0,0.0,0.0,1.0,1.0,7.0,2.0
0020000228,1610612765,DET,Detroit,1112,Ben Wallace,Ben,F,,33:16,3.0,5.0,0.6,0.0,0.0,0.0,1.0,2.0,0.5,1.0,6.0,7.0,0.0,2.0,5.0,3.0,2.0,7.0,15.0
0020000228,1610612765,DET,Detroit,376,Eric Montross,Eric,C,,14:03,2.0,4.0,0.5,0.0,0.0,0.0,0.0,0.0,0.0,0.0,4.0,4.0,1.0,0.0,1.0,2.0,2.0,4.0,6.0
0020000228,1610612765,DET,Detroit,1088,Chucky Atkins,Chucky,G,,26:29,6.0,11.0,0.545,2.0,5.0,0.4,1.0,2.0,0.5,0.0,2.0,2.0,3.0,0.0,0.0,1.0,2.0,15.0,-2.0
0020000228,1610612765,DET,Detroit,146,Jud Buechler,Jud,G,,22:27,5.0,6.0,0.833,1.0,1.0,1.0,2.0,2.0,1.0,0.0,4.0,4.0,1.0,1.0,0.0,0.0,2.0,13.0,8.0
0020000228,1610612765,DET,Detroit,693,Joe Smith,Joe,F,,25:07,2.0,12.0,0.167,0.0,0.0,0.0,1.0,2.0,0.5,2.0,2.0,4.0,2.0,1.0,1.0,1.0,4.0,5.0,1.0
0020000228,1610612765,DET,Detroit,966,Jerome Williams,Jerome,,,24:19,5.0,6.0,0.833,0.0,0.0,0.0,0.0,0.0,0.0,2.0,5.0,7.0,4.0,1.0,1.0,1.0,1.0,10.0,5.0
0020000228,1610612765,DET,Detroit,961,John Wallace,John,F,,16:20,3.0,7.0,0.429,0.0,0.0,0.0,3.0,3.0,1.0,0.0,1.0,1.0,0.0,1.0,0.0,4.0,3.0,9.0,0.0
0020000228,1610612765,DET,Detroit,2043,Mateen Cleaves,Mateen,,,22:34,6.0,7.0,0.857,0.0,0.0,0.0,1.0,2.0,0.5,0.0,1.0,1.0,6.0,3.0,0.0,1.0,1.0,13.0,11.0
0020000228,1610612765,DET,Detroit,344,Dana Barros,Dana,G,,30:07,7.0,10.0,0.7,0.0,1.0,0.0,2.0,4.0,0.5,0.0,4.0,4.0,2.0,0.0,0.0,0.0,4.0,16.0,9.0
0020000228,1610612765,DET,Detroit,1630,Mikki Moore,Mikki,C,,8:00,2.0,4.0,0.5,0.0,0.0,0.0,0.0,0.0,0.0,0.0,2.0,2.0,0.0,0.0,0.0,0.0,0.0,4.0,-5.0
0020000228,1610612765,DET,Detroit,1247,,,, ,,,,,,,,,,,,,,,,,,,,
0020000228,1610612765,DET,Detroit,1798,,,, ,,,,,,,,,,,,,,,,,,,,
0020000228,1610612765,DET,Detroit,1996,,,, ,,,,,,,,,,,,,,,,,,,,
0020000228,1610612765,DET,Detroit,2155,,,, ,,,,,,,,,,,,,,,,,,,,
0020000228,1610612765,DET,Detroit,711,Jerry Stackhouse,Jerry,,NOT WITH TEAM - FLU,,,,,,,,,,,,,,,,,,,,
0020000230,1610612759,SAS,San Antonio,251,Sean Elliott,Sean,G,,39:07,5.0,9.0,0.556,1.0,2.0,0.5,8.0,10.0,0.8,0.0,4.0,4.0,2.0,1.0,0.0,2.0,4.0,19.0,-2.0
0020000230,1610612759,SAS,San Antonio,1495,Tim Duncan,Tim,F,,33:23,10.0,20.0,0.5,0.0,0.0,0.0,4.0,8.0,0.5,6.0,5.0,11.0,3.0,1.0,0.0,3.0,5.0,24.0,-5.0
0020000230,1610612759,SAS,San Antonio,764,David Robinson,David,G,,40:47,7.0,15.0,0.467,0.0,0.0,0.0,2.0,4.0,0.5,3.0,7.0,10.0,3.0,5.0,0.0,0.0,3.0,16.0,5.0
0020000230,1610612759,SAS,San Antonio,1507,Derek Anderson,Derek,G,,34:49,1.0,4.0,0.25,0.0,2.0,0.0,3.0,4.0,0.75,0.0,5.0,5.0,5.0,1.0,0.0,0.0,4.0,5.0,12.0
0020000230,1610612759,SAS,San Antonio,422,Avery Johnson,Avery,G,,35:47,5.0,11.0,0.455,0.0,0.0,0.0,4.0,4.0,1.0,1.0,1.0,2.0,5.0,3.0,1.0,0.0,3.0,14.0,7.0
0020000230,1610612759,SAS,San Antonio,990,Malik Rose,Malik,,,16:37,6.0,11.0,0.545,0.0,2.0,0.0,0.0,0.0,0.0,0.0,2.0,2.0,0.0,1.0,0.0,2.0,3.0,12.0,-11.0
0020000230,1610612759,SAS,San Antonio,1498,Antonio Daniels,Antonio,G,,12:13,1.0,5.0,0.2,0.0,2.0,0.0,0.0,0.0,0.0,0.0,0.0,0.0,4.0,0.0,0.0,1.0,0.0,2.0,-16.0
0020000230,1610612759,SAS,San Antonio,198,Danny Ferry,Danny,G,,5:08,0.0,1.0,0.0,0.0,1.0,0.0,0.0,0.0,0.0,0.0,1.0,1.0,0.0,0.0,1.0,0.0,0.0,0.0,-4.0
0020000230,1610612759,SAS,San Antonio,1956,Ira Newble,Ira,C,,5:39,2.0,2.0,1.0,0.0,0.0,0.0,0.0,0.0,0.0,1.0,0.0,1.0,0.0,0.0,0.0,0.0,3.0,4.0,-2.0
0020000230,1610612759,SAS,San Antonio,345,Terry Porter,Terry,G,,13:11,1.0,3.0,0.333,0.0,0.0,0.0,2.0,2.0,1.0,0.0,1.0,1.0,0.0,0.0,0.0,0.0,1.0,4.0,-21.0
0020000230,1610612759,SAS,San Antonio,1035,Shawnelle Scott,Shawnelle,,,3:20,0.0,0.0,0.0,0.0,0.0,0.0,0.0,0.0,0.0,0.0,0.0,0.0,0.0,0.0,0.0,0.0,2.0,0.0,-8.0
0020000230,1610612759,SAS,San Antonio,1331,,,, ,,,,,,,,,,,,,,,,,,,,
0020000230,1610612759,SAS,San Antonio,1371,,,, ,,,,,,,,,,,,,,,,,,,,
0020000230,1610612759,SAS,San Antonio,1658,,,, ,,,,,,,,,,,,,,,,,,,,
0020000230,1610612759,SAS,San Antonio,1264,,,, ,,,,,,,,,,,,,,,,,,,,
0020000230,1610612759,SAS,San Antonio,873,,,, ,,,,,,,,,,,,,,,,,,,,
0020000230,1610612759,SAS,San Antonio,70,Steve Kerr,Steve,,DNP - Coach's Decision,,,,,,,,,,,,,,,,,,,,
0020000230,1610612747,LAL,Los Angeles,296,Rick Fox,Rick,F,,27:11,1.0,6.0,0.167,0.0,2.0,0.0,0.0,0.0,0.0,1.0,4.0,5.0,4.0,1.0,0.0,3.0,5.0,2.0,1.0
0020000230,1610612747,LAL,Los Angeles,270,Horace Grant,Horace,F,,34:28,3.0,5.0,0.6,0.0,0.0,0.0,4.0,4.0,1.0,3.0,7.0,10.0,3.0,0.0,0.0,0.0,3.0,10.0,-1.0
0020000230,1610612747,LAL,Los Angeles,406,Shaquille O'Neal,Shaquille,F,,45:14,15.0,23.0,0.652,0.0,0.0,0.0,6.0,14.0,0.429,6.0,10.0,16.0,2.0,0.0,3.0,2.0,4.0,36.0,7.0
0020000230,1610612747,LAL,Los Angeles,977,Kobe Bryant,Kobe,G,,44:39,16.0,31.0,0.516,2.0,4.0,0.5,9.0,10.0,0.9,1.0,2.0,3.0,6.0,1.0,0.0,3.0,3.0,43.0,8.0
0020000230,1610612747,LAL,Los Angeles,166,Ron Harper,Ron,G,,25:49,3.0,5.0,0.6,0.0,1.0,0.0,2.0,2.0,1.0,2.0,1.0,3.0,0.0,1.0,2.0,2.0,1.0,8.0,0.0
0020000230,1610612747,LAL,Los Angeles,216,Brian Shaw,Brian,F,,23:45,1.0,4.0,0.25,0.0,1.0,0.0,1.0,2.0,0.5,1.0,3.0,4.0,6.0,1.0,0.0,2.0,1.0,3.0,12.0
0020000230,1610612747,LAL,Los Angeles,109,Robert Horry,Robert,G,,21:43,1.0,2.0,0.5,0.0,1.0,0.0,0.0,0.0,0.0,0.0,4.0,4.0,2.0,1.0,1.0,1.0,5.0,2.0,9.0
0020000230,1610612747,LAL,Los Angeles,2130,Mike Penberthy,Mike,G,,14:49,1.0,3.0,0.333,1.0,3.0,0.333,0.0,0.0,0.0,0.0,1.0,1.0,2.0,1.0,0.0,1.0,0.0,3.0,8.0
0020000230,1610612747,LAL,Los Angeles,2058,Mark Madsen,Mark,,,0:07,0.0,0.0,0.0,0.0,0.0,0.0,0.0,0.0,0.0,0.0,0.0,0.0,0.0,0.0,0.0,0.0,0.0,0.0,-2.0
0020000230,1610612747,LAL,Los Angeles,375,Isaiah Rider,Isaiah,,,2:04,0.0,0.0,0.0,0.0,0.0,0.0,2.0,2.0,1.0,0.0,0.0,0.0,0.0,0.0,0.0,0.0,0.0,2.0,1.0
0020000230,1610612747,LAL,Los Angeles,1904,Devean George,Devean,,,0:12,0.0,1.0,0.0,0.0,0.0,0.0,0.0,0.0,0.0,0.0,0.0,0.0,0.0,0.0,0.0,0.0,0.0,0.0,2.0
0020000230,1610612747,LAL,Los Angeles,1219,,,, ,,,,,,,,,,,,,,,,,,,,
0020000230,1610612747,LAL,Los Angeles,1221,,,, ,,,,,,,,,,,,,,,,,,,,
0020000230,1610612747,LAL,Los Angeles,1223,,,, ,,,,,,,,,,,,,,,,,,,,
0020000230,1610612747,LAL,Los Angeles,1230,,,, ,,,,,,,,,,,,,,,,,,,,
0020000230,1610612747,LAL,Los Angeles,1270,,,, ,,,,,,,,,,,,,,,,,,,,
0020000230,1610612747,LAL,Los Angeles,1273,,,, ,,,,,,,,,,,,,,,,,,,,
0020000230,1610612747,LAL,Los Angeles,323,Greg Foster,Greg,,DNP - Coach's Decision,,,,,,,,,,,,,,,,,,,,
0020000223,1610612750,MIN,Minnesota,1887,Wally Szczerbiak,Wally,F,,38:47,8.0,13.0,0.615,0.0,1.0,0.0,2.0,2.0,1.0,1.0,2.0,3.0,4.0,1.0,1.0,2.0,3.0,18.0,7.0
0020000223,1610612750,MIN,Minnesota,708,Kevin Garnett,Kevin,F,,41:39,8.0,20.0,0.4,1.0,2.0,0.5,4.0,6.0,0.667,6.0,7.0,13.0,2.0,1.0,3.0,2.0,2.0,21.0,10.0
0020000223,1610612750,MIN,Minnesota,111,LaPhonso Ellis,LaPhonso,F,,31:37,3.0,6.0,0.5,0.0,0.0,0.0,2.0,2.0,1.0,2.0,8.0,10.0,1.0,0.0,2.0,3.0,4.0,8.0,6.0
0020000223,1610612750,MIN,Minnesota,1497,Chauncey Billups,Chauncey,G,,38:02,9.0,14.0,0.643,2.0,4.0,0.5,9.0,10.0,0.9,0.0,1.0,1.0,3.0,2.0,0.0,2.0,3.0,29.0,7.0
0020000223,1610612750,MIN,Minnesota,210,Terrell Brandon,Terrell,G,,38:21,2.0,10.0,0.2,0.0,0.0,0.0,9.0,10.0,0.9,0.0,1.0,1.0,9.0,0.0,0.0,1.0,2.0,13.0,7.0
0020000223,1610612750,MIN,Minnesota,1725,Rasho Nesterovic,Rasho,C,,8:14,1.0,2.0,0.5,0.0,0.0,0.0,0.0,0.0,0.0,0.0,0.0,0.0,0.0,1.0,0.0,0.0,2.0,2.0,-3.0
0020000223,1610612750,MIN,Minnesota,324,Anthony Peeler,Anthony,G,,16:09,0.0,5.0,0.0,0.0,1.0,0.0,0.0,0.0,0.0,0.0,1.0,1.0,1.0,1.0,0.0,0.0,0.0,0.0,-12.0
0020000223,1610612750,MIN,Minnesota,417,Sam Mitchell,Sam,,,3:15,1.0,1.0,1.0,0.0,0.0,0.0,0.0,0.0,0.0,0.0,1.0,1.0,0.0,0.0,0.0,1.0,1.0,2.0,-4.0
0020000223,1610612750,MIN,Minnesota,1051,Dean Garrett,Dean,,,12:35,2.0,4.0,0.5,0.0,0.0,0.0,1.0,2.0,0.5,2.0,2.0,4.0,0.0,0.0,1.0,0.0,2.0,5.0,-3.0
0020000223,1610612750,MIN,Minnesota,103,Todd Day,Todd,,,9:26,1.0,2.0,0.5,1.0,1.0,1.0,1.0,2.0,0.5,0.0,0.0,0.0,0.0,0.0,0.0,0.0,0.0,4.0,7.0
0020000223,1610612750,MIN,Minnesota,67,Tom Hammonds,Tom,,,1:55,0.0,0.0,0.0,0.0,0.0,0.0,0.0,0.0,0.0,0.0,1.0,1.0,0.0,0.0,0.0,0.0,0.0,0.0,-2.0
0020000223,1610612750,MIN,Minnesota,1290,,,, ,,,,,,,,,,,,,,,,,,,,
0020000223,1610612750,MIN,Minnesota,1291,,,, ,,,,,,,,,,,,,,,,,,,,
0020000223,1610612750,MIN,Minnesota,847,,,, ,,,,,,,,,,,,,,,,,,,,
0020000223,1610612750,MIN,Minnesota,2146,,,, ,,,,,,,,,,,,,,,,,,,,
0020000223,1610612750,MIN,Minnesota,2158,,,, ,,,,,,,,,,,,,,,,,,,,
0020000223,1610612750,MIN,Minnesota,2159,,,, ,,,,,,,,,,,,,,,,,,,,
0020000223,1610612750,MIN,Minnesota,1895,William Avery,William,,DNP - Coach's Decision,,,,,,,,,,,,,,,,,,,,
0020000223,1610612738,BOS,Boston,952,Antoine Walker,Antoine,F,,44:04,8.0,24.0,0.333,0.0,2.0,0.0,3.0,3.0,1.0,4.0,7.0,11.0,5.0,1.0,0.0,2.0,1.0,19.0,-3.0
0020000223,1610612738,BOS,Boston,1718,Paul Pierce,Paul,F,,39:08,9.0,21.0,0.429,3.0,7.0,0.429,4.0,6.0,0.667,2.0,8.0,10.0,6.0,0.0,0.0,3.0,3.0,25.0,-11.0
0020000223,1610612738,BOS,Boston,1499,Tony Battie,Tony,F,,40:17,8.0,12.0,0.667,0.0,0.0,0.0,3.0,4.0,0.75,6.0,6.0,12.0,1.0,0.0,1.0,4.0,3.0,19.0,-6.0
0020000223,1610612738,BOS,Boston,753,Randy Brown,Randy,G,,25:20,3.0,4.0,0.75,0.0,0.0,0.0,0.0,0.0,0.0,0.0,3.0,3.0,7.0,4.0,0.0,2.0,5.0,6.0,-5.0
0020000223,1610612738,BOS,Boston,179,Bryant Stith,Bryant,G,,38:21,5.0,9.0,0.556,1.0,2.0,0.5,2.0,2.0,1.0,0.0,3.0,3.0,3.0,0.0,0.0,1.0,5.0,13.0,-4.0
0020000223,1610612738,BOS,Boston,77,Doug Overton,Doug,,,14:11,1.0,5.0,0.2,0.0,1.0,0.0,0.0,0.0,0.0,0.0,0.0,0.0,3.0,0.0,0.0,0.0,0.0,2.0,1.0
0020000223,1610612738,BOS,Boston,958,Vitaly Potapenko,Vitaly,C,,11:39,1.0,3.0,0.333,0.0,0.0,0.0,0.0,0.0,0.0,0.0,2.0,2.0,0.0,0.0,0.0,1.0,2.0,2.0,1.0
0020000223,1610612738,BOS,Boston,677,Eric Williams,Eric,F,,18:02,5.0,7.0,0.714,0.0,0.0,0.0,2.0,2.0,1.0,1.0,3.0,4.0,0.0,1.0,0.0,2.0,3.0,12.0,6.0
0020000223,1610612738,BOS,Boston,1914,Chris Herren,Chris,G,,8:29,0.0,0.0,0.0,0.0,0.0,0.0,0.0,0.0,0.0,0.0,0.0,0.0,0.0,0.0,0.0,1.0,1.0,0.0,0.0
0020000223,1610612738,BOS,Boston,962,Walter McCarty,Walter,,,0:29,0.0,0.0,0.0,0.0,0.0,0.0,0.0,0.0,0.0,0.0,0.0,0.0,0.0,0.0,0.0,0.0,0.0,0.0,1.0
0020000223,1610612738,BOS,Boston,1213,,,, ,,,,,,,,,,,,,,,,,,,,
0020000223,1610612738,BOS,Boston,1639,,,, ,,,,,,,,,,,,,,,,,,,,
0020000223,1610612738,BOS,Boston,1641,,,, ,,,,,,,,,,,,,,,,,,,,
0020000223,1610612738,BOS,Boston,1486,,,, ,,,,,,,,,,,,,,,,,,,,
0020000223,1610612738,BOS,Boston,1875,,,, ,,,,,,,,,,,,,,,,,,,,
0020000223,1610612738,BOS,Boston,713,Chris Carr,Chris,,DNP - Coach's Decision,,,,,,,,,,,,,,,,,,,,
0020000223,1610612738,BOS,Boston,2040,Jerome Moiso,Jerome,,DNP - Coach's Decision,,,,,,,,,,,,,,,,,,,,
0020000231,1610612756,PHX,Phoenix,361,Clifford Robinson,Clifford,F,,28:47,7.0,14.0,0.5,1.0,2.0,0.5,2.0,5.0,0.4,2.0,1.0,3.0,2.0,1.0,1.0,6.0,2.0,17.0,-18.0
0020000231,1610612756,PHX,Phoenix,1890,Shawn Marion,Shawn,G,,38:24,6.0,14.0,0.429,1.0,3.0,0.333,4.0,5.0,0.8,2.0,8.0,10.0,2.0,1.0,1.0,1.0,2.0,17.0,-3.0
0020000231,1610612756,PHX,Phoenix,2091,Daniel Santiago,Daniel,F,,20:15,2.0,5.0,0.4,0.0,0.0,0.0,2.0,2.0,1.0,3.0,5.0,8.0,0.0,0.0,2.0,1.0,3.0,6.0,-14.0
0020000231,1610612756,PHX,Phoenix,53,Mario Elie,Mario,G,,14:04,3.0,7.0,0.429,1.0,2.0,0.5,0.0,0.0,0.0,0.0,0.0,0.0,0.0,1.0,0.0,3.0,0.0,7.0,-5.0
0020000231,1610612756,PHX,Phoenix,467,Jason Kidd,Jason,G,,45:50,6.0,17.0,0.353,0.0,2.0,0.0,4.0,7.0,0.571,0.0,5.0,5.0,10.0,2.0,0.0,2.0,0.0,16.0,-12.0
0020000231,1610612756,PHX,Phoenix,960,Tony Delk,Tony,F,,33:56,8.0,17.0,0.471,3.0,5.0,0.6,2.0,2.0,1.0,4.0,2.0,6.0,1.0,1.0,0.0,3.0,1.0,21.0,-2.0
0020000231,1610612756,PHX,Phoenix,915,Rodney Rogers,Rodney,G,,21:50,1.0,7.0,0.143,0.0,2.0,0.0,1.0,2.0,0.5,1.0,4.0,5.0,2.0,2.0,0.0,1.0,3.0,3.0,9.0
0020000231,1610612756,PHX,Phoenix,916,Corie Blount,Corie,C,,14:18,1.0,3.0,0.333,0.0,0.0,0.0,0.0,0.0,0.0,4.0,1.0,5.0,1.0,0.0,0.0,0.0,4.0,2.0,-5.0
0020000231,1610612756,PHX,Phoenix,339,Tom Gugliotta,Tom,,,8:26,3.0,4.0,0.75,0.0,0.0,0.0,0.0,0.0,0.0,0.0,2.0,2.0,0.0,0.0,0.0,0.0,0.0,6.0,-3.0
0020000231,1610612756,PHX,Phoenix,2101,Paul McPherson,Paul,G,,12:00,1.0,2.0,0.5,0.0,0.0,0.0,1.0,1.0,1.0,0.0,1.0,1.0,1.0,0.0,1.0,0.0,3.0,3.0,13.0
0020000231,1610612756,PHX,Phoenix,2054,Jake Tsakalidis,Jake,,,2:10,0.0,0.0,0.0,0.0,0.0,0.0,0.0,0.0,0.0,0.0,0.0,0.0,0.0,0.0,0.0,0.0,0.0,0.0,5.0
0020000231,1610612756,PHX,Phoenix,2160,,,, ,,,,,,,,,,,,,,,,,,,,
0020000231,1610612756,PHX,Phoenix,2161,,,, ,,,,,,,,,,,,,,,,,,,,
0020000231,1610612756,PHX,Phoenix,2008,,,, ,,,,,,,,,,,,,,,,,,,,
0020000231,1610612756,PHX,Phoenix,2015,,,, ,,,,,,,,,,,,,,,,,,,,
0020000231,1610612756,PHX,Phoenix,1227,,,, ,,,,,,,,,,,,,,,,,,,,
0020000231,1610612756,PHX,Phoenix,1653,,,, ,,,,,,,,,,,,,,,,,,,,
0020000231,1610612756,PHX,Phoenix,1654,,,, ,,,,,,,,,,,,,,,,,,,,
0020000231,1610612756,PHX,Phoenix,2092,Ruben Garces,Ruben,,DNP - Coach's Decision,,,,,,,,,,,,,,,,,,,,
0020000231,1610612758,SAC,Sacramento,978,Peja Stojakovic,Peja,G,,36:43,4.0,8.0,0.5,0.0,0.0,0.0,2.0,2.0,1.0,0.0,4.0,4.0,2.0,1.0,0.0,2.0,4.0,10.0,1.0
0020000231,1610612758,SAC,Sacramento,185,Chris Webber,Chris,G,,39:51,14.0,26.0,0.538,0.0,1.0,0.0,0.0,0.0,0.0,4.0,10.0,14.0,4.0,2.0,1.0,2.0,3.0,28.0,3.0
0020000231,1610612758,SAC,Sacramento,124,Vlade Divac,Vlade,C,,18:33,5.0,6.0,0.833,0.0,0.0,0.0,4.0,8.0,0.5,0.0,6.0,6.0,1.0,2.0,2.0,3.0,3.0,14.0,11.0
0020000231,1610612758,SAC,Sacramento,57,Doug Christie,Doug,G,,42:32,6.0,12.0,0.5,3.0,5.0,0.6,0.0,0.0,0.0,0.0,5.0,5.0,6.0,3.0,1.0,2.0,3.0,15.0,6.0
0020000231,1610612758,SAC,Sacramento,1715,Jason Williams,Jason,G,,37:06,7.0,13.0,0.538,1.0,6.0,0.167,1.0,2.0,0.5,0.0,4.0,4.0,5.0,3.0,0.0,7.0,1.0,16.0,13.0
0020000231,1610612758,SAC,Sacramento,1513,Scot Pollard,Scot,G,,23:07,5.0,6.0,0.833,0.0,0.0,0.0,4.0,4.0,1.0,1.0,3.0,4.0,1.0,0.0,3.0,1.0,2.0,14.0,6.0
0020000231,1610612758,SAC,Sacramento,1444,Lawrence Funderburke,Lawrence,F,,8:09,0.0,1.0,0.0,0.0,0.0,0.0,0.0,0.0,0.0,1.0,2.0,3.0,1.0,0.0,0.0,0.0,0.0,0.0,4.0
0020000231,1610612758,SAC,Sacramento,1517,Bobby Jackson,Bobby,G,,20:46,1.0,5.0,0.2,0.0,1.0,0.0,0.0,0.0,0.0,3.0,2.0,5.0,2.0,0.0,0.0,1.0,3.0,2.0,-8.0
0020000231,1610612758,SAC,Sacramento,2045,Hedo Turkoglu,Hedo,,,13:13,2.0,7.0,0.286,0.0,1.0,0.0,2.0,3.0,0.667,1.0,2.0,3.0,2.0,0.0,0.0,0.0,3.0,6.0,-1.0
0020000231,1610612758,SAC,Sacramento,1775,,,, ,,,,,,,,,,,,,,,,,,,,
0020000231,1610612758,SAC,Sacramento,1248,,,, ,,,,,,,,,,,,,,,,,,,,
0020000231,1610612758,SAC,Sacramento,1249,,,, ,,,,,,,,,,,,,,,,,,,,
0020000231,1610612758,SAC,Sacramento,1322,,,, ,,,,,,,,,,,,,,,,,,,,
0020000231,1610612758,SAC,Sacramento,1327,,,, ,,,,,,,,,,,,,,,,,,,,
0020000231,1610612758,SAC,Sacramento,1328,,,, ,,,,,,,,,,,,,,,,,,,,
0020000231,1610612758,SAC,Sacramento,98,Nick Anderson,Nick,,DND - lower back strain,,,,,,,,,,,,,,,,,,,,
0020000231,1610612758,SAC,Sacramento,468,Jon Barry,Jon,,Not with team - due to new born son.,,,,,,,,,,,,,,,,,,,,
0020000231,1610612758,SAC,Sacramento,239,Darrick Martin,Darrick,,DNP - Coach's Decision,,,,,,,,,,,,,,,,,,,,
0020000236,1610612762,UTA,Utah,935,Bryon Russell,Bryon,F,,29:17,7.0,11.0,0.636,5.0,7.0,0.714,5.0,6.0,0.833,0.0,2.0,2.0,1.0,1.0,0.0,0.0,5.0,24.0,-2.0
0020000236,1610612762,UTA,Utah,252,Karl Malone,Karl,F,,35:07,5.0,13.0,0.385,0.0,0.0,0.0,4.0,4.0,1.0,0.0,6.0,6.0,3.0,0.0,1.0,1.0,1.0,14.0,-7.0
0020000236,1610612762,UTA,Utah,178,Olden Polynice,Olden,C,,24:00,3.0,7.0,0.429,0.0,0.0,0.0,1.0,2.0,0.5,5.0,4.0,9.0,1.0,1.0,1.0,4.0,3.0,7.0,-2.0
0020000236,1610612762,UTA,Utah,317,John Starks,John,G,,27:24,3.0,10.0,0.3,1.0,3.0,0.333,0.0,0.0,0.0,0.0,0.0,0.0,2.0,0.0,0.0,2.0,3.0,7.0,-8.0
0020000236,1610612762,UTA,Utah,304,John Stockton,John,G,,29:21,4.0,10.0,0.4,0.0,1.0,0.0,3.0,3.0,1.0,1.0,0.0,1.0,10.0,4.0,0.0,4.0,5.0,11.0,3.0
0020000236,1610612762,UTA,Utah,1521,Jacque Vaughn,Jacque,F,,27:16,2.0,5.0,0.4,0.0,1.0,0.0,0.0,0.0,0.0,0.0,2.0,2.0,2.0,1.0,0.0,0.0,1.0,4.0,-8.0
0020000236,1610612762,UTA,Utah,1900,Quincy Lewis,Quincy,C,,9:49,0.0,1.0,0.0,0.0,0.0,0.0,0.0,0.0,0.0,0.0,1.0,1.0,1.0,0.0,1.0,1.0,1.0,0.0,4.0
0020000236,1610612762,UTA,Utah,330,Danny Manning,Danny,G,,15:47,3.0,7.0,0.429,0.0,0.0,0.0,0.0,0.0,0.0,0.0,2.0,2.0,3.0,0.0,0.0,1.0,3.0,6.0,-4.0
0020000236,1610612762,UTA,Utah,731,Greg Ostertag,Greg,G,,16:49,0.0,1.0,0.0,0.0,0.0,0.0,4.0,7.0,0.571,1.0,2.0,3.0,0.0,0.0,1.0,1.0,2.0,4.0,-2.0
0020000236,1610612762,UTA,Utah,923,Donyell Marshall,Donyell,,,13:19,3.0,5.0,0.6,0.0,1.0,0.0,2.0,2.0,1.0,0.0,1.0,1.0,0.0,1.0,1.0,1.0,0.0,8.0,3.0
0020000236,1610612762,UTA,Utah,128,David Benoit,David,G,,11:52,2.0,4.0,0.5,0.0,0.0,0.0,0.0,0.0,0.0,1.0,1.0,2.0,0.0,0.0,0.0,0.0,1.0,4.0,-2.0
0020000236,1610612762,UTA,Utah,1345,,,, ,,,,,,,,,,,,,,,,,,,,
0020000236,1610612762,UTA,Utah,1347,,,, ,,,,,,,,,,,,,,,,,,,,
0020000236,1610612762,UTA,Utah,1348,,,, ,,,,,,,,,,,,,,,,,,,,
0020000236,1610612762,UTA,Utah,1372,,,, ,,,,,,,,,,,,,,,,,,,,
0020000236,1610612762,UTA,Utah,1794,,,, ,,,,,,,,,,,,,,,,,,,,
0020000236,1610612762,UTA,Utah,1228,,,, ,,,,,,,,,,,,,,,,,,,,
0020000236,1610612762,UTA,Utah,2052,DeShawn Stevenson,DeShawn,,DNP - Coach's Decision,,,,,,,,,,,,,,,,,,,,
0020000236,1610612766,CHH,Charlotte,469,Jamal Mashburn,Jamal,G,,39:51,6.0,22.0,0.273,0.0,6.0,0.0,9.0,9.0,1.0,3.0,9.0,12.0,8.0,1.0,0.0,3.0,2.0,21.0,7.0
0020000236,1610612766,CHH,Charlotte,136,P.J. Brown,P.J.,F,,38:34,3.0,6.0,0.5,0.0,0.0,0.0,0.0,1.0,0.0,2.0,2.0,4.0,1.0,0.0,0.0,1.0,4.0,6.0,7.0
0020000236,1610612766,CHH,Charlotte,922,Elden Campbell,Elden,G,,19:27,2.0,3.0,0.667,0.0,0.0,0.0,4.0,6.0,0.667,1.0,3.0,4.0,0.0,0.0,1.0,2.0,5.0,8.0,-3.0
0020000236,1610612766,CHH,Charlotte,1884,Baron Davis,Baron,G,,32:31,3.0,5.0,0.6,1.0,2.0,0.5,2.0,2.0,1.0,0.0,3.0,3.0,6.0,3.0,0.0,4.0,5.0,9.0,-2.0
0020000236,1610612766,CHH,Charlotte,133,David Wesley,David,G,,39:56,11.0,16.0,0.688,2.0,3.0,0.667,6.0,7.0,0.857,0.0,1.0,1.0,6.0,3.0,2.0,5.0,2.0,30.0,6.0
0020000236,1610612766,CHH,Charlotte,2048,Jamaal Magloire,Jamaal,,,28:19,5.0,9.0,0.556,0.0,0.0,0.0,2.0,2.0,1.0,4.0,5.0,9.0,0.0,0.0,2.0,0.0,0.0,12.0,7.0
0020000236,1610612766,CHH,Charlotte,695,Eldridge Recasner,Eldridge,F,,7:46,0.0,1.0,0.0,0.0,0.0,0.0,0.0,0.0,0.0,0.0,1.0,1.0,0.0,0.0,0.0,0.0,0.0,0.0,0.0
0020000236,1610612766,CHH,Charlotte,1924,Lee Nailon,Lee,F,,8:33,1.0,3.0,0.333,0.0,0.0,0.0,0.0,0.0,0.0,0.0,1.0,1.0,0.0,0.0,0.0,0.0,0.0,2.0,-2.0
0020000236,1610612766,CHH,Charlotte,1944,Eddie Robinson,Eddie,C,,9:02,1.0,3.0,0.333,0.0,0.0,0.0,0.0,0.0,0.0,0.0,0.0,0.0,0.0,0.0,2.0,1.0,2.0,2.0,-2.0
0020000236,1610612766,CHH,Charlotte,765,Hersey Hawkins,Hersey,G,,16:01,1.0,2.0,0.5,0.0,1.0,0.0,2.0,4.0,0.5,0.0,1.0,1.0,2.0,0.0,0.0,0.0,2.0,4.0,7.0
0020000236,1610612766,CHH,Charlotte,1992,,,, ,,,,,,,,,,,,,,,,,,,,
0020000236,1610612766,CHH,Charlotte,2152,,,, ,,,,,,,,,,,,,,,,,,,,
0020000236,1610612766,CHH,Charlotte,1316,,,, ,,,,,,,,,,,,,,,,,,,,
0020000236,1610612766,CHH,Charlotte,1215,,,, ,,,,,,,,,,,,,,,,,,,,
0020000236,1610612766,CHH,Charlotte,1218,,,, ,,,,,,,,,,,,,,,,,,,,
0020000236,1610612766,CHH,Charlotte,1906,Tim James,Tim,,DNP - Coach's Decision,,,,,,,,,,,,,,,,,,,,
0020000236,1610612766,CHH,Charlotte,2121,Terrance Roberson,Terrance,,DNP - Coach's Decision,,,,,,,,,,,,,,,,,,,,
0020000238,1610612755,PHI,Philadelphia,248,George Lynch,George,F,,27:22,3.0,4.0,0.75,0.0,0.0,0.0,3.0,4.0,0.75,3.0,3.0,6.0,1.0,2.0,0.0,1.0,2.0,9.0,16.0
0020000238,1610612755,PHI,Philadelphia,389,Toni Kukoc,Toni,F,,28:54,5.0,7.0,0.714,0.0,0.0,0.0,0.0,3.0,0.0,2.0,4.0,6.0,4.0,0.0,0.0,2.0,3.0,10.0,16.0
0020000238,1610612755,PHI,Philadelphia,689,Theo Ratliff,Theo,C,,26:12,4.0,7.0,0.571,0.0,0.0,0.0,4.0,4.0,1.0,3.0,3.0,6.0,1.0,1.0,7.0,2.0,0.0,12.0,25.0
0020000238,1610612755,PHI,Philadelphia,727,Eric Snow,Eric,G,,36:25,3.0,6.0,0.5,0.0,0.0,0.0,0.0,0.0,0.0,0.0,2.0,2.0,11.0,3.0,0.0,1.0,2.0,6.0,24.0
0020000238,1610612755,PHI,Philadelphia,947,Allen Iverson,Allen,G,,37:11,10.0,21.0,0.476,2.0,6.0,0.333,5.0,6.0,0.833,0.0,7.0,7.0,1.0,3.0,0.0,1.0,4.0,27.0,34.0
0020000238,1610612755,PHI,Philadelphia,761,Matt Geiger,Matt,F,,15:18,6.0,12.0,0.5,0.0,0.0,0.0,3.0,4.0,0.75,1.0,1.0,2.0,2.0,0.0,0.0,0.0,3.0,15.0,13.0
0020000238,1610612755,PHI,Philadelphia,243,Aaron McKie,Aaron,G,,28:17,4.0,5.0,0.8,0.0,0.0,0.0,1.0,2.0,0.5,0.0,6.0,6.0,8.0,0.0,0.0,1.0,1.0,9.0,24.0
0020000238,1610612755,PHI,Philadelphia,1928,Todd MacCulloch,Todd,,,17:51,4.0,5.0,0.8,0.0,0.0,0.0,6.0,8.0,0.75,1.0,5.0,6.0,0.0,0.0,3.0,1.0,1.0,14.0,16.0
0020000238,1610612755,PHI,Philadelphia,1908,Jumaine Jones,Jumaine,,,16:11,1.0,4.0,0.25,0.0,0.0,0.0,1.0,2.0,0.5,1.0,4.0,5.0,1.0,0.0,0.0,1.0,1.0,3.0,3.0
0020000238,1610612755,PHI,Philadelphia,1737,Nazr Mohammed,Nazr,,,6:19,3.0,7.0,0.429,0.0,0.0,0.0,1.0,3.0,0.333,0.0,1.0,1.0,0.0,0.0,0.0,1.0,2.0,7.0,-1.0
0020000238,1610612755,PHI,Philadelphia,1865,,,, ,,,,,,,,,,,,,,,,,,,,
0020000238,1610612755,PHI,Philadelphia,1308,,,, ,,,,,,,,,,,,,,,,,,,,
0020000238,1610612755,PHI,Philadelphia,1212,,,, ,,,,,,,,,,,,,,,,,,,,
0020000238,1610612755,PHI,Philadelphia,1259,,,, ,,,,,,,,,,,,,,,,,,,,
0020000238,1610612755,PHI,Philadelphia,2169,,,, ,,,,,,,,,,,,,,,,,,,,
0020000238,1610612755,PHI,Philadelphia,1312,,,, ,,,,,,,,,,,,,,,,,,,,
0020000238,1610612755,PHI,Philadelphia,137,Vernon Maxwell,Vernon,,DNP - Coach's Decision,,,,,,,,,,,,,,,,,,,,
0020000238,1610612739,CLE,Cleveland,441,Lamond Murray,Lamond,F,,25:12,2.0,8.0,0.25,0.0,1.0,0.0,5.0,6.0,0.833,3.0,1.0,4.0,0.0,0.0,0.0,1.0,1.0,9.0,-18.0
0020000238,1610612739,CLE,Cleveland,221,Clar. Weatherspoon,Clar.,F,,27:37,3.0,8.0,0.375,0.0,0.0,0.0,2.0,2.0,1.0,5.0,4.0,9.0,2.0,0.0,0.0,1.0,2.0,8.0,-14.0
0020000238,1610612739,CLE,Cleveland,980,Zydrunas Ilgauskas,Zydrunas,C,,18:43,4.0,12.0,0.333,0.0,0.0,0.0,1.0,1.0,1.0,3.0,2.0,5.0,0.0,0.0,0.0,2.0,2.0,9.0,-18.0
0020000238,1610612739,CLE,Cleveland,1889,Andre Miller,Andre,G,,42:41,5.0,17.0,0.294,0.0,1.0,0.0,0.0,0.0,0.0,2.0,4.0,6.0,5.0,1.0,0.0,1.0,2.0,10.0,-34.0
0020000238,1610612739,CLE,Cleveland,1723,Matt Harpring,Matt,G,,23:56,3.0,11.0,0.273,1.0,3.0,0.333,2.0,2.0,1.0,1.0,1.0,2.0,4.0,2.0,0.0,1.0,2.0,9.0,-13.0
0020000238,1610612739,CLE,Cleveland,423,Chris Gatling,Chris,F,,19:04,6.0,11.0,0.545,1.0,2.0,0.5,0.0,2.0,0.0,3.0,4.0,7.0,1.0,1.0,1.0,0.0,1.0,13.0,-16.0
0020000238,1610612739,CLE,Cleveland,1892,Trajan Langdon,Trajan,G,,25:55,4.0,6.0,0.667,1.0,1.0,1.0,1.0,2.0,0.5,0.0,1.0,1.0,1.0,0.0,1.0,2.0,4.0,10.0,-26.0
0020000238,1610612739,CLE,Cleveland,1714,Robert Traylor,Robert,F,,9:57,1.0,4.0,0.25,0.0,0.0,0.0,0.0,0.0,0.0,1.0,2.0,3.0,0.0,0.0,0.0,1.0,4.0,2.0,-20.0
0020000238,1610612739,CLE,Cleveland,1538,Cedric Henderson,Cedric,,,17:09,0.0,3.0,0.0,0.0,0.0,0.0,2.0,2.0,1.0,0.0,3.0,3.0,4.0,0.0,2.0,3.0,3.0,2.0,-3.0
0020000238,1610612739,CLE,Cleveland,2036,Chris Mihm,Chris,C,,20:39,1.0,5.0,0.2,0.0,0.0,0.0,2.0,2.0,1.0,1.0,1.0,2.0,0.0,0.0,2.0,2.0,2.0,4.0,0.0
0020000238,1610612739,CLE,Cleveland,445,Wesley Person,Wesley,G,,9:07,1.0,5.0,0.2,0.0,1.0,0.0,0.0,0.0,0.0,0.0,2.0,2.0,0.0,0.0,0.0,0.0,0.0,2.0,-8.0
0020000238,1610612739,CLE,Cleveland,1638,,,, ,,,,,,,,,,,,,,,,,,,,
0020000238,1610612739,CLE,Cleveland,1285,,,, ,,,,,,,,,,,,,,,,,,,,
0020000238,1610612739,CLE,Cleveland,1289,,,, ,,,,,,,,,,,,,,,,,,,,
0020000238,1610612739,CLE,Cleveland,2096,,,, ,,,,,,,,,,,,,,,,,,,,
0020000238,1610612739,CLE,Cleveland,1311,,,, ,,,,,,,,,,,,,,,,,,,,
0020000238,1610612739,CLE,Cleveland,2006,,,, ,,,,,,,,,,,,,,,,,,,,
0020000233,1610612750,MIN,Minnesota,708,Kevin Garnett,Kevin,F,,43:46,10.0,20.0,0.5,0.0,1.0,0.0,1.0,1.0,1.0,3.0,4.0,7.0,5.0,1.0,0.0,1.0,3.0,21.0,-12.0
0020000233,1610612750,MIN,Minnesota,1887,Wally Szczerbiak,Wally,F,,33:57,4.0,12.0,0.333,0.0,1.0,0.0,1.0,2.0,0.5,5.0,2.0,7.0,1.0,0.0,0.0,1.0,2.0,9.0,-1.0
0020000233,1610612750,MIN,Minnesota,111,LaPhonso Ellis,LaPhonso,G,,38:51,4.0,9.0,0.444,0.0,1.0,0.0,4.0,4.0,1.0,2.0,3.0,5.0,1.0,4.0,2.0,2.0,4.0,12.0,2.0
0020000233,1610612750,MIN,Minnesota,1497,Chauncey Billups,Chauncey,G,,33:21,4.0,10.0,0.4,2.0,7.0,0.286,3.0,4.0,0.75,1.0,3.0,4.0,7.0,1.0,0.0,1.0,4.0,13.0,-5.0
0020000233,1610612750,MIN,Minnesota,210,Terrell Brandon,Terrell,G,,35:47,8.0,18.0,0.444,1.0,1.0,1.0,1.0,1.0,1.0,0.0,0.0,0.0,8.0,2.0,0.0,1.0,1.0,18.0,-5.0
0020000233,1610612750,MIN,Minnesota,324,Anthony Peeler,Anthony,F,,18:02,2.0,6.0,0.333,0.0,2.0,0.0,0.0,0.0,0.0,0.0,1.0,1.0,0.0,1.0,0.0,3.0,1.0,4.0,-12.0
0020000233,1610612750,MIN,Minnesota,1725,Rasho Nesterovic,Rasho,G,,7:17,0.0,1.0,0.0,0.0,0.0,0.0,2.0,2.0,1.0,0.0,0.0,0.0,0.0,0.0,0.0,0.0,2.0,2.0,-3.0
0020000233,1610612750,MIN,Minnesota,417,Sam Mitchell,Sam,F,,11:03,2.0,2.0,1.0,1.0,1.0,1.0,0.0,2.0,0.0,0.0,3.0,3.0,0.0,0.0,0.0,0.0,1.0,5.0,-4.0
0020000233,1610612750,MIN,Minnesota,103,Todd Day,Todd,C,,14:33,2.0,2.0,1.0,2.0,2.0,1.0,0.0,0.0,0.0,0.0,0.0,0.0,1.0,0.0,0.0,2.0,2.0,6.0,-3.0
0020000233,1610612750,MIN,Minnesota,67,Tom Hammonds,Tom,,,3:23,0.0,1.0,0.0,0.0,0.0,0.0,0.0,0.0,0.0,0.0,0.0,0.0,0.0,0.0,0.0,0.0,0.0,0.0,-7.0
0020000233,1610612750,MIN,Minnesota,847,,,, ,,,,,,,,,,,,,,,,,,,,
0020000233,1610612750,MIN,Minnesota,2146,,,, ,,,,,,,,,,,,,,,,,,,,
0020000233,1610612750,MIN,Minnesota,2158,,,, ,,,,,,,,,,,,,,,,,,,,
0020000233,1610612750,MIN,Minnesota,2159,,,, ,,,,,,,,,,,,,,,,,,,,
0020000233,1610612750,MIN,Minnesota,1290,,,, ,,,,,,,,,,,,,,,,,,,,
0020000233,1610612750,MIN,Minnesota,1291,,,, ,,,,,,,,,,,,,,,,,,,,
0020000233,1610612750,MIN,Minnesota,1895,William Avery,William,,DNP - Coach's Decision,,,,,,,,,,,,,,,,,,,,
0020000233,1610612750,MIN,Minnesota,1051,Dean Garrett,Dean,,DNP - Coach's Decision,,,,,,,,,,,,,,,,,,,,
0020000233,1610612752,NYK,New York,913,Larry Johnson,Larry,F,,38:40,4.0,7.0,0.571,1.0,3.0,0.333,0.0,0.0,0.0,1.0,1.0,2.0,1.0,0.0,0.0,3.0,4.0,9.0,13.0
0020000233,1610612752,NYK,New York,779,Glen Rice,Glen,G,,29:34,2.0,6.0,0.333,1.0,3.0,0.333,5.0,6.0,0.833,0.0,5.0,5.0,2.0,0.0,0.0,1.0,0.0,10.0,10.0
0020000233,1610612752,NYK,New York,948,Marcus Camby,Marcus,C,,33:12,5.0,8.0,0.625,0.0,0.0,0.0,0.0,0.0,0.0,4.0,10.0,14.0,0.0,3.0,3.0,1.0,3.0,10.0,-3.0
0020000233,1610612752,NYK,New York,275,Allan Houston,Allan,G,,38:15,16.0,20.0,0.8,2.0,2.0,1.0,3.0,3.0,1.0,0.0,0.0,0.0,0.0,0.0,0.0,4.0,5.0,37.0,8.0
0020000233,1610612752,NYK,New York,84,Latrell Sprewell,Latrell,G,,34:15,5.0,11.0,0.455,0.0,0.0,0.0,7.0,7.0,1.0,0.0,5.0,5.0,5.0,0.0,0.0,5.0,0.0,17.0,4.0
0020000233,1610612752,NYK,New York,164,Chris Childs,Chris,G,,31:40,2.0,7.0,0.286,0.0,2.0,0.0,5.0,6.0,0.833,0.0,3.0,3.0,7.0,2.0,0.0,3.0,1.0,9.0,2.0
0020000233,1610612752,NYK,New York,703,Kurt Thomas,Kurt,G,,24:08,2.0,3.0,0.667,0.0,0.0,0.0,0.0,0.0,0.0,4.0,4.0,8.0,0.0,0.0,0.0,0.0,4.0,4.0,10.0
0020000233,1610612752,NYK,New York,1065,Erick Strickland,Erick,F,,10:16,1.0,2.0,0.5,0.0,0.0,0.0,2.0,2.0,1.0,1.0,3.0,4.0,0.0,0.0,0.0,0.0,3.0,4.0,6.0
0020000233,1610612752,NYK,New York,2167,,,, ,,,,,,,,,,,,,,,,,,,,
0020000233,1610612752,NYK,New York,2168,,,, ,,,,,,,,,,,,,,,,,,,,
0020000233,1610612752,NYK,New York,1790,,,, ,,,,,,,,,,,,,,,,,,,,
0020000233,1610612752,NYK,New York,1791,,,, ,,,,,,,,,,,,,,,,,,,,
0020000233,1610612752,NYK,New York,1297,,,, ,,,,,,,,,,,,,,,,,,,,
0020000233,1610612752,NYK,New York,1298,,,, ,,,,,,,,,,,,,,,,,,,,
0020000233,1610612752,NYK,New York,1300,,,, ,,,,,,,,,,,,,,,,,,,,
0020000233,1610612752,NYK,New York,1301,,,, ,,,,,,,,,,,,,,,,,,,,
0020000233,1610612752,NYK,New York,1302,,,, ,,,,,,,,,,,,,,,,,,,,
0020000233,1610612752,NYK,New York,1594,Rick Brunson,Rick,,DNP - Coach's Decision,,,,,,,,,,,,,,,,,,,,
0020000233,1610612752,NYK,New York,969,Travis Knight,Travis,,DNP - Coach's Decision,,,,,,,,,,,,,,,,,,,,
0020000233,1610612752,NYK,New York,26,Luc Longley,Luc,,DNP - Coach's Decision,,,,,,,,,,,,,,,,,,,,
0020000233,1610612752,NYK,New York,2068,Lavor Postell,Lavor,,DNP - Coach's Decision,,,,,,,,,,,,,,,,,,,,
0020000239,1610612757,POR,Portland,937,Scottie Pippen,Scottie,G,,35:55,2.0,8.0,0.25,1.0,3.0,0.333,2.0,2.0,1.0,2.0,5.0,7.0,5.0,2.0,1.0,2.0,3.0,7.0,9.0
0020000239,1610612757,POR,Portland,739,Rasheed Wallace,Rasheed,F,,29:01,8.0,14.0,0.571,2.0,2.0,1.0,4.0,4.0,1.0,0.0,5.0,5.0,0.0,1.0,0.0,1.0,3.0,22.0,12.0
0020000239,1610612757,POR,Portland,905,Dale Davis,Dale,C,,39:49,5.0,7.0,0.714,0.0,0.0,0.0,1.0,6.0,0.167,6.0,6.0,12.0,2.0,0.0,3.0,0.0,3.0,11.0,15.0
0020000239,1610612757,POR,Portland,120,Steven Smith,Steven,G,,34:57,1.0,8.0,0.125,0.0,1.0,0.0,2.0,3.0,0.667,1.0,1.0,2.0,4.0,1.0,0.0,2.0,1.0,4.0,20.0
0020000239,1610612757,POR,Portland,757,Damon Stoudamire,Damon,G,,36:58,10.0,17.0,0.588,1.0,1.0,1.0,10.0,11.0,0.909,0.0,1.0,1.0,5.0,4.0,1.0,2.0,1.0,31.0,16.0
0020000239,1610612757,POR,Portland,431,Shawn Kemp,Shawn,G,,16:25,4.0,6.0,0.667,0.0,0.0,0.0,0.0,0.0,0.0,0.0,2.0,2.0,1.0,0.0,0.0,1.0,2.0,8.0,-6.0
0020000239,1610612757,POR,Portland,1719,Bonzi Wells,Bonzi,F,,21:15,4.0,7.0,0.571,1.0,2.0,0.5,0.0,0.0,0.0,1.0,3.0,4.0,5.0,3.0,0.0,2.0,3.0,9.0,-5.0
0020000239,1610612757,POR,Portland,278,Stacey Augmon,Stacey,,,14:38,2.0,3.0,0.667,0.0,0.0,0.0,0.0,0.0,0.0,0.0,3.0,3.0,0.0,1.0,0.0,0.0,0.0,4.0,-1.0
0020000239,1610612757,POR,Portland,21,Greg Anthony,Greg,,,11:02,0.0,3.0,0.0,0.0,2.0,0.0,0.0,0.0,0.0,0.0,0.0,0.0,0.0,0.0,0.0,1.0,0.0,0.0,-5.0
0020000239,1610612757,POR,Portland,1655,,,, ,,,,,,,,,,,,,,,,,,,,
0020000239,1610612757,POR,Portland,1656,,,, ,,,,,,,,,,,,,,,,,,,,
0020000239,1610612757,POR,Portland,1329,,,, ,,,,,,,,,,,,,,,,,,,,
0020000239,1610612757,POR,Portland,1336,,,, ,,,,,,,,,,,,,,,,,,,,
0020000239,1610612757,POR,Portland,1473,,,, ,,,,,,,,,,,,,,,,,,,,
0020000239,1610612757,POR,Portland,1783,,,, ,,,,,,,,,,,,,,,,,,,,
0020000239,1610612757,POR,Portland,2149,,,, ,,,,,,,,,,,,,,,,,,,,
0020000239,1610612757,POR,Portland,2057,Erick Barkley,Erick,,DNP - Coach's Decision,,,,,,,,,,,,,,,,,,,,
0020000239,1610612757,POR,Portland,781,Will Perdue,Will,,DNP - Coach's Decision,,,,,,,,,,,,,,,,,,,,
0020000239,1610612757,POR,Portland,717,Arvydas Sabonis,Arvydas,,DND - Left Knee Sprain,,,,,,,,,,,,,,,,,,,,
0020000239,1610612745,HOU,Houston,1508,Maurice Taylor,Maurice,F,,24:15,5.0,11.0,0.455,0.0,0.0,0.0,2.0,4.0,0.5,3.0,1.0,4.0,1.0,0.0,0.0,0.0,0.0,12.0,-17.0
0020000239,1610612745,HOU,Houston,1005,Walt Williams,Walt,G,,23:44,2.0,6.0,0.333,2.0,5.0,0.4,0.0,1.0,0.0,0.0,2.0,2.0,1.0,1.0,1.0,2.0,2.0,6.0,-12.0
0020000239,1610612745,HOU,Houston,165,Hakeem Olajuwon,Hakeem,C,,21:03,4.0,6.0,0.667,0.0,0.0,0.0,1.0,1.0,1.0,0.0,3.0,3.0,2.0,0.0,0.0,1.0,2.0,9.0,-17.0
0020000239,1610612745,HOU,Houston,1000,Shandon Anderson,Shandon,G,,22:08,0.0,6.0,0.0,0.0,1.0,0.0,1.0,2.0,0.5,1.0,2.0,3.0,1.0,2.0,1.0,1.0,4.0,1.0,0.0
0020000239,1610612745,HOU,Houston,1883,Steve Francis,Steve,G,,39:10,11.0,15.0,0.733,2.0,2.0,1.0,0.0,0.0,0.0,0.0,4.0,4.0,6.0,2.0,1.0,4.0,6.0,24.0,-9.0
0020000239,1610612745,HOU,Houston,1903,Kenny Thomas,Kenny,G,,26:37,3.0,8.0,0.375,1.0,2.0,0.5,0.0,0.0,0.0,2.0,4.0,6.0,3.0,1.0,1.0,3.0,1.0,7.0,9.0
0020000239,1610612745,HOU,Houston,1749,Cuttino Mobley,Cuttino,F,,33:51,4.0,7.0,0.571,2.0,3.0,0.667,2.0,2.0,1.0,1.0,3.0,4.0,1.0,1.0,0.0,3.0,3.0,12.0,-12.0
0020000239,1610612745,HOU,Houston,672,Matt Bullard,Matt,G,,25:53,1.0,5.0,0.2,1.0,3.0,0.333,0.0,0.0,0.0,0.0,2.0,2.0,1.0,1.0,0.0,1.0,1.0,3.0,0.0
0020000239,1610612745,HOU,Houston,983,Moochie Norris,Moochie,,,8:50,2.0,3.0,0.667,1.0,2.0,0.5,2.0,2.0,1.0,0.0,2.0,2.0,2.0,0.0,0.0,3.0,1.0,7.0,-2.0
0020000239,1610612745,HOU,Houston,435,Carlos Rogers,Carlos,C,,14:30,2.0,3.0,0.667,0.0,0.0,0.0,0.0,0.0,0.0,2.0,3.0,5.0,0.0,0.0,1.0,0.0,1.0,4.0,5.0
0020000239,1610612745,HOU,Houston,1255,,,, ,,,,,,,,,,,,,,,,,,,,
0020000239,1610612745,HOU,Houston,1256,,,, ,,,,,,,,,,,,,,,,,,,,
0020000239,1610612745,HOU,Houston,1257,,,, ,,,,,,,,,,,,,,,,,,,,
0020000239,1610612745,HOU,Houston,1258,,,, ,,,,,,,,,,,,,,,,,,,,
0020000239,1610612745,HOU,Houston,825,,,, ,,,,,,,,,,,,,,,,,,,,
0020000239,1610612745,HOU,Houston,1997,,,, ,,,,,,,,,,,,,,,,,,,,
0020000239,1610612745,HOU,Houston,2044,Jason Collier,Jason,,DND - Right Knee Injury,,,,,,,,,,,,,,,,,,,,
0020000239,1610612745,HOU,Houston,2061,Dan Langhi,Dan,,DNP - Coach's Decision,,,,,,,,,,,,,,,,,,,,
0020000240,1610612760,SEA,Seattle,1740,Rashard Lewis,Rashard,F,,37:35,10.0,19.0,0.526,4.0,7.0,0.571,2.0,2.0,1.0,3.0,5.0,8.0,3.0,2.0,2.0,0.0,4.0,26.0,-10.0
0020000240,1610612760,SEA,Seattle,1741,Jelani McCoy,Jelani,F,,38:08,4.0,8.0,0.5,0.0,0.0,0.0,2.0,6.0,0.333,1.0,7.0,8.0,1.0,0.0,0.0,1.0,4.0,10.0,-13.0
0020000240,1610612760,SEA,Seattle,121,Patrick Ewing,Patrick,C,,21:03,2.0,6.0,0.333,0.0,0.0,0.0,2.0,2.0,1.0,1.0,2.0,3.0,1.0,0.0,1.0,5.0,2.0,6.0,-9.0
0020000240,1610612760,SEA,Seattle,1023,Emanual Davis,Emanual,G,,28:54,5.0,9.0,0.556,4.0,6.0,0.667,0.0,0.0,0.0,1.0,4.0,5.0,3.0,0.0,0.0,2.0,2.0,14.0,-3.0
0020000240,1610612760,SEA,Seattle,56,Gary Payton,Gary,G,,46:52,7.0,25.0,0.28,0.0,5.0,0.0,0.0,0.0,0.0,1.0,6.0,7.0,8.0,1.0,0.0,3.0,5.0,14.0,-9.0
0020000240,1610612760,SEA,Seattle,1739,Ruben Patterson,Ruben,F,,11:35,4.0,7.0,0.571,0.0,0.0,0.0,2.0,5.0,0.4,2.0,2.0,4.0,1.0,1.0,2.0,1.0,2.0,10.0,0.0
0020000240,1610612760,SEA,Seattle,699,Brent Barry,Brent,G,,23:48,1.0,3.0,0.333,1.0,3.0,0.333,1.0,2.0,0.5,0.0,3.0,3.0,0.0,1.0,0.0,1.0,0.0,4.0,-11.0
0020000240,1610612760,SEA,Seattle,2046,Desmond Mason,Desmond,F,,4:32,0.0,0.0,0.0,0.0,0.0,0.0,0.0,0.0,0.0,0.0,1.0,1.0,0.0,0.0,1.0,1.0,2.0,0.0,-6.0
0020000240,1610612760,SEA,Seattle,2106,Ruben Wolkowyski,Ruben,G,,3:00,0.0,1.0,0.0,0.0,0.0,0.0,0.0,0.0,0.0,0.0,2.0,2.0,0.0,0.0,0.0,0.0,0.0,0.0,0.0
0020000240,1610612760,SEA,Seattle,1742,Shammond Williams,Shammond,G,,24:33,3.0,8.0,0.375,1.0,2.0,0.5,1.0,1.0,1.0,2.0,2.0,4.0,4.0,1.0,0.0,1.0,0.0,8.0,6.0
0020000240,1610612760,SEA,Seattle,1778,,,, ,,,,,,,,,,,,,,,,,,,,
0020000240,1610612760,SEA,Seattle,1335,,,, ,,,,,,,,,,,,,,,,,,,,
0020000240,1610612760,SEA,Seattle,1338,,,, ,,,,,,,,,,,,,,,,,,,,
0020000240,1610612760,SEA,Seattle,1349,,,, ,,,,,,,,,,,,,,,,,,,,
0020000240,1610612760,SEA,Seattle,452,Vin Baker,Vin,,DND - Inflammation I.T. Band- Right Leg,,,,,,,,,,,,,,,,,,,,
0020000240,1610612760,SEA,Seattle,442,Pervis Ellison,Pervis,,DNP - Coach's Decision,,,,,,,,,,,,,,,,,,,,
0020000240,1610612743,DEN,Denver,686,Antonio McDyess,Antonio,F,,42:21,16.0,26.0,0.615,0.0,0.0,0.0,5.0,8.0,0.625,6.0,11.0,17.0,4.0,1.0,2.0,3.0,3.0,37.0,10.0
0020000240,1610612743,DEN,Denver,1899,James Posey,James,F,,28:48,3.0,7.0,0.429,0.0,1.0,0.0,2.0,2.0,1.0,2.0,5.0,7.0,2.0,4.0,0.0,2.0,2.0,8.0,18.0
0020000240,1610612743,DEN,Denver,1711,Raef LaFrentz,Raef,G,,33:26,5.0,12.0,0.417,1.0,2.0,0.5,0.0,0.0,0.0,6.0,3.0,9.0,1.0,1.0,5.0,1.0,6.0,11.0,6.0
0020000240,1610612743,DEN,Denver,702,Voshon Lenard,Voshon,G,,33:46,8.0,21.0,0.381,4.0,12.0,0.333,2.0,3.0,0.667,1.0,2.0,3.0,2.0,0.0,1.0,0.0,3.0,22.0,0.0
0020000240,1610612743,DEN,Denver,89,Nick Van Exel,Nick,G,,38:55,2.0,7.0,0.286,0.0,3.0,0.0,1.0,1.0,1.0,1.0,4.0,5.0,20.0,1.0,2.0,2.0,2.0,5.0,11.0
0020000240,1610612743,DEN,Denver,1505,Tariq Abdul-Wahad,Tariq,F,,8:21,1.0,6.0,0.167,0.0,0.0,0.0,0.0,0.0,0.0,1.0,2.0,3.0,0.0,0.0,2.0,0.0,1.0,2.0,3.0
0020000240,1610612743,DEN,Denver,1721,Keon Clark,Keon,G,,18:48,4.0,8.0,0.5,0.0,0.0,0.0,2.0,2.0,1.0,3.0,4.0,7.0,0.0,1.0,2.0,1.0,2.0,10.0,3.0
0020000240,1610612743,DEN,Denver,45,George McCloud,George,F,,21:44,3.0,8.0,0.375,0.0,1.0,0.0,2.0,2.0,1.0,1.0,3.0,4.0,1.0,0.0,0.0,2.0,1.0,8.0,-3.0
0020000240,1610612743,DEN,Denver,123,Robert Pack,Robert,C,,6:58,0.0,1.0,0.0,0.0,0.0,0.0,0.0,0.0,0.0,0.0,1.0,1.0,0.0,0.0,0.0,2.0,0.0,0.0,-1.0
0020000240,1610612743,DEN,Denver,1763,Ryan Bowen,Ryan,G,,6:53,0.0,0.0,0.0,0.0,0.0,0.0,0.0,0.0,0.0,0.0,1.0,1.0,1.0,0.0,0.0,0.0,1.0,0.0,8.0
0020000240,1610612743,DEN,Denver,1207,,,, ,,,,,,,,,,,,,,,,,,,,
0020000240,1610612743,DEN,Denver,1216,,,, ,,,,,,,,,,,,,,,,,,,,
0020000240,1610612743,DEN,Denver,1240,,,, ,,,,,,,,,,,,,,,,,,,,
0020000240,1610612743,DEN,Denver,1241,,,, ,,,,,,,,,,,,,,,,,,,,
0020000240,1610612743,DEN,Denver,1784,,,, ,,,,,,,,,,,,,,,,,,,,
0020000240,1610612743,DEN,Denver,1785,,,, ,,,,,,,,,,,,,,,,,,,,
0020000240,1610612743,DEN,Denver,1786,,,, ,,,,,,,,,,,,,,,,,,,,
0020000240,1610612743,DEN,Denver,1995,,,, ,,,,,,,,,,,,,,,,,,,,
0020000240,1610612743,DEN,Denver,2007,,,, ,,,,,,,,,,,,,,,,,,,,
0020000240,1610612743,DEN,Denver,145,Tracy Murray,Tracy,,DNP - Coach's Decision,,,,,,,,,,,,,,,,,,,,
0020000240,1610612743,DEN,Denver,1110,Mark Strickland,Mark,,DNP - Coach's Decision,,,,,,,,,,,,,,,,,,,,
0020000235,1610612748,MIA,Miami,193,Anthony Mason,Anthony,F,,37:50,5.0,10.0,0.5,0.0,0.0,0.0,10.0,12.0,0.833,0.0,7.0,7.0,1.0,0.0,0.0,1.0,3.0,20.0,-2.0
0020000235,1610612748,MIA,Miami,1477,Bruce Bowen,Bruce,G,,34:31,0.0,6.0,0.0,0.0,5.0,0.0,2.0,2.0,1.0,1.0,1.0,2.0,1.0,1.0,2.0,2.0,3.0,2.0,-12.0
0020000235,1610612748,MIA,Miami,258,Brian Grant,Brian,C,,34:02,7.0,16.0,0.438,0.0,0.0,0.0,2.0,2.0,1.0,2.0,8.0,10.0,1.0,1.0,2.0,2.0,5.0,16.0,-1.0
0020000235,1610612748,MIA,Miami,224,Eddie Jones,Eddie,G,,41:24,7.0,15.0,0.467,1.0,3.0,0.333,5.0,7.0,0.714,2.0,2.0,4.0,3.0,0.0,1.0,0.0,3.0,20.0,6.0
0020000235,1610612748,MIA,Miami,896,Tim Hardaway,Tim,G,,38:18,6.0,11.0,0.545,4.0,5.0,0.8,2.0,3.0,0.667,0.0,0.0,0.0,8.0,1.0,0.0,1.0,1.0,18.0,1.0
0020000235,1610612748,MIA,Miami,920,A.C. Green,A.C.,G,,25:54,2.0,4.0,0.5,0.0,0.0,0.0,1.0,2.0,0.5,3.0,4.0,7.0,0.0,0.0,0.0,0.0,3.0,5.0,8.0
0020000235,1610612748,MIA,Miami,1853,Anthony Carter,Anthony,G,,28:01,5.0,9.0,0.556,0.0,0.0,0.0,2.0,4.0,0.5,2.0,2.0,4.0,2.0,1.0,1.0,1.0,2.0,12.0,15.0
0020000235,1610612748,MIA,Miami,1877,,,, ,,,,,,,,,,,,,,,,,,,,
0020000235,1610612748,MIA,Miami,1276,,,, ,,,,,,,,,,,,,,,,,,,,
0020000235,1610612748,MIA,Miami,1279,,,, ,,,,,,,,,,,,,,,,,,,,
0020000235,1610612748,MIA,Miami,1280,,,, ,,,,,,,,,,,,,,,,,,,,
0020000235,1610612748,MIA,Miami,1281,,,, ,,,,,,,,,,,,,,,,,,,,
0020000235,1610612748,MIA,Miami,836,,,, ,,,,,,,,,,,,,,,,,,,,
0020000235,1610612748,MIA,Miami,1642,,,, ,,,,,,,,,,,,,,,,,,,,
0020000235,1610612748,MIA,Miami,1787,,,, ,,,,,,,,,,,,,,,,,,,,
0020000235,1610612748,MIA,Miami,190,Duane Causwell,Duane,,DNP - Coach's Decision,,,,,,,,,,,,,,,,,,,,
0020000235,1610612748,MIA,Miami,76,Cedric Ceballos,Cedric,,DNP - Coach's Decision,,,,,,,,,,,,,,,,,,,,
0020000235,1610612748,MIA,Miami,957,Todd Fuller,Todd,,DNP - Coach's Decision,,,,,,,,,,,,,,,,,,,,
0020000235,1610612748,MIA,Miami,2067,Eddie House,Eddie,,DNP - Coach's Decision,,,,,,,,,,,,,,,,,,,,
0020000235,1610612748,MIA,Miami,931,Don MacLean,Don,,"DNP - Surgery, right fifth toe",,,,,,,,,,,,,,,,,,,,
0020000235,1610612764,WAS,Washington,1732,Felipe Lopez,Felipe,G,,35:52,4.0,12.0,0.333,0.0,2.0,0.0,1.0,2.0,0.5,1.0,3.0,4.0,1.0,0.0,0.0,0.0,3.0,9.0,-3.0
0020000235,1610612764,WAS,Washington,436,Juwan Howard,Juwan,G,,36:14,5.0,11.0,0.455,0.0,0.0,0.0,4.0,4.0,1.0,3.0,2.0,5.0,4.0,1.0,0.0,2.0,5.0,14.0,-1.0
0020000235,1610612764,WAS,Washington,1751,Jahidi White,Jahidi,C,,23:42,1.0,3.0,0.333,0.0,0.0,0.0,1.0,2.0,0.5,5.0,7.0,12.0,0.0,1.0,4.0,3.0,4.0,3.0,4.0
0020000235,1610612764,WAS,Washington,782,Mitch Richmond,Mitch,G,,28:13,5.0,9.0,0.556,3.0,4.0,0.75,2.0,2.0,1.0,0.0,2.0,2.0,3.0,0.0,0.0,1.0,1.0,15.0,8.0
0020000235,1610612764,WAS,Washington,393,Rod Strickland,Rod,G,,37:51,8.0,14.0,0.571,0.0,0.0,0.0,6.0,6.0,1.0,0.0,1.0,1.0,8.0,1.0,0.0,3.0,2.0,22.0,2.0
0020000235,1610612764,WAS,Washington,1562,Gerard King,Gerard,,,15:56,4.0,4.0,1.0,0.0,0.0,0.0,2.0,2.0,1.0,1.0,4.0,5.0,2.0,0.0,1.0,0.0,6.0,10.0,-4.0
0020000235,1610612764,WAS,Washington,63,Michael Smith,Michael,G,,13:39,1.0,1.0,1.0,0.0,0.0,0.0,0.0,0.0,0.0,1.0,4.0,5.0,0.0,0.0,0.0,0.0,2.0,2.0,-6.0
0020000235,1610612764,WAS,Washington,1888,Richard Hamilton,Richard,C,,29:15,4.0,16.0,0.25,0.0,2.0,0.0,5.0,6.0,0.833,0.0,2.0,2.0,2.0,1.0,0.0,1.0,1.0,13.0,-9.0
0020000235,1610612764,WAS,Washington,43,Chris Whitney,Chris,F,,10:21,0.0,2.0,0.0,0.0,0.0,0.0,0.0,0.0,0.0,1.0,1.0,2.0,2.0,0.0,0.0,0.0,0.0,0.0,-5.0
0020000235,1610612764,WAS,Washington,1916,Calvin Booth,Calvin,F,,6:17,0.0,1.0,0.0,0.0,0.0,0.0,2.0,4.0,0.5,1.0,2.0,3.0,0.0,0.0,2.0,1.0,1.0,2.0,1.0
0020000235,1610612764,WAS,Washington,1838,Tyrone Nesby,Tyrone,,,2:40,0.0,1.0,0.0,0.0,0.0,0.0,0.0,0.0,0.0,0.0,1.0,1.0,0.0,0.0,0.0,0.0,1.0,0.0,-2.0
0020000235,1610612764,WAS,Washington,1340,,,, ,,,,,,,,,,,,,,,,,,,,
0020000235,1610612764,WAS,Washington,1360,,,, ,,,,,,,,,,,,,,,,,,,,
0020000235,1610612764,WAS,Washington,1245,,,, ,,,,,,,,,,,,,,,,,,,,
0020000235,1610612764,WAS,Washington,1251,,,, ,,,,,,,,,,,,,,,,,,,,
0020000235,1610612764,WAS,Washington,1271,,,, ,,,,,,,,,,,,,,,,,,,,
0020000235,1610612764,WAS,Washington,2093,,,, ,,,,,,,,,,,,,,,,,,,,
0020000235,1610612764,WAS,Washington,2095,,,, ,,,,,,,,,,,,,,,,,,,,
0020000235,1610612764,WAS,Washington,2171,,,, ,,,,,,,,,,,,,,,,,,,,
0020000235,1610612764,WAS,Washington,1918,Obinna Ekezie,Obinna,,DNP - Coach's Decision,,,,,,,,,,,,,,,,,,,,
0020000241,1610612742,DAL,Dallas,1717,Dirk Nowitzki,Dirk,G,,34:48,9.0,17.0,0.529,3.0,5.0,0.6,3.0,6.0,0.5,2.0,4.0,6.0,3.0,0.0,0.0,3.0,2.0,24.0,21.0
0020000241,1610612742,DAL,Dallas,714,Michael Finley,Michael,G,,44:17,6.0,11.0,0.545,0.0,0.0,0.0,1.0,2.0,0.5,1.0,12.0,13.0,10.0,1.0,1.0,3.0,1.0,13.0,23.0
0020000241,1610612742,DAL,Dallas,762,Shawn Bradley,Shawn,F,,32:08,4.0,10.0,0.4,0.0,0.0,0.0,3.0,4.0,0.75,5.0,9.0,14.0,0.0,4.0,4.0,1.0,1.0,11.0,12.0
0020000241,1610612742,DAL,Dallas,458,Howard Eisley,Howard,G,,44:13,5.0,13.0,0.385,3.0,7.0,0.429,0.0,0.0,0.0,0.0,5.0,5.0,6.0,4.0,0.0,1.0,3.0,13.0,18.0
0020000241,1610612742,DAL,Dallas,959,Steve Nash,Steve,G,,36:14,6.0,16.0,0.375,3.0,9.0,0.333,4.0,4.0,1.0,1.0,5.0,6.0,4.0,0.0,0.0,4.0,3.0,19.0,11.0
0020000241,1610612742,DAL,Dallas,2042,Courtney Alexander,Courtney,G,,24:44,5.0,11.0,0.455,0.0,1.0,0.0,1.0,2.0,0.5,0.0,5.0,5.0,1.0,0.0,0.0,1.0,2.0,11.0,5.0
0020000241,1610612742,DAL,Dallas,363,Christian Laettner,Christian,C,,4:49,0.0,0.0,0.0,0.0,0.0,0.0,0.0,0.0,0.0,1.0,1.0,2.0,0.0,1.0,1.0,3.0,3.0,0.0,9.0
0020000241,1610612742,DAL,Dallas,919,Loy Vaught,Loy,F,,11:28,2.0,4.0,0.5,0.0,0.0,0.0,0.0,0.0,0.0,1.0,2.0,3.0,1.0,1.0,0.0,1.0,3.0,4.0,-1.0
0020000241,1610612742,DAL,Dallas,2059,Eduardo Najera,Eduardo,,,3:52,0.0,1.0,0.0,0.0,0.0,0.0,0.0,0.0,0.0,1.0,0.0,1.0,1.0,0.0,1.0,1.0,1.0,0.0,-2.0
0020000241,1610612742,DAL,Dallas,95,Mark Bryant,Mark,,,3:27,1.0,1.0,1.0,0.0,0.0,0.0,0.0,0.0,0.0,0.0,1.0,1.0,0.0,0.0,0.0,0.0,2.0,2.0,-1.0
0020000241,1610612742,DAL,Dallas,1269,,,, ,,,,,,,,,,,,,,,,,,,,
0020000241,1610612742,DAL,Dallas,1317,,,, ,,,,,,,,,,,,,,,,,,,,
0020000241,1610612742,DAL,Dallas,1233,,,, ,,,,,,,,,,,,,,,,,,,,
0020000241,1610612742,DAL,Dallas,1370,,,, ,,,,,,,,,,,,,,,,,,,,
0020000241,1610612742,DAL,Dallas,1483,,,, ,,,,,,,,,,,,,,,,,,,,
0020000241,1610612742,DAL,Dallas,1643,,,, ,,,,,,,,,,,,,,,,,,,,
0020000241,1610612742,DAL,Dallas,2154,,,, ,,,,,,,,,,,,,,,,,,,,
0020000241,1610612742,DAL,Dallas,1782,,,, ,,,,,,,,,,,,,,,,,,,,
0020000241,1610612742,DAL,Dallas,1761,Greg Buckner,Greg,,DND - Sprained right foot,,,,,,,,,,,,,,,,,,,,
0020000241,1610612742,DAL,Dallas,93,Hubert Davis,Hubert,,DND - Strained left groin,,,,,,,,,,,,,,,,,,,,
0020000241,1610612744,GSW,Golden State,1712,Antawn Jamison,Antawn,G,,39:52,8.0,21.0,0.381,0.0,3.0,0.0,4.0,6.0,0.667,3.0,8.0,11.0,0.0,1.0,0.0,2.0,1.0,20.0,-16.0
0020000241,1610612744,GSW,Golden State,168,Chris Mills,Chris,G,,29:55,2.0,12.0,0.167,0.0,2.0,0.0,4.0,4.0,1.0,5.0,5.0,10.0,1.0,2.0,0.0,1.0,3.0,8.0,-22.0
0020000241,1610612744,GSW,Golden State,956,Erick Dampier,Erick,G,,15:32,2.0,7.0,0.286,0.0,0.0,0.0,2.0,4.0,0.5,4.0,1.0,5.0,1.0,0.0,2.0,1.0,1.0,6.0,-19.0
0020000241,1610612744,GSW,Golden State,1716,Larry Hughes,Larry,G,,29:01,4.0,14.0,0.286,0.0,2.0,0.0,2.0,4.0,0.5,1.0,4.0,5.0,4.0,1.0,1.0,2.0,4.0,10.0,-17.0
0020000241,1610612744,GSW,Golden State,682,Bob Sura,Bob,G,,34:08,2.0,6.0,0.333,0.0,1.0,0.0,0.0,2.0,0.0,3.0,1.0,4.0,4.0,2.0,0.0,3.0,5.0,4.0,-18.0
0020000241,1610612744,GSW,Golden State,228,Adam Keefe,Adam,C,,13:52,1.0,2.0,0.5,0.0,0.0,0.0,1.0,2.0,0.5,2.0,1.0,3.0,0.0,0.0,0.0,1.0,0.0,3.0,-1.0
0020000241,1610612744,GSW,Golden State,302,Mookie Blaylock,Mookie,F,,26:52,2.0,10.0,0.2,1.0,2.0,0.5,0.0,0.0,0.0,0.0,3.0,3.0,7.0,4.0,0.0,1.0,0.0,5.0,-2.0
0020000241,1610612744,GSW,Golden State,219,Vinny Del Negro,Vinny,F,,25:14,4.0,8.0,0.5,0.0,1.0,0.0,1.0,1.0,1.0,0.0,4.0,4.0,3.0,0.0,0.0,1.0,1.0,9.0,-1.0
0020000241,1610612744,GSW,Golden State,1531,Marc Jackson,Marc,F,,16:54,4.0,8.0,0.5,1.0,1.0,1.0,0.0,0.0,0.0,1.0,5.0,6.0,1.0,0.0,0.0,1.0,4.0,9.0,-1.0
0020000241,1610612744,GSW,Golden State,2084,Chris Porter,Chris,,,5:13,0.0,1.0,0.0,0.0,1.0,0.0,0.0,0.0,0.0,0.0,0.0,0.0,0.0,0.0,0.0,0.0,0.0,0.0,1.0
0020000241,1610612744,GSW,Golden State,223,Bill Curley,Bill,,,3:27,1.0,2.0,0.5,0.0,0.0,0.0,2.0,2.0,1.0,1.0,0.0,1.0,0.0,0.0,0.0,0.0,0.0,4.0,1.0
0020000241,1610612744,GSW,Golden State,1637,,,, ,,,,,,,,,,,,,,,,,,,,
0020000241,1610612744,GSW,Golden State,1373,,,, ,,,,,,,,,,,,,,,,,,,,
0020000241,1610612744,GSW,Golden State,1252,,,, ,,,,,,,,,,,,,,,,,,,,
0020000241,1610612744,GSW,Golden State,1323,,,, ,,,,,,,,,,,,,,,,,,,,
0020000241,1610612744,GSW,Golden State,1350,,,, ,,,,,,,,,,,,,,,,,,,,
0020000241,1610612744,GSW,Golden State,1217,,,, ,,,,,,,,,,,,,,,,,,,,
0020000241,1610612744,GSW,Golden State,500093,,,, ,,,,,,,,,,,,,,,,,,,,
0020000241,1610612744,GSW,Golden State,904,Chris Mullin,Chris,,DND - Sore left knee,,,,,,,,,,,,,,,,,,,,
0020000237,1610612749,MIL,Milwaukee,299,Glenn Robinson,Glenn,F,,29:12,7.0,18.0,0.389,0.0,1.0,0.0,0.0,0.0,0.0,1.0,3.0,4.0,4.0,2.0,0.0,4.0,6.0,14.0,-19.0
0020000237,1610612749,MIL,Milwaukee,679,Jason Caffey,Jason,G,,31:44,4.0,6.0,0.667,0.0,0.0,0.0,3.0,6.0,0.5,2.0,5.0,7.0,0.0,1.0,1.0,1.0,3.0,11.0,-9.0
0020000237,1610612749,MIL,Milwaukee,911,Ervin Johnson,Ervin,F,,30:40,0.0,3.0,0.0,0.0,0.0,0.0,0.0,0.0,0.0,1.0,8.0,9.0,0.0,1.0,1.0,0.0,5.0,0.0,-8.0
0020000237,1610612749,MIL,Milwaukee,208,Sam Cassell,Sam,G,,33:02,3.0,11.0,0.273,1.0,2.0,0.5,5.0,7.0,0.714,1.0,5.0,6.0,5.0,1.0,0.0,2.0,2.0,12.0,-20.0
0020000237,1610612749,MIL,Milwaukee,951,Ray Allen,Ray,G,,36:51,7.0,13.0,0.538,2.0,6.0,0.333,3.0,4.0,0.75,1.0,1.0,2.0,3.0,0.0,0.0,3.0,3.0,19.0,-13.0
0020000237,1610612749,MIL,Milwaukee,283,Lindsey Hunter,Lindsey,G,,22:36,3.0,9.0,0.333,1.0,5.0,0.2,0.0,0.0,0.0,0.0,2.0,2.0,3.0,1.0,0.0,0.0,2.0,7.0,23.0
0020000237,1610612749,MIL,Milwaukee,1501,Tim Thomas,Tim,G,,25:01,4.0,9.0,0.444,2.0,2.0,1.0,7.0,10.0,0.7,1.0,2.0,3.0,2.0,0.0,1.0,5.0,3.0,17.0,-5.0
0020000237,1610612749,MIL,Milwaukee,1747,Rafer Alston,Rafer,F,,6:51,2.0,2.0,1.0,0.0,0.0,0.0,0.0,0.0,0.0,0.0,1.0,1.0,2.0,1.0,0.0,1.0,1.0,4.0,3.0
0020000237,1610612749,MIL,Milwaukee,760,Jerome Kersey,Jerome,F,,16:37,5.0,8.0,0.625,0.0,0.0,0.0,0.0,0.0,0.0,2.0,2.0,4.0,2.0,0.0,2.0,0.0,3.0,10.0,10.0
0020000237,1610612749,MIL,Milwaukee,281,Scott Williams,Scott,G,,5:44,0.0,1.0,0.0,0.0,0.0,0.0,0.0,0.0,0.0,1.0,3.0,4.0,0.0,0.0,0.0,1.0,2.0,0.0,4.0
0020000237,1610612749,MIL,Milwaukee,998,Mark Pope,Mark,,,1:42,0.0,0.0,0.0,0.0,0.0,0.0,0.0,0.0,0.0,0.0,0.0,0.0,0.0,0.0,0.0,0.0,0.0,0.0,-1.0
0020000237,1610612749,MIL,Milwaukee,1796,,,, ,,,,,,,,,,,,,,,,,,,,
0020000237,1610612749,MIL,Milwaukee,1797,,,, ,,,,,,,,,,,,,,,,,,,,
0020000237,1610612749,MIL,Milwaukee,1334,,,, ,,,,,,,,,,,,,,,,,,,,
0020000237,1610612749,MIL,Milwaukee,1337,,,, ,,,,,,,,,,,,,,,,,,,,
0020000237,1610612749,MIL,Milwaukee,1355,,,, ,,,,,,,,,,,,,,,,,,,,
0020000237,1610612749,MIL,Milwaukee,2157,,,, ,,,,,,,,,,,,,,,,,,,,
0020000237,1610612749,MIL,Milwaukee,2038,Joel Przybilla,Joel,,DNP - Coach's Decision,,,,,,,,,,,,,,,,,,,,
0020000237,1610612737,ATL,Atlanta,2035,DerMarr Johnson,DerMarr,F,,38:13,4.0,16.0,0.25,1.0,6.0,0.167,5.0,7.0,0.714,2.0,4.0,6.0,1.0,2.0,1.0,3.0,4.0,14.0,20.0
0020000237,1610612737,ATL,Atlanta,673,Alan Henderson,Alan,G,,31:10,4.0,11.0,0.364,0.0,0.0,0.0,5.0,8.0,0.625,3.0,2.0,5.0,1.0,0.0,0.0,4.0,3.0,13.0,23.0
0020000237,1610612737,ATL,Atlanta,87,Dikembe Mutombo,Dikembe,G,,34:47,4.0,11.0,0.364,0.0,0.0,0.0,0.0,1.0,0.0,5.0,12.0,17.0,0.0,0.0,3.0,1.0,1.0,8.0,18.0
0020000237,1610612737,ATL,Atlanta,1074,Matt Maloney,Matt,G,,36:57,7.0,18.0,0.389,1.0,6.0,0.167,3.0,3.0,1.0,0.0,5.0,5.0,4.0,3.0,0.0,1.0,2.0,18.0,12.0
0020000237,1610612737,ATL,Atlanta,1891,Jason Terry,Jason,G,,42:31,10.0,16.0,0.625,0.0,1.0,0.0,10.0,12.0,0.833,0.0,2.0,2.0,5.0,2.0,0.0,2.0,2.0,30.0,17.0
0020000237,1610612737,ATL,Atlanta,2069,Hanno Mottola,Hanno,G,,11:11,0.0,0.0,0.0,0.0,0.0,0.0,2.0,2.0,1.0,0.0,2.0,2.0,0.0,0.0,0.0,1.0,3.0,2.0,-10.0
0020000237,1610612737,ATL,Atlanta,953,Lorenzen Wright,Lorenzen,G,,18:22,3.0,6.0,0.5,0.0,0.0,0.0,2.0,3.0,0.667,4.0,5.0,9.0,0.0,1.0,0.0,0.0,4.0,8.0,-15.0
0020000237,1610612737,ATL,Atlanta,1533,Anthony Johnson,Anthony,F,,6:28,0.0,1.0,0.0,0.0,0.0,0.0,0.0,0.0,0.0,0.0,0.0,0.0,2.0,1.0,0.0,1.0,1.0,0.0,-11.0
0020000237,1610612737,ATL,Atlanta,1544,Chris Crawford,Chris,F,,3:02,0.0,0.0,0.0,0.0,0.0,0.0,0.0,0.0,0.0,0.0,0.0,0.0,0.0,0.0,0.0,0.0,1.0,0.0,-5.0
0020000237,1610612737,ATL,Atlanta,1683,Larry Robinson,Larry,C,,13:23,2.0,4.0,0.5,1.0,1.0,1.0,3.0,3.0,1.0,0.0,0.0,0.0,0.0,0.0,0.0,0.0,3.0,8.0,-10.0
0020000237,1610612737,ATL,Atlanta,1901,Dion Glover,Dion,,,3:56,0.0,0.0,0.0,0.0,0.0,0.0,0.0,0.0,0.0,0.0,1.0,1.0,0.0,0.0,0.0,1.0,1.0,0.0,-4.0
0020000237,1610612737,ATL,Atlanta,2094,,,, ,,,,,,,,,,,,,,,,,,,,
0020000237,1610612737,ATL,Atlanta,2150,,,, ,,,,,,,,,,,,,,,,,,,,
0020000237,1610612737,ATL,Atlanta,2151,,,, ,,,,,,,,,,,,,,,,,,,,
0020000237,1610612737,ATL,Atlanta,1260,,,, ,,,,,,,,,,,,,,,,,,,,
0020000237,1610612737,ATL,Atlanta,1774,,,, ,,,,,,,,,,,,,,,,,,,,
0020000237,1610612737,ATL,Atlanta,1898,Cal Bowdler,Cal,,DNP - Coach's Decision,,,,,,,,,,,,,,,,,,,,
0020000234,1610612753,ORL,Orlando,448,Bo Outlaw,Bo,G,,42:17,2.0,5.0,0.4,0.0,0.0,0.0,1.0,3.0,0.333,4.0,7.0,11.0,3.0,2.0,3.0,0.0,3.0,5.0,27.0
0020000234,1610612753,ORL,Orlando,680,John Amaechi,John,F,,31:50,5.0,14.0,0.357,0.0,0.0,0.0,2.0,6.0,0.333,1.0,4.0,5.0,2.0,1.0,0.0,4.0,2.0,12.0,11.0
0020000234,1610612753,ORL,Orlando,1720,Michael Doleac,Michael,G,,12:54,3.0,6.0,0.5,0.0,0.0,0.0,0.0,0.0,0.0,0.0,3.0,3.0,0.0,0.0,0.0,1.0,4.0,6.0,-7.0
0020000234,1610612753,ORL,Orlando,1503,Tracy McGrady,Tracy,G,,42:14,18.0,32.0,0.563,0.0,1.0,0.0,4.0,4.0,1.0,5.0,5.0,10.0,5.0,3.0,3.0,3.0,3.0,40.0,27.0
0020000234,1610612753,ORL,Orlando,353,Darrell Armstrong,Darrell,G,,29:54,3.0,10.0,0.3,1.0,3.0,0.333,0.0,0.0,0.0,1.0,1.0,2.0,9.0,1.0,0.0,0.0,0.0,7.0,9.0
0020000234,1610612753,ORL,Orlando,1727,Pat Garrity,Pat,F,,19:41,5.0,8.0,0.625,2.0,3.0,0.667,0.0,0.0,0.0,2.0,6.0,8.0,0.0,0.0,0.0,0.0,2.0,12.0,17.0
0020000234,1610612753,ORL,Orlando,1607,Troy Hudson,Troy,G,,18:06,2.0,7.0,0.286,0.0,3.0,0.0,2.0,2.0,1.0,2.0,2.0,4.0,4.0,0.0,0.0,1.0,1.0,6.0,12.0
0020000234,1610612753,ORL,Orlando,42,Monty Williams,Monty,F,,23:45,1.0,6.0,0.167,0.0,1.0,0.0,1.0,2.0,0.5,2.0,4.0,6.0,4.0,0.0,0.0,1.0,1.0,3.0,12.0
0020000234,1610612753,ORL,Orlando,2034,Mike Miller,Mike,G,,14:29,2.0,3.0,0.667,0.0,1.0,0.0,0.0,0.0,0.0,0.0,1.0,1.0,2.0,1.0,0.0,1.0,2.0,4.0,5.0
0020000234,1610612753,ORL,Orlando,692,Andrew DeClercq,Andrew,G,,4:51,0.0,0.0,0.0,0.0,0.0,0.0,0.0,0.0,0.0,0.0,0.0,0.0,0.0,1.0,0.0,0.0,3.0,0.0,-8.0
0020000234,1610612753,ORL,Orlando,837,,,, ,,,,,,,,,,,,,,,,,,,,
0020000234,1610612753,ORL,Orlando,1650,,,, ,,,,,,,,,,,,,,,,,,,,
0020000234,1610612753,ORL,Orlando,1941,,,, ,,,,,,,,,,,,,,,,,,,,
0020000234,1610612753,ORL,Orlando,1332,,,, ,,,,,,,,,,,,,,,,,,,,
0020000234,1610612753,ORL,Orlando,1307,,,, ,,,,,,,,,,,,,,,,,,,,
0020000234,1610612753,ORL,Orlando,1309,,,, ,,,,,,,,,,,,,,,,,,,,
0020000234,1610612753,ORL,Orlando,1296,,,, ,,,,,,,,,,,,,,,,,,,,
0020000234,1610612753,ORL,Orlando,690,Don Reid,Don,,NWT - Stomach Virus,,,,,,,,,,,,,,,,,,,,
0020000234,1610612751,NJN,New Jersey,1536,Stephen Jackson,Stephen,F,,28:47,2.0,4.0,0.5,0.0,1.0,0.0,2.0,4.0,0.5,0.0,2.0,2.0,4.0,0.0,0.0,3.0,6.0,6.0,-13.0
0020000234,1610612751,NJN,New Jersey,2030,Kenyon Martin,Kenyon,F,,29:09,3.0,9.0,0.333,0.0,0.0,0.0,1.0,4.0,0.25,4.0,9.0,13.0,3.0,0.0,2.0,2.0,5.0,7.0,-6.0
0020000234,1610612751,NJN,New Jersey,1915,Evan Eschmeyer,Evan,F,,12:12,1.0,5.0,0.2,0.0,0.0,0.0,1.0,1.0,1.0,1.0,2.0,3.0,0.0,0.0,1.0,0.0,3.0,3.0,-5.0
0020000234,1610612751,NJN,New Jersey,383,Kendall Gill,Kendall,G,,27:28,2.0,12.0,0.167,0.0,0.0,0.0,0.0,0.0,0.0,2.0,3.0,5.0,1.0,1.0,0.0,2.0,3.0,4.0,-1.0
0020000234,1610612751,NJN,New Jersey,950,Stephon Marbury,Stephon,G,,33:31,4.0,11.0,0.364,0.0,1.0,0.0,4.0,5.0,0.8,1.0,1.0,2.0,3.0,1.0,0.0,3.0,2.0,12.0,-17.0
0020000234,1610612751,NJN,New Jersey,1425,Aaron Williams,Aaron,G,,33:53,6.0,10.0,0.6,0.0,0.0,0.0,2.0,2.0,1.0,0.0,3.0,3.0,1.0,1.0,1.0,2.0,1.0,14.0,-17.0
0020000234,1610612751,NJN,New Jersey,271,Johnny Newman,Johnny,G,,25:26,1.0,6.0,0.167,1.0,4.0,0.25,7.0,8.0,0.875,2.0,3.0,5.0,4.0,5.0,0.0,5.0,3.0,10.0,-11.0
0020000234,1610612751,NJN,New Jersey,446,Lucious Harris,Lucious,C,,19:50,3.0,4.0,0.75,0.0,0.0,0.0,1.0,1.0,1.0,1.0,7.0,8.0,2.0,0.0,0.0,0.0,1.0,7.0,-17.0
0020000234,1610612751,NJN,New Jersey,428,Sherman Douglas,Sherman,F,,24:26,3.0,7.0,0.429,0.0,0.0,0.0,3.0,4.0,0.75,0.0,0.0,0.0,0.0,0.0,0.0,1.0,0.0,9.0,-17.0
0020000234,1610612751,NJN,New Jersey,2066,Soumaila Samake,Soumaila,,,4:18,1.0,2.0,0.5,0.0,0.0,0.0,0.0,0.0,0.0,0.0,2.0,2.0,0.0,0.0,0.0,0.0,0.0,2.0,-3.0
0020000234,1610612751,NJN,New Jersey,1563,Kevin Ollie,Kevin,,,1:01,0.0,0.0,0.0,0.0,0.0,0.0,0.0,0.0,0.0,0.0,0.0,0.0,0.0,0.0,0.0,0.0,0.0,0.0,2.0
0020000234,1610612751,NJN,New Jersey,1776,,,, ,,,,,,,,,,,,,,,,,,,,
0020000234,1610612751,NJN,New Jersey,1789,,,, ,,,,,,,,,,,,,,,,,,,,
0020000234,1610612751,NJN,New Jersey,1876,,,, ,,,,,,,,,,,,,,,,,,,,
0020000234,1610612751,NJN,New Jersey,1673,,,, ,,,,,,,,,,,,,,,,,,,,
0020000234,1610612751,NJN,New Jersey,2009,,,, ,,,,,,,,,,,,,,,,,,,,
0020000234,1610612751,NJN,New Jersey,1303,,,, ,,,,,,,,,,,,,,,,,,,,
0020000234,1610612751,NJN,New Jersey,1324,,,, ,,,,,,,,,,,,,,,,,,,,
0020000234,1610612751,NJN,New Jersey,29,Jim McIlvaine,Jim,,DNP - Coach's Decision,,,,,,,,,,,,,,,,,,,,
0020000242,1610612746,LAC,Los Angeles,1885,Lamar Odom,Lamar,F,,36:58,6.0,18.0,0.333,1.0,2.0,0.5,6.0,7.0,0.857,0.0,7.0,7.0,4.0,3.0,2.0,4.0,4.0,19.0,-2.0
0020000242,1610612746,LAC,Los Angeles,2032,Darius Miles,Darius,F,,32:01,4.0,8.0,0.5,0.0,0.0,0.0,1.0,2.0,0.5,2.0,3.0,5.0,0.0,0.0,1.0,3.0,4.0,9.0,-4.0
0020000242,1610612746,LAC,Los Angeles,1709,Michael Olowokandi,Michael,C,,22:44,2.0,9.0,0.222,0.0,0.0,0.0,0.0,0.0,0.0,3.0,4.0,7.0,0.0,0.0,0.0,2.0,2.0,4.0,-11.0
0020000242,1610612746,LAC,Los Angeles,2047,Quentin Richardson,Quentin,G,,29:25,5.0,16.0,0.313,0.0,2.0,0.0,3.0,4.0,0.75,8.0,3.0,11.0,0.0,2.0,0.0,1.0,1.0,13.0,-12.0
0020000242,1610612746,LAC,Los Angeles,976,Jeff McInnis,Jeff,G,,33:34,4.0,10.0,0.4,1.0,4.0,0.25,2.0,4.0,0.5,0.0,1.0,1.0,5.0,0.0,1.0,1.0,4.0,11.0,-18.0
0020000242,1610612746,LAC,Los Angeles,2039,Keyon Dooling,Keyon,G,,14:26,2.0,5.0,0.4,0.0,0.0,0.0,0.0,0.0,0.0,0.0,2.0,2.0,5.0,2.0,0.0,3.0,0.0,4.0,9.0
0020000242,1610612746,LAC,Los Angeles,1730,Brian Skinner,Brian,F,,10:59,0.0,1.0,0.0,0.0,0.0,0.0,0.0,0.0,0.0,1.0,3.0,4.0,0.0,0.0,0.0,0.0,0.0,0.0,-5.0
0020000242,1610612746,LAC,Los Angeles,399,Sean Rooks,Sean,C,,24:10,2.0,4.0,0.5,0.0,0.0,0.0,2.0,5.0,0.4,0.0,5.0,5.0,2.0,0.0,1.0,1.0,3.0,6.0,3.0
0020000242,1610612746,LAC,Los Angeles,15,Eric Piatkowski,Eric,G,,12:47,2.0,3.0,0.667,0.0,0.0,0.0,4.0,4.0,1.0,0.0,2.0,2.0,0.0,1.0,0.0,2.0,2.0,8.0,-3.0
0020000242,1610612746,LAC,Los Angeles,1894,Corey Maggette,Corey,G,,18:35,3.0,5.0,0.6,0.0,1.0,0.0,7.0,9.0,0.778,1.0,5.0,6.0,0.0,0.0,0.0,2.0,5.0,13.0,3.0
0020000242,1610612746,LAC,Los Angeles,685,Cherokee Parks,Cherokee,,,4:21,0.0,1.0,0.0,0.0,1.0,0.0,0.0,0.0,0.0,0.0,1.0,1.0,0.0,0.0,1.0,0.0,0.0,0.0,-5.0
0020000242,1610612746,LAC,Los Angeles,1672,,,, ,,,,,,,,,,,,,,,,,,,,
0020000242,1610612746,LAC,Los Angeles,2010,,,, ,,,,,,,,,,,,,,,,,,,,
0020000242,1610612746,LAC,Los Angeles,2166,,,, ,,,,,,,,,,,,,,,,,,,,
0020000242,1610612746,LAC,Los Angeles,1210,,,, ,,,,,,,,,,,,,,,,,,,,
0020000242,1610612746,LAC,Los Angeles,1243,,,, ,,,,,,,,,,,,,,,,,,,,
0020000242,1610612746,LAC,Los Angeles,1246,,,, ,,,,,,,,,,,,,,,,,,,,
0020000242,1610612746,LAC,Los Angeles,1284,,,, ,,,,,,,,,,,,,,,,,,,,
0020000242,1610612746,LAC,Los Angeles,1351,,,, ,,,,,,,,,,,,,,,,,,,,
0020000242,1610612746,LAC,Los Angeles,400,Derek Strong,Derek,,DNP - Coach's Decision,,,,,,,,,,,,,,,,,,,,
0020000242,1610612738,BOS,Boston,952,Antoine Walker,Antoine,F,,42:48,6.0,17.0,0.353,0.0,4.0,0.0,5.0,7.0,0.714,3.0,11.0,14.0,1.0,1.0,2.0,4.0,2.0,17.0,14.0
0020000242,1610612738,BOS,Boston,1718,Paul Pierce,Paul,G,,42:32,8.0,23.0,0.348,3.0,7.0,0.429,6.0,6.0,1.0,2.0,5.0,7.0,6.0,3.0,1.0,2.0,2.0,25.0,6.0
0020000242,1610612738,BOS,Boston,1499,Tony Battie,Tony,C,,24:53,3.0,7.0,0.429,0.0,0.0,0.0,0.0,0.0,0.0,1.0,7.0,8.0,0.0,0.0,3.0,2.0,6.0,6.0,15.0
0020000242,1610612738,BOS,Boston,753,Randy Brown,Randy,G,,30:47,5.0,6.0,0.833,0.0,0.0,0.0,0.0,2.0,0.0,0.0,1.0,1.0,2.0,1.0,0.0,0.0,6.0,10.0,16.0
0020000242,1610612738,BOS,Boston,179,Bryant Stith,Bryant,G,,39:42,6.0,8.0,0.75,2.0,3.0,0.667,4.0,4.0,1.0,0.0,2.0,2.0,2.0,0.0,0.0,1.0,2.0,18.0,16.0
0020000242,1610612738,BOS,Boston,958,Vitaly Potapenko,Vitaly,C,,19:25,2.0,7.0,0.286,0.0,0.0,0.0,1.0,2.0,0.5,0.0,3.0,3.0,1.0,2.0,1.0,2.0,3.0,5.0,-11.0
0020000242,1610612738,BOS,Boston,713,Chris Carr,Chris,F,,4:02,1.0,3.0,0.333,0.0,0.0,0.0,0.0,0.0,0.0,0.0,1.0,1.0,0.0,0.0,0.0,0.0,1.0,2.0,-2.0
0020000242,1610612738,BOS,Boston,962,Walter McCarty,Walter,F,,5:12,0.0,1.0,0.0,0.0,0.0,0.0,0.0,0.0,0.0,0.0,0.0,0.0,0.0,0.0,0.0,0.0,0.0,0.0,-5.0
0020000242,1610612738,BOS,Boston,77,Doug Overton,Doug,G,,17:13,3.0,4.0,0.75,0.0,1.0,0.0,2.0,2.0,1.0,0.0,4.0,4.0,4.0,1.0,0.0,4.0,4.0,8.0,-7.0
0020000242,1610612738,BOS,Boston,677,Eric Williams,Eric,F,,10:55,0.0,3.0,0.0,0.0,0.0,0.0,5.0,6.0,0.833,1.0,0.0,1.0,1.0,0.0,0.0,0.0,0.0,5.0,-1.0
0020000242,1610612738,BOS,Boston,2040,Jerome Moiso,Jerome,,,2:31,0.0,0.0,0.0,0.0,0.0,0.0,0.0,0.0,0.0,0.0,1.0,1.0,0.0,0.0,1.0,1.0,0.0,0.0,4.0
0020000242,1610612738,BOS,Boston,1875,,,, ,,,,,,,,,,,,,,,,,,,,
0020000242,1610612738,BOS,Boston,1639,,,, ,,,,,,,,,,,,,,,,,,,,
0020000242,1610612738,BOS,Boston,1641,,,, ,,,,,,,,,,,,,,,,,,,,
0020000242,1610612738,BOS,Boston,1213,,,, ,,,,,,,,,,,,,,,,,,,,
0020000242,1610612738,BOS,Boston,1486,,,, ,,,,,,,,,,,,,,,,,,,,
0020000242,1610612738,BOS,Boston,1559,Adrian Griffin,Adrian,,DNP - Coach's Decision,,,,,,,,,,,,,,,,,,,,
0020000243,1610612764,WAS,Washington,1732,Felipe Lopez,Felipe,G,,44:17,8.0,16.0,0.5,0.0,2.0,0.0,7.0,7.0,1.0,1.0,5.0,6.0,2.0,2.0,2.0,2.0,5.0,23.0,-5.0
0020000243,1610612764,WAS,Washington,436,Juwan Howard,Juwan,F,,33:19,5.0,13.0,0.385,0.0,0.0,0.0,1.0,2.0,0.5,1.0,2.0,3.0,4.0,0.0,0.0,2.0,2.0,11.0,-9.0
0020000243,1610612764,WAS,Washington,1751,Jahidi White,Jahidi,C,,21:36,4.0,6.0,0.667,0.0,0.0,0.0,0.0,2.0,0.0,2.0,3.0,5.0,0.0,0.0,3.0,2.0,3.0,8.0,-12.0
0020000243,1610612764,WAS,Washington,1888,Richard Hamilton,Richard,G,,23:52,3.0,8.0,0.375,1.0,3.0,0.333,0.0,0.0,0.0,0.0,4.0,4.0,1.0,0.0,0.0,1.0,5.0,7.0,-12.0
0020000243,1610612764,WAS,Washington,393,Rod Strickland,Rod,G,,32:14,4.0,15.0,0.267,0.0,0.0,0.0,3.0,4.0,0.75,3.0,0.0,3.0,9.0,1.0,1.0,0.0,0.0,11.0,-15.0
0020000243,1610612764,WAS,Washington,1838,Tyrone Nesby,Tyrone,F,,26:23,3.0,7.0,0.429,1.0,5.0,0.2,0.0,0.0,0.0,0.0,4.0,4.0,1.0,2.0,1.0,1.0,4.0,7.0,3.0
0020000243,1610612764,WAS,Washington,43,Chris Whitney,Chris,G,,16:01,0.0,5.0,0.0,0.0,3.0,0.0,0.0,0.0,0.0,0.0,2.0,2.0,3.0,1.0,0.0,1.0,2.0,0.0,9.0
0020000243,1610612764,WAS,Washington,1562,Gerard King,Gerard,C,,26:02,6.0,11.0,0.545,0.0,0.0,0.0,4.0,5.0,0.8,4.0,8.0,12.0,0.0,0.0,0.0,5.0,6.0,16.0,7.0
0020000243,1610612764,WAS,Washington,63,Michael Smith,Michael,F,,14:41,0.0,0.0,0.0,0.0,0.0,0.0,2.0,2.0,1.0,1.0,3.0,4.0,0.0,1.0,1.0,3.0,1.0,2.0,3.0
0020000243,1610612764,WAS,Washington,1916,Calvin Booth,Calvin,,,1:35,0.0,0.0,0.0,0.0,0.0,0.0,2.0,2.0,1.0,1.0,0.0,1.0,0.0,0.0,0.0,0.0,0.0,2.0,1.0
0020000243,1610612764,WAS,Washington,1251,,,, ,,,,,,,,,,,,,,,,,,,,
0020000243,1610612764,WAS,Washington,1271,,,, ,,,,,,,,,,,,,,,,,,,,
0020000243,1610612764,WAS,Washington,1340,,,, ,,,,,,,,,,,,,,,,,,,,
0020000243,1610612764,WAS,Washington,1360,,,, ,,,,,,,,,,,,,,,,,,,,
0020000243,1610612764,WAS,Washington,1245,,,, ,,,,,,,,,,,,,,,,,,,,
0020000243,1610612764,WAS,Washington,2093,,,, ,,,,,,,,,,,,,,,,,,,,
0020000243,1610612764,WAS,Washington,2095,,,, ,,,,,,,,,,,,,,,,,,,,
0020000243,1610612764,WAS,Washington,2171,,,, ,,,,,,,,,,,,,,,,,,,,
0020000243,1610612764,WAS,Washington,1918,Obinna Ekezie,Obinna,,DNP - Coach's Decision,,,,,,,,,,,,,,,,,,,,
0020000243,1610612764,WAS,Washington,782,Mitch Richmond,Mitch,,NOT WITH TEAM - MILD STRAIN LEFT KNEE,,,,,,,,,,,,,,,,,,,,
0020000243,1610612765,DET,Detroit,688,Michael Curry,Michael,F,,25:36,2.0,5.0,0.4,0.0,0.0,0.0,4.0,4.0,1.0,0.0,5.0,5.0,3.0,1.0,0.0,1.0,3.0,8.0,18.0
0020000243,1610612765,DET,Detroit,1112,Ben Wallace,Ben,F,,31:39,4.0,6.0,0.667,0.0,0.0,0.0,1.0,1.0,1.0,5.0,9.0,14.0,1.0,1.0,2.0,1.0,3.0,9.0,16.0
0020000243,1610612765,DET,Detroit,376,Eric Montross,Eric,C,,15:28,2.0,5.0,0.4,0.0,0.0,0.0,0.0,2.0,0.0,2.0,3.0,5.0,0.0,1.0,1.0,2.0,4.0,4.0,14.0
0020000243,1610612765,DET,Detroit,711,Jerry Stackhouse,Jerry,G,,38:02,7.0,19.0,0.368,2.0,4.0,0.5,8.0,12.0,0.667,0.0,0.0,0.0,5.0,0.0,1.0,3.0,2.0,24.0,9.0
0020000243,1610612765,DET,Detroit,1088,Chucky Atkins,Chucky,G,,29:35,6.0,10.0,0.6,3.0,4.0,0.75,1.0,2.0,0.5,0.0,4.0,4.0,5.0,0.0,0.0,2.0,4.0,16.0,16.0
0020000243,1610612765,DET,Detroit,693,Joe Smith,Joe,C,,10:59,2.0,6.0,0.333,0.0,0.0,0.0,2.0,3.0,0.667,1.0,2.0,3.0,0.0,0.0,0.0,1.0,3.0,6.0,-12.0
0020000243,1610612765,DET,Detroit,2043,Mateen Cleaves,Mateen,G,,10:20,0.0,4.0,0.0,0.0,1.0,0.0,0.0,0.0,0.0,0.0,0.0,0.0,1.0,1.0,0.0,1.0,1.0,0.0,-7.0
0020000243,1610612765,DET,Detroit,146,Jud Buechler,Jud,G,,20:22,1.0,3.0,0.333,1.0,2.0,0.5,0.0,0.0,0.0,1.0,1.0,2.0,1.0,2.0,0.0,3.0,3.0,3.0,-15.0
0020000243,1610612765,DET,Detroit,966,Jerome Williams,Jerome,F,,26:42,1.0,4.0,0.25,0.0,0.0,0.0,5.0,6.0,0.833,4.0,4.0,8.0,1.0,2.0,0.0,2.0,2.0,7.0,-7.0
0020000243,1610612765,DET,Detroit,1630,Mikki Moore,Mikki,C,,6:01,1.0,1.0,1.0,0.0,0.0,0.0,0.0,0.0,0.0,1.0,0.0,1.0,0.0,0.0,0.0,2.0,3.0,2.0,-3.0
0020000243,1610612765,DET,Detroit,344,Dana Barros,Dana,G,,20:20,3.0,9.0,0.333,0.0,1.0,0.0,2.0,2.0,1.0,1.0,0.0,1.0,2.0,1.0,0.0,0.0,0.0,8.0,-3.0
0020000243,1610612765,DET,Detroit,961,John Wallace,John,,,4:56,3.0,4.0,0.75,0.0,0.0,0.0,0.0,0.0,0.0,1.0,1.0,2.0,0.0,0.0,0.0,1.0,0.0,6.0,4.0
0020000243,1610612765,DET,Detroit,1798,,,, ,,,,,,,,,,,,,,,,,,,,
0020000243,1610612765,DET,Detroit,1247,,,, ,,,,,,,,,,,,,,,,,,,,
0020000243,1610612765,DET,Detroit,2155,,,, ,,,,,,,,,,,,,,,,,,,,
0020000243,1610612765,DET,Detroit,1996,,,, ,,,,,,,,,,,,,,,,,,,,
0020000246,1610612742,DAL,Dallas,714,Michael Finley,Michael,F,,44:18,11.0,19.0,0.579,0.0,1.0,0.0,0.0,0.0,0.0,1.0,1.0,2.0,5.0,0.0,0.0,1.0,1.0,22.0,1.0
0020000246,1610612742,DAL,Dallas,1717,Dirk Nowitzki,Dirk,G,,38:14,9.0,16.0,0.563,2.0,6.0,0.333,5.0,6.0,0.833,1.0,10.0,11.0,1.0,0.0,3.0,5.0,1.0,25.0,8.0
0020000246,1610612742,DAL,Dallas,363,Christian Laettner,Christian,G,,19:48,4.0,7.0,0.571,0.0,0.0,0.0,0.0,0.0,0.0,1.0,1.0,2.0,0.0,0.0,0.0,2.0,3.0,8.0,-3.0
0020000246,1610612742,DAL,Dallas,458,Howard Eisley,Howard,G,,45:36,6.0,14.0,0.429,0.0,3.0,0.0,2.0,3.0,0.667,1.0,1.0,2.0,10.0,4.0,0.0,1.0,6.0,14.0,-2.0
0020000246,1610612742,DAL,Dallas,2042,Courtney Alexander,Courtney,G,,34:51,6.0,15.0,0.4,0.0,1.0,0.0,0.0,0.0,0.0,1.0,2.0,3.0,2.0,1.0,0.0,0.0,5.0,12.0,6.0
0020000246,1610612742,DAL,Dallas,1761,Greg Buckner,Greg,F,,24:13,3.0,6.0,0.5,0.0,0.0,0.0,2.0,2.0,1.0,2.0,0.0,2.0,1.0,0.0,0.0,2.0,6.0,8.0,-11.0
0020000246,1610612742,DAL,Dallas,762,Shawn Bradley,Shawn,G,,14:30,2.0,4.0,0.5,0.0,0.0,0.0,0.0,0.0,0.0,1.0,3.0,4.0,0.0,1.0,1.0,0.0,3.0,4.0,-5.0
0020000246,1610612742,DAL,Dallas,919,Loy Vaught,Loy,G,,13:13,2.0,5.0,0.4,0.0,0.0,0.0,0.0,0.0,0.0,1.0,4.0,5.0,2.0,0.0,0.0,0.0,2.0,4.0,-7.0
0020000246,1610612742,DAL,Dallas,95,Mark Bryant,Mark,,,5:18,0.0,0.0,0.0,0.0,0.0,0.0,0.0,0.0,0.0,0.0,1.0,1.0,0.0,0.0,0.0,0.0,4.0,0.0,3.0
0020000246,1610612742,DAL,Dallas,1782,,,, ,,,,,,,,,,,,,,,,,,,,
0020000246,1610612742,DAL,Dallas,1233,,,, ,,,,,,,,,,,,,,,,,,,,
0020000246,1610612742,DAL,Dallas,1269,,,, ,,,,,,,,,,,,,,,,,,,,
0020000246,1610612742,DAL,Dallas,1317,,,, ,,,,,,,,,,,,,,,,,,,,
0020000246,1610612742,DAL,Dallas,1370,,,, ,,,,,,,,,,,,,,,,,,,,
0020000246,1610612742,DAL,Dallas,1483,,,, ,,,,,,,,,,,,,,,,,,,,
0020000246,1610612742,DAL,Dallas,1643,,,, ,,,,,,,,,,,,,,,,,,,,
0020000246,1610612742,DAL,Dallas,2154,,,, ,,,,,,,,,,,,,,,,,,,,
0020000246,1610612742,DAL,Dallas,93,Hubert Davis,Hubert,,DND - Groin pull.,,,,,,,,,,,,,,,,,,,,
0020000246,1610612742,DAL,Dallas,2059,Eduardo Najera,Eduardo,,DNP - Coach's Decision,,,,,,,,,,,,,,,,,,,,
0020000246,1610612742,DAL,Dallas,959,Steve Nash,Steve,,DND - Strained right calf muscle.,,,,,,,,,,,,,,,,,,,,
0020000246,1610612747,LAL,Los Angeles,296,Rick Fox,Rick,F,,21:27,2.0,5.0,0.4,1.0,1.0,1.0,0.0,0.0,0.0,0.0,1.0,1.0,1.0,0.0,0.0,1.0,1.0,5.0,2.0
0020000246,1610612747,LAL,Los Angeles,270,Horace Grant,Horace,G,,23:18,1.0,4.0,0.25,0.0,0.0,0.0,2.0,2.0,1.0,3.0,2.0,5.0,1.0,1.0,0.0,1.0,3.0,4.0,-2.0
0020000246,1610612747,LAL,Los Angeles,406,Shaquille O'Neal,Shaquille,G,,37:33,10.0,19.0,0.526,0.0,0.0,0.0,5.0,19.0,0.263,7.0,7.0,14.0,3.0,0.0,1.0,2.0,5.0,25.0,7.0
0020000246,1610612747,LAL,Los Angeles,977,Kobe Bryant,Kobe,G,,44:58,15.0,28.0,0.536,1.0,3.0,0.333,7.0,9.0,0.778,4.0,6.0,10.0,6.0,2.0,2.0,6.0,4.0,38.0,1.0
0020000246,1610612747,LAL,Los Angeles,166,Ron Harper,Ron,G,,31:20,4.0,11.0,0.364,0.0,1.0,0.0,0.0,0.0,0.0,4.0,5.0,9.0,1.0,0.0,1.0,1.0,3.0,8.0,8.0
0020000246,1610612747,LAL,Los Angeles,109,Robert Horry,Robert,G,,31:41,0.0,4.0,0.0,0.0,1.0,0.0,2.0,2.0,1.0,3.0,3.0,6.0,2.0,1.0,2.0,1.0,3.0,2.0,-4.0
0020000246,1610612747,LAL,Los Angeles,375,Isaiah Rider,Isaiah,F,,26:33,3.0,9.0,0.333,1.0,3.0,0.333,4.0,4.0,1.0,0.0,2.0,2.0,2.0,1.0,0.0,1.0,2.0,11.0,0.0
0020000246,1610612747,LAL,Los Angeles,216,Brian Shaw,Brian,G,,16:40,1.0,3.0,0.333,0.0,1.0,0.0,1.0,1.0,1.0,0.0,1.0,1.0,1.0,1.0,0.0,1.0,1.0,3.0,-6.0
0020000246,1610612747,LAL,Los Angeles,2130,Mike Penberthy,Mike,,,3:08,0.0,0.0,0.0,0.0,0.0,0.0,0.0,0.0,0.0,0.0,0.0,0.0,0.0,1.0,0.0,1.0,0.0,0.0,1.0
0020000246,1610612747,LAL,Los Angeles,323,Greg Foster,Greg,,,3:10,1.0,1.0,1.0,0.0,0.0,0.0,1.0,2.0,0.5,0.0,3.0,3.0,1.0,0.0,0.0,0.0,0.0,3.0,3.0
0020000246,1610612747,LAL,Los Angeles,1904,Devean George,Devean,,,0:13,0.0,0.0,0.0,0.0,0.0,0.0,0.0,0.0,0.0,0.0,0.0,0.0,0.0,0.0,0.0,0.0,0.0,0.0,0.0
0020000246,1610612747,LAL,Los Angeles,1270,,,, ,,,,,,,,,,,,,,,,,,,,
0020000246,1610612747,LAL,Los Angeles,1273,,,, ,,,,,,,,,,,,,,,,,,,,
0020000246,1610612747,LAL,Los Angeles,1219,,,, ,,,,,,,,,,,,,,,,,,,,
0020000246,1610612747,LAL,Los Angeles,1221,,,, ,,,,,,,,,,,,,,,,,,,,
0020000246,1610612747,LAL,Los Angeles,1223,,,, ,,,,,,,,,,,,,,,,,,,,
0020000246,1610612747,LAL,Los Angeles,1230,,,, ,,,,,,,,,,,,,,,,,,,,
0020000246,1610612747,LAL,Los Angeles,2058,Mark Madsen,Mark,,DNP - Coach's Decision,,,,,,,,,,,,,,,,,,,,
0020000248,1610612759,SAS,San Antonio,251,Sean Elliott,Sean,G,,29:07,7.0,12.0,0.583,5.0,8.0,0.625,0.0,0.0,0.0,0.0,5.0,5.0,2.0,0.0,1.0,1.0,1.0,19.0,12.0
0020000248,1610612759,SAS,San Antonio,1495,Tim Duncan,Tim,G,,39:13,14.0,22.0,0.636,0.0,0.0,0.0,2.0,2.0,1.0,4.0,6.0,10.0,5.0,1.0,1.0,5.0,3.0,30.0,24.0
0020000248,1610612759,SAS,San Antonio,764,David Robinson,David,G,,29:49,5.0,9.0,0.556,0.0,0.0,0.0,1.0,2.0,0.5,2.0,7.0,9.0,1.0,0.0,4.0,1.0,4.0,11.0,12.0
0020000248,1610612759,SAS,San Antonio,1507,Derek Anderson,Derek,G,,36:18,4.0,11.0,0.364,1.0,4.0,0.25,0.0,0.0,0.0,1.0,5.0,6.0,7.0,0.0,0.0,3.0,3.0,9.0,23.0
0020000248,1610612759,SAS,San Antonio,422,Avery Johnson,Avery,G,,21:53,0.0,3.0,0.0,0.0,0.0,0.0,0.0,0.0,0.0,0.0,1.0,1.0,4.0,0.0,0.0,0.0,3.0,0.0,3.0
0020000248,1610612759,SAS,San Antonio,345,Terry Porter,Terry,F,,9:12,1.0,2.0,0.5,0.0,0.0,0.0,0.0,0.0,0.0,0.0,1.0,1.0,0.0,1.0,0.0,0.0,1.0,2.0,2.0
0020000248,1610612759,SAS,San Antonio,198,Danny Ferry,Danny,G,,17:10,3.0,4.0,0.75,0.0,1.0,0.0,0.0,0.0,0.0,0.0,1.0,1.0,0.0,0.0,0.0,0.0,1.0,6.0,7.0
0020000248,1610612759,SAS,San Antonio,1498,Antonio Daniels,Antonio,G,,26:07,4.0,4.0,1.0,1.0,1.0,1.0,0.0,0.0,0.0,0.0,1.0,1.0,7.0,2.0,2.0,1.0,2.0,9.0,15.0
0020000248,1610612759,SAS,San Antonio,990,Malik Rose,Malik,F,,25:15,3.0,7.0,0.429,0.0,0.0,0.0,4.0,5.0,0.8,1.0,5.0,6.0,1.0,3.0,0.0,3.0,2.0,10.0,1.0
0020000248,1610612759,SAS,San Antonio,1956,Ira Newble,Ira,G,,4:13,0.0,1.0,0.0,0.0,0.0,0.0,0.0,0.0,0.0,0.0,0.0,0.0,0.0,0.0,0.0,0.0,1.0,0.0,-8.0
0020000248,1610612759,SAS,San Antonio,1035,Shawnelle Scott,Shawnelle,,,1:43,0.0,0.0,0.0,0.0,0.0,0.0,1.0,2.0,0.5,0.0,1.0,1.0,0.0,0.0,1.0,0.0,0.0,1.0,-1.0
0020000248,1610612759,SAS,San Antonio,1371,,,, ,,,,,,,,,,,,,,,,,,,,
0020000248,1610612759,SAS,San Antonio,873,,,, ,,,,,,,,,,,,,,,,,,,,
0020000248,1610612759,SAS,San Antonio,1658,,,, ,,,,,,,,,,,,,,,,,,,,
0020000248,1610612759,SAS,San Antonio,1264,,,, ,,,,,,,,,,,,,,,,,,,,
0020000248,1610612759,SAS,San Antonio,1331,,,, ,,,,,,,,,,,,,,,,,,,,
0020000248,1610612759,SAS,San Antonio,1332,,,, ,,,,,,,,,,,,,,,,,,,,
0020000248,1610612759,SAS,San Antonio,70,Steve Kerr,Steve,,DNP - Coach's Decision,,,,,,,,,,,,,,,,,,,,
0020000248,1610612763,VAN,Vancouver,949,Shareef Abdur-Rahim,Shareef,F,,45:23,6.0,16.0,0.375,0.0,0.0,0.0,4.0,6.0,0.667,4.0,7.0,11.0,4.0,1.0,1.0,3.0,3.0,16.0,-16.0
0020000248,1610612763,VAN,Vancouver,970,Othella Harrington,Othella,G,,25:37,3.0,9.0,0.333,0.0,0.0,0.0,0.0,0.0,0.0,1.0,2.0,3.0,1.0,1.0,1.0,2.0,3.0,6.0,-8.0
0020000248,1610612763,VAN,Vancouver,1134,Ike Austin,Ike,C,,27:57,4.0,9.0,0.444,1.0,3.0,0.333,0.0,0.0,0.0,2.0,5.0,7.0,1.0,0.0,1.0,4.0,5.0,9.0,-3.0
0020000248,1610612763,VAN,Vancouver,28,Doug West,Doug,G,,12:39,1.0,2.0,0.5,0.0,0.0,0.0,0.0,0.0,0.0,0.0,2.0,2.0,0.0,0.0,0.0,0.0,0.0,2.0,-12.0
0020000248,1610612763,VAN,Vancouver,1710,Mike Bibby,Mike,G,,35:32,3.0,11.0,0.273,1.0,2.0,0.5,2.0,2.0,1.0,0.0,1.0,1.0,6.0,1.0,0.0,2.0,0.0,9.0,-19.0
0020000248,1610612763,VAN,Vancouver,735,Bryant Reeves,Bryant,C,,15:53,4.0,9.0,0.444,0.0,0.0,0.0,0.0,0.0,0.0,2.0,2.0,4.0,0.0,1.0,0.0,0.0,2.0,8.0,-8.0
0020000248,1610612763,VAN,Vancouver,1800,Damon Jones,Damon,G,,18:32,3.0,11.0,0.273,2.0,5.0,0.4,0.0,0.0,0.0,0.0,2.0,2.0,0.0,0.0,0.0,1.0,0.0,8.0,-12.0
0020000248,1610612763,VAN,Vancouver,236,Kevin Edwards,Kevin,G,,6:22,0.0,2.0,0.0,0.0,0.0,0.0,0.0,0.0,0.0,1.0,1.0,2.0,1.0,0.0,0.0,0.0,0.0,0.0,-4.0
0020000248,1610612763,VAN,Vancouver,2031,Stromile Swift,Stromile,F,,20:29,2.0,7.0,0.286,0.0,0.0,0.0,1.0,2.0,0.5,5.0,1.0,6.0,1.0,1.0,0.0,1.0,2.0,5.0,-4.0
0020000248,1610612763,VAN,Vancouver,3,Grant Long,Grant,G,,31:36,7.0,9.0,0.778,0.0,0.0,0.0,2.0,2.0,1.0,0.0,3.0,3.0,3.0,3.0,0.0,0.0,1.0,16.0,-4.0
0020000248,1610612763,VAN,Vancouver,1795,,,, ,,,,,,,,,,,,,,,,,,,,
0020000248,1610612763,VAN,Vancouver,1227,,,, ,,,,,,,,,,,,,,,,,,,,
0020000248,1610612763,VAN,Vancouver,1232,,,, ,,,,,,,,,,,,,,,,,,,,
0020000248,1610612763,VAN,Vancouver,888,,,, ,,,,,,,,,,,,,,,,,,,,
0020000248,1610612763,VAN,Vancouver,1353,,,, ,,,,,,,,,,,,,,,,,,,,
0020000248,1610612763,VAN,Vancouver,1356,,,, ,,,,,,,,,,,,,,,,,,,,
0020000248,1610612763,VAN,Vancouver,51,Mahmoud Abdul-Rauf,Mahmoud,,DNP - Coach's Decision,,,,,,,,,,,,,,,,,,,,
0020000248,1610612763,VAN,Vancouver,763,Tony Massenburg,Tony,,DNP - Coach's Decision,,,,,,,,,,,,,,,,,,,,
0020000245,1610612757,POR,Portland,937,Scottie Pippen,Scottie,F,,34:39,6.0,13.0,0.462,2.0,3.0,0.667,1.0,2.0,0.5,1.0,3.0,4.0,1.0,4.0,1.0,5.0,2.0,15.0,-7.0
0020000245,1610612757,POR,Portland,739,Rasheed Wallace,Rasheed,F,,41:31,6.0,14.0,0.429,0.0,2.0,0.0,4.0,4.0,1.0,2.0,8.0,10.0,1.0,2.0,3.0,3.0,2.0,16.0,-8.0
0020000245,1610612757,POR,Portland,905,Dale Davis,Dale,C,,36:12,6.0,9.0,0.667,0.0,0.0,0.0,3.0,3.0,1.0,2.0,11.0,13.0,1.0,1.0,1.0,1.0,2.0,15.0,-5.0
0020000245,1610612757,POR,Portland,757,Damon Stoudamire,Damon,G,,31:47,4.0,13.0,0.308,1.0,3.0,0.333,1.0,2.0,0.5,1.0,2.0,3.0,8.0,0.0,0.0,2.0,5.0,10.0,-2.0
0020000245,1610612757,POR,Portland,120,Steven Smith,Steven,G,,27:17,2.0,7.0,0.286,0.0,0.0,0.0,1.0,1.0,1.0,1.0,2.0,3.0,2.0,0.0,0.0,1.0,0.0,5.0,-6.0
0020000245,1610612757,POR,Portland,431,Shawn Kemp,Shawn,G,,18:08,2.0,5.0,0.4,0.0,0.0,0.0,0.0,2.0,0.0,1.0,4.0,5.0,1.0,1.0,0.0,3.0,4.0,4.0,3.0
0020000245,1610612757,POR,Portland,278,Stacey Augmon,Stacey,G,,17:07,2.0,3.0,0.667,0.0,0.0,0.0,3.0,5.0,0.6,1.0,2.0,3.0,0.0,0.0,1.0,1.0,2.0,7.0,2.0
0020000245,1610612757,POR,Portland,1719,Bonzi Wells,Bonzi,F,,24:01,2.0,9.0,0.222,0.0,3.0,0.0,3.0,3.0,1.0,1.0,3.0,4.0,4.0,0.0,0.0,2.0,3.0,7.0,0.0
0020000245,1610612757,POR,Portland,21,Greg Anthony,Greg,,,9:18,0.0,0.0,0.0,0.0,0.0,0.0,0.0,0.0,0.0,0.0,0.0,0.0,0.0,0.0,0.0,3.0,0.0,0.0,-2.0
0020000245,1610612757,POR,Portland,2149,,,, ,,,,,,,,,,,,,,,,,,,,
0020000245,1610612757,POR,Portland,1783,,,, ,,,,,,,,,,,,,,,,,,,,
0020000245,1610612757,POR,Portland,1329,,,, ,,,,,,,,,,,,,,,,,,,,
0020000245,1610612757,POR,Portland,1336,,,, ,,,,,,,,,,,,,,,,,,,,
0020000245,1610612757,POR,Portland,1473,,,, ,,,,,,,,,,,,,,,,,,,,
0020000245,1610612757,POR,Portland,1655,,,, ,,,,,,,,,,,,,,,,,,,,
0020000245,1610612757,POR,Portland,1656,,,, ,,,,,,,,,,,,,,,,,,,,
0020000245,1610612757,POR,Portland,2057,Erick Barkley,Erick,,DNP - Coach's Decision,,,,,,,,,,,,,,,,,,,,
0020000245,1610612757,POR,Portland,781,Will Perdue,Will,,DNP - Coach's Decision,,,,,,,,,,,,,,,,,,,,
0020000245,1610612757,POR,Portland,717,Arvydas Sabonis,Arvydas,,Did Not Dress - Left Knee Sprain,,,,,,,,,,,,,,,,,,,,
0020000245,1610612756,PHX,Phoenix,1890,Shawn Marion,Shawn,G,,45:56,7.0,15.0,0.467,0.0,1.0,0.0,3.0,3.0,1.0,2.0,11.0,13.0,3.0,2.0,1.0,1.0,3.0,17.0,8.0
0020000245,1610612756,PHX,Phoenix,361,Clifford Robinson,Clifford,G,,44:25,8.0,21.0,0.381,2.0,2.0,1.0,2.0,2.0,1.0,3.0,4.0,7.0,9.0,1.0,0.0,5.0,2.0,20.0,7.0
0020000245,1610612756,PHX,Phoenix,2091,Daniel Santiago,Daniel,C,,21:39,1.0,6.0,0.167,0.0,0.0,0.0,0.0,0.0,0.0,0.0,3.0,3.0,0.0,1.0,0.0,1.0,3.0,2.0,-2.0
0020000245,1610612756,PHX,Phoenix,467,Jason Kidd,Jason,G,,42:09,10.0,17.0,0.588,4.0,5.0,0.8,5.0,6.0,0.833,1.0,5.0,6.0,7.0,6.0,0.0,3.0,5.0,29.0,5.0
0020000245,1610612756,PHX,Phoenix,53,Mario Elie,Mario,G,,20:07,2.0,3.0,0.667,0.0,1.0,0.0,0.0,0.0,0.0,0.0,1.0,1.0,3.0,2.0,0.0,1.0,3.0,4.0,8.0
0020000245,1610612756,PHX,Phoenix,960,Tony Delk,Tony,G,,28:02,4.0,12.0,0.333,1.0,2.0,0.5,0.0,1.0,0.0,1.0,4.0,5.0,1.0,1.0,0.0,1.0,0.0,9.0,-3.0
0020000245,1610612756,PHX,Phoenix,915,Rodney Rogers,Rodney,F,,5:39,0.0,3.0,0.0,0.0,0.0,0.0,2.0,2.0,1.0,1.0,0.0,1.0,0.0,0.0,0.0,1.0,2.0,2.0,-5.0
0020000245,1610612756,PHX,Phoenix,339,Tom Gugliotta,Tom,C,,5:39,0.0,1.0,0.0,0.0,0.0,0.0,0.0,0.0,0.0,0.0,1.0,1.0,0.0,0.0,0.0,0.0,1.0,0.0,-5.0
0020000245,1610612756,PHX,Phoenix,2101,Paul McPherson,Paul,,,5:51,0.0,0.0,0.0,0.0,0.0,0.0,0.0,0.0,0.0,0.0,0.0,0.0,0.0,0.0,0.0,1.0,1.0,0.0,0.0
0020000245,1610612756,PHX,Phoenix,916,Corie Blount,Corie,G,,20:33,0.0,0.0,0.0,0.0,0.0,0.0,1.0,2.0,0.5,1.0,1.0,2.0,1.0,0.0,0.0,0.0,0.0,1.0,12.0
0020000245,1610612756,PHX,Phoenix,2160,,,, ,,,,,,,,,,,,,,,,,,,,
0020000245,1610612756,PHX,Phoenix,2161,,,, ,,,,,,,,,,,,,,,,,,,,
0020000245,1610612756,PHX,Phoenix,1227,,,, ,,,,,,,,,,,,,,,,,,,,
0020000245,1610612756,PHX,Phoenix,1653,,,, ,,,,,,,,,,,,,,,,,,,,
0020000245,1610612756,PHX,Phoenix,1654,,,, ,,,,,,,,,,,,,,,,,,,,
0020000245,1610612756,PHX,Phoenix,2008,,,, ,,,,,,,,,,,,,,,,,,,,
0020000245,1610612756,PHX,Phoenix,2015,,,, ,,,,,,,,,,,,,,,,,,,,
0020000245,1610612756,PHX,Phoenix,2092,Ruben Garces,Ruben,,DNP - Coach's Decision,,,,,,,,,,,,,,,,,,,,
0020000245,1610612756,PHX,Phoenix,2054,Jake Tsakalidis,Jake,,DNP - Coach's Decision,,,,,,,,,,,,,,,,,,,,
0020000247,1610612744,GSW,Golden State,1712,Antawn Jamison,Antawn,G,,48:00,23.0,36.0,0.639,2.0,7.0,0.286,3.0,4.0,0.75,6.0,8.0,14.0,2.0,3.0,2.0,1.0,2.0,51.0,-16.0
0020000247,1610612744,GSW,Golden State,2084,Chris Porter,Chris,F,,37:05,8.0,15.0,0.533,0.0,1.0,0.0,2.0,3.0,0.667,5.0,1.0,6.0,1.0,1.0,0.0,3.0,4.0,18.0,-9.0
0020000247,1610612744,GSW,Golden State,956,Erick Dampier,Erick,G,,31:20,2.0,3.0,0.667,0.0,0.0,0.0,7.0,10.0,0.7,0.0,5.0,5.0,0.0,0.0,2.0,3.0,5.0,11.0,-3.0
0020000247,1610612744,GSW,Golden State,1716,Larry Hughes,Larry,G,,40:30,5.0,17.0,0.294,0.0,2.0,0.0,1.0,2.0,0.5,1.0,5.0,6.0,11.0,2.0,1.0,2.0,4.0,11.0,-10.0
0020000247,1610612744,GSW,Golden State,682,Bob Sura,Bob,G,,33:55,2.0,8.0,0.25,0.0,4.0,0.0,0.0,0.0,0.0,1.0,1.0,2.0,10.0,0.0,0.0,2.0,2.0,4.0,-9.0
0020000247,1610612744,GSW,Golden State,219,Vinny Del Negro,Vinny,C,,15:06,0.0,4.0,0.0,0.0,0.0,0.0,0.0,0.0,0.0,1.0,0.0,1.0,3.0,0.0,0.0,0.0,0.0,0.0,-4.0
0020000247,1610612744,GSW,Golden State,302,Mookie Blaylock,Mookie,F,,19:04,2.0,5.0,0.4,1.0,1.0,1.0,0.0,0.0,0.0,0.0,1.0,1.0,2.0,0.0,0.0,0.0,3.0,5.0,-17.0
0020000247,1610612744,GSW,Golden State,1531,Marc Jackson,Marc,,,8:10,0.0,2.0,0.0,0.0,0.0,0.0,0.0,0.0,0.0,1.0,0.0,1.0,1.0,0.0,0.0,1.0,3.0,0.0,-10.0
0020000247,1610612744,GSW,Golden State,228,Adam Keefe,Adam,G,,6:50,0.0,1.0,0.0,0.0,0.0,0.0,2.0,2.0,1.0,0.0,1.0,1.0,0.0,0.0,0.0,0.0,0.0,2.0,-2.0
0020000247,1610612744,GSW,Golden State,1637,,,, ,,,,,,,,,,,,,,,,,,,,
0020000247,1610612744,GSW,Golden State,1350,,,, ,,,,,,,,,,,,,,,,,,,,
0020000247,1610612744,GSW,Golden State,1373,,,, ,,,,,,,,,,,,,,,,,,,,
0020000247,1610612744,GSW,Golden State,500093,,,, ,,,,,,,,,,,,,,,,,,,,
0020000247,1610612744,GSW,Golden State,1217,,,, ,,,,,,,,,,,,,,,,,,,,
0020000247,1610612744,GSW,Golden State,1252,,,, ,,,,,,,,,,,,,,,,,,,,
0020000247,1610612744,GSW,Golden State,1323,,,, ,,,,,,,,,,,,,,,,,,,,
0020000247,1610612744,GSW,Golden State,223,Bill Curley,Bill,,DNP - Coach's Decision,,,,,,,,,,,,,,,,,,,,
0020000247,1610612744,GSW,Golden State,168,Chris Mills,Chris,,DNP - Coach's Decision,,,,,,,,,,,,,,,,,,,,
0020000247,1610612744,GSW,Golden State,904,Chris Mullin,Chris,,Injured - Not with Team,,,,,,,,,,,,,,,,,,,,
0020000247,1610612760,SEA,Seattle,1740,Rashard Lewis,Rashard,G,,35:43,4.0,9.0,0.444,0.0,0.0,0.0,6.0,6.0,1.0,2.0,6.0,8.0,3.0,0.0,2.0,1.0,2.0,14.0,11.0
0020000247,1610612760,SEA,Seattle,1741,Jelani McCoy,Jelani,F,,32:22,6.0,6.0,1.0,0.0,0.0,0.0,1.0,3.0,0.333,1.0,2.0,3.0,1.0,0.0,2.0,0.0,4.0,13.0,10.0
0020000247,1610612760,SEA,Seattle,121,Patrick Ewing,Patrick,G,,28:28,4.0,8.0,0.5,0.0,0.0,0.0,0.0,1.0,0.0,1.0,5.0,6.0,0.0,1.0,2.0,2.0,4.0,8.0,5.0
0020000247,1610612760,SEA,Seattle,1023,Emanual Davis,Emanual,G,,31:44,3.0,6.0,0.5,1.0,3.0,0.333,3.0,4.0,0.75,0.0,3.0,3.0,6.0,3.0,0.0,3.0,1.0,10.0,13.0
0020000247,1610612760,SEA,Seattle,56,Gary Payton,Gary,G,,38:36,15.0,27.0,0.556,2.0,4.0,0.5,6.0,6.0,1.0,1.0,6.0,7.0,12.0,1.0,0.0,1.0,1.0,38.0,4.0
0020000247,1610612760,SEA,Seattle,699,Brent Barry,Brent,G,,19:30,2.0,4.0,0.5,1.0,1.0,1.0,2.0,2.0,1.0,0.0,2.0,2.0,3.0,1.0,1.0,1.0,1.0,7.0,9.0
0020000247,1610612760,SEA,Seattle,1739,Ruben Patterson,Ruben,G,,28:47,8.0,12.0,0.667,0.0,0.0,0.0,8.0,8.0,1.0,3.0,5.0,8.0,1.0,4.0,0.0,1.0,5.0,24.0,10.0
0020000247,1610612760,SEA,Seattle,2046,Desmond Mason,Desmond,F,,10:41,0.0,2.0,0.0,0.0,0.0,0.0,0.0,0.0,0.0,1.0,1.0,2.0,0.0,0.0,0.0,1.0,2.0,0.0,-1.0
0020000247,1610612760,SEA,Seattle,1742,Shammond Williams,Shammond,G,,9:58,1.0,2.0,0.5,0.0,0.0,0.0,2.0,2.0,1.0,1.0,1.0,2.0,0.0,0.0,0.0,0.0,1.0,4.0,16.0
0020000247,1610612760,SEA,Seattle,2106,Ruben Wolkowyski,Ruben,,,4:11,0.0,0.0,0.0,0.0,0.0,0.0,0.0,0.0,0.0,0.0,1.0,1.0,0.0,0.0,1.0,2.0,1.0,0.0,3.0
0020000247,1610612760,SEA,Seattle,1778,,,, ,,,,,,,,,,,,,,,,,,,,
0020000247,1610612760,SEA,Seattle,1335,,,, ,,,,,,,,,,,,,,,,,,,,
0020000247,1610612760,SEA,Seattle,1338,,,, ,,,,,,,,,,,,,,,,,,,,
0020000247,1610612760,SEA,Seattle,1349,,,, ,,,,,,,,,,,,,,,,,,,,
0020000247,1610612760,SEA,Seattle,452,Vin Baker,Vin,,DND - Inflamed IT Band - Right Leg,,,,,,,,,,,,,,,,,,,,
0020000247,1610612760,SEA,Seattle,442,Pervis Ellison,Pervis,,DNP - Coach's Decision,,,,,,,,,,,,,,,,,,,,
0020000244,1610612754,IND,Indiana,979,Jermaine O'Neal,Jermaine,G,,39:25,9.0,11.0,0.818,0.0,0.0,0.0,3.0,5.0,0.6,1.0,6.0,7.0,1.0,0.0,5.0,1.0,4.0,21.0,-4.0
0020000244,1610612754,IND,Indiana,147,Jalen Rose,Jalen,F,,39:32,9.0,18.0,0.5,1.0,6.0,0.167,7.0,7.0,1.0,1.0,7.0,8.0,2.0,1.0,0.0,5.0,2.0,26.0,-16.0
0020000244,1610612754,IND,Indiana,1506,Austin Croshere,Austin,G,,12:01,0.0,3.0,0.0,0.0,2.0,0.0,0.0,0.0,0.0,1.0,0.0,1.0,1.0,0.0,1.0,4.0,5.0,0.0,-6.0
0020000244,1610612754,IND,Indiana,696,Travis Best,Travis,G,,37:07,3.0,10.0,0.3,1.0,3.0,0.333,4.0,4.0,1.0,0.0,3.0,3.0,5.0,2.0,0.0,1.0,4.0,11.0,-5.0
0020000244,1610612754,IND,Indiana,397,Reggie Miller,Reggie,G,,40:21,2.0,11.0,0.182,0.0,4.0,0.0,4.0,4.0,1.0,1.0,1.0,2.0,0.0,3.0,0.0,1.0,3.0,8.0,-10.0
0020000244,1610612754,IND,Indiana,1733,Al Harrington,Al,,,21:28,1.0,2.0,0.5,0.0,0.0,0.0,2.0,4.0,0.5,0.0,3.0,3.0,1.0,1.0,0.0,2.0,4.0,4.0,-1.0
0020000244,1610612754,IND,Indiana,64,Sam Perkins,Sam,G,,8:46,0.0,2.0,0.0,0.0,2.0,0.0,0.0,0.0,0.0,0.0,2.0,2.0,0.0,0.0,0.0,0.0,0.0,0.0,-15.0
0020000244,1610612754,IND,Indiana,365,Derrick McKey,Derrick,,,2:57,0.0,0.0,0.0,0.0,0.0,0.0,0.0,0.0,0.0,0.0,1.0,1.0,0.0,0.0,0.0,0.0,1.0,0.0,-4.0
0020000244,1610612754,IND,Indiana,1902,Jeff Foster,Jeff,C,,26:45,4.0,7.0,0.571,0.0,1.0,0.0,1.0,1.0,1.0,1.0,6.0,7.0,1.0,1.0,0.0,4.0,4.0,9.0,-2.0
0020000244,1610612754,IND,Indiana,1886,Jonathan Bender,Jonathan,,,9:26,0.0,2.0,0.0,0.0,2.0,0.0,1.0,2.0,0.5,0.0,1.0,1.0,1.0,0.0,0.0,2.0,1.0,1.0,2.0
0020000244,1610612754,IND,Indiana,440,Zan Tabak,Zan,,,2:12,0.0,0.0,0.0,0.0,0.0,0.0,0.0,0.0,0.0,0.0,0.0,0.0,0.0,0.0,0.0,1.0,0.0,0.0,1.0
0020000244,1610612754,IND,Indiana,1263,,,, ,,,,,,,,,,,,,,,,,,,,
0020000244,1610612754,IND,Indiana,1299,,,, ,,,,,,,,,,,,,,,,,,,,
0020000244,1610612754,IND,Indiana,1306,,,, ,,,,,,,,,,,,,,,,,,,,
0020000244,1610612754,IND,Indiana,2165,,,, ,,,,,,,,,,,,,,,,,,,,
0020000244,1610612754,IND,Indiana,2099,,,, ,,,,,,,,,,,,,,,,,,,,
0020000244,1610612754,IND,Indiana,2100,,,, ,,,,,,,,,,,,,,,,,,,,
0020000244,1610612754,IND,Indiana,1857,,,, ,,,,,,,,,,,,,,,,,,,,
0020000244,1610612754,IND,Indiana,371,Terry Mills,Terry,,DNP - Coach's Decision,,,,,,,,,,,,,,,,,,,,
0020000244,1610612749,MIL,Milwaukee,760,Jerome Kersey,Jerome,F,,24:27,3.0,7.0,0.429,0.0,0.0,0.0,1.0,2.0,0.5,0.0,2.0,2.0,4.0,2.0,1.0,0.0,4.0,7.0,8.0
0020000244,1610612749,MIL,Milwaukee,1501,Tim Thomas,Tim,F,,32:43,5.0,12.0,0.417,1.0,4.0,0.25,5.0,6.0,0.833,2.0,10.0,12.0,0.0,1.0,1.0,2.0,2.0,16.0,2.0
0020000244,1610612749,MIL,Milwaukee,998,Mark Pope,Mark,C,,8:39,0.0,1.0,0.0,0.0,0.0,0.0,0.0,0.0,0.0,1.0,2.0,3.0,0.0,0.0,0.0,0.0,2.0,0.0,1.0
0020000244,1610612749,MIL,Milwaukee,951,Ray Allen,Ray,G,,33:47,5.0,13.0,0.385,2.0,6.0,0.333,4.0,4.0,1.0,3.0,1.0,4.0,3.0,4.0,0.0,4.0,4.0,16.0,15.0
0020000244,1610612749,MIL,Milwaukee,283,Lindsey Hunter,Lindsey,G,,25:38,5.0,14.0,0.357,1.0,5.0,0.2,0.0,0.0,0.0,0.0,2.0,2.0,4.0,1.0,0.0,1.0,1.0,11.0,1.0
0020000244,1610612749,MIL,Milwaukee,299,Glenn Robinson,Glenn,F,,35:01,9.0,22.0,0.409,3.0,4.0,0.75,3.0,4.0,0.75,1.0,8.0,9.0,4.0,2.0,0.0,4.0,3.0,24.0,8.0
0020000244,1610612749,MIL,Milwaukee,208,Sam Cassell,Sam,F,,32:19,1.0,5.0,0.2,0.0,3.0,0.0,2.0,3.0,0.667,1.0,2.0,3.0,7.0,0.0,0.0,4.0,4.0,4.0,2.0
0020000244,1610612749,MIL,Milwaukee,911,Ervin Johnson,Ervin,G,,21:53,1.0,2.0,0.5,0.0,0.0,0.0,0.0,0.0,0.0,2.0,2.0,4.0,0.0,1.0,0.0,0.0,5.0,2.0,12.0
0020000244,1610612749,MIL,Milwaukee,679,Jason Caffey,Jason,G,,24:23,3.0,8.0,0.375,0.0,0.0,0.0,6.0,8.0,0.75,6.0,3.0,9.0,1.0,2.0,0.0,0.0,3.0,12.0,13.0
0020000244,1610612749,MIL,Milwaukee,1747,Rafer Alston,Rafer,,,1:10,0.0,0.0,0.0,0.0,0.0,0.0,0.0,0.0,0.0,0.0,0.0,0.0,0.0,0.0,0.0,0.0,0.0,0.0,-2.0
0020000244,1610612749,MIL,Milwaukee,1796,,,, ,,,,,,,,,,,,,,,,,,,,
0020000244,1610612749,MIL,Milwaukee,1797,,,, ,,,,,,,,,,,,,,,,,,,,
0020000244,1610612749,MIL,Milwaukee,2157,,,, ,,,,,,,,,,,,,,,,,,,,
0020000244,1610612749,MIL,Milwaukee,1334,,,, ,,,,,,,,,,,,,,,,,,,,
0020000244,1610612749,MIL,Milwaukee,1337,,,, ,,,,,,,,,,,,,,,,,,,,
0020000244,1610612749,MIL,Milwaukee,1355,,,, ,,,,,,,,,,,,,,,,,,,,
0020000244,1610612749,MIL,Milwaukee,2038,Joel Przybilla,Joel,,DNP - Coach's Decision,,,,,,,,,,,,,,,,,,,,
0020000244,1610612749,MIL,Milwaukee,281,Scott Williams,Scott,,DNP - Coach's Decision,,,,,,,,,,,,,,,,,,,,
0020000250,1610612755,PHI,Philadelphia,389,Toni Kukoc,Toni,F,,29:52,4.0,11.0,0.364,2.0,3.0,0.667,2.0,2.0,1.0,2.0,0.0,2.0,3.0,0.0,0.0,1.0,4.0,12.0,-11.0
0020000250,1610612755,PHI,Philadelphia,248,George Lynch,George,G,,24:20,4.0,9.0,0.444,0.0,1.0,0.0,2.0,6.0,0.333,4.0,3.0,7.0,3.0,1.0,1.0,0.0,5.0,10.0,5.0
0020000250,1610612755,PHI,Philadelphia,689,Theo Ratliff,Theo,G,,31:07,6.0,12.0,0.5,0.0,0.0,0.0,2.0,2.0,1.0,3.0,3.0,6.0,0.0,2.0,5.0,4.0,6.0,14.0,-6.0
0020000250,1610612755,PHI,Philadelphia,947,Allen Iverson,Allen,G,,46:31,10.0,24.0,0.417,0.0,2.0,0.0,17.0,21.0,0.81,1.0,8.0,9.0,3.0,2.0,0.0,5.0,1.0,37.0,-8.0
0020000250,1610612755,PHI,Philadelphia,727,Eric Snow,Eric,G,,44:18,2.0,7.0,0.286,1.0,2.0,0.5,5.0,6.0,0.833,0.0,7.0,7.0,9.0,1.0,1.0,6.0,2.0,10.0,-10.0
0020000250,1610612755,PHI,Philadelphia,761,Matt Geiger,Matt,,,11:06,1.0,4.0,0.25,0.0,0.0,0.0,0.0,0.0,0.0,1.0,3.0,4.0,0.0,0.0,0.0,0.0,2.0,2.0,0.0
0020000250,1610612755,PHI,Philadelphia,243,Aaron McKie,Aaron,F,,24:59,1.0,5.0,0.2,1.0,3.0,0.333,0.0,0.0,0.0,0.0,1.0,1.0,1.0,2.0,0.0,3.0,6.0,3.0,-2.0
0020000250,1610612755,PHI,Philadelphia,1928,Todd MacCulloch,Todd,G,,18:21,3.0,4.0,0.75,0.0,0.0,0.0,1.0,2.0,0.5,3.0,2.0,5.0,0.0,0.0,1.0,1.0,3.0,7.0,-3.0
0020000250,1610612755,PHI,Philadelphia,137,Vernon Maxwell,Vernon,,,3:32,1.0,3.0,0.333,1.0,2.0,0.5,0.0,0.0,0.0,0.0,0.0,0.0,0.0,0.0,0.0,0.0,0.0,3.0,1.0
0020000250,1610612755,PHI,Philadelphia,1908,Jumaine Jones,Jumaine,,,5:54,0.0,1.0,0.0,0.0,1.0,0.0,0.0,0.0,0.0,0.0,1.0,1.0,0.0,0.0,0.0,0.0,1.0,0.0,-1.0
0020000250,1610612755,PHI,Philadelphia,1865,,,, ,,,,,,,,,,,,,,,,,,,,
0020000250,1610612755,PHI,Philadelphia,2169,,,, ,,,,,,,,,,,,,,,,,,,,
0020000250,1610612755,PHI,Philadelphia,1259,,,, ,,,,,,,,,,,,,,,,,,,,
0020000250,1610612755,PHI,Philadelphia,1308,,,, ,,,,,,,,,,,,,,,,,,,,
0020000250,1610612755,PHI,Philadelphia,1312,,,, ,,,,,,,,,,,,,,,,,,,,
0020000250,1610612755,PHI,Philadelphia,1313,,,, ,,,,,,,,,,,,,,,,,,,,
0020000250,1610612755,PHI,Philadelphia,1212,,,, ,,,,,,,,,,,,,,,,,,,,
0020000250,1610612755,PHI,Philadelphia,238,Tyrone Hill,Tyrone,,DND - INJ - Right Ankle Sprain,,,,,,,,,,,,,,,,,,,,
0020000250,1610612755,PHI,Philadelphia,1737,Nazr Mohammed,Nazr,,DNP - Coach's Decision,,,,,,,,,,,,,,,,,,,,
0020000250,1610612743,DEN,Denver,686,Antonio McDyess,Antonio,G,,42:33,7.0,19.0,0.368,0.0,0.0,0.0,10.0,11.0,0.909,4.0,7.0,11.0,0.0,1.0,1.0,3.0,2.0,24.0,3.0
0020000250,1610612743,DEN,Denver,1899,James Posey,James,F,,20:14,1.0,4.0,0.25,0.0,1.0,0.0,2.0,5.0,0.4,1.0,1.0,2.0,3.0,1.0,0.0,0.0,4.0,4.0,10.0
0020000250,1610612743,DEN,Denver,1711,Raef LaFrentz,Raef,F,,37:44,9.0,13.0,0.692,0.0,0.0,0.0,7.0,8.0,0.875,3.0,11.0,14.0,0.0,1.0,4.0,0.0,4.0,25.0,7.0
0020000250,1610612743,DEN,Denver,702,Voshon Lenard,Voshon,G,,38:19,7.0,16.0,0.438,1.0,6.0,0.167,4.0,4.0,1.0,4.0,8.0,12.0,3.0,2.0,0.0,4.0,3.0,19.0,2.0
0020000250,1610612743,DEN,Denver,89,Nick Van Exel,Nick,G,,34:14,5.0,15.0,0.333,2.0,5.0,0.4,5.0,5.0,1.0,0.0,2.0,2.0,10.0,1.0,0.0,3.0,5.0,17.0,3.0
0020000250,1610612743,DEN,Denver,45,George McCloud,George,F,,27:57,1.0,5.0,0.2,0.0,2.0,0.0,4.0,4.0,1.0,0.0,2.0,2.0,2.0,0.0,1.0,0.0,3.0,6.0,-1.0
0020000250,1610612743,DEN,Denver,1721,Keon Clark,Keon,G,,14:46,3.0,6.0,0.5,0.0,0.0,0.0,2.0,2.0,1.0,1.0,3.0,4.0,1.0,1.0,1.0,0.0,5.0,8.0,1.0
0020000250,1610612743,DEN,Denver,123,Robert Pack,Robert,C,,13:46,1.0,6.0,0.167,0.0,0.0,0.0,0.0,0.0,0.0,0.0,0.0,0.0,1.0,1.0,0.0,0.0,0.0,2.0,4.0
0020000250,1610612743,DEN,Denver,1505,Tariq Abdul-Wahad,Tariq,F,,9:41,0.0,1.0,0.0,0.0,0.0,0.0,0.0,0.0,0.0,0.0,0.0,0.0,1.0,1.0,1.0,3.0,3.0,0.0,5.0
0020000250,1610612743,DEN,Denver,1763,Ryan Bowen,Ryan,,,0:47,0.0,0.0,0.0,0.0,0.0,0.0,0.0,0.0,0.0,0.0,0.0,0.0,0.0,0.0,0.0,0.0,0.0,0.0,1.0
0020000250,1610612743,DEN,Denver,1784,,,, ,,,,,,,,,,,,,,,,,,,,
0020000250,1610612743,DEN,Denver,1785,,,, ,,,,,,,,,,,,,,,,,,,,
0020000250,1610612743,DEN,Denver,1786,,,, ,,,,,,,,,,,,,,,,,,,,
0020000250,1610612743,DEN,Denver,1995,,,, ,,,,,,,,,,,,,,,,,,,,
0020000250,1610612743,DEN,Denver,2007,,,, ,,,,,,,,,,,,,,,,,,,,
0020000250,1610612743,DEN,Denver,1207,,,, ,,,,,,,,,,,,,,,,,,,,
0020000250,1610612743,DEN,Denver,1216,,,, ,,,,,,,,,,,,,,,,,,,,
0020000250,1610612743,DEN,Denver,1240,,,, ,,,,,,,,,,,,,,,,,,,,
0020000250,1610612743,DEN,Denver,1241,,,, ,,,,,,,,,,,,,,,,,,,,
0020000250,1610612743,DEN,Denver,145,Tracy Murray,Tracy,,DNP - Coach's Decision,,,,,,,,,,,,,,,,,,,,
0020000250,1610612743,DEN,Denver,1110,Mark Strickland,Mark,,DNP - Coach's Decision,,,,,,,,,,,,,,,,,,,,
0020000249,1610612746,LAC,Los Angeles,1885,Lamar Odom,Lamar,F,,26:15,3.0,10.0,0.3,1.0,5.0,0.2,0.0,0.0,0.0,0.0,4.0,4.0,3.0,2.0,1.0,3.0,5.0,7.0,-12.0
0020000249,1610612746,LAC,Los Angeles,400,Derek Strong,Derek,F,,16:29,0.0,1.0,0.0,0.0,0.0,0.0,0.0,0.0,0.0,1.0,3.0,4.0,0.0,0.0,0.0,0.0,1.0,0.0,-10.0
0020000249,1610612746,LAC,Los Angeles,1709,Michael Olowokandi,Michael,C,,21:50,5.0,6.0,0.833,0.0,0.0,0.0,2.0,4.0,0.5,1.0,1.0,2.0,0.0,0.0,0.0,4.0,2.0,12.0,-9.0
0020000249,1610612746,LAC,Los Angeles,976,Jeff McInnis,Jeff,G,,29:31,4.0,6.0,0.667,1.0,1.0,1.0,0.0,0.0,0.0,1.0,0.0,1.0,4.0,0.0,0.0,0.0,3.0,9.0,-10.0
0020000249,1610612746,LAC,Los Angeles,2047,Quentin Richardson,Quentin,G,,28:22,2.0,7.0,0.286,0.0,4.0,0.0,2.0,3.0,0.667,1.0,2.0,3.0,0.0,0.0,0.0,2.0,3.0,6.0,-8.0
0020000249,1610612746,LAC,Los Angeles,399,Sean Rooks,Sean,G,,9:37,0.0,2.0,0.0,0.0,0.0,0.0,0.0,0.0,0.0,2.0,0.0,2.0,0.0,0.0,0.0,2.0,1.0,0.0,-15.0
0020000249,1610612746,LAC,Los Angeles,2039,Keyon Dooling,Keyon,G,,21:28,2.0,5.0,0.4,0.0,1.0,0.0,4.0,5.0,0.8,0.0,1.0,1.0,0.0,2.0,0.0,5.0,1.0,8.0,-22.0
0020000249,1610612746,LAC,Los Angeles,1894,Corey Maggette,Corey,G,,24:07,2.0,5.0,0.4,0.0,1.0,0.0,8.0,12.0,0.667,2.0,4.0,6.0,0.0,1.0,0.0,4.0,1.0,12.0,-18.0
0020000249,1610612746,LAC,Los Angeles,2032,Darius Miles,Darius,G,,27:50,6.0,12.0,0.5,0.0,1.0,0.0,1.0,2.0,0.5,1.0,3.0,4.0,0.0,0.0,1.0,2.0,1.0,13.0,-15.0
0020000249,1610612746,LAC,Los Angeles,15,Eric Piatkowski,Eric,,,10:27,0.0,2.0,0.0,0.0,1.0,0.0,0.0,0.0,0.0,0.0,0.0,0.0,0.0,0.0,0.0,0.0,0.0,0.0,-10.0
0020000249,1610612746,LAC,Los Angeles,1730,Brian Skinner,Brian,F,,24:04,4.0,6.0,0.667,0.0,0.0,0.0,3.0,8.0,0.375,2.0,7.0,9.0,0.0,1.0,0.0,0.0,3.0,11.0,-11.0
0020000249,1610612746,LAC,Los Angeles,2010,,,, ,,,,,,,,,,,,,,,,,,,,
0020000249,1610612746,LAC,Los Angeles,2166,,,, ,,,,,,,,,,,,,,,,,,,,
0020000249,1610612746,LAC,Los Angeles,1351,,,, ,,,,,,,,,,,,,,,,,,,,
0020000249,1610612746,LAC,Los Angeles,1672,,,, ,,,,,,,,,,,,,,,,,,,,
0020000249,1610612746,LAC,Los Angeles,1210,,,, ,,,,,,,,,,,,,,,,,,,,
0020000249,1610612746,LAC,Los Angeles,1243,,,, ,,,,,,,,,,,,,,,,,,,,
0020000249,1610612746,LAC,Los Angeles,1246,,,, ,,,,,,,,,,,,,,,,,,,,
0020000249,1610612746,LAC,Los Angeles,685,Cherokee Parks,Cherokee,,DNP - Coach's Decision,,,,,,,,,,,,,,,,,,,,
0020000249,1610612752,NYK,New York,913,Larry Johnson,Larry,G,,27:04,5.0,9.0,0.556,2.0,3.0,0.667,0.0,0.0,0.0,1.0,2.0,3.0,1.0,1.0,0.0,1.0,3.0,12.0,19.0
0020000249,1610612752,NYK,New York,779,Glen Rice,Glen,G,,38:46,9.0,16.0,0.563,2.0,6.0,0.333,1.0,1.0,1.0,0.0,3.0,3.0,1.0,1.0,0.0,0.0,3.0,21.0,15.0
0020000249,1610612752,NYK,New York,948,Marcus Camby,Marcus,C,,30:19,4.0,9.0,0.444,0.0,0.0,0.0,0.0,1.0,0.0,2.0,2.0,4.0,1.0,2.0,2.0,0.0,2.0,8.0,26.0
0020000249,1610612752,NYK,New York,275,Allan Houston,Allan,G,,31:08,6.0,10.0,0.6,1.0,1.0,1.0,6.0,6.0,1.0,0.0,2.0,2.0,1.0,0.0,0.0,1.0,1.0,19.0,24.0
0020000249,1610612752,NYK,New York,84,Latrell Sprewell,Latrell,G,,31:38,9.0,14.0,0.643,0.0,1.0,0.0,1.0,2.0,0.5,1.0,4.0,5.0,4.0,3.0,0.0,2.0,2.0,19.0,27.0
0020000249,1610612752,NYK,New York,164,Chris Childs,Chris,F,,29:19,2.0,3.0,0.667,0.0,0.0,0.0,0.0,0.0,0.0,1.0,3.0,4.0,11.0,2.0,0.0,0.0,3.0,4.0,23.0
0020000249,1610612752,NYK,New York,703,Kurt Thomas,Kurt,G,,19:13,7.0,8.0,0.875,0.0,0.0,0.0,0.0,0.0,0.0,2.0,6.0,8.0,0.0,0.0,0.0,3.0,4.0,14.0,19.0
0020000249,1610612752,NYK,New York,26,Luc Longley,Luc,,,9:42,0.0,1.0,0.0,0.0,0.0,0.0,3.0,4.0,0.75,0.0,1.0,1.0,2.0,0.0,0.0,2.0,2.0,3.0,-4.0
0020000249,1610612752,NYK,New York,969,Travis Knight,Travis,,,9:42,1.0,3.0,0.333,0.0,0.0,0.0,1.0,2.0,0.5,0.0,2.0,2.0,0.0,0.0,0.0,0.0,4.0,3.0,-4.0
0020000249,1610612752,NYK,New York,2068,Lavor Postell,Lavor,,,7:59,1.0,4.0,0.25,1.0,1.0,1.0,0.0,0.0,0.0,1.0,0.0,1.0,0.0,1.0,0.0,2.0,1.0,3.0,-5.0
0020000249,1610612752,NYK,New York,1594,Rick Brunson,Rick,,,5:10,0.0,1.0,0.0,0.0,0.0,0.0,0.0,0.0,0.0,1.0,2.0,3.0,1.0,0.0,0.0,1.0,0.0,0.0,0.0
0020000249,1610612752,NYK,New York,1790,,,, ,,,,,,,,,,,,,,,,,,,,
0020000249,1610612752,NYK,New York,1791,,,, ,,,,,,,,,,,,,,,,,,,,
0020000249,1610612752,NYK,New York,1297,,,, ,,,,,,,,,,,,,,,,,,,,
0020000249,1610612752,NYK,New York,1298,,,, ,,,,,,,,,,,,,,,,,,,,
0020000249,1610612752,NYK,New York,1300,,,, ,,,,,,,,,,,,,,,,,,,,
0020000249,1610612752,NYK,New York,1301,,,, ,,,,,,,,,,,,,,,,,,,,
0020000249,1610612752,NYK,New York,1302,,,, ,,,,,,,,,,,,,,,,,,,,
0020000249,1610612752,NYK,New York,2167,,,, ,,,,,,,,,,,,,,,,,,,,
0020000249,1610612752,NYK,New York,2168,,,, ,,,,,,,,,,,,,,,,,,,,
0020000249,1610612752,NYK,New York,1065,Erick Strickland,Erick,,DNP - Coach's Decision,,,,,,,,,,,,,,,,,,,,
