GAME_ID,TEAM_ID,TEAM_ABBREVIATION,TEAM_CITY,PLAYER_ID,PLAYER_NAME,NICKNAME,START_POSITION,COMMENT,MIN,FGM,FGA,FG_PCT,FG3M,FG3A,FG3_PCT,FTM,FTA,FT_PCT,OREB,DREB,REB,AST,STL,BLK,TO,PF,PTS,PLUS_MINUS
0040000056,1610612742,DAL,Dallas,1717,Dirk Nowitzki,Dirk,F,,39:00,4.0,13.0,0.308,0.0,3.0,0.0,11.0,12.0,0.917,1.0,5.0,6.0,2.0,2.0,1.0,0.0,3.0,19.0,-11.0
0040000056,1610612742,DAL,Dallas,436,Juwan Howard,Juwan,F,,41:00,2.0,14.0,0.143,0.0,0.0,0.0,5.0,6.0,0.833,4.0,7.0,11.0,0.0,1.0,0.0,0.0,2.0,9.0,-20.0
0040000056,1610612742,DAL,Dallas,762,Shawn Bradley,Shawn,G,,31:00,5.0,8.0,0.625,0.0,0.0,0.0,0.0,0.0,0.0,3.0,5.0,8.0,0.0,0.0,3.0,0.0,3.0,10.0,0.0
0040000056,1610612742,DAL,Dallas,959,Steve Nash,Steve,G,,33:00,4.0,9.0,0.444,1.0,1.0,1.0,1.0,2.0,0.5,1.0,1.0,2.0,3.0,2.0,0.0,1.0,3.0,10.0,-25.0
0040000056,1610612742,DAL,Dallas,714,Michael Finley,Michael,G,,45:00,8.0,24.0,0.333,2.0,3.0,0.667,6.0,7.0,0.857,1.0,3.0,4.0,7.0,2.0,0.0,5.0,2.0,24.0,-9.0
0040000056,1610612742,DAL,Dallas,458,Howard Eisley,Howard,F,,32:00,4.0,9.0,0.444,4.0,6.0,0.667,0.0,0.0,0.0,1.0,3.0,4.0,1.0,0.0,0.0,2.0,2.0,12.0,-2.0
0040000056,1610612742,DAL,Dallas,1916,Calvin Booth,Calvin,G,,11:00,0.0,0.0,0.0,0.0,0.0,0.0,2.0,2.0,1.0,0.0,2.0,2.0,0.0,1.0,0.0,0.0,1.0,2.0,-9.0
0040000056,1610612742,DAL,Dallas,1761,Greg Buckner,Greg,C,,6:00,0.0,2.0,0.0,0.0,1.0,0.0,0.0,0.0,0.0,1.0,0.0,1.0,0.0,0.0,0.0,0.0,0.0,0.0,4.0
0040000056,1610612742,DAL,Dallas,1917,Wang Zhi-zhi,Wang,,,1:00,0.0,0.0,0.0,0.0,0.0,0.0,0.0,0.0,0.0,0.0,0.0,0.0,0.0,0.0,0.0,0.0,0.0,0.0,2.0
0040000056,1610612742,DAL,Dallas,2059,Eduardo Najera,Eduardo,,,1:00,0.0,0.0,0.0,0.0,0.0,0.0,0.0,0.0,0.0,0.0,0.0,0.0,0.0,1.0,0.0,0.0,0.0,0.0,0.0
0040000056,1610612742,DAL,Dallas,2154,,,, ,,,,,,,,,,,,,,,,,,,,
0040000056,1610612742,DAL,Dallas,1643,,,, ,,,,,,,,,,,,,,,,,,,,
0040000056,1610612742,DAL,Dallas,1782,,,, ,,,,,,,,,,,,,,,,,,,,
0040000056,1610612742,DAL,Dallas,1233,,,, ,,,,,,,,,,,,,,,,,,,,
0040000056,1610612742,DAL,Dallas,1269,,,, ,,,,,,,,,,,,,,,,,,,,
0040000056,1610612742,DAL,Dallas,1317,,,, ,,,,,,,,,,,,,,,,,,,,
0040000056,1610612742,DAL,Dallas,1370,,,, ,,,,,,,,,,,,,,,,,,,,
0040000056,1610612742,DAL,Dallas,1483,,,, ,,,,,,,,,,,,,,,,,,,,
0040000056,1610612742,DAL,Dallas,95,Mark Bryant,Mark,,DNP - Coach's Decision,,,,,,,,,,,,,,,,,,,,
0040000056,1610612742,DAL,Dallas,137,Vernon Maxwell,Vernon,,DNP - Coach's Decision,,,,,,,,,,,,,,,,,,,,
0040000056,1610612759,SAS,San Antonio,198,Danny Ferry,Danny,F,,23:00,4.0,8.0,0.5,2.0,3.0,0.667,0.0,0.0,0.0,1.0,2.0,3.0,1.0,0.0,0.0,1.0,3.0,10.0,10.0
0040000056,1610612759,SAS,San Antonio,1495,Tim Duncan,Tim,G,,46:00,11.0,20.0,0.55,0.0,0.0,0.0,3.0,5.0,0.6,7.0,15.0,22.0,6.0,1.0,1.0,2.0,1.0,25.0,15.0
0040000056,1610612759,SAS,San Antonio,764,David Robinson,David,C,,34:00,8.0,14.0,0.571,0.0,0.0,0.0,2.0,4.0,0.5,1.0,6.0,7.0,1.0,0.0,4.0,3.0,2.0,18.0,15.0
0040000056,1610612759,SAS,San Antonio,345,Terry Porter,Terry,G,,29:00,6.0,9.0,0.667,1.0,3.0,0.333,2.0,2.0,1.0,0.0,3.0,3.0,9.0,1.0,0.0,2.0,1.0,15.0,8.0
0040000056,1610612759,SAS,San Antonio,1498,Antonio Daniels,Antonio,G,,34:00,5.0,8.0,0.625,2.0,4.0,0.5,0.0,0.0,0.0,0.0,2.0,2.0,5.0,0.0,0.0,2.0,4.0,12.0,9.0
0040000056,1610612759,SAS,San Antonio,422,Avery Johnson,Avery,G,,18:00,1.0,5.0,0.2,0.0,0.0,0.0,0.0,0.0,0.0,0.0,2.0,2.0,4.0,0.0,0.0,1.0,3.0,2.0,6.0
0040000056,1610612759,SAS,San Antonio,990,Malik Rose,Malik,G,,16:00,1.0,5.0,0.2,0.0,0.0,0.0,1.0,1.0,1.0,0.0,2.0,2.0,0.0,2.0,0.0,1.0,1.0,3.0,-2.0
0040000056,1610612759,SAS,San Antonio,70,Steve Kerr,Steve,C,,17:00,3.0,5.0,0.6,2.0,4.0,0.5,0.0,0.0,0.0,0.0,1.0,1.0,1.0,1.0,0.0,0.0,1.0,8.0,8.0
0040000056,1610612759,SAS,San Antonio,251,Sean Elliott,Sean,F,,21:00,3.0,7.0,0.429,1.0,4.0,0.25,0.0,0.0,0.0,1.0,2.0,3.0,1.0,0.0,1.0,0.0,2.0,7.0,1.0
0040000056,1610612759,SAS,San Antonio,955,Samaki Walker,Samaki,,,1:00,0.0,0.0,0.0,0.0,0.0,0.0,0.0,0.0,0.0,0.0,0.0,0.0,0.0,0.0,0.0,0.0,0.0,0.0,0.0
0040000056,1610612759,SAS,San Antonio,1035,Shawnelle Scott,Shawnelle,,,1:00,0.0,0.0,0.0,0.0,0.0,0.0,0.0,0.0,0.0,0.0,0.0,0.0,0.0,0.0,0.0,0.0,0.0,0.0,0.0
0040000056,1610612759,SAS,San Antonio,873,,,, ,,,,,,,,,,,,,,,,,,,,
0040000056,1610612759,SAS,San Antonio,1371,,,, ,,,,,,,,,,,,,,,,,,,,
0040000056,1610612759,SAS,San Antonio,1331,,,, ,,,,,,,,,,,,,,,,,,,,
0040000056,1610612759,SAS,San Antonio,1264,,,, ,,,,,,,,,,,,,,,,,,,,
0040000056,1610612759,SAS,San Antonio,1658,,,, ,,,,,,,,,,,,,,,,,,,,
0040000056,1610612759,SAS,San Antonio,1507,Derek Anderson,Derek,,DND - Right shoulder separation.,,,,,,,,,,,,,,,,,,,,
0040000049,1610612758,SAC,Sacramento,978,Peja Stojakovic,Peja,F,,41:00,7.0,18.0,0.389,1.0,2.0,0.5,5.0,5.0,1.0,1.0,5.0,6.0,0.0,1.0,0.0,1.0,3.0,20.0,-4.0
0040000049,1610612758,SAC,Sacramento,185,Chris Webber,Chris,G,,48:00,9.0,26.0,0.346,0.0,1.0,0.0,4.0,4.0,1.0,5.0,13.0,18.0,3.0,2.0,1.0,5.0,3.0,22.0,-6.0
0040000049,1610612758,SAC,Sacramento,124,Vlade Divac,Vlade,C,,20:00,2.0,7.0,0.286,0.0,0.0,0.0,1.0,2.0,0.5,0.0,2.0,2.0,1.0,1.0,3.0,1.0,1.0,5.0,-16.0
0040000049,1610612758,SAC,Sacramento,57,Doug Christie,Doug,G,,33:00,3.0,13.0,0.231,0.0,3.0,0.0,3.0,4.0,0.75,3.0,3.0,6.0,2.0,4.0,1.0,3.0,5.0,9.0,-23.0
0040000049,1610612758,SAC,Sacramento,1715,Jason Williams,Jason,G,,15:00,0.0,5.0,0.0,0.0,2.0,0.0,2.0,2.0,1.0,0.0,0.0,0.0,0.0,0.0,0.0,0.0,1.0,2.0,-18.0
0040000049,1610612758,SAC,Sacramento,1513,Scot Pollard,Scot,F,,21:00,0.0,1.0,0.0,0.0,0.0,0.0,1.0,2.0,0.5,1.0,3.0,4.0,0.0,0.0,1.0,1.0,4.0,1.0,13.0
0040000049,1610612758,SAC,Sacramento,1517,Bobby Jackson,Bobby,G,,33:00,5.0,9.0,0.556,0.0,1.0,0.0,4.0,6.0,0.667,1.0,4.0,5.0,4.0,4.0,0.0,1.0,3.0,14.0,12.0
0040000049,1610612758,SAC,Sacramento,2045,Hedo Turkoglu,Hedo,F,,17:00,3.0,5.0,0.6,2.0,3.0,0.667,2.0,2.0,1.0,2.0,2.0,4.0,1.0,1.0,0.0,1.0,5.0,10.0,0.0
0040000049,1610612758,SAC,Sacramento,468,Jon Barry,Jon,G,,12:00,3.0,5.0,0.6,1.0,2.0,0.5,0.0,0.0,0.0,1.0,0.0,1.0,1.0,0.0,0.0,0.0,3.0,7.0,12.0
0040000049,1610612758,SAC,Sacramento,1248,,,, ,,,,,,,,,,,,,,,,,,,,
0040000049,1610612758,SAC,Sacramento,1249,,,, ,,,,,,,,,,,,,,,,,,,,
0040000049,1610612758,SAC,Sacramento,1322,,,, ,,,,,,,,,,,,,,,,,,,,
0040000049,1610612758,SAC,Sacramento,1327,,,, ,,,,,,,,,,,,,,,,,,,,
0040000049,1610612758,SAC,Sacramento,1328,,,, ,,,,,,,,,,,,,,,,,,,,
0040000049,1610612758,SAC,Sacramento,1775,,,, ,,,,,,,,,,,,,,,,,,,,
0040000049,1610612758,SAC,Sacramento,98,Nick Anderson,Nick,,DND - Strained right shoulder.,,,,,,,,,,,,,,,,,,,,
0040000049,1610612758,SAC,Sacramento,1444,Lawrence Funderburke,Lawrence,,DNP - Coach's Decision,,,,,,,,,,,,,,,,,,,,
0040000049,1610612758,SAC,Sacramento,239,Darrick Martin,Darrick,,DNP - Coach's Decision,,,,,,,,,,,,,,,,,,,,
0040000049,1610612747,LAL,Los Angeles,296,Rick Fox,Rick,F,,37:00,3.0,5.0,0.6,0.0,1.0,0.0,3.0,4.0,0.75,1.0,2.0,3.0,7.0,1.0,0.0,2.0,5.0,9.0,6.0
0040000049,1610612747,LAL,Los Angeles,270,Horace Grant,Horace,F,,33:00,4.0,7.0,0.571,0.0,0.0,0.0,2.0,4.0,0.5,5.0,6.0,11.0,1.0,3.0,0.0,1.0,3.0,10.0,19.0
0040000049,1610612747,LAL,Los Angeles,406,Shaquille O'Neal,Shaquille,F,,47:00,18.0,26.0,0.692,0.0,0.0,0.0,7.0,13.0,0.538,7.0,13.0,20.0,2.0,1.0,3.0,5.0,2.0,43.0,2.0
0040000049,1610612747,LAL,Los Angeles,977,Kobe Bryant,Kobe,G,,47:00,9.0,19.0,0.474,0.0,2.0,0.0,9.0,10.0,0.9,1.0,8.0,9.0,5.0,1.0,1.0,4.0,4.0,27.0,10.0
0040000049,1610612747,LAL,Los Angeles,965,Derek Fisher,Derek,G,,35:00,2.0,13.0,0.154,0.0,5.0,0.0,2.0,4.0,0.5,0.0,3.0,3.0,3.0,0.0,0.0,1.0,3.0,6.0,10.0
0040000049,1610612747,LAL,Los Angeles,216,Brian Shaw,Brian,G,,14:00,0.0,4.0,0.0,0.0,2.0,0.0,0.0,0.0,0.0,0.0,3.0,3.0,3.0,0.0,0.0,2.0,4.0,0.0,6.0
0040000049,1610612747,LAL,Los Angeles,109,Robert Horry,Robert,G,,16:00,0.0,3.0,0.0,0.0,0.0,0.0,1.0,2.0,0.5,1.0,3.0,4.0,1.0,2.0,0.0,1.0,4.0,1.0,-9.0
0040000049,1610612747,LAL,Los Angeles,2058,Mark Madsen,Mark,,,1:00,0.0,0.0,0.0,0.0,0.0,0.0,0.0,0.0,0.0,0.0,0.0,0.0,0.0,0.0,0.0,0.0,0.0,0.0,0.0
0040000049,1610612747,LAL,Los Angeles,1904,Devean George,Devean,,,1:00,0.0,0.0,0.0,0.0,0.0,0.0,0.0,0.0,0.0,0.0,0.0,0.0,0.0,0.0,0.0,0.0,1.0,0.0,-4.0
0040000049,1610612747,LAL,Los Angeles,1731,Tyronn Lue,Tyronn,,,4:00,0.0,1.0,0.0,0.0,0.0,0.0,0.0,0.0,0.0,0.0,0.0,0.0,0.0,0.0,0.0,1.0,1.0,0.0,-6.0
0040000049,1610612747,LAL,Los Angeles,166,Ron Harper,Ron,,,5:00,0.0,1.0,0.0,0.0,0.0,0.0,0.0,0.0,0.0,0.0,1.0,1.0,0.0,0.0,0.0,0.0,1.0,0.0,-4.0
0040000049,1610612747,LAL,Los Angeles,1219,,,, ,,,,,,,,,,,,,,,,,,,,
0040000049,1610612747,LAL,Los Angeles,1221,,,, ,,,,,,,,,,,,,,,,,,,,
0040000049,1610612747,LAL,Los Angeles,1223,,,, ,,,,,,,,,,,,,,,,,,,,
0040000049,1610612747,LAL,Los Angeles,1230,,,, ,,,,,,,,,,,,,,,,,,,,
0040000049,1610612747,LAL,Los Angeles,1270,,,, ,,,,,,,,,,,,,,,,,,,,
0040000049,1610612747,LAL,Los Angeles,1273,,,, ,,,,,,,,,,,,,,,,,,,,
0040000049,1610612747,LAL,Los Angeles,323,Greg Foster,Greg,,DND - Sprained right foot.,,,,,,,,,,,,,,,,,,,,
0040000042,1610612766,CHH,Charlotte,136,P.J. Brown,P.J.,G,,38:00,8.0,13.0,0.615,0.0,0.0,0.0,3.0,4.0,0.75,6.0,5.0,11.0,1.0,2.0,2.0,1.0,3.0,19.0,4.0
0040000042,1610612766,CHH,Charlotte,469,Jamal Mashburn,Jamal,G,,43:00,8.0,19.0,0.421,0.0,2.0,0.0,3.0,7.0,0.429,3.0,4.0,7.0,4.0,2.0,0.0,4.0,3.0,19.0,4.0
0040000042,1610612766,CHH,Charlotte,922,Elden Campbell,Elden,F,,32:00,4.0,11.0,0.364,0.0,0.0,0.0,5.0,5.0,1.0,2.0,6.0,8.0,0.0,0.0,1.0,0.0,2.0,13.0,0.0
0040000042,1610612766,CHH,Charlotte,1884,Baron Davis,Baron,G,,42:00,0.0,4.0,0.0,0.0,2.0,0.0,4.0,4.0,1.0,0.0,2.0,2.0,6.0,0.0,0.0,2.0,5.0,4.0,2.0
0040000042,1610612766,CHH,Charlotte,133,David Wesley,David,G,,40:00,9.0,17.0,0.529,0.0,2.0,0.0,2.0,2.0,1.0,0.0,1.0,1.0,7.0,1.0,0.0,3.0,4.0,20.0,6.0
0040000042,1610612766,CHH,Charlotte,2048,Jamaal Magloire,Jamaal,,,4:00,2.0,3.0,0.667,0.0,0.0,0.0,0.0,0.0,0.0,0.0,0.0,0.0,0.0,0.0,0.0,0.0,0.0,4.0,-6.0
0040000042,1610612766,CHH,Charlotte,1944,Eddie Robinson,Eddie,F,,17:00,2.0,4.0,0.5,0.0,0.0,0.0,0.0,0.0,0.0,1.0,2.0,3.0,1.0,0.0,0.0,1.0,1.0,4.0,-8.0
0040000042,1610612766,CHH,Charlotte,765,Hersey Hawkins,Hersey,C,,5:00,0.0,0.0,0.0,0.0,0.0,0.0,0.0,0.0,0.0,0.0,0.0,0.0,1.0,0.0,0.0,0.0,0.0,0.0,-5.0
0040000042,1610612766,CHH,Charlotte,934,Derrick Coleman,Derrick,G,,16:00,2.0,9.0,0.222,0.0,0.0,0.0,3.0,4.0,0.75,5.0,4.0,9.0,2.0,1.0,1.0,0.0,1.0,7.0,1.0
0040000042,1610612766,CHH,Charlotte,901,Otis Thorpe,Otis,G,,3:00,0.0,0.0,0.0,0.0,0.0,0.0,0.0,0.0,0.0,1.0,0.0,1.0,0.0,0.0,0.0,0.0,0.0,0.0,-3.0
0040000042,1610612766,CHH,Charlotte,2152,,,, ,,,,,,,,,,,,,,,,,,,,
0040000042,1610612766,CHH,Charlotte,1992,,,, ,,,,,,,,,,,,,,,,,,,,
0040000042,1610612766,CHH,Charlotte,1215,,,, ,,,,,,,,,,,,,,,,,,,,
0040000042,1610612766,CHH,Charlotte,1218,,,, ,,,,,,,,,,,,,,,,,,,,
0040000042,1610612766,CHH,Charlotte,1316,,,, ,,,,,,,,,,,,,,,,,,,,
0040000042,1610612766,CHH,Charlotte,197,Scott Burrell,Scott,,DNP - Coach's Decision,,,,,,,,,,,,,,,,,,,,
0040000042,1610612766,CHH,Charlotte,695,Eldridge Recasner,Eldridge,,DNP - Coach's Decision,,,,,,,,,,,,,,,,,,,,
0040000042,1610612749,MIL,Milwaukee,1032,Darvin Ham,Darvin,F,,19:00,2.0,3.0,0.667,0.0,0.0,0.0,2.0,2.0,1.0,3.0,1.0,4.0,2.0,1.0,0.0,2.0,3.0,6.0,-2.0
0040000042,1610612749,MIL,Milwaukee,299,Glenn Robinson,Glenn,F,,35:00,6.0,15.0,0.4,1.0,1.0,1.0,6.0,6.0,1.0,2.0,2.0,4.0,2.0,0.0,3.0,1.0,1.0,19.0,0.0
0040000042,1610612749,MIL,Milwaukee,281,Scott Williams,Scott,G,,22:00,4.0,6.0,0.667,0.0,0.0,0.0,0.0,2.0,0.0,3.0,6.0,9.0,0.0,0.0,3.0,1.0,3.0,8.0,1.0
0040000042,1610612749,MIL,Milwaukee,951,Ray Allen,Ray,G,,46:00,10.0,18.0,0.556,4.0,7.0,0.571,4.0,5.0,0.8,1.0,2.0,3.0,9.0,1.0,0.0,5.0,1.0,28.0,3.0
0040000042,1610612749,MIL,Milwaukee,208,Sam Cassell,Sam,G,,36:00,4.0,16.0,0.25,0.0,1.0,0.0,0.0,0.0,0.0,0.0,4.0,4.0,5.0,2.0,0.0,1.0,4.0,8.0,-4.0
0040000042,1610612749,MIL,Milwaukee,1501,Tim Thomas,Tim,F,,21:00,4.0,7.0,0.571,2.0,3.0,0.667,2.0,2.0,1.0,1.0,2.0,3.0,1.0,1.0,0.0,1.0,6.0,12.0,6.0
0040000042,1610612749,MIL,Milwaukee,911,Ervin Johnson,Ervin,G,,28:00,1.0,4.0,0.25,0.0,0.0,0.0,0.0,0.0,0.0,6.0,6.0,12.0,0.0,1.0,3.0,1.0,2.0,2.0,-2.0
0040000042,1610612749,MIL,Milwaukee,283,Lindsey Hunter,Lindsey,F,,14:00,1.0,7.0,0.143,0.0,2.0,0.0,0.0,0.0,0.0,1.0,1.0,2.0,1.0,1.0,0.0,0.0,1.0,2.0,3.0
0040000042,1610612749,MIL,Milwaukee,679,Jason Caffey,Jason,C,,19:00,3.0,7.0,0.429,0.0,0.0,0.0,0.0,2.0,0.0,1.0,2.0,3.0,1.0,0.0,0.0,0.0,2.0,6.0,0.0
0040000042,1610612749,MIL,Milwaukee,1796,,,, ,,,,,,,,,,,,,,,,,,,,
0040000042,1610612749,MIL,Milwaukee,1797,,,, ,,,,,,,,,,,,,,,,,,,,
0040000042,1610612749,MIL,Milwaukee,1334,,,, ,,,,,,,,,,,,,,,,,,,,
0040000042,1610612749,MIL,Milwaukee,1337,,,, ,,,,,,,,,,,,,,,,,,,,
0040000042,1610612749,MIL,Milwaukee,1355,,,, ,,,,,,,,,,,,,,,,,,,,
0040000042,1610612749,MIL,Milwaukee,2157,,,, ,,,,,,,,,,,,,,,,,,,,
0040000042,1610612749,MIL,Milwaukee,1747,Rafer Alston,Rafer,,DNP - Coach's Decision,,,,,,,,,,,,,,,,,,,,
0040000042,1610612749,MIL,Milwaukee,998,Mark Pope,Mark,,DNP - Coach's Decision,,,,,,,,,,,,,,,,,,,,
0040000042,1610612749,MIL,Milwaukee,2038,Joel Przybilla,Joel,,DNP - Coach's Decision,,,,,,,,,,,,,,,,,,,,
0040000057,1610612759,SAS,San Antonio,1495,Tim Duncan,Tim,G,,32:00,7.0,14.0,0.5,0.0,0.0,0.0,4.0,7.0,0.571,3.0,11.0,14.0,3.0,1.0,2.0,7.0,2.0,18.0,28.0
0040000057,1610612759,SAS,San Antonio,198,Danny Ferry,Danny,G,,23:00,4.0,8.0,0.5,4.0,7.0,0.571,0.0,0.0,0.0,1.0,4.0,5.0,1.0,1.0,0.0,1.0,2.0,12.0,15.0
0040000057,1610612759,SAS,San Antonio,764,David Robinson,David,C,,31:00,5.0,7.0,0.714,0.0,0.0,0.0,9.0,14.0,0.643,3.0,11.0,14.0,1.0,1.0,1.0,4.0,2.0,19.0,19.0
0040000057,1610612759,SAS,San Antonio,345,Terry Porter,Terry,G,,26:00,3.0,6.0,0.5,2.0,4.0,0.5,0.0,0.0,0.0,0.0,1.0,1.0,2.0,0.0,0.0,2.0,4.0,8.0,8.0
0040000057,1610612759,SAS,San Antonio,1498,Antonio Daniels,Antonio,G,,33:00,5.0,10.0,0.5,1.0,3.0,0.333,2.0,2.0,1.0,1.0,4.0,5.0,3.0,2.0,0.0,0.0,2.0,13.0,14.0
0040000057,1610612759,SAS,San Antonio,251,Sean Elliott,Sean,G,,23:00,5.0,8.0,0.625,2.0,4.0,0.5,5.0,5.0,1.0,1.0,2.0,3.0,3.0,1.0,1.0,1.0,2.0,17.0,-1.0
0040000057,1610612759,SAS,San Antonio,990,Malik Rose,Malik,F,,18:00,2.0,9.0,0.222,0.0,1.0,0.0,2.0,2.0,1.0,2.0,3.0,5.0,0.0,0.0,0.0,2.0,3.0,6.0,-8.0
0040000057,1610612759,SAS,San Antonio,422,Avery Johnson,Avery,G,,21:00,3.0,7.0,0.429,0.0,0.0,0.0,0.0,0.0,0.0,0.0,0.0,0.0,6.0,1.0,1.0,0.0,2.0,6.0,8.0
0040000057,1610612759,SAS,San Antonio,955,Samaki Walker,Samaki,F,,11:00,0.0,3.0,0.0,0.0,0.0,0.0,0.0,2.0,0.0,2.0,1.0,3.0,2.0,0.0,0.0,1.0,2.0,0.0,-10.0
0040000057,1610612759,SAS,San Antonio,70,Steve Kerr,Steve,F,,21:00,2.0,3.0,0.667,1.0,2.0,0.5,0.0,0.0,0.0,1.0,2.0,3.0,2.0,0.0,0.0,0.0,2.0,5.0,-1.0
0040000057,1610612759,SAS,San Antonio,1035,Shawnelle Scott,Shawnelle,,,1:00,0.0,0.0,0.0,0.0,0.0,0.0,0.0,0.0,0.0,0.0,1.0,1.0,0.0,0.0,0.0,0.0,0.0,0.0,-2.0
0040000057,1610612759,SAS,San Antonio,873,,,, ,,,,,,,,,,,,,,,,,,,,
0040000057,1610612759,SAS,San Antonio,1371,,,, ,,,,,,,,,,,,,,,,,,,,
0040000057,1610612759,SAS,San Antonio,1331,,,, ,,,,,,,,,,,,,,,,,,,,
0040000057,1610612759,SAS,San Antonio,1264,,,, ,,,,,,,,,,,,,,,,,,,,
0040000057,1610612759,SAS,San Antonio,1658,,,, ,,,,,,,,,,,,,,,,,,,,
0040000057,1610612759,SAS,San Antonio,1507,Derek Anderson,Derek,,DND - Right Shoulder Separation,,,,,,,,,,,,,,,,,,,,
0040000057,1610612742,DAL,Dallas,436,Juwan Howard,Juwan,F,,32:00,4.0,12.0,0.333,0.0,0.0,0.0,4.0,6.0,0.667,6.0,4.0,10.0,2.0,1.0,1.0,2.0,5.0,12.0,-12.0
0040000057,1610612742,DAL,Dallas,1717,Dirk Nowitzki,Dirk,G,,28:00,5.0,15.0,0.333,1.0,3.0,0.333,4.0,4.0,1.0,0.0,3.0,3.0,1.0,0.0,1.0,0.0,2.0,15.0,-13.0
0040000057,1610612742,DAL,Dallas,762,Shawn Bradley,Shawn,F,,18:00,3.0,8.0,0.375,0.0,0.0,0.0,1.0,2.0,0.5,3.0,0.0,3.0,0.0,0.0,3.0,0.0,4.0,7.0,-18.0
0040000057,1610612742,DAL,Dallas,714,Michael Finley,Michael,G,,41:00,5.0,21.0,0.238,0.0,2.0,0.0,0.0,1.0,0.0,1.0,5.0,6.0,5.0,3.0,0.0,5.0,2.0,10.0,-20.0
0040000057,1610612742,DAL,Dallas,959,Steve Nash,Steve,G,,37:00,4.0,12.0,0.333,2.0,3.0,0.667,1.0,1.0,1.0,0.0,3.0,3.0,4.0,0.0,0.0,1.0,2.0,11.0,-19.0
0040000057,1610612742,DAL,Dallas,1916,Calvin Booth,Calvin,F,,15:00,1.0,5.0,0.2,0.0,0.0,0.0,0.0,0.0,0.0,3.0,2.0,5.0,0.0,1.0,0.0,1.0,4.0,2.0,-6.0
0040000057,1610612742,DAL,Dallas,458,Howard Eisley,Howard,G,,30:00,3.0,8.0,0.375,3.0,5.0,0.6,0.0,0.0,0.0,0.0,1.0,1.0,4.0,2.0,0.0,1.0,3.0,9.0,-3.0
0040000057,1610612742,DAL,Dallas,1761,Greg Buckner,Greg,G,,22:00,4.0,7.0,0.571,1.0,1.0,1.0,5.0,8.0,0.625,5.0,7.0,12.0,2.0,1.0,0.0,1.0,5.0,14.0,-2.0
0040000057,1610612742,DAL,Dallas,2059,Eduardo Najera,Eduardo,,,11:00,4.0,7.0,0.571,2.0,3.0,0.667,0.0,0.0,0.0,3.0,2.0,5.0,0.0,0.0,1.0,0.0,1.0,10.0,14.0
0040000057,1610612742,DAL,Dallas,1917,Wang Zhi-zhi,Wang,,,6:00,0.0,0.0,0.0,0.0,0.0,0.0,0.0,0.0,0.0,0.0,0.0,0.0,1.0,0.0,0.0,0.0,0.0,0.0,9.0
0040000057,1610612742,DAL,Dallas,1782,,,, ,,,,,,,,,,,,,,,,,,,,
0040000057,1610612742,DAL,Dallas,2154,,,, ,,,,,,,,,,,,,,,,,,,,
0040000057,1610612742,DAL,Dallas,1643,,,, ,,,,,,,,,,,,,,,,,,,,
0040000057,1610612742,DAL,Dallas,1233,,,, ,,,,,,,,,,,,,,,,,,,,
0040000057,1610612742,DAL,Dallas,1269,,,, ,,,,,,,,,,,,,,,,,,,,
0040000057,1610612742,DAL,Dallas,1317,,,, ,,,,,,,,,,,,,,,,,,,,
0040000057,1610612742,DAL,Dallas,1370,,,, ,,,,,,,,,,,,,,,,,,,,
0040000057,1610612742,DAL,Dallas,1483,,,, ,,,,,,,,,,,,,,,,,,,,
0040000057,1610612742,DAL,Dallas,95,Mark Bryant,Mark,,DNP - Coach's Decision,,,,,,,,,,,,,,,,,,,,
0040000057,1610612742,DAL,Dallas,137,Vernon Maxwell,Vernon,,DNP - Coach's Decision,,,,,,,,,,,,,,,,,,,,
0040000063,1610612761,TOR,Toronto,1713,Vince Carter,Vince,F,,47:00,12.0,26.0,0.462,4.0,9.0,0.444,0.0,0.0,0.0,2.0,5.0,7.0,4.0,2.0,2.0,2.0,5.0,28.0,-3.0
0040000063,1610612761,TOR,Toronto,891,Charles Oakley,Charles,G,,26:00,6.0,10.0,0.6,0.0,0.0,0.0,0.0,0.0,0.0,1.0,6.0,7.0,2.0,0.0,0.0,1.0,4.0,12.0,6.0
0040000063,1610612761,TOR,Toronto,213,Antonio Davis,Antonio,G,,45:00,8.0,13.0,0.615,0.0,0.0,0.0,3.0,4.0,0.75,1.0,9.0,10.0,3.0,0.0,0.0,1.0,1.0,19.0,-3.0
0040000063,1610612761,TOR,Toronto,164,Chris Childs,Chris,G,,29:00,1.0,3.0,0.333,0.0,1.0,0.0,1.0,2.0,0.5,0.0,4.0,4.0,9.0,1.0,0.0,1.0,3.0,3.0,-2.0
0040000063,1610612761,TOR,Toronto,1541,Alvin Williams,Alvin,G,,43:00,6.0,17.0,0.353,2.0,5.0,0.4,1.0,2.0,0.5,1.0,4.0,5.0,8.0,1.0,1.0,2.0,2.0,15.0,-1.0
0040000063,1610612761,TOR,Toronto,209,Dell Curry,Dell,G,,25:00,3.0,10.0,0.3,3.0,6.0,0.5,2.0,3.0,0.667,0.0,1.0,1.0,2.0,1.0,1.0,0.0,1.0,11.0,-6.0
0040000063,1610612761,TOR,Toronto,1721,Keon Clark,Keon,,,9:00,2.0,4.0,0.5,0.0,0.0,0.0,0.0,0.0,0.0,0.0,0.0,0.0,0.0,1.0,0.0,0.0,1.0,4.0,-9.0
0040000063,1610612761,TOR,Toronto,376,Eric Montross,Eric,,,3:00,0.0,0.0,0.0,0.0,0.0,0.0,0.0,0.0,0.0,0.0,0.0,0.0,0.0,0.0,0.0,0.0,1.0,0.0,-5.0
0040000063,1610612761,TOR,Toronto,966,Jerome Williams,Jerome,F,,13:00,0.0,0.0,0.0,0.0,0.0,0.0,0.0,2.0,0.0,5.0,2.0,7.0,1.0,0.0,1.0,2.0,2.0,0.0,-2.0
0040000063,1610612761,TOR,Toronto,1205,,,, ,,,,,,,,,,,,,,,,,,,,
0040000063,1610612761,TOR,Toronto,883,,,, ,,,,,,,,,,,,,,,,,,,,
0040000063,1610612761,TOR,Toronto,1244,,,, ,,,,,,,,,,,,,,,,,,,,
0040000063,1610612761,TOR,Toronto,1344,,,, ,,,,,,,,,,,,,,,,,,,,
0040000063,1610612761,TOR,Toronto,1368,,,, ,,,,,,,,,,,,,,,,,,,,
0040000063,1610612761,TOR,Toronto,1266,,,, ,,,,,,,,,,,,,,,,,,,,
0040000063,1610612761,TOR,Toronto,2162,,,, ,,,,,,,,,,,,,,,,,,,,
0040000063,1610612761,TOR,Toronto,145,Tracy Murray,Tracy,,DNP - Coach's Decision,,,,,,,,,,,,,,,,,,,,
0040000063,1610612761,TOR,Toronto,2050,Morris Peterson,Morris,,DNP - Coach's Decision,,,,,,,,,,,,,,,,,,,,
0040000063,1610612761,TOR,Toronto,1565,Michael Stewart,Michael,,DNP - Coach's Decision,,,,,,,,,,,,,,,,,,,,
0040000063,1610612755,PHI,Philadelphia,248,George Lynch,George,F,,27:00,0.0,3.0,0.0,0.0,0.0,0.0,3.0,4.0,0.75,0.0,5.0,5.0,3.0,3.0,0.0,1.0,4.0,3.0,-13.0
0040000063,1610612755,PHI,Philadelphia,238,Tyrone Hill,Tyrone,F,,34:00,3.0,10.0,0.3,0.0,0.0,0.0,2.0,2.0,1.0,5.0,5.0,10.0,0.0,3.0,0.0,1.0,2.0,8.0,10.0
0040000063,1610612755,PHI,Philadelphia,87,Dikembe Mutombo,Dikembe,C,,44:00,2.0,5.0,0.4,0.0,0.0,0.0,5.0,5.0,1.0,2.0,7.0,9.0,0.0,1.0,5.0,0.0,2.0,9.0,10.0
0040000063,1610612755,PHI,Philadelphia,727,Eric Snow,Eric,G,,35:00,3.0,9.0,0.333,0.0,0.0,0.0,4.0,4.0,1.0,1.0,2.0,3.0,5.0,0.0,0.0,0.0,2.0,10.0,11.0
0040000063,1610612755,PHI,Philadelphia,947,Allen Iverson,Allen,G,,47:00,21.0,39.0,0.538,3.0,5.0,0.6,9.0,9.0,1.0,1.0,4.0,5.0,4.0,1.0,0.0,4.0,3.0,54.0,8.0
0040000063,1610612755,PHI,Philadelphia,243,Aaron McKie,Aaron,F,,32:00,1.0,7.0,0.143,0.0,1.0,0.0,2.0,2.0,1.0,0.0,6.0,6.0,1.0,0.0,0.0,1.0,2.0,4.0,0.0
0040000063,1610612755,PHI,Philadelphia,1563,Kevin Ollie,Kevin,G,,5:00,0.0,2.0,0.0,0.0,0.0,0.0,0.0,0.0,0.0,0.0,1.0,1.0,0.0,0.0,0.0,1.0,0.0,0.0,-9.0
0040000063,1610612755,PHI,Philadelphia,1908,Jumaine Jones,Jumaine,,,14:00,4.0,4.0,1.0,1.0,1.0,1.0,0.0,0.0,0.0,2.0,3.0,5.0,1.0,0.0,0.0,1.0,1.0,9.0,8.0
0040000063,1610612755,PHI,Philadelphia,1928,Todd MacCulloch,Todd,,,2:00,0.0,0.0,0.0,0.0,0.0,0.0,0.0,0.0,0.0,0.0,0.0,0.0,0.0,0.0,0.0,0.0,0.0,0.0,0.0
0040000063,1610612755,PHI,Philadelphia,1865,,,, ,,,,,,,,,,,,,,,,,,,,
0040000063,1610612755,PHI,Philadelphia,1259,,,, ,,,,,,,,,,,,,,,,,,,,
0040000063,1610612755,PHI,Philadelphia,2169,,,, ,,,,,,,,,,,,,,,,,,,,
0040000063,1610612755,PHI,Philadelphia,1212,,,, ,,,,,,,,,,,,,,,,,,,,
0040000063,1610612755,PHI,Philadelphia,1308,,,, ,,,,,,,,,,,,,,,,,,,,
0040000063,1610612755,PHI,Philadelphia,1312,,,, ,,,,,,,,,,,,,,,,,,,,
0040000063,1610612755,PHI,Philadelphia,1313,,,, ,,,,,,,,,,,,,,,,,,,,
0040000063,1610612755,PHI,Philadelphia,1952,Raja Bell,Raja,,DNP - Coach's Decision,,,,,,,,,,,,,,,,,,,,
0040000063,1610612755,PHI,Philadelphia,1934,Rodney Buford,Rodney,,DNP - Coach's Decision,,,,,,,,,,,,,,,,,,,,
0040000063,1610612755,PHI,Philadelphia,761,Matt Geiger,Matt,,DNP - Coach's Decision,,,,,,,,,,,,,,,,,,,,
0040000044,1610612749,MIL,Milwaukee,299,Glenn Robinson,Glenn,G,,39:00,10.0,22.0,0.455,1.0,5.0,0.2,2.0,2.0,1.0,1.0,7.0,8.0,5.0,2.0,1.0,1.0,1.0,23.0,-14.0
0040000044,1610612749,MIL,Milwaukee,1032,Darvin Ham,Darvin,F,,17:00,2.0,5.0,0.4,0.0,0.0,0.0,2.0,3.0,0.667,1.0,1.0,2.0,0.0,0.0,1.0,0.0,4.0,6.0,1.0
0040000044,1610612749,MIL,Milwaukee,281,Scott Williams,Scott,C,,23:00,6.0,10.0,0.6,0.0,0.0,0.0,1.0,2.0,0.5,3.0,7.0,10.0,2.0,1.0,1.0,0.0,6.0,13.0,-9.0
0040000044,1610612749,MIL,Milwaukee,208,Sam Cassell,Sam,G,,38:00,5.0,13.0,0.385,2.0,2.0,1.0,0.0,0.0,0.0,0.0,1.0,1.0,9.0,1.0,0.0,1.0,4.0,12.0,-12.0
0040000044,1610612749,MIL,Milwaukee,951,Ray Allen,Ray,G,,42:00,7.0,18.0,0.389,4.0,8.0,0.5,2.0,2.0,1.0,1.0,1.0,2.0,7.0,0.0,0.0,2.0,3.0,20.0,-2.0
0040000044,1610612749,MIL,Milwaukee,1501,Tim Thomas,Tim,G,,27:00,4.0,10.0,0.4,2.0,4.0,0.5,2.0,4.0,0.5,1.0,1.0,2.0,1.0,1.0,0.0,0.0,2.0,12.0,-11.0
0040000044,1610612749,MIL,Milwaukee,283,Lindsey Hunter,Lindsey,G,,17:00,2.0,7.0,0.286,0.0,3.0,0.0,0.0,0.0,0.0,0.0,0.0,0.0,2.0,2.0,0.0,3.0,0.0,4.0,-6.0
0040000044,1610612749,MIL,Milwaukee,911,Ervin Johnson,Ervin,C,,22:00,1.0,2.0,0.5,0.0,0.0,0.0,0.0,0.0,0.0,0.0,9.0,9.0,1.0,0.0,0.0,0.0,5.0,2.0,3.0
0040000044,1610612749,MIL,Milwaukee,679,Jason Caffey,Jason,F,,15:00,0.0,2.0,0.0,0.0,0.0,0.0,0.0,0.0,0.0,1.0,0.0,1.0,0.0,0.0,1.0,0.0,2.0,0.0,0.0
0040000044,1610612749,MIL,Milwaukee,1796,,,, ,,,,,,,,,,,,,,,,,,,,
0040000044,1610612749,MIL,Milwaukee,1797,,,, ,,,,,,,,,,,,,,,,,,,,
0040000044,1610612749,MIL,Milwaukee,1334,,,, ,,,,,,,,,,,,,,,,,,,,
0040000044,1610612749,MIL,Milwaukee,1337,,,, ,,,,,,,,,,,,,,,,,,,,
0040000044,1610612749,MIL,Milwaukee,1355,,,, ,,,,,,,,,,,,,,,,,,,,
0040000044,1610612749,MIL,Milwaukee,2157,,,, ,,,,,,,,,,,,,,,,,,,,
0040000044,1610612749,MIL,Milwaukee,1747,Rafer Alston,Rafer,,DNP - Coach's Decision,,,,,,,,,,,,,,,,,,,,
0040000044,1610612749,MIL,Milwaukee,998,Mark Pope,Mark,,DNP - Coach's Decision,,,,,,,,,,,,,,,,,,,,
0040000044,1610612749,MIL,Milwaukee,2038,Joel Przybilla,Joel,,DNP - Coach's Decision,,,,,,,,,,,,,,,,,,,,
0040000044,1610612766,CHH,Charlotte,469,Jamal Mashburn,Jamal,G,,43:00,15.0,23.0,0.652,3.0,5.0,0.6,3.0,4.0,0.75,1.0,4.0,5.0,6.0,0.0,1.0,4.0,1.0,36.0,11.0
0040000044,1610612766,CHH,Charlotte,136,P.J. Brown,P.J.,G,,40:00,2.0,8.0,0.25,0.0,0.0,0.0,3.0,3.0,1.0,6.0,10.0,16.0,2.0,0.0,1.0,1.0,4.0,7.0,12.0
0040000044,1610612766,CHH,Charlotte,922,Elden Campbell,Elden,G,,30:00,7.0,12.0,0.583,0.0,0.0,0.0,3.0,8.0,0.375,3.0,5.0,8.0,1.0,1.0,2.0,2.0,2.0,17.0,-3.0
0040000044,1610612766,CHH,Charlotte,1884,Baron Davis,Baron,G,,38:00,3.0,12.0,0.25,0.0,4.0,0.0,4.0,8.0,0.5,1.0,7.0,8.0,6.0,1.0,0.0,0.0,3.0,10.0,7.0
0040000044,1610612766,CHH,Charlotte,133,David Wesley,David,G,,44:00,5.0,13.0,0.385,1.0,3.0,0.333,5.0,6.0,0.833,1.0,4.0,5.0,6.0,0.0,0.0,3.0,3.0,16.0,1.0
0040000044,1610612766,CHH,Charlotte,2048,Jamaal Magloire,Jamaal,,,17:00,3.0,4.0,0.75,0.0,0.0,0.0,2.0,5.0,0.4,2.0,6.0,8.0,1.0,0.0,1.0,2.0,3.0,8.0,13.0
0040000044,1610612766,CHH,Charlotte,1944,Eddie Robinson,Eddie,F,,20:00,2.0,6.0,0.333,0.0,1.0,0.0,0.0,0.0,0.0,0.0,2.0,2.0,2.0,0.0,0.0,0.0,0.0,4.0,11.0
0040000044,1610612766,CHH,Charlotte,901,Otis Thorpe,Otis,C,,8:00,2.0,3.0,0.667,0.0,0.0,0.0,0.0,0.0,0.0,3.0,2.0,5.0,0.0,0.0,0.0,0.0,3.0,4.0,-2.0
0040000044,1610612766,CHH,Charlotte,1992,,,, ,,,,,,,,,,,,,,,,,,,,
0040000044,1610612766,CHH,Charlotte,1215,,,, ,,,,,,,,,,,,,,,,,,,,
0040000044,1610612766,CHH,Charlotte,1218,,,, ,,,,,,,,,,,,,,,,,,,,
0040000044,1610612766,CHH,Charlotte,1316,,,, ,,,,,,,,,,,,,,,,,,,,
0040000044,1610612766,CHH,Charlotte,2152,,,, ,,,,,,,,,,,,,,,,,,,,
0040000044,1610612766,CHH,Charlotte,197,Scott Burrell,Scott,,DNP - Coach's Decision,,,,,,,,,,,,,,,,,,,,
0040000044,1610612766,CHH,Charlotte,934,Derrick Coleman,Derrick,,Did Not Dress - Strained Lower Back,,,,,,,,,,,,,,,,,,,,
0040000044,1610612766,CHH,Charlotte,765,Hersey Hawkins,Hersey,,DNP - Coach's Decision,,,,,,,,,,,,,,,,,,,,
0040000044,1610612766,CHH,Charlotte,695,Eldridge Recasner,Eldridge,,DNP - Coach's Decision,,,,,,,,,,,,,,,,,,,,
0040000050,1610612747,LAL,Los Angeles,296,Rick Fox,Rick,F,,39:00,4.0,11.0,0.364,1.0,4.0,0.25,2.0,2.0,1.0,0.0,4.0,4.0,3.0,3.0,0.0,2.0,4.0,11.0,18.0
0040000050,1610612747,LAL,Los Angeles,270,Horace Grant,Horace,G,,36:00,3.0,6.0,0.5,0.0,0.0,0.0,2.0,2.0,1.0,2.0,2.0,4.0,0.0,1.0,1.0,1.0,1.0,8.0,19.0
0040000050,1610612747,LAL,Los Angeles,406,Shaquille O'Neal,Shaquille,G,,35:00,8.0,13.0,0.615,0.0,0.0,0.0,5.0,14.0,0.357,5.0,13.0,18.0,1.0,1.0,1.0,3.0,5.0,21.0,17.0
0040000050,1610612747,LAL,Los Angeles,977,Kobe Bryant,Kobe,G,,39:00,10.0,22.0,0.455,0.0,1.0,0.0,16.0,19.0,0.842,0.0,7.0,7.0,4.0,2.0,0.0,5.0,4.0,36.0,28.0
0040000050,1610612747,LAL,Los Angeles,965,Derek Fisher,Derek,G,,39:00,5.0,10.0,0.5,2.0,3.0,0.667,0.0,0.0,0.0,0.0,4.0,4.0,3.0,1.0,0.0,0.0,2.0,12.0,18.0
0040000050,1610612747,LAL,Los Angeles,216,Brian Shaw,Brian,C,,21:00,1.0,4.0,0.25,0.0,0.0,0.0,2.0,2.0,1.0,0.0,3.0,3.0,6.0,1.0,0.0,0.0,3.0,4.0,2.0
0040000050,1610612747,LAL,Los Angeles,109,Robert Horry,Robert,F,,20:00,2.0,7.0,0.286,1.0,4.0,0.25,0.0,0.0,0.0,0.0,6.0,6.0,1.0,3.0,0.0,2.0,4.0,5.0,2.0
0040000050,1610612747,LAL,Los Angeles,1731,Tyronn Lue,Tyronn,,,4:00,1.0,1.0,1.0,1.0,1.0,1.0,0.0,0.0,0.0,0.0,0.0,0.0,0.0,0.0,0.0,0.0,0.0,3.0,0.0
0040000050,1610612747,LAL,Los Angeles,2058,Mark Madsen,Mark,,,4:00,0.0,0.0,0.0,0.0,0.0,0.0,0.0,0.0,0.0,0.0,0.0,0.0,0.0,0.0,1.0,0.0,0.0,0.0,4.0
0040000050,1610612747,LAL,Los Angeles,1904,Devean George,Devean,,,3:00,1.0,1.0,1.0,0.0,0.0,0.0,1.0,2.0,0.5,0.0,0.0,0.0,0.0,0.0,0.0,1.0,0.0,3.0,2.0
0040000050,1610612747,LAL,Los Angeles,1219,,,, ,,,,,,,,,,,,,,,,,,,,
0040000050,1610612747,LAL,Los Angeles,1221,,,, ,,,,,,,,,,,,,,,,,,,,
0040000050,1610612747,LAL,Los Angeles,1223,,,, ,,,,,,,,,,,,,,,,,,,,
0040000050,1610612747,LAL,Los Angeles,1230,,,, ,,,,,,,,,,,,,,,,,,,,
0040000050,1610612747,LAL,Los Angeles,1270,,,, ,,,,,,,,,,,,,,,,,,,,
0040000050,1610612747,LAL,Los Angeles,1273,,,, ,,,,,,,,,,,,,,,,,,,,
0040000050,1610612747,LAL,Los Angeles,323,Greg Foster,Greg,,DND - sprained right big toe,,,,,,,,,,,,,,,,,,,,
0040000050,1610612747,LAL,Los Angeles,166,Ron Harper,Ron,,DNP - Coach's Decision,,,,,,,,,,,,,,,,,,,,
0040000050,1610612758,SAC,Sacramento,978,Peja Stojakovic,Peja,F,,34:00,4.0,13.0,0.308,0.0,4.0,0.0,6.0,6.0,1.0,0.0,6.0,6.0,2.0,0.0,0.0,1.0,3.0,14.0,-12.0
0040000050,1610612758,SAC,Sacramento,185,Chris Webber,Chris,F,,42:00,13.0,27.0,0.481,0.0,0.0,0.0,2.0,4.0,0.5,6.0,8.0,14.0,1.0,0.0,0.0,2.0,4.0,28.0,-22.0
0040000050,1610612758,SAC,Sacramento,124,Vlade Divac,Vlade,G,,30:00,5.0,11.0,0.455,0.0,0.0,0.0,2.0,4.0,0.5,4.0,8.0,12.0,1.0,1.0,1.0,4.0,4.0,12.0,-5.0
0040000050,1610612758,SAC,Sacramento,57,Doug Christie,Doug,G,,34:00,3.0,12.0,0.25,0.0,1.0,0.0,4.0,5.0,0.8,0.0,3.0,3.0,5.0,3.0,2.0,3.0,6.0,10.0,-16.0
0040000050,1610612758,SAC,Sacramento,1715,Jason Williams,Jason,G,,21:00,1.0,6.0,0.167,0.0,2.0,0.0,0.0,0.0,0.0,0.0,4.0,4.0,4.0,1.0,0.0,4.0,0.0,2.0,-3.0
0040000050,1610612758,SAC,Sacramento,1517,Bobby Jackson,Bobby,G,,21:00,1.0,6.0,0.167,0.0,1.0,0.0,0.0,0.0,0.0,0.0,1.0,1.0,0.0,1.0,0.0,0.0,3.0,2.0,-11.0
0040000050,1610612758,SAC,Sacramento,2045,Hedo Turkoglu,Hedo,F,,24:00,3.0,9.0,0.333,1.0,4.0,0.25,2.0,2.0,1.0,2.0,2.0,4.0,1.0,1.0,0.0,1.0,1.0,9.0,-15.0
0040000050,1610612758,SAC,Sacramento,1513,Scot Pollard,Scot,G,,16:00,1.0,2.0,0.5,0.0,0.0,0.0,0.0,0.0,0.0,2.0,3.0,5.0,0.0,0.0,1.0,1.0,3.0,2.0,-11.0
0040000050,1610612758,SAC,Sacramento,468,Jon Barry,Jon,G,,12:00,1.0,3.0,0.333,0.0,2.0,0.0,0.0,0.0,0.0,0.0,0.0,0.0,0.0,1.0,0.0,0.0,1.0,2.0,-11.0
0040000050,1610612758,SAC,Sacramento,1444,Lawrence Funderburke,Lawrence,,,3:00,0.0,1.0,0.0,0.0,0.0,0.0,0.0,0.0,0.0,0.0,1.0,1.0,0.0,1.0,0.0,0.0,1.0,0.0,-2.0
0040000050,1610612758,SAC,Sacramento,239,Darrick Martin,Darrick,,,3:00,0.0,1.0,0.0,0.0,0.0,0.0,0.0,0.0,0.0,0.0,0.0,0.0,1.0,0.0,0.0,0.0,1.0,0.0,-2.0
0040000050,1610612758,SAC,Sacramento,1775,,,, ,,,,,,,,,,,,,,,,,,,,
0040000050,1610612758,SAC,Sacramento,1248,,,, ,,,,,,,,,,,,,,,,,,,,
0040000050,1610612758,SAC,Sacramento,1249,,,, ,,,,,,,,,,,,,,,,,,,,
0040000050,1610612758,SAC,Sacramento,1322,,,, ,,,,,,,,,,,,,,,,,,,,
0040000050,1610612758,SAC,Sacramento,1327,,,, ,,,,,,,,,,,,,,,,,,,,
0040000050,1610612758,SAC,Sacramento,1328,,,, ,,,,,,,,,,,,,,,,,,,,
0040000050,1610612758,SAC,Sacramento,98,Nick Anderson,Nick,,DND - strained right shoulder,,,,,,,,,,,,,,,,,,,,
0040000064,1610612755,PHI,Philadelphia,248,George Lynch,George,F,,26:00,2.0,5.0,0.4,0.0,0.0,0.0,2.0,2.0,1.0,4.0,3.0,7.0,1.0,2.0,1.0,3.0,3.0,6.0,-23.0
0040000064,1610612755,PHI,Philadelphia,238,Tyrone Hill,Tyrone,F,,29:00,3.0,5.0,0.6,0.0,0.0,0.0,2.0,2.0,1.0,4.0,4.0,8.0,0.0,0.0,0.0,2.0,3.0,8.0,-4.0
0040000064,1610612755,PHI,Philadelphia,87,Dikembe Mutombo,Dikembe,C,,40:00,1.0,3.0,0.333,0.0,0.0,0.0,4.0,4.0,1.0,2.0,7.0,9.0,2.0,1.0,3.0,4.0,4.0,6.0,-21.0
0040000064,1610612755,PHI,Philadelphia,947,Allen Iverson,Allen,G,,45:00,7.0,22.0,0.318,1.0,4.0,0.25,8.0,15.0,0.533,0.0,4.0,4.0,8.0,4.0,1.0,2.0,3.0,23.0,-20.0
0040000064,1610612755,PHI,Philadelphia,727,Eric Snow,Eric,G,,30:00,5.0,13.0,0.385,0.0,0.0,0.0,0.0,0.0,0.0,0.0,2.0,2.0,4.0,1.0,1.0,2.0,4.0,10.0,-15.0
0040000064,1610612755,PHI,Philadelphia,243,Aaron McKie,Aaron,G,,32:00,5.0,13.0,0.385,2.0,3.0,0.667,5.0,8.0,0.625,0.0,5.0,5.0,2.0,0.0,0.0,0.0,1.0,17.0,-10.0
0040000064,1610612755,PHI,Philadelphia,1908,Jumaine Jones,Jumaine,F,,14:00,0.0,3.0,0.0,0.0,1.0,0.0,0.0,0.0,0.0,0.0,0.0,0.0,0.0,0.0,1.0,0.0,0.0,0.0,-16.0
0040000064,1610612755,PHI,Philadelphia,1928,Todd MacCulloch,Todd,,,5:00,1.0,2.0,0.5,0.0,0.0,0.0,2.0,2.0,1.0,1.0,0.0,1.0,0.0,0.0,0.0,0.0,2.0,4.0,-3.0
0040000064,1610612755,PHI,Philadelphia,1934,Rodney Buford,Rodney,,,4:00,0.0,3.0,0.0,0.0,1.0,0.0,0.0,0.0,0.0,0.0,0.0,0.0,0.0,0.0,0.0,0.0,0.0,0.0,-6.0
0040000064,1610612755,PHI,Philadelphia,1563,Kevin Ollie,Kevin,,,15:00,2.0,5.0,0.4,0.0,0.0,0.0,0.0,0.0,0.0,0.0,1.0,1.0,1.0,0.0,0.0,1.0,0.0,4.0,-2.0
0040000064,1610612755,PHI,Philadelphia,1865,,,, ,,,,,,,,,,,,,,,,,,,,
0040000064,1610612755,PHI,Philadelphia,1259,,,, ,,,,,,,,,,,,,,,,,,,,
0040000064,1610612755,PHI,Philadelphia,2169,,,, ,,,,,,,,,,,,,,,,,,,,
0040000064,1610612755,PHI,Philadelphia,1212,,,, ,,,,,,,,,,,,,,,,,,,,
0040000064,1610612755,PHI,Philadelphia,1308,,,, ,,,,,,,,,,,,,,,,,,,,
0040000064,1610612755,PHI,Philadelphia,1312,,,, ,,,,,,,,,,,,,,,,,,,,
0040000064,1610612755,PHI,Philadelphia,1313,,,, ,,,,,,,,,,,,,,,,,,,,
0040000064,1610612755,PHI,Philadelphia,1952,Raja Bell,Raja,,DNP - Coach's Decision,,,,,,,,,,,,,,,,,,,,
0040000064,1610612755,PHI,Philadelphia,761,Matt Geiger,Matt,,DNP - Coach's Decision,,,,,,,,,,,,,,,,,,,,
0040000064,1610612761,TOR,Toronto,1713,Vince Carter,Vince,F,,45:00,19.0,29.0,0.655,9.0,13.0,0.692,3.0,3.0,1.0,3.0,3.0,6.0,7.0,1.0,4.0,1.0,3.0,50.0,24.0
0040000064,1610612761,TOR,Toronto,891,Charles Oakley,Charles,F,,23:00,2.0,5.0,0.4,0.0,0.0,0.0,0.0,0.0,0.0,2.0,2.0,4.0,1.0,1.0,1.0,3.0,1.0,4.0,1.0
0040000064,1610612761,TOR,Toronto,213,Antonio Davis,Antonio,F,,45:00,9.0,16.0,0.563,0.0,0.0,0.0,2.0,2.0,1.0,3.0,11.0,14.0,2.0,1.0,3.0,2.0,3.0,20.0,24.0
0040000064,1610612761,TOR,Toronto,1541,Alvin Williams,Alvin,G,,39:00,2.0,11.0,0.182,0.0,0.0,0.0,0.0,0.0,0.0,1.0,1.0,2.0,6.0,1.0,0.0,1.0,3.0,4.0,20.0
0040000064,1610612761,TOR,Toronto,164,Chris Childs,Chris,G,,40:00,5.0,9.0,0.556,2.0,3.0,0.667,4.0,4.0,1.0,0.0,5.0,5.0,10.0,1.0,0.0,3.0,4.0,16.0,16.0
0040000064,1610612761,TOR,Toronto,209,Dell Curry,Dell,G,,18:00,1.0,7.0,0.143,0.0,4.0,0.0,0.0,0.0,0.0,0.0,2.0,2.0,0.0,0.0,0.0,3.0,1.0,2.0,11.0
0040000064,1610612761,TOR,Toronto,1721,Keon Clark,Keon,C,,9:00,0.0,0.0,0.0,0.0,0.0,0.0,0.0,0.0,0.0,1.0,2.0,3.0,0.0,0.0,0.0,1.0,3.0,0.0,7.0
0040000064,1610612761,TOR,Toronto,966,Jerome Williams,Jerome,F,,16:00,1.0,1.0,1.0,0.0,0.0,0.0,1.0,3.0,0.333,1.0,3.0,4.0,3.0,2.0,1.0,0.0,1.0,3.0,16.0
0040000064,1610612761,TOR,Toronto,376,Eric Montross,Eric,,,3:00,0.0,1.0,0.0,0.0,0.0,0.0,0.0,0.0,0.0,1.0,1.0,2.0,0.0,0.0,1.0,0.0,3.0,0.0,0.0
0040000064,1610612761,TOR,Toronto,2050,Morris Peterson,Morris,,,2:00,1.0,2.0,0.5,1.0,2.0,0.5,0.0,0.0,0.0,0.0,1.0,1.0,0.0,0.0,0.0,0.0,0.0,3.0,1.0
0040000064,1610612761,TOR,Toronto,2162,,,, ,,,,,,,,,,,,,,,,,,,,
0040000064,1610612761,TOR,Toronto,1244,,,, ,,,,,,,,,,,,,,,,,,,,
0040000064,1610612761,TOR,Toronto,1344,,,, ,,,,,,,,,,,,,,,,,,,,
0040000064,1610612761,TOR,Toronto,1368,,,, ,,,,,,,,,,,,,,,,,,,,
0040000064,1610612761,TOR,Toronto,1205,,,, ,,,,,,,,,,,,,,,,,,,,
0040000064,1610612761,TOR,Toronto,883,,,, ,,,,,,,,,,,,,,,,,,,,
0040000064,1610612761,TOR,Toronto,1266,,,, ,,,,,,,,,,,,,,,,,,,,
0040000064,1610612761,TOR,Toronto,145,Tracy Murray,Tracy,,DNP - Coach's Decision,,,,,,,,,,,,,,,,,,,,
0040000064,1610612761,TOR,Toronto,1565,Michael Stewart,Michael,,DNP - Coach's Decision,,,,,,,,,,,,,,,,,,,,
0040000058,1610612759,SAS,San Antonio,1495,Tim Duncan,Tim,G,,43:00,9.0,23.0,0.391,0.0,0.0,0.0,11.0,19.0,0.579,4.0,14.0,18.0,5.0,1.0,0.0,3.0,5.0,29.0,6.0
0040000058,1610612759,SAS,San Antonio,198,Danny Ferry,Danny,F,,29:00,1.0,3.0,0.333,1.0,3.0,0.333,0.0,0.0,0.0,0.0,0.0,0.0,4.0,0.0,1.0,0.0,3.0,3.0,4.0
0040000058,1610612759,SAS,San Antonio,764,David Robinson,David,G,,38:00,8.0,13.0,0.615,0.0,0.0,0.0,9.0,11.0,0.818,6.0,7.0,13.0,0.0,2.0,1.0,4.0,2.0,25.0,2.0
0040000058,1610612759,SAS,San Antonio,345,Terry Porter,Terry,G,,29:00,5.0,11.0,0.455,3.0,6.0,0.5,2.0,2.0,1.0,1.0,2.0,3.0,8.0,1.0,0.0,1.0,2.0,15.0,10.0
0040000058,1610612759,SAS,San Antonio,1498,Antonio Daniels,Antonio,G,,42:00,8.0,12.0,0.667,1.0,4.0,0.25,1.0,2.0,0.5,1.0,1.0,2.0,0.0,0.0,0.0,2.0,2.0,18.0,-1.0
0040000058,1610612759,SAS,San Antonio,422,Avery Johnson,Avery,F,,19:00,3.0,7.0,0.429,0.0,0.0,0.0,1.0,2.0,0.5,0.0,1.0,1.0,3.0,0.0,0.0,1.0,1.0,7.0,-14.0
0040000058,1610612759,SAS,San Antonio,990,Malik Rose,Malik,C,,11:00,3.0,3.0,1.0,0.0,0.0,0.0,2.0,2.0,1.0,1.0,4.0,5.0,0.0,0.0,0.0,0.0,3.0,8.0,-11.0
0040000058,1610612759,SAS,San Antonio,251,Sean Elliott,Sean,G,,22:00,0.0,2.0,0.0,0.0,1.0,0.0,2.0,2.0,1.0,1.0,4.0,5.0,0.0,0.0,0.0,1.0,3.0,2.0,-13.0
0040000058,1610612759,SAS,San Antonio,955,Samaki Walker,Samaki,G,,4:00,0.0,1.0,0.0,0.0,0.0,0.0,0.0,0.0,0.0,0.0,0.0,0.0,0.0,0.0,0.0,0.0,1.0,0.0,-5.0
0040000058,1610612759,SAS,San Antonio,70,Steve Kerr,Steve,,,3:00,0.0,1.0,0.0,0.0,1.0,0.0,1.0,1.0,1.0,0.0,0.0,0.0,0.0,0.0,0.0,0.0,2.0,1.0,2.0
0040000058,1610612759,SAS,San Antonio,873,,,, ,,,,,,,,,,,,,,,,,,,,
0040000058,1610612759,SAS,San Antonio,1371,,,, ,,,,,,,,,,,,,,,,,,,,
0040000058,1610612759,SAS,San Antonio,1331,,,, ,,,,,,,,,,,,,,,,,,,,
0040000058,1610612759,SAS,San Antonio,1264,,,, ,,,,,,,,,,,,,,,,,,,,
0040000058,1610612759,SAS,San Antonio,1658,,,, ,,,,,,,,,,,,,,,,,,,,
0040000058,1610612759,SAS,San Antonio,1507,Derek Anderson,Derek,,DND - Separated Right Shoulder,,,,,,,,,,,,,,,,,,,,
0040000058,1610612759,SAS,San Antonio,1035,Shawnelle Scott,Shawnelle,,DNP - Coach's Decision,,,,,,,,,,,,,,,,,,,,
0040000058,1610612742,DAL,Dallas,436,Juwan Howard,Juwan,F,,36:00,8.0,17.0,0.471,0.0,0.0,0.0,1.0,1.0,1.0,2.0,6.0,8.0,0.0,1.0,2.0,1.0,4.0,17.0,3.0
0040000058,1610612742,DAL,Dallas,1717,Dirk Nowitzki,Dirk,G,,42:00,11.0,18.0,0.611,0.0,1.0,0.0,8.0,8.0,1.0,0.0,9.0,9.0,1.0,1.0,0.0,1.0,5.0,30.0,13.0
0040000058,1610612742,DAL,Dallas,762,Shawn Bradley,Shawn,G,,22:00,5.0,9.0,0.556,0.0,0.0,0.0,0.0,0.0,0.0,3.0,3.0,6.0,1.0,0.0,2.0,1.0,5.0,10.0,9.0
0040000058,1610612742,DAL,Dallas,714,Michael Finley,Michael,G,,48:00,9.0,23.0,0.391,2.0,6.0,0.333,5.0,6.0,0.833,2.0,3.0,5.0,10.0,0.0,1.0,0.0,3.0,25.0,4.0
0040000058,1610612742,DAL,Dallas,959,Steve Nash,Steve,G,,39:00,4.0,11.0,0.364,2.0,3.0,0.667,0.0,0.0,0.0,2.0,3.0,5.0,14.0,0.0,1.0,3.0,2.0,10.0,12.0
0040000058,1610612742,DAL,Dallas,1761,Greg Buckner,Greg,F,,22:00,1.0,2.0,0.5,0.0,0.0,0.0,2.0,2.0,1.0,0.0,4.0,4.0,0.0,1.0,0.0,0.0,2.0,4.0,1.0
0040000058,1610612742,DAL,Dallas,1916,Calvin Booth,Calvin,F,,18:00,7.0,10.0,0.7,0.0,0.0,0.0,2.0,2.0,1.0,3.0,1.0,4.0,0.0,2.0,0.0,0.0,3.0,16.0,-4.0
0040000058,1610612742,DAL,Dallas,458,Howard Eisley,Howard,,,11:00,0.0,3.0,0.0,0.0,1.0,0.0,0.0,0.0,0.0,0.0,0.0,0.0,3.0,1.0,0.0,1.0,3.0,0.0,-16.0
0040000058,1610612742,DAL,Dallas,2059,Eduardo Najera,Eduardo,,,2:00,0.0,0.0,0.0,0.0,0.0,0.0,0.0,0.0,0.0,0.0,0.0,0.0,0.0,0.0,0.0,0.0,1.0,0.0,-2.0
0040000058,1610612742,DAL,Dallas,2154,,,, ,,,,,,,,,,,,,,,,,,,,
0040000058,1610612742,DAL,Dallas,1643,,,, ,,,,,,,,,,,,,,,,,,,,
0040000058,1610612742,DAL,Dallas,1782,,,, ,,,,,,,,,,,,,,,,,,,,
0040000058,1610612742,DAL,Dallas,1233,,,, ,,,,,,,,,,,,,,,,,,,,
0040000058,1610612742,DAL,Dallas,1269,,,, ,,,,,,,,,,,,,,,,,,,,
0040000058,1610612742,DAL,Dallas,1317,,,, ,,,,,,,,,,,,,,,,,,,,
0040000058,1610612742,DAL,Dallas,1370,,,, ,,,,,,,,,,,,,,,,,,,,
0040000058,1610612742,DAL,Dallas,1483,,,, ,,,,,,,,,,,,,,,,,,,,
0040000058,1610612742,DAL,Dallas,95,Mark Bryant,Mark,,DNP - Coach's Decision,,,,,,,,,,,,,,,,,,,,
0040000058,1610612742,DAL,Dallas,137,Vernon Maxwell,Vernon,,DNP - Coach's Decision,,,,,,,,,,,,,,,,,,,,
0040000058,1610612742,DAL,Dallas,1917,Wang Zhi-zhi,Wang,,DNP - Coach's Decision,,,,,,,,,,,,,,,,,,,,
0040000045,1610612749,MIL,Milwaukee,299,Glenn Robinson,Glenn,F,,39:00,7.0,19.0,0.368,2.0,4.0,0.5,1.0,1.0,1.0,3.0,9.0,12.0,3.0,1.0,2.0,6.0,3.0,17.0,-11.0
0040000045,1610612749,MIL,Milwaukee,1032,Darvin Ham,Darvin,F,,6:00,0.0,0.0,0.0,0.0,0.0,0.0,0.0,0.0,0.0,0.0,0.0,0.0,0.0,0.0,1.0,0.0,2.0,0.0,-7.0
0040000045,1610612749,MIL,Milwaukee,281,Scott Williams,Scott,G,,16:00,4.0,5.0,0.8,0.0,0.0,0.0,0.0,2.0,0.0,2.0,3.0,5.0,0.0,0.0,1.0,1.0,2.0,8.0,-11.0
0040000045,1610612749,MIL,Milwaukee,208,Sam Cassell,Sam,G,,34:00,4.0,11.0,0.364,0.0,3.0,0.0,0.0,0.0,0.0,0.0,1.0,1.0,4.0,3.0,0.0,4.0,5.0,8.0,-14.0
0040000045,1610612749,MIL,Milwaukee,951,Ray Allen,Ray,G,,43:00,7.0,17.0,0.412,3.0,8.0,0.375,2.0,2.0,1.0,2.0,4.0,6.0,10.0,1.0,1.0,6.0,2.0,19.0,-3.0
0040000045,1610612749,MIL,Milwaukee,679,Jason Caffey,Jason,G,,20:00,4.0,6.0,0.667,0.0,0.0,0.0,1.0,5.0,0.2,5.0,1.0,6.0,1.0,0.0,0.0,0.0,3.0,9.0,-7.0
0040000045,1610612749,MIL,Milwaukee,911,Ervin Johnson,Ervin,F,,32:00,1.0,2.0,0.5,0.0,0.0,0.0,2.0,2.0,1.0,3.0,8.0,11.0,0.0,1.0,3.0,3.0,0.0,4.0,4.0
0040000045,1610612749,MIL,Milwaukee,283,Lindsey Hunter,Lindsey,G,,19:00,0.0,5.0,0.0,0.0,3.0,0.0,0.0,0.0,0.0,0.0,3.0,3.0,3.0,0.0,0.0,0.0,3.0,0.0,3.0
0040000045,1610612749,MIL,Milwaukee,1501,Tim Thomas,Tim,F,,31:00,5.0,11.0,0.455,2.0,4.0,0.5,1.0,4.0,0.25,1.0,6.0,7.0,1.0,1.0,0.0,3.0,5.0,13.0,11.0
0040000045,1610612749,MIL,Milwaukee,1796,,,, ,,,,,,,,,,,,,,,,,,,,
0040000045,1610612749,MIL,Milwaukee,1797,,,, ,,,,,,,,,,,,,,,,,,,,
0040000045,1610612749,MIL,Milwaukee,2157,,,, ,,,,,,,,,,,,,,,,,,,,
0040000045,1610612749,MIL,Milwaukee,1334,,,, ,,,,,,,,,,,,,,,,,,,,
0040000045,1610612749,MIL,Milwaukee,1337,,,, ,,,,,,,,,,,,,,,,,,,,
0040000045,1610612749,MIL,Milwaukee,1355,,,, ,,,,,,,,,,,,,,,,,,,,
0040000045,1610612749,MIL,Milwaukee,1747,Rafer Alston,Rafer,,DNP - Coach's Decision,,,,,,,,,,,,,,,,,,,,
0040000045,1610612749,MIL,Milwaukee,998,Mark Pope,Mark,,DNP - Coach's Decision,,,,,,,,,,,,,,,,,,,,
0040000045,1610612749,MIL,Milwaukee,2038,Joel Przybilla,Joel,,DNP - Coach's Decision,,,,,,,,,,,,,,,,,,,,
0040000045,1610612766,CHH,Charlotte,469,Jamal Mashburn,Jamal,G,,44:00,11.0,26.0,0.423,0.0,3.0,0.0,9.0,9.0,1.0,2.0,6.0,8.0,4.0,2.0,1.0,3.0,1.0,31.0,10.0
0040000045,1610612766,CHH,Charlotte,136,P.J. Brown,P.J.,F,,41:00,3.0,10.0,0.3,0.0,0.0,0.0,1.0,1.0,1.0,7.0,6.0,13.0,3.0,3.0,2.0,0.0,2.0,7.0,15.0
0040000045,1610612766,CHH,Charlotte,922,Elden Campbell,Elden,C,,36:00,5.0,16.0,0.313,0.0,0.0,0.0,2.0,2.0,1.0,4.0,6.0,10.0,1.0,0.0,0.0,3.0,3.0,12.0,6.0
0040000045,1610612766,CHH,Charlotte,1884,Baron Davis,Baron,G,,43:00,6.0,14.0,0.429,3.0,8.0,0.375,3.0,3.0,1.0,1.0,4.0,5.0,7.0,6.0,0.0,4.0,2.0,18.0,13.0
0040000045,1610612766,CHH,Charlotte,133,David Wesley,David,G,,45:00,3.0,13.0,0.231,1.0,3.0,0.333,6.0,10.0,0.6,0.0,4.0,4.0,3.0,1.0,0.0,2.0,4.0,13.0,7.0
0040000045,1610612766,CHH,Charlotte,2048,Jamaal Magloire,Jamaal,F,,12:00,1.0,4.0,0.25,0.0,0.0,0.0,0.0,2.0,0.0,0.0,1.0,1.0,0.0,0.0,1.0,0.0,1.0,2.0,1.0
0040000045,1610612766,CHH,Charlotte,1944,Eddie Robinson,Eddie,G,,11:00,1.0,3.0,0.333,0.0,0.0,0.0,0.0,0.0,0.0,1.0,0.0,1.0,0.0,0.0,0.0,0.0,1.0,2.0,-9.0
0040000045,1610612766,CHH,Charlotte,901,Otis Thorpe,Otis,F,,8:00,0.0,0.0,0.0,0.0,0.0,0.0,0.0,0.0,0.0,0.0,1.0,1.0,0.0,0.0,0.0,0.0,2.0,0.0,-8.0
0040000045,1610612766,CHH,Charlotte,1992,,,, ,,,,,,,,,,,,,,,,,,,,
0040000045,1610612766,CHH,Charlotte,1215,,,, ,,,,,,,,,,,,,,,,,,,,
0040000045,1610612766,CHH,Charlotte,1218,,,, ,,,,,,,,,,,,,,,,,,,,
0040000045,1610612766,CHH,Charlotte,1316,,,, ,,,,,,,,,,,,,,,,,,,,
0040000045,1610612766,CHH,Charlotte,2152,,,, ,,,,,,,,,,,,,,,,,,,,
0040000045,1610612766,CHH,Charlotte,197,Scott Burrell,Scott,,DNP - Coach's Decision,,,,,,,,,,,,,,,,,,,,
0040000045,1610612766,CHH,Charlotte,934,Derrick Coleman,Derrick,,DNP - Coach's Decision,,,,,,,,,,,,,,,,,,,,
0040000045,1610612766,CHH,Charlotte,765,Hersey Hawkins,Hersey,,DNP - Coach's Decision,,,,,,,,,,,,,,,,,,,,
0040000045,1610612766,CHH,Charlotte,695,Eldridge Recasner,Eldridge,,DNP - Coach's Decision,,,,,,,,,,,,,,,,,,,,
0040000051,1610612747,LAL,Los Angeles,296,Rick Fox,Rick,F,,40:00,3.0,7.0,0.429,0.0,2.0,0.0,0.0,0.0,0.0,2.0,3.0,5.0,3.0,0.0,0.0,2.0,6.0,6.0,5.0
0040000051,1610612747,LAL,Los Angeles,270,Horace Grant,Horace,G,,34:00,1.0,7.0,0.143,0.0,0.0,0.0,2.0,2.0,1.0,3.0,3.0,6.0,0.0,0.0,0.0,2.0,3.0,4.0,3.0
0040000051,1610612747,LAL,Los Angeles,406,Shaquille O'Neal,Shaquille,F,,38:00,9.0,16.0,0.563,0.0,0.0,0.0,7.0,13.0,0.538,3.0,7.0,10.0,2.0,0.0,2.0,5.0,6.0,25.0,5.0
0040000051,1610612747,LAL,Los Angeles,977,Kobe Bryant,Kobe,G,,48:00,15.0,29.0,0.517,1.0,1.0,1.0,17.0,19.0,0.895,9.0,7.0,16.0,3.0,2.0,1.0,2.0,2.0,48.0,6.0
0040000051,1610612747,LAL,Los Angeles,965,Derek Fisher,Derek,G,,33:00,6.0,10.0,0.6,2.0,3.0,0.667,6.0,6.0,1.0,0.0,3.0,3.0,1.0,1.0,0.0,1.0,1.0,20.0,3.0
0040000051,1610612747,LAL,Los Angeles,216,Brian Shaw,Brian,G,,18:00,2.0,5.0,0.4,1.0,3.0,0.333,0.0,0.0,0.0,0.0,1.0,1.0,5.0,0.0,1.0,1.0,3.0,5.0,-1.0
0040000051,1610612747,LAL,Los Angeles,109,Robert Horry,Robert,G,,24:00,3.0,4.0,0.75,2.0,3.0,0.667,3.0,4.0,0.75,0.0,0.0,0.0,3.0,3.0,1.0,2.0,4.0,11.0,4.0
0040000051,1610612747,LAL,Los Angeles,2058,Mark Madsen,Mark,,,1:00,0.0,0.0,0.0,0.0,0.0,0.0,0.0,0.0,0.0,0.0,0.0,0.0,0.0,0.0,0.0,0.0,0.0,0.0,0.0
0040000051,1610612747,LAL,Los Angeles,166,Ron Harper,Ron,,,4:00,0.0,0.0,0.0,0.0,0.0,0.0,0.0,0.0,0.0,0.0,0.0,0.0,0.0,1.0,0.0,0.0,0.0,0.0,5.0
0040000051,1610612747,LAL,Los Angeles,1219,,,, ,,,,,,,,,,,,,,,,,,,,
0040000051,1610612747,LAL,Los Angeles,1221,,,, ,,,,,,,,,,,,,,,,,,,,
0040000051,1610612747,LAL,Los Angeles,1223,,,, ,,,,,,,,,,,,,,,,,,,,
0040000051,1610612747,LAL,Los Angeles,1230,,,, ,,,,,,,,,,,,,,,,,,,,
0040000051,1610612747,LAL,Los Angeles,1270,,,, ,,,,,,,,,,,,,,,,,,,,
0040000051,1610612747,LAL,Los Angeles,1273,,,, ,,,,,,,,,,,,,,,,,,,,
0040000051,1610612747,LAL,Los Angeles,323,Greg Foster,Greg,,DND - sprained right foot,,,,,,,,,,,,,,,,,,,,
0040000051,1610612747,LAL,Los Angeles,1904,Devean George,Devean,,DNP - Coach's Decision,,,,,,,,,,,,,,,,,,,,
0040000051,1610612747,LAL,Los Angeles,1731,Tyronn Lue,Tyronn,,DNP - Coach's Decision,,,,,,,,,,,,,,,,,,,,
0040000051,1610612758,SAC,Sacramento,978,Peja Stojakovic,Peja,G,,40:00,8.0,14.0,0.571,1.0,3.0,0.333,9.0,9.0,1.0,2.0,3.0,5.0,0.0,0.0,0.0,5.0,3.0,26.0,8.0
0040000051,1610612758,SAC,Sacramento,185,Chris Webber,Chris,G,,46:00,8.0,25.0,0.32,0.0,0.0,0.0,5.0,6.0,0.833,7.0,4.0,11.0,8.0,0.0,1.0,6.0,5.0,21.0,-5.0
0040000051,1610612758,SAC,Sacramento,124,Vlade Divac,Vlade,C,,32:00,4.0,9.0,0.444,0.0,0.0,0.0,10.0,10.0,1.0,4.0,6.0,10.0,1.0,1.0,4.0,1.0,4.0,18.0,6.0
0040000051,1610612758,SAC,Sacramento,57,Doug Christie,Doug,G,,46:00,5.0,9.0,0.556,2.0,3.0,0.667,3.0,3.0,1.0,1.0,1.0,2.0,4.0,4.0,0.0,1.0,5.0,15.0,-13.0
0040000051,1610612758,SAC,Sacramento,1715,Jason Williams,Jason,G,,19:00,1.0,5.0,0.2,1.0,5.0,0.2,0.0,0.0,0.0,0.0,1.0,1.0,3.0,1.0,0.0,3.0,0.0,3.0,-5.0
0040000051,1610612758,SAC,Sacramento,1517,Bobby Jackson,Bobby,G,,20:00,1.0,5.0,0.2,1.0,3.0,0.333,1.0,2.0,0.5,0.0,0.0,0.0,3.0,0.0,0.0,0.0,4.0,4.0,-10.0
0040000051,1610612758,SAC,Sacramento,1513,Scot Pollard,Scot,G,,10:00,1.0,1.0,1.0,0.0,0.0,0.0,0.0,0.0,0.0,1.0,2.0,3.0,0.0,0.0,0.0,1.0,5.0,2.0,2.0
0040000051,1610612758,SAC,Sacramento,2045,Hedo Turkoglu,Hedo,C,,22:00,8.0,10.0,0.8,4.0,4.0,1.0,2.0,2.0,1.0,1.0,3.0,4.0,3.0,1.0,0.0,0.0,3.0,22.0,-2.0
0040000051,1610612758,SAC,Sacramento,1444,Lawrence Funderburke,Lawrence,F,,5:00,1.0,3.0,0.333,0.0,0.0,0.0,0.0,0.0,0.0,1.0,1.0,2.0,0.0,0.0,0.0,0.0,3.0,2.0,-11.0
0040000051,1610612758,SAC,Sacramento,1248,,,, ,,,,,,,,,,,,,,,,,,,,
0040000051,1610612758,SAC,Sacramento,1249,,,, ,,,,,,,,,,,,,,,,,,,,
0040000051,1610612758,SAC,Sacramento,1322,,,, ,,,,,,,,,,,,,,,,,,,,
0040000051,1610612758,SAC,Sacramento,1327,,,, ,,,,,,,,,,,,,,,,,,,,
0040000051,1610612758,SAC,Sacramento,1328,,,, ,,,,,,,,,,,,,,,,,,,,
0040000051,1610612758,SAC,Sacramento,1775,,,, ,,,,,,,,,,,,,,,,,,,,
0040000051,1610612758,SAC,Sacramento,98,Nick Anderson,Nick,,DND - strained right shoulder,,,,,,,,,,,,,,,,,,,,
0040000051,1610612758,SAC,Sacramento,468,Jon Barry,Jon,,DNP - Coach's Decision,,,,,,,,,,,,,,,,,,,,
0040000051,1610612758,SAC,Sacramento,239,Darrick Martin,Darrick,,DNP - Coach's Decision,,,,,,,,,,,,,,,,,,,,
0040000065,1610612755,PHI,Philadelphia,248,George Lynch,George,F,,28:00,4.0,8.0,0.5,0.0,0.0,0.0,0.0,0.0,0.0,3.0,3.0,6.0,1.0,1.0,1.0,0.0,4.0,8.0,1.0
0040000065,1610612755,PHI,Philadelphia,238,Tyrone Hill,Tyrone,F,,21:00,1.0,5.0,0.2,0.0,0.0,0.0,0.0,0.0,0.0,1.0,3.0,4.0,1.0,1.0,0.0,1.0,5.0,2.0,-2.0
0040000065,1610612755,PHI,Philadelphia,87,Dikembe Mutombo,Dikembe,C,,45:00,5.0,8.0,0.625,0.0,0.0,0.0,3.0,5.0,0.6,7.0,10.0,17.0,1.0,2.0,4.0,3.0,3.0,13.0,7.0
0040000065,1610612755,PHI,Philadelphia,243,Aaron McKie,Aaron,G,,45:00,8.0,13.0,0.615,0.0,2.0,0.0,2.0,2.0,1.0,2.0,3.0,5.0,5.0,2.0,0.0,3.0,2.0,18.0,8.0
0040000065,1610612755,PHI,Philadelphia,947,Allen Iverson,Allen,G,,47:00,10.0,30.0,0.333,3.0,6.0,0.5,7.0,8.0,0.875,0.0,4.0,4.0,5.0,4.0,0.0,2.0,2.0,30.0,5.0
0040000065,1610612755,PHI,Philadelphia,727,Eric Snow,Eric,G,,25:00,4.0,10.0,0.4,0.0,0.0,0.0,0.0,0.0,0.0,0.0,2.0,2.0,4.0,0.0,0.0,1.0,4.0,8.0,5.0
0040000065,1610612755,PHI,Philadelphia,1563,Kevin Ollie,Kevin,G,,11:00,1.0,3.0,0.333,0.0,0.0,0.0,1.0,2.0,0.5,0.0,1.0,1.0,3.0,0.0,0.0,1.0,0.0,3.0,0.0
0040000065,1610612755,PHI,Philadelphia,1908,Jumaine Jones,Jumaine,,,14:00,0.0,2.0,0.0,0.0,1.0,0.0,0.0,0.0,0.0,0.0,1.0,1.0,0.0,0.0,1.0,1.0,4.0,0.0,3.0
0040000065,1610612755,PHI,Philadelphia,1928,Todd MacCulloch,Todd,,,3:00,1.0,1.0,1.0,0.0,0.0,0.0,0.0,0.0,0.0,1.0,0.0,1.0,0.0,0.0,0.0,1.0,0.0,2.0,-2.0
0040000065,1610612755,PHI,Philadelphia,1934,Rodney Buford,Rodney,,,1:00,0.0,0.0,0.0,0.0,0.0,0.0,0.0,0.0,0.0,0.0,0.0,0.0,0.0,0.0,0.0,0.0,0.0,0.0,0.0
0040000065,1610612755,PHI,Philadelphia,1259,,,, ,,,,,,,,,,,,,,,,,,,,
0040000065,1610612755,PHI,Philadelphia,2169,,,, ,,,,,,,,,,,,,,,,,,,,
0040000065,1610612755,PHI,Philadelphia,1212,,,, ,,,,,,,,,,,,,,,,,,,,
0040000065,1610612755,PHI,Philadelphia,1308,,,, ,,,,,,,,,,,,,,,,,,,,
0040000065,1610612755,PHI,Philadelphia,1312,,,, ,,,,,,,,,,,,,,,,,,,,
0040000065,1610612755,PHI,Philadelphia,1313,,,, ,,,,,,,,,,,,,,,,,,,,
0040000065,1610612755,PHI,Philadelphia,1865,,,, ,,,,,,,,,,,,,,,,,,,,
0040000065,1610612755,PHI,Philadelphia,1952,Raja Bell,Raja,,DNP - Coach's Decision,,,,,,,,,,,,,,,,,,,,
0040000065,1610612755,PHI,Philadelphia,761,Matt Geiger,Matt,,DNP - Coach's Decision,,,,,,,,,,,,,,,,,,,,
0040000065,1610612761,TOR,Toronto,1713,Vince Carter,Vince,F,,47:00,8.0,27.0,0.296,1.0,7.0,0.143,8.0,10.0,0.8,5.0,5.0,10.0,5.0,1.0,3.0,2.0,5.0,25.0,-5.0
0040000065,1610612761,TOR,Toronto,891,Charles Oakley,Charles,F,,40:00,4.0,12.0,0.333,1.0,2.0,0.5,2.0,2.0,1.0,5.0,6.0,11.0,1.0,2.0,3.0,3.0,4.0,11.0,-3.0
0040000065,1610612761,TOR,Toronto,213,Antonio Davis,Antonio,C,,44:00,4.0,10.0,0.4,0.0,0.0,0.0,7.0,8.0,0.875,4.0,7.0,11.0,0.0,3.0,2.0,1.0,4.0,15.0,-7.0
0040000065,1610612761,TOR,Toronto,1541,Alvin Williams,Alvin,G,,44:00,7.0,18.0,0.389,0.0,4.0,0.0,0.0,0.0,0.0,1.0,2.0,3.0,2.0,0.0,1.0,1.0,2.0,14.0,-1.0
0040000065,1610612761,TOR,Toronto,164,Chris Childs,Chris,G,,45:00,3.0,8.0,0.375,2.0,4.0,0.5,2.0,2.0,1.0,1.0,4.0,5.0,7.0,0.0,0.0,5.0,2.0,10.0,-2.0
0040000065,1610612761,TOR,Toronto,966,Jerome Williams,Jerome,F,,8:00,0.0,1.0,0.0,0.0,0.0,0.0,0.0,0.0,0.0,4.0,3.0,7.0,1.0,0.0,1.0,0.0,2.0,0.0,-4.0
0040000065,1610612761,TOR,Toronto,209,Dell Curry,Dell,G,,8:00,1.0,3.0,0.333,0.0,1.0,0.0,2.0,2.0,1.0,0.0,0.0,0.0,1.0,0.0,0.0,0.0,1.0,4.0,-5.0
0040000065,1610612761,TOR,Toronto,1721,Keon Clark,Keon,,,4:00,0.0,2.0,0.0,0.0,0.0,0.0,0.0,0.0,0.0,0.0,0.0,0.0,0.0,0.0,1.0,0.0,1.0,0.0,2.0
0040000065,1610612761,TOR,Toronto,1344,,,, ,,,,,,,,,,,,,,,,,,,,
0040000065,1610612761,TOR,Toronto,1368,,,, ,,,,,,,,,,,,,,,,,,,,
0040000065,1610612761,TOR,Toronto,2162,,,, ,,,,,,,,,,,,,,,,,,,,
0040000065,1610612761,TOR,Toronto,1205,,,, ,,,,,,,,,,,,,,,,,,,,
0040000065,1610612761,TOR,Toronto,883,,,, ,,,,,,,,,,,,,,,,,,,,
0040000065,1610612761,TOR,Toronto,1244,,,, ,,,,,,,,,,,,,,,,,,,,
0040000065,1610612761,TOR,Toronto,1266,,,, ,,,,,,,,,,,,,,,,,,,,
0040000065,1610612761,TOR,Toronto,376,Eric Montross,Eric,,DNP - Coach's Decision,,,,,,,,,,,,,,,,,,,,
0040000065,1610612761,TOR,Toronto,145,Tracy Murray,Tracy,,DNP - Coach's Decision,,,,,,,,,,,,,,,,,,,,
0040000065,1610612761,TOR,Toronto,2050,Morris Peterson,Morris,,DNP - Coach's Decision,,,,,,,,,,,,,,,,,,,,
0040000065,1610612761,TOR,Toronto,1565,Michael Stewart,Michael,,DNP - Coach's Decision,,,,,,,,,,,,,,,,,,,,
0040000059,1610612742,DAL,Dallas,1717,Dirk Nowitzki,Dirk,G,,47:00,14.0,24.0,0.583,0.0,1.0,0.0,14.0,18.0,0.778,6.0,12.0,18.0,2.0,6.0,1.0,3.0,2.0,42.0,-18.0
0040000059,1610612742,DAL,Dallas,436,Juwan Howard,Juwan,F,,36:00,5.0,16.0,0.313,0.0,0.0,0.0,4.0,4.0,1.0,5.0,7.0,12.0,1.0,0.0,1.0,2.0,4.0,14.0,-12.0
0040000059,1610612742,DAL,Dallas,762,Shawn Bradley,Shawn,G,,19:00,2.0,4.0,0.5,0.0,0.0,0.0,0.0,0.0,0.0,4.0,3.0,7.0,1.0,1.0,1.0,1.0,1.0,4.0,-2.0
0040000059,1610612742,DAL,Dallas,959,Steve Nash,Steve,G,,30:00,4.0,7.0,0.571,0.0,2.0,0.0,3.0,4.0,0.75,1.0,1.0,2.0,3.0,0.0,0.0,2.0,3.0,11.0,-8.0
0040000059,1610612742,DAL,Dallas,714,Michael Finley,Michael,G,,39:00,1.0,17.0,0.059,0.0,4.0,0.0,0.0,0.0,0.0,1.0,1.0,2.0,4.0,2.0,0.0,1.0,2.0,2.0,-24.0
0040000059,1610612742,DAL,Dallas,1916,Calvin Booth,Calvin,,,16:00,1.0,6.0,0.167,0.0,0.0,0.0,0.0,0.0,0.0,1.0,1.0,2.0,0.0,1.0,0.0,0.0,2.0,2.0,-7.0
0040000059,1610612742,DAL,Dallas,458,Howard Eisley,Howard,F,,28:00,3.0,9.0,0.333,0.0,4.0,0.0,0.0,0.0,0.0,0.0,1.0,1.0,4.0,0.0,0.0,2.0,1.0,6.0,-11.0
0040000059,1610612742,DAL,Dallas,1761,Greg Buckner,Greg,G,,13:00,3.0,6.0,0.5,0.0,0.0,0.0,0.0,0.0,0.0,1.0,1.0,2.0,0.0,2.0,0.0,1.0,4.0,6.0,-12.0
0040000059,1610612742,DAL,Dallas,2059,Eduardo Najera,Eduardo,,,10:00,0.0,1.0,0.0,0.0,0.0,0.0,0.0,0.0,0.0,0.0,1.0,1.0,1.0,0.0,0.0,0.0,1.0,0.0,4.0
0040000059,1610612742,DAL,Dallas,1917,Wang Zhi-zhi,Wang,,,2:00,0.0,0.0,0.0,0.0,0.0,0.0,0.0,0.0,0.0,0.0,0.0,0.0,0.0,0.0,0.0,0.0,0.0,0.0,0.0
0040000059,1610612742,DAL,Dallas,1782,,,, ,,,,,,,,,,,,,,,,,,,,
0040000059,1610612742,DAL,Dallas,2154,,,, ,,,,,,,,,,,,,,,,,,,,
0040000059,1610612742,DAL,Dallas,1643,,,, ,,,,,,,,,,,,,,,,,,,,
0040000059,1610612742,DAL,Dallas,1233,,,, ,,,,,,,,,,,,,,,,,,,,
0040000059,1610612742,DAL,Dallas,1269,,,, ,,,,,,,,,,,,,,,,,,,,
0040000059,1610612742,DAL,Dallas,1317,,,, ,,,,,,,,,,,,,,,,,,,,
0040000059,1610612742,DAL,Dallas,1370,,,, ,,,,,,,,,,,,,,,,,,,,
0040000059,1610612742,DAL,Dallas,1483,,,, ,,,,,,,,,,,,,,,,,,,,
0040000059,1610612742,DAL,Dallas,95,Mark Bryant,Mark,,DNP - Coach's Decision,,,,,,,,,,,,,,,,,,,,
0040000059,1610612742,DAL,Dallas,137,Vernon Maxwell,Vernon,,DNP - Coach's Decision,,,,,,,,,,,,,,,,,,,,
0040000059,1610612759,SAS,San Antonio,198,Danny Ferry,Danny,F,,28:00,2.0,5.0,0.4,2.0,5.0,0.4,0.0,0.0,0.0,2.0,2.0,4.0,1.0,0.0,0.0,0.0,2.0,6.0,6.0
0040000059,1610612759,SAS,San Antonio,1495,Tim Duncan,Tim,G,,45:00,12.0,25.0,0.48,0.0,0.0,0.0,8.0,11.0,0.727,6.0,14.0,20.0,3.0,1.0,5.0,5.0,2.0,32.0,22.0
0040000059,1610612759,SAS,San Antonio,764,David Robinson,David,C,,29:00,5.0,11.0,0.455,0.0,0.0,0.0,6.0,10.0,0.6,2.0,12.0,14.0,5.0,2.0,4.0,1.0,2.0,16.0,10.0
0040000059,1610612759,SAS,San Antonio,345,Terry Porter,Terry,G,,20:00,2.0,4.0,0.5,0.0,1.0,0.0,1.0,2.0,0.5,0.0,1.0,1.0,2.0,2.0,0.0,2.0,0.0,5.0,6.0
0040000059,1610612759,SAS,San Antonio,1498,Antonio Daniels,Antonio,G,,38:00,9.0,15.0,0.6,1.0,4.0,0.25,0.0,0.0,0.0,0.0,2.0,2.0,9.0,0.0,0.0,3.0,2.0,19.0,17.0
0040000059,1610612759,SAS,San Antonio,422,Avery Johnson,Avery,F,,27:00,5.0,9.0,0.556,0.0,0.0,0.0,0.0,0.0,0.0,1.0,1.0,2.0,6.0,1.0,0.0,1.0,2.0,10.0,14.0
0040000059,1610612759,SAS,San Antonio,990,Malik Rose,Malik,G,,19:00,1.0,4.0,0.25,0.0,0.0,0.0,0.0,0.0,0.0,2.0,2.0,4.0,0.0,0.0,0.0,0.0,4.0,2.0,3.0
0040000059,1610612759,SAS,San Antonio,251,Sean Elliott,Sean,G,,19:00,3.0,4.0,0.75,2.0,2.0,1.0,0.0,0.0,0.0,0.0,2.0,2.0,1.0,2.0,0.0,2.0,1.0,8.0,10.0
0040000059,1610612759,SAS,San Antonio,70,Steve Kerr,Steve,F,,11:00,2.0,2.0,1.0,1.0,1.0,1.0,0.0,0.0,0.0,0.0,0.0,0.0,1.0,1.0,0.0,1.0,1.0,5.0,3.0
0040000059,1610612759,SAS,San Antonio,955,Samaki Walker,Samaki,,,3:00,1.0,1.0,1.0,0.0,0.0,0.0,0.0,0.0,0.0,0.0,0.0,0.0,0.0,0.0,0.0,0.0,1.0,2.0,1.0
0040000059,1610612759,SAS,San Antonio,1035,Shawnelle Scott,Shawnelle,,,1:00,0.0,1.0,0.0,0.0,1.0,0.0,0.0,0.0,0.0,0.0,0.0,0.0,0.0,0.0,0.0,1.0,0.0,0.0,-2.0
0040000059,1610612759,SAS,San Antonio,1371,,,, ,,,,,,,,,,,,,,,,,,,,
0040000059,1610612759,SAS,San Antonio,1331,,,, ,,,,,,,,,,,,,,,,,,,,
0040000059,1610612759,SAS,San Antonio,1264,,,, ,,,,,,,,,,,,,,,,,,,,
0040000059,1610612759,SAS,San Antonio,873,,,, ,,,,,,,,,,,,,,,,,,,,
0040000059,1610612759,SAS,San Antonio,1658,,,, ,,,,,,,,,,,,,,,,,,,,
0040000059,1610612759,SAS,San Antonio,1507,Derek Anderson,Derek,,DND - Right shoulder separation.,,,,,,,,,,,,,,,,,,,,
0040000046,1610612766,CHH,Charlotte,136,P.J. Brown,P.J.,G,,39:00,3.0,6.0,0.5,0.0,0.0,0.0,2.0,2.0,1.0,1.0,6.0,7.0,1.0,2.0,0.0,1.0,1.0,8.0,5.0
0040000046,1610612766,CHH,Charlotte,469,Jamal Mashburn,Jamal,G,,42:00,8.0,23.0,0.348,0.0,1.0,0.0,8.0,11.0,0.727,2.0,3.0,5.0,8.0,3.0,0.0,3.0,3.0,24.0,1.0
0040000046,1610612766,CHH,Charlotte,922,Elden Campbell,Elden,F,,32:00,5.0,11.0,0.455,0.0,0.0,0.0,3.0,4.0,0.75,6.0,4.0,10.0,1.0,0.0,2.0,2.0,5.0,13.0,8.0
0040000046,1610612766,CHH,Charlotte,1884,Baron Davis,Baron,G,,34:00,7.0,10.0,0.7,5.0,5.0,1.0,0.0,0.0,0.0,1.0,5.0,6.0,5.0,3.0,0.0,1.0,5.0,19.0,0.0
0040000046,1610612766,CHH,Charlotte,133,David Wesley,David,G,,44:00,6.0,14.0,0.429,1.0,2.0,0.5,2.0,4.0,0.5,0.0,3.0,3.0,6.0,0.0,0.0,1.0,3.0,15.0,14.0
0040000046,1610612766,CHH,Charlotte,2048,Jamaal Magloire,Jamaal,,,11:00,2.0,3.0,0.667,0.0,0.0,0.0,0.0,0.0,0.0,0.0,1.0,1.0,0.0,0.0,0.0,0.0,3.0,4.0,3.0
0040000046,1610612766,CHH,Charlotte,1944,Eddie Robinson,Eddie,G,,22:00,4.0,9.0,0.444,1.0,1.0,1.0,2.0,2.0,1.0,0.0,5.0,5.0,0.0,1.0,1.0,0.0,2.0,11.0,11.0
0040000046,1610612766,CHH,Charlotte,901,Otis Thorpe,Otis,G,,15:00,0.0,3.0,0.0,0.0,0.0,0.0,0.0,0.0,0.0,1.0,5.0,6.0,0.0,0.0,0.0,0.0,1.0,0.0,-2.0
0040000046,1610612766,CHH,Charlotte,765,Hersey Hawkins,Hersey,,,1:00,0.0,0.0,0.0,0.0,0.0,0.0,0.0,0.0,0.0,0.0,0.0,0.0,0.0,0.0,0.0,0.0,0.0,0.0,0.0
0040000046,1610612766,CHH,Charlotte,1992,,,, ,,,,,,,,,,,,,,,,,,,,
0040000046,1610612766,CHH,Charlotte,1215,,,, ,,,,,,,,,,,,,,,,,,,,
0040000046,1610612766,CHH,Charlotte,1218,,,, ,,,,,,,,,,,,,,,,,,,,
0040000046,1610612766,CHH,Charlotte,1316,,,, ,,,,,,,,,,,,,,,,,,,,
0040000046,1610612766,CHH,Charlotte,2152,,,, ,,,,,,,,,,,,,,,,,,,,
0040000046,1610612766,CHH,Charlotte,197,Scott Burrell,Scott,,DNP - Coach's Decision,,,,,,,,,,,,,,,,,,,,
0040000046,1610612766,CHH,Charlotte,934,Derrick Coleman,Derrick,,DNP - Coach's Decision,,,,,,,,,,,,,,,,,,,,
0040000046,1610612766,CHH,Charlotte,695,Eldridge Recasner,Eldridge,,DNP - Coach's Decision,,,,,,,,,,,,,,,,,,,,
0040000046,1610612749,MIL,Milwaukee,299,Glenn Robinson,Glenn,G,,37:00,9.0,17.0,0.529,0.0,2.0,0.0,4.0,6.0,0.667,1.0,2.0,3.0,2.0,0.0,0.0,3.0,1.0,22.0,-7.0
0040000046,1610612749,MIL,Milwaukee,281,Scott Williams,Scott,G,,20:00,2.0,7.0,0.286,0.0,0.0,0.0,0.0,0.0,0.0,2.0,3.0,5.0,1.0,0.0,0.0,0.0,3.0,4.0,-6.0
0040000046,1610612749,MIL,Milwaukee,911,Ervin Johnson,Ervin,G,,38:00,2.0,4.0,0.5,0.0,0.0,0.0,2.0,2.0,1.0,5.0,12.0,17.0,2.0,0.0,5.0,0.0,4.0,6.0,-3.0
0040000046,1610612749,MIL,Milwaukee,951,Ray Allen,Ray,G,,45:00,6.0,18.0,0.333,2.0,8.0,0.25,6.0,8.0,0.75,2.0,4.0,6.0,7.0,3.0,1.0,2.0,1.0,20.0,0.0
0040000046,1610612749,MIL,Milwaukee,208,Sam Cassell,Sam,G,,35:00,4.0,12.0,0.333,1.0,1.0,1.0,3.0,4.0,0.75,1.0,1.0,2.0,4.0,0.0,0.0,2.0,4.0,12.0,-16.0
0040000046,1610612749,MIL,Milwaukee,1501,Tim Thomas,Tim,F,,29:00,5.0,12.0,0.417,1.0,1.0,1.0,4.0,4.0,1.0,3.0,5.0,8.0,2.0,0.0,0.0,0.0,3.0,15.0,-3.0
0040000046,1610612749,MIL,Milwaukee,679,Jason Caffey,Jason,G,,18:00,1.0,6.0,0.167,0.0,0.0,0.0,3.0,4.0,0.75,4.0,5.0,9.0,2.0,0.0,0.0,1.0,2.0,5.0,-5.0
0040000046,1610612749,MIL,Milwaukee,283,Lindsey Hunter,Lindsey,F,,16:00,1.0,6.0,0.167,0.0,3.0,0.0,0.0,0.0,0.0,0.0,2.0,2.0,0.0,0.0,0.0,2.0,3.0,2.0,-1.0
0040000046,1610612749,MIL,Milwaukee,1032,Darvin Ham,Darvin,,,2:00,0.0,0.0,0.0,0.0,0.0,0.0,0.0,0.0,0.0,0.0,0.0,0.0,0.0,0.0,0.0,0.0,1.0,0.0,1.0
0040000046,1610612749,MIL,Milwaukee,1334,,,, ,,,,,,,,,,,,,,,,,,,,
0040000046,1610612749,MIL,Milwaukee,1337,,,, ,,,,,,,,,,,,,,,,,,,,
0040000046,1610612749,MIL,Milwaukee,1355,,,, ,,,,,,,,,,,,,,,,,,,,
0040000046,1610612749,MIL,Milwaukee,2157,,,, ,,,,,,,,,,,,,,,,,,,,
0040000046,1610612749,MIL,Milwaukee,1796,,,, ,,,,,,,,,,,,,,,,,,,,
0040000046,1610612749,MIL,Milwaukee,1797,,,, ,,,,,,,,,,,,,,,,,,,,
0040000046,1610612749,MIL,Milwaukee,1747,Rafer Alston,Rafer,,DNP - Coach's Decision,,,,,,,,,,,,,,,,,,,,
0040000046,1610612749,MIL,Milwaukee,998,Mark Pope,Mark,,DNP - Coach's Decision,,,,,,,,,,,,,,,,,,,,
0040000046,1610612749,MIL,Milwaukee,2038,Joel Przybilla,Joel,,DNP - Coach's Decision,,,,,,,,,,,,,,,,,,,,
0040000066,1610612761,TOR,Toronto,1713,Vince Carter,Vince,F,,35:00,6.0,11.0,0.545,0.0,1.0,0.0,4.0,5.0,0.8,2.0,3.0,5.0,2.0,2.0,0.0,6.0,2.0,16.0,-30.0
0040000066,1610612761,TOR,Toronto,891,Charles Oakley,Charles,F,,20:00,1.0,6.0,0.167,0.0,0.0,0.0,0.0,0.0,0.0,1.0,0.0,1.0,0.0,0.0,0.0,1.0,0.0,2.0,-22.0
0040000066,1610612761,TOR,Toronto,213,Antonio Davis,Antonio,G,,29:00,5.0,9.0,0.556,0.0,0.0,0.0,4.0,4.0,1.0,2.0,2.0,4.0,2.0,0.0,1.0,0.0,3.0,14.0,-14.0
0040000066,1610612761,TOR,Toronto,164,Chris Childs,Chris,G,,35:00,4.0,11.0,0.364,0.0,4.0,0.0,2.0,2.0,1.0,0.0,1.0,1.0,8.0,2.0,0.0,2.0,6.0,10.0,-25.0
0040000066,1610612761,TOR,Toronto,1541,Alvin Williams,Alvin,G,,30:00,2.0,5.0,0.4,0.0,1.0,0.0,3.0,7.0,0.429,0.0,2.0,2.0,4.0,0.0,0.0,0.0,3.0,7.0,-19.0
0040000066,1610612761,TOR,Toronto,376,Eric Montross,Eric,,,18:00,1.0,3.0,0.333,0.0,0.0,0.0,0.0,0.0,0.0,1.0,1.0,2.0,0.0,0.0,2.0,1.0,1.0,2.0,-17.0
0040000066,1610612761,TOR,Toronto,2050,Morris Peterson,Morris,C,,15:00,4.0,6.0,0.667,0.0,1.0,0.0,1.0,2.0,0.5,0.0,1.0,1.0,2.0,1.0,0.0,0.0,1.0,9.0,-6.0
0040000066,1610612761,TOR,Toronto,1721,Keon Clark,Keon,G,,21:00,2.0,5.0,0.4,0.0,0.0,0.0,2.0,2.0,1.0,2.0,3.0,5.0,1.0,0.0,0.0,2.0,1.0,6.0,-12.0
0040000066,1610612761,TOR,Toronto,209,Dell Curry,Dell,G,,19:00,4.0,8.0,0.5,4.0,6.0,0.667,0.0,0.0,0.0,1.0,1.0,2.0,1.0,2.0,0.0,1.0,1.0,12.0,-14.0
0040000066,1610612761,TOR,Toronto,966,Jerome Williams,Jerome,F,,18:00,5.0,7.0,0.714,0.0,0.0,0.0,0.0,0.0,0.0,2.0,3.0,5.0,1.0,1.0,0.0,0.0,1.0,10.0,-6.0
0040000066,1610612761,TOR,Toronto,1205,,,, ,,,,,,,,,,,,,,,,,,,,
0040000066,1610612761,TOR,Toronto,883,,,, ,,,,,,,,,,,,,,,,,,,,
0040000066,1610612761,TOR,Toronto,1244,,,, ,,,,,,,,,,,,,,,,,,,,
0040000066,1610612761,TOR,Toronto,1344,,,, ,,,,,,,,,,,,,,,,,,,,
0040000066,1610612761,TOR,Toronto,1368,,,, ,,,,,,,,,,,,,,,,,,,,
0040000066,1610612761,TOR,Toronto,2162,,,, ,,,,,,,,,,,,,,,,,,,,
0040000066,1610612761,TOR,Toronto,1266,,,, ,,,,,,,,,,,,,,,,,,,,
0040000066,1610612761,TOR,Toronto,145,Tracy Murray,Tracy,,DNP - Coach's Decision,,,,,,,,,,,,,,,,,,,,
0040000066,1610612761,TOR,Toronto,1565,Michael Stewart,Michael,,DNP - Coach's Decision,,,,,,,,,,,,,,,,,,,,
0040000066,1610612755,PHI,Philadelphia,1908,Jumaine Jones,Jumaine,F,,25:00,4.0,7.0,0.571,1.0,2.0,0.5,0.0,0.0,0.0,3.0,1.0,4.0,3.0,1.0,0.0,1.0,1.0,9.0,19.0
0040000066,1610612755,PHI,Philadelphia,238,Tyrone Hill,Tyrone,F,,34:00,2.0,5.0,0.4,0.0,0.0,0.0,2.0,2.0,1.0,2.0,5.0,7.0,1.0,0.0,2.0,2.0,4.0,6.0,28.0
0040000066,1610612755,PHI,Philadelphia,87,Dikembe Mutombo,Dikembe,C,,40:00,4.0,7.0,0.571,0.0,0.0,0.0,6.0,6.0,1.0,2.0,7.0,9.0,1.0,1.0,2.0,0.0,4.0,14.0,33.0
0040000066,1610612755,PHI,Philadelphia,243,Aaron McKie,Aaron,G,,38:00,8.0,14.0,0.571,1.0,3.0,0.333,2.0,2.0,1.0,1.0,3.0,4.0,9.0,2.0,0.0,3.0,2.0,19.0,30.0
0040000066,1610612755,PHI,Philadelphia,947,Allen Iverson,Allen,G,,43:00,21.0,32.0,0.656,8.0,14.0,0.571,2.0,2.0,1.0,0.0,2.0,2.0,7.0,4.0,0.0,1.0,3.0,52.0,30.0
0040000066,1610612755,PHI,Philadelphia,1934,Rodney Buford,Rodney,F,,13:00,2.0,3.0,0.667,1.0,1.0,1.0,0.0,0.0,0.0,0.0,1.0,1.0,0.0,1.0,0.0,0.0,3.0,5.0,6.0
0040000066,1610612755,PHI,Philadelphia,727,Eric Snow,Eric,G,,23:00,2.0,4.0,0.5,0.0,0.0,0.0,0.0,0.0,0.0,3.0,3.0,6.0,7.0,0.0,0.0,2.0,2.0,4.0,14.0
0040000066,1610612755,PHI,Philadelphia,1928,Todd MacCulloch,Todd,C,,10:00,3.0,3.0,1.0,0.0,0.0,0.0,0.0,0.0,0.0,2.0,2.0,4.0,0.0,0.0,1.0,1.0,1.0,6.0,5.0
0040000066,1610612755,PHI,Philadelphia,1563,Kevin Ollie,Kevin,,,11:00,1.0,2.0,0.5,0.0,0.0,0.0,4.0,4.0,1.0,0.0,1.0,1.0,4.0,0.0,0.0,1.0,0.0,6.0,0.0
0040000066,1610612755,PHI,Philadelphia,1952,Raja Bell,Raja,,,3:00,0.0,1.0,0.0,0.0,1.0,0.0,0.0,0.0,0.0,0.0,0.0,0.0,0.0,0.0,0.0,0.0,0.0,0.0,0.0
0040000066,1610612755,PHI,Philadelphia,1259,,,, ,,,,,,,,,,,,,,,,,,,,
0040000066,1610612755,PHI,Philadelphia,2169,,,, ,,,,,,,,,,,,,,,,,,,,
0040000066,1610612755,PHI,Philadelphia,1865,,,, ,,,,,,,,,,,,,,,,,,,,
0040000066,1610612755,PHI,Philadelphia,1212,,,, ,,,,,,,,,,,,,,,,,,,,
0040000066,1610612755,PHI,Philadelphia,1308,,,, ,,,,,,,,,,,,,,,,,,,,
0040000066,1610612755,PHI,Philadelphia,1312,,,, ,,,,,,,,,,,,,,,,,,,,
0040000066,1610612755,PHI,Philadelphia,1313,,,, ,,,,,,,,,,,,,,,,,,,,
0040000066,1610612755,PHI,Philadelphia,761,Matt Geiger,Matt,,DND - Right quadriceps tendinitis,,,,,,,,,,,,,,,,,,,,
0040000066,1610612755,PHI,Philadelphia,248,George Lynch,George,,DND - Left 5th metatarsal fracture,,,,,,,,,,,,,,,,,,,,
0040000047,1610612749,MIL,Milwaukee,299,Glenn Robinson,Glenn,F,,38:00,11.0,21.0,0.524,1.0,1.0,1.0,6.0,6.0,1.0,1.0,5.0,6.0,2.0,0.0,2.0,4.0,4.0,29.0,10.0
0040000047,1610612749,MIL,Milwaukee,281,Scott Williams,Scott,F,,25:00,4.0,9.0,0.444,0.0,0.0,0.0,0.0,0.0,0.0,1.0,4.0,5.0,0.0,2.0,1.0,1.0,4.0,8.0,13.0
0040000047,1610612749,MIL,Milwaukee,911,Ervin Johnson,Ervin,C,,40:00,1.0,3.0,0.333,0.0,0.0,0.0,0.0,0.0,0.0,3.0,10.0,13.0,1.0,1.0,3.0,0.0,5.0,2.0,7.0
0040000047,1610612749,MIL,Milwaukee,208,Sam Cassell,Sam,G,,42:00,10.0,16.0,0.625,0.0,0.0,0.0,13.0,15.0,0.867,1.0,3.0,4.0,11.0,2.0,0.0,3.0,4.0,33.0,4.0
0040000047,1610612749,MIL,Milwaukee,951,Ray Allen,Ray,G,,43:00,10.0,19.0,0.526,3.0,6.0,0.5,0.0,0.0,0.0,0.0,3.0,3.0,5.0,1.0,0.0,3.0,2.0,23.0,7.0
0040000047,1610612749,MIL,Milwaukee,1501,Tim Thomas,Tim,G,,23:00,2.0,5.0,0.4,0.0,1.0,0.0,5.0,5.0,1.0,1.0,2.0,3.0,0.0,1.0,0.0,2.0,3.0,9.0,-6.0
0040000047,1610612749,MIL,Milwaukee,679,Jason Caffey,Jason,G,,10:00,0.0,0.0,0.0,0.0,0.0,0.0,0.0,0.0,0.0,1.0,1.0,2.0,0.0,0.0,0.0,1.0,5.0,0.0,0.0
0040000047,1610612749,MIL,Milwaukee,283,Lindsey Hunter,Lindsey,F,,11:00,0.0,3.0,0.0,0.0,3.0,0.0,0.0,0.0,0.0,0.0,3.0,3.0,2.0,0.0,0.0,0.0,2.0,0.0,3.0
0040000047,1610612749,MIL,Milwaukee,1032,Darvin Ham,Darvin,G,,8:00,0.0,0.0,0.0,0.0,0.0,0.0,0.0,0.0,0.0,0.0,0.0,0.0,0.0,1.0,1.0,0.0,1.0,0.0,-3.0
0040000047,1610612749,MIL,Milwaukee,1334,,,, ,,,,,,,,,,,,,,,,,,,,
0040000047,1610612749,MIL,Milwaukee,1337,,,, ,,,,,,,,,,,,,,,,,,,,
0040000047,1610612749,MIL,Milwaukee,1355,,,, ,,,,,,,,,,,,,,,,,,,,
0040000047,1610612749,MIL,Milwaukee,1796,,,, ,,,,,,,,,,,,,,,,,,,,
0040000047,1610612749,MIL,Milwaukee,1797,,,, ,,,,,,,,,,,,,,,,,,,,
0040000047,1610612749,MIL,Milwaukee,2157,,,, ,,,,,,,,,,,,,,,,,,,,
0040000047,1610612749,MIL,Milwaukee,1747,Rafer Alston,Rafer,,DNP - Coach's Decision,,,,,,,,,,,,,,,,,,,,
0040000047,1610612749,MIL,Milwaukee,998,Mark Pope,Mark,,DNP - Coach's Decision,,,,,,,,,,,,,,,,,,,,
0040000047,1610612749,MIL,Milwaukee,2038,Joel Przybilla,Joel,,DNP - Coach's Decision,,,,,,,,,,,,,,,,,,,,
0040000047,1610612766,CHH,Charlotte,469,Jamal Mashburn,Jamal,G,,43:00,5.0,20.0,0.25,1.0,2.0,0.5,13.0,15.0,0.867,4.0,5.0,9.0,7.0,0.0,0.0,6.0,2.0,24.0,-11.0
0040000047,1610612766,CHH,Charlotte,136,P.J. Brown,P.J.,G,,39:00,0.0,3.0,0.0,0.0,0.0,0.0,2.0,2.0,1.0,1.0,5.0,6.0,1.0,0.0,4.0,2.0,2.0,2.0,-10.0
0040000047,1610612766,CHH,Charlotte,922,Elden Campbell,Elden,G,,26:00,2.0,8.0,0.25,0.0,0.0,0.0,8.0,10.0,0.8,3.0,4.0,7.0,0.0,0.0,0.0,1.0,5.0,12.0,-1.0
0040000047,1610612766,CHH,Charlotte,1884,Baron Davis,Baron,G,,45:00,6.0,15.0,0.4,2.0,7.0,0.286,5.0,8.0,0.625,1.0,4.0,5.0,6.0,3.0,0.0,1.0,5.0,19.0,-3.0
0040000047,1610612766,CHH,Charlotte,133,David Wesley,David,G,,45:00,9.0,15.0,0.6,3.0,7.0,0.429,6.0,6.0,1.0,0.0,2.0,2.0,2.0,4.0,0.0,2.0,1.0,27.0,-8.0
0040000047,1610612766,CHH,Charlotte,2048,Jamaal Magloire,Jamaal,,,16:00,3.0,4.0,0.75,0.0,0.0,0.0,1.0,2.0,0.5,1.0,2.0,3.0,0.0,0.0,0.0,1.0,2.0,7.0,-3.0
0040000047,1610612766,CHH,Charlotte,1944,Eddie Robinson,Eddie,F,,20:00,3.0,7.0,0.429,0.0,1.0,0.0,0.0,0.0,0.0,0.0,1.0,1.0,0.0,0.0,1.0,0.0,1.0,6.0,-3.0
0040000047,1610612766,CHH,Charlotte,901,Otis Thorpe,Otis,C,,6:00,0.0,0.0,0.0,0.0,0.0,0.0,0.0,0.0,0.0,0.0,2.0,2.0,0.0,0.0,0.0,0.0,0.0,0.0,4.0
0040000047,1610612766,CHH,Charlotte,1992,,,, ,,,,,,,,,,,,,,,,,,,,
0040000047,1610612766,CHH,Charlotte,1215,,,, ,,,,,,,,,,,,,,,,,,,,
0040000047,1610612766,CHH,Charlotte,1218,,,, ,,,,,,,,,,,,,,,,,,,,
0040000047,1610612766,CHH,Charlotte,1316,,,, ,,,,,,,,,,,,,,,,,,,,
0040000047,1610612766,CHH,Charlotte,2152,,,, ,,,,,,,,,,,,,,,,,,,,
0040000047,1610612766,CHH,Charlotte,197,Scott Burrell,Scott,,DNP - Coach's Decision,,,,,,,,,,,,,,,,,,,,
0040000047,1610612766,CHH,Charlotte,934,Derrick Coleman,Derrick,,DNP - Coach's Decision,,,,,,,,,,,,,,,,,,,,
0040000047,1610612766,CHH,Charlotte,765,Hersey Hawkins,Hersey,,DNP - Coach's Decision,,,,,,,,,,,,,,,,,,,,
0040000047,1610612766,CHH,Charlotte,695,Eldridge Recasner,Eldridge,,DNP - Coach's Decision,,,,,,,,,,,,,,,,,,,,
0040000067,1610612755,PHI,Philadelphia,1908,Jumaine Jones,Jumaine,F,,24:00,3.0,6.0,0.5,0.0,2.0,0.0,0.0,0.0,0.0,1.0,3.0,4.0,0.0,1.0,1.0,1.0,1.0,6.0,-15.0
0040000067,1610612755,PHI,Philadelphia,238,Tyrone Hill,Tyrone,F,,37:00,6.0,13.0,0.462,0.0,0.0,0.0,1.0,2.0,0.5,3.0,6.0,9.0,0.0,3.0,1.0,3.0,3.0,13.0,-6.0
0040000067,1610612755,PHI,Philadelphia,87,Dikembe Mutombo,Dikembe,C,,40:00,3.0,6.0,0.5,0.0,0.0,0.0,3.0,4.0,0.75,3.0,11.0,14.0,2.0,0.0,6.0,1.0,4.0,9.0,-21.0
0040000067,1610612755,PHI,Philadelphia,243,Aaron McKie,Aaron,G,,38:00,8.0,16.0,0.5,1.0,3.0,0.333,2.0,2.0,1.0,2.0,4.0,6.0,6.0,0.0,0.0,4.0,1.0,19.0,-27.0
0040000067,1610612755,PHI,Philadelphia,947,Allen Iverson,Allen,G,,45:00,6.0,24.0,0.25,1.0,7.0,0.143,7.0,9.0,0.778,0.0,4.0,4.0,4.0,0.0,0.0,4.0,2.0,20.0,-20.0
0040000067,1610612755,PHI,Philadelphia,727,Eric Snow,Eric,G,,27:00,3.0,7.0,0.429,0.0,1.0,0.0,0.0,0.0,0.0,1.0,3.0,4.0,2.0,0.0,0.0,0.0,1.0,6.0,-9.0
0040000067,1610612755,PHI,Philadelphia,1934,Rodney Buford,Rodney,F,,15:00,1.0,4.0,0.25,1.0,1.0,1.0,2.0,2.0,1.0,2.0,0.0,2.0,0.0,0.0,1.0,1.0,4.0,5.0,8.0
0040000067,1610612755,PHI,Philadelphia,1563,Kevin Ollie,Kevin,,,6:00,1.0,1.0,1.0,0.0,0.0,0.0,3.0,3.0,1.0,0.0,0.0,0.0,1.0,0.0,0.0,0.0,0.0,5.0,8.0
0040000067,1610612755,PHI,Philadelphia,1928,Todd MacCulloch,Todd,,,6:00,3.0,4.0,0.75,0.0,0.0,0.0,0.0,0.0,0.0,3.0,2.0,5.0,0.0,0.0,0.0,0.0,2.0,6.0,13.0
0040000067,1610612755,PHI,Philadelphia,1952,Raja Bell,Raja,,,2:00,0.0,0.0,0.0,0.0,0.0,0.0,0.0,0.0,0.0,0.0,1.0,1.0,1.0,0.0,0.0,0.0,0.0,0.0,9.0
0040000067,1610612755,PHI,Philadelphia,1259,,,, ,,,,,,,,,,,,,,,,,,,,
0040000067,1610612755,PHI,Philadelphia,2169,,,, ,,,,,,,,,,,,,,,,,,,,
0040000067,1610612755,PHI,Philadelphia,1865,,,, ,,,,,,,,,,,,,,,,,,,,
0040000067,1610612755,PHI,Philadelphia,1212,,,, ,,,,,,,,,,,,,,,,,,,,
0040000067,1610612755,PHI,Philadelphia,1308,,,, ,,,,,,,,,,,,,,,,,,,,
0040000067,1610612755,PHI,Philadelphia,1312,,,, ,,,,,,,,,,,,,,,,,,,,
0040000067,1610612755,PHI,Philadelphia,1313,,,, ,,,,,,,,,,,,,,,,,,,,
0040000067,1610612755,PHI,Philadelphia,761,Matt Geiger,Matt,,DND - Right Quadriceps Tendinitis,,,,,,,,,,,,,,,,,,,,
0040000067,1610612755,PHI,Philadelphia,248,George Lynch,George,,NWT - Fractured 5th Left Metatarsal,,,,,,,,,,,,,,,,,,,,
0040000067,1610612761,TOR,Toronto,2050,Morris Peterson,Morris,F,,38:00,7.0,11.0,0.636,3.0,5.0,0.6,0.0,0.0,0.0,2.0,2.0,4.0,7.0,2.0,0.0,3.0,2.0,17.0,27.0
0040000067,1610612761,TOR,Toronto,891,Charles Oakley,Charles,F,,38:00,4.0,7.0,0.571,0.0,0.0,0.0,1.0,2.0,0.5,1.0,9.0,10.0,4.0,2.0,2.0,2.0,2.0,9.0,12.0
0040000067,1610612761,TOR,Toronto,213,Antonio Davis,Antonio,C,,37:00,5.0,16.0,0.313,0.0,0.0,0.0,7.0,7.0,1.0,4.0,9.0,13.0,4.0,1.0,2.0,1.0,1.0,17.0,4.0
0040000067,1610612761,TOR,Toronto,1713,Vince Carter,Vince,G,,43:00,17.0,31.0,0.548,4.0,8.0,0.5,1.0,2.0,0.5,3.0,2.0,5.0,5.0,4.0,1.0,0.0,3.0,39.0,21.0
0040000067,1610612761,TOR,Toronto,1541,Alvin Williams,Alvin,G,,36:00,7.0,12.0,0.583,1.0,2.0,0.5,0.0,0.0,0.0,0.0,2.0,2.0,3.0,1.0,1.0,0.0,2.0,15.0,10.0
0040000067,1610612761,TOR,Toronto,164,Chris Childs,Chris,G,,21:00,0.0,2.0,0.0,0.0,1.0,0.0,0.0,0.0,0.0,0.0,1.0,1.0,5.0,1.0,0.0,1.0,5.0,0.0,3.0
0040000067,1610612761,TOR,Toronto,966,Jerome Williams,Jerome,F,,18:00,0.0,2.0,0.0,0.0,0.0,0.0,2.0,2.0,1.0,0.0,2.0,2.0,1.0,0.0,0.0,0.0,1.0,2.0,21.0
0040000067,1610612761,TOR,Toronto,145,Tracy Murray,Tracy,,,2:00,0.0,2.0,0.0,0.0,2.0,0.0,0.0,0.0,0.0,0.0,0.0,0.0,0.0,0.0,0.0,1.0,0.0,0.0,-9.0
0040000067,1610612761,TOR,Toronto,209,Dell Curry,Dell,,,2:00,0.0,0.0,0.0,0.0,0.0,0.0,0.0,0.0,0.0,0.0,0.0,0.0,0.0,0.0,0.0,0.0,0.0,0.0,-9.0
0040000067,1610612761,TOR,Toronto,1721,Keon Clark,Keon,,,2:00,0.0,1.0,0.0,0.0,0.0,0.0,0.0,0.0,0.0,0.0,0.0,0.0,0.0,0.0,0.0,0.0,0.0,0.0,-7.0
0040000067,1610612761,TOR,Toronto,376,Eric Montross,Eric,,,2:00,1.0,1.0,1.0,0.0,0.0,0.0,0.0,0.0,0.0,0.0,0.0,0.0,0.0,0.0,0.0,0.0,1.0,2.0,-7.0
0040000067,1610612761,TOR,Toronto,1565,Michael Stewart,Michael,,,1:00,0.0,1.0,0.0,0.0,0.0,0.0,0.0,0.0,0.0,1.0,0.0,1.0,0.0,0.0,0.0,0.0,0.0,0.0,-6.0
0040000067,1610612761,TOR,Toronto,2162,,,, ,,,,,,,,,,,,,,,,,,,,
0040000067,1610612761,TOR,Toronto,1344,,,, ,,,,,,,,,,,,,,,,,,,,
0040000067,1610612761,TOR,Toronto,1368,,,, ,,,,,,,,,,,,,,,,,,,,
0040000067,1610612761,TOR,Toronto,1205,,,, ,,,,,,,,,,,,,,,,,,,,
0040000067,1610612761,TOR,Toronto,883,,,, ,,,,,,,,,,,,,,,,,,,,
0040000067,1610612761,TOR,Toronto,1244,,,, ,,,,,,,,,,,,,,,,,,,,
0040000067,1610612761,TOR,Toronto,1266,,,, ,,,,,,,,,,,,,,,,,,,,
0040000069,1610612747,LAL,Los Angeles,296,Rick Fox,Rick,G,,39:00,3.0,6.0,0.5,1.0,2.0,0.5,1.0,2.0,0.5,0.0,2.0,2.0,3.0,1.0,0.0,1.0,2.0,8.0,12.0
0040000069,1610612747,LAL,Los Angeles,270,Horace Grant,Horace,F,,21:00,0.0,2.0,0.0,0.0,0.0,0.0,0.0,0.0,0.0,1.0,4.0,5.0,6.0,3.0,0.0,1.0,4.0,0.0,16.0
0040000069,1610612747,LAL,Los Angeles,406,Shaquille O'Neal,Shaquille,G,,45:00,11.0,22.0,0.5,0.0,0.0,0.0,6.0,8.0,0.75,4.0,7.0,11.0,2.0,2.0,2.0,4.0,2.0,28.0,10.0
0040000069,1610612747,LAL,Los Angeles,965,Derek Fisher,Derek,G,,38:00,5.0,9.0,0.556,3.0,4.0,0.75,0.0,1.0,0.0,0.0,7.0,7.0,3.0,2.0,0.0,1.0,2.0,13.0,17.0
0040000069,1610612747,LAL,Los Angeles,977,Kobe Bryant,Kobe,G,,47:00,19.0,35.0,0.543,1.0,2.0,0.5,6.0,8.0,0.75,1.0,9.0,10.0,3.0,1.0,1.0,4.0,4.0,45.0,17.0
0040000069,1610612747,LAL,Los Angeles,1731,Tyronn Lue,Tyronn,F,,2:00,0.0,0.0,0.0,0.0,0.0,0.0,0.0,0.0,0.0,0.0,0.0,0.0,1.0,1.0,0.0,0.0,0.0,0.0,0.0
0040000069,1610612747,LAL,Los Angeles,109,Robert Horry,Robert,G,,28:00,2.0,7.0,0.286,2.0,6.0,0.333,2.0,4.0,0.5,3.0,6.0,9.0,5.0,2.0,3.0,3.0,4.0,8.0,0.0
0040000069,1610612747,LAL,Los Angeles,216,Brian Shaw,Brian,,,18:00,1.0,6.0,0.167,0.0,0.0,0.0,0.0,0.0,0.0,4.0,1.0,5.0,1.0,0.0,0.0,0.0,1.0,2.0,-4.0
0040000069,1610612747,LAL,Los Angeles,2058,Mark Madsen,Mark,,,2:00,0.0,0.0,0.0,0.0,0.0,0.0,0.0,0.0,0.0,0.0,0.0,0.0,0.0,0.0,0.0,0.0,1.0,0.0,2.0
0040000069,1610612747,LAL,Los Angeles,1270,,,, ,,,,,,,,,,,,,,,,,,,,
0040000069,1610612747,LAL,Los Angeles,1273,,,, ,,,,,,,,,,,,,,,,,,,,
0040000069,1610612747,LAL,Los Angeles,1219,,,, ,,,,,,,,,,,,,,,,,,,,
0040000069,1610612747,LAL,Los Angeles,1221,,,, ,,,,,,,,,,,,,,,,,,,,
0040000069,1610612747,LAL,Los Angeles,1223,,,, ,,,,,,,,,,,,,,,,,,,,
0040000069,1610612747,LAL,Los Angeles,1230,,,, ,,,,,,,,,,,,,,,,,,,,
0040000069,1610612747,LAL,Los Angeles,323,Greg Foster,Greg,,DND - Sprained right foot.,,,,,,,,,,,,,,,,,,,,
0040000069,1610612747,LAL,Los Angeles,1904,Devean George,Devean,,DNP - Coach's Decision,,,,,,,,,,,,,,,,,,,,
0040000069,1610612747,LAL,Los Angeles,166,Ron Harper,Ron,,DNP - Coach's Decision,,,,,,,,,,,,,,,,,,,,
0040000069,1610612759,SAS,San Antonio,198,Danny Ferry,Danny,G,,29:00,2.0,3.0,0.667,2.0,3.0,0.667,0.0,0.0,0.0,1.0,3.0,4.0,1.0,1.0,0.0,1.0,3.0,6.0,-11.0
0040000069,1610612759,SAS,San Antonio,1495,Tim Duncan,Tim,G,,47:00,10.0,19.0,0.526,0.0,0.0,0.0,8.0,11.0,0.727,3.0,11.0,14.0,6.0,1.0,5.0,7.0,4.0,28.0,-19.0
0040000069,1610612759,SAS,San Antonio,764,David Robinson,David,C,,30:00,6.0,16.0,0.375,0.0,0.0,0.0,2.0,2.0,1.0,4.0,7.0,11.0,2.0,1.0,3.0,1.0,3.0,14.0,-3.0
0040000069,1610612759,SAS,San Antonio,345,Terry Porter,Terry,G,,24:00,2.0,7.0,0.286,1.0,5.0,0.2,0.0,0.0,0.0,0.0,5.0,5.0,1.0,1.0,0.0,2.0,1.0,5.0,-11.0
0040000069,1610612759,SAS,San Antonio,1498,Antonio Daniels,Antonio,G,,40:00,7.0,16.0,0.438,1.0,5.0,0.2,5.0,6.0,0.833,0.0,2.0,2.0,3.0,1.0,1.0,1.0,3.0,20.0,-3.0
0040000069,1610612759,SAS,San Antonio,251,Sean Elliott,Sean,C,,24:00,1.0,4.0,0.25,0.0,1.0,0.0,0.0,0.0,0.0,0.0,1.0,1.0,0.0,0.0,1.0,2.0,1.0,2.0,-19.0
0040000069,1610612759,SAS,San Antonio,990,Malik Rose,Malik,G,,18:00,3.0,5.0,0.6,1.0,1.0,1.0,2.0,2.0,1.0,1.0,2.0,3.0,0.0,0.0,0.0,0.0,5.0,9.0,-2.0
0040000069,1610612759,SAS,San Antonio,422,Avery Johnson,Avery,F,,24:00,3.0,8.0,0.375,0.0,0.0,0.0,0.0,0.0,0.0,0.0,0.0,0.0,4.0,1.0,0.0,1.0,0.0,6.0,-3.0
0040000069,1610612759,SAS,San Antonio,70,Steve Kerr,Steve,,,4:00,0.0,0.0,0.0,0.0,0.0,0.0,0.0,0.0,0.0,0.0,0.0,0.0,0.0,0.0,0.0,0.0,1.0,0.0,1.0
0040000069,1610612759,SAS,San Antonio,1264,,,, ,,,,,,,,,,,,,,,,,,,,
0040000069,1610612759,SAS,San Antonio,1331,,,, ,,,,,,,,,,,,,,,,,,,,
0040000069,1610612759,SAS,San Antonio,1371,,,, ,,,,,,,,,,,,,,,,,,,,
0040000069,1610612759,SAS,San Antonio,1658,,,, ,,,,,,,,,,,,,,,,,,,,
0040000069,1610612759,SAS,San Antonio,873,,,, ,,,,,,,,,,,,,,,,,,,,
0040000069,1610612759,SAS,San Antonio,1507,Derek Anderson,Derek,,DND - Separated right shoulder.,,,,,,,,,,,,,,,,,,,,
0040000069,1610612759,SAS,San Antonio,1035,Shawnelle Scott,Shawnelle,,DNP - Coach's Decision,,,,,,,,,,,,,,,,,,,,
0040000069,1610612759,SAS,San Antonio,955,Samaki Walker,Samaki,,DNP - Coach's Decision,,,,,,,,,,,,,,,,,,,,
0040000068,1610612761,TOR,Toronto,2050,Morris Peterson,Morris,F,,19:00,3.0,7.0,0.429,0.0,0.0,0.0,0.0,0.0,0.0,0.0,3.0,3.0,2.0,1.0,0.0,2.0,3.0,6.0,-3.0
0040000068,1610612761,TOR,Toronto,891,Charles Oakley,Charles,F,,39:00,4.0,8.0,0.5,1.0,1.0,1.0,2.0,2.0,1.0,0.0,10.0,10.0,4.0,2.0,0.0,2.0,2.0,11.0,-9.0
0040000068,1610612761,TOR,Toronto,213,Antonio Davis,Antonio,G,,41:00,11.0,15.0,0.733,0.0,0.0,0.0,1.0,2.0,0.5,2.0,7.0,9.0,2.0,1.0,2.0,1.0,5.0,23.0,11.0
0040000068,1610612761,TOR,Toronto,1541,Alvin Williams,Alvin,G,,36:00,4.0,11.0,0.364,0.0,2.0,0.0,0.0,0.0,0.0,1.0,1.0,2.0,3.0,0.0,3.0,1.0,2.0,8.0,-5.0
0040000068,1610612761,TOR,Toronto,1713,Vince Carter,Vince,G,,48:00,6.0,18.0,0.333,0.0,3.0,0.0,8.0,9.0,0.889,4.0,3.0,7.0,9.0,3.0,2.0,0.0,1.0,20.0,-1.0
0040000068,1610612761,TOR,Toronto,164,Chris Childs,Chris,G,,24:00,4.0,9.0,0.444,2.0,5.0,0.4,1.0,2.0,0.5,0.0,0.0,0.0,3.0,0.0,0.0,2.0,4.0,11.0,-1.0
0040000068,1610612761,TOR,Toronto,209,Dell Curry,Dell,F,,17:00,3.0,5.0,0.6,1.0,3.0,0.333,0.0,0.0,0.0,1.0,1.0,2.0,0.0,2.0,0.0,2.0,1.0,7.0,7.0
0040000068,1610612761,TOR,Toronto,966,Jerome Williams,Jerome,F,,16:00,0.0,0.0,0.0,0.0,0.0,0.0,1.0,2.0,0.5,0.0,2.0,2.0,0.0,0.0,0.0,0.0,3.0,1.0,-4.0
0040000068,1610612761,TOR,Toronto,1205,,,, ,,,,,,,,,,,,,,,,,,,,
0040000068,1610612761,TOR,Toronto,883,,,, ,,,,,,,,,,,,,,,,,,,,
0040000068,1610612761,TOR,Toronto,1244,,,, ,,,,,,,,,,,,,,,,,,,,
0040000068,1610612761,TOR,Toronto,1344,,,, ,,,,,,,,,,,,,,,,,,,,
0040000068,1610612761,TOR,Toronto,1368,,,, ,,,,,,,,,,,,,,,,,,,,
0040000068,1610612761,TOR,Toronto,2162,,,, ,,,,,,,,,,,,,,,,,,,,
0040000068,1610612761,TOR,Toronto,1266,,,, ,,,,,,,,,,,,,,,,,,,,
0040000068,1610612761,TOR,Toronto,1721,Keon Clark,Keon,,DNP - Coach's Decision,,,,,,,,,,,,,,,,,,,,
0040000068,1610612761,TOR,Toronto,376,Eric Montross,Eric,,DNP - Coach's Decision,,,,,,,,,,,,,,,,,,,,
0040000068,1610612761,TOR,Toronto,145,Tracy Murray,Tracy,,DNP - Coach's Decision,,,,,,,,,,,,,,,,,,,,
0040000068,1610612761,TOR,Toronto,1565,Michael Stewart,Michael,,DNP - Coach's Decision,,,,,,,,,,,,,,,,,,,,
0040000068,1610612755,PHI,Philadelphia,1908,Jumaine Jones,Jumaine,G,,31:00,6.0,9.0,0.667,0.0,2.0,0.0,4.0,8.0,0.5,3.0,1.0,4.0,1.0,0.0,0.0,1.0,3.0,16.0,0.0
0040000068,1610612755,PHI,Philadelphia,238,Tyrone Hill,Tyrone,F,,28:00,3.0,5.0,0.6,0.0,0.0,0.0,0.0,0.0,0.0,0.0,4.0,4.0,0.0,0.0,1.0,0.0,5.0,6.0,-1.0
0040000068,1610612755,PHI,Philadelphia,87,Dikembe Mutombo,Dikembe,G,,46:00,2.0,7.0,0.286,0.0,0.0,0.0,6.0,10.0,0.6,9.0,8.0,17.0,0.0,2.0,1.0,4.0,3.0,10.0,-2.0
0040000068,1610612755,PHI,Philadelphia,243,Aaron McKie,Aaron,G,,45:00,8.0,16.0,0.5,1.0,2.0,0.5,5.0,6.0,0.833,2.0,5.0,7.0,0.0,0.0,0.0,1.0,3.0,22.0,-3.0
0040000068,1610612755,PHI,Philadelphia,947,Allen Iverson,Allen,G,,48:00,8.0,27.0,0.296,1.0,3.0,0.333,4.0,4.0,1.0,1.0,3.0,4.0,16.0,2.0,1.0,4.0,2.0,21.0,1.0
0040000068,1610612755,PHI,Philadelphia,727,Eric Snow,Eric,F,,34:00,5.0,11.0,0.455,0.0,1.0,0.0,3.0,4.0,0.75,0.0,4.0,4.0,5.0,2.0,0.0,1.0,0.0,13.0,13.0
0040000068,1610612755,PHI,Philadelphia,1563,Kevin Ollie,Kevin,C,,4:00,0.0,0.0,0.0,0.0,0.0,0.0,0.0,0.0,0.0,0.0,0.0,0.0,0.0,0.0,0.0,0.0,0.0,0.0,-12.0
0040000068,1610612755,PHI,Philadelphia,1934,Rodney Buford,Rodney,,,3:00,0.0,0.0,0.0,0.0,0.0,0.0,0.0,0.0,0.0,0.0,1.0,1.0,0.0,0.0,0.0,0.0,2.0,0.0,5.0
0040000068,1610612755,PHI,Philadelphia,1928,Todd MacCulloch,Todd,,,1:00,0.0,0.0,0.0,0.0,0.0,0.0,0.0,0.0,0.0,0.0,0.0,0.0,0.0,0.0,0.0,0.0,0.0,0.0,4.0
0040000068,1610612755,PHI,Philadelphia,1865,,,, ,,,,,,,,,,,,,,,,,,,,
0040000068,1610612755,PHI,Philadelphia,1259,,,, ,,,,,,,,,,,,,,,,,,,,
0040000068,1610612755,PHI,Philadelphia,2169,,,, ,,,,,,,,,,,,,,,,,,,,
0040000068,1610612755,PHI,Philadelphia,1212,,,, ,,,,,,,,,,,,,,,,,,,,
0040000068,1610612755,PHI,Philadelphia,1308,,,, ,,,,,,,,,,,,,,,,,,,,
0040000068,1610612755,PHI,Philadelphia,1312,,,, ,,,,,,,,,,,,,,,,,,,,
0040000068,1610612755,PHI,Philadelphia,1313,,,, ,,,,,,,,,,,,,,,,,,,,
0040000068,1610612755,PHI,Philadelphia,1952,Raja Bell,Raja,,DNP - Coach's Decision,,,,,,,,,,,,,,,,,,,,
0040000068,1610612755,PHI,Philadelphia,761,Matt Geiger,Matt,,DND - Right Quadriceps Tendinitis,,,,,,,,,,,,,,,,,,,,
0040000068,1610612755,PHI,Philadelphia,248,George Lynch,George,,DND - Left 5th Metatarsal Fracture,,,,,,,,,,,,,,,,,,,,
0040000048,1610612766,CHH,Charlotte,136,P.J. Brown,P.J.,G,,39:00,2.0,4.0,0.5,0.0,0.0,0.0,2.0,2.0,1.0,7.0,2.0,9.0,0.0,0.0,1.0,0.0,6.0,6.0,-6.0
0040000048,1610612766,CHH,Charlotte,469,Jamal Mashburn,Jamal,G,,41:00,7.0,25.0,0.28,1.0,2.0,0.5,6.0,8.0,0.75,1.0,3.0,4.0,9.0,0.0,1.0,1.0,5.0,21.0,-6.0
0040000048,1610612766,CHH,Charlotte,922,Elden Campbell,Elden,F,,33:00,8.0,15.0,0.533,0.0,0.0,0.0,2.0,2.0,1.0,3.0,7.0,10.0,2.0,1.0,2.0,3.0,4.0,18.0,-2.0
0040000048,1610612766,CHH,Charlotte,1884,Baron Davis,Baron,G,,45:00,10.0,16.0,0.625,5.0,8.0,0.625,4.0,9.0,0.444,1.0,1.0,2.0,6.0,2.0,2.0,1.0,4.0,29.0,-4.0
0040000048,1610612766,CHH,Charlotte,133,David Wesley,David,G,,43:00,7.0,17.0,0.412,0.0,4.0,0.0,1.0,1.0,1.0,1.0,1.0,2.0,5.0,1.0,0.0,0.0,5.0,15.0,-3.0
0040000048,1610612766,CHH,Charlotte,2048,Jamaal Magloire,Jamaal,,,13:00,1.0,3.0,0.333,0.0,0.0,0.0,2.0,6.0,0.333,1.0,4.0,5.0,1.0,0.0,1.0,0.0,3.0,4.0,-8.0
0040000048,1610612766,CHH,Charlotte,1944,Eddie Robinson,Eddie,G,,17:00,1.0,2.0,0.5,0.0,0.0,0.0,0.0,0.0,0.0,0.0,4.0,4.0,0.0,0.0,0.0,1.0,2.0,2.0,-10.0
0040000048,1610612766,CHH,Charlotte,901,Otis Thorpe,Otis,,,9:00,0.0,0.0,0.0,0.0,0.0,0.0,0.0,0.0,0.0,0.0,1.0,1.0,0.0,0.0,0.0,1.0,1.0,0.0,-6.0
0040000048,1610612766,CHH,Charlotte,1992,,,, ,,,,,,,,,,,,,,,,,,,,
0040000048,1610612766,CHH,Charlotte,1215,,,, ,,,,,,,,,,,,,,,,,,,,
0040000048,1610612766,CHH,Charlotte,1218,,,, ,,,,,,,,,,,,,,,,,,,,
0040000048,1610612766,CHH,Charlotte,1316,,,, ,,,,,,,,,,,,,,,,,,,,
0040000048,1610612766,CHH,Charlotte,2152,,,, ,,,,,,,,,,,,,,,,,,,,
0040000048,1610612766,CHH,Charlotte,197,Scott Burrell,Scott,,DNP - Coach's Decision,,,,,,,,,,,,,,,,,,,,
0040000048,1610612766,CHH,Charlotte,934,Derrick Coleman,Derrick,,DNP - Coach's Decision,,,,,,,,,,,,,,,,,,,,
0040000048,1610612766,CHH,Charlotte,765,Hersey Hawkins,Hersey,,DNP - Coach's Decision,,,,,,,,,,,,,,,,,,,,
0040000048,1610612766,CHH,Charlotte,695,Eldridge Recasner,Eldridge,,DNP - Coach's Decision,,,,,,,,,,,,,,,,,,,,
0040000048,1610612749,MIL,Milwaukee,299,Glenn Robinson,Glenn,F,,40:00,10.0,17.0,0.588,3.0,5.0,0.6,6.0,6.0,1.0,1.0,4.0,5.0,1.0,0.0,1.0,1.0,4.0,29.0,7.0
0040000048,1610612749,MIL,Milwaukee,281,Scott Williams,Scott,G,,27:00,4.0,8.0,0.5,0.0,0.0,0.0,5.0,6.0,0.833,1.0,7.0,8.0,2.0,0.0,3.0,1.0,4.0,13.0,1.0
0040000048,1610612749,MIL,Milwaukee,911,Ervin Johnson,Ervin,G,,37:00,2.0,2.0,1.0,0.0,0.0,0.0,0.0,1.0,0.0,3.0,8.0,11.0,1.0,0.0,4.0,2.0,3.0,4.0,2.0
0040000048,1610612749,MIL,Milwaukee,951,Ray Allen,Ray,G,,46:00,10.0,18.0,0.556,2.0,6.0,0.333,6.0,6.0,1.0,2.0,4.0,6.0,5.0,0.0,2.0,4.0,4.0,28.0,8.0
0040000048,1610612749,MIL,Milwaukee,208,Sam Cassell,Sam,G,,36:00,4.0,12.0,0.333,1.0,3.0,0.333,8.0,8.0,1.0,0.0,3.0,3.0,13.0,0.0,1.0,2.0,3.0,17.0,-4.0
0040000048,1610612749,MIL,Milwaukee,1501,Tim Thomas,Tim,F,,29:00,0.0,3.0,0.0,0.0,0.0,0.0,8.0,8.0,1.0,1.0,4.0,5.0,1.0,0.0,2.0,3.0,2.0,8.0,14.0
0040000048,1610612749,MIL,Milwaukee,283,Lindsey Hunter,Lindsey,F,,14:00,1.0,6.0,0.167,1.0,3.0,0.333,0.0,0.0,0.0,0.0,1.0,1.0,2.0,1.0,0.0,0.0,1.0,3.0,14.0
0040000048,1610612749,MIL,Milwaukee,679,Jason Caffey,Jason,G,,11:00,1.0,2.0,0.5,0.0,0.0,0.0,0.0,0.0,0.0,0.0,3.0,3.0,1.0,1.0,0.0,0.0,2.0,2.0,3.0
0040000048,1610612749,MIL,Milwaukee,1334,,,, ,,,,,,,,,,,,,,,,,,,,
0040000048,1610612749,MIL,Milwaukee,1337,,,, ,,,,,,,,,,,,,,,,,,,,
0040000048,1610612749,MIL,Milwaukee,1355,,,, ,,,,,,,,,,,,,,,,,,,,
0040000048,1610612749,MIL,Milwaukee,1796,,,, ,,,,,,,,,,,,,,,,,,,,
0040000048,1610612749,MIL,Milwaukee,1797,,,, ,,,,,,,,,,,,,,,,,,,,
0040000048,1610612749,MIL,Milwaukee,2157,,,, ,,,,,,,,,,,,,,,,,,,,
0040000048,1610612749,MIL,Milwaukee,1747,Rafer Alston,Rafer,,DNP - Coach's Decision,,,,,,,,,,,,,,,,,,,,
0040000048,1610612749,MIL,Milwaukee,1032,Darvin Ham,Darvin,,DNP - Coach's Decision,,,,,,,,,,,,,,,,,,,,
0040000048,1610612749,MIL,Milwaukee,998,Mark Pope,Mark,,DNP - Coach's Decision,,,,,,,,,,,,,,,,,,,,
0040000048,1610612749,MIL,Milwaukee,2038,Joel Przybilla,Joel,,DNP - Coach's Decision,,,,,,,,,,,,,,,,,,,,
0040000070,1610612747,LAL,Los Angeles,296,Rick Fox,Rick,G,,38:00,5.0,12.0,0.417,1.0,5.0,0.2,0.0,0.0,0.0,2.0,3.0,5.0,2.0,4.0,0.0,0.0,3.0,11.0,7.0
0040000070,1610612747,LAL,Los Angeles,270,Horace Grant,Horace,F,,22:00,2.0,4.0,0.5,0.0,0.0,0.0,2.0,4.0,0.5,1.0,2.0,3.0,1.0,0.0,2.0,0.0,4.0,6.0,-1.0
0040000070,1610612747,LAL,Los Angeles,406,Shaquille O'Neal,Shaquille,G,,45:00,8.0,21.0,0.381,0.0,0.0,0.0,3.0,6.0,0.5,4.0,10.0,14.0,4.0,0.0,1.0,4.0,2.0,19.0,11.0
0040000070,1610612747,LAL,Los Angeles,965,Derek Fisher,Derek,G,,41:00,6.0,9.0,0.667,4.0,4.0,1.0,0.0,0.0,0.0,0.0,5.0,5.0,2.0,1.0,0.0,0.0,3.0,16.0,15.0
0040000070,1610612747,LAL,Los Angeles,977,Kobe Bryant,Kobe,G,,47:00,11.0,24.0,0.458,1.0,4.0,0.25,5.0,6.0,0.833,1.0,6.0,7.0,6.0,2.0,1.0,2.0,4.0,28.0,5.0
0040000070,1610612747,LAL,Los Angeles,109,Robert Horry,Robert,G,,27:00,2.0,5.0,0.4,2.0,4.0,0.5,0.0,2.0,0.0,1.0,4.0,5.0,2.0,2.0,1.0,1.0,2.0,6.0,4.0
0040000070,1610612747,LAL,Los Angeles,1731,Tyronn Lue,Tyronn,,,3:00,0.0,1.0,0.0,0.0,0.0,0.0,0.0,0.0,0.0,0.0,0.0,0.0,0.0,0.0,0.0,0.0,0.0,0.0,-7.0
0040000070,1610612747,LAL,Los Angeles,216,Brian Shaw,Brian,,,15:00,1.0,3.0,0.333,0.0,1.0,0.0,0.0,0.0,0.0,0.0,1.0,1.0,0.0,0.0,0.0,0.0,0.0,2.0,1.0
0040000070,1610612747,LAL,Los Angeles,2058,Mark Madsen,Mark,,,2:00,0.0,0.0,0.0,0.0,0.0,0.0,0.0,0.0,0.0,0.0,1.0,1.0,0.0,0.0,0.0,0.0,1.0,0.0,0.0
0040000070,1610612747,LAL,Los Angeles,1270,,,, ,,,,,,,,,,,,,,,,,,,,
0040000070,1610612747,LAL,Los Angeles,1273,,,, ,,,,,,,,,,,,,,,,,,,,
0040000070,1610612747,LAL,Los Angeles,1219,,,, ,,,,,,,,,,,,,,,,,,,,
0040000070,1610612747,LAL,Los Angeles,1221,,,, ,,,,,,,,,,,,,,,,,,,,
0040000070,1610612747,LAL,Los Angeles,1223,,,, ,,,,,,,,,,,,,,,,,,,,
0040000070,1610612747,LAL,Los Angeles,1230,,,, ,,,,,,,,,,,,,,,,,,,,
0040000070,1610612747,LAL,Los Angeles,323,Greg Foster,Greg,,DND- Sprained right foot.,,,,,,,,,,,,,,,,,,,,
0040000070,1610612747,LAL,Los Angeles,1904,Devean George,Devean,,DNP - Coach's Decision,,,,,,,,,,,,,,,,,,,,
0040000070,1610612747,LAL,Los Angeles,166,Ron Harper,Ron,,DNP - Coach's Decision,,,,,,,,,,,,,,,,,,,,
0040000070,1610612759,SAS,San Antonio,198,Danny Ferry,Danny,F,,33:00,1.0,6.0,0.167,1.0,4.0,0.25,0.0,0.0,0.0,1.0,4.0,5.0,2.0,1.0,0.0,1.0,3.0,3.0,-14.0
0040000070,1610612759,SAS,San Antonio,1495,Tim Duncan,Tim,G,,48:00,15.0,26.0,0.577,1.0,1.0,1.0,9.0,9.0,1.0,6.0,9.0,15.0,3.0,0.0,4.0,6.0,3.0,40.0,-7.0
0040000070,1610612759,SAS,San Antonio,764,David Robinson,David,G,,27:00,3.0,9.0,0.333,0.0,0.0,0.0,1.0,2.0,0.5,2.0,7.0,9.0,0.0,1.0,3.0,2.0,5.0,7.0,9.0
0040000070,1610612759,SAS,San Antonio,345,Terry Porter,Terry,G,,32:00,2.0,8.0,0.25,0.0,5.0,0.0,1.0,2.0,0.5,0.0,1.0,1.0,4.0,0.0,0.0,1.0,0.0,5.0,-9.0
0040000070,1610612759,SAS,San Antonio,1498,Antonio Daniels,Antonio,G,,48:00,5.0,15.0,0.333,2.0,5.0,0.4,12.0,12.0,1.0,1.0,1.0,2.0,5.0,0.0,0.0,2.0,1.0,24.0,-7.0
0040000070,1610612759,SAS,San Antonio,990,Malik Rose,Malik,,,19:00,1.0,2.0,0.5,0.0,0.0,0.0,0.0,0.0,0.0,1.0,5.0,6.0,0.0,0.0,0.0,1.0,3.0,2.0,-14.0
0040000070,1610612759,SAS,San Antonio,251,Sean Elliott,Sean,F,,15:00,0.0,1.0,0.0,0.0,1.0,0.0,0.0,0.0,0.0,0.0,3.0,3.0,1.0,1.0,0.0,0.0,1.0,0.0,7.0
0040000070,1610612759,SAS,San Antonio,422,Avery Johnson,Avery,F,,16:00,0.0,4.0,0.0,0.0,0.0,0.0,0.0,0.0,0.0,0.0,1.0,1.0,2.0,1.0,0.0,1.0,0.0,0.0,2.0
0040000070,1610612759,SAS,San Antonio,955,Samaki Walker,Samaki,,,2:00,0.0,0.0,0.0,0.0,0.0,0.0,0.0,0.0,0.0,0.0,0.0,0.0,0.0,0.0,0.0,0.0,1.0,0.0,-2.0
0040000070,1610612759,SAS,San Antonio,1658,,,, ,,,,,,,,,,,,,,,,,,,,
0040000070,1610612759,SAS,San Antonio,873,,,, ,,,,,,,,,,,,,,,,,,,,
0040000070,1610612759,SAS,San Antonio,1264,,,, ,,,,,,,,,,,,,,,,,,,,
0040000070,1610612759,SAS,San Antonio,1331,,,, ,,,,,,,,,,,,,,,,,,,,
0040000070,1610612759,SAS,San Antonio,1371,,,, ,,,,,,,,,,,,,,,,,,,,
0040000070,1610612759,SAS,San Antonio,1507,Derek Anderson,Derek,,DND - Right shoulder separation.,,,,,,,,,,,,,,,,,,,,
0040000070,1610612759,SAS,San Antonio,70,Steve Kerr,Steve,,DNP - Coach's Decision,,,,,,,,,,,,,,,,,,,,
0040000070,1610612759,SAS,San Antonio,1035,Shawnelle Scott,Shawnelle,,DNP - Coach's Decision,,,,,,,,,,,,,,,,,,,,
0040000076,1610612749,MIL,Milwaukee,299,Glenn Robinson,Glenn,F,,38:00,7.0,22.0,0.318,1.0,6.0,0.167,0.0,0.0,0.0,1.0,4.0,5.0,1.0,1.0,0.0,2.0,1.0,15.0,-6.0
0040000076,1610612749,MIL,Milwaukee,281,Scott Williams,Scott,F,,22:00,1.0,3.0,0.333,0.0,0.0,0.0,0.0,0.0,0.0,3.0,4.0,7.0,2.0,0.0,3.0,0.0,4.0,2.0,4.0
0040000076,1610612749,MIL,Milwaukee,911,Ervin Johnson,Ervin,G,,39:00,2.0,6.0,0.333,0.0,0.0,0.0,4.0,6.0,0.667,4.0,11.0,15.0,0.0,0.0,3.0,0.0,3.0,8.0,4.0
0040000076,1610612749,MIL,Milwaukee,208,Sam Cassell,Sam,G,,38:00,6.0,14.0,0.429,0.0,1.0,0.0,8.0,9.0,0.889,1.0,5.0,6.0,7.0,0.0,0.0,5.0,6.0,20.0,-5.0
0040000076,1610612749,MIL,Milwaukee,951,Ray Allen,Ray,G,,42:00,12.0,22.0,0.545,4.0,6.0,0.667,3.0,3.0,1.0,2.0,1.0,3.0,7.0,1.0,1.0,2.0,4.0,31.0,1.0
0040000076,1610612749,MIL,Milwaukee,1501,Tim Thomas,Tim,G,,29:00,3.0,7.0,0.429,1.0,3.0,0.333,2.0,3.0,0.667,0.0,5.0,5.0,1.0,0.0,1.0,2.0,3.0,9.0,-14.0
0040000076,1610612749,MIL,Milwaukee,283,Lindsey Hunter,Lindsey,F,,15:00,0.0,3.0,0.0,0.0,1.0,0.0,0.0,0.0,0.0,0.0,2.0,2.0,3.0,0.0,1.0,1.0,0.0,0.0,-14.0
0040000076,1610612749,MIL,Milwaukee,679,Jason Caffey,Jason,G,,14:00,0.0,2.0,0.0,0.0,0.0,0.0,0.0,0.0,0.0,0.0,0.0,0.0,0.0,1.0,0.0,1.0,2.0,0.0,-10.0
0040000076,1610612749,MIL,Milwaukee,998,Mark Pope,Mark,,,1:00,0.0,0.0,0.0,0.0,0.0,0.0,0.0,0.0,0.0,0.0,0.0,0.0,0.0,0.0,0.0,0.0,0.0,0.0,0.0
0040000076,1610612749,MIL,Milwaukee,1032,Darvin Ham,Darvin,,,1:00,0.0,0.0,0.0,0.0,0.0,0.0,0.0,0.0,0.0,0.0,0.0,0.0,0.0,0.0,0.0,0.0,0.0,0.0,0.0
0040000076,1610612749,MIL,Milwaukee,1747,Rafer Alston,Rafer,,,1:00,0.0,0.0,0.0,0.0,0.0,0.0,0.0,0.0,0.0,0.0,0.0,0.0,0.0,0.0,0.0,0.0,0.0,0.0,0.0
0040000076,1610612749,MIL,Milwaukee,1796,,,, ,,,,,,,,,,,,,,,,,,,,
0040000076,1610612749,MIL,Milwaukee,1797,,,, ,,,,,,,,,,,,,,,,,,,,
0040000076,1610612749,MIL,Milwaukee,1334,,,, ,,,,,,,,,,,,,,,,,,,,
0040000076,1610612749,MIL,Milwaukee,1337,,,, ,,,,,,,,,,,,,,,,,,,,
0040000076,1610612749,MIL,Milwaukee,1355,,,, ,,,,,,,,,,,,,,,,,,,,
0040000076,1610612749,MIL,Milwaukee,2157,,,, ,,,,,,,,,,,,,,,,,,,,
0040000076,1610612749,MIL,Milwaukee,2038,Joel Przybilla,Joel,,DNP - Coach's Decision,,,,,,,,,,,,,,,,,,,,
0040000076,1610612755,PHI,Philadelphia,1908,Jumaine Jones,Jumaine,F,,30:00,4.0,11.0,0.364,0.0,3.0,0.0,0.0,0.0,0.0,2.0,3.0,5.0,1.0,2.0,0.0,1.0,2.0,8.0,9.0
0040000076,1610612755,PHI,Philadelphia,238,Tyrone Hill,Tyrone,G,,36:00,2.0,9.0,0.222,0.0,0.0,0.0,1.0,3.0,0.333,3.0,9.0,12.0,0.0,0.0,0.0,0.0,4.0,5.0,11.0
0040000076,1610612755,PHI,Philadelphia,87,Dikembe Mutombo,Dikembe,C,,44:00,5.0,11.0,0.455,0.0,0.0,0.0,5.0,7.0,0.714,7.0,11.0,18.0,1.0,1.0,4.0,2.0,1.0,15.0,6.0
0040000076,1610612755,PHI,Philadelphia,243,Aaron McKie,Aaron,G,,35:00,8.0,14.0,0.571,2.0,3.0,0.667,5.0,6.0,0.833,1.0,4.0,5.0,5.0,3.0,0.0,1.0,4.0,23.0,-3.0
0040000076,1610612755,PHI,Philadelphia,947,Allen Iverson,Allen,G,,48:00,13.0,35.0,0.371,3.0,4.0,0.75,5.0,7.0,0.714,1.0,3.0,4.0,6.0,1.0,0.0,3.0,4.0,34.0,8.0
0040000076,1610612755,PHI,Philadelphia,761,Matt Geiger,Matt,G,,12:00,1.0,3.0,0.333,0.0,0.0,0.0,0.0,0.0,0.0,3.0,1.0,4.0,1.0,0.0,0.0,0.0,0.0,2.0,-6.0
0040000076,1610612755,PHI,Philadelphia,727,Eric Snow,Eric,G,,28:00,3.0,5.0,0.6,0.0,0.0,0.0,0.0,0.0,0.0,0.0,4.0,4.0,6.0,1.0,0.0,1.0,3.0,6.0,9.0
0040000076,1610612755,PHI,Philadelphia,1934,Rodney Buford,Rodney,C,,6:00,0.0,1.0,0.0,0.0,1.0,0.0,0.0,0.0,0.0,0.0,0.0,0.0,1.0,1.0,0.0,1.0,2.0,0.0,4.0
0040000076,1610612755,PHI,Philadelphia,1563,Kevin Ollie,Kevin,,,1:00,0.0,0.0,0.0,0.0,0.0,0.0,0.0,0.0,0.0,0.0,0.0,0.0,0.0,0.0,0.0,0.0,0.0,0.0,2.0
0040000076,1610612755,PHI,Philadelphia,1865,,,, ,,,,,,,,,,,,,,,,,,,,
0040000076,1610612755,PHI,Philadelphia,2169,,,, ,,,,,,,,,,,,,,,,,,,,
0040000076,1610612755,PHI,Philadelphia,1212,,,, ,,,,,,,,,,,,,,,,,,,,
0040000076,1610612755,PHI,Philadelphia,1259,,,, ,,,,,,,,,,,,,,,,,,,,
0040000076,1610612755,PHI,Philadelphia,1308,,,, ,,,,,,,,,,,,,,,,,,,,
0040000076,1610612755,PHI,Philadelphia,1312,,,, ,,,,,,,,,,,,,,,,,,,,
0040000076,1610612755,PHI,Philadelphia,1313,,,, ,,,,,,,,,,,,,,,,,,,,
0040000076,1610612755,PHI,Philadelphia,1952,Raja Bell,Raja,,DNP - Coach's Decision,,,,,,,,,,,,,,,,,,,,
0040000076,1610612755,PHI,Philadelphia,248,George Lynch,George,,DND - Left 5th metatarsal fracture,,,,,,,,,,,,,,,,,,,,
0040000076,1610612755,PHI,Philadelphia,1928,Todd MacCulloch,Todd,,DNP - Coach's Decision,,,,,,,,,,,,,,,,,,,,
0040000077,1610612749,MIL,Milwaukee,299,Glenn Robinson,Glenn,G,,36:00,7.0,15.0,0.467,2.0,5.0,0.4,0.0,0.0,0.0,2.0,1.0,3.0,4.0,0.0,2.0,1.0,3.0,16.0,15.0
0040000077,1610612749,MIL,Milwaukee,281,Scott Williams,Scott,G,,24:00,2.0,8.0,0.25,0.0,0.0,0.0,1.0,2.0,0.5,2.0,3.0,5.0,0.0,1.0,0.0,0.0,3.0,5.0,16.0
0040000077,1610612749,MIL,Milwaukee,911,Ervin Johnson,Ervin,G,,43:00,3.0,4.0,0.75,0.0,0.0,0.0,0.0,2.0,0.0,1.0,6.0,7.0,0.0,1.0,2.0,0.0,1.0,6.0,21.0
0040000077,1610612749,MIL,Milwaukee,208,Sam Cassell,Sam,G,,39:00,7.0,16.0,0.438,0.0,0.0,0.0,0.0,0.0,0.0,1.0,5.0,6.0,11.0,2.0,0.0,1.0,4.0,14.0,18.0
0040000077,1610612749,MIL,Milwaukee,951,Ray Allen,Ray,G,,43:00,15.0,24.0,0.625,7.0,11.0,0.636,1.0,2.0,0.5,1.0,5.0,6.0,6.0,0.0,1.0,0.0,2.0,38.0,24.0
0040000077,1610612749,MIL,Milwaukee,1501,Tim Thomas,Tim,G,,21:00,3.0,5.0,0.6,1.0,2.0,0.5,0.0,0.0,0.0,0.0,1.0,1.0,1.0,0.0,0.0,2.0,2.0,7.0,8.0
0040000077,1610612749,MIL,Milwaukee,283,Lindsey Hunter,Lindsey,F,,18:00,3.0,7.0,0.429,0.0,3.0,0.0,0.0,0.0,0.0,0.0,3.0,3.0,3.0,1.0,1.0,1.0,1.0,6.0,-5.0
0040000077,1610612749,MIL,Milwaukee,1032,Darvin Ham,Darvin,G,,6:00,0.0,0.0,0.0,0.0,0.0,0.0,0.0,0.0,0.0,2.0,2.0,4.0,0.0,0.0,0.0,0.0,2.0,0.0,-5.0
0040000077,1610612749,MIL,Milwaukee,679,Jason Caffey,Jason,,,4:00,0.0,0.0,0.0,0.0,0.0,0.0,0.0,0.0,0.0,0.0,3.0,3.0,0.0,0.0,1.0,0.0,2.0,0.0,-7.0
0040000077,1610612749,MIL,Milwaukee,2038,Joel Przybilla,Joel,,,2:00,0.0,0.0,0.0,0.0,0.0,0.0,0.0,0.0,0.0,0.0,0.0,0.0,0.0,0.0,0.0,0.0,0.0,0.0,-5.0
0040000077,1610612749,MIL,Milwaukee,998,Mark Pope,Mark,,,2:00,0.0,0.0,0.0,0.0,0.0,0.0,0.0,0.0,0.0,0.0,0.0,0.0,0.0,0.0,0.0,0.0,1.0,0.0,-5.0
0040000077,1610612749,MIL,Milwaukee,1747,Rafer Alston,Rafer,,,2:00,0.0,0.0,0.0,0.0,0.0,0.0,0.0,0.0,0.0,0.0,0.0,0.0,0.0,0.0,0.0,1.0,0.0,0.0,-5.0
0040000077,1610612749,MIL,Milwaukee,1796,,,, ,,,,,,,,,,,,,,,,,,,,
0040000077,1610612749,MIL,Milwaukee,1797,,,, ,,,,,,,,,,,,,,,,,,,,
0040000077,1610612749,MIL,Milwaukee,1334,,,, ,,,,,,,,,,,,,,,,,,,,
0040000077,1610612749,MIL,Milwaukee,1337,,,, ,,,,,,,,,,,,,,,,,,,,
0040000077,1610612749,MIL,Milwaukee,1355,,,, ,,,,,,,,,,,,,,,,,,,,
0040000077,1610612749,MIL,Milwaukee,2157,,,, ,,,,,,,,,,,,,,,,,,,,
0040000077,1610612755,PHI,Philadelphia,1908,Jumaine Jones,Jumaine,F,,30:00,3.0,7.0,0.429,0.0,0.0,0.0,2.0,2.0,1.0,6.0,3.0,9.0,0.0,0.0,0.0,2.0,1.0,8.0,-9.0
0040000077,1610612755,PHI,Philadelphia,238,Tyrone Hill,Tyrone,F,,30:00,1.0,4.0,0.25,0.0,0.0,0.0,2.0,4.0,0.5,2.0,2.0,4.0,0.0,0.0,0.0,2.0,3.0,4.0,-12.0
0040000077,1610612755,PHI,Philadelphia,87,Dikembe Mutombo,Dikembe,G,,44:00,3.0,7.0,0.429,0.0,0.0,0.0,12.0,14.0,0.857,8.0,12.0,20.0,0.0,0.0,1.0,2.0,0.0,18.0,-12.0
0040000077,1610612755,PHI,Philadelphia,243,Aaron McKie,Aaron,G,,41:00,9.0,20.0,0.45,2.0,5.0,0.4,1.0,1.0,1.0,1.0,6.0,7.0,3.0,1.0,0.0,0.0,2.0,21.0,-18.0
0040000077,1610612755,PHI,Philadelphia,947,Allen Iverson,Allen,G,,44:00,5.0,26.0,0.192,0.0,8.0,0.0,6.0,8.0,0.75,0.0,3.0,3.0,9.0,3.0,0.0,3.0,2.0,16.0,-15.0
0040000077,1610612755,PHI,Philadelphia,727,Eric Snow,Eric,G,,33:00,2.0,6.0,0.333,0.0,0.0,0.0,0.0,0.0,0.0,1.0,2.0,3.0,1.0,0.0,0.0,2.0,2.0,4.0,-3.0
0040000077,1610612755,PHI,Philadelphia,1928,Todd MacCulloch,Todd,,,4:00,1.0,3.0,0.333,0.0,0.0,0.0,0.0,0.0,0.0,1.0,0.0,1.0,0.0,0.0,0.0,0.0,0.0,2.0,-2.0
0040000077,1610612755,PHI,Philadelphia,1934,Rodney Buford,Rodney,,,7:00,1.0,1.0,1.0,0.0,0.0,0.0,0.0,0.0,0.0,1.0,1.0,2.0,1.0,0.0,0.0,0.0,1.0,2.0,-1.0
0040000077,1610612755,PHI,Philadelphia,1952,Raja Bell,Raja,,,4:00,1.0,1.0,1.0,0.0,0.0,0.0,1.0,1.0,1.0,0.0,0.0,0.0,0.0,0.0,0.0,0.0,0.0,3.0,1.0
0040000077,1610612755,PHI,Philadelphia,1563,Kevin Ollie,Kevin,,,3:00,0.0,0.0,0.0,0.0,0.0,0.0,0.0,0.0,0.0,0.0,0.0,0.0,0.0,0.0,0.0,0.0,0.0,0.0,1.0
0040000077,1610612755,PHI,Philadelphia,1865,,,, ,,,,,,,,,,,,,,,,,,,,
0040000077,1610612755,PHI,Philadelphia,1212,,,, ,,,,,,,,,,,,,,,,,,,,
0040000077,1610612755,PHI,Philadelphia,1259,,,, ,,,,,,,,,,,,,,,,,,,,
0040000077,1610612755,PHI,Philadelphia,1308,,,, ,,,,,,,,,,,,,,,,,,,,
0040000077,1610612755,PHI,Philadelphia,1312,,,, ,,,,,,,,,,,,,,,,,,,,
0040000077,1610612755,PHI,Philadelphia,1313,,,, ,,,,,,,,,,,,,,,,,,,,
0040000077,1610612755,PHI,Philadelphia,2169,,,, ,,,,,,,,,,,,,,,,,,,,
0040000077,1610612755,PHI,Philadelphia,761,Matt Geiger,Matt,,DND - Right Quadriceps Tendinitis,,,,,,,,,,,,,,,,,,,,
0040000077,1610612755,PHI,Philadelphia,248,George Lynch,George,,DND - Left 5th Metatarsal Fracture,,,,,,,,,,,,,,,,,,,,
0040000071,1610612759,SAS,San Antonio,1507,Derek Anderson,Derek,F,,29:00,0.0,8.0,0.0,0.0,3.0,0.0,2.0,2.0,1.0,1.0,2.0,3.0,1.0,1.0,0.0,0.0,1.0,2.0,-29.0
0040000071,1610612759,SAS,San Antonio,1495,Tim Duncan,Tim,F,,39:00,3.0,14.0,0.214,0.0,0.0,0.0,3.0,8.0,0.375,6.0,7.0,13.0,7.0,4.0,4.0,3.0,4.0,9.0,-27.0
0040000071,1610612759,SAS,San Antonio,764,David Robinson,David,C,,31:00,10.0,18.0,0.556,0.0,0.0,0.0,4.0,6.0,0.667,3.0,9.0,12.0,0.0,1.0,4.0,0.0,3.0,24.0,-24.0
0040000071,1610612759,SAS,San Antonio,1498,Antonio Daniels,Antonio,G,,45:00,5.0,14.0,0.357,0.0,2.0,0.0,7.0,7.0,1.0,0.0,1.0,1.0,3.0,1.0,0.0,1.0,2.0,17.0,-34.0
0040000071,1610612759,SAS,San Antonio,345,Terry Porter,Terry,G,,17:00,2.0,6.0,0.333,1.0,4.0,0.25,0.0,0.0,0.0,0.0,0.0,0.0,0.0,0.0,0.0,2.0,1.0,5.0,-12.0
0040000071,1610612759,SAS,San Antonio,198,Danny Ferry,Danny,F,,24:00,1.0,5.0,0.2,0.0,1.0,0.0,0.0,0.0,0.0,0.0,3.0,3.0,0.0,0.0,0.0,0.0,4.0,2.0,-30.0
0040000071,1610612759,SAS,San Antonio,422,Avery Johnson,Avery,G,,24:00,2.0,7.0,0.286,0.0,1.0,0.0,1.0,2.0,0.5,0.0,1.0,1.0,1.0,1.0,0.0,0.0,1.0,5.0,-16.0
0040000071,1610612759,SAS,San Antonio,990,Malik Rose,Malik,G,,14:00,2.0,4.0,0.5,0.0,0.0,0.0,1.0,2.0,0.5,0.0,1.0,1.0,0.0,1.0,0.0,1.0,2.0,5.0,-10.0
0040000071,1610612759,SAS,San Antonio,70,Steve Kerr,Steve,,,8:00,0.0,2.0,0.0,0.0,1.0,0.0,0.0,0.0,0.0,1.0,0.0,1.0,0.0,1.0,0.0,0.0,0.0,0.0,-1.0
0040000071,1610612759,SAS,San Antonio,955,Samaki Walker,Samaki,,,6:00,0.0,2.0,0.0,0.0,0.0,0.0,0.0,0.0,0.0,0.0,0.0,0.0,0.0,0.0,1.0,0.0,0.0,0.0,-7.0
0040000071,1610612759,SAS,San Antonio,1035,Shawnelle Scott,Shawnelle,,,3:00,1.0,1.0,1.0,0.0,0.0,0.0,1.0,1.0,1.0,0.0,0.0,0.0,0.0,0.0,0.0,1.0,1.0,3.0,-5.0
0040000071,1610612759,SAS,San Antonio,1658,,,, ,,,,,,,,,,,,,,,,,,,,
0040000071,1610612759,SAS,San Antonio,873,,,, ,,,,,,,,,,,,,,,,,,,,
0040000071,1610612759,SAS,San Antonio,1264,,,, ,,,,,,,,,,,,,,,,,,,,
0040000071,1610612759,SAS,San Antonio,1331,,,, ,,,,,,,,,,,,,,,,,,,,
0040000071,1610612759,SAS,San Antonio,1371,,,, ,,,,,,,,,,,,,,,,,,,,
0040000071,1610612759,SAS,San Antonio,251,Sean Elliott,Sean,,DNP - Coach's Decision,,,,,,,,,,,,,,,,,,,,
0040000071,1610612747,LAL,Los Angeles,296,Rick Fox,Rick,G,,36:00,4.0,7.0,0.571,1.0,2.0,0.5,2.0,2.0,1.0,1.0,5.0,6.0,0.0,2.0,1.0,1.0,3.0,11.0,36.0
0040000071,1610612747,LAL,Los Angeles,270,Horace Grant,Horace,G,,20:00,0.0,5.0,0.0,0.0,0.0,0.0,2.0,2.0,1.0,2.0,6.0,8.0,0.0,0.0,1.0,3.0,4.0,2.0,15.0
0040000071,1610612747,LAL,Los Angeles,406,Shaquille O'Neal,Shaquille,G,,35:00,16.0,23.0,0.696,0.0,0.0,0.0,3.0,9.0,0.333,6.0,11.0,17.0,3.0,0.0,0.0,4.0,3.0,35.0,21.0
0040000071,1610612747,LAL,Los Angeles,977,Kobe Bryant,Kobe,G,,40:00,14.0,27.0,0.519,2.0,4.0,0.5,6.0,9.0,0.667,5.0,4.0,9.0,8.0,1.0,0.0,3.0,1.0,36.0,28.0
0040000071,1610612747,LAL,Los Angeles,965,Derek Fisher,Derek,G,,37:00,5.0,13.0,0.385,2.0,5.0,0.4,1.0,1.0,1.0,1.0,2.0,3.0,3.0,1.0,0.0,1.0,4.0,13.0,32.0
0040000071,1610612747,LAL,Los Angeles,109,Robert Horry,Robert,F,,34:00,1.0,10.0,0.1,0.0,4.0,0.0,0.0,0.0,0.0,6.0,6.0,12.0,4.0,2.0,3.0,1.0,2.0,2.0,30.0
0040000071,1610612747,LAL,Los Angeles,2058,Mark Madsen,Mark,,,6:00,0.0,2.0,0.0,0.0,0.0,0.0,2.0,2.0,1.0,0.0,0.0,0.0,1.0,0.0,0.0,0.0,1.0,2.0,11.0
0040000071,1610612747,LAL,Los Angeles,216,Brian Shaw,Brian,G,,17:00,3.0,3.0,1.0,2.0,2.0,1.0,0.0,0.0,0.0,1.0,4.0,5.0,4.0,0.0,0.0,0.0,2.0,8.0,9.0
0040000071,1610612747,LAL,Los Angeles,1731,Tyronn Lue,Tyronn,,,11:00,1.0,2.0,0.5,0.0,1.0,0.0,0.0,0.0,0.0,0.0,3.0,3.0,0.0,0.0,0.0,1.0,0.0,2.0,8.0
0040000071,1610612747,LAL,Los Angeles,1904,Devean George,Devean,,,4:00,0.0,0.0,0.0,0.0,0.0,0.0,0.0,0.0,0.0,0.0,0.0,0.0,1.0,0.0,0.0,1.0,1.0,0.0,5.0
0040000071,1610612747,LAL,Los Angeles,1270,,,, ,,,,,,,,,,,,,,,,,,,,
0040000071,1610612747,LAL,Los Angeles,1273,,,, ,,,,,,,,,,,,,,,,,,,,
0040000071,1610612747,LAL,Los Angeles,1219,,,, ,,,,,,,,,,,,,,,,,,,,
0040000071,1610612747,LAL,Los Angeles,1221,,,, ,,,,,,,,,,,,,,,,,,,,
0040000071,1610612747,LAL,Los Angeles,1223,,,, ,,,,,,,,,,,,,,,,,,,,
0040000071,1610612747,LAL,Los Angeles,1230,,,, ,,,,,,,,,,,,,,,,,,,,
0040000071,1610612747,LAL,Los Angeles,323,Greg Foster,Greg,,DND - Sprained right foot.,,,,,,,,,,,,,,,,,,,,
0040000071,1610612747,LAL,Los Angeles,166,Ron Harper,Ron,,DNP - Coach's Decision,,,,,,,,,,,,,,,,,,,,
0040000078,1610612755,PHI,Philadelphia,238,Tyrone Hill,Tyrone,G,,34:00,1.0,6.0,0.167,0.0,0.0,0.0,4.0,8.0,0.5,3.0,6.0,9.0,1.0,1.0,1.0,1.0,3.0,6.0,-21.0
0040000078,1610612755,PHI,Philadelphia,1908,Jumaine Jones,Jumaine,G,,42:00,6.0,15.0,0.4,3.0,5.0,0.6,1.0,1.0,1.0,3.0,5.0,8.0,3.0,1.0,0.0,0.0,3.0,16.0,1.0
0040000078,1610612755,PHI,Philadelphia,87,Dikembe Mutombo,Dikembe,F,,40:00,5.0,11.0,0.455,0.0,0.0,0.0,2.0,4.0,0.5,4.0,6.0,10.0,1.0,0.0,0.0,2.0,0.0,12.0,-1.0
0040000078,1610612755,PHI,Philadelphia,243,Aaron McKie,Aaron,G,,47:00,6.0,18.0,0.333,1.0,4.0,0.25,9.0,9.0,1.0,0.0,7.0,7.0,5.0,4.0,0.0,4.0,5.0,22.0,-7.0
0040000078,1610612755,PHI,Philadelphia,727,Eric Snow,Eric,G,,40:00,1.0,11.0,0.091,0.0,1.0,0.0,2.0,6.0,0.333,0.0,2.0,2.0,2.0,3.0,0.0,6.0,3.0,4.0,-4.0
0040000078,1610612755,PHI,Philadelphia,1952,Raja Bell,Raja,C,,7:00,0.0,1.0,0.0,0.0,0.0,0.0,0.0,0.0,0.0,0.0,0.0,0.0,0.0,0.0,0.0,1.0,2.0,0.0,-2.0
0040000078,1610612755,PHI,Philadelphia,1563,Kevin Ollie,Kevin,,,12:00,2.0,3.0,0.667,0.0,0.0,0.0,0.0,0.0,0.0,0.0,0.0,0.0,3.0,0.0,0.0,0.0,5.0,4.0,-1.0
0040000078,1610612755,PHI,Philadelphia,1928,Todd MacCulloch,Todd,G,,13:00,4.0,4.0,1.0,0.0,0.0,0.0,2.0,3.0,0.667,2.0,2.0,4.0,3.0,0.0,0.0,0.0,0.0,10.0,1.0
0040000078,1610612755,PHI,Philadelphia,1934,Rodney Buford,Rodney,,,5:00,0.0,1.0,0.0,0.0,0.0,0.0,0.0,0.0,0.0,0.0,0.0,0.0,1.0,0.0,0.0,0.0,0.0,0.0,4.0
0040000078,1610612755,PHI,Philadelphia,1865,,,, ,,,,,,,,,,,,,,,,,,,,
0040000078,1610612755,PHI,Philadelphia,2169,,,, ,,,,,,,,,,,,,,,,,,,,
0040000078,1610612755,PHI,Philadelphia,1212,,,, ,,,,,,,,,,,,,,,,,,,,
0040000078,1610612755,PHI,Philadelphia,1259,,,, ,,,,,,,,,,,,,,,,,,,,
0040000078,1610612755,PHI,Philadelphia,1308,,,, ,,,,,,,,,,,,,,,,,,,,
0040000078,1610612755,PHI,Philadelphia,1312,,,, ,,,,,,,,,,,,,,,,,,,,
0040000078,1610612755,PHI,Philadelphia,1313,,,, ,,,,,,,,,,,,,,,,,,,,
0040000078,1610612755,PHI,Philadelphia,761,Matt Geiger,Matt,,DND - Right Quadriceps Tendinitis,,,,,,,,,,,,,,,,,,,,
0040000078,1610612755,PHI,Philadelphia,947,Allen Iverson,Allen,,NWT - Left Sacroiliac Contusion,,,,,,,,,,,,,,,,,,,,
0040000078,1610612755,PHI,Philadelphia,248,George Lynch,George,,NWT - Fractured Left 5th Metatarsal,,,,,,,,,,,,,,,,,,,,
0040000078,1610612749,MIL,Milwaukee,299,Glenn Robinson,Glenn,F,,39:00,8.0,18.0,0.444,2.0,5.0,0.4,0.0,0.0,0.0,2.0,6.0,8.0,0.0,3.0,1.0,5.0,3.0,18.0,2.0
0040000078,1610612749,MIL,Milwaukee,281,Scott Williams,Scott,G,,28:00,1.0,6.0,0.167,0.0,0.0,0.0,2.0,2.0,1.0,2.0,6.0,8.0,1.0,0.0,2.0,0.0,5.0,4.0,9.0
0040000078,1610612749,MIL,Milwaukee,911,Ervin Johnson,Ervin,G,,42:00,4.0,4.0,1.0,0.0,0.0,0.0,0.0,0.0,0.0,5.0,8.0,13.0,1.0,1.0,2.0,1.0,4.0,8.0,12.0
0040000078,1610612749,MIL,Milwaukee,951,Ray Allen,Ray,G,,44:00,6.0,18.0,0.333,0.0,4.0,0.0,8.0,8.0,1.0,1.0,4.0,5.0,5.0,0.0,1.0,3.0,4.0,20.0,4.0
0040000078,1610612749,MIL,Milwaukee,208,Sam Cassell,Sam,G,,36:00,9.0,15.0,0.6,0.0,0.0,0.0,6.0,9.0,0.667,1.0,4.0,5.0,4.0,1.0,0.0,2.0,4.0,24.0,19.0
0040000078,1610612749,MIL,Milwaukee,679,Jason Caffey,Jason,G,,10:00,0.0,3.0,0.0,0.0,0.0,0.0,0.0,0.0,0.0,2.0,0.0,2.0,0.0,0.0,0.0,1.0,3.0,0.0,0.0
0040000078,1610612749,MIL,Milwaukee,1501,Tim Thomas,Tim,F,,19:00,1.0,3.0,0.333,0.0,1.0,0.0,2.0,2.0,1.0,1.0,0.0,1.0,1.0,1.0,0.0,0.0,3.0,4.0,-7.0
0040000078,1610612749,MIL,Milwaukee,283,Lindsey Hunter,Lindsey,F,,16:00,1.0,5.0,0.2,0.0,2.0,0.0,0.0,0.0,0.0,0.0,1.0,1.0,1.0,1.0,0.0,0.0,1.0,2.0,-10.0
0040000078,1610612749,MIL,Milwaukee,1032,Darvin Ham,Darvin,,,6:00,0.0,0.0,0.0,0.0,0.0,0.0,0.0,2.0,0.0,0.0,0.0,0.0,0.0,0.0,0.0,1.0,1.0,0.0,1.0
0040000078,1610612749,MIL,Milwaukee,1796,,,, ,,,,,,,,,,,,,,,,,,,,
0040000078,1610612749,MIL,Milwaukee,1797,,,, ,,,,,,,,,,,,,,,,,,,,
0040000078,1610612749,MIL,Milwaukee,1334,,,, ,,,,,,,,,,,,,,,,,,,,
0040000078,1610612749,MIL,Milwaukee,1337,,,, ,,,,,,,,,,,,,,,,,,,,
0040000078,1610612749,MIL,Milwaukee,1355,,,, ,,,,,,,,,,,,,,,,,,,,
0040000078,1610612749,MIL,Milwaukee,2157,,,, ,,,,,,,,,,,,,,,,,,,,
0040000078,1610612749,MIL,Milwaukee,1747,Rafer Alston,Rafer,,DNP - Coach's Decision,,,,,,,,,,,,,,,,,,,,
0040000078,1610612749,MIL,Milwaukee,998,Mark Pope,Mark,,DNP - Coach's Decision,,,,,,,,,,,,,,,,,,,,
0040000078,1610612749,MIL,Milwaukee,2038,Joel Przybilla,Joel,,DNP - Coach's Decision,,,,,,,,,,,,,,,,,,,,
