GAME_ID,TEAM_ID,TEAM_ABBREVIATION,TEAM_CITY,PLAYER_ID,PLAYER_NAME,NICKNAME,START_POSITION,COMMENT,MIN,FGM,FGA,FG_PCT,FG3M,FG3A,FG3_PCT,FTM,FTA,FT_PCT,OREB,DREB,REB,AST,STL,BLK,TO,PF,PTS,PLUS_MINUS
0020200407,1610612761,TOR,Toronto,2050,Morris Peterson,Morris,G,,38:10,9.0,19.0,0.474,3.0,10.0,0.3,1.0,2.0,0.5,2.0,5.0,7.0,3.0,0.0,1.0,1.0,4.0,22.0,-5.0
0020200407,1610612761,TOR,Toronto,966,Jerome Williams,Jerome,F,,33:46,4.0,7.0,0.571,0.0,0.0,0.0,0.0,1.0,0.0,4.0,7.0,11.0,1.0,2.0,0.0,1.0,4.0,8.0,1.0
0020200407,1610612761,TOR,Toronto,1741,Jelani McCoy,Jelani,F,,23:50,1.0,2.0,0.5,0.0,0.0,0.0,2.0,4.0,0.5,0.0,3.0,3.0,2.0,0.0,0.0,3.0,3.0,4.0,-13.0
0020200407,1610612761,TOR,Toronto,702,Voshon Lenard,Voshon,G,,39:46,10.0,18.0,0.556,4.0,6.0,0.667,3.0,3.0,1.0,1.0,5.0,6.0,3.0,1.0,1.0,3.0,2.0,27.0,-7.0
0020200407,1610612761,TOR,Toronto,1541,Alvin Williams,Alvin,G,,35:24,5.0,16.0,0.313,1.0,3.0,0.333,1.0,2.0,0.5,0.0,2.0,2.0,6.0,0.0,1.0,2.0,2.0,12.0,-8.0
0020200407,1610612761,TOR,Toronto,283,Lindsey Hunter,Lindsey,G,,18:37,3.0,6.0,0.5,0.0,2.0,0.0,0.0,0.0,0.0,0.0,0.0,0.0,1.0,0.0,0.0,0.0,2.0,6.0,-2.0
0020200407,1610612761,TOR,Toronto,323,Greg Foster,Greg,G,,24:10,2.0,4.0,0.5,0.0,0.0,0.0,0.0,0.0,0.0,1.0,3.0,4.0,1.0,0.0,0.0,0.0,2.0,4.0,4.0
0020200407,1610612761,TOR,Toronto,2214,Michael Bradley,Michael,G,,14:14,2.0,3.0,0.667,0.0,0.0,0.0,0.0,2.0,0.0,4.0,1.0,5.0,2.0,0.0,0.0,1.0,0.0,4.0,-10.0
0020200407,1610612761,TOR,Toronto,1983,Jermaine Jackson,Jermaine,F,,7:12,0.0,2.0,0.0,0.0,0.0,0.0,1.0,2.0,0.5,1.0,0.0,1.0,1.0,1.0,0.0,1.0,2.0,1.0,-4.0
0020200407,1610612761,TOR,Toronto,2423,Chris Jefferies,Chris,,,4:51,0.0,1.0,0.0,0.0,1.0,0.0,0.0,0.0,0.0,0.0,0.0,0.0,0.0,1.0,0.0,0.0,3.0,0.0,-1.0
0020200407,1610612761,TOR,Toronto,2472,,,, ,,,,,,,,,,,,,,,,,,,,
0020200407,1610612761,TOR,Toronto,1205,,,, ,,,,,,,,,,,,,,,,,,,,
0020200407,1610612761,TOR,Toronto,1206,,,, ,,,,,,,,,,,,,,,,,,,,
0020200407,1610612761,TOR,Toronto,2395,,,, ,,,,,,,,,,,,,,,,,,,,
0020200407,1610612761,TOR,Toronto,2162,,,, ,,,,,,,,,,,,,,,,,,,,
0020200407,1610612761,TOR,Toronto,1344,,,, ,,,,,,,,,,,,,,,,,,,,
0020200407,1610612761,TOR,Toronto,1572,Nate Huffman,Nate,,DNP - Coach's Decision,,,,,,,,,,,,,,,,,,,,
0020200407,1610612760,SEA,Seattle,2501,Reggie Evans,Reggie,G,,19:16,1.0,2.0,0.5,0.0,0.0,0.0,0.0,0.0,0.0,1.0,3.0,4.0,1.0,1.0,0.0,0.0,1.0,2.0,7.0
0020200407,1610612760,SEA,Seattle,1740,Rashard Lewis,Rashard,F,,39:27,7.0,13.0,0.538,0.0,1.0,0.0,6.0,6.0,1.0,3.0,3.0,6.0,1.0,0.0,1.0,3.0,3.0,20.0,-6.0
0020200407,1610612760,SEA,Seattle,1542,Predrag Drobnjak,Predrag,C,,36:26,6.0,15.0,0.4,1.0,2.0,0.5,2.0,2.0,1.0,2.0,8.0,10.0,1.0,2.0,1.0,0.0,2.0,15.0,7.0
0020200407,1610612760,SEA,Seattle,699,Brent Barry,Brent,G,,20:52,0.0,4.0,0.0,0.0,4.0,0.0,0.0,0.0,0.0,1.0,6.0,7.0,7.0,0.0,0.0,2.0,4.0,0.0,18.0
0020200407,1610612760,SEA,Seattle,56,Gary Payton,Gary,G,,41:56,15.0,25.0,0.6,1.0,1.0,1.0,4.0,5.0,0.8,1.0,6.0,7.0,7.0,0.0,0.0,2.0,3.0,35.0,21.0
0020200407,1610612760,SEA,Seattle,2046,Desmond Mason,Desmond,G,,29:01,1.0,4.0,0.25,0.0,0.0,0.0,3.0,4.0,0.75,1.0,3.0,4.0,1.0,1.0,1.0,1.0,4.0,5.0,-4.0
0020200407,1610612760,SEA,Seattle,2209,Vladimir Radmanovic,Vladimir,G,,24:07,6.0,9.0,0.667,1.0,2.0,0.5,3.0,5.0,0.6,0.0,1.0,1.0,2.0,0.0,1.0,1.0,1.0,16.0,6.0
0020200407,1610612760,SEA,Seattle,72,Kenny Anderson,Kenny,G,,12:44,1.0,1.0,1.0,0.0,0.0,0.0,0.0,0.0,0.0,1.0,1.0,2.0,8.0,0.0,0.0,1.0,1.0,2.0,-2.0
0020200407,1610612760,SEA,Seattle,958,Vitaly Potapenko,Vitaly,G,,11:34,0.0,3.0,0.0,0.0,0.0,0.0,0.0,0.0,0.0,2.0,1.0,3.0,0.0,0.0,0.0,0.0,0.0,0.0,2.0
0020200407,1610612760,SEA,Seattle,1738,Ansu Sesay,Ansu,,,4:37,0.0,0.0,0.0,0.0,0.0,0.0,2.0,2.0,1.0,0.0,0.0,0.0,0.0,0.0,0.0,0.0,1.0,2.0,-4.0
0020200407,1610612760,SEA,Seattle,1335,,,, ,,,,,,,,,,,,,,,,,,,,
0020200407,1610612760,SEA,Seattle,1338,,,, ,,,,,,,,,,,,,,,,,,,,
0020200407,1610612760,SEA,Seattle,1349,,,, ,,,,,,,,,,,,,,,,,,,,
0020200407,1610612760,SEA,Seattle,1778,,,, ,,,,,,,,,,,,,,,,,,,,
0020200407,1610612760,SEA,Seattle,2350,,,, ,,,,,,,,,,,,,,,,,,,,
0020200407,1610612760,SEA,Seattle,1916,Calvin Booth,Calvin,,DNP - Coach's Decision,,,,,,,,,,,,,,,,,,,,
0020200407,1610612760,SEA,Seattle,2218,Joseph Forte,Joseph,,DNP - Coach's Decision,,,,,,,,,,,,,,,,,,,,
0020200406,1610612742,DAL,Dallas,1559,Adrian Griffin,Adrian,F,,10:10,0.0,2.0,0.0,0.0,1.0,0.0,0.0,0.0,0.0,0.0,2.0,2.0,1.0,0.0,0.0,0.0,1.0,0.0,4.0
0020200406,1610612742,DAL,Dallas,1717,Dirk Nowitzki,Dirk,G,,46:42,11.0,22.0,0.5,1.0,1.0,1.0,0.0,0.0,0.0,1.0,6.0,7.0,1.0,2.0,4.0,0.0,0.0,23.0,2.0
0020200406,1610612742,DAL,Dallas,762,Shawn Bradley,Shawn,G,,40:02,4.0,11.0,0.364,0.0,0.0,0.0,2.0,3.0,0.667,3.0,7.0,10.0,3.0,0.0,5.0,1.0,1.0,10.0,0.0
0020200406,1610612742,DAL,Dallas,959,Steve Nash,Steve,G,,37:22,4.0,16.0,0.25,0.0,3.0,0.0,7.0,8.0,0.875,1.0,2.0,3.0,7.0,0.0,0.0,5.0,4.0,15.0,4.0
0020200406,1610612742,DAL,Dallas,714,Michael Finley,Michael,G,,40:02,5.0,16.0,0.313,0.0,3.0,0.0,2.0,2.0,1.0,0.0,3.0,3.0,3.0,1.0,1.0,0.0,2.0,12.0,-6.0
0020200406,1610612742,DAL,Dallas,1952,Raja Bell,Raja,G,,7:58,2.0,2.0,1.0,0.0,0.0,0.0,0.0,0.0,0.0,0.0,0.0,0.0,0.0,0.0,0.0,0.0,3.0,4.0,-4.0
0020200406,1610612742,DAL,Dallas,1711,Raef LaFrentz,Raef,G,,21:18,2.0,3.0,0.667,0.0,0.0,0.0,0.0,0.0,0.0,1.0,4.0,5.0,1.0,0.0,0.0,1.0,6.0,4.0,4.0
0020200406,1610612742,DAL,Dallas,89,Nick Van Exel,Nick,G,,27:57,5.0,16.0,0.313,2.0,5.0,0.4,1.0,2.0,0.5,3.0,8.0,11.0,3.0,2.0,0.0,0.0,2.0,13.0,7.0
0020200406,1610612742,DAL,Dallas,1005,Walt Williams,Walt,,,4:09,1.0,2.0,0.5,0.0,1.0,0.0,0.0,0.0,0.0,0.0,0.0,0.0,0.0,0.0,0.0,0.0,0.0,2.0,0.0
0020200406,1610612742,DAL,Dallas,461,Popeye Jones,Popeye,,,1:58,0.0,0.0,0.0,0.0,0.0,0.0,0.0,0.0,0.0,0.0,1.0,1.0,0.0,0.0,0.0,0.0,1.0,0.0,-2.0
0020200406,1610612742,DAL,Dallas,422,Avery Johnson,Avery,,,2:22,0.0,0.0,0.0,0.0,0.0,0.0,0.0,0.0,0.0,0.0,1.0,1.0,1.0,0.0,0.0,0.0,0.0,0.0,1.0
0020200406,1610612742,DAL,Dallas,1233,,,, ,,,,,,,,,,,,,,,,,,,,
0020200406,1610612742,DAL,Dallas,1269,,,, ,,,,,,,,,,,,,,,,,,,,
0020200406,1610612742,DAL,Dallas,2154,,,, ,,,,,,,,,,,,,,,,,,,,
0020200406,1610612742,DAL,Dallas,1317,,,, ,,,,,,,,,,,,,,,,,,,,
0020200406,1610612742,DAL,Dallas,1370,,,, ,,,,,,,,,,,,,,,,,,,,
0020200406,1610612742,DAL,Dallas,1483,,,, ,,,,,,,,,,,,,,,,,,,,
0020200406,1610612742,DAL,Dallas,2378,,,, ,,,,,,,,,,,,,,,,,,,,
0020200406,1610612742,DAL,Dallas,2492,Adam Harrington,Adam,,DNP - Coach's Decision,,,,,,,,,,,,,,,,,,,,
0020200406,1610612742,DAL,Dallas,1110,Mark Strickland,Mark,,DNP - Coach's Decision,,,,,,,,,,,,,,,,,,,,
0020200406,1610612740,NOH,New Orleans,469,Jamal Mashburn,Jamal,G,,37:16,3.0,17.0,0.176,0.0,3.0,0.0,2.0,4.0,0.5,1.0,9.0,10.0,4.0,1.0,0.0,3.0,2.0,8.0,-5.0
0020200406,1610612740,NOH,New Orleans,136,P.J. Brown,P.J.,G,,31:26,3.0,5.0,0.6,0.0,0.0,0.0,5.0,6.0,0.833,1.0,6.0,7.0,0.0,0.0,1.0,3.0,3.0,11.0,-6.0
0020200406,1610612740,NOH,New Orleans,2048,Jamaal Magloire,Jamaal,C,,33:15,5.0,11.0,0.455,0.0,0.0,0.0,0.0,0.0,0.0,6.0,9.0,15.0,2.0,0.0,1.0,1.0,5.0,10.0,-3.0
0020200406,1610612740,NOH,New Orleans,1884,Baron Davis,Baron,G,,40:34,5.0,13.0,0.385,0.0,3.0,0.0,1.0,1.0,1.0,1.0,3.0,4.0,10.0,0.0,0.0,2.0,1.0,11.0,-7.0
0020200406,1610612740,NOH,New Orleans,133,David Wesley,David,G,,37:46,9.0,15.0,0.6,4.0,6.0,0.667,2.0,2.0,1.0,1.0,4.0,5.0,3.0,1.0,0.0,4.0,4.0,24.0,4.0
0020200406,1610612740,NOH,New Orleans,2042,Courtney Alexander,Courtney,F,,19:18,2.0,7.0,0.286,0.0,1.0,0.0,2.0,2.0,1.0,1.0,3.0,4.0,3.0,0.0,0.0,1.0,2.0,6.0,-6.0
0020200406,1610612740,NOH,New Orleans,922,Elden Campbell,Elden,F,,16:59,2.0,7.0,0.286,0.0,0.0,0.0,3.0,5.0,0.6,0.0,0.0,0.0,2.0,0.0,1.0,1.0,1.0,7.0,0.0
0020200406,1610612740,NOH,New Orleans,248,George Lynch,George,G,,15:15,2.0,4.0,0.5,0.0,1.0,0.0,0.0,0.0,0.0,2.0,4.0,6.0,1.0,0.0,0.0,0.0,0.0,4.0,5.0
0020200406,1610612740,NOH,New Orleans,278,Stacey Augmon,Stacey,F,,4:21,0.0,0.0,0.0,0.0,0.0,0.0,0.0,0.0,0.0,0.0,2.0,2.0,0.0,0.0,0.0,1.0,1.0,0.0,4.0
0020200406,1610612740,NOH,New Orleans,1724,Bryce Drew,Bryce,G,,3:50,0.0,0.0,0.0,0.0,0.0,0.0,0.0,0.0,0.0,0.0,0.0,0.0,2.0,0.0,0.0,0.0,0.0,0.0,4.0
0020200406,1610612740,NOH,New Orleans,2152,,,, ,,,,,,,,,,,,,,,,,,,,
0020200406,1610612740,NOH,New Orleans,1218,,,, ,,,,,,,,,,,,,,,,,,,,
0020200406,1610612740,NOH,New Orleans,1304,,,, ,,,,,,,,,,,,,,,,,,,,
0020200406,1610612740,NOH,New Orleans,1316,,,, ,,,,,,,,,,,,,,,,,,,,
0020200406,1610612740,NOH,New Orleans,2377,,,, ,,,,,,,,,,,,,,,,,,,,
0020200406,1610612740,NOH,New Orleans,2213,Kirk Haston,Kirk,,DNP - Coach's Decision,,,,,,,,,,,,,,,,,,,,
0020200406,1610612740,NOH,New Orleans,2040,Jerome Moiso,Jerome,,DNP - Coach's Decision,,,,,,,,,,,,,,,,,,,,
0020200406,1610612740,NOH,New Orleans,1714,Robert Traylor,Robert,,DNP - Coach's Decision,,,,,,,,,,,,,,,,,,,,
0020200405,1610612765,DET,Detroit,688,Michael Curry,Michael,F,,21:43,2.0,4.0,0.5,0.0,0.0,0.0,0.0,0.0,0.0,0.0,1.0,1.0,1.0,0.0,0.0,0.0,3.0,4.0,5.0
0020200405,1610612765,DET,Detroit,1112,Ben Wallace,Ben,G,,45:31,4.0,9.0,0.444,0.0,0.0,0.0,3.0,4.0,0.75,5.0,8.0,13.0,2.0,1.0,0.0,0.0,2.0,11.0,4.0
0020200405,1610612765,DET,Detroit,361,Clifford Robinson,Clifford,G,,27:23,7.0,11.0,0.636,2.0,3.0,0.667,0.0,0.0,0.0,0.0,0.0,0.0,0.0,1.0,1.0,1.0,4.0,16.0,3.0
0020200405,1610612765,DET,Detroit,1888,Richard Hamilton,Richard,G,,29:39,6.0,16.0,0.375,0.0,1.0,0.0,10.0,13.0,0.769,1.0,6.0,7.0,1.0,0.0,0.0,1.0,5.0,22.0,9.0
0020200405,1610612765,DET,Detroit,1497,Chauncey Billups,Chauncey,G,,29:00,1.0,6.0,0.167,0.0,3.0,0.0,3.0,4.0,0.75,1.0,2.0,3.0,5.0,0.0,0.0,2.0,1.0,5.0,6.0
0020200405,1610612765,DET,Detroit,722,Corliss Williamson,Corliss,G,,26:60,5.0,12.0,0.417,0.0,0.0,0.0,5.0,6.0,0.833,3.0,0.0,3.0,2.0,1.0,0.0,2.0,5.0,15.0,-4.0
0020200405,1610612765,DET,Detroit,468,Jon Barry,Jon,F,,18:22,2.0,6.0,0.333,1.0,1.0,1.0,2.0,2.0,1.0,0.0,1.0,1.0,2.0,2.0,0.0,0.0,0.0,7.0,3.0
0020200405,1610612765,DET,Detroit,2246,Mehmet Okur,Mehmet,F,,22:23,1.0,6.0,0.167,0.0,1.0,0.0,2.0,2.0,1.0,2.0,5.0,7.0,1.0,0.0,0.0,0.0,3.0,4.0,0.0
0020200405,1610612765,DET,Detroit,1088,Chucky Atkins,Chucky,C,,19:00,1.0,3.0,0.333,1.0,2.0,0.5,0.0,0.0,0.0,0.0,2.0,2.0,1.0,0.0,0.0,1.0,1.0,3.0,-1.0
0020200405,1610612765,DET,Detroit,1655,,,, ,,,,,,,,,,,,,,,,,,,,
0020200405,1610612765,DET,Detroit,1247,,,, ,,,,,,,,,,,,,,,,,,,,
0020200405,1610612765,DET,Detroit,2167,,,, ,,,,,,,,,,,,,,,,,,,,
0020200405,1610612765,DET,Detroit,1311,,,, ,,,,,,,,,,,,,,,,,,,,
0020200405,1610612765,DET,Detroit,1320,,,, ,,,,,,,,,,,,,,,,,,,,
0020200405,1610612765,DET,Detroit,93,Hubert Davis,Hubert,,DNP - Coach's Decision,,,,,,,,,,,,,,,,,,,,
0020200405,1610612765,DET,Detroit,2419,Tayshaun Prince,Tayshaun,,DNP - Coach's Decision,,,,,,,,,,,,,,,,,,,,
0020200405,1610612765,DET,Detroit,1442,Zeljko Rebraca,Zeljko,,NWT - Irregular Heartbeat,,,,,,,,,,,,,,,,,,,,
0020200405,1610612764,WAS,Washington,711,Jerry Stackhouse,Jerry,G,,36:42,6.0,14.0,0.429,1.0,4.0,0.25,11.0,12.0,0.917,1.0,2.0,3.0,1.0,1.0,0.0,3.0,3.0,24.0,-1.0
0020200405,1610612764,WAS,Washington,363,Christian Laettner,Christian,G,,38:17,3.0,10.0,0.3,0.0,0.0,0.0,2.0,4.0,0.5,0.0,6.0,6.0,3.0,1.0,0.0,4.0,3.0,8.0,-3.0
0020200405,1610612764,WAS,Washington,2217,Brendan Haywood,Brendan,F,,26:19,1.0,1.0,1.0,0.0,0.0,0.0,5.0,6.0,0.833,2.0,3.0,5.0,0.0,0.0,1.0,0.0,3.0,7.0,-4.0
0020200405,1610612764,WAS,Washington,893,Michael Jordan,Michael,G,,41:13,7.0,17.0,0.412,0.0,1.0,0.0,3.0,4.0,0.75,1.0,3.0,4.0,1.0,0.0,2.0,4.0,4.0,17.0,-8.0
0020200405,1610612764,WAS,Washington,1716,Larry Hughes,Larry,G,,36:01,4.0,9.0,0.444,1.0,3.0,0.333,0.0,0.0,0.0,3.0,9.0,12.0,3.0,1.0,0.0,1.0,2.0,9.0,-6.0
0020200405,1610612764,WAS,Washington,935,Bryon Russell,Bryon,F,,14:50,1.0,2.0,0.5,1.0,2.0,0.5,0.0,0.0,0.0,0.0,3.0,3.0,1.0,0.0,0.0,0.0,2.0,3.0,2.0
0020200405,1610612764,WAS,Washington,2198,Kwame Brown,Kwame,G,,22:32,4.0,8.0,0.5,0.0,0.0,0.0,2.0,4.0,0.5,4.0,5.0,9.0,0.0,0.0,2.0,0.0,2.0,10.0,4.0
0020200405,1610612764,WAS,Washington,1731,Tyronn Lue,Tyronn,F,,16:03,1.0,4.0,0.25,0.0,1.0,0.0,2.0,2.0,1.0,0.0,0.0,0.0,3.0,0.0,0.0,0.0,2.0,4.0,-6.0
0020200405,1610612764,WAS,Washington,891,Charles Oakley,Charles,,,8:04,0.0,0.0,0.0,0.0,0.0,0.0,0.0,0.0,0.0,1.0,1.0,2.0,0.0,0.0,0.0,0.0,3.0,0.0,-3.0
0020200405,1610612764,WAS,Washington,1244,,,, ,,,,,,,,,,,,,,,,,,,,
0020200405,1610612764,WAS,Washington,1245,,,, ,,,,,,,,,,,,,,,,,,,,
0020200405,1610612764,WAS,Washington,1271,,,, ,,,,,,,,,,,,,,,,,,,,
0020200405,1610612764,WAS,Washington,2171,,,, ,,,,,,,,,,,,,,,,,,,,
0020200405,1610612764,WAS,Washington,2382,,,, ,,,,,,,,,,,,,,,,,,,,
0020200405,1610612764,WAS,Washington,2383,,,, ,,,,,,,,,,,,,,,,,,,,
0020200405,1610612764,WAS,Washington,2523,,,, ,,,,,,,,,,,,,,,,,,,,
0020200405,1610612764,WAS,Washington,2073,Brian Cardinal,Brian,,DNP - Coach's Decision,,,,,,,,,,,,,,,,,,,,
0020200405,1610612764,WAS,Washington,2407,Jared Jeffries,Jared,,DNP - Coach's Decision,,,,,,,,,,,,,,,,,,,,
0020200405,1610612764,WAS,Washington,2041,Etan Thomas,Etan,,DNP - Coach's Decision,,,,,,,,,,,,,,,,,,,,
0020200413,1610612750,MIN,Minnesota,718,Gary Trent,Gary,F,,36:01,5.0,7.0,0.714,0.0,0.0,0.0,0.0,3.0,0.0,3.0,9.0,12.0,4.0,0.0,0.0,3.0,3.0,10.0,3.0
0020200413,1610612750,MIN,Minnesota,708,Kevin Garnett,Kevin,G,,39:38,7.0,16.0,0.438,1.0,2.0,0.5,10.0,11.0,0.909,4.0,11.0,15.0,10.0,3.0,2.0,5.0,3.0,25.0,13.0
0020200413,1610612750,MIN,Minnesota,1725,Rasho Nesterovic,Rasho,F,,35:50,10.0,14.0,0.714,0.0,0.0,0.0,3.0,3.0,1.0,1.0,6.0,7.0,0.0,0.0,3.0,1.0,2.0,23.0,22.0
0020200413,1610612750,MIN,Minnesota,383,Kendall Gill,Kendall,G,,36:32,7.0,13.0,0.538,0.0,1.0,0.0,3.0,3.0,1.0,1.0,6.0,7.0,3.0,2.0,0.0,1.0,4.0,17.0,13.0
0020200413,1610612750,MIN,Minnesota,1607,Troy Hudson,Troy,G,,32:55,7.0,16.0,0.438,2.0,4.0,0.5,7.0,8.0,0.875,1.0,3.0,4.0,7.0,0.0,0.0,0.0,2.0,23.0,25.0
0020200413,1610612750,MIN,Minnesota,324,Anthony Peeler,Anthony,G,,21:58,1.0,7.0,0.143,0.0,3.0,0.0,0.0,0.0,0.0,0.0,1.0,1.0,3.0,0.0,0.0,0.0,1.0,2.0,6.0
0020200413,1610612750,MIN,Minnesota,693,Joe Smith,Joe,G,,3:19,0.0,0.0,0.0,0.0,0.0,0.0,0.0,0.0,0.0,1.0,1.0,2.0,0.0,0.0,0.0,1.0,2.0,0.0,3.0
0020200413,1610612750,MIN,Minnesota,1531,Marc Jackson,Marc,G,,14:55,3.0,8.0,0.375,0.0,0.0,0.0,0.0,0.0,0.0,0.0,4.0,4.0,1.0,0.0,0.0,0.0,2.0,6.0,-1.0
0020200413,1610612750,MIN,Minnesota,393,Rod Strickland,Rod,,,16:05,3.0,5.0,0.6,0.0,0.0,0.0,0.0,0.0,0.0,0.0,0.0,0.0,2.0,0.0,0.0,1.0,0.0,6.0,-16.0
0020200413,1610612750,MIN,Minnesota,1073,Reggie Slater,Reggie,,,1:58,0.0,3.0,0.0,0.0,0.0,0.0,1.0,4.0,0.25,2.0,0.0,2.0,0.0,0.0,0.0,0.0,0.0,1.0,-1.0
0020200413,1610612750,MIN,Minnesota,2254,Loren Woods,Loren,,,0:36,0.0,0.0,0.0,0.0,0.0,0.0,0.0,0.0,0.0,0.0,0.0,0.0,0.0,0.0,0.0,0.0,0.0,0.0,0.0
0020200413,1610612750,MIN,Minnesota,2080,Igor Rakocevic,Igor,,,0:13,0.0,0.0,0.0,0.0,0.0,0.0,0.0,0.0,0.0,0.0,0.0,0.0,0.0,0.0,0.0,0.0,0.0,0.0,-2.0
0020200413,1610612750,MIN,Minnesota,2146,,,, ,,,,,,,,,,,,,,,,,,,,
0020200413,1610612750,MIN,Minnesota,2159,,,, ,,,,,,,,,,,,,,,,,,,,
0020200413,1610612750,MIN,Minnesota,1289,,,, ,,,,,,,,,,,,,,,,,,,,
0020200413,1610612750,MIN,Minnesota,1290,,,, ,,,,,,,,,,,,,,,,,,,,
0020200413,1610612750,MIN,Minnesota,1291,,,, ,,,,,,,,,,,,,,,,,,,,
0020200413,1610612750,MIN,Minnesota,847,,,, ,,,,,,,,,,,,,,,,,,,,
0020200413,1610612741,CHI,Chicago,147,Jalen Rose,Jalen,G,,48:00,8.0,21.0,0.381,2.0,9.0,0.222,4.0,7.0,0.571,0.0,9.0,9.0,5.0,1.0,0.0,2.0,3.0,22.0,-13.0
0020200413,1610612741,CHI,Chicago,923,Donyell Marshall,Donyell,G,,28:11,2.0,8.0,0.25,0.0,0.0,0.0,1.0,2.0,0.5,3.0,7.0,10.0,2.0,2.0,3.0,2.0,2.0,5.0,-17.0
0020200413,1610612741,CHI,Chicago,2199,Tyson Chandler,Tyson,G,,33:38,5.0,11.0,0.455,0.0,0.0,0.0,2.0,3.0,0.667,2.0,5.0,7.0,3.0,0.0,2.0,2.0,2.0,12.0,1.0
0020200413,1610612741,CHI,Chicago,2398,Jay Williams,Jay,G,,25:26,7.0,12.0,0.583,0.0,3.0,0.0,2.0,2.0,1.0,0.0,2.0,2.0,4.0,1.0,0.0,3.0,3.0,16.0,-14.0
0020200413,1610612741,CHI,Chicago,2239,Trenton Hassell,Trenton,G,,20:51,4.0,6.0,0.667,0.0,0.0,0.0,0.0,0.0,0.0,0.0,0.0,0.0,2.0,1.0,1.0,0.0,3.0,8.0,-11.0
0020200413,1610612741,CHI,Chicago,2033,Marcus Fizer,Marcus,G,,17:16,1.0,5.0,0.2,0.0,0.0,0.0,2.0,2.0,1.0,0.0,0.0,0.0,1.0,0.0,1.0,1.0,2.0,4.0,-18.0
0020200413,1610612741,CHI,Chicago,1944,Eddie Robinson,Eddie,F,,15:55,2.0,3.0,0.667,0.0,0.0,0.0,0.0,0.0,0.0,1.0,1.0,2.0,2.0,1.0,0.0,0.0,1.0,4.0,8.0
0020200413,1610612741,CHI,Chicago,2037,Jamal Crawford,Jamal,F,,22:34,9.0,14.0,0.643,2.0,4.0,0.5,0.0,0.0,0.0,0.0,2.0,2.0,3.0,1.0,0.0,0.0,1.0,20.0,1.0
0020200413,1610612741,CHI,Chicago,2201,Eddy Curry,Eddy,,,9:38,1.0,2.0,0.5,0.0,0.0,0.0,1.0,4.0,0.25,1.0,0.0,1.0,1.0,0.0,0.0,1.0,2.0,3.0,-2.0
0020200413,1610612741,CHI,Chicago,697,Fred Hoiberg,Fred,F,,11:14,0.0,3.0,0.0,0.0,2.0,0.0,0.0,0.0,0.0,0.0,6.0,6.0,3.0,0.0,0.0,0.0,1.0,0.0,-10.0
0020200413,1610612741,CHI,Chicago,2437,Lonny Baxter,Lonny,,,7:17,3.0,4.0,0.75,0.0,0.0,0.0,0.0,0.0,0.0,0.0,0.0,0.0,0.0,1.0,0.0,0.0,1.0,6.0,10.0
0020200413,1610612741,CHI,Chicago,2510,,,, ,,,,,,,,,,,,,,,,,,,,
0020200413,1610612741,CHI,Chicago,2394,,,, ,,,,,,,,,,,,,,,,,,,,
0020200413,1610612741,CHI,Chicago,1220,,,, ,,,,,,,,,,,,,,,,,,,,
0020200413,1610612741,CHI,Chicago,1254,,,, ,,,,,,,,,,,,,,,,,,,,
0020200413,1610612741,CHI,Chicago,1780,,,, ,,,,,,,,,,,,,,,,,,,,
0020200413,1610612741,CHI,Chicago,2053,Dalibor Bagaric,Dalibor,,DNP - Coach's Decision,,,,,,,,,,,,,,,,,,,,
0020200417,1610612762,UTA,Utah,1723,Matt Harpring,Matt,G,,38:51,7.0,17.0,0.412,2.0,3.0,0.667,4.0,4.0,1.0,3.0,3.0,6.0,2.0,0.0,0.0,2.0,4.0,20.0,-1.0
0020200417,1610612762,UTA,Utah,252,Karl Malone,Karl,F,,36:05,3.0,9.0,0.333,0.0,0.0,0.0,8.0,10.0,0.8,1.0,6.0,7.0,3.0,1.0,0.0,4.0,3.0,14.0,1.0
0020200417,1610612762,UTA,Utah,731,Greg Ostertag,Greg,C,,31:40,0.0,2.0,0.0,0.0,0.0,0.0,4.0,6.0,0.667,2.0,5.0,7.0,2.0,0.0,1.0,2.0,4.0,4.0,1.0
0020200417,1610612762,UTA,Utah,384,Calbert Cheaney,Calbert,G,,14:26,3.0,4.0,0.75,0.0,0.0,0.0,0.0,0.0,0.0,0.0,0.0,0.0,1.0,0.0,0.0,0.0,2.0,6.0,-6.0
0020200417,1610612762,UTA,Utah,304,John Stockton,John,G,,29:35,5.0,11.0,0.455,0.0,1.0,0.0,4.0,5.0,0.8,0.0,1.0,1.0,8.0,3.0,0.0,3.0,3.0,14.0,-10.0
0020200417,1610612762,UTA,Utah,349,Mark Jackson,Mark,G,,18:25,3.0,3.0,1.0,0.0,0.0,0.0,0.0,0.0,0.0,0.0,2.0,2.0,7.0,2.0,0.0,2.0,0.0,6.0,5.0
0020200417,1610612762,UTA,Utah,1905,Andrei Kirilenko,Andrei,F,,27:29,4.0,12.0,0.333,0.0,3.0,0.0,5.0,5.0,1.0,2.0,3.0,5.0,3.0,3.0,2.0,1.0,2.0,13.0,1.0
0020200417,1610612762,UTA,Utah,763,Tony Massenburg,Tony,G,,12:32,1.0,2.0,0.5,0.0,0.0,0.0,1.0,1.0,1.0,0.0,2.0,2.0,0.0,0.0,0.0,0.0,1.0,3.0,2.0
0020200417,1610612762,UTA,Utah,1909,Scott Padgett,Scott,G,,12:10,2.0,7.0,0.286,1.0,2.0,0.5,1.0,2.0,0.5,1.0,1.0,2.0,2.0,0.0,0.0,1.0,3.0,6.0,-8.0
0020200417,1610612762,UTA,Utah,680,John Amaechi,John,,,3:33,0.0,1.0,0.0,0.0,0.0,0.0,0.0,0.0,0.0,0.0,0.0,0.0,0.0,0.0,0.0,1.0,1.0,0.0,-6.0
0020200417,1610612762,UTA,Utah,2052,DeShawn Stevenson,DeShawn,G,,15:14,6.0,8.0,0.75,0.0,0.0,0.0,0.0,0.0,0.0,0.0,2.0,2.0,0.0,1.0,0.0,0.0,1.0,12.0,-4.0
0020200417,1610612762,UTA,Utah,1372,,,, ,,,,,,,,,,,,,,,,,,,,
0020200417,1610612762,UTA,Utah,1794,,,, ,,,,,,,,,,,,,,,,,,,,
0020200417,1610612762,UTA,Utah,1345,,,, ,,,,,,,,,,,,,,,,,,,,
0020200417,1610612762,UTA,Utah,1347,,,, ,,,,,,,,,,,,,,,,,,,,
0020200417,1610612762,UTA,Utah,1228,,,, ,,,,,,,,,,,,,,,,,,,,
0020200417,1610612762,UTA,Utah,2306,Carlos Arroyo,Carlos,,DNP - Coach's Decision,,,,,,,,,,,,,,,,,,,,
0020200417,1610612757,POR,Portland,1739,Ruben Patterson,Ruben,G,,30:59,7.0,12.0,0.583,0.0,0.0,0.0,2.0,3.0,0.667,1.0,2.0,3.0,0.0,0.0,1.0,1.0,4.0,16.0,2.0
0020200417,1610612757,POR,Portland,739,Rasheed Wallace,Rasheed,F,,37:33,6.0,16.0,0.375,0.0,3.0,0.0,7.0,10.0,0.7,3.0,6.0,9.0,2.0,0.0,1.0,2.0,4.0,19.0,7.0
0020200417,1610612757,POR,Portland,905,Dale Davis,Dale,G,,33:57,2.0,3.0,0.667,0.0,0.0,0.0,0.0,0.0,0.0,3.0,4.0,7.0,0.0,0.0,0.0,2.0,1.0,4.0,-7.0
0020200417,1610612757,POR,Portland,1507,Derek Anderson,Derek,G,,39:59,2.0,11.0,0.182,1.0,5.0,0.2,2.0,2.0,1.0,1.0,2.0,3.0,10.0,2.0,0.0,2.0,2.0,7.0,1.0
0020200417,1610612757,POR,Portland,937,Scottie Pippen,Scottie,G,,35:47,7.0,16.0,0.438,1.0,5.0,0.2,8.0,8.0,1.0,2.0,6.0,8.0,5.0,4.0,0.0,3.0,4.0,23.0,10.0
0020200417,1610612757,POR,Portland,717,Arvydas Sabonis,Arvydas,F,,21:27,3.0,8.0,0.375,0.0,0.0,0.0,7.0,8.0,0.875,3.0,2.0,5.0,2.0,1.0,0.0,2.0,5.0,13.0,9.0
0020200417,1610612757,POR,Portland,2417,Qyntel Woods,Qyntel,F,,19:32,5.0,8.0,0.625,0.0,1.0,0.0,0.0,2.0,0.0,2.0,1.0,3.0,0.0,3.0,0.0,1.0,3.0,10.0,0.0
0020200417,1610612757,POR,Portland,976,Jeff McInnis,Jeff,F,,17:34,4.0,5.0,0.8,0.0,1.0,0.0,3.0,3.0,1.0,1.0,2.0,3.0,3.0,1.0,0.0,2.0,4.0,11.0,-1.0
0020200417,1610612757,POR,Portland,1498,Antonio Daniels,Antonio,,,3:13,0.0,0.0,0.0,0.0,0.0,0.0,0.0,0.0,0.0,0.0,1.0,1.0,1.0,0.0,0.0,0.0,0.0,0.0,4.0
0020200417,1610612757,POR,Portland,1312,,,, ,,,,,,,,,,,,,,,,,,,,
0020200417,1610612757,POR,Portland,1329,,,, ,,,,,,,,,,,,,,,,,,,,
0020200417,1610612757,POR,Portland,2342,,,, ,,,,,,,,,,,,,,,,,,,,
0020200417,1610612757,POR,Portland,2374,,,, ,,,,,,,,,,,,,,,,,,,,
0020200417,1610612757,POR,Portland,1357,,,, ,,,,,,,,,,,,,,,,,,,,
0020200417,1610612757,POR,Portland,2216,Zach Randolph,Zach,,DND-stomach virus,,,,,,,,,,,,,,,,,,,,
0020200417,1610612757,POR,Portland,757,Damon Stoudamire,Damon,,DNP - Coach's Decision,,,,,,,,,,,,,,,,,,,,
0020200417,1610612757,POR,Portland,1719,Bonzi Wells,Bonzi,,NWT-League suspension,,,,,,,,,,,,,,,,,,,,
0020200416,1610612761,TOR,Toronto,966,Jerome Williams,Jerome,F,,26:04,2.0,7.0,0.286,0.0,0.0,0.0,1.0,2.0,0.5,2.0,2.0,4.0,1.0,1.0,0.0,1.0,3.0,5.0,-15.0
0020200416,1610612761,TOR,Toronto,2050,Morris Peterson,Morris,G,,40:58,5.0,19.0,0.263,2.0,5.0,0.4,2.0,4.0,0.5,1.0,1.0,2.0,2.0,0.0,0.0,1.0,5.0,14.0,-7.0
0020200416,1610612761,TOR,Toronto,1741,Jelani McCoy,Jelani,F,,13:15,4.0,7.0,0.571,0.0,0.0,0.0,3.0,3.0,1.0,4.0,4.0,8.0,2.0,1.0,0.0,1.0,6.0,11.0,1.0
0020200416,1610612761,TOR,Toronto,702,Voshon Lenard,Voshon,G,,35:51,6.0,15.0,0.4,3.0,7.0,0.429,2.0,6.0,0.333,0.0,0.0,0.0,4.0,1.0,0.0,0.0,4.0,17.0,-8.0
0020200416,1610612761,TOR,Toronto,1541,Alvin Williams,Alvin,G,,34:36,5.0,13.0,0.385,2.0,6.0,0.333,5.0,5.0,1.0,0.0,5.0,5.0,2.0,2.0,1.0,1.0,0.0,17.0,1.0
0020200416,1610612761,TOR,Toronto,283,Lindsey Hunter,Lindsey,G,,25:46,5.0,13.0,0.385,3.0,4.0,0.75,0.0,0.0,0.0,0.0,2.0,2.0,2.0,2.0,1.0,5.0,1.0,13.0,2.0
0020200416,1610612761,TOR,Toronto,323,Greg Foster,Greg,G,,23:18,2.0,6.0,0.333,0.0,1.0,0.0,2.0,2.0,1.0,2.0,1.0,3.0,1.0,1.0,2.0,1.0,5.0,6.0,5.0
0020200416,1610612761,TOR,Toronto,2423,Chris Jefferies,Chris,G,,6:37,1.0,2.0,0.5,0.0,0.0,0.0,0.0,0.0,0.0,0.0,0.0,0.0,0.0,1.0,0.0,0.0,0.0,2.0,4.0
0020200416,1610612761,TOR,Toronto,2214,Michael Bradley,Michael,F,,23:39,5.0,9.0,0.556,0.0,0.0,0.0,0.0,0.0,0.0,7.0,8.0,15.0,3.0,1.0,1.0,0.0,2.0,10.0,6.0
0020200416,1610612761,TOR,Toronto,1983,Jermaine Jackson,Jermaine,,,4:45,0.0,0.0,0.0,0.0,0.0,0.0,1.0,2.0,0.5,0.0,0.0,0.0,1.0,0.0,0.0,0.0,1.0,1.0,-8.0
0020200416,1610612761,TOR,Toronto,1572,Nate Huffman,Nate,,,5:11,0.0,0.0,0.0,0.0,0.0,0.0,0.0,0.0,0.0,2.0,0.0,2.0,0.0,0.0,0.0,0.0,0.0,0.0,-6.0
0020200416,1610612761,TOR,Toronto,1344,,,, ,,,,,,,,,,,,,,,,,,,,
0020200416,1610612761,TOR,Toronto,1205,,,, ,,,,,,,,,,,,,,,,,,,,
0020200416,1610612761,TOR,Toronto,1206,,,, ,,,,,,,,,,,,,,,,,,,,
0020200416,1610612761,TOR,Toronto,2472,,,, ,,,,,,,,,,,,,,,,,,,,
0020200416,1610612761,TOR,Toronto,2395,,,, ,,,,,,,,,,,,,,,,,,,,
0020200416,1610612761,TOR,Toronto,2162,,,, ,,,,,,,,,,,,,,,,,,,,
0020200416,1610612761,TOR,Toronto,1713,Vince Carter,Vince,,NWT - Strained Right Knee,,,,,,,,,,,,,,,,,,,,
0020200416,1610612761,TOR,Toronto,213,Antonio Davis,Antonio,,NWT - Swollen Right Knee,,,,,,,,,,,,,,,,,,,,
0020200416,1610612761,TOR,Toronto,2055,Mamadou N'diaye,Mamadou,,"NWT - Stress Fracture, Right Heel",,,,,,,,,,,,,,,,,,,,
0020200416,1610612744,GSW,Golden State,2211,Troy Murphy,Troy,G,,42:59,6.0,11.0,0.545,0.0,0.0,0.0,7.0,7.0,1.0,4.0,12.0,16.0,0.0,2.0,0.0,3.0,2.0,19.0,11.0
0020200416,1610612744,GSW,Golden State,1712,Antawn Jamison,Antawn,F,,41:55,2.0,11.0,0.182,0.0,1.0,0.0,3.0,4.0,0.75,2.0,5.0,7.0,2.0,0.0,1.0,4.0,3.0,7.0,13.0
0020200416,1610612744,GSW,Golden State,956,Erick Dampier,Erick,G,,26:25,6.0,11.0,0.545,0.0,0.0,0.0,4.0,5.0,0.8,5.0,3.0,8.0,1.0,0.0,2.0,4.0,3.0,16.0,4.0
0020200416,1610612744,GSW,Golden State,2202,Jason Richardson,Jason,G,,37:50,4.0,12.0,0.333,2.0,5.0,0.4,1.0,1.0,1.0,2.0,6.0,8.0,6.0,1.0,0.0,0.0,4.0,11.0,5.0
0020200416,1610612744,GSW,Golden State,2240,Gilbert Arenas,Gilbert,G,,33:01,6.0,15.0,0.4,2.0,2.0,1.0,8.0,8.0,1.0,2.0,6.0,8.0,6.0,1.0,0.0,3.0,4.0,22.0,14.0
0020200416,1610612744,GSW,Golden State,682,Bob Sura,Bob,F,,12:07,1.0,2.0,0.5,0.0,0.0,0.0,0.0,0.0,0.0,0.0,1.0,1.0,0.0,0.0,0.0,2.0,1.0,2.0,-7.0
0020200416,1610612744,GSW,Golden State,1502,Adonal Foyle,Adonal,G,,15:19,2.0,4.0,0.5,0.0,0.0,0.0,0.0,0.0,0.0,3.0,3.0,6.0,0.0,0.0,1.0,0.0,3.0,4.0,-4.0
0020200416,1610612744,GSW,Golden State,1863,Earl Boykins,Earl,G,,21:57,4.0,8.0,0.5,0.0,1.0,0.0,8.0,8.0,1.0,0.0,0.0,0.0,1.0,1.0,0.0,3.0,3.0,16.0,-4.0
0020200416,1610612744,GSW,Golden State,2399,Mike Dunleavy,Mike,,,8:27,2.0,4.0,0.5,0.0,0.0,0.0,0.0,0.0,0.0,1.0,0.0,1.0,0.0,0.0,0.0,0.0,0.0,4.0,-7.0
0020200416,1610612744,GSW,Golden State,1774,,,, ,,,,,,,,,,,,,,,,,,,,
0020200416,1610612744,GSW,Golden State,1637,,,, ,,,,,,,,,,,,,,,,,,,,
0020200416,1610612744,GSW,Golden State,1217,,,, ,,,,,,,,,,,,,,,,,,,,
0020200416,1610612744,GSW,Golden State,1252,,,, ,,,,,,,,,,,,,,,,,,,,
0020200416,1610612744,GSW,Golden State,1307,,,, ,,,,,,,,,,,,,,,,,,,,
0020200416,1610612744,GSW,Golden State,1331,,,, ,,,,,,,,,,,,,,,,,,,,
0020200416,1610612744,GSW,Golden State,1504,Danny Fortson,Danny,,DNP - Coach's Decision,,,,,,,,,,,,,,,,,,,,
0020200416,1610612744,GSW,Golden State,168,Chris Mills,Chris,,NWT - Suspended by NBA,,,,,,,,,,,,,,,,,,,,
0020200416,1610612744,GSW,Golden State,2351,Oscar Torres,Oscar,,DNP - Coach's Decision,,,,,,,,,,,,,,,,,,,,
0020200416,1610612744,GSW,Golden State,2412,Jiri Welsch,Jiri,,DNP - Coach's Decision,,,,,,,,,,,,,,,,,,,,
0020200408,1610612749,MIL,Milwaukee,193,Anthony Mason,Anthony,G,,28:21,2.0,5.0,0.4,0.0,0.0,0.0,3.0,6.0,0.5,3.0,4.0,7.0,5.0,0.0,0.0,1.0,2.0,7.0,-14.0
0020200408,1610612749,MIL,Milwaukee,1501,Tim Thomas,Tim,F,,29:56,5.0,13.0,0.385,0.0,4.0,0.0,2.0,2.0,1.0,0.0,4.0,4.0,1.0,1.0,2.0,2.0,3.0,12.0,-15.0
0020200408,1610612749,MIL,Milwaukee,2429,Dan Gadzuric,Dan,G,,18:06,1.0,1.0,1.0,0.0,0.0,0.0,0.0,0.0,0.0,0.0,2.0,2.0,0.0,1.0,1.0,1.0,4.0,2.0,-12.0
0020200408,1610612749,MIL,Milwaukee,951,Ray Allen,Ray,G,,27:19,6.0,14.0,0.429,1.0,2.0,0.5,0.0,0.0,0.0,1.0,2.0,3.0,3.0,2.0,1.0,1.0,5.0,13.0,-10.0
0020200408,1610612749,MIL,Milwaukee,208,Sam Cassell,Sam,G,,32:31,8.0,15.0,0.533,3.0,5.0,0.6,6.0,6.0,1.0,1.0,3.0,4.0,5.0,0.0,0.0,2.0,1.0,25.0,-16.0
0020200408,1610612749,MIL,Milwaukee,2038,Joel Przybilla,Joel,F,,24:22,1.0,1.0,1.0,0.0,0.0,0.0,0.0,2.0,0.0,0.0,3.0,3.0,1.0,0.0,2.0,0.0,3.0,2.0,-10.0
0020200408,1610612749,MIL,Milwaukee,2072,Michael Redd,Michael,G,,29:56,5.0,15.0,0.333,1.0,4.0,0.25,2.0,2.0,1.0,1.0,2.0,3.0,1.0,3.0,0.0,1.0,2.0,13.0,-12.0
0020200408,1610612749,MIL,Milwaukee,2409,Marcus Haislip,Marcus,C,,24:19,5.0,7.0,0.714,0.0,0.0,0.0,0.0,1.0,0.0,3.0,3.0,6.0,0.0,0.0,1.0,2.0,4.0,10.0,-7.0
0020200408,1610612749,MIL,Milwaukee,1563,Kevin Ollie,Kevin,C,,21:07,1.0,4.0,0.25,0.0,0.0,0.0,2.0,2.0,1.0,0.0,2.0,2.0,3.0,1.0,0.0,0.0,4.0,4.0,-6.0
0020200408,1610612749,MIL,Milwaukee,2436,Flip Murray,Flip,,,4:04,1.0,1.0,1.0,0.0,0.0,0.0,0.0,0.0,0.0,0.0,0.0,0.0,0.0,0.0,0.0,1.0,0.0,2.0,2.0
0020200408,1610612749,MIL,Milwaukee,2157,,,, ,,,,,,,,,,,,,,,,,,,,
0020200408,1610612749,MIL,Milwaukee,2517,,,, ,,,,,,,,,,,,,,,,,,,,
0020200408,1610612749,MIL,Milwaukee,1334,,,, ,,,,,,,,,,,,,,,,,,,,
0020200408,1610612749,MIL,Milwaukee,1355,,,, ,,,,,,,,,,,,,,,,,,,,
0020200408,1610612749,MIL,Milwaukee,1796,,,, ,,,,,,,,,,,,,,,,,,,,
0020200408,1610612749,MIL,Milwaukee,679,Jason Caffey,Jason,,DND - Right 5th finger injury,,,,,,,,,,,,,,,,,,,,
0020200408,1610612749,MIL,Milwaukee,911,Ervin Johnson,Ervin,,DNP - Coach's Decision,,,,,,,,,,,,,,,,,,,,
0020200408,1610612751,NJN,New Jersey,2210,Richard Jefferson,Richard,G,,32:33,2.0,7.0,0.286,0.0,0.0,0.0,4.0,6.0,0.667,0.0,3.0,3.0,1.0,2.0,0.0,1.0,1.0,8.0,16.0
0020200408,1610612751,NJN,New Jersey,2030,Kenyon Martin,Kenyon,F,,36:15,9.0,13.0,0.692,1.0,1.0,1.0,2.0,6.0,0.333,1.0,7.0,8.0,4.0,1.0,1.0,2.0,3.0,21.0,19.0
0020200408,1610612751,NJN,New Jersey,2215,Jason Collins,Jason,G,,29:19,4.0,7.0,0.571,0.0,0.0,0.0,3.0,3.0,1.0,2.0,2.0,4.0,6.0,0.0,1.0,2.0,3.0,11.0,11.0
0020200408,1610612751,NJN,New Jersey,446,Lucious Harris,Lucious,G,,33:33,9.0,15.0,0.6,2.0,4.0,0.5,5.0,6.0,0.833,3.0,5.0,8.0,3.0,0.0,1.0,2.0,1.0,25.0,18.0
0020200408,1610612751,NJN,New Jersey,467,Jason Kidd,Jason,G,,30:31,2.0,5.0,0.4,1.0,1.0,1.0,5.0,6.0,0.833,1.0,4.0,5.0,9.0,0.0,2.0,1.0,1.0,10.0,16.0
0020200408,1610612751,NJN,New Jersey,1533,Anthony Johnson,Anthony,F,,27:52,4.0,5.0,0.8,0.0,1.0,0.0,4.0,4.0,1.0,0.0,2.0,2.0,3.0,1.0,1.0,0.0,1.0,12.0,8.0
0020200408,1610612751,NJN,New Jersey,915,Rodney Rogers,Rodney,G,,19:21,5.0,10.0,0.5,3.0,4.0,0.75,0.0,5.0,0.0,1.0,3.0,4.0,1.0,1.0,0.0,2.0,5.0,13.0,9.0
0020200408,1610612751,NJN,New Jersey,1425,Aaron Williams,Aaron,G,,16:55,0.0,2.0,0.0,0.0,0.0,0.0,0.0,0.0,0.0,0.0,2.0,2.0,0.0,0.0,0.0,1.0,2.0,0.0,5.0
0020200408,1610612751,NJN,New Jersey,2243,Brian Scalabrine,Brian,,,5:33,4.0,6.0,0.667,0.0,0.0,0.0,0.0,0.0,0.0,1.0,1.0,2.0,0.0,0.0,0.0,1.0,0.0,8.0,2.0
0020200408,1610612751,NJN,New Jersey,2447,Tamar Slay,Tamar,,,4:04,0.0,2.0,0.0,0.0,0.0,0.0,0.0,0.0,0.0,0.0,0.0,0.0,1.0,0.0,0.0,0.0,0.0,0.0,-2.0
0020200408,1610612751,NJN,New Jersey,2220,Brandon Armstrong,Brandon,,,4:04,1.0,1.0,1.0,0.0,0.0,0.0,0.0,0.0,0.0,0.0,0.0,0.0,0.0,0.0,0.0,1.0,0.0,2.0,-2.0
0020200408,1610612751,NJN,New Jersey,2380,,,, ,,,,,,,,,,,,,,,,,,,,
0020200408,1610612751,NJN,New Jersey,1876,,,, ,,,,,,,,,,,,,,,,,,,,
0020200408,1610612751,NJN,New Jersey,2009,,,, ,,,,,,,,,,,,,,,,,,,,
0020200408,1610612751,NJN,New Jersey,1303,,,, ,,,,,,,,,,,,,,,,,,,,
0020200408,1610612751,NJN,New Jersey,1324,,,, ,,,,,,,,,,,,,,,,,,,,
0020200408,1610612751,NJN,New Jersey,1776,,,, ,,,,,,,,,,,,,,,,,,,,
0020200408,1610612751,NJN,New Jersey,87,Dikembe Mutombo,Dikembe,,DND - Torn  ligaments in right wrist,,,,,,,,,,,,,,,,,,,,
0020200414,1610612752,NYK,New York,84,Latrell Sprewell,Latrell,F,,35:17,10.0,20.0,0.5,0.0,2.0,0.0,1.0,4.0,0.25,1.0,1.0,2.0,6.0,0.0,0.0,1.0,2.0,21.0,8.0
0020200414,1610612752,NYK,New York,970,Othella Harrington,Othella,F,,19:00,0.0,3.0,0.0,0.0,0.0,0.0,2.0,2.0,1.0,3.0,5.0,8.0,0.0,0.0,0.0,2.0,4.0,2.0,-7.0
0020200414,1610612752,NYK,New York,703,Kurt Thomas,Kurt,F,,21:02,4.0,9.0,0.444,0.0,0.0,0.0,0.0,0.0,0.0,1.0,4.0,5.0,3.0,1.0,0.0,2.0,5.0,8.0,9.0
0020200414,1610612752,NYK,New York,458,Howard Eisley,Howard,G,,22:41,3.0,5.0,0.6,1.0,2.0,0.5,0.0,0.0,0.0,1.0,4.0,5.0,3.0,0.0,0.0,0.0,2.0,7.0,-8.0
0020200414,1610612752,NYK,New York,275,Allan Houston,Allan,G,,34:37,7.0,17.0,0.412,4.0,8.0,0.5,2.0,2.0,1.0,0.0,4.0,4.0,1.0,2.0,0.0,1.0,3.0,20.0,8.0
0020200414,1610612752,NYK,New York,369,Charlie Ward,Charlie,G,,25:19,3.0,6.0,0.5,2.0,3.0,0.667,1.0,1.0,1.0,1.0,3.0,4.0,8.0,0.0,0.0,0.0,3.0,9.0,24.0
0020200414,1610612752,NYK,New York,221,Clar. Weatherspoon,Clar.,G,,26:54,3.0,6.0,0.5,0.0,0.0,0.0,2.0,2.0,1.0,2.0,8.0,10.0,1.0,3.0,0.0,1.0,3.0,8.0,20.0
0020200414,1610612752,NYK,New York,1720,Michael Doleac,Michael,F,,28:08,6.0,9.0,0.667,0.0,0.0,0.0,3.0,4.0,0.75,2.0,3.0,5.0,0.0,0.0,0.0,0.0,4.0,15.0,14.0
0020200414,1610612752,NYK,New York,1000,Shandon Anderson,Shandon,C,,17:43,3.0,9.0,0.333,0.0,2.0,0.0,1.0,4.0,0.25,0.0,0.0,0.0,1.0,2.0,0.0,0.0,4.0,7.0,7.0
0020200414,1610612752,NYK,New York,1924,Lee Nailon,Lee,F,,8:23,1.0,1.0,1.0,0.0,0.0,0.0,0.0,0.0,0.0,1.0,3.0,4.0,0.0,0.0,0.0,3.0,3.0,2.0,9.0
0020200414,1610612752,NYK,New York,969,Travis Knight,Travis,,,0:56,0.0,0.0,0.0,0.0,0.0,0.0,0.0,0.0,0.0,0.0,0.0,0.0,0.0,0.0,0.0,0.0,1.0,0.0,-4.0
0020200414,1610612752,NYK,New York,1790,,,, ,,,,,,,,,,,,,,,,,,,,
0020200414,1610612752,NYK,New York,1791,,,, ,,,,,,,,,,,,,,,,,,,,
0020200414,1610612752,NYK,New York,1298,,,, ,,,,,,,,,,,,,,,,,,,,
0020200414,1610612752,NYK,New York,1301,,,, ,,,,,,,,,,,,,,,,,,,,
0020200414,1610612752,NYK,New York,1302,,,, ,,,,,,,,,,,,,,,,,,,,
0020200414,1610612752,NYK,New York,2168,,,, ,,,,,,,,,,,,,,,,,,,,
0020200414,1610612752,NYK,New York,2518,,,, ,,,,,,,,,,,,,,,,,,,,
0020200414,1610612752,NYK,New York,2519,,,, ,,,,,,,,,,,,,,,,,,,,
0020200414,1610612752,NYK,New York,2068,Lavor Postell,Lavor,,DNP - Coach's Decision,,,,,,,,,,,,,,,,,,,,
0020200414,1610612745,HOU,Houston,779,Glen Rice,Glen,G,,23:09,0.0,3.0,0.0,0.0,3.0,0.0,3.0,3.0,1.0,1.0,3.0,4.0,1.0,0.0,0.0,0.0,1.0,3.0,-5.0
0020200414,1610612745,HOU,Houston,2204,Eddie Griffin,Eddie,G,,20:04,2.0,10.0,0.2,0.0,4.0,0.0,2.0,3.0,0.667,0.0,3.0,3.0,1.0,0.0,1.0,1.0,0.0,6.0,-2.0
0020200414,1610612745,HOU,Houston,2397,Ming Yao,Ming,C,,32:16,5.0,12.0,0.417,0.0,0.0,0.0,7.0,9.0,0.778,2.0,3.0,5.0,0.0,0.0,1.0,2.0,5.0,17.0,-6.0
0020200414,1610612745,HOU,Houston,1883,Steve Francis,Steve,G,,43:49,7.0,19.0,0.368,3.0,5.0,0.6,10.0,13.0,0.769,3.0,5.0,8.0,3.0,1.0,0.0,6.0,3.0,27.0,-16.0
0020200414,1610612745,HOU,Houston,1749,Cuttino Mobley,Cuttino,G,,35:48,4.0,14.0,0.286,0.0,2.0,0.0,0.0,0.0,0.0,2.0,3.0,5.0,1.0,2.0,0.0,2.0,3.0,8.0,-20.0
0020200414,1610612745,HOU,Houston,1509,Kelvin Cato,Kelvin,G,,15:44,0.0,3.0,0.0,0.0,0.0,0.0,1.0,4.0,0.25,5.0,4.0,9.0,0.0,0.0,0.0,0.0,2.0,1.0,-10.0
0020200414,1610612745,HOU,Houston,1508,Maurice Taylor,Maurice,G,,27:56,4.0,11.0,0.364,0.0,0.0,0.0,4.0,5.0,0.8,1.0,4.0,5.0,2.0,0.0,0.0,0.0,1.0,12.0,-14.0
0020200414,1610612745,HOU,Houston,1899,James Posey,James,G,,25:34,0.0,4.0,0.0,0.0,0.0,0.0,6.0,6.0,1.0,3.0,7.0,10.0,0.0,1.0,0.0,0.0,1.0,6.0,-15.0
0020200414,1610612745,HOU,Houston,983,Moochie Norris,Moochie,,,7:19,0.0,1.0,0.0,0.0,0.0,0.0,0.0,0.0,0.0,0.0,1.0,1.0,2.0,0.0,0.0,0.0,0.0,0.0,-2.0
0020200414,1610612745,HOU,Houston,2242,Terence Morris,Terence,,,4:49,0.0,0.0,0.0,0.0,0.0,0.0,0.0,0.0,0.0,0.0,1.0,1.0,0.0,0.0,0.0,0.0,1.0,0.0,6.0
0020200414,1610612745,HOU,Houston,1038,Juaquin Hawkins,Juaquin,,,1:46,0.0,0.0,0.0,0.0,0.0,0.0,0.0,0.0,0.0,0.0,0.0,0.0,0.0,0.0,0.0,0.0,0.0,0.0,2.0
0020200414,1610612745,HOU,Houston,2411,Bostjan Nachbar,Bostjan,,,1:46,1.0,1.0,1.0,1.0,1.0,1.0,0.0,0.0,0.0,0.0,0.0,0.0,0.0,0.0,0.0,0.0,0.0,3.0,2.0
0020200414,1610612745,HOU,Houston,1997,,,, ,,,,,,,,,,,,,,,,,,,,
0020200414,1610612745,HOU,Houston,1255,,,, ,,,,,,,,,,,,,,,,,,,,
0020200414,1610612745,HOU,Houston,1256,,,, ,,,,,,,,,,,,,,,,,,,,
0020200414,1610612745,HOU,Houston,1257,,,, ,,,,,,,,,,,,,,,,,,,,
0020200414,1610612745,HOU,Houston,1258,,,, ,,,,,,,,,,,,,,,,,,,,
0020200414,1610612745,HOU,Houston,825,,,, ,,,,,,,,,,,,,,,,,,,,
0020200414,1610612745,HOU,Houston,2384,,,, ,,,,,,,,,,,,,,,,,,,,
0020200414,1610612745,HOU,Houston,2385,,,, ,,,,,,,,,,,,,,,,,,,,
0020200410,1610612754,IND,Indiana,1897,Metta World Peace,Metta,F,,36:09,10.0,13.0,0.769,3.0,4.0,0.75,0.0,0.0,0.0,0.0,6.0,6.0,2.0,4.0,1.0,0.0,2.0,23.0,25.0
0020200410,1610612754,IND,Indiana,1733,Al Harrington,Al,F,,30:17,8.0,14.0,0.571,0.0,0.0,0.0,7.0,8.0,0.875,3.0,4.0,7.0,1.0,0.0,0.0,3.0,3.0,23.0,20.0
0020200410,1610612754,IND,Indiana,1802,Brad Miller,Brad,G,,31:27,1.0,2.0,0.5,0.0,0.0,0.0,8.0,8.0,1.0,3.0,8.0,11.0,1.0,0.0,1.0,3.0,3.0,10.0,21.0
0020200410,1610612754,IND,Indiana,2224,Jamaal Tinsley,Jamaal,G,,38:26,2.0,7.0,0.286,1.0,4.0,0.25,1.0,1.0,1.0,1.0,3.0,4.0,12.0,4.0,0.0,5.0,2.0,6.0,24.0
0020200410,1610612754,IND,Indiana,397,Reggie Miller,Reggie,G,,23:17,6.0,15.0,0.4,3.0,10.0,0.3,2.0,2.0,1.0,0.0,1.0,1.0,0.0,1.0,0.0,0.0,0.0,17.0,15.0
0020200410,1610612754,IND,Indiana,1506,Austin Croshere,Austin,F,,18:19,5.0,10.0,0.5,2.0,2.0,1.0,1.0,1.0,1.0,0.0,3.0,3.0,2.0,0.0,0.0,2.0,2.0,13.0,1.0
0020200410,1610612754,IND,Indiana,1500,Ron Mercer,Ron,G,,24:43,7.0,16.0,0.438,0.0,1.0,0.0,0.0,0.0,0.0,1.0,1.0,2.0,2.0,0.0,0.0,1.0,2.0,14.0,9.0
0020200410,1610612754,IND,Indiana,1902,Jeff Foster,Jeff,F,,12:50,1.0,2.0,0.5,0.0,0.0,0.0,3.0,4.0,0.75,3.0,8.0,11.0,3.0,0.0,0.0,0.0,0.0,5.0,3.0
0020200410,1610612754,IND,Indiana,1065,Erick Strickland,Erick,G,,16:28,1.0,5.0,0.2,0.0,2.0,0.0,0.0,0.0,0.0,0.0,0.0,0.0,6.0,1.0,0.0,1.0,1.0,2.0,2.0
0020200410,1610612754,IND,Indiana,2056,Primoz Brezec,Primoz,,,8:04,0.0,2.0,0.0,0.0,0.0,0.0,0.0,0.0,0.0,0.0,0.0,0.0,0.0,0.0,0.0,0.0,1.0,0.0,0.0
0020200410,1610612754,IND,Indiana,1857,,,, ,,,,,,,,,,,,,,,,,,,,
0020200410,1610612754,IND,Indiana,1263,,,, ,,,,,,,,,,,,,,,,,,,,
0020200410,1610612754,IND,Indiana,1299,,,, ,,,,,,,,,,,,,,,,,,,,
0020200410,1610612754,IND,Indiana,2099,,,, ,,,,,,,,,,,,,,,,,,,,
0020200410,1610612754,IND,Indiana,2100,,,, ,,,,,,,,,,,,,,,,,,,,
0020200410,1610612754,IND,Indiana,2165,,,, ,,,,,,,,,,,,,,,,,,,,
0020200410,1610612754,IND,Indiana,2514,,,, ,,,,,,,,,,,,,,,,,,,,
0020200410,1610612754,IND,Indiana,2515,,,, ,,,,,,,,,,,,,,,,,,,,
0020200410,1610612739,CLE,Cleveland,1908,Jumaine Jones,Jumaine,F,,22:58,2.0,3.0,0.667,1.0,2.0,0.5,2.0,2.0,1.0,1.0,2.0,3.0,0.0,0.0,0.0,0.0,2.0,7.0,-20.0
0020200410,1610612739,CLE,Cleveland,238,Tyrone Hill,Tyrone,F,,24:35,1.0,2.0,0.5,0.0,0.0,0.0,0.0,0.0,0.0,1.0,4.0,5.0,0.0,1.0,0.0,2.0,2.0,2.0,-15.0
0020200410,1610612739,CLE,Cleveland,980,Zydrunas Ilgauskas,Zydrunas,C,,24:03,8.0,15.0,0.533,0.0,0.0,0.0,5.0,6.0,0.833,7.0,5.0,12.0,1.0,2.0,2.0,0.0,2.0,21.0,-11.0
0020200410,1610612739,CLE,Cleveland,2470,Smush Parker,Smush,G,,28:14,4.0,11.0,0.364,1.0,5.0,0.2,4.0,4.0,1.0,1.0,4.0,5.0,6.0,0.0,0.0,4.0,2.0,13.0,-18.0
0020200410,1610612739,CLE,Cleveland,1729,Ricky Davis,Ricky,G,,34:56,8.0,22.0,0.364,1.0,3.0,0.333,0.0,0.0,0.0,0.0,3.0,3.0,8.0,2.0,0.0,5.0,3.0,17.0,-16.0
0020200410,1610612739,CLE,Cleveland,2430,Carlos Boozer,Carlos,F,,16:48,4.0,7.0,0.571,0.0,0.0,0.0,2.0,2.0,1.0,2.0,2.0,4.0,0.0,1.0,1.0,1.0,2.0,10.0,-21.0
0020200410,1610612739,CLE,Cleveland,2402,Dajuan Wagner,Dajuan,G,,28:21,4.0,14.0,0.286,0.0,4.0,0.0,2.0,4.0,0.5,0.0,1.0,1.0,2.0,1.0,0.0,2.0,1.0,10.0,-11.0
0020200410,1610612739,CLE,Cleveland,2032,Darius Miles,Darius,F,,21:46,3.0,8.0,0.375,0.0,0.0,0.0,0.0,0.0,0.0,1.0,2.0,3.0,2.0,0.0,0.0,4.0,1.0,6.0,-4.0
0020200410,1610612739,CLE,Cleveland,1960,Milt Palacio,Milt,G,,7:45,0.0,1.0,0.0,0.0,0.0,0.0,0.0,0.0,0.0,0.0,0.0,0.0,0.0,0.0,0.0,0.0,0.0,0.0,-3.0
0020200410,1610612739,CLE,Cleveland,2205,DeSagana Diop,DeSagana,C,,18:34,1.0,2.0,0.5,0.0,0.0,0.0,1.0,2.0,0.5,0.0,3.0,3.0,2.0,2.0,3.0,1.0,3.0,3.0,-3.0
0020200410,1610612739,CLE,Cleveland,2036,Chris Mihm,Chris,F,,12:00,0.0,2.0,0.0,0.0,0.0,0.0,0.0,0.0,0.0,1.0,2.0,3.0,2.0,0.0,0.0,0.0,2.0,0.0,2.0
0020200410,1610612739,CLE,Cleveland,2096,,,, ,,,,,,,,,,,,,,,,,,,,
0020200410,1610612739,CLE,Cleveland,2174,,,, ,,,,,,,,,,,,,,,,,,,,
0020200410,1610612739,CLE,Cleveland,1992,,,, ,,,,,,,,,,,,,,,,,,,,
0020200410,1610612739,CLE,Cleveland,2006,,,, ,,,,,,,,,,,,,,,,,,,,
0020200410,1610612739,CLE,Cleveland,1241,,,, ,,,,,,,,,,,,,,,,,,,,
0020200410,1610612739,CLE,Cleveland,1781,,,, ,,,,,,,,,,,,,,,,,,,,
0020200410,1610612739,CLE,Cleveland,1786,,,, ,,,,,,,,,,,,,,,,,,,,
0020200410,1610612739,CLE,Cleveland,1565,Michael Stewart,Michael,,DNP - Coach's Decision,,,,,,,,,,,,,,,,,,,,
0020200412,1610612753,ORL,Orlando,255,Grant Hill,Grant,F,,3:35,0.0,0.0,0.0,0.0,0.0,0.0,0.0,0.0,0.0,0.0,0.0,0.0,0.0,1.0,0.0,2.0,0.0,0.0,3.0
0020200412,1610612753,ORL,Orlando,1727,Pat Garrity,Pat,F,,40:03,5.0,12.0,0.417,2.0,8.0,0.25,0.0,0.0,0.0,1.0,1.0,2.0,2.0,0.0,0.0,2.0,3.0,12.0,-14.0
0020200412,1610612753,ORL,Orlando,431,Shawn Kemp,Shawn,G,,20:13,3.0,4.0,0.75,0.0,0.0,0.0,0.0,0.0,0.0,1.0,4.0,5.0,0.0,1.0,0.0,1.0,5.0,6.0,-10.0
0020200412,1610612753,ORL,Orlando,1503,Tracy McGrady,Tracy,G,,42:40,12.0,27.0,0.444,4.0,8.0,0.5,7.0,7.0,1.0,3.0,5.0,8.0,5.0,1.0,0.0,3.0,1.0,35.0,-8.0
0020200412,1610612753,ORL,Orlando,2034,Mike Miller,Mike,G,,41:11,5.0,16.0,0.313,1.0,9.0,0.111,4.0,4.0,1.0,0.0,4.0,4.0,5.0,1.0,0.0,0.0,3.0,15.0,-19.0
0020200412,1610612753,ORL,Orlando,353,Darrell Armstrong,Darrell,F,,35:00,1.0,6.0,0.167,0.0,2.0,0.0,0.0,0.0,0.0,1.0,5.0,6.0,8.0,1.0,0.0,3.0,2.0,2.0,-15.0
0020200412,1610612753,ORL,Orlando,692,Andrew DeClercq,Andrew,F,,17:05,2.0,3.0,0.667,0.0,0.0,0.0,0.0,0.0,0.0,0.0,3.0,3.0,2.0,0.0,1.0,1.0,5.0,4.0,-4.0
0020200412,1610612753,ORL,Orlando,1521,Jacque Vaughn,Jacque,F,,9:25,1.0,1.0,1.0,0.0,0.0,0.0,0.0,0.0,0.0,0.0,2.0,2.0,0.0,0.0,0.0,0.0,0.0,2.0,-1.0
0020200412,1610612753,ORL,Orlando,2219,Jeryl Sasser,Jeryl,G,,10:13,0.0,1.0,0.0,0.0,1.0,0.0,4.0,4.0,1.0,0.0,2.0,2.0,1.0,1.0,0.0,0.0,0.0,4.0,-1.0
0020200412,1610612753,ORL,Orlando,2469,Pat Burke,Pat,G,,5:18,0.0,2.0,0.0,0.0,1.0,0.0,0.0,0.0,0.0,0.0,1.0,1.0,1.0,0.0,0.0,0.0,0.0,0.0,3.0
0020200412,1610612753,ORL,Orlando,2071,Olumide Oyedeji,Olumide,C,,10:42,2.0,3.0,0.667,0.0,0.0,0.0,2.0,3.0,0.667,2.0,1.0,3.0,1.0,0.0,0.0,1.0,2.0,6.0,1.0
0020200412,1610612753,ORL,Orlando,2415,Ryan Humphrey,Ryan,G,,4:35,0.0,2.0,0.0,0.0,0.0,0.0,0.0,0.0,0.0,0.0,0.0,0.0,0.0,0.0,0.0,0.0,0.0,0.0,0.0
0020200412,1610612753,ORL,Orlando,1650,,,, ,,,,,,,,,,,,,,,,,,,,
0020200412,1610612753,ORL,Orlando,2516,,,, ,,,,,,,,,,,,,,,,,,,,
0020200412,1610612753,ORL,Orlando,1941,,,, ,,,,,,,,,,,,,,,,,,,,
0020200412,1610612753,ORL,Orlando,837,,,, ,,,,,,,,,,,,,,,,,,,,
0020200412,1610612753,ORL,Orlando,1296,,,, ,,,,,,,,,,,,,,,,,,,,
0020200412,1610612753,ORL,Orlando,1309,,,, ,,,,,,,,,,,,,,,,,,,,
0020200412,1610612753,ORL,Orlando,1332,,,, ,,,,,,,,,,,,,,,,,,,,
0020200412,1610612763,MEM,Memphis,2203,Shane Battier,Shane,F,,27:03,2.0,5.0,0.4,0.0,3.0,0.0,0.0,0.0,0.0,2.0,3.0,5.0,1.0,1.0,2.0,0.0,2.0,4.0,4.0
0020200412,1610612763,MEM,Memphis,2200,Pau Gasol,Pau,G,,28:41,4.0,6.0,0.667,0.0,0.0,0.0,4.0,9.0,0.444,1.0,9.0,10.0,3.0,1.0,1.0,1.0,0.0,12.0,4.0
0020200412,1610612763,MEM,Memphis,953,Lorenzen Wright,Lorenzen,G,,26:23,4.0,8.0,0.5,0.0,0.0,0.0,3.0,4.0,0.75,5.0,3.0,8.0,2.0,0.0,1.0,1.0,1.0,11.0,3.0
0020200412,1610612763,MEM,Memphis,1715,Jason Williams,Jason,G,,28:32,4.0,9.0,0.444,3.0,7.0,0.429,1.0,2.0,0.5,0.0,2.0,2.0,7.0,1.0,0.0,4.0,2.0,12.0,4.0
0020200412,1610612763,MEM,Memphis,1921,Gordan Giricek,Gordan,G,,26:30,6.0,14.0,0.429,4.0,6.0,0.667,2.0,3.0,0.667,1.0,4.0,5.0,3.0,0.0,0.0,0.0,1.0,18.0,4.0
0020200412,1610612763,MEM,Memphis,2400,Drew Gooden,Drew,F,,20:57,4.0,10.0,0.4,0.0,3.0,0.0,0.0,0.0,0.0,1.0,1.0,2.0,2.0,3.0,0.0,2.0,2.0,8.0,9.0
0020200412,1610612763,MEM,Memphis,1510,Brevin Knight,Brevin,G,,19:28,1.0,6.0,0.167,0.0,0.0,0.0,0.0,0.0,0.0,0.0,2.0,2.0,9.0,3.0,0.0,2.0,1.0,2.0,9.0
0020200412,1610612763,MEM,Memphis,2471,Mike Batiste,Mike,G,,19:19,5.0,10.0,0.5,1.0,3.0,0.333,2.0,2.0,1.0,2.0,5.0,7.0,1.0,0.0,0.0,0.0,0.0,13.0,9.0
0020200412,1610612763,MEM,Memphis,2248,Earl Watson,Earl,G,,21:30,3.0,5.0,0.6,0.0,1.0,0.0,0.0,0.0,0.0,1.0,0.0,1.0,3.0,0.0,0.0,1.0,2.0,6.0,9.0
0020200412,1610612763,MEM,Memphis,2031,Stromile Swift,Stromile,G,,21:37,4.0,9.0,0.444,0.0,0.0,0.0,5.0,6.0,0.833,2.0,5.0,7.0,1.0,0.0,0.0,1.0,3.0,13.0,10.0
0020200412,1610612763,MEM,Memphis,1353,,,, ,,,,,,,,,,,,,,,,,,,,
0020200412,1610612763,MEM,Memphis,1356,,,, ,,,,,,,,,,,,,,,,,,,,
0020200412,1610612763,MEM,Memphis,2353,,,, ,,,,,,,,,,,,,,,,,,,,
0020200412,1610612763,MEM,Memphis,2163,,,, ,,,,,,,,,,,,,,,,,,,,
0020200412,1610612763,MEM,Memphis,1994,,,, ,,,,,,,,,,,,,,,,,,,,
0020200412,1610612763,MEM,Memphis,2536,,,, ,,,,,,,,,,,,,,,,,,,,
0020200412,1610612763,MEM,Memphis,445,Wesley Person,Wesley,,DND - Fractured finger,,,,,,,,,,,,,,,,,,,,
0020200412,1610612763,MEM,Memphis,2456,Cezary Trybanski,Cezary,,DNP - Coach's Decision,,,,,,,,,,,,,,,,,,,,
0020200411,1610612738,BOS,Boston,952,Antoine Walker,Antoine,G,,36:34,5.0,21.0,0.238,1.0,8.0,0.125,5.0,6.0,0.833,1.0,3.0,4.0,1.0,1.0,1.0,1.0,2.0,16.0,-10.0
0020200411,1610612738,BOS,Boston,677,Eric Williams,Eric,G,,28:50,5.0,7.0,0.714,0.0,0.0,0.0,1.0,1.0,1.0,2.0,1.0,3.0,1.0,0.0,1.0,4.0,3.0,11.0,-7.0
0020200411,1610612738,BOS,Boston,1499,Tony Battie,Tony,G,,29:34,1.0,4.0,0.25,0.0,0.0,0.0,1.0,2.0,0.5,3.0,4.0,7.0,0.0,0.0,0.0,0.0,2.0,3.0,-2.0
0020200411,1610612738,BOS,Boston,960,Tony Delk,Tony,G,,31:00,5.0,11.0,0.455,3.0,8.0,0.375,0.0,0.0,0.0,0.0,5.0,5.0,0.0,1.0,0.0,1.0,2.0,13.0,-13.0
0020200411,1610612738,BOS,Boston,1718,Paul Pierce,Paul,G,,38:54,4.0,16.0,0.25,0.0,3.0,0.0,11.0,12.0,0.917,0.0,2.0,2.0,3.0,3.0,0.0,3.0,2.0,19.0,-16.0
0020200411,1610612738,BOS,Boston,452,Vin Baker,Vin,F,,16:48,1.0,3.0,0.333,0.0,0.0,0.0,0.0,1.0,0.0,1.0,1.0,2.0,0.0,0.0,2.0,0.0,1.0,2.0,-18.0
0020200411,1610612738,BOS,Boston,1742,Shammond Williams,Shammond,F,,29:57,1.0,6.0,0.167,0.0,2.0,0.0,0.0,0.0,0.0,1.0,2.0,3.0,2.0,2.0,0.0,1.0,1.0,2.0,-28.0
0020200411,1610612738,BOS,Boston,962,Walter McCarty,Walter,G,,19:22,0.0,7.0,0.0,0.0,3.0,0.0,2.0,2.0,1.0,0.0,3.0,3.0,1.0,1.0,1.0,1.0,0.0,2.0,-6.0
0020200411,1610612738,BOS,Boston,2208,Kedrick Brown,Kedrick,,,5:26,0.0,4.0,0.0,0.0,2.0,0.0,0.0,0.0,0.0,1.0,0.0,1.0,0.0,1.0,0.0,0.0,1.0,0.0,0.0
0020200411,1610612738,BOS,Boston,2452,J.R. Bremer,J.R.,,,3:35,0.0,0.0,0.0,0.0,0.0,0.0,2.0,2.0,1.0,0.0,0.0,0.0,0.0,0.0,0.0,0.0,0.0,2.0,0.0
0020200411,1610612738,BOS,Boston,2509,,,, ,,,,,,,,,,,,,,,,,,,,
0020200411,1610612738,BOS,Boston,2345,,,, ,,,,,,,,,,,,,,,,,,,,
0020200411,1610612738,BOS,Boston,1875,,,, ,,,,,,,,,,,,,,,,,,,,
0020200411,1610612738,BOS,Boston,1213,,,, ,,,,,,,,,,,,,,,,,,,,
0020200411,1610612738,BOS,Boston,1639,,,, ,,,,,,,,,,,,,,,,,,,,
0020200411,1610612738,BOS,Boston,1641,,,, ,,,,,,,,,,,,,,,,,,,,
0020200411,1610612738,BOS,Boston,1321,,,, ,,,,,,,,,,,,,,,,,,,,
0020200411,1610612738,BOS,Boston,1743,Bruno Sundov,Bruno,,DNP - Coach's Decision,,,,,,,,,,,,,,,,,,,,
0020200411,1610612738,BOS,Boston,2106,Ruben Wolkowyski,Ruben,,DNP - Coach's Decision,,,,,,,,,,,,,,,,,,,,
0020200411,1610612748,MIA,Miami,2406,Caron Butler,Caron,F,,34:54,4.0,10.0,0.4,0.0,0.0,0.0,2.0,2.0,1.0,2.0,1.0,3.0,1.0,1.0,1.0,0.0,3.0,10.0,11.0
0020200411,1610612748,MIA,Miami,2124,Malik Allen,Malik,F,,28:58,4.0,10.0,0.4,0.0,0.0,0.0,2.0,3.0,0.667,3.0,6.0,9.0,1.0,1.0,1.0,4.0,3.0,10.0,-3.0
0020200411,1610612748,MIA,Miami,258,Brian Grant,Brian,F,,30:36,3.0,6.0,0.5,0.0,0.0,0.0,0.0,0.0,0.0,3.0,9.0,12.0,2.0,0.0,0.0,2.0,5.0,6.0,10.0
0020200411,1610612748,MIA,Miami,696,Travis Best,Travis,G,,36:39,5.0,13.0,0.385,2.0,3.0,0.667,1.0,2.0,0.5,2.0,2.0,4.0,7.0,0.0,0.0,5.0,2.0,13.0,9.0
0020200411,1610612748,MIA,Miami,224,Eddie Jones,Eddie,G,,40:51,11.0,21.0,0.524,3.0,4.0,0.75,3.0,3.0,1.0,2.0,6.0,8.0,2.0,2.0,1.0,2.0,3.0,28.0,14.0
0020200411,1610612748,MIA,Miami,1735,Vladimir Stepania,Vladimir,G,,28:33,7.0,11.0,0.636,0.0,0.0,0.0,0.0,0.0,0.0,1.0,13.0,14.0,0.0,2.0,0.0,2.0,2.0,14.0,28.0
0020200411,1610612748,MIA,Miami,2229,Mike James,Mike,G,,25:46,3.0,5.0,0.6,1.0,1.0,1.0,0.0,0.0,0.0,0.0,3.0,3.0,6.0,1.0,0.0,3.0,3.0,7.0,26.0
0020200411,1610612748,MIA,Miami,111,LaPhonso Ellis,LaPhonso,G,,4:18,1.0,2.0,0.5,0.0,1.0,0.0,0.0,0.0,0.0,0.0,0.0,0.0,0.0,0.0,1.0,0.0,0.0,2.0,5.0
0020200411,1610612748,MIA,Miami,2446,Rasual Butler,Rasual,,,3:35,0.0,0.0,0.0,0.0,0.0,0.0,0.0,0.0,0.0,0.0,4.0,4.0,0.0,0.0,0.0,0.0,1.0,0.0,0.0
0020200411,1610612748,MIA,Miami,1752,Sean Marks,Sean,,,3:35,0.0,1.0,0.0,0.0,0.0,0.0,0.0,0.0,0.0,0.0,1.0,1.0,0.0,0.0,0.0,1.0,0.0,0.0,0.0
0020200411,1610612748,MIA,Miami,2253,Sean Lampley,Sean,,,2:15,0.0,0.0,0.0,0.0,0.0,0.0,0.0,0.0,0.0,0.0,0.0,0.0,0.0,0.0,0.0,0.0,0.0,0.0,0.0
0020200411,1610612748,MIA,Miami,1877,,,, ,,,,,,,,,,,,,,,,,,,,
0020200411,1610612748,MIA,Miami,1787,,,, ,,,,,,,,,,,,,,,,,,,,
0020200411,1610612748,MIA,Miami,836,,,, ,,,,,,,,,,,,,,,,,,,,
0020200411,1610612748,MIA,Miami,1276,,,, ,,,,,,,,,,,,,,,,,,,,
0020200411,1610612748,MIA,Miami,1277,,,, ,,,,,,,,,,,,,,,,,,,,
0020200411,1610612748,MIA,Miami,1280,,,, ,,,,,,,,,,,,,,,,,,,,
0020200411,1610612748,MIA,Miami,1281,,,, ,,,,,,,,,,,,,,,,,,,,
0020200411,1610612748,MIA,Miami,2388,,,, ,,,,,,,,,,,,,,,,,,,,
0020200411,1610612748,MIA,Miami,1853,Anthony Carter,Anthony,,DNP - Coach's Decision,,,,,,,,,,,,,,,,,,,,
0020200415,1610612746,LAC,Los Angeles,1762,Tremaine Fowlkes,Tremaine,F,,31:42,3.0,7.0,0.429,0.0,1.0,0.0,3.0,4.0,0.75,3.0,3.0,6.0,4.0,1.0,0.0,3.0,2.0,9.0,-6.0
0020200415,1610612746,LAC,Los Angeles,1882,Elton Brand,Elton,F,,31:44,13.0,18.0,0.722,0.0,0.0,0.0,3.0,5.0,0.6,2.0,6.0,8.0,3.0,0.0,3.0,2.0,5.0,29.0,-1.0
0020200415,1610612746,LAC,Los Angeles,1709,Michael Olowokandi,Michael,C,,31:57,3.0,8.0,0.375,0.0,0.0,0.0,0.0,0.0,0.0,1.0,7.0,8.0,0.0,0.0,3.0,6.0,0.0,6.0,-21.0
0020200415,1610612746,LAC,Los Angeles,1889,Andre Miller,Andre,G,,47:04,5.0,12.0,0.417,0.0,0.0,0.0,2.0,6.0,0.333,0.0,6.0,6.0,10.0,0.0,1.0,0.0,2.0,12.0,-13.0
0020200415,1610612746,LAC,Los Angeles,2060,Marko Jaric,Marko,G,,13:32,1.0,5.0,0.2,1.0,3.0,0.333,2.0,2.0,1.0,0.0,1.0,1.0,3.0,2.0,0.0,2.0,1.0,5.0,-11.0
0020200415,1610612746,LAC,Los Angeles,1917,Wang Zhi-zhi,Wang,F,,13:17,1.0,4.0,0.25,0.0,1.0,0.0,0.0,0.0,0.0,1.0,3.0,4.0,1.0,0.0,0.0,1.0,3.0,2.0,-10.0
0020200415,1610612746,LAC,Los Angeles,1894,Corey Maggette,Corey,F,,17:35,4.0,8.0,0.5,0.0,2.0,0.0,3.0,4.0,0.75,1.0,2.0,3.0,0.0,1.0,0.0,0.0,1.0,11.0,-4.0
0020200415,1610612746,LAC,Los Angeles,2047,Quentin Richardson,Quentin,G,,28:09,7.0,13.0,0.538,1.0,4.0,0.25,1.0,2.0,0.5,5.0,3.0,8.0,0.0,0.0,1.0,0.0,1.0,16.0,-6.0
0020200415,1610612746,LAC,Los Angeles,2039,Keyon Dooling,Keyon,G,,25:00,1.0,9.0,0.111,0.0,7.0,0.0,3.0,3.0,1.0,0.0,2.0,2.0,2.0,0.0,0.0,1.0,2.0,5.0,7.0
0020200415,1610612746,LAC,Los Angeles,1996,,,, ,,,,,,,,,,,,,,,,,,,,
0020200415,1610612746,LAC,Los Angeles,2010,,,, ,,,,,,,,,,,,,,,,,,,,
0020200415,1610612746,LAC,Los Angeles,2166,,,, ,,,,,,,,,,,,,,,,,,,,
0020200415,1610612746,LAC,Los Angeles,1210,,,, ,,,,,,,,,,,,,,,,,,,,
0020200415,1610612746,LAC,Los Angeles,1243,,,, ,,,,,,,,,,,,,,,,,,,,
0020200415,1610612746,LAC,Los Angeles,1672,,,, ,,,,,,,,,,,,,,,,,,,,
0020200415,1610612746,LAC,Los Angeles,2408,Melvin Ely,Melvin,,DNP - Coach's Decision,,,,,,,,,,,,,,,,,,,,
0020200415,1610612746,LAC,Los Angeles,399,Sean Rooks,Sean,,Did Not Dress - Bronchitis,,,,,,,,,,,,,,,,,,,,
0020200415,1610612746,LAC,Los Angeles,2404,Chris Wilcox,Chris,,DNP - Coach's Decision,,,,,,,,,,,,,,,,,,,,
0020200415,1610612756,PHX,Phoenix,1890,Shawn Marion,Shawn,F,,15:07,5.0,11.0,0.455,2.0,4.0,0.5,2.0,2.0,1.0,2.0,2.0,4.0,2.0,1.0,0.0,2.0,2.0,14.0,4.0
0020200415,1610612756,PHX,Phoenix,2405,Amar'e Stoudemire,Amar'e,G,,25:24,7.0,9.0,0.778,0.0,0.0,0.0,2.0,2.0,1.0,3.0,5.0,8.0,2.0,0.0,0.0,1.0,2.0,16.0,-5.0
0020200415,1610612756,PHX,Phoenix,2054,Jake Tsakalidis,Jake,C,,14:03,2.0,4.0,0.5,0.0,0.0,0.0,2.0,2.0,1.0,0.0,2.0,2.0,0.0,0.0,2.0,0.0,3.0,6.0,3.0
0020200415,1610612756,PHX,Phoenix,950,Stephon Marbury,Stephon,G,,36:47,11.0,21.0,0.524,1.0,5.0,0.2,3.0,5.0,0.6,0.0,5.0,5.0,5.0,2.0,0.0,1.0,2.0,26.0,14.0
0020200415,1610612756,PHX,Phoenix,358,Anfernee Hardaway,Anfernee,G,,33:41,6.0,13.0,0.462,0.0,1.0,0.0,1.0,1.0,1.0,0.0,1.0,1.0,10.0,1.0,0.0,2.0,1.0,13.0,9.0
0020200415,1610612756,PHX,Phoenix,2207,Joe Johnson,Joe,F,,28:54,3.0,11.0,0.273,0.0,4.0,0.0,0.0,0.0,0.0,1.0,2.0,3.0,4.0,2.0,1.0,1.0,0.0,6.0,14.0
0020200415,1610612756,PHX,Phoenix,448,Bo Outlaw,Bo,G,,23:58,1.0,1.0,1.0,0.0,0.0,0.0,0.0,0.0,0.0,0.0,4.0,4.0,1.0,1.0,0.0,0.0,2.0,2.0,9.0
0020200415,1610612756,PHX,Phoenix,281,Scott Williams,Scott,G,,6:29,0.0,1.0,0.0,0.0,0.0,0.0,0.0,0.0,0.0,0.0,3.0,3.0,1.0,0.0,0.0,1.0,0.0,0.0,3.0
0020200415,1610612756,PHX,Phoenix,2418,Casey Jacobsen,Casey,C,,28:43,6.0,9.0,0.667,5.0,7.0,0.714,2.0,2.0,1.0,0.0,3.0,3.0,0.0,1.0,0.0,1.0,3.0,19.0,2.0
0020200415,1610612756,PHX,Phoenix,753,Randy Brown,Randy,,,7:58,2.0,3.0,0.667,0.0,0.0,0.0,0.0,0.0,0.0,0.0,1.0,1.0,1.0,0.0,0.0,2.0,2.0,4.0,-3.0
0020200415,1610612756,PHX,Phoenix,2063,Jake Voskuhl,Jake,,,18:56,1.0,4.0,0.25,0.0,0.0,0.0,0.0,0.0,0.0,0.0,4.0,4.0,1.0,0.0,1.0,0.0,3.0,2.0,15.0
0020200415,1610612756,PHX,Phoenix,2160,,,, ,,,,,,,,,,,,,,,,,,,,
0020200415,1610612756,PHX,Phoenix,2008,,,, ,,,,,,,,,,,,,,,,,,,,
0020200415,1610612756,PHX,Phoenix,1783,,,, ,,,,,,,,,,,,,,,,,,,,
0020200415,1610612756,PHX,Phoenix,1336,,,, ,,,,,,,,,,,,,,,,,,,,
0020200415,1610612756,PHX,Phoenix,1642,,,, ,,,,,,,,,,,,,,,,,,,,
0020200415,1610612756,PHX,Phoenix,1653,,,, ,,,,,,,,,,,,,,,,,,,,
0020200415,1610612756,PHX,Phoenix,2521,,,, ,,,,,,,,,,,,,,,,,,,,
0020200415,1610612756,PHX,Phoenix,2061,Dan Langhi,Dan,,DNP - Coach's Decision,,,,,,,,,,,,,,,,,,,,
0020200409,1610612759,SAS,San Antonio,1477,Bruce Bowen,Bruce,F,,32:54,4.0,8.0,0.5,0.0,1.0,0.0,0.0,0.0,0.0,1.0,2.0,3.0,1.0,0.0,1.0,1.0,0.0,8.0,10.0
0020200409,1610612759,SAS,San Antonio,1495,Tim Duncan,Tim,G,,42:53,10.0,20.0,0.5,1.0,1.0,1.0,6.0,7.0,0.857,3.0,12.0,15.0,5.0,2.0,2.0,4.0,3.0,27.0,11.0
0020200409,1610612759,SAS,San Antonio,764,David Robinson,David,C,,31:51,3.0,5.0,0.6,0.0,0.0,0.0,3.0,4.0,0.75,0.0,6.0,6.0,1.0,1.0,3.0,1.0,3.0,9.0,-10.0
0020200409,1610612759,SAS,San Antonio,2225,Tony Parker,Tony,G,,35:58,4.0,9.0,0.444,0.0,2.0,0.0,0.0,2.0,0.0,0.0,4.0,4.0,2.0,0.0,0.0,2.0,4.0,8.0,-7.0
0020200409,1610612759,SAS,San Antonio,1536,Stephen Jackson,Stephen,G,,36:38,4.0,9.0,0.444,1.0,4.0,0.25,0.0,0.0,0.0,0.0,1.0,1.0,3.0,0.0,1.0,5.0,2.0,9.0,-17.0
0020200409,1610612759,SAS,San Antonio,120,Steven Smith,Steven,F,,24:55,1.0,4.0,0.25,0.0,1.0,0.0,4.0,4.0,1.0,2.0,0.0,2.0,1.0,0.0,0.0,1.0,2.0,6.0,-1.0
0020200409,1610612759,SAS,San Antonio,788,Kevin Willis,Kevin,F,,5:10,0.0,0.0,0.0,0.0,0.0,0.0,0.0,2.0,0.0,0.0,1.0,1.0,0.0,0.0,0.0,0.0,1.0,0.0,2.0
0020200409,1610612759,SAS,San Antonio,70,Steve Kerr,Steve,G,,13:35,3.0,8.0,0.375,2.0,4.0,0.5,0.0,0.0,0.0,0.0,0.0,0.0,0.0,0.0,0.0,0.0,0.0,8.0,9.0
0020200409,1610612759,SAS,San Antonio,990,Malik Rose,Malik,F,,16:06,2.0,7.0,0.286,0.0,0.0,0.0,0.0,0.0,0.0,2.0,2.0,4.0,0.0,1.0,0.0,1.0,2.0,4.0,-7.0
0020200409,1610612759,SAS,San Antonio,1658,,,, ,,,,,,,,,,,,,,,,,,,,
0020200409,1610612759,SAS,San Antonio,873,,,, ,,,,,,,,,,,,,,,,,,,,
0020200409,1610612759,SAS,San Antonio,1264,,,, ,,,,,,,,,,,,,,,,,,,,
0020200409,1610612759,SAS,San Antonio,1319,,,, ,,,,,,,,,,,,,,,,,,,,
0020200409,1610612759,SAS,San Antonio,1371,,,, ,,,,,,,,,,,,,,,,,,,,
0020200409,1610612759,SAS,San Antonio,2381,,,, ,,,,,,,,,,,,,,,,,,,,
0020200409,1610612759,SAS,San Antonio,2370,Mengke Bateer,Mengke,,DNP - Coach's Decision,,,,,,,,,,,,,,,,,,,,
0020200409,1610612759,SAS,San Antonio,198,Danny Ferry,Danny,,DNP - Coach's Decision,,,,,,,,,,,,,,,,,,,,
0020200409,1610612759,SAS,San Antonio,924,Anthony Goldwire,Anthony,,DNP - Coach's Decision,,,,,,,,,,,,,,,,,,,,
0020200409,1610612737,ATL,Atlanta,299,Glenn Robinson,Glenn,F,,39:50,8.0,18.0,0.444,0.0,2.0,0.0,2.0,2.0,1.0,3.0,5.0,8.0,3.0,1.0,1.0,4.0,5.0,18.0,-5.0
0020200409,1610612737,ATL,Atlanta,949,Shareef Abdur-Rahim,Shareef,F,,41:25,12.0,24.0,0.5,0.0,2.0,0.0,3.0,4.0,0.75,2.0,9.0,11.0,2.0,1.0,1.0,2.0,1.0,27.0,7.0
0020200409,1610612737,ATL,Atlanta,689,Theo Ratliff,Theo,G,,29:10,1.0,2.0,0.5,0.0,0.0,0.0,2.0,4.0,0.5,2.0,2.0,4.0,0.0,0.0,3.0,1.0,4.0,4.0,1.0
0020200409,1610612737,ATL,Atlanta,2366,Mike Wilks,Mike,G,,32:52,2.0,5.0,0.4,1.0,2.0,0.5,2.0,2.0,1.0,1.0,1.0,2.0,4.0,2.0,0.0,0.0,2.0,7.0,12.0
0020200409,1610612737,ATL,Atlanta,1891,Jason Terry,Jason,G,,39:60,6.0,14.0,0.429,3.0,5.0,0.6,0.0,0.0,0.0,0.0,2.0,2.0,7.0,2.0,0.0,2.0,2.0,15.0,-4.0
0020200409,1610612737,ATL,Atlanta,1956,Ira Newble,Ira,F,,23:09,2.0,3.0,0.667,0.0,0.0,0.0,0.0,0.0,0.0,0.0,3.0,3.0,4.0,0.0,0.0,0.0,1.0,4.0,-4.0
0020200409,1610612737,ATL,Atlanta,673,Alan Henderson,Alan,G,,19:38,2.0,7.0,0.286,0.0,0.0,0.0,0.0,0.0,0.0,2.0,3.0,5.0,0.0,0.0,1.0,0.0,1.0,4.0,1.0
0020200409,1610612737,ATL,Atlanta,1737,Nazr Mohammed,Nazr,F,,2:32,0.0,0.0,0.0,0.0,0.0,0.0,0.0,0.0,0.0,0.0,0.0,0.0,0.0,0.0,0.0,0.0,2.0,0.0,-5.0
0020200409,1610612737,ATL,Atlanta,1032,Darvin Ham,Darvin,F,,11:25,1.0,2.0,0.5,0.0,0.0,0.0,0.0,0.0,0.0,2.0,0.0,2.0,0.0,0.0,0.0,1.0,4.0,2.0,7.0
0020200409,1610612737,ATL,Atlanta,1260,,,, ,,,,,,,,,,,,,,,,,,,,
0020200409,1610612737,ATL,Atlanta,1337,,,, ,,,,,,,,,,,,,,,,,,,,
0020200409,1610612737,ATL,Atlanta,2094,,,, ,,,,,,,,,,,,,,,,,,,,
0020200409,1610612737,ATL,Atlanta,2150,,,, ,,,,,,,,,,,,,,,,,,,,
0020200409,1610612737,ATL,Atlanta,2376,,,, ,,,,,,,,,,,,,,,,,,,,
0020200409,1610612737,ATL,Atlanta,1544,Chris Crawford,Chris,,DND - Left Knee inflammation,,,,,,,,,,,,,,,,,,,,
0020200409,1610612737,ATL,Atlanta,1901,Dion Glover,Dion,,DNP - Coach's Decision,,,,,,,,,,,,,,,,,,,,
0020200409,1610612737,ATL,Atlanta,1074,Matt Maloney,Matt,,DNP - Coach's Decision,,,,,,,,,,,,,,,,,,,,
0020200418,1610612737,ATL,Atlanta,299,Glenn Robinson,Glenn,G,,39:04,5.0,20.0,0.25,1.0,7.0,0.143,0.0,1.0,0.0,1.0,4.0,5.0,1.0,1.0,0.0,2.0,3.0,11.0,-14.0
0020200418,1610612737,ATL,Atlanta,949,Shareef Abdur-Rahim,Shareef,F,,40:47,6.0,14.0,0.429,0.0,1.0,0.0,6.0,6.0,1.0,0.0,8.0,8.0,4.0,0.0,0.0,3.0,4.0,18.0,-2.0
0020200418,1610612737,ATL,Atlanta,689,Theo Ratliff,Theo,C,,32:46,2.0,7.0,0.286,0.0,0.0,0.0,2.0,2.0,1.0,2.0,6.0,8.0,1.0,1.0,3.0,1.0,4.0,6.0,-12.0
0020200418,1610612737,ATL,Atlanta,1956,Ira Newble,Ira,G,,5:57,0.0,1.0,0.0,0.0,0.0,0.0,0.0,0.0,0.0,0.0,0.0,0.0,0.0,0.0,0.0,0.0,0.0,0.0,-10.0
0020200418,1610612737,ATL,Atlanta,1891,Jason Terry,Jason,G,,42:03,9.0,17.0,0.529,4.0,9.0,0.444,0.0,0.0,0.0,0.0,7.0,7.0,4.0,0.0,0.0,2.0,6.0,22.0,-9.0
0020200418,1610612737,ATL,Atlanta,2366,Mike Wilks,Mike,G,,34:09,3.0,9.0,0.333,1.0,2.0,0.5,2.0,2.0,1.0,1.0,3.0,4.0,4.0,2.0,0.0,0.0,2.0,9.0,0.0
0020200418,1610612737,ATL,Atlanta,673,Alan Henderson,Alan,G,,20:59,3.0,5.0,0.6,0.0,0.0,0.0,0.0,0.0,0.0,3.0,5.0,8.0,1.0,1.0,1.0,2.0,5.0,6.0,7.0
0020200418,1610612737,ATL,Atlanta,1032,Darvin Ham,Darvin,G,,16:03,2.0,4.0,0.5,0.0,0.0,0.0,0.0,1.0,0.0,3.0,1.0,4.0,1.0,0.0,0.0,0.0,1.0,4.0,-4.0
0020200418,1610612737,ATL,Atlanta,1901,Dion Glover,Dion,G,,8:13,0.0,2.0,0.0,0.0,0.0,0.0,0.0,0.0,0.0,0.0,1.0,1.0,1.0,0.0,0.0,1.0,0.0,0.0,4.0
0020200418,1610612737,ATL,Atlanta,2094,,,, ,,,,,,,,,,,,,,,,,,,,
0020200418,1610612737,ATL,Atlanta,2150,,,, ,,,,,,,,,,,,,,,,,,,,
0020200418,1610612737,ATL,Atlanta,2376,,,, ,,,,,,,,,,,,,,,,,,,,
0020200418,1610612737,ATL,Atlanta,1260,,,, ,,,,,,,,,,,,,,,,,,,,
0020200418,1610612737,ATL,Atlanta,1337,,,, ,,,,,,,,,,,,,,,,,,,,
0020200418,1610612737,ATL,Atlanta,1544,Chris Crawford,Chris,,NWT - Left Knee Inflammation,,,,,,,,,,,,,,,,,,,,
0020200418,1610612737,ATL,Atlanta,1074,Matt Maloney,Matt,,DNP - Coach's Decision,,,,,,,,,,,,,,,,,,,,
0020200418,1610612737,ATL,Atlanta,1737,Nazr Mohammed,Nazr,,DNP - Coach's Decision,,,,,,,,,,,,,,,,,,,,
0020200418,1610612764,WAS,Washington,711,Jerry Stackhouse,Jerry,G,,42:15,8.0,21.0,0.381,2.0,7.0,0.286,11.0,14.0,0.786,2.0,3.0,5.0,6.0,2.0,1.0,1.0,0.0,29.0,7.0
0020200418,1610612764,WAS,Washington,363,Christian Laettner,Christian,G,,30:43,2.0,8.0,0.25,0.0,0.0,0.0,4.0,4.0,1.0,2.0,4.0,6.0,1.0,0.0,1.0,2.0,3.0,8.0,2.0
0020200418,1610612764,WAS,Washington,2217,Brendan Haywood,Brendan,F,,29:54,1.0,3.0,0.333,0.0,0.0,0.0,3.0,3.0,1.0,1.0,4.0,5.0,0.0,1.0,3.0,1.0,4.0,5.0,16.0
0020200418,1610612764,WAS,Washington,893,Michael Jordan,Michael,G,,34:43,4.0,10.0,0.4,0.0,1.0,0.0,2.0,2.0,1.0,1.0,3.0,4.0,5.0,1.0,1.0,0.0,2.0,10.0,4.0
0020200418,1610612764,WAS,Washington,1716,Larry Hughes,Larry,G,,23:35,5.0,12.0,0.417,1.0,3.0,0.333,0.0,0.0,0.0,0.0,6.0,6.0,2.0,1.0,0.0,3.0,1.0,11.0,2.0
0020200418,1610612764,WAS,Washington,935,Bryon Russell,Bryon,G,,19:04,1.0,4.0,0.25,1.0,4.0,0.25,0.0,0.0,0.0,0.0,2.0,2.0,1.0,0.0,0.0,0.0,2.0,3.0,8.0
0020200418,1610612764,WAS,Washington,2198,Kwame Brown,Kwame,F,,23:21,2.0,4.0,0.5,0.0,0.0,0.0,1.0,4.0,0.25,1.0,6.0,7.0,2.0,1.0,2.0,1.0,2.0,5.0,-1.0
0020200418,1610612764,WAS,Washington,1731,Tyronn Lue,Tyronn,F,,24:37,5.0,8.0,0.625,3.0,4.0,0.75,0.0,0.0,0.0,0.0,1.0,1.0,3.0,0.0,0.0,0.0,0.0,13.0,6.0
0020200418,1610612764,WAS,Washington,2041,Etan Thomas,Etan,G,,11:47,0.0,0.0,0.0,0.0,0.0,0.0,0.0,0.0,0.0,0.0,4.0,4.0,0.0,0.0,0.0,0.0,1.0,0.0,-4.0
0020200418,1610612764,WAS,Washington,1271,,,, ,,,,,,,,,,,,,,,,,,,,
0020200418,1610612764,WAS,Washington,1244,,,, ,,,,,,,,,,,,,,,,,,,,
0020200418,1610612764,WAS,Washington,1245,,,, ,,,,,,,,,,,,,,,,,,,,
0020200418,1610612764,WAS,Washington,2382,,,, ,,,,,,,,,,,,,,,,,,,,
0020200418,1610612764,WAS,Washington,2383,,,, ,,,,,,,,,,,,,,,,,,,,
0020200418,1610612764,WAS,Washington,2523,,,, ,,,,,,,,,,,,,,,,,,,,
0020200418,1610612764,WAS,Washington,2171,,,, ,,,,,,,,,,,,,,,,,,,,
0020200418,1610612764,WAS,Washington,2073,Brian Cardinal,Brian,,DNP - Coach's Decision,,,,,,,,,,,,,,,,,,,,
0020200418,1610612764,WAS,Washington,891,Charles Oakley,Charles,,DNP - Coach's Decision,,,,,,,,,,,,,,,,,,,,
0020200418,1610612764,WAS,Washington,2250,Bobby Simmons,Bobby,,DNP - Coach's Decision,,,,,,,,,,,,,,,,,,,,
0020200425,1610612747,LAL,Los Angeles,2098,Slava Medvedenko,Slava,G,,15:52,2.0,2.0,1.0,0.0,0.0,0.0,1.0,1.0,1.0,0.0,1.0,1.0,0.0,1.0,0.0,2.0,5.0,5.0,6.0
0020200425,1610612747,LAL,Los Angeles,296,Rick Fox,Rick,F,,22:53,3.0,5.0,0.6,1.0,2.0,0.5,0.0,0.0,0.0,1.0,2.0,3.0,5.0,0.0,0.0,2.0,2.0,7.0,0.0
0020200425,1610612747,LAL,Los Angeles,406,Shaquille O'Neal,Shaquille,C,,33:37,10.0,15.0,0.667,0.0,0.0,0.0,2.0,2.0,1.0,0.0,13.0,13.0,4.0,0.0,3.0,2.0,3.0,22.0,22.0
0020200425,1610612747,LAL,Los Angeles,965,Derek Fisher,Derek,G,,35:10,3.0,6.0,0.5,2.0,3.0,0.667,0.0,0.0,0.0,0.0,3.0,3.0,9.0,0.0,0.0,1.0,0.0,8.0,8.0
0020200425,1610612747,LAL,Los Angeles,977,Kobe Bryant,Kobe,G,,35:28,15.0,26.0,0.577,2.0,4.0,0.5,7.0,7.0,1.0,0.0,6.0,6.0,6.0,2.0,0.0,4.0,3.0,39.0,16.0
0020200425,1610612747,LAL,Los Angeles,2058,Mark Madsen,Mark,C,,17:51,0.0,3.0,0.0,0.0,0.0,0.0,0.0,0.0,0.0,2.0,1.0,3.0,1.0,0.0,0.0,1.0,5.0,0.0,10.0
0020200425,1610612747,LAL,Los Angeles,1904,Devean George,Devean,G,,15:00,2.0,5.0,0.4,0.0,0.0,0.0,2.0,2.0,1.0,0.0,2.0,2.0,1.0,0.0,0.0,3.0,1.0,6.0,5.0
0020200425,1610612747,LAL,Los Angeles,109,Robert Horry,Robert,F,,26:05,3.0,4.0,0.75,0.0,0.0,0.0,3.0,4.0,0.75,3.0,5.0,8.0,4.0,2.0,0.0,1.0,5.0,9.0,6.0
0020200425,1610612747,LAL,Los Angeles,145,Tracy Murray,Tracy,F,,12:42,3.0,4.0,0.75,1.0,1.0,1.0,0.0,0.0,0.0,1.0,0.0,1.0,2.0,0.0,0.0,0.0,0.0,7.0,8.0
0020200425,1610612747,LAL,Los Angeles,2416,Kareem Rush,Kareem,G,,13:48,4.0,5.0,0.8,1.0,1.0,1.0,0.0,0.0,0.0,0.0,1.0,1.0,3.0,0.0,0.0,1.0,0.0,9.0,6.0
0020200425,1610612747,LAL,Los Angeles,216,Brian Shaw,Brian,F,,11:34,0.0,2.0,0.0,0.0,0.0,0.0,0.0,0.0,0.0,0.0,1.0,1.0,1.0,0.0,0.0,1.0,0.0,0.0,8.0
0020200425,1610612747,LAL,Los Angeles,1219,,,, ,,,,,,,,,,,,,,,,,,,,
0020200425,1610612747,LAL,Los Angeles,1221,,,, ,,,,,,,,,,,,,,,,,,,,
0020200425,1610612747,LAL,Los Angeles,1223,,,, ,,,,,,,,,,,,,,,,,,,,
0020200425,1610612747,LAL,Los Angeles,1230,,,, ,,,,,,,,,,,,,,,,,,,,
0020200425,1610612747,LAL,Los Angeles,1272,,,, ,,,,,,,,,,,,,,,,,,,,
0020200425,1610612747,LAL,Los Angeles,1273,,,, ,,,,,,,,,,,,,,,,,,,,
0020200425,1610612747,LAL,Los Angeles,955,Samaki Walker,Samaki,,NWT-ILL-Tonsilitis,,,,,,,,,,,,,,,,,,,,
0020200425,1610612743,DEN,Denver,436,Juwan Howard,Juwan,F,,38:09,7.0,16.0,0.438,0.0,0.0,0.0,6.0,7.0,0.857,0.0,4.0,4.0,8.0,2.0,2.0,2.0,4.0,20.0,-15.0
0020200425,1610612743,DEN,Denver,1763,Ryan Bowen,Ryan,F,,9:11,1.0,1.0,1.0,0.0,0.0,0.0,0.0,0.0,0.0,0.0,0.0,0.0,1.0,1.0,0.0,0.0,3.0,2.0,-10.0
0020200425,1610612743,DEN,Denver,1548,Mark Blount,Mark,C,,13:03,2.0,5.0,0.4,0.0,0.0,0.0,0.0,0.0,0.0,0.0,1.0,1.0,0.0,0.0,0.0,0.0,1.0,4.0,-13.0
0020200425,1610612743,DEN,Denver,2428,Vincent Yarbrough,Vincent,G,,21:00,4.0,12.0,0.333,0.0,3.0,0.0,0.0,0.0,0.0,0.0,1.0,1.0,0.0,1.0,0.0,1.0,4.0,8.0,-13.0
0020200425,1610612743,DEN,Denver,2454,Junior Harrington,Junior,G,,25:03,2.0,4.0,0.5,0.0,0.0,0.0,0.0,0.0,0.0,2.0,2.0,4.0,4.0,1.0,1.0,2.0,1.0,4.0,-20.0
0020200425,1610612743,DEN,Denver,2206,Rodney White,Rodney,G,,27:00,6.0,10.0,0.6,0.0,1.0,0.0,4.0,4.0,1.0,0.0,1.0,1.0,1.0,0.0,0.0,2.0,0.0,16.0,-6.0
0020200425,1610612743,DEN,Denver,180,John Crotty,John,G,,22:57,3.0,7.0,0.429,1.0,3.0,0.333,0.0,0.0,0.0,1.0,0.0,1.0,5.0,1.0,0.0,0.0,0.0,7.0,1.0
0020200425,1610612743,DEN,Denver,2401,Nikoloz Tskitishvili,Nikoloz,F,,29:33,5.0,9.0,0.556,2.0,5.0,0.4,0.0,0.0,0.0,3.0,0.0,3.0,4.0,1.0,0.0,0.0,0.0,12.0,-8.0
0020200425,1610612743,DEN,Denver,2403,Nene Hilario,Nene,G,,22:12,1.0,7.0,0.143,0.0,0.0,0.0,3.0,4.0,0.75,2.0,4.0,6.0,2.0,0.0,0.0,1.0,3.0,5.0,-12.0
0020200425,1610612743,DEN,Denver,2051,Donnell Harvey,Donnell,F,,26:48,5.0,7.0,0.714,0.0,0.0,0.0,4.0,5.0,0.8,0.0,4.0,4.0,3.0,0.0,0.0,2.0,3.0,14.0,-2.0
0020200425,1610612743,DEN,Denver,95,Mark Bryant,Mark,,,5:04,0.0,1.0,0.0,0.0,0.0,0.0,1.0,2.0,0.5,0.0,0.0,0.0,0.0,0.0,0.0,0.0,1.0,1.0,3.0
0020200425,1610612743,DEN,Denver,1240,,,, ,,,,,,,,,,,,,,,,,,,,
0020200425,1610612743,DEN,Denver,1279,,,, ,,,,,,,,,,,,,,,,,,,,
0020200425,1610612743,DEN,Denver,1216,,,, ,,,,,,,,,,,,,,,,,,,,
0020200425,1610612743,DEN,Denver,2015,,,, ,,,,,,,,,,,,,,,,,,,,
0020200425,1610612743,DEN,Denver,2379,,,, ,,,,,,,,,,,,,,,,,,,,
0020200425,1610612743,DEN,Denver,2512,,,, ,,,,,,,,,,,,,,,,,,,,
0020200425,1610612743,DEN,Denver,2513,,,, ,,,,,,,,,,,,,,,,,,,,
0020200425,1610612743,DEN,Denver,2453,Predrag Savovic,Predrag,,DNP - Coach's Decision,,,,,,,,,,,,,,,,,,,,
0020200423,1610612751,NJN,New Jersey,2210,Richard Jefferson,Richard,F,,36:07,5.0,10.0,0.5,0.0,1.0,0.0,6.0,8.0,0.75,3.0,5.0,8.0,1.0,0.0,1.0,1.0,3.0,16.0,4.0
0020200423,1610612751,NJN,New Jersey,2030,Kenyon Martin,Kenyon,G,,35:27,9.0,20.0,0.45,0.0,0.0,0.0,6.0,8.0,0.75,3.0,9.0,12.0,0.0,3.0,0.0,3.0,4.0,24.0,19.0
0020200423,1610612751,NJN,New Jersey,2215,Jason Collins,Jason,F,,23:23,3.0,6.0,0.5,0.0,0.0,0.0,5.0,6.0,0.833,1.0,2.0,3.0,2.0,2.0,0.0,1.0,4.0,11.0,18.0
0020200423,1610612751,NJN,New Jersey,446,Lucious Harris,Lucious,G,,38:25,6.0,10.0,0.6,0.0,0.0,0.0,5.0,7.0,0.714,4.0,4.0,8.0,7.0,0.0,0.0,1.0,2.0,17.0,14.0
0020200423,1610612751,NJN,New Jersey,467,Jason Kidd,Jason,G,,40:06,8.0,16.0,0.5,2.0,3.0,0.667,5.0,7.0,0.714,0.0,5.0,5.0,7.0,3.0,0.0,1.0,2.0,23.0,3.0
0020200423,1610612751,NJN,New Jersey,1533,Anthony Johnson,Anthony,F,,17:29,1.0,3.0,0.333,0.0,0.0,0.0,0.0,0.0,0.0,0.0,1.0,1.0,1.0,0.0,0.0,1.0,2.0,2.0,-1.0
0020200423,1610612751,NJN,New Jersey,915,Rodney Rogers,Rodney,G,,26:40,2.0,6.0,0.333,1.0,1.0,1.0,0.0,0.0,0.0,1.0,2.0,3.0,1.0,2.0,0.0,0.0,2.0,5.0,-4.0
0020200423,1610612751,NJN,New Jersey,1425,Aaron Williams,Aaron,G,,22:23,2.0,7.0,0.286,0.0,0.0,0.0,2.0,2.0,1.0,0.0,1.0,1.0,1.0,0.0,1.0,0.0,6.0,6.0,-13.0
0020200423,1610612751,NJN,New Jersey,1303,,,, ,,,,,,,,,,,,,,,,,,,,
0020200423,1610612751,NJN,New Jersey,1324,,,, ,,,,,,,,,,,,,,,,,,,,
0020200423,1610612751,NJN,New Jersey,2380,,,, ,,,,,,,,,,,,,,,,,,,,
0020200423,1610612751,NJN,New Jersey,1876,,,, ,,,,,,,,,,,,,,,,,,,,
0020200423,1610612751,NJN,New Jersey,2009,,,, ,,,,,,,,,,,,,,,,,,,,
0020200423,1610612751,NJN,New Jersey,1776,,,, ,,,,,,,,,,,,,,,,,,,,
0020200423,1610612751,NJN,New Jersey,2220,Brandon Armstrong,Brandon,,DNP - Coach's Decision,,,,,,,,,,,,,,,,,,,,
0020200423,1610612751,NJN,New Jersey,87,Dikembe Mutombo,Dikembe,,NWT - Torn ligaments - right wrist,,,,,,,,,,,,,,,,,,,,
0020200423,1610612751,NJN,New Jersey,2243,Brian Scalabrine,Brian,,DNP - Coach's Decision,,,,,,,,,,,,,,,,,,,,
0020200423,1610612751,NJN,New Jersey,2447,Tamar Slay,Tamar,,DNP - Coach's Decision,,,,,,,,,,,,,,,,,,,,
0020200423,1610612749,MIL,Milwaukee,193,Anthony Mason,Anthony,F,,34:37,1.0,3.0,0.333,0.0,0.0,0.0,5.0,6.0,0.833,1.0,7.0,8.0,4.0,0.0,0.0,2.0,4.0,7.0,-12.0
0020200423,1610612749,MIL,Milwaukee,1501,Tim Thomas,Tim,G,,35:05,5.0,14.0,0.357,1.0,4.0,0.25,1.0,2.0,0.5,0.0,4.0,4.0,1.0,0.0,0.0,3.0,1.0,12.0,-18.0
0020200423,1610612749,MIL,Milwaukee,2038,Joel Przybilla,Joel,C,,9:26,1.0,2.0,0.5,0.0,0.0,0.0,0.0,0.0,0.0,0.0,3.0,3.0,0.0,0.0,0.0,1.0,2.0,2.0,-16.0
0020200423,1610612749,MIL,Milwaukee,951,Ray Allen,Ray,G,,33:14,6.0,17.0,0.353,2.0,7.0,0.286,5.0,6.0,0.833,1.0,4.0,5.0,3.0,0.0,0.0,3.0,3.0,19.0,5.0
0020200423,1610612749,MIL,Milwaukee,208,Sam Cassell,Sam,G,,32:02,4.0,13.0,0.308,1.0,1.0,1.0,11.0,13.0,0.846,1.0,1.0,2.0,5.0,2.0,1.0,3.0,3.0,20.0,-20.0
0020200423,1610612749,MIL,Milwaukee,2072,Michael Redd,Michael,G,,29:54,9.0,10.0,0.9,2.0,3.0,0.667,1.0,2.0,0.5,0.0,0.0,0.0,1.0,1.0,1.0,0.0,3.0,21.0,5.0
0020200423,1610612749,MIL,Milwaukee,2409,Marcus Haislip,Marcus,G,,21:56,3.0,3.0,1.0,1.0,1.0,1.0,2.0,2.0,1.0,0.0,3.0,3.0,0.0,0.0,1.0,2.0,4.0,9.0,5.0
0020200423,1610612749,MIL,Milwaukee,1563,Kevin Ollie,Kevin,G,,19:21,0.0,3.0,0.0,0.0,0.0,0.0,0.0,0.0,0.0,0.0,1.0,1.0,8.0,0.0,0.0,1.0,2.0,0.0,13.0
0020200423,1610612749,MIL,Milwaukee,911,Ervin Johnson,Ervin,G,,24:25,3.0,3.0,1.0,0.0,0.0,0.0,0.0,0.0,0.0,1.0,5.0,6.0,0.0,0.0,0.0,0.0,4.0,6.0,-2.0
0020200423,1610612749,MIL,Milwaukee,2517,,,, ,,,,,,,,,,,,,,,,,,,,
0020200423,1610612749,MIL,Milwaukee,2157,,,, ,,,,,,,,,,,,,,,,,,,,
0020200423,1610612749,MIL,Milwaukee,1796,,,, ,,,,,,,,,,,,,,,,,,,,
0020200423,1610612749,MIL,Milwaukee,1334,,,, ,,,,,,,,,,,,,,,,,,,,
0020200423,1610612749,MIL,Milwaukee,1355,,,, ,,,,,,,,,,,,,,,,,,,,
0020200423,1610612749,MIL,Milwaukee,679,Jason Caffey,Jason,,DND - Injured fifth finger - right hand,,,,,,,,,,,,,,,,,,,,
0020200423,1610612749,MIL,Milwaukee,2429,Dan Gadzuric,Dan,,DNP - Coach's Decision,,,,,,,,,,,,,,,,,,,,
0020200423,1610612749,MIL,Milwaukee,2436,Flip Murray,Flip,,DNP - Coach's Decision,,,,,,,,,,,,,,,,,,,,
0020200421,1610612750,MIN,Minnesota,708,Kevin Garnett,Kevin,F,,38:17,8.0,20.0,0.4,0.0,0.0,0.0,4.0,5.0,0.8,2.0,11.0,13.0,0.0,1.0,1.0,2.0,1.0,20.0,-15.0
0020200421,1610612750,MIN,Minnesota,718,Gary Trent,Gary,F,,21:18,2.0,6.0,0.333,0.0,1.0,0.0,2.0,2.0,1.0,3.0,1.0,4.0,2.0,1.0,0.0,0.0,1.0,6.0,-11.0
0020200421,1610612750,MIN,Minnesota,1725,Rasho Nesterovic,Rasho,C,,28:08,2.0,5.0,0.4,0.0,0.0,0.0,0.0,0.0,0.0,0.0,1.0,1.0,3.0,1.0,0.0,0.0,2.0,4.0,-9.0
0020200421,1610612750,MIN,Minnesota,383,Kendall Gill,Kendall,G,,30:24,3.0,9.0,0.333,0.0,1.0,0.0,4.0,4.0,1.0,0.0,1.0,1.0,1.0,0.0,0.0,2.0,4.0,10.0,-8.0
0020200421,1610612750,MIN,Minnesota,1607,Troy Hudson,Troy,G,,31:44,6.0,12.0,0.5,1.0,4.0,0.25,3.0,4.0,0.75,0.0,1.0,1.0,3.0,1.0,0.0,2.0,2.0,16.0,-10.0
0020200421,1610612750,MIN,Minnesota,324,Anthony Peeler,Anthony,G,,20:39,1.0,6.0,0.167,0.0,3.0,0.0,0.0,0.0,0.0,0.0,2.0,2.0,1.0,0.0,0.0,0.0,2.0,2.0,-19.0
0020200421,1610612750,MIN,Minnesota,1531,Marc Jackson,Marc,C,,26:51,5.0,10.0,0.5,0.0,0.0,0.0,7.0,7.0,1.0,2.0,3.0,5.0,0.0,0.0,2.0,2.0,2.0,17.0,-16.0
0020200421,1610612750,MIN,Minnesota,393,Rod Strickland,Rod,G,,14:10,0.0,2.0,0.0,0.0,0.0,0.0,0.0,0.0,0.0,0.0,1.0,1.0,1.0,1.0,0.0,0.0,0.0,0.0,-18.0
0020200421,1610612750,MIN,Minnesota,693,Joe Smith,Joe,F,,2:40,0.0,1.0,0.0,0.0,0.0,0.0,0.0,0.0,0.0,0.0,0.0,0.0,0.0,0.0,0.0,1.0,1.0,0.0,-8.0
0020200421,1610612750,MIN,Minnesota,1073,Reggie Slater,Reggie,F,,10:15,0.0,0.0,0.0,0.0,0.0,0.0,4.0,6.0,0.667,1.0,3.0,4.0,0.0,0.0,1.0,0.0,0.0,4.0,-5.0
0020200421,1610612750,MIN,Minnesota,2254,Loren Woods,Loren,,,8:32,1.0,4.0,0.25,0.0,0.0,0.0,0.0,0.0,0.0,1.0,4.0,5.0,1.0,0.0,1.0,0.0,2.0,2.0,0.0
0020200421,1610612750,MIN,Minnesota,2080,Igor Rakocevic,Igor,,,7:03,0.0,3.0,0.0,0.0,0.0,0.0,1.0,2.0,0.5,2.0,1.0,3.0,0.0,0.0,0.0,0.0,1.0,1.0,-1.0
0020200421,1610612750,MIN,Minnesota,2146,,,, ,,,,,,,,,,,,,,,,,,,,
0020200421,1610612750,MIN,Minnesota,2159,,,, ,,,,,,,,,,,,,,,,,,,,
0020200421,1610612750,MIN,Minnesota,1289,,,, ,,,,,,,,,,,,,,,,,,,,
0020200421,1610612750,MIN,Minnesota,1290,,,, ,,,,,,,,,,,,,,,,,,,,
0020200421,1610612750,MIN,Minnesota,1291,,,, ,,,,,,,,,,,,,,,,,,,,
0020200421,1610612750,MIN,Minnesota,847,,,, ,,,,,,,,,,,,,,,,,,,,
0020200421,1610612765,DET,Detroit,688,Michael Curry,Michael,F,,19:47,1.0,2.0,0.5,1.0,2.0,0.5,0.0,0.0,0.0,0.0,1.0,1.0,4.0,2.0,0.0,1.0,2.0,3.0,11.0
0020200421,1610612765,DET,Detroit,1112,Ben Wallace,Ben,F,,36:03,4.0,4.0,1.0,0.0,0.0,0.0,2.0,4.0,0.5,4.0,13.0,17.0,2.0,0.0,1.0,0.0,3.0,10.0,18.0
0020200421,1610612765,DET,Detroit,361,Clifford Robinson,Clifford,F,,30:42,2.0,8.0,0.25,0.0,3.0,0.0,0.0,0.0,0.0,1.0,2.0,3.0,4.0,2.0,0.0,1.0,2.0,4.0,14.0
0020200421,1610612765,DET,Detroit,1888,Richard Hamilton,Richard,G,,31:12,9.0,19.0,0.474,1.0,3.0,0.333,5.0,8.0,0.625,1.0,4.0,5.0,2.0,0.0,0.0,4.0,4.0,24.0,14.0
0020200421,1610612765,DET,Detroit,1497,Chauncey Billups,Chauncey,G,,32:41,7.0,12.0,0.583,2.0,6.0,0.333,5.0,6.0,0.833,0.0,5.0,5.0,4.0,0.0,0.0,3.0,2.0,21.0,13.0
0020200421,1610612765,DET,Detroit,2246,Mehmet Okur,Mehmet,F,,23:09,6.0,11.0,0.545,2.0,2.0,1.0,1.0,2.0,0.5,3.0,3.0,6.0,1.0,0.0,1.0,0.0,5.0,15.0,16.0
0020200421,1610612765,DET,Detroit,722,Corliss Williamson,Corliss,F,,25:42,5.0,10.0,0.5,0.0,0.0,0.0,3.0,3.0,1.0,0.0,1.0,1.0,3.0,0.0,0.0,0.0,2.0,13.0,12.0
0020200421,1610612765,DET,Detroit,1088,Chucky Atkins,Chucky,G,,21:29,4.0,8.0,0.5,3.0,6.0,0.5,0.0,0.0,0.0,0.0,5.0,5.0,2.0,0.0,0.0,0.0,3.0,11.0,10.0
0020200421,1610612765,DET,Detroit,468,Jon Barry,Jon,G,,8:57,0.0,1.0,0.0,0.0,1.0,0.0,0.0,0.0,0.0,0.0,1.0,1.0,2.0,1.0,0.0,1.0,1.0,0.0,10.0
0020200421,1610612765,DET,Detroit,2419,Tayshaun Prince,Tayshaun,,,5:23,0.0,2.0,0.0,0.0,0.0,0.0,0.0,0.0,0.0,0.0,1.0,1.0,0.0,0.0,1.0,0.0,0.0,0.0,0.0
0020200421,1610612765,DET,Detroit,93,Hubert Davis,Hubert,,,4:55,2.0,4.0,0.5,1.0,1.0,1.0,0.0,0.0,0.0,1.0,1.0,2.0,1.0,0.0,0.0,0.0,0.0,5.0,2.0
0020200421,1610612765,DET,Detroit,2167,,,, ,,,,,,,,,,,,,,,,,,,,
0020200421,1610612765,DET,Detroit,1655,,,, ,,,,,,,,,,,,,,,,,,,,
0020200421,1610612765,DET,Detroit,1311,,,, ,,,,,,,,,,,,,,,,,,,,
0020200421,1610612765,DET,Detroit,1320,,,, ,,,,,,,,,,,,,,,,,,,,
0020200421,1610612765,DET,Detroit,1247,,,, ,,,,,,,,,,,,,,,,,,,,
0020200421,1610612765,DET,Detroit,1442,Zeljko Rebraca,Zeljko,,DID NOT DRESS - IRREGULAR HEARTBEAT,,,,,,,,,,,,,,,,,,,,
0020200422,1610612759,SAS,San Antonio,1477,Bruce Bowen,Bruce,G,,38:34,4.0,5.0,0.8,4.0,5.0,0.8,0.0,0.0,0.0,0.0,3.0,3.0,1.0,5.0,1.0,0.0,3.0,12.0,18.0
0020200422,1610612759,SAS,San Antonio,1495,Tim Duncan,Tim,G,,41:27,10.0,20.0,0.5,1.0,1.0,1.0,7.0,12.0,0.583,3.0,12.0,15.0,4.0,0.0,2.0,4.0,3.0,28.0,26.0
0020200422,1610612759,SAS,San Antonio,764,David Robinson,David,G,,32:36,3.0,8.0,0.375,0.0,0.0,0.0,2.0,4.0,0.5,3.0,4.0,7.0,0.0,1.0,2.0,0.0,2.0,8.0,13.0
0020200422,1610612759,SAS,San Antonio,2225,Tony Parker,Tony,G,,37:28,10.0,15.0,0.667,2.0,3.0,0.667,10.0,14.0,0.714,2.0,3.0,5.0,10.0,0.0,0.0,3.0,2.0,32.0,21.0
0020200422,1610612759,SAS,San Antonio,1536,Stephen Jackson,Stephen,G,,35:35,5.0,7.0,0.714,4.0,5.0,0.8,2.0,2.0,1.0,0.0,3.0,3.0,4.0,4.0,1.0,4.0,2.0,16.0,11.0
0020200422,1610612759,SAS,San Antonio,120,Steven Smith,Steven,F,,20:33,0.0,4.0,0.0,0.0,1.0,0.0,5.0,6.0,0.833,0.0,2.0,2.0,1.0,0.0,0.0,2.0,2.0,5.0,2.0
0020200422,1610612759,SAS,San Antonio,788,Kevin Willis,Kevin,G,,21:57,2.0,7.0,0.286,0.0,0.0,0.0,2.0,4.0,0.5,0.0,5.0,5.0,0.0,0.0,0.0,0.0,3.0,6.0,-11.0
0020200422,1610612759,SAS,San Antonio,70,Steve Kerr,Steve,F,,11:50,1.0,4.0,0.25,0.0,1.0,0.0,0.0,0.0,0.0,1.0,1.0,2.0,0.0,0.0,0.0,0.0,0.0,2.0,-10.0
0020200422,1610612759,SAS,San Antonio,2381,,,, ,,,,,,,,,,,,,,,,,,,,
0020200422,1610612759,SAS,San Antonio,873,,,, ,,,,,,,,,,,,,,,,,,,,
0020200422,1610612759,SAS,San Antonio,1658,,,, ,,,,,,,,,,,,,,,,,,,,
0020200422,1610612759,SAS,San Antonio,1264,,,, ,,,,,,,,,,,,,,,,,,,,
0020200422,1610612759,SAS,San Antonio,1319,,,, ,,,,,,,,,,,,,,,,,,,,
0020200422,1610612759,SAS,San Antonio,1371,,,, ,,,,,,,,,,,,,,,,,,,,
0020200422,1610612759,SAS,San Antonio,2370,Mengke Bateer,Mengke,,DNP - Coach's Decision,,,,,,,,,,,,,,,,,,,,
0020200422,1610612759,SAS,San Antonio,198,Danny Ferry,Danny,,DNP - Coach's Decision,,,,,,,,,,,,,,,,,,,,
0020200422,1610612759,SAS,San Antonio,924,Anthony Goldwire,Anthony,,DNP - Coach's Decision,,,,,,,,,,,,,,,,,,,,
0020200422,1610612759,SAS,San Antonio,990,Malik Rose,Malik,,DNP - Coach's Decision,,,,,,,,,,,,,,,,,,,,
0020200422,1610612741,CHI,Chicago,147,Jalen Rose,Jalen,G,,37:20,9.0,19.0,0.474,0.0,0.0,0.0,6.0,6.0,1.0,2.0,4.0,6.0,4.0,0.0,1.0,5.0,1.0,24.0,-18.0
0020200422,1610612741,CHI,Chicago,923,Donyell Marshall,Donyell,F,,26:52,5.0,12.0,0.417,0.0,0.0,0.0,0.0,0.0,0.0,1.0,2.0,3.0,2.0,0.0,0.0,0.0,3.0,10.0,-19.0
0020200422,1610612741,CHI,Chicago,2199,Tyson Chandler,Tyson,F,,17:54,2.0,2.0,1.0,0.0,0.0,0.0,0.0,1.0,0.0,0.0,1.0,1.0,1.0,0.0,1.0,1.0,2.0,4.0,-14.0
0020200422,1610612741,CHI,Chicago,2398,Jay Williams,Jay,G,,30:58,7.0,12.0,0.583,5.0,7.0,0.714,4.0,4.0,1.0,0.0,1.0,1.0,3.0,2.0,0.0,3.0,5.0,23.0,-23.0
0020200422,1610612741,CHI,Chicago,2239,Trenton Hassell,Trenton,G,,21:45,0.0,4.0,0.0,0.0,0.0,0.0,0.0,0.0,0.0,0.0,1.0,1.0,2.0,0.0,0.0,0.0,1.0,0.0,-27.0
0020200422,1610612741,CHI,Chicago,916,Corie Blount,Corie,G,,25:11,1.0,4.0,0.25,0.0,0.0,0.0,0.0,2.0,0.0,2.0,2.0,4.0,3.0,0.0,0.0,0.0,5.0,2.0,-2.0
0020200422,1610612741,CHI,Chicago,2033,Marcus Fizer,Marcus,G,,26:03,5.0,14.0,0.357,0.0,1.0,0.0,1.0,2.0,0.5,5.0,7.0,12.0,3.0,4.0,0.0,1.0,5.0,11.0,7.0
0020200422,1610612741,CHI,Chicago,1944,Eddie Robinson,Eddie,F,,23:48,4.0,4.0,1.0,0.0,0.0,0.0,3.0,4.0,0.75,1.0,6.0,7.0,0.0,0.0,0.0,1.0,3.0,11.0,17.0
0020200422,1610612741,CHI,Chicago,2037,Jamal Crawford,Jamal,F,,17:02,4.0,11.0,0.364,0.0,1.0,0.0,0.0,0.0,0.0,1.0,0.0,1.0,2.0,1.0,0.0,0.0,0.0,8.0,9.0
0020200422,1610612741,CHI,Chicago,697,Fred Hoiberg,Fred,F,,13:07,1.0,1.0,1.0,0.0,0.0,0.0,0.0,0.0,0.0,0.0,2.0,2.0,0.0,0.0,0.0,1.0,1.0,2.0,0.0
0020200422,1610612741,CHI,Chicago,1220,,,, ,,,,,,,,,,,,,,,,,,,,
0020200422,1610612741,CHI,Chicago,1254,,,, ,,,,,,,,,,,,,,,,,,,,
0020200422,1610612741,CHI,Chicago,1780,,,, ,,,,,,,,,,,,,,,,,,,,
0020200422,1610612741,CHI,Chicago,2394,,,, ,,,,,,,,,,,,,,,,,,,,
0020200422,1610612741,CHI,Chicago,2510,,,, ,,,,,,,,,,,,,,,,,,,,
0020200422,1610612741,CHI,Chicago,2053,Dalibor Bagaric,Dalibor,,DNP - Coach's Decision,,,,,,,,,,,,,,,,,,,,
0020200422,1610612741,CHI,Chicago,2437,Lonny Baxter,Lonny,,DNP - Coach's Decision,,,,,,,,,,,,,,,,,,,,
0020200422,1610612741,CHI,Chicago,2201,Eddy Curry,Eddy,,DNP - Coach's Decision,,,,,,,,,,,,,,,,,,,,
0020200428,1610612744,GSW,Golden State,1712,Antawn Jamison,Antawn,G,,44:25,11.0,27.0,0.407,1.0,1.0,1.0,5.0,6.0,0.833,5.0,2.0,7.0,1.0,1.0,0.0,2.0,6.0,28.0,9.0
0020200428,1610612744,GSW,Golden State,2211,Troy Murphy,Troy,F,,34:36,4.0,6.0,0.667,0.0,0.0,0.0,3.0,4.0,0.75,3.0,11.0,14.0,0.0,1.0,0.0,2.0,4.0,11.0,6.0
0020200428,1610612744,GSW,Golden State,956,Erick Dampier,Erick,G,,18:54,0.0,4.0,0.0,0.0,0.0,0.0,2.0,2.0,1.0,3.0,6.0,9.0,0.0,0.0,2.0,1.0,4.0,2.0,15.0
0020200428,1610612744,GSW,Golden State,2240,Gilbert Arenas,Gilbert,G,,37:01,8.0,16.0,0.5,2.0,4.0,0.5,5.0,8.0,0.625,0.0,3.0,3.0,7.0,0.0,0.0,2.0,5.0,23.0,17.0
0020200428,1610612744,GSW,Golden State,2202,Jason Richardson,Jason,G,,38:39,9.0,19.0,0.474,0.0,2.0,0.0,2.0,3.0,0.667,1.0,2.0,3.0,4.0,1.0,1.0,2.0,4.0,20.0,24.0
0020200428,1610612744,GSW,Golden State,1502,Adonal Foyle,Adonal,G,,32:48,2.0,3.0,0.667,0.0,0.0,0.0,2.0,2.0,1.0,3.0,6.0,9.0,0.0,0.0,3.0,0.0,5.0,6.0,-1.0
0020200428,1610612744,GSW,Golden State,2399,Mike Dunleavy,Mike,F,,6:56,1.0,3.0,0.333,0.0,0.0,0.0,0.0,0.0,0.0,1.0,1.0,2.0,0.0,0.0,0.0,0.0,1.0,2.0,-10.0
0020200428,1610612744,GSW,Golden State,1863,Earl Boykins,Earl,G,,14:10,1.0,5.0,0.2,1.0,2.0,0.5,4.0,4.0,1.0,0.0,0.0,0.0,2.0,0.0,0.0,2.0,0.0,7.0,-6.0
0020200428,1610612744,GSW,Golden State,682,Bob Sura,Bob,F,,12:32,0.0,3.0,0.0,0.0,0.0,0.0,0.0,0.0,0.0,0.0,2.0,2.0,2.0,0.0,0.0,2.0,5.0,0.0,-19.0
0020200428,1610612744,GSW,Golden State,1774,,,, ,,,,,,,,,,,,,,,,,,,,
0020200428,1610612744,GSW,Golden State,1252,,,, ,,,,,,,,,,,,,,,,,,,,
0020200428,1610612744,GSW,Golden State,1307,,,, ,,,,,,,,,,,,,,,,,,,,
0020200428,1610612744,GSW,Golden State,1331,,,, ,,,,,,,,,,,,,,,,,,,,
0020200428,1610612744,GSW,Golden State,1217,,,, ,,,,,,,,,,,,,,,,,,,,
0020200428,1610612744,GSW,Golden State,1637,,,, ,,,,,,,,,,,,,,,,,,,,
0020200428,1610612744,GSW,Golden State,1504,Danny Fortson,Danny,,DNP - Coach's Decision,,,,,,,,,,,,,,,,,,,,
0020200428,1610612744,GSW,Golden State,168,Chris Mills,Chris,,NWT - League suspension.,,,,,,,,,,,,,,,,,,,,
0020200428,1610612744,GSW,Golden State,2412,Jiri Welsch,Jiri,,DNP - Coach's Decision,,,,,,,,,,,,,,,,,,,,
0020200428,1610612746,LAC,Los Angeles,1885,Lamar Odom,Lamar,G,,37:21,7.0,19.0,0.368,2.0,6.0,0.333,5.0,9.0,0.556,3.0,5.0,8.0,2.0,1.0,0.0,3.0,4.0,21.0,-8.0
0020200428,1610612746,LAC,Los Angeles,1882,Elton Brand,Elton,F,,42:21,1.0,5.0,0.2,0.0,0.0,0.0,0.0,0.0,0.0,2.0,4.0,6.0,0.0,0.0,3.0,1.0,4.0,2.0,-12.0
0020200428,1610612746,LAC,Los Angeles,1709,Michael Olowokandi,Michael,F,,44:53,7.0,13.0,0.538,0.0,0.0,0.0,1.0,2.0,0.5,1.0,5.0,6.0,0.0,1.0,5.0,0.0,3.0,15.0,-10.0
0020200428,1610612746,LAC,Los Angeles,1889,Andre Miller,Andre,G,,43:52,6.0,13.0,0.462,0.0,1.0,0.0,11.0,13.0,0.846,1.0,5.0,6.0,11.0,2.0,1.0,3.0,5.0,23.0,-3.0
0020200428,1610612746,LAC,Los Angeles,2047,Quentin Richardson,Quentin,G,,13:14,2.0,8.0,0.25,0.0,1.0,0.0,0.0,0.0,0.0,3.0,0.0,3.0,0.0,1.0,0.0,2.0,2.0,4.0,-16.0
0020200428,1610612746,LAC,Los Angeles,1894,Corey Maggette,Corey,G,,29:51,4.0,11.0,0.364,1.0,3.0,0.333,9.0,11.0,0.818,0.0,4.0,4.0,1.0,0.0,0.0,2.0,6.0,18.0,6.0
0020200428,1610612746,LAC,Los Angeles,1762,Tremaine Fowlkes,Tremaine,G,,19:04,2.0,4.0,0.5,0.0,0.0,0.0,3.0,4.0,0.75,1.0,2.0,3.0,2.0,0.0,0.0,0.0,1.0,7.0,9.0
0020200428,1610612746,LAC,Los Angeles,2039,Keyon Dooling,Keyon,,,9:25,0.0,2.0,0.0,0.0,2.0,0.0,2.0,2.0,1.0,0.0,1.0,1.0,2.0,0.0,0.0,0.0,2.0,2.0,-1.0
0020200428,1610612746,LAC,Los Angeles,2166,,,, ,,,,,,,,,,,,,,,,,,,,
0020200428,1610612746,LAC,Los Angeles,1243,,,, ,,,,,,,,,,,,,,,,,,,,
0020200428,1610612746,LAC,Los Angeles,1210,,,, ,,,,,,,,,,,,,,,,,,,,
0020200428,1610612746,LAC,Los Angeles,1996,,,, ,,,,,,,,,,,,,,,,,,,,
0020200428,1610612746,LAC,Los Angeles,2010,,,, ,,,,,,,,,,,,,,,,,,,,
0020200428,1610612746,LAC,Los Angeles,1672,,,, ,,,,,,,,,,,,,,,,,,,,
0020200428,1610612746,LAC,Los Angeles,2408,Melvin Ely,Melvin,,DNP - Coach's Decision,,,,,,,,,,,,,,,,,,,,
0020200428,1610612746,LAC,Los Angeles,399,Sean Rooks,Sean,,DNP - Coach's Decision,,,,,,,,,,,,,,,,,,,,
0020200428,1610612746,LAC,Los Angeles,2404,Chris Wilcox,Chris,,DNP - Coach's Decision,,,,,,,,,,,,,,,,,,,,
0020200428,1610612746,LAC,Los Angeles,1917,Wang Zhi-zhi,Wang,,DNP - Coach's Decision,,,,,,,,,,,,,,,,,,,,
0020200426,1610612755,PHI,Philadelphia,243,Aaron McKie,Aaron,F,,29:12,0.0,4.0,0.0,0.0,0.0,0.0,2.0,4.0,0.5,0.0,2.0,2.0,5.0,4.0,0.0,2.0,1.0,2.0,-18.0
0020200426,1610612755,PHI,Philadelphia,1496,Keith Van Horn,Keith,F,,25:44,4.0,9.0,0.444,0.0,0.0,0.0,2.0,2.0,1.0,3.0,2.0,5.0,1.0,0.0,1.0,2.0,3.0,10.0,-12.0
0020200426,1610612755,PHI,Philadelphia,1928,Todd MacCulloch,Todd,G,,21:12,2.0,6.0,0.333,0.0,0.0,0.0,0.0,0.0,0.0,1.0,3.0,4.0,0.0,2.0,0.0,2.0,0.0,4.0,-21.0
0020200426,1610612755,PHI,Philadelphia,727,Eric Snow,Eric,G,,22:34,1.0,5.0,0.2,0.0,0.0,0.0,1.0,2.0,0.5,0.0,3.0,3.0,3.0,0.0,0.0,4.0,1.0,3.0,-25.0
0020200426,1610612755,PHI,Philadelphia,947,Allen Iverson,Allen,G,,20:34,4.0,12.0,0.333,0.0,1.0,0.0,5.0,6.0,0.833,0.0,0.0,0.0,1.0,3.0,0.0,4.0,3.0,13.0,-19.0
0020200426,1610612755,PHI,Philadelphia,1903,Kenny Thomas,Kenny,G,,38:44,4.0,7.0,0.571,0.0,0.0,0.0,2.0,5.0,0.4,2.0,5.0,7.0,0.0,1.0,2.0,2.0,2.0,10.0,-13.0
0020200426,1610612755,PHI,Philadelphia,1730,Brian Skinner,Brian,G,,19:12,3.0,6.0,0.5,0.0,0.0,0.0,1.0,2.0,0.5,1.0,3.0,4.0,0.0,0.0,0.0,1.0,3.0,7.0,-20.0
0020200426,1610612755,PHI,Philadelphia,1761,Greg Buckner,Greg,G,,20:55,2.0,7.0,0.286,1.0,2.0,0.5,2.0,2.0,1.0,0.0,2.0,2.0,2.0,0.0,0.0,1.0,4.0,7.0,-10.0
0020200426,1610612755,PHI,Philadelphia,2422,John Salmons,John,F,,19:01,3.0,7.0,0.429,1.0,2.0,0.5,2.0,4.0,0.5,2.0,1.0,3.0,1.0,0.0,0.0,0.0,2.0,9.0,-2.0
0020200426,1610612755,PHI,Philadelphia,2261,Kenny Satterfield,Kenny,G,,19:01,1.0,5.0,0.2,0.0,0.0,0.0,0.0,0.0,0.0,1.0,2.0,3.0,4.0,0.0,0.0,2.0,2.0,2.0,-2.0
0020200426,1610612755,PHI,Philadelphia,981,Efthimios Rentzias,Efthimios,,,3:51,0.0,0.0,0.0,0.0,0.0,0.0,2.0,2.0,1.0,0.0,0.0,0.0,0.0,0.0,0.0,1.0,0.0,2.0,-3.0
0020200426,1610612755,PHI,Philadelphia,1212,,,, ,,,,,,,,,,,,,,,,,,,,
0020200426,1610612755,PHI,Philadelphia,1259,,,, ,,,,,,,,,,,,,,,,,,,,
0020200426,1610612755,PHI,Philadelphia,1285,,,, ,,,,,,,,,,,,,,,,,,,,
0020200426,1610612755,PHI,Philadelphia,1308,,,, ,,,,,,,,,,,,,,,,,,,,
0020200426,1610612755,PHI,Philadelphia,1865,,,, ,,,,,,,,,,,,,,,,,,,,
0020200426,1610612755,PHI,Philadelphia,2389,,,, ,,,,,,,,,,,,,,,,,,,,
0020200426,1610612755,PHI,Philadelphia,2520,,,, ,,,,,,,,,,,,,,,,,,,,
0020200426,1610612755,PHI,Philadelphia,934,Derrick Coleman,Derrick,,DNP - NWT - Stomach flu,,,,,,,,,,,,,,,,,,,,
0020200426,1610612762,UTA,Utah,1723,Matt Harpring,Matt,F,,30:57,8.0,12.0,0.667,0.0,1.0,0.0,4.0,4.0,1.0,2.0,6.0,8.0,1.0,4.0,1.0,2.0,2.0,20.0,32.0
0020200426,1610612762,UTA,Utah,252,Karl Malone,Karl,G,,28:33,5.0,12.0,0.417,0.0,1.0,0.0,10.0,11.0,0.909,2.0,6.0,8.0,5.0,1.0,0.0,3.0,0.0,20.0,32.0
0020200426,1610612762,UTA,Utah,731,Greg Ostertag,Greg,F,,24:00,2.0,3.0,0.667,0.0,0.0,0.0,0.0,0.0,0.0,3.0,2.0,5.0,1.0,0.0,5.0,2.0,1.0,4.0,30.0
0020200426,1610612762,UTA,Utah,304,John Stockton,John,G,,20:59,2.0,5.0,0.4,0.0,0.0,0.0,4.0,4.0,1.0,1.0,1.0,2.0,5.0,3.0,0.0,1.0,3.0,8.0,20.0
0020200426,1610612762,UTA,Utah,384,Calbert Cheaney,Calbert,G,,24:56,5.0,7.0,0.714,1.0,1.0,1.0,0.0,0.0,0.0,0.0,3.0,3.0,2.0,0.0,0.0,3.0,3.0,11.0,28.0
0020200426,1610612762,UTA,Utah,349,Mark Jackson,Mark,G,,17:47,2.0,6.0,0.333,0.0,0.0,0.0,0.0,0.0,0.0,0.0,1.0,1.0,6.0,0.0,0.0,2.0,1.0,4.0,14.0
0020200426,1610612762,UTA,Utah,1905,Andrei Kirilenko,Andrei,G,,24:16,2.0,6.0,0.333,0.0,2.0,0.0,3.0,3.0,1.0,0.0,4.0,4.0,4.0,1.0,6.0,3.0,1.0,7.0,1.0
0020200426,1610612762,UTA,Utah,763,Tony Massenburg,Tony,G,,17:03,2.0,3.0,0.667,0.0,0.0,0.0,0.0,0.0,0.0,1.0,1.0,2.0,1.0,0.0,0.0,1.0,3.0,4.0,-3.0
0020200426,1610612762,UTA,Utah,1909,Scott Padgett,Scott,G,,22:26,4.0,7.0,0.571,2.0,4.0,0.5,0.0,0.0,0.0,3.0,5.0,8.0,0.0,0.0,0.0,1.0,5.0,10.0,4.0
0020200426,1610612762,UTA,Utah,2052,DeShawn Stevenson,DeShawn,F,,13:21,3.0,7.0,0.429,0.0,0.0,0.0,0.0,0.0,0.0,0.0,2.0,2.0,0.0,2.0,1.0,1.0,0.0,6.0,-4.0
0020200426,1610612762,UTA,Utah,2306,Carlos Arroyo,Carlos,,,9:14,0.0,2.0,0.0,0.0,0.0,0.0,0.0,0.0,0.0,0.0,0.0,0.0,1.0,0.0,0.0,1.0,1.0,0.0,-5.0
0020200426,1610612762,UTA,Utah,680,John Amaechi,John,,,6:28,1.0,2.0,0.5,0.0,0.0,0.0,2.0,4.0,0.5,0.0,2.0,2.0,0.0,1.0,0.0,0.0,1.0,4.0,-4.0
0020200426,1610612762,UTA,Utah,1345,,,, ,,,,,,,,,,,,,,,,,,,,
0020200426,1610612762,UTA,Utah,1347,,,, ,,,,,,,,,,,,,,,,,,,,
0020200426,1610612762,UTA,Utah,1372,,,, ,,,,,,,,,,,,,,,,,,,,
0020200426,1610612762,UTA,Utah,1228,,,, ,,,,,,,,,,,,,,,,,,,,
0020200426,1610612762,UTA,Utah,1794,,,, ,,,,,,,,,,,,,,,,,,,,
0020200420,1610612740,NOH,New Orleans,469,Jamal Mashburn,Jamal,F,,38:25,6.0,20.0,0.3,2.0,5.0,0.4,3.0,3.0,1.0,4.0,5.0,9.0,1.0,1.0,0.0,4.0,4.0,17.0,-14.0
0020200420,1610612740,NOH,New Orleans,136,P.J. Brown,P.J.,F,,34:52,3.0,6.0,0.5,0.0,0.0,0.0,0.0,0.0,0.0,3.0,9.0,12.0,4.0,1.0,1.0,1.0,2.0,6.0,-2.0
0020200420,1610612740,NOH,New Orleans,2048,Jamaal Magloire,Jamaal,C,,30:38,4.0,8.0,0.5,0.0,0.0,0.0,0.0,3.0,0.0,7.0,4.0,11.0,0.0,1.0,1.0,1.0,6.0,8.0,-14.0
0020200420,1610612740,NOH,New Orleans,133,David Wesley,David,G,,31:40,5.0,15.0,0.333,0.0,1.0,0.0,0.0,1.0,0.0,1.0,2.0,3.0,1.0,2.0,0.0,2.0,0.0,10.0,1.0
0020200420,1610612740,NOH,New Orleans,1884,Baron Davis,Baron,G,,40:23,8.0,24.0,0.333,2.0,8.0,0.25,4.0,5.0,0.8,1.0,1.0,2.0,7.0,2.0,0.0,4.0,3.0,22.0,-9.0
0020200420,1610612740,NOH,New Orleans,1724,Bryce Drew,Bryce,,,7:37,1.0,2.0,0.5,1.0,1.0,1.0,0.0,0.0,0.0,0.0,0.0,0.0,3.0,0.0,0.0,0.0,0.0,3.0,2.0
0020200420,1610612740,NOH,New Orleans,922,Elden Campbell,Elden,F,,20:01,4.0,12.0,0.333,0.0,0.0,0.0,2.0,2.0,1.0,0.0,3.0,3.0,0.0,0.0,2.0,1.0,3.0,10.0,1.0
0020200420,1610612740,NOH,New Orleans,248,George Lynch,George,G,,18:40,1.0,2.0,0.5,0.0,0.0,0.0,2.0,2.0,1.0,0.0,5.0,5.0,0.0,2.0,0.0,1.0,1.0,4.0,7.0
0020200420,1610612740,NOH,New Orleans,2042,Courtney Alexander,Courtney,G,,17:44,2.0,5.0,0.4,0.0,0.0,0.0,0.0,0.0,0.0,0.0,2.0,2.0,2.0,1.0,1.0,0.0,1.0,4.0,-7.0
0020200420,1610612740,NOH,New Orleans,1304,,,, ,,,,,,,,,,,,,,,,,,,,
0020200420,1610612740,NOH,New Orleans,1316,,,, ,,,,,,,,,,,,,,,,,,,,
0020200420,1610612740,NOH,New Orleans,1218,,,, ,,,,,,,,,,,,,,,,,,,,
0020200420,1610612740,NOH,New Orleans,2152,,,, ,,,,,,,,,,,,,,,,,,,,
0020200420,1610612740,NOH,New Orleans,2377,,,, ,,,,,,,,,,,,,,,,,,,,
0020200420,1610612740,NOH,New Orleans,278,Stacey Augmon,Stacey,,DNP - Coach's Decision,,,,,,,,,,,,,,,,,,,,
0020200420,1610612740,NOH,New Orleans,2040,Jerome Moiso,Jerome,,DNP - Coach's Decision,,,,,,,,,,,,,,,,,,,,
0020200420,1610612740,NOH,New Orleans,1714,Robert Traylor,Robert,,DNP - Coach's Decision,,,,,,,,,,,,,,,,,,,,
0020200420,1610612754,IND,Indiana,1897,Metta World Peace,Metta,G,,44:40,9.0,19.0,0.474,0.0,2.0,0.0,5.0,8.0,0.625,4.0,5.0,9.0,1.0,5.0,3.0,3.0,2.0,23.0,11.0
0020200420,1610612754,IND,Indiana,1733,Al Harrington,Al,F,,34:09,4.0,9.0,0.444,0.0,0.0,0.0,0.0,0.0,0.0,0.0,5.0,5.0,3.0,2.0,1.0,4.0,3.0,8.0,1.0
0020200420,1610612754,IND,Indiana,1802,Brad Miller,Brad,G,,20:44,4.0,4.0,1.0,0.0,0.0,0.0,0.0,2.0,0.0,1.0,5.0,6.0,1.0,0.0,1.0,2.0,5.0,8.0,-1.0
0020200420,1610612754,IND,Indiana,397,Reggie Miller,Reggie,G,,34:02,6.0,11.0,0.545,2.0,6.0,0.333,1.0,1.0,1.0,0.0,1.0,1.0,0.0,0.0,0.0,0.0,0.0,15.0,7.0
0020200420,1610612754,IND,Indiana,2224,Jamaal Tinsley,Jamaal,G,,17:34,1.0,5.0,0.2,0.0,2.0,0.0,0.0,0.0,0.0,0.0,2.0,2.0,6.0,1.0,0.0,2.0,3.0,2.0,10.0
0020200420,1610612754,IND,Indiana,979,Jermaine O'Neal,Jermaine,G,,34:30,6.0,16.0,0.375,0.0,0.0,0.0,0.0,0.0,0.0,1.0,10.0,11.0,3.0,0.0,1.0,4.0,4.0,12.0,12.0
0020200420,1610612754,IND,Indiana,1500,Ron Mercer,Ron,F,,20:05,0.0,4.0,0.0,0.0,0.0,0.0,0.0,0.0,0.0,0.0,2.0,2.0,0.0,1.0,2.0,1.0,1.0,0.0,-8.0
0020200420,1610612754,IND,Indiana,1065,Erick Strickland,Erick,F,,21:31,6.0,7.0,0.857,2.0,2.0,1.0,6.0,6.0,1.0,0.0,4.0,4.0,3.0,1.0,0.0,1.0,2.0,20.0,2.0
0020200420,1610612754,IND,Indiana,1506,Austin Croshere,Austin,F,,9:48,0.0,1.0,0.0,0.0,0.0,0.0,3.0,4.0,0.75,0.0,5.0,5.0,1.0,0.0,3.0,2.0,1.0,3.0,2.0
0020200420,1610612754,IND,Indiana,1902,Jeff Foster,Jeff,F,,2:57,0.0,0.0,0.0,0.0,0.0,0.0,0.0,0.0,0.0,0.0,1.0,1.0,0.0,0.0,0.0,0.0,0.0,0.0,-1.0
0020200420,1610612754,IND,Indiana,2099,,,, ,,,,,,,,,,,,,,,,,,,,
0020200420,1610612754,IND,Indiana,2100,,,, ,,,,,,,,,,,,,,,,,,,,
0020200420,1610612754,IND,Indiana,1263,,,, ,,,,,,,,,,,,,,,,,,,,
0020200420,1610612754,IND,Indiana,1299,,,, ,,,,,,,,,,,,,,,,,,,,
0020200420,1610612754,IND,Indiana,1857,,,, ,,,,,,,,,,,,,,,,,,,,
0020200420,1610612754,IND,Indiana,2514,,,, ,,,,,,,,,,,,,,,,,,,,
0020200420,1610612754,IND,Indiana,2515,,,, ,,,,,,,,,,,,,,,,,,,,
0020200420,1610612754,IND,Indiana,2165,,,, ,,,,,,,,,,,,,,,,,,,,
0020200420,1610612754,IND,Indiana,1886,Jonathan Bender,Jonathan,,DNP - Coach's Decision,,,,,,,,,,,,,,,,,,,,
0020200420,1610612754,IND,Indiana,2056,Primoz Brezec,Primoz,,DNP - Coach's Decision,,,,,,,,,,,,,,,,,,,,
0020200420,1610612754,IND,Indiana,2410,Fred Jones,Fred,,DNP - Coach's Decision,,,,,,,,,,,,,,,,,,,,
0020200427,1610612757,POR,Portland,1719,Bonzi Wells,Bonzi,G,,47:21,11.0,21.0,0.524,1.0,3.0,0.333,9.0,11.0,0.818,2.0,5.0,7.0,6.0,3.0,1.0,3.0,3.0,32.0,17.0
0020200427,1610612757,POR,Portland,739,Rasheed Wallace,Rasheed,F,,47:05,12.0,24.0,0.5,4.0,8.0,0.5,2.0,2.0,1.0,0.0,8.0,8.0,4.0,4.0,0.0,3.0,4.0,30.0,16.0
0020200427,1610612757,POR,Portland,905,Dale Davis,Dale,G,,43:06,6.0,8.0,0.75,0.0,0.0,0.0,1.0,5.0,0.2,5.0,9.0,14.0,4.0,2.0,1.0,0.0,4.0,13.0,11.0
0020200427,1610612757,POR,Portland,1507,Derek Anderson,Derek,G,,38:34,4.0,12.0,0.333,0.0,3.0,0.0,4.0,4.0,1.0,3.0,4.0,7.0,7.0,0.0,0.0,1.0,6.0,12.0,18.0
0020200427,1610612757,POR,Portland,937,Scottie Pippen,Scottie,G,,40:03,8.0,19.0,0.421,2.0,4.0,0.5,2.0,2.0,1.0,1.0,5.0,6.0,4.0,5.0,0.0,6.0,4.0,20.0,14.0
0020200427,1610612757,POR,Portland,976,Jeff McInnis,Jeff,F,,16:29,1.0,5.0,0.2,0.0,0.0,0.0,1.0,2.0,0.5,0.0,0.0,0.0,1.0,0.0,0.0,1.0,1.0,3.0,-16.0
0020200427,1610612757,POR,Portland,1739,Ruben Patterson,Ruben,G,,17:05,0.0,4.0,0.0,0.0,0.0,0.0,4.0,6.0,0.667,3.0,0.0,3.0,0.0,0.0,0.0,0.0,1.0,4.0,-18.0
0020200427,1610612757,POR,Portland,717,Arvydas Sabonis,Arvydas,,,5:19,0.0,0.0,0.0,0.0,0.0,0.0,1.0,2.0,0.5,0.0,1.0,1.0,0.0,0.0,0.0,0.0,1.0,1.0,-6.0
0020200427,1610612757,POR,Portland,2216,Zach Randolph,Zach,G,,9:58,1.0,4.0,0.25,0.0,0.0,0.0,2.0,2.0,1.0,2.0,0.0,2.0,0.0,1.0,0.0,0.0,0.0,4.0,-6.0
0020200427,1610612757,POR,Portland,2342,,,, ,,,,,,,,,,,,,,,,,,,,
0020200427,1610612757,POR,Portland,2374,,,, ,,,,,,,,,,,,,,,,,,,,
0020200427,1610612757,POR,Portland,1312,,,, ,,,,,,,,,,,,,,,,,,,,
0020200427,1610612757,POR,Portland,1329,,,, ,,,,,,,,,,,,,,,,,,,,
0020200427,1610612757,POR,Portland,1357,,,, ,,,,,,,,,,,,,,,,,,,,
0020200427,1610612757,POR,Portland,1498,Antonio Daniels,Antonio,,DNP - Coach's Decision,,,,,,,,,,,,,,,,,,,,
0020200427,1610612757,POR,Portland,757,Damon Stoudamire,Damon,,DNP - Coach's Decision,,,,,,,,,,,,,,,,,,,,
0020200427,1610612757,POR,Portland,2417,Qyntel Woods,Qyntel,,DNP - Coach's Decision,,,,,,,,,,,,,,,,,,,,
0020200427,1610612758,SAC,Sacramento,978,Peja Stojakovic,Peja,G,,34:14,7.0,14.0,0.5,2.0,7.0,0.286,3.0,3.0,1.0,1.0,2.0,3.0,0.0,3.0,0.0,2.0,3.0,19.0,-18.0
0020200427,1610612758,SAC,Sacramento,185,Chris Webber,Chris,G,,47:55,8.0,24.0,0.333,0.0,1.0,0.0,4.0,6.0,0.667,1.0,9.0,10.0,5.0,0.0,0.0,6.0,4.0,20.0,-11.0
0020200427,1610612758,SAC,Sacramento,124,Vlade Divac,Vlade,G,,36:51,8.0,10.0,0.8,0.0,0.0,0.0,1.0,2.0,0.5,1.0,8.0,9.0,3.0,3.0,2.0,5.0,5.0,17.0,-13.0
0020200427,1610612758,SAC,Sacramento,57,Doug Christie,Doug,G,,27:13,1.0,3.0,0.333,0.0,1.0,0.0,0.0,0.0,0.0,2.0,2.0,4.0,3.0,2.0,1.0,2.0,2.0,2.0,-11.0
0020200427,1610612758,SAC,Sacramento,1710,Mike Bibby,Mike,G,,40:11,8.0,15.0,0.533,1.0,3.0,0.333,5.0,6.0,0.833,3.0,4.0,7.0,6.0,3.0,0.0,3.0,3.0,22.0,-18.0
0020200427,1610612758,SAC,Sacramento,1721,Keon Clark,Keon,F,,20:42,5.0,7.0,0.714,0.0,0.0,0.0,1.0,4.0,0.25,2.0,1.0,3.0,2.0,1.0,2.0,0.0,1.0,11.0,11.0
0020200427,1610612758,SAC,Sacramento,754,Jim Jackson,Jim,C,,18:46,2.0,7.0,0.286,1.0,2.0,0.5,0.0,0.0,0.0,1.0,7.0,8.0,3.0,0.0,0.0,1.0,3.0,5.0,12.0
0020200427,1610612758,SAC,Sacramento,1800,Damon Jones,Damon,G,,12:49,1.0,4.0,0.25,1.0,3.0,0.333,0.0,0.0,0.0,0.0,0.0,0.0,1.0,0.0,0.0,1.0,0.0,3.0,12.0
0020200427,1610612758,SAC,Sacramento,2045,Hedo Turkoglu,Hedo,F,,26:19,3.0,6.0,0.5,2.0,3.0,0.667,6.0,6.0,1.0,0.0,1.0,1.0,3.0,1.0,0.0,0.0,3.0,14.0,6.0
0020200427,1610612758,SAC,Sacramento,2522,,,, ,,,,,,,,,,,,,,,,,,,,
0020200427,1610612758,SAC,Sacramento,1248,,,, ,,,,,,,,,,,,,,,,,,,,
0020200427,1610612758,SAC,Sacramento,1249,,,, ,,,,,,,,,,,,,,,,,,,,
0020200427,1610612758,SAC,Sacramento,1322,,,, ,,,,,,,,,,,,,,,,,,,,
0020200427,1610612758,SAC,Sacramento,1328,,,, ,,,,,,,,,,,,,,,,,,,,
0020200427,1610612758,SAC,Sacramento,1444,Lawrence Funderburke,Lawrence,,DNP - Coach's Decision,,,,,,,,,,,,,,,,,,,,
0020200427,1610612758,SAC,Sacramento,1517,Bobby Jackson,Bobby,,DND - left hand surgery,,,,,,,,,,,,,,,,,,,,
0020200427,1610612758,SAC,Sacramento,2222,Gerald Wallace,Gerald,,DNP - Coach's Decision,,,,,,,,,,,,,,,,,,,,
0020200419,1610612738,BOS,Boston,677,Eric Williams,Eric,G,,33:41,2.0,12.0,0.167,0.0,3.0,0.0,6.0,6.0,1.0,2.0,2.0,4.0,1.0,1.0,0.0,5.0,4.0,10.0,-8.0
0020200419,1610612738,BOS,Boston,952,Antoine Walker,Antoine,F,,22:44,4.0,7.0,0.571,1.0,2.0,0.5,0.0,0.0,0.0,0.0,2.0,2.0,2.0,0.0,0.0,1.0,2.0,9.0,-8.0
0020200419,1610612738,BOS,Boston,1499,Tony Battie,Tony,G,,15:40,1.0,3.0,0.333,0.0,0.0,0.0,0.0,0.0,0.0,1.0,1.0,2.0,0.0,0.0,1.0,1.0,3.0,2.0,-3.0
0020200419,1610612738,BOS,Boston,1718,Paul Pierce,Paul,G,,46:21,9.0,28.0,0.321,0.0,5.0,0.0,16.0,16.0,1.0,3.0,6.0,9.0,3.0,3.0,2.0,4.0,5.0,34.0,-3.0
0020200419,1610612738,BOS,Boston,960,Tony Delk,Tony,G,,35:21,2.0,8.0,0.25,0.0,1.0,0.0,1.0,2.0,0.5,1.0,4.0,5.0,2.0,1.0,0.0,1.0,4.0,5.0,-4.0
0020200419,1610612738,BOS,Boston,452,Vin Baker,Vin,,,17:58,3.0,6.0,0.5,0.0,1.0,0.0,5.0,5.0,1.0,1.0,0.0,1.0,0.0,0.0,0.0,1.0,4.0,11.0,-8.0
0020200419,1610612738,BOS,Boston,962,Walter McCarty,Walter,G,,29:42,3.0,6.0,0.5,2.0,4.0,0.5,0.0,0.0,0.0,0.0,7.0,7.0,2.0,2.0,0.0,1.0,5.0,8.0,4.0
0020200419,1610612738,BOS,Boston,1742,Shammond Williams,Shammond,G,,36:59,6.0,11.0,0.545,1.0,5.0,0.2,3.0,3.0,1.0,2.0,5.0,7.0,2.0,4.0,0.0,2.0,2.0,16.0,0.0
0020200419,1610612738,BOS,Boston,2452,J.R. Bremer,J.R.,,,1:34,0.0,1.0,0.0,0.0,0.0,0.0,0.0,0.0,0.0,0.0,0.0,0.0,0.0,0.0,0.0,0.0,0.0,0.0,0.0
0020200419,1610612738,BOS,Boston,2509,,,, ,,,,,,,,,,,,,,,,,,,,
0020200419,1610612738,BOS,Boston,1875,,,, ,,,,,,,,,,,,,,,,,,,,
0020200419,1610612738,BOS,Boston,1639,,,, ,,,,,,,,,,,,,,,,,,,,
0020200419,1610612738,BOS,Boston,1641,,,, ,,,,,,,,,,,,,,,,,,,,
0020200419,1610612738,BOS,Boston,1213,,,, ,,,,,,,,,,,,,,,,,,,,
0020200419,1610612738,BOS,Boston,1321,,,, ,,,,,,,,,,,,,,,,,,,,
0020200419,1610612738,BOS,Boston,2345,,,, ,,,,,,,,,,,,,,,,,,,,
0020200419,1610612738,BOS,Boston,2208,Kedrick Brown,Kedrick,,DNP - Coach's Decision,,,,,,,,,,,,,,,,,,,,
0020200419,1610612738,BOS,Boston,1743,Bruno Sundov,Bruno,,DNP - Coach's Decision,,,,,,,,,,,,,,,,,,,,
0020200419,1610612738,BOS,Boston,2106,Ruben Wolkowyski,Ruben,,DNP - Coach's Decision,,,,,,,,,,,,,,,,,,,,
0020200419,1610612753,ORL,Orlando,2034,Mike Miller,Mike,F,,42:23,9.0,17.0,0.529,2.0,4.0,0.5,0.0,0.0,0.0,1.0,6.0,7.0,5.0,0.0,0.0,3.0,4.0,20.0,4.0
0020200419,1610612753,ORL,Orlando,2071,Olumide Oyedeji,Olumide,F,,12:33,0.0,1.0,0.0,0.0,0.0,0.0,0.0,0.0,0.0,0.0,2.0,2.0,1.0,0.0,0.0,1.0,3.0,0.0,-3.0
0020200419,1610612753,ORL,Orlando,431,Shawn Kemp,Shawn,F,,19:09,1.0,6.0,0.167,0.0,0.0,0.0,3.0,4.0,0.75,1.0,7.0,8.0,1.0,1.0,0.0,2.0,2.0,5.0,2.0
0020200419,1610612753,ORL,Orlando,1503,Tracy McGrady,Tracy,G,,38:54,7.0,16.0,0.438,3.0,7.0,0.429,8.0,14.0,0.571,1.0,1.0,2.0,4.0,2.0,1.0,1.0,3.0,25.0,-1.0
0020200419,1610612753,ORL,Orlando,1521,Jacque Vaughn,Jacque,G,,29:31,4.0,8.0,0.5,0.0,1.0,0.0,2.0,2.0,1.0,1.0,2.0,3.0,1.0,2.0,0.0,3.0,0.0,10.0,6.0
0020200419,1610612753,ORL,Orlando,692,Andrew DeClercq,Andrew,G,,21:29,5.0,8.0,0.625,0.0,0.0,0.0,3.0,5.0,0.6,7.0,5.0,12.0,1.0,0.0,0.0,0.0,3.0,13.0,0.0
0020200419,1610612753,ORL,Orlando,1727,Pat Garrity,Pat,F,,35:27,1.0,9.0,0.111,0.0,5.0,0.0,6.0,6.0,1.0,0.0,1.0,1.0,2.0,0.0,0.0,2.0,4.0,8.0,9.0
0020200419,1610612753,ORL,Orlando,353,Darrell Armstrong,Darrell,G,,28:54,4.0,9.0,0.444,1.0,2.0,0.5,8.0,10.0,0.8,1.0,4.0,5.0,4.0,3.0,0.0,3.0,3.0,17.0,5.0
0020200419,1610612753,ORL,Orlando,2219,Jeryl Sasser,Jeryl,F,,8:31,0.0,1.0,0.0,0.0,0.0,0.0,3.0,4.0,0.75,0.0,2.0,2.0,0.0,0.0,0.0,0.0,4.0,3.0,4.0
0020200419,1610612753,ORL,Orlando,2415,Ryan Humphrey,Ryan,G,,3:09,0.0,0.0,0.0,0.0,0.0,0.0,0.0,0.0,0.0,0.0,1.0,1.0,0.0,0.0,0.0,0.0,1.0,0.0,4.0
0020200419,1610612753,ORL,Orlando,1941,,,, ,,,,,,,,,,,,,,,,,,,,
0020200419,1610612753,ORL,Orlando,1650,,,, ,,,,,,,,,,,,,,,,,,,,
0020200419,1610612753,ORL,Orlando,837,,,, ,,,,,,,,,,,,,,,,,,,,
0020200419,1610612753,ORL,Orlando,1296,,,, ,,,,,,,,,,,,,,,,,,,,
0020200419,1610612753,ORL,Orlando,1309,,,, ,,,,,,,,,,,,,,,,,,,,
0020200419,1610612753,ORL,Orlando,1332,,,, ,,,,,,,,,,,,,,,,,,,,
0020200419,1610612753,ORL,Orlando,2516,,,, ,,,,,,,,,,,,,,,,,,,,
0020200419,1610612753,ORL,Orlando,2469,Pat Burke,Pat,,DNP - Coach's Decision,,,,,,,,,,,,,,,,,,,,
0020200419,1610612753,ORL,Orlando,255,Grant Hill,Grant,,DND - Sore Left Ankle,,,,,,,,,,,,,,,,,,,,
0020200424,1610612752,NYK,New York,84,Latrell Sprewell,Latrell,F,,26:47,6.0,12.0,0.5,2.0,4.0,0.5,2.0,2.0,1.0,1.0,4.0,5.0,2.0,0.0,0.0,2.0,0.0,16.0,-21.0
0020200424,1610612752,NYK,New York,970,Othella Harrington,Othella,F,,26:34,6.0,12.0,0.5,0.0,0.0,0.0,2.0,3.0,0.667,5.0,5.0,10.0,1.0,0.0,0.0,1.0,3.0,14.0,-17.0
0020200424,1610612752,NYK,New York,703,Kurt Thomas,Kurt,G,,24:36,2.0,9.0,0.222,0.0,0.0,0.0,2.0,2.0,1.0,3.0,3.0,6.0,1.0,2.0,1.0,1.0,4.0,6.0,-13.0
0020200424,1610612752,NYK,New York,458,Howard Eisley,Howard,G,,15:34,0.0,1.0,0.0,0.0,0.0,0.0,0.0,0.0,0.0,0.0,1.0,1.0,2.0,0.0,0.0,0.0,4.0,0.0,-14.0
0020200424,1610612752,NYK,New York,275,Allan Houston,Allan,G,,25:04,5.0,15.0,0.333,1.0,6.0,0.167,4.0,4.0,1.0,0.0,1.0,1.0,1.0,0.0,0.0,2.0,2.0,15.0,-16.0
0020200424,1610612752,NYK,New York,369,Charlie Ward,Charlie,G,,32:26,1.0,5.0,0.2,1.0,5.0,0.2,0.0,0.0,0.0,0.0,2.0,2.0,8.0,1.0,1.0,2.0,2.0,3.0,-11.0
0020200424,1610612752,NYK,New York,1000,Shandon Anderson,Shandon,F,,12:53,4.0,8.0,0.5,1.0,2.0,0.5,3.0,3.0,1.0,0.0,5.0,5.0,1.0,1.0,0.0,3.0,1.0,12.0,-12.0
0020200424,1610612752,NYK,New York,1924,Lee Nailon,Lee,G,,20:26,1.0,9.0,0.111,0.0,0.0,0.0,0.0,0.0,0.0,3.0,2.0,5.0,3.0,1.0,0.0,2.0,2.0,2.0,-2.0
0020200424,1610612752,NYK,New York,221,Clar. Weatherspoon,Clar.,C,,21:26,1.0,4.0,0.25,0.0,0.0,0.0,0.0,0.0,0.0,1.0,3.0,4.0,2.0,0.0,0.0,0.0,2.0,2.0,-8.0
0020200424,1610612752,NYK,New York,1720,Michael Doleac,Michael,F,,14:34,2.0,5.0,0.4,0.0,0.0,0.0,0.0,0.0,0.0,3.0,3.0,6.0,0.0,0.0,0.0,0.0,0.0,4.0,-13.0
0020200424,1610612752,NYK,New York,2068,Lavor Postell,Lavor,,,10:50,2.0,5.0,0.4,0.0,0.0,0.0,1.0,2.0,0.5,0.0,0.0,0.0,0.0,0.0,0.0,1.0,1.0,5.0,1.0
0020200424,1610612752,NYK,New York,969,Travis Knight,Travis,,,8:50,1.0,3.0,0.333,0.0,0.0,0.0,1.0,1.0,1.0,2.0,2.0,4.0,2.0,1.0,0.0,0.0,0.0,3.0,1.0
0020200424,1610612752,NYK,New York,1790,,,, ,,,,,,,,,,,,,,,,,,,,
0020200424,1610612752,NYK,New York,1791,,,, ,,,,,,,,,,,,,,,,,,,,
0020200424,1610612752,NYK,New York,2518,,,, ,,,,,,,,,,,,,,,,,,,,
0020200424,1610612752,NYK,New York,2519,,,, ,,,,,,,,,,,,,,,,,,,,
0020200424,1610612752,NYK,New York,2168,,,, ,,,,,,,,,,,,,,,,,,,,
0020200424,1610612752,NYK,New York,1298,,,, ,,,,,,,,,,,,,,,,,,,,
0020200424,1610612752,NYK,New York,1301,,,, ,,,,,,,,,,,,,,,,,,,,
0020200424,1610612752,NYK,New York,1302,,,, ,,,,,,,,,,,,,,,,,,,,
0020200424,1610612742,DAL,Dallas,1952,Raja Bell,Raja,G,,32:14,5.0,6.0,0.833,1.0,2.0,0.5,2.0,2.0,1.0,0.0,5.0,5.0,2.0,4.0,0.0,2.0,5.0,13.0,16.0
0020200424,1610612742,DAL,Dallas,1717,Dirk Nowitzki,Dirk,F,,35:11,9.0,18.0,0.5,1.0,2.0,0.5,0.0,0.0,0.0,1.0,8.0,9.0,7.0,2.0,1.0,0.0,1.0,19.0,27.0
0020200424,1610612742,DAL,Dallas,762,Shawn Bradley,Shawn,G,,14:11,2.0,3.0,0.667,0.0,0.0,0.0,0.0,1.0,0.0,1.0,8.0,9.0,2.0,0.0,2.0,0.0,2.0,4.0,13.0
0020200424,1610612742,DAL,Dallas,714,Michael Finley,Michael,G,,32:57,6.0,13.0,0.462,0.0,3.0,0.0,2.0,2.0,1.0,0.0,1.0,1.0,2.0,0.0,0.0,2.0,2.0,14.0,19.0
0020200424,1610612742,DAL,Dallas,959,Steve Nash,Steve,G,,21:12,6.0,9.0,0.667,0.0,0.0,0.0,7.0,9.0,0.778,0.0,1.0,1.0,3.0,0.0,0.0,1.0,0.0,19.0,16.0
0020200424,1610612742,DAL,Dallas,1559,Adrian Griffin,Adrian,,,8:35,1.0,1.0,1.0,0.0,0.0,0.0,0.0,0.0,0.0,1.0,1.0,2.0,2.0,1.0,0.0,0.0,0.0,2.0,3.0
0020200424,1610612742,DAL,Dallas,1711,Raef LaFrentz,Raef,F,,33:49,7.0,10.0,0.7,0.0,2.0,0.0,1.0,2.0,0.5,0.0,6.0,6.0,5.0,0.0,2.0,2.0,3.0,15.0,12.0
0020200424,1610612742,DAL,Dallas,89,Nick Van Exel,Nick,G,,24:26,6.0,14.0,0.429,2.0,6.0,0.333,1.0,1.0,1.0,2.0,2.0,4.0,5.0,0.0,0.0,1.0,0.0,15.0,17.0
0020200424,1610612742,DAL,Dallas,461,Popeye Jones,Popeye,C,,20:00,1.0,2.0,0.5,0.0,0.0,0.0,0.0,0.0,0.0,3.0,2.0,5.0,2.0,0.0,0.0,0.0,2.0,2.0,4.0
0020200424,1610612742,DAL,Dallas,422,Avery Johnson,Avery,F,,12:00,1.0,5.0,0.2,0.0,0.0,0.0,0.0,0.0,0.0,0.0,0.0,0.0,0.0,0.0,0.0,0.0,0.0,2.0,-2.0
0020200424,1610612742,DAL,Dallas,2492,Adam Harrington,Adam,,,5:25,1.0,2.0,0.5,0.0,0.0,0.0,0.0,0.0,0.0,0.0,1.0,1.0,1.0,0.0,1.0,0.0,0.0,2.0,0.0
0020200424,1610612742,DAL,Dallas,2154,,,, ,,,,,,,,,,,,,,,,,,,,
0020200424,1610612742,DAL,Dallas,2378,,,, ,,,,,,,,,,,,,,,,,,,,
0020200424,1610612742,DAL,Dallas,1233,,,, ,,,,,,,,,,,,,,,,,,,,
0020200424,1610612742,DAL,Dallas,1269,,,, ,,,,,,,,,,,,,,,,,,,,
0020200424,1610612742,DAL,Dallas,1317,,,, ,,,,,,,,,,,,,,,,,,,,
0020200424,1610612742,DAL,Dallas,1370,,,, ,,,,,,,,,,,,,,,,,,,,
0020200424,1610612742,DAL,Dallas,1483,,,, ,,,,,,,,,,,,,,,,,,,,
0020200424,1610612742,DAL,Dallas,1005,Walt Williams,Walt,,DND - Strained Left Knee,,,,,,,,,,,,,,,,,,,,
0020200431,1610612761,TOR,Toronto,2050,Morris Peterson,Morris,G,,36:16,6.0,14.0,0.429,1.0,4.0,0.25,5.0,6.0,0.833,0.0,5.0,5.0,2.0,1.0,0.0,2.0,3.0,18.0,-8.0
0020200431,1610612761,TOR,Toronto,966,Jerome Williams,Jerome,F,,25:42,0.0,3.0,0.0,0.0,0.0,0.0,1.0,2.0,0.5,3.0,1.0,4.0,2.0,0.0,0.0,1.0,2.0,1.0,-7.0
0020200431,1610612761,TOR,Toronto,1741,Jelani McCoy,Jelani,C,,23:23,3.0,7.0,0.429,0.0,0.0,0.0,0.0,0.0,0.0,1.0,4.0,5.0,0.0,0.0,0.0,3.0,0.0,6.0,-13.0
0020200431,1610612761,TOR,Toronto,702,Voshon Lenard,Voshon,G,,36:38,5.0,10.0,0.5,0.0,2.0,0.0,0.0,2.0,0.0,0.0,3.0,3.0,5.0,1.0,0.0,1.0,2.0,10.0,-17.0
0020200431,1610612761,TOR,Toronto,1541,Alvin Williams,Alvin,G,,33:03,5.0,10.0,0.5,1.0,1.0,1.0,3.0,5.0,0.6,0.0,1.0,1.0,6.0,4.0,0.0,3.0,2.0,14.0,-9.0
0020200431,1610612761,TOR,Toronto,283,Lindsey Hunter,Lindsey,C,,25:56,5.0,12.0,0.417,3.0,4.0,0.75,1.0,1.0,1.0,0.0,4.0,4.0,1.0,2.0,0.0,3.0,1.0,14.0,-15.0
0020200431,1610612761,TOR,Toronto,2214,Michael Bradley,Michael,F,,22:18,3.0,5.0,0.6,0.0,0.0,0.0,5.0,7.0,0.714,1.0,3.0,4.0,3.0,1.0,1.0,3.0,2.0,11.0,-9.0
0020200431,1610612761,TOR,Toronto,323,Greg Foster,Greg,G,,11:20,1.0,2.0,0.5,0.0,0.0,0.0,1.0,2.0,0.5,0.0,0.0,0.0,0.0,0.0,0.0,1.0,4.0,3.0,-1.0
0020200431,1610612761,TOR,Toronto,2423,Chris Jefferies,Chris,,,7:59,1.0,1.0,1.0,0.0,0.0,0.0,1.0,1.0,1.0,0.0,1.0,1.0,0.0,0.0,0.0,0.0,2.0,3.0,-3.0
0020200431,1610612761,TOR,Toronto,1572,Nate Huffman,Nate,F,,13:17,2.0,6.0,0.333,0.0,0.0,0.0,1.0,2.0,0.5,2.0,0.0,2.0,0.0,0.0,0.0,0.0,4.0,5.0,-2.0
0020200431,1610612761,TOR,Toronto,1983,Jermaine Jackson,Jermaine,,,4:08,1.0,1.0,1.0,0.0,0.0,0.0,1.0,2.0,0.5,0.0,0.0,0.0,1.0,0.0,0.0,1.0,1.0,3.0,4.0
0020200431,1610612761,TOR,Toronto,1344,,,, ,,,,,,,,,,,,,,,,,,,,
0020200431,1610612761,TOR,Toronto,2472,,,, ,,,,,,,,,,,,,,,,,,,,
0020200431,1610612761,TOR,Toronto,2162,,,, ,,,,,,,,,,,,,,,,,,,,
0020200431,1610612761,TOR,Toronto,2395,,,, ,,,,,,,,,,,,,,,,,,,,
0020200431,1610612761,TOR,Toronto,1205,,,, ,,,,,,,,,,,,,,,,,,,,
0020200431,1610612761,TOR,Toronto,1206,,,, ,,,,,,,,,,,,,,,,,,,,
0020200431,1610612761,TOR,Toronto,1713,Vince Carter,Vince,,NWT - strained right knee.,,,,,,,,,,,,,,,,,,,,
0020200431,1610612761,TOR,Toronto,213,Antonio Davis,Antonio,,NWT - swollen right knee.,,,,,,,,,,,,,,,,,,,,
0020200431,1610612761,TOR,Toronto,2055,Mamadou N'diaye,Mamadou,,NWT - stress fracture; rt. heel,,,,,,,,,,,,,,,,,,,,
0020200431,1610612747,LAL,Los Angeles,296,Rick Fox,Rick,F,,21:41,6.0,9.0,0.667,1.0,3.0,0.333,2.0,2.0,1.0,0.0,2.0,2.0,1.0,3.0,0.0,2.0,2.0,15.0,-4.0
0020200431,1610612747,LAL,Los Angeles,2058,Mark Madsen,Mark,F,,20:53,2.0,2.0,1.0,0.0,0.0,0.0,0.0,0.0,0.0,0.0,3.0,3.0,0.0,0.0,0.0,1.0,2.0,4.0,-4.0
0020200431,1610612747,LAL,Los Angeles,406,Shaquille O'Neal,Shaquille,C,,35:24,14.0,18.0,0.778,0.0,0.0,0.0,7.0,10.0,0.7,4.0,6.0,10.0,3.0,0.0,3.0,4.0,4.0,35.0,14.0
0020200431,1610612747,LAL,Los Angeles,977,Kobe Bryant,Kobe,G,,35:23,5.0,15.0,0.333,0.0,1.0,0.0,3.0,3.0,1.0,1.0,8.0,9.0,12.0,2.0,1.0,3.0,3.0,13.0,4.0
0020200431,1610612747,LAL,Los Angeles,965,Derek Fisher,Derek,G,,31:33,3.0,8.0,0.375,0.0,2.0,0.0,0.0,0.0,0.0,1.0,3.0,4.0,5.0,1.0,0.0,3.0,3.0,6.0,9.0
0020200431,1610612747,LAL,Los Angeles,1904,Devean George,Devean,G,,26:19,2.0,6.0,0.333,1.0,1.0,1.0,0.0,0.0,0.0,2.0,5.0,7.0,3.0,0.0,1.0,1.0,4.0,5.0,20.0
0020200431,1610612747,LAL,Los Angeles,2416,Kareem Rush,Kareem,F,,26:19,3.0,6.0,0.5,1.0,2.0,0.5,0.0,0.0,0.0,1.0,2.0,3.0,1.0,1.0,0.0,2.0,3.0,7.0,20.0
0020200431,1610612747,LAL,Los Angeles,109,Robert Horry,Robert,F,,16:18,1.0,3.0,0.333,0.0,2.0,0.0,0.0,0.0,0.0,0.0,2.0,2.0,3.0,1.0,1.0,1.0,2.0,2.0,13.0
0020200431,1610612747,LAL,Los Angeles,2098,Slava Medvedenko,Slava,G,,12:36,5.0,8.0,0.625,0.0,0.0,0.0,2.0,3.0,0.667,2.0,1.0,3.0,0.0,0.0,1.0,0.0,2.0,12.0,2.0
0020200431,1610612747,LAL,Los Angeles,145,Tracy Murray,Tracy,,,10:49,2.0,5.0,0.4,0.0,2.0,0.0,1.0,2.0,0.5,0.0,1.0,1.0,0.0,1.0,0.0,0.0,2.0,5.0,7.0
0020200431,1610612747,LAL,Los Angeles,216,Brian Shaw,Brian,,,2:45,0.0,1.0,0.0,0.0,1.0,0.0,0.0,0.0,0.0,0.0,0.0,0.0,0.0,0.0,0.0,0.0,0.0,0.0,-1.0
0020200431,1610612747,LAL,Los Angeles,1219,,,, ,,,,,,,,,,,,,,,,,,,,
0020200431,1610612747,LAL,Los Angeles,1221,,,, ,,,,,,,,,,,,,,,,,,,,
0020200431,1610612747,LAL,Los Angeles,1223,,,, ,,,,,,,,,,,,,,,,,,,,
0020200431,1610612747,LAL,Los Angeles,1230,,,, ,,,,,,,,,,,,,,,,,,,,
0020200431,1610612747,LAL,Los Angeles,1272,,,, ,,,,,,,,,,,,,,,,,,,,
0020200431,1610612747,LAL,Los Angeles,1273,,,, ,,,,,,,,,,,,,,,,,,,,
0020200431,1610612747,LAL,Los Angeles,955,Samaki Walker,Samaki,,NWT - tonsillitis.,,,,,,,,,,,,,,,,,,,,
