GAME_ID,TEAM_ID,TEAM_ABBREVIATION,TEAM_CITY,PLAYER_ID,PLAYER_NAME,NICKNAME,START_POSITION,COMMENT,MIN,FGM,FGA,FG_PCT,FG3M,FG3A,FG3_PCT,FTM,FTA,FT_PCT,OREB,DREB,REB,AST,STL,BLK,TO,PF,PTS,PLUS_MINUS
0020001079,1610612757,POR,Portland,937,Scottie Pippen,Scottie,G,,36:35,4.0,13.0,0.308,0.0,2.0,0.0,1.0,3.0,0.333,3.0,7.0,10.0,4.0,1.0,0.0,1.0,1.0,9.0,-5.0
0020001079,1610612757,POR,Portland,739,Rasheed Wallace,Rasheed,F,,42:19,6.0,15.0,0.4,0.0,3.0,0.0,1.0,2.0,0.5,3.0,4.0,7.0,3.0,2.0,1.0,4.0,2.0,13.0,-6.0
0020001079,1610612757,POR,Portland,717,Arvydas Sabonis,Arvydas,G,,28:21,6.0,11.0,0.545,0.0,0.0,0.0,0.0,0.0,0.0,1.0,5.0,6.0,1.0,0.0,0.0,5.0,4.0,12.0,-2.0
0020001079,1610612757,POR,Portland,1719,Bonzi Wells,Bonzi,G,,19:59,3.0,7.0,0.429,0.0,0.0,0.0,1.0,2.0,0.5,4.0,5.0,9.0,1.0,2.0,0.0,3.0,1.0,7.0,5.0
0020001079,1610612757,POR,Portland,757,Damon Stoudamire,Damon,G,,33:47,5.0,12.0,0.417,0.0,3.0,0.0,2.0,2.0,1.0,0.0,3.0,3.0,6.0,1.0,0.0,1.0,5.0,12.0,-7.0
0020001079,1610612757,POR,Portland,905,Dale Davis,Dale,G,,24:45,2.0,4.0,0.5,0.0,0.0,0.0,3.0,3.0,1.0,3.0,6.0,9.0,3.0,1.0,1.0,1.0,4.0,7.0,3.0
0020001079,1610612757,POR,Portland,120,Steven Smith,Steven,G,,28:01,6.0,13.0,0.462,0.0,3.0,0.0,1.0,1.0,1.0,1.0,3.0,4.0,1.0,0.0,1.0,1.0,3.0,13.0,-9.0
0020001079,1610612757,POR,Portland,393,Rod Strickland,Rod,C,,14:13,0.0,5.0,0.0,0.0,0.0,0.0,0.0,0.0,0.0,1.0,0.0,1.0,1.0,0.0,0.0,0.0,1.0,0.0,3.0
0020001079,1610612757,POR,Portland,278,Stacey Augmon,Stacey,G,,12:00,3.0,5.0,0.6,0.0,0.0,0.0,0.0,1.0,0.0,0.0,0.0,0.0,2.0,1.0,0.0,1.0,1.0,6.0,-2.0
0020001079,1610612757,POR,Portland,1329,,,, ,,,,,,,,,,,,,,,,,,,,
0020001079,1610612757,POR,Portland,1336,,,, ,,,,,,,,,,,,,,,,,,,,
0020001079,1610612757,POR,Portland,1473,,,, ,,,,,,,,,,,,,,,,,,,,
0020001079,1610612757,POR,Portland,2149,,,, ,,,,,,,,,,,,,,,,,,,,
0020001079,1610612757,POR,Portland,1783,,,, ,,,,,,,,,,,,,,,,,,,,
0020001079,1610612757,POR,Portland,1655,,,, ,,,,,,,,,,,,,,,,,,,,
0020001079,1610612757,POR,Portland,1656,,,, ,,,,,,,,,,,,,,,,,,,,
0020001079,1610612757,POR,Portland,21,Greg Anthony,Greg,,DNP - Coach's Decision,,,,,,,,,,,,,,,,,,,,
0020001079,1610612757,POR,Portland,431,Shawn Kemp,Shawn,,NWT - Personal Reasons,,,,,,,,,,,,,,,,,,,,
0020001079,1610612757,POR,Portland,96,Detlef Schrempf,Detlef,,DNP - Coach's Decision,,,,,,,,,,,,,,,,,,,,
0020001079,1610612750,MIN,Minnesota,1887,Wally Szczerbiak,Wally,G,,36:03,5.0,9.0,0.556,3.0,4.0,0.75,2.0,2.0,1.0,0.0,2.0,2.0,4.0,0.0,1.0,2.0,6.0,15.0,-3.0
0020001079,1610612750,MIN,Minnesota,708,Kevin Garnett,Kevin,G,,45:16,8.0,14.0,0.571,1.0,1.0,1.0,1.0,2.0,0.5,2.0,16.0,18.0,6.0,0.0,4.0,4.0,2.0,18.0,0.0
0020001079,1610612750,MIN,Minnesota,111,LaPhonso Ellis,LaPhonso,F,,20:55,2.0,9.0,0.222,0.0,0.0,0.0,0.0,0.0,0.0,2.0,4.0,6.0,0.0,1.0,1.0,4.0,1.0,4.0,-1.0
0020001079,1610612750,MIN,Minnesota,1732,Felipe Lopez,Felipe,G,,38:05,7.0,12.0,0.583,2.0,4.0,0.5,0.0,0.0,0.0,0.0,2.0,2.0,0.0,3.0,1.0,2.0,3.0,16.0,10.0
0020001079,1610612750,MIN,Minnesota,210,Terrell Brandon,Terrell,G,,41:10,5.0,15.0,0.333,1.0,2.0,0.5,2.0,2.0,1.0,1.0,2.0,3.0,12.0,2.0,1.0,2.0,1.0,13.0,10.0
0020001079,1610612750,MIN,Minnesota,1051,Dean Garrett,Dean,F,,3:37,0.0,1.0,0.0,0.0,0.0,0.0,0.0,0.0,0.0,0.0,0.0,0.0,0.0,0.0,0.0,0.0,1.0,0.0,-5.0
0020001079,1610612750,MIN,Minnesota,1497,Chauncey Billups,Chauncey,C,,6:50,0.0,2.0,0.0,0.0,1.0,0.0,0.0,0.0,0.0,1.0,0.0,1.0,2.0,0.0,0.0,0.0,0.0,0.0,-6.0
0020001079,1610612750,MIN,Minnesota,1734,Sam Jacobson,Sam,,,1:36,0.0,1.0,0.0,0.0,0.0,0.0,0.0,0.0,0.0,0.0,0.0,0.0,0.0,0.0,0.0,0.0,1.0,0.0,-6.0
0020001079,1610612750,MIN,Minnesota,417,Sam Mitchell,Sam,F,,20:16,2.0,4.0,0.5,0.0,1.0,0.0,4.0,6.0,0.667,2.0,3.0,5.0,0.0,1.0,0.0,2.0,3.0,8.0,7.0
0020001079,1610612750,MIN,Minnesota,1073,Reggie Slater,Reggie,G,,26:12,2.0,6.0,0.333,0.0,0.0,0.0,5.0,10.0,0.5,1.0,5.0,6.0,1.0,2.0,0.0,1.0,3.0,9.0,14.0
0020001079,1610612750,MIN,Minnesota,1290,,,, ,,,,,,,,,,,,,,,,,,,,
0020001079,1610612750,MIN,Minnesota,1291,,,, ,,,,,,,,,,,,,,,,,,,,
0020001079,1610612750,MIN,Minnesota,2146,,,, ,,,,,,,,,,,,,,,,,,,,
0020001079,1610612750,MIN,Minnesota,847,,,, ,,,,,,,,,,,,,,,,,,,,
0020001079,1610612750,MIN,Minnesota,2158,,,, ,,,,,,,,,,,,,,,,,,,,
0020001079,1610612750,MIN,Minnesota,2159,,,, ,,,,,,,,,,,,,,,,,,,,
0020001079,1610612750,MIN,Minnesota,1895,William Avery,William,,DNP - Coach's Decision,,,,,,,,,,,,,,,,,,,,
0020001079,1610612750,MIN,Minnesota,1725,Rasho Nesterovic,Rasho,,DNP - Coach's Decision,,,,,,,,,,,,,,,,,,,,
0020001074,1610612748,MIA,Miami,1477,Bruce Bowen,Bruce,F,,38:49,2.0,8.0,0.25,0.0,4.0,0.0,1.0,2.0,0.5,0.0,4.0,4.0,3.0,2.0,1.0,2.0,2.0,5.0,-3.0
0020001074,1610612748,MIA,Miami,193,Anthony Mason,Anthony,F,,35:46,3.0,9.0,0.333,0.0,0.0,0.0,0.0,0.0,0.0,1.0,4.0,5.0,3.0,0.0,0.0,2.0,1.0,6.0,1.0
0020001074,1610612748,MIA,Miami,258,Brian Grant,Brian,C,,26:21,7.0,12.0,0.583,0.0,0.0,0.0,2.0,2.0,1.0,4.0,8.0,12.0,1.0,1.0,0.0,4.0,5.0,16.0,-8.0
0020001074,1610612748,MIA,Miami,105,Dan Majerle,Dan,G,,27:57,2.0,7.0,0.286,2.0,5.0,0.4,0.0,0.0,0.0,0.0,4.0,4.0,3.0,4.0,0.0,1.0,2.0,6.0,5.0
0020001074,1610612748,MIA,Miami,896,Tim Hardaway,Tim,G,,30:48,6.0,11.0,0.545,3.0,6.0,0.5,0.0,0.0,0.0,0.0,1.0,1.0,9.0,2.0,0.0,2.0,2.0,15.0,2.0
0020001074,1610612748,MIA,Miami,297,Alonzo Mourning,Alonzo,G,,23:06,8.0,11.0,0.727,0.0,0.0,0.0,0.0,0.0,0.0,3.0,5.0,8.0,1.0,0.0,3.0,4.0,2.0,16.0,11.0
0020001074,1610612748,MIA,Miami,1853,Anthony Carter,Anthony,G,,21:22,4.0,7.0,0.571,0.0,0.0,0.0,0.0,0.0,0.0,1.0,1.0,2.0,6.0,0.0,0.0,1.0,6.0,8.0,1.0
0020001074,1610612748,MIA,Miami,920,A.C. Green,A.C.,G,,13:49,2.0,3.0,0.667,0.0,0.0,0.0,1.0,1.0,1.0,0.0,3.0,3.0,0.0,0.0,0.0,0.0,2.0,5.0,-1.0
0020001074,1610612748,MIA,Miami,76,Cedric Ceballos,Cedric,F,,16:55,3.0,7.0,0.429,1.0,2.0,0.5,0.0,0.0,0.0,0.0,2.0,2.0,2.0,0.0,1.0,2.0,3.0,7.0,-4.0
0020001074,1610612748,MIA,Miami,2067,Eddie House,Eddie,C,,5:07,1.0,1.0,1.0,0.0,0.0,0.0,0.0,0.0,0.0,0.0,0.0,0.0,0.0,1.0,0.0,1.0,2.0,2.0,6.0
0020001074,1610612748,MIA,Miami,1787,,,, ,,,,,,,,,,,,,,,,,,,,
0020001074,1610612748,MIA,Miami,1877,,,, ,,,,,,,,,,,,,,,,,,,,
0020001074,1610612748,MIA,Miami,1642,,,, ,,,,,,,,,,,,,,,,,,,,
0020001074,1610612748,MIA,Miami,836,,,, ,,,,,,,,,,,,,,,,,,,,
0020001074,1610612748,MIA,Miami,1276,,,, ,,,,,,,,,,,,,,,,,,,,
0020001074,1610612748,MIA,Miami,1279,,,, ,,,,,,,,,,,,,,,,,,,,
0020001074,1610612748,MIA,Miami,1280,,,, ,,,,,,,,,,,,,,,,,,,,
0020001074,1610612748,MIA,Miami,1281,,,, ,,,,,,,,,,,,,,,,,,,,
0020001074,1610612748,MIA,Miami,1729,Ricky Davis,Ricky,,DNP - Coach's Decision,,,,,,,,,,,,,,,,,,,,
0020001074,1610612748,MIA,Miami,957,Todd Fuller,Todd,,DNP - Coach's Decision,,,,,,,,,,,,,,,,,,,,
0020001074,1610612764,WAS,Washington,2042,Courtney Alexander,Courtney,G,,45:12,10.0,21.0,0.476,0.0,1.0,0.0,5.0,5.0,1.0,1.0,2.0,3.0,0.0,0.0,0.0,2.0,2.0,25.0,-2.0
0020001074,1610612764,WAS,Washington,363,Christian Laettner,Christian,F,,25:51,4.0,11.0,0.364,0.0,0.0,0.0,2.0,2.0,1.0,2.0,5.0,7.0,1.0,2.0,0.0,3.0,1.0,10.0,12.0
0020001074,1610612764,WAS,Washington,1751,Jahidi White,Jahidi,C,,27:22,4.0,6.0,0.667,0.0,0.0,0.0,1.0,2.0,0.5,1.0,3.0,4.0,0.0,2.0,1.0,2.0,2.0,9.0,8.0
0020001074,1610612764,WAS,Washington,1888,Richard Hamilton,Richard,G,,41:49,5.0,21.0,0.238,0.0,2.0,0.0,6.0,7.0,0.857,1.0,2.0,3.0,4.0,0.0,1.0,5.0,0.0,16.0,0.0
0020001074,1610612764,WAS,Washington,1919,Laron Profit,Laron,G,,37:00,5.0,12.0,0.417,0.0,2.0,0.0,0.0,2.0,0.0,1.0,5.0,6.0,4.0,2.0,0.0,1.0,1.0,10.0,1.0
0020001074,1610612764,WAS,Washington,63,Michael Smith,Michael,F,,25:06,1.0,3.0,0.333,0.0,0.0,0.0,5.0,6.0,0.833,6.0,6.0,12.0,2.0,1.0,1.0,1.0,1.0,7.0,-8.0
0020001074,1610612764,WAS,Washington,461,Popeye Jones,Popeye,G,,17:41,1.0,1.0,1.0,0.0,0.0,0.0,1.0,2.0,0.5,3.0,1.0,4.0,1.0,0.0,0.0,1.0,2.0,3.0,-16.0
0020001074,1610612764,WAS,Washington,2128,David Vanterpool,David,G,,19:59,1.0,4.0,0.25,0.0,0.0,0.0,2.0,5.0,0.4,2.0,4.0,6.0,3.0,1.0,0.0,0.0,1.0,4.0,-5.0
0020001074,1610612764,WAS,Washington,2171,,,, ,,,,,,,,,,,,,,,,,,,,
0020001074,1610612764,WAS,Washington,2093,,,, ,,,,,,,,,,,,,,,,,,,,
0020001074,1610612764,WAS,Washington,2095,,,, ,,,,,,,,,,,,,,,,,,,,
0020001074,1610612764,WAS,Washington,1340,,,, ,,,,,,,,,,,,,,,,,,,,
0020001074,1610612764,WAS,Washington,1360,,,, ,,,,,,,,,,,,,,,,,,,,
0020001074,1610612764,WAS,Washington,1245,,,, ,,,,,,,,,,,,,,,,,,,,
0020001074,1610612764,WAS,Washington,1251,,,, ,,,,,,,,,,,,,,,,,,,,
0020001074,1610612764,WAS,Washington,1271,,,, ,,,,,,,,,,,,,,,,,,,,
0020001074,1610612764,WAS,Washington,93,Hubert Davis,Hubert,,DND - Strained Right Hamstring,,,,,,,,,,,,,,,,,,,,
0020001074,1610612764,WAS,Washington,1838,Tyrone Nesby,Tyrone,,DNP - Coach's Decision,,,,,,,,,,,,,,,,,,,,
0020001074,1610612764,WAS,Washington,782,Mitch Richmond,Mitch,,DND - Strained Right Knee,,,,,,,,,,,,,,,,,,,,
0020001074,1610612764,WAS,Washington,2065,Mike Smith,Mike,,DNP - Coach's Decision,,,,,,,,,,,,,,,,,,,,
0020001074,1610612764,WAS,Washington,919,Loy Vaught,Loy,,DNP - Coach's Decision,,,,,,,,,,,,,,,,,,,,
0020001078,1610612755,PHI,Philadelphia,248,George Lynch,George,G,,43:38,7.0,15.0,0.467,0.0,0.0,0.0,4.0,4.0,1.0,2.0,4.0,6.0,3.0,3.0,0.0,0.0,4.0,18.0,0.0
0020001078,1610612755,PHI,Philadelphia,761,Matt Geiger,Matt,F,,31:55,3.0,19.0,0.158,0.0,0.0,0.0,7.0,10.0,0.7,1.0,7.0,8.0,0.0,0.0,0.0,2.0,4.0,13.0,12.0
0020001078,1610612755,PHI,Philadelphia,87,Dikembe Mutombo,Dikembe,C,,44:25,8.0,16.0,0.5,0.0,0.0,0.0,5.0,7.0,0.714,7.0,9.0,16.0,2.0,1.0,1.0,4.0,5.0,21.0,-1.0
0020001078,1610612755,PHI,Philadelphia,1563,Kevin Ollie,Kevin,G,,35:32,3.0,8.0,0.375,0.0,1.0,0.0,1.0,4.0,0.25,1.0,3.0,4.0,5.0,2.0,0.0,0.0,2.0,7.0,0.0
0020001078,1610612755,PHI,Philadelphia,727,Eric Snow,Eric,G,,34:46,5.0,13.0,0.385,0.0,0.0,0.0,5.0,5.0,1.0,1.0,0.0,1.0,7.0,1.0,0.0,0.0,1.0,15.0,3.0
0020001078,1610612755,PHI,Philadelphia,1908,Jumaine Jones,Jumaine,F,,23:53,3.0,8.0,0.375,0.0,1.0,0.0,0.0,0.0,0.0,1.0,3.0,4.0,2.0,0.0,2.0,0.0,1.0,6.0,3.0
0020001078,1610612755,PHI,Philadelphia,1934,Rodney Buford,Rodney,F,,16:35,5.0,13.0,0.385,0.0,0.0,0.0,0.0,0.0,0.0,2.0,1.0,3.0,0.0,1.0,0.0,1.0,1.0,10.0,-3.0
0020001078,1610612755,PHI,Philadelphia,2143,Pepe Sanchez,Pepe,G,,9:16,0.0,1.0,0.0,0.0,0.0,0.0,0.0,0.0,0.0,0.0,1.0,1.0,3.0,3.0,0.0,1.0,5.0,0.0,16.0
0020001078,1610612755,PHI,Philadelphia,2169,,,, ,,,,,,,,,,,,,,,,,,,,
0020001078,1610612755,PHI,Philadelphia,1212,,,, ,,,,,,,,,,,,,,,,,,,,
0020001078,1610612755,PHI,Philadelphia,1865,,,, ,,,,,,,,,,,,,,,,,,,,
0020001078,1610612755,PHI,Philadelphia,1259,,,, ,,,,,,,,,,,,,,,,,,,,
0020001078,1610612755,PHI,Philadelphia,1308,,,, ,,,,,,,,,,,,,,,,,,,,
0020001078,1610612755,PHI,Philadelphia,1312,,,, ,,,,,,,,,,,,,,,,,,,,
0020001078,1610612755,PHI,Philadelphia,1313,,,, ,,,,,,,,,,,,,,,,,,,,
0020001078,1610612755,PHI,Philadelphia,238,Tyrone Hill,Tyrone,,DND - Back muscle strain,,,,,,,,,,,,,,,,,,,,
0020001078,1610612755,PHI,Philadelphia,947,Allen Iverson,Allen,,DND - Tailbone contusion,,,,,,,,,,,,,,,,,,,,
0020001078,1610612755,PHI,Philadelphia,1928,Todd MacCulloch,Todd,,DNP - Coach's Decision,,,,,,,,,,,,,,,,,,,,
0020001078,1610612755,PHI,Philadelphia,243,Aaron McKie,Aaron,,DND - Right knee sprain,,,,,,,,,,,,,,,,,,,,
0020001078,1610612765,DET,Detroit,182,Billy Owens,Billy,F,,22:31,2.0,4.0,0.5,0.0,1.0,0.0,0.0,0.0,0.0,1.0,5.0,6.0,1.0,0.0,1.0,1.0,2.0,4.0,-9.0
0020001078,1610612765,DET,Detroit,693,Joe Smith,Joe,F,,28:50,4.0,9.0,0.444,0.0,0.0,0.0,4.0,4.0,1.0,1.0,7.0,8.0,0.0,0.0,0.0,3.0,4.0,12.0,-8.0
0020001078,1610612765,DET,Detroit,1112,Ben Wallace,Ben,C,,43:13,2.0,4.0,0.5,0.0,0.0,0.0,0.0,0.0,0.0,4.0,11.0,15.0,2.0,0.0,3.0,2.0,2.0,4.0,-9.0
0020001078,1610612765,DET,Detroit,711,Jerry Stackhouse,Jerry,G,,26:36,5.0,19.0,0.263,1.0,4.0,0.25,3.0,4.0,0.75,0.0,1.0,1.0,4.0,0.0,0.0,4.0,3.0,14.0,-13.0
0020001078,1610612765,DET,Detroit,1088,Chucky Atkins,Chucky,G,,28:22,3.0,9.0,0.333,2.0,5.0,0.4,0.0,0.0,0.0,1.0,0.0,1.0,2.0,1.0,0.0,0.0,2.0,8.0,-9.0
0020001078,1610612765,DET,Detroit,722,Corliss Williamson,Corliss,F,,24:51,3.0,6.0,0.5,0.0,0.0,0.0,0.0,2.0,0.0,0.0,1.0,1.0,2.0,3.0,0.0,2.0,4.0,6.0,-2.0
0020001078,1610612765,DET,Detroit,1630,Mikki Moore,Mikki,C,,15:25,4.0,4.0,1.0,0.0,0.0,0.0,1.0,2.0,0.5,3.0,2.0,5.0,0.0,0.0,0.0,0.0,4.0,9.0,2.0
0020001078,1610612765,DET,Detroit,2043,Mateen Cleaves,Mateen,G,,20:06,2.0,7.0,0.286,0.0,0.0,0.0,5.0,6.0,0.833,0.0,1.0,1.0,3.0,0.0,0.0,4.0,1.0,9.0,-1.0
0020001078,1610612765,DET,Detroit,344,Dana Barros,Dana,G,,21:24,7.0,12.0,0.583,0.0,1.0,0.0,2.0,3.0,0.667,0.0,4.0,4.0,2.0,0.0,0.0,3.0,1.0,16.0,7.0
0020001078,1610612765,DET,Detroit,1600,Kornel David,Kornel,F,,8:42,1.0,2.0,0.5,0.0,0.0,0.0,0.0,0.0,0.0,0.0,3.0,3.0,0.0,0.0,0.0,0.0,0.0,2.0,12.0
0020001078,1610612765,DET,Detroit,1798,,,, ,,,,,,,,,,,,,,,,,,,,
0020001078,1610612765,DET,Detroit,1247,,,, ,,,,,,,,,,,,,,,,,,,,
0020001078,1610612765,DET,Detroit,2155,,,, ,,,,,,,,,,,,,,,,,,,,
0020001078,1610612765,DET,Detroit,1996,,,, ,,,,,,,,,,,,,,,,,,,,
0020001078,1610612765,DET,Detroit,146,Jud Buechler,Jud,,DNP - Coach's Decision,,,,,,,,,,,,,,,,,,,,
0020001078,1610612765,DET,Detroit,961,John Wallace,John,,DNP - Coach's Decision,,,,,,,,,,,,,,,,,,,,
0020001080,1610612749,MIL,Milwaukee,998,Mark Pope,Mark,G,,22:13,0.0,1.0,0.0,0.0,1.0,0.0,0.0,0.0,0.0,1.0,1.0,2.0,1.0,0.0,0.0,0.0,2.0,0.0,7.0
0020001080,1610612749,MIL,Milwaukee,299,Glenn Robinson,Glenn,G,,31:34,12.0,22.0,0.545,0.0,1.0,0.0,2.0,2.0,1.0,2.0,11.0,13.0,4.0,3.0,0.0,1.0,0.0,26.0,27.0
0020001080,1610612749,MIL,Milwaukee,911,Ervin Johnson,Ervin,G,,25:50,1.0,1.0,1.0,0.0,0.0,0.0,1.0,2.0,0.5,1.0,5.0,6.0,1.0,0.0,4.0,1.0,4.0,3.0,18.0
0020001080,1610612749,MIL,Milwaukee,951,Ray Allen,Ray,G,,27:24,11.0,15.0,0.733,4.0,6.0,0.667,0.0,0.0,0.0,0.0,0.0,0.0,0.0,1.0,0.0,2.0,1.0,26.0,19.0
0020001080,1610612749,MIL,Milwaukee,208,Sam Cassell,Sam,G,,32:22,7.0,15.0,0.467,0.0,1.0,0.0,3.0,4.0,0.75,0.0,3.0,3.0,9.0,2.0,0.0,2.0,3.0,17.0,27.0
0020001080,1610612749,MIL,Milwaukee,1501,Tim Thomas,Tim,F,,23:18,2.0,7.0,0.286,1.0,4.0,0.25,0.0,0.0,0.0,1.0,3.0,4.0,2.0,1.0,1.0,1.0,5.0,5.0,20.0
0020001080,1610612749,MIL,Milwaukee,283,Lindsey Hunter,Lindsey,F,,25:27,4.0,10.0,0.4,3.0,6.0,0.5,0.0,0.0,0.0,0.0,1.0,1.0,1.0,1.0,0.0,0.0,3.0,11.0,13.0
0020001080,1610612749,MIL,Milwaukee,1032,Darvin Ham,Darvin,C,,18:55,1.0,2.0,0.5,0.0,0.0,0.0,3.0,4.0,0.75,4.0,1.0,5.0,2.0,0.0,1.0,2.0,1.0,5.0,6.0
0020001080,1610612749,MIL,Milwaukee,281,Scott Williams,Scott,F,,16:01,5.0,6.0,0.833,0.0,0.0,0.0,0.0,0.0,0.0,1.0,4.0,5.0,3.0,1.0,0.0,1.0,3.0,10.0,13.0
0020001080,1610612749,MIL,Milwaukee,1747,Rafer Alston,Rafer,,,10:47,0.0,4.0,0.0,0.0,1.0,0.0,2.0,2.0,1.0,0.0,1.0,1.0,5.0,2.0,0.0,1.0,1.0,2.0,1.0
0020001080,1610612749,MIL,Milwaukee,2038,Joel Przybilla,Joel,,,6:09,1.0,2.0,0.5,0.0,0.0,0.0,1.0,3.0,0.333,1.0,2.0,3.0,0.0,0.0,0.0,1.0,1.0,3.0,-1.0
0020001080,1610612749,MIL,Milwaukee,2157,,,, ,,,,,,,,,,,,,,,,,,,,
0020001080,1610612749,MIL,Milwaukee,1796,,,, ,,,,,,,,,,,,,,,,,,,,
0020001080,1610612749,MIL,Milwaukee,1797,,,, ,,,,,,,,,,,,,,,,,,,,
0020001080,1610612749,MIL,Milwaukee,1334,,,, ,,,,,,,,,,,,,,,,,,,,
0020001080,1610612749,MIL,Milwaukee,1337,,,, ,,,,,,,,,,,,,,,,,,,,
0020001080,1610612749,MIL,Milwaukee,1355,,,, ,,,,,,,,,,,,,,,,,,,,
0020001080,1610612749,MIL,Milwaukee,679,Jason Caffey,Jason,,DND - Sore Left Knee,,,,,,,,,,,,,,,,,,,,
0020001080,1610612744,GSW,Golden State,228,Adam Keefe,Adam,G,,25:32,1.0,6.0,0.167,0.0,0.0,0.0,5.0,6.0,0.833,4.0,3.0,7.0,0.0,2.0,1.0,1.0,1.0,7.0,-7.0
0020001080,1610612744,GSW,Golden State,1712,Antawn Jamison,Antawn,G,,35:20,7.0,18.0,0.389,0.0,2.0,0.0,3.0,5.0,0.6,3.0,5.0,8.0,1.0,0.0,0.0,6.0,0.0,17.0,-29.0
0020001080,1610612744,GSW,Golden State,1502,Adonal Foyle,Adonal,F,,34:05,2.0,14.0,0.143,0.0,0.0,0.0,0.0,0.0,0.0,3.0,4.0,7.0,1.0,1.0,2.0,4.0,2.0,4.0,-26.0
0020001080,1610612744,GSW,Golden State,2084,Chris Porter,Chris,G,,36:13,4.0,11.0,0.364,0.0,1.0,0.0,0.0,2.0,0.0,2.0,5.0,7.0,2.0,1.0,1.0,3.0,2.0,8.0,-28.0
0020001080,1610612744,GSW,Golden State,1907,Vonteego Cummings,Vonteego,G,,45:45,7.0,21.0,0.333,0.0,3.0,0.0,2.0,2.0,1.0,3.0,5.0,8.0,3.0,2.0,0.0,1.0,6.0,16.0,-36.0
0020001080,1610612744,GSW,Golden State,956,Erick Dampier,Erick,G,,23:28,3.0,4.0,0.75,0.0,0.0,0.0,0.0,0.0,0.0,2.0,1.0,3.0,2.0,0.0,1.0,2.0,1.0,6.0,-13.0
0020001080,1610612744,GSW,Golden State,916,Corie Blount,Corie,F,,21:44,3.0,5.0,0.6,0.0,0.0,0.0,5.0,6.0,0.833,6.0,4.0,10.0,1.0,1.0,0.0,1.0,2.0,11.0,-12.0
0020001080,1610612744,GSW,Golden State,2101,Paul McPherson,Paul,,,17:53,3.0,10.0,0.3,0.0,0.0,0.0,3.0,5.0,0.6,1.0,1.0,2.0,1.0,1.0,0.0,2.0,1.0,9.0,1.0
0020001080,1610612744,GSW,Golden State,500093,,,, ,,,,,,,,,,,,,,,,,,,,
0020001080,1610612744,GSW,Golden State,1350,,,, ,,,,,,,,,,,,,,,,,,,,
0020001080,1610612744,GSW,Golden State,1373,,,, ,,,,,,,,,,,,,,,,,,,,
0020001080,1610612744,GSW,Golden State,1637,,,, ,,,,,,,,,,,,,,,,,,,,
0020001080,1610612744,GSW,Golden State,1217,,,, ,,,,,,,,,,,,,,,,,,,,
0020001080,1610612744,GSW,Golden State,1252,,,, ,,,,,,,,,,,,,,,,,,,,
0020001080,1610612744,GSW,Golden State,1323,,,, ,,,,,,,,,,,,,,,,,,,,
0020001080,1610612744,GSW,Golden State,302,Mookie Blaylock,Mookie,,DND - Sprained Right Hand,,,,,,,,,,,,,,,,,,,,
0020001080,1610612744,GSW,Golden State,1716,Larry Hughes,Larry,,DND - Sprained Right Thumb,,,,,,,,,,,,,,,,,,,,
0020001080,1610612744,GSW,Golden State,1531,Marc Jackson,Marc,,DND - Strained Left Groin,,,,,,,,,,,,,,,,,,,,
0020001080,1610612744,GSW,Golden State,682,Bob Sura,Bob,,DND - Strained Lower Back,,,,,,,,,,,,,,,,,,,,
0020001076,1610612756,PHX,Phoenix,361,Clifford Robinson,Clifford,G,,24:15,2.0,6.0,0.333,0.0,2.0,0.0,2.0,4.0,0.5,0.0,4.0,4.0,3.0,0.0,1.0,2.0,5.0,6.0,10.0
0020001076,1610612756,PHX,Phoenix,1890,Shawn Marion,Shawn,G,,38:18,10.0,20.0,0.5,1.0,2.0,0.5,4.0,5.0,0.8,1.0,4.0,5.0,4.0,3.0,0.0,0.0,1.0,25.0,11.0
0020001076,1610612756,PHX,Phoenix,2054,Jake Tsakalidis,Jake,C,,20:36,1.0,2.0,0.5,0.0,0.0,0.0,2.0,4.0,0.5,5.0,7.0,12.0,0.0,0.0,0.0,1.0,4.0,4.0,7.0
0020001076,1610612756,PHX,Phoenix,53,Mario Elie,Mario,G,,25:47,1.0,3.0,0.333,0.0,0.0,0.0,0.0,0.0,0.0,1.0,3.0,4.0,2.0,2.0,0.0,0.0,1.0,2.0,4.0
0020001076,1610612756,PHX,Phoenix,467,Jason Kidd,Jason,G,,40:33,11.0,22.0,0.5,1.0,4.0,0.25,6.0,8.0,0.75,2.0,5.0,7.0,10.0,4.0,0.0,6.0,2.0,29.0,6.0
0020001076,1610612756,PHX,Phoenix,339,Tom Gugliotta,Tom,C,,27:19,5.0,14.0,0.357,0.0,0.0,0.0,0.0,0.0,0.0,0.0,0.0,0.0,1.0,0.0,0.0,1.0,2.0,10.0,-5.0
0020001076,1610612756,PHX,Phoenix,915,Rodney Rogers,Rodney,G,,10:39,1.0,6.0,0.167,0.0,2.0,0.0,0.0,0.0,0.0,1.0,3.0,4.0,1.0,1.0,0.0,0.0,1.0,2.0,-5.0
0020001076,1610612756,PHX,Phoenix,960,Tony Delk,Tony,F,,20:22,5.0,13.0,0.385,2.0,3.0,0.667,3.0,5.0,0.6,3.0,2.0,5.0,0.0,0.0,0.0,0.0,2.0,15.0,12.0
0020001076,1610612756,PHX,Phoenix,201,Chris Dudley,Chris,F,,19:02,4.0,4.0,1.0,0.0,0.0,0.0,0.0,2.0,0.0,3.0,2.0,5.0,0.0,1.0,0.0,0.0,1.0,8.0,10.0
0020001076,1610612756,PHX,Phoenix,219,Vinny Del Negro,Vinny,C,,13:09,1.0,2.0,0.5,0.0,0.0,0.0,0.0,0.0,0.0,0.0,0.0,0.0,2.0,0.0,0.0,1.0,0.0,2.0,-5.0
0020001076,1610612756,PHX,Phoenix,1227,,,, ,,,,,,,,,,,,,,,,,,,,
0020001076,1610612756,PHX,Phoenix,1653,,,, ,,,,,,,,,,,,,,,,,,,,
0020001076,1610612756,PHX,Phoenix,1654,,,, ,,,,,,,,,,,,,,,,,,,,
0020001076,1610612756,PHX,Phoenix,2008,,,, ,,,,,,,,,,,,,,,,,,,,
0020001076,1610612756,PHX,Phoenix,2015,,,, ,,,,,,,,,,,,,,,,,,,,
0020001076,1610612756,PHX,Phoenix,2160,,,, ,,,,,,,,,,,,,,,,,,,,
0020001076,1610612756,PHX,Phoenix,2161,,,, ,,,,,,,,,,,,,,,,,,,,
0020001076,1610612756,PHX,Phoenix,386,Elliot Perry,Elliot,,DNP - Coach's Decision,,,,,,,,,,,,,,,,,,,,
0020001076,1610612756,PHX,Phoenix,2091,Daniel Santiago,Daniel,,DNP - Coach's Decision,,,,,,,,,,,,,,,,,,,,
0020001076,1610612766,CHH,Charlotte,469,Jamal Mashburn,Jamal,F,,36:18,4.0,14.0,0.286,0.0,4.0,0.0,2.0,2.0,1.0,0.0,4.0,4.0,12.0,0.0,0.0,5.0,2.0,10.0,-14.0
0020001076,1610612766,CHH,Charlotte,136,P.J. Brown,P.J.,G,,30:40,2.0,4.0,0.5,0.0,0.0,0.0,0.0,0.0,0.0,1.0,5.0,6.0,1.0,1.0,2.0,4.0,6.0,4.0,-6.0
0020001076,1610612766,CHH,Charlotte,922,Elden Campbell,Elden,C,,27:50,3.0,10.0,0.3,0.0,0.0,0.0,3.0,4.0,0.75,3.0,5.0,8.0,0.0,2.0,2.0,1.0,2.0,9.0,-4.0
0020001076,1610612766,CHH,Charlotte,1884,Baron Davis,Baron,G,,32:24,7.0,14.0,0.5,1.0,4.0,0.25,2.0,2.0,1.0,1.0,4.0,5.0,7.0,4.0,2.0,1.0,4.0,17.0,3.0
0020001076,1610612766,CHH,Charlotte,133,David Wesley,David,G,,36:23,7.0,13.0,0.538,2.0,2.0,1.0,6.0,6.0,1.0,1.0,2.0,3.0,4.0,2.0,0.0,2.0,5.0,22.0,5.0
0020001076,1610612766,CHH,Charlotte,2048,Jamaal Magloire,Jamaal,C,,17:46,0.0,2.0,0.0,0.0,0.0,0.0,0.0,0.0,0.0,0.0,6.0,6.0,1.0,0.0,0.0,1.0,1.0,0.0,-1.0
0020001076,1610612766,CHH,Charlotte,695,Eldridge Recasner,Eldridge,F,,10:11,3.0,4.0,0.75,1.0,1.0,1.0,2.0,2.0,1.0,0.0,1.0,1.0,0.0,0.0,0.0,1.0,0.0,9.0,-7.0
0020001076,1610612766,CHH,Charlotte,1944,Eddie Robinson,Eddie,F,,28:44,8.0,14.0,0.571,0.0,0.0,0.0,2.0,2.0,1.0,2.0,2.0,4.0,1.0,0.0,1.0,0.0,1.0,18.0,-14.0
0020001076,1610612766,CHH,Charlotte,934,Derrick Coleman,Derrick,G,,19:44,1.0,4.0,0.25,0.0,2.0,0.0,3.0,4.0,0.75,1.0,4.0,5.0,1.0,0.0,1.0,1.0,2.0,5.0,-7.0
0020001076,1610612766,CHH,Charlotte,1992,,,, ,,,,,,,,,,,,,,,,,,,,
0020001076,1610612766,CHH,Charlotte,1316,,,, ,,,,,,,,,,,,,,,,,,,,
0020001076,1610612766,CHH,Charlotte,1215,,,, ,,,,,,,,,,,,,,,,,,,,
0020001076,1610612766,CHH,Charlotte,1218,,,, ,,,,,,,,,,,,,,,,,,,,
0020001076,1610612766,CHH,Charlotte,2152,,,, ,,,,,,,,,,,,,,,,,,,,
0020001076,1610612766,CHH,Charlotte,765,Hersey Hawkins,Hersey,,DNP - Coach's Decision,,,,,,,,,,,,,,,,,,,,
0020001076,1610612766,CHH,Charlotte,1906,Tim James,Tim,,DNP - Coach's Decision,,,,,,,,,,,,,,,,,,,,
0020001076,1610612766,CHH,Charlotte,901,Otis Thorpe,Otis,,DNP - Coach's Decision,,,,,,,,,,,,,,,,,,,,
0020001075,1610612738,BOS,Boston,1718,Paul Pierce,Paul,G,,40:32,4.0,15.0,0.267,1.0,4.0,0.25,8.0,14.0,0.571,2.0,9.0,11.0,7.0,2.0,2.0,5.0,3.0,17.0,-10.0
0020001075,1610612738,BOS,Boston,952,Antoine Walker,Antoine,G,,41:42,9.0,16.0,0.563,3.0,6.0,0.5,3.0,3.0,1.0,2.0,3.0,5.0,8.0,2.0,1.0,4.0,3.0,24.0,-8.0
0020001075,1610612738,BOS,Boston,1548,Mark Blount,Mark,G,,18:58,4.0,7.0,0.571,0.0,0.0,0.0,4.0,4.0,1.0,6.0,0.0,6.0,1.0,0.0,1.0,1.0,3.0,12.0,-9.0
0020001075,1610612738,BOS,Boston,179,Bryant Stith,Bryant,G,,28:48,2.0,6.0,0.333,0.0,1.0,0.0,0.0,1.0,0.0,1.0,3.0,4.0,1.0,2.0,0.0,0.0,2.0,4.0,4.0
0020001075,1610612738,BOS,Boston,753,Randy Brown,Randy,G,,28:24,4.0,10.0,0.4,0.0,0.0,0.0,0.0,0.0,0.0,1.0,2.0,3.0,1.0,0.0,0.0,4.0,3.0,8.0,-2.0
0020001075,1610612738,BOS,Boston,958,Vitaly Potapenko,Vitaly,F,,25:10,5.0,10.0,0.5,0.0,0.0,0.0,2.0,3.0,0.667,6.0,5.0,11.0,1.0,0.0,1.0,1.0,4.0,12.0,-1.0
0020001075,1610612738,BOS,Boston,1960,Milt Palacio,Milt,G,,21:13,2.0,7.0,0.286,1.0,2.0,0.5,0.0,0.0,0.0,0.0,4.0,4.0,5.0,1.0,0.0,4.0,2.0,5.0,-5.0
0020001075,1610612738,BOS,Boston,677,Eric Williams,Eric,,,28:24,7.0,10.0,0.7,1.0,2.0,0.5,1.0,2.0,0.5,0.0,0.0,0.0,1.0,2.0,1.0,1.0,1.0,16.0,-9.0
0020001075,1610612738,BOS,Boston,1559,Adrian Griffin,Adrian,F,,2:57,0.0,0.0,0.0,0.0,0.0,0.0,0.0,0.0,0.0,0.0,0.0,0.0,0.0,0.0,0.0,1.0,0.0,0.0,2.0
0020001075,1610612738,BOS,Boston,1499,Tony Battie,Tony,,,2:15,1.0,1.0,1.0,0.0,0.0,0.0,1.0,1.0,1.0,0.0,0.0,0.0,0.0,0.0,0.0,0.0,2.0,3.0,3.0
0020001075,1610612738,BOS,Boston,962,Walter McCarty,Walter,,,1:37,0.0,0.0,0.0,0.0,0.0,0.0,0.0,0.0,0.0,0.0,0.0,0.0,0.0,0.0,0.0,0.0,1.0,0.0,0.0
0020001075,1610612738,BOS,Boston,1914,Chris Herren,Chris,,DNP - Coach's Decision,,,,,,,,,,,,,,,,,,,,
0020001075,1610612753,ORL,Orlando,1503,Tracy McGrady,Tracy,G,,45:03,15.0,24.0,0.625,2.0,4.0,0.5,2.0,4.0,0.5,1.0,7.0,8.0,11.0,2.0,1.0,1.0,1.0,34.0,10.0
0020001075,1610612753,ORL,Orlando,448,Bo Outlaw,Bo,G,,33:18,8.0,9.0,0.889,0.0,0.0,0.0,5.0,6.0,0.833,2.0,2.0,4.0,2.0,2.0,3.0,0.0,0.0,21.0,2.0
0020001075,1610612753,ORL,Orlando,692,Andrew DeClercq,Andrew,C,,12:34,3.0,4.0,0.75,0.0,0.0,0.0,0.0,0.0,0.0,1.0,2.0,3.0,0.0,1.0,2.0,1.0,3.0,6.0,3.0
0020001075,1610612753,ORL,Orlando,2034,Mike Miller,Mike,G,,25:35,4.0,11.0,0.364,0.0,4.0,0.0,0.0,0.0,0.0,1.0,3.0,4.0,2.0,1.0,0.0,1.0,3.0,8.0,-1.0
0020001075,1610612753,ORL,Orlando,1607,Troy Hudson,Troy,G,,41:32,2.0,10.0,0.2,1.0,3.0,0.333,2.0,2.0,1.0,2.0,2.0,4.0,13.0,2.0,1.0,3.0,2.0,7.0,8.0
0020001075,1610612753,ORL,Orlando,1727,Pat Garrity,Pat,G,,25:44,4.0,8.0,0.5,2.0,3.0,0.667,4.0,5.0,0.8,1.0,4.0,5.0,0.0,0.0,1.0,2.0,4.0,14.0,-1.0
0020001075,1610612753,ORL,Orlando,680,John Amaechi,John,G,,26:31,6.0,7.0,0.857,0.0,0.0,0.0,4.0,5.0,0.8,1.0,2.0,3.0,1.0,1.0,0.0,3.0,2.0,16.0,14.0
0020001075,1610612753,ORL,Orlando,724,Cory Alexander,Cory,F,,6:28,0.0,3.0,0.0,0.0,0.0,0.0,0.0,0.0,0.0,0.0,1.0,1.0,0.0,0.0,0.0,1.0,0.0,0.0,-1.0
0020001075,1610612753,ORL,Orlando,42,Monty Williams,Monty,F,,19:22,1.0,3.0,0.333,0.0,0.0,0.0,0.0,2.0,0.0,1.0,1.0,2.0,0.0,0.0,0.0,2.0,3.0,2.0,2.0
0020001075,1610612753,ORL,Orlando,1720,Michael Doleac,Michael,,,3:53,0.0,1.0,0.0,0.0,0.0,0.0,0.0,0.0,0.0,0.0,1.0,1.0,0.0,0.0,1.0,0.0,2.0,0.0,-1.0
0020001075,1610612753,ORL,Orlando,690,Don Reid,Don,,DNP - Coach's Decision,,,,,,,,,,,,,,,,,,,,
0020001087,1610612758,SAC,Sacramento,978,Peja Stojakovic,Peja,F,,43:54,7.0,16.0,0.438,3.0,6.0,0.5,8.0,8.0,1.0,1.0,5.0,6.0,1.0,1.0,0.0,3.0,2.0,25.0,12.0
0020001087,1610612758,SAC,Sacramento,185,Chris Webber,Chris,F,,36:41,11.0,20.0,0.55,0.0,0.0,0.0,4.0,7.0,0.571,0.0,8.0,8.0,2.0,4.0,0.0,4.0,5.0,26.0,11.0
0020001087,1610612758,SAC,Sacramento,124,Vlade Divac,Vlade,G,,29:55,3.0,7.0,0.429,0.0,0.0,0.0,2.0,3.0,0.667,4.0,8.0,12.0,3.0,1.0,2.0,5.0,4.0,8.0,-9.0
0020001087,1610612758,SAC,Sacramento,1715,Jason Williams,Jason,G,,21:47,1.0,4.0,0.25,0.0,1.0,0.0,0.0,0.0,0.0,1.0,1.0,2.0,7.0,2.0,0.0,4.0,4.0,2.0,0.0
0020001087,1610612758,SAC,Sacramento,57,Doug Christie,Doug,G,,32:54,2.0,8.0,0.25,1.0,3.0,0.333,7.0,8.0,0.875,1.0,2.0,3.0,4.0,1.0,3.0,0.0,2.0,12.0,11.0
0020001087,1610612758,SAC,Sacramento,1513,Scot Pollard,Scot,G,,22:40,1.0,2.0,0.5,0.0,0.0,0.0,0.0,0.0,0.0,3.0,3.0,6.0,0.0,1.0,1.0,0.0,3.0,2.0,9.0
0020001087,1610612758,SAC,Sacramento,468,Jon Barry,Jon,F,,15:06,0.0,3.0,0.0,0.0,1.0,0.0,0.0,0.0,0.0,0.0,0.0,0.0,0.0,1.0,0.0,2.0,0.0,0.0,-5.0
0020001087,1610612758,SAC,Sacramento,1444,Lawrence Funderburke,Lawrence,G,,6:20,2.0,3.0,0.667,0.0,0.0,0.0,0.0,0.0,0.0,0.0,1.0,1.0,0.0,0.0,0.0,0.0,0.0,4.0,-2.0
0020001087,1610612758,SAC,Sacramento,1517,Bobby Jackson,Bobby,G,,26:37,6.0,10.0,0.6,1.0,3.0,0.333,0.0,0.0,0.0,2.0,2.0,4.0,1.0,3.0,1.0,2.0,1.0,13.0,9.0
0020001087,1610612758,SAC,Sacramento,98,Nick Anderson,Nick,,,4:06,0.0,0.0,0.0,0.0,0.0,0.0,0.0,0.0,0.0,0.0,0.0,0.0,0.0,0.0,0.0,0.0,0.0,0.0,-6.0
0020001087,1610612758,SAC,Sacramento,1248,,,, ,,,,,,,,,,,,,,,,,,,,
0020001087,1610612758,SAC,Sacramento,1249,,,, ,,,,,,,,,,,,,,,,,,,,
0020001087,1610612758,SAC,Sacramento,1322,,,, ,,,,,,,,,,,,,,,,,,,,
0020001087,1610612758,SAC,Sacramento,1327,,,, ,,,,,,,,,,,,,,,,,,,,
0020001087,1610612758,SAC,Sacramento,1328,,,, ,,,,,,,,,,,,,,,,,,,,
0020001087,1610612758,SAC,Sacramento,1775,,,, ,,,,,,,,,,,,,,,,,,,,
0020001087,1610612758,SAC,Sacramento,239,Darrick Martin,Darrick,,DNP - Coach's Decision,,,,,,,,,,,,,,,,,,,,
0020001087,1610612758,SAC,Sacramento,2045,Hedo Turkoglu,Hedo,,DNP - NWT - Sprained L. ankle,,,,,,,,,,,,,,,,,,,,
0020001087,1610612762,UTA,Utah,923,Donyell Marshall,Donyell,G,,33:49,6.0,14.0,0.429,0.0,2.0,0.0,2.0,2.0,1.0,1.0,7.0,8.0,5.0,1.0,1.0,3.0,1.0,14.0,-4.0
0020001087,1610612762,UTA,Utah,252,Karl Malone,Karl,G,,39:51,8.0,17.0,0.471,0.0,0.0,0.0,5.0,8.0,0.625,1.0,8.0,9.0,5.0,3.0,1.0,3.0,3.0,21.0,-5.0
0020001087,1610612762,UTA,Utah,178,Olden Polynice,Olden,F,,22:24,3.0,5.0,0.6,0.0,0.0,0.0,0.0,0.0,0.0,2.0,5.0,7.0,1.0,0.0,0.0,1.0,4.0,6.0,5.0
0020001087,1610612762,UTA,Utah,304,John Stockton,John,G,,27:37,4.0,10.0,0.4,1.0,3.0,0.333,2.0,2.0,1.0,1.0,2.0,3.0,4.0,2.0,0.0,5.0,3.0,11.0,5.0
0020001087,1610612762,UTA,Utah,935,Bryon Russell,Bryon,G,,45:34,4.0,10.0,0.4,4.0,6.0,0.667,0.0,0.0,0.0,1.0,4.0,5.0,1.0,1.0,0.0,2.0,3.0,12.0,-10.0
0020001087,1610612762,UTA,Utah,1521,Jacque Vaughn,Jacque,F,,15:04,0.0,3.0,0.0,0.0,0.0,0.0,6.0,6.0,1.0,0.0,0.0,0.0,3.0,1.0,0.0,3.0,2.0,6.0,-6.0
0020001087,1610612762,UTA,Utah,731,Greg Ostertag,Greg,F,,17:25,0.0,2.0,0.0,0.0,0.0,0.0,0.0,0.0,0.0,3.0,3.0,6.0,0.0,1.0,1.0,0.0,1.0,0.0,-10.0
0020001087,1610612762,UTA,Utah,317,John Starks,John,G,,23:08,4.0,9.0,0.444,1.0,3.0,0.333,0.0,0.0,0.0,1.0,1.0,2.0,2.0,3.0,0.0,1.0,4.0,9.0,5.0
0020001087,1610612762,UTA,Utah,330,Danny Manning,Danny,G,,9:49,2.0,5.0,0.4,0.0,0.0,0.0,1.0,2.0,0.5,0.0,1.0,1.0,0.0,0.0,0.0,1.0,2.0,5.0,-5.0
0020001087,1610612762,UTA,Utah,180,John Crotty,John,F,,5:19,1.0,1.0,1.0,0.0,0.0,0.0,0.0,0.0,0.0,1.0,0.0,1.0,1.0,0.0,0.0,1.0,1.0,2.0,-5.0
0020001087,1610612762,UTA,Utah,1345,,,, ,,,,,,,,,,,,,,,,,,,,
0020001087,1610612762,UTA,Utah,1347,,,, ,,,,,,,,,,,,,,,,,,,,
0020001087,1610612762,UTA,Utah,1348,,,, ,,,,,,,,,,,,,,,,,,,,
0020001087,1610612762,UTA,Utah,1372,,,, ,,,,,,,,,,,,,,,,,,,,
0020001087,1610612762,UTA,Utah,1228,,,, ,,,,,,,,,,,,,,,,,,,,
0020001087,1610612762,UTA,Utah,1794,,,, ,,,,,,,,,,,,,,,,,,,,
0020001087,1610612762,UTA,Utah,1900,Quincy Lewis,Quincy,,DNP - Coach's Decision,,,,,,,,,,,,,,,,,,,,
0020001087,1610612762,UTA,Utah,1909,Scott Padgett,Scott,,DNP - Coach's Decision,,,,,,,,,,,,,,,,,,,,
0020001082,1610612764,WAS,Washington,2042,Courtney Alexander,Courtney,F,,46:45,8.0,17.0,0.471,2.0,2.0,1.0,4.0,4.0,1.0,0.0,3.0,3.0,4.0,2.0,0.0,1.0,1.0,22.0,-11.0
0020001082,1610612764,WAS,Washington,363,Christian Laettner,Christian,F,,34:23,4.0,7.0,0.571,0.0,0.0,0.0,4.0,4.0,1.0,0.0,2.0,2.0,3.0,0.0,0.0,5.0,5.0,12.0,-1.0
0020001082,1610612764,WAS,Washington,1751,Jahidi White,Jahidi,C,,33:40,3.0,7.0,0.429,0.0,0.0,0.0,0.0,4.0,0.0,1.0,6.0,7.0,2.0,2.0,1.0,5.0,3.0,6.0,1.0
0020001082,1610612764,WAS,Washington,1888,Richard Hamilton,Richard,G,,43:11,12.0,20.0,0.6,2.0,4.0,0.5,5.0,6.0,0.833,0.0,4.0,4.0,2.0,1.0,0.0,1.0,2.0,31.0,-7.0
0020001082,1610612764,WAS,Washington,1919,Laron Profit,Laron,G,,35:17,2.0,5.0,0.4,0.0,1.0,0.0,0.0,0.0,0.0,2.0,2.0,4.0,4.0,0.0,0.0,3.0,4.0,4.0,-13.0
0020001082,1610612764,WAS,Washington,63,Michael Smith,Michael,G,,20:59,1.0,1.0,1.0,0.0,0.0,0.0,1.0,2.0,0.5,1.0,4.0,5.0,0.0,1.0,0.0,1.0,2.0,3.0,-14.0
0020001082,1610612764,WAS,Washington,2128,David Vanterpool,David,G,,13:09,1.0,7.0,0.143,0.0,2.0,0.0,0.0,0.0,0.0,0.0,1.0,1.0,2.0,2.0,0.0,1.0,1.0,2.0,-2.0
0020001082,1610612764,WAS,Washington,461,Popeye Jones,Popeye,C,,6:33,0.0,0.0,0.0,0.0,0.0,0.0,0.0,0.0,0.0,1.0,1.0,2.0,0.0,0.0,0.0,0.0,1.0,0.0,-10.0
0020001082,1610612764,WAS,Washington,1838,Tyrone Nesby,Tyrone,G,,6:04,0.0,2.0,0.0,0.0,2.0,0.0,0.0,0.0,0.0,0.0,0.0,0.0,0.0,0.0,1.0,0.0,0.0,0.0,-8.0
0020001082,1610612764,WAS,Washington,2093,,,, ,,,,,,,,,,,,,,,,,,,,
0020001082,1610612764,WAS,Washington,2095,,,, ,,,,,,,,,,,,,,,,,,,,
0020001082,1610612764,WAS,Washington,2171,,,, ,,,,,,,,,,,,,,,,,,,,
0020001082,1610612764,WAS,Washington,1245,,,, ,,,,,,,,,,,,,,,,,,,,
0020001082,1610612764,WAS,Washington,1251,,,, ,,,,,,,,,,,,,,,,,,,,
0020001082,1610612764,WAS,Washington,1271,,,, ,,,,,,,,,,,,,,,,,,,,
0020001082,1610612764,WAS,Washington,1340,,,, ,,,,,,,,,,,,,,,,,,,,
0020001082,1610612764,WAS,Washington,1360,,,, ,,,,,,,,,,,,,,,,,,,,
0020001082,1610612764,WAS,Washington,93,Hubert Davis,Hubert,,NWT - Sprained Right Hamstring,,,,,,,,,,,,,,,,,,,,
0020001082,1610612764,WAS,Washington,2065,Mike Smith,Mike,,DNP - Coach's Decision,,,,,,,,,,,,,,,,,,,,
0020001082,1610612764,WAS,Washington,919,Loy Vaught,Loy,,DNP - Coach's Decision,,,,,,,,,,,,,,,,,,,,
0020001082,1610612752,NYK,New York,913,Larry Johnson,Larry,F,,23:01,2.0,6.0,0.333,0.0,0.0,0.0,1.0,2.0,0.5,2.0,1.0,3.0,1.0,0.0,0.0,1.0,4.0,5.0,-4.0
0020001082,1610612752,NYK,New York,84,Latrell Sprewell,Latrell,F,,32:36,4.0,10.0,0.4,0.0,1.0,0.0,1.0,2.0,0.5,0.0,1.0,1.0,1.0,0.0,0.0,4.0,3.0,9.0,-4.0
0020001082,1610612752,NYK,New York,948,Marcus Camby,Marcus,C,,36:26,7.0,11.0,0.636,0.0,0.0,0.0,2.0,2.0,1.0,2.0,11.0,13.0,1.0,2.0,2.0,1.0,2.0,16.0,13.0
0020001082,1610612752,NYK,New York,275,Allan Houston,Allan,G,,36:53,10.0,14.0,0.714,2.0,4.0,0.5,1.0,1.0,1.0,0.0,1.0,1.0,2.0,0.0,0.0,0.0,3.0,23.0,14.0
0020001082,1610612752,NYK,New York,349,Mark Jackson,Mark,G,,22:52,2.0,7.0,0.286,1.0,2.0,0.5,0.0,0.0,0.0,1.0,4.0,5.0,4.0,0.0,0.0,2.0,0.0,5.0,-6.0
0020001082,1610612752,NYK,New York,703,Kurt Thomas,Kurt,G,,30:01,4.0,8.0,0.5,0.0,0.0,0.0,2.0,4.0,0.5,3.0,3.0,6.0,0.0,0.0,0.0,2.0,4.0,10.0,15.0
0020001082,1610612752,NYK,New York,779,Glen Rice,Glen,G,,26:57,8.0,9.0,0.889,1.0,2.0,0.5,1.0,1.0,1.0,0.0,0.0,0.0,2.0,2.0,0.0,2.0,2.0,18.0,18.0
0020001082,1610612752,NYK,New York,369,Charlie Ward,Charlie,G,,25:08,2.0,6.0,0.333,1.0,2.0,0.5,0.0,0.0,0.0,0.0,2.0,2.0,8.0,3.0,0.0,1.0,1.0,5.0,19.0
0020001082,1610612752,NYK,New York,970,Othella Harrington,Othella,C,,6:07,1.0,2.0,0.5,0.0,0.0,0.0,0.0,0.0,0.0,1.0,0.0,1.0,0.0,0.0,1.0,1.0,1.0,2.0,0.0
0020001082,1610612752,NYK,New York,1297,,,, ,,,,,,,,,,,,,,,,,,,,
0020001082,1610612752,NYK,New York,1298,,,, ,,,,,,,,,,,,,,,,,,,,
0020001082,1610612752,NYK,New York,1301,,,, ,,,,,,,,,,,,,,,,,,,,
0020001082,1610612752,NYK,New York,1302,,,, ,,,,,,,,,,,,,,,,,,,,
0020001082,1610612752,NYK,New York,1790,,,, ,,,,,,,,,,,,,,,,,,,,
0020001082,1610612752,NYK,New York,1791,,,, ,,,,,,,,,,,,,,,,,,,,
0020001082,1610612752,NYK,New York,2167,,,, ,,,,,,,,,,,,,,,,,,,,
0020001082,1610612752,NYK,New York,2168,,,, ,,,,,,,,,,,,,,,,,,,,
0020001082,1610612752,NYK,New York,969,Travis Knight,Travis,,DNP - Coach's Decision,,,,,,,,,,,,,,,,,,,,
0020001082,1610612752,NYK,New York,2068,Lavor Postell,Lavor,,NWT - Sore Throat,,,,,,,,,,,,,,,,,,,,
0020001082,1610612752,NYK,New York,280,Felton Spencer,Felton,,DNP - Coach's Decision,,,,,,,,,,,,,,,,,,,,
0020001083,1610612747,LAL,Los Angeles,296,Rick Fox,Rick,F,,29:22,4.0,10.0,0.4,1.0,5.0,0.2,0.0,0.0,0.0,0.0,4.0,4.0,3.0,2.0,1.0,1.0,2.0,9.0,13.0
0020001083,1610612747,LAL,Los Angeles,270,Horace Grant,Horace,F,,24:52,4.0,8.0,0.5,0.0,0.0,0.0,2.0,2.0,1.0,1.0,4.0,5.0,3.0,1.0,0.0,0.0,3.0,10.0,13.0
0020001083,1610612747,LAL,Los Angeles,406,Shaquille O'Neal,Shaquille,F,,38:59,13.0,17.0,0.765,0.0,0.0,0.0,13.0,22.0,0.591,1.0,9.0,10.0,5.0,0.0,2.0,1.0,4.0,39.0,14.0
0020001083,1610612747,LAL,Los Angeles,965,Derek Fisher,Derek,G,,39:11,2.0,3.0,0.667,0.0,0.0,0.0,2.0,2.0,1.0,0.0,3.0,3.0,7.0,2.0,0.0,2.0,4.0,6.0,19.0
0020001083,1610612747,LAL,Los Angeles,216,Brian Shaw,Brian,G,,25:32,4.0,5.0,0.8,0.0,0.0,0.0,0.0,0.0,0.0,1.0,5.0,6.0,5.0,0.0,1.0,4.0,1.0,8.0,6.0
0020001083,1610612747,LAL,Los Angeles,109,Robert Horry,Robert,G,,12:15,0.0,4.0,0.0,0.0,3.0,0.0,0.0,0.0,0.0,0.0,4.0,4.0,1.0,0.0,0.0,0.0,5.0,0.0,6.0
0020001083,1610612747,LAL,Los Angeles,1904,Devean George,Devean,C,,18:38,4.0,9.0,0.444,0.0,0.0,0.0,1.0,2.0,0.5,1.0,4.0,5.0,0.0,0.0,0.0,0.0,0.0,9.0,-1.0
0020001083,1610612747,LAL,Los Angeles,2058,Mark Madsen,Mark,C,,16:58,4.0,6.0,0.667,0.0,0.0,0.0,0.0,0.0,0.0,2.0,2.0,4.0,1.0,1.0,0.0,0.0,3.0,8.0,-7.0
0020001083,1610612747,LAL,Los Angeles,2130,Mike Penberthy,Mike,G,,17:03,1.0,3.0,0.333,1.0,3.0,0.333,0.0,0.0,0.0,0.0,0.0,0.0,3.0,0.0,0.0,2.0,0.0,3.0,-4.0
0020001083,1610612747,LAL,Los Angeles,375,Isaiah Rider,Isaiah,F,,14:34,4.0,6.0,0.667,0.0,0.0,0.0,0.0,0.0,0.0,1.0,0.0,1.0,3.0,1.0,0.0,1.0,2.0,8.0,5.0
0020001083,1610612747,LAL,Los Angeles,323,Greg Foster,Greg,,,2:36,0.0,1.0,0.0,0.0,0.0,0.0,0.0,0.0,0.0,1.0,1.0,2.0,0.0,0.0,0.0,0.0,1.0,0.0,-4.0
0020001083,1610612747,LAL,Los Angeles,1221,,,, ,,,,,,,,,,,,,,,,,,,,
0020001083,1610612747,LAL,Los Angeles,1223,,,, ,,,,,,,,,,,,,,,,,,,,
0020001083,1610612747,LAL,Los Angeles,1230,,,, ,,,,,,,,,,,,,,,,,,,,
0020001083,1610612747,LAL,Los Angeles,1219,,,, ,,,,,,,,,,,,,,,,,,,,
0020001083,1610612747,LAL,Los Angeles,1270,,,, ,,,,,,,,,,,,,,,,,,,,
0020001083,1610612747,LAL,Los Angeles,1273,,,, ,,,,,,,,,,,,,,,,,,,,
0020001083,1610612747,LAL,Los Angeles,977,Kobe Bryant,Kobe,,DND - Sore Left Foot,,,,,,,,,,,,,,,,,,,,
0020001083,1610612741,CHI,Chicago,1897,Metta World Peace,Metta,F,,33:37,3.0,10.0,0.3,1.0,2.0,0.5,0.0,2.0,0.0,1.0,0.0,1.0,3.0,3.0,1.0,3.0,6.0,7.0,-21.0
0020001083,1610612741,CHI,Chicago,1882,Elton Brand,Elton,G,,35:56,4.0,15.0,0.267,0.0,0.0,0.0,9.0,11.0,0.818,3.0,4.0,7.0,5.0,0.0,0.0,1.0,4.0,17.0,-17.0
0020001083,1610612741,CHI,Chicago,1802,Brad Miller,Brad,G,,31:57,6.0,13.0,0.462,0.0,0.0,0.0,9.0,12.0,0.75,3.0,3.0,6.0,3.0,2.0,0.0,1.0,5.0,21.0,-12.0
0020001083,1610612741,CHI,Chicago,2037,Jamal Crawford,Jamal,G,,29:30,2.0,10.0,0.2,1.0,5.0,0.2,0.0,0.0,0.0,0.0,2.0,2.0,1.0,1.0,0.0,1.0,0.0,5.0,-8.0
0020001083,1610612741,CHI,Chicago,697,Fred Hoiberg,Fred,G,,40:47,5.0,8.0,0.625,0.0,1.0,0.0,4.0,4.0,1.0,0.0,7.0,7.0,5.0,0.0,0.0,0.0,0.0,14.0,-8.0
0020001083,1610612741,CHI,Chicago,1736,Corey Benjamin,Corey,F,,12:22,2.0,3.0,0.667,1.0,2.0,0.5,1.0,2.0,0.5,0.0,2.0,2.0,1.0,0.0,1.0,0.0,1.0,6.0,-1.0
0020001083,1610612741,CHI,Chicago,2033,Marcus Fizer,Marcus,G,,17:35,2.0,4.0,0.5,0.0,0.0,0.0,0.0,2.0,0.0,2.0,3.0,5.0,0.0,0.0,0.0,2.0,2.0,4.0,3.0
0020001083,1610612741,CHI,Chicago,2062,A.J. Guyton,A.J.,F,,25:31,5.0,6.0,0.833,2.0,2.0,1.0,0.0,0.0,0.0,1.0,2.0,3.0,3.0,1.0,0.0,1.0,1.0,12.0,2.0
0020001083,1610612741,CHI,Chicago,2053,Dalibor Bagaric,Dalibor,,,3:59,0.0,2.0,0.0,0.0,0.0,0.0,2.0,2.0,1.0,0.0,2.0,2.0,0.0,0.0,0.0,1.0,1.0,2.0,0.0
0020001083,1610612741,CHI,Chicago,1864,Steve Goodrich,Steve,,,4:12,0.0,2.0,0.0,0.0,1.0,0.0,0.0,0.0,0.0,1.0,0.0,1.0,0.0,0.0,0.0,1.0,0.0,0.0,-2.0
0020001083,1610612741,CHI,Chicago,2063,Jake Voskuhl,Jake,,,4:34,0.0,0.0,0.0,0.0,0.0,0.0,0.0,2.0,0.0,0.0,0.0,0.0,0.0,0.0,0.0,0.0,2.0,0.0,4.0
0020001083,1610612741,CHI,Chicago,2153,,,, ,,,,,,,,,,,,,,,,,,,,
0020001083,1610612741,CHI,Chicago,1254,,,, ,,,,,,,,,,,,,,,,,,,,
0020001083,1610612741,CHI,Chicago,1220,,,, ,,,,,,,,,,,,,,,,,,,,
0020001083,1610612741,CHI,Chicago,1779,,,, ,,,,,,,,,,,,,,,,,,,,
0020001083,1610612741,CHI,Chicago,1780,,,, ,,,,,,,,,,,,,,,,,,,,
0020001083,1610612741,CHI,Chicago,1346,,,, ,,,,,,,,,,,,,,,,,,,,
0020001083,1610612741,CHI,Chicago,1500,Ron Mercer,Ron,,DND - Right Ankle Tendonitis,,,,,,,,,,,,,,,,,,,,
0020001085,1610612760,SEA,Seattle,1740,Rashard Lewis,Rashard,F,,31:08,3.0,8.0,0.375,0.0,1.0,0.0,1.0,2.0,0.5,2.0,9.0,11.0,2.0,0.0,1.0,1.0,1.0,7.0,5.0
0020001085,1610612760,SEA,Seattle,1741,Jelani McCoy,Jelani,F,,15:31,1.0,2.0,0.5,0.0,0.0,0.0,0.0,0.0,0.0,0.0,4.0,4.0,0.0,1.0,1.0,1.0,2.0,2.0,6.0
0020001085,1610612760,SEA,Seattle,121,Patrick Ewing,Patrick,C,,19:24,1.0,6.0,0.167,0.0,0.0,0.0,3.0,4.0,0.75,1.0,6.0,7.0,0.0,0.0,2.0,3.0,3.0,5.0,-3.0
0020001085,1610612760,SEA,Seattle,1023,Emanual Davis,Emanual,G,,26:55,2.0,6.0,0.333,0.0,1.0,0.0,0.0,0.0,0.0,3.0,1.0,4.0,6.0,1.0,0.0,0.0,1.0,4.0,0.0
0020001085,1610612760,SEA,Seattle,56,Gary Payton,Gary,G,,45:06,10.0,21.0,0.476,0.0,2.0,0.0,0.0,0.0,0.0,1.0,4.0,5.0,6.0,0.0,0.0,4.0,2.0,20.0,-3.0
0020001085,1610612760,SEA,Seattle,1739,Ruben Patterson,Ruben,F,,25:00,4.0,10.0,0.4,0.0,0.0,0.0,4.0,5.0,0.8,2.0,1.0,3.0,1.0,0.0,0.0,3.0,0.0,12.0,-15.0
0020001085,1610612760,SEA,Seattle,452,Vin Baker,Vin,G,,27:14,10.0,16.0,0.625,0.0,0.0,0.0,0.0,0.0,0.0,2.0,2.0,4.0,1.0,0.0,0.0,1.0,4.0,20.0,-2.0
0020001085,1610612760,SEA,Seattle,699,Brent Barry,Brent,G,,24:00,3.0,7.0,0.429,3.0,5.0,0.6,0.0,0.0,0.0,0.0,0.0,0.0,1.0,0.0,0.0,0.0,0.0,9.0,3.0
0020001085,1610612760,SEA,Seattle,2046,Desmond Mason,Desmond,F,,16:52,2.0,4.0,0.5,1.0,1.0,1.0,0.0,0.0,0.0,1.0,1.0,2.0,0.0,1.0,0.0,0.0,0.0,5.0,-8.0
0020001085,1610612760,SEA,Seattle,1742,Shammond Williams,Shammond,C,,8:50,2.0,2.0,1.0,0.0,0.0,0.0,0.0,0.0,0.0,0.0,0.0,0.0,2.0,0.0,0.0,0.0,0.0,4.0,2.0
0020001085,1610612760,SEA,Seattle,1335,,,, ,,,,,,,,,,,,,,,,,,,,
0020001085,1610612760,SEA,Seattle,1338,,,, ,,,,,,,,,,,,,,,,,,,,
0020001085,1610612760,SEA,Seattle,1349,,,, ,,,,,,,,,,,,,,,,,,,,
0020001085,1610612760,SEA,Seattle,1778,,,, ,,,,,,,,,,,,,,,,,,,,
0020001085,1610612760,SEA,Seattle,2071,Olumide Oyedeji,Olumide,,DNP - Coach's Decision,,,,,,,,,,,,,,,,,,,,
0020001085,1610612760,SEA,Seattle,2106,Ruben Wolkowyski,Ruben,,DNP - Coach's Decision,,,,,,,,,,,,,,,,,,,,
0020001085,1610612745,HOU,Houston,1000,Shandon Anderson,Shandon,F,,39:50,7.0,14.0,0.5,1.0,3.0,0.333,0.0,0.0,0.0,2.0,2.0,4.0,5.0,3.0,1.0,0.0,2.0,15.0,5.0
0020001085,1610612745,HOU,Houston,1903,Kenny Thomas,Kenny,G,,35:53,8.0,12.0,0.667,0.0,1.0,0.0,1.0,2.0,0.5,3.0,7.0,10.0,1.0,2.0,2.0,1.0,3.0,17.0,0.0
0020001085,1610612745,HOU,Houston,165,Hakeem Olajuwon,Hakeem,C,,33:08,3.0,14.0,0.214,0.0,0.0,0.0,1.0,4.0,0.25,2.0,5.0,7.0,3.0,0.0,2.0,1.0,4.0,7.0,8.0
0020001085,1610612745,HOU,Houston,1883,Steve Francis,Steve,G,,43:16,7.0,14.0,0.5,0.0,2.0,0.0,2.0,4.0,0.5,1.0,1.0,2.0,7.0,3.0,0.0,4.0,1.0,16.0,4.0
0020001085,1610612745,HOU,Houston,1749,Cuttino Mobley,Cuttino,G,,40:44,7.0,17.0,0.412,5.0,7.0,0.714,2.0,3.0,0.667,0.0,3.0,3.0,2.0,0.0,0.0,0.0,1.0,21.0,-4.0
0020001085,1610612745,HOU,Houston,1509,Kelvin Cato,Kelvin,F,,13:14,2.0,3.0,0.667,0.0,0.0,0.0,0.0,0.0,0.0,1.0,1.0,2.0,1.0,0.0,0.0,0.0,4.0,4.0,-3.0
0020001085,1610612745,HOU,Houston,983,Moochie Norris,Moochie,G,,22:12,2.0,3.0,0.667,0.0,0.0,0.0,0.0,0.0,0.0,0.0,2.0,2.0,4.0,0.0,0.0,2.0,1.0,4.0,-3.0
0020001085,1610612745,HOU,Houston,1005,Walt Williams,Walt,,,11:43,3.0,4.0,0.75,1.0,1.0,1.0,0.0,0.0,0.0,0.0,3.0,3.0,2.0,1.0,0.0,1.0,0.0,7.0,8.0
0020001085,1610612745,HOU,Houston,1255,,,, ,,,,,,,,,,,,,,,,,,,,
0020001085,1610612745,HOU,Houston,1256,,,, ,,,,,,,,,,,,,,,,,,,,
0020001085,1610612745,HOU,Houston,1257,,,, ,,,,,,,,,,,,,,,,,,,,
0020001085,1610612745,HOU,Houston,1258,,,, ,,,,,,,,,,,,,,,,,,,,
0020001085,1610612745,HOU,Houston,825,,,, ,,,,,,,,,,,,,,,,,,,,
0020001085,1610612745,HOU,Houston,1997,,,, ,,,,,,,,,,,,,,,,,,,,
0020001085,1610612745,HOU,Houston,672,Matt Bullard,Matt,,DNP - Coach's Decision,,,,,,,,,,,,,,,,,,,,
0020001085,1610612745,HOU,Houston,2173,Sean Colson,Sean,,DNP - Coach's Decision,,,,,,,,,,,,,,,,,,,,
0020001085,1610612745,HOU,Houston,2061,Dan Langhi,Dan,,DNP - Coach's Decision,,,,,,,,,,,,,,,,,,,,
0020001085,1610612745,HOU,Houston,435,Carlos Rogers,Carlos,,DND - Conjunctivitis,,,,,,,,,,,,,,,,,,,,
0020001086,1610612759,SAS,San Antonio,1495,Tim Duncan,Tim,F,,37:54,10.0,16.0,0.625,0.0,0.0,0.0,16.0,19.0,0.842,4.0,9.0,13.0,4.0,0.0,1.0,3.0,3.0,36.0,14.0
0020001086,1610612759,SAS,San Antonio,198,Danny Ferry,Danny,F,,13:24,1.0,3.0,0.333,0.0,2.0,0.0,0.0,0.0,0.0,1.0,1.0,2.0,1.0,0.0,0.0,0.0,1.0,2.0,-1.0
0020001086,1610612759,SAS,San Antonio,764,David Robinson,David,C,,20:01,1.0,4.0,0.25,0.0,0.0,0.0,2.0,4.0,0.5,0.0,6.0,6.0,1.0,0.0,0.0,1.0,1.0,4.0,2.0
0020001086,1610612759,SAS,San Antonio,1507,Derek Anderson,Derek,G,,40:17,6.0,13.0,0.462,2.0,5.0,0.4,3.0,4.0,0.75,0.0,1.0,1.0,3.0,4.0,0.0,3.0,0.0,17.0,12.0
0020001086,1610612759,SAS,San Antonio,345,Terry Porter,Terry,G,,25:04,1.0,6.0,0.167,0.0,4.0,0.0,0.0,0.0,0.0,0.0,2.0,2.0,6.0,0.0,2.0,1.0,0.0,2.0,8.0
0020001086,1610612759,SAS,San Antonio,251,Sean Elliott,Sean,F,,23:59,3.0,7.0,0.429,2.0,3.0,0.667,1.0,2.0,0.5,0.0,3.0,3.0,1.0,0.0,1.0,1.0,2.0,9.0,14.0
0020001086,1610612759,SAS,San Antonio,955,Samaki Walker,Samaki,C,,15:30,4.0,7.0,0.571,0.0,0.0,0.0,0.0,0.0,0.0,1.0,5.0,6.0,1.0,0.0,2.0,1.0,0.0,8.0,12.0
0020001086,1610612759,SAS,San Antonio,422,Avery Johnson,Avery,G,,20:45,2.0,5.0,0.4,0.0,0.0,0.0,1.0,1.0,1.0,2.0,1.0,3.0,12.0,1.0,0.0,1.0,2.0,5.0,16.0
0020001086,1610612759,SAS,San Antonio,1498,Antonio Daniels,Antonio,F,,16:32,1.0,2.0,0.5,1.0,1.0,1.0,0.0,0.0,0.0,0.0,1.0,1.0,2.0,0.0,1.0,1.0,1.0,3.0,11.0
0020001086,1610612759,SAS,San Antonio,990,Malik Rose,Malik,F,,19:54,4.0,7.0,0.571,1.0,1.0,1.0,1.0,2.0,0.5,1.0,6.0,7.0,2.0,1.0,0.0,0.0,2.0,10.0,13.0
0020001086,1610612759,SAS,San Antonio,70,Steve Kerr,Steve,,,3:59,0.0,0.0,0.0,0.0,0.0,0.0,0.0,0.0,0.0,0.0,0.0,0.0,0.0,0.0,0.0,0.0,0.0,0.0,3.0
0020001086,1610612759,SAS,San Antonio,1035,Shawnelle Scott,Shawnelle,,,2:41,2.0,2.0,1.0,0.0,0.0,0.0,1.0,2.0,0.5,0.0,0.0,0.0,0.0,1.0,0.0,1.0,2.0,5.0,1.0
0020001086,1610612759,SAS,San Antonio,873,,,, ,,,,,,,,,,,,,,,,,,,,
0020001086,1610612759,SAS,San Antonio,1264,,,, ,,,,,,,,,,,,,,,,,,,,
0020001086,1610612759,SAS,San Antonio,1331,,,, ,,,,,,,,,,,,,,,,,,,,
0020001086,1610612759,SAS,San Antonio,1371,,,, ,,,,,,,,,,,,,,,,,,,,
0020001086,1610612759,SAS,San Antonio,1658,,,, ,,,,,,,,,,,,,,,,,,,,
0020001086,1610612743,DEN,Denver,45,George McCloud,George,F,,31:51,5.0,10.0,0.5,2.0,3.0,0.667,0.0,0.0,0.0,3.0,2.0,5.0,7.0,2.0,0.0,2.0,3.0,12.0,-14.0
0020001086,1610612743,DEN,Denver,686,Antonio McDyess,Antonio,F,,27:10,6.0,13.0,0.462,0.0,0.0,0.0,1.0,4.0,0.25,1.0,9.0,10.0,3.0,3.0,0.0,2.0,4.0,13.0,7.0
0020001086,1610612743,DEN,Denver,1711,Raef LaFrentz,Raef,C,,28:53,5.0,8.0,0.625,0.0,1.0,0.0,1.0,2.0,0.5,1.0,4.0,5.0,1.0,0.0,3.0,3.0,6.0,11.0,-5.0
0020001086,1610612743,DEN,Denver,123,Robert Pack,Robert,G,,40:13,8.0,14.0,0.571,0.0,0.0,0.0,4.0,6.0,0.667,0.0,1.0,1.0,7.0,1.0,0.0,2.0,2.0,20.0,-16.0
0020001086,1610612743,DEN,Denver,1899,James Posey,James,G,,36:01,5.0,17.0,0.294,0.0,1.0,0.0,2.0,2.0,1.0,7.0,4.0,11.0,1.0,0.0,0.0,1.0,0.0,12.0,-4.0
0020001086,1610612743,DEN,Denver,89,Nick Van Exel,Nick,G,,27:26,2.0,7.0,0.286,0.0,1.0,0.0,0.0,0.0,0.0,1.0,2.0,3.0,6.0,0.0,0.0,2.0,2.0,4.0,-24.0
0020001086,1610612743,DEN,Denver,788,Kevin Willis,Kevin,C,,23:34,2.0,10.0,0.2,0.0,0.0,0.0,0.0,0.0,0.0,2.0,5.0,7.0,0.0,1.0,1.0,2.0,3.0,4.0,-29.0
0020001086,1610612743,DEN,Denver,1763,Ryan Bowen,Ryan,,,13:58,2.0,4.0,0.5,0.0,0.0,0.0,0.0,2.0,0.0,1.0,1.0,2.0,0.0,1.0,0.0,1.0,1.0,4.0,-10.0
0020001086,1610612743,DEN,Denver,2082,Dan McClintock,Dan,,,7:09,0.0,2.0,0.0,0.0,0.0,0.0,0.0,0.0,0.0,0.0,2.0,2.0,0.0,0.0,0.0,0.0,1.0,0.0,-9.0
0020001086,1610612743,DEN,Denver,924,Anthony Goldwire,Anthony,,,3:45,0.0,1.0,0.0,0.0,0.0,0.0,0.0,0.0,0.0,0.0,0.0,0.0,0.0,0.0,0.0,0.0,0.0,0.0,-1.0
0020001086,1610612743,DEN,Denver,1207,,,, ,,,,,,,,,,,,,,,,,,,,
0020001086,1610612743,DEN,Denver,1216,,,, ,,,,,,,,,,,,,,,,,,,,
0020001086,1610612743,DEN,Denver,1240,,,, ,,,,,,,,,,,,,,,,,,,,
0020001086,1610612743,DEN,Denver,1241,,,, ,,,,,,,,,,,,,,,,,,,,
0020001086,1610612743,DEN,Denver,1784,,,, ,,,,,,,,,,,,,,,,,,,,
0020001086,1610612743,DEN,Denver,1785,,,, ,,,,,,,,,,,,,,,,,,,,
0020001086,1610612743,DEN,Denver,1786,,,, ,,,,,,,,,,,,,,,,,,,,
0020001086,1610612743,DEN,Denver,1995,,,, ,,,,,,,,,,,,,,,,,,,,
0020001086,1610612743,DEN,Denver,2007,,,, ,,,,,,,,,,,,,,,,,,,,
0020001086,1610612743,DEN,Denver,384,Calbert Cheaney,Calbert,,DND-INJ-1st Metacarpal Fracture-R Hand,,,,,,,,,,,,,,,,,,,,
0020001086,1610612743,DEN,Denver,702,Voshon Lenard,Voshon,,DNP - Coach's Decision,,,,,,,,,,,,,,,,,,,,
0020001084,1610612737,ATL,Atlanta,389,Toni Kukoc,Toni,G,,29:08,4.0,10.0,0.4,0.0,1.0,0.0,1.0,2.0,0.5,1.0,3.0,4.0,3.0,0.0,0.0,6.0,3.0,9.0,-9.0
0020001084,1610612737,ATL,Atlanta,673,Alan Henderson,Alan,G,,19:46,2.0,4.0,0.5,0.0,0.0,0.0,3.0,4.0,0.75,1.0,4.0,5.0,0.0,0.0,1.0,3.0,1.0,7.0,0.0
0020001084,1610612737,ATL,Atlanta,1737,Nazr Mohammed,Nazr,G,,30:27,8.0,14.0,0.571,0.0,0.0,0.0,7.0,9.0,0.778,3.0,13.0,16.0,0.0,1.0,4.0,2.0,4.0,23.0,9.0
0020001084,1610612737,ATL,Atlanta,1510,Brevin Knight,Brevin,G,,27:22,6.0,11.0,0.545,0.0,1.0,0.0,0.0,0.0,0.0,0.0,2.0,2.0,3.0,2.0,0.0,5.0,2.0,12.0,-15.0
0020001084,1610612737,ATL,Atlanta,1891,Jason Terry,Jason,G,,30:50,3.0,6.0,0.5,1.0,2.0,0.5,3.0,4.0,0.75,0.0,1.0,1.0,3.0,1.0,0.0,0.0,2.0,10.0,-9.0
0020001084,1610612737,ATL,Atlanta,953,Lorenzen Wright,Lorenzen,C,,15:43,2.0,6.0,0.333,0.0,0.0,0.0,0.0,0.0,0.0,1.0,3.0,4.0,0.0,0.0,2.0,1.0,5.0,4.0,-21.0
0020001084,1610612737,ATL,Atlanta,2069,Hanno Mottola,Hanno,G,,14:01,3.0,8.0,0.375,0.0,0.0,0.0,0.0,0.0,0.0,2.0,2.0,4.0,0.0,0.0,0.0,1.0,6.0,6.0,-22.0
0020001084,1610612737,ATL,Atlanta,1074,Matt Maloney,Matt,,,20:38,3.0,7.0,0.429,1.0,4.0,0.25,0.0,0.0,0.0,0.0,1.0,1.0,3.0,0.0,0.0,0.0,1.0,7.0,1.0
0020001084,1610612737,ATL,Atlanta,2035,DerMarr Johnson,DerMarr,F,,18:52,2.0,6.0,0.333,1.0,2.0,0.5,3.0,4.0,0.75,1.0,5.0,6.0,4.0,0.0,0.0,1.0,2.0,8.0,-5.0
0020001084,1610612737,ATL,Atlanta,1901,Dion Glover,Dion,F,,17:10,2.0,7.0,0.286,0.0,1.0,0.0,0.0,0.0,0.0,1.0,2.0,3.0,1.0,2.0,0.0,0.0,0.0,4.0,-5.0
0020001084,1610612737,ATL,Atlanta,1898,Cal Bowdler,Cal,,,16:03,2.0,5.0,0.4,0.0,0.0,0.0,0.0,0.0,0.0,1.0,3.0,4.0,1.0,0.0,0.0,0.0,2.0,4.0,6.0
0020001084,1610612737,ATL,Atlanta,2094,,,, ,,,,,,,,,,,,,,,,,,,,
0020001084,1610612737,ATL,Atlanta,2150,,,, ,,,,,,,,,,,,,,,,,,,,
0020001084,1610612737,ATL,Atlanta,2151,,,, ,,,,,,,,,,,,,,,,,,,,
0020001084,1610612737,ATL,Atlanta,1260,,,, ,,,,,,,,,,,,,,,,,,,,
0020001084,1610612737,ATL,Atlanta,1774,,,, ,,,,,,,,,,,,,,,,,,,,
0020001084,1610612737,ATL,Atlanta,1544,Chris Crawford,Chris,,DND - Sprained Left Ankle,,,,,,,,,,,,,,,,,,,,
0020001084,1610612742,DAL,Dallas,436,Juwan Howard,Juwan,G,,31:42,6.0,14.0,0.429,0.0,0.0,0.0,8.0,10.0,0.8,1.0,6.0,7.0,2.0,1.0,1.0,2.0,3.0,20.0,15.0
0020001084,1610612742,DAL,Dallas,1717,Dirk Nowitzki,Dirk,G,,34:25,5.0,12.0,0.417,3.0,5.0,0.6,5.0,5.0,1.0,1.0,4.0,5.0,2.0,5.0,0.0,1.0,1.0,18.0,15.0
0020001084,1610612742,DAL,Dallas,1916,Calvin Booth,Calvin,C,,20:31,4.0,8.0,0.5,0.0,0.0,0.0,4.0,4.0,1.0,1.0,2.0,3.0,1.0,1.0,2.0,2.0,4.0,12.0,-9.0
0020001084,1610612742,DAL,Dallas,714,Michael Finley,Michael,G,,34:24,4.0,14.0,0.286,1.0,4.0,0.25,2.0,3.0,0.667,0.0,1.0,1.0,5.0,1.0,1.0,2.0,0.0,11.0,6.0
0020001084,1610612742,DAL,Dallas,959,Steve Nash,Steve,G,,22:40,2.0,5.0,0.4,0.0,1.0,0.0,0.0,0.0,0.0,0.0,1.0,1.0,6.0,1.0,0.0,0.0,2.0,4.0,-2.0
0020001084,1610612742,DAL,Dallas,762,Shawn Bradley,Shawn,G,,27:02,6.0,12.0,0.5,0.0,1.0,0.0,4.0,5.0,0.8,5.0,10.0,15.0,0.0,0.0,3.0,1.0,0.0,16.0,23.0
0020001084,1610612742,DAL,Dallas,137,Vernon Maxwell,Vernon,F,,10:05,2.0,4.0,0.5,2.0,3.0,0.667,0.0,0.0,0.0,0.0,1.0,1.0,0.0,0.0,0.0,0.0,1.0,6.0,21.0
0020001084,1610612742,DAL,Dallas,458,Howard Eisley,Howard,F,,32:13,2.0,4.0,0.5,1.0,2.0,0.5,3.0,4.0,0.75,0.0,2.0,2.0,7.0,1.0,0.0,1.0,3.0,8.0,9.0
0020001084,1610612742,DAL,Dallas,2059,Eduardo Najera,Eduardo,,,15:48,3.0,3.0,1.0,0.0,0.0,0.0,1.0,2.0,0.5,1.0,0.0,1.0,1.0,0.0,0.0,0.0,1.0,7.0,0.0
0020001084,1610612742,DAL,Dallas,1917,Wang Zhi-zhi,Wang,,,8:07,2.0,5.0,0.4,0.0,1.0,0.0,2.0,2.0,1.0,0.0,3.0,3.0,0.0,0.0,0.0,0.0,2.0,6.0,-6.0
0020001084,1610612742,DAL,Dallas,1918,Obinna Ekezie,Obinna,,,3:03,0.0,4.0,0.0,0.0,0.0,0.0,0.0,0.0,0.0,0.0,2.0,2.0,0.0,0.0,0.0,0.0,1.0,0.0,-2.0
0020001084,1610612742,DAL,Dallas,1782,,,, ,,,,,,,,,,,,,,,,,,,,
0020001084,1610612742,DAL,Dallas,2154,,,, ,,,,,,,,,,,,,,,,,,,,
0020001084,1610612742,DAL,Dallas,1643,,,, ,,,,,,,,,,,,,,,,,,,,
0020001084,1610612742,DAL,Dallas,1269,,,, ,,,,,,,,,,,,,,,,,,,,
0020001084,1610612742,DAL,Dallas,1317,,,, ,,,,,,,,,,,,,,,,,,,,
0020001084,1610612742,DAL,Dallas,1370,,,, ,,,,,,,,,,,,,,,,,,,,
0020001084,1610612742,DAL,Dallas,1483,,,, ,,,,,,,,,,,,,,,,,,,,
0020001084,1610612742,DAL,Dallas,1233,,,, ,,,,,,,,,,,,,,,,,,,,
0020001084,1610612742,DAL,Dallas,1761,Greg Buckner,Greg,,DND - Dislocated Left Knee Cap,,,,,,,,,,,,,,,,,,,,
0020001092,1610612741,CHI,Chicago,2033,Marcus Fizer,Marcus,F,,33:20,5.0,7.0,0.714,0.0,1.0,0.0,0.0,0.0,0.0,1.0,6.0,7.0,2.0,0.0,0.0,3.0,1.0,10.0,9.0
0020001092,1610612741,CHI,Chicago,1882,Elton Brand,Elton,F,,41:36,12.0,25.0,0.48,0.0,0.0,0.0,6.0,6.0,1.0,5.0,4.0,9.0,3.0,0.0,0.0,1.0,4.0,30.0,-1.0
0020001092,1610612741,CHI,Chicago,1802,Brad Miller,Brad,G,,29:52,3.0,8.0,0.375,0.0,0.0,0.0,6.0,8.0,0.75,2.0,8.0,10.0,2.0,0.0,0.0,3.0,5.0,12.0,-17.0
0020001092,1610612741,CHI,Chicago,1897,Metta World Peace,Metta,G,,39:19,6.0,10.0,0.6,0.0,0.0,0.0,4.0,5.0,0.8,0.0,2.0,2.0,3.0,1.0,2.0,3.0,4.0,16.0,4.0
0020001092,1610612741,CHI,Chicago,697,Fred Hoiberg,Fred,G,,41:06,6.0,11.0,0.545,4.0,6.0,0.667,1.0,1.0,1.0,2.0,4.0,6.0,5.0,0.0,0.0,0.0,3.0,17.0,-10.0
0020001092,1610612741,CHI,Chicago,2037,Jamal Crawford,Jamal,G,,19:39,1.0,5.0,0.2,0.0,2.0,0.0,0.0,0.0,0.0,0.0,2.0,2.0,6.0,0.0,0.0,4.0,3.0,2.0,0.0
0020001092,1610612741,CHI,Chicago,1736,Corey Benjamin,Corey,C,,3:11,0.0,1.0,0.0,0.0,0.0,0.0,0.0,0.0,0.0,0.0,0.0,0.0,0.0,0.0,0.0,1.0,0.0,0.0,-7.0
0020001092,1610612741,CHI,Chicago,2063,Jake Voskuhl,Jake,F,,1:57,0.0,0.0,0.0,0.0,0.0,0.0,0.0,0.0,0.0,0.0,0.0,0.0,0.0,0.0,0.0,0.0,1.0,0.0,-4.0
0020001092,1610612741,CHI,Chicago,1864,Steve Goodrich,Steve,G,,15:38,1.0,1.0,1.0,1.0,1.0,1.0,1.0,2.0,0.5,1.0,1.0,2.0,0.0,0.0,0.0,2.0,1.0,4.0,-4.0
0020001092,1610612741,CHI,Chicago,2062,A.J. Guyton,A.J.,,,14:22,1.0,4.0,0.25,0.0,2.0,0.0,0.0,0.0,0.0,0.0,0.0,0.0,1.0,0.0,0.0,0.0,0.0,2.0,-5.0
0020001092,1610612741,CHI,Chicago,1779,,,, ,,,,,,,,,,,,,,,,,,,,
0020001092,1610612741,CHI,Chicago,1780,,,, ,,,,,,,,,,,,,,,,,,,,
0020001092,1610612741,CHI,Chicago,1220,,,, ,,,,,,,,,,,,,,,,,,,,
0020001092,1610612741,CHI,Chicago,1254,,,, ,,,,,,,,,,,,,,,,,,,,
0020001092,1610612741,CHI,Chicago,1346,,,, ,,,,,,,,,,,,,,,,,,,,
0020001092,1610612741,CHI,Chicago,2153,,,, ,,,,,,,,,,,,,,,,,,,,
0020001092,1610612741,CHI,Chicago,2053,Dalibor Bagaric,Dalibor,,DNP - Coach's Decision,,,,,,,,,,,,,,,,,,,,
0020001092,1610612741,CHI,Chicago,1500,Ron Mercer,Ron,,Not With Team - Rt. Ankle Tendinitis,,,,,,,,,,,,,,,,,,,,
0020001092,1610612754,IND,Indiana,1733,Al Harrington,Al,F,,20:15,3.0,6.0,0.5,0.0,0.0,0.0,1.0,2.0,0.5,1.0,2.0,3.0,1.0,0.0,0.0,0.0,2.0,7.0,-5.0
0020001092,1610612754,IND,Indiana,979,Jermaine O'Neal,Jermaine,F,,13:15,3.0,4.0,0.75,0.0,0.0,0.0,1.0,4.0,0.25,0.0,4.0,4.0,1.0,0.0,2.0,2.0,5.0,7.0,0.0
0020001092,1610612754,IND,Indiana,64,Sam Perkins,Sam,C,,18:51,2.0,4.0,0.5,1.0,2.0,0.5,0.0,0.0,0.0,0.0,2.0,2.0,2.0,0.0,0.0,0.0,2.0,5.0,-5.0
0020001092,1610612754,IND,Indiana,397,Reggie Miller,Reggie,G,,38:08,10.0,18.0,0.556,1.0,3.0,0.333,7.0,8.0,0.875,1.0,2.0,3.0,4.0,2.0,1.0,0.0,1.0,28.0,-2.0
0020001092,1610612754,IND,Indiana,147,Jalen Rose,Jalen,G,,42:29,7.0,18.0,0.389,0.0,4.0,0.0,3.0,4.0,0.75,0.0,2.0,2.0,9.0,1.0,0.0,0.0,3.0,17.0,8.0
0020001092,1610612754,IND,Indiana,440,Zan Tabak,Zan,C,,9:09,0.0,2.0,0.0,0.0,0.0,0.0,0.0,0.0,0.0,1.0,2.0,3.0,0.0,0.0,1.0,1.0,1.0,0.0,-2.0
0020001092,1610612754,IND,Indiana,696,Travis Best,Travis,G,,32:33,3.0,7.0,0.429,0.0,0.0,0.0,2.0,2.0,1.0,1.0,1.0,2.0,10.0,6.0,0.0,2.0,1.0,8.0,5.0
0020001092,1610612754,IND,Indiana,1506,Austin Croshere,Austin,G,,26:01,5.0,8.0,0.625,1.0,2.0,0.5,2.0,2.0,1.0,1.0,3.0,4.0,2.0,0.0,0.0,0.0,2.0,13.0,11.0
0020001092,1610612754,IND,Indiana,1902,Jeff Foster,Jeff,F,,29:56,6.0,9.0,0.667,0.0,0.0,0.0,3.0,4.0,0.75,6.0,4.0,10.0,0.0,0.0,2.0,1.0,2.0,15.0,16.0
0020001092,1610612754,IND,Indiana,365,Derrick McKey,Derrick,G,,9:24,0.0,1.0,0.0,0.0,0.0,0.0,0.0,0.0,0.0,0.0,0.0,0.0,2.0,2.0,0.0,0.0,1.0,0.0,9.0
0020001092,1610612754,IND,Indiana,1857,,,, ,,,,,,,,,,,,,,,,,,,,
0020001092,1610612754,IND,Indiana,2165,,,, ,,,,,,,,,,,,,,,,,,,,
0020001092,1610612754,IND,Indiana,1263,,,, ,,,,,,,,,,,,,,,,,,,,
0020001092,1610612754,IND,Indiana,1299,,,, ,,,,,,,,,,,,,,,,,,,,
0020001092,1610612754,IND,Indiana,1306,,,, ,,,,,,,,,,,,,,,,,,,,
0020001092,1610612754,IND,Indiana,2099,,,, ,,,,,,,,,,,,,,,,,,,,
0020001092,1610612754,IND,Indiana,2100,,,, ,,,,,,,,,,,,,,,,,,,,
0020001092,1610612754,IND,Indiana,1886,Jonathan Bender,Jonathan,,DNP - Coach's Decision,,,,,,,,,,,,,,,,,,,,
0020001092,1610612754,IND,Indiana,721,Tyus Edney,Tyus,,DNP - Coach's Decision,,,,,,,,,,,,,,,,,,,,
0020001094,1610612749,MIL,Milwaukee,299,Glenn Robinson,Glenn,F,,42:53,13.0,30.0,0.433,2.0,5.0,0.4,3.0,3.0,1.0,3.0,8.0,11.0,5.0,2.0,1.0,1.0,4.0,31.0,2.0
0020001094,1610612749,MIL,Milwaukee,998,Mark Pope,Mark,F,,16:53,1.0,3.0,0.333,0.0,0.0,0.0,2.0,2.0,1.0,2.0,2.0,4.0,0.0,0.0,1.0,0.0,3.0,4.0,3.0
0020001094,1610612749,MIL,Milwaukee,911,Ervin Johnson,Ervin,G,,30:14,2.0,2.0,1.0,0.0,0.0,0.0,0.0,0.0,0.0,1.0,4.0,5.0,0.0,0.0,3.0,1.0,5.0,4.0,7.0
0020001094,1610612749,MIL,Milwaukee,208,Sam Cassell,Sam,G,,44:44,11.0,18.0,0.611,0.0,0.0,0.0,4.0,6.0,0.667,0.0,4.0,4.0,5.0,0.0,1.0,5.0,5.0,26.0,-5.0
0020001094,1610612749,MIL,Milwaukee,951,Ray Allen,Ray,G,,41:32,5.0,18.0,0.278,1.0,8.0,0.125,11.0,12.0,0.917,0.0,1.0,1.0,3.0,2.0,0.0,3.0,2.0,22.0,5.0
0020001094,1610612749,MIL,Milwaukee,1501,Tim Thomas,Tim,G,,32:10,3.0,11.0,0.273,1.0,4.0,0.25,6.0,6.0,1.0,2.0,3.0,5.0,1.0,3.0,0.0,1.0,2.0,13.0,-12.0
0020001094,1610612749,MIL,Milwaukee,283,Lindsey Hunter,Lindsey,G,,23:42,2.0,7.0,0.286,0.0,4.0,0.0,0.0,0.0,0.0,0.0,2.0,2.0,1.0,3.0,0.0,0.0,1.0,4.0,1.0
0020001094,1610612749,MIL,Milwaukee,679,Jason Caffey,Jason,G,,8:03,1.0,2.0,0.5,0.0,0.0,0.0,0.0,0.0,0.0,0.0,2.0,2.0,0.0,0.0,0.0,0.0,1.0,2.0,-9.0
0020001094,1610612749,MIL,Milwaukee,1032,Darvin Ham,Darvin,F,,10:19,0.0,1.0,0.0,0.0,0.0,0.0,0.0,0.0,0.0,3.0,1.0,4.0,0.0,0.0,0.0,1.0,4.0,0.0,-6.0
0020001094,1610612749,MIL,Milwaukee,281,Scott Williams,Scott,F,,14:30,1.0,5.0,0.2,0.0,0.0,0.0,2.0,2.0,1.0,3.0,3.0,6.0,1.0,0.0,1.0,0.0,1.0,4.0,-1.0
0020001094,1610612749,MIL,Milwaukee,1334,,,, ,,,,,,,,,,,,,,,,,,,,
0020001094,1610612749,MIL,Milwaukee,1337,,,, ,,,,,,,,,,,,,,,,,,,,
0020001094,1610612749,MIL,Milwaukee,2157,,,, ,,,,,,,,,,,,,,,,,,,,
0020001094,1610612749,MIL,Milwaukee,1796,,,, ,,,,,,,,,,,,,,,,,,,,
0020001094,1610612749,MIL,Milwaukee,1797,,,, ,,,,,,,,,,,,,,,,,,,,
0020001094,1610612749,MIL,Milwaukee,1355,,,, ,,,,,,,,,,,,,,,,,,,,
0020001094,1610612749,MIL,Milwaukee,1747,Rafer Alston,Rafer,,DNP - Coach's Decision,,,,,,,,,,,,,,,,,,,,
0020001094,1610612749,MIL,Milwaukee,2038,Joel Przybilla,Joel,,DNP - Coach's Decision,,,,,,,,,,,,,,,,,,,,
0020001094,1610612746,LAC,Los Angeles,1885,Lamar Odom,Lamar,G,,36:29,7.0,17.0,0.412,0.0,2.0,0.0,4.0,8.0,0.5,2.0,4.0,6.0,7.0,1.0,0.0,2.0,1.0,18.0,-4.0
0020001094,1610612746,LAC,Los Angeles,685,Cherokee Parks,Cherokee,F,,8:48,2.0,6.0,0.333,0.0,0.0,0.0,0.0,0.0,0.0,1.0,3.0,4.0,0.0,1.0,0.0,0.0,0.0,4.0,1.0
0020001094,1610612746,LAC,Los Angeles,1709,Michael Olowokandi,Michael,F,,31:24,5.0,10.0,0.5,0.0,0.0,0.0,3.0,4.0,0.75,7.0,4.0,11.0,0.0,0.0,0.0,4.0,0.0,13.0,-8.0
0020001094,1610612746,LAC,Los Angeles,976,Jeff McInnis,Jeff,G,,29:54,3.0,12.0,0.25,0.0,2.0,0.0,0.0,0.0,0.0,0.0,1.0,1.0,5.0,2.0,1.0,0.0,4.0,6.0,-6.0
0020001094,1610612746,LAC,Los Angeles,15,Eric Piatkowski,Eric,G,,39:23,4.0,12.0,0.333,2.0,6.0,0.333,3.0,3.0,1.0,0.0,1.0,1.0,1.0,0.0,0.0,1.0,3.0,13.0,1.0
0020001094,1610612746,LAC,Los Angeles,2032,Darius Miles,Darius,F,,41:02,9.0,15.0,0.6,0.0,0.0,0.0,8.0,12.0,0.667,3.0,6.0,9.0,2.0,1.0,3.0,4.0,4.0,26.0,7.0
0020001094,1610612746,LAC,Los Angeles,1894,Corey Maggette,Corey,G,,26:30,4.0,7.0,0.571,1.0,3.0,0.333,1.0,2.0,0.5,0.0,7.0,7.0,1.0,0.0,0.0,1.0,4.0,10.0,2.0
0020001094,1610612746,LAC,Los Angeles,2039,Keyon Dooling,Keyon,G,,23:06,3.0,6.0,0.5,3.0,4.0,0.75,3.0,4.0,0.75,0.0,6.0,6.0,5.0,1.0,1.0,2.0,2.0,12.0,9.0
0020001094,1610612746,LAC,Los Angeles,2047,Quentin Richardson,Quentin,,,7:01,2.0,4.0,0.5,1.0,1.0,1.0,0.0,0.0,0.0,1.0,0.0,1.0,0.0,0.0,0.0,0.0,0.0,5.0,2.0
0020001094,1610612746,LAC,Los Angeles,399,Sean Rooks,Sean,F,,21:23,2.0,5.0,0.4,0.0,0.0,0.0,2.0,2.0,1.0,1.0,7.0,8.0,2.0,0.0,1.0,1.0,2.0,6.0,11.0
0020001094,1610612746,LAC,Los Angeles,1351,,,, ,,,,,,,,,,,,,,,,,,,,
0020001094,1610612746,LAC,Los Angeles,1672,,,, ,,,,,,,,,,,,,,,,,,,,
0020001094,1610612746,LAC,Los Angeles,1210,,,, ,,,,,,,,,,,,,,,,,,,,
0020001094,1610612746,LAC,Los Angeles,1243,,,, ,,,,,,,,,,,,,,,,,,,,
0020001094,1610612746,LAC,Los Angeles,1246,,,, ,,,,,,,,,,,,,,,,,,,,
0020001094,1610612746,LAC,Los Angeles,1284,,,, ,,,,,,,,,,,,,,,,,,,,
0020001094,1610612746,LAC,Los Angeles,2166,,,, ,,,,,,,,,,,,,,,,,,,,
0020001094,1610612746,LAC,Los Angeles,2010,,,, ,,,,,,,,,,,,,,,,,,,,
0020001094,1610612746,LAC,Los Angeles,1730,Brian Skinner,Brian,,DNP - Coach's Decision,,,,,,,,,,,,,,,,,,,,
0020001094,1610612746,LAC,Los Angeles,400,Derek Strong,Derek,,DNP - Coach's Decision,,,,,,,,,,,,,,,,,,,,
0020001096,1610612758,SAC,Sacramento,978,Peja Stojakovic,Peja,F,,32:43,7.0,17.0,0.412,0.0,5.0,0.0,3.0,3.0,1.0,1.0,1.0,2.0,4.0,0.0,0.0,1.0,2.0,17.0,23.0
0020001096,1610612758,SAC,Sacramento,185,Chris Webber,Chris,F,,33:14,15.0,23.0,0.652,0.0,1.0,0.0,6.0,6.0,1.0,1.0,5.0,6.0,5.0,0.0,2.0,2.0,3.0,36.0,27.0
0020001096,1610612758,SAC,Sacramento,124,Vlade Divac,Vlade,G,,25:07,3.0,9.0,0.333,0.0,0.0,0.0,3.0,4.0,0.75,3.0,9.0,12.0,4.0,2.0,2.0,0.0,3.0,9.0,23.0
0020001096,1610612758,SAC,Sacramento,57,Doug Christie,Doug,G,,30:44,7.0,10.0,0.7,4.0,4.0,1.0,0.0,0.0,0.0,0.0,4.0,4.0,0.0,2.0,0.0,1.0,2.0,18.0,34.0
0020001096,1610612758,SAC,Sacramento,1715,Jason Williams,Jason,G,,28:08,2.0,6.0,0.333,0.0,2.0,0.0,2.0,2.0,1.0,1.0,3.0,4.0,8.0,2.0,0.0,2.0,3.0,6.0,19.0
0020001096,1610612758,SAC,Sacramento,468,Jon Barry,Jon,F,,24:30,2.0,3.0,0.667,1.0,1.0,1.0,0.0,0.0,0.0,1.0,3.0,4.0,6.0,0.0,0.0,0.0,1.0,5.0,0.0
0020001096,1610612758,SAC,Sacramento,1513,Scot Pollard,Scot,G,,27:60,3.0,4.0,0.75,0.0,0.0,0.0,3.0,4.0,0.75,3.0,7.0,10.0,1.0,1.0,0.0,0.0,2.0,9.0,7.0
0020001096,1610612758,SAC,Sacramento,1517,Bobby Jackson,Bobby,G,,12:44,2.0,4.0,0.5,1.0,1.0,1.0,0.0,0.0,0.0,1.0,1.0,2.0,2.0,1.0,0.0,2.0,0.0,5.0,11.0
0020001096,1610612758,SAC,Sacramento,1444,Lawrence Funderburke,Lawrence,,,9:39,1.0,4.0,0.25,0.0,0.0,0.0,1.0,2.0,0.5,1.0,4.0,5.0,0.0,0.0,1.0,0.0,1.0,3.0,-1.0
0020001096,1610612758,SAC,Sacramento,98,Nick Anderson,Nick,,,8:03,1.0,5.0,0.2,0.0,1.0,0.0,0.0,0.0,0.0,0.0,1.0,1.0,1.0,0.0,0.0,0.0,0.0,2.0,-1.0
0020001096,1610612758,SAC,Sacramento,239,Darrick Martin,Darrick,,,7:08,3.0,4.0,0.75,2.0,2.0,1.0,0.0,0.0,0.0,0.0,1.0,1.0,0.0,0.0,0.0,1.0,1.0,8.0,-2.0
0020001096,1610612758,SAC,Sacramento,1248,,,, ,,,,,,,,,,,,,,,,,,,,
0020001096,1610612758,SAC,Sacramento,1249,,,, ,,,,,,,,,,,,,,,,,,,,
0020001096,1610612758,SAC,Sacramento,1322,,,, ,,,,,,,,,,,,,,,,,,,,
0020001096,1610612758,SAC,Sacramento,1327,,,, ,,,,,,,,,,,,,,,,,,,,
0020001096,1610612758,SAC,Sacramento,1328,,,, ,,,,,,,,,,,,,,,,,,,,
0020001096,1610612758,SAC,Sacramento,1775,,,, ,,,,,,,,,,,,,,,,,,,,
0020001096,1610612758,SAC,Sacramento,2045,Hedo Turkoglu,Hedo,,NWT - Sprained Ankle,,,,,,,,,,,,,,,,,,,,
0020001096,1610612763,VAN,Vancouver,949,Shareef Abdur-Rahim,Shareef,F,,28:16,5.0,13.0,0.385,0.0,0.0,0.0,2.0,2.0,1.0,1.0,3.0,4.0,3.0,0.0,1.0,1.0,3.0,12.0,-23.0
0020001096,1610612763,VAN,Vancouver,763,Tony Massenburg,Tony,G,,28:59,4.0,9.0,0.444,0.0,0.0,0.0,1.0,2.0,0.5,5.0,8.0,13.0,0.0,0.0,1.0,2.0,3.0,9.0,-20.0
0020001096,1610612763,VAN,Vancouver,735,Bryant Reeves,Bryant,F,,20:43,3.0,11.0,0.273,0.0,0.0,0.0,0.0,0.0,0.0,3.0,4.0,7.0,0.0,0.0,2.0,1.0,4.0,6.0,-12.0
0020001096,1610612763,VAN,Vancouver,1722,Michael Dickerson,Michael,G,,29:04,3.0,9.0,0.333,0.0,2.0,0.0,7.0,8.0,0.875,0.0,0.0,0.0,1.0,1.0,1.0,1.0,0.0,13.0,-23.0
0020001096,1610612763,VAN,Vancouver,1710,Mike Bibby,Mike,G,,29:56,4.0,10.0,0.4,0.0,1.0,0.0,2.0,4.0,0.5,0.0,2.0,2.0,9.0,1.0,0.0,2.0,1.0,10.0,-19.0
0020001096,1610612763,VAN,Vancouver,1134,Ike Austin,Ike,C,,21:48,3.0,11.0,0.273,0.0,0.0,0.0,0.0,0.0,0.0,2.0,5.0,7.0,0.0,0.0,1.0,1.0,1.0,6.0,-6.0
0020001096,1610612763,VAN,Vancouver,3,Grant Long,Grant,G,,20:25,3.0,5.0,0.6,0.0,0.0,0.0,1.0,1.0,1.0,0.0,0.0,0.0,2.0,0.0,0.0,0.0,2.0,7.0,-7.0
0020001096,1610612763,VAN,Vancouver,2031,Stromile Swift,Stromile,F,,20:49,1.0,6.0,0.167,0.0,0.0,0.0,0.0,0.0,0.0,0.0,3.0,3.0,0.0,0.0,1.0,1.0,2.0,2.0,-8.0
0020001096,1610612763,VAN,Vancouver,1800,Damon Jones,Damon,G,,21:41,6.0,10.0,0.6,5.0,7.0,0.714,0.0,0.0,0.0,1.0,2.0,3.0,3.0,0.0,0.0,1.0,0.0,17.0,-12.0
0020001096,1610612763,VAN,Vancouver,236,Kevin Edwards,Kevin,G,,18:18,4.0,7.0,0.571,0.0,0.0,0.0,0.0,0.0,0.0,1.0,1.0,2.0,3.0,1.0,0.0,0.0,0.0,8.0,-10.0
0020001096,1610612763,VAN,Vancouver,888,,,, ,,,,,,,,,,,,,,,,,,,,
0020001096,1610612763,VAN,Vancouver,1226,,,, ,,,,,,,,,,,,,,,,,,,,
0020001096,1610612763,VAN,Vancouver,1994,,,, ,,,,,,,,,,,,,,,,,,,,
0020001096,1610612763,VAN,Vancouver,1356,,,, ,,,,,,,,,,,,,,,,,,,,
0020001096,1610612763,VAN,Vancouver,1358,,,, ,,,,,,,,,,,,,,,,,,,,
0020001096,1610612763,VAN,Vancouver,2163,,,, ,,,,,,,,,,,,,,,,,,,,
0020001096,1610612763,VAN,Vancouver,2164,,,, ,,,,,,,,,,,,,,,,,,,,
0020001096,1610612763,VAN,Vancouver,2170,,,, ,,,,,,,,,,,,,,,,,,,,
0020001096,1610612763,VAN,Vancouver,1795,,,, ,,,,,,,,,,,,,,,,,,,,
0020001096,1610612763,VAN,Vancouver,51,Mahmoud Abdul-Rauf,Mahmoud,,DND - Back spasms,,,,,,,,,,,,,,,,,,,,
0020001096,1610612763,VAN,Vancouver,1065,Erick Strickland,Erick,,DND - Strained left knee,,,,,,,,,,,,,,,,,,,,
0020001093,1610612756,PHX,Phoenix,361,Clifford Robinson,Clifford,F,,33:53,2.0,9.0,0.222,1.0,3.0,0.333,3.0,6.0,0.5,2.0,3.0,5.0,5.0,1.0,0.0,1.0,5.0,8.0,-8.0
0020001093,1610612756,PHX,Phoenix,1890,Shawn Marion,Shawn,G,,42:41,5.0,15.0,0.333,0.0,1.0,0.0,5.0,7.0,0.714,5.0,9.0,14.0,2.0,1.0,1.0,3.0,2.0,15.0,-17.0
0020001093,1610612756,PHX,Phoenix,2054,Jake Tsakalidis,Jake,G,,13:27,0.0,1.0,0.0,0.0,0.0,0.0,1.0,2.0,0.5,0.0,3.0,3.0,0.0,0.0,1.0,0.0,1.0,1.0,0.0
0020001093,1610612756,PHX,Phoenix,467,Jason Kidd,Jason,G,,42:37,6.0,19.0,0.316,0.0,4.0,0.0,0.0,0.0,0.0,0.0,4.0,4.0,8.0,1.0,0.0,4.0,2.0,12.0,-11.0
0020001093,1610612756,PHX,Phoenix,53,Mario Elie,Mario,G,,33:42,6.0,11.0,0.545,3.0,5.0,0.6,2.0,2.0,1.0,3.0,2.0,5.0,1.0,0.0,0.0,1.0,3.0,17.0,-10.0
0020001093,1610612756,PHX,Phoenix,915,Rodney Rogers,Rodney,G,,25:18,6.0,11.0,0.545,1.0,2.0,0.5,2.0,2.0,1.0,1.0,2.0,3.0,1.0,0.0,0.0,3.0,2.0,15.0,-6.0
0020001093,1610612756,PHX,Phoenix,960,Tony Delk,Tony,G,,17:38,3.0,9.0,0.333,1.0,5.0,0.2,2.0,2.0,1.0,0.0,4.0,4.0,1.0,1.0,0.0,0.0,2.0,9.0,-4.0
0020001093,1610612756,PHX,Phoenix,339,Tom Gugliotta,Tom,F,,19:13,3.0,5.0,0.6,0.0,0.0,0.0,2.0,2.0,1.0,1.0,4.0,5.0,0.0,1.0,1.0,0.0,2.0,8.0,-3.0
0020001093,1610612756,PHX,Phoenix,386,Elliot Perry,Elliot,,,2:00,0.0,0.0,0.0,0.0,0.0,0.0,0.0,0.0,0.0,0.0,0.0,0.0,0.0,0.0,0.0,2.0,0.0,0.0,-2.0
0020001093,1610612756,PHX,Phoenix,201,Chris Dudley,Chris,,,3:41,0.0,0.0,0.0,0.0,0.0,0.0,0.0,0.0,0.0,1.0,0.0,1.0,0.0,0.0,0.0,0.0,1.0,0.0,0.0
0020001093,1610612756,PHX,Phoenix,219,Vinny Del Negro,Vinny,F,,5:50,1.0,2.0,0.5,0.0,0.0,0.0,1.0,1.0,1.0,0.0,0.0,0.0,2.0,0.0,0.0,0.0,1.0,3.0,-4.0
0020001093,1610612756,PHX,Phoenix,1653,,,, ,,,,,,,,,,,,,,,,,,,,
0020001093,1610612756,PHX,Phoenix,1654,,,, ,,,,,,,,,,,,,,,,,,,,
0020001093,1610612756,PHX,Phoenix,1227,,,, ,,,,,,,,,,,,,,,,,,,,
0020001093,1610612756,PHX,Phoenix,2160,,,, ,,,,,,,,,,,,,,,,,,,,
0020001093,1610612756,PHX,Phoenix,2161,,,, ,,,,,,,,,,,,,,,,,,,,
0020001093,1610612756,PHX,Phoenix,2008,,,, ,,,,,,,,,,,,,,,,,,,,
0020001093,1610612756,PHX,Phoenix,2015,,,, ,,,,,,,,,,,,,,,,,,,,
0020001093,1610612756,PHX,Phoenix,2091,Daniel Santiago,Daniel,,DNP - Coach's Decision,,,,,,,,,,,,,,,,,,,,
0020001093,1610612750,MIN,Minnesota,1887,Wally Szczerbiak,Wally,F,,30:05,5.0,10.0,0.5,0.0,0.0,0.0,4.0,6.0,0.667,1.0,5.0,6.0,2.0,1.0,0.0,0.0,5.0,14.0,21.0
0020001093,1610612750,MIN,Minnesota,708,Kevin Garnett,Kevin,F,,43:18,9.0,15.0,0.6,0.0,1.0,0.0,7.0,12.0,0.583,1.0,9.0,10.0,6.0,2.0,1.0,1.0,2.0,25.0,13.0
0020001093,1610612750,MIN,Minnesota,1051,Dean Garrett,Dean,C,,13:03,3.0,4.0,0.75,0.0,0.0,0.0,2.0,2.0,1.0,3.0,3.0,6.0,0.0,1.0,1.0,0.0,1.0,8.0,-3.0
0020001093,1610612750,MIN,Minnesota,1732,Felipe Lopez,Felipe,G,,24:21,2.0,4.0,0.5,0.0,0.0,0.0,0.0,0.0,0.0,2.0,4.0,6.0,3.0,1.0,0.0,1.0,0.0,4.0,14.0
0020001093,1610612750,MIN,Minnesota,210,Terrell Brandon,Terrell,G,,33:19,6.0,18.0,0.333,0.0,0.0,0.0,4.0,4.0,1.0,0.0,4.0,4.0,2.0,1.0,0.0,3.0,0.0,16.0,3.0
0020001093,1610612750,MIN,Minnesota,1073,Reggie Slater,Reggie,C,,24:19,5.0,5.0,1.0,0.0,0.0,0.0,4.0,4.0,1.0,2.0,2.0,4.0,3.0,0.0,0.0,2.0,4.0,14.0,11.0
0020001093,1610612750,MIN,Minnesota,324,Anthony Peeler,Anthony,G,,24:26,3.0,7.0,0.429,2.0,3.0,0.667,2.0,2.0,1.0,1.0,0.0,1.0,0.0,1.0,0.0,1.0,3.0,10.0,-2.0
0020001093,1610612750,MIN,Minnesota,417,Sam Mitchell,Sam,F,,17:08,1.0,5.0,0.2,0.0,0.0,0.0,0.0,0.0,0.0,2.0,1.0,3.0,3.0,1.0,0.0,1.0,1.0,2.0,-7.0
0020001093,1610612750,MIN,Minnesota,111,LaPhonso Ellis,LaPhonso,G,,15:20,1.0,7.0,0.143,0.0,0.0,0.0,0.0,0.0,0.0,2.0,3.0,5.0,2.0,1.0,0.0,0.0,1.0,2.0,5.0
0020001093,1610612750,MIN,Minnesota,1497,Chauncey Billups,Chauncey,G,,14:41,3.0,7.0,0.429,0.0,0.0,0.0,0.0,0.0,0.0,1.0,0.0,1.0,4.0,2.0,0.0,0.0,2.0,6.0,10.0
0020001093,1610612750,MIN,Minnesota,2146,,,, ,,,,,,,,,,,,,,,,,,,,
0020001093,1610612750,MIN,Minnesota,2158,,,, ,,,,,,,,,,,,,,,,,,,,
0020001093,1610612750,MIN,Minnesota,2159,,,, ,,,,,,,,,,,,,,,,,,,,
0020001093,1610612750,MIN,Minnesota,847,,,, ,,,,,,,,,,,,,,,,,,,,
0020001093,1610612750,MIN,Minnesota,1290,,,, ,,,,,,,,,,,,,,,,,,,,
0020001093,1610612750,MIN,Minnesota,1291,,,, ,,,,,,,,,,,,,,,,,,,,
0020001093,1610612750,MIN,Minnesota,1895,William Avery,William,,DNP - Coach's Decision,,,,,,,,,,,,,,,,,,,,
0020001093,1610612750,MIN,Minnesota,1725,Rasho Nesterovic,Rasho,,DNP - Coach's Decision,,,,,,,,,,,,,,,,,,,,
0020001095,1610612757,POR,Portland,739,Rasheed Wallace,Rasheed,F,,15:45,3.0,5.0,0.6,0.0,0.0,0.0,0.0,0.0,0.0,1.0,8.0,9.0,4.0,1.0,3.0,1.0,1.0,6.0,25.0
0020001095,1610612757,POR,Portland,937,Scottie Pippen,Scottie,F,,26:51,0.0,5.0,0.0,0.0,0.0,0.0,1.0,2.0,0.5,1.0,2.0,3.0,2.0,3.0,0.0,5.0,3.0,1.0,29.0
0020001095,1610612757,POR,Portland,717,Arvydas Sabonis,Arvydas,G,,23:48,11.0,12.0,0.917,0.0,0.0,0.0,10.0,12.0,0.833,2.0,8.0,10.0,2.0,1.0,6.0,3.0,3.0,32.0,27.0
0020001095,1610612757,POR,Portland,1719,Bonzi Wells,Bonzi,G,,12:32,3.0,7.0,0.429,0.0,0.0,0.0,0.0,0.0,0.0,0.0,0.0,0.0,1.0,1.0,0.0,1.0,1.0,6.0,13.0
0020001095,1610612757,POR,Portland,757,Damon Stoudamire,Damon,G,,27:30,6.0,8.0,0.75,0.0,0.0,0.0,3.0,3.0,1.0,1.0,9.0,10.0,10.0,4.0,0.0,2.0,1.0,15.0,41.0
0020001095,1610612757,POR,Portland,120,Steven Smith,Steven,G,,25:00,7.0,8.0,0.875,5.0,6.0,0.833,2.0,3.0,0.667,0.0,2.0,2.0,1.0,0.0,0.0,2.0,2.0,21.0,31.0
0020001095,1610612757,POR,Portland,905,Dale Davis,Dale,G,,24:49,5.0,7.0,0.714,0.0,0.0,0.0,0.0,0.0,0.0,2.0,3.0,5.0,2.0,2.0,1.0,1.0,4.0,10.0,4.0
0020001095,1610612757,POR,Portland,96,Detlef Schrempf,Detlef,G,,26:04,3.0,5.0,0.6,0.0,0.0,0.0,2.0,3.0,0.667,1.0,3.0,4.0,2.0,1.0,0.0,1.0,3.0,8.0,21.0
0020001095,1610612757,POR,Portland,278,Stacey Augmon,Stacey,F,,11:50,0.0,2.0,0.0,0.0,0.0,0.0,2.0,2.0,1.0,0.0,0.0,0.0,1.0,1.0,0.0,2.0,3.0,2.0,1.0
0020001095,1610612757,POR,Portland,393,Rod Strickland,Rod,G,,20:30,2.0,6.0,0.333,0.0,0.0,0.0,1.0,2.0,0.5,1.0,0.0,1.0,4.0,1.0,0.0,5.0,3.0,5.0,-10.0
0020001095,1610612757,POR,Portland,176,Antonio Harvey,Antonio,C,,13:21,4.0,5.0,0.8,0.0,0.0,0.0,0.0,0.0,0.0,0.0,1.0,1.0,1.0,0.0,2.0,0.0,1.0,8.0,-14.0
0020001095,1610612757,POR,Portland,21,Greg Anthony,Greg,G,,12:00,3.0,9.0,0.333,2.0,6.0,0.333,0.0,0.0,0.0,1.0,1.0,2.0,1.0,1.0,0.0,0.0,0.0,8.0,-13.0
0020001095,1610612757,POR,Portland,1783,,,, ,,,,,,,,,,,,,,,,,,,,
0020001095,1610612757,POR,Portland,1655,,,, ,,,,,,,,,,,,,,,,,,,,
0020001095,1610612757,POR,Portland,1656,,,, ,,,,,,,,,,,,,,,,,,,,
0020001095,1610612757,POR,Portland,1473,,,, ,,,,,,,,,,,,,,,,,,,,
0020001095,1610612757,POR,Portland,1329,,,, ,,,,,,,,,,,,,,,,,,,,
0020001095,1610612757,POR,Portland,1336,,,, ,,,,,,,,,,,,,,,,,,,,
0020001095,1610612757,POR,Portland,2149,,,, ,,,,,,,,,,,,,,,,,,,,
0020001095,1610612744,GSW,Golden State,228,Adam Keefe,Adam,G,,23:24,1.0,3.0,0.333,0.0,0.0,0.0,2.0,2.0,1.0,2.0,3.0,5.0,1.0,2.0,0.0,1.0,2.0,4.0,-6.0
0020001095,1610612744,GSW,Golden State,1712,Antawn Jamison,Antawn,F,,33:03,4.0,15.0,0.267,0.0,0.0,0.0,5.0,8.0,0.625,5.0,2.0,7.0,1.0,1.0,1.0,4.0,2.0,13.0,-40.0
0020001095,1610612744,GSW,Golden State,1502,Adonal Foyle,Adonal,G,,32:10,4.0,13.0,0.308,0.0,0.0,0.0,1.0,1.0,1.0,7.0,5.0,12.0,1.0,1.0,5.0,1.0,2.0,9.0,-17.0
0020001095,1610612744,GSW,Golden State,2084,Chris Porter,Chris,G,,37:48,5.0,20.0,0.25,0.0,1.0,0.0,4.0,4.0,1.0,3.0,2.0,5.0,5.0,2.0,1.0,5.0,5.0,14.0,-32.0
0020001095,1610612744,GSW,Golden State,1907,Vonteego Cummings,Vonteego,G,,31:27,7.0,14.0,0.5,1.0,5.0,0.2,3.0,5.0,0.6,0.0,2.0,2.0,4.0,3.0,0.0,5.0,4.0,18.0,-30.0
0020001095,1610612744,GSW,Golden State,916,Corie Blount,Corie,G,,24:36,3.0,10.0,0.3,0.0,1.0,0.0,2.0,4.0,0.5,2.0,3.0,5.0,1.0,3.0,1.0,1.0,1.0,8.0,-25.0
0020001095,1610612744,GSW,Golden State,1612,Chris Garner,Chris,F,,16:33,0.0,2.0,0.0,0.0,1.0,0.0,2.0,2.0,1.0,0.0,2.0,2.0,4.0,1.0,0.0,2.0,2.0,2.0,-1.0
0020001095,1610612744,GSW,Golden State,956,Erick Dampier,Erick,G,,19:43,0.0,6.0,0.0,0.0,0.0,0.0,1.0,2.0,0.5,2.0,1.0,3.0,0.0,2.0,1.0,0.0,1.0,1.0,-20.0
0020001095,1610612744,GSW,Golden State,2101,Paul McPherson,Paul,F,,21:16,9.0,12.0,0.75,1.0,2.0,0.5,3.0,7.0,0.429,4.0,0.0,4.0,0.0,2.0,0.0,1.0,3.0,22.0,16.0
0020001095,1610612744,GSW,Golden State,500093,,,, ,,,,,,,,,,,,,,,,,,,,
0020001095,1610612744,GSW,Golden State,1637,,,, ,,,,,,,,,,,,,,,,,,,,
0020001095,1610612744,GSW,Golden State,1217,,,, ,,,,,,,,,,,,,,,,,,,,
0020001095,1610612744,GSW,Golden State,1252,,,, ,,,,,,,,,,,,,,,,,,,,
0020001095,1610612744,GSW,Golden State,1323,,,, ,,,,,,,,,,,,,,,,,,,,
0020001095,1610612744,GSW,Golden State,1350,,,, ,,,,,,,,,,,,,,,,,,,,
0020001095,1610612744,GSW,Golden State,1373,,,, ,,,,,,,,,,,,,,,,,,,,
0020001095,1610612744,GSW,Golden State,302,Mookie Blaylock,Mookie,,DND - Sprained Right Hand,,,,,,,,,,,,,,,,,,,,
0020001095,1610612744,GSW,Golden State,1716,Larry Hughes,Larry,,DND - Sprained Right Thumb,,,,,,,,,,,,,,,,,,,,
0020001095,1610612744,GSW,Golden State,1531,Marc Jackson,Marc,,DND - Strained Left Groin,,,,,,,,,,,,,,,,,,,,
0020001095,1610612744,GSW,Golden State,682,Bob Sura,Bob,,DND - Strained Lower Back,,,,,,,,,,,,,,,,,,,,
0020001088,1610612747,LAL,Los Angeles,296,Rick Fox,Rick,F,,45:55,6.0,12.0,0.5,2.0,6.0,0.333,5.0,5.0,1.0,0.0,6.0,6.0,8.0,2.0,1.0,4.0,5.0,19.0,1.0
0020001088,1610612747,LAL,Los Angeles,270,Horace Grant,Horace,F,,32:06,6.0,10.0,0.6,0.0,0.0,0.0,2.0,3.0,0.667,3.0,4.0,7.0,1.0,1.0,0.0,0.0,1.0,14.0,3.0
0020001088,1610612747,LAL,Los Angeles,406,Shaquille O'Neal,Shaquille,C,,42:21,12.0,18.0,0.667,0.0,0.0,0.0,15.0,23.0,0.652,5.0,9.0,14.0,1.0,1.0,2.0,7.0,3.0,39.0,14.0
0020001088,1610612747,LAL,Los Angeles,965,Derek Fisher,Derek,G,,37:15,1.0,7.0,0.143,0.0,1.0,0.0,2.0,4.0,0.5,0.0,1.0,1.0,5.0,3.0,0.0,3.0,2.0,4.0,4.0
0020001088,1610612747,LAL,Los Angeles,216,Brian Shaw,Brian,G,,36:25,4.0,9.0,0.444,2.0,4.0,0.5,0.0,0.0,0.0,0.0,10.0,10.0,9.0,2.0,0.0,0.0,2.0,10.0,14.0
0020001088,1610612747,LAL,Los Angeles,1904,Devean George,Devean,F,,6:30,1.0,1.0,1.0,1.0,1.0,1.0,0.0,0.0,0.0,0.0,2.0,2.0,0.0,0.0,0.0,2.0,5.0,3.0,1.0
0020001088,1610612747,LAL,Los Angeles,109,Robert Horry,Robert,F,,17:24,0.0,0.0,0.0,0.0,0.0,0.0,0.0,0.0,0.0,0.0,2.0,2.0,2.0,1.0,0.0,3.0,5.0,0.0,1.0
0020001088,1610612747,LAL,Los Angeles,2058,Mark Madsen,Mark,,,3:46,0.0,1.0,0.0,0.0,0.0,0.0,0.0,0.0,0.0,0.0,0.0,0.0,0.0,0.0,0.0,0.0,0.0,0.0,-10.0
0020001088,1610612747,LAL,Los Angeles,2130,Mike Penberthy,Mike,G,,15:15,3.0,4.0,0.75,2.0,2.0,1.0,3.0,3.0,1.0,0.0,1.0,1.0,0.0,0.0,0.0,0.0,1.0,11.0,-6.0
0020001088,1610612747,LAL,Los Angeles,375,Isaiah Rider,Isaiah,,,3:03,0.0,0.0,0.0,0.0,0.0,0.0,0.0,0.0,0.0,0.0,0.0,0.0,0.0,0.0,0.0,2.0,0.0,0.0,-2.0
0020001088,1610612747,LAL,Los Angeles,1219,,,, ,,,,,,,,,,,,,,,,,,,,
0020001088,1610612747,LAL,Los Angeles,1221,,,, ,,,,,,,,,,,,,,,,,,,,
0020001088,1610612747,LAL,Los Angeles,1223,,,, ,,,,,,,,,,,,,,,,,,,,
0020001088,1610612747,LAL,Los Angeles,1230,,,, ,,,,,,,,,,,,,,,,,,,,
0020001088,1610612747,LAL,Los Angeles,1270,,,, ,,,,,,,,,,,,,,,,,,,,
0020001088,1610612747,LAL,Los Angeles,1273,,,, ,,,,,,,,,,,,,,,,,,,,
0020001088,1610612747,LAL,Los Angeles,977,Kobe Bryant,Kobe,,DND - Sore Left Foot,,,,,,,,,,,,,,,,,,,,
0020001088,1610612747,LAL,Los Angeles,323,Greg Foster,Greg,,DNP - Coach's Decision,,,,,,,,,,,,,,,,,,,,
0020001088,1610612738,BOS,Boston,952,Antoine Walker,Antoine,F,,42:40,8.0,21.0,0.381,4.0,9.0,0.444,1.0,2.0,0.5,0.0,5.0,5.0,6.0,2.0,0.0,4.0,5.0,21.0,-5.0
0020001088,1610612738,BOS,Boston,1718,Paul Pierce,Paul,F,,38:45,10.0,25.0,0.4,3.0,9.0,0.333,7.0,14.0,0.5,1.0,4.0,5.0,1.0,4.0,1.0,2.0,2.0,30.0,-7.0
0020001088,1610612738,BOS,Boston,1548,Mark Blount,Mark,C,,18:41,3.0,5.0,0.6,0.0,0.0,0.0,0.0,0.0,0.0,4.0,3.0,7.0,1.0,0.0,0.0,1.0,5.0,6.0,-5.0
0020001088,1610612738,BOS,Boston,753,Randy Brown,Randy,G,,7:43,0.0,0.0,0.0,0.0,0.0,0.0,0.0,0.0,0.0,0.0,1.0,1.0,2.0,0.0,0.0,0.0,2.0,0.0,2.0
0020001088,1610612738,BOS,Boston,179,Bryant Stith,Bryant,G,,25:21,1.0,3.0,0.333,1.0,1.0,1.0,1.0,2.0,0.5,2.0,3.0,5.0,2.0,3.0,0.0,3.0,2.0,4.0,-9.0
0020001088,1610612738,BOS,Boston,1960,Milt Palacio,Milt,G,,28:04,3.0,4.0,0.75,0.0,1.0,0.0,1.0,1.0,1.0,2.0,0.0,2.0,3.0,1.0,0.0,1.0,2.0,7.0,-16.0
0020001088,1610612738,BOS,Boston,958,Vitaly Potapenko,Vitaly,,,14:35,3.0,7.0,0.429,0.0,0.0,0.0,0.0,0.0,0.0,1.0,2.0,3.0,1.0,0.0,0.0,1.0,0.0,6.0,1.0
0020001088,1610612738,BOS,Boston,677,Eric Williams,Eric,G,,18:51,1.0,3.0,0.333,0.0,0.0,0.0,0.0,1.0,0.0,0.0,0.0,0.0,2.0,0.0,0.0,1.0,2.0,2.0,-5.0
0020001088,1610612738,BOS,Boston,962,Walter McCarty,Walter,C,,13:06,3.0,4.0,0.75,3.0,3.0,1.0,0.0,0.0,0.0,0.0,2.0,2.0,1.0,1.0,0.0,0.0,4.0,9.0,10.0
0020001088,1610612738,BOS,Boston,1499,Tony Battie,Tony,,,6:58,0.0,4.0,0.0,0.0,0.0,0.0,1.0,2.0,0.5,1.0,0.0,1.0,0.0,0.0,0.0,1.0,3.0,1.0,-9.0
0020001088,1610612738,BOS,Boston,1559,Adrian Griffin,Adrian,,,13:04,4.0,4.0,1.0,2.0,2.0,1.0,0.0,0.0,0.0,2.0,1.0,3.0,1.0,0.0,0.0,1.0,1.0,10.0,13.0
0020001088,1610612738,BOS,Boston,1914,Chris Herren,Chris,,,12:13,0.0,0.0,0.0,0.0,0.0,0.0,0.0,0.0,0.0,0.0,0.0,0.0,2.0,0.0,0.0,0.0,0.0,0.0,10.0
0020001088,1610612738,BOS,Boston,1875,,,, ,,,,,,,,,,,,,,,,,,,,
0020001088,1610612738,BOS,Boston,1213,,,, ,,,,,,,,,,,,,,,,,,,,
0020001088,1610612738,BOS,Boston,1639,,,, ,,,,,,,,,,,,,,,,,,,,
0020001088,1610612738,BOS,Boston,1641,,,, ,,,,,,,,,,,,,,,,,,,,
0020001089,1610612739,CLE,Cleveland,1723,Matt Harpring,Matt,F,,22:52,2.0,4.0,0.5,1.0,2.0,0.5,0.0,0.0,0.0,1.0,2.0,3.0,1.0,1.0,0.0,1.0,2.0,5.0,-4.0
0020001089,1610612739,CLE,Cleveland,221,Clar. Weatherspoon,Clar.,F,,39:40,6.0,12.0,0.5,0.0,0.0,0.0,2.0,5.0,0.4,2.0,10.0,12.0,2.0,0.0,2.0,1.0,3.0,14.0,-3.0
0020001089,1610612739,CLE,Cleveland,2036,Chris Mihm,Chris,C,,13:54,2.0,5.0,0.4,0.0,0.0,0.0,0.0,0.0,0.0,1.0,3.0,4.0,1.0,0.0,2.0,0.0,4.0,4.0,3.0
0020001089,1610612739,CLE,Cleveland,1889,Andre Miller,Andre,G,,38:45,6.0,14.0,0.429,0.0,1.0,0.0,3.0,3.0,1.0,0.0,4.0,4.0,10.0,1.0,0.0,1.0,3.0,15.0,0.0
0020001089,1610612739,CLE,Cleveland,445,Wesley Person,Wesley,G,,22:21,2.0,7.0,0.286,0.0,0.0,0.0,0.0,0.0,0.0,0.0,2.0,2.0,1.0,1.0,1.0,0.0,0.0,4.0,-10.0
0020001089,1610612739,CLE,Cleveland,423,Chris Gatling,Chris,F,,19:53,3.0,9.0,0.333,0.0,0.0,0.0,3.0,4.0,0.75,2.0,1.0,3.0,1.0,0.0,0.0,2.0,2.0,9.0,-15.0
0020001089,1610612739,CLE,Cleveland,441,Lamond Murray,Lamond,F,,27:50,6.0,13.0,0.462,2.0,3.0,0.667,2.0,2.0,1.0,2.0,1.0,3.0,2.0,2.0,0.0,3.0,0.0,16.0,-1.0
0020001089,1610612739,CLE,Cleveland,1533,Anthony Johnson,Anthony,G,,9:15,3.0,4.0,0.75,1.0,1.0,1.0,0.0,0.0,0.0,1.0,0.0,1.0,1.0,1.0,0.0,1.0,2.0,7.0,-8.0
0020001089,1610612739,CLE,Cleveland,1892,Trajan Langdon,Trajan,G,,25:39,4.0,9.0,0.444,2.0,5.0,0.4,0.0,0.0,0.0,0.0,0.0,0.0,1.0,2.0,0.0,0.0,1.0,10.0,2.0
0020001089,1610612739,CLE,Cleveland,1714,Robert Traylor,Robert,G,,14:23,2.0,5.0,0.4,0.0,0.0,0.0,0.0,0.0,0.0,5.0,0.0,5.0,2.0,2.0,1.0,3.0,4.0,4.0,-1.0
0020001089,1610612739,CLE,Cleveland,359,Chucky Brown,Chucky,F,,5:28,0.0,1.0,0.0,0.0,0.0,0.0,0.0,0.0,0.0,0.0,0.0,0.0,0.0,0.0,0.0,0.0,0.0,0.0,-3.0
0020001089,1610612739,CLE,Cleveland,1285,,,, ,,,,,,,,,,,,,,,,,,,,
0020001089,1610612739,CLE,Cleveland,1289,,,, ,,,,,,,,,,,,,,,,,,,,
0020001089,1610612739,CLE,Cleveland,1311,,,, ,,,,,,,,,,,,,,,,,,,,
0020001089,1610612739,CLE,Cleveland,1638,,,, ,,,,,,,,,,,,,,,,,,,,
0020001089,1610612739,CLE,Cleveland,2006,,,, ,,,,,,,,,,,,,,,,,,,,
0020001089,1610612739,CLE,Cleveland,2096,,,, ,,,,,,,,,,,,,,,,,,,,
0020001089,1610612739,CLE,Cleveland,2174,,,, ,,,,,,,,,,,,,,,,,,,,
0020001089,1610612739,CLE,Cleveland,902,Bimbo Coles,Bimbo,,DNP - Coach's Decision,,,,,,,,,,,,,,,,,,,,
0020001089,1610612755,PHI,Philadelphia,248,George Lynch,George,F,,39:24,4.0,10.0,0.4,0.0,0.0,0.0,2.0,2.0,1.0,4.0,6.0,10.0,3.0,2.0,0.0,2.0,3.0,10.0,11.0
0020001089,1610612755,PHI,Philadelphia,238,Tyrone Hill,Tyrone,F,,27:59,2.0,12.0,0.167,0.0,0.0,0.0,3.0,5.0,0.6,5.0,7.0,12.0,0.0,0.0,1.0,0.0,2.0,7.0,1.0
0020001089,1610612755,PHI,Philadelphia,87,Dikembe Mutombo,Dikembe,C,,38:47,11.0,21.0,0.524,0.0,0.0,0.0,5.0,10.0,0.5,8.0,5.0,13.0,1.0,1.0,5.0,2.0,1.0,27.0,3.0
0020001089,1610612755,PHI,Philadelphia,727,Eric Snow,Eric,G,,36:54,6.0,13.0,0.462,1.0,1.0,1.0,2.0,2.0,1.0,1.0,4.0,5.0,2.0,1.0,0.0,4.0,4.0,15.0,12.0
0020001089,1610612755,PHI,Philadelphia,1563,Kevin Ollie,Kevin,G,,38:30,4.0,9.0,0.444,0.0,0.0,0.0,1.0,2.0,0.5,2.0,8.0,10.0,10.0,2.0,0.0,0.0,2.0,9.0,3.0
0020001089,1610612755,PHI,Philadelphia,1934,Rodney Buford,Rodney,G,,22:54,5.0,11.0,0.455,1.0,2.0,0.5,0.0,0.0,0.0,1.0,1.0,2.0,0.0,0.0,0.0,4.0,3.0,11.0,0.0
0020001089,1610612755,PHI,Philadelphia,761,Matt Geiger,Matt,C,,7:29,1.0,3.0,0.333,0.0,0.0,0.0,0.0,0.0,0.0,0.0,0.0,0.0,0.0,1.0,0.0,0.0,1.0,2.0,3.0
0020001089,1610612755,PHI,Philadelphia,1908,Jumaine Jones,Jumaine,F,,26:23,4.0,5.0,0.8,0.0,0.0,0.0,5.0,6.0,0.833,3.0,0.0,3.0,4.0,0.0,0.0,0.0,1.0,13.0,13.0
0020001089,1610612755,PHI,Philadelphia,1952,Raja Bell,Raja,,,0:50,0.0,0.0,0.0,0.0,0.0,0.0,0.0,0.0,0.0,0.0,0.0,0.0,0.0,0.0,0.0,1.0,0.0,0.0,-3.0
0020001089,1610612755,PHI,Philadelphia,1928,Todd MacCulloch,Todd,,,0:50,1.0,1.0,1.0,0.0,0.0,0.0,0.0,0.0,0.0,0.0,0.0,0.0,0.0,0.0,0.0,0.0,0.0,2.0,-3.0
0020001089,1610612755,PHI,Philadelphia,1212,,,, ,,,,,,,,,,,,,,,,,,,,
0020001089,1610612755,PHI,Philadelphia,1259,,,, ,,,,,,,,,,,,,,,,,,,,
0020001089,1610612755,PHI,Philadelphia,1865,,,, ,,,,,,,,,,,,,,,,,,,,
0020001089,1610612755,PHI,Philadelphia,1312,,,, ,,,,,,,,,,,,,,,,,,,,
0020001089,1610612755,PHI,Philadelphia,1313,,,, ,,,,,,,,,,,,,,,,,,,,
0020001089,1610612755,PHI,Philadelphia,1308,,,, ,,,,,,,,,,,,,,,,,,,,
0020001089,1610612755,PHI,Philadelphia,2169,,,, ,,,,,,,,,,,,,,,,,,,,
0020001089,1610612755,PHI,Philadelphia,947,Allen Iverson,Allen,,DND - Tailbone Contusion,,,,,,,,,,,,,,,,,,,,
0020001089,1610612755,PHI,Philadelphia,243,Aaron McKie,Aaron,,DND - Sprained Right MCL,,,,,,,,,,,,,,,,,,,,
0020001090,1610612761,TOR,Toronto,2050,Morris Peterson,Morris,F,,26:05,2.0,6.0,0.333,0.0,1.0,0.0,0.0,0.0,0.0,1.0,2.0,3.0,3.0,2.0,1.0,1.0,3.0,4.0,-9.0
0020001090,1610612761,TOR,Toronto,891,Charles Oakley,Charles,G,,28:26,5.0,12.0,0.417,0.0,0.0,0.0,0.0,0.0,0.0,0.0,6.0,6.0,4.0,2.0,0.0,2.0,2.0,10.0,0.0
0020001090,1610612761,TOR,Toronto,213,Antonio Davis,Antonio,G,,42:25,9.0,17.0,0.529,0.0,0.0,0.0,13.0,17.0,0.765,10.0,3.0,13.0,3.0,0.0,4.0,2.0,3.0,31.0,14.0
0020001090,1610612761,TOR,Toronto,1713,Vince Carter,Vince,G,,44:00,8.0,22.0,0.364,1.0,8.0,0.125,4.0,4.0,1.0,2.0,1.0,3.0,8.0,4.0,0.0,3.0,5.0,21.0,12.0
0020001090,1610612761,TOR,Toronto,1541,Alvin Williams,Alvin,G,,27:03,5.0,8.0,0.625,2.0,2.0,1.0,2.0,2.0,1.0,2.0,0.0,2.0,2.0,1.0,1.0,0.0,1.0,14.0,6.0
0020001090,1610612761,TOR,Toronto,209,Dell Curry,Dell,G,,17:24,3.0,5.0,0.6,2.0,2.0,1.0,0.0,0.0,0.0,0.0,3.0,3.0,1.0,0.0,0.0,0.0,1.0,8.0,9.0
0020001090,1610612761,TOR,Toronto,376,Eric Montross,Eric,G,,2:43,0.0,0.0,0.0,0.0,0.0,0.0,0.0,0.0,0.0,0.0,0.0,0.0,0.0,1.0,0.0,0.0,0.0,0.0,-4.0
0020001090,1610612761,TOR,Toronto,164,Chris Childs,Chris,G,,25:19,4.0,8.0,0.5,2.0,2.0,1.0,0.0,0.0,0.0,0.0,5.0,5.0,6.0,2.0,0.0,1.0,3.0,10.0,7.0
0020001090,1610612761,TOR,Toronto,1721,Keon Clark,Keon,,,7:22,2.0,4.0,0.5,0.0,0.0,0.0,0.0,2.0,0.0,1.0,1.0,2.0,0.0,0.0,1.0,1.0,0.0,4.0,-8.0
0020001090,1610612761,TOR,Toronto,966,Jerome Williams,Jerome,F,,19:13,3.0,7.0,0.429,0.0,0.0,0.0,0.0,0.0,0.0,2.0,3.0,5.0,0.0,1.0,0.0,0.0,1.0,6.0,13.0
0020001090,1610612761,TOR,Toronto,1205,,,, ,,,,,,,,,,,,,,,,,,,,
0020001090,1610612761,TOR,Toronto,1244,,,, ,,,,,,,,,,,,,,,,,,,,
0020001090,1610612761,TOR,Toronto,1266,,,, ,,,,,,,,,,,,,,,,,,,,
0020001090,1610612761,TOR,Toronto,883,,,, ,,,,,,,,,,,,,,,,,,,,
0020001090,1610612761,TOR,Toronto,1344,,,, ,,,,,,,,,,,,,,,,,,,,
0020001090,1610612761,TOR,Toronto,1368,,,, ,,,,,,,,,,,,,,,,,,,,
0020001090,1610612761,TOR,Toronto,2162,,,, ,,,,,,,,,,,,,,,,,,,,
0020001090,1610612761,TOR,Toronto,145,Tracy Murray,Tracy,,DND - Sprained Toe,,,,,,,,,,,,,,,,,,,,
0020001090,1610612761,TOR,Toronto,1565,Michael Stewart,Michael,,DNP - Coach's Decision,,,,,,,,,,,,,,,,,,,,
0020001090,1610612753,ORL,Orlando,1503,Tracy McGrady,Tracy,G,,35:32,8.0,21.0,0.381,0.0,0.0,0.0,4.0,4.0,1.0,2.0,2.0,4.0,9.0,1.0,2.0,4.0,2.0,20.0,-13.0
0020001090,1610612753,ORL,Orlando,448,Bo Outlaw,Bo,F,,28:59,7.0,7.0,1.0,0.0,0.0,0.0,2.0,4.0,0.5,3.0,5.0,8.0,1.0,1.0,2.0,0.0,3.0,16.0,3.0
0020001090,1610612753,ORL,Orlando,692,Andrew DeClercq,Andrew,C,,22:31,2.0,6.0,0.333,0.0,0.0,0.0,2.0,3.0,0.667,4.0,4.0,8.0,1.0,1.0,0.0,0.0,2.0,6.0,-8.0
0020001090,1610612753,ORL,Orlando,2034,Mike Miller,Mike,G,,39:44,6.0,12.0,0.5,2.0,5.0,0.4,3.0,5.0,0.6,3.0,4.0,7.0,3.0,1.0,0.0,4.0,1.0,17.0,-5.0
0020001090,1610612753,ORL,Orlando,1607,Troy Hudson,Troy,G,,38:54,8.0,20.0,0.4,2.0,7.0,0.286,0.0,0.0,0.0,1.0,0.0,1.0,4.0,1.0,0.0,3.0,0.0,18.0,-9.0
0020001090,1610612753,ORL,Orlando,42,Monty Williams,Monty,F,,10:37,1.0,3.0,0.333,0.0,0.0,0.0,1.0,1.0,1.0,0.0,0.0,0.0,1.0,0.0,0.0,2.0,0.0,3.0,2.0
0020001090,1610612753,ORL,Orlando,680,John Amaechi,John,G,,14:14,4.0,4.0,1.0,0.0,0.0,0.0,0.0,1.0,0.0,0.0,2.0,2.0,1.0,1.0,0.0,2.0,4.0,8.0,-4.0
0020001090,1610612753,ORL,Orlando,244,Dee Brown,Dee,G,,16:20,2.0,3.0,0.667,2.0,3.0,0.667,0.0,0.0,0.0,0.0,3.0,3.0,3.0,0.0,0.0,0.0,2.0,6.0,-3.0
0020001090,1610612753,ORL,Orlando,1727,Pat Garrity,Pat,F,,14:41,1.0,2.0,0.5,1.0,1.0,1.0,0.0,0.0,0.0,1.0,3.0,4.0,0.0,0.0,0.0,1.0,1.0,3.0,-9.0
0020001090,1610612753,ORL,Orlando,690,Don Reid,Don,C,,12:37,0.0,3.0,0.0,0.0,0.0,0.0,1.0,2.0,0.5,2.0,1.0,3.0,0.0,1.0,1.0,0.0,0.0,1.0,12.0
0020001090,1610612753,ORL,Orlando,1720,Michael Doleac,Michael,,,5:51,1.0,1.0,1.0,0.0,0.0,0.0,0.0,0.0,0.0,0.0,1.0,1.0,0.0,0.0,0.0,1.0,3.0,2.0,-6.0
0020001090,1610612753,ORL,Orlando,1941,,,, ,,,,,,,,,,,,,,,,,,,,
0020001090,1610612753,ORL,Orlando,837,,,, ,,,,,,,,,,,,,,,,,,,,
0020001090,1610612753,ORL,Orlando,1650,,,, ,,,,,,,,,,,,,,,,,,,,
0020001090,1610612753,ORL,Orlando,1296,,,, ,,,,,,,,,,,,,,,,,,,,
0020001090,1610612753,ORL,Orlando,1307,,,, ,,,,,,,,,,,,,,,,,,,,
0020001090,1610612753,ORL,Orlando,1309,,,, ,,,,,,,,,,,,,,,,,,,,
0020001090,1610612753,ORL,Orlando,1332,,,, ,,,,,,,,,,,,,,,,,,,,
0020001090,1610612753,ORL,Orlando,724,Cory Alexander,Cory,,DNP - Coach's Decision,,,,,,,,,,,,,,,,,,,,
0020001091,1610612766,CHH,Charlotte,469,Jamal Mashburn,Jamal,G,,40:36,8.0,25.0,0.32,1.0,3.0,0.333,3.0,5.0,0.6,0.0,9.0,9.0,6.0,2.0,0.0,1.0,2.0,20.0,2.0
0020001091,1610612766,CHH,Charlotte,136,P.J. Brown,P.J.,G,,26:51,2.0,5.0,0.4,0.0,0.0,0.0,4.0,4.0,1.0,2.0,5.0,7.0,0.0,1.0,1.0,2.0,5.0,8.0,-1.0
0020001091,1610612766,CHH,Charlotte,922,Elden Campbell,Elden,F,,26:43,4.0,7.0,0.571,0.0,0.0,0.0,2.0,2.0,1.0,2.0,7.0,9.0,0.0,2.0,0.0,1.0,5.0,10.0,-10.0
0020001091,1610612766,CHH,Charlotte,133,David Wesley,David,G,,33:10,4.0,13.0,0.308,2.0,7.0,0.286,5.0,7.0,0.714,1.0,5.0,6.0,1.0,1.0,0.0,4.0,1.0,15.0,-12.0
0020001091,1610612766,CHH,Charlotte,1884,Baron Davis,Baron,G,,39:06,5.0,10.0,0.5,1.0,4.0,0.25,4.0,4.0,1.0,0.0,1.0,1.0,4.0,0.0,0.0,3.0,1.0,15.0,-5.0
0020001091,1610612766,CHH,Charlotte,2048,Jamaal Magloire,Jamaal,G,,21:17,1.0,5.0,0.2,0.0,0.0,0.0,0.0,0.0,0.0,1.0,2.0,3.0,0.0,0.0,3.0,0.0,2.0,2.0,5.0
0020001091,1610612766,CHH,Charlotte,901,Otis Thorpe,Otis,F,,21:09,0.0,3.0,0.0,0.0,0.0,0.0,0.0,0.0,0.0,0.0,6.0,6.0,0.0,0.0,0.0,1.0,3.0,0.0,-4.0
0020001091,1610612766,CHH,Charlotte,1944,Eddie Robinson,Eddie,F,,22:14,2.0,7.0,0.286,0.0,0.0,0.0,0.0,0.0,0.0,3.0,0.0,3.0,0.0,0.0,0.0,0.0,0.0,4.0,0.0
0020001091,1610612766,CHH,Charlotte,695,Eldridge Recasner,Eldridge,G,,8:54,1.0,2.0,0.5,0.0,1.0,0.0,0.0,0.0,0.0,0.0,4.0,4.0,1.0,0.0,0.0,2.0,0.0,2.0,0.0
0020001091,1610612766,CHH,Charlotte,1992,,,, ,,,,,,,,,,,,,,,,,,,,
0020001091,1610612766,CHH,Charlotte,1316,,,, ,,,,,,,,,,,,,,,,,,,,
0020001091,1610612766,CHH,Charlotte,2152,,,, ,,,,,,,,,,,,,,,,,,,,
0020001091,1610612766,CHH,Charlotte,1215,,,, ,,,,,,,,,,,,,,,,,,,,
0020001091,1610612766,CHH,Charlotte,1218,,,, ,,,,,,,,,,,,,,,,,,,,
0020001091,1610612766,CHH,Charlotte,934,Derrick Coleman,Derrick,,DNP - Coach's Decision,,,,,,,,,,,,,,,,,,,,
0020001091,1610612766,CHH,Charlotte,765,Hersey Hawkins,Hersey,,DNP - Coach's Decision,,,,,,,,,,,,,,,,,,,,
0020001091,1610612766,CHH,Charlotte,1906,Tim James,Tim,,DNP - Coach's Decision,,,,,,,,,,,,,,,,,,,,
0020001091,1610612748,MIA,Miami,1477,Bruce Bowen,Bruce,G,,27:44,3.0,8.0,0.375,2.0,5.0,0.4,0.0,2.0,0.0,0.0,2.0,2.0,2.0,1.0,0.0,2.0,4.0,8.0,8.0
0020001091,1610612748,MIA,Miami,193,Anthony Mason,Anthony,G,,44:35,9.0,19.0,0.474,0.0,0.0,0.0,4.0,4.0,1.0,3.0,4.0,7.0,3.0,0.0,0.0,2.0,2.0,22.0,5.0
0020001091,1610612748,MIA,Miami,258,Brian Grant,Brian,F,,34:34,4.0,9.0,0.444,0.0,0.0,0.0,4.0,6.0,0.667,1.0,5.0,6.0,0.0,3.0,0.0,3.0,3.0,12.0,8.0
0020001091,1610612748,MIA,Miami,105,Dan Majerle,Dan,G,,32:49,5.0,9.0,0.556,3.0,7.0,0.429,0.0,1.0,0.0,1.0,5.0,6.0,0.0,1.0,0.0,1.0,0.0,13.0,9.0
0020001091,1610612748,MIA,Miami,896,Tim Hardaway,Tim,G,,36:40,0.0,7.0,0.0,0.0,4.0,0.0,0.0,0.0,0.0,0.0,5.0,5.0,12.0,3.0,0.0,2.0,3.0,0.0,9.0
0020001091,1610612748,MIA,Miami,297,Alonzo Mourning,Alonzo,G,,26:51,5.0,13.0,0.385,0.0,0.0,0.0,2.0,7.0,0.286,3.0,2.0,5.0,1.0,0.0,4.0,0.0,1.0,12.0,3.0
0020001091,1610612748,MIA,Miami,920,A.C. Green,A.C.,G,,5:28,0.0,1.0,0.0,0.0,0.0,0.0,0.0,0.0,0.0,0.0,2.0,2.0,0.0,0.0,0.0,0.0,1.0,0.0,-7.0
0020001091,1610612748,MIA,Miami,1853,Anthony Carter,Anthony,G,,19:30,3.0,9.0,0.333,0.0,0.0,0.0,0.0,0.0,0.0,0.0,2.0,2.0,4.0,1.0,0.0,1.0,3.0,6.0,-10.0
0020001091,1610612748,MIA,Miami,76,Cedric Ceballos,Cedric,G,,11:50,4.0,6.0,0.667,0.0,1.0,0.0,0.0,0.0,0.0,1.0,4.0,5.0,0.0,0.0,0.0,0.0,1.0,8.0,0.0
0020001091,1610612748,MIA,Miami,1642,,,, ,,,,,,,,,,,,,,,,,,,,
0020001091,1610612748,MIA,Miami,1877,,,, ,,,,,,,,,,,,,,,,,,,,
0020001091,1610612748,MIA,Miami,1276,,,, ,,,,,,,,,,,,,,,,,,,,
0020001091,1610612748,MIA,Miami,1277,,,, ,,,,,,,,,,,,,,,,,,,,
0020001091,1610612748,MIA,Miami,1279,,,, ,,,,,,,,,,,,,,,,,,,,
0020001091,1610612748,MIA,Miami,1280,,,, ,,,,,,,,,,,,,,,,,,,,
0020001091,1610612748,MIA,Miami,1281,,,, ,,,,,,,,,,,,,,,,,,,,
0020001091,1610612748,MIA,Miami,836,,,, ,,,,,,,,,,,,,,,,,,,,
0020001091,1610612748,MIA,Miami,1787,,,, ,,,,,,,,,,,,,,,,,,,,
0020001091,1610612748,MIA,Miami,1729,Ricky Davis,Ricky,,DNP - Coach's Decision,,,,,,,,,,,,,,,,,,,,
0020001091,1610612748,MIA,Miami,957,Todd Fuller,Todd,,DNP - Coach's Decision,,,,,,,,,,,,,,,,,,,,
0020001091,1610612748,MIA,Miami,2067,Eddie House,Eddie,,DNP - Coach's Decision,,,,,,,,,,,,,,,,,,,,
0020001100,1610612762,UTA,Utah,252,Karl Malone,Karl,G,,40:35,9.0,21.0,0.429,0.0,0.0,0.0,13.0,17.0,0.765,2.0,9.0,11.0,5.0,1.0,0.0,0.0,4.0,31.0,12.0
0020001100,1610612762,UTA,Utah,923,Donyell Marshall,Donyell,F,,35:35,9.0,12.0,0.75,1.0,1.0,1.0,2.0,2.0,1.0,2.0,2.0,4.0,2.0,3.0,0.0,2.0,4.0,21.0,10.0
0020001100,1610612762,UTA,Utah,178,Olden Polynice,Olden,G,,13:25,1.0,2.0,0.5,0.0,0.0,0.0,0.0,0.0,0.0,1.0,1.0,2.0,0.0,0.0,0.0,1.0,2.0,2.0,1.0
0020001100,1610612762,UTA,Utah,935,Bryon Russell,Bryon,G,,41:06,4.0,10.0,0.4,3.0,4.0,0.75,7.0,12.0,0.583,0.0,4.0,4.0,3.0,3.0,0.0,3.0,3.0,18.0,14.0
0020001100,1610612762,UTA,Utah,304,John Stockton,John,G,,35:07,6.0,12.0,0.5,1.0,1.0,1.0,2.0,2.0,1.0,0.0,1.0,1.0,13.0,4.0,0.0,3.0,1.0,15.0,15.0
0020001100,1610612762,UTA,Utah,1521,Jacque Vaughn,Jacque,G,,19:17,1.0,2.0,0.5,0.0,0.0,0.0,0.0,0.0,0.0,1.0,0.0,1.0,1.0,0.0,0.0,1.0,4.0,2.0,-3.0
0020001100,1610612762,UTA,Utah,317,John Starks,John,G,,34:35,6.0,12.0,0.5,2.0,4.0,0.5,2.0,2.0,1.0,0.0,4.0,4.0,2.0,1.0,0.0,0.0,3.0,16.0,12.0
0020001100,1610612762,UTA,Utah,731,Greg Ostertag,Greg,F,,10:42,1.0,4.0,0.25,0.0,0.0,0.0,0.0,0.0,0.0,5.0,1.0,6.0,0.0,1.0,0.0,1.0,3.0,2.0,1.0
0020001100,1610612762,UTA,Utah,330,Danny Manning,Danny,C,,9:38,3.0,3.0,1.0,0.0,0.0,0.0,3.0,4.0,0.75,1.0,1.0,2.0,0.0,1.0,0.0,1.0,4.0,9.0,3.0
0020001100,1610612762,UTA,Utah,1794,,,, ,,,,,,,,,,,,,,,,,,,,
0020001100,1610612762,UTA,Utah,1372,,,, ,,,,,,,,,,,,,,,,,,,,
0020001100,1610612762,UTA,Utah,1228,,,, ,,,,,,,,,,,,,,,,,,,,
0020001100,1610612762,UTA,Utah,1345,,,, ,,,,,,,,,,,,,,,,,,,,
0020001100,1610612762,UTA,Utah,1347,,,, ,,,,,,,,,,,,,,,,,,,,
0020001100,1610612762,UTA,Utah,1348,,,, ,,,,,,,,,,,,,,,,,,,,
0020001100,1610612762,UTA,Utah,128,David Benoit,David,,DNP - Coach's Decision,,,,,,,,,,,,,,,,,,,,
0020001100,1610612762,UTA,Utah,180,John Crotty,John,,DNP - Coach's Decision,,,,,,,,,,,,,,,,,,,,
0020001100,1610612762,UTA,Utah,1909,Scott Padgett,Scott,,DNP - Coach's Decision,,,,,,,,,,,,,,,,,,,,
0020001100,1610612742,DAL,Dallas,436,Juwan Howard,Juwan,G,,38:29,7.0,13.0,0.538,0.0,0.0,0.0,10.0,10.0,1.0,0.0,4.0,4.0,2.0,1.0,0.0,3.0,5.0,24.0,-12.0
0020001100,1610612742,DAL,Dallas,1717,Dirk Nowitzki,Dirk,G,,43:05,7.0,16.0,0.438,1.0,5.0,0.2,7.0,7.0,1.0,0.0,9.0,9.0,2.0,0.0,3.0,4.0,5.0,22.0,-9.0
0020001100,1610612742,DAL,Dallas,1916,Calvin Booth,Calvin,G,,15:38,3.0,3.0,1.0,0.0,0.0,0.0,3.0,4.0,0.75,1.0,5.0,6.0,2.0,1.0,1.0,2.0,5.0,9.0,-3.0
0020001100,1610612742,DAL,Dallas,714,Michael Finley,Michael,G,,44:59,5.0,10.0,0.5,1.0,5.0,0.2,3.0,3.0,1.0,1.0,2.0,3.0,4.0,2.0,1.0,7.0,4.0,14.0,-16.0
0020001100,1610612742,DAL,Dallas,959,Steve Nash,Steve,G,,32:48,3.0,7.0,0.429,2.0,3.0,0.667,4.0,4.0,1.0,0.0,2.0,2.0,11.0,1.0,0.0,4.0,5.0,12.0,0.0
0020001100,1610612742,DAL,Dallas,762,Shawn Bradley,Shawn,C,,17:51,1.0,1.0,1.0,0.0,0.0,0.0,1.0,2.0,0.5,1.0,1.0,2.0,0.0,0.0,1.0,2.0,3.0,3.0,-10.0
0020001100,1610612742,DAL,Dallas,458,Howard Eisley,Howard,G,,19:14,3.0,6.0,0.5,1.0,2.0,0.5,2.0,2.0,1.0,0.0,1.0,1.0,1.0,0.0,0.0,1.0,1.0,9.0,-9.0
0020001100,1610612742,DAL,Dallas,137,Vernon Maxwell,Vernon,F,,22:19,3.0,6.0,0.5,2.0,3.0,0.667,0.0,0.0,0.0,0.0,0.0,0.0,0.0,2.0,0.0,0.0,2.0,8.0,-4.0
0020001100,1610612742,DAL,Dallas,2059,Eduardo Najera,Eduardo,,,4:34,1.0,1.0,1.0,0.0,0.0,0.0,0.0,0.0,0.0,0.0,1.0,1.0,1.0,0.0,0.0,0.0,1.0,2.0,-1.0
0020001100,1610612742,DAL,Dallas,1917,Wang Zhi-zhi,Wang,,,1:03,0.0,0.0,0.0,0.0,0.0,0.0,0.0,0.0,0.0,0.0,0.0,0.0,0.0,0.0,0.0,0.0,0.0,0.0,-1.0
0020001100,1610612742,DAL,Dallas,2154,,,, ,,,,,,,,,,,,,,,,,,,,
0020001100,1610612742,DAL,Dallas,1483,,,, ,,,,,,,,,,,,,,,,,,,,
0020001100,1610612742,DAL,Dallas,1370,,,, ,,,,,,,,,,,,,,,,,,,,
0020001100,1610612742,DAL,Dallas,1643,,,, ,,,,,,,,,,,,,,,,,,,,
0020001100,1610612742,DAL,Dallas,1782,,,, ,,,,,,,,,,,,,,,,,,,,
0020001100,1610612742,DAL,Dallas,1233,,,, ,,,,,,,,,,,,,,,,,,,,
0020001100,1610612742,DAL,Dallas,1269,,,, ,,,,,,,,,,,,,,,,,,,,
0020001100,1610612742,DAL,Dallas,1317,,,, ,,,,,,,,,,,,,,,,,,,,
0020001100,1610612742,DAL,Dallas,95,Mark Bryant,Mark,,DNP - Coach's Decision,,,,,,,,,,,,,,,,,,,,
0020001100,1610612742,DAL,Dallas,2051,Donnell Harvey,Donnell,,DNP - Coach's Decision,,,,,,,,,,,,,,,,,,,,
0020001097,1610612738,BOS,Boston,952,Antoine Walker,Antoine,F,,44:31,10.0,24.0,0.417,2.0,8.0,0.25,6.0,8.0,0.75,3.0,10.0,13.0,7.0,1.0,1.0,3.0,3.0,28.0,2.0
0020001097,1610612738,BOS,Boston,1718,Paul Pierce,Paul,F,,36:10,7.0,12.0,0.583,0.0,0.0,0.0,1.0,6.0,0.167,0.0,4.0,4.0,3.0,2.0,1.0,2.0,2.0,15.0,1.0
0020001097,1610612738,BOS,Boston,1548,Mark Blount,Mark,G,,13:02,0.0,1.0,0.0,0.0,0.0,0.0,0.0,0.0,0.0,2.0,0.0,2.0,1.0,1.0,0.0,1.0,3.0,0.0,-6.0
0020001097,1610612738,BOS,Boston,1960,Milt Palacio,Milt,G,,25:51,7.0,10.0,0.7,0.0,1.0,0.0,0.0,0.0,0.0,0.0,1.0,1.0,2.0,0.0,0.0,2.0,2.0,14.0,-7.0
0020001097,1610612738,BOS,Boston,179,Bryant Stith,Bryant,G,,29:12,3.0,8.0,0.375,1.0,5.0,0.2,3.0,6.0,0.5,3.0,2.0,5.0,0.0,1.0,0.0,2.0,1.0,10.0,-14.0
0020001097,1610612738,BOS,Boston,958,Vitaly Potapenko,Vitaly,C,,23:36,1.0,5.0,0.2,0.0,0.0,0.0,0.0,0.0,0.0,2.0,4.0,6.0,0.0,0.0,1.0,1.0,3.0,2.0,6.0
0020001097,1610612738,BOS,Boston,1914,Chris Herren,Chris,G,,22:09,3.0,6.0,0.5,3.0,6.0,0.5,0.0,0.0,0.0,0.0,1.0,1.0,4.0,2.0,0.0,0.0,1.0,9.0,9.0
0020001097,1610612738,BOS,Boston,677,Eric Williams,Eric,,,25:52,7.0,9.0,0.778,1.0,3.0,0.333,5.0,7.0,0.714,1.0,1.0,2.0,5.0,4.0,0.0,2.0,5.0,20.0,16.0
0020001097,1610612738,BOS,Boston,1499,Tony Battie,Tony,G,,11:21,2.0,3.0,0.667,0.0,0.0,0.0,0.0,0.0,0.0,0.0,2.0,2.0,1.0,0.0,3.0,0.0,0.0,4.0,2.0
0020001097,1610612738,BOS,Boston,1559,Adrian Griffin,Adrian,F,,4:48,0.0,0.0,0.0,0.0,0.0,0.0,0.0,0.0,0.0,0.0,0.0,0.0,0.0,0.0,0.0,0.0,2.0,0.0,1.0
0020001097,1610612738,BOS,Boston,962,Walter McCarty,Walter,,,3:29,0.0,1.0,0.0,0.0,1.0,0.0,0.0,0.0,0.0,0.0,0.0,0.0,0.0,0.0,0.0,0.0,1.0,0.0,0.0
0020001097,1610612738,BOS,Boston,1213,,,, ,,,,,,,,,,,,,,,,,,,,
0020001097,1610612738,BOS,Boston,1639,,,, ,,,,,,,,,,,,,,,,,,,,
0020001097,1610612738,BOS,Boston,1641,,,, ,,,,,,,,,,,,,,,,,,,,
0020001097,1610612738,BOS,Boston,1875,,,, ,,,,,,,,,,,,,,,,,,,,
0020001097,1610612738,BOS,Boston,2040,Jerome Moiso,Jerome,,DNP - Coach's Decision,,,,,,,,,,,,,,,,,,,,
0020001097,1610612764,WAS,Washington,2042,Courtney Alexander,Courtney,G,,40:01,8.0,19.0,0.421,1.0,4.0,0.25,4.0,5.0,0.8,0.0,2.0,2.0,1.0,1.0,0.0,0.0,2.0,21.0,-10.0
0020001097,1610612764,WAS,Washington,363,Christian Laettner,Christian,F,,32:43,5.0,10.0,0.5,0.0,1.0,0.0,1.0,2.0,0.5,3.0,6.0,9.0,1.0,1.0,0.0,5.0,4.0,11.0,-7.0
0020001097,1610612764,WAS,Washington,1751,Jahidi White,Jahidi,F,,29:53,3.0,3.0,1.0,0.0,0.0,0.0,6.0,13.0,0.462,1.0,7.0,8.0,0.0,0.0,3.0,3.0,3.0,12.0,-1.0
0020001097,1610612764,WAS,Washington,1888,Richard Hamilton,Richard,G,,45:11,14.0,25.0,0.56,1.0,3.0,0.333,9.0,9.0,1.0,2.0,3.0,5.0,3.0,0.0,0.0,3.0,1.0,38.0,0.0
0020001097,1610612764,WAS,Washington,1919,Laron Profit,Laron,G,,46:24,2.0,6.0,0.333,0.0,0.0,0.0,4.0,4.0,1.0,2.0,4.0,6.0,8.0,3.0,0.0,2.0,2.0,8.0,-2.0
0020001097,1610612764,WAS,Washington,63,Michael Smith,Michael,G,,19:36,2.0,4.0,0.5,0.0,0.0,0.0,0.0,0.0,0.0,2.0,5.0,7.0,1.0,0.0,1.0,1.0,4.0,4.0,-2.0
0020001097,1610612764,WAS,Washington,461,Popeye Jones,Popeye,G,,13:48,1.0,2.0,0.5,0.0,0.0,0.0,2.0,2.0,1.0,2.0,4.0,6.0,0.0,2.0,0.0,2.0,3.0,4.0,6.0
0020001097,1610612764,WAS,Washington,2128,David Vanterpool,David,C,,12:24,1.0,6.0,0.167,0.0,1.0,0.0,0.0,0.0,0.0,1.0,2.0,3.0,2.0,2.0,0.0,1.0,1.0,2.0,6.0
0020001097,1610612764,WAS,Washington,2171,,,, ,,,,,,,,,,,,,,,,,,,,
0020001097,1610612764,WAS,Washington,2093,,,, ,,,,,,,,,,,,,,,,,,,,
0020001097,1610612764,WAS,Washington,2095,,,, ,,,,,,,,,,,,,,,,,,,,
0020001097,1610612764,WAS,Washington,1245,,,, ,,,,,,,,,,,,,,,,,,,,
0020001097,1610612764,WAS,Washington,1251,,,, ,,,,,,,,,,,,,,,,,,,,
0020001097,1610612764,WAS,Washington,1271,,,, ,,,,,,,,,,,,,,,,,,,,
0020001097,1610612764,WAS,Washington,1340,,,, ,,,,,,,,,,,,,,,,,,,,
0020001097,1610612764,WAS,Washington,1360,,,, ,,,,,,,,,,,,,,,,,,,,
0020001097,1610612764,WAS,Washington,93,Hubert Davis,Hubert,,DND - Strained Right Hamstring,,,,,,,,,,,,,,,,,,,,
0020001097,1610612764,WAS,Washington,1838,Tyrone Nesby,Tyrone,,DNP - Coach's Decision,,,,,,,,,,,,,,,,,,,,
0020001097,1610612764,WAS,Washington,2065,Mike Smith,Mike,,DNP - Coach's Decision,,,,,,,,,,,,,,,,,,,,
0020001097,1610612764,WAS,Washington,919,Loy Vaught,Loy,,DNP - Coach's Decision,,,,,,,,,,,,,,,,,,,,
0020001102,1610612763,VAN,Vancouver,949,Shareef Abdur-Rahim,Shareef,G,,44:10,9.0,20.0,0.45,1.0,1.0,1.0,13.0,14.0,0.929,2.0,6.0,8.0,6.0,1.0,0.0,5.0,3.0,32.0,-3.0
0020001102,1610612763,VAN,Vancouver,763,Tony Massenburg,Tony,F,,17:40,2.0,4.0,0.5,0.0,0.0,0.0,1.0,2.0,0.5,0.0,3.0,3.0,0.0,2.0,0.0,2.0,4.0,5.0,4.0
0020001102,1610612763,VAN,Vancouver,735,Bryant Reeves,Bryant,C,,35:49,7.0,14.0,0.5,0.0,0.0,0.0,1.0,1.0,1.0,3.0,9.0,12.0,0.0,0.0,1.0,0.0,3.0,15.0,2.0
0020001102,1610612763,VAN,Vancouver,1722,Michael Dickerson,Michael,G,,42:07,7.0,17.0,0.412,3.0,3.0,1.0,2.0,3.0,0.667,0.0,6.0,6.0,3.0,2.0,0.0,2.0,5.0,19.0,-5.0
0020001102,1610612763,VAN,Vancouver,1710,Mike Bibby,Mike,G,,43:48,8.0,13.0,0.615,1.0,3.0,0.333,0.0,2.0,0.0,3.0,5.0,8.0,18.0,2.0,0.0,4.0,1.0,17.0,1.0
0020001102,1610612763,VAN,Vancouver,2031,Stromile Swift,Stromile,G,,15:32,0.0,5.0,0.0,0.0,0.0,0.0,0.0,0.0,0.0,2.0,2.0,4.0,0.0,1.0,1.0,1.0,1.0,0.0,-1.0
0020001102,1610612763,VAN,Vancouver,1134,Ike Austin,Ike,F,,12:11,0.0,4.0,0.0,0.0,1.0,0.0,0.0,0.0,0.0,1.0,4.0,5.0,1.0,0.0,1.0,0.0,2.0,0.0,-3.0
0020001102,1610612763,VAN,Vancouver,236,Kevin Edwards,Kevin,C,,7:07,1.0,3.0,0.333,0.0,0.0,0.0,1.0,2.0,0.5,1.0,0.0,1.0,0.0,0.0,0.0,0.0,1.0,3.0,4.0
0020001102,1610612763,VAN,Vancouver,1800,Damon Jones,Damon,,,4:12,0.0,1.0,0.0,0.0,1.0,0.0,0.0,0.0,0.0,0.0,0.0,0.0,0.0,1.0,0.0,0.0,0.0,0.0,-2.0
0020001102,1610612763,VAN,Vancouver,3,Grant Long,Grant,G,,17:24,3.0,5.0,0.6,0.0,0.0,0.0,0.0,0.0,0.0,1.0,1.0,2.0,0.0,0.0,0.0,0.0,2.0,6.0,-2.0
0020001102,1610612763,VAN,Vancouver,1356,,,, ,,,,,,,,,,,,,,,,,,,,
0020001102,1610612763,VAN,Vancouver,1226,,,, ,,,,,,,,,,,,,,,,,,,,
0020001102,1610612763,VAN,Vancouver,888,,,, ,,,,,,,,,,,,,,,,,,,,
0020001102,1610612763,VAN,Vancouver,1994,,,, ,,,,,,,,,,,,,,,,,,,,
0020001102,1610612763,VAN,Vancouver,1795,,,, ,,,,,,,,,,,,,,,,,,,,
0020001102,1610612763,VAN,Vancouver,2163,,,, ,,,,,,,,,,,,,,,,,,,,
0020001102,1610612763,VAN,Vancouver,2164,,,, ,,,,,,,,,,,,,,,,,,,,
0020001102,1610612763,VAN,Vancouver,51,Mahmoud Abdul-Rauf,Mahmoud,,DND - INJ - Back Spasms,,,,,,,,,,,,,,,,,,,,
0020001102,1610612763,VAN,Vancouver,1065,Erick Strickland,Erick,,DND - INJ - Strained Left Knee,,,,,,,,,,,,,,,,,,,,
0020001102,1610612743,DEN,Denver,45,George McCloud,George,F,,37:33,7.0,13.0,0.538,4.0,7.0,0.571,0.0,0.0,0.0,0.0,6.0,6.0,5.0,1.0,1.0,3.0,4.0,18.0,-1.0
0020001102,1610612743,DEN,Denver,788,Kevin Willis,Kevin,G,,43:19,6.0,17.0,0.353,0.0,1.0,0.0,3.0,4.0,0.75,4.0,5.0,9.0,1.0,2.0,0.0,2.0,5.0,15.0,1.0
0020001102,1610612743,DEN,Denver,1711,Raef LaFrentz,Raef,G,,38:16,5.0,12.0,0.417,3.0,4.0,0.75,6.0,11.0,0.545,0.0,5.0,5.0,0.0,1.0,5.0,4.0,3.0,19.0,4.0
0020001102,1610612743,DEN,Denver,123,Robert Pack,Robert,G,,34:10,4.0,9.0,0.444,1.0,2.0,0.5,1.0,2.0,0.5,1.0,6.0,7.0,12.0,0.0,0.0,4.0,0.0,10.0,-2.0
0020001102,1610612743,DEN,Denver,1899,James Posey,James,G,,44:12,8.0,15.0,0.533,3.0,5.0,0.6,3.0,3.0,1.0,2.0,9.0,11.0,2.0,1.0,1.0,2.0,5.0,22.0,-2.0
0020001102,1610612743,DEN,Denver,1763,Ryan Bowen,Ryan,G,,8:54,0.0,2.0,0.0,0.0,0.0,0.0,0.0,0.0,0.0,0.0,2.0,2.0,0.0,0.0,0.0,0.0,2.0,0.0,1.0
0020001102,1610612743,DEN,Denver,702,Voshon Lenard,Voshon,F,,26:31,4.0,8.0,0.5,3.0,4.0,0.75,3.0,4.0,0.75,2.0,0.0,2.0,4.0,1.0,0.0,2.0,2.0,14.0,6.0
0020001102,1610612743,DEN,Denver,924,Anthony Goldwire,Anthony,F,,6:15,0.0,2.0,0.0,0.0,1.0,0.0,0.0,0.0,0.0,0.0,0.0,0.0,2.0,1.0,0.0,0.0,2.0,0.0,1.0
0020001102,1610612743,DEN,Denver,2082,Dan McClintock,Dan,,,0:50,0.0,0.0,0.0,0.0,0.0,0.0,0.0,0.0,0.0,0.0,0.0,0.0,0.0,0.0,0.0,0.0,0.0,0.0,-3.0
0020001102,1610612743,DEN,Denver,1784,,,, ,,,,,,,,,,,,,,,,,,,,
0020001102,1610612743,DEN,Denver,1785,,,, ,,,,,,,,,,,,,,,,,,,,
0020001102,1610612743,DEN,Denver,1786,,,, ,,,,,,,,,,,,,,,,,,,,
0020001102,1610612743,DEN,Denver,1995,,,, ,,,,,,,,,,,,,,,,,,,,
0020001102,1610612743,DEN,Denver,2007,,,, ,,,,,,,,,,,,,,,,,,,,
0020001102,1610612743,DEN,Denver,1207,,,, ,,,,,,,,,,,,,,,,,,,,
0020001102,1610612743,DEN,Denver,1216,,,, ,,,,,,,,,,,,,,,,,,,,
0020001102,1610612743,DEN,Denver,1240,,,, ,,,,,,,,,,,,,,,,,,,,
0020001102,1610612743,DEN,Denver,1241,,,, ,,,,,,,,,,,,,,,,,,,,
0020001102,1610612743,DEN,Denver,384,Calbert Cheaney,Calbert,,DND-INJ-R. Hand 1st Metacarpal Fracture,,,,,,,,,,,,,,,,,,,,
0020001102,1610612743,DEN,Denver,686,Antonio McDyess,Antonio,,DND - INJ - Subluxated Left Kneecap,,,,,,,,,,,,,,,,,,,,
0020001102,1610612743,DEN,Denver,89,Nick Van Exel,Nick,,DND - INJ - Lower Back Strain,,,,,,,,,,,,,,,,,,,,
0020001099,1610612756,PHX,Phoenix,361,Clifford Robinson,Clifford,F,,34:22,7.0,13.0,0.538,2.0,3.0,0.667,3.0,4.0,0.75,2.0,2.0,4.0,1.0,0.0,2.0,1.0,4.0,19.0,-2.0
0020001099,1610612756,PHX,Phoenix,1890,Shawn Marion,Shawn,F,,38:06,10.0,22.0,0.455,0.0,0.0,0.0,5.0,6.0,0.833,6.0,4.0,10.0,4.0,1.0,3.0,1.0,4.0,25.0,4.0
0020001099,1610612756,PHX,Phoenix,2054,Jake Tsakalidis,Jake,C,,7:30,0.0,1.0,0.0,0.0,0.0,0.0,2.0,2.0,1.0,0.0,0.0,0.0,0.0,0.0,0.0,0.0,1.0,2.0,-12.0
0020001099,1610612756,PHX,Phoenix,467,Jason Kidd,Jason,G,,42:57,6.0,22.0,0.273,1.0,3.0,0.333,4.0,6.0,0.667,0.0,6.0,6.0,9.0,3.0,1.0,4.0,2.0,17.0,5.0
0020001099,1610612756,PHX,Phoenix,53,Mario Elie,Mario,G,,27:59,0.0,6.0,0.0,0.0,2.0,0.0,2.0,2.0,1.0,2.0,2.0,4.0,2.0,1.0,0.0,1.0,1.0,2.0,-5.0
0020001099,1610612756,PHX,Phoenix,201,Chris Dudley,Chris,C,,14:08,0.0,0.0,0.0,0.0,0.0,0.0,0.0,0.0,0.0,0.0,2.0,2.0,1.0,0.0,0.0,0.0,2.0,0.0,7.0
0020001099,1610612756,PHX,Phoenix,339,Tom Gugliotta,Tom,G,,17:15,1.0,2.0,0.5,0.0,0.0,0.0,0.0,1.0,0.0,0.0,0.0,0.0,1.0,2.0,1.0,0.0,4.0,2.0,-1.0
0020001099,1610612756,PHX,Phoenix,960,Tony Delk,Tony,G,,28:04,4.0,8.0,0.5,0.0,0.0,0.0,2.0,3.0,0.667,1.0,3.0,4.0,2.0,2.0,1.0,1.0,2.0,10.0,8.0
0020001099,1610612756,PHX,Phoenix,219,Vinny Del Negro,Vinny,,,5:03,3.0,6.0,0.5,0.0,0.0,0.0,0.0,0.0,0.0,0.0,0.0,0.0,1.0,0.0,0.0,1.0,1.0,6.0,-1.0
0020001099,1610612756,PHX,Phoenix,915,Rodney Rogers,Rodney,G,,21:21,6.0,8.0,0.75,3.0,4.0,0.75,2.0,3.0,0.667,2.0,2.0,4.0,0.0,0.0,0.0,2.0,2.0,17.0,8.0
0020001099,1610612756,PHX,Phoenix,2091,Daniel Santiago,Daniel,,,3:15,1.0,2.0,0.5,0.0,0.0,0.0,0.0,0.0,0.0,0.0,1.0,1.0,0.0,0.0,0.0,0.0,1.0,2.0,9.0
0020001099,1610612756,PHX,Phoenix,1653,,,, ,,,,,,,,,,,,,,,,,,,,
0020001099,1610612756,PHX,Phoenix,1654,,,, ,,,,,,,,,,,,,,,,,,,,
0020001099,1610612756,PHX,Phoenix,2008,,,, ,,,,,,,,,,,,,,,,,,,,
0020001099,1610612756,PHX,Phoenix,2015,,,, ,,,,,,,,,,,,,,,,,,,,
0020001099,1610612756,PHX,Phoenix,1227,,,, ,,,,,,,,,,,,,,,,,,,,
0020001099,1610612756,PHX,Phoenix,2160,,,, ,,,,,,,,,,,,,,,,,,,,
0020001099,1610612756,PHX,Phoenix,2161,,,, ,,,,,,,,,,,,,,,,,,,,
0020001099,1610612756,PHX,Phoenix,386,Elliot Perry,Elliot,,DNP - Coach's Decision,,,,,,,,,,,,,,,,,,,,
0020001099,1610612739,CLE,Cleveland,1723,Matt Harpring,Matt,F,,43:13,6.0,16.0,0.375,1.0,4.0,0.25,7.0,8.0,0.875,3.0,2.0,5.0,1.0,0.0,1.0,1.0,4.0,20.0,-5.0
0020001099,1610612739,CLE,Cleveland,221,Clar. Weatherspoon,Clar.,F,,38:57,6.0,10.0,0.6,0.0,0.0,0.0,8.0,8.0,1.0,1.0,8.0,9.0,2.0,3.0,3.0,1.0,3.0,20.0,-11.0
0020001099,1610612739,CLE,Cleveland,2036,Chris Mihm,Chris,C,,25:27,4.0,7.0,0.571,0.0,0.0,0.0,2.0,2.0,1.0,3.0,1.0,4.0,1.0,0.0,0.0,2.0,4.0,10.0,-6.0
0020001099,1610612739,CLE,Cleveland,1889,Andre Miller,Andre,G,,36:07,4.0,14.0,0.286,0.0,2.0,0.0,8.0,10.0,0.8,3.0,3.0,6.0,8.0,1.0,2.0,6.0,4.0,16.0,-1.0
0020001099,1610612739,CLE,Cleveland,445,Wesley Person,Wesley,G,,19:22,2.0,4.0,0.5,0.0,0.0,0.0,0.0,0.0,0.0,0.0,5.0,5.0,1.0,0.0,0.0,3.0,0.0,4.0,-1.0
0020001099,1610612739,CLE,Cleveland,902,Bimbo Coles,Bimbo,F,,11:53,2.0,4.0,0.5,0.0,0.0,0.0,0.0,0.0,0.0,0.0,0.0,0.0,5.0,1.0,0.0,0.0,2.0,4.0,-3.0
0020001099,1610612739,CLE,Cleveland,1892,Trajan Langdon,Trajan,G,,28:40,3.0,6.0,0.5,0.0,0.0,0.0,4.0,4.0,1.0,2.0,5.0,7.0,2.0,0.0,1.0,2.0,3.0,10.0,-3.0
0020001099,1610612739,CLE,Cleveland,1714,Robert Traylor,Robert,G,,15:14,0.0,1.0,0.0,0.0,0.0,0.0,1.0,2.0,0.5,0.0,0.0,0.0,1.0,0.0,0.0,0.0,1.0,1.0,1.0
0020001099,1610612739,CLE,Cleveland,441,Lamond Murray,Lamond,G,,21:07,6.0,10.0,0.6,1.0,2.0,0.5,0.0,0.0,0.0,1.0,5.0,6.0,1.0,0.0,1.0,3.0,4.0,13.0,9.0
0020001099,1610612739,CLE,Cleveland,1638,,,, ,,,,,,,,,,,,,,,,,,,,
0020001099,1610612739,CLE,Cleveland,1285,,,, ,,,,,,,,,,,,,,,,,,,,
0020001099,1610612739,CLE,Cleveland,1289,,,, ,,,,,,,,,,,,,,,,,,,,
0020001099,1610612739,CLE,Cleveland,1311,,,, ,,,,,,,,,,,,,,,,,,,,
0020001099,1610612739,CLE,Cleveland,2006,,,, ,,,,,,,,,,,,,,,,,,,,
0020001099,1610612739,CLE,Cleveland,2096,,,, ,,,,,,,,,,,,,,,,,,,,
0020001099,1610612739,CLE,Cleveland,2174,,,, ,,,,,,,,,,,,,,,,,,,,
0020001099,1610612739,CLE,Cleveland,359,Chucky Brown,Chucky,,DNP - Coach's Decision,,,,,,,,,,,,,,,,,,,,
0020001099,1610612739,CLE,Cleveland,423,Chris Gatling,Chris,,DNP - Coach's Decision,,,,,,,,,,,,,,,,,,,,
0020001099,1610612739,CLE,Cleveland,1533,Anthony Johnson,Anthony,,DNP - Coach's Decision,,,,,,,,,,,,,,,,,,,,
