GAME_ID,TEAM_ID,TEAM_ABBREVIATION,TEAM_CITY,PLAYER_ID,PLAYER_NAME,NICKNAME,START_POSITION,COMMENT,MIN,FGM,FGA,FG_PCT,FG3M,FG3A,FG3_PCT,FTM,FTA,FT_PCT,OREB,DREB,REB,AST,STL,BLK,TO,PF,PTS,PLUS_MINUS
0020200477,1610612764,WAS,Washington,711,Jerry Stackhouse,Jerry,F,,43:19,11.0,21.0,0.524,4.0,8.0,0.5,11.0,11.0,1.0,1.0,2.0,3.0,2.0,2.0,0.0,2.0,3.0,37.0,13.0
0020200477,1610612764,WAS,Washington,363,Christian Laettner,Christian,F,,38:33,3.0,7.0,0.429,0.0,0.0,0.0,0.0,0.0,0.0,2.0,4.0,6.0,4.0,1.0,1.0,0.0,1.0,6.0,6.0
0020200477,1610612764,WAS,Washington,2217,Brendan Haywood,Brendan,C,,17:17,3.0,6.0,0.5,0.0,0.0,0.0,1.0,5.0,0.2,1.0,1.0,2.0,0.0,0.0,0.0,0.0,3.0,7.0,-2.0
0020200477,1610612764,WAS,Washington,1716,Larry Hughes,Larry,G,,42:41,5.0,13.0,0.385,0.0,2.0,0.0,6.0,9.0,0.667,1.0,3.0,4.0,5.0,2.0,1.0,2.0,0.0,16.0,7.0
0020200477,1610612764,WAS,Washington,893,Michael Jordan,Michael,G,,39:33,7.0,18.0,0.389,0.0,2.0,0.0,5.0,5.0,1.0,0.0,11.0,11.0,7.0,4.0,0.0,4.0,2.0,19.0,6.0
0020200477,1610612764,WAS,Washington,2041,Etan Thomas,Etan,C,,12:45,0.0,0.0,0.0,0.0,0.0,0.0,1.0,4.0,0.25,1.0,2.0,3.0,0.0,0.0,1.0,0.0,0.0,1.0,-4.0
0020200477,1610612764,WAS,Washington,2198,Kwame Brown,Kwame,F,,18:54,2.0,2.0,1.0,0.0,0.0,0.0,3.0,5.0,0.6,0.0,4.0,4.0,2.0,0.0,0.0,1.0,3.0,7.0,-1.0
0020200477,1610612764,WAS,Washington,1731,Tyronn Lue,Tyronn,G,,16:03,3.0,5.0,0.6,1.0,2.0,0.5,0.0,0.0,0.0,0.0,0.0,0.0,2.0,1.0,0.0,1.0,1.0,7.0,-11.0
0020200477,1610612764,WAS,Washington,935,Bryon Russell,Bryon,,,3:36,0.0,0.0,0.0,0.0,0.0,0.0,0.0,0.0,0.0,0.0,2.0,2.0,0.0,0.0,0.0,1.0,0.0,0.0,0.0
0020200477,1610612764,WAS,Washington,891,Charles Oakley,Charles,,,7:18,0.0,1.0,0.0,0.0,0.0,0.0,0.0,2.0,0.0,0.0,2.0,2.0,0.0,0.0,0.0,0.0,4.0,0.0,11.0
0020200477,1610612764,WAS,Washington,2250,Bobby Simmons,Bobby,,,0:01,0.0,0.0,0.0,0.0,0.0,0.0,0.0,0.0,0.0,0.0,0.0,0.0,0.0,0.0,0.0,0.0,0.0,0.0,0.0
0020200477,1610612764,WAS,Washington,2523,,,, ,,,,,,,,,,,,,,,,,,,,
0020200477,1610612764,WAS,Washington,2382,,,, ,,,,,,,,,,,,,,,,,,,,
0020200477,1610612764,WAS,Washington,2383,,,, ,,,,,,,,,,,,,,,,,,,,
0020200477,1610612764,WAS,Washington,2171,,,, ,,,,,,,,,,,,,,,,,,,,
0020200477,1610612764,WAS,Washington,1244,,,, ,,,,,,,,,,,,,,,,,,,,
0020200477,1610612764,WAS,Washington,1245,,,, ,,,,,,,,,,,,,,,,,,,,
0020200477,1610612764,WAS,Washington,1271,,,, ,,,,,,,,,,,,,,,,,,,,
0020200477,1610612764,WAS,Washington,2073,Brian Cardinal,Brian,,DNP - Coach's Decision,,,,,,,,,,,,,,,,,,,,
0020200477,1610612738,BOS,Boston,952,Antoine Walker,Antoine,F,,42:25,7.0,19.0,0.368,2.0,8.0,0.25,1.0,1.0,1.0,1.0,4.0,5.0,5.0,1.0,0.0,4.0,3.0,17.0,-1.0
0020200477,1610612738,BOS,Boston,677,Eric Williams,Eric,F,,27:31,3.0,6.0,0.5,2.0,4.0,0.5,1.0,1.0,1.0,1.0,2.0,3.0,1.0,2.0,0.0,3.0,5.0,9.0,-3.0
0020200477,1610612738,BOS,Boston,1499,Tony Battie,Tony,C,,31:33,3.0,5.0,0.6,0.0,0.0,0.0,4.0,4.0,1.0,4.0,11.0,15.0,0.0,1.0,1.0,4.0,5.0,10.0,-1.0
0020200477,1610612738,BOS,Boston,960,Tony Delk,Tony,G,,34:29,5.0,15.0,0.333,0.0,5.0,0.0,0.0,0.0,0.0,2.0,5.0,7.0,2.0,0.0,0.0,0.0,3.0,10.0,0.0
0020200477,1610612738,BOS,Boston,1718,Paul Pierce,Paul,G,,43:58,10.0,23.0,0.435,2.0,8.0,0.25,8.0,9.0,0.889,1.0,5.0,6.0,6.0,2.0,1.0,2.0,3.0,30.0,-5.0
0020200477,1610612738,BOS,Boston,962,Walter McCarty,Walter,F,,14:00,1.0,4.0,0.25,1.0,4.0,0.25,0.0,0.0,0.0,0.0,1.0,1.0,1.0,0.0,0.0,2.0,4.0,3.0,-8.0
0020200477,1610612738,BOS,Boston,1742,Shammond Williams,Shammond,G,,25:35,3.0,6.0,0.5,1.0,3.0,0.333,0.0,0.0,0.0,0.0,1.0,1.0,3.0,1.0,0.0,1.0,1.0,7.0,-3.0
0020200477,1610612738,BOS,Boston,452,Vin Baker,Vin,C,,16:27,4.0,5.0,0.8,0.0,0.0,0.0,1.0,1.0,1.0,1.0,2.0,3.0,0.0,1.0,1.0,1.0,4.0,9.0,-4.0
0020200477,1610612738,BOS,Boston,2208,Kedrick Brown,Kedrick,,,4:02,0.0,1.0,0.0,0.0,0.0,0.0,0.0,0.0,0.0,0.0,1.0,1.0,1.0,0.0,0.0,0.0,0.0,0.0,0.0
0020200477,1610612738,BOS,Boston,2345,,,, ,,,,,,,,,,,,,,,,,,,,
0020200477,1610612738,BOS,Boston,1639,,,, ,,,,,,,,,,,,,,,,,,,,
0020200477,1610612738,BOS,Boston,1641,,,, ,,,,,,,,,,,,,,,,,,,,
0020200477,1610612738,BOS,Boston,1213,,,, ,,,,,,,,,,,,,,,,,,,,
0020200477,1610612738,BOS,Boston,1321,,,, ,,,,,,,,,,,,,,,,,,,,
0020200477,1610612738,BOS,Boston,1875,,,, ,,,,,,,,,,,,,,,,,,,,
0020200477,1610612738,BOS,Boston,2509,,,, ,,,,,,,,,,,,,,,,,,,,
0020200477,1610612738,BOS,Boston,2452,J.R. Bremer,J.R.,,DNP - Coach's Decision,,,,,,,,,,,,,,,,,,,,
0020200477,1610612738,BOS,Boston,1630,Mikki Moore,Mikki,,DNP - Coach's Decision,,,,,,,,,,,,,,,,,,,,
0020200477,1610612738,BOS,Boston,1743,Bruno Sundov,Bruno,,DNP - Coach's Decision,,,,,,,,,,,,,,,,,,,,
0020200483,1610612740,NOH,New Orleans,469,Jamal Mashburn,Jamal,G,,45:23,11.0,26.0,0.423,4.0,10.0,0.4,4.0,4.0,1.0,0.0,3.0,3.0,11.0,1.0,0.0,1.0,3.0,30.0,-3.0
0020200483,1610612740,NOH,New Orleans,136,P.J. Brown,P.J.,F,,27:16,2.0,7.0,0.286,0.0,0.0,0.0,2.0,2.0,1.0,0.0,7.0,7.0,3.0,3.0,1.0,0.0,4.0,6.0,-7.0
0020200483,1610612740,NOH,New Orleans,2048,Jamaal Magloire,Jamaal,F,,22:05,4.0,8.0,0.5,0.0,0.0,0.0,1.0,2.0,0.5,4.0,4.0,8.0,0.0,0.0,0.0,1.0,1.0,9.0,-25.0
0020200483,1610612740,NOH,New Orleans,133,David Wesley,David,G,,45:17,7.0,18.0,0.389,2.0,5.0,0.4,2.0,2.0,1.0,1.0,2.0,3.0,8.0,2.0,0.0,2.0,3.0,18.0,1.0
0020200483,1610612740,NOH,New Orleans,2042,Courtney Alexander,Courtney,G,,24:35,4.0,11.0,0.364,0.0,1.0,0.0,2.0,2.0,1.0,0.0,0.0,0.0,2.0,0.0,0.0,2.0,3.0,10.0,-13.0
0020200483,1610612740,NOH,New Orleans,922,Elden Campbell,Elden,,,11:33,2.0,4.0,0.5,0.0,0.0,0.0,2.0,2.0,1.0,1.0,1.0,2.0,0.0,0.0,0.0,2.0,3.0,6.0,-19.0
0020200483,1610612740,NOH,New Orleans,2040,Jerome Moiso,Jerome,F,,14:55,2.0,2.0,1.0,0.0,0.0,0.0,1.0,2.0,0.5,0.0,1.0,1.0,1.0,1.0,1.0,1.0,2.0,5.0,13.0
0020200483,1610612740,NOH,New Orleans,278,Stacey Augmon,Stacey,G,,23:25,4.0,5.0,0.8,0.0,0.0,0.0,0.0,0.0,0.0,0.0,4.0,4.0,2.0,2.0,0.0,1.0,1.0,8.0,9.0
0020200483,1610612740,NOH,New Orleans,1714,Robert Traylor,Robert,G,,19:47,4.0,6.0,0.667,0.0,0.0,0.0,2.0,4.0,0.5,5.0,5.0,10.0,1.0,3.0,0.0,1.0,3.0,10.0,28.0
0020200483,1610612740,NOH,New Orleans,1724,Bryce Drew,Bryce,,,3:07,0.0,2.0,0.0,0.0,0.0,0.0,0.0,0.0,0.0,1.0,0.0,1.0,0.0,0.0,0.0,2.0,1.0,0.0,-3.0
0020200483,1610612740,NOH,New Orleans,248,George Lynch,George,,,2:37,0.0,1.0,0.0,0.0,0.0,0.0,0.0,0.0,0.0,0.0,0.0,0.0,0.0,0.0,0.0,0.0,0.0,0.0,-1.0
0020200483,1610612740,NOH,New Orleans,1218,,,, ,,,,,,,,,,,,,,,,,,,,
0020200483,1610612740,NOH,New Orleans,1304,,,, ,,,,,,,,,,,,,,,,,,,,
0020200483,1610612740,NOH,New Orleans,1316,,,, ,,,,,,,,,,,,,,,,,,,,
0020200483,1610612740,NOH,New Orleans,2152,,,, ,,,,,,,,,,,,,,,,,,,,
0020200483,1610612740,NOH,New Orleans,2377,,,, ,,,,,,,,,,,,,,,,,,,,
0020200483,1610612740,NOH,New Orleans,1884,Baron Davis,Baron,,DND - Back spasms,,,,,,,,,,,,,,,,,,,,
0020200483,1610612763,MEM,Memphis,2203,Shane Battier,Shane,F,,40:23,5.0,7.0,0.714,3.0,4.0,0.75,0.0,0.0,0.0,2.0,6.0,8.0,2.0,3.0,4.0,1.0,2.0,13.0,12.0
0020200483,1610612763,MEM,Memphis,2200,Pau Gasol,Pau,G,,39:24,7.0,14.0,0.5,0.0,0.0,0.0,10.0,12.0,0.833,1.0,6.0,7.0,2.0,1.0,0.0,3.0,2.0,24.0,14.0
0020200483,1610612763,MEM,Memphis,953,Lorenzen Wright,Lorenzen,G,,38:01,9.0,16.0,0.563,0.0,0.0,0.0,2.0,5.0,0.4,3.0,11.0,14.0,1.0,0.0,1.0,3.0,0.0,20.0,15.0
0020200483,1610612763,MEM,Memphis,1715,Jason Williams,Jason,G,,39:13,10.0,17.0,0.588,4.0,8.0,0.5,4.0,8.0,0.5,1.0,6.0,7.0,14.0,1.0,0.0,4.0,2.0,28.0,13.0
0020200483,1610612763,MEM,Memphis,1921,Gordan Giricek,Gordan,G,,33:18,3.0,10.0,0.3,0.0,3.0,0.0,3.0,3.0,1.0,1.0,1.0,2.0,0.0,0.0,0.0,2.0,4.0,9.0,-4.0
0020200483,1610612763,MEM,Memphis,2400,Drew Gooden,Drew,F,,19:05,3.0,7.0,0.429,0.0,0.0,0.0,2.0,2.0,1.0,1.0,2.0,3.0,1.0,1.0,0.0,2.0,2.0,8.0,-10.0
0020200483,1610612763,MEM,Memphis,2031,Stromile Swift,Stromile,F,,10:41,0.0,1.0,0.0,0.0,0.0,0.0,0.0,0.0,0.0,0.0,1.0,1.0,0.0,0.0,1.0,0.0,1.0,0.0,-14.0
0020200483,1610612763,MEM,Memphis,2248,Earl Watson,Earl,G,,12:01,1.0,2.0,0.5,0.0,0.0,0.0,0.0,0.0,0.0,0.0,0.0,0.0,5.0,4.0,0.0,2.0,2.0,2.0,1.0
0020200483,1610612763,MEM,Memphis,2471,Mike Batiste,Mike,G,,7:54,1.0,3.0,0.333,0.0,1.0,0.0,0.0,0.0,0.0,1.0,1.0,2.0,0.0,0.0,0.0,1.0,0.0,2.0,-7.0
0020200483,1610612763,MEM,Memphis,2536,,,, ,,,,,,,,,,,,,,,,,,,,
0020200483,1610612763,MEM,Memphis,2163,,,, ,,,,,,,,,,,,,,,,,,,,
0020200483,1610612763,MEM,Memphis,1994,,,, ,,,,,,,,,,,,,,,,,,,,
0020200483,1610612763,MEM,Memphis,2353,,,, ,,,,,,,,,,,,,,,,,,,,
0020200483,1610612763,MEM,Memphis,1353,,,, ,,,,,,,,,,,,,,,,,,,,
0020200483,1610612763,MEM,Memphis,1356,,,, ,,,,,,,,,,,,,,,,,,,,
0020200483,1610612763,MEM,Memphis,2425,Robert Archibald,Robert,,DNP - Coach's Decision,,,,,,,,,,,,,,,,,,,,
0020200483,1610612763,MEM,Memphis,1510,Brevin Knight,Brevin,,DND - gastritis,,,,,,,,,,,,,,,,,,,,
0020200483,1610612763,MEM,Memphis,2456,Cezary Trybanski,Cezary,,DNP - Coach's Decision,,,,,,,,,,,,,,,,,,,,
0020200479,1610612752,NYK,New York,84,Latrell Sprewell,Latrell,F,,44:24,10.0,23.0,0.435,1.0,4.0,0.25,7.0,8.0,0.875,2.0,1.0,3.0,6.0,0.0,0.0,2.0,2.0,28.0,-7.0
0020200479,1610612752,NYK,New York,970,Othella Harrington,Othella,F,,28:57,4.0,7.0,0.571,0.0,0.0,0.0,3.0,3.0,1.0,3.0,5.0,8.0,1.0,1.0,0.0,1.0,6.0,11.0,9.0
0020200479,1610612752,NYK,New York,703,Kurt Thomas,Kurt,G,,34:19,7.0,13.0,0.538,0.0,0.0,0.0,0.0,0.0,0.0,3.0,6.0,9.0,1.0,1.0,0.0,3.0,5.0,14.0,5.0
0020200479,1610612752,NYK,New York,275,Allan Houston,Allan,G,,39:04,6.0,13.0,0.462,1.0,1.0,1.0,2.0,2.0,1.0,0.0,3.0,3.0,1.0,2.0,0.0,0.0,0.0,15.0,5.0
0020200479,1610612752,NYK,New York,458,Howard Eisley,Howard,G,,25:26,3.0,7.0,0.429,3.0,5.0,0.6,2.0,2.0,1.0,0.0,4.0,4.0,4.0,0.0,0.0,3.0,3.0,11.0,1.0
0020200479,1610612752,NYK,New York,369,Charlie Ward,Charlie,G,,22:34,2.0,6.0,0.333,1.0,4.0,0.25,1.0,2.0,0.5,1.0,3.0,4.0,7.0,2.0,0.0,2.0,4.0,6.0,-4.0
0020200479,1610612752,NYK,New York,1000,Shandon Anderson,Shandon,G,,20:48,3.0,4.0,0.75,1.0,2.0,0.5,4.0,6.0,0.667,0.0,4.0,4.0,2.0,1.0,0.0,2.0,2.0,11.0,0.0
0020200479,1610612752,NYK,New York,1720,Michael Doleac,Michael,,,12:36,2.0,5.0,0.4,0.0,0.0,0.0,0.0,0.0,0.0,2.0,1.0,3.0,1.0,0.0,1.0,1.0,2.0,4.0,-16.0
0020200479,1610612752,NYK,New York,969,Travis Knight,Travis,C,,11:05,0.0,1.0,0.0,0.0,0.0,0.0,0.0,0.0,0.0,0.0,2.0,2.0,0.0,0.0,0.0,0.0,2.0,0.0,-11.0
0020200479,1610612752,NYK,New York,1924,Lee Nailon,Lee,,,0:47,0.0,0.0,0.0,0.0,0.0,0.0,0.0,0.0,0.0,0.0,0.0,0.0,0.0,0.0,1.0,0.0,0.0,0.0,3.0
0020200479,1610612752,NYK,New York,2168,,,, ,,,,,,,,,,,,,,,,,,,,
0020200479,1610612752,NYK,New York,1790,,,, ,,,,,,,,,,,,,,,,,,,,
0020200479,1610612752,NYK,New York,1791,,,, ,,,,,,,,,,,,,,,,,,,,
0020200479,1610612752,NYK,New York,1298,,,, ,,,,,,,,,,,,,,,,,,,,
0020200479,1610612752,NYK,New York,1301,,,, ,,,,,,,,,,,,,,,,,,,,
0020200479,1610612752,NYK,New York,1302,,,, ,,,,,,,,,,,,,,,,,,,,
0020200479,1610612752,NYK,New York,2518,,,, ,,,,,,,,,,,,,,,,,,,,
0020200479,1610612752,NYK,New York,2519,,,, ,,,,,,,,,,,,,,,,,,,,
0020200479,1610612752,NYK,New York,2068,Lavor Postell,Lavor,,DNP - Coach's Decision,,,,,,,,,,,,,,,,,,,,
0020200479,1610612752,NYK,New York,221,Clar. Weatherspoon,Clar.,,NWT - Oral Surgery,,,,,,,,,,,,,,,,,,,,
0020200479,1610612753,ORL,Orlando,2034,Mike Miller,Mike,F,,32:23,8.0,16.0,0.5,2.0,4.0,0.5,4.0,5.0,0.8,3.0,4.0,7.0,1.0,0.0,0.0,3.0,5.0,22.0,-11.0
0020200479,1610612753,ORL,Orlando,1727,Pat Garrity,Pat,G,,41:56,6.0,13.0,0.462,5.0,10.0,0.5,2.0,2.0,1.0,0.0,0.0,0.0,0.0,0.0,0.0,1.0,3.0,19.0,5.0
0020200479,1610612753,ORL,Orlando,431,Shawn Kemp,Shawn,C,,16:49,1.0,3.0,0.333,0.0,0.0,0.0,0.0,0.0,0.0,1.0,7.0,8.0,1.0,1.0,0.0,0.0,0.0,2.0,-12.0
0020200479,1610612753,ORL,Orlando,1503,Tracy McGrady,Tracy,G,,43:32,9.0,23.0,0.391,1.0,4.0,0.25,9.0,13.0,0.692,1.0,6.0,7.0,9.0,1.0,2.0,2.0,0.0,28.0,11.0
0020200479,1610612753,ORL,Orlando,1521,Jacque Vaughn,Jacque,G,,30:53,2.0,3.0,0.667,0.0,1.0,0.0,7.0,8.0,0.875,1.0,0.0,1.0,2.0,1.0,0.0,1.0,2.0,11.0,1.0
0020200479,1610612753,ORL,Orlando,692,Andrew DeClercq,Andrew,F,,26:22,3.0,5.0,0.6,0.0,0.0,0.0,0.0,0.0,0.0,2.0,8.0,10.0,4.0,1.0,0.0,2.0,5.0,6.0,18.0
0020200479,1610612753,ORL,Orlando,353,Darrell Armstrong,Darrell,G,,34:28,4.0,6.0,0.667,3.0,4.0,0.75,2.0,2.0,1.0,1.0,3.0,4.0,4.0,1.0,1.0,3.0,4.0,13.0,13.0
0020200479,1610612753,ORL,Orlando,2219,Jeryl Sasser,Jeryl,C,,7:34,0.0,2.0,0.0,0.0,0.0,0.0,0.0,0.0,0.0,1.0,2.0,3.0,1.0,0.0,0.0,0.0,1.0,0.0,-8.0
0020200479,1610612753,ORL,Orlando,2469,Pat Burke,Pat,G,,6:04,1.0,2.0,0.5,0.0,0.0,0.0,0.0,0.0,0.0,0.0,1.0,1.0,0.0,0.0,0.0,0.0,0.0,2.0,-2.0
0020200479,1610612753,ORL,Orlando,2516,,,, ,,,,,,,,,,,,,,,,,,,,
0020200479,1610612753,ORL,Orlando,1941,,,, ,,,,,,,,,,,,,,,,,,,,
0020200479,1610612753,ORL,Orlando,1650,,,, ,,,,,,,,,,,,,,,,,,,,
0020200479,1610612753,ORL,Orlando,837,,,, ,,,,,,,,,,,,,,,,,,,,
0020200479,1610612753,ORL,Orlando,1296,,,, ,,,,,,,,,,,,,,,,,,,,
0020200479,1610612753,ORL,Orlando,1309,,,, ,,,,,,,,,,,,,,,,,,,,
0020200479,1610612753,ORL,Orlando,1332,,,, ,,,,,,,,,,,,,,,,,,,,
0020200479,1610612753,ORL,Orlando,255,Grant Hill,Grant,,DND - Sore Left Ankle,,,,,,,,,,,,,,,,,,,,
0020200479,1610612753,ORL,Orlando,2415,Ryan Humphrey,Ryan,,DNP - Coach's Decision,,,,,,,,,,,,,,,,,,,,
0020200479,1610612753,ORL,Orlando,2071,Olumide Oyedeji,Olumide,,DNP - Coach's Decision,,,,,,,,,,,,,,,,,,,,
0020200486,1610612748,MIA,Miami,2124,Malik Allen,Malik,F,,32:04,5.0,11.0,0.455,0.0,0.0,0.0,2.0,2.0,1.0,1.0,4.0,5.0,0.0,1.0,0.0,1.0,4.0,12.0,-12.0
0020200486,1610612748,MIA,Miami,2406,Caron Butler,Caron,G,,22:16,5.0,11.0,0.455,0.0,2.0,0.0,3.0,4.0,0.75,2.0,1.0,3.0,2.0,0.0,0.0,1.0,6.0,13.0,-8.0
0020200486,1610612748,MIA,Miami,258,Brian Grant,Brian,G,,41:17,7.0,13.0,0.538,0.0,0.0,0.0,1.0,2.0,0.5,4.0,9.0,13.0,1.0,1.0,0.0,4.0,4.0,15.0,-14.0
0020200486,1610612748,MIA,Miami,2067,Eddie House,Eddie,G,,25:56,4.0,10.0,0.4,1.0,4.0,0.25,0.0,0.0,0.0,0.0,3.0,3.0,1.0,1.0,0.0,0.0,0.0,9.0,-9.0
0020200486,1610612748,MIA,Miami,2229,Mike James,Mike,G,,20:20,2.0,7.0,0.286,0.0,3.0,0.0,0.0,0.0,0.0,0.0,1.0,1.0,3.0,1.0,0.0,1.0,4.0,4.0,-10.0
0020200486,1610612748,MIA,Miami,1853,Anthony Carter,Anthony,G,,27:40,2.0,6.0,0.333,0.0,0.0,0.0,0.0,0.0,0.0,0.0,2.0,2.0,10.0,2.0,1.0,1.0,2.0,4.0,-4.0
0020200486,1610612748,MIA,Miami,2253,Sean Lampley,Sean,F,,31:04,8.0,12.0,0.667,0.0,0.0,0.0,2.0,3.0,0.667,2.0,7.0,9.0,0.0,0.0,1.0,2.0,1.0,18.0,-10.0
0020200486,1610612748,MIA,Miami,2446,Rasual Butler,Rasual,G,,25:26,3.0,9.0,0.333,0.0,4.0,0.0,4.0,5.0,0.8,1.0,1.0,2.0,2.0,2.0,2.0,1.0,1.0,10.0,-4.0
0020200486,1610612748,MIA,Miami,1735,Vladimir Stepania,Vladimir,G,,9:07,0.0,4.0,0.0,0.0,0.0,0.0,0.0,0.0,0.0,0.0,0.0,0.0,0.0,0.0,0.0,0.0,1.0,0.0,0.0
0020200486,1610612748,MIA,Miami,1752,Sean Marks,Sean,,,4:50,0.0,1.0,0.0,0.0,0.0,0.0,0.0,0.0,0.0,0.0,1.0,1.0,0.0,0.0,1.0,0.0,0.0,0.0,1.0
0020200486,1610612748,MIA,Miami,1276,,,, ,,,,,,,,,,,,,,,,,,,,
0020200486,1610612748,MIA,Miami,1277,,,, ,,,,,,,,,,,,,,,,,,,,
0020200486,1610612748,MIA,Miami,1280,,,, ,,,,,,,,,,,,,,,,,,,,
0020200486,1610612748,MIA,Miami,1281,,,, ,,,,,,,,,,,,,,,,,,,,
0020200486,1610612748,MIA,Miami,836,,,, ,,,,,,,,,,,,,,,,,,,,
0020200486,1610612748,MIA,Miami,2388,,,, ,,,,,,,,,,,,,,,,,,,,
0020200486,1610612748,MIA,Miami,1877,,,, ,,,,,,,,,,,,,,,,,,,,
0020200486,1610612748,MIA,Miami,1787,,,, ,,,,,,,,,,,,,,,,,,,,
0020200486,1610612748,MIA,Miami,111,LaPhonso Ellis,LaPhonso,,DNP - Coach's Decision,,,,,,,,,,,,,,,,,,,,
0020200486,1610612748,MIA,Miami,224,Eddie Jones,Eddie,,DNP - Sprained Ankle,,,,,,,,,,,,,,,,,,,,
0020200486,1610612744,GSW,Golden State,2211,Troy Murphy,Troy,F,,36:60,6.0,16.0,0.375,0.0,0.0,0.0,0.0,0.0,0.0,1.0,8.0,9.0,1.0,2.0,0.0,0.0,3.0,12.0,17.0
0020200486,1610612744,GSW,Golden State,1712,Antawn Jamison,Antawn,G,,42:23,7.0,16.0,0.438,0.0,1.0,0.0,8.0,8.0,1.0,3.0,9.0,12.0,3.0,0.0,2.0,5.0,2.0,22.0,12.0
0020200486,1610612744,GSW,Golden State,956,Erick Dampier,Erick,G,,33:54,5.0,9.0,0.556,0.0,0.0,0.0,6.0,7.0,0.857,5.0,4.0,9.0,0.0,2.0,6.0,0.0,3.0,16.0,11.0
0020200486,1610612744,GSW,Golden State,2202,Jason Richardson,Jason,G,,20:20,3.0,8.0,0.375,1.0,3.0,0.333,3.0,3.0,1.0,0.0,1.0,1.0,2.0,0.0,0.0,1.0,2.0,10.0,1.0
0020200486,1610612744,GSW,Golden State,2240,Gilbert Arenas,Gilbert,G,,35:21,8.0,12.0,0.667,2.0,3.0,0.667,4.0,4.0,1.0,1.0,4.0,5.0,4.0,1.0,0.0,2.0,0.0,22.0,10.0
0020200486,1610612744,GSW,Golden State,682,Bob Sura,Bob,G,,23:31,2.0,4.0,0.5,0.0,1.0,0.0,1.0,2.0,0.5,0.0,3.0,3.0,4.0,2.0,0.0,4.0,5.0,5.0,3.0
0020200486,1610612744,GSW,Golden State,1502,Adonal Foyle,Adonal,C,,13:28,2.0,3.0,0.667,0.0,0.0,0.0,0.0,0.0,0.0,1.0,2.0,3.0,0.0,0.0,1.0,0.0,0.0,4.0,1.0
0020200486,1610612744,GSW,Golden State,1863,Earl Boykins,Earl,G,,20:17,0.0,4.0,0.0,0.0,2.0,0.0,4.0,5.0,0.8,0.0,1.0,1.0,4.0,0.0,0.0,2.0,0.0,4.0,8.0
0020200486,1610612744,GSW,Golden State,2399,Mike Dunleavy,Mike,G,,13:46,1.0,4.0,0.25,0.0,1.0,0.0,2.0,2.0,1.0,1.0,2.0,3.0,2.0,1.0,0.0,0.0,1.0,4.0,7.0
0020200486,1610612744,GSW,Golden State,1774,,,, ,,,,,,,,,,,,,,,,,,,,
0020200486,1610612744,GSW,Golden State,1637,,,, ,,,,,,,,,,,,,,,,,,,,
0020200486,1610612744,GSW,Golden State,1217,,,, ,,,,,,,,,,,,,,,,,,,,
0020200486,1610612744,GSW,Golden State,1252,,,, ,,,,,,,,,,,,,,,,,,,,
0020200486,1610612744,GSW,Golden State,1307,,,, ,,,,,,,,,,,,,,,,,,,,
0020200486,1610612744,GSW,Golden State,1331,,,, ,,,,,,,,,,,,,,,,,,,,
0020200486,1610612744,GSW,Golden State,1504,Danny Fortson,Danny,,DNP - Coach's Decision,,,,,,,,,,,,,,,,,,,,
0020200486,1610612744,GSW,Golden State,168,Chris Mills,Chris,,DNP - Coach's Decision,,,,,,,,,,,,,,,,,,,,
0020200486,1610612744,GSW,Golden State,2412,Jiri Welsch,Jiri,,DNP - Coach's Decision,,,,,,,,,,,,,,,,,,,,
0020200480,1610612749,MIL,Milwaukee,1501,Tim Thomas,Tim,F,,35:08,6.0,13.0,0.462,1.0,5.0,0.2,7.0,7.0,1.0,3.0,5.0,8.0,2.0,2.0,0.0,3.0,2.0,20.0,10.0
0020200480,1610612749,MIL,Milwaukee,193,Anthony Mason,Anthony,F,,36:59,4.0,10.0,0.4,0.0,1.0,0.0,2.0,2.0,1.0,0.0,11.0,11.0,5.0,0.0,0.0,1.0,0.0,10.0,6.0
0020200480,1610612749,MIL,Milwaukee,2038,Joel Przybilla,Joel,C,,14:55,2.0,4.0,0.5,0.0,0.0,0.0,1.0,2.0,0.5,1.0,1.0,2.0,0.0,0.0,1.0,1.0,3.0,5.0,-2.0
0020200480,1610612749,MIL,Milwaukee,208,Sam Cassell,Sam,G,,29:50,4.0,13.0,0.308,0.0,3.0,0.0,0.0,0.0,0.0,0.0,1.0,1.0,5.0,0.0,0.0,1.0,2.0,8.0,4.0
0020200480,1610612749,MIL,Milwaukee,951,Ray Allen,Ray,G,,40:18,9.0,19.0,0.474,4.0,10.0,0.4,5.0,5.0,1.0,0.0,4.0,4.0,4.0,2.0,0.0,0.0,4.0,27.0,17.0
0020200480,1610612749,MIL,Milwaukee,911,Ervin Johnson,Ervin,F,,22:58,3.0,3.0,1.0,0.0,0.0,0.0,2.0,2.0,1.0,1.0,4.0,5.0,1.0,0.0,1.0,0.0,2.0,8.0,12.0
0020200480,1610612749,MIL,Milwaukee,2072,Michael Redd,Michael,G,,20:23,2.0,7.0,0.286,1.0,6.0,0.167,3.0,6.0,0.5,0.0,4.0,4.0,4.0,0.0,0.0,1.0,0.0,8.0,5.0
0020200480,1610612749,MIL,Milwaukee,1563,Kevin Ollie,Kevin,G,,24:23,3.0,5.0,0.6,0.0,1.0,0.0,5.0,6.0,0.833,0.0,2.0,2.0,4.0,1.0,0.0,2.0,1.0,11.0,6.0
0020200480,1610612749,MIL,Milwaukee,679,Jason Caffey,Jason,C,,15:06,4.0,7.0,0.571,0.0,0.0,0.0,1.0,2.0,0.5,1.0,4.0,5.0,1.0,2.0,3.0,0.0,0.0,9.0,2.0
0020200480,1610612749,MIL,Milwaukee,1796,,,, ,,,,,,,,,,,,,,,,,,,,
0020200480,1610612749,MIL,Milwaukee,1334,,,, ,,,,,,,,,,,,,,,,,,,,
0020200480,1610612749,MIL,Milwaukee,1355,,,, ,,,,,,,,,,,,,,,,,,,,
0020200480,1610612749,MIL,Milwaukee,2157,,,, ,,,,,,,,,,,,,,,,,,,,
0020200480,1610612749,MIL,Milwaukee,2517,,,, ,,,,,,,,,,,,,,,,,,,,
0020200480,1610612749,MIL,Milwaukee,2429,Dan Gadzuric,Dan,,DNP - Coach's Decision,,,,,,,,,,,,,,,,,,,,
0020200480,1610612749,MIL,Milwaukee,2409,Marcus Haislip,Marcus,,DNP - Coach's Decision,,,,,,,,,,,,,,,,,,,,
0020200480,1610612749,MIL,Milwaukee,2436,Flip Murray,Flip,,DNP - Coach's Decision,,,,,,,,,,,,,,,,,,,,
0020200480,1610612739,CLE,Cleveland,1729,Ricky Davis,Ricky,G,,41:01,7.0,19.0,0.368,3.0,7.0,0.429,5.0,10.0,0.5,2.0,2.0,4.0,9.0,1.0,0.0,3.0,2.0,22.0,-14.0
0020200480,1610612739,CLE,Cleveland,238,Tyrone Hill,Tyrone,G,,25:11,1.0,5.0,0.2,0.0,0.0,0.0,0.0,0.0,0.0,2.0,9.0,11.0,1.0,2.0,0.0,1.0,1.0,2.0,2.0
0020200480,1610612739,CLE,Cleveland,980,Zydrunas Ilgauskas,Zydrunas,F,,33:13,7.0,20.0,0.35,0.0,0.0,0.0,6.0,6.0,1.0,5.0,6.0,11.0,3.0,0.0,2.0,3.0,4.0,20.0,-8.0
0020200480,1610612739,CLE,Cleveland,2032,Darius Miles,Darius,G,,26:23,2.0,5.0,0.4,0.0,0.0,0.0,0.0,1.0,0.0,3.0,2.0,5.0,5.0,1.0,0.0,3.0,3.0,4.0,-6.0
0020200480,1610612739,CLE,Cleveland,2402,Dajuan Wagner,Dajuan,G,,34:38,8.0,18.0,0.444,4.0,7.0,0.571,0.0,0.0,0.0,2.0,1.0,3.0,0.0,0.0,0.0,0.0,1.0,20.0,-14.0
0020200480,1610612739,CLE,Cleveland,2430,Carlos Boozer,Carlos,F,,22:17,2.0,7.0,0.286,0.0,0.0,0.0,0.0,0.0,0.0,2.0,6.0,8.0,1.0,1.0,0.0,1.0,3.0,4.0,-14.0
0020200480,1610612739,CLE,Cleveland,2470,Smush Parker,Smush,F,,25:32,3.0,7.0,0.429,2.0,4.0,0.5,0.0,0.0,0.0,0.0,0.0,0.0,2.0,0.0,0.0,2.0,3.0,8.0,-3.0
0020200480,1610612739,CLE,Cleveland,2205,DeSagana Diop,DeSagana,G,,15:19,2.0,4.0,0.5,0.0,0.0,0.0,2.0,2.0,1.0,3.0,4.0,7.0,0.0,0.0,2.0,0.0,1.0,6.0,-4.0
0020200480,1610612739,CLE,Cleveland,1908,Jumaine Jones,Jumaine,G,,16:26,3.0,4.0,0.75,2.0,3.0,0.667,0.0,0.0,0.0,0.0,1.0,1.0,0.0,1.0,0.0,0.0,0.0,8.0,1.0
0020200480,1610612739,CLE,Cleveland,1241,,,, ,,,,,,,,,,,,,,,,,,,,
0020200480,1610612739,CLE,Cleveland,1992,,,, ,,,,,,,,,,,,,,,,,,,,
0020200480,1610612739,CLE,Cleveland,2006,,,, ,,,,,,,,,,,,,,,,,,,,
0020200480,1610612739,CLE,Cleveland,1781,,,, ,,,,,,,,,,,,,,,,,,,,
0020200480,1610612739,CLE,Cleveland,1786,,,, ,,,,,,,,,,,,,,,,,,,,
0020200480,1610612739,CLE,Cleveland,2096,,,, ,,,,,,,,,,,,,,,,,,,,
0020200480,1610612739,CLE,Cleveland,2174,,,, ,,,,,,,,,,,,,,,,,,,,
0020200480,1610612739,CLE,Cleveland,2036,Chris Mihm,Chris,,DNP - Coach's Decision,,,,,,,,,,,,,,,,,,,,
0020200480,1610612739,CLE,Cleveland,1960,Milt Palacio,Milt,,DNP - Coach's Decision,,,,,,,,,,,,,,,,,,,,
0020200480,1610612739,CLE,Cleveland,1565,Michael Stewart,Michael,,DNP - Coach's Decision,,,,,,,,,,,,,,,,,,,,
0020200478,1610612754,IND,Indiana,1733,Al Harrington,Al,G,,41:03,11.0,17.0,0.647,0.0,1.0,0.0,6.0,6.0,1.0,0.0,4.0,4.0,2.0,1.0,0.0,4.0,6.0,28.0,7.0
0020200478,1610612754,IND,Indiana,979,Jermaine O'Neal,Jermaine,F,,48:04,5.0,11.0,0.455,0.0,1.0,0.0,7.0,12.0,0.583,1.0,12.0,13.0,3.0,1.0,3.0,4.0,3.0,17.0,5.0
0020200478,1610612754,IND,Indiana,1802,Brad Miller,Brad,G,,45:43,4.0,8.0,0.5,0.0,0.0,0.0,0.0,0.0,0.0,0.0,8.0,8.0,9.0,1.0,0.0,2.0,4.0,8.0,15.0
0020200478,1610612754,IND,Indiana,1065,Erick Strickland,Erick,G,,41:49,5.0,9.0,0.556,2.0,3.0,0.667,5.0,6.0,0.833,1.0,5.0,6.0,10.0,0.0,0.0,8.0,3.0,17.0,4.0
0020200478,1610612754,IND,Indiana,397,Reggie Miller,Reggie,G,,38:41,7.0,14.0,0.5,3.0,9.0,0.333,2.0,2.0,1.0,0.0,3.0,3.0,5.0,1.0,0.0,0.0,1.0,19.0,-1.0
0020200478,1610612754,IND,Indiana,1500,Ron Mercer,Ron,G,,24:27,5.0,10.0,0.5,0.0,1.0,0.0,0.0,0.0,0.0,1.0,0.0,1.0,3.0,2.0,0.0,1.0,1.0,10.0,-12.0
0020200478,1610612754,IND,Indiana,1902,Jeff Foster,Jeff,G,,7:47,3.0,3.0,1.0,0.0,0.0,0.0,0.0,2.0,0.0,0.0,2.0,2.0,0.0,1.0,0.0,1.0,0.0,6.0,-4.0
0020200478,1610612754,IND,Indiana,1506,Austin Croshere,Austin,F,,6:11,0.0,0.0,0.0,0.0,0.0,0.0,0.0,0.0,0.0,0.0,0.0,0.0,1.0,0.0,0.0,0.0,2.0,0.0,-4.0
0020200478,1610612754,IND,Indiana,2224,Jamaal Tinsley,Jamaal,C,,11:11,0.0,0.0,0.0,0.0,0.0,0.0,0.0,0.0,0.0,0.0,0.0,0.0,0.0,1.0,0.0,0.0,1.0,0.0,-3.0
0020200478,1610612754,IND,Indiana,2410,Fred Jones,Fred,,,0:04,0.0,0.0,0.0,0.0,0.0,0.0,0.0,0.0,0.0,0.0,0.0,0.0,0.0,0.0,0.0,0.0,0.0,0.0,-2.0
0020200478,1610612754,IND,Indiana,2514,,,, ,,,,,,,,,,,,,,,,,,,,
0020200478,1610612754,IND,Indiana,2515,,,, ,,,,,,,,,,,,,,,,,,,,
0020200478,1610612754,IND,Indiana,1857,,,, ,,,,,,,,,,,,,,,,,,,,
0020200478,1610612754,IND,Indiana,2099,,,, ,,,,,,,,,,,,,,,,,,,,
0020200478,1610612754,IND,Indiana,2100,,,, ,,,,,,,,,,,,,,,,,,,,
0020200478,1610612754,IND,Indiana,2165,,,, ,,,,,,,,,,,,,,,,,,,,
0020200478,1610612754,IND,Indiana,1263,,,, ,,,,,,,,,,,,,,,,,,,,
0020200478,1610612754,IND,Indiana,1299,,,, ,,,,,,,,,,,,,,,,,,,,
0020200478,1610612754,IND,Indiana,2056,Primoz Brezec,Primoz,,DNP - Coach's Decision,,,,,,,,,,,,,,,,,,,,
0020200478,1610612754,IND,Indiana,1897,Metta World Peace,Metta,,NWT - NBA Suspension,,,,,,,,,,,,,,,,,,,,
0020200478,1610612755,PHI,Philadelphia,1903,Kenny Thomas,Kenny,G,,37:37,5.0,10.0,0.5,0.0,0.0,0.0,2.0,3.0,0.667,4.0,4.0,8.0,2.0,1.0,0.0,4.0,6.0,12.0,2.0
0020200478,1610612755,PHI,Philadelphia,1496,Keith Van Horn,Keith,G,,30:54,6.0,17.0,0.353,0.0,3.0,0.0,1.0,1.0,1.0,3.0,6.0,9.0,0.0,0.0,0.0,0.0,4.0,13.0,-12.0
0020200478,1610612755,PHI,Philadelphia,934,Derrick Coleman,Derrick,G,,38:43,6.0,11.0,0.545,1.0,2.0,0.5,5.0,5.0,1.0,8.0,6.0,14.0,3.0,4.0,0.0,3.0,6.0,18.0,5.0
0020200478,1610612755,PHI,Philadelphia,727,Eric Snow,Eric,G,,45:47,4.0,13.0,0.308,0.0,0.0,0.0,3.0,3.0,1.0,2.0,3.0,5.0,7.0,2.0,0.0,2.0,3.0,11.0,-4.0
0020200478,1610612755,PHI,Philadelphia,947,Allen Iverson,Allen,G,,46:49,11.0,27.0,0.407,2.0,4.0,0.5,8.0,12.0,0.667,1.0,6.0,7.0,6.0,0.0,0.0,1.0,0.0,32.0,-5.0
0020200478,1610612755,PHI,Philadelphia,1928,Todd MacCulloch,Todd,,,4:42,0.0,0.0,0.0,0.0,0.0,0.0,0.0,0.0,0.0,0.0,1.0,1.0,0.0,0.0,0.0,1.0,1.0,0.0,-9.0
0020200478,1610612755,PHI,Philadelphia,1761,Greg Buckner,Greg,F,,29:44,4.0,8.0,0.5,0.0,1.0,0.0,4.0,4.0,1.0,0.0,1.0,1.0,0.0,4.0,0.0,1.0,4.0,12.0,8.0
0020200478,1610612755,PHI,Philadelphia,243,Aaron McKie,Aaron,G,,17:41,1.0,4.0,0.25,0.0,1.0,0.0,0.0,0.0,0.0,0.0,0.0,0.0,2.0,1.0,0.0,2.0,3.0,2.0,7.0
0020200478,1610612755,PHI,Philadelphia,1730,Brian Skinner,Brian,F,,13:03,2.0,4.0,0.5,0.0,0.0,0.0,0.0,0.0,0.0,1.0,0.0,1.0,1.0,0.0,0.0,1.0,1.0,4.0,3.0
0020200478,1610612755,PHI,Philadelphia,1308,,,, ,,,,,,,,,,,,,,,,,,,,
0020200478,1610612755,PHI,Philadelphia,1285,,,, ,,,,,,,,,,,,,,,,,,,,
0020200478,1610612755,PHI,Philadelphia,1212,,,, ,,,,,,,,,,,,,,,,,,,,
0020200478,1610612755,PHI,Philadelphia,1259,,,, ,,,,,,,,,,,,,,,,,,,,
0020200478,1610612755,PHI,Philadelphia,1865,,,, ,,,,,,,,,,,,,,,,,,,,
0020200478,1610612755,PHI,Philadelphia,2520,,,, ,,,,,,,,,,,,,,,,,,,,
0020200478,1610612755,PHI,Philadelphia,2389,,,, ,,,,,,,,,,,,,,,,,,,,
0020200478,1610612755,PHI,Philadelphia,981,Efthimios Rentzias,Efthimios,,DNP - Coach's Decision,,,,,,,,,,,,,,,,,,,,
0020200478,1610612755,PHI,Philadelphia,2422,John Salmons,John,,DNP - Coach's Decision,,,,,,,,,,,,,,,,,,,,
0020200478,1610612755,PHI,Philadelphia,2261,Kenny Satterfield,Kenny,,DNP - Coach's Decision,,,,,,,,,,,,,,,,,,,,
0020200487,1610612758,SAC,Sacramento,978,Peja Stojakovic,Peja,F,,24:35,1.0,5.0,0.2,1.0,3.0,0.333,0.0,0.0,0.0,0.0,1.0,1.0,1.0,0.0,0.0,0.0,0.0,3.0,18.0
0020200487,1610612758,SAC,Sacramento,185,Chris Webber,Chris,G,,33:24,9.0,20.0,0.45,0.0,0.0,0.0,0.0,2.0,0.0,4.0,9.0,13.0,6.0,1.0,1.0,3.0,3.0,18.0,21.0
0020200487,1610612758,SAC,Sacramento,124,Vlade Divac,Vlade,F,,26:00,4.0,8.0,0.5,0.0,2.0,0.0,1.0,2.0,0.5,1.0,5.0,6.0,4.0,3.0,0.0,0.0,3.0,9.0,23.0
0020200487,1610612758,SAC,Sacramento,1710,Mike Bibby,Mike,G,,28:45,7.0,13.0,0.538,2.0,4.0,0.5,4.0,5.0,0.8,0.0,4.0,4.0,4.0,1.0,0.0,1.0,0.0,20.0,21.0
0020200487,1610612758,SAC,Sacramento,57,Doug Christie,Doug,G,,31:48,5.0,9.0,0.556,0.0,2.0,0.0,2.0,2.0,1.0,1.0,1.0,2.0,2.0,1.0,0.0,0.0,1.0,12.0,19.0
0020200487,1610612758,SAC,Sacramento,1721,Keon Clark,Keon,F,,23:14,2.0,4.0,0.5,0.0,0.0,0.0,3.0,4.0,0.75,2.0,5.0,7.0,2.0,0.0,1.0,2.0,2.0,7.0,3.0
0020200487,1610612758,SAC,Sacramento,754,Jim Jackson,Jim,G,,20:38,4.0,8.0,0.5,0.0,1.0,0.0,0.0,0.0,0.0,0.0,3.0,3.0,1.0,0.0,0.0,0.0,1.0,8.0,5.0
0020200487,1610612758,SAC,Sacramento,1800,Damon Jones,Damon,C,,19:15,3.0,3.0,1.0,3.0,3.0,1.0,1.0,2.0,0.5,0.0,2.0,2.0,2.0,1.0,1.0,2.0,2.0,10.0,4.0
0020200487,1610612758,SAC,Sacramento,2045,Hedo Turkoglu,Hedo,F,,19:04,2.0,5.0,0.4,0.0,1.0,0.0,2.0,2.0,1.0,0.0,6.0,6.0,1.0,0.0,0.0,1.0,1.0,6.0,8.0
0020200487,1610612758,SAC,Sacramento,1444,Lawrence Funderburke,Lawrence,,,6:48,2.0,4.0,0.5,0.0,0.0,0.0,0.0,0.0,0.0,0.0,1.0,1.0,2.0,0.0,0.0,0.0,2.0,4.0,-2.0
0020200487,1610612758,SAC,Sacramento,2222,Gerald Wallace,Gerald,,,3:42,2.0,3.0,0.667,0.0,0.0,0.0,0.0,0.0,0.0,1.0,0.0,1.0,0.0,0.0,1.0,0.0,0.0,4.0,3.0
0020200487,1610612758,SAC,Sacramento,2043,Mateen Cleaves,Mateen,,,2:47,0.0,0.0,0.0,0.0,0.0,0.0,0.0,0.0,0.0,0.0,0.0,0.0,1.0,0.0,0.0,0.0,0.0,0.0,2.0
0020200487,1610612758,SAC,Sacramento,1248,,,, ,,,,,,,,,,,,,,,,,,,,
0020200487,1610612758,SAC,Sacramento,1249,,,, ,,,,,,,,,,,,,,,,,,,,
0020200487,1610612758,SAC,Sacramento,1322,,,, ,,,,,,,,,,,,,,,,,,,,
0020200487,1610612758,SAC,Sacramento,1328,,,, ,,,,,,,,,,,,,,,,,,,,
0020200487,1610612758,SAC,Sacramento,2522,,,, ,,,,,,,,,,,,,,,,,,,,
0020200487,1610612749,MIL,Milwaukee,193,Anthony Mason,Anthony,F,,23:37,2.0,8.0,0.25,0.0,0.0,0.0,0.0,0.0,0.0,0.0,5.0,5.0,1.0,0.0,0.0,0.0,2.0,4.0,-23.0
0020200487,1610612749,MIL,Milwaukee,1501,Tim Thomas,Tim,G,,32:30,4.0,16.0,0.25,1.0,6.0,0.167,4.0,5.0,0.8,1.0,5.0,6.0,0.0,1.0,1.0,2.0,3.0,13.0,-18.0
0020200487,1610612749,MIL,Milwaukee,2429,Dan Gadzuric,Dan,C,,13:02,1.0,3.0,0.333,0.0,0.0,0.0,0.0,0.0,0.0,2.0,1.0,3.0,0.0,0.0,0.0,0.0,2.0,2.0,-6.0
0020200487,1610612749,MIL,Milwaukee,951,Ray Allen,Ray,G,,33:22,6.0,13.0,0.462,2.0,5.0,0.4,2.0,2.0,1.0,1.0,5.0,6.0,6.0,0.0,0.0,3.0,2.0,16.0,-19.0
0020200487,1610612749,MIL,Milwaukee,1563,Kevin Ollie,Kevin,G,,39:16,5.0,11.0,0.455,0.0,0.0,0.0,0.0,1.0,0.0,0.0,2.0,2.0,7.0,1.0,0.0,3.0,2.0,10.0,-31.0
0020200487,1610612749,MIL,Milwaukee,2038,Joel Przybilla,Joel,G,,15:32,1.0,1.0,1.0,0.0,0.0,0.0,0.0,0.0,0.0,1.0,5.0,6.0,2.0,2.0,0.0,1.0,1.0,2.0,-1.0
0020200487,1610612749,MIL,Milwaukee,2072,Michael Redd,Michael,G,,28:56,3.0,8.0,0.375,3.0,4.0,0.75,0.0,0.0,0.0,1.0,3.0,4.0,0.0,1.0,0.0,2.0,0.0,9.0,-8.0
0020200487,1610612749,MIL,Milwaukee,679,Jason Caffey,Jason,G,,24:38,3.0,7.0,0.429,0.0,0.0,0.0,5.0,7.0,0.714,2.0,0.0,2.0,1.0,0.0,0.0,2.0,2.0,11.0,-1.0
0020200487,1610612749,MIL,Milwaukee,911,Ervin Johnson,Ervin,G,,13:00,0.0,0.0,0.0,0.0,0.0,0.0,0.0,0.0,0.0,3.0,4.0,7.0,1.0,0.0,1.0,1.0,3.0,0.0,-11.0
0020200487,1610612749,MIL,Milwaukee,2409,Marcus Haislip,Marcus,F,,12:25,2.0,7.0,0.286,0.0,0.0,0.0,0.0,0.0,0.0,1.0,0.0,1.0,2.0,0.0,0.0,0.0,0.0,4.0,-4.0
0020200487,1610612749,MIL,Milwaukee,2436,Flip Murray,Flip,,,3:42,2.0,4.0,0.5,0.0,0.0,0.0,1.0,1.0,1.0,0.0,0.0,0.0,0.0,0.0,0.0,0.0,0.0,5.0,-3.0
0020200487,1610612749,MIL,Milwaukee,2517,,,, ,,,,,,,,,,,,,,,,,,,,
0020200487,1610612749,MIL,Milwaukee,2157,,,, ,,,,,,,,,,,,,,,,,,,,
0020200487,1610612749,MIL,Milwaukee,1796,,,, ,,,,,,,,,,,,,,,,,,,,
0020200487,1610612749,MIL,Milwaukee,1334,,,, ,,,,,,,,,,,,,,,,,,,,
0020200487,1610612749,MIL,Milwaukee,1355,,,, ,,,,,,,,,,,,,,,,,,,,
0020200487,1610612749,MIL,Milwaukee,208,Sam Cassell,Sam,,DND - Low right back pain,,,,,,,,,,,,,,,,,,,,
0020200490,1610612760,SEA,Seattle,1740,Rashard Lewis,Rashard,F,,39:39,3.0,7.0,0.429,0.0,0.0,0.0,0.0,0.0,0.0,1.0,2.0,3.0,1.0,2.0,0.0,2.0,3.0,6.0,-26.0
0020200490,1610612760,SEA,Seattle,2209,Vladimir Radmanovic,Vladimir,G,,34:41,7.0,12.0,0.583,2.0,7.0,0.286,2.0,2.0,1.0,2.0,6.0,8.0,4.0,2.0,0.0,1.0,2.0,18.0,-21.0
0020200490,1610612760,SEA,Seattle,1542,Predrag Drobnjak,Predrag,G,,24:31,3.0,10.0,0.3,0.0,0.0,0.0,0.0,0.0,0.0,2.0,3.0,5.0,1.0,1.0,0.0,0.0,3.0,6.0,-12.0
0020200490,1610612760,SEA,Seattle,2046,Desmond Mason,Desmond,G,,42:11,7.0,14.0,0.5,0.0,0.0,0.0,5.0,9.0,0.556,2.0,7.0,9.0,3.0,0.0,0.0,1.0,2.0,19.0,-13.0
0020200490,1610612760,SEA,Seattle,56,Gary Payton,Gary,G,,36:59,6.0,15.0,0.4,1.0,1.0,1.0,1.0,3.0,0.333,1.0,0.0,1.0,12.0,3.0,0.0,4.0,0.0,14.0,-19.0
0020200490,1610612760,SEA,Seattle,1744,Jerome James,Jerome,G,,11:33,0.0,5.0,0.0,0.0,0.0,0.0,2.0,2.0,1.0,2.0,2.0,4.0,1.0,0.0,0.0,2.0,6.0,2.0,-11.0
0020200490,1610612760,SEA,Seattle,72,Kenny Anderson,Kenny,F,,21:28,7.0,11.0,0.636,0.0,0.0,0.0,3.0,3.0,1.0,1.0,1.0,2.0,3.0,1.0,0.0,1.0,4.0,17.0,-9.0
0020200490,1610612760,SEA,Seattle,958,Vitaly Potapenko,Vitaly,G,,15:57,3.0,4.0,0.75,0.0,0.0,0.0,2.0,2.0,1.0,0.0,0.0,0.0,0.0,1.0,0.0,0.0,2.0,8.0,2.0
0020200490,1610612760,SEA,Seattle,2218,Joseph Forte,Joseph,,,4:29,2.0,2.0,1.0,0.0,0.0,0.0,0.0,0.0,0.0,0.0,1.0,1.0,0.0,0.0,0.0,0.0,1.0,4.0,0.0
0020200490,1610612760,SEA,Seattle,1738,Ansu Sesay,Ansu,,,4:16,1.0,2.0,0.5,0.0,0.0,0.0,0.0,0.0,0.0,0.0,1.0,1.0,0.0,0.0,0.0,0.0,0.0,2.0,2.0
0020200490,1610612760,SEA,Seattle,1916,Calvin Booth,Calvin,,,4:16,1.0,1.0,1.0,0.0,0.0,0.0,0.0,0.0,0.0,1.0,0.0,1.0,0.0,0.0,0.0,0.0,0.0,2.0,2.0
0020200490,1610612760,SEA,Seattle,1778,,,, ,,,,,,,,,,,,,,,,,,,,
0020200490,1610612760,SEA,Seattle,2350,,,, ,,,,,,,,,,,,,,,,,,,,
0020200490,1610612760,SEA,Seattle,1335,,,, ,,,,,,,,,,,,,,,,,,,,
0020200490,1610612760,SEA,Seattle,1338,,,, ,,,,,,,,,,,,,,,,,,,,
0020200490,1610612760,SEA,Seattle,1349,,,, ,,,,,,,,,,,,,,,,,,,,
0020200490,1610612760,SEA,Seattle,699,Brent Barry,Brent,,DNP - Coach's Decision,,,,,,,,,,,,,,,,,,,,
0020200490,1610612760,SEA,Seattle,2501,Reggie Evans,Reggie,,DNP - Coach's Decision,,,,,,,,,,,,,,,,,,,,
0020200490,1610612747,LAL,Los Angeles,296,Rick Fox,Rick,F,,25:10,4.0,8.0,0.5,2.0,2.0,1.0,0.0,0.0,0.0,1.0,2.0,3.0,5.0,1.0,1.0,1.0,3.0,10.0,15.0
0020200490,1610612747,LAL,Los Angeles,955,Samaki Walker,Samaki,G,,24:22,3.0,3.0,1.0,0.0,0.0,0.0,0.0,3.0,0.0,2.0,5.0,7.0,0.0,1.0,1.0,3.0,2.0,6.0,3.0
0020200490,1610612747,LAL,Los Angeles,406,Shaquille O'Neal,Shaquille,G,,36:00,6.0,12.0,0.5,0.0,0.0,0.0,8.0,12.0,0.667,3.0,2.0,5.0,7.0,0.0,2.0,3.0,2.0,20.0,23.0
0020200490,1610612747,LAL,Los Angeles,977,Kobe Bryant,Kobe,G,,37:11,16.0,28.0,0.571,12.0,18.0,0.667,1.0,1.0,1.0,0.0,3.0,3.0,3.0,1.0,1.0,2.0,2.0,45.0,19.0
0020200490,1610612747,LAL,Los Angeles,965,Derek Fisher,Derek,G,,29:37,5.0,7.0,0.714,1.0,2.0,0.5,2.0,2.0,1.0,1.0,3.0,4.0,3.0,1.0,0.0,2.0,2.0,13.0,12.0
0020200490,1610612747,LAL,Los Angeles,109,Robert Horry,Robert,G,,25:36,0.0,3.0,0.0,0.0,3.0,0.0,3.0,4.0,0.75,4.0,4.0,8.0,4.0,1.0,0.0,0.0,3.0,3.0,19.0
0020200490,1610612747,LAL,Los Angeles,2416,Kareem Rush,Kareem,G,,24:21,3.0,4.0,0.75,0.0,1.0,0.0,0.0,0.0,0.0,0.0,2.0,2.0,5.0,1.0,0.0,2.0,5.0,6.0,5.0
0020200490,1610612747,LAL,Los Angeles,1904,Devean George,Devean,F,,14:51,3.0,5.0,0.6,2.0,3.0,0.667,0.0,0.0,0.0,2.0,1.0,3.0,1.0,0.0,0.0,1.0,2.0,8.0,5.0
0020200490,1610612747,LAL,Los Angeles,145,Tracy Murray,Tracy,,,9:51,1.0,4.0,0.25,0.0,3.0,0.0,0.0,0.0,0.0,0.0,1.0,1.0,1.0,0.0,0.0,0.0,0.0,2.0,1.0
0020200490,1610612747,LAL,Los Angeles,216,Brian Shaw,Brian,,,5:16,0.0,0.0,0.0,0.0,0.0,0.0,0.0,0.0,0.0,0.0,1.0,1.0,3.0,1.0,0.0,0.0,0.0,0.0,6.0
0020200490,1610612747,LAL,Los Angeles,2098,Slava Medvedenko,Slava,,,5:24,2.0,2.0,1.0,0.0,0.0,0.0,2.0,4.0,0.5,0.0,1.0,1.0,0.0,0.0,0.0,0.0,0.0,6.0,-1.0
0020200490,1610612747,LAL,Los Angeles,2058,Mark Madsen,Mark,,,2:21,0.0,1.0,0.0,0.0,0.0,0.0,0.0,0.0,0.0,0.0,1.0,1.0,0.0,0.0,0.0,1.0,0.0,0.0,-2.0
0020200490,1610612747,LAL,Los Angeles,1219,,,, ,,,,,,,,,,,,,,,,,,,,
0020200490,1610612747,LAL,Los Angeles,1221,,,, ,,,,,,,,,,,,,,,,,,,,
0020200490,1610612747,LAL,Los Angeles,1223,,,, ,,,,,,,,,,,,,,,,,,,,
0020200490,1610612747,LAL,Los Angeles,1230,,,, ,,,,,,,,,,,,,,,,,,,,
0020200490,1610612747,LAL,Los Angeles,1272,,,, ,,,,,,,,,,,,,,,,,,,,
0020200490,1610612747,LAL,Los Angeles,1273,,,, ,,,,,,,,,,,,,,,,,,,,
0020200488,1610612750,MIN,Minnesota,708,Kevin Garnett,Kevin,G,,43:38,6.0,18.0,0.333,1.0,2.0,0.5,12.0,14.0,0.857,2.0,14.0,16.0,5.0,5.0,1.0,1.0,4.0,25.0,2.0
0020200488,1610612750,MIN,Minnesota,718,Gary Trent,Gary,G,,18:04,2.0,4.0,0.5,0.0,0.0,0.0,1.0,2.0,0.5,2.0,3.0,5.0,0.0,1.0,0.0,2.0,2.0,5.0,-8.0
0020200488,1610612750,MIN,Minnesota,1725,Rasho Nesterovic,Rasho,C,,28:54,4.0,9.0,0.444,0.0,0.0,0.0,0.0,0.0,0.0,3.0,3.0,6.0,2.0,1.0,0.0,1.0,4.0,8.0,-11.0
0020200488,1610612750,MIN,Minnesota,383,Kendall Gill,Kendall,G,,33:37,7.0,14.0,0.5,2.0,3.0,0.667,1.0,2.0,0.5,0.0,3.0,3.0,1.0,2.0,0.0,3.0,5.0,17.0,4.0
0020200488,1610612750,MIN,Minnesota,1607,Troy Hudson,Troy,G,,38:46,2.0,12.0,0.167,0.0,2.0,0.0,3.0,3.0,1.0,1.0,1.0,2.0,6.0,2.0,0.0,3.0,1.0,7.0,2.0
0020200488,1610612750,MIN,Minnesota,693,Joe Smith,Joe,F,,26:05,2.0,5.0,0.4,0.0,0.0,0.0,2.0,2.0,1.0,2.0,6.0,8.0,0.0,0.0,0.0,1.0,4.0,6.0,-3.0
0020200488,1610612750,MIN,Minnesota,1531,Marc Jackson,Marc,F,,10:42,2.0,6.0,0.333,0.0,0.0,0.0,0.0,1.0,0.0,0.0,0.0,0.0,0.0,0.0,0.0,2.0,2.0,4.0,-7.0
0020200488,1610612750,MIN,Minnesota,324,Anthony Peeler,Anthony,G,,22:42,2.0,6.0,0.333,0.0,1.0,0.0,1.0,2.0,0.5,0.0,0.0,0.0,2.0,0.0,0.0,1.0,3.0,5.0,-22.0
0020200488,1610612750,MIN,Minnesota,2080,Igor Rakocevic,Igor,G,,17:32,1.0,4.0,0.25,1.0,2.0,0.5,6.0,8.0,0.75,1.0,2.0,3.0,0.0,0.0,0.0,2.0,1.0,9.0,3.0
0020200488,1610612750,MIN,Minnesota,2146,,,, ,,,,,,,,,,,,,,,,,,,,
0020200488,1610612750,MIN,Minnesota,2159,,,, ,,,,,,,,,,,,,,,,,,,,
0020200488,1610612750,MIN,Minnesota,847,,,, ,,,,,,,,,,,,,,,,,,,,
0020200488,1610612750,MIN,Minnesota,1289,,,, ,,,,,,,,,,,,,,,,,,,,
0020200488,1610612750,MIN,Minnesota,1290,,,, ,,,,,,,,,,,,,,,,,,,,
0020200488,1610612750,MIN,Minnesota,1291,,,, ,,,,,,,,,,,,,,,,,,,,
0020200488,1610612750,MIN,Minnesota,1073,Reggie Slater,Reggie,,DNP - Coach's Decision,,,,,,,,,,,,,,,,,,,,
0020200488,1610612750,MIN,Minnesota,393,Rod Strickland,Rod,,NWT - Personal,,,,,,,,,,,,,,,,,,,,
0020200488,1610612750,MIN,Minnesota,1887,Wally Szczerbiak,Wally,,DND - Did not Dress,,,,,,,,,,,,,,,,,,,,
0020200488,1610612750,MIN,Minnesota,2254,Loren Woods,Loren,,NWT - Personal,,,,,,,,,,,,,,,,,,,,
0020200488,1610612745,HOU,Houston,2204,Eddie Griffin,Eddie,G,,25:25,3.0,5.0,0.6,1.0,2.0,0.5,0.0,0.0,0.0,0.0,5.0,5.0,0.0,0.0,1.0,0.0,2.0,7.0,3.0
0020200488,1610612745,HOU,Houston,779,Glen Rice,Glen,G,,26:29,5.0,10.0,0.5,4.0,7.0,0.571,1.0,3.0,0.333,1.0,1.0,2.0,0.0,0.0,0.0,3.0,3.0,15.0,6.0
0020200488,1610612745,HOU,Houston,2397,Ming Yao,Ming,C,,26:24,3.0,10.0,0.3,0.0,0.0,0.0,3.0,4.0,0.75,2.0,10.0,12.0,3.0,0.0,0.0,2.0,2.0,9.0,1.0
0020200488,1610612745,HOU,Houston,1883,Steve Francis,Steve,G,,33:13,2.0,4.0,0.5,0.0,0.0,0.0,10.0,13.0,0.769,2.0,5.0,7.0,11.0,0.0,0.0,3.0,6.0,14.0,8.0
0020200488,1610612745,HOU,Houston,1749,Cuttino Mobley,Cuttino,G,,37:47,6.0,13.0,0.462,1.0,3.0,0.333,6.0,8.0,0.75,0.0,1.0,1.0,5.0,4.0,0.0,3.0,1.0,19.0,9.0
0020200488,1610612745,HOU,Houston,1509,Kelvin Cato,Kelvin,F,,21:36,3.0,5.0,0.6,0.0,0.0,0.0,1.0,2.0,0.5,0.0,4.0,4.0,0.0,1.0,0.0,0.0,4.0,7.0,7.0
0020200488,1610612745,HOU,Houston,1508,Maurice Taylor,Maurice,C,,22:35,8.0,13.0,0.615,0.0,0.0,0.0,2.0,3.0,0.667,2.0,4.0,6.0,1.0,1.0,1.0,3.0,3.0,18.0,5.0
0020200488,1610612745,HOU,Houston,983,Moochie Norris,Moochie,G,,25:00,0.0,4.0,0.0,0.0,0.0,0.0,0.0,0.0,0.0,0.0,1.0,1.0,3.0,1.0,0.0,2.0,1.0,0.0,-1.0
0020200488,1610612745,HOU,Houston,1899,James Posey,James,F,,21:31,2.0,6.0,0.333,0.0,1.0,0.0,1.0,2.0,0.5,0.0,5.0,5.0,0.0,3.0,0.0,0.0,1.0,5.0,2.0
0020200488,1610612745,HOU,Houston,1997,,,, ,,,,,,,,,,,,,,,,,,,,
0020200488,1610612745,HOU,Houston,2384,,,, ,,,,,,,,,,,,,,,,,,,,
0020200488,1610612745,HOU,Houston,2385,,,, ,,,,,,,,,,,,,,,,,,,,
0020200488,1610612745,HOU,Houston,825,,,, ,,,,,,,,,,,,,,,,,,,,
0020200488,1610612745,HOU,Houston,1255,,,, ,,,,,,,,,,,,,,,,,,,,
0020200488,1610612745,HOU,Houston,1256,,,, ,,,,,,,,,,,,,,,,,,,,
0020200488,1610612745,HOU,Houston,1257,,,, ,,,,,,,,,,,,,,,,,,,,
0020200488,1610612745,HOU,Houston,1258,,,, ,,,,,,,,,,,,,,,,,,,,
0020200488,1610612745,HOU,Houston,1038,Juaquin Hawkins,Juaquin,,DNP - Coach's Decision,,,,,,,,,,,,,,,,,,,,
0020200488,1610612745,HOU,Houston,2242,Terence Morris,Terence,,DNP - Coach's Decision,,,,,,,,,,,,,,,,,,,,
0020200488,1610612745,HOU,Houston,2411,Bostjan Nachbar,Bostjan,,DNP - Coach's Decision,,,,,,,,,,,,,,,,,,,,
0020200489,1610612756,PHX,Phoenix,1890,Shawn Marion,Shawn,G,,40:00,8.0,17.0,0.471,0.0,5.0,0.0,8.0,8.0,1.0,1.0,6.0,7.0,1.0,1.0,0.0,1.0,3.0,24.0,-6.0
0020200489,1610612756,PHX,Phoenix,2405,Amar'e Stoudemire,Amar'e,F,,25:42,1.0,4.0,0.25,0.0,0.0,0.0,2.0,2.0,1.0,0.0,6.0,6.0,1.0,0.0,0.0,4.0,1.0,4.0,-1.0
0020200489,1610612756,PHX,Phoenix,448,Bo Outlaw,Bo,C,,23:12,1.0,2.0,0.5,0.0,1.0,0.0,0.0,0.0,0.0,1.0,6.0,7.0,2.0,0.0,2.0,2.0,2.0,2.0,-11.0
0020200489,1610612756,PHX,Phoenix,358,Anfernee Hardaway,Anfernee,G,,29:14,3.0,8.0,0.375,1.0,1.0,1.0,2.0,2.0,1.0,0.0,5.0,5.0,1.0,1.0,0.0,2.0,2.0,9.0,-1.0
0020200489,1610612756,PHX,Phoenix,950,Stephon Marbury,Stephon,G,,41:04,7.0,18.0,0.389,0.0,3.0,0.0,6.0,10.0,0.6,1.0,2.0,3.0,7.0,2.0,0.0,4.0,3.0,20.0,4.0
0020200489,1610612756,PHX,Phoenix,281,Scott Williams,Scott,,,0:54,0.0,0.0,0.0,0.0,0.0,0.0,0.0,0.0,0.0,0.0,0.0,0.0,0.0,0.0,0.0,0.0,0.0,0.0,-2.0
0020200489,1610612756,PHX,Phoenix,2063,Jake Voskuhl,Jake,F,,29:51,3.0,5.0,0.6,0.0,0.0,0.0,2.0,3.0,0.667,2.0,3.0,5.0,1.0,2.0,0.0,0.0,4.0,8.0,13.0
0020200489,1610612756,PHX,Phoenix,753,Randy Brown,Randy,G,,15:52,1.0,3.0,0.333,0.0,0.0,0.0,0.0,0.0,0.0,0.0,3.0,3.0,4.0,2.0,0.0,0.0,1.0,2.0,16.0
0020200489,1610612756,PHX,Phoenix,2207,Joe Johnson,Joe,F,,27:27,6.0,10.0,0.6,3.0,4.0,0.75,2.0,4.0,0.5,0.0,3.0,3.0,3.0,1.0,0.0,2.0,3.0,17.0,10.0
0020200489,1610612756,PHX,Phoenix,2418,Casey Jacobsen,Casey,G,,6:43,1.0,2.0,0.5,0.0,1.0,0.0,0.0,0.0,0.0,0.0,1.0,1.0,0.0,0.0,0.0,0.0,0.0,2.0,13.0
0020200489,1610612756,PHX,Phoenix,2521,,,, ,,,,,,,,,,,,,,,,,,,,
0020200489,1610612756,PHX,Phoenix,1642,,,, ,,,,,,,,,,,,,,,,,,,,
0020200489,1610612756,PHX,Phoenix,1653,,,, ,,,,,,,,,,,,,,,,,,,,
0020200489,1610612756,PHX,Phoenix,1336,,,, ,,,,,,,,,,,,,,,,,,,,
0020200489,1610612756,PHX,Phoenix,1783,,,, ,,,,,,,,,,,,,,,,,,,,
0020200489,1610612756,PHX,Phoenix,2008,,,, ,,,,,,,,,,,,,,,,,,,,
0020200489,1610612756,PHX,Phoenix,2160,,,, ,,,,,,,,,,,,,,,,,,,,
0020200489,1610612756,PHX,Phoenix,2228,Alton Ford,Alton,,DNP - Coach's Decision,,,,,,,,,,,,,,,,,,,,
0020200489,1610612756,PHX,Phoenix,2061,Dan Langhi,Dan,,DNP - Coach's Decision,,,,,,,,,,,,,,,,,,,,
0020200489,1610612757,POR,Portland,1719,Bonzi Wells,Bonzi,F,,31:09,8.0,17.0,0.471,1.0,6.0,0.167,1.0,2.0,0.5,1.0,2.0,3.0,3.0,1.0,0.0,3.0,5.0,18.0,-13.0
0020200489,1610612757,POR,Portland,739,Rasheed Wallace,Rasheed,F,,43:04,4.0,14.0,0.286,0.0,5.0,0.0,2.0,4.0,0.5,4.0,8.0,12.0,2.0,1.0,0.0,1.0,3.0,10.0,4.0
0020200489,1610612757,POR,Portland,905,Dale Davis,Dale,C,,28:10,4.0,9.0,0.444,0.0,0.0,0.0,0.0,0.0,0.0,2.0,2.0,4.0,0.0,0.0,1.0,0.0,1.0,8.0,4.0
0020200489,1610612757,POR,Portland,1507,Derek Anderson,Derek,G,,36:33,3.0,8.0,0.375,0.0,2.0,0.0,6.0,6.0,1.0,0.0,5.0,5.0,5.0,1.0,1.0,1.0,0.0,12.0,11.0
0020200489,1610612757,POR,Portland,937,Scottie Pippen,Scottie,G,,36:43,4.0,13.0,0.308,2.0,5.0,0.4,1.0,1.0,1.0,0.0,7.0,7.0,4.0,3.0,0.0,2.0,1.0,11.0,7.0
0020200489,1610612757,POR,Portland,1739,Ruben Patterson,Ruben,F,,24:04,6.0,12.0,0.5,0.0,0.0,0.0,1.0,1.0,1.0,4.0,2.0,6.0,1.0,3.0,0.0,2.0,3.0,13.0,-3.0
0020200489,1610612757,POR,Portland,976,Jeff McInnis,Jeff,F,,12:38,0.0,5.0,0.0,0.0,1.0,0.0,0.0,0.0,0.0,0.0,1.0,1.0,2.0,0.0,0.0,4.0,2.0,0.0,-18.0
0020200489,1610612757,POR,Portland,717,Arvydas Sabonis,Arvydas,G,,14:04,2.0,6.0,0.333,0.0,0.0,0.0,3.0,3.0,1.0,1.0,5.0,6.0,2.0,0.0,0.0,2.0,4.0,7.0,-6.0
0020200489,1610612757,POR,Portland,1498,Antonio Daniels,Antonio,,,11:42,0.0,3.0,0.0,0.0,1.0,0.0,0.0,0.0,0.0,0.0,0.0,0.0,1.0,0.0,0.0,0.0,1.0,0.0,-18.0
0020200489,1610612757,POR,Portland,2216,Zach Randolph,Zach,,,1:53,1.0,1.0,1.0,0.0,0.0,0.0,0.0,1.0,0.0,0.0,1.0,1.0,0.0,0.0,0.0,0.0,1.0,2.0,-3.0
0020200489,1610612757,POR,Portland,1357,,,, ,,,,,,,,,,,,,,,,,,,,
0020200489,1610612757,POR,Portland,2342,,,, ,,,,,,,,,,,,,,,,,,,,
0020200489,1610612757,POR,Portland,2374,,,, ,,,,,,,,,,,,,,,,,,,,
0020200489,1610612757,POR,Portland,1312,,,, ,,,,,,,,,,,,,,,,,,,,
0020200489,1610612757,POR,Portland,1329,,,, ,,,,,,,,,,,,,,,,,,,,
0020200489,1610612757,POR,Portland,757,Damon Stoudamire,Damon,,DNP - Coach's Decision,,,,,,,,,,,,,,,,,,,,
0020200489,1610612757,POR,Portland,2417,Qyntel Woods,Qyntel,,DNP - Coach's Decision,,,,,,,,,,,,,,,,,,,,
0020200500,1610612759,SAS,San Antonio,1477,Bruce Bowen,Bruce,F,,33:20,3.0,3.0,1.0,3.0,3.0,1.0,0.0,0.0,0.0,0.0,3.0,3.0,2.0,2.0,0.0,0.0,2.0,9.0,8.0
0020200500,1610612759,SAS,San Antonio,1495,Tim Duncan,Tim,F,,43:35,10.0,19.0,0.526,0.0,1.0,0.0,3.0,6.0,0.5,2.0,7.0,9.0,6.0,0.0,2.0,1.0,2.0,23.0,12.0
0020200500,1610612759,SAS,San Antonio,764,David Robinson,David,F,,27:35,3.0,8.0,0.375,0.0,0.0,0.0,3.0,3.0,1.0,2.0,5.0,7.0,2.0,0.0,1.0,1.0,3.0,9.0,11.0
0020200500,1610612759,SAS,San Antonio,1536,Stephen Jackson,Stephen,G,,27:23,6.0,12.0,0.5,2.0,3.0,0.667,4.0,6.0,0.667,3.0,4.0,7.0,1.0,1.0,0.0,4.0,3.0,18.0,8.0
0020200500,1610612759,SAS,San Antonio,2225,Tony Parker,Tony,G,,35:52,8.0,14.0,0.571,0.0,2.0,0.0,3.0,4.0,0.75,0.0,2.0,2.0,4.0,2.0,0.0,6.0,3.0,19.0,15.0
0020200500,1610612759,SAS,San Antonio,990,Malik Rose,Malik,G,,21:02,0.0,5.0,0.0,0.0,0.0,0.0,0.0,0.0,0.0,2.0,4.0,6.0,1.0,2.0,0.0,3.0,3.0,0.0,6.0
0020200500,1610612759,SAS,San Antonio,120,Steven Smith,Steven,G,,19:42,3.0,7.0,0.429,2.0,4.0,0.5,5.0,6.0,0.833,1.0,1.0,2.0,0.0,1.0,0.0,1.0,2.0,13.0,5.0
0020200500,1610612759,SAS,San Antonio,70,Steve Kerr,Steve,G,,17:27,3.0,5.0,0.6,2.0,3.0,0.667,3.0,3.0,1.0,0.0,1.0,1.0,3.0,1.0,0.0,0.0,0.0,11.0,6.0
0020200500,1610612759,SAS,San Antonio,1938,Manu Ginobili,Manu,F,,10:16,1.0,2.0,0.5,0.0,0.0,0.0,2.0,2.0,1.0,0.0,0.0,0.0,0.0,1.0,0.0,1.0,1.0,4.0,-9.0
0020200500,1610612759,SAS,San Antonio,198,Danny Ferry,Danny,,,3:20,0.0,0.0,0.0,0.0,0.0,0.0,0.0,0.0,0.0,0.0,0.0,0.0,0.0,0.0,0.0,1.0,1.0,0.0,-5.0
0020200500,1610612759,SAS,San Antonio,2370,Mengke Bateer,Mengke,,,0:28,0.0,0.0,0.0,0.0,0.0,0.0,0.0,0.0,0.0,0.0,0.0,0.0,0.0,0.0,0.0,0.0,0.0,0.0,-2.0
0020200500,1610612759,SAS,San Antonio,2381,,,, ,,,,,,,,,,,,,,,,,,,,
0020200500,1610612759,SAS,San Antonio,1658,,,, ,,,,,,,,,,,,,,,,,,,,
0020200500,1610612759,SAS,San Antonio,1264,,,, ,,,,,,,,,,,,,,,,,,,,
0020200500,1610612759,SAS,San Antonio,1319,,,, ,,,,,,,,,,,,,,,,,,,,
0020200500,1610612759,SAS,San Antonio,1371,,,, ,,,,,,,,,,,,,,,,,,,,
0020200500,1610612759,SAS,San Antonio,873,,,, ,,,,,,,,,,,,,,,,,,,,
0020200500,1610612759,SAS,San Antonio,788,Kevin Willis,Kevin,,DNP - Coach's Decision,,,,,,,,,,,,,,,,,,,,
0020200500,1610612760,SEA,Seattle,1740,Rashard Lewis,Rashard,F,,40:49,6.0,14.0,0.429,3.0,7.0,0.429,4.0,4.0,1.0,2.0,4.0,6.0,4.0,2.0,1.0,3.0,1.0,19.0,-13.0
0020200500,1610612760,SEA,Seattle,2209,Vladimir Radmanovic,Vladimir,G,,26:40,2.0,9.0,0.222,1.0,2.0,0.5,1.0,1.0,1.0,1.0,1.0,2.0,0.0,2.0,0.0,1.0,3.0,6.0,-9.0
0020200500,1610612760,SEA,Seattle,958,Vitaly Potapenko,Vitaly,F,,29:34,3.0,7.0,0.429,0.0,0.0,0.0,2.0,2.0,1.0,2.0,7.0,9.0,0.0,2.0,1.0,3.0,3.0,8.0,2.0
0020200500,1610612760,SEA,Seattle,2046,Desmond Mason,Desmond,G,,38:14,5.0,11.0,0.455,3.0,3.0,1.0,5.0,5.0,1.0,1.0,1.0,2.0,1.0,0.0,0.0,2.0,4.0,18.0,8.0
0020200500,1610612760,SEA,Seattle,56,Gary Payton,Gary,G,,42:10,9.0,17.0,0.529,0.0,1.0,0.0,0.0,0.0,0.0,3.0,5.0,8.0,10.0,2.0,0.0,3.0,5.0,18.0,-18.0
0020200500,1610612760,SEA,Seattle,72,Kenny Anderson,Kenny,G,,35:10,7.0,13.0,0.538,0.0,0.0,0.0,0.0,0.0,0.0,1.0,2.0,3.0,5.0,3.0,0.0,2.0,4.0,14.0,-2.0
0020200500,1610612760,SEA,Seattle,1744,Jerome James,Jerome,F,,18:26,3.0,4.0,0.75,0.0,0.0,0.0,2.0,6.0,0.333,3.0,2.0,5.0,1.0,0.0,2.0,3.0,5.0,8.0,-13.0
0020200500,1610612760,SEA,Seattle,1542,Predrag Drobnjak,Predrag,G,,8:57,1.0,2.0,0.5,0.0,0.0,0.0,2.0,2.0,1.0,0.0,1.0,1.0,0.0,0.0,0.0,2.0,1.0,4.0,-10.0
0020200500,1610612760,SEA,Seattle,1335,,,, ,,,,,,,,,,,,,,,,,,,,
0020200500,1610612760,SEA,Seattle,1338,,,, ,,,,,,,,,,,,,,,,,,,,
0020200500,1610612760,SEA,Seattle,1349,,,, ,,,,,,,,,,,,,,,,,,,,
0020200500,1610612760,SEA,Seattle,1778,,,, ,,,,,,,,,,,,,,,,,,,,
0020200500,1610612760,SEA,Seattle,2350,,,, ,,,,,,,,,,,,,,,,,,,,
0020200500,1610612760,SEA,Seattle,1916,Calvin Booth,Calvin,,DNP - Coach's Decision,,,,,,,,,,,,,,,,,,,,
0020200500,1610612760,SEA,Seattle,2501,Reggie Evans,Reggie,,DNP - Coach's Decision,,,,,,,,,,,,,,,,,,,,
0020200500,1610612760,SEA,Seattle,2218,Joseph Forte,Joseph,,DNP - Coach's Decision,,,,,,,,,,,,,,,,,,,,
0020200500,1610612760,SEA,Seattle,1738,Ansu Sesay,Ansu,,DNP - Coach's Decision,,,,,,,,,,,,,,,,,,,,
0020200494,1610612752,NYK,New York,84,Latrell Sprewell,Latrell,G,,44:02,10.0,19.0,0.526,0.0,1.0,0.0,0.0,0.0,0.0,0.0,3.0,3.0,7.0,1.0,0.0,4.0,2.0,20.0,-6.0
0020200494,1610612752,NYK,New York,970,Othella Harrington,Othella,F,,30:39,5.0,10.0,0.5,0.0,0.0,0.0,2.0,3.0,0.667,3.0,7.0,10.0,0.0,0.0,3.0,0.0,3.0,12.0,-4.0
0020200494,1610612752,NYK,New York,703,Kurt Thomas,Kurt,G,,43:56,12.0,23.0,0.522,0.0,0.0,0.0,0.0,0.0,0.0,1.0,7.0,8.0,2.0,0.0,4.0,1.0,2.0,24.0,-2.0
0020200494,1610612752,NYK,New York,275,Allan Houston,Allan,G,,25:32,2.0,7.0,0.286,2.0,3.0,0.667,4.0,4.0,1.0,1.0,4.0,5.0,2.0,0.0,0.0,1.0,3.0,10.0,-2.0
0020200494,1610612752,NYK,New York,458,Howard Eisley,Howard,G,,26:28,2.0,7.0,0.286,1.0,3.0,0.333,1.0,1.0,1.0,0.0,2.0,2.0,5.0,0.0,0.0,1.0,2.0,6.0,-1.0
0020200494,1610612752,NYK,New York,1000,Shandon Anderson,Shandon,G,,25:55,2.0,7.0,0.286,0.0,1.0,0.0,1.0,1.0,1.0,1.0,5.0,6.0,1.0,2.0,1.0,2.0,4.0,5.0,4.0
0020200494,1610612752,NYK,New York,1720,Michael Doleac,Michael,G,,17:08,2.0,4.0,0.5,0.0,0.0,0.0,0.0,0.0,0.0,4.0,1.0,5.0,0.0,0.0,0.0,0.0,3.0,4.0,2.0
0020200494,1610612752,NYK,New York,369,Charlie Ward,Charlie,F,,21:33,2.0,7.0,0.286,2.0,5.0,0.4,0.0,0.0,0.0,0.0,3.0,3.0,3.0,1.0,0.0,3.0,0.0,6.0,-1.0
0020200494,1610612752,NYK,New York,969,Travis Knight,Travis,,,4:18,0.0,2.0,0.0,0.0,0.0,0.0,0.0,0.0,0.0,1.0,1.0,2.0,0.0,1.0,0.0,0.0,0.0,0.0,0.0
0020200494,1610612752,NYK,New York,1924,Lee Nailon,Lee,,,0:31,0.0,0.0,0.0,0.0,0.0,0.0,0.0,0.0,0.0,0.0,0.0,0.0,0.0,0.0,0.0,0.0,0.0,0.0,0.0
0020200494,1610612752,NYK,New York,2168,,,, ,,,,,,,,,,,,,,,,,,,,
0020200494,1610612752,NYK,New York,2518,,,, ,,,,,,,,,,,,,,,,,,,,
0020200494,1610612752,NYK,New York,2519,,,, ,,,,,,,,,,,,,,,,,,,,
0020200494,1610612752,NYK,New York,1298,,,, ,,,,,,,,,,,,,,,,,,,,
0020200494,1610612752,NYK,New York,1301,,,, ,,,,,,,,,,,,,,,,,,,,
0020200494,1610612752,NYK,New York,1302,,,, ,,,,,,,,,,,,,,,,,,,,
0020200494,1610612752,NYK,New York,1790,,,, ,,,,,,,,,,,,,,,,,,,,
0020200494,1610612752,NYK,New York,1791,,,, ,,,,,,,,,,,,,,,,,,,,
0020200494,1610612752,NYK,New York,2068,Lavor Postell,Lavor,,DNP - Coach's Decision,,,,,,,,,,,,,,,,,,,,
0020200494,1610612752,NYK,New York,221,Clar. Weatherspoon,Clar.,,DN Make Trip - Oral surgery,,,,,,,,,,,,,,,,,,,,
0020200494,1610612754,IND,Indiana,1733,Al Harrington,Al,F,,21:58,2.0,8.0,0.25,0.0,0.0,0.0,2.0,2.0,1.0,1.0,2.0,3.0,0.0,0.0,0.0,2.0,6.0,6.0,-7.0
0020200494,1610612754,IND,Indiana,979,Jermaine O'Neal,Jermaine,F,,40:35,8.0,14.0,0.571,0.0,0.0,0.0,0.0,0.0,0.0,1.0,7.0,8.0,2.0,2.0,0.0,2.0,4.0,16.0,2.0
0020200494,1610612754,IND,Indiana,1802,Brad Miller,Brad,G,,39:50,3.0,8.0,0.375,0.0,0.0,0.0,9.0,9.0,1.0,2.0,9.0,11.0,4.0,0.0,0.0,2.0,2.0,15.0,6.0
0020200494,1610612754,IND,Indiana,397,Reggie Miller,Reggie,G,,39:51,7.0,12.0,0.583,2.0,3.0,0.667,2.0,2.0,1.0,0.0,3.0,3.0,3.0,1.0,0.0,1.0,2.0,18.0,7.0
0020200494,1610612754,IND,Indiana,1065,Erick Strickland,Erick,G,,25:29,1.0,4.0,0.25,0.0,2.0,0.0,2.0,2.0,1.0,0.0,3.0,3.0,6.0,2.0,0.0,0.0,0.0,4.0,6.0
0020200494,1610612754,IND,Indiana,1500,Ron Mercer,Ron,F,,38:21,9.0,16.0,0.563,0.0,0.0,0.0,1.0,2.0,0.5,0.0,2.0,2.0,2.0,3.0,0.0,0.0,1.0,19.0,6.0
0020200494,1610612754,IND,Indiana,1886,Jonathan Bender,Jonathan,G,,6:37,1.0,3.0,0.333,0.0,0.0,0.0,0.0,0.0,0.0,1.0,1.0,2.0,1.0,0.0,1.0,2.0,0.0,2.0,-5.0
0020200494,1610612754,IND,Indiana,2224,Jamaal Tinsley,Jamaal,G,,22:31,4.0,9.0,0.444,1.0,3.0,0.333,0.0,0.0,0.0,0.0,2.0,2.0,4.0,0.0,0.0,2.0,0.0,9.0,-4.0
0020200494,1610612754,IND,Indiana,1902,Jeff Foster,Jeff,,,4:48,0.0,1.0,0.0,0.0,0.0,0.0,0.0,0.0,0.0,0.0,1.0,1.0,0.0,1.0,1.0,1.0,0.0,0.0,-1.0
0020200494,1610612754,IND,Indiana,1263,,,, ,,,,,,,,,,,,,,,,,,,,
0020200494,1610612754,IND,Indiana,1857,,,, ,,,,,,,,,,,,,,,,,,,,
0020200494,1610612754,IND,Indiana,2514,,,, ,,,,,,,,,,,,,,,,,,,,
0020200494,1610612754,IND,Indiana,2515,,,, ,,,,,,,,,,,,,,,,,,,,
0020200494,1610612754,IND,Indiana,2099,,,, ,,,,,,,,,,,,,,,,,,,,
0020200494,1610612754,IND,Indiana,2100,,,, ,,,,,,,,,,,,,,,,,,,,
0020200494,1610612754,IND,Indiana,2165,,,, ,,,,,,,,,,,,,,,,,,,,
0020200494,1610612754,IND,Indiana,1299,,,, ,,,,,,,,,,,,,,,,,,,,
0020200494,1610612754,IND,Indiana,2056,Primoz Brezec,Primoz,,DNP - Coach's Decision,,,,,,,,,,,,,,,,,,,,
0020200494,1610612754,IND,Indiana,1506,Austin Croshere,Austin,,DNP - Coach's Decision,,,,,,,,,,,,,,,,,,,,
0020200494,1610612754,IND,Indiana,2410,Fred Jones,Fred,,DNP - Coach's Decision,,,,,,,,,,,,,,,,,,,,
0020200494,1610612754,IND,Indiana,1897,Metta World Peace,Metta,,NWT - NBA Suspension,,,,,,,,,,,,,,,,,,,,
0020200498,1610612748,MIA,Miami,2406,Caron Butler,Caron,G,,43:33,7.0,16.0,0.438,0.0,1.0,0.0,6.0,6.0,1.0,1.0,0.0,1.0,3.0,7.0,0.0,2.0,2.0,20.0,-10.0
0020200498,1610612748,MIA,Miami,2124,Malik Allen,Malik,G,,28:53,7.0,11.0,0.636,0.0,0.0,0.0,1.0,1.0,1.0,0.0,1.0,1.0,0.0,0.0,1.0,1.0,5.0,15.0,-3.0
0020200498,1610612748,MIA,Miami,258,Brian Grant,Brian,C,,37:48,3.0,9.0,0.333,0.0,0.0,0.0,2.0,2.0,1.0,4.0,7.0,11.0,1.0,0.0,1.0,2.0,5.0,8.0,-17.0
0020200498,1610612748,MIA,Miami,2229,Mike James,Mike,G,,24:52,1.0,5.0,0.2,0.0,3.0,0.0,0.0,0.0,0.0,0.0,1.0,1.0,3.0,0.0,0.0,4.0,3.0,2.0,-20.0
0020200498,1610612748,MIA,Miami,1853,Anthony Carter,Anthony,G,,36:12,5.0,12.0,0.417,0.0,0.0,0.0,2.0,4.0,0.5,0.0,3.0,3.0,11.0,2.0,0.0,2.0,1.0,12.0,-2.0
0020200498,1610612748,MIA,Miami,1735,Vladimir Stepania,Vladimir,C,,19:22,2.0,3.0,0.667,0.0,0.0,0.0,0.0,0.0,0.0,0.0,5.0,5.0,0.0,1.0,1.0,0.0,4.0,4.0,-3.0
0020200498,1610612748,MIA,Miami,2253,Sean Lampley,Sean,G,,21:24,2.0,6.0,0.333,0.0,0.0,0.0,4.0,4.0,1.0,0.0,3.0,3.0,3.0,0.0,0.0,2.0,2.0,8.0,3.0
0020200498,1610612748,MIA,Miami,2067,Eddie House,Eddie,G,,18:26,3.0,9.0,0.333,0.0,1.0,0.0,0.0,0.0,0.0,0.0,2.0,2.0,2.0,0.0,0.0,0.0,1.0,6.0,-1.0
0020200498,1610612748,MIA,Miami,111,LaPhonso Ellis,LaPhonso,F,,8:30,0.0,2.0,0.0,0.0,2.0,0.0,1.0,2.0,0.5,0.0,0.0,0.0,0.0,0.0,1.0,1.0,3.0,1.0,3.0
0020200498,1610612748,MIA,Miami,1752,Sean Marks,Sean,,,1:00,0.0,0.0,0.0,0.0,0.0,0.0,0.0,0.0,0.0,0.0,1.0,1.0,0.0,0.0,0.0,0.0,0.0,0.0,0.0
0020200498,1610612748,MIA,Miami,2388,,,, ,,,,,,,,,,,,,,,,,,,,
0020200498,1610612748,MIA,Miami,1787,,,, ,,,,,,,,,,,,,,,,,,,,
0020200498,1610612748,MIA,Miami,1877,,,, ,,,,,,,,,,,,,,,,,,,,
0020200498,1610612748,MIA,Miami,1280,,,, ,,,,,,,,,,,,,,,,,,,,
0020200498,1610612748,MIA,Miami,1281,,,, ,,,,,,,,,,,,,,,,,,,,
0020200498,1610612748,MIA,Miami,836,,,, ,,,,,,,,,,,,,,,,,,,,
0020200498,1610612748,MIA,Miami,1276,,,, ,,,,,,,,,,,,,,,,,,,,
0020200498,1610612748,MIA,Miami,1277,,,, ,,,,,,,,,,,,,,,,,,,,
0020200498,1610612748,MIA,Miami,2446,Rasual Butler,Rasual,,DNP - Coach's Decision,,,,,,,,,,,,,,,,,,,,
0020200498,1610612748,MIA,Miami,224,Eddie Jones,Eddie,,DND- INJ - Right Ankle Sprain,,,,,,,,,,,,,,,,,,,,
0020200498,1610612743,DEN,Denver,2051,Donnell Harvey,Donnell,F,,2:23,1.0,2.0,0.5,0.0,0.0,0.0,0.0,0.0,0.0,0.0,0.0,0.0,0.0,0.0,0.0,0.0,0.0,2.0,0.0
0020200498,1610612743,DEN,Denver,436,Juwan Howard,Juwan,G,,41:42,11.0,17.0,0.647,0.0,0.0,0.0,6.0,6.0,1.0,1.0,11.0,12.0,6.0,0.0,0.0,2.0,4.0,28.0,16.0
0020200498,1610612743,DEN,Denver,2403,Nene Hilario,Nene,C,,32:41,5.0,7.0,0.714,0.0,0.0,0.0,2.0,4.0,0.5,1.0,3.0,4.0,3.0,1.0,4.0,6.0,3.0,12.0,10.0
0020200498,1610612743,DEN,Denver,2428,Vincent Yarbrough,Vincent,G,,30:11,1.0,6.0,0.167,0.0,1.0,0.0,0.0,0.0,0.0,1.0,2.0,3.0,4.0,1.0,1.0,0.0,4.0,2.0,12.0
0020200498,1610612743,DEN,Denver,2454,Junior Harrington,Junior,G,,31:43,1.0,4.0,0.25,0.0,0.0,0.0,1.0,2.0,0.5,0.0,6.0,6.0,9.0,3.0,0.0,2.0,4.0,3.0,7.0
0020200498,1610612743,DEN,Denver,1763,Ryan Bowen,Ryan,G,,34:43,5.0,7.0,0.714,0.0,0.0,0.0,2.0,4.0,0.5,2.0,2.0,4.0,2.0,2.0,1.0,3.0,1.0,12.0,12.0
0020200498,1610612743,DEN,Denver,2206,Rodney White,Rodney,G,,36:44,6.0,16.0,0.375,1.0,3.0,0.333,2.0,2.0,1.0,1.0,3.0,4.0,1.0,0.0,0.0,4.0,2.0,15.0,0.0
0020200498,1610612743,DEN,Denver,1548,Mark Blount,Mark,C,,17:58,2.0,5.0,0.4,0.0,0.0,0.0,4.0,6.0,0.667,1.0,2.0,3.0,1.0,0.0,1.0,1.0,2.0,8.0,-5.0
0020200498,1610612743,DEN,Denver,2401,Nikoloz Tskitishvili,Nikoloz,F,,11:25,2.0,3.0,0.667,0.0,1.0,0.0,0.0,0.0,0.0,1.0,1.0,2.0,1.0,0.0,1.0,1.0,4.0,4.0,-2.0
0020200498,1610612743,DEN,Denver,2453,Predrag Savovic,Predrag,,,0:31,0.0,0.0,0.0,0.0,0.0,0.0,0.0,0.0,0.0,0.0,0.0,0.0,0.0,0.0,0.0,0.0,0.0,0.0,0.0
0020200498,1610612743,DEN,Denver,2512,,,, ,,,,,,,,,,,,,,,,,,,,
0020200498,1610612743,DEN,Denver,2513,,,, ,,,,,,,,,,,,,,,,,,,,
0020200498,1610612743,DEN,Denver,2379,,,, ,,,,,,,,,,,,,,,,,,,,
0020200498,1610612743,DEN,Denver,2015,,,, ,,,,,,,,,,,,,,,,,,,,
0020200498,1610612743,DEN,Denver,1279,,,, ,,,,,,,,,,,,,,,,,,,,
0020200498,1610612743,DEN,Denver,1216,,,, ,,,,,,,,,,,,,,,,,,,,
0020200498,1610612743,DEN,Denver,1240,,,, ,,,,,,,,,,,,,,,,,,,,
0020200498,1610612743,DEN,Denver,95,Mark Bryant,Mark,,DNP - Coach's Decision,,,,,,,,,,,,,,,,,,,,
0020200492,1610612741,CHI,Chicago,147,Jalen Rose,Jalen,G,,40:60,4.0,17.0,0.235,0.0,6.0,0.0,2.0,3.0,0.667,0.0,4.0,4.0,8.0,0.0,0.0,3.0,3.0,10.0,-5.0
0020200492,1610612741,CHI,Chicago,923,Donyell Marshall,Donyell,F,,30:47,10.0,15.0,0.667,0.0,0.0,0.0,4.0,5.0,0.8,3.0,6.0,9.0,1.0,2.0,2.0,0.0,4.0,24.0,-12.0
0020200492,1610612741,CHI,Chicago,2199,Tyson Chandler,Tyson,C,,19:29,1.0,5.0,0.2,0.0,0.0,0.0,4.0,4.0,1.0,0.0,6.0,6.0,2.0,1.0,1.0,4.0,4.0,6.0,8.0
0020200492,1610612741,CHI,Chicago,2239,Trenton Hassell,Trenton,G,,31:23,4.0,6.0,0.667,2.0,3.0,0.667,0.0,0.0,0.0,0.0,1.0,1.0,3.0,2.0,4.0,2.0,3.0,10.0,-9.0
0020200492,1610612741,CHI,Chicago,2398,Jay Williams,Jay,G,,21:04,0.0,5.0,0.0,0.0,3.0,0.0,0.0,0.0,0.0,0.0,2.0,2.0,5.0,1.0,0.0,1.0,2.0,0.0,-10.0
0020200492,1610612741,CHI,Chicago,2033,Marcus Fizer,Marcus,C,,22:02,5.0,10.0,0.5,0.0,1.0,0.0,2.0,3.0,0.667,0.0,4.0,4.0,2.0,0.0,0.0,1.0,3.0,12.0,-9.0
0020200492,1610612741,CHI,Chicago,2037,Jamal Crawford,Jamal,G,,26:56,6.0,12.0,0.5,2.0,4.0,0.5,1.0,2.0,0.5,0.0,2.0,2.0,3.0,1.0,0.0,0.0,1.0,15.0,7.0
0020200492,1610612741,CHI,Chicago,2201,Eddy Curry,Eddy,F,,16:02,6.0,7.0,0.857,0.0,0.0,0.0,3.0,6.0,0.5,1.0,0.0,1.0,0.0,1.0,0.0,1.0,3.0,15.0,5.0
0020200492,1610612741,CHI,Chicago,916,Corie Blount,Corie,F,,6:30,0.0,0.0,0.0,0.0,0.0,0.0,0.0,0.0,0.0,1.0,2.0,3.0,0.0,0.0,0.0,0.0,0.0,0.0,-2.0
0020200492,1610612741,CHI,Chicago,1944,Eddie Robinson,Eddie,G,,16:37,1.0,3.0,0.333,0.0,0.0,0.0,0.0,0.0,0.0,2.0,5.0,7.0,1.0,1.0,0.0,1.0,4.0,2.0,6.0
0020200492,1610612741,CHI,Chicago,2437,Lonny Baxter,Lonny,,,1:11,0.0,0.0,0.0,0.0,0.0,0.0,0.0,0.0,0.0,0.0,1.0,1.0,0.0,0.0,0.0,0.0,0.0,0.0,4.0
0020200492,1610612741,CHI,Chicago,697,Fred Hoiberg,Fred,F,,7:00,2.0,3.0,0.667,0.0,0.0,0.0,0.0,0.0,0.0,0.0,1.0,1.0,1.0,0.0,0.0,0.0,3.0,4.0,2.0
0020200492,1610612741,CHI,Chicago,2510,,,, ,,,,,,,,,,,,,,,,,,,,
0020200492,1610612741,CHI,Chicago,1780,,,, ,,,,,,,,,,,,,,,,,,,,
0020200492,1610612741,CHI,Chicago,1254,,,, ,,,,,,,,,,,,,,,,,,,,
0020200492,1610612741,CHI,Chicago,1220,,,, ,,,,,,,,,,,,,,,,,,,,
0020200492,1610612741,CHI,Chicago,2394,,,, ,,,,,,,,,,,,,,,,,,,,
0020200492,1610612764,WAS,Washington,711,Jerry Stackhouse,Jerry,G,,40:10,2.0,14.0,0.143,0.0,5.0,0.0,6.0,8.0,0.75,0.0,5.0,5.0,4.0,0.0,0.0,2.0,1.0,10.0,7.0
0020200492,1610612764,WAS,Washington,363,Christian Laettner,Christian,F,,33:15,7.0,9.0,0.778,0.0,1.0,0.0,4.0,5.0,0.8,5.0,6.0,11.0,4.0,3.0,0.0,3.0,5.0,18.0,12.0
0020200492,1610612764,WAS,Washington,2217,Brendan Haywood,Brendan,G,,19:17,2.0,4.0,0.5,0.0,0.0,0.0,2.0,2.0,1.0,2.0,1.0,3.0,0.0,0.0,2.0,0.0,4.0,6.0,18.0
0020200492,1610612764,WAS,Washington,893,Michael Jordan,Michael,G,,33:26,5.0,13.0,0.385,0.0,0.0,0.0,4.0,5.0,0.8,0.0,10.0,10.0,7.0,1.0,0.0,2.0,4.0,14.0,7.0
0020200492,1610612764,WAS,Washington,1716,Larry Hughes,Larry,G,,40:56,9.0,19.0,0.474,0.0,1.0,0.0,4.0,4.0,1.0,3.0,5.0,8.0,0.0,2.0,1.0,2.0,1.0,22.0,9.0
0020200492,1610612764,WAS,Washington,2198,Kwame Brown,Kwame,G,,22:37,7.0,11.0,0.636,0.0,0.0,0.0,2.0,4.0,0.5,2.0,6.0,8.0,0.0,1.0,1.0,1.0,1.0,16.0,-15.0
0020200492,1610612764,WAS,Washington,935,Bryon Russell,Bryon,F,,10:49,0.0,2.0,0.0,0.0,1.0,0.0,0.0,0.0,0.0,0.0,3.0,3.0,0.0,0.0,0.0,0.0,1.0,0.0,1.0
0020200492,1610612764,WAS,Washington,2041,Etan Thomas,Etan,C,,13:27,4.0,7.0,0.571,0.0,0.0,0.0,3.0,5.0,0.6,4.0,0.0,4.0,0.0,0.0,0.0,2.0,1.0,11.0,-11.0
0020200492,1610612764,WAS,Washington,1731,Tyronn Lue,Tyronn,G,,18:44,1.0,4.0,0.25,1.0,2.0,0.5,1.0,1.0,1.0,0.0,0.0,0.0,1.0,0.0,0.0,2.0,2.0,4.0,-18.0
0020200492,1610612764,WAS,Washington,891,Charles Oakley,Charles,,,7:19,0.0,1.0,0.0,0.0,0.0,0.0,0.0,0.0,0.0,0.0,0.0,0.0,0.0,0.0,0.0,0.0,2.0,0.0,5.0
0020200492,1610612764,WAS,Washington,2171,,,, ,,,,,,,,,,,,,,,,,,,,
0020200492,1610612764,WAS,Washington,1244,,,, ,,,,,,,,,,,,,,,,,,,,
0020200492,1610612764,WAS,Washington,1245,,,, ,,,,,,,,,,,,,,,,,,,,
0020200492,1610612764,WAS,Washington,1271,,,, ,,,,,,,,,,,,,,,,,,,,
0020200492,1610612764,WAS,Washington,2382,,,, ,,,,,,,,,,,,,,,,,,,,
0020200492,1610612764,WAS,Washington,2383,,,, ,,,,,,,,,,,,,,,,,,,,
0020200492,1610612764,WAS,Washington,2523,,,, ,,,,,,,,,,,,,,,,,,,,
0020200492,1610612764,WAS,Washington,2073,Brian Cardinal,Brian,,DNP - Coach's Decision,,,,,,,,,,,,,,,,,,,,
0020200492,1610612764,WAS,Washington,2250,Bobby Simmons,Bobby,,DNP - Coach's Decision,,,,,,,,,,,,,,,,,,,,
0020200501,1610612763,MEM,Memphis,2203,Shane Battier,Shane,F,,32:42,2.0,9.0,0.222,2.0,5.0,0.4,5.0,5.0,1.0,2.0,1.0,3.0,0.0,0.0,1.0,3.0,2.0,11.0,-3.0
0020200501,1610612763,MEM,Memphis,2200,Pau Gasol,Pau,F,,32:21,9.0,13.0,0.692,0.0,0.0,0.0,5.0,6.0,0.833,3.0,7.0,10.0,2.0,1.0,4.0,2.0,2.0,23.0,-3.0
0020200501,1610612763,MEM,Memphis,953,Lorenzen Wright,Lorenzen,G,,32:19,5.0,11.0,0.455,0.0,1.0,0.0,0.0,0.0,0.0,4.0,6.0,10.0,0.0,0.0,0.0,1.0,3.0,10.0,-9.0
0020200501,1610612763,MEM,Memphis,1715,Jason Williams,Jason,G,,30:05,4.0,12.0,0.333,1.0,5.0,0.2,0.0,0.0,0.0,0.0,2.0,2.0,7.0,0.0,0.0,2.0,2.0,9.0,-8.0
0020200501,1610612763,MEM,Memphis,1921,Gordan Giricek,Gordan,G,,20:02,3.0,8.0,0.375,1.0,2.0,0.5,3.0,4.0,0.75,1.0,1.0,2.0,1.0,0.0,0.0,1.0,2.0,10.0,-15.0
0020200501,1610612763,MEM,Memphis,2400,Drew Gooden,Drew,G,,27:19,6.0,12.0,0.5,0.0,1.0,0.0,2.0,2.0,1.0,3.0,5.0,8.0,0.0,0.0,0.0,2.0,1.0,14.0,7.0
0020200501,1610612763,MEM,Memphis,1510,Brevin Knight,Brevin,G,,17:55,0.0,3.0,0.0,0.0,0.0,0.0,1.0,2.0,0.5,0.0,1.0,1.0,3.0,0.0,0.0,2.0,2.0,1.0,0.0
0020200501,1610612763,MEM,Memphis,2031,Stromile Swift,Stromile,G,,18:30,3.0,6.0,0.5,0.0,0.0,0.0,0.0,1.0,0.0,1.0,4.0,5.0,1.0,0.0,0.0,0.0,0.0,6.0,-1.0
0020200501,1610612763,MEM,Memphis,2248,Earl Watson,Earl,F,,15:57,3.0,6.0,0.5,0.0,0.0,0.0,0.0,0.0,0.0,4.0,0.0,4.0,1.0,1.0,0.0,2.0,2.0,6.0,-5.0
0020200501,1610612763,MEM,Memphis,2471,Mike Batiste,Mike,G,,12:50,2.0,4.0,0.5,0.0,1.0,0.0,1.0,1.0,1.0,1.0,4.0,5.0,0.0,0.0,0.0,1.0,3.0,5.0,-3.0
0020200501,1610612763,MEM,Memphis,2536,,,, ,,,,,,,,,,,,,,,,,,,,
0020200501,1610612763,MEM,Memphis,2353,,,, ,,,,,,,,,,,,,,,,,,,,
0020200501,1610612763,MEM,Memphis,2163,,,, ,,,,,,,,,,,,,,,,,,,,
0020200501,1610612763,MEM,Memphis,1994,,,, ,,,,,,,,,,,,,,,,,,,,
0020200501,1610612763,MEM,Memphis,1353,,,, ,,,,,,,,,,,,,,,,,,,,
0020200501,1610612763,MEM,Memphis,1356,,,, ,,,,,,,,,,,,,,,,,,,,
0020200501,1610612763,MEM,Memphis,2425,Robert Archibald,Robert,,DNP - Coach's Decision,,,,,,,,,,,,,,,,,,,,
0020200501,1610612763,MEM,Memphis,2456,Cezary Trybanski,Cezary,,DNP - Coach's Decision,,,,,,,,,,,,,,,,,,,,
0020200501,1610612746,LAC,Los Angeles,1885,Lamar Odom,Lamar,G,,42:26,11.0,20.0,0.55,1.0,3.0,0.333,0.0,1.0,0.0,0.0,5.0,5.0,5.0,0.0,0.0,3.0,5.0,23.0,16.0
0020200501,1610612746,LAC,Los Angeles,1882,Elton Brand,Elton,G,,44:02,14.0,22.0,0.636,0.0,0.0,0.0,2.0,3.0,0.667,3.0,4.0,7.0,4.0,0.0,1.0,0.0,4.0,30.0,11.0
0020200501,1610612746,LAC,Los Angeles,1709,Michael Olowokandi,Michael,F,,35:47,3.0,8.0,0.375,0.0,0.0,0.0,0.0,0.0,0.0,2.0,8.0,10.0,1.0,1.0,2.0,1.0,2.0,6.0,14.0
0020200501,1610612746,LAC,Los Angeles,1889,Andre Miller,Andre,G,,48:00,8.0,15.0,0.533,0.0,1.0,0.0,3.0,5.0,0.6,0.0,0.0,0.0,14.0,3.0,0.0,0.0,2.0,19.0,8.0
0020200501,1610612746,LAC,Los Angeles,1894,Corey Maggette,Corey,G,,32:56,2.0,7.0,0.286,1.0,2.0,0.5,11.0,12.0,0.917,0.0,8.0,8.0,1.0,1.0,0.0,3.0,6.0,16.0,14.0
0020200501,1610612746,LAC,Los Angeles,2039,Keyon Dooling,Keyon,F,,19:58,1.0,4.0,0.25,1.0,3.0,0.333,0.0,0.0,0.0,0.0,2.0,2.0,2.0,0.0,0.0,0.0,0.0,3.0,-11.0
0020200501,1610612746,LAC,Los Angeles,2408,Melvin Ely,Melvin,C,,4:25,1.0,2.0,0.5,0.0,0.0,0.0,0.0,0.0,0.0,1.0,1.0,2.0,0.0,0.0,0.0,0.0,1.0,2.0,-1.0
0020200501,1610612746,LAC,Los Angeles,1762,Tremaine Fowlkes,Tremaine,,,8:43,1.0,2.0,0.5,0.0,0.0,0.0,2.0,2.0,1.0,1.0,0.0,1.0,0.0,0.0,0.0,0.0,0.0,4.0,-3.0
0020200501,1610612746,LAC,Los Angeles,1917,Wang Zhi-zhi,Wang,,,3:43,0.0,1.0,0.0,0.0,0.0,0.0,0.0,0.0,0.0,0.0,0.0,0.0,0.0,0.0,0.0,1.0,0.0,0.0,-8.0
0020200501,1610612746,LAC,Los Angeles,1996,,,, ,,,,,,,,,,,,,,,,,,,,
0020200501,1610612746,LAC,Los Angeles,2010,,,, ,,,,,,,,,,,,,,,,,,,,
0020200501,1610612746,LAC,Los Angeles,1210,,,, ,,,,,,,,,,,,,,,,,,,,
0020200501,1610612746,LAC,Los Angeles,1243,,,, ,,,,,,,,,,,,,,,,,,,,
0020200501,1610612746,LAC,Los Angeles,1672,,,, ,,,,,,,,,,,,,,,,,,,,
0020200501,1610612746,LAC,Los Angeles,2166,,,, ,,,,,,,,,,,,,,,,,,,,
0020200501,1610612746,LAC,Los Angeles,2047,Quentin Richardson,Quentin,,DND - Sprained left ankle.,,,,,,,,,,,,,,,,,,,,
0020200501,1610612746,LAC,Los Angeles,399,Sean Rooks,Sean,,DNP - Coach's Decision,,,,,,,,,,,,,,,,,,,,
0020200501,1610612746,LAC,Los Angeles,2404,Chris Wilcox,Chris,,DNP - Coach's Decision,,,,,,,,,,,,,,,,,,,,
0020200496,1610612744,GSW,Golden State,1712,Antawn Jamison,Antawn,G,,44:26,5.0,12.0,0.417,1.0,3.0,0.333,3.0,4.0,0.75,1.0,4.0,5.0,1.0,0.0,1.0,1.0,3.0,14.0,-11.0
0020200496,1610612744,GSW,Golden State,2211,Troy Murphy,Troy,F,,24:57,2.0,7.0,0.286,0.0,0.0,0.0,2.0,3.0,0.667,0.0,8.0,8.0,0.0,0.0,0.0,0.0,4.0,6.0,-5.0
0020200496,1610612744,GSW,Golden State,956,Erick Dampier,Erick,F,,26:12,1.0,4.0,0.25,0.0,0.0,0.0,0.0,0.0,0.0,2.0,4.0,6.0,2.0,0.0,2.0,1.0,3.0,2.0,-9.0
0020200496,1610612744,GSW,Golden State,2202,Jason Richardson,Jason,G,,41:19,12.0,23.0,0.522,5.0,7.0,0.714,3.0,4.0,0.75,0.0,5.0,5.0,2.0,0.0,1.0,3.0,3.0,32.0,-11.0
0020200496,1610612744,GSW,Golden State,2240,Gilbert Arenas,Gilbert,G,,20:49,2.0,9.0,0.222,1.0,3.0,0.333,0.0,0.0,0.0,0.0,1.0,1.0,5.0,0.0,0.0,0.0,1.0,5.0,-14.0
0020200496,1610612744,GSW,Golden State,168,Chris Mills,Chris,C,,3:53,0.0,2.0,0.0,0.0,0.0,0.0,0.0,0.0,0.0,0.0,0.0,0.0,0.0,0.0,0.0,0.0,0.0,0.0,-10.0
0020200496,1610612744,GSW,Golden State,1502,Adonal Foyle,Adonal,G,,21:38,1.0,4.0,0.25,0.0,0.0,0.0,2.0,3.0,0.667,1.0,5.0,6.0,0.0,1.0,1.0,0.0,3.0,4.0,4.0
0020200496,1610612744,GSW,Golden State,1863,Earl Boykins,Earl,F,,27:22,6.0,12.0,0.5,0.0,1.0,0.0,8.0,8.0,1.0,1.0,0.0,1.0,7.0,1.0,0.0,0.0,1.0,20.0,5.0
0020200496,1610612744,GSW,Golden State,682,Bob Sura,Bob,F,,18:42,3.0,6.0,0.5,0.0,2.0,0.0,2.0,2.0,1.0,1.0,3.0,4.0,2.0,2.0,0.0,1.0,0.0,8.0,10.0
0020200496,1610612744,GSW,Golden State,2399,Mike Dunleavy,Mike,,,3:34,0.0,2.0,0.0,0.0,1.0,0.0,0.0,0.0,0.0,1.0,1.0,2.0,0.0,1.0,0.0,1.0,0.0,0.0,4.0
0020200496,1610612744,GSW,Golden State,1504,Danny Fortson,Danny,,,7:10,1.0,3.0,0.333,0.0,0.0,0.0,2.0,3.0,0.667,1.0,3.0,4.0,0.0,0.0,0.0,0.0,2.0,4.0,2.0
0020200496,1610612744,GSW,Golden State,1774,,,, ,,,,,,,,,,,,,,,,,,,,
0020200496,1610612744,GSW,Golden State,1217,,,, ,,,,,,,,,,,,,,,,,,,,
0020200496,1610612744,GSW,Golden State,1252,,,, ,,,,,,,,,,,,,,,,,,,,
0020200496,1610612744,GSW,Golden State,1307,,,, ,,,,,,,,,,,,,,,,,,,,
0020200496,1610612744,GSW,Golden State,1331,,,, ,,,,,,,,,,,,,,,,,,,,
0020200496,1610612744,GSW,Golden State,1637,,,, ,,,,,,,,,,,,,,,,,,,,
0020200496,1610612744,GSW,Golden State,2412,Jiri Welsch,Jiri,,DNP - Coach's Decision,,,,,,,,,,,,,,,,,,,,
0020200496,1610612750,MIN,Minnesota,708,Kevin Garnett,Kevin,F,,40:44,10.0,20.0,0.5,0.0,1.0,0.0,1.0,2.0,0.5,4.0,10.0,14.0,6.0,0.0,0.0,0.0,2.0,21.0,8.0
0020200496,1610612750,MIN,Minnesota,693,Joe Smith,Joe,F,,20:43,4.0,8.0,0.5,0.0,0.0,0.0,1.0,3.0,0.333,1.0,1.0,2.0,3.0,0.0,1.0,0.0,3.0,9.0,8.0
0020200496,1610612750,MIN,Minnesota,1725,Rasho Nesterovic,Rasho,G,,29:42,2.0,7.0,0.286,0.0,0.0,0.0,1.0,2.0,0.5,1.0,5.0,6.0,3.0,1.0,4.0,0.0,1.0,5.0,-11.0
0020200496,1610612750,MIN,Minnesota,383,Kendall Gill,Kendall,G,,37:21,6.0,14.0,0.429,0.0,1.0,0.0,2.0,4.0,0.5,0.0,4.0,4.0,1.0,0.0,0.0,3.0,4.0,14.0,4.0
0020200496,1610612750,MIN,Minnesota,1607,Troy Hudson,Troy,G,,38:38,9.0,17.0,0.529,3.0,6.0,0.5,2.0,2.0,1.0,0.0,4.0,4.0,11.0,1.0,0.0,0.0,5.0,23.0,18.0
0020200496,1610612750,MIN,Minnesota,1531,Marc Jackson,Marc,F,,18:07,3.0,5.0,0.6,0.0,0.0,0.0,0.0,0.0,0.0,1.0,3.0,4.0,2.0,0.0,1.0,0.0,3.0,6.0,16.0
0020200496,1610612750,MIN,Minnesota,324,Anthony Peeler,Anthony,G,,26:42,3.0,6.0,0.5,2.0,4.0,0.5,0.0,0.0,0.0,0.0,5.0,5.0,3.0,1.0,0.0,3.0,3.0,8.0,0.0
0020200496,1610612750,MIN,Minnesota,718,Gary Trent,Gary,G,,18:31,6.0,8.0,0.75,0.0,0.0,0.0,2.0,6.0,0.333,1.0,5.0,6.0,0.0,1.0,2.0,1.0,2.0,14.0,1.0
0020200496,1610612750,MIN,Minnesota,2080,Igor Rakocevic,Igor,F,,9:33,1.0,3.0,0.333,0.0,0.0,0.0,0.0,0.0,0.0,0.0,2.0,2.0,2.0,0.0,0.0,1.0,1.0,2.0,-9.0
0020200496,1610612750,MIN,Minnesota,2146,,,, ,,,,,,,,,,,,,,,,,,,,
0020200496,1610612750,MIN,Minnesota,2159,,,, ,,,,,,,,,,,,,,,,,,,,
0020200496,1610612750,MIN,Minnesota,1289,,,, ,,,,,,,,,,,,,,,,,,,,
0020200496,1610612750,MIN,Minnesota,1290,,,, ,,,,,,,,,,,,,,,,,,,,
0020200496,1610612750,MIN,Minnesota,1291,,,, ,,,,,,,,,,,,,,,,,,,,
0020200496,1610612750,MIN,Minnesota,847,,,, ,,,,,,,,,,,,,,,,,,,,
0020200496,1610612750,MIN,Minnesota,393,Rod Strickland,Rod,,DND - Posterior Rt. Hip Contusion,,,,,,,,,,,,,,,,,,,,
0020200496,1610612750,MIN,Minnesota,1887,Wally Szczerbiak,Wally,,"DND - Sprained 5th Toe, Lt. Foot",,,,,,,,,,,,,,,,,,,,
0020200496,1610612750,MIN,Minnesota,2254,Loren Woods,Loren,,DNP - Coach's Decision,,,,,,,,,,,,,,,,,,,,
0020200493,1610612745,HOU,Houston,779,Glen Rice,Glen,F,,29:43,4.0,10.0,0.4,1.0,5.0,0.2,1.0,1.0,1.0,0.0,4.0,4.0,1.0,0.0,0.0,2.0,1.0,10.0,3.0
0020200493,1610612745,HOU,Houston,2204,Eddie Griffin,Eddie,G,,25:40,6.0,13.0,0.462,0.0,4.0,0.0,0.0,0.0,0.0,3.0,6.0,9.0,2.0,0.0,4.0,3.0,0.0,12.0,8.0
0020200493,1610612745,HOU,Houston,2397,Ming Yao,Ming,C,,36:46,8.0,14.0,0.571,0.0,0.0,0.0,7.0,7.0,1.0,4.0,7.0,11.0,0.0,0.0,2.0,2.0,3.0,23.0,17.0
0020200493,1610612745,HOU,Houston,1749,Cuttino Mobley,Cuttino,G,,44:33,6.0,13.0,0.462,0.0,0.0,0.0,2.0,2.0,1.0,1.0,8.0,9.0,5.0,1.0,0.0,2.0,3.0,14.0,12.0
0020200493,1610612745,HOU,Houston,1883,Steve Francis,Steve,G,,39:27,4.0,12.0,0.333,0.0,1.0,0.0,8.0,8.0,1.0,3.0,4.0,7.0,2.0,1.0,0.0,6.0,3.0,16.0,5.0
0020200493,1610612745,HOU,Houston,983,Moochie Norris,Moochie,F,,18:13,2.0,2.0,1.0,1.0,1.0,1.0,2.0,2.0,1.0,1.0,1.0,2.0,2.0,1.0,1.0,1.0,0.0,7.0,-3.0
0020200493,1610612745,HOU,Houston,1899,James Posey,James,F,,17:47,0.0,1.0,0.0,0.0,1.0,0.0,4.0,4.0,1.0,0.0,5.0,5.0,0.0,1.0,0.0,3.0,5.0,4.0,6.0
0020200493,1610612745,HOU,Houston,1509,Kelvin Cato,Kelvin,C,,10:11,1.0,1.0,1.0,0.0,0.0,0.0,0.0,0.0,0.0,1.0,0.0,1.0,0.0,0.0,2.0,1.0,3.0,2.0,-5.0
0020200493,1610612745,HOU,Houston,1508,Maurice Taylor,Maurice,G,,17:40,1.0,6.0,0.167,0.0,0.0,0.0,1.0,2.0,0.5,2.0,2.0,4.0,0.0,0.0,0.0,1.0,2.0,3.0,7.0
0020200493,1610612745,HOU,Houston,1255,,,, ,,,,,,,,,,,,,,,,,,,,
0020200493,1610612745,HOU,Houston,1256,,,, ,,,,,,,,,,,,,,,,,,,,
0020200493,1610612745,HOU,Houston,1257,,,, ,,,,,,,,,,,,,,,,,,,,
0020200493,1610612745,HOU,Houston,1258,,,, ,,,,,,,,,,,,,,,,,,,,
0020200493,1610612745,HOU,Houston,2384,,,, ,,,,,,,,,,,,,,,,,,,,
0020200493,1610612745,HOU,Houston,2385,,,, ,,,,,,,,,,,,,,,,,,,,
0020200493,1610612745,HOU,Houston,825,,,, ,,,,,,,,,,,,,,,,,,,,
0020200493,1610612745,HOU,Houston,1997,,,, ,,,,,,,,,,,,,,,,,,,,
0020200493,1610612745,HOU,Houston,1038,Juaquin Hawkins,Juaquin,,DNP - Coach's Decision,,,,,,,,,,,,,,,,,,,,
0020200493,1610612745,HOU,Houston,2242,Terence Morris,Terence,,DNP - Coach's Decision,,,,,,,,,,,,,,,,,,,,
0020200493,1610612745,HOU,Houston,2411,Bostjan Nachbar,Bostjan,,DNP - Coach's Decision,,,,,,,,,,,,,,,,,,,,
0020200493,1610612753,ORL,Orlando,2034,Mike Miller,Mike,F,,40:48,3.0,17.0,0.176,0.0,3.0,0.0,2.0,2.0,1.0,1.0,5.0,6.0,1.0,2.0,1.0,3.0,2.0,8.0,-16.0
0020200493,1610612753,ORL,Orlando,1727,Pat Garrity,Pat,F,,29:53,2.0,6.0,0.333,1.0,3.0,0.333,0.0,0.0,0.0,0.0,1.0,1.0,2.0,2.0,1.0,0.0,5.0,5.0,-9.0
0020200493,1610612753,ORL,Orlando,431,Shawn Kemp,Shawn,C,,14:44,1.0,4.0,0.25,0.0,0.0,0.0,0.0,0.0,0.0,1.0,2.0,3.0,0.0,0.0,0.0,0.0,5.0,2.0,-11.0
0020200493,1610612753,ORL,Orlando,1503,Tracy McGrady,Tracy,G,,43:08,10.0,26.0,0.385,1.0,7.0,0.143,6.0,10.0,0.6,1.0,4.0,5.0,2.0,2.0,0.0,2.0,1.0,27.0,-15.0
0020200493,1610612753,ORL,Orlando,1521,Jacque Vaughn,Jacque,G,,22:53,2.0,3.0,0.667,0.0,0.0,0.0,2.0,4.0,0.5,1.0,1.0,2.0,1.0,0.0,0.0,0.0,3.0,6.0,1.0
0020200493,1610612753,ORL,Orlando,353,Darrell Armstrong,Darrell,G,,30:14,6.0,12.0,0.5,2.0,2.0,1.0,0.0,0.0,0.0,1.0,1.0,2.0,3.0,2.0,0.0,2.0,2.0,14.0,-7.0
0020200493,1610612753,ORL,Orlando,2469,Pat Burke,Pat,G,,22:47,4.0,10.0,0.4,0.0,0.0,0.0,3.0,3.0,1.0,4.0,1.0,5.0,0.0,1.0,0.0,1.0,0.0,11.0,-12.0
0020200493,1610612753,ORL,Orlando,692,Andrew DeClercq,Andrew,G,,22:23,2.0,6.0,0.333,0.0,0.0,0.0,2.0,2.0,1.0,5.0,1.0,6.0,2.0,3.0,0.0,0.0,3.0,6.0,6.0
0020200493,1610612753,ORL,Orlando,2219,Jeryl Sasser,Jeryl,C,,10:58,0.0,2.0,0.0,0.0,0.0,0.0,0.0,0.0,0.0,2.0,2.0,4.0,3.0,1.0,0.0,1.0,1.0,0.0,9.0
0020200493,1610612753,ORL,Orlando,2415,Ryan Humphrey,Ryan,,,1:06,0.0,0.0,0.0,0.0,0.0,0.0,0.0,0.0,0.0,0.0,0.0,0.0,0.0,0.0,0.0,0.0,0.0,0.0,2.0
0020200493,1610612753,ORL,Orlando,2071,Olumide Oyedeji,Olumide,,,1:06,1.0,1.0,1.0,0.0,0.0,0.0,0.0,0.0,0.0,0.0,0.0,0.0,0.0,0.0,0.0,0.0,0.0,2.0,2.0
0020200493,1610612753,ORL,Orlando,837,,,, ,,,,,,,,,,,,,,,,,,,,
0020200493,1610612753,ORL,Orlando,1941,,,, ,,,,,,,,,,,,,,,,,,,,
0020200493,1610612753,ORL,Orlando,1296,,,, ,,,,,,,,,,,,,,,,,,,,
0020200493,1610612753,ORL,Orlando,1309,,,, ,,,,,,,,,,,,,,,,,,,,
0020200493,1610612753,ORL,Orlando,1332,,,, ,,,,,,,,,,,,,,,,,,,,
0020200493,1610612753,ORL,Orlando,2516,,,, ,,,,,,,,,,,,,,,,,,,,
0020200493,1610612753,ORL,Orlando,1650,,,, ,,,,,,,,,,,,,,,,,,,,
0020200493,1610612753,ORL,Orlando,255,Grant Hill,Grant,,DND - Sore Left Ankle,,,,,,,,,,,,,,,,,,,,
0020200499,1610612756,PHX,Phoenix,1890,Shawn Marion,Shawn,F,,39:32,10.0,15.0,0.667,4.0,6.0,0.667,1.0,2.0,0.5,3.0,5.0,8.0,2.0,2.0,0.0,1.0,4.0,25.0,2.0
0020200499,1610612756,PHX,Phoenix,2405,Amar'e Stoudemire,Amar'e,G,,37:16,2.0,5.0,0.4,0.0,0.0,0.0,9.0,10.0,0.9,3.0,1.0,4.0,1.0,1.0,1.0,3.0,2.0,13.0,1.0
0020200499,1610612756,PHX,Phoenix,281,Scott Williams,Scott,G,,28:35,5.0,7.0,0.714,0.0,0.0,0.0,0.0,1.0,0.0,0.0,6.0,6.0,1.0,0.0,0.0,0.0,6.0,10.0,5.0
0020200499,1610612756,PHX,Phoenix,950,Stephon Marbury,Stephon,G,,40:13,12.0,21.0,0.571,0.0,4.0,0.0,5.0,7.0,0.714,0.0,1.0,1.0,10.0,1.0,0.0,2.0,1.0,29.0,0.0
0020200499,1610612756,PHX,Phoenix,358,Anfernee Hardaway,Anfernee,G,,35:59,2.0,8.0,0.25,2.0,5.0,0.4,0.0,0.0,0.0,0.0,2.0,2.0,1.0,4.0,1.0,2.0,4.0,6.0,2.0
0020200499,1610612756,PHX,Phoenix,448,Bo Outlaw,Bo,G,,16:60,1.0,1.0,1.0,0.0,0.0,0.0,0.0,0.0,0.0,0.0,2.0,2.0,1.0,2.0,1.0,1.0,2.0,2.0,-10.0
0020200499,1610612756,PHX,Phoenix,2207,Joe Johnson,Joe,F,,16:29,1.0,6.0,0.167,0.0,2.0,0.0,4.0,4.0,1.0,0.0,0.0,0.0,1.0,1.0,1.0,0.0,2.0,6.0,-9.0
0020200499,1610612756,PHX,Phoenix,2418,Casey Jacobsen,Casey,F,,9:24,0.0,4.0,0.0,0.0,2.0,0.0,0.0,0.0,0.0,0.0,0.0,0.0,0.0,0.0,0.0,0.0,0.0,0.0,-8.0
0020200499,1610612756,PHX,Phoenix,753,Randy Brown,Randy,F,,7:47,1.0,2.0,0.5,0.0,0.0,0.0,0.0,0.0,0.0,0.0,0.0,0.0,0.0,0.0,0.0,2.0,1.0,2.0,-6.0
0020200499,1610612756,PHX,Phoenix,2063,Jake Voskuhl,Jake,G,,7:45,0.0,0.0,0.0,0.0,0.0,0.0,0.0,0.0,0.0,1.0,2.0,3.0,0.0,0.0,0.0,1.0,2.0,0.0,-7.0
0020200499,1610612756,PHX,Phoenix,2160,,,, ,,,,,,,,,,,,,,,,,,,,
0020200499,1610612756,PHX,Phoenix,2521,,,, ,,,,,,,,,,,,,,,,,,,,
0020200499,1610612756,PHX,Phoenix,1336,,,, ,,,,,,,,,,,,,,,,,,,,
0020200499,1610612756,PHX,Phoenix,1642,,,, ,,,,,,,,,,,,,,,,,,,,
0020200499,1610612756,PHX,Phoenix,1653,,,, ,,,,,,,,,,,,,,,,,,,,
0020200499,1610612756,PHX,Phoenix,1783,,,, ,,,,,,,,,,,,,,,,,,,,
0020200499,1610612756,PHX,Phoenix,2008,,,, ,,,,,,,,,,,,,,,,,,,,
0020200499,1610612756,PHX,Phoenix,2228,Alton Ford,Alton,,DNP - Coach's Decision,,,,,,,,,,,,,,,,,,,,
0020200499,1610612756,PHX,Phoenix,2061,Dan Langhi,Dan,,DNP - Coach's Decision,,,,,,,,,,,,,,,,,,,,
0020200499,1610612762,UTA,Utah,1723,Matt Harpring,Matt,F,,36:18,9.0,14.0,0.643,1.0,2.0,0.5,3.0,3.0,1.0,2.0,9.0,11.0,1.0,3.0,0.0,1.0,2.0,22.0,-1.0
0020200499,1610612762,UTA,Utah,252,Karl Malone,Karl,G,,35:18,8.0,17.0,0.471,0.0,1.0,0.0,8.0,10.0,0.8,1.0,6.0,7.0,2.0,2.0,0.0,3.0,1.0,24.0,-3.0
0020200499,1610612762,UTA,Utah,731,Greg Ostertag,Greg,F,,25:12,2.0,4.0,0.5,0.0,0.0,0.0,1.0,2.0,0.5,2.0,3.0,5.0,1.0,0.0,1.0,1.0,3.0,5.0,11.0
0020200499,1610612762,UTA,Utah,304,John Stockton,John,G,,29:12,2.0,8.0,0.25,1.0,3.0,0.333,3.0,4.0,0.75,3.0,1.0,4.0,9.0,1.0,0.0,4.0,4.0,8.0,-8.0
0020200499,1610612762,UTA,Utah,384,Calbert Cheaney,Calbert,G,,34:51,4.0,5.0,0.8,0.0,0.0,0.0,0.0,0.0,0.0,1.0,2.0,3.0,3.0,0.0,1.0,1.0,2.0,8.0,-6.0
0020200499,1610612762,UTA,Utah,349,Mark Jackson,Mark,F,,18:48,2.0,7.0,0.286,0.0,2.0,0.0,0.0,0.0,0.0,0.0,3.0,3.0,5.0,0.0,0.0,3.0,1.0,4.0,14.0
0020200499,1610612762,UTA,Utah,680,John Amaechi,John,C,,7:31,2.0,5.0,0.4,0.0,0.0,0.0,0.0,0.0,0.0,1.0,0.0,1.0,1.0,0.0,0.0,1.0,0.0,4.0,0.0
0020200499,1610612762,UTA,Utah,1905,Andrei Kirilenko,Andrei,G,,24:51,5.0,8.0,0.625,0.0,0.0,0.0,4.0,4.0,1.0,3.0,2.0,5.0,3.0,1.0,2.0,0.0,2.0,14.0,19.0
0020200499,1610612762,UTA,Utah,1909,Scott Padgett,Scott,G,,18:47,2.0,4.0,0.5,1.0,2.0,0.5,3.0,3.0,1.0,3.0,3.0,6.0,1.0,1.0,0.0,1.0,2.0,8.0,11.0
0020200499,1610612762,UTA,Utah,763,Tony Massenburg,Tony,,,9:12,0.0,2.0,0.0,0.0,0.0,0.0,2.0,2.0,1.0,1.0,1.0,2.0,0.0,0.0,0.0,1.0,2.0,2.0,-7.0
0020200499,1610612762,UTA,Utah,1794,,,, ,,,,,,,,,,,,,,,,,,,,
0020200499,1610612762,UTA,Utah,1228,,,, ,,,,,,,,,,,,,,,,,,,,
0020200499,1610612762,UTA,Utah,1345,,,, ,,,,,,,,,,,,,,,,,,,,
0020200499,1610612762,UTA,Utah,1347,,,, ,,,,,,,,,,,,,,,,,,,,
0020200499,1610612762,UTA,Utah,1372,,,, ,,,,,,,,,,,,,,,,,,,,
0020200499,1610612762,UTA,Utah,2306,Carlos Arroyo,Carlos,,DNP - Coach's Decision,,,,,,,,,,,,,,,,,,,,
0020200499,1610612762,UTA,Utah,2052,DeShawn Stevenson,DeShawn,,DNP - Coach's Decision,,,,,,,,,,,,,,,,,,,,
0020200491,1610612765,DET,Detroit,688,Michael Curry,Michael,F,,18:09,1.0,4.0,0.25,0.0,1.0,0.0,0.0,0.0,0.0,0.0,4.0,4.0,1.0,0.0,0.0,1.0,3.0,2.0,2.0
0020200491,1610612765,DET,Detroit,1112,Ben Wallace,Ben,G,,47:48,3.0,5.0,0.6,0.0,0.0,0.0,0.0,0.0,0.0,3.0,9.0,12.0,1.0,2.0,4.0,1.0,5.0,6.0,8.0
0020200491,1610612765,DET,Detroit,361,Clifford Robinson,Clifford,C,,40:39,5.0,16.0,0.313,3.0,6.0,0.5,4.0,4.0,1.0,2.0,3.0,5.0,2.0,2.0,2.0,1.0,6.0,17.0,6.0
0020200491,1610612765,DET,Detroit,1497,Chauncey Billups,Chauncey,G,,36:10,4.0,10.0,0.4,2.0,3.0,0.667,9.0,10.0,0.9,1.0,3.0,4.0,4.0,3.0,1.0,2.0,3.0,19.0,0.0
0020200491,1610612765,DET,Detroit,1888,Richard Hamilton,Richard,G,,37:16,10.0,19.0,0.526,0.0,2.0,0.0,9.0,10.0,0.9,1.0,7.0,8.0,3.0,0.0,0.0,4.0,3.0,29.0,10.0
0020200491,1610612765,DET,Detroit,722,Corliss Williamson,Corliss,G,,35:30,7.0,13.0,0.538,0.0,0.0,0.0,0.0,0.0,0.0,2.0,2.0,4.0,3.0,1.0,0.0,2.0,1.0,14.0,7.0
0020200491,1610612765,DET,Detroit,2246,Mehmet Okur,Mehmet,F,,12:09,0.0,2.0,0.0,0.0,0.0,0.0,0.0,0.0,0.0,0.0,1.0,1.0,2.0,0.0,0.0,2.0,5.0,0.0,-5.0
0020200491,1610612765,DET,Detroit,1088,Chucky Atkins,Chucky,F,,16:38,4.0,6.0,0.667,1.0,2.0,0.5,1.0,2.0,0.5,0.0,1.0,1.0,3.0,0.0,0.0,1.0,3.0,10.0,9.0
0020200491,1610612765,DET,Detroit,468,Jon Barry,Jon,G,,20:20,2.0,3.0,0.667,1.0,2.0,0.5,1.0,1.0,1.0,1.0,3.0,4.0,2.0,1.0,0.0,2.0,3.0,6.0,8.0
0020200491,1610612765,DET,Detroit,2143,Pepe Sanchez,Pepe,,,0:20,0.0,0.0,0.0,0.0,0.0,0.0,0.0,0.0,0.0,0.0,0.0,0.0,0.0,0.0,0.0,0.0,0.0,0.0,0.0
0020200491,1610612765,DET,Detroit,2167,,,, ,,,,,,,,,,,,,,,,,,,,
0020200491,1610612765,DET,Detroit,1655,,,, ,,,,,,,,,,,,,,,,,,,,
0020200491,1610612765,DET,Detroit,1247,,,, ,,,,,,,,,,,,,,,,,,,,
0020200491,1610612765,DET,Detroit,1311,,,, ,,,,,,,,,,,,,,,,,,,,
0020200491,1610612765,DET,Detroit,1320,,,, ,,,,,,,,,,,,,,,,,,,,
0020200491,1610612765,DET,Detroit,93,Hubert Davis,Hubert,,DNP - Coach's Decision,,,,,,,,,,,,,,,,,,,,
0020200491,1610612765,DET,Detroit,2419,Tayshaun Prince,Tayshaun,,DNP - Coach's Decision,,,,,,,,,,,,,,,,,,,,
0020200491,1610612755,PHI,Philadelphia,1903,Kenny Thomas,Kenny,G,,37:13,5.0,15.0,0.333,0.0,0.0,0.0,2.0,2.0,1.0,3.0,7.0,10.0,2.0,2.0,1.0,4.0,2.0,12.0,-4.0
0020200491,1610612755,PHI,Philadelphia,1496,Keith Van Horn,Keith,G,,39:34,3.0,12.0,0.25,2.0,4.0,0.5,2.0,2.0,1.0,4.0,7.0,11.0,0.0,1.0,1.0,0.0,6.0,10.0,-2.0
0020200491,1610612755,PHI,Philadelphia,934,Derrick Coleman,Derrick,C,,26:50,1.0,4.0,0.25,0.0,1.0,0.0,2.0,2.0,1.0,2.0,3.0,5.0,0.0,0.0,0.0,4.0,1.0,4.0,-7.0
0020200491,1610612755,PHI,Philadelphia,727,Eric Snow,Eric,G,,42:56,5.0,14.0,0.357,0.0,0.0,0.0,9.0,10.0,0.9,2.0,2.0,4.0,4.0,0.0,0.0,3.0,4.0,19.0,-9.0
0020200491,1610612755,PHI,Philadelphia,947,Allen Iverson,Allen,G,,39:52,8.0,19.0,0.421,0.0,1.0,0.0,9.0,10.0,0.9,1.0,3.0,4.0,9.0,2.0,0.0,1.0,6.0,25.0,3.0
0020200491,1610612755,PHI,Philadelphia,1761,Greg Buckner,Greg,,,19:29,1.0,3.0,0.333,0.0,1.0,0.0,0.0,0.0,0.0,0.0,1.0,1.0,1.0,1.0,0.0,1.0,2.0,2.0,-9.0
0020200491,1610612755,PHI,Philadelphia,243,Aaron McKie,Aaron,G,,25:25,1.0,4.0,0.25,0.0,0.0,0.0,1.0,2.0,0.5,0.0,3.0,3.0,3.0,3.0,0.0,1.0,3.0,3.0,-11.0
0020200491,1610612755,PHI,Philadelphia,1730,Brian Skinner,Brian,G,,28:18,6.0,7.0,0.857,0.0,0.0,0.0,5.0,10.0,0.5,4.0,3.0,7.0,0.0,0.0,2.0,0.0,3.0,17.0,-5.0
0020200491,1610612755,PHI,Philadelphia,1928,Todd MacCulloch,Todd,F,,5:25,1.0,1.0,1.0,0.0,0.0,0.0,0.0,0.0,0.0,0.0,1.0,1.0,0.0,0.0,0.0,0.0,1.0,2.0,-1.0
0020200491,1610612755,PHI,Philadelphia,2389,,,, ,,,,,,,,,,,,,,,,,,,,
0020200491,1610612755,PHI,Philadelphia,1865,,,, ,,,,,,,,,,,,,,,,,,,,
0020200491,1610612755,PHI,Philadelphia,1259,,,, ,,,,,,,,,,,,,,,,,,,,
0020200491,1610612755,PHI,Philadelphia,1285,,,, ,,,,,,,,,,,,,,,,,,,,
0020200491,1610612755,PHI,Philadelphia,1308,,,, ,,,,,,,,,,,,,,,,,,,,
0020200491,1610612755,PHI,Philadelphia,1212,,,, ,,,,,,,,,,,,,,,,,,,,
0020200491,1610612755,PHI,Philadelphia,2520,,,, ,,,,,,,,,,,,,,,,,,,,
0020200491,1610612755,PHI,Philadelphia,981,Efthimios Rentzias,Efthimios,,DNP - Coach's Decision,,,,,,,,,,,,,,,,,,,,
0020200491,1610612755,PHI,Philadelphia,2422,John Salmons,John,,DNP - Right Hip Strain,,,,,,,,,,,,,,,,,,,,
0020200491,1610612755,PHI,Philadelphia,2261,Kenny Satterfield,Kenny,,DNP - Coach's Decision,,,,,,,,,,,,,,,,,,,,
0020200495,1610612742,DAL,Dallas,1559,Adrian Griffin,Adrian,G,,38:25,3.0,7.0,0.429,0.0,0.0,0.0,2.0,2.0,1.0,0.0,4.0,4.0,4.0,2.0,0.0,0.0,2.0,8.0,30.0
0020200495,1610612742,DAL,Dallas,1717,Dirk Nowitzki,Dirk,G,,40:17,12.0,21.0,0.571,4.0,7.0,0.571,2.0,3.0,0.667,1.0,13.0,14.0,2.0,0.0,0.0,1.0,0.0,30.0,16.0
0020200495,1610612742,DAL,Dallas,1711,Raef LaFrentz,Raef,F,,43:21,11.0,16.0,0.688,1.0,3.0,0.333,3.0,3.0,1.0,4.0,6.0,10.0,3.0,1.0,2.0,1.0,5.0,26.0,27.0
0020200495,1610612742,DAL,Dallas,959,Steve Nash,Steve,G,,29:20,6.0,14.0,0.429,0.0,1.0,0.0,7.0,7.0,1.0,0.0,3.0,3.0,8.0,2.0,0.0,1.0,1.0,19.0,10.0
0020200495,1610612742,DAL,Dallas,714,Michael Finley,Michael,G,,39:44,4.0,13.0,0.308,2.0,5.0,0.4,3.0,4.0,0.75,2.0,1.0,3.0,7.0,0.0,0.0,2.0,2.0,13.0,21.0
0020200495,1610612742,DAL,Dallas,1005,Walt Williams,Walt,G,,12:15,3.0,4.0,0.75,1.0,1.0,1.0,0.0,0.0,0.0,0.0,2.0,2.0,0.0,1.0,0.0,0.0,1.0,7.0,-5.0
0020200495,1610612742,DAL,Dallas,89,Nick Van Exel,Nick,F,,25:39,6.0,11.0,0.545,2.0,4.0,0.5,0.0,0.0,0.0,0.0,2.0,2.0,4.0,0.0,0.0,2.0,1.0,14.0,3.0
0020200495,1610612742,DAL,Dallas,1952,Raja Bell,Raja,,,9:17,0.0,0.0,0.0,0.0,0.0,0.0,0.0,0.0,0.0,1.0,0.0,1.0,0.0,0.0,0.0,1.0,2.0,0.0,-12.0
0020200495,1610612742,DAL,Dallas,422,Avery Johnson,Avery,,,1:41,0.0,2.0,0.0,0.0,0.0,0.0,0.0,0.0,0.0,0.0,0.0,0.0,0.0,1.0,0.0,0.0,0.0,0.0,0.0
0020200495,1610612742,DAL,Dallas,1269,,,, ,,,,,,,,,,,,,,,,,,,,
0020200495,1610612742,DAL,Dallas,1317,,,, ,,,,,,,,,,,,,,,,,,,,
0020200495,1610612742,DAL,Dallas,1233,,,, ,,,,,,,,,,,,,,,,,,,,
0020200495,1610612742,DAL,Dallas,2378,,,, ,,,,,,,,,,,,,,,,,,,,
0020200495,1610612742,DAL,Dallas,1370,,,, ,,,,,,,,,,,,,,,,,,,,
0020200495,1610612742,DAL,Dallas,1483,,,, ,,,,,,,,,,,,,,,,,,,,
0020200495,1610612742,DAL,Dallas,2154,,,, ,,,,,,,,,,,,,,,,,,,,
0020200495,1610612742,DAL,Dallas,762,Shawn Bradley,Shawn,,DNP - Coach's Decision,,,,,,,,,,,,,,,,,,,,
0020200495,1610612742,DAL,Dallas,461,Popeye Jones,Popeye,,DNP - Coach's Decision,,,,,,,,,,,,,,,,,,,,
0020200495,1610612737,ATL,Atlanta,299,Glenn Robinson,Glenn,F,,34:55,6.0,21.0,0.286,1.0,5.0,0.2,3.0,4.0,0.75,1.0,5.0,6.0,4.0,1.0,0.0,2.0,1.0,16.0,-10.0
0020200495,1610612737,ATL,Atlanta,949,Shareef Abdur-Rahim,Shareef,G,,28:06,2.0,8.0,0.25,0.0,0.0,0.0,3.0,4.0,0.75,1.0,5.0,6.0,1.0,0.0,0.0,1.0,1.0,7.0,-18.0
0020200495,1610612737,ATL,Atlanta,689,Theo Ratliff,Theo,C,,8:59,1.0,3.0,0.333,0.0,0.0,0.0,0.0,0.0,0.0,0.0,1.0,1.0,0.0,0.0,1.0,0.0,3.0,2.0,-15.0
0020200495,1610612737,ATL,Atlanta,1891,Jason Terry,Jason,G,,39:25,11.0,21.0,0.524,5.0,10.0,0.5,0.0,1.0,0.0,1.0,2.0,3.0,4.0,2.0,0.0,3.0,1.0,27.0,-8.0
0020200495,1610612737,ATL,Atlanta,1956,Ira Newble,Ira,G,,20:27,4.0,6.0,0.667,0.0,1.0,0.0,1.0,1.0,1.0,2.0,1.0,3.0,1.0,0.0,0.0,0.0,0.0,9.0,-12.0
0020200495,1610612737,ATL,Atlanta,1901,Dion Glover,Dion,F,,16:23,2.0,8.0,0.25,0.0,1.0,0.0,0.0,0.0,0.0,3.0,3.0,6.0,2.0,0.0,0.0,1.0,0.0,4.0,-24.0
0020200495,1610612737,ATL,Atlanta,673,Alan Henderson,Alan,G,,25:44,4.0,5.0,0.8,0.0,0.0,0.0,3.0,4.0,0.75,3.0,4.0,7.0,1.0,0.0,1.0,0.0,3.0,11.0,-6.0
0020200495,1610612737,ATL,Atlanta,2424,Dan Dickau,Dan,G,,32:09,2.0,9.0,0.222,0.0,4.0,0.0,4.0,4.0,1.0,0.0,2.0,2.0,10.0,2.0,0.0,3.0,2.0,8.0,-5.0
0020200495,1610612737,ATL,Atlanta,1737,Nazr Mohammed,Nazr,G,,13:55,4.0,6.0,0.667,0.0,0.0,0.0,3.0,4.0,0.75,2.0,4.0,6.0,0.0,1.0,0.0,2.0,2.0,11.0,0.0
0020200495,1610612737,ATL,Atlanta,1032,Darvin Ham,Darvin,,,19:57,2.0,2.0,1.0,0.0,0.0,0.0,0.0,0.0,0.0,1.0,4.0,5.0,1.0,0.0,0.0,1.0,1.0,4.0,8.0
0020200495,1610612737,ATL,Atlanta,1260,,,, ,,,,,,,,,,,,,,,,,,,,
0020200495,1610612737,ATL,Atlanta,2094,,,, ,,,,,,,,,,,,,,,,,,,,
0020200495,1610612737,ATL,Atlanta,2150,,,, ,,,,,,,,,,,,,,,,,,,,
0020200495,1610612737,ATL,Atlanta,1337,,,, ,,,,,,,,,,,,,,,,,,,,
0020200495,1610612737,ATL,Atlanta,2376,,,, ,,,,,,,,,,,,,,,,,,,,
0020200495,1610612737,ATL,Atlanta,1544,Chris Crawford,Chris,,"DND - Inflammation, Left Knee",,,,,,,,,,,,,,,,,,,,
0020200497,1610612738,BOS,Boston,677,Eric Williams,Eric,G,,33:32,6.0,9.0,0.667,2.0,4.0,0.5,3.0,6.0,0.5,0.0,7.0,7.0,4.0,1.0,0.0,1.0,3.0,17.0,16.0
0020200497,1610612738,BOS,Boston,952,Antoine Walker,Antoine,F,,45:01,6.0,18.0,0.333,1.0,8.0,0.125,1.0,2.0,0.5,2.0,5.0,7.0,1.0,1.0,0.0,5.0,4.0,14.0,10.0
0020200497,1610612738,BOS,Boston,1499,Tony Battie,Tony,G,,31:13,3.0,6.0,0.5,0.0,0.0,0.0,2.0,2.0,1.0,2.0,5.0,7.0,2.0,1.0,1.0,1.0,4.0,8.0,3.0
0020200497,1610612738,BOS,Boston,960,Tony Delk,Tony,G,,37:03,7.0,12.0,0.583,2.0,4.0,0.5,0.0,0.0,0.0,1.0,2.0,3.0,1.0,1.0,0.0,1.0,2.0,16.0,6.0
0020200497,1610612738,BOS,Boston,1718,Paul Pierce,Paul,G,,39:27,5.0,14.0,0.357,2.0,5.0,0.4,16.0,18.0,0.889,0.0,5.0,5.0,6.0,3.0,0.0,4.0,4.0,28.0,9.0
0020200497,1610612738,BOS,Boston,2208,Kedrick Brown,Kedrick,C,,12:52,0.0,3.0,0.0,0.0,2.0,0.0,0.0,0.0,0.0,0.0,1.0,1.0,0.0,1.0,0.0,1.0,1.0,0.0,-8.0
0020200497,1610612738,BOS,Boston,1742,Shammond Williams,Shammond,,,19:58,3.0,5.0,0.6,2.0,4.0,0.5,0.0,0.0,0.0,1.0,2.0,3.0,3.0,1.0,0.0,1.0,3.0,8.0,5.0
0020200497,1610612738,BOS,Boston,452,Vin Baker,Vin,,,14:41,0.0,3.0,0.0,0.0,0.0,0.0,0.0,0.0,0.0,2.0,2.0,4.0,2.0,0.0,1.0,0.0,2.0,0.0,8.0
0020200497,1610612738,BOS,Boston,962,Walter McCarty,Walter,G,,4:34,0.0,1.0,0.0,0.0,1.0,0.0,2.0,2.0,1.0,0.0,1.0,1.0,0.0,0.0,0.0,0.0,2.0,2.0,2.0
0020200497,1610612738,BOS,Boston,1630,Mikki Moore,Mikki,,,1:38,0.0,0.0,0.0,0.0,0.0,0.0,0.0,0.0,0.0,0.0,0.0,0.0,0.0,0.0,0.0,0.0,1.0,0.0,-1.0
0020200497,1610612738,BOS,Boston,1639,,,, ,,,,,,,,,,,,,,,,,,,,
0020200497,1610612738,BOS,Boston,1641,,,, ,,,,,,,,,,,,,,,,,,,,
0020200497,1610612738,BOS,Boston,1213,,,, ,,,,,,,,,,,,,,,,,,,,
0020200497,1610612738,BOS,Boston,1321,,,, ,,,,,,,,,,,,,,,,,,,,
0020200497,1610612738,BOS,Boston,1875,,,, ,,,,,,,,,,,,,,,,,,,,
0020200497,1610612738,BOS,Boston,2345,,,, ,,,,,,,,,,,,,,,,,,,,
0020200497,1610612738,BOS,Boston,2509,,,, ,,,,,,,,,,,,,,,,,,,,
0020200497,1610612738,BOS,Boston,2452,J.R. Bremer,J.R.,,DNP - Coach's Decision,,,,,,,,,,,,,,,,,,,,
0020200497,1610612738,BOS,Boston,1743,Bruno Sundov,Bruno,,DNP - Coach's Decision,,,,,,,,,,,,,,,,,,,,
0020200497,1610612738,BOS,Boston,2106,Ruben Wolkowyski,Ruben,,DNP - Coach's Decision,,,,,,,,,,,,,,,,,,,,
0020200497,1610612740,NOH,New Orleans,469,Jamal Mashburn,Jamal,F,,42:52,9.0,23.0,0.391,1.0,5.0,0.2,2.0,2.0,1.0,0.0,3.0,3.0,1.0,2.0,0.0,2.0,5.0,21.0,-15.0
0020200497,1610612740,NOH,New Orleans,136,P.J. Brown,P.J.,F,,29:51,1.0,4.0,0.25,0.0,0.0,0.0,4.0,6.0,0.667,1.0,4.0,5.0,1.0,0.0,0.0,1.0,2.0,6.0,-21.0
0020200497,1610612740,NOH,New Orleans,2048,Jamaal Magloire,Jamaal,G,,19:41,1.0,5.0,0.2,0.0,0.0,0.0,2.0,4.0,0.5,3.0,4.0,7.0,3.0,0.0,2.0,2.0,5.0,4.0,1.0
0020200497,1610612740,NOH,New Orleans,133,David Wesley,David,G,,42:09,6.0,14.0,0.429,2.0,7.0,0.286,3.0,4.0,0.75,1.0,2.0,3.0,8.0,3.0,0.0,5.0,3.0,17.0,-11.0
0020200497,1610612740,NOH,New Orleans,2042,Courtney Alexander,Courtney,G,,39:11,8.0,17.0,0.471,2.0,4.0,0.5,2.0,3.0,0.667,1.0,3.0,4.0,4.0,0.0,0.0,1.0,2.0,20.0,4.0
0020200497,1610612740,NOH,New Orleans,2040,Jerome Moiso,Jerome,G,,14:54,0.0,2.0,0.0,0.0,0.0,0.0,0.0,0.0,0.0,1.0,5.0,6.0,1.0,0.0,0.0,2.0,3.0,0.0,9.0
0020200497,1610612740,NOH,New Orleans,922,Elden Campbell,Elden,G,,20:34,2.0,3.0,0.667,0.0,0.0,0.0,3.0,4.0,0.75,3.0,3.0,6.0,1.0,0.0,2.0,1.0,4.0,7.0,-1.0
0020200497,1610612740,NOH,New Orleans,1724,Bryce Drew,Bryce,F,,3:05,0.0,1.0,0.0,0.0,1.0,0.0,0.0,0.0,0.0,0.0,0.0,0.0,1.0,0.0,0.0,0.0,0.0,0.0,3.0
0020200497,1610612740,NOH,New Orleans,278,Stacey Augmon,Stacey,F,,14:23,1.0,3.0,0.333,0.0,1.0,0.0,2.0,2.0,1.0,0.0,2.0,2.0,1.0,0.0,0.0,0.0,0.0,4.0,-7.0
0020200497,1610612740,NOH,New Orleans,1714,Robert Traylor,Robert,,,7:17,1.0,4.0,0.25,0.0,0.0,0.0,2.0,2.0,1.0,2.0,2.0,4.0,0.0,0.0,0.0,0.0,0.0,4.0,-10.0
0020200497,1610612740,NOH,New Orleans,248,George Lynch,George,,,6:03,0.0,1.0,0.0,0.0,1.0,0.0,0.0,0.0,0.0,1.0,0.0,1.0,0.0,0.0,0.0,0.0,1.0,0.0,-2.0
0020200497,1610612740,NOH,New Orleans,2152,,,, ,,,,,,,,,,,,,,,,,,,,
0020200497,1610612740,NOH,New Orleans,1218,,,, ,,,,,,,,,,,,,,,,,,,,
0020200497,1610612740,NOH,New Orleans,1304,,,, ,,,,,,,,,,,,,,,,,,,,
0020200497,1610612740,NOH,New Orleans,1316,,,, ,,,,,,,,,,,,,,,,,,,,
0020200497,1610612740,NOH,New Orleans,2377,,,, ,,,,,,,,,,,,,,,,,,,,
0020200497,1610612740,NOH,New Orleans,1884,Baron Davis,Baron,,DND - back spasms,,,,,,,,,,,,,,,,,,,,
0020200497,1610612740,NOH,New Orleans,2213,Kirk Haston,Kirk,,DNP - Coach's Decision,,,,,,,,,,,,,,,,,,,,
0020200503,1610612759,SAS,San Antonio,1477,Bruce Bowen,Bruce,F,,24:44,3.0,4.0,0.75,1.0,2.0,0.5,0.0,2.0,0.0,0.0,3.0,3.0,1.0,0.0,0.0,0.0,3.0,7.0,-6.0
0020200503,1610612759,SAS,San Antonio,1495,Tim Duncan,Tim,G,,40:18,5.0,15.0,0.333,0.0,0.0,0.0,2.0,3.0,0.667,4.0,8.0,12.0,5.0,1.0,1.0,4.0,1.0,12.0,-3.0
0020200503,1610612759,SAS,San Antonio,764,David Robinson,David,C,,23:35,3.0,5.0,0.6,0.0,0.0,0.0,0.0,0.0,0.0,2.0,5.0,7.0,1.0,0.0,1.0,1.0,0.0,6.0,-3.0
0020200503,1610612759,SAS,San Antonio,1536,Stephen Jackson,Stephen,G,,31:01,7.0,13.0,0.538,3.0,8.0,0.375,1.0,1.0,1.0,1.0,2.0,3.0,2.0,1.0,0.0,0.0,3.0,18.0,-2.0
0020200503,1610612759,SAS,San Antonio,2225,Tony Parker,Tony,G,,34:50,8.0,18.0,0.444,1.0,4.0,0.25,0.0,0.0,0.0,0.0,0.0,0.0,4.0,1.0,0.0,3.0,2.0,17.0,-4.0
0020200503,1610612759,SAS,San Antonio,120,Steven Smith,Steven,G,,26:50,4.0,8.0,0.5,2.0,3.0,0.667,0.0,0.0,0.0,0.0,2.0,2.0,2.0,0.0,0.0,3.0,2.0,10.0,0.0
0020200503,1610612759,SAS,San Antonio,788,Kevin Willis,Kevin,F,,13:33,3.0,4.0,0.75,0.0,0.0,0.0,0.0,0.0,0.0,2.0,2.0,4.0,1.0,0.0,0.0,1.0,1.0,6.0,-8.0
0020200503,1610612759,SAS,San Antonio,1938,Manu Ginobili,Manu,G,,13:26,1.0,3.0,0.333,0.0,1.0,0.0,0.0,0.0,0.0,1.0,3.0,4.0,5.0,3.0,0.0,2.0,4.0,2.0,2.0
0020200503,1610612759,SAS,San Antonio,990,Malik Rose,Malik,F,,18:34,2.0,4.0,0.5,0.0,0.0,0.0,5.0,5.0,1.0,0.0,0.0,0.0,1.0,1.0,0.0,1.0,4.0,9.0,8.0
0020200503,1610612759,SAS,San Antonio,70,Steve Kerr,Steve,F,,13:10,0.0,2.0,0.0,0.0,0.0,0.0,0.0,0.0,0.0,0.0,0.0,0.0,1.0,0.0,0.0,0.0,1.0,0.0,1.0
0020200503,1610612759,SAS,San Antonio,1319,,,, ,,,,,,,,,,,,,,,,,,,,
0020200503,1610612759,SAS,San Antonio,1658,,,, ,,,,,,,,,,,,,,,,,,,,
0020200503,1610612759,SAS,San Antonio,1371,,,, ,,,,,,,,,,,,,,,,,,,,
0020200503,1610612759,SAS,San Antonio,1264,,,, ,,,,,,,,,,,,,,,,,,,,
0020200503,1610612759,SAS,San Antonio,873,,,, ,,,,,,,,,,,,,,,,,,,,
0020200503,1610612759,SAS,San Antonio,2381,,,, ,,,,,,,,,,,,,,,,,,,,
0020200503,1610612759,SAS,San Antonio,2370,Mengke Bateer,Mengke,,DNP - Coach's Decision,,,,,,,,,,,,,,,,,,,,
0020200503,1610612759,SAS,San Antonio,198,Danny Ferry,Danny,,DNP - Coach's Decision,,,,,,,,,,,,,,,,,,,,
0020200503,1610612757,POR,Portland,1719,Bonzi Wells,Bonzi,G,,41:26,4.0,14.0,0.286,0.0,2.0,0.0,1.0,2.0,0.5,0.0,5.0,5.0,1.0,3.0,0.0,1.0,3.0,9.0,1.0
0020200503,1610612757,POR,Portland,739,Rasheed Wallace,Rasheed,F,,27:10,4.0,11.0,0.364,0.0,3.0,0.0,4.0,4.0,1.0,2.0,5.0,7.0,2.0,1.0,0.0,3.0,4.0,12.0,-1.0
0020200503,1610612757,POR,Portland,905,Dale Davis,Dale,C,,32:39,3.0,5.0,0.6,0.0,0.0,0.0,0.0,0.0,0.0,3.0,4.0,7.0,3.0,0.0,1.0,0.0,3.0,6.0,11.0
0020200503,1610612757,POR,Portland,1507,Derek Anderson,Derek,G,,36:11,6.0,11.0,0.545,0.0,0.0,0.0,7.0,8.0,0.875,2.0,2.0,4.0,2.0,0.0,0.0,2.0,2.0,19.0,-5.0
0020200503,1610612757,POR,Portland,937,Scottie Pippen,Scottie,G,,37:50,7.0,15.0,0.467,2.0,5.0,0.4,3.0,7.0,0.429,0.0,4.0,4.0,3.0,2.0,0.0,1.0,1.0,19.0,8.0
0020200503,1610612757,POR,Portland,717,Arvydas Sabonis,Arvydas,F,,20:57,4.0,7.0,0.571,1.0,1.0,1.0,2.0,4.0,0.5,2.0,3.0,5.0,2.0,2.0,1.0,2.0,2.0,11.0,4.0
0020200503,1610612757,POR,Portland,1498,Antonio Daniels,Antonio,F,,13:14,1.0,1.0,1.0,0.0,0.0,0.0,2.0,2.0,1.0,0.0,0.0,0.0,4.0,0.0,1.0,1.0,0.0,4.0,-1.0
0020200503,1610612757,POR,Portland,2216,Zach Randolph,Zach,G,,13:11,1.0,6.0,0.167,0.0,0.0,0.0,0.0,0.0,0.0,3.0,1.0,4.0,0.0,0.0,1.0,1.0,2.0,2.0,-5.0
0020200503,1610612757,POR,Portland,1739,Ruben Patterson,Ruben,,,8:37,1.0,1.0,1.0,0.0,0.0,0.0,0.0,0.0,0.0,0.0,0.0,0.0,1.0,1.0,0.0,0.0,0.0,2.0,-1.0
0020200503,1610612757,POR,Portland,757,Damon Stoudamire,Damon,F,,8:45,2.0,3.0,0.667,1.0,1.0,1.0,1.0,1.0,1.0,2.0,0.0,2.0,1.0,1.0,0.0,1.0,0.0,6.0,4.0
0020200503,1610612757,POR,Portland,1312,,,, ,,,,,,,,,,,,,,,,,,,,
0020200503,1610612757,POR,Portland,1329,,,, ,,,,,,,,,,,,,,,,,,,,
0020200503,1610612757,POR,Portland,1357,,,, ,,,,,,,,,,,,,,,,,,,,
0020200503,1610612757,POR,Portland,2342,,,, ,,,,,,,,,,,,,,,,,,,,
0020200503,1610612757,POR,Portland,2374,,,, ,,,,,,,,,,,,,,,,,,,,
0020200503,1610612757,POR,Portland,976,Jeff McInnis,Jeff,,DNP - Coach's Decision,,,,,,,,,,,,,,,,,,,,
0020200503,1610612757,POR,Portland,2417,Qyntel Woods,Qyntel,,DNP - Coach's Decision,,,,,,,,,,,,,,,,,,,,
0020200502,1610612758,SAC,Sacramento,978,Peja Stojakovic,Peja,G,,31:20,9.0,16.0,0.563,4.0,6.0,0.667,2.0,2.0,1.0,1.0,5.0,6.0,2.0,0.0,0.0,1.0,4.0,24.0,31.0
0020200502,1610612758,SAC,Sacramento,185,Chris Webber,Chris,G,,32:02,9.0,13.0,0.692,0.0,0.0,0.0,1.0,2.0,0.5,2.0,9.0,11.0,5.0,1.0,1.0,2.0,2.0,19.0,25.0
0020200502,1610612758,SAC,Sacramento,124,Vlade Divac,Vlade,G,,27:01,2.0,8.0,0.25,0.0,0.0,0.0,0.0,0.0,0.0,1.0,2.0,3.0,5.0,1.0,2.0,1.0,1.0,4.0,24.0
0020200502,1610612758,SAC,Sacramento,57,Doug Christie,Doug,G,,31:36,4.0,7.0,0.571,2.0,3.0,0.667,0.0,0.0,0.0,0.0,2.0,2.0,9.0,0.0,0.0,3.0,1.0,10.0,32.0
0020200502,1610612758,SAC,Sacramento,1710,Mike Bibby,Mike,G,,33:56,8.0,15.0,0.533,0.0,3.0,0.0,7.0,7.0,1.0,2.0,2.0,4.0,5.0,4.0,0.0,1.0,2.0,23.0,34.0
0020200502,1610612758,SAC,Sacramento,1721,Keon Clark,Keon,F,,18:21,4.0,7.0,0.571,0.0,0.0,0.0,1.0,2.0,0.5,3.0,6.0,9.0,1.0,0.0,0.0,0.0,2.0,9.0,28.0
0020200502,1610612758,SAC,Sacramento,754,Jim Jackson,Jim,G,,20:31,4.0,9.0,0.444,1.0,1.0,1.0,3.0,3.0,1.0,1.0,7.0,8.0,1.0,1.0,0.0,1.0,1.0,12.0,19.0
0020200502,1610612758,SAC,Sacramento,1800,Damon Jones,Damon,,,10:35,1.0,3.0,0.333,1.0,2.0,0.5,0.0,0.0,0.0,0.0,0.0,0.0,1.0,1.0,0.0,0.0,1.0,3.0,-2.0
0020200502,1610612758,SAC,Sacramento,1444,Lawrence Funderburke,Lawrence,,,10:35,0.0,1.0,0.0,0.0,0.0,0.0,3.0,4.0,0.75,1.0,1.0,2.0,0.0,0.0,0.0,0.0,0.0,3.0,-2.0
0020200502,1610612758,SAC,Sacramento,2045,Hedo Turkoglu,Hedo,,,8:01,3.0,4.0,0.75,0.0,1.0,0.0,1.0,2.0,0.5,0.0,4.0,4.0,2.0,0.0,0.0,0.0,2.0,7.0,-3.0
0020200502,1610612758,SAC,Sacramento,2043,Mateen Cleaves,Mateen,,,8:01,1.0,4.0,0.25,0.0,0.0,0.0,0.0,0.0,0.0,0.0,0.0,0.0,2.0,0.0,0.0,2.0,1.0,2.0,-3.0
0020200502,1610612758,SAC,Sacramento,2222,Gerald Wallace,Gerald,,,8:01,1.0,2.0,0.5,0.0,0.0,0.0,0.0,0.0,0.0,0.0,0.0,0.0,0.0,1.0,0.0,1.0,1.0,2.0,-3.0
0020200502,1610612758,SAC,Sacramento,2522,,,, ,,,,,,,,,,,,,,,,,,,,
0020200502,1610612758,SAC,Sacramento,1328,,,, ,,,,,,,,,,,,,,,,,,,,
0020200502,1610612758,SAC,Sacramento,1322,,,, ,,,,,,,,,,,,,,,,,,,,
0020200502,1610612758,SAC,Sacramento,1248,,,, ,,,,,,,,,,,,,,,,,,,,
0020200502,1610612758,SAC,Sacramento,1249,,,, ,,,,,,,,,,,,,,,,,,,,
0020200502,1610612751,NJN,New Jersey,2210,Richard Jefferson,Richard,G,,27:53,2.0,5.0,0.4,0.0,0.0,0.0,5.0,6.0,0.833,0.0,2.0,2.0,1.0,1.0,0.0,2.0,2.0,9.0,-20.0
0020200502,1610612751,NJN,New Jersey,2030,Kenyon Martin,Kenyon,F,,28:47,4.0,12.0,0.333,0.0,1.0,0.0,0.0,2.0,0.0,6.0,7.0,13.0,4.0,2.0,0.0,2.0,3.0,8.0,-27.0
0020200502,1610612751,NJN,New Jersey,2215,Jason Collins,Jason,G,,29:40,5.0,10.0,0.5,0.0,0.0,0.0,1.0,1.0,1.0,3.0,2.0,5.0,1.0,1.0,0.0,0.0,2.0,11.0,-31.0
0020200502,1610612751,NJN,New Jersey,446,Lucious Harris,Lucious,G,,26:20,5.0,11.0,0.455,1.0,3.0,0.333,0.0,0.0,0.0,0.0,1.0,1.0,2.0,1.0,0.0,2.0,0.0,11.0,-22.0
0020200502,1610612751,NJN,New Jersey,467,Jason Kidd,Jason,G,,30:37,5.0,17.0,0.294,0.0,4.0,0.0,0.0,0.0,0.0,0.0,2.0,2.0,5.0,1.0,0.0,1.0,1.0,10.0,-25.0
0020200502,1610612751,NJN,New Jersey,1533,Anthony Johnson,Anthony,G,,17:23,4.0,5.0,0.8,1.0,2.0,0.5,2.0,2.0,1.0,0.0,1.0,1.0,1.0,0.0,0.0,2.0,3.0,11.0,-11.0
0020200502,1610612751,NJN,New Jersey,915,Rodney Rogers,Rodney,G,,17:52,0.0,5.0,0.0,0.0,3.0,0.0,1.0,2.0,0.5,0.0,4.0,4.0,1.0,0.0,0.0,2.0,2.0,1.0,-28.0
0020200502,1610612751,NJN,New Jersey,954,Kerry Kittles,Kerry,G,,15:31,3.0,6.0,0.5,0.0,0.0,0.0,0.0,0.0,0.0,0.0,3.0,3.0,0.0,0.0,0.0,0.0,1.0,6.0,-22.0
0020200502,1610612751,NJN,New Jersey,1425,Aaron Williams,Aaron,G,,18:20,1.0,5.0,0.2,0.0,0.0,0.0,1.0,2.0,0.5,1.0,2.0,3.0,1.0,1.0,0.0,3.0,1.0,3.0,-5.0
0020200502,1610612751,NJN,New Jersey,2447,Tamar Slay,Tamar,F,,12:00,2.0,5.0,0.4,0.0,0.0,0.0,2.0,2.0,1.0,1.0,3.0,4.0,1.0,0.0,0.0,1.0,0.0,6.0,2.0
0020200502,1610612751,NJN,New Jersey,2243,Brian Scalabrine,Brian,,,8:01,2.0,4.0,0.5,0.0,0.0,0.0,0.0,0.0,0.0,1.0,1.0,2.0,2.0,1.0,0.0,0.0,2.0,4.0,3.0
0020200502,1610612751,NJN,New Jersey,164,Chris Childs,Chris,,,7:36,1.0,3.0,0.333,0.0,1.0,0.0,0.0,0.0,0.0,0.0,1.0,1.0,2.0,1.0,0.0,0.0,2.0,2.0,6.0
0020200502,1610612751,NJN,New Jersey,1303,,,, ,,,,,,,,,,,,,,,,,,,,
0020200502,1610612751,NJN,New Jersey,1324,,,, ,,,,,,,,,,,,,,,,,,,,
0020200502,1610612751,NJN,New Jersey,2380,,,, ,,,,,,,,,,,,,,,,,,,,
0020200502,1610612751,NJN,New Jersey,1776,,,, ,,,,,,,,,,,,,,,,,,,,
0020200502,1610612751,NJN,New Jersey,1876,,,, ,,,,,,,,,,,,,,,,,,,,
0020200502,1610612751,NJN,New Jersey,2009,,,, ,,,,,,,,,,,,,,,,,,,,
0020200508,1610612745,HOU,Houston,779,Glen Rice,Glen,F,,36:17,5.0,15.0,0.333,1.0,5.0,0.2,1.0,2.0,0.5,0.0,4.0,4.0,1.0,0.0,1.0,0.0,2.0,12.0,-4.0
0020200508,1610612745,HOU,Houston,2204,Eddie Griffin,Eddie,G,,34:37,7.0,11.0,0.636,2.0,3.0,0.667,4.0,6.0,0.667,6.0,10.0,16.0,1.0,1.0,1.0,0.0,3.0,20.0,8.0
0020200508,1610612745,HOU,Houston,2397,Ming Yao,Ming,C,,27:45,4.0,13.0,0.308,0.0,0.0,0.0,1.0,4.0,0.25,1.0,5.0,6.0,0.0,1.0,1.0,1.0,3.0,9.0,4.0
0020200508,1610612745,HOU,Houston,1883,Steve Francis,Steve,G,,43:57,6.0,19.0,0.316,1.0,3.0,0.333,5.0,11.0,0.455,3.0,5.0,8.0,5.0,1.0,0.0,5.0,3.0,18.0,-8.0
0020200508,1610612745,HOU,Houston,1749,Cuttino Mobley,Cuttino,G,,40:03,5.0,13.0,0.385,2.0,8.0,0.25,1.0,2.0,0.5,2.0,2.0,4.0,1.0,2.0,0.0,2.0,4.0,13.0,-7.0
0020200508,1610612745,HOU,Houston,1508,Maurice Taylor,Maurice,F,,13:23,0.0,1.0,0.0,0.0,0.0,0.0,0.0,0.0,0.0,0.0,1.0,1.0,0.0,1.0,0.0,0.0,4.0,0.0,-17.0
0020200508,1610612745,HOU,Houston,1509,Kelvin Cato,Kelvin,G,,20:15,0.0,2.0,0.0,0.0,0.0,0.0,0.0,0.0,0.0,3.0,4.0,7.0,0.0,0.0,0.0,2.0,3.0,0.0,-13.0
0020200508,1610612745,HOU,Houston,1899,James Posey,James,F,,11:43,0.0,4.0,0.0,0.0,2.0,0.0,0.0,0.0,0.0,0.0,0.0,0.0,1.0,0.0,0.0,2.0,2.0,0.0,-5.0
0020200508,1610612745,HOU,Houston,983,Moochie Norris,Moochie,C,,12:00,1.0,3.0,0.333,0.0,0.0,0.0,1.0,2.0,0.5,1.0,0.0,1.0,3.0,0.0,0.0,0.0,0.0,3.0,-3.0
0020200508,1610612745,HOU,Houston,1255,,,, ,,,,,,,,,,,,,,,,,,,,
0020200508,1610612745,HOU,Houston,1256,,,, ,,,,,,,,,,,,,,,,,,,,
0020200508,1610612745,HOU,Houston,1257,,,, ,,,,,,,,,,,,,,,,,,,,
0020200508,1610612745,HOU,Houston,1258,,,, ,,,,,,,,,,,,,,,,,,,,
0020200508,1610612745,HOU,Houston,1997,,,, ,,,,,,,,,,,,,,,,,,,,
0020200508,1610612745,HOU,Houston,2384,,,, ,,,,,,,,,,,,,,,,,,,,
0020200508,1610612745,HOU,Houston,2385,,,, ,,,,,,,,,,,,,,,,,,,,
0020200508,1610612745,HOU,Houston,825,,,, ,,,,,,,,,,,,,,,,,,,,
0020200508,1610612745,HOU,Houston,1038,Juaquin Hawkins,Juaquin,,DNP - Coach's Decision,,,,,,,,,,,,,,,,,,,,
0020200508,1610612745,HOU,Houston,2242,Terence Morris,Terence,,DNP - Coach's Decision,,,,,,,,,,,,,,,,,,,,
0020200508,1610612745,HOU,Houston,2411,Bostjan Nachbar,Bostjan,,DNP - Coach's Decision,,,,,,,,,,,,,,,,,,,,
0020200508,1610612737,ATL,Atlanta,1956,Ira Newble,Ira,F,,15:36,0.0,2.0,0.0,0.0,1.0,0.0,0.0,0.0,0.0,0.0,2.0,2.0,0.0,1.0,0.0,2.0,4.0,0.0,3.0
0020200508,1610612737,ATL,Atlanta,949,Shareef Abdur-Rahim,Shareef,F,,36:45,5.0,14.0,0.357,0.0,0.0,0.0,13.0,14.0,0.929,0.0,5.0,5.0,1.0,0.0,0.0,1.0,3.0,23.0,0.0
0020200508,1610612737,ATL,Atlanta,689,Theo Ratliff,Theo,C,,33:16,3.0,8.0,0.375,0.0,0.0,0.0,0.0,0.0,0.0,7.0,9.0,16.0,1.0,1.0,4.0,1.0,2.0,6.0,-3.0
0020200508,1610612737,ATL,Atlanta,2366,Mike Wilks,Mike,G,,26:05,1.0,10.0,0.1,0.0,1.0,0.0,1.0,4.0,0.25,0.0,1.0,1.0,1.0,1.0,0.0,1.0,5.0,3.0,-7.0
0020200508,1610612737,ATL,Atlanta,1891,Jason Terry,Jason,G,,46:40,13.0,24.0,0.542,0.0,2.0,0.0,7.0,9.0,0.778,1.0,6.0,7.0,6.0,0.0,1.0,1.0,2.0,33.0,12.0
0020200508,1610612737,ATL,Atlanta,1901,Dion Glover,Dion,F,,21:38,2.0,5.0,0.4,2.0,4.0,0.5,0.0,0.0,0.0,0.0,3.0,3.0,2.0,1.0,1.0,1.0,4.0,6.0,17.0
0020200508,1610612737,ATL,Atlanta,1032,Darvin Ham,Darvin,C,,16:10,1.0,4.0,0.25,0.0,0.0,0.0,3.0,3.0,1.0,1.0,2.0,3.0,0.0,0.0,0.0,2.0,4.0,5.0,6.0
0020200508,1610612737,ATL,Atlanta,1737,Nazr Mohammed,Nazr,F,,14:44,2.0,3.0,0.667,0.0,0.0,0.0,2.0,2.0,1.0,0.0,1.0,1.0,0.0,1.0,0.0,1.0,1.0,6.0,12.0
0020200508,1610612737,ATL,Atlanta,673,Alan Henderson,Alan,G,,27:46,1.0,2.0,0.5,0.0,0.0,0.0,0.0,0.0,0.0,2.0,5.0,7.0,0.0,1.0,0.0,2.0,2.0,2.0,8.0
0020200508,1610612737,ATL,Atlanta,2424,Dan Dickau,Dan,,,1:20,0.0,1.0,0.0,0.0,1.0,0.0,0.0,0.0,0.0,0.0,0.0,0.0,1.0,0.0,0.0,0.0,0.0,0.0,-3.0
0020200508,1610612737,ATL,Atlanta,2539,,,, ,,,,,,,,,,,,,,,,,,,,
0020200508,1610612737,ATL,Atlanta,2540,,,, ,,,,,,,,,,,,,,,,,,,,
0020200508,1610612737,ATL,Atlanta,2376,,,, ,,,,,,,,,,,,,,,,,,,,
0020200508,1610612737,ATL,Atlanta,2150,,,, ,,,,,,,,,,,,,,,,,,,,
0020200508,1610612737,ATL,Atlanta,1337,,,, ,,,,,,,,,,,,,,,,,,,,
0020200508,1610612737,ATL,Atlanta,299,Glenn Robinson,Glenn,,DND - Right Elbow Irritation,,,,,,,,,,,,,,,,,,,,
0020200508,1610612737,ATL,Atlanta,2321,Paul Shirley,Paul,,DNP - Coach's Decision,,,,,,,,,,,,,,,,,,,,
0020200511,1610612765,DET,Detroit,1888,Richard Hamilton,Richard,G,,32:13,6.0,14.0,0.429,1.0,1.0,1.0,9.0,9.0,1.0,1.0,3.0,4.0,3.0,0.0,0.0,3.0,5.0,22.0,11.0
0020200511,1610612765,DET,Detroit,361,Clifford Robinson,Clifford,G,,47:37,6.0,15.0,0.4,1.0,4.0,0.25,8.0,10.0,0.8,0.0,5.0,5.0,6.0,1.0,0.0,0.0,4.0,21.0,4.0
0020200511,1610612765,DET,Detroit,2246,Mehmet Okur,Mehmet,C,,39:58,4.0,8.0,0.5,0.0,2.0,0.0,3.0,3.0,1.0,1.0,7.0,8.0,1.0,1.0,3.0,1.0,3.0,11.0,-9.0
0020200511,1610612765,DET,Detroit,1497,Chauncey Billups,Chauncey,G,,42:36,10.0,18.0,0.556,6.0,10.0,0.6,6.0,6.0,1.0,0.0,3.0,3.0,4.0,2.0,0.0,3.0,5.0,32.0,8.0
0020200511,1610612765,DET,Detroit,688,Michael Curry,Michael,G,,19:29,0.0,2.0,0.0,0.0,1.0,0.0,0.0,0.0,0.0,0.0,0.0,0.0,1.0,0.0,0.0,0.0,2.0,0.0,-10.0
0020200511,1610612765,DET,Detroit,468,Jon Barry,Jon,G,,17:13,0.0,4.0,0.0,0.0,1.0,0.0,0.0,0.0,0.0,0.0,1.0,1.0,2.0,0.0,1.0,1.0,2.0,0.0,-7.0
0020200511,1610612765,DET,Detroit,722,Corliss Williamson,Corliss,F,,33:57,4.0,8.0,0.5,0.0,0.0,0.0,3.0,3.0,1.0,1.0,4.0,5.0,2.0,3.0,1.0,2.0,2.0,11.0,7.0
0020200511,1610612765,DET,Detroit,1088,Chucky Atkins,Chucky,G,,29:08,1.0,6.0,0.167,0.0,4.0,0.0,2.0,2.0,1.0,0.0,0.0,0.0,2.0,0.0,0.0,1.0,1.0,4.0,10.0
0020200511,1610612765,DET,Detroit,2419,Tayshaun Prince,Tayshaun,,,2:50,0.0,1.0,0.0,0.0,0.0,0.0,0.0,0.0,0.0,0.0,0.0,0.0,0.0,0.0,0.0,0.0,0.0,0.0,-4.0
0020200511,1610612765,DET,Detroit,1320,,,, ,,,,,,,,,,,,,,,,,,,,
0020200511,1610612765,DET,Detroit,1655,,,, ,,,,,,,,,,,,,,,,,,,,
0020200511,1610612765,DET,Detroit,1311,,,, ,,,,,,,,,,,,,,,,,,,,
0020200511,1610612765,DET,Detroit,1247,,,, ,,,,,,,,,,,,,,,,,,,,
0020200511,1610612765,DET,Detroit,2167,,,, ,,,,,,,,,,,,,,,,,,,,
0020200511,1610612765,DET,Detroit,93,Hubert Davis,Hubert,,DNP - Coach's Decision,,,,,,,,,,,,,,,,,,,,
0020200511,1610612765,DET,Detroit,2143,Pepe Sanchez,Pepe,,DNP - Coach's Decision,,,,,,,,,,,,,,,,,,,,
0020200511,1610612765,DET,Detroit,1112,Ben Wallace,Ben,,DND - sprained r. ankle,,,,,,,,,,,,,,,,,,,,
0020200511,1610612740,NOH,New Orleans,469,Jamal Mashburn,Jamal,G,,51:05,9.0,26.0,0.346,2.0,7.0,0.286,6.0,6.0,1.0,1.0,14.0,15.0,9.0,0.0,0.0,2.0,3.0,26.0,-6.0
0020200511,1610612740,NOH,New Orleans,136,P.J. Brown,P.J.,G,,35:37,3.0,7.0,0.429,0.0,0.0,0.0,0.0,0.0,0.0,1.0,2.0,3.0,3.0,1.0,2.0,1.0,4.0,6.0,-6.0
0020200511,1610612740,NOH,New Orleans,2048,Jamaal Magloire,Jamaal,F,,26:52,3.0,6.0,0.5,0.0,0.0,0.0,2.0,2.0,1.0,2.0,6.0,8.0,3.0,0.0,0.0,1.0,5.0,8.0,-5.0
0020200511,1610612740,NOH,New Orleans,133,David Wesley,David,G,,47:34,10.0,16.0,0.625,4.0,6.0,0.667,1.0,2.0,0.5,2.0,2.0,4.0,5.0,2.0,1.0,0.0,2.0,25.0,-7.0
0020200511,1610612740,NOH,New Orleans,2042,Courtney Alexander,Courtney,G,,21:55,5.0,10.0,0.5,0.0,1.0,0.0,0.0,0.0,0.0,2.0,0.0,2.0,1.0,0.0,0.0,0.0,3.0,10.0,-5.0
0020200511,1610612740,NOH,New Orleans,123,Robert Pack,Robert,G,,8:44,1.0,2.0,0.5,0.0,0.0,0.0,0.0,0.0,0.0,0.0,2.0,2.0,3.0,0.0,0.0,1.0,1.0,2.0,3.0
0020200511,1610612740,NOH,New Orleans,922,Elden Campbell,Elden,F,,19:32,1.0,6.0,0.167,0.0,0.0,0.0,0.0,0.0,0.0,0.0,4.0,4.0,1.0,0.0,0.0,4.0,3.0,2.0,8.0
0020200511,1610612740,NOH,New Orleans,278,Stacey Augmon,Stacey,F,,30:02,4.0,6.0,0.667,0.0,0.0,0.0,4.0,6.0,0.667,3.0,1.0,4.0,5.0,0.0,0.0,2.0,3.0,12.0,7.0
0020200511,1610612740,NOH,New Orleans,2040,Jerome Moiso,Jerome,G,,22:21,3.0,5.0,0.6,0.0,0.0,0.0,2.0,4.0,0.5,2.0,7.0,9.0,3.0,1.0,2.0,2.0,6.0,8.0,4.0
0020200511,1610612740,NOH,New Orleans,1714,Robert Traylor,Robert,,,1:18,0.0,1.0,0.0,0.0,0.0,0.0,0.0,0.0,0.0,0.0,0.0,0.0,0.0,0.0,0.0,0.0,0.0,0.0,-3.0
0020200511,1610612740,NOH,New Orleans,2152,,,, ,,,,,,,,,,,,,,,,,,,,
0020200511,1610612740,NOH,New Orleans,2377,,,, ,,,,,,,,,,,,,,,,,,,,
0020200511,1610612740,NOH,New Orleans,1218,,,, ,,,,,,,,,,,,,,,,,,,,
0020200511,1610612740,NOH,New Orleans,1304,,,, ,,,,,,,,,,,,,,,,,,,,
0020200511,1610612740,NOH,New Orleans,1316,,,, ,,,,,,,,,,,,,,,,,,,,
0020200511,1610612740,NOH,New Orleans,1884,Baron Davis,Baron,,DND - back spasms,,,,,,,,,,,,,,,,,,,,
0020200511,1610612740,NOH,New Orleans,248,George Lynch,George,,DNP - Coach's Decision,,,,,,,,,,,,,,,,,,,,
