GAME_ID,TEAM_ID,TEAM_ABBREVIATION,TEAM_CITY,PLAYER_ID,PLAYER_NAME,NICKNAME,START_POSITION,COMMENT,MIN,FGM,FGA,FG_PCT,FG3M,FG3A,FG3_PCT,FTM,FTA,FT_PCT,OREB,DREB,REB,AST,STL,BLK,TO,PF,PTS,PLUS_MINUS
0020100165,1610612764,WAS,Washington,893,Michael Jordan,Michael,F,,39:39,8.0,26.0,0.308,0.0,1.0,0.0,5.0,5.0,1.0,0.0,5.0,5.0,6.0,2.0,1.0,3.0,1.0,21.0,-12.0
0020100165,1610612764,WAS,Washington,363,Christian Laettner,Christian,F,,44:55,8.0,13.0,0.615,0.0,0.0,0.0,3.0,3.0,1.0,7.0,8.0,15.0,7.0,1.0,0.0,0.0,2.0,19.0,-4.0
0020100165,1610612764,WAS,Washington,1751,Jahidi White,Jahidi,C,,16:40,1.0,2.0,0.5,0.0,0.0,0.0,1.0,3.0,0.333,3.0,3.0,6.0,0.0,0.0,1.0,0.0,1.0,3.0,-12.0
0020100165,1610612764,WAS,Washington,1888,Richard Hamilton,Richard,G,,43:19,9.0,19.0,0.474,1.0,1.0,1.0,0.0,0.0,0.0,2.0,3.0,5.0,6.0,2.0,0.0,1.0,5.0,19.0,-6.0
0020100165,1610612764,WAS,Washington,43,Chris Whitney,Chris,G,,15:47,2.0,9.0,0.222,0.0,2.0,0.0,0.0,0.0,0.0,0.0,0.0,0.0,3.0,0.0,0.0,0.0,1.0,4.0,-11.0
0020100165,1610612764,WAS,Washington,461,Popeye Jones,Popeye,C,,21:10,4.0,7.0,0.571,0.0,0.0,0.0,0.0,0.0,0.0,3.0,7.0,10.0,0.0,0.0,0.0,0.0,4.0,8.0,-2.0
0020100165,1610612764,WAS,Washington,93,Hubert Davis,Hubert,F,,33:02,7.0,13.0,0.538,6.0,10.0,0.6,1.0,2.0,0.5,0.0,2.0,2.0,4.0,0.0,0.0,3.0,3.0,21.0,5.0
0020100165,1610612764,WAS,Washington,2198,Kwame Brown,Kwame,G,,22:06,2.0,7.0,0.286,0.0,0.0,0.0,0.0,0.0,0.0,1.0,2.0,3.0,1.0,1.0,0.0,2.0,3.0,4.0,5.0
0020100165,1610612764,WAS,Washington,2041,Etan Thomas,Etan,,,3:22,2.0,4.0,0.5,0.0,0.0,0.0,0.0,1.0,0.0,1.0,0.0,1.0,0.0,0.0,1.0,0.0,0.0,4.0,2.0
0020100165,1610612764,WAS,Washington,2382,,,, ,,,,,,,,,,,,,,,,,,,,
0020100165,1610612764,WAS,Washington,2383,,,, ,,,,,,,,,,,,,,,,,,,,
0020100165,1610612764,WAS,Washington,2171,,,, ,,,,,,,,,,,,,,,,,,,,
0020100165,1610612764,WAS,Washington,1340,,,, ,,,,,,,,,,,,,,,,,,,,
0020100165,1610612764,WAS,Washington,1271,,,, ,,,,,,,,,,,,,,,,,,,,
0020100165,1610612764,WAS,Washington,1244,,,, ,,,,,,,,,,,,,,,,,,,,
0020100165,1610612764,WAS,Washington,1245,,,, ,,,,,,,,,,,,,,,,,,,,
0020100165,1610612764,WAS,Washington,1251,,,, ,,,,,,,,,,,,,,,,,,,,
0020100165,1610612764,WAS,Washington,2042,Courtney Alexander,Courtney,,DNP - Coach's Decision,,,,,,,,,,,,,,,,,,,,
0020100165,1610612764,WAS,Washington,1838,Tyrone Nesby,Tyrone,,DNP - Coach's Decision,,,,,,,,,,,,,,,,,,,,
0020100165,1610612764,WAS,Washington,2250,Bobby Simmons,Bobby,,DNP - Coach's Decision,,,,,,,,,,,,,,,,,,,,
0020100165,1610612754,IND,Indiana,147,Jalen Rose,Jalen,F,,33:24,7.0,15.0,0.467,0.0,0.0,0.0,1.0,2.0,0.5,0.0,2.0,2.0,3.0,0.0,1.0,2.0,4.0,15.0,4.0
0020100165,1610612754,IND,Indiana,979,Jermaine O'Neal,Jermaine,G,,42:40,12.0,19.0,0.632,0.0,0.0,0.0,3.0,5.0,0.6,2.0,6.0,8.0,0.0,0.0,1.0,0.0,3.0,27.0,7.0
0020100165,1610612754,IND,Indiana,1902,Jeff Foster,Jeff,G,,28:31,6.0,14.0,0.429,0.0,1.0,0.0,0.0,0.0,0.0,4.0,7.0,11.0,0.0,2.0,1.0,1.0,1.0,12.0,18.0
0020100165,1610612754,IND,Indiana,397,Reggie Miller,Reggie,G,,37:53,6.0,9.0,0.667,1.0,2.0,0.5,2.0,2.0,1.0,0.0,4.0,4.0,5.0,1.0,0.0,0.0,1.0,15.0,11.0
0020100165,1610612754,IND,Indiana,2224,Jamaal Tinsley,Jamaal,G,,45:02,6.0,15.0,0.4,0.0,1.0,0.0,7.0,8.0,0.875,2.0,9.0,11.0,23.0,1.0,1.0,5.0,2.0,19.0,5.0
0020100165,1610612754,IND,Indiana,1506,Austin Croshere,Austin,C,,18:32,5.0,6.0,0.833,1.0,2.0,0.5,1.0,2.0,0.5,1.0,1.0,2.0,0.0,2.0,1.0,0.0,3.0,12.0,-9.0
0020100165,1610612754,IND,Indiana,1733,Al Harrington,Al,G,,32:24,3.0,10.0,0.3,0.0,0.0,0.0,1.0,2.0,0.5,2.0,6.0,8.0,5.0,1.0,0.0,2.0,4.0,7.0,0.0
0020100165,1610612754,IND,Indiana,1886,Jonathan Bender,Jonathan,,,1:34,1.0,1.0,1.0,0.0,0.0,0.0,1.0,1.0,1.0,0.0,0.0,0.0,0.0,0.0,0.0,0.0,0.0,3.0,-1.0
0020100165,1610612754,IND,Indiana,1857,,,, ,,,,,,,,,,,,,,,,,,,,
0020100165,1610612754,IND,Indiana,2099,,,, ,,,,,,,,,,,,,,,,,,,,
0020100165,1610612754,IND,Indiana,2100,,,, ,,,,,,,,,,,,,,,,,,,,
0020100165,1610612754,IND,Indiana,2165,,,, ,,,,,,,,,,,,,,,,,,,,
0020100165,1610612754,IND,Indiana,1263,,,, ,,,,,,,,,,,,,,,,,,,,
0020100165,1610612754,IND,Indiana,1299,,,, ,,,,,,,,,,,,,,,,,,,,
0020100165,1610612754,IND,Indiana,1306,,,, ,,,,,,,,,,,,,,,,,,,,
0020100165,1610612754,IND,Indiana,2249,Jamison Brewer,Jamison,,DNP - Coach's Decision,,,,,,,,,,,,,,,,,,,,
0020100165,1610612754,IND,Indiana,2056,Primoz Brezec,Primoz,,DND - Sprained Rt. Ankle,,,,,,,,,,,,,,,,,,,,
0020100165,1610612754,IND,Indiana,435,Carlos Rogers,Carlos,,DNP - Coach's Decision,,,,,,,,,,,,,,,,,,,,
0020100165,1610612754,IND,Indiana,1743,Bruno Sundov,Bruno,,DNP - Coach's Decision,,,,,,,,,,,,,,,,,,,,
0020100166,1610612749,MIL,Milwaukee,299,Glenn Robinson,Glenn,F,,40:43,7.0,15.0,0.467,2.0,2.0,1.0,3.0,3.0,1.0,0.0,10.0,10.0,3.0,1.0,1.0,3.0,3.0,19.0,-1.0
0020100166,1610612749,MIL,Milwaukee,193,Anthony Mason,Anthony,F,,39:51,3.0,7.0,0.429,0.0,0.0,0.0,1.0,2.0,0.5,0.0,9.0,9.0,1.0,0.0,0.0,3.0,2.0,7.0,2.0
0020100166,1610612749,MIL,Milwaukee,911,Ervin Johnson,Ervin,C,,31:49,4.0,4.0,1.0,0.0,0.0,0.0,0.0,0.0,0.0,4.0,5.0,9.0,1.0,1.0,1.0,1.0,2.0,8.0,5.0
0020100166,1610612749,MIL,Milwaukee,951,Ray Allen,Ray,G,,36:01,4.0,11.0,0.364,1.0,6.0,0.167,4.0,4.0,1.0,0.0,1.0,1.0,5.0,1.0,2.0,4.0,1.0,13.0,8.0
0020100166,1610612749,MIL,Milwaukee,208,Sam Cassell,Sam,G,,34:06,7.0,20.0,0.35,0.0,5.0,0.0,2.0,2.0,1.0,0.0,4.0,4.0,3.0,1.0,0.0,4.0,0.0,16.0,5.0
0020100166,1610612749,MIL,Milwaukee,1501,Tim Thomas,Tim,G,,22:60,4.0,9.0,0.444,1.0,3.0,0.333,0.0,0.0,0.0,0.0,7.0,7.0,1.0,0.0,1.0,1.0,2.0,9.0,-3.0
0020100166,1610612749,MIL,Milwaukee,1747,Rafer Alston,Rafer,G,,13:54,0.0,4.0,0.0,0.0,3.0,0.0,0.0,0.0,0.0,0.0,0.0,0.0,0.0,1.0,0.0,0.0,1.0,0.0,-2.0
0020100166,1610612749,MIL,Milwaukee,679,Jason Caffey,Jason,C,,15:38,0.0,2.0,0.0,0.0,0.0,0.0,0.0,0.0,0.0,0.0,2.0,2.0,0.0,0.0,0.0,0.0,2.0,0.0,-4.0
0020100166,1610612749,MIL,Milwaukee,2072,Michael Redd,Michael,,,4:58,2.0,3.0,0.667,2.0,3.0,0.667,0.0,0.0,0.0,0.0,0.0,0.0,0.0,2.0,0.0,0.0,0.0,6.0,5.0
0020100166,1610612749,MIL,Milwaukee,2157,,,, ,,,,,,,,,,,,,,,,,,,,
0020100166,1610612749,MIL,Milwaukee,1355,,,, ,,,,,,,,,,,,,,,,,,,,
0020100166,1610612749,MIL,Milwaukee,1796,,,, ,,,,,,,,,,,,,,,,,,,,
0020100166,1610612749,MIL,Milwaukee,1797,,,, ,,,,,,,,,,,,,,,,,,,,
0020100166,1610612749,MIL,Milwaukee,1334,,,, ,,,,,,,,,,,,,,,,,,,,
0020100166,1610612749,MIL,Milwaukee,1337,,,, ,,,,,,,,,,,,,,,,,,,,
0020100166,1610612749,MIL,Milwaukee,323,Greg Foster,Greg,,DNP - Coach's Decision,,,,,,,,,,,,,,,,,,,,
0020100166,1610612749,MIL,Milwaukee,998,Mark Pope,Mark,,DNP - Coach's Decision,,,,,,,,,,,,,,,,,,,,
0020100166,1610612749,MIL,Milwaukee,2038,Joel Przybilla,Joel,,DNP - Coach's Decision,,,,,,,,,,,,,,,,,,,,
0020100166,1610612761,TOR,Toronto,2050,Morris Peterson,Morris,F,,27:45,3.0,15.0,0.2,0.0,3.0,0.0,0.0,1.0,0.0,2.0,1.0,3.0,0.0,2.0,0.0,1.0,3.0,6.0,-3.0
0020100166,1610612761,TOR,Toronto,213,Antonio Davis,Antonio,F,,41:44,3.0,12.0,0.25,0.0,0.0,0.0,2.0,2.0,1.0,3.0,8.0,11.0,1.0,2.0,1.0,1.0,2.0,8.0,0.0
0020100166,1610612761,TOR,Toronto,165,Hakeem Olajuwon,Hakeem,C,,15:36,1.0,5.0,0.2,0.0,0.0,0.0,0.0,0.0,0.0,0.0,3.0,3.0,0.0,1.0,0.0,2.0,0.0,2.0,-8.0
0020100166,1610612761,TOR,Toronto,1713,Vince Carter,Vince,G,,40:21,11.0,23.0,0.478,2.0,7.0,0.286,2.0,2.0,1.0,4.0,4.0,8.0,5.0,2.0,3.0,1.0,0.0,26.0,-2.0
0020100166,1610612761,TOR,Toronto,1541,Alvin Williams,Alvin,G,,30:47,1.0,9.0,0.111,0.0,2.0,0.0,0.0,0.0,0.0,1.0,1.0,2.0,7.0,2.0,0.0,1.0,1.0,2.0,-7.0
0020100166,1610612761,TOR,Toronto,966,Jerome Williams,Jerome,F,,22:54,5.0,8.0,0.625,0.0,0.0,0.0,0.0,0.0,0.0,4.0,4.0,8.0,0.0,0.0,0.0,2.0,0.0,10.0,5.0
0020100166,1610612761,TOR,Toronto,164,Chris Childs,Chris,G,,29:29,4.0,6.0,0.667,2.0,4.0,0.5,0.0,0.0,0.0,0.0,2.0,2.0,4.0,0.0,0.0,2.0,4.0,10.0,-1.0
0020100166,1610612761,TOR,Toronto,145,Tracy Murray,Tracy,,,5:18,1.0,4.0,0.25,0.0,3.0,0.0,0.0,0.0,0.0,0.0,1.0,1.0,0.0,0.0,0.0,0.0,0.0,2.0,-3.0
0020100166,1610612761,TOR,Toronto,1721,Keon Clark,Keon,,,17:40,4.0,8.0,0.5,0.0,0.0,0.0,1.0,2.0,0.5,2.0,6.0,8.0,0.0,0.0,2.0,0.0,1.0,9.0,-1.0
0020100166,1610612761,TOR,Toronto,209,Dell Curry,Dell,F,,8:26,0.0,2.0,0.0,0.0,1.0,0.0,0.0,0.0,0.0,1.0,0.0,1.0,1.0,1.0,0.0,1.0,0.0,0.0,5.0
0020100166,1610612761,TOR,Toronto,1344,,,, ,,,,,,,,,,,,,,,,,,,,
0020100166,1610612761,TOR,Toronto,1205,,,, ,,,,,,,,,,,,,,,,,,,,
0020100166,1610612761,TOR,Toronto,1266,,,, ,,,,,,,,,,,,,,,,,,,,
0020100166,1610612761,TOR,Toronto,883,,,, ,,,,,,,,,,,,,,,,,,,,
0020100166,1610612761,TOR,Toronto,1368,,,, ,,,,,,,,,,,,,,,,,,,,
0020100166,1610612761,TOR,Toronto,2162,,,, ,,,,,,,,,,,,,,,,,,,,
0020100166,1610612761,TOR,Toronto,2306,Carlos Arroyo,Carlos,,DNP - Coach's Decision,,,,,,,,,,,,,,,,,,,,
0020100166,1610612761,TOR,Toronto,376,Eric Montross,Eric,,DNP - Coach's Decision,,,,,,,,,,,,,,,,,,,,
0020100169,1610612761,TOR,Toronto,2050,Morris Peterson,Morris,F,,28:44,4.0,10.0,0.4,2.0,4.0,0.5,0.0,0.0,0.0,1.0,4.0,5.0,3.0,0.0,0.0,1.0,4.0,10.0,13.0
0020100169,1610612761,TOR,Toronto,213,Antonio Davis,Antonio,F,,37:17,7.0,11.0,0.636,0.0,0.0,0.0,2.0,2.0,1.0,3.0,5.0,8.0,0.0,0.0,1.0,3.0,2.0,16.0,6.0
0020100169,1610612761,TOR,Toronto,165,Hakeem Olajuwon,Hakeem,C,,24:02,2.0,4.0,0.5,0.0,0.0,0.0,0.0,0.0,0.0,4.0,3.0,7.0,3.0,0.0,1.0,4.0,2.0,4.0,-6.0
0020100169,1610612761,TOR,Toronto,1713,Vince Carter,Vince,G,,42:21,6.0,21.0,0.286,1.0,6.0,0.167,5.0,8.0,0.625,2.0,3.0,5.0,6.0,1.0,1.0,2.0,4.0,18.0,14.0
0020100169,1610612761,TOR,Toronto,1541,Alvin Williams,Alvin,G,,32:59,6.0,13.0,0.462,0.0,1.0,0.0,1.0,1.0,1.0,0.0,3.0,3.0,4.0,3.0,0.0,1.0,2.0,13.0,-6.0
0020100169,1610612761,TOR,Toronto,209,Dell Curry,Dell,G,,6:34,0.0,2.0,0.0,0.0,1.0,0.0,0.0,0.0,0.0,0.0,0.0,0.0,0.0,0.0,0.0,0.0,0.0,0.0,-8.0
0020100169,1610612761,TOR,Toronto,966,Jerome Williams,Jerome,F,,16:58,2.0,7.0,0.286,0.0,0.0,0.0,2.0,2.0,1.0,4.0,2.0,6.0,1.0,0.0,1.0,2.0,0.0,6.0,-10.0
0020100169,1610612761,TOR,Toronto,164,Chris Childs,Chris,G,,26:33,1.0,5.0,0.2,0.0,4.0,0.0,0.0,1.0,0.0,1.0,5.0,6.0,2.0,0.0,0.0,0.0,1.0,2.0,-2.0
0020100169,1610612761,TOR,Toronto,1721,Keon Clark,Keon,C,,19:24,7.0,10.0,0.7,0.0,0.0,0.0,5.0,10.0,0.5,2.0,7.0,9.0,1.0,0.0,2.0,0.0,3.0,19.0,9.0
0020100169,1610612761,TOR,Toronto,145,Tracy Murray,Tracy,,,5:08,1.0,1.0,1.0,1.0,1.0,1.0,0.0,0.0,0.0,0.0,0.0,0.0,0.0,0.0,0.0,0.0,0.0,3.0,0.0
0020100169,1610612761,TOR,Toronto,2162,,,, ,,,,,,,,,,,,,,,,,,,,
0020100169,1610612761,TOR,Toronto,1344,,,, ,,,,,,,,,,,,,,,,,,,,
0020100169,1610612761,TOR,Toronto,1368,,,, ,,,,,,,,,,,,,,,,,,,,
0020100169,1610612761,TOR,Toronto,1266,,,, ,,,,,,,,,,,,,,,,,,,,
0020100169,1610612761,TOR,Toronto,1205,,,, ,,,,,,,,,,,,,,,,,,,,
0020100169,1610612761,TOR,Toronto,883,,,, ,,,,,,,,,,,,,,,,,,,,
0020100169,1610612761,TOR,Toronto,2306,Carlos Arroyo,Carlos,,DNP - Coach's Decision,,,,,,,,,,,,,,,,,,,,
0020100169,1610612761,TOR,Toronto,376,Eric Montross,Eric,,DNP - Coach's Decision,,,,,,,,,,,,,,,,,,,,
0020100169,1610612738,BOS,Boston,952,Antoine Walker,Antoine,F,,41:17,9.0,22.0,0.409,3.0,9.0,0.333,4.0,6.0,0.667,6.0,6.0,12.0,4.0,0.0,0.0,5.0,4.0,25.0,-4.0
0020100169,1610612738,BOS,Boston,1718,Paul Pierce,Paul,F,,44:06,8.0,23.0,0.348,2.0,7.0,0.286,6.0,7.0,0.857,0.0,8.0,8.0,2.0,1.0,0.0,2.0,2.0,24.0,-5.0
0020100169,1610612738,BOS,Boston,1499,Tony Battie,Tony,C,,27:02,0.0,4.0,0.0,0.0,0.0,0.0,2.0,6.0,0.333,5.0,3.0,8.0,1.0,1.0,1.0,1.0,6.0,2.0,3.0
0020100169,1610612738,BOS,Boston,72,Kenny Anderson,Kenny,G,,37:39,2.0,12.0,0.167,0.0,1.0,0.0,2.0,2.0,1.0,1.0,5.0,6.0,8.0,4.0,1.0,1.0,1.0,6.0,2.0
0020100169,1610612738,BOS,Boston,2207,Joe Johnson,Joe,G,,27:08,4.0,7.0,0.571,0.0,2.0,0.0,2.0,2.0,1.0,2.0,3.0,5.0,0.0,3.0,0.0,1.0,2.0,10.0,7.0
0020100169,1610612738,BOS,Boston,1065,Erick Strickland,Erick,G,,24:46,5.0,7.0,0.714,3.0,3.0,1.0,0.0,0.0,0.0,0.0,3.0,3.0,3.0,0.0,0.0,3.0,2.0,13.0,-6.0
0020100169,1610612738,BOS,Boston,1548,Mark Blount,Mark,,,12:26,0.0,1.0,0.0,0.0,0.0,0.0,0.0,0.0,0.0,1.0,0.0,1.0,1.0,0.0,0.0,0.0,1.0,0.0,-4.0
0020100169,1610612738,BOS,Boston,1960,Milt Palacio,Milt,G,,10:21,1.0,2.0,0.5,1.0,1.0,1.0,0.0,0.0,0.0,0.0,1.0,1.0,0.0,0.0,0.0,0.0,0.0,3.0,-4.0
0020100169,1610612738,BOS,Boston,958,Vitaly Potapenko,Vitaly,C,,15:15,3.0,5.0,0.6,0.0,0.0,0.0,0.0,0.0,0.0,2.0,0.0,2.0,1.0,1.0,0.0,1.0,3.0,6.0,1.0
0020100169,1610612738,BOS,Boston,1213,,,, ,,,,,,,,,,,,,,,,,,,,
0020100169,1610612738,BOS,Boston,1321,,,, ,,,,,,,,,,,,,,,,,,,,
0020100169,1610612738,BOS,Boston,1639,,,, ,,,,,,,,,,,,,,,,,,,,
0020100169,1610612738,BOS,Boston,1641,,,, ,,,,,,,,,,,,,,,,,,,,
0020100169,1610612738,BOS,Boston,1875,,,, ,,,,,,,,,,,,,,,,,,,,
0020100169,1610612738,BOS,Boston,2345,,,, ,,,,,,,,,,,,,,,,,,,,
0020100169,1610612738,BOS,Boston,2208,Kedrick Brown,Kedrick,,DNP - Coach's Decision,,,,,,,,,,,,,,,,,,,,
0020100169,1610612738,BOS,Boston,2218,Joseph Forte,Joseph,,DNP - Coach's Decision,,,,,,,,,,,,,,,,,,,,
0020100169,1610612738,BOS,Boston,962,Walter McCarty,Walter,,DNP - Coach's Decision,,,,,,,,,,,,,,,,,,,,
0020100175,1610612746,LAC,Los Angeles,1894,Corey Maggette,Corey,F,,37:14,5.0,14.0,0.357,1.0,3.0,0.333,6.0,7.0,0.857,1.0,2.0,3.0,1.0,1.0,0.0,1.0,4.0,17.0,7.0
0020100175,1610612746,LAC,Los Angeles,1882,Elton Brand,Elton,G,,40:29,10.0,12.0,0.833,0.0,0.0,0.0,8.0,10.0,0.8,1.0,4.0,5.0,3.0,2.0,1.0,5.0,4.0,28.0,2.0
0020100175,1610612746,LAC,Los Angeles,1709,Michael Olowokandi,Michael,C,,20:19,1.0,4.0,0.25,0.0,0.0,0.0,0.0,0.0,0.0,1.0,1.0,2.0,2.0,3.0,0.0,1.0,5.0,2.0,10.0
0020100175,1610612746,LAC,Los Angeles,976,Jeff McInnis,Jeff,G,,43:39,10.0,17.0,0.588,2.0,3.0,0.667,0.0,0.0,0.0,1.0,2.0,3.0,3.0,2.0,0.0,2.0,4.0,22.0,-4.0
0020100175,1610612746,LAC,Los Angeles,15,Eric Piatkowski,Eric,G,,29:33,4.0,8.0,0.5,2.0,4.0,0.5,3.0,4.0,0.75,0.0,3.0,3.0,2.0,3.0,0.0,0.0,1.0,13.0,3.0
0020100175,1610612746,LAC,Los Angeles,1885,Lamar Odom,Lamar,G,,26:08,4.0,11.0,0.364,0.0,2.0,0.0,2.0,2.0,1.0,0.0,3.0,3.0,1.0,0.0,0.0,3.0,3.0,10.0,-16.0
0020100175,1610612746,LAC,Los Angeles,2047,Quentin Richardson,Quentin,G,,13:03,0.0,4.0,0.0,0.0,1.0,0.0,1.0,2.0,0.5,1.0,3.0,4.0,0.0,0.0,1.0,2.0,2.0,1.0,-7.0
0020100175,1610612746,LAC,Los Angeles,399,Sean Rooks,Sean,F,,12:60,1.0,3.0,0.333,0.0,0.0,0.0,0.0,0.0,0.0,2.0,1.0,3.0,1.0,0.0,0.0,0.0,5.0,2.0,-12.0
0020100175,1610612746,LAC,Los Angeles,2032,Darius Miles,Darius,C,,12:45,3.0,5.0,0.6,0.0,0.0,0.0,0.0,0.0,0.0,2.0,2.0,4.0,0.0,0.0,0.0,0.0,0.0,6.0,-10.0
0020100175,1610612746,LAC,Los Angeles,1863,Earl Boykins,Earl,,,3:20,0.0,0.0,0.0,0.0,0.0,0.0,0.0,0.0,0.0,1.0,0.0,1.0,1.0,0.0,0.0,2.0,0.0,0.0,-3.0
0020100175,1610612746,LAC,Los Angeles,1918,Obinna Ekezie,Obinna,,,0:31,0.0,0.0,0.0,0.0,0.0,0.0,0.0,0.0,0.0,0.0,0.0,0.0,0.0,0.0,0.0,0.0,0.0,0.0,5.0
0020100175,1610612746,LAC,Los Angeles,1996,,,, ,,,,,,,,,,,,,,,,,,,,
0020100175,1610612746,LAC,Los Angeles,2010,,,, ,,,,,,,,,,,,,,,,,,,,
0020100175,1610612746,LAC,Los Angeles,1672,,,, ,,,,,,,,,,,,,,,,,,,,
0020100175,1610612746,LAC,Los Angeles,1243,,,, ,,,,,,,,,,,,,,,,,,,,
0020100175,1610612746,LAC,Los Angeles,1284,,,, ,,,,,,,,,,,,,,,,,,,,
0020100175,1610612746,LAC,Los Angeles,1210,,,, ,,,,,,,,,,,,,,,,,,,,
0020100175,1610612746,LAC,Los Angeles,1351,,,, ,,,,,,,,,,,,,,,,,,,,
0020100175,1610612746,LAC,Los Angeles,2166,,,, ,,,,,,,,,,,,,,,,,,,,
0020100175,1610612746,LAC,Los Angeles,1942,Harold Jamison,Harold,,DNP - Coach's Decision,,,,,,,,,,,,,,,,,,,,
0020100175,1610612762,UTA,Utah,923,Donyell Marshall,Donyell,G,,37:10,8.0,11.0,0.727,0.0,1.0,0.0,4.0,4.0,1.0,2.0,7.0,9.0,3.0,1.0,2.0,2.0,2.0,20.0,-3.0
0020100175,1610612762,UTA,Utah,252,Karl Malone,Karl,F,,37:56,7.0,15.0,0.467,0.0,1.0,0.0,10.0,10.0,1.0,1.0,5.0,6.0,6.0,3.0,2.0,6.0,2.0,24.0,-2.0
0020100175,1610612762,UTA,Utah,731,Greg Ostertag,Greg,C,,12:14,0.0,0.0,0.0,0.0,0.0,0.0,0.0,0.0,0.0,1.0,2.0,3.0,1.0,0.0,2.0,1.0,1.0,0.0,-7.0
0020100175,1610612762,UTA,Utah,304,John Stockton,John,G,,32:45,7.0,9.0,0.778,2.0,2.0,1.0,5.0,5.0,1.0,0.0,0.0,0.0,6.0,0.0,0.0,1.0,3.0,21.0,-3.0
0020100175,1610612762,UTA,Utah,1900,Quincy Lewis,Quincy,G,,19:57,2.0,4.0,0.5,0.0,1.0,0.0,1.0,2.0,0.5,1.0,1.0,2.0,2.0,0.0,1.0,0.0,4.0,5.0,-12.0
0020100175,1610612762,UTA,Utah,180,John Crotty,John,F,,15:15,3.0,7.0,0.429,2.0,3.0,0.667,2.0,3.0,0.667,0.0,2.0,2.0,3.0,2.0,0.0,2.0,2.0,10.0,8.0
0020100175,1610612762,UTA,Utah,680,John Amaechi,John,G,,15:10,0.0,2.0,0.0,0.0,0.0,0.0,8.0,8.0,1.0,0.0,1.0,1.0,0.0,0.0,1.0,0.0,0.0,8.0,-2.0
0020100175,1610612762,UTA,Utah,1905,Andrei Kirilenko,Andrei,G,,17:57,1.0,4.0,0.25,0.0,2.0,0.0,2.0,3.0,0.667,1.0,3.0,4.0,0.0,2.0,0.0,3.0,0.0,4.0,9.0
0020100175,1610612762,UTA,Utah,317,John Starks,John,,,10:30,0.0,4.0,0.0,0.0,1.0,0.0,1.0,2.0,0.5,0.0,0.0,0.0,0.0,1.0,0.0,0.0,2.0,1.0,6.0
0020100175,1610612762,UTA,Utah,2260,Jarron Collins,Jarron,C,,11:02,1.0,1.0,1.0,0.0,0.0,0.0,3.0,6.0,0.5,1.0,2.0,3.0,1.0,0.0,0.0,0.0,2.0,5.0,9.0
0020100175,1610612762,UTA,Utah,2052,DeShawn Stevenson,DeShawn,F,,17:33,1.0,3.0,0.333,0.0,0.0,0.0,0.0,0.0,0.0,1.0,2.0,3.0,0.0,0.0,0.0,1.0,1.0,2.0,11.0
0020100175,1610612762,UTA,Utah,1909,Scott Padgett,Scott,G,,12:31,1.0,3.0,0.333,1.0,1.0,1.0,3.0,4.0,0.75,1.0,2.0,3.0,0.0,0.0,2.0,2.0,1.0,6.0,11.0
0020100175,1610612762,UTA,Utah,1372,,,, ,,,,,,,,,,,,,,,,,,,,
0020100175,1610612762,UTA,Utah,1228,,,, ,,,,,,,,,,,,,,,,,,,,
0020100175,1610612762,UTA,Utah,1345,,,, ,,,,,,,,,,,,,,,,,,,,
0020100175,1610612762,UTA,Utah,1347,,,, ,,,,,,,,,,,,,,,,,,,,
0020100175,1610612762,UTA,Utah,1794,,,, ,,,,,,,,,,,,,,,,,,,,
0020100174,1610612756,PHX,Phoenix,339,Tom Gugliotta,Tom,G,,30:13,3.0,5.0,0.6,0.0,1.0,0.0,0.0,0.0,0.0,0.0,5.0,5.0,3.0,2.0,1.0,4.0,3.0,6.0,13.0
0020100174,1610612756,PHX,Phoenix,1890,Shawn Marion,Shawn,F,,21:33,4.0,7.0,0.571,0.0,0.0,0.0,1.0,1.0,1.0,2.0,2.0,4.0,1.0,1.0,0.0,3.0,4.0,9.0,3.0
0020100174,1610612756,PHX,Phoenix,2063,Jake Voskuhl,Jake,G,,8:34,2.0,3.0,0.667,0.0,0.0,0.0,0.0,0.0,0.0,1.0,3.0,4.0,0.0,0.0,0.0,2.0,4.0,4.0,-2.0
0020100174,1610612756,PHX,Phoenix,358,Anfernee Hardaway,Anfernee,G,,35:44,7.0,16.0,0.438,0.0,1.0,0.0,2.0,2.0,1.0,0.0,4.0,4.0,3.0,0.0,1.0,5.0,1.0,16.0,14.0
0020100174,1610612756,PHX,Phoenix,950,Stephon Marbury,Stephon,G,,32:35,6.0,9.0,0.667,2.0,2.0,1.0,2.0,2.0,1.0,0.0,5.0,5.0,8.0,3.0,0.0,4.0,1.0,16.0,7.0
0020100174,1610612756,PHX,Phoenix,915,Rodney Rogers,Rodney,,,23:44,7.0,12.0,0.583,0.0,1.0,0.0,4.0,4.0,1.0,3.0,6.0,9.0,1.0,0.0,1.0,1.0,3.0,18.0,5.0
0020100174,1610612756,PHX,Phoenix,448,Bo Outlaw,Bo,G,,23:36,3.0,3.0,1.0,0.0,0.0,0.0,1.0,1.0,1.0,1.0,2.0,3.0,1.0,0.0,1.0,0.0,2.0,7.0,16.0
0020100174,1610612756,PHX,Phoenix,960,Tony Delk,Tony,F,,28:45,9.0,15.0,0.6,1.0,5.0,0.2,4.0,4.0,1.0,0.0,5.0,5.0,1.0,1.0,1.0,0.0,3.0,23.0,12.0
0020100174,1610612756,PHX,Phoenix,105,Dan Majerle,Dan,F,,22:37,0.0,1.0,0.0,0.0,0.0,0.0,0.0,0.0,0.0,0.0,1.0,1.0,3.0,2.0,0.0,0.0,2.0,0.0,15.0
0020100174,1610612756,PHX,Phoenix,2054,Jake Tsakalidis,Jake,F,,6:49,1.0,1.0,1.0,0.0,0.0,0.0,2.0,2.0,1.0,0.0,2.0,2.0,0.0,0.0,0.0,1.0,0.0,4.0,-1.0
0020100174,1610612756,PHX,Phoenix,961,John Wallace,John,,,2:55,0.0,2.0,0.0,0.0,0.0,0.0,0.0,0.0,0.0,0.0,1.0,1.0,0.0,0.0,0.0,1.0,0.0,0.0,-6.0
0020100174,1610612756,PHX,Phoenix,2228,Alton Ford,Alton,,,2:55,0.0,0.0,0.0,0.0,0.0,0.0,0.0,0.0,0.0,0.0,2.0,2.0,0.0,0.0,0.0,1.0,2.0,0.0,-6.0
0020100174,1610612756,PHX,Phoenix,2160,,,, ,,,,,,,,,,,,,,,,,,,,
0020100174,1610612756,PHX,Phoenix,2161,,,, ,,,,,,,,,,,,,,,,,,,,
0020100174,1610612756,PHX,Phoenix,2008,,,, ,,,,,,,,,,,,,,,,,,,,
0020100174,1610612756,PHX,Phoenix,2015,,,, ,,,,,,,,,,,,,,,,,,,,
0020100174,1610612756,PHX,Phoenix,1227,,,, ,,,,,,,,,,,,,,,,,,,,
0020100174,1610612756,PHX,Phoenix,1653,,,, ,,,,,,,,,,,,,,,,,,,,
0020100174,1610612756,PHX,Phoenix,1654,,,, ,,,,,,,,,,,,,,,,,,,,
0020100174,1610612763,MEM,Memphis,2200,Pau Gasol,Pau,G,,32:16,7.0,16.0,0.438,0.0,0.0,0.0,4.0,6.0,0.667,5.0,3.0,8.0,2.0,0.0,2.0,2.0,1.0,18.0,-7.0
0020100174,1610612763,MEM,Memphis,3,Grant Long,Grant,G,,27:53,1.0,5.0,0.2,0.0,0.0,0.0,3.0,6.0,0.5,0.0,2.0,2.0,4.0,1.0,0.0,1.0,0.0,5.0,-5.0
0020100174,1610612763,MEM,Memphis,953,Lorenzen Wright,Lorenzen,G,,31:48,5.0,15.0,0.333,0.0,0.0,0.0,3.0,6.0,0.5,2.0,6.0,8.0,1.0,0.0,1.0,0.0,3.0,13.0,-14.0
0020100174,1610612763,MEM,Memphis,2203,Shane Battier,Shane,G,,38:42,7.0,12.0,0.583,2.0,5.0,0.4,2.0,2.0,1.0,2.0,3.0,5.0,1.0,4.0,2.0,4.0,4.0,18.0,-6.0
0020100174,1610612763,MEM,Memphis,1715,Jason Williams,Jason,G,,22:31,2.0,5.0,0.4,2.0,4.0,0.5,1.0,1.0,1.0,0.0,2.0,2.0,4.0,1.0,0.0,4.0,2.0,7.0,-3.0
0020100174,1610612763,MEM,Memphis,763,Tony Massenburg,Tony,F,,9:33,0.0,1.0,0.0,0.0,0.0,0.0,0.0,0.0,0.0,0.0,1.0,1.0,2.0,0.0,0.0,0.0,0.0,0.0,-3.0
0020100174,1610612763,MEM,Memphis,1134,Ike Austin,Ike,,,3:38,1.0,1.0,1.0,0.0,0.0,0.0,0.0,0.0,0.0,0.0,0.0,0.0,0.0,1.0,0.0,1.0,0.0,2.0,-1.0
0020100174,1610612763,MEM,Memphis,98,Nick Anderson,Nick,G,,13:14,1.0,4.0,0.25,1.0,3.0,0.333,0.0,0.0,0.0,0.0,2.0,2.0,1.0,1.0,0.0,0.0,0.0,3.0,-14.0
0020100174,1610612763,MEM,Memphis,1510,Brevin Knight,Brevin,F,,20:48,2.0,7.0,0.286,0.0,0.0,0.0,2.0,3.0,0.667,1.0,3.0,4.0,3.0,5.0,0.0,1.0,2.0,6.0,-7.0
0020100174,1610612763,MEM,Memphis,1934,Rodney Buford,Rodney,C,,22:29,5.0,10.0,0.5,1.0,4.0,0.25,0.0,0.0,0.0,0.0,1.0,1.0,2.0,0.0,0.0,0.0,4.0,11.0,-13.0
0020100174,1610612763,MEM,Memphis,2226,Will Solomon,Will,F,,17:09,2.0,5.0,0.4,1.0,2.0,0.5,1.0,1.0,1.0,0.0,0.0,0.0,0.0,0.0,1.0,0.0,1.0,6.0,3.0
0020100174,1610612763,MEM,Memphis,1795,,,, ,,,,,,,,,,,,,,,,,,,,
0020100174,1610612763,MEM,Memphis,1356,,,, ,,,,,,,,,,,,,,,,,,,,
0020100174,1610612763,MEM,Memphis,1358,,,, ,,,,,,,,,,,,,,,,,,,,
0020100174,1610612763,MEM,Memphis,1994,,,, ,,,,,,,,,,,,,,,,,,,,
0020100174,1610612763,MEM,Memphis,1226,,,, ,,,,,,,,,,,,,,,,,,,,
0020100174,1610612763,MEM,Memphis,2353,,,, ,,,,,,,,,,,,,,,,,,,,
0020100174,1610612763,MEM,Memphis,2163,,,, ,,,,,,,,,,,,,,,,,,,,
0020100174,1610612763,MEM,Memphis,2164,,,, ,,,,,,,,,,,,,,,,,,,,
0020100174,1610612763,MEM,Memphis,888,,,, ,,,,,,,,,,,,,,,,,,,,
0020100174,1610612763,MEM,Memphis,2031,Stromile Swift,Stromile,,DND - hyperextended elbow,,,,,,,,,,,,,,,,,,,,
0020100176,1610612743,DEN,Denver,1763,Ryan Bowen,Ryan,F,,18:33,1.0,1.0,1.0,0.0,0.0,0.0,2.0,2.0,1.0,0.0,1.0,1.0,0.0,0.0,0.0,0.0,4.0,4.0,11.0
0020100176,1610612743,DEN,Denver,1899,James Posey,James,G,,33:51,3.0,7.0,0.429,1.0,3.0,0.333,0.0,0.0,0.0,0.0,4.0,4.0,2.0,0.0,2.0,3.0,3.0,7.0,-11.0
0020100176,1610612743,DEN,Denver,1711,Raef LaFrentz,Raef,F,,33:35,5.0,11.0,0.455,5.0,8.0,0.625,0.0,0.0,0.0,0.0,9.0,9.0,1.0,0.0,5.0,1.0,5.0,15.0,-12.0
0020100176,1610612743,DEN,Denver,422,Avery Johnson,Avery,G,,44:05,6.0,9.0,0.667,0.0,0.0,0.0,2.0,4.0,0.5,2.0,1.0,3.0,12.0,1.0,0.0,2.0,3.0,14.0,4.0
0020100176,1610612743,DEN,Denver,89,Nick Van Exel,Nick,G,,37:00,11.0,25.0,0.44,1.0,4.0,0.25,6.0,7.0,0.857,1.0,2.0,3.0,4.0,0.0,0.0,0.0,1.0,29.0,-14.0
0020100176,1610612743,DEN,Denver,281,Scott Williams,Scott,G,,19:02,1.0,4.0,0.25,0.0,0.0,0.0,0.0,0.0,0.0,2.0,1.0,3.0,0.0,0.0,1.0,1.0,3.0,2.0,-1.0
0020100176,1610612743,DEN,Denver,45,George McCloud,George,F,,31:46,4.0,10.0,0.4,1.0,2.0,0.5,2.0,2.0,1.0,3.0,8.0,11.0,3.0,2.0,0.0,1.0,6.0,11.0,-7.0
0020100176,1610612743,DEN,Denver,702,Voshon Lenard,Voshon,G,,18:11,4.0,7.0,0.571,0.0,2.0,0.0,0.0,0.0,0.0,0.0,1.0,1.0,2.0,0.0,0.0,0.0,0.0,8.0,-1.0
0020100176,1610612743,DEN,Denver,384,Calbert Cheaney,Calbert,,,3:51,0.0,1.0,0.0,0.0,0.0,0.0,0.0,0.0,0.0,0.0,0.0,0.0,0.0,1.0,0.0,0.0,0.0,0.0,-3.0
0020100176,1610612743,DEN,Denver,2365,Chris Andersen,Chris,,,0:06,0.0,0.0,0.0,0.0,0.0,0.0,0.0,0.0,0.0,0.0,0.0,0.0,0.0,0.0,0.0,0.0,0.0,0.0,-1.0
0020100176,1610612743,DEN,Denver,2379,,,, ,,,,,,,,,,,,,,,,,,,,
0020100176,1610612743,DEN,Denver,1995,,,, ,,,,,,,,,,,,,,,,,,,,
0020100176,1610612743,DEN,Denver,2007,,,, ,,,,,,,,,,,,,,,,,,,,
0020100176,1610612743,DEN,Denver,1784,,,, ,,,,,,,,,,,,,,,,,,,,
0020100176,1610612743,DEN,Denver,1785,,,, ,,,,,,,,,,,,,,,,,,,,
0020100176,1610612743,DEN,Denver,1207,,,, ,,,,,,,,,,,,,,,,,,,,
0020100176,1610612743,DEN,Denver,1216,,,, ,,,,,,,,,,,,,,,,,,,,
0020100176,1610612743,DEN,Denver,1240,,,, ,,,,,,,,,,,,,,,,,,,,
0020100176,1610612743,DEN,Denver,2261,Kenny Satterfield,Kenny,,DNP - Coach's Decision,,,,,,,,,,,,,,,,,,,,
0020100176,1610612743,DEN,Denver,1035,Shawnelle Scott,Shawnelle,,DNP - Coach's Decision,,,,,,,,,,,,,,,,,,,,
0020100176,1610612757,POR,Portland,1739,Ruben Patterson,Ruben,G,,43:45,6.0,15.0,0.4,0.0,1.0,0.0,3.0,4.0,0.75,2.0,0.0,2.0,6.0,2.0,1.0,1.0,4.0,15.0,14.0
0020100176,1610612757,POR,Portland,739,Rasheed Wallace,Rasheed,F,,45:06,10.0,16.0,0.625,2.0,3.0,0.667,8.0,11.0,0.727,5.0,5.0,10.0,3.0,0.0,0.0,1.0,0.0,30.0,11.0
0020100176,1610612757,POR,Portland,905,Dale Davis,Dale,C,,23:04,4.0,5.0,0.8,0.0,0.0,0.0,3.0,6.0,0.5,1.0,4.0,5.0,0.0,1.0,1.0,1.0,2.0,11.0,8.0
0020100176,1610612757,POR,Portland,1507,Derek Anderson,Derek,G,,40:49,3.0,13.0,0.231,1.0,4.0,0.25,5.0,8.0,0.625,0.0,5.0,5.0,3.0,1.0,0.0,1.0,2.0,12.0,-4.0
0020100176,1610612757,POR,Portland,1594,Rick Brunson,Rick,G,,20:11,2.0,6.0,0.333,1.0,1.0,1.0,0.0,0.0,0.0,2.0,4.0,6.0,3.0,1.0,0.0,1.0,3.0,5.0,-1.0
0020100176,1610612757,POR,Portland,431,Shawn Kemp,Shawn,F,,13:31,4.0,8.0,0.5,0.0,0.0,0.0,2.0,4.0,0.5,2.0,2.0,4.0,1.0,0.0,0.0,1.0,1.0,10.0,3.0
0020100176,1610612757,POR,Portland,757,Damon Stoudamire,Damon,G,,27:49,3.0,8.0,0.375,1.0,3.0,0.333,3.0,4.0,0.75,0.0,7.0,7.0,9.0,0.0,0.0,0.0,1.0,10.0,8.0
0020100176,1610612757,POR,Portland,70,Steve Kerr,Steve,C,,19:26,1.0,3.0,0.333,0.0,0.0,0.0,0.0,0.0,0.0,0.0,4.0,4.0,3.0,0.0,0.0,0.0,2.0,2.0,4.0
0020100176,1610612757,POR,Portland,2216,Zach Randolph,Zach,F,,6:19,1.0,3.0,0.333,0.0,0.0,0.0,0.0,0.0,0.0,2.0,0.0,2.0,0.0,0.0,0.0,0.0,1.0,2.0,-8.0
0020100176,1610612757,POR,Portland,1312,,,, ,,,,,,,,,,,,,,,,,,,,
0020100176,1610612757,POR,Portland,1329,,,, ,,,,,,,,,,,,,,,,,,,,
0020100176,1610612757,POR,Portland,1357,,,, ,,,,,,,,,,,,,,,,,,,,
0020100176,1610612757,POR,Portland,2374,,,, ,,,,,,,,,,,,,,,,,,,,
0020100176,1610612757,POR,Portland,2375,,,, ,,,,,,,,,,,,,,,,,,,,
0020100176,1610612757,POR,Portland,2342,,,, ,,,,,,,,,,,,,,,,,,,,
0020100176,1610612757,POR,Portland,2057,Erick Barkley,Erick,,DNP - Coach's Decision,,,,,,,,,,,,,,,,,,,,
0020100176,1610612757,POR,Portland,201,Chris Dudley,Chris,,DNP - Coach's Decision,,,,,,,,,,,,,,,,,,,,
0020100176,1610612757,POR,Portland,1719,Bonzi Wells,Bonzi,,DND-inflammation of right knee,,,,,,,,,,,,,,,,,,,,
0020100178,1610612744,GSW,Golden State,1712,Antawn Jamison,Antawn,G,,39:56,5.0,15.0,0.333,0.0,3.0,0.0,2.0,4.0,0.5,6.0,1.0,7.0,4.0,1.0,1.0,1.0,2.0,12.0,-20.0
0020100178,1610612744,GSW,Golden State,1504,Danny Fortson,Danny,G,,26:51,2.0,6.0,0.333,0.0,1.0,0.0,5.0,6.0,0.833,5.0,11.0,16.0,0.0,0.0,0.0,5.0,4.0,9.0,-12.0
0020100178,1610612744,GSW,Golden State,956,Erick Dampier,Erick,G,,30:39,6.0,17.0,0.353,0.0,0.0,0.0,4.0,4.0,1.0,5.0,0.0,5.0,0.0,0.0,4.0,1.0,5.0,16.0,-19.0
0020100178,1610612744,GSW,Golden State,2202,Jason Richardson,Jason,G,,22:22,4.0,12.0,0.333,1.0,2.0,0.5,2.0,4.0,0.5,5.0,1.0,6.0,0.0,0.0,1.0,2.0,3.0,11.0,-20.0
0020100178,1610612744,GSW,Golden State,1716,Larry Hughes,Larry,G,,31:47,6.0,13.0,0.462,0.0,1.0,0.0,0.0,0.0,0.0,1.0,1.0,2.0,5.0,5.0,1.0,1.0,0.0,12.0,-11.0
0020100178,1610612744,GSW,Golden State,682,Bob Sura,Bob,F,,13:02,2.0,6.0,0.333,0.0,1.0,0.0,1.0,2.0,0.5,0.0,0.0,0.0,0.0,0.0,0.0,1.0,3.0,5.0,-2.0
0020100178,1610612744,GSW,Golden State,2211,Troy Murphy,Troy,F,,14:54,2.0,3.0,0.667,0.0,0.0,0.0,1.0,2.0,0.5,2.0,2.0,4.0,1.0,1.0,1.0,1.0,3.0,5.0,-7.0
0020100178,1610612744,GSW,Golden State,302,Mookie Blaylock,Mookie,G,,16:13,2.0,8.0,0.25,1.0,2.0,0.5,0.0,0.0,0.0,1.0,2.0,3.0,4.0,0.0,0.0,1.0,0.0,5.0,-5.0
0020100178,1610612744,GSW,Golden State,168,Chris Mills,Chris,C,,19:36,1.0,3.0,0.333,1.0,2.0,0.5,2.0,4.0,0.5,0.0,1.0,1.0,3.0,1.0,0.0,2.0,2.0,5.0,8.0
0020100178,1610612744,GSW,Golden State,1502,Adonal Foyle,Adonal,F,,11:36,2.0,5.0,0.4,0.0,0.0,0.0,0.0,0.0,0.0,1.0,0.0,1.0,0.0,0.0,0.0,2.0,2.0,4.0,-1.0
0020100178,1610612744,GSW,Golden State,1538,Cedric Henderson,Cedric,,,8:04,2.0,4.0,0.5,0.0,1.0,0.0,0.0,2.0,0.0,0.0,1.0,1.0,2.0,1.0,0.0,0.0,0.0,4.0,4.0
0020100178,1610612744,GSW,Golden State,1531,Marc Jackson,Marc,,,5:00,0.0,2.0,0.0,0.0,0.0,0.0,2.0,2.0,1.0,0.0,2.0,2.0,0.0,0.0,0.0,0.0,1.0,2.0,5.0
0020100178,1610612744,GSW,Golden State,1637,,,, ,,,,,,,,,,,,,,,,,,,,
0020100178,1610612744,GSW,Golden State,500093,,,, ,,,,,,,,,,,,,,,,,,,,
0020100178,1610612744,GSW,Golden State,1217,,,, ,,,,,,,,,,,,,,,,,,,,
0020100178,1610612744,GSW,Golden State,1252,,,, ,,,,,,,,,,,,,,,,,,,,
0020100178,1610612744,GSW,Golden State,1323,,,, ,,,,,,,,,,,,,,,,,,,,
0020100178,1610612744,GSW,Golden State,1350,,,, ,,,,,,,,,,,,,,,,,,,,
0020100178,1610612744,GSW,Golden State,1373,,,, ,,,,,,,,,,,,,,,,,,,,
0020100178,1610612747,LAL,Los Angeles,296,Rick Fox,Rick,F,,24:00,3.0,3.0,1.0,1.0,1.0,1.0,0.0,0.0,0.0,0.0,1.0,1.0,5.0,1.0,0.0,2.0,3.0,7.0,22.0
0020100178,1610612747,LAL,Los Angeles,955,Samaki Walker,Samaki,G,,26:39,2.0,7.0,0.286,0.0,0.0,0.0,3.0,4.0,0.75,0.0,4.0,4.0,2.0,1.0,1.0,2.0,3.0,7.0,16.0
0020100178,1610612747,LAL,Los Angeles,406,Shaquille O'Neal,Shaquille,G,,25:36,9.0,15.0,0.6,0.0,0.0,0.0,2.0,4.0,0.5,1.0,9.0,10.0,1.0,0.0,2.0,3.0,3.0,20.0,21.0
0020100178,1610612747,LAL,Los Angeles,977,Kobe Bryant,Kobe,G,,26:33,11.0,14.0,0.786,0.0,1.0,0.0,6.0,6.0,1.0,2.0,1.0,3.0,3.0,2.0,0.0,1.0,4.0,28.0,10.0
0020100178,1610612747,LAL,Los Angeles,283,Lindsey Hunter,Lindsey,G,,23:20,3.0,7.0,0.429,1.0,3.0,0.333,0.0,0.0,0.0,1.0,2.0,3.0,1.0,3.0,0.0,1.0,1.0,7.0,18.0
0020100178,1610612747,LAL,Los Angeles,216,Brian Shaw,Brian,G,,19:36,2.0,3.0,0.667,0.0,0.0,0.0,2.0,2.0,1.0,1.0,0.0,1.0,3.0,1.0,1.0,0.0,1.0,6.0,1.0
0020100178,1610612747,LAL,Los Angeles,2098,Slava Medvedenko,Slava,,,12:27,3.0,8.0,0.375,0.0,0.0,0.0,2.0,2.0,1.0,2.0,0.0,2.0,0.0,0.0,0.0,2.0,1.0,8.0,-5.0
0020100178,1610612747,LAL,Los Angeles,1904,Devean George,Devean,F,,24:00,4.0,8.0,0.5,0.0,1.0,0.0,0.0,0.0,0.0,1.0,2.0,3.0,1.0,0.0,0.0,2.0,2.0,8.0,-6.0
0020100178,1610612747,LAL,Los Angeles,782,Mitch Richmond,Mitch,F,,20:46,2.0,5.0,0.4,0.0,0.0,0.0,4.0,4.0,1.0,1.0,1.0,2.0,1.0,2.0,1.0,0.0,1.0,8.0,7.0
0020100178,1610612747,LAL,Los Angeles,109,Robert Horry,Robert,G,,16:10,0.0,1.0,0.0,0.0,1.0,0.0,0.0,0.0,0.0,3.0,2.0,5.0,2.0,0.0,2.0,2.0,2.0,0.0,7.0
0020100178,1610612747,LAL,Los Angeles,1741,Jelani McCoy,Jelani,C,,15:08,1.0,2.0,0.5,0.0,0.0,0.0,0.0,0.0,0.0,0.0,4.0,4.0,1.0,0.0,1.0,1.0,3.0,2.0,-7.0
0020100178,1610612747,LAL,Los Angeles,2343,Joe Crispin,Joe,,,5:45,1.0,4.0,0.25,0.0,1.0,0.0,3.0,3.0,1.0,0.0,1.0,1.0,0.0,0.0,0.0,1.0,0.0,5.0,-4.0
0020100178,1610612747,LAL,Los Angeles,1219,,,, ,,,,,,,,,,,,,,,,,,,,
0020100178,1610612747,LAL,Los Angeles,1221,,,, ,,,,,,,,,,,,,,,,,,,,
0020100178,1610612747,LAL,Los Angeles,1223,,,, ,,,,,,,,,,,,,,,,,,,,
0020100178,1610612747,LAL,Los Angeles,1230,,,, ,,,,,,,,,,,,,,,,,,,,
0020100178,1610612747,LAL,Los Angeles,1272,,,, ,,,,,,,,,,,,,,,,,,,,
0020100178,1610612747,LAL,Los Angeles,1273,,,, ,,,,,,,,,,,,,,,,,,,,
0020100177,1610612745,HOU,Houston,779,Glen Rice,Glen,G,,23:39,0.0,3.0,0.0,0.0,2.0,0.0,0.0,0.0,0.0,0.0,0.0,0.0,0.0,0.0,0.0,0.0,4.0,0.0,-14.0
0020100177,1610612745,HOU,Houston,1005,Walt Williams,Walt,G,,33:46,3.0,9.0,0.333,1.0,5.0,0.2,1.0,1.0,1.0,1.0,2.0,3.0,4.0,1.0,0.0,3.0,4.0,8.0,-22.0
0020100177,1610612745,HOU,Houston,1509,Kelvin Cato,Kelvin,C,,15:53,1.0,2.0,0.5,0.0,0.0,0.0,1.0,2.0,0.5,2.0,1.0,3.0,0.0,0.0,2.0,0.0,0.0,3.0,-6.0
0020100177,1610612745,HOU,Houston,1749,Cuttino Mobley,Cuttino,G,,38:33,8.0,17.0,0.471,3.0,4.0,0.75,2.0,2.0,1.0,2.0,5.0,7.0,3.0,1.0,0.0,4.0,4.0,21.0,-9.0
0020100177,1610612745,HOU,Houston,983,Moochie Norris,Moochie,G,,42:54,8.0,18.0,0.444,1.0,2.0,0.5,2.0,2.0,1.0,1.0,2.0,3.0,6.0,0.0,0.0,2.0,4.0,19.0,-24.0
0020100177,1610612745,HOU,Houston,788,Kevin Willis,Kevin,F,,20:53,2.0,7.0,0.286,0.0,0.0,0.0,4.0,5.0,0.8,3.0,6.0,9.0,1.0,0.0,0.0,5.0,2.0,8.0,-12.0
0020100177,1610612745,HOU,Houston,2351,Oscar Torres,Oscar,G,,23:55,2.0,4.0,0.5,0.0,2.0,0.0,2.0,2.0,1.0,0.0,3.0,3.0,0.0,1.0,0.0,3.0,1.0,6.0,-6.0
0020100177,1610612745,HOU,Houston,2242,Terence Morris,Terence,F,,13:18,0.0,3.0,0.0,0.0,1.0,0.0,0.0,0.0,0.0,1.0,2.0,3.0,1.0,1.0,0.0,0.0,0.0,0.0,4.0
0020100177,1610612745,HOU,Houston,2204,Eddie Griffin,Eddie,C,,27:09,6.0,11.0,0.545,2.0,5.0,0.4,2.0,4.0,0.5,0.0,5.0,5.0,1.0,0.0,2.0,0.0,0.0,16.0,-1.0
0020100177,1610612745,HOU,Houston,2384,,,, ,,,,,,,,,,,,,,,,,,,,
0020100177,1610612745,HOU,Houston,2385,,,, ,,,,,,,,,,,,,,,,,,,,
0020100177,1610612745,HOU,Houston,825,,,, ,,,,,,,,,,,,,,,,,,,,
0020100177,1610612745,HOU,Houston,1997,,,, ,,,,,,,,,,,,,,,,,,,,
0020100177,1610612745,HOU,Houston,1255,,,, ,,,,,,,,,,,,,,,,,,,,
0020100177,1610612745,HOU,Houston,1256,,,, ,,,,,,,,,,,,,,,,,,,,
0020100177,1610612745,HOU,Houston,1257,,,, ,,,,,,,,,,,,,,,,,,,,
0020100177,1610612745,HOU,Houston,1258,,,, ,,,,,,,,,,,,,,,,,,,,
0020100177,1610612745,HOU,Houston,1883,Steve Francis,Steve,,DND - Plantar Faciaitis Left Foot,,,,,,,,,,,,,,,,,,,,
0020100177,1610612745,HOU,Houston,2061,Dan Langhi,Dan,,DNP - Coach's Decision,,,,,,,,,,,,,,,,,,,,
0020100177,1610612745,HOU,Houston,1903,Kenny Thomas,Kenny,,DND - Right Achillies Tendenitis,,,,,,,,,,,,,,,,,,,,
0020100177,1610612760,SEA,Seattle,1740,Rashard Lewis,Rashard,G,,45:41,6.0,18.0,0.333,1.0,7.0,0.143,2.0,2.0,1.0,3.0,6.0,9.0,2.0,2.0,0.0,1.0,2.0,15.0,20.0
0020100177,1610612760,SEA,Seattle,1609,Art Long,Art,F,,10:14,2.0,3.0,0.667,0.0,0.0,0.0,0.0,0.0,0.0,1.0,1.0,2.0,0.0,0.0,0.0,1.0,2.0,4.0,-1.0
0020100177,1610612760,SEA,Seattle,1916,Calvin Booth,Calvin,F,,24:06,3.0,7.0,0.429,0.0,0.0,0.0,2.0,2.0,1.0,2.0,4.0,6.0,1.0,2.0,0.0,1.0,3.0,8.0,15.0
0020100177,1610612760,SEA,Seattle,699,Brent Barry,Brent,G,,41:35,5.0,11.0,0.455,2.0,6.0,0.333,3.0,5.0,0.6,1.0,9.0,10.0,4.0,4.0,2.0,1.0,4.0,15.0,14.0
0020100177,1610612760,SEA,Seattle,56,Gary Payton,Gary,G,,45:27,10.0,19.0,0.526,1.0,3.0,0.333,3.0,5.0,0.6,2.0,0.0,2.0,8.0,1.0,0.0,4.0,1.0,24.0,18.0
0020100177,1610612760,SEA,Seattle,2046,Desmond Mason,Desmond,G,,28:16,9.0,14.0,0.643,0.0,0.0,0.0,3.0,3.0,1.0,2.0,3.0,5.0,2.0,1.0,0.0,1.0,2.0,21.0,27.0
0020100177,1610612760,SEA,Seattle,1742,Shammond Williams,Shammond,F,,6:15,0.0,2.0,0.0,0.0,1.0,0.0,0.0,0.0,0.0,1.0,1.0,2.0,2.0,0.0,0.0,0.0,0.0,0.0,3.0
0020100177,1610612760,SEA,Seattle,1542,Predrag Drobnjak,Predrag,F,,16:09,2.0,5.0,0.4,0.0,0.0,0.0,0.0,2.0,0.0,1.0,1.0,2.0,1.0,0.0,1.0,0.0,2.0,4.0,-2.0
0020100177,1610612760,SEA,Seattle,2209,Vladimir Radmanovic,Vladimir,,,5:14,0.0,0.0,0.0,0.0,0.0,0.0,0.0,0.0,0.0,0.0,0.0,0.0,0.0,0.0,0.0,0.0,1.0,0.0,-4.0
0020100177,1610612760,SEA,Seattle,2248,Earl Watson,Earl,G,,17:03,4.0,5.0,0.8,0.0,1.0,0.0,0.0,0.0,0.0,2.0,1.0,3.0,2.0,0.0,1.0,0.0,2.0,8.0,0.0
0020100177,1610612760,SEA,Seattle,2350,,,, ,,,,,,,,,,,,,,,,,,,,
0020100177,1610612760,SEA,Seattle,1778,,,, ,,,,,,,,,,,,,,,,,,,,
0020100177,1610612760,SEA,Seattle,1335,,,, ,,,,,,,,,,,,,,,,,,,,
0020100177,1610612760,SEA,Seattle,1338,,,, ,,,,,,,,,,,,,,,,,,,,
0020100177,1610612760,SEA,Seattle,1349,,,, ,,,,,,,,,,,,,,,,,,,,
0020100177,1610612760,SEA,Seattle,176,Antonio Harvey,Antonio,,DNP - Coach's Decision,,,,,,,,,,,,,,,,,,,,
0020100177,1610612760,SEA,Seattle,2071,Olumide Oyedeji,Olumide,,DNP - Coach's Decision,,,,,,,,,,,,,,,,,,,,
0020100168,1610612739,CLE,Cleveland,1908,Jumaine Jones,Jumaine,G,,42:41,5.0,13.0,0.385,1.0,6.0,0.167,1.0,2.0,0.5,4.0,11.0,15.0,2.0,1.0,0.0,1.0,2.0,12.0,-2.0
0020100168,1610612739,CLE,Cleveland,441,Lamond Murray,Lamond,G,,27:03,1.0,12.0,0.083,0.0,1.0,0.0,2.0,2.0,1.0,0.0,4.0,4.0,2.0,1.0,1.0,1.0,3.0,4.0,-1.0
0020100168,1610612739,CLE,Cleveland,2036,Chris Mihm,Chris,F,,32:24,6.0,11.0,0.545,0.0,0.0,0.0,3.0,4.0,0.75,1.0,7.0,8.0,1.0,0.0,2.0,0.0,3.0,15.0,-16.0
0020100168,1610612739,CLE,Cleveland,1889,Andre Miller,Andre,G,,29:33,3.0,10.0,0.3,0.0,0.0,0.0,1.0,2.0,0.5,0.0,3.0,3.0,6.0,2.0,0.0,6.0,4.0,7.0,-5.0
0020100168,1610612739,CLE,Cleveland,445,Wesley Person,Wesley,G,,29:58,2.0,9.0,0.222,1.0,5.0,0.2,0.0,0.0,0.0,0.0,4.0,4.0,1.0,1.0,0.0,0.0,0.0,5.0,-7.0
0020100168,1610612739,CLE,Cleveland,902,Bimbo Coles,Bimbo,F,,5:45,1.0,2.0,0.5,0.0,0.0,0.0,0.0,0.0,0.0,0.0,0.0,0.0,1.0,0.0,0.0,0.0,0.0,2.0,-6.0
0020100168,1610612739,CLE,Cleveland,1729,Ricky Davis,Ricky,G,,24:30,3.0,8.0,0.375,0.0,0.0,0.0,5.0,6.0,0.833,1.0,3.0,4.0,4.0,0.0,0.0,4.0,2.0,11.0,-14.0
0020100168,1610612739,CLE,Cleveland,1730,Brian Skinner,Brian,F,,20:55,2.0,2.0,1.0,0.0,0.0,0.0,0.0,0.0,0.0,1.0,1.0,2.0,0.0,0.0,2.0,0.0,0.0,4.0,-4.0
0020100168,1610612739,CLE,Cleveland,1892,Trajan Langdon,Trajan,F,,14:29,0.0,4.0,0.0,0.0,3.0,0.0,0.0,0.0,0.0,1.0,3.0,4.0,1.0,2.0,0.0,2.0,1.0,0.0,0.0
0020100168,1610612739,CLE,Cleveland,2244,Jeff Trepagnier,Jeff,G,,12:42,4.0,8.0,0.5,0.0,1.0,0.0,0.0,1.0,0.0,0.0,3.0,3.0,1.0,2.0,1.0,3.0,2.0,8.0,0.0
0020100168,1610612739,CLE,Cleveland,1992,,,, ,,,,,,,,,,,,,,,,,,,,
0020100168,1610612739,CLE,Cleveland,2006,,,, ,,,,,,,,,,,,,,,,,,,,
0020100168,1610612739,CLE,Cleveland,2096,,,, ,,,,,,,,,,,,,,,,,,,,
0020100168,1610612739,CLE,Cleveland,2174,,,, ,,,,,,,,,,,,,,,,,,,,
0020100168,1610612739,CLE,Cleveland,1781,,,, ,,,,,,,,,,,,,,,,,,,,
0020100168,1610612739,CLE,Cleveland,1786,,,, ,,,,,,,,,,,,,,,,,,,,
0020100168,1610612739,CLE,Cleveland,1241,,,, ,,,,,,,,,,,,,,,,,,,,
0020100168,1610612739,CLE,Cleveland,1638,,,, ,,,,,,,,,,,,,,,,,,,,
0020100168,1610612739,CLE,Cleveland,2205,DeSagana Diop,DeSagana,,DNP- Sprained Right Knee,,,,,,,,,,,,,,,,,,,,
0020100168,1610612739,CLE,Cleveland,1720,Michael Doleac,Michael,,DNP - Left Ankle Sprain,,,,,,,,,,,,,,,,,,,,
0020100168,1610612755,PHI,Philadelphia,1723,Matt Harpring,Matt,F,,39:42,7.0,14.0,0.5,0.0,0.0,0.0,3.0,3.0,1.0,2.0,6.0,8.0,1.0,2.0,0.0,1.0,3.0,17.0,-3.0
0020100168,1610612755,PHI,Philadelphia,916,Corie Blount,Corie,F,,9:21,0.0,1.0,0.0,0.0,0.0,0.0,0.0,0.0,0.0,0.0,2.0,2.0,1.0,1.0,0.0,0.0,0.0,0.0,10.0
0020100168,1610612755,PHI,Philadelphia,87,Dikembe Mutombo,Dikembe,C,,37:18,2.0,8.0,0.25,0.0,0.0,0.0,5.0,7.0,0.714,4.0,16.0,20.0,1.0,0.0,5.0,3.0,4.0,9.0,13.0
0020100168,1610612755,PHI,Philadelphia,243,Aaron McKie,Aaron,G,,40:56,5.0,14.0,0.357,4.0,10.0,0.4,2.0,2.0,1.0,1.0,4.0,5.0,1.0,1.0,0.0,3.0,1.0,16.0,15.0
0020100168,1610612755,PHI,Philadelphia,947,Allen Iverson,Allen,G,,41:03,9.0,30.0,0.3,1.0,6.0,0.167,8.0,11.0,0.727,0.0,8.0,8.0,5.0,3.0,1.0,4.0,2.0,27.0,14.0
0020100168,1610612755,PHI,Philadelphia,2049,Speedy Claxton,Speedy,F,,32:09,2.0,3.0,0.667,0.0,1.0,0.0,2.0,2.0,1.0,0.0,2.0,2.0,4.0,2.0,0.0,2.0,4.0,6.0,14.0
0020100168,1610612755,PHI,Philadelphia,1952,Raja Bell,Raja,G,,21:48,1.0,5.0,0.2,0.0,0.0,0.0,0.0,0.0,0.0,2.0,2.0,4.0,3.0,2.0,0.0,1.0,1.0,2.0,4.0
0020100168,1610612755,PHI,Philadelphia,1913,Michael Ruffin,Michael,,,12:38,1.0,2.0,0.5,0.0,0.0,0.0,0.0,0.0,0.0,2.0,2.0,4.0,1.0,0.0,2.0,0.0,2.0,2.0,-3.0
0020100168,1610612755,PHI,Philadelphia,1907,Vonteego Cummings,Vonteego,,,5:05,0.0,0.0,0.0,0.0,0.0,0.0,0.0,0.0,0.0,0.0,0.0,0.0,0.0,2.0,0.0,3.0,1.0,0.0,-9.0
0020100168,1610612755,PHI,Philadelphia,1865,,,, ,,,,,,,,,,,,,,,,,,,,
0020100168,1610612755,PHI,Philadelphia,1259,,,, ,,,,,,,,,,,,,,,,,,,,
0020100168,1610612755,PHI,Philadelphia,1285,,,, ,,,,,,,,,,,,,,,,,,,,
0020100168,1610612755,PHI,Philadelphia,1308,,,, ,,,,,,,,,,,,,,,,,,,,
0020100168,1610612755,PHI,Philadelphia,1313,,,, ,,,,,,,,,,,,,,,,,,,,
0020100168,1610612755,PHI,Philadelphia,2169,,,, ,,,,,,,,,,,,,,,,,,,,
0020100168,1610612755,PHI,Philadelphia,1212,,,, ,,,,,,,,,,,,,,,,,,,,
0020100168,1610612755,PHI,Philadelphia,2245,Damone Brown,Damone,,DNP - Coach's Decision,,,,,,,,,,,,,,,,,,,,
0020100168,1610612755,PHI,Philadelphia,934,Derrick Coleman,Derrick,,DNP - Lateral Left Ankle Sprain,,,,,,,,,,,,,,,,,,,,
0020100168,1610612755,PHI,Philadelphia,1906,Tim James,Tim,,DNP - Coach's Decision,,,,,,,,,,,,,,,,,,,,
0020100171,1610612753,ORL,Orlando,255,Grant Hill,Grant,F,,31:42,6.0,12.0,0.5,0.0,0.0,0.0,1.0,1.0,1.0,1.0,6.0,7.0,7.0,0.0,0.0,2.0,4.0,13.0,10.0
0020100171,1610612753,ORL,Orlando,270,Horace Grant,Horace,F,,29:46,5.0,6.0,0.833,0.0,0.0,0.0,3.0,5.0,0.6,1.0,9.0,10.0,3.0,1.0,1.0,2.0,1.0,13.0,17.0
0020100171,1610612753,ORL,Orlando,2212,Steven Hunter,Steven,G,,13:06,0.0,3.0,0.0,0.0,0.0,0.0,1.0,4.0,0.25,4.0,1.0,5.0,0.0,0.0,1.0,1.0,3.0,1.0,-7.0
0020100171,1610612753,ORL,Orlando,1503,Tracy McGrady,Tracy,G,,38:36,10.0,21.0,0.476,0.0,3.0,0.0,4.0,4.0,1.0,2.0,5.0,7.0,8.0,2.0,0.0,2.0,1.0,24.0,17.0
0020100171,1610612753,ORL,Orlando,353,Darrell Armstrong,Darrell,G,,38:16,4.0,7.0,0.571,1.0,3.0,0.333,1.0,1.0,1.0,0.0,2.0,2.0,6.0,2.0,1.0,5.0,1.0,10.0,5.0
0020100171,1610612753,ORL,Orlando,121,Patrick Ewing,Patrick,F,,16:01,1.0,2.0,0.5,0.0,0.0,0.0,4.0,4.0,1.0,0.0,2.0,2.0,1.0,0.0,0.0,1.0,1.0,6.0,-1.0
0020100171,1610612753,ORL,Orlando,2034,Mike Miller,Mike,C,,28:24,7.0,12.0,0.583,5.0,8.0,0.625,2.0,3.0,0.667,0.0,3.0,3.0,1.0,2.0,0.0,3.0,4.0,21.0,19.0
0020100171,1610612753,ORL,Orlando,1727,Pat Garrity,Pat,F,,27:08,7.0,11.0,0.636,5.0,8.0,0.625,0.0,0.0,0.0,0.0,0.0,0.0,0.0,0.0,0.0,1.0,2.0,19.0,10.0
0020100171,1610612753,ORL,Orlando,146,Jud Buechler,Jud,G,,7:46,0.0,1.0,0.0,0.0,0.0,0.0,0.0,0.0,0.0,0.0,1.0,1.0,0.0,1.0,0.0,0.0,0.0,0.0,-13.0
0020100171,1610612753,ORL,Orlando,1607,Troy Hudson,Troy,,,5:13,0.0,1.0,0.0,0.0,0.0,0.0,2.0,2.0,1.0,0.0,0.0,0.0,1.0,0.0,0.0,0.0,0.0,2.0,-5.0
0020100171,1610612753,ORL,Orlando,692,Andrew DeClercq,Andrew,,,4:02,0.0,0.0,0.0,0.0,0.0,0.0,0.0,0.0,0.0,0.0,1.0,1.0,0.0,0.0,0.0,1.0,2.0,0.0,-2.0
0020100171,1610612753,ORL,Orlando,837,,,, ,,,,,,,,,,,,,,,,,,,,
0020100171,1610612753,ORL,Orlando,1296,,,, ,,,,,,,,,,,,,,,,,,,,
0020100171,1610612753,ORL,Orlando,1307,,,, ,,,,,,,,,,,,,,,,,,,,
0020100171,1610612753,ORL,Orlando,1309,,,, ,,,,,,,,,,,,,,,,,,,,
0020100171,1610612753,ORL,Orlando,1332,,,, ,,,,,,,,,,,,,,,,,,,,
0020100171,1610612753,ORL,Orlando,1650,,,, ,,,,,,,,,,,,,,,,,,,,
0020100171,1610612753,ORL,Orlando,1941,,,, ,,,,,,,,,,,,,,,,,,,,
0020100171,1610612753,ORL,Orlando,690,Don Reid,Don,,DNP - Coach's Decision,,,,,,,,,,,,,,,,,,,,
0020100171,1610612766,CHH,Charlotte,136,P.J. Brown,P.J.,G,,27:15,2.0,4.0,0.5,0.0,0.0,0.0,0.0,0.0,0.0,6.0,5.0,11.0,3.0,0.0,0.0,0.0,3.0,4.0,-11.0
0020100171,1610612766,CHH,Charlotte,1924,Lee Nailon,Lee,G,,29:37,5.0,12.0,0.417,0.0,0.0,0.0,0.0,0.0,0.0,0.0,4.0,4.0,2.0,2.0,0.0,1.0,3.0,10.0,-2.0
0020100171,1610612766,CHH,Charlotte,922,Elden Campbell,Elden,F,,28:36,10.0,12.0,0.833,0.0,0.0,0.0,3.0,4.0,0.75,2.0,4.0,6.0,2.0,0.0,0.0,3.0,3.0,23.0,-4.0
0020100171,1610612766,CHH,Charlotte,1884,Baron Davis,Baron,G,,43:29,11.0,25.0,0.44,3.0,9.0,0.333,2.0,3.0,0.667,0.0,3.0,3.0,10.0,5.0,1.0,5.0,3.0,27.0,-10.0
0020100171,1610612766,CHH,Charlotte,133,David Wesley,David,G,,39:21,5.0,17.0,0.294,1.0,7.0,0.143,3.0,3.0,1.0,0.0,1.0,1.0,5.0,4.0,0.0,2.0,2.0,14.0,-15.0
0020100171,1610612766,CHH,Charlotte,278,Stacey Augmon,Stacey,G,,21:49,2.0,4.0,0.5,0.0,0.0,0.0,2.0,2.0,1.0,3.0,2.0,5.0,1.0,1.0,0.0,1.0,0.0,6.0,-8.0
0020100171,1610612766,CHH,Charlotte,2048,Jamaal Magloire,Jamaal,G,,19:24,4.0,6.0,0.667,0.0,0.0,0.0,5.0,8.0,0.625,3.0,2.0,5.0,0.0,0.0,0.0,0.0,1.0,13.0,-6.0
0020100171,1610612766,CHH,Charlotte,1724,Bryce Drew,Bryce,,,9:44,0.0,5.0,0.0,0.0,3.0,0.0,0.0,0.0,0.0,0.0,1.0,1.0,1.0,1.0,0.0,0.0,1.0,0.0,5.0
0020100171,1610612766,CHH,Charlotte,672,Matt Bullard,Matt,C,,14:27,0.0,2.0,0.0,0.0,0.0,0.0,0.0,0.0,0.0,0.0,0.0,0.0,1.0,0.0,0.0,0.0,2.0,0.0,-4.0
0020100171,1610612766,CHH,Charlotte,2040,Jerome Moiso,Jerome,,,6:18,1.0,2.0,0.5,0.0,0.0,0.0,0.0,0.0,0.0,0.0,3.0,3.0,0.0,1.0,1.0,3.0,2.0,2.0,5.0
0020100171,1610612766,CHH,Charlotte,1316,,,, ,,,,,,,,,,,,,,,,,,,,
0020100171,1610612766,CHH,Charlotte,1304,,,, ,,,,,,,,,,,,,,,,,,,,
0020100171,1610612766,CHH,Charlotte,2152,,,, ,,,,,,,,,,,,,,,,,,,,
0020100171,1610612766,CHH,Charlotte,1218,,,, ,,,,,,,,,,,,,,,,,,,,
0020100171,1610612766,CHH,Charlotte,2377,,,, ,,,,,,,,,,,,,,,,,,,,
0020100171,1610612766,CHH,Charlotte,1714,Robert Traylor,Robert,,DNP - Coach's Decision,,,,,,,,,,,,,,,,,,,,
0020100170,1610612742,DAL,Dallas,1761,Greg Buckner,Greg,G,,14:30,0.0,2.0,0.0,0.0,0.0,0.0,0.0,0.0,0.0,0.0,1.0,1.0,1.0,1.0,1.0,1.0,2.0,0.0,1.0
0020100170,1610612742,DAL,Dallas,1717,Dirk Nowitzki,Dirk,F,,43:40,11.0,17.0,0.647,1.0,3.0,0.333,10.0,10.0,1.0,2.0,9.0,11.0,2.0,0.0,0.0,1.0,5.0,33.0,10.0
0020100170,1610612742,DAL,Dallas,762,Shawn Bradley,Shawn,F,,13:02,3.0,4.0,0.75,0.0,0.0,0.0,0.0,0.0,0.0,0.0,3.0,3.0,0.0,1.0,1.0,0.0,4.0,6.0,0.0
0020100170,1610612742,DAL,Dallas,959,Steve Nash,Steve,G,,39:22,8.0,16.0,0.5,3.0,5.0,0.6,3.0,3.0,1.0,2.0,4.0,6.0,9.0,0.0,0.0,3.0,3.0,22.0,16.0
0020100170,1610612742,DAL,Dallas,714,Michael Finley,Michael,G,,40:04,7.0,17.0,0.412,1.0,3.0,0.333,0.0,0.0,0.0,2.0,3.0,5.0,0.0,1.0,1.0,3.0,3.0,15.0,0.0
0020100170,1610612742,DAL,Dallas,896,Tim Hardaway,Tim,G,,17:18,2.0,7.0,0.286,1.0,4.0,0.25,0.0,0.0,0.0,0.0,2.0,2.0,1.0,0.0,0.0,1.0,0.0,5.0,4.0
0020100170,1610612742,DAL,Dallas,1559,Adrian Griffin,Adrian,F,,25:13,3.0,6.0,0.5,0.0,0.0,0.0,0.0,0.0,0.0,2.0,3.0,5.0,3.0,2.0,0.0,1.0,2.0,6.0,-2.0
0020100170,1610612742,DAL,Dallas,436,Juwan Howard,Juwan,G,,34:52,3.0,10.0,0.3,0.0,0.0,0.0,7.0,9.0,0.778,2.0,5.0,7.0,3.0,0.0,1.0,0.0,3.0,13.0,11.0
0020100170,1610612742,DAL,Dallas,1915,Evan Eschmeyer,Evan,G,,4:29,0.0,0.0,0.0,0.0,0.0,0.0,2.0,4.0,0.5,1.0,1.0,2.0,0.0,0.0,0.0,0.0,1.0,2.0,-2.0
0020100170,1610612742,DAL,Dallas,2051,Donnell Harvey,Donnell,,,7:31,1.0,1.0,1.0,0.0,0.0,0.0,0.0,0.0,0.0,1.0,1.0,2.0,0.0,0.0,0.0,0.0,1.0,2.0,12.0
0020100170,1610612742,DAL,Dallas,1643,,,, ,,,,,,,,,,,,,,,,,,,,
0020100170,1610612742,DAL,Dallas,1233,,,, ,,,,,,,,,,,,,,,,,,,,
0020100170,1610612742,DAL,Dallas,1269,,,, ,,,,,,,,,,,,,,,,,,,,
0020100170,1610612742,DAL,Dallas,1317,,,, ,,,,,,,,,,,,,,,,,,,,
0020100170,1610612742,DAL,Dallas,1370,,,, ,,,,,,,,,,,,,,,,,,,,
0020100170,1610612742,DAL,Dallas,1483,,,, ,,,,,,,,,,,,,,,,,,,,
0020100170,1610612742,DAL,Dallas,2154,,,, ,,,,,,,,,,,,,,,,,,,,
0020100170,1610612742,DAL,Dallas,330,Danny Manning,Danny,,DNP - Coach's Decision,,,,,,,,,,,,,,,,,,,,
0020100170,1610612742,DAL,Dallas,2059,Eduardo Najera,Eduardo,,DNP - Coach's Decision,,,,,,,,,,,,,,,,,,,,
0020100170,1610612748,MIA,Miami,111,LaPhonso Ellis,LaPhonso,G,,32:37,3.0,5.0,0.6,1.0,1.0,1.0,0.0,0.0,0.0,4.0,2.0,6.0,2.0,0.0,1.0,1.0,2.0,7.0,-6.0
0020100170,1610612748,MIA,Miami,694,Sam Mack,Sam,F,,25:13,3.0,12.0,0.25,2.0,8.0,0.25,1.0,2.0,0.5,1.0,1.0,2.0,0.0,0.0,1.0,1.0,4.0,9.0,-8.0
0020100170,1610612748,MIA,Miami,1735,Vladimir Stepania,Vladimir,C,,13:54,3.0,6.0,0.5,0.0,0.0,0.0,0.0,2.0,0.0,1.0,4.0,5.0,0.0,1.0,1.0,2.0,3.0,6.0,-6.0
0020100170,1610612748,MIA,Miami,1853,Anthony Carter,Anthony,G,,27:41,1.0,4.0,0.25,0.0,0.0,0.0,0.0,0.0,0.0,1.0,1.0,2.0,12.0,1.0,0.0,3.0,2.0,2.0,-9.0
0020100170,1610612748,MIA,Miami,224,Eddie Jones,Eddie,G,,41:02,5.0,13.0,0.385,4.0,5.0,0.8,8.0,8.0,1.0,1.0,4.0,5.0,4.0,2.0,0.0,1.0,1.0,22.0,-8.0
0020100170,1610612748,MIA,Miami,297,Alonzo Mourning,Alonzo,,,21:07,5.0,6.0,0.833,0.0,0.0,0.0,2.0,3.0,0.667,0.0,5.0,5.0,0.0,0.0,1.0,1.0,1.0,12.0,5.0
0020100170,1610612748,MIA,Miami,393,Rod Strickland,Rod,G,,24:16,5.0,11.0,0.455,0.0,0.0,0.0,4.0,7.0,0.571,0.0,2.0,2.0,5.0,1.0,0.0,0.0,2.0,14.0,2.0
0020100170,1610612748,MIA,Miami,423,Chris Gatling,Chris,G,,21:57,4.0,10.0,0.4,0.0,0.0,0.0,0.0,1.0,0.0,3.0,4.0,7.0,1.0,0.0,1.0,1.0,2.0,8.0,-2.0
0020100170,1610612748,MIA,Miami,1752,Sean Marks,Sean,F,,14:02,3.0,4.0,0.75,0.0,0.0,0.0,1.0,4.0,0.25,1.0,0.0,1.0,1.0,0.0,0.0,0.0,3.0,7.0,-11.0
0020100170,1610612748,MIA,Miami,2067,Eddie House,Eddie,G,,18:11,3.0,7.0,0.429,1.0,1.0,1.0,0.0,0.0,0.0,0.0,2.0,2.0,0.0,1.0,0.0,2.0,3.0,7.0,-7.0
0020100170,1610612748,MIA,Miami,1877,,,, ,,,,,,,,,,,,,,,,,,,,
0020100170,1610612748,MIA,Miami,1642,,,, ,,,,,,,,,,,,,,,,,,,,
0020100170,1610612748,MIA,Miami,1276,,,, ,,,,,,,,,,,,,,,,,,,,
0020100170,1610612748,MIA,Miami,1277,,,, ,,,,,,,,,,,,,,,,,,,,
0020100170,1610612748,MIA,Miami,1279,,,, ,,,,,,,,,,,,,,,,,,,,
0020100170,1610612748,MIA,Miami,1280,,,, ,,,,,,,,,,,,,,,,,,,,
0020100170,1610612748,MIA,Miami,1281,,,, ,,,,,,,,,,,,,,,,,,,,
0020100170,1610612748,MIA,Miami,836,,,, ,,,,,,,,,,,,,,,,,,,,
0020100170,1610612748,MIA,Miami,1787,,,, ,,,,,,,,,,,,,,,,,,,,
0020100170,1610612748,MIA,Miami,2124,Malik Allen,Malik,,DNP - Coach's Decision,,,,,,,,,,,,,,,,,,,,
0020100170,1610612748,MIA,Miami,2347,Tang Hamilton,Tang,,DNP - Coach's Decision,,,,,,,,,,,,,,,,,,,,
0020100173,1610612759,SAS,San Antonio,1477,Bruce Bowen,Bruce,F,,18:58,4.0,11.0,0.364,1.0,4.0,0.25,0.0,0.0,0.0,1.0,1.0,2.0,1.0,1.0,1.0,1.0,3.0,9.0,-1.0
0020100173,1610612759,SAS,San Antonio,1495,Tim Duncan,Tim,G,,42:07,11.0,24.0,0.458,0.0,0.0,0.0,8.0,9.0,0.889,6.0,12.0,18.0,5.0,0.0,3.0,4.0,4.0,30.0,17.0
0020100173,1610612759,SAS,San Antonio,764,David Robinson,David,C,,33:18,2.0,3.0,0.667,0.0,0.0,0.0,4.0,6.0,0.667,4.0,6.0,10.0,1.0,0.0,1.0,1.0,2.0,8.0,13.0
0020100173,1610612759,SAS,San Antonio,120,Steven Smith,Steven,G,,29:57,3.0,7.0,0.429,1.0,3.0,0.333,3.0,3.0,1.0,0.0,3.0,3.0,2.0,0.0,1.0,1.0,1.0,10.0,8.0
0020100173,1610612759,SAS,San Antonio,2225,Tony Parker,Tony,G,,30:20,3.0,9.0,0.333,2.0,4.0,0.5,1.0,5.0,0.2,0.0,2.0,2.0,4.0,1.0,0.0,4.0,2.0,9.0,0.0
0020100173,1610612759,SAS,San Antonio,1498,Antonio Daniels,Antonio,G,,27:40,3.0,6.0,0.5,1.0,3.0,0.333,4.0,4.0,1.0,0.0,5.0,5.0,0.0,1.0,0.0,1.0,1.0,11.0,16.0
0020100173,1610612759,SAS,San Antonio,990,Malik Rose,Malik,G,,13:32,0.0,6.0,0.0,0.0,1.0,0.0,2.0,2.0,1.0,3.0,4.0,7.0,0.0,0.0,1.0,2.0,4.0,2.0,5.0
0020100173,1610612759,SAS,San Antonio,345,Terry Porter,Terry,G,,16:31,2.0,5.0,0.4,1.0,2.0,0.5,4.0,4.0,1.0,2.0,3.0,5.0,4.0,2.0,0.0,2.0,1.0,9.0,12.0
0020100173,1610612759,SAS,San Antonio,198,Danny Ferry,Danny,F,,18:14,2.0,7.0,0.286,1.0,5.0,0.2,0.0,0.0,0.0,0.0,5.0,5.0,0.0,0.0,0.0,0.0,0.0,5.0,19.0
0020100173,1610612759,SAS,San Antonio,685,Cherokee Parks,Cherokee,,,4:42,0.0,2.0,0.0,0.0,0.0,0.0,0.0,0.0,0.0,1.0,3.0,4.0,0.0,0.0,0.0,0.0,1.0,0.0,1.0
0020100173,1610612759,SAS,San Antonio,1043,Amal McCaskill,Amal,,,2:21,1.0,2.0,0.5,0.0,0.0,0.0,0.0,0.0,0.0,0.0,1.0,1.0,0.0,0.0,0.0,0.0,1.0,2.0,0.0
0020100173,1610612759,SAS,San Antonio,1520,Charles Smith,Charles,,,2:20,1.0,1.0,1.0,0.0,0.0,0.0,0.0,0.0,0.0,0.0,0.0,0.0,1.0,0.0,0.0,0.0,0.0,2.0,0.0
0020100173,1610612759,SAS,San Antonio,1658,,,, ,,,,,,,,,,,,,,,,,,,,
0020100173,1610612759,SAS,San Antonio,1264,,,, ,,,,,,,,,,,,,,,,,,,,
0020100173,1610612759,SAS,San Antonio,1331,,,, ,,,,,,,,,,,,,,,,,,,,
0020100173,1610612759,SAS,San Antonio,1371,,,, ,,,,,,,,,,,,,,,,,,,,
0020100173,1610612759,SAS,San Antonio,2381,,,, ,,,,,,,,,,,,,,,,,,,,
0020100173,1610612759,SAS,San Antonio,873,,,, ,,,,,,,,,,,,,,,,,,,,
0020100173,1610612754,IND,Indiana,147,Jalen Rose,Jalen,G,,39:57,8.0,19.0,0.421,1.0,2.0,0.5,0.0,0.0,0.0,1.0,5.0,6.0,10.0,0.0,1.0,2.0,2.0,17.0,-16.0
0020100173,1610612754,IND,Indiana,979,Jermaine O'Neal,Jermaine,G,,35:50,4.0,17.0,0.235,0.0,0.0,0.0,1.0,1.0,1.0,3.0,8.0,11.0,1.0,1.0,2.0,2.0,6.0,9.0,-15.0
0020100173,1610612754,IND,Indiana,1902,Jeff Foster,Jeff,G,,22:39,3.0,7.0,0.429,0.0,0.0,0.0,1.0,3.0,0.333,1.0,2.0,3.0,0.0,0.0,0.0,1.0,5.0,7.0,-7.0
0020100173,1610612754,IND,Indiana,397,Reggie Miller,Reggie,G,,35:50,6.0,8.0,0.75,1.0,2.0,0.5,4.0,4.0,1.0,0.0,3.0,3.0,3.0,2.0,0.0,3.0,4.0,17.0,-11.0
0020100173,1610612754,IND,Indiana,2224,Jamaal Tinsley,Jamaal,G,,32:56,1.0,5.0,0.2,0.0,1.0,0.0,2.0,2.0,1.0,0.0,3.0,3.0,6.0,4.0,0.0,5.0,5.0,4.0,-10.0
0020100173,1610612754,IND,Indiana,1733,Al Harrington,Al,F,,25:02,3.0,11.0,0.273,0.0,0.0,0.0,0.0,0.0,0.0,1.0,3.0,4.0,0.0,0.0,0.0,0.0,6.0,6.0,-19.0
0020100173,1610612754,IND,Indiana,1886,Jonathan Bender,Jonathan,G,,16:14,1.0,5.0,0.2,0.0,1.0,0.0,1.0,1.0,1.0,0.0,1.0,1.0,2.0,1.0,0.0,0.0,1.0,3.0,-9.0
0020100173,1610612754,IND,Indiana,2056,Primoz Brezec,Primoz,C,,9:18,1.0,1.0,1.0,0.0,0.0,0.0,0.0,2.0,0.0,0.0,1.0,1.0,1.0,0.0,0.0,0.0,0.0,2.0,-3.0
0020100173,1610612754,IND,Indiana,1506,Austin Croshere,Austin,,,16:23,3.0,8.0,0.375,2.0,5.0,0.4,0.0,0.0,0.0,1.0,6.0,7.0,0.0,0.0,2.0,1.0,1.0,8.0,-2.0
0020100173,1610612754,IND,Indiana,1743,Bruno Sundov,Bruno,,,3:30,3.0,4.0,0.75,0.0,0.0,0.0,0.0,0.0,0.0,0.0,1.0,1.0,0.0,0.0,0.0,0.0,0.0,6.0,2.0
0020100173,1610612754,IND,Indiana,2249,Jamison Brewer,Jamison,,,2:21,0.0,0.0,0.0,0.0,0.0,0.0,0.0,0.0,0.0,0.0,0.0,0.0,0.0,0.0,0.0,0.0,0.0,0.0,0.0
0020100173,1610612754,IND,Indiana,2099,,,, ,,,,,,,,,,,,,,,,,,,,
0020100173,1610612754,IND,Indiana,2100,,,, ,,,,,,,,,,,,,,,,,,,,
0020100173,1610612754,IND,Indiana,2165,,,, ,,,,,,,,,,,,,,,,,,,,
0020100173,1610612754,IND,Indiana,1857,,,, ,,,,,,,,,,,,,,,,,,,,
0020100173,1610612754,IND,Indiana,1299,,,, ,,,,,,,,,,,,,,,,,,,,
0020100173,1610612754,IND,Indiana,1306,,,, ,,,,,,,,,,,,,,,,,,,,
0020100173,1610612754,IND,Indiana,1263,,,, ,,,,,,,,,,,,,,,,,,,,
0020100173,1610612754,IND,Indiana,435,Carlos Rogers,Carlos,,DND - Flu-like Symtoms,,,,,,,,,,,,,,,,,,,,
0020100172,1610612765,DET,Detroit,688,Michael Curry,Michael,F,,35:12,4.0,7.0,0.571,0.0,0.0,0.0,2.0,3.0,0.667,0.0,2.0,2.0,2.0,2.0,0.0,3.0,2.0,10.0,-7.0
0020100172,1610612765,DET,Detroit,1112,Ben Wallace,Ben,G,,35:10,7.0,10.0,0.7,0.0,0.0,0.0,1.0,5.0,0.2,6.0,4.0,10.0,3.0,3.0,2.0,3.0,4.0,15.0,2.0
0020100172,1610612765,DET,Detroit,361,Clifford Robinson,Clifford,G,,40:33,5.0,17.0,0.294,1.0,2.0,0.5,3.0,5.0,0.6,3.0,7.0,10.0,3.0,1.0,2.0,2.0,1.0,14.0,-3.0
0020100172,1610612765,DET,Detroit,344,Dana Barros,Dana,G,,34:58,4.0,9.0,0.444,0.0,2.0,0.0,0.0,1.0,0.0,0.0,2.0,2.0,4.0,0.0,0.0,3.0,3.0,8.0,-9.0
0020100172,1610612765,DET,Detroit,468,Jon Barry,Jon,G,,39:57,7.0,11.0,0.636,5.0,6.0,0.833,6.0,7.0,0.857,1.0,1.0,2.0,3.0,2.0,0.0,1.0,2.0,25.0,-6.0
0020100172,1610612765,DET,Detroit,722,Corliss Williamson,Corliss,G,,22:22,7.0,10.0,0.7,0.0,0.0,0.0,0.0,0.0,0.0,1.0,0.0,1.0,5.0,0.0,1.0,3.0,3.0,14.0,-6.0
0020100172,1610612765,DET,Detroit,1442,Zeljko Rebraca,Zeljko,F,,18:32,4.0,10.0,0.4,0.0,0.0,0.0,2.0,2.0,1.0,1.0,4.0,5.0,0.0,0.0,0.0,0.0,1.0,10.0,-6.0
0020100172,1610612765,DET,Detroit,1800,Damon Jones,Damon,C,,13:17,1.0,2.0,0.5,1.0,2.0,0.5,0.0,0.0,0.0,1.0,0.0,1.0,1.0,0.0,0.0,1.0,0.0,3.0,0.0
0020100172,1610612765,DET,Detroit,2167,,,, ,,,,,,,,,,,,,,,,,,,,
0020100172,1610612765,DET,Detroit,1655,,,, ,,,,,,,,,,,,,,,,,,,,
0020100172,1610612765,DET,Detroit,1247,,,, ,,,,,,,,,,,,,,,,,,,,
0020100172,1610612765,DET,Detroit,1311,,,, ,,,,,,,,,,,,,,,,,,,,
0020100172,1610612765,DET,Detroit,1320,,,, ,,,,,,,,,,,,,,,,,,,,
0020100172,1610612765,DET,Detroit,1088,Chucky Atkins,Chucky,,DNP - Coach's Decision,,,,,,,,,,,,,,,,,,,,
0020100172,1610612765,DET,Detroit,1630,Mikki Moore,Mikki,,DNP - Coach's Decision,,,,,,,,,,,,,,,,,,,,
0020100172,1610612765,DET,Detroit,711,Jerry Stackhouse,Jerry,,DND - Groin Strain,,,,,,,,,,,,,,,,,,,,
0020100172,1610612765,DET,Detroit,2206,Rodney White,Rodney,,DNP - Coach's Decision,,,,,,,,,,,,,,,,,,,,
0020100172,1610612737,ATL,Atlanta,1901,Dion Glover,Dion,F,,28:17,6.0,14.0,0.429,2.0,4.0,0.5,0.0,0.0,0.0,1.0,3.0,4.0,1.0,2.0,0.0,1.0,0.0,14.0,-15.0
0020100172,1610612737,ATL,Atlanta,949,Shareef Abdur-Rahim,Shareef,G,,45:12,21.0,30.0,0.7,0.0,0.0,0.0,8.0,8.0,1.0,3.0,9.0,12.0,5.0,2.0,1.0,2.0,1.0,50.0,12.0
0020100172,1610612737,ATL,Atlanta,1737,Nazr Mohammed,Nazr,C,,20:03,2.0,7.0,0.286,0.0,0.0,0.0,0.0,0.0,0.0,1.0,3.0,4.0,1.0,1.0,0.0,0.0,3.0,4.0,-1.0
0020100172,1610612737,ATL,Atlanta,1023,Emanual Davis,Emanual,G,,22:33,1.0,2.0,0.5,0.0,1.0,0.0,0.0,0.0,0.0,1.0,0.0,1.0,0.0,2.0,0.0,2.0,3.0,2.0,-10.0
0020100172,1610612737,ATL,Atlanta,1891,Jason Terry,Jason,G,,43:26,4.0,9.0,0.444,3.0,3.0,1.0,4.0,4.0,1.0,1.0,4.0,5.0,8.0,1.0,0.0,4.0,3.0,15.0,15.0
0020100172,1610612737,ATL,Atlanta,1521,Jacque Vaughn,Jacque,G,,22:28,6.0,8.0,0.75,0.0,0.0,0.0,0.0,0.0,0.0,0.0,1.0,1.0,3.0,1.0,0.0,0.0,2.0,12.0,19.0
0020100172,1610612737,ATL,Atlanta,389,Toni Kukoc,Toni,G,,27:16,2.0,4.0,0.5,1.0,3.0,0.333,2.0,3.0,0.667,0.0,3.0,3.0,3.0,0.0,1.0,4.0,3.0,7.0,12.0
0020100172,1610612737,ATL,Atlanta,1898,Cal Bowdler,Cal,F,,17:26,0.0,1.0,0.0,0.0,0.0,0.0,0.0,0.0,0.0,0.0,3.0,3.0,0.0,0.0,0.0,0.0,1.0,0.0,18.0
0020100172,1610612737,ATL,Atlanta,2069,Hanno Mottola,Hanno,,,13:19,1.0,3.0,0.333,0.0,0.0,0.0,0.0,0.0,0.0,0.0,2.0,2.0,0.0,0.0,0.0,0.0,4.0,2.0,-15.0
0020100172,1610612737,ATL,Atlanta,2094,,,, ,,,,,,,,,,,,,,,,,,,,
0020100172,1610612737,ATL,Atlanta,2150,,,, ,,,,,,,,,,,,,,,,,,,,
0020100172,1610612737,ATL,Atlanta,2151,,,, ,,,,,,,,,,,,,,,,,,,,
0020100172,1610612737,ATL,Atlanta,1774,,,, ,,,,,,,,,,,,,,,,,,,,
0020100172,1610612737,ATL,Atlanta,2376,,,, ,,,,,,,,,,,,,,,,,,,,
0020100172,1610612737,ATL,Atlanta,1260,,,, ,,,,,,,,,,,,,,,,,,,,
0020100172,1610612737,ATL,Atlanta,2035,DerMarr Johnson,DerMarr,,DNP - Coach's Decision,,,,,,,,,,,,,,,,,,,,
0020100172,1610612737,ATL,Atlanta,1110,Mark Strickland,Mark,,DNP - Coach's Decision,,,,,,,,,,,,,,,,,,,,
0020100183,1610612763,MEM,Memphis,2200,Pau Gasol,Pau,F,,38:48,4.0,10.0,0.4,0.0,1.0,0.0,3.0,5.0,0.6,1.0,5.0,6.0,1.0,2.0,4.0,4.0,1.0,11.0,-3.0
0020100183,1610612763,MEM,Memphis,3,Grant Long,Grant,F,,21:40,2.0,6.0,0.333,0.0,0.0,0.0,2.0,2.0,1.0,0.0,3.0,3.0,0.0,1.0,0.0,1.0,3.0,6.0,-15.0
0020100183,1610612763,MEM,Memphis,953,Lorenzen Wright,Lorenzen,C,,34:25,2.0,9.0,0.222,0.0,0.0,0.0,2.0,4.0,0.5,3.0,10.0,13.0,3.0,0.0,2.0,2.0,5.0,6.0,-19.0
0020100183,1610612763,MEM,Memphis,2203,Shane Battier,Shane,G,,44:51,7.0,12.0,0.583,1.0,2.0,0.5,3.0,3.0,1.0,2.0,4.0,6.0,0.0,1.0,0.0,2.0,2.0,18.0,-2.0
0020100183,1610612763,MEM,Memphis,1715,Jason Williams,Jason,G,,34:56,9.0,18.0,0.5,5.0,11.0,0.455,2.0,2.0,1.0,0.0,3.0,3.0,4.0,0.0,0.0,5.0,2.0,25.0,-14.0
0020100183,1610612763,MEM,Memphis,1934,Rodney Buford,Rodney,F,,17:21,3.0,5.0,0.6,0.0,1.0,0.0,0.0,0.0,0.0,1.0,5.0,6.0,1.0,0.0,0.0,2.0,2.0,6.0,-2.0
0020100183,1610612763,MEM,Memphis,98,Nick Anderson,Nick,G,,15:23,2.0,6.0,0.333,0.0,3.0,0.0,0.0,0.0,0.0,0.0,1.0,1.0,0.0,0.0,0.0,0.0,1.0,4.0,7.0
0020100183,1610612763,MEM,Memphis,1134,Ike Austin,Ike,C,,13:35,1.0,3.0,0.333,0.0,0.0,0.0,0.0,0.0,0.0,2.0,2.0,4.0,0.0,0.0,0.0,1.0,5.0,2.0,12.0
0020100183,1610612763,MEM,Memphis,1510,Brevin Knight,Brevin,G,,19:01,3.0,4.0,0.75,0.0,0.0,0.0,0.0,0.0,0.0,0.0,0.0,0.0,8.0,3.0,0.0,3.0,2.0,6.0,1.0
0020100183,1610612763,MEM,Memphis,888,,,, ,,,,,,,,,,,,,,,,,,,,
0020100183,1610612763,MEM,Memphis,1226,,,, ,,,,,,,,,,,,,,,,,,,,
0020100183,1610612763,MEM,Memphis,1356,,,, ,,,,,,,,,,,,,,,,,,,,
0020100183,1610612763,MEM,Memphis,1358,,,, ,,,,,,,,,,,,,,,,,,,,
0020100183,1610612763,MEM,Memphis,1994,,,, ,,,,,,,,,,,,,,,,,,,,
0020100183,1610612763,MEM,Memphis,2163,,,, ,,,,,,,,,,,,,,,,,,,,
0020100183,1610612763,MEM,Memphis,2164,,,, ,,,,,,,,,,,,,,,,,,,,
0020100183,1610612763,MEM,Memphis,1795,,,, ,,,,,,,,,,,,,,,,,,,,
0020100183,1610612763,MEM,Memphis,2353,,,, ,,,,,,,,,,,,,,,,,,,,
0020100183,1610612763,MEM,Memphis,763,Tony Massenburg,Tony,,DND - RIGHT ANKLE SPRAIN,,,,,,,,,,,,,,,,,,,,
0020100183,1610612763,MEM,Memphis,2226,Will Solomon,Will,,DNP - Coach's Decision,,,,,,,,,,,,,,,,,,,,
0020100183,1610612763,MEM,Memphis,2031,Stromile Swift,Stromile,,DNP - Coach's Decision,,,,,,,,,,,,,,,,,,,,
0020100183,1610612765,DET,Detroit,688,Michael Curry,Michael,F,,36:01,3.0,11.0,0.273,0.0,1.0,0.0,4.0,4.0,1.0,0.0,2.0,2.0,1.0,1.0,0.0,2.0,3.0,10.0,5.0
0020100183,1610612765,DET,Detroit,1112,Ben Wallace,Ben,F,,36:15,2.0,8.0,0.25,0.0,0.0,0.0,0.0,2.0,0.0,4.0,7.0,11.0,0.0,2.0,4.0,0.0,2.0,4.0,20.0
0020100183,1610612765,DET,Detroit,361,Clifford Robinson,Clifford,C,,35:56,10.0,20.0,0.5,1.0,2.0,0.5,2.0,2.0,1.0,1.0,4.0,5.0,4.0,0.0,3.0,1.0,4.0,23.0,4.0
0020100183,1610612765,DET,Detroit,468,Jon Barry,Jon,G,,41:57,5.0,6.0,0.833,0.0,1.0,0.0,5.0,7.0,0.714,0.0,7.0,7.0,3.0,3.0,0.0,3.0,1.0,15.0,8.0
0020100183,1610612765,DET,Detroit,344,Dana Barros,Dana,G,,24:15,5.0,8.0,0.625,1.0,1.0,1.0,3.0,4.0,0.75,0.0,4.0,4.0,2.0,0.0,0.0,3.0,1.0,14.0,2.0
0020100183,1610612765,DET,Detroit,1442,Zeljko Rebraca,Zeljko,C,,18:15,4.0,7.0,0.571,0.0,0.0,0.0,2.0,3.0,0.667,0.0,2.0,2.0,1.0,1.0,0.0,4.0,2.0,10.0,-5.0
0020100183,1610612765,DET,Detroit,1088,Chucky Atkins,Chucky,G,,23:45,3.0,7.0,0.429,1.0,4.0,0.25,2.0,5.0,0.4,0.0,1.0,1.0,5.0,0.0,0.0,1.0,1.0,9.0,5.0
0020100183,1610612765,DET,Detroit,1630,Mikki Moore,Mikki,F,,5:34,0.0,0.0,0.0,0.0,0.0,0.0,0.0,0.0,0.0,0.0,0.0,0.0,1.0,0.0,0.0,0.0,1.0,0.0,-5.0
0020100183,1610612765,DET,Detroit,2206,Rodney White,Rodney,F,,18:02,2.0,3.0,0.667,0.0,0.0,0.0,2.0,2.0,1.0,0.0,2.0,2.0,2.0,0.0,0.0,2.0,2.0,6.0,1.0
0020100183,1610612765,DET,Detroit,1655,,,, ,,,,,,,,,,,,,,,,,,,,
0020100183,1610612765,DET,Detroit,1247,,,, ,,,,,,,,,,,,,,,,,,,,
0020100183,1610612765,DET,Detroit,1311,,,, ,,,,,,,,,,,,,,,,,,,,
0020100183,1610612765,DET,Detroit,1320,,,, ,,,,,,,,,,,,,,,,,,,,
0020100183,1610612765,DET,Detroit,2167,,,, ,,,,,,,,,,,,,,,,,,,,
0020100183,1610612765,DET,Detroit,1800,Damon Jones,Damon,,DNP - Coach's Decision,,,,,,,,,,,,,,,,,,,,
0020100183,1610612765,DET,Detroit,711,Jerry Stackhouse,Jerry,,DND - GROIN STRAIN,,,,,,,,,,,,,,,,,,,,
0020100183,1610612765,DET,Detroit,722,Corliss Williamson,Corliss,,DND - STRAINED LEFT HIP FLEXOR,,,,,,,,,,,,,,,,,,,,
0020100180,1610612738,BOS,Boston,1718,Paul Pierce,Paul,G,,48:07,7.0,20.0,0.35,2.0,7.0,0.286,7.0,8.0,0.875,2.0,5.0,7.0,5.0,1.0,2.0,2.0,2.0,23.0,-5.0
0020100180,1610612738,BOS,Boston,952,Antoine Walker,Antoine,F,,49:44,8.0,20.0,0.4,3.0,9.0,0.333,5.0,5.0,1.0,1.0,10.0,11.0,5.0,1.0,0.0,2.0,5.0,24.0,1.0
0020100180,1610612738,BOS,Boston,1499,Tony Battie,Tony,F,,26:49,3.0,7.0,0.429,0.0,0.0,0.0,1.0,2.0,0.5,1.0,5.0,6.0,0.0,3.0,0.0,1.0,4.0,7.0,-9.0
0020100180,1610612738,BOS,Boston,2207,Joe Johnson,Joe,G,,22:30,1.0,8.0,0.125,0.0,3.0,0.0,1.0,2.0,0.5,1.0,4.0,5.0,2.0,1.0,0.0,1.0,1.0,3.0,-9.0
0020100180,1610612738,BOS,Boston,72,Kenny Anderson,Kenny,G,,16:48,1.0,5.0,0.2,0.0,0.0,0.0,0.0,0.0,0.0,0.0,0.0,0.0,1.0,1.0,0.0,3.0,1.0,2.0,-4.0
0020100180,1610612738,BOS,Boston,1960,Milt Palacio,Milt,G,,36:12,9.0,14.0,0.643,1.0,2.0,0.5,0.0,0.0,0.0,1.0,3.0,4.0,1.0,0.0,1.0,3.0,2.0,19.0,0.0
0020100180,1610612738,BOS,Boston,1065,Erick Strickland,Erick,,,12:38,1.0,5.0,0.2,0.0,2.0,0.0,0.0,0.0,0.0,0.0,0.0,0.0,0.0,0.0,0.0,1.0,2.0,2.0,-11.0
0020100180,1610612738,BOS,Boston,958,Vitaly Potapenko,Vitaly,G,,26:17,1.0,3.0,0.333,0.0,0.0,0.0,0.0,0.0,0.0,0.0,7.0,7.0,0.0,1.0,1.0,1.0,0.0,2.0,11.0
0020100180,1610612738,BOS,Boston,1548,Mark Blount,Mark,,,2:03,0.0,0.0,0.0,0.0,0.0,0.0,0.0,0.0,0.0,0.0,0.0,0.0,0.0,1.0,1.0,1.0,0.0,0.0,0.0
0020100180,1610612738,BOS,Boston,962,Walter McCarty,Walter,,,6:58,0.0,2.0,0.0,0.0,1.0,0.0,0.0,0.0,0.0,1.0,0.0,1.0,1.0,0.0,0.0,0.0,4.0,0.0,-3.0
0020100180,1610612738,BOS,Boston,2208,Kedrick Brown,Kedrick,G,,16:55,1.0,4.0,0.25,0.0,3.0,0.0,0.0,0.0,0.0,1.0,1.0,2.0,2.0,0.0,2.0,0.0,0.0,2.0,9.0
0020100180,1610612738,BOS,Boston,2345,,,, ,,,,,,,,,,,,,,,,,,,,
0020100180,1610612738,BOS,Boston,1321,,,, ,,,,,,,,,,,,,,,,,,,,
0020100180,1610612738,BOS,Boston,1875,,,, ,,,,,,,,,,,,,,,,,,,,
0020100180,1610612738,BOS,Boston,1213,,,, ,,,,,,,,,,,,,,,,,,,,
0020100180,1610612738,BOS,Boston,1639,,,, ,,,,,,,,,,,,,,,,,,,,
0020100180,1610612738,BOS,Boston,1641,,,, ,,,,,,,,,,,,,,,,,,,,
0020100180,1610612738,BOS,Boston,2218,Joseph Forte,Joseph,,DNP - Coach's Decision,,,,,,,,,,,,,,,,,,,,
0020100180,1610612764,WAS,Washington,893,Michael Jordan,Michael,F,,44:41,7.0,24.0,0.292,0.0,1.0,0.0,3.0,3.0,1.0,1.0,10.0,11.0,6.0,1.0,0.0,2.0,3.0,17.0,2.0
0020100180,1610612764,WAS,Washington,363,Christian Laettner,Christian,G,,41:40,8.0,10.0,0.8,0.0,0.0,0.0,1.0,1.0,1.0,1.0,4.0,5.0,4.0,0.0,1.0,4.0,3.0,17.0,5.0
0020100180,1610612764,WAS,Washington,1751,Jahidi White,Jahidi,F,,21:23,3.0,3.0,1.0,0.0,0.0,0.0,4.0,4.0,1.0,1.0,8.0,9.0,0.0,1.0,2.0,3.0,1.0,10.0,3.0
0020100180,1610612764,WAS,Washington,1888,Richard Hamilton,Richard,G,,38:38,5.0,19.0,0.263,0.0,0.0,0.0,6.0,6.0,1.0,3.0,5.0,8.0,6.0,1.0,0.0,2.0,1.0,16.0,9.0
0020100180,1610612764,WAS,Washington,43,Chris Whitney,Chris,G,,22:34,0.0,2.0,0.0,0.0,1.0,0.0,0.0,0.0,0.0,0.0,1.0,1.0,4.0,2.0,0.0,1.0,5.0,0.0,8.0
0020100180,1610612764,WAS,Washington,461,Popeye Jones,Popeye,G,,35:26,5.0,9.0,0.556,0.0,0.0,0.0,1.0,1.0,1.0,2.0,8.0,10.0,1.0,1.0,2.0,2.0,3.0,11.0,-6.0
0020100180,1610612764,WAS,Washington,93,Hubert Davis,Hubert,F,,36:36,4.0,14.0,0.286,0.0,6.0,0.0,0.0,0.0,0.0,0.0,5.0,5.0,5.0,1.0,0.0,2.0,2.0,8.0,-1.0
0020100180,1610612764,WAS,Washington,2198,Kwame Brown,Kwame,F,,6:43,2.0,3.0,0.667,0.0,0.0,0.0,1.0,1.0,1.0,1.0,1.0,2.0,0.0,0.0,0.0,0.0,1.0,5.0,2.0
0020100180,1610612764,WAS,Washington,2042,Courtney Alexander,Courtney,G,,17:12,2.0,6.0,0.333,0.0,0.0,0.0,0.0,0.0,0.0,1.0,2.0,3.0,1.0,0.0,0.0,0.0,1.0,4.0,-2.0
0020100180,1610612764,WAS,Washington,2250,Bobby Simmons,Bobby,,,0:07,0.0,0.0,0.0,0.0,0.0,0.0,0.0,0.0,0.0,0.0,0.0,0.0,0.0,0.0,0.0,0.0,0.0,0.0,0.0
0020100180,1610612764,WAS,Washington,2171,,,, ,,,,,,,,,,,,,,,,,,,,
0020100180,1610612764,WAS,Washington,1340,,,, ,,,,,,,,,,,,,,,,,,,,
0020100180,1610612764,WAS,Washington,1244,,,, ,,,,,,,,,,,,,,,,,,,,
0020100180,1610612764,WAS,Washington,1245,,,, ,,,,,,,,,,,,,,,,,,,,
0020100180,1610612764,WAS,Washington,1251,,,, ,,,,,,,,,,,,,,,,,,,,
0020100180,1610612764,WAS,Washington,1271,,,, ,,,,,,,,,,,,,,,,,,,,
0020100180,1610612764,WAS,Washington,2382,,,, ,,,,,,,,,,,,,,,,,,,,
0020100180,1610612764,WAS,Washington,2383,,,, ,,,,,,,,,,,,,,,,,,,,
0020100180,1610612764,WAS,Washington,1838,Tyrone Nesby,Tyrone,,DNP - Coach's Decision,,,,,,,,,,,,,,,,,,,,
0020100180,1610612764,WAS,Washington,2041,Etan Thomas,Etan,,DNP - Coach's Decision,,,,,,,,,,,,,,,,,,,,
0020100182,1610612748,MIA,Miami,2067,Eddie House,Eddie,F,,44:14,7.0,14.0,0.5,3.0,5.0,0.6,0.0,0.0,0.0,0.0,1.0,1.0,2.0,1.0,0.0,2.0,1.0,17.0,-3.0
0020100182,1610612748,MIA,Miami,111,LaPhonso Ellis,LaPhonso,F,,32:03,5.0,9.0,0.556,0.0,1.0,0.0,0.0,0.0,0.0,3.0,4.0,7.0,1.0,1.0,0.0,1.0,3.0,10.0,-12.0
0020100182,1610612748,MIA,Miami,297,Alonzo Mourning,Alonzo,C,,34:51,6.0,10.0,0.6,0.0,0.0,0.0,2.0,3.0,0.667,3.0,4.0,7.0,0.0,1.0,1.0,7.0,3.0,14.0,-8.0
0020100182,1610612748,MIA,Miami,1853,Anthony Carter,Anthony,G,,40:02,1.0,8.0,0.125,0.0,0.0,0.0,0.0,2.0,0.0,1.0,1.0,2.0,14.0,1.0,0.0,1.0,6.0,2.0,-4.0
0020100182,1610612748,MIA,Miami,224,Eddie Jones,Eddie,G,,47:35,7.0,15.0,0.467,5.0,8.0,0.625,8.0,10.0,0.8,1.0,12.0,13.0,5.0,0.0,4.0,1.0,3.0,27.0,-4.0
0020100182,1610612748,MIA,Miami,1752,Sean Marks,Sean,,,12:35,0.0,3.0,0.0,0.0,0.0,0.0,3.0,4.0,0.75,0.0,2.0,2.0,0.0,0.0,0.0,0.0,3.0,3.0,1.0
0020100182,1610612748,MIA,Miami,423,Chris Gatling,Chris,G,,23:38,6.0,7.0,0.857,0.0,0.0,0.0,5.0,9.0,0.556,1.0,0.0,1.0,1.0,1.0,1.0,1.0,2.0,17.0,7.0
0020100182,1610612748,MIA,Miami,393,Rod Strickland,Rod,G,,21:38,2.0,10.0,0.2,0.0,0.0,0.0,2.0,2.0,1.0,1.0,3.0,4.0,4.0,3.0,0.0,2.0,2.0,6.0,-1.0
0020100182,1610612748,MIA,Miami,2347,Tang Hamilton,Tang,G,,8:24,0.0,0.0,0.0,0.0,0.0,0.0,0.0,0.0,0.0,0.0,2.0,2.0,0.0,0.0,0.0,0.0,1.0,0.0,4.0
0020100182,1610612748,MIA,Miami,1877,,,, ,,,,,,,,,,,,,,,,,,,,
0020100182,1610612748,MIA,Miami,1642,,,, ,,,,,,,,,,,,,,,,,,,,
0020100182,1610612748,MIA,Miami,836,,,, ,,,,,,,,,,,,,,,,,,,,
0020100182,1610612748,MIA,Miami,1276,,,, ,,,,,,,,,,,,,,,,,,,,
0020100182,1610612748,MIA,Miami,1279,,,, ,,,,,,,,,,,,,,,,,,,,
0020100182,1610612748,MIA,Miami,1281,,,, ,,,,,,,,,,,,,,,,,,,,
0020100182,1610612748,MIA,Miami,0,,,, ,,,,,,,,,,,,,,,,,,,,
0020100182,1610612748,MIA,Miami,1787,,,, ,,,,,,,,,,,,,,,,,,,,
0020100182,1610612748,MIA,Miami,2124,Malik Allen,Malik,,DNP - Coach's Decision,,,,,,,,,,,,,,,,,,,,
0020100182,1610612748,MIA,Miami,1735,Vladimir Stepania,Vladimir,,DNP - Coach's Decision,,,,,,,,,,,,,,,,,,,,
0020100182,1610612739,CLE,Cleveland,1908,Jumaine Jones,Jumaine,F,,27:03,3.0,5.0,0.6,0.0,1.0,0.0,2.0,3.0,0.667,1.0,5.0,6.0,2.0,1.0,0.0,2.0,4.0,8.0,13.0
0020100182,1610612739,CLE,Cleveland,441,Lamond Murray,Lamond,F,,36:01,4.0,19.0,0.211,2.0,4.0,0.5,5.0,5.0,1.0,1.0,4.0,5.0,6.0,0.0,1.0,2.0,3.0,15.0,12.0
0020100182,1610612739,CLE,Cleveland,2036,Chris Mihm,Chris,C,,35:02,3.0,8.0,0.375,0.0,0.0,0.0,4.0,4.0,1.0,1.0,4.0,5.0,0.0,0.0,1.0,1.0,6.0,10.0,1.0
0020100182,1610612739,CLE,Cleveland,1889,Andre Miller,Andre,G,,46:10,8.0,15.0,0.533,1.0,1.0,1.0,4.0,6.0,0.667,1.0,3.0,4.0,12.0,1.0,2.0,2.0,0.0,21.0,8.0
0020100182,1610612739,CLE,Cleveland,445,Wesley Person,Wesley,G,,46:45,10.0,16.0,0.625,3.0,5.0,0.6,2.0,2.0,1.0,4.0,10.0,14.0,1.0,0.0,0.0,1.0,3.0,25.0,7.0
0020100182,1610612739,CLE,Cleveland,1730,Brian Skinner,Brian,F,,26:09,4.0,5.0,0.8,0.0,0.0,0.0,1.0,2.0,0.5,2.0,3.0,5.0,0.0,0.0,1.0,2.0,5.0,9.0,-11.0
0020100182,1610612739,CLE,Cleveland,1729,Ricky Davis,Ricky,G,,31:23,3.0,10.0,0.3,0.0,0.0,0.0,6.0,8.0,0.75,1.0,5.0,6.0,2.0,2.0,0.0,0.0,1.0,12.0,-7.0
0020100182,1610612739,CLE,Cleveland,2244,Jeff Trepagnier,Jeff,G,,5:06,0.0,1.0,0.0,0.0,0.0,0.0,0.0,0.0,0.0,2.0,0.0,2.0,1.0,0.0,0.0,1.0,1.0,0.0,2.0
0020100182,1610612739,CLE,Cleveland,902,Bimbo Coles,Bimbo,G,,11:22,0.0,3.0,0.0,0.0,0.0,0.0,0.0,0.0,0.0,0.0,1.0,1.0,2.0,0.0,0.0,2.0,2.0,0.0,-5.0
0020100182,1610612739,CLE,Cleveland,1241,,,, ,,,,,,,,,,,,,,,,,,,,
0020100182,1610612739,CLE,Cleveland,1781,,,, ,,,,,,,,,,,,,,,,,,,,
0020100182,1610612739,CLE,Cleveland,1786,,,, ,,,,,,,,,,,,,,,,,,,,
0020100182,1610612739,CLE,Cleveland,1638,,,, ,,,,,,,,,,,,,,,,,,,,
0020100182,1610612739,CLE,Cleveland,2096,,,, ,,,,,,,,,,,,,,,,,,,,
0020100182,1610612739,CLE,Cleveland,2174,,,, ,,,,,,,,,,,,,,,,,,,,
0020100182,1610612739,CLE,Cleveland,1992,,,, ,,,,,,,,,,,,,,,,,,,,
0020100182,1610612739,CLE,Cleveland,2006,,,, ,,,,,,,,,,,,,,,,,,,,
0020100182,1610612739,CLE,Cleveland,2205,DeSagana Diop,DeSagana,,DNP - Coach's Decision,,,,,,,,,,,,,,,,,,,,
0020100182,1610612739,CLE,Cleveland,1720,Michael Doleac,Michael,,DNP - Coach's Decision,,,,,,,,,,,,,,,,,,,,
0020100182,1610612739,CLE,Cleveland,1892,Trajan Langdon,Trajan,,DNP - Coach's Decision,,,,,,,,,,,,,,,,,,,,
0020100187,1610612751,NJN,New Jersey,1496,Keith Van Horn,Keith,G,,41:02,8.0,15.0,0.533,2.0,3.0,0.667,1.0,4.0,0.25,1.0,9.0,10.0,1.0,2.0,0.0,2.0,3.0,19.0,-4.0
0020100187,1610612751,NJN,New Jersey,2030,Kenyon Martin,Kenyon,G,,31:57,9.0,19.0,0.474,0.0,0.0,0.0,2.0,4.0,0.5,2.0,2.0,4.0,1.0,1.0,0.0,0.0,6.0,20.0,-8.0
0020100187,1610612751,NJN,New Jersey,1928,Todd MacCulloch,Todd,F,,34:46,2.0,8.0,0.25,0.0,0.0,0.0,3.0,4.0,0.75,2.0,6.0,8.0,4.0,0.0,3.0,3.0,4.0,7.0,-4.0
0020100187,1610612751,NJN,New Jersey,954,Kerry Kittles,Kerry,G,,40:42,6.0,15.0,0.4,1.0,1.0,1.0,1.0,1.0,1.0,1.0,6.0,7.0,3.0,1.0,0.0,2.0,3.0,14.0,2.0
0020100187,1610612751,NJN,New Jersey,467,Jason Kidd,Jason,G,,41:19,6.0,16.0,0.375,2.0,6.0,0.333,2.0,2.0,1.0,0.0,10.0,10.0,12.0,0.0,0.0,6.0,1.0,16.0,0.0
0020100187,1610612751,NJN,New Jersey,446,Lucious Harris,Lucious,F,,24:31,4.0,7.0,0.571,0.0,1.0,0.0,0.0,0.0,0.0,0.0,5.0,5.0,3.0,1.0,0.0,0.0,1.0,8.0,5.0
0020100187,1610612751,NJN,New Jersey,1425,Aaron Williams,Aaron,G,,13:06,5.0,9.0,0.556,0.0,0.0,0.0,0.0,0.0,0.0,2.0,3.0,5.0,0.0,1.0,1.0,2.0,5.0,10.0,1.0
0020100187,1610612751,NJN,New Jersey,2215,Jason Collins,Jason,G,,4:55,0.0,0.0,0.0,0.0,0.0,0.0,0.0,0.0,0.0,0.0,0.0,0.0,1.0,0.0,0.0,0.0,1.0,0.0,2.0
0020100187,1610612751,NJN,New Jersey,1760,Derrick Dial,Derrick,G,,7:42,1.0,3.0,0.333,0.0,0.0,0.0,1.0,1.0,1.0,0.0,1.0,1.0,0.0,0.0,0.0,0.0,2.0,3.0,1.0
0020100187,1610612751,NJN,New Jersey,1673,,,, ,,,,,,,,,,,,,,,,,,,,
0020100187,1610612751,NJN,New Jersey,2009,,,, ,,,,,,,,,,,,,,,,,,,,
0020100187,1610612751,NJN,New Jersey,1303,,,, ,,,,,,,,,,,,,,,,,,,,
0020100187,1610612751,NJN,New Jersey,1324,,,, ,,,,,,,,,,,,,,,,,,,,
0020100187,1610612751,NJN,New Jersey,1776,,,, ,,,,,,,,,,,,,,,,,,,,
0020100187,1610612751,NJN,New Jersey,1789,,,, ,,,,,,,,,,,,,,,,,,,,
0020100187,1610612751,NJN,New Jersey,1876,,,, ,,,,,,,,,,,,,,,,,,,,
0020100187,1610612751,NJN,New Jersey,2380,,,, ,,,,,,,,,,,,,,,,,,,,
0020100187,1610612751,NJN,New Jersey,2220,Brandon Armstrong,Brandon,,DNP - Coach's Decision,,,,,,,,,,,,,,,,,,,,
0020100187,1610612751,NJN,New Jersey,2210,Richard Jefferson,Richard,,DND - strained left knee,,,,,,,,,,,,,,,,,,,,
0020100187,1610612751,NJN,New Jersey,1073,Reggie Slater,Reggie,,DNP - Coach's Decision,,,,,,,,,,,,,,,,,,,,
0020100187,1610612758,SAC,Sacramento,978,Peja Stojakovic,Peja,F,,45:22,9.0,22.0,0.409,0.0,6.0,0.0,11.0,12.0,0.917,0.0,3.0,3.0,3.0,3.0,0.0,1.0,1.0,29.0,7.0
0020100187,1610612758,SAC,Sacramento,1513,Scot Pollard,Scot,G,,27:08,1.0,4.0,0.25,0.0,0.0,0.0,2.0,4.0,0.5,1.0,4.0,5.0,1.0,1.0,1.0,0.0,3.0,4.0,5.0
0020100187,1610612758,SAC,Sacramento,124,Vlade Divac,Vlade,G,,43:05,7.0,18.0,0.389,0.0,0.0,0.0,4.0,12.0,0.333,5.0,14.0,19.0,7.0,2.0,0.0,2.0,5.0,18.0,7.0
0020100187,1610612758,SAC,Sacramento,57,Doug Christie,Doug,G,,41:19,4.0,9.0,0.444,1.0,5.0,0.2,1.0,1.0,1.0,0.0,4.0,4.0,5.0,0.0,0.0,3.0,1.0,10.0,5.0
0020100187,1610612758,SAC,Sacramento,1710,Mike Bibby,Mike,G,,32:45,8.0,16.0,0.5,0.0,0.0,0.0,0.0,0.0,0.0,0.0,3.0,3.0,3.0,1.0,0.0,0.0,1.0,16.0,-10.0
0020100187,1610612758,SAC,Sacramento,1517,Bobby Jackson,Bobby,G,,26:03,4.0,9.0,0.444,0.0,2.0,0.0,5.0,6.0,0.833,1.0,5.0,6.0,1.0,2.0,0.0,0.0,2.0,13.0,0.0
0020100187,1610612758,SAC,Sacramento,1444,Lawrence Funderburke,Lawrence,G,,5:14,0.0,0.0,0.0,0.0,0.0,0.0,0.0,0.0,0.0,0.0,1.0,1.0,0.0,0.0,0.0,0.0,0.0,0.0,-5.0
0020100187,1610612758,SAC,Sacramento,2045,Hedo Turkoglu,Hedo,G,,19:04,3.0,9.0,0.333,1.0,3.0,0.333,1.0,2.0,0.5,0.0,4.0,4.0,0.0,1.0,1.0,1.0,1.0,8.0,-4.0
0020100187,1610612758,SAC,Sacramento,1327,,,, ,,,,,,,,,,,,,,,,,,,,
0020100187,1610612758,SAC,Sacramento,1328,,,, ,,,,,,,,,,,,,,,,,,,,
0020100187,1610612758,SAC,Sacramento,1322,,,, ,,,,,,,,,,,,,,,,,,,,
0020100187,1610612758,SAC,Sacramento,1248,,,, ,,,,,,,,,,,,,,,,,,,,
0020100187,1610612758,SAC,Sacramento,1249,,,, ,,,,,,,,,,,,,,,,,,,,
0020100187,1610612758,SAC,Sacramento,1775,,,, ,,,,,,,,,,,,,,,,,,,,
0020100187,1610612758,SAC,Sacramento,2043,Mateen Cleaves,Mateen,,DNP - Coach's Decision,,,,,,,,,,,,,,,,,,,,
0020100187,1610612758,SAC,Sacramento,85,Brent Price,Brent,,DNP - Coach's Decision,,,,,,,,,,,,,,,,,,,,
0020100187,1610612758,SAC,Sacramento,2074,Jabari Smith,Jabari,,DNP - Coach's Decision,,,,,,,,,,,,,,,,,,,,
0020100187,1610612758,SAC,Sacramento,2222,Gerald Wallace,Gerald,,DNP - Coach's Decision,,,,,,,,,,,,,,,,,,,,
0020100186,1610612737,ATL,Atlanta,949,Shareef Abdur-Rahim,Shareef,F,,39:56,8.0,18.0,0.444,0.0,0.0,0.0,7.0,9.0,0.778,3.0,11.0,14.0,0.0,0.0,2.0,2.0,2.0,23.0,-6.0
0020100186,1610612737,ATL,Atlanta,1901,Dion Glover,Dion,F,,27:51,4.0,12.0,0.333,0.0,2.0,0.0,1.0,2.0,0.5,1.0,3.0,4.0,2.0,2.0,0.0,2.0,0.0,9.0,-8.0
0020100186,1610612737,ATL,Atlanta,1737,Nazr Mohammed,Nazr,C,,16:10,2.0,4.0,0.5,0.0,0.0,0.0,0.0,0.0,0.0,3.0,3.0,6.0,0.0,0.0,2.0,3.0,2.0,4.0,-11.0
0020100186,1610612737,ATL,Atlanta,1023,Emanual Davis,Emanual,G,,23:15,0.0,1.0,0.0,0.0,1.0,0.0,0.0,0.0,0.0,0.0,1.0,1.0,2.0,1.0,0.0,4.0,1.0,0.0,-13.0
0020100186,1610612737,ATL,Atlanta,1891,Jason Terry,Jason,G,,35:55,3.0,15.0,0.2,1.0,9.0,0.111,1.0,1.0,1.0,0.0,4.0,4.0,5.0,3.0,0.0,1.0,4.0,8.0,-9.0
0020100186,1610612737,ATL,Atlanta,1898,Cal Bowdler,Cal,F,,27:43,5.0,8.0,0.625,0.0,0.0,0.0,1.0,2.0,0.5,3.0,3.0,6.0,0.0,2.0,1.0,1.0,0.0,11.0,3.0
0020100186,1610612737,ATL,Atlanta,389,Toni Kukoc,Toni,F,,24:31,7.0,12.0,0.583,1.0,4.0,0.25,3.0,3.0,1.0,1.0,4.0,5.0,5.0,1.0,1.0,5.0,2.0,18.0,3.0
0020100186,1610612737,ATL,Atlanta,1521,Jacque Vaughn,Jacque,G,,24:45,5.0,6.0,0.833,0.0,0.0,0.0,2.0,2.0,1.0,0.0,1.0,1.0,4.0,3.0,0.0,2.0,5.0,12.0,6.0
0020100186,1610612737,ATL,Atlanta,2035,DerMarr Johnson,DerMarr,G,,7:43,1.0,3.0,0.333,1.0,2.0,0.5,0.0,0.0,0.0,1.0,0.0,1.0,1.0,0.0,1.0,0.0,0.0,3.0,0.0
0020100186,1610612737,ATL,Atlanta,2069,Hanno Mottola,Hanno,G,,12:11,0.0,1.0,0.0,0.0,1.0,0.0,0.0,0.0,0.0,0.0,1.0,1.0,0.0,1.0,0.0,1.0,2.0,0.0,0.0
0020100186,1610612737,ATL,Atlanta,2376,,,, ,,,,,,,,,,,,,,,,,,,,
0020100186,1610612737,ATL,Atlanta,2094,,,, ,,,,,,,,,,,,,,,,,,,,
0020100186,1610612737,ATL,Atlanta,2150,,,, ,,,,,,,,,,,,,,,,,,,,
0020100186,1610612737,ATL,Atlanta,2151,,,, ,,,,,,,,,,,,,,,,,,,,
0020100186,1610612737,ATL,Atlanta,1260,,,, ,,,,,,,,,,,,,,,,,,,,
0020100186,1610612737,ATL,Atlanta,1774,,,, ,,,,,,,,,,,,,,,,,,,,
0020100186,1610612737,ATL,Atlanta,1110,Mark Strickland,Mark,,DNP - Coach's Decision,,,,,,,,,,,,,,,,,,,,
0020100186,1610612749,MIL,Milwaukee,193,Anthony Mason,Anthony,G,,41:31,4.0,10.0,0.4,0.0,0.0,0.0,1.0,1.0,1.0,1.0,6.0,7.0,4.0,2.0,0.0,3.0,3.0,9.0,12.0
0020100186,1610612749,MIL,Milwaukee,299,Glenn Robinson,Glenn,F,,39:42,6.0,20.0,0.3,1.0,4.0,0.25,4.0,4.0,1.0,1.0,6.0,7.0,3.0,2.0,2.0,2.0,2.0,17.0,9.0
0020100186,1610612749,MIL,Milwaukee,911,Ervin Johnson,Ervin,G,,27:19,1.0,3.0,0.333,0.0,0.0,0.0,1.0,2.0,0.5,4.0,10.0,14.0,0.0,2.0,2.0,3.0,4.0,3.0,14.0
0020100186,1610612749,MIL,Milwaukee,951,Ray Allen,Ray,G,,39:36,8.0,16.0,0.5,2.0,6.0,0.333,3.0,3.0,1.0,2.0,4.0,6.0,4.0,0.0,0.0,2.0,1.0,21.0,6.0
0020100186,1610612749,MIL,Milwaukee,208,Sam Cassell,Sam,G,,30:23,8.0,15.0,0.533,0.0,2.0,0.0,2.0,2.0,1.0,1.0,1.0,2.0,7.0,3.0,2.0,5.0,2.0,18.0,18.0
0020100186,1610612749,MIL,Milwaukee,1747,Rafer Alston,Rafer,F,,16:45,4.0,7.0,0.571,2.0,2.0,1.0,0.0,0.0,0.0,1.0,1.0,2.0,4.0,2.0,0.0,3.0,0.0,10.0,-9.0
0020100186,1610612749,MIL,Milwaukee,1501,Tim Thomas,Tim,F,,20:09,4.0,6.0,0.667,2.0,3.0,0.667,1.0,2.0,0.5,1.0,2.0,3.0,1.0,1.0,0.0,0.0,4.0,11.0,-5.0
0020100186,1610612749,MIL,Milwaukee,2072,Michael Redd,Michael,G,,12:30,1.0,6.0,0.167,0.0,2.0,0.0,0.0,0.0,0.0,1.0,1.0,2.0,4.0,0.0,0.0,0.0,1.0,2.0,-2.0
0020100186,1610612749,MIL,Milwaukee,679,Jason Caffey,Jason,,,5:01,0.0,1.0,0.0,0.0,0.0,0.0,0.0,0.0,0.0,0.0,1.0,1.0,1.0,0.0,1.0,0.0,1.0,0.0,-2.0
0020100186,1610612749,MIL,Milwaukee,998,Mark Pope,Mark,,,7:04,2.0,2.0,1.0,0.0,0.0,0.0,0.0,0.0,0.0,0.0,1.0,1.0,0.0,0.0,0.0,1.0,1.0,4.0,-6.0
0020100186,1610612749,MIL,Milwaukee,1796,,,, ,,,,,,,,,,,,,,,,,,,,
0020100186,1610612749,MIL,Milwaukee,1797,,,, ,,,,,,,,,,,,,,,,,,,,
0020100186,1610612749,MIL,Milwaukee,1334,,,, ,,,,,,,,,,,,,,,,,,,,
0020100186,1610612749,MIL,Milwaukee,1337,,,, ,,,,,,,,,,,,,,,,,,,,
0020100186,1610612749,MIL,Milwaukee,1355,,,, ,,,,,,,,,,,,,,,,,,,,
0020100186,1610612749,MIL,Milwaukee,2157,,,, ,,,,,,,,,,,,,,,,,,,,
0020100186,1610612749,MIL,Milwaukee,323,Greg Foster,Greg,,DNP - Coach's Decision,,,,,,,,,,,,,,,,,,,,
0020100186,1610612749,MIL,Milwaukee,2038,Joel Przybilla,Joel,,DNP - Coach's Decision,,,,,,,,,,,,,,,,,,,,
0020100181,1610612766,CHH,Charlotte,1924,Lee Nailon,Lee,F,,27:50,6.0,8.0,0.75,0.0,0.0,0.0,0.0,0.0,0.0,4.0,3.0,7.0,0.0,1.0,1.0,2.0,0.0,12.0,-7.0
0020100181,1610612766,CHH,Charlotte,136,P.J. Brown,P.J.,F,,19:51,1.0,7.0,0.143,0.0,0.0,0.0,0.0,0.0,0.0,3.0,8.0,11.0,2.0,1.0,0.0,1.0,1.0,2.0,-4.0
0020100181,1610612766,CHH,Charlotte,922,Elden Campbell,Elden,G,,37:37,9.0,14.0,0.643,0.0,0.0,0.0,5.0,6.0,0.833,4.0,6.0,10.0,3.0,2.0,0.0,4.0,2.0,23.0,14.0
0020100181,1610612766,CHH,Charlotte,1884,Baron Davis,Baron,G,,45:41,7.0,24.0,0.292,2.0,7.0,0.286,2.0,2.0,1.0,2.0,0.0,2.0,12.0,4.0,1.0,2.0,3.0,18.0,2.0
0020100181,1610612766,CHH,Charlotte,133,David Wesley,David,G,,29:11,6.0,15.0,0.4,1.0,7.0,0.143,3.0,3.0,1.0,2.0,2.0,4.0,4.0,2.0,1.0,2.0,0.0,16.0,-12.0
0020100181,1610612766,CHH,Charlotte,2048,Jamaal Magloire,Jamaal,,,5:23,0.0,1.0,0.0,0.0,0.0,0.0,0.0,0.0,0.0,1.0,1.0,2.0,0.0,0.0,0.0,2.0,4.0,0.0,-8.0
0020100181,1610612766,CHH,Charlotte,672,Matt Bullard,Matt,F,,32:36,7.0,17.0,0.412,3.0,8.0,0.375,2.0,2.0,1.0,1.0,4.0,5.0,1.0,0.0,0.0,1.0,1.0,19.0,6.0
0020100181,1610612766,CHH,Charlotte,278,Stacey Augmon,Stacey,G,,24:11,2.0,5.0,0.4,0.0,0.0,0.0,1.0,1.0,1.0,2.0,5.0,7.0,1.0,2.0,0.0,2.0,4.0,5.0,7.0
0020100181,1610612766,CHH,Charlotte,1724,Bryce Drew,Bryce,F,,17:39,3.0,7.0,0.429,2.0,3.0,0.667,0.0,0.0,0.0,0.0,3.0,3.0,2.0,1.0,0.0,0.0,1.0,8.0,12.0
0020100181,1610612766,CHH,Charlotte,1316,,,, ,,,,,,,,,,,,,,,,,,,,
0020100181,1610612766,CHH,Charlotte,1304,,,, ,,,,,,,,,,,,,,,,,,,,
0020100181,1610612766,CHH,Charlotte,1218,,,, ,,,,,,,,,,,,,,,,,,,,
0020100181,1610612766,CHH,Charlotte,2152,,,, ,,,,,,,,,,,,,,,,,,,,
0020100181,1610612766,CHH,Charlotte,2377,,,, ,,,,,,,,,,,,,,,,,,,,
0020100181,1610612766,CHH,Charlotte,2040,Jerome Moiso,Jerome,,DNP - Coach's Decision,,,,,,,,,,,,,,,,,,,,
0020100181,1610612766,CHH,Charlotte,1714,Robert Traylor,Robert,,DNP - Coach's Decision,,,,,,,,,,,,,,,,,,,,
0020100181,1610612753,ORL,Orlando,2034,Mike Miller,Mike,G,,41:57,13.0,22.0,0.591,6.0,8.0,0.75,0.0,0.0,0.0,2.0,5.0,7.0,5.0,1.0,0.0,5.0,3.0,32.0,-1.0
0020100181,1610612753,ORL,Orlando,270,Horace Grant,Horace,F,,34:44,0.0,2.0,0.0,0.0,0.0,0.0,0.0,0.0,0.0,2.0,7.0,9.0,2.0,0.0,1.0,0.0,0.0,0.0,0.0
0020100181,1610612753,ORL,Orlando,2212,Steven Hunter,Steven,F,,14:09,4.0,4.0,1.0,0.0,0.0,0.0,1.0,4.0,0.25,1.0,1.0,2.0,1.0,1.0,2.0,1.0,2.0,9.0,-5.0
0020100181,1610612753,ORL,Orlando,1503,Tracy McGrady,Tracy,G,,43:47,13.0,31.0,0.419,0.0,0.0,0.0,5.0,7.0,0.714,5.0,2.0,7.0,3.0,2.0,2.0,4.0,1.0,31.0,-2.0
0020100181,1610612753,ORL,Orlando,353,Darrell Armstrong,Darrell,G,,37:05,4.0,10.0,0.4,1.0,5.0,0.2,3.0,5.0,0.6,0.0,5.0,5.0,8.0,4.0,0.0,1.0,1.0,12.0,7.0
0020100181,1610612753,ORL,Orlando,1727,Pat Garrity,Pat,G,,31:58,2.0,5.0,0.4,1.0,1.0,1.0,2.0,2.0,1.0,1.0,3.0,4.0,0.0,0.0,2.0,1.0,2.0,7.0,7.0
0020100181,1610612753,ORL,Orlando,121,Patrick Ewing,Patrick,F,,14:59,2.0,7.0,0.286,0.0,0.0,0.0,1.0,1.0,1.0,1.0,5.0,6.0,0.0,0.0,1.0,3.0,2.0,5.0,-8.0
0020100181,1610612753,ORL,Orlando,1607,Troy Hudson,Troy,F,,11:05,1.0,2.0,0.5,0.0,0.0,0.0,0.0,0.0,0.0,0.0,1.0,1.0,0.0,0.0,0.0,0.0,0.0,2.0,-7.0
0020100181,1610612753,ORL,Orlando,146,Jud Buechler,Jud,G,,10:16,1.0,3.0,0.333,1.0,3.0,0.333,0.0,0.0,0.0,0.0,1.0,1.0,0.0,0.0,0.0,1.0,2.0,3.0,-1.0
0020100181,1610612753,ORL,Orlando,837,,,, ,,,,,,,,,,,,,,,,,,,,
0020100181,1610612753,ORL,Orlando,1296,,,, ,,,,,,,,,,,,,,,,,,,,
0020100181,1610612753,ORL,Orlando,1307,,,, ,,,,,,,,,,,,,,,,,,,,
0020100181,1610612753,ORL,Orlando,1309,,,, ,,,,,,,,,,,,,,,,,,,,
0020100181,1610612753,ORL,Orlando,1332,,,, ,,,,,,,,,,,,,,,,,,,,
0020100181,1610612753,ORL,Orlando,1650,,,, ,,,,,,,,,,,,,,,,,,,,
0020100181,1610612753,ORL,Orlando,1941,,,, ,,,,,,,,,,,,,,,,,,,,
0020100181,1610612753,ORL,Orlando,692,Andrew DeClercq,Andrew,,DNP - Coach's Decision,,,,,,,,,,,,,,,,,,,,
0020100181,1610612753,ORL,Orlando,255,Grant Hill,Grant,,DNP - Sprained Left Foot,,,,,,,,,,,,,,,,,,,,
0020100181,1610612753,ORL,Orlando,690,Don Reid,Don,,DNP - Coach's Decision,,,,,,,,,,,,,,,,,,,,
0020100184,1610612759,SAS,San Antonio,1477,Bruce Bowen,Bruce,F,,21:29,3.0,9.0,0.333,1.0,4.0,0.25,2.0,2.0,1.0,1.0,1.0,2.0,1.0,0.0,0.0,0.0,0.0,9.0,-11.0
0020100184,1610612759,SAS,San Antonio,1495,Tim Duncan,Tim,G,,44:30,7.0,20.0,0.35,0.0,0.0,0.0,7.0,9.0,0.778,5.0,13.0,18.0,8.0,1.0,1.0,0.0,2.0,21.0,-4.0
0020100184,1610612759,SAS,San Antonio,764,David Robinson,David,G,,25:53,7.0,9.0,0.778,0.0,0.0,0.0,3.0,5.0,0.6,0.0,6.0,6.0,0.0,0.0,2.0,2.0,5.0,17.0,5.0
0020100184,1610612759,SAS,San Antonio,120,Steven Smith,Steven,G,,35:21,4.0,8.0,0.5,1.0,2.0,0.5,2.0,4.0,0.5,1.0,1.0,2.0,4.0,0.0,0.0,1.0,3.0,11.0,-10.0
0020100184,1610612759,SAS,San Antonio,2225,Tony Parker,Tony,G,,37:33,6.0,14.0,0.429,4.0,6.0,0.667,3.0,4.0,0.75,1.0,2.0,3.0,4.0,3.0,0.0,1.0,4.0,19.0,-12.0
0020100184,1610612759,SAS,San Antonio,990,Malik Rose,Malik,G,,22:05,2.0,8.0,0.25,0.0,0.0,0.0,0.0,0.0,0.0,2.0,2.0,4.0,0.0,0.0,2.0,4.0,3.0,4.0,-9.0
0020100184,1610612759,SAS,San Antonio,198,Danny Ferry,Danny,G,,8:34,0.0,0.0,0.0,0.0,0.0,0.0,0.0,0.0,0.0,0.0,1.0,1.0,0.0,0.0,0.0,0.0,1.0,0.0,3.0
0020100184,1610612759,SAS,San Antonio,1498,Antonio Daniels,Antonio,F,,25:24,4.0,11.0,0.364,1.0,3.0,0.333,3.0,4.0,0.75,0.0,5.0,5.0,2.0,0.0,1.0,0.0,1.0,12.0,1.0
0020100184,1610612759,SAS,San Antonio,345,Terry Porter,Terry,G,,15:44,0.0,2.0,0.0,0.0,1.0,0.0,1.0,2.0,0.5,0.0,0.0,0.0,3.0,1.0,0.0,0.0,0.0,1.0,11.0
0020100184,1610612759,SAS,San Antonio,685,Cherokee Parks,Cherokee,,,3:27,0.0,0.0,0.0,0.0,0.0,0.0,0.0,0.0,0.0,0.0,1.0,1.0,0.0,0.0,0.0,1.0,2.0,0.0,1.0
0020100184,1610612759,SAS,San Antonio,873,,,, ,,,,,,,,,,,,,,,,,,,,
0020100184,1610612759,SAS,San Antonio,2381,,,, ,,,,,,,,,,,,,,,,,,,,
0020100184,1610612759,SAS,San Antonio,1264,,,, ,,,,,,,,,,,,,,,,,,,,
0020100184,1610612759,SAS,San Antonio,1658,,,, ,,,,,,,,,,,,,,,,,,,,
0020100184,1610612759,SAS,San Antonio,1331,,,, ,,,,,,,,,,,,,,,,,,,,
0020100184,1610612759,SAS,San Antonio,1371,,,, ,,,,,,,,,,,,,,,,,,,,
0020100184,1610612759,SAS,San Antonio,1043,Amal McCaskill,Amal,,DNP - Coach's Decision,,,,,,,,,,,,,,,,,,,,
0020100184,1610612759,SAS,San Antonio,1520,Charles Smith,Charles,,DNP - Coach's Decision,,,,,,,,,,,,,,,,,,,,
0020100184,1610612750,MIN,Minnesota,708,Kevin Garnett,Kevin,F,,42:06,5.0,17.0,0.294,0.0,1.0,0.0,7.0,8.0,0.875,3.0,9.0,12.0,5.0,1.0,4.0,2.0,4.0,17.0,11.0
0020100184,1610612750,MIN,Minnesota,693,Joe Smith,Joe,G,,34:03,5.0,10.0,0.5,1.0,1.0,1.0,0.0,0.0,0.0,0.0,5.0,5.0,1.0,0.0,0.0,2.0,4.0,11.0,4.0
0020100184,1610612750,MIN,Minnesota,1725,Rasho Nesterovic,Rasho,F,,30:02,12.0,23.0,0.522,0.0,0.0,0.0,0.0,0.0,0.0,8.0,4.0,12.0,1.0,1.0,1.0,0.0,3.0,24.0,-3.0
0020100184,1610612750,MIN,Minnesota,1887,Wally Szczerbiak,Wally,G,,41:05,5.0,8.0,0.625,0.0,1.0,0.0,3.0,4.0,0.75,0.0,5.0,5.0,7.0,0.0,0.0,2.0,2.0,13.0,13.0
0020100184,1610612750,MIN,Minnesota,210,Terrell Brandon,Terrell,G,,37:10,6.0,12.0,0.5,0.0,0.0,0.0,9.0,9.0,1.0,1.0,4.0,5.0,7.0,2.0,0.0,1.0,2.0,21.0,14.0
0020100184,1610612750,MIN,Minnesota,718,Gary Trent,Gary,F,,11:22,0.0,3.0,0.0,0.0,0.0,0.0,0.0,0.0,0.0,1.0,1.0,2.0,1.0,0.0,0.0,0.0,2.0,0.0,0.0
0020100184,1610612750,MIN,Minnesota,1497,Chauncey Billups,Chauncey,G,,12:44,1.0,4.0,0.25,1.0,1.0,1.0,0.0,0.0,0.0,0.0,2.0,2.0,2.0,1.0,0.0,0.0,2.0,3.0,-3.0
0020100184,1610612750,MIN,Minnesota,417,Sam Mitchell,Sam,F,,4:19,0.0,1.0,0.0,0.0,0.0,0.0,0.0,0.0,0.0,0.0,1.0,1.0,0.0,0.0,0.0,0.0,0.0,0.0,-3.0
0020100184,1610612750,MIN,Minnesota,324,Anthony Peeler,Anthony,G,,21:34,4.0,9.0,0.444,2.0,3.0,0.667,0.0,0.0,0.0,1.0,1.0,2.0,0.0,0.0,0.0,0.0,2.0,10.0,-6.0
0020100184,1610612750,MIN,Minnesota,2254,Loren Woods,Loren,,,1:58,0.0,1.0,0.0,0.0,0.0,0.0,0.0,0.0,0.0,0.0,0.0,0.0,0.0,0.0,0.0,0.0,0.0,0.0,-2.0
0020100184,1610612750,MIN,Minnesota,1732,Felipe Lopez,Felipe,,,3:37,0.0,0.0,0.0,0.0,0.0,0.0,0.0,0.0,0.0,0.0,0.0,0.0,0.0,0.0,0.0,0.0,0.0,0.0,0.0
0020100184,1610612750,MIN,Minnesota,2146,,,, ,,,,,,,,,,,,,,,,,,,,
0020100184,1610612750,MIN,Minnesota,2158,,,, ,,,,,,,,,,,,,,,,,,,,
0020100184,1610612750,MIN,Minnesota,2159,,,, ,,,,,,,,,,,,,,,,,,,,
0020100184,1610612750,MIN,Minnesota,847,,,, ,,,,,,,,,,,,,,,,,,,,
0020100184,1610612750,MIN,Minnesota,1289,,,, ,,,,,,,,,,,,,,,,,,,,
0020100184,1610612750,MIN,Minnesota,1290,,,, ,,,,,,,,,,,,,,,,,,,,
0020100184,1610612750,MIN,Minnesota,1291,,,, ,,,,,,,,,,,,,,,,,,,,
0020100184,1610612750,MIN,Minnesota,1051,Dean Garrett,Dean,,DNP - Coach's Decision,,,,,,,,,,,,,,,,,,,,
0020100185,1610612756,PHX,Phoenix,339,Tom Gugliotta,Tom,G,,31:38,3.0,6.0,0.5,0.0,0.0,0.0,0.0,0.0,0.0,2.0,5.0,7.0,0.0,1.0,0.0,1.0,4.0,6.0,-24.0
0020100185,1610612756,PHX,Phoenix,1890,Shawn Marion,Shawn,G,,42:11,8.0,15.0,0.533,1.0,2.0,0.5,2.0,2.0,1.0,3.0,6.0,9.0,1.0,2.0,3.0,2.0,5.0,19.0,-25.0
0020100185,1610612756,PHX,Phoenix,2063,Jake Voskuhl,Jake,C,,6:28,1.0,2.0,0.5,0.0,0.0,0.0,0.0,0.0,0.0,1.0,2.0,3.0,0.0,0.0,0.0,1.0,2.0,2.0,-6.0
0020100185,1610612756,PHX,Phoenix,358,Anfernee Hardaway,Anfernee,G,,43:25,5.0,16.0,0.313,0.0,1.0,0.0,8.0,9.0,0.889,2.0,4.0,6.0,1.0,1.0,3.0,3.0,4.0,18.0,-24.0
0020100185,1610612756,PHX,Phoenix,950,Stephon Marbury,Stephon,G,,44:00,13.0,26.0,0.5,2.0,4.0,0.5,3.0,6.0,0.5,1.0,2.0,3.0,6.0,0.0,0.0,3.0,4.0,31.0,-13.0
0020100185,1610612756,PHX,Phoenix,915,Rodney Rogers,Rodney,C,,33:17,7.0,13.0,0.538,0.0,2.0,0.0,7.0,9.0,0.778,1.0,4.0,5.0,1.0,0.0,0.0,0.0,5.0,21.0,0.0
0020100185,1610612756,PHX,Phoenix,960,Tony Delk,Tony,F,,8:35,0.0,2.0,0.0,0.0,1.0,0.0,0.0,0.0,0.0,0.0,1.0,1.0,2.0,0.0,0.0,0.0,1.0,0.0,7.0
0020100185,1610612756,PHX,Phoenix,105,Dan Majerle,Dan,F,,7:10,1.0,1.0,1.0,1.0,1.0,1.0,2.0,2.0,1.0,0.0,0.0,0.0,1.0,1.0,1.0,0.0,0.0,5.0,11.0
0020100185,1610612756,PHX,Phoenix,448,Bo Outlaw,Bo,G,,23:16,1.0,1.0,1.0,0.0,0.0,0.0,0.0,0.0,0.0,1.0,3.0,4.0,1.0,0.0,0.0,1.0,4.0,2.0,-1.0
0020100185,1610612756,PHX,Phoenix,1227,,,, ,,,,,,,,,,,,,,,,,,,,
0020100185,1610612756,PHX,Phoenix,1653,,,, ,,,,,,,,,,,,,,,,,,,,
0020100185,1610612756,PHX,Phoenix,1654,,,, ,,,,,,,,,,,,,,,,,,,,
0020100185,1610612756,PHX,Phoenix,2008,,,, ,,,,,,,,,,,,,,,,,,,,
0020100185,1610612756,PHX,Phoenix,2015,,,, ,,,,,,,,,,,,,,,,,,,,
0020100185,1610612756,PHX,Phoenix,2160,,,, ,,,,,,,,,,,,,,,,,,,,
0020100185,1610612756,PHX,Phoenix,2161,,,, ,,,,,,,,,,,,,,,,,,,,
0020100185,1610612756,PHX,Phoenix,2228,Alton Ford,Alton,,DNP - Coach's Decision,,,,,,,,,,,,,,,,,,,,
0020100185,1610612756,PHX,Phoenix,2054,Jake Tsakalidis,Jake,,DNP - Coach's Decision,,,,,,,,,,,,,,,,,,,,
0020100185,1610612756,PHX,Phoenix,961,John Wallace,John,,DNP - Coach's Decision,,,,,,,,,,,,,,,,,,,,
0020100185,1610612742,DAL,Dallas,1761,Greg Buckner,Greg,F,,18:32,2.0,2.0,1.0,0.0,0.0,0.0,1.0,2.0,0.5,1.0,2.0,3.0,0.0,0.0,0.0,0.0,2.0,5.0,7.0
0020100185,1610612742,DAL,Dallas,1717,Dirk Nowitzki,Dirk,G,,40:54,8.0,20.0,0.4,2.0,4.0,0.5,14.0,17.0,0.824,1.0,8.0,9.0,1.0,2.0,2.0,0.0,1.0,32.0,16.0
0020100185,1610612742,DAL,Dallas,762,Shawn Bradley,Shawn,F,,13:21,3.0,4.0,0.75,0.0,0.0,0.0,6.0,7.0,0.857,3.0,0.0,3.0,0.0,0.0,2.0,0.0,0.0,12.0,8.0
0020100185,1610612742,DAL,Dallas,714,Michael Finley,Michael,G,,48:00,7.0,18.0,0.389,2.0,2.0,1.0,4.0,4.0,1.0,1.0,6.0,7.0,2.0,1.0,1.0,3.0,2.0,20.0,15.0
0020100185,1610612742,DAL,Dallas,959,Steve Nash,Steve,G,,42:49,10.0,17.0,0.588,3.0,6.0,0.5,6.0,6.0,1.0,0.0,0.0,0.0,9.0,3.0,0.0,4.0,4.0,29.0,27.0
0020100185,1610612742,DAL,Dallas,436,Juwan Howard,Juwan,G,,31:45,5.0,13.0,0.385,0.0,0.0,0.0,0.0,0.0,0.0,5.0,8.0,13.0,1.0,0.0,1.0,2.0,4.0,10.0,3.0
0020100185,1610612742,DAL,Dallas,1559,Adrian Griffin,Adrian,F,,31:04,2.0,5.0,0.4,1.0,2.0,0.5,2.0,2.0,1.0,3.0,2.0,5.0,2.0,0.0,0.0,1.0,4.0,7.0,9.0
0020100185,1610612742,DAL,Dallas,896,Tim Hardaway,Tim,F,,5:18,0.0,1.0,0.0,0.0,0.0,0.0,0.0,0.0,0.0,0.0,0.0,0.0,1.0,0.0,0.0,0.0,0.0,0.0,-10.0
0020100185,1610612742,DAL,Dallas,330,Danny Manning,Danny,,,6:00,2.0,2.0,1.0,0.0,0.0,0.0,0.0,0.0,0.0,1.0,2.0,3.0,0.0,0.0,0.0,0.0,3.0,4.0,0.0
0020100185,1610612742,DAL,Dallas,2051,Donnell Harvey,Donnell,F,,2:17,0.0,0.0,0.0,0.0,0.0,0.0,0.0,0.0,0.0,0.0,0.0,0.0,0.0,0.0,0.0,0.0,1.0,0.0,0.0
0020100185,1610612742,DAL,Dallas,2154,,,, ,,,,,,,,,,,,,,,,,,,,
0020100185,1610612742,DAL,Dallas,2378,,,, ,,,,,,,,,,,,,,,,,,,,
0020100185,1610612742,DAL,Dallas,1782,,,, ,,,,,,,,,,,,,,,,,,,,
0020100185,1610612742,DAL,Dallas,1643,,,, ,,,,,,,,,,,,,,,,,,,,
0020100185,1610612742,DAL,Dallas,1233,,,, ,,,,,,,,,,,,,,,,,,,,
0020100185,1610612742,DAL,Dallas,1269,,,, ,,,,,,,,,,,,,,,,,,,,
0020100185,1610612742,DAL,Dallas,1317,,,, ,,,,,,,,,,,,,,,,,,,,
0020100185,1610612742,DAL,Dallas,1370,,,, ,,,,,,,,,,,,,,,,,,,,
0020100185,1610612742,DAL,Dallas,1483,,,, ,,,,,,,,,,,,,,,,,,,,
0020100185,1610612742,DAL,Dallas,1915,Evan Eschmeyer,Evan,,DNP - Coach's Decision,,,,,,,,,,,,,,,,,,,,
0020100185,1610612742,DAL,Dallas,2059,Eduardo Najera,Eduardo,,DNP - Coach's Decision,,,,,,,,,,,,,,,,,,,,
0020100179,1610612741,CHI,Chicago,1500,Ron Mercer,Ron,G,,42:09,5.0,17.0,0.294,1.0,1.0,1.0,3.0,4.0,0.75,1.0,6.0,7.0,1.0,2.0,1.0,4.0,1.0,14.0,-2.0
0020100179,1610612741,CHI,Chicago,891,Charles Oakley,Charles,F,,28:60,0.0,3.0,0.0,0.0,0.0,0.0,0.0,0.0,0.0,0.0,4.0,4.0,2.0,2.0,0.0,2.0,3.0,0.0,-6.0
0020100179,1610612741,CHI,Chicago,1802,Brad Miller,Brad,G,,39:10,9.0,14.0,0.643,0.0,0.0,0.0,5.0,7.0,0.714,4.0,5.0,9.0,1.0,2.0,0.0,1.0,1.0,23.0,-2.0
0020100179,1610612741,CHI,Chicago,21,Greg Anthony,Greg,G,,24:00,1.0,5.0,0.2,0.0,1.0,0.0,2.0,3.0,0.667,1.0,3.0,4.0,3.0,0.0,0.0,1.0,0.0,4.0,-11.0
0020100179,1610612741,CHI,Chicago,2239,Trenton Hassell,Trenton,G,,38:19,5.0,10.0,0.5,2.0,4.0,0.5,3.0,4.0,0.75,1.0,3.0,4.0,2.0,0.0,1.0,1.0,4.0,15.0,-7.0
0020100179,1610612741,CHI,Chicago,697,Fred Hoiberg,Fred,F,,15:32,0.0,2.0,0.0,0.0,1.0,0.0,1.0,1.0,1.0,0.0,1.0,1.0,1.0,1.0,0.0,0.0,0.0,1.0,-5.0
0020100179,1610612741,CHI,Chicago,2033,Marcus Fizer,Marcus,G,,13:12,0.0,5.0,0.0,0.0,1.0,0.0,4.0,8.0,0.5,2.0,1.0,3.0,1.0,0.0,0.0,1.0,1.0,4.0,1.0
0020100179,1610612741,CHI,Chicago,2201,Eddy Curry,Eddy,F,,8:50,0.0,1.0,0.0,0.0,0.0,0.0,6.0,8.0,0.75,0.0,1.0,1.0,0.0,1.0,0.0,0.0,1.0,6.0,-5.0
0020100179,1610612741,CHI,Chicago,1563,Kevin Ollie,Kevin,G,,17:49,1.0,4.0,0.25,0.0,0.0,0.0,0.0,0.0,0.0,0.0,1.0,1.0,1.0,1.0,0.0,1.0,1.0,2.0,0.0
0020100179,1610612741,CHI,Chicago,2199,Tyson Chandler,Tyson,C,,5:48,1.0,1.0,1.0,0.0,0.0,0.0,0.0,2.0,0.0,0.0,0.0,0.0,0.0,0.0,0.0,0.0,0.0,2.0,-2.0
0020100179,1610612741,CHI,Chicago,2062,A.J. Guyton,A.J.,,,6:11,0.0,4.0,0.0,0.0,3.0,0.0,0.0,0.0,0.0,0.0,0.0,0.0,0.0,0.0,0.0,2.0,2.0,0.0,4.0
0020100179,1610612741,CHI,Chicago,2153,,,, ,,,,,,,,,,,,,,,,,,,,
0020100179,1610612741,CHI,Chicago,1779,,,, ,,,,,,,,,,,,,,,,,,,,
0020100179,1610612741,CHI,Chicago,1780,,,, ,,,,,,,,,,,,,,,,,,,,
0020100179,1610612741,CHI,Chicago,1220,,,, ,,,,,,,,,,,,,,,,,,,,
0020100179,1610612741,CHI,Chicago,1254,,,, ,,,,,,,,,,,,,,,,,,,,
0020100179,1610612741,CHI,Chicago,1346,,,, ,,,,,,,,,,,,,,,,,,,,
0020100179,1610612741,CHI,Chicago,2053,Dalibor Bagaric,Dalibor,,DNP - Coach's Decision,,,,,,,,,,,,,,,,,,,,
0020100179,1610612752,NYK,New York,84,Latrell Sprewell,Latrell,G,,40:09,2.0,7.0,0.286,1.0,2.0,0.5,0.0,0.0,0.0,1.0,6.0,7.0,3.0,0.0,0.0,6.0,4.0,5.0,4.0
0020100179,1610612752,NYK,New York,703,Kurt Thomas,Kurt,F,,41:46,5.0,10.0,0.5,0.0,0.0,0.0,1.0,1.0,1.0,1.0,11.0,12.0,3.0,1.0,1.0,5.0,5.0,11.0,15.0
0020100179,1610612752,NYK,New York,280,Felton Spencer,Felton,C,,8:37,0.0,0.0,0.0,0.0,0.0,0.0,1.0,2.0,0.5,1.0,0.0,1.0,1.0,1.0,0.0,0.0,5.0,1.0,7.0
0020100179,1610612752,NYK,New York,275,Allan Houston,Allan,G,,40:60,10.0,22.0,0.455,0.0,2.0,0.0,4.0,5.0,0.8,3.0,4.0,7.0,2.0,3.0,0.0,2.0,4.0,24.0,4.0
0020100179,1610612752,NYK,New York,349,Mark Jackson,Mark,G,,34:34,4.0,13.0,0.308,1.0,5.0,0.2,2.0,2.0,1.0,1.0,6.0,7.0,6.0,2.0,0.0,3.0,3.0,11.0,2.0
0020100179,1610612752,NYK,New York,970,Othella Harrington,Othella,F,,32:39,8.0,11.0,0.727,0.0,0.0,0.0,2.0,3.0,0.667,3.0,2.0,5.0,2.0,1.0,1.0,0.0,6.0,18.0,0.0
0020100179,1610612752,NYK,New York,1000,Shandon Anderson,Shandon,F,,16:29,0.0,2.0,0.0,0.0,1.0,0.0,0.0,0.0,0.0,0.0,4.0,4.0,0.0,0.0,0.0,1.0,2.0,0.0,9.0
0020100179,1610612752,NYK,New York,969,Travis Knight,Travis,,,11:04,2.0,4.0,0.5,0.0,0.0,0.0,2.0,2.0,1.0,3.0,2.0,5.0,0.0,0.0,0.0,1.0,1.0,6.0,-11.0
0020100179,1610612752,NYK,New York,458,Howard Eisley,Howard,G,,13:42,1.0,6.0,0.167,0.0,1.0,0.0,0.0,0.0,0.0,0.0,1.0,1.0,2.0,0.0,0.0,0.0,0.0,2.0,5.0
0020100179,1610612752,NYK,New York,2168,,,, ,,,,,,,,,,,,,,,,,,,,
0020100179,1610612752,NYK,New York,1790,,,, ,,,,,,,,,,,,,,,,,,,,
0020100179,1610612752,NYK,New York,1791,,,, ,,,,,,,,,,,,,,,,,,,,
0020100179,1610612752,NYK,New York,1297,,,, ,,,,,,,,,,,,,,,,,,,,
0020100179,1610612752,NYK,New York,1298,,,, ,,,,,,,,,,,,,,,,,,,,
0020100179,1610612752,NYK,New York,1301,,,, ,,,,,,,,,,,,,,,,,,,,
0020100179,1610612752,NYK,New York,1302,,,, ,,,,,,,,,,,,,,,,,,,,
0020100179,1610612752,NYK,New York,2068,Lavor Postell,Lavor,,DNP - Coach's Decision,,,,,,,,,,,,,,,,,,,,
0020100179,1610612752,NYK,New York,369,Charlie Ward,Charlie,,DNP - Coach's Decision,,,,,,,,,,,,,,,,,,,,
0020100192,1610612743,DEN,Denver,45,George McCloud,George,F,,41:29,4.0,12.0,0.333,1.0,3.0,0.333,4.0,4.0,1.0,4.0,3.0,7.0,3.0,3.0,0.0,4.0,1.0,13.0,1.0
0020100192,1610612743,DEN,Denver,1711,Raef LaFrentz,Raef,F,,41:40,6.0,14.0,0.429,1.0,2.0,0.5,0.0,0.0,0.0,2.0,9.0,11.0,3.0,1.0,3.0,1.0,3.0,13.0,-2.0
0020100192,1610612743,DEN,Denver,1035,Shawnelle Scott,Shawnelle,G,,7:43,0.0,1.0,0.0,0.0,0.0,0.0,2.0,2.0,1.0,1.0,2.0,3.0,0.0,0.0,0.0,0.0,5.0,2.0,-8.0
0020100192,1610612743,DEN,Denver,1899,James Posey,James,G,,43:09,6.0,15.0,0.4,3.0,8.0,0.375,2.0,4.0,0.5,1.0,5.0,6.0,3.0,2.0,0.0,4.0,3.0,17.0,-6.0
0020100192,1610612743,DEN,Denver,89,Nick Van Exel,Nick,G,,38:19,14.0,23.0,0.609,2.0,3.0,0.667,4.0,5.0,0.8,0.0,1.0,1.0,8.0,0.0,0.0,2.0,2.0,34.0,6.0
0020100192,1610612743,DEN,Denver,281,Scott Williams,Scott,F,,29:20,3.0,9.0,0.333,0.0,0.0,0.0,0.0,0.0,0.0,3.0,6.0,9.0,1.0,0.0,1.0,1.0,6.0,6.0,-5.0
0020100192,1610612743,DEN,Denver,1763,Ryan Bowen,Ryan,G,,11:15,1.0,2.0,0.5,0.0,0.0,0.0,0.0,0.0,0.0,0.0,0.0,0.0,0.0,0.0,0.0,0.0,1.0,2.0,-6.0
0020100192,1610612743,DEN,Denver,422,Avery Johnson,Avery,F,,20:09,3.0,4.0,0.75,0.0,0.0,0.0,0.0,0.0,0.0,0.0,1.0,1.0,5.0,1.0,0.0,0.0,1.0,6.0,-4.0
0020100192,1610612743,DEN,Denver,702,Voshon Lenard,Voshon,,,6:58,2.0,4.0,0.5,1.0,2.0,0.5,0.0,0.0,0.0,0.0,0.0,0.0,0.0,0.0,0.0,0.0,1.0,5.0,-11.0
0020100192,1610612743,DEN,Denver,1207,,,, ,,,,,,,,,,,,,,,,,,,,
0020100192,1610612743,DEN,Denver,1216,,,, ,,,,,,,,,,,,,,,,,,,,
0020100192,1610612743,DEN,Denver,1784,,,, ,,,,,,,,,,,,,,,,,,,,
0020100192,1610612743,DEN,Denver,1785,,,, ,,,,,,,,,,,,,,,,,,,,
0020100192,1610612743,DEN,Denver,1995,,,, ,,,,,,,,,,,,,,,,,,,,
0020100192,1610612743,DEN,Denver,2007,,,, ,,,,,,,,,,,,,,,,,,,,
0020100192,1610612743,DEN,Denver,1240,,,, ,,,,,,,,,,,,,,,,,,,,
0020100192,1610612743,DEN,Denver,2379,,,, ,,,,,,,,,,,,,,,,,,,,
0020100192,1610612743,DEN,Denver,2365,Chris Andersen,Chris,,DNP - Coach's Decision,,,,,,,,,,,,,,,,,,,,
0020100192,1610612743,DEN,Denver,384,Calbert Cheaney,Calbert,,DNP - Coach's Decision,,,,,,,,,,,,,,,,,,,,
0020100192,1610612743,DEN,Denver,2261,Kenny Satterfield,Kenny,,DNP - Coach's Decision,,,,,,,,,,,,,,,,,,,,
0020100192,1610612747,LAL,Los Angeles,296,Rick Fox,Rick,F,,24:00,4.0,5.0,0.8,3.0,4.0,0.75,0.0,0.0,0.0,1.0,2.0,3.0,2.0,0.0,0.0,2.0,1.0,11.0,-7.0
0020100192,1610612747,LAL,Los Angeles,955,Samaki Walker,Samaki,G,,31:15,3.0,5.0,0.6,0.0,0.0,0.0,1.0,1.0,1.0,2.0,3.0,5.0,0.0,1.0,2.0,0.0,0.0,7.0,-8.0
0020100192,1610612747,LAL,Los Angeles,406,Shaquille O'Neal,Shaquille,G,,35:38,9.0,14.0,0.643,0.0,0.0,0.0,4.0,13.0,0.308,3.0,3.0,6.0,5.0,0.0,6.0,3.0,0.0,22.0,5.0
0020100192,1610612747,LAL,Los Angeles,977,Kobe Bryant,Kobe,G,,40:11,10.0,19.0,0.526,0.0,1.0,0.0,5.0,7.0,0.714,0.0,7.0,7.0,7.0,2.0,0.0,1.0,1.0,25.0,7.0
0020100192,1610612747,LAL,Los Angeles,283,Lindsey Hunter,Lindsey,G,,25:07,3.0,8.0,0.375,1.0,4.0,0.25,0.0,0.0,0.0,0.0,3.0,3.0,5.0,1.0,0.0,2.0,3.0,7.0,-10.0
0020100192,1610612747,LAL,Los Angeles,109,Robert Horry,Robert,G,,23:18,2.0,3.0,0.667,1.0,1.0,1.0,0.0,0.0,0.0,1.0,0.0,1.0,2.0,1.0,1.0,1.0,2.0,5.0,15.0
0020100192,1610612747,LAL,Los Angeles,965,Derek Fisher,Derek,F,,20:24,5.0,8.0,0.625,4.0,4.0,1.0,0.0,0.0,0.0,1.0,2.0,3.0,1.0,0.0,0.0,2.0,1.0,14.0,12.0
0020100192,1610612747,LAL,Los Angeles,1904,Devean George,Devean,F,,20:40,4.0,12.0,0.333,1.0,4.0,0.25,3.0,3.0,1.0,3.0,2.0,5.0,3.0,1.0,0.0,0.0,0.0,12.0,17.0
0020100192,1610612747,LAL,Los Angeles,782,Mitch Richmond,Mitch,,,13:38,1.0,3.0,0.333,0.0,1.0,0.0,0.0,0.0,0.0,0.0,2.0,2.0,2.0,0.0,0.0,0.0,1.0,2.0,2.0
0020100192,1610612747,LAL,Los Angeles,2058,Mark Madsen,Mark,,,5:49,0.0,1.0,0.0,0.0,0.0,0.0,0.0,0.0,0.0,0.0,0.0,0.0,0.0,0.0,0.0,0.0,2.0,0.0,2.0
0020100192,1610612747,LAL,Los Angeles,1272,,,, ,,,,,,,,,,,,,,,,,,,,
0020100192,1610612747,LAL,Los Angeles,1273,,,, ,,,,,,,,,,,,,,,,,,,,
0020100192,1610612747,LAL,Los Angeles,1219,,,, ,,,,,,,,,,,,,,,,,,,,
0020100192,1610612747,LAL,Los Angeles,1221,,,, ,,,,,,,,,,,,,,,,,,,,
0020100192,1610612747,LAL,Los Angeles,1223,,,, ,,,,,,,,,,,,,,,,,,,,
0020100192,1610612747,LAL,Los Angeles,1230,,,, ,,,,,,,,,,,,,,,,,,,,
0020100192,1610612747,LAL,Los Angeles,2098,Slava Medvedenko,Slava,,DNP - Coach's Decision,,,,,,,,,,,,,,,,,,,,
0020100192,1610612747,LAL,Los Angeles,216,Brian Shaw,Brian,,DNP - Coach's Decision,,,,,,,,,,,,,,,,,,,,
0020100191,1610612751,NJN,New Jersey,2030,Kenyon Martin,Kenyon,G,,39:02,6.0,15.0,0.4,1.0,1.0,1.0,6.0,6.0,1.0,2.0,3.0,5.0,2.0,3.0,1.0,5.0,3.0,19.0,-18.0
0020100191,1610612751,NJN,New Jersey,1496,Keith Van Horn,Keith,F,,32:44,6.0,15.0,0.4,1.0,4.0,0.25,0.0,0.0,0.0,1.0,6.0,7.0,3.0,2.0,0.0,3.0,1.0,13.0,-12.0
0020100191,1610612751,NJN,New Jersey,1928,Todd MacCulloch,Todd,G,,19:17,6.0,9.0,0.667,0.0,0.0,0.0,0.0,0.0,0.0,2.0,3.0,5.0,2.0,1.0,0.0,0.0,4.0,12.0,-2.0
0020100191,1610612751,NJN,New Jersey,954,Kerry Kittles,Kerry,G,,28:00,3.0,11.0,0.273,0.0,3.0,0.0,0.0,0.0,0.0,2.0,3.0,5.0,3.0,2.0,0.0,0.0,1.0,6.0,-14.0
0020100191,1610612751,NJN,New Jersey,467,Jason Kidd,Jason,G,,37:33,6.0,15.0,0.4,2.0,4.0,0.5,2.0,4.0,0.5,0.0,8.0,8.0,8.0,0.0,1.0,1.0,2.0,16.0,-16.0
0020100191,1610612751,NJN,New Jersey,1425,Aaron Williams,Aaron,G,,25:42,3.0,7.0,0.429,0.0,0.0,0.0,0.0,0.0,0.0,0.0,4.0,4.0,2.0,1.0,2.0,0.0,3.0,6.0,-16.0
0020100191,1610612751,NJN,New Jersey,2215,Jason Collins,Jason,G,,18:13,0.0,1.0,0.0,0.0,0.0,0.0,4.0,8.0,0.5,2.0,1.0,3.0,0.0,0.0,0.0,1.0,2.0,4.0,-1.0
0020100191,1610612751,NJN,New Jersey,446,Lucious Harris,Lucious,G,,18:45,1.0,3.0,0.333,0.0,0.0,0.0,1.0,2.0,0.5,1.0,1.0,2.0,1.0,0.0,0.0,1.0,2.0,3.0,-6.0
0020100191,1610612751,NJN,New Jersey,1760,Derrick Dial,Derrick,F,,10:27,1.0,4.0,0.25,0.0,1.0,0.0,0.0,0.0,0.0,0.0,0.0,0.0,2.0,0.0,0.0,0.0,0.0,2.0,0.0
0020100191,1610612751,NJN,New Jersey,1073,Reggie Slater,Reggie,,,6:22,1.0,1.0,1.0,0.0,0.0,0.0,0.0,0.0,0.0,0.0,1.0,1.0,0.0,0.0,0.0,1.0,1.0,2.0,3.0
0020100191,1610612751,NJN,New Jersey,2220,Brandon Armstrong,Brandon,,,3:55,1.0,3.0,0.333,0.0,0.0,0.0,0.0,0.0,0.0,1.0,0.0,1.0,0.0,0.0,0.0,0.0,0.0,2.0,2.0
0020100191,1610612751,NJN,New Jersey,2380,,,, ,,,,,,,,,,,,,,,,,,,,
0020100191,1610612751,NJN,New Jersey,1673,,,, ,,,,,,,,,,,,,,,,,,,,
0020100191,1610612751,NJN,New Jersey,1776,,,, ,,,,,,,,,,,,,,,,,,,,
0020100191,1610612751,NJN,New Jersey,1789,,,, ,,,,,,,,,,,,,,,,,,,,
0020100191,1610612751,NJN,New Jersey,1876,,,, ,,,,,,,,,,,,,,,,,,,,
0020100191,1610612751,NJN,New Jersey,1324,,,, ,,,,,,,,,,,,,,,,,,,,
0020100191,1610612751,NJN,New Jersey,1303,,,, ,,,,,,,,,,,,,,,,,,,,
0020100191,1610612751,NJN,New Jersey,2009,,,, ,,,,,,,,,,,,,,,,,,,,
0020100191,1610612751,NJN,New Jersey,2210,Richard Jefferson,Richard,,DND - Left Knee Injury,,,,,,,,,,,,,,,,,,,,
0020100191,1610612744,GSW,Golden State,1504,Danny Fortson,Danny,F,,26:45,7.0,9.0,0.778,0.0,0.0,0.0,2.0,2.0,1.0,1.0,7.0,8.0,4.0,0.0,0.0,4.0,3.0,16.0,22.0
0020100191,1610612744,GSW,Golden State,1712,Antawn Jamison,Antawn,G,,36:47,7.0,17.0,0.412,2.0,3.0,0.667,6.0,6.0,1.0,2.0,5.0,7.0,4.0,2.0,3.0,1.0,4.0,22.0,18.0
0020100191,1610612744,GSW,Golden State,956,Erick Dampier,Erick,G,,34:45,5.0,7.0,0.714,0.0,0.0,0.0,1.0,4.0,0.25,0.0,14.0,14.0,2.0,1.0,4.0,3.0,2.0,11.0,9.0
0020100191,1610612744,GSW,Golden State,2202,Jason Richardson,Jason,G,,35:20,5.0,15.0,0.333,1.0,6.0,0.167,1.0,2.0,0.5,4.0,2.0,6.0,4.0,3.0,1.0,1.0,0.0,12.0,15.0
0020100191,1610612744,GSW,Golden State,1716,Larry Hughes,Larry,G,,26:24,4.0,9.0,0.444,1.0,1.0,1.0,2.0,3.0,0.667,0.0,4.0,4.0,5.0,1.0,0.0,1.0,1.0,11.0,13.0
0020100191,1610612744,GSW,Golden State,302,Mookie Blaylock,Mookie,G,,25:25,6.0,8.0,0.75,1.0,2.0,0.5,0.0,0.0,0.0,0.0,2.0,2.0,5.0,0.0,0.0,1.0,1.0,13.0,9.0
0020100191,1610612744,GSW,Golden State,168,Chris Mills,Chris,F,,18:00,2.0,4.0,0.5,0.0,0.0,0.0,0.0,0.0,0.0,3.0,4.0,7.0,1.0,0.0,0.0,1.0,2.0,4.0,3.0
0020100191,1610612744,GSW,Golden State,1502,Adonal Foyle,Adonal,F,,15:51,1.0,2.0,0.5,0.0,0.0,0.0,0.0,2.0,0.0,0.0,0.0,0.0,2.0,1.0,1.0,1.0,0.0,2.0,3.0
0020100191,1610612744,GSW,Golden State,2211,Troy Murphy,Troy,,,8:51,1.0,4.0,0.25,0.0,0.0,0.0,0.0,0.0,0.0,0.0,2.0,2.0,0.0,0.0,1.0,0.0,1.0,2.0,-5.0
0020100191,1610612744,GSW,Golden State,682,Bob Sura,Bob,,,8:51,2.0,6.0,0.333,0.0,1.0,0.0,2.0,2.0,1.0,1.0,0.0,1.0,1.0,0.0,0.0,0.0,2.0,6.0,-5.0
0020100191,1610612744,GSW,Golden State,1538,Cedric Henderson,Cedric,,,3:01,1.0,2.0,0.5,0.0,1.0,0.0,0.0,0.0,0.0,0.0,0.0,0.0,0.0,0.0,0.0,0.0,0.0,2.0,-2.0
0020100191,1610612744,GSW,Golden State,1637,,,, ,,,,,,,,,,,,,,,,,,,,
0020100191,1610612744,GSW,Golden State,500093,,,, ,,,,,,,,,,,,,,,,,,,,
0020100191,1610612744,GSW,Golden State,1217,,,, ,,,,,,,,,,,,,,,,,,,,
0020100191,1610612744,GSW,Golden State,1252,,,, ,,,,,,,,,,,,,,,,,,,,
0020100191,1610612744,GSW,Golden State,1323,,,, ,,,,,,,,,,,,,,,,,,,,
0020100191,1610612744,GSW,Golden State,1350,,,, ,,,,,,,,,,,,,,,,,,,,
0020100191,1610612744,GSW,Golden State,1373,,,, ,,,,,,,,,,,,,,,,,,,,
0020100191,1610612744,GSW,Golden State,1531,Marc Jackson,Marc,,DNP - Coach's Decision,,,,,,,,,,,,,,,,,,,,
0020100190,1610612754,IND,Indiana,979,Jermaine O'Neal,Jermaine,G,,43:49,8.0,15.0,0.533,0.0,1.0,0.0,7.0,8.0,0.875,3.0,14.0,17.0,3.0,0.0,3.0,7.0,3.0,23.0,-11.0
0020100190,1610612754,IND,Indiana,147,Jalen Rose,Jalen,G,,30:05,5.0,12.0,0.417,0.0,1.0,0.0,1.0,2.0,0.5,0.0,4.0,4.0,2.0,1.0,0.0,4.0,3.0,11.0,2.0
0020100190,1610612754,IND,Indiana,1902,Jeff Foster,Jeff,G,,25:56,2.0,3.0,0.667,0.0,0.0,0.0,0.0,0.0,0.0,1.0,3.0,4.0,1.0,2.0,0.0,1.0,5.0,4.0,1.0
0020100190,1610612754,IND,Indiana,397,Reggie Miller,Reggie,G,,45:17,5.0,9.0,0.556,3.0,5.0,0.6,4.0,4.0,1.0,0.0,5.0,5.0,2.0,0.0,1.0,2.0,3.0,17.0,-10.0
0020100190,1610612754,IND,Indiana,2224,Jamaal Tinsley,Jamaal,G,,42:39,5.0,11.0,0.455,0.0,1.0,0.0,4.0,6.0,0.667,0.0,2.0,2.0,12.0,0.0,1.0,4.0,6.0,14.0,-7.0
0020100190,1610612754,IND,Indiana,1733,Al Harrington,Al,G,,28:52,3.0,12.0,0.25,0.0,0.0,0.0,4.0,4.0,1.0,3.0,3.0,6.0,3.0,0.0,0.0,3.0,3.0,10.0,-16.0
0020100190,1610612754,IND,Indiana,1886,Jonathan Bender,Jonathan,F,,16:51,2.0,5.0,0.4,1.0,3.0,0.333,0.0,0.0,0.0,0.0,0.0,0.0,0.0,0.0,1.0,1.0,1.0,5.0,-10.0
0020100190,1610612754,IND,Indiana,1506,Austin Croshere,Austin,,,5:28,1.0,2.0,0.5,0.0,1.0,0.0,2.0,2.0,1.0,0.0,0.0,0.0,0.0,0.0,1.0,0.0,0.0,4.0,-2.0
0020100190,1610612754,IND,Indiana,2249,Jamison Brewer,Jamison,,,1:03,0.0,0.0,0.0,0.0,0.0,0.0,0.0,0.0,0.0,0.0,0.0,0.0,0.0,0.0,0.0,0.0,1.0,0.0,-2.0
0020100190,1610612754,IND,Indiana,2099,,,, ,,,,,,,,,,,,,,,,,,,,
0020100190,1610612754,IND,Indiana,2100,,,, ,,,,,,,,,,,,,,,,,,,,
0020100190,1610612754,IND,Indiana,2165,,,, ,,,,,,,,,,,,,,,,,,,,
0020100190,1610612754,IND,Indiana,1857,,,, ,,,,,,,,,,,,,,,,,,,,
0020100190,1610612754,IND,Indiana,1263,,,, ,,,,,,,,,,,,,,,,,,,,
0020100190,1610612754,IND,Indiana,1299,,,, ,,,,,,,,,,,,,,,,,,,,
0020100190,1610612754,IND,Indiana,1306,,,, ,,,,,,,,,,,,,,,,,,,,
0020100190,1610612754,IND,Indiana,2056,Primoz Brezec,Primoz,,DNP - Coach's Decision,,,,,,,,,,,,,,,,,,,,
0020100190,1610612754,IND,Indiana,435,Carlos Rogers,Carlos,,DNP - Coach's Decision,,,,,,,,,,,,,,,,,,,,
0020100190,1610612754,IND,Indiana,1743,Bruno Sundov,Bruno,,DNP - Coach's Decision,,,,,,,,,,,,,,,,,,,,
0020100190,1610612760,SEA,Seattle,452,Vin Baker,Vin,G,,33:19,8.0,15.0,0.533,0.0,0.0,0.0,3.0,5.0,0.6,4.0,2.0,6.0,0.0,1.0,1.0,2.0,5.0,19.0,11.0
0020100190,1610612760,SEA,Seattle,2046,Desmond Mason,Desmond,F,,33:56,4.0,13.0,0.308,0.0,1.0,0.0,0.0,0.0,0.0,0.0,5.0,5.0,1.0,1.0,0.0,3.0,5.0,8.0,4.0
0020100190,1610612760,SEA,Seattle,1916,Calvin Booth,Calvin,F,,22:58,2.0,6.0,0.333,0.0,0.0,0.0,2.0,2.0,1.0,3.0,3.0,6.0,0.0,1.0,0.0,0.0,5.0,6.0,0.0
0020100190,1610612760,SEA,Seattle,699,Brent Barry,Brent,G,,38:39,5.0,16.0,0.313,1.0,8.0,0.125,6.0,6.0,1.0,2.0,6.0,8.0,4.0,2.0,1.0,0.0,3.0,17.0,2.0
0020100190,1610612760,SEA,Seattle,56,Gary Payton,Gary,G,,44:39,7.0,17.0,0.412,2.0,3.0,0.667,4.0,4.0,1.0,1.0,2.0,3.0,12.0,2.0,1.0,0.0,1.0,20.0,10.0
0020100190,1610612760,SEA,Seattle,1740,Rashard Lewis,Rashard,G,,37:02,9.0,16.0,0.563,0.0,1.0,0.0,6.0,6.0,1.0,1.0,6.0,7.0,2.0,2.0,2.0,1.0,1.0,24.0,16.0
0020100190,1610612760,SEA,Seattle,2248,Earl Watson,Earl,G,,17:00,1.0,4.0,0.25,0.0,0.0,0.0,1.0,2.0,0.5,1.0,2.0,3.0,1.0,1.0,0.0,2.0,3.0,3.0,14.0
0020100190,1610612760,SEA,Seattle,1542,Predrag Drobnjak,Predrag,G,,6:30,0.0,1.0,0.0,0.0,0.0,0.0,2.0,2.0,1.0,0.0,1.0,1.0,0.0,0.0,0.0,1.0,1.0,2.0,1.0
0020100190,1610612760,SEA,Seattle,2071,Olumide Oyedeji,Olumide,F,,5:57,0.0,0.0,0.0,0.0,0.0,0.0,0.0,0.0,0.0,0.0,1.0,1.0,0.0,0.0,0.0,1.0,1.0,0.0,-3.0
0020100190,1610612760,SEA,Seattle,1778,,,, ,,,,,,,,,,,,,,,,,,,,
0020100190,1610612760,SEA,Seattle,1335,,,, ,,,,,,,,,,,,,,,,,,,,
0020100190,1610612760,SEA,Seattle,1338,,,, ,,,,,,,,,,,,,,,,,,,,
0020100190,1610612760,SEA,Seattle,1349,,,, ,,,,,,,,,,,,,,,,,,,,
0020100190,1610612760,SEA,Seattle,2350,,,, ,,,,,,,,,,,,,,,,,,,,
0020100190,1610612760,SEA,Seattle,1609,Art Long,Art,,DNP - Coach's Decision,,,,,,,,,,,,,,,,,,,,
0020100190,1610612760,SEA,Seattle,2209,Vladimir Radmanovic,Vladimir,,DNP - Coach's Decision,,,,,,,,,,,,,,,,,,,,
0020100190,1610612760,SEA,Seattle,1742,Shammond Williams,Shammond,,DNP - Coach's Decision,,,,,,,,,,,,,,,,,,,,
