GAME_ID,TEAM_ID,TEAM_ABBREVIATION,TEAM_CITY,PLAYER_ID,PLAYER_NAME,NICKNAME,START_POSITION,COMMENT,MIN,FGM,FGA,FG_PCT,FG3M,FG3A,FG3_PCT,FTM,FTA,FT_PCT,OREB,DREB,REB,AST,STL,BLK,TO,PF,PTS,PLUS_MINUS
0020000335,1610612753,ORL,Orlando,680,John Amaechi,John,F,,28:19,4.0,10.0,0.4,0.0,0.0,0.0,2.0,6.0,0.333,0.0,3.0,3.0,0.0,0.0,0.0,1.0,3.0,10.0,-11.0
0020000335,1610612753,ORL,Orlando,448,Bo Outlaw,Bo,G,,34:13,3.0,4.0,0.75,0.0,1.0,0.0,3.0,6.0,0.5,2.0,3.0,5.0,6.0,0.0,1.0,1.0,5.0,9.0,-6.0
0020000335,1610612753,ORL,Orlando,1720,Michael Doleac,Michael,C,,28:43,2.0,11.0,0.182,0.0,0.0,0.0,0.0,0.0,0.0,1.0,5.0,6.0,0.0,0.0,0.0,1.0,5.0,4.0,-14.0
0020000335,1610612753,ORL,Orlando,1503,Tracy McGrady,Tracy,G,,45:13,14.0,25.0,0.56,1.0,3.0,0.333,10.0,11.0,0.909,1.0,3.0,4.0,6.0,2.0,1.0,4.0,2.0,39.0,-7.0
0020000335,1610612753,ORL,Orlando,353,Darrell Armstrong,Darrell,G,,38:42,6.0,12.0,0.5,2.0,3.0,0.667,3.0,4.0,0.75,4.0,6.0,10.0,7.0,5.0,1.0,3.0,1.0,17.0,-9.0
0020000335,1610612753,ORL,Orlando,690,Don Reid,Don,,,6:01,0.0,0.0,0.0,0.0,0.0,0.0,0.0,0.0,0.0,1.0,0.0,1.0,0.0,1.0,0.0,0.0,3.0,0.0,0.0
0020000335,1610612753,ORL,Orlando,1727,Pat Garrity,Pat,G,,16:46,2.0,8.0,0.25,1.0,3.0,0.333,3.0,3.0,1.0,0.0,1.0,1.0,0.0,1.0,0.0,0.0,1.0,8.0,-1.0
0020000335,1610612753,ORL,Orlando,2034,Mike Miller,Mike,F,,11:30,1.0,2.0,0.5,1.0,2.0,0.5,0.0,0.0,0.0,0.0,0.0,0.0,2.0,1.0,0.0,1.0,1.0,3.0,1.0
0020000335,1610612753,ORL,Orlando,1607,Troy Hudson,Troy,F,,9:18,1.0,4.0,0.25,1.0,1.0,1.0,0.0,0.0,0.0,0.0,0.0,0.0,2.0,0.0,0.0,0.0,0.0,3.0,-1.0
0020000335,1610612753,ORL,Orlando,42,Monty Williams,Monty,,,7:18,1.0,1.0,1.0,0.0,0.0,0.0,1.0,2.0,0.5,1.0,1.0,2.0,0.0,1.0,0.0,1.0,1.0,3.0,-6.0
0020000335,1610612753,ORL,Orlando,692,Andrew DeClercq,Andrew,G,,13:57,0.0,1.0,0.0,0.0,0.0,0.0,0.0,0.0,0.0,0.0,1.0,1.0,0.0,1.0,1.0,0.0,2.0,0.0,4.0
0020000335,1610612753,ORL,Orlando,837,,,, ,,,,,,,,,,,,,,,,,,,,
0020000335,1610612753,ORL,Orlando,1296,,,, ,,,,,,,,,,,,,,,,,,,,
0020000335,1610612753,ORL,Orlando,1307,,,, ,,,,,,,,,,,,,,,,,,,,
0020000335,1610612753,ORL,Orlando,1309,,,, ,,,,,,,,,,,,,,,,,,,,
0020000335,1610612753,ORL,Orlando,1650,,,, ,,,,,,,,,,,,,,,,,,,,
0020000335,1610612753,ORL,Orlando,1332,,,, ,,,,,,,,,,,,,,,,,,,,
0020000335,1610612753,ORL,Orlando,1941,,,, ,,,,,,,,,,,,,,,,,,,,
0020000335,1610612753,ORL,Orlando,255,Grant Hill,Grant,,DND - left foot injury,,,,,,,,,,,,,,,,,,,,
0020000335,1610612757,POR,Portland,937,Scottie Pippen,Scottie,F,,30:11,3.0,11.0,0.273,1.0,6.0,0.167,1.0,2.0,0.5,1.0,6.0,7.0,8.0,2.0,0.0,1.0,5.0,8.0,15.0
0020000335,1610612757,POR,Portland,739,Rasheed Wallace,Rasheed,G,,37:02,9.0,11.0,0.818,0.0,0.0,0.0,4.0,6.0,0.667,5.0,5.0,10.0,3.0,0.0,1.0,3.0,4.0,22.0,6.0
0020000335,1610612757,POR,Portland,717,Arvydas Sabonis,Arvydas,C,,25:26,9.0,14.0,0.643,0.0,1.0,0.0,0.0,2.0,0.0,1.0,7.0,8.0,2.0,0.0,0.0,2.0,1.0,18.0,17.0
0020000335,1610612757,POR,Portland,120,Steven Smith,Steven,G,,31:21,3.0,9.0,0.333,0.0,1.0,0.0,7.0,7.0,1.0,2.0,5.0,7.0,3.0,2.0,0.0,3.0,2.0,13.0,4.0
0020000335,1610612757,POR,Portland,757,Damon Stoudamire,Damon,G,,36:08,5.0,9.0,0.556,1.0,2.0,0.5,4.0,4.0,1.0,0.0,1.0,1.0,4.0,0.0,0.0,3.0,2.0,15.0,0.0
0020000335,1610612757,POR,Portland,431,Shawn Kemp,Shawn,F,,18:53,2.0,6.0,0.333,0.0,0.0,0.0,0.0,0.0,0.0,2.0,3.0,5.0,1.0,0.0,0.0,4.0,4.0,4.0,-4.0
0020000335,1610612757,POR,Portland,905,Dale Davis,Dale,G,,21:27,4.0,7.0,0.571,0.0,0.0,0.0,2.0,2.0,1.0,3.0,4.0,7.0,0.0,0.0,0.0,1.0,1.0,10.0,-5.0
0020000335,1610612757,POR,Portland,278,Stacey Augmon,Stacey,F,,6:25,1.0,2.0,0.5,0.0,0.0,0.0,2.0,2.0,1.0,0.0,1.0,1.0,0.0,0.0,0.0,0.0,1.0,4.0,5.0
0020000335,1610612757,POR,Portland,1719,Bonzi Wells,Bonzi,F,,21:15,5.0,9.0,0.556,0.0,0.0,0.0,1.0,2.0,0.5,1.0,4.0,5.0,6.0,0.0,0.0,3.0,5.0,11.0,2.0
0020000335,1610612757,POR,Portland,21,Greg Anthony,Greg,,,11:52,0.0,1.0,0.0,0.0,1.0,0.0,1.0,2.0,0.5,0.0,0.0,0.0,0.0,1.0,0.0,0.0,0.0,1.0,10.0
0020000335,1610612757,POR,Portland,1329,,,, ,,,,,,,,,,,,,,,,,,,,
0020000335,1610612757,POR,Portland,2149,,,, ,,,,,,,,,,,,,,,,,,,,
0020000335,1610612757,POR,Portland,1783,,,, ,,,,,,,,,,,,,,,,,,,,
0020000335,1610612757,POR,Portland,1336,,,, ,,,,,,,,,,,,,,,,,,,,
0020000335,1610612757,POR,Portland,1473,,,, ,,,,,,,,,,,,,,,,,,,,
0020000335,1610612757,POR,Portland,1655,,,, ,,,,,,,,,,,,,,,,,,,,
0020000335,1610612757,POR,Portland,1656,,,, ,,,,,,,,,,,,,,,,,,,,
0020000335,1610612757,POR,Portland,2057,Erick Barkley,Erick,,DNP - Coach's Decision,,,,,,,,,,,,,,,,,,,,
0020000335,1610612757,POR,Portland,781,Will Perdue,Will,,DNP - Coach's Decision,,,,,,,,,,,,,,,,,,,,
0020000329,1610612750,MIN,Minnesota,1887,Wally Szczerbiak,Wally,F,,37:43,1.0,6.0,0.167,0.0,0.0,0.0,4.0,4.0,1.0,3.0,5.0,8.0,4.0,0.0,1.0,1.0,3.0,6.0,3.0
0020000329,1610612750,MIN,Minnesota,708,Kevin Garnett,Kevin,F,,39:20,9.0,20.0,0.45,0.0,0.0,0.0,8.0,8.0,1.0,2.0,11.0,13.0,10.0,2.0,1.0,2.0,3.0,26.0,3.0
0020000329,1610612750,MIN,Minnesota,1051,Dean Garrett,Dean,C,,14:31,1.0,2.0,0.5,0.0,0.0,0.0,0.0,0.0,0.0,0.0,6.0,6.0,0.0,0.0,2.0,1.0,3.0,2.0,3.0
0020000329,1610612750,MIN,Minnesota,1497,Chauncey Billups,Chauncey,G,,29:12,6.0,10.0,0.6,2.0,3.0,0.667,1.0,2.0,0.5,1.0,2.0,3.0,2.0,0.0,0.0,2.0,2.0,15.0,10.0
0020000329,1610612750,MIN,Minnesota,210,Terrell Brandon,Terrell,G,,36:54,8.0,15.0,0.533,0.0,0.0,0.0,3.0,4.0,0.75,1.0,4.0,5.0,2.0,2.0,0.0,3.0,2.0,19.0,9.0
0020000329,1610612750,MIN,Minnesota,324,Anthony Peeler,Anthony,G,,23:41,6.0,13.0,0.462,2.0,3.0,0.667,0.0,0.0,0.0,1.0,0.0,1.0,0.0,2.0,0.0,1.0,1.0,14.0,0.0
0020000329,1610612750,MIN,Minnesota,1725,Rasho Nesterovic,Rasho,C,,23:46,2.0,6.0,0.333,0.0,0.0,0.0,3.0,4.0,0.75,2.0,5.0,7.0,1.0,0.0,0.0,2.0,5.0,7.0,4.0
0020000329,1610612750,MIN,Minnesota,1895,William Avery,William,,,1:56,0.0,1.0,0.0,0.0,1.0,0.0,0.0,0.0,0.0,0.0,0.0,0.0,0.0,0.0,0.0,0.0,1.0,0.0,-3.0
0020000329,1610612750,MIN,Minnesota,417,Sam Mitchell,Sam,F,,8:56,1.0,2.0,0.5,0.0,0.0,0.0,0.0,0.0,0.0,0.0,2.0,2.0,0.0,0.0,0.0,1.0,2.0,2.0,6.0
0020000329,1610612750,MIN,Minnesota,111,LaPhonso Ellis,LaPhonso,F,,23:52,4.0,7.0,0.571,0.0,1.0,0.0,0.0,0.0,0.0,2.0,6.0,8.0,1.0,0.0,2.0,3.0,5.0,8.0,10.0
0020000329,1610612750,MIN,Minnesota,1734,Sam Jacobson,Sam,,,0:09,0.0,0.0,0.0,0.0,0.0,0.0,0.0,0.0,0.0,0.0,0.0,0.0,0.0,0.0,0.0,0.0,0.0,0.0,0.0
0020000329,1610612750,MIN,Minnesota,2146,,,, ,,,,,,,,,,,,,,,,,,,,
0020000329,1610612750,MIN,Minnesota,2158,,,, ,,,,,,,,,,,,,,,,,,,,
0020000329,1610612750,MIN,Minnesota,2159,,,, ,,,,,,,,,,,,,,,,,,,,
0020000329,1610612750,MIN,Minnesota,1290,,,, ,,,,,,,,,,,,,,,,,,,,
0020000329,1610612750,MIN,Minnesota,1291,,,, ,,,,,,,,,,,,,,,,,,,,
0020000329,1610612750,MIN,Minnesota,847,,,, ,,,,,,,,,,,,,,,,,,,,
0020000329,1610612750,MIN,Minnesota,67,Tom Hammonds,Tom,,DNP - Coach's Decision,,,,,,,,,,,,,,,,,,,,
0020000329,1610612765,DET,Detroit,688,Michael Curry,Michael,F,,14:10,1.0,4.0,0.25,0.0,0.0,0.0,0.0,0.0,0.0,0.0,0.0,0.0,0.0,0.0,0.0,1.0,0.0,2.0,-1.0
0020000329,1610612765,DET,Detroit,693,Joe Smith,Joe,F,,26:40,6.0,15.0,0.4,0.0,0.0,0.0,4.0,5.0,0.8,4.0,1.0,5.0,0.0,1.0,1.0,1.0,5.0,16.0,0.0
0020000329,1610612765,DET,Detroit,1112,Ben Wallace,Ben,F,,38:40,3.0,6.0,0.5,0.0,0.0,0.0,2.0,7.0,0.286,6.0,8.0,14.0,1.0,1.0,2.0,3.0,2.0,8.0,-2.0
0020000329,1610612765,DET,Detroit,711,Jerry Stackhouse,Jerry,G,,38:15,10.0,25.0,0.4,0.0,3.0,0.0,9.0,14.0,0.643,1.0,4.0,5.0,5.0,0.0,1.0,2.0,1.0,29.0,-3.0
0020000329,1610612765,DET,Detroit,1088,Chucky Atkins,Chucky,G,,20:57,1.0,6.0,0.167,1.0,2.0,0.5,2.0,2.0,1.0,0.0,1.0,1.0,2.0,1.0,0.0,1.0,3.0,5.0,-7.0
0020000329,1610612765,DET,Detroit,1630,Mikki Moore,Mikki,,,10:50,1.0,3.0,0.333,0.0,0.0,0.0,1.0,2.0,0.5,4.0,2.0,6.0,0.0,0.0,0.0,0.0,0.0,3.0,-9.0
0020000329,1610612765,DET,Detroit,2043,Mateen Cleaves,Mateen,G,,23:03,3.0,5.0,0.6,0.0,0.0,0.0,3.0,5.0,0.6,0.0,7.0,7.0,3.0,5.0,0.0,3.0,3.0,9.0,-2.0
0020000329,1610612765,DET,Detroit,146,Jud Buechler,Jud,F,,3:28,1.0,1.0,1.0,1.0,1.0,1.0,0.0,0.0,0.0,0.0,1.0,1.0,0.0,0.0,0.0,0.0,1.0,3.0,1.0
0020000329,1610612765,DET,Detroit,376,Eric Montross,Eric,C,,15:43,1.0,4.0,0.25,0.0,0.0,0.0,0.0,0.0,0.0,1.0,0.0,1.0,0.0,0.0,1.0,0.0,1.0,2.0,-7.0
0020000329,1610612765,DET,Detroit,344,Dana Barros,Dana,G,,25:47,4.0,11.0,0.364,2.0,2.0,1.0,1.0,1.0,1.0,1.0,3.0,4.0,1.0,0.0,0.0,3.0,1.0,11.0,-5.0
0020000329,1610612765,DET,Detroit,182,Billy Owens,Billy,F,,18:29,1.0,7.0,0.143,0.0,1.0,0.0,0.0,1.0,0.0,1.0,0.0,1.0,1.0,1.0,1.0,0.0,3.0,2.0,-10.0
0020000329,1610612765,DET,Detroit,2073,Brian Cardinal,Brian,,,3:58,0.0,0.0,0.0,0.0,0.0,0.0,0.0,0.0,0.0,0.0,0.0,0.0,1.0,0.0,0.0,0.0,1.0,0.0,0.0
0020000329,1610612765,DET,Detroit,1247,,,, ,,,,,,,,,,,,,,,,,,,,
0020000329,1610612765,DET,Detroit,2155,,,, ,,,,,,,,,,,,,,,,,,,,
0020000329,1610612765,DET,Detroit,1798,,,, ,,,,,,,,,,,,,,,,,,,,
0020000329,1610612765,DET,Detroit,1996,,,, ,,,,,,,,,,,,,,,,,,,,
0020000332,1610612761,TOR,Toronto,891,Charles Oakley,Charles,G,,39:35,5.0,10.0,0.5,0.0,3.0,0.0,2.0,2.0,1.0,1.0,9.0,10.0,2.0,1.0,0.0,3.0,4.0,12.0,-7.0
0020000332,1610612761,TOR,Toronto,722,Corliss Williamson,Corliss,G,,25:55,3.0,9.0,0.333,0.0,0.0,0.0,2.0,2.0,1.0,3.0,5.0,8.0,1.0,1.0,0.0,2.0,2.0,8.0,2.0
0020000332,1610612761,TOR,Toronto,213,Antonio Davis,Antonio,G,,40:46,8.0,14.0,0.571,0.0,0.0,0.0,9.0,10.0,0.9,4.0,8.0,12.0,3.0,0.0,2.0,1.0,3.0,25.0,-6.0
0020000332,1610612761,TOR,Toronto,1713,Vince Carter,Vince,G,,29:58,6.0,17.0,0.353,2.0,5.0,0.4,1.0,2.0,0.5,1.0,2.0,3.0,0.0,0.0,0.0,1.0,2.0,15.0,3.0
0020000332,1610612761,TOR,Toronto,349,Mark Jackson,Mark,G,,31:55,2.0,8.0,0.25,1.0,4.0,0.25,0.0,0.0,0.0,0.0,0.0,0.0,8.0,0.0,0.0,1.0,1.0,5.0,-9.0
0020000332,1610612761,TOR,Toronto,788,Kevin Willis,Kevin,G,,15:39,0.0,4.0,0.0,0.0,0.0,0.0,0.0,0.0,0.0,1.0,6.0,7.0,0.0,0.0,0.0,2.0,4.0,0.0,-1.0
0020000332,1610612761,TOR,Toronto,1541,Alvin Williams,Alvin,G,,25:44,6.0,8.0,0.75,1.0,1.0,1.0,0.0,0.0,0.0,0.0,0.0,0.0,1.0,2.0,0.0,1.0,5.0,13.0,-15.0
0020000332,1610612761,TOR,Toronto,2050,Morris Peterson,Morris,F,,20:00,5.0,9.0,0.556,0.0,0.0,0.0,1.0,2.0,0.5,0.0,1.0,1.0,0.0,1.0,0.0,2.0,2.0,11.0,-7.0
0020000332,1610612761,TOR,Toronto,209,Dell Curry,Dell,C,,10:28,2.0,3.0,0.667,1.0,1.0,1.0,3.0,3.0,1.0,0.0,1.0,1.0,2.0,0.0,0.0,0.0,1.0,8.0,5.0
0020000332,1610612761,TOR,Toronto,883,,,, ,,,,,,,,,,,,,,,,,,,,
0020000332,1610612761,TOR,Toronto,2162,,,, ,,,,,,,,,,,,,,,,,,,,
0020000332,1610612761,TOR,Toronto,1368,,,, ,,,,,,,,,,,,,,,,,,,,
0020000332,1610612761,TOR,Toronto,1344,,,, ,,,,,,,,,,,,,,,,,,,,
0020000332,1610612761,TOR,Toronto,1205,,,, ,,,,,,,,,,,,,,,,,,,,
0020000332,1610612761,TOR,Toronto,1244,,,, ,,,,,,,,,,,,,,,,,,,,
0020000332,1610612761,TOR,Toronto,1266,,,, ,,,,,,,,,,,,,,,,,,,,
0020000332,1610612761,TOR,Toronto,895,Tyrone Corbin,Tyrone,,DNP - Coach's Decision,,,,,,,,,,,,,,,,,,,,
0020000332,1610612761,TOR,Toronto,1600,Kornel David,Kornel,,DNP - Coach's Decision,,,,,,,,,,,,,,,,,,,,
0020000332,1610612761,TOR,Toronto,1565,Michael Stewart,Michael,,DNP - Coach's Decision,,,,,,,,,,,,,,,,,,,,
0020000332,1610612749,MIL,Milwaukee,679,Jason Caffey,Jason,G,,30:33,3.0,6.0,0.5,0.0,0.0,0.0,2.0,2.0,1.0,1.0,2.0,3.0,2.0,1.0,0.0,0.0,0.0,8.0,8.0
0020000332,1610612749,MIL,Milwaukee,299,Glenn Robinson,Glenn,F,,36:50,12.0,22.0,0.545,0.0,1.0,0.0,7.0,8.0,0.875,1.0,6.0,7.0,2.0,1.0,1.0,2.0,3.0,31.0,-3.0
0020000332,1610612749,MIL,Milwaukee,2038,Joel Przybilla,Joel,F,,12:57,0.0,0.0,0.0,0.0,0.0,0.0,0.0,0.0,0.0,1.0,2.0,3.0,0.0,0.0,1.0,0.0,2.0,0.0,-1.0
0020000332,1610612749,MIL,Milwaukee,951,Ray Allen,Ray,G,,37:45,5.0,12.0,0.417,2.0,3.0,0.667,2.0,2.0,1.0,1.0,4.0,5.0,2.0,1.0,0.0,3.0,2.0,14.0,9.0
0020000332,1610612749,MIL,Milwaukee,208,Sam Cassell,Sam,G,,35:20,5.0,13.0,0.385,1.0,4.0,0.25,2.0,4.0,0.5,0.0,2.0,2.0,8.0,0.0,0.0,4.0,4.0,13.0,-8.0
0020000332,1610612749,MIL,Milwaukee,1501,Tim Thomas,Tim,F,,25:52,3.0,9.0,0.333,0.0,2.0,0.0,4.0,4.0,1.0,1.0,1.0,2.0,2.0,2.0,0.0,0.0,2.0,10.0,9.0
0020000332,1610612749,MIL,Milwaukee,283,Lindsey Hunter,Lindsey,F,,23:33,5.0,12.0,0.417,3.0,5.0,0.6,0.0,0.0,0.0,1.0,0.0,1.0,1.0,0.0,0.0,0.0,2.0,13.0,8.0
0020000332,1610612749,MIL,Milwaukee,911,Ervin Johnson,Ervin,G,,25:20,4.0,6.0,0.667,0.0,0.0,0.0,3.0,3.0,1.0,4.0,7.0,11.0,0.0,1.0,3.0,0.0,5.0,11.0,5.0
0020000332,1610612749,MIL,Milwaukee,281,Scott Williams,Scott,G,,11:50,1.0,4.0,0.25,0.0,0.0,0.0,2.0,2.0,1.0,2.0,2.0,4.0,0.0,0.0,0.0,1.0,2.0,4.0,8.0
0020000332,1610612749,MIL,Milwaukee,1334,,,, ,,,,,,,,,,,,,,,,,,,,
0020000332,1610612749,MIL,Milwaukee,1337,,,, ,,,,,,,,,,,,,,,,,,,,
0020000332,1610612749,MIL,Milwaukee,1355,,,, ,,,,,,,,,,,,,,,,,,,,
0020000332,1610612749,MIL,Milwaukee,2157,,,, ,,,,,,,,,,,,,,,,,,,,
0020000332,1610612749,MIL,Milwaukee,1796,,,, ,,,,,,,,,,,,,,,,,,,,
0020000332,1610612749,MIL,Milwaukee,1797,,,, ,,,,,,,,,,,,,,,,,,,,
0020000332,1610612749,MIL,Milwaukee,1747,Rafer Alston,Rafer,,DNP - Coach's Decision,,,,,,,,,,,,,,,,,,,,
0020000332,1610612749,MIL,Milwaukee,760,Jerome Kersey,Jerome,,DNP - Coach's Decision,,,,,,,,,,,,,,,,,,,,
0020000332,1610612749,MIL,Milwaukee,998,Mark Pope,Mark,,DNP - Coach's Decision,,,,,,,,,,,,,,,,,,,,
0020000331,1610612737,ATL,Atlanta,2035,DerMarr Johnson,DerMarr,F,,9:35,0.0,3.0,0.0,0.0,0.0,0.0,2.0,2.0,1.0,0.0,2.0,2.0,0.0,0.0,0.0,0.0,5.0,2.0,1.0
0020000331,1610612737,ATL,Atlanta,673,Alan Henderson,Alan,G,,27:20,4.0,13.0,0.308,0.0,0.0,0.0,4.0,6.0,0.667,3.0,5.0,8.0,0.0,1.0,0.0,4.0,1.0,12.0,7.0
0020000331,1610612737,ATL,Atlanta,87,Dikembe Mutombo,Dikembe,F,,36:39,3.0,10.0,0.3,0.0,0.0,0.0,6.0,10.0,0.6,5.0,13.0,18.0,0.0,0.0,3.0,1.0,2.0,12.0,7.0
0020000331,1610612737,ATL,Atlanta,1891,Jason Terry,Jason,G,,41:36,6.0,18.0,0.333,0.0,0.0,0.0,5.0,7.0,0.714,2.0,6.0,8.0,13.0,0.0,0.0,3.0,2.0,17.0,10.0
0020000331,1610612737,ATL,Atlanta,1074,Matt Maloney,Matt,G,,37:01,4.0,6.0,0.667,2.0,3.0,0.667,4.0,4.0,1.0,1.0,1.0,2.0,1.0,1.0,0.0,1.0,2.0,14.0,10.0
0020000331,1610612737,ATL,Atlanta,1728,Roshown McLeod,Roshown,G,,32:59,5.0,10.0,0.5,0.0,0.0,0.0,0.0,0.0,0.0,0.0,2.0,2.0,1.0,1.0,0.0,2.0,1.0,10.0,10.0
0020000331,1610612737,ATL,Atlanta,953,Lorenzen Wright,Lorenzen,G,,18:03,4.0,12.0,0.333,0.0,0.0,0.0,2.0,4.0,0.5,5.0,4.0,9.0,1.0,0.0,0.0,2.0,4.0,10.0,0.0
0020000331,1610612737,ATL,Atlanta,1683,Larry Robinson,Larry,F,,15:00,2.0,5.0,0.4,0.0,2.0,0.0,0.0,0.0,0.0,0.0,2.0,2.0,1.0,0.0,0.0,1.0,0.0,4.0,4.0
0020000331,1610612737,ATL,Atlanta,2069,Hanno Mottola,Hanno,G,,13:10,1.0,2.0,0.5,0.0,0.0,0.0,2.0,2.0,1.0,0.0,3.0,3.0,0.0,0.0,0.0,1.0,3.0,4.0,8.0
0020000331,1610612737,ATL,Atlanta,1901,Dion Glover,Dion,C,,5:26,0.0,0.0,0.0,0.0,0.0,0.0,0.0,0.0,0.0,0.0,0.0,0.0,0.0,1.0,0.0,0.0,1.0,0.0,0.0
0020000331,1610612737,ATL,Atlanta,1533,Anthony Johnson,Anthony,G,,3:11,0.0,0.0,0.0,0.0,0.0,0.0,0.0,0.0,0.0,0.0,0.0,0.0,1.0,0.0,0.0,0.0,1.0,0.0,-2.0
0020000331,1610612737,ATL,Atlanta,1774,,,, ,,,,,,,,,,,,,,,,,,,,
0020000331,1610612737,ATL,Atlanta,1260,,,, ,,,,,,,,,,,,,,,,,,,,
0020000331,1610612737,ATL,Atlanta,2094,,,, ,,,,,,,,,,,,,,,,,,,,
0020000331,1610612737,ATL,Atlanta,2150,,,, ,,,,,,,,,,,,,,,,,,,,
0020000331,1610612737,ATL,Atlanta,2151,,,, ,,,,,,,,,,,,,,,,,,,,
0020000331,1610612737,ATL,Atlanta,1898,Cal Bowdler,Cal,,DNP - Coach's Decision,,,,,,,,,,,,,,,,,,,,
0020000331,1610612741,CHI,Chicago,1897,Metta World Peace,Metta,F,,32:14,3.0,10.0,0.3,1.0,3.0,0.333,2.0,2.0,1.0,0.0,5.0,5.0,3.0,4.0,2.0,1.0,6.0,9.0,-16.0
0020000331,1610612741,CHI,Chicago,1882,Elton Brand,Elton,G,,44:29,7.0,14.0,0.5,0.0,0.0,0.0,5.0,6.0,0.833,3.0,9.0,12.0,2.0,1.0,0.0,5.0,2.0,19.0,-12.0
0020000331,1610612741,CHI,Chicago,1434,Dragan Tarlac,Dragan,G,,14:05,1.0,3.0,0.333,0.0,0.0,0.0,0.0,0.0,0.0,0.0,3.0,3.0,0.0,0.0,1.0,0.0,4.0,2.0,5.0
0020000331,1610612741,CHI,Chicago,1500,Ron Mercer,Ron,G,,44:59,9.0,22.0,0.409,0.0,1.0,0.0,4.0,4.0,1.0,3.0,3.0,6.0,1.0,1.0,2.0,0.0,6.0,22.0,-9.0
0020000331,1610612741,CHI,Chicago,2064,Khalid El-Amin,Khalid,G,,31:51,5.0,16.0,0.313,0.0,4.0,0.0,2.0,2.0,1.0,1.0,0.0,1.0,6.0,2.0,0.0,1.0,1.0,12.0,-3.0
0020000331,1610612741,CHI,Chicago,1913,Michael Ruffin,Michael,,,13:00,0.0,1.0,0.0,0.0,0.0,0.0,1.0,2.0,0.5,1.0,3.0,4.0,0.0,0.0,0.0,0.0,4.0,1.0,4.0
0020000331,1610612741,CHI,Chicago,1736,Corey Benjamin,Corey,,,6:26,1.0,1.0,1.0,0.0,0.0,0.0,0.0,0.0,0.0,0.0,0.0,0.0,1.0,0.0,0.0,2.0,2.0,2.0,1.0
0020000331,1610612741,CHI,Chicago,2033,Marcus Fizer,Marcus,C,,14:53,1.0,4.0,0.25,0.0,0.0,0.0,1.0,2.0,0.5,0.0,4.0,4.0,1.0,0.0,0.0,0.0,2.0,3.0,-5.0
0020000331,1610612741,CHI,Chicago,697,Fred Hoiberg,Fred,F,,21:54,1.0,5.0,0.2,0.0,3.0,0.0,2.0,2.0,1.0,2.0,4.0,6.0,0.0,1.0,0.0,1.0,2.0,4.0,-12.0
0020000331,1610612741,CHI,Chicago,2037,Jamal Crawford,Jamal,F,,13:50,0.0,4.0,0.0,0.0,2.0,0.0,0.0,0.0,0.0,0.0,0.0,0.0,3.0,0.0,1.0,2.0,1.0,0.0,-7.0
0020000331,1610612741,CHI,Chicago,1724,Bryce Drew,Bryce,,,2:19,0.0,1.0,0.0,0.0,0.0,0.0,0.0,0.0,0.0,0.0,1.0,1.0,0.0,0.0,0.0,0.0,0.0,0.0,-1.0
0020000331,1610612741,CHI,Chicago,1346,,,, ,,,,,,,,,,,,,,,,,,,,
0020000331,1610612741,CHI,Chicago,1220,,,, ,,,,,,,,,,,,,,,,,,,,
0020000331,1610612741,CHI,Chicago,1254,,,, ,,,,,,,,,,,,,,,,,,,,
0020000331,1610612741,CHI,Chicago,1779,,,, ,,,,,,,,,,,,,,,,,,,,
0020000331,1610612741,CHI,Chicago,1780,,,, ,,,,,,,,,,,,,,,,,,,,
0020000331,1610612741,CHI,Chicago,2153,,,, ,,,,,,,,,,,,,,,,,,,,
0020000331,1610612741,CHI,Chicago,2053,Dalibor Bagaric,Dalibor,,DNP - Coach's Decision,,,,,,,,,,,,,,,,,,,,
0020000336,1610612748,MIA,Miami,224,Eddie Jones,Eddie,G,,34:24,5.0,16.0,0.313,1.0,7.0,0.143,3.0,4.0,0.75,0.0,1.0,1.0,0.0,0.0,1.0,2.0,1.0,14.0,-17.0
0020000336,1610612748,MIA,Miami,193,Anthony Mason,Anthony,G,,41:15,6.0,13.0,0.462,0.0,0.0,0.0,4.0,4.0,1.0,2.0,8.0,10.0,1.0,1.0,1.0,3.0,2.0,16.0,-23.0
0020000336,1610612748,MIA,Miami,258,Brian Grant,Brian,F,,22:01,0.0,6.0,0.0,0.0,0.0,0.0,5.0,6.0,0.833,3.0,2.0,5.0,0.0,1.0,0.0,3.0,4.0,5.0,-9.0
0020000336,1610612748,MIA,Miami,1477,Bruce Bowen,Bruce,G,,38:36,5.0,11.0,0.455,3.0,7.0,0.429,0.0,0.0,0.0,0.0,2.0,2.0,4.0,0.0,1.0,1.0,3.0,13.0,-16.0
0020000336,1610612748,MIA,Miami,896,Tim Hardaway,Tim,G,,25:18,3.0,11.0,0.273,2.0,6.0,0.333,0.0,0.0,0.0,1.0,1.0,2.0,6.0,0.0,0.0,3.0,1.0,8.0,-18.0
0020000336,1610612748,MIA,Miami,920,A.C. Green,A.C.,F,,20:55,3.0,3.0,1.0,0.0,0.0,0.0,3.0,3.0,1.0,3.0,3.0,6.0,1.0,0.0,0.0,0.0,1.0,9.0,-8.0
0020000336,1610612748,MIA,Miami,1853,Anthony Carter,Anthony,F,,31:42,4.0,9.0,0.444,0.0,0.0,0.0,2.0,2.0,1.0,1.0,6.0,7.0,5.0,1.0,0.0,3.0,3.0,10.0,-9.0
0020000336,1610612748,MIA,Miami,76,Cedric Ceballos,Cedric,C,,14:08,2.0,3.0,0.667,0.0,0.0,0.0,0.0,0.0,0.0,0.0,0.0,0.0,1.0,0.0,0.0,1.0,1.0,4.0,7.0
0020000336,1610612748,MIA,Miami,2067,Eddie House,Eddie,,,6:35,0.0,4.0,0.0,0.0,0.0,0.0,0.0,0.0,0.0,0.0,2.0,2.0,0.0,1.0,0.0,1.0,1.0,0.0,1.0
0020000336,1610612748,MIA,Miami,190,Duane Causwell,Duane,,,5:06,0.0,0.0,0.0,0.0,0.0,0.0,2.0,4.0,0.5,1.0,1.0,2.0,0.0,0.0,0.0,0.0,1.0,2.0,2.0
0020000336,1610612748,MIA,Miami,836,,,, ,,,,,,,,,,,,,,,,,,,,
0020000336,1610612748,MIA,Miami,1276,,,, ,,,,,,,,,,,,,,,,,,,,
0020000336,1610612748,MIA,Miami,1277,,,, ,,,,,,,,,,,,,,,,,,,,
0020000336,1610612748,MIA,Miami,1279,,,, ,,,,,,,,,,,,,,,,,,,,
0020000336,1610612748,MIA,Miami,1280,,,, ,,,,,,,,,,,,,,,,,,,,
0020000336,1610612748,MIA,Miami,1281,,,, ,,,,,,,,,,,,,,,,,,,,
0020000336,1610612748,MIA,Miami,1877,,,, ,,,,,,,,,,,,,,,,,,,,
0020000336,1610612748,MIA,Miami,1642,,,, ,,,,,,,,,,,,,,,,,,,,
0020000336,1610612748,MIA,Miami,1787,,,, ,,,,,,,,,,,,,,,,,,,,
0020000336,1610612748,MIA,Miami,957,Todd Fuller,Todd,,DNP - Coach's Decision,,,,,,,,,,,,,,,,,,,,
0020000336,1610612748,MIA,Miami,931,Don MacLean,Don,,DND-Surgery,,,,,,,,,,,,,,,,,,,,
0020000336,1610612760,SEA,Seattle,1740,Rashard Lewis,Rashard,G,,34:49,6.0,10.0,0.6,2.0,2.0,1.0,2.0,3.0,0.667,2.0,6.0,8.0,0.0,1.0,3.0,3.0,1.0,16.0,23.0
0020000336,1610612760,SEA,Seattle,1741,Jelani McCoy,Jelani,G,,21:49,2.0,2.0,1.0,0.0,0.0,0.0,0.0,0.0,0.0,3.0,5.0,8.0,0.0,0.0,0.0,3.0,3.0,4.0,21.0
0020000336,1610612760,SEA,Seattle,121,Patrick Ewing,Patrick,F,,29:49,8.0,10.0,0.8,0.0,0.0,0.0,0.0,0.0,0.0,1.0,9.0,10.0,0.0,4.0,1.0,1.0,4.0,16.0,12.0
0020000336,1610612760,SEA,Seattle,1023,Emanual Davis,Emanual,G,,4:49,0.0,2.0,0.0,0.0,1.0,0.0,0.0,0.0,0.0,0.0,1.0,1.0,0.0,0.0,0.0,0.0,0.0,0.0,1.0
0020000336,1610612760,SEA,Seattle,56,Gary Payton,Gary,G,,40:41,9.0,23.0,0.391,1.0,3.0,0.333,6.0,8.0,0.75,0.0,1.0,1.0,13.0,2.0,1.0,4.0,3.0,25.0,18.0
0020000336,1610612760,SEA,Seattle,1742,Shammond Williams,Shammond,G,,28:36,5.0,8.0,0.625,3.0,4.0,0.75,0.0,0.0,0.0,0.0,0.0,0.0,6.0,2.0,0.0,0.0,1.0,13.0,12.0
0020000336,1610612760,SEA,Seattle,452,Vin Baker,Vin,F,,20:05,1.0,4.0,0.25,0.0,0.0,0.0,0.0,0.0,0.0,1.0,3.0,4.0,0.0,0.0,2.0,2.0,5.0,2.0,4.0
0020000336,1610612760,SEA,Seattle,1739,Ruben Patterson,Ruben,F,,19:23,5.0,8.0,0.625,0.0,0.0,0.0,3.0,4.0,0.75,0.0,2.0,2.0,0.0,0.0,0.0,1.0,3.0,13.0,-5.0
0020000336,1610612760,SEA,Seattle,2046,Desmond Mason,Desmond,F,,13:11,0.0,3.0,0.0,0.0,0.0,0.0,0.0,0.0,0.0,1.0,0.0,1.0,0.0,1.0,0.0,1.0,1.0,0.0,-5.0
0020000336,1610612760,SEA,Seattle,699,Brent Barry,Brent,,,21:54,3.0,7.0,0.429,1.0,3.0,0.333,1.0,1.0,1.0,2.0,1.0,3.0,3.0,0.0,0.0,1.0,3.0,8.0,5.0
0020000336,1610612760,SEA,Seattle,2106,Ruben Wolkowyski,Ruben,,,2:27,0.0,0.0,0.0,0.0,0.0,0.0,0.0,2.0,0.0,0.0,1.0,1.0,0.0,0.0,0.0,0.0,0.0,0.0,2.0
0020000336,1610612760,SEA,Seattle,442,Pervis Ellison,Pervis,,,2:27,0.0,0.0,0.0,0.0,0.0,0.0,2.0,2.0,1.0,0.0,2.0,2.0,0.0,0.0,0.0,0.0,2.0,2.0,2.0
0020000336,1610612760,SEA,Seattle,1778,,,, ,,,,,,,,,,,,,,,,,,,,
0020000336,1610612760,SEA,Seattle,1335,,,, ,,,,,,,,,,,,,,,,,,,,
0020000336,1610612760,SEA,Seattle,1338,,,, ,,,,,,,,,,,,,,,,,,,,
0020000336,1610612760,SEA,Seattle,1349,,,, ,,,,,,,,,,,,,,,,,,,,
0020000333,1610612746,LAC,Los Angeles,1885,Lamar Odom,Lamar,G,,40:16,7.0,13.0,0.538,3.0,5.0,0.6,6.0,6.0,1.0,2.0,4.0,6.0,6.0,1.0,1.0,7.0,4.0,23.0,9.0
0020000333,1610612746,LAC,Los Angeles,1730,Brian Skinner,Brian,F,,11:12,0.0,4.0,0.0,0.0,0.0,0.0,0.0,0.0,0.0,0.0,3.0,3.0,0.0,0.0,0.0,0.0,4.0,0.0,13.0
0020000333,1610612746,LAC,Los Angeles,1709,Michael Olowokandi,Michael,C,,28:16,4.0,8.0,0.5,0.0,0.0,0.0,1.0,2.0,0.5,3.0,7.0,10.0,0.0,0.0,0.0,3.0,0.0,9.0,16.0
0020000333,1610612746,LAC,Los Angeles,976,Jeff McInnis,Jeff,G,,41:15,8.0,13.0,0.615,2.0,2.0,1.0,6.0,6.0,1.0,1.0,4.0,5.0,7.0,2.0,0.0,4.0,3.0,24.0,11.0
0020000333,1610612746,LAC,Los Angeles,2047,Quentin Richardson,Quentin,G,,32:37,6.0,12.0,0.5,4.0,4.0,1.0,5.0,6.0,0.833,4.0,2.0,6.0,3.0,3.0,0.0,2.0,2.0,21.0,11.0
0020000333,1610612746,LAC,Los Angeles,2032,Darius Miles,Darius,G,,15:41,1.0,2.0,0.5,0.0,0.0,0.0,0.0,0.0,0.0,2.0,1.0,3.0,0.0,1.0,1.0,1.0,2.0,2.0,-4.0
0020000333,1610612746,LAC,Los Angeles,399,Sean Rooks,Sean,G,,16:47,1.0,4.0,0.25,0.0,0.0,0.0,0.0,0.0,0.0,0.0,1.0,1.0,2.0,0.0,0.0,1.0,3.0,2.0,-4.0
0020000333,1610612746,LAC,Los Angeles,15,Eric Piatkowski,Eric,F,,20:00,3.0,6.0,0.5,1.0,2.0,0.5,0.0,2.0,0.0,2.0,6.0,8.0,1.0,1.0,0.0,1.0,2.0,7.0,-3.0
0020000333,1610612746,LAC,Los Angeles,400,Derek Strong,Derek,,,9:07,0.0,1.0,0.0,0.0,0.0,0.0,2.0,2.0,1.0,0.0,1.0,1.0,0.0,0.0,0.0,0.0,1.0,2.0,0.0
0020000333,1610612746,LAC,Los Angeles,2039,Keyon Dooling,Keyon,,,20:05,1.0,3.0,0.333,0.0,1.0,0.0,4.0,4.0,1.0,0.0,1.0,1.0,1.0,0.0,1.0,2.0,0.0,6.0,0.0
0020000333,1610612746,LAC,Los Angeles,1894,Corey Maggette,Corey,,,4:43,0.0,1.0,0.0,0.0,0.0,0.0,2.0,2.0,1.0,2.0,2.0,4.0,0.0,0.0,0.0,2.0,2.0,2.0,1.0
0020000333,1610612746,LAC,Los Angeles,2010,,,, ,,,,,,,,,,,,,,,,,,,,
0020000333,1610612746,LAC,Los Angeles,1210,,,, ,,,,,,,,,,,,,,,,,,,,
0020000333,1610612746,LAC,Los Angeles,1243,,,, ,,,,,,,,,,,,,,,,,,,,
0020000333,1610612746,LAC,Los Angeles,1246,,,, ,,,,,,,,,,,,,,,,,,,,
0020000333,1610612746,LAC,Los Angeles,1284,,,, ,,,,,,,,,,,,,,,,,,,,
0020000333,1610612746,LAC,Los Angeles,1351,,,, ,,,,,,,,,,,,,,,,,,,,
0020000333,1610612746,LAC,Los Angeles,1672,,,, ,,,,,,,,,,,,,,,,,,,,
0020000333,1610612746,LAC,Los Angeles,2166,,,, ,,,,,,,,,,,,,,,,,,,,
0020000333,1610612746,LAC,Los Angeles,685,Cherokee Parks,Cherokee,,DNP - Coach's Decision,,,,,,,,,,,,,,,,,,,,
0020000333,1610612756,PHX,Phoenix,1890,Shawn Marion,Shawn,F,,21:23,0.0,7.0,0.0,0.0,1.0,0.0,0.0,0.0,0.0,3.0,1.0,4.0,1.0,2.0,2.0,1.0,4.0,0.0,-12.0
0020000333,1610612756,PHX,Phoenix,361,Clifford Robinson,Clifford,G,,27:22,5.0,14.0,0.357,0.0,4.0,0.0,2.0,3.0,0.667,1.0,6.0,7.0,2.0,1.0,0.0,2.0,1.0,12.0,-6.0
0020000333,1610612756,PHX,Phoenix,201,Chris Dudley,Chris,C,,20:28,1.0,1.0,1.0,0.0,0.0,0.0,0.0,0.0,0.0,2.0,3.0,5.0,0.0,0.0,1.0,1.0,2.0,2.0,-19.0
0020000333,1610612756,PHX,Phoenix,467,Jason Kidd,Jason,G,,38:19,5.0,16.0,0.313,0.0,5.0,0.0,3.0,4.0,0.75,6.0,3.0,9.0,8.0,1.0,0.0,3.0,1.0,13.0,-9.0
0020000333,1610612756,PHX,Phoenix,960,Tony Delk,Tony,G,,32:05,7.0,17.0,0.412,2.0,4.0,0.5,4.0,4.0,1.0,0.0,2.0,2.0,1.0,2.0,1.0,0.0,2.0,20.0,-14.0
0020000333,1610612756,PHX,Phoenix,386,Elliot Perry,Elliot,F,,23:34,1.0,6.0,0.167,0.0,0.0,0.0,2.0,2.0,1.0,1.0,1.0,2.0,3.0,3.0,0.0,2.0,2.0,4.0,0.0
0020000333,1610612756,PHX,Phoenix,915,Rodney Rogers,Rodney,G,,29:27,9.0,19.0,0.474,2.0,4.0,0.5,5.0,8.0,0.625,4.0,1.0,5.0,1.0,3.0,0.0,2.0,3.0,25.0,7.0
0020000333,1610612756,PHX,Phoenix,916,Corie Blount,Corie,,,12:52,1.0,2.0,0.5,0.0,0.0,0.0,0.0,0.0,0.0,2.0,1.0,3.0,0.0,1.0,0.0,0.0,4.0,2.0,-2.0
0020000333,1610612756,PHX,Phoenix,2091,Daniel Santiago,Daniel,F,,14:33,1.0,2.0,0.5,0.0,0.0,0.0,0.0,0.0,0.0,0.0,3.0,3.0,1.0,1.0,3.0,1.0,3.0,2.0,6.0
0020000333,1610612756,PHX,Phoenix,2101,Paul McPherson,Paul,C,,19:58,3.0,8.0,0.375,0.0,1.0,0.0,2.0,2.0,1.0,6.0,0.0,6.0,0.0,0.0,0.0,3.0,4.0,8.0,-1.0
0020000333,1610612756,PHX,Phoenix,2160,,,, ,,,,,,,,,,,,,,,,,,,,
0020000333,1610612756,PHX,Phoenix,2161,,,, ,,,,,,,,,,,,,,,,,,,,
0020000333,1610612756,PHX,Phoenix,2015,,,, ,,,,,,,,,,,,,,,,,,,,
0020000333,1610612756,PHX,Phoenix,2008,,,, ,,,,,,,,,,,,,,,,,,,,
0020000333,1610612756,PHX,Phoenix,1653,,,, ,,,,,,,,,,,,,,,,,,,,
0020000333,1610612756,PHX,Phoenix,1654,,,, ,,,,,,,,,,,,,,,,,,,,
0020000333,1610612756,PHX,Phoenix,1227,,,, ,,,,,,,,,,,,,,,,,,,,
0020000333,1610612756,PHX,Phoenix,53,Mario Elie,Mario,,Did Not Dress - Broken Left Hand,,,,,,,,,,,,,,,,,,,,
0020000333,1610612756,PHX,Phoenix,339,Tom Gugliotta,Tom,,DNP - Coach's Decision,,,,,,,,,,,,,,,,,,,,
0020000326,1610612762,UTA,Utah,252,Karl Malone,Karl,G,,32:15,6.0,12.0,0.5,0.0,0.0,0.0,6.0,7.0,0.857,2.0,4.0,6.0,4.0,1.0,1.0,2.0,1.0,18.0,26.0
0020000326,1610612762,UTA,Utah,935,Bryon Russell,Bryon,F,,23:25,4.0,4.0,1.0,1.0,1.0,1.0,0.0,0.0,0.0,1.0,2.0,3.0,3.0,0.0,0.0,1.0,0.0,9.0,13.0
0020000326,1610612762,UTA,Utah,178,Olden Polynice,Olden,C,,19:52,2.0,4.0,0.5,0.0,0.0,0.0,1.0,4.0,0.25,1.0,0.0,1.0,1.0,0.0,1.0,1.0,3.0,5.0,11.0
0020000326,1610612762,UTA,Utah,317,John Starks,John,G,,30:16,7.0,13.0,0.538,3.0,5.0,0.6,1.0,2.0,0.5,1.0,2.0,3.0,2.0,1.0,0.0,3.0,0.0,18.0,19.0
0020000326,1610612762,UTA,Utah,304,John Stockton,John,G,,22:15,1.0,2.0,0.5,0.0,0.0,0.0,1.0,1.0,1.0,0.0,3.0,3.0,6.0,2.0,0.0,2.0,3.0,3.0,6.0
0020000326,1610612762,UTA,Utah,1521,Jacque Vaughn,Jacque,G,,25:45,4.0,6.0,0.667,1.0,1.0,1.0,2.0,2.0,1.0,0.0,4.0,4.0,4.0,3.0,0.0,3.0,2.0,11.0,25.0
0020000326,1610612762,UTA,Utah,731,Greg Ostertag,Greg,G,,19:53,3.0,5.0,0.6,0.0,0.0,0.0,0.0,0.0,0.0,2.0,7.0,9.0,0.0,0.0,0.0,0.0,0.0,6.0,19.0
0020000326,1610612762,UTA,Utah,1900,Quincy Lewis,Quincy,F,,17:44,1.0,6.0,0.167,1.0,2.0,0.5,0.0,0.0,0.0,1.0,1.0,2.0,0.0,0.0,0.0,1.0,4.0,3.0,12.0
0020000326,1610612762,UTA,Utah,923,Donyell Marshall,Donyell,C,,22:59,4.0,9.0,0.444,0.0,2.0,0.0,4.0,5.0,0.8,2.0,3.0,5.0,1.0,2.0,1.0,1.0,0.0,12.0,20.0
0020000326,1610612762,UTA,Utah,330,Danny Manning,Danny,,,15:45,1.0,2.0,0.5,0.0,0.0,0.0,0.0,0.0,0.0,0.0,2.0,2.0,1.0,1.0,0.0,4.0,1.0,2.0,5.0
0020000326,1610612762,UTA,Utah,128,David Benoit,David,,,5:39,1.0,3.0,0.333,0.0,0.0,0.0,0.0,0.0,0.0,0.0,1.0,1.0,0.0,1.0,0.0,0.0,2.0,2.0,1.0
0020000326,1610612762,UTA,Utah,2052,DeShawn Stevenson,DeShawn,,,4:12,0.0,3.0,0.0,0.0,0.0,0.0,0.0,0.0,0.0,0.0,0.0,0.0,1.0,0.0,0.0,0.0,0.0,0.0,-2.0
0020000326,1610612762,UTA,Utah,1345,,,, ,,,,,,,,,,,,,,,,,,,,
0020000326,1610612762,UTA,Utah,1347,,,, ,,,,,,,,,,,,,,,,,,,,
0020000326,1610612762,UTA,Utah,1348,,,, ,,,,,,,,,,,,,,,,,,,,
0020000326,1610612762,UTA,Utah,1372,,,, ,,,,,,,,,,,,,,,,,,,,
0020000326,1610612762,UTA,Utah,1794,,,, ,,,,,,,,,,,,,,,,,,,,
0020000326,1610612762,UTA,Utah,1228,,,, ,,,,,,,,,,,,,,,,,,,,
0020000326,1610612752,NYK,New York,779,Glen Rice,Glen,F,,27:11,3.0,7.0,0.429,0.0,1.0,0.0,0.0,1.0,0.0,1.0,1.0,2.0,0.0,2.0,0.0,4.0,3.0,6.0,-10.0
0020000326,1610612752,NYK,New York,703,Kurt Thomas,Kurt,F,,16:41,4.0,6.0,0.667,0.0,0.0,0.0,2.0,2.0,1.0,2.0,3.0,5.0,1.0,0.0,0.0,2.0,5.0,10.0,-8.0
0020000326,1610612752,NYK,New York,948,Marcus Camby,Marcus,C,,34:22,2.0,6.0,0.333,0.0,0.0,0.0,0.0,0.0,0.0,2.0,3.0,5.0,0.0,0.0,2.0,1.0,1.0,4.0,-23.0
0020000326,1610612752,NYK,New York,275,Allan Houston,Allan,G,,29:15,6.0,12.0,0.5,1.0,5.0,0.2,1.0,1.0,1.0,1.0,1.0,2.0,3.0,0.0,0.0,3.0,2.0,14.0,-10.0
0020000326,1610612752,NYK,New York,84,Latrell Sprewell,Latrell,G,,32:31,5.0,12.0,0.417,0.0,2.0,0.0,2.0,4.0,0.5,0.0,4.0,4.0,4.0,1.0,1.0,2.0,2.0,12.0,-25.0
0020000326,1610612752,NYK,New York,164,Chris Childs,Chris,G,,28:25,1.0,4.0,0.25,0.0,2.0,0.0,0.0,0.0,0.0,0.0,3.0,3.0,1.0,1.0,0.0,3.0,2.0,2.0,-26.0
0020000326,1610612752,NYK,New York,1065,Erick Strickland,Erick,F,,6:01,0.0,1.0,0.0,0.0,0.0,0.0,0.0,0.0,0.0,0.0,0.0,0.0,0.0,0.0,0.0,2.0,1.0,0.0,-13.0
0020000326,1610612752,NYK,New York,26,Luc Longley,Luc,G,,26:05,0.0,5.0,0.0,0.0,0.0,0.0,0.0,0.0,0.0,3.0,2.0,5.0,0.0,0.0,1.0,2.0,5.0,0.0,-18.0
0020000326,1610612752,NYK,New York,1594,Rick Brunson,Rick,C,,15:29,3.0,5.0,0.6,0.0,1.0,0.0,0.0,0.0,0.0,0.0,1.0,1.0,2.0,0.0,0.0,4.0,1.0,6.0,-6.0
0020000326,1610612752,NYK,New York,969,Travis Knight,Travis,F,,12:00,0.0,1.0,0.0,0.0,0.0,0.0,0.0,0.0,0.0,0.0,2.0,2.0,0.0,2.0,1.0,1.0,0.0,0.0,-8.0
0020000326,1610612752,NYK,New York,2068,Lavor Postell,Lavor,F,,12:00,1.0,5.0,0.2,0.0,1.0,0.0,2.0,4.0,0.5,1.0,1.0,2.0,1.0,1.0,0.0,1.0,1.0,4.0,-8.0
0020000326,1610612752,NYK,New York,2167,,,, ,,,,,,,,,,,,,,,,,,,,
0020000326,1610612752,NYK,New York,2168,,,, ,,,,,,,,,,,,,,,,,,,,
0020000326,1610612752,NYK,New York,1297,,,, ,,,,,,,,,,,,,,,,,,,,
0020000326,1610612752,NYK,New York,1298,,,, ,,,,,,,,,,,,,,,,,,,,
0020000326,1610612752,NYK,New York,1300,,,, ,,,,,,,,,,,,,,,,,,,,
0020000326,1610612752,NYK,New York,1301,,,, ,,,,,,,,,,,,,,,,,,,,
0020000326,1610612752,NYK,New York,1302,,,, ,,,,,,,,,,,,,,,,,,,,
0020000326,1610612752,NYK,New York,1790,,,, ,,,,,,,,,,,,,,,,,,,,
0020000326,1610612752,NYK,New York,1791,,,, ,,,,,,,,,,,,,,,,,,,,
0020000326,1610612752,NYK,New York,913,Larry Johnson,Larry,,DND - Sprained Right MCL,,,,,,,,,,,,,,,,,,,,
0020000334,1610612763,VAN,Vancouver,949,Shareef Abdur-Rahim,Shareef,F,,33:04,7.0,14.0,0.5,0.0,1.0,0.0,4.0,7.0,0.571,1.0,9.0,10.0,2.0,0.0,2.0,3.0,2.0,18.0,-22.0
0020000334,1610612763,VAN,Vancouver,970,Othella Harrington,Othella,F,,11:45,2.0,3.0,0.667,0.0,0.0,0.0,0.0,0.0,0.0,1.0,0.0,1.0,0.0,0.0,0.0,3.0,4.0,4.0,-10.0
0020000334,1610612763,VAN,Vancouver,763,Tony Massenburg,Tony,G,,14:54,1.0,4.0,0.25,0.0,0.0,0.0,2.0,2.0,1.0,2.0,2.0,4.0,0.0,0.0,0.0,2.0,1.0,4.0,-14.0
0020000334,1610612763,VAN,Vancouver,1722,Michael Dickerson,Michael,G,,37:49,4.0,14.0,0.286,1.0,3.0,0.333,0.0,2.0,0.0,0.0,0.0,0.0,5.0,0.0,0.0,0.0,3.0,9.0,-20.0
0020000334,1610612763,VAN,Vancouver,1710,Mike Bibby,Mike,G,,28:02,6.0,11.0,0.545,0.0,0.0,0.0,0.0,0.0,0.0,0.0,1.0,1.0,3.0,2.0,0.0,3.0,0.0,12.0,-18.0
0020000334,1610612763,VAN,Vancouver,2031,Stromile Swift,Stromile,F,,17:06,0.0,3.0,0.0,0.0,0.0,0.0,0.0,0.0,0.0,0.0,2.0,2.0,0.0,0.0,0.0,0.0,1.0,0.0,-9.0
0020000334,1610612763,VAN,Vancouver,735,Bryant Reeves,Bryant,G,,22:58,2.0,7.0,0.286,0.0,0.0,0.0,1.0,3.0,0.333,0.0,5.0,5.0,1.0,0.0,0.0,1.0,2.0,5.0,-3.0
0020000334,1610612763,VAN,Vancouver,1800,Damon Jones,Damon,F,,19:58,4.0,7.0,0.571,1.0,4.0,0.25,0.0,0.0,0.0,1.0,4.0,5.0,2.0,0.0,0.0,0.0,0.0,9.0,-4.0
0020000334,1610612763,VAN,Vancouver,3,Grant Long,Grant,G,,19:54,1.0,5.0,0.2,0.0,0.0,0.0,1.0,2.0,0.5,2.0,0.0,2.0,0.0,2.0,0.0,0.0,1.0,3.0,-10.0
0020000334,1610612763,VAN,Vancouver,28,Doug West,Doug,,,8:51,1.0,1.0,1.0,0.0,0.0,0.0,0.0,0.0,0.0,0.0,0.0,0.0,2.0,0.0,0.0,0.0,0.0,2.0,1.0
0020000334,1610612763,VAN,Vancouver,236,Kevin Edwards,Kevin,F,,16:12,2.0,7.0,0.286,0.0,0.0,0.0,1.0,1.0,1.0,0.0,4.0,4.0,2.0,2.0,0.0,1.0,0.0,5.0,4.0
0020000334,1610612763,VAN,Vancouver,1134,Ike Austin,Ike,,,9:27,2.0,4.0,0.5,0.0,0.0,0.0,1.0,1.0,1.0,1.0,1.0,2.0,0.0,0.0,0.0,1.0,0.0,5.0,-5.0
0020000334,1610612763,VAN,Vancouver,1795,,,, ,,,,,,,,,,,,,,,,,,,,
0020000334,1610612763,VAN,Vancouver,2163,,,, ,,,,,,,,,,,,,,,,,,,,
0020000334,1610612763,VAN,Vancouver,2164,,,, ,,,,,,,,,,,,,,,,,,,,
0020000334,1610612763,VAN,Vancouver,2170,,,, ,,,,,,,,,,,,,,,,,,,,
0020000334,1610612763,VAN,Vancouver,1226,,,, ,,,,,,,,,,,,,,,,,,,,
0020000334,1610612763,VAN,Vancouver,1356,,,, ,,,,,,,,,,,,,,,,,,,,
0020000334,1610612763,VAN,Vancouver,1358,,,, ,,,,,,,,,,,,,,,,,,,,
0020000334,1610612763,VAN,Vancouver,888,,,, ,,,,,,,,,,,,,,,,,,,,
0020000334,1610612763,VAN,Vancouver,1994,,,, ,,,,,,,,,,,,,,,,,,,,
0020000334,1610612747,LAL,Los Angeles,296,Rick Fox,Rick,G,,34:26,6.0,16.0,0.375,1.0,2.0,0.5,1.0,1.0,1.0,6.0,5.0,11.0,2.0,1.0,2.0,5.0,3.0,14.0,22.0
0020000334,1610612747,LAL,Los Angeles,270,Horace Grant,Horace,F,,33:30,8.0,15.0,0.533,0.0,0.0,0.0,3.0,5.0,0.6,5.0,8.0,13.0,5.0,1.0,2.0,0.0,2.0,19.0,24.0
0020000334,1610612747,LAL,Los Angeles,323,Greg Foster,Greg,F,,27:50,2.0,6.0,0.333,0.0,0.0,0.0,0.0,0.0,0.0,1.0,6.0,7.0,3.0,0.0,0.0,0.0,0.0,4.0,20.0
0020000334,1610612747,LAL,Los Angeles,977,Kobe Bryant,Kobe,G,,34:33,7.0,18.0,0.389,1.0,3.0,0.333,2.0,2.0,1.0,1.0,3.0,4.0,1.0,1.0,1.0,3.0,2.0,17.0,19.0
0020000334,1610612747,LAL,Los Angeles,166,Ron Harper,Ron,G,,18:46,1.0,3.0,0.333,0.0,1.0,0.0,2.0,2.0,1.0,1.0,0.0,1.0,5.0,1.0,1.0,1.0,1.0,4.0,15.0
0020000334,1610612747,LAL,Los Angeles,109,Robert Horry,Robert,G,,15:02,3.0,5.0,0.6,0.0,0.0,0.0,2.0,2.0,1.0,1.0,3.0,4.0,1.0,1.0,2.0,1.0,4.0,8.0,-5.0
0020000334,1610612747,LAL,Los Angeles,2130,Mike Penberthy,Mike,G,,25:40,2.0,6.0,0.333,1.0,3.0,0.333,0.0,0.0,0.0,0.0,2.0,2.0,1.0,1.0,0.0,1.0,2.0,5.0,2.0
0020000334,1610612747,LAL,Los Angeles,375,Isaiah Rider,Isaiah,C,,23:39,7.0,13.0,0.538,2.0,4.0,0.5,0.0,0.0,0.0,0.0,5.0,5.0,3.0,0.0,0.0,1.0,0.0,16.0,2.0
0020000334,1610612747,LAL,Los Angeles,2058,Mark Madsen,Mark,,,14:23,4.0,9.0,0.444,1.0,1.0,1.0,0.0,0.0,0.0,4.0,3.0,7.0,1.0,0.0,0.0,0.0,2.0,9.0,3.0
0020000334,1610612747,LAL,Los Angeles,216,Brian Shaw,Brian,,,12:11,1.0,2.0,0.5,0.0,0.0,0.0,0.0,0.0,0.0,0.0,4.0,4.0,3.0,0.0,2.0,1.0,3.0,2.0,8.0
0020000334,1610612747,LAL,Los Angeles,1230,,,, ,,,,,,,,,,,,,,,,,,,,
0020000334,1610612747,LAL,Los Angeles,1270,,,, ,,,,,,,,,,,,,,,,,,,,
0020000334,1610612747,LAL,Los Angeles,1273,,,, ,,,,,,,,,,,,,,,,,,,,
0020000334,1610612747,LAL,Los Angeles,1219,,,, ,,,,,,,,,,,,,,,,,,,,
0020000334,1610612747,LAL,Los Angeles,1221,,,, ,,,,,,,,,,,,,,,,,,,,
0020000334,1610612747,LAL,Los Angeles,1223,,,, ,,,,,,,,,,,,,,,,,,,,
0020000334,1610612747,LAL,Los Angeles,1904,Devean George,Devean,,DNP - Sore throat,,,,,,,,,,,,,,,,,,,,
0020000334,1610612747,LAL,Los Angeles,406,Shaquille O'Neal,Shaquille,,DND - Not With Team,,,,,,,,,,,,,,,,,,,,
0020000325,1610612758,SAC,Sacramento,185,Chris Webber,Chris,F,,38:00,10.0,20.0,0.5,0.0,1.0,0.0,10.0,15.0,0.667,5.0,8.0,13.0,3.0,1.0,4.0,2.0,3.0,30.0,28.0
0020000325,1610612758,SAC,Sacramento,2045,Hedo Turkoglu,Hedo,F,,31:44,4.0,5.0,0.8,1.0,2.0,0.5,1.0,2.0,0.5,0.0,6.0,6.0,3.0,0.0,0.0,0.0,2.0,10.0,16.0
0020000325,1610612758,SAC,Sacramento,124,Vlade Divac,Vlade,C,,26:33,6.0,8.0,0.75,1.0,1.0,1.0,2.0,2.0,1.0,3.0,6.0,9.0,1.0,0.0,0.0,1.0,2.0,15.0,15.0
0020000325,1610612758,SAC,Sacramento,57,Doug Christie,Doug,G,,39:49,6.0,17.0,0.353,1.0,5.0,0.2,6.0,6.0,1.0,0.0,4.0,4.0,4.0,5.0,0.0,1.0,1.0,19.0,27.0
0020000325,1610612758,SAC,Sacramento,1715,Jason Williams,Jason,G,,29:16,4.0,8.0,0.5,0.0,2.0,0.0,0.0,0.0,0.0,2.0,1.0,3.0,7.0,1.0,0.0,0.0,1.0,8.0,19.0
0020000325,1610612758,SAC,Sacramento,98,Nick Anderson,Nick,F,,7:58,1.0,3.0,0.333,1.0,3.0,0.333,0.0,0.0,0.0,0.0,0.0,0.0,0.0,0.0,0.0,0.0,1.0,3.0,-1.0
0020000325,1610612758,SAC,Sacramento,1444,Lawrence Funderburke,Lawrence,F,,10:00,1.0,4.0,0.25,0.0,0.0,0.0,0.0,0.0,0.0,0.0,3.0,3.0,0.0,1.0,0.0,0.0,0.0,2.0,-5.0
0020000325,1610612758,SAC,Sacramento,1513,Scot Pollard,Scot,C,,21:27,1.0,6.0,0.167,0.0,0.0,0.0,2.0,2.0,1.0,4.0,2.0,6.0,1.0,1.0,0.0,1.0,3.0,4.0,8.0
0020000325,1610612758,SAC,Sacramento,1517,Bobby Jackson,Bobby,G,,18:44,3.0,6.0,0.5,0.0,1.0,0.0,0.0,0.0,0.0,1.0,3.0,4.0,0.0,0.0,0.0,0.0,1.0,6.0,4.0
0020000325,1610612758,SAC,Sacramento,468,Jon Barry,Jon,G,,12:47,1.0,5.0,0.2,1.0,2.0,0.5,2.0,2.0,1.0,0.0,1.0,1.0,2.0,0.0,0.0,3.0,1.0,5.0,7.0
0020000325,1610612758,SAC,Sacramento,239,Darrick Martin,Darrick,,,3:42,0.0,2.0,0.0,0.0,0.0,0.0,2.0,2.0,1.0,0.0,0.0,0.0,0.0,0.0,0.0,0.0,0.0,2.0,-3.0
0020000325,1610612758,SAC,Sacramento,1775,,,, ,,,,,,,,,,,,,,,,,,,,
0020000325,1610612758,SAC,Sacramento,1248,,,, ,,,,,,,,,,,,,,,,,,,,
0020000325,1610612758,SAC,Sacramento,1249,,,, ,,,,,,,,,,,,,,,,,,,,
0020000325,1610612758,SAC,Sacramento,1322,,,, ,,,,,,,,,,,,,,,,,,,,
0020000325,1610612758,SAC,Sacramento,1327,,,, ,,,,,,,,,,,,,,,,,,,,
0020000325,1610612758,SAC,Sacramento,1328,,,, ,,,,,,,,,,,,,,,,,,,,
0020000325,1610612758,SAC,Sacramento,978,Peja Stojakovic,Peja,,NWT - Bruised Right Shoulder,,,,,,,,,,,,,,,,,,,,
0020000325,1610612738,BOS,Boston,952,Antoine Walker,Antoine,F,,37:41,6.0,17.0,0.353,2.0,5.0,0.4,1.0,1.0,1.0,3.0,8.0,11.0,4.0,1.0,0.0,5.0,4.0,15.0,-22.0
0020000325,1610612738,BOS,Boston,1718,Paul Pierce,Paul,F,,33:50,5.0,18.0,0.278,1.0,5.0,0.2,3.0,4.0,0.75,2.0,7.0,9.0,3.0,1.0,0.0,1.0,3.0,14.0,-10.0
0020000325,1610612738,BOS,Boston,1499,Tony Battie,Tony,F,,25:47,4.0,7.0,0.571,0.0,1.0,0.0,0.0,0.0,0.0,1.0,2.0,3.0,1.0,0.0,1.0,0.0,4.0,8.0,-10.0
0020000325,1610612738,BOS,Boston,72,Kenny Anderson,Kenny,G,,25:02,4.0,10.0,0.4,0.0,0.0,0.0,1.0,2.0,0.5,1.0,1.0,2.0,5.0,1.0,0.0,3.0,4.0,9.0,-11.0
0020000325,1610612738,BOS,Boston,179,Bryant Stith,Bryant,G,,37:25,4.0,14.0,0.286,0.0,5.0,0.0,0.0,0.0,0.0,0.0,3.0,3.0,2.0,1.0,0.0,1.0,0.0,8.0,-22.0
0020000325,1610612738,BOS,Boston,958,Vitaly Potapenko,Vitaly,C,,26:12,5.0,8.0,0.625,0.0,0.0,0.0,2.0,2.0,1.0,5.0,7.0,12.0,1.0,0.0,0.0,1.0,3.0,12.0,-10.0
0020000325,1610612738,BOS,Boston,753,Randy Brown,Randy,,,15:24,2.0,2.0,1.0,0.0,0.0,0.0,0.0,0.0,0.0,1.0,0.0,1.0,1.0,0.0,0.0,0.0,0.0,4.0,-14.0
0020000325,1610612738,BOS,Boston,677,Eric Williams,Eric,G,,10:05,0.0,3.0,0.0,0.0,1.0,0.0,0.0,0.0,0.0,0.0,1.0,1.0,0.0,0.0,0.0,2.0,2.0,0.0,-11.0
0020000325,1610612738,BOS,Boston,1559,Adrian Griffin,Adrian,,,10:51,2.0,4.0,0.5,1.0,2.0,0.5,0.0,0.0,0.0,0.0,1.0,1.0,0.0,1.0,0.0,2.0,2.0,5.0,-6.0
0020000325,1610612738,BOS,Boston,962,Walter McCarty,Walter,F,,6:20,0.0,5.0,0.0,0.0,1.0,0.0,0.0,0.0,0.0,0.0,1.0,1.0,1.0,0.0,0.0,0.0,1.0,0.0,-4.0
0020000325,1610612738,BOS,Boston,1960,Milt Palacio,Milt,,,7:41,3.0,3.0,1.0,0.0,0.0,0.0,0.0,0.0,0.0,1.0,0.0,1.0,2.0,0.0,0.0,0.0,0.0,6.0,2.0
0020000325,1610612738,BOS,Boston,2040,Jerome Moiso,Jerome,,,3:42,0.0,0.0,0.0,0.0,0.0,0.0,0.0,0.0,0.0,0.0,2.0,2.0,0.0,0.0,0.0,0.0,0.0,0.0,3.0
0020000325,1610612738,BOS,Boston,1875,,,, ,,,,,,,,,,,,,,,,,,,,
0020000325,1610612738,BOS,Boston,1213,,,, ,,,,,,,,,,,,,,,,,,,,
0020000325,1610612738,BOS,Boston,1486,,,, ,,,,,,,,,,,,,,,,,,,,
0020000325,1610612738,BOS,Boston,1639,,,, ,,,,,,,,,,,,,,,,,,,,
0020000325,1610612738,BOS,Boston,1641,,,, ,,,,,,,,,,,,,,,,,,,,
0020000330,1610612739,CLE,Cleveland,441,Lamond Murray,Lamond,G,,25:24,5.0,10.0,0.5,1.0,2.0,0.5,1.0,2.0,0.5,0.0,2.0,2.0,1.0,0.0,0.0,3.0,3.0,12.0,-6.0
0020000330,1610612739,CLE,Cleveland,221,Clar. Weatherspoon,Clar.,F,,31:30,3.0,7.0,0.429,0.0,0.0,0.0,3.0,4.0,0.75,2.0,7.0,9.0,1.0,1.0,1.0,0.0,4.0,9.0,3.0
0020000330,1610612739,CLE,Cleveland,980,Zydrunas Ilgauskas,Zydrunas,C,,35:45,10.0,17.0,0.588,0.0,0.0,0.0,4.0,6.0,0.667,8.0,1.0,9.0,2.0,0.0,1.0,5.0,3.0,24.0,4.0
0020000330,1610612739,CLE,Cleveland,1723,Matt Harpring,Matt,G,,26:39,6.0,11.0,0.545,0.0,2.0,0.0,1.0,2.0,0.5,1.0,4.0,5.0,2.0,1.0,0.0,1.0,3.0,13.0,-13.0
0020000330,1610612739,CLE,Cleveland,1889,Andre Miller,Andre,G,,39:52,5.0,13.0,0.385,0.0,1.0,0.0,7.0,8.0,0.875,1.0,7.0,8.0,8.0,2.0,0.0,2.0,2.0,17.0,5.0
0020000330,1610612739,CLE,Cleveland,1714,Robert Traylor,Robert,G,,5:38,1.0,2.0,0.5,0.0,0.0,0.0,0.0,0.0,0.0,0.0,1.0,1.0,1.0,0.0,0.0,0.0,0.0,2.0,7.0
0020000330,1610612739,CLE,Cleveland,423,Chris Gatling,Chris,G,,22:31,4.0,9.0,0.444,0.0,3.0,0.0,2.0,3.0,0.667,2.0,4.0,6.0,0.0,2.0,0.0,1.0,4.0,10.0,1.0
0020000330,1610612739,CLE,Cleveland,1538,Cedric Henderson,Cedric,F,,24:20,4.0,8.0,0.5,0.0,0.0,0.0,3.0,5.0,0.6,2.0,1.0,3.0,3.0,1.0,0.0,1.0,3.0,11.0,18.0
0020000330,1610612739,CLE,Cleveland,1892,Trajan Langdon,Trajan,,,5:18,0.0,3.0,0.0,0.0,1.0,0.0,0.0,0.0,0.0,0.0,0.0,0.0,0.0,0.0,0.0,0.0,1.0,0.0,6.0
0020000330,1610612739,CLE,Cleveland,1138,Michael Hawkins,Michael,F,,8:08,1.0,1.0,1.0,0.0,0.0,0.0,0.0,0.0,0.0,0.0,0.0,0.0,3.0,1.0,0.0,0.0,3.0,2.0,3.0
0020000330,1610612739,CLE,Cleveland,445,Wesley Person,Wesley,G,,14:55,1.0,4.0,0.25,1.0,3.0,0.333,0.0,0.0,0.0,0.0,2.0,2.0,0.0,2.0,0.0,0.0,1.0,3.0,12.0
0020000330,1610612739,CLE,Cleveland,1285,,,, ,,,,,,,,,,,,,,,,,,,,
0020000330,1610612739,CLE,Cleveland,1289,,,, ,,,,,,,,,,,,,,,,,,,,
0020000330,1610612739,CLE,Cleveland,2006,,,, ,,,,,,,,,,,,,,,,,,,,
0020000330,1610612739,CLE,Cleveland,2096,,,, ,,,,,,,,,,,,,,,,,,,,
0020000330,1610612739,CLE,Cleveland,1638,,,, ,,,,,,,,,,,,,,,,,,,,
0020000330,1610612739,CLE,Cleveland,1311,,,, ,,,,,,,,,,,,,,,,,,,,
0020000330,1610612739,CLE,Cleveland,462,J.R. Reid,J.R.,,DNP - Coach's Decision,,,,,,,,,,,,,,,,,,,,
0020000330,1610612754,IND,Indiana,147,Jalen Rose,Jalen,G,,40:22,7.0,13.0,0.538,1.0,4.0,0.25,9.0,10.0,0.9,0.0,7.0,7.0,4.0,1.0,2.0,1.0,3.0,24.0,2.0
0020000330,1610612754,IND,Indiana,1506,Austin Croshere,Austin,F,,28:03,6.0,11.0,0.545,3.0,4.0,0.75,1.0,2.0,0.5,2.0,0.0,2.0,2.0,0.0,0.0,3.0,2.0,16.0,-8.0
0020000330,1610612754,IND,Indiana,979,Jermaine O'Neal,Jermaine,C,,24:53,3.0,8.0,0.375,0.0,0.0,0.0,4.0,5.0,0.8,6.0,7.0,13.0,0.0,0.0,4.0,3.0,4.0,10.0,-3.0
0020000330,1610612754,IND,Indiana,397,Reggie Miller,Reggie,G,,37:16,5.0,14.0,0.357,4.0,10.0,0.4,6.0,7.0,0.857,0.0,2.0,2.0,2.0,1.0,1.0,4.0,1.0,20.0,-6.0
0020000330,1610612754,IND,Indiana,696,Travis Best,Travis,G,,35:09,4.0,11.0,0.364,0.0,1.0,0.0,1.0,2.0,0.5,0.0,3.0,3.0,8.0,1.0,0.0,3.0,5.0,9.0,-2.0
0020000330,1610612754,IND,Indiana,1886,Jonathan Bender,Jonathan,G,,10:18,0.0,1.0,0.0,0.0,1.0,0.0,2.0,2.0,1.0,0.0,0.0,0.0,0.0,0.0,1.0,0.0,1.0,2.0,-6.0
0020000330,1610612754,IND,Indiana,64,Sam Perkins,Sam,G,,9:02,0.0,1.0,0.0,0.0,1.0,0.0,0.0,0.0,0.0,0.0,0.0,0.0,0.0,0.0,0.0,0.0,0.0,0.0,-8.0
0020000330,1610612754,IND,Indiana,1733,Al Harrington,Al,G,,15:28,3.0,3.0,1.0,0.0,0.0,0.0,5.0,5.0,1.0,1.0,2.0,3.0,0.0,0.0,0.0,2.0,3.0,11.0,-10.0
0020000330,1610612754,IND,Indiana,365,Derrick McKey,Derrick,C,,21:50,0.0,2.0,0.0,0.0,0.0,0.0,3.0,4.0,0.75,1.0,3.0,4.0,2.0,2.0,3.0,2.0,4.0,3.0,-4.0
0020000330,1610612754,IND,Indiana,1902,Jeff Foster,Jeff,F,,17:39,0.0,6.0,0.0,0.0,1.0,0.0,0.0,0.0,0.0,2.0,3.0,5.0,0.0,2.0,0.0,2.0,2.0,0.0,5.0
0020000330,1610612754,IND,Indiana,1299,,,, ,,,,,,,,,,,,,,,,,,,,
0020000330,1610612754,IND,Indiana,1306,,,, ,,,,,,,,,,,,,,,,,,,,
0020000330,1610612754,IND,Indiana,1263,,,, ,,,,,,,,,,,,,,,,,,,,
0020000330,1610612754,IND,Indiana,1857,,,, ,,,,,,,,,,,,,,,,,,,,
0020000330,1610612754,IND,Indiana,2099,,,, ,,,,,,,,,,,,,,,,,,,,
0020000330,1610612754,IND,Indiana,2100,,,, ,,,,,,,,,,,,,,,,,,,,
0020000330,1610612754,IND,Indiana,2165,,,, ,,,,,,,,,,,,,,,,,,,,
0020000330,1610612754,IND,Indiana,1743,Bruno Sundov,Bruno,,DNP - Coach's Decision,,,,,,,,,,,,,,,,,,,,
0020000330,1610612754,IND,Indiana,440,Zan Tabak,Zan,,DNP - Coach's Decision,,,,,,,,,,,,,,,,,,,,
0020000328,1610612766,CHH,Charlotte,469,Jamal Mashburn,Jamal,F,,31:58,7.0,16.0,0.438,2.0,3.0,0.667,5.0,6.0,0.833,1.0,6.0,7.0,8.0,3.0,0.0,1.0,2.0,21.0,19.0
0020000328,1610612766,CHH,Charlotte,136,P.J. Brown,P.J.,F,,26:08,2.0,4.0,0.5,0.0,0.0,0.0,2.0,4.0,0.5,1.0,6.0,7.0,4.0,0.0,0.0,1.0,3.0,6.0,21.0
0020000328,1610612766,CHH,Charlotte,922,Elden Campbell,Elden,G,,27:08,4.0,12.0,0.333,0.0,0.0,0.0,1.0,1.0,1.0,1.0,7.0,8.0,2.0,2.0,1.0,1.0,4.0,9.0,19.0
0020000328,1610612766,CHH,Charlotte,1884,Baron Davis,Baron,G,,38:45,8.0,13.0,0.615,2.0,4.0,0.5,1.0,2.0,0.5,0.0,1.0,1.0,9.0,3.0,0.0,3.0,3.0,19.0,20.0
0020000328,1610612766,CHH,Charlotte,133,David Wesley,David,G,,31:29,10.0,16.0,0.625,2.0,2.0,1.0,3.0,4.0,0.75,2.0,1.0,3.0,5.0,1.0,0.0,3.0,4.0,25.0,17.0
0020000328,1610612766,CHH,Charlotte,901,Otis Thorpe,Otis,,,20:22,1.0,4.0,0.25,0.0,0.0,0.0,0.0,0.0,0.0,1.0,4.0,5.0,2.0,0.0,2.0,1.0,5.0,2.0,-4.0
0020000328,1610612766,CHH,Charlotte,765,Hersey Hawkins,Hersey,G,,21:42,0.0,5.0,0.0,0.0,1.0,0.0,3.0,3.0,1.0,1.0,0.0,1.0,1.0,0.0,2.0,1.0,4.0,3.0,-4.0
0020000328,1610612766,CHH,Charlotte,1924,Lee Nailon,Lee,G,,17:55,1.0,3.0,0.333,0.0,0.0,0.0,3.0,4.0,0.75,1.0,2.0,3.0,1.0,0.0,0.0,3.0,2.0,5.0,-2.0
0020000328,1610612766,CHH,Charlotte,1944,Eddie Robinson,Eddie,F,,16:32,4.0,6.0,0.667,0.0,0.0,0.0,1.0,2.0,0.5,0.0,2.0,2.0,0.0,1.0,0.0,0.0,0.0,9.0,-6.0
0020000328,1610612766,CHH,Charlotte,695,Eldridge Recasner,Eldridge,,,4:04,0.0,0.0,0.0,0.0,0.0,0.0,0.0,0.0,0.0,0.0,2.0,2.0,0.0,0.0,0.0,0.0,1.0,0.0,-5.0
0020000328,1610612766,CHH,Charlotte,1906,Tim James,Tim,,,3:57,2.0,2.0,1.0,0.0,0.0,0.0,0.0,0.0,0.0,0.0,0.0,0.0,0.0,0.0,0.0,0.0,0.0,4.0,-5.0
0020000328,1610612766,CHH,Charlotte,1316,,,, ,,,,,,,,,,,,,,,,,,,,
0020000328,1610612766,CHH,Charlotte,1992,,,, ,,,,,,,,,,,,,,,,,,,,
0020000328,1610612766,CHH,Charlotte,2152,,,, ,,,,,,,,,,,,,,,,,,,,
0020000328,1610612766,CHH,Charlotte,1215,,,, ,,,,,,,,,,,,,,,,,,,,
0020000328,1610612766,CHH,Charlotte,1218,,,, ,,,,,,,,,,,,,,,,,,,,
0020000328,1610612766,CHH,Charlotte,2048,Jamaal Magloire,Jamaal,,DND - Sore Left Foot,,,,,,,,,,,,,,,,,,,,
0020000328,1610612764,WAS,Washington,1838,Tyrone Nesby,Tyrone,F,,15:35,1.0,4.0,0.25,0.0,1.0,0.0,0.0,0.0,0.0,0.0,0.0,0.0,1.0,1.0,0.0,2.0,4.0,2.0,-11.0
0020000328,1610612764,WAS,Washington,436,Juwan Howard,Juwan,G,,23:34,6.0,11.0,0.545,0.0,0.0,0.0,3.0,4.0,0.75,1.0,2.0,3.0,1.0,0.0,0.0,4.0,2.0,15.0,-24.0
0020000328,1610612764,WAS,Washington,1751,Jahidi White,Jahidi,C,,27:38,4.0,6.0,0.667,0.0,0.0,0.0,4.0,6.0,0.667,2.0,4.0,6.0,1.0,0.0,1.0,1.0,2.0,12.0,-24.0
0020000328,1610612764,WAS,Washington,1732,Felipe Lopez,Felipe,G,,24:18,2.0,5.0,0.4,0.0,1.0,0.0,1.0,2.0,0.5,0.0,4.0,4.0,1.0,0.0,0.0,0.0,1.0,5.0,-11.0
0020000328,1610612764,WAS,Washington,393,Rod Strickland,Rod,G,,26:31,1.0,9.0,0.111,0.0,0.0,0.0,3.0,3.0,1.0,1.0,1.0,2.0,7.0,1.0,0.0,3.0,1.0,5.0,-24.0
0020000328,1610612764,WAS,Washington,1888,Richard Hamilton,Richard,G,,29:32,5.0,14.0,0.357,1.0,1.0,1.0,1.0,1.0,1.0,2.0,1.0,3.0,7.0,0.0,0.0,3.0,2.0,12.0,-1.0
0020000328,1610612764,WAS,Washington,1562,Gerard King,Gerard,C,,28:27,8.0,12.0,0.667,0.0,0.0,0.0,1.0,2.0,0.5,5.0,2.0,7.0,1.0,0.0,1.0,0.0,3.0,17.0,-4.0
0020000328,1610612764,WAS,Washington,43,Chris Whitney,Chris,G,,26:53,4.0,9.0,0.444,3.0,6.0,0.5,2.0,2.0,1.0,0.0,4.0,4.0,3.0,2.0,0.0,2.0,2.0,13.0,9.0
0020000328,1610612764,WAS,Washington,1916,Calvin Booth,Calvin,F,,13:45,2.0,4.0,0.5,0.0,0.0,0.0,0.0,0.0,0.0,0.0,7.0,7.0,0.0,0.0,2.0,2.0,3.0,4.0,-1.0
0020000328,1610612764,WAS,Washington,63,Michael Smith,Michael,F,,11:51,0.0,0.0,0.0,0.0,0.0,0.0,0.0,0.0,0.0,0.0,2.0,2.0,0.0,1.0,0.0,0.0,3.0,0.0,7.0
0020000328,1610612764,WAS,Washington,1919,Laron Profit,Laron,,,7:52,0.0,5.0,0.0,0.0,1.0,0.0,0.0,0.0,0.0,0.0,0.0,0.0,2.0,1.0,0.0,0.0,0.0,0.0,9.0
0020000328,1610612764,WAS,Washington,1918,Obinna Ekezie,Obinna,,,4:04,2.0,3.0,0.667,0.0,0.0,0.0,0.0,0.0,0.0,0.0,2.0,2.0,0.0,0.0,0.0,0.0,0.0,4.0,5.0
0020000328,1610612764,WAS,Washington,1245,,,, ,,,,,,,,,,,,,,,,,,,,
0020000328,1610612764,WAS,Washington,1251,,,, ,,,,,,,,,,,,,,,,,,,,
0020000328,1610612764,WAS,Washington,1271,,,, ,,,,,,,,,,,,,,,,,,,,
0020000328,1610612764,WAS,Washington,1340,,,, ,,,,,,,,,,,,,,,,,,,,
0020000328,1610612764,WAS,Washington,1360,,,, ,,,,,,,,,,,,,,,,,,,,
0020000328,1610612764,WAS,Washington,2093,,,, ,,,,,,,,,,,,,,,,,,,,
0020000328,1610612764,WAS,Washington,2095,,,, ,,,,,,,,,,,,,,,,,,,,
0020000328,1610612764,WAS,Washington,2171,,,, ,,,,,,,,,,,,,,,,,,,,
0020000337,1610612738,BOS,Boston,952,Antoine Walker,Antoine,F,,44:51,7.0,20.0,0.35,1.0,7.0,0.143,5.0,6.0,0.833,4.0,7.0,11.0,10.0,0.0,0.0,6.0,1.0,20.0,-11.0
0020000337,1610612738,BOS,Boston,1718,Paul Pierce,Paul,F,,34:23,8.0,18.0,0.444,1.0,6.0,0.167,2.0,3.0,0.667,2.0,3.0,5.0,3.0,3.0,0.0,4.0,4.0,19.0,-8.0
0020000337,1610612738,BOS,Boston,1499,Tony Battie,Tony,F,,30:25,4.0,6.0,0.667,0.0,0.0,0.0,0.0,0.0,0.0,2.0,2.0,4.0,0.0,0.0,1.0,2.0,5.0,8.0,-4.0
0020000337,1610612738,BOS,Boston,72,Kenny Anderson,Kenny,G,,27:19,2.0,7.0,0.286,1.0,1.0,1.0,4.0,6.0,0.667,0.0,0.0,0.0,5.0,2.0,0.0,2.0,3.0,9.0,-6.0
0020000337,1610612738,BOS,Boston,179,Bryant Stith,Bryant,G,,36:32,6.0,11.0,0.545,1.0,2.0,0.5,1.0,1.0,1.0,0.0,2.0,2.0,0.0,3.0,0.0,0.0,1.0,14.0,-5.0
0020000337,1610612738,BOS,Boston,677,Eric Williams,Eric,G,,14:52,1.0,4.0,0.25,0.0,2.0,0.0,0.0,0.0,0.0,1.0,2.0,3.0,1.0,0.0,0.0,1.0,2.0,2.0,-7.0
0020000337,1610612738,BOS,Boston,958,Vitaly Potapenko,Vitaly,F,,17:22,4.0,5.0,0.8,0.0,0.0,0.0,1.0,3.0,0.333,1.0,2.0,3.0,1.0,0.0,1.0,0.0,3.0,9.0,-6.0
0020000337,1610612738,BOS,Boston,753,Randy Brown,Randy,G,,20:41,1.0,3.0,0.333,0.0,0.0,0.0,2.0,3.0,0.667,0.0,1.0,1.0,0.0,4.0,0.0,0.0,1.0,4.0,-6.0
0020000337,1610612738,BOS,Boston,1559,Adrian Griffin,Adrian,F,,10:13,0.0,2.0,0.0,0.0,0.0,0.0,2.0,2.0,1.0,0.0,4.0,4.0,0.0,0.0,0.0,1.0,1.0,2.0,-4.0
0020000337,1610612738,BOS,Boston,962,Walter McCarty,Walter,G,,3:22,0.0,1.0,0.0,0.0,0.0,0.0,0.0,0.0,0.0,0.0,1.0,1.0,0.0,0.0,0.0,0.0,1.0,0.0,-3.0
0020000337,1610612738,BOS,Boston,1213,,,, ,,,,,,,,,,,,,,,,,,,,
0020000337,1610612738,BOS,Boston,1875,,,, ,,,,,,,,,,,,,,,,,,,,
0020000337,1610612738,BOS,Boston,1639,,,, ,,,,,,,,,,,,,,,,,,,,
0020000337,1610612738,BOS,Boston,1641,,,, ,,,,,,,,,,,,,,,,,,,,
0020000337,1610612738,BOS,Boston,1486,,,, ,,,,,,,,,,,,,,,,,,,,
0020000337,1610612738,BOS,Boston,2040,Jerome Moiso,Jerome,,DNP - Coach's Decision,,,,,,,,,,,,,,,,,,,,
0020000337,1610612738,BOS,Boston,1960,Milt Palacio,Milt,,DNP - Coach's Decision,,,,,,,,,,,,,,,,,,,,
0020000337,1610612766,CHH,Charlotte,469,Jamal Mashburn,Jamal,G,,43:23,8.0,16.0,0.5,2.0,4.0,0.5,2.0,4.0,0.5,2.0,10.0,12.0,5.0,1.0,0.0,5.0,2.0,20.0,10.0
0020000337,1610612766,CHH,Charlotte,136,P.J. Brown,P.J.,F,,41:05,3.0,5.0,0.6,0.0,0.0,0.0,4.0,4.0,1.0,1.0,4.0,5.0,5.0,1.0,1.0,1.0,3.0,10.0,11.0
0020000337,1610612766,CHH,Charlotte,922,Elden Campbell,Elden,C,,31:12,8.0,13.0,0.615,0.0,0.0,0.0,1.0,2.0,0.5,1.0,5.0,6.0,1.0,0.0,4.0,0.0,4.0,17.0,3.0
0020000337,1610612766,CHH,Charlotte,1884,Baron Davis,Baron,G,,42:18,6.0,11.0,0.545,1.0,3.0,0.333,5.0,8.0,0.625,1.0,7.0,8.0,14.0,2.0,0.0,6.0,4.0,18.0,11.0
0020000337,1610612766,CHH,Charlotte,133,David Wesley,David,G,,34:46,8.0,14.0,0.571,1.0,2.0,0.5,2.0,2.0,1.0,0.0,1.0,1.0,5.0,2.0,0.0,3.0,4.0,19.0,0.0
0020000337,1610612766,CHH,Charlotte,765,Hersey Hawkins,Hersey,G,,18:56,3.0,6.0,0.5,2.0,2.0,1.0,2.0,2.0,1.0,1.0,2.0,3.0,1.0,1.0,0.0,0.0,0.0,10.0,13.0
0020000337,1610612766,CHH,Charlotte,901,Otis Thorpe,Otis,F,,16:48,0.0,1.0,0.0,0.0,0.0,0.0,0.0,0.0,0.0,1.0,1.0,2.0,2.0,0.0,1.0,0.0,2.0,0.0,9.0
0020000337,1610612766,CHH,Charlotte,1944,Eddie Robinson,Eddie,,,1:46,0.0,1.0,0.0,0.0,0.0,0.0,0.0,0.0,0.0,0.0,1.0,1.0,0.0,0.0,0.0,1.0,0.0,0.0,-1.0
0020000337,1610612766,CHH,Charlotte,1924,Lee Nailon,Lee,F,,9:47,2.0,3.0,0.667,0.0,0.0,0.0,1.0,2.0,0.5,0.0,3.0,3.0,0.0,0.0,0.0,1.0,2.0,5.0,4.0
0020000337,1610612766,CHH,Charlotte,1215,,,, ,,,,,,,,,,,,,,,,,,,,
0020000337,1610612766,CHH,Charlotte,1218,,,, ,,,,,,,,,,,,,,,,,,,,
0020000337,1610612766,CHH,Charlotte,1316,,,, ,,,,,,,,,,,,,,,,,,,,
0020000337,1610612766,CHH,Charlotte,2152,,,, ,,,,,,,,,,,,,,,,,,,,
0020000337,1610612766,CHH,Charlotte,1992,,,, ,,,,,,,,,,,,,,,,,,,,
0020000337,1610612766,CHH,Charlotte,1906,Tim James,Tim,,DNP - Coach's Decision,,,,,,,,,,,,,,,,,,,,
0020000337,1610612766,CHH,Charlotte,2048,Jamaal Magloire,Jamaal,,Did Not Dress - Sore Left Foot,,,,,,,,,,,,,,,,,,,,
0020000337,1610612766,CHH,Charlotte,695,Eldridge Recasner,Eldridge,,Did Not Dress - Virus,,,,,,,,,,,,,,,,,,,,
0020000340,1610612755,PHI,Philadelphia,389,Toni Kukoc,Toni,F,,35:20,2.0,6.0,0.333,1.0,3.0,0.333,1.0,2.0,0.5,0.0,4.0,4.0,3.0,1.0,0.0,1.0,3.0,6.0,0.0
0020000340,1610612755,PHI,Philadelphia,238,Tyrone Hill,Tyrone,G,,31:56,2.0,4.0,0.5,0.0,0.0,0.0,1.0,2.0,0.5,0.0,5.0,5.0,1.0,1.0,0.0,2.0,4.0,5.0,15.0
0020000340,1610612755,PHI,Philadelphia,689,Theo Ratliff,Theo,C,,32:44,5.0,8.0,0.625,0.0,0.0,0.0,4.0,6.0,0.667,2.0,4.0,6.0,0.0,0.0,3.0,2.0,5.0,14.0,9.0
0020000340,1610612755,PHI,Philadelphia,947,Allen Iverson,Allen,G,,43:50,12.0,25.0,0.48,0.0,2.0,0.0,9.0,13.0,0.692,0.0,5.0,5.0,8.0,2.0,0.0,7.0,2.0,33.0,7.0
0020000340,1610612755,PHI,Philadelphia,137,Vernon Maxwell,Vernon,G,,16:02,3.0,4.0,0.75,3.0,4.0,0.75,0.0,0.0,0.0,0.0,0.0,0.0,1.0,0.0,0.0,0.0,2.0,9.0,-5.0
0020000340,1610612755,PHI,Philadelphia,243,Aaron McKie,Aaron,F,,32:02,7.0,9.0,0.778,2.0,3.0,0.667,2.0,2.0,1.0,0.0,2.0,2.0,6.0,2.0,0.0,3.0,2.0,18.0,13.0
0020000340,1610612755,PHI,Philadelphia,1928,Todd MacCulloch,Todd,G,,21:29,3.0,7.0,0.429,0.0,0.0,0.0,0.0,0.0,0.0,6.0,7.0,13.0,0.0,0.0,0.0,0.0,1.0,6.0,-1.0
0020000340,1610612755,PHI,Philadelphia,248,George Lynch,George,G,,4:33,0.0,0.0,0.0,0.0,0.0,0.0,0.0,0.0,0.0,0.0,1.0,1.0,0.0,0.0,0.0,0.0,1.0,0.0,2.0
0020000340,1610612755,PHI,Philadelphia,1908,Jumaine Jones,Jumaine,C,,13:04,2.0,5.0,0.4,0.0,1.0,0.0,0.0,0.0,0.0,2.0,3.0,5.0,0.0,0.0,0.0,1.0,3.0,4.0,6.0
0020000340,1610612755,PHI,Philadelphia,2143,Pepe Sanchez,Pepe,,,8:07,1.0,2.0,0.5,0.0,0.0,0.0,2.0,2.0,1.0,0.0,1.0,1.0,0.0,1.0,0.0,0.0,1.0,4.0,-3.0
0020000340,1610612755,PHI,Philadelphia,1737,Nazr Mohammed,Nazr,,,0:53,0.0,0.0,0.0,0.0,0.0,0.0,0.0,0.0,0.0,0.0,0.0,0.0,0.0,0.0,0.0,0.0,0.0,0.0,-3.0
0020000340,1610612755,PHI,Philadelphia,1259,,,, ,,,,,,,,,,,,,,,,,,,,
0020000340,1610612755,PHI,Philadelphia,1308,,,, ,,,,,,,,,,,,,,,,,,,,
0020000340,1610612755,PHI,Philadelphia,1312,,,, ,,,,,,,,,,,,,,,,,,,,
0020000340,1610612755,PHI,Philadelphia,1313,,,, ,,,,,,,,,,,,,,,,,,,,
0020000340,1610612755,PHI,Philadelphia,1865,,,, ,,,,,,,,,,,,,,,,,,,,
0020000340,1610612755,PHI,Philadelphia,1212,,,, ,,,,,,,,,,,,,,,,,,,,
0020000340,1610612755,PHI,Philadelphia,2169,,,, ,,,,,,,,,,,,,,,,,,,,
0020000340,1610612755,PHI,Philadelphia,761,Matt Geiger,Matt,,DNP - Coach's Decision,,,,,,,,,,,,,,,,,,,,
0020000340,1610612741,CHI,Chicago,1897,Metta World Peace,Metta,F,,36:03,12.0,19.0,0.632,1.0,3.0,0.333,4.0,7.0,0.571,2.0,2.0,4.0,2.0,1.0,0.0,3.0,5.0,29.0,4.0
0020000340,1610612741,CHI,Chicago,1882,Elton Brand,Elton,G,,44:54,6.0,15.0,0.4,0.0,0.0,0.0,8.0,12.0,0.667,7.0,7.0,14.0,7.0,0.0,0.0,5.0,4.0,20.0,-8.0
0020000340,1610612741,CHI,Chicago,1434,Dragan Tarlac,Dragan,G,,16:37,1.0,2.0,0.5,0.0,0.0,0.0,0.0,0.0,0.0,0.0,2.0,2.0,1.0,0.0,0.0,0.0,3.0,2.0,-4.0
0020000340,1610612741,CHI,Chicago,1500,Ron Mercer,Ron,G,,44:59,9.0,22.0,0.409,1.0,2.0,0.5,1.0,1.0,1.0,2.0,0.0,2.0,7.0,4.0,0.0,0.0,4.0,20.0,-5.0
0020000340,1610612741,CHI,Chicago,2064,Khalid El-Amin,Khalid,G,,16:15,0.0,3.0,0.0,0.0,0.0,0.0,0.0,2.0,0.0,0.0,0.0,0.0,2.0,1.0,0.0,1.0,3.0,0.0,-14.0
0020000340,1610612741,CHI,Chicago,1913,Michael Ruffin,Michael,C,,33:36,3.0,4.0,0.75,0.0,0.0,0.0,1.0,2.0,0.5,5.0,6.0,11.0,1.0,2.0,3.0,0.0,4.0,7.0,-7.0
0020000340,1610612741,CHI,Chicago,1724,Bryce Drew,Bryce,F,,28:18,4.0,8.0,0.5,0.0,1.0,0.0,0.0,0.0,0.0,1.0,2.0,3.0,8.0,2.0,0.0,1.0,4.0,8.0,16.0
0020000340,1610612741,CHI,Chicago,1736,Corey Benjamin,Corey,,,8:36,1.0,3.0,0.333,1.0,2.0,0.5,0.0,0.0,0.0,0.0,0.0,0.0,1.0,0.0,0.0,0.0,1.0,3.0,-16.0
0020000340,1610612741,CHI,Chicago,697,Fred Hoiberg,Fred,F,,9:49,1.0,6.0,0.167,0.0,3.0,0.0,0.0,0.0,0.0,0.0,0.0,0.0,1.0,0.0,0.0,0.0,0.0,2.0,-9.0
0020000340,1610612741,CHI,Chicago,2037,Jamal Crawford,Jamal,,,0:53,0.0,1.0,0.0,0.0,1.0,0.0,0.0,0.0,0.0,0.0,0.0,0.0,0.0,0.0,0.0,0.0,0.0,0.0,3.0
0020000340,1610612741,CHI,Chicago,2153,,,, ,,,,,,,,,,,,,,,,,,,,
0020000340,1610612741,CHI,Chicago,1220,,,, ,,,,,,,,,,,,,,,,,,,,
0020000340,1610612741,CHI,Chicago,1254,,,, ,,,,,,,,,,,,,,,,,,,,
0020000340,1610612741,CHI,Chicago,1346,,,, ,,,,,,,,,,,,,,,,,,,,
0020000340,1610612741,CHI,Chicago,1779,,,, ,,,,,,,,,,,,,,,,,,,,
0020000340,1610612741,CHI,Chicago,1780,,,, ,,,,,,,,,,,,,,,,,,,,
0020000340,1610612741,CHI,Chicago,2053,Dalibor Bagaric,Dalibor,,DNP - Coach's Decision,,,,,,,,,,,,,,,,,,,,
0020000340,1610612741,CHI,Chicago,2033,Marcus Fizer,Marcus,,DNP - Coach's Decision,,,,,,,,,,,,,,,,,,,,
0020000343,1610612756,PHX,Phoenix,1890,Shawn Marion,Shawn,F,,28:03,3.0,9.0,0.333,0.0,1.0,0.0,2.0,2.0,1.0,3.0,8.0,11.0,1.0,1.0,1.0,1.0,3.0,8.0,-23.0
0020000343,1610612756,PHX,Phoenix,361,Clifford Robinson,Clifford,F,,21:42,4.0,15.0,0.267,2.0,2.0,1.0,2.0,4.0,0.5,1.0,3.0,4.0,4.0,0.0,0.0,2.0,6.0,12.0,5.0
0020000343,1610612756,PHX,Phoenix,201,Chris Dudley,Chris,C,,18:28,1.0,2.0,0.5,0.0,0.0,0.0,0.0,0.0,0.0,3.0,5.0,8.0,0.0,1.0,1.0,0.0,4.0,2.0,9.0
0020000343,1610612756,PHX,Phoenix,467,Jason Kidd,Jason,G,,38:42,4.0,20.0,0.2,0.0,4.0,0.0,4.0,4.0,1.0,1.0,5.0,6.0,4.0,1.0,1.0,4.0,3.0,12.0,-18.0
0020000343,1610612756,PHX,Phoenix,960,Tony Delk,Tony,G,,33:21,1.0,7.0,0.143,0.0,2.0,0.0,4.0,4.0,1.0,0.0,2.0,2.0,1.0,0.0,1.0,1.0,2.0,6.0,-14.0
0020000343,1610612756,PHX,Phoenix,915,Rodney Rogers,Rodney,G,,36:30,5.0,20.0,0.25,1.0,6.0,0.167,5.0,5.0,1.0,0.0,3.0,3.0,3.0,1.0,0.0,2.0,5.0,16.0,4.0
0020000343,1610612756,PHX,Phoenix,916,Corie Blount,Corie,C,,11:40,1.0,2.0,0.5,0.0,0.0,0.0,0.0,0.0,0.0,1.0,1.0,2.0,0.0,0.0,0.0,1.0,2.0,2.0,-13.0
0020000343,1610612756,PHX,Phoenix,339,Tom Gugliotta,Tom,G,,6:28,2.0,5.0,0.4,0.0,1.0,0.0,2.0,2.0,1.0,0.0,1.0,1.0,0.0,0.0,1.0,0.0,0.0,6.0,-5.0
0020000343,1610612756,PHX,Phoenix,386,Elliot Perry,Elliot,F,,13:09,3.0,3.0,1.0,0.0,0.0,0.0,0.0,0.0,0.0,0.0,1.0,1.0,1.0,1.0,0.0,0.0,1.0,6.0,8.0
0020000343,1610612756,PHX,Phoenix,2101,Paul McPherson,Paul,F,,21:32,3.0,5.0,0.6,0.0,0.0,0.0,1.0,1.0,1.0,1.0,3.0,4.0,0.0,0.0,0.0,1.0,4.0,7.0,11.0
0020000343,1610612756,PHX,Phoenix,2091,Daniel Santiago,Daniel,G,,10:25,1.0,2.0,0.5,0.0,0.0,0.0,3.0,4.0,0.75,3.0,0.0,3.0,0.0,1.0,0.0,1.0,1.0,5.0,-4.0
0020000343,1610612756,PHX,Phoenix,2160,,,, ,,,,,,,,,,,,,,,,,,,,
0020000343,1610612756,PHX,Phoenix,2161,,,, ,,,,,,,,,,,,,,,,,,,,
0020000343,1610612756,PHX,Phoenix,2008,,,, ,,,,,,,,,,,,,,,,,,,,
0020000343,1610612756,PHX,Phoenix,2015,,,, ,,,,,,,,,,,,,,,,,,,,
0020000343,1610612756,PHX,Phoenix,1227,,,, ,,,,,,,,,,,,,,,,,,,,
0020000343,1610612756,PHX,Phoenix,1653,,,, ,,,,,,,,,,,,,,,,,,,,
0020000343,1610612756,PHX,Phoenix,1654,,,, ,,,,,,,,,,,,,,,,,,,,
0020000343,1610612756,PHX,Phoenix,53,Mario Elie,Mario,,DND - Broken left hand.,,,,,,,,,,,,,,,,,,,,
0020000343,1610612759,SAS,San Antonio,251,Sean Elliott,Sean,F,,30:01,2.0,6.0,0.333,0.0,1.0,0.0,5.0,6.0,0.833,1.0,6.0,7.0,0.0,0.0,1.0,2.0,1.0,9.0,-2.0
0020000343,1610612759,SAS,San Antonio,1495,Tim Duncan,Tim,G,,32:39,7.0,12.0,0.583,1.0,1.0,1.0,2.0,5.0,0.4,1.0,7.0,8.0,2.0,0.0,3.0,4.0,4.0,17.0,17.0
0020000343,1610612759,SAS,San Antonio,764,David Robinson,David,G,,35:03,8.0,15.0,0.533,0.0,0.0,0.0,2.0,3.0,0.667,1.0,6.0,7.0,0.0,0.0,6.0,5.0,5.0,18.0,8.0
0020000343,1610612759,SAS,San Antonio,1498,Antonio Daniels,Antonio,G,,41:53,6.0,12.0,0.5,0.0,2.0,0.0,5.0,6.0,0.833,0.0,2.0,2.0,6.0,0.0,2.0,1.0,4.0,17.0,14.0
0020000343,1610612759,SAS,San Antonio,1507,Derek Anderson,Derek,G,,29:26,2.0,3.0,0.667,0.0,0.0,0.0,11.0,13.0,0.846,0.0,4.0,4.0,3.0,2.0,0.0,3.0,2.0,15.0,14.0
0020000343,1610612759,SAS,San Antonio,198,Danny Ferry,Danny,G,,21:05,2.0,6.0,0.333,0.0,3.0,0.0,0.0,0.0,0.0,1.0,5.0,6.0,1.0,2.0,0.0,1.0,3.0,4.0,10.0
0020000343,1610612759,SAS,San Antonio,990,Malik Rose,Malik,G,,21:16,0.0,5.0,0.0,0.0,0.0,0.0,0.0,0.0,0.0,1.0,5.0,6.0,0.0,0.0,2.0,1.0,3.0,0.0,-6.0
0020000343,1610612759,SAS,San Antonio,345,Terry Porter,Terry,F,,18:34,3.0,5.0,0.6,1.0,1.0,1.0,3.0,3.0,1.0,1.0,0.0,1.0,3.0,1.0,0.0,3.0,1.0,10.0,-6.0
0020000343,1610612759,SAS,San Antonio,70,Steve Kerr,Steve,F,,6:07,0.0,0.0,0.0,0.0,0.0,0.0,0.0,0.0,0.0,0.0,1.0,1.0,1.0,0.0,0.0,0.0,1.0,0.0,-6.0
0020000343,1610612759,SAS,San Antonio,955,Samaki Walker,Samaki,,,3:56,0.0,0.0,0.0,0.0,0.0,0.0,0.0,0.0,0.0,0.0,2.0,2.0,0.0,0.0,0.0,2.0,4.0,0.0,-3.0
0020000343,1610612759,SAS,San Antonio,1658,,,, ,,,,,,,,,,,,,,,,,,,,
0020000343,1610612759,SAS,San Antonio,873,,,, ,,,,,,,,,,,,,,,,,,,,
0020000343,1610612759,SAS,San Antonio,1264,,,, ,,,,,,,,,,,,,,,,,,,,
0020000343,1610612759,SAS,San Antonio,1331,,,, ,,,,,,,,,,,,,,,,,,,,
0020000343,1610612759,SAS,San Antonio,1371,,,, ,,,,,,,,,,,,,,,,,,,,
0020000343,1610612759,SAS,San Antonio,1760,Derrick Dial,Derrick,,DNP - Coach's Decision,,,,,,,,,,,,,,,,,,,,
0020000343,1610612759,SAS,San Antonio,1956,Ira Newble,Ira,,DNP - Coach's Decision,,,,,,,,,,,,,,,,,,,,
0020000344,1610612748,MIA,Miami,193,Anthony Mason,Anthony,G,,45:41,7.0,16.0,0.438,0.0,0.0,0.0,5.0,6.0,0.833,1.0,7.0,8.0,4.0,2.0,0.0,5.0,1.0,19.0,11.0
0020000344,1610612748,MIA,Miami,1477,Bruce Bowen,Bruce,F,,29:46,3.0,7.0,0.429,2.0,5.0,0.4,1.0,4.0,0.25,0.0,0.0,0.0,0.0,1.0,1.0,0.0,6.0,9.0,-4.0
0020000344,1610612748,MIA,Miami,258,Brian Grant,Brian,F,,37:19,7.0,12.0,0.583,0.0,0.0,0.0,9.0,10.0,0.9,7.0,7.0,14.0,5.0,1.0,0.0,2.0,3.0,23.0,7.0
0020000344,1610612748,MIA,Miami,224,Eddie Jones,Eddie,G,,33:05,7.0,12.0,0.583,1.0,4.0,0.25,2.0,2.0,1.0,0.0,8.0,8.0,3.0,1.0,0.0,1.0,6.0,17.0,8.0
0020000344,1610612748,MIA,Miami,896,Tim Hardaway,Tim,G,,37:35,3.0,14.0,0.214,2.0,10.0,0.2,4.0,4.0,1.0,0.0,4.0,4.0,9.0,3.0,0.0,3.0,3.0,12.0,11.0
0020000344,1610612748,MIA,Miami,920,A.C. Green,A.C.,F,,28:01,1.0,5.0,0.2,0.0,0.0,0.0,4.0,4.0,1.0,2.0,4.0,6.0,3.0,3.0,0.0,2.0,3.0,6.0,4.0
0020000344,1610612748,MIA,Miami,1853,Anthony Carter,Anthony,G,,28:33,3.0,5.0,0.6,0.0,0.0,0.0,1.0,4.0,0.25,0.0,1.0,1.0,2.0,1.0,0.0,2.0,0.0,7.0,3.0
0020000344,1610612748,MIA,Miami,1877,,,, ,,,,,,,,,,,,,,,,,,,,
0020000344,1610612748,MIA,Miami,1642,,,, ,,,,,,,,,,,,,,,,,,,,
0020000344,1610612748,MIA,Miami,1787,,,, ,,,,,,,,,,,,,,,,,,,,
0020000344,1610612748,MIA,Miami,1276,,,, ,,,,,,,,,,,,,,,,,,,,
0020000344,1610612748,MIA,Miami,1277,,,, ,,,,,,,,,,,,,,,,,,,,
0020000344,1610612748,MIA,Miami,1279,,,, ,,,,,,,,,,,,,,,,,,,,
0020000344,1610612748,MIA,Miami,1280,,,, ,,,,,,,,,,,,,,,,,,,,
0020000344,1610612748,MIA,Miami,1281,,,, ,,,,,,,,,,,,,,,,,,,,
0020000344,1610612748,MIA,Miami,836,,,, ,,,,,,,,,,,,,,,,,,,,
0020000344,1610612748,MIA,Miami,190,Duane Causwell,Duane,,DNP - Coach's Decision,,,,,,,,,,,,,,,,,,,,
0020000344,1610612748,MIA,Miami,76,Cedric Ceballos,Cedric,,DNP - Coach's Decision,,,,,,,,,,,,,,,,,,,,
0020000344,1610612748,MIA,Miami,957,Todd Fuller,Todd,,DNP - Coach's Decision,,,,,,,,,,,,,,,,,,,,
0020000344,1610612748,MIA,Miami,2067,Eddie House,Eddie,,DNP - Coach's Decision,,,,,,,,,,,,,,,,,,,,
0020000344,1610612748,MIA,Miami,931,Don MacLean,Don,,"NWT - Surgery, fifth toe on right foot",,,,,,,,,,,,,,,,,,,,
0020000344,1610612744,GSW,Golden State,1712,Antawn Jamison,Antawn,G,,44:43,6.0,17.0,0.353,0.0,4.0,0.0,6.0,7.0,0.857,1.0,8.0,9.0,2.0,2.0,0.0,5.0,4.0,18.0,-5.0
0020000344,1610612744,GSW,Golden State,2084,Chris Porter,Chris,G,,16:57,2.0,3.0,0.667,0.0,0.0,0.0,0.0,0.0,0.0,0.0,2.0,2.0,2.0,0.0,0.0,1.0,6.0,4.0,-1.0
0020000344,1610612744,GSW,Golden State,1531,Marc Jackson,Marc,G,,43:44,12.0,14.0,0.857,0.0,1.0,0.0,2.0,2.0,1.0,2.0,8.0,10.0,1.0,2.0,2.0,1.0,0.0,26.0,-8.0
0020000344,1610612744,GSW,Golden State,1716,Larry Hughes,Larry,G,,44:52,6.0,15.0,0.4,0.0,0.0,0.0,5.0,8.0,0.625,4.0,4.0,8.0,3.0,1.0,0.0,5.0,4.0,17.0,-6.0
0020000344,1610612744,GSW,Golden State,302,Mookie Blaylock,Mookie,G,,35:56,3.0,12.0,0.25,0.0,4.0,0.0,0.0,0.0,0.0,1.0,1.0,2.0,8.0,3.0,0.0,3.0,4.0,6.0,-11.0
0020000344,1610612744,GSW,Golden State,219,Vinny Del Negro,Vinny,F,,7:56,0.0,0.0,0.0,0.0,0.0,0.0,0.0,0.0,0.0,0.0,0.0,0.0,0.0,0.0,0.0,1.0,1.0,0.0,-5.0
0020000344,1610612744,GSW,Golden State,1907,Vonteego Cummings,Vonteego,G,,21:14,4.0,12.0,0.333,0.0,4.0,0.0,2.0,2.0,1.0,0.0,1.0,1.0,3.0,2.0,0.0,2.0,1.0,10.0,0.0
0020000344,1610612744,GSW,Golden State,228,Adam Keefe,Adam,G,,21:32,2.0,3.0,0.667,0.0,0.0,0.0,0.0,0.0,0.0,1.0,4.0,5.0,0.0,1.0,0.0,1.0,4.0,4.0,-3.0
0020000344,1610612744,GSW,Golden State,223,Bill Curley,Bill,,,3:06,0.0,0.0,0.0,0.0,0.0,0.0,0.0,0.0,0.0,0.0,0.0,0.0,0.0,0.0,1.0,0.0,2.0,0.0,-1.0
0020000344,1610612744,GSW,Golden State,1217,,,, ,,,,,,,,,,,,,,,,,,,,
0020000344,1610612744,GSW,Golden State,1252,,,, ,,,,,,,,,,,,,,,,,,,,
0020000344,1610612744,GSW,Golden State,1323,,,, ,,,,,,,,,,,,,,,,,,,,
0020000344,1610612744,GSW,Golden State,1350,,,, ,,,,,,,,,,,,,,,,,,,,
0020000344,1610612744,GSW,Golden State,1373,,,, ,,,,,,,,,,,,,,,,,,,,
0020000344,1610612744,GSW,Golden State,1637,,,, ,,,,,,,,,,,,,,,,,,,,
0020000344,1610612744,GSW,Golden State,500093,,,, ,,,,,,,,,,,,,,,,,,,,
0020000344,1610612744,GSW,Golden State,956,Erick Dampier,Erick,,DND - Inflamed left knee,,,,,,,,,,,,,,,,,,,,
0020000344,1610612744,GSW,Golden State,1502,Adonal Foyle,Adonal,,"DND - Stress fracture, right tibia",,,,,,,,,,,,,,,,,,,,
0020000344,1610612744,GSW,Golden State,682,Bob Sura,Bob,,DND - Strained left hamstring,,,,,,,,,,,,,,,,,,,,
0020000342,1610612743,DEN,Denver,686,Antonio McDyess,Antonio,G,,42:01,6.0,17.0,0.353,0.0,0.0,0.0,5.0,10.0,0.5,7.0,13.0,20.0,2.0,1.0,0.0,1.0,2.0,17.0,3.0
0020000342,1610612743,DEN,Denver,1899,James Posey,James,G,,23:48,3.0,7.0,0.429,0.0,2.0,0.0,2.0,2.0,1.0,2.0,3.0,5.0,0.0,0.0,0.0,0.0,3.0,8.0,9.0
0020000342,1610612743,DEN,Denver,1711,Raef LaFrentz,Raef,F,,34:05,6.0,10.0,0.6,0.0,2.0,0.0,2.0,2.0,1.0,3.0,3.0,6.0,0.0,1.0,1.0,3.0,3.0,14.0,1.0
0020000342,1610612743,DEN,Denver,702,Voshon Lenard,Voshon,G,,38:05,8.0,15.0,0.533,3.0,4.0,0.75,0.0,0.0,0.0,0.0,6.0,6.0,5.0,2.0,0.0,0.0,2.0,19.0,-1.0
0020000342,1610612743,DEN,Denver,89,Nick Van Exel,Nick,G,,42:23,11.0,21.0,0.524,3.0,6.0,0.5,1.0,1.0,1.0,1.0,3.0,4.0,8.0,3.0,1.0,3.0,3.0,26.0,2.0
0020000342,1610612743,DEN,Denver,1721,Keon Clark,Keon,G,,19:54,3.0,5.0,0.6,0.0,0.0,0.0,1.0,2.0,0.5,1.0,1.0,2.0,2.0,0.0,0.0,3.0,2.0,7.0,0.0
0020000342,1610612743,DEN,Denver,123,Robert Pack,Robert,G,,15:32,2.0,5.0,0.4,0.0,1.0,0.0,1.0,2.0,0.5,0.0,0.0,0.0,3.0,1.0,0.0,0.0,2.0,5.0,3.0
0020000342,1610612743,DEN,Denver,45,George McCloud,George,F,,24:12,2.0,5.0,0.4,0.0,0.0,0.0,2.0,2.0,1.0,0.0,1.0,1.0,1.0,1.0,0.0,0.0,3.0,6.0,-7.0
0020000342,1610612743,DEN,Denver,1784,,,, ,,,,,,,,,,,,,,,,,,,,
0020000342,1610612743,DEN,Denver,1785,,,, ,,,,,,,,,,,,,,,,,,,,
0020000342,1610612743,DEN,Denver,1786,,,, ,,,,,,,,,,,,,,,,,,,,
0020000342,1610612743,DEN,Denver,1207,,,, ,,,,,,,,,,,,,,,,,,,,
0020000342,1610612743,DEN,Denver,1216,,,, ,,,,,,,,,,,,,,,,,,,,
0020000342,1610612743,DEN,Denver,1240,,,, ,,,,,,,,,,,,,,,,,,,,
0020000342,1610612743,DEN,Denver,1241,,,, ,,,,,,,,,,,,,,,,,,,,
0020000342,1610612743,DEN,Denver,1995,,,, ,,,,,,,,,,,,,,,,,,,,
0020000342,1610612743,DEN,Denver,2007,,,, ,,,,,,,,,,,,,,,,,,,,
0020000342,1610612743,DEN,Denver,1505,Tariq Abdul-Wahad,Tariq,,NWT - Flu,,,,,,,,,,,,,,,,,,,,
0020000342,1610612743,DEN,Denver,1763,Ryan Bowen,Ryan,,DNP - Coach's Decision,,,,,,,,,,,,,,,,,,,,
0020000342,1610612743,DEN,Denver,145,Tracy Murray,Tracy,,DNP - Coach's Decision,,,,,,,,,,,,,,,,,,,,
0020000342,1610612743,DEN,Denver,1110,Mark Strickland,Mark,,DNP - Coach's Decision,,,,,,,,,,,,,,,,,,,,
0020000342,1610612745,HOU,Houston,1005,Walt Williams,Walt,F,,22:52,1.0,5.0,0.2,1.0,3.0,0.333,2.0,2.0,1.0,1.0,2.0,3.0,3.0,0.0,0.0,0.0,1.0,5.0,-12.0
0020000342,1610612745,HOU,Houston,1508,Maurice Taylor,Maurice,F,,27:07,7.0,15.0,0.467,0.0,0.0,0.0,2.0,2.0,1.0,1.0,4.0,5.0,3.0,0.0,0.0,1.0,3.0,16.0,0.0
0020000342,1610612745,HOU,Houston,165,Hakeem Olajuwon,Hakeem,C,,19:46,3.0,10.0,0.3,0.0,0.0,0.0,0.0,0.0,0.0,2.0,5.0,7.0,0.0,0.0,0.0,1.0,2.0,6.0,2.0
0020000342,1610612745,HOU,Houston,1000,Shandon Anderson,Shandon,G,,21:52,3.0,4.0,0.75,1.0,1.0,1.0,1.0,2.0,0.5,0.0,3.0,3.0,0.0,0.0,1.0,4.0,4.0,8.0,4.0
0020000342,1610612745,HOU,Houston,1883,Steve Francis,Steve,G,,38:34,11.0,19.0,0.579,2.0,3.0,0.667,2.0,2.0,1.0,6.0,3.0,9.0,4.0,3.0,1.0,5.0,3.0,26.0,-1.0
0020000342,1610612745,HOU,Houston,1903,Kenny Thomas,Kenny,G,,28:14,5.0,8.0,0.625,0.0,2.0,0.0,2.0,2.0,1.0,5.0,4.0,9.0,1.0,0.0,0.0,0.0,3.0,12.0,-4.0
0020000342,1610612745,HOU,Houston,1749,Cuttino Mobley,Cuttino,G,,38:08,6.0,16.0,0.375,2.0,4.0,0.5,6.0,8.0,0.75,1.0,3.0,4.0,2.0,2.0,1.0,0.0,0.0,20.0,6.0
0020000342,1610612745,HOU,Houston,983,Moochie Norris,Moochie,F,,15:28,2.0,7.0,0.286,0.0,2.0,0.0,0.0,0.0,0.0,0.0,1.0,1.0,2.0,0.0,0.0,2.0,0.0,4.0,-3.0
0020000342,1610612745,HOU,Houston,672,Matt Bullard,Matt,,,20:53,1.0,7.0,0.143,1.0,7.0,0.143,0.0,0.0,0.0,3.0,4.0,7.0,2.0,0.0,0.0,0.0,0.0,3.0,-2.0
0020000342,1610612745,HOU,Houston,1509,Kelvin Cato,Kelvin,,,7:06,0.0,2.0,0.0,0.0,0.0,0.0,0.0,0.0,0.0,0.0,0.0,0.0,0.0,0.0,1.0,0.0,1.0,0.0,0.0
0020000342,1610612745,HOU,Houston,825,,,, ,,,,,,,,,,,,,,,,,,,,
0020000342,1610612745,HOU,Houston,1997,,,, ,,,,,,,,,,,,,,,,,,,,
0020000342,1610612745,HOU,Houston,1255,,,, ,,,,,,,,,,,,,,,,,,,,
0020000342,1610612745,HOU,Houston,1256,,,, ,,,,,,,,,,,,,,,,,,,,
0020000342,1610612745,HOU,Houston,1257,,,, ,,,,,,,,,,,,,,,,,,,,
0020000342,1610612745,HOU,Houston,1258,,,, ,,,,,,,,,,,,,,,,,,,,
0020000342,1610612745,HOU,Houston,2061,Dan Langhi,Dan,,DNP - Coach's Decision,,,,,,,,,,,,,,,,,,,,
0020000342,1610612745,HOU,Houston,292,Anthony Miller,Anthony,,DNP - Coach's Decision,,,,,,,,,,,,,,,,,,,,
0020000342,1610612745,HOU,Houston,435,Carlos Rogers,Carlos,,DNP - Coach's Decision,,,,,,,,,,,,,,,,,,,,
0020000338,1610612751,NJN,New Jersey,1536,Stephen Jackson,Stephen,F,,17:22,1.0,5.0,0.2,0.0,2.0,0.0,0.0,1.0,0.0,0.0,2.0,2.0,1.0,0.0,0.0,1.0,0.0,2.0,3.0
0020000338,1610612751,NJN,New Jersey,1425,Aaron Williams,Aaron,F,,26:60,5.0,8.0,0.625,0.0,0.0,0.0,2.0,2.0,1.0,3.0,1.0,4.0,0.0,1.0,4.0,0.0,4.0,12.0,8.0
0020000338,1610612751,NJN,New Jersey,2030,Kenyon Martin,Kenyon,C,,34:02,6.0,12.0,0.5,0.0,0.0,0.0,0.0,0.0,0.0,2.0,7.0,9.0,1.0,1.0,2.0,1.0,3.0,12.0,3.0
0020000338,1610612751,NJN,New Jersey,950,Stephon Marbury,Stephon,G,,34:04,7.0,14.0,0.5,2.0,3.0,0.667,7.0,7.0,1.0,0.0,2.0,2.0,7.0,1.0,1.0,1.0,4.0,23.0,-1.0
0020000338,1610612751,NJN,New Jersey,446,Lucious Harris,Lucious,G,,28:24,3.0,6.0,0.5,0.0,0.0,0.0,0.0,1.0,0.0,1.0,4.0,5.0,2.0,4.0,0.0,1.0,0.0,6.0,6.0
0020000338,1610612751,NJN,New Jersey,383,Kendall Gill,Kendall,F,,27:57,8.0,15.0,0.533,0.0,1.0,0.0,3.0,7.0,0.429,1.0,3.0,4.0,1.0,2.0,0.0,2.0,2.0,19.0,12.0
0020000338,1610612751,NJN,New Jersey,1915,Evan Eschmeyer,Evan,C,,7:28,0.0,0.0,0.0,0.0,0.0,0.0,0.0,0.0,0.0,0.0,2.0,2.0,0.0,0.0,2.0,0.0,1.0,0.0,-2.0
0020000338,1610612751,NJN,New Jersey,271,Johnny Newman,Johnny,G,,24:35,2.0,9.0,0.222,0.0,2.0,0.0,2.0,2.0,1.0,0.0,3.0,3.0,3.0,0.0,0.0,1.0,1.0,6.0,-2.0
0020000338,1610612751,NJN,New Jersey,428,Sherman Douglas,Sherman,G,,19:08,2.0,7.0,0.286,1.0,1.0,1.0,0.0,0.0,0.0,1.0,0.0,1.0,0.0,3.0,0.0,0.0,0.0,5.0,2.0
0020000338,1610612751,NJN,New Jersey,2066,Soumaila Samake,Soumaila,,,7:08,0.0,0.0,0.0,0.0,0.0,0.0,1.0,2.0,0.5,1.0,0.0,1.0,0.0,0.0,0.0,0.0,1.0,1.0,-2.0
0020000338,1610612751,NJN,New Jersey,1735,Vladimir Stepania,Vladimir,F,,12:53,1.0,4.0,0.25,0.0,1.0,0.0,1.0,2.0,0.5,0.0,2.0,2.0,0.0,0.0,0.0,1.0,2.0,3.0,3.0
0020000338,1610612751,NJN,New Jersey,1776,,,, ,,,,,,,,,,,,,,,,,,,,
0020000338,1610612751,NJN,New Jersey,1789,,,, ,,,,,,,,,,,,,,,,,,,,
0020000338,1610612751,NJN,New Jersey,1876,,,, ,,,,,,,,,,,,,,,,,,,,
0020000338,1610612751,NJN,New Jersey,1303,,,, ,,,,,,,,,,,,,,,,,,,,
0020000338,1610612751,NJN,New Jersey,1324,,,, ,,,,,,,,,,,,,,,,,,,,
0020000338,1610612751,NJN,New Jersey,2009,,,, ,,,,,,,,,,,,,,,,,,,,
0020000338,1610612751,NJN,New Jersey,1673,,,, ,,,,,,,,,,,,,,,,,,,,
0020000338,1610612751,NJN,New Jersey,29,Jim McIlvaine,Jim,,DNP - Coach's Decision,,,,,,,,,,,,,,,,,,,,
0020000338,1610612737,ATL,Atlanta,1728,Roshown McLeod,Roshown,G,,40:00,7.0,15.0,0.467,0.0,1.0,0.0,1.0,1.0,1.0,1.0,2.0,3.0,3.0,2.0,0.0,3.0,2.0,15.0,-6.0
0020000338,1610612737,ATL,Atlanta,953,Lorenzen Wright,Lorenzen,F,,39:57,6.0,15.0,0.4,0.0,0.0,0.0,2.0,2.0,1.0,6.0,7.0,13.0,3.0,0.0,2.0,5.0,3.0,14.0,-3.0
0020000338,1610612737,ATL,Atlanta,87,Dikembe Mutombo,Dikembe,G,,42:11,7.0,10.0,0.7,0.0,0.0,0.0,1.0,2.0,0.5,0.0,12.0,12.0,0.0,1.0,3.0,1.0,4.0,15.0,-9.0
0020000338,1610612737,ATL,Atlanta,1074,Matt Maloney,Matt,G,,37:26,5.0,8.0,0.625,2.0,3.0,0.667,0.0,0.0,0.0,0.0,3.0,3.0,4.0,2.0,0.0,6.0,3.0,12.0,-3.0
0020000338,1610612737,ATL,Atlanta,1891,Jason Terry,Jason,G,,38:45,5.0,16.0,0.313,1.0,1.0,1.0,2.0,2.0,1.0,0.0,4.0,4.0,5.0,0.0,0.0,2.0,3.0,13.0,-3.0
0020000338,1610612737,ATL,Atlanta,2069,Hanno Mottola,Hanno,G,,13:52,1.0,4.0,0.25,0.0,0.0,0.0,0.0,0.0,0.0,2.0,2.0,4.0,1.0,0.0,0.0,2.0,2.0,2.0,0.0
0020000338,1610612737,ATL,Atlanta,2035,DerMarr Johnson,DerMarr,,,4:19,0.0,2.0,0.0,0.0,0.0,0.0,2.0,2.0,1.0,2.0,1.0,3.0,0.0,0.0,0.0,0.0,0.0,2.0,2.0
0020000338,1610612737,ATL,Atlanta,1683,Larry Robinson,Larry,G,,21:25,4.0,10.0,0.4,2.0,6.0,0.333,0.0,0.0,0.0,2.0,2.0,4.0,1.0,1.0,0.0,1.0,3.0,10.0,-8.0
0020000338,1610612737,ATL,Atlanta,1533,Anthony Johnson,Anthony,,,0:15,0.0,0.0,0.0,0.0,0.0,0.0,0.0,0.0,0.0,0.0,0.0,0.0,0.0,0.0,0.0,0.0,0.0,0.0,0.0
0020000338,1610612737,ATL,Atlanta,1901,Dion Glover,Dion,,,1:50,0.0,0.0,0.0,0.0,0.0,0.0,0.0,0.0,0.0,0.0,0.0,0.0,0.0,0.0,0.0,0.0,0.0,0.0,0.0
0020000338,1610612737,ATL,Atlanta,2094,,,, ,,,,,,,,,,,,,,,,,,,,
0020000338,1610612737,ATL,Atlanta,2150,,,, ,,,,,,,,,,,,,,,,,,,,
0020000338,1610612737,ATL,Atlanta,2151,,,, ,,,,,,,,,,,,,,,,,,,,
0020000338,1610612737,ATL,Atlanta,1774,,,, ,,,,,,,,,,,,,,,,,,,,
0020000338,1610612737,ATL,Atlanta,1260,,,, ,,,,,,,,,,,,,,,,,,,,
0020000338,1610612737,ATL,Atlanta,1898,Cal Bowdler,Cal,,DNP - Coach's Decision,,,,,,,,,,,,,,,,,,,,
0020000338,1610612737,ATL,Atlanta,673,Alan Henderson,Alan,,DNP - Coach's Decision,,,,,,,,,,,,,,,,,,,,
0020000339,1610612762,UTA,Utah,252,Karl Malone,Karl,F,,39:12,4.0,17.0,0.235,0.0,0.0,0.0,5.0,6.0,0.833,2.0,7.0,9.0,5.0,1.0,1.0,2.0,4.0,13.0,0.0
0020000339,1610612762,UTA,Utah,128,David Benoit,David,F,,23:22,3.0,5.0,0.6,1.0,1.0,1.0,1.0,2.0,0.5,1.0,6.0,7.0,1.0,0.0,1.0,1.0,3.0,8.0,-1.0
0020000339,1610612762,UTA,Utah,178,Olden Polynice,Olden,C,,19:37,4.0,8.0,0.5,0.0,0.0,0.0,0.0,0.0,0.0,1.0,3.0,4.0,0.0,0.0,0.0,1.0,2.0,8.0,-1.0
0020000339,1610612762,UTA,Utah,304,John Stockton,John,G,,30:49,6.0,10.0,0.6,2.0,4.0,0.5,2.0,2.0,1.0,0.0,0.0,0.0,7.0,0.0,1.0,2.0,3.0,16.0,-5.0
0020000339,1610612762,UTA,Utah,317,John Starks,John,G,,29:20,5.0,13.0,0.385,1.0,4.0,0.25,0.0,0.0,0.0,0.0,1.0,1.0,0.0,0.0,0.0,1.0,4.0,11.0,-8.0
0020000339,1610612762,UTA,Utah,1521,Jacque Vaughn,Jacque,G,,17:11,2.0,6.0,0.333,0.0,0.0,0.0,6.0,6.0,1.0,0.0,4.0,4.0,2.0,0.0,0.0,0.0,1.0,10.0,-2.0
0020000339,1610612762,UTA,Utah,731,Greg Ostertag,Greg,G,,18:28,2.0,5.0,0.4,0.0,0.0,0.0,1.0,2.0,0.5,3.0,2.0,5.0,0.0,0.0,1.0,1.0,2.0,5.0,-7.0
0020000339,1610612762,UTA,Utah,1900,Quincy Lewis,Quincy,C,,9:37,0.0,3.0,0.0,0.0,0.0,0.0,0.0,0.0,0.0,0.0,0.0,0.0,2.0,0.0,0.0,1.0,0.0,0.0,-1.0
0020000339,1610612762,UTA,Utah,923,Donyell Marshall,Donyell,G,,24:38,6.0,10.0,0.6,0.0,0.0,0.0,2.0,2.0,1.0,1.0,4.0,5.0,0.0,2.0,0.0,2.0,2.0,14.0,-6.0
0020000339,1610612762,UTA,Utah,330,Danny Manning,Danny,G,,18:43,1.0,3.0,0.333,0.0,0.0,0.0,1.0,2.0,0.5,0.0,2.0,2.0,2.0,1.0,1.0,2.0,5.0,3.0,-6.0
0020000339,1610612762,UTA,Utah,2052,DeShawn Stevenson,DeShawn,F,,9:03,0.0,1.0,0.0,0.0,0.0,0.0,4.0,6.0,0.667,0.0,1.0,1.0,0.0,1.0,0.0,0.0,0.0,4.0,2.0
0020000339,1610612762,UTA,Utah,1228,,,, ,,,,,,,,,,,,,,,,,,,,
0020000339,1610612762,UTA,Utah,1345,,,, ,,,,,,,,,,,,,,,,,,,,
0020000339,1610612762,UTA,Utah,1346,,,, ,,,,,,,,,,,,,,,,,,,,
0020000339,1610612762,UTA,Utah,1347,,,, ,,,,,,,,,,,,,,,,,,,,
0020000339,1610612762,UTA,Utah,1348,,,, ,,,,,,,,,,,,,,,,,,,,
0020000339,1610612762,UTA,Utah,1372,,,, ,,,,,,,,,,,,,,,,,,,,
0020000339,1610612739,CLE,Cleveland,441,Lamond Murray,Lamond,F,,22:30,3.0,6.0,0.5,2.0,4.0,0.5,0.0,0.0,0.0,0.0,2.0,2.0,2.0,1.0,0.0,2.0,2.0,8.0,-5.0
0020000339,1610612739,CLE,Cleveland,221,Clar. Weatherspoon,Clar.,F,,28:49,6.0,12.0,0.5,0.0,0.0,0.0,3.0,4.0,0.75,2.0,10.0,12.0,0.0,0.0,1.0,2.0,4.0,15.0,1.0
0020000339,1610612739,CLE,Cleveland,980,Zydrunas Ilgauskas,Zydrunas,C,,36:57,7.0,16.0,0.438,0.0,0.0,0.0,3.0,5.0,0.6,3.0,5.0,8.0,1.0,1.0,1.0,3.0,4.0,17.0,12.0
0020000339,1610612739,CLE,Cleveland,1889,Andre Miller,Andre,G,,38:26,7.0,12.0,0.583,0.0,2.0,0.0,8.0,9.0,0.889,0.0,5.0,5.0,8.0,3.0,1.0,2.0,1.0,22.0,11.0
0020000339,1610612739,CLE,Cleveland,1723,Matt Harpring,Matt,G,,27:55,3.0,5.0,0.6,0.0,0.0,0.0,8.0,9.0,0.889,0.0,4.0,4.0,3.0,0.0,0.0,2.0,4.0,14.0,5.0
0020000339,1610612739,CLE,Cleveland,445,Wesley Person,Wesley,G,,21:49,1.0,5.0,0.2,1.0,5.0,0.2,0.0,0.0,0.0,0.0,3.0,3.0,1.0,2.0,0.0,0.0,2.0,3.0,1.0
0020000339,1610612739,CLE,Cleveland,423,Chris Gatling,Chris,G,,19:11,3.0,11.0,0.273,1.0,4.0,0.25,4.0,4.0,1.0,1.0,3.0,4.0,2.0,1.0,1.0,2.0,2.0,11.0,6.0
0020000339,1610612739,CLE,Cleveland,1538,Cedric Henderson,Cedric,F,,24:27,3.0,7.0,0.429,0.0,0.0,0.0,0.0,0.0,0.0,0.0,2.0,2.0,0.0,0.0,1.0,3.0,0.0,6.0,12.0
0020000339,1610612739,CLE,Cleveland,1138,Michael Hawkins,Michael,G,,9:34,1.0,2.0,0.5,1.0,1.0,1.0,0.0,0.0,0.0,0.0,0.0,0.0,3.0,0.0,0.0,2.0,3.0,3.0,-4.0
0020000339,1610612739,CLE,Cleveland,462,J.R. Reid,J.R.,G,,10:22,0.0,0.0,0.0,0.0,0.0,0.0,0.0,0.0,0.0,2.0,0.0,2.0,1.0,1.0,1.0,0.0,1.0,0.0,-4.0
0020000339,1610612739,CLE,Cleveland,1285,,,, ,,,,,,,,,,,,,,,,,,,,
0020000339,1610612739,CLE,Cleveland,1289,,,, ,,,,,,,,,,,,,,,,,,,,
0020000339,1610612739,CLE,Cleveland,1311,,,, ,,,,,,,,,,,,,,,,,,,,
0020000339,1610612739,CLE,Cleveland,1638,,,, ,,,,,,,,,,,,,,,,,,,,
0020000339,1610612739,CLE,Cleveland,2006,,,, ,,,,,,,,,,,,,,,,,,,,
0020000339,1610612739,CLE,Cleveland,2096,,,, ,,,,,,,,,,,,,,,,,,,,
0020000339,1610612739,CLE,Cleveland,1892,Trajan Langdon,Trajan,,DNP - Coach's Decision,,,,,,,,,,,,,,,,,,,,
0020000341,1610612754,IND,Indiana,1733,Al Harrington,Al,G,,31:56,2.0,9.0,0.222,0.0,0.0,0.0,0.0,2.0,0.0,2.0,3.0,5.0,4.0,0.0,0.0,1.0,1.0,4.0,-2.0
0020000341,1610612754,IND,Indiana,1902,Jeff Foster,Jeff,F,,24:40,1.0,3.0,0.333,0.0,0.0,0.0,0.0,2.0,0.0,4.0,4.0,8.0,2.0,1.0,1.0,1.0,4.0,2.0,-7.0
0020000341,1610612754,IND,Indiana,979,Jermaine O'Neal,Jermaine,G,,38:25,11.0,18.0,0.611,0.0,0.0,0.0,8.0,10.0,0.8,2.0,7.0,9.0,0.0,0.0,2.0,3.0,5.0,30.0,9.0
0020000341,1610612754,IND,Indiana,397,Reggie Miller,Reggie,G,,44:59,7.0,13.0,0.538,1.0,3.0,0.333,5.0,6.0,0.833,0.0,4.0,4.0,5.0,0.0,1.0,1.0,3.0,20.0,-6.0
0020000341,1610612754,IND,Indiana,147,Jalen Rose,Jalen,G,,43:04,12.0,26.0,0.462,1.0,4.0,0.25,6.0,7.0,0.857,1.0,4.0,5.0,4.0,1.0,0.0,2.0,4.0,31.0,6.0
0020000341,1610612754,IND,Indiana,696,Travis Best,Travis,G,,38:09,4.0,9.0,0.444,0.0,0.0,0.0,3.0,5.0,0.6,0.0,2.0,2.0,13.0,1.0,0.0,1.0,5.0,11.0,-5.0
0020000341,1610612754,IND,Indiana,1506,Austin Croshere,Austin,F,,16:31,2.0,3.0,0.667,1.0,1.0,1.0,1.0,1.0,1.0,0.0,0.0,0.0,1.0,1.0,0.0,5.0,5.0,6.0,-7.0
0020000341,1610612754,IND,Indiana,440,Zan Tabak,Zan,F,,25:46,3.0,4.0,0.75,0.0,0.0,0.0,0.0,0.0,0.0,2.0,4.0,6.0,0.0,0.0,1.0,1.0,4.0,6.0,4.0
0020000341,1610612754,IND,Indiana,365,Derrick McKey,Derrick,,,1:30,0.0,0.0,0.0,0.0,0.0,0.0,0.0,0.0,0.0,0.0,0.0,0.0,0.0,0.0,0.0,0.0,0.0,0.0,-7.0
0020000341,1610612754,IND,Indiana,2165,,,, ,,,,,,,,,,,,,,,,,,,,
0020000341,1610612754,IND,Indiana,1299,,,, ,,,,,,,,,,,,,,,,,,,,
0020000341,1610612754,IND,Indiana,1306,,,, ,,,,,,,,,,,,,,,,,,,,
0020000341,1610612754,IND,Indiana,1263,,,, ,,,,,,,,,,,,,,,,,,,,
0020000341,1610612754,IND,Indiana,1857,,,, ,,,,,,,,,,,,,,,,,,,,
0020000341,1610612754,IND,Indiana,2099,,,, ,,,,,,,,,,,,,,,,,,,,
0020000341,1610612754,IND,Indiana,2100,,,, ,,,,,,,,,,,,,,,,,,,,
0020000341,1610612754,IND,Indiana,1886,Jonathan Bender,Jonathan,,DNP - Coach's Decision,,,,,,,,,,,,,,,,,,,,
0020000341,1610612754,IND,Indiana,64,Sam Perkins,Sam,,DNP - Coach's Decision,,,,,,,,,,,,,,,,,,,,
0020000341,1610612754,IND,Indiana,1743,Bruno Sundov,Bruno,,DNP - Coach's Decision,,,,,,,,,,,,,,,,,,,,
0020000341,1610612750,MIN,Minnesota,1887,Wally Szczerbiak,Wally,F,,48:06,4.0,11.0,0.364,0.0,2.0,0.0,4.0,4.0,1.0,1.0,5.0,6.0,5.0,2.0,0.0,1.0,2.0,12.0,15.0
0020000341,1610612750,MIN,Minnesota,708,Kevin Garnett,Kevin,G,,45:40,12.0,25.0,0.48,0.0,0.0,0.0,10.0,12.0,0.833,4.0,16.0,20.0,5.0,1.0,1.0,4.0,4.0,34.0,3.0
0020000341,1610612750,MIN,Minnesota,1051,Dean Garrett,Dean,F,,12:42,0.0,0.0,0.0,0.0,0.0,0.0,0.0,0.0,0.0,0.0,0.0,0.0,1.0,0.0,0.0,0.0,3.0,0.0,-12.0
0020000341,1610612750,MIN,Minnesota,1497,Chauncey Billups,Chauncey,G,,30:41,6.0,10.0,0.6,1.0,2.0,0.5,3.0,4.0,0.75,0.0,2.0,2.0,5.0,0.0,0.0,1.0,4.0,16.0,2.0
0020000341,1610612750,MIN,Minnesota,210,Terrell Brandon,Terrell,G,,42:43,5.0,17.0,0.294,1.0,2.0,0.5,5.0,5.0,1.0,1.0,0.0,1.0,8.0,1.0,1.0,2.0,1.0,16.0,4.0
0020000341,1610612750,MIN,Minnesota,1725,Rasho Nesterovic,Rasho,F,,12:04,3.0,5.0,0.6,0.0,0.0,0.0,0.0,0.0,0.0,0.0,0.0,0.0,0.0,0.0,0.0,4.0,4.0,6.0,4.0
0020000341,1610612750,MIN,Minnesota,324,Anthony Peeler,Anthony,G,,32:59,4.0,7.0,0.571,0.0,2.0,0.0,4.0,4.0,1.0,0.0,4.0,4.0,4.0,1.0,1.0,1.0,4.0,12.0,2.0
0020000341,1610612750,MIN,Minnesota,417,Sam Mitchell,Sam,F,,3:35,1.0,1.0,1.0,0.0,0.0,0.0,0.0,0.0,0.0,0.0,0.0,0.0,1.0,0.0,1.0,0.0,0.0,2.0,-7.0
0020000341,1610612750,MIN,Minnesota,111,LaPhonso Ellis,LaPhonso,F,,35:21,3.0,6.0,0.5,0.0,0.0,0.0,8.0,8.0,1.0,3.0,5.0,8.0,2.0,1.0,0.0,1.0,6.0,14.0,-1.0
0020000341,1610612750,MIN,Minnesota,67,Tom Hammonds,Tom,,,1:09,0.0,0.0,0.0,0.0,0.0,0.0,1.0,2.0,0.5,0.0,0.0,0.0,0.0,0.0,0.0,0.0,1.0,1.0,5.0
0020000341,1610612750,MIN,Minnesota,1290,,,, ,,,,,,,,,,,,,,,,,,,,
0020000341,1610612750,MIN,Minnesota,1291,,,, ,,,,,,,,,,,,,,,,,,,,
0020000341,1610612750,MIN,Minnesota,847,,,, ,,,,,,,,,,,,,,,,,,,,
0020000341,1610612750,MIN,Minnesota,2146,,,, ,,,,,,,,,,,,,,,,,,,,
0020000341,1610612750,MIN,Minnesota,2158,,,, ,,,,,,,,,,,,,,,,,,,,
0020000341,1610612750,MIN,Minnesota,2159,,,, ,,,,,,,,,,,,,,,,,,,,
0020000341,1610612750,MIN,Minnesota,1895,William Avery,William,,DNP - Coach's Decision,,,,,,,,,,,,,,,,,,,,
0020000341,1610612750,MIN,Minnesota,1734,Sam Jacobson,Sam,,DNP - Coach's Decision,,,,,,,,,,,,,,,,,,,,
0020000345,1610612749,MIL,Milwaukee,760,Jerome Kersey,Jerome,F,,15:58,1.0,2.0,0.5,0.0,0.0,0.0,0.0,2.0,0.0,1.0,3.0,4.0,0.0,3.0,1.0,0.0,1.0,2.0,3.0
0020000345,1610612749,MIL,Milwaukee,299,Glenn Robinson,Glenn,F,,47:49,8.0,26.0,0.308,0.0,1.0,0.0,7.0,7.0,1.0,4.0,7.0,11.0,5.0,1.0,1.0,2.0,5.0,23.0,-1.0
0020000345,1610612749,MIL,Milwaukee,679,Jason Caffey,Jason,C,,21:58,3.0,9.0,0.333,0.0,0.0,0.0,2.0,2.0,1.0,3.0,1.0,4.0,2.0,0.0,1.0,2.0,4.0,8.0,1.0
0020000345,1610612749,MIL,Milwaukee,951,Ray Allen,Ray,G,,42:26,7.0,20.0,0.35,2.0,10.0,0.2,2.0,2.0,1.0,3.0,2.0,5.0,3.0,0.0,0.0,3.0,4.0,18.0,-4.0
0020000345,1610612749,MIL,Milwaukee,208,Sam Cassell,Sam,G,,39:39,4.0,12.0,0.333,0.0,2.0,0.0,5.0,6.0,0.833,0.0,3.0,3.0,4.0,1.0,0.0,0.0,3.0,13.0,-1.0
0020000345,1610612749,MIL,Milwaukee,1501,Tim Thomas,Tim,F,,31:39,6.0,11.0,0.545,1.0,2.0,0.5,4.0,4.0,1.0,2.0,2.0,4.0,0.0,1.0,0.0,1.0,5.0,17.0,3.0
0020000345,1610612749,MIL,Milwaukee,283,Lindsey Hunter,Lindsey,G,,27:28,4.0,7.0,0.571,4.0,6.0,0.667,2.0,2.0,1.0,0.0,2.0,2.0,1.0,0.0,0.0,0.0,4.0,14.0,1.0
0020000345,1610612749,MIL,Milwaukee,911,Ervin Johnson,Ervin,G,,30:56,0.0,2.0,0.0,0.0,0.0,0.0,0.0,0.0,0.0,0.0,6.0,6.0,1.0,0.0,1.0,0.0,5.0,0.0,-9.0
0020000345,1610612749,MIL,Milwaukee,281,Scott Williams,Scott,,,7:06,1.0,4.0,0.25,0.0,0.0,0.0,0.0,0.0,0.0,1.0,1.0,2.0,0.0,0.0,0.0,0.0,1.0,2.0,-8.0
0020000345,1610612749,MIL,Milwaukee,1334,,,, ,,,,,,,,,,,,,,,,,,,,
0020000345,1610612749,MIL,Milwaukee,1337,,,, ,,,,,,,,,,,,,,,,,,,,
0020000345,1610612749,MIL,Milwaukee,1355,,,, ,,,,,,,,,,,,,,,,,,,,
0020000345,1610612749,MIL,Milwaukee,2157,,,, ,,,,,,,,,,,,,,,,,,,,
0020000345,1610612749,MIL,Milwaukee,1796,,,, ,,,,,,,,,,,,,,,,,,,,
0020000345,1610612749,MIL,Milwaukee,1797,,,, ,,,,,,,,,,,,,,,,,,,,
0020000345,1610612749,MIL,Milwaukee,1747,Rafer Alston,Rafer,,DNP - Coach's Decision,,,,,,,,,,,,,,,,,,,,
0020000345,1610612749,MIL,Milwaukee,998,Mark Pope,Mark,,DNP - Coach's Decision,,,,,,,,,,,,,,,,,,,,
0020000345,1610612749,MIL,Milwaukee,2038,Joel Przybilla,Joel,,DNP - Coach's Decision,,,,,,,,,,,,,,,,,,,,
0020000345,1610612752,NYK,New York,779,Glen Rice,Glen,G,,47:08,10.0,21.0,0.476,5.0,6.0,0.833,7.0,7.0,1.0,5.0,9.0,14.0,0.0,0.0,1.0,2.0,3.0,32.0,7.0
0020000345,1610612752,NYK,New York,703,Kurt Thomas,Kurt,G,,25:46,3.0,9.0,0.333,0.0,0.0,0.0,3.0,3.0,1.0,2.0,5.0,7.0,1.0,0.0,1.0,4.0,4.0,9.0,-7.0
0020000345,1610612752,NYK,New York,948,Marcus Camby,Marcus,C,,40:27,5.0,8.0,0.625,0.0,0.0,0.0,1.0,1.0,1.0,4.0,9.0,13.0,0.0,0.0,1.0,2.0,4.0,11.0,7.0
0020000345,1610612752,NYK,New York,275,Allan Houston,Allan,G,,35:23,11.0,16.0,0.688,0.0,1.0,0.0,7.0,8.0,0.875,0.0,3.0,3.0,2.0,0.0,1.0,3.0,5.0,29.0,3.0
0020000345,1610612752,NYK,New York,84,Latrell Sprewell,Latrell,G,,38:08,3.0,13.0,0.231,0.0,1.0,0.0,4.0,7.0,0.571,1.0,7.0,8.0,2.0,0.0,0.0,7.0,6.0,10.0,-14.0
0020000345,1610612752,NYK,New York,26,Luc Longley,Luc,C,,10:43,1.0,3.0,0.333,0.0,0.0,0.0,0.0,0.0,0.0,2.0,0.0,2.0,0.0,1.0,1.0,1.0,1.0,2.0,-6.0
0020000345,1610612752,NYK,New York,164,Chris Childs,Chris,G,,40:32,0.0,2.0,0.0,0.0,1.0,0.0,0.0,0.0,0.0,1.0,6.0,7.0,4.0,1.0,0.0,1.0,2.0,0.0,10.0
0020000345,1610612752,NYK,New York,1065,Erick Strickland,Erick,G,,24:55,2.0,7.0,0.286,1.0,2.0,0.5,0.0,1.0,0.0,1.0,1.0,2.0,1.0,1.0,0.0,1.0,4.0,5.0,11.0
0020000345,1610612752,NYK,New York,969,Travis Knight,Travis,,,1:11,0.0,0.0,0.0,0.0,0.0,0.0,0.0,0.0,0.0,0.0,0.0,0.0,0.0,0.0,0.0,0.0,1.0,0.0,1.0
0020000345,1610612752,NYK,New York,1594,Rick Brunson,Rick,,,0:48,0.0,0.0,0.0,0.0,0.0,0.0,2.0,4.0,0.5,0.0,0.0,0.0,0.0,0.0,0.0,0.0,0.0,2.0,3.0
0020000345,1610612752,NYK,New York,1297,,,, ,,,,,,,,,,,,,,,,,,,,
0020000345,1610612752,NYK,New York,1298,,,, ,,,,,,,,,,,,,,,,,,,,
0020000345,1610612752,NYK,New York,1300,,,, ,,,,,,,,,,,,,,,,,,,,
0020000345,1610612752,NYK,New York,1301,,,, ,,,,,,,,,,,,,,,,,,,,
0020000345,1610612752,NYK,New York,1302,,,, ,,,,,,,,,,,,,,,,,,,,
0020000345,1610612752,NYK,New York,1790,,,, ,,,,,,,,,,,,,,,,,,,,
0020000345,1610612752,NYK,New York,1791,,,, ,,,,,,,,,,,,,,,,,,,,
0020000345,1610612752,NYK,New York,2167,,,, ,,,,,,,,,,,,,,,,,,,,
0020000345,1610612752,NYK,New York,2168,,,, ,,,,,,,,,,,,,,,,,,,,
0020000345,1610612752,NYK,New York,913,Larry Johnson,Larry,,DND - Sprained Right MCL,,,,,,,,,,,,,,,,,,,,
0020000345,1610612752,NYK,New York,2068,Lavor Postell,Lavor,,DNP - Coach's Decision,,,,,,,,,,,,,,,,,,,,
0020000346,1610612758,SAC,Sacramento,2045,Hedo Turkoglu,Hedo,F,,30:60,2.0,3.0,0.667,1.0,2.0,0.5,0.0,0.0,0.0,1.0,4.0,5.0,0.0,3.0,3.0,2.0,2.0,5.0,6.0
0020000346,1610612758,SAC,Sacramento,185,Chris Webber,Chris,F,,40:34,13.0,23.0,0.565,0.0,0.0,0.0,7.0,9.0,0.778,2.0,10.0,12.0,4.0,1.0,2.0,2.0,3.0,33.0,12.0
0020000346,1610612758,SAC,Sacramento,124,Vlade Divac,Vlade,G,,27:02,3.0,6.0,0.5,0.0,0.0,0.0,6.0,8.0,0.75,0.0,6.0,6.0,4.0,0.0,1.0,3.0,4.0,12.0,14.0
0020000346,1610612758,SAC,Sacramento,57,Doug Christie,Doug,G,,43:08,7.0,14.0,0.5,0.0,3.0,0.0,4.0,4.0,1.0,2.0,6.0,8.0,3.0,2.0,2.0,2.0,1.0,18.0,15.0
0020000346,1610612758,SAC,Sacramento,1715,Jason Williams,Jason,G,,26:31,2.0,5.0,0.4,1.0,4.0,0.25,0.0,0.0,0.0,1.0,1.0,2.0,5.0,0.0,0.0,2.0,2.0,5.0,4.0
0020000346,1610612758,SAC,Sacramento,1517,Bobby Jackson,Bobby,G,,21:29,3.0,6.0,0.5,0.0,0.0,0.0,2.0,2.0,1.0,1.0,3.0,4.0,2.0,0.0,0.0,2.0,1.0,8.0,12.0
0020000346,1610612758,SAC,Sacramento,468,Jon Barry,Jon,G,,23:19,2.0,8.0,0.25,1.0,5.0,0.2,0.0,0.0,0.0,2.0,1.0,3.0,6.0,1.0,0.0,2.0,1.0,5.0,9.0
0020000346,1610612758,SAC,Sacramento,1513,Scot Pollard,Scot,G,,24:59,3.0,6.0,0.5,0.0,0.0,0.0,1.0,3.0,0.333,2.0,4.0,6.0,0.0,1.0,3.0,1.0,6.0,7.0,7.0
0020000346,1610612758,SAC,Sacramento,239,Darrick Martin,Darrick,,,1:58,1.0,2.0,0.5,0.0,0.0,0.0,0.0,0.0,0.0,0.0,1.0,1.0,1.0,0.0,0.0,0.0,0.0,2.0,1.0
0020000346,1610612758,SAC,Sacramento,1775,,,, ,,,,,,,,,,,,,,,,,,,,
0020000346,1610612758,SAC,Sacramento,1327,,,, ,,,,,,,,,,,,,,,,,,,,
0020000346,1610612758,SAC,Sacramento,1328,,,, ,,,,,,,,,,,,,,,,,,,,
0020000346,1610612758,SAC,Sacramento,1322,,,, ,,,,,,,,,,,,,,,,,,,,
0020000346,1610612758,SAC,Sacramento,1248,,,, ,,,,,,,,,,,,,,,,,,,,
0020000346,1610612758,SAC,Sacramento,1249,,,, ,,,,,,,,,,,,,,,,,,,,
0020000346,1610612758,SAC,Sacramento,98,Nick Anderson,Nick,,DNP - Coach's Decision,,,,,,,,,,,,,,,,,,,,
0020000346,1610612758,SAC,Sacramento,1444,Lawrence Funderburke,Lawrence,,DNP - Coach's Decision,,,,,,,,,,,,,,,,,,,,
0020000346,1610612758,SAC,Sacramento,978,Peja Stojakovic,Peja,,NWT - Bruised Right Shoulder,,,,,,,,,,,,,,,,,,,,
0020000346,1610612751,NJN,New Jersey,1536,Stephen Jackson,Stephen,F,,28:13,4.0,10.0,0.4,1.0,4.0,0.25,1.0,2.0,0.5,0.0,7.0,7.0,4.0,1.0,0.0,2.0,1.0,10.0,4.0
0020000346,1610612751,NJN,New Jersey,2030,Kenyon Martin,Kenyon,F,,34:30,2.0,10.0,0.2,0.0,0.0,0.0,1.0,4.0,0.25,1.0,2.0,3.0,1.0,6.0,1.0,2.0,4.0,5.0,-17.0
0020000346,1610612751,NJN,New Jersey,1425,Aaron Williams,Aaron,G,,30:45,6.0,13.0,0.462,0.0,0.0,0.0,1.0,2.0,0.5,2.0,6.0,8.0,0.0,1.0,4.0,1.0,4.0,13.0,-8.0
0020000346,1610612751,NJN,New Jersey,446,Lucious Harris,Lucious,G,,25:24,3.0,4.0,0.75,0.0,0.0,0.0,0.0,0.0,0.0,1.0,1.0,2.0,0.0,0.0,0.0,2.0,2.0,6.0,3.0
0020000346,1610612751,NJN,New Jersey,950,Stephon Marbury,Stephon,G,,36:12,7.0,21.0,0.333,1.0,6.0,0.167,2.0,2.0,1.0,1.0,1.0,2.0,8.0,1.0,0.0,2.0,2.0,17.0,-15.0
0020000346,1610612751,NJN,New Jersey,383,Kendall Gill,Kendall,F,,23:49,2.0,6.0,0.333,0.0,0.0,0.0,6.0,6.0,1.0,5.0,0.0,5.0,2.0,0.0,0.0,2.0,0.0,10.0,-16.0
0020000346,1610612751,NJN,New Jersey,1735,Vladimir Stepania,Vladimir,G,,15:11,1.0,7.0,0.143,0.0,0.0,0.0,2.0,4.0,0.5,1.0,4.0,5.0,0.0,0.0,0.0,2.0,3.0,4.0,-8.0
0020000346,1610612751,NJN,New Jersey,271,Johnny Newman,Johnny,F,,13:35,1.0,5.0,0.2,0.0,1.0,0.0,1.0,1.0,1.0,1.0,0.0,1.0,0.0,0.0,0.0,0.0,2.0,3.0,-17.0
0020000346,1610612751,NJN,New Jersey,428,Sherman Douglas,Sherman,G,,16:47,2.0,4.0,0.5,0.0,1.0,0.0,5.0,5.0,1.0,1.0,2.0,3.0,1.0,1.0,0.0,0.0,1.0,9.0,-7.0
0020000346,1610612751,NJN,New Jersey,1915,Evan Eschmeyer,Evan,G,,6:56,0.0,0.0,0.0,0.0,0.0,0.0,0.0,0.0,0.0,0.0,2.0,2.0,0.0,0.0,0.0,0.0,0.0,0.0,0.0
0020000346,1610612751,NJN,New Jersey,2066,Soumaila Samake,Soumaila,,,8:38,0.0,0.0,0.0,0.0,0.0,0.0,2.0,2.0,1.0,0.0,1.0,1.0,0.0,1.0,0.0,0.0,2.0,2.0,1.0
0020000346,1610612751,NJN,New Jersey,2009,,,, ,,,,,,,,,,,,,,,,,,,,
0020000346,1610612751,NJN,New Jersey,1673,,,, ,,,,,,,,,,,,,,,,,,,,
0020000346,1610612751,NJN,New Jersey,1776,,,, ,,,,,,,,,,,,,,,,,,,,
0020000346,1610612751,NJN,New Jersey,1789,,,, ,,,,,,,,,,,,,,,,,,,,
0020000346,1610612751,NJN,New Jersey,1876,,,, ,,,,,,,,,,,,,,,,,,,,
0020000346,1610612751,NJN,New Jersey,1303,,,, ,,,,,,,,,,,,,,,,,,,,
0020000346,1610612751,NJN,New Jersey,1324,,,, ,,,,,,,,,,,,,,,,,,,,
0020000346,1610612751,NJN,New Jersey,29,Jim McIlvaine,Jim,,DNP - Coach's Decision,,,,,,,,,,,,,,,,,,,,
0020000349,1610612764,WAS,Washington,1838,Tyrone Nesby,Tyrone,G,,26:40,2.0,12.0,0.167,0.0,4.0,0.0,0.0,0.0,0.0,2.0,5.0,7.0,4.0,0.0,1.0,0.0,2.0,4.0,1.0
0020000349,1610612764,WAS,Washington,436,Juwan Howard,Juwan,G,,42:00,13.0,20.0,0.65,0.0,0.0,0.0,5.0,8.0,0.625,2.0,6.0,8.0,2.0,0.0,0.0,1.0,3.0,31.0,3.0
0020000349,1610612764,WAS,Washington,1751,Jahidi White,Jahidi,F,,17:46,2.0,3.0,0.667,0.0,0.0,0.0,1.0,2.0,0.5,1.0,3.0,4.0,0.0,0.0,1.0,1.0,4.0,5.0,1.0
0020000349,1610612764,WAS,Washington,393,Rod Strickland,Rod,G,,35:00,3.0,11.0,0.273,0.0,0.0,0.0,6.0,8.0,0.75,3.0,4.0,7.0,10.0,1.0,0.0,3.0,1.0,12.0,4.0
0020000349,1610612764,WAS,Washington,1732,Felipe Lopez,Felipe,G,,8:02,0.0,2.0,0.0,0.0,0.0,0.0,0.0,0.0,0.0,0.0,0.0,0.0,0.0,1.0,0.0,0.0,1.0,0.0,-5.0
0020000349,1610612764,WAS,Washington,1562,Gerard King,Gerard,F,,18:51,3.0,9.0,0.333,0.0,0.0,0.0,3.0,3.0,1.0,3.0,2.0,5.0,4.0,0.0,1.0,0.0,5.0,9.0,10.0
0020000349,1610612764,WAS,Washington,1888,Richard Hamilton,Richard,F,,39:58,12.0,20.0,0.6,1.0,1.0,1.0,5.0,5.0,1.0,2.0,3.0,5.0,3.0,3.0,1.0,0.0,3.0,30.0,14.0
0020000349,1610612764,WAS,Washington,43,Chris Whitney,Chris,G,,13:00,2.0,4.0,0.5,0.0,2.0,0.0,1.0,1.0,1.0,0.0,0.0,0.0,0.0,0.0,0.0,1.0,2.0,5.0,5.0
0020000349,1610612764,WAS,Washington,1916,Calvin Booth,Calvin,F,,30:14,2.0,8.0,0.25,0.0,0.0,0.0,3.0,4.0,0.75,4.0,2.0,6.0,2.0,2.0,3.0,2.0,2.0,7.0,8.0
0020000349,1610612764,WAS,Washington,63,Michael Smith,Michael,F,,8:29,0.0,0.0,0.0,0.0,0.0,0.0,0.0,0.0,0.0,0.0,4.0,4.0,0.0,0.0,0.0,0.0,1.0,0.0,4.0
0020000349,1610612764,WAS,Washington,2171,,,, ,,,,,,,,,,,,,,,,,,,,
0020000349,1610612764,WAS,Washington,2093,,,, ,,,,,,,,,,,,,,,,,,,,
0020000349,1610612764,WAS,Washington,2095,,,, ,,,,,,,,,,,,,,,,,,,,
0020000349,1610612764,WAS,Washington,1340,,,, ,,,,,,,,,,,,,,,,,,,,
0020000349,1610612764,WAS,Washington,1251,,,, ,,,,,,,,,,,,,,,,,,,,
0020000349,1610612764,WAS,Washington,1271,,,, ,,,,,,,,,,,,,,,,,,,,
0020000349,1610612764,WAS,Washington,1245,,,, ,,,,,,,,,,,,,,,,,,,,
0020000349,1610612764,WAS,Washington,1360,,,, ,,,,,,,,,,,,,,,,,,,,
0020000349,1610612764,WAS,Washington,1918,Obinna Ekezie,Obinna,,DNP - Coach's Decision,,,,,,,,,,,,,,,,,,,,
0020000349,1610612764,WAS,Washington,1919,Laron Profit,Laron,,DNP - Coach's Decision,,,,,,,,,,,,,,,,,,,,
0020000349,1610612746,LAC,Los Angeles,1885,Lamar Odom,Lamar,G,,39:50,7.0,12.0,0.583,1.0,3.0,0.333,5.0,7.0,0.714,2.0,6.0,8.0,5.0,1.0,0.0,5.0,4.0,20.0,-8.0
0020000349,1610612746,LAC,Los Angeles,1730,Brian Skinner,Brian,F,,18:55,4.0,9.0,0.444,0.0,0.0,0.0,0.0,0.0,0.0,2.0,6.0,8.0,1.0,0.0,1.0,1.0,4.0,8.0,-4.0
0020000349,1610612746,LAC,Los Angeles,1709,Michael Olowokandi,Michael,F,,19:31,3.0,8.0,0.375,0.0,0.0,0.0,2.0,2.0,1.0,3.0,0.0,3.0,1.0,1.0,3.0,0.0,4.0,8.0,-7.0
0020000349,1610612746,LAC,Los Angeles,976,Jeff McInnis,Jeff,G,,27:56,3.0,7.0,0.429,0.0,0.0,0.0,0.0,0.0,0.0,0.0,0.0,0.0,1.0,0.0,1.0,1.0,2.0,6.0,-6.0
0020000349,1610612746,LAC,Los Angeles,2047,Quentin Richardson,Quentin,G,,12:30,1.0,4.0,0.25,0.0,0.0,0.0,2.0,2.0,1.0,0.0,3.0,3.0,1.0,0.0,0.0,2.0,1.0,4.0,2.0
0020000349,1610612746,LAC,Los Angeles,399,Sean Rooks,Sean,F,,23:58,2.0,6.0,0.333,0.0,0.0,0.0,4.0,4.0,1.0,0.0,4.0,4.0,0.0,1.0,2.0,1.0,3.0,8.0,-8.0
0020000349,1610612746,LAC,Los Angeles,2032,Darius Miles,Darius,F,,28:09,6.0,10.0,0.6,0.0,0.0,0.0,2.0,4.0,0.5,3.0,5.0,8.0,1.0,0.0,1.0,0.0,4.0,14.0,-3.0
0020000349,1610612746,LAC,Los Angeles,15,Eric Piatkowski,Eric,F,,29:26,3.0,9.0,0.333,1.0,3.0,0.333,3.0,4.0,0.75,0.0,2.0,2.0,0.0,1.0,0.0,1.0,0.0,10.0,-2.0
0020000349,1610612746,LAC,Los Angeles,2039,Keyon Dooling,Keyon,G,,24:13,3.0,8.0,0.375,0.0,1.0,0.0,4.0,5.0,0.8,0.0,1.0,1.0,4.0,0.0,0.0,0.0,4.0,10.0,-5.0
0020000349,1610612746,LAC,Los Angeles,1894,Corey Maggette,Corey,G,,15:32,2.0,8.0,0.25,0.0,1.0,0.0,2.0,2.0,1.0,3.0,3.0,6.0,2.0,1.0,0.0,2.0,1.0,6.0,-4.0
0020000349,1610612746,LAC,Los Angeles,2010,,,, ,,,,,,,,,,,,,,,,,,,,
0020000349,1610612746,LAC,Los Angeles,1210,,,, ,,,,,,,,,,,,,,,,,,,,
0020000349,1610612746,LAC,Los Angeles,1243,,,, ,,,,,,,,,,,,,,,,,,,,
0020000349,1610612746,LAC,Los Angeles,1246,,,, ,,,,,,,,,,,,,,,,,,,,
0020000349,1610612746,LAC,Los Angeles,1284,,,, ,,,,,,,,,,,,,,,,,,,,
0020000349,1610612746,LAC,Los Angeles,1351,,,, ,,,,,,,,,,,,,,,,,,,,
0020000349,1610612746,LAC,Los Angeles,1672,,,, ,,,,,,,,,,,,,,,,,,,,
0020000349,1610612746,LAC,Los Angeles,2166,,,, ,,,,,,,,,,,,,,,,,,,,
0020000349,1610612746,LAC,Los Angeles,685,Cherokee Parks,Cherokee,,DNP - Coach's Decision,,,,,,,,,,,,,,,,,,,,
0020000349,1610612746,LAC,Los Angeles,400,Derek Strong,Derek,,DNP - Coach's Decision,,,,,,,,,,,,,,,,,,,,
0020000348,1610612742,DAL,Dallas,714,Michael Finley,Michael,F,,40:44,5.0,17.0,0.294,0.0,4.0,0.0,3.0,3.0,1.0,1.0,4.0,5.0,8.0,0.0,0.0,3.0,4.0,13.0,15.0
0020000348,1610612742,DAL,Dallas,1717,Dirk Nowitzki,Dirk,F,,37:50,9.0,17.0,0.529,5.0,9.0,0.556,2.0,2.0,1.0,1.0,6.0,7.0,1.0,0.0,0.0,1.0,3.0,25.0,5.0
0020000348,1610612742,DAL,Dallas,762,Shawn Bradley,Shawn,C,,25:09,1.0,3.0,0.333,0.0,0.0,0.0,6.0,6.0,1.0,0.0,8.0,8.0,0.0,0.0,3.0,1.0,2.0,8.0,-2.0
0020000348,1610612742,DAL,Dallas,458,Howard Eisley,Howard,G,,31:51,4.0,8.0,0.5,3.0,4.0,0.75,0.0,0.0,0.0,0.0,2.0,2.0,2.0,2.0,0.0,1.0,3.0,11.0,15.0
0020000348,1610612742,DAL,Dallas,959,Steve Nash,Steve,G,,41:15,5.0,10.0,0.5,2.0,5.0,0.4,4.0,5.0,0.8,1.0,1.0,2.0,9.0,1.0,0.0,4.0,0.0,16.0,3.0
0020000348,1610612742,DAL,Dallas,363,Christian Laettner,Christian,C,,15:39,7.0,9.0,0.778,0.0,0.0,0.0,2.0,2.0,1.0,1.0,4.0,5.0,1.0,0.0,1.0,2.0,5.0,16.0,16.0
0020000348,1610612742,DAL,Dallas,2042,Courtney Alexander,Courtney,G,,12:03,3.0,7.0,0.429,0.0,0.0,0.0,0.0,0.0,0.0,0.0,2.0,2.0,2.0,0.0,0.0,0.0,4.0,6.0,1.0
0020000348,1610612742,DAL,Dallas,919,Loy Vaught,Loy,F,,7:46,0.0,0.0,0.0,0.0,0.0,0.0,0.0,0.0,0.0,1.0,0.0,1.0,0.0,0.0,0.0,1.0,2.0,0.0,-1.0
0020000348,1610612742,DAL,Dallas,93,Hubert Davis,Hubert,G,,18:16,0.0,3.0,0.0,0.0,2.0,0.0,0.0,0.0,0.0,0.0,2.0,2.0,0.0,0.0,0.0,2.0,3.0,0.0,-2.0
0020000348,1610612742,DAL,Dallas,718,Gary Trent,Gary,C,,9:27,2.0,3.0,0.667,0.0,0.0,0.0,0.0,0.0,0.0,1.0,1.0,2.0,0.0,0.0,0.0,1.0,4.0,4.0,-5.0
0020000348,1610612742,DAL,Dallas,95,Mark Bryant,Mark,,DNP - Coach's Decision,,,,,,,,,,,,,,,,,,,,
0020000348,1610612742,DAL,Dallas,2051,Donnell Harvey,Donnell,,DNP - Coach's Decision,,,,,,,,,,,,,,,,,,,,
0020000348,1610612765,DET,Detroit,688,Michael Curry,Michael,F,,19:11,0.0,2.0,0.0,0.0,1.0,0.0,0.0,0.0,0.0,0.0,1.0,1.0,3.0,0.0,0.0,1.0,4.0,0.0,-9.0
0020000348,1610612765,DET,Detroit,693,Joe Smith,Joe,F,,33:14,7.0,20.0,0.35,0.0,0.0,0.0,6.0,9.0,0.667,8.0,5.0,13.0,0.0,2.0,0.0,1.0,3.0,20.0,-10.0
0020000348,1610612765,DET,Detroit,1112,Ben Wallace,Ben,F,,39:53,2.0,4.0,0.5,0.0,0.0,0.0,2.0,6.0,0.333,2.0,8.0,10.0,1.0,0.0,4.0,1.0,1.0,6.0,-4.0
0020000348,1610612765,DET,Detroit,711,Jerry Stackhouse,Jerry,G,,43:03,7.0,22.0,0.318,2.0,4.0,0.5,8.0,8.0,1.0,2.0,5.0,7.0,7.0,2.0,1.0,1.0,4.0,24.0,-2.0
0020000348,1610612765,DET,Detroit,1088,Chucky Atkins,Chucky,G,,33:21,8.0,15.0,0.533,3.0,6.0,0.5,0.0,0.0,0.0,0.0,4.0,4.0,1.0,0.0,0.0,2.0,3.0,19.0,-6.0
0020000348,1610612765,DET,Detroit,344,Dana Barros,Dana,G,,22:36,2.0,7.0,0.286,1.0,2.0,0.5,2.0,2.0,1.0,0.0,0.0,0.0,2.0,1.0,0.0,4.0,1.0,7.0,-20.0
0020000348,1610612765,DET,Detroit,1630,Mikki Moore,Mikki,C,,18:49,1.0,1.0,1.0,0.0,0.0,0.0,6.0,6.0,1.0,2.0,3.0,5.0,1.0,0.0,1.0,1.0,2.0,8.0,-2.0
0020000348,1610612765,DET,Detroit,2043,Mateen Cleaves,Mateen,G,,14:39,2.0,6.0,0.333,0.0,0.0,0.0,0.0,0.0,0.0,0.0,1.0,1.0,3.0,1.0,0.0,1.0,3.0,4.0,-3.0
0020000348,1610612765,DET,Detroit,2073,Brian Cardinal,Brian,F,,4:49,0.0,1.0,0.0,0.0,0.0,0.0,0.0,2.0,0.0,1.0,1.0,2.0,0.0,0.0,1.0,1.0,4.0,0.0,-2.0
0020000348,1610612765,DET,Detroit,182,Billy Owens,Billy,,,10:26,1.0,4.0,0.25,0.0,0.0,0.0,0.0,0.0,0.0,1.0,1.0,2.0,1.0,1.0,0.0,0.0,1.0,2.0,13.0
0020000348,1610612765,DET,Detroit,376,Eric Montross,Eric,,DNP - Coach's Decision,,,,,,,,,,,,,,,,,,,,
0020000348,1610612765,DET,Detroit,961,John Wallace,John,,DNP - Coach's Decision,,,,,,,,,,,,,,,,,,,,
0020000347,1610612747,LAL,Los Angeles,296,Rick Fox,Rick,F,,25:09,4.0,6.0,0.667,2.0,3.0,0.667,0.0,0.0,0.0,1.0,3.0,4.0,5.0,1.0,0.0,1.0,3.0,10.0,19.0
0020000347,1610612747,LAL,Los Angeles,270,Horace Grant,Horace,F,,31:56,1.0,5.0,0.2,0.0,0.0,0.0,4.0,4.0,1.0,1.0,4.0,5.0,3.0,1.0,1.0,1.0,4.0,6.0,10.0
0020000347,1610612747,LAL,Los Angeles,406,Shaquille O'Neal,Shaquille,C,,38:35,12.0,17.0,0.706,0.0,0.0,0.0,4.0,11.0,0.364,1.0,7.0,8.0,0.0,0.0,3.0,3.0,4.0,28.0,1.0
0020000347,1610612747,LAL,Los Angeles,977,Kobe Bryant,Kobe,G,,51:38,14.0,29.0,0.483,1.0,5.0,0.2,11.0,11.0,1.0,1.0,6.0,7.0,4.0,0.0,3.0,2.0,3.0,40.0,1.0
0020000347,1610612747,LAL,Los Angeles,166,Ron Harper,Ron,G,,29:25,2.0,5.0,0.4,0.0,2.0,0.0,0.0,0.0,0.0,2.0,3.0,5.0,3.0,1.0,0.0,2.0,0.0,4.0,10.0
0020000347,1610612747,LAL,Los Angeles,323,Greg Foster,Greg,,,14:16,2.0,3.0,0.667,0.0,0.0,0.0,0.0,0.0,0.0,1.0,4.0,5.0,1.0,0.0,1.0,1.0,1.0,4.0,0.0
0020000347,1610612747,LAL,Los Angeles,109,Robert Horry,Robert,F,,20:55,2.0,4.0,0.5,0.0,0.0,0.0,2.0,4.0,0.5,0.0,6.0,6.0,2.0,1.0,0.0,0.0,4.0,6.0,-9.0
0020000347,1610612747,LAL,Los Angeles,2130,Mike Penberthy,Mike,G,,17:44,1.0,6.0,0.167,1.0,4.0,0.25,0.0,0.0,0.0,0.0,0.0,0.0,0.0,0.0,0.0,0.0,3.0,3.0,0.0
0020000347,1610612747,LAL,Los Angeles,375,Isaiah Rider,Isaiah,,,10:01,0.0,4.0,0.0,0.0,1.0,0.0,0.0,0.0,0.0,0.0,2.0,2.0,1.0,0.0,0.0,1.0,1.0,0.0,-3.0
0020000347,1610612747,LAL,Los Angeles,216,Brian Shaw,Brian,G,,25:22,0.0,4.0,0.0,0.0,1.0,0.0,3.0,4.0,0.75,0.0,3.0,3.0,1.0,0.0,0.0,0.0,4.0,3.0,-14.0
0020000347,1610612747,LAL,Los Angeles,1219,,,, ,,,,,,,,,,,,,,,,,,,,
0020000347,1610612747,LAL,Los Angeles,1221,,,, ,,,,,,,,,,,,,,,,,,,,
0020000347,1610612747,LAL,Los Angeles,1223,,,, ,,,,,,,,,,,,,,,,,,,,
0020000347,1610612747,LAL,Los Angeles,1230,,,, ,,,,,,,,,,,,,,,,,,,,
0020000347,1610612747,LAL,Los Angeles,1270,,,, ,,,,,,,,,,,,,,,,,,,,
0020000347,1610612747,LAL,Los Angeles,1273,,,, ,,,,,,,,,,,,,,,,,,,,
0020000347,1610612747,LAL,Los Angeles,1904,Devean George,Devean,,NWT,,,,,,,,,,,,,,,,,,,,
0020000347,1610612747,LAL,Los Angeles,2058,Mark Madsen,Mark,,DNP - Coach's Decision,,,,,,,,,,,,,,,,,,,,
0020000347,1610612761,TOR,Toronto,722,Corliss Williamson,Corliss,F,,21:06,2.0,4.0,0.5,0.0,0.0,0.0,2.0,4.0,0.5,1.0,3.0,4.0,0.0,0.0,0.0,0.0,2.0,6.0,-5.0
0020000347,1610612761,TOR,Toronto,891,Charles Oakley,Charles,F,,38:07,6.0,13.0,0.462,0.0,1.0,0.0,0.0,0.0,0.0,4.0,14.0,18.0,4.0,0.0,1.0,2.0,5.0,12.0,5.0
0020000347,1610612761,TOR,Toronto,213,Antonio Davis,Antonio,F,,38:44,5.0,14.0,0.357,0.0,0.0,0.0,4.0,6.0,0.667,6.0,10.0,16.0,1.0,2.0,1.0,2.0,6.0,14.0,2.0
0020000347,1610612761,TOR,Toronto,1713,Vince Carter,Vince,G,,46:41,10.0,32.0,0.313,5.0,12.0,0.417,6.0,7.0,0.857,7.0,5.0,12.0,6.0,1.0,2.0,1.0,4.0,31.0,1.0
0020000347,1610612761,TOR,Toronto,349,Mark Jackson,Mark,G,,28:32,2.0,5.0,0.4,1.0,4.0,0.25,2.0,2.0,1.0,1.0,0.0,1.0,5.0,1.0,0.0,2.0,2.0,7.0,-9.0
0020000347,1610612761,TOR,Toronto,1541,Alvin Williams,Alvin,G,,24:50,2.0,11.0,0.182,0.0,0.0,0.0,2.0,2.0,1.0,0.0,1.0,1.0,7.0,0.0,0.0,0.0,4.0,6.0,6.0
0020000347,1610612761,TOR,Toronto,788,Kevin Willis,Kevin,C,,25:46,5.0,12.0,0.417,0.0,0.0,0.0,3.0,4.0,0.75,2.0,4.0,6.0,0.0,0.0,1.0,2.0,5.0,13.0,-14.0
0020000347,1610612761,TOR,Toronto,2050,Morris Peterson,Morris,F,,14:49,2.0,6.0,0.333,0.0,1.0,0.0,2.0,2.0,1.0,0.0,1.0,1.0,0.0,0.0,0.0,0.0,1.0,6.0,-15.0
0020000347,1610612761,TOR,Toronto,209,Dell Curry,Dell,G,,26:25,2.0,6.0,0.333,1.0,4.0,0.25,1.0,2.0,0.5,0.0,2.0,2.0,3.0,1.0,0.0,1.0,2.0,6.0,14.0
0020000347,1610612761,TOR,Toronto,883,,,, ,,,,,,,,,,,,,,,,,,,,
0020000347,1610612761,TOR,Toronto,1244,,,, ,,,,,,,,,,,,,,,,,,,,
0020000347,1610612761,TOR,Toronto,1266,,,, ,,,,,,,,,,,,,,,,,,,,
0020000347,1610612761,TOR,Toronto,2162,,,, ,,,,,,,,,,,,,,,,,,,,
0020000347,1610612761,TOR,Toronto,1205,,,, ,,,,,,,,,,,,,,,,,,,,
0020000347,1610612761,TOR,Toronto,1344,,,, ,,,,,,,,,,,,,,,,,,,,
0020000347,1610612761,TOR,Toronto,1368,,,, ,,,,,,,,,,,,,,,,,,,,
0020000347,1610612761,TOR,Toronto,895,Tyrone Corbin,Tyrone,,DNP - Coach's Decision,,,,,,,,,,,,,,,,,,,,
0020000347,1610612761,TOR,Toronto,1600,Kornel David,Kornel,,DNP - Coach's Decision,,,,,,,,,,,,,,,,,,,,
0020000347,1610612761,TOR,Toronto,1565,Michael Stewart,Michael,,DNP - Coach's Decision,,,,,,,,,,,,,,,,,,,,
0020000350,1610612753,ORL,Orlando,448,Bo Outlaw,Bo,F,,45:31,4.0,5.0,0.8,0.0,0.0,0.0,0.0,1.0,0.0,1.0,6.0,7.0,4.0,1.0,1.0,1.0,3.0,8.0,9.0
0020000350,1610612753,ORL,Orlando,680,John Amaechi,John,F,,39:05,9.0,16.0,0.563,0.0,0.0,0.0,0.0,2.0,0.0,0.0,6.0,6.0,1.0,0.0,1.0,3.0,3.0,18.0,9.0
0020000350,1610612753,ORL,Orlando,1720,Michael Doleac,Michael,G,,32:05,7.0,14.0,0.5,0.0,0.0,0.0,2.0,2.0,1.0,3.0,3.0,6.0,0.0,0.0,1.0,0.0,4.0,16.0,0.0
0020000350,1610612753,ORL,Orlando,1503,Tracy McGrady,Tracy,G,,43:48,9.0,19.0,0.474,0.0,0.0,0.0,9.0,11.0,0.818,3.0,5.0,8.0,8.0,2.0,1.0,2.0,5.0,27.0,15.0
0020000350,1610612753,ORL,Orlando,353,Darrell Armstrong,Darrell,G,,39:17,7.0,15.0,0.467,2.0,4.0,0.5,0.0,0.0,0.0,2.0,5.0,7.0,8.0,1.0,0.0,2.0,1.0,16.0,14.0
0020000350,1610612753,ORL,Orlando,1727,Pat Garrity,Pat,,,13:05,3.0,4.0,0.75,1.0,1.0,1.0,0.0,0.0,0.0,0.0,0.0,0.0,0.0,1.0,0.0,0.0,4.0,7.0,12.0
0020000350,1610612753,ORL,Orlando,2034,Mike Miller,Mike,F,,8:39,0.0,2.0,0.0,0.0,0.0,0.0,0.0,0.0,0.0,1.0,1.0,2.0,0.0,0.0,0.0,0.0,3.0,0.0,-2.0
0020000350,1610612753,ORL,Orlando,42,Monty Williams,Monty,F,,6:06,1.0,3.0,0.333,0.0,0.0,0.0,2.0,2.0,1.0,1.0,2.0,3.0,1.0,0.0,0.0,2.0,0.0,4.0,-2.0
0020000350,1610612753,ORL,Orlando,690,Don Reid,Don,G,,5:55,2.0,2.0,1.0,0.0,0.0,0.0,1.0,1.0,1.0,1.0,1.0,2.0,0.0,0.0,0.0,1.0,3.0,5.0,0.0
0020000350,1610612753,ORL,Orlando,1607,Troy Hudson,Troy,G,,6:29,0.0,1.0,0.0,0.0,0.0,0.0,0.0,0.0,0.0,0.0,0.0,0.0,0.0,0.0,0.0,0.0,0.0,0.0,-5.0
0020000350,1610612753,ORL,Orlando,1650,,,, ,,,,,,,,,,,,,,,,,,,,
0020000350,1610612753,ORL,Orlando,1941,,,, ,,,,,,,,,,,,,,,,,,,,
0020000350,1610612753,ORL,Orlando,837,,,, ,,,,,,,,,,,,,,,,,,,,
0020000350,1610612753,ORL,Orlando,1296,,,, ,,,,,,,,,,,,,,,,,,,,
0020000350,1610612753,ORL,Orlando,1307,,,, ,,,,,,,,,,,,,,,,,,,,
0020000350,1610612753,ORL,Orlando,1309,,,, ,,,,,,,,,,,,,,,,,,,,
0020000350,1610612753,ORL,Orlando,1332,,,, ,,,,,,,,,,,,,,,,,,,,
0020000350,1610612753,ORL,Orlando,692,Andrew DeClercq,Andrew,,DNP - Coach's Decision,,,,,,,,,,,,,,,,,,,,
0020000350,1610612753,ORL,Orlando,255,Grant Hill,Grant,,DND - Ankle Rehab,,,,,,,,,,,,,,,,,,,,
0020000350,1610612763,VAN,Vancouver,949,Shareef Abdur-Rahim,Shareef,F,,32:05,4.0,15.0,0.267,0.0,2.0,0.0,4.0,4.0,1.0,5.0,9.0,14.0,3.0,2.0,1.0,2.0,2.0,12.0,-4.0
0020000350,1610612763,VAN,Vancouver,970,Othella Harrington,Othella,G,,27:24,6.0,10.0,0.6,0.0,1.0,0.0,3.0,4.0,0.75,1.0,2.0,3.0,1.0,0.0,0.0,0.0,2.0,15.0,-13.0
0020000350,1610612763,VAN,Vancouver,1134,Ike Austin,Ike,G,,25:40,2.0,5.0,0.4,0.0,0.0,0.0,8.0,10.0,0.8,3.0,3.0,6.0,5.0,1.0,0.0,0.0,2.0,12.0,-1.0
0020000350,1610612763,VAN,Vancouver,1722,Michael Dickerson,Michael,G,,38:48,5.0,12.0,0.417,0.0,4.0,0.0,1.0,3.0,0.333,2.0,2.0,4.0,3.0,2.0,0.0,2.0,3.0,11.0,-2.0
0020000350,1610612763,VAN,Vancouver,1710,Mike Bibby,Mike,G,,34:40,7.0,12.0,0.583,3.0,4.0,0.75,2.0,2.0,1.0,0.0,2.0,2.0,4.0,0.0,0.0,0.0,0.0,19.0,1.0
0020000350,1610612763,VAN,Vancouver,2031,Stromile Swift,Stromile,F,,12:04,3.0,6.0,0.5,0.0,0.0,0.0,3.0,5.0,0.6,5.0,1.0,6.0,1.0,1.0,2.0,1.0,1.0,9.0,3.0
0020000350,1610612763,VAN,Vancouver,735,Bryant Reeves,Bryant,G,,21:42,2.0,7.0,0.286,0.0,0.0,0.0,5.0,6.0,0.833,1.0,3.0,4.0,0.0,0.0,0.0,0.0,6.0,9.0,-9.0
0020000350,1610612763,VAN,Vancouver,28,Doug West,Doug,F,,10:07,0.0,2.0,0.0,0.0,0.0,0.0,0.0,0.0,0.0,0.0,1.0,1.0,0.0,0.0,1.0,0.0,1.0,0.0,-9.0
0020000350,1610612763,VAN,Vancouver,1800,Damon Jones,Damon,C,,16:02,0.0,3.0,0.0,0.0,3.0,0.0,0.0,0.0,0.0,0.0,0.0,0.0,1.0,2.0,0.0,2.0,2.0,0.0,-8.0
0020000350,1610612763,VAN,Vancouver,3,Grant Long,Grant,G,,21:28,2.0,5.0,0.4,0.0,0.0,0.0,0.0,4.0,0.0,1.0,2.0,3.0,0.0,1.0,0.0,0.0,1.0,4.0,-8.0
0020000350,1610612763,VAN,Vancouver,1226,,,, ,,,,,,,,,,,,,,,,,,,,
0020000350,1610612763,VAN,Vancouver,2163,,,, ,,,,,,,,,,,,,,,,,,,,
0020000350,1610612763,VAN,Vancouver,2164,,,, ,,,,,,,,,,,,,,,,,,,,
0020000350,1610612763,VAN,Vancouver,2170,,,, ,,,,,,,,,,,,,,,,,,,,
0020000350,1610612763,VAN,Vancouver,1795,,,, ,,,,,,,,,,,,,,,,,,,,
0020000350,1610612763,VAN,Vancouver,1356,,,, ,,,,,,,,,,,,,,,,,,,,
0020000350,1610612763,VAN,Vancouver,1358,,,, ,,,,,,,,,,,,,,,,,,,,
0020000350,1610612763,VAN,Vancouver,888,,,, ,,,,,,,,,,,,,,,,,,,,
0020000350,1610612763,VAN,Vancouver,1994,,,, ,,,,,,,,,,,,,,,,,,,,
0020000350,1610612763,VAN,Vancouver,236,Kevin Edwards,Kevin,,DNP - Coach's Decision,,,,,,,,,,,,,,,,,,,,
0020000350,1610612763,VAN,Vancouver,763,Tony Massenburg,Tony,,DNP - Coach's Decision,,,,,,,,,,,,,,,,,,,,
