GAME_ID,TEAM_ID,TEAM_ABBREVIATION,TEAM_CITY,PLAYER_ID,PLAYER_NAME,NICKNAME,START_POSITION,COMMENT,MIN,FGM,FGA,FG_PCT,FG3M,FG3A,FG3_PCT,FTM,FTA,FT_PCT,OREB,DREB,REB,AST,STL,BLK,TO,PF,PTS,PLUS_MINUS
0040000072,1610612759,SAS,San Antonio,1507,Derek Anderson,Derek,F,,12:00,0.0,2.0,0.0,0.0,1.0,0.0,2.0,2.0,1.0,0.0,1.0,1.0,0.0,0.0,0.0,2.0,0.0,2.0,-17.0
0040000072,1610612759,SAS,San Antonio,1495,Tim Duncan,Tim,G,,35:00,5.0,10.0,0.5,0.0,0.0,0.0,5.0,9.0,0.556,1.0,6.0,7.0,1.0,0.0,4.0,2.0,5.0,15.0,-17.0
0040000072,1610612759,SAS,San Antonio,764,David Robinson,David,G,,31:00,5.0,16.0,0.313,0.0,1.0,0.0,2.0,3.0,0.667,3.0,8.0,11.0,1.0,1.0,1.0,2.0,4.0,12.0,-19.0
0040000072,1610612759,SAS,San Antonio,1498,Antonio Daniels,Antonio,G,,35:00,7.0,14.0,0.5,1.0,5.0,0.2,0.0,0.0,0.0,1.0,2.0,3.0,2.0,1.0,0.0,0.0,2.0,15.0,-27.0
0040000072,1610612759,SAS,San Antonio,345,Terry Porter,Terry,G,,25:00,4.0,8.0,0.5,1.0,4.0,0.25,1.0,1.0,1.0,0.0,1.0,1.0,4.0,2.0,0.0,2.0,1.0,10.0,-15.0
0040000072,1610612759,SAS,San Antonio,422,Avery Johnson,Avery,F,,25:00,6.0,11.0,0.545,0.0,0.0,0.0,2.0,4.0,0.5,1.0,1.0,2.0,2.0,2.0,0.0,3.0,6.0,14.0,-17.0
0040000072,1610612759,SAS,San Antonio,70,Steve Kerr,Steve,F,,13:00,0.0,2.0,0.0,0.0,1.0,0.0,0.0,0.0,0.0,0.0,1.0,1.0,1.0,0.0,1.0,0.0,0.0,0.0,-2.0
0040000072,1610612759,SAS,San Antonio,198,Danny Ferry,Danny,F,,16:00,1.0,1.0,1.0,1.0,1.0,1.0,0.0,0.0,0.0,0.0,1.0,1.0,0.0,0.0,0.0,0.0,1.0,3.0,-5.0
0040000072,1610612759,SAS,San Antonio,990,Malik Rose,Malik,G,,20:00,2.0,5.0,0.4,0.0,1.0,0.0,3.0,4.0,0.75,0.0,2.0,2.0,2.0,0.0,0.0,0.0,2.0,7.0,-9.0
0040000072,1610612759,SAS,San Antonio,955,Samaki Walker,Samaki,,,6:00,1.0,3.0,0.333,0.0,0.0,0.0,0.0,0.0,0.0,0.0,3.0,3.0,0.0,0.0,0.0,0.0,0.0,2.0,-9.0
0040000072,1610612759,SAS,San Antonio,251,Sean Elliott,Sean,G,,18:00,0.0,4.0,0.0,0.0,1.0,0.0,2.0,2.0,1.0,0.0,1.0,1.0,2.0,1.0,1.0,2.0,2.0,2.0,-4.0
0040000072,1610612759,SAS,San Antonio,1035,Shawnelle Scott,Shawnelle,,,4:00,0.0,1.0,0.0,0.0,1.0,0.0,0.0,0.0,0.0,0.0,0.0,0.0,0.0,0.0,0.0,0.0,1.0,0.0,-4.0
0040000072,1610612759,SAS,San Antonio,1658,,,, ,,,,,,,,,,,,,,,,,,,,
0040000072,1610612759,SAS,San Antonio,873,,,, ,,,,,,,,,,,,,,,,,,,,
0040000072,1610612759,SAS,San Antonio,1264,,,, ,,,,,,,,,,,,,,,,,,,,
0040000072,1610612759,SAS,San Antonio,1331,,,, ,,,,,,,,,,,,,,,,,,,,
0040000072,1610612759,SAS,San Antonio,1371,,,, ,,,,,,,,,,,,,,,,,,,,
0040000072,1610612747,LAL,Los Angeles,296,Rick Fox,Rick,G,,35:00,4.0,8.0,0.5,3.0,5.0,0.6,1.0,2.0,0.5,0.0,6.0,6.0,3.0,1.0,0.0,2.0,4.0,12.0,22.0
0040000072,1610612747,LAL,Los Angeles,270,Horace Grant,Horace,F,,28:00,1.0,4.0,0.25,0.0,0.0,0.0,5.0,6.0,0.833,5.0,2.0,7.0,2.0,0.0,1.0,1.0,4.0,7.0,5.0
0040000072,1610612747,LAL,Los Angeles,406,Shaquille O'Neal,Shaquille,G,,31:00,11.0,19.0,0.579,0.0,0.0,0.0,4.0,8.0,0.5,2.0,8.0,10.0,1.0,1.0,2.0,2.0,5.0,26.0,22.0
0040000072,1610612747,LAL,Los Angeles,977,Kobe Bryant,Kobe,G,,34:00,10.0,19.0,0.526,1.0,4.0,0.25,3.0,3.0,1.0,0.0,2.0,2.0,11.0,2.0,1.0,2.0,4.0,24.0,23.0
0040000072,1610612747,LAL,Los Angeles,965,Derek Fisher,Derek,G,,41:00,11.0,13.0,0.846,6.0,7.0,0.857,0.0,1.0,0.0,0.0,6.0,6.0,5.0,1.0,0.0,0.0,0.0,28.0,23.0
0040000072,1610612747,LAL,Los Angeles,216,Brian Shaw,Brian,C,,15:00,1.0,3.0,0.333,0.0,1.0,0.0,0.0,0.0,0.0,0.0,5.0,5.0,2.0,0.0,0.0,1.0,4.0,2.0,7.0
0040000072,1610612747,LAL,Los Angeles,109,Robert Horry,Robert,F,,19:00,1.0,4.0,0.25,0.0,2.0,0.0,0.0,2.0,0.0,3.0,4.0,7.0,2.0,1.0,0.0,2.0,1.0,2.0,15.0
0040000072,1610612747,LAL,Los Angeles,2058,Mark Madsen,Mark,F,,18:00,1.0,6.0,0.167,0.0,0.0,0.0,1.0,3.0,0.333,4.0,1.0,5.0,2.0,0.0,0.0,2.0,0.0,3.0,13.0
0040000072,1610612747,LAL,Los Angeles,166,Ron Harper,Ron,,,8:00,0.0,1.0,0.0,0.0,1.0,0.0,0.0,0.0,0.0,1.0,1.0,2.0,1.0,2.0,0.0,1.0,1.0,0.0,5.0
0040000072,1610612747,LAL,Los Angeles,1731,Tyronn Lue,Tyronn,F,,7:00,1.0,5.0,0.2,0.0,1.0,0.0,3.0,3.0,1.0,0.0,3.0,3.0,1.0,2.0,0.0,0.0,0.0,5.0,6.0
0040000072,1610612747,LAL,Los Angeles,1904,Devean George,Devean,,,4:00,1.0,4.0,0.25,0.0,1.0,0.0,0.0,0.0,0.0,1.0,0.0,1.0,0.0,0.0,0.0,0.0,0.0,2.0,4.0
0040000072,1610612747,LAL,Los Angeles,1270,,,, ,,,,,,,,,,,,,,,,,,,,
0040000072,1610612747,LAL,Los Angeles,1273,,,, ,,,,,,,,,,,,,,,,,,,,
0040000072,1610612747,LAL,Los Angeles,1219,,,, ,,,,,,,,,,,,,,,,,,,,
0040000072,1610612747,LAL,Los Angeles,1221,,,, ,,,,,,,,,,,,,,,,,,,,
0040000072,1610612747,LAL,Los Angeles,1223,,,, ,,,,,,,,,,,,,,,,,,,,
0040000072,1610612747,LAL,Los Angeles,1230,,,, ,,,,,,,,,,,,,,,,,,,,
0040000072,1610612747,LAL,Los Angeles,323,Greg Foster,Greg,,DND - Sprained right foot.,,,,,,,,,,,,,,,,,,,,
0040000079,1610612755,PHI,Philadelphia,238,Tyrone Hill,Tyrone,F,,37:00,7.0,14.0,0.5,0.0,0.0,0.0,0.0,2.0,0.0,2.0,4.0,6.0,0.0,0.0,0.0,0.0,2.0,14.0,19.0
0040000079,1610612755,PHI,Philadelphia,1908,Jumaine Jones,Jumaine,G,,27:00,4.0,9.0,0.444,0.0,2.0,0.0,0.0,0.0,0.0,1.0,8.0,9.0,0.0,1.0,2.0,0.0,2.0,8.0,-1.0
0040000079,1610612755,PHI,Philadelphia,87,Dikembe Mutombo,Dikembe,G,,46:00,6.0,11.0,0.545,0.0,0.0,0.0,5.0,5.0,1.0,7.0,8.0,15.0,0.0,0.0,4.0,0.0,1.0,17.0,9.0
0040000079,1610612755,PHI,Philadelphia,947,Allen Iverson,Allen,G,,47:00,10.0,32.0,0.313,0.0,5.0,0.0,8.0,12.0,0.667,0.0,5.0,5.0,8.0,2.0,0.0,2.0,0.0,28.0,6.0
0040000079,1610612755,PHI,Philadelphia,243,Aaron McKie,Aaron,G,,43:00,4.0,12.0,0.333,3.0,5.0,0.6,0.0,0.0,0.0,1.0,3.0,4.0,9.0,1.0,0.0,2.0,4.0,11.0,8.0
0040000079,1610612755,PHI,Philadelphia,727,Eric Snow,Eric,F,,26:00,2.0,8.0,0.25,0.0,0.0,0.0,2.0,2.0,1.0,2.0,2.0,4.0,3.0,3.0,0.0,2.0,2.0,6.0,8.0
0040000079,1610612755,PHI,Philadelphia,1928,Todd MacCulloch,Todd,G,,12:00,2.0,4.0,0.5,0.0,0.0,0.0,1.0,1.0,1.0,1.0,2.0,3.0,0.0,0.0,0.0,0.0,1.0,5.0,-12.0
0040000079,1610612755,PHI,Philadelphia,1563,Kevin Ollie,Kevin,,,1:00,0.0,0.0,0.0,0.0,0.0,0.0,0.0,0.0,0.0,0.0,0.0,0.0,0.0,0.0,0.0,0.0,1.0,0.0,-4.0
0040000079,1610612755,PHI,Philadelphia,1952,Raja Bell,Raja,,,1:00,0.0,0.0,0.0,0.0,0.0,0.0,0.0,0.0,0.0,0.0,0.0,0.0,0.0,0.0,0.0,0.0,1.0,0.0,-3.0
0040000079,1610612755,PHI,Philadelphia,1212,,,, ,,,,,,,,,,,,,,,,,,,,
0040000079,1610612755,PHI,Philadelphia,1259,,,, ,,,,,,,,,,,,,,,,,,,,
0040000079,1610612755,PHI,Philadelphia,1308,,,, ,,,,,,,,,,,,,,,,,,,,
0040000079,1610612755,PHI,Philadelphia,1312,,,, ,,,,,,,,,,,,,,,,,,,,
0040000079,1610612755,PHI,Philadelphia,1313,,,, ,,,,,,,,,,,,,,,,,,,,
0040000079,1610612755,PHI,Philadelphia,1865,,,, ,,,,,,,,,,,,,,,,,,,,
0040000079,1610612755,PHI,Philadelphia,2169,,,, ,,,,,,,,,,,,,,,,,,,,
0040000079,1610612755,PHI,Philadelphia,1934,Rodney Buford,Rodney,,DNP - Coach's Decision,,,,,,,,,,,,,,,,,,,,
0040000079,1610612755,PHI,Philadelphia,761,Matt Geiger,Matt,,DND - Right quadriceps tendonitis,,,,,,,,,,,,,,,,,,,,
0040000079,1610612755,PHI,Philadelphia,248,George Lynch,George,,NWT - Fractured left 5th metatarsal,,,,,,,,,,,,,,,,,,,,
0040000079,1610612749,MIL,Milwaukee,299,Glenn Robinson,Glenn,F,,39:00,9.0,22.0,0.409,2.0,5.0,0.4,0.0,0.0,0.0,0.0,10.0,10.0,5.0,0.0,3.0,3.0,1.0,20.0,-6.0
0040000079,1610612749,MIL,Milwaukee,281,Scott Williams,Scott,G,,26:00,2.0,6.0,0.333,0.0,0.0,0.0,0.0,0.0,0.0,4.0,3.0,7.0,0.0,0.0,4.0,0.0,0.0,4.0,-8.0
0040000079,1610612749,MIL,Milwaukee,911,Ervin Johnson,Ervin,G,,39:00,5.0,7.0,0.714,0.0,0.0,0.0,0.0,0.0,0.0,4.0,13.0,17.0,0.0,0.0,4.0,1.0,2.0,10.0,-9.0
0040000079,1610612749,MIL,Milwaukee,951,Ray Allen,Ray,G,,41:00,5.0,14.0,0.357,2.0,6.0,0.333,2.0,2.0,1.0,0.0,2.0,2.0,6.0,1.0,1.0,2.0,3.0,14.0,-15.0
0040000079,1610612749,MIL,Milwaukee,208,Sam Cassell,Sam,G,,39:00,5.0,10.0,0.5,0.0,1.0,0.0,4.0,5.0,0.8,0.0,5.0,5.0,5.0,1.0,0.0,4.0,5.0,14.0,-6.0
0040000079,1610612749,MIL,Milwaukee,1501,Tim Thomas,Tim,F,,28:00,4.0,9.0,0.444,4.0,7.0,0.571,3.0,4.0,0.75,0.0,2.0,2.0,4.0,1.0,0.0,1.0,5.0,15.0,7.0
0040000079,1610612749,MIL,Milwaukee,283,Lindsey Hunter,Lindsey,F,,10:00,1.0,3.0,0.333,0.0,2.0,0.0,0.0,0.0,0.0,0.0,0.0,0.0,2.0,1.0,0.0,0.0,0.0,2.0,2.0
0040000079,1610612749,MIL,Milwaukee,679,Jason Caffey,Jason,G,,18:00,2.0,6.0,0.333,0.0,0.0,0.0,0.0,0.0,0.0,2.0,3.0,5.0,0.0,0.0,0.0,2.0,4.0,4.0,5.0
0040000079,1610612749,MIL,Milwaukee,1796,,,, ,,,,,,,,,,,,,,,,,,,,
0040000079,1610612749,MIL,Milwaukee,1797,,,, ,,,,,,,,,,,,,,,,,,,,
0040000079,1610612749,MIL,Milwaukee,1334,,,, ,,,,,,,,,,,,,,,,,,,,
0040000079,1610612749,MIL,Milwaukee,1337,,,, ,,,,,,,,,,,,,,,,,,,,
0040000079,1610612749,MIL,Milwaukee,1355,,,, ,,,,,,,,,,,,,,,,,,,,
0040000079,1610612749,MIL,Milwaukee,2157,,,, ,,,,,,,,,,,,,,,,,,,,
0040000079,1610612749,MIL,Milwaukee,1747,Rafer Alston,Rafer,,DNP - Coach's Decision,,,,,,,,,,,,,,,,,,,,
0040000079,1610612749,MIL,Milwaukee,1032,Darvin Ham,Darvin,,DNP - Coach's Decision,,,,,,,,,,,,,,,,,,,,
0040000079,1610612749,MIL,Milwaukee,998,Mark Pope,Mark,,DNP - Coach's Decision,,,,,,,,,,,,,,,,,,,,
0040000079,1610612749,MIL,Milwaukee,2038,Joel Przybilla,Joel,,DNP - Coach's Decision,,,,,,,,,,,,,,,,,,,,
0040000080,1610612749,MIL,Milwaukee,299,Glenn Robinson,Glenn,F,,44:00,9.0,20.0,0.45,2.0,4.0,0.5,2.0,4.0,0.5,1.0,7.0,8.0,0.0,0.0,1.0,3.0,2.0,22.0,2.0
0040000080,1610612749,MIL,Milwaukee,281,Scott Williams,Scott,F,,10:00,0.0,1.0,0.0,0.0,0.0,0.0,0.0,0.0,0.0,1.0,0.0,1.0,1.0,0.0,0.0,2.0,4.0,0.0,-2.0
0040000080,1610612749,MIL,Milwaukee,911,Ervin Johnson,Ervin,G,,32:00,3.0,3.0,1.0,0.0,0.0,0.0,0.0,0.0,0.0,1.0,4.0,5.0,0.0,0.0,2.0,0.0,6.0,6.0,4.0
0040000080,1610612749,MIL,Milwaukee,208,Sam Cassell,Sam,G,,37:00,7.0,18.0,0.389,0.0,1.0,0.0,4.0,4.0,1.0,1.0,11.0,12.0,4.0,2.0,0.0,4.0,5.0,18.0,8.0
0040000080,1610612749,MIL,Milwaukee,951,Ray Allen,Ray,G,,43:00,8.0,20.0,0.4,2.0,8.0,0.25,2.0,2.0,1.0,2.0,1.0,3.0,4.0,1.0,0.0,3.0,2.0,20.0,-8.0
0040000080,1610612749,MIL,Milwaukee,1501,Tim Thomas,Tim,G,,33:00,5.0,10.0,0.5,1.0,3.0,0.333,4.0,4.0,1.0,2.0,4.0,6.0,3.0,1.0,1.0,1.0,1.0,15.0,-10.0
0040000080,1610612749,MIL,Milwaukee,283,Lindsey Hunter,Lindsey,F,,16:00,1.0,5.0,0.2,1.0,4.0,0.25,0.0,0.0,0.0,0.0,1.0,1.0,2.0,2.0,0.0,0.0,3.0,3.0,-2.0
0040000080,1610612749,MIL,Milwaukee,679,Jason Caffey,Jason,G,,24:00,1.0,3.0,0.333,0.0,0.0,0.0,2.0,2.0,1.0,3.0,4.0,7.0,2.0,0.0,0.0,3.0,2.0,4.0,3.0
0040000080,1610612749,MIL,Milwaukee,1032,Darvin Ham,Darvin,,,1:00,0.0,0.0,0.0,0.0,0.0,0.0,0.0,0.0,0.0,0.0,0.0,0.0,0.0,0.0,0.0,0.0,1.0,0.0,0.0
0040000080,1610612749,MIL,Milwaukee,1796,,,, ,,,,,,,,,,,,,,,,,,,,
0040000080,1610612749,MIL,Milwaukee,1797,,,, ,,,,,,,,,,,,,,,,,,,,
0040000080,1610612749,MIL,Milwaukee,1334,,,, ,,,,,,,,,,,,,,,,,,,,
0040000080,1610612749,MIL,Milwaukee,1337,,,, ,,,,,,,,,,,,,,,,,,,,
0040000080,1610612749,MIL,Milwaukee,1355,,,, ,,,,,,,,,,,,,,,,,,,,
0040000080,1610612749,MIL,Milwaukee,2157,,,, ,,,,,,,,,,,,,,,,,,,,
0040000080,1610612749,MIL,Milwaukee,1747,Rafer Alston,Rafer,,DNP - Coach's Decision,,,,,,,,,,,,,,,,,,,,
0040000080,1610612749,MIL,Milwaukee,998,Mark Pope,Mark,,DNP - Coach's Decision,,,,,,,,,,,,,,,,,,,,
0040000080,1610612749,MIL,Milwaukee,2038,Joel Przybilla,Joel,,DNP - Coach's Decision,,,,,,,,,,,,,,,,,,,,
0040000080,1610612755,PHI,Philadelphia,1908,Jumaine Jones,Jumaine,F,,25:00,4.0,9.0,0.444,0.0,2.0,0.0,0.0,0.0,0.0,3.0,3.0,6.0,2.0,1.0,0.0,1.0,1.0,8.0,-16.0
0040000080,1610612755,PHI,Philadelphia,238,Tyrone Hill,Tyrone,F,,40:00,1.0,6.0,0.167,0.0,0.0,0.0,6.0,6.0,1.0,4.0,5.0,9.0,0.0,1.0,1.0,1.0,3.0,8.0,7.0
0040000080,1610612755,PHI,Philadelphia,87,Dikembe Mutombo,Dikembe,F,,47:00,6.0,11.0,0.545,0.0,0.0,0.0,9.0,9.0,1.0,6.0,7.0,13.0,2.0,1.0,2.0,5.0,1.0,21.0,4.0
0040000080,1610612755,PHI,Philadelphia,243,Aaron McKie,Aaron,G,,45:00,6.0,18.0,0.333,2.0,6.0,0.333,1.0,3.0,0.333,2.0,3.0,5.0,3.0,3.0,0.0,2.0,4.0,15.0,3.0
0040000080,1610612755,PHI,Philadelphia,947,Allen Iverson,Allen,G,,47:00,5.0,27.0,0.185,0.0,4.0,0.0,5.0,6.0,0.833,2.0,7.0,9.0,8.0,4.0,1.0,3.0,4.0,15.0,1.0
0040000080,1610612755,PHI,Philadelphia,727,Eric Snow,Eric,G,,27:00,7.0,9.0,0.778,0.0,0.0,0.0,4.0,4.0,1.0,1.0,0.0,1.0,1.0,2.0,0.0,2.0,4.0,18.0,8.0
0040000080,1610612755,PHI,Philadelphia,1928,Todd MacCulloch,Todd,F,,7:00,2.0,3.0,0.667,0.0,0.0,0.0,0.0,0.0,0.0,0.0,1.0,1.0,0.0,0.0,0.0,0.0,1.0,4.0,-2.0
0040000080,1610612755,PHI,Philadelphia,1952,Raja Bell,Raja,,,1:00,0.0,1.0,0.0,0.0,0.0,0.0,0.0,0.0,0.0,0.0,0.0,0.0,0.0,1.0,0.0,0.0,0.0,0.0,0.0
0040000080,1610612755,PHI,Philadelphia,1563,Kevin Ollie,Kevin,,,1:00,0.0,0.0,0.0,0.0,0.0,0.0,0.0,0.0,0.0,0.0,0.0,0.0,0.0,0.0,0.0,0.0,0.0,0.0,0.0
0040000080,1610612755,PHI,Philadelphia,1865,,,, ,,,,,,,,,,,,,,,,,,,,
0040000080,1610612755,PHI,Philadelphia,2169,,,, ,,,,,,,,,,,,,,,,,,,,
0040000080,1610612755,PHI,Philadelphia,1212,,,, ,,,,,,,,,,,,,,,,,,,,
0040000080,1610612755,PHI,Philadelphia,1259,,,, ,,,,,,,,,,,,,,,,,,,,
0040000080,1610612755,PHI,Philadelphia,1308,,,, ,,,,,,,,,,,,,,,,,,,,
0040000080,1610612755,PHI,Philadelphia,1312,,,, ,,,,,,,,,,,,,,,,,,,,
0040000080,1610612755,PHI,Philadelphia,1313,,,, ,,,,,,,,,,,,,,,,,,,,
0040000080,1610612755,PHI,Philadelphia,1934,Rodney Buford,Rodney,,DNP - Coach's Decision,,,,,,,,,,,,,,,,,,,,
0040000080,1610612755,PHI,Philadelphia,761,Matt Geiger,Matt,,DND - Right Quadriceps Tendinitis,,,,,,,,,,,,,,,,,,,,
0040000080,1610612755,PHI,Philadelphia,248,George Lynch,George,,DND - Left 5th Metatarsal Fracture,,,,,,,,,,,,,,,,,,,,
0040000081,1610612755,PHI,Philadelphia,238,Tyrone Hill,Tyrone,G,,31:00,4.0,8.0,0.5,0.0,0.0,0.0,1.0,1.0,1.0,2.0,6.0,8.0,0.0,0.0,0.0,2.0,4.0,9.0,-17.0
0040000081,1610612755,PHI,Philadelphia,1908,Jumaine Jones,Jumaine,G,,28:00,3.0,7.0,0.429,0.0,1.0,0.0,0.0,0.0,0.0,3.0,3.0,6.0,2.0,0.0,0.0,1.0,3.0,6.0,9.0
0040000081,1610612755,PHI,Philadelphia,87,Dikembe Mutombo,Dikembe,G,,44:00,5.0,10.0,0.5,0.0,0.0,0.0,0.0,0.0,0.0,5.0,9.0,14.0,2.0,0.0,1.0,2.0,2.0,10.0,-12.0
0040000081,1610612755,PHI,Philadelphia,947,Allen Iverson,Allen,G,,44:00,14.0,33.0,0.424,5.0,9.0,0.556,13.0,15.0,0.867,1.0,1.0,2.0,3.0,1.0,1.0,6.0,1.0,46.0,-16.0
0040000081,1610612755,PHI,Philadelphia,243,Aaron McKie,Aaron,G,,43:00,5.0,12.0,0.417,1.0,1.0,1.0,1.0,2.0,0.5,0.0,3.0,3.0,9.0,1.0,0.0,1.0,4.0,12.0,-15.0
0040000081,1610612755,PHI,Philadelphia,727,Eric Snow,Eric,C,,13:00,0.0,2.0,0.0,0.0,0.0,0.0,0.0,0.0,0.0,0.0,0.0,0.0,2.0,0.0,0.0,0.0,1.0,0.0,-21.0
0040000081,1610612755,PHI,Philadelphia,1928,Todd MacCulloch,Todd,G,,10:00,2.0,2.0,1.0,0.0,0.0,0.0,0.0,0.0,0.0,1.0,1.0,2.0,1.0,0.0,1.0,0.0,0.0,4.0,4.0
0040000081,1610612755,PHI,Philadelphia,1563,Kevin Ollie,Kevin,F,,7:00,0.0,1.0,0.0,0.0,0.0,0.0,0.0,0.0,0.0,0.0,0.0,0.0,3.0,0.0,0.0,1.0,1.0,0.0,9.0
0040000081,1610612755,PHI,Philadelphia,1952,Raja Bell,Raja,C,,16:00,3.0,3.0,1.0,1.0,1.0,1.0,1.0,2.0,0.5,0.0,1.0,1.0,2.0,3.0,0.0,0.0,4.0,8.0,3.0
0040000081,1610612755,PHI,Philadelphia,761,Matt Geiger,Matt,,,3:00,0.0,0.0,0.0,0.0,0.0,0.0,0.0,0.0,0.0,1.0,0.0,1.0,1.0,0.0,0.0,1.0,0.0,0.0,2.0
0040000081,1610612755,PHI,Philadelphia,1934,Rodney Buford,Rodney,,,1:00,2.0,2.0,1.0,1.0,1.0,1.0,0.0,0.0,0.0,0.0,0.0,0.0,0.0,0.0,0.0,0.0,0.0,5.0,4.0
0040000081,1610612755,PHI,Philadelphia,1865,,,, ,,,,,,,,,,,,,,,,,,,,
0040000081,1610612755,PHI,Philadelphia,1212,,,, ,,,,,,,,,,,,,,,,,,,,
0040000081,1610612755,PHI,Philadelphia,1259,,,, ,,,,,,,,,,,,,,,,,,,,
0040000081,1610612755,PHI,Philadelphia,1308,,,, ,,,,,,,,,,,,,,,,,,,,
0040000081,1610612755,PHI,Philadelphia,1312,,,, ,,,,,,,,,,,,,,,,,,,,
0040000081,1610612755,PHI,Philadelphia,1313,,,, ,,,,,,,,,,,,,,,,,,,,
0040000081,1610612755,PHI,Philadelphia,2169,,,, ,,,,,,,,,,,,,,,,,,,,
0040000081,1610612755,PHI,Philadelphia,248,George Lynch,George,,DND - Fractured left foot,,,,,,,,,,,,,,,,,,,,
0040000081,1610612749,MIL,Milwaukee,299,Glenn Robinson,Glenn,F,,38:00,8.0,17.0,0.471,1.0,2.0,0.5,5.0,6.0,0.833,0.0,3.0,3.0,5.0,0.0,0.0,2.0,3.0,22.0,12.0
0040000081,1610612749,MIL,Milwaukee,281,Scott Williams,Scott,G,,26:00,6.0,10.0,0.6,0.0,0.0,0.0,0.0,0.0,0.0,4.0,3.0,7.0,1.0,2.0,1.0,1.0,3.0,12.0,10.0
0040000081,1610612749,MIL,Milwaukee,911,Ervin Johnson,Ervin,G,,42:00,3.0,5.0,0.6,0.0,0.0,0.0,2.0,2.0,1.0,6.0,6.0,12.0,0.0,1.0,0.0,0.0,3.0,8.0,12.0
0040000081,1610612749,MIL,Milwaukee,951,Ray Allen,Ray,G,,43:00,12.0,25.0,0.48,9.0,13.0,0.692,8.0,8.0,1.0,0.0,2.0,2.0,4.0,3.0,0.0,2.0,4.0,41.0,9.0
0040000081,1610612749,MIL,Milwaukee,208,Sam Cassell,Sam,G,,38:00,1.0,10.0,0.1,0.0,0.0,0.0,4.0,4.0,1.0,2.0,3.0,5.0,11.0,0.0,1.0,3.0,4.0,6.0,9.0
0040000081,1610612749,MIL,Milwaukee,1501,Tim Thomas,Tim,F,,23:00,4.0,5.0,0.8,3.0,4.0,0.75,2.0,2.0,1.0,0.0,2.0,2.0,1.0,1.0,1.0,0.0,1.0,13.0,-3.0
0040000081,1610612749,MIL,Milwaukee,283,Lindsey Hunter,Lindsey,F,,14:00,3.0,4.0,0.75,0.0,0.0,0.0,2.0,2.0,1.0,0.0,1.0,1.0,5.0,1.0,0.0,1.0,2.0,8.0,4.0
0040000081,1610612749,MIL,Milwaukee,679,Jason Caffey,Jason,G,,14:00,0.0,1.0,0.0,0.0,0.0,0.0,0.0,0.0,0.0,1.0,3.0,4.0,1.0,1.0,0.0,0.0,3.0,0.0,1.0
0040000081,1610612749,MIL,Milwaukee,1747,Rafer Alston,Rafer,,,1:00,0.0,0.0,0.0,0.0,0.0,0.0,0.0,0.0,0.0,0.0,0.0,0.0,0.0,0.0,0.0,1.0,0.0,0.0,-2.0
0040000081,1610612749,MIL,Milwaukee,1032,Darvin Ham,Darvin,,,1:00,0.0,0.0,0.0,0.0,0.0,0.0,0.0,0.0,0.0,0.0,0.0,0.0,0.0,0.0,0.0,0.0,0.0,0.0,-2.0
0040000081,1610612749,MIL,Milwaukee,1796,,,, ,,,,,,,,,,,,,,,,,,,,
0040000081,1610612749,MIL,Milwaukee,1797,,,, ,,,,,,,,,,,,,,,,,,,,
0040000081,1610612749,MIL,Milwaukee,1334,,,, ,,,,,,,,,,,,,,,,,,,,
0040000081,1610612749,MIL,Milwaukee,1337,,,, ,,,,,,,,,,,,,,,,,,,,
0040000081,1610612749,MIL,Milwaukee,1355,,,, ,,,,,,,,,,,,,,,,,,,,
0040000081,1610612749,MIL,Milwaukee,2157,,,, ,,,,,,,,,,,,,,,,,,,,
0040000081,1610612749,MIL,Milwaukee,998,Mark Pope,Mark,,DNP - Coach's Decision,,,,,,,,,,,,,,,,,,,,
0040000081,1610612749,MIL,Milwaukee,2038,Joel Przybilla,Joel,,DNP - Coach's Decision,,,,,,,,,,,,,,,,,,,,
0040000082,1610612749,MIL,Milwaukee,299,Glenn Robinson,Glenn,F,,46:00,9.0,17.0,0.529,0.0,3.0,0.0,6.0,6.0,1.0,0.0,7.0,7.0,4.0,0.0,2.0,2.0,0.0,24.0,-17.0
0040000082,1610612749,MIL,Milwaukee,1032,Darvin Ham,Darvin,F,,9:00,1.0,1.0,1.0,0.0,0.0,0.0,0.0,1.0,0.0,1.0,1.0,2.0,0.0,1.0,0.0,1.0,5.0,2.0,-8.0
0040000082,1610612749,MIL,Milwaukee,911,Ervin Johnson,Ervin,G,,41:00,1.0,5.0,0.2,0.0,0.0,0.0,0.0,0.0,0.0,2.0,4.0,6.0,0.0,2.0,2.0,1.0,5.0,2.0,-9.0
0040000082,1610612749,MIL,Milwaukee,208,Sam Cassell,Sam,G,,41:00,8.0,19.0,0.421,0.0,0.0,0.0,4.0,4.0,1.0,0.0,1.0,1.0,5.0,0.0,0.0,4.0,6.0,20.0,-17.0
0040000082,1610612749,MIL,Milwaukee,951,Ray Allen,Ray,G,,37:00,8.0,18.0,0.444,4.0,7.0,0.571,6.0,6.0,1.0,0.0,2.0,2.0,6.0,0.0,0.0,3.0,1.0,26.0,-11.0
0040000082,1610612749,MIL,Milwaukee,1501,Tim Thomas,Tim,G,,35:00,5.0,10.0,0.5,1.0,4.0,0.25,0.0,0.0,0.0,3.0,9.0,12.0,3.0,0.0,2.0,1.0,2.0,11.0,-8.0
0040000082,1610612749,MIL,Milwaukee,283,Lindsey Hunter,Lindsey,F,,11:00,0.0,2.0,0.0,0.0,2.0,0.0,0.0,0.0,0.0,0.0,2.0,2.0,0.0,0.0,0.0,1.0,1.0,0.0,1.0
0040000082,1610612749,MIL,Milwaukee,679,Jason Caffey,Jason,G,,16:00,1.0,2.0,0.5,0.0,0.0,0.0,2.0,2.0,1.0,3.0,3.0,6.0,0.0,0.0,1.0,2.0,4.0,4.0,-17.0
0040000082,1610612749,MIL,Milwaukee,1747,Rafer Alston,Rafer,,,3:00,0.0,1.0,0.0,0.0,0.0,0.0,0.0,0.0,0.0,0.0,0.0,0.0,1.0,0.0,0.0,0.0,0.0,0.0,0.0
0040000082,1610612749,MIL,Milwaukee,998,Mark Pope,Mark,,,1:00,1.0,1.0,1.0,0.0,0.0,0.0,0.0,0.0,0.0,0.0,0.0,0.0,0.0,0.0,0.0,0.0,0.0,2.0,1.0
0040000082,1610612749,MIL,Milwaukee,2157,,,, ,,,,,,,,,,,,,,,,,,,,
0040000082,1610612749,MIL,Milwaukee,1796,,,, ,,,,,,,,,,,,,,,,,,,,
0040000082,1610612749,MIL,Milwaukee,1797,,,, ,,,,,,,,,,,,,,,,,,,,
0040000082,1610612749,MIL,Milwaukee,1334,,,, ,,,,,,,,,,,,,,,,,,,,
0040000082,1610612749,MIL,Milwaukee,1337,,,, ,,,,,,,,,,,,,,,,,,,,
0040000082,1610612749,MIL,Milwaukee,1355,,,, ,,,,,,,,,,,,,,,,,,,,
0040000082,1610612749,MIL,Milwaukee,2038,Joel Przybilla,Joel,,DNP - Coach's Decision,,,,,,,,,,,,,,,,,,,,
0040000082,1610612749,MIL,Milwaukee,281,Scott Williams,Scott,,NWT--> League Suspension,,,,,,,,,,,,,,,,,,,,
0040000082,1610612755,PHI,Philadelphia,1908,Jumaine Jones,Jumaine,F,,18:00,2.0,5.0,0.4,0.0,0.0,0.0,0.0,0.0,0.0,0.0,2.0,2.0,0.0,0.0,1.0,0.0,1.0,4.0,6.0
0040000082,1610612755,PHI,Philadelphia,238,Tyrone Hill,Tyrone,F,,41:00,5.0,9.0,0.556,0.0,0.0,0.0,1.0,3.0,0.333,5.0,5.0,10.0,1.0,2.0,0.0,0.0,2.0,11.0,19.0
0040000082,1610612755,PHI,Philadelphia,87,Dikembe Mutombo,Dikembe,G,,47:00,5.0,14.0,0.357,0.0,0.0,0.0,13.0,19.0,0.684,8.0,11.0,19.0,2.0,1.0,7.0,0.0,1.0,23.0,14.0
0040000082,1610612755,PHI,Philadelphia,243,Aaron McKie,Aaron,G,,46:00,4.0,15.0,0.267,0.0,2.0,0.0,2.0,2.0,1.0,1.0,5.0,6.0,13.0,4.0,0.0,2.0,2.0,10.0,22.0
0040000082,1610612755,PHI,Philadelphia,947,Allen Iverson,Allen,G,,44:00,17.0,33.0,0.515,4.0,6.0,0.667,6.0,7.0,0.857,1.0,5.0,6.0,7.0,2.0,0.0,2.0,4.0,44.0,19.0
0040000082,1610612755,PHI,Philadelphia,727,Eric Snow,Eric,G,,32:00,3.0,5.0,0.6,0.0,0.0,0.0,0.0,0.0,0.0,0.0,2.0,2.0,5.0,1.0,0.0,1.0,5.0,6.0,1.0
0040000082,1610612755,PHI,Philadelphia,1952,Raja Bell,Raja,,,9:00,4.0,6.0,0.667,1.0,2.0,0.5,1.0,1.0,1.0,2.0,0.0,2.0,0.0,1.0,0.0,0.0,3.0,10.0,6.0
0040000082,1610612755,PHI,Philadelphia,1563,Kevin Ollie,Kevin,,,2:00,0.0,0.0,0.0,0.0,0.0,0.0,0.0,0.0,0.0,0.0,0.0,0.0,0.0,0.0,0.0,0.0,0.0,0.0,-3.0
0040000082,1610612755,PHI,Philadelphia,1934,Rodney Buford,Rodney,,,1:00,0.0,1.0,0.0,0.0,0.0,0.0,0.0,0.0,0.0,0.0,0.0,0.0,0.0,0.0,0.0,0.0,0.0,0.0,1.0
0040000082,1610612755,PHI,Philadelphia,1865,,,, ,,,,,,,,,,,,,,,,,,,,
0040000082,1610612755,PHI,Philadelphia,1212,,,, ,,,,,,,,,,,,,,,,,,,,
0040000082,1610612755,PHI,Philadelphia,1259,,,, ,,,,,,,,,,,,,,,,,,,,
0040000082,1610612755,PHI,Philadelphia,1308,,,, ,,,,,,,,,,,,,,,,,,,,
0040000082,1610612755,PHI,Philadelphia,1312,,,, ,,,,,,,,,,,,,,,,,,,,
0040000082,1610612755,PHI,Philadelphia,1313,,,, ,,,,,,,,,,,,,,,,,,,,
0040000082,1610612755,PHI,Philadelphia,2169,,,, ,,,,,,,,,,,,,,,,,,,,
0040000082,1610612755,PHI,Philadelphia,761,Matt Geiger,Matt,,DNP - Coach's Decision,,,,,,,,,,,,,,,,,,,,
0040000082,1610612755,PHI,Philadelphia,248,George Lynch,George,,DND - Left 5th Metatarsal Fracture,,,,,,,,,,,,,,,,,,,,
0040000082,1610612755,PHI,Philadelphia,1928,Todd MacCulloch,Todd,,DNP - Coach's Decision,,,,,,,,,,,,,,,,,,,,
0040000083,1610612755,PHI,Philadelphia,1908,Jumaine Jones,Jumaine,F,,11:00,2.0,3.0,0.667,0.0,1.0,0.0,0.0,0.0,,0.0,0.0,0.0,0.0,0.0,1.0,0.0,1.0,4.0,0.0
0040000083,1610612755,PHI,Philadelphia,238,Tyrone Hill,Tyrone,G,,40:00,1.0,6.0,0.167,0.0,0.0,,2.0,2.0,1.0,1.0,5.0,6.0,0.0,0.0,1.0,3.0,3.0,4.0,-15.0
0040000083,1610612755,PHI,Philadelphia,87,Dikembe Mutombo,Dikembe,G,,44:00,4.0,7.0,0.571,0.0,0.0,,5.0,7.0,0.714,5.0,11.0,16.0,0.0,0.0,5.0,0.0,5.0,13.0,14.0
0040000083,1610612755,PHI,Philadelphia,947,Allen Iverson,Allen,G,,52:00,18.0,41.0,0.439,3.0,8.0,0.375,9.0,9.0,1.0,2.0,3.0,5.0,6.0,5.0,0.0,3.0,0.0,48.0,6.0
0040000083,1610612755,PHI,Philadelphia,243,Aaron McKie,Aaron,G,,51:00,3.0,7.0,0.429,1.0,1.0,1.0,2.0,2.0,1.0,2.0,5.0,7.0,9.0,2.0,1.0,5.0,1.0,9.0,6.0
0040000083,1610612755,PHI,Philadelphia,727,Eric Snow,Eric,F,,31:00,5.0,10.0,0.5,0.0,1.0,0.0,3.0,3.0,1.0,0.0,4.0,4.0,5.0,0.0,0.0,5.0,2.0,13.0,10.0
0040000083,1610612755,PHI,Philadelphia,1952,Raja Bell,Raja,G,,19:00,2.0,2.0,1.0,0.0,0.0,,2.0,2.0,1.0,1.0,3.0,4.0,1.0,2.0,0.0,1.0,2.0,6.0,11.0
0040000083,1610612755,PHI,Philadelphia,1563,Kevin Ollie,Kevin,,,1:00,0.0,0.0,,0.0,0.0,,0.0,0.0,,0.0,0.0,0.0,0.0,0.0,0.0,0.0,0.0,0.0,-2.0
0040000083,1610612755,PHI,Philadelphia,761,Matt Geiger,Matt,,,14:00,5.0,7.0,0.714,0.0,0.0,,0.0,0.0,,0.0,0.0,0.0,0.0,1.0,0.0,1.0,6.0,10.0,4.0
0040000083,1610612755,PHI,Philadelphia,1928,Todd MacCulloch,Todd,,,2:00,0.0,0.0,,0.0,0.0,,0.0,0.0,,0.0,0.0,0.0,0.0,0.0,0.0,0.0,1.0,0.0,-4.0
0040000083,1610612755,PHI,Philadelphia,1259,,,, ,,,,,,,,,,,,,,,,,,,,
0040000083,1610612755,PHI,Philadelphia,1865,,,, ,,,,,,,,,,,,,,,,,,,,
0040000083,1610612755,PHI,Philadelphia,1212,,,, ,,,,,,,,,,,,,,,,,,,,
0040000083,1610612755,PHI,Philadelphia,1308,,,, ,,,,,,,,,,,,,,,,,,,,
0040000083,1610612755,PHI,Philadelphia,1312,,,, ,,,,,,,,,,,,,,,,,,,,
0040000083,1610612755,PHI,Philadelphia,1313,,,, ,,,,,,,,,,,,,,,,,,,,
0040000083,1610612755,PHI,Philadelphia,2169,,,, ,,,,,,,,,,,,,,,,,,,,
0040000083,1610612755,PHI,Philadelphia,1934,Rodney Buford,Rodney,,DNP - Coach's Decision,,,,,,,,,,,,,,,,,,,,
0040000083,1610612755,PHI,Philadelphia,248,George Lynch,George,,DND - Fifth left metatarsal fracture.,,,,,,,,,,,,,,,,,,,,
0040000083,1610612747,LAL,Los Angeles,296,Rick Fox,Rick,F,,44:00,7.0,12.0,0.583,3.0,6.0,0.5,2.0,2.0,1.0,1.0,6.0,7.0,5.0,2.0,1.0,4.0,3.0,19.0,2.0
0040000083,1610612747,LAL,Los Angeles,270,Horace Grant,Horace,G,,27:00,3.0,11.0,0.273,0.0,0.0,,2.0,2.0,1.0,4.0,1.0,5.0,0.0,1.0,2.0,2.0,1.0,8.0,0.0
0040000083,1610612747,LAL,Los Angeles,406,Shaquille O'Neal,Shaquille,F,,52:00,17.0,28.0,0.607,0.0,0.0,,10.0,22.0,0.455,6.0,14.0,20.0,5.0,1.0,0.0,4.0,3.0,44.0,-6.0
0040000083,1610612747,LAL,Los Angeles,977,Kobe Bryant,Kobe,G,,52:00,7.0,22.0,0.318,0.0,0.0,,1.0,1.0,1.0,0.0,3.0,3.0,5.0,1.0,3.0,6.0,4.0,15.0,-6.0
0040000083,1610612747,LAL,Los Angeles,965,Derek Fisher,Derek,G,,23:00,0.0,4.0,0.0,0.0,1.0,0.0,0.0,0.0,,0.0,0.0,0.0,1.0,1.0,0.0,0.0,3.0,0.0,-14.0
0040000083,1610612747,LAL,Los Angeles,216,Brian Shaw,Brian,G,,18:00,3.0,5.0,0.6,1.0,2.0,0.5,0.0,0.0,,2.0,2.0,4.0,3.0,1.0,0.0,1.0,1.0,7.0,-9.0
0040000083,1610612747,LAL,Los Angeles,109,Robert Horry,Robert,G,,27:00,1.0,5.0,0.2,1.0,3.0,0.333,0.0,0.0,,3.0,1.0,4.0,1.0,2.0,2.0,1.0,5.0,3.0,-6.0
0040000083,1610612747,LAL,Los Angeles,1731,Tyronn Lue,Tyronn,G,,22:00,2.0,3.0,0.667,1.0,1.0,1.0,0.0,0.0,,0.0,1.0,1.0,3.0,5.0,1.0,1.0,2.0,5.0,9.0
0040000083,1610612747,LAL,Los Angeles,1219,,,, ,,,,,,,,,,,,,,,,,,,,
0040000083,1610612747,LAL,Los Angeles,1221,,,, ,,,,,,,,,,,,,,,,,,,,
0040000083,1610612747,LAL,Los Angeles,1223,,,, ,,,,,,,,,,,,,,,,,,,,
0040000083,1610612747,LAL,Los Angeles,1230,,,, ,,,,,,,,,,,,,,,,,,,,
0040000083,1610612747,LAL,Los Angeles,1270,,,, ,,,,,,,,,,,,,,,,,,,,
0040000083,1610612747,LAL,Los Angeles,1273,,,, ,,,,,,,,,,,,,,,,,,,,
0040000083,1610612747,LAL,Los Angeles,323,Greg Foster,Greg,,DNP - Coach's Decision,,,,,,,,,,,,,,,,,,,,
0040000083,1610612747,LAL,Los Angeles,1904,Devean George,Devean,,DNP - Coach's Decision,,,,,,,,,,,,,,,,,,,,
0040000083,1610612747,LAL,Los Angeles,166,Ron Harper,Ron,,DNP - Coach's Decision,,,,,,,,,,,,,,,,,,,,
0040000083,1610612747,LAL,Los Angeles,2058,Mark Madsen,Mark,,DNP - Coach's Decision,,,,,,,,,,,,,,,,,,,,
0040000084,1610612755,PHI,Philadelphia,1908,Jumaine Jones,Jumaine,F,,15:00,1.0,2.0,0.5,1.0,1.0,1.0,0.0,0.0,,0.0,3.0,3.0,0.0,0.0,1.0,0.0,1.0,3.0,-6.0
0040000084,1610612755,PHI,Philadelphia,238,Tyrone Hill,Tyrone,F,,22:00,1.0,3.0,0.333,0.0,0.0,,0.0,0.0,,1.0,4.0,5.0,0.0,0.0,3.0,0.0,5.0,2.0,-9.0
0040000084,1610612755,PHI,Philadelphia,87,Dikembe Mutombo,Dikembe,G,,36:00,5.0,12.0,0.417,0.0,0.0,,6.0,6.0,1.0,4.0,9.0,13.0,1.0,1.0,1.0,1.0,3.0,16.0,-11.0
0040000084,1610612755,PHI,Philadelphia,947,Allen Iverson,Allen,G,,47:00,10.0,29.0,0.345,3.0,10.0,0.3,0.0,4.0,0.0,0.0,4.0,4.0,3.0,1.0,0.0,3.0,3.0,23.0,-9.0
0040000084,1610612755,PHI,Philadelphia,243,Aaron McKie,Aaron,G,,40:00,6.0,17.0,0.353,2.0,4.0,0.5,0.0,2.0,0.0,4.0,2.0,6.0,6.0,2.0,0.0,2.0,3.0,14.0,-13.0
0040000084,1610612755,PHI,Philadelphia,727,Eric Snow,Eric,G,,28:00,4.0,9.0,0.444,0.0,0.0,,4.0,4.0,1.0,1.0,1.0,2.0,4.0,2.0,0.0,3.0,1.0,12.0,-1.0
0040000084,1610612755,PHI,Philadelphia,761,Matt Geiger,Matt,G,,13:00,2.0,4.0,0.5,0.0,0.0,,0.0,0.0,,1.0,1.0,2.0,0.0,0.0,0.0,0.0,1.0,4.0,-2.0
0040000084,1610612755,PHI,Philadelphia,1928,Todd MacCulloch,Todd,F,,16:00,5.0,9.0,0.556,0.0,0.0,,3.0,4.0,0.75,3.0,2.0,5.0,0.0,0.0,0.0,1.0,3.0,13.0,-3.0
0040000084,1610612755,PHI,Philadelphia,1952,Raja Bell,Raja,G,,18:00,0.0,1.0,0.0,0.0,0.0,,2.0,6.0,0.333,0.0,2.0,2.0,1.0,3.0,0.0,1.0,3.0,2.0,7.0
0040000084,1610612755,PHI,Philadelphia,1934,Rodney Buford,Rodney,,,1:00,0.0,0.0,,0.0,0.0,,0.0,0.0,,0.0,0.0,0.0,0.0,0.0,0.0,0.0,0.0,0.0,2.0
0040000084,1610612755,PHI,Philadelphia,1563,Kevin Ollie,Kevin,,,4:00,0.0,1.0,0.0,0.0,0.0,,0.0,0.0,,0.0,0.0,0.0,1.0,0.0,0.0,0.0,0.0,0.0,0.0
0040000084,1610612755,PHI,Philadelphia,1259,,,, ,,,,,,,,,,,,,,,,,,,,
0040000084,1610612755,PHI,Philadelphia,1865,,,, ,,,,,,,,,,,,,,,,,,,,
0040000084,1610612755,PHI,Philadelphia,1212,,,, ,,,,,,,,,,,,,,,,,,,,
0040000084,1610612755,PHI,Philadelphia,1308,,,, ,,,,,,,,,,,,,,,,,,,,
0040000084,1610612755,PHI,Philadelphia,1312,,,, ,,,,,,,,,,,,,,,,,,,,
0040000084,1610612755,PHI,Philadelphia,1313,,,, ,,,,,,,,,,,,,,,,,,,,
0040000084,1610612755,PHI,Philadelphia,2169,,,, ,,,,,,,,,,,,,,,,,,,,
0040000084,1610612755,PHI,Philadelphia,248,George Lynch,George,,DND - Fifth left metatarsal fracture.,,,,,,,,,,,,,,,,,,,,
0040000084,1610612747,LAL,Los Angeles,296,Rick Fox,Rick,G,,28:00,0.0,4.0,0.0,0.0,2.0,0.0,0.0,0.0,,1.0,5.0,6.0,2.0,0.0,1.0,5.0,4.0,0.0,-3.0
0040000084,1610612747,LAL,Los Angeles,270,Horace Grant,Horace,F,,18:00,2.0,7.0,0.286,0.0,0.0,,2.0,2.0,1.0,2.0,3.0,5.0,2.0,0.0,2.0,0.0,0.0,6.0,0.0
0040000084,1610612747,LAL,Los Angeles,406,Shaquille O'Neal,Shaquille,G,,45:00,12.0,19.0,0.632,0.0,0.0,,4.0,10.0,0.4,8.0,12.0,20.0,9.0,1.0,8.0,5.0,5.0,28.0,14.0
0040000084,1610612747,LAL,Los Angeles,977,Kobe Bryant,Kobe,G,,47:00,11.0,23.0,0.478,1.0,2.0,0.5,8.0,8.0,1.0,1.0,7.0,8.0,6.0,2.0,2.0,2.0,4.0,31.0,11.0
0040000084,1610612747,LAL,Los Angeles,965,Derek Fisher,Derek,G,,34:00,5.0,11.0,0.455,2.0,5.0,0.4,2.0,2.0,1.0,0.0,0.0,0.0,3.0,2.0,0.0,1.0,4.0,14.0,12.0
0040000084,1610612747,LAL,Los Angeles,216,Brian Shaw,Brian,C,,25:00,1.0,7.0,0.143,1.0,5.0,0.2,1.0,2.0,0.5,0.0,5.0,5.0,5.0,1.0,0.0,2.0,3.0,4.0,0.0
0040000084,1610612747,LAL,Los Angeles,109,Robert Horry,Robert,G,,26:00,4.0,6.0,0.667,0.0,1.0,0.0,0.0,0.0,,3.0,4.0,7.0,1.0,1.0,0.0,0.0,3.0,8.0,10.0
0040000084,1610612747,LAL,Los Angeles,1731,Tyronn Lue,Tyronn,F,,10:00,1.0,1.0,1.0,0.0,0.0,,0.0,0.0,,0.0,0.0,0.0,0.0,0.0,0.0,1.0,1.0,2.0,-8.0
0040000084,1610612747,LAL,Los Angeles,166,Ron Harper,Ron,,,7:00,2.0,3.0,0.667,0.0,1.0,0.0,1.0,2.0,0.5,0.0,1.0,1.0,1.0,0.0,0.0,0.0,0.0,5.0,9.0
0040000084,1610612747,LAL,Los Angeles,1219,,,, ,,,,,,,,,,,,,,,,,,,,
0040000084,1610612747,LAL,Los Angeles,1221,,,, ,,,,,,,,,,,,,,,,,,,,
0040000084,1610612747,LAL,Los Angeles,1223,,,, ,,,,,,,,,,,,,,,,,,,,
0040000084,1610612747,LAL,Los Angeles,1230,,,, ,,,,,,,,,,,,,,,,,,,,
0040000084,1610612747,LAL,Los Angeles,1270,,,, ,,,,,,,,,,,,,,,,,,,,
0040000084,1610612747,LAL,Los Angeles,1273,,,, ,,,,,,,,,,,,,,,,,,,,
0040000084,1610612747,LAL,Los Angeles,323,Greg Foster,Greg,,DNP - Coach's Decision,,,,,,,,,,,,,,,,,,,,
0040000084,1610612747,LAL,Los Angeles,1904,Devean George,Devean,,DNP - Coach's Decision,,,,,,,,,,,,,,,,,,,,
0040000084,1610612747,LAL,Los Angeles,2058,Mark Madsen,Mark,,DNP - Coach's Decision,,,,,,,,,,,,,,,,,,,,
0040000085,1610612747,LAL,Los Angeles,296,Rick Fox,Rick,F,,22:00,1.0,3.0,0.333,0.0,1.0,0.0,1.0,2.0,0.5,0.0,3.0,3.0,2.0,3.0,0.0,2.0,2.0,3.0,-1.0
0040000085,1610612747,LAL,Los Angeles,270,Horace Grant,Horace,G,,29:00,2.0,5.0,0.4,0.0,0.0,,0.0,0.0,,3.0,4.0,7.0,1.0,0.0,0.0,0.0,3.0,4.0,-1.0
0040000085,1610612747,LAL,Los Angeles,406,Shaquille O'Neal,Shaquille,G,,41:00,11.0,20.0,0.55,0.0,0.0,,8.0,9.0,0.889,3.0,9.0,12.0,3.0,0.0,4.0,3.0,6.0,30.0,-2.0
0040000085,1610612747,LAL,Los Angeles,965,Derek Fisher,Derek,G,,31:00,2.0,5.0,0.4,0.0,1.0,0.0,3.0,4.0,0.75,1.0,1.0,2.0,2.0,0.0,0.0,1.0,6.0,7.0,2.0
0040000085,1610612747,LAL,Los Angeles,977,Kobe Bryant,Kobe,G,,48:00,13.0,30.0,0.433,0.0,2.0,0.0,6.0,6.0,1.0,0.0,6.0,6.0,3.0,2.0,0.0,3.0,2.0,32.0,5.0
0040000085,1610612747,LAL,Los Angeles,216,Brian Shaw,Brian,C,,28:00,0.0,3.0,0.0,0.0,1.0,0.0,0.0,0.0,,1.0,4.0,5.0,3.0,1.0,0.0,2.0,3.0,0.0,9.0
0040000085,1610612747,LAL,Los Angeles,109,Robert Horry,Robert,G,,24:00,4.0,5.0,0.8,3.0,3.0,1.0,4.0,4.0,1.0,1.0,3.0,4.0,3.0,1.0,2.0,1.0,2.0,15.0,10.0
0040000085,1610612747,LAL,Los Angeles,1731,Tyronn Lue,Tyronn,F,,17:00,2.0,4.0,0.5,1.0,2.0,0.5,0.0,0.0,,1.0,0.0,1.0,1.0,1.0,0.0,1.0,2.0,5.0,3.0
0040000085,1610612747,LAL,Los Angeles,1219,,,, ,,,,,,,,,,,,,,,,,,,,
0040000085,1610612747,LAL,Los Angeles,1221,,,, ,,,,,,,,,,,,,,,,,,,,
0040000085,1610612747,LAL,Los Angeles,1223,,,, ,,,,,,,,,,,,,,,,,,,,
0040000085,1610612747,LAL,Los Angeles,1230,,,, ,,,,,,,,,,,,,,,,,,,,
0040000085,1610612747,LAL,Los Angeles,1270,,,, ,,,,,,,,,,,,,,,,,,,,
0040000085,1610612747,LAL,Los Angeles,1273,,,, ,,,,,,,,,,,,,,,,,,,,
0040000085,1610612747,LAL,Los Angeles,323,Greg Foster,Greg,,DNP - Coach's Decision,,,,,,,,,,,,,,,,,,,,
0040000085,1610612747,LAL,Los Angeles,1904,Devean George,Devean,,DNP - Coach's Decision,,,,,,,,,,,,,,,,,,,,
0040000085,1610612747,LAL,Los Angeles,166,Ron Harper,Ron,,DNP - Coach's Decision,,,,,,,,,,,,,,,,,,,,
0040000085,1610612747,LAL,Los Angeles,2058,Mark Madsen,Mark,,DNP - Coach's Decision,,,,,,,,,,,,,,,,,,,,
0040000085,1610612755,PHI,Philadelphia,1908,Jumaine Jones,Jumaine,F,,18:00,1.0,2.0,0.5,1.0,2.0,0.5,0.0,0.0,,0.0,1.0,1.0,0.0,0.0,0.0,1.0,1.0,3.0,-13.0
0040000085,1610612755,PHI,Philadelphia,238,Tyrone Hill,Tyrone,G,,26:00,1.0,7.0,0.143,0.0,0.0,,0.0,0.0,,0.0,2.0,2.0,0.0,0.0,1.0,1.0,4.0,2.0,-2.0
0040000085,1610612755,PHI,Philadelphia,87,Dikembe Mutombo,Dikembe,C,,42:00,9.0,14.0,0.643,0.0,0.0,,5.0,8.0,0.625,5.0,7.0,12.0,0.0,1.0,2.0,2.0,4.0,23.0,3.0
0040000085,1610612755,PHI,Philadelphia,243,Aaron McKie,Aaron,G,,42:00,2.0,8.0,0.25,0.0,1.0,0.0,1.0,1.0,1.0,1.0,5.0,6.0,8.0,0.0,2.0,3.0,1.0,5.0,0.0
0040000085,1610612755,PHI,Philadelphia,947,Allen Iverson,Allen,G,,47:00,12.0,30.0,0.4,1.0,6.0,0.167,10.0,13.0,0.769,2.0,10.0,12.0,4.0,0.0,1.0,1.0,1.0,35.0,-5.0
0040000085,1610612755,PHI,Philadelphia,727,Eric Snow,Eric,G,,34:00,4.0,11.0,0.364,0.0,1.0,0.0,6.0,7.0,0.857,4.0,2.0,6.0,5.0,1.0,0.0,3.0,4.0,14.0,-2.0
0040000085,1610612755,PHI,Philadelphia,761,Matt Geiger,Matt,G,,5:00,2.0,2.0,1.0,0.0,0.0,,0.0,0.0,,0.0,0.0,0.0,0.0,0.0,0.0,2.0,3.0,4.0,5.0
0040000085,1610612755,PHI,Philadelphia,1952,Raja Bell,Raja,,,17:00,1.0,5.0,0.2,0.0,2.0,0.0,0.0,0.0,,0.0,2.0,2.0,0.0,3.0,0.0,1.0,3.0,2.0,-5.0
0040000085,1610612755,PHI,Philadelphia,1928,Todd MacCulloch,Todd,F,,8:00,0.0,0.0,,0.0,0.0,,0.0,0.0,,0.0,0.0,0.0,0.0,0.0,0.0,0.0,0.0,0.0,-5.0
0040000085,1610612755,PHI,Philadelphia,1563,Kevin Ollie,Kevin,,,1:00,1.0,1.0,1.0,0.0,0.0,,1.0,1.0,1.0,1.0,0.0,1.0,0.0,0.0,0.0,0.0,1.0,3.0,-1.0
0040000085,1610612755,PHI,Philadelphia,1259,,,, ,,,,,,,,,,,,,,,,,,,,
0040000085,1610612755,PHI,Philadelphia,1865,,,, ,,,,,,,,,,,,,,,,,,,,
0040000085,1610612755,PHI,Philadelphia,1212,,,, ,,,,,,,,,,,,,,,,,,,,
0040000085,1610612755,PHI,Philadelphia,1308,,,, ,,,,,,,,,,,,,,,,,,,,
0040000085,1610612755,PHI,Philadelphia,1312,,,, ,,,,,,,,,,,,,,,,,,,,
0040000085,1610612755,PHI,Philadelphia,1313,,,, ,,,,,,,,,,,,,,,,,,,,
0040000085,1610612755,PHI,Philadelphia,2169,,,, ,,,,,,,,,,,,,,,,,,,,
0040000085,1610612755,PHI,Philadelphia,1934,Rodney Buford,Rodney,,DNP - Coach's Decision,,,,,,,,,,,,,,,,,,,,
0040000085,1610612755,PHI,Philadelphia,248,George Lynch,George,,DND - Left 5th Metatarsal Fracture,,,,,,,,,,,,,,,,,,,,
0040000086,1610612747,LAL,Los Angeles,296,Rick Fox,Rick,F,,30:00,2.0,7.0,0.286,1.0,3.0,0.333,2.0,2.0,1.0,0.0,1.0,1.0,4.0,0.0,0.0,1.0,3.0,7.0,1.0
0040000086,1610612747,LAL,Los Angeles,270,Horace Grant,Horace,G,,25:00,1.0,4.0,0.25,0.0,0.0,,0.0,0.0,,0.0,5.0,5.0,0.0,0.0,2.0,0.0,2.0,2.0,4.0
0040000086,1610612747,LAL,Los Angeles,406,Shaquille O'Neal,Shaquille,C,,42:00,13.0,25.0,0.52,0.0,0.0,,8.0,16.0,0.5,8.0,6.0,14.0,5.0,0.0,0.0,3.0,4.0,34.0,22.0
0040000086,1610612747,LAL,Los Angeles,965,Derek Fisher,Derek,G,,34:00,4.0,7.0,0.571,2.0,4.0,0.5,0.0,0.0,,0.0,1.0,1.0,1.0,3.0,0.0,3.0,3.0,10.0,1.0
0040000086,1610612747,LAL,Los Angeles,977,Kobe Bryant,Kobe,G,,43:00,6.0,13.0,0.462,0.0,2.0,0.0,7.0,12.0,0.583,2.0,8.0,10.0,9.0,1.0,1.0,4.0,2.0,19.0,7.0
0040000086,1610612747,LAL,Los Angeles,216,Brian Shaw,Brian,C,,10:00,2.0,3.0,0.667,1.0,2.0,0.5,0.0,1.0,0.0,0.0,2.0,2.0,1.0,0.0,0.0,2.0,3.0,5.0,5.0
0040000086,1610612747,LAL,Los Angeles,109,Robert Horry,Robert,G,,24:00,3.0,4.0,0.75,3.0,3.0,1.0,0.0,0.0,,1.0,3.0,4.0,0.0,0.0,1.0,0.0,3.0,9.0,3.0
0040000086,1610612747,LAL,Los Angeles,1731,Tyronn Lue,Tyronn,,,14:00,2.0,3.0,0.667,2.0,3.0,0.667,0.0,0.0,,0.0,1.0,1.0,2.0,1.0,0.0,1.0,0.0,6.0,13.0
0040000086,1610612747,LAL,Los Angeles,166,Ron Harper,Ron,,,16:00,3.0,5.0,0.6,1.0,2.0,0.5,1.0,1.0,1.0,0.0,4.0,4.0,2.0,1.0,1.0,0.0,2.0,8.0,15.0
0040000086,1610612747,LAL,Los Angeles,2058,Mark Madsen,Mark,,,2:00,0.0,1.0,0.0,0.0,0.0,,0.0,0.0,,1.0,0.0,1.0,0.0,0.0,1.0,0.0,0.0,0.0,-1.0
0040000086,1610612747,LAL,Los Angeles,1219,,,, ,,,,,,,,,,,,,,,,,,,,
0040000086,1610612747,LAL,Los Angeles,1221,,,, ,,,,,,,,,,,,,,,,,,,,
0040000086,1610612747,LAL,Los Angeles,1223,,,, ,,,,,,,,,,,,,,,,,,,,
0040000086,1610612747,LAL,Los Angeles,1230,,,, ,,,,,,,,,,,,,,,,,,,,
0040000086,1610612747,LAL,Los Angeles,1270,,,, ,,,,,,,,,,,,,,,,,,,,
0040000086,1610612747,LAL,Los Angeles,1273,,,, ,,,,,,,,,,,,,,,,,,,,
0040000086,1610612747,LAL,Los Angeles,323,Greg Foster,Greg,,DNP - Coach's Decision,,,,,,,,,,,,,,,,,,,,
0040000086,1610612747,LAL,Los Angeles,1904,Devean George,Devean,,DNP - Coach's Decision,,,,,,,,,,,,,,,,,,,,
0040000086,1610612755,PHI,Philadelphia,1908,Jumaine Jones,Jumaine,F,,11:00,0.0,3.0,0.0,0.0,0.0,,0.0,0.0,,1.0,2.0,3.0,1.0,1.0,0.0,1.0,1.0,0.0,-6.0
0040000086,1610612755,PHI,Philadelphia,238,Tyrone Hill,Tyrone,G,,21:00,3.0,4.0,0.75,0.0,0.0,,1.0,1.0,1.0,2.0,5.0,7.0,1.0,0.0,0.0,1.0,5.0,7.0,-14.0
0040000086,1610612755,PHI,Philadelphia,87,Dikembe Mutombo,Dikembe,G,,44:00,9.0,11.0,0.818,0.0,0.0,,1.0,3.0,0.333,3.0,6.0,9.0,0.0,0.0,1.0,1.0,5.0,19.0,-14.0
0040000086,1610612755,PHI,Philadelphia,243,Aaron McKie,Aaron,G,,40:00,1.0,9.0,0.111,0.0,2.0,0.0,3.0,4.0,0.75,0.0,3.0,3.0,2.0,0.0,0.0,1.0,1.0,5.0,-16.0
0040000086,1610612755,PHI,Philadelphia,947,Allen Iverson,Allen,G,,46:00,12.0,30.0,0.4,1.0,4.0,0.25,10.0,14.0,0.714,1.0,3.0,4.0,4.0,1.0,0.0,2.0,3.0,35.0,-13.0
0040000086,1610612755,PHI,Philadelphia,727,Eric Snow,Eric,G,,29:00,5.0,10.0,0.5,0.0,0.0,,1.0,4.0,0.25,0.0,4.0,4.0,4.0,3.0,0.0,1.0,4.0,11.0,-2.0
0040000086,1610612755,PHI,Philadelphia,248,George Lynch,George,F,,8:00,0.0,0.0,,0.0,0.0,,0.0,0.0,,0.0,2.0,2.0,1.0,2.0,0.0,0.0,2.0,0.0,9.0
0040000086,1610612755,PHI,Philadelphia,1952,Raja Bell,Raja,F,,20:00,0.0,2.0,0.0,0.0,0.0,,1.0,2.0,0.5,0.0,0.0,0.0,1.0,2.0,0.0,1.0,2.0,1.0,-4.0
0040000086,1610612755,PHI,Philadelphia,761,Matt Geiger,Matt,,,11:00,2.0,4.0,0.5,0.0,0.0,,2.0,2.0,1.0,0.0,2.0,2.0,1.0,0.0,0.0,0.0,4.0,6.0,-7.0
0040000086,1610612755,PHI,Philadelphia,1934,Rodney Buford,Rodney,,,5:00,1.0,3.0,0.333,0.0,0.0,,0.0,0.0,,1.0,2.0,3.0,0.0,0.0,0.0,0.0,0.0,2.0,-1.0
0040000086,1610612755,PHI,Philadelphia,1563,Kevin Ollie,Kevin,,,3:00,0.0,1.0,0.0,0.0,0.0,,0.0,0.0,,0.0,0.0,0.0,0.0,0.0,0.0,0.0,0.0,0.0,0.0
0040000086,1610612755,PHI,Philadelphia,1928,Todd MacCulloch,Todd,,,2:00,0.0,0.0,,0.0,0.0,,0.0,0.0,,0.0,0.0,0.0,0.0,0.0,0.0,1.0,0.0,0.0,-2.0
0040000086,1610612755,PHI,Philadelphia,1865,,,, ,,,,,,,,,,,,,,,,,,,,
0040000086,1610612755,PHI,Philadelphia,1212,,,, ,,,,,,,,,,,,,,,,,,,,
0040000086,1610612755,PHI,Philadelphia,1308,,,, ,,,,,,,,,,,,,,,,,,,,
0040000086,1610612755,PHI,Philadelphia,1312,,,, ,,,,,,,,,,,,,,,,,,,,
0040000086,1610612755,PHI,Philadelphia,1313,,,, ,,,,,,,,,,,,,,,,,,,,
0040000086,1610612755,PHI,Philadelphia,1259,,,, ,,,,,,,,,,,,,,,,,,,,
0040000086,1610612755,PHI,Philadelphia,2169,,,, ,,,,,,,,,,,,,,,,,,,,
0040000087,1610612747,LAL,Los Angeles,296,Rick Fox,Rick,F,,40:00,5.0,8.0,0.625,3.0,3.0,1.0,7.0,7.0,1.0,1.0,5.0,6.0,6.0,1.0,0.0,2.0,2.0,20.0,12.0
0040000087,1610612747,LAL,Los Angeles,270,Horace Grant,Horace,F,,24:00,2.0,7.0,0.286,0.0,0.0,,2.0,4.0,0.5,3.0,3.0,6.0,0.0,1.0,1.0,0.0,3.0,6.0,11.0
0040000087,1610612747,LAL,Los Angeles,406,Shaquille O'Neal,Shaquille,C,,45:00,10.0,18.0,0.556,0.0,0.0,,9.0,19.0,0.474,6.0,7.0,13.0,2.0,0.0,5.0,5.0,2.0,29.0,12.0
0040000087,1610612747,LAL,Los Angeles,965,Derek Fisher,Derek,G,,36:00,6.0,12.0,0.5,6.0,8.0,0.75,0.0,0.0,,0.0,3.0,3.0,3.0,2.0,1.0,1.0,4.0,18.0,8.0
0040000087,1610612747,LAL,Los Angeles,977,Kobe Bryant,Kobe,G,,44:00,7.0,18.0,0.389,2.0,3.0,0.667,10.0,11.0,0.909,2.0,10.0,12.0,6.0,1.0,1.0,3.0,3.0,26.0,14.0
0040000087,1610612747,LAL,Los Angeles,109,Robert Horry,Robert,G,,26:00,2.0,5.0,0.4,1.0,3.0,0.333,2.0,2.0,1.0,2.0,4.0,6.0,1.0,0.0,2.0,0.0,4.0,7.0,1.0
0040000087,1610612747,LAL,Los Angeles,216,Brian Shaw,Brian,G,,12:00,0.0,2.0,0.0,0.0,0.0,,2.0,2.0,1.0,0.0,0.0,0.0,2.0,1.0,0.0,0.0,2.0,2.0,0.0
0040000087,1610612747,LAL,Los Angeles,1731,Tyronn Lue,Tyronn,,,10:00,0.0,1.0,0.0,0.0,0.0,,0.0,0.0,,0.0,1.0,1.0,1.0,0.0,0.0,1.0,2.0,0.0,-1.0
0040000087,1610612747,LAL,Los Angeles,2058,Mark Madsen,Mark,,,1:00,0.0,0.0,,0.0,0.0,,0.0,0.0,,0.0,0.0,0.0,0.0,0.0,0.0,0.0,0.0,0.0,0.0
0040000087,1610612747,LAL,Los Angeles,166,Ron Harper,Ron,G,,2:00,0.0,0.0,,0.0,0.0,,0.0,0.0,,0.0,0.0,0.0,0.0,0.0,0.0,0.0,0.0,0.0,3.0
0040000087,1610612747,LAL,Los Angeles,1219,,,, ,,,,,,,,,,,,,,,,,,,,
0040000087,1610612747,LAL,Los Angeles,1221,,,, ,,,,,,,,,,,,,,,,,,,,
0040000087,1610612747,LAL,Los Angeles,1223,,,, ,,,,,,,,,,,,,,,,,,,,
0040000087,1610612747,LAL,Los Angeles,1230,,,, ,,,,,,,,,,,,,,,,,,,,
0040000087,1610612747,LAL,Los Angeles,1270,,,, ,,,,,,,,,,,,,,,,,,,,
0040000087,1610612747,LAL,Los Angeles,1273,,,, ,,,,,,,,,,,,,,,,,,,,
0040000087,1610612747,LAL,Los Angeles,323,Greg Foster,Greg,,DNP - Coach's Decision,,,,,,,,,,,,,,,,,,,,
0040000087,1610612747,LAL,Los Angeles,1904,Devean George,Devean,,DNP - Coach's Decision,,,,,,,,,,,,,,,,,,,,
0040000087,1610612755,PHI,Philadelphia,243,Aaron McKie,Aaron,F,,34:00,3.0,7.0,0.429,1.0,1.0,1.0,0.0,0.0,,0.0,5.0,5.0,5.0,2.0,0.0,3.0,4.0,7.0,2.0
0040000087,1610612755,PHI,Philadelphia,238,Tyrone Hill,Tyrone,F,,32:00,7.0,13.0,0.538,0.0,0.0,,4.0,6.0,0.667,3.0,10.0,13.0,1.0,0.0,1.0,0.0,4.0,18.0,0.0
0040000087,1610612755,PHI,Philadelphia,87,Dikembe Mutombo,Dikembe,C,,42:00,6.0,11.0,0.545,0.0,0.0,,1.0,2.0,0.5,3.0,8.0,11.0,1.0,0.0,2.0,1.0,6.0,13.0,-12.0
0040000087,1610612755,PHI,Philadelphia,727,Eric Snow,Eric,G,,42:00,4.0,14.0,0.286,0.0,1.0,0.0,5.0,8.0,0.625,6.0,0.0,6.0,12.0,2.0,1.0,2.0,3.0,13.0,-10.0
0040000087,1610612755,PHI,Philadelphia,947,Allen Iverson,Allen,G,,45:00,14.0,32.0,0.438,3.0,11.0,0.273,6.0,8.0,0.75,0.0,3.0,3.0,2.0,2.0,0.0,3.0,5.0,37.0,-4.0
0040000087,1610612755,PHI,Philadelphia,248,George Lynch,George,,,6:00,1.0,3.0,0.333,0.0,0.0,,0.0,0.0,,2.0,1.0,3.0,0.0,0.0,0.0,0.0,1.0,2.0,0.0
0040000087,1610612755,PHI,Philadelphia,1952,Raja Bell,Raja,,,5:00,1.0,3.0,0.333,0.0,1.0,0.0,0.0,0.0,,1.0,0.0,1.0,1.0,0.0,0.0,0.0,0.0,2.0,-4.0
0040000087,1610612755,PHI,Philadelphia,1563,Kevin Ollie,Kevin,G,,6:00,0.0,0.0,,0.0,0.0,,2.0,2.0,1.0,0.0,0.0,0.0,0.0,0.0,0.0,0.0,0.0,2.0,-10.0
0040000087,1610612755,PHI,Philadelphia,1908,Jumaine Jones,Jumaine,,,7:00,0.0,0.0,,0.0,0.0,,0.0,0.0,,1.0,2.0,3.0,0.0,0.0,0.0,0.0,1.0,0.0,-13.0
0040000087,1610612755,PHI,Philadelphia,1934,Rodney Buford,Rodney,,,7:00,0.0,3.0,0.0,0.0,1.0,0.0,0.0,0.0,,1.0,2.0,3.0,0.0,0.0,0.0,1.0,2.0,0.0,-6.0
0040000087,1610612755,PHI,Philadelphia,761,Matt Geiger,Matt,,,11:00,1.0,1.0,1.0,0.0,0.0,,0.0,0.0,,1.0,0.0,1.0,1.0,0.0,0.0,0.0,6.0,2.0,-5.0
0040000087,1610612755,PHI,Philadelphia,1928,Todd MacCulloch,Todd,,,3:00,0.0,3.0,0.0,0.0,0.0,,0.0,0.0,,2.0,0.0,2.0,0.0,0.0,0.0,0.0,0.0,0.0,2.0
0040000087,1610612755,PHI,Philadelphia,1259,,,, ,,,,,,,,,,,,,,,,,,,,
0040000087,1610612755,PHI,Philadelphia,1865,,,, ,,,,,,,,,,,,,,,,,,,,
0040000087,1610612755,PHI,Philadelphia,1212,,,, ,,,,,,,,,,,,,,,,,,,,
0040000087,1610612755,PHI,Philadelphia,1308,,,, ,,,,,,,,,,,,,,,,,,,,
0040000087,1610612755,PHI,Philadelphia,1312,,,, ,,,,,,,,,,,,,,,,,,,,
0040000087,1610612755,PHI,Philadelphia,1313,,,, ,,,,,,,,,,,,,,,,,,,,
0040000087,1610612755,PHI,Philadelphia,2169,,,, ,,,,,,,,,,,,,,,,,,,,
0020100010,1610612743,DEN,Denver,1505,Tariq Abdul-Wahad,Tariq,F,,31:21,4.0,14.0,0.286,0.0,1.0,0.0,5.0,6.0,0.833,4.0,3.0,7.0,1.0,2.0,1.0,2.0,1.0,13.0,2.0
0020100010,1610612743,DEN,Denver,281,Scott Williams,Scott,F,,29:37,6.0,14.0,0.429,0.0,0.0,0.0,0.0,1.0,0.0,6.0,9.0,15.0,0.0,0.0,1.0,0.0,2.0,12.0,8.0
0020100010,1610612743,DEN,Denver,1711,Raef LaFrentz,Raef,F,,30:05,3.0,9.0,0.333,0.0,2.0,0.0,3.0,6.0,0.5,1.0,6.0,7.0,1.0,1.0,3.0,2.0,2.0,9.0,14.0
0020100010,1610612743,DEN,Denver,89,Nick Van Exel,Nick,G,,38:24,9.0,22.0,0.409,3.0,6.0,0.5,6.0,7.0,0.857,0.0,2.0,2.0,9.0,0.0,0.0,4.0,3.0,27.0,9.0
0020100010,1610612743,DEN,Denver,1899,James Posey,James,G,,38:36,5.0,6.0,0.833,1.0,1.0,1.0,2.0,4.0,0.5,4.0,6.0,10.0,1.0,4.0,0.0,2.0,3.0,13.0,8.0
0020100010,1610612743,DEN,Denver,45,George McCloud,George,G,,30:01,1.0,6.0,0.167,0.0,4.0,0.0,4.0,4.0,1.0,0.0,1.0,1.0,2.0,2.0,0.0,0.0,2.0,6.0,-11.0
0020100010,1610612743,DEN,Denver,375,Isaiah Rider,Isaiah,F,,15:56,3.0,8.0,0.375,1.0,2.0,0.5,2.0,2.0,1.0,1.0,1.0,2.0,1.0,1.0,0.0,2.0,2.0,9.0,0.0
0020100010,1610612743,DEN,Denver,422,Avery Johnson,Avery,G,,20:05,3.0,7.0,0.429,0.0,0.0,0.0,2.0,3.0,0.667,0.0,0.0,0.0,1.0,0.0,0.0,0.0,0.0,8.0,-15.0
0020100010,1610612743,DEN,Denver,1035,Shawnelle Scott,Shawnelle,F,,5:55,1.0,3.0,0.333,0.0,0.0,0.0,0.0,2.0,0.0,3.0,1.0,4.0,0.0,1.0,0.0,0.0,1.0,2.0,0.0
0020100010,1610612743,DEN,Denver,1207,,,, ,,,,,,,,,,,,,,,,,,,,
0020100010,1610612743,DEN,Denver,1216,,,, ,,,,,,,,,,,,,,,,,,,,
0020100010,1610612743,DEN,Denver,1240,,,, ,,,,,,,,,,,,,,,,,,,,
0020100010,1610612743,DEN,Denver,1995,,,, ,,,,,,,,,,,,,,,,,,,,
0020100010,1610612743,DEN,Denver,2007,,,, ,,,,,,,,,,,,,,,,,,,,
0020100010,1610612743,DEN,Denver,1784,,,, ,,,,,,,,,,,,,,,,,,,,
0020100010,1610612743,DEN,Denver,1785,,,, ,,,,,,,,,,,,,,,,,,,,
0020100010,1610612743,DEN,Denver,2379,,,, ,,,,,,,,,,,,,,,,,,,,
0020100010,1610612743,DEN,Denver,1763,Ryan Bowen,Ryan,,DNP - Coach's Decision,,,,,,,,,,,,,,,,,,,,
0020100010,1610612743,DEN,Denver,1985,Zendon Hamilton,Zendon,,DNP - Coach's Decision,,,,,,,,,,,,,,,,,,,,
0020100010,1610612743,DEN,Denver,702,Voshon Lenard,Voshon,,DNP - Coach's Decision,,,,,,,,,,,,,,,,,,,,
0020100010,1610612756,PHX,Phoenix,1890,Shawn Marion,Shawn,F,,40:37,9.0,17.0,0.529,2.0,2.0,1.0,0.0,0.0,0.0,1.0,8.0,9.0,4.0,5.0,1.0,1.0,2.0,20.0,7.0
0020100010,1610612756,PHX,Phoenix,339,Tom Gugliotta,Tom,G,,37:18,4.0,7.0,0.571,0.0,0.0,0.0,0.0,1.0,0.0,1.0,7.0,8.0,1.0,0.0,0.0,4.0,2.0,8.0,-4.0
0020100010,1610612756,PHX,Phoenix,915,Rodney Rogers,Rodney,G,,15:27,1.0,5.0,0.2,0.0,1.0,0.0,2.0,2.0,1.0,4.0,4.0,8.0,0.0,0.0,0.0,4.0,1.0,4.0,-18.0
0020100010,1610612756,PHX,Phoenix,950,Stephon Marbury,Stephon,G,,33:24,4.0,11.0,0.364,2.0,3.0,0.667,4.0,4.0,1.0,0.0,0.0,0.0,10.0,1.0,0.0,4.0,4.0,14.0,-7.0
0020100010,1610612756,PHX,Phoenix,358,Anfernee Hardaway,Anfernee,G,,18:53,0.0,6.0,0.0,0.0,0.0,0.0,1.0,2.0,0.5,0.0,1.0,1.0,3.0,1.0,1.0,1.0,2.0,1.0,-24.0
0020100010,1610612756,PHX,Phoenix,961,John Wallace,John,G,,20:49,7.0,9.0,0.778,0.0,0.0,0.0,2.0,2.0,1.0,1.0,4.0,5.0,2.0,0.0,1.0,1.0,4.0,16.0,-4.0
0020100010,1610612756,PHX,Phoenix,2228,Alton Ford,Alton,C,,6:47,2.0,3.0,0.667,0.0,0.0,0.0,0.0,0.0,0.0,0.0,2.0,2.0,0.0,0.0,0.0,1.0,0.0,4.0,-3.0
0020100010,1610612756,PHX,Phoenix,960,Tony Delk,Tony,G,,32:50,7.0,15.0,0.467,2.0,6.0,0.333,5.0,6.0,0.833,0.0,5.0,5.0,6.0,1.0,0.0,2.0,4.0,21.0,12.0
0020100010,1610612756,PHX,Phoenix,2294,Charlie Bell,Charlie,F,,12:21,0.0,1.0,0.0,0.0,1.0,0.0,0.0,0.0,0.0,0.0,1.0,1.0,0.0,0.0,0.0,1.0,1.0,0.0,6.0
0020100010,1610612756,PHX,Phoenix,146,Jud Buechler,Jud,G,,5:59,0.0,1.0,0.0,0.0,1.0,0.0,0.0,0.0,0.0,0.0,1.0,1.0,0.0,0.0,0.0,0.0,2.0,0.0,-3.0
0020100010,1610612756,PHX,Phoenix,2063,Jake Voskuhl,Jake,,,15:36,3.0,3.0,1.0,0.0,0.0,0.0,2.0,2.0,1.0,2.0,5.0,7.0,1.0,1.0,1.0,2.0,4.0,8.0,23.0
0020100010,1610612756,PHX,Phoenix,2160,,,, ,,,,,,,,,,,,,,,,,,,,
0020100010,1610612756,PHX,Phoenix,2161,,,, ,,,,,,,,,,,,,,,,,,,,
0020100010,1610612756,PHX,Phoenix,1653,,,, ,,,,,,,,,,,,,,,,,,,,
0020100010,1610612756,PHX,Phoenix,1654,,,, ,,,,,,,,,,,,,,,,,,,,
0020100010,1610612756,PHX,Phoenix,1227,,,, ,,,,,,,,,,,,,,,,,,,,
0020100010,1610612756,PHX,Phoenix,2008,,,, ,,,,,,,,,,,,,,,,,,,,
0020100010,1610612756,PHX,Phoenix,2015,,,, ,,,,,,,,,,,,,,,,,,,,
0020100010,1610612756,PHX,Phoenix,2054,Jake Tsakalidis,Jake,,Did Not Dress - Right Ankle Sprain,,,,,,,,,,,,,,,,,,,,
0020100007,1610612737,ATL,Atlanta,949,Shareef Abdur-Rahim,Shareef,F,,47:41,10.0,25.0,0.4,0.0,2.0,0.0,8.0,9.0,0.889,5.0,13.0,18.0,1.0,0.0,1.0,6.0,4.0,28.0,-3.0
0020100007,1610612737,ATL,Atlanta,1901,Dion Glover,Dion,G,,19:15,2.0,4.0,0.5,0.0,1.0,0.0,1.0,2.0,0.5,0.0,0.0,0.0,0.0,3.0,1.0,1.0,0.0,5.0,-5.0
0020100007,1610612737,ATL,Atlanta,689,Theo Ratliff,Theo,G,,39:02,5.0,10.0,0.5,0.0,0.0,0.0,2.0,3.0,0.667,1.0,7.0,8.0,0.0,1.0,6.0,4.0,3.0,12.0,-2.0
0020100007,1610612737,ATL,Atlanta,1023,Emanual Davis,Emanual,G,,38:19,6.0,13.0,0.462,3.0,8.0,0.375,0.0,0.0,0.0,1.0,2.0,3.0,3.0,1.0,0.0,2.0,5.0,15.0,-4.0
0020100007,1610612737,ATL,Atlanta,1891,Jason Terry,Jason,G,,41:40,2.0,9.0,0.222,0.0,1.0,0.0,2.0,2.0,1.0,0.0,2.0,2.0,3.0,1.0,0.0,2.0,4.0,6.0,-10.0
0020100007,1610612737,ATL,Atlanta,389,Toni Kukoc,Toni,G,,33:48,1.0,6.0,0.167,0.0,2.0,0.0,3.0,5.0,0.6,0.0,8.0,8.0,4.0,1.0,0.0,0.0,0.0,5.0,0.0
0020100007,1610612737,ATL,Atlanta,1521,Jacque Vaughn,Jacque,F,,16:12,0.0,8.0,0.0,0.0,0.0,0.0,3.0,4.0,0.75,0.0,1.0,1.0,4.0,0.0,0.0,0.0,1.0,3.0,-1.0
0020100007,1610612737,ATL,Atlanta,2069,Hanno Mottola,Hanno,G,,5:19,1.0,1.0,1.0,0.0,0.0,0.0,2.0,2.0,1.0,2.0,0.0,2.0,0.0,0.0,0.0,1.0,5.0,4.0,-2.0
0020100007,1610612737,ATL,Atlanta,1737,Nazr Mohammed,Nazr,G,,13:58,0.0,1.0,0.0,0.0,0.0,0.0,0.0,0.0,0.0,0.0,1.0,1.0,0.0,3.0,0.0,0.0,2.0,0.0,-3.0
0020100007,1610612737,ATL,Atlanta,2035,DerMarr Johnson,DerMarr,,,0:20,0.0,0.0,0.0,0.0,0.0,0.0,0.0,0.0,0.0,0.0,1.0,1.0,0.0,0.0,0.0,1.0,0.0,0.0,0.0
0020100007,1610612737,ATL,Atlanta,1544,Chris Crawford,Chris,C,,9:26,3.0,6.0,0.5,0.0,0.0,0.0,0.0,0.0,0.0,1.0,2.0,3.0,0.0,0.0,0.0,0.0,2.0,6.0,5.0
0020100007,1610612737,ATL,Atlanta,1260,,,, ,,,,,,,,,,,,,,,,,,,,
0020100007,1610612737,ATL,Atlanta,2094,,,, ,,,,,,,,,,,,,,,,,,,,
0020100007,1610612737,ATL,Atlanta,2150,,,, ,,,,,,,,,,,,,,,,,,,,
0020100007,1610612737,ATL,Atlanta,2151,,,, ,,,,,,,,,,,,,,,,,,,,
0020100007,1610612737,ATL,Atlanta,1774,,,, ,,,,,,,,,,,,,,,,,,,,
0020100007,1610612737,ATL,Atlanta,2376,,,, ,,,,,,,,,,,,,,,,,,,,
0020100007,1610612737,ATL,Atlanta,1898,Cal Bowdler,Cal,,DNP - Coach's Decision,,,,,,,,,,,,,,,,,,,,
0020100007,1610612745,HOU,Houston,779,Glen Rice,Glen,G,,31:59,3.0,9.0,0.333,0.0,3.0,0.0,0.0,1.0,0.0,0.0,1.0,1.0,2.0,1.0,1.0,0.0,3.0,6.0,0.0
0020100007,1610612745,HOU,Houston,1903,Kenny Thomas,Kenny,G,,41:39,5.0,12.0,0.417,0.0,2.0,0.0,3.0,4.0,0.75,2.0,4.0,6.0,4.0,3.0,0.0,2.0,3.0,13.0,2.0
0020100007,1610612745,HOU,Houston,1509,Kelvin Cato,Kelvin,G,,29:43,4.0,7.0,0.571,0.0,0.0,0.0,1.0,2.0,0.5,1.0,11.0,12.0,0.0,0.0,2.0,1.0,4.0,9.0,5.0
0020100007,1610612745,HOU,Houston,1883,Steve Francis,Steve,G,,45:59,6.0,21.0,0.286,1.0,7.0,0.143,10.0,13.0,0.769,5.0,8.0,13.0,4.0,3.0,0.0,6.0,3.0,23.0,6.0
0020100007,1610612745,HOU,Houston,1749,Cuttino Mobley,Cuttino,G,,46:41,8.0,14.0,0.571,3.0,4.0,0.75,2.0,3.0,0.667,2.0,5.0,7.0,3.0,2.0,0.0,5.0,3.0,21.0,7.0
0020100007,1610612745,HOU,Houston,788,Kevin Willis,Kevin,F,,22:57,4.0,8.0,0.5,0.0,0.0,0.0,1.0,2.0,0.5,1.0,4.0,5.0,0.0,0.0,1.0,0.0,1.0,9.0,0.0
0020100007,1610612745,HOU,Houston,1005,Walt Williams,Walt,G,,16:39,0.0,5.0,0.0,0.0,2.0,0.0,0.0,0.0,0.0,0.0,3.0,3.0,0.0,0.0,0.0,0.0,1.0,0.0,2.0
0020100007,1610612745,HOU,Houston,2204,Eddie Griffin,Eddie,G,,11:21,1.0,3.0,0.333,0.0,0.0,0.0,1.0,1.0,1.0,2.0,1.0,3.0,0.0,0.0,1.0,0.0,3.0,3.0,3.0
0020100007,1610612745,HOU,Houston,983,Moochie Norris,Moochie,G,,17:43,2.0,5.0,0.4,0.0,0.0,0.0,1.0,2.0,0.5,1.0,1.0,2.0,4.0,1.0,0.0,2.0,0.0,5.0,0.0
0020100007,1610612745,HOU,Houston,2351,Oscar Torres,Oscar,,,0:20,0.0,0.0,0.0,0.0,0.0,0.0,0.0,0.0,0.0,0.0,0.0,0.0,0.0,0.0,0.0,0.0,0.0,0.0,0.0
0020100007,1610612745,HOU,Houston,1255,,,, ,,,,,,,,,,,,,,,,,,,,
0020100007,1610612745,HOU,Houston,1256,,,, ,,,,,,,,,,,,,,,,,,,,
0020100007,1610612745,HOU,Houston,1257,,,, ,,,,,,,,,,,,,,,,,,,,
0020100007,1610612745,HOU,Houston,1258,,,, ,,,,,,,,,,,,,,,,,,,,
0020100007,1610612745,HOU,Houston,1997,,,, ,,,,,,,,,,,,,,,,,,,,
0020100007,1610612745,HOU,Houston,2384,,,, ,,,,,,,,,,,,,,,,,,,,
0020100007,1610612745,HOU,Houston,2385,,,, ,,,,,,,,,,,,,,,,,,,,
0020100007,1610612745,HOU,Houston,825,,,, ,,,,,,,,,,,,,,,,,,,,
0020100007,1610612745,HOU,Houston,2357,Tierre Brown,Tierre,,DNP - Coach's Decision,,,,,,,,,,,,,,,,,,,,
0020100007,1610612745,HOU,Houston,2242,Terence Morris,Terence,,DNP - Coach's Decision,,,,,,,,,,,,,,,,,,,,
0020100003,1610612754,IND,Indiana,147,Jalen Rose,Jalen,F,,43:38,18.0,27.0,0.667,2.0,3.0,0.667,5.0,6.0,0.833,1.0,5.0,6.0,3.0,1.0,0.0,3.0,3.0,43.0,8.0
0020100003,1610612754,IND,Indiana,979,Jermaine O'Neal,Jermaine,G,,26:26,4.0,14.0,0.286,0.0,0.0,0.0,1.0,2.0,0.5,3.0,3.0,6.0,1.0,0.0,1.0,5.0,5.0,9.0,-2.0
0020100003,1610612754,IND,Indiana,1902,Jeff Foster,Jeff,F,,36:16,1.0,4.0,0.25,0.0,0.0,0.0,2.0,2.0,1.0,3.0,9.0,12.0,2.0,2.0,2.0,1.0,5.0,4.0,0.0
0020100003,1610612754,IND,Indiana,397,Reggie Miller,Reggie,G,,35:36,6.0,15.0,0.4,3.0,10.0,0.3,5.0,5.0,1.0,1.0,5.0,6.0,0.0,0.0,2.0,4.0,1.0,20.0,-6.0
0020100003,1610612754,IND,Indiana,2224,Jamaal Tinsley,Jamaal,G,,24:25,2.0,5.0,0.4,0.0,0.0,0.0,0.0,0.0,0.0,0.0,1.0,1.0,8.0,2.0,0.0,2.0,3.0,4.0,-8.0
0020100003,1610612754,IND,Indiana,696,Travis Best,Travis,F,,30:05,3.0,8.0,0.375,1.0,2.0,0.5,0.0,0.0,0.0,0.0,2.0,2.0,4.0,2.0,0.0,2.0,1.0,7.0,-5.0
0020100003,1610612754,IND,Indiana,1506,Austin Croshere,Austin,G,,25:55,0.0,4.0,0.0,0.0,0.0,0.0,2.0,2.0,1.0,1.0,6.0,7.0,3.0,1.0,1.0,1.0,2.0,2.0,2.0
0020100003,1610612754,IND,Indiana,1733,Al Harrington,Al,F,,13:17,2.0,3.0,0.667,0.0,0.0,0.0,2.0,3.0,0.667,0.0,2.0,2.0,0.0,0.0,0.0,2.0,4.0,6.0,-14.0
0020100003,1610612754,IND,Indiana,1886,Jonathan Bender,Jonathan,,,4:22,1.0,1.0,1.0,0.0,0.0,0.0,0.0,0.0,0.0,0.0,0.0,0.0,1.0,0.0,0.0,0.0,1.0,2.0,-5.0
0020100003,1610612754,IND,Indiana,2099,,,, ,,,,,,,,,,,,,,,,,,,,
0020100003,1610612754,IND,Indiana,2100,,,, ,,,,,,,,,,,,,,,,,,,,
0020100003,1610612754,IND,Indiana,2165,,,, ,,,,,,,,,,,,,,,,,,,,
0020100003,1610612754,IND,Indiana,1857,,,, ,,,,,,,,,,,,,,,,,,,,
0020100003,1610612754,IND,Indiana,1263,,,, ,,,,,,,,,,,,,,,,,,,,
0020100003,1610612754,IND,Indiana,1299,,,, ,,,,,,,,,,,,,,,,,,,,
0020100003,1610612754,IND,Indiana,1306,,,, ,,,,,,,,,,,,,,,,,,,,
0020100003,1610612754,IND,Indiana,2056,Primoz Brezec,Primoz,,DNP - Coach's Decision,,,,,,,,,,,,,,,,,,,,
0020100003,1610612754,IND,Indiana,435,Carlos Rogers,Carlos,,DNP - Coach's Decision,,,,,,,,,,,,,,,,,,,,
0020100003,1610612754,IND,Indiana,1743,Bruno Sundov,Bruno,,DNP - Coach's Decision,,,,,,,,,,,,,,,,,,,,
0020100003,1610612751,NJN,New Jersey,1496,Keith Van Horn,Keith,G,,38:50,10.0,21.0,0.476,4.0,7.0,0.571,2.0,3.0,0.667,2.0,5.0,7.0,2.0,1.0,0.0,1.0,3.0,26.0,15.0
0020100003,1610612751,NJN,New Jersey,2030,Kenyon Martin,Kenyon,F,,34:13,3.0,11.0,0.273,0.0,1.0,0.0,2.0,2.0,1.0,0.0,4.0,4.0,1.0,1.0,1.0,2.0,5.0,8.0,-10.0
0020100003,1610612751,NJN,New Jersey,1928,Todd MacCulloch,Todd,C,,20:32,2.0,9.0,0.222,0.0,0.0,0.0,1.0,2.0,0.5,5.0,3.0,8.0,1.0,0.0,3.0,1.0,4.0,5.0,-1.0
0020100003,1610612751,NJN,New Jersey,954,Kerry Kittles,Kerry,G,,30:28,8.0,17.0,0.471,2.0,5.0,0.4,2.0,3.0,0.667,2.0,2.0,4.0,3.0,1.0,1.0,1.0,4.0,20.0,16.0
0020100003,1610612751,NJN,New Jersey,467,Jason Kidd,Jason,G,,38:41,3.0,11.0,0.273,0.0,2.0,0.0,8.0,10.0,0.8,2.0,8.0,10.0,9.0,4.0,1.0,3.0,2.0,14.0,5.0
0020100003,1610612751,NJN,New Jersey,1425,Aaron Williams,Aaron,G,,27:28,3.0,8.0,0.375,0.0,0.0,0.0,4.0,6.0,0.667,2.0,4.0,6.0,2.0,1.0,1.0,1.0,1.0,10.0,7.0
0020100003,1610612751,NJN,New Jersey,2210,Richard Jefferson,Richard,F,,22:35,5.0,9.0,0.556,0.0,0.0,0.0,2.0,3.0,0.667,3.0,0.0,3.0,3.0,0.0,0.0,1.0,4.0,12.0,7.0
0020100003,1610612751,NJN,New Jersey,446,Lucious Harris,Lucious,F,,17:55,3.0,7.0,0.429,0.0,1.0,0.0,2.0,2.0,1.0,1.0,2.0,3.0,1.0,0.0,0.0,1.0,0.0,8.0,-10.0
0020100003,1610612751,NJN,New Jersey,1760,Derrick Dial,Derrick,G,,9:19,0.0,2.0,0.0,0.0,0.0,0.0,0.0,0.0,0.0,1.0,1.0,2.0,2.0,0.0,0.0,0.0,0.0,0.0,1.0
0020100003,1610612751,NJN,New Jersey,1776,,,, ,,,,,,,,,,,,,,,,,,,,
0020100003,1610612751,NJN,New Jersey,1789,,,, ,,,,,,,,,,,,,,,,,,,,
0020100003,1610612751,NJN,New Jersey,2009,,,, ,,,,,,,,,,,,,,,,,,,,
0020100003,1610612751,NJN,New Jersey,1876,,,, ,,,,,,,,,,,,,,,,,,,,
0020100003,1610612751,NJN,New Jersey,2380,,,, ,,,,,,,,,,,,,,,,,,,,
0020100003,1610612751,NJN,New Jersey,1324,,,, ,,,,,,,,,,,,,,,,,,,,
0020100003,1610612751,NJN,New Jersey,1303,,,, ,,,,,,,,,,,,,,,,,,,,
0020100003,1610612751,NJN,New Jersey,1673,,,, ,,,,,,,,,,,,,,,,,,,,
0020100003,1610612751,NJN,New Jersey,2220,Brandon Armstrong,Brandon,,DNP - Coach's Decision,,,,,,,,,,,,,,,,,,,,
0020100003,1610612751,NJN,New Jersey,2215,Jason Collins,Jason,,DNP - Coach's Decision,,,,,,,,,,,,,,,,,,,,
0020100003,1610612751,NJN,New Jersey,1073,Reggie Slater,Reggie,,DNP - Coach's Decision,,,,,,,,,,,,,,,,,,,,
0020100009,1610612749,MIL,Milwaukee,299,Glenn Robinson,Glenn,G,,38:46,11.0,21.0,0.524,1.0,4.0,0.25,5.0,6.0,0.833,2.0,2.0,4.0,2.0,1.0,0.0,1.0,1.0,28.0,10.0
0020100009,1610612749,MIL,Milwaukee,193,Anthony Mason,Anthony,G,,41:45,4.0,4.0,1.0,0.0,0.0,0.0,3.0,4.0,0.75,1.0,6.0,7.0,3.0,1.0,0.0,3.0,2.0,11.0,18.0
0020100009,1610612749,MIL,Milwaukee,2038,Joel Przybilla,Joel,C,,7:01,0.0,0.0,0.0,0.0,0.0,0.0,0.0,0.0,0.0,1.0,2.0,3.0,0.0,0.0,0.0,0.0,3.0,0.0,5.0
0020100009,1610612749,MIL,Milwaukee,208,Sam Cassell,Sam,G,,43:03,9.0,20.0,0.45,3.0,7.0,0.429,4.0,4.0,1.0,0.0,3.0,3.0,11.0,5.0,0.0,3.0,5.0,25.0,13.0
0020100009,1610612749,MIL,Milwaukee,951,Ray Allen,Ray,G,,46:38,11.0,21.0,0.524,4.0,9.0,0.444,6.0,6.0,1.0,1.0,2.0,3.0,6.0,2.0,0.0,2.0,1.0,32.0,11.0
0020100009,1610612749,MIL,Milwaukee,1501,Tim Thomas,Tim,G,,21:39,2.0,7.0,0.286,0.0,3.0,0.0,4.0,4.0,1.0,1.0,0.0,1.0,2.0,0.0,1.0,1.0,4.0,8.0,-6.0
0020100009,1610612749,MIL,Milwaukee,911,Ervin Johnson,Ervin,F,,27:56,0.0,1.0,0.0,0.0,0.0,0.0,0.0,0.0,0.0,2.0,3.0,5.0,0.0,1.0,2.0,0.0,5.0,0.0,10.0
0020100009,1610612749,MIL,Milwaukee,2072,Michael Redd,Michael,G,,4:07,1.0,1.0,1.0,0.0,0.0,0.0,0.0,0.0,0.0,0.0,0.0,0.0,0.0,0.0,0.0,0.0,2.0,2.0,-4.0
0020100009,1610612749,MIL,Milwaukee,679,Jason Caffey,Jason,G,,13:34,3.0,5.0,0.6,0.0,0.0,0.0,1.0,3.0,0.333,2.0,1.0,3.0,0.0,1.0,0.0,3.0,3.0,7.0,-14.0
0020100009,1610612749,MIL,Milwaukee,1747,Rafer Alston,Rafer,G,,9:57,2.0,2.0,1.0,2.0,2.0,1.0,0.0,0.0,0.0,0.0,2.0,2.0,0.0,0.0,0.0,0.0,0.0,6.0,-6.0
0020100009,1610612749,MIL,Milwaukee,998,Mark Pope,Mark,G,,10:33,0.0,1.0,0.0,0.0,0.0,0.0,0.0,0.0,0.0,0.0,0.0,0.0,1.0,0.0,0.0,0.0,2.0,0.0,-2.0
0020100009,1610612749,MIL,Milwaukee,1334,,,, ,,,,,,,,,,,,,,,,,,,,
0020100009,1610612749,MIL,Milwaukee,1337,,,, ,,,,,,,,,,,,,,,,,,,,
0020100009,1610612749,MIL,Milwaukee,1355,,,, ,,,,,,,,,,,,,,,,,,,,
0020100009,1610612749,MIL,Milwaukee,1796,,,, ,,,,,,,,,,,,,,,,,,,,
0020100009,1610612749,MIL,Milwaukee,1797,,,, ,,,,,,,,,,,,,,,,,,,,
0020100009,1610612749,MIL,Milwaukee,2157,,,, ,,,,,,,,,,,,,,,,,,,,
0020100009,1610612749,MIL,Milwaukee,323,Greg Foster,Greg,,DNP - Coach's Decision,,,,,,,,,,,,,,,,,,,,
0020100009,1610612762,UTA,Utah,923,Donyell Marshall,Donyell,G,,27:26,6.0,9.0,0.667,0.0,0.0,0.0,0.0,0.0,0.0,4.0,3.0,7.0,1.0,1.0,0.0,4.0,2.0,12.0,-20.0
0020100009,1610612762,UTA,Utah,252,Karl Malone,Karl,G,,43:18,4.0,12.0,0.333,0.0,0.0,0.0,7.0,7.0,1.0,0.0,8.0,8.0,5.0,1.0,0.0,2.0,2.0,15.0,-13.0
0020100009,1610612762,UTA,Utah,731,Greg Ostertag,Greg,C,,18:41,3.0,5.0,0.6,0.0,0.0,0.0,2.0,3.0,0.667,1.0,6.0,7.0,0.0,0.0,3.0,1.0,3.0,8.0,-5.0
0020100009,1610612762,UTA,Utah,304,John Stockton,John,G,,41:45,8.0,15.0,0.533,0.0,2.0,0.0,2.0,2.0,1.0,3.0,0.0,3.0,14.0,3.0,0.0,7.0,0.0,18.0,-14.0
0020100009,1610612762,UTA,Utah,1900,Quincy Lewis,Quincy,G,,9:19,2.0,4.0,0.5,0.0,1.0,0.0,0.0,0.0,0.0,0.0,0.0,0.0,2.0,0.0,0.0,2.0,2.0,4.0,-5.0
0020100009,1610612762,UTA,Utah,180,John Crotty,John,G,,11:15,3.0,3.0,1.0,0.0,0.0,0.0,2.0,2.0,1.0,0.0,0.0,0.0,5.0,0.0,0.0,1.0,2.0,8.0,7.0
0020100009,1610612762,UTA,Utah,317,John Starks,John,F,,39:17,8.0,13.0,0.615,2.0,4.0,0.5,2.0,2.0,1.0,1.0,2.0,3.0,4.0,0.0,0.0,1.0,5.0,20.0,-4.0
0020100009,1610612762,UTA,Utah,935,Bryon Russell,Bryon,G,,35:11,4.0,10.0,0.4,3.0,8.0,0.375,0.0,0.0,0.0,0.0,3.0,3.0,4.0,2.0,0.0,0.0,3.0,11.0,-2.0
0020100009,1610612762,UTA,Utah,680,John Amaechi,John,F,,23:18,3.0,6.0,0.5,0.0,0.0,0.0,4.0,7.0,0.571,1.0,4.0,5.0,1.0,0.0,1.0,2.0,2.0,10.0,6.0
0020100009,1610612762,UTA,Utah,1905,Andrei Kirilenko,Andrei,F,,15:30,2.0,4.0,0.5,0.0,1.0,0.0,2.0,2.0,1.0,1.0,4.0,5.0,0.0,1.0,0.0,0.0,3.0,6.0,15.0
0020100009,1610612762,UTA,Utah,1794,,,, ,,,,,,,,,,,,,,,,,,,,
0020100009,1610612762,UTA,Utah,1372,,,, ,,,,,,,,,,,,,,,,,,,,
0020100009,1610612762,UTA,Utah,1345,,,, ,,,,,,,,,,,,,,,,,,,,
0020100009,1610612762,UTA,Utah,1347,,,, ,,,,,,,,,,,,,,,,,,,,
0020100009,1610612762,UTA,Utah,1228,,,, ,,,,,,,,,,,,,,,,,,,,
0020100009,1610612762,UTA,Utah,1909,Scott Padgett,Scott,,DNP - Coach's Decision,,,,,,,,,,,,,,,,,,,,
0020100009,1610612762,UTA,Utah,2052,DeShawn Stevenson,DeShawn,,DNP - Coach's Decision,,,,,,,,,,,,,,,,,,,,
0020100011,1610612760,SEA,Seattle,1740,Rashard Lewis,Rashard,F,,20:08,2.0,5.0,0.4,0.0,1.0,0.0,2.0,4.0,0.5,0.0,7.0,7.0,0.0,2.0,1.0,0.0,2.0,6.0,-3.0
0020100011,1610612760,SEA,Seattle,452,Vin Baker,Vin,G,,32:02,10.0,18.0,0.556,0.0,1.0,0.0,0.0,0.0,0.0,2.0,4.0,6.0,1.0,0.0,0.0,1.0,5.0,20.0,-2.0
0020100011,1610612760,SEA,Seattle,1916,Calvin Booth,Calvin,G,,22:53,4.0,7.0,0.571,0.0,0.0,0.0,2.0,2.0,1.0,1.0,6.0,7.0,2.0,0.0,0.0,1.0,1.0,10.0,-3.0
0020100011,1610612760,SEA,Seattle,699,Brent Barry,Brent,G,,39:37,6.0,10.0,0.6,2.0,2.0,1.0,2.0,2.0,1.0,2.0,7.0,9.0,6.0,1.0,0.0,1.0,4.0,16.0,2.0
0020100011,1610612760,SEA,Seattle,56,Gary Payton,Gary,G,,39:40,5.0,18.0,0.278,1.0,4.0,0.25,7.0,8.0,0.875,1.0,4.0,5.0,13.0,2.0,0.0,4.0,2.0,18.0,-15.0
0020100011,1610612760,SEA,Seattle,2209,Vladimir Radmanovic,Vladimir,G,,19:04,2.0,7.0,0.286,2.0,5.0,0.4,0.0,2.0,0.0,0.0,3.0,3.0,1.0,1.0,1.0,3.0,4.0,6.0,0.0
0020100011,1610612760,SEA,Seattle,1744,Jerome James,Jerome,G,,14:53,5.0,9.0,0.556,0.0,0.0,0.0,1.0,1.0,1.0,1.0,1.0,2.0,0.0,1.0,1.0,1.0,4.0,11.0,-2.0
0020100011,1610612760,SEA,Seattle,2046,Desmond Mason,Desmond,G,,32:23,1.0,6.0,0.167,0.0,0.0,0.0,2.0,2.0,1.0,2.0,6.0,8.0,1.0,1.0,0.0,3.0,4.0,4.0,-3.0
0020100011,1610612760,SEA,Seattle,2248,Earl Watson,Earl,F,,9:12,1.0,3.0,0.333,0.0,0.0,0.0,0.0,0.0,0.0,0.0,0.0,0.0,2.0,0.0,0.0,0.0,1.0,2.0,6.0
0020100011,1610612760,SEA,Seattle,1609,Art Long,Art,,,10:09,1.0,3.0,0.333,0.0,0.0,0.0,0.0,0.0,0.0,2.0,2.0,4.0,0.0,0.0,0.0,1.0,1.0,2.0,-10.0
0020100011,1610612760,SEA,Seattle,1335,,,, ,,,,,,,,,,,,,,,,,,,,
0020100011,1610612760,SEA,Seattle,1338,,,, ,,,,,,,,,,,,,,,,,,,,
0020100011,1610612760,SEA,Seattle,1349,,,, ,,,,,,,,,,,,,,,,,,,,
0020100011,1610612760,SEA,Seattle,1778,,,, ,,,,,,,,,,,,,,,,,,,,
0020100011,1610612760,SEA,Seattle,2350,,,, ,,,,,,,,,,,,,,,,,,,,
0020100011,1610612760,SEA,Seattle,176,Antonio Harvey,Antonio,,DNP - Coach's Decision,,,,,,,,,,,,,,,,,,,,
0020100011,1610612760,SEA,Seattle,2071,Olumide Oyedeji,Olumide,,DNP - Coach's Decision,,,,,,,,,,,,,,,,,,,,
0020100011,1610612758,SAC,Sacramento,978,Peja Stojakovic,Peja,G,,45:30,8.0,21.0,0.381,2.0,9.0,0.222,8.0,9.0,0.889,2.0,7.0,9.0,3.0,2.0,0.0,2.0,1.0,26.0,3.0
0020100011,1610612758,SAC,Sacramento,1513,Scot Pollard,Scot,G,,34:33,3.0,6.0,0.5,0.0,0.0,0.0,1.0,2.0,0.5,2.0,7.0,9.0,2.0,0.0,3.0,1.0,2.0,7.0,5.0
0020100011,1610612758,SAC,Sacramento,124,Vlade Divac,Vlade,G,,43:03,11.0,20.0,0.55,0.0,0.0,0.0,5.0,9.0,0.556,5.0,3.0,8.0,8.0,2.0,0.0,4.0,1.0,27.0,7.0
0020100011,1610612758,SAC,Sacramento,57,Doug Christie,Doug,G,,32:24,2.0,11.0,0.182,0.0,6.0,0.0,2.0,3.0,0.667,1.0,2.0,3.0,4.0,2.0,1.0,1.0,3.0,6.0,4.0
0020100011,1610612758,SAC,Sacramento,1710,Mike Bibby,Mike,G,,37:16,6.0,12.0,0.5,0.0,0.0,0.0,3.0,3.0,1.0,1.0,7.0,8.0,6.0,2.0,1.0,2.0,2.0,15.0,6.0
0020100011,1610612758,SAC,Sacramento,2045,Hedo Turkoglu,Hedo,F,,22:36,5.0,11.0,0.455,1.0,3.0,0.333,0.0,1.0,0.0,0.0,6.0,6.0,2.0,0.0,0.0,1.0,4.0,11.0,1.0
0020100011,1610612758,SAC,Sacramento,1517,Bobby Jackson,Bobby,G,,19:11,3.0,4.0,0.75,1.0,2.0,0.5,0.0,0.0,0.0,0.0,1.0,1.0,1.0,1.0,0.0,2.0,5.0,7.0,2.0
0020100011,1610612758,SAC,Sacramento,2222,Gerald Wallace,Gerald,,,5:27,1.0,1.0,1.0,0.0,0.0,0.0,0.0,0.0,0.0,1.0,1.0,2.0,0.0,0.0,0.0,0.0,1.0,2.0,2.0
0020100011,1610612758,SAC,Sacramento,1775,,,, ,,,,,,,,,,,,,,,,,,,,
0020100011,1610612758,SAC,Sacramento,1248,,,, ,,,,,,,,,,,,,,,,,,,,
0020100011,1610612758,SAC,Sacramento,1249,,,, ,,,,,,,,,,,,,,,,,,,,
0020100011,1610612758,SAC,Sacramento,1322,,,, ,,,,,,,,,,,,,,,,,,,,
0020100011,1610612758,SAC,Sacramento,1327,,,, ,,,,,,,,,,,,,,,,,,,,
0020100011,1610612758,SAC,Sacramento,1328,,,, ,,,,,,,,,,,,,,,,,,,,
0020100011,1610612758,SAC,Sacramento,2043,Mateen Cleaves,Mateen,,DNP - Coach's Decision,,,,,,,,,,,,,,,,,,,,
0020100011,1610612758,SAC,Sacramento,1444,Lawrence Funderburke,Lawrence,,DNP - Coach's Decision,,,,,,,,,,,,,,,,,,,,
0020100011,1610612758,SAC,Sacramento,85,Brent Price,Brent,,DNP - Coach's Decision,,,,,,,,,,,,,,,,,,,,
0020100011,1610612758,SAC,Sacramento,2074,Jabari Smith,Jabari,,DNP - Coach's Decision,,,,,,,,,,,,,,,,,,,,
0020100005,1610612755,PHI,Philadelphia,934,Derrick Coleman,Derrick,G,,38:31,5.0,15.0,0.333,1.0,3.0,0.333,4.0,9.0,0.444,2.0,9.0,11.0,1.0,1.0,0.0,6.0,5.0,15.0,-4.0
0020100005,1610612755,PHI,Philadelphia,1723,Matt Harpring,Matt,G,,38:03,4.0,15.0,0.267,1.0,2.0,0.5,0.0,0.0,0.0,4.0,4.0,8.0,0.0,1.0,0.0,2.0,2.0,9.0,-7.0
0020100005,1610612755,PHI,Philadelphia,87,Dikembe Mutombo,Dikembe,G,,37:31,4.0,9.0,0.444,0.0,0.0,0.0,6.0,9.0,0.667,4.0,5.0,9.0,3.0,0.0,3.0,2.0,4.0,14.0,2.0
0020100005,1610612755,PHI,Philadelphia,1952,Raja Bell,Raja,G,,35:09,2.0,6.0,0.333,1.0,3.0,0.333,0.0,0.0,0.0,0.0,5.0,5.0,5.0,0.0,0.0,2.0,2.0,5.0,-3.0
0020100005,1610612755,PHI,Philadelphia,2049,Speedy Claxton,Speedy,G,,40:12,7.0,15.0,0.467,1.0,1.0,1.0,5.0,5.0,1.0,1.0,0.0,1.0,4.0,1.0,0.0,2.0,3.0,20.0,-9.0
0020100005,1610612755,PHI,Philadelphia,916,Corie Blount,Corie,G,,16:56,4.0,6.0,0.667,0.0,0.0,0.0,0.0,0.0,0.0,3.0,2.0,5.0,1.0,1.0,2.0,1.0,3.0,8.0,-11.0
0020100005,1610612755,PHI,Philadelphia,1907,Vonteego Cummings,Vonteego,G,,18:09,1.0,4.0,0.25,1.0,1.0,1.0,0.0,0.0,0.0,0.0,1.0,1.0,1.0,0.0,0.0,3.0,0.0,3.0,-10.0
0020100005,1610612755,PHI,Philadelphia,761,Matt Geiger,Matt,F,,11:53,0.0,2.0,0.0,0.0,0.0,0.0,0.0,0.0,0.0,1.0,0.0,1.0,0.0,0.0,1.0,0.0,1.0,0.0,-10.0
0020100005,1610612755,PHI,Philadelphia,1085,Ira Bowman,Ira,,,2:30,0.0,0.0,0.0,0.0,0.0,0.0,0.0,0.0,0.0,0.0,0.0,0.0,1.0,0.0,0.0,0.0,0.0,0.0,4.0
0020100005,1610612755,PHI,Philadelphia,2245,Damone Brown,Damone,,,1:06,0.0,0.0,0.0,0.0,0.0,0.0,0.0,0.0,0.0,0.0,0.0,0.0,0.0,0.0,0.0,0.0,0.0,0.0,3.0
0020100005,1610612755,PHI,Philadelphia,1865,,,, ,,,,,,,,,,,,,,,,,,,,
0020100005,1610612755,PHI,Philadelphia,2169,,,, ,,,,,,,,,,,,,,,,,,,,
0020100005,1610612755,PHI,Philadelphia,1212,,,, ,,,,,,,,,,,,,,,,,,,,
0020100005,1610612755,PHI,Philadelphia,1259,,,, ,,,,,,,,,,,,,,,,,,,,
0020100005,1610612755,PHI,Philadelphia,1285,,,, ,,,,,,,,,,,,,,,,,,,,
0020100005,1610612755,PHI,Philadelphia,1308,,,, ,,,,,,,,,,,,,,,,,,,,
0020100005,1610612755,PHI,Philadelphia,1313,,,, ,,,,,,,,,,,,,,,,,,,,
0020100005,1610612755,PHI,Philadelphia,947,Allen Iverson,Allen,,DND - Right Elbow Rehab,,,,,,,,,,,,,,,,,,,,
0020100005,1610612755,PHI,Philadelphia,243,Aaron McKie,Aaron,,DND - Right Shoulder Rehab,,,,,,,,,,,,,,,,,,,,
0020100005,1610612750,MIN,Minnesota,708,Kevin Garnett,Kevin,G,,38:21,5.0,12.0,0.417,0.0,1.0,0.0,2.0,2.0,1.0,2.0,5.0,7.0,5.0,3.0,3.0,3.0,3.0,12.0,-6.0
0020100005,1610612750,MIN,Minnesota,693,Joe Smith,Joe,G,,33:08,7.0,11.0,0.636,0.0,0.0,0.0,1.0,2.0,0.5,3.0,5.0,8.0,0.0,1.0,1.0,1.0,4.0,15.0,3.0
0020100005,1610612750,MIN,Minnesota,1725,Rasho Nesterovic,Rasho,F,,14:58,0.0,3.0,0.0,0.0,0.0,0.0,1.0,2.0,0.5,1.0,1.0,2.0,2.0,0.0,0.0,0.0,3.0,1.0,-4.0
0020100005,1610612750,MIN,Minnesota,1887,Wally Szczerbiak,Wally,G,,40:10,4.0,14.0,0.286,0.0,1.0,0.0,4.0,4.0,1.0,3.0,2.0,5.0,2.0,1.0,0.0,1.0,1.0,12.0,-1.0
0020100005,1610612750,MIN,Minnesota,210,Terrell Brandon,Terrell,G,,23:44,3.0,10.0,0.3,0.0,0.0,0.0,0.0,0.0,0.0,1.0,1.0,2.0,7.0,1.0,0.0,1.0,0.0,6.0,-5.0
0020100005,1610612750,MIN,Minnesota,1051,Dean Garrett,Dean,,,6:40,0.0,1.0,0.0,0.0,0.0,0.0,0.0,0.0,0.0,0.0,2.0,2.0,0.0,1.0,1.0,1.0,0.0,0.0,-3.0
0020100005,1610612750,MIN,Minnesota,718,Gary Trent,Gary,C,,11:03,2.0,3.0,0.667,0.0,0.0,0.0,0.0,1.0,0.0,0.0,1.0,1.0,1.0,1.0,1.0,0.0,2.0,4.0,4.0
0020100005,1610612750,MIN,Minnesota,324,Anthony Peeler,Anthony,G,,27:14,3.0,9.0,0.333,1.0,3.0,0.333,0.0,0.0,0.0,3.0,3.0,6.0,4.0,0.0,0.0,0.0,3.0,7.0,22.0
0020100005,1610612750,MIN,Minnesota,1497,Chauncey Billups,Chauncey,G,,24:16,8.0,14.0,0.571,2.0,4.0,0.5,4.0,4.0,1.0,0.0,2.0,2.0,3.0,1.0,0.0,2.0,2.0,22.0,14.0
0020100005,1610612750,MIN,Minnesota,2254,Loren Woods,Loren,F,,20:26,2.0,4.0,0.5,0.0,0.0,0.0,0.0,0.0,0.0,0.0,2.0,2.0,0.0,0.0,3.0,1.0,3.0,4.0,21.0
0020100005,1610612750,MIN,Minnesota,2146,,,, ,,,,,,,,,,,,,,,,,,,,
0020100005,1610612750,MIN,Minnesota,2158,,,, ,,,,,,,,,,,,,,,,,,,,
0020100005,1610612750,MIN,Minnesota,2159,,,, ,,,,,,,,,,,,,,,,,,,,
0020100005,1610612750,MIN,Minnesota,847,,,, ,,,,,,,,,,,,,,,,,,,,
0020100005,1610612750,MIN,Minnesota,1289,,,, ,,,,,,,,,,,,,,,,,,,,
0020100005,1610612750,MIN,Minnesota,1290,,,, ,,,,,,,,,,,,,,,,,,,,
0020100005,1610612750,MIN,Minnesota,1291,,,, ,,,,,,,,,,,,,,,,,,,,
0020100005,1610612750,MIN,Minnesota,1732,Felipe Lopez,Felipe,,DNP - Coach's Decision,,,,,,,,,,,,,,,,,,,,
0020100005,1610612750,MIN,Minnesota,417,Sam Mitchell,Sam,,DNP - Coach's Decision,,,,,,,,,,,,,,,,,,,,
0020100006,1610612765,DET,Detroit,688,Michael Curry,Michael,F,,27:15,4.0,7.0,0.571,1.0,1.0,1.0,3.0,4.0,0.75,0.0,2.0,2.0,3.0,1.0,0.0,0.0,3.0,12.0,-2.0
0020100006,1610612765,DET,Detroit,361,Clifford Robinson,Clifford,G,,35:32,2.0,9.0,0.222,1.0,3.0,0.333,2.0,2.0,1.0,2.0,0.0,2.0,0.0,1.0,0.0,1.0,3.0,7.0,-7.0
0020100006,1610612765,DET,Detroit,1112,Ben Wallace,Ben,G,,32:05,3.0,8.0,0.375,0.0,0.0,0.0,0.0,0.0,0.0,3.0,9.0,12.0,0.0,1.0,3.0,2.0,2.0,6.0,4.0
0020100006,1610612765,DET,Detroit,344,Dana Barros,Dana,G,,26:45,3.0,4.0,0.75,1.0,1.0,1.0,2.0,2.0,1.0,0.0,7.0,7.0,3.0,0.0,0.0,0.0,0.0,9.0,3.0
0020100006,1610612765,DET,Detroit,711,Jerry Stackhouse,Jerry,G,,44:24,7.0,19.0,0.368,1.0,4.0,0.25,12.0,14.0,0.857,3.0,5.0,8.0,6.0,0.0,0.0,5.0,4.0,27.0,-3.0
0020100006,1610612765,DET,Detroit,1630,Mikki Moore,Mikki,F,,14:05,3.0,6.0,0.5,0.0,0.0,0.0,0.0,0.0,0.0,2.0,1.0,3.0,0.0,1.0,0.0,0.0,3.0,6.0,-12.0
0020100006,1610612765,DET,Detroit,468,Jon Barry,Jon,G,,22:07,2.0,8.0,0.25,2.0,5.0,0.4,2.0,2.0,1.0,1.0,3.0,4.0,3.0,1.0,0.0,3.0,0.0,8.0,-9.0
0020100006,1610612765,DET,Detroit,1088,Chucky Atkins,Chucky,G,,21:15,3.0,11.0,0.273,0.0,3.0,0.0,0.0,0.0,0.0,0.0,1.0,1.0,4.0,1.0,0.0,2.0,2.0,6.0,-10.0
0020100006,1610612765,DET,Detroit,1442,Zeljko Rebraca,Zeljko,F,,16:33,3.0,6.0,0.5,0.0,0.0,0.0,0.0,0.0,0.0,5.0,5.0,10.0,1.0,0.0,1.0,3.0,3.0,6.0,1.0
0020100006,1610612765,DET,Detroit,1320,,,, ,,,,,,,,,,,,,,,,,,,,
0020100006,1610612765,DET,Detroit,1311,,,, ,,,,,,,,,,,,,,,,,,,,
0020100006,1610612765,DET,Detroit,1247,,,, ,,,,,,,,,,,,,,,,,,,,
0020100006,1610612765,DET,Detroit,2167,,,, ,,,,,,,,,,,,,,,,,,,,
0020100006,1610612765,DET,Detroit,1655,,,, ,,,,,,,,,,,,,,,,,,,,
0020100006,1610612765,DET,Detroit,2349,Victor Alexander,Victor,,DNP - Coach's Decision,,,,,,,,,,,,,,,,,,,,
0020100006,1610612765,DET,Detroit,2206,Rodney White,Rodney,,DNP - Coach's Decision,,,,,,,,,,,,,,,,,,,,
0020100006,1610612765,DET,Detroit,722,Corliss Williamson,Corliss,,DNP - Coach's Decision,,,,,,,,,,,,,,,,,,,,
0020100006,1610612742,DAL,Dallas,436,Juwan Howard,Juwan,F,,34:00,3.0,10.0,0.3,0.0,0.0,0.0,4.0,4.0,1.0,6.0,4.0,10.0,0.0,2.0,0.0,2.0,1.0,10.0,10.0
0020100006,1610612742,DAL,Dallas,1761,Greg Buckner,Greg,F,,9:57,1.0,4.0,0.25,0.0,0.0,0.0,0.0,0.0,0.0,1.0,1.0,2.0,0.0,0.0,0.0,0.0,1.0,2.0,-4.0
0020100006,1610612742,DAL,Dallas,1717,Dirk Nowitzki,Dirk,G,,42:18,6.0,16.0,0.375,2.0,6.0,0.333,7.0,8.0,0.875,0.0,7.0,7.0,2.0,2.0,0.0,1.0,1.0,21.0,1.0
0020100006,1610612742,DAL,Dallas,714,Michael Finley,Michael,G,,45:56,14.0,28.0,0.5,4.0,6.0,0.667,2.0,2.0,1.0,1.0,5.0,6.0,3.0,1.0,1.0,2.0,3.0,34.0,3.0
0020100006,1610612742,DAL,Dallas,959,Steve Nash,Steve,G,,37:00,5.0,15.0,0.333,2.0,5.0,0.4,2.0,2.0,1.0,1.0,1.0,2.0,11.0,1.0,0.0,3.0,4.0,14.0,4.0
0020100006,1610612742,DAL,Dallas,330,Danny Manning,Danny,C,,20:18,2.0,2.0,1.0,0.0,0.0,0.0,0.0,0.0,0.0,3.0,3.0,6.0,0.0,1.0,2.0,2.0,2.0,4.0,9.0
0020100006,1610612742,DAL,Dallas,896,Tim Hardaway,Tim,F,,24:00,1.0,3.0,0.333,0.0,2.0,0.0,0.0,1.0,0.0,0.0,0.0,0.0,8.0,1.0,0.0,2.0,1.0,2.0,9.0
0020100006,1610612742,DAL,Dallas,2051,Donnell Harvey,Donnell,,,2:03,0.0,0.0,0.0,0.0,0.0,0.0,0.0,0.0,0.0,0.0,0.0,0.0,0.0,0.0,0.0,1.0,1.0,0.0,-4.0
0020100006,1610612742,DAL,Dallas,762,Shawn Bradley,Shawn,G,,24:28,2.0,4.0,0.5,0.0,0.0,0.0,3.0,3.0,1.0,0.0,9.0,9.0,0.0,1.0,1.0,0.0,6.0,7.0,7.0
0020100006,1610612742,DAL,Dallas,1233,,,, ,,,,,,,,,,,,,,,,,,,,
0020100006,1610612742,DAL,Dallas,1269,,,, ,,,,,,,,,,,,,,,,,,,,
0020100006,1610612742,DAL,Dallas,1317,,,, ,,,,,,,,,,,,,,,,,,,,
0020100006,1610612742,DAL,Dallas,1370,,,, ,,,,,,,,,,,,,,,,,,,,
0020100006,1610612742,DAL,Dallas,1483,,,, ,,,,,,,,,,,,,,,,,,,,
0020100006,1610612742,DAL,Dallas,2154,,,, ,,,,,,,,,,,,,,,,,,,,
0020100006,1610612742,DAL,Dallas,2378,,,, ,,,,,,,,,,,,,,,,,,,,
0020100006,1610612742,DAL,Dallas,1643,,,, ,,,,,,,,,,,,,,,,,,,,
0020100006,1610612742,DAL,Dallas,1782,,,, ,,,,,,,,,,,,,,,,,,,,
0020100006,1610612742,DAL,Dallas,1915,Evan Eschmeyer,Evan,,DNP - Coach's Decision,,,,,,,,,,,,,,,,,,,,
0020100006,1610612742,DAL,Dallas,1559,Adrian Griffin,Adrian,,DND - Back Spasms,,,,,,,,,,,,,,,,,,,,
0020100006,1610612742,DAL,Dallas,1917,Wang Zhi-zhi,Wang,,NWT,,,,,,,,,,,,,,,,,,,,
0020100002,1610612764,WAS,Washington,893,Michael Jordan,Michael,F,,36:42,7.0,21.0,0.333,0.0,3.0,0.0,5.0,6.0,0.833,3.0,2.0,5.0,6.0,4.0,0.0,3.0,3.0,19.0,-9.0
0020100002,1610612764,WAS,Washington,363,Christian Laettner,Christian,F,,36:09,3.0,11.0,0.273,0.0,0.0,0.0,4.0,4.0,1.0,1.0,3.0,4.0,2.0,2.0,0.0,2.0,5.0,10.0,-10.0
0020100002,1610612764,WAS,Washington,1751,Jahidi White,Jahidi,C,,16:44,0.0,1.0,0.0,0.0,0.0,0.0,1.0,2.0,0.5,0.0,4.0,4.0,0.0,1.0,0.0,1.0,1.0,1.0,-10.0
0020100002,1610612764,WAS,Washington,2042,Courtney Alexander,Courtney,G,,22:30,3.0,8.0,0.375,0.0,0.0,0.0,0.0,0.0,0.0,2.0,3.0,5.0,2.0,0.0,1.0,0.0,1.0,6.0,-16.0
0020100002,1610612764,WAS,Washington,1888,Richard Hamilton,Richard,G,,27:12,5.0,10.0,0.5,1.0,1.0,1.0,2.0,2.0,1.0,1.0,4.0,5.0,1.0,0.0,0.0,6.0,3.0,13.0,2.0
0020100002,1610612764,WAS,Washington,461,Popeye Jones,Popeye,G,,30:08,6.0,11.0,0.545,0.0,1.0,0.0,1.0,3.0,0.333,2.0,5.0,7.0,3.0,1.0,0.0,1.0,4.0,13.0,10.0
0020100002,1610612764,WAS,Washington,1838,Tyrone Nesby,Tyrone,G,,33:14,4.0,8.0,0.5,1.0,2.0,0.5,0.0,0.0,0.0,0.0,5.0,5.0,5.0,2.0,0.0,0.0,5.0,9.0,1.0
0020100002,1610612764,WAS,Washington,43,Chris Whitney,Chris,G,,25:30,7.0,10.0,0.7,4.0,6.0,0.667,0.0,0.0,0.0,0.0,1.0,1.0,4.0,1.0,0.0,0.0,3.0,18.0,14.0
0020100002,1610612764,WAS,Washington,2198,Kwame Brown,Kwame,G,,11:51,1.0,2.0,0.5,0.0,0.0,0.0,0.0,1.0,0.0,0.0,3.0,3.0,0.0,0.0,3.0,1.0,2.0,2.0,8.0
0020100002,1610612764,WAS,Washington,2171,,,, ,,,,,,,,,,,,,,,,,,,,
0020100002,1610612764,WAS,Washington,2382,,,, ,,,,,,,,,,,,,,,,,,,,
0020100002,1610612764,WAS,Washington,2383,,,, ,,,,,,,,,,,,,,,,,,,,
0020100002,1610612764,WAS,Washington,1340,,,, ,,,,,,,,,,,,,,,,,,,,
0020100002,1610612764,WAS,Washington,1244,,,, ,,,,,,,,,,,,,,,,,,,,
0020100002,1610612764,WAS,Washington,1245,,,, ,,,,,,,,,,,,,,,,,,,,
0020100002,1610612764,WAS,Washington,1251,,,, ,,,,,,,,,,,,,,,,,,,,
0020100002,1610612764,WAS,Washington,1271,,,, ,,,,,,,,,,,,,,,,,,,,
0020100002,1610612764,WAS,Washington,1731,Tyronn Lue,Tyronn,,DNP - Coach's Decision,,,,,,,,,,,,,,,,,,,,
0020100002,1610612764,WAS,Washington,2250,Bobby Simmons,Bobby,,DNP - Coach's Decision,,,,,,,,,,,,,,,,,,,,
0020100002,1610612764,WAS,Washington,2041,Etan Thomas,Etan,,DNP - Coach's Decision,,,,,,,,,,,,,,,,,,,,
0020100002,1610612752,NYK,New York,84,Latrell Sprewell,Latrell,F,,39:05,9.0,21.0,0.429,4.0,7.0,0.571,6.0,8.0,0.75,2.0,3.0,5.0,3.0,1.0,0.0,2.0,2.0,28.0,17.0
0020100002,1610612752,NYK,New York,703,Kurt Thomas,Kurt,F,,22:10,6.0,8.0,0.75,0.0,0.0,0.0,2.0,2.0,1.0,2.0,4.0,6.0,1.0,1.0,0.0,2.0,4.0,14.0,9.0
0020100002,1610612752,NYK,New York,280,Felton Spencer,Felton,C,,17:21,1.0,2.0,0.5,0.0,0.0,0.0,1.0,2.0,0.5,2.0,1.0,3.0,0.0,0.0,2.0,1.0,3.0,3.0,3.0
0020100002,1610612752,NYK,New York,275,Allan Houston,Allan,G,,38:02,8.0,16.0,0.5,0.0,1.0,0.0,6.0,7.0,0.857,1.0,5.0,6.0,2.0,2.0,0.0,0.0,2.0,22.0,3.0
0020100002,1610612752,NYK,New York,349,Mark Jackson,Mark,G,,37:28,3.0,5.0,0.6,1.0,3.0,0.333,0.0,2.0,0.0,1.0,4.0,5.0,8.0,0.0,0.0,3.0,3.0,7.0,17.0
0020100002,1610612752,NYK,New York,970,Othella Harrington,Othella,F,,31:17,3.0,6.0,0.5,0.0,0.0,0.0,3.0,6.0,0.5,3.0,9.0,12.0,0.0,1.0,0.0,2.0,5.0,9.0,1.0
0020100002,1610612752,NYK,New York,221,Clar. Weatherspoon,Clar.,G,,25:12,1.0,7.0,0.143,0.0,0.0,0.0,2.0,2.0,1.0,2.0,6.0,8.0,1.0,1.0,0.0,1.0,0.0,4.0,-9.0
0020100002,1610612752,NYK,New York,1000,Shandon Anderson,Shandon,F,,18:53,0.0,5.0,0.0,0.0,4.0,0.0,2.0,2.0,1.0,0.0,1.0,1.0,1.0,1.0,0.0,3.0,1.0,2.0,-16.0
0020100002,1610612752,NYK,New York,369,Charlie Ward,Charlie,G,,10:32,1.0,5.0,0.2,1.0,5.0,0.2,1.0,2.0,0.5,0.0,0.0,0.0,0.0,0.0,0.0,3.0,1.0,4.0,-15.0
0020100002,1610612752,NYK,New York,1297,,,, ,,,,,,,,,,,,,,,,,,,,
0020100002,1610612752,NYK,New York,1298,,,, ,,,,,,,,,,,,,,,,,,,,
0020100002,1610612752,NYK,New York,1301,,,, ,,,,,,,,,,,,,,,,,,,,
0020100002,1610612752,NYK,New York,1302,,,, ,,,,,,,,,,,,,,,,,,,,
0020100002,1610612752,NYK,New York,1790,,,, ,,,,,,,,,,,,,,,,,,,,
0020100002,1610612752,NYK,New York,1791,,,, ,,,,,,,,,,,,,,,,,,,,
0020100002,1610612752,NYK,New York,2168,,,, ,,,,,,,,,,,,,,,,,,,,
0020100002,1610612752,NYK,New York,458,Howard Eisley,Howard,,DNP - Coach's Decision,,,,,,,,,,,,,,,,,,,,
0020100002,1610612752,NYK,New York,969,Travis Knight,Travis,,DNP - Coach's Decision,,,,,,,,,,,,,,,,,,,,
0020100002,1610612752,NYK,New York,2068,Lavor Postell,Lavor,,DNP - Coach's Decision,,,,,,,,,,,,,,,,,,,,
0020100008,1610612746,LAC,Los Angeles,1885,Lamar Odom,Lamar,G,,35:15,6.0,15.0,0.4,0.0,4.0,0.0,2.0,4.0,0.5,2.0,11.0,13.0,1.0,3.0,1.0,7.0,6.0,14.0,-2.0
0020100008,1610612746,LAC,Los Angeles,1882,Elton Brand,Elton,F,,39:11,9.0,17.0,0.529,0.0,0.0,0.0,9.0,10.0,0.9,4.0,3.0,7.0,1.0,2.0,1.0,0.0,4.0,27.0,-2.0
0020100008,1610612746,LAC,Los Angeles,1709,Michael Olowokandi,Michael,C,,23:28,2.0,8.0,0.25,0.0,0.0,0.0,0.0,0.0,0.0,1.0,6.0,7.0,0.0,1.0,0.0,1.0,5.0,4.0,1.0
0020100008,1610612746,LAC,Los Angeles,976,Jeff McInnis,Jeff,G,,38:40,9.0,14.0,0.643,0.0,1.0,0.0,5.0,5.0,1.0,2.0,1.0,3.0,5.0,3.0,0.0,2.0,5.0,23.0,-1.0
0020100008,1610612746,LAC,Los Angeles,15,Eric Piatkowski,Eric,G,,27:42,2.0,2.0,1.0,1.0,1.0,1.0,0.0,0.0,0.0,1.0,3.0,4.0,2.0,0.0,0.0,1.0,1.0,5.0,9.0
0020100008,1610612746,LAC,Los Angeles,2047,Quentin Richardson,Quentin,F,,14:42,1.0,3.0,0.333,0.0,1.0,0.0,2.0,2.0,1.0,0.0,0.0,0.0,0.0,0.0,0.0,1.0,3.0,4.0,-13.0
0020100008,1610612746,LAC,Los Angeles,399,Sean Rooks,Sean,G,,13:51,0.0,1.0,0.0,0.0,0.0,0.0,2.0,2.0,1.0,0.0,2.0,2.0,0.0,0.0,0.0,2.0,2.0,2.0,-14.0
0020100008,1610612746,LAC,Los Angeles,2039,Keyon Dooling,Keyon,F,,9:20,0.0,2.0,0.0,0.0,0.0,0.0,0.0,0.0,0.0,0.0,0.0,0.0,0.0,0.0,0.0,2.0,2.0,0.0,-10.0
0020100008,1610612746,LAC,Los Angeles,2032,Darius Miles,Darius,C,,19:30,5.0,9.0,0.556,0.0,0.0,0.0,0.0,1.0,0.0,1.0,2.0,3.0,0.0,2.0,1.0,1.0,2.0,10.0,-7.0
0020100008,1610612746,LAC,Los Angeles,1894,Corey Maggette,Corey,G,,18:21,1.0,7.0,0.143,0.0,1.0,0.0,7.0,9.0,0.778,0.0,3.0,3.0,0.0,0.0,0.0,1.0,1.0,9.0,-16.0
0020100008,1610612746,LAC,Los Angeles,1996,,,, ,,,,,,,,,,,,,,,,,,,,
0020100008,1610612746,LAC,Los Angeles,2010,,,, ,,,,,,,,,,,,,,,,,,,,
0020100008,1610612746,LAC,Los Angeles,2166,,,, ,,,,,,,,,,,,,,,,,,,,
0020100008,1610612746,LAC,Los Angeles,1284,,,, ,,,,,,,,,,,,,,,,,,,,
0020100008,1610612746,LAC,Los Angeles,1210,,,, ,,,,,,,,,,,,,,,,,,,,
0020100008,1610612746,LAC,Los Angeles,1243,,,, ,,,,,,,,,,,,,,,,,,,,
0020100008,1610612746,LAC,Los Angeles,1351,,,, ,,,,,,,,,,,,,,,,,,,,
0020100008,1610612746,LAC,Los Angeles,1672,,,, ,,,,,,,,,,,,,,,,,,,,
0020100008,1610612746,LAC,Los Angeles,1863,Earl Boykins,Earl,,DNP - Coach's Decision,,,,,,,,,,,,,,,,,,,,
0020100008,1610612746,LAC,Los Angeles,1918,Obinna Ekezie,Obinna,,DNP - Coach's Decision,,,,,,,,,,,,,,,,,,,,
0020100008,1610612759,SAS,San Antonio,1477,Bruce Bowen,Bruce,F,,26:42,2.0,9.0,0.222,2.0,4.0,0.5,0.0,2.0,0.0,3.0,1.0,4.0,3.0,0.0,0.0,1.0,1.0,6.0,5.0
0020100008,1610612759,SAS,San Antonio,1495,Tim Duncan,Tim,F,,42:20,5.0,14.0,0.357,0.0,0.0,0.0,5.0,5.0,1.0,3.0,10.0,13.0,3.0,0.0,6.0,5.0,4.0,15.0,19.0
0020100008,1610612759,SAS,San Antonio,764,David Robinson,David,C,,27:52,4.0,5.0,0.8,0.0,0.0,0.0,3.0,8.0,0.375,3.0,6.0,9.0,1.0,1.0,1.0,0.0,4.0,11.0,-4.0
0020100008,1610612759,SAS,San Antonio,1498,Antonio Daniels,Antonio,G,,28:12,5.0,10.0,0.5,2.0,5.0,0.4,5.0,6.0,0.833,0.0,2.0,2.0,1.0,2.0,0.0,2.0,3.0,17.0,-4.0
0020100008,1610612759,SAS,San Antonio,120,Steven Smith,Steven,G,,32:24,6.0,12.0,0.5,2.0,4.0,0.5,5.0,5.0,1.0,2.0,1.0,3.0,1.0,1.0,0.0,1.0,2.0,19.0,4.0
0020100008,1610612759,SAS,San Antonio,2225,Tony Parker,Tony,G,,20:30,3.0,8.0,0.375,2.0,3.0,0.667,1.0,2.0,0.5,1.0,2.0,3.0,3.0,2.0,0.0,1.0,2.0,9.0,12.0
0020100008,1610612759,SAS,San Antonio,990,Malik Rose,Malik,G,,25:06,6.0,9.0,0.667,0.0,0.0,0.0,3.0,6.0,0.5,2.0,2.0,4.0,2.0,1.0,0.0,2.0,2.0,15.0,10.0
0020100008,1610612759,SAS,San Antonio,345,Terry Porter,Terry,G,,21:01,3.0,7.0,0.429,2.0,5.0,0.4,2.0,2.0,1.0,0.0,2.0,2.0,6.0,0.0,1.0,2.0,3.0,10.0,14.0
0020100008,1610612759,SAS,San Antonio,198,Danny Ferry,Danny,G,,14:29,3.0,6.0,0.5,1.0,3.0,0.333,0.0,0.0,0.0,0.0,2.0,2.0,1.0,0.0,0.0,1.0,3.0,7.0,5.0
0020100008,1610612759,SAS,San Antonio,1043,Amal McCaskill,Amal,,,0:42,0.0,0.0,0.0,0.0,0.0,0.0,0.0,0.0,0.0,0.0,0.0,0.0,0.0,0.0,0.0,0.0,0.0,0.0,-3.0
0020100008,1610612759,SAS,San Antonio,1536,Stephen Jackson,Stephen,,,0:42,0.0,0.0,0.0,0.0,0.0,0.0,0.0,0.0,0.0,0.0,0.0,0.0,0.0,0.0,0.0,1.0,0.0,0.0,-3.0
0020100008,1610612759,SAS,San Antonio,1658,,,, ,,,,,,,,,,,,,,,,,,,,
0020100008,1610612759,SAS,San Antonio,1264,,,, ,,,,,,,,,,,,,,,,,,,,
0020100008,1610612759,SAS,San Antonio,2381,,,, ,,,,,,,,,,,,,,,,,,,,
0020100008,1610612759,SAS,San Antonio,1371,,,, ,,,,,,,,,,,,,,,,,,,,
0020100008,1610612759,SAS,San Antonio,873,,,, ,,,,,,,,,,,,,,,,,,,,
0020100008,1610612759,SAS,San Antonio,1331,,,, ,,,,,,,,,,,,,,,,,,,,
0020100008,1610612759,SAS,San Antonio,685,Cherokee Parks,Cherokee,,DNP - Coach's Decision,,,,,,,,,,,,,,,,,,,,
0020100001,1610612738,BOS,Boston,1718,Paul Pierce,Paul,G,,28:19,12.0,20.0,0.6,2.0,3.0,0.667,3.0,4.0,0.75,1.0,4.0,5.0,1.0,2.0,1.0,2.0,2.0,29.0,24.0
0020100001,1610612738,BOS,Boston,952,Antoine Walker,Antoine,F,,29:51,6.0,20.0,0.3,4.0,8.0,0.5,7.0,8.0,0.875,2.0,6.0,8.0,7.0,0.0,0.0,1.0,2.0,23.0,26.0
0020100001,1610612738,BOS,Boston,1499,Tony Battie,Tony,C,,14:49,2.0,3.0,0.667,0.0,0.0,0.0,2.0,2.0,1.0,2.0,3.0,5.0,1.0,0.0,0.0,0.0,0.0,6.0,11.0
0020100001,1610612738,BOS,Boston,72,Kenny Anderson,Kenny,G,,22:04,2.0,4.0,0.5,0.0,1.0,0.0,3.0,3.0,1.0,0.0,7.0,7.0,6.0,2.0,0.0,1.0,1.0,7.0,29.0
0020100001,1610612738,BOS,Boston,677,Eric Williams,Eric,G,,22:06,2.0,7.0,0.286,0.0,0.0,0.0,3.0,4.0,0.75,3.0,0.0,3.0,0.0,2.0,0.0,2.0,3.0,7.0,24.0
0020100001,1610612738,BOS,Boston,958,Vitaly Potapenko,Vitaly,,,17:43,2.0,4.0,0.5,0.0,0.0,0.0,4.0,4.0,1.0,2.0,4.0,6.0,1.0,0.0,0.0,3.0,1.0,8.0,-1.0
0020100001,1610612738,BOS,Boston,2207,Joe Johnson,Joe,G,,32:52,5.0,10.0,0.5,0.0,2.0,0.0,0.0,0.0,0.0,0.0,7.0,7.0,4.0,0.0,0.0,0.0,0.0,10.0,3.0
0020100001,1610612738,BOS,Boston,1960,Milt Palacio,Milt,F,,20:51,2.0,5.0,0.4,2.0,3.0,0.667,2.0,2.0,1.0,0.0,2.0,2.0,2.0,0.0,0.0,0.0,2.0,8.0,0.0
0020100001,1610612738,BOS,Boston,1548,Mark Blount,Mark,G,,15:12,1.0,1.0,1.0,0.0,0.0,0.0,2.0,2.0,1.0,0.0,2.0,2.0,0.0,0.0,1.0,2.0,1.0,4.0,9.0
0020100001,1610612738,BOS,Boston,962,Walter McCarty,Walter,F,,18:24,2.0,4.0,0.5,0.0,0.0,0.0,0.0,0.0,0.0,0.0,2.0,2.0,0.0,0.0,0.0,1.0,2.0,4.0,-6.0
0020100001,1610612738,BOS,Boston,2218,Joseph Forte,Joseph,G,,12:44,0.0,2.0,0.0,0.0,1.0,0.0,2.0,2.0,1.0,0.0,1.0,1.0,2.0,0.0,0.0,2.0,0.0,2.0,-14.0
0020100001,1610612738,BOS,Boston,2208,Kedrick Brown,Kedrick,,,5:05,0.0,1.0,0.0,0.0,0.0,0.0,0.0,0.0,0.0,0.0,0.0,0.0,0.0,0.0,0.0,0.0,0.0,0.0,-10.0
0020100001,1610612738,BOS,Boston,1213,,,, ,,,,,,,,,,,,,,,,,,,,
0020100001,1610612738,BOS,Boston,1639,,,, ,,,,,,,,,,,,,,,,,,,,
0020100001,1610612738,BOS,Boston,1641,,,, ,,,,,,,,,,,,,,,,,,,,
0020100001,1610612738,BOS,Boston,1875,,,, ,,,,,,,,,,,,,,,,,,,,
0020100001,1610612738,BOS,Boston,1321,,,, ,,,,,,,,,,,,,,,,,,,,
0020100001,1610612738,BOS,Boston,2345,,,, ,,,,,,,,,,,,,,,,,,,,
0020100001,1610612739,CLE,Cleveland,441,Lamond Murray,Lamond,F,,13:55,3.0,6.0,0.5,0.0,1.0,0.0,0.0,1.0,0.0,1.0,2.0,3.0,1.0,1.0,2.0,2.0,4.0,6.0,-13.0
0020100001,1610612739,CLE,Cleveland,2036,Chris Mihm,Chris,G,,19:09,3.0,7.0,0.429,0.0,0.0,0.0,0.0,0.0,0.0,1.0,2.0,3.0,0.0,0.0,4.0,1.0,3.0,6.0,-32.0
0020100001,1610612739,CLE,Cleveland,1720,Michael Doleac,Michael,C,,25:10,0.0,3.0,0.0,0.0,0.0,0.0,2.0,2.0,1.0,1.0,7.0,8.0,2.0,0.0,0.0,1.0,4.0,2.0,-12.0
0020100001,1610612739,CLE,Cleveland,1889,Andre Miller,Andre,G,,29:22,4.0,12.0,0.333,0.0,0.0,0.0,1.0,2.0,0.5,0.0,1.0,1.0,9.0,0.0,0.0,3.0,1.0,9.0,-25.0
0020100001,1610612739,CLE,Cleveland,445,Wesley Person,Wesley,G,,32:56,6.0,16.0,0.375,1.0,4.0,0.25,0.0,0.0,0.0,0.0,4.0,4.0,3.0,2.0,1.0,0.0,0.0,13.0,-7.0
0020100001,1610612739,CLE,Cleveland,1730,Brian Skinner,Brian,,,18:54,3.0,4.0,0.75,0.0,0.0,0.0,0.0,0.0,0.0,0.0,1.0,1.0,0.0,0.0,0.0,2.0,1.0,6.0,2.0
0020100001,1610612739,CLE,Cleveland,1908,Jumaine Jones,Jumaine,G,,27:40,6.0,11.0,0.545,0.0,1.0,0.0,0.0,0.0,0.0,2.0,2.0,4.0,1.0,0.0,0.0,2.0,2.0,12.0,-14.0
0020100001,1610612739,CLE,Cleveland,179,Bryant Stith,Bryant,F,,18:45,2.0,6.0,0.333,0.0,3.0,0.0,0.0,0.0,0.0,0.0,4.0,4.0,3.0,0.0,0.0,1.0,1.0,4.0,-15.0
0020100001,1610612739,CLE,Cleveland,902,Bimbo Coles,Bimbo,G,,15:04,2.0,4.0,0.5,0.0,0.0,0.0,2.0,2.0,1.0,1.0,0.0,1.0,3.0,0.0,0.0,0.0,0.0,6.0,-7.0
0020100001,1610612739,CLE,Cleveland,1729,Ricky Davis,Ricky,,,8:39,5.0,7.0,0.714,0.0,1.0,0.0,2.0,2.0,1.0,0.0,1.0,1.0,2.0,0.0,1.0,1.0,2.0,12.0,8.0
0020100001,1610612739,CLE,Cleveland,1892,Trajan Langdon,Trajan,G,,24:01,5.0,13.0,0.385,2.0,7.0,0.286,1.0,1.0,1.0,1.0,3.0,4.0,6.0,0.0,0.0,0.0,2.0,13.0,16.0
0020100001,1610612739,CLE,Cleveland,2205,DeSagana Diop,DeSagana,C,,6:25,0.0,1.0,0.0,0.0,0.0,0.0,0.0,0.0,0.0,0.0,2.0,2.0,0.0,0.0,0.0,0.0,1.0,0.0,4.0
0020100001,1610612739,CLE,Cleveland,1781,,,, ,,,,,,,,,,,,,,,,,,,,
0020100001,1610612739,CLE,Cleveland,1786,,,, ,,,,,,,,,,,,,,,,,,,,
0020100001,1610612739,CLE,Cleveland,1241,,,, ,,,,,,,,,,,,,,,,,,,,
0020100001,1610612739,CLE,Cleveland,1638,,,, ,,,,,,,,,,,,,,,,,,,,
0020100001,1610612739,CLE,Cleveland,2096,,,, ,,,,,,,,,,,,,,,,,,,,
0020100001,1610612739,CLE,Cleveland,2174,,,, ,,,,,,,,,,,,,,,,,,,,
0020100001,1610612739,CLE,Cleveland,0,,,, ,,,,,,,,,,,,,,,,,,,,
0020100001,1610612739,CLE,Cleveland,1992,,,, ,,,,,,,,,,,,,,,,,,,,
0020100001,1610612739,CLE,Cleveland,2006,,,, ,,,,,,,,,,,,,,,,,,,,
0020100004,1610612761,TOR,Toronto,2050,Morris Peterson,Morris,G,,31:19,2.0,10.0,0.2,1.0,4.0,0.25,4.0,6.0,0.667,1.0,0.0,1.0,1.0,2.0,0.0,2.0,5.0,9.0,-28.0
0020100004,1610612761,TOR,Toronto,213,Antonio Davis,Antonio,F,,24:41,3.0,11.0,0.273,0.0,0.0,0.0,1.0,4.0,0.25,5.0,5.0,10.0,1.0,0.0,0.0,6.0,3.0,7.0,-31.0
0020100004,1610612761,TOR,Toronto,165,Hakeem Olajuwon,Hakeem,F,,22:33,4.0,6.0,0.667,0.0,0.0,0.0,3.0,6.0,0.5,2.0,2.0,4.0,0.0,1.0,1.0,0.0,3.0,11.0,-20.0
0020100004,1610612761,TOR,Toronto,1713,Vince Carter,Vince,G,,22:40,2.0,14.0,0.143,0.0,3.0,0.0,7.0,7.0,1.0,3.0,0.0,3.0,3.0,1.0,0.0,3.0,4.0,11.0,-17.0
0020100004,1610612761,TOR,Toronto,1541,Alvin Williams,Alvin,G,,26:17,2.0,7.0,0.286,0.0,1.0,0.0,0.0,0.0,0.0,2.0,0.0,2.0,2.0,3.0,1.0,0.0,1.0,4.0,-18.0
0020100004,1610612761,TOR,Toronto,1721,Keon Clark,Keon,G,,22:47,5.0,6.0,0.833,0.0,0.0,0.0,1.0,2.0,0.5,3.0,6.0,9.0,2.0,0.0,1.0,2.0,3.0,11.0,3.0
0020100004,1610612761,TOR,Toronto,966,Jerome Williams,Jerome,F,,26:39,1.0,4.0,0.25,0.0,0.0,0.0,5.0,8.0,0.625,4.0,1.0,5.0,2.0,3.0,0.0,2.0,3.0,7.0,-6.0
0020100004,1610612761,TOR,Toronto,376,Eric Montross,Eric,C,,13:17,2.0,5.0,0.4,0.0,0.0,0.0,0.0,0.0,0.0,0.0,1.0,1.0,0.0,1.0,0.0,1.0,4.0,4.0,-1.0
0020100004,1610612761,TOR,Toronto,164,Chris Childs,Chris,G,,22:22,3.0,3.0,1.0,1.0,1.0,1.0,6.0,6.0,1.0,0.0,1.0,1.0,3.0,1.0,0.0,3.0,2.0,13.0,-7.0
0020100004,1610612761,TOR,Toronto,145,Tracy Murray,Tracy,G,,12:00,3.0,7.0,0.429,1.0,2.0,0.5,0.0,0.0,0.0,2.0,0.0,2.0,1.0,0.0,0.0,0.0,0.0,7.0,-5.0
0020100004,1610612761,TOR,Toronto,2306,Carlos Arroyo,Carlos,,,8:25,0.0,1.0,0.0,0.0,0.0,0.0,0.0,2.0,0.0,0.0,0.0,0.0,2.0,1.0,0.0,0.0,0.0,0.0,-6.0
0020100004,1610612761,TOR,Toronto,2214,Michael Bradley,Michael,,,7:01,0.0,1.0,0.0,0.0,1.0,0.0,1.0,4.0,0.25,0.0,0.0,0.0,0.0,0.0,0.0,2.0,1.0,1.0,-9.0
0020100004,1610612761,TOR,Toronto,2162,,,, ,,,,,,,,,,,,,,,,,,,,
0020100004,1610612761,TOR,Toronto,1344,,,, ,,,,,,,,,,,,,,,,,,,,
0020100004,1610612761,TOR,Toronto,1368,,,, ,,,,,,,,,,,,,,,,,,,,
0020100004,1610612761,TOR,Toronto,883,,,, ,,,,,,,,,,,,,,,,,,,,
0020100004,1610612761,TOR,Toronto,1205,,,, ,,,,,,,,,,,,,,,,,,,,
0020100004,1610612761,TOR,Toronto,1266,,,, ,,,,,,,,,,,,,,,,,,,,
0020100004,1610612753,ORL,Orlando,255,Grant Hill,Grant,F,,31:40,9.0,14.0,0.643,0.0,0.0,0.0,4.0,5.0,0.8,0.0,3.0,3.0,5.0,0.0,0.0,4.0,2.0,22.0,26.0
0020100004,1610612753,ORL,Orlando,270,Horace Grant,Horace,G,,29:18,5.0,8.0,0.625,0.0,0.0,0.0,2.0,2.0,1.0,3.0,3.0,6.0,2.0,1.0,0.0,0.0,2.0,12.0,28.0
0020100004,1610612753,ORL,Orlando,692,Andrew DeClercq,Andrew,C,,12:21,0.0,0.0,0.0,0.0,0.0,0.0,3.0,4.0,0.75,0.0,3.0,3.0,2.0,3.0,0.0,1.0,5.0,3.0,12.0
0020100004,1610612753,ORL,Orlando,1503,Tracy McGrady,Tracy,G,,34:28,9.0,16.0,0.563,1.0,2.0,0.5,4.0,10.0,0.4,1.0,3.0,4.0,5.0,1.0,1.0,2.0,1.0,23.0,31.0
0020100004,1610612753,ORL,Orlando,353,Darrell Armstrong,Darrell,G,,28:42,6.0,7.0,0.857,2.0,3.0,0.667,2.0,2.0,1.0,1.0,3.0,4.0,5.0,3.0,1.0,1.0,1.0,16.0,25.0
0020100004,1610612753,ORL,Orlando,121,Patrick Ewing,Patrick,G,,25:05,5.0,8.0,0.625,0.0,0.0,0.0,2.0,2.0,1.0,3.0,5.0,8.0,0.0,2.0,3.0,3.0,3.0,12.0,5.0
0020100004,1610612753,ORL,Orlando,1727,Pat Garrity,Pat,F,,18:59,3.0,4.0,0.75,1.0,2.0,0.5,0.0,0.0,0.0,0.0,1.0,1.0,0.0,0.0,1.0,0.0,5.0,7.0,3.0
0020100004,1610612753,ORL,Orlando,448,Bo Outlaw,Bo,G,,16:22,0.0,2.0,0.0,0.0,0.0,0.0,0.0,0.0,0.0,1.0,1.0,2.0,1.0,1.0,1.0,2.0,3.0,0.0,-5.0
0020100004,1610612753,ORL,Orlando,1607,Troy Hudson,Troy,F,,19:23,6.0,11.0,0.545,0.0,1.0,0.0,0.0,0.0,0.0,0.0,2.0,2.0,2.0,0.0,0.0,3.0,3.0,12.0,4.0
0020100004,1610612753,ORL,Orlando,690,Don Reid,Don,,,9:45,0.0,0.0,0.0,0.0,0.0,0.0,0.0,0.0,0.0,1.0,1.0,2.0,0.0,0.0,0.0,1.0,5.0,0.0,13.0
0020100004,1610612753,ORL,Orlando,42,Monty Williams,Monty,,,10:05,1.0,1.0,1.0,0.0,0.0,0.0,3.0,4.0,0.75,0.0,1.0,1.0,1.0,1.0,0.0,0.0,0.0,5.0,1.0
0020100004,1610612753,ORL,Orlando,2212,Steven Hunter,Steven,,,3:53,0.0,1.0,0.0,0.0,0.0,0.0,2.0,2.0,1.0,0.0,1.0,1.0,0.0,0.0,0.0,0.0,1.0,2.0,2.0
0020100004,1610612753,ORL,Orlando,1941,,,, ,,,,,,,,,,,,,,,,,,,,
0020100004,1610612753,ORL,Orlando,1650,,,, ,,,,,,,,,,,,,,,,,,,,
0020100004,1610612753,ORL,Orlando,837,,,, ,,,,,,,,,,,,,,,,,,,,
0020100004,1610612753,ORL,Orlando,1296,,,, ,,,,,,,,,,,,,,,,,,,,
0020100004,1610612753,ORL,Orlando,1307,,,, ,,,,,,,,,,,,,,,,,,,,
0020100004,1610612753,ORL,Orlando,1309,,,, ,,,,,,,,,,,,,,,,,,,,
0020100004,1610612753,ORL,Orlando,1332,,,, ,,,,,,,,,,,,,,,,,,,,
0020100012,1610612757,POR,Portland,937,Scottie Pippen,Scottie,F,,32:50,1.0,5.0,0.2,0.0,2.0,0.0,0.0,0.0,0.0,1.0,4.0,5.0,5.0,0.0,1.0,0.0,1.0,2.0,-16.0
0020100012,1610612757,POR,Portland,739,Rasheed Wallace,Rasheed,F,,41:03,10.0,21.0,0.476,0.0,2.0,0.0,2.0,2.0,1.0,0.0,12.0,12.0,0.0,0.0,3.0,4.0,4.0,22.0,-2.0
0020100012,1610612757,POR,Portland,905,Dale Davis,Dale,F,,28:07,1.0,4.0,0.25,0.0,0.0,0.0,0.0,0.0,0.0,1.0,7.0,8.0,1.0,1.0,2.0,1.0,5.0,2.0,-5.0
0020100012,1610612757,POR,Portland,1507,Derek Anderson,Derek,G,,25:04,5.0,10.0,0.5,3.0,4.0,0.75,4.0,4.0,1.0,0.0,0.0,0.0,2.0,1.0,0.0,4.0,1.0,17.0,-1.0
0020100012,1610612757,POR,Portland,757,Damon Stoudamire,Damon,G,,43:13,6.0,12.0,0.5,1.0,1.0,1.0,7.0,8.0,0.875,1.0,3.0,4.0,6.0,3.0,0.0,2.0,1.0,20.0,-5.0
0020100012,1610612757,POR,Portland,1719,Bonzi Wells,Bonzi,G,,20:28,3.0,8.0,0.375,0.0,1.0,0.0,1.0,4.0,0.25,0.0,3.0,3.0,0.0,1.0,0.0,1.0,3.0,7.0,-6.0
0020100012,1610612757,POR,Portland,431,Shawn Kemp,Shawn,F,,21:36,4.0,8.0,0.5,0.0,0.0,0.0,4.0,4.0,1.0,1.0,3.0,4.0,0.0,1.0,1.0,1.0,6.0,12.0,-8.0
0020100012,1610612757,POR,Portland,2257,Ruben Boumtje-Boumtje,Ruben,F,,5:48,0.0,0.0,0.0,0.0,0.0,0.0,0.0,0.0,0.0,0.0,3.0,3.0,0.0,0.0,0.0,0.0,2.0,0.0,-8.0
0020100012,1610612757,POR,Portland,70,Steve Kerr,Steve,C,,12:09,1.0,3.0,0.333,0.0,1.0,0.0,1.0,1.0,1.0,0.0,1.0,1.0,1.0,0.0,0.0,0.0,4.0,3.0,-2.0
0020100012,1610612757,POR,Portland,2057,Erick Barkley,Erick,,,8:41,0.0,1.0,0.0,0.0,1.0,0.0,1.0,2.0,0.5,0.0,1.0,1.0,2.0,3.0,0.0,1.0,1.0,1.0,-3.0
0020100012,1610612757,POR,Portland,2216,Zach Randolph,Zach,,,1:01,0.0,1.0,0.0,0.0,0.0,0.0,1.0,2.0,0.5,1.0,0.0,1.0,0.0,0.0,0.0,1.0,0.0,1.0,1.0
0020100012,1610612757,POR,Portland,2342,,,, ,,,,,,,,,,,,,,,,,,,,
0020100012,1610612757,POR,Portland,2374,,,, ,,,,,,,,,,,,,,,,,,,,
0020100012,1610612757,POR,Portland,2375,,,, ,,,,,,,,,,,,,,,,,,,,
0020100012,1610612757,POR,Portland,1312,,,, ,,,,,,,,,,,,,,,,,,,,
0020100012,1610612757,POR,Portland,1329,,,, ,,,,,,,,,,,,,,,,,,,,
0020100012,1610612757,POR,Portland,1357,,,, ,,,,,,,,,,,,,,,,,,,,
0020100012,1610612757,POR,Portland,1739,Ruben Patterson,Ruben,,NWT - League suspension.,,,,,,,,,,,,,,,,,,,,
0020100012,1610612747,LAL,Los Angeles,296,Rick Fox,Rick,F,,33:38,4.0,7.0,0.571,1.0,4.0,0.25,0.0,0.0,0.0,1.0,4.0,5.0,2.0,1.0,0.0,3.0,6.0,9.0,9.0
0020100012,1610612747,LAL,Los Angeles,955,Samaki Walker,Samaki,G,,14:37,0.0,0.0,0.0,0.0,0.0,0.0,1.0,2.0,0.5,0.0,3.0,3.0,1.0,0.0,0.0,1.0,3.0,1.0,7.0
0020100012,1610612747,LAL,Los Angeles,406,Shaquille O'Neal,Shaquille,C,,40:11,10.0,23.0,0.435,0.0,0.0,0.0,9.0,16.0,0.563,5.0,13.0,18.0,5.0,1.0,5.0,3.0,3.0,29.0,10.0
0020100012,1610612747,LAL,Los Angeles,977,Kobe Bryant,Kobe,G,,42:36,11.0,24.0,0.458,1.0,1.0,1.0,6.0,8.0,0.75,2.0,5.0,7.0,4.0,3.0,1.0,2.0,0.0,29.0,4.0
0020100012,1610612747,LAL,Los Angeles,283,Lindsey Hunter,Lindsey,G,,32:25,4.0,8.0,0.5,2.0,5.0,0.4,0.0,0.0,0.0,0.0,0.0,0.0,3.0,2.0,0.0,3.0,2.0,10.0,0.0
0020100012,1610612747,LAL,Los Angeles,109,Robert Horry,Robert,F,,28:41,4.0,6.0,0.667,2.0,3.0,0.667,0.0,0.0,0.0,2.0,1.0,3.0,2.0,0.0,1.0,0.0,3.0,10.0,5.0
0020100012,1610612747,LAL,Los Angeles,2098,Slava Medvedenko,Slava,G,,11:19,2.0,5.0,0.4,0.0,0.0,0.0,1.0,3.0,0.333,0.0,0.0,0.0,0.0,1.0,0.0,0.0,0.0,5.0,1.0
0020100012,1610612747,LAL,Los Angeles,782,Mitch Richmond,Mitch,G,,18:46,2.0,4.0,0.5,1.0,2.0,0.5,0.0,0.0,0.0,1.0,1.0,2.0,1.0,0.0,0.0,2.0,3.0,5.0,10.0
0020100012,1610612747,LAL,Los Angeles,1741,Jelani McCoy,Jelani,,,1:12,0.0,0.0,0.0,0.0,0.0,0.0,0.0,0.0,0.0,0.0,0.0,0.0,0.0,0.0,0.0,0.0,0.0,0.0,-1.0
0020100012,1610612747,LAL,Los Angeles,216,Brian Shaw,Brian,F,,15:35,0.0,2.0,0.0,0.0,1.0,0.0,0.0,0.0,0.0,0.0,7.0,7.0,4.0,0.0,0.0,1.0,0.0,0.0,11.0
0020100012,1610612747,LAL,Los Angeles,1904,Devean George,Devean,,,1:00,0.0,0.0,0.0,0.0,0.0,0.0,0.0,0.0,0.0,0.0,0.0,0.0,0.0,0.0,0.0,0.0,1.0,0.0,-1.0
0020100012,1610612747,LAL,Los Angeles,1219,,,, ,,,,,,,,,,,,,,,,,,,,
0020100012,1610612747,LAL,Los Angeles,1221,,,, ,,,,,,,,,,,,,,,,,,,,
0020100012,1610612747,LAL,Los Angeles,1223,,,, ,,,,,,,,,,,,,,,,,,,,
0020100012,1610612747,LAL,Los Angeles,1230,,,, ,,,,,,,,,,,,,,,,,,,,
0020100012,1610612747,LAL,Los Angeles,1272,,,, ,,,,,,,,,,,,,,,,,,,,
0020100012,1610612747,LAL,Los Angeles,1273,,,, ,,,,,,,,,,,,,,,,,,,,
0020100012,1610612747,LAL,Los Angeles,2130,Mike Penberthy,Mike,,DNP - Coach's Decision,,,,,,,,,,,,,,,,,,,,
0020100017,1610612744,GSW,Golden State,1712,Antawn Jamison,Antawn,G,,44:28,10.0,24.0,0.417,0.0,0.0,0.0,3.0,3.0,1.0,3.0,2.0,5.0,3.0,0.0,1.0,2.0,2.0,23.0,-4.0
0020100017,1610612744,GSW,Golden State,1504,Danny Fortson,Danny,G,,32:20,5.0,14.0,0.357,0.0,0.0,0.0,5.0,6.0,0.833,1.0,11.0,12.0,0.0,1.0,0.0,1.0,2.0,15.0,0.0
0020100017,1610612744,GSW,Golden State,956,Erick Dampier,Erick,F,,33:20,7.0,13.0,0.538,0.0,0.0,0.0,4.0,6.0,0.667,4.0,3.0,7.0,1.0,0.0,2.0,5.0,4.0,18.0,-1.0
0020100017,1610612744,GSW,Golden State,1716,Larry Hughes,Larry,G,,19:53,3.0,4.0,0.75,1.0,2.0,0.5,0.0,0.0,0.0,0.0,2.0,2.0,3.0,0.0,1.0,1.0,2.0,7.0,-5.0
0020100017,1610612744,GSW,Golden State,682,Bob Sura,Bob,G,,31:23,2.0,6.0,0.333,1.0,3.0,0.333,0.0,0.0,0.0,1.0,3.0,4.0,2.0,3.0,0.0,1.0,2.0,5.0,-5.0
0020100017,1610612744,GSW,Golden State,302,Mookie Blaylock,Mookie,G,,28:18,0.0,4.0,0.0,0.0,2.0,0.0,0.0,0.0,0.0,0.0,1.0,1.0,6.0,2.0,0.0,1.0,1.0,0.0,0.0
0020100017,1610612744,GSW,Golden State,1502,Adonal Foyle,Adonal,F,,14:30,3.0,4.0,0.75,0.0,0.0,0.0,1.0,3.0,0.333,2.0,1.0,3.0,0.0,1.0,2.0,1.0,3.0,7.0,-4.0
0020100017,1610612744,GSW,Golden State,2202,Jason Richardson,Jason,G,,16:37,2.0,6.0,0.333,0.0,0.0,0.0,2.0,2.0,1.0,0.0,3.0,3.0,2.0,0.0,0.0,1.0,2.0,6.0,0.0
0020100017,1610612744,GSW,Golden State,2211,Troy Murphy,Troy,,,15:40,1.0,5.0,0.2,0.0,0.0,0.0,2.0,2.0,1.0,1.0,3.0,4.0,0.0,2.0,1.0,1.0,1.0,4.0,-5.0
0020100017,1610612744,GSW,Golden State,168,Chris Mills,Chris,,,3:32,1.0,1.0,1.0,0.0,0.0,0.0,0.0,0.0,0.0,0.0,0.0,0.0,0.0,0.0,1.0,0.0,1.0,2.0,-1.0
0020100017,1610612744,GSW,Golden State,1217,,,, ,,,,,,,,,,,,,,,,,,,,
0020100017,1610612744,GSW,Golden State,1252,,,, ,,,,,,,,,,,,,,,,,,,,
0020100017,1610612744,GSW,Golden State,1323,,,, ,,,,,,,,,,,,,,,,,,,,
0020100017,1610612744,GSW,Golden State,1373,,,, ,,,,,,,,,,,,,,,,,,,,
0020100017,1610612744,GSW,Golden State,1637,,,, ,,,,,,,,,,,,,,,,,,,,
0020100017,1610612744,GSW,Golden State,1350,,,, ,,,,,,,,,,,,,,,,,,,,
0020100017,1610612744,GSW,Golden State,500093,,,, ,,,,,,,,,,,,,,,,,,,,
0020100017,1610612744,GSW,Golden State,2240,Gilbert Arenas,Gilbert,,DNP - Coach's Decision,,,,,,,,,,,,,,,,,,,,
0020100017,1610612744,GSW,Golden State,1531,Marc Jackson,Marc,,DNP - Coach's Decision,,,,,,,,,,,,,,,,,,,,
0020100017,1610612757,POR,Portland,937,Scottie Pippen,Scottie,F,,35:46,10.0,14.0,0.714,5.0,5.0,1.0,1.0,2.0,0.5,5.0,4.0,9.0,5.0,1.0,1.0,6.0,3.0,26.0,7.0
0020100017,1610612757,POR,Portland,739,Rasheed Wallace,Rasheed,F,,42:50,2.0,17.0,0.118,0.0,1.0,0.0,6.0,8.0,0.75,2.0,7.0,9.0,4.0,0.0,1.0,2.0,2.0,10.0,8.0
0020100017,1610612757,POR,Portland,905,Dale Davis,Dale,F,,23:29,4.0,5.0,0.8,0.0,0.0,0.0,2.0,2.0,1.0,1.0,1.0,2.0,1.0,0.0,0.0,0.0,2.0,10.0,-7.0
0020100017,1610612757,POR,Portland,1719,Bonzi Wells,Bonzi,G,,41:09,13.0,25.0,0.52,1.0,1.0,1.0,6.0,7.0,0.857,0.0,3.0,3.0,3.0,1.0,3.0,3.0,2.0,33.0,2.0
0020100017,1610612757,POR,Portland,757,Damon Stoudamire,Damon,G,,43:14,3.0,11.0,0.273,1.0,3.0,0.333,0.0,0.0,0.0,4.0,3.0,7.0,12.0,2.0,1.0,1.0,2.0,7.0,5.0
0020100017,1610612757,POR,Portland,70,Steve Kerr,Steve,F,,19:16,0.0,3.0,0.0,0.0,1.0,0.0,0.0,0.0,0.0,0.0,2.0,2.0,2.0,0.0,0.0,0.0,1.0,0.0,1.0
0020100017,1610612757,POR,Portland,431,Shawn Kemp,Shawn,F,,18:23,3.0,6.0,0.5,0.0,0.0,0.0,0.0,0.0,0.0,2.0,4.0,6.0,0.0,1.0,1.0,2.0,4.0,6.0,6.0
0020100017,1610612757,POR,Portland,2057,Erick Barkley,Erick,,,4:46,0.0,1.0,0.0,0.0,0.0,0.0,0.0,0.0,0.0,0.0,3.0,3.0,0.0,0.0,0.0,2.0,1.0,0.0,0.0
0020100017,1610612757,POR,Portland,2257,Ruben Boumtje-Boumtje,Ruben,G,,11:08,0.0,0.0,0.0,0.0,0.0,0.0,0.0,0.0,0.0,0.0,0.0,0.0,0.0,0.0,3.0,0.0,3.0,0.0,3.0
0020100017,1610612757,POR,Portland,2342,,,, ,,,,,,,,,,,,,,,,,,,,
0020100017,1610612757,POR,Portland,2374,,,, ,,,,,,,,,,,,,,,,,,,,
0020100017,1610612757,POR,Portland,2375,,,, ,,,,,,,,,,,,,,,,,,,,
0020100017,1610612757,POR,Portland,1357,,,, ,,,,,,,,,,,,,,,,,,,,
0020100017,1610612757,POR,Portland,1329,,,, ,,,,,,,,,,,,,,,,,,,,
0020100017,1610612757,POR,Portland,1312,,,, ,,,,,,,,,,,,,,,,,,,,
0020100017,1610612757,POR,Portland,1507,Derek Anderson,Derek,,DND-sprained right ankle,,,,,,,,,,,,,,,,,,,,
0020100017,1610612757,POR,Portland,1739,Ruben Patterson,Ruben,,NWT-League Suspension,,,,,,,,,,,,,,,,,,,,
0020100017,1610612757,POR,Portland,2216,Zach Randolph,Zach,,DNP - Coach's Decision,,,,,,,,,,,,,,,,,,,,
0020100013,1610612751,NJN,New Jersey,2030,Kenyon Martin,Kenyon,F,,32:15,5.0,11.0,0.455,0.0,0.0,0.0,3.0,4.0,0.75,0.0,6.0,6.0,1.0,2.0,2.0,2.0,6.0,13.0,2.0
0020100013,1610612751,NJN,New Jersey,1496,Keith Van Horn,Keith,F,,30:28,2.0,7.0,0.286,2.0,5.0,0.4,2.0,2.0,1.0,0.0,6.0,6.0,3.0,0.0,0.0,7.0,2.0,8.0,-7.0
0020100013,1610612751,NJN,New Jersey,1928,Todd MacCulloch,Todd,C,,29:46,4.0,7.0,0.571,0.0,0.0,0.0,4.0,4.0,1.0,2.0,10.0,12.0,1.0,0.0,3.0,3.0,4.0,12.0,3.0
0020100013,1610612751,NJN,New Jersey,467,Jason Kidd,Jason,G,,37:04,5.0,15.0,0.333,3.0,4.0,0.75,8.0,8.0,1.0,3.0,5.0,8.0,10.0,1.0,0.0,1.0,1.0,21.0,-4.0
0020100013,1610612751,NJN,New Jersey,954,Kerry Kittles,Kerry,G,,37:14,5.0,13.0,0.385,3.0,5.0,0.6,0.0,0.0,0.0,1.0,2.0,3.0,2.0,2.0,0.0,1.0,2.0,13.0,0.0
0020100013,1610612751,NJN,New Jersey,2210,Richard Jefferson,Richard,F,,25:10,4.0,8.0,0.5,0.0,1.0,0.0,3.0,6.0,0.5,1.0,4.0,5.0,0.0,0.0,0.0,1.0,3.0,11.0,3.0
0020100013,1610612751,NJN,New Jersey,1760,Derrick Dial,Derrick,G,,10:56,3.0,4.0,0.75,0.0,0.0,0.0,0.0,0.0,0.0,0.0,1.0,1.0,2.0,0.0,0.0,0.0,0.0,6.0,7.0
0020100013,1610612751,NJN,New Jersey,2215,Jason Collins,Jason,C,,8:07,0.0,0.0,0.0,0.0,0.0,0.0,0.0,0.0,0.0,0.0,1.0,1.0,0.0,0.0,0.0,3.0,2.0,0.0,8.0
0020100013,1610612751,NJN,New Jersey,1425,Aaron Williams,Aaron,F,,18:14,2.0,6.0,0.333,0.0,0.0,0.0,0.0,0.0,0.0,1.0,4.0,5.0,1.0,0.0,1.0,1.0,5.0,4.0,0.0
0020100013,1610612751,NJN,New Jersey,446,Lucious Harris,Lucious,G,,10:46,2.0,4.0,0.5,0.0,1.0,0.0,3.0,3.0,1.0,0.0,0.0,0.0,1.0,0.0,1.0,0.0,2.0,7.0,3.0
0020100013,1610612751,NJN,New Jersey,1303,,,, ,,,,,,,,,,,,,,,,,,,,
0020100013,1610612751,NJN,New Jersey,1876,,,, ,,,,,,,,,,,,,,,,,,,,
0020100013,1610612751,NJN,New Jersey,2009,,,, ,,,,,,,,,,,,,,,,,,,,
0020100013,1610612751,NJN,New Jersey,2380,,,, ,,,,,,,,,,,,,,,,,,,,
0020100013,1610612751,NJN,New Jersey,1776,,,, ,,,,,,,,,,,,,,,,,,,,
0020100013,1610612751,NJN,New Jersey,1789,,,, ,,,,,,,,,,,,,,,,,,,,
0020100013,1610612751,NJN,New Jersey,1673,,,, ,,,,,,,,,,,,,,,,,,,,
0020100013,1610612751,NJN,New Jersey,1324,,,, ,,,,,,,,,,,,,,,,,,,,
0020100013,1610612751,NJN,New Jersey,2220,Brandon Armstrong,Brandon,,DNP - Coach's Decision,,,,,,,,,,,,,,,,,,,,
0020100013,1610612751,NJN,New Jersey,1073,Reggie Slater,Reggie,,DNP - Coach's Decision,,,,,,,,,,,,,,,,,,,,
0020100013,1610612738,BOS,Boston,952,Antoine Walker,Antoine,F,,43:21,6.0,29.0,0.207,2.0,11.0,0.182,2.0,4.0,0.5,4.0,6.0,10.0,2.0,2.0,0.0,4.0,3.0,16.0,0.0
0020100013,1610612738,BOS,Boston,1718,Paul Pierce,Paul,F,,39:03,12.0,28.0,0.429,7.0,9.0,0.778,5.0,8.0,0.625,3.0,7.0,10.0,0.0,1.0,0.0,5.0,5.0,36.0,-9.0
0020100013,1610612738,BOS,Boston,1499,Tony Battie,Tony,C,,30:11,3.0,4.0,0.75,0.0,0.0,0.0,3.0,6.0,0.5,5.0,4.0,9.0,0.0,0.0,1.0,1.0,3.0,9.0,1.0
0020100013,1610612738,BOS,Boston,72,Kenny Anderson,Kenny,G,,36:55,4.0,8.0,0.5,0.0,0.0,0.0,0.0,2.0,0.0,1.0,5.0,6.0,11.0,5.0,0.0,1.0,3.0,8.0,2.0
0020100013,1610612738,BOS,Boston,677,Eric Williams,Eric,G,,30:25,2.0,8.0,0.25,0.0,2.0,0.0,0.0,2.0,0.0,2.0,4.0,6.0,4.0,1.0,1.0,1.0,3.0,4.0,-4.0
0020100013,1610612738,BOS,Boston,2207,Joe Johnson,Joe,G,,22:51,2.0,4.0,0.5,0.0,0.0,0.0,3.0,4.0,0.75,0.0,0.0,0.0,1.0,0.0,0.0,1.0,0.0,7.0,8.0
0020100013,1610612738,BOS,Boston,1548,Mark Blount,Mark,C,,14:37,2.0,2.0,1.0,0.0,0.0,0.0,1.0,2.0,0.5,1.0,2.0,3.0,0.0,1.0,2.0,2.0,1.0,5.0,1.0
0020100013,1610612738,BOS,Boston,1960,Milt Palacio,Milt,G,,13:12,2.0,4.0,0.5,2.0,3.0,0.667,1.0,1.0,1.0,0.0,5.0,5.0,1.0,0.0,0.0,0.0,0.0,7.0,-5.0
0020100013,1610612738,BOS,Boston,962,Walter McCarty,Walter,,,5:35,0.0,1.0,0.0,0.0,0.0,0.0,0.0,0.0,0.0,0.0,0.0,0.0,1.0,0.0,0.0,0.0,1.0,0.0,-8.0
0020100013,1610612738,BOS,Boston,958,Vitaly Potapenko,Vitaly,,,3:12,0.0,0.0,0.0,0.0,0.0,0.0,0.0,2.0,0.0,2.0,0.0,2.0,0.0,0.0,0.0,0.0,2.0,0.0,-5.0
0020100013,1610612738,BOS,Boston,2208,Kedrick Brown,Kedrick,,,0:38,0.0,0.0,0.0,0.0,0.0,0.0,0.0,0.0,0.0,0.0,0.0,0.0,0.0,0.0,0.0,0.0,0.0,0.0,4.0
0020100013,1610612738,BOS,Boston,2345,,,, ,,,,,,,,,,,,,,,,,,,,
0020100013,1610612738,BOS,Boston,1213,,,, ,,,,,,,,,,,,,,,,,,,,
0020100013,1610612738,BOS,Boston,1321,,,, ,,,,,,,,,,,,,,,,,,,,
0020100013,1610612738,BOS,Boston,1875,,,, ,,,,,,,,,,,,,,,,,,,,
0020100013,1610612738,BOS,Boston,1639,,,, ,,,,,,,,,,,,,,,,,,,,
0020100013,1610612738,BOS,Boston,1641,,,, ,,,,,,,,,,,,,,,,,,,,
0020100013,1610612738,BOS,Boston,2218,Joseph Forte,Joseph,,DNP - Coach's Decision,,,,,,,,,,,,,,,,,,,,
0020100016,1610612754,IND,Indiana,147,Jalen Rose,Jalen,G,,28:19,8.0,17.0,0.471,1.0,2.0,0.5,2.0,2.0,1.0,0.0,3.0,3.0,3.0,0.0,0.0,1.0,2.0,19.0,4.0
0020100016,1610612754,IND,Indiana,1902,Jeff Foster,Jeff,F,,34:21,1.0,6.0,0.167,0.0,1.0,0.0,2.0,2.0,1.0,1.0,8.0,9.0,1.0,2.0,1.0,1.0,2.0,4.0,12.0
0020100016,1610612754,IND,Indiana,979,Jermaine O'Neal,Jermaine,G,,35:02,9.0,15.0,0.6,0.0,0.0,0.0,7.0,10.0,0.7,5.0,5.0,10.0,1.0,1.0,3.0,2.0,3.0,25.0,16.0
0020100016,1610612754,IND,Indiana,397,Reggie Miller,Reggie,G,,32:51,3.0,9.0,0.333,2.0,6.0,0.333,3.0,4.0,0.75,3.0,4.0,7.0,3.0,0.0,0.0,1.0,3.0,11.0,15.0
0020100016,1610612754,IND,Indiana,2224,Jamaal Tinsley,Jamaal,G,,36:00,5.0,13.0,0.385,0.0,1.0,0.0,2.0,2.0,1.0,2.0,4.0,6.0,13.0,5.0,0.0,2.0,3.0,12.0,21.0
0020100016,1610612754,IND,Indiana,1733,Al Harrington,Al,G,,21:44,2.0,7.0,0.286,0.0,1.0,0.0,2.0,2.0,1.0,1.0,4.0,5.0,1.0,0.0,0.0,1.0,6.0,6.0,22.0
0020100016,1610612754,IND,Indiana,696,Travis Best,Travis,F,,12:00,0.0,4.0,0.0,0.0,0.0,0.0,0.0,0.0,0.0,0.0,5.0,5.0,7.0,1.0,0.0,0.0,0.0,0.0,6.0
0020100016,1610612754,IND,Indiana,1886,Jonathan Bender,Jonathan,F,,15:09,2.0,4.0,0.5,1.0,1.0,1.0,0.0,0.0,0.0,1.0,1.0,2.0,0.0,0.0,0.0,2.0,2.0,5.0,12.0
0020100016,1610612754,IND,Indiana,1506,Austin Croshere,Austin,C,,21:25,6.0,8.0,0.75,1.0,1.0,1.0,1.0,1.0,1.0,0.0,4.0,4.0,2.0,0.0,0.0,0.0,1.0,14.0,21.0
0020100016,1610612754,IND,Indiana,1743,Bruno Sundov,Bruno,,,3:09,1.0,2.0,0.5,0.0,0.0,0.0,0.0,0.0,0.0,0.0,0.0,0.0,1.0,1.0,0.0,0.0,0.0,2.0,6.0
0020100016,1610612754,IND,Indiana,1857,,,, ,,,,,,,,,,,,,,,,,,,,
0020100016,1610612754,IND,Indiana,2165,,,, ,,,,,,,,,,,,,,,,,,,,
0020100016,1610612754,IND,Indiana,2099,,,, ,,,,,,,,,,,,,,,,,,,,
0020100016,1610612754,IND,Indiana,2100,,,, ,,,,,,,,,,,,,,,,,,,,
0020100016,1610612754,IND,Indiana,1263,,,, ,,,,,,,,,,,,,,,,,,,,
0020100016,1610612754,IND,Indiana,1299,,,, ,,,,,,,,,,,,,,,,,,,,
0020100016,1610612754,IND,Indiana,1306,,,, ,,,,,,,,,,,,,,,,,,,,
0020100016,1610612754,IND,Indiana,2056,Primoz Brezec,Primoz,,NWT - Influenza,,,,,,,,,,,,,,,,,,,,
0020100016,1610612754,IND,Indiana,435,Carlos Rogers,Carlos,,DNP - Coach's Decision,,,,,,,,,,,,,,,,,,,,
0020100016,1610612741,CHI,Chicago,1500,Ron Mercer,Ron,G,,41:23,10.0,20.0,0.5,0.0,1.0,0.0,2.0,2.0,1.0,0.0,5.0,5.0,5.0,1.0,2.0,4.0,2.0,22.0,-20.0
0020100016,1610612741,CHI,Chicago,891,Charles Oakley,Charles,G,,30:02,1.0,6.0,0.167,0.0,0.0,0.0,0.0,0.0,0.0,2.0,10.0,12.0,3.0,1.0,0.0,2.0,3.0,2.0,-7.0
0020100016,1610612741,CHI,Chicago,1802,Brad Miller,Brad,C,,36:20,7.0,10.0,0.7,0.0,0.0,0.0,10.0,14.0,0.714,5.0,4.0,9.0,1.0,1.0,1.0,1.0,2.0,24.0,-9.0
0020100016,1610612741,CHI,Chicago,21,Greg Anthony,Greg,G,,29:24,3.0,12.0,0.25,0.0,3.0,0.0,1.0,2.0,0.5,0.0,1.0,1.0,5.0,0.0,0.0,2.0,3.0,7.0,-10.0
0020100016,1610612741,CHI,Chicago,697,Fred Hoiberg,Fred,G,,33:06,0.0,5.0,0.0,0.0,1.0,0.0,2.0,2.0,1.0,0.0,3.0,3.0,1.0,0.0,0.0,0.0,1.0,2.0,-5.0
0020100016,1610612741,CHI,Chicago,2033,Marcus Fizer,Marcus,G,,17:29,4.0,11.0,0.364,0.0,0.0,0.0,1.0,3.0,0.333,3.0,3.0,6.0,0.0,0.0,0.0,2.0,4.0,9.0,-14.0
0020100016,1610612741,CHI,Chicago,2239,Trenton Hassell,Trenton,G,,9:00,0.0,2.0,0.0,0.0,1.0,0.0,0.0,0.0,0.0,0.0,1.0,1.0,0.0,0.0,0.0,0.0,1.0,0.0,-14.0
0020100016,1610612741,CHI,Chicago,2201,Eddy Curry,Eddy,G,,11:40,1.0,6.0,0.167,0.0,0.0,0.0,0.0,2.0,0.0,2.0,1.0,3.0,2.0,0.0,0.0,0.0,3.0,2.0,-18.0
0020100016,1610612741,CHI,Chicago,1563,Kevin Ollie,Kevin,F,,18:32,2.0,3.0,0.667,0.0,0.0,0.0,0.0,0.0,0.0,1.0,0.0,1.0,1.0,0.0,0.0,1.0,1.0,4.0,-17.0
0020100016,1610612741,CHI,Chicago,2062,A.J. Guyton,A.J.,C,,6:44,0.0,2.0,0.0,0.0,1.0,0.0,0.0,0.0,0.0,0.0,1.0,1.0,1.0,0.0,0.0,0.0,0.0,0.0,-12.0
0020100016,1610612741,CHI,Chicago,2199,Tyson Chandler,Tyson,,,6:20,0.0,2.0,0.0,0.0,0.0,0.0,1.0,2.0,0.5,0.0,0.0,0.0,0.0,0.0,0.0,1.0,0.0,1.0,-9.0
0020100016,1610612741,CHI,Chicago,2153,,,, ,,,,,,,,,,,,,,,,,,,,
0020100016,1610612741,CHI,Chicago,1779,,,, ,,,,,,,,,,,,,,,,,,,,
0020100016,1610612741,CHI,Chicago,1780,,,, ,,,,,,,,,,,,,,,,,,,,
0020100016,1610612741,CHI,Chicago,1220,,,, ,,,,,,,,,,,,,,,,,,,,
0020100016,1610612741,CHI,Chicago,1254,,,, ,,,,,,,,,,,,,,,,,,,,
0020100016,1610612741,CHI,Chicago,1346,,,, ,,,,,,,,,,,,,,,,,,,,
0020100016,1610612741,CHI,Chicago,2053,Dalibor Bagaric,Dalibor,,DNP - Coach's Decision,,,,,,,,,,,,,,,,,,,,
