GAME_ID,TEAM_ID,TEAM_ABBREVIATION,TEAM_CITY,PLAYER_ID,PLAYER_NAME,NICKNAME,START_POSITION,COMMENT,MIN,FGM,FGA,FG_PCT,FG3M,FG3A,FG3_PCT,FTM,FTA,FT_PCT,OREB,DREB,REB,AST,STL,BLK,TO,PF,PTS,PLUS_MINUS
0020000351,1610612742,DAL,Dallas,714,Michael Finley,Michael,F,,43:45,8.0,17.0,0.471,0.0,1.0,0.0,2.0,3.0,0.667,2.0,3.0,5.0,6.0,2.0,1.0,3.0,1.0,18.0,6.0
0020000351,1610612742,DAL,Dallas,1717,Dirk Nowitzki,Dirk,F,,39:13,10.0,16.0,0.625,5.0,7.0,0.714,6.0,7.0,0.857,0.0,4.0,4.0,2.0,0.0,0.0,2.0,3.0,31.0,19.0
0020000351,1610612742,DAL,Dallas,762,Shawn Bradley,Shawn,C,,32:04,5.0,9.0,0.556,0.0,0.0,0.0,3.0,4.0,0.75,3.0,3.0,6.0,0.0,1.0,3.0,2.0,5.0,13.0,3.0
0020000351,1610612742,DAL,Dallas,458,Howard Eisley,Howard,G,,32:31,2.0,8.0,0.25,1.0,3.0,0.333,2.0,2.0,1.0,0.0,2.0,2.0,4.0,0.0,0.0,2.0,3.0,7.0,6.0
0020000351,1610612742,DAL,Dallas,959,Steve Nash,Steve,G,,40:31,6.0,7.0,0.857,1.0,2.0,0.5,7.0,7.0,1.0,0.0,5.0,5.0,14.0,5.0,0.0,2.0,2.0,20.0,10.0
0020000351,1610612742,DAL,Dallas,93,Hubert Davis,Hubert,G,,24:23,0.0,4.0,0.0,0.0,3.0,0.0,0.0,0.0,0.0,0.0,1.0,1.0,0.0,0.0,0.0,0.0,2.0,0.0,2.0
0020000351,1610612742,DAL,Dallas,919,Loy Vaught,Loy,F,,5:24,1.0,2.0,0.5,0.0,0.0,0.0,0.0,0.0,0.0,0.0,2.0,2.0,0.0,0.0,0.0,0.0,2.0,2.0,-4.0
0020000351,1610612742,DAL,Dallas,363,Christian Laettner,Christian,,,5:48,2.0,3.0,0.667,0.0,0.0,0.0,2.0,2.0,1.0,0.0,0.0,0.0,0.0,0.0,1.0,0.0,2.0,6.0,-5.0
0020000351,1610612742,DAL,Dallas,718,Gary Trent,Gary,C,,12:04,2.0,3.0,0.667,0.0,0.0,0.0,0.0,0.0,0.0,1.0,2.0,3.0,0.0,0.0,0.0,1.0,1.0,4.0,1.0
0020000351,1610612742,DAL,Dallas,2042,Courtney Alexander,Courtney,G,,4:17,2.0,5.0,0.4,0.0,0.0,0.0,1.0,1.0,1.0,2.0,2.0,4.0,0.0,0.0,0.0,0.0,0.0,5.0,2.0
0020000351,1610612742,DAL,Dallas,2154,,,, ,,,,,,,,,,,,,,,,,,,,
0020000351,1610612742,DAL,Dallas,1782,,,, ,,,,,,,,,,,,,,,,,,,,
0020000351,1610612742,DAL,Dallas,1233,,,, ,,,,,,,,,,,,,,,,,,,,
0020000351,1610612742,DAL,Dallas,1269,,,, ,,,,,,,,,,,,,,,,,,,,
0020000351,1610612742,DAL,Dallas,1317,,,, ,,,,,,,,,,,,,,,,,,,,
0020000351,1610612742,DAL,Dallas,1370,,,, ,,,,,,,,,,,,,,,,,,,,
0020000351,1610612742,DAL,Dallas,1483,,,, ,,,,,,,,,,,,,,,,,,,,
0020000351,1610612742,DAL,Dallas,1643,,,, ,,,,,,,,,,,,,,,,,,,,
0020000351,1610612742,DAL,Dallas,95,Mark Bryant,Mark,,DNP - Coach's Decision,,,,,,,,,,,,,,,,,,,,
0020000351,1610612742,DAL,Dallas,2051,Donnell Harvey,Donnell,,DNP - Coach's Decision,,,,,,,,,,,,,,,,,,,,
0020000351,1610612738,BOS,Boston,952,Antoine Walker,Antoine,F,,43:33,9.0,21.0,0.429,1.0,7.0,0.143,1.0,3.0,0.333,5.0,12.0,17.0,6.0,2.0,0.0,3.0,1.0,20.0,-8.0
0020000351,1610612738,BOS,Boston,1718,Paul Pierce,Paul,F,,41:25,9.0,20.0,0.45,0.0,3.0,0.0,12.0,13.0,0.923,1.0,2.0,3.0,2.0,4.0,1.0,0.0,2.0,30.0,3.0
0020000351,1610612738,BOS,Boston,1499,Tony Battie,Tony,C,,19:59,5.0,7.0,0.714,0.0,0.0,0.0,2.0,2.0,1.0,2.0,4.0,6.0,0.0,0.0,2.0,2.0,4.0,12.0,-10.0
0020000351,1610612738,BOS,Boston,72,Kenny Anderson,Kenny,G,,25:26,2.0,7.0,0.286,0.0,1.0,0.0,0.0,0.0,0.0,0.0,0.0,0.0,2.0,0.0,0.0,2.0,3.0,4.0,2.0
0020000351,1610612738,BOS,Boston,179,Bryant Stith,Bryant,G,,38:21,4.0,9.0,0.444,3.0,5.0,0.6,0.0,0.0,0.0,2.0,2.0,4.0,4.0,0.0,0.0,2.0,4.0,11.0,-11.0
0020000351,1610612738,BOS,Boston,753,Randy Brown,Randy,G,,8:57,0.0,1.0,0.0,0.0,0.0,0.0,0.0,0.0,0.0,0.0,0.0,0.0,1.0,0.0,0.0,2.0,0.0,0.0,-13.0
0020000351,1610612738,BOS,Boston,1559,Adrian Griffin,Adrian,,,15:30,1.0,4.0,0.25,0.0,0.0,0.0,0.0,0.0,0.0,3.0,3.0,6.0,2.0,1.0,0.0,1.0,2.0,2.0,-5.0
0020000351,1610612738,BOS,Boston,958,Vitaly Potapenko,Vitaly,C,,25:55,5.0,6.0,0.833,0.0,0.0,0.0,4.0,5.0,0.8,3.0,4.0,7.0,1.0,0.0,0.0,0.0,4.0,14.0,2.0
0020000351,1610612738,BOS,Boston,962,Walter McCarty,Walter,F,,7:17,1.0,2.0,0.5,1.0,1.0,1.0,0.0,0.0,0.0,0.0,1.0,1.0,1.0,1.0,1.0,0.0,1.0,3.0,-3.0
0020000351,1610612738,BOS,Boston,1960,Milt Palacio,Milt,,,13:37,0.0,4.0,0.0,0.0,1.0,0.0,2.0,2.0,1.0,0.0,0.0,0.0,5.0,1.0,0.0,0.0,3.0,2.0,3.0
0020000351,1610612738,BOS,Boston,1875,,,, ,,,,,,,,,,,,,,,,,,,,
0020000351,1610612738,BOS,Boston,1213,,,, ,,,,,,,,,,,,,,,,,,,,
0020000351,1610612738,BOS,Boston,1486,,,, ,,,,,,,,,,,,,,,,,,,,
0020000351,1610612738,BOS,Boston,1639,,,, ,,,,,,,,,,,,,,,,,,,,
0020000351,1610612738,BOS,Boston,1641,,,, ,,,,,,,,,,,,,,,,,,,,
0020000351,1610612738,BOS,Boston,2040,Jerome Moiso,Jerome,,DNP - Coach's Decision,,,,,,,,,,,,,,,,,,,,
0020000351,1610612738,BOS,Boston,677,Eric Williams,Eric,,DNP - Coach's Decision,,,,,,,,,,,,,,,,,,,,
0020000355,1610612754,IND,Indiana,1733,Al Harrington,Al,G,,12:55,0.0,2.0,0.0,0.0,0.0,0.0,1.0,2.0,0.5,0.0,2.0,2.0,1.0,0.0,0.0,1.0,3.0,1.0,-5.0
0020000355,1610612754,IND,Indiana,979,Jermaine O'Neal,Jermaine,F,,33:06,4.0,12.0,0.333,0.0,1.0,0.0,3.0,4.0,0.75,2.0,11.0,13.0,1.0,0.0,5.0,3.0,4.0,11.0,-5.0
0020000355,1610612754,IND,Indiana,1902,Jeff Foster,Jeff,F,,32:56,5.0,6.0,0.833,0.0,0.0,0.0,1.0,4.0,0.25,2.0,7.0,9.0,2.0,2.0,0.0,2.0,3.0,11.0,9.0
0020000355,1610612754,IND,Indiana,147,Jalen Rose,Jalen,G,,41:26,4.0,13.0,0.308,0.0,2.0,0.0,5.0,5.0,1.0,1.0,1.0,2.0,5.0,1.0,1.0,5.0,5.0,13.0,6.0
0020000355,1610612754,IND,Indiana,397,Reggie Miller,Reggie,G,,42:12,6.0,11.0,0.545,3.0,4.0,0.75,7.0,8.0,0.875,1.0,3.0,4.0,3.0,2.0,0.0,2.0,2.0,22.0,10.0
0020000355,1610612754,IND,Indiana,1506,Austin Croshere,Austin,F,,12:50,1.0,4.0,0.25,0.0,0.0,0.0,0.0,0.0,0.0,1.0,0.0,1.0,0.0,1.0,0.0,5.0,5.0,2.0,-8.0
0020000355,1610612754,IND,Indiana,440,Zan Tabak,Zan,G,,16:17,3.0,4.0,0.75,0.0,0.0,0.0,2.0,4.0,0.5,1.0,5.0,6.0,0.0,1.0,1.0,1.0,3.0,8.0,1.0
0020000355,1610612754,IND,Indiana,696,Travis Best,Travis,F,,40:12,5.0,12.0,0.417,1.0,1.0,1.0,8.0,8.0,1.0,0.0,3.0,3.0,10.0,2.0,0.0,0.0,6.0,19.0,9.0
0020000355,1610612754,IND,Indiana,1886,Jonathan Bender,Jonathan,,,3:50,0.0,0.0,0.0,0.0,0.0,0.0,0.0,0.0,0.0,0.0,1.0,1.0,1.0,0.0,0.0,0.0,0.0,0.0,-1.0
0020000355,1610612754,IND,Indiana,64,Sam Perkins,Sam,,,3:29,1.0,1.0,1.0,1.0,1.0,1.0,0.0,0.0,0.0,1.0,1.0,2.0,0.0,0.0,0.0,0.0,1.0,3.0,5.0
0020000355,1610612754,IND,Indiana,365,Derrick McKey,Derrick,,,0:48,0.0,0.0,0.0,0.0,0.0,0.0,0.0,0.0,0.0,0.0,0.0,0.0,0.0,0.0,0.0,0.0,0.0,0.0,4.0
0020000355,1610612754,IND,Indiana,1857,,,, ,,,,,,,,,,,,,,,,,,,,
0020000355,1610612754,IND,Indiana,1263,,,, ,,,,,,,,,,,,,,,,,,,,
0020000355,1610612754,IND,Indiana,1299,,,, ,,,,,,,,,,,,,,,,,,,,
0020000355,1610612754,IND,Indiana,1306,,,, ,,,,,,,,,,,,,,,,,,,,
0020000355,1610612754,IND,Indiana,2099,,,, ,,,,,,,,,,,,,,,,,,,,
0020000355,1610612754,IND,Indiana,2100,,,, ,,,,,,,,,,,,,,,,,,,,
0020000355,1610612754,IND,Indiana,2165,,,, ,,,,,,,,,,,,,,,,,,,,
0020000355,1610612754,IND,Indiana,1743,Bruno Sundov,Bruno,,DNP - Coach's Decision,,,,,,,,,,,,,,,,,,,,
0020000355,1610612741,CHI,Chicago,1897,Metta World Peace,Metta,G,,45:03,3.0,8.0,0.375,1.0,2.0,0.5,7.0,9.0,0.778,0.0,3.0,3.0,6.0,2.0,0.0,5.0,4.0,14.0,-5.0
0020000355,1610612741,CHI,Chicago,1882,Elton Brand,Elton,G,,33:21,7.0,14.0,0.5,0.0,0.0,0.0,3.0,6.0,0.5,2.0,5.0,7.0,6.0,1.0,0.0,1.0,5.0,17.0,7.0
0020000355,1610612741,CHI,Chicago,1913,Michael Ruffin,Michael,C,,22:15,2.0,3.0,0.667,0.0,0.0,0.0,0.0,2.0,0.0,2.0,2.0,4.0,0.0,2.0,2.0,1.0,4.0,4.0,-1.0
0020000355,1610612741,CHI,Chicago,697,Fred Hoiberg,Fred,G,,26:08,2.0,4.0,0.5,2.0,3.0,0.667,4.0,4.0,1.0,0.0,2.0,2.0,4.0,0.0,1.0,2.0,3.0,10.0,14.0
0020000355,1610612741,CHI,Chicago,1500,Ron Mercer,Ron,G,,44:49,6.0,21.0,0.286,0.0,0.0,0.0,3.0,4.0,0.75,1.0,4.0,5.0,3.0,2.0,1.0,1.0,4.0,15.0,-13.0
0020000355,1610612741,CHI,Chicago,1434,Dragan Tarlac,Dragan,,,4:46,0.0,0.0,0.0,0.0,0.0,0.0,0.0,0.0,0.0,0.0,0.0,0.0,0.0,0.0,0.0,3.0,3.0,0.0,-14.0
0020000355,1610612741,CHI,Chicago,1724,Bryce Drew,Bryce,F,,12:59,1.0,3.0,0.333,1.0,3.0,0.333,0.0,0.0,0.0,0.0,2.0,2.0,0.0,0.0,0.0,0.0,1.0,3.0,-4.0
0020000355,1610612741,CHI,Chicago,1802,Brad Miller,Brad,F,,12:21,1.0,3.0,0.333,0.0,0.0,0.0,2.0,2.0,1.0,0.0,2.0,2.0,0.0,0.0,1.0,0.0,1.0,4.0,-3.0
0020000355,1610612741,CHI,Chicago,1736,Corey Benjamin,Corey,C,,9:23,0.0,3.0,0.0,0.0,2.0,0.0,0.0,0.0,0.0,0.0,0.0,0.0,2.0,0.0,0.0,0.0,1.0,0.0,12.0
0020000355,1610612741,CHI,Chicago,2033,Marcus Fizer,Marcus,F,,19:32,3.0,8.0,0.375,0.0,0.0,0.0,4.0,4.0,1.0,3.0,3.0,6.0,1.0,0.0,0.0,1.0,2.0,10.0,-5.0
0020000355,1610612741,CHI,Chicago,2064,Khalid El-Amin,Khalid,G,,9:23,3.0,3.0,1.0,0.0,0.0,0.0,2.0,3.0,0.667,0.0,1.0,1.0,0.0,0.0,0.0,0.0,2.0,8.0,-13.0
0020000355,1610612741,CHI,Chicago,2153,,,, ,,,,,,,,,,,,,,,,,,,,
0020000355,1610612741,CHI,Chicago,1779,,,, ,,,,,,,,,,,,,,,,,,,,
0020000355,1610612741,CHI,Chicago,1780,,,, ,,,,,,,,,,,,,,,,,,,,
0020000355,1610612741,CHI,Chicago,1220,,,, ,,,,,,,,,,,,,,,,,,,,
0020000355,1610612741,CHI,Chicago,1254,,,, ,,,,,,,,,,,,,,,,,,,,
0020000355,1610612741,CHI,Chicago,1346,,,, ,,,,,,,,,,,,,,,,,,,,
0020000355,1610612741,CHI,Chicago,2037,Jamal Crawford,Jamal,,DNP - Coach's Decision,,,,,,,,,,,,,,,,,,,,
0020000357,1610612765,DET,Detroit,688,Michael Curry,Michael,F,,27:12,1.0,6.0,0.167,0.0,0.0,0.0,0.0,0.0,0.0,1.0,3.0,4.0,2.0,0.0,0.0,1.0,3.0,2.0,8.0
0020000357,1610612765,DET,Detroit,693,Joe Smith,Joe,G,,35:21,5.0,14.0,0.357,0.0,0.0,0.0,4.0,4.0,1.0,4.0,9.0,13.0,1.0,1.0,1.0,5.0,5.0,14.0,-1.0
0020000357,1610612765,DET,Detroit,1112,Ben Wallace,Ben,C,,37:08,4.0,7.0,0.571,0.0,0.0,0.0,2.0,2.0,1.0,5.0,9.0,14.0,1.0,3.0,4.0,3.0,1.0,10.0,7.0
0020000357,1610612765,DET,Detroit,1088,Chucky Atkins,Chucky,G,,28:44,6.0,12.0,0.5,1.0,2.0,0.5,1.0,2.0,0.5,1.0,2.0,3.0,4.0,0.0,0.0,2.0,3.0,14.0,0.0
0020000357,1610612765,DET,Detroit,711,Jerry Stackhouse,Jerry,G,,38:42,11.0,28.0,0.393,2.0,6.0,0.333,11.0,12.0,0.917,0.0,4.0,4.0,4.0,2.0,1.0,1.0,2.0,35.0,11.0
0020000357,1610612765,DET,Detroit,376,Eric Montross,Eric,C,,5:31,0.0,0.0,0.0,0.0,0.0,0.0,0.0,0.0,0.0,0.0,1.0,1.0,0.0,0.0,0.0,1.0,3.0,0.0,-2.0
0020000357,1610612765,DET,Detroit,1630,Mikki Moore,Mikki,G,,18:00,2.0,3.0,0.667,0.0,0.0,0.0,4.0,4.0,1.0,1.0,2.0,3.0,0.0,0.0,1.0,0.0,1.0,8.0,6.0
0020000357,1610612765,DET,Detroit,2043,Mateen Cleaves,Mateen,F,,16:33,1.0,3.0,0.333,0.0,0.0,0.0,2.0,2.0,1.0,0.0,3.0,3.0,2.0,0.0,0.0,3.0,3.0,4.0,8.0
0020000357,1610612765,DET,Detroit,182,Billy Owens,Billy,G,,13:02,0.0,3.0,0.0,0.0,0.0,0.0,0.0,0.0,0.0,1.0,5.0,6.0,1.0,0.0,0.0,4.0,1.0,0.0,1.0
0020000357,1610612765,DET,Detroit,344,Dana Barros,Dana,F,,8:26,0.0,2.0,0.0,0.0,0.0,0.0,0.0,0.0,0.0,0.0,1.0,1.0,1.0,0.0,0.0,0.0,0.0,0.0,-6.0
0020000357,1610612765,DET,Detroit,2073,Brian Cardinal,Brian,G,,11:21,1.0,3.0,0.333,0.0,0.0,0.0,0.0,0.0,0.0,1.0,2.0,3.0,0.0,1.0,0.0,1.0,1.0,2.0,-7.0
0020000357,1610612765,DET,Detroit,1798,,,, ,,,,,,,,,,,,,,,,,,,,
0020000357,1610612765,DET,Detroit,1247,,,, ,,,,,,,,,,,,,,,,,,,,
0020000357,1610612765,DET,Detroit,2155,,,, ,,,,,,,,,,,,,,,,,,,,
0020000357,1610612765,DET,Detroit,1996,,,, ,,,,,,,,,,,,,,,,,,,,
0020000357,1610612765,DET,Detroit,961,John Wallace,John,,DNP - Coach's Decision,,,,,,,,,,,,,,,,,,,,
0020000357,1610612756,PHX,Phoenix,1890,Shawn Marion,Shawn,F,,25:54,1.0,10.0,0.1,1.0,1.0,1.0,2.0,2.0,1.0,2.0,6.0,8.0,1.0,0.0,0.0,1.0,3.0,5.0,-14.0
0020000357,1610612756,PHX,Phoenix,361,Clifford Robinson,Clifford,F,,32:39,9.0,15.0,0.6,2.0,3.0,0.667,1.0,2.0,0.5,2.0,3.0,5.0,2.0,0.0,0.0,2.0,4.0,21.0,-11.0
0020000357,1610612756,PHX,Phoenix,201,Chris Dudley,Chris,C,,17:37,0.0,0.0,0.0,0.0,0.0,0.0,0.0,0.0,0.0,1.0,5.0,6.0,1.0,0.0,0.0,2.0,3.0,0.0,-10.0
0020000357,1610612756,PHX,Phoenix,386,Elliot Perry,Elliot,G,,42:28,8.0,15.0,0.533,0.0,0.0,0.0,2.0,4.0,0.5,1.0,3.0,4.0,5.0,2.0,0.0,3.0,2.0,18.0,-6.0
0020000357,1610612756,PHX,Phoenix,960,Tony Delk,Tony,G,,24:11,4.0,13.0,0.308,0.0,1.0,0.0,1.0,3.0,0.333,0.0,0.0,0.0,2.0,3.0,0.0,1.0,3.0,9.0,-1.0
0020000357,1610612756,PHX,Phoenix,915,Rodney Rogers,Rodney,G,,38:23,6.0,16.0,0.375,1.0,3.0,0.333,6.0,7.0,0.857,0.0,5.0,5.0,7.0,1.0,2.0,4.0,2.0,19.0,2.0
0020000357,1610612756,PHX,Phoenix,2091,Daniel Santiago,Daniel,,,6:25,0.0,2.0,0.0,0.0,0.0,0.0,4.0,4.0,1.0,1.0,1.0,2.0,0.0,0.0,1.0,1.0,1.0,4.0,-2.0
0020000357,1610612756,PHX,Phoenix,2101,Paul McPherson,Paul,F,,11:49,0.0,2.0,0.0,0.0,0.0,0.0,0.0,0.0,0.0,0.0,1.0,1.0,1.0,0.0,0.0,1.0,4.0,0.0,-5.0
0020000357,1610612756,PHX,Phoenix,339,Tom Gugliotta,Tom,G,,15:21,2.0,7.0,0.286,0.0,0.0,0.0,1.0,2.0,0.5,0.0,2.0,2.0,1.0,0.0,1.0,0.0,2.0,5.0,6.0
0020000357,1610612756,PHX,Phoenix,2092,Ruben Garces,Ruben,G,,10:40,0.0,0.0,0.0,0.0,0.0,0.0,1.0,1.0,1.0,0.0,2.0,2.0,0.0,1.0,0.0,1.0,3.0,1.0,6.0
0020000357,1610612756,PHX,Phoenix,916,Corie Blount,Corie,G,,14:33,1.0,4.0,0.25,0.0,0.0,0.0,0.0,0.0,0.0,4.0,3.0,7.0,0.0,1.0,0.0,0.0,1.0,2.0,10.0
0020000357,1610612756,PHX,Phoenix,2160,,,, ,,,,,,,,,,,,,,,,,,,,
0020000357,1610612756,PHX,Phoenix,2161,,,, ,,,,,,,,,,,,,,,,,,,,
0020000357,1610612756,PHX,Phoenix,1227,,,, ,,,,,,,,,,,,,,,,,,,,
0020000357,1610612756,PHX,Phoenix,1653,,,, ,,,,,,,,,,,,,,,,,,,,
0020000357,1610612756,PHX,Phoenix,1654,,,, ,,,,,,,,,,,,,,,,,,,,
0020000357,1610612756,PHX,Phoenix,2008,,,, ,,,,,,,,,,,,,,,,,,,,
0020000357,1610612756,PHX,Phoenix,2015,,,, ,,,,,,,,,,,,,,,,,,,,
0020000357,1610612756,PHX,Phoenix,467,Jason Kidd,Jason,,"Did Not Dress - Back, Left Knee",,,,,,,,,,,,,,,,,,,,
0020000352,1610612747,LAL,Los Angeles,296,Rick Fox,Rick,G,,34:38,5.0,8.0,0.625,4.0,4.0,1.0,0.0,0.0,0.0,1.0,5.0,6.0,0.0,0.0,0.0,2.0,1.0,14.0,6.0
0020000352,1610612747,LAL,Los Angeles,270,Horace Grant,Horace,F,,38:02,6.0,9.0,0.667,0.0,0.0,0.0,0.0,0.0,0.0,4.0,6.0,10.0,1.0,0.0,0.0,1.0,2.0,12.0,0.0
0020000352,1610612747,LAL,Los Angeles,406,Shaquille O'Neal,Shaquille,G,,42:38,10.0,21.0,0.476,0.0,0.0,0.0,2.0,11.0,0.182,5.0,9.0,14.0,4.0,0.0,4.0,2.0,2.0,22.0,7.0
0020000352,1610612747,LAL,Los Angeles,977,Kobe Bryant,Kobe,G,,45:15,9.0,24.0,0.375,0.0,2.0,0.0,5.0,8.0,0.625,2.0,3.0,5.0,6.0,0.0,0.0,3.0,4.0,23.0,5.0
0020000352,1610612747,LAL,Los Angeles,166,Ron Harper,Ron,G,,27:57,0.0,4.0,0.0,0.0,2.0,0.0,0.0,0.0,0.0,1.0,6.0,7.0,3.0,0.0,2.0,0.0,3.0,0.0,6.0
0020000352,1610612747,LAL,Los Angeles,109,Robert Horry,Robert,G,,18:05,2.0,4.0,0.5,2.0,4.0,0.5,0.0,0.0,0.0,0.0,1.0,1.0,2.0,1.0,0.0,1.0,2.0,6.0,-6.0
0020000352,1610612747,LAL,Los Angeles,2130,Mike Penberthy,Mike,G,,9:22,0.0,1.0,0.0,0.0,1.0,0.0,0.0,0.0,0.0,0.0,0.0,0.0,0.0,0.0,0.0,1.0,0.0,0.0,-7.0
0020000352,1610612747,LAL,Los Angeles,323,Greg Foster,Greg,,,2:34,0.0,0.0,0.0,0.0,0.0,0.0,0.0,0.0,0.0,0.0,0.0,0.0,0.0,0.0,0.0,0.0,3.0,0.0,-5.0
0020000352,1610612747,LAL,Los Angeles,375,Isaiah Rider,Isaiah,F,,13:37,2.0,5.0,0.4,0.0,0.0,0.0,0.0,0.0,0.0,1.0,2.0,3.0,2.0,0.0,0.0,1.0,1.0,4.0,2.0
0020000352,1610612747,LAL,Los Angeles,216,Brian Shaw,Brian,C,,7:52,0.0,0.0,0.0,0.0,0.0,0.0,0.0,0.0,0.0,0.0,1.0,1.0,0.0,0.0,0.0,0.0,1.0,0.0,2.0
0020000352,1610612747,LAL,Los Angeles,1219,,,, ,,,,,,,,,,,,,,,,,,,,
0020000352,1610612747,LAL,Los Angeles,1221,,,, ,,,,,,,,,,,,,,,,,,,,
0020000352,1610612747,LAL,Los Angeles,1223,,,, ,,,,,,,,,,,,,,,,,,,,
0020000352,1610612747,LAL,Los Angeles,1230,,,, ,,,,,,,,,,,,,,,,,,,,
0020000352,1610612747,LAL,Los Angeles,1270,,,, ,,,,,,,,,,,,,,,,,,,,
0020000352,1610612747,LAL,Los Angeles,1273,,,, ,,,,,,,,,,,,,,,,,,,,
0020000352,1610612747,LAL,Los Angeles,1904,Devean George,Devean,,DNP - Coach's Decision,,,,,,,,,,,,,,,,,,,,
0020000352,1610612747,LAL,Los Angeles,2058,Mark Madsen,Mark,,DNP - Coach's Decision,,,,,,,,,,,,,,,,,,,,
0020000352,1610612747,LAL,Los Angeles,2098,Slava Medvedenko,Slava,,DNP - Coach's Decision,,,,,,,,,,,,,,,,,,,,
0020000352,1610612748,MIA,Miami,193,Anthony Mason,Anthony,G,,44:08,8.0,14.0,0.571,0.0,0.0,0.0,4.0,4.0,1.0,2.0,9.0,11.0,1.0,1.0,0.0,1.0,4.0,20.0,-3.0
0020000352,1610612748,MIA,Miami,1477,Bruce Bowen,Bruce,G,,35:52,3.0,4.0,0.75,2.0,3.0,0.667,0.0,0.0,0.0,0.0,0.0,0.0,0.0,0.0,0.0,0.0,4.0,8.0,-6.0
0020000352,1610612748,MIA,Miami,258,Brian Grant,Brian,G,,35:12,7.0,21.0,0.333,0.0,0.0,0.0,0.0,0.0,0.0,2.0,14.0,16.0,1.0,1.0,0.0,1.0,4.0,14.0,-7.0
0020000352,1610612748,MIA,Miami,224,Eddie Jones,Eddie,G,,42:17,5.0,13.0,0.385,0.0,2.0,0.0,4.0,6.0,0.667,1.0,3.0,4.0,3.0,2.0,2.0,2.0,4.0,14.0,-6.0
0020000352,1610612748,MIA,Miami,896,Tim Hardaway,Tim,G,,34:29,3.0,16.0,0.188,1.0,9.0,0.111,2.0,4.0,0.5,1.0,2.0,3.0,7.0,0.0,1.0,1.0,0.0,9.0,-3.0
0020000352,1610612748,MIA,Miami,920,A.C. Green,A.C.,F,,17:51,2.0,3.0,0.667,0.0,0.0,0.0,2.0,2.0,1.0,1.0,3.0,4.0,0.0,1.0,0.0,0.0,0.0,6.0,4.0
0020000352,1610612748,MIA,Miami,1853,Anthony Carter,Anthony,G,,20:38,4.0,8.0,0.5,0.0,2.0,0.0,0.0,0.0,0.0,2.0,0.0,2.0,2.0,0.0,0.0,0.0,1.0,8.0,4.0
0020000352,1610612748,MIA,Miami,190,Duane Causwell,Duane,,,9:33,0.0,0.0,0.0,0.0,0.0,0.0,0.0,0.0,0.0,2.0,0.0,2.0,0.0,0.0,1.0,0.0,3.0,0.0,7.0
0020000352,1610612748,MIA,Miami,836,,,, ,,,,,,,,,,,,,,,,,,,,
0020000352,1610612748,MIA,Miami,1276,,,, ,,,,,,,,,,,,,,,,,,,,
0020000352,1610612748,MIA,Miami,1277,,,, ,,,,,,,,,,,,,,,,,,,,
0020000352,1610612748,MIA,Miami,1279,,,, ,,,,,,,,,,,,,,,,,,,,
0020000352,1610612748,MIA,Miami,1280,,,, ,,,,,,,,,,,,,,,,,,,,
0020000352,1610612748,MIA,Miami,1281,,,, ,,,,,,,,,,,,,,,,,,,,
0020000352,1610612748,MIA,Miami,1877,,,, ,,,,,,,,,,,,,,,,,,,,
0020000352,1610612748,MIA,Miami,1642,,,, ,,,,,,,,,,,,,,,,,,,,
0020000352,1610612748,MIA,Miami,1787,,,, ,,,,,,,,,,,,,,,,,,,,
0020000352,1610612748,MIA,Miami,76,Cedric Ceballos,Cedric,,DNP - Coach's Decision,,,,,,,,,,,,,,,,,,,,
0020000352,1610612748,MIA,Miami,957,Todd Fuller,Todd,,DNP - Coach's Decision,,,,,,,,,,,,,,,,,,,,
0020000352,1610612748,MIA,Miami,2067,Eddie House,Eddie,,DNP - Coach's Decision,,,,,,,,,,,,,,,,,,,,
0020000352,1610612748,MIA,Miami,931,Don MacLean,Don,,DND - Right foot surgery,,,,,,,,,,,,,,,,,,,,
0020000354,1610612762,UTA,Utah,935,Bryon Russell,Bryon,G,,22:55,1.0,4.0,0.25,0.0,0.0,0.0,0.0,0.0,0.0,1.0,2.0,3.0,0.0,1.0,1.0,0.0,1.0,2.0,-17.0
0020000354,1610612762,UTA,Utah,252,Karl Malone,Karl,F,,26:06,6.0,12.0,0.5,0.0,0.0,0.0,0.0,1.0,0.0,0.0,4.0,4.0,3.0,1.0,2.0,2.0,1.0,12.0,-15.0
0020000354,1610612762,UTA,Utah,178,Olden Polynice,Olden,C,,18:31,2.0,5.0,0.4,0.0,0.0,0.0,0.0,0.0,0.0,3.0,2.0,5.0,0.0,0.0,1.0,1.0,2.0,4.0,-10.0
0020000354,1610612762,UTA,Utah,317,John Starks,John,G,,22:09,3.0,11.0,0.273,1.0,2.0,0.5,0.0,0.0,0.0,1.0,1.0,2.0,0.0,1.0,0.0,0.0,0.0,7.0,-11.0
0020000354,1610612762,UTA,Utah,304,John Stockton,John,G,,26:09,5.0,12.0,0.417,1.0,3.0,0.333,1.0,1.0,1.0,1.0,2.0,3.0,7.0,0.0,0.0,2.0,3.0,12.0,-18.0
0020000354,1610612762,UTA,Utah,1521,Jacque Vaughn,Jacque,G,,25:22,4.0,6.0,0.667,0.0,0.0,0.0,3.0,4.0,0.75,1.0,5.0,6.0,8.0,1.0,0.0,0.0,1.0,11.0,11.0
0020000354,1610612762,UTA,Utah,731,Greg Ostertag,Greg,C,,10:51,2.0,5.0,0.4,0.0,0.0,0.0,0.0,0.0,0.0,2.0,2.0,4.0,1.0,0.0,0.0,0.0,2.0,4.0,-9.0
0020000354,1610612762,UTA,Utah,2052,DeShawn Stevenson,DeShawn,G,,16:26,0.0,4.0,0.0,0.0,0.0,0.0,0.0,0.0,0.0,1.0,0.0,1.0,2.0,2.0,0.0,0.0,2.0,0.0,1.0
0020000354,1610612762,UTA,Utah,923,Donyell Marshall,Donyell,F,,26:37,11.0,18.0,0.611,1.0,3.0,0.333,1.0,1.0,1.0,1.0,5.0,6.0,0.0,1.0,1.0,3.0,3.0,24.0,14.0
0020000354,1610612762,UTA,Utah,330,Danny Manning,Danny,F,,20:13,1.0,4.0,0.25,0.0,0.0,0.0,0.0,0.0,0.0,3.0,3.0,6.0,2.0,0.0,0.0,2.0,3.0,2.0,1.0
0020000354,1610612762,UTA,Utah,1900,Quincy Lewis,Quincy,,,5:12,2.0,4.0,0.5,0.0,1.0,0.0,1.0,1.0,1.0,0.0,0.0,0.0,0.0,0.0,0.0,0.0,1.0,5.0,4.0
0020000354,1610612762,UTA,Utah,128,David Benoit,David,F,,19:29,1.0,3.0,0.333,0.0,0.0,0.0,10.0,12.0,0.833,0.0,2.0,2.0,2.0,1.0,0.0,1.0,3.0,12.0,9.0
0020000354,1610612762,UTA,Utah,1372,,,, ,,,,,,,,,,,,,,,,,,,,
0020000354,1610612762,UTA,Utah,1228,,,, ,,,,,,,,,,,,,,,,,,,,
0020000354,1610612762,UTA,Utah,1345,,,, ,,,,,,,,,,,,,,,,,,,,
0020000354,1610612762,UTA,Utah,1347,,,, ,,,,,,,,,,,,,,,,,,,,
0020000354,1610612762,UTA,Utah,1348,,,, ,,,,,,,,,,,,,,,,,,,,
0020000354,1610612762,UTA,Utah,1794,,,, ,,,,,,,,,,,,,,,,,,,,
0020000354,1610612761,TOR,Toronto,722,Corliss Williamson,Corliss,F,,20:21,2.0,5.0,0.4,0.0,0.0,0.0,4.0,6.0,0.667,1.0,1.0,2.0,0.0,0.0,2.0,1.0,2.0,8.0,20.0
0020000354,1610612761,TOR,Toronto,891,Charles Oakley,Charles,F,,37:36,4.0,9.0,0.444,0.0,1.0,0.0,0.0,0.0,0.0,4.0,11.0,15.0,4.0,1.0,3.0,2.0,2.0,8.0,13.0
0020000354,1610612761,TOR,Toronto,213,Antonio Davis,Antonio,C,,32:38,6.0,12.0,0.5,0.0,0.0,0.0,2.0,2.0,1.0,6.0,7.0,13.0,4.0,2.0,2.0,0.0,3.0,14.0,16.0
0020000354,1610612761,TOR,Toronto,1713,Vince Carter,Vince,G,,40:28,13.0,30.0,0.433,3.0,9.0,0.333,4.0,5.0,0.8,2.0,5.0,7.0,1.0,0.0,2.0,0.0,1.0,33.0,16.0
0020000354,1610612761,TOR,Toronto,349,Mark Jackson,Mark,G,,26:16,5.0,8.0,0.625,2.0,4.0,0.5,0.0,0.0,0.0,1.0,1.0,2.0,7.0,1.0,0.0,1.0,1.0,12.0,10.0
0020000354,1610612761,TOR,Toronto,1541,Alvin Williams,Alvin,G,,21:44,3.0,6.0,0.5,1.0,1.0,1.0,3.0,4.0,0.75,0.0,1.0,1.0,8.0,2.0,0.0,2.0,3.0,10.0,-2.0
0020000354,1610612761,TOR,Toronto,209,Dell Curry,Dell,G,,25:36,4.0,11.0,0.364,2.0,7.0,0.286,0.0,0.0,0.0,0.0,1.0,1.0,2.0,0.0,0.0,0.0,1.0,10.0,-12.0
0020000354,1610612761,TOR,Toronto,788,Kevin Willis,Kevin,,,18:22,2.0,5.0,0.4,0.0,0.0,0.0,0.0,0.0,0.0,2.0,4.0,6.0,1.0,1.0,0.0,3.0,2.0,4.0,-4.0
0020000354,1610612761,TOR,Toronto,895,Tyrone Corbin,Tyrone,F,,15:04,2.0,3.0,0.667,0.0,0.0,0.0,0.0,2.0,0.0,0.0,0.0,0.0,2.0,0.0,0.0,2.0,4.0,4.0,-10.0
0020000354,1610612761,TOR,Toronto,1600,Kornel David,Kornel,,,1:24,0.0,0.0,0.0,0.0,0.0,0.0,0.0,0.0,0.0,0.0,1.0,1.0,0.0,0.0,0.0,0.0,0.0,0.0,-5.0
0020000354,1610612761,TOR,Toronto,1565,Michael Stewart,Michael,,,0:31,0.0,0.0,0.0,0.0,0.0,0.0,0.0,0.0,0.0,0.0,0.0,0.0,0.0,0.0,0.0,0.0,0.0,0.0,-2.0
0020000354,1610612761,TOR,Toronto,1244,,,, ,,,,,,,,,,,,,,,,,,,,
0020000354,1610612761,TOR,Toronto,1266,,,, ,,,,,,,,,,,,,,,,,,,,
0020000354,1610612761,TOR,Toronto,1344,,,, ,,,,,,,,,,,,,,,,,,,,
0020000354,1610612761,TOR,Toronto,1205,,,, ,,,,,,,,,,,,,,,,,,,,
0020000354,1610612761,TOR,Toronto,1368,,,, ,,,,,,,,,,,,,,,,,,,,
0020000354,1610612761,TOR,Toronto,883,,,, ,,,,,,,,,,,,,,,,,,,,
0020000354,1610612761,TOR,Toronto,2162,,,, ,,,,,,,,,,,,,,,,,,,,
0020000354,1610612761,TOR,Toronto,2050,Morris Peterson,Morris,,DND - right ankle sprain,,,,,,,,,,,,,,,,,,,,
0020000356,1610612759,SAS,San Antonio,1495,Tim Duncan,Tim,G,,42:32,11.0,18.0,0.611,0.0,0.0,0.0,3.0,8.0,0.375,6.0,9.0,15.0,1.0,1.0,3.0,2.0,1.0,25.0,3.0
0020000356,1610612759,SAS,San Antonio,251,Sean Elliott,Sean,F,,32:30,6.0,8.0,0.75,1.0,2.0,0.5,0.0,1.0,0.0,2.0,3.0,5.0,2.0,1.0,0.0,0.0,1.0,13.0,10.0
0020000356,1610612759,SAS,San Antonio,764,David Robinson,David,C,,23:38,2.0,3.0,0.667,0.0,0.0,0.0,1.0,2.0,0.5,1.0,6.0,7.0,1.0,0.0,1.0,2.0,6.0,5.0,6.0
0020000356,1610612759,SAS,San Antonio,1507,Derek Anderson,Derek,G,,38:19,6.0,16.0,0.375,1.0,3.0,0.333,2.0,4.0,0.5,0.0,2.0,2.0,4.0,1.0,0.0,2.0,4.0,15.0,8.0
0020000356,1610612759,SAS,San Antonio,1498,Antonio Daniels,Antonio,G,,22:18,2.0,12.0,0.167,1.0,3.0,0.333,0.0,0.0,0.0,1.0,0.0,1.0,2.0,1.0,0.0,2.0,0.0,5.0,-7.0
0020000356,1610612759,SAS,San Antonio,990,Malik Rose,Malik,G,,22:37,2.0,11.0,0.182,0.0,0.0,0.0,2.0,4.0,0.5,3.0,3.0,6.0,1.0,4.0,1.0,2.0,2.0,6.0,1.0
0020000356,1610612759,SAS,San Antonio,345,Terry Porter,Terry,F,,31:01,3.0,4.0,0.75,2.0,3.0,0.667,2.0,3.0,0.667,0.0,4.0,4.0,2.0,3.0,0.0,2.0,3.0,10.0,14.0
0020000356,1610612759,SAS,San Antonio,198,Danny Ferry,Danny,F,,14:54,2.0,2.0,1.0,1.0,1.0,1.0,0.0,0.0,0.0,0.0,3.0,3.0,1.0,0.0,1.0,0.0,1.0,5.0,-1.0
0020000356,1610612759,SAS,San Antonio,70,Steve Kerr,Steve,C,,3:46,0.0,1.0,0.0,0.0,0.0,0.0,0.0,0.0,0.0,0.0,0.0,0.0,1.0,0.0,0.0,0.0,0.0,0.0,1.0
0020000356,1610612759,SAS,San Antonio,955,Samaki Walker,Samaki,,,7:13,1.0,2.0,0.5,0.0,0.0,0.0,0.0,2.0,0.0,2.0,2.0,4.0,0.0,1.0,1.0,0.0,1.0,2.0,4.0
0020000356,1610612759,SAS,San Antonio,1956,Ira Newble,Ira,,,0:36,0.0,0.0,0.0,0.0,0.0,0.0,0.0,0.0,0.0,0.0,0.0,0.0,0.0,0.0,0.0,0.0,0.0,0.0,-2.0
0020000356,1610612759,SAS,San Antonio,1760,Derrick Dial,Derrick,,,0:36,0.0,0.0,0.0,0.0,0.0,0.0,0.0,0.0,0.0,0.0,0.0,0.0,0.0,0.0,0.0,0.0,0.0,0.0,-2.0
0020000356,1610612759,SAS,San Antonio,1658,,,, ,,,,,,,,,,,,,,,,,,,,
0020000356,1610612759,SAS,San Antonio,1264,,,, ,,,,,,,,,,,,,,,,,,,,
0020000356,1610612759,SAS,San Antonio,1331,,,, ,,,,,,,,,,,,,,,,,,,,
0020000356,1610612759,SAS,San Antonio,1371,,,, ,,,,,,,,,,,,,,,,,,,,
0020000356,1610612759,SAS,San Antonio,873,,,, ,,,,,,,,,,,,,,,,,,,,
0020000356,1610612745,HOU,Houston,1508,Maurice Taylor,Maurice,F,,24:37,7.0,14.0,0.5,0.0,0.0,0.0,0.0,0.0,0.0,1.0,5.0,6.0,0.0,0.0,0.0,2.0,4.0,14.0,0.0
0020000356,1610612745,HOU,Houston,1005,Walt Williams,Walt,F,,24:09,0.0,4.0,0.0,0.0,2.0,0.0,1.0,1.0,1.0,1.0,4.0,5.0,1.0,1.0,0.0,2.0,3.0,1.0,-3.0
0020000356,1610612745,HOU,Houston,165,Hakeem Olajuwon,Hakeem,C,,36:25,6.0,13.0,0.462,0.0,0.0,0.0,5.0,6.0,0.833,5.0,8.0,13.0,4.0,0.0,3.0,3.0,1.0,17.0,1.0
0020000356,1610612745,HOU,Houston,1000,Shandon Anderson,Shandon,G,,18:05,0.0,2.0,0.0,0.0,1.0,0.0,0.0,0.0,0.0,2.0,0.0,2.0,1.0,0.0,0.0,0.0,2.0,0.0,-4.0
0020000356,1610612745,HOU,Houston,983,Moochie Norris,Moochie,G,,45:12,6.0,13.0,0.462,2.0,3.0,0.667,3.0,5.0,0.6,1.0,7.0,8.0,8.0,1.0,0.0,6.0,0.0,17.0,-3.0
0020000356,1610612745,HOU,Houston,1749,Cuttino Mobley,Cuttino,G,,42:42,7.0,19.0,0.368,0.0,0.0,0.0,2.0,5.0,0.4,1.0,1.0,2.0,3.0,1.0,0.0,2.0,2.0,16.0,-10.0
0020000356,1610612745,HOU,Houston,1903,Kenny Thomas,Kenny,G,,26:37,2.0,5.0,0.4,1.0,2.0,0.5,0.0,0.0,0.0,0.0,3.0,3.0,0.0,0.0,2.0,1.0,2.0,5.0,-11.0
0020000356,1610612745,HOU,Houston,672,Matt Bullard,Matt,F,,11:46,1.0,3.0,0.333,0.0,1.0,0.0,1.0,1.0,1.0,1.0,0.0,1.0,0.0,0.0,0.0,1.0,1.0,3.0,-4.0
0020000356,1610612745,HOU,Houston,1509,Kelvin Cato,Kelvin,F,,8:21,2.0,3.0,0.667,0.0,0.0,0.0,0.0,1.0,0.0,1.0,2.0,3.0,0.0,0.0,0.0,0.0,2.0,4.0,-4.0
0020000356,1610612745,HOU,Houston,2061,Dan Langhi,Dan,,,2:06,1.0,1.0,1.0,0.0,0.0,0.0,0.0,0.0,0.0,1.0,0.0,1.0,0.0,0.0,0.0,0.0,1.0,2.0,3.0
0020000356,1610612745,HOU,Houston,1997,,,, ,,,,,,,,,,,,,,,,,,,,
0020000356,1610612745,HOU,Houston,825,,,, ,,,,,,,,,,,,,,,,,,,,
0020000356,1610612745,HOU,Houston,1255,,,, ,,,,,,,,,,,,,,,,,,,,
0020000356,1610612745,HOU,Houston,1256,,,, ,,,,,,,,,,,,,,,,,,,,
0020000356,1610612745,HOU,Houston,1257,,,, ,,,,,,,,,,,,,,,,,,,,
0020000356,1610612745,HOU,Houston,1258,,,, ,,,,,,,,,,,,,,,,,,,,
0020000356,1610612745,HOU,Houston,1883,Steve Francis,Steve,,DND - Right Ankle Sprain,,,,,,,,,,,,,,,,,,,,
0020000356,1610612745,HOU,Houston,292,Anthony Miller,Anthony,,DNP - Coach's Decision,,,,,,,,,,,,,,,,,,,,
0020000353,1610612752,NYK,New York,779,Glen Rice,Glen,G,,41:10,10.0,16.0,0.625,2.0,5.0,0.4,1.0,1.0,1.0,0.0,5.0,5.0,2.0,0.0,0.0,0.0,2.0,23.0,-14.0
0020000353,1610612752,NYK,New York,948,Marcus Camby,Marcus,F,,39:11,1.0,5.0,0.2,0.0,0.0,0.0,2.0,2.0,1.0,6.0,11.0,17.0,0.0,0.0,1.0,3.0,4.0,4.0,-5.0
0020000353,1610612752,NYK,New York,26,Luc Longley,Luc,F,,12:52,1.0,3.0,0.333,0.0,0.0,0.0,0.0,0.0,0.0,0.0,1.0,1.0,0.0,0.0,0.0,0.0,1.0,2.0,-10.0
0020000353,1610612752,NYK,New York,84,Latrell Sprewell,Latrell,G,,34:44,4.0,14.0,0.286,0.0,1.0,0.0,2.0,7.0,0.286,3.0,6.0,9.0,7.0,2.0,1.0,3.0,5.0,10.0,-4.0
0020000353,1610612752,NYK,New York,275,Allan Houston,Allan,G,,41:59,6.0,19.0,0.316,2.0,6.0,0.333,4.0,4.0,1.0,1.0,3.0,4.0,4.0,0.0,0.0,1.0,1.0,18.0,-1.0
0020000353,1610612752,NYK,New York,703,Kurt Thomas,Kurt,G,,23:37,5.0,10.0,0.5,0.0,0.0,0.0,0.0,0.0,0.0,3.0,1.0,4.0,1.0,1.0,0.0,1.0,2.0,10.0,-3.0
0020000353,1610612752,NYK,New York,164,Chris Childs,Chris,G,,22:24,1.0,4.0,0.25,0.0,0.0,0.0,0.0,2.0,0.0,0.0,0.0,0.0,5.0,0.0,0.0,2.0,3.0,2.0,-2.0
0020000353,1610612752,NYK,New York,1065,Erick Strickland,Erick,F,,20:38,3.0,7.0,0.429,2.0,4.0,0.5,0.0,0.0,0.0,0.0,1.0,1.0,1.0,1.0,0.0,1.0,5.0,8.0,-4.0
0020000353,1610612752,NYK,New York,1594,Rick Brunson,Rick,F,,3:25,0.0,2.0,0.0,0.0,1.0,0.0,0.0,0.0,0.0,0.0,0.0,0.0,0.0,0.0,0.0,0.0,1.0,0.0,-7.0
0020000353,1610612752,NYK,New York,2167,,,, ,,,,,,,,,,,,,,,,,,,,
0020000353,1610612752,NYK,New York,2168,,,, ,,,,,,,,,,,,,,,,,,,,
0020000353,1610612752,NYK,New York,1790,,,, ,,,,,,,,,,,,,,,,,,,,
0020000353,1610612752,NYK,New York,1791,,,, ,,,,,,,,,,,,,,,,,,,,
0020000353,1610612752,NYK,New York,1297,,,, ,,,,,,,,,,,,,,,,,,,,
0020000353,1610612752,NYK,New York,1298,,,, ,,,,,,,,,,,,,,,,,,,,
0020000353,1610612752,NYK,New York,1300,,,, ,,,,,,,,,,,,,,,,,,,,
0020000353,1610612752,NYK,New York,1301,,,, ,,,,,,,,,,,,,,,,,,,,
0020000353,1610612752,NYK,New York,1302,,,, ,,,,,,,,,,,,,,,,,,,,
0020000353,1610612752,NYK,New York,913,Larry Johnson,Larry,,DND - Sprained Right MCL,,,,,,,,,,,,,,,,,,,,
0020000353,1610612752,NYK,New York,969,Travis Knight,Travis,,DNP - Coach's Decision,,,,,,,,,,,,,,,,,,,,
0020000353,1610612752,NYK,New York,2068,Lavor Postell,Lavor,,DNP - Coach's Decision,,,,,,,,,,,,,,,,,,,,
0020000353,1610612737,ATL,Atlanta,1728,Roshown McLeod,Roshown,G,,34:28,5.0,13.0,0.385,0.0,2.0,0.0,2.0,3.0,0.667,1.0,3.0,4.0,0.0,1.0,0.0,0.0,4.0,12.0,12.0
0020000353,1610612737,ATL,Atlanta,953,Lorenzen Wright,Lorenzen,G,,39:20,9.0,19.0,0.474,0.0,0.0,0.0,2.0,2.0,1.0,6.0,6.0,12.0,3.0,0.0,1.0,3.0,2.0,20.0,13.0
0020000353,1610612737,ATL,Atlanta,87,Dikembe Mutombo,Dikembe,C,,40:36,3.0,9.0,0.333,0.0,0.0,0.0,3.0,4.0,0.75,3.0,12.0,15.0,1.0,0.0,3.0,2.0,4.0,9.0,8.0
0020000353,1610612737,ATL,Atlanta,1074,Matt Maloney,Matt,G,,37:44,6.0,9.0,0.667,3.0,5.0,0.6,0.0,0.0,0.0,0.0,2.0,2.0,3.0,2.0,0.0,1.0,0.0,15.0,3.0
0020000353,1610612737,ATL,Atlanta,1891,Jason Terry,Jason,G,,43:17,6.0,15.0,0.4,0.0,2.0,0.0,5.0,5.0,1.0,0.0,4.0,4.0,9.0,1.0,1.0,6.0,3.0,17.0,8.0
0020000353,1610612737,ATL,Atlanta,2035,DerMarr Johnson,DerMarr,F,,7:31,2.0,2.0,1.0,0.0,0.0,0.0,0.0,0.0,0.0,0.0,1.0,1.0,0.0,0.0,0.0,0.0,0.0,4.0,1.0
0020000353,1610612737,ATL,Atlanta,2069,Hanno Mottola,Hanno,F,,11:32,1.0,2.0,0.5,0.0,0.0,0.0,0.0,0.0,0.0,0.0,2.0,2.0,1.0,0.0,0.0,1.0,3.0,2.0,7.0
0020000353,1610612737,ATL,Atlanta,1683,Larry Robinson,Larry,G,,22:26,2.0,4.0,0.5,2.0,4.0,0.5,2.0,3.0,0.667,0.0,3.0,3.0,0.0,0.0,0.0,0.0,2.0,8.0,2.0
0020000353,1610612737,ATL,Atlanta,1898,Cal Bowdler,Cal,C,,3:06,0.0,2.0,0.0,0.0,0.0,0.0,0.0,0.0,0.0,0.0,2.0,2.0,0.0,0.0,0.0,0.0,1.0,0.0,-4.0
0020000353,1610612737,ATL,Atlanta,1774,,,, ,,,,,,,,,,,,,,,,,,,,
0020000353,1610612737,ATL,Atlanta,1260,,,, ,,,,,,,,,,,,,,,,,,,,
0020000353,1610612737,ATL,Atlanta,2094,,,, ,,,,,,,,,,,,,,,,,,,,
0020000353,1610612737,ATL,Atlanta,2150,,,, ,,,,,,,,,,,,,,,,,,,,
0020000353,1610612737,ATL,Atlanta,2151,,,, ,,,,,,,,,,,,,,,,,,,,
0020000353,1610612737,ATL,Atlanta,1901,Dion Glover,Dion,,DNP - Coach's Decision,,,,,,,,,,,,,,,,,,,,
0020000353,1610612737,ATL,Atlanta,1533,Anthony Johnson,Anthony,,DNP - Coach's Decision,,,,,,,,,,,,,,,,,,,,
0020000359,1610612764,WAS,Washington,1838,Tyrone Nesby,Tyrone,F,,23:43,5.0,10.0,0.5,1.0,1.0,1.0,1.0,3.0,0.333,1.0,6.0,7.0,1.0,3.0,1.0,2.0,2.0,12.0,-14.0
0020000359,1610612764,WAS,Washington,436,Juwan Howard,Juwan,F,,30:49,4.0,12.0,0.333,0.0,0.0,0.0,0.0,2.0,0.0,3.0,3.0,6.0,4.0,1.0,1.0,4.0,3.0,8.0,-16.0
0020000359,1610612764,WAS,Washington,1751,Jahidi White,Jahidi,G,,15:18,0.0,3.0,0.0,0.0,0.0,0.0,1.0,4.0,0.25,3.0,3.0,6.0,0.0,0.0,0.0,0.0,3.0,1.0,-3.0
0020000359,1610612764,WAS,Washington,1732,Felipe Lopez,Felipe,G,,20:20,4.0,7.0,0.571,0.0,0.0,0.0,0.0,0.0,0.0,2.0,7.0,9.0,2.0,1.0,0.0,0.0,1.0,8.0,-3.0
0020000359,1610612764,WAS,Washington,393,Rod Strickland,Rod,G,,31:32,5.0,13.0,0.385,0.0,0.0,0.0,3.0,5.0,0.6,1.0,0.0,1.0,2.0,0.0,0.0,4.0,2.0,13.0,-18.0
0020000359,1610612764,WAS,Washington,1916,Calvin Booth,Calvin,G,,22:30,2.0,6.0,0.333,0.0,0.0,0.0,0.0,1.0,0.0,3.0,5.0,8.0,0.0,0.0,2.0,1.0,3.0,4.0,-27.0
0020000359,1610612764,WAS,Washington,1888,Richard Hamilton,Richard,F,,24:56,4.0,11.0,0.364,1.0,3.0,0.333,0.0,2.0,0.0,0.0,1.0,1.0,2.0,0.0,0.0,3.0,3.0,9.0,-27.0
0020000359,1610612764,WAS,Washington,63,Michael Smith,Michael,F,,16:20,1.0,3.0,0.333,0.0,0.0,0.0,0.0,0.0,0.0,4.0,9.0,13.0,0.0,0.0,0.0,3.0,0.0,2.0,-16.0
0020000359,1610612764,WAS,Washington,43,Chris Whitney,Chris,G,,16:28,0.0,3.0,0.0,0.0,1.0,0.0,4.0,4.0,1.0,0.0,1.0,1.0,1.0,1.0,0.0,3.0,0.0,4.0,-16.0
0020000359,1610612764,WAS,Washington,1562,Gerard King,Gerard,G,,21:60,2.0,8.0,0.25,0.0,0.0,0.0,0.0,0.0,0.0,0.0,4.0,4.0,0.0,0.0,0.0,1.0,1.0,4.0,-24.0
0020000359,1610612764,WAS,Washington,1918,Obinna Ekezie,Obinna,,,8:59,1.0,4.0,0.25,0.0,0.0,0.0,1.0,2.0,0.5,1.0,1.0,2.0,1.0,1.0,0.0,0.0,1.0,3.0,-2.0
0020000359,1610612764,WAS,Washington,1919,Laron Profit,Laron,,,7:05,2.0,2.0,1.0,0.0,0.0,0.0,0.0,0.0,0.0,0.0,1.0,1.0,1.0,0.0,0.0,2.0,1.0,4.0,-4.0
0020000359,1610612764,WAS,Washington,2093,,,, ,,,,,,,,,,,,,,,,,,,,
0020000359,1610612764,WAS,Washington,2095,,,, ,,,,,,,,,,,,,,,,,,,,
0020000359,1610612764,WAS,Washington,2171,,,, ,,,,,,,,,,,,,,,,,,,,
0020000359,1610612764,WAS,Washington,1340,,,, ,,,,,,,,,,,,,,,,,,,,
0020000359,1610612764,WAS,Washington,1360,,,, ,,,,,,,,,,,,,,,,,,,,
0020000359,1610612764,WAS,Washington,1251,,,, ,,,,,,,,,,,,,,,,,,,,
0020000359,1610612764,WAS,Washington,1271,,,, ,,,,,,,,,,,,,,,,,,,,
0020000359,1610612764,WAS,Washington,1245,,,, ,,,,,,,,,,,,,,,,,,,,
0020000359,1610612758,SAC,Sacramento,2045,Hedo Turkoglu,Hedo,F,,36:48,2.0,8.0,0.25,0.0,2.0,0.0,4.0,6.0,0.667,1.0,5.0,6.0,1.0,2.0,1.0,0.0,3.0,8.0,21.0
0020000359,1610612758,SAC,Sacramento,185,Chris Webber,Chris,G,,32:28,8.0,22.0,0.364,0.0,2.0,0.0,3.0,4.0,0.75,3.0,8.0,11.0,3.0,0.0,3.0,1.0,2.0,19.0,18.0
0020000359,1610612758,SAC,Sacramento,124,Vlade Divac,Vlade,G,,24:21,6.0,12.0,0.5,0.0,1.0,0.0,3.0,5.0,0.6,3.0,6.0,9.0,2.0,1.0,2.0,0.0,3.0,15.0,7.0
0020000359,1610612758,SAC,Sacramento,57,Doug Christie,Doug,G,,30:21,5.0,12.0,0.417,1.0,4.0,0.25,4.0,4.0,1.0,2.0,5.0,7.0,3.0,1.0,1.0,3.0,2.0,15.0,11.0
0020000359,1610612758,SAC,Sacramento,1715,Jason Williams,Jason,G,,26:40,3.0,7.0,0.429,2.0,3.0,0.667,0.0,0.0,0.0,0.0,0.0,0.0,2.0,2.0,0.0,1.0,1.0,8.0,10.0
0020000359,1610612758,SAC,Sacramento,1513,Scot Pollard,Scot,G,,18:01,2.0,5.0,0.4,0.0,0.0,0.0,0.0,1.0,0.0,1.0,7.0,8.0,0.0,1.0,4.0,1.0,2.0,4.0,24.0
0020000359,1610612758,SAC,Sacramento,468,Jon Barry,Jon,G,,20:06,3.0,6.0,0.5,1.0,3.0,0.333,1.0,1.0,1.0,1.0,2.0,3.0,6.0,1.0,1.0,2.0,0.0,8.0,32.0
0020000359,1610612758,SAC,Sacramento,1517,Bobby Jackson,Bobby,G,,17:08,2.0,6.0,0.333,1.0,1.0,1.0,0.0,0.0,0.0,2.0,2.0,4.0,1.0,2.0,0.0,0.0,3.0,5.0,23.0
0020000359,1610612758,SAC,Sacramento,1444,Lawrence Funderburke,Lawrence,,,15:32,7.0,7.0,1.0,0.0,0.0,0.0,2.0,2.0,1.0,1.0,3.0,4.0,0.0,1.0,0.0,0.0,1.0,16.0,16.0
0020000359,1610612758,SAC,Sacramento,98,Nick Anderson,Nick,,,9:37,2.0,6.0,0.333,1.0,4.0,0.25,0.0,0.0,0.0,0.0,1.0,1.0,1.0,1.0,0.0,1.0,0.0,5.0,6.0
0020000359,1610612758,SAC,Sacramento,239,Darrick Martin,Darrick,,,8:59,1.0,6.0,0.167,1.0,2.0,0.5,0.0,0.0,0.0,0.0,1.0,1.0,0.0,2.0,0.0,0.0,2.0,3.0,2.0
0020000359,1610612758,SAC,Sacramento,1248,,,, ,,,,,,,,,,,,,,,,,,,,
0020000359,1610612758,SAC,Sacramento,1249,,,, ,,,,,,,,,,,,,,,,,,,,
0020000359,1610612758,SAC,Sacramento,1322,,,, ,,,,,,,,,,,,,,,,,,,,
0020000359,1610612758,SAC,Sacramento,1327,,,, ,,,,,,,,,,,,,,,,,,,,
0020000359,1610612758,SAC,Sacramento,1328,,,, ,,,,,,,,,,,,,,,,,,,,
0020000359,1610612758,SAC,Sacramento,1775,,,, ,,,,,,,,,,,,,,,,,,,,
0020000359,1610612758,SAC,Sacramento,978,Peja Stojakovic,Peja,,DND - bruised right shoulder,,,,,,,,,,,,,,,,,,,,
0020000358,1610612750,MIN,Minnesota,708,Kevin Garnett,Kevin,G,,43:36,11.0,21.0,0.524,0.0,0.0,0.0,7.0,8.0,0.875,5.0,11.0,16.0,2.0,0.0,3.0,6.0,4.0,29.0,-13.0
0020000358,1610612750,MIN,Minnesota,1887,Wally Szczerbiak,Wally,F,,21:10,2.0,7.0,0.286,1.0,1.0,1.0,0.0,0.0,0.0,3.0,0.0,3.0,1.0,2.0,0.0,2.0,0.0,5.0,-12.0
0020000358,1610612750,MIN,Minnesota,1051,Dean Garrett,Dean,F,,15:19,2.0,3.0,0.667,0.0,0.0,0.0,0.0,0.0,0.0,3.0,3.0,6.0,1.0,0.0,1.0,1.0,1.0,4.0,-3.0
0020000358,1610612750,MIN,Minnesota,1497,Chauncey Billups,Chauncey,G,,34:53,4.0,12.0,0.333,1.0,6.0,0.167,1.0,1.0,1.0,1.0,2.0,3.0,7.0,1.0,1.0,1.0,3.0,10.0,-24.0
0020000358,1610612750,MIN,Minnesota,210,Terrell Brandon,Terrell,G,,24:24,3.0,11.0,0.273,0.0,0.0,0.0,0.0,0.0,0.0,2.0,2.0,4.0,4.0,0.0,0.0,2.0,2.0,6.0,-9.0
0020000358,1610612750,MIN,Minnesota,417,Sam Mitchell,Sam,G,,4:25,0.0,1.0,0.0,0.0,0.0,0.0,0.0,0.0,0.0,0.0,0.0,0.0,0.0,0.0,0.0,0.0,0.0,0.0,-9.0
0020000358,1610612750,MIN,Minnesota,1725,Rasho Nesterovic,Rasho,,,1:56,1.0,1.0,1.0,0.0,0.0,0.0,0.0,0.0,0.0,0.0,0.0,0.0,0.0,0.0,0.0,0.0,3.0,2.0,-3.0
0020000358,1610612750,MIN,Minnesota,324,Anthony Peeler,Anthony,G,,28:25,5.0,10.0,0.5,0.0,2.0,0.0,1.0,2.0,0.5,2.0,1.0,3.0,2.0,0.0,0.0,0.0,5.0,11.0,-13.0
0020000358,1610612750,MIN,Minnesota,111,LaPhonso Ellis,LaPhonso,F,,26:03,6.0,10.0,0.6,0.0,0.0,0.0,2.0,2.0,1.0,3.0,4.0,7.0,0.0,0.0,1.0,1.0,4.0,14.0,-9.0
0020000358,1610612750,MIN,Minnesota,1073,Reggie Slater,Reggie,,,4:24,0.0,0.0,0.0,0.0,0.0,0.0,0.0,2.0,0.0,0.0,1.0,1.0,1.0,0.0,0.0,0.0,2.0,0.0,-8.0
0020000358,1610612750,MIN,Minnesota,1734,Sam Jacobson,Sam,C,,15:59,1.0,4.0,0.25,0.0,0.0,0.0,0.0,0.0,0.0,1.0,1.0,2.0,2.0,1.0,0.0,0.0,3.0,2.0,3.0
0020000358,1610612750,MIN,Minnesota,1895,William Avery,William,F,,19:26,6.0,11.0,0.545,2.0,4.0,0.5,2.0,2.0,1.0,1.0,1.0,2.0,6.0,1.0,0.0,4.0,4.0,16.0,-5.0
0020000358,1610612750,MIN,Minnesota,1290,,,, ,,,,,,,,,,,,,,,,,,,,
0020000358,1610612750,MIN,Minnesota,1291,,,, ,,,,,,,,,,,,,,,,,,,,
0020000358,1610612750,MIN,Minnesota,847,,,, ,,,,,,,,,,,,,,,,,,,,
0020000358,1610612750,MIN,Minnesota,2146,,,, ,,,,,,,,,,,,,,,,,,,,
0020000358,1610612750,MIN,Minnesota,2158,,,, ,,,,,,,,,,,,,,,,,,,,
0020000358,1610612750,MIN,Minnesota,2159,,,, ,,,,,,,,,,,,,,,,,,,,
0020000358,1610612744,GSW,Golden State,1712,Antawn Jamison,Antawn,G,,45:16,11.0,17.0,0.647,0.0,2.0,0.0,4.0,6.0,0.667,4.0,3.0,7.0,0.0,2.0,1.0,0.0,2.0,26.0,26.0
0020000358,1610612744,GSW,Golden State,2084,Chris Porter,Chris,F,,29:15,4.0,12.0,0.333,0.0,0.0,0.0,6.0,6.0,1.0,3.0,7.0,10.0,3.0,0.0,0.0,1.0,2.0,14.0,13.0
0020000358,1610612744,GSW,Golden State,1531,Marc Jackson,Marc,G,,42:45,11.0,17.0,0.647,1.0,2.0,0.5,8.0,11.0,0.727,4.0,6.0,10.0,2.0,3.0,5.0,3.0,3.0,31.0,10.0
0020000358,1610612744,GSW,Golden State,1716,Larry Hughes,Larry,G,,39:13,6.0,17.0,0.353,0.0,1.0,0.0,4.0,6.0,0.667,1.0,3.0,4.0,7.0,5.0,1.0,3.0,2.0,16.0,17.0
0020000358,1610612744,GSW,Golden State,302,Mookie Blaylock,Mookie,G,,38:31,8.0,9.0,0.889,0.0,1.0,0.0,2.0,2.0,1.0,3.0,6.0,9.0,10.0,3.0,0.0,2.0,2.0,18.0,36.0
0020000358,1610612744,GSW,Golden State,1907,Vonteego Cummings,Vonteego,G,,29:15,3.0,6.0,0.5,2.0,3.0,0.667,4.0,5.0,0.8,0.0,1.0,1.0,3.0,2.0,0.0,0.0,2.0,12.0,16.0
0020000358,1610612744,GSW,Golden State,228,Adam Keefe,Adam,F,,6:17,1.0,5.0,0.2,0.0,0.0,0.0,1.0,2.0,0.5,1.0,0.0,1.0,0.0,0.0,0.0,0.0,3.0,3.0,2.0
0020000358,1610612744,GSW,Golden State,682,Bob Sura,Bob,F,,9:29,0.0,2.0,0.0,0.0,2.0,0.0,0.0,0.0,0.0,0.0,0.0,0.0,4.0,0.0,0.0,2.0,1.0,0.0,-15.0
0020000358,1610612744,GSW,Golden State,1217,,,, ,,,,,,,,,,,,,,,,,,,,
0020000358,1610612744,GSW,Golden State,1252,,,, ,,,,,,,,,,,,,,,,,,,,
0020000358,1610612744,GSW,Golden State,1323,,,, ,,,,,,,,,,,,,,,,,,,,
0020000358,1610612744,GSW,Golden State,1350,,,, ,,,,,,,,,,,,,,,,,,,,
0020000358,1610612744,GSW,Golden State,1373,,,, ,,,,,,,,,,,,,,,,,,,,
0020000358,1610612744,GSW,Golden State,1637,,,, ,,,,,,,,,,,,,,,,,,,,
0020000358,1610612744,GSW,Golden State,500093,,,, ,,,,,,,,,,,,,,,,,,,,
0020000358,1610612744,GSW,Golden State,223,Bill Curley,Bill,,DNP - Coach's Decision,,,,,,,,,,,,,,,,,,,,
0020000358,1610612744,GSW,Golden State,956,Erick Dampier,Erick,,DND - Surgery left knee,,,,,,,,,,,,,,,,,,,,
0020000358,1610612744,GSW,Golden State,219,Vinny Del Negro,Vinny,,DNP - Coach's Decision,,,,,,,,,,,,,,,,,,,,
0020000358,1610612744,GSW,Golden State,1502,Adonal Foyle,Adonal,,"DND - Stress fracture, right tibia",,,,,,,,,,,,,,,,,,,,
0020000369,1610612764,WAS,Washington,1838,Tyrone Nesby,Tyrone,G,,35:14,6.0,12.0,0.5,2.0,4.0,0.5,4.0,4.0,1.0,1.0,2.0,3.0,0.0,2.0,0.0,1.0,6.0,18.0,-13.0
0020000369,1610612764,WAS,Washington,436,Juwan Howard,Juwan,F,,43:59,15.0,27.0,0.556,0.0,0.0,0.0,4.0,5.0,0.8,1.0,7.0,8.0,4.0,2.0,0.0,5.0,5.0,34.0,-11.0
0020000369,1610612764,WAS,Washington,1751,Jahidi White,Jahidi,G,,23:40,5.0,7.0,0.714,0.0,0.0,0.0,5.0,7.0,0.714,4.0,3.0,7.0,0.0,0.0,2.0,2.0,2.0,15.0,-3.0
0020000369,1610612764,WAS,Washington,1732,Felipe Lopez,Felipe,G,,26:07,3.0,7.0,0.429,0.0,1.0,0.0,1.0,1.0,1.0,0.0,2.0,2.0,2.0,1.0,1.0,2.0,5.0,7.0,-8.0
0020000369,1610612764,WAS,Washington,393,Rod Strickland,Rod,G,,36:28,3.0,9.0,0.333,0.0,1.0,0.0,1.0,4.0,0.25,1.0,1.0,2.0,13.0,4.0,1.0,3.0,0.0,7.0,-7.0
0020000369,1610612764,WAS,Washington,1916,Calvin Booth,Calvin,G,,12:43,1.0,2.0,0.5,0.0,0.0,0.0,0.0,0.0,0.0,2.0,2.0,4.0,0.0,1.0,0.0,2.0,3.0,2.0,-8.0
0020000369,1610612764,WAS,Washington,1888,Richard Hamilton,Richard,G,,26:28,3.0,6.0,0.5,1.0,1.0,1.0,0.0,0.0,0.0,1.0,2.0,3.0,1.0,0.0,0.0,1.0,1.0,7.0,-6.0
0020000369,1610612764,WAS,Washington,63,Michael Smith,Michael,G,,13:35,3.0,4.0,0.75,0.0,0.0,0.0,2.0,2.0,1.0,3.0,2.0,5.0,2.0,1.0,0.0,1.0,2.0,8.0,-2.0
0020000369,1610612764,WAS,Washington,43,Chris Whitney,Chris,F,,11:35,1.0,4.0,0.25,0.0,1.0,0.0,0.0,2.0,0.0,0.0,1.0,1.0,2.0,0.0,0.0,1.0,1.0,2.0,-7.0
0020000369,1610612764,WAS,Washington,1562,Gerard King,Gerard,G,,10:11,2.0,3.0,0.667,0.0,0.0,0.0,0.0,0.0,0.0,1.0,0.0,1.0,0.0,0.0,0.0,1.0,0.0,4.0,-5.0
0020000369,1610612764,WAS,Washington,1918,Obinna Ekezie,Obinna,,,0:00,0.0,0.0,0.0,0.0,0.0,0.0,0.0,0.0,0.0,0.0,0.0,0.0,0.0,0.0,0.0,0.0,0.0,0.0,0.0
0020000369,1610612764,WAS,Washington,1919,Laron Profit,Laron,,DNP - Coach's Decision,,,,,,,,,,,,,,,,,,,,
0020000369,1610612763,VAN,Vancouver,949,Shareef Abdur-Rahim,Shareef,F,,41:05,6.0,9.0,0.667,0.0,0.0,0.0,12.0,12.0,1.0,0.0,5.0,5.0,4.0,2.0,0.0,2.0,4.0,24.0,13.0
0020000369,1610612763,VAN,Vancouver,970,Othella Harrington,Othella,G,,29:48,6.0,9.0,0.667,0.0,0.0,0.0,5.0,6.0,0.833,3.0,4.0,7.0,0.0,1.0,0.0,3.0,4.0,17.0,2.0
0020000369,1610612763,VAN,Vancouver,1134,Ike Austin,Ike,C,,17:23,2.0,6.0,0.333,0.0,0.0,0.0,0.0,0.0,0.0,0.0,3.0,3.0,1.0,0.0,0.0,2.0,3.0,4.0,4.0
0020000369,1610612763,VAN,Vancouver,1722,Michael Dickerson,Michael,G,,35:33,6.0,14.0,0.429,1.0,4.0,0.25,4.0,6.0,0.667,1.0,1.0,2.0,3.0,1.0,0.0,5.0,3.0,17.0,11.0
0020000369,1610612763,VAN,Vancouver,1710,Mike Bibby,Mike,G,,38:11,10.0,14.0,0.714,2.0,3.0,0.667,4.0,5.0,0.8,0.0,3.0,3.0,12.0,0.0,1.0,2.0,2.0,26.0,8.0
0020000369,1610612763,VAN,Vancouver,735,Bryant Reeves,Bryant,G,,29:46,7.0,11.0,0.636,0.0,0.0,0.0,4.0,4.0,1.0,4.0,3.0,7.0,2.0,0.0,1.0,3.0,5.0,18.0,11.0
0020000369,1610612763,VAN,Vancouver,236,Kevin Edwards,Kevin,G,,13:32,2.0,5.0,0.4,0.0,0.0,0.0,0.0,0.0,0.0,0.0,2.0,2.0,3.0,1.0,0.0,0.0,2.0,4.0,1.0
0020000369,1610612763,VAN,Vancouver,28,Doug West,Doug,F,,6:16,0.0,2.0,0.0,0.0,0.0,0.0,0.0,0.0,0.0,0.0,0.0,0.0,1.0,0.0,1.0,0.0,0.0,0.0,3.0
0020000369,1610612763,VAN,Vancouver,2031,Stromile Swift,Stromile,F,,18:34,1.0,2.0,0.5,0.0,0.0,0.0,0.0,2.0,0.0,2.0,3.0,5.0,0.0,2.0,0.0,2.0,2.0,2.0,11.0
0020000369,1610612763,VAN,Vancouver,1800,Damon Jones,Damon,G,,9:52,2.0,3.0,0.667,2.0,2.0,1.0,0.0,0.0,0.0,0.0,0.0,0.0,1.0,0.0,0.0,1.0,2.0,6.0,6.0
0020000369,1610612763,VAN,Vancouver,3,Grant Long,Grant,,DND - Thumb Injury,,,,,,,,,,,,,,,,,,,,
0020000369,1610612763,VAN,Vancouver,763,Tony Massenburg,Tony,,DNP - Coach's Decision,,,,,,,,,,,,,,,,,,,,
0020000366,1610612765,DET,Detroit,688,Michael Curry,Michael,F,,27:04,4.0,6.0,0.667,0.0,0.0,0.0,1.0,1.0,1.0,0.0,2.0,2.0,1.0,0.0,0.0,0.0,3.0,9.0,-4.0
0020000366,1610612765,DET,Detroit,693,Joe Smith,Joe,F,,34:36,8.0,16.0,0.5,0.0,0.0,0.0,2.0,2.0,1.0,1.0,7.0,8.0,5.0,0.0,0.0,0.0,3.0,18.0,-12.0
0020000366,1610612765,DET,Detroit,1112,Ben Wallace,Ben,G,,31:31,4.0,7.0,0.571,0.0,0.0,0.0,1.0,2.0,0.5,3.0,9.0,12.0,2.0,3.0,2.0,2.0,3.0,9.0,-6.0
0020000366,1610612765,DET,Detroit,1088,Chucky Atkins,Chucky,G,,25:56,4.0,10.0,0.4,3.0,4.0,0.75,0.0,0.0,0.0,2.0,1.0,3.0,8.0,1.0,1.0,3.0,1.0,11.0,10.0
0020000366,1610612765,DET,Detroit,711,Jerry Stackhouse,Jerry,G,,36:43,10.0,23.0,0.435,3.0,6.0,0.5,7.0,9.0,0.778,1.0,4.0,5.0,7.0,0.0,1.0,4.0,0.0,30.0,-3.0
0020000366,1610612765,DET,Detroit,2043,Mateen Cleaves,Mateen,G,,18:37,6.0,7.0,0.857,0.0,0.0,0.0,2.0,4.0,0.5,1.0,0.0,1.0,3.0,1.0,0.0,2.0,2.0,14.0,0.0
0020000366,1610612765,DET,Detroit,1630,Mikki Moore,Mikki,C,,25:47,1.0,6.0,0.167,0.0,0.0,0.0,0.0,0.0,0.0,3.0,5.0,8.0,1.0,1.0,2.0,3.0,4.0,2.0,8.0
0020000366,1610612765,DET,Detroit,182,Billy Owens,Billy,G,,16:07,1.0,3.0,0.333,0.0,0.0,0.0,0.0,0.0,0.0,1.0,1.0,2.0,4.0,0.0,0.0,0.0,1.0,2.0,-1.0
0020000366,1610612765,DET,Detroit,344,Dana Barros,Dana,F,,19:33,4.0,10.0,0.4,1.0,3.0,0.333,0.0,0.0,0.0,0.0,3.0,3.0,1.0,0.0,1.0,1.0,1.0,9.0,-8.0
0020000366,1610612765,DET,Detroit,376,Eric Montross,Eric,F,,4:06,1.0,1.0,1.0,0.0,0.0,0.0,0.0,0.0,0.0,0.0,1.0,1.0,0.0,0.0,0.0,0.0,2.0,2.0,6.0
0020000366,1610612765,DET,Detroit,1996,,,, ,,,,,,,,,,,,,,,,,,,,
0020000366,1610612765,DET,Detroit,2155,,,, ,,,,,,,,,,,,,,,,,,,,
0020000366,1610612765,DET,Detroit,1798,,,, ,,,,,,,,,,,,,,,,,,,,
0020000366,1610612765,DET,Detroit,1247,,,, ,,,,,,,,,,,,,,,,,,,,
0020000366,1610612765,DET,Detroit,2073,Brian Cardinal,Brian,,DNP - Coach's Decision,,,,,,,,,,,,,,,,,,,,
0020000366,1610612743,DEN,Denver,686,Antonio McDyess,Antonio,F,,43:47,14.0,25.0,0.56,0.0,0.0,0.0,1.0,3.0,0.333,5.0,3.0,8.0,4.0,0.0,3.0,2.0,3.0,29.0,3.0
0020000366,1610612743,DEN,Denver,1899,James Posey,James,F,,25:44,5.0,12.0,0.417,1.0,6.0,0.167,0.0,0.0,0.0,1.0,5.0,6.0,4.0,0.0,2.0,0.0,1.0,11.0,-5.0
0020000366,1610612743,DEN,Denver,1711,Raef LaFrentz,Raef,G,,36:16,8.0,10.0,0.8,3.0,3.0,1.0,3.0,4.0,0.75,3.0,8.0,11.0,2.0,0.0,1.0,0.0,3.0,22.0,10.0
0020000366,1610612743,DEN,Denver,702,Voshon Lenard,Voshon,G,,27:51,3.0,11.0,0.273,1.0,4.0,0.25,0.0,0.0,0.0,0.0,3.0,3.0,5.0,1.0,1.0,0.0,2.0,7.0,0.0
0020000366,1610612743,DEN,Denver,89,Nick Van Exel,Nick,G,,37:12,8.0,19.0,0.421,1.0,7.0,0.143,0.0,0.0,0.0,0.0,0.0,0.0,10.0,3.0,0.0,3.0,4.0,17.0,1.0
0020000366,1610612743,DEN,Denver,123,Robert Pack,Robert,G,,15:29,4.0,4.0,1.0,0.0,0.0,0.0,1.0,2.0,0.5,0.0,1.0,1.0,4.0,2.0,0.0,2.0,3.0,9.0,3.0
0020000366,1610612743,DEN,Denver,1721,Keon Clark,Keon,G,,15:57,1.0,1.0,1.0,0.0,0.0,0.0,2.0,4.0,0.5,0.0,3.0,3.0,0.0,0.0,0.0,0.0,0.0,4.0,-9.0
0020000366,1610612743,DEN,Denver,1763,Ryan Bowen,Ryan,F,,6:06,0.0,0.0,0.0,0.0,0.0,0.0,0.0,0.0,0.0,0.0,0.0,0.0,1.0,1.0,0.0,0.0,2.0,0.0,12.0
0020000366,1610612743,DEN,Denver,45,George McCloud,George,F,,28:07,3.0,9.0,0.333,1.0,5.0,0.2,2.0,4.0,0.5,1.0,2.0,3.0,4.0,1.0,1.0,3.0,2.0,9.0,-1.0
0020000366,1610612743,DEN,Denver,384,Calbert Cheaney,Calbert,,,3:31,0.0,1.0,0.0,0.0,0.0,0.0,0.0,0.0,0.0,1.0,0.0,1.0,1.0,0.0,0.0,0.0,1.0,0.0,-4.0
0020000366,1610612743,DEN,Denver,1207,,,, ,,,,,,,,,,,,,,,,,,,,
0020000366,1610612743,DEN,Denver,1216,,,, ,,,,,,,,,,,,,,,,,,,,
0020000366,1610612743,DEN,Denver,1240,,,, ,,,,,,,,,,,,,,,,,,,,
0020000366,1610612743,DEN,Denver,1241,,,, ,,,,,,,,,,,,,,,,,,,,
0020000366,1610612743,DEN,Denver,1784,,,, ,,,,,,,,,,,,,,,,,,,,
0020000366,1610612743,DEN,Denver,1785,,,, ,,,,,,,,,,,,,,,,,,,,
0020000366,1610612743,DEN,Denver,1786,,,, ,,,,,,,,,,,,,,,,,,,,
0020000366,1610612743,DEN,Denver,2007,,,, ,,,,,,,,,,,,,,,,,,,,
0020000366,1610612743,DEN,Denver,1995,,,, ,,,,,,,,,,,,,,,,,,,,
0020000366,1610612743,DEN,Denver,145,Tracy Murray,Tracy,,DNP - Coach's Decision,,,,,,,,,,,,,,,,,,,,
0020000366,1610612743,DEN,Denver,1110,Mark Strickland,Mark,,DNP - Coach's Decision,,,,,,,,,,,,,,,,,,,,
0020000365,1610612739,CLE,Cleveland,441,Lamond Murray,Lamond,G,,38:10,7.0,16.0,0.438,0.0,1.0,0.0,0.0,0.0,0.0,1.0,4.0,5.0,0.0,0.0,0.0,2.0,1.0,14.0,-14.0
0020000365,1610612739,CLE,Cleveland,221,Clar. Weatherspoon,Clar.,F,,31:59,4.0,9.0,0.444,0.0,0.0,0.0,1.0,2.0,0.5,2.0,4.0,6.0,2.0,1.0,0.0,0.0,4.0,9.0,-11.0
0020000365,1610612739,CLE,Cleveland,980,Zydrunas Ilgauskas,Zydrunas,C,,29:36,3.0,7.0,0.429,0.0,0.0,0.0,3.0,4.0,0.75,1.0,6.0,7.0,0.0,1.0,1.0,5.0,2.0,9.0,-4.0
0020000365,1610612739,CLE,Cleveland,1723,Matt Harpring,Matt,G,,34:12,3.0,11.0,0.273,0.0,0.0,0.0,3.0,4.0,0.75,4.0,6.0,10.0,0.0,2.0,0.0,1.0,3.0,9.0,-3.0
0020000365,1610612739,CLE,Cleveland,1889,Andre Miller,Andre,G,,37:17,5.0,16.0,0.313,0.0,1.0,0.0,4.0,4.0,1.0,1.0,4.0,5.0,10.0,4.0,2.0,4.0,5.0,14.0,-8.0
0020000365,1610612739,CLE,Cleveland,423,Chris Gatling,Chris,G,,24:50,8.0,12.0,0.667,0.0,2.0,0.0,2.0,3.0,0.667,0.0,3.0,3.0,0.0,0.0,0.0,0.0,4.0,18.0,-10.0
0020000365,1610612739,CLE,Cleveland,1138,Michael Hawkins,Michael,F,,10:43,0.0,2.0,0.0,0.0,0.0,0.0,0.0,0.0,0.0,1.0,1.0,2.0,0.0,0.0,0.0,0.0,1.0,0.0,-9.0
0020000365,1610612739,CLE,Cleveland,1538,Cedric Henderson,Cedric,F,,14:56,1.0,4.0,0.25,0.0,0.0,0.0,0.0,0.0,0.0,0.0,2.0,2.0,3.0,0.0,0.0,1.0,1.0,2.0,-11.0
0020000365,1610612739,CLE,Cleveland,1714,Robert Traylor,Robert,F,,6:25,0.0,0.0,0.0,0.0,0.0,0.0,0.0,0.0,0.0,0.0,0.0,0.0,1.0,0.0,1.0,1.0,1.0,0.0,-8.0
0020000365,1610612739,CLE,Cleveland,1892,Trajan Langdon,Trajan,G,,8:42,1.0,1.0,1.0,0.0,0.0,0.0,0.0,0.0,0.0,0.0,1.0,1.0,0.0,0.0,0.0,1.0,1.0,2.0,-6.0
0020000365,1610612739,CLE,Cleveland,462,J.R. Reid,J.R.,,,3:10,0.0,0.0,0.0,0.0,0.0,0.0,0.0,0.0,0.0,0.0,1.0,1.0,0.0,0.0,0.0,0.0,0.0,0.0,-1.0
0020000365,1610612739,CLE,Cleveland,1285,,,, ,,,,,,,,,,,,,,,,,,,,
0020000365,1610612739,CLE,Cleveland,1289,,,, ,,,,,,,,,,,,,,,,,,,,
0020000365,1610612739,CLE,Cleveland,1311,,,, ,,,,,,,,,,,,,,,,,,,,
0020000365,1610612739,CLE,Cleveland,2006,,,, ,,,,,,,,,,,,,,,,,,,,
0020000365,1610612739,CLE,Cleveland,2096,,,, ,,,,,,,,,,,,,,,,,,,,
0020000365,1610612739,CLE,Cleveland,1638,,,, ,,,,,,,,,,,,,,,,,,,,
0020000365,1610612739,CLE,Cleveland,445,Wesley Person,Wesley,,DNT -  Ulnar nerve contusion,,,,,,,,,,,,,,,,,,,,
0020000365,1610612759,SAS,San Antonio,251,Sean Elliott,Sean,F,,19:40,3.0,7.0,0.429,1.0,2.0,0.5,0.0,0.0,0.0,1.0,1.0,2.0,0.0,2.0,0.0,1.0,0.0,7.0,3.0
0020000365,1610612759,SAS,San Antonio,1495,Tim Duncan,Tim,G,,38:40,5.0,14.0,0.357,0.0,1.0,0.0,4.0,4.0,1.0,3.0,9.0,12.0,3.0,0.0,3.0,1.0,2.0,14.0,18.0
0020000365,1610612759,SAS,San Antonio,764,David Robinson,David,C,,29:54,4.0,10.0,0.4,0.0,0.0,0.0,1.0,4.0,0.25,4.0,9.0,13.0,2.0,0.0,6.0,1.0,3.0,9.0,-6.0
0020000365,1610612759,SAS,San Antonio,1498,Antonio Daniels,Antonio,G,,21:41,3.0,9.0,0.333,1.0,1.0,1.0,1.0,2.0,0.5,0.0,2.0,2.0,3.0,0.0,0.0,4.0,2.0,8.0,-5.0
0020000365,1610612759,SAS,San Antonio,1507,Derek Anderson,Derek,G,,30:14,5.0,11.0,0.455,0.0,0.0,0.0,3.0,3.0,1.0,2.0,0.0,2.0,4.0,2.0,0.0,1.0,0.0,13.0,9.0
0020000365,1610612759,SAS,San Antonio,198,Danny Ferry,Danny,F,,26:24,6.0,12.0,0.5,3.0,7.0,0.429,1.0,2.0,0.5,0.0,5.0,5.0,1.0,0.0,1.0,0.0,3.0,16.0,14.0
0020000365,1610612759,SAS,San Antonio,345,Terry Porter,Terry,G,,24:04,3.0,7.0,0.429,3.0,4.0,0.75,2.0,2.0,1.0,0.0,1.0,1.0,7.0,1.0,0.0,3.0,1.0,11.0,22.0
0020000365,1610612759,SAS,San Antonio,990,Malik Rose,Malik,C,,22:29,4.0,6.0,0.667,0.0,0.0,0.0,2.0,3.0,0.667,5.0,6.0,11.0,0.0,2.0,1.0,0.0,4.0,10.0,20.0
0020000365,1610612759,SAS,San Antonio,70,Steve Kerr,Steve,F,,17:46,1.0,5.0,0.2,1.0,4.0,0.25,0.0,0.0,0.0,0.0,0.0,0.0,2.0,0.0,0.0,1.0,0.0,3.0,8.0
0020000365,1610612759,SAS,San Antonio,955,Samaki Walker,Samaki,,,4:57,0.0,2.0,0.0,0.0,0.0,0.0,1.0,2.0,0.5,1.0,2.0,3.0,0.0,0.0,0.0,0.0,0.0,1.0,2.0
0020000365,1610612759,SAS,San Antonio,1760,Derrick Dial,Derrick,,,2:15,0.0,1.0,0.0,0.0,0.0,0.0,0.0,0.0,0.0,0.0,0.0,0.0,0.0,0.0,0.0,0.0,0.0,0.0,0.0
0020000365,1610612759,SAS,San Antonio,1956,Ira Newble,Ira,,,1:56,1.0,1.0,1.0,0.0,0.0,0.0,0.0,0.0,0.0,1.0,1.0,2.0,0.0,0.0,0.0,1.0,0.0,2.0,0.0
0020000365,1610612759,SAS,San Antonio,1658,,,, ,,,,,,,,,,,,,,,,,,,,
0020000365,1610612759,SAS,San Antonio,1264,,,, ,,,,,,,,,,,,,,,,,,,,
0020000365,1610612759,SAS,San Antonio,1331,,,, ,,,,,,,,,,,,,,,,,,,,
0020000365,1610612759,SAS,San Antonio,1371,,,, ,,,,,,,,,,,,,,,,,,,,
0020000365,1610612759,SAS,San Antonio,873,,,, ,,,,,,,,,,,,,,,,,,,,
0020000361,1610612762,UTA,Utah,935,Bryon Russell,Bryon,F,,36:05,3.0,10.0,0.3,0.0,2.0,0.0,3.0,4.0,0.75,1.0,0.0,1.0,2.0,1.0,0.0,0.0,2.0,9.0,-13.0
0020000361,1610612762,UTA,Utah,252,Karl Malone,Karl,G,,43:11,13.0,18.0,0.722,0.0,0.0,0.0,15.0,20.0,0.75,1.0,12.0,13.0,3.0,2.0,4.0,3.0,2.0,41.0,1.0
0020000361,1610612762,UTA,Utah,178,Olden Polynice,Olden,G,,19:19,1.0,6.0,0.167,0.0,0.0,0.0,0.0,0.0,0.0,3.0,4.0,7.0,0.0,0.0,0.0,0.0,3.0,2.0,-6.0
0020000361,1610612762,UTA,Utah,317,John Starks,John,G,,25:18,0.0,7.0,0.0,0.0,2.0,0.0,0.0,0.0,0.0,1.0,1.0,2.0,1.0,0.0,0.0,1.0,1.0,0.0,-8.0
0020000361,1610612762,UTA,Utah,304,John Stockton,John,G,,35:11,2.0,7.0,0.286,0.0,0.0,0.0,3.0,3.0,1.0,1.0,0.0,1.0,11.0,4.0,0.0,4.0,3.0,7.0,9.0
0020000361,1610612762,UTA,Utah,1521,Jacque Vaughn,Jacque,G,,12:49,0.0,1.0,0.0,0.0,0.0,0.0,0.0,1.0,0.0,1.0,1.0,2.0,3.0,1.0,0.0,5.0,5.0,0.0,-7.0
0020000361,1610612762,UTA,Utah,128,David Benoit,David,,,3:07,1.0,1.0,1.0,0.0,0.0,0.0,0.0,0.0,0.0,0.0,0.0,0.0,0.0,0.0,0.0,0.0,1.0,2.0,-2.0
0020000361,1610612762,UTA,Utah,2052,DeShawn Stevenson,DeShawn,F,,4:29,0.0,0.0,0.0,0.0,0.0,0.0,0.0,0.0,0.0,0.0,1.0,1.0,0.0,0.0,0.0,0.0,0.0,0.0,-2.0
0020000361,1610612762,UTA,Utah,731,Greg Ostertag,Greg,G,,13:49,2.0,3.0,0.667,0.0,0.0,0.0,3.0,3.0,1.0,1.0,1.0,2.0,0.0,0.0,1.0,2.0,4.0,7.0,3.0
0020000361,1610612762,UTA,Utah,923,Donyell Marshall,Donyell,F,,30:08,3.0,7.0,0.429,0.0,1.0,0.0,1.0,2.0,0.5,1.0,9.0,10.0,1.0,0.0,1.0,1.0,2.0,7.0,27.0
0020000361,1610612762,UTA,Utah,330,Danny Manning,Danny,,,16:34,6.0,11.0,0.545,0.0,1.0,0.0,4.0,4.0,1.0,1.0,0.0,1.0,1.0,0.0,0.0,0.0,2.0,16.0,8.0
0020000361,1610612762,UTA,Utah,1794,,,, ,,,,,,,,,,,,,,,,,,,,
0020000361,1610612762,UTA,Utah,1228,,,, ,,,,,,,,,,,,,,,,,,,,
0020000361,1610612762,UTA,Utah,1345,,,, ,,,,,,,,,,,,,,,,,,,,
0020000361,1610612762,UTA,Utah,1347,,,, ,,,,,,,,,,,,,,,,,,,,
0020000361,1610612762,UTA,Utah,1348,,,, ,,,,,,,,,,,,,,,,,,,,
0020000361,1610612762,UTA,Utah,1372,,,, ,,,,,,,,,,,,,,,,,,,,
0020000361,1610612762,UTA,Utah,1900,Quincy Lewis,Quincy,,DNP - Coach's Decision,,,,,,,,,,,,,,,,,,,,
0020000361,1610612755,PHI,Philadelphia,389,Toni Kukoc,Toni,F,,33:11,3.0,10.0,0.3,0.0,3.0,0.0,1.0,2.0,0.5,3.0,6.0,9.0,4.0,2.0,0.0,1.0,1.0,7.0,5.0
0020000361,1610612755,PHI,Philadelphia,238,Tyrone Hill,Tyrone,G,,31:29,3.0,5.0,0.6,0.0,0.0,0.0,3.0,6.0,0.5,5.0,7.0,12.0,0.0,1.0,0.0,1.0,5.0,9.0,0.0
0020000361,1610612755,PHI,Philadelphia,689,Theo Ratliff,Theo,G,,29:36,3.0,5.0,0.6,0.0,0.0,0.0,7.0,8.0,0.875,2.0,5.0,7.0,1.0,1.0,1.0,1.0,4.0,13.0,5.0
0020000361,1610612755,PHI,Philadelphia,243,Aaron McKie,Aaron,G,,38:26,1.0,7.0,0.143,1.0,3.0,0.333,2.0,2.0,1.0,1.0,2.0,3.0,3.0,1.0,0.0,5.0,2.0,5.0,8.0
0020000361,1610612755,PHI,Philadelphia,947,Allen Iverson,Allen,G,,46:52,15.0,34.0,0.441,0.0,4.0,0.0,15.0,18.0,0.833,1.0,2.0,3.0,1.0,4.0,0.0,6.0,3.0,45.0,2.0
0020000361,1610612755,PHI,Philadelphia,137,Vernon Maxwell,Vernon,G,,11:09,0.0,3.0,0.0,0.0,2.0,0.0,0.0,0.0,0.0,0.0,1.0,1.0,0.0,0.0,0.0,0.0,0.0,0.0,-9.0
0020000361,1610612755,PHI,Philadelphia,2143,Pepe Sanchez,Pepe,,,1:08,0.0,0.0,0.0,0.0,0.0,0.0,0.0,0.0,0.0,0.0,0.0,0.0,0.0,0.0,0.0,0.0,1.0,0.0,-4.0
0020000361,1610612755,PHI,Philadelphia,761,Matt Geiger,Matt,F,,12:18,1.0,5.0,0.2,0.0,0.0,0.0,0.0,0.0,0.0,1.0,1.0,2.0,0.0,0.0,1.0,1.0,2.0,2.0,-12.0
0020000361,1610612755,PHI,Philadelphia,248,George Lynch,George,G,,22:17,2.0,4.0,0.5,0.0,0.0,0.0,2.0,2.0,1.0,1.0,2.0,3.0,0.0,2.0,0.0,0.0,5.0,6.0,0.0
0020000361,1610612755,PHI,Philadelphia,1928,Todd MacCulloch,Todd,,,13:34,1.0,2.0,0.5,0.0,0.0,0.0,0.0,0.0,0.0,1.0,2.0,3.0,1.0,1.0,0.0,0.0,2.0,2.0,-5.0
0020000361,1610612755,PHI,Philadelphia,2169,,,, ,,,,,,,,,,,,,,,,,,,,
0020000361,1610612755,PHI,Philadelphia,1212,,,, ,,,,,,,,,,,,,,,,,,,,
0020000361,1610612755,PHI,Philadelphia,1865,,,, ,,,,,,,,,,,,,,,,,,,,
0020000361,1610612755,PHI,Philadelphia,1259,,,, ,,,,,,,,,,,,,,,,,,,,
0020000361,1610612755,PHI,Philadelphia,1308,,,, ,,,,,,,,,,,,,,,,,,,,
0020000361,1610612755,PHI,Philadelphia,1312,,,, ,,,,,,,,,,,,,,,,,,,,
0020000361,1610612755,PHI,Philadelphia,1313,,,, ,,,,,,,,,,,,,,,,,,,,
0020000361,1610612755,PHI,Philadelphia,1908,Jumaine Jones,Jumaine,,DNP - Coach's Decision,,,,,,,,,,,,,,,,,,,,
0020000361,1610612755,PHI,Philadelphia,1737,Nazr Mohammed,Nazr,,DNP - Coach's Decision,,,,,,,,,,,,,,,,,,,,
0020000364,1610612757,POR,Portland,739,Rasheed Wallace,Rasheed,F,,44:57,8.0,20.0,0.4,1.0,3.0,0.333,3.0,6.0,0.5,3.0,4.0,7.0,4.0,4.0,0.0,2.0,4.0,20.0,-9.0
0020000364,1610612757,POR,Portland,937,Scottie Pippen,Scottie,G,,34:51,3.0,5.0,0.6,1.0,1.0,1.0,4.0,4.0,1.0,3.0,1.0,4.0,9.0,2.0,0.0,3.0,5.0,11.0,4.0
0020000364,1610612757,POR,Portland,717,Arvydas Sabonis,Arvydas,G,,23:43,2.0,6.0,0.333,0.0,0.0,0.0,2.0,2.0,1.0,2.0,5.0,7.0,4.0,1.0,1.0,2.0,1.0,6.0,1.0
0020000364,1610612757,POR,Portland,757,Damon Stoudamire,Damon,G,,35:48,9.0,19.0,0.474,3.0,5.0,0.6,1.0,1.0,1.0,2.0,2.0,4.0,5.0,3.0,0.0,5.0,4.0,22.0,6.0
0020000364,1610612757,POR,Portland,120,Steven Smith,Steven,G,,36:52,4.0,10.0,0.4,1.0,5.0,0.2,5.0,5.0,1.0,0.0,2.0,2.0,2.0,2.0,0.0,0.0,1.0,14.0,-2.0
0020000364,1610612757,POR,Portland,905,Dale Davis,Dale,F,,19:55,6.0,8.0,0.75,0.0,0.0,0.0,2.0,3.0,0.667,1.0,4.0,5.0,1.0,1.0,1.0,0.0,2.0,14.0,-2.0
0020000364,1610612757,POR,Portland,21,Greg Anthony,Greg,G,,18:31,3.0,6.0,0.5,1.0,2.0,0.5,1.0,2.0,0.5,0.0,0.0,0.0,0.0,0.0,0.0,0.0,0.0,8.0,-7.0
0020000364,1610612757,POR,Portland,1719,Bonzi Wells,Bonzi,F,,14:18,2.0,5.0,0.4,0.0,1.0,0.0,0.0,0.0,0.0,0.0,3.0,3.0,0.0,1.0,0.0,2.0,3.0,4.0,-15.0
0020000364,1610612757,POR,Portland,278,Stacey Augmon,Stacey,,,11:05,1.0,1.0,1.0,0.0,0.0,0.0,0.0,0.0,0.0,1.0,1.0,2.0,1.0,0.0,0.0,1.0,3.0,2.0,-1.0
0020000364,1610612757,POR,Portland,1473,,,,,,,,,,,,,,,,,,,,,,,,
0020000364,1610612757,POR,Portland,1655,,,, ,,,,,,,,,,,,,,,,,,,,
0020000364,1610612757,POR,Portland,1656,,,, ,,,,,,,,,,,,,,,,,,,,
0020000364,1610612757,POR,Portland,2149,,,, ,,,,,,,,,,,,,,,,,,,,
0020000364,1610612757,POR,Portland,1783,,,, ,,,,,,,,,,,,,,,,,,,,
0020000364,1610612757,POR,Portland,1329,,,, ,,,,,,,,,,,,,,,,,,,,
0020000364,1610612757,POR,Portland,1336,,,, ,,,,,,,,,,,,,,,,,,,,
0020000364,1610612757,POR,Portland,2057,Erick Barkley,Erick,,NWT - Family Matters,,,,,,,,,,,,,,,,,,,,
0020000364,1610612757,POR,Portland,431,Shawn Kemp,Shawn,,DNP - Coach's Decision,,,,,,,,,,,,,,,,,,,,
0020000364,1610612757,POR,Portland,781,Will Perdue,Will,,DNP - Coach's Decision,,,,,,,,,,,,,,,,,,,,
0020000364,1610612742,DAL,Dallas,714,Michael Finley,Michael,G,,43:54,8.0,18.0,0.444,0.0,3.0,0.0,4.0,4.0,1.0,2.0,2.0,4.0,0.0,0.0,0.0,3.0,3.0,20.0,5.0
0020000364,1610612742,DAL,Dallas,1717,Dirk Nowitzki,Dirk,G,,38:14,11.0,19.0,0.579,1.0,2.0,0.5,6.0,6.0,1.0,5.0,7.0,12.0,2.0,1.0,2.0,3.0,5.0,29.0,8.0
0020000364,1610612742,DAL,Dallas,363,Christian Laettner,Christian,F,,15:46,3.0,6.0,0.5,0.0,0.0,0.0,1.0,2.0,0.5,0.0,4.0,4.0,1.0,0.0,1.0,1.0,1.0,7.0,-5.0
0020000364,1610612742,DAL,Dallas,458,Howard Eisley,Howard,G,,36:59,5.0,9.0,0.556,1.0,2.0,0.5,0.0,0.0,0.0,0.0,1.0,1.0,6.0,1.0,0.0,2.0,4.0,11.0,8.0
0020000364,1610612742,DAL,Dallas,959,Steve Nash,Steve,G,,37:15,5.0,10.0,0.5,0.0,0.0,0.0,8.0,8.0,1.0,1.0,3.0,4.0,8.0,1.0,1.0,5.0,2.0,18.0,-8.0
0020000364,1610612742,DAL,Dallas,718,Gary Trent,Gary,F,,14:53,1.0,5.0,0.2,0.0,0.0,0.0,0.0,0.0,0.0,4.0,2.0,6.0,0.0,2.0,0.0,1.0,0.0,2.0,2.0
0020000364,1610612742,DAL,Dallas,762,Shawn Bradley,Shawn,G,,23:60,4.0,6.0,0.667,0.0,0.0,0.0,5.0,6.0,0.833,4.0,8.0,12.0,1.0,0.0,1.0,1.0,1.0,13.0,10.0
0020000364,1610612742,DAL,Dallas,93,Hubert Davis,Hubert,C,,19:15,3.0,5.0,0.6,0.0,0.0,0.0,0.0,0.0,0.0,1.0,2.0,3.0,2.0,0.0,0.0,0.0,2.0,6.0,-2.0
0020000364,1610612742,DAL,Dallas,2042,Courtney Alexander,Courtney,F,,9:45,0.0,3.0,0.0,0.0,0.0,0.0,0.0,0.0,0.0,0.0,1.0,1.0,0.0,0.0,0.0,1.0,1.0,0.0,7.0
0020000364,1610612742,DAL,Dallas,1782,,,, ,,,,,,,,,,,,,,,,,,,,
0020000364,1610612742,DAL,Dallas,1370,,,, ,,,,,,,,,,,,,,,,,,,,
0020000364,1610612742,DAL,Dallas,1483,,,, ,,,,,,,,,,,,,,,,,,,,
0020000364,1610612742,DAL,Dallas,1643,,,, ,,,,,,,,,,,,,,,,,,,,
0020000364,1610612742,DAL,Dallas,1233,,,, ,,,,,,,,,,,,,,,,,,,,
0020000364,1610612742,DAL,Dallas,1269,,,, ,,,,,,,,,,,,,,,,,,,,
0020000364,1610612742,DAL,Dallas,1317,,,, ,,,,,,,,,,,,,,,,,,,,
0020000364,1610612742,DAL,Dallas,2154,,,, ,,,,,,,,,,,,,,,,,,,,
0020000364,1610612742,DAL,Dallas,95,Mark Bryant,Mark,,DNP - Coach's Decision,,,,,,,,,,,,,,,,,,,,
0020000364,1610612742,DAL,Dallas,2051,Donnell Harvey,Donnell,,DNP - Coach's Decision,,,,,,,,,,,,,,,,,,,,
0020000364,1610612742,DAL,Dallas,919,Loy Vaught,Loy,,DNP - Coach's Decision,,,,,,,,,,,,,,,,,,,,
0020000368,1610612758,SAC,Sacramento,978,Peja Stojakovic,Peja,G,,37:46,7.0,11.0,0.636,4.0,6.0,0.667,0.0,0.0,0.0,0.0,7.0,7.0,3.0,0.0,0.0,2.0,1.0,18.0,-12.0
0020000368,1610612758,SAC,Sacramento,185,Chris Webber,Chris,F,,45:29,7.0,23.0,0.304,0.0,0.0,0.0,6.0,10.0,0.6,4.0,9.0,13.0,5.0,0.0,3.0,4.0,2.0,20.0,-5.0
0020000368,1610612758,SAC,Sacramento,124,Vlade Divac,Vlade,G,,30:32,2.0,6.0,0.333,0.0,0.0,0.0,1.0,2.0,0.5,2.0,7.0,9.0,1.0,2.0,2.0,5.0,3.0,5.0,-10.0
0020000368,1610612758,SAC,Sacramento,57,Doug Christie,Doug,G,,32:22,3.0,10.0,0.3,2.0,6.0,0.333,1.0,1.0,1.0,1.0,1.0,2.0,4.0,0.0,0.0,1.0,1.0,9.0,-12.0
0020000368,1610612758,SAC,Sacramento,1715,Jason Williams,Jason,G,,30:29,2.0,8.0,0.25,1.0,3.0,0.333,0.0,0.0,0.0,0.0,3.0,3.0,5.0,0.0,0.0,2.0,1.0,5.0,-10.0
0020000368,1610612758,SAC,Sacramento,1444,Lawrence Funderburke,Lawrence,C,,13:50,5.0,8.0,0.625,0.0,0.0,0.0,1.0,2.0,0.5,4.0,1.0,5.0,0.0,0.0,0.0,2.0,2.0,11.0,11.0
0020000368,1610612758,SAC,Sacramento,468,Jon Barry,Jon,G,,15:38,2.0,5.0,0.4,1.0,2.0,0.5,0.0,2.0,0.0,1.0,0.0,1.0,1.0,3.0,1.0,1.0,3.0,5.0,8.0
0020000368,1610612758,SAC,Sacramento,2045,Hedo Turkoglu,Hedo,F,,16:23,3.0,4.0,0.75,0.0,0.0,0.0,1.0,1.0,1.0,1.0,0.0,1.0,0.0,0.0,0.0,0.0,1.0,7.0,4.0
0020000368,1610612758,SAC,Sacramento,1517,Bobby Jackson,Bobby,G,,17:31,1.0,5.0,0.2,0.0,0.0,0.0,3.0,3.0,1.0,0.0,1.0,1.0,3.0,2.0,0.0,0.0,1.0,5.0,6.0
0020000368,1610612758,SAC,Sacramento,1775,,,, ,,,,,,,,,,,,,,,,,,,,
0020000368,1610612758,SAC,Sacramento,1248,,,, ,,,,,,,,,,,,,,,,,,,,
0020000368,1610612758,SAC,Sacramento,1249,,,, ,,,,,,,,,,,,,,,,,,,,
0020000368,1610612758,SAC,Sacramento,1322,,,, ,,,,,,,,,,,,,,,,,,,,
0020000368,1610612758,SAC,Sacramento,1327,,,, ,,,,,,,,,,,,,,,,,,,,
0020000368,1610612758,SAC,Sacramento,1328,,,, ,,,,,,,,,,,,,,,,,,,,
0020000368,1610612758,SAC,Sacramento,98,Nick Anderson,Nick,,DNP - Coach's Decision,,,,,,,,,,,,,,,,,,,,
0020000368,1610612758,SAC,Sacramento,239,Darrick Martin,Darrick,,DNP - Coach's Decision,,,,,,,,,,,,,,,,,,,,
0020000368,1610612758,SAC,Sacramento,1513,Scot Pollard,Scot,,DND - Sprained Right Ankle,,,,,,,,,,,,,,,,,,,,
0020000368,1610612760,SEA,Seattle,1740,Rashard Lewis,Rashard,F,,35:15,7.0,13.0,0.538,1.0,2.0,0.5,0.0,0.0,0.0,2.0,7.0,9.0,3.0,1.0,0.0,2.0,3.0,15.0,10.0
0020000368,1610612760,SEA,Seattle,1741,Jelani McCoy,Jelani,F,,16:46,2.0,7.0,0.286,0.0,0.0,0.0,0.0,0.0,0.0,3.0,2.0,5.0,2.0,0.0,1.0,1.0,0.0,4.0,-6.0
0020000368,1610612760,SEA,Seattle,121,Patrick Ewing,Patrick,F,,25:54,5.0,12.0,0.417,0.0,0.0,0.0,2.0,2.0,1.0,4.0,7.0,11.0,1.0,2.0,0.0,3.0,2.0,12.0,6.0
0020000368,1610612760,SEA,Seattle,56,Gary Payton,Gary,G,,45:00,9.0,30.0,0.3,0.0,6.0,0.0,1.0,1.0,1.0,4.0,8.0,12.0,10.0,1.0,1.0,2.0,2.0,19.0,8.0
0020000368,1610612760,SEA,Seattle,1742,Shammond Williams,Shammond,G,,32:23,4.0,10.0,0.4,2.0,6.0,0.333,1.0,1.0,1.0,1.0,2.0,3.0,2.0,0.0,0.0,1.0,1.0,11.0,14.0
0020000368,1610612760,SEA,Seattle,452,Vin Baker,Vin,G,,20:05,4.0,7.0,0.571,0.0,0.0,0.0,1.0,2.0,0.5,0.0,1.0,1.0,0.0,0.0,0.0,1.0,4.0,9.0,-1.0
0020000368,1610612760,SEA,Seattle,1739,Ruben Patterson,Ruben,G,,31:03,5.0,12.0,0.417,0.0,0.0,0.0,5.0,6.0,0.833,9.0,6.0,15.0,5.0,3.0,3.0,3.0,3.0,15.0,11.0
0020000368,1610612760,SEA,Seattle,2046,Desmond Mason,Desmond,C,,14:57,2.0,6.0,0.333,0.0,1.0,0.0,0.0,0.0,0.0,2.0,0.0,2.0,0.0,0.0,0.0,2.0,1.0,4.0,-8.0
0020000368,1610612760,SEA,Seattle,699,Brent Barry,Brent,F,,18:37,0.0,2.0,0.0,0.0,2.0,0.0,0.0,0.0,0.0,1.0,0.0,1.0,6.0,2.0,0.0,1.0,3.0,0.0,-14.0
0020000368,1610612760,SEA,Seattle,1335,,,, ,,,,,,,,,,,,,,,,,,,,
0020000368,1610612760,SEA,Seattle,1338,,,, ,,,,,,,,,,,,,,,,,,,,
0020000368,1610612760,SEA,Seattle,1349,,,, ,,,,,,,,,,,,,,,,,,,,
0020000368,1610612760,SEA,Seattle,1778,,,, ,,,,,,,,,,,,,,,,,,,,
0020000368,1610612760,SEA,Seattle,2071,Olumide Oyedeji,Olumide,,DNP - Coach's Decision,,,,,,,,,,,,,,,,,,,,
0020000368,1610612760,SEA,Seattle,2106,Ruben Wolkowyski,Ruben,,DNP - Coach's Decision,,,,,,,,,,,,,,,,,,,,
0020000363,1610612761,TOR,Toronto,722,Corliss Williamson,Corliss,G,,35:31,4.0,8.0,0.5,0.0,0.0,0.0,8.0,8.0,1.0,4.0,2.0,6.0,2.0,0.0,2.0,2.0,5.0,16.0,10.0
0020000363,1610612761,TOR,Toronto,891,Charles Oakley,Charles,F,,46:22,2.0,11.0,0.182,0.0,0.0,0.0,4.0,4.0,1.0,1.0,8.0,9.0,5.0,2.0,0.0,0.0,2.0,8.0,1.0
0020000363,1610612761,TOR,Toronto,213,Antonio Davis,Antonio,F,,47:38,2.0,14.0,0.143,0.0,0.0,0.0,6.0,8.0,0.75,7.0,12.0,19.0,1.0,0.0,1.0,4.0,3.0,10.0,3.0
0020000363,1610612761,TOR,Toronto,1713,Vince Carter,Vince,G,,50:01,17.0,30.0,0.567,2.0,4.0,0.5,9.0,13.0,0.692,1.0,1.0,2.0,1.0,2.0,1.0,2.0,5.0,45.0,7.0
0020000363,1610612761,TOR,Toronto,349,Mark Jackson,Mark,G,,36:53,2.0,7.0,0.286,1.0,3.0,0.333,0.0,0.0,0.0,0.0,5.0,5.0,9.0,2.0,0.0,3.0,5.0,5.0,5.0
0020000363,1610612761,TOR,Toronto,1541,Alvin Williams,Alvin,G,,30:41,6.0,14.0,0.429,1.0,3.0,0.333,2.0,2.0,1.0,1.0,2.0,3.0,2.0,0.0,0.0,1.0,2.0,15.0,-3.0
0020000363,1610612761,TOR,Toronto,788,Kevin Willis,Kevin,F,,7:19,0.0,2.0,0.0,0.0,0.0,0.0,0.0,0.0,0.0,2.0,0.0,2.0,0.0,0.0,0.0,0.0,0.0,0.0,-6.0
0020000363,1610612761,TOR,Toronto,209,Dell Curry,Dell,,,2:59,0.0,1.0,0.0,0.0,1.0,0.0,0.0,0.0,0.0,0.0,0.0,0.0,0.0,0.0,0.0,0.0,0.0,0.0,-6.0
0020000363,1610612761,TOR,Toronto,895,Tyrone Corbin,Tyrone,,,7:36,0.0,1.0,0.0,0.0,0.0,0.0,0.0,0.0,0.0,0.0,0.0,0.0,0.0,0.0,0.0,0.0,3.0,0.0,-6.0
0020000363,1610612761,TOR,Toronto,883,,,, ,,,,,,,,,,,,,,,,,,,,
0020000363,1610612761,TOR,Toronto,1344,,,, ,,,,,,,,,,,,,,,,,,,,
0020000363,1610612761,TOR,Toronto,1368,,,, ,,,,,,,,,,,,,,,,,,,,
0020000363,1610612761,TOR,Toronto,1266,,,, ,,,,,,,,,,,,,,,,,,,,
0020000363,1610612761,TOR,Toronto,1205,,,, ,,,,,,,,,,,,,,,,,,,,
0020000363,1610612761,TOR,Toronto,1244,,,, ,,,,,,,,,,,,,,,,,,,,
0020000363,1610612761,TOR,Toronto,2162,,,, ,,,,,,,,,,,,,,,,,,,,
0020000363,1610612761,TOR,Toronto,1600,Kornel David,Kornel,,DNP - Coach's Decision,,,,,,,,,,,,,,,,,,,,
0020000363,1610612761,TOR,Toronto,2050,Morris Peterson,Morris,,DN Make Trip - Sprained Rt Ankle,,,,,,,,,,,,,,,,,,,,
0020000363,1610612761,TOR,Toronto,1565,Michael Stewart,Michael,,DNP - Coach's Decision,,,,,,,,,,,,,,,,,,,,
0020000363,1610612754,IND,Indiana,1733,Al Harrington,Al,F,,3:37,0.0,0.0,0.0,0.0,0.0,0.0,0.0,0.0,0.0,0.0,0.0,0.0,0.0,0.0,0.0,0.0,1.0,0.0,-8.0
0020000363,1610612754,IND,Indiana,1902,Jeff Foster,Jeff,G,,20:13,1.0,2.0,0.5,0.0,0.0,0.0,1.0,2.0,0.5,0.0,8.0,8.0,0.0,2.0,0.0,2.0,6.0,3.0,-4.0
0020000363,1610612754,IND,Indiana,979,Jermaine O'Neal,Jermaine,C,,28:08,2.0,5.0,0.4,0.0,0.0,0.0,1.0,2.0,0.5,1.0,6.0,7.0,0.0,2.0,2.0,3.0,5.0,5.0,-9.0
0020000363,1610612754,IND,Indiana,397,Reggie Miller,Reggie,G,,43:08,3.0,9.0,0.333,0.0,2.0,0.0,4.0,5.0,0.8,0.0,5.0,5.0,4.0,1.0,0.0,1.0,3.0,10.0,-7.0
0020000363,1610612754,IND,Indiana,147,Jalen Rose,Jalen,G,,52:56,17.0,29.0,0.586,0.0,2.0,0.0,8.0,10.0,0.8,2.0,4.0,6.0,4.0,0.0,0.0,1.0,4.0,42.0,1.0
0020000363,1610612754,IND,Indiana,1506,Austin Croshere,Austin,G,,21:49,6.0,11.0,0.545,0.0,3.0,0.0,2.0,2.0,1.0,3.0,3.0,6.0,1.0,0.0,0.0,1.0,1.0,14.0,6.0
0020000363,1610612754,IND,Indiana,696,Travis Best,Travis,G,,37:01,4.0,18.0,0.222,1.0,5.0,0.2,1.0,2.0,0.5,0.0,1.0,1.0,10.0,2.0,0.0,2.0,2.0,10.0,8.0
0020000363,1610612754,IND,Indiana,64,Sam Perkins,Sam,G,,28:07,3.0,4.0,0.75,2.0,3.0,0.667,0.0,0.0,0.0,0.0,4.0,4.0,0.0,1.0,1.0,0.0,2.0,8.0,7.0
0020000363,1610612754,IND,Indiana,440,Zan Tabak,Zan,F,,24:59,2.0,3.0,0.667,0.0,0.0,0.0,2.0,2.0,1.0,3.0,2.0,5.0,0.0,0.0,1.0,1.0,4.0,6.0,2.0
0020000363,1610612754,IND,Indiana,365,Derrick McKey,Derrick,,,5:02,0.0,1.0,0.0,0.0,0.0,0.0,0.0,0.0,0.0,0.0,1.0,1.0,0.0,0.0,0.0,0.0,1.0,0.0,-1.0
0020000363,1610612754,IND,Indiana,2099,,,, ,,,,,,,,,,,,,,,,,,,,
0020000363,1610612754,IND,Indiana,2100,,,, ,,,,,,,,,,,,,,,,,,,,
0020000363,1610612754,IND,Indiana,2165,,,, ,,,,,,,,,,,,,,,,,,,,
0020000363,1610612754,IND,Indiana,1263,,,, ,,,,,,,,,,,,,,,,,,,,
0020000363,1610612754,IND,Indiana,1299,,,, ,,,,,,,,,,,,,,,,,,,,
0020000363,1610612754,IND,Indiana,1306,,,, ,,,,,,,,,,,,,,,,,,,,
0020000363,1610612754,IND,Indiana,1857,,,, ,,,,,,,,,,,,,,,,,,,,
0020000363,1610612754,IND,Indiana,1886,Jonathan Bender,Jonathan,,DNP - Coach's Decision,,,,,,,,,,,,,,,,,,,,
0020000363,1610612754,IND,Indiana,1743,Bruno Sundov,Bruno,,DNP - Coach's Decision,,,,,,,,,,,,,,,,,,,,
0020000362,1610612748,MIA,Miami,1477,Bruce Bowen,Bruce,F,,32:46,2.0,6.0,0.333,1.0,4.0,0.25,2.0,4.0,0.5,0.0,2.0,2.0,0.0,1.0,1.0,3.0,2.0,7.0,0.0
0020000362,1610612748,MIA,Miami,193,Anthony Mason,Anthony,F,,36:46,4.0,9.0,0.444,0.0,0.0,0.0,3.0,6.0,0.5,3.0,7.0,10.0,2.0,2.0,0.0,2.0,2.0,11.0,-13.0
0020000362,1610612748,MIA,Miami,258,Brian Grant,Brian,C,,34:22,3.0,8.0,0.375,0.0,0.0,0.0,5.0,10.0,0.5,2.0,4.0,6.0,1.0,1.0,0.0,3.0,4.0,11.0,-5.0
0020000362,1610612748,MIA,Miami,224,Eddie Jones,Eddie,G,,40:23,3.0,16.0,0.188,1.0,4.0,0.25,0.0,0.0,0.0,2.0,1.0,3.0,6.0,2.0,0.0,3.0,1.0,7.0,-12.0
0020000362,1610612748,MIA,Miami,896,Tim Hardaway,Tim,G,,28:52,2.0,11.0,0.182,2.0,5.0,0.4,1.0,3.0,0.333,1.0,4.0,5.0,2.0,3.0,0.0,3.0,6.0,7.0,-7.0
0020000362,1610612748,MIA,Miami,920,A.C. Green,A.C.,G,,25:48,1.0,2.0,0.5,0.0,0.0,0.0,0.0,0.0,0.0,0.0,2.0,2.0,0.0,0.0,0.0,1.0,3.0,2.0,-7.0
0020000362,1610612748,MIA,Miami,1853,Anthony Carter,Anthony,G,,14:02,0.0,5.0,0.0,0.0,1.0,0.0,0.0,0.0,0.0,0.0,3.0,3.0,2.0,2.0,0.0,0.0,2.0,0.0,-7.0
0020000362,1610612748,MIA,Miami,190,Duane Causwell,Duane,G,,2:46,0.0,0.0,0.0,0.0,0.0,0.0,0.0,0.0,0.0,0.0,0.0,0.0,0.0,0.0,0.0,0.0,0.0,0.0,-6.0
0020000362,1610612748,MIA,Miami,2067,Eddie House,Eddie,,,12:35,2.0,5.0,0.4,0.0,0.0,0.0,2.0,2.0,1.0,0.0,2.0,2.0,2.0,1.0,0.0,1.0,2.0,6.0,7.0
0020000362,1610612748,MIA,Miami,76,Cedric Ceballos,Cedric,,,11:41,2.0,3.0,0.667,1.0,1.0,1.0,0.0,0.0,0.0,0.0,0.0,0.0,0.0,0.0,0.0,1.0,0.0,5.0,5.0
0020000362,1610612748,MIA,Miami,836,,,, ,,,,,,,,,,,,,,,,,,,,
0020000362,1610612748,MIA,Miami,1877,,,, ,,,,,,,,,,,,,,,,,,,,
0020000362,1610612748,MIA,Miami,1642,,,, ,,,,,,,,,,,,,,,,,,,,
0020000362,1610612748,MIA,Miami,1787,,,, ,,,,,,,,,,,,,,,,,,,,
0020000362,1610612748,MIA,Miami,1276,,,, ,,,,,,,,,,,,,,,,,,,,
0020000362,1610612748,MIA,Miami,1277,,,, ,,,,,,,,,,,,,,,,,,,,
0020000362,1610612748,MIA,Miami,1279,,,, ,,,,,,,,,,,,,,,,,,,,
0020000362,1610612748,MIA,Miami,1280,,,, ,,,,,,,,,,,,,,,,,,,,
0020000362,1610612748,MIA,Miami,1281,,,, ,,,,,,,,,,,,,,,,,,,,
0020000362,1610612748,MIA,Miami,957,Todd Fuller,Todd,,DNP - Coach's Decision,,,,,,,,,,,,,,,,,,,,
0020000362,1610612748,MIA,Miami,931,Don MacLean,Don,,DNP - Coach's Decision,,,,,,,,,,,,,,,,,,,,
0020000362,1610612766,CHH,Charlotte,469,Jamal Mashburn,Jamal,F,,44:38,9.0,19.0,0.474,1.0,3.0,0.333,0.0,0.0,0.0,1.0,13.0,14.0,4.0,1.0,0.0,7.0,3.0,19.0,10.0
0020000362,1610612766,CHH,Charlotte,136,P.J. Brown,P.J.,F,,31:59,3.0,5.0,0.6,0.0,0.0,0.0,0.0,0.0,0.0,6.0,8.0,14.0,1.0,4.0,0.0,4.0,6.0,6.0,3.0
0020000362,1610612766,CHH,Charlotte,922,Elden Campbell,Elden,G,,33:53,4.0,12.0,0.333,0.0,0.0,0.0,1.0,5.0,0.2,2.0,7.0,9.0,0.0,1.0,2.0,0.0,5.0,9.0,4.0
0020000362,1610612766,CHH,Charlotte,1884,Baron Davis,Baron,G,,28:46,1.0,7.0,0.143,0.0,2.0,0.0,2.0,6.0,0.333,1.0,2.0,3.0,5.0,1.0,0.0,3.0,5.0,4.0,5.0
0020000362,1610612766,CHH,Charlotte,133,David Wesley,David,G,,36:21,5.0,14.0,0.357,0.0,3.0,0.0,3.0,5.0,0.6,0.0,1.0,1.0,1.0,3.0,0.0,4.0,3.0,13.0,0.0
0020000362,1610612766,CHH,Charlotte,2048,Jamaal Magloire,Jamaal,,,14:07,0.0,2.0,0.0,0.0,0.0,0.0,0.0,0.0,0.0,2.0,5.0,7.0,2.0,0.0,2.0,2.0,3.0,0.0,5.0
0020000362,1610612766,CHH,Charlotte,765,Hersey Hawkins,Hersey,G,,19:19,1.0,4.0,0.25,0.0,1.0,0.0,4.0,5.0,0.8,0.0,2.0,2.0,5.0,2.0,0.0,1.0,0.0,6.0,8.0
0020000362,1610612766,CHH,Charlotte,1924,Lee Nailon,Lee,F,,11:40,2.0,4.0,0.5,0.0,0.0,0.0,2.0,2.0,1.0,3.0,0.0,3.0,0.0,0.0,0.0,1.0,2.0,6.0,0.0
0020000362,1610612766,CHH,Charlotte,695,Eldridge Recasner,Eldridge,C,,11:34,1.0,3.0,0.333,0.0,1.0,0.0,0.0,0.0,0.0,2.0,0.0,2.0,0.0,0.0,0.0,0.0,0.0,2.0,5.0
0020000362,1610612766,CHH,Charlotte,901,Otis Thorpe,Otis,,,7:44,0.0,0.0,0.0,0.0,0.0,0.0,0.0,0.0,0.0,0.0,1.0,1.0,0.0,0.0,0.0,0.0,1.0,0.0,5.0
0020000362,1610612766,CHH,Charlotte,1992,,,, ,,,,,,,,,,,,,,,,,,,,
0020000362,1610612766,CHH,Charlotte,1316,,,, ,,,,,,,,,,,,,,,,,,,,
0020000362,1610612766,CHH,Charlotte,1215,,,, ,,,,,,,,,,,,,,,,,,,,
0020000362,1610612766,CHH,Charlotte,1218,,,, ,,,,,,,,,,,,,,,,,,,,
0020000362,1610612766,CHH,Charlotte,2152,,,, ,,,,,,,,,,,,,,,,,,,,
0020000362,1610612766,CHH,Charlotte,1906,Tim James,Tim,,DNP - Coach's Decision,,,,,,,,,,,,,,,,,,,,
0020000362,1610612766,CHH,Charlotte,1944,Eddie Robinson,Eddie,,DNP - Coach's Decision,,,,,,,,,,,,,,,,,,,,
0020000360,1610612751,NJN,New Jersey,2030,Kenyon Martin,Kenyon,F,,28:47,3.0,8.0,0.375,0.0,0.0,0.0,1.0,4.0,0.25,0.0,3.0,3.0,0.0,0.0,3.0,3.0,6.0,7.0,-8.0
0020000360,1610612751,NJN,New Jersey,383,Kendall Gill,Kendall,F,,16:57,2.0,5.0,0.4,0.0,0.0,0.0,2.0,2.0,1.0,0.0,3.0,3.0,2.0,0.0,0.0,2.0,3.0,6.0,5.0
0020000360,1610612751,NJN,New Jersey,1425,Aaron Williams,Aaron,F,,38:34,5.0,11.0,0.455,0.0,0.0,0.0,4.0,5.0,0.8,3.0,7.0,10.0,1.0,0.0,0.0,1.0,3.0,14.0,-3.0
0020000360,1610612751,NJN,New Jersey,446,Lucious Harris,Lucious,G,,31:14,3.0,9.0,0.333,0.0,3.0,0.0,4.0,4.0,1.0,2.0,3.0,5.0,3.0,1.0,0.0,1.0,2.0,10.0,-10.0
0020000360,1610612751,NJN,New Jersey,950,Stephon Marbury,Stephon,G,,37:42,6.0,17.0,0.353,0.0,4.0,0.0,12.0,17.0,0.706,0.0,3.0,3.0,4.0,1.0,0.0,3.0,1.0,24.0,-19.0
0020000360,1610612751,NJN,New Jersey,1536,Stephen Jackson,Stephen,F,,16:55,1.0,5.0,0.2,0.0,2.0,0.0,0.0,0.0,0.0,0.0,2.0,2.0,1.0,0.0,0.0,1.0,3.0,2.0,-11.0
0020000360,1610612751,NJN,New Jersey,2066,Soumaila Samake,Soumaila,,,4:46,0.0,0.0,0.0,0.0,0.0,0.0,0.0,0.0,0.0,0.0,1.0,1.0,0.0,0.0,0.0,0.0,1.0,0.0,-9.0
0020000360,1610612751,NJN,New Jersey,271,Johnny Newman,Johnny,F,,16:26,0.0,6.0,0.0,0.0,3.0,0.0,6.0,6.0,1.0,1.0,1.0,2.0,2.0,0.0,0.0,0.0,6.0,6.0,-9.0
0020000360,1610612751,NJN,New Jersey,1915,Evan Eschmeyer,Evan,,,4:33,0.0,0.0,0.0,0.0,0.0,0.0,0.0,0.0,0.0,1.0,0.0,1.0,0.0,0.0,0.0,1.0,0.0,0.0,-1.0
0020000360,1610612751,NJN,New Jersey,1735,Vladimir Stepania,Vladimir,C,,6:53,0.0,2.0,0.0,0.0,1.0,0.0,0.0,0.0,0.0,0.0,6.0,6.0,1.0,0.0,0.0,0.0,3.0,0.0,1.0
0020000360,1610612751,NJN,New Jersey,428,Sherman Douglas,Sherman,G,,22:49,4.0,8.0,0.5,2.0,3.0,0.667,3.0,4.0,0.75,0.0,1.0,1.0,5.0,1.0,0.0,2.0,4.0,13.0,2.0
0020000360,1610612751,NJN,New Jersey,29,Jim McIlvaine,Jim,C,,14:24,2.0,2.0,1.0,0.0,0.0,0.0,0.0,0.0,0.0,0.0,3.0,3.0,0.0,0.0,3.0,0.0,1.0,4.0,-3.0
0020000360,1610612751,NJN,New Jersey,1876,,,, ,,,,,,,,,,,,,,,,,,,,
0020000360,1610612751,NJN,New Jersey,1776,,,, ,,,,,,,,,,,,,,,,,,,,
0020000360,1610612751,NJN,New Jersey,1789,,,, ,,,,,,,,,,,,,,,,,,,,
0020000360,1610612751,NJN,New Jersey,1673,,,, ,,,,,,,,,,,,,,,,,,,,
0020000360,1610612751,NJN,New Jersey,1303,,,, ,,,,,,,,,,,,,,,,,,,,
0020000360,1610612751,NJN,New Jersey,1324,,,, ,,,,,,,,,,,,,,,,,,,,
0020000360,1610612751,NJN,New Jersey,2009,,,, ,,,,,,,,,,,,,,,,,,,,
0020000360,1610612738,BOS,Boston,952,Antoine Walker,Antoine,F,,44:34,7.0,20.0,0.35,2.0,4.0,0.5,5.0,6.0,0.833,4.0,15.0,19.0,7.0,1.0,1.0,3.0,2.0,21.0,16.0
0020000360,1610612738,BOS,Boston,1718,Paul Pierce,Paul,G,,33:16,6.0,15.0,0.4,0.0,2.0,0.0,13.0,16.0,0.813,0.0,6.0,6.0,3.0,1.0,0.0,4.0,3.0,25.0,11.0
0020000360,1610612738,BOS,Boston,1499,Tony Battie,Tony,C,,25:03,2.0,4.0,0.5,0.0,0.0,0.0,0.0,1.0,0.0,2.0,10.0,12.0,0.0,2.0,3.0,0.0,6.0,4.0,1.0
0020000360,1610612738,BOS,Boston,1960,Milt Palacio,Milt,G,,19:35,0.0,4.0,0.0,0.0,0.0,0.0,1.0,2.0,0.5,1.0,0.0,1.0,1.0,0.0,0.0,1.0,3.0,1.0,-2.0
0020000360,1610612738,BOS,Boston,179,Bryant Stith,Bryant,G,,30:21,6.0,9.0,0.667,3.0,5.0,0.6,4.0,4.0,1.0,2.0,1.0,3.0,2.0,1.0,0.0,0.0,3.0,19.0,7.0
0020000360,1610612738,BOS,Boston,958,Vitaly Potapenko,Vitaly,C,,21:32,2.0,5.0,0.4,0.0,0.0,0.0,0.0,0.0,0.0,2.0,3.0,5.0,3.0,0.0,0.0,1.0,3.0,4.0,10.0
0020000360,1610612738,BOS,Boston,753,Randy Brown,Randy,G,,14:49,3.0,5.0,0.6,0.0,0.0,0.0,0.0,0.0,0.0,1.0,2.0,3.0,1.0,0.0,0.0,0.0,5.0,6.0,6.0
0020000360,1610612738,BOS,Boston,72,Kenny Anderson,Kenny,,,13:43,4.0,9.0,0.444,0.0,2.0,0.0,4.0,4.0,1.0,1.0,2.0,3.0,2.0,0.0,0.0,3.0,2.0,12.0,9.0
0020000360,1610612738,BOS,Boston,677,Eric Williams,Eric,F,,18:22,0.0,3.0,0.0,0.0,3.0,0.0,5.0,10.0,0.5,0.0,0.0,0.0,1.0,0.0,0.0,1.0,0.0,5.0,9.0
0020000360,1610612738,BOS,Boston,1559,Adrian Griffin,Adrian,G,,13:05,1.0,3.0,0.333,0.0,0.0,0.0,0.0,0.0,0.0,1.0,1.0,2.0,2.0,1.0,1.0,1.0,2.0,2.0,-3.0
0020000360,1610612738,BOS,Boston,713,Chris Carr,Chris,F,,4:23,0.0,2.0,0.0,0.0,1.0,0.0,0.0,0.0,0.0,0.0,0.0,0.0,0.0,1.0,1.0,1.0,1.0,0.0,-1.0
0020000360,1610612738,BOS,Boston,2040,Jerome Moiso,Jerome,,,1:18,0.0,0.0,0.0,0.0,0.0,0.0,0.0,0.0,0.0,0.0,1.0,1.0,0.0,0.0,0.0,0.0,0.0,0.0,2.0
0020000360,1610612738,BOS,Boston,1875,,,, ,,,,,,,,,,,,,,,,,,,,
0020000360,1610612738,BOS,Boston,1486,,,, ,,,,,,,,,,,,,,,,,,,,
0020000360,1610612738,BOS,Boston,1639,,,, ,,,,,,,,,,,,,,,,,,,,
0020000360,1610612738,BOS,Boston,1641,,,, ,,,,,,,,,,,,,,,,,,,,
0020000360,1610612738,BOS,Boston,1213,,,, ,,,,,,,,,,,,,,,,,,,,
0020000367,1610612750,MIN,Minnesota,1887,Wally Szczerbiak,Wally,F,,34:54,4.0,7.0,0.571,0.0,1.0,0.0,0.0,0.0,0.0,1.0,2.0,3.0,3.0,0.0,0.0,1.0,6.0,8.0,-17.0
0020000367,1610612750,MIN,Minnesota,708,Kevin Garnett,Kevin,F,,40:02,8.0,16.0,0.5,0.0,1.0,0.0,6.0,9.0,0.667,3.0,4.0,7.0,2.0,3.0,0.0,4.0,3.0,22.0,-7.0
0020000367,1610612750,MIN,Minnesota,1051,Dean Garrett,Dean,F,,16:18,1.0,1.0,1.0,0.0,0.0,0.0,2.0,2.0,1.0,0.0,1.0,1.0,2.0,1.0,1.0,0.0,3.0,4.0,0.0
0020000367,1610612750,MIN,Minnesota,210,Terrell Brandon,Terrell,G,,37:37,5.0,13.0,0.385,0.0,3.0,0.0,1.0,1.0,1.0,1.0,2.0,3.0,5.0,5.0,0.0,1.0,4.0,11.0,4.0
0020000367,1610612750,MIN,Minnesota,1497,Chauncey Billups,Chauncey,G,,26:27,4.0,11.0,0.364,1.0,2.0,0.5,2.0,2.0,1.0,0.0,1.0,1.0,2.0,1.0,1.0,2.0,1.0,11.0,-10.0
0020000367,1610612750,MIN,Minnesota,324,Anthony Peeler,Anthony,G,,24:36,5.0,12.0,0.417,3.0,5.0,0.6,0.0,1.0,0.0,2.0,1.0,3.0,1.0,0.0,1.0,2.0,0.0,13.0,-9.0
0020000367,1610612750,MIN,Minnesota,1725,Rasho Nesterovic,Rasho,G,,16:38,2.0,7.0,0.286,0.0,0.0,0.0,2.0,2.0,1.0,3.0,1.0,4.0,3.0,0.0,0.0,0.0,4.0,6.0,0.0
0020000367,1610612750,MIN,Minnesota,1895,William Avery,William,F,,7:28,0.0,2.0,0.0,0.0,1.0,0.0,0.0,0.0,0.0,1.0,1.0,2.0,2.0,0.0,0.0,1.0,0.0,0.0,1.0
0020000367,1610612750,MIN,Minnesota,1734,Sam Jacobson,Sam,F,,6:26,1.0,2.0,0.5,0.0,0.0,0.0,2.0,3.0,0.667,0.0,0.0,0.0,0.0,0.0,0.0,0.0,1.0,4.0,6.0
0020000367,1610612750,MIN,Minnesota,111,LaPhonso Ellis,LaPhonso,G,,22:54,3.0,8.0,0.375,0.0,0.0,0.0,6.0,7.0,0.857,2.0,3.0,5.0,0.0,1.0,2.0,1.0,3.0,12.0,-7.0
0020000367,1610612750,MIN,Minnesota,417,Sam Mitchell,Sam,G,,6:41,2.0,3.0,0.667,0.0,0.0,0.0,1.0,1.0,1.0,0.0,0.0,0.0,0.0,0.0,0.0,1.0,0.0,5.0,4.0
0020000367,1610612750,MIN,Minnesota,847,,,, ,,,,,,,,,,,,,,,,,,,,
0020000367,1610612750,MIN,Minnesota,1290,,,, ,,,,,,,,,,,,,,,,,,,,
0020000367,1610612750,MIN,Minnesota,1291,,,, ,,,,,,,,,,,,,,,,,,,,
0020000367,1610612750,MIN,Minnesota,2146,,,, ,,,,,,,,,,,,,,,,,,,,
0020000367,1610612750,MIN,Minnesota,2158,,,, ,,,,,,,,,,,,,,,,,,,,
0020000367,1610612750,MIN,Minnesota,2159,,,, ,,,,,,,,,,,,,,,,,,,,
0020000367,1610612750,MIN,Minnesota,1073,Reggie Slater,Reggie,,DNP - Coach's Decision,,,,,,,,,,,,,,,,,,,,
0020000367,1610612746,LAC,Los Angeles,1885,Lamar Odom,Lamar,G,,42:11,9.0,19.0,0.474,1.0,5.0,0.2,5.0,6.0,0.833,2.0,5.0,7.0,10.0,1.0,2.0,6.0,2.0,24.0,18.0
0020000367,1610612746,LAC,Los Angeles,1730,Brian Skinner,Brian,F,,12:11,1.0,2.0,0.5,0.0,0.0,0.0,0.0,0.0,0.0,0.0,2.0,2.0,0.0,0.0,0.0,1.0,1.0,2.0,-1.0
0020000367,1610612746,LAC,Los Angeles,1709,Michael Olowokandi,Michael,G,,18:18,2.0,3.0,0.667,0.0,0.0,0.0,1.0,6.0,0.167,4.0,5.0,9.0,1.0,0.0,2.0,2.0,3.0,5.0,6.0
0020000367,1610612746,LAC,Los Angeles,976,Jeff McInnis,Jeff,G,,39:44,5.0,10.0,0.5,0.0,1.0,0.0,3.0,4.0,0.75,1.0,4.0,5.0,9.0,2.0,0.0,1.0,2.0,13.0,14.0
0020000367,1610612746,LAC,Los Angeles,2047,Quentin Richardson,Quentin,G,,14:43,1.0,4.0,0.25,0.0,2.0,0.0,0.0,0.0,0.0,2.0,2.0,4.0,1.0,0.0,0.0,0.0,1.0,2.0,-6.0
0020000367,1610612746,LAC,Los Angeles,2032,Darius Miles,Darius,F,,35:49,7.0,11.0,0.636,0.0,0.0,0.0,3.0,5.0,0.6,2.0,4.0,6.0,2.0,1.0,2.0,2.0,5.0,17.0,8.0
0020000367,1610612746,LAC,Los Angeles,1894,Corey Maggette,Corey,G,,12:59,4.0,5.0,0.8,0.0,0.0,0.0,0.0,0.0,0.0,0.0,1.0,1.0,0.0,0.0,0.0,2.0,2.0,8.0,-6.0
0020000367,1610612746,LAC,Los Angeles,2039,Keyon Dooling,Keyon,F,,8:16,1.0,2.0,0.5,0.0,0.0,0.0,0.0,0.0,0.0,0.0,0.0,0.0,2.0,0.0,0.0,1.0,0.0,2.0,-7.0
0020000367,1610612746,LAC,Los Angeles,399,Sean Rooks,Sean,F,,27:42,5.0,7.0,0.714,0.0,0.0,0.0,1.0,2.0,0.5,0.0,7.0,7.0,2.0,0.0,0.0,2.0,3.0,11.0,6.0
0020000367,1610612746,LAC,Los Angeles,15,Eric Piatkowski,Eric,G,,28:07,5.0,8.0,0.625,3.0,5.0,0.6,6.0,8.0,0.75,0.0,3.0,3.0,2.0,0.0,0.0,1.0,1.0,19.0,3.0
0020000367,1610612746,LAC,Los Angeles,1210,,,, ,,,,,,,,,,,,,,,,,,,,
0020000367,1610612746,LAC,Los Angeles,1243,,,, ,,,,,,,,,,,,,,,,,,,,
0020000367,1610612746,LAC,Los Angeles,1246,,,, ,,,,,,,,,,,,,,,,,,,,
0020000367,1610612746,LAC,Los Angeles,1284,,,, ,,,,,,,,,,,,,,,,,,,,
0020000367,1610612746,LAC,Los Angeles,2010,,,, ,,,,,,,,,,,,,,,,,,,,
0020000367,1610612746,LAC,Los Angeles,1351,,,, ,,,,,,,,,,,,,,,,,,,,
0020000367,1610612746,LAC,Los Angeles,1672,,,, ,,,,,,,,,,,,,,,,,,,,
0020000367,1610612746,LAC,Los Angeles,2166,,,, ,,,,,,,,,,,,,,,,,,,,
0020000367,1610612746,LAC,Los Angeles,685,Cherokee Parks,Cherokee,,DNP - Coach's Decision,,,,,,,,,,,,,,,,,,,,
0020000367,1610612746,LAC,Los Angeles,400,Derek Strong,Derek,,DNP - Coach's Decision,,,,,,,,,,,,,,,,,,,,
0020000371,1610612741,CHI,Chicago,1897,Metta World Peace,Metta,F,,22:57,2.0,8.0,0.25,0.0,4.0,0.0,1.0,1.0,1.0,0.0,0.0,0.0,2.0,0.0,0.0,1.0,6.0,5.0,9.0
0020000371,1610612741,CHI,Chicago,1882,Elton Brand,Elton,G,,42:25,8.0,19.0,0.421,0.0,0.0,0.0,3.0,6.0,0.5,4.0,6.0,10.0,2.0,1.0,2.0,1.0,2.0,19.0,-10.0
0020000371,1610612741,CHI,Chicago,1913,Michael Ruffin,Michael,G,,18:08,1.0,1.0,1.0,0.0,0.0,0.0,2.0,4.0,0.5,1.0,4.0,5.0,0.0,0.0,0.0,1.0,2.0,4.0,-6.0
0020000371,1610612741,CHI,Chicago,1500,Ron Mercer,Ron,G,,44:57,11.0,23.0,0.478,0.0,0.0,0.0,3.0,4.0,0.75,0.0,5.0,5.0,2.0,3.0,2.0,2.0,3.0,25.0,-10.0
0020000371,1610612741,CHI,Chicago,697,Fred Hoiberg,Fred,G,,37:24,2.0,5.0,0.4,2.0,3.0,0.667,4.0,4.0,1.0,0.0,6.0,6.0,4.0,1.0,2.0,3.0,2.0,10.0,-12.0
0020000371,1610612741,CHI,Chicago,1434,Dragan Tarlac,Dragan,,,4:02,0.0,0.0,0.0,0.0,0.0,0.0,0.0,0.0,0.0,1.0,1.0,2.0,1.0,0.0,0.0,1.0,2.0,0.0,2.0
0020000371,1610612741,CHI,Chicago,1724,Bryce Drew,Bryce,F,,20:17,2.0,6.0,0.333,0.0,1.0,0.0,1.0,2.0,0.5,0.0,0.0,0.0,3.0,1.0,0.0,1.0,3.0,5.0,-16.0
0020000371,1610612741,CHI,Chicago,1802,Brad Miller,Brad,F,,20:23,2.0,6.0,0.333,0.0,0.0,0.0,2.0,3.0,0.667,2.0,4.0,6.0,0.0,1.0,1.0,2.0,4.0,6.0,-6.0
0020000371,1610612741,CHI,Chicago,2033,Marcus Fizer,Marcus,G,,14:05,2.0,5.0,0.4,0.0,1.0,0.0,3.0,4.0,0.75,0.0,2.0,2.0,1.0,0.0,0.0,0.0,1.0,7.0,-3.0
0020000371,1610612741,CHI,Chicago,1736,Corey Benjamin,Corey,G,,7:08,0.0,1.0,0.0,0.0,0.0,0.0,1.0,2.0,0.5,0.0,0.0,0.0,0.0,1.0,0.0,0.0,0.0,1.0,0.0
0020000371,1610612741,CHI,Chicago,2064,Khalid El-Amin,Khalid,,,8:14,2.0,2.0,1.0,0.0,0.0,0.0,2.0,2.0,1.0,0.0,1.0,1.0,0.0,1.0,0.0,0.0,1.0,6.0,-3.0
0020000371,1610612741,CHI,Chicago,2153,,,, ,,,,,,,,,,,,,,,,,,,,
0020000371,1610612741,CHI,Chicago,1779,,,, ,,,,,,,,,,,,,,,,,,,,
0020000371,1610612741,CHI,Chicago,1780,,,, ,,,,,,,,,,,,,,,,,,,,
0020000371,1610612741,CHI,Chicago,1220,,,, ,,,,,,,,,,,,,,,,,,,,
0020000371,1610612741,CHI,Chicago,1254,,,, ,,,,,,,,,,,,,,,,,,,,
0020000371,1610612741,CHI,Chicago,1346,,,, ,,,,,,,,,,,,,,,,,,,,
0020000371,1610612741,CHI,Chicago,2037,Jamal Crawford,Jamal,,DNP - Coach's Decision,,,,,,,,,,,,,,,,,,,,
0020000371,1610612753,ORL,Orlando,1727,Pat Garrity,Pat,F,,29:33,7.0,14.0,0.5,4.0,4.0,1.0,1.0,1.0,1.0,1.0,1.0,2.0,0.0,1.0,1.0,3.0,4.0,19.0,9.0
0020000371,1610612753,ORL,Orlando,680,John Amaechi,John,F,,38:14,3.0,9.0,0.333,0.0,0.0,0.0,2.0,4.0,0.5,0.0,2.0,2.0,1.0,1.0,0.0,0.0,1.0,8.0,-5.0
0020000371,1610612753,ORL,Orlando,1720,Michael Doleac,Michael,G,,30:51,3.0,8.0,0.375,0.0,0.0,0.0,0.0,0.0,0.0,1.0,4.0,5.0,2.0,1.0,1.0,1.0,4.0,6.0,12.0
0020000371,1610612753,ORL,Orlando,1503,Tracy McGrady,Tracy,G,,44:30,10.0,16.0,0.625,0.0,0.0,0.0,11.0,15.0,0.733,0.0,5.0,5.0,9.0,0.0,1.0,2.0,0.0,31.0,11.0
0020000371,1610612753,ORL,Orlando,353,Darrell Armstrong,Darrell,G,,39:27,6.0,14.0,0.429,1.0,6.0,0.167,5.0,5.0,1.0,2.0,5.0,7.0,4.0,6.0,0.0,4.0,2.0,18.0,11.0
0020000371,1610612753,ORL,Orlando,2034,Mike Miller,Mike,C,,25:50,2.0,5.0,0.4,1.0,3.0,0.333,1.0,2.0,0.5,1.0,10.0,11.0,3.0,0.0,0.0,1.0,3.0,6.0,17.0
0020000371,1610612753,ORL,Orlando,690,Don Reid,Don,C,,10:40,0.0,1.0,0.0,0.0,0.0,0.0,0.0,0.0,0.0,1.0,2.0,3.0,2.0,0.0,2.0,1.0,2.0,0.0,-1.0
0020000371,1610612753,ORL,Orlando,1607,Troy Hudson,Troy,F,,5:02,1.0,4.0,0.25,0.0,0.0,0.0,0.0,0.0,0.0,1.0,3.0,4.0,1.0,0.0,0.0,0.0,2.0,2.0,2.0
0020000371,1610612753,ORL,Orlando,42,Monty Williams,Monty,G,,15:55,4.0,5.0,0.8,0.0,0.0,0.0,1.0,2.0,0.5,0.0,3.0,3.0,1.0,0.0,1.0,1.0,2.0,9.0,-1.0
0020000371,1610612753,ORL,Orlando,1650,,,, ,,,,,,,,,,,,,,,,,,,,
0020000371,1610612753,ORL,Orlando,837,,,, ,,,,,,,,,,,,,,,,,,,,
0020000371,1610612753,ORL,Orlando,1296,,,, ,,,,,,,,,,,,,,,,,,,,
0020000371,1610612753,ORL,Orlando,1307,,,, ,,,,,,,,,,,,,,,,,,,,
0020000371,1610612753,ORL,Orlando,1309,,,, ,,,,,,,,,,,,,,,,,,,,
0020000371,1610612753,ORL,Orlando,1332,,,, ,,,,,,,,,,,,,,,,,,,,
0020000371,1610612753,ORL,Orlando,1941,,,, ,,,,,,,,,,,,,,,,,,,,
0020000371,1610612753,ORL,Orlando,692,Andrew DeClercq,Andrew,,DNP - Coach's Decision,,,,,,,,,,,,,,,,,,,,
0020000371,1610612753,ORL,Orlando,255,Grant Hill,Grant,,DND - Left Ankle Rehab,,,,,,,,,,,,,,,,,,,,
0020000371,1610612753,ORL,Orlando,448,Bo Outlaw,Bo,,DND - Sprained Right Ankle,,,,,,,,,,,,,,,,,,,,
0020000370,1610612738,BOS,Boston,1718,Paul Pierce,Paul,F,,35:32,13.0,21.0,0.619,1.0,2.0,0.5,4.0,6.0,0.667,0.0,4.0,4.0,3.0,2.0,0.0,2.0,3.0,31.0,10.0
0020000370,1610612738,BOS,Boston,952,Antoine Walker,Antoine,F,,47:06,8.0,20.0,0.4,2.0,8.0,0.25,5.0,8.0,0.625,3.0,12.0,15.0,5.0,3.0,0.0,4.0,2.0,23.0,6.0
0020000370,1610612738,BOS,Boston,1499,Tony Battie,Tony,C,,33:23,2.0,5.0,0.4,0.0,0.0,0.0,3.0,9.0,0.333,2.0,7.0,9.0,2.0,0.0,3.0,0.0,2.0,7.0,-2.0
0020000370,1610612738,BOS,Boston,1960,Milt Palacio,Milt,G,,9:22,0.0,1.0,0.0,0.0,0.0,0.0,0.0,0.0,0.0,0.0,0.0,0.0,0.0,0.0,0.0,0.0,2.0,0.0,-10.0
0020000370,1610612738,BOS,Boston,179,Bryant Stith,Bryant,G,,27:53,0.0,7.0,0.0,0.0,2.0,0.0,5.0,5.0,1.0,1.0,1.0,2.0,1.0,0.0,0.0,0.0,2.0,5.0,-1.0
0020000370,1610612738,BOS,Boston,677,Eric Williams,Eric,G,,17:33,0.0,5.0,0.0,0.0,0.0,0.0,5.0,6.0,0.833,2.0,1.0,3.0,2.0,1.0,1.0,0.0,0.0,5.0,-4.0
0020000370,1610612738,BOS,Boston,753,Randy Brown,Randy,G,,31:10,3.0,5.0,0.6,0.0,0.0,0.0,3.0,4.0,0.75,0.0,2.0,2.0,1.0,1.0,1.0,1.0,3.0,9.0,11.0
0020000370,1610612738,BOS,Boston,1559,Adrian Griffin,Adrian,G,,16:44,2.0,4.0,0.5,1.0,1.0,1.0,2.0,2.0,1.0,0.0,1.0,1.0,0.0,0.0,0.0,0.0,0.0,7.0,5.0
0020000370,1610612738,BOS,Boston,958,Vitaly Potapenko,Vitaly,C,,13:40,2.0,3.0,0.667,0.0,0.0,0.0,0.0,0.0,0.0,1.0,2.0,3.0,0.0,0.0,0.0,0.0,3.0,4.0,10.0
0020000370,1610612738,BOS,Boston,72,Kenny Anderson,Kenny,F,,7:37,0.0,1.0,0.0,0.0,0.0,0.0,1.0,1.0,1.0,0.0,0.0,0.0,1.0,0.0,1.0,1.0,0.0,1.0,5.0
0020000370,1610612738,BOS,Boston,1213,,,, ,,,,,,,,,,,,,,,,,,,,
0020000370,1610612738,BOS,Boston,1486,,,, ,,,,,,,,,,,,,,,,,,,,
0020000370,1610612738,BOS,Boston,1639,,,, ,,,,,,,,,,,,,,,,,,,,
0020000370,1610612738,BOS,Boston,1641,,,, ,,,,,,,,,,,,,,,,,,,,
0020000370,1610612738,BOS,Boston,1875,,,, ,,,,,,,,,,,,,,,,,,,,
0020000370,1610612738,BOS,Boston,713,Chris Carr,Chris,,DNP - Coach's Decision,,,,,,,,,,,,,,,,,,,,
0020000370,1610612738,BOS,Boston,2040,Jerome Moiso,Jerome,,DNP - Coach's Decision,,,,,,,,,,,,,,,,,,,,
0020000370,1610612752,NYK,New York,913,Larry Johnson,Larry,F,,30:22,2.0,7.0,0.286,0.0,1.0,0.0,0.0,0.0,0.0,0.0,5.0,5.0,4.0,1.0,1.0,4.0,3.0,4.0,-11.0
0020000370,1610612752,NYK,New York,779,Glen Rice,Glen,F,,39:49,12.0,22.0,0.545,6.0,9.0,0.667,2.0,2.0,1.0,1.0,8.0,9.0,2.0,0.0,0.0,2.0,4.0,32.0,3.0
0020000370,1610612752,NYK,New York,948,Marcus Camby,Marcus,C,,9:53,2.0,3.0,0.667,0.0,0.0,0.0,0.0,0.0,0.0,1.0,2.0,3.0,0.0,0.0,0.0,1.0,2.0,4.0,0.0
0020000370,1610612752,NYK,New York,275,Allan Houston,Allan,G,,38:43,2.0,12.0,0.167,0.0,2.0,0.0,0.0,0.0,0.0,0.0,7.0,7.0,3.0,0.0,0.0,2.0,5.0,4.0,-4.0
0020000370,1610612752,NYK,New York,84,Latrell Sprewell,Latrell,G,,40:46,7.0,13.0,0.538,1.0,3.0,0.333,4.0,4.0,1.0,0.0,9.0,9.0,3.0,2.0,0.0,6.0,4.0,19.0,3.0
0020000370,1610612752,NYK,New York,703,Kurt Thomas,Kurt,F,,36:35,7.0,9.0,0.778,0.0,0.0,0.0,0.0,0.0,0.0,2.0,5.0,7.0,1.0,1.0,1.0,1.0,6.0,14.0,-1.0
0020000370,1610612752,NYK,New York,969,Travis Knight,Travis,,,6:32,0.0,1.0,0.0,0.0,0.0,0.0,0.0,0.0,0.0,1.0,0.0,1.0,0.0,0.0,1.0,0.0,2.0,0.0,-5.0
0020000370,1610612752,NYK,New York,164,Chris Childs,Chris,G,,29:30,3.0,7.0,0.429,0.0,2.0,0.0,2.0,2.0,1.0,1.0,2.0,3.0,7.0,1.0,0.0,0.0,3.0,8.0,-10.0
0020000370,1610612752,NYK,New York,1065,Erick Strickland,Erick,C,,7:40,0.0,2.0,0.0,0.0,0.0,0.0,1.0,1.0,1.0,0.0,0.0,0.0,1.0,1.0,0.0,1.0,0.0,1.0,-7.0
0020000370,1610612752,NYK,New York,1594,Rick Brunson,Rick,,,0:10,0.0,0.0,0.0,0.0,0.0,0.0,0.0,0.0,0.0,0.0,0.0,0.0,1.0,0.0,0.0,0.0,0.0,0.0,2.0
0020000370,1610612752,NYK,New York,1297,,,, ,,,,,,,,,,,,,,,,,,,,
0020000370,1610612752,NYK,New York,1298,,,, ,,,,,,,,,,,,,,,,,,,,
0020000370,1610612752,NYK,New York,1300,,,, ,,,,,,,,,,,,,,,,,,,,
0020000370,1610612752,NYK,New York,1301,,,, ,,,,,,,,,,,,,,,,,,,,
0020000370,1610612752,NYK,New York,1302,,,, ,,,,,,,,,,,,,,,,,,,,
0020000370,1610612752,NYK,New York,2167,,,, ,,,,,,,,,,,,,,,,,,,,
0020000370,1610612752,NYK,New York,2168,,,, ,,,,,,,,,,,,,,,,,,,,
0020000370,1610612752,NYK,New York,1790,,,, ,,,,,,,,,,,,,,,,,,,,
0020000370,1610612752,NYK,New York,1791,,,, ,,,,,,,,,,,,,,,,,,,,
0020000370,1610612752,NYK,New York,26,Luc Longley,Luc,,DNP - Coach's Decision,,,,,,,,,,,,,,,,,,,,
0020000370,1610612752,NYK,New York,2068,Lavor Postell,Lavor,,DNP - Coach's Decision,,,,,,,,,,,,,,,,,,,,
0020000372,1610612751,NJN,New Jersey,383,Kendall Gill,Kendall,G,,28:52,3.0,13.0,0.231,0.0,0.0,0.0,2.0,4.0,0.5,0.0,6.0,6.0,1.0,2.0,0.0,3.0,3.0,8.0,-14.0
0020000372,1610612751,NJN,New Jersey,1425,Aaron Williams,Aaron,F,,32:50,2.0,5.0,0.4,0.0,0.0,0.0,7.0,10.0,0.7,0.0,6.0,6.0,1.0,2.0,1.0,3.0,2.0,11.0,-20.0
0020000372,1610612751,NJN,New Jersey,2030,Kenyon Martin,Kenyon,G,,24:14,2.0,9.0,0.222,0.0,0.0,0.0,6.0,8.0,0.75,2.0,5.0,7.0,0.0,1.0,0.0,1.0,4.0,10.0,-22.0
0020000372,1610612751,NJN,New Jersey,428,Sherman Douglas,Sherman,G,,36:54,3.0,10.0,0.3,0.0,2.0,0.0,4.0,6.0,0.667,3.0,3.0,6.0,5.0,1.0,0.0,6.0,2.0,10.0,-2.0
0020000372,1610612751,NJN,New Jersey,950,Stephon Marbury,Stephon,G,,33:46,3.0,14.0,0.214,2.0,5.0,0.4,4.0,6.0,0.667,2.0,1.0,3.0,5.0,2.0,0.0,1.0,3.0,12.0,-18.0
0020000372,1610612751,NJN,New Jersey,446,Lucious Harris,Lucious,G,,25:49,5.0,9.0,0.556,1.0,1.0,1.0,1.0,2.0,0.5,2.0,2.0,4.0,4.0,2.0,0.0,0.0,4.0,12.0,16.0
0020000372,1610612751,NJN,New Jersey,271,Johnny Newman,Johnny,C,,6:09,0.0,2.0,0.0,0.0,0.0,0.0,0.0,0.0,0.0,0.0,0.0,0.0,0.0,0.0,0.0,1.0,0.0,0.0,-7.0
0020000372,1610612751,NJN,New Jersey,29,Jim McIlvaine,Jim,G,,5:46,0.0,1.0,0.0,0.0,0.0,0.0,0.0,0.0,0.0,1.0,0.0,1.0,0.0,0.0,0.0,0.0,1.0,0.0,-5.0
0020000372,1610612751,NJN,New Jersey,1915,Evan Eschmeyer,Evan,F,,21:56,1.0,3.0,0.333,0.0,0.0,0.0,0.0,0.0,0.0,1.0,7.0,8.0,0.0,1.0,1.0,2.0,3.0,2.0,21.0
0020000372,1610612751,NJN,New Jersey,1536,Stephen Jackson,Stephen,C,,12:00,3.0,6.0,0.5,0.0,1.0,0.0,0.0,0.0,0.0,0.0,2.0,2.0,1.0,2.0,0.0,1.0,1.0,6.0,21.0
0020000372,1610612751,NJN,New Jersey,1735,Vladimir Stepania,Vladimir,G,,11:44,3.0,3.0,1.0,0.0,0.0,0.0,1.0,2.0,0.5,3.0,2.0,5.0,1.0,0.0,0.0,0.0,3.0,7.0,20.0
0020000372,1610612751,NJN,New Jersey,1673,,,, ,,,,,,,,,,,,,,,,,,,,
0020000372,1610612751,NJN,New Jersey,1303,,,, ,,,,,,,,,,,,,,,,,,,,
0020000372,1610612751,NJN,New Jersey,1324,,,, ,,,,,,,,,,,,,,,,,,,,
0020000372,1610612751,NJN,New Jersey,2009,,,, ,,,,,,,,,,,,,,,,,,,,
0020000372,1610612751,NJN,New Jersey,1776,,,, ,,,,,,,,,,,,,,,,,,,,
0020000372,1610612751,NJN,New Jersey,1789,,,, ,,,,,,,,,,,,,,,,,,,,
0020000372,1610612751,NJN,New Jersey,1876,,,, ,,,,,,,,,,,,,,,,,,,,
0020000372,1610612751,NJN,New Jersey,2066,Soumaila Samake,Soumaila,,DNP - Coach's Decision,,,,,,,,,,,,,,,,,,,,
0020000372,1610612749,MIL,Milwaukee,679,Jason Caffey,Jason,F,,20:38,3.0,5.0,0.6,0.0,0.0,0.0,5.0,6.0,0.833,4.0,7.0,11.0,3.0,1.0,1.0,1.0,6.0,11.0,8.0
0020000372,1610612749,MIL,Milwaukee,299,Glenn Robinson,Glenn,G,,40:46,5.0,18.0,0.278,0.0,2.0,0.0,3.0,4.0,0.75,0.0,11.0,11.0,4.0,2.0,1.0,7.0,4.0,13.0,-2.0
0020000372,1610612749,MIL,Milwaukee,998,Mark Pope,Mark,F,,21:56,1.0,2.0,0.5,0.0,1.0,0.0,1.0,2.0,0.5,1.0,1.0,2.0,0.0,1.0,1.0,1.0,6.0,3.0,5.0
0020000372,1610612749,MIL,Milwaukee,951,Ray Allen,Ray,G,,39:30,5.0,16.0,0.313,0.0,4.0,0.0,6.0,7.0,0.857,0.0,9.0,9.0,4.0,5.0,0.0,2.0,3.0,16.0,13.0
0020000372,1610612749,MIL,Milwaukee,208,Sam Cassell,Sam,G,,32:08,6.0,13.0,0.462,1.0,3.0,0.333,1.0,2.0,0.5,2.0,1.0,3.0,2.0,0.0,0.0,3.0,2.0,14.0,7.0
0020000372,1610612749,MIL,Milwaukee,1501,Tim Thomas,Tim,G,,28:26,6.0,9.0,0.667,1.0,2.0,0.5,3.0,5.0,0.6,0.0,2.0,2.0,0.0,2.0,1.0,2.0,3.0,16.0,-5.0
0020000372,1610612749,MIL,Milwaukee,283,Lindsey Hunter,Lindsey,C,,22:32,1.0,9.0,0.111,0.0,6.0,0.0,3.0,4.0,0.75,2.0,2.0,4.0,2.0,0.0,1.0,1.0,1.0,5.0,-10.0
0020000372,1610612749,MIL,Milwaukee,911,Ervin Johnson,Ervin,G,,10:10,0.0,0.0,0.0,0.0,0.0,0.0,0.0,0.0,0.0,0.0,2.0,2.0,0.0,0.0,0.0,0.0,2.0,0.0,6.0
0020000372,1610612749,MIL,Milwaukee,760,Jerome Kersey,Jerome,F,,7:54,0.0,0.0,0.0,0.0,0.0,0.0,0.0,0.0,0.0,0.0,2.0,2.0,0.0,0.0,0.0,0.0,0.0,0.0,6.0
0020000372,1610612749,MIL,Milwaukee,281,Scott Williams,Scott,F,,13:40,1.0,3.0,0.333,0.0,0.0,0.0,0.0,0.0,0.0,1.0,1.0,2.0,0.0,2.0,1.0,0.0,1.0,2.0,-11.0
0020000372,1610612749,MIL,Milwaukee,1747,Rafer Alston,Rafer,,,2:21,0.0,2.0,0.0,0.0,1.0,0.0,0.0,0.0,0.0,0.0,0.0,0.0,0.0,0.0,0.0,0.0,1.0,0.0,-7.0
0020000372,1610612749,MIL,Milwaukee,1796,,,, ,,,,,,,,,,,,,,,,,,,,
0020000372,1610612749,MIL,Milwaukee,1797,,,, ,,,,,,,,,,,,,,,,,,,,
0020000372,1610612749,MIL,Milwaukee,1334,,,, ,,,,,,,,,,,,,,,,,,,,
0020000372,1610612749,MIL,Milwaukee,1337,,,, ,,,,,,,,,,,,,,,,,,,,
0020000372,1610612749,MIL,Milwaukee,1355,,,, ,,,,,,,,,,,,,,,,,,,,
0020000372,1610612749,MIL,Milwaukee,2157,,,, ,,,,,,,,,,,,,,,,,,,,
0020000372,1610612749,MIL,Milwaukee,2038,Joel Przybilla,Joel,,DNP - Coach's Decision,,,,,,,,,,,,,,,,,,,,
0020000373,1610612747,LAL,Los Angeles,296,Rick Fox,Rick,F,,29:21,4.0,9.0,0.444,2.0,3.0,0.667,4.0,4.0,1.0,0.0,3.0,3.0,2.0,2.0,0.0,1.0,2.0,14.0,-2.0
0020000373,1610612747,LAL,Los Angeles,270,Horace Grant,Horace,F,,15:52,0.0,4.0,0.0,0.0,0.0,0.0,0.0,0.0,0.0,2.0,0.0,2.0,1.0,0.0,0.0,1.0,3.0,0.0,-8.0
0020000373,1610612747,LAL,Los Angeles,406,Shaquille O'Neal,Shaquille,F,,42:39,9.0,17.0,0.529,0.0,0.0,0.0,7.0,22.0,0.318,5.0,7.0,12.0,6.0,1.0,1.0,2.0,4.0,25.0,0.0
0020000373,1610612747,LAL,Los Angeles,977,Kobe Bryant,Kobe,G,,43:52,20.0,26.0,0.769,1.0,1.0,1.0,4.0,6.0,0.667,3.0,1.0,4.0,3.0,1.0,0.0,1.0,1.0,45.0,-2.0
0020000373,1610612747,LAL,Los Angeles,166,Ron Harper,Ron,G,,24:31,2.0,4.0,0.5,0.0,0.0,0.0,0.0,0.0,0.0,0.0,3.0,3.0,2.0,0.0,0.0,1.0,3.0,4.0,2.0
0020000373,1610612747,LAL,Los Angeles,375,Isaiah Rider,Isaiah,G,,23:29,3.0,8.0,0.375,0.0,2.0,0.0,2.0,2.0,1.0,0.0,4.0,4.0,0.0,1.0,0.0,3.0,1.0,8.0,3.0
0020000373,1610612747,LAL,Los Angeles,109,Robert Horry,Robert,G,,25:22,1.0,3.0,0.333,0.0,1.0,0.0,1.0,2.0,0.5,1.0,1.0,2.0,0.0,1.0,2.0,1.0,2.0,3.0,13.0
0020000373,1610612747,LAL,Los Angeles,216,Brian Shaw,Brian,G,,21:36,0.0,0.0,0.0,0.0,0.0,0.0,0.0,0.0,0.0,0.0,2.0,2.0,7.0,0.0,0.0,3.0,1.0,0.0,12.0
0020000373,1610612747,LAL,Los Angeles,2130,Mike Penberthy,Mike,,,7:57,0.0,0.0,0.0,0.0,0.0,0.0,0.0,0.0,0.0,0.0,0.0,0.0,0.0,0.0,0.0,0.0,0.0,0.0,2.0
0020000373,1610612747,LAL,Los Angeles,2058,Mark Madsen,Mark,,,2:44,0.0,0.0,0.0,0.0,0.0,0.0,0.0,0.0,0.0,0.0,1.0,1.0,0.0,0.0,0.0,0.0,1.0,0.0,1.0
0020000373,1610612747,LAL,Los Angeles,323,Greg Foster,Greg,G,,2:37,0.0,0.0,0.0,0.0,0.0,0.0,0.0,0.0,0.0,0.0,2.0,2.0,0.0,0.0,0.0,0.0,0.0,0.0,4.0
0020000373,1610612747,LAL,Los Angeles,1270,,,, ,,,,,,,,,,,,,,,,,,,,
0020000373,1610612747,LAL,Los Angeles,1273,,,, ,,,,,,,,,,,,,,,,,,,,
0020000373,1610612747,LAL,Los Angeles,1219,,,, ,,,,,,,,,,,,,,,,,,,,
0020000373,1610612747,LAL,Los Angeles,1221,,,, ,,,,,,,,,,,,,,,,,,,,
0020000373,1610612747,LAL,Los Angeles,1223,,,, ,,,,,,,,,,,,,,,,,,,,
0020000373,1610612747,LAL,Los Angeles,1230,,,, ,,,,,,,,,,,,,,,,,,,,
0020000373,1610612747,LAL,Los Angeles,2098,Slava Medvedenko,Slava,,DNP - Coach's Decision,,,,,,,,,,,,,,,,,,,,
0020000373,1610612745,HOU,Houston,1508,Maurice Taylor,Maurice,F,,39:21,9.0,14.0,0.643,0.0,0.0,0.0,1.0,2.0,0.5,2.0,8.0,10.0,3.0,0.0,1.0,2.0,5.0,19.0,-6.0
0020000373,1610612745,HOU,Houston,1005,Walt Williams,Walt,F,,30:38,5.0,8.0,0.625,2.0,2.0,1.0,1.0,3.0,0.333,1.0,4.0,5.0,1.0,0.0,0.0,2.0,2.0,13.0,0.0
0020000373,1610612745,HOU,Houston,165,Hakeem Olajuwon,Hakeem,G,,30:41,6.0,11.0,0.545,0.0,0.0,0.0,4.0,4.0,1.0,3.0,4.0,7.0,0.0,0.0,1.0,1.0,5.0,16.0,-3.0
0020000373,1610612745,HOU,Houston,1000,Shandon Anderson,Shandon,G,,31:15,3.0,8.0,0.375,1.0,1.0,1.0,2.0,2.0,1.0,1.0,2.0,3.0,4.0,1.0,0.0,0.0,3.0,9.0,3.0
0020000373,1610612745,HOU,Houston,1883,Steve Francis,Steve,G,,36:28,4.0,12.0,0.333,1.0,2.0,0.5,5.0,5.0,1.0,3.0,5.0,8.0,5.0,5.0,0.0,4.0,4.0,14.0,6.0
0020000373,1610612745,HOU,Houston,1509,Kelvin Cato,Kelvin,F,,10:30,0.0,0.0,0.0,0.0,0.0,0.0,0.0,2.0,0.0,2.0,2.0,4.0,0.0,2.0,0.0,1.0,2.0,0.0,-4.0
0020000373,1610612745,HOU,Houston,1749,Cuttino Mobley,Cuttino,G,,29:21,5.0,13.0,0.385,1.0,2.0,0.5,0.0,2.0,0.0,1.0,1.0,2.0,2.0,1.0,1.0,2.0,3.0,11.0,-10.0
0020000373,1610612745,HOU,Houston,983,Moochie Norris,Moochie,G,,22:57,5.0,9.0,0.556,0.0,0.0,0.0,2.0,2.0,1.0,1.0,2.0,3.0,3.0,0.0,0.0,2.0,2.0,12.0,-12.0
0020000373,1610612745,HOU,Houston,672,Matt Bullard,Matt,,,2:10,0.0,0.0,0.0,0.0,0.0,0.0,0.0,0.0,0.0,0.0,0.0,0.0,0.0,0.0,0.0,0.0,0.0,0.0,-1.0
0020000373,1610612745,HOU,Houston,1903,Kenny Thomas,Kenny,,,6:39,0.0,2.0,0.0,0.0,0.0,0.0,0.0,0.0,0.0,0.0,0.0,0.0,0.0,0.0,1.0,1.0,2.0,0.0,2.0
0020000373,1610612745,HOU,Houston,1997,,,, ,,,,,,,,,,,,,,,,,,,,
0020000373,1610612745,HOU,Houston,825,,,, ,,,,,,,,,,,,,,,,,,,,
0020000373,1610612745,HOU,Houston,1255,,,, ,,,,,,,,,,,,,,,,,,,,
0020000373,1610612745,HOU,Houston,1256,,,, ,,,,,,,,,,,,,,,,,,,,
0020000373,1610612745,HOU,Houston,1257,,,, ,,,,,,,,,,,,,,,,,,,,
0020000373,1610612745,HOU,Houston,1258,,,, ,,,,,,,,,,,,,,,,,,,,
0020000373,1610612745,HOU,Houston,2061,Dan Langhi,Dan,,DNP - Coach's Decision,,,,,,,,,,,,,,,,,,,,
0020000373,1610612745,HOU,Houston,292,Anthony Miller,Anthony,,DNP - Coach's Decision,,,,,,,,,,,,,,,,,,,,
0020000376,1610612737,ATL,Atlanta,1728,Roshown McLeod,Roshown,F,,39:53,8.0,12.0,0.667,0.0,0.0,0.0,3.0,3.0,1.0,0.0,6.0,6.0,2.0,0.0,0.0,3.0,2.0,19.0,9.0
0020000376,1610612737,ATL,Atlanta,953,Lorenzen Wright,Lorenzen,F,,36:41,5.0,16.0,0.313,0.0,0.0,0.0,2.0,2.0,1.0,5.0,5.0,10.0,1.0,1.0,0.0,3.0,3.0,12.0,2.0
0020000376,1610612737,ATL,Atlanta,87,Dikembe Mutombo,Dikembe,C,,41:19,2.0,10.0,0.2,0.0,0.0,0.0,0.0,0.0,0.0,2.0,18.0,20.0,1.0,1.0,8.0,1.0,2.0,4.0,12.0
0020000376,1610612737,ATL,Atlanta,1074,Matt Maloney,Matt,G,,36:04,4.0,10.0,0.4,1.0,2.0,0.5,0.0,0.0,0.0,0.0,7.0,7.0,2.0,2.0,0.0,3.0,1.0,9.0,-2.0
0020000376,1610612737,ATL,Atlanta,1891,Jason Terry,Jason,G,,41:19,6.0,17.0,0.353,1.0,1.0,1.0,6.0,6.0,1.0,1.0,2.0,3.0,8.0,1.0,1.0,0.0,2.0,19.0,12.0
0020000376,1610612737,ATL,Atlanta,2069,Hanno Mottola,Hanno,F,,17:43,4.0,8.0,0.5,0.0,0.0,0.0,0.0,0.0,0.0,2.0,0.0,2.0,0.0,0.0,1.0,2.0,1.0,8.0,-2.0
0020000376,1610612737,ATL,Atlanta,1533,Anthony Johnson,Anthony,,,11:56,1.0,2.0,0.5,0.0,0.0,0.0,0.0,0.0,0.0,0.0,0.0,0.0,3.0,0.0,0.0,0.0,1.0,2.0,8.0
0020000376,1610612737,ATL,Atlanta,2035,DerMarr Johnson,DerMarr,F,,4:47,1.0,3.0,0.333,0.0,1.0,0.0,0.0,0.0,0.0,0.0,2.0,2.0,0.0,1.0,0.0,0.0,0.0,2.0,0.0
0020000376,1610612737,ATL,Atlanta,1683,Larry Robinson,Larry,G,,10:18,1.0,3.0,0.333,1.0,3.0,0.333,0.0,0.0,0.0,0.0,0.0,0.0,1.0,0.0,0.0,1.0,1.0,3.0,-9.0
0020000376,1610612737,ATL,Atlanta,2094,,,, ,,,,,,,,,,,,,,,,,,,,
0020000376,1610612737,ATL,Atlanta,2150,,,, ,,,,,,,,,,,,,,,,,,,,
0020000376,1610612737,ATL,Atlanta,2151,,,, ,,,,,,,,,,,,,,,,,,,,
0020000376,1610612737,ATL,Atlanta,1260,,,, ,,,,,,,,,,,,,,,,,,,,
0020000376,1610612737,ATL,Atlanta,1774,,,, ,,,,,,,,,,,,,,,,,,,,
0020000376,1610612737,ATL,Atlanta,1898,Cal Bowdler,Cal,,DNP - Coach's Decision,,,,,,,,,,,,,,,,,,,,
0020000376,1610612737,ATL,Atlanta,1901,Dion Glover,Dion,,DND- Back Spasms,,,,,,,,,,,,,,,,,,,,
0020000376,1610612761,TOR,Toronto,722,Corliss Williamson,Corliss,F,,15:12,0.0,5.0,0.0,0.0,0.0,0.0,0.0,0.0,0.0,0.0,1.0,1.0,1.0,0.0,0.0,2.0,0.0,0.0,-1.0
0020000376,1610612761,TOR,Toronto,891,Charles Oakley,Charles,F,,44:06,4.0,15.0,0.267,0.0,1.0,0.0,0.0,0.0,0.0,2.0,14.0,16.0,1.0,2.0,0.0,1.0,4.0,8.0,-6.0
0020000376,1610612761,TOR,Toronto,213,Antonio Davis,Antonio,F,,42:36,6.0,15.0,0.4,0.0,0.0,0.0,2.0,2.0,1.0,3.0,11.0,14.0,1.0,0.0,4.0,1.0,2.0,14.0,-4.0
0020000376,1610612761,TOR,Toronto,1713,Vince Carter,Vince,G,,43:33,9.0,19.0,0.474,1.0,2.0,0.5,1.0,1.0,1.0,3.0,4.0,7.0,10.0,2.0,0.0,1.0,3.0,20.0,-6.0
0020000376,1610612761,TOR,Toronto,349,Mark Jackson,Mark,G,,37:39,5.0,9.0,0.556,0.0,2.0,0.0,2.0,2.0,1.0,4.0,3.0,7.0,8.0,1.0,1.0,3.0,1.0,12.0,-3.0
0020000376,1610612761,TOR,Toronto,1541,Alvin Williams,Alvin,G,,33:34,7.0,19.0,0.368,0.0,2.0,0.0,0.0,0.0,0.0,0.0,0.0,0.0,3.0,2.0,0.0,1.0,3.0,14.0,-2.0
0020000376,1610612761,TOR,Toronto,2050,Morris Peterson,Morris,F,,10:08,1.0,5.0,0.2,0.0,0.0,0.0,0.0,0.0,0.0,1.0,1.0,2.0,2.0,0.0,0.0,1.0,0.0,2.0,-4.0
0020000376,1610612761,TOR,Toronto,788,Kevin Willis,Kevin,C,,9:15,1.0,5.0,0.2,0.0,0.0,0.0,0.0,0.0,0.0,1.0,0.0,1.0,1.0,0.0,2.0,0.0,1.0,2.0,-4.0
0020000376,1610612761,TOR,Toronto,209,Dell Curry,Dell,,,3:57,0.0,1.0,0.0,0.0,1.0,0.0,0.0,0.0,0.0,0.0,0.0,0.0,0.0,0.0,0.0,0.0,0.0,0.0,0.0
0020000376,1610612761,TOR,Toronto,1266,,,, ,,,,,,,,,,,,,,,,,,,,
0020000376,1610612761,TOR,Toronto,1344,,,, ,,,,,,,,,,,,,,,,,,,,
0020000376,1610612761,TOR,Toronto,1368,,,, ,,,,,,,,,,,,,,,,,,,,
0020000376,1610612761,TOR,Toronto,1205,,,, ,,,,,,,,,,,,,,,,,,,,
0020000376,1610612761,TOR,Toronto,1244,,,, ,,,,,,,,,,,,,,,,,,,,
0020000376,1610612761,TOR,Toronto,883,,,, ,,,,,,,,,,,,,,,,,,,,
0020000376,1610612761,TOR,Toronto,2162,,,, ,,,,,,,,,,,,,,,,,,,,
0020000376,1610612761,TOR,Toronto,895,Tyrone Corbin,Tyrone,,DNP - Coach's Decision,,,,,,,,,,,,,,,,,,,,
0020000376,1610612761,TOR,Toronto,1600,Kornel David,Kornel,,DNP - Coach's Decision,,,,,,,,,,,,,,,,,,,,
0020000376,1610612761,TOR,Toronto,1565,Michael Stewart,Michael,,DNP - Coach's Decision,,,,,,,,,,,,,,,,,,,,
0020000375,1610612739,CLE,Cleveland,441,Lamond Murray,Lamond,G,,31:27,2.0,8.0,0.25,1.0,2.0,0.5,0.0,0.0,0.0,2.0,1.0,3.0,4.0,2.0,0.0,2.0,2.0,5.0,-15.0
0020000375,1610612739,CLE,Cleveland,221,Clar. Weatherspoon,Clar.,G,,30:10,2.0,9.0,0.222,0.0,0.0,0.0,1.0,1.0,1.0,0.0,7.0,7.0,0.0,1.0,0.0,2.0,4.0,5.0,-11.0
0020000375,1610612739,CLE,Cleveland,980,Zydrunas Ilgauskas,Zydrunas,F,,22:16,5.0,8.0,0.625,0.0,0.0,0.0,4.0,4.0,1.0,0.0,3.0,3.0,0.0,0.0,1.0,2.0,1.0,14.0,-6.0
0020000375,1610612739,CLE,Cleveland,1723,Matt Harpring,Matt,G,,37:02,6.0,9.0,0.667,1.0,4.0,0.25,2.0,2.0,1.0,1.0,2.0,3.0,1.0,0.0,0.0,0.0,4.0,15.0,-8.0
0020000375,1610612739,CLE,Cleveland,1889,Andre Miller,Andre,G,,38:30,11.0,18.0,0.611,1.0,2.0,0.5,5.0,6.0,0.833,2.0,6.0,8.0,7.0,2.0,1.0,7.0,5.0,28.0,8.0
0020000375,1610612739,CLE,Cleveland,1138,Michael Hawkins,Michael,,,9:30,0.0,1.0,0.0,0.0,1.0,0.0,0.0,0.0,0.0,0.0,1.0,1.0,0.0,1.0,0.0,0.0,2.0,0.0,-16.0
0020000375,1610612739,CLE,Cleveland,423,Chris Gatling,Chris,F,,25:28,4.0,12.0,0.333,0.0,2.0,0.0,1.0,2.0,0.5,1.0,3.0,4.0,0.0,0.0,0.0,2.0,1.0,9.0,-2.0
0020000375,1610612739,CLE,Cleveland,1538,Cedric Henderson,Cedric,G,,17:58,1.0,2.0,0.5,0.0,0.0,0.0,4.0,4.0,1.0,0.0,1.0,1.0,1.0,1.0,1.0,2.0,4.0,6.0,4.0
0020000375,1610612739,CLE,Cleveland,1714,Robert Traylor,Robert,F,,17:09,2.0,2.0,1.0,0.0,0.0,0.0,4.0,5.0,0.8,4.0,3.0,7.0,2.0,0.0,0.0,1.0,6.0,8.0,3.0
0020000375,1610612739,CLE,Cleveland,1892,Trajan Langdon,Trajan,C,,9:50,1.0,2.0,0.5,1.0,1.0,1.0,0.0,0.0,0.0,0.0,0.0,0.0,1.0,1.0,0.0,1.0,2.0,3.0,3.0
0020000375,1610612739,CLE,Cleveland,462,J.R. Reid,J.R.,,,0:41,1.0,1.0,1.0,0.0,0.0,0.0,0.0,0.0,0.0,1.0,0.0,1.0,0.0,0.0,0.0,0.0,0.0,2.0,0.0
0020000375,1610612739,CLE,Cleveland,1285,,,, ,,,,,,,,,,,,,,,,,,,,
0020000375,1610612739,CLE,Cleveland,1289,,,, ,,,,,,,,,,,,,,,,,,,,
0020000375,1610612739,CLE,Cleveland,1311,,,, ,,,,,,,,,,,,,,,,,,,,
0020000375,1610612739,CLE,Cleveland,2006,,,, ,,,,,,,,,,,,,,,,,,,,
0020000375,1610612739,CLE,Cleveland,2096,,,, ,,,,,,,,,,,,,,,,,,,,
0020000375,1610612739,CLE,Cleveland,1638,,,, ,,,,,,,,,,,,,,,,,,,,
0020000375,1610612739,CLE,Cleveland,445,Wesley Person,Wesley,,NWT - Ulnar nerve contusion,,,,,,,,,,,,,,,,,,,,
0020000375,1610612748,MIA,Miami,1477,Bruce Bowen,Bruce,G,,34:22,1.0,2.0,0.5,1.0,2.0,0.5,4.0,4.0,1.0,0.0,1.0,1.0,2.0,1.0,3.0,0.0,3.0,7.0,6.0
0020000375,1610612748,MIA,Miami,193,Anthony Mason,Anthony,F,,44:33,6.0,13.0,0.462,0.0,0.0,0.0,6.0,8.0,0.75,3.0,4.0,7.0,1.0,2.0,0.0,1.0,2.0,18.0,1.0
0020000375,1610612748,MIA,Miami,258,Brian Grant,Brian,F,,35:01,3.0,10.0,0.3,0.0,0.0,0.0,2.0,2.0,1.0,1.0,6.0,7.0,2.0,0.0,0.0,1.0,4.0,8.0,18.0
0020000375,1610612748,MIA,Miami,224,Eddie Jones,Eddie,G,,41:16,8.0,17.0,0.471,3.0,7.0,0.429,12.0,12.0,1.0,2.0,6.0,8.0,3.0,0.0,3.0,3.0,4.0,31.0,12.0
0020000375,1610612748,MIA,Miami,896,Tim Hardaway,Tim,G,,39:52,9.0,18.0,0.5,6.0,10.0,0.6,2.0,2.0,1.0,2.0,1.0,3.0,4.0,2.0,0.0,3.0,3.0,26.0,8.0
0020000375,1610612748,MIA,Miami,105,Dan Majerle,Dan,C,,19:07,0.0,3.0,0.0,0.0,3.0,0.0,2.0,2.0,1.0,0.0,2.0,2.0,2.0,2.0,0.0,0.0,1.0,2.0,-1.0
0020000375,1610612748,MIA,Miami,920,A.C. Green,A.C.,G,,14:14,3.0,5.0,0.6,0.0,0.0,0.0,1.0,3.0,0.333,1.0,0.0,1.0,0.0,1.0,0.0,0.0,1.0,7.0,-3.0
0020000375,1610612748,MIA,Miami,2067,Eddie House,Eddie,G,,9:40,1.0,1.0,1.0,0.0,0.0,0.0,2.0,2.0,1.0,0.0,0.0,0.0,1.0,0.0,0.0,2.0,0.0,4.0,-1.0
0020000375,1610612748,MIA,Miami,190,Duane Causwell,Duane,,,1:56,0.0,0.0,0.0,0.0,0.0,0.0,0.0,0.0,0.0,0.0,0.0,0.0,0.0,0.0,0.0,1.0,3.0,0.0,0.0
0020000375,1610612748,MIA,Miami,836,,,, ,,,,,,,,,,,,,,,,,,,,
0020000375,1610612748,MIA,Miami,1276,,,, ,,,,,,,,,,,,,,,,,,,,
0020000375,1610612748,MIA,Miami,1277,,,, ,,,,,,,,,,,,,,,,,,,,
0020000375,1610612748,MIA,Miami,1279,,,, ,,,,,,,,,,,,,,,,,,,,
0020000375,1610612748,MIA,Miami,1280,,,, ,,,,,,,,,,,,,,,,,,,,
0020000375,1610612748,MIA,Miami,1281,,,, ,,,,,,,,,,,,,,,,,,,,
0020000375,1610612748,MIA,Miami,1787,,,, ,,,,,,,,,,,,,,,,,,,,
0020000375,1610612748,MIA,Miami,1877,,,, ,,,,,,,,,,,,,,,,,,,,
0020000375,1610612748,MIA,Miami,1642,,,, ,,,,,,,,,,,,,,,,,,,,
0020000375,1610612748,MIA,Miami,76,Cedric Ceballos,Cedric,,DNP - Coach's Decision,,,,,,,,,,,,,,,,,,,,
0020000375,1610612748,MIA,Miami,957,Todd Fuller,Todd,,DNP - Coach's Decision,,,,,,,,,,,,,,,,,,,,
0020000375,1610612748,MIA,Miami,931,Don MacLean,Don,,NWT - NBA Suspension,,,,,,,,,,,,,,,,,,,,
