GAME_ID,TEAM_ID,TEAM_ABBREVIATION,TEAM_CITY,PLAYER_ID,PLAYER_NAME,NICKNAME,START_POSITION,COMMENT,MIN,FGM,FGA,FG_PCT,FG3M,FG3A,FG3_PCT,FTM,FTA,FT_PCT,OREB,DREB,REB,AST,STL,BLK,TO,PF,PTS,PLUS_MINUS
0020000303,1610612745,HOU,Houston,1005,Walt Williams,Walt,G,,24:43,3.0,12.0,0.25,1.0,7.0,0.143,2.0,2.0,1.0,0.0,3.0,3.0,1.0,0.0,0.0,1.0,2.0,9.0,9.0
0020000303,1610612745,HOU,Houston,1508,Maurice Taylor,Maurice,G,,23:01,0.0,7.0,0.0,0.0,0.0,0.0,1.0,2.0,0.5,2.0,2.0,4.0,0.0,0.0,1.0,3.0,2.0,1.0,-10.0
0020000303,1610612745,HOU,Houston,165,Hakeem Olajuwon,Hakeem,G,,24:00,6.0,11.0,0.545,0.0,0.0,0.0,0.0,0.0,0.0,1.0,10.0,11.0,1.0,0.0,3.0,1.0,3.0,12.0,-8.0
0020000303,1610612745,HOU,Houston,1000,Shandon Anderson,Shandon,G,,26:46,1.0,4.0,0.25,0.0,3.0,0.0,1.0,2.0,0.5,1.0,4.0,5.0,2.0,1.0,1.0,2.0,2.0,3.0,-2.0
0020000303,1610612745,HOU,Houston,1883,Steve Francis,Steve,G,,39:44,7.0,17.0,0.412,1.0,2.0,0.5,0.0,0.0,0.0,1.0,2.0,3.0,6.0,1.0,0.0,0.0,1.0,15.0,1.0
0020000303,1610612745,HOU,Houston,1749,Cuttino Mobley,Cuttino,F,,38:46,6.0,9.0,0.667,0.0,3.0,0.0,4.0,4.0,1.0,2.0,5.0,7.0,3.0,0.0,1.0,3.0,0.0,16.0,11.0
0020000303,1610612745,HOU,Houston,1903,Kenny Thomas,Kenny,C,,24:59,3.0,10.0,0.3,0.0,2.0,0.0,1.0,2.0,0.5,5.0,7.0,12.0,0.0,0.0,1.0,1.0,0.0,7.0,17.0
0020000303,1610612745,HOU,Houston,672,Matt Bullard,Matt,G,,24:00,4.0,7.0,0.571,4.0,6.0,0.667,0.0,0.0,0.0,0.0,5.0,5.0,1.0,0.0,2.0,0.0,2.0,12.0,15.0
0020000303,1610612745,HOU,Houston,983,Moochie Norris,Moochie,,,14:01,3.0,4.0,0.75,0.0,0.0,0.0,1.0,2.0,0.5,0.0,1.0,1.0,3.0,1.0,0.0,3.0,0.0,7.0,2.0
0020000303,1610612745,HOU,Houston,1997,,,, ,,,,,,,,,,,,,,,,,,,,
0020000303,1610612745,HOU,Houston,825,,,, ,,,,,,,,,,,,,,,,,,,,
0020000303,1610612745,HOU,Houston,1255,,,, ,,,,,,,,,,,,,,,,,,,,
0020000303,1610612745,HOU,Houston,1256,,,, ,,,,,,,,,,,,,,,,,,,,
0020000303,1610612745,HOU,Houston,1257,,,, ,,,,,,,,,,,,,,,,,,,,
0020000303,1610612745,HOU,Houston,1258,,,, ,,,,,,,,,,,,,,,,,,,,
0020000303,1610612745,HOU,Houston,2061,Dan Langhi,Dan,,DNP - Coach's Decision,,,,,,,,,,,,,,,,,,,,
0020000303,1610612745,HOU,Houston,292,Anthony Miller,Anthony,,DNP - Coach's Decision,,,,,,,,,,,,,,,,,,,,
0020000303,1610612745,HOU,Houston,435,Carlos Rogers,Carlos,,NWT - Knee Injury,,,,,,,,,,,,,,,,,,,,
0020000303,1610612763,VAN,Vancouver,949,Shareef Abdur-Rahim,Shareef,G,,37:38,10.0,17.0,0.588,1.0,3.0,0.333,5.0,5.0,1.0,1.0,4.0,5.0,1.0,2.0,2.0,3.0,0.0,26.0,2.0
0020000303,1610612763,VAN,Vancouver,970,Othella Harrington,Othella,F,,30:49,1.0,8.0,0.125,0.0,0.0,0.0,3.0,4.0,0.75,3.0,5.0,8.0,1.0,0.0,0.0,1.0,2.0,5.0,-2.0
0020000303,1610612763,VAN,Vancouver,763,Tony Massenburg,Tony,G,,16:39,1.0,2.0,0.5,0.0,0.0,0.0,2.0,4.0,0.5,0.0,3.0,3.0,0.0,0.0,1.0,1.0,2.0,4.0,8.0
0020000303,1610612763,VAN,Vancouver,1722,Michael Dickerson,Michael,G,,2:36,0.0,1.0,0.0,0.0,1.0,0.0,0.0,0.0,0.0,0.0,2.0,2.0,1.0,0.0,0.0,0.0,0.0,0.0,6.0
0020000303,1610612763,VAN,Vancouver,1710,Mike Bibby,Mike,G,,36:29,7.0,14.0,0.5,2.0,4.0,0.5,0.0,0.0,0.0,0.0,2.0,2.0,7.0,1.0,0.0,0.0,1.0,16.0,-1.0
0020000303,1610612763,VAN,Vancouver,1800,Damon Jones,Damon,G,,45:24,3.0,11.0,0.273,0.0,4.0,0.0,0.0,0.0,0.0,0.0,3.0,3.0,5.0,0.0,0.0,0.0,2.0,6.0,-13.0
0020000303,1610612763,VAN,Vancouver,735,Bryant Reeves,Bryant,G,,28:39,4.0,11.0,0.364,0.0,0.0,0.0,2.0,2.0,1.0,2.0,7.0,9.0,2.0,0.0,2.0,1.0,1.0,10.0,-14.0
0020000303,1610612763,VAN,Vancouver,2031,Stromile Swift,Stromile,C,,9:24,1.0,7.0,0.143,0.0,0.0,0.0,0.0,0.0,0.0,1.0,2.0,3.0,0.0,1.0,0.0,2.0,1.0,2.0,-6.0
0020000303,1610612763,VAN,Vancouver,3,Grant Long,Grant,G,,24:35,2.0,4.0,0.5,0.0,0.0,0.0,0.0,0.0,0.0,1.0,1.0,2.0,1.0,1.0,0.0,0.0,4.0,4.0,-13.0
0020000303,1610612763,VAN,Vancouver,51,Mahmoud Abdul-Rauf,Mahmoud,F,,7:47,1.0,5.0,0.2,0.0,0.0,0.0,0.0,0.0,0.0,1.0,0.0,1.0,0.0,0.0,0.0,0.0,1.0,2.0,-2.0
0020000303,1610612763,VAN,Vancouver,1356,,,, ,,,,,,,,,,,,,,,,,,,,
0020000303,1610612763,VAN,Vancouver,1358,,,, ,,,,,,,,,,,,,,,,,,,,
0020000303,1610612763,VAN,Vancouver,1226,,,, ,,,,,,,,,,,,,,,,,,,,
0020000303,1610612763,VAN,Vancouver,888,,,, ,,,,,,,,,,,,,,,,,,,,
0020000303,1610612763,VAN,Vancouver,2163,,,, ,,,,,,,,,,,,,,,,,,,,
0020000303,1610612763,VAN,Vancouver,2164,,,, ,,,,,,,,,,,,,,,,,,,,
0020000303,1610612763,VAN,Vancouver,2170,,,, ,,,,,,,,,,,,,,,,,,,,
0020000303,1610612763,VAN,Vancouver,1994,,,, ,,,,,,,,,,,,,,,,,,,,
0020000303,1610612763,VAN,Vancouver,1795,,,, ,,,,,,,,,,,,,,,,,,,,
0020000303,1610612763,VAN,Vancouver,1134,Ike Austin,Ike,,DND - Illness,,,,,,,,,,,,,,,,,,,,
0020000303,1610612763,VAN,Vancouver,28,Doug West,Doug,,DNP - Coach's Decision,,,,,,,,,,,,,,,,,,,,
0020000302,1610612753,ORL,Orlando,255,Grant Hill,Grant,F,,24:39,7.0,14.0,0.5,0.0,0.0,0.0,5.0,8.0,0.625,5.0,2.0,7.0,4.0,0.0,1.0,0.0,2.0,19.0,-9.0
0020000302,1610612753,ORL,Orlando,448,Bo Outlaw,Bo,F,,36:10,3.0,4.0,0.75,0.0,0.0,0.0,2.0,6.0,0.333,3.0,5.0,8.0,2.0,1.0,2.0,0.0,2.0,8.0,-27.0
0020000302,1610612753,ORL,Orlando,1720,Michael Doleac,Michael,F,,25:25,4.0,8.0,0.5,0.0,0.0,0.0,0.0,0.0,0.0,0.0,2.0,2.0,0.0,0.0,3.0,1.0,5.0,8.0,-14.0
0020000302,1610612753,ORL,Orlando,353,Darrell Armstrong,Darrell,G,,33:29,1.0,8.0,0.125,0.0,5.0,0.0,0.0,0.0,0.0,1.0,1.0,2.0,3.0,1.0,0.0,1.0,2.0,2.0,-19.0
0020000302,1610612753,ORL,Orlando,1503,Tracy McGrady,Tracy,G,,36:01,7.0,23.0,0.304,0.0,2.0,0.0,0.0,0.0,0.0,4.0,4.0,8.0,4.0,1.0,4.0,5.0,2.0,14.0,-25.0
0020000302,1610612753,ORL,Orlando,680,John Amaechi,John,F,,14:08,2.0,6.0,0.333,0.0,0.0,0.0,0.0,0.0,0.0,0.0,0.0,0.0,0.0,0.0,0.0,1.0,0.0,4.0,3.0
0020000302,1610612753,ORL,Orlando,692,Andrew DeClercq,Andrew,,,6:54,1.0,1.0,1.0,0.0,0.0,0.0,0.0,0.0,0.0,2.0,1.0,3.0,0.0,0.0,0.0,1.0,2.0,2.0,9.0
0020000302,1610612753,ORL,Orlando,1607,Troy Hudson,Troy,C,,10:27,0.0,3.0,0.0,0.0,1.0,0.0,1.0,2.0,0.5,1.0,1.0,2.0,3.0,0.0,0.0,0.0,1.0,1.0,13.0
0020000302,1610612753,ORL,Orlando,2034,Mike Miller,Mike,F,,19:50,4.0,8.0,0.5,1.0,3.0,0.333,1.0,1.0,1.0,0.0,3.0,3.0,0.0,0.0,1.0,0.0,2.0,10.0,-1.0
0020000302,1610612753,ORL,Orlando,1727,Pat Garrity,Pat,G,,17:13,3.0,8.0,0.375,2.0,2.0,1.0,0.0,0.0,0.0,0.0,4.0,4.0,1.0,0.0,0.0,1.0,1.0,8.0,1.0
0020000302,1610612753,ORL,Orlando,42,Monty Williams,Monty,G,,15:44,2.0,2.0,1.0,0.0,0.0,0.0,0.0,0.0,0.0,3.0,3.0,6.0,3.0,1.0,0.0,0.0,2.0,4.0,9.0
0020000302,1610612753,ORL,Orlando,837,,,, ,,,,,,,,,,,,,,,,,,,,
0020000302,1610612753,ORL,Orlando,1296,,,, ,,,,,,,,,,,,,,,,,,,,
0020000302,1610612753,ORL,Orlando,1307,,,, ,,,,,,,,,,,,,,,,,,,,
0020000302,1610612753,ORL,Orlando,1309,,,, ,,,,,,,,,,,,,,,,,,,,
0020000302,1610612753,ORL,Orlando,1332,,,, ,,,,,,,,,,,,,,,,,,,,
0020000302,1610612753,ORL,Orlando,1941,,,, ,,,,,,,,,,,,,,,,,,,,
0020000302,1610612753,ORL,Orlando,1650,,,, ,,,,,,,,,,,,,,,,,,,,
0020000302,1610612753,ORL,Orlando,690,Don Reid,Don,,DNP - Coach's Decision,,,,,,,,,,,,,,,,,,,,
0020000302,1610612746,LAC,Los Angeles,1885,Lamar Odom,Lamar,G,,40:59,7.0,17.0,0.412,2.0,10.0,0.2,1.0,2.0,0.5,0.0,7.0,7.0,8.0,2.0,4.0,4.0,2.0,17.0,2.0
0020000302,1610612746,LAC,Los Angeles,1730,Brian Skinner,Brian,F,,15:20,1.0,3.0,0.333,0.0,0.0,0.0,0.0,0.0,0.0,2.0,2.0,4.0,1.0,0.0,1.0,1.0,1.0,2.0,1.0
0020000302,1610612746,LAC,Los Angeles,1709,Michael Olowokandi,Michael,F,,16:23,1.0,5.0,0.2,0.0,0.0,0.0,0.0,0.0,0.0,1.0,2.0,3.0,0.0,0.0,0.0,0.0,1.0,2.0,4.0
0020000302,1610612746,LAC,Los Angeles,976,Jeff McInnis,Jeff,G,,37:07,6.0,10.0,0.6,0.0,0.0,0.0,4.0,4.0,1.0,0.0,3.0,3.0,6.0,3.0,0.0,2.0,3.0,16.0,19.0
0020000302,1610612746,LAC,Los Angeles,2047,Quentin Richardson,Quentin,G,,21:29,5.0,12.0,0.417,0.0,3.0,0.0,4.0,5.0,0.8,1.0,1.0,2.0,0.0,0.0,1.0,1.0,2.0,14.0,8.0
0020000302,1610612746,LAC,Los Angeles,399,Sean Rooks,Sean,F,,31:37,2.0,7.0,0.286,0.0,0.0,0.0,4.0,4.0,1.0,3.0,8.0,11.0,1.0,0.0,2.0,0.0,3.0,8.0,8.0
0020000302,1610612746,LAC,Los Angeles,400,Derek Strong,Derek,G,,5:34,1.0,2.0,0.5,0.0,0.0,0.0,1.0,2.0,0.5,2.0,0.0,2.0,0.0,0.0,0.0,0.0,0.0,3.0,-7.0
0020000302,1610612746,LAC,Los Angeles,1894,Corey Maggette,Corey,C,,9:46,0.0,3.0,0.0,0.0,0.0,0.0,2.0,4.0,0.5,0.0,0.0,0.0,0.0,1.0,0.0,1.0,1.0,2.0,-7.0
0020000302,1610612746,LAC,Los Angeles,2039,Keyon Dooling,Keyon,,,10:53,0.0,2.0,0.0,0.0,0.0,0.0,0.0,0.0,0.0,0.0,0.0,0.0,1.0,0.0,0.0,1.0,2.0,0.0,-7.0
0020000302,1610612746,LAC,Los Angeles,2032,Darius Miles,Darius,G,,27:06,6.0,9.0,0.667,0.0,0.0,0.0,1.0,2.0,0.5,3.0,2.0,5.0,2.0,0.0,2.0,1.0,1.0,13.0,18.0
0020000302,1610612746,LAC,Los Angeles,15,Eric Piatkowski,Eric,F,,23:46,6.0,11.0,0.545,2.0,3.0,0.667,1.0,1.0,1.0,1.0,3.0,4.0,1.0,1.0,0.0,1.0,3.0,15.0,21.0
0020000302,1610612746,LAC,Los Angeles,2010,,,, ,,,,,,,,,,,,,,,,,,,,
0020000302,1610612746,LAC,Los Angeles,2166,,,, ,,,,,,,,,,,,,,,,,,,,
0020000302,1610612746,LAC,Los Angeles,1351,,,, ,,,,,,,,,,,,,,,,,,,,
0020000302,1610612746,LAC,Los Angeles,1672,,,, ,,,,,,,,,,,,,,,,,,,,
0020000302,1610612746,LAC,Los Angeles,1210,,,, ,,,,,,,,,,,,,,,,,,,,
0020000302,1610612746,LAC,Los Angeles,1243,,,, ,,,,,,,,,,,,,,,,,,,,
0020000302,1610612746,LAC,Los Angeles,1246,,,, ,,,,,,,,,,,,,,,,,,,,
0020000302,1610612746,LAC,Los Angeles,1284,,,, ,,,,,,,,,,,,,,,,,,,,
0020000302,1610612746,LAC,Los Angeles,685,Cherokee Parks,Cherokee,,DNP - Coach's Decision,,,,,,,,,,,,,,,,,,,,
0020000301,1610612759,SAS,San Antonio,251,Sean Elliott,Sean,F,,33:08,3.0,6.0,0.5,0.0,2.0,0.0,3.0,3.0,1.0,0.0,5.0,5.0,1.0,0.0,1.0,2.0,2.0,9.0,-5.0
0020000301,1610612759,SAS,San Antonio,1495,Tim Duncan,Tim,F,,28:36,5.0,12.0,0.417,0.0,0.0,0.0,3.0,4.0,0.75,4.0,5.0,9.0,1.0,0.0,1.0,1.0,5.0,13.0,-8.0
0020000301,1610612759,SAS,San Antonio,764,David Robinson,David,G,,19:01,3.0,6.0,0.5,0.0,0.0,0.0,5.0,5.0,1.0,0.0,1.0,1.0,1.0,0.0,3.0,4.0,5.0,11.0,-1.0
0020000301,1610612759,SAS,San Antonio,422,Avery Johnson,Avery,G,,21:22,0.0,6.0,0.0,0.0,0.0,0.0,0.0,2.0,0.0,0.0,2.0,2.0,3.0,0.0,0.0,2.0,1.0,0.0,-7.0
0020000301,1610612759,SAS,San Antonio,1507,Derek Anderson,Derek,G,,25:23,4.0,8.0,0.5,2.0,3.0,0.667,8.0,8.0,1.0,0.0,2.0,2.0,0.0,2.0,0.0,4.0,3.0,18.0,2.0
0020000301,1610612759,SAS,San Antonio,990,Malik Rose,Malik,G,,37:47,3.0,7.0,0.429,0.0,1.0,0.0,5.0,6.0,0.833,3.0,8.0,11.0,0.0,2.0,2.0,2.0,4.0,11.0,17.0
0020000301,1610612759,SAS,San Antonio,345,Terry Porter,Terry,F,,22:30,2.0,2.0,1.0,1.0,1.0,1.0,5.0,5.0,1.0,0.0,7.0,7.0,2.0,2.0,1.0,2.0,3.0,10.0,6.0
0020000301,1610612759,SAS,San Antonio,1498,Antonio Daniels,Antonio,F,,26:38,4.0,8.0,0.5,1.0,3.0,0.333,4.0,5.0,0.8,0.0,2.0,2.0,4.0,1.0,1.0,2.0,2.0,13.0,15.0
0020000301,1610612759,SAS,San Antonio,198,Danny Ferry,Danny,G,,18:48,2.0,5.0,0.4,0.0,0.0,0.0,2.0,2.0,1.0,1.0,0.0,1.0,1.0,0.0,1.0,1.0,2.0,6.0,17.0
0020000301,1610612759,SAS,San Antonio,1035,Shawnelle Scott,Shawnelle,C,,6:40,0.0,1.0,0.0,0.0,0.0,0.0,0.0,0.0,0.0,2.0,2.0,4.0,1.0,0.0,0.0,1.0,3.0,0.0,4.0
0020000301,1610612759,SAS,San Antonio,1956,Ira Newble,Ira,,,0:07,0.0,0.0,0.0,0.0,0.0,0.0,0.0,0.0,0.0,0.0,0.0,0.0,0.0,0.0,0.0,0.0,0.0,0.0,0.0
0020000301,1610612759,SAS,San Antonio,1658,,,, ,,,,,,,,,,,,,,,,,,,,
0020000301,1610612759,SAS,San Antonio,1371,,,, ,,,,,,,,,,,,,,,,,,,,
0020000301,1610612759,SAS,San Antonio,873,,,, ,,,,,,,,,,,,,,,,,,,,
0020000301,1610612759,SAS,San Antonio,1264,,,, ,,,,,,,,,,,,,,,,,,,,
0020000301,1610612759,SAS,San Antonio,1331,,,, ,,,,,,,,,,,,,,,,,,,,
0020000301,1610612759,SAS,San Antonio,70,Steve Kerr,Steve,,DNP - Coach's Decision,,,,,,,,,,,,,,,,,,,,
0020000301,1610612762,UTA,Utah,935,Bryon Russell,Bryon,F,,31:33,6.0,12.0,0.5,2.0,3.0,0.667,0.0,1.0,0.0,0.0,1.0,1.0,1.0,3.0,0.0,1.0,6.0,14.0,-7.0
0020000301,1610612762,UTA,Utah,252,Karl Malone,Karl,F,,40:52,6.0,15.0,0.4,0.0,0.0,0.0,7.0,10.0,0.7,3.0,10.0,13.0,3.0,1.0,3.0,3.0,4.0,19.0,-7.0
0020000301,1610612762,UTA,Utah,178,Olden Polynice,Olden,C,,22:00,4.0,10.0,0.4,0.0,0.0,0.0,0.0,2.0,0.0,6.0,1.0,7.0,0.0,0.0,1.0,0.0,4.0,8.0,-2.0
0020000301,1610612762,UTA,Utah,304,John Stockton,John,G,,31:00,6.0,8.0,0.75,0.0,2.0,0.0,4.0,5.0,0.8,1.0,0.0,1.0,4.0,2.0,0.0,1.0,3.0,16.0,2.0
0020000301,1610612762,UTA,Utah,317,John Starks,John,G,,30:07,1.0,9.0,0.111,0.0,5.0,0.0,1.0,2.0,0.5,0.0,2.0,2.0,5.0,1.0,0.0,1.0,3.0,3.0,-9.0
0020000301,1610612762,UTA,Utah,1521,Jacque Vaughn,Jacque,G,,17:00,2.0,3.0,0.667,0.0,0.0,0.0,5.0,6.0,0.833,0.0,0.0,0.0,3.0,0.0,0.0,1.0,1.0,9.0,-10.0
0020000301,1610612762,UTA,Utah,731,Greg Ostertag,Greg,F,,17:47,1.0,5.0,0.2,0.0,0.0,0.0,1.0,2.0,0.5,2.0,3.0,5.0,0.0,2.0,4.0,2.0,3.0,3.0,5.0
0020000301,1610612762,UTA,Utah,1900,Quincy Lewis,Quincy,F,,13:18,2.0,6.0,0.333,0.0,2.0,0.0,0.0,0.0,0.0,1.0,1.0,2.0,0.0,0.0,0.0,0.0,1.0,4.0,10.0
0020000301,1610612762,UTA,Utah,923,Donyell Marshall,Donyell,G,,21:02,2.0,5.0,0.4,0.0,1.0,0.0,1.0,2.0,0.5,1.0,1.0,2.0,0.0,1.0,0.0,2.0,4.0,5.0,-10.0
0020000301,1610612762,UTA,Utah,330,Danny Manning,Danny,G,,11:25,0.0,4.0,0.0,0.0,1.0,0.0,2.0,4.0,0.5,0.0,2.0,2.0,0.0,1.0,0.0,2.0,4.0,2.0,-8.0
0020000301,1610612762,UTA,Utah,128,David Benoit,David,,,3:56,0.0,2.0,0.0,0.0,0.0,0.0,0.0,0.0,0.0,1.0,0.0,1.0,0.0,0.0,0.0,0.0,1.0,0.0,-4.0
0020000301,1610612762,UTA,Utah,1794,,,, ,,,,,,,,,,,,,,,,,,,,
0020000301,1610612762,UTA,Utah,1372,,,, ,,,,,,,,,,,,,,,,,,,,
0020000301,1610612762,UTA,Utah,1228,,,, ,,,,,,,,,,,,,,,,,,,,
0020000301,1610612762,UTA,Utah,1345,,,, ,,,,,,,,,,,,,,,,,,,,
0020000301,1610612762,UTA,Utah,1347,,,, ,,,,,,,,,,,,,,,,,,,,
0020000301,1610612762,UTA,Utah,1348,,,, ,,,,,,,,,,,,,,,,,,,,
0020000301,1610612762,UTA,Utah,2052,DeShawn Stevenson,DeShawn,,DNP - Coach's Decision,,,,,,,,,,,,,,,,,,,,
0020000306,1610612754,IND,Indiana,147,Jalen Rose,Jalen,G,,46:03,8.0,17.0,0.471,1.0,2.0,0.5,5.0,7.0,0.714,0.0,6.0,6.0,4.0,2.0,1.0,6.0,2.0,22.0,-10.0
0020000306,1610612754,IND,Indiana,1506,Austin Croshere,Austin,F,,29:54,3.0,8.0,0.375,1.0,2.0,0.5,10.0,10.0,1.0,4.0,3.0,7.0,1.0,0.0,1.0,2.0,4.0,17.0,1.0
0020000306,1610612754,IND,Indiana,979,Jermaine O'Neal,Jermaine,F,,41:27,7.0,11.0,0.636,0.0,0.0,0.0,3.0,4.0,0.75,3.0,8.0,11.0,2.0,1.0,2.0,3.0,5.0,17.0,-5.0
0020000306,1610612754,IND,Indiana,397,Reggie Miller,Reggie,G,,42:43,6.0,16.0,0.375,1.0,4.0,0.25,6.0,6.0,1.0,0.0,2.0,2.0,2.0,3.0,0.0,3.0,3.0,19.0,-10.0
0020000306,1610612754,IND,Indiana,696,Travis Best,Travis,G,,42:03,4.0,12.0,0.333,1.0,2.0,0.5,2.0,2.0,1.0,1.0,2.0,3.0,6.0,0.0,0.0,3.0,2.0,11.0,-5.0
0020000306,1610612754,IND,Indiana,1902,Jeff Foster,Jeff,C,,15:05,1.0,4.0,0.25,0.0,0.0,0.0,0.0,0.0,0.0,3.0,2.0,5.0,0.0,0.0,0.0,1.0,3.0,2.0,-12.0
0020000306,1610612754,IND,Indiana,64,Sam Perkins,Sam,,,6:14,0.0,1.0,0.0,0.0,1.0,0.0,0.0,0.0,0.0,0.0,1.0,1.0,0.0,0.0,0.0,0.0,1.0,0.0,-6.0
0020000306,1610612754,IND,Indiana,1733,Al Harrington,Al,F,,7:19,0.0,3.0,0.0,0.0,0.0,0.0,0.0,0.0,0.0,2.0,3.0,5.0,0.0,0.0,0.0,2.0,3.0,0.0,-7.0
0020000306,1610612754,IND,Indiana,371,Terry Mills,Terry,F,,4:27,0.0,0.0,0.0,0.0,0.0,0.0,0.0,0.0,0.0,0.0,1.0,1.0,0.0,0.0,0.0,0.0,0.0,0.0,-6.0
0020000306,1610612754,IND,Indiana,365,Derrick McKey,Derrick,,,4:45,1.0,1.0,1.0,0.0,0.0,0.0,0.0,0.0,0.0,0.0,0.0,0.0,0.0,0.0,0.0,0.0,1.0,2.0,-10.0
0020000306,1610612754,IND,Indiana,1263,,,, ,,,,,,,,,,,,,,,,,,,,
0020000306,1610612754,IND,Indiana,1299,,,, ,,,,,,,,,,,,,,,,,,,,
0020000306,1610612754,IND,Indiana,1306,,,, ,,,,,,,,,,,,,,,,,,,,
0020000306,1610612754,IND,Indiana,1857,,,, ,,,,,,,,,,,,,,,,,,,,
0020000306,1610612754,IND,Indiana,2099,,,, ,,,,,,,,,,,,,,,,,,,,
0020000306,1610612754,IND,Indiana,2100,,,, ,,,,,,,,,,,,,,,,,,,,
0020000306,1610612754,IND,Indiana,2165,,,, ,,,,,,,,,,,,,,,,,,,,
0020000306,1610612754,IND,Indiana,1886,Jonathan Bender,Jonathan,,DNP - Coach's Decision,,,,,,,,,,,,,,,,,,,,
0020000306,1610612754,IND,Indiana,440,Zan Tabak,Zan,,DNP - Coach's Decision,,,,,,,,,,,,,,,,,,,,
0020000306,1610612761,TOR,Toronto,722,Corliss Williamson,Corliss,F,,23:07,3.0,8.0,0.375,0.0,0.0,0.0,0.0,0.0,0.0,3.0,4.0,7.0,0.0,0.0,0.0,2.0,2.0,6.0,-7.0
0020000306,1610612761,TOR,Toronto,891,Charles Oakley,Charles,F,,42:40,8.0,14.0,0.571,1.0,2.0,0.5,5.0,5.0,1.0,4.0,6.0,10.0,2.0,2.0,1.0,2.0,4.0,22.0,6.0
0020000306,1610612761,TOR,Toronto,213,Antonio Davis,Antonio,C,,35:06,2.0,11.0,0.182,0.0,0.0,0.0,9.0,10.0,0.9,6.0,3.0,9.0,1.0,1.0,3.0,3.0,3.0,13.0,8.0
0020000306,1610612761,TOR,Toronto,1713,Vince Carter,Vince,G,,44:51,12.0,21.0,0.571,5.0,7.0,0.714,4.0,6.0,0.667,2.0,4.0,6.0,3.0,2.0,1.0,3.0,2.0,33.0,15.0
0020000306,1610612761,TOR,Toronto,349,Mark Jackson,Mark,G,,38:02,3.0,10.0,0.3,1.0,3.0,0.333,2.0,2.0,1.0,0.0,4.0,4.0,11.0,1.0,1.0,1.0,1.0,9.0,-5.0
0020000306,1610612761,TOR,Toronto,2050,Morris Peterson,Morris,F,,11:44,1.0,3.0,0.333,0.0,1.0,0.0,0.0,0.0,0.0,2.0,3.0,5.0,1.0,0.0,1.0,1.0,2.0,2.0,11.0
0020000306,1610612761,TOR,Toronto,788,Kevin Willis,Kevin,C,,17:39,6.0,10.0,0.6,0.0,0.0,0.0,1.0,2.0,0.5,3.0,2.0,5.0,2.0,2.0,0.0,1.0,4.0,13.0,16.0
0020000306,1610612761,TOR,Toronto,1541,Alvin Williams,Alvin,G,,26:51,1.0,10.0,0.1,0.0,1.0,0.0,4.0,6.0,0.667,1.0,2.0,3.0,2.0,2.0,0.0,1.0,4.0,6.0,26.0
0020000306,1610612761,TOR,Toronto,1344,,,, ,,,,,,,,,,,,,,,,,,,,
0020000306,1610612761,TOR,Toronto,1368,,,, ,,,,,,,,,,,,,,,,,,,,
0020000306,1610612761,TOR,Toronto,1266,,,, ,,,,,,,,,,,,,,,,,,,,
0020000306,1610612761,TOR,Toronto,1205,,,, ,,,,,,,,,,,,,,,,,,,,
0020000306,1610612761,TOR,Toronto,1244,,,, ,,,,,,,,,,,,,,,,,,,,
0020000306,1610612761,TOR,Toronto,2162,,,, ,,,,,,,,,,,,,,,,,,,,
0020000306,1610612761,TOR,Toronto,895,Tyrone Corbin,Tyrone,,DNP - Coach's Decision,,,,,,,,,,,,,,,,,,,,
0020000306,1610612761,TOR,Toronto,209,Dell Curry,Dell,,DNP - Coach's Decision,,,,,,,,,,,,,,,,,,,,
0020000306,1610612761,TOR,Toronto,2123,Garth Joseph,Garth,,DNP - Coach's Decision,,,,,,,,,,,,,,,,,,,,
0020000306,1610612761,TOR,Toronto,1565,Michael Stewart,Michael,,DNP - Coach's Decision,,,,,,,,,,,,,,,,,,,,
0020000305,1610612758,SAC,Sacramento,2045,Hedo Turkoglu,Hedo,F,,36:16,1.0,4.0,0.25,0.0,0.0,0.0,2.0,2.0,1.0,0.0,9.0,9.0,1.0,0.0,0.0,1.0,3.0,4.0,0.0
0020000305,1610612758,SAC,Sacramento,185,Chris Webber,Chris,F,,43:28,9.0,20.0,0.45,0.0,0.0,0.0,4.0,8.0,0.5,2.0,11.0,13.0,3.0,0.0,2.0,1.0,5.0,22.0,0.0
0020000305,1610612758,SAC,Sacramento,124,Vlade Divac,Vlade,C,,32:20,7.0,14.0,0.5,0.0,0.0,0.0,2.0,3.0,0.667,2.0,5.0,7.0,3.0,2.0,1.0,0.0,1.0,16.0,0.0
0020000305,1610612758,SAC,Sacramento,1715,Jason Williams,Jason,G,,36:32,7.0,16.0,0.438,5.0,8.0,0.625,2.0,2.0,1.0,0.0,3.0,3.0,4.0,4.0,0.0,1.0,3.0,21.0,-9.0
0020000305,1610612758,SAC,Sacramento,57,Doug Christie,Doug,G,,38:05,5.0,14.0,0.357,2.0,4.0,0.5,8.0,9.0,0.889,2.0,4.0,6.0,6.0,1.0,0.0,5.0,5.0,20.0,-5.0
0020000305,1610612758,SAC,Sacramento,1513,Scot Pollard,Scot,G,,15:21,1.0,5.0,0.2,0.0,0.0,0.0,0.0,0.0,0.0,4.0,3.0,7.0,0.0,1.0,1.0,1.0,3.0,2.0,-7.0
0020000305,1610612758,SAC,Sacramento,468,Jon Barry,Jon,G,,21:33,2.0,6.0,0.333,1.0,3.0,0.333,1.0,2.0,0.5,0.0,2.0,2.0,0.0,0.0,0.0,1.0,3.0,6.0,-12.0
0020000305,1610612758,SAC,Sacramento,1517,Bobby Jackson,Bobby,C,,11:53,2.0,4.0,0.5,0.0,1.0,0.0,0.0,0.0,0.0,0.0,0.0,0.0,1.0,2.0,0.0,2.0,0.0,4.0,1.0
0020000305,1610612758,SAC,Sacramento,1444,Lawrence Funderburke,Lawrence,,,4:32,2.0,4.0,0.5,0.0,0.0,0.0,0.0,0.0,0.0,0.0,1.0,1.0,0.0,0.0,0.0,0.0,0.0,4.0,-8.0
0020000305,1610612758,SAC,Sacramento,1248,,,, ,,,,,,,,,,,,,,,,,,,,
0020000305,1610612758,SAC,Sacramento,1249,,,, ,,,,,,,,,,,,,,,,,,,,
0020000305,1610612758,SAC,Sacramento,1322,,,, ,,,,,,,,,,,,,,,,,,,,
0020000305,1610612758,SAC,Sacramento,1327,,,, ,,,,,,,,,,,,,,,,,,,,
0020000305,1610612758,SAC,Sacramento,1328,,,, ,,,,,,,,,,,,,,,,,,,,
0020000305,1610612758,SAC,Sacramento,1775,,,, ,,,,,,,,,,,,,,,,,,,,
0020000305,1610612758,SAC,Sacramento,98,Nick Anderson,Nick,,DNP - Coach's Decision,,,,,,,,,,,,,,,,,,,,
0020000305,1610612758,SAC,Sacramento,239,Darrick Martin,Darrick,,DNP - Coach's Decision,,,,,,,,,,,,,,,,,,,,
0020000305,1610612758,SAC,Sacramento,978,Peja Stojakovic,Peja,,DND - Bruised Right Shoulder,,,,,,,,,,,,,,,,,,,,
0020000305,1610612737,ATL,Atlanta,754,Jim Jackson,Jim,F,,36:35,5.0,12.0,0.417,2.0,4.0,0.5,8.0,12.0,0.667,0.0,7.0,7.0,1.0,0.0,0.0,1.0,5.0,20.0,8.0
0020000305,1610612737,ATL,Atlanta,673,Alan Henderson,Alan,G,,35:10,7.0,17.0,0.412,0.0,0.0,0.0,4.0,6.0,0.667,3.0,5.0,8.0,3.0,0.0,1.0,2.0,4.0,18.0,17.0
0020000305,1610612737,ATL,Atlanta,87,Dikembe Mutombo,Dikembe,G,,39:52,2.0,5.0,0.4,0.0,0.0,0.0,0.0,0.0,0.0,2.0,15.0,17.0,0.0,1.0,5.0,2.0,3.0,4.0,10.0
0020000305,1610612737,ATL,Atlanta,1074,Matt Maloney,Matt,G,,41:24,6.0,11.0,0.545,1.0,2.0,0.5,0.0,0.0,0.0,0.0,4.0,4.0,2.0,4.0,0.0,1.0,3.0,13.0,5.0
0020000305,1610612737,ATL,Atlanta,1891,Jason Terry,Jason,G,,41:27,12.0,19.0,0.632,2.0,4.0,0.5,12.0,12.0,1.0,1.0,4.0,5.0,5.0,1.0,0.0,5.0,4.0,38.0,13.0
0020000305,1610612737,ATL,Atlanta,953,Lorenzen Wright,Lorenzen,C,,10:57,1.0,7.0,0.143,0.0,0.0,0.0,0.0,0.0,0.0,2.0,2.0,4.0,1.0,0.0,0.0,0.0,1.0,2.0,-7.0
0020000305,1610612737,ATL,Atlanta,2035,DerMarr Johnson,DerMarr,F,,5:35,1.0,1.0,1.0,0.0,0.0,0.0,0.0,0.0,0.0,0.0,1.0,1.0,0.0,0.0,0.0,1.0,1.0,2.0,-4.0
0020000305,1610612737,ATL,Atlanta,2069,Hanno Mottola,Hanno,G,,9:42,0.0,2.0,0.0,0.0,0.0,0.0,1.0,2.0,0.5,0.0,0.0,0.0,0.0,0.0,1.0,0.0,1.0,1.0,-5.0
0020000305,1610612737,ATL,Atlanta,1683,Larry Robinson,Larry,G,,14:50,2.0,5.0,0.4,1.0,3.0,0.333,4.0,5.0,0.8,0.0,3.0,3.0,1.0,1.0,0.0,0.0,1.0,9.0,-5.0
0020000305,1610612737,ATL,Atlanta,1901,Dion Glover,Dion,F,,4:28,0.0,1.0,0.0,0.0,0.0,0.0,0.0,0.0,0.0,0.0,0.0,0.0,0.0,0.0,0.0,1.0,0.0,0.0,8.0
0020000305,1610612737,ATL,Atlanta,2094,,,, ,,,,,,,,,,,,,,,,,,,,
0020000305,1610612737,ATL,Atlanta,2150,,,, ,,,,,,,,,,,,,,,,,,,,
0020000305,1610612737,ATL,Atlanta,2151,,,, ,,,,,,,,,,,,,,,,,,,,
0020000305,1610612737,ATL,Atlanta,1774,,,, ,,,,,,,,,,,,,,,,,,,,
0020000305,1610612737,ATL,Atlanta,1260,,,, ,,,,,,,,,,,,,,,,,,,,
0020000305,1610612737,ATL,Atlanta,1898,Cal Bowdler,Cal,,DNP - Coach's Decision,,,,,,,,,,,,,,,,,,,,
0020000305,1610612737,ATL,Atlanta,1533,Anthony Johnson,Anthony,,DNP - Coach's Decision,,,,,,,,,,,,,,,,,,,,
0020000308,1610612748,MIA,Miami,1477,Bruce Bowen,Bruce,G,,34:16,4.0,11.0,0.364,0.0,3.0,0.0,1.0,2.0,0.5,0.0,2.0,2.0,3.0,1.0,0.0,1.0,3.0,9.0,12.0
0020000308,1610612748,MIA,Miami,193,Anthony Mason,Anthony,G,,35:42,6.0,10.0,0.6,0.0,0.0,0.0,3.0,3.0,1.0,0.0,9.0,9.0,5.0,1.0,1.0,1.0,3.0,15.0,23.0
0020000308,1610612748,MIA,Miami,258,Brian Grant,Brian,C,,34:46,5.0,13.0,0.385,0.0,0.0,0.0,2.0,2.0,1.0,2.0,9.0,11.0,3.0,0.0,3.0,4.0,2.0,12.0,0.0
0020000308,1610612748,MIA,Miami,224,Eddie Jones,Eddie,G,,33:17,10.0,16.0,0.625,3.0,6.0,0.5,5.0,6.0,0.833,0.0,4.0,4.0,2.0,1.0,0.0,4.0,4.0,28.0,9.0
0020000308,1610612748,MIA,Miami,896,Tim Hardaway,Tim,G,,31:34,4.0,11.0,0.364,4.0,8.0,0.5,1.0,2.0,0.5,0.0,3.0,3.0,9.0,1.0,0.0,2.0,1.0,13.0,10.0
0020000308,1610612748,MIA,Miami,920,A.C. Green,A.C.,C,,24:04,0.0,2.0,0.0,0.0,0.0,0.0,0.0,0.0,0.0,1.0,6.0,7.0,0.0,0.0,0.0,1.0,3.0,0.0,1.0
0020000308,1610612748,MIA,Miami,1853,Anthony Carter,Anthony,F,,31:51,5.0,8.0,0.625,0.0,0.0,0.0,2.0,2.0,1.0,2.0,4.0,6.0,7.0,1.0,0.0,1.0,3.0,12.0,7.0
0020000308,1610612748,MIA,Miami,76,Cedric Ceballos,Cedric,F,,12:49,1.0,4.0,0.25,0.0,1.0,0.0,0.0,0.0,0.0,0.0,2.0,2.0,1.0,1.0,0.0,0.0,2.0,2.0,-4.0
0020000308,1610612748,MIA,Miami,2067,Eddie House,Eddie,,,1:41,1.0,1.0,1.0,1.0,1.0,1.0,2.0,4.0,0.5,0.0,0.0,0.0,0.0,0.0,0.0,0.0,0.0,5.0,-3.0
0020000308,1610612748,MIA,Miami,1642,,,, ,,,,,,,,,,,,,,,,,,,,
0020000308,1610612748,MIA,Miami,1877,,,, ,,,,,,,,,,,,,,,,,,,,
0020000308,1610612748,MIA,Miami,1276,,,, ,,,,,,,,,,,,,,,,,,,,
0020000308,1610612748,MIA,Miami,1279,,,, ,,,,,,,,,,,,,,,,,,,,
0020000308,1610612748,MIA,Miami,1280,,,, ,,,,,,,,,,,,,,,,,,,,
0020000308,1610612748,MIA,Miami,1281,,,, ,,,,,,,,,,,,,,,,,,,,
0020000308,1610612748,MIA,Miami,836,,,, ,,,,,,,,,,,,,,,,,,,,
0020000308,1610612748,MIA,Miami,190,Duane Causwell,Duane,,DNP - Coach's Decision,,,,,,,,,,,,,,,,,,,,
0020000308,1610612748,MIA,Miami,957,Todd Fuller,Todd,,DNP - Coach's Decision,,,,,,,,,,,,,,,,,,,,
0020000308,1610612748,MIA,Miami,931,Don MacLean,Don,,NWT - Right Toe Surgery,,,,,,,,,,,,,,,,,,,,
0020000308,1610612743,DEN,Denver,686,Antonio McDyess,Antonio,F,,41:17,9.0,21.0,0.429,0.0,0.0,0.0,4.0,5.0,0.8,2.0,10.0,12.0,5.0,0.0,2.0,2.0,4.0,22.0,-4.0
0020000308,1610612743,DEN,Denver,1899,James Posey,James,F,,33:42,4.0,10.0,0.4,1.0,3.0,0.333,4.0,6.0,0.667,3.0,5.0,8.0,1.0,2.0,2.0,3.0,4.0,13.0,-1.0
0020000308,1610612743,DEN,Denver,1711,Raef LaFrentz,Raef,G,,23:29,0.0,4.0,0.0,0.0,0.0,0.0,0.0,0.0,0.0,0.0,5.0,5.0,3.0,0.0,1.0,2.0,6.0,0.0,-9.0
0020000308,1610612743,DEN,Denver,702,Voshon Lenard,Voshon,G,,29:25,4.0,10.0,0.4,0.0,2.0,0.0,1.0,2.0,0.5,0.0,3.0,3.0,3.0,0.0,0.0,2.0,3.0,9.0,-5.0
0020000308,1610612743,DEN,Denver,89,Nick Van Exel,Nick,G,,39:15,4.0,10.0,0.4,3.0,4.0,0.75,0.0,0.0,0.0,1.0,2.0,3.0,7.0,2.0,0.0,1.0,2.0,11.0,-8.0
0020000308,1610612743,DEN,Denver,1721,Keon Clark,Keon,,,18:39,2.0,3.0,0.667,0.0,0.0,0.0,2.0,3.0,0.667,1.0,3.0,4.0,1.0,1.0,0.0,1.0,3.0,6.0,-6.0
0020000308,1610612743,DEN,Denver,45,George McCloud,George,C,,25:27,6.0,11.0,0.545,3.0,5.0,0.6,3.0,4.0,0.75,1.0,1.0,2.0,5.0,0.0,0.0,1.0,2.0,18.0,-5.0
0020000308,1610612743,DEN,Denver,1763,Ryan Bowen,Ryan,G,,10:03,1.0,2.0,0.5,0.0,0.0,0.0,0.0,0.0,0.0,0.0,0.0,0.0,0.0,1.0,0.0,0.0,2.0,2.0,3.0
0020000308,1610612743,DEN,Denver,123,Robert Pack,Robert,G,,5:07,0.0,2.0,0.0,0.0,0.0,0.0,0.0,0.0,0.0,0.0,0.0,0.0,0.0,0.0,0.0,2.0,0.0,0.0,-8.0
0020000308,1610612743,DEN,Denver,145,Tracy Murray,Tracy,F,,9:32,1.0,3.0,0.333,0.0,1.0,0.0,0.0,0.0,0.0,0.0,0.0,0.0,0.0,0.0,0.0,1.0,1.0,2.0,-9.0
0020000308,1610612743,DEN,Denver,1110,Mark Strickland,Mark,,,4:04,1.0,1.0,1.0,0.0,0.0,0.0,0.0,0.0,0.0,0.0,0.0,0.0,0.0,0.0,0.0,1.0,1.0,2.0,-3.0
0020000308,1610612743,DEN,Denver,1207,,,, ,,,,,,,,,,,,,,,,,,,,
0020000308,1610612743,DEN,Denver,1216,,,, ,,,,,,,,,,,,,,,,,,,,
0020000308,1610612743,DEN,Denver,1240,,,, ,,,,,,,,,,,,,,,,,,,,
0020000308,1610612743,DEN,Denver,1241,,,, ,,,,,,,,,,,,,,,,,,,,
0020000308,1610612743,DEN,Denver,1784,,,, ,,,,,,,,,,,,,,,,,,,,
0020000308,1610612743,DEN,Denver,1785,,,, ,,,,,,,,,,,,,,,,,,,,
0020000308,1610612743,DEN,Denver,1786,,,, ,,,,,,,,,,,,,,,,,,,,
0020000308,1610612743,DEN,Denver,1995,,,, ,,,,,,,,,,,,,,,,,,,,
0020000308,1610612743,DEN,Denver,2007,,,, ,,,,,,,,,,,,,,,,,,,,
0020000308,1610612743,DEN,Denver,1505,Tariq Abdul-Wahad,Tariq,,DND - ILL -Flu,,,,,,,,,,,,,,,,,,,,
0020000304,1610612750,MIN,Minnesota,1887,Wally Szczerbiak,Wally,F,,27:01,6.0,14.0,0.429,0.0,0.0,0.0,1.0,2.0,0.5,5.0,2.0,7.0,2.0,0.0,0.0,3.0,2.0,13.0,-11.0
0020000304,1610612750,MIN,Minnesota,708,Kevin Garnett,Kevin,G,,34:13,8.0,16.0,0.5,0.0,0.0,0.0,5.0,6.0,0.833,2.0,8.0,10.0,2.0,1.0,0.0,2.0,4.0,21.0,-22.0
0020000304,1610612750,MIN,Minnesota,1051,Dean Garrett,Dean,G,,4:20,0.0,0.0,0.0,0.0,0.0,0.0,0.0,0.0,0.0,0.0,0.0,0.0,0.0,0.0,0.0,1.0,4.0,0.0,-6.0
0020000304,1610612750,MIN,Minnesota,1497,Chauncey Billups,Chauncey,G,,26:28,5.0,13.0,0.385,2.0,4.0,0.5,0.0,0.0,0.0,0.0,3.0,3.0,2.0,0.0,0.0,0.0,3.0,12.0,-16.0
0020000304,1610612750,MIN,Minnesota,210,Terrell Brandon,Terrell,G,,26:07,2.0,9.0,0.222,0.0,0.0,0.0,0.0,0.0,0.0,0.0,1.0,1.0,9.0,0.0,0.0,0.0,2.0,4.0,-28.0
0020000304,1610612750,MIN,Minnesota,111,LaPhonso Ellis,LaPhonso,,,22:20,3.0,7.0,0.429,0.0,0.0,0.0,3.0,3.0,1.0,3.0,4.0,7.0,0.0,2.0,0.0,1.0,3.0,9.0,-16.0
0020000304,1610612750,MIN,Minnesota,324,Anthony Peeler,Anthony,G,,32:01,4.0,10.0,0.4,2.0,4.0,0.5,0.0,0.0,0.0,1.0,0.0,1.0,0.0,1.0,0.0,1.0,2.0,10.0,-6.0
0020000304,1610612750,MIN,Minnesota,1895,William Avery,William,F,,18:40,1.0,7.0,0.143,0.0,3.0,0.0,1.0,2.0,0.5,1.0,1.0,2.0,5.0,1.0,0.0,3.0,0.0,3.0,7.0
0020000304,1610612750,MIN,Minnesota,1725,Rasho Nesterovic,Rasho,F,,21:40,5.0,7.0,0.714,0.0,0.0,0.0,1.0,2.0,0.5,6.0,2.0,8.0,2.0,0.0,3.0,3.0,4.0,11.0,0.0
0020000304,1610612750,MIN,Minnesota,103,Todd Day,Todd,,,8:37,2.0,4.0,0.5,2.0,3.0,0.667,0.0,0.0,0.0,0.0,1.0,1.0,0.0,1.0,0.0,0.0,2.0,6.0,-11.0
0020000304,1610612750,MIN,Minnesota,417,Sam Mitchell,Sam,G,,13:56,0.0,2.0,0.0,0.0,1.0,0.0,3.0,4.0,0.75,0.0,1.0,1.0,0.0,0.0,0.0,0.0,2.0,3.0,-2.0
0020000304,1610612750,MIN,Minnesota,67,Tom Hammonds,Tom,,,4:37,1.0,3.0,0.333,0.0,0.0,0.0,0.0,0.0,0.0,0.0,0.0,0.0,0.0,0.0,0.0,0.0,0.0,2.0,1.0
0020000304,1610612750,MIN,Minnesota,1290,,,, ,,,,,,,,,,,,,,,,,,,,
0020000304,1610612750,MIN,Minnesota,1291,,,, ,,,,,,,,,,,,,,,,,,,,
0020000304,1610612750,MIN,Minnesota,847,,,, ,,,,,,,,,,,,,,,,,,,,
0020000304,1610612750,MIN,Minnesota,2146,,,, ,,,,,,,,,,,,,,,,,,,,
0020000304,1610612750,MIN,Minnesota,2158,,,, ,,,,,,,,,,,,,,,,,,,,
0020000304,1610612750,MIN,Minnesota,2159,,,, ,,,,,,,,,,,,,,,,,,,,
0020000304,1610612751,NJN,New Jersey,1536,Stephen Jackson,Stephen,G,,38:07,4.0,13.0,0.308,2.0,3.0,0.667,4.0,4.0,1.0,1.0,3.0,4.0,5.0,4.0,0.0,2.0,6.0,14.0,19.0
0020000304,1610612751,NJN,New Jersey,2030,Kenyon Martin,Kenyon,F,,25:26,8.0,13.0,0.615,0.0,0.0,0.0,4.0,6.0,0.667,2.0,7.0,9.0,1.0,2.0,1.0,1.0,5.0,20.0,30.0
0020000304,1610612751,NJN,New Jersey,1425,Aaron Williams,Aaron,G,,25:33,4.0,6.0,0.667,0.0,0.0,0.0,5.0,8.0,0.625,4.0,9.0,13.0,1.0,0.0,0.0,0.0,4.0,13.0,34.0
0020000304,1610612751,NJN,New Jersey,446,Lucious Harris,Lucious,G,,31:16,5.0,9.0,0.556,0.0,1.0,0.0,3.0,3.0,1.0,3.0,6.0,9.0,3.0,1.0,1.0,1.0,0.0,13.0,25.0
0020000304,1610612751,NJN,New Jersey,950,Stephon Marbury,Stephon,G,,30:37,10.0,16.0,0.625,1.0,2.0,0.5,6.0,8.0,0.75,0.0,1.0,1.0,7.0,0.0,0.0,2.0,1.0,27.0,10.0
0020000304,1610612751,NJN,New Jersey,271,Johnny Newman,Johnny,F,,35:44,2.0,10.0,0.2,0.0,3.0,0.0,2.0,2.0,1.0,2.0,0.0,2.0,1.0,0.0,0.0,2.0,4.0,6.0,3.0
0020000304,1610612751,NJN,New Jersey,428,Sherman Douglas,Sherman,F,,26:14,7.0,11.0,0.636,0.0,2.0,0.0,0.0,0.0,0.0,0.0,1.0,1.0,5.0,0.0,1.0,0.0,1.0,14.0,4.0
0020000304,1610612751,NJN,New Jersey,29,Jim McIlvaine,Jim,C,,7:24,0.0,0.0,0.0,0.0,0.0,0.0,0.0,0.0,0.0,0.0,1.0,1.0,0.0,0.0,1.0,1.0,2.0,0.0,-5.0
0020000304,1610612751,NJN,New Jersey,1915,Evan Eschmeyer,Evan,,,6:38,1.0,1.0,1.0,0.0,0.0,0.0,2.0,2.0,1.0,0.0,2.0,2.0,0.0,0.0,0.0,0.0,0.0,4.0,-1.0
0020000304,1610612751,NJN,New Jersey,2066,Soumaila Samake,Soumaila,,,9:21,2.0,3.0,0.667,0.0,0.0,0.0,1.0,2.0,0.5,1.0,1.0,2.0,0.0,0.0,0.0,1.0,0.0,5.0,-8.0
0020000304,1610612751,NJN,New Jersey,1563,Kevin Ollie,Kevin,,,3:40,0.0,0.0,0.0,0.0,0.0,0.0,0.0,0.0,0.0,0.0,1.0,1.0,2.0,0.0,0.0,0.0,0.0,0.0,-1.0
0020000304,1610612751,NJN,New Jersey,1673,,,, ,,,,,,,,,,,,,,,,,,,,
0020000304,1610612751,NJN,New Jersey,1303,,,, ,,,,,,,,,,,,,,,,,,,,
0020000304,1610612751,NJN,New Jersey,1324,,,, ,,,,,,,,,,,,,,,,,,,,
0020000304,1610612751,NJN,New Jersey,1776,,,, ,,,,,,,,,,,,,,,,,,,,
0020000304,1610612751,NJN,New Jersey,1789,,,, ,,,,,,,,,,,,,,,,,,,,
0020000304,1610612751,NJN,New Jersey,1876,,,, ,,,,,,,,,,,,,,,,,,,,
0020000304,1610612751,NJN,New Jersey,2009,,,, ,,,,,,,,,,,,,,,,,,,,
0020000304,1610612751,NJN,New Jersey,383,Kendall Gill,Kendall,,DND - Tendinitis Right Knee,,,,,,,,,,,,,,,,,,,,
0020000310,1610612757,POR,Portland,739,Rasheed Wallace,Rasheed,G,,42:14,12.0,20.0,0.6,0.0,0.0,0.0,5.0,5.0,1.0,4.0,7.0,11.0,2.0,1.0,2.0,2.0,3.0,29.0,7.0
0020000310,1610612757,POR,Portland,937,Scottie Pippen,Scottie,G,,33:55,4.0,9.0,0.444,0.0,2.0,0.0,2.0,4.0,0.5,0.0,1.0,1.0,6.0,0.0,0.0,4.0,2.0,10.0,12.0
0020000310,1610612757,POR,Portland,717,Arvydas Sabonis,Arvydas,F,,26:07,5.0,9.0,0.556,0.0,1.0,0.0,5.0,6.0,0.833,1.0,3.0,4.0,1.0,0.0,0.0,1.0,4.0,15.0,4.0
0020000310,1610612757,POR,Portland,120,Steven Smith,Steven,G,,24:08,1.0,4.0,0.25,0.0,0.0,0.0,4.0,5.0,0.8,1.0,1.0,2.0,4.0,1.0,0.0,0.0,2.0,6.0,3.0
0020000310,1610612757,POR,Portland,757,Damon Stoudamire,Damon,G,,32:58,5.0,11.0,0.455,2.0,2.0,1.0,1.0,2.0,0.5,0.0,6.0,6.0,9.0,2.0,0.0,1.0,0.0,13.0,6.0
0020000310,1610612757,POR,Portland,431,Shawn Kemp,Shawn,G,,10:57,1.0,6.0,0.167,0.0,0.0,0.0,2.0,2.0,1.0,0.0,3.0,3.0,0.0,0.0,0.0,0.0,3.0,4.0,-5.0
0020000310,1610612757,POR,Portland,278,Stacey Augmon,Stacey,F,,17:60,3.0,5.0,0.6,0.0,0.0,0.0,1.0,1.0,1.0,1.0,2.0,3.0,2.0,3.0,1.0,1.0,1.0,7.0,-2.0
0020000310,1610612757,POR,Portland,1719,Bonzi Wells,Bonzi,F,,16:59,5.0,6.0,0.833,0.0,0.0,0.0,0.0,0.0,0.0,0.0,2.0,2.0,4.0,1.0,0.0,2.0,0.0,10.0,1.0
0020000310,1610612757,POR,Portland,905,Dale Davis,Dale,G,,18:56,2.0,4.0,0.5,0.0,0.0,0.0,0.0,0.0,0.0,5.0,5.0,10.0,0.0,1.0,1.0,3.0,1.0,4.0,10.0
0020000310,1610612757,POR,Portland,21,Greg Anthony,Greg,,,15:46,1.0,5.0,0.2,1.0,5.0,0.2,0.0,0.0,0.0,0.0,0.0,0.0,3.0,0.0,1.0,0.0,1.0,3.0,4.0
0020000310,1610612757,POR,Portland,1473,,,, ,,,,,,,,,,,,,,,,,,,,
0020000310,1610612757,POR,Portland,1783,,,, ,,,,,,,,,,,,,,,,,,,,
0020000310,1610612757,POR,Portland,1655,,,, ,,,,,,,,,,,,,,,,,,,,
0020000310,1610612757,POR,Portland,1656,,,, ,,,,,,,,,,,,,,,,,,,,
0020000310,1610612757,POR,Portland,1329,,,, ,,,,,,,,,,,,,,,,,,,,
0020000310,1610612757,POR,Portland,1336,,,, ,,,,,,,,,,,,,,,,,,,,
0020000310,1610612757,POR,Portland,2149,,,, ,,,,,,,,,,,,,,,,,,,,
0020000310,1610612757,POR,Portland,2057,Erick Barkley,Erick,,DNP - Coach's Decision,,,,,,,,,,,,,,,,,,,,
0020000310,1610612757,POR,Portland,781,Will Perdue,Will,,DNP - Coach's Decision,,,,,,,,,,,,,,,,,,,,
0020000310,1610612744,GSW,Golden State,2084,Chris Porter,Chris,G,,20:52,2.0,8.0,0.25,0.0,0.0,0.0,0.0,0.0,0.0,2.0,7.0,9.0,1.0,2.0,0.0,2.0,4.0,4.0,3.0
0020000310,1610612744,GSW,Golden State,1712,Antawn Jamison,Antawn,G,,44:37,12.0,25.0,0.48,3.0,7.0,0.429,3.0,8.0,0.375,8.0,7.0,15.0,4.0,1.0,0.0,6.0,2.0,30.0,-5.0
0020000310,1610612744,GSW,Golden State,1531,Marc Jackson,Marc,C,,39:29,11.0,15.0,0.733,1.0,2.0,0.5,4.0,5.0,0.8,4.0,3.0,7.0,1.0,0.0,0.0,3.0,5.0,27.0,-6.0
0020000310,1610612744,GSW,Golden State,1716,Larry Hughes,Larry,G,,43:44,4.0,24.0,0.167,0.0,0.0,0.0,5.0,6.0,0.833,4.0,4.0,8.0,6.0,3.0,1.0,4.0,2.0,13.0,-11.0
0020000310,1610612744,GSW,Golden State,302,Mookie Blaylock,Mookie,G,,40:45,7.0,11.0,0.636,2.0,4.0,0.5,0.0,0.0,0.0,1.0,2.0,3.0,7.0,0.0,1.0,1.0,5.0,16.0,-3.0
0020000310,1610612744,GSW,Golden State,1502,Adonal Foyle,Adonal,F,,17:10,0.0,0.0,0.0,0.0,0.0,0.0,0.0,0.0,0.0,0.0,2.0,2.0,0.0,0.0,1.0,1.0,2.0,0.0,-2.0
0020000310,1610612744,GSW,Golden State,1907,Vonteego Cummings,Vonteego,C,,7:15,0.0,3.0,0.0,0.0,1.0,0.0,0.0,0.0,0.0,2.0,0.0,2.0,1.0,0.0,0.0,0.0,1.0,0.0,-5.0
0020000310,1610612744,GSW,Golden State,228,Adam Keefe,Adam,G,,10:08,0.0,2.0,0.0,0.0,0.0,0.0,0.0,0.0,0.0,1.0,2.0,3.0,0.0,0.0,1.0,1.0,1.0,0.0,-6.0
0020000310,1610612744,GSW,Golden State,219,Vinny Del Negro,Vinny,F,,16:01,0.0,1.0,0.0,0.0,1.0,0.0,3.0,3.0,1.0,0.0,0.0,0.0,3.0,0.0,0.0,0.0,3.0,3.0,-5.0
0020000310,1610612744,GSW,Golden State,1217,,,, ,,,,,,,,,,,,,,,,,,,,
0020000310,1610612744,GSW,Golden State,1252,,,, ,,,,,,,,,,,,,,,,,,,,
0020000310,1610612744,GSW,Golden State,1323,,,, ,,,,,,,,,,,,,,,,,,,,
0020000310,1610612744,GSW,Golden State,1637,,,, ,,,,,,,,,,,,,,,,,,,,
0020000310,1610612744,GSW,Golden State,1350,,,, ,,,,,,,,,,,,,,,,,,,,
0020000310,1610612744,GSW,Golden State,1373,,,, ,,,,,,,,,,,,,,,,,,,,
0020000310,1610612744,GSW,Golden State,500093,,,, ,,,,,,,,,,,,,,,,,,,,
0020000310,1610612744,GSW,Golden State,223,Bill Curley,Bill,,DNP - Coach's Decision,,,,,,,,,,,,,,,,,,,,
0020000310,1610612744,GSW,Golden State,956,Erick Dampier,Erick,,DND - Inflamed left knee,,,,,,,,,,,,,,,,,,,,
0020000310,1610612744,GSW,Golden State,682,Bob Sura,Bob,,DND - Strained left hamstring,,,,,,,,,,,,,,,,,,,,
0020000311,1610612753,ORL,Orlando,255,Grant Hill,Grant,G,,38:39,2.0,8.0,0.25,0.0,0.0,0.0,5.0,6.0,0.833,2.0,2.0,4.0,8.0,2.0,0.0,3.0,0.0,9.0,-5.0
0020000311,1610612753,ORL,Orlando,448,Bo Outlaw,Bo,G,,42:48,4.0,5.0,0.8,0.0,0.0,0.0,1.0,1.0,1.0,6.0,8.0,14.0,2.0,0.0,3.0,2.0,5.0,9.0,2.0
0020000311,1610612753,ORL,Orlando,1720,Michael Doleac,Michael,C,,24:47,6.0,11.0,0.545,0.0,0.0,0.0,0.0,0.0,0.0,0.0,5.0,5.0,2.0,0.0,3.0,1.0,6.0,12.0,-3.0
0020000311,1610612753,ORL,Orlando,353,Darrell Armstrong,Darrell,G,,35:36,9.0,20.0,0.45,4.0,11.0,0.364,3.0,3.0,1.0,1.0,5.0,6.0,3.0,2.0,0.0,1.0,5.0,25.0,-1.0
0020000311,1610612753,ORL,Orlando,1503,Tracy McGrady,Tracy,G,,43:37,8.0,22.0,0.364,0.0,1.0,0.0,4.0,6.0,0.667,2.0,2.0,4.0,4.0,1.0,2.0,4.0,3.0,20.0,-6.0
0020000311,1610612753,ORL,Orlando,2034,Mike Miller,Mike,G,,14:04,1.0,4.0,0.25,1.0,2.0,0.5,0.0,0.0,0.0,0.0,1.0,1.0,0.0,0.0,0.0,1.0,2.0,3.0,8.0
0020000311,1610612753,ORL,Orlando,680,John Amaechi,John,G,,23:05,4.0,6.0,0.667,0.0,0.0,0.0,1.0,2.0,0.5,0.0,2.0,2.0,3.0,1.0,1.0,1.0,1.0,9.0,-2.0
0020000311,1610612753,ORL,Orlando,1727,Pat Garrity,Pat,F,,12:20,2.0,7.0,0.286,1.0,4.0,0.25,0.0,0.0,0.0,1.0,0.0,1.0,2.0,0.0,0.0,1.0,3.0,5.0,-9.0
0020000311,1610612753,ORL,Orlando,1607,Troy Hudson,Troy,,,0:55,0.0,0.0,0.0,0.0,0.0,0.0,0.0,0.0,0.0,0.0,0.0,0.0,0.0,0.0,0.0,0.0,0.0,0.0,0.0
0020000311,1610612753,ORL,Orlando,42,Monty Williams,Monty,F,,4:10,0.0,1.0,0.0,0.0,0.0,0.0,0.0,0.0,0.0,0.0,0.0,0.0,0.0,0.0,0.0,0.0,0.0,0.0,-9.0
0020000311,1610612753,ORL,Orlando,1650,,,, ,,,,,,,,,,,,,,,,,,,,
0020000311,1610612753,ORL,Orlando,1941,,,, ,,,,,,,,,,,,,,,,,,,,
0020000311,1610612753,ORL,Orlando,837,,,, ,,,,,,,,,,,,,,,,,,,,
0020000311,1610612753,ORL,Orlando,1296,,,, ,,,,,,,,,,,,,,,,,,,,
0020000311,1610612753,ORL,Orlando,1307,,,, ,,,,,,,,,,,,,,,,,,,,
0020000311,1610612753,ORL,Orlando,1309,,,, ,,,,,,,,,,,,,,,,,,,,
0020000311,1610612753,ORL,Orlando,1332,,,, ,,,,,,,,,,,,,,,,,,,,
0020000311,1610612753,ORL,Orlando,692,Andrew DeClercq,Andrew,,DNP - Coach's Decision,,,,,,,,,,,,,,,,,,,,
0020000311,1610612753,ORL,Orlando,690,Don Reid,Don,,DNP - Coach's Decision,,,,,,,,,,,,,,,,,,,,
0020000311,1610612760,SEA,Seattle,1740,Rashard Lewis,Rashard,F,,36:01,4.0,10.0,0.4,1.0,2.0,0.5,6.0,7.0,0.857,2.0,8.0,10.0,2.0,3.0,0.0,1.0,2.0,15.0,0.0
0020000311,1610612760,SEA,Seattle,1741,Jelani McCoy,Jelani,F,,21:54,3.0,10.0,0.3,0.0,0.0,0.0,1.0,2.0,0.5,9.0,4.0,13.0,2.0,0.0,0.0,2.0,3.0,7.0,6.0
0020000311,1610612760,SEA,Seattle,121,Patrick Ewing,Patrick,C,,20:52,7.0,13.0,0.538,0.0,0.0,0.0,0.0,1.0,0.0,1.0,3.0,4.0,0.0,1.0,1.0,1.0,2.0,14.0,5.0
0020000311,1610612760,SEA,Seattle,1023,Emanual Davis,Emanual,G,,31:11,2.0,5.0,0.4,1.0,2.0,0.5,0.0,2.0,0.0,0.0,3.0,3.0,5.0,2.0,0.0,2.0,1.0,5.0,8.0
0020000311,1610612760,SEA,Seattle,56,Gary Payton,Gary,G,,40:58,9.0,18.0,0.5,1.0,1.0,1.0,2.0,5.0,0.4,0.0,4.0,4.0,7.0,1.0,1.0,3.0,5.0,21.0,9.0
0020000311,1610612760,SEA,Seattle,452,Vin Baker,Vin,F,,28:42,2.0,7.0,0.286,0.0,0.0,0.0,4.0,4.0,1.0,2.0,8.0,10.0,0.0,0.0,2.0,1.0,4.0,8.0,-1.0
0020000311,1610612760,SEA,Seattle,699,Brent Barry,Brent,F,,18:48,2.0,3.0,0.667,1.0,2.0,0.5,0.0,0.0,0.0,0.0,1.0,1.0,4.0,1.0,0.0,1.0,1.0,5.0,-4.0
0020000311,1610612760,SEA,Seattle,1739,Ruben Patterson,Ruben,G,,23:14,5.0,9.0,0.556,0.0,0.0,0.0,8.0,9.0,0.889,1.0,3.0,4.0,2.0,3.0,0.0,4.0,1.0,18.0,5.0
0020000311,1610612760,SEA,Seattle,2046,Desmond Mason,Desmond,C,,12:26,2.0,7.0,0.286,0.0,0.0,0.0,0.0,0.0,0.0,2.0,1.0,3.0,1.0,0.0,0.0,1.0,1.0,4.0,0.0
0020000311,1610612760,SEA,Seattle,1742,Shammond Williams,Shammond,,,5:54,0.0,1.0,0.0,0.0,0.0,0.0,0.0,0.0,0.0,0.0,0.0,0.0,0.0,0.0,0.0,0.0,0.0,0.0,-3.0
0020000311,1610612760,SEA,Seattle,1778,,,, ,,,,,,,,,,,,,,,,,,,,
0020000311,1610612760,SEA,Seattle,1335,,,, ,,,,,,,,,,,,,,,,,,,,
0020000311,1610612760,SEA,Seattle,1338,,,, ,,,,,,,,,,,,,,,,,,,,
0020000311,1610612760,SEA,Seattle,1349,,,, ,,,,,,,,,,,,,,,,,,,,
0020000311,1610612760,SEA,Seattle,442,Pervis Ellison,Pervis,,DNP - Coach's Decision,,,,,,,,,,,,,,,,,,,,
0020000311,1610612760,SEA,Seattle,2106,Ruben Wolkowyski,Ruben,,DNP - Coach's Decision,,,,,,,,,,,,,,,,,,,,
0020000307,1610612742,DAL,Dallas,714,Michael Finley,Michael,F,,43:06,7.0,21.0,0.333,0.0,4.0,0.0,1.0,2.0,0.5,2.0,5.0,7.0,5.0,1.0,0.0,3.0,2.0,15.0,-2.0
0020000307,1610612742,DAL,Dallas,1717,Dirk Nowitzki,Dirk,F,,38:36,5.0,16.0,0.313,2.0,8.0,0.25,0.0,0.0,0.0,0.0,4.0,4.0,1.0,0.0,3.0,0.0,4.0,12.0,-8.0
0020000307,1610612742,DAL,Dallas,363,Christian Laettner,Christian,C,,12:02,1.0,5.0,0.2,0.0,0.0,0.0,0.0,0.0,0.0,2.0,2.0,4.0,0.0,1.0,0.0,1.0,1.0,2.0,1.0
0020000307,1610612742,DAL,Dallas,458,Howard Eisley,Howard,G,,33:22,5.0,9.0,0.556,3.0,6.0,0.5,1.0,2.0,0.5,1.0,2.0,3.0,4.0,2.0,0.0,0.0,5.0,14.0,1.0
0020000307,1610612742,DAL,Dallas,959,Steve Nash,Steve,G,,36:31,8.0,17.0,0.471,3.0,6.0,0.5,2.0,2.0,1.0,0.0,0.0,0.0,8.0,1.0,0.0,2.0,2.0,21.0,-20.0
0020000307,1610612742,DAL,Dallas,762,Shawn Bradley,Shawn,G,,33:26,3.0,7.0,0.429,0.0,0.0,0.0,0.0,0.0,0.0,1.0,1.0,2.0,0.0,0.0,5.0,0.0,6.0,6.0,-2.0
0020000307,1610612742,DAL,Dallas,93,Hubert Davis,Hubert,C,,28:39,3.0,7.0,0.429,2.0,3.0,0.667,4.0,4.0,1.0,1.0,3.0,4.0,3.0,1.0,0.0,0.0,2.0,12.0,5.0
0020000307,1610612742,DAL,Dallas,919,Loy Vaught,Loy,G,,8:48,2.0,3.0,0.667,0.0,0.0,0.0,1.0,2.0,0.5,1.0,3.0,4.0,1.0,0.0,0.0,0.0,2.0,5.0,5.0
0020000307,1610612742,DAL,Dallas,95,Mark Bryant,Mark,,,5:31,0.0,0.0,0.0,0.0,0.0,0.0,0.0,0.0,0.0,0.0,1.0,1.0,1.0,0.0,0.0,1.0,1.0,0.0,-5.0
0020000307,1610612742,DAL,Dallas,1317,,,, ,,,,,,,,,,,,,,,,,,,,
0020000307,1610612742,DAL,Dallas,1370,,,, ,,,,,,,,,,,,,,,,,,,,
0020000307,1610612742,DAL,Dallas,1483,,,, ,,,,,,,,,,,,,,,,,,,,
0020000307,1610612742,DAL,Dallas,1233,,,, ,,,,,,,,,,,,,,,,,,,,
0020000307,1610612742,DAL,Dallas,1269,,,, ,,,,,,,,,,,,,,,,,,,,
0020000307,1610612742,DAL,Dallas,2154,,,, ,,,,,,,,,,,,,,,,,,,,
0020000307,1610612742,DAL,Dallas,2042,Courtney Alexander,Courtney,,DNP - Coach's Decision,,,,,,,,,,,,,,,,,,,,
0020000307,1610612742,DAL,Dallas,2051,Donnell Harvey,Donnell,,DNP - Coach's Decision,,,,,,,,,,,,,,,,,,,,
0020000307,1610612742,DAL,Dallas,2059,Eduardo Najera,Eduardo,,DNP - Coach's Decision,,,,,,,,,,,,,,,,,,,,
0020000307,1610612739,CLE,Cleveland,441,Lamond Murray,Lamond,F,,30:50,5.0,12.0,0.417,1.0,2.0,0.5,1.0,1.0,1.0,0.0,2.0,2.0,2.0,1.0,1.0,1.0,4.0,12.0,15.0
0020000307,1610612739,CLE,Cleveland,221,Clar. Weatherspoon,Clar.,F,,34:07,2.0,5.0,0.4,0.0,0.0,0.0,2.0,4.0,0.5,7.0,9.0,16.0,1.0,0.0,1.0,1.0,1.0,6.0,16.0
0020000307,1610612739,CLE,Cleveland,980,Zydrunas Ilgauskas,Zydrunas,C,,34:44,10.0,17.0,0.588,0.0,0.0,0.0,4.0,7.0,0.571,7.0,5.0,12.0,0.0,0.0,3.0,3.0,3.0,24.0,15.0
0020000307,1610612739,CLE,Cleveland,1723,Matt Harpring,Matt,G,,32:27,4.0,12.0,0.333,0.0,1.0,0.0,5.0,6.0,0.833,3.0,7.0,10.0,3.0,0.0,3.0,3.0,2.0,13.0,12.0
0020000307,1610612739,CLE,Cleveland,1889,Andre Miller,Andre,G,,39:04,7.0,15.0,0.467,0.0,0.0,0.0,8.0,8.0,1.0,2.0,4.0,6.0,6.0,0.0,1.0,2.0,2.0,22.0,8.0
0020000307,1610612739,CLE,Cleveland,1538,Cedric Henderson,Cedric,G,,17:02,1.0,5.0,0.2,0.0,0.0,0.0,1.0,2.0,0.5,1.0,3.0,4.0,1.0,2.0,0.0,0.0,0.0,3.0,-10.0
0020000307,1610612739,CLE,Cleveland,1714,Robert Traylor,Robert,G,,12:23,2.0,4.0,0.5,0.0,0.0,0.0,0.0,0.0,0.0,3.0,1.0,4.0,1.0,1.0,0.0,4.0,3.0,4.0,-11.0
0020000307,1610612739,CLE,Cleveland,423,Chris Gatling,Chris,C,,14:17,3.0,8.0,0.375,0.0,1.0,0.0,0.0,0.0,0.0,0.0,5.0,5.0,0.0,0.0,0.0,1.0,4.0,6.0,-12.0
0020000307,1610612739,CLE,Cleveland,1892,Trajan Langdon,Trajan,F,,16:11,1.0,2.0,0.5,0.0,1.0,0.0,0.0,0.0,0.0,0.0,0.0,0.0,0.0,0.0,0.0,1.0,2.0,2.0,-5.0
0020000307,1610612739,CLE,Cleveland,1138,Michael Hawkins,Michael,F,,8:56,0.0,1.0,0.0,0.0,1.0,0.0,0.0,0.0,0.0,0.0,0.0,0.0,3.0,0.0,0.0,1.0,1.0,0.0,-3.0
0020000307,1610612739,CLE,Cleveland,1285,,,, ,,,,,,,,,,,,,,,,,,,,
0020000307,1610612739,CLE,Cleveland,1289,,,, ,,,,,,,,,,,,,,,,,,,,
0020000307,1610612739,CLE,Cleveland,1311,,,, ,,,,,,,,,,,,,,,,,,,,
0020000307,1610612739,CLE,Cleveland,1638,,,, ,,,,,,,,,,,,,,,,,,,,
0020000307,1610612739,CLE,Cleveland,2006,,,, ,,,,,,,,,,,,,,,,,,,,
0020000307,1610612739,CLE,Cleveland,2096,,,, ,,,,,,,,,,,,,,,,,,,,
0020000307,1610612739,CLE,Cleveland,2036,Chris Mihm,Chris,,DNP - Coach's Decision,,,,,,,,,,,,,,,,,,,,
0020000307,1610612739,CLE,Cleveland,445,Wesley Person,Wesley,,DNP - Coach's Decision,,,,,,,,,,,,,,,,,,,,
0020000309,1610612749,MIL,Milwaukee,299,Glenn Robinson,Glenn,F,,38:33,10.0,23.0,0.435,1.0,2.0,0.5,5.0,7.0,0.714,2.0,11.0,13.0,4.0,3.0,1.0,1.0,2.0,26.0,1.0
0020000309,1610612749,MIL,Milwaukee,679,Jason Caffey,Jason,F,,29:06,2.0,4.0,0.5,0.0,0.0,0.0,2.0,2.0,1.0,1.0,6.0,7.0,3.0,0.0,0.0,2.0,4.0,6.0,7.0
0020000309,1610612749,MIL,Milwaukee,2038,Joel Przybilla,Joel,F,,16:04,0.0,3.0,0.0,0.0,0.0,0.0,0.0,0.0,0.0,2.0,2.0,4.0,0.0,0.0,2.0,0.0,5.0,0.0,6.0
0020000309,1610612749,MIL,Milwaukee,951,Ray Allen,Ray,G,,39:00,13.0,19.0,0.684,4.0,6.0,0.667,5.0,6.0,0.833,0.0,3.0,3.0,4.0,3.0,0.0,1.0,3.0,35.0,4.0
0020000309,1610612749,MIL,Milwaukee,208,Sam Cassell,Sam,G,,38:08,9.0,15.0,0.6,2.0,4.0,0.5,5.0,5.0,1.0,0.0,3.0,3.0,7.0,1.0,0.0,4.0,2.0,25.0,1.0
0020000309,1610612749,MIL,Milwaukee,911,Ervin Johnson,Ervin,C,,21:13,0.0,1.0,0.0,0.0,0.0,0.0,0.0,0.0,0.0,0.0,7.0,7.0,0.0,1.0,0.0,1.0,3.0,0.0,6.0
0020000309,1610612749,MIL,Milwaukee,1501,Tim Thomas,Tim,F,,20:25,1.0,7.0,0.143,0.0,1.0,0.0,2.0,2.0,1.0,1.0,0.0,1.0,2.0,0.0,0.0,2.0,1.0,4.0,-1.0
0020000309,1610612749,MIL,Milwaukee,283,Lindsey Hunter,Lindsey,G,,18:52,4.0,7.0,0.571,3.0,4.0,0.75,2.0,2.0,1.0,1.0,0.0,1.0,0.0,0.0,0.0,0.0,0.0,13.0,4.0
0020000309,1610612749,MIL,Milwaukee,760,Jerome Kersey,Jerome,G,,12:53,0.0,1.0,0.0,0.0,0.0,0.0,0.0,0.0,0.0,1.0,3.0,4.0,2.0,0.0,0.0,0.0,2.0,0.0,-5.0
0020000309,1610612749,MIL,Milwaukee,281,Scott Williams,Scott,F,,5:47,0.0,2.0,0.0,0.0,0.0,0.0,0.0,0.0,0.0,1.0,0.0,1.0,1.0,1.0,0.0,0.0,0.0,0.0,-3.0
0020000309,1610612749,MIL,Milwaukee,1796,,,, ,,,,,,,,,,,,,,,,,,,,
0020000309,1610612749,MIL,Milwaukee,1797,,,, ,,,,,,,,,,,,,,,,,,,,
0020000309,1610612749,MIL,Milwaukee,2157,,,, ,,,,,,,,,,,,,,,,,,,,
0020000309,1610612749,MIL,Milwaukee,1334,,,, ,,,,,,,,,,,,,,,,,,,,
0020000309,1610612749,MIL,Milwaukee,1337,,,, ,,,,,,,,,,,,,,,,,,,,
0020000309,1610612749,MIL,Milwaukee,1355,,,, ,,,,,,,,,,,,,,,,,,,,
0020000309,1610612749,MIL,Milwaukee,1747,Rafer Alston,Rafer,,DNP - Coach's Decision,,,,,,,,,,,,,,,,,,,,
0020000309,1610612749,MIL,Milwaukee,998,Mark Pope,Mark,,DNP - Coach's Decision,,,,,,,,,,,,,,,,,,,,
0020000309,1610612747,LAL,Los Angeles,296,Rick Fox,Rick,F,,31:42,4.0,10.0,0.4,1.0,4.0,0.25,2.0,2.0,1.0,1.0,3.0,4.0,7.0,1.0,0.0,1.0,3.0,11.0,-8.0
0020000309,1610612747,LAL,Los Angeles,270,Horace Grant,Horace,G,,39:16,2.0,7.0,0.286,0.0,0.0,0.0,0.0,0.0,0.0,4.0,3.0,7.0,2.0,0.0,0.0,0.0,3.0,4.0,-8.0
0020000309,1610612747,LAL,Los Angeles,406,Shaquille O'Neal,Shaquille,G,,40:07,11.0,21.0,0.524,0.0,0.0,0.0,4.0,10.0,0.4,6.0,11.0,17.0,6.0,0.0,2.0,4.0,4.0,26.0,0.0
0020000309,1610612747,LAL,Los Angeles,977,Kobe Bryant,Kobe,G,,41:26,8.0,31.0,0.258,3.0,10.0,0.3,6.0,7.0,0.857,2.0,4.0,6.0,6.0,2.0,0.0,3.0,3.0,25.0,5.0
0020000309,1610612747,LAL,Los Angeles,166,Ron Harper,Ron,G,,19:47,4.0,5.0,0.8,2.0,3.0,0.667,0.0,0.0,0.0,0.0,3.0,3.0,1.0,0.0,0.0,1.0,2.0,10.0,-10.0
0020000309,1610612747,LAL,Los Angeles,2130,Mike Penberthy,Mike,G,,23:39,7.0,7.0,1.0,2.0,2.0,1.0,0.0,0.0,0.0,0.0,2.0,2.0,2.0,1.0,0.0,0.0,3.0,16.0,0.0
0020000309,1610612747,LAL,Los Angeles,323,Greg Foster,Greg,,,0:45,0.0,0.0,0.0,0.0,0.0,0.0,0.0,0.0,0.0,0.0,0.0,0.0,0.0,0.0,0.0,0.0,1.0,0.0,-3.0
0020000309,1610612747,LAL,Los Angeles,109,Robert Horry,Robert,G,,25:14,3.0,7.0,0.429,2.0,3.0,0.667,0.0,2.0,0.0,2.0,3.0,5.0,4.0,1.0,0.0,3.0,2.0,8.0,7.0
0020000309,1610612747,LAL,Los Angeles,216,Brian Shaw,Brian,,,4:55,0.0,0.0,0.0,0.0,0.0,0.0,0.0,0.0,0.0,0.0,0.0,0.0,3.0,0.0,0.0,1.0,1.0,0.0,1.0
0020000309,1610612747,LAL,Los Angeles,2058,Mark Madsen,Mark,,,6:13,1.0,1.0,1.0,0.0,0.0,0.0,1.0,2.0,0.5,2.0,1.0,3.0,1.0,0.0,0.0,1.0,1.0,3.0,1.0
0020000309,1610612747,LAL,Los Angeles,375,Isaiah Rider,Isaiah,G,,6:57,1.0,2.0,0.5,0.0,0.0,0.0,0.0,0.0,0.0,1.0,2.0,3.0,0.0,0.0,0.0,0.0,0.0,2.0,-5.0
0020000309,1610612747,LAL,Los Angeles,1219,,,, ,,,,,,,,,,,,,,,,,,,,
0020000309,1610612747,LAL,Los Angeles,1221,,,, ,,,,,,,,,,,,,,,,,,,,
0020000309,1610612747,LAL,Los Angeles,1223,,,, ,,,,,,,,,,,,,,,,,,,,
0020000309,1610612747,LAL,Los Angeles,1230,,,, ,,,,,,,,,,,,,,,,,,,,
0020000309,1610612747,LAL,Los Angeles,1270,,,, ,,,,,,,,,,,,,,,,,,,,
0020000309,1610612747,LAL,Los Angeles,1273,,,, ,,,,,,,,,,,,,,,,,,,,
0020000309,1610612747,LAL,Los Angeles,1904,Devean George,Devean,,DNP - Coach's Decision,,,,,,,,,,,,,,,,,,,,
0020000312,1610612741,CHI,Chicago,1897,Metta World Peace,Metta,F,,31:58,7.0,14.0,0.5,1.0,1.0,1.0,4.0,9.0,0.444,5.0,5.0,10.0,5.0,3.0,0.0,1.0,3.0,19.0,7.0
0020000312,1610612741,CHI,Chicago,1736,Corey Benjamin,Corey,F,,23:31,3.0,6.0,0.5,2.0,3.0,0.667,0.0,0.0,0.0,0.0,2.0,2.0,3.0,0.0,1.0,1.0,4.0,8.0,8.0
0020000312,1610612741,CHI,Chicago,1882,Elton Brand,Elton,C,,37:22,5.0,8.0,0.625,0.0,0.0,0.0,8.0,9.0,0.889,3.0,2.0,5.0,2.0,1.0,0.0,3.0,1.0,18.0,14.0
0020000312,1610612741,CHI,Chicago,2064,Khalid El-Amin,Khalid,G,,27:00,2.0,5.0,0.4,0.0,1.0,0.0,6.0,6.0,1.0,0.0,2.0,2.0,4.0,1.0,0.0,2.0,2.0,10.0,12.0
0020000312,1610612741,CHI,Chicago,1500,Ron Mercer,Ron,G,,42:56,12.0,23.0,0.522,0.0,1.0,0.0,3.0,3.0,1.0,2.0,1.0,3.0,6.0,7.0,1.0,2.0,3.0,27.0,20.0
0020000312,1610612741,CHI,Chicago,2037,Jamal Crawford,Jamal,G,,21:00,1.0,2.0,0.5,1.0,1.0,1.0,0.0,0.0,0.0,0.0,1.0,1.0,0.0,2.0,1.0,4.0,2.0,3.0,6.0
0020000312,1610612741,CHI,Chicago,2033,Marcus Fizer,Marcus,F,,20:31,3.0,9.0,0.333,0.0,0.0,0.0,3.0,3.0,1.0,0.0,4.0,4.0,1.0,0.0,0.0,1.0,2.0,9.0,8.0
0020000312,1610612741,CHI,Chicago,697,Fred Hoiberg,Fred,F,,22:20,3.0,5.0,0.6,2.0,4.0,0.5,2.0,3.0,0.667,0.0,4.0,4.0,1.0,2.0,0.0,4.0,4.0,10.0,11.0
0020000312,1610612741,CHI,Chicago,1434,Dragan Tarlac,Dragan,C,,4:45,0.0,1.0,0.0,0.0,0.0,0.0,0.0,0.0,0.0,0.0,1.0,1.0,0.0,0.0,0.0,0.0,1.0,0.0,-1.0
0020000312,1610612741,CHI,Chicago,1913,Michael Ruffin,Michael,C,,6:51,0.0,1.0,0.0,0.0,0.0,0.0,0.0,2.0,0.0,2.0,0.0,2.0,0.0,0.0,0.0,0.0,1.0,0.0,5.0
0020000312,1610612741,CHI,Chicago,2053,Dalibor Bagaric,Dalibor,,,1:46,0.0,0.0,0.0,0.0,0.0,0.0,0.0,0.0,0.0,0.0,1.0,1.0,0.0,0.0,0.0,0.0,0.0,0.0,0.0
0020000312,1610612741,CHI,Chicago,2153,,,, ,,,,,,,,,,,,,,,,,,,,
0020000312,1610612741,CHI,Chicago,1779,,,, ,,,,,,,,,,,,,,,,,,,,
0020000312,1610612741,CHI,Chicago,1780,,,, ,,,,,,,,,,,,,,,,,,,,
0020000312,1610612741,CHI,Chicago,1220,,,, ,,,,,,,,,,,,,,,,,,,,
0020000312,1610612741,CHI,Chicago,1254,,,, ,,,,,,,,,,,,,,,,,,,,
0020000312,1610612741,CHI,Chicago,1346,,,, ,,,,,,,,,,,,,,,,,,,,
0020000312,1610612741,CHI,Chicago,2063,Jake Voskuhl,Jake,,NWT - Left Foot Tendinitis,,,,,,,,,,,,,,,,,,,,
0020000312,1610612738,BOS,Boston,952,Antoine Walker,Antoine,F,,27:35,5.0,11.0,0.455,1.0,4.0,0.25,4.0,4.0,1.0,0.0,2.0,2.0,3.0,0.0,0.0,6.0,4.0,15.0,-23.0
0020000312,1610612738,BOS,Boston,1718,Paul Pierce,Paul,F,,30:48,0.0,7.0,0.0,0.0,2.0,0.0,9.0,10.0,0.9,0.0,4.0,4.0,3.0,2.0,0.0,4.0,3.0,9.0,-22.0
0020000312,1610612738,BOS,Boston,1499,Tony Battie,Tony,C,,30:11,5.0,7.0,0.714,0.0,0.0,0.0,2.0,2.0,1.0,2.0,5.0,7.0,0.0,1.0,3.0,1.0,5.0,12.0,-22.0
0020000312,1610612738,BOS,Boston,72,Kenny Anderson,Kenny,G,,23:12,2.0,5.0,0.4,0.0,0.0,0.0,0.0,0.0,0.0,0.0,3.0,3.0,1.0,2.0,0.0,1.0,1.0,4.0,-18.0
0020000312,1610612738,BOS,Boston,179,Bryant Stith,Bryant,G,,40:28,6.0,13.0,0.462,1.0,5.0,0.2,0.0,0.0,0.0,2.0,3.0,5.0,1.0,3.0,0.0,4.0,2.0,13.0,-10.0
0020000312,1610612738,BOS,Boston,753,Randy Brown,Randy,G,,13:47,1.0,2.0,0.5,0.0,0.0,0.0,0.0,0.0,0.0,0.0,1.0,1.0,3.0,0.0,0.0,3.0,3.0,2.0,-7.0
0020000312,1610612738,BOS,Boston,2040,Jerome Moiso,Jerome,F,,12:08,1.0,2.0,0.5,0.0,0.0,0.0,1.0,4.0,0.25,0.0,1.0,1.0,0.0,0.0,0.0,1.0,1.0,3.0,6.0
0020000312,1610612738,BOS,Boston,958,Vitaly Potapenko,Vitaly,C,,11:19,2.0,5.0,0.4,0.0,0.0,0.0,0.0,0.0,0.0,2.0,2.0,4.0,1.0,0.0,0.0,0.0,3.0,4.0,-2.0
0020000312,1610612738,BOS,Boston,677,Eric Williams,Eric,F,,18:33,2.0,8.0,0.25,0.0,1.0,0.0,6.0,6.0,1.0,1.0,4.0,5.0,3.0,1.0,0.0,2.0,2.0,10.0,6.0
0020000312,1610612738,BOS,Boston,962,Walter McCarty,Walter,,,13:45,2.0,3.0,0.667,1.0,2.0,0.5,2.0,2.0,1.0,1.0,1.0,2.0,2.0,0.0,0.0,1.0,4.0,7.0,5.0
0020000312,1610612738,BOS,Boston,1960,Milt Palacio,Milt,,,11:01,2.0,2.0,1.0,0.0,0.0,0.0,1.0,1.0,1.0,0.0,0.0,0.0,0.0,0.0,0.0,2.0,1.0,5.0,7.0
0020000312,1610612738,BOS,Boston,1559,Adrian Griffin,Adrian,G,,7:13,1.0,1.0,1.0,0.0,0.0,0.0,0.0,0.0,0.0,1.0,1.0,2.0,0.0,1.0,0.0,1.0,1.0,2.0,-10.0
0020000312,1610612738,BOS,Boston,1639,,,, ,,,,,,,,,,,,,,,,,,,,
0020000312,1610612738,BOS,Boston,1641,,,, ,,,,,,,,,,,,,,,,,,,,
0020000312,1610612738,BOS,Boston,1213,,,, ,,,,,,,,,,,,,,,,,,,,
0020000312,1610612738,BOS,Boston,1875,,,, ,,,,,,,,,,,,,,,,,,,,
0020000312,1610612738,BOS,Boston,1486,,,, ,,,,,,,,,,,,,,,,,,,,
0020000318,1610612759,SAS,San Antonio,251,Sean Elliott,Sean,F,,30:10,3.0,8.0,0.375,1.0,4.0,0.25,2.0,2.0,1.0,1.0,5.0,6.0,2.0,1.0,0.0,1.0,1.0,9.0,-18.0
0020000318,1610612759,SAS,San Antonio,1495,Tim Duncan,Tim,F,,34:14,4.0,12.0,0.333,0.0,0.0,0.0,7.0,9.0,0.778,2.0,9.0,11.0,3.0,1.0,2.0,4.0,4.0,15.0,-12.0
0020000318,1610612759,SAS,San Antonio,764,David Robinson,David,G,,38:56,6.0,10.0,0.6,0.0,0.0,0.0,6.0,9.0,0.667,2.0,4.0,6.0,0.0,0.0,0.0,2.0,3.0,18.0,-15.0
0020000318,1610612759,SAS,San Antonio,1498,Antonio Daniels,Antonio,G,,39:33,4.0,10.0,0.4,0.0,2.0,0.0,1.0,1.0,1.0,1.0,3.0,4.0,2.0,1.0,1.0,4.0,1.0,9.0,-12.0
0020000318,1610612759,SAS,San Antonio,1507,Derek Anderson,Derek,G,,44:37,5.0,14.0,0.357,2.0,4.0,0.5,14.0,16.0,0.875,1.0,2.0,3.0,3.0,3.0,0.0,1.0,2.0,26.0,-11.0
0020000318,1610612759,SAS,San Antonio,990,Malik Rose,Malik,G,,21:27,4.0,13.0,0.308,1.0,2.0,0.5,3.0,6.0,0.5,3.0,2.0,5.0,0.0,1.0,1.0,1.0,1.0,12.0,5.0
0020000318,1610612759,SAS,San Antonio,345,Terry Porter,Terry,G,,14:54,0.0,1.0,0.0,0.0,1.0,0.0,2.0,2.0,1.0,1.0,1.0,2.0,2.0,0.0,0.0,1.0,3.0,2.0,3.0
0020000318,1610612759,SAS,San Antonio,198,Danny Ferry,Danny,F,,13:23,1.0,4.0,0.25,0.0,2.0,0.0,0.0,0.0,0.0,2.0,1.0,3.0,2.0,0.0,0.0,0.0,1.0,2.0,6.0
0020000318,1610612759,SAS,San Antonio,955,Samaki Walker,Samaki,,,1:23,0.0,0.0,0.0,0.0,0.0,0.0,0.0,0.0,0.0,0.0,0.0,0.0,0.0,0.0,0.0,0.0,0.0,0.0,2.0
0020000318,1610612759,SAS,San Antonio,1956,Ira Newble,Ira,,,1:23,0.0,0.0,0.0,0.0,0.0,0.0,0.0,0.0,0.0,0.0,0.0,0.0,0.0,0.0,0.0,0.0,0.0,0.0,2.0
0020000318,1610612759,SAS,San Antonio,1658,,,, ,,,,,,,,,,,,,,,,,,,,
0020000318,1610612759,SAS,San Antonio,1264,,,, ,,,,,,,,,,,,,,,,,,,,
0020000318,1610612759,SAS,San Antonio,1331,,,, ,,,,,,,,,,,,,,,,,,,,
0020000318,1610612759,SAS,San Antonio,1371,,,, ,,,,,,,,,,,,,,,,,,,,
0020000318,1610612759,SAS,San Antonio,873,,,, ,,,,,,,,,,,,,,,,,,,,
0020000318,1610612759,SAS,San Antonio,422,Avery Johnson,Avery,,Did Not Dress - Left Thigh Contusion,,,,,,,,,,,,,,,,,,,,
0020000318,1610612759,SAS,San Antonio,70,Steve Kerr,Steve,,DNP - Coach's Decision,,,,,,,,,,,,,,,,,,,,
0020000318,1610612756,PHX,Phoenix,1890,Shawn Marion,Shawn,F,,40:47,6.0,16.0,0.375,0.0,2.0,0.0,5.0,6.0,0.833,1.0,15.0,16.0,2.0,3.0,0.0,2.0,4.0,17.0,7.0
0020000318,1610612756,PHX,Phoenix,361,Clifford Robinson,Clifford,G,,31:49,6.0,13.0,0.462,1.0,2.0,0.5,2.0,2.0,1.0,0.0,2.0,2.0,3.0,0.0,0.0,1.0,4.0,15.0,1.0
0020000318,1610612756,PHX,Phoenix,201,Chris Dudley,Chris,C,,21:23,4.0,4.0,1.0,0.0,0.0,0.0,0.0,0.0,0.0,3.0,3.0,6.0,1.0,0.0,3.0,0.0,3.0,8.0,13.0
0020000318,1610612756,PHX,Phoenix,467,Jason Kidd,Jason,G,,37:32,7.0,18.0,0.389,0.0,3.0,0.0,3.0,3.0,1.0,1.0,5.0,6.0,9.0,4.0,0.0,2.0,3.0,17.0,9.0
0020000318,1610612756,PHX,Phoenix,53,Mario Elie,Mario,G,,16:11,2.0,2.0,1.0,1.0,1.0,1.0,0.0,0.0,0.0,0.0,0.0,0.0,3.0,0.0,0.0,0.0,0.0,5.0,12.0
0020000318,1610612756,PHX,Phoenix,915,Rodney Rogers,Rodney,C,,27:20,6.0,13.0,0.462,1.0,4.0,0.25,1.0,2.0,0.5,1.0,3.0,4.0,4.0,0.0,0.0,1.0,6.0,14.0,7.0
0020000318,1610612756,PHX,Phoenix,339,Tom Gugliotta,Tom,,,7:12,1.0,1.0,1.0,0.0,0.0,0.0,0.0,0.0,0.0,1.0,0.0,1.0,0.0,0.0,0.0,0.0,2.0,2.0,2.0
0020000318,1610612756,PHX,Phoenix,2091,Daniel Santiago,Daniel,F,,6:42,2.0,2.0,1.0,0.0,0.0,0.0,3.0,3.0,1.0,0.0,0.0,0.0,0.0,0.0,0.0,1.0,4.0,7.0,-1.0
0020000318,1610612756,PHX,Phoenix,960,Tony Delk,Tony,G,,27:03,3.0,10.0,0.3,0.0,1.0,0.0,1.0,2.0,0.5,2.0,0.0,2.0,2.0,0.0,0.0,1.0,3.0,7.0,-2.0
0020000318,1610612756,PHX,Phoenix,386,Elliot Perry,Elliot,G,,12:24,3.0,3.0,1.0,1.0,1.0,1.0,0.0,0.0,0.0,0.0,1.0,1.0,0.0,2.0,0.0,1.0,0.0,7.0,3.0
0020000318,1610612756,PHX,Phoenix,916,Corie Blount,Corie,F,,11:37,2.0,3.0,0.667,0.0,0.0,0.0,0.0,0.0,0.0,2.0,1.0,3.0,1.0,0.0,0.0,2.0,4.0,4.0,-1.0
0020000318,1610612756,PHX,Phoenix,1227,,,, ,,,,,,,,,,,,,,,,,,,,
0020000318,1610612756,PHX,Phoenix,1653,,,, ,,,,,,,,,,,,,,,,,,,,
0020000318,1610612756,PHX,Phoenix,1654,,,, ,,,,,,,,,,,,,,,,,,,,
0020000318,1610612756,PHX,Phoenix,2008,,,, ,,,,,,,,,,,,,,,,,,,,
0020000318,1610612756,PHX,Phoenix,2015,,,, ,,,,,,,,,,,,,,,,,,,,
0020000318,1610612756,PHX,Phoenix,2160,,,, ,,,,,,,,,,,,,,,,,,,,
0020000318,1610612756,PHX,Phoenix,2161,,,, ,,,,,,,,,,,,,,,,,,,,
0020000318,1610612756,PHX,Phoenix,2101,Paul McPherson,Paul,,DNP - Coach's Decision,,,,,,,,,,,,,,,,,,,,
0020000321,1610612760,SEA,Seattle,1740,Rashard Lewis,Rashard,F,,31:20,6.0,12.0,0.5,1.0,3.0,0.333,0.0,0.0,0.0,1.0,6.0,7.0,1.0,1.0,0.0,2.0,3.0,13.0,6.0
0020000321,1610612760,SEA,Seattle,1741,Jelani McCoy,Jelani,G,,33:43,6.0,7.0,0.857,0.0,0.0,0.0,0.0,2.0,0.0,3.0,4.0,7.0,2.0,1.0,1.0,0.0,5.0,12.0,3.0
0020000321,1610612760,SEA,Seattle,121,Patrick Ewing,Patrick,G,,33:33,3.0,8.0,0.375,0.0,0.0,0.0,4.0,7.0,0.571,3.0,6.0,9.0,1.0,1.0,1.0,2.0,4.0,10.0,1.0
0020000321,1610612760,SEA,Seattle,1023,Emanual Davis,Emanual,G,,25:41,3.0,4.0,0.75,0.0,0.0,0.0,0.0,0.0,0.0,0.0,7.0,7.0,2.0,1.0,3.0,3.0,3.0,6.0,13.0
0020000321,1610612760,SEA,Seattle,56,Gary Payton,Gary,G,,41:31,4.0,16.0,0.25,1.0,3.0,0.333,8.0,8.0,1.0,0.0,3.0,3.0,11.0,0.0,0.0,2.0,1.0,17.0,-5.0
0020000321,1610612760,SEA,Seattle,452,Vin Baker,Vin,G,,15:11,3.0,10.0,0.3,0.0,0.0,0.0,3.0,4.0,0.75,1.0,1.0,2.0,0.0,1.0,0.0,3.0,4.0,9.0,-3.0
0020000321,1610612760,SEA,Seattle,1739,Ruben Patterson,Ruben,F,,12:43,0.0,2.0,0.0,0.0,0.0,0.0,0.0,0.0,0.0,0.0,1.0,1.0,1.0,1.0,0.0,2.0,3.0,0.0,-1.0
0020000321,1610612760,SEA,Seattle,699,Brent Barry,Brent,G,,19:54,4.0,7.0,0.571,2.0,3.0,0.667,0.0,0.0,0.0,0.0,4.0,4.0,2.0,1.0,0.0,1.0,1.0,10.0,-8.0
0020000321,1610612760,SEA,Seattle,2046,Desmond Mason,Desmond,C,,19:06,5.0,7.0,0.714,1.0,2.0,0.5,0.0,0.0,0.0,1.0,2.0,3.0,3.0,1.0,0.0,0.0,0.0,11.0,-9.0
0020000321,1610612760,SEA,Seattle,1742,Shammond Williams,Shammond,F,,6:29,2.0,2.0,1.0,0.0,0.0,0.0,2.0,2.0,1.0,0.0,0.0,0.0,0.0,1.0,0.0,0.0,0.0,6.0,6.0
0020000321,1610612760,SEA,Seattle,2106,Ruben Wolkowyski,Ruben,,,0:50,0.0,0.0,0.0,0.0,0.0,0.0,0.0,0.0,0.0,0.0,0.0,0.0,0.0,0.0,0.0,0.0,1.0,0.0,2.0
0020000321,1610612760,SEA,Seattle,1778,,,, ,,,,,,,,,,,,,,,,,,,,
0020000321,1610612760,SEA,Seattle,1335,,,, ,,,,,,,,,,,,,,,,,,,,
0020000321,1610612760,SEA,Seattle,1338,,,, ,,,,,,,,,,,,,,,,,,,,
0020000321,1610612760,SEA,Seattle,1349,,,, ,,,,,,,,,,,,,,,,,,,,
0020000321,1610612760,SEA,Seattle,442,Pervis Ellison,Pervis,,DNP - Coach's Decision,,,,,,,,,,,,,,,,,,,,
0020000321,1610612763,VAN,Vancouver,949,Shareef Abdur-Rahim,Shareef,G,,36:59,5.0,11.0,0.455,0.0,1.0,0.0,4.0,6.0,0.667,1.0,8.0,9.0,5.0,0.0,0.0,3.0,2.0,14.0,1.0
0020000321,1610612763,VAN,Vancouver,970,Othella Harrington,Othella,F,,27:19,5.0,10.0,0.5,0.0,0.0,0.0,5.0,8.0,0.625,2.0,3.0,5.0,1.0,0.0,0.0,1.0,1.0,15.0,-2.0
0020000321,1610612763,VAN,Vancouver,763,Tony Massenburg,Tony,G,,8:25,0.0,1.0,0.0,0.0,0.0,0.0,0.0,0.0,0.0,0.0,3.0,3.0,0.0,0.0,0.0,0.0,4.0,0.0,-4.0
0020000321,1610612763,VAN,Vancouver,1722,Michael Dickerson,Michael,G,,42:40,4.0,20.0,0.2,3.0,9.0,0.333,2.0,2.0,1.0,2.0,2.0,4.0,8.0,0.0,0.0,0.0,2.0,13.0,3.0
0020000321,1610612763,VAN,Vancouver,1710,Mike Bibby,Mike,G,,37:14,6.0,14.0,0.429,1.0,5.0,0.2,4.0,4.0,1.0,0.0,3.0,3.0,6.0,1.0,1.0,2.0,2.0,17.0,2.0
0020000321,1610612763,VAN,Vancouver,735,Bryant Reeves,Bryant,G,,39:07,7.0,14.0,0.5,0.0,0.0,0.0,1.0,1.0,1.0,4.0,4.0,8.0,2.0,2.0,3.0,2.0,4.0,15.0,5.0
0020000321,1610612763,VAN,Vancouver,2031,Stromile Swift,Stromile,F,,14:02,3.0,6.0,0.5,0.0,0.0,0.0,1.0,1.0,1.0,3.0,1.0,4.0,0.0,1.0,0.0,0.0,2.0,7.0,-3.0
0020000321,1610612763,VAN,Vancouver,28,Doug West,Doug,F,,4:57,1.0,1.0,1.0,0.0,0.0,0.0,0.0,0.0,0.0,0.0,1.0,1.0,0.0,0.0,1.0,0.0,0.0,2.0,-4.0
0020000321,1610612763,VAN,Vancouver,3,Grant Long,Grant,G,,17:40,2.0,4.0,0.5,0.0,0.0,0.0,0.0,0.0,0.0,0.0,1.0,1.0,1.0,1.0,0.0,2.0,4.0,4.0,2.0
0020000321,1610612763,VAN,Vancouver,1800,Damon Jones,Damon,C,,11:37,3.0,5.0,0.6,0.0,2.0,0.0,0.0,0.0,0.0,0.0,1.0,1.0,0.0,0.0,0.0,1.0,0.0,6.0,-5.0
0020000321,1610612763,VAN,Vancouver,1994,,,, ,,,,,,,,,,,,,,,,,,,,
0020000321,1610612763,VAN,Vancouver,1356,,,, ,,,,,,,,,,,,,,,,,,,,
0020000321,1610612763,VAN,Vancouver,1358,,,, ,,,,,,,,,,,,,,,,,,,,
0020000321,1610612763,VAN,Vancouver,888,,,, ,,,,,,,,,,,,,,,,,,,,
0020000321,1610612763,VAN,Vancouver,1226,,,, ,,,,,,,,,,,,,,,,,,,,
0020000321,1610612763,VAN,Vancouver,2163,,,, ,,,,,,,,,,,,,,,,,,,,
0020000321,1610612763,VAN,Vancouver,2164,,,, ,,,,,,,,,,,,,,,,,,,,
0020000321,1610612763,VAN,Vancouver,2170,,,, ,,,,,,,,,,,,,,,,,,,,
0020000321,1610612763,VAN,Vancouver,1795,,,, ,,,,,,,,,,,,,,,,,,,,
0020000321,1610612763,VAN,Vancouver,51,Mahmoud Abdul-Rauf,Mahmoud,,DNP - Coach's Decision,,,,,,,,,,,,,,,,,,,,
0020000321,1610612763,VAN,Vancouver,1134,Ike Austin,Ike,,DNP - Coach's Decision,,,,,,,,,,,,,,,,,,,,
0020000316,1610612742,DAL,Dallas,714,Michael Finley,Michael,F,,44:51,11.0,21.0,0.524,1.0,3.0,0.333,1.0,1.0,1.0,2.0,2.0,4.0,6.0,2.0,0.0,3.0,6.0,24.0,-3.0
0020000316,1610612742,DAL,Dallas,1717,Dirk Nowitzki,Dirk,G,,33:47,1.0,10.0,0.1,0.0,3.0,0.0,3.0,4.0,0.75,2.0,5.0,7.0,0.0,1.0,1.0,1.0,4.0,5.0,-9.0
0020000316,1610612742,DAL,Dallas,363,Christian Laettner,Christian,C,,27:48,4.0,7.0,0.571,0.0,0.0,0.0,5.0,5.0,1.0,2.0,3.0,5.0,3.0,1.0,0.0,2.0,3.0,13.0,-1.0
0020000316,1610612742,DAL,Dallas,458,Howard Eisley,Howard,G,,40:37,9.0,15.0,0.6,5.0,9.0,0.556,4.0,4.0,1.0,1.0,5.0,6.0,1.0,1.0,0.0,3.0,3.0,27.0,-1.0
0020000316,1610612742,DAL,Dallas,959,Steve Nash,Steve,G,,37:52,5.0,14.0,0.357,2.0,2.0,1.0,1.0,1.0,1.0,1.0,3.0,4.0,8.0,0.0,0.0,4.0,0.0,13.0,-1.0
0020000316,1610612742,DAL,Dallas,93,Hubert Davis,Hubert,G,,17:54,0.0,2.0,0.0,0.0,0.0,0.0,2.0,2.0,1.0,0.0,0.0,0.0,0.0,0.0,0.0,2.0,4.0,2.0,-8.0
0020000316,1610612742,DAL,Dallas,762,Shawn Bradley,Shawn,F,,15:46,1.0,1.0,1.0,0.0,0.0,0.0,2.0,2.0,1.0,1.0,2.0,3.0,1.0,0.0,1.0,1.0,3.0,4.0,6.0
0020000316,1610612742,DAL,Dallas,2059,Eduardo Najera,Eduardo,C,,6:31,0.0,1.0,0.0,0.0,0.0,0.0,0.0,0.0,0.0,0.0,1.0,1.0,0.0,0.0,0.0,0.0,0.0,0.0,-4.0
0020000316,1610612742,DAL,Dallas,919,Loy Vaught,Loy,F,,14:55,2.0,5.0,0.4,0.0,0.0,0.0,0.0,0.0,0.0,1.0,5.0,6.0,0.0,0.0,1.0,1.0,1.0,4.0,-4.0
0020000316,1610612742,DAL,Dallas,1233,,,, ,,,,,,,,,,,,,,,,,,,,
0020000316,1610612742,DAL,Dallas,1269,,,, ,,,,,,,,,,,,,,,,,,,,
0020000316,1610612742,DAL,Dallas,1317,,,, ,,,,,,,,,,,,,,,,,,,,
0020000316,1610612742,DAL,Dallas,1370,,,, ,,,,,,,,,,,,,,,,,,,,
0020000316,1610612742,DAL,Dallas,1483,,,, ,,,,,,,,,,,,,,,,,,,,
0020000316,1610612742,DAL,Dallas,1643,,,, ,,,,,,,,,,,,,,,,,,,,
0020000316,1610612742,DAL,Dallas,2154,,,, ,,,,,,,,,,,,,,,,,,,,
0020000316,1610612742,DAL,Dallas,1782,,,, ,,,,,,,,,,,,,,,,,,,,
0020000316,1610612742,DAL,Dallas,2042,Courtney Alexander,Courtney,,DNP - Coach's Decision,,,,,,,,,,,,,,,,,,,,
0020000316,1610612742,DAL,Dallas,95,Mark Bryant,Mark,,DNP - Coach's Decision,,,,,,,,,,,,,,,,,,,,
0020000316,1610612742,DAL,Dallas,2051,Donnell Harvey,Donnell,,DNP - Coach's Decision,,,,,,,,,,,,,,,,,,,,
0020000316,1610612754,IND,Indiana,147,Jalen Rose,Jalen,G,,44:53,10.0,17.0,0.588,1.0,3.0,0.333,3.0,5.0,0.6,0.0,4.0,4.0,8.0,0.0,1.0,2.0,4.0,24.0,3.0
0020000316,1610612754,IND,Indiana,1506,Austin Croshere,Austin,F,,5:26,1.0,3.0,0.333,1.0,1.0,1.0,1.0,2.0,0.5,0.0,0.0,0.0,0.0,0.0,0.0,1.0,2.0,4.0,-6.0
0020000316,1610612754,IND,Indiana,979,Jermaine O'Neal,Jermaine,C,,29:26,4.0,9.0,0.444,0.0,0.0,0.0,8.0,12.0,0.667,2.0,7.0,9.0,0.0,1.0,2.0,2.0,1.0,16.0,8.0
0020000316,1610612754,IND,Indiana,397,Reggie Miller,Reggie,G,,45:07,9.0,12.0,0.75,2.0,4.0,0.5,2.0,3.0,0.667,0.0,2.0,2.0,3.0,1.0,0.0,3.0,4.0,22.0,7.0
0020000316,1610612754,IND,Indiana,696,Travis Best,Travis,G,,45:04,5.0,14.0,0.357,3.0,4.0,0.75,2.0,2.0,1.0,0.0,4.0,4.0,8.0,4.0,0.0,1.0,4.0,15.0,3.0
0020000316,1610612754,IND,Indiana,365,Derrick McKey,Derrick,G,,31:16,2.0,5.0,0.4,0.0,1.0,0.0,0.0,0.0,0.0,2.0,4.0,6.0,2.0,2.0,0.0,2.0,0.0,4.0,11.0
0020000316,1610612754,IND,Indiana,1902,Jeff Foster,Jeff,C,,26:01,3.0,7.0,0.429,0.0,0.0,0.0,0.0,2.0,0.0,4.0,5.0,9.0,2.0,2.0,0.0,0.0,1.0,6.0,0.0
0020000316,1610612754,IND,Indiana,1733,Al Harrington,Al,G,,12:47,2.0,3.0,0.667,0.0,0.0,0.0,2.0,4.0,0.5,2.0,0.0,2.0,0.0,0.0,1.0,1.0,5.0,6.0,-1.0
0020000316,1610612754,IND,Indiana,1299,,,, ,,,,,,,,,,,,,,,,,,,,
0020000316,1610612754,IND,Indiana,1306,,,, ,,,,,,,,,,,,,,,,,,,,
0020000316,1610612754,IND,Indiana,1263,,,, ,,,,,,,,,,,,,,,,,,,,
0020000316,1610612754,IND,Indiana,2099,,,, ,,,,,,,,,,,,,,,,,,,,
0020000316,1610612754,IND,Indiana,2100,,,, ,,,,,,,,,,,,,,,,,,,,
0020000316,1610612754,IND,Indiana,1857,,,, ,,,,,,,,,,,,,,,,,,,,
0020000316,1610612754,IND,Indiana,2165,,,, ,,,,,,,,,,,,,,,,,,,,
0020000316,1610612754,IND,Indiana,1886,Jonathan Bender,Jonathan,,DNP - Coach's Decision,,,,,,,,,,,,,,,,,,,,
0020000316,1610612754,IND,Indiana,64,Sam Perkins,Sam,,DNP - Coach's Decision,,,,,,,,,,,,,,,,,,,,
0020000316,1610612754,IND,Indiana,1743,Bruno Sundov,Bruno,,DNP - Coach's Decision,,,,,,,,,,,,,,,,,,,,
0020000316,1610612754,IND,Indiana,440,Zan Tabak,Zan,,DNP - Coach's Decision,,,,,,,,,,,,,,,,,,,,
0020000320,1610612747,LAL,Los Angeles,296,Rick Fox,Rick,G,,16:01,4.0,6.0,0.667,1.0,2.0,0.5,0.0,0.0,0.0,0.0,0.0,0.0,1.0,0.0,0.0,1.0,2.0,9.0,-12.0
0020000320,1610612747,LAL,Los Angeles,270,Horace Grant,Horace,G,,21:53,0.0,4.0,0.0,0.0,0.0,0.0,2.0,2.0,1.0,0.0,4.0,4.0,2.0,1.0,2.0,0.0,2.0,2.0,-1.0
0020000320,1610612747,LAL,Los Angeles,406,Shaquille O'Neal,Shaquille,F,,44:31,7.0,21.0,0.333,0.0,0.0,0.0,5.0,12.0,0.417,7.0,6.0,13.0,4.0,2.0,1.0,4.0,3.0,19.0,-6.0
0020000320,1610612747,LAL,Los Angeles,977,Kobe Bryant,Kobe,G,,45:09,13.0,25.0,0.52,0.0,2.0,0.0,9.0,13.0,0.692,1.0,5.0,6.0,6.0,2.0,0.0,1.0,5.0,35.0,-8.0
0020000320,1610612747,LAL,Los Angeles,166,Ron Harper,Ron,G,,26:47,4.0,7.0,0.571,0.0,2.0,0.0,0.0,0.0,0.0,1.0,2.0,3.0,4.0,1.0,0.0,2.0,1.0,8.0,-7.0
0020000320,1610612747,LAL,Los Angeles,109,Robert Horry,Robert,G,,28:56,0.0,3.0,0.0,0.0,1.0,0.0,0.0,0.0,0.0,0.0,5.0,5.0,0.0,1.0,1.0,0.0,4.0,0.0,-11.0
0020000320,1610612747,LAL,Los Angeles,2130,Mike Penberthy,Mike,,,18:29,3.0,4.0,0.75,2.0,3.0,0.667,0.0,0.0,0.0,0.0,1.0,1.0,2.0,0.0,0.0,1.0,3.0,8.0,-3.0
0020000320,1610612747,LAL,Los Angeles,375,Isaiah Rider,Isaiah,F,,13:36,2.0,9.0,0.222,1.0,1.0,1.0,0.0,0.0,0.0,1.0,0.0,1.0,0.0,0.0,0.0,0.0,1.0,5.0,-2.0
0020000320,1610612747,LAL,Los Angeles,216,Brian Shaw,Brian,G,,24:00,0.0,2.0,0.0,0.0,2.0,0.0,0.0,0.0,0.0,0.0,3.0,3.0,1.0,1.0,0.0,0.0,3.0,0.0,0.0
0020000320,1610612747,LAL,Los Angeles,323,Greg Foster,Greg,,,0:38,0.0,0.0,0.0,0.0,0.0,0.0,0.0,0.0,0.0,0.0,0.0,0.0,0.0,0.0,0.0,0.0,0.0,0.0,0.0
0020000320,1610612747,LAL,Los Angeles,1219,,,, ,,,,,,,,,,,,,,,,,,,,
0020000320,1610612747,LAL,Los Angeles,1221,,,, ,,,,,,,,,,,,,,,,,,,,
0020000320,1610612747,LAL,Los Angeles,1223,,,, ,,,,,,,,,,,,,,,,,,,,
0020000320,1610612747,LAL,Los Angeles,1230,,,, ,,,,,,,,,,,,,,,,,,,,
0020000320,1610612747,LAL,Los Angeles,1270,,,, ,,,,,,,,,,,,,,,,,,,,
0020000320,1610612747,LAL,Los Angeles,1273,,,, ,,,,,,,,,,,,,,,,,,,,
0020000320,1610612747,LAL,Los Angeles,1904,Devean George,Devean,,DNP - Coach's Decision,,,,,,,,,,,,,,,,,,,,
0020000320,1610612747,LAL,Los Angeles,2058,Mark Madsen,Mark,,DNP - Coach's Decision,,,,,,,,,,,,,,,,,,,,
0020000320,1610612757,POR,Portland,937,Scottie Pippen,Scottie,G,,42:55,6.0,13.0,0.462,2.0,5.0,0.4,4.0,4.0,1.0,3.0,7.0,10.0,8.0,1.0,0.0,1.0,4.0,18.0,15.0
0020000320,1610612757,POR,Portland,739,Rasheed Wallace,Rasheed,F,,48:00,10.0,26.0,0.385,1.0,2.0,0.5,4.0,4.0,1.0,4.0,9.0,13.0,0.0,2.0,3.0,1.0,3.0,25.0,10.0
0020000320,1610612757,POR,Portland,717,Arvydas Sabonis,Arvydas,C,,21:04,2.0,7.0,0.286,0.0,1.0,0.0,0.0,0.0,0.0,0.0,8.0,8.0,0.0,0.0,0.0,0.0,3.0,4.0,8.0
0020000320,1610612757,POR,Portland,120,Steven Smith,Steven,G,,33:52,1.0,7.0,0.143,0.0,2.0,0.0,10.0,10.0,1.0,2.0,2.0,4.0,2.0,1.0,0.0,2.0,2.0,12.0,13.0
0020000320,1610612757,POR,Portland,757,Damon Stoudamire,Damon,G,,41:44,8.0,17.0,0.471,2.0,3.0,0.667,3.0,4.0,0.75,3.0,4.0,7.0,6.0,0.0,0.0,8.0,3.0,21.0,8.0
0020000320,1610612757,POR,Portland,905,Dale Davis,Dale,G,,16:09,1.0,2.0,0.5,0.0,0.0,0.0,0.0,0.0,0.0,1.0,4.0,5.0,1.0,0.0,1.0,0.0,4.0,2.0,4.0
0020000320,1610612757,POR,Portland,1719,Bonzi Wells,Bonzi,F,,20:25,4.0,9.0,0.444,0.0,0.0,0.0,4.0,5.0,0.8,2.0,2.0,4.0,0.0,0.0,0.0,0.0,1.0,12.0,1.0
0020000320,1610612757,POR,Portland,278,Stacey Augmon,Stacey,F,,5:51,0.0,0.0,0.0,0.0,0.0,0.0,0.0,0.0,0.0,0.0,0.0,0.0,0.0,0.0,0.0,0.0,2.0,0.0,-2.0
0020000320,1610612757,POR,Portland,431,Shawn Kemp,Shawn,,,10:00,1.0,4.0,0.25,0.0,0.0,0.0,0.0,0.0,0.0,3.0,0.0,3.0,1.0,0.0,0.0,1.0,0.0,2.0,-7.0
0020000320,1610612757,POR,Portland,1783,,,, ,,,,,,,,,,,,,,,,,,,,
0020000320,1610612757,POR,Portland,1329,,,, ,,,,,,,,,,,,,,,,,,,,
0020000320,1610612757,POR,Portland,1336,,,, ,,,,,,,,,,,,,,,,,,,,
0020000320,1610612757,POR,Portland,1473,,,, ,,,,,,,,,,,,,,,,,,,,
0020000320,1610612757,POR,Portland,1655,,,, ,,,,,,,,,,,,,,,,,,,,
0020000320,1610612757,POR,Portland,1656,,,, ,,,,,,,,,,,,,,,,,,,,
0020000320,1610612757,POR,Portland,2149,,,, ,,,,,,,,,,,,,,,,,,,,
0020000320,1610612757,POR,Portland,21,Greg Anthony,Greg,,DNP - Coach's Decision,,,,,,,,,,,,,,,,,,,,
0020000320,1610612757,POR,Portland,2057,Erick Barkley,Erick,,DNP - Coach's Decision,,,,,,,,,,,,,,,,,,,,
0020000320,1610612757,POR,Portland,781,Will Perdue,Will,,DNP - Coach's Decision,,,,,,,,,,,,,,,,,,,,
0020000314,1610612758,SAC,Sacramento,185,Chris Webber,Chris,G,,39:59,10.0,18.0,0.556,0.0,1.0,0.0,5.0,6.0,0.833,2.0,4.0,6.0,4.0,1.0,3.0,2.0,2.0,25.0,-12.0
0020000314,1610612758,SAC,Sacramento,2045,Hedo Turkoglu,Hedo,F,,21:42,1.0,2.0,0.5,0.0,1.0,0.0,2.0,2.0,1.0,1.0,2.0,3.0,3.0,1.0,0.0,2.0,4.0,4.0,-3.0
0020000314,1610612758,SAC,Sacramento,124,Vlade Divac,Vlade,C,,26:35,1.0,6.0,0.167,0.0,1.0,0.0,3.0,4.0,0.75,4.0,4.0,8.0,1.0,1.0,0.0,4.0,1.0,5.0,-14.0
0020000314,1610612758,SAC,Sacramento,57,Doug Christie,Doug,G,,39:28,7.0,16.0,0.438,0.0,3.0,0.0,3.0,5.0,0.6,1.0,5.0,6.0,4.0,4.0,0.0,6.0,3.0,17.0,-17.0
0020000314,1610612758,SAC,Sacramento,1715,Jason Williams,Jason,G,,39:11,5.0,15.0,0.333,4.0,8.0,0.5,2.0,2.0,1.0,0.0,4.0,4.0,1.0,1.0,0.0,1.0,3.0,16.0,-15.0
0020000314,1610612758,SAC,Sacramento,1513,Scot Pollard,Scot,G,,21:25,0.0,3.0,0.0,0.0,0.0,0.0,0.0,0.0,0.0,0.0,6.0,6.0,1.0,2.0,0.0,0.0,0.0,0.0,3.0
0020000314,1610612758,SAC,Sacramento,98,Nick Anderson,Nick,C,,5:19,0.0,3.0,0.0,0.0,3.0,0.0,0.0,0.0,0.0,0.0,1.0,1.0,0.0,0.0,0.0,0.0,3.0,0.0,0.0
0020000314,1610612758,SAC,Sacramento,468,Jon Barry,Jon,G,,29:31,3.0,4.0,0.75,3.0,4.0,0.75,5.0,6.0,0.833,0.0,2.0,2.0,4.0,1.0,0.0,0.0,0.0,14.0,-2.0
0020000314,1610612758,SAC,Sacramento,239,Darrick Martin,Darrick,,,8:49,1.0,5.0,0.2,0.0,1.0,0.0,2.0,2.0,1.0,0.0,0.0,0.0,0.0,0.0,0.0,1.0,1.0,4.0,4.0
0020000314,1610612758,SAC,Sacramento,1444,Lawrence Funderburke,Lawrence,,,8:01,2.0,3.0,0.667,0.0,0.0,0.0,1.0,2.0,0.5,0.0,2.0,2.0,0.0,0.0,0.0,0.0,0.0,5.0,1.0
0020000314,1610612758,SAC,Sacramento,1775,,,, ,,,,,,,,,,,,,,,,,,,,
0020000314,1610612758,SAC,Sacramento,1248,,,, ,,,,,,,,,,,,,,,,,,,,
0020000314,1610612758,SAC,Sacramento,1249,,,, ,,,,,,,,,,,,,,,,,,,,
0020000314,1610612758,SAC,Sacramento,1322,,,, ,,,,,,,,,,,,,,,,,,,,
0020000314,1610612758,SAC,Sacramento,1327,,,, ,,,,,,,,,,,,,,,,,,,,
0020000314,1610612758,SAC,Sacramento,1328,,,, ,,,,,,,,,,,,,,,,,,,,
0020000314,1610612758,SAC,Sacramento,1517,Bobby Jackson,Bobby,,Did Not Dress - Left Quad Contusion,,,,,,,,,,,,,,,,,,,,
0020000314,1610612758,SAC,Sacramento,978,Peja Stojakovic,Peja,,Did Not Dress - Bruised Right Shoulder,,,,,,,,,,,,,,,,,,,,
0020000314,1610612766,CHH,Charlotte,469,Jamal Mashburn,Jamal,G,,39:59,11.0,20.0,0.55,3.0,7.0,0.429,8.0,8.0,1.0,1.0,8.0,9.0,6.0,1.0,0.0,4.0,1.0,33.0,17.0
0020000314,1610612766,CHH,Charlotte,136,P.J. Brown,P.J.,F,,33:14,3.0,8.0,0.375,0.0,0.0,0.0,0.0,0.0,0.0,6.0,6.0,12.0,2.0,3.0,0.0,0.0,4.0,6.0,2.0
0020000314,1610612766,CHH,Charlotte,922,Elden Campbell,Elden,G,,33:14,5.0,13.0,0.385,0.0,1.0,0.0,0.0,0.0,0.0,1.0,10.0,11.0,1.0,3.0,2.0,2.0,5.0,10.0,26.0
0020000314,1610612766,CHH,Charlotte,1884,Baron Davis,Baron,G,,39:29,9.0,14.0,0.643,3.0,5.0,0.6,5.0,6.0,0.833,1.0,6.0,7.0,8.0,2.0,1.0,2.0,2.0,26.0,16.0
0020000314,1610612766,CHH,Charlotte,133,David Wesley,David,G,,38:59,5.0,14.0,0.357,0.0,1.0,0.0,1.0,2.0,0.5,0.0,3.0,3.0,7.0,1.0,0.0,3.0,3.0,11.0,5.0
0020000314,1610612766,CHH,Charlotte,901,Otis Thorpe,Otis,F,,18:53,1.0,4.0,0.25,0.0,0.0,0.0,0.0,0.0,0.0,0.0,2.0,2.0,0.0,0.0,1.0,0.0,4.0,2.0,-9.0
0020000314,1610612766,CHH,Charlotte,1924,Lee Nailon,Lee,F,,14:04,2.0,4.0,0.5,0.0,0.0,0.0,0.0,0.0,0.0,0.0,0.0,0.0,0.0,2.0,0.0,0.0,2.0,4.0,-4.0
0020000314,1610612766,CHH,Charlotte,695,Eldridge Recasner,Eldridge,F,,5:19,0.0,0.0,0.0,0.0,0.0,0.0,0.0,0.0,0.0,0.0,1.0,1.0,1.0,0.0,0.0,0.0,0.0,0.0,0.0
0020000314,1610612766,CHH,Charlotte,1944,Eddie Robinson,Eddie,,,5:21,0.0,1.0,0.0,0.0,0.0,0.0,2.0,2.0,1.0,0.0,0.0,0.0,0.0,0.0,1.0,1.0,0.0,2.0,-1.0
0020000314,1610612766,CHH,Charlotte,765,Hersey Hawkins,Hersey,G,,11:28,3.0,5.0,0.6,1.0,3.0,0.333,0.0,0.0,0.0,0.0,2.0,2.0,2.0,0.0,0.0,1.0,1.0,7.0,3.0
0020000314,1610612766,CHH,Charlotte,2152,,,, ,,,,,,,,,,,,,,,,,,,,
0020000314,1610612766,CHH,Charlotte,1992,,,, ,,,,,,,,,,,,,,,,,,,,
0020000314,1610612766,CHH,Charlotte,1316,,,, ,,,,,,,,,,,,,,,,,,,,
0020000314,1610612766,CHH,Charlotte,1215,,,, ,,,,,,,,,,,,,,,,,,,,
0020000314,1610612766,CHH,Charlotte,1218,,,, ,,,,,,,,,,,,,,,,,,,,
0020000314,1610612766,CHH,Charlotte,1906,Tim James,Tim,,DNP - Coach's Decision,,,,,,,,,,,,,,,,,,,,
0020000314,1610612766,CHH,Charlotte,2048,Jamaal Magloire,Jamaal,,Did Not Dress - Sore Left Foot,,,,,,,,,,,,,,,,,,,,
0020000319,1610612748,MIA,Miami,1477,Bruce Bowen,Bruce,G,,36:55,1.0,14.0,0.071,1.0,7.0,0.143,2.0,2.0,1.0,4.0,0.0,4.0,1.0,1.0,1.0,0.0,2.0,5.0,2.0
0020000319,1610612748,MIA,Miami,193,Anthony Mason,Anthony,G,,46:03,11.0,19.0,0.579,0.0,0.0,0.0,2.0,2.0,1.0,3.0,13.0,16.0,3.0,0.0,0.0,2.0,6.0,24.0,9.0
0020000319,1610612748,MIA,Miami,258,Brian Grant,Brian,G,,42:33,7.0,16.0,0.438,0.0,0.0,0.0,1.0,1.0,1.0,4.0,10.0,14.0,1.0,1.0,0.0,1.0,4.0,15.0,9.0
0020000319,1610612748,MIA,Miami,896,Tim Hardaway,Tim,G,,44:19,5.0,15.0,0.333,3.0,9.0,0.333,8.0,11.0,0.727,0.0,1.0,1.0,5.0,0.0,0.0,5.0,0.0,21.0,15.0
0020000319,1610612748,MIA,Miami,224,Eddie Jones,Eddie,G,,48:54,8.0,17.0,0.471,3.0,5.0,0.6,3.0,5.0,0.6,0.0,4.0,4.0,2.0,4.0,1.0,0.0,4.0,22.0,10.0
0020000319,1610612748,MIA,Miami,920,A.C. Green,A.C.,G,,17:47,0.0,0.0,0.0,0.0,0.0,0.0,1.0,2.0,0.5,0.0,4.0,4.0,0.0,0.0,0.0,0.0,0.0,1.0,-11.0
0020000319,1610612748,MIA,Miami,1853,Anthony Carter,Anthony,G,,22:12,2.0,5.0,0.4,0.0,1.0,0.0,2.0,4.0,0.5,0.0,4.0,4.0,1.0,0.0,0.0,3.0,3.0,6.0,-2.0
0020000319,1610612748,MIA,Miami,76,Cedric Ceballos,Cedric,,,5:59,0.0,1.0,0.0,0.0,0.0,0.0,0.0,0.0,0.0,0.0,0.0,0.0,0.0,0.0,0.0,0.0,0.0,0.0,-4.0
0020000319,1610612748,MIA,Miami,2067,Eddie House,Eddie,,,0:18,0.0,0.0,0.0,0.0,0.0,0.0,0.0,0.0,0.0,0.0,0.0,0.0,0.0,0.0,0.0,0.0,0.0,0.0,2.0
0020000319,1610612748,MIA,Miami,1787,,,, ,,,,,,,,,,,,,,,,,,,,
0020000319,1610612748,MIA,Miami,1877,,,, ,,,,,,,,,,,,,,,,,,,,
0020000319,1610612748,MIA,Miami,1642,,,, ,,,,,,,,,,,,,,,,,,,,
0020000319,1610612748,MIA,Miami,1276,,,, ,,,,,,,,,,,,,,,,,,,,
0020000319,1610612748,MIA,Miami,1279,,,, ,,,,,,,,,,,,,,,,,,,,
0020000319,1610612748,MIA,Miami,1280,,,, ,,,,,,,,,,,,,,,,,,,,
0020000319,1610612748,MIA,Miami,1281,,,, ,,,,,,,,,,,,,,,,,,,,
0020000319,1610612748,MIA,Miami,836,,,, ,,,,,,,,,,,,,,,,,,,,
0020000319,1610612748,MIA,Miami,190,Duane Causwell,Duane,,DNP - Coach's Decision,,,,,,,,,,,,,,,,,,,,
0020000319,1610612748,MIA,Miami,957,Todd Fuller,Todd,,DNP - Coach's Decision,,,,,,,,,,,,,,,,,,,,
0020000319,1610612748,MIA,Miami,931,Don MacLean,Don,,"NWT: Surgery, Little Toe - Right Foot",,,,,,,,,,,,,,,,,,,,
0020000319,1610612746,LAC,Los Angeles,1885,Lamar Odom,Lamar,F,,37:49,4.0,16.0,0.25,2.0,3.0,0.667,8.0,9.0,0.889,2.0,8.0,10.0,3.0,1.0,2.0,4.0,4.0,18.0,-17.0
0020000319,1610612746,LAC,Los Angeles,1730,Brian Skinner,Brian,G,,17:10,2.0,4.0,0.5,0.0,0.0,0.0,0.0,0.0,0.0,3.0,4.0,7.0,0.0,1.0,1.0,1.0,1.0,4.0,-9.0
0020000319,1610612746,LAC,Los Angeles,1709,Michael Olowokandi,Michael,G,,16:54,1.0,4.0,0.25,0.0,0.0,0.0,0.0,0.0,0.0,1.0,2.0,3.0,0.0,0.0,1.0,1.0,4.0,2.0,-5.0
0020000319,1610612746,LAC,Los Angeles,976,Jeff McInnis,Jeff,G,,33:48,4.0,10.0,0.4,1.0,2.0,0.5,1.0,2.0,0.5,0.0,4.0,4.0,3.0,0.0,0.0,3.0,2.0,10.0,-11.0
0020000319,1610612746,LAC,Los Angeles,2047,Quentin Richardson,Quentin,G,,18:20,3.0,7.0,0.429,0.0,1.0,0.0,0.0,0.0,0.0,0.0,0.0,0.0,0.0,0.0,0.0,0.0,0.0,6.0,-13.0
0020000319,1610612746,LAC,Los Angeles,399,Sean Rooks,Sean,F,,23:53,1.0,8.0,0.125,0.0,0.0,0.0,0.0,0.0,0.0,2.0,4.0,6.0,2.0,0.0,0.0,3.0,2.0,2.0,-1.0
0020000319,1610612746,LAC,Los Angeles,15,Eric Piatkowski,Eric,G,,31:19,4.0,11.0,0.364,1.0,4.0,0.25,0.0,0.0,0.0,2.0,5.0,7.0,0.0,0.0,1.0,0.0,4.0,9.0,12.0
0020000319,1610612746,LAC,Los Angeles,2032,Darius Miles,Darius,G,,30:46,5.0,7.0,0.714,0.0,0.0,0.0,0.0,4.0,0.0,1.0,5.0,6.0,1.0,0.0,5.0,2.0,2.0,10.0,2.0
0020000319,1610612746,LAC,Los Angeles,1894,Corey Maggette,Corey,G,,30:31,4.0,11.0,0.364,0.0,0.0,0.0,6.0,7.0,0.857,3.0,1.0,4.0,3.0,2.0,0.0,1.0,2.0,14.0,9.0
0020000319,1610612746,LAC,Los Angeles,2039,Keyon Dooling,Keyon,G,,24:31,5.0,8.0,0.625,1.0,3.0,0.333,2.0,2.0,1.0,0.0,3.0,3.0,2.0,1.0,0.0,1.0,3.0,13.0,3.0
0020000319,1610612746,LAC,Los Angeles,2010,,,, ,,,,,,,,,,,,,,,,,,,,
0020000319,1610612746,LAC,Los Angeles,1284,,,, ,,,,,,,,,,,,,,,,,,,,
0020000319,1610612746,LAC,Los Angeles,1351,,,, ,,,,,,,,,,,,,,,,,,,,
0020000319,1610612746,LAC,Los Angeles,1672,,,, ,,,,,,,,,,,,,,,,,,,,
0020000319,1610612746,LAC,Los Angeles,1210,,,, ,,,,,,,,,,,,,,,,,,,,
0020000319,1610612746,LAC,Los Angeles,1243,,,, ,,,,,,,,,,,,,,,,,,,,
0020000319,1610612746,LAC,Los Angeles,1246,,,, ,,,,,,,,,,,,,,,,,,,,
0020000319,1610612746,LAC,Los Angeles,2166,,,, ,,,,,,,,,,,,,,,,,,,,
0020000319,1610612746,LAC,Los Angeles,685,Cherokee Parks,Cherokee,,DNP - Coach's Decision,,,,,,,,,,,,,,,,,,,,
0020000319,1610612746,LAC,Los Angeles,400,Derek Strong,Derek,,DNP - Coach's Decision,,,,,,,,,,,,,,,,,,,,
0020000315,1610612737,ATL,Atlanta,754,Jim Jackson,Jim,F,,10:05,0.0,3.0,0.0,0.0,0.0,0.0,0.0,0.0,0.0,0.0,0.0,0.0,0.0,0.0,0.0,1.0,2.0,0.0,-12.0
0020000315,1610612737,ATL,Atlanta,673,Alan Henderson,Alan,F,,32:10,7.0,14.0,0.5,0.0,0.0,0.0,0.0,2.0,0.0,1.0,3.0,4.0,0.0,1.0,0.0,2.0,0.0,14.0,-24.0
0020000315,1610612737,ATL,Atlanta,87,Dikembe Mutombo,Dikembe,C,,19:13,0.0,2.0,0.0,0.0,0.0,0.0,0.0,0.0,0.0,1.0,5.0,6.0,1.0,1.0,1.0,4.0,5.0,0.0,-18.0
0020000315,1610612737,ATL,Atlanta,1074,Matt Maloney,Matt,G,,26:17,1.0,8.0,0.125,0.0,4.0,0.0,0.0,0.0,0.0,1.0,5.0,6.0,6.0,0.0,0.0,1.0,1.0,2.0,-23.0
0020000315,1610612737,ATL,Atlanta,1891,Jason Terry,Jason,G,,34:11,7.0,17.0,0.412,2.0,3.0,0.667,1.0,2.0,0.5,2.0,3.0,5.0,4.0,1.0,0.0,6.0,3.0,17.0,-22.0
0020000315,1610612737,ATL,Atlanta,1683,Larry Robinson,Larry,F,,28:42,3.0,9.0,0.333,1.0,5.0,0.2,1.0,1.0,1.0,2.0,6.0,8.0,3.0,2.0,0.0,0.0,2.0,8.0,-12.0
0020000315,1610612737,ATL,Atlanta,953,Lorenzen Wright,Lorenzen,C,,23:03,7.0,12.0,0.583,0.0,0.0,0.0,4.0,5.0,0.8,0.0,4.0,4.0,0.0,0.0,1.0,1.0,4.0,18.0,-6.0
0020000315,1610612737,ATL,Atlanta,2069,Hanno Mottola,Hanno,F,,15:50,0.0,5.0,0.0,0.0,1.0,0.0,2.0,2.0,1.0,0.0,2.0,2.0,0.0,2.0,0.0,1.0,1.0,2.0,1.0
0020000315,1610612737,ATL,Atlanta,2035,DerMarr Johnson,DerMarr,F,,15:38,0.0,3.0,0.0,0.0,2.0,0.0,2.0,2.0,1.0,0.0,1.0,1.0,0.0,0.0,1.0,1.0,1.0,2.0,-8.0
0020000315,1610612737,ATL,Atlanta,1901,Dion Glover,Dion,,,11:02,0.0,2.0,0.0,0.0,0.0,0.0,3.0,4.0,0.75,0.0,2.0,2.0,1.0,1.0,1.0,0.0,1.0,3.0,3.0
0020000315,1610612737,ATL,Atlanta,1533,Anthony Johnson,Anthony,,,18:05,0.0,3.0,0.0,0.0,0.0,0.0,0.0,0.0,0.0,0.0,2.0,2.0,2.0,0.0,0.0,0.0,2.0,0.0,5.0
0020000315,1610612737,ATL,Atlanta,1898,Cal Bowdler,Cal,,,5:44,0.0,1.0,0.0,0.0,0.0,0.0,3.0,4.0,0.75,1.0,0.0,1.0,0.0,1.0,1.0,0.0,2.0,3.0,1.0
0020000315,1610612737,ATL,Atlanta,2094,,,, ,,,,,,,,,,,,,,,,,,,,
0020000315,1610612737,ATL,Atlanta,2150,,,, ,,,,,,,,,,,,,,,,,,,,
0020000315,1610612737,ATL,Atlanta,2151,,,, ,,,,,,,,,,,,,,,,,,,,
0020000315,1610612737,ATL,Atlanta,1774,,,, ,,,,,,,,,,,,,,,,,,,,
0020000315,1610612737,ATL,Atlanta,1260,,,, ,,,,,,,,,,,,,,,,,,,,
0020000315,1610612765,DET,Detroit,688,Michael Curry,Michael,F,,12:27,1.0,3.0,0.333,0.0,0.0,0.0,0.0,0.0,0.0,2.0,1.0,3.0,4.0,1.0,0.0,3.0,0.0,2.0,7.0
0020000315,1610612765,DET,Detroit,1112,Ben Wallace,Ben,F,,31:49,4.0,6.0,0.667,0.0,0.0,0.0,1.0,2.0,0.5,4.0,7.0,11.0,0.0,1.0,3.0,1.0,3.0,9.0,12.0
0020000315,1610612765,DET,Detroit,376,Eric Montross,Eric,C,,12:18,1.0,4.0,0.25,0.0,0.0,0.0,0.0,0.0,0.0,0.0,2.0,2.0,0.0,0.0,0.0,1.0,1.0,2.0,7.0
0020000315,1610612765,DET,Detroit,711,Jerry Stackhouse,Jerry,G,,35:10,10.0,22.0,0.455,1.0,2.0,0.5,9.0,11.0,0.818,0.0,4.0,4.0,6.0,3.0,0.0,2.0,2.0,30.0,22.0
0020000315,1610612765,DET,Detroit,1088,Chucky Atkins,Chucky,G,,19:26,1.0,6.0,0.167,0.0,0.0,0.0,0.0,0.0,0.0,0.0,3.0,3.0,3.0,1.0,0.0,0.0,3.0,2.0,3.0
0020000315,1610612765,DET,Detroit,2043,Mateen Cleaves,Mateen,G,,22:46,3.0,10.0,0.3,0.0,0.0,0.0,3.0,3.0,1.0,0.0,1.0,1.0,7.0,0.0,0.0,2.0,1.0,9.0,10.0
0020000315,1610612765,DET,Detroit,693,Joe Smith,Joe,F,,24:31,2.0,8.0,0.25,0.0,0.0,0.0,3.0,6.0,0.5,0.0,11.0,11.0,0.0,0.0,0.0,0.0,3.0,7.0,14.0
0020000315,1610612765,DET,Detroit,146,Jud Buechler,Jud,G,,19:05,3.0,6.0,0.5,0.0,2.0,0.0,0.0,0.0,0.0,0.0,5.0,5.0,0.0,0.0,0.0,1.0,1.0,6.0,8.0
0020000315,1610612765,DET,Detroit,1630,Mikki Moore,Mikki,C,,21:38,1.0,2.0,0.5,0.0,0.0,0.0,2.0,2.0,1.0,1.0,3.0,4.0,0.0,0.0,1.0,2.0,4.0,4.0,14.0
0020000315,1610612765,DET,Detroit,182,Billy Owens,Billy,F,,12:15,1.0,2.0,0.5,0.0,1.0,0.0,0.0,0.0,0.0,1.0,2.0,3.0,2.0,0.0,0.0,1.0,0.0,2.0,4.0
0020000315,1610612765,DET,Detroit,344,Dana Barros,Dana,G,,22:51,8.0,11.0,0.727,3.0,5.0,0.6,0.0,0.0,0.0,0.0,3.0,3.0,2.0,0.0,0.0,1.0,1.0,19.0,15.0
0020000315,1610612765,DET,Detroit,2073,Brian Cardinal,Brian,,,5:44,0.0,1.0,0.0,0.0,1.0,0.0,0.0,0.0,0.0,1.0,2.0,3.0,0.0,1.0,0.0,1.0,3.0,0.0,-1.0
0020000315,1610612765,DET,Detroit,1996,,,, ,,,,,,,,,,,,,,,,,,,,
0020000315,1610612765,DET,Detroit,1798,,,, ,,,,,,,,,,,,,,,,,,,,
0020000315,1610612765,DET,Detroit,1247,,,, ,,,,,,,,,,,,,,,,,,,,
0020000315,1610612765,DET,Detroit,2155,,,, ,,,,,,,,,,,,,,,,,,,,
0020000317,1610612749,MIL,Milwaukee,299,Glenn Robinson,Glenn,G,,38:53,11.0,23.0,0.478,1.0,4.0,0.25,9.0,9.0,1.0,3.0,6.0,9.0,3.0,0.0,1.0,3.0,2.0,32.0,-2.0
0020000317,1610612749,MIL,Milwaukee,679,Jason Caffey,Jason,F,,22:20,2.0,4.0,0.5,0.0,0.0,0.0,3.0,3.0,1.0,3.0,2.0,5.0,1.0,1.0,1.0,1.0,5.0,7.0,-13.0
0020000317,1610612749,MIL,Milwaukee,2038,Joel Przybilla,Joel,G,,13:08,0.0,1.0,0.0,0.0,0.0,0.0,0.0,0.0,0.0,0.0,1.0,1.0,0.0,1.0,1.0,1.0,3.0,0.0,-5.0
0020000317,1610612749,MIL,Milwaukee,208,Sam Cassell,Sam,G,,26:22,3.0,10.0,0.3,1.0,2.0,0.5,7.0,8.0,0.875,0.0,4.0,4.0,1.0,1.0,0.0,2.0,5.0,14.0,0.0
0020000317,1610612749,MIL,Milwaukee,951,Ray Allen,Ray,G,,36:27,8.0,15.0,0.533,3.0,4.0,0.75,6.0,6.0,1.0,0.0,3.0,3.0,3.0,1.0,0.0,2.0,3.0,25.0,-4.0
0020000317,1610612749,MIL,Milwaukee,911,Ervin Johnson,Ervin,G,,25:27,0.0,0.0,0.0,0.0,0.0,0.0,1.0,2.0,0.5,2.0,2.0,4.0,0.0,1.0,1.0,0.0,5.0,1.0,15.0
0020000317,1610612749,MIL,Milwaukee,281,Scott Williams,Scott,G,,22:31,1.0,3.0,0.333,0.0,0.0,0.0,0.0,0.0,0.0,2.0,4.0,6.0,1.0,0.0,0.0,1.0,3.0,2.0,17.0
0020000317,1610612749,MIL,Milwaukee,283,Lindsey Hunter,Lindsey,G,,28:44,5.0,10.0,0.5,1.0,5.0,0.2,4.0,4.0,1.0,2.0,2.0,4.0,5.0,0.0,0.0,2.0,2.0,15.0,14.0
0020000317,1610612749,MIL,Milwaukee,1501,Tim Thomas,Tim,G,,25:39,2.0,7.0,0.286,1.0,4.0,0.25,8.0,8.0,1.0,0.0,4.0,4.0,0.0,3.0,1.0,1.0,2.0,13.0,21.0
0020000317,1610612749,MIL,Milwaukee,760,Jerome Kersey,Jerome,,,0:30,0.0,0.0,0.0,0.0,0.0,0.0,2.0,2.0,1.0,0.0,0.0,0.0,0.0,0.0,0.0,0.0,0.0,2.0,2.0
0020000317,1610612749,MIL,Milwaukee,1334,,,, ,,,,,,,,,,,,,,,,,,,,
0020000317,1610612749,MIL,Milwaukee,1337,,,, ,,,,,,,,,,,,,,,,,,,,
0020000317,1610612749,MIL,Milwaukee,1355,,,, ,,,,,,,,,,,,,,,,,,,,
0020000317,1610612749,MIL,Milwaukee,1796,,,, ,,,,,,,,,,,,,,,,,,,,
0020000317,1610612749,MIL,Milwaukee,1797,,,, ,,,,,,,,,,,,,,,,,,,,
0020000317,1610612749,MIL,Milwaukee,2157,,,, ,,,,,,,,,,,,,,,,,,,,
0020000317,1610612749,MIL,Milwaukee,1747,Rafer Alston,Rafer,,DNP - Coach's Decision,,,,,,,,,,,,,,,,,,,,
0020000317,1610612749,MIL,Milwaukee,998,Mark Pope,Mark,,DNP - Coach's Decision,,,,,,,,,,,,,,,,,,,,
0020000317,1610612762,UTA,Utah,935,Bryon Russell,Bryon,F,,33:22,5.0,12.0,0.417,3.0,5.0,0.6,4.0,7.0,0.571,1.0,3.0,4.0,3.0,0.0,1.0,3.0,5.0,17.0,-2.0
0020000317,1610612762,UTA,Utah,252,Karl Malone,Karl,G,,37:38,10.0,18.0,0.556,0.0,0.0,0.0,15.0,15.0,1.0,2.0,6.0,8.0,4.0,1.0,0.0,2.0,5.0,35.0,-2.0
0020000317,1610612762,UTA,Utah,178,Olden Polynice,Olden,F,,15:04,1.0,2.0,0.5,0.0,0.0,0.0,0.0,0.0,0.0,2.0,0.0,2.0,1.0,0.0,0.0,0.0,4.0,2.0,10.0
0020000317,1610612762,UTA,Utah,304,John Stockton,John,G,,34:35,6.0,12.0,0.5,2.0,6.0,0.333,2.0,2.0,1.0,0.0,3.0,3.0,9.0,1.0,2.0,1.0,3.0,16.0,1.0
0020000317,1610612762,UTA,Utah,317,John Starks,John,G,,25:39,0.0,3.0,0.0,0.0,1.0,0.0,0.0,0.0,0.0,0.0,2.0,2.0,2.0,1.0,0.0,2.0,4.0,0.0,11.0
0020000317,1610612762,UTA,Utah,1521,Jacque Vaughn,Jacque,G,,18:14,1.0,3.0,0.333,0.0,0.0,0.0,0.0,0.0,0.0,0.0,0.0,0.0,6.0,1.0,0.0,2.0,0.0,2.0,-15.0
0020000317,1610612762,UTA,Utah,731,Greg Ostertag,Greg,F,,25:47,1.0,3.0,0.333,0.0,0.0,0.0,3.0,4.0,0.75,3.0,6.0,9.0,0.0,1.0,1.0,2.0,2.0,5.0,-19.0
0020000317,1610612762,UTA,Utah,923,Donyell Marshall,Donyell,G,,23:40,5.0,9.0,0.556,2.0,4.0,0.5,2.0,2.0,1.0,1.0,2.0,3.0,1.0,1.0,0.0,1.0,4.0,14.0,-5.0
0020000317,1610612762,UTA,Utah,1900,Quincy Lewis,Quincy,F,,11:51,2.0,7.0,0.286,0.0,2.0,0.0,1.0,2.0,0.5,1.0,0.0,1.0,0.0,0.0,0.0,0.0,1.0,5.0,-12.0
0020000317,1610612762,UTA,Utah,330,Danny Manning,Danny,C,,14:10,3.0,7.0,0.429,0.0,0.0,0.0,0.0,0.0,0.0,2.0,0.0,2.0,0.0,0.0,1.0,0.0,3.0,6.0,-12.0
0020000317,1610612762,UTA,Utah,1372,,,, ,,,,,,,,,,,,,,,,,,,,
0020000317,1610612762,UTA,Utah,1345,,,, ,,,,,,,,,,,,,,,,,,,,
0020000317,1610612762,UTA,Utah,1347,,,, ,,,,,,,,,,,,,,,,,,,,
0020000317,1610612762,UTA,Utah,1348,,,, ,,,,,,,,,,,,,,,,,,,,
0020000317,1610612762,UTA,Utah,1228,,,, ,,,,,,,,,,,,,,,,,,,,
0020000317,1610612762,UTA,Utah,1794,,,, ,,,,,,,,,,,,,,,,,,,,
0020000317,1610612762,UTA,Utah,128,David Benoit,David,,DNP - Coach's Decision,,,,,,,,,,,,,,,,,,,,
0020000317,1610612762,UTA,Utah,2052,DeShawn Stevenson,DeShawn,,DNP - Coach's Decision,,,,,,,,,,,,,,,,,,,,
0020000313,1610612755,PHI,Philadelphia,248,George Lynch,George,F,,29:43,1.0,5.0,0.2,0.0,0.0,0.0,2.0,2.0,1.0,2.0,2.0,4.0,2.0,3.0,1.0,1.0,2.0,4.0,-2.0
0020000313,1610612755,PHI,Philadelphia,238,Tyrone Hill,Tyrone,F,,29:41,4.0,9.0,0.444,0.0,0.0,0.0,6.0,9.0,0.667,4.0,5.0,9.0,2.0,0.0,3.0,1.0,5.0,14.0,7.0
0020000313,1610612755,PHI,Philadelphia,689,Theo Ratliff,Theo,G,,40:51,4.0,13.0,0.308,0.0,0.0,0.0,4.0,7.0,0.571,8.0,5.0,13.0,3.0,1.0,6.0,4.0,2.0,12.0,28.0
0020000313,1610612755,PHI,Philadelphia,137,Vernon Maxwell,Vernon,G,,20:26,3.0,10.0,0.3,3.0,6.0,0.5,0.0,0.0,0.0,0.0,2.0,2.0,3.0,0.0,0.0,0.0,5.0,9.0,-5.0
0020000313,1610612755,PHI,Philadelphia,947,Allen Iverson,Allen,G,,41:28,10.0,21.0,0.476,0.0,1.0,0.0,5.0,8.0,0.625,0.0,1.0,1.0,4.0,5.0,0.0,5.0,2.0,25.0,26.0
0020000313,1610612755,PHI,Philadelphia,243,Aaron McKie,Aaron,F,,35:39,6.0,10.0,0.6,2.0,5.0,0.4,2.0,2.0,1.0,0.0,8.0,8.0,6.0,2.0,1.0,3.0,2.0,16.0,27.0
0020000313,1610612755,PHI,Philadelphia,389,Toni Kukoc,Toni,F,,18:36,4.0,7.0,0.571,0.0,1.0,0.0,2.0,4.0,0.5,1.0,1.0,2.0,2.0,0.0,0.0,0.0,2.0,10.0,6.0
0020000313,1610612755,PHI,Philadelphia,761,Matt Geiger,Matt,,,3:41,0.0,2.0,0.0,0.0,0.0,0.0,0.0,0.0,0.0,0.0,1.0,1.0,0.0,1.0,1.0,0.0,2.0,0.0,0.0
0020000313,1610612755,PHI,Philadelphia,1908,Jumaine Jones,Jumaine,,,10:12,3.0,3.0,1.0,0.0,0.0,0.0,0.0,0.0,0.0,0.0,1.0,1.0,0.0,0.0,0.0,3.0,0.0,6.0,4.0
0020000313,1610612755,PHI,Philadelphia,2143,Pepe Sanchez,Pepe,,,4:51,2.0,2.0,1.0,0.0,0.0,0.0,0.0,0.0,0.0,0.0,2.0,2.0,3.0,0.0,0.0,0.0,1.0,4.0,7.0
0020000313,1610612755,PHI,Philadelphia,1928,Todd MacCulloch,Todd,,,2:26,0.0,1.0,0.0,0.0,0.0,0.0,0.0,0.0,0.0,0.0,1.0,1.0,0.0,0.0,0.0,0.0,0.0,0.0,1.0
0020000313,1610612755,PHI,Philadelphia,1737,Nazr Mohammed,Nazr,,,2:26,1.0,1.0,1.0,0.0,0.0,0.0,0.0,0.0,0.0,0.0,0.0,0.0,0.0,0.0,0.0,0.0,0.0,2.0,1.0
0020000313,1610612755,PHI,Philadelphia,1865,,,, ,,,,,,,,,,,,,,,,,,,,
0020000313,1610612755,PHI,Philadelphia,2169,,,, ,,,,,,,,,,,,,,,,,,,,
0020000313,1610612755,PHI,Philadelphia,1212,,,, ,,,,,,,,,,,,,,,,,,,,
0020000313,1610612755,PHI,Philadelphia,1259,,,, ,,,,,,,,,,,,,,,,,,,,
0020000313,1610612755,PHI,Philadelphia,1308,,,, ,,,,,,,,,,,,,,,,,,,,
0020000313,1610612755,PHI,Philadelphia,1312,,,, ,,,,,,,,,,,,,,,,,,,,
0020000313,1610612755,PHI,Philadelphia,1313,,,, ,,,,,,,,,,,,,,,,,,,,
0020000313,1610612764,WAS,Washington,1838,Tyrone Nesby,Tyrone,G,,34:43,3.0,12.0,0.25,1.0,7.0,0.143,0.0,0.0,0.0,2.0,5.0,7.0,2.0,1.0,0.0,2.0,2.0,7.0,-7.0
0020000313,1610612764,WAS,Washington,436,Juwan Howard,Juwan,F,,34:06,2.0,9.0,0.222,0.0,0.0,0.0,3.0,4.0,0.75,3.0,6.0,9.0,3.0,0.0,0.0,4.0,5.0,7.0,-1.0
0020000313,1610612764,WAS,Washington,1751,Jahidi White,Jahidi,F,,20:39,6.0,13.0,0.462,0.0,0.0,0.0,2.0,3.0,0.667,3.0,6.0,9.0,0.0,0.0,1.0,1.0,4.0,14.0,3.0
0020000313,1610612764,WAS,Washington,1732,Felipe Lopez,Felipe,G,,30:19,7.0,9.0,0.778,0.0,0.0,0.0,2.0,4.0,0.5,0.0,0.0,0.0,5.0,1.0,1.0,4.0,4.0,16.0,-11.0
0020000313,1610612764,WAS,Washington,393,Rod Strickland,Rod,G,,27:19,3.0,10.0,0.3,0.0,0.0,0.0,1.0,2.0,0.5,0.0,3.0,3.0,8.0,3.0,0.0,3.0,4.0,7.0,1.0
0020000313,1610612764,WAS,Washington,1916,Calvin Booth,Calvin,,,15:15,1.0,3.0,0.333,0.0,0.0,0.0,0.0,0.0,0.0,1.0,2.0,3.0,2.0,0.0,3.0,1.0,5.0,2.0,-4.0
0020000313,1610612764,WAS,Washington,1888,Richard Hamilton,Richard,G,,23:34,5.0,12.0,0.417,0.0,2.0,0.0,1.0,1.0,1.0,1.0,1.0,2.0,0.0,0.0,0.0,2.0,3.0,11.0,-14.0
0020000313,1610612764,WAS,Washington,43,Chris Whitney,Chris,F,,20:56,4.0,10.0,0.4,1.0,3.0,0.333,1.0,2.0,0.5,1.0,1.0,2.0,6.0,1.0,0.0,3.0,2.0,10.0,-22.0
0020000313,1610612764,WAS,Washington,63,Michael Smith,Michael,G,,16:32,2.0,3.0,0.667,0.0,0.0,0.0,0.0,0.0,0.0,4.0,5.0,9.0,1.0,1.0,0.0,1.0,0.0,4.0,-27.0
0020000313,1610612764,WAS,Washington,1562,Gerard King,Gerard,G,,9:47,2.0,4.0,0.5,0.0,0.0,0.0,0.0,0.0,0.0,0.0,2.0,2.0,1.0,2.0,1.0,1.0,5.0,4.0,-11.0
0020000313,1610612764,WAS,Washington,1919,Laron Profit,Laron,,,6:01,0.0,2.0,0.0,0.0,0.0,0.0,0.0,0.0,0.0,0.0,1.0,1.0,0.0,0.0,0.0,1.0,1.0,0.0,-5.0
0020000313,1610612764,WAS,Washington,1918,Obinna Ekezie,Obinna,,,0:50,0.0,1.0,0.0,0.0,0.0,0.0,0.0,0.0,0.0,0.0,0.0,0.0,0.0,0.0,0.0,0.0,0.0,0.0,-2.0
0020000313,1610612764,WAS,Washington,1245,,,, ,,,,,,,,,,,,,,,,,,,,
0020000313,1610612764,WAS,Washington,1251,,,, ,,,,,,,,,,,,,,,,,,,,
0020000313,1610612764,WAS,Washington,1271,,,, ,,,,,,,,,,,,,,,,,,,,
0020000313,1610612764,WAS,Washington,1340,,,, ,,,,,,,,,,,,,,,,,,,,
0020000313,1610612764,WAS,Washington,1360,,,, ,,,,,,,,,,,,,,,,,,,,
0020000313,1610612764,WAS,Washington,2171,,,, ,,,,,,,,,,,,,,,,,,,,
0020000313,1610612764,WAS,Washington,2093,,,, ,,,,,,,,,,,,,,,,,,,,
0020000313,1610612764,WAS,Washington,2095,,,, ,,,,,,,,,,,,,,,,,,,,
0020000323,1610612743,DEN,Denver,1899,James Posey,James,F,,25:57,1.0,3.0,0.333,0.0,0.0,0.0,2.0,2.0,1.0,0.0,3.0,3.0,0.0,0.0,1.0,1.0,1.0,4.0,8.0
0020000323,1610612743,DEN,Denver,686,Antonio McDyess,Antonio,F,,37:33,6.0,16.0,0.375,0.0,0.0,0.0,7.0,8.0,0.875,3.0,9.0,12.0,1.0,2.0,1.0,2.0,3.0,19.0,6.0
0020000323,1610612743,DEN,Denver,1711,Raef LaFrentz,Raef,G,,39:21,10.0,15.0,0.667,3.0,4.0,0.75,5.0,6.0,0.833,1.0,12.0,13.0,2.0,3.0,3.0,1.0,2.0,28.0,11.0
0020000323,1610612743,DEN,Denver,702,Voshon Lenard,Voshon,G,,30:46,2.0,10.0,0.2,2.0,6.0,0.333,2.0,2.0,1.0,1.0,2.0,3.0,2.0,0.0,0.0,2.0,4.0,8.0,12.0
0020000323,1610612743,DEN,Denver,89,Nick Van Exel,Nick,G,,37:29,6.0,17.0,0.353,3.0,6.0,0.5,3.0,4.0,0.75,1.0,3.0,4.0,11.0,1.0,0.0,2.0,1.0,18.0,6.0
0020000323,1610612743,DEN,Denver,1721,Keon Clark,Keon,G,,15:12,1.0,3.0,0.333,0.0,0.0,0.0,6.0,6.0,1.0,4.0,2.0,6.0,0.0,0.0,2.0,2.0,4.0,8.0,2.0
0020000323,1610612743,DEN,Denver,1763,Ryan Bowen,Ryan,F,,16:18,1.0,2.0,0.5,0.0,1.0,0.0,0.0,0.0,0.0,0.0,2.0,2.0,0.0,0.0,0.0,0.0,3.0,2.0,-3.0
0020000323,1610612743,DEN,Denver,123,Robert Pack,Robert,F,,13:39,0.0,3.0,0.0,0.0,0.0,0.0,2.0,2.0,1.0,0.0,2.0,2.0,6.0,2.0,0.0,1.0,2.0,2.0,-3.0
0020000323,1610612743,DEN,Denver,45,George McCloud,George,F,,19:51,6.0,12.0,0.5,0.0,2.0,0.0,1.0,1.0,1.0,0.0,1.0,1.0,0.0,2.0,0.0,0.0,1.0,13.0,-2.0
0020000323,1610612743,DEN,Denver,1110,Mark Strickland,Mark,,,3:54,0.0,2.0,0.0,0.0,0.0,0.0,0.0,0.0,0.0,0.0,0.0,0.0,0.0,0.0,0.0,0.0,2.0,0.0,-7.0
0020000323,1610612743,DEN,Denver,1505,Tariq Abdul-Wahad,Tariq,,DNP - Coach's Decision,,,,,,,,,,,,,,,,,,,,
0020000323,1610612743,DEN,Denver,145,Tracy Murray,Tracy,,DNP - Coach's Decision,,,,,,,,,,,,,,,,,,,,
0020000323,1610612759,SAS,San Antonio,251,Sean Elliott,Sean,F,,25:02,2.0,11.0,0.182,0.0,4.0,0.0,0.0,0.0,0.0,0.0,6.0,6.0,0.0,0.0,0.0,3.0,1.0,4.0,-20.0
0020000323,1610612759,SAS,San Antonio,1495,Tim Duncan,Tim,G,,35:16,7.0,14.0,0.5,1.0,1.0,1.0,2.0,2.0,1.0,0.0,8.0,8.0,4.0,0.0,2.0,3.0,5.0,17.0,-7.0
0020000323,1610612759,SAS,San Antonio,764,David Robinson,David,G,,35:37,10.0,16.0,0.625,0.0,0.0,0.0,3.0,7.0,0.429,5.0,7.0,12.0,1.0,2.0,3.0,6.0,3.0,23.0,1.0
0020000323,1610612759,SAS,San Antonio,1498,Antonio Daniels,Antonio,G,,37:11,5.0,12.0,0.417,1.0,4.0,0.25,1.0,2.0,0.5,0.0,4.0,4.0,6.0,0.0,2.0,1.0,4.0,12.0,-7.0
0020000323,1610612759,SAS,San Antonio,1507,Derek Anderson,Derek,G,,30:51,2.0,6.0,0.333,0.0,1.0,0.0,7.0,8.0,0.875,0.0,2.0,2.0,3.0,0.0,0.0,0.0,3.0,11.0,-11.0
0020000323,1610612759,SAS,San Antonio,198,Danny Ferry,Danny,G,,22:58,3.0,4.0,0.75,3.0,3.0,1.0,0.0,1.0,0.0,1.0,2.0,3.0,0.0,0.0,0.0,2.0,2.0,9.0,14.0
0020000323,1610612759,SAS,San Antonio,990,Malik Rose,Malik,F,,25:07,2.0,6.0,0.333,0.0,0.0,0.0,2.0,4.0,0.5,3.0,6.0,9.0,3.0,1.0,1.0,0.0,3.0,6.0,-6.0
0020000323,1610612759,SAS,San Antonio,70,Steve Kerr,Steve,G,,15:24,1.0,4.0,0.25,1.0,1.0,1.0,3.0,3.0,1.0,0.0,2.0,2.0,2.0,0.0,0.0,0.0,2.0,6.0,2.0
0020000323,1610612759,SAS,San Antonio,345,Terry Porter,Terry,F,,12:34,2.0,5.0,0.4,1.0,2.0,0.5,3.0,4.0,0.75,0.0,0.0,0.0,3.0,2.0,0.0,0.0,2.0,8.0,4.0
0020000323,1610612759,SAS,San Antonio,1760,Derrick Dial,Derrick,,DNP - Coach's Decision,,,,,,,,,,,,,,,,,,,,
0020000323,1610612759,SAS,San Antonio,1956,Ira Newble,Ira,,DNP - Coach's Decision,,,,,,,,,,,,,,,,,,,,
0020000323,1610612759,SAS,San Antonio,955,Samaki Walker,Samaki,,DNP - Coach's Decision,,,,,,,,,,,,,,,,,,,,
0020000324,1610612745,HOU,Houston,1005,Walt Williams,Walt,F,,16:36,3.0,6.0,0.5,2.0,3.0,0.667,1.0,2.0,0.5,0.0,1.0,1.0,2.0,2.0,0.0,2.0,1.0,9.0,-8.0
0020000324,1610612745,HOU,Houston,1508,Maurice Taylor,Maurice,F,,35:31,10.0,16.0,0.625,0.0,0.0,0.0,2.0,5.0,0.4,5.0,4.0,9.0,1.0,1.0,0.0,4.0,3.0,22.0,-7.0
0020000324,1610612745,HOU,Houston,165,Hakeem Olajuwon,Hakeem,F,,17:13,3.0,6.0,0.5,0.0,0.0,0.0,0.0,0.0,0.0,1.0,5.0,6.0,1.0,0.0,1.0,5.0,4.0,6.0,0.0
0020000324,1610612745,HOU,Houston,1000,Shandon Anderson,Shandon,G,,21:40,2.0,2.0,1.0,0.0,0.0,0.0,0.0,0.0,0.0,0.0,5.0,5.0,0.0,0.0,0.0,1.0,1.0,4.0,3.0
0020000324,1610612745,HOU,Houston,1883,Steve Francis,Steve,G,,45:16,5.0,14.0,0.357,0.0,3.0,0.0,6.0,6.0,1.0,3.0,3.0,6.0,12.0,3.0,2.0,6.0,3.0,16.0,7.0
0020000324,1610612745,HOU,Houston,1903,Kenny Thomas,Kenny,G,,30:47,3.0,6.0,0.5,0.0,1.0,0.0,6.0,6.0,1.0,1.0,5.0,6.0,2.0,0.0,0.0,2.0,1.0,12.0,3.0
0020000324,1610612745,HOU,Houston,1749,Cuttino Mobley,Cuttino,G,,38:53,7.0,17.0,0.412,1.0,4.0,0.25,5.0,6.0,0.833,0.0,5.0,5.0,4.0,1.0,0.0,1.0,2.0,20.0,3.0
0020000324,1610612745,HOU,Houston,672,Matt Bullard,Matt,G,,14:51,1.0,2.0,0.5,1.0,2.0,0.5,0.0,0.0,0.0,0.0,4.0,4.0,1.0,0.0,1.0,0.0,2.0,3.0,6.0
0020000324,1610612745,HOU,Houston,983,Moochie Norris,Moochie,,,19:13,1.0,3.0,0.333,1.0,1.0,1.0,3.0,4.0,0.75,0.0,2.0,2.0,4.0,0.0,0.0,0.0,1.0,6.0,8.0
0020000324,1610612745,HOU,Houston,825,,,, ,,,,,,,,,,,,,,,,,,,,
0020000324,1610612745,HOU,Houston,1997,,,, ,,,,,,,,,,,,,,,,,,,,
0020000324,1610612745,HOU,Houston,1255,,,, ,,,,,,,,,,,,,,,,,,,,
0020000324,1610612745,HOU,Houston,1256,,,, ,,,,,,,,,,,,,,,,,,,,
0020000324,1610612745,HOU,Houston,1257,,,, ,,,,,,,,,,,,,,,,,,,,
0020000324,1610612745,HOU,Houston,1258,,,, ,,,,,,,,,,,,,,,,,,,,
0020000324,1610612745,HOU,Houston,2061,Dan Langhi,Dan,,DNP - Coach's Decision,,,,,,,,,,,,,,,,,,,,
0020000324,1610612745,HOU,Houston,292,Anthony Miller,Anthony,,DNP - Coach's Decision,,,,,,,,,,,,,,,,,,,,
0020000324,1610612745,HOU,Houston,435,Carlos Rogers,Carlos,,DND - Strained Left Knee,,,,,,,,,,,,,,,,,,,,
0020000324,1610612744,GSW,Golden State,1712,Antawn Jamison,Antawn,G,,43:20,10.0,28.0,0.357,0.0,1.0,0.0,3.0,5.0,0.6,6.0,5.0,11.0,3.0,0.0,0.0,2.0,3.0,23.0,-10.0
0020000324,1610612744,GSW,Golden State,2084,Chris Porter,Chris,F,,37:28,9.0,19.0,0.474,0.0,0.0,0.0,2.0,2.0,1.0,2.0,6.0,8.0,3.0,3.0,1.0,0.0,2.0,20.0,8.0
0020000324,1610612744,GSW,Golden State,1531,Marc Jackson,Marc,G,,43:57,5.0,10.0,0.5,0.0,3.0,0.0,5.0,5.0,1.0,4.0,6.0,10.0,2.0,0.0,1.0,2.0,2.0,15.0,0.0
0020000324,1610612744,GSW,Golden State,1716,Larry Hughes,Larry,G,,35:08,6.0,17.0,0.353,0.0,1.0,0.0,3.0,4.0,0.75,4.0,3.0,7.0,5.0,2.0,1.0,2.0,3.0,15.0,-10.0
0020000324,1610612744,GSW,Golden State,302,Mookie Blaylock,Mookie,G,,32:14,5.0,15.0,0.333,0.0,1.0,0.0,0.0,0.0,0.0,3.0,3.0,6.0,7.0,4.0,0.0,1.0,1.0,10.0,-3.0
0020000324,1610612744,GSW,Golden State,1502,Adonal Foyle,Adonal,G,,8:43,0.0,1.0,0.0,0.0,0.0,0.0,0.0,0.0,0.0,0.0,1.0,1.0,0.0,0.0,0.0,0.0,1.0,0.0,4.0
0020000324,1610612744,GSW,Golden State,1907,Vonteego Cummings,Vonteego,F,,27:10,4.0,8.0,0.5,1.0,3.0,0.333,0.0,0.0,0.0,2.0,1.0,3.0,4.0,0.0,0.0,1.0,4.0,9.0,-14.0
0020000324,1610612744,GSW,Golden State,219,Vinny Del Negro,Vinny,G,,12:00,1.0,2.0,0.5,0.0,0.0,0.0,1.0,1.0,1.0,0.0,0.0,0.0,2.0,0.0,0.0,1.0,3.0,3.0,10.0
0020000324,1610612744,GSW,Golden State,1217,,,, ,,,,,,,,,,,,,,,,,,,,
0020000324,1610612744,GSW,Golden State,1252,,,, ,,,,,,,,,,,,,,,,,,,,
0020000324,1610612744,GSW,Golden State,1323,,,, ,,,,,,,,,,,,,,,,,,,,
0020000324,1610612744,GSW,Golden State,1350,,,, ,,,,,,,,,,,,,,,,,,,,
0020000324,1610612744,GSW,Golden State,1373,,,, ,,,,,,,,,,,,,,,,,,,,
0020000324,1610612744,GSW,Golden State,500093,,,, ,,,,,,,,,,,,,,,,,,,,
0020000324,1610612744,GSW,Golden State,1637,,,, ,,,,,,,,,,,,,,,,,,,,
0020000324,1610612744,GSW,Golden State,223,Bill Curley,Bill,,DNP - Coach's Decision,,,,,,,,,,,,,,,,,,,,
0020000324,1610612744,GSW,Golden State,956,Erick Dampier,Erick,,DND - Inflamed Left Knee,,,,,,,,,,,,,,,,,,,,
0020000324,1610612744,GSW,Golden State,228,Adam Keefe,Adam,,DNP - Coach's Decision,,,,,,,,,,,,,,,,,,,,
0020000324,1610612744,GSW,Golden State,682,Bob Sura,Bob,,DND - Strained Left Hamstring,,,,,,,,,,,,,,,,,,,,
0020000322,1610612752,NYK,New York,779,Glen Rice,Glen,F,,34:16,4.0,12.0,0.333,1.0,3.0,0.333,1.0,2.0,0.5,0.0,3.0,3.0,0.0,1.0,0.0,0.0,2.0,10.0,-11.0
0020000322,1610612752,NYK,New York,913,Larry Johnson,Larry,F,,16:54,0.0,4.0,0.0,0.0,2.0,0.0,4.0,4.0,1.0,0.0,0.0,0.0,1.0,0.0,1.0,1.0,1.0,4.0,1.0
0020000322,1610612752,NYK,New York,948,Marcus Camby,Marcus,C,,37:52,2.0,6.0,0.333,0.0,0.0,0.0,1.0,3.0,0.333,4.0,9.0,13.0,2.0,4.0,4.0,0.0,2.0,5.0,-13.0
0020000322,1610612752,NYK,New York,275,Allan Houston,Allan,G,,38:26,4.0,14.0,0.286,0.0,2.0,0.0,1.0,1.0,1.0,0.0,2.0,2.0,1.0,1.0,0.0,6.0,0.0,9.0,-3.0
0020000322,1610612752,NYK,New York,84,Latrell Sprewell,Latrell,G,,40:15,7.0,16.0,0.438,2.0,2.0,1.0,2.0,2.0,1.0,0.0,3.0,3.0,3.0,0.0,1.0,5.0,2.0,18.0,0.0
0020000322,1610612752,NYK,New York,703,Kurt Thomas,Kurt,F,,29:10,6.0,10.0,0.6,0.0,0.0,0.0,0.0,0.0,0.0,4.0,6.0,10.0,0.0,1.0,1.0,1.0,3.0,12.0,-2.0
0020000322,1610612752,NYK,New York,164,Chris Childs,Chris,G,,31:27,4.0,9.0,0.444,0.0,0.0,0.0,0.0,0.0,0.0,0.0,4.0,4.0,6.0,2.0,2.0,2.0,4.0,8.0,7.0
0020000322,1610612752,NYK,New York,26,Luc Longley,Luc,C,,11:40,1.0,2.0,0.5,0.0,0.0,0.0,0.0,0.0,0.0,0.0,1.0,1.0,0.0,0.0,1.0,0.0,2.0,2.0,11.0
0020000322,1610612752,NYK,New York,1594,Rick Brunson,Rick,,DNP - Coach's Decision,,,,,,,,,,,,,,,,,,,,
0020000322,1610612752,NYK,New York,969,Travis Knight,Travis,,DNP - Coach's Decision,,,,,,,,,,,,,,,,,,,,
0020000322,1610612752,NYK,New York,2068,Lavor Postell,Lavor,,DNP - Coach's Decision,,,,,,,,,,,,,,,,,,,,
0020000322,1610612752,NYK,New York,1065,Erick Strickland,Erick,,DNP - Coach's Decision,,,,,,,,,,,,,,,,,,,,
0020000322,1610612761,TOR,Toronto,722,Corliss Williamson,Corliss,F,,31:09,8.0,15.0,0.533,0.0,0.0,0.0,0.0,0.0,0.0,3.0,6.0,9.0,1.0,0.0,2.0,3.0,5.0,16.0,22.0
0020000322,1610612761,TOR,Toronto,891,Charles Oakley,Charles,F,,38:36,6.0,11.0,0.545,0.0,2.0,0.0,2.0,2.0,1.0,2.0,9.0,11.0,4.0,2.0,0.0,3.0,5.0,14.0,2.0
0020000322,1610612761,TOR,Toronto,213,Antonio Davis,Antonio,F,,39:42,1.0,8.0,0.125,0.0,0.0,0.0,3.0,4.0,0.75,6.0,4.0,10.0,2.0,0.0,4.0,0.0,1.0,5.0,11.0
0020000322,1610612761,TOR,Toronto,1713,Vince Carter,Vince,G,,44:04,8.0,22.0,0.364,2.0,4.0,0.5,6.0,8.0,0.75,3.0,5.0,8.0,2.0,4.0,0.0,3.0,0.0,24.0,-3.0
0020000322,1610612761,TOR,Toronto,349,Mark Jackson,Mark,G,,35:52,1.0,9.0,0.111,1.0,7.0,0.143,1.0,2.0,0.5,1.0,3.0,4.0,7.0,4.0,0.0,4.0,2.0,4.0,6.0
0020000322,1610612761,TOR,Toronto,2050,Morris Peterson,Morris,F,,17:28,1.0,5.0,0.2,0.0,2.0,0.0,0.0,0.0,0.0,2.0,3.0,5.0,1.0,0.0,2.0,1.0,1.0,2.0,-12.0
0020000322,1610612761,TOR,Toronto,1541,Alvin Williams,Alvin,G,,15:31,1.0,5.0,0.2,0.0,0.0,0.0,0.0,0.0,0.0,0.0,2.0,2.0,5.0,1.0,0.0,2.0,1.0,2.0,-7.0
0020000322,1610612761,TOR,Toronto,788,Kevin Willis,Kevin,C,,17:38,0.0,6.0,0.0,0.0,0.0,0.0,3.0,4.0,0.75,3.0,3.0,6.0,0.0,1.0,1.0,2.0,2.0,3.0,-9.0
0020000322,1610612761,TOR,Toronto,895,Tyrone Corbin,Tyrone,,DNP - Coach's Decision,,,,,,,,,,,,,,,,,,,,
0020000322,1610612761,TOR,Toronto,209,Dell Curry,Dell,,DNP - Coach's Decision,,,,,,,,,,,,,,,,,,,,
0020000322,1610612761,TOR,Toronto,1600,Kornel David,Kornel,,DNP - Coach's Decision,,,,,,,,,,,,,,,,,,,,
0020000322,1610612761,TOR,Toronto,1565,Michael Stewart,Michael,,DNP - Coach's Decision,,,,,,,,,,,,,,,,,,,,
0020000327,1610612742,DAL,Dallas,714,Michael Finley,Michael,G,,45:36,11.0,21.0,0.524,1.0,5.0,0.2,2.0,2.0,1.0,2.0,1.0,3.0,5.0,2.0,0.0,0.0,1.0,25.0,18.0
0020000327,1610612742,DAL,Dallas,1717,Dirk Nowitzki,Dirk,G,,39:49,13.0,19.0,0.684,5.0,8.0,0.625,5.0,5.0,1.0,1.0,5.0,6.0,1.0,0.0,1.0,0.0,1.0,36.0,10.0
0020000327,1610612742,DAL,Dallas,762,Shawn Bradley,Shawn,G,,16:05,0.0,4.0,0.0,0.0,0.0,0.0,1.0,2.0,0.5,2.0,1.0,3.0,1.0,1.0,2.0,0.0,4.0,1.0,9.0
0020000327,1610612742,DAL,Dallas,458,Howard Eisley,Howard,G,,30:40,7.0,9.0,0.778,2.0,3.0,0.667,0.0,0.0,0.0,1.0,3.0,4.0,2.0,2.0,0.0,1.0,4.0,16.0,9.0
0020000327,1610612742,DAL,Dallas,959,Steve Nash,Steve,G,,38:05,7.0,17.0,0.412,1.0,4.0,0.25,3.0,3.0,1.0,2.0,5.0,7.0,13.0,1.0,0.0,4.0,3.0,18.0,17.0
0020000327,1610612742,DAL,Dallas,363,Christian Laettner,Christian,F,,28:02,3.0,11.0,0.273,0.0,0.0,0.0,3.0,3.0,1.0,5.0,3.0,8.0,1.0,0.0,0.0,3.0,5.0,9.0,7.0
0020000327,1610612742,DAL,Dallas,93,Hubert Davis,Hubert,F,,27:15,1.0,10.0,0.1,1.0,4.0,0.25,0.0,0.0,0.0,0.0,8.0,8.0,1.0,0.0,0.0,0.0,2.0,3.0,10.0
0020000327,1610612742,DAL,Dallas,2059,Eduardo Najera,Eduardo,,,1:40,0.0,1.0,0.0,0.0,0.0,0.0,0.0,0.0,0.0,0.0,0.0,0.0,0.0,0.0,0.0,0.0,1.0,0.0,-1.0
0020000327,1610612742,DAL,Dallas,919,Loy Vaught,Loy,,,5:50,1.0,1.0,1.0,0.0,0.0,0.0,0.0,0.0,0.0,0.0,2.0,2.0,0.0,1.0,0.0,1.0,1.0,2.0,11.0
0020000327,1610612742,DAL,Dallas,95,Mark Bryant,Mark,,,1:50,0.0,0.0,0.0,0.0,0.0,0.0,0.0,0.0,0.0,0.0,0.0,0.0,0.0,0.0,0.0,0.0,0.0,0.0,1.0
0020000327,1610612742,DAL,Dallas,2042,Courtney Alexander,Courtney,,,2:44,1.0,2.0,0.5,0.0,0.0,0.0,0.0,0.0,0.0,0.0,1.0,1.0,0.0,1.0,0.0,0.0,1.0,2.0,-1.0
0020000327,1610612742,DAL,Dallas,2051,Donnell Harvey,Donnell,,,2:24,0.0,0.0,0.0,0.0,0.0,0.0,0.0,2.0,0.0,0.0,0.0,0.0,0.0,0.0,0.0,0.0,1.0,0.0,0.0
0020000327,1610612742,DAL,Dallas,2154,,,, ,,,,,,,,,,,,,,,,,,,,
0020000327,1610612742,DAL,Dallas,1782,,,, ,,,,,,,,,,,,,,,,,,,,
0020000327,1610612742,DAL,Dallas,1233,,,, ,,,,,,,,,,,,,,,,,,,,
0020000327,1610612742,DAL,Dallas,1269,,,, ,,,,,,,,,,,,,,,,,,,,
0020000327,1610612742,DAL,Dallas,1317,,,, ,,,,,,,,,,,,,,,,,,,,
0020000327,1610612742,DAL,Dallas,1370,,,, ,,,,,,,,,,,,,,,,,,,,
0020000327,1610612742,DAL,Dallas,1483,,,, ,,,,,,,,,,,,,,,,,,,,
0020000327,1610612742,DAL,Dallas,1643,,,, ,,,,,,,,,,,,,,,,,,,,
0020000327,1610612755,PHI,Philadelphia,248,George Lynch,George,G,,20:27,1.0,4.0,0.25,0.0,0.0,0.0,1.0,2.0,0.5,3.0,6.0,9.0,4.0,0.0,0.0,2.0,3.0,3.0,-1.0
0020000327,1610612755,PHI,Philadelphia,238,Tyrone Hill,Tyrone,F,,20:53,4.0,8.0,0.5,0.0,0.0,0.0,0.0,0.0,0.0,3.0,0.0,3.0,2.0,2.0,0.0,3.0,4.0,8.0,-3.0
0020000327,1610612755,PHI,Philadelphia,689,Theo Ratliff,Theo,G,,30:01,3.0,5.0,0.6,0.0,0.0,0.0,3.0,4.0,0.75,3.0,6.0,9.0,1.0,0.0,4.0,3.0,2.0,9.0,-21.0
0020000327,1610612755,PHI,Philadelphia,137,Vernon Maxwell,Vernon,G,,26:56,4.0,7.0,0.571,2.0,5.0,0.4,0.0,0.0,0.0,0.0,3.0,3.0,2.0,1.0,0.0,5.0,1.0,10.0,-11.0
0020000327,1610612755,PHI,Philadelphia,947,Allen Iverson,Allen,G,,40:47,7.0,20.0,0.35,0.0,3.0,0.0,12.0,12.0,1.0,0.0,4.0,4.0,3.0,1.0,0.0,2.0,2.0,26.0,-9.0
0020000327,1610612755,PHI,Philadelphia,243,Aaron McKie,Aaron,G,,30:29,8.0,11.0,0.727,2.0,4.0,0.5,1.0,1.0,1.0,0.0,3.0,3.0,1.0,2.0,0.0,0.0,3.0,19.0,-19.0
0020000327,1610612755,PHI,Philadelphia,1928,Todd MacCulloch,Todd,,,10:50,1.0,3.0,0.333,0.0,0.0,0.0,0.0,0.0,0.0,0.0,2.0,2.0,0.0,0.0,1.0,0.0,2.0,2.0,0.0
0020000327,1610612755,PHI,Philadelphia,389,Toni Kukoc,Toni,F,,24:01,3.0,8.0,0.375,1.0,2.0,0.5,4.0,4.0,1.0,2.0,4.0,6.0,2.0,0.0,1.0,1.0,0.0,11.0,-8.0
0020000327,1610612755,PHI,Philadelphia,1737,Nazr Mohammed,Nazr,G,,4:47,1.0,3.0,0.333,0.0,0.0,0.0,0.0,0.0,0.0,1.0,2.0,3.0,0.0,0.0,0.0,0.0,1.0,2.0,-2.0
0020000327,1610612755,PHI,Philadelphia,1908,Jumaine Jones,Jumaine,C,,21:25,0.0,5.0,0.0,0.0,2.0,0.0,2.0,4.0,0.5,0.0,3.0,3.0,0.0,0.0,1.0,1.0,0.0,2.0,-15.0
0020000327,1610612755,PHI,Philadelphia,2143,Pepe Sanchez,Pepe,,,9:24,1.0,3.0,0.333,0.0,1.0,0.0,0.0,0.0,0.0,0.0,1.0,1.0,1.0,0.0,0.0,0.0,1.0,2.0,-1.0
0020000327,1610612755,PHI,Philadelphia,1865,,,, ,,,,,,,,,,,,,,,,,,,,
0020000327,1610612755,PHI,Philadelphia,1308,,,, ,,,,,,,,,,,,,,,,,,,,
0020000327,1610612755,PHI,Philadelphia,1312,,,, ,,,,,,,,,,,,,,,,,,,,
0020000327,1610612755,PHI,Philadelphia,1313,,,, ,,,,,,,,,,,,,,,,,,,,
0020000327,1610612755,PHI,Philadelphia,1259,,,, ,,,,,,,,,,,,,,,,,,,,
0020000327,1610612755,PHI,Philadelphia,1212,,,, ,,,,,,,,,,,,,,,,,,,,
0020000327,1610612755,PHI,Philadelphia,2169,,,, ,,,,,,,,,,,,,,,,,,,,
0020000327,1610612755,PHI,Philadelphia,761,Matt Geiger,Matt,,DNP - Coach's Decision,,,,,,,,,,,,,,,,,,,,
