GAME_ID,TEAM_ID,TEAM_ABBREVIATION,TEAM_CITY,PLAYER_ID,PLAYER_NAME,NICKNAME,START_POSITION,COMMENT,MIN,FGM,FGA,FG_PCT,FG3M,FG3A,FG3_PCT,FTM,FTA,FT_PCT,OREB,DREB,REB,AST,STL,BLK,TO,PF,PTS,PLUS_MINUS
0020001001,1610612764,WAS,Washington,1751,Jahidi White,Jahidi,C,,29:12,6.0,10.0,0.6,0.0,0.0,0.0,6.0,8.0,0.75,4.0,4.0,8.0,0.0,0.0,1.0,3.0,4.0,18.0,-25.0
0020001001,1610612764,WAS,Washington,93,Hubert Davis,Hubert,G,,10:23,2.0,4.0,0.5,0.0,1.0,0.0,0.0,0.0,0.0,0.0,0.0,0.0,1.0,0.0,0.0,0.0,0.0,4.0,-23.0
0020001001,1610612764,WAS,Washington,2065,Mike Smith,Mike,C,,26:05,2.0,8.0,0.25,2.0,4.0,0.5,3.0,4.0,0.75,1.0,1.0,2.0,0.0,1.0,0.0,0.0,1.0,9.0,-14.0
0020001001,1610612764,WAS,Washington,2128,David Vanterpool,David,G,,24:44,2.0,3.0,0.667,0.0,0.0,0.0,2.0,2.0,1.0,2.0,0.0,2.0,3.0,0.0,0.0,1.0,5.0,6.0,-13.0
0020001001,1610612764,WAS,Washington,461,Popeye Jones,Popeye,F,,25:47,1.0,6.0,0.167,0.0,0.0,0.0,0.0,0.0,0.0,1.0,3.0,4.0,0.0,0.0,0.0,1.0,1.0,2.0,-7.0
0020001001,1610612764,WAS,Washington,919,Loy Vaught,Loy,F,,21:56,5.0,9.0,0.556,0.0,0.0,0.0,0.0,0.0,0.0,3.0,5.0,8.0,1.0,0.0,1.0,1.0,1.0,10.0,-3.0
0020001001,1610612764,WAS,Washington,1919,Laron Profit,Laron,C,,21:49,1.0,2.0,0.5,0.0,0.0,0.0,0.0,0.0,0.0,0.0,2.0,2.0,5.0,2.0,1.0,2.0,1.0,2.0,-3.0
0020001001,1610612764,WAS,Washington,1888,Richard Hamilton,Richard,G,,32:08,5.0,15.0,0.333,0.0,1.0,0.0,10.0,10.0,1.0,1.0,2.0,3.0,0.0,1.0,0.0,5.0,3.0,20.0,-11.0
0020001001,1610612764,WAS,Washington,2042,Courtney Alexander,Courtney,G,,25:43,6.0,11.0,0.545,0.0,0.0,0.0,2.0,4.0,0.5,0.0,0.0,0.0,1.0,1.0,1.0,2.0,5.0,14.0,-12.0
0020001001,1610612764,WAS,Washington,363,Christian Laettner,Christian,F,,22:13,3.0,6.0,0.5,0.0,0.0,0.0,2.0,2.0,1.0,0.0,2.0,2.0,1.0,1.0,0.0,4.0,5.0,8.0,-19.0
0020001001,1610612764,WAS,Washington,782,Mitch Richmond,Mitch,,DNP-NWT - Strained Right Knee,,,,,,,,,,,,,,,,,,,,
0020001001,1610612764,WAS,Washington,63,Michael Smith,Michael,,DNP-NWT - Team Suspension,,,,,,,,,,,,,,,,,,,,
0020001001,1610612762,UTA,Utah,252,Karl Malone,Karl,F,,18:10,3.0,6.0,0.5,0.0,0.0,0.0,9.0,10.0,0.9,1.0,3.0,4.0,5.0,3.0,1.0,2.0,2.0,15.0,30.0
0020001001,1610612762,UTA,Utah,178,Olden Polynice,Olden,F,,20:47,3.0,4.0,0.75,0.0,0.0,0.0,0.0,0.0,0.0,2.0,6.0,8.0,0.0,3.0,1.0,1.0,4.0,6.0,29.0
0020001001,1610612762,UTA,Utah,317,John Starks,John,G,,23:41,4.0,8.0,0.5,2.0,3.0,0.667,0.0,0.0,0.0,0.0,2.0,2.0,2.0,0.0,0.0,0.0,3.0,10.0,26.0
0020001001,1610612762,UTA,Utah,304,John Stockton,John,G,,10:21,2.0,2.0,1.0,0.0,0.0,0.0,0.0,0.0,0.0,0.0,0.0,0.0,2.0,0.0,0.0,0.0,0.0,4.0,23.0
0020001001,1610612762,UTA,Utah,1521,Jacque Vaughn,Jacque,G,,37:39,3.0,7.0,0.429,1.0,2.0,0.5,11.0,12.0,0.917,1.0,5.0,6.0,4.0,1.0,0.0,0.0,3.0,18.0,3.0
0020001001,1610612762,UTA,Utah,923,Donyell Marshall,Donyell,G,,17:25,6.0,10.0,0.6,0.0,0.0,0.0,4.0,4.0,1.0,2.0,3.0,5.0,2.0,1.0,0.0,2.0,0.0,16.0,19.0
0020001001,1610612762,UTA,Utah,935,Bryon Russell,Bryon,G,,12:17,2.0,4.0,0.5,0.0,1.0,0.0,2.0,2.0,1.0,1.0,0.0,1.0,2.0,0.0,0.0,1.0,2.0,6.0,11.0
0020001001,1610612762,UTA,Utah,330,Danny Manning,Danny,C,,12:52,2.0,5.0,0.4,0.0,1.0,0.0,1.0,2.0,0.5,0.0,0.0,0.0,0.0,1.0,0.0,1.0,1.0,5.0,1.0
0020001001,1610612762,UTA,Utah,128,David Benoit,David,G,,21:52,5.0,6.0,0.833,0.0,1.0,0.0,2.0,3.0,0.667,0.0,2.0,2.0,2.0,0.0,0.0,0.0,1.0,12.0,-1.0
0020001001,1610612762,UTA,Utah,731,Greg Ostertag,Greg,G,,27:13,4.0,6.0,0.667,0.0,0.0,0.0,1.0,2.0,0.5,0.0,3.0,3.0,1.0,1.0,3.0,3.0,4.0,9.0,-3.0
0020001001,1610612762,UTA,Utah,1909,Scott Padgett,Scott,,,18:18,5.0,7.0,0.714,2.0,2.0,1.0,1.0,2.0,0.5,1.0,2.0,3.0,1.0,1.0,0.0,2.0,2.0,13.0,-4.0
0020001001,1610612762,UTA,Utah,180,John Crotty,John,F,,19:25,2.0,6.0,0.333,1.0,2.0,0.5,0.0,0.0,0.0,1.0,0.0,1.0,8.0,0.0,0.0,2.0,2.0,5.0,-4.0
0020001003,1610612745,HOU,Houston,1000,Shandon Anderson,Shandon,G,,17:07,0.0,4.0,0.0,0.0,0.0,0.0,1.0,2.0,0.5,0.0,1.0,1.0,2.0,0.0,1.0,1.0,1.0,1.0,-4.0
0020001003,1610612745,HOU,Houston,1508,Maurice Taylor,Maurice,F,,31:08,7.0,12.0,0.583,0.0,0.0,0.0,0.0,0.0,0.0,1.0,4.0,5.0,2.0,0.0,1.0,2.0,3.0,14.0,-6.0
0020001003,1610612745,HOU,Houston,1509,Kelvin Cato,Kelvin,G,,14:28,2.0,3.0,0.667,0.0,0.0,0.0,0.0,0.0,0.0,0.0,2.0,2.0,0.0,1.0,0.0,1.0,3.0,4.0,-3.0
0020001003,1610612745,HOU,Houston,1883,Steve Francis,Steve,G,,40:55,3.0,12.0,0.25,1.0,3.0,0.333,2.0,2.0,1.0,0.0,5.0,5.0,6.0,3.0,0.0,3.0,1.0,9.0,-4.0
0020001003,1610612745,HOU,Houston,1749,Cuttino Mobley,Cuttino,G,,43:05,7.0,14.0,0.5,1.0,3.0,0.333,5.0,6.0,0.833,1.0,4.0,5.0,2.0,0.0,1.0,1.0,1.0,20.0,-5.0
0020001003,1610612745,HOU,Houston,435,Carlos Rogers,Carlos,F,,16:10,4.0,6.0,0.667,0.0,0.0,0.0,0.0,0.0,0.0,2.0,3.0,5.0,1.0,0.0,0.0,1.0,0.0,8.0,0.0
0020001003,1610612745,HOU,Houston,1005,Walt Williams,Walt,G,,30:42,9.0,15.0,0.6,5.0,7.0,0.714,0.0,0.0,0.0,1.0,4.0,5.0,1.0,1.0,2.0,2.0,5.0,23.0,3.0
0020001003,1610612745,HOU,Houston,983,Moochie Norris,Moochie,C,,21:26,1.0,5.0,0.2,0.0,2.0,0.0,5.0,6.0,0.833,2.0,1.0,3.0,5.0,1.0,0.0,0.0,0.0,7.0,2.0
0020001003,1610612745,HOU,Houston,1903,Kenny Thomas,Kenny,G,,24:00,2.0,3.0,0.667,0.0,0.0,0.0,0.0,0.0,0.0,3.0,2.0,5.0,3.0,0.0,1.0,3.0,1.0,4.0,4.0
0020001003,1610612745,HOU,Houston,2173,Sean Colson,Sean,,,0:09,0.0,0.0,0.0,0.0,0.0,0.0,0.0,0.0,0.0,0.0,0.0,0.0,0.0,0.0,0.0,0.0,0.0,0.0,-2.0
0020001003,1610612745,HOU,Houston,672,Matt Bullard,Matt,,,0:51,0.0,0.0,0.0,0.0,0.0,0.0,0.0,0.0,0.0,0.0,0.0,0.0,0.0,0.0,0.0,0.0,0.0,0.0,0.0
0020001003,1610612745,HOU,Houston,825,,,, ,,,,,,,,,,,,,,,,,,,,
0020001003,1610612745,HOU,Houston,1255,,,, ,,,,,,,,,,,,,,,,,,,,
0020001003,1610612745,HOU,Houston,1256,,,, ,,,,,,,,,,,,,,,,,,,,
0020001003,1610612745,HOU,Houston,1257,,,, ,,,,,,,,,,,,,,,,,,,,
0020001003,1610612745,HOU,Houston,1258,,,, ,,,,,,,,,,,,,,,,,,,,
0020001003,1610612745,HOU,Houston,1997,,,, ,,,,,,,,,,,,,,,,,,,,
0020001003,1610612745,HOU,Houston,2061,Dan Langhi,Dan,,DNP - Coach's Decision,,,,,,,,,,,,,,,,,,,,
0020001003,1610612760,SEA,Seattle,1740,Rashard Lewis,Rashard,G,,30:53,3.0,5.0,0.6,1.0,1.0,1.0,0.0,0.0,0.0,0.0,9.0,9.0,1.0,1.0,2.0,1.0,3.0,7.0,3.0
0020001003,1610612760,SEA,Seattle,1741,Jelani McCoy,Jelani,G,,31:56,5.0,10.0,0.5,0.0,0.0,0.0,2.0,2.0,1.0,5.0,4.0,9.0,2.0,1.0,1.0,1.0,0.0,12.0,2.0
0020001003,1610612760,SEA,Seattle,452,Vin Baker,Vin,F,,26:59,5.0,13.0,0.385,0.0,0.0,0.0,1.0,1.0,1.0,2.0,2.0,4.0,0.0,0.0,1.0,0.0,5.0,11.0,6.0
0020001003,1610612760,SEA,Seattle,1023,Emanual Davis,Emanual,G,,35:09,1.0,4.0,0.25,0.0,1.0,0.0,0.0,0.0,0.0,6.0,1.0,7.0,1.0,2.0,2.0,4.0,2.0,2.0,2.0
0020001003,1610612760,SEA,Seattle,56,Gary Payton,Gary,G,,41:08,10.0,24.0,0.417,0.0,1.0,0.0,1.0,2.0,0.5,1.0,2.0,3.0,8.0,1.0,0.0,1.0,0.0,21.0,14.0
0020001003,1610612760,SEA,Seattle,1739,Ruben Patterson,Ruben,C,,31:36,8.0,14.0,0.571,0.0,0.0,0.0,7.0,8.0,0.875,1.0,3.0,4.0,3.0,1.0,2.0,1.0,1.0,23.0,4.0
0020001003,1610612760,SEA,Seattle,1742,Shammond Williams,Shammond,F,,7:58,2.0,3.0,0.667,1.0,2.0,0.5,0.0,0.0,0.0,0.0,0.0,0.0,2.0,0.0,0.0,2.0,1.0,5.0,-4.0
0020001003,1610612760,SEA,Seattle,699,Brent Barry,Brent,G,,24:41,2.0,5.0,0.4,2.0,4.0,0.5,0.0,0.0,0.0,2.0,0.0,2.0,2.0,1.0,0.0,0.0,4.0,6.0,-3.0
0020001003,1610612760,SEA,Seattle,2046,Desmond Mason,Desmond,,,7:32,3.0,6.0,0.5,0.0,0.0,0.0,0.0,0.0,0.0,0.0,1.0,1.0,0.0,0.0,0.0,0.0,0.0,6.0,-5.0
0020001003,1610612760,SEA,Seattle,2071,Olumide Oyedeji,Olumide,G,,2:09,0.0,0.0,0.0,0.0,0.0,0.0,0.0,0.0,0.0,0.0,0.0,0.0,0.0,1.0,0.0,0.0,1.0,0.0,-4.0
0020001003,1610612760,SEA,Seattle,1778,,,, ,,,,,,,,,,,,,,,,,,,,
0020001003,1610612760,SEA,Seattle,1335,,,, ,,,,,,,,,,,,,,,,,,,,
0020001003,1610612760,SEA,Seattle,1338,,,, ,,,,,,,,,,,,,,,,,,,,
0020001003,1610612760,SEA,Seattle,1349,,,, ,,,,,,,,,,,,,,,,,,,,
0020001003,1610612760,SEA,Seattle,121,Patrick Ewing,Patrick,,DND - Lower Back Strain,,,,,,,,,,,,,,,,,,,,
0020001003,1610612760,SEA,Seattle,2106,Ruben Wolkowyski,Ruben,,DNP - Coach's Decision,,,,,,,,,,,,,,,,,,,,
0020000999,1610612743,DEN,Denver,686,Antonio McDyess,Antonio,F,,42:50,12.0,22.0,0.545,0.0,0.0,0.0,8.0,10.0,0.8,6.0,7.0,13.0,1.0,0.0,2.0,2.0,4.0,32.0,-9.0
0020000999,1610612743,DEN,Denver,1899,James Posey,James,G,,25:20,2.0,4.0,0.5,0.0,2.0,0.0,3.0,4.0,0.75,0.0,3.0,3.0,3.0,1.0,0.0,2.0,1.0,7.0,-4.0
0020000999,1610612743,DEN,Denver,1711,Raef LaFrentz,Raef,G,,20:43,1.0,2.0,0.5,0.0,0.0,0.0,1.0,2.0,0.5,0.0,6.0,6.0,1.0,1.0,2.0,1.0,5.0,3.0,-4.0
0020000999,1610612743,DEN,Denver,89,Nick Van Exel,Nick,G,,43:30,10.0,23.0,0.435,0.0,3.0,0.0,6.0,6.0,1.0,1.0,2.0,3.0,8.0,2.0,0.0,2.0,1.0,26.0,-11.0
0020000999,1610612743,DEN,Denver,702,Voshon Lenard,Voshon,G,,36:21,3.0,6.0,0.5,1.0,2.0,0.5,4.0,5.0,0.8,0.0,3.0,3.0,1.0,0.0,0.0,1.0,2.0,11.0,-3.0
0020000999,1610612743,DEN,Denver,788,Kevin Willis,Kevin,,,8:57,1.0,3.0,0.333,0.0,0.0,0.0,0.0,0.0,0.0,0.0,1.0,1.0,0.0,0.0,0.0,0.0,3.0,2.0,-13.0
0020000999,1610612743,DEN,Denver,45,George McCloud,George,F,,19:27,4.0,7.0,0.571,0.0,2.0,0.0,2.0,3.0,0.667,0.0,2.0,2.0,0.0,0.0,0.0,2.0,2.0,10.0,-10.0
0020000999,1610612743,DEN,Denver,1763,Ryan Bowen,Ryan,C,,8:36,0.0,3.0,0.0,0.0,0.0,0.0,0.0,0.0,0.0,1.0,0.0,1.0,0.0,1.0,0.0,0.0,1.0,0.0,-7.0
0020000999,1610612743,DEN,Denver,123,Robert Pack,Robert,G,,20:21,4.0,11.0,0.364,1.0,3.0,0.333,2.0,3.0,0.667,1.0,1.0,2.0,7.0,2.0,0.0,2.0,1.0,11.0,-1.0
0020000999,1610612743,DEN,Denver,426,Terry Davis,Terry,,,5:16,1.0,2.0,0.5,0.0,0.0,0.0,1.0,1.0,1.0,1.0,0.0,1.0,0.0,0.0,0.0,0.0,3.0,3.0,1.0
0020000999,1610612743,DEN,Denver,384,Calbert Cheaney,Calbert,,,8:39,0.0,0.0,0.0,0.0,0.0,0.0,0.0,0.0,0.0,1.0,1.0,2.0,1.0,0.0,0.0,0.0,3.0,0.0,1.0
0020000999,1610612743,DEN,Denver,1207,,,, ,,,,,,,,,,,,,,,,,,,,
0020000999,1610612743,DEN,Denver,1216,,,, ,,,,,,,,,,,,,,,,,,,,
0020000999,1610612743,DEN,Denver,1240,,,, ,,,,,,,,,,,,,,,,,,,,
0020000999,1610612743,DEN,Denver,1241,,,, ,,,,,,,,,,,,,,,,,,,,
0020000999,1610612743,DEN,Denver,1784,,,, ,,,,,,,,,,,,,,,,,,,,
0020000999,1610612743,DEN,Denver,1785,,,, ,,,,,,,,,,,,,,,,,,,,
0020000999,1610612743,DEN,Denver,1786,,,, ,,,,,,,,,,,,,,,,,,,,
0020000999,1610612743,DEN,Denver,1995,,,, ,,,,,,,,,,,,,,,,,,,,
0020000999,1610612743,DEN,Denver,2007,,,, ,,,,,,,,,,,,,,,,,,,,
0020000999,1610612743,DEN,Denver,924,Anthony Goldwire,Anthony,,DNP - Coach's Decision,,,,,,,,,,,,,,,,,,,,
0020000999,1610612739,CLE,Cleveland,1723,Matt Harpring,Matt,F,,25:15,6.0,10.0,0.6,0.0,0.0,0.0,1.0,1.0,1.0,2.0,2.0,4.0,3.0,0.0,0.0,1.0,4.0,13.0,8.0
0020000999,1610612739,CLE,Cleveland,221,Clar. Weatherspoon,Clar.,F,,38:10,6.0,11.0,0.545,0.0,0.0,0.0,3.0,5.0,0.6,3.0,10.0,13.0,2.0,0.0,2.0,1.0,1.0,15.0,12.0
0020000999,1610612739,CLE,Cleveland,2036,Chris Mihm,Chris,C,,14:55,0.0,2.0,0.0,0.0,0.0,0.0,7.0,8.0,0.875,3.0,1.0,4.0,0.0,1.0,0.0,2.0,4.0,7.0,6.0
0020000999,1610612739,CLE,Cleveland,1889,Andre Miller,Andre,G,,41:47,6.0,10.0,0.6,0.0,0.0,0.0,12.0,12.0,1.0,2.0,0.0,2.0,13.0,0.0,0.0,4.0,4.0,24.0,13.0
0020000999,1610612739,CLE,Cleveland,445,Wesley Person,Wesley,G,,30:24,5.0,13.0,0.385,0.0,3.0,0.0,2.0,2.0,1.0,0.0,11.0,11.0,6.0,0.0,0.0,1.0,3.0,12.0,4.0
0020000999,1610612739,CLE,Cleveland,902,Bimbo Coles,Bimbo,F,,14:33,0.0,1.0,0.0,0.0,0.0,0.0,0.0,0.0,0.0,0.0,0.0,0.0,4.0,2.0,0.0,1.0,1.0,0.0,5.0
0020000999,1610612739,CLE,Cleveland,1892,Trajan Langdon,Trajan,G,,20:53,4.0,8.0,0.5,2.0,3.0,0.667,0.0,0.0,0.0,0.0,1.0,1.0,2.0,0.0,1.0,0.0,3.0,10.0,-1.0
0020000999,1610612739,CLE,Cleveland,423,Chris Gatling,Chris,F,,27:15,8.0,16.0,0.5,1.0,1.0,1.0,3.0,5.0,0.6,2.0,3.0,5.0,1.0,3.0,0.0,3.0,1.0,20.0,9.0
0020000999,1610612739,CLE,Cleveland,441,Lamond Murray,Lamond,G,,26:31,5.0,14.0,0.357,2.0,4.0,0.5,4.0,4.0,1.0,4.0,4.0,8.0,0.0,0.0,0.0,0.0,3.0,16.0,6.0
0020000999,1610612739,CLE,Cleveland,1533,Anthony Johnson,Anthony,,,0:17,0.0,0.0,0.0,0.0,0.0,0.0,0.0,0.0,0.0,0.0,0.0,0.0,0.0,0.0,0.0,0.0,1.0,0.0,-2.0
0020000999,1610612739,CLE,Cleveland,1638,,,, ,,,,,,,,,,,,,,,,,,,,
0020000999,1610612739,CLE,Cleveland,1285,,,, ,,,,,,,,,,,,,,,,,,,,
0020000999,1610612739,CLE,Cleveland,1289,,,, ,,,,,,,,,,,,,,,,,,,,
0020000999,1610612739,CLE,Cleveland,1311,,,, ,,,,,,,,,,,,,,,,,,,,
0020000999,1610612739,CLE,Cleveland,2096,,,, ,,,,,,,,,,,,,,,,,,,,
0020000999,1610612739,CLE,Cleveland,2174,,,, ,,,,,,,,,,,,,,,,,,,,
0020000999,1610612739,CLE,Cleveland,2006,,,, ,,,,,,,,,,,,,,,,,,,,
0020000999,1610612739,CLE,Cleveland,359,Chucky Brown,Chucky,,DNP - Coach's Decision,,,,,,,,,,,,,,,,,,,,
0020001009,1610612751,NJN,New Jersey,271,Johnny Newman,Johnny,G,,43:06,7.0,16.0,0.438,0.0,5.0,0.0,10.0,11.0,0.909,1.0,1.0,2.0,2.0,0.0,1.0,1.0,2.0,24.0,-13.0
0020001009,1610612751,NJN,New Jersey,1496,Keith Van Horn,Keith,F,,11:48,1.0,4.0,0.25,1.0,2.0,0.5,0.0,0.0,0.0,0.0,1.0,1.0,0.0,0.0,0.0,1.0,1.0,3.0,-17.0
0020001009,1610612751,NJN,New Jersey,1915,Evan Eschmeyer,Evan,F,,26:55,2.0,3.0,0.667,0.0,0.0,0.0,0.0,0.0,0.0,2.0,4.0,6.0,0.0,0.0,1.0,3.0,5.0,4.0,-17.0
0020001009,1610612751,NJN,New Jersey,1536,Stephen Jackson,Stephen,G,,25:35,2.0,4.0,0.5,1.0,1.0,1.0,0.0,0.0,0.0,1.0,4.0,5.0,3.0,2.0,0.0,1.0,1.0,5.0,-4.0
0020001009,1610612751,NJN,New Jersey,950,Stephon Marbury,Stephon,G,,43:34,12.0,31.0,0.387,3.0,10.0,0.3,5.0,7.0,0.714,4.0,5.0,9.0,8.0,0.0,0.0,7.0,3.0,32.0,-15.0
0020001009,1610612751,NJN,New Jersey,446,Lucious Harris,Lucious,F,,22:37,4.0,9.0,0.444,0.0,1.0,0.0,1.0,3.0,0.333,2.0,1.0,3.0,0.0,2.0,0.0,0.0,1.0,9.0,-5.0
0020001009,1610612751,NJN,New Jersey,1425,Aaron Williams,Aaron,G,,40:34,3.0,8.0,0.375,0.0,0.0,0.0,5.0,6.0,0.833,1.0,5.0,6.0,1.0,1.0,2.0,3.0,5.0,11.0,-3.0
0020001009,1610612751,NJN,New Jersey,1735,Vladimir Stepania,Vladimir,C,,13:52,1.0,4.0,0.25,0.0,0.0,0.0,1.0,2.0,0.5,2.0,2.0,4.0,0.0,0.0,1.0,0.0,2.0,3.0,-5.0
0020001009,1610612751,NJN,New Jersey,77,Doug Overton,Doug,,,5:21,0.0,1.0,0.0,0.0,0.0,0.0,0.0,0.0,0.0,0.0,0.0,0.0,1.0,0.0,0.0,1.0,0.0,0.0,-1.0
0020001009,1610612751,NJN,New Jersey,2066,Soumaila Samake,Soumaila,,,6:38,0.0,1.0,0.0,0.0,0.0,0.0,0.0,0.0,0.0,0.0,1.0,1.0,0.0,1.0,0.0,0.0,0.0,0.0,10.0
0020001009,1610612751,NJN,New Jersey,2009,,,, ,,,,,,,,,,,,,,,,,,,,
0020001009,1610612751,NJN,New Jersey,1776,,,, ,,,,,,,,,,,,,,,,,,,,
0020001009,1610612751,NJN,New Jersey,1789,,,, ,,,,,,,,,,,,,,,,,,,,
0020001009,1610612751,NJN,New Jersey,1876,,,, ,,,,,,,,,,,,,,,,,,,,
0020001009,1610612751,NJN,New Jersey,1303,,,, ,,,,,,,,,,,,,,,,,,,,
0020001009,1610612751,NJN,New Jersey,1324,,,, ,,,,,,,,,,,,,,,,,,,,
0020001009,1610612751,NJN,New Jersey,1673,,,, ,,,,,,,,,,,,,,,,,,,,
0020001009,1610612751,NJN,New Jersey,428,Sherman Douglas,Sherman,,NWT - Rt. Thumb Fracture,,,,,,,,,,,,,,,,,,,,
0020001009,1610612751,NJN,New Jersey,2030,Kenyon Martin,Kenyon,,NWT - Fractured Rt. Fibula,,,,,,,,,,,,,,,,,,,,
0020001009,1610612750,MIN,Minnesota,1887,Wally Szczerbiak,Wally,F,,38:04,8.0,13.0,0.615,0.0,0.0,0.0,2.0,2.0,1.0,2.0,2.0,4.0,1.0,1.0,0.0,2.0,2.0,18.0,8.0
0020001009,1610612750,MIN,Minnesota,708,Kevin Garnett,Kevin,G,,42:59,6.0,16.0,0.375,0.0,1.0,0.0,6.0,10.0,0.6,4.0,14.0,18.0,2.0,1.0,3.0,1.0,3.0,18.0,14.0
0020001009,1610612750,MIN,Minnesota,1073,Reggie Slater,Reggie,G,,21:59,2.0,6.0,0.333,0.0,0.0,0.0,3.0,4.0,0.75,3.0,2.0,5.0,1.0,0.0,0.0,3.0,4.0,7.0,7.0
0020001009,1610612750,MIN,Minnesota,1732,Felipe Lopez,Felipe,G,,17:19,4.0,4.0,1.0,0.0,0.0,0.0,1.0,2.0,0.5,2.0,2.0,4.0,4.0,2.0,1.0,1.0,3.0,9.0,5.0
0020001009,1610612750,MIN,Minnesota,210,Terrell Brandon,Terrell,G,,45:36,15.0,25.0,0.6,2.0,2.0,1.0,2.0,2.0,1.0,1.0,4.0,5.0,6.0,4.0,1.0,3.0,1.0,34.0,13.0
0020001009,1610612750,MIN,Minnesota,1497,Chauncey Billups,Chauncey,G,,32:29,3.0,6.0,0.5,0.0,1.0,0.0,3.0,4.0,0.75,2.0,1.0,3.0,4.0,2.0,0.0,1.0,2.0,9.0,10.0
0020001009,1610612750,MIN,Minnesota,111,LaPhonso Ellis,LaPhonso,F,,26:01,4.0,10.0,0.4,0.0,1.0,0.0,0.0,0.0,0.0,1.0,3.0,4.0,1.0,0.0,1.0,2.0,5.0,8.0,7.0
0020001009,1610612750,MIN,Minnesota,1725,Rasho Nesterovic,Rasho,,,5:01,0.0,0.0,0.0,0.0,0.0,0.0,0.0,0.0,0.0,0.0,2.0,2.0,0.0,0.0,1.0,1.0,2.0,0.0,0.0
0020001009,1610612750,MIN,Minnesota,417,Sam Mitchell,Sam,,,9:56,1.0,3.0,0.333,0.0,0.0,0.0,0.0,0.0,0.0,1.0,1.0,2.0,1.0,0.0,1.0,2.0,0.0,2.0,6.0
0020001009,1610612750,MIN,Minnesota,1734,Sam Jacobson,Sam,,,0:36,0.0,0.0,0.0,0.0,0.0,0.0,0.0,0.0,0.0,0.0,0.0,0.0,0.0,0.0,0.0,0.0,0.0,0.0,0.0
0020001009,1610612750,MIN,Minnesota,2146,,,, ,,,,,,,,,,,,,,,,,,,,
0020001009,1610612750,MIN,Minnesota,2158,,,, ,,,,,,,,,,,,,,,,,,,,
0020001009,1610612750,MIN,Minnesota,2159,,,, ,,,,,,,,,,,,,,,,,,,,
0020001009,1610612750,MIN,Minnesota,847,,,, ,,,,,,,,,,,,,,,,,,,,
0020001009,1610612750,MIN,Minnesota,1290,,,, ,,,,,,,,,,,,,,,,,,,,
0020001009,1610612750,MIN,Minnesota,1291,,,, ,,,,,,,,,,,,,,,,,,,,
0020001009,1610612750,MIN,Minnesota,1895,William Avery,William,,DNP - Coach's Decision,,,,,,,,,,,,,,,,,,,,
0020001009,1610612750,MIN,Minnesota,1051,Dean Garrett,Dean,,DNP - Coach's Decision,,,,,,,,,,,,,,,,,,,,
0020001006,1610612759,SAS,San Antonio,198,Danny Ferry,Danny,F,,23:20,2.0,3.0,0.667,2.0,2.0,1.0,0.0,0.0,0.0,0.0,1.0,1.0,0.0,0.0,0.0,0.0,1.0,6.0,-5.0
0020001006,1610612759,SAS,San Antonio,1495,Tim Duncan,Tim,G,,46:08,10.0,22.0,0.455,0.0,1.0,0.0,6.0,10.0,0.6,3.0,11.0,14.0,3.0,0.0,2.0,1.0,1.0,26.0,-4.0
0020001006,1610612759,SAS,San Antonio,764,David Robinson,David,G,,33:47,7.0,10.0,0.7,0.0,0.0,0.0,4.0,4.0,1.0,3.0,4.0,7.0,3.0,1.0,1.0,2.0,3.0,18.0,-3.0
0020001006,1610612759,SAS,San Antonio,1507,Derek Anderson,Derek,G,,38:29,3.0,8.0,0.375,0.0,2.0,0.0,1.0,2.0,0.5,1.0,0.0,1.0,4.0,3.0,0.0,3.0,3.0,7.0,-2.0
0020001006,1610612759,SAS,San Antonio,345,Terry Porter,Terry,G,,28:00,5.0,8.0,0.625,2.0,4.0,0.5,0.0,1.0,0.0,2.0,2.0,4.0,2.0,3.0,0.0,3.0,1.0,12.0,-10.0
0020001006,1610612759,SAS,San Antonio,1498,Antonio Daniels,Antonio,G,,17:17,1.0,2.0,0.5,0.0,0.0,0.0,1.0,2.0,0.5,0.0,2.0,2.0,0.0,1.0,0.0,0.0,1.0,3.0,-7.0
0020001006,1610612759,SAS,San Antonio,955,Samaki Walker,Samaki,F,,13:49,1.0,4.0,0.25,0.0,0.0,0.0,1.0,2.0,0.5,2.0,2.0,4.0,0.0,0.0,2.0,1.0,0.0,3.0,-2.0
0020001006,1610612759,SAS,San Antonio,422,Avery Johnson,Avery,G,,20:13,2.0,7.0,0.286,0.0,0.0,0.0,0.0,0.0,0.0,0.0,0.0,0.0,2.0,1.0,0.0,0.0,3.0,4.0,5.0
0020001006,1610612759,SAS,San Antonio,251,Sean Elliott,Sean,F,,16:54,2.0,5.0,0.4,0.0,1.0,0.0,0.0,1.0,0.0,1.0,4.0,5.0,0.0,0.0,1.0,0.0,1.0,4.0,4.0
0020001006,1610612759,SAS,San Antonio,990,Malik Rose,Malik,,,2:03,0.0,1.0,0.0,0.0,0.0,0.0,0.0,0.0,0.0,0.0,0.0,0.0,0.0,0.0,0.0,1.0,0.0,0.0,-1.0
0020001006,1610612759,SAS,San Antonio,1331,,,, ,,,,,,,,,,,,,,,,,,,,
0020001006,1610612759,SAS,San Antonio,1371,,,, ,,,,,,,,,,,,,,,,,,,,
0020001006,1610612759,SAS,San Antonio,1264,,,, ,,,,,,,,,,,,,,,,,,,,
0020001006,1610612759,SAS,San Antonio,1658,,,, ,,,,,,,,,,,,,,,,,,,,
0020001006,1610612759,SAS,San Antonio,873,,,, ,,,,,,,,,,,,,,,,,,,,
0020001006,1610612759,SAS,San Antonio,70,Steve Kerr,Steve,,DNP - Coach's Decision,,,,,,,,,,,,,,,,,,,,
0020001006,1610612759,SAS,San Antonio,1035,Shawnelle Scott,Shawnelle,,DNP - Coach's Decision,,,,,,,,,,,,,,,,,,,,
0020001006,1610612748,MIA,Miami,1477,Bruce Bowen,Bruce,G,,34:46,5.0,9.0,0.556,1.0,2.0,0.5,0.0,0.0,0.0,0.0,4.0,4.0,2.0,1.0,1.0,0.0,1.0,11.0,3.0
0020001006,1610612748,MIA,Miami,193,Anthony Mason,Anthony,G,,43:09,6.0,9.0,0.667,0.0,0.0,0.0,4.0,4.0,1.0,1.0,5.0,6.0,2.0,1.0,0.0,5.0,4.0,16.0,1.0
0020001006,1610612748,MIA,Miami,258,Brian Grant,Brian,C,,37:44,6.0,10.0,0.6,0.0,0.0,0.0,0.0,0.0,0.0,3.0,7.0,10.0,0.0,1.0,1.0,0.0,5.0,12.0,13.0
0020001006,1610612748,MIA,Miami,105,Dan Majerle,Dan,G,,42:04,4.0,9.0,0.444,3.0,6.0,0.5,1.0,2.0,0.5,0.0,6.0,6.0,3.0,0.0,0.0,1.0,1.0,12.0,7.0
0020001006,1610612748,MIA,Miami,896,Tim Hardaway,Tim,G,,34:27,9.0,18.0,0.5,5.0,8.0,0.625,2.0,2.0,1.0,1.0,0.0,1.0,8.0,0.0,0.0,3.0,3.0,25.0,12.0
0020001006,1610612748,MIA,Miami,920,A.C. Green,A.C.,G,,14:43,2.0,3.0,0.667,0.0,0.0,0.0,0.0,0.0,0.0,2.0,1.0,3.0,0.0,0.0,0.0,0.0,0.0,4.0,-4.0
0020001006,1610612748,MIA,Miami,1853,Anthony Carter,Anthony,G,,25:00,1.0,6.0,0.167,0.0,0.0,0.0,0.0,0.0,0.0,2.0,0.0,2.0,2.0,1.0,1.0,1.0,4.0,2.0,-1.0
0020001006,1610612748,MIA,Miami,2067,Eddie House,Eddie,,,8:07,2.0,6.0,0.333,0.0,0.0,0.0,2.0,4.0,0.5,0.0,1.0,1.0,0.0,0.0,0.0,1.0,1.0,6.0,-6.0
0020001006,1610612748,MIA,Miami,1877,,,, ,,,,,,,,,,,,,,,,,,,,
0020001006,1610612748,MIA,Miami,1276,,,, ,,,,,,,,,,,,,,,,,,,,
0020001006,1610612748,MIA,Miami,1277,,,, ,,,,,,,,,,,,,,,,,,,,
0020001006,1610612748,MIA,Miami,1279,,,, ,,,,,,,,,,,,,,,,,,,,
0020001006,1610612748,MIA,Miami,1280,,,, ,,,,,,,,,,,,,,,,,,,,
0020001006,1610612748,MIA,Miami,1281,,,, ,,,,,,,,,,,,,,,,,,,,
0020001006,1610612748,MIA,Miami,1787,,,, ,,,,,,,,,,,,,,,,,,,,
0020001006,1610612748,MIA,Miami,836,,,, ,,,,,,,,,,,,,,,,,,,,
0020001006,1610612748,MIA,Miami,1642,,,, ,,,,,,,,,,,,,,,,,,,,
0020001006,1610612748,MIA,Miami,190,Duane Causwell,Duane,,DNP - Coach's Decision,,,,,,,,,,,,,,,,,,,,
0020001006,1610612748,MIA,Miami,76,Cedric Ceballos,Cedric,,DNP - Coach's Decision,,,,,,,,,,,,,,,,,,,,
0020001006,1610612748,MIA,Miami,1729,Ricky Davis,Ricky,,DNP - Coach's Decision,,,,,,,,,,,,,,,,,,,,
0020001006,1610612748,MIA,Miami,931,Don MacLean,Don,,DNP - Coach's Decision,,,,,,,,,,,,,,,,,,,,
0020001010,1610612747,LAL,Los Angeles,296,Rick Fox,Rick,F,,34:00,6.0,12.0,0.5,2.0,5.0,0.4,3.0,5.0,0.6,1.0,3.0,4.0,4.0,2.0,0.0,0.0,4.0,17.0,-2.0
0020001010,1610612747,LAL,Los Angeles,270,Horace Grant,Horace,F,,34:33,3.0,9.0,0.333,0.0,0.0,0.0,1.0,2.0,0.5,1.0,4.0,5.0,3.0,1.0,4.0,0.0,1.0,7.0,4.0
0020001010,1610612747,LAL,Los Angeles,406,Shaquille O'Neal,Shaquille,G,,34:25,8.0,21.0,0.381,0.0,0.0,0.0,7.0,15.0,0.467,3.0,12.0,15.0,1.0,2.0,3.0,3.0,4.0,23.0,11.0
0020001010,1610612747,LAL,Los Angeles,216,Brian Shaw,Brian,G,,36:44,5.0,11.0,0.455,0.0,1.0,0.0,4.0,4.0,1.0,2.0,7.0,9.0,4.0,4.0,0.0,3.0,1.0,14.0,8.0
0020001010,1610612747,LAL,Los Angeles,965,Derek Fisher,Derek,G,,35:19,3.0,9.0,0.333,0.0,2.0,0.0,0.0,0.0,0.0,1.0,1.0,2.0,1.0,1.0,0.0,1.0,1.0,6.0,3.0
0020001010,1610612747,LAL,Los Angeles,323,Greg Foster,Greg,,,9:55,1.0,2.0,0.5,0.0,0.0,0.0,0.0,0.0,0.0,0.0,1.0,1.0,0.0,0.0,0.0,0.0,1.0,2.0,0.0
0020001010,1610612747,LAL,Los Angeles,1904,Devean George,Devean,G,,15:23,2.0,2.0,1.0,0.0,0.0,0.0,2.0,2.0,1.0,0.0,3.0,3.0,0.0,0.0,0.0,1.0,1.0,6.0,10.0
0020001010,1610612747,LAL,Los Angeles,109,Robert Horry,Robert,F,,14:17,1.0,3.0,0.333,0.0,1.0,0.0,2.0,2.0,1.0,0.0,1.0,1.0,2.0,2.0,0.0,1.0,2.0,4.0,15.0
0020001010,1610612747,LAL,Los Angeles,375,Isaiah Rider,Isaiah,,,11:16,1.0,2.0,0.5,0.0,0.0,0.0,0.0,0.0,0.0,0.0,0.0,0.0,1.0,0.0,0.0,0.0,2.0,2.0,4.0
0020001010,1610612747,LAL,Los Angeles,2130,Mike Penberthy,Mike,C,,12:51,1.0,3.0,0.333,1.0,2.0,0.5,0.0,1.0,0.0,0.0,3.0,3.0,2.0,0.0,0.0,0.0,0.0,3.0,11.0
0020001010,1610612747,LAL,Los Angeles,2058,Mark Madsen,Mark,,,1:18,0.0,0.0,0.0,0.0,0.0,0.0,0.0,0.0,0.0,0.0,0.0,0.0,0.0,0.0,0.0,0.0,0.0,0.0,-4.0
0020001010,1610612747,LAL,Los Angeles,1270,,,, ,,,,,,,,,,,,,,,,,,,,
0020001010,1610612747,LAL,Los Angeles,1273,,,, ,,,,,,,,,,,,,,,,,,,,
0020001010,1610612747,LAL,Los Angeles,1219,,,, ,,,,,,,,,,,,,,,,,,,,
0020001010,1610612747,LAL,Los Angeles,1221,,,, ,,,,,,,,,,,,,,,,,,,,
0020001010,1610612747,LAL,Los Angeles,1223,,,, ,,,,,,,,,,,,,,,,,,,,
0020001010,1610612747,LAL,Los Angeles,1230,,,, ,,,,,,,,,,,,,,,,,,,,
0020001010,1610612747,LAL,Los Angeles,977,Kobe Bryant,Kobe,,Not with team - ankle injury,,,,,,,,,,,,,,,,,,,,
0020001010,1610612758,SAC,Sacramento,978,Peja Stojakovic,Peja,G,,35:23,4.0,12.0,0.333,1.0,3.0,0.333,0.0,0.0,0.0,0.0,11.0,11.0,0.0,0.0,0.0,2.0,2.0,9.0,-11.0
0020001010,1610612758,SAC,Sacramento,185,Chris Webber,Chris,F,,46:43,7.0,26.0,0.269,0.0,1.0,0.0,1.0,2.0,0.5,0.0,11.0,11.0,4.0,1.0,2.0,5.0,5.0,15.0,-16.0
0020001010,1610612758,SAC,Sacramento,124,Vlade Divac,Vlade,C,,29:31,4.0,12.0,0.333,0.0,0.0,0.0,2.0,2.0,1.0,4.0,10.0,14.0,3.0,3.0,0.0,3.0,6.0,10.0,-6.0
0020001010,1610612758,SAC,Sacramento,57,Doug Christie,Doug,G,,36:19,5.0,12.0,0.417,2.0,5.0,0.4,3.0,3.0,1.0,2.0,1.0,3.0,2.0,1.0,0.0,1.0,2.0,15.0,-5.0
0020001010,1610612758,SAC,Sacramento,1715,Jason Williams,Jason,G,,26:40,1.0,5.0,0.2,1.0,4.0,0.25,2.0,2.0,1.0,0.0,3.0,3.0,1.0,0.0,0.0,3.0,0.0,5.0,1.0
0020001010,1610612758,SAC,Sacramento,1513,Scot Pollard,Scot,G,,14:59,2.0,3.0,0.667,0.0,0.0,0.0,2.0,2.0,1.0,4.0,2.0,6.0,1.0,0.0,2.0,1.0,5.0,6.0,-7.0
0020001010,1610612758,SAC,Sacramento,2045,Hedo Turkoglu,Hedo,F,,14:36,0.0,2.0,0.0,0.0,2.0,0.0,0.0,0.0,0.0,1.0,0.0,1.0,1.0,0.0,0.0,1.0,2.0,0.0,-4.0
0020001010,1610612758,SAC,Sacramento,1517,Bobby Jackson,Bobby,G,,21:20,3.0,10.0,0.3,1.0,4.0,0.25,0.0,0.0,0.0,1.0,3.0,4.0,2.0,0.0,0.0,4.0,1.0,7.0,-13.0
0020001010,1610612758,SAC,Sacramento,468,Jon Barry,Jon,,,12:58,1.0,2.0,0.5,0.0,0.0,0.0,3.0,3.0,1.0,1.0,0.0,1.0,0.0,0.0,0.0,0.0,1.0,5.0,-3.0
0020001010,1610612758,SAC,Sacramento,1609,Art Long,Art,,,1:31,0.0,0.0,0.0,0.0,0.0,0.0,0.0,0.0,0.0,1.0,0.0,1.0,0.0,0.0,1.0,1.0,1.0,0.0,4.0
0020001010,1610612758,SAC,Sacramento,1775,,,, ,,,,,,,,,,,,,,,,,,,,
0020001010,1610612758,SAC,Sacramento,1248,,,, ,,,,,,,,,,,,,,,,,,,,
0020001010,1610612758,SAC,Sacramento,1249,,,, ,,,,,,,,,,,,,,,,,,,,
0020001010,1610612758,SAC,Sacramento,1322,,,, ,,,,,,,,,,,,,,,,,,,,
0020001010,1610612758,SAC,Sacramento,1327,,,, ,,,,,,,,,,,,,,,,,,,,
0020001010,1610612758,SAC,Sacramento,1328,,,, ,,,,,,,,,,,,,,,,,,,,
0020001010,1610612758,SAC,Sacramento,1444,Lawrence Funderburke,Lawrence,,DNP - Coach's Decision,,,,,,,,,,,,,,,,,,,,
0020001010,1610612758,SAC,Sacramento,239,Darrick Martin,Darrick,,DNP - Coach's Decision,,,,,,,,,,,,,,,,,,,,
0020001005,1610612754,IND,Indiana,1733,Al Harrington,Al,G,,29:35,4.0,10.0,0.4,0.0,0.0,0.0,1.0,1.0,1.0,2.0,5.0,7.0,2.0,0.0,0.0,6.0,4.0,9.0,-9.0
0020001005,1610612754,IND,Indiana,979,Jermaine O'Neal,Jermaine,G,,33:40,9.0,11.0,0.818,0.0,0.0,0.0,8.0,14.0,0.571,3.0,9.0,12.0,0.0,0.0,4.0,2.0,3.0,26.0,-2.0
0020001005,1610612754,IND,Indiana,64,Sam Perkins,Sam,G,,16:38,2.0,7.0,0.286,1.0,2.0,0.5,0.0,0.0,0.0,2.0,0.0,2.0,0.0,0.0,0.0,0.0,0.0,5.0,1.0
0020001005,1610612754,IND,Indiana,397,Reggie Miller,Reggie,G,,45:53,4.0,16.0,0.25,1.0,4.0,0.25,2.0,2.0,1.0,1.0,5.0,6.0,6.0,0.0,0.0,1.0,1.0,11.0,1.0
0020001005,1610612754,IND,Indiana,147,Jalen Rose,Jalen,G,,45:43,4.0,18.0,0.222,2.0,3.0,0.667,3.0,3.0,1.0,0.0,5.0,5.0,3.0,3.0,0.0,2.0,2.0,13.0,0.0
0020001005,1610612754,IND,Indiana,1506,Austin Croshere,Austin,G,,22:48,2.0,5.0,0.4,1.0,1.0,1.0,2.0,2.0,1.0,2.0,2.0,4.0,2.0,1.0,2.0,1.0,3.0,7.0,4.0
0020001005,1610612754,IND,Indiana,696,Travis Best,Travis,C,,21:24,2.0,6.0,0.333,0.0,0.0,0.0,3.0,4.0,0.75,1.0,2.0,3.0,2.0,1.0,0.0,2.0,2.0,7.0,-7.0
0020001005,1610612754,IND,Indiana,365,Derrick McKey,Derrick,C,,24:19,2.0,3.0,0.667,0.0,0.0,0.0,0.0,0.0,0.0,1.0,3.0,4.0,3.0,2.0,0.0,1.0,5.0,4.0,2.0
0020001005,1610612754,IND,Indiana,1263,,,, ,,,,,,,,,,,,,,,,,,,,
0020001005,1610612754,IND,Indiana,1299,,,, ,,,,,,,,,,,,,,,,,,,,
0020001005,1610612754,IND,Indiana,1306,,,, ,,,,,,,,,,,,,,,,,,,,
0020001005,1610612754,IND,Indiana,2099,,,, ,,,,,,,,,,,,,,,,,,,,
0020001005,1610612754,IND,Indiana,2100,,,, ,,,,,,,,,,,,,,,,,,,,
0020001005,1610612754,IND,Indiana,2165,,,, ,,,,,,,,,,,,,,,,,,,,
0020001005,1610612754,IND,Indiana,1857,,,, ,,,,,,,,,,,,,,,,,,,,
0020001005,1610612754,IND,Indiana,1886,Jonathan Bender,Jonathan,,DNP - Coach's Decision,,,,,,,,,,,,,,,,,,,,
0020001005,1610612754,IND,Indiana,721,Tyus Edney,Tyus,,DNP - Coach's Decision,,,,,,,,,,,,,,,,,,,,
0020001005,1610612754,IND,Indiana,1902,Jeff Foster,Jeff,,DNP - Coach's Decision,,,,,,,,,,,,,,,,,,,,
0020001005,1610612754,IND,Indiana,440,Zan Tabak,Zan,,DNP - Coach's Decision,,,,,,,,,,,,,,,,,,,,
0020001005,1610612753,ORL,Orlando,1503,Tracy McGrady,Tracy,G,,47:04,10.0,20.0,0.5,1.0,2.0,0.5,7.0,9.0,0.778,1.0,7.0,8.0,4.0,3.0,1.0,2.0,2.0,28.0,4.0
0020001005,1610612753,ORL,Orlando,448,Bo Outlaw,Bo,G,,25:44,1.0,4.0,0.25,0.0,0.0,0.0,0.0,1.0,0.0,3.0,7.0,10.0,4.0,0.0,2.0,1.0,1.0,2.0,5.0
0020001005,1610612753,ORL,Orlando,1720,Michael Doleac,Michael,F,,31:03,4.0,11.0,0.364,0.0,0.0,0.0,2.0,2.0,1.0,0.0,2.0,2.0,1.0,1.0,1.0,0.0,3.0,10.0,9.0
0020001005,1610612753,ORL,Orlando,2034,Mike Miller,Mike,G,,31:30,6.0,11.0,0.545,2.0,5.0,0.4,0.0,0.0,0.0,1.0,2.0,3.0,1.0,0.0,1.0,1.0,4.0,14.0,5.0
0020001005,1610612753,ORL,Orlando,353,Darrell Armstrong,Darrell,G,,38:50,7.0,16.0,0.438,0.0,5.0,0.0,0.0,0.0,0.0,1.0,5.0,6.0,2.0,1.0,0.0,2.0,1.0,14.0,4.0
0020001005,1610612753,ORL,Orlando,1727,Pat Garrity,Pat,,,20:44,2.0,9.0,0.222,2.0,4.0,0.5,0.0,0.0,0.0,1.0,1.0,2.0,1.0,1.0,0.0,1.0,4.0,6.0,-5.0
0020001005,1610612753,ORL,Orlando,680,John Amaechi,John,F,,12:00,1.0,2.0,0.5,0.0,0.0,0.0,3.0,4.0,0.75,0.0,5.0,5.0,1.0,0.0,0.0,1.0,0.0,5.0,-3.0
0020001005,1610612753,ORL,Orlando,690,Don Reid,Don,G,,6:30,1.0,1.0,1.0,0.0,0.0,0.0,0.0,0.0,0.0,1.0,1.0,2.0,0.0,0.0,0.0,1.0,4.0,2.0,-2.0
0020001005,1610612753,ORL,Orlando,724,Cory Alexander,Cory,F,,8:39,0.0,1.0,0.0,0.0,1.0,0.0,1.0,1.0,1.0,0.0,0.0,0.0,1.0,0.0,0.0,1.0,3.0,1.0,-1.0
0020001005,1610612753,ORL,Orlando,42,Monty Williams,Monty,G,,17:58,0.0,3.0,0.0,0.0,0.0,0.0,2.0,2.0,1.0,3.0,2.0,5.0,1.0,0.0,0.0,4.0,2.0,2.0,-6.0
0020001005,1610612753,ORL,Orlando,1296,,,, ,,,,,,,,,,,,,,,,,,,,
0020001005,1610612753,ORL,Orlando,837,,,, ,,,,,,,,,,,,,,,,,,,,
0020001005,1610612753,ORL,Orlando,1307,,,, ,,,,,,,,,,,,,,,,,,,,
0020001005,1610612753,ORL,Orlando,1309,,,, ,,,,,,,,,,,,,,,,,,,,
0020001005,1610612753,ORL,Orlando,1332,,,, ,,,,,,,,,,,,,,,,,,,,
0020001005,1610612753,ORL,Orlando,1650,,,, ,,,,,,,,,,,,,,,,,,,,
0020001005,1610612753,ORL,Orlando,1941,,,, ,,,,,,,,,,,,,,,,,,,,
0020001005,1610612753,ORL,Orlando,692,Andrew DeClercq,Andrew,,DND - Strained Right Calf,,,,,,,,,,,,,,,,,,,,
0020001005,1610612753,ORL,Orlando,1607,Troy Hudson,Troy,,DNP - Coach's Decision,,,,,,,,,,,,,,,,,,,,
0020001008,1610612737,ATL,Atlanta,673,Alan Henderson,Alan,G,,35:56,8.0,15.0,0.533,0.0,0.0,0.0,2.0,4.0,0.5,5.0,7.0,12.0,1.0,1.0,0.0,3.0,6.0,18.0,-4.0
0020001008,1610612737,ATL,Atlanta,389,Toni Kukoc,Toni,F,,40:40,9.0,19.0,0.474,3.0,8.0,0.375,10.0,11.0,0.909,2.0,2.0,4.0,10.0,2.0,0.0,1.0,2.0,31.0,-3.0
0020001008,1610612737,ATL,Atlanta,1737,Nazr Mohammed,Nazr,G,,22:54,4.0,6.0,0.667,0.0,0.0,0.0,2.0,2.0,1.0,1.0,6.0,7.0,0.0,0.0,0.0,2.0,1.0,10.0,-7.0
0020001008,1610612737,ATL,Atlanta,1510,Brevin Knight,Brevin,G,,27:20,5.0,11.0,0.455,0.0,0.0,0.0,0.0,0.0,0.0,0.0,1.0,1.0,7.0,1.0,0.0,3.0,3.0,10.0,-4.0
0020001008,1610612737,ATL,Atlanta,1891,Jason Terry,Jason,G,,40:02,3.0,11.0,0.273,3.0,9.0,0.333,1.0,1.0,1.0,0.0,3.0,3.0,4.0,0.0,0.0,3.0,1.0,10.0,-2.0
0020001008,1610612737,ATL,Atlanta,953,Lorenzen Wright,Lorenzen,,,5:02,0.0,0.0,0.0,0.0,0.0,0.0,0.0,0.0,0.0,0.0,1.0,1.0,0.0,0.0,0.0,0.0,0.0,0.0,4.0
0020001008,1610612737,ATL,Atlanta,2069,Hanno Mottola,Hanno,F,,12:04,2.0,3.0,0.667,0.0,0.0,0.0,0.0,0.0,0.0,0.0,1.0,1.0,0.0,1.0,0.0,1.0,2.0,4.0,-3.0
0020001008,1610612737,ATL,Atlanta,1074,Matt Maloney,Matt,F,,20:40,2.0,7.0,0.286,0.0,0.0,0.0,0.0,0.0,0.0,0.0,1.0,1.0,3.0,0.0,1.0,1.0,3.0,4.0,-3.0
0020001008,1610612737,ATL,Atlanta,1898,Cal Bowdler,Cal,G,,20:04,5.0,7.0,0.714,0.0,0.0,0.0,1.0,2.0,0.5,6.0,2.0,8.0,0.0,0.0,0.0,0.0,1.0,11.0,-4.0
0020001008,1610612737,ATL,Atlanta,2035,DerMarr Johnson,DerMarr,G,,3:53,0.0,1.0,0.0,0.0,0.0,0.0,0.0,0.0,0.0,0.0,1.0,1.0,0.0,0.0,0.0,0.0,2.0,0.0,1.0
0020001008,1610612737,ATL,Atlanta,1901,Dion Glover,Dion,F,,11:25,0.0,1.0,0.0,0.0,0.0,0.0,0.0,0.0,0.0,0.0,1.0,1.0,1.0,0.0,0.0,1.0,1.0,0.0,-10.0
0020001008,1610612737,ATL,Atlanta,1774,,,, ,,,,,,,,,,,,,,,,,,,,
0020001008,1610612737,ATL,Atlanta,1260,,,, ,,,,,,,,,,,,,,,,,,,,
0020001008,1610612737,ATL,Atlanta,2094,,,, ,,,,,,,,,,,,,,,,,,,,
0020001008,1610612737,ATL,Atlanta,2150,,,, ,,,,,,,,,,,,,,,,,,,,
0020001008,1610612737,ATL,Atlanta,2151,,,, ,,,,,,,,,,,,,,,,,,,,
0020001008,1610612737,ATL,Atlanta,1544,Chris Crawford,Chris,,DND - Sprained left ankle,,,,,,,,,,,,,,,,,,,,
0020001008,1610612749,MIL,Milwaukee,1032,Darvin Ham,Darvin,F,,13:35,0.0,0.0,0.0,0.0,0.0,0.0,0.0,0.0,0.0,1.0,0.0,1.0,1.0,0.0,1.0,0.0,3.0,0.0,-8.0
0020001008,1610612749,MIL,Milwaukee,299,Glenn Robinson,Glenn,F,,33:48,7.0,18.0,0.389,0.0,3.0,0.0,0.0,0.0,0.0,1.0,2.0,3.0,1.0,0.0,0.0,2.0,4.0,14.0,2.0
0020001008,1610612749,MIL,Milwaukee,281,Scott Williams,Scott,C,,12:16,2.0,2.0,1.0,0.0,0.0,0.0,0.0,0.0,0.0,0.0,2.0,2.0,1.0,1.0,1.0,0.0,1.0,4.0,3.0
0020001008,1610612749,MIL,Milwaukee,951,Ray Allen,Ray,G,,42:50,8.0,13.0,0.615,3.0,5.0,0.6,8.0,8.0,1.0,3.0,8.0,11.0,5.0,3.0,0.0,2.0,2.0,27.0,9.0
0020001008,1610612749,MIL,Milwaukee,208,Sam Cassell,Sam,G,,38:12,9.0,20.0,0.45,1.0,1.0,1.0,3.0,3.0,1.0,0.0,2.0,2.0,11.0,0.0,0.0,5.0,0.0,22.0,2.0
0020001008,1610612749,MIL,Milwaukee,1501,Tim Thomas,Tim,F,,31:38,5.0,11.0,0.455,2.0,6.0,0.333,5.0,6.0,0.833,0.0,7.0,7.0,4.0,2.0,0.0,0.0,2.0,17.0,14.0
0020001008,1610612749,MIL,Milwaukee,911,Ervin Johnson,Ervin,G,,27:22,2.0,3.0,0.667,0.0,0.0,0.0,0.0,0.0,0.0,4.0,4.0,8.0,1.0,0.0,0.0,0.0,2.0,4.0,17.0
0020001008,1610612749,MIL,Milwaukee,283,Lindsey Hunter,Lindsey,G,,21:41,2.0,9.0,0.222,1.0,6.0,0.167,0.0,0.0,0.0,0.0,1.0,1.0,3.0,2.0,0.0,1.0,1.0,5.0,12.0
0020001008,1610612749,MIL,Milwaukee,679,Jason Caffey,Jason,G,,18:38,2.0,5.0,0.4,0.0,0.0,0.0,8.0,10.0,0.8,6.0,2.0,8.0,0.0,1.0,0.0,1.0,2.0,12.0,-16.0
0020001008,1610612749,MIL,Milwaukee,1334,,,, ,,,,,,,,,,,,,,,,,,,,
0020001008,1610612749,MIL,Milwaukee,1337,,,, ,,,,,,,,,,,,,,,,,,,,
0020001008,1610612749,MIL,Milwaukee,1355,,,, ,,,,,,,,,,,,,,,,,,,,
0020001008,1610612749,MIL,Milwaukee,2157,,,, ,,,,,,,,,,,,,,,,,,,,
0020001008,1610612749,MIL,Milwaukee,1796,,,, ,,,,,,,,,,,,,,,,,,,,
0020001008,1610612749,MIL,Milwaukee,1797,,,, ,,,,,,,,,,,,,,,,,,,,
0020001008,1610612749,MIL,Milwaukee,1747,Rafer Alston,Rafer,,DNP - Coach's Decision,,,,,,,,,,,,,,,,,,,,
0020001008,1610612749,MIL,Milwaukee,998,Mark Pope,Mark,,DNP - Coach's Decision,,,,,,,,,,,,,,,,,,,,
0020001008,1610612749,MIL,Milwaukee,2038,Joel Przybilla,Joel,,DNP - Coach's Decision,,,,,,,,,,,,,,,,,,,,
0020001007,1610612763,VAN,Vancouver,949,Shareef Abdur-Rahim,Shareef,F,,44:42,9.0,19.0,0.474,0.0,0.0,0.0,8.0,9.0,0.889,1.0,9.0,10.0,6.0,2.0,0.0,2.0,4.0,26.0,-9.0
0020001007,1610612763,VAN,Vancouver,763,Tony Massenburg,Tony,F,,15:05,2.0,5.0,0.4,0.0,0.0,0.0,0.0,0.0,0.0,0.0,0.0,0.0,0.0,0.0,0.0,1.0,2.0,4.0,-7.0
0020001007,1610612763,VAN,Vancouver,3,Grant Long,Grant,C,,14:18,0.0,6.0,0.0,0.0,0.0,0.0,0.0,0.0,0.0,0.0,1.0,1.0,3.0,1.0,1.0,1.0,0.0,0.0,-16.0
0020001007,1610612763,VAN,Vancouver,1722,Michael Dickerson,Michael,G,,42:15,7.0,14.0,0.5,4.0,6.0,0.667,4.0,4.0,1.0,1.0,3.0,4.0,1.0,0.0,0.0,3.0,3.0,22.0,-16.0
0020001007,1610612763,VAN,Vancouver,1710,Mike Bibby,Mike,G,,41:49,4.0,10.0,0.4,2.0,2.0,1.0,0.0,0.0,0.0,1.0,4.0,5.0,9.0,0.0,0.0,3.0,1.0,10.0,-10.0
0020001007,1610612763,VAN,Vancouver,735,Bryant Reeves,Bryant,C,,29:56,4.0,10.0,0.4,0.0,1.0,0.0,0.0,0.0,0.0,2.0,7.0,9.0,2.0,1.0,0.0,2.0,4.0,8.0,-6.0
0020001007,1610612763,VAN,Vancouver,2031,Stromile Swift,Stromile,F,,33:42,7.0,10.0,0.7,0.0,0.0,0.0,3.0,4.0,0.75,4.0,4.0,8.0,1.0,2.0,3.0,2.0,2.0,17.0,6.0
0020001007,1610612763,VAN,Vancouver,1800,Damon Jones,Damon,G,,18:13,2.0,5.0,0.4,1.0,2.0,0.5,0.0,0.0,0.0,0.0,2.0,2.0,5.0,0.0,0.0,1.0,1.0,5.0,8.0
0020001007,1610612763,VAN,Vancouver,1994,,,, ,,,,,,,,,,,,,,,,,,,,
0020001007,1610612763,VAN,Vancouver,1356,,,, ,,,,,,,,,,,,,,,,,,,,
0020001007,1610612763,VAN,Vancouver,1358,,,, ,,,,,,,,,,,,,,,,,,,,
0020001007,1610612763,VAN,Vancouver,1226,,,, ,,,,,,,,,,,,,,,,,,,,
0020001007,1610612763,VAN,Vancouver,1795,,,, ,,,,,,,,,,,,,,,,,,,,
0020001007,1610612763,VAN,Vancouver,2163,,,, ,,,,,,,,,,,,,,,,,,,,
0020001007,1610612763,VAN,Vancouver,2164,,,, ,,,,,,,,,,,,,,,,,,,,
0020001007,1610612763,VAN,Vancouver,2170,,,, ,,,,,,,,,,,,,,,,,,,,
0020001007,1610612763,VAN,Vancouver,888,,,, ,,,,,,,,,,,,,,,,,,,,
0020001007,1610612763,VAN,Vancouver,51,Mahmoud Abdul-Rauf,Mahmoud,,DNP - Coach's Decision,,,,,,,,,,,,,,,,,,,,
0020001007,1610612763,VAN,Vancouver,1134,Ike Austin,Ike,,DNP - Coach's Decision,,,,,,,,,,,,,,,,,,,,
0020001007,1610612763,VAN,Vancouver,236,Kevin Edwards,Kevin,,DNP - Coach's Decision,,,,,,,,,,,,,,,,,,,,
0020001007,1610612763,VAN,Vancouver,1065,Erick Strickland,Erick,,DNP - Coach's Decision,,,,,,,,,,,,,,,,,,,,
0020001007,1610612761,TOR,Toronto,2050,Morris Peterson,Morris,F,,29:29,7.0,13.0,0.538,4.0,5.0,0.8,2.0,2.0,1.0,1.0,2.0,3.0,4.0,1.0,0.0,2.0,3.0,20.0,4.0
0020001007,1610612761,TOR,Toronto,891,Charles Oakley,Charles,F,,27:51,3.0,8.0,0.375,0.0,1.0,0.0,0.0,0.0,0.0,2.0,7.0,9.0,2.0,1.0,0.0,2.0,1.0,6.0,8.0
0020001007,1610612761,TOR,Toronto,213,Antonio Davis,Antonio,F,,42:26,4.0,11.0,0.364,0.0,0.0,0.0,5.0,8.0,0.625,7.0,7.0,14.0,4.0,1.0,3.0,3.0,3.0,13.0,17.0
0020001007,1610612761,TOR,Toronto,1713,Vince Carter,Vince,G,,44:57,10.0,24.0,0.417,1.0,8.0,0.125,3.0,4.0,0.75,3.0,5.0,8.0,6.0,1.0,1.0,5.0,5.0,24.0,12.0
0020001007,1610612761,TOR,Toronto,1541,Alvin Williams,Alvin,G,,44:36,5.0,14.0,0.357,0.0,2.0,0.0,1.0,1.0,1.0,1.0,8.0,9.0,8.0,4.0,1.0,0.0,1.0,11.0,8.0
0020001007,1610612761,TOR,Toronto,1721,Keon Clark,Keon,C,,17:29,3.0,5.0,0.6,0.0,0.0,0.0,1.0,1.0,1.0,1.0,4.0,5.0,1.0,0.0,0.0,1.0,4.0,7.0,0.0
0020001007,1610612761,TOR,Toronto,966,Jerome Williams,Jerome,,,8:14,0.0,2.0,0.0,0.0,0.0,0.0,0.0,0.0,0.0,0.0,1.0,1.0,0.0,0.0,0.0,0.0,0.0,0.0,-5.0
0020001007,1610612761,TOR,Toronto,145,Tracy Murray,Tracy,,,6:31,2.0,3.0,0.667,1.0,2.0,0.5,0.0,0.0,0.0,0.0,0.0,0.0,1.0,0.0,0.0,0.0,1.0,5.0,-3.0
0020001007,1610612761,TOR,Toronto,209,Dell Curry,Dell,G,,18:27,6.0,9.0,0.667,2.0,4.0,0.5,2.0,2.0,1.0,1.0,0.0,1.0,1.0,0.0,1.0,0.0,0.0,16.0,9.0
0020001007,1610612761,TOR,Toronto,883,,,, ,,,,,,,,,,,,,,,,,,,,
0020001007,1610612761,TOR,Toronto,2162,,,, ,,,,,,,,,,,,,,,,,,,,
0020001007,1610612761,TOR,Toronto,1205,,,, ,,,,,,,,,,,,,,,,,,,,
0020001007,1610612761,TOR,Toronto,1244,,,, ,,,,,,,,,,,,,,,,,,,,
0020001007,1610612761,TOR,Toronto,1266,,,, ,,,,,,,,,,,,,,,,,,,,
0020001007,1610612761,TOR,Toronto,1344,,,, ,,,,,,,,,,,,,,,,,,,,
0020001007,1610612761,TOR,Toronto,1368,,,, ,,,,,,,,,,,,,,,,,,,,
0020001007,1610612761,TOR,Toronto,164,Chris Childs,Chris,,DNP - Coach's Decision,,,,,,,,,,,,,,,,,,,,
0020001007,1610612761,TOR,Toronto,376,Eric Montross,Eric,,DNP - Coach's Decision,,,,,,,,,,,,,,,,,,,,
0020001007,1610612761,TOR,Toronto,1565,Michael Stewart,Michael,,DNP - Coach's Decision,,,,,,,,,,,,,,,,,,,,
0020001004,1610612741,CHI,Chicago,1897,Metta World Peace,Metta,F,,34:51,6.0,12.0,0.5,0.0,1.0,0.0,3.0,4.0,0.75,2.0,4.0,6.0,4.0,3.0,1.0,1.0,2.0,15.0,1.0
0020001004,1610612741,CHI,Chicago,1882,Elton Brand,Elton,F,,40:09,9.0,16.0,0.563,0.0,0.0,0.0,2.0,4.0,0.5,3.0,6.0,9.0,4.0,2.0,2.0,3.0,2.0,20.0,-1.0
0020001004,1610612741,CHI,Chicago,1802,Brad Miller,Brad,C,,29:38,0.0,4.0,0.0,0.0,0.0,0.0,5.0,6.0,0.833,2.0,10.0,12.0,5.0,0.0,0.0,2.0,2.0,5.0,-7.0
0020001004,1610612741,CHI,Chicago,1500,Ron Mercer,Ron,G,,43:43,14.0,19.0,0.737,1.0,1.0,1.0,0.0,0.0,0.0,3.0,3.0,6.0,6.0,1.0,0.0,7.0,6.0,29.0,-10.0
0020001004,1610612741,CHI,Chicago,1724,Bryce Drew,Bryce,G,,30:40,3.0,7.0,0.429,2.0,3.0,0.667,0.0,0.0,0.0,0.0,2.0,2.0,4.0,0.0,0.0,3.0,4.0,8.0,-2.0
0020001004,1610612741,CHI,Chicago,697,Fred Hoiberg,Fred,F,,24:57,3.0,6.0,0.5,1.0,3.0,0.333,2.0,2.0,1.0,0.0,5.0,5.0,2.0,1.0,0.0,0.0,5.0,9.0,2.0
0020001004,1610612741,CHI,Chicago,2037,Jamal Crawford,Jamal,G,,17:28,3.0,5.0,0.6,2.0,3.0,0.667,2.0,2.0,1.0,0.0,1.0,1.0,2.0,0.0,0.0,2.0,1.0,10.0,0.0
0020001004,1610612741,CHI,Chicago,1434,Dragan Tarlac,Dragan,F,,10:51,1.0,1.0,1.0,0.0,0.0,0.0,0.0,0.0,0.0,0.0,1.0,1.0,1.0,0.0,0.0,1.0,0.0,2.0,-1.0
0020001004,1610612741,CHI,Chicago,2033,Marcus Fizer,Marcus,F,,7:43,0.0,3.0,0.0,0.0,0.0,0.0,0.0,2.0,0.0,0.0,0.0,0.0,1.0,0.0,0.0,1.0,2.0,0.0,-2.0
0020001004,1610612741,CHI,Chicago,2153,,,, ,,,,,,,,,,,,,,,,,,,,
0020001004,1610612741,CHI,Chicago,1779,,,, ,,,,,,,,,,,,,,,,,,,,
0020001004,1610612741,CHI,Chicago,1780,,,, ,,,,,,,,,,,,,,,,,,,,
0020001004,1610612741,CHI,Chicago,1220,,,, ,,,,,,,,,,,,,,,,,,,,
0020001004,1610612741,CHI,Chicago,1254,,,, ,,,,,,,,,,,,,,,,,,,,
0020001004,1610612741,CHI,Chicago,1346,,,, ,,,,,,,,,,,,,,,,,,,,
0020001004,1610612741,CHI,Chicago,2053,Dalibor Bagaric,Dalibor,,NWT - Flu,,,,,,,,,,,,,,,,,,,,
0020001004,1610612741,CHI,Chicago,1736,Corey Benjamin,Corey,,DNP - Coach's Decision,,,,,,,,,,,,,,,,,,,,
0020001004,1610612741,CHI,Chicago,2062,A.J. Guyton,A.J.,,DNP - Coach's Decision,,,,,,,,,,,,,,,,,,,,
0020001004,1610612738,BOS,Boston,952,Antoine Walker,Antoine,F,,44:30,8.0,20.0,0.4,3.0,8.0,0.375,2.0,2.0,1.0,0.0,7.0,7.0,7.0,4.0,1.0,4.0,4.0,21.0,5.0
0020001004,1610612738,BOS,Boston,1718,Paul Pierce,Paul,G,,42:23,11.0,21.0,0.524,3.0,6.0,0.5,11.0,14.0,0.786,0.0,6.0,6.0,4.0,1.0,0.0,3.0,2.0,36.0,2.0
0020001004,1610612738,BOS,Boston,1548,Mark Blount,Mark,C,,22:33,1.0,2.0,0.5,0.0,0.0,0.0,2.0,4.0,0.5,2.0,2.0,4.0,2.0,0.0,1.0,4.0,3.0,4.0,-8.0
0020001004,1610612738,BOS,Boston,753,Randy Brown,Randy,G,,23:16,1.0,5.0,0.2,0.0,0.0,0.0,0.0,0.0,0.0,0.0,1.0,1.0,5.0,2.0,0.0,1.0,4.0,2.0,-8.0
0020001004,1610612738,BOS,Boston,179,Bryant Stith,Bryant,G,,31:21,4.0,8.0,0.5,1.0,4.0,0.25,3.0,3.0,1.0,0.0,2.0,2.0,0.0,1.0,0.0,0.0,0.0,12.0,-8.0
0020001004,1610612738,BOS,Boston,1960,Milt Palacio,Milt,G,,24:44,5.0,10.0,0.5,0.0,0.0,0.0,2.0,3.0,0.667,1.0,0.0,1.0,4.0,0.0,0.0,1.0,0.0,12.0,12.0
0020001004,1610612738,BOS,Boston,958,Vitaly Potapenko,Vitaly,C,,17:05,2.0,3.0,0.667,0.0,0.0,0.0,0.0,0.0,0.0,3.0,3.0,6.0,0.0,1.0,0.0,1.0,0.0,4.0,12.0
0020001004,1610612738,BOS,Boston,677,Eric Williams,Eric,F,,21:30,1.0,3.0,0.333,0.0,1.0,0.0,4.0,4.0,1.0,1.0,2.0,3.0,1.0,1.0,0.0,1.0,0.0,6.0,10.0
0020001004,1610612738,BOS,Boston,962,Walter McCarty,Walter,,,11:24,1.0,3.0,0.333,1.0,1.0,1.0,2.0,2.0,1.0,3.0,2.0,5.0,1.0,0.0,0.0,0.0,5.0,5.0,2.0
0020001004,1610612738,BOS,Boston,1559,Adrian Griffin,Adrian,,,1:13,0.0,0.0,0.0,0.0,0.0,0.0,0.0,0.0,0.0,0.0,0.0,0.0,0.0,1.0,0.0,0.0,0.0,0.0,1.0
0020001004,1610612738,BOS,Boston,1639,,,, ,,,,,,,,,,,,,,,,,,,,
0020001004,1610612738,BOS,Boston,1641,,,, ,,,,,,,,,,,,,,,,,,,,
0020001004,1610612738,BOS,Boston,1213,,,, ,,,,,,,,,,,,,,,,,,,,
0020001004,1610612738,BOS,Boston,1875,,,, ,,,,,,,,,,,,,,,,,,,,
0020001004,1610612738,BOS,Boston,1914,Chris Herren,Chris,,DNP - Coach's Decision,,,,,,,,,,,,,,,,,,,,
0020001004,1610612738,BOS,Boston,2040,Jerome Moiso,Jerome,,DNP - Coach's Decision,,,,,,,,,,,,,,,,,,,,
0020001014,1610612747,LAL,Los Angeles,296,Rick Fox,Rick,F,,27:48,5.0,11.0,0.455,1.0,4.0,0.25,2.0,2.0,1.0,2.0,0.0,2.0,0.0,0.0,0.0,0.0,3.0,13.0,-3.0
0020001014,1610612747,LAL,Los Angeles,270,Horace Grant,Horace,F,,24:11,2.0,7.0,0.286,0.0,0.0,0.0,4.0,4.0,1.0,1.0,2.0,3.0,2.0,0.0,0.0,2.0,1.0,8.0,-13.0
0020001014,1610612747,LAL,Los Angeles,406,Shaquille O'Neal,Shaquille,F,,41:05,7.0,15.0,0.467,0.0,0.0,0.0,13.0,18.0,0.722,6.0,6.0,12.0,3.0,0.0,0.0,6.0,4.0,27.0,-14.0
0020001014,1610612747,LAL,Los Angeles,965,Derek Fisher,Derek,G,,31:35,3.0,9.0,0.333,0.0,3.0,0.0,4.0,8.0,0.5,0.0,3.0,3.0,2.0,2.0,0.0,0.0,2.0,10.0,-7.0
0020001014,1610612747,LAL,Los Angeles,216,Brian Shaw,Brian,G,,37:58,1.0,3.0,0.333,1.0,1.0,1.0,0.0,0.0,0.0,0.0,5.0,5.0,3.0,0.0,1.0,1.0,4.0,3.0,-14.0
0020001014,1610612747,LAL,Los Angeles,1904,Devean George,Devean,C,,20:12,3.0,6.0,0.5,0.0,1.0,0.0,0.0,0.0,0.0,1.0,3.0,4.0,1.0,1.0,0.0,1.0,2.0,6.0,-18.0
0020001014,1610612747,LAL,Los Angeles,2130,Mike Penberthy,Mike,G,,12:44,2.0,6.0,0.333,0.0,2.0,0.0,2.0,2.0,1.0,1.0,0.0,1.0,1.0,0.0,0.0,0.0,4.0,6.0,-7.0
0020001014,1610612747,LAL,Los Angeles,2058,Mark Madsen,Mark,F,,8:33,0.0,1.0,0.0,0.0,0.0,0.0,2.0,2.0,1.0,1.0,0.0,1.0,1.0,0.0,0.0,0.0,1.0,2.0,-7.0
0020001014,1610612747,LAL,Los Angeles,109,Robert Horry,Robert,G,,20:00,2.0,6.0,0.333,1.0,2.0,0.5,1.0,2.0,0.5,1.0,3.0,4.0,2.0,0.0,1.0,4.0,2.0,6.0,-3.0
0020001014,1610612747,LAL,Los Angeles,375,Isaiah Rider,Isaiah,G,,13:43,1.0,5.0,0.2,0.0,1.0,0.0,0.0,0.0,0.0,0.0,0.0,0.0,0.0,2.0,0.0,1.0,2.0,2.0,-14.0
0020001014,1610612747,LAL,Los Angeles,323,Greg Foster,Greg,,,2:12,0.0,0.0,0.0,0.0,0.0,0.0,0.0,0.0,0.0,0.0,0.0,0.0,0.0,0.0,0.0,0.0,0.0,0.0,-5.0
0020001014,1610612747,LAL,Los Angeles,1219,,,, ,,,,,,,,,,,,,,,,,,,,
0020001014,1610612747,LAL,Los Angeles,1221,,,, ,,,,,,,,,,,,,,,,,,,,
0020001014,1610612747,LAL,Los Angeles,1223,,,, ,,,,,,,,,,,,,,,,,,,,
0020001014,1610612747,LAL,Los Angeles,1230,,,, ,,,,,,,,,,,,,,,,,,,,
0020001014,1610612747,LAL,Los Angeles,1270,,,, ,,,,,,,,,,,,,,,,,,,,
0020001014,1610612747,LAL,Los Angeles,1273,,,, ,,,,,,,,,,,,,,,,,,,,
0020001014,1610612747,LAL,Los Angeles,977,Kobe Bryant,Kobe,,Did Not Travel - Left Ankle,,,,,,,,,,,,,,,,,,,,
0020001014,1610612756,PHX,Phoenix,1890,Shawn Marion,Shawn,F,,36:18,12.0,18.0,0.667,0.0,1.0,0.0,3.0,3.0,1.0,3.0,2.0,5.0,2.0,2.0,3.0,4.0,1.0,27.0,19.0
0020001014,1610612756,PHX,Phoenix,361,Clifford Robinson,Clifford,G,,38:14,5.0,13.0,0.385,1.0,3.0,0.333,2.0,4.0,0.5,1.0,1.0,2.0,8.0,0.0,0.0,1.0,4.0,13.0,12.0
0020001014,1610612756,PHX,Phoenix,2054,Jake Tsakalidis,Jake,C,,16:30,4.0,5.0,0.8,0.0,0.0,0.0,0.0,1.0,0.0,2.0,0.0,2.0,0.0,0.0,0.0,2.0,5.0,8.0,1.0
0020001014,1610612756,PHX,Phoenix,467,Jason Kidd,Jason,G,,34:59,8.0,15.0,0.533,0.0,1.0,0.0,6.0,8.0,0.75,3.0,8.0,11.0,9.0,3.0,0.0,1.0,4.0,22.0,12.0
0020001014,1610612756,PHX,Phoenix,53,Mario Elie,Mario,G,,39:19,3.0,8.0,0.375,1.0,4.0,0.25,2.0,2.0,1.0,1.0,5.0,6.0,5.0,2.0,0.0,1.0,1.0,9.0,9.0
0020001014,1610612756,PHX,Phoenix,915,Rodney Rogers,Rodney,G,,16:09,2.0,3.0,0.667,0.0,0.0,0.0,1.0,2.0,0.5,0.0,2.0,2.0,0.0,0.0,0.0,1.0,4.0,5.0,0.0
0020001014,1610612756,PHX,Phoenix,339,Tom Gugliotta,Tom,C,,26:43,5.0,13.0,0.385,0.0,0.0,0.0,4.0,4.0,1.0,1.0,6.0,7.0,1.0,2.0,0.0,1.0,4.0,14.0,16.0
0020001014,1610612756,PHX,Phoenix,960,Tony Delk,Tony,F,,8:41,0.0,2.0,0.0,0.0,0.0,0.0,0.0,0.0,0.0,0.0,0.0,0.0,1.0,0.0,0.0,0.0,1.0,0.0,12.0
0020001014,1610612756,PHX,Phoenix,219,Vinny Del Negro,Vinny,F,,13:01,2.0,3.0,0.667,0.0,0.0,0.0,1.0,1.0,1.0,0.0,2.0,2.0,1.0,0.0,0.0,0.0,2.0,5.0,9.0
0020001014,1610612756,PHX,Phoenix,201,Chris Dudley,Chris,F,,7:44,0.0,0.0,0.0,0.0,0.0,0.0,1.0,2.0,0.5,1.0,3.0,4.0,1.0,0.0,0.0,0.0,2.0,1.0,7.0
0020001014,1610612756,PHX,Phoenix,386,Elliot Perry,Elliot,,,1:11,0.0,0.0,0.0,0.0,0.0,0.0,0.0,0.0,0.0,0.0,0.0,0.0,0.0,0.0,0.0,0.0,0.0,0.0,4.0
0020001014,1610612756,PHX,Phoenix,2091,Daniel Santiago,Daniel,,,1:11,0.0,0.0,0.0,0.0,0.0,0.0,0.0,0.0,0.0,0.0,3.0,3.0,0.0,0.0,0.0,0.0,0.0,0.0,4.0
0020001014,1610612756,PHX,Phoenix,2008,,,, ,,,,,,,,,,,,,,,,,,,,
0020001014,1610612756,PHX,Phoenix,2015,,,, ,,,,,,,,,,,,,,,,,,,,
0020001014,1610612756,PHX,Phoenix,1653,,,, ,,,,,,,,,,,,,,,,,,,,
0020001014,1610612756,PHX,Phoenix,1654,,,, ,,,,,,,,,,,,,,,,,,,,
0020001014,1610612756,PHX,Phoenix,1227,,,, ,,,,,,,,,,,,,,,,,,,,
0020001014,1610612756,PHX,Phoenix,2160,,,, ,,,,,,,,,,,,,,,,,,,,
0020001014,1610612756,PHX,Phoenix,2161,,,, ,,,,,,,,,,,,,,,,,,,,
0020001017,1610612739,CLE,Cleveland,1723,Matt Harpring,Matt,F,,33:36,4.0,11.0,0.364,0.0,0.0,0.0,2.0,2.0,1.0,1.0,0.0,1.0,2.0,1.0,0.0,1.0,2.0,10.0,-12.0
0020001017,1610612739,CLE,Cleveland,221,Clar. Weatherspoon,Clar.,G,,29:45,3.0,8.0,0.375,0.0,0.0,0.0,1.0,2.0,0.5,2.0,5.0,7.0,2.0,0.0,0.0,0.0,1.0,7.0,3.0
0020001017,1610612739,CLE,Cleveland,2036,Chris Mihm,Chris,F,,20:28,3.0,6.0,0.5,0.0,0.0,0.0,0.0,0.0,0.0,2.0,5.0,7.0,0.0,3.0,0.0,2.0,3.0,6.0,2.0
0020001017,1610612739,CLE,Cleveland,1889,Andre Miller,Andre,G,,29:22,4.0,10.0,0.4,0.0,1.0,0.0,6.0,6.0,1.0,1.0,6.0,7.0,10.0,1.0,1.0,3.0,5.0,14.0,-1.0
0020001017,1610612739,CLE,Cleveland,445,Wesley Person,Wesley,G,,31:01,6.0,11.0,0.545,1.0,3.0,0.333,2.0,2.0,1.0,0.0,0.0,0.0,0.0,1.0,0.0,2.0,0.0,15.0,2.0
0020001017,1610612739,CLE,Cleveland,423,Chris Gatling,Chris,F,,24:26,5.0,10.0,0.5,0.0,2.0,0.0,1.0,2.0,0.5,0.0,2.0,2.0,2.0,2.0,0.0,3.0,4.0,11.0,-21.0
0020001017,1610612739,CLE,Cleveland,441,Lamond Murray,Lamond,G,,23:11,3.0,9.0,0.333,0.0,2.0,0.0,2.0,2.0,1.0,2.0,2.0,4.0,2.0,1.0,1.0,2.0,5.0,8.0,-19.0
0020001017,1610612739,CLE,Cleveland,359,Chucky Brown,Chucky,F,,8:54,2.0,4.0,0.5,0.0,0.0,0.0,0.0,0.0,0.0,1.0,0.0,1.0,0.0,0.0,0.0,0.0,1.0,4.0,-14.0
0020001017,1610612739,CLE,Cleveland,902,Bimbo Coles,Bimbo,F,,13:48,1.0,4.0,0.25,0.0,0.0,0.0,0.0,0.0,0.0,0.0,0.0,0.0,1.0,0.0,0.0,0.0,0.0,2.0,-18.0
0020001017,1610612739,CLE,Cleveland,1892,Trajan Langdon,Trajan,G,,16:30,1.0,4.0,0.25,0.0,1.0,0.0,0.0,1.0,0.0,0.0,2.0,2.0,1.0,0.0,0.0,1.0,4.0,2.0,-16.0
0020001017,1610612739,CLE,Cleveland,1533,Anthony Johnson,Anthony,,,4:50,2.0,4.0,0.5,0.0,0.0,0.0,1.0,1.0,1.0,0.0,0.0,0.0,1.0,0.0,0.0,0.0,0.0,5.0,1.0
0020001017,1610612739,CLE,Cleveland,1538,Cedric Henderson,Cedric,,,4:09,1.0,2.0,0.5,0.0,0.0,0.0,0.0,0.0,0.0,0.0,0.0,0.0,0.0,0.0,0.0,0.0,0.0,2.0,3.0
0020001017,1610612739,CLE,Cleveland,1638,,,, ,,,,,,,,,,,,,,,,,,,,
0020001017,1610612739,CLE,Cleveland,2096,,,, ,,,,,,,,,,,,,,,,,,,,
0020001017,1610612739,CLE,Cleveland,2174,,,, ,,,,,,,,,,,,,,,,,,,,
0020001017,1610612739,CLE,Cleveland,1285,,,, ,,,,,,,,,,,,,,,,,,,,
0020001017,1610612739,CLE,Cleveland,1289,,,, ,,,,,,,,,,,,,,,,,,,,
0020001017,1610612739,CLE,Cleveland,1311,,,, ,,,,,,,,,,,,,,,,,,,,
0020001017,1610612739,CLE,Cleveland,2006,,,, ,,,,,,,,,,,,,,,,,,,,
0020001017,1610612760,SEA,Seattle,1740,Rashard Lewis,Rashard,G,,31:35,3.0,7.0,0.429,1.0,1.0,1.0,0.0,0.0,0.0,1.0,9.0,10.0,1.0,0.0,0.0,1.0,1.0,7.0,5.0
0020001017,1610612760,SEA,Seattle,1741,Jelani McCoy,Jelani,F,,15:22,2.0,3.0,0.667,0.0,0.0,0.0,1.0,1.0,1.0,1.0,3.0,4.0,1.0,0.0,1.0,2.0,4.0,5.0,-11.0
0020001017,1610612760,SEA,Seattle,121,Patrick Ewing,Patrick,F,,20:47,3.0,6.0,0.5,0.0,0.0,0.0,6.0,10.0,0.6,1.0,2.0,3.0,3.0,1.0,3.0,2.0,2.0,12.0,1.0
0020001017,1610612760,SEA,Seattle,1023,Emanual Davis,Emanual,G,,24:13,3.0,6.0,0.5,2.0,3.0,0.667,0.0,0.0,0.0,0.0,0.0,0.0,1.0,2.0,0.0,3.0,1.0,8.0,-3.0
0020001017,1610612760,SEA,Seattle,56,Gary Payton,Gary,G,,32:02,9.0,12.0,0.75,1.0,1.0,1.0,2.0,2.0,1.0,0.0,2.0,2.0,8.0,1.0,0.0,3.0,2.0,21.0,16.0
0020001017,1610612760,SEA,Seattle,1739,Ruben Patterson,Ruben,G,,28:39,7.0,10.0,0.7,0.0,0.0,0.0,2.0,5.0,0.4,0.0,2.0,2.0,4.0,1.0,1.0,1.0,2.0,16.0,34.0
0020001017,1610612760,SEA,Seattle,452,Vin Baker,Vin,G,,23:35,3.0,6.0,0.5,0.0,0.0,0.0,1.0,2.0,0.5,2.0,5.0,7.0,0.0,0.0,7.0,3.0,3.0,7.0,16.0
0020001017,1610612760,SEA,Seattle,699,Brent Barry,Brent,G,,27:18,4.0,9.0,0.444,2.0,4.0,0.5,3.0,4.0,0.75,0.0,4.0,4.0,5.0,1.0,0.0,1.0,2.0,13.0,17.0
0020001017,1610612760,SEA,Seattle,2046,Desmond Mason,Desmond,C,,16:52,2.0,6.0,0.333,1.0,1.0,1.0,2.0,2.0,1.0,2.0,3.0,5.0,0.0,1.0,0.0,2.0,4.0,7.0,13.0
0020001017,1610612760,SEA,Seattle,1742,Shammond Williams,Shammond,F,,12:27,0.0,1.0,0.0,0.0,0.0,0.0,0.0,0.0,0.0,0.0,2.0,2.0,5.0,0.0,0.0,2.0,1.0,0.0,6.0
0020001017,1610612760,SEA,Seattle,2071,Olumide Oyedeji,Olumide,,,4:09,1.0,1.0,1.0,0.0,0.0,0.0,0.0,0.0,0.0,0.0,1.0,1.0,0.0,0.0,0.0,0.0,0.0,2.0,-3.0
0020001017,1610612760,SEA,Seattle,2106,Ruben Wolkowyski,Ruben,,,3:01,2.0,2.0,1.0,0.0,0.0,0.0,2.0,2.0,1.0,0.0,0.0,0.0,0.0,0.0,1.0,0.0,0.0,6.0,-1.0
0020001017,1610612760,SEA,Seattle,1335,,,, ,,,,,,,,,,,,,,,,,,,,
0020001017,1610612760,SEA,Seattle,1338,,,, ,,,,,,,,,,,,,,,,,,,,
0020001017,1610612760,SEA,Seattle,1349,,,, ,,,,,,,,,,,,,,,,,,,,
0020001017,1610612760,SEA,Seattle,1778,,,, ,,,,,,,,,,,,,,,,,,,,
0020001016,1610612746,LAC,Los Angeles,1885,Lamar Odom,Lamar,G,,32:25,4.0,10.0,0.4,0.0,3.0,0.0,6.0,8.0,0.75,0.0,8.0,8.0,3.0,1.0,1.0,3.0,6.0,14.0,2.0
0020001016,1610612746,LAC,Los Angeles,685,Cherokee Parks,Cherokee,F,,11:32,1.0,4.0,0.25,0.0,0.0,0.0,2.0,2.0,1.0,0.0,2.0,2.0,1.0,0.0,0.0,0.0,3.0,4.0,-16.0
0020001016,1610612746,LAC,Los Angeles,1709,Michael Olowokandi,Michael,F,,25:00,1.0,3.0,0.333,0.0,0.0,0.0,4.0,4.0,1.0,0.0,4.0,4.0,0.0,0.0,0.0,1.0,2.0,6.0,-15.0
0020001016,1610612746,LAC,Los Angeles,976,Jeff McInnis,Jeff,G,,32:41,6.0,13.0,0.462,2.0,4.0,0.5,0.0,0.0,0.0,1.0,3.0,4.0,5.0,1.0,0.0,3.0,2.0,14.0,-5.0
0020001016,1610612746,LAC,Los Angeles,15,Eric Piatkowski,Eric,G,,10:44,1.0,2.0,0.5,0.0,0.0,0.0,0.0,0.0,0.0,0.0,1.0,1.0,0.0,0.0,0.0,0.0,3.0,2.0,-11.0
0020001016,1610612746,LAC,Los Angeles,1894,Corey Maggette,Corey,F,,32:00,6.0,12.0,0.5,1.0,2.0,0.5,6.0,7.0,0.857,1.0,4.0,5.0,2.0,0.0,0.0,2.0,3.0,19.0,-5.0
0020001016,1610612746,LAC,Los Angeles,2032,Darius Miles,Darius,G,,36:28,5.0,9.0,0.556,0.0,0.0,0.0,2.0,4.0,0.5,0.0,4.0,4.0,0.0,2.0,2.0,0.0,3.0,12.0,8.0
0020001016,1610612746,LAC,Los Angeles,399,Sean Rooks,Sean,G,,21:24,5.0,8.0,0.625,0.0,0.0,0.0,0.0,0.0,0.0,1.0,2.0,3.0,3.0,0.0,0.0,0.0,3.0,10.0,5.0
0020001016,1610612746,LAC,Los Angeles,2039,Keyon Dooling,Keyon,F,,15:38,1.0,7.0,0.143,0.0,1.0,0.0,0.0,0.0,0.0,0.0,0.0,0.0,5.0,0.0,0.0,1.0,1.0,2.0,-3.0
0020001016,1610612746,LAC,Los Angeles,2047,Quentin Richardson,Quentin,F,,22:08,5.0,8.0,0.625,1.0,3.0,0.333,2.0,2.0,1.0,1.0,4.0,5.0,1.0,1.0,0.0,0.0,1.0,13.0,0.0
0020001016,1610612746,LAC,Los Angeles,2010,,,, ,,,,,,,,,,,,,,,,,,,,
0020001016,1610612746,LAC,Los Angeles,2166,,,, ,,,,,,,,,,,,,,,,,,,,
0020001016,1610612746,LAC,Los Angeles,1672,,,, ,,,,,,,,,,,,,,,,,,,,
0020001016,1610612746,LAC,Los Angeles,1210,,,, ,,,,,,,,,,,,,,,,,,,,
0020001016,1610612746,LAC,Los Angeles,1243,,,, ,,,,,,,,,,,,,,,,,,,,
0020001016,1610612746,LAC,Los Angeles,1246,,,, ,,,,,,,,,,,,,,,,,,,,
0020001016,1610612746,LAC,Los Angeles,1284,,,, ,,,,,,,,,,,,,,,,,,,,
0020001016,1610612746,LAC,Los Angeles,1351,,,, ,,,,,,,,,,,,,,,,,,,,
0020001016,1610612746,LAC,Los Angeles,1730,Brian Skinner,Brian,,DNP - Coach's Decision,,,,,,,,,,,,,,,,,,,,
0020001016,1610612746,LAC,Los Angeles,400,Derek Strong,Derek,,DNP - Coach's Decision,,,,,,,,,,,,,,,,,,,,
0020001016,1610612757,POR,Portland,278,Stacey Augmon,Stacey,F,,19:29,4.0,7.0,0.571,0.0,0.0,0.0,3.0,5.0,0.6,2.0,1.0,3.0,0.0,0.0,0.0,1.0,1.0,11.0,14.0
0020001016,1610612757,POR,Portland,739,Rasheed Wallace,Rasheed,F,,36:10,6.0,12.0,0.5,3.0,3.0,1.0,4.0,6.0,0.667,2.0,2.0,4.0,4.0,2.0,0.0,4.0,2.0,19.0,11.0
0020001016,1610612757,POR,Portland,717,Arvydas Sabonis,Arvydas,G,,19:19,4.0,7.0,0.571,1.0,1.0,1.0,0.0,0.0,0.0,1.0,10.0,11.0,1.0,0.0,0.0,1.0,4.0,9.0,14.0
0020001016,1610612757,POR,Portland,1719,Bonzi Wells,Bonzi,G,,26:22,7.0,9.0,0.778,1.0,1.0,1.0,0.0,2.0,0.0,1.0,4.0,5.0,1.0,0.0,0.0,1.0,4.0,15.0,11.0
0020001016,1610612757,POR,Portland,757,Damon Stoudamire,Damon,G,,22:11,0.0,6.0,0.0,0.0,0.0,0.0,0.0,0.0,0.0,0.0,2.0,2.0,10.0,1.0,0.0,0.0,2.0,0.0,7.0
0020001016,1610612757,POR,Portland,905,Dale Davis,Dale,G,,17:21,1.0,3.0,0.333,0.0,0.0,0.0,0.0,0.0,0.0,1.0,3.0,4.0,1.0,0.0,1.0,0.0,3.0,2.0,-3.0
0020001016,1610612757,POR,Portland,120,Steven Smith,Steven,G,,29:02,4.0,11.0,0.364,0.0,2.0,0.0,11.0,11.0,1.0,1.0,0.0,1.0,3.0,1.0,1.0,1.0,4.0,19.0,-5.0
0020001016,1610612757,POR,Portland,937,Scottie Pippen,Scottie,G,,28:34,3.0,9.0,0.333,0.0,1.0,0.0,1.0,2.0,0.5,0.0,2.0,2.0,3.0,1.0,0.0,0.0,0.0,7.0,-6.0
0020001016,1610612757,POR,Portland,431,Shawn Kemp,Shawn,C,,18:44,4.0,6.0,0.667,0.0,0.0,0.0,6.0,8.0,0.75,1.0,2.0,3.0,1.0,2.0,0.0,1.0,4.0,14.0,-5.0
0020001016,1610612757,POR,Portland,393,Rod Strickland,Rod,G,,22:48,3.0,6.0,0.5,0.0,0.0,0.0,2.0,2.0,1.0,1.0,1.0,2.0,5.0,2.0,0.0,0.0,0.0,8.0,2.0
0020001016,1610612757,POR,Portland,1473,,,, ,,,,,,,,,,,,,,,,,,,,
0020001016,1610612757,POR,Portland,1655,,,, ,,,,,,,,,,,,,,,,,,,,
0020001016,1610612757,POR,Portland,1656,,,, ,,,,,,,,,,,,,,,,,,,,
0020001016,1610612757,POR,Portland,1329,,,, ,,,,,,,,,,,,,,,,,,,,
0020001016,1610612757,POR,Portland,1336,,,, ,,,,,,,,,,,,,,,,,,,,
0020001016,1610612757,POR,Portland,1783,,,, ,,,,,,,,,,,,,,,,,,,,
0020001016,1610612757,POR,Portland,2149,,,, ,,,,,,,,,,,,,,,,,,,,
0020001016,1610612757,POR,Portland,21,Greg Anthony,Greg,,DNP - Coach's Decision,,,,,,,,,,,,,,,,,,,,
0020001016,1610612757,POR,Portland,96,Detlef Schrempf,Detlef,,DNP - Coach's Decision,,,,,,,,,,,,,,,,,,,,
0020001013,1610612742,DAL,Dallas,436,Juwan Howard,Juwan,G,,33:56,5.0,9.0,0.556,0.0,0.0,0.0,0.0,0.0,0.0,1.0,3.0,4.0,0.0,1.0,0.0,1.0,5.0,10.0,-1.0
0020001013,1610612742,DAL,Dallas,1717,Dirk Nowitzki,Dirk,G,,40:36,5.0,18.0,0.278,2.0,8.0,0.25,15.0,17.0,0.882,1.0,12.0,13.0,2.0,1.0,0.0,1.0,3.0,27.0,19.0
0020001013,1610612742,DAL,Dallas,762,Shawn Bradley,Shawn,F,,28:07,2.0,6.0,0.333,0.0,0.0,0.0,4.0,4.0,1.0,2.0,5.0,7.0,0.0,0.0,4.0,0.0,1.0,8.0,3.0
0020001013,1610612742,DAL,Dallas,959,Steve Nash,Steve,G,,36:03,2.0,11.0,0.182,0.0,0.0,0.0,5.0,5.0,1.0,0.0,6.0,6.0,9.0,1.0,1.0,3.0,4.0,9.0,7.0
0020001013,1610612742,DAL,Dallas,714,Michael Finley,Michael,G,,48:00,13.0,28.0,0.464,5.0,8.0,0.625,2.0,2.0,1.0,3.0,9.0,12.0,3.0,0.0,0.0,1.0,1.0,33.0,8.0
0020001013,1610612742,DAL,Dallas,458,Howard Eisley,Howard,F,,16:12,0.0,3.0,0.0,0.0,0.0,0.0,0.0,0.0,0.0,0.0,1.0,1.0,1.0,0.0,0.0,1.0,1.0,0.0,1.0
0020001013,1610612742,DAL,Dallas,95,Mark Bryant,Mark,,,4:57,0.0,0.0,0.0,0.0,0.0,0.0,0.0,0.0,0.0,0.0,1.0,1.0,0.0,0.0,0.0,0.0,1.0,0.0,-1.0
0020001013,1610612742,DAL,Dallas,137,Vernon Maxwell,Vernon,,,6:44,0.0,2.0,0.0,0.0,2.0,0.0,0.0,0.0,0.0,0.0,1.0,1.0,1.0,0.0,1.0,0.0,2.0,0.0,-8.0
0020001013,1610612742,DAL,Dallas,1916,Calvin Booth,Calvin,C,,13:08,4.0,5.0,0.8,0.0,0.0,0.0,0.0,0.0,0.0,2.0,1.0,3.0,0.0,0.0,2.0,0.0,1.0,8.0,6.0
0020001013,1610612742,DAL,Dallas,1761,Greg Buckner,Greg,F,,12:17,1.0,3.0,0.333,0.0,0.0,0.0,1.0,1.0,1.0,0.0,2.0,2.0,2.0,1.0,0.0,0.0,4.0,3.0,6.0
0020001013,1610612742,DAL,Dallas,1782,,,, ,,,,,,,,,,,,,,,,,,,,
0020001013,1610612742,DAL,Dallas,1370,,,, ,,,,,,,,,,,,,,,,,,,,
0020001013,1610612742,DAL,Dallas,1643,,,, ,,,,,,,,,,,,,,,,,,,,
0020001013,1610612742,DAL,Dallas,2154,,,, ,,,,,,,,,,,,,,,,,,,,
0020001013,1610612742,DAL,Dallas,1483,,,, ,,,,,,,,,,,,,,,,,,,,
0020001013,1610612742,DAL,Dallas,1233,,,, ,,,,,,,,,,,,,,,,,,,,
0020001013,1610612742,DAL,Dallas,1269,,,, ,,,,,,,,,,,,,,,,,,,,
0020001013,1610612742,DAL,Dallas,1317,,,, ,,,,,,,,,,,,,,,,,,,,
0020001013,1610612742,DAL,Dallas,1918,Obinna Ekezie,Obinna,,DNP - Coach's Decision,,,,,,,,,,,,,,,,,,,,
0020001013,1610612742,DAL,Dallas,2059,Eduardo Najera,Eduardo,,DNP - Coach's Decision,,,,,,,,,,,,,,,,,,,,
0020001013,1610612762,UTA,Utah,923,Donyell Marshall,Donyell,G,,24:57,7.0,17.0,0.412,2.0,3.0,0.667,1.0,2.0,0.5,4.0,8.0,12.0,0.0,0.0,2.0,2.0,5.0,17.0,-18.0
0020001013,1610612762,UTA,Utah,252,Karl Malone,Karl,G,,36:30,7.0,11.0,0.636,0.0,0.0,0.0,7.0,10.0,0.7,1.0,9.0,10.0,1.0,0.0,0.0,3.0,3.0,21.0,-6.0
0020001013,1610612762,UTA,Utah,178,Olden Polynice,Olden,F,,20:59,1.0,2.0,0.5,0.0,0.0,0.0,0.0,0.0,0.0,3.0,2.0,5.0,0.0,0.0,0.0,1.0,1.0,2.0,-9.0
0020001013,1610612762,UTA,Utah,304,John Stockton,John,G,,27:44,1.0,10.0,0.1,1.0,4.0,0.25,5.0,5.0,1.0,1.0,5.0,6.0,12.0,2.0,0.0,2.0,3.0,8.0,-5.0
0020001013,1610612762,UTA,Utah,317,John Starks,John,G,,28:10,2.0,13.0,0.154,2.0,5.0,0.4,2.0,2.0,1.0,1.0,2.0,3.0,1.0,1.0,0.0,0.0,4.0,8.0,-14.0
0020001013,1610612762,UTA,Utah,1521,Jacque Vaughn,Jacque,C,,25:07,4.0,8.0,0.5,0.0,1.0,0.0,0.0,0.0,0.0,0.0,2.0,2.0,4.0,0.0,0.0,0.0,1.0,8.0,4.0
0020001013,1610612762,UTA,Utah,935,Bryon Russell,Bryon,G,,32:13,2.0,9.0,0.222,1.0,3.0,0.333,2.0,4.0,0.5,1.0,3.0,4.0,0.0,0.0,1.0,0.0,3.0,7.0,-5.0
0020001013,1610612762,UTA,Utah,330,Danny Manning,Danny,G,,14:17,4.0,6.0,0.667,0.0,0.0,0.0,2.0,2.0,1.0,0.0,2.0,2.0,0.0,0.0,0.0,0.0,2.0,10.0,-5.0
0020001013,1610612762,UTA,Utah,731,Greg Ostertag,Greg,F,,19:41,2.0,6.0,0.333,0.0,0.0,0.0,3.0,4.0,0.75,3.0,2.0,5.0,1.0,0.0,3.0,0.0,3.0,7.0,11.0
0020001013,1610612762,UTA,Utah,180,John Crotty,John,F,,5:37,0.0,0.0,0.0,0.0,0.0,0.0,0.0,0.0,0.0,0.0,1.0,1.0,2.0,0.0,0.0,0.0,0.0,0.0,5.0
0020001013,1610612762,UTA,Utah,128,David Benoit,David,G,,4:45,0.0,2.0,0.0,0.0,1.0,0.0,2.0,2.0,1.0,0.0,1.0,1.0,0.0,1.0,0.0,0.0,0.0,2.0,2.0
0020001013,1610612762,UTA,Utah,1372,,,, ,,,,,,,,,,,,,,,,,,,,
0020001013,1610612762,UTA,Utah,1228,,,, ,,,,,,,,,,,,,,,,,,,,
0020001013,1610612762,UTA,Utah,1345,,,, ,,,,,,,,,,,,,,,,,,,,
0020001013,1610612762,UTA,Utah,1347,,,, ,,,,,,,,,,,,,,,,,,,,
0020001013,1610612762,UTA,Utah,1348,,,, ,,,,,,,,,,,,,,,,,,,,
0020001013,1610612762,UTA,Utah,1794,,,, ,,,,,,,,,,,,,,,,,,,,
0020001013,1610612762,UTA,Utah,1909,Scott Padgett,Scott,,DNP - Coach's Decision,,,,,,,,,,,,,,,,,,,,
0020001015,1610612752,NYK,New York,913,Larry Johnson,Larry,F,,29:18,1.0,5.0,0.2,0.0,0.0,0.0,2.0,2.0,1.0,2.0,6.0,8.0,1.0,0.0,0.0,0.0,3.0,4.0,1.0
0020001015,1610612752,NYK,New York,84,Latrell Sprewell,Latrell,G,,45:06,6.0,19.0,0.316,0.0,2.0,0.0,5.0,5.0,1.0,0.0,7.0,7.0,0.0,1.0,0.0,3.0,2.0,17.0,7.0
0020001015,1610612752,NYK,New York,948,Marcus Camby,Marcus,F,,39:29,7.0,14.0,0.5,0.0,0.0,0.0,0.0,0.0,0.0,7.0,10.0,17.0,1.0,2.0,2.0,2.0,4.0,14.0,-5.0
0020001015,1610612752,NYK,New York,275,Allan Houston,Allan,G,,38:04,8.0,16.0,0.5,0.0,0.0,0.0,0.0,0.0,0.0,1.0,2.0,3.0,4.0,1.0,0.0,4.0,1.0,16.0,-10.0
0020001015,1610612752,NYK,New York,349,Mark Jackson,Mark,G,,33:45,1.0,4.0,0.25,0.0,0.0,0.0,0.0,0.0,0.0,1.0,2.0,3.0,8.0,0.0,0.0,2.0,3.0,2.0,-4.0
0020001015,1610612752,NYK,New York,703,Kurt Thomas,Kurt,G,,36:58,4.0,10.0,0.4,0.0,0.0,0.0,2.0,2.0,1.0,1.0,7.0,8.0,2.0,2.0,0.0,5.0,5.0,10.0,3.0
0020001015,1610612752,NYK,New York,779,Glen Rice,Glen,F,,23:06,7.0,11.0,0.636,3.0,4.0,0.75,1.0,1.0,1.0,1.0,2.0,3.0,1.0,0.0,0.0,1.0,3.0,18.0,12.0
0020001015,1610612752,NYK,New York,369,Charlie Ward,Charlie,C,,19:15,3.0,6.0,0.5,0.0,2.0,0.0,2.0,2.0,1.0,0.0,1.0,1.0,6.0,2.0,0.0,4.0,1.0,8.0,6.0
0020001015,1610612752,NYK,New York,2167,,,, ,,,,,,,,,,,,,,,,,,,,
0020001015,1610612752,NYK,New York,2168,,,, ,,,,,,,,,,,,,,,,,,,,
0020001015,1610612752,NYK,New York,1790,,,, ,,,,,,,,,,,,,,,,,,,,
0020001015,1610612752,NYK,New York,1791,,,, ,,,,,,,,,,,,,,,,,,,,
0020001015,1610612752,NYK,New York,1297,,,, ,,,,,,,,,,,,,,,,,,,,
0020001015,1610612752,NYK,New York,1298,,,, ,,,,,,,,,,,,,,,,,,,,
0020001015,1610612752,NYK,New York,1301,,,, ,,,,,,,,,,,,,,,,,,,,
0020001015,1610612752,NYK,New York,1302,,,, ,,,,,,,,,,,,,,,,,,,,
0020001015,1610612752,NYK,New York,970,Othella Harrington,Othella,,DNP - Coach's Decision,,,,,,,,,,,,,,,,,,,,
0020001015,1610612752,NYK,New York,969,Travis Knight,Travis,,DNP - Coach's Decision,,,,,,,,,,,,,,,,,,,,
0020001015,1610612752,NYK,New York,2068,Lavor Postell,Lavor,,DNP - Coach's Decision,,,,,,,,,,,,,,,,,,,,
0020001015,1610612752,NYK,New York,280,Felton Spencer,Felton,,DNP - Coach's Decision,,,,,,,,,,,,,,,,,,,,
0020001015,1610612744,GSW,Golden State,228,Adam Keefe,Adam,G,,19:38,1.0,4.0,0.25,0.0,0.0,0.0,0.0,0.0,0.0,1.0,4.0,5.0,1.0,2.0,0.0,0.0,3.0,2.0,-4.0
0020001015,1610612744,GSW,Golden State,1712,Antawn Jamison,Antawn,G,,49:58,15.0,32.0,0.469,2.0,4.0,0.5,9.0,10.0,0.9,4.0,3.0,7.0,3.0,0.0,0.0,1.0,0.0,41.0,6.0
0020001015,1610612744,GSW,Golden State,1502,Adonal Foyle,Adonal,F,,33:56,3.0,8.0,0.375,0.0,0.0,0.0,0.0,0.0,0.0,4.0,6.0,10.0,0.0,0.0,7.0,2.0,1.0,6.0,9.0
0020001015,1610612744,GSW,Golden State,2084,Chris Porter,Chris,G,,45:19,9.0,15.0,0.6,0.0,0.0,0.0,6.0,8.0,0.75,0.0,4.0,4.0,1.0,3.0,0.0,0.0,1.0,24.0,2.0
0020001015,1610612744,GSW,Golden State,302,Mookie Blaylock,Mookie,G,,43:19,3.0,20.0,0.15,0.0,3.0,0.0,0.0,0.0,0.0,2.0,4.0,6.0,16.0,6.0,0.0,2.0,4.0,6.0,9.0
0020001015,1610612744,GSW,Golden State,916,Corie Blount,Corie,F,,37:44,2.0,7.0,0.286,0.0,0.0,0.0,0.0,0.0,0.0,3.0,4.0,7.0,1.0,2.0,0.0,3.0,2.0,4.0,-4.0
0020001015,1610612744,GSW,Golden State,1907,Vonteego Cummings,Vonteego,F,,13:33,1.0,4.0,0.25,1.0,2.0,0.5,1.0,4.0,0.25,0.0,1.0,1.0,4.0,1.0,0.0,1.0,3.0,4.0,-10.0
0020001015,1610612744,GSW,Golden State,956,Erick Dampier,Erick,F,,18:31,0.0,2.0,0.0,0.0,0.0,0.0,0.0,0.0,0.0,3.0,3.0,6.0,0.0,0.0,0.0,2.0,2.0,0.0,-10.0
0020001015,1610612744,GSW,Golden State,2101,Paul McPherson,Paul,G,,3:02,0.0,1.0,0.0,0.0,0.0,0.0,0.0,0.0,0.0,0.0,0.0,0.0,0.0,1.0,0.0,0.0,0.0,0.0,-8.0
0020001015,1610612744,GSW,Golden State,500093,,,, ,,,,,,,,,,,,,,,,,,,,
0020001015,1610612744,GSW,Golden State,1217,,,, ,,,,,,,,,,,,,,,,,,,,
0020001015,1610612744,GSW,Golden State,1252,,,, ,,,,,,,,,,,,,,,,,,,,
0020001015,1610612744,GSW,Golden State,1323,,,, ,,,,,,,,,,,,,,,,,,,,
0020001015,1610612744,GSW,Golden State,1350,,,, ,,,,,,,,,,,,,,,,,,,,
0020001015,1610612744,GSW,Golden State,1373,,,, ,,,,,,,,,,,,,,,,,,,,
0020001015,1610612744,GSW,Golden State,1637,,,, ,,,,,,,,,,,,,,,,,,,,
0020001015,1610612744,GSW,Golden State,1716,Larry Hughes,Larry,,DND - Sprained Right Thumb,,,,,,,,,,,,,,,,,,,,
0020001015,1610612744,GSW,Golden State,1531,Marc Jackson,Marc,,DND - Strained Left Groin,,,,,,,,,,,,,,,,,,,,
0020001015,1610612744,GSW,Golden State,682,Bob Sura,Bob,,DND - Strained Lower Back,,,,,,,,,,,,,,,,,,,,
0020001012,1610612743,DEN,Denver,384,Calbert Cheaney,Calbert,F,,41:16,0.0,4.0,0.0,0.0,0.0,0.0,1.0,2.0,0.5,1.0,3.0,4.0,1.0,0.0,0.0,1.0,4.0,1.0,15.0
0020001012,1610612743,DEN,Denver,686,Antonio McDyess,Antonio,G,,50:08,13.0,23.0,0.565,0.0,0.0,0.0,9.0,13.0,0.692,4.0,8.0,12.0,0.0,0.0,3.0,5.0,5.0,35.0,0.0
0020001012,1610612743,DEN,Denver,788,Kevin Willis,Kevin,G,,33:27,9.0,13.0,0.692,0.0,0.0,0.0,0.0,0.0,0.0,4.0,9.0,13.0,2.0,1.0,1.0,2.0,5.0,18.0,10.0
0020001012,1610612743,DEN,Denver,45,George McCloud,George,G,,49:21,2.0,9.0,0.222,0.0,1.0,0.0,1.0,1.0,1.0,1.0,3.0,4.0,22.0,0.0,0.0,5.0,4.0,5.0,12.0
0020001012,1610612743,DEN,Denver,1899,James Posey,James,G,,36:50,7.0,15.0,0.467,0.0,4.0,0.0,9.0,11.0,0.818,4.0,10.0,14.0,1.0,3.0,0.0,4.0,4.0,23.0,-5.0
0020001012,1610612743,DEN,Denver,1763,Ryan Bowen,Ryan,G,,20:07,5.0,9.0,0.556,1.0,2.0,0.5,0.0,0.0,0.0,3.0,2.0,5.0,1.0,0.0,0.0,2.0,3.0,11.0,4.0
0020001012,1610612743,DEN,Denver,702,Voshon Lenard,Voshon,G,,8:02,0.0,2.0,0.0,0.0,1.0,0.0,0.0,0.0,0.0,0.0,1.0,1.0,0.0,0.0,0.0,0.0,0.0,0.0,-3.0
0020001012,1610612743,DEN,Denver,1711,Raef LaFrentz,Raef,G,,22:25,5.0,7.0,0.714,0.0,1.0,0.0,6.0,6.0,1.0,2.0,4.0,6.0,2.0,0.0,1.0,1.0,5.0,16.0,0.0
0020001012,1610612743,DEN,Denver,123,Robert Pack,Robert,,,3:25,0.0,2.0,0.0,0.0,0.0,0.0,0.0,0.0,0.0,0.0,0.0,0.0,1.0,0.0,0.0,0.0,0.0,0.0,-8.0
0020001012,1610612743,DEN,Denver,1240,,,, ,,,,,,,,,,,,,,,,,,,,
0020001012,1610612743,DEN,Denver,1241,,,, ,,,,,,,,,,,,,,,,,,,,
0020001012,1610612743,DEN,Denver,1995,,,, ,,,,,,,,,,,,,,,,,,,,
0020001012,1610612743,DEN,Denver,2007,,,, ,,,,,,,,,,,,,,,,,,,,
0020001012,1610612743,DEN,Denver,1784,,,, ,,,,,,,,,,,,,,,,,,,,
0020001012,1610612743,DEN,Denver,1785,,,, ,,,,,,,,,,,,,,,,,,,,
0020001012,1610612743,DEN,Denver,1786,,,, ,,,,,,,,,,,,,,,,,,,,
0020001012,1610612743,DEN,Denver,1207,,,, ,,,,,,,,,,,,,,,,,,,,
0020001012,1610612743,DEN,Denver,1216,,,, ,,,,,,,,,,,,,,,,,,,,
0020001012,1610612743,DEN,Denver,426,Terry Davis,Terry,,DND - Strained Left Calf,,,,,,,,,,,,,,,,,,,,
0020001012,1610612743,DEN,Denver,924,Anthony Goldwire,Anthony,,DNP - Coach's Decision,,,,,,,,,,,,,,,,,,,,
0020001012,1610612743,DEN,Denver,89,Nick Van Exel,Nick,,DND - Sore Lower Back,,,,,,,,,,,,,,,,,,,,
0020001012,1610612741,CHI,Chicago,1897,Metta World Peace,Metta,G,,37:48,2.0,11.0,0.182,0.0,2.0,0.0,2.0,2.0,1.0,1.0,2.0,3.0,5.0,6.0,0.0,1.0,6.0,6.0,13.0
0020001012,1610612741,CHI,Chicago,1882,Elton Brand,Elton,G,,45:53,11.0,18.0,0.611,0.0,0.0,0.0,3.0,11.0,0.273,3.0,8.0,11.0,4.0,3.0,0.0,3.0,5.0,25.0,-13.0
0020001012,1610612741,CHI,Chicago,1802,Brad Miller,Brad,G,,33:16,3.0,6.0,0.5,0.0,0.0,0.0,6.0,10.0,0.6,3.0,4.0,7.0,2.0,0.0,0.0,0.0,6.0,12.0,2.0
0020001012,1610612741,CHI,Chicago,1500,Ron Mercer,Ron,G,,49:20,13.0,27.0,0.481,0.0,1.0,0.0,4.0,4.0,1.0,3.0,2.0,5.0,2.0,0.0,0.0,3.0,1.0,30.0,2.0
0020001012,1610612741,CHI,Chicago,1724,Bryce Drew,Bryce,G,,11:00,0.0,2.0,0.0,0.0,2.0,0.0,0.0,0.0,0.0,1.0,0.0,1.0,1.0,0.0,0.0,0.0,0.0,0.0,-2.0
0020001012,1610612741,CHI,Chicago,2037,Jamal Crawford,Jamal,G,,36:11,6.0,16.0,0.375,3.0,9.0,0.333,2.0,2.0,1.0,0.0,1.0,1.0,5.0,2.0,0.0,0.0,3.0,17.0,4.0
0020001012,1610612741,CHI,Chicago,1434,Dragan Tarlac,Dragan,F,,6:14,0.0,1.0,0.0,0.0,0.0,0.0,0.0,0.0,0.0,0.0,1.0,1.0,1.0,0.0,0.0,1.0,1.0,0.0,-12.0
0020001012,1610612741,CHI,Chicago,697,Fred Hoiberg,Fred,F,,27:29,2.0,5.0,0.4,1.0,2.0,0.5,3.0,3.0,1.0,0.0,4.0,4.0,2.0,2.0,0.0,0.0,3.0,8.0,-16.0
0020001012,1610612741,CHI,Chicago,1736,Corey Benjamin,Corey,G,,17:49,2.0,3.0,0.667,0.0,0.0,0.0,2.0,4.0,0.5,1.0,2.0,3.0,4.0,0.0,0.0,2.0,3.0,6.0,-3.0
0020001012,1610612741,CHI,Chicago,1779,,,, ,,,,,,,,,,,,,,,,,,,,
0020001012,1610612741,CHI,Chicago,1780,,,, ,,,,,,,,,,,,,,,,,,,,
0020001012,1610612741,CHI,Chicago,1254,,,, ,,,,,,,,,,,,,,,,,,,,
0020001012,1610612741,CHI,Chicago,1346,,,, ,,,,,,,,,,,,,,,,,,,,
0020001012,1610612741,CHI,Chicago,1220,,,, ,,,,,,,,,,,,,,,,,,,,
0020001012,1610612741,CHI,Chicago,2153,,,, ,,,,,,,,,,,,,,,,,,,,
0020001012,1610612741,CHI,Chicago,2053,Dalibor Bagaric,Dalibor,,DNP - Coach's Decision,,,,,,,,,,,,,,,,,,,,
0020001012,1610612741,CHI,Chicago,2033,Marcus Fizer,Marcus,,DND - Right Thigh Bruise,,,,,,,,,,,,,,,,,,,,
0020001012,1610612741,CHI,Chicago,2062,A.J. Guyton,A.J.,,DNP - Coach's Decision,,,,,,,,,,,,,,,,,,,,
0020001011,1610612749,MIL,Milwaukee,299,Glenn Robinson,Glenn,F,,27:58,8.0,16.0,0.5,1.0,3.0,0.333,1.0,1.0,1.0,2.0,6.0,8.0,1.0,0.0,0.0,5.0,0.0,18.0,-9.0
0020001011,1610612749,MIL,Milwaukee,998,Mark Pope,Mark,G,,17:15,0.0,1.0,0.0,0.0,0.0,0.0,0.0,0.0,0.0,0.0,3.0,3.0,0.0,0.0,0.0,0.0,4.0,0.0,-4.0
0020001011,1610612749,MIL,Milwaukee,911,Ervin Johnson,Ervin,G,,29:34,3.0,4.0,0.75,0.0,0.0,0.0,0.0,0.0,0.0,4.0,6.0,10.0,1.0,1.0,2.0,0.0,3.0,6.0,-12.0
0020001011,1610612749,MIL,Milwaukee,208,Sam Cassell,Sam,G,,30:08,7.0,16.0,0.438,0.0,2.0,0.0,6.0,6.0,1.0,0.0,4.0,4.0,5.0,1.0,0.0,6.0,3.0,20.0,-12.0
0020001011,1610612749,MIL,Milwaukee,951,Ray Allen,Ray,G,,36:41,7.0,18.0,0.389,2.0,7.0,0.286,2.0,4.0,0.5,2.0,2.0,4.0,4.0,1.0,0.0,3.0,1.0,18.0,-11.0
0020001011,1610612749,MIL,Milwaukee,1501,Tim Thomas,Tim,F,,24:58,1.0,6.0,0.167,0.0,1.0,0.0,2.0,2.0,1.0,0.0,4.0,4.0,1.0,3.0,1.0,4.0,2.0,4.0,-3.0
0020001011,1610612749,MIL,Milwaukee,283,Lindsey Hunter,Lindsey,F,,23:37,2.0,8.0,0.25,1.0,7.0,0.143,1.0,2.0,0.5,1.0,0.0,1.0,0.0,2.0,0.0,3.0,2.0,6.0,-8.0
0020001011,1610612749,MIL,Milwaukee,679,Jason Caffey,Jason,G,,22:40,0.0,2.0,0.0,0.0,0.0,0.0,0.0,0.0,0.0,2.0,3.0,5.0,1.0,1.0,0.0,1.0,6.0,0.0,-6.0
0020001011,1610612749,MIL,Milwaukee,1032,Darvin Ham,Darvin,G,,12:31,0.0,0.0,0.0,0.0,0.0,0.0,0.0,0.0,0.0,0.0,1.0,1.0,0.0,0.0,0.0,0.0,1.0,0.0,0.0
0020001011,1610612749,MIL,Milwaukee,1747,Rafer Alston,Rafer,G,,12:49,2.0,3.0,0.667,0.0,1.0,0.0,2.0,2.0,1.0,1.0,0.0,1.0,1.0,0.0,0.0,1.0,2.0,6.0,2.0
0020001011,1610612749,MIL,Milwaukee,2038,Joel Przybilla,Joel,,,1:50,0.0,0.0,0.0,0.0,0.0,0.0,0.0,0.0,0.0,0.0,0.0,0.0,0.0,0.0,0.0,1.0,1.0,0.0,3.0
0020001011,1610612749,MIL,Milwaukee,2157,,,, ,,,,,,,,,,,,,,,,,,,,
0020001011,1610612749,MIL,Milwaukee,1796,,,, ,,,,,,,,,,,,,,,,,,,,
0020001011,1610612749,MIL,Milwaukee,1797,,,, ,,,,,,,,,,,,,,,,,,,,
0020001011,1610612749,MIL,Milwaukee,1334,,,, ,,,,,,,,,,,,,,,,,,,,
0020001011,1610612749,MIL,Milwaukee,1337,,,, ,,,,,,,,,,,,,,,,,,,,
0020001011,1610612749,MIL,Milwaukee,1355,,,, ,,,,,,,,,,,,,,,,,,,,
0020001011,1610612749,MIL,Milwaukee,281,Scott Williams,Scott,,DND - Sore Right Knee,,,,,,,,,,,,,,,,,,,,
0020001011,1610612755,PHI,Philadelphia,248,George Lynch,George,F,,33:05,4.0,9.0,0.444,0.0,0.0,0.0,0.0,0.0,0.0,0.0,3.0,3.0,2.0,2.0,0.0,2.0,4.0,8.0,11.0
0020001011,1610612755,PHI,Philadelphia,238,Tyrone Hill,Tyrone,F,,36:09,2.0,6.0,0.333,0.0,0.0,0.0,1.0,6.0,0.167,6.0,9.0,15.0,1.0,1.0,0.0,0.0,1.0,5.0,9.0
0020001011,1610612755,PHI,Philadelphia,87,Dikembe Mutombo,Dikembe,C,,35:29,4.0,11.0,0.364,0.0,0.0,0.0,4.0,4.0,1.0,11.0,6.0,17.0,1.0,0.0,1.0,1.0,2.0,12.0,13.0
0020001011,1610612755,PHI,Philadelphia,727,Eric Snow,Eric,G,,32:24,3.0,7.0,0.429,0.0,1.0,0.0,0.0,0.0,0.0,1.0,2.0,3.0,13.0,2.0,0.0,2.0,2.0,6.0,16.0
0020001011,1610612755,PHI,Philadelphia,947,Allen Iverson,Allen,G,,42:34,15.0,35.0,0.429,1.0,6.0,0.167,5.0,5.0,1.0,0.0,3.0,3.0,2.0,6.0,0.0,4.0,0.0,36.0,11.0
0020001011,1610612755,PHI,Philadelphia,243,Aaron McKie,Aaron,G,,27:24,7.0,13.0,0.538,0.0,1.0,0.0,6.0,9.0,0.667,1.0,2.0,3.0,3.0,2.0,0.0,5.0,2.0,20.0,10.0
0020001011,1610612755,PHI,Philadelphia,1908,Jumaine Jones,Jumaine,F,,12:11,1.0,5.0,0.2,0.0,0.0,0.0,0.0,0.0,0.0,0.0,1.0,1.0,0.0,2.0,0.0,0.0,1.0,2.0,6.0
0020001011,1610612755,PHI,Philadelphia,761,Matt Geiger,Matt,C,,10:49,0.0,5.0,0.0,0.0,0.0,0.0,1.0,2.0,0.5,2.0,2.0,4.0,1.0,0.0,0.0,0.0,5.0,1.0,-5.0
0020001011,1610612755,PHI,Philadelphia,1563,Kevin Ollie,Kevin,,,5:35,0.0,1.0,0.0,0.0,0.0,0.0,0.0,0.0,0.0,0.0,0.0,0.0,0.0,0.0,0.0,0.0,0.0,0.0,-2.0
0020001011,1610612755,PHI,Philadelphia,1928,Todd MacCulloch,Todd,,,1:31,0.0,0.0,0.0,0.0,0.0,0.0,0.0,0.0,0.0,0.0,0.0,0.0,0.0,0.0,1.0,0.0,0.0,0.0,-3.0
0020001011,1610612755,PHI,Philadelphia,1934,Rodney Buford,Rodney,,,1:31,0.0,1.0,0.0,0.0,0.0,0.0,0.0,0.0,0.0,0.0,0.0,0.0,0.0,0.0,0.0,0.0,0.0,0.0,-3.0
0020001011,1610612755,PHI,Philadelphia,2143,Pepe Sanchez,Pepe,,,1:19,0.0,0.0,0.0,0.0,0.0,0.0,0.0,0.0,0.0,0.0,0.0,0.0,0.0,0.0,0.0,0.0,0.0,0.0,-3.0
0020001011,1610612755,PHI,Philadelphia,1865,,,, ,,,,,,,,,,,,,,,,,,,,
0020001011,1610612755,PHI,Philadelphia,1212,,,, ,,,,,,,,,,,,,,,,,,,,
0020001011,1610612755,PHI,Philadelphia,1259,,,, ,,,,,,,,,,,,,,,,,,,,
0020001011,1610612755,PHI,Philadelphia,1308,,,, ,,,,,,,,,,,,,,,,,,,,
0020001011,1610612755,PHI,Philadelphia,1312,,,, ,,,,,,,,,,,,,,,,,,,,
0020001011,1610612755,PHI,Philadelphia,1313,,,, ,,,,,,,,,,,,,,,,,,,,
0020001011,1610612755,PHI,Philadelphia,2169,,,, ,,,,,,,,,,,,,,,,,,,,
0020001020,1610612738,BOS,Boston,1718,Paul Pierce,Paul,G,,42:16,12.0,30.0,0.4,3.0,6.0,0.5,14.0,17.0,0.824,4.0,7.0,11.0,3.0,2.0,0.0,2.0,3.0,41.0,16.0
0020001020,1610612738,BOS,Boston,952,Antoine Walker,Antoine,F,,49:44,6.0,22.0,0.273,2.0,11.0,0.182,2.0,2.0,1.0,2.0,9.0,11.0,9.0,1.0,1.0,2.0,2.0,16.0,7.0
0020001020,1610612738,BOS,Boston,1548,Mark Blount,Mark,G,,22:53,2.0,2.0,1.0,0.0,0.0,0.0,6.0,7.0,0.857,2.0,1.0,3.0,2.0,1.0,1.0,0.0,2.0,10.0,2.0
0020001020,1610612738,BOS,Boston,753,Randy Brown,Randy,G,,29:50,3.0,5.0,0.6,0.0,0.0,0.0,0.0,0.0,0.0,0.0,2.0,2.0,2.0,2.0,0.0,2.0,2.0,6.0,4.0
0020001020,1610612738,BOS,Boston,179,Bryant Stith,Bryant,G,,34:31,3.0,10.0,0.3,1.0,3.0,0.333,4.0,5.0,0.8,1.0,3.0,4.0,1.0,4.0,0.0,1.0,3.0,11.0,-10.0
0020001020,1610612738,BOS,Boston,1960,Milt Palacio,Milt,F,,23:10,4.0,8.0,0.5,0.0,2.0,0.0,0.0,0.0,0.0,1.0,1.0,2.0,3.0,0.0,0.0,2.0,2.0,8.0,-1.0
0020001020,1610612738,BOS,Boston,958,Vitaly Potapenko,Vitaly,G,,24:09,4.0,8.0,0.5,0.0,0.0,0.0,2.0,2.0,1.0,5.0,2.0,7.0,0.0,0.0,1.0,1.0,5.0,10.0,-5.0
0020001020,1610612738,BOS,Boston,677,Eric Williams,Eric,G,,31:38,3.0,8.0,0.375,1.0,3.0,0.333,3.0,4.0,0.75,1.0,3.0,4.0,0.0,2.0,0.0,0.0,4.0,10.0,5.0
0020001020,1610612738,BOS,Boston,962,Walter McCarty,Walter,,,3:55,0.0,0.0,0.0,0.0,0.0,0.0,0.0,0.0,0.0,0.0,0.0,0.0,1.0,0.0,0.0,0.0,0.0,0.0,-6.0
0020001020,1610612738,BOS,Boston,1559,Adrian Griffin,Adrian,,,2:54,1.0,1.0,1.0,1.0,1.0,1.0,0.0,0.0,0.0,0.0,0.0,0.0,0.0,0.0,0.0,0.0,0.0,3.0,3.0
0020001020,1610612738,BOS,Boston,1639,,,, ,,,,,,,,,,,,,,,,,,,,
0020001020,1610612738,BOS,Boston,1641,,,, ,,,,,,,,,,,,,,,,,,,,
0020001020,1610612738,BOS,Boston,1875,,,, ,,,,,,,,,,,,,,,,,,,,
0020001020,1610612738,BOS,Boston,1213,,,, ,,,,,,,,,,,,,,,,,,,,
0020001020,1610612738,BOS,Boston,1914,Chris Herren,Chris,,DNP - Coach's Decision,,,,,,,,,,,,,,,,,,,,
0020001020,1610612738,BOS,Boston,2040,Jerome Moiso,Jerome,,DNP - Coach's Decision,,,,,,,,,,,,,,,,,,,,
0020001020,1610612737,ATL,Atlanta,389,Toni Kukoc,Toni,G,,45:56,6.0,11.0,0.545,2.0,3.0,0.667,5.0,7.0,0.714,1.0,3.0,4.0,11.0,1.0,0.0,5.0,4.0,19.0,4.0
0020001020,1610612737,ATL,Atlanta,673,Alan Henderson,Alan,F,,9:37,0.0,3.0,0.0,0.0,0.0,0.0,0.0,2.0,0.0,0.0,0.0,0.0,0.0,0.0,0.0,1.0,0.0,0.0,-14.0
0020001020,1610612737,ATL,Atlanta,1737,Nazr Mohammed,Nazr,C,,17:43,2.0,3.0,0.667,0.0,0.0,0.0,0.0,0.0,0.0,1.0,1.0,2.0,0.0,0.0,0.0,3.0,2.0,4.0,-14.0
0020001020,1610612737,ATL,Atlanta,1510,Brevin Knight,Brevin,G,,7:26,1.0,1.0,1.0,0.0,0.0,0.0,0.0,0.0,0.0,0.0,1.0,1.0,0.0,0.0,0.0,0.0,2.0,2.0,-2.0
0020001020,1610612737,ATL,Atlanta,1891,Jason Terry,Jason,G,,47:18,8.0,20.0,0.4,5.0,11.0,0.455,3.0,3.0,1.0,1.0,5.0,6.0,7.0,1.0,0.0,4.0,2.0,24.0,-3.0
0020001020,1610612737,ATL,Atlanta,1074,Matt Maloney,Matt,G,,39:12,7.0,11.0,0.636,4.0,5.0,0.8,0.0,0.0,0.0,0.0,4.0,4.0,4.0,0.0,0.0,1.0,4.0,18.0,2.0
0020001020,1610612737,ATL,Atlanta,953,Lorenzen Wright,Lorenzen,G,,35:13,10.0,18.0,0.556,0.0,0.0,0.0,7.0,10.0,0.7,5.0,13.0,18.0,0.0,0.0,2.0,0.0,3.0,27.0,10.0
0020001020,1610612737,ATL,Atlanta,1898,Cal Bowdler,Cal,F,,33:44,6.0,9.0,0.667,0.0,0.0,0.0,3.0,4.0,0.75,2.0,2.0,4.0,0.0,1.0,3.0,1.0,3.0,15.0,11.0
0020001020,1610612737,ATL,Atlanta,2069,Hanno Mottola,Hanno,G,,13:53,1.0,5.0,0.2,0.0,0.0,0.0,1.0,2.0,0.5,1.0,5.0,6.0,0.0,0.0,0.0,2.0,1.0,3.0,-3.0
0020001020,1610612737,ATL,Atlanta,2035,DerMarr Johnson,DerMarr,,,2:54,0.0,0.0,0.0,0.0,0.0,0.0,0.0,0.0,0.0,0.0,0.0,0.0,0.0,0.0,0.0,0.0,2.0,0.0,-3.0
0020001020,1610612737,ATL,Atlanta,1901,Dion Glover,Dion,G,,12:04,0.0,1.0,0.0,0.0,1.0,0.0,0.0,0.0,0.0,1.0,2.0,3.0,3.0,0.0,1.0,1.0,2.0,0.0,-3.0
0020001020,1610612737,ATL,Atlanta,1260,,,, ,,,,,,,,,,,,,,,,,,,,
0020001020,1610612737,ATL,Atlanta,2094,,,, ,,,,,,,,,,,,,,,,,,,,
0020001020,1610612737,ATL,Atlanta,2150,,,, ,,,,,,,,,,,,,,,,,,,,
0020001020,1610612737,ATL,Atlanta,2151,,,, ,,,,,,,,,,,,,,,,,,,,
0020001020,1610612737,ATL,Atlanta,1774,,,, ,,,,,,,,,,,,,,,,,,,,
0020001020,1610612737,ATL,Atlanta,1544,Chris Crawford,Chris,,DND - Sprained left ankle,,,,,,,,,,,,,,,,,,,,
0020001019,1610612761,TOR,Toronto,2050,Morris Peterson,Morris,G,,19:11,0.0,6.0,0.0,0.0,0.0,0.0,0.0,2.0,0.0,2.0,1.0,3.0,2.0,0.0,0.0,0.0,1.0,0.0,10.0
0020001019,1610612761,TOR,Toronto,891,Charles Oakley,Charles,G,,42:56,5.0,9.0,0.556,0.0,0.0,0.0,2.0,3.0,0.667,0.0,14.0,14.0,2.0,1.0,0.0,0.0,3.0,12.0,11.0
0020001019,1610612761,TOR,Toronto,213,Antonio Davis,Antonio,C,,30:04,6.0,11.0,0.545,0.0,0.0,0.0,0.0,0.0,0.0,1.0,9.0,10.0,1.0,0.0,2.0,4.0,4.0,12.0,4.0
0020001019,1610612761,TOR,Toronto,1713,Vince Carter,Vince,G,,44:45,14.0,27.0,0.519,2.0,2.0,1.0,8.0,10.0,0.8,3.0,3.0,6.0,2.0,1.0,4.0,0.0,0.0,38.0,6.0
0020001019,1610612761,TOR,Toronto,1541,Alvin Williams,Alvin,G,,36:18,5.0,9.0,0.556,2.0,4.0,0.5,2.0,2.0,1.0,0.0,3.0,3.0,11.0,2.0,0.0,2.0,4.0,14.0,11.0
0020001019,1610612761,TOR,Toronto,164,Chris Childs,Chris,G,,12:36,0.0,1.0,0.0,0.0,1.0,0.0,0.0,0.0,0.0,0.0,0.0,0.0,3.0,0.0,0.0,1.0,5.0,0.0,2.0
0020001019,1610612761,TOR,Toronto,209,Dell Curry,Dell,G,,31:10,8.0,14.0,0.571,4.0,6.0,0.667,3.0,3.0,1.0,1.0,0.0,1.0,1.0,0.0,1.0,2.0,1.0,23.0,-2.0
0020001019,1610612761,TOR,Toronto,1721,Keon Clark,Keon,F,,12:32,0.0,0.0,0.0,0.0,0.0,0.0,1.0,4.0,0.25,0.0,3.0,3.0,1.0,0.0,0.0,0.0,6.0,1.0,-7.0
0020001019,1610612761,TOR,Toronto,966,Jerome Williams,Jerome,,,10:28,0.0,0.0,0.0,0.0,0.0,0.0,1.0,2.0,0.5,0.0,3.0,3.0,0.0,0.0,0.0,0.0,1.0,1.0,10.0
0020001019,1610612761,TOR,Toronto,1205,,,, ,,,,,,,,,,,,,,,,,,,,
0020001019,1610612761,TOR,Toronto,1244,,,, ,,,,,,,,,,,,,,,,,,,,
0020001019,1610612761,TOR,Toronto,1266,,,, ,,,,,,,,,,,,,,,,,,,,
0020001019,1610612761,TOR,Toronto,883,,,, ,,,,,,,,,,,,,,,,,,,,
0020001019,1610612761,TOR,Toronto,1344,,,, ,,,,,,,,,,,,,,,,,,,,
0020001019,1610612761,TOR,Toronto,1368,,,, ,,,,,,,,,,,,,,,,,,,,
0020001019,1610612761,TOR,Toronto,2162,,,, ,,,,,,,,,,,,,,,,,,,,
0020001019,1610612761,TOR,Toronto,376,Eric Montross,Eric,,DNP - Coach's Decision,,,,,,,,,,,,,,,,,,,,
0020001019,1610612761,TOR,Toronto,145,Tracy Murray,Tracy,,DNP - Coach's Decision,,,,,,,,,,,,,,,,,,,,
0020001019,1610612761,TOR,Toronto,1565,Michael Stewart,Michael,,DNP - Coach's Decision,,,,,,,,,,,,,,,,,,,,
0020001019,1610612748,MIA,Miami,1477,Bruce Bowen,Bruce,F,,28:33,1.0,4.0,0.25,0.0,3.0,0.0,1.0,2.0,0.5,2.0,1.0,3.0,2.0,2.0,0.0,1.0,6.0,3.0,-4.0
0020001019,1610612748,MIA,Miami,193,Anthony Mason,Anthony,G,,40:46,8.0,16.0,0.5,0.0,0.0,0.0,7.0,9.0,0.778,2.0,9.0,11.0,4.0,1.0,0.0,0.0,2.0,23.0,-15.0
0020001019,1610612748,MIA,Miami,258,Brian Grant,Brian,C,,27:12,5.0,14.0,0.357,0.0,0.0,0.0,0.0,0.0,0.0,3.0,3.0,6.0,1.0,0.0,1.0,1.0,3.0,10.0,-9.0
0020001019,1610612748,MIA,Miami,105,Dan Majerle,Dan,G,,34:11,1.0,6.0,0.167,0.0,3.0,0.0,2.0,3.0,0.667,1.0,3.0,4.0,2.0,0.0,0.0,0.0,4.0,4.0,-17.0
0020001019,1610612748,MIA,Miami,896,Tim Hardaway,Tim,G,,37:30,7.0,17.0,0.412,3.0,6.0,0.5,4.0,4.0,1.0,1.0,4.0,5.0,4.0,0.0,0.0,3.0,2.0,21.0,-16.0
0020001019,1610612748,MIA,Miami,76,Cedric Ceballos,Cedric,F,,25:44,5.0,12.0,0.417,0.0,0.0,0.0,4.0,5.0,0.8,6.0,4.0,10.0,0.0,1.0,0.0,1.0,0.0,14.0,4.0
0020001019,1610612748,MIA,Miami,297,Alonzo Mourning,Alonzo,F,,19:21,3.0,11.0,0.273,0.0,0.0,0.0,3.0,5.0,0.6,3.0,3.0,6.0,1.0,1.0,0.0,2.0,2.0,9.0,4.0
0020001019,1610612748,MIA,Miami,2067,Eddie House,Eddie,,,18:02,3.0,6.0,0.5,0.0,0.0,0.0,0.0,0.0,0.0,0.0,1.0,1.0,3.0,0.0,0.0,0.0,1.0,6.0,6.0
0020001019,1610612748,MIA,Miami,920,A.C. Green,A.C.,F,,8:41,0.0,1.0,0.0,0.0,0.0,0.0,2.0,2.0,1.0,1.0,0.0,1.0,0.0,0.0,0.0,0.0,1.0,2.0,2.0
0020001019,1610612748,MIA,Miami,836,,,, ,,,,,,,,,,,,,,,,,,,,
0020001019,1610612748,MIA,Miami,1642,,,, ,,,,,,,,,,,,,,,,,,,,
0020001019,1610612748,MIA,Miami,1787,,,, ,,,,,,,,,,,,,,,,,,,,
0020001019,1610612748,MIA,Miami,1276,,,, ,,,,,,,,,,,,,,,,,,,,
0020001019,1610612748,MIA,Miami,1277,,,, ,,,,,,,,,,,,,,,,,,,,
0020001019,1610612748,MIA,Miami,1279,,,, ,,,,,,,,,,,,,,,,,,,,
0020001019,1610612748,MIA,Miami,1280,,,, ,,,,,,,,,,,,,,,,,,,,
0020001019,1610612748,MIA,Miami,1281,,,, ,,,,,,,,,,,,,,,,,,,,
0020001019,1610612748,MIA,Miami,1877,,,, ,,,,,,,,,,,,,,,,,,,,
0020001019,1610612748,MIA,Miami,1853,Anthony Carter,Anthony,,DND - Right Ankle Sprain,,,,,,,,,,,,,,,,,,,,
0020001019,1610612748,MIA,Miami,190,Duane Causwell,Duane,,DNP - Coach's Decision,,,,,,,,,,,,,,,,,,,,
0020001019,1610612748,MIA,Miami,1729,Ricky Davis,Ricky,,DNP - Coach's Decision,,,,,,,,,,,,,,,,,,,,
0020001019,1610612748,MIA,Miami,931,Don MacLean,Don,,DNP - Coach's Decision,,,,,,,,,,,,,,,,,,,,
0020001023,1610612765,DET,Detroit,182,Billy Owens,Billy,G,,37:36,4.0,12.0,0.333,0.0,0.0,0.0,0.0,0.0,0.0,3.0,11.0,14.0,1.0,1.0,0.0,0.0,1.0,8.0,-8.0
0020001023,1610612765,DET,Detroit,693,Joe Smith,Joe,F,,32:17,5.0,10.0,0.5,0.0,0.0,0.0,7.0,7.0,1.0,3.0,4.0,7.0,1.0,0.0,0.0,6.0,5.0,17.0,-6.0
0020001023,1610612765,DET,Detroit,1630,Mikki Moore,Mikki,F,,35:33,5.0,7.0,0.714,0.0,0.0,0.0,6.0,9.0,0.667,5.0,7.0,12.0,1.0,0.0,1.0,1.0,4.0,16.0,-5.0
0020001023,1610612765,DET,Detroit,1088,Chucky Atkins,Chucky,G,,29:31,5.0,13.0,0.385,1.0,5.0,0.2,0.0,0.0,0.0,1.0,0.0,1.0,5.0,2.0,0.0,1.0,2.0,11.0,-4.0
0020001023,1610612765,DET,Detroit,711,Jerry Stackhouse,Jerry,G,,37:07,8.0,21.0,0.381,2.0,6.0,0.333,3.0,4.0,0.75,2.0,3.0,5.0,4.0,1.0,1.0,3.0,2.0,21.0,-5.0
0020001023,1610612765,DET,Detroit,722,Corliss Williamson,Corliss,G,,29:44,4.0,9.0,0.444,0.0,0.0,0.0,1.0,2.0,0.5,2.0,4.0,6.0,0.0,1.0,1.0,2.0,5.0,9.0,-9.0
0020001023,1610612765,DET,Detroit,2043,Mateen Cleaves,Mateen,C,,21:52,4.0,8.0,0.5,0.0,1.0,0.0,4.0,6.0,0.667,0.0,1.0,1.0,5.0,0.0,0.0,2.0,5.0,12.0,-1.0
0020001023,1610612765,DET,Detroit,961,John Wallace,John,,,4:51,0.0,2.0,0.0,0.0,0.0,0.0,0.0,0.0,0.0,0.0,0.0,0.0,0.0,0.0,0.0,0.0,0.0,0.0,-1.0
0020001023,1610612765,DET,Detroit,146,Jud Buechler,Jud,,,10:26,0.0,1.0,0.0,0.0,1.0,0.0,0.0,0.0,0.0,0.0,0.0,0.0,0.0,0.0,0.0,0.0,2.0,0.0,0.0
0020001023,1610612765,DET,Detroit,1600,Kornel David,Kornel,,,1:03,0.0,0.0,0.0,0.0,0.0,0.0,0.0,0.0,0.0,0.0,0.0,0.0,0.0,0.0,0.0,0.0,0.0,0.0,4.0
0020001023,1610612765,DET,Detroit,1798,,,, ,,,,,,,,,,,,,,,,,,,,
0020001023,1610612765,DET,Detroit,1247,,,, ,,,,,,,,,,,,,,,,,,,,
0020001023,1610612765,DET,Detroit,1996,,,, ,,,,,,,,,,,,,,,,,,,,
0020001023,1610612765,DET,Detroit,2155,,,, ,,,,,,,,,,,,,,,,,,,,
0020001023,1610612765,DET,Detroit,344,Dana Barros,Dana,,DNP - Coach's Decision,,,,,,,,,,,,,,,,,,,,
0020001023,1610612765,DET,Detroit,1112,Ben Wallace,Ben,,NWT - Personal Reasons.,,,,,,,,,,,,,,,,,,,,
0020001023,1610612746,LAC,Los Angeles,1885,Lamar Odom,Lamar,F,,39:37,10.0,17.0,0.588,3.0,4.0,0.75,4.0,5.0,0.8,5.0,11.0,16.0,11.0,1.0,1.0,6.0,3.0,27.0,6.0
0020001023,1610612746,LAC,Los Angeles,685,Cherokee Parks,Cherokee,F,,15:16,2.0,5.0,0.4,0.0,0.0,0.0,0.0,0.0,0.0,0.0,2.0,2.0,1.0,0.0,2.0,0.0,3.0,4.0,-5.0
0020001023,1610612746,LAC,Los Angeles,1709,Michael Olowokandi,Michael,G,,24:39,1.0,2.0,0.5,0.0,0.0,0.0,3.0,6.0,0.5,0.0,2.0,2.0,0.0,2.0,0.0,5.0,4.0,5.0,1.0
0020001023,1610612746,LAC,Los Angeles,976,Jeff McInnis,Jeff,G,,31:06,7.0,12.0,0.583,1.0,2.0,0.5,0.0,0.0,0.0,1.0,1.0,2.0,6.0,0.0,0.0,2.0,1.0,15.0,5.0
0020001023,1610612746,LAC,Los Angeles,15,Eric Piatkowski,Eric,G,,21:36,2.0,6.0,0.333,0.0,4.0,0.0,0.0,0.0,0.0,0.0,0.0,0.0,2.0,2.0,0.0,0.0,3.0,4.0,-7.0
0020001023,1610612746,LAC,Los Angeles,1894,Corey Maggette,Corey,G,,26:24,3.0,12.0,0.25,0.0,2.0,0.0,6.0,7.0,0.857,1.0,6.0,7.0,0.0,1.0,0.0,2.0,1.0,12.0,14.0
0020001023,1610612746,LAC,Los Angeles,2032,Darius Miles,Darius,F,,32:44,6.0,10.0,0.6,0.0,0.0,0.0,1.0,3.0,0.333,2.0,4.0,6.0,2.0,1.0,3.0,2.0,2.0,13.0,12.0
0020001023,1610612746,LAC,Los Angeles,399,Sean Rooks,Sean,G,,23:21,3.0,6.0,0.5,0.0,0.0,0.0,2.0,2.0,1.0,4.0,2.0,6.0,0.0,1.0,1.0,1.0,2.0,8.0,6.0
0020001023,1610612746,LAC,Los Angeles,2047,Quentin Richardson,Quentin,,,8:23,2.0,4.0,0.5,0.0,0.0,0.0,2.0,2.0,1.0,0.0,2.0,2.0,1.0,0.0,0.0,0.0,1.0,6.0,1.0
0020001023,1610612746,LAC,Los Angeles,2039,Keyon Dooling,Keyon,,,16:54,1.0,6.0,0.167,1.0,2.0,0.5,4.0,6.0,0.667,0.0,2.0,2.0,4.0,1.0,0.0,0.0,3.0,7.0,2.0
0020001023,1610612746,LAC,Los Angeles,2010,,,, ,,,,,,,,,,,,,,,,,,,,
0020001023,1610612746,LAC,Los Angeles,2166,,,, ,,,,,,,,,,,,,,,,,,,,
0020001023,1610612746,LAC,Los Angeles,1210,,,, ,,,,,,,,,,,,,,,,,,,,
0020001023,1610612746,LAC,Los Angeles,1243,,,, ,,,,,,,,,,,,,,,,,,,,
0020001023,1610612746,LAC,Los Angeles,1246,,,, ,,,,,,,,,,,,,,,,,,,,
0020001023,1610612746,LAC,Los Angeles,1284,,,, ,,,,,,,,,,,,,,,,,,,,
0020001023,1610612746,LAC,Los Angeles,1351,,,, ,,,,,,,,,,,,,,,,,,,,
0020001023,1610612746,LAC,Los Angeles,1672,,,, ,,,,,,,,,,,,,,,,,,,,
0020001023,1610612746,LAC,Los Angeles,1730,Brian Skinner,Brian,,DNP - Coach's Decision,,,,,,,,,,,,,,,,,,,,
0020001023,1610612746,LAC,Los Angeles,400,Derek Strong,Derek,,DNP - Coach's Decision,,,,,,,,,,,,,,,,,,,,
0020001022,1610612766,CHH,Charlotte,469,Jamal Mashburn,Jamal,F,,44:35,8.0,21.0,0.381,1.0,1.0,1.0,5.0,6.0,0.833,2.0,5.0,7.0,6.0,1.0,0.0,4.0,3.0,22.0,-11.0
0020001022,1610612766,CHH,Charlotte,136,P.J. Brown,P.J.,F,,36:14,2.0,7.0,0.286,0.0,0.0,0.0,1.0,2.0,0.5,3.0,6.0,9.0,0.0,0.0,1.0,1.0,4.0,5.0,-16.0
0020001022,1610612766,CHH,Charlotte,922,Elden Campbell,Elden,F,,29:47,4.0,13.0,0.308,0.0,0.0,0.0,4.0,4.0,1.0,1.0,4.0,5.0,0.0,1.0,2.0,2.0,6.0,12.0,-25.0
0020001022,1610612766,CHH,Charlotte,1884,Baron Davis,Baron,G,,43:51,6.0,10.0,0.6,0.0,1.0,0.0,1.0,2.0,0.5,0.0,2.0,2.0,6.0,2.0,1.0,3.0,5.0,13.0,-17.0
0020001022,1610612766,CHH,Charlotte,133,David Wesley,David,G,,35:56,4.0,11.0,0.364,1.0,4.0,0.25,2.0,2.0,1.0,0.0,1.0,1.0,3.0,2.0,0.0,3.0,2.0,11.0,-18.0
0020001022,1610612766,CHH,Charlotte,1944,Eddie Robinson,Eddie,G,,22:24,3.0,8.0,0.375,0.0,0.0,0.0,0.0,0.0,0.0,1.0,2.0,3.0,2.0,2.0,0.0,1.0,3.0,6.0,6.0
0020001022,1610612766,CHH,Charlotte,2048,Jamaal Magloire,Jamaal,F,,18:13,3.0,5.0,0.6,0.0,0.0,0.0,2.0,3.0,0.667,3.0,3.0,6.0,0.0,0.0,2.0,1.0,1.0,8.0,11.0
0020001022,1610612766,CHH,Charlotte,695,Eldridge Recasner,Eldridge,G,,2:30,0.0,0.0,0.0,0.0,0.0,0.0,0.0,0.0,0.0,0.0,0.0,0.0,0.0,1.0,0.0,0.0,1.0,0.0,1.0
0020001022,1610612766,CHH,Charlotte,901,Otis Thorpe,Otis,G,,6:30,1.0,1.0,1.0,0.0,0.0,0.0,0.0,0.0,0.0,0.0,2.0,2.0,0.0,0.0,0.0,0.0,1.0,2.0,-1.0
0020001022,1610612766,CHH,Charlotte,2152,,,, ,,,,,,,,,,,,,,,,,,,,
0020001022,1610612766,CHH,Charlotte,1316,,,, ,,,,,,,,,,,,,,,,,,,,
0020001022,1610612766,CHH,Charlotte,1992,,,, ,,,,,,,,,,,,,,,,,,,,
0020001022,1610612766,CHH,Charlotte,1215,,,, ,,,,,,,,,,,,,,,,,,,,
0020001022,1610612766,CHH,Charlotte,1218,,,, ,,,,,,,,,,,,,,,,,,,,
0020001022,1610612766,CHH,Charlotte,765,Hersey Hawkins,Hersey,,DNP - Coach's Decision,,,,,,,,,,,,,,,,,,,,
0020001022,1610612766,CHH,Charlotte,1906,Tim James,Tim,,DNP - Coach's Decision,,,,,,,,,,,,,,,,,,,,
0020001022,1610612766,CHH,Charlotte,1924,Lee Nailon,Lee,,DNP - Coach's Decision,,,,,,,,,,,,,,,,,,,,
0020001022,1610612759,SAS,San Antonio,198,Danny Ferry,Danny,F,,33:20,3.0,8.0,0.375,1.0,2.0,0.5,0.0,0.0,0.0,1.0,1.0,2.0,2.0,0.0,1.0,3.0,2.0,7.0,16.0
0020001022,1610612759,SAS,San Antonio,1495,Tim Duncan,Tim,G,,42:04,11.0,19.0,0.579,0.0,1.0,0.0,12.0,12.0,1.0,5.0,14.0,19.0,3.0,1.0,2.0,3.0,5.0,34.0,16.0
0020001022,1610612759,SAS,San Antonio,764,David Robinson,David,C,,23:43,2.0,6.0,0.333,0.0,0.0,0.0,6.0,8.0,0.75,1.0,5.0,6.0,1.0,0.0,3.0,2.0,5.0,10.0,12.0
0020001022,1610612759,SAS,San Antonio,345,Terry Porter,Terry,G,,21:20,2.0,5.0,0.4,1.0,2.0,0.5,0.0,0.0,0.0,0.0,3.0,3.0,2.0,0.0,0.0,0.0,1.0,5.0,20.0
0020001022,1610612759,SAS,San Antonio,1507,Derek Anderson,Derek,G,,35:28,6.0,11.0,0.545,2.0,4.0,0.5,2.0,2.0,1.0,1.0,3.0,4.0,1.0,2.0,0.0,1.0,0.0,16.0,18.0
0020001022,1610612759,SAS,San Antonio,955,Samaki Walker,Samaki,G,,23:38,1.0,3.0,0.333,0.0,0.0,0.0,3.0,4.0,0.75,0.0,5.0,5.0,0.0,0.0,0.0,5.0,3.0,5.0,4.0
0020001022,1610612759,SAS,San Antonio,251,Sean Elliott,Sean,F,,16:12,1.0,3.0,0.333,0.0,0.0,0.0,3.0,3.0,1.0,0.0,1.0,1.0,1.0,0.0,2.0,1.0,1.0,5.0,-5.0
0020001022,1610612759,SAS,San Antonio,422,Avery Johnson,Avery,F,,26:40,1.0,5.0,0.2,0.0,0.0,0.0,0.0,0.0,0.0,0.0,3.0,3.0,5.0,1.0,0.0,2.0,2.0,2.0,-6.0
0020001022,1610612759,SAS,San Antonio,1498,Antonio Daniels,Antonio,C,,16:37,2.0,4.0,0.5,0.0,1.0,0.0,5.0,6.0,0.833,0.0,1.0,1.0,1.0,0.0,0.0,2.0,0.0,9.0,-3.0
0020001022,1610612759,SAS,San Antonio,1035,Shawnelle Scott,Shawnelle,,,0:58,0.0,0.0,0.0,0.0,0.0,0.0,0.0,0.0,0.0,0.0,1.0,1.0,0.0,0.0,0.0,0.0,0.0,0.0,-2.0
0020001022,1610612759,SAS,San Antonio,873,,,, ,,,,,,,,,,,,,,,,,,,,
0020001022,1610612759,SAS,San Antonio,1264,,,, ,,,,,,,,,,,,,,,,,,,,
0020001022,1610612759,SAS,San Antonio,1331,,,, ,,,,,,,,,,,,,,,,,,,,
0020001022,1610612759,SAS,San Antonio,1371,,,, ,,,,,,,,,,,,,,,,,,,,
0020001022,1610612759,SAS,San Antonio,1658,,,, ,,,,,,,,,,,,,,,,,,,,
0020001022,1610612759,SAS,San Antonio,70,Steve Kerr,Steve,,DNP - Coach's Decision,,,,,,,,,,,,,,,,,,,,
0020001022,1610612759,SAS,San Antonio,990,Malik Rose,Malik,,DNP - Coach's Decision,,,,,,,,,,,,,,,,,,,,
0020001024,1610612752,NYK,New York,84,Latrell Sprewell,Latrell,G,,43:24,7.0,18.0,0.389,0.0,1.0,0.0,7.0,8.0,0.875,0.0,4.0,4.0,2.0,1.0,0.0,3.0,2.0,21.0,-18.0
0020001024,1610612752,NYK,New York,913,Larry Johnson,Larry,F,,6:55,2.0,3.0,0.667,0.0,0.0,0.0,0.0,0.0,0.0,0.0,0.0,0.0,1.0,0.0,0.0,0.0,2.0,4.0,0.0
0020001024,1610612752,NYK,New York,948,Marcus Camby,Marcus,G,,40:22,6.0,16.0,0.375,0.0,1.0,0.0,4.0,6.0,0.667,2.0,12.0,14.0,1.0,1.0,2.0,1.0,6.0,16.0,-5.0
0020001024,1610612752,NYK,New York,275,Allan Houston,Allan,G,,45:10,7.0,15.0,0.467,2.0,3.0,0.667,5.0,5.0,1.0,0.0,6.0,6.0,3.0,2.0,0.0,0.0,3.0,21.0,-8.0
0020001024,1610612752,NYK,New York,349,Mark Jackson,Mark,G,,33:47,1.0,3.0,0.333,0.0,0.0,0.0,0.0,2.0,0.0,0.0,3.0,3.0,8.0,1.0,0.0,2.0,3.0,2.0,-11.0
0020001024,1610612752,NYK,New York,703,Kurt Thomas,Kurt,F,,35:07,8.0,13.0,0.615,1.0,1.0,1.0,6.0,6.0,1.0,3.0,3.0,6.0,3.0,1.0,1.0,1.0,5.0,23.0,-5.0
0020001024,1610612752,NYK,New York,779,Glen Rice,Glen,G,,32:52,7.0,14.0,0.5,4.0,6.0,0.667,4.0,4.0,1.0,1.0,5.0,6.0,0.0,2.0,0.0,2.0,2.0,22.0,2.0
0020001024,1610612752,NYK,New York,369,Charlie Ward,Charlie,G,,14:15,1.0,4.0,0.25,1.0,3.0,0.333,0.0,0.0,0.0,0.0,1.0,1.0,4.0,1.0,0.0,3.0,3.0,3.0,9.0
0020001024,1610612752,NYK,New York,970,Othella Harrington,Othella,F,,13:08,1.0,2.0,0.5,0.0,0.0,0.0,3.0,3.0,1.0,0.0,0.0,0.0,1.0,0.0,0.0,0.0,4.0,5.0,1.0
0020001024,1610612752,NYK,New York,1297,,,, ,,,,,,,,,,,,,,,,,,,,
0020001024,1610612752,NYK,New York,1298,,,, ,,,,,,,,,,,,,,,,,,,,
0020001024,1610612752,NYK,New York,1301,,,, ,,,,,,,,,,,,,,,,,,,,
0020001024,1610612752,NYK,New York,1302,,,, ,,,,,,,,,,,,,,,,,,,,
0020001024,1610612752,NYK,New York,1790,,,, ,,,,,,,,,,,,,,,,,,,,
0020001024,1610612752,NYK,New York,1791,,,, ,,,,,,,,,,,,,,,,,,,,
0020001024,1610612752,NYK,New York,2167,,,, ,,,,,,,,,,,,,,,,,,,,
0020001024,1610612752,NYK,New York,2168,,,, ,,,,,,,,,,,,,,,,,,,,
0020001024,1610612752,NYK,New York,969,Travis Knight,Travis,,DNP - Coach's Decision,,,,,,,,,,,,,,,,,,,,
0020001024,1610612752,NYK,New York,2068,Lavor Postell,Lavor,,DNP - Coach's Decision,,,,,,,,,,,,,,,,,,,,
0020001024,1610612752,NYK,New York,280,Felton Spencer,Felton,,DNP - Coach's Decision,,,,,,,,,,,,,,,,,,,,
0020001024,1610612758,SAC,Sacramento,978,Peja Stojakovic,Peja,G,,50:13,10.0,18.0,0.556,3.0,6.0,0.5,6.0,8.0,0.75,2.0,7.0,9.0,3.0,0.0,0.0,4.0,3.0,29.0,10.0
0020001024,1610612758,SAC,Sacramento,185,Chris Webber,Chris,F,,49:52,16.0,26.0,0.615,0.0,0.0,0.0,7.0,12.0,0.583,2.0,13.0,15.0,5.0,3.0,1.0,4.0,3.0,39.0,7.0
0020001024,1610612758,SAC,Sacramento,124,Vlade Divac,Vlade,G,,28:50,5.0,8.0,0.625,0.0,0.0,0.0,3.0,6.0,0.5,1.0,5.0,6.0,0.0,0.0,1.0,3.0,3.0,13.0,8.0
0020001024,1610612758,SAC,Sacramento,57,Doug Christie,Doug,G,,46:33,4.0,9.0,0.444,3.0,7.0,0.429,6.0,7.0,0.857,0.0,5.0,5.0,4.0,2.0,1.0,4.0,5.0,17.0,15.0
0020001024,1610612758,SAC,Sacramento,1715,Jason Williams,Jason,G,,38:52,5.0,12.0,0.417,2.0,5.0,0.4,4.0,5.0,0.8,0.0,4.0,4.0,8.0,1.0,1.0,2.0,3.0,16.0,21.0
0020001024,1610612758,SAC,Sacramento,1513,Scot Pollard,Scot,G,,18:38,1.0,3.0,0.333,0.0,0.0,0.0,0.0,0.0,0.0,1.0,2.0,3.0,0.0,1.0,0.0,0.0,1.0,2.0,-11.0
0020001024,1610612758,SAC,Sacramento,2045,Hedo Turkoglu,Hedo,F,,24:29,0.0,4.0,0.0,0.0,1.0,0.0,5.0,6.0,0.833,1.0,2.0,3.0,0.0,0.0,0.0,0.0,5.0,5.0,-4.0
0020001024,1610612758,SAC,Sacramento,468,Jon Barry,Jon,,,7:33,1.0,1.0,1.0,1.0,1.0,1.0,0.0,0.0,0.0,0.0,0.0,0.0,1.0,0.0,0.0,1.0,1.0,3.0,-11.0
0020001024,1610612758,SAC,Sacramento,1775,,,, ,,,,,,,,,,,,,,,,,,,,
0020001024,1610612758,SAC,Sacramento,1248,,,, ,,,,,,,,,,,,,,,,,,,,
0020001024,1610612758,SAC,Sacramento,1249,,,, ,,,,,,,,,,,,,,,,,,,,
0020001024,1610612758,SAC,Sacramento,1322,,,, ,,,,,,,,,,,,,,,,,,,,
0020001024,1610612758,SAC,Sacramento,1327,,,, ,,,,,,,,,,,,,,,,,,,,
0020001024,1610612758,SAC,Sacramento,1328,,,, ,,,,,,,,,,,,,,,,,,,,
0020001024,1610612758,SAC,Sacramento,1444,Lawrence Funderburke,Lawrence,,DNP - Coach's Decision,,,,,,,,,,,,,,,,,,,,
0020001024,1610612758,SAC,Sacramento,1517,Bobby Jackson,Bobby,,Not with team - personal reasons,,,,,,,,,,,,,,,,,,,,
0020001024,1610612758,SAC,Sacramento,1609,Art Long,Art,,DNP - Coach's Decision,,,,,,,,,,,,,,,,,,,,
0020001024,1610612758,SAC,Sacramento,239,Darrick Martin,Darrick,,Not with team - personal reasons,,,,,,,,,,,,,,,,,,,,
0020001018,1610612754,IND,Indiana,1733,Al Harrington,Al,F,,43:48,5.0,12.0,0.417,0.0,0.0,0.0,0.0,0.0,0.0,5.0,8.0,13.0,3.0,1.0,0.0,5.0,3.0,10.0,14.0
0020001018,1610612754,IND,Indiana,979,Jermaine O'Neal,Jermaine,F,,22:08,4.0,8.0,0.5,0.0,0.0,0.0,1.0,2.0,0.5,1.0,4.0,5.0,2.0,1.0,1.0,0.0,5.0,9.0,1.0
0020001018,1610612754,IND,Indiana,64,Sam Perkins,Sam,G,,39:12,6.0,10.0,0.6,3.0,6.0,0.5,1.0,2.0,0.5,1.0,8.0,9.0,0.0,2.0,0.0,1.0,3.0,16.0,16.0
0020001018,1610612754,IND,Indiana,397,Reggie Miller,Reggie,G,,36:40,11.0,19.0,0.579,4.0,7.0,0.571,1.0,1.0,1.0,1.0,1.0,2.0,4.0,1.0,0.0,2.0,3.0,27.0,17.0
0020001018,1610612754,IND,Indiana,147,Jalen Rose,Jalen,G,,41:21,14.0,20.0,0.7,0.0,1.0,0.0,7.0,8.0,0.875,0.0,0.0,0.0,12.0,2.0,1.0,5.0,3.0,35.0,9.0
0020001018,1610612754,IND,Indiana,440,Zan Tabak,Zan,G,,8:54,0.0,2.0,0.0,0.0,0.0,0.0,0.0,0.0,0.0,0.0,1.0,1.0,0.0,0.0,0.0,0.0,2.0,0.0,-4.0
0020001018,1610612754,IND,Indiana,1506,Austin Croshere,Austin,F,,14:28,3.0,5.0,0.6,0.0,0.0,0.0,3.0,4.0,0.75,2.0,6.0,8.0,1.0,0.0,0.0,2.0,0.0,9.0,-4.0
0020001018,1610612754,IND,Indiana,1886,Jonathan Bender,Jonathan,G,,6:29,0.0,1.0,0.0,0.0,0.0,0.0,0.0,0.0,0.0,0.0,0.0,0.0,1.0,0.0,0.0,2.0,1.0,0.0,-5.0
0020001018,1610612754,IND,Indiana,721,Tyus Edney,Tyus,C,,11:30,1.0,4.0,0.25,0.0,0.0,0.0,0.0,0.0,0.0,1.0,0.0,1.0,4.0,2.0,0.0,1.0,2.0,2.0,-5.0
0020001018,1610612754,IND,Indiana,1902,Jeff Foster,Jeff,F,,15:30,1.0,1.0,1.0,0.0,0.0,0.0,0.0,0.0,0.0,1.0,2.0,3.0,0.0,2.0,2.0,0.0,2.0,2.0,1.0
0020001018,1610612754,IND,Indiana,2099,,,, ,,,,,,,,,,,,,,,,,,,,
0020001018,1610612754,IND,Indiana,2100,,,, ,,,,,,,,,,,,,,,,,,,,
0020001018,1610612754,IND,Indiana,2165,,,, ,,,,,,,,,,,,,,,,,,,,
0020001018,1610612754,IND,Indiana,1857,,,, ,,,,,,,,,,,,,,,,,,,,
0020001018,1610612754,IND,Indiana,1263,,,, ,,,,,,,,,,,,,,,,,,,,
0020001018,1610612754,IND,Indiana,1299,,,, ,,,,,,,,,,,,,,,,,,,,
0020001018,1610612754,IND,Indiana,1306,,,, ,,,,,,,,,,,,,,,,,,,,
0020001018,1610612754,IND,Indiana,696,Travis Best,Travis,,DNP - Sore Left Heel,,,,,,,,,,,,,,,,,,,,
0020001018,1610612754,IND,Indiana,365,Derrick McKey,Derrick,,DNP - Coach's Decision,,,,,,,,,,,,,,,,,,,,
0020001018,1610612764,WAS,Washington,2042,Courtney Alexander,Courtney,G,,42:09,9.0,20.0,0.45,1.0,1.0,1.0,4.0,4.0,1.0,1.0,4.0,5.0,1.0,3.0,0.0,1.0,0.0,23.0,-13.0
0020001018,1610612764,WAS,Washington,363,Christian Laettner,Christian,F,,36:53,4.0,10.0,0.4,0.0,0.0,0.0,6.0,6.0,1.0,3.0,4.0,7.0,3.0,1.0,0.0,2.0,3.0,14.0,-7.0
0020001018,1610612764,WAS,Washington,1751,Jahidi White,Jahidi,C,,28:45,7.0,9.0,0.778,0.0,0.0,0.0,3.0,9.0,0.333,2.0,4.0,6.0,1.0,1.0,1.0,6.0,3.0,17.0,-15.0
0020001018,1610612764,WAS,Washington,1888,Richard Hamilton,Richard,G,,43:15,13.0,22.0,0.591,0.0,1.0,0.0,5.0,5.0,1.0,2.0,2.0,4.0,6.0,2.0,1.0,2.0,4.0,31.0,-8.0
0020001018,1610612764,WAS,Washington,1919,Laron Profit,Laron,G,,32:12,3.0,8.0,0.375,1.0,2.0,0.5,0.0,0.0,0.0,0.0,1.0,1.0,4.0,3.0,0.0,1.0,1.0,7.0,-19.0
0020001018,1610612764,WAS,Washington,2128,David Vanterpool,David,C,,15:48,1.0,4.0,0.25,0.0,0.0,0.0,0.0,0.0,0.0,0.0,0.0,0.0,3.0,1.0,0.0,2.0,5.0,2.0,11.0
0020001018,1610612764,WAS,Washington,63,Michael Smith,Michael,F,,26:43,2.0,4.0,0.5,0.0,0.0,0.0,2.0,3.0,0.667,1.0,9.0,10.0,1.0,1.0,1.0,0.0,2.0,6.0,12.0
0020001018,1610612764,WAS,Washington,2065,Mike Smith,Mike,G,,11:02,1.0,2.0,0.5,0.0,1.0,0.0,0.0,0.0,0.0,1.0,1.0,2.0,0.0,0.0,0.0,0.0,1.0,2.0,3.0
0020001018,1610612764,WAS,Washington,919,Loy Vaught,Loy,,,3:13,0.0,0.0,0.0,0.0,0.0,0.0,0.0,0.0,0.0,0.0,1.0,1.0,0.0,0.0,0.0,1.0,0.0,0.0,-4.0
0020001018,1610612764,WAS,Washington,2093,,,, ,,,,,,,,,,,,,,,,,,,,
0020001018,1610612764,WAS,Washington,2095,,,, ,,,,,,,,,,,,,,,,,,,,
0020001018,1610612764,WAS,Washington,1340,,,, ,,,,,,,,,,,,,,,,,,,,
0020001018,1610612764,WAS,Washington,1360,,,, ,,,,,,,,,,,,,,,,,,,,
0020001018,1610612764,WAS,Washington,1271,,,, ,,,,,,,,,,,,,,,,,,,,
0020001018,1610612764,WAS,Washington,1245,,,, ,,,,,,,,,,,,,,,,,,,,
0020001018,1610612764,WAS,Washington,1251,,,, ,,,,,,,,,,,,,,,,,,,,
0020001018,1610612764,WAS,Washington,2171,,,, ,,,,,,,,,,,,,,,,,,,,
0020001018,1610612764,WAS,Washington,93,Hubert Davis,Hubert,,DND- Strained Right Hamstring,,,,,,,,,,,,,,,,,,,,
0020001018,1610612764,WAS,Washington,461,Popeye Jones,Popeye,,DNP - Coach's Decision,,,,,,,,,,,,,,,,,,,,
0020001018,1610612764,WAS,Washington,782,Mitch Richmond,Mitch,,DND - Strained Right Knee,,,,,,,,,,,,,,,,,,,,
0020001021,1610612762,UTA,Utah,923,Donyell Marshall,Donyell,F,,27:56,8.0,12.0,0.667,0.0,0.0,0.0,1.0,3.0,0.333,4.0,4.0,8.0,3.0,2.0,0.0,4.0,2.0,17.0,-15.0
0020001021,1610612762,UTA,Utah,252,Karl Malone,Karl,F,,25:51,5.0,14.0,0.357,0.0,0.0,0.0,5.0,5.0,1.0,1.0,3.0,4.0,2.0,0.0,0.0,0.0,1.0,15.0,-17.0
0020001021,1610612762,UTA,Utah,178,Olden Polynice,Olden,C,,20:26,3.0,8.0,0.375,0.0,0.0,0.0,0.0,0.0,0.0,2.0,2.0,4.0,1.0,1.0,1.0,0.0,6.0,6.0,-11.0
0020001021,1610612762,UTA,Utah,317,John Starks,John,G,,21:41,3.0,5.0,0.6,2.0,3.0,0.667,2.0,2.0,1.0,0.0,2.0,2.0,3.0,1.0,0.0,1.0,2.0,10.0,-4.0
0020001021,1610612762,UTA,Utah,304,John Stockton,John,G,,18:48,2.0,3.0,0.667,0.0,0.0,0.0,0.0,0.0,0.0,0.0,0.0,0.0,6.0,0.0,0.0,2.0,3.0,4.0,-14.0
0020001021,1610612762,UTA,Utah,1521,Jacque Vaughn,Jacque,G,,26:28,4.0,13.0,0.308,2.0,4.0,0.5,0.0,2.0,0.0,1.0,2.0,3.0,5.0,2.0,0.0,1.0,1.0,10.0,-9.0
0020001021,1610612762,UTA,Utah,731,Greg Ostertag,Greg,F,,24:50,0.0,4.0,0.0,0.0,0.0,0.0,0.0,0.0,0.0,3.0,3.0,6.0,1.0,1.0,0.0,1.0,5.0,0.0,-12.0
0020001021,1610612762,UTA,Utah,935,Bryon Russell,Bryon,C,,11:58,0.0,1.0,0.0,0.0,0.0,0.0,2.0,2.0,1.0,0.0,1.0,1.0,0.0,0.0,0.0,0.0,1.0,2.0,-24.0
0020001021,1610612762,UTA,Utah,1900,Quincy Lewis,Quincy,F,,20:13,4.0,8.0,0.5,0.0,0.0,0.0,0.0,0.0,0.0,1.0,1.0,2.0,1.0,0.0,0.0,0.0,3.0,8.0,-7.0
0020001021,1610612762,UTA,Utah,330,Danny Manning,Danny,G,,12:32,3.0,6.0,0.5,0.0,0.0,0.0,2.0,2.0,1.0,0.0,1.0,1.0,0.0,0.0,0.0,3.0,3.0,8.0,-8.0
0020001021,1610612762,UTA,Utah,180,John Crotty,John,,,12:21,1.0,5.0,0.2,0.0,1.0,0.0,0.0,0.0,0.0,0.0,2.0,2.0,1.0,0.0,0.0,0.0,1.0,2.0,2.0
0020001021,1610612762,UTA,Utah,1909,Scott Padgett,Scott,G,,16:56,1.0,3.0,0.333,0.0,0.0,0.0,2.0,2.0,1.0,1.0,2.0,3.0,2.0,0.0,0.0,0.0,2.0,4.0,4.0
0020001021,1610612762,UTA,Utah,1794,,,, ,,,,,,,,,,,,,,,,,,,,
0020001021,1610612762,UTA,Utah,1228,,,, ,,,,,,,,,,,,,,,,,,,,
0020001021,1610612762,UTA,Utah,1345,,,, ,,,,,,,,,,,,,,,,,,,,
0020001021,1610612762,UTA,Utah,1347,,,, ,,,,,,,,,,,,,,,,,,,,
0020001021,1610612762,UTA,Utah,1348,,,, ,,,,,,,,,,,,,,,,,,,,
0020001021,1610612762,UTA,Utah,1372,,,, ,,,,,,,,,,,,,,,,,,,,
0020001021,1610612745,HOU,Houston,1000,Shandon Anderson,Shandon,G,,29:07,5.0,10.0,0.5,1.0,3.0,0.333,4.0,8.0,0.5,0.0,2.0,2.0,1.0,3.0,0.0,2.0,3.0,15.0,2.0
0020001021,1610612745,HOU,Houston,1508,Maurice Taylor,Maurice,F,,12:00,1.0,2.0,0.5,0.0,0.0,0.0,2.0,2.0,1.0,0.0,2.0,2.0,1.0,0.0,0.0,0.0,1.0,4.0,4.0
0020001021,1610612745,HOU,Houston,1509,Kelvin Cato,Kelvin,C,,24:42,3.0,4.0,0.75,0.0,0.0,0.0,4.0,5.0,0.8,0.0,3.0,3.0,0.0,0.0,2.0,1.0,0.0,10.0,0.0
0020001021,1610612745,HOU,Houston,1883,Steve Francis,Steve,G,,34:52,8.0,14.0,0.571,0.0,4.0,0.0,2.0,2.0,1.0,1.0,5.0,6.0,9.0,2.0,1.0,0.0,2.0,18.0,17.0
0020001021,1610612745,HOU,Houston,1749,Cuttino Mobley,Cuttino,G,,29:28,3.0,9.0,0.333,2.0,5.0,0.4,3.0,3.0,1.0,0.0,4.0,4.0,4.0,1.0,0.0,3.0,3.0,11.0,17.0
0020001021,1610612745,HOU,Houston,983,Moochie Norris,Moochie,F,,24:19,1.0,1.0,1.0,0.0,0.0,0.0,0.0,0.0,0.0,0.0,2.0,2.0,6.0,1.0,0.0,2.0,3.0,2.0,22.0
0020001021,1610612745,HOU,Houston,1903,Kenny Thomas,Kenny,F,,28:05,7.0,9.0,0.778,2.0,2.0,1.0,1.0,1.0,1.0,1.0,2.0,3.0,2.0,0.0,0.0,1.0,0.0,17.0,18.0
0020001021,1610612745,HOU,Houston,165,Hakeem Olajuwon,Hakeem,G,,21:16,3.0,8.0,0.375,0.0,0.0,0.0,5.0,6.0,0.833,1.0,6.0,7.0,1.0,0.0,0.0,1.0,2.0,11.0,19.0
0020001021,1610612745,HOU,Houston,1005,Walt Williams,Walt,,,19:30,4.0,7.0,0.571,3.0,6.0,0.5,4.0,6.0,0.667,0.0,5.0,5.0,1.0,0.0,1.0,0.0,0.0,15.0,14.0
0020001021,1610612745,HOU,Houston,672,Matt Bullard,Matt,,,9:53,1.0,2.0,0.5,1.0,1.0,1.0,0.0,0.0,0.0,0.0,0.0,0.0,0.0,0.0,0.0,0.0,2.0,3.0,3.0
0020001021,1610612745,HOU,Houston,2061,Dan Langhi,Dan,,,6:48,0.0,1.0,0.0,0.0,0.0,0.0,3.0,4.0,0.75,0.0,1.0,1.0,0.0,1.0,0.0,0.0,0.0,3.0,-1.0
0020001021,1610612745,HOU,Houston,1997,,,, ,,,,,,,,,,,,,,,,,,,,
0020001021,1610612745,HOU,Houston,825,,,, ,,,,,,,,,,,,,,,,,,,,
0020001021,1610612745,HOU,Houston,1255,,,, ,,,,,,,,,,,,,,,,,,,,
0020001021,1610612745,HOU,Houston,1256,,,, ,,,,,,,,,,,,,,,,,,,,
0020001021,1610612745,HOU,Houston,1257,,,, ,,,,,,,,,,,,,,,,,,,,
0020001021,1610612745,HOU,Houston,1258,,,, ,,,,,,,,,,,,,,,,,,,,
0020001021,1610612745,HOU,Houston,2173,Sean Colson,Sean,,DNP - Coach's Decision,,,,,,,,,,,,,,,,,,,,
0020001021,1610612745,HOU,Houston,435,Carlos Rogers,Carlos,,DNP - Coach's Decision,,,,,,,,,,,,,,,,,,,,
0020001030,1610612750,MIN,Minnesota,708,Kevin Garnett,Kevin,G,,43:32,10.0,21.0,0.476,0.0,0.0,0.0,1.0,1.0,1.0,1.0,8.0,9.0,6.0,2.0,3.0,3.0,2.0,21.0,6.0
0020001030,1610612750,MIN,Minnesota,1887,Wally Szczerbiak,Wally,G,,37:46,9.0,13.0,0.692,2.0,2.0,1.0,0.0,0.0,0.0,0.0,2.0,2.0,3.0,1.0,0.0,2.0,5.0,20.0,-4.0
0020001030,1610612750,MIN,Minnesota,1073,Reggie Slater,Reggie,C,,15:20,3.0,6.0,0.5,0.0,0.0,0.0,2.0,2.0,1.0,1.0,2.0,3.0,1.0,0.0,0.0,0.0,4.0,8.0,6.0
0020001030,1610612750,MIN,Minnesota,210,Terrell Brandon,Terrell,G,,40:10,7.0,15.0,0.467,0.0,0.0,0.0,2.0,2.0,1.0,2.0,1.0,3.0,12.0,2.0,0.0,4.0,2.0,16.0,-4.0
0020001030,1610612750,MIN,Minnesota,1732,Felipe Lopez,Felipe,G,,37:02,3.0,8.0,0.375,1.0,1.0,1.0,0.0,0.0,0.0,1.0,4.0,5.0,4.0,2.0,0.0,0.0,2.0,7.0,10.0
0020001030,1610612750,MIN,Minnesota,1051,Dean Garrett,Dean,G,,8:20,1.0,1.0,1.0,0.0,0.0,0.0,0.0,0.0,0.0,1.0,1.0,2.0,0.0,0.0,0.0,0.0,1.0,2.0,-5.0
0020001030,1610612750,MIN,Minnesota,1497,Chauncey Billups,Chauncey,G,,19:06,4.0,6.0,0.667,0.0,1.0,0.0,0.0,0.0,0.0,1.0,2.0,3.0,3.0,0.0,0.0,1.0,0.0,8.0,-6.0
0020001030,1610612750,MIN,Minnesota,111,LaPhonso Ellis,LaPhonso,G,,28:30,5.0,11.0,0.455,0.0,1.0,0.0,1.0,5.0,0.2,4.0,3.0,7.0,0.0,1.0,0.0,1.0,3.0,11.0,-11.0
0020001030,1610612750,MIN,Minnesota,417,Sam Mitchell,Sam,F,,10:14,0.0,3.0,0.0,0.0,0.0,0.0,0.0,0.0,0.0,0.0,1.0,1.0,0.0,0.0,0.0,0.0,1.0,0.0,3.0
0020001030,1610612750,MIN,Minnesota,847,,,, ,,,,,,,,,,,,,,,,,,,,
0020001030,1610612750,MIN,Minnesota,1290,,,, ,,,,,,,,,,,,,,,,,,,,
0020001030,1610612750,MIN,Minnesota,1291,,,, ,,,,,,,,,,,,,,,,,,,,
0020001030,1610612750,MIN,Minnesota,2146,,,, ,,,,,,,,,,,,,,,,,,,,
0020001030,1610612750,MIN,Minnesota,2158,,,, ,,,,,,,,,,,,,,,,,,,,
0020001030,1610612750,MIN,Minnesota,2159,,,, ,,,,,,,,,,,,,,,,,,,,
0020001030,1610612750,MIN,Minnesota,1895,William Avery,William,,DNP - Coach's Decision,,,,,,,,,,,,,,,,,,,,
0020001030,1610612750,MIN,Minnesota,1734,Sam Jacobson,Sam,,DNP - Coach's Decision,,,,,,,,,,,,,,,,,,,,
0020001030,1610612750,MIN,Minnesota,1725,Rasho Nesterovic,Rasho,,DNP - Coach's Decision,,,,,,,,,,,,,,,,,,,,
0020001030,1610612760,SEA,Seattle,1740,Rashard Lewis,Rashard,F,,32:55,3.0,8.0,0.375,1.0,4.0,0.25,2.0,2.0,1.0,2.0,6.0,8.0,4.0,2.0,1.0,1.0,1.0,9.0,0.0
0020001030,1610612760,SEA,Seattle,1741,Jelani McCoy,Jelani,G,,15:39,1.0,1.0,1.0,0.0,0.0,0.0,0.0,0.0,0.0,1.0,2.0,3.0,1.0,0.0,1.0,1.0,2.0,2.0,-6.0
0020001030,1610612760,SEA,Seattle,121,Patrick Ewing,Patrick,F,,32:24,8.0,14.0,0.571,0.0,0.0,0.0,3.0,8.0,0.375,3.0,7.0,10.0,1.0,0.0,1.0,2.0,5.0,19.0,-5.0
0020001030,1610612760,SEA,Seattle,1023,Emanual Davis,Emanual,G,,27:25,3.0,7.0,0.429,1.0,1.0,1.0,0.0,0.0,0.0,0.0,4.0,4.0,0.0,0.0,0.0,2.0,1.0,7.0,-5.0
0020001030,1610612760,SEA,Seattle,56,Gary Payton,Gary,G,,45:07,9.0,17.0,0.529,1.0,2.0,0.5,4.0,5.0,0.8,0.0,4.0,4.0,11.0,2.0,0.0,4.0,1.0,23.0,0.0
0020001030,1610612760,SEA,Seattle,2046,Desmond Mason,Desmond,C,,19:03,4.0,8.0,0.5,0.0,1.0,0.0,2.0,2.0,1.0,0.0,1.0,1.0,0.0,0.0,1.0,0.0,1.0,10.0,1.0
0020001030,1610612760,SEA,Seattle,452,Vin Baker,Vin,F,,20:39,1.0,4.0,0.25,0.0,0.0,0.0,0.0,0.0,0.0,2.0,0.0,2.0,1.0,1.0,0.0,1.0,5.0,2.0,4.0
0020001030,1610612760,SEA,Seattle,699,Brent Barry,Brent,F,,23:28,1.0,1.0,1.0,1.0,1.0,1.0,0.0,0.0,0.0,0.0,2.0,2.0,1.0,1.0,0.0,0.0,1.0,3.0,7.0
0020001030,1610612760,SEA,Seattle,1739,Ruben Patterson,Ruben,G,,23:20,7.0,11.0,0.636,0.0,0.0,0.0,5.0,8.0,0.625,1.0,1.0,2.0,2.0,2.0,1.0,2.0,1.0,19.0,9.0
0020001030,1610612760,SEA,Seattle,1778,,,, ,,,,,,,,,,,,,,,,,,,,
0020001030,1610612760,SEA,Seattle,1335,,,, ,,,,,,,,,,,,,,,,,,,,
0020001030,1610612760,SEA,Seattle,1338,,,, ,,,,,,,,,,,,,,,,,,,,
0020001030,1610612760,SEA,Seattle,1349,,,, ,,,,,,,,,,,,,,,,,,,,
0020001030,1610612760,SEA,Seattle,2071,Olumide Oyedeji,Olumide,,DNP - Coach's Decision,,,,,,,,,,,,,,,,,,,,
0020001030,1610612760,SEA,Seattle,1742,Shammond Williams,Shammond,,DNP - Coach's Decision,,,,,,,,,,,,,,,,,,,,
