GAME_ID,TEAM_ID,TEAM_ABBREVIATION,TEAM_CITY,PLAYER_ID,PLAYER_NAME,NICKNAME,START_POSITION,COMMENT,MIN,FGM,FGA,FG_PCT,FG3M,FG3A,FG3_PCT,FTM,FTA,FT_PCT,OREB,DREB,REB,AST,STL,BLK,TO,PF,PTS,PLUS_MINUS
0020000825,1610612749,MIL,Milwaukee,1501,Tim Thomas,Tim,F,,29:44,4.0,10.0,0.4,1.0,4.0,0.25,0.0,0.0,0.0,0.0,2.0,2.0,1.0,3.0,0.0,0.0,4.0,9.0,3.0
0020000825,1610612749,MIL,Milwaukee,679,Jason Caffey,Jason,F,,23:26,1.0,6.0,0.167,0.0,0.0,0.0,7.0,8.0,0.875,1.0,5.0,6.0,1.0,2.0,0.0,2.0,2.0,9.0,-12.0
0020000825,1610612749,MIL,Milwaukee,281,Scott Williams,Scott,G,,30:09,4.0,8.0,0.5,0.0,0.0,0.0,0.0,0.0,0.0,2.0,6.0,8.0,0.0,0.0,1.0,1.0,2.0,8.0,-15.0
0020000825,1610612749,MIL,Milwaukee,951,Ray Allen,Ray,G,,39:26,6.0,14.0,0.429,2.0,5.0,0.4,2.0,2.0,1.0,1.0,0.0,1.0,5.0,1.0,0.0,3.0,1.0,16.0,-10.0
0020000825,1610612749,MIL,Milwaukee,208,Sam Cassell,Sam,G,,32:52,7.0,17.0,0.412,0.0,0.0,0.0,2.0,2.0,1.0,1.0,1.0,2.0,3.0,1.0,0.0,4.0,1.0,16.0,-18.0
0020000825,1610612749,MIL,Milwaukee,911,Ervin Johnson,Ervin,G,,24:35,1.0,4.0,0.25,0.0,0.0,0.0,1.0,2.0,0.5,2.0,5.0,7.0,1.0,0.0,1.0,0.0,2.0,3.0,-7.0
0020000825,1610612749,MIL,Milwaukee,998,Mark Pope,Mark,G,,23:35,1.0,3.0,0.333,0.0,1.0,0.0,0.0,0.0,0.0,3.0,2.0,5.0,2.0,0.0,1.0,0.0,2.0,2.0,-4.0
0020000825,1610612749,MIL,Milwaukee,283,Lindsey Hunter,Lindsey,F,,29:05,7.0,16.0,0.438,6.0,13.0,0.462,1.0,1.0,1.0,1.0,0.0,1.0,1.0,1.0,0.0,0.0,1.0,21.0,-1.0
0020000825,1610612749,MIL,Milwaukee,1747,Rafer Alston,Rafer,,,2:56,1.0,2.0,0.5,0.0,0.0,0.0,0.0,0.0,0.0,0.0,0.0,0.0,0.0,0.0,0.0,0.0,1.0,2.0,-1.0
0020000825,1610612749,MIL,Milwaukee,760,Jerome Kersey,Jerome,,,2:06,0.0,0.0,0.0,0.0,0.0,0.0,0.0,0.0,0.0,0.0,0.0,0.0,0.0,0.0,0.0,0.0,1.0,0.0,0.0
0020000825,1610612749,MIL,Milwaukee,2038,Joel Przybilla,Joel,,,2:06,0.0,0.0,0.0,0.0,0.0,0.0,0.0,0.0,0.0,0.0,1.0,1.0,0.0,0.0,0.0,1.0,0.0,0.0,0.0
0020000825,1610612749,MIL,Milwaukee,2157,,,, ,,,,,,,,,,,,,,,,,,,,
0020000825,1610612749,MIL,Milwaukee,1796,,,, ,,,,,,,,,,,,,,,,,,,,
0020000825,1610612749,MIL,Milwaukee,1797,,,, ,,,,,,,,,,,,,,,,,,,,
0020000825,1610612749,MIL,Milwaukee,1334,,,, ,,,,,,,,,,,,,,,,,,,,
0020000825,1610612749,MIL,Milwaukee,1337,,,, ,,,,,,,,,,,,,,,,,,,,
0020000825,1610612749,MIL,Milwaukee,1355,,,, ,,,,,,,,,,,,,,,,,,,,
0020000825,1610612749,MIL,Milwaukee,299,Glenn Robinson,Glenn,,DND - Sore Rt. Ankle,,,,,,,,,,,,,,,,,,,,
0020000825,1610612754,IND,Indiana,1733,Al Harrington,Al,F,,28:47,2.0,2.0,1.0,0.0,0.0,0.0,0.0,0.0,0.0,0.0,8.0,8.0,3.0,1.0,0.0,4.0,3.0,4.0,3.0
0020000825,1610612754,IND,Indiana,979,Jermaine O'Neal,Jermaine,G,,41:47,6.0,12.0,0.5,0.0,0.0,0.0,5.0,6.0,0.833,1.0,5.0,6.0,5.0,0.0,6.0,1.0,1.0,17.0,17.0
0020000825,1610612754,IND,Indiana,440,Zan Tabak,Zan,C,,31:14,6.0,7.0,0.857,0.0,0.0,0.0,1.0,2.0,0.5,3.0,4.0,7.0,1.0,0.0,1.0,2.0,3.0,13.0,13.0
0020000825,1610612754,IND,Indiana,397,Reggie Miller,Reggie,G,,42:19,10.0,18.0,0.556,4.0,9.0,0.444,0.0,0.0,0.0,1.0,1.0,2.0,7.0,2.0,0.0,2.0,2.0,24.0,14.0
0020000825,1610612754,IND,Indiana,147,Jalen Rose,Jalen,G,,45:04,7.0,17.0,0.412,1.0,3.0,0.333,1.0,2.0,0.5,2.0,6.0,8.0,12.0,2.0,3.0,3.0,5.0,16.0,18.0
0020000825,1610612754,IND,Indiana,365,Derrick McKey,Derrick,G,,27:50,3.0,4.0,0.75,0.0,0.0,0.0,2.0,2.0,1.0,1.0,6.0,7.0,2.0,1.0,0.0,1.0,4.0,8.0,4.0
0020000825,1610612754,IND,Indiana,1506,Austin Croshere,Austin,F,,16:41,6.0,9.0,0.667,3.0,4.0,0.75,2.0,2.0,1.0,0.0,1.0,1.0,2.0,0.0,0.0,3.0,0.0,17.0,2.0
0020000825,1610612754,IND,Indiana,64,Sam Perkins,Sam,,,3:45,0.0,1.0,0.0,0.0,0.0,0.0,0.0,0.0,0.0,0.0,3.0,3.0,0.0,0.0,0.0,0.0,0.0,0.0,5.0
0020000825,1610612754,IND,Indiana,1902,Jeff Foster,Jeff,,,2:33,0.0,1.0,0.0,0.0,0.0,0.0,0.0,0.0,0.0,1.0,0.0,1.0,0.0,0.0,0.0,0.0,0.0,0.0,-11.0
0020000825,1610612754,IND,Indiana,1263,,,, ,,,,,,,,,,,,,,,,,,,,
0020000825,1610612754,IND,Indiana,1299,,,, ,,,,,,,,,,,,,,,,,,,,
0020000825,1610612754,IND,Indiana,1306,,,, ,,,,,,,,,,,,,,,,,,,,
0020000825,1610612754,IND,Indiana,2165,,,, ,,,,,,,,,,,,,,,,,,,,
0020000825,1610612754,IND,Indiana,2099,,,, ,,,,,,,,,,,,,,,,,,,,
0020000825,1610612754,IND,Indiana,2100,,,, ,,,,,,,,,,,,,,,,,,,,
0020000825,1610612754,IND,Indiana,1857,,,, ,,,,,,,,,,,,,,,,,,,,
0020000825,1610612754,IND,Indiana,1886,Jonathan Bender,Jonathan,,DNP - Coach's Decision,,,,,,,,,,,,,,,,,,,,
0020000825,1610612754,IND,Indiana,696,Travis Best,Travis,,DND - Strained Lower Back,,,,,,,,,,,,,,,,,,,,
0020000825,1610612754,IND,Indiana,1743,Bruno Sundov,Bruno,,DNP - Coach's Decision,,,,,,,,,,,,,,,,,,,,
0020000823,1610612751,NJN,New Jersey,2030,Kenyon Martin,Kenyon,F,,36:48,4.0,7.0,0.571,0.0,0.0,0.0,2.0,2.0,1.0,0.0,9.0,9.0,4.0,1.0,2.0,4.0,5.0,10.0,-20.0
0020000823,1610612751,NJN,New Jersey,1496,Keith Van Horn,Keith,F,,45:42,7.0,18.0,0.389,1.0,5.0,0.2,0.0,0.0,0.0,2.0,2.0,4.0,3.0,1.0,1.0,2.0,4.0,15.0,-2.0
0020000823,1610612751,NJN,New Jersey,1915,Evan Eschmeyer,Evan,C,,23:10,3.0,5.0,0.6,0.0,0.0,0.0,3.0,6.0,0.5,1.0,8.0,9.0,0.0,0.0,1.0,0.0,2.0,9.0,-6.0
0020000823,1610612751,NJN,New Jersey,446,Lucious Harris,Lucious,G,,33:28,3.0,8.0,0.375,1.0,4.0,0.25,3.0,4.0,0.75,1.0,4.0,5.0,2.0,1.0,0.0,2.0,3.0,10.0,-3.0
0020000823,1610612751,NJN,New Jersey,950,Stephon Marbury,Stephon,G,,45:59,8.0,22.0,0.364,1.0,4.0,0.25,2.0,2.0,1.0,0.0,2.0,2.0,8.0,2.0,0.0,2.0,1.0,19.0,-2.0
0020000823,1610612751,NJN,New Jersey,1425,Aaron Williams,Aaron,G,,23:59,2.0,4.0,0.5,0.0,0.0,0.0,6.0,8.0,0.75,0.0,5.0,5.0,0.0,0.0,0.0,0.0,4.0,10.0,5.0
0020000823,1610612751,NJN,New Jersey,271,Johnny Newman,Johnny,G,,23:39,6.0,10.0,0.6,1.0,3.0,0.333,2.0,4.0,0.5,0.0,1.0,1.0,1.0,2.0,0.0,2.0,5.0,15.0,1.0
0020000823,1610612751,NJN,New Jersey,2066,Soumaila Samake,Soumaila,C,,4:33,0.0,1.0,0.0,0.0,0.0,0.0,0.0,0.0,0.0,1.0,0.0,1.0,1.0,0.0,0.0,0.0,0.0,0.0,5.0
0020000823,1610612751,NJN,New Jersey,1536,Stephen Jackson,Stephen,,,2:42,0.0,1.0,0.0,0.0,0.0,0.0,0.0,0.0,0.0,0.0,1.0,1.0,1.0,0.0,0.0,0.0,1.0,0.0,7.0
0020000823,1610612751,NJN,New Jersey,1673,,,, ,,,,,,,,,,,,,,,,,,,,
0020000823,1610612751,NJN,New Jersey,2009,,,, ,,,,,,,,,,,,,,,,,,,,
0020000823,1610612751,NJN,New Jersey,1303,,,, ,,,,,,,,,,,,,,,,,,,,
0020000823,1610612751,NJN,New Jersey,1324,,,, ,,,,,,,,,,,,,,,,,,,,
0020000823,1610612751,NJN,New Jersey,1776,,,, ,,,,,,,,,,,,,,,,,,,,
0020000823,1610612751,NJN,New Jersey,1789,,,, ,,,,,,,,,,,,,,,,,,,,
0020000823,1610612751,NJN,New Jersey,1876,,,, ,,,,,,,,,,,,,,,,,,,,
0020000823,1610612751,NJN,New Jersey,428,Sherman Douglas,Sherman,,NWT - Personal Reasons,,,,,,,,,,,,,,,,,,,,
0020000823,1610612751,NJN,New Jersey,994,Jamie Feick,Jamie,,NWT - Sore Left Achilles,,,,,,,,,,,,,,,,,,,,
0020000823,1610612751,NJN,New Jersey,1735,Vladimir Stepania,Vladimir,,DNP - Coach's Decision,,,,,,,,,,,,,,,,,,,,
0020000823,1610612766,CHH,Charlotte,469,Jamal Mashburn,Jamal,F,,44:55,5.0,20.0,0.25,1.0,5.0,0.2,12.0,13.0,0.923,1.0,7.0,8.0,9.0,1.0,0.0,2.0,3.0,23.0,0.0
0020000823,1610612766,CHH,Charlotte,136,P.J. Brown,P.J.,F,,37:31,3.0,7.0,0.429,0.0,0.0,0.0,2.0,2.0,1.0,4.0,9.0,13.0,2.0,2.0,3.0,3.0,4.0,8.0,8.0
0020000823,1610612766,CHH,Charlotte,922,Elden Campbell,Elden,F,,22:08,5.0,12.0,0.417,0.0,0.0,0.0,5.0,5.0,1.0,1.0,6.0,7.0,0.0,1.0,3.0,0.0,4.0,15.0,-6.0
0020000823,1610612766,CHH,Charlotte,1884,Baron Davis,Baron,G,,34:06,4.0,11.0,0.364,0.0,4.0,0.0,1.0,2.0,0.5,2.0,3.0,5.0,3.0,0.0,0.0,2.0,1.0,9.0,-4.0
0020000823,1610612766,CHH,Charlotte,133,David Wesley,David,G,,41:32,8.0,19.0,0.421,4.0,5.0,0.8,6.0,7.0,0.857,0.0,0.0,0.0,4.0,1.0,1.0,2.0,3.0,26.0,11.0
0020000823,1610612766,CHH,Charlotte,2048,Jamaal Magloire,Jamaal,,,9:28,0.0,0.0,0.0,0.0,0.0,0.0,1.0,2.0,0.5,0.0,3.0,3.0,1.0,0.0,1.0,1.0,2.0,1.0,-17.0
0020000823,1610612766,CHH,Charlotte,1944,Eddie Robinson,Eddie,G,,23:21,2.0,3.0,0.667,0.0,0.0,0.0,1.0,2.0,0.5,0.0,3.0,3.0,1.0,0.0,0.0,0.0,2.0,5.0,1.0
0020000823,1610612766,CHH,Charlotte,901,Otis Thorpe,Otis,G,,21:25,2.0,5.0,0.4,0.0,0.0,0.0,0.0,0.0,0.0,1.0,6.0,7.0,2.0,1.0,0.0,2.0,3.0,4.0,22.0
0020000823,1610612766,CHH,Charlotte,1906,Tim James,Tim,F,,5:34,0.0,0.0,0.0,0.0,0.0,0.0,0.0,0.0,0.0,0.0,0.0,0.0,0.0,0.0,0.0,0.0,1.0,0.0,0.0
0020000823,1610612766,CHH,Charlotte,1316,,,, ,,,,,,,,,,,,,,,,,,,,
0020000823,1610612766,CHH,Charlotte,1992,,,, ,,,,,,,,,,,,,,,,,,,,
0020000823,1610612766,CHH,Charlotte,1215,,,, ,,,,,,,,,,,,,,,,,,,,
0020000823,1610612766,CHH,Charlotte,1218,,,, ,,,,,,,,,,,,,,,,,,,,
0020000823,1610612766,CHH,Charlotte,2152,,,, ,,,,,,,,,,,,,,,,,,,,
0020000823,1610612766,CHH,Charlotte,765,Hersey Hawkins,Hersey,,DNP - Coach's Decision,,,,,,,,,,,,,,,,,,,,
0020000823,1610612766,CHH,Charlotte,695,Eldridge Recasner,Eldridge,,Did Not Dress - Back Spasms,,,,,,,,,,,,,,,,,,,,
0020000828,1610612747,LAL,Los Angeles,296,Rick Fox,Rick,F,,34:44,2.0,9.0,0.222,0.0,3.0,0.0,4.0,4.0,1.0,1.0,0.0,1.0,8.0,0.0,0.0,1.0,3.0,8.0,2.0
0020000828,1610612747,LAL,Los Angeles,270,Horace Grant,Horace,F,,34:42,7.0,16.0,0.438,0.0,0.0,0.0,0.0,0.0,0.0,7.0,2.0,9.0,0.0,0.0,0.0,0.0,3.0,14.0,8.0
0020000828,1610612747,LAL,Los Angeles,406,Shaquille O'Neal,Shaquille,C,,39:40,8.0,15.0,0.533,0.0,0.0,0.0,7.0,15.0,0.467,2.0,9.0,11.0,4.0,1.0,3.0,0.0,3.0,23.0,2.0
0020000828,1610612747,LAL,Los Angeles,977,Kobe Bryant,Kobe,G,,45:33,16.0,28.0,0.571,2.0,5.0,0.4,4.0,6.0,0.667,3.0,7.0,10.0,6.0,1.0,1.0,5.0,3.0,38.0,-1.0
0020000828,1610612747,LAL,Los Angeles,216,Brian Shaw,Brian,G,,30:42,2.0,8.0,0.25,1.0,5.0,0.2,0.0,0.0,0.0,1.0,6.0,7.0,7.0,1.0,0.0,1.0,3.0,5.0,8.0
0020000828,1610612747,LAL,Los Angeles,2130,Mike Penberthy,Mike,G,,19:47,3.0,5.0,0.6,1.0,2.0,0.5,0.0,0.0,0.0,0.0,2.0,2.0,2.0,0.0,0.0,1.0,1.0,7.0,-13.0
0020000828,1610612747,LAL,Los Angeles,109,Robert Horry,Robert,G,,12:01,0.0,5.0,0.0,0.0,2.0,0.0,0.0,0.0,0.0,1.0,0.0,1.0,0.0,0.0,0.0,1.0,1.0,0.0,-14.0
0020000828,1610612747,LAL,Los Angeles,2058,Mark Madsen,Mark,F,,9:34,0.0,1.0,0.0,0.0,0.0,0.0,0.0,0.0,0.0,1.0,1.0,2.0,0.0,1.0,0.0,0.0,1.0,0.0,-8.0
0020000828,1610612747,LAL,Los Angeles,375,Isaiah Rider,Isaiah,G,,13:18,3.0,5.0,0.6,0.0,0.0,0.0,0.0,0.0,0.0,2.0,4.0,6.0,2.0,0.0,0.0,1.0,3.0,6.0,-14.0
0020000828,1610612747,LAL,Los Angeles,1270,,,, ,,,,,,,,,,,,,,,,,,,,
0020000828,1610612747,LAL,Los Angeles,1273,,,, ,,,,,,,,,,,,,,,,,,,,
0020000828,1610612747,LAL,Los Angeles,1219,,,, ,,,,,,,,,,,,,,,,,,,,
0020000828,1610612747,LAL,Los Angeles,1221,,,, ,,,,,,,,,,,,,,,,,,,,
0020000828,1610612747,LAL,Los Angeles,1223,,,, ,,,,,,,,,,,,,,,,,,,,
0020000828,1610612747,LAL,Los Angeles,1230,,,, ,,,,,,,,,,,,,,,,,,,,
0020000828,1610612747,LAL,Los Angeles,323,Greg Foster,Greg,,DNP - Coach's Decision,,,,,,,,,,,,,,,,,,,,
0020000828,1610612747,LAL,Los Angeles,1904,Devean George,Devean,,DNP - Coach's Decision,,,,,,,,,,,,,,,,,,,,
0020000828,1610612747,LAL,Los Angeles,1731,Tyronn Lue,Tyronn,,DNP - Coach's Decision,,,,,,,,,,,,,,,,,,,,
0020000828,1610612743,DEN,Denver,686,Antonio McDyess,Antonio,G,,40:19,6.0,11.0,0.545,0.0,0.0,0.0,2.0,2.0,1.0,3.0,13.0,16.0,1.0,1.0,3.0,2.0,4.0,14.0,0.0
0020000828,1610612743,DEN,Denver,1899,James Posey,James,F,,11:04,1.0,4.0,0.25,0.0,1.0,0.0,0.0,0.0,0.0,0.0,0.0,0.0,0.0,0.0,0.0,0.0,2.0,2.0,1.0
0020000828,1610612743,DEN,Denver,1711,Raef LaFrentz,Raef,F,,38:15,7.0,15.0,0.467,0.0,3.0,0.0,5.0,5.0,1.0,2.0,4.0,6.0,1.0,1.0,5.0,1.0,2.0,19.0,5.0
0020000828,1610612743,DEN,Denver,702,Voshon Lenard,Voshon,G,,25:18,5.0,10.0,0.5,2.0,5.0,0.4,0.0,2.0,0.0,1.0,3.0,4.0,2.0,0.0,0.0,0.0,1.0,12.0,-15.0
0020000828,1610612743,DEN,Denver,89,Nick Van Exel,Nick,G,,47:38,7.0,17.0,0.412,2.0,4.0,0.5,11.0,12.0,0.917,1.0,5.0,6.0,11.0,1.0,0.0,2.0,5.0,27.0,8.0
0020000828,1610612743,DEN,Denver,45,George McCloud,George,F,,33:25,4.0,8.0,0.5,1.0,3.0,0.333,3.0,4.0,0.75,2.0,3.0,5.0,4.0,0.0,2.0,0.0,3.0,12.0,14.0
0020000828,1610612743,DEN,Denver,788,Kevin Willis,Kevin,F,,17:29,5.0,8.0,0.625,0.0,0.0,0.0,0.0,0.0,0.0,0.0,0.0,0.0,1.0,1.0,1.0,0.0,4.0,10.0,7.0
0020000828,1610612743,DEN,Denver,123,Robert Pack,Robert,G,,23:05,4.0,6.0,0.667,0.0,0.0,0.0,3.0,4.0,0.75,0.0,2.0,2.0,6.0,3.0,0.0,1.0,2.0,11.0,19.0
0020000828,1610612743,DEN,Denver,1505,Tariq Abdul-Wahad,Tariq,,,3:28,0.0,0.0,0.0,0.0,0.0,0.0,0.0,0.0,0.0,0.0,1.0,1.0,0.0,0.0,0.0,0.0,0.0,0.0,-9.0
0020000828,1610612743,DEN,Denver,1784,,,, ,,,,,,,,,,,,,,,,,,,,
0020000828,1610612743,DEN,Denver,1785,,,, ,,,,,,,,,,,,,,,,,,,,
0020000828,1610612743,DEN,Denver,1786,,,, ,,,,,,,,,,,,,,,,,,,,
0020000828,1610612743,DEN,Denver,1207,,,, ,,,,,,,,,,,,,,,,,,,,
0020000828,1610612743,DEN,Denver,1216,,,, ,,,,,,,,,,,,,,,,,,,,
0020000828,1610612743,DEN,Denver,1240,,,, ,,,,,,,,,,,,,,,,,,,,
0020000828,1610612743,DEN,Denver,1241,,,, ,,,,,,,,,,,,,,,,,,,,
0020000828,1610612743,DEN,Denver,1995,,,, ,,,,,,,,,,,,,,,,,,,,
0020000828,1610612743,DEN,Denver,2007,,,, ,,,,,,,,,,,,,,,,,,,,
0020000828,1610612743,DEN,Denver,1763,Ryan Bowen,Ryan,,DNP - Coach's Decision,,,,,,,,,,,,,,,,,,,,
0020000828,1610612743,DEN,Denver,426,Terry Davis,Terry,,DNP - Coach's Decision,,,,,,,,,,,,,,,,,,,,
0020000828,1610612743,DEN,Denver,1110,Mark Strickland,Mark,,DNP - Coach's Decision,,,,,,,,,,,,,,,,,,,,
0020000822,1610612748,MIA,Miami,1477,Bruce Bowen,Bruce,F,,27:05,1.0,5.0,0.2,0.0,4.0,0.0,0.0,0.0,0.0,1.0,6.0,7.0,0.0,1.0,1.0,3.0,2.0,2.0,-7.0
0020000822,1610612748,MIA,Miami,193,Anthony Mason,Anthony,F,,41:57,1.0,8.0,0.125,0.0,0.0,0.0,1.0,2.0,0.5,2.0,4.0,6.0,2.0,2.0,1.0,3.0,3.0,3.0,-5.0
0020000822,1610612748,MIA,Miami,258,Brian Grant,Brian,C,,34:09,1.0,13.0,0.077,0.0,0.0,0.0,4.0,4.0,1.0,1.0,3.0,4.0,1.0,1.0,1.0,2.0,4.0,6.0,-16.0
0020000822,1610612748,MIA,Miami,896,Tim Hardaway,Tim,G,,36:19,8.0,17.0,0.471,4.0,8.0,0.5,0.0,0.0,0.0,0.0,5.0,5.0,5.0,0.0,0.0,1.0,3.0,20.0,-14.0
0020000822,1610612748,MIA,Miami,224,Eddie Jones,Eddie,G,,36:43,9.0,16.0,0.563,1.0,5.0,0.2,3.0,4.0,0.75,2.0,6.0,8.0,0.0,2.0,1.0,2.0,4.0,22.0,0.0
0020000822,1610612748,MIA,Miami,190,Duane Causwell,Duane,C,,8:32,0.0,1.0,0.0,0.0,0.0,0.0,0.0,0.0,0.0,0.0,1.0,1.0,0.0,0.0,0.0,0.0,1.0,0.0,1.0
0020000822,1610612748,MIA,Miami,1853,Anthony Carter,Anthony,G,,22:53,1.0,6.0,0.167,0.0,2.0,0.0,4.0,4.0,1.0,1.0,1.0,2.0,3.0,0.0,0.0,0.0,2.0,6.0,-4.0
0020000822,1610612748,MIA,Miami,105,Dan Majerle,Dan,F,,18:13,3.0,5.0,0.6,2.0,3.0,0.667,0.0,0.0,0.0,0.0,4.0,4.0,1.0,0.0,0.0,0.0,3.0,8.0,-8.0
0020000822,1610612748,MIA,Miami,920,A.C. Green,A.C.,C,,11:13,0.0,1.0,0.0,0.0,0.0,0.0,0.0,0.0,0.0,0.0,0.0,0.0,0.0,0.0,0.0,0.0,0.0,0.0,0.0
0020000822,1610612748,MIA,Miami,2067,Eddie House,Eddie,,,2:56,1.0,3.0,0.333,0.0,0.0,0.0,0.0,0.0,0.0,0.0,3.0,3.0,0.0,0.0,0.0,0.0,0.0,2.0,3.0
0020000822,1610612748,MIA,Miami,836,,,, ,,,,,,,,,,,,,,,,,,,,
0020000822,1610612748,MIA,Miami,1877,,,, ,,,,,,,,,,,,,,,,,,,,
0020000822,1610612748,MIA,Miami,1642,,,, ,,,,,,,,,,,,,,,,,,,,
0020000822,1610612748,MIA,Miami,1787,,,, ,,,,,,,,,,,,,,,,,,,,
0020000822,1610612748,MIA,Miami,1276,,,, ,,,,,,,,,,,,,,,,,,,,
0020000822,1610612748,MIA,Miami,1277,,,, ,,,,,,,,,,,,,,,,,,,,
0020000822,1610612748,MIA,Miami,1279,,,, ,,,,,,,,,,,,,,,,,,,,
0020000822,1610612748,MIA,Miami,1280,,,, ,,,,,,,,,,,,,,,,,,,,
0020000822,1610612748,MIA,Miami,1281,,,, ,,,,,,,,,,,,,,,,,,,,
0020000822,1610612748,MIA,Miami,76,Cedric Ceballos,Cedric,,DNP - Coach's Decision,,,,,,,,,,,,,,,,,,,,
0020000822,1610612748,MIA,Miami,931,Don MacLean,Don,,DNP - Coach's Decision,,,,,,,,,,,,,,,,,,,,
0020000822,1610612755,PHI,Philadelphia,248,George Lynch,George,F,,23:20,3.0,9.0,0.333,0.0,0.0,0.0,0.0,0.0,0.0,6.0,3.0,9.0,0.0,0.0,0.0,1.0,3.0,6.0,8.0
0020000822,1610612755,PHI,Philadelphia,238,Tyrone Hill,Tyrone,F,,32:33,4.0,6.0,0.667,0.0,0.0,0.0,1.0,2.0,0.5,3.0,7.0,10.0,0.0,0.0,0.0,1.0,3.0,9.0,7.0
0020000822,1610612755,PHI,Philadelphia,87,Dikembe Mutombo,Dikembe,C,,39:54,2.0,6.0,0.333,0.0,0.0,0.0,6.0,8.0,0.75,6.0,12.0,18.0,1.0,1.0,5.0,3.0,2.0,10.0,8.0
0020000822,1610612755,PHI,Philadelphia,727,Eric Snow,Eric,G,,36:07,2.0,7.0,0.286,0.0,0.0,0.0,0.0,0.0,0.0,1.0,4.0,5.0,3.0,2.0,0.0,3.0,2.0,4.0,9.0
0020000822,1610612755,PHI,Philadelphia,947,Allen Iverson,Allen,G,,43:33,6.0,27.0,0.222,1.0,4.0,0.25,14.0,18.0,0.778,0.0,1.0,1.0,3.0,4.0,0.0,3.0,2.0,27.0,9.0
0020000822,1610612755,PHI,Philadelphia,243,Aaron McKie,Aaron,G,,26:11,3.0,10.0,0.3,0.0,3.0,0.0,1.0,2.0,0.5,1.0,1.0,2.0,3.0,2.0,0.0,0.0,4.0,7.0,-1.0
0020000822,1610612755,PHI,Philadelphia,1934,Rodney Buford,Rodney,F,,22:57,6.0,13.0,0.462,2.0,2.0,1.0,2.0,2.0,1.0,2.0,6.0,8.0,1.0,0.0,1.0,1.0,2.0,16.0,6.0
0020000822,1610612755,PHI,Philadelphia,761,Matt Geiger,Matt,C,,13:14,0.0,0.0,0.0,0.0,0.0,0.0,0.0,0.0,0.0,0.0,2.0,2.0,1.0,0.0,0.0,2.0,2.0,0.0,1.0
0020000822,1610612755,PHI,Philadelphia,1563,Kevin Ollie,Kevin,,,2:11,0.0,0.0,0.0,0.0,0.0,0.0,0.0,0.0,0.0,0.0,0.0,0.0,0.0,0.0,0.0,0.0,0.0,0.0,3.0
0020000822,1610612755,PHI,Philadelphia,1908,Jumaine Jones,Jumaine,,DNP - Coach's Decision,,,,,,,,,,,,,,,,,,,,
0020000822,1610612755,PHI,Philadelphia,1928,Todd MacCulloch,Todd,,DNP - Coach's Decision,,,,,,,,,,,,,,,,,,,,
0020000822,1610612755,PHI,Philadelphia,1728,Roshown McLeod,Roshown,,DND - Injured Left Leg,,,,,,,,,,,,,,,,,,,,
0020000826,1610612745,HOU,Houston,1000,Shandon Anderson,Shandon,G,,30:12,6.0,9.0,0.667,0.0,0.0,0.0,0.0,0.0,0.0,0.0,6.0,6.0,3.0,2.0,2.0,0.0,1.0,12.0,5.0
0020000826,1610612745,HOU,Houston,1508,Maurice Taylor,Maurice,F,,8:58,0.0,2.0,0.0,0.0,0.0,0.0,0.0,0.0,0.0,0.0,1.0,1.0,0.0,0.0,0.0,0.0,1.0,0.0,-8.0
0020000826,1610612745,HOU,Houston,165,Hakeem Olajuwon,Hakeem,F,,22:12,7.0,9.0,0.778,0.0,0.0,0.0,3.0,3.0,1.0,1.0,2.0,3.0,1.0,0.0,1.0,2.0,3.0,17.0,2.0
0020000826,1610612745,HOU,Houston,1749,Cuttino Mobley,Cuttino,G,,30:23,5.0,10.0,0.5,0.0,1.0,0.0,2.0,2.0,1.0,0.0,2.0,2.0,5.0,0.0,1.0,1.0,0.0,12.0,6.0
0020000826,1610612745,HOU,Houston,1883,Steve Francis,Steve,G,,39:35,7.0,12.0,0.583,1.0,3.0,0.333,6.0,8.0,0.75,1.0,4.0,5.0,8.0,1.0,1.0,9.0,4.0,21.0,13.0
0020000826,1610612745,HOU,Houston,1903,Kenny Thomas,Kenny,G,,33:53,6.0,10.0,0.6,0.0,0.0,0.0,2.0,2.0,1.0,3.0,8.0,11.0,0.0,1.0,2.0,3.0,0.0,14.0,24.0
0020000826,1610612745,HOU,Houston,1509,Kelvin Cato,Kelvin,G,,20:09,1.0,3.0,0.333,0.0,0.0,0.0,0.0,0.0,0.0,0.0,2.0,2.0,1.0,0.0,5.0,0.0,1.0,2.0,14.0
0020000826,1610612745,HOU,Houston,983,Moochie Norris,Moochie,F,,20:44,1.0,5.0,0.2,0.0,2.0,0.0,5.0,6.0,0.833,1.0,6.0,7.0,3.0,2.0,0.0,0.0,1.0,7.0,19.0
0020000826,1610612745,HOU,Houston,1005,Walt Williams,Walt,,,17:48,2.0,6.0,0.333,1.0,3.0,0.333,2.0,4.0,0.5,0.0,4.0,4.0,1.0,0.0,0.0,1.0,2.0,7.0,12.0
0020000826,1610612745,HOU,Houston,435,Carlos Rogers,Carlos,,,10:48,1.0,3.0,0.333,0.0,0.0,0.0,1.0,4.0,0.25,0.0,2.0,2.0,0.0,0.0,0.0,0.0,0.0,3.0,2.0
0020000826,1610612745,HOU,Houston,2061,Dan Langhi,Dan,,,3:29,0.0,1.0,0.0,0.0,0.0,0.0,0.0,0.0,0.0,0.0,1.0,1.0,0.0,0.0,0.0,0.0,0.0,0.0,-3.0
0020000826,1610612745,HOU,Houston,2173,Sean Colson,Sean,,,1:49,0.0,1.0,0.0,0.0,0.0,0.0,0.0,0.0,0.0,0.0,0.0,0.0,1.0,0.0,0.0,0.0,1.0,0.0,-1.0
0020000826,1610612745,HOU,Houston,1997,,,, ,,,,,,,,,,,,,,,,,,,,
0020000826,1610612745,HOU,Houston,1255,,,, ,,,,,,,,,,,,,,,,,,,,
0020000826,1610612745,HOU,Houston,1256,,,, ,,,,,,,,,,,,,,,,,,,,
0020000826,1610612745,HOU,Houston,1257,,,, ,,,,,,,,,,,,,,,,,,,,
0020000826,1610612745,HOU,Houston,1258,,,, ,,,,,,,,,,,,,,,,,,,,
0020000826,1610612745,HOU,Houston,825,,,, ,,,,,,,,,,,,,,,,,,,,
0020000826,1610612741,CHI,Chicago,1897,Metta World Peace,Metta,F,,34:54,6.0,14.0,0.429,0.0,4.0,0.0,1.0,2.0,0.5,0.0,7.0,7.0,4.0,3.0,0.0,3.0,1.0,13.0,-14.0
0020000826,1610612741,CHI,Chicago,1882,Elton Brand,Elton,G,,32:39,10.0,22.0,0.455,0.0,0.0,0.0,1.0,2.0,0.5,1.0,4.0,5.0,3.0,1.0,2.0,2.0,2.0,21.0,-14.0
0020000826,1610612741,CHI,Chicago,1802,Brad Miller,Brad,F,,29:35,4.0,10.0,0.4,0.0,0.0,0.0,4.0,4.0,1.0,4.0,6.0,10.0,2.0,1.0,1.0,0.0,3.0,12.0,-7.0
0020000826,1610612741,CHI,Chicago,697,Fred Hoiberg,Fred,G,,36:51,3.0,5.0,0.6,1.0,2.0,0.5,0.0,0.0,0.0,0.0,2.0,2.0,5.0,1.0,0.0,1.0,4.0,7.0,-12.0
0020000826,1610612741,CHI,Chicago,1724,Bryce Drew,Bryce,G,,32:37,3.0,10.0,0.3,3.0,3.0,1.0,0.0,0.0,0.0,0.0,1.0,1.0,8.0,0.0,0.0,1.0,3.0,9.0,-9.0
0020000826,1610612741,CHI,Chicago,1736,Corey Benjamin,Corey,G,,20:46,3.0,11.0,0.273,0.0,1.0,0.0,0.0,0.0,0.0,1.0,3.0,4.0,0.0,0.0,0.0,3.0,3.0,6.0,-11.0
0020000826,1610612741,CHI,Chicago,2053,Dalibor Bagaric,Dalibor,G,,16:14,1.0,5.0,0.2,0.0,0.0,0.0,0.0,0.0,0.0,3.0,5.0,8.0,0.0,0.0,2.0,1.0,2.0,2.0,-7.0
0020000826,1610612741,CHI,Chicago,2033,Marcus Fizer,Marcus,G,,13:07,3.0,6.0,0.5,0.0,0.0,0.0,0.0,0.0,0.0,1.0,1.0,2.0,0.0,0.0,0.0,2.0,3.0,6.0,-7.0
0020000826,1610612741,CHI,Chicago,2037,Jamal Crawford,Jamal,F,,12:53,0.0,3.0,0.0,0.0,0.0,0.0,0.0,0.0,0.0,0.0,1.0,1.0,3.0,1.0,0.0,1.0,2.0,0.0,-5.0
0020000826,1610612741,CHI,Chicago,2062,A.J. Guyton,A.J.,,,5:59,0.0,1.0,0.0,0.0,0.0,0.0,0.0,0.0,0.0,0.0,1.0,1.0,2.0,0.0,0.0,0.0,1.0,0.0,0.0
0020000826,1610612741,CHI,Chicago,1434,Dragan Tarlac,Dragan,,,4:25,1.0,4.0,0.25,0.0,0.0,0.0,0.0,0.0,0.0,3.0,0.0,3.0,1.0,0.0,1.0,0.0,0.0,2.0,1.0
0020000826,1610612741,CHI,Chicago,2153,,,, ,,,,,,,,,,,,,,,,,,,,
0020000826,1610612741,CHI,Chicago,1779,,,, ,,,,,,,,,,,,,,,,,,,,
0020000826,1610612741,CHI,Chicago,1780,,,, ,,,,,,,,,,,,,,,,,,,,
0020000826,1610612741,CHI,Chicago,1220,,,, ,,,,,,,,,,,,,,,,,,,,
0020000826,1610612741,CHI,Chicago,1254,,,, ,,,,,,,,,,,,,,,,,,,,
0020000826,1610612741,CHI,Chicago,1346,,,, ,,,,,,,,,,,,,,,,,,,,
0020000826,1610612741,CHI,Chicago,1500,Ron Mercer,Ron,,DND - Left Ankle Sprain,,,,,,,,,,,,,,,,,,,,
0020000830,1610612753,ORL,Orlando,1503,Tracy McGrady,Tracy,G,,44:11,10.0,28.0,0.357,0.0,2.0,0.0,5.0,6.0,0.833,2.0,10.0,12.0,8.0,2.0,1.0,2.0,2.0,25.0,13.0
0020000830,1610612753,ORL,Orlando,448,Bo Outlaw,Bo,F,,39:52,3.0,5.0,0.6,0.0,0.0,0.0,2.0,2.0,1.0,1.0,6.0,7.0,3.0,2.0,1.0,0.0,3.0,8.0,13.0
0020000830,1610612753,ORL,Orlando,692,Andrew DeClercq,Andrew,G,,13:53,2.0,3.0,0.667,0.0,0.0,0.0,0.0,0.0,0.0,1.0,5.0,6.0,1.0,0.0,0.0,1.0,5.0,4.0,0.0
0020000830,1610612753,ORL,Orlando,353,Darrell Armstrong,Darrell,G,,34:46,4.0,11.0,0.364,0.0,3.0,0.0,5.0,6.0,0.833,1.0,6.0,7.0,11.0,2.0,0.0,4.0,2.0,13.0,8.0
0020000830,1610612753,ORL,Orlando,2034,Mike Miller,Mike,G,,36:11,7.0,12.0,0.583,2.0,3.0,0.667,2.0,2.0,1.0,1.0,2.0,3.0,0.0,1.0,0.0,2.0,4.0,18.0,-1.0
0020000830,1610612753,ORL,Orlando,690,Don Reid,Don,G,,13:42,4.0,4.0,1.0,0.0,0.0,0.0,0.0,0.0,0.0,0.0,3.0,3.0,0.0,0.0,2.0,1.0,5.0,8.0,-3.0
0020000830,1610612753,ORL,Orlando,42,Monty Williams,Monty,F,,15:38,3.0,8.0,0.375,0.0,0.0,0.0,1.0,3.0,0.333,2.0,1.0,3.0,2.0,1.0,0.0,0.0,1.0,7.0,0.0
0020000830,1610612753,ORL,Orlando,1607,Troy Hudson,Troy,G,,13:32,3.0,3.0,1.0,0.0,0.0,0.0,0.0,2.0,0.0,0.0,1.0,1.0,2.0,0.0,0.0,2.0,2.0,6.0,3.0
0020000830,1610612753,ORL,Orlando,680,John Amaechi,John,,,5:59,0.0,0.0,0.0,0.0,0.0,0.0,0.0,0.0,0.0,0.0,1.0,1.0,0.0,0.0,0.0,1.0,1.0,0.0,-7.0
0020000830,1610612753,ORL,Orlando,1720,Michael Doleac,Michael,F,,22:08,3.0,8.0,0.375,0.0,0.0,0.0,2.0,2.0,1.0,0.0,2.0,2.0,2.0,1.0,2.0,1.0,4.0,8.0,4.0
0020000830,1610612753,ORL,Orlando,724,Cory Alexander,Cory,,,0:08,0.0,0.0,0.0,0.0,0.0,0.0,0.0,0.0,0.0,0.0,0.0,0.0,0.0,0.0,0.0,0.0,0.0,0.0,0.0
0020000830,1610612753,ORL,Orlando,837,,,, ,,,,,,,,,,,,,,,,,,,,
0020000830,1610612753,ORL,Orlando,1296,,,, ,,,,,,,,,,,,,,,,,,,,
0020000830,1610612753,ORL,Orlando,1307,,,, ,,,,,,,,,,,,,,,,,,,,
0020000830,1610612753,ORL,Orlando,1309,,,, ,,,,,,,,,,,,,,,,,,,,
0020000830,1610612753,ORL,Orlando,1332,,,, ,,,,,,,,,,,,,,,,,,,,
0020000830,1610612753,ORL,Orlando,1941,,,, ,,,,,,,,,,,,,,,,,,,,
0020000830,1610612753,ORL,Orlando,1650,,,, ,,,,,,,,,,,,,,,,,,,,
0020000830,1610612756,PHX,Phoenix,915,Rodney Rogers,Rodney,F,,27:45,2.0,14.0,0.143,1.0,2.0,0.5,1.0,2.0,0.5,2.0,5.0,7.0,3.0,0.0,0.0,2.0,4.0,6.0,4.0
0020000830,1610612756,PHX,Phoenix,361,Clifford Robinson,Clifford,G,,38:58,4.0,11.0,0.364,2.0,3.0,0.667,6.0,10.0,0.6,1.0,3.0,4.0,5.0,2.0,2.0,0.0,2.0,16.0,-8.0
0020000830,1610612756,PHX,Phoenix,2054,Jake Tsakalidis,Jake,C,,31:21,6.0,10.0,0.6,0.0,0.0,0.0,5.0,6.0,0.833,2.0,6.0,8.0,1.0,0.0,2.0,1.0,3.0,17.0,-5.0
0020000830,1610612756,PHX,Phoenix,467,Jason Kidd,Jason,G,,43:22,3.0,11.0,0.273,1.0,6.0,0.167,9.0,11.0,0.818,1.0,15.0,16.0,5.0,1.0,1.0,4.0,3.0,16.0,-10.0
0020000830,1610612756,PHX,Phoenix,53,Mario Elie,Mario,G,,32:03,2.0,4.0,0.5,1.0,2.0,0.5,1.0,2.0,0.5,0.0,1.0,1.0,3.0,1.0,0.0,2.0,4.0,6.0,-6.0
0020000830,1610612756,PHX,Phoenix,339,Tom Gugliotta,Tom,G,,16:40,5.0,10.0,0.5,0.0,0.0,0.0,4.0,4.0,1.0,2.0,2.0,4.0,1.0,1.0,0.0,0.0,1.0,14.0,-6.0
0020000830,1610612756,PHX,Phoenix,960,Tony Delk,Tony,F,,31:54,4.0,11.0,0.364,0.0,1.0,0.0,4.0,7.0,0.571,0.0,1.0,1.0,1.0,0.0,0.0,2.0,2.0,12.0,-4.0
0020000830,1610612756,PHX,Phoenix,201,Chris Dudley,Chris,C,,6:19,0.0,1.0,0.0,0.0,0.0,0.0,0.0,0.0,0.0,2.0,0.0,2.0,1.0,1.0,0.0,0.0,0.0,0.0,-1.0
0020000830,1610612756,PHX,Phoenix,219,Vinny Del Negro,Vinny,F,,11:38,1.0,3.0,0.333,0.0,0.0,0.0,2.0,2.0,1.0,0.0,1.0,1.0,0.0,0.0,1.0,3.0,3.0,4.0,6.0
0020000830,1610612756,PHX,Phoenix,1227,,,, ,,,,,,,,,,,,,,,,,,,,
0020000830,1610612756,PHX,Phoenix,1653,,,, ,,,,,,,,,,,,,,,,,,,,
0020000830,1610612756,PHX,Phoenix,1654,,,, ,,,,,,,,,,,,,,,,,,,,
0020000830,1610612756,PHX,Phoenix,2160,,,, ,,,,,,,,,,,,,,,,,,,,
0020000830,1610612756,PHX,Phoenix,2161,,,, ,,,,,,,,,,,,,,,,,,,,
0020000830,1610612756,PHX,Phoenix,2008,,,, ,,,,,,,,,,,,,,,,,,,,
0020000830,1610612756,PHX,Phoenix,2015,,,, ,,,,,,,,,,,,,,,,,,,,
0020000830,1610612756,PHX,Phoenix,1890,Shawn Marion,Shawn,,Did Not Dress - Concussion,,,,,,,,,,,,,,,,,,,,
0020000830,1610612756,PHX,Phoenix,386,Elliot Perry,Elliot,,DNP - Coach's Decision,,,,,,,,,,,,,,,,,,,,
0020000830,1610612756,PHX,Phoenix,2091,Daniel Santiago,Daniel,,DNP - Coach's Decision,,,,,,,,,,,,,,,,,,,,
0020000836,1610612746,LAC,Los Angeles,1885,Lamar Odom,Lamar,G,,26:41,1.0,2.0,0.5,0.0,0.0,0.0,1.0,2.0,0.5,0.0,3.0,3.0,4.0,1.0,1.0,1.0,2.0,3.0,-3.0
0020000836,1610612746,LAC,Los Angeles,685,Cherokee Parks,Cherokee,G,,18:05,5.0,9.0,0.556,0.0,0.0,0.0,0.0,0.0,0.0,2.0,0.0,2.0,0.0,0.0,0.0,0.0,3.0,10.0,-6.0
0020000836,1610612746,LAC,Los Angeles,1709,Michael Olowokandi,Michael,G,,34:19,5.0,11.0,0.455,0.0,0.0,0.0,3.0,4.0,0.75,2.0,6.0,8.0,3.0,1.0,1.0,1.0,0.0,13.0,-7.0
0020000836,1610612746,LAC,Los Angeles,976,Jeff McInnis,Jeff,G,,32:05,2.0,12.0,0.167,0.0,2.0,0.0,1.0,2.0,0.5,0.0,4.0,4.0,4.0,0.0,0.0,0.0,1.0,5.0,-9.0
0020000836,1610612746,LAC,Los Angeles,15,Eric Piatkowski,Eric,G,,29:21,3.0,6.0,0.5,3.0,5.0,0.6,6.0,6.0,1.0,0.0,2.0,2.0,1.0,1.0,0.0,1.0,2.0,15.0,-3.0
0020000836,1610612746,LAC,Los Angeles,2032,Darius Miles,Darius,F,,29:55,5.0,7.0,0.714,0.0,0.0,0.0,0.0,0.0,0.0,1.0,4.0,5.0,0.0,0.0,1.0,3.0,2.0,10.0,-7.0
0020000836,1610612746,LAC,Los Angeles,2047,Quentin Richardson,Quentin,,,18:39,2.0,6.0,0.333,1.0,2.0,0.5,3.0,4.0,0.75,0.0,2.0,2.0,1.0,1.0,0.0,0.0,0.0,8.0,-10.0
0020000836,1610612746,LAC,Los Angeles,2039,Keyon Dooling,Keyon,,,15:55,1.0,3.0,0.333,0.0,1.0,0.0,1.0,2.0,0.5,0.0,2.0,2.0,2.0,0.0,0.0,4.0,2.0,3.0,-4.0
0020000836,1610612746,LAC,Los Angeles,399,Sean Rooks,Sean,C,,13:41,0.0,2.0,0.0,0.0,0.0,0.0,1.0,2.0,0.5,0.0,2.0,2.0,1.0,0.0,0.0,1.0,0.0,1.0,-6.0
0020000836,1610612746,LAC,Los Angeles,1894,Corey Maggette,Corey,G,,21:19,4.0,7.0,0.571,2.0,2.0,1.0,3.0,4.0,0.75,0.0,3.0,3.0,1.0,1.0,0.0,2.0,2.0,13.0,-10.0
0020000836,1610612746,LAC,Los Angeles,2010,,,, ,,,,,,,,,,,,,,,,,,,,
0020000836,1610612746,LAC,Los Angeles,1210,,,, ,,,,,,,,,,,,,,,,,,,,
0020000836,1610612746,LAC,Los Angeles,1243,,,, ,,,,,,,,,,,,,,,,,,,,
0020000836,1610612746,LAC,Los Angeles,1246,,,, ,,,,,,,,,,,,,,,,,,,,
0020000836,1610612746,LAC,Los Angeles,1284,,,, ,,,,,,,,,,,,,,,,,,,,
0020000836,1610612746,LAC,Los Angeles,1351,,,, ,,,,,,,,,,,,,,,,,,,,
0020000836,1610612746,LAC,Los Angeles,1672,,,, ,,,,,,,,,,,,,,,,,,,,
0020000836,1610612746,LAC,Los Angeles,2166,,,, ,,,,,,,,,,,,,,,,,,,,
0020000836,1610612746,LAC,Los Angeles,1730,Brian Skinner,Brian,,DNP - Coach's Decision,,,,,,,,,,,,,,,,,,,,
0020000836,1610612746,LAC,Los Angeles,400,Derek Strong,Derek,,DNP - Coach's Decision,,,,,,,,,,,,,,,,,,,,
0020000836,1610612757,POR,Portland,937,Scottie Pippen,Scottie,G,,41:15,5.0,9.0,0.556,0.0,2.0,0.0,1.0,2.0,0.5,0.0,4.0,4.0,4.0,2.0,0.0,3.0,4.0,11.0,14.0
0020000836,1610612757,POR,Portland,739,Rasheed Wallace,Rasheed,F,,34:18,7.0,12.0,0.583,0.0,1.0,0.0,1.0,2.0,0.5,2.0,4.0,6.0,2.0,0.0,1.0,0.0,2.0,15.0,14.0
0020000836,1610612757,POR,Portland,905,Dale Davis,Dale,G,,22:09,1.0,1.0,1.0,0.0,0.0,0.0,0.0,0.0,0.0,3.0,5.0,8.0,1.0,0.0,0.0,0.0,2.0,2.0,3.0
0020000836,1610612757,POR,Portland,1719,Bonzi Wells,Bonzi,G,,30:37,4.0,6.0,0.667,0.0,0.0,0.0,3.0,6.0,0.5,1.0,6.0,7.0,5.0,1.0,0.0,4.0,2.0,11.0,5.0
0020000836,1610612757,POR,Portland,757,Damon Stoudamire,Damon,G,,36:28,8.0,17.0,0.471,1.0,5.0,0.2,0.0,0.0,0.0,1.0,4.0,5.0,9.0,4.0,0.0,1.0,1.0,17.0,9.0
0020000836,1610612757,POR,Portland,120,Steven Smith,Steven,F,,23:58,2.0,8.0,0.25,1.0,3.0,0.333,2.0,2.0,1.0,0.0,1.0,1.0,2.0,0.0,0.0,0.0,3.0,7.0,7.0
0020000836,1610612757,POR,Portland,431,Shawn Kemp,Shawn,F,,13:42,3.0,6.0,0.5,0.0,0.0,0.0,0.0,0.0,0.0,1.0,2.0,3.0,2.0,0.0,1.0,1.0,1.0,6.0,-1.0
0020000836,1610612757,POR,Portland,717,Arvydas Sabonis,Arvydas,G,,24:51,10.0,17.0,0.588,0.0,1.0,0.0,3.0,3.0,1.0,1.0,5.0,6.0,0.0,0.0,3.0,1.0,4.0,23.0,10.0
0020000836,1610612757,POR,Portland,278,Stacey Augmon,Stacey,F,,12:41,1.0,3.0,0.333,0.0,0.0,0.0,0.0,0.0,0.0,0.0,0.0,0.0,2.0,0.0,0.0,0.0,0.0,2.0,4.0
0020000836,1610612757,POR,Portland,2149,,,, ,,,,,,,,,,,,,,,,,,,,
0020000836,1610612757,POR,Portland,1473,,,, ,,,,,,,,,,,,,,,,,,,,
0020000836,1610612757,POR,Portland,1655,,,, ,,,,,,,,,,,,,,,,,,,,
0020000836,1610612757,POR,Portland,1656,,,, ,,,,,,,,,,,,,,,,,,,,
0020000836,1610612757,POR,Portland,1329,,,, ,,,,,,,,,,,,,,,,,,,,
0020000836,1610612757,POR,Portland,1336,,,, ,,,,,,,,,,,,,,,,,,,,
0020000836,1610612757,POR,Portland,1783,,,, ,,,,,,,,,,,,,,,,,,,,
0020000836,1610612757,POR,Portland,21,Greg Anthony,Greg,,DNP - Coach's Decision,,,,,,,,,,,,,,,,,,,,
0020000836,1610612757,POR,Portland,2057,Erick Barkley,Erick,,DNP - Coach's Decision,,,,,,,,,,,,,,,,,,,,
0020000836,1610612757,POR,Portland,96,Detlef Schrempf,Detlef,,DNP - Coach's Decision,,,,,,,,,,,,,,,,,,,,
0020000833,1610612760,SEA,Seattle,1740,Rashard Lewis,Rashard,F,,27:03,4.0,11.0,0.364,1.0,5.0,0.2,1.0,2.0,0.5,1.0,4.0,5.0,1.0,2.0,0.0,3.0,2.0,10.0,-1.0
0020000833,1610612760,SEA,Seattle,452,Vin Baker,Vin,F,,7:00,0.0,3.0,0.0,0.0,0.0,0.0,0.0,0.0,0.0,2.0,0.0,2.0,0.0,0.0,0.0,0.0,1.0,0.0,-7.0
0020000833,1610612760,SEA,Seattle,121,Patrick Ewing,Patrick,C,,22:54,3.0,6.0,0.5,0.0,0.0,0.0,1.0,2.0,0.5,0.0,4.0,4.0,0.0,1.0,2.0,1.0,2.0,7.0,-9.0
0020000833,1610612760,SEA,Seattle,1742,Shammond Williams,Shammond,G,,40:15,6.0,17.0,0.353,3.0,8.0,0.375,4.0,4.0,1.0,2.0,5.0,7.0,5.0,0.0,0.0,1.0,3.0,19.0,-3.0
0020000833,1610612760,SEA,Seattle,56,Gary Payton,Gary,G,,50:40,12.0,21.0,0.571,2.0,3.0,0.667,1.0,2.0,0.5,2.0,0.0,2.0,8.0,1.0,1.0,2.0,3.0,27.0,0.0
0020000833,1610612760,SEA,Seattle,2046,Desmond Mason,Desmond,G,,40:51,0.0,8.0,0.0,0.0,3.0,0.0,3.0,4.0,0.75,2.0,6.0,8.0,4.0,2.0,1.0,0.0,4.0,3.0,11.0
0020000833,1610612760,SEA,Seattle,1739,Ruben Patterson,Ruben,G,,43:25,7.0,16.0,0.438,0.0,1.0,0.0,8.0,12.0,0.667,3.0,4.0,7.0,6.0,5.0,1.0,6.0,4.0,22.0,9.0
0020000833,1610612760,SEA,Seattle,1741,Jelani McCoy,Jelani,G,,22:27,5.0,5.0,1.0,0.0,0.0,0.0,1.0,6.0,0.167,0.0,5.0,5.0,0.0,0.0,1.0,0.0,5.0,11.0,-3.0
0020000833,1610612760,SEA,Seattle,2071,Olumide Oyedeji,Olumide,,,3:52,0.0,0.0,0.0,0.0,0.0,0.0,1.0,1.0,1.0,0.0,1.0,1.0,0.0,0.0,0.0,0.0,0.0,1.0,6.0
0020000833,1610612760,SEA,Seattle,2106,Ruben Wolkowyski,Ruben,C,,6:33,0.0,0.0,0.0,0.0,0.0,0.0,1.0,2.0,0.5,2.0,0.0,2.0,0.0,0.0,0.0,0.0,0.0,1.0,7.0
0020000833,1610612760,SEA,Seattle,1335,,,, ,,,,,,,,,,,,,,,,,,,,
0020000833,1610612760,SEA,Seattle,1338,,,, ,,,,,,,,,,,,,,,,,,,,
0020000833,1610612760,SEA,Seattle,1349,,,, ,,,,,,,,,,,,,,,,,,,,
0020000833,1610612760,SEA,Seattle,1778,,,, ,,,,,,,,,,,,,,,,,,,,
0020000833,1610612760,SEA,Seattle,1023,Emanual Davis,Emanual,,DNP - Coach's Decision,,,,,,,,,,,,,,,,,,,,
0020000833,1610612739,CLE,Cleveland,1723,Matt Harpring,Matt,F,,30:19,4.0,9.0,0.444,0.0,0.0,0.0,3.0,5.0,0.6,1.0,5.0,6.0,4.0,0.0,1.0,2.0,4.0,11.0,-5.0
0020000833,1610612739,CLE,Cleveland,221,Clar. Weatherspoon,Clar.,F,,41:13,4.0,7.0,0.571,0.0,0.0,0.0,7.0,7.0,1.0,5.0,9.0,14.0,1.0,3.0,3.0,0.0,1.0,15.0,-3.0
0020000833,1610612739,CLE,Cleveland,2036,Chris Mihm,Chris,C,,20:04,2.0,6.0,0.333,0.0,0.0,0.0,3.0,4.0,0.75,0.0,5.0,5.0,0.0,1.0,0.0,0.0,2.0,7.0,7.0
0020000833,1610612739,CLE,Cleveland,1889,Andre Miller,Andre,G,,35:38,6.0,16.0,0.375,0.0,0.0,0.0,6.0,7.0,0.857,1.0,2.0,3.0,7.0,0.0,0.0,2.0,4.0,18.0,-4.0
0020000833,1610612739,CLE,Cleveland,754,Jim Jackson,Jim,G,,35:42,6.0,11.0,0.545,0.0,0.0,0.0,0.0,0.0,0.0,0.0,2.0,2.0,3.0,0.0,0.0,1.0,0.0,12.0,6.0
0020000833,1610612739,CLE,Cleveland,902,Bimbo Coles,Bimbo,G,,17:22,2.0,6.0,0.333,0.0,0.0,0.0,0.0,0.0,0.0,0.0,1.0,1.0,4.0,0.0,0.0,4.0,2.0,4.0,2.0
0020000833,1610612739,CLE,Cleveland,441,Lamond Murray,Lamond,G,,39:28,9.0,13.0,0.692,1.0,2.0,0.5,2.0,4.0,0.5,1.0,10.0,11.0,6.0,3.0,0.0,4.0,5.0,21.0,-9.0
0020000833,1610612739,CLE,Cleveland,1714,Robert Traylor,Robert,F,,12:29,2.0,5.0,0.4,0.0,0.0,0.0,0.0,0.0,0.0,0.0,1.0,1.0,0.0,0.0,0.0,2.0,5.0,4.0,2.0
0020000833,1610612739,CLE,Cleveland,423,Chris Gatling,Chris,F,,12:19,1.0,6.0,0.167,0.0,1.0,0.0,0.0,0.0,0.0,1.0,4.0,5.0,1.0,0.0,0.0,1.0,2.0,2.0,-5.0
0020000833,1610612739,CLE,Cleveland,445,Wesley Person,Wesley,G,,20:26,2.0,8.0,0.25,0.0,4.0,0.0,1.0,1.0,1.0,1.0,2.0,3.0,1.0,0.0,0.0,0.0,3.0,5.0,-1.0
0020000833,1610612739,CLE,Cleveland,1638,,,, ,,,,,,,,,,,,,,,,,,,,
0020000833,1610612739,CLE,Cleveland,2096,,,, ,,,,,,,,,,,,,,,,,,,,
0020000833,1610612739,CLE,Cleveland,2174,,,, ,,,,,,,,,,,,,,,,,,,,
0020000833,1610612739,CLE,Cleveland,1285,,,, ,,,,,,,,,,,,,,,,,,,,
0020000833,1610612739,CLE,Cleveland,1289,,,, ,,,,,,,,,,,,,,,,,,,,
0020000833,1610612739,CLE,Cleveland,1311,,,, ,,,,,,,,,,,,,,,,,,,,
0020000833,1610612739,CLE,Cleveland,2006,,,, ,,,,,,,,,,,,,,,,,,,,
0020000833,1610612739,CLE,Cleveland,1538,Cedric Henderson,Cedric,,DNP - Coach's Decision,,,,,,,,,,,,,,,,,,,,
0020000833,1610612739,CLE,Cleveland,1892,Trajan Langdon,Trajan,,DNP - Coach's Decision,,,,,,,,,,,,,,,,,,,,
0020000834,1610612745,HOU,Houston,1508,Maurice Taylor,Maurice,F,,32:38,6.0,14.0,0.429,0.0,0.0,0.0,2.0,2.0,1.0,2.0,3.0,5.0,5.0,2.0,0.0,1.0,2.0,14.0,16.0
0020000834,1610612745,HOU,Houston,1005,Walt Williams,Walt,G,,26:24,6.0,10.0,0.6,1.0,4.0,0.25,0.0,0.0,0.0,0.0,3.0,3.0,1.0,0.0,0.0,1.0,4.0,13.0,17.0
0020000834,1610612745,HOU,Houston,165,Hakeem Olajuwon,Hakeem,C,,25:31,5.0,10.0,0.5,0.0,0.0,0.0,3.0,4.0,0.75,2.0,4.0,6.0,0.0,1.0,1.0,1.0,0.0,13.0,12.0
0020000834,1610612745,HOU,Houston,1000,Shandon Anderson,Shandon,G,,39:46,8.0,14.0,0.571,1.0,3.0,0.333,4.0,4.0,1.0,2.0,6.0,8.0,5.0,1.0,1.0,1.0,5.0,21.0,25.0
0020000834,1610612745,HOU,Houston,1883,Steve Francis,Steve,G,,44:54,9.0,19.0,0.474,3.0,4.0,0.75,8.0,8.0,1.0,3.0,3.0,6.0,8.0,3.0,0.0,5.0,3.0,29.0,21.0
0020000834,1610612745,HOU,Houston,1903,Kenny Thomas,Kenny,G,,19:12,2.0,4.0,0.5,0.0,0.0,0.0,0.0,0.0,0.0,1.0,3.0,4.0,0.0,0.0,0.0,1.0,3.0,4.0,7.0
0020000834,1610612745,HOU,Houston,983,Moochie Norris,Moochie,G,,35:20,5.0,8.0,0.625,0.0,1.0,0.0,0.0,0.0,0.0,0.0,4.0,4.0,5.0,0.0,0.0,2.0,1.0,10.0,5.0
0020000834,1610612745,HOU,Houston,435,Carlos Rogers,Carlos,,,8:53,1.0,1.0,1.0,0.0,0.0,0.0,0.0,0.0,0.0,0.0,0.0,0.0,0.0,0.0,0.0,1.0,3.0,2.0,-8.0
0020000834,1610612745,HOU,Houston,2061,Dan Langhi,Dan,,,4:16,1.0,3.0,0.333,0.0,0.0,0.0,0.0,0.0,0.0,0.0,0.0,0.0,0.0,0.0,0.0,0.0,0.0,2.0,-6.0
0020000834,1610612745,HOU,Houston,2173,Sean Colson,Sean,,,3:06,0.0,0.0,0.0,0.0,0.0,0.0,0.0,0.0,0.0,0.0,0.0,0.0,0.0,0.0,0.0,0.0,0.0,0.0,-4.0
0020000834,1610612745,HOU,Houston,1997,,,, ,,,,,,,,,,,,,,,,,,,,
0020000834,1610612745,HOU,Houston,825,,,, ,,,,,,,,,,,,,,,,,,,,
0020000834,1610612745,HOU,Houston,1255,,,, ,,,,,,,,,,,,,,,,,,,,
0020000834,1610612745,HOU,Houston,1256,,,, ,,,,,,,,,,,,,,,,,,,,
0020000834,1610612745,HOU,Houston,1257,,,, ,,,,,,,,,,,,,,,,,,,,
0020000834,1610612745,HOU,Houston,1258,,,, ,,,,,,,,,,,,,,,,,,,,
0020000834,1610612745,HOU,Houston,1509,Kelvin Cato,Kelvin,,DNP - Coach's Decision,,,,,,,,,,,,,,,,,,,,
0020000834,1610612745,HOU,Houston,1749,Cuttino Mobley,Cuttino,,DNP - Coach's Decision,,,,,,,,,,,,,,,,,,,,
0020000834,1610612749,MIL,Milwaukee,679,Jason Caffey,Jason,G,,20:34,2.0,3.0,0.667,0.0,0.0,0.0,1.0,2.0,0.5,2.0,5.0,7.0,2.0,0.0,0.0,2.0,1.0,5.0,-13.0
0020000834,1610612749,MIL,Milwaukee,299,Glenn Robinson,Glenn,F,,38:40,9.0,20.0,0.45,1.0,3.0,0.333,0.0,0.0,0.0,0.0,1.0,1.0,2.0,1.0,2.0,4.0,2.0,19.0,-15.0
0020000834,1610612749,MIL,Milwaukee,281,Scott Williams,Scott,G,,19:04,2.0,7.0,0.286,0.0,0.0,0.0,2.0,2.0,1.0,1.0,6.0,7.0,1.0,1.0,0.0,1.0,2.0,6.0,-6.0
0020000834,1610612749,MIL,Milwaukee,951,Ray Allen,Ray,G,,34:06,6.0,15.0,0.4,1.0,6.0,0.167,2.0,2.0,1.0,3.0,3.0,6.0,5.0,1.0,0.0,3.0,2.0,15.0,-12.0
0020000834,1610612749,MIL,Milwaukee,208,Sam Cassell,Sam,G,,43:45,8.0,15.0,0.533,0.0,0.0,0.0,7.0,8.0,0.875,0.0,3.0,3.0,9.0,2.0,0.0,2.0,4.0,23.0,-23.0
0020000834,1610612749,MIL,Milwaukee,283,Lindsey Hunter,Lindsey,F,,27:09,4.0,13.0,0.308,1.0,7.0,0.143,0.0,0.0,0.0,1.0,1.0,2.0,1.0,2.0,2.0,1.0,2.0,9.0,-14.0
0020000834,1610612749,MIL,Milwaukee,911,Ervin Johnson,Ervin,G,,20:56,2.0,2.0,1.0,0.0,0.0,0.0,1.0,2.0,0.5,1.0,5.0,6.0,0.0,0.0,1.0,0.0,1.0,5.0,-9.0
0020000834,1610612749,MIL,Milwaukee,1032,Darvin Ham,Darvin,C,,26:28,3.0,4.0,0.75,0.0,0.0,0.0,1.0,2.0,0.5,3.0,0.0,3.0,1.0,1.0,0.0,2.0,5.0,7.0,-5.0
0020000834,1610612749,MIL,Milwaukee,2038,Joel Przybilla,Joel,,,3:06,1.0,1.0,1.0,0.0,0.0,0.0,0.0,0.0,0.0,2.0,1.0,3.0,0.0,0.0,2.0,0.0,0.0,2.0,4.0
0020000834,1610612749,MIL,Milwaukee,1747,Rafer Alston,Rafer,,,3:06,0.0,1.0,0.0,0.0,0.0,0.0,0.0,0.0,0.0,0.0,2.0,2.0,1.0,0.0,0.0,0.0,0.0,0.0,4.0
0020000834,1610612749,MIL,Milwaukee,998,Mark Pope,Mark,,,3:06,0.0,1.0,0.0,0.0,0.0,0.0,0.0,0.0,0.0,1.0,0.0,1.0,0.0,0.0,0.0,0.0,0.0,0.0,4.0
0020000834,1610612749,MIL,Milwaukee,1334,,,, ,,,,,,,,,,,,,,,,,,,,
0020000834,1610612749,MIL,Milwaukee,1337,,,, ,,,,,,,,,,,,,,,,,,,,
0020000834,1610612749,MIL,Milwaukee,1355,,,, ,,,,,,,,,,,,,,,,,,,,
0020000834,1610612749,MIL,Milwaukee,1796,,,, ,,,,,,,,,,,,,,,,,,,,
0020000834,1610612749,MIL,Milwaukee,1797,,,, ,,,,,,,,,,,,,,,,,,,,
0020000834,1610612749,MIL,Milwaukee,2157,,,, ,,,,,,,,,,,,,,,,,,,,
0020000834,1610612749,MIL,Milwaukee,1501,Tim Thomas,Tim,,DND - Sore lower back,,,,,,,,,,,,,,,,,,,,
0020000835,1610612756,PHX,Phoenix,915,Rodney Rogers,Rodney,G,,25:50,0.0,6.0,0.0,0.0,0.0,0.0,1.0,2.0,0.5,2.0,5.0,7.0,1.0,1.0,2.0,3.0,3.0,1.0,-11.0
0020000835,1610612756,PHX,Phoenix,361,Clifford Robinson,Clifford,F,,27:21,4.0,11.0,0.364,3.0,5.0,0.6,1.0,2.0,0.5,0.0,3.0,3.0,0.0,0.0,0.0,2.0,4.0,12.0,-14.0
0020000835,1610612756,PHX,Phoenix,2054,Jake Tsakalidis,Jake,C,,24:07,0.0,4.0,0.0,0.0,0.0,0.0,0.0,0.0,0.0,3.0,1.0,4.0,0.0,0.0,3.0,1.0,3.0,0.0,-13.0
0020000835,1610612756,PHX,Phoenix,467,Jason Kidd,Jason,G,,36:58,3.0,17.0,0.176,0.0,2.0,0.0,1.0,2.0,0.5,3.0,4.0,7.0,7.0,1.0,0.0,3.0,3.0,7.0,-28.0
0020000835,1610612756,PHX,Phoenix,53,Mario Elie,Mario,G,,14:54,2.0,2.0,1.0,1.0,1.0,1.0,0.0,0.0,0.0,0.0,1.0,1.0,0.0,0.0,0.0,0.0,2.0,5.0,0.0
0020000835,1610612756,PHX,Phoenix,960,Tony Delk,Tony,G,,36:35,6.0,21.0,0.286,0.0,2.0,0.0,6.0,6.0,1.0,3.0,4.0,7.0,2.0,1.0,1.0,1.0,2.0,18.0,-23.0
0020000835,1610612756,PHX,Phoenix,339,Tom Gugliotta,Tom,G,,24:50,3.0,9.0,0.333,0.0,0.0,0.0,2.0,2.0,1.0,1.0,5.0,6.0,1.0,1.0,0.0,3.0,3.0,8.0,-1.0
0020000835,1610612756,PHX,Phoenix,2091,Daniel Santiago,Daniel,F,,17:21,1.0,4.0,0.25,0.0,0.0,0.0,0.0,0.0,0.0,1.0,2.0,3.0,1.0,0.0,1.0,0.0,2.0,2.0,-2.0
0020000835,1610612756,PHX,Phoenix,219,Vinny Del Negro,Vinny,F,,25:28,6.0,7.0,0.857,0.0,0.0,0.0,2.0,2.0,1.0,0.0,1.0,1.0,0.0,1.0,0.0,1.0,1.0,14.0,-8.0
0020000835,1610612756,PHX,Phoenix,201,Chris Dudley,Chris,,,3:18,0.0,0.0,0.0,0.0,0.0,0.0,0.0,0.0,0.0,1.0,0.0,1.0,0.0,0.0,1.0,0.0,0.0,0.0,0.0
0020000835,1610612756,PHX,Phoenix,386,Elliot Perry,Elliot,,,3:18,2.0,3.0,0.667,0.0,0.0,0.0,0.0,0.0,0.0,1.0,0.0,1.0,0.0,0.0,0.0,0.0,0.0,4.0,0.0
0020000835,1610612756,PHX,Phoenix,2008,,,, ,,,,,,,,,,,,,,,,,,,,
0020000835,1610612756,PHX,Phoenix,2015,,,, ,,,,,,,,,,,,,,,,,,,,
0020000835,1610612756,PHX,Phoenix,2160,,,, ,,,,,,,,,,,,,,,,,,,,
0020000835,1610612756,PHX,Phoenix,2161,,,, ,,,,,,,,,,,,,,,,,,,,
0020000835,1610612756,PHX,Phoenix,1227,,,, ,,,,,,,,,,,,,,,,,,,,
0020000835,1610612756,PHX,Phoenix,1653,,,, ,,,,,,,,,,,,,,,,,,,,
0020000835,1610612756,PHX,Phoenix,1654,,,, ,,,,,,,,,,,,,,,,,,,,
0020000835,1610612756,PHX,Phoenix,1890,Shawn Marion,Shawn,,DND - Grade 3 concussion.,,,,,,,,,,,,,,,,,,,,
0020000835,1610612759,SAS,San Antonio,251,Sean Elliott,Sean,F,,23:12,3.0,8.0,0.375,1.0,3.0,0.333,0.0,2.0,0.0,2.0,3.0,5.0,0.0,0.0,2.0,0.0,0.0,7.0,16.0
0020000835,1610612759,SAS,San Antonio,1495,Tim Duncan,Tim,F,,32:18,11.0,22.0,0.5,0.0,0.0,0.0,3.0,4.0,0.75,3.0,7.0,10.0,0.0,1.0,2.0,2.0,4.0,25.0,26.0
0020000835,1610612759,SAS,San Antonio,764,David Robinson,David,G,,38:03,6.0,9.0,0.667,0.0,0.0,0.0,5.0,6.0,0.833,4.0,7.0,11.0,1.0,1.0,4.0,1.0,1.0,17.0,20.0
0020000835,1610612759,SAS,San Antonio,345,Terry Porter,Terry,G,,36:10,4.0,7.0,0.571,0.0,1.0,0.0,5.0,5.0,1.0,1.0,4.0,5.0,9.0,3.0,0.0,3.0,0.0,13.0,28.0
0020000835,1610612759,SAS,San Antonio,1507,Derek Anderson,Derek,G,,26:37,3.0,8.0,0.375,0.0,1.0,0.0,0.0,0.0,0.0,0.0,8.0,8.0,0.0,0.0,0.0,2.0,4.0,6.0,5.0
0020000835,1610612759,SAS,San Antonio,955,Samaki Walker,Samaki,G,,14:41,0.0,2.0,0.0,0.0,0.0,0.0,0.0,0.0,0.0,0.0,2.0,2.0,0.0,1.0,0.0,0.0,1.0,0.0,-10.0
0020000835,1610612759,SAS,San Antonio,198,Danny Ferry,Danny,G,,20:49,3.0,7.0,0.429,0.0,2.0,0.0,0.0,0.0,0.0,0.0,1.0,1.0,1.0,0.0,0.0,1.0,1.0,6.0,0.0
0020000835,1610612759,SAS,San Antonio,1498,Antonio Daniels,Antonio,F,,22:50,3.0,6.0,0.5,0.0,1.0,0.0,1.0,1.0,1.0,0.0,3.0,3.0,4.0,1.0,0.0,2.0,1.0,7.0,4.0
0020000835,1610612759,SAS,San Antonio,422,Avery Johnson,Avery,F,,13:07,3.0,5.0,0.6,0.0,0.0,0.0,0.0,0.0,0.0,0.0,1.0,1.0,7.0,0.0,0.0,1.0,3.0,6.0,2.0
0020000835,1610612759,SAS,San Antonio,1760,Derrick Dial,Derrick,,,12:14,2.0,8.0,0.25,0.0,1.0,0.0,0.0,0.0,0.0,2.0,4.0,6.0,1.0,0.0,1.0,1.0,1.0,4.0,9.0
0020000835,1610612759,SAS,San Antonio,1264,,,, ,,,,,,,,,,,,,,,,,,,,
0020000835,1610612759,SAS,San Antonio,1331,,,, ,,,,,,,,,,,,,,,,,,,,
0020000835,1610612759,SAS,San Antonio,1371,,,, ,,,,,,,,,,,,,,,,,,,,
0020000835,1610612759,SAS,San Antonio,1658,,,, ,,,,,,,,,,,,,,,,,,,,
0020000835,1610612759,SAS,San Antonio,873,,,, ,,,,,,,,,,,,,,,,,,,,
0020000835,1610612759,SAS,San Antonio,1114,Jaren Jackson,Jaren,,DNP - Coach's Decision,,,,,,,,,,,,,,,,,,,,
0020000835,1610612759,SAS,San Antonio,70,Steve Kerr,Steve,,DNP - Coach's Decision,,,,,,,,,,,,,,,,,,,,
0020000832,1610612738,BOS,Boston,1718,Paul Pierce,Paul,G,,37:46,9.0,20.0,0.45,2.0,5.0,0.4,3.0,4.0,0.75,2.0,5.0,7.0,5.0,0.0,2.0,3.0,5.0,23.0,-1.0
0020000832,1610612738,BOS,Boston,952,Antoine Walker,Antoine,F,,44:36,5.0,19.0,0.263,2.0,11.0,0.182,3.0,6.0,0.5,1.0,9.0,10.0,5.0,2.0,2.0,3.0,3.0,15.0,-9.0
0020000832,1610612738,BOS,Boston,1548,Mark Blount,Mark,F,,27:04,4.0,5.0,0.8,0.0,0.0,0.0,0.0,0.0,0.0,4.0,3.0,7.0,0.0,1.0,1.0,2.0,2.0,8.0,0.0
0020000832,1610612738,BOS,Boston,753,Randy Brown,Randy,G,,34:59,1.0,6.0,0.167,0.0,0.0,0.0,0.0,4.0,0.0,0.0,1.0,1.0,3.0,0.0,1.0,2.0,0.0,2.0,5.0
0020000832,1610612738,BOS,Boston,179,Bryant Stith,Bryant,G,,35:04,2.0,9.0,0.222,2.0,7.0,0.286,1.0,2.0,0.5,2.0,2.0,4.0,3.0,3.0,0.0,1.0,4.0,7.0,-14.0
0020000832,1610612738,BOS,Boston,1960,Milt Palacio,Milt,C,,14:02,2.0,3.0,0.667,1.0,1.0,1.0,1.0,2.0,0.5,0.0,1.0,1.0,4.0,0.0,0.0,2.0,4.0,6.0,-17.0
0020000832,1610612738,BOS,Boston,958,Vitaly Potapenko,Vitaly,C,,20:54,3.0,4.0,0.75,0.0,0.0,0.0,0.0,0.0,0.0,3.0,4.0,7.0,0.0,0.0,0.0,1.0,0.0,6.0,-5.0
0020000832,1610612738,BOS,Boston,677,Eric Williams,Eric,G,,25:10,4.0,8.0,0.5,3.0,4.0,0.75,10.0,12.0,0.833,1.0,0.0,1.0,1.0,0.0,0.0,1.0,3.0,21.0,4.0
0020000832,1610612738,BOS,Boston,713,Chris Carr,Chris,,,0:25,0.0,0.0,0.0,0.0,0.0,0.0,0.0,0.0,0.0,0.0,0.0,0.0,0.0,0.0,0.0,0.0,0.0,0.0,2.0
0020000832,1610612738,BOS,Boston,1875,,,, ,,,,,,,,,,,,,,,,,,,,
0020000832,1610612738,BOS,Boston,1213,,,, ,,,,,,,,,,,,,,,,,,,,
0020000832,1610612738,BOS,Boston,1639,,,, ,,,,,,,,,,,,,,,,,,,,
0020000832,1610612738,BOS,Boston,1641,,,, ,,,,,,,,,,,,,,,,,,,,
0020000832,1610612738,BOS,Boston,1559,Adrian Griffin,Adrian,,DNP - Coach's Decision,,,,,,,,,,,,,,,,,,,,
0020000832,1610612738,BOS,Boston,1914,Chris Herren,Chris,,DNP - Coach's Decision,,,,,,,,,,,,,,,,,,,,
0020000832,1610612738,BOS,Boston,962,Walter McCarty,Walter,,DNP - Coach's Decision,,,,,,,,,,,,,,,,,,,,
0020000832,1610612752,NYK,New York,913,Larry Johnson,Larry,F,,35:04,7.0,16.0,0.438,2.0,6.0,0.333,5.0,6.0,0.833,3.0,7.0,10.0,0.0,0.0,0.0,0.0,4.0,21.0,9.0
0020000832,1610612752,NYK,New York,84,Latrell Sprewell,Latrell,G,,41:42,6.0,17.0,0.353,1.0,3.0,0.333,0.0,0.0,0.0,1.0,4.0,5.0,5.0,2.0,0.0,2.0,3.0,13.0,15.0
0020000832,1610612752,NYK,New York,948,Marcus Camby,Marcus,G,,39:24,10.0,18.0,0.556,0.0,1.0,0.0,7.0,7.0,1.0,4.0,13.0,17.0,3.0,0.0,3.0,2.0,1.0,27.0,3.0
0020000832,1610612752,NYK,New York,275,Allan Houston,Allan,G,,24:35,3.0,8.0,0.375,1.0,2.0,0.5,1.0,1.0,1.0,1.0,2.0,3.0,1.0,0.0,0.0,2.0,4.0,8.0,0.0
0020000832,1610612752,NYK,New York,349,Mark Jackson,Mark,G,,28:21,1.0,8.0,0.125,0.0,2.0,0.0,0.0,0.0,0.0,0.0,1.0,1.0,9.0,3.0,0.0,1.0,2.0,2.0,4.0
0020000832,1610612752,NYK,New York,779,Glen Rice,Glen,F,,29:14,1.0,4.0,0.25,1.0,2.0,0.5,0.0,0.0,0.0,0.0,2.0,2.0,3.0,0.0,1.0,2.0,5.0,3.0,1.0
0020000832,1610612752,NYK,New York,703,Kurt Thomas,Kurt,F,,21:32,6.0,9.0,0.667,0.0,1.0,0.0,4.0,4.0,1.0,3.0,1.0,4.0,0.0,1.0,0.0,2.0,4.0,16.0,2.0
0020000832,1610612752,NYK,New York,369,Charlie Ward,Charlie,G,,19:39,1.0,4.0,0.25,0.0,0.0,0.0,3.0,3.0,1.0,0.0,1.0,1.0,3.0,3.0,0.0,0.0,2.0,5.0,3.0
0020000832,1610612752,NYK,New York,1594,Rick Brunson,Rick,,,0:29,0.0,0.0,0.0,0.0,0.0,0.0,0.0,0.0,0.0,0.0,0.0,0.0,0.0,0.0,0.0,0.0,0.0,0.0,-2.0
0020000832,1610612752,NYK,New York,2167,,,, ,,,,,,,,,,,,,,,,,,,,
0020000832,1610612752,NYK,New York,2168,,,, ,,,,,,,,,,,,,,,,,,,,
0020000832,1610612752,NYK,New York,1790,,,, ,,,,,,,,,,,,,,,,,,,,
0020000832,1610612752,NYK,New York,1791,,,, ,,,,,,,,,,,,,,,,,,,,
0020000832,1610612752,NYK,New York,1297,,,, ,,,,,,,,,,,,,,,,,,,,
0020000832,1610612752,NYK,New York,1298,,,, ,,,,,,,,,,,,,,,,,,,,
0020000832,1610612752,NYK,New York,1300,,,, ,,,,,,,,,,,,,,,,,,,,
0020000832,1610612752,NYK,New York,1301,,,, ,,,,,,,,,,,,,,,,,,,,
0020000832,1610612752,NYK,New York,1302,,,, ,,,,,,,,,,,,,,,,,,,,
0020000832,1610612752,NYK,New York,970,Othella Harrington,Othella,,DNP - Coach's Decision,,,,,,,,,,,,,,,,,,,,
0020000832,1610612752,NYK,New York,26,Luc Longley,Luc,,DNP - Coach's Decision,,,,,,,,,,,,,,,,,,,,
0020000832,1610612752,NYK,New York,2068,Lavor Postell,Lavor,,DNP - Coach's Decision,,,,,,,,,,,,,,,,,,,,
0020000846,1610612758,SAC,Sacramento,978,Peja Stojakovic,Peja,G,,43:42,13.0,20.0,0.65,4.0,5.0,0.8,1.0,2.0,0.5,0.0,3.0,3.0,2.0,0.0,0.0,3.0,2.0,31.0,2.0
0020000846,1610612758,SAC,Sacramento,1513,Scot Pollard,Scot,G,,42:41,4.0,8.0,0.5,0.0,0.0,0.0,7.0,7.0,1.0,4.0,14.0,18.0,1.0,0.0,1.0,1.0,3.0,15.0,3.0
0020000846,1610612758,SAC,Sacramento,124,Vlade Divac,Vlade,F,,37:14,4.0,14.0,0.286,0.0,1.0,0.0,4.0,6.0,0.667,1.0,4.0,5.0,5.0,0.0,1.0,4.0,5.0,12.0,0.0
0020000846,1610612758,SAC,Sacramento,1715,Jason Williams,Jason,G,,32:35,1.0,5.0,0.2,0.0,1.0,0.0,2.0,2.0,1.0,0.0,2.0,2.0,3.0,1.0,0.0,0.0,2.0,4.0,8.0
0020000846,1610612758,SAC,Sacramento,57,Doug Christie,Doug,G,,40:51,3.0,11.0,0.273,0.0,3.0,0.0,5.0,5.0,1.0,1.0,2.0,3.0,2.0,0.0,1.0,3.0,2.0,11.0,-6.0
0020000846,1610612758,SAC,Sacramento,2045,Hedo Turkoglu,Hedo,C,,12:01,1.0,3.0,0.333,0.0,0.0,0.0,0.0,0.0,0.0,1.0,0.0,1.0,0.0,0.0,0.0,1.0,2.0,2.0,-12.0
0020000846,1610612758,SAC,Sacramento,1444,Lawrence Funderburke,Lawrence,G,,15:31,2.0,3.0,0.667,0.0,0.0,0.0,2.0,2.0,1.0,2.0,4.0,6.0,0.0,0.0,0.0,3.0,0.0,6.0,-15.0
0020000846,1610612758,SAC,Sacramento,1517,Bobby Jackson,Bobby,G,,15:25,0.0,5.0,0.0,0.0,1.0,0.0,0.0,0.0,0.0,0.0,3.0,3.0,0.0,1.0,0.0,1.0,3.0,0.0,-15.0
0020000846,1610612758,SAC,Sacramento,1775,,,, ,,,,,,,,,,,,,,,,,,,,
0020000846,1610612758,SAC,Sacramento,1322,,,, ,,,,,,,,,,,,,,,,,,,,
0020000846,1610612758,SAC,Sacramento,1327,,,, ,,,,,,,,,,,,,,,,,,,,
0020000846,1610612758,SAC,Sacramento,1328,,,, ,,,,,,,,,,,,,,,,,,,,
0020000846,1610612758,SAC,Sacramento,1248,,,, ,,,,,,,,,,,,,,,,,,,,
0020000846,1610612758,SAC,Sacramento,1249,,,, ,,,,,,,,,,,,,,,,,,,,
0020000846,1610612758,SAC,Sacramento,1609,Art Long,Art,,DNP - Coach's Decision,,,,,,,,,,,,,,,,,,,,
0020000846,1610612758,SAC,Sacramento,239,Darrick Martin,Darrick,,DNP - Coach's Decision,,,,,,,,,,,,,,,,,,,,
0020000846,1610612758,SAC,Sacramento,2074,Jabari Smith,Jabari,,DNP - Coach's Decision,,,,,,,,,,,,,,,,,,,,
0020000846,1610612758,SAC,Sacramento,185,Chris Webber,Chris,,DND - Sprained left ankle.,,,,,,,,,,,,,,,,,,,,
0020000846,1610612746,LAC,Los Angeles,1885,Lamar Odom,Lamar,G,,33:34,4.0,15.0,0.267,1.0,3.0,0.333,2.0,2.0,1.0,2.0,9.0,11.0,5.0,1.0,1.0,2.0,4.0,11.0,1.0
0020000846,1610612746,LAC,Los Angeles,685,Cherokee Parks,Cherokee,F,,26:32,4.0,8.0,0.5,0.0,0.0,0.0,0.0,0.0,0.0,3.0,9.0,12.0,1.0,1.0,0.0,2.0,0.0,8.0,-3.0
0020000846,1610612746,LAC,Los Angeles,1709,Michael Olowokandi,Michael,G,,23:43,3.0,5.0,0.6,0.0,0.0,0.0,0.0,2.0,0.0,1.0,1.0,2.0,0.0,1.0,1.0,4.0,3.0,6.0,-8.0
0020000846,1610612746,LAC,Los Angeles,976,Jeff McInnis,Jeff,G,,32:39,4.0,10.0,0.4,0.0,0.0,0.0,0.0,1.0,0.0,0.0,1.0,1.0,1.0,3.0,0.0,1.0,1.0,8.0,-4.0
0020000846,1610612746,LAC,Los Angeles,15,Eric Piatkowski,Eric,G,,29:31,4.0,10.0,0.4,2.0,4.0,0.5,1.0,1.0,1.0,1.0,3.0,4.0,2.0,0.0,0.0,1.0,1.0,11.0,-4.0
0020000846,1610612746,LAC,Los Angeles,399,Sean Rooks,Sean,F,,24:17,2.0,5.0,0.4,0.0,0.0,0.0,1.0,2.0,0.5,2.0,5.0,7.0,1.0,0.0,3.0,0.0,4.0,5.0,15.0
0020000846,1610612746,LAC,Los Angeles,2032,Darius Miles,Darius,G,,21:07,2.0,5.0,0.4,0.0,0.0,0.0,0.0,2.0,0.0,4.0,2.0,6.0,0.0,1.0,2.0,1.0,1.0,4.0,9.0
0020000846,1610612746,LAC,Los Angeles,1894,Corey Maggette,Corey,F,,23:26,7.0,14.0,0.5,1.0,2.0,0.5,8.0,9.0,0.889,2.0,1.0,3.0,2.0,0.0,1.0,1.0,1.0,23.0,9.0
0020000846,1610612746,LAC,Los Angeles,2047,Quentin Richardson,Quentin,,,9:50,2.0,6.0,0.333,1.0,2.0,0.5,0.0,0.0,0.0,2.0,1.0,3.0,1.0,0.0,0.0,0.0,0.0,5.0,9.0
0020000846,1610612746,LAC,Los Angeles,2039,Keyon Dooling,Keyon,C,,15:21,3.0,6.0,0.5,1.0,2.0,0.5,0.0,0.0,0.0,0.0,0.0,0.0,2.0,1.0,0.0,0.0,0.0,7.0,11.0
0020000846,1610612746,LAC,Los Angeles,2010,,,, ,,,,,,,,,,,,,,,,,,,,
0020000846,1610612746,LAC,Los Angeles,1210,,,, ,,,,,,,,,,,,,,,,,,,,
0020000846,1610612746,LAC,Los Angeles,1243,,,, ,,,,,,,,,,,,,,,,,,,,
0020000846,1610612746,LAC,Los Angeles,1246,,,, ,,,,,,,,,,,,,,,,,,,,
0020000846,1610612746,LAC,Los Angeles,1284,,,, ,,,,,,,,,,,,,,,,,,,,
0020000846,1610612746,LAC,Los Angeles,1351,,,, ,,,,,,,,,,,,,,,,,,,,
0020000846,1610612746,LAC,Los Angeles,1672,,,, ,,,,,,,,,,,,,,,,,,,,
0020000846,1610612746,LAC,Los Angeles,2166,,,, ,,,,,,,,,,,,,,,,,,,,
0020000846,1610612746,LAC,Los Angeles,1730,Brian Skinner,Brian,,DNP - Coach's Decision,,,,,,,,,,,,,,,,,,,,
0020000846,1610612746,LAC,Los Angeles,400,Derek Strong,Derek,,DNP - Coach's Decision,,,,,,,,,,,,,,,,,,,,
0020000843,1610612760,SEA,Seattle,1740,Rashard Lewis,Rashard,F,,43:12,8.0,15.0,0.533,1.0,3.0,0.333,1.0,2.0,0.5,1.0,6.0,7.0,0.0,0.0,0.0,0.0,2.0,18.0,1.0
0020000843,1610612760,SEA,Seattle,1741,Jelani McCoy,Jelani,F,,23:54,3.0,4.0,0.75,0.0,0.0,0.0,1.0,2.0,0.5,3.0,6.0,9.0,2.0,1.0,2.0,0.0,4.0,7.0,15.0
0020000843,1610612760,SEA,Seattle,121,Patrick Ewing,Patrick,C,,36:50,4.0,12.0,0.333,0.0,0.0,0.0,2.0,4.0,0.5,2.0,6.0,8.0,2.0,0.0,0.0,2.0,4.0,10.0,13.0
0020000843,1610612760,SEA,Seattle,2046,Desmond Mason,Desmond,G,,37:26,4.0,7.0,0.571,0.0,0.0,0.0,0.0,0.0,0.0,3.0,3.0,6.0,0.0,0.0,0.0,0.0,2.0,8.0,7.0
0020000843,1610612760,SEA,Seattle,56,Gary Payton,Gary,G,,46:28,11.0,27.0,0.407,1.0,6.0,0.167,3.0,4.0,0.75,0.0,4.0,4.0,10.0,1.0,0.0,2.0,3.0,26.0,8.0
0020000843,1610612760,SEA,Seattle,1739,Ruben Patterson,Ruben,G,,25:36,3.0,9.0,0.333,0.0,0.0,0.0,3.0,6.0,0.5,4.0,0.0,4.0,1.0,0.0,1.0,1.0,4.0,9.0,-20.0
0020000843,1610612760,SEA,Seattle,1742,Shammond Williams,Shammond,F,,17:09,2.0,5.0,0.4,1.0,1.0,1.0,3.0,4.0,0.75,0.0,1.0,1.0,1.0,0.0,0.0,1.0,2.0,8.0,-4.0
0020000843,1610612760,SEA,Seattle,2106,Ruben Wolkowyski,Ruben,G,,9:25,0.0,2.0,0.0,0.0,0.0,0.0,0.0,0.0,0.0,1.0,1.0,2.0,0.0,0.0,1.0,0.0,2.0,0.0,-5.0
0020000843,1610612760,SEA,Seattle,1335,,,, ,,,,,,,,,,,,,,,,,,,,
0020000843,1610612760,SEA,Seattle,1338,,,, ,,,,,,,,,,,,,,,,,,,,
0020000843,1610612760,SEA,Seattle,1349,,,, ,,,,,,,,,,,,,,,,,,,,
0020000843,1610612760,SEA,Seattle,1778,,,, ,,,,,,,,,,,,,,,,,,,,
0020000843,1610612760,SEA,Seattle,452,Vin Baker,Vin,,DND - Contusion Lt. Hand,,,,,,,,,,,,,,,,,,,,
0020000843,1610612760,SEA,Seattle,699,Brent Barry,Brent,,DNP - Coach's Decision,,,,,,,,,,,,,,,,,,,,
0020000843,1610612760,SEA,Seattle,1023,Emanual Davis,Emanual,,DNP - Coach's Decision,,,,,,,,,,,,,,,,,,,,
0020000843,1610612760,SEA,Seattle,2071,Olumide Oyedeji,Olumide,,DNP - Coach's Decision,,,,,,,,,,,,,,,,,,,,
0020000843,1610612754,IND,Indiana,1733,Al Harrington,Al,F,,25:35,2.0,7.0,0.286,0.0,1.0,0.0,1.0,3.0,0.333,2.0,0.0,2.0,1.0,0.0,0.0,1.0,1.0,5.0,-13.0
0020000843,1610612754,IND,Indiana,979,Jermaine O'Neal,Jermaine,G,,38:36,6.0,12.0,0.5,0.0,1.0,0.0,2.0,3.0,0.667,3.0,6.0,9.0,2.0,0.0,5.0,1.0,1.0,14.0,6.0
0020000843,1610612754,IND,Indiana,440,Zan Tabak,Zan,C,,19:59,2.0,5.0,0.4,0.0,0.0,0.0,1.0,2.0,0.5,3.0,3.0,6.0,1.0,0.0,1.0,1.0,4.0,5.0,-18.0
0020000843,1610612754,IND,Indiana,397,Reggie Miller,Reggie,G,,44:46,6.0,14.0,0.429,3.0,9.0,0.333,5.0,6.0,0.833,0.0,2.0,2.0,4.0,0.0,1.0,2.0,5.0,20.0,1.0
0020000843,1610612754,IND,Indiana,147,Jalen Rose,Jalen,G,,46:38,9.0,23.0,0.391,2.0,6.0,0.333,4.0,4.0,1.0,1.0,3.0,4.0,11.0,1.0,1.0,2.0,4.0,24.0,0.0
0020000843,1610612754,IND,Indiana,365,Derrick McKey,Derrick,C,,31:25,1.0,2.0,0.5,1.0,1.0,1.0,0.0,0.0,0.0,2.0,6.0,8.0,2.0,2.0,3.0,1.0,5.0,3.0,9.0
0020000843,1610612754,IND,Indiana,64,Sam Perkins,Sam,G,,6:01,0.0,1.0,0.0,0.0,1.0,0.0,0.0,0.0,0.0,1.0,3.0,4.0,0.0,0.0,0.0,0.0,1.0,0.0,-1.0
0020000843,1610612754,IND,Indiana,1506,Austin Croshere,Austin,F,,20:34,4.0,8.0,0.5,0.0,3.0,0.0,2.0,4.0,0.5,1.0,2.0,3.0,2.0,0.0,0.0,1.0,1.0,10.0,9.0
0020000843,1610612754,IND,Indiana,1902,Jeff Foster,Jeff,,,6:25,1.0,1.0,1.0,0.0,0.0,0.0,0.0,0.0,0.0,0.0,1.0,1.0,0.0,0.0,1.0,1.0,3.0,2.0,-8.0
0020000843,1610612754,IND,Indiana,2099,,,, ,,,,,,,,,,,,,,,,,,,,
0020000843,1610612754,IND,Indiana,2100,,,, ,,,,,,,,,,,,,,,,,,,,
0020000843,1610612754,IND,Indiana,2165,,,, ,,,,,,,,,,,,,,,,,,,,
0020000843,1610612754,IND,Indiana,1857,,,, ,,,,,,,,,,,,,,,,,,,,
0020000843,1610612754,IND,Indiana,1263,,,, ,,,,,,,,,,,,,,,,,,,,
0020000843,1610612754,IND,Indiana,1299,,,, ,,,,,,,,,,,,,,,,,,,,
0020000843,1610612754,IND,Indiana,1306,,,, ,,,,,,,,,,,,,,,,,,,,
0020000843,1610612754,IND,Indiana,1886,Jonathan Bender,Jonathan,,DNP - Coach's Decision,,,,,,,,,,,,,,,,,,,,
0020000843,1610612754,IND,Indiana,696,Travis Best,Travis,,DNP - Coach's Decision,,,,,,,,,,,,,,,,,,,,
0020000843,1610612754,IND,Indiana,1743,Bruno Sundov,Bruno,,DNP - Coach's Decision,,,,,,,,,,,,,,,,,,,,
0020000845,1610612750,MIN,Minnesota,1887,Wally Szczerbiak,Wally,F,,29:16,3.0,9.0,0.333,0.0,0.0,0.0,1.0,1.0,1.0,4.0,2.0,6.0,4.0,1.0,2.0,1.0,3.0,7.0,11.0
0020000845,1610612750,MIN,Minnesota,708,Kevin Garnett,Kevin,F,,35:25,9.0,14.0,0.643,0.0,1.0,0.0,6.0,8.0,0.75,2.0,12.0,14.0,4.0,0.0,2.0,2.0,1.0,24.0,28.0
0020000845,1610612750,MIN,Minnesota,1073,Reggie Slater,Reggie,G,,19:01,4.0,9.0,0.444,0.0,0.0,0.0,0.0,0.0,0.0,0.0,4.0,4.0,0.0,1.0,0.0,0.0,4.0,8.0,15.0
0020000845,1610612750,MIN,Minnesota,210,Terrell Brandon,Terrell,G,,32:42,3.0,11.0,0.273,0.0,0.0,0.0,2.0,2.0,1.0,2.0,3.0,5.0,5.0,0.0,1.0,2.0,1.0,8.0,13.0
0020000845,1610612750,MIN,Minnesota,324,Anthony Peeler,Anthony,G,,20:52,2.0,5.0,0.4,1.0,3.0,0.333,4.0,4.0,1.0,2.0,1.0,3.0,1.0,2.0,0.0,4.0,0.0,9.0,12.0
0020000845,1610612750,MIN,Minnesota,111,LaPhonso Ellis,LaPhonso,G,,17:18,2.0,3.0,0.667,0.0,0.0,0.0,1.0,2.0,0.5,3.0,2.0,5.0,2.0,1.0,2.0,1.0,5.0,5.0,-16.0
0020000845,1610612750,MIN,Minnesota,1497,Chauncey Billups,Chauncey,G,,27:08,1.0,8.0,0.125,0.0,3.0,0.0,5.0,6.0,0.833,0.0,5.0,5.0,4.0,0.0,1.0,3.0,3.0,7.0,6.0
0020000845,1610612750,MIN,Minnesota,1051,Dean Garrett,Dean,F,,20:16,5.0,6.0,0.833,0.0,0.0,0.0,0.0,0.0,0.0,2.0,3.0,5.0,1.0,4.0,3.0,0.0,0.0,10.0,17.0
0020000845,1610612750,MIN,Minnesota,417,Sam Mitchell,Sam,,,14:43,1.0,5.0,0.2,0.0,1.0,0.0,0.0,0.0,0.0,1.0,1.0,2.0,1.0,0.0,1.0,0.0,1.0,2.0,15.0
0020000845,1610612750,MIN,Minnesota,1895,William Avery,William,,,15:18,4.0,6.0,0.667,1.0,2.0,0.5,0.0,0.0,0.0,0.0,2.0,2.0,1.0,0.0,0.0,3.0,2.0,9.0,5.0
0020000845,1610612750,MIN,Minnesota,1732,Felipe Lopez,Felipe,,,4:01,0.0,0.0,0.0,0.0,0.0,0.0,0.0,0.0,0.0,0.0,0.0,0.0,0.0,0.0,0.0,1.0,2.0,0.0,-8.0
0020000845,1610612750,MIN,Minnesota,1725,Rasho Nesterovic,Rasho,,,4:01,0.0,0.0,0.0,0.0,0.0,0.0,0.0,0.0,0.0,0.0,0.0,0.0,0.0,0.0,0.0,0.0,0.0,0.0,-8.0
0020000845,1610612750,MIN,Minnesota,847,,,, ,,,,,,,,,,,,,,,,,,,,
0020000845,1610612750,MIN,Minnesota,2146,,,, ,,,,,,,,,,,,,,,,,,,,
0020000845,1610612750,MIN,Minnesota,2158,,,, ,,,,,,,,,,,,,,,,,,,,
0020000845,1610612750,MIN,Minnesota,2159,,,, ,,,,,,,,,,,,,,,,,,,,
0020000845,1610612750,MIN,Minnesota,1290,,,, ,,,,,,,,,,,,,,,,,,,,
0020000845,1610612750,MIN,Minnesota,1291,,,, ,,,,,,,,,,,,,,,,,,,,
0020000845,1610612743,DEN,Denver,686,Antonio McDyess,Antonio,F,,31:13,5.0,13.0,0.385,0.0,0.0,0.0,2.0,2.0,1.0,1.0,6.0,7.0,1.0,1.0,1.0,1.0,2.0,12.0,-16.0
0020000845,1610612743,DEN,Denver,1899,James Posey,James,F,,20:13,1.0,7.0,0.143,1.0,2.0,0.5,0.0,0.0,0.0,3.0,2.0,5.0,5.0,3.0,0.0,2.0,2.0,3.0,1.0
0020000845,1610612743,DEN,Denver,1711,Raef LaFrentz,Raef,F,,26:04,5.0,8.0,0.625,2.0,3.0,0.667,4.0,4.0,1.0,0.0,2.0,2.0,0.0,0.0,3.0,1.0,4.0,16.0,-17.0
0020000845,1610612743,DEN,Denver,702,Voshon Lenard,Voshon,G,,24:41,1.0,7.0,0.143,0.0,3.0,0.0,0.0,0.0,0.0,0.0,1.0,1.0,1.0,0.0,0.0,1.0,1.0,2.0,-22.0
0020000845,1610612743,DEN,Denver,89,Nick Van Exel,Nick,G,,32:52,4.0,13.0,0.308,1.0,4.0,0.25,1.0,2.0,0.5,0.0,2.0,2.0,8.0,1.0,0.0,1.0,2.0,10.0,-11.0
0020000845,1610612743,DEN,Denver,45,George McCloud,George,F,,24:57,1.0,5.0,0.2,0.0,2.0,0.0,2.0,2.0,1.0,0.0,2.0,2.0,2.0,0.0,0.0,2.0,1.0,4.0,-14.0
0020000845,1610612743,DEN,Denver,788,Kevin Willis,Kevin,C,,12:34,3.0,7.0,0.429,0.0,0.0,0.0,0.0,0.0,0.0,1.0,2.0,3.0,1.0,0.0,0.0,0.0,0.0,6.0,-7.0
0020000845,1610612743,DEN,Denver,123,Robert Pack,Robert,G,,19:25,3.0,8.0,0.375,0.0,0.0,0.0,0.0,0.0,0.0,0.0,1.0,1.0,4.0,2.0,0.0,3.0,2.0,6.0,-7.0
0020000845,1610612743,DEN,Denver,426,Terry Davis,Terry,,,8:50,0.0,1.0,0.0,0.0,0.0,0.0,0.0,0.0,0.0,0.0,1.0,1.0,0.0,0.0,0.0,0.0,1.0,0.0,0.0
0020000845,1610612743,DEN,Denver,1763,Ryan Bowen,Ryan,G,,20:09,4.0,5.0,0.8,0.0,0.0,0.0,1.0,4.0,0.25,2.0,1.0,3.0,1.0,0.0,0.0,2.0,1.0,9.0,-1.0
0020000845,1610612743,DEN,Denver,1110,Mark Strickland,Mark,C,,19:02,1.0,4.0,0.25,0.0,0.0,0.0,1.0,2.0,0.5,2.0,3.0,5.0,0.0,1.0,1.0,2.0,3.0,3.0,4.0
0020000845,1610612743,DEN,Denver,1207,,,, ,,,,,,,,,,,,,,,,,,,,
0020000845,1610612743,DEN,Denver,1216,,,, ,,,,,,,,,,,,,,,,,,,,
0020000845,1610612743,DEN,Denver,1240,,,, ,,,,,,,,,,,,,,,,,,,,
0020000845,1610612743,DEN,Denver,1241,,,, ,,,,,,,,,,,,,,,,,,,,
0020000845,1610612743,DEN,Denver,1784,,,, ,,,,,,,,,,,,,,,,,,,,
0020000845,1610612743,DEN,Denver,1785,,,, ,,,,,,,,,,,,,,,,,,,,
0020000845,1610612743,DEN,Denver,1786,,,, ,,,,,,,,,,,,,,,,,,,,
0020000845,1610612743,DEN,Denver,1995,,,, ,,,,,,,,,,,,,,,,,,,,
0020000845,1610612743,DEN,Denver,2007,,,, ,,,,,,,,,,,,,,,,,,,,
0020000845,1610612743,DEN,Denver,1505,Tariq Abdul-Wahad,Tariq,,DND - Tonsillitis,,,,,,,,,,,,,,,,,,,,
0020000839,1610612739,CLE,Cleveland,1723,Matt Harpring,Matt,F,,18:58,3.0,6.0,0.5,0.0,1.0,0.0,0.0,0.0,0.0,1.0,1.0,2.0,2.0,1.0,0.0,1.0,3.0,6.0,-13.0
0020000839,1610612739,CLE,Cleveland,221,Clar. Weatherspoon,Clar.,G,,30:24,2.0,5.0,0.4,0.0,0.0,0.0,6.0,8.0,0.75,5.0,4.0,9.0,3.0,0.0,1.0,2.0,1.0,10.0,-18.0
0020000839,1610612739,CLE,Cleveland,2036,Chris Mihm,Chris,G,,21:54,2.0,10.0,0.2,0.0,0.0,0.0,2.0,4.0,0.5,3.0,2.0,5.0,1.0,2.0,0.0,0.0,5.0,6.0,5.0
0020000839,1610612739,CLE,Cleveland,754,Jim Jackson,Jim,G,,23:34,3.0,10.0,0.3,0.0,1.0,0.0,1.0,2.0,0.5,1.0,3.0,4.0,0.0,2.0,0.0,1.0,4.0,7.0,-10.0
0020000839,1610612739,CLE,Cleveland,1889,Andre Miller,Andre,G,,33:27,7.0,13.0,0.538,1.0,1.0,1.0,7.0,7.0,1.0,2.0,2.0,4.0,9.0,1.0,1.0,4.0,4.0,22.0,-6.0
0020000839,1610612739,CLE,Cleveland,423,Chris Gatling,Chris,G,,23:10,6.0,12.0,0.5,0.0,0.0,0.0,2.0,3.0,0.667,2.0,2.0,4.0,0.0,0.0,0.0,3.0,3.0,14.0,-24.0
0020000839,1610612739,CLE,Cleveland,441,Lamond Murray,Lamond,G,,17:24,2.0,5.0,0.4,0.0,0.0,0.0,0.0,2.0,0.0,0.0,3.0,3.0,2.0,0.0,1.0,0.0,0.0,4.0,-28.0
0020000839,1610612739,CLE,Cleveland,902,Bimbo Coles,Bimbo,F,,14:33,1.0,3.0,0.333,0.0,0.0,0.0,0.0,0.0,0.0,0.0,1.0,1.0,3.0,0.0,1.0,3.0,4.0,2.0,-20.0
0020000839,1610612739,CLE,Cleveland,445,Wesley Person,Wesley,G,,24:37,6.0,11.0,0.545,0.0,0.0,0.0,0.0,0.0,0.0,0.0,4.0,4.0,1.0,1.0,1.0,0.0,0.0,12.0,-22.0
0020000839,1610612739,CLE,Cleveland,1714,Robert Traylor,Robert,G,,18:04,2.0,6.0,0.333,0.0,0.0,0.0,0.0,2.0,0.0,1.0,2.0,3.0,0.0,0.0,0.0,3.0,4.0,4.0,-5.0
0020000839,1610612739,CLE,Cleveland,1538,Cedric Henderson,Cedric,,,9:30,2.0,3.0,0.667,0.0,0.0,0.0,0.0,1.0,0.0,0.0,0.0,0.0,0.0,0.0,0.0,0.0,2.0,4.0,2.0
0020000839,1610612739,CLE,Cleveland,1892,Trajan Langdon,Trajan,,,4:25,0.0,0.0,0.0,0.0,0.0,0.0,3.0,4.0,0.75,0.0,0.0,0.0,0.0,0.0,0.0,0.0,0.0,3.0,9.0
0020000839,1610612739,CLE,Cleveland,2006,,,, ,,,,,,,,,,,,,,,,,,,,
0020000839,1610612739,CLE,Cleveland,2096,,,, ,,,,,,,,,,,,,,,,,,,,
0020000839,1610612739,CLE,Cleveland,2174,,,, ,,,,,,,,,,,,,,,,,,,,
0020000839,1610612739,CLE,Cleveland,1638,,,, ,,,,,,,,,,,,,,,,,,,,
0020000839,1610612739,CLE,Cleveland,1285,,,, ,,,,,,,,,,,,,,,,,,,,
0020000839,1610612739,CLE,Cleveland,1289,,,, ,,,,,,,,,,,,,,,,,,,,
0020000839,1610612739,CLE,Cleveland,1311,,,, ,,,,,,,,,,,,,,,,,,,,
0020000839,1610612753,ORL,Orlando,1503,Tracy McGrady,Tracy,G,,31:18,13.0,22.0,0.591,4.0,6.0,0.667,6.0,7.0,0.857,5.0,1.0,6.0,5.0,2.0,1.0,1.0,2.0,36.0,24.0
0020000839,1610612753,ORL,Orlando,448,Bo Outlaw,Bo,G,,27:26,5.0,7.0,0.714,0.0,0.0,0.0,0.0,0.0,0.0,4.0,5.0,9.0,4.0,3.0,1.0,2.0,3.0,10.0,24.0
0020000839,1610612753,ORL,Orlando,692,Andrew DeClercq,Andrew,F,,16:44,3.0,5.0,0.6,0.0,0.0,0.0,1.0,3.0,0.333,1.0,6.0,7.0,0.0,2.0,0.0,0.0,4.0,7.0,14.0
0020000839,1610612753,ORL,Orlando,2034,Mike Miller,Mike,G,,32:05,5.0,14.0,0.357,1.0,5.0,0.2,0.0,0.0,0.0,3.0,2.0,5.0,3.0,1.0,0.0,2.0,3.0,11.0,27.0
0020000839,1610612753,ORL,Orlando,353,Darrell Armstrong,Darrell,G,,26:04,1.0,6.0,0.167,0.0,3.0,0.0,2.0,3.0,0.667,1.0,4.0,5.0,6.0,0.0,0.0,3.0,1.0,4.0,10.0
0020000839,1610612753,ORL,Orlando,1607,Troy Hudson,Troy,G,,21:56,0.0,3.0,0.0,0.0,2.0,0.0,8.0,8.0,1.0,0.0,2.0,2.0,2.0,1.0,0.0,1.0,3.0,8.0,16.0
0020000839,1610612753,ORL,Orlando,1720,Michael Doleac,Michael,C,,17:06,1.0,5.0,0.2,0.0,0.0,0.0,0.0,0.0,0.0,0.0,3.0,3.0,0.0,2.0,0.0,0.0,3.0,2.0,5.0
0020000839,1610612753,ORL,Orlando,42,Monty Williams,Monty,F,,24:47,7.0,11.0,0.636,0.0,0.0,0.0,1.0,4.0,0.25,0.0,3.0,3.0,3.0,1.0,0.0,1.0,0.0,15.0,9.0
0020000839,1610612753,ORL,Orlando,680,John Amaechi,John,F,,18:07,5.0,7.0,0.714,0.0,0.0,0.0,6.0,10.0,0.6,1.0,2.0,3.0,1.0,0.0,1.0,2.0,2.0,16.0,13.0
0020000839,1610612753,ORL,Orlando,690,Don Reid,Don,C,,16:37,2.0,4.0,0.5,0.0,0.0,0.0,2.0,2.0,1.0,3.0,5.0,8.0,1.0,0.0,1.0,3.0,5.0,6.0,-4.0
0020000839,1610612753,ORL,Orlando,724,Cory Alexander,Cory,,,7:50,1.0,3.0,0.333,1.0,3.0,0.333,2.0,2.0,1.0,0.0,1.0,1.0,1.0,2.0,0.0,0.0,2.0,5.0,-8.0
0020000839,1610612753,ORL,Orlando,1650,,,, ,,,,,,,,,,,,,,,,,,,,
0020000839,1610612753,ORL,Orlando,1332,,,, ,,,,,,,,,,,,,,,,,,,,
0020000839,1610612753,ORL,Orlando,1296,,,, ,,,,,,,,,,,,,,,,,,,,
0020000839,1610612753,ORL,Orlando,1307,,,, ,,,,,,,,,,,,,,,,,,,,
0020000839,1610612753,ORL,Orlando,1309,,,, ,,,,,,,,,,,,,,,,,,,,
0020000839,1610612753,ORL,Orlando,837,,,, ,,,,,,,,,,,,,,,,,,,,
0020000839,1610612753,ORL,Orlando,1941,,,, ,,,,,,,,,,,,,,,,,,,,
0020000839,1610612753,ORL,Orlando,1727,Pat Garrity,Pat,,DNP - Coach's Decision,,,,,,,,,,,,,,,,,,,,
0020000841,1610612751,NJN,New Jersey,1496,Keith Van Horn,Keith,F,,45:34,6.0,14.0,0.429,2.0,4.0,0.5,4.0,6.0,0.667,0.0,7.0,7.0,2.0,0.0,1.0,0.0,2.0,18.0,-12.0
0020000841,1610612751,NJN,New Jersey,2030,Kenyon Martin,Kenyon,F,,43:52,11.0,16.0,0.688,0.0,0.0,0.0,4.0,5.0,0.8,2.0,6.0,8.0,2.0,1.0,0.0,1.0,4.0,26.0,-11.0
0020000841,1610612751,NJN,New Jersey,1915,Evan Eschmeyer,Evan,C,,18:34,0.0,0.0,0.0,0.0,0.0,0.0,0.0,0.0,0.0,1.0,4.0,5.0,0.0,0.0,2.0,0.0,3.0,0.0,12.0
0020000841,1610612751,NJN,New Jersey,446,Lucious Harris,Lucious,G,,36:22,2.0,7.0,0.286,1.0,1.0,1.0,4.0,6.0,0.667,1.0,2.0,3.0,4.0,1.0,0.0,1.0,1.0,9.0,-11.0
0020000841,1610612751,NJN,New Jersey,950,Stephon Marbury,Stephon,G,,44:15,6.0,24.0,0.25,2.0,8.0,0.25,12.0,15.0,0.8,2.0,2.0,4.0,9.0,0.0,0.0,1.0,0.0,26.0,-10.0
0020000841,1610612751,NJN,New Jersey,1425,Aaron Williams,Aaron,F,,25:36,1.0,4.0,0.25,0.0,0.0,0.0,2.0,2.0,1.0,2.0,2.0,4.0,0.0,1.0,1.0,1.0,3.0,4.0,-24.0
0020000841,1610612751,NJN,New Jersey,271,Johnny Newman,Johnny,G,,20:52,2.0,8.0,0.25,1.0,3.0,0.333,2.0,2.0,1.0,0.0,0.0,0.0,0.0,0.0,0.0,0.0,3.0,7.0,-21.0
0020000841,1610612751,NJN,New Jersey,1536,Stephen Jackson,Stephen,,,4:55,0.0,1.0,0.0,0.0,1.0,0.0,0.0,0.0,0.0,0.0,0.0,0.0,0.0,0.0,0.0,1.0,0.0,0.0,-8.0
0020000841,1610612751,NJN,New Jersey,1776,,,, ,,,,,,,,,,,,,,,,,,,,
0020000841,1610612751,NJN,New Jersey,1789,,,, ,,,,,,,,,,,,,,,,,,,,
0020000841,1610612751,NJN,New Jersey,1876,,,, ,,,,,,,,,,,,,,,,,,,,
0020000841,1610612751,NJN,New Jersey,1673,,,, ,,,,,,,,,,,,,,,,,,,,
0020000841,1610612751,NJN,New Jersey,1303,,,, ,,,,,,,,,,,,,,,,,,,,
0020000841,1610612751,NJN,New Jersey,1324,,,, ,,,,,,,,,,,,,,,,,,,,
0020000841,1610612751,NJN,New Jersey,2009,,,, ,,,,,,,,,,,,,,,,,,,,
0020000841,1610612751,NJN,New Jersey,428,Sherman Douglas,Sherman,,NWT - personal,,,,,,,,,,,,,,,,,,,,
0020000841,1610612751,NJN,New Jersey,994,Jamie Feick,Jamie,,NWT - sore left achilles,,,,,,,,,,,,,,,,,,,,
0020000841,1610612751,NJN,New Jersey,2066,Soumaila Samake,Soumaila,,DNP - Coach's Decision,,,,,,,,,,,,,,,,,,,,
0020000841,1610612751,NJN,New Jersey,1735,Vladimir Stepania,Vladimir,,DNP - Coach's Decision,,,,,,,,,,,,,,,,,,,,
0020000841,1610612761,TOR,Toronto,2050,Morris Peterson,Morris,F,,20:43,3.0,7.0,0.429,0.0,2.0,0.0,0.0,0.0,0.0,1.0,0.0,1.0,1.0,1.0,0.0,1.0,4.0,6.0,-11.0
0020000841,1610612761,TOR,Toronto,891,Charles Oakley,Charles,F,,36:00,2.0,6.0,0.333,0.0,0.0,0.0,0.0,0.0,0.0,3.0,11.0,14.0,8.0,0.0,0.0,0.0,4.0,4.0,9.0
0020000841,1610612761,TOR,Toronto,213,Antonio Davis,Antonio,C,,3:37,1.0,2.0,0.5,0.0,0.0,0.0,1.0,1.0,1.0,0.0,1.0,1.0,0.0,0.0,0.0,1.0,1.0,3.0,-8.0
0020000841,1610612761,TOR,Toronto,1713,Vince Carter,Vince,G,,40:54,14.0,28.0,0.5,4.0,11.0,0.364,6.0,8.0,0.75,5.0,2.0,7.0,3.0,0.0,1.0,1.0,3.0,38.0,8.0
0020000841,1610612761,TOR,Toronto,1541,Alvin Williams,Alvin,G,,38:52,6.0,14.0,0.429,2.0,6.0,0.333,1.0,1.0,1.0,1.0,4.0,5.0,5.0,1.0,1.0,1.0,1.0,15.0,16.0
0020000841,1610612761,TOR,Toronto,209,Dell Curry,Dell,,,4:57,1.0,1.0,1.0,0.0,0.0,0.0,0.0,0.0,0.0,0.0,0.0,0.0,1.0,0.0,0.0,0.0,0.0,2.0,2.0
0020000841,1610612761,TOR,Toronto,1721,Keon Clark,Keon,C,,35:18,8.0,13.0,0.615,0.0,0.0,0.0,0.0,0.0,0.0,4.0,9.0,13.0,2.0,0.0,7.0,2.0,5.0,16.0,20.0
0020000841,1610612761,TOR,Toronto,966,Jerome Williams,Jerome,F,,29:29,4.0,7.0,0.571,0.0,0.0,0.0,1.0,2.0,0.5,2.0,9.0,11.0,3.0,1.0,0.0,2.0,4.0,9.0,26.0
0020000841,1610612761,TOR,Toronto,164,Chris Childs,Chris,G,,17:48,4.0,6.0,0.667,2.0,3.0,0.667,0.0,0.0,0.0,1.0,1.0,2.0,6.0,0.0,0.0,0.0,3.0,10.0,17.0
0020000841,1610612761,TOR,Toronto,145,Tracy Murray,Tracy,F,,9:00,2.0,3.0,0.667,0.0,0.0,0.0,0.0,0.0,0.0,0.0,0.0,0.0,1.0,0.0,0.0,1.0,0.0,4.0,7.0
0020000841,1610612761,TOR,Toronto,1565,Michael Stewart,Michael,,,3:22,0.0,1.0,0.0,0.0,0.0,0.0,0.0,0.0,0.0,0.0,0.0,0.0,0.0,0.0,0.0,0.0,0.0,0.0,-1.0
0020000841,1610612761,TOR,Toronto,1344,,,, ,,,,,,,,,,,,,,,,,,,,
0020000841,1610612761,TOR,Toronto,1368,,,, ,,,,,,,,,,,,,,,,,,,,
0020000841,1610612761,TOR,Toronto,1205,,,, ,,,,,,,,,,,,,,,,,,,,
0020000841,1610612761,TOR,Toronto,1244,,,, ,,,,,,,,,,,,,,,,,,,,
0020000841,1610612761,TOR,Toronto,1266,,,, ,,,,,,,,,,,,,,,,,,,,
0020000841,1610612761,TOR,Toronto,2162,,,, ,,,,,,,,,,,,,,,,,,,,
0020000841,1610612761,TOR,Toronto,883,,,, ,,,,,,,,,,,,,,,,,,,,
0020000841,1610612761,TOR,Toronto,376,Eric Montross,Eric,,DNP - Coach's Decision,,,,,,,,,,,,,,,,,,,,
0020000844,1610612752,NYK,New York,913,Larry Johnson,Larry,F,,32:01,1.0,4.0,0.25,0.0,2.0,0.0,0.0,0.0,0.0,1.0,8.0,9.0,2.0,0.0,1.0,1.0,4.0,2.0,-15.0
0020000844,1610612752,NYK,New York,84,Latrell Sprewell,Latrell,G,,39:30,4.0,16.0,0.25,1.0,3.0,0.333,7.0,8.0,0.875,1.0,2.0,3.0,4.0,3.0,0.0,2.0,1.0,16.0,-6.0
0020000844,1610612752,NYK,New York,703,Kurt Thomas,Kurt,F,,32:16,5.0,7.0,0.714,0.0,0.0,0.0,0.0,0.0,0.0,1.0,7.0,8.0,0.0,0.0,0.0,2.0,5.0,10.0,-2.0
0020000844,1610612752,NYK,New York,275,Allan Houston,Allan,G,,41:22,8.0,19.0,0.421,2.0,5.0,0.4,5.0,6.0,0.833,0.0,5.0,5.0,2.0,2.0,1.0,2.0,1.0,23.0,-4.0
0020000844,1610612752,NYK,New York,349,Mark Jackson,Mark,G,,18:49,1.0,5.0,0.2,0.0,2.0,0.0,0.0,0.0,0.0,1.0,2.0,3.0,6.0,0.0,0.0,5.0,1.0,2.0,-7.0
0020000844,1610612752,NYK,New York,779,Glen Rice,Glen,G,,30:04,2.0,9.0,0.222,0.0,3.0,0.0,0.0,0.0,0.0,0.0,6.0,6.0,3.0,0.0,0.0,0.0,3.0,4.0,-10.0
0020000844,1610612752,NYK,New York,970,Othella Harrington,Othella,G,,16:47,3.0,5.0,0.6,0.0,0.0,0.0,1.0,4.0,0.25,2.0,2.0,4.0,2.0,0.0,1.0,1.0,4.0,7.0,1.0
0020000844,1610612752,NYK,New York,369,Charlie Ward,Charlie,G,,29:11,3.0,9.0,0.333,2.0,5.0,0.4,0.0,0.0,0.0,0.0,4.0,4.0,4.0,2.0,0.0,0.0,2.0,8.0,-2.0
0020000844,1610612752,NYK,New York,1790,,,, ,,,,,,,,,,,,,,,,,,,,
0020000844,1610612752,NYK,New York,1791,,,, ,,,,,,,,,,,,,,,,,,,,
0020000844,1610612752,NYK,New York,1297,,,, ,,,,,,,,,,,,,,,,,,,,
0020000844,1610612752,NYK,New York,1298,,,, ,,,,,,,,,,,,,,,,,,,,
0020000844,1610612752,NYK,New York,1300,,,, ,,,,,,,,,,,,,,,,,,,,
0020000844,1610612752,NYK,New York,1301,,,, ,,,,,,,,,,,,,,,,,,,,
0020000844,1610612752,NYK,New York,1302,,,, ,,,,,,,,,,,,,,,,,,,,
0020000844,1610612752,NYK,New York,2167,,,, ,,,,,,,,,,,,,,,,,,,,
0020000844,1610612752,NYK,New York,2168,,,, ,,,,,,,,,,,,,,,,,,,,
0020000844,1610612752,NYK,New York,1594,Rick Brunson,Rick,,DNP - Coach's Decision,,,,,,,,,,,,,,,,,,,,
0020000844,1610612752,NYK,New York,948,Marcus Camby,Marcus,,DND - Back Spasms,,,,,,,,,,,,,,,,,,,,
0020000844,1610612752,NYK,New York,26,Luc Longley,Luc,,DNP - Coach's Decision,,,,,,,,,,,,,,,,,,,,
0020000844,1610612752,NYK,New York,2068,Lavor Postell,Lavor,,DNP - Coach's Decision,,,,,,,,,,,,,,,,,,,,
0020000844,1610612741,CHI,Chicago,1897,Metta World Peace,Metta,G,,35:13,3.0,11.0,0.273,0.0,1.0,0.0,2.0,2.0,1.0,2.0,1.0,3.0,2.0,3.0,0.0,2.0,4.0,8.0,4.0
0020000844,1610612741,CHI,Chicago,1882,Elton Brand,Elton,G,,39:33,9.0,19.0,0.474,0.0,0.0,0.0,3.0,4.0,0.75,3.0,8.0,11.0,6.0,0.0,1.0,3.0,1.0,21.0,3.0
0020000844,1610612741,CHI,Chicago,1802,Brad Miller,Brad,G,,36:32,4.0,6.0,0.667,0.0,0.0,0.0,2.0,3.0,0.667,1.0,8.0,9.0,3.0,2.0,0.0,1.0,1.0,10.0,9.0
0020000844,1610612741,CHI,Chicago,697,Fred Hoiberg,Fred,G,,39:32,3.0,11.0,0.273,1.0,6.0,0.167,1.0,2.0,0.5,0.0,6.0,6.0,12.0,1.0,1.0,0.0,3.0,8.0,13.0
0020000844,1610612741,CHI,Chicago,1724,Bryce Drew,Bryce,G,,31:06,5.0,9.0,0.556,2.0,4.0,0.5,3.0,3.0,1.0,0.0,2.0,2.0,0.0,0.0,0.0,0.0,1.0,15.0,13.0
0020000844,1610612741,CHI,Chicago,1736,Corey Benjamin,Corey,G,,21:15,4.0,6.0,0.667,1.0,1.0,1.0,4.0,4.0,1.0,0.0,6.0,6.0,0.0,0.0,1.0,3.0,3.0,13.0,1.0
0020000844,1610612741,CHI,Chicago,1913,Michael Ruffin,Michael,G,,8:27,0.0,1.0,0.0,0.0,0.0,0.0,0.0,2.0,0.0,1.0,2.0,3.0,2.0,1.0,0.0,0.0,2.0,0.0,6.0
0020000844,1610612741,CHI,Chicago,2033,Marcus Fizer,Marcus,G,,11:28,0.0,4.0,0.0,0.0,0.0,0.0,0.0,2.0,0.0,0.0,2.0,2.0,0.0,0.0,0.0,1.0,1.0,0.0,0.0
0020000844,1610612741,CHI,Chicago,2037,Jamal Crawford,Jamal,F,,16:54,3.0,6.0,0.5,0.0,1.0,0.0,0.0,0.0,0.0,0.0,1.0,1.0,2.0,0.0,0.0,1.0,0.0,6.0,-4.0
0020000844,1610612741,CHI,Chicago,1779,,,, ,,,,,,,,,,,,,,,,,,,,
0020000844,1610612741,CHI,Chicago,1780,,,, ,,,,,,,,,,,,,,,,,,,,
0020000844,1610612741,CHI,Chicago,1220,,,, ,,,,,,,,,,,,,,,,,,,,
0020000844,1610612741,CHI,Chicago,1254,,,, ,,,,,,,,,,,,,,,,,,,,
0020000844,1610612741,CHI,Chicago,1346,,,, ,,,,,,,,,,,,,,,,,,,,
0020000844,1610612741,CHI,Chicago,2153,,,, ,,,,,,,,,,,,,,,,,,,,
0020000844,1610612741,CHI,Chicago,2053,Dalibor Bagaric,Dalibor,,DNP - Coach's Decision,,,,,,,,,,,,,,,,,,,,
0020000844,1610612741,CHI,Chicago,2062,A.J. Guyton,A.J.,,DNP - Coach's Decision,,,,,,,,,,,,,,,,,,,,
0020000844,1610612741,CHI,Chicago,1500,Ron Mercer,Ron,,DND - Left Ankle Sprain,,,,,,,,,,,,,,,,,,,,
0020000840,1610612766,CHH,Charlotte,469,Jamal Mashburn,Jamal,G,,41:12,6.0,15.0,0.4,1.0,2.0,0.5,0.0,3.0,0.0,1.0,7.0,8.0,8.0,1.0,0.0,2.0,5.0,13.0,10.0
0020000840,1610612766,CHH,Charlotte,136,P.J. Brown,P.J.,G,,39:07,5.0,8.0,0.625,0.0,0.0,0.0,1.0,1.0,1.0,3.0,10.0,13.0,1.0,1.0,3.0,1.0,3.0,11.0,9.0
0020000840,1610612766,CHH,Charlotte,922,Elden Campbell,Elden,G,,31:37,4.0,11.0,0.364,0.0,0.0,0.0,2.0,4.0,0.5,2.0,6.0,8.0,1.0,1.0,4.0,3.0,2.0,10.0,18.0
0020000840,1610612766,CHH,Charlotte,1884,Baron Davis,Baron,G,,40:35,9.0,13.0,0.692,4.0,5.0,0.8,6.0,10.0,0.6,0.0,0.0,0.0,4.0,0.0,0.0,2.0,4.0,28.0,1.0
0020000840,1610612766,CHH,Charlotte,133,David Wesley,David,G,,40:43,4.0,13.0,0.308,0.0,1.0,0.0,9.0,10.0,0.9,0.0,5.0,5.0,6.0,3.0,0.0,1.0,3.0,17.0,7.0
0020000840,1610612766,CHH,Charlotte,2048,Jamaal Magloire,Jamaal,,,12:58,1.0,2.0,0.5,0.0,0.0,0.0,1.0,2.0,0.5,1.0,0.0,1.0,1.0,0.0,0.0,0.0,1.0,3.0,-11.0
0020000840,1610612766,CHH,Charlotte,1944,Eddie Robinson,Eddie,F,,19:12,5.0,6.0,0.833,1.0,1.0,1.0,2.0,2.0,1.0,0.0,0.0,0.0,0.0,2.0,2.0,2.0,3.0,13.0,-1.0
0020000840,1610612766,CHH,Charlotte,901,Otis Thorpe,Otis,C,,10:10,3.0,4.0,0.75,0.0,0.0,0.0,1.0,2.0,0.5,0.0,0.0,0.0,1.0,1.0,0.0,1.0,0.0,7.0,0.0
0020000840,1610612766,CHH,Charlotte,1906,Tim James,Tim,,,4:26,1.0,2.0,0.5,1.0,1.0,1.0,0.0,0.0,0.0,0.0,1.0,1.0,0.0,0.0,0.0,0.0,1.0,3.0,-3.0
0020000840,1610612766,CHH,Charlotte,1992,,,, ,,,,,,,,,,,,,,,,,,,,
0020000840,1610612766,CHH,Charlotte,1316,,,, ,,,,,,,,,,,,,,,,,,,,
0020000840,1610612766,CHH,Charlotte,1215,,,, ,,,,,,,,,,,,,,,,,,,,
0020000840,1610612766,CHH,Charlotte,1218,,,, ,,,,,,,,,,,,,,,,,,,,
0020000840,1610612766,CHH,Charlotte,2152,,,, ,,,,,,,,,,,,,,,,,,,,
0020000840,1610612766,CHH,Charlotte,765,Hersey Hawkins,Hersey,,DNP - Coach's Decision,,,,,,,,,,,,,,,,,,,,
0020000840,1610612766,CHH,Charlotte,1924,Lee Nailon,Lee,,DNP - Coach's Decision,,,,,,,,,,,,,,,,,,,,
0020000840,1610612766,CHH,Charlotte,695,Eldridge Recasner,Eldridge,,DND - Back Spasms,,,,,,,,,,,,,,,,,,,,
0020000840,1610612737,ATL,Atlanta,1544,Chris Crawford,Chris,F,,32:32,1.0,8.0,0.125,0.0,2.0,0.0,2.0,4.0,0.5,1.0,3.0,4.0,0.0,2.0,1.0,2.0,4.0,4.0,4.0
0020000840,1610612737,ATL,Atlanta,673,Alan Henderson,Alan,F,,32:27,4.0,8.0,0.5,0.0,0.0,0.0,4.0,7.0,0.571,5.0,4.0,9.0,2.0,0.0,0.0,1.0,2.0,12.0,-4.0
0020000840,1610612737,ATL,Atlanta,953,Lorenzen Wright,Lorenzen,C,,23:35,4.0,10.0,0.4,0.0,0.0,0.0,0.0,0.0,0.0,1.0,8.0,9.0,1.0,2.0,2.0,0.0,1.0,8.0,-5.0
0020000840,1610612737,ATL,Atlanta,1510,Brevin Knight,Brevin,G,,22:22,1.0,5.0,0.2,0.0,0.0,0.0,0.0,0.0,0.0,1.0,0.0,1.0,6.0,0.0,0.0,0.0,4.0,2.0,-9.0
0020000840,1610612737,ATL,Atlanta,1891,Jason Terry,Jason,G,,42:34,10.0,23.0,0.435,3.0,7.0,0.429,3.0,4.0,0.75,0.0,6.0,6.0,7.0,1.0,0.0,1.0,3.0,26.0,-3.0
0020000840,1610612737,ATL,Atlanta,2143,Pepe Sanchez,Pepe,,,5:37,0.0,1.0,0.0,0.0,0.0,0.0,0.0,0.0,0.0,0.0,0.0,0.0,1.0,0.0,0.0,0.0,2.0,0.0,-4.0
0020000840,1610612737,ATL,Atlanta,1737,Nazr Mohammed,Nazr,G,,24:25,6.0,9.0,0.667,0.0,0.0,0.0,0.0,0.0,0.0,5.0,2.0,7.0,1.0,1.0,0.0,4.0,2.0,12.0,-1.0
0020000840,1610612737,ATL,Atlanta,389,Toni Kukoc,Toni,F,,34:45,11.0,16.0,0.688,4.0,7.0,0.571,2.0,4.0,0.5,1.0,6.0,7.0,3.0,0.0,0.0,5.0,4.0,28.0,-3.0
0020000840,1610612737,ATL,Atlanta,2069,Hanno Mottola,Hanno,G,,15:33,2.0,2.0,1.0,0.0,0.0,0.0,3.0,4.0,0.75,0.0,0.0,0.0,1.0,0.0,0.0,0.0,3.0,7.0,-2.0
0020000840,1610612737,ATL,Atlanta,2035,DerMarr Johnson,DerMarr,C,,5:47,0.0,2.0,0.0,0.0,1.0,0.0,0.0,0.0,0.0,0.0,0.0,0.0,0.0,0.0,0.0,0.0,2.0,0.0,-2.0
0020000840,1610612737,ATL,Atlanta,1901,Dion Glover,Dion,,,0:23,0.0,0.0,0.0,0.0,0.0,0.0,0.0,0.0,0.0,0.0,0.0,0.0,0.0,0.0,0.0,0.0,0.0,0.0,-1.0
0020000840,1610612737,ATL,Atlanta,2094,,,, ,,,,,,,,,,,,,,,,,,,,
0020000840,1610612737,ATL,Atlanta,2150,,,, ,,,,,,,,,,,,,,,,,,,,
0020000840,1610612737,ATL,Atlanta,2151,,,, ,,,,,,,,,,,,,,,,,,,,
0020000840,1610612737,ATL,Atlanta,1260,,,, ,,,,,,,,,,,,,,,,,,,,
0020000840,1610612737,ATL,Atlanta,1774,,,, ,,,,,,,,,,,,,,,,,,,,
0020000840,1610612737,ATL,Atlanta,1898,Cal Bowdler,Cal,,DNP - Coach's Decision,,,,,,,,,,,,,,,,,,,,
0020000838,1610612764,WAS,Washington,782,Mitch Richmond,Mitch,F,,24:32,8.0,15.0,0.533,1.0,4.0,0.25,0.0,0.0,0.0,0.0,3.0,3.0,1.0,2.0,0.0,3.0,1.0,17.0,-13.0
0020000838,1610612764,WAS,Washington,63,Michael Smith,Michael,F,,21:13,0.0,0.0,0.0,0.0,0.0,0.0,0.0,0.0,0.0,3.0,4.0,7.0,3.0,1.0,0.0,0.0,2.0,0.0,-10.0
0020000838,1610612764,WAS,Washington,1751,Jahidi White,Jahidi,C,,17:49,0.0,3.0,0.0,0.0,0.0,0.0,2.0,2.0,1.0,1.0,5.0,6.0,0.0,0.0,0.0,2.0,3.0,2.0,-2.0
0020000838,1610612764,WAS,Washington,43,Chris Whitney,Chris,G,,26:22,3.0,4.0,0.75,0.0,0.0,0.0,3.0,3.0,1.0,0.0,2.0,2.0,5.0,0.0,0.0,4.0,4.0,9.0,3.0
0020000838,1610612764,WAS,Washington,1888,Richard Hamilton,Richard,G,,41:46,13.0,27.0,0.481,1.0,1.0,1.0,7.0,7.0,1.0,1.0,3.0,4.0,5.0,2.0,0.0,4.0,3.0,34.0,-1.0
0020000838,1610612764,WAS,Washington,363,Christian Laettner,Christian,F,,34:54,4.0,11.0,0.364,0.0,1.0,0.0,4.0,5.0,0.8,0.0,6.0,6.0,4.0,1.0,1.0,4.0,5.0,12.0,-6.0
0020000838,1610612764,WAS,Washington,93,Hubert Davis,Hubert,F,,19:44,3.0,6.0,0.5,1.0,2.0,0.5,0.0,0.0,0.0,0.0,2.0,2.0,2.0,2.0,0.0,0.0,4.0,7.0,3.0
0020000838,1610612764,WAS,Washington,461,Popeye Jones,Popeye,C,,17:05,2.0,4.0,0.5,0.0,0.0,0.0,0.0,0.0,0.0,1.0,4.0,5.0,0.0,0.0,0.0,1.0,5.0,4.0,7.0
0020000838,1610612764,WAS,Washington,2042,Courtney Alexander,Courtney,G,,29:00,6.0,10.0,0.6,1.0,1.0,1.0,4.0,4.0,1.0,2.0,2.0,4.0,1.0,0.0,0.0,0.0,3.0,17.0,-1.0
0020000838,1610612764,WAS,Washington,1919,Laron Profit,Laron,,,2:43,0.0,0.0,0.0,0.0,0.0,0.0,0.0,0.0,0.0,0.0,0.0,0.0,0.0,0.0,0.0,0.0,0.0,0.0,-6.0
0020000838,1610612764,WAS,Washington,919,Loy Vaught,Loy,,,4:52,0.0,1.0,0.0,0.0,0.0,0.0,0.0,0.0,0.0,1.0,0.0,1.0,0.0,0.0,1.0,0.0,0.0,0.0,1.0
0020000838,1610612764,WAS,Washington,2093,,,, ,,,,,,,,,,,,,,,,,,,,
0020000838,1610612764,WAS,Washington,2095,,,, ,,,,,,,,,,,,,,,,,,,,
0020000838,1610612764,WAS,Washington,1271,,,, ,,,,,,,,,,,,,,,,,,,,
0020000838,1610612764,WAS,Washington,1340,,,, ,,,,,,,,,,,,,,,,,,,,
0020000838,1610612764,WAS,Washington,1360,,,, ,,,,,,,,,,,,,,,,,,,,
0020000838,1610612764,WAS,Washington,1245,,,, ,,,,,,,,,,,,,,,,,,,,
0020000838,1610612764,WAS,Washington,1251,,,, ,,,,,,,,,,,,,,,,,,,,
0020000838,1610612764,WAS,Washington,2171,,,, ,,,,,,,,,,,,,,,,,,,,
0020000838,1610612764,WAS,Washington,2065,Mike Smith,Mike,,DNP - Coach's Decision,,,,,,,,,,,,,,,,,,,,
0020000838,1610612755,PHI,Philadelphia,248,George Lynch,George,F,,26:37,4.0,8.0,0.5,0.0,1.0,0.0,0.0,0.0,0.0,1.0,6.0,7.0,3.0,1.0,0.0,2.0,1.0,8.0,-5.0
0020000838,1610612755,PHI,Philadelphia,238,Tyrone Hill,Tyrone,F,,34:22,4.0,8.0,0.5,0.0,0.0,0.0,2.0,4.0,0.5,1.0,3.0,4.0,5.0,1.0,0.0,1.0,1.0,10.0,8.0
0020000838,1610612755,PHI,Philadelphia,87,Dikembe Mutombo,Dikembe,C,,36:54,4.0,6.0,0.667,0.0,0.0,0.0,6.0,10.0,0.6,6.0,10.0,16.0,0.0,1.0,4.0,3.0,4.0,14.0,10.0
0020000838,1610612755,PHI,Philadelphia,727,Eric Snow,Eric,G,,37:16,5.0,9.0,0.556,0.0,0.0,0.0,5.0,6.0,0.833,2.0,2.0,4.0,11.0,3.0,0.0,1.0,4.0,15.0,13.0
0020000838,1610612755,PHI,Philadelphia,947,Allen Iverson,Allen,G,,45:34,15.0,34.0,0.441,1.0,3.0,0.333,10.0,13.0,0.769,1.0,3.0,4.0,4.0,2.0,0.0,1.0,2.0,41.0,5.0
0020000838,1610612755,PHI,Philadelphia,243,Aaron McKie,Aaron,G,,34:19,3.0,6.0,0.5,1.0,2.0,0.5,0.0,0.0,0.0,0.0,5.0,5.0,4.0,0.0,0.0,2.0,1.0,7.0,5.0
0020000838,1610612755,PHI,Philadelphia,1934,Rodney Buford,Rodney,F,,12:07,4.0,7.0,0.571,0.0,0.0,0.0,0.0,0.0,0.0,1.0,1.0,2.0,0.0,0.0,0.0,0.0,3.0,8.0,-7.0
0020000838,1610612755,PHI,Philadelphia,761,Matt Geiger,Matt,C,,10:52,1.0,4.0,0.25,0.0,0.0,0.0,0.0,0.0,0.0,0.0,0.0,0.0,1.0,0.0,0.0,2.0,2.0,2.0,-5.0
0020000838,1610612755,PHI,Philadelphia,1563,Kevin Ollie,Kevin,,,1:58,1.0,1.0,1.0,0.0,0.0,0.0,0.0,0.0,0.0,0.0,0.0,0.0,0.0,0.0,0.0,1.0,1.0,2.0,1.0
0020000838,1610612755,PHI,Philadelphia,1865,,,, ,,,,,,,,,,,,,,,,,,,,
0020000838,1610612755,PHI,Philadelphia,2169,,,, ,,,,,,,,,,,,,,,,,,,,
0020000838,1610612755,PHI,Philadelphia,1212,,,, ,,,,,,,,,,,,,,,,,,,,
0020000838,1610612755,PHI,Philadelphia,1308,,,, ,,,,,,,,,,,,,,,,,,,,
0020000838,1610612755,PHI,Philadelphia,1312,,,, ,,,,,,,,,,,,,,,,,,,,
0020000838,1610612755,PHI,Philadelphia,1313,,,, ,,,,,,,,,,,,,,,,,,,,
0020000838,1610612755,PHI,Philadelphia,1259,,,, ,,,,,,,,,,,,,,,,,,,,
0020000838,1610612755,PHI,Philadelphia,1908,Jumaine Jones,Jumaine,,DNP - Coach's Decision,,,,,,,,,,,,,,,,,,,,
0020000838,1610612755,PHI,Philadelphia,1928,Todd MacCulloch,Todd,,DNP - Coach's Decision,,,,,,,,,,,,,,,,,,,,
0020000838,1610612755,PHI,Philadelphia,1728,Roshown McLeod,Roshown,,DND - Left Lower Leg Injury,,,,,,,,,,,,,,,,,,,,
0020000837,1610612762,UTA,Utah,252,Karl Malone,Karl,F,,36:40,7.0,15.0,0.467,0.0,0.0,0.0,3.0,7.0,0.429,2.0,3.0,5.0,4.0,0.0,0.0,2.0,4.0,17.0,-12.0
0020000837,1610612762,UTA,Utah,923,Donyell Marshall,Donyell,F,,32:04,5.0,11.0,0.455,0.0,2.0,0.0,2.0,2.0,1.0,3.0,3.0,6.0,1.0,1.0,0.0,3.0,2.0,12.0,-3.0
0020000837,1610612762,UTA,Utah,178,Olden Polynice,Olden,G,,16:19,2.0,4.0,0.5,0.0,0.0,0.0,0.0,0.0,0.0,2.0,5.0,7.0,1.0,0.0,0.0,2.0,3.0,4.0,3.0
0020000837,1610612762,UTA,Utah,317,John Starks,John,G,,16:01,1.0,3.0,0.333,0.0,0.0,0.0,0.0,0.0,0.0,0.0,2.0,2.0,1.0,2.0,0.0,1.0,3.0,2.0,-4.0
0020000837,1610612762,UTA,Utah,304,John Stockton,John,G,,33:09,3.0,10.0,0.3,1.0,3.0,0.333,5.0,5.0,1.0,1.0,5.0,6.0,9.0,3.0,1.0,4.0,6.0,12.0,-6.0
0020000837,1610612762,UTA,Utah,935,Bryon Russell,Bryon,F,,34:15,6.0,9.0,0.667,0.0,3.0,0.0,5.0,6.0,0.833,1.0,3.0,4.0,5.0,1.0,1.0,4.0,4.0,17.0,-5.0
0020000837,1610612762,UTA,Utah,1521,Jacque Vaughn,Jacque,G,,14:51,2.0,4.0,0.5,2.0,3.0,0.667,2.0,2.0,1.0,0.0,3.0,3.0,1.0,0.0,0.0,0.0,0.0,8.0,2.0
0020000837,1610612762,UTA,Utah,330,Danny Manning,Danny,F,,13:20,2.0,6.0,0.333,0.0,1.0,0.0,3.0,3.0,1.0,0.0,3.0,3.0,4.0,0.0,0.0,0.0,3.0,7.0,3.0
0020000837,1610612762,UTA,Utah,731,Greg Ostertag,Greg,C,,28:49,8.0,12.0,0.667,0.0,0.0,0.0,2.0,2.0,1.0,6.0,4.0,10.0,0.0,0.0,4.0,1.0,3.0,18.0,-9.0
0020000837,1610612762,UTA,Utah,128,David Benoit,David,F,,14:32,0.0,5.0,0.0,0.0,0.0,0.0,2.0,2.0,1.0,1.0,1.0,2.0,3.0,1.0,0.0,1.0,2.0,2.0,11.0
0020000837,1610612762,UTA,Utah,1794,,,, ,,,,,,,,,,,,,,,,,,,,
0020000837,1610612762,UTA,Utah,1228,,,, ,,,,,,,,,,,,,,,,,,,,
0020000837,1610612762,UTA,Utah,1345,,,, ,,,,,,,,,,,,,,,,,,,,
0020000837,1610612762,UTA,Utah,1347,,,, ,,,,,,,,,,,,,,,,,,,,
0020000837,1610612762,UTA,Utah,1348,,,, ,,,,,,,,,,,,,,,,,,,,
0020000837,1610612762,UTA,Utah,1372,,,, ,,,,,,,,,,,,,,,,,,,,
0020000837,1610612762,UTA,Utah,180,John Crotty,John,,DNP - Coach's Decision,,,,,,,,,,,,,,,,,,,,
0020000837,1610612762,UTA,Utah,1909,Scott Padgett,Scott,,DNP - Coach's Decision,,,,,,,,,,,,,,,,,,,,
0020000837,1610612738,BOS,Boston,952,Antoine Walker,Antoine,F,,40:39,10.0,20.0,0.5,6.0,9.0,0.667,0.0,4.0,0.0,3.0,4.0,7.0,4.0,1.0,0.0,2.0,3.0,26.0,-8.0
0020000837,1610612738,BOS,Boston,1718,Paul Pierce,Paul,G,,32:31,6.0,19.0,0.316,0.0,4.0,0.0,18.0,19.0,0.947,0.0,6.0,6.0,4.0,3.0,0.0,3.0,5.0,30.0,7.0
0020000837,1610612738,BOS,Boston,1548,Mark Blount,Mark,C,,20:18,2.0,3.0,0.667,0.0,0.0,0.0,0.0,2.0,0.0,4.0,2.0,6.0,0.0,1.0,1.0,1.0,5.0,4.0,1.0
0020000837,1610612738,BOS,Boston,753,Randy Brown,Randy,G,,20:01,1.0,4.0,0.25,0.0,1.0,0.0,2.0,2.0,1.0,0.0,1.0,1.0,4.0,1.0,0.0,1.0,1.0,4.0,-6.0
0020000837,1610612738,BOS,Boston,179,Bryant Stith,Bryant,G,,32:46,4.0,10.0,0.4,1.0,4.0,0.25,5.0,5.0,1.0,0.0,3.0,3.0,3.0,0.0,1.0,2.0,2.0,14.0,6.0
0020000837,1610612738,BOS,Boston,1960,Milt Palacio,Milt,G,,28:49,3.0,6.0,0.5,0.0,1.0,0.0,2.0,2.0,1.0,0.0,3.0,3.0,4.0,2.0,0.0,2.0,2.0,8.0,4.0
0020000837,1610612738,BOS,Boston,677,Eric Williams,Eric,G,,31:07,3.0,5.0,0.6,3.0,4.0,0.75,0.0,0.0,0.0,0.0,1.0,1.0,2.0,2.0,0.0,0.0,1.0,9.0,15.0
0020000837,1610612738,BOS,Boston,958,Vitaly Potapenko,Vitaly,C,,27:25,4.0,9.0,0.444,0.0,0.0,0.0,0.0,0.0,0.0,5.0,4.0,9.0,0.0,0.0,1.0,0.0,4.0,8.0,7.0
0020000837,1610612738,BOS,Boston,713,Chris Carr,Chris,,,6:19,0.0,3.0,0.0,0.0,1.0,0.0,0.0,0.0,0.0,0.0,0.0,0.0,1.0,0.0,0.0,1.0,0.0,0.0,-6.0
0020000837,1610612738,BOS,Boston,962,Walter McCarty,Walter,,,0:05,0.0,0.0,0.0,0.0,0.0,0.0,0.0,0.0,0.0,0.0,0.0,0.0,0.0,0.0,0.0,0.0,0.0,0.0,0.0
0020000837,1610612738,BOS,Boston,1213,,,, ,,,,,,,,,,,,,,,,,,,,
0020000837,1610612738,BOS,Boston,1639,,,, ,,,,,,,,,,,,,,,,,,,,
0020000837,1610612738,BOS,Boston,1641,,,, ,,,,,,,,,,,,,,,,,,,,
0020000837,1610612738,BOS,Boston,1875,,,, ,,,,,,,,,,,,,,,,,,,,
0020000837,1610612738,BOS,Boston,1559,Adrian Griffin,Adrian,,DNP - Coach's Decision,,,,,,,,,,,,,,,,,,,,
0020000837,1610612738,BOS,Boston,1914,Chris Herren,Chris,,DNP - Coach's Decision,,,,,,,,,,,,,,,,,,,,
0020000842,1610612748,MIA,Miami,193,Anthony Mason,Anthony,F,,45:16,2.0,7.0,0.286,0.0,0.0,0.0,10.0,16.0,0.625,5.0,13.0,18.0,4.0,1.0,1.0,0.0,5.0,14.0,6.0
0020000842,1610612748,MIA,Miami,1477,Bruce Bowen,Bruce,G,,27:28,1.0,8.0,0.125,1.0,4.0,0.25,0.0,0.0,0.0,0.0,2.0,2.0,1.0,0.0,1.0,1.0,2.0,3.0,-17.0
0020000842,1610612748,MIA,Miami,258,Brian Grant,Brian,F,,42:32,6.0,11.0,0.545,0.0,0.0,0.0,2.0,2.0,1.0,3.0,7.0,10.0,0.0,0.0,1.0,3.0,2.0,14.0,6.0
0020000842,1610612748,MIA,Miami,224,Eddie Jones,Eddie,G,,38:53,7.0,16.0,0.438,3.0,6.0,0.5,8.0,10.0,0.8,2.0,4.0,6.0,1.0,1.0,0.0,1.0,2.0,25.0,4.0
0020000842,1610612748,MIA,Miami,896,Tim Hardaway,Tim,G,,37:41,6.0,17.0,0.353,1.0,10.0,0.1,4.0,4.0,1.0,0.0,2.0,2.0,7.0,2.0,0.0,4.0,2.0,17.0,5.0
0020000842,1610612748,MIA,Miami,1853,Anthony Carter,Anthony,G,,17:45,4.0,7.0,0.571,0.0,0.0,0.0,0.0,0.0,0.0,0.0,2.0,2.0,3.0,1.0,0.0,1.0,3.0,8.0,-1.0
0020000842,1610612748,MIA,Miami,105,Dan Majerle,Dan,F,,30:18,2.0,4.0,0.5,1.0,2.0,0.5,1.0,1.0,1.0,1.0,1.0,2.0,4.0,1.0,0.0,1.0,3.0,6.0,17.0
0020000842,1610612748,MIA,Miami,920,A.C. Green,A.C.,F,,20:16,4.0,8.0,0.5,0.0,0.0,0.0,2.0,4.0,0.5,4.0,3.0,7.0,0.0,1.0,0.0,0.0,0.0,10.0,0.0
0020000842,1610612748,MIA,Miami,2067,Eddie House,Eddie,G,,4:51,0.0,4.0,0.0,0.0,1.0,0.0,0.0,0.0,0.0,0.0,0.0,0.0,0.0,0.0,0.0,0.0,0.0,0.0,0.0
0020000842,1610612748,MIA,Miami,1642,,,, ,,,,,,,,,,,,,,,,,,,,
0020000842,1610612748,MIA,Miami,1787,,,, ,,,,,,,,,,,,,,,,,,,,
0020000842,1610612748,MIA,Miami,1877,,,, ,,,,,,,,,,,,,,,,,,,,
0020000842,1610612748,MIA,Miami,836,,,, ,,,,,,,,,,,,,,,,,,,,
0020000842,1610612748,MIA,Miami,1276,,,, ,,,,,,,,,,,,,,,,,,,,
0020000842,1610612748,MIA,Miami,1277,,,, ,,,,,,,,,,,,,,,,,,,,
0020000842,1610612748,MIA,Miami,1279,,,, ,,,,,,,,,,,,,,,,,,,,
0020000842,1610612748,MIA,Miami,1280,,,, ,,,,,,,,,,,,,,,,,,,,
0020000842,1610612748,MIA,Miami,1281,,,, ,,,,,,,,,,,,,,,,,,,,
0020000842,1610612748,MIA,Miami,190,Duane Causwell,Duane,,DNP - Coach's Decision,,,,,,,,,,,,,,,,,,,,
0020000842,1610612748,MIA,Miami,76,Cedric Ceballos,Cedric,,DNP - Coach's Decision,,,,,,,,,,,,,,,,,,,,
0020000842,1610612748,MIA,Miami,931,Don MacLean,Don,,DNP - Coach's Decision,,,,,,,,,,,,,,,,,,,,
0020000842,1610612765,DET,Detroit,688,Michael Curry,Michael,G,,35:26,3.0,4.0,0.75,0.0,0.0,0.0,3.0,4.0,0.75,0.0,1.0,1.0,4.0,0.0,0.0,2.0,0.0,9.0,-3.0
0020000842,1610612765,DET,Detroit,693,Joe Smith,Joe,F,,34:53,3.0,10.0,0.3,0.0,0.0,0.0,0.0,0.0,0.0,1.0,3.0,4.0,0.0,1.0,1.0,1.0,6.0,6.0,-4.0
0020000842,1610612765,DET,Detroit,1112,Ben Wallace,Ben,C,,44:48,1.0,3.0,0.333,0.0,0.0,0.0,0.0,0.0,0.0,5.0,15.0,20.0,1.0,0.0,4.0,0.0,3.0,2.0,-1.0
0020000842,1610612765,DET,Detroit,711,Jerry Stackhouse,Jerry,G,,47:08,4.0,23.0,0.174,1.0,4.0,0.25,12.0,15.0,0.8,2.0,2.0,4.0,8.0,0.0,0.0,2.0,5.0,21.0,-1.0
0020000842,1610612765,DET,Detroit,1088,Chucky Atkins,Chucky,G,,43:42,15.0,28.0,0.536,5.0,13.0,0.385,1.0,4.0,0.25,0.0,3.0,3.0,0.0,2.0,0.0,3.0,4.0,36.0,-3.0
0020000842,1610612765,DET,Detroit,1630,Mikki Moore,Mikki,C,,21:47,4.0,6.0,0.667,0.0,0.0,0.0,0.0,0.0,0.0,2.0,2.0,4.0,2.0,0.0,1.0,0.0,4.0,8.0,-2.0
0020000842,1610612765,DET,Detroit,2073,Brian Cardinal,Brian,,,4:07,0.0,0.0,0.0,0.0,0.0,0.0,0.0,0.0,0.0,0.0,0.0,0.0,1.0,0.0,0.0,1.0,2.0,0.0,-3.0
0020000842,1610612765,DET,Detroit,182,Billy Owens,Billy,F,,20:43,4.0,9.0,0.444,1.0,1.0,1.0,0.0,0.0,0.0,4.0,5.0,9.0,2.0,2.0,0.0,1.0,3.0,9.0,-4.0
0020000842,1610612765,DET,Detroit,2043,Mateen Cleaves,Mateen,G,,9:46,1.0,2.0,0.5,0.0,0.0,0.0,0.0,0.0,0.0,0.0,1.0,1.0,1.0,0.0,0.0,2.0,1.0,2.0,1.0
0020000842,1610612765,DET,Detroit,344,Dana Barros,Dana,,,2:39,0.0,0.0,0.0,0.0,0.0,0.0,0.0,0.0,0.0,0.0,0.0,0.0,0.0,0.0,0.0,1.0,0.0,0.0,0.0
0020000842,1610612765,DET,Detroit,1798,,,, ,,,,,,,,,,,,,,,,,,,,
0020000842,1610612765,DET,Detroit,2155,,,, ,,,,,,,,,,,,,,,,,,,,
0020000842,1610612765,DET,Detroit,1996,,,, ,,,,,,,,,,,,,,,,,,,,
0020000842,1610612765,DET,Detroit,1247,,,, ,,,,,,,,,,,,,,,,,,,,
0020000842,1610612765,DET,Detroit,961,John Wallace,John,,DNP - Coach's Decision,,,,,,,,,,,,,,,,,,,,
0020000842,1610612765,DET,Detroit,722,Corliss Williamson,Corliss,,NOT WITH TEAM - FLU,,,,,,,,,,,,,,,,,,,,
0020000849,1610612737,ATL,Atlanta,1544,Chris Crawford,Chris,F,,20:44,7.0,11.0,0.636,0.0,0.0,0.0,2.0,2.0,1.0,0.0,5.0,5.0,0.0,0.0,0.0,1.0,4.0,16.0,-7.0
0020000849,1610612737,ATL,Atlanta,673,Alan Henderson,Alan,F,,13:19,0.0,5.0,0.0,0.0,0.0,0.0,2.0,4.0,0.5,1.0,1.0,2.0,0.0,0.0,1.0,1.0,2.0,2.0,-25.0
0020000849,1610612737,ATL,Atlanta,953,Lorenzen Wright,Lorenzen,F,,19:44,0.0,2.0,0.0,0.0,0.0,0.0,2.0,2.0,1.0,1.0,1.0,2.0,3.0,1.0,2.0,1.0,4.0,2.0,-26.0
0020000849,1610612737,ATL,Atlanta,1510,Brevin Knight,Brevin,G,,32:40,6.0,11.0,0.545,0.0,0.0,0.0,0.0,0.0,0.0,0.0,2.0,2.0,6.0,5.0,0.0,1.0,2.0,12.0,-22.0
0020000849,1610612737,ATL,Atlanta,1891,Jason Terry,Jason,G,,23:18,2.0,9.0,0.222,1.0,4.0,0.25,4.0,4.0,1.0,0.0,2.0,2.0,2.0,0.0,0.0,1.0,5.0,9.0,-29.0
0020000849,1610612737,ATL,Atlanta,1737,Nazr Mohammed,Nazr,C,,22:41,5.0,11.0,0.455,0.0,0.0,0.0,5.0,6.0,0.833,1.0,5.0,6.0,0.0,1.0,0.0,1.0,1.0,15.0,2.0
0020000849,1610612737,ATL,Atlanta,389,Toni Kukoc,Toni,F,,25:09,8.0,13.0,0.615,3.0,3.0,1.0,0.0,0.0,0.0,1.0,4.0,5.0,2.0,0.0,0.0,2.0,0.0,19.0,-7.0
0020000849,1610612737,ATL,Atlanta,2035,DerMarr Johnson,DerMarr,G,,18:55,1.0,4.0,0.25,0.0,0.0,0.0,1.0,1.0,1.0,0.0,1.0,1.0,0.0,0.0,2.0,1.0,2.0,3.0,-6.0
0020000849,1610612737,ATL,Atlanta,2069,Hanno Mottola,Hanno,G,,26:22,3.0,6.0,0.5,0.0,0.0,0.0,4.0,4.0,1.0,0.0,3.0,3.0,2.0,0.0,0.0,0.0,2.0,10.0,-11.0
0020000849,1610612737,ATL,Atlanta,2143,Pepe Sanchez,Pepe,G,,15:20,0.0,2.0,0.0,0.0,0.0,0.0,0.0,0.0,0.0,0.0,0.0,0.0,3.0,0.0,0.0,2.0,0.0,0.0,-7.0
0020000849,1610612737,ATL,Atlanta,1901,Dion Glover,Dion,C,,16:13,2.0,4.0,0.5,1.0,1.0,1.0,0.0,0.0,0.0,0.0,2.0,2.0,4.0,0.0,0.0,0.0,2.0,5.0,-2.0
0020000849,1610612737,ATL,Atlanta,1898,Cal Bowdler,Cal,,,5:35,1.0,1.0,1.0,0.0,0.0,0.0,0.0,0.0,0.0,0.0,1.0,1.0,0.0,0.0,0.0,0.0,0.0,2.0,-5.0
0020000849,1610612737,ATL,Atlanta,1774,,,, ,,,,,,,,,,,,,,,,,,,,
0020000849,1610612737,ATL,Atlanta,1260,,,, ,,,,,,,,,,,,,,,,,,,,
0020000849,1610612737,ATL,Atlanta,2094,,,, ,,,,,,,,,,,,,,,,,,,,
0020000849,1610612737,ATL,Atlanta,2150,,,, ,,,,,,,,,,,,,,,,,,,,
0020000849,1610612737,ATL,Atlanta,2151,,,, ,,,,,,,,,,,,,,,,,,,,
0020000849,1610612759,SAS,San Antonio,198,Danny Ferry,Danny,F,,27:54,3.0,6.0,0.5,3.0,4.0,0.75,2.0,2.0,1.0,0.0,4.0,4.0,4.0,0.0,0.0,2.0,2.0,11.0,23.0
0020000849,1610612759,SAS,San Antonio,1495,Tim Duncan,Tim,G,,34:06,8.0,18.0,0.444,0.0,0.0,0.0,10.0,12.0,0.833,6.0,5.0,11.0,3.0,3.0,2.0,2.0,3.0,26.0,23.0
0020000849,1610612759,SAS,San Antonio,764,David Robinson,David,G,,23:44,3.0,8.0,0.375,0.0,0.0,0.0,10.0,10.0,1.0,7.0,8.0,15.0,3.0,1.0,1.0,3.0,3.0,16.0,33.0
0020000849,1610612759,SAS,San Antonio,345,Terry Porter,Terry,G,,17:50,2.0,6.0,0.333,1.0,3.0,0.333,0.0,0.0,0.0,0.0,0.0,0.0,3.0,1.0,0.0,1.0,1.0,5.0,11.0
0020000849,1610612759,SAS,San Antonio,1507,Derek Anderson,Derek,G,,24:06,5.0,11.0,0.455,0.0,0.0,0.0,2.0,3.0,0.667,1.0,6.0,7.0,3.0,1.0,0.0,1.0,1.0,12.0,20.0
0020000849,1610612759,SAS,San Antonio,422,Avery Johnson,Avery,F,,28:17,4.0,6.0,0.667,0.0,0.0,0.0,0.0,0.0,0.0,1.0,2.0,3.0,3.0,0.0,0.0,0.0,0.0,8.0,21.0
0020000849,1610612759,SAS,San Antonio,1114,Jaren Jackson,Jaren,G,,7:13,1.0,3.0,0.333,0.0,0.0,0.0,0.0,0.0,0.0,0.0,1.0,1.0,0.0,0.0,0.0,0.0,1.0,2.0,-1.0
0020000849,1610612759,SAS,San Antonio,955,Samaki Walker,Samaki,G,,29:10,6.0,12.0,0.5,0.0,0.0,0.0,2.0,4.0,0.5,1.0,9.0,10.0,2.0,1.0,5.0,0.0,5.0,14.0,0.0
0020000849,1610612759,SAS,San Antonio,1498,Antonio Daniels,Antonio,F,,26:37,5.0,6.0,0.833,2.0,2.0,1.0,4.0,6.0,0.667,0.0,4.0,4.0,1.0,0.0,1.0,0.0,2.0,16.0,7.0
0020000849,1610612759,SAS,San Antonio,1760,Derrick Dial,Derrick,C,,12:00,1.0,5.0,0.2,0.0,0.0,0.0,0.0,0.0,0.0,0.0,1.0,1.0,2.0,1.0,0.0,0.0,1.0,2.0,6.0
0020000849,1610612759,SAS,San Antonio,70,Steve Kerr,Steve,,,9:03,5.0,5.0,1.0,2.0,2.0,1.0,0.0,0.0,0.0,0.0,0.0,0.0,3.0,0.0,0.0,0.0,1.0,12.0,2.0
0020000849,1610612759,SAS,San Antonio,873,,,, ,,,,,,,,,,,,,,,,,,,,
0020000849,1610612759,SAS,San Antonio,1264,,,, ,,,,,,,,,,,,,,,,,,,,
0020000849,1610612759,SAS,San Antonio,1331,,,, ,,,,,,,,,,,,,,,,,,,,
0020000849,1610612759,SAS,San Antonio,1371,,,, ,,,,,,,,,,,,,,,,,,,,
0020000849,1610612759,SAS,San Antonio,1658,,,, ,,,,,,,,,,,,,,,,,,,,
0020000849,1610612759,SAS,San Antonio,251,Sean Elliott,Sean,,DNP - Coach's Decision,,,,,,,,,,,,,,,,,,,,
0020000850,1610612743,DEN,Denver,1899,James Posey,James,F,,6:07,1.0,2.0,0.5,0.0,0.0,0.0,0.0,1.0,0.0,0.0,1.0,1.0,1.0,0.0,0.0,0.0,1.0,2.0,-4.0
0020000850,1610612743,DEN,Denver,686,Antonio McDyess,Antonio,F,,23:58,3.0,8.0,0.375,0.0,0.0,0.0,3.0,4.0,0.75,3.0,4.0,7.0,0.0,0.0,0.0,0.0,2.0,9.0,-1.0
0020000850,1610612743,DEN,Denver,1711,Raef LaFrentz,Raef,G,,31:55,4.0,11.0,0.364,0.0,2.0,0.0,0.0,0.0,0.0,1.0,4.0,5.0,1.0,1.0,5.0,2.0,4.0,8.0,-15.0
0020000850,1610612743,DEN,Denver,89,Nick Van Exel,Nick,G,,35:49,9.0,19.0,0.474,2.0,4.0,0.5,2.0,3.0,0.667,0.0,3.0,3.0,4.0,0.0,1.0,6.0,2.0,22.0,-24.0
0020000850,1610612743,DEN,Denver,702,Voshon Lenard,Voshon,G,,20:55,0.0,4.0,0.0,0.0,0.0,0.0,0.0,0.0,0.0,0.0,4.0,4.0,0.0,0.0,0.0,0.0,2.0,0.0,-9.0
0020000850,1610612743,DEN,Denver,1763,Ryan Bowen,Ryan,C,,28:14,4.0,8.0,0.5,1.0,2.0,0.5,0.0,0.0,0.0,2.0,2.0,4.0,2.0,2.0,0.0,0.0,3.0,9.0,2.0
0020000850,1610612743,DEN,Denver,788,Kevin Willis,Kevin,F,,22:11,2.0,6.0,0.333,0.0,0.0,0.0,3.0,4.0,0.75,1.0,4.0,5.0,0.0,3.0,0.0,0.0,1.0,7.0,-4.0
0020000850,1610612743,DEN,Denver,45,George McCloud,George,G,,31:51,2.0,9.0,0.222,0.0,2.0,0.0,3.0,3.0,1.0,2.0,5.0,7.0,2.0,1.0,0.0,1.0,2.0,7.0,-10.0
0020000850,1610612743,DEN,Denver,123,Robert Pack,Robert,G,,23:51,4.0,10.0,0.4,0.0,0.0,0.0,0.0,0.0,0.0,0.0,4.0,4.0,5.0,0.0,0.0,3.0,1.0,8.0,-5.0
0020000850,1610612743,DEN,Denver,1110,Mark Strickland,Mark,F,,12:34,5.0,9.0,0.556,0.0,0.0,0.0,0.0,0.0,0.0,1.0,1.0,2.0,0.0,0.0,0.0,0.0,3.0,10.0,-10.0
0020000850,1610612743,DEN,Denver,426,Terry Davis,Terry,,,2:35,0.0,0.0,0.0,0.0,0.0,0.0,0.0,0.0,0.0,0.0,1.0,1.0,1.0,0.0,0.0,0.0,1.0,0.0,5.0
0020000850,1610612743,DEN,Denver,1784,,,, ,,,,,,,,,,,,,,,,,,,,
0020000850,1610612743,DEN,Denver,1785,,,, ,,,,,,,,,,,,,,,,,,,,
0020000850,1610612743,DEN,Denver,1786,,,, ,,,,,,,,,,,,,,,,,,,,
0020000850,1610612743,DEN,Denver,1207,,,, ,,,,,,,,,,,,,,,,,,,,
0020000850,1610612743,DEN,Denver,1216,,,, ,,,,,,,,,,,,,,,,,,,,
0020000850,1610612743,DEN,Denver,1240,,,, ,,,,,,,,,,,,,,,,,,,,
0020000850,1610612743,DEN,Denver,1241,,,, ,,,,,,,,,,,,,,,,,,,,
0020000850,1610612743,DEN,Denver,1995,,,, ,,,,,,,,,,,,,,,,,,,,
0020000850,1610612743,DEN,Denver,2007,,,, ,,,,,,,,,,,,,,,,,,,,
0020000850,1610612756,PHX,Phoenix,339,Tom Gugliotta,Tom,F,,29:33,6.0,11.0,0.545,0.0,0.0,0.0,7.0,8.0,0.875,4.0,9.0,13.0,1.0,0.0,1.0,0.0,3.0,19.0,21.0
0020000850,1610612756,PHX,Phoenix,361,Clifford Robinson,Clifford,F,,34:57,8.0,20.0,0.4,2.0,5.0,0.4,2.0,2.0,1.0,1.0,5.0,6.0,0.0,3.0,2.0,3.0,1.0,20.0,17.0
0020000850,1610612756,PHX,Phoenix,2054,Jake Tsakalidis,Jake,G,,20:49,3.0,7.0,0.429,0.0,0.0,0.0,0.0,1.0,0.0,1.0,2.0,3.0,0.0,0.0,1.0,0.0,4.0,6.0,1.0
0020000850,1610612756,PHX,Phoenix,467,Jason Kidd,Jason,G,,39:33,1.0,6.0,0.167,0.0,1.0,0.0,5.0,5.0,1.0,2.0,7.0,9.0,19.0,1.0,1.0,3.0,1.0,7.0,18.0
0020000850,1610612756,PHX,Phoenix,53,Mario Elie,Mario,G,,25:04,1.0,3.0,0.333,0.0,1.0,0.0,0.0,0.0,0.0,0.0,6.0,6.0,2.0,1.0,1.0,2.0,0.0,2.0,12.0
0020000850,1610612756,PHX,Phoenix,960,Tony Delk,Tony,F,,28:06,4.0,13.0,0.308,0.0,2.0,0.0,3.0,4.0,0.75,0.0,4.0,4.0,4.0,0.0,2.0,0.0,0.0,11.0,5.0
0020000850,1610612756,PHX,Phoenix,915,Rodney Rogers,Rodney,G,,34:11,8.0,15.0,0.533,1.0,2.0,0.5,1.0,2.0,0.5,1.0,4.0,5.0,3.0,2.0,2.0,2.0,2.0,18.0,10.0
0020000850,1610612756,PHX,Phoenix,219,Vinny Del Negro,Vinny,F,,18:56,5.0,7.0,0.714,0.0,0.0,0.0,2.0,2.0,1.0,0.0,3.0,3.0,1.0,2.0,0.0,0.0,1.0,12.0,-4.0
0020000850,1610612756,PHX,Phoenix,2091,Daniel Santiago,Daniel,,,7:02,1.0,1.0,1.0,0.0,0.0,0.0,0.0,0.0,0.0,0.0,0.0,0.0,0.0,0.0,1.0,0.0,1.0,2.0,-2.0
0020000850,1610612756,PHX,Phoenix,386,Elliot Perry,Elliot,,,1:49,0.0,1.0,0.0,0.0,0.0,0.0,0.0,0.0,0.0,0.0,0.0,0.0,0.0,0.0,0.0,0.0,0.0,0.0,-3.0
0020000850,1610612756,PHX,Phoenix,1653,,,, ,,,,,,,,,,,,,,,,,,,,
0020000850,1610612756,PHX,Phoenix,1654,,,, ,,,,,,,,,,,,,,,,,,,,
0020000850,1610612756,PHX,Phoenix,1227,,,, ,,,,,,,,,,,,,,,,,,,,
0020000850,1610612756,PHX,Phoenix,2160,,,, ,,,,,,,,,,,,,,,,,,,,
0020000850,1610612756,PHX,Phoenix,2161,,,, ,,,,,,,,,,,,,,,,,,,,
0020000850,1610612756,PHX,Phoenix,2008,,,, ,,,,,,,,,,,,,,,,,,,,
0020000850,1610612756,PHX,Phoenix,2015,,,, ,,,,,,,,,,,,,,,,,,,,
0020000850,1610612756,PHX,Phoenix,201,Chris Dudley,Chris,,DNP - Coach's Decision,,,,,,,,,,,,,,,,,,,,
0020000850,1610612756,PHX,Phoenix,1890,Shawn Marion,Shawn,,"Did Not Dress - Right Wrist, Concussion",,,,,,,,,,,,,,,,,,,,
0020000848,1610612745,HOU,Houston,1508,Maurice Taylor,Maurice,G,,31:32,6.0,14.0,0.429,0.0,0.0,0.0,3.0,4.0,0.75,1.0,4.0,5.0,3.0,1.0,0.0,2.0,1.0,15.0,8.0
0020000848,1610612745,HOU,Houston,1005,Walt Williams,Walt,G,,30:23,2.0,6.0,0.333,1.0,4.0,0.25,0.0,0.0,0.0,1.0,3.0,4.0,2.0,0.0,1.0,0.0,3.0,5.0,-7.0
0020000848,1610612745,HOU,Houston,165,Hakeem Olajuwon,Hakeem,C,,33:15,10.0,16.0,0.625,0.0,0.0,0.0,7.0,13.0,0.538,5.0,8.0,13.0,2.0,0.0,1.0,5.0,1.0,27.0,-2.0
0020000848,1610612745,HOU,Houston,1883,Steve Francis,Steve,G,,45:25,8.0,21.0,0.381,3.0,8.0,0.375,2.0,4.0,0.5,3.0,7.0,10.0,4.0,4.0,1.0,3.0,5.0,21.0,0.0
0020000848,1610612745,HOU,Houston,1000,Shandon Anderson,Shandon,G,,44:32,3.0,12.0,0.25,0.0,1.0,0.0,2.0,3.0,0.667,1.0,8.0,9.0,3.0,1.0,0.0,2.0,3.0,8.0,-15.0
0020000848,1610612745,HOU,Houston,1903,Kenny Thomas,Kenny,G,,21:09,2.0,5.0,0.4,0.0,1.0,0.0,0.0,0.0,0.0,1.0,3.0,4.0,0.0,0.0,0.0,1.0,2.0,4.0,-8.0
0020000848,1610612745,HOU,Houston,983,Moochie Norris,Moochie,G,,33:44,6.0,7.0,0.857,1.0,1.0,1.0,2.0,2.0,1.0,0.0,2.0,2.0,4.0,3.0,0.0,2.0,2.0,15.0,-1.0
0020000848,1610612745,HOU,Houston,825,,,, ,,,,,,,,,,,,,,,,,,,,
0020000848,1610612745,HOU,Houston,1997,,,, ,,,,,,,,,,,,,,,,,,,,
0020000848,1610612745,HOU,Houston,1255,,,, ,,,,,,,,,,,,,,,,,,,,
0020000848,1610612745,HOU,Houston,1256,,,, ,,,,,,,,,,,,,,,,,,,,
0020000848,1610612745,HOU,Houston,1257,,,, ,,,,,,,,,,,,,,,,,,,,
0020000848,1610612745,HOU,Houston,1258,,,, ,,,,,,,,,,,,,,,,,,,,
0020000848,1610612745,HOU,Houston,1509,Kelvin Cato,Kelvin,,DNP - Coach's Decision,,,,,,,,,,,,,,,,,,,,
0020000848,1610612745,HOU,Houston,2173,Sean Colson,Sean,,DNP - Coach's Decision,,,,,,,,,,,,,,,,,,,,
0020000848,1610612745,HOU,Houston,2061,Dan Langhi,Dan,,DNP - Coach's Decision,,,,,,,,,,,,,,,,,,,,
0020000848,1610612745,HOU,Houston,1749,Cuttino Mobley,Cuttino,,DND - Sprained Right Ankle,,,,,,,,,,,,,,,,,,,,
0020000848,1610612745,HOU,Houston,435,Carlos Rogers,Carlos,,DNP - Coach's Decision,,,,,,,,,,,,,,,,,,,,
0020000848,1610612742,DAL,Dallas,436,Juwan Howard,Juwan,G,,31:53,8.0,11.0,0.727,0.0,0.0,0.0,3.0,4.0,0.75,0.0,3.0,3.0,0.0,3.0,0.0,2.0,5.0,19.0,-12.0
0020000848,1610612742,DAL,Dallas,1761,Greg Buckner,Greg,F,,17:26,0.0,4.0,0.0,0.0,0.0,0.0,0.0,0.0,0.0,2.0,1.0,3.0,2.0,0.0,0.0,1.0,0.0,0.0,5.0
0020000848,1610612742,DAL,Dallas,1717,Dirk Nowitzki,Dirk,F,,42:55,10.0,18.0,0.556,3.0,6.0,0.5,3.0,3.0,1.0,0.0,13.0,13.0,2.0,0.0,5.0,1.0,2.0,26.0,6.0
0020000848,1610612742,DAL,Dallas,714,Michael Finley,Michael,G,,44:11,11.0,21.0,0.524,1.0,1.0,1.0,4.0,4.0,1.0,2.0,6.0,8.0,5.0,4.0,3.0,4.0,2.0,27.0,-2.0
0020000848,1610612742,DAL,Dallas,959,Steve Nash,Steve,G,,28:41,6.0,13.0,0.462,1.0,3.0,0.333,4.0,4.0,1.0,2.0,3.0,5.0,7.0,0.0,0.0,2.0,3.0,17.0,-4.0
0020000848,1610612742,DAL,Dallas,458,Howard Eisley,Howard,F,,37:12,2.0,8.0,0.25,0.0,1.0,0.0,0.0,0.0,0.0,0.0,3.0,3.0,4.0,1.0,0.0,1.0,5.0,4.0,11.0
0020000848,1610612742,DAL,Dallas,137,Vernon Maxwell,Vernon,G,,22:17,2.0,7.0,0.286,0.0,4.0,0.0,1.0,2.0,0.5,0.0,2.0,2.0,2.0,1.0,0.0,1.0,1.0,5.0,19.0
0020000848,1610612742,DAL,Dallas,2059,Eduardo Najera,Eduardo,,,3:40,0.0,0.0,0.0,0.0,0.0,0.0,0.0,0.0,0.0,0.0,0.0,0.0,0.0,0.0,0.0,0.0,1.0,0.0,0.0
0020000848,1610612742,DAL,Dallas,762,Shawn Bradley,Shawn,,,11:45,1.0,1.0,1.0,0.0,0.0,0.0,0.0,0.0,0.0,0.0,3.0,3.0,0.0,0.0,1.0,1.0,1.0,2.0,2.0
0020000848,1610612742,DAL,Dallas,2154,,,, ,,,,,,,,,,,,,,,,,,,,
0020000848,1610612742,DAL,Dallas,1782,,,, ,,,,,,,,,,,,,,,,,,,,
0020000848,1610612742,DAL,Dallas,1643,,,, ,,,,,,,,,,,,,,,,,,,,
0020000848,1610612742,DAL,Dallas,1233,,,, ,,,,,,,,,,,,,,,,,,,,
0020000848,1610612742,DAL,Dallas,1269,,,, ,,,,,,,,,,,,,,,,,,,,
0020000848,1610612742,DAL,Dallas,1317,,,, ,,,,,,,,,,,,,,,,,,,,
0020000848,1610612742,DAL,Dallas,1370,,,, ,,,,,,,,,,,,,,,,,,,,
0020000848,1610612742,DAL,Dallas,1483,,,, ,,,,,,,,,,,,,,,,,,,,
0020000848,1610612742,DAL,Dallas,95,Mark Bryant,Mark,,DNP - Coach's Decision,,,,,,,,,,,,,,,,,,,,
0020000848,1610612742,DAL,Dallas,2051,Donnell Harvey,Donnell,,DNP - Coach's Decision,,,,,,,,,,,,,,,,,,,,
0020000848,1610612742,DAL,Dallas,718,Gary Trent,Gary,,DNP - Coach's Decision,,,,,,,,,,,,,,,,,,,,
0020000847,1610612741,CHI,Chicago,1897,Metta World Peace,Metta,F,,50:44,6.0,17.0,0.353,0.0,2.0,0.0,4.0,6.0,0.667,2.0,3.0,5.0,5.0,2.0,0.0,3.0,2.0,16.0,-5.0
0020000847,1610612741,CHI,Chicago,1882,Elton Brand,Elton,G,,50:05,11.0,18.0,0.611,0.0,0.0,0.0,9.0,11.0,0.818,1.0,8.0,9.0,5.0,0.0,0.0,4.0,5.0,31.0,-2.0
0020000847,1610612741,CHI,Chicago,1802,Brad Miller,Brad,G,,38:39,6.0,11.0,0.545,0.0,0.0,0.0,2.0,4.0,0.5,4.0,4.0,8.0,5.0,1.0,1.0,3.0,6.0,14.0,10.0
0020000847,1610612741,CHI,Chicago,1724,Bryce Drew,Bryce,G,,42:56,5.0,7.0,0.714,1.0,1.0,1.0,0.0,0.0,0.0,0.0,2.0,2.0,3.0,1.0,0.0,2.0,3.0,11.0,-6.0
0020000847,1610612741,CHI,Chicago,697,Fred Hoiberg,Fred,G,,51:51,9.0,14.0,0.643,4.0,9.0,0.444,6.0,6.0,1.0,0.0,4.0,4.0,13.0,2.0,0.0,0.0,4.0,28.0,-5.0
0020000847,1610612741,CHI,Chicago,1736,Corey Benjamin,Corey,G,,13:34,1.0,5.0,0.2,0.0,2.0,0.0,0.0,0.0,0.0,0.0,0.0,0.0,2.0,0.0,0.0,1.0,3.0,2.0,1.0
0020000847,1610612741,CHI,Chicago,2033,Marcus Fizer,Marcus,G,,21:21,7.0,12.0,0.583,0.0,0.0,0.0,2.0,2.0,1.0,1.0,3.0,4.0,1.0,0.0,0.0,1.0,3.0,16.0,-3.0
0020000847,1610612741,CHI,Chicago,2037,Jamal Crawford,Jamal,F,,15:04,2.0,5.0,0.4,0.0,1.0,0.0,0.0,0.0,0.0,1.0,1.0,2.0,0.0,0.0,0.0,1.0,0.0,4.0,2.0
0020000847,1610612741,CHI,Chicago,1913,Michael Ruffin,Michael,,,5:32,0.0,0.0,0.0,0.0,0.0,0.0,0.0,2.0,0.0,2.0,1.0,3.0,1.0,0.0,0.0,0.0,1.0,0.0,-11.0
0020000847,1610612741,CHI,Chicago,2062,A.J. Guyton,A.J.,,,0:14,0.0,0.0,0.0,0.0,0.0,0.0,0.0,0.0,0.0,0.0,0.0,0.0,0.0,0.0,0.0,0.0,0.0,0.0,-1.0
0020000847,1610612741,CHI,Chicago,2153,,,, ,,,,,,,,,,,,,,,,,,,,
0020000847,1610612741,CHI,Chicago,1220,,,, ,,,,,,,,,,,,,,,,,,,,
0020000847,1610612741,CHI,Chicago,1254,,,, ,,,,,,,,,,,,,,,,,,,,
0020000847,1610612741,CHI,Chicago,1346,,,, ,,,,,,,,,,,,,,,,,,,,
0020000847,1610612741,CHI,Chicago,1779,,,, ,,,,,,,,,,,,,,,,,,,,
0020000847,1610612741,CHI,Chicago,1780,,,, ,,,,,,,,,,,,,,,,,,,,
0020000847,1610612741,CHI,Chicago,2053,Dalibor Bagaric,Dalibor,,DNP - Coach's Decision,,,,,,,,,,,,,,,,,,,,
0020000847,1610612741,CHI,Chicago,1500,Ron Mercer,Ron,,DND - Left ankle sprain,,,,,,,,,,,,,,,,,,,,
0020000847,1610612749,MIL,Milwaukee,679,Jason Caffey,Jason,G,,12:52,2.0,3.0,0.667,0.0,0.0,0.0,0.0,0.0,0.0,3.0,1.0,4.0,0.0,0.0,0.0,1.0,2.0,4.0,3.0
0020000847,1610612749,MIL,Milwaukee,299,Glenn Robinson,Glenn,F,,49:33,14.0,31.0,0.452,0.0,3.0,0.0,3.0,6.0,0.5,3.0,6.0,9.0,3.0,2.0,0.0,2.0,1.0,31.0,-1.0
0020000847,1610612749,MIL,Milwaukee,1032,Darvin Ham,Darvin,G,,39:19,3.0,5.0,0.6,0.0,0.0,0.0,4.0,8.0,0.5,6.0,5.0,11.0,3.0,2.0,3.0,3.0,4.0,10.0,12.0
0020000847,1610612749,MIL,Milwaukee,951,Ray Allen,Ray,G,,47:07,11.0,18.0,0.611,2.0,8.0,0.25,3.0,3.0,1.0,1.0,3.0,4.0,2.0,4.0,0.0,5.0,6.0,27.0,12.0
0020000847,1610612749,MIL,Milwaukee,208,Sam Cassell,Sam,G,,52:19,18.0,24.0,0.75,2.0,3.0,0.667,2.0,2.0,1.0,1.0,1.0,2.0,10.0,0.0,0.0,4.0,5.0,40.0,0.0
0020000847,1610612749,MIL,Milwaukee,911,Ervin Johnson,Ervin,G,,34:54,0.0,0.0,0.0,0.0,0.0,0.0,1.0,2.0,0.5,5.0,8.0,13.0,1.0,0.0,2.0,0.0,6.0,1.0,-18.0
0020000847,1610612749,MIL,Milwaukee,281,Scott Williams,Scott,G,,26:07,2.0,5.0,0.4,0.0,0.0,0.0,4.0,4.0,1.0,1.0,3.0,4.0,0.0,2.0,1.0,0.0,4.0,8.0,4.0
0020000847,1610612749,MIL,Milwaukee,283,Lindsey Hunter,Lindsey,G,,27:25,2.0,12.0,0.167,1.0,4.0,0.25,0.0,0.0,0.0,0.0,1.0,1.0,2.0,0.0,0.0,0.0,0.0,5.0,4.0
0020000847,1610612749,MIL,Milwaukee,998,Mark Pope,Mark,,,0:24,0.0,0.0,0.0,0.0,0.0,0.0,0.0,0.0,0.0,0.0,0.0,0.0,0.0,0.0,0.0,0.0,0.0,0.0,4.0
0020000847,1610612749,MIL,Milwaukee,1355,,,, ,,,,,,,,,,,,,,,,,,,,
0020000847,1610612749,MIL,Milwaukee,1334,,,, ,,,,,,,,,,,,,,,,,,,,
0020000847,1610612749,MIL,Milwaukee,1337,,,, ,,,,,,,,,,,,,,,,,,,,
0020000847,1610612749,MIL,Milwaukee,2157,,,, ,,,,,,,,,,,,,,,,,,,,
0020000847,1610612749,MIL,Milwaukee,1796,,,, ,,,,,,,,,,,,,,,,,,,,
0020000847,1610612749,MIL,Milwaukee,1797,,,, ,,,,,,,,,,,,,,,,,,,,
0020000847,1610612749,MIL,Milwaukee,1747,Rafer Alston,Rafer,,DNP - Coach's Decision,,,,,,,,,,,,,,,,,,,,
0020000847,1610612749,MIL,Milwaukee,2038,Joel Przybilla,Joel,,DNP - Coach's Decision,,,,,,,,,,,,,,,,,,,,
0020000847,1610612749,MIL,Milwaukee,1501,Tim Thomas,Tim,,DND - Sore lower back,,,,,,,,,,,,,,,,,,,,
