GAME_ID,TEAM_ID,TEAM_ABBREVIATION,TEAM_CITY,PLAYER_ID,PLAYER_NAME,NICKNAME,START_POSITION,COMMENT,MIN,FGM,FGA,FG_PCT,FG3M,FG3A,FG3_PCT,FTM,FTA,FT_PCT,OREB,DREB,REB,AST,STL,BLK,TO,PF,PTS,PLUS_MINUS
0020000130,1610612739,CLE,Cleveland,441,Lamond Murray,Lamond,G,,26:15,8.0,14.0,0.571,1.0,1.0,1.0,2.0,4.0,0.5,1.0,1.0,2.0,0.0,1.0,0.0,3.0,5.0,19.0,0.0
0020000130,1610612739,CLE,Cleveland,221,Clar. Weatherspoon,Clar.,G,,36:59,3.0,4.0,0.75,0.0,0.0,0.0,2.0,2.0,1.0,3.0,15.0,18.0,5.0,0.0,1.0,1.0,2.0,8.0,-3.0
0020000130,1610612739,CLE,Cleveland,980,Zydrunas Ilgauskas,Zydrunas,F,,32:01,4.0,8.0,0.5,0.0,0.0,0.0,0.0,0.0,0.0,1.0,7.0,8.0,1.0,1.0,1.0,2.0,4.0,8.0,-9.0
0020000130,1610612739,CLE,Cleveland,1723,Matt Harpring,Matt,G,,35:17,3.0,10.0,0.3,0.0,1.0,0.0,0.0,0.0,0.0,1.0,3.0,4.0,2.0,2.0,0.0,2.0,2.0,6.0,-15.0
0020000130,1610612739,CLE,Cleveland,1889,Andre Miller,Andre,G,,33:17,6.0,16.0,0.375,1.0,2.0,0.5,2.0,4.0,0.5,0.0,3.0,3.0,7.0,1.0,0.0,6.0,3.0,15.0,9.0
0020000130,1610612739,CLE,Cleveland,1538,Cedric Henderson,Cedric,F,,16:00,1.0,5.0,0.2,0.0,0.0,0.0,0.0,0.0,0.0,1.0,2.0,3.0,0.0,1.0,0.0,1.0,1.0,2.0,-7.0
0020000130,1610612739,CLE,Cleveland,902,Bimbo Coles,Bimbo,G,,14:43,0.0,4.0,0.0,0.0,0.0,0.0,0.0,0.0,0.0,0.0,2.0,2.0,2.0,0.0,0.0,0.0,1.0,0.0,-22.0
0020000130,1610612739,CLE,Cleveland,1714,Robert Traylor,Robert,G,,21:14,2.0,4.0,0.5,0.0,0.0,0.0,1.0,2.0,0.5,1.0,3.0,4.0,0.0,0.0,1.0,5.0,4.0,5.0,-18.0
0020000130,1610612739,CLE,Cleveland,1892,Trajan Langdon,Trajan,C,,23:06,2.0,6.0,0.333,1.0,3.0,0.333,6.0,6.0,1.0,0.0,2.0,2.0,3.0,1.0,0.0,1.0,1.0,11.0,-2.0
0020000130,1610612739,CLE,Cleveland,2036,Chris Mihm,Chris,,,1:08,1.0,1.0,1.0,0.0,0.0,0.0,0.0,0.0,0.0,0.0,0.0,0.0,0.0,0.0,0.0,0.0,0.0,2.0,2.0
0020000130,1610612739,CLE,Cleveland,2096,,,, ,,,,,,,,,,,,,,,,,,,,
0020000130,1610612739,CLE,Cleveland,2006,,,, ,,,,,,,,,,,,,,,,,,,,
0020000130,1610612739,CLE,Cleveland,1638,,,, ,,,,,,,,,,,,,,,,,,,,
0020000130,1610612739,CLE,Cleveland,1285,,,, ,,,,,,,,,,,,,,,,,,,,
0020000130,1610612739,CLE,Cleveland,1289,,,, ,,,,,,,,,,,,,,,,,,,,
0020000130,1610612739,CLE,Cleveland,1311,,,, ,,,,,,,,,,,,,,,,,,,,
0020000130,1610612739,CLE,Cleveland,423,Chris Gatling,Chris,,DNP - Coach's Decision,,,,,,,,,,,,,,,,,,,,
0020000130,1610612739,CLE,Cleveland,462,J.R. Reid,J.R.,,DNP - Coach's Decision,,,,,,,,,,,,,,,,,,,,
0020000130,1610612749,MIL,Milwaukee,998,Mark Pope,Mark,F,,21:53,1.0,5.0,0.2,0.0,0.0,0.0,0.0,0.0,0.0,2.0,3.0,5.0,0.0,0.0,0.0,1.0,2.0,2.0,-10.0
0020000130,1610612749,MIL,Milwaukee,299,Glenn Robinson,Glenn,G,,35:21,9.0,15.0,0.6,0.0,1.0,0.0,3.0,4.0,0.75,2.0,6.0,8.0,6.0,1.0,0.0,3.0,3.0,21.0,11.0
0020000130,1610612749,MIL,Milwaukee,2038,Joel Przybilla,Joel,C,,6:19,1.0,2.0,0.5,0.0,0.0,0.0,0.0,0.0,0.0,1.0,3.0,4.0,0.0,0.0,1.0,0.0,3.0,2.0,3.0
0020000130,1610612749,MIL,Milwaukee,951,Ray Allen,Ray,G,,37:45,7.0,20.0,0.35,2.0,9.0,0.222,7.0,7.0,1.0,2.0,3.0,5.0,2.0,1.0,0.0,3.0,0.0,23.0,-1.0
0020000130,1610612749,MIL,Milwaukee,208,Sam Cassell,Sam,G,,35:34,4.0,10.0,0.4,0.0,1.0,0.0,0.0,1.0,0.0,0.0,4.0,4.0,11.0,3.0,0.0,2.0,1.0,8.0,5.0
0020000130,1610612749,MIL,Milwaukee,911,Ervin Johnson,Ervin,G,,26:54,0.0,2.0,0.0,0.0,0.0,0.0,0.0,0.0,0.0,0.0,5.0,5.0,0.0,3.0,1.0,0.0,3.0,0.0,5.0
0020000130,1610612749,MIL,Milwaukee,283,Lindsey Hunter,Lindsey,F,,25:03,5.0,11.0,0.455,2.0,7.0,0.286,1.0,2.0,0.5,0.0,3.0,3.0,2.0,1.0,0.0,1.0,4.0,13.0,24.0
0020000130,1610612749,MIL,Milwaukee,1501,Tim Thomas,Tim,G,,24:28,3.0,9.0,0.333,2.0,4.0,0.5,2.0,2.0,1.0,0.0,0.0,0.0,4.0,1.0,2.0,0.0,0.0,10.0,21.0
0020000130,1610612749,MIL,Milwaukee,679,Jason Caffey,Jason,F,,24:27,5.0,10.0,0.5,0.0,0.0,0.0,0.0,0.0,0.0,2.0,5.0,7.0,0.0,0.0,0.0,0.0,3.0,10.0,11.0
0020000130,1610612749,MIL,Milwaukee,2072,Michael Redd,Michael,,,1:08,0.0,1.0,0.0,0.0,0.0,0.0,0.0,0.0,0.0,0.0,0.0,0.0,0.0,0.0,0.0,0.0,0.0,0.0,-2.0
0020000130,1610612749,MIL,Milwaukee,1747,Rafer Alston,Rafer,,,1:08,0.0,0.0,0.0,0.0,0.0,0.0,0.0,0.0,0.0,0.0,0.0,0.0,0.0,0.0,0.0,0.0,0.0,0.0,-2.0
0020000130,1610612749,MIL,Milwaukee,1796,,,, ,,,,,,,,,,,,,,,,,,,,
0020000130,1610612749,MIL,Milwaukee,1797,,,, ,,,,,,,,,,,,,,,,,,,,
0020000130,1610612749,MIL,Milwaukee,1334,,,, ,,,,,,,,,,,,,,,,,,,,
0020000130,1610612749,MIL,Milwaukee,1337,,,, ,,,,,,,,,,,,,,,,,,,,
0020000130,1610612749,MIL,Milwaukee,1355,,,, ,,,,,,,,,,,,,,,,,,,,
0020000130,1610612749,MIL,Milwaukee,2157,,,, ,,,,,,,,,,,,,,,,,,,,
0020000130,1610612749,MIL,Milwaukee,281,Scott Williams,Scott,,DNP - Coach's Decision,,,,,,,,,,,,,,,,,,,,
0020000133,1610612742,DAL,Dallas,714,Michael Finley,Michael,G,,42:37,12.0,23.0,0.522,1.0,2.0,0.5,1.0,2.0,0.5,1.0,4.0,5.0,1.0,2.0,1.0,5.0,1.0,26.0,11.0
0020000133,1610612742,DAL,Dallas,1717,Dirk Nowitzki,Dirk,G,,38:10,10.0,19.0,0.526,3.0,5.0,0.6,5.0,6.0,0.833,0.0,14.0,14.0,4.0,1.0,1.0,2.0,0.0,28.0,13.0
0020000133,1610612742,DAL,Dallas,762,Shawn Bradley,Shawn,G,,35:50,6.0,10.0,0.6,0.0,0.0,0.0,2.0,2.0,1.0,7.0,5.0,12.0,1.0,0.0,5.0,2.0,4.0,14.0,14.0
0020000133,1610612742,DAL,Dallas,1761,Greg Buckner,Greg,G,,31:26,3.0,7.0,0.429,0.0,0.0,0.0,2.0,4.0,0.5,2.0,4.0,6.0,2.0,2.0,1.0,3.0,5.0,8.0,-2.0
0020000133,1610612742,DAL,Dallas,959,Steve Nash,Steve,G,,38:59,6.0,10.0,0.6,0.0,1.0,0.0,2.0,2.0,1.0,1.0,3.0,4.0,9.0,2.0,0.0,1.0,1.0,14.0,16.0
0020000133,1610612742,DAL,Dallas,93,Hubert Davis,Hubert,F,,21:58,2.0,7.0,0.286,0.0,1.0,0.0,1.0,2.0,0.5,0.0,2.0,2.0,2.0,1.0,0.0,0.0,2.0,5.0,1.0
0020000133,1610612742,DAL,Dallas,458,Howard Eisley,Howard,G,,13:59,1.0,3.0,0.333,0.0,1.0,0.0,0.0,0.0,0.0,0.0,0.0,0.0,1.0,1.0,1.0,0.0,4.0,2.0,-10.0
0020000133,1610612742,DAL,Dallas,2059,Eduardo Najera,Eduardo,G,,10:15,0.0,0.0,0.0,0.0,0.0,0.0,0.0,0.0,0.0,1.0,2.0,3.0,0.0,0.0,0.0,2.0,1.0,0.0,-11.0
0020000133,1610612742,DAL,Dallas,363,Christian Laettner,Christian,,,2:37,0.0,2.0,0.0,0.0,0.0,0.0,0.0,0.0,0.0,1.0,0.0,1.0,0.0,0.0,0.0,1.0,0.0,0.0,-8.0
0020000133,1610612742,DAL,Dallas,919,Loy Vaught,Loy,F,,4:10,1.0,2.0,0.5,0.0,0.0,0.0,0.0,0.0,0.0,0.0,0.0,0.0,0.0,1.0,0.0,0.0,2.0,2.0,-4.0
0020000133,1610612742,DAL,Dallas,1233,,,, ,,,,,,,,,,,,,,,,,,,,
0020000133,1610612742,DAL,Dallas,1269,,,, ,,,,,,,,,,,,,,,,,,,,
0020000133,1610612742,DAL,Dallas,1317,,,, ,,,,,,,,,,,,,,,,,,,,
0020000133,1610612742,DAL,Dallas,1370,,,, ,,,,,,,,,,,,,,,,,,,,
0020000133,1610612742,DAL,Dallas,1483,,,, ,,,,,,,,,,,,,,,,,,,,
0020000133,1610612742,DAL,Dallas,1643,,,, ,,,,,,,,,,,,,,,,,,,,
0020000133,1610612742,DAL,Dallas,2154,,,, ,,,,,,,,,,,,,,,,,,,,
0020000133,1610612742,DAL,Dallas,1782,,,, ,,,,,,,,,,,,,,,,,,,,
0020000133,1610612742,DAL,Dallas,2042,Courtney Alexander,Courtney,,DNP - Coach's Decision,,,,,,,,,,,,,,,,,,,,
0020000133,1610612742,DAL,Dallas,223,Bill Curley,Bill,,DNP - Coach's Decision,,,,,,,,,,,,,,,,,,,,
0020000133,1610612760,SEA,Seattle,452,Vin Baker,Vin,F,,36:21,5.0,13.0,0.385,0.0,1.0,0.0,8.0,9.0,0.889,7.0,1.0,8.0,2.0,1.0,0.0,5.0,3.0,18.0,-10.0
0020000133,1610612760,SEA,Seattle,1740,Rashard Lewis,Rashard,G,,34:02,7.0,13.0,0.538,4.0,8.0,0.5,1.0,1.0,1.0,3.0,2.0,5.0,1.0,2.0,1.0,2.0,3.0,19.0,-16.0
0020000133,1610612760,SEA,Seattle,121,Patrick Ewing,Patrick,F,,31:01,3.0,13.0,0.231,0.0,0.0,0.0,1.0,2.0,0.5,2.0,10.0,12.0,0.0,0.0,2.0,2.0,0.0,7.0,-9.0
0020000133,1610612760,SEA,Seattle,1739,Ruben Patterson,Ruben,G,,38:14,6.0,11.0,0.545,0.0,1.0,0.0,1.0,2.0,0.5,3.0,2.0,5.0,4.0,4.0,0.0,3.0,3.0,13.0,-1.0
0020000133,1610612760,SEA,Seattle,56,Gary Payton,Gary,G,,44:20,8.0,25.0,0.32,2.0,7.0,0.286,4.0,5.0,0.8,3.0,5.0,8.0,9.0,1.0,0.0,3.0,2.0,22.0,-7.0
0020000133,1610612760,SEA,Seattle,699,Brent Barry,Brent,F,,20:56,1.0,9.0,0.111,1.0,8.0,0.125,0.0,0.0,0.0,0.0,0.0,0.0,2.0,1.0,0.0,0.0,1.0,3.0,2.0
0020000133,1610612760,SEA,Seattle,2106,Ruben Wolkowyski,Ruben,F,,18:07,1.0,2.0,0.5,0.0,0.0,0.0,5.0,5.0,1.0,1.0,2.0,3.0,1.0,0.0,0.0,0.0,4.0,7.0,6.0
0020000133,1610612760,SEA,Seattle,442,Pervis Ellison,Pervis,,,0:19,0.0,0.0,0.0,0.0,0.0,0.0,0.0,0.0,0.0,0.0,0.0,0.0,0.0,0.0,0.0,0.0,0.0,0.0,0.0
0020000133,1610612760,SEA,Seattle,1023,Emanual Davis,Emanual,G,,6:22,2.0,2.0,1.0,1.0,1.0,1.0,1.0,1.0,1.0,0.0,3.0,3.0,1.0,1.0,0.0,1.0,0.0,6.0,9.0
0020000133,1610612760,SEA,Seattle,1741,Jelani McCoy,Jelani,F,,3:40,0.0,0.0,0.0,0.0,0.0,0.0,0.0,0.0,0.0,0.0,0.0,0.0,0.0,0.0,0.0,0.0,0.0,0.0,3.0
0020000133,1610612760,SEA,Seattle,2046,Desmond Mason,Desmond,C,,6:39,0.0,1.0,0.0,0.0,0.0,0.0,0.0,0.0,0.0,0.0,3.0,3.0,1.0,0.0,0.0,0.0,1.0,0.0,3.0
0020000133,1610612760,SEA,Seattle,1777,,,, ,,,,,,,,,,,,,,,,,,,,
0020000133,1610612760,SEA,Seattle,1778,,,, ,,,,,,,,,,,,,,,,,,,,
0020000133,1610612760,SEA,Seattle,1335,,,, ,,,,,,,,,,,,,,,,,,,,
0020000133,1610612760,SEA,Seattle,1338,,,, ,,,,,,,,,,,,,,,,,,,,
0020000133,1610612760,SEA,Seattle,1349,,,, ,,,,,,,,,,,,,,,,,,,,
0020000133,1610612760,SEA,Seattle,1742,Shammond Williams,Shammond,,DNP - Coach's Decision,,,,,,,,,,,,,,,,,,,,
0020000127,1610612748,MIA,Miami,193,Anthony Mason,Anthony,G,,42:23,1.0,6.0,0.167,0.0,0.0,0.0,5.0,6.0,0.833,1.0,5.0,6.0,7.0,2.0,1.0,2.0,1.0,7.0,-15.0
0020000127,1610612748,MIA,Miami,258,Brian Grant,Brian,G,,32:43,8.0,15.0,0.533,0.0,0.0,0.0,0.0,0.0,0.0,3.0,8.0,11.0,2.0,1.0,0.0,1.0,2.0,16.0,-14.0
0020000127,1610612748,MIA,Miami,190,Duane Causwell,Duane,F,,23:32,3.0,6.0,0.5,0.0,0.0,0.0,1.0,4.0,0.25,3.0,3.0,6.0,0.0,0.0,2.0,0.0,4.0,7.0,-10.0
0020000127,1610612748,MIA,Miami,1477,Bruce Bowen,Bruce,G,,32:07,3.0,10.0,0.3,2.0,8.0,0.25,0.0,0.0,0.0,0.0,2.0,2.0,1.0,0.0,1.0,0.0,3.0,8.0,-10.0
0020000127,1610612748,MIA,Miami,896,Tim Hardaway,Tim,G,,26:41,4.0,11.0,0.364,2.0,4.0,0.5,4.0,4.0,1.0,1.0,1.0,2.0,1.0,3.0,0.0,5.0,2.0,14.0,-11.0
0020000127,1610612748,MIA,Miami,1853,Anthony Carter,Anthony,G,,29:13,3.0,5.0,0.6,0.0,0.0,0.0,0.0,0.0,0.0,0.0,2.0,2.0,4.0,0.0,0.0,4.0,3.0,6.0,-14.0
0020000127,1610612748,MIA,Miami,920,A.C. Green,A.C.,G,,20:28,1.0,6.0,0.167,0.0,0.0,0.0,0.0,0.0,0.0,1.0,0.0,1.0,1.0,0.0,0.0,0.0,1.0,2.0,-10.0
0020000127,1610612748,MIA,Miami,2067,Eddie House,Eddie,G,,15:20,5.0,11.0,0.455,0.0,1.0,0.0,1.0,2.0,0.5,0.0,1.0,1.0,0.0,2.0,0.0,0.0,2.0,11.0,-7.0
0020000127,1610612748,MIA,Miami,1554,Jamal Robinson,Jamal,F,,12:25,1.0,4.0,0.25,0.0,0.0,0.0,0.0,0.0,0.0,0.0,2.0,2.0,0.0,1.0,0.0,0.0,0.0,2.0,-10.0
0020000127,1610612748,MIA,Miami,957,Todd Fuller,Todd,,,5:08,0.0,3.0,0.0,0.0,0.0,0.0,0.0,0.0,0.0,3.0,2.0,5.0,0.0,0.0,0.0,1.0,0.0,0.0,-4.0
0020000127,1610612748,MIA,Miami,1787,,,, ,,,,,,,,,,,,,,,,,,,,
0020000127,1610612748,MIA,Miami,1642,,,, ,,,,,,,,,,,,,,,,,,,,
0020000127,1610612748,MIA,Miami,1877,,,, ,,,,,,,,,,,,,,,,,,,,
0020000127,1610612748,MIA,Miami,1276,,,, ,,,,,,,,,,,,,,,,,,,,
0020000127,1610612748,MIA,Miami,1277,,,, ,,,,,,,,,,,,,,,,,,,,
0020000127,1610612748,MIA,Miami,1279,,,, ,,,,,,,,,,,,,,,,,,,,
0020000127,1610612748,MIA,Miami,1280,,,, ,,,,,,,,,,,,,,,,,,,,
0020000127,1610612748,MIA,Miami,1281,,,, ,,,,,,,,,,,,,,,,,,,,
0020000127,1610612748,MIA,Miami,836,,,, ,,,,,,,,,,,,,,,,,,,,
0020000127,1610612748,MIA,Miami,224,Eddie Jones,Eddie,,DND - Strained Right Calf,,,,,,,,,,,,,,,,,,,,
0020000127,1610612755,PHI,Philadelphia,248,George Lynch,George,G,,33:14,3.0,7.0,0.429,1.0,1.0,1.0,0.0,0.0,0.0,0.0,3.0,3.0,1.0,3.0,0.0,1.0,3.0,7.0,20.0
0020000127,1610612755,PHI,Philadelphia,238,Tyrone Hill,Tyrone,G,,35:10,5.0,11.0,0.455,0.0,0.0,0.0,2.0,2.0,1.0,3.0,6.0,9.0,1.0,0.0,0.0,1.0,3.0,12.0,16.0
0020000127,1610612755,PHI,Philadelphia,689,Theo Ratliff,Theo,G,,31:49,4.0,4.0,1.0,0.0,0.0,0.0,2.0,4.0,0.5,0.0,5.0,5.0,1.0,0.0,4.0,2.0,2.0,10.0,8.0
0020000127,1610612755,PHI,Philadelphia,727,Eric Snow,Eric,G,,33:16,5.0,9.0,0.556,0.0,0.0,0.0,4.0,4.0,1.0,1.0,1.0,2.0,4.0,1.0,0.0,4.0,3.0,14.0,18.0
0020000127,1610612755,PHI,Philadelphia,947,Allen Iverson,Allen,G,,34:17,8.0,18.0,0.444,0.0,1.0,0.0,3.0,3.0,1.0,1.0,5.0,6.0,5.0,2.0,0.0,2.0,4.0,19.0,15.0
0020000127,1610612755,PHI,Philadelphia,389,Toni Kukoc,Toni,F,,15:58,2.0,5.0,0.4,0.0,1.0,0.0,2.0,2.0,1.0,1.0,1.0,2.0,2.0,0.0,1.0,0.0,1.0,6.0,8.0
0020000127,1610612755,PHI,Philadelphia,243,Aaron McKie,Aaron,F,,21:57,4.0,6.0,0.667,1.0,1.0,1.0,2.0,2.0,1.0,0.0,2.0,2.0,6.0,1.0,0.0,2.0,1.0,11.0,8.0
0020000127,1610612755,PHI,Philadelphia,1928,Todd MacCulloch,Todd,G,,6:46,3.0,4.0,0.75,0.0,0.0,0.0,0.0,0.0,0.0,0.0,1.0,1.0,0.0,1.0,0.0,0.0,2.0,6.0,1.0
0020000127,1610612755,PHI,Philadelphia,137,Vernon Maxwell,Vernon,C,,13:05,3.0,7.0,0.429,1.0,3.0,0.333,0.0,0.0,0.0,0.0,1.0,1.0,1.0,0.0,0.0,1.0,0.0,7.0,3.0
0020000127,1610612755,PHI,Philadelphia,1908,Jumaine Jones,Jumaine,,,6:58,0.0,0.0,0.0,0.0,0.0,0.0,0.0,0.0,0.0,1.0,1.0,2.0,0.0,0.0,1.0,1.0,0.0,0.0,4.0
0020000127,1610612755,PHI,Philadelphia,2143,Pepe Sanchez,Pepe,,,3:45,0.0,0.0,0.0,0.0,0.0,0.0,0.0,0.0,0.0,0.0,0.0,0.0,2.0,0.0,0.0,0.0,0.0,0.0,2.0
0020000127,1610612755,PHI,Philadelphia,1737,Nazr Mohammed,Nazr,,,3:45,1.0,2.0,0.5,0.0,0.0,0.0,0.0,0.0,0.0,0.0,2.0,2.0,0.0,0.0,0.0,1.0,0.0,2.0,2.0
0020000127,1610612755,PHI,Philadelphia,1865,,,, ,,,,,,,,,,,,,,,,,,,,
0020000127,1610612755,PHI,Philadelphia,1212,,,, ,,,,,,,,,,,,,,,,,,,,
0020000127,1610612755,PHI,Philadelphia,1259,,,, ,,,,,,,,,,,,,,,,,,,,
0020000127,1610612755,PHI,Philadelphia,1308,,,, ,,,,,,,,,,,,,,,,,,,,
0020000127,1610612755,PHI,Philadelphia,1312,,,, ,,,,,,,,,,,,,,,,,,,,
0020000127,1610612755,PHI,Philadelphia,1313,,,, ,,,,,,,,,,,,,,,,,,,,
0020000127,1610612755,PHI,Philadelphia,2169,,,, ,,,,,,,,,,,,,,,,,,,,
0020000129,1610612744,GSW,Golden State,228,Adam Keefe,Adam,F,,30:16,2.0,3.0,0.667,0.0,0.0,0.0,2.0,2.0,1.0,4.0,8.0,12.0,2.0,0.0,1.0,1.0,1.0,6.0,14.0
0020000129,1610612744,GSW,Golden State,1712,Antawn Jamison,Antawn,F,,43:46,11.0,22.0,0.5,0.0,2.0,0.0,6.0,6.0,1.0,1.0,5.0,6.0,0.0,0.0,1.0,2.0,3.0,28.0,0.0
0020000129,1610612744,GSW,Golden State,956,Erick Dampier,Erick,G,,39:16,9.0,18.0,0.5,0.0,0.0,0.0,2.0,3.0,0.667,5.0,3.0,8.0,1.0,2.0,2.0,6.0,5.0,20.0,-10.0
0020000129,1610612744,GSW,Golden State,1716,Larry Hughes,Larry,G,,42:10,5.0,11.0,0.455,0.0,1.0,0.0,9.0,10.0,0.9,0.0,8.0,8.0,4.0,0.0,1.0,2.0,4.0,19.0,-6.0
0020000129,1610612744,GSW,Golden State,302,Mookie Blaylock,Mookie,G,,42:49,5.0,14.0,0.357,1.0,3.0,0.333,0.0,0.0,0.0,4.0,3.0,7.0,7.0,3.0,0.0,1.0,4.0,11.0,0.0
0020000129,1610612744,GSW,Golden State,168,Chris Mills,Chris,G,,22:06,1.0,8.0,0.125,0.0,0.0,0.0,2.0,2.0,1.0,1.0,2.0,3.0,2.0,0.0,0.0,1.0,2.0,4.0,1.0
0020000129,1610612744,GSW,Golden State,904,Chris Mullin,Chris,,,13:47,1.0,3.0,0.333,0.0,1.0,0.0,2.0,2.0,1.0,0.0,1.0,1.0,4.0,1.0,1.0,2.0,1.0,4.0,9.0
0020000129,1610612744,GSW,Golden State,988,Randy Livingston,Randy,,,0:21,0.0,0.0,0.0,0.0,0.0,0.0,0.0,0.0,0.0,0.0,0.0,0.0,0.0,0.0,0.0,0.0,0.0,0.0,0.0
0020000129,1610612744,GSW,Golden State,1531,Marc Jackson,Marc,,,2:14,0.0,0.0,0.0,0.0,0.0,0.0,0.0,0.0,0.0,0.0,1.0,1.0,0.0,0.0,0.0,0.0,0.0,0.0,0.0
0020000129,1610612744,GSW,Golden State,1502,Adonal Foyle,Adonal,,,3:16,0.0,0.0,0.0,0.0,0.0,0.0,0.0,0.0,0.0,0.0,0.0,0.0,0.0,0.0,3.0,0.0,0.0,0.0,2.0
0020000129,1610612744,GSW,Golden State,1637,,,, ,,,,,,,,,,,,,,,,,,,,
0020000129,1610612744,GSW,Golden State,1323,,,, ,,,,,,,,,,,,,,,,,,,,
0020000129,1610612744,GSW,Golden State,1350,,,, ,,,,,,,,,,,,,,,,,,,,
0020000129,1610612744,GSW,Golden State,1373,,,, ,,,,,,,,,,,,,,,,,,,,
0020000129,1610612744,GSW,Golden State,1217,,,, ,,,,,,,,,,,,,,,,,,,,
0020000129,1610612744,GSW,Golden State,1252,,,, ,,,,,,,,,,,,,,,,,,,,
0020000129,1610612744,GSW,Golden State,500093,,,, ,,,,,,,,,,,,,,,,,,,,
0020000129,1610612744,GSW,Golden State,219,Vinny Del Negro,Vinny,,DND - Sprained Lt Ankle,,,,,,,,,,,,,,,,,,,,
0020000129,1610612744,GSW,Golden State,2084,Chris Porter,Chris,,DNP - Coach's Decision,,,,,,,,,,,,,,,,,,,,
0020000129,1610612754,IND,Indiana,1506,Austin Croshere,Austin,G,,35:20,5.0,20.0,0.25,2.0,6.0,0.333,2.0,2.0,1.0,5.0,5.0,10.0,1.0,2.0,0.0,0.0,4.0,14.0,-7.0
0020000129,1610612754,IND,Indiana,979,Jermaine O'Neal,Jermaine,F,,9:22,0.0,4.0,0.0,0.0,0.0,0.0,0.0,0.0,0.0,0.0,4.0,4.0,0.0,0.0,2.0,1.0,0.0,0.0,-7.0
0020000129,1610612754,IND,Indiana,64,Sam Perkins,Sam,G,,17:16,1.0,5.0,0.2,1.0,3.0,0.333,0.0,0.0,0.0,2.0,2.0,4.0,0.0,0.0,1.0,1.0,2.0,3.0,-1.0
0020000129,1610612754,IND,Indiana,397,Reggie Miller,Reggie,G,,41:25,10.0,15.0,0.667,4.0,6.0,0.667,6.0,6.0,1.0,1.0,5.0,6.0,5.0,1.0,0.0,0.0,1.0,30.0,-8.0
0020000129,1610612754,IND,Indiana,696,Travis Best,Travis,G,,39:26,5.0,13.0,0.385,0.0,2.0,0.0,2.0,2.0,1.0,0.0,2.0,2.0,12.0,1.0,0.0,2.0,3.0,12.0,1.0
0020000129,1610612754,IND,Indiana,1902,Jeff Foster,Jeff,F,,29:42,6.0,10.0,0.6,0.0,0.0,0.0,0.0,2.0,0.0,5.0,4.0,9.0,1.0,2.0,2.0,1.0,3.0,12.0,10.0
0020000129,1610612754,IND,Indiana,440,Zan Tabak,Zan,G,,15:14,2.0,6.0,0.333,0.0,0.0,0.0,0.0,0.0,0.0,1.0,3.0,4.0,0.0,0.0,1.0,0.0,2.0,4.0,-16.0
0020000129,1610612754,IND,Indiana,365,Derrick McKey,Derrick,F,,29:54,3.0,10.0,0.3,0.0,0.0,0.0,2.0,2.0,1.0,2.0,2.0,4.0,1.0,3.0,0.0,0.0,2.0,8.0,11.0
0020000129,1610612754,IND,Indiana,1886,Jonathan Bender,Jonathan,G,,16:07,3.0,7.0,0.429,0.0,0.0,0.0,1.0,1.0,1.0,1.0,1.0,2.0,1.0,0.0,1.0,3.0,2.0,7.0,6.0
0020000129,1610612754,IND,Indiana,721,Tyus Edney,Tyus,,,6:14,0.0,1.0,0.0,0.0,0.0,0.0,0.0,0.0,0.0,0.0,0.0,0.0,2.0,1.0,0.0,2.0,0.0,0.0,1.0
0020000129,1610612754,IND,Indiana,1857,,,, ,,,,,,,,,,,,,,,,,,,,
0020000129,1610612754,IND,Indiana,2099,,,, ,,,,,,,,,,,,,,,,,,,,
0020000129,1610612754,IND,Indiana,2100,,,, ,,,,,,,,,,,,,,,,,,,,
0020000129,1610612754,IND,Indiana,2165,,,, ,,,,,,,,,,,,,,,,,,,,
0020000129,1610612754,IND,Indiana,1263,,,, ,,,,,,,,,,,,,,,,,,,,
0020000129,1610612754,IND,Indiana,1299,,,, ,,,,,,,,,,,,,,,,,,,,
0020000129,1610612754,IND,Indiana,1306,,,, ,,,,,,,,,,,,,,,,,,,,
0020000129,1610612754,IND,Indiana,1733,Al Harrington,Al,,DND - Sprained Rt. Ankle,,,,,,,,,,,,,,,,,,,,
0020000129,1610612754,IND,Indiana,147,Jalen Rose,Jalen,,DND - Fractured Lt Wrist,,,,,,,,,,,,,,,,,,,,
0020000128,1610612765,DET,Detroit,1112,Ben Wallace,Ben,F,,29:08,3.0,4.0,0.75,0.0,0.0,0.0,0.0,3.0,0.0,0.0,8.0,8.0,0.0,1.0,2.0,1.0,1.0,6.0,-3.0
0020000128,1610612765,DET,Detroit,711,Jerry Stackhouse,Jerry,F,,35:33,7.0,21.0,0.333,1.0,7.0,0.143,10.0,10.0,1.0,0.0,1.0,1.0,5.0,1.0,0.0,4.0,3.0,25.0,-3.0
0020000128,1610612765,DET,Detroit,376,Eric Montross,Eric,C,,12:50,0.0,2.0,0.0,0.0,0.0,0.0,0.0,0.0,0.0,1.0,3.0,4.0,1.0,0.0,0.0,0.0,2.0,0.0,-4.0
0020000128,1610612765,DET,Detroit,1088,Chucky Atkins,Chucky,G,,31:50,2.0,13.0,0.154,1.0,2.0,0.5,2.0,4.0,0.5,1.0,2.0,3.0,4.0,0.0,0.0,3.0,3.0,7.0,-3.0
0020000128,1610612765,DET,Detroit,688,Michael Curry,Michael,G,,18:19,2.0,3.0,0.667,0.0,0.0,0.0,2.0,2.0,1.0,1.0,2.0,3.0,1.0,2.0,0.0,0.0,2.0,6.0,2.0
0020000128,1610612765,DET,Detroit,966,Jerome Williams,Jerome,F,,29:36,3.0,7.0,0.429,0.0,0.0,0.0,4.0,4.0,1.0,3.0,9.0,12.0,1.0,0.0,0.0,2.0,1.0,10.0,7.0
0020000128,1610612765,DET,Detroit,182,Billy Owens,Billy,G,,10:13,2.0,2.0,1.0,0.0,0.0,0.0,0.0,0.0,0.0,1.0,0.0,1.0,0.0,0.0,0.0,0.0,1.0,4.0,-3.0
0020000128,1610612765,DET,Detroit,2043,Mateen Cleaves,Mateen,F,,16:10,3.0,6.0,0.5,0.0,0.0,0.0,2.0,3.0,0.667,1.0,1.0,2.0,4.0,0.0,0.0,3.0,2.0,8.0,10.0
0020000128,1610612765,DET,Detroit,1630,Mikki Moore,Mikki,G,,12:12,4.0,4.0,1.0,0.0,0.0,0.0,2.0,4.0,0.5,2.0,1.0,3.0,1.0,0.0,1.0,1.0,2.0,10.0,11.0
0020000128,1610612765,DET,Detroit,146,Jud Buechler,Jud,G,,12:27,1.0,2.0,0.5,1.0,1.0,1.0,1.0,2.0,0.5,0.0,1.0,1.0,3.0,0.0,0.0,0.0,0.0,4.0,10.0
0020000128,1610612765,DET,Detroit,76,Cedric Ceballos,Cedric,F,,19:28,4.0,7.0,0.571,2.0,4.0,0.5,0.0,0.0,0.0,2.0,5.0,7.0,1.0,1.0,0.0,3.0,3.0,10.0,8.0
0020000128,1610612765,DET,Detroit,961,John Wallace,John,,,12:15,3.0,5.0,0.6,0.0,0.0,0.0,0.0,0.0,0.0,0.0,3.0,3.0,0.0,0.0,2.0,0.0,1.0,6.0,3.0
0020000128,1610612765,DET,Detroit,1798,,,, ,,,,,,,,,,,,,,,,,,,,
0020000128,1610612765,DET,Detroit,1996,,,, ,,,,,,,,,,,,,,,,,,,,
0020000128,1610612765,DET,Detroit,1247,,,, ,,,,,,,,,,,,,,,,,,,,
0020000128,1610612765,DET,Detroit,2155,,,, ,,,,,,,,,,,,,,,,,,,,
0020000128,1610612766,CHH,Charlotte,469,Jamal Mashburn,Jamal,F,,40:02,8.0,14.0,0.571,1.0,3.0,0.333,4.0,6.0,0.667,1.0,11.0,12.0,4.0,1.0,0.0,5.0,2.0,21.0,1.0
0020000128,1610612766,CHH,Charlotte,136,P.J. Brown,P.J.,F,,33:14,4.0,9.0,0.444,0.0,0.0,0.0,0.0,0.0,0.0,2.0,3.0,5.0,1.0,1.0,1.0,1.0,3.0,8.0,1.0
0020000128,1610612766,CHH,Charlotte,922,Elden Campbell,Elden,C,,30:13,5.0,14.0,0.357,0.0,0.0,0.0,4.0,8.0,0.5,1.0,5.0,6.0,1.0,1.0,1.0,0.0,5.0,14.0,1.0
0020000128,1610612766,CHH,Charlotte,1884,Baron Davis,Baron,G,,32:53,1.0,9.0,0.111,0.0,2.0,0.0,4.0,4.0,1.0,1.0,2.0,3.0,6.0,0.0,0.0,4.0,5.0,6.0,-4.0
0020000128,1610612766,CHH,Charlotte,133,David Wesley,David,G,,39:32,8.0,19.0,0.421,1.0,4.0,0.25,3.0,3.0,1.0,2.0,1.0,3.0,5.0,5.0,0.0,3.0,6.0,20.0,-1.0
0020000128,1610612766,CHH,Charlotte,695,Eldridge Recasner,Eldridge,G,,15:15,2.0,6.0,0.333,1.0,3.0,0.333,0.0,0.0,0.0,0.0,2.0,2.0,2.0,0.0,0.0,0.0,1.0,5.0,-3.0
0020000128,1610612766,CHH,Charlotte,934,Derrick Coleman,Derrick,G,,24:17,3.0,5.0,0.6,1.0,1.0,1.0,2.0,2.0,1.0,1.0,5.0,6.0,1.0,0.0,1.0,0.0,2.0,9.0,-12.0
0020000128,1610612766,CHH,Charlotte,2048,Jamaal Magloire,Jamaal,F,,8:16,1.0,3.0,0.333,0.0,0.0,0.0,0.0,0.0,0.0,0.0,0.0,0.0,0.0,0.0,0.0,0.0,2.0,2.0,-4.0
0020000128,1610612766,CHH,Charlotte,765,Hersey Hawkins,Hersey,G,,8:19,0.0,1.0,0.0,0.0,0.0,0.0,0.0,1.0,0.0,0.0,0.0,0.0,2.0,0.0,0.0,0.0,1.0,0.0,-6.0
0020000128,1610612766,CHH,Charlotte,1944,Eddie Robinson,Eddie,F,,7:58,2.0,4.0,0.5,0.0,0.0,0.0,0.0,0.0,0.0,1.0,0.0,1.0,1.0,1.0,0.0,1.0,1.0,4.0,-8.0
0020000128,1610612766,CHH,Charlotte,1992,,,, ,,,,,,,,,,,,,,,,,,,,
0020000128,1610612766,CHH,Charlotte,1215,,,, ,,,,,,,,,,,,,,,,,,,,
0020000128,1610612766,CHH,Charlotte,1218,,,, ,,,,,,,,,,,,,,,,,,,,
0020000128,1610612766,CHH,Charlotte,2152,,,, ,,,,,,,,,,,,,,,,,,,,
0020000128,1610612766,CHH,Charlotte,1316,,,, ,,,,,,,,,,,,,,,,,,,,
0020000128,1610612766,CHH,Charlotte,1906,Tim James,Tim,,DNP - Coach's Decision,,,,,,,,,,,,,,,,,,,,
0020000128,1610612766,CHH,Charlotte,1924,Lee Nailon,Lee,,DNP - Coach's Decision,,,,,,,,,,,,,,,,,,,,
0020000126,1610612737,ATL,Atlanta,2035,DerMarr Johnson,DerMarr,F,,32:48,4.0,9.0,0.444,0.0,1.0,0.0,0.0,0.0,0.0,1.0,3.0,4.0,2.0,2.0,1.0,1.0,2.0,8.0,8.0
0020000126,1610612737,ATL,Atlanta,673,Alan Henderson,Alan,F,,27:39,4.0,8.0,0.5,0.0,0.0,0.0,4.0,4.0,1.0,2.0,2.0,4.0,2.0,0.0,0.0,2.0,5.0,12.0,8.0
0020000126,1610612737,ATL,Atlanta,87,Dikembe Mutombo,Dikembe,C,,26:29,4.0,7.0,0.571,0.0,0.0,0.0,2.0,2.0,1.0,0.0,5.0,5.0,2.0,0.0,0.0,3.0,3.0,10.0,-8.0
0020000126,1610612737,ATL,Atlanta,1074,Matt Maloney,Matt,G,,26:02,5.0,6.0,0.833,3.0,3.0,1.0,0.0,0.0,0.0,0.0,0.0,0.0,3.0,3.0,0.0,1.0,2.0,13.0,-8.0
0020000126,1610612737,ATL,Atlanta,754,Jim Jackson,Jim,G,,41:36,7.0,15.0,0.467,2.0,6.0,0.333,4.0,4.0,1.0,0.0,6.0,6.0,3.0,2.0,0.0,5.0,3.0,20.0,-3.0
0020000126,1610612737,ATL,Atlanta,953,Lorenzen Wright,Lorenzen,C,,24:43,3.0,8.0,0.375,0.0,0.0,0.0,1.0,2.0,0.5,0.0,6.0,6.0,0.0,1.0,2.0,1.0,5.0,7.0,0.0
0020000126,1610612737,ATL,Atlanta,2069,Hanno Mottola,Hanno,F,,17:09,2.0,5.0,0.4,0.0,0.0,0.0,4.0,6.0,0.667,3.0,1.0,4.0,0.0,0.0,1.0,2.0,1.0,8.0,-14.0
0020000126,1610612737,ATL,Atlanta,1891,Jason Terry,Jason,G,,21:58,6.0,6.0,1.0,1.0,1.0,1.0,2.0,2.0,1.0,0.0,1.0,1.0,4.0,0.0,0.0,1.0,2.0,15.0,1.0
0020000126,1610612737,ATL,Atlanta,1683,Larry Robinson,Larry,G,,17:58,2.0,8.0,0.25,2.0,6.0,0.333,0.0,0.0,0.0,1.0,1.0,2.0,2.0,0.0,0.0,1.0,1.0,6.0,-19.0
0020000126,1610612737,ATL,Atlanta,1533,Anthony Johnson,Anthony,,,3:38,0.0,1.0,0.0,0.0,0.0,0.0,0.0,0.0,0.0,0.0,1.0,1.0,0.0,0.0,0.0,0.0,0.0,0.0,0.0
0020000126,1610612737,ATL,Atlanta,1774,,,, ,,,,,,,,,,,,,,,,,,,,
0020000126,1610612737,ATL,Atlanta,1260,,,, ,,,,,,,,,,,,,,,,,,,,
0020000126,1610612737,ATL,Atlanta,2094,,,, ,,,,,,,,,,,,,,,,,,,,
0020000126,1610612737,ATL,Atlanta,2150,,,, ,,,,,,,,,,,,,,,,,,,,
0020000126,1610612737,ATL,Atlanta,2151,,,, ,,,,,,,,,,,,,,,,,,,,
0020000126,1610612737,ATL,Atlanta,1898,Cal Bowdler,Cal,,DNP - Coach's Decision,,,,,,,,,,,,,,,,,,,,
0020000126,1610612737,ATL,Atlanta,1544,Chris Crawford,Chris,,DNP - Coach's Decision,,,,,,,,,,,,,,,,,,,,
0020000126,1610612738,BOS,Boston,952,Antoine Walker,Antoine,F,,39:53,9.0,17.0,0.529,3.0,5.0,0.6,1.0,2.0,0.5,2.0,5.0,7.0,2.0,1.0,1.0,3.0,1.0,22.0,11.0
0020000126,1610612738,BOS,Boston,1718,Paul Pierce,Paul,F,,39:07,6.0,14.0,0.429,2.0,5.0,0.4,11.0,15.0,0.733,1.0,6.0,7.0,6.0,1.0,0.0,1.0,2.0,25.0,10.0
0020000126,1610612738,BOS,Boston,1499,Tony Battie,Tony,C,,25:43,5.0,8.0,0.625,0.0,0.0,0.0,1.0,1.0,1.0,2.0,4.0,6.0,0.0,2.0,1.0,0.0,2.0,11.0,4.0
0020000126,1610612738,BOS,Boston,1914,Chris Herren,Chris,G,,32:09,2.0,8.0,0.25,1.0,4.0,0.25,2.0,2.0,1.0,2.0,1.0,3.0,9.0,1.0,0.0,0.0,5.0,7.0,2.0
0020000126,1610612738,BOS,Boston,179,Bryant Stith,Bryant,G,,35:26,5.0,7.0,0.714,3.0,4.0,0.75,2.0,2.0,1.0,2.0,2.0,4.0,1.0,1.0,0.0,4.0,2.0,15.0,10.0
0020000126,1610612738,BOS,Boston,713,Chris Carr,Chris,G,,7:59,2.0,4.0,0.5,1.0,1.0,1.0,1.0,2.0,0.5,0.0,3.0,3.0,0.0,0.0,0.0,0.0,0.0,6.0,-3.0
0020000126,1610612738,BOS,Boston,962,Walter McCarty,Walter,F,,8:07,0.0,3.0,0.0,0.0,1.0,0.0,2.0,2.0,1.0,2.0,0.0,2.0,0.0,0.0,0.0,0.0,1.0,2.0,-4.0
0020000126,1610612738,BOS,Boston,1594,Rick Brunson,Rick,G,,16:10,1.0,4.0,0.25,0.0,1.0,0.0,1.0,2.0,0.5,1.0,0.0,1.0,4.0,2.0,0.0,0.0,1.0,3.0,5.0
0020000126,1610612738,BOS,Boston,958,Vitaly Potapenko,Vitaly,C,,21:58,3.0,10.0,0.3,0.0,0.0,0.0,3.0,4.0,0.75,4.0,1.0,5.0,0.0,0.0,0.0,2.0,2.0,9.0,3.0
0020000126,1610612738,BOS,Boston,677,Eric Williams,Eric,F,,13:28,2.0,4.0,0.5,0.0,0.0,0.0,2.0,2.0,1.0,1.0,0.0,1.0,0.0,2.0,0.0,2.0,2.0,6.0,-3.0
0020000126,1610612738,BOS,Boston,1639,,,, ,,,,,,,,,,,,,,,,,,,,
0020000126,1610612738,BOS,Boston,1641,,,, ,,,,,,,,,,,,,,,,,,,,
0020000126,1610612738,BOS,Boston,1486,,,, ,,,,,,,,,,,,,,,,,,,,
0020000126,1610612738,BOS,Boston,1213,,,, ,,,,,,,,,,,,,,,,,,,,
0020000126,1610612738,BOS,Boston,1875,,,, ,,,,,,,,,,,,,,,,,,,,
0020000126,1610612738,BOS,Boston,1548,Mark Blount,Mark,,DNP - Coach's Decision,,,,,,,,,,,,,,,,,,,,
0020000126,1610612738,BOS,Boston,1559,Adrian Griffin,Adrian,,DNP - Coach's Decision,,,,,,,,,,,,,,,,,,,,
0020000132,1610612752,NYK,New York,84,Latrell Sprewell,Latrell,F,,35:47,5.0,14.0,0.357,0.0,2.0,0.0,9.0,12.0,0.75,1.0,2.0,3.0,3.0,0.0,0.0,4.0,2.0,19.0,-7.0
0020000132,1610612752,NYK,New York,913,Larry Johnson,Larry,G,,36:40,6.0,18.0,0.333,0.0,3.0,0.0,0.0,0.0,0.0,1.0,4.0,5.0,0.0,1.0,0.0,2.0,4.0,12.0,-11.0
0020000132,1610612752,NYK,New York,948,Marcus Camby,Marcus,G,,31:04,4.0,5.0,0.8,0.0,0.0,0.0,0.0,1.0,0.0,2.0,11.0,13.0,1.0,3.0,0.0,0.0,4.0,8.0,13.0
0020000132,1610612752,NYK,New York,369,Charlie Ward,Charlie,G,,26:32,3.0,6.0,0.5,1.0,4.0,0.25,5.0,6.0,0.833,1.0,2.0,3.0,4.0,5.0,0.0,1.0,4.0,12.0,-9.0
0020000132,1610612752,NYK,New York,275,Allan Houston,Allan,G,,37:18,8.0,19.0,0.421,0.0,1.0,0.0,5.0,5.0,1.0,0.0,4.0,4.0,1.0,0.0,0.0,1.0,1.0,21.0,10.0
0020000132,1610612752,NYK,New York,779,Glen Rice,Glen,G,,24:09,1.0,7.0,0.143,0.0,2.0,0.0,6.0,7.0,0.857,0.0,1.0,1.0,1.0,2.0,0.0,2.0,4.0,8.0,2.0
0020000132,1610612752,NYK,New York,703,Kurt Thomas,Kurt,F,,25:20,2.0,6.0,0.333,0.0,0.0,0.0,0.0,0.0,0.0,0.0,1.0,1.0,1.0,3.0,0.0,2.0,5.0,4.0,12.0
0020000132,1610612752,NYK,New York,164,Chris Childs,Chris,G,,21:58,3.0,4.0,0.75,0.0,1.0,0.0,0.0,0.0,0.0,1.0,2.0,3.0,6.0,2.0,0.0,2.0,5.0,6.0,12.0
0020000132,1610612752,NYK,New York,969,Travis Knight,Travis,,,1:12,0.0,0.0,0.0,0.0,0.0,0.0,0.0,0.0,0.0,0.0,0.0,0.0,0.0,0.0,0.0,0.0,1.0,0.0,3.0
0020000132,1610612752,NYK,New York,1790,,,, ,,,,,,,,,,,,,,,,,,,,
0020000132,1610612752,NYK,New York,1791,,,, ,,,,,,,,,,,,,,,,,,,,
0020000132,1610612752,NYK,New York,1297,,,, ,,,,,,,,,,,,,,,,,,,,
0020000132,1610612752,NYK,New York,1298,,,, ,,,,,,,,,,,,,,,,,,,,
0020000132,1610612752,NYK,New York,1300,,,, ,,,,,,,,,,,,,,,,,,,,
0020000132,1610612752,NYK,New York,1301,,,, ,,,,,,,,,,,,,,,,,,,,
0020000132,1610612752,NYK,New York,1302,,,, ,,,,,,,,,,,,,,,,,,,,
0020000132,1610612752,NYK,New York,2068,Lavor Postell,Lavor,,DNP - Coach's Decision,,,,,,,,,,,,,,,,,,,,
0020000132,1610612752,NYK,New York,280,Felton Spencer,Felton,,DNP - Coach's Decision,,,,,,,,,,,,,,,,,,,,
0020000132,1610612752,NYK,New York,1065,Erick Strickland,Erick,,DNP - Coach's Decision,,,,,,,,,,,,,,,,,,,,
0020000132,1610612756,PHX,Phoenix,1890,Shawn Marion,Shawn,F,,43:41,7.0,16.0,0.438,4.0,8.0,0.5,2.0,3.0,0.667,2.0,13.0,15.0,3.0,3.0,1.0,2.0,6.0,20.0,6.0
0020000132,1610612756,PHX,Phoenix,361,Clifford Robinson,Clifford,G,,42:14,8.0,15.0,0.533,1.0,3.0,0.333,6.0,12.0,0.5,2.0,3.0,5.0,3.0,0.0,2.0,4.0,5.0,23.0,10.0
0020000132,1610612756,PHX,Phoenix,916,Corie Blount,Corie,C,,13:05,0.0,0.0,0.0,0.0,0.0,0.0,0.0,0.0,0.0,0.0,3.0,3.0,0.0,1.0,0.0,1.0,4.0,0.0,-5.0
0020000132,1610612756,PHX,Phoenix,467,Jason Kidd,Jason,G,,45:19,6.0,12.0,0.5,1.0,3.0,0.333,5.0,7.0,0.714,5.0,7.0,12.0,10.0,0.0,0.0,14.0,4.0,18.0,-3.0
0020000132,1610612756,PHX,Phoenix,53,Mario Elie,Mario,G,,14:14,0.0,1.0,0.0,0.0,0.0,0.0,1.0,2.0,0.5,0.0,2.0,2.0,1.0,0.0,0.0,2.0,2.0,1.0,-1.0
0020000132,1610612756,PHX,Phoenix,960,Tony Delk,Tony,G,,37:04,3.0,11.0,0.273,0.0,4.0,0.0,1.0,2.0,0.5,0.0,3.0,3.0,3.0,0.0,1.0,2.0,2.0,7.0,3.0
0020000132,1610612756,PHX,Phoenix,2091,Daniel Santiago,Daniel,F,,10:48,1.0,2.0,0.5,0.0,0.0,0.0,0.0,0.0,0.0,0.0,0.0,0.0,0.0,0.0,0.0,0.0,0.0,2.0,-8.0
0020000132,1610612756,PHX,Phoenix,915,Rodney Rogers,Rodney,F,,27:43,4.0,8.0,0.5,0.0,3.0,0.0,6.0,6.0,1.0,1.0,6.0,7.0,0.0,1.0,0.0,3.0,6.0,14.0,-8.0
0020000132,1610612756,PHX,Phoenix,339,Tom Gugliotta,Tom,G,,3:14,0.0,2.0,0.0,0.0,0.0,0.0,0.0,0.0,0.0,0.0,1.0,1.0,0.0,0.0,0.0,0.0,0.0,0.0,-9.0
0020000132,1610612756,PHX,Phoenix,2101,Paul McPherson,Paul,,,2:38,0.0,0.0,0.0,0.0,0.0,0.0,0.0,0.0,0.0,0.0,0.0,0.0,0.0,0.0,0.0,0.0,1.0,0.0,-10.0
0020000132,1610612756,PHX,Phoenix,1792,,,, ,,,,,,,,,,,,,,,,,,,,
0020000132,1610612756,PHX,Phoenix,2008,,,, ,,,,,,,,,,,,,,,,,,,,
0020000132,1610612756,PHX,Phoenix,2015,,,, ,,,,,,,,,,,,,,,,,,,,
0020000132,1610612756,PHX,Phoenix,1653,,,, ,,,,,,,,,,,,,,,,,,,,
0020000132,1610612756,PHX,Phoenix,1654,,,, ,,,,,,,,,,,,,,,,,,,,
0020000132,1610612756,PHX,Phoenix,2092,Ruben Garces,Ruben,,DNP - Coach's Decision,,,,,,,,,,,,,,,,,,,,
0020000132,1610612756,PHX,Phoenix,2054,Jake Tsakalidis,Jake,,DNP - Coach's Decision,,,,,,,,,,,,,,,,,,,,
0020000131,1610612759,SAS,San Antonio,251,Sean Elliott,Sean,G,,37:39,3.0,10.0,0.3,0.0,3.0,0.0,1.0,3.0,0.333,0.0,6.0,6.0,3.0,1.0,0.0,2.0,2.0,7.0,-14.0
0020000131,1610612759,SAS,San Antonio,1495,Tim Duncan,Tim,G,,44:02,11.0,25.0,0.44,0.0,0.0,0.0,0.0,3.0,0.0,4.0,10.0,14.0,5.0,1.0,2.0,2.0,3.0,22.0,-6.0
0020000131,1610612759,SAS,San Antonio,764,David Robinson,David,F,,38:26,5.0,13.0,0.385,0.0,0.0,0.0,0.0,0.0,0.0,1.0,6.0,7.0,2.0,2.0,2.0,1.0,3.0,10.0,-13.0
0020000131,1610612759,SAS,San Antonio,1507,Derek Anderson,Derek,G,,31:21,5.0,9.0,0.556,0.0,0.0,0.0,2.0,3.0,0.667,1.0,1.0,2.0,3.0,1.0,0.0,4.0,2.0,12.0,-20.0
0020000131,1610612759,SAS,San Antonio,422,Avery Johnson,Avery,G,,34:05,2.0,6.0,0.333,0.0,0.0,0.0,2.0,6.0,0.333,1.0,2.0,3.0,5.0,0.0,0.0,4.0,2.0,6.0,-9.0
0020000131,1610612759,SAS,San Antonio,198,Danny Ferry,Danny,F,,15:21,0.0,1.0,0.0,0.0,0.0,0.0,0.0,0.0,0.0,1.0,0.0,1.0,1.0,0.0,1.0,1.0,3.0,0.0,9.0
0020000131,1610612759,SAS,San Antonio,990,Malik Rose,Malik,C,,23:32,6.0,8.0,0.75,0.0,0.0,0.0,1.0,2.0,0.5,1.0,5.0,6.0,1.0,0.0,0.0,1.0,4.0,13.0,9.0
0020000131,1610612759,SAS,San Antonio,1498,Antonio Daniels,Antonio,F,,18:42,2.0,3.0,0.667,0.0,0.0,0.0,4.0,5.0,0.8,1.0,0.0,1.0,2.0,1.0,0.0,3.0,1.0,8.0,6.0
0020000131,1610612759,SAS,San Antonio,345,Terry Porter,Terry,G,,21:52,6.0,9.0,0.667,4.0,6.0,0.667,0.0,0.0,0.0,1.0,0.0,1.0,3.0,1.0,0.0,1.0,1.0,16.0,13.0
0020000131,1610612759,SAS,San Antonio,1264,,,, ,,,,,,,,,,,,,,,,,,,,
0020000131,1610612759,SAS,San Antonio,873,,,, ,,,,,,,,,,,,,,,,,,,,
0020000131,1610612759,SAS,San Antonio,1658,,,, ,,,,,,,,,,,,,,,,,,,,
0020000131,1610612759,SAS,San Antonio,1331,,,, ,,,,,,,,,,,,,,,,,,,,
0020000131,1610612759,SAS,San Antonio,1371,,,, ,,,,,,,,,,,,,,,,,,,,
0020000131,1610612759,SAS,San Antonio,1114,Jaren Jackson,Jaren,,DNP - Coach's Decision,,,,,,,,,,,,,,,,,,,,
0020000131,1610612759,SAS,San Antonio,70,Steve Kerr,Steve,,DNP - Coach's Decision,,,,,,,,,,,,,,,,,,,,
0020000131,1610612759,SAS,San Antonio,955,Samaki Walker,Samaki,,DNP - Coach's Decision,,,,,,,,,,,,,,,,,,,,
0020000131,1610612750,MIN,Minnesota,1887,Wally Szczerbiak,Wally,G,,39:53,3.0,8.0,0.375,0.0,0.0,0.0,1.0,2.0,0.5,0.0,7.0,7.0,2.0,2.0,0.0,2.0,3.0,7.0,14.0
0020000131,1610612750,MIN,Minnesota,708,Kevin Garnett,Kevin,G,,45:17,12.0,18.0,0.667,1.0,1.0,1.0,7.0,10.0,0.7,2.0,10.0,12.0,3.0,2.0,3.0,7.0,5.0,32.0,7.0
0020000131,1610612750,MIN,Minnesota,1725,Rasho Nesterovic,Rasho,G,,32:42,3.0,7.0,0.429,0.0,0.0,0.0,1.0,4.0,0.25,0.0,5.0,5.0,3.0,1.0,0.0,1.0,3.0,7.0,12.0
0020000131,1610612750,MIN,Minnesota,324,Anthony Peeler,Anthony,G,,38:31,9.0,14.0,0.643,1.0,3.0,0.333,2.0,2.0,1.0,0.0,3.0,3.0,6.0,3.0,1.0,1.0,5.0,21.0,18.0
0020000131,1610612750,MIN,Minnesota,1497,Chauncey Billups,Chauncey,G,,43:54,5.0,15.0,0.333,1.0,3.0,0.333,5.0,5.0,1.0,2.0,4.0,6.0,13.0,1.0,0.0,3.0,5.0,16.0,13.0
0020000131,1610612750,MIN,Minnesota,103,Todd Day,Todd,F,,15:30,2.0,5.0,0.4,0.0,1.0,0.0,0.0,0.0,0.0,0.0,0.0,0.0,0.0,0.0,0.0,1.0,1.0,4.0,-12.0
0020000131,1610612750,MIN,Minnesota,111,LaPhonso Ellis,LaPhonso,G,,23:27,4.0,6.0,0.667,0.0,1.0,0.0,0.0,0.0,0.0,1.0,6.0,7.0,2.0,1.0,1.0,2.0,4.0,8.0,-9.0
0020000131,1610612750,MIN,Minnesota,417,Sam Mitchell,Sam,C,,11:53,1.0,3.0,0.333,0.0,0.0,0.0,2.0,2.0,1.0,0.0,1.0,1.0,0.0,1.0,0.0,0.0,1.0,4.0,-8.0
0020000131,1610612750,MIN,Minnesota,1895,William Avery,William,F,,9:27,0.0,1.0,0.0,0.0,0.0,0.0,0.0,0.0,0.0,0.0,0.0,0.0,1.0,1.0,0.0,0.0,2.0,0.0,-8.0
0020000131,1610612750,MIN,Minnesota,1051,Dean Garrett,Dean,,,4:27,0.0,1.0,0.0,0.0,0.0,0.0,0.0,0.0,0.0,0.0,0.0,0.0,0.0,0.0,0.0,1.0,1.0,0.0,-2.0
0020000131,1610612750,MIN,Minnesota,1290,,,, ,,,,,,,,,,,,,,,,,,,,
0020000131,1610612750,MIN,Minnesota,1291,,,, ,,,,,,,,,,,,,,,,,,,,
0020000131,1610612750,MIN,Minnesota,847,,,, ,,,,,,,,,,,,,,,,,,,,
0020000131,1610612750,MIN,Minnesota,2146,,,, ,,,,,,,,,,,,,,,,,,,,
0020000131,1610612750,MIN,Minnesota,2158,,,, ,,,,,,,,,,,,,,,,,,,,
0020000131,1610612750,MIN,Minnesota,2159,,,, ,,,,,,,,,,,,,,,,,,,,
0020000131,1610612750,MIN,Minnesota,210,Terrell Brandon,Terrell,,DND - Sprained Lt. Ankle,,,,,,,,,,,,,,,,,,,,
0020000131,1610612750,MIN,Minnesota,1073,Reggie Slater,Reggie,,DNP - Coach's Decision,,,,,,,,,,,,,,,,,,,,
0020000140,1610612747,LAL,Los Angeles,977,Kobe Bryant,Kobe,F,,43:59,10.0,25.0,0.4,3.0,6.0,0.5,9.0,10.0,0.9,1.0,4.0,5.0,4.0,0.0,1.0,3.0,2.0,32.0,-7.0
0020000140,1610612747,LAL,Los Angeles,270,Horace Grant,Horace,G,,36:37,8.0,15.0,0.533,0.0,0.0,0.0,2.0,3.0,0.667,5.0,7.0,12.0,1.0,0.0,1.0,1.0,4.0,18.0,-4.0
0020000140,1610612747,LAL,Los Angeles,323,Greg Foster,Greg,C,,24:37,3.0,8.0,0.375,0.0,0.0,0.0,0.0,0.0,0.0,2.0,3.0,5.0,4.0,0.0,1.0,0.0,1.0,6.0,-8.0
0020000140,1610612747,LAL,Los Angeles,166,Ron Harper,Ron,G,,22:52,2.0,4.0,0.5,0.0,2.0,0.0,0.0,0.0,0.0,0.0,2.0,2.0,2.0,2.0,0.0,0.0,1.0,4.0,-4.0
0020000140,1610612747,LAL,Los Angeles,216,Brian Shaw,Brian,G,,26:05,1.0,5.0,0.2,0.0,4.0,0.0,0.0,0.0,0.0,0.0,1.0,1.0,4.0,2.0,0.0,0.0,4.0,2.0,-12.0
0020000140,1610612747,LAL,Los Angeles,2130,Mike Penberthy,Mike,F,,14:54,0.0,2.0,0.0,0.0,0.0,0.0,0.0,0.0,0.0,0.0,3.0,3.0,4.0,1.0,0.0,1.0,2.0,0.0,14.0
0020000140,1610612747,LAL,Los Angeles,375,Isaiah Rider,Isaiah,G,,20:55,4.0,12.0,0.333,2.0,4.0,0.5,0.0,0.0,0.0,1.0,2.0,3.0,0.0,0.0,0.0,1.0,1.0,10.0,3.0
0020000140,1610612747,LAL,Los Angeles,109,Robert Horry,Robert,G,,23:23,3.0,7.0,0.429,0.0,3.0,0.0,4.0,4.0,1.0,2.0,2.0,4.0,3.0,3.0,0.0,0.0,4.0,10.0,7.0
0020000140,1610612747,LAL,Los Angeles,2058,Mark Madsen,Mark,F,,11:23,2.0,8.0,0.25,0.0,0.0,0.0,0.0,0.0,0.0,4.0,2.0,6.0,0.0,0.0,0.0,0.0,2.0,4.0,3.0
0020000140,1610612747,LAL,Los Angeles,296,Rick Fox,Rick,F,,15:14,0.0,1.0,0.0,0.0,0.0,0.0,0.0,0.0,0.0,0.0,0.0,0.0,1.0,0.0,0.0,0.0,0.0,0.0,3.0
0020000140,1610612747,LAL,Los Angeles,1270,,,, ,,,,,,,,,,,,,,,,,,,,
0020000140,1610612747,LAL,Los Angeles,1273,,,, ,,,,,,,,,,,,,,,,,,,,
0020000140,1610612747,LAL,Los Angeles,1219,,,, ,,,,,,,,,,,,,,,,,,,,
0020000140,1610612747,LAL,Los Angeles,1221,,,, ,,,,,,,,,,,,,,,,,,,,
0020000140,1610612747,LAL,Los Angeles,1223,,,, ,,,,,,,,,,,,,,,,,,,,
0020000140,1610612747,LAL,Los Angeles,1230,,,, ,,,,,,,,,,,,,,,,,,,,
0020000140,1610612747,LAL,Los Angeles,1904,Devean George,Devean,,DNP - Coach's Decision,,,,,,,,,,,,,,,,,,,,
0020000140,1610612747,LAL,Los Angeles,406,Shaquille O'Neal,Shaquille,,DND - INJ - Sprained Left Ankle,,,,,,,,,,,,,,,,,,,,
0020000140,1610612743,DEN,Denver,686,Antonio McDyess,Antonio,G,,44:04,9.0,15.0,0.6,0.0,0.0,0.0,10.0,13.0,0.769,6.0,12.0,18.0,2.0,0.0,2.0,4.0,4.0,28.0,10.0
0020000140,1610612743,DEN,Denver,1899,James Posey,James,F,,32:56,4.0,11.0,0.364,0.0,5.0,0.0,2.0,3.0,0.667,3.0,4.0,7.0,4.0,0.0,0.0,1.0,3.0,10.0,19.0
0020000140,1610612743,DEN,Denver,1711,Raef LaFrentz,Raef,G,,36:58,2.0,7.0,0.286,0.0,0.0,0.0,3.0,6.0,0.5,4.0,6.0,10.0,1.0,0.0,3.0,0.0,1.0,7.0,15.0
0020000140,1610612743,DEN,Denver,1505,Tariq Abdul-Wahad,Tariq,G,,14:12,0.0,1.0,0.0,0.0,0.0,0.0,0.0,0.0,0.0,1.0,3.0,4.0,1.0,0.0,0.0,2.0,4.0,0.0,5.0
0020000140,1610612743,DEN,Denver,89,Nick Van Exel,Nick,G,,42:22,7.0,21.0,0.333,1.0,4.0,0.25,0.0,0.0,0.0,1.0,2.0,3.0,11.0,1.0,1.0,4.0,3.0,15.0,1.0
0020000140,1610612743,DEN,Denver,702,Voshon Lenard,Voshon,F,,14:58,3.0,7.0,0.429,2.0,5.0,0.4,0.0,1.0,0.0,1.0,2.0,3.0,1.0,0.0,0.0,1.0,1.0,8.0,-12.0
0020000140,1610612743,DEN,Denver,123,Robert Pack,Robert,G,,5:38,2.0,2.0,1.0,0.0,0.0,0.0,0.0,0.0,0.0,0.0,0.0,0.0,1.0,0.0,0.0,0.0,1.0,4.0,0.0
0020000140,1610612743,DEN,Denver,1721,Keon Clark,Keon,F,,8:50,0.0,3.0,0.0,0.0,0.0,0.0,0.0,0.0,0.0,0.0,1.0,1.0,0.0,0.0,1.0,1.0,3.0,0.0,-13.0
0020000140,1610612743,DEN,Denver,1110,Mark Strickland,Mark,G,,6:08,1.0,1.0,1.0,0.0,0.0,0.0,0.0,0.0,0.0,0.0,1.0,1.0,0.0,0.0,0.0,1.0,1.0,2.0,-10.0
0020000140,1610612743,DEN,Denver,45,George McCloud,George,C,,26:34,4.0,8.0,0.5,2.0,4.0,0.5,1.0,2.0,0.5,0.0,5.0,5.0,0.0,0.0,1.0,1.0,3.0,11.0,-7.0
0020000140,1610612743,DEN,Denver,145,Tracy Murray,Tracy,F,,7:20,1.0,3.0,0.333,0.0,0.0,0.0,0.0,0.0,0.0,1.0,2.0,3.0,0.0,0.0,0.0,0.0,0.0,2.0,-3.0
0020000140,1610612743,DEN,Denver,1240,,,, ,,,,,,,,,,,,,,,,,,,,
0020000140,1610612743,DEN,Denver,1241,,,, ,,,,,,,,,,,,,,,,,,,,
0020000140,1610612743,DEN,Denver,1995,,,, ,,,,,,,,,,,,,,,,,,,,
0020000140,1610612743,DEN,Denver,2007,,,, ,,,,,,,,,,,,,,,,,,,,
0020000140,1610612743,DEN,Denver,1207,,,, ,,,,,,,,,,,,,,,,,,,,
0020000140,1610612743,DEN,Denver,1216,,,, ,,,,,,,,,,,,,,,,,,,,
0020000140,1610612743,DEN,Denver,1784,,,, ,,,,,,,,,,,,,,,,,,,,
0020000140,1610612743,DEN,Denver,1785,,,, ,,,,,,,,,,,,,,,,,,,,
0020000140,1610612743,DEN,Denver,1786,,,, ,,,,,,,,,,,,,,,,,,,,
0020000140,1610612743,DEN,Denver,426,Terry Davis,Terry,,DNP - Coach's Decision,,,,,,,,,,,,,,,,,,,,
0020000136,1610612757,POR,Portland,937,Scottie Pippen,Scottie,F,,39:30,3.0,9.0,0.333,1.0,4.0,0.25,3.0,3.0,1.0,1.0,8.0,9.0,3.0,2.0,0.0,5.0,3.0,10.0,-7.0
0020000136,1610612757,POR,Portland,905,Dale Davis,Dale,G,,31:21,4.0,10.0,0.4,0.0,0.0,0.0,2.0,2.0,1.0,1.0,4.0,5.0,1.0,1.0,0.0,0.0,3.0,10.0,11.0
0020000136,1610612757,POR,Portland,739,Rasheed Wallace,Rasheed,G,,42:30,9.0,14.0,0.643,0.0,2.0,0.0,2.0,2.0,1.0,2.0,9.0,11.0,3.0,2.0,3.0,4.0,1.0,20.0,3.0
0020000136,1610612757,POR,Portland,120,Steven Smith,Steven,G,,35:38,8.0,12.0,0.667,2.0,3.0,0.667,1.0,2.0,0.5,0.0,2.0,2.0,1.0,1.0,0.0,5.0,3.0,19.0,8.0
0020000136,1610612757,POR,Portland,757,Damon Stoudamire,Damon,G,,37:52,5.0,10.0,0.5,0.0,3.0,0.0,4.0,4.0,1.0,3.0,3.0,6.0,5.0,0.0,0.0,1.0,2.0,14.0,6.0
0020000136,1610612757,POR,Portland,717,Arvydas Sabonis,Arvydas,F,,12:34,1.0,1.0,1.0,0.0,0.0,0.0,0.0,0.0,0.0,0.0,2.0,2.0,0.0,0.0,0.0,0.0,2.0,2.0,-11.0
0020000136,1610612757,POR,Portland,431,Shawn Kemp,Shawn,F,,16:17,0.0,4.0,0.0,0.0,0.0,0.0,2.0,2.0,1.0,1.0,5.0,6.0,1.0,0.0,0.0,2.0,3.0,2.0,-16.0
0020000136,1610612757,POR,Portland,1719,Bonzi Wells,Bonzi,C,,14:01,1.0,6.0,0.167,0.0,1.0,0.0,0.0,2.0,0.0,0.0,2.0,2.0,0.0,0.0,0.0,1.0,2.0,2.0,-12.0
0020000136,1610612757,POR,Portland,21,Greg Anthony,Greg,,,10:17,0.0,2.0,0.0,0.0,1.0,0.0,1.0,2.0,0.5,0.0,0.0,0.0,0.0,0.0,0.0,0.0,2.0,1.0,-12.0
0020000136,1610612757,POR,Portland,278,Stacey Augmon,Stacey,,DNP - Coach's Decision,,,,,,,,,,,,,,,,,,,,
0020000136,1610612757,POR,Portland,2057,Erick Barkley,Erick,,DNP - Coach's Decision,,,,,,,,,,,,,,,,,,,,
0020000136,1610612757,POR,Portland,781,Will Perdue,Will,,DNP - Coach's Decision,,,,,,,,,,,,,,,,,,,,
0020000136,1610612748,MIA,Miami,193,Anthony Mason,Anthony,G,,43:39,5.0,10.0,0.5,0.0,0.0,0.0,2.0,2.0,1.0,1.0,8.0,9.0,6.0,3.0,0.0,1.0,2.0,12.0,6.0
0020000136,1610612748,MIA,Miami,258,Brian Grant,Brian,F,,38:56,8.0,14.0,0.571,0.0,0.0,0.0,8.0,10.0,0.8,7.0,6.0,13.0,1.0,1.0,2.0,3.0,2.0,24.0,6.0
0020000136,1610612748,MIA,Miami,190,Duane Causwell,Duane,G,,20:16,1.0,6.0,0.167,0.0,0.0,0.0,0.0,0.0,0.0,1.0,1.0,2.0,0.0,0.0,0.0,1.0,2.0,2.0,-15.0
0020000136,1610612748,MIA,Miami,1477,Bruce Bowen,Bruce,G,,29:32,4.0,7.0,0.571,2.0,4.0,0.5,1.0,2.0,0.5,0.0,2.0,2.0,1.0,3.0,0.0,1.0,4.0,11.0,-1.0
0020000136,1610612748,MIA,Miami,1853,Anthony Carter,Anthony,G,,42:59,4.0,13.0,0.308,0.0,2.0,0.0,0.0,0.0,0.0,0.0,2.0,2.0,5.0,3.0,0.0,1.0,2.0,8.0,4.0
0020000136,1610612748,MIA,Miami,1554,Jamal Robinson,Jamal,G,,19:36,1.0,8.0,0.125,0.0,1.0,0.0,0.0,0.0,0.0,1.0,2.0,3.0,1.0,2.0,0.0,0.0,4.0,2.0,7.0
0020000136,1610612748,MIA,Miami,957,Todd Fuller,Todd,G,,7:59,2.0,7.0,0.286,0.0,0.0,0.0,0.0,0.0,0.0,2.0,2.0,4.0,0.0,0.0,0.0,1.0,1.0,4.0,8.0
0020000136,1610612748,MIA,Miami,2067,Eddie House,Eddie,G,,25:30,10.0,16.0,0.625,0.0,3.0,0.0,3.0,4.0,0.75,1.0,4.0,5.0,3.0,0.0,0.0,1.0,3.0,23.0,14.0
0020000136,1610612748,MIA,Miami,920,A.C. Green,A.C.,F,,11:33,0.0,2.0,0.0,0.0,0.0,0.0,0.0,0.0,0.0,0.0,2.0,2.0,1.0,0.0,0.0,0.0,1.0,0.0,1.0
0020000136,1610612748,MIA,Miami,896,Tim Hardaway,Tim,,DND - Right knee tendinitis,,,,,,,,,,,,,,,,,,,,
0020000136,1610612748,MIA,Miami,224,Eddie Jones,Eddie,,DND - Right calf strain,,,,,,,,,,,,,,,,,,,,
0020000136,1610612748,MIA,Miami,931,Don MacLean,Don,,DND - Right foot surgery,,,,,,,,,,,,,,,,,,,,
0020000137,1610612750,MIN,Minnesota,708,Kevin Garnett,Kevin,F,,39:49,10.0,15.0,0.667,1.0,1.0,1.0,4.0,4.0,1.0,1.0,10.0,11.0,5.0,2.0,0.0,3.0,2.0,25.0,7.0
0020000137,1610612750,MIN,Minnesota,1887,Wally Szczerbiak,Wally,G,,38:57,4.0,11.0,0.364,0.0,0.0,0.0,9.0,10.0,0.9,1.0,4.0,5.0,1.0,2.0,0.0,2.0,5.0,17.0,11.0
0020000137,1610612750,MIN,Minnesota,1725,Rasho Nesterovic,Rasho,C,,11:33,0.0,1.0,0.0,0.0,0.0,0.0,0.0,0.0,0.0,0.0,1.0,1.0,0.0,0.0,1.0,1.0,4.0,0.0,2.0
0020000137,1610612750,MIN,Minnesota,1497,Chauncey Billups,Chauncey,G,,33:46,5.0,11.0,0.455,1.0,4.0,0.25,6.0,6.0,1.0,0.0,0.0,0.0,5.0,0.0,0.0,2.0,3.0,17.0,1.0
0020000137,1610612750,MIN,Minnesota,324,Anthony Peeler,Anthony,G,,36:14,4.0,9.0,0.444,0.0,1.0,0.0,3.0,4.0,0.75,0.0,1.0,1.0,0.0,1.0,0.0,4.0,2.0,11.0,18.0
0020000137,1610612750,MIN,Minnesota,1051,Dean Garrett,Dean,G,,18:09,0.0,1.0,0.0,0.0,0.0,0.0,0.0,0.0,0.0,0.0,5.0,5.0,0.0,0.0,0.0,0.0,2.0,0.0,-5.0
0020000137,1610612750,MIN,Minnesota,111,LaPhonso Ellis,LaPhonso,F,,26:26,4.0,8.0,0.5,0.0,0.0,0.0,6.0,6.0,1.0,2.0,6.0,8.0,0.0,1.0,2.0,1.0,4.0,14.0,16.0
0020000137,1610612750,MIN,Minnesota,103,Todd Day,Todd,C,,7:49,0.0,0.0,0.0,0.0,0.0,0.0,2.0,2.0,1.0,0.0,1.0,1.0,0.0,0.0,0.0,1.0,1.0,2.0,-4.0
0020000137,1610612750,MIN,Minnesota,1895,William Avery,William,F,,18:16,2.0,4.0,0.5,2.0,4.0,0.5,2.0,2.0,1.0,0.0,2.0,2.0,1.0,1.0,0.0,3.0,2.0,8.0,5.0
0020000137,1610612750,MIN,Minnesota,417,Sam Mitchell,Sam,,,9:00,0.0,2.0,0.0,0.0,0.0,0.0,0.0,0.0,0.0,1.0,1.0,2.0,0.0,1.0,0.0,0.0,2.0,0.0,-1.0
0020000137,1610612750,MIN,Minnesota,1073,Reggie Slater,Reggie,,,0:03,0.0,0.0,0.0,0.0,0.0,0.0,0.0,0.0,0.0,0.0,0.0,0.0,0.0,0.0,0.0,0.0,0.0,0.0,0.0
0020000137,1610612750,MIN,Minnesota,847,,,, ,,,,,,,,,,,,,,,,,,,,
0020000137,1610612750,MIN,Minnesota,1290,,,, ,,,,,,,,,,,,,,,,,,,,
0020000137,1610612750,MIN,Minnesota,1291,,,, ,,,,,,,,,,,,,,,,,,,,
0020000137,1610612750,MIN,Minnesota,2158,,,, ,,,,,,,,,,,,,,,,,,,,
0020000137,1610612750,MIN,Minnesota,2159,,,, ,,,,,,,,,,,,,,,,,,,,
0020000137,1610612750,MIN,Minnesota,2146,,,, ,,,,,,,,,,,,,,,,,,,,
0020000137,1610612750,MIN,Minnesota,210,Terrell Brandon,Terrell,,NWT - Sprained left ankle,,,,,,,,,,,,,,,,,,,,
0020000137,1610612737,ATL,Atlanta,2035,DerMarr Johnson,DerMarr,G,,24:32,3.0,7.0,0.429,1.0,1.0,1.0,0.0,0.0,0.0,1.0,2.0,3.0,2.0,0.0,1.0,2.0,2.0,7.0,-7.0
0020000137,1610612737,ATL,Atlanta,673,Alan Henderson,Alan,G,,35:02,9.0,13.0,0.692,0.0,0.0,0.0,1.0,2.0,0.5,3.0,4.0,7.0,0.0,2.0,0.0,2.0,3.0,19.0,-10.0
0020000137,1610612737,ATL,Atlanta,87,Dikembe Mutombo,Dikembe,G,,31:49,4.0,9.0,0.444,0.0,0.0,0.0,2.0,4.0,0.5,2.0,3.0,5.0,0.0,0.0,1.0,2.0,3.0,10.0,2.0
0020000137,1610612737,ATL,Atlanta,1074,Matt Maloney,Matt,G,,26:31,4.0,7.0,0.571,0.0,3.0,0.0,1.0,1.0,1.0,0.0,0.0,0.0,4.0,1.0,0.0,0.0,3.0,9.0,6.0
0020000137,1610612737,ATL,Atlanta,754,Jim Jackson,Jim,G,,38:05,6.0,12.0,0.5,1.0,2.0,0.5,8.0,8.0,1.0,0.0,2.0,2.0,4.0,0.0,1.0,3.0,2.0,21.0,-16.0
0020000137,1610612737,ATL,Atlanta,1891,Jason Terry,Jason,G,,21:30,3.0,8.0,0.375,1.0,3.0,0.333,4.0,6.0,0.667,1.0,2.0,3.0,2.0,0.0,0.0,3.0,4.0,11.0,-16.0
0020000137,1610612737,ATL,Atlanta,953,Lorenzen Wright,Lorenzen,C,,16:11,0.0,8.0,0.0,0.0,1.0,0.0,1.0,2.0,0.5,1.0,2.0,3.0,0.0,0.0,1.0,1.0,3.0,1.0,-12.0
0020000137,1610612737,ATL,Atlanta,2069,Hanno Mottola,Hanno,F,,12:58,0.0,0.0,0.0,0.0,0.0,0.0,2.0,2.0,1.0,0.0,1.0,1.0,0.0,0.0,0.0,3.0,3.0,2.0,0.0
0020000137,1610612737,ATL,Atlanta,1544,Chris Crawford,Chris,F,,5:23,0.0,1.0,0.0,0.0,0.0,0.0,0.0,0.0,0.0,0.0,0.0,0.0,0.0,0.0,0.0,0.0,1.0,0.0,2.0
0020000137,1610612737,ATL,Atlanta,1683,Larry Robinson,Larry,G,,28:00,1.0,7.0,0.143,0.0,4.0,0.0,2.0,2.0,1.0,0.0,8.0,8.0,0.0,4.0,0.0,0.0,3.0,4.0,1.0
0020000137,1610612737,ATL,Atlanta,1774,,,, ,,,,,,,,,,,,,,,,,,,,
0020000137,1610612737,ATL,Atlanta,1260,,,, ,,,,,,,,,,,,,,,,,,,,
0020000137,1610612737,ATL,Atlanta,2094,,,, ,,,,,,,,,,,,,,,,,,,,
0020000137,1610612737,ATL,Atlanta,2150,,,, ,,,,,,,,,,,,,,,,,,,,
0020000137,1610612737,ATL,Atlanta,2151,,,, ,,,,,,,,,,,,,,,,,,,,
0020000137,1610612737,ATL,Atlanta,1898,Cal Bowdler,Cal,,DNP - Coach's Decision,,,,,,,,,,,,,,,,,,,,
0020000137,1610612737,ATL,Atlanta,1533,Anthony Johnson,Anthony,,DNP - Coach's Decision,,,,,,,,,,,,,,,,,,,,
0020000142,1610612760,SEA,Seattle,1740,Rashard Lewis,Rashard,F,,42:12,3.0,13.0,0.231,2.0,6.0,0.333,5.0,6.0,0.833,4.0,6.0,10.0,3.0,5.0,0.0,3.0,3.0,13.0,10.0
0020000142,1610612760,SEA,Seattle,452,Vin Baker,Vin,F,,24:31,2.0,9.0,0.222,0.0,0.0,0.0,1.0,2.0,0.5,3.0,4.0,7.0,0.0,2.0,0.0,1.0,0.0,5.0,7.0
0020000142,1610612760,SEA,Seattle,121,Patrick Ewing,Patrick,G,,34:38,6.0,15.0,0.4,0.0,0.0,0.0,4.0,5.0,0.8,2.0,8.0,10.0,1.0,0.0,2.0,2.0,4.0,16.0,2.0
0020000142,1610612760,SEA,Seattle,56,Gary Payton,Gary,G,,40:48,10.0,27.0,0.37,1.0,5.0,0.2,4.0,9.0,0.444,0.0,5.0,5.0,6.0,2.0,0.0,1.0,2.0,25.0,7.0
0020000142,1610612760,SEA,Seattle,1739,Ruben Patterson,Ruben,G,,33:45,5.0,14.0,0.357,0.0,1.0,0.0,4.0,6.0,0.667,5.0,2.0,7.0,1.0,2.0,0.0,3.0,6.0,14.0,-11.0
0020000142,1610612760,SEA,Seattle,2106,Ruben Wolkowyski,Ruben,F,,17:10,3.0,7.0,0.429,0.0,0.0,0.0,1.0,2.0,0.5,3.0,0.0,3.0,0.0,1.0,0.0,1.0,5.0,7.0,-1.0
0020000142,1610612760,SEA,Seattle,699,Brent Barry,Brent,G,,23:14,0.0,2.0,0.0,0.0,2.0,0.0,0.0,0.0,0.0,0.0,1.0,1.0,0.0,0.0,0.0,0.0,2.0,0.0,-2.0
0020000142,1610612760,SEA,Seattle,1023,Emanual Davis,Emanual,G,,11:59,2.0,4.0,0.5,0.0,1.0,0.0,0.0,0.0,0.0,0.0,2.0,2.0,1.0,1.0,0.0,0.0,2.0,4.0,3.0
0020000142,1610612760,SEA,Seattle,1741,Jelani McCoy,Jelani,C,,11:43,1.0,2.0,0.5,0.0,0.0,0.0,0.0,0.0,0.0,1.0,2.0,3.0,0.0,0.0,1.0,1.0,0.0,2.0,0.0
0020000142,1610612760,SEA,Seattle,1335,,,, ,,,,,,,,,,,,,,,,,,,,
0020000142,1610612760,SEA,Seattle,1338,,,, ,,,,,,,,,,,,,,,,,,,,
0020000142,1610612760,SEA,Seattle,1349,,,, ,,,,,,,,,,,,,,,,,,,,
0020000142,1610612760,SEA,Seattle,1777,,,, ,,,,,,,,,,,,,,,,,,,,
0020000142,1610612760,SEA,Seattle,1778,,,, ,,,,,,,,,,,,,,,,,,,,
0020000142,1610612760,SEA,Seattle,442,Pervis Ellison,Pervis,,DNP - Coach's Decision,,,,,,,,,,,,,,,,,,,,
0020000142,1610612760,SEA,Seattle,2046,Desmond Mason,Desmond,,DNP - Coach's Decision,,,,,,,,,,,,,,,,,,,,
0020000142,1610612760,SEA,Seattle,1742,Shammond Williams,Shammond,,DNP - Coach's Decision,,,,,,,,,,,,,,,,,,,,
0020000142,1610612746,LAC,Los Angeles,1885,Lamar Odom,Lamar,F,,41:11,10.0,19.0,0.526,0.0,1.0,0.0,7.0,9.0,0.778,0.0,12.0,12.0,8.0,1.0,2.0,7.0,4.0,27.0,0.0
0020000142,1610612746,LAC,Los Angeles,400,Derek Strong,Derek,G,,31:18,0.0,5.0,0.0,0.0,0.0,0.0,2.0,2.0,1.0,1.0,9.0,10.0,0.0,2.0,0.0,3.0,1.0,2.0,-3.0
0020000142,1610612746,LAC,Los Angeles,1709,Michael Olowokandi,Michael,F,,22:39,1.0,4.0,0.25,0.0,0.0,0.0,0.0,0.0,0.0,1.0,6.0,7.0,0.0,0.0,0.0,3.0,2.0,2.0,-4.0
0020000142,1610612746,LAC,Los Angeles,976,Jeff McInnis,Jeff,G,,22:26,3.0,4.0,0.75,0.0,0.0,0.0,0.0,0.0,0.0,0.0,1.0,1.0,0.0,0.0,0.0,0.0,2.0,6.0,1.0
0020000142,1610612746,LAC,Los Angeles,1838,Tyrone Nesby,Tyrone,G,,24:40,5.0,8.0,0.625,1.0,3.0,0.333,3.0,5.0,0.6,1.0,2.0,3.0,0.0,2.0,0.0,2.0,3.0,14.0,0.0
0020000142,1610612746,LAC,Los Angeles,1894,Corey Maggette,Corey,F,,9:39,2.0,4.0,0.5,0.0,0.0,0.0,0.0,0.0,0.0,3.0,2.0,5.0,2.0,0.0,0.0,3.0,1.0,4.0,0.0
0020000142,1610612746,LAC,Los Angeles,399,Sean Rooks,Sean,G,,27:58,3.0,6.0,0.5,0.0,0.0,0.0,5.0,7.0,0.714,1.0,4.0,5.0,0.0,1.0,1.0,4.0,5.0,11.0,3.0
0020000142,1610612746,LAC,Los Angeles,2039,Keyon Dooling,Keyon,F,,17:38,1.0,3.0,0.333,1.0,1.0,1.0,2.0,4.0,0.5,0.0,0.0,0.0,1.0,0.0,0.0,1.0,4.0,5.0,-6.0
0020000142,1610612746,LAC,Los Angeles,2032,Darius Miles,Darius,G,,13:53,2.0,4.0,0.5,0.0,0.0,0.0,0.0,2.0,0.0,1.0,2.0,3.0,0.0,0.0,0.0,4.0,1.0,4.0,-3.0
0020000142,1610612746,LAC,Los Angeles,15,Eric Piatkowski,Eric,,,15:54,2.0,8.0,0.25,1.0,5.0,0.2,0.0,0.0,0.0,0.0,4.0,4.0,1.0,0.0,1.0,1.0,0.0,5.0,-6.0
0020000142,1610612746,LAC,Los Angeles,1985,Zendon Hamilton,Zendon,,,4:07,0.0,0.0,0.0,0.0,0.0,0.0,1.0,2.0,0.5,1.0,0.0,1.0,0.0,0.0,0.0,1.0,1.0,1.0,-3.0
0020000142,1610612746,LAC,Los Angeles,2047,Quentin Richardson,Quentin,F,,8:39,1.0,2.0,0.5,0.0,0.0,0.0,0.0,0.0,0.0,1.0,1.0,2.0,0.0,0.0,0.0,1.0,2.0,2.0,6.0
0020000142,1610612746,LAC,Los Angeles,2166,,,, ,,,,,,,,,,,,,,,,,,,,
0020000142,1610612746,LAC,Los Angeles,2010,,,, ,,,,,,,,,,,,,,,,,,,,
0020000142,1610612746,LAC,Los Angeles,1351,,,, ,,,,,,,,,,,,,,,,,,,,
0020000142,1610612746,LAC,Los Angeles,1672,,,, ,,,,,,,,,,,,,,,,,,,,
0020000142,1610612746,LAC,Los Angeles,1210,,,, ,,,,,,,,,,,,,,,,,,,,
0020000142,1610612746,LAC,Los Angeles,1243,,,, ,,,,,,,,,,,,,,,,,,,,
0020000142,1610612746,LAC,Los Angeles,1246,,,, ,,,,,,,,,,,,,,,,,,,,
0020000142,1610612746,LAC,Los Angeles,1284,,,, ,,,,,,,,,,,,,,,,,,,,
0020000134,1610612754,IND,Indiana,1506,Austin Croshere,Austin,G,,29:05,6.0,17.0,0.353,1.0,4.0,0.25,0.0,0.0,0.0,6.0,6.0,12.0,1.0,0.0,1.0,2.0,2.0,13.0,1.0
0020000134,1610612754,IND,Indiana,979,Jermaine O'Neal,Jermaine,F,,43:12,10.0,20.0,0.5,0.0,0.0,0.0,3.0,8.0,0.375,6.0,7.0,13.0,1.0,0.0,5.0,7.0,6.0,23.0,-3.0
0020000134,1610612754,IND,Indiana,64,Sam Perkins,Sam,C,,17:20,1.0,5.0,0.2,0.0,2.0,0.0,0.0,0.0,0.0,0.0,3.0,3.0,2.0,0.0,0.0,0.0,1.0,2.0,-4.0
0020000134,1610612754,IND,Indiana,397,Reggie Miller,Reggie,G,,42:48,9.0,16.0,0.563,7.0,12.0,0.583,6.0,8.0,0.75,2.0,3.0,5.0,4.0,1.0,0.0,3.0,1.0,31.0,3.0
0020000134,1610612754,IND,Indiana,696,Travis Best,Travis,G,,42:04,4.0,11.0,0.364,0.0,0.0,0.0,3.0,3.0,1.0,0.0,3.0,3.0,7.0,1.0,0.0,3.0,4.0,11.0,-8.0
0020000134,1610612754,IND,Indiana,1733,Al Harrington,Al,F,,22:00,3.0,5.0,0.6,0.0,0.0,0.0,0.0,0.0,0.0,1.0,1.0,2.0,2.0,1.0,0.0,1.0,4.0,6.0,2.0
0020000134,1610612754,IND,Indiana,440,Zan Tabak,Zan,G,,17:37,1.0,2.0,0.5,0.0,0.0,0.0,0.0,0.0,0.0,1.0,4.0,5.0,0.0,0.0,0.0,2.0,3.0,2.0,4.0
0020000134,1610612754,IND,Indiana,1902,Jeff Foster,Jeff,F,,4:22,0.0,0.0,0.0,0.0,0.0,0.0,0.0,0.0,0.0,0.0,2.0,2.0,0.0,0.0,0.0,0.0,3.0,0.0,-6.0
0020000134,1610612754,IND,Indiana,1886,Jonathan Bender,Jonathan,G,,6:07,0.0,1.0,0.0,0.0,0.0,0.0,0.0,0.0,0.0,0.0,0.0,0.0,1.0,1.0,0.0,2.0,1.0,0.0,-7.0
0020000134,1610612754,IND,Indiana,365,Derrick McKey,Derrick,,,15:25,1.0,2.0,0.5,0.0,1.0,0.0,2.0,2.0,1.0,1.0,3.0,4.0,0.0,2.0,0.0,2.0,1.0,4.0,-7.0
0020000134,1610612754,IND,Indiana,1263,,,, ,,,,,,,,,,,,,,,,,,,,
0020000134,1610612754,IND,Indiana,1299,,,, ,,,,,,,,,,,,,,,,,,,,
0020000134,1610612754,IND,Indiana,1306,,,, ,,,,,,,,,,,,,,,,,,,,
0020000134,1610612754,IND,Indiana,2099,,,, ,,,,,,,,,,,,,,,,,,,,
0020000134,1610612754,IND,Indiana,2100,,,, ,,,,,,,,,,,,,,,,,,,,
0020000134,1610612754,IND,Indiana,2165,,,, ,,,,,,,,,,,,,,,,,,,,
0020000134,1610612754,IND,Indiana,1857,,,, ,,,,,,,,,,,,,,,,,,,,
0020000134,1610612754,IND,Indiana,721,Tyus Edney,Tyus,,DNP - Coach's Decision,,,,,,,,,,,,,,,,,,,,
0020000134,1610612754,IND,Indiana,147,Jalen Rose,Jalen,,DND - Fractured left wrist,,,,,,,,,,,,,,,,,,,,
0020000134,1610612751,NJN,New Jersey,1536,Stephen Jackson,Stephen,F,,28:48,5.0,11.0,0.455,1.0,3.0,0.333,2.0,2.0,1.0,1.0,3.0,4.0,3.0,3.0,1.0,0.0,3.0,13.0,2.0
0020000134,1610612751,NJN,New Jersey,2030,Kenyon Martin,Kenyon,G,,40:16,5.0,13.0,0.385,0.0,0.0,0.0,5.0,9.0,0.556,9.0,4.0,13.0,0.0,1.0,5.0,4.0,6.0,15.0,-5.0
0020000134,1610612751,NJN,New Jersey,1915,Evan Eschmeyer,Evan,G,,28:13,1.0,5.0,0.2,0.0,0.0,0.0,3.0,4.0,0.75,1.0,3.0,4.0,0.0,2.0,1.0,0.0,3.0,5.0,-2.0
0020000134,1610612751,NJN,New Jersey,383,Kendall Gill,Kendall,G,,32:51,6.0,15.0,0.4,0.0,0.0,0.0,3.0,3.0,1.0,1.0,2.0,3.0,2.0,1.0,0.0,2.0,2.0,15.0,-1.0
0020000134,1610612751,NJN,New Jersey,950,Stephon Marbury,Stephon,G,,39:40,7.0,19.0,0.368,1.0,5.0,0.2,5.0,7.0,0.714,1.0,5.0,6.0,10.0,0.0,0.0,2.0,3.0,20.0,-1.0
0020000134,1610612751,NJN,New Jersey,1425,Aaron Williams,Aaron,G,,22:43,2.0,6.0,0.333,0.0,0.0,0.0,7.0,8.0,0.875,3.0,4.0,7.0,2.0,2.0,0.0,2.0,2.0,11.0,4.0
0020000134,1610612751,NJN,New Jersey,1563,Kevin Ollie,Kevin,F,,8:20,1.0,2.0,0.5,0.0,0.0,0.0,0.0,0.0,0.0,0.0,1.0,1.0,2.0,1.0,0.0,1.0,1.0,2.0,6.0
0020000134,1610612751,NJN,New Jersey,271,Johnny Newman,Johnny,F,,24:00,7.0,9.0,0.778,2.0,3.0,0.667,0.0,0.0,0.0,0.0,1.0,1.0,0.0,1.0,0.0,1.0,3.0,16.0,16.0
0020000134,1610612751,NJN,New Jersey,446,Lucious Harris,Lucious,F,,15:09,0.0,0.0,0.0,0.0,0.0,0.0,0.0,0.0,0.0,0.0,2.0,2.0,4.0,0.0,0.0,0.0,0.0,0.0,6.0
0020000134,1610612751,NJN,New Jersey,1303,,,, ,,,,,,,,,,,,,,,,,,,,
0020000134,1610612751,NJN,New Jersey,1776,,,, ,,,,,,,,,,,,,,,,,,,,
0020000134,1610612751,NJN,New Jersey,1789,,,, ,,,,,,,,,,,,,,,,,,,,
0020000134,1610612751,NJN,New Jersey,2009,,,, ,,,,,,,,,,,,,,,,,,,,
0020000134,1610612751,NJN,New Jersey,1673,,,, ,,,,,,,,,,,,,,,,,,,,
0020000134,1610612751,NJN,New Jersey,1324,,,, ,,,,,,,,,,,,,,,,,,,,
0020000134,1610612751,NJN,New Jersey,1876,,,, ,,,,,,,,,,,,,,,,,,,,
0020000134,1610612751,NJN,New Jersey,428,Sherman Douglas,Sherman,,DNP - Coach's Decision,,,,,,,,,,,,,,,,,,,,
0020000134,1610612751,NJN,New Jersey,29,Jim McIlvaine,Jim,,DNP - Coach's Decision,,,,,,,,,,,,,,,,,,,,
0020000134,1610612751,NJN,New Jersey,2066,Soumaila Samake,Soumaila,,DNP - Coach's Decision,,,,,,,,,,,,,,,,,,,,
0020000141,1610612741,CHI,Chicago,1897,Metta World Peace,Metta,G,,31:17,3.0,9.0,0.333,0.0,2.0,0.0,0.0,0.0,0.0,1.0,4.0,5.0,2.0,3.0,2.0,0.0,1.0,6.0,-27.0
0020000141,1610612741,CHI,Chicago,1882,Elton Brand,Elton,G,,36:01,5.0,16.0,0.313,0.0,0.0,0.0,13.0,13.0,1.0,3.0,5.0,8.0,3.0,1.0,3.0,3.0,3.0,23.0,-28.0
0020000141,1610612741,CHI,Chicago,1913,Michael Ruffin,Michael,G,,15:34,0.0,3.0,0.0,0.0,0.0,0.0,0.0,0.0,0.0,3.0,2.0,5.0,1.0,1.0,0.0,0.0,4.0,0.0,-12.0
0020000141,1610612741,CHI,Chicago,1500,Ron Mercer,Ron,G,,37:14,8.0,19.0,0.421,0.0,0.0,0.0,0.0,1.0,0.0,1.0,1.0,2.0,1.0,2.0,0.0,3.0,1.0,16.0,-32.0
0020000141,1610612741,CHI,Chicago,2062,A.J. Guyton,A.J.,G,,20:22,1.0,6.0,0.167,0.0,0.0,0.0,0.0,0.0,0.0,1.0,0.0,1.0,3.0,0.0,0.0,0.0,2.0,2.0,-14.0
0020000141,1610612741,CHI,Chicago,1434,Dragan Tarlac,Dragan,,,14:46,1.0,2.0,0.5,0.0,0.0,0.0,0.0,0.0,0.0,2.0,3.0,5.0,0.0,0.0,1.0,2.0,3.0,2.0,-21.0
0020000141,1610612741,CHI,Chicago,697,Fred Hoiberg,Fred,F,,9:06,0.0,2.0,0.0,0.0,1.0,0.0,1.0,2.0,0.5,0.0,1.0,1.0,0.0,0.0,0.0,0.0,2.0,1.0,-11.0
0020000141,1610612741,CHI,Chicago,2064,Khalid El-Amin,Khalid,G,,14:08,1.0,5.0,0.2,1.0,3.0,0.333,0.0,0.0,0.0,0.0,0.0,0.0,3.0,1.0,0.0,1.0,2.0,3.0,-16.0
0020000141,1610612741,CHI,Chicago,2063,Jake Voskuhl,Jake,,,11:58,0.0,0.0,0.0,0.0,0.0,0.0,2.0,2.0,1.0,1.0,0.0,1.0,0.0,1.0,0.0,0.0,2.0,2.0,-8.0
0020000141,1610612741,CHI,Chicago,2033,Marcus Fizer,Marcus,G,,24:39,3.0,13.0,0.231,0.0,1.0,0.0,1.0,4.0,0.25,1.0,1.0,2.0,0.0,2.0,0.0,1.0,2.0,7.0,-29.0
0020000141,1610612741,CHI,Chicago,1736,Corey Benjamin,Corey,,,11:25,0.0,5.0,0.0,0.0,0.0,0.0,2.0,2.0,1.0,0.0,0.0,0.0,0.0,0.0,0.0,0.0,2.0,2.0,-12.0
0020000141,1610612741,CHI,Chicago,2037,Jamal Crawford,Jamal,F,,13:30,0.0,1.0,0.0,0.0,1.0,0.0,0.0,0.0,0.0,0.0,1.0,1.0,2.0,0.0,1.0,0.0,0.0,0.0,-15.0
0020000141,1610612741,CHI,Chicago,2153,,,, ,,,,,,,,,,,,,,,,,,,,
0020000141,1610612741,CHI,Chicago,1779,,,, ,,,,,,,,,,,,,,,,,,,,
0020000141,1610612741,CHI,Chicago,1780,,,, ,,,,,,,,,,,,,,,,,,,,
0020000141,1610612741,CHI,Chicago,1220,,,, ,,,,,,,,,,,,,,,,,,,,
0020000141,1610612741,CHI,Chicago,1254,,,, ,,,,,,,,,,,,,,,,,,,,
0020000141,1610612741,CHI,Chicago,1346,,,, ,,,,,,,,,,,,,,,,,,,,
0020000141,1610612762,UTA,Utah,935,Bryon Russell,Bryon,G,,29:04,6.0,11.0,0.545,2.0,4.0,0.5,1.0,1.0,1.0,3.0,4.0,7.0,4.0,1.0,0.0,2.0,3.0,15.0,28.0
0020000141,1610612762,UTA,Utah,252,Karl Malone,Karl,G,,30:43,10.0,13.0,0.769,0.0,0.0,0.0,6.0,9.0,0.667,2.0,7.0,9.0,8.0,0.0,1.0,0.0,2.0,26.0,29.0
0020000141,1610612762,UTA,Utah,178,Olden Polynice,Olden,F,,18:00,4.0,6.0,0.667,0.0,0.0,0.0,0.0,0.0,0.0,0.0,4.0,4.0,0.0,0.0,2.0,1.0,4.0,8.0,14.0
0020000141,1610612762,UTA,Utah,304,John Stockton,John,G,,22:05,1.0,3.0,0.333,0.0,0.0,0.0,2.0,2.0,1.0,0.0,4.0,4.0,5.0,1.0,0.0,3.0,2.0,4.0,16.0
0020000141,1610612762,UTA,Utah,2052,DeShawn Stevenson,DeShawn,G,,22:24,1.0,4.0,0.25,0.0,0.0,0.0,0.0,0.0,0.0,0.0,1.0,1.0,2.0,2.0,0.0,4.0,0.0,2.0,16.0
0020000141,1610612762,UTA,Utah,1521,Jacque Vaughn,Jacque,G,,34:27,4.0,8.0,0.5,1.0,2.0,0.5,6.0,9.0,0.667,2.0,6.0,8.0,7.0,0.0,0.0,3.0,2.0,15.0,36.0
0020000141,1610612762,UTA,Utah,1900,Quincy Lewis,Quincy,F,,21:06,4.0,5.0,0.8,1.0,1.0,1.0,0.0,0.0,0.0,0.0,3.0,3.0,1.0,1.0,1.0,1.0,5.0,9.0,19.0
0020000141,1610612762,UTA,Utah,731,Greg Ostertag,Greg,F,,25:58,4.0,5.0,0.8,0.0,0.0,0.0,3.0,7.0,0.429,1.0,6.0,7.0,0.0,0.0,8.0,0.0,1.0,11.0,34.0
0020000141,1610612762,UTA,Utah,923,Donyell Marshall,Donyell,G,,14:46,3.0,6.0,0.5,1.0,2.0,0.5,0.0,0.0,0.0,0.0,3.0,3.0,4.0,0.0,0.0,3.0,2.0,7.0,15.0
0020000141,1610612762,UTA,Utah,330,Danny Manning,Danny,,,5:17,1.0,3.0,0.333,0.0,0.0,0.0,0.0,0.0,0.0,0.0,0.0,0.0,0.0,0.0,0.0,1.0,1.0,2.0,4.0
0020000141,1610612762,UTA,Utah,128,David Benoit,David,G,,16:10,5.0,6.0,0.833,0.0,0.0,0.0,0.0,0.0,0.0,3.0,3.0,6.0,2.0,0.0,1.0,1.0,4.0,10.0,14.0
0020000141,1610612762,UTA,Utah,1794,,,, ,,,,,,,,,,,,,,,,,,,,
0020000141,1610612762,UTA,Utah,1347,,,, ,,,,,,,,,,,,,,,,,,,,
0020000141,1610612762,UTA,Utah,1348,,,, ,,,,,,,,,,,,,,,,,,,,
0020000141,1610612762,UTA,Utah,1372,,,, ,,,,,,,,,,,,,,,,,,,,
0020000141,1610612762,UTA,Utah,1345,,,, ,,,,,,,,,,,,,,,,,,,,
0020000141,1610612762,UTA,Utah,1228,,,, ,,,,,,,,,,,,,,,,,,,,
0020000141,1610612762,UTA,Utah,317,John Starks,John,,DNP - Not With Team - Family matter.,,,,,,,,,,,,,,,,,,,,
0020000138,1610612749,MIL,Milwaukee,299,Glenn Robinson,Glenn,F,,40:34,12.0,26.0,0.462,1.0,2.0,0.5,0.0,1.0,0.0,5.0,8.0,13.0,3.0,0.0,0.0,2.0,1.0,25.0,-7.0
0020000138,1610612749,MIL,Milwaukee,998,Mark Pope,Mark,F,,27:19,2.0,3.0,0.667,1.0,1.0,1.0,0.0,0.0,0.0,1.0,3.0,4.0,1.0,0.0,0.0,0.0,5.0,5.0,6.0
0020000138,1610612749,MIL,Milwaukee,2038,Joel Przybilla,Joel,C,,13:46,1.0,1.0,1.0,0.0,0.0,0.0,0.0,0.0,0.0,0.0,1.0,1.0,0.0,0.0,3.0,1.0,4.0,2.0,-1.0
0020000138,1610612749,MIL,Milwaukee,951,Ray Allen,Ray,G,,40:12,11.0,20.0,0.55,4.0,6.0,0.667,3.0,4.0,0.75,1.0,3.0,4.0,2.0,1.0,0.0,2.0,3.0,29.0,-11.0
0020000138,1610612749,MIL,Milwaukee,208,Sam Cassell,Sam,G,,36:33,6.0,17.0,0.353,0.0,1.0,0.0,1.0,1.0,1.0,0.0,4.0,4.0,8.0,1.0,0.0,3.0,5.0,13.0,-5.0
0020000138,1610612749,MIL,Milwaukee,911,Ervin Johnson,Ervin,C,,14:50,3.0,4.0,0.75,0.0,0.0,0.0,0.0,0.0,0.0,0.0,1.0,1.0,1.0,0.0,0.0,1.0,5.0,6.0,-17.0
0020000138,1610612749,MIL,Milwaukee,1501,Tim Thomas,Tim,F,,22:22,4.0,11.0,0.364,1.0,2.0,0.5,2.0,2.0,1.0,3.0,1.0,4.0,0.0,0.0,2.0,2.0,6.0,11.0,-7.0
0020000138,1610612749,MIL,Milwaukee,283,Lindsey Hunter,Lindsey,G,,29:31,1.0,6.0,0.167,1.0,2.0,0.5,0.0,0.0,0.0,1.0,2.0,3.0,2.0,2.0,2.0,0.0,4.0,3.0,-2.0
0020000138,1610612749,MIL,Milwaukee,679,Jason Caffey,Jason,F,,14:53,3.0,4.0,0.75,0.0,0.0,0.0,2.0,5.0,0.4,3.0,2.0,5.0,0.0,0.0,1.0,0.0,6.0,8.0,-1.0
0020000138,1610612749,MIL,Milwaukee,1334,,,, ,,,,,,,,,,,,,,,,,,,,
0020000138,1610612749,MIL,Milwaukee,1337,,,, ,,,,,,,,,,,,,,,,,,,,
0020000138,1610612749,MIL,Milwaukee,1355,,,, ,,,,,,,,,,,,,,,,,,,,
0020000138,1610612749,MIL,Milwaukee,1796,,,, ,,,,,,,,,,,,,,,,,,,,
0020000138,1610612749,MIL,Milwaukee,1797,,,, ,,,,,,,,,,,,,,,,,,,,
0020000138,1610612749,MIL,Milwaukee,2157,,,, ,,,,,,,,,,,,,,,,,,,,
0020000138,1610612749,MIL,Milwaukee,1747,Rafer Alston,Rafer,,DNP - Coach's Decision,,,,,,,,,,,,,,,,,,,,
0020000138,1610612749,MIL,Milwaukee,2072,Michael Redd,Michael,,DNP - Coach's Decision,,,,,,,,,,,,,,,,,,,,
0020000138,1610612761,TOR,Toronto,722,Corliss Williamson,Corliss,F,,18:32,2.0,3.0,0.667,0.0,0.0,0.0,3.0,4.0,0.75,1.0,1.0,2.0,0.0,0.0,0.0,2.0,3.0,7.0,-9.0
0020000138,1610612761,TOR,Toronto,891,Charles Oakley,Charles,F,,39:13,1.0,8.0,0.125,1.0,3.0,0.333,3.0,4.0,0.75,1.0,4.0,5.0,3.0,2.0,0.0,1.0,5.0,6.0,24.0
0020000138,1610612761,TOR,Toronto,213,Antonio Davis,Antonio,F,,41:46,4.0,9.0,0.444,0.0,0.0,0.0,9.0,13.0,0.692,5.0,13.0,18.0,2.0,1.0,4.0,2.0,4.0,17.0,12.0
0020000138,1610612761,TOR,Toronto,1713,Vince Carter,Vince,G,,44:43,14.0,31.0,0.452,3.0,7.0,0.429,17.0,18.0,0.944,5.0,5.0,10.0,4.0,3.0,2.0,2.0,3.0,48.0,8.0
0020000138,1610612761,TOR,Toronto,349,Mark Jackson,Mark,G,,40:11,4.0,6.0,0.667,1.0,2.0,0.5,4.0,4.0,1.0,0.0,6.0,6.0,12.0,0.0,0.0,1.0,1.0,13.0,13.0
0020000138,1610612761,TOR,Toronto,788,Kevin Willis,Kevin,C,,9:50,1.0,2.0,0.5,0.0,0.0,0.0,0.0,0.0,0.0,0.0,1.0,1.0,1.0,0.0,0.0,0.0,0.0,2.0,-9.0
0020000138,1610612761,TOR,Toronto,1541,Alvin Williams,Alvin,G,,32:19,5.0,10.0,0.5,0.0,1.0,0.0,3.0,4.0,0.75,1.0,2.0,3.0,3.0,1.0,0.0,0.0,4.0,13.0,15.0
0020000138,1610612761,TOR,Toronto,1565,Michael Stewart,Michael,,,3:38,0.0,1.0,0.0,0.0,0.0,0.0,0.0,0.0,0.0,0.0,0.0,0.0,0.0,0.0,0.0,0.0,1.0,0.0,-5.0
0020000138,1610612761,TOR,Toronto,2050,Morris Peterson,Morris,,,6:46,0.0,3.0,0.0,0.0,0.0,0.0,2.0,2.0,1.0,0.0,1.0,1.0,1.0,0.0,0.0,1.0,0.0,2.0,-3.0
0020000138,1610612761,TOR,Toronto,209,Dell Curry,Dell,,,3:02,1.0,3.0,0.333,1.0,3.0,0.333,0.0,0.0,0.0,0.0,0.0,0.0,0.0,0.0,0.0,0.0,0.0,3.0,-1.0
0020000138,1610612761,TOR,Toronto,1671,,,, ,,,,,,,,,,,,,,,,,,,,
0020000138,1610612761,TOR,Toronto,883,,,, ,,,,,,,,,,,,,,,,,,,,
0020000138,1610612761,TOR,Toronto,2162,,,, ,,,,,,,,,,,,,,,,,,,,
0020000138,1610612761,TOR,Toronto,1368,,,, ,,,,,,,,,,,,,,,,,,,,
0020000138,1610612761,TOR,Toronto,1344,,,, ,,,,,,,,,,,,,,,,,,,,
0020000138,1610612761,TOR,Toronto,1205,,,, ,,,,,,,,,,,,,,,,,,,,
0020000138,1610612761,TOR,Toronto,1239,,,, ,,,,,,,,,,,,,,,,,,,,
0020000138,1610612761,TOR,Toronto,1244,,,, ,,,,,,,,,,,,,,,,,,,,
0020000138,1610612761,TOR,Toronto,1266,,,, ,,,,,,,,,,,,,,,,,,,,
0020000138,1610612761,TOR,Toronto,895,Tyrone Corbin,Tyrone,,DNP - Coach's Decision,,,,,,,,,,,,,,,,,,,,
0020000138,1610612761,TOR,Toronto,1600,Kornel David,Kornel,,DNP - Coach's Decision,,,,,,,,,,,,,,,,,,,,
0020000143,1610612742,DAL,Dallas,714,Michael Finley,Michael,F,,36:58,5.0,14.0,0.357,2.0,3.0,0.667,4.0,4.0,1.0,0.0,6.0,6.0,3.0,2.0,0.0,5.0,4.0,16.0,1.0
0020000143,1610612742,DAL,Dallas,1717,Dirk Nowitzki,Dirk,G,,41:40,8.0,13.0,0.615,0.0,2.0,0.0,4.0,5.0,0.8,1.0,9.0,10.0,3.0,0.0,1.0,2.0,3.0,20.0,9.0
0020000143,1610612742,DAL,Dallas,762,Shawn Bradley,Shawn,G,,25:17,2.0,5.0,0.4,0.0,0.0,0.0,0.0,0.0,0.0,2.0,6.0,8.0,0.0,0.0,5.0,2.0,4.0,4.0,11.0
0020000143,1610612742,DAL,Dallas,93,Hubert Davis,Hubert,G,,39:05,8.0,14.0,0.571,2.0,5.0,0.4,2.0,2.0,1.0,1.0,4.0,5.0,3.0,1.0,0.0,2.0,2.0,20.0,0.0
0020000143,1610612742,DAL,Dallas,959,Steve Nash,Steve,G,,43:09,4.0,12.0,0.333,2.0,4.0,0.5,2.0,4.0,0.5,1.0,5.0,6.0,4.0,0.0,0.0,3.0,2.0,12.0,10.0
0020000143,1610612742,DAL,Dallas,363,Christian Laettner,Christian,G,,18:30,3.0,7.0,0.429,0.0,0.0,0.0,2.0,4.0,0.5,3.0,2.0,5.0,0.0,0.0,0.0,0.0,3.0,8.0,-6.0
0020000143,1610612742,DAL,Dallas,458,Howard Eisley,Howard,F,,17:24,2.0,6.0,0.333,1.0,2.0,0.5,0.0,0.0,0.0,0.0,1.0,1.0,1.0,1.0,0.0,2.0,1.0,5.0,-4.0
0020000143,1610612742,DAL,Dallas,2059,Eduardo Najera,Eduardo,G,,14:22,1.0,2.0,0.5,0.0,0.0,0.0,4.0,6.0,0.667,1.0,2.0,3.0,2.0,2.0,0.0,0.0,0.0,6.0,-5.0
0020000143,1610612742,DAL,Dallas,2042,Courtney Alexander,Courtney,,,3:35,0.0,0.0,0.0,0.0,0.0,0.0,0.0,0.0,0.0,0.0,0.0,0.0,0.0,0.0,0.0,0.0,0.0,0.0,-1.0
0020000143,1610612742,DAL,Dallas,1994,,,, ,,,,,,,,,,,,,,,,,,,,
0020000143,1610612742,DAL,Dallas,1781,,,, ,,,,,,,,,,,,,,,,,,,,
0020000143,1610612742,DAL,Dallas,1782,,,, ,,,,,,,,,,,,,,,,,,,,
0020000143,1610612742,DAL,Dallas,1233,,,, ,,,,,,,,,,,,,,,,,,,,
0020000143,1610612742,DAL,Dallas,1317,,,, ,,,,,,,,,,,,,,,,,,,,
0020000143,1610612742,DAL,Dallas,1370,,,, ,,,,,,,,,,,,,,,,,,,,
0020000143,1610612742,DAL,Dallas,1483,,,, ,,,,,,,,,,,,,,,,,,,,
0020000143,1610612742,DAL,Dallas,1643,,,, ,,,,,,,,,,,,,,,,,,,,
0020000143,1610612742,DAL,Dallas,1761,Greg Buckner,Greg,,DND - Sprained Right Foot,,,,,,,,,,,,,,,,,,,,
0020000143,1610612742,DAL,Dallas,223,Bill Curley,Bill,,DNP - Coach's Decision,,,,,,,,,,,,,,,,,,,,
0020000143,1610612742,DAL,Dallas,919,Loy Vaught,Loy,,DNP - Coach's Decision,,,,,,,,,,,,,,,,,,,,
0020000143,1610612763,VAN,Vancouver,3,Grant Long,Grant,G,,32:55,5.0,7.0,0.714,0.0,0.0,0.0,0.0,0.0,0.0,1.0,3.0,4.0,2.0,3.0,0.0,2.0,2.0,10.0,-5.0
0020000143,1610612763,VAN,Vancouver,970,Othella Harrington,Othella,F,,37:38,8.0,20.0,0.4,0.0,0.0,0.0,7.0,8.0,0.875,1.0,5.0,6.0,3.0,1.0,0.0,3.0,3.0,23.0,-6.0
0020000143,1610612763,VAN,Vancouver,735,Bryant Reeves,Bryant,G,,15:34,1.0,3.0,0.333,0.0,0.0,0.0,1.0,2.0,0.5,1.0,4.0,5.0,0.0,0.0,0.0,2.0,2.0,3.0,3.0
0020000143,1610612763,VAN,Vancouver,1722,Michael Dickerson,Michael,G,,27:12,7.0,12.0,0.583,1.0,2.0,0.5,3.0,5.0,0.6,4.0,2.0,6.0,1.0,3.0,1.0,1.0,1.0,18.0,1.0
0020000143,1610612763,VAN,Vancouver,1710,Mike Bibby,Mike,G,,41:44,3.0,11.0,0.273,1.0,3.0,0.333,0.0,1.0,0.0,2.0,0.0,2.0,11.0,2.0,0.0,3.0,2.0,7.0,-13.0
0020000143,1610612763,VAN,Vancouver,1134,Ike Austin,Ike,F,,26:24,2.0,8.0,0.25,0.0,0.0,0.0,0.0,0.0,0.0,0.0,10.0,10.0,3.0,0.0,1.0,1.0,0.0,4.0,4.0
0020000143,1610612763,VAN,Vancouver,236,Kevin Edwards,Kevin,G,,22:28,6.0,7.0,0.857,0.0,0.0,0.0,1.0,2.0,0.5,0.0,0.0,0.0,2.0,2.0,1.0,2.0,2.0,13.0,-6.0
0020000143,1610612763,VAN,Vancouver,1800,Damon Jones,Damon,F,,25:57,3.0,8.0,0.375,2.0,6.0,0.333,0.0,0.0,0.0,0.0,0.0,0.0,6.0,0.0,0.0,1.0,1.0,8.0,-3.0
0020000143,1610612763,VAN,Vancouver,51,Mahmoud Abdul-Rauf,Mahmoud,G,,5:24,1.0,1.0,1.0,0.0,0.0,0.0,0.0,0.0,0.0,0.0,0.0,0.0,0.0,1.0,0.0,0.0,3.0,2.0,7.0
0020000143,1610612763,VAN,Vancouver,2031,Stromile Swift,Stromile,G,,2:47,0.0,1.0,0.0,0.0,0.0,0.0,0.0,0.0,0.0,0.0,1.0,1.0,0.0,0.0,0.0,0.0,2.0,0.0,4.0
0020000143,1610612763,VAN,Vancouver,763,Tony Massenburg,Tony,,,1:57,0.0,0.0,0.0,0.0,0.0,0.0,0.0,0.0,0.0,0.0,2.0,2.0,0.0,0.0,0.0,0.0,1.0,0.0,-1.0
0020000143,1610612763,VAN,Vancouver,888,,,, ,,,,,,,,,,,,,,,,,,,,
0020000143,1610612763,VAN,Vancouver,1353,,,, ,,,,,,,,,,,,,,,,,,,,
0020000143,1610612763,VAN,Vancouver,1356,,,, ,,,,,,,,,,,,,,,,,,,,
0020000143,1610612763,VAN,Vancouver,1795,,,, ,,,,,,,,,,,,,,,,,,,,
0020000143,1610612763,VAN,Vancouver,1227,,,, ,,,,,,,,,,,,,,,,,,,,
0020000143,1610612763,VAN,Vancouver,1232,,,, ,,,,,,,,,,,,,,,,,,,,
0020000143,1610612763,VAN,Vancouver,949,Shareef Abdur-Rahim,Shareef,,NWT - Personal Reasons,,,,,,,,,,,,,,,,,,,,
0020000135,1610612738,BOS,Boston,952,Antoine Walker,Antoine,F,,35:13,9.0,22.0,0.409,4.0,9.0,0.444,4.0,4.0,1.0,3.0,7.0,10.0,2.0,0.0,0.0,4.0,3.0,26.0,-24.0
0020000135,1610612738,BOS,Boston,1718,Paul Pierce,Paul,F,,29:39,7.0,10.0,0.7,3.0,4.0,0.75,0.0,1.0,0.0,2.0,2.0,4.0,0.0,0.0,0.0,2.0,2.0,17.0,-14.0
0020000135,1610612738,BOS,Boston,1499,Tony Battie,Tony,G,,17:56,2.0,6.0,0.333,0.0,0.0,0.0,0.0,2.0,0.0,2.0,5.0,7.0,0.0,0.0,2.0,2.0,4.0,4.0,-14.0
0020000135,1610612738,BOS,Boston,179,Bryant Stith,Bryant,G,,27:06,1.0,7.0,0.143,0.0,4.0,0.0,1.0,1.0,1.0,1.0,0.0,1.0,0.0,0.0,0.0,1.0,0.0,3.0,-26.0
0020000135,1610612738,BOS,Boston,1914,Chris Herren,Chris,G,,22:48,1.0,4.0,0.25,0.0,0.0,0.0,2.0,2.0,1.0,0.0,1.0,1.0,4.0,0.0,0.0,2.0,1.0,4.0,-18.0
0020000135,1610612738,BOS,Boston,958,Vitaly Potapenko,Vitaly,F,,19:36,2.0,7.0,0.286,0.0,0.0,0.0,1.0,2.0,0.5,1.0,4.0,5.0,1.0,1.0,0.0,1.0,1.0,5.0,-13.0
0020000135,1610612738,BOS,Boston,713,Chris Carr,Chris,G,,20:26,5.0,9.0,0.556,2.0,6.0,0.333,2.0,2.0,1.0,1.0,2.0,3.0,0.0,0.0,0.0,1.0,3.0,14.0,-4.0
0020000135,1610612738,BOS,Boston,962,Walter McCarty,Walter,G,,12:47,1.0,5.0,0.2,0.0,1.0,0.0,5.0,6.0,0.833,2.0,1.0,3.0,1.0,0.0,0.0,2.0,1.0,7.0,4.0
0020000135,1610612738,BOS,Boston,1594,Rick Brunson,Rick,F,,19:47,2.0,6.0,0.333,1.0,2.0,0.5,0.0,0.0,0.0,0.0,1.0,1.0,6.0,1.0,0.0,2.0,2.0,5.0,-1.0
0020000135,1610612738,BOS,Boston,677,Eric Williams,Eric,F,,15:56,0.0,3.0,0.0,0.0,1.0,0.0,0.0,0.0,0.0,0.0,2.0,2.0,0.0,0.0,0.0,0.0,1.0,0.0,0.0
0020000135,1610612738,BOS,Boston,1548,Mark Blount,Mark,,,10:28,0.0,1.0,0.0,0.0,0.0,0.0,0.0,0.0,0.0,1.0,2.0,3.0,1.0,3.0,1.0,0.0,1.0,0.0,7.0
0020000135,1610612738,BOS,Boston,1559,Adrian Griffin,Adrian,G,,8:18,1.0,2.0,0.5,1.0,2.0,0.5,1.0,2.0,0.5,0.0,1.0,1.0,2.0,0.0,0.0,0.0,0.0,4.0,3.0
0020000135,1610612738,BOS,Boston,1213,,,, ,,,,,,,,,,,,,,,,,,,,
0020000135,1610612738,BOS,Boston,1486,,,, ,,,,,,,,,,,,,,,,,,,,
0020000135,1610612738,BOS,Boston,1875,,,, ,,,,,,,,,,,,,,,,,,,,
0020000135,1610612738,BOS,Boston,1639,,,, ,,,,,,,,,,,,,,,,,,,,
0020000135,1610612738,BOS,Boston,1641,,,, ,,,,,,,,,,,,,,,,,,,,
0020000135,1610612764,WAS,Washington,1732,Felipe Lopez,Felipe,G,,30:53,1.0,6.0,0.167,0.0,2.0,0.0,7.0,8.0,0.875,0.0,3.0,3.0,4.0,4.0,3.0,0.0,3.0,9.0,15.0
0020000135,1610612764,WAS,Washington,436,Juwan Howard,Juwan,F,,25:45,8.0,12.0,0.667,0.0,0.0,0.0,5.0,5.0,1.0,2.0,4.0,6.0,1.0,2.0,0.0,1.0,4.0,21.0,28.0
0020000135,1610612764,WAS,Washington,1751,Jahidi White,Jahidi,C,,18:37,5.0,10.0,0.5,0.0,0.0,0.0,4.0,4.0,1.0,2.0,6.0,8.0,0.0,1.0,2.0,3.0,3.0,14.0,22.0
0020000135,1610612764,WAS,Washington,782,Mitch Richmond,Mitch,G,,30:59,8.0,9.0,0.889,3.0,3.0,1.0,0.0,0.0,0.0,0.0,2.0,2.0,5.0,3.0,0.0,0.0,2.0,19.0,24.0
0020000135,1610612764,WAS,Washington,393,Rod Strickland,Rod,G,,27:23,3.0,7.0,0.429,0.0,0.0,0.0,2.0,4.0,0.5,0.0,5.0,5.0,7.0,2.0,0.0,0.0,0.0,8.0,27.0
0020000135,1610612764,WAS,Washington,685,Cherokee Parks,Cherokee,F,,15:53,2.0,3.0,0.667,0.0,0.0,0.0,2.0,2.0,1.0,0.0,0.0,0.0,0.0,0.0,0.0,3.0,1.0,6.0,9.0
0020000135,1610612764,WAS,Washington,1888,Richard Hamilton,Richard,F,,25:38,9.0,17.0,0.529,1.0,3.0,0.333,0.0,0.0,0.0,0.0,3.0,3.0,1.0,1.0,0.0,3.0,3.0,19.0,9.0
0020000135,1610612764,WAS,Washington,43,Chris Whitney,Chris,G,,20:37,3.0,5.0,0.6,1.0,3.0,0.333,0.0,0.0,0.0,0.0,0.0,0.0,4.0,0.0,0.0,1.0,1.0,7.0,-7.0
0020000135,1610612764,WAS,Washington,63,Michael Smith,Michael,G,,15:52,0.0,0.0,0.0,0.0,0.0,0.0,0.0,0.0,0.0,1.0,6.0,7.0,2.0,0.0,1.0,1.0,2.0,0.0,1.0
0020000135,1610612764,WAS,Washington,1916,Calvin Booth,Calvin,,,13:30,1.0,3.0,0.333,0.0,0.0,0.0,0.0,0.0,0.0,0.0,2.0,2.0,0.0,0.0,3.0,1.0,1.0,2.0,-11.0
0020000135,1610612764,WAS,Washington,1562,Gerard King,Gerard,,,12:00,1.0,4.0,0.25,0.0,0.0,0.0,0.0,0.0,0.0,0.0,3.0,3.0,2.0,1.0,0.0,0.0,2.0,2.0,-13.0
0020000135,1610612764,WAS,Washington,1918,Obinna Ekezie,Obinna,,,2:53,1.0,1.0,1.0,0.0,0.0,0.0,0.0,0.0,0.0,0.0,0.0,0.0,0.0,0.0,0.0,0.0,0.0,2.0,-4.0
0020000135,1610612764,WAS,Washington,2093,,,, ,,,,,,,,,,,,,,,,,,,,
0020000135,1610612764,WAS,Washington,2095,,,, ,,,,,,,,,,,,,,,,,,,,
0020000135,1610612764,WAS,Washington,2171,,,, ,,,,,,,,,,,,,,,,,,,,
0020000135,1610612764,WAS,Washington,1245,,,, ,,,,,,,,,,,,,,,,,,,,
0020000135,1610612764,WAS,Washington,1251,,,, ,,,,,,,,,,,,,,,,,,,,
0020000135,1610612764,WAS,Washington,1271,,,, ,,,,,,,,,,,,,,,,,,,,
0020000135,1610612764,WAS,Washington,1340,,,, ,,,,,,,,,,,,,,,,,,,,
0020000135,1610612764,WAS,Washington,1360,,,, ,,,,,,,,,,,,,,,,,,,,
0020000139,1610612756,PHX,Phoenix,1890,Shawn Marion,Shawn,F,,42:47,7.0,15.0,0.467,0.0,0.0,0.0,6.0,6.0,1.0,5.0,12.0,17.0,0.0,1.0,0.0,3.0,3.0,20.0,-3.0
0020000139,1610612756,PHX,Phoenix,361,Clifford Robinson,Clifford,G,,37:28,8.0,19.0,0.421,1.0,3.0,0.333,6.0,6.0,1.0,1.0,4.0,5.0,3.0,1.0,2.0,2.0,6.0,23.0,-7.0
0020000139,1610612756,PHX,Phoenix,916,Corie Blount,Corie,C,,15:18,2.0,3.0,0.667,0.0,0.0,0.0,0.0,0.0,0.0,2.0,0.0,2.0,0.0,1.0,1.0,2.0,5.0,4.0,-2.0
0020000139,1610612756,PHX,Phoenix,53,Mario Elie,Mario,G,,24:52,0.0,2.0,0.0,0.0,1.0,0.0,2.0,2.0,1.0,1.0,3.0,4.0,3.0,1.0,0.0,0.0,1.0,2.0,1.0
0020000139,1610612756,PHX,Phoenix,467,Jason Kidd,Jason,G,,44:44,5.0,15.0,0.333,0.0,3.0,0.0,5.0,8.0,0.625,0.0,3.0,3.0,9.0,2.0,0.0,4.0,2.0,15.0,-1.0
0020000139,1610612756,PHX,Phoenix,2091,Daniel Santiago,Daniel,G,,15:34,1.0,3.0,0.333,0.0,0.0,0.0,2.0,2.0,1.0,2.0,0.0,2.0,0.0,0.0,1.0,1.0,1.0,4.0,3.0
0020000139,1610612756,PHX,Phoenix,915,Rodney Rogers,Rodney,G,,21:08,3.0,8.0,0.375,1.0,1.0,1.0,6.0,6.0,1.0,1.0,2.0,3.0,2.0,1.0,1.0,4.0,3.0,13.0,-6.0
0020000139,1610612756,PHX,Phoenix,960,Tony Delk,Tony,F,,27:58,3.0,8.0,0.375,0.0,0.0,0.0,0.0,0.0,0.0,1.0,2.0,3.0,2.0,0.0,0.0,1.0,2.0,6.0,-7.0
0020000139,1610612756,PHX,Phoenix,2054,Jake Tsakalidis,Jake,G,,7:44,1.0,2.0,0.5,0.0,0.0,0.0,0.0,0.0,0.0,1.0,0.0,1.0,0.0,0.0,1.0,0.0,0.0,2.0,-4.0
0020000139,1610612756,PHX,Phoenix,2101,Paul McPherson,Paul,,,2:27,0.0,0.0,0.0,0.0,0.0,0.0,0.0,0.0,0.0,0.0,0.0,0.0,0.0,0.0,0.0,0.0,0.0,0.0,1.0
0020000139,1610612756,PHX,Phoenix,2160,,,, ,,,,,,,,,,,,,,,,,,,,
0020000139,1610612756,PHX,Phoenix,2161,,,, ,,,,,,,,,,,,,,,,,,,,
0020000139,1610612756,PHX,Phoenix,2008,,,, ,,,,,,,,,,,,,,,,,,,,
0020000139,1610612756,PHX,Phoenix,2015,,,, ,,,,,,,,,,,,,,,,,,,,
0020000139,1610612756,PHX,Phoenix,1653,,,, ,,,,,,,,,,,,,,,,,,,,
0020000139,1610612756,PHX,Phoenix,1654,,,, ,,,,,,,,,,,,,,,,,,,,
0020000139,1610612756,PHX,Phoenix,1227,,,, ,,,,,,,,,,,,,,,,,,,,
0020000139,1610612756,PHX,Phoenix,201,Chris Dudley,Chris,,DNP - Coach's Decision,,,,,,,,,,,,,,,,,,,,
0020000139,1610612756,PHX,Phoenix,2092,Ruben Garces,Ruben,,DNP - Coach's Decision,,,,,,,,,,,,,,,,,,,,
0020000139,1610612756,PHX,Phoenix,339,Tom Gugliotta,Tom,,DNP - Coach's Decision,,,,,,,,,,,,,,,,,,,,
0020000139,1610612745,HOU,Houston,1005,Walt Williams,Walt,G,,25:22,2.0,6.0,0.333,0.0,2.0,0.0,0.0,0.0,0.0,0.0,7.0,7.0,2.0,0.0,0.0,2.0,2.0,4.0,4.0
0020000139,1610612745,HOU,Houston,1508,Maurice Taylor,Maurice,F,,23:14,4.0,9.0,0.444,0.0,0.0,0.0,0.0,0.0,0.0,1.0,3.0,4.0,0.0,0.0,0.0,2.0,5.0,8.0,2.0
0020000139,1610612745,HOU,Houston,165,Hakeem Olajuwon,Hakeem,C,,33:16,9.0,12.0,0.75,0.0,0.0,0.0,1.0,2.0,0.5,4.0,6.0,10.0,1.0,2.0,3.0,4.0,2.0,19.0,10.0
0020000139,1610612745,HOU,Houston,1000,Shandon Anderson,Shandon,G,,17:07,0.0,0.0,0.0,0.0,0.0,0.0,0.0,0.0,0.0,0.0,2.0,2.0,1.0,0.0,0.0,1.0,1.0,0.0,3.0
0020000139,1610612745,HOU,Houston,1883,Steve Francis,Steve,G,,42:51,8.0,17.0,0.471,1.0,2.0,0.5,8.0,8.0,1.0,4.0,3.0,7.0,8.0,3.0,0.0,2.0,5.0,25.0,4.0
0020000139,1610612745,HOU,Houston,1903,Kenny Thomas,Kenny,C,,17:21,0.0,3.0,0.0,0.0,2.0,0.0,0.0,0.0,0.0,0.0,2.0,2.0,0.0,2.0,0.0,3.0,5.0,0.0,7.0
0020000139,1610612745,HOU,Houston,1749,Cuttino Mobley,Cuttino,F,,24:02,6.0,13.0,0.462,0.0,0.0,0.0,5.0,7.0,0.714,2.0,4.0,6.0,3.0,0.0,0.0,3.0,4.0,17.0,0.0
0020000139,1610612745,HOU,Houston,2044,Jason Collier,Jason,F,,13:39,2.0,5.0,0.4,0.0,0.0,0.0,2.0,2.0,1.0,1.0,1.0,2.0,0.0,0.0,0.0,1.0,1.0,6.0,-5.0
0020000139,1610612745,HOU,Houston,983,Moochie Norris,Moochie,G,,24:00,2.0,7.0,0.286,0.0,1.0,0.0,5.0,6.0,0.833,1.0,1.0,2.0,1.0,0.0,0.0,1.0,3.0,9.0,3.0
0020000139,1610612745,HOU,Houston,672,Matt Bullard,Matt,C,,19:08,2.0,7.0,0.286,2.0,5.0,0.4,0.0,0.0,0.0,0.0,1.0,1.0,0.0,2.0,1.0,0.0,0.0,6.0,-3.0
0020000139,1610612745,HOU,Houston,825,,,, ,,,,,,,,,,,,,,,,,,,,
0020000139,1610612745,HOU,Houston,1255,,,, ,,,,,,,,,,,,,,,,,,,,
0020000139,1610612745,HOU,Houston,1256,,,, ,,,,,,,,,,,,,,,,,,,,
0020000139,1610612745,HOU,Houston,1257,,,, ,,,,,,,,,,,,,,,,,,,,
0020000139,1610612745,HOU,Houston,1258,,,, ,,,,,,,,,,,,,,,,,,,,
0020000139,1610612745,HOU,Houston,1997,,,, ,,,,,,,,,,,,,,,,,,,,
0020000139,1610612745,HOU,Houston,2061,Dan Langhi,Dan,,DNP - Coach's Decision,,,,,,,,,,,,,,,,,,,,
0020000139,1610612745,HOU,Houston,435,Carlos Rogers,Carlos,,DND - Illness,,,,,,,,,,,,,,,,,,,,
0020000144,1610612744,GSW,Golden State,1712,Antawn Jamison,Antawn,F,,36:51,6.0,18.0,0.333,0.0,2.0,0.0,4.0,8.0,0.5,3.0,4.0,7.0,1.0,0.0,0.0,1.0,2.0,16.0,-9.0
0020000144,1610612744,GSW,Golden State,168,Chris Mills,Chris,F,,35:40,8.0,16.0,0.5,1.0,2.0,0.5,0.0,0.0,0.0,2.0,5.0,7.0,1.0,0.0,0.0,1.0,4.0,17.0,-9.0
0020000144,1610612744,GSW,Golden State,956,Erick Dampier,Erick,C,,35:10,4.0,10.0,0.4,0.0,0.0,0.0,0.0,4.0,0.0,2.0,5.0,7.0,4.0,0.0,0.0,0.0,1.0,8.0,-8.0
0020000144,1610612744,GSW,Golden State,302,Mookie Blaylock,Mookie,G,,37:19,3.0,12.0,0.25,2.0,8.0,0.25,0.0,0.0,0.0,1.0,4.0,5.0,5.0,2.0,0.0,1.0,0.0,8.0,-5.0
0020000144,1610612744,GSW,Golden State,1716,Larry Hughes,Larry,G,,37:42,6.0,13.0,0.462,0.0,0.0,0.0,5.0,5.0,1.0,0.0,3.0,3.0,5.0,2.0,1.0,4.0,2.0,17.0,-6.0
0020000144,1610612744,GSW,Golden State,228,Adam Keefe,Adam,G,,19:15,0.0,2.0,0.0,0.0,0.0,0.0,1.0,2.0,0.5,1.0,3.0,4.0,1.0,0.0,0.0,1.0,2.0,1.0,-17.0
0020000144,1610612744,GSW,Golden State,904,Chris Mullin,Chris,G,,13:59,1.0,8.0,0.125,0.0,1.0,0.0,0.0,0.0,0.0,1.0,0.0,1.0,0.0,0.0,0.0,2.0,0.0,2.0,-9.0
0020000144,1610612744,GSW,Golden State,1502,Adonal Foyle,Adonal,F,,13:17,0.0,2.0,0.0,0.0,0.0,0.0,0.0,0.0,0.0,2.0,4.0,6.0,0.0,1.0,2.0,0.0,2.0,0.0,-6.0
0020000144,1610612744,GSW,Golden State,219,Vinny Del Negro,Vinny,F,,7:45,1.0,2.0,0.5,0.0,0.0,0.0,0.0,0.0,0.0,1.0,0.0,1.0,0.0,0.0,0.0,0.0,1.0,2.0,-12.0
0020000144,1610612744,GSW,Golden State,2084,Chris Porter,Chris,,,3:02,0.0,1.0,0.0,0.0,1.0,0.0,0.0,0.0,0.0,0.0,0.0,0.0,0.0,0.0,0.0,0.0,0.0,0.0,-4.0
0020000144,1610612744,GSW,Golden State,500093,,,, ,,,,,,,,,,,,,,,,,,,,
0020000144,1610612744,GSW,Golden State,1323,,,, ,,,,,,,,,,,,,,,,,,,,
0020000144,1610612744,GSW,Golden State,1350,,,, ,,,,,,,,,,,,,,,,,,,,
0020000144,1610612744,GSW,Golden State,1373,,,, ,,,,,,,,,,,,,,,,,,,,
0020000144,1610612744,GSW,Golden State,1637,,,, ,,,,,,,,,,,,,,,,,,,,
0020000144,1610612744,GSW,Golden State,1217,,,, ,,,,,,,,,,,,,,,,,,,,
0020000144,1610612744,GSW,Golden State,1252,,,, ,,,,,,,,,,,,,,,,,,,,
0020000144,1610612744,GSW,Golden State,1531,Marc Jackson,Marc,,DNP - Coach's Decision,,,,,,,,,,,,,,,,,,,,
0020000144,1610612744,GSW,Golden State,988,Randy Livingston,Randy,,DNP - Coach's Decision,,,,,,,,,,,,,,,,,,,,
0020000144,1610612752,NYK,New York,913,Larry Johnson,Larry,F,,40:31,4.0,13.0,0.308,1.0,3.0,0.333,0.0,0.0,0.0,2.0,14.0,16.0,2.0,3.0,3.0,0.0,2.0,9.0,12.0
0020000144,1610612752,NYK,New York,84,Latrell Sprewell,Latrell,F,,40:00,9.0,21.0,0.429,1.0,1.0,1.0,3.0,4.0,0.75,2.0,3.0,5.0,5.0,1.0,0.0,1.0,2.0,22.0,25.0
0020000144,1610612752,NYK,New York,703,Kurt Thomas,Kurt,F,,32:13,6.0,9.0,0.667,0.0,0.0,0.0,5.0,5.0,1.0,0.0,4.0,4.0,0.0,1.0,2.0,1.0,5.0,17.0,17.0
0020000144,1610612752,NYK,New York,275,Allan Houston,Allan,G,,25:51,3.0,7.0,0.429,1.0,3.0,0.333,0.0,0.0,0.0,1.0,1.0,2.0,3.0,0.0,0.0,3.0,3.0,7.0,-2.0
0020000144,1610612752,NYK,New York,369,Charlie Ward,Charlie,G,,23:16,3.0,7.0,0.429,1.0,2.0,0.5,0.0,0.0,0.0,0.0,2.0,2.0,3.0,1.0,0.0,0.0,1.0,7.0,13.0
0020000144,1610612752,NYK,New York,779,Glen Rice,Glen,G,,29:08,4.0,8.0,0.5,2.0,3.0,0.667,1.0,2.0,0.5,0.0,3.0,3.0,2.0,1.0,0.0,1.0,2.0,11.0,7.0
0020000144,1610612752,NYK,New York,280,Felton Spencer,Felton,C,,21:57,1.0,2.0,0.5,0.0,0.0,0.0,5.0,6.0,0.833,3.0,4.0,7.0,1.0,2.0,1.0,2.0,2.0,7.0,3.0
0020000144,1610612752,NYK,New York,164,Chris Childs,Chris,G,,24:44,3.0,6.0,0.5,0.0,3.0,0.0,0.0,0.0,0.0,0.0,3.0,3.0,5.0,1.0,0.0,1.0,2.0,6.0,4.0
0020000144,1610612752,NYK,New York,969,Travis Knight,Travis,,,1:19,0.0,0.0,0.0,0.0,0.0,0.0,0.0,0.0,0.0,0.0,0.0,0.0,0.0,0.0,0.0,0.0,0.0,0.0,2.0
0020000144,1610612752,NYK,New York,2068,Lavor Postell,Lavor,,,1:01,1.0,1.0,1.0,0.0,0.0,0.0,0.0,0.0,0.0,0.0,0.0,0.0,0.0,0.0,0.0,0.0,0.0,2.0,4.0
0020000144,1610612752,NYK,New York,2167,,,, ,,,,,,,,,,,,,,,,,,,,
0020000144,1610612752,NYK,New York,2168,,,, ,,,,,,,,,,,,,,,,,,,,
0020000144,1610612752,NYK,New York,1297,,,, ,,,,,,,,,,,,,,,,,,,,
0020000144,1610612752,NYK,New York,1298,,,, ,,,,,,,,,,,,,,,,,,,,
0020000144,1610612752,NYK,New York,1300,,,, ,,,,,,,,,,,,,,,,,,,,
0020000144,1610612752,NYK,New York,1301,,,, ,,,,,,,,,,,,,,,,,,,,
0020000144,1610612752,NYK,New York,1302,,,, ,,,,,,,,,,,,,,,,,,,,
0020000144,1610612752,NYK,New York,1790,,,, ,,,,,,,,,,,,,,,,,,,,
0020000144,1610612752,NYK,New York,1791,,,, ,,,,,,,,,,,,,,,,,,,,
0020000144,1610612752,NYK,New York,948,Marcus Camby,Marcus,,DND - Sprained Left Ankle,,,,,,,,,,,,,,,,,,,,
0020000144,1610612752,NYK,New York,1065,Erick Strickland,Erick,,DNP - Coach's Decision,,,,,,,,,,,,,,,,,,,,
0020000147,1610612741,CHI,Chicago,1897,Metta World Peace,Metta,F,,32:27,4.0,13.0,0.308,0.0,3.0,0.0,6.0,6.0,1.0,1.0,3.0,4.0,2.0,4.0,0.0,1.0,2.0,14.0,3.0
0020000147,1610612741,CHI,Chicago,1882,Elton Brand,Elton,G,,44:12,8.0,17.0,0.471,0.0,0.0,0.0,1.0,2.0,0.5,8.0,7.0,15.0,5.0,0.0,2.0,3.0,4.0,17.0,-1.0
0020000147,1610612741,CHI,Chicago,1434,Dragan Tarlac,Dragan,G,,21:10,0.0,2.0,0.0,0.0,0.0,0.0,0.0,0.0,0.0,0.0,3.0,3.0,1.0,0.0,1.0,0.0,6.0,0.0,-11.0
0020000147,1610612741,CHI,Chicago,1500,Ron Mercer,Ron,G,,42:33,13.0,25.0,0.52,0.0,0.0,0.0,1.0,1.0,1.0,1.0,5.0,6.0,5.0,0.0,0.0,1.0,2.0,27.0,-2.0
0020000147,1610612741,CHI,Chicago,2064,Khalid El-Amin,Khalid,G,,29:35,7.0,12.0,0.583,1.0,1.0,1.0,0.0,0.0,0.0,2.0,1.0,3.0,2.0,0.0,0.0,1.0,1.0,15.0,-15.0
0020000147,1610612741,CHI,Chicago,2063,Jake Voskuhl,Jake,,,7:19,1.0,1.0,1.0,0.0,0.0,0.0,1.0,2.0,0.5,2.0,1.0,3.0,1.0,1.0,1.0,1.0,2.0,3.0,-3.0
0020000147,1610612741,CHI,Chicago,2062,A.J. Guyton,A.J.,F,,23:52,4.0,8.0,0.5,1.0,3.0,0.333,0.0,0.0,0.0,0.0,1.0,1.0,1.0,0.0,0.0,1.0,0.0,9.0,1.0
0020000147,1610612741,CHI,Chicago,1736,Corey Benjamin,Corey,F,,15:33,3.0,7.0,0.429,1.0,4.0,0.25,0.0,1.0,0.0,0.0,0.0,0.0,1.0,0.0,0.0,1.0,4.0,7.0,-11.0
0020000147,1610612741,CHI,Chicago,1913,Michael Ruffin,Michael,G,,17:58,1.0,1.0,1.0,0.0,0.0,0.0,0.0,0.0,0.0,1.0,4.0,5.0,1.0,0.0,1.0,1.0,2.0,2.0,2.0
0020000147,1610612741,CHI,Chicago,2033,Marcus Fizer,Marcus,,,5:21,1.0,3.0,0.333,0.0,0.0,0.0,0.0,0.0,0.0,1.0,1.0,2.0,1.0,0.0,0.0,0.0,0.0,2.0,-3.0
0020000147,1610612741,CHI,Chicago,2153,,,, ,,,,,,,,,,,,,,,,,,,,
0020000147,1610612741,CHI,Chicago,1779,,,, ,,,,,,,,,,,,,,,,,,,,
0020000147,1610612741,CHI,Chicago,1780,,,, ,,,,,,,,,,,,,,,,,,,,
0020000147,1610612741,CHI,Chicago,1220,,,, ,,,,,,,,,,,,,,,,,,,,
0020000147,1610612741,CHI,Chicago,1254,,,, ,,,,,,,,,,,,,,,,,,,,
0020000147,1610612741,CHI,Chicago,1346,,,, ,,,,,,,,,,,,,,,,,,,,
0020000147,1610612741,CHI,Chicago,2037,Jamal Crawford,Jamal,,DNP - Coach's Decision,,,,,,,,,,,,,,,,,,,,
0020000147,1610612741,CHI,Chicago,697,Fred Hoiberg,Fred,,DND - Bruised left leg.,,,,,,,,,,,,,,,,,,,,
0020000147,1610612747,LAL,Los Angeles,977,Kobe Bryant,Kobe,G,,39:21,8.0,22.0,0.364,0.0,2.0,0.0,6.0,9.0,0.667,1.0,11.0,12.0,3.0,1.0,0.0,2.0,2.0,22.0,11.0
0020000147,1610612747,LAL,Los Angeles,270,Horace Grant,Horace,G,,36:48,6.0,8.0,0.75,0.0,0.0,0.0,2.0,3.0,0.667,2.0,5.0,7.0,0.0,1.0,0.0,1.0,1.0,14.0,6.0
0020000147,1610612747,LAL,Los Angeles,406,Shaquille O'Neal,Shaquille,F,,37:49,4.0,11.0,0.364,0.0,0.0,0.0,6.0,14.0,0.429,5.0,4.0,9.0,5.0,0.0,1.0,3.0,3.0,14.0,12.0
0020000147,1610612747,LAL,Los Angeles,216,Brian Shaw,Brian,G,,18:23,2.0,6.0,0.333,0.0,0.0,0.0,0.0,0.0,0.0,0.0,2.0,2.0,7.0,0.0,1.0,2.0,1.0,4.0,12.0
0020000147,1610612747,LAL,Los Angeles,166,Ron Harper,Ron,G,,23:37,7.0,9.0,0.778,1.0,1.0,1.0,0.0,0.0,0.0,1.0,0.0,1.0,2.0,1.0,1.0,0.0,0.0,15.0,8.0
0020000147,1610612747,LAL,Los Angeles,375,Isaiah Rider,Isaiah,G,,20:41,2.0,4.0,0.5,1.0,2.0,0.5,0.0,0.0,0.0,0.0,1.0,1.0,3.0,1.0,0.0,3.0,2.0,5.0,0.0
0020000147,1610612747,LAL,Los Angeles,2130,Mike Penberthy,Mike,G,,25:48,5.0,8.0,0.625,3.0,5.0,0.6,0.0,0.0,0.0,1.0,2.0,3.0,2.0,0.0,0.0,0.0,1.0,13.0,1.0
0020000147,1610612747,LAL,Los Angeles,109,Robert Horry,Robert,,,10:34,2.0,4.0,0.5,2.0,2.0,1.0,0.0,0.0,0.0,0.0,0.0,0.0,1.0,0.0,0.0,0.0,1.0,6.0,3.0
0020000147,1610612747,LAL,Los Angeles,296,Rick Fox,Rick,,,6:02,0.0,0.0,0.0,0.0,0.0,0.0,0.0,0.0,0.0,0.0,0.0,0.0,2.0,0.0,0.0,1.0,0.0,0.0,-7.0
0020000147,1610612747,LAL,Los Angeles,323,Greg Foster,Greg,,,4:21,2.0,2.0,1.0,0.0,0.0,0.0,0.0,0.0,0.0,0.0,0.0,0.0,0.0,0.0,0.0,0.0,0.0,4.0,-6.0
0020000147,1610612747,LAL,Los Angeles,2058,Mark Madsen,Mark,F,,6:28,0.0,1.0,0.0,0.0,0.0,0.0,0.0,0.0,0.0,2.0,1.0,3.0,0.0,0.0,0.0,0.0,1.0,0.0,1.0
0020000147,1610612747,LAL,Los Angeles,1904,Devean George,Devean,,,10:08,3.0,4.0,0.75,0.0,0.0,0.0,1.0,2.0,0.5,1.0,1.0,2.0,0.0,0.0,0.0,0.0,2.0,7.0,-1.0
0020000147,1610612747,LAL,Los Angeles,1270,,,, ,,,,,,,,,,,,,,,,,,,,
0020000147,1610612747,LAL,Los Angeles,1273,,,, ,,,,,,,,,,,,,,,,,,,,
0020000147,1610612747,LAL,Los Angeles,1219,,,, ,,,,,,,,,,,,,,,,,,,,
0020000147,1610612747,LAL,Los Angeles,1221,,,, ,,,,,,,,,,,,,,,,,,,,
0020000147,1610612747,LAL,Los Angeles,1223,,,, ,,,,,,,,,,,,,,,,,,,,
0020000147,1610612747,LAL,Los Angeles,1230,,,, ,,,,,,,,,,,,,,,,,,,,
0020000146,1610612766,CHH,Charlotte,469,Jamal Mashburn,Jamal,F,,36:33,6.0,15.0,0.4,2.0,3.0,0.667,3.0,6.0,0.5,2.0,4.0,6.0,1.0,1.0,0.0,3.0,1.0,17.0,7.0
0020000146,1610612766,CHH,Charlotte,136,P.J. Brown,P.J.,F,,34:39,5.0,7.0,0.714,0.0,0.0,0.0,5.0,6.0,0.833,5.0,4.0,9.0,2.0,1.0,0.0,1.0,4.0,15.0,19.0
0020000146,1610612766,CHH,Charlotte,922,Elden Campbell,Elden,C,,36:07,7.0,14.0,0.5,0.0,0.0,0.0,5.0,10.0,0.5,5.0,7.0,12.0,3.0,1.0,0.0,0.0,5.0,19.0,10.0
0020000146,1610612766,CHH,Charlotte,1884,Baron Davis,Baron,G,,43:03,7.0,18.0,0.389,2.0,7.0,0.286,9.0,12.0,0.75,0.0,10.0,10.0,8.0,7.0,1.0,7.0,4.0,25.0,9.0
0020000146,1610612766,CHH,Charlotte,133,David Wesley,David,G,,39:38,6.0,15.0,0.4,1.0,2.0,0.5,4.0,4.0,1.0,1.0,1.0,2.0,3.0,1.0,0.0,0.0,4.0,17.0,10.0
0020000146,1610612766,CHH,Charlotte,2048,Jamaal Magloire,Jamaal,,,11:54,1.0,4.0,0.25,0.0,0.0,0.0,3.0,4.0,0.75,2.0,1.0,3.0,0.0,1.0,0.0,2.0,4.0,5.0,-1.0
0020000146,1610612766,CHH,Charlotte,695,Eldridge Recasner,Eldridge,,,4:57,0.0,1.0,0.0,0.0,0.0,0.0,1.0,2.0,0.5,0.0,0.0,0.0,1.0,0.0,0.0,2.0,1.0,1.0,0.0
0020000146,1610612766,CHH,Charlotte,1924,Lee Nailon,Lee,F,,10:25,0.0,0.0,0.0,0.0,0.0,0.0,0.0,0.0,0.0,0.0,1.0,1.0,0.0,0.0,0.0,0.0,4.0,0.0,-9.0
0020000146,1610612766,CHH,Charlotte,1944,Eddie Robinson,Eddie,F,,14:23,2.0,3.0,0.667,0.0,0.0,0.0,2.0,2.0,1.0,2.0,1.0,3.0,1.0,1.0,2.0,0.0,0.0,6.0,1.0
0020000146,1610612766,CHH,Charlotte,765,Hersey Hawkins,Hersey,G,,8:22,0.0,2.0,0.0,0.0,0.0,0.0,0.0,0.0,0.0,1.0,0.0,1.0,1.0,0.0,0.0,0.0,0.0,0.0,-1.0
0020000146,1610612766,CHH,Charlotte,1906,Tim James,Tim,,DNP - Coach's Decision,,,,,,,,,,,,,,,,,,,,
0020000146,1610612766,CHH,Charlotte,2121,Terrance Roberson,Terrance,,DNP - Coach's Decision,,,,,,,,,,,,,,,,,,,,
0020000146,1610612765,DET,Detroit,688,Michael Curry,Michael,F,,15:03,2.0,3.0,0.667,0.0,0.0,0.0,2.0,2.0,1.0,1.0,1.0,2.0,0.0,0.0,0.0,0.0,0.0,6.0,-15.0
0020000146,1610612765,DET,Detroit,1112,Ben Wallace,Ben,F,,29:41,1.0,2.0,0.5,0.0,0.0,0.0,2.0,3.0,0.667,2.0,10.0,12.0,1.0,1.0,2.0,2.0,3.0,4.0,-7.0
0020000146,1610612765,DET,Detroit,376,Eric Montross,Eric,C,,9:17,1.0,2.0,0.5,0.0,0.0,0.0,0.0,0.0,0.0,0.0,0.0,0.0,0.0,0.0,0.0,1.0,4.0,2.0,-12.0
0020000146,1610612765,DET,Detroit,711,Jerry Stackhouse,Jerry,G,,42:25,8.0,23.0,0.348,0.0,4.0,0.0,6.0,9.0,0.667,0.0,2.0,2.0,5.0,5.0,4.0,7.0,3.0,22.0,-4.0
0020000146,1610612765,DET,Detroit,1088,Chucky Atkins,Chucky,G,,34:14,6.0,16.0,0.375,1.0,6.0,0.167,2.0,4.0,0.5,1.0,1.0,2.0,10.0,2.0,0.0,2.0,2.0,15.0,-6.0
0020000146,1610612765,DET,Detroit,1630,Mikki Moore,Mikki,C,,13:40,3.0,4.0,0.75,0.0,0.0,0.0,1.0,2.0,0.5,1.0,2.0,3.0,1.0,0.0,0.0,2.0,4.0,7.0,1.0
0020000146,1610612765,DET,Detroit,2043,Mateen Cleaves,Mateen,,,13:46,3.0,6.0,0.5,0.0,0.0,0.0,0.0,0.0,0.0,1.0,3.0,4.0,3.0,1.0,0.0,1.0,4.0,6.0,-3.0
0020000146,1610612765,DET,Detroit,966,Jerome Williams,Jerome,F,,16:47,1.0,7.0,0.143,0.0,0.0,0.0,3.0,4.0,0.75,6.0,0.0,6.0,0.0,0.0,0.0,1.0,1.0,5.0,-8.0
0020000146,1610612765,DET,Detroit,182,Billy Owens,Billy,F,,23:25,4.0,8.0,0.5,1.0,2.0,0.5,3.0,4.0,0.75,5.0,5.0,10.0,2.0,1.0,0.0,2.0,2.0,12.0,12.0
0020000146,1610612765,DET,Detroit,961,John Wallace,John,,,12:59,2.0,4.0,0.5,0.0,1.0,0.0,3.0,4.0,0.75,1.0,3.0,4.0,0.0,0.0,1.0,0.0,5.0,7.0,-2.0
0020000146,1610612765,DET,Detroit,146,Jud Buechler,Jud,G,,14:33,4.0,6.0,0.667,2.0,3.0,0.667,0.0,0.0,0.0,1.0,1.0,2.0,0.0,0.0,1.0,2.0,2.0,10.0,-1.0
0020000146,1610612765,DET,Detroit,76,Cedric Ceballos,Cedric,F,,14:11,0.0,1.0,0.0,0.0,1.0,0.0,0.0,0.0,0.0,0.0,2.0,2.0,0.0,0.0,0.0,1.0,3.0,0.0,0.0
0020000145,1610612757,POR,Portland,937,Scottie Pippen,Scottie,G,,36:47,2.0,12.0,0.167,1.0,4.0,0.25,2.0,2.0,1.0,3.0,5.0,8.0,2.0,2.0,0.0,2.0,4.0,7.0,0.0
0020000145,1610612757,POR,Portland,905,Dale Davis,Dale,G,,25:02,0.0,3.0,0.0,0.0,0.0,0.0,5.0,8.0,0.625,4.0,3.0,7.0,0.0,0.0,1.0,2.0,2.0,5.0,11.0
0020000145,1610612757,POR,Portland,739,Rasheed Wallace,Rasheed,F,,47:20,12.0,20.0,0.6,4.0,5.0,0.8,9.0,10.0,0.9,2.0,5.0,7.0,6.0,2.0,5.0,2.0,1.0,37.0,3.0
0020000145,1610612757,POR,Portland,120,Steven Smith,Steven,G,,40:50,3.0,9.0,0.333,0.0,2.0,0.0,3.0,3.0,1.0,0.0,3.0,3.0,9.0,1.0,1.0,1.0,5.0,9.0,7.0
0020000145,1610612757,POR,Portland,757,Damon Stoudamire,Damon,G,,41:32,6.0,18.0,0.333,0.0,2.0,0.0,6.0,6.0,1.0,5.0,4.0,9.0,4.0,0.0,1.0,2.0,2.0,18.0,-3.0
0020000145,1610612757,POR,Portland,431,Shawn Kemp,Shawn,G,,22:42,3.0,7.0,0.429,0.0,0.0,0.0,0.0,0.0,0.0,0.0,1.0,1.0,1.0,2.0,1.0,1.0,5.0,6.0,2.0
0020000145,1610612757,POR,Portland,278,Stacey Augmon,Stacey,F,,8:09,0.0,2.0,0.0,0.0,0.0,0.0,0.0,2.0,0.0,0.0,0.0,0.0,0.0,1.0,0.0,1.0,0.0,0.0,5.0
0020000145,1610612757,POR,Portland,1719,Bonzi Wells,Bonzi,F,,31:10,10.0,13.0,0.769,1.0,2.0,0.5,5.0,6.0,0.833,2.0,7.0,9.0,1.0,4.0,2.0,0.0,5.0,26.0,4.0
0020000145,1610612757,POR,Portland,21,Greg Anthony,Greg,G,,11:28,1.0,3.0,0.333,0.0,2.0,0.0,0.0,0.0,0.0,0.0,0.0,0.0,1.0,0.0,0.0,1.0,1.0,2.0,11.0
0020000145,1610612757,POR,Portland,1783,,,, ,,,,,,,,,,,,,,,,,,,,
0020000145,1610612757,POR,Portland,1336,,,, ,,,,,,,,,,,,,,,,,,,,
0020000145,1610612757,POR,Portland,1473,,,, ,,,,,,,,,,,,,,,,,,,,
0020000145,1610612757,POR,Portland,2149,,,, ,,,,,,,,,,,,,,,,,,,,
0020000145,1610612757,POR,Portland,1655,,,, ,,,,,,,,,,,,,,,,,,,,
0020000145,1610612757,POR,Portland,1656,,,, ,,,,,,,,,,,,,,,,,,,,
0020000145,1610612757,POR,Portland,1329,,,, ,,,,,,,,,,,,,,,,,,,,
0020000145,1610612757,POR,Portland,2057,Erick Barkley,Erick,,DNP - Coach's Decision,,,,,,,,,,,,,,,,,,,,
0020000145,1610612757,POR,Portland,781,Will Perdue,Will,,DNP - Coach's Decision,,,,,,,,,,,,,,,,,,,,
0020000145,1610612757,POR,Portland,717,Arvydas Sabonis,Arvydas,,DNP - Coach's Decision,,,,,,,,,,,,,,,,,,,,
0020000145,1610612753,ORL,Orlando,448,Bo Outlaw,Bo,G,,40:03,4.0,5.0,0.8,0.0,0.0,0.0,4.0,5.0,0.8,6.0,4.0,10.0,2.0,2.0,3.0,1.0,3.0,12.0,-5.0
0020000145,1610612753,ORL,Orlando,680,John Amaechi,John,F,,40:27,10.0,24.0,0.417,0.0,1.0,0.0,7.0,9.0,0.778,5.0,3.0,8.0,1.0,1.0,0.0,1.0,3.0,27.0,-9.0
0020000145,1610612753,ORL,Orlando,1720,Michael Doleac,Michael,C,,15:15,1.0,6.0,0.167,0.0,0.0,0.0,0.0,0.0,0.0,0.0,0.0,0.0,1.0,1.0,1.0,2.0,4.0,2.0,-2.0
0020000145,1610612753,ORL,Orlando,1503,Tracy McGrady,Tracy,G,,50:06,10.0,18.0,0.556,1.0,2.0,0.5,3.0,4.0,0.75,3.0,5.0,8.0,4.0,0.0,2.0,6.0,3.0,24.0,-10.0
0020000145,1610612753,ORL,Orlando,353,Darrell Armstrong,Darrell,G,,45:54,5.0,14.0,0.357,2.0,5.0,0.4,2.0,3.0,0.667,1.0,5.0,6.0,7.0,1.0,0.0,3.0,3.0,14.0,2.0
0020000145,1610612753,ORL,Orlando,692,Andrew DeClercq,Andrew,F,,16:19,1.0,3.0,0.333,0.0,0.0,0.0,2.0,4.0,0.5,1.0,2.0,3.0,0.0,0.0,0.0,1.0,2.0,4.0,5.0
0020000145,1610612753,ORL,Orlando,2034,Mike Miller,Mike,G,,10:45,0.0,1.0,0.0,0.0,1.0,0.0,1.0,2.0,0.5,0.0,1.0,1.0,1.0,0.0,0.0,1.0,2.0,1.0,-5.0
0020000145,1610612753,ORL,Orlando,1607,Troy Hudson,Troy,F,,6:12,1.0,2.0,0.5,0.0,0.0,0.0,0.0,0.0,0.0,0.0,0.0,0.0,1.0,0.0,0.0,2.0,0.0,2.0,-7.0
0020000145,1610612753,ORL,Orlando,1727,Pat Garrity,Pat,C,,31:21,5.0,9.0,0.556,3.0,5.0,0.6,0.0,0.0,0.0,1.0,3.0,4.0,0.0,1.0,0.0,2.0,4.0,13.0,-7.0
0020000145,1610612753,ORL,Orlando,42,Monty Williams,Monty,,,8:38,1.0,1.0,1.0,0.0,0.0,0.0,1.0,2.0,0.5,1.0,2.0,3.0,1.0,0.0,0.0,2.0,1.0,3.0,-2.0
0020000145,1610612753,ORL,Orlando,1296,,,, ,,,,,,,,,,,,,,,,,,,,
0020000145,1610612753,ORL,Orlando,1307,,,, ,,,,,,,,,,,,,,,,,,,,
0020000145,1610612753,ORL,Orlando,1309,,,, ,,,,,,,,,,,,,,,,,,,,
0020000145,1610612753,ORL,Orlando,837,,,, ,,,,,,,,,,,,,,,,,,,,
0020000145,1610612753,ORL,Orlando,1332,,,, ,,,,,,,,,,,,,,,,,,,,
0020000145,1610612753,ORL,Orlando,1650,,,, ,,,,,,,,,,,,,,,,,,,,
0020000145,1610612753,ORL,Orlando,1941,,,, ,,,,,,,,,,,,,,,,,,,,
0020000145,1610612753,ORL,Orlando,386,Elliot Perry,Elliot,,DNP - Coach's Decision,,,,,,,,,,,,,,,,,,,,
0020000145,1610612753,ORL,Orlando,690,Don Reid,Don,,DNP - Coach's Decision,,,,,,,,,,,,,,,,,,,,
0020000151,1610612751,NJN,New Jersey,1536,Stephen Jackson,Stephen,G,,24:00,5.0,9.0,0.556,2.0,3.0,0.667,0.0,0.0,0.0,0.0,1.0,1.0,0.0,1.0,0.0,2.0,0.0,12.0,4.0
0020000151,1610612751,NJN,New Jersey,2030,Kenyon Martin,Kenyon,G,,38:54,7.0,19.0,0.368,0.0,0.0,0.0,5.0,10.0,0.5,4.0,11.0,15.0,0.0,1.0,3.0,1.0,4.0,19.0,-3.0
0020000151,1610612751,NJN,New Jersey,1915,Evan Eschmeyer,Evan,F,,9:59,0.0,0.0,0.0,0.0,0.0,0.0,0.0,0.0,0.0,1.0,0.0,1.0,0.0,0.0,0.0,0.0,1.0,0.0,-6.0
0020000151,1610612751,NJN,New Jersey,950,Stephon Marbury,Stephon,G,,41:23,12.0,24.0,0.5,2.0,4.0,0.5,2.0,6.0,0.333,1.0,2.0,3.0,9.0,0.0,0.0,2.0,3.0,28.0,0.0
0020000151,1610612751,NJN,New Jersey,383,Kendall Gill,Kendall,G,,26:52,3.0,12.0,0.25,2.0,2.0,1.0,0.0,0.0,0.0,1.0,4.0,5.0,4.0,1.0,1.0,0.0,2.0,8.0,9.0
0020000151,1610612751,NJN,New Jersey,29,Jim McIlvaine,Jim,F,,20:13,0.0,0.0,0.0,0.0,0.0,0.0,0.0,0.0,0.0,0.0,0.0,0.0,1.0,0.0,5.0,2.0,3.0,0.0,15.0
0020000151,1610612751,NJN,New Jersey,1425,Aaron Williams,Aaron,F,,26:45,2.0,5.0,0.4,0.0,0.0,0.0,1.0,2.0,0.5,3.0,2.0,5.0,1.0,0.0,3.0,2.0,3.0,5.0,-2.0
0020000151,1610612751,NJN,New Jersey,271,Johnny Newman,Johnny,G,,24:00,5.0,6.0,0.833,1.0,2.0,0.5,2.0,4.0,0.5,1.0,3.0,4.0,1.0,1.0,0.0,1.0,2.0,13.0,-3.0
0020000151,1610612751,NJN,New Jersey,446,Lucious Harris,Lucious,G,,21:08,0.0,2.0,0.0,0.0,0.0,0.0,1.0,2.0,0.5,0.0,1.0,1.0,1.0,1.0,0.0,0.0,1.0,1.0,-8.0
0020000151,1610612751,NJN,New Jersey,1563,Kevin Ollie,Kevin,,,6:46,0.0,2.0,0.0,0.0,0.0,0.0,0.0,0.0,0.0,1.0,1.0,2.0,0.0,0.0,0.0,1.0,1.0,0.0,-1.0
0020000151,1610612751,NJN,New Jersey,1303,,,, ,,,,,,,,,,,,,,,,,,,,
0020000151,1610612751,NJN,New Jersey,1324,,,, ,,,,,,,,,,,,,,,,,,,,
0020000151,1610612751,NJN,New Jersey,2009,,,, ,,,,,,,,,,,,,,,,,,,,
0020000151,1610612751,NJN,New Jersey,1776,,,, ,,,,,,,,,,,,,,,,,,,,
0020000151,1610612751,NJN,New Jersey,1789,,,, ,,,,,,,,,,,,,,,,,,,,
0020000151,1610612751,NJN,New Jersey,1673,,,, ,,,,,,,,,,,,,,,,,,,,
0020000151,1610612751,NJN,New Jersey,1876,,,, ,,,,,,,,,,,,,,,,,,,,
0020000151,1610612751,NJN,New Jersey,428,Sherman Douglas,Sherman,,DNP - Coach's Decision,,,,,,,,,,,,,,,,,,,,
0020000151,1610612751,NJN,New Jersey,2066,Soumaila Samake,Soumaila,,DNP - Coach's Decision,,,,,,,,,,,,,,,,,,,,
0020000151,1610612746,LAC,Los Angeles,1885,Lamar Odom,Lamar,G,,40:41,8.0,18.0,0.444,1.0,3.0,0.333,7.0,8.0,0.875,3.0,8.0,11.0,4.0,0.0,3.0,2.0,5.0,24.0,-4.0
0020000151,1610612746,LAC,Los Angeles,400,Derek Strong,Derek,G,,32:34,3.0,9.0,0.333,0.0,0.0,0.0,2.0,4.0,0.5,7.0,6.0,13.0,0.0,1.0,0.0,2.0,1.0,8.0,-2.0
0020000151,1610612746,LAC,Los Angeles,1709,Michael Olowokandi,Michael,G,,31:39,6.0,13.0,0.462,0.0,0.0,0.0,2.0,4.0,0.5,4.0,4.0,8.0,1.0,0.0,1.0,7.0,3.0,14.0,0.0
0020000151,1610612746,LAC,Los Angeles,2039,Keyon Dooling,Keyon,G,,41:01,1.0,7.0,0.143,0.0,1.0,0.0,3.0,6.0,0.5,0.0,2.0,2.0,5.0,0.0,0.0,1.0,2.0,5.0,2.0
0020000151,1610612746,LAC,Los Angeles,1838,Tyrone Nesby,Tyrone,G,,26:28,3.0,10.0,0.3,2.0,3.0,0.667,0.0,0.0,0.0,0.0,2.0,2.0,0.0,1.0,1.0,1.0,1.0,8.0,7.0
0020000151,1610612746,LAC,Los Angeles,399,Sean Rooks,Sean,G,,22:46,3.0,7.0,0.429,0.0,0.0,0.0,0.0,0.0,0.0,4.0,3.0,7.0,0.0,0.0,1.0,0.0,3.0,6.0,-10.0
0020000151,1610612746,LAC,Los Angeles,15,Eric Piatkowski,Eric,,,7:60,0.0,1.0,0.0,0.0,0.0,0.0,0.0,0.0,0.0,0.0,1.0,1.0,1.0,0.0,0.0,1.0,0.0,0.0,3.0
0020000151,1610612746,LAC,Los Angeles,2032,Darius Miles,Darius,,,7:53,0.0,2.0,0.0,0.0,1.0,0.0,0.0,0.0,0.0,1.0,2.0,3.0,0.0,0.0,0.0,4.0,1.0,0.0,1.0
0020000151,1610612746,LAC,Los Angeles,2047,Quentin Richardson,Quentin,G,,14:39,6.0,10.0,0.6,1.0,4.0,0.25,0.0,1.0,0.0,2.0,2.0,4.0,0.0,0.0,0.0,2.0,1.0,13.0,-9.0
0020000151,1610612746,LAC,Los Angeles,1894,Corey Maggette,Corey,C,,14:19,3.0,8.0,0.375,1.0,1.0,1.0,0.0,0.0,0.0,0.0,3.0,3.0,1.0,0.0,0.0,1.0,2.0,7.0,7.0
0020000151,1610612746,LAC,Los Angeles,2166,,,, ,,,,,,,,,,,,,,,,,,,,
0020000151,1610612746,LAC,Los Angeles,2010,,,, ,,,,,,,,,,,,,,,,,,,,
0020000151,1610612746,LAC,Los Angeles,1210,,,, ,,,,,,,,,,,,,,,,,,,,
0020000151,1610612746,LAC,Los Angeles,1243,,,, ,,,,,,,,,,,,,,,,,,,,
0020000151,1610612746,LAC,Los Angeles,1246,,,, ,,,,,,,,,,,,,,,,,,,,
0020000151,1610612746,LAC,Los Angeles,1284,,,, ,,,,,,,,,,,,,,,,,,,,
0020000151,1610612746,LAC,Los Angeles,1351,,,, ,,,,,,,,,,,,,,,,,,,,
0020000151,1610612746,LAC,Los Angeles,1672,,,, ,,,,,,,,,,,,,,,,,,,,
0020000151,1610612746,LAC,Los Angeles,1863,Earl Boykins,Earl,,DNP - Coach's Decision,,,,,,,,,,,,,,,,,,,,
0020000151,1610612746,LAC,Los Angeles,976,Jeff McInnis,Jeff,,DND - Bruised left knee.,,,,,,,,,,,,,,,,,,,,
0020000149,1610612766,CHH,Charlotte,469,Jamal Mashburn,Jamal,F,,37:02,10.0,18.0,0.556,2.0,5.0,0.4,3.0,3.0,1.0,0.0,8.0,8.0,3.0,1.0,0.0,2.0,2.0,25.0,36.0
0020000149,1610612766,CHH,Charlotte,136,P.J. Brown,P.J.,F,,33:53,7.0,8.0,0.875,0.0,0.0,0.0,0.0,0.0,0.0,4.0,5.0,9.0,6.0,4.0,2.0,2.0,3.0,14.0,31.0
0020000149,1610612766,CHH,Charlotte,922,Elden Campbell,Elden,C,,25:33,4.0,11.0,0.364,0.0,0.0,0.0,0.0,0.0,0.0,1.0,4.0,5.0,0.0,0.0,0.0,0.0,1.0,8.0,13.0
0020000149,1610612766,CHH,Charlotte,1884,Baron Davis,Baron,G,,34:45,4.0,10.0,0.4,0.0,3.0,0.0,1.0,2.0,0.5,1.0,6.0,7.0,9.0,2.0,0.0,5.0,2.0,9.0,28.0
0020000149,1610612766,CHH,Charlotte,133,David Wesley,David,G,,37:35,7.0,17.0,0.412,0.0,2.0,0.0,1.0,2.0,0.5,1.0,1.0,2.0,6.0,1.0,0.0,0.0,2.0,15.0,30.0
0020000149,1610612766,CHH,Charlotte,2048,Jamaal Magloire,Jamaal,,,22:27,5.0,6.0,0.833,0.0,0.0,0.0,6.0,7.0,0.857,0.0,8.0,8.0,1.0,0.0,3.0,1.0,2.0,16.0,23.0
0020000149,1610612766,CHH,Charlotte,1924,Lee Nailon,Lee,F,,11:32,3.0,3.0,1.0,0.0,0.0,0.0,0.0,0.0,0.0,1.0,2.0,3.0,0.0,0.0,0.0,1.0,1.0,6.0,0.0
0020000149,1610612766,CHH,Charlotte,695,Eldridge Recasner,Eldridge,G,,17:34,1.0,5.0,0.2,1.0,3.0,0.333,2.0,2.0,1.0,0.0,2.0,2.0,3.0,1.0,0.0,0.0,0.0,5.0,10.0
0020000149,1610612766,CHH,Charlotte,1944,Eddie Robinson,Eddie,F,,10:58,1.0,2.0,0.5,0.0,0.0,0.0,0.0,0.0,0.0,0.0,0.0,0.0,1.0,0.0,1.0,2.0,1.0,2.0,0.0
0020000149,1610612766,CHH,Charlotte,2121,Terrance Roberson,Terrance,,,6:06,0.0,1.0,0.0,0.0,1.0,0.0,0.0,0.0,0.0,0.0,0.0,0.0,1.0,0.0,0.0,1.0,1.0,0.0,4.0
0020000149,1610612766,CHH,Charlotte,1906,Tim James,Tim,,,2:35,0.0,0.0,0.0,0.0,0.0,0.0,0.0,0.0,0.0,0.0,0.0,0.0,0.0,0.0,0.0,0.0,1.0,0.0,5.0
0020000149,1610612766,CHH,Charlotte,765,Hersey Hawkins,Hersey,,DNP - Coach's Decision,,,,,,,,,,,,,,,,,,,,
0020000149,1610612761,TOR,Toronto,722,Corliss Williamson,Corliss,F,,23:05,4.0,11.0,0.364,0.0,0.0,0.0,2.0,3.0,0.667,2.0,1.0,3.0,0.0,0.0,0.0,1.0,3.0,10.0,-5.0
0020000149,1610612761,TOR,Toronto,891,Charles Oakley,Charles,F,,29:31,1.0,8.0,0.125,0.0,1.0,0.0,0.0,0.0,0.0,3.0,5.0,8.0,1.0,1.0,1.0,4.0,3.0,2.0,-20.0
0020000149,1610612761,TOR,Toronto,213,Antonio Davis,Antonio,F,,32:17,2.0,6.0,0.333,0.0,0.0,0.0,3.0,6.0,0.5,4.0,8.0,12.0,0.0,0.0,1.0,4.0,3.0,7.0,-15.0
0020000149,1610612761,TOR,Toronto,1713,Vince Carter,Vince,G,,35:43,7.0,22.0,0.318,1.0,4.0,0.25,5.0,6.0,0.833,2.0,1.0,3.0,2.0,1.0,2.0,4.0,2.0,20.0,-24.0
0020000149,1610612761,TOR,Toronto,349,Mark Jackson,Mark,G,,28:26,1.0,6.0,0.167,1.0,3.0,0.333,0.0,0.0,0.0,0.0,4.0,4.0,7.0,2.0,0.0,1.0,0.0,3.0,-15.0
0020000149,1610612761,TOR,Toronto,1541,Alvin Williams,Alvin,G,,19:35,3.0,9.0,0.333,0.0,1.0,0.0,0.0,0.0,0.0,0.0,0.0,0.0,2.0,1.0,1.0,1.0,0.0,6.0,-21.0
0020000149,1610612761,TOR,Toronto,788,Kevin Willis,Kevin,C,,16:04,3.0,6.0,0.5,0.0,0.0,0.0,0.0,0.0,0.0,2.0,4.0,6.0,0.0,0.0,0.0,1.0,0.0,6.0,-18.0
0020000149,1610612761,TOR,Toronto,2050,Morris Peterson,Morris,,,13:52,1.0,6.0,0.167,1.0,2.0,0.5,0.0,0.0,0.0,0.0,1.0,1.0,1.0,0.0,0.0,0.0,2.0,3.0,-13.0
0020000149,1610612761,TOR,Toronto,1600,Kornel David,Kornel,,,8:45,1.0,3.0,0.333,0.0,0.0,0.0,1.0,1.0,1.0,0.0,2.0,2.0,0.0,0.0,0.0,1.0,1.0,3.0,-9.0
0020000149,1610612761,TOR,Toronto,895,Tyrone Corbin,Tyrone,,,8:48,0.0,2.0,0.0,0.0,0.0,0.0,0.0,0.0,0.0,0.0,0.0,0.0,0.0,0.0,0.0,0.0,2.0,0.0,-8.0
0020000149,1610612761,TOR,Toronto,209,Dell Curry,Dell,G,,14:49,1.0,8.0,0.125,0.0,3.0,0.0,1.0,2.0,0.5,1.0,1.0,2.0,0.0,2.0,1.0,0.0,1.0,3.0,-24.0
0020000149,1610612761,TOR,Toronto,1565,Michael Stewart,Michael,,,9:06,0.0,2.0,0.0,0.0,0.0,0.0,1.0,3.0,0.333,3.0,0.0,3.0,0.0,0.0,0.0,0.0,1.0,1.0,-8.0
0020000152,1610612743,DEN,Denver,1899,James Posey,James,G,,25:49,3.0,4.0,0.75,1.0,2.0,0.5,1.0,2.0,0.5,0.0,2.0,2.0,1.0,1.0,1.0,1.0,2.0,8.0,5.0
0020000152,1610612743,DEN,Denver,686,Antonio McDyess,Antonio,F,,27:26,8.0,13.0,0.615,0.0,0.0,0.0,5.0,9.0,0.556,1.0,9.0,10.0,2.0,1.0,1.0,2.0,6.0,21.0,-2.0
0020000152,1610612743,DEN,Denver,1711,Raef LaFrentz,Raef,G,,41:53,2.0,7.0,0.286,1.0,1.0,1.0,1.0,4.0,0.25,4.0,9.0,13.0,3.0,2.0,2.0,1.0,4.0,6.0,7.0
0020000152,1610612743,DEN,Denver,1505,Tariq Abdul-Wahad,Tariq,G,,23:42,4.0,8.0,0.5,0.0,0.0,0.0,1.0,2.0,0.5,0.0,4.0,4.0,1.0,1.0,0.0,1.0,2.0,9.0,1.0
0020000152,1610612743,DEN,Denver,89,Nick Van Exel,Nick,G,,42:09,7.0,20.0,0.35,0.0,4.0,0.0,6.0,9.0,0.667,2.0,0.0,2.0,14.0,3.0,0.0,3.0,1.0,20.0,8.0
0020000152,1610612743,DEN,Denver,1721,Keon Clark,Keon,F,,18:50,5.0,7.0,0.714,0.0,0.0,0.0,2.0,3.0,0.667,1.0,3.0,4.0,0.0,0.0,3.0,1.0,5.0,12.0,8.0
0020000152,1610612743,DEN,Denver,702,Voshon Lenard,Voshon,F,,24:18,4.0,8.0,0.5,2.0,4.0,0.5,0.0,1.0,0.0,0.0,2.0,2.0,2.0,0.0,0.0,2.0,1.0,10.0,2.0
0020000152,1610612743,DEN,Denver,45,George McCloud,George,G,,22:14,3.0,7.0,0.429,1.0,4.0,0.25,0.0,0.0,0.0,1.0,1.0,2.0,1.0,0.0,1.0,2.0,1.0,7.0,-1.0
0020000152,1610612743,DEN,Denver,123,Robert Pack,Robert,F,,5:56,1.0,2.0,0.5,0.0,0.0,0.0,0.0,0.0,0.0,0.0,0.0,0.0,0.0,0.0,0.0,1.0,0.0,2.0,-7.0
0020000152,1610612743,DEN,Denver,1110,Mark Strickland,Mark,G,,7:44,0.0,1.0,0.0,0.0,0.0,0.0,0.0,0.0,0.0,2.0,1.0,3.0,0.0,0.0,0.0,0.0,0.0,0.0,-6.0
0020000152,1610612743,DEN,Denver,1207,,,, ,,,,,,,,,,,,,,,,,,,,
0020000152,1610612743,DEN,Denver,1216,,,, ,,,,,,,,,,,,,,,,,,,,
0020000152,1610612743,DEN,Denver,1240,,,, ,,,,,,,,,,,,,,,,,,,,
0020000152,1610612743,DEN,Denver,1241,,,, ,,,,,,,,,,,,,,,,,,,,
0020000152,1610612743,DEN,Denver,1784,,,, ,,,,,,,,,,,,,,,,,,,,
0020000152,1610612743,DEN,Denver,1785,,,, ,,,,,,,,,,,,,,,,,,,,
0020000152,1610612743,DEN,Denver,1786,,,, ,,,,,,,,,,,,,,,,,,,,
0020000152,1610612743,DEN,Denver,1995,,,, ,,,,,,,,,,,,,,,,,,,,
0020000152,1610612743,DEN,Denver,2007,,,, ,,,,,,,,,,,,,,,,,,,,
0020000152,1610612743,DEN,Denver,426,Terry Davis,Terry,,DNP - Coach's Decision,,,,,,,,,,,,,,,,,,,,
0020000152,1610612743,DEN,Denver,145,Tracy Murray,Tracy,,DNP - Coach's Decision,,,,,,,,,,,,,,,,,,,,
0020000152,1610612763,VAN,Vancouver,949,Shareef Abdur-Rahim,Shareef,G,,42:48,6.0,20.0,0.3,0.0,4.0,0.0,7.0,8.0,0.875,3.0,11.0,14.0,3.0,2.0,1.0,3.0,4.0,19.0,3.0
0020000152,1610612763,VAN,Vancouver,970,Othella Harrington,Othella,G,,29:12,6.0,10.0,0.6,0.0,0.0,0.0,1.0,2.0,0.5,1.0,3.0,4.0,0.0,0.0,0.0,6.0,2.0,13.0,-2.0
0020000152,1610612763,VAN,Vancouver,735,Bryant Reeves,Bryant,G,,20:36,2.0,8.0,0.25,0.0,0.0,0.0,2.0,3.0,0.667,6.0,7.0,13.0,1.0,0.0,0.0,0.0,3.0,6.0,0.0
0020000152,1610612763,VAN,Vancouver,236,Kevin Edwards,Kevin,G,,36:24,5.0,10.0,0.5,0.0,2.0,0.0,3.0,4.0,0.75,1.0,3.0,4.0,3.0,2.0,0.0,1.0,2.0,13.0,-6.0
0020000152,1610612763,VAN,Vancouver,1710,Mike Bibby,Mike,G,,39:06,7.0,16.0,0.438,2.0,4.0,0.5,2.0,2.0,1.0,1.0,4.0,5.0,6.0,1.0,1.0,4.0,1.0,18.0,-6.0
0020000152,1610612763,VAN,Vancouver,1134,Ike Austin,Ike,C,,15:40,0.0,1.0,0.0,0.0,0.0,0.0,1.0,2.0,0.5,2.0,1.0,3.0,1.0,0.0,1.0,0.0,1.0,1.0,-9.0
0020000152,1610612763,VAN,Vancouver,3,Grant Long,Grant,G,,14:47,2.0,3.0,0.667,0.0,0.0,0.0,0.0,0.0,0.0,1.0,4.0,5.0,2.0,0.0,0.0,1.0,4.0,4.0,-3.0
0020000152,1610612763,VAN,Vancouver,1800,Damon Jones,Damon,F,,20:55,3.0,9.0,0.333,1.0,5.0,0.2,1.0,1.0,1.0,0.0,0.0,0.0,4.0,1.0,0.0,1.0,1.0,8.0,5.0
0020000152,1610612763,VAN,Vancouver,28,Doug West,Doug,F,,7:18,1.0,2.0,0.5,0.0,0.0,0.0,0.0,0.0,0.0,0.0,0.0,0.0,2.0,1.0,0.0,0.0,2.0,2.0,-2.0
0020000152,1610612763,VAN,Vancouver,2031,Stromile Swift,Stromile,G,,13:15,3.0,5.0,0.6,0.0,0.0,0.0,2.0,3.0,0.667,0.0,1.0,1.0,0.0,0.0,0.0,0.0,4.0,8.0,5.0
0020000152,1610612763,VAN,Vancouver,1795,,,, ,,,,,,,,,,,,,,,,,,,,
0020000152,1610612763,VAN,Vancouver,888,,,, ,,,,,,,,,,,,,,,,,,,,
0020000152,1610612763,VAN,Vancouver,1353,,,, ,,,,,,,,,,,,,,,,,,,,
0020000152,1610612763,VAN,Vancouver,1356,,,, ,,,,,,,,,,,,,,,,,,,,
0020000152,1610612763,VAN,Vancouver,1227,,,, ,,,,,,,,,,,,,,,,,,,,
0020000152,1610612763,VAN,Vancouver,1232,,,, ,,,,,,,,,,,,,,,,,,,,
0020000152,1610612763,VAN,Vancouver,51,Mahmoud Abdul-Rauf,Mahmoud,,DNP - Coach's Decision,,,,,,,,,,,,,,,,,,,,
0020000152,1610612763,VAN,Vancouver,763,Tony Massenburg,Tony,,DNP - Coach's Decision,,,,,,,,,,,,,,,,,,,,
