GAME_ID,TEAM_ID,TEAM_ABBREVIATION,TEAM_CITY,PLAYER_ID,PLAYER_NAME,NICKNAME,START_POSITION,COMMENT,MIN,FGM,FGA,FG_PCT,FG3M,FG3A,FG3_PCT,FTM,FTA,FT_PCT,OREB,DREB,REB,AST,STL,BLK,TO,PF,PTS,PLUS_MINUS
0020200983,1610612747,LAL,Los Angeles,296,Rick Fox,Rick,F,,32:15,1.0,6.0,0.167,1.0,5.0,0.2,0.0,0.0,0.0,2.0,5.0,7.0,4.0,2.0,1.0,2.0,3.0,3.0,-8.0
0020200983,1610612747,LAL,Los Angeles,2058,Mark Madsen,Mark,F,,23:54,4.0,9.0,0.444,0.0,0.0,0.0,0.0,0.0,0.0,5.0,1.0,6.0,2.0,2.0,0.0,5.0,4.0,8.0,-7.0
0020200983,1610612747,LAL,Los Angeles,406,Shaquille O'Neal,Shaquille,G,,39:19,9.0,18.0,0.5,0.0,0.0,0.0,10.0,12.0,0.833,7.0,6.0,13.0,2.0,2.0,3.0,5.0,3.0,28.0,-4.0
0020200983,1610612747,LAL,Los Angeles,977,Kobe Bryant,Kobe,G,,45:03,11.0,30.0,0.367,1.0,5.0,0.2,11.0,15.0,0.733,5.0,8.0,13.0,3.0,0.0,0.0,2.0,1.0,34.0,-10.0
0020200983,1610612747,LAL,Los Angeles,965,Derek Fisher,Derek,G,,41:35,4.0,11.0,0.364,3.0,7.0,0.429,3.0,3.0,1.0,2.0,5.0,7.0,3.0,2.0,0.0,2.0,3.0,14.0,-10.0
0020200983,1610612747,LAL,Los Angeles,1904,Devean George,Devean,F,,15:45,1.0,4.0,0.25,0.0,2.0,0.0,0.0,0.0,0.0,0.0,0.0,0.0,0.0,0.0,0.0,0.0,2.0,2.0,0.0
0020200983,1610612747,LAL,Los Angeles,109,Robert Horry,Robert,G,,24:10,1.0,6.0,0.167,0.0,2.0,0.0,0.0,0.0,0.0,1.0,6.0,7.0,5.0,0.0,0.0,2.0,4.0,2.0,-3.0
0020200983,1610612747,LAL,Los Angeles,955,Samaki Walker,Samaki,G,,8:37,2.0,3.0,0.667,0.0,0.0,0.0,0.0,0.0,0.0,0.0,2.0,2.0,0.0,0.0,0.0,0.0,1.0,4.0,-2.0
0020200983,1610612747,LAL,Los Angeles,216,Brian Shaw,Brian,,,2:57,0.0,1.0,0.0,0.0,0.0,0.0,0.0,0.0,0.0,0.0,0.0,0.0,0.0,0.0,0.0,0.0,1.0,0.0,2.0
0020200983,1610612747,LAL,Los Angeles,2416,Kareem Rush,Kareem,,,6:25,2.0,3.0,0.667,0.0,0.0,0.0,0.0,0.0,0.0,0.0,1.0,1.0,0.0,0.0,0.0,0.0,0.0,4.0,2.0
0020200983,1610612747,LAL,Los Angeles,1272,,,, ,,,,,,,,,,,,,,,,,,,,
0020200983,1610612747,LAL,Los Angeles,1273,,,, ,,,,,,,,,,,,,,,,,,,,
0020200983,1610612747,LAL,Los Angeles,1219,,,, ,,,,,,,,,,,,,,,,,,,,
0020200983,1610612747,LAL,Los Angeles,1221,,,, ,,,,,,,,,,,,,,,,,,,,
0020200983,1610612747,LAL,Los Angeles,1223,,,, ,,,,,,,,,,,,,,,,,,,,
0020200983,1610612747,LAL,Los Angeles,1230,,,, ,,,,,,,,,,,,,,,,,,,,
0020200983,1610612747,LAL,Los Angeles,2098,Slava Medvedenko,Slava,,DNP - Coach's Decision,,,,,,,,,,,,,,,,,,,,
0020200983,1610612747,LAL,Los Angeles,2457,Jannero Pargo,Jannero,,DNP - Coach's Decision,,,,,,,,,,,,,,,,,,,,
0020200983,1610612758,SAC,Sacramento,978,Peja Stojakovic,Peja,G,,41:11,7.0,17.0,0.412,2.0,8.0,0.25,7.0,7.0,1.0,0.0,2.0,2.0,1.0,1.0,0.0,0.0,0.0,23.0,8.0
0020200983,1610612758,SAC,Sacramento,185,Chris Webber,Chris,F,,43:53,11.0,25.0,0.44,0.0,0.0,0.0,4.0,4.0,1.0,2.0,9.0,11.0,3.0,3.0,1.0,3.0,4.0,26.0,10.0
0020200983,1610612758,SAC,Sacramento,124,Vlade Divac,Vlade,G,,29:15,2.0,5.0,0.4,0.0,0.0,0.0,6.0,8.0,0.75,1.0,6.0,7.0,3.0,1.0,2.0,2.0,3.0,10.0,13.0
0020200983,1610612758,SAC,Sacramento,57,Doug Christie,Doug,G,,34:46,3.0,5.0,0.6,1.0,2.0,0.5,0.0,0.0,0.0,1.0,2.0,3.0,4.0,2.0,1.0,2.0,2.0,7.0,7.0
0020200983,1610612758,SAC,Sacramento,1710,Mike Bibby,Mike,G,,29:30,7.0,12.0,0.583,1.0,1.0,1.0,4.0,6.0,0.667,0.0,5.0,5.0,3.0,2.0,0.0,3.0,1.0,19.0,10.0
0020200983,1610612758,SAC,Sacramento,1517,Bobby Jackson,Bobby,G,,19:35,1.0,6.0,0.167,0.0,1.0,0.0,2.0,2.0,1.0,0.0,2.0,2.0,4.0,0.0,0.0,0.0,2.0,4.0,-5.0
0020200983,1610612758,SAC,Sacramento,1513,Scot Pollard,Scot,G,,10:18,3.0,5.0,0.6,0.0,0.0,0.0,0.0,0.0,0.0,3.0,3.0,6.0,0.0,1.0,0.0,1.0,4.0,6.0,-1.0
0020200983,1610612758,SAC,Sacramento,754,Jim Jackson,Jim,G,,15:35,3.0,5.0,0.6,2.0,2.0,1.0,1.0,1.0,1.0,0.0,1.0,1.0,2.0,0.0,0.0,1.0,4.0,9.0,-1.0
0020200983,1610612758,SAC,Sacramento,2045,Hedo Turkoglu,Hedo,,,4:11,0.0,1.0,0.0,0.0,0.0,0.0,1.0,2.0,0.5,0.0,1.0,1.0,0.0,0.0,0.0,0.0,1.0,1.0,1.0
0020200983,1610612758,SAC,Sacramento,1721,Keon Clark,Keon,F,,11:46,1.0,2.0,0.5,0.0,0.0,0.0,0.0,0.0,0.0,2.0,2.0,4.0,0.0,1.0,2.0,0.0,1.0,2.0,-2.0
0020200983,1610612758,SAC,Sacramento,1248,,,, ,,,,,,,,,,,,,,,,,,,,
0020200983,1610612758,SAC,Sacramento,1249,,,, ,,,,,,,,,,,,,,,,,,,,
0020200983,1610612758,SAC,Sacramento,1322,,,, ,,,,,,,,,,,,,,,,,,,,
0020200983,1610612758,SAC,Sacramento,1328,,,, ,,,,,,,,,,,,,,,,,,,,
0020200983,1610612758,SAC,Sacramento,2522,,,, ,,,,,,,,,,,,,,,,,,,,
0020200983,1610612758,SAC,Sacramento,1444,Lawrence Funderburke,Lawrence,,DNP - Coach's Decision,,,,,,,,,,,,,,,,,,,,
0020200983,1610612758,SAC,Sacramento,2222,Gerald Wallace,Gerald,,DNP - Coach's Decision,,,,,,,,,,,,,,,,,,,,
0020200981,1610612755,PHI,Philadelphia,1496,Keith Van Horn,Keith,F,,22:05,2.0,10.0,0.2,0.0,1.0,0.0,2.0,4.0,0.5,2.0,5.0,7.0,1.0,0.0,0.0,1.0,2.0,6.0,-30.0
0020200981,1610612755,PHI,Philadelphia,238,Tyrone Hill,Tyrone,F,,14:56,1.0,1.0,1.0,0.0,0.0,0.0,0.0,2.0,0.0,0.0,0.0,0.0,0.0,0.0,0.0,0.0,2.0,2.0,-13.0
0020200981,1610612755,PHI,Philadelphia,934,Derrick Coleman,Derrick,C,,31:32,8.0,17.0,0.471,0.0,1.0,0.0,3.0,4.0,0.75,5.0,6.0,11.0,0.0,2.0,2.0,4.0,1.0,19.0,-30.0
0020200981,1610612755,PHI,Philadelphia,947,Allen Iverson,Allen,G,,33:23,2.0,11.0,0.182,0.0,1.0,0.0,1.0,2.0,0.5,0.0,1.0,1.0,7.0,2.0,0.0,3.0,1.0,5.0,-27.0
0020200981,1610612755,PHI,Philadelphia,727,Eric Snow,Eric,G,,29:38,5.0,10.0,0.5,0.0,0.0,0.0,2.0,2.0,1.0,1.0,0.0,1.0,3.0,1.0,0.0,0.0,1.0,12.0,-28.0
0020200981,1610612755,PHI,Philadelphia,243,Aaron McKie,Aaron,G,,18:02,2.0,4.0,0.5,0.0,0.0,0.0,0.0,0.0,0.0,2.0,4.0,6.0,0.0,0.0,0.0,3.0,1.0,4.0,-11.0
0020200981,1610612755,PHI,Philadelphia,1903,Kenny Thomas,Kenny,F,,30:33,5.0,8.0,0.625,0.0,0.0,0.0,0.0,0.0,0.0,1.0,4.0,5.0,2.0,1.0,1.0,1.0,2.0,10.0,-2.0
0020200981,1610612755,PHI,Philadelphia,1761,Greg Buckner,Greg,G,,19:21,3.0,7.0,0.429,1.0,1.0,1.0,3.0,4.0,0.75,0.0,3.0,3.0,1.0,0.0,0.0,1.0,1.0,10.0,1.0
0020200981,1610612755,PHI,Philadelphia,42,Monty Williams,Monty,F,,8:29,1.0,3.0,0.333,0.0,0.0,0.0,2.0,2.0,1.0,0.0,0.0,0.0,1.0,0.0,1.0,0.0,0.0,4.0,-3.0
0020200981,1610612755,PHI,Philadelphia,1730,Brian Skinner,Brian,C,,18:07,1.0,3.0,0.333,0.0,0.0,0.0,1.0,2.0,0.5,2.0,1.0,3.0,0.0,1.0,1.0,0.0,1.0,3.0,-5.0
0020200981,1610612755,PHI,Philadelphia,2422,John Salmons,John,,,6:57,4.0,5.0,0.8,0.0,0.0,0.0,0.0,0.0,0.0,0.0,0.0,0.0,0.0,0.0,0.0,0.0,0.0,8.0,4.0
0020200981,1610612755,PHI,Philadelphia,981,Efthimios Rentzias,Efthimios,,,6:57,1.0,3.0,0.333,0.0,1.0,0.0,0.0,0.0,0.0,0.0,0.0,0.0,1.0,0.0,0.0,0.0,1.0,2.0,4.0
0020200981,1610612755,PHI,Philadelphia,1212,,,, ,,,,,,,,,,,,,,,,,,,,
0020200981,1610612755,PHI,Philadelphia,1259,,,, ,,,,,,,,,,,,,,,,,,,,
0020200981,1610612755,PHI,Philadelphia,1285,,,, ,,,,,,,,,,,,,,,,,,,,
0020200981,1610612755,PHI,Philadelphia,1308,,,, ,,,,,,,,,,,,,,,,,,,,
0020200981,1610612755,PHI,Philadelphia,2520,,,, ,,,,,,,,,,,,,,,,,,,,
0020200981,1610612755,PHI,Philadelphia,2389,,,, ,,,,,,,,,,,,,,,,,,,,
0020200981,1610612755,PHI,Philadelphia,1865,,,, ,,,,,,,,,,,,,,,,,,,,
0020200981,1610612765,DET,Detroit,688,Michael Curry,Michael,F,,20:53,0.0,3.0,0.0,0.0,0.0,0.0,2.0,2.0,1.0,0.0,1.0,1.0,3.0,0.0,0.0,0.0,3.0,2.0,19.0
0020200981,1610612765,DET,Detroit,1112,Ben Wallace,Ben,F,,35:13,3.0,6.0,0.5,0.0,0.0,0.0,2.0,4.0,0.5,5.0,17.0,22.0,2.0,2.0,9.0,1.0,2.0,8.0,22.0
0020200981,1610612765,DET,Detroit,361,Clifford Robinson,Clifford,C,,29:32,4.0,10.0,0.4,1.0,4.0,0.25,1.0,2.0,0.5,0.0,4.0,4.0,1.0,0.0,1.0,4.0,2.0,10.0,28.0
0020200981,1610612765,DET,Detroit,1888,Richard Hamilton,Richard,G,,23:44,6.0,16.0,0.375,0.0,0.0,0.0,3.0,3.0,1.0,4.0,1.0,5.0,1.0,1.0,0.0,1.0,1.0,15.0,19.0
0020200981,1610612765,DET,Detroit,1497,Chauncey Billups,Chauncey,G,,29:52,9.0,13.0,0.692,6.0,8.0,0.75,5.0,5.0,1.0,0.0,5.0,5.0,4.0,0.0,0.0,2.0,0.0,29.0,17.0
0020200981,1610612765,DET,Detroit,722,Corliss Williamson,Corliss,F,,20:10,6.0,11.0,0.545,0.0,0.0,0.0,2.0,2.0,1.0,0.0,2.0,2.0,1.0,2.0,1.0,1.0,2.0,14.0,13.0
0020200981,1610612765,DET,Detroit,2246,Mehmet Okur,Mehmet,C,,22:30,7.0,9.0,0.778,2.0,3.0,0.667,2.0,2.0,1.0,2.0,4.0,6.0,2.0,0.0,1.0,1.0,1.0,18.0,9.0
0020200981,1610612765,DET,Detroit,468,Jon Barry,Jon,G,,24:16,2.0,3.0,0.667,1.0,2.0,0.5,0.0,0.0,0.0,0.0,2.0,2.0,5.0,4.0,0.0,0.0,3.0,5.0,9.0
0020200981,1610612765,DET,Detroit,1088,Chucky Atkins,Chucky,,,9:13,4.0,5.0,0.8,2.0,3.0,0.667,0.0,0.0,0.0,0.0,0.0,0.0,0.0,1.0,0.0,0.0,0.0,10.0,14.0
0020200981,1610612765,DET,Detroit,93,Hubert Davis,Hubert,,,8:55,0.0,2.0,0.0,0.0,1.0,0.0,0.0,0.0,0.0,0.0,0.0,0.0,1.0,0.0,0.0,0.0,0.0,0.0,-3.0
0020200981,1610612765,DET,Detroit,330,Danny Manning,Danny,,,8:45,0.0,1.0,0.0,0.0,1.0,0.0,0.0,0.0,0.0,0.0,1.0,1.0,1.0,0.0,0.0,2.0,2.0,0.0,-3.0
0020200981,1610612765,DET,Detroit,2419,Tayshaun Prince,Tayshaun,,,6:57,1.0,3.0,0.333,0.0,1.0,0.0,0.0,0.0,0.0,1.0,0.0,1.0,0.0,0.0,0.0,0.0,0.0,2.0,-4.0
0020200981,1610612765,DET,Detroit,1655,,,, ,,,,,,,,,,,,,,,,,,,,
0020200981,1610612765,DET,Detroit,2167,,,, ,,,,,,,,,,,,,,,,,,,,
0020200981,1610612765,DET,Detroit,1311,,,, ,,,,,,,,,,,,,,,,,,,,
0020200981,1610612765,DET,Detroit,1320,,,, ,,,,,,,,,,,,,,,,,,,,
0020200981,1610612765,DET,Detroit,1247,,,, ,,,,,,,,,,,,,,,,,,,,
0020200981,1610612765,DET,Detroit,2143,Pepe Sanchez,Pepe,,DNP - Coach's Decision,,,,,,,,,,,,,,,,,,,,
0020200982,1610612759,SAS,San Antonio,1477,Bruce Bowen,Bruce,F,,46:38,3.0,8.0,0.375,1.0,4.0,0.25,1.0,3.0,0.333,0.0,3.0,3.0,7.0,1.0,0.0,0.0,3.0,8.0,4.0
0020200982,1610612759,SAS,San Antonio,990,Malik Rose,Malik,G,,43:03,10.0,14.0,0.714,0.0,0.0,0.0,2.0,4.0,0.5,3.0,4.0,7.0,3.0,0.0,0.0,1.0,3.0,22.0,-1.0
0020200982,1610612759,SAS,San Antonio,1495,Tim Duncan,Tim,G,,49:12,11.0,18.0,0.611,0.0,0.0,0.0,3.0,4.0,0.75,5.0,13.0,18.0,4.0,1.0,4.0,2.0,2.0,25.0,7.0
0020200982,1610612759,SAS,San Antonio,1536,Stephen Jackson,Stephen,G,,34:44,3.0,8.0,0.375,2.0,5.0,0.4,1.0,4.0,0.25,0.0,2.0,2.0,1.0,1.0,0.0,3.0,4.0,9.0,-4.0
0020200982,1610612759,SAS,San Antonio,2225,Tony Parker,Tony,G,,40:03,10.0,21.0,0.476,2.0,6.0,0.333,0.0,0.0,0.0,1.0,5.0,6.0,6.0,0.0,0.0,3.0,2.0,22.0,0.0
0020200982,1610612759,SAS,San Antonio,1938,Manu Ginobili,Manu,G,,24:32,7.0,11.0,0.636,3.0,6.0,0.5,0.0,1.0,0.0,0.0,2.0,2.0,1.0,0.0,1.0,3.0,6.0,17.0,2.0
0020200982,1610612759,SAS,San Antonio,198,Danny Ferry,Danny,,,2:50,0.0,0.0,0.0,0.0,0.0,0.0,0.0,0.0,0.0,0.0,1.0,1.0,0.0,0.0,0.0,1.0,2.0,0.0,3.0
0020200982,1610612759,SAS,San Antonio,70,Steve Kerr,Steve,G,,7:02,2.0,3.0,0.667,1.0,1.0,1.0,2.0,2.0,1.0,2.0,0.0,2.0,0.0,0.0,0.0,0.0,0.0,7.0,6.0
0020200982,1610612759,SAS,San Antonio,120,Steven Smith,Steven,C,,3:11,0.0,1.0,0.0,0.0,1.0,0.0,0.0,0.0,0.0,0.0,0.0,0.0,0.0,0.0,0.0,0.0,0.0,0.0,0.0
0020200982,1610612759,SAS,San Antonio,788,Kevin Willis,Kevin,G,,7:45,0.0,1.0,0.0,0.0,0.0,0.0,2.0,2.0,1.0,1.0,0.0,1.0,0.0,0.0,0.0,0.0,3.0,2.0,-5.0
0020200982,1610612759,SAS,San Antonio,2049,Speedy Claxton,Speedy,C,,6:02,0.0,2.0,0.0,0.0,0.0,0.0,0.0,0.0,0.0,1.0,0.0,1.0,2.0,0.0,0.0,0.0,1.0,0.0,-2.0
0020200982,1610612759,SAS,San Antonio,1371,,,, ,,,,,,,,,,,,,,,,,,,,
0020200982,1610612759,SAS,San Antonio,1319,,,, ,,,,,,,,,,,,,,,,,,,,
0020200982,1610612759,SAS,San Antonio,1264,,,, ,,,,,,,,,,,,,,,,,,,,
0020200982,1610612759,SAS,San Antonio,2381,,,, ,,,,,,,,,,,,,,,,,,,,
0020200982,1610612759,SAS,San Antonio,1658,,,, ,,,,,,,,,,,,,,,,,,,,
0020200982,1610612759,SAS,San Antonio,873,,,, ,,,,,,,,,,,,,,,,,,,,
0020200982,1610612759,SAS,San Antonio,2370,Mengke Bateer,Mengke,,DNP - Coach's Decision,,,,,,,,,,,,,,,,,,,,
0020200982,1610612742,DAL,Dallas,1559,Adrian Griffin,Adrian,F,,22:42,1.0,2.0,0.5,0.0,0.0,0.0,0.0,0.0,0.0,2.0,3.0,5.0,1.0,0.0,0.0,2.0,3.0,2.0,-4.0
0020200982,1610612742,DAL,Dallas,1717,Dirk Nowitzki,Dirk,G,,51:09,10.0,24.0,0.417,1.0,6.0,0.167,13.0,14.0,0.929,1.0,11.0,12.0,2.0,0.0,1.0,5.0,5.0,34.0,-7.0
0020200982,1610612742,DAL,Dallas,762,Shawn Bradley,Shawn,F,,27:54,3.0,7.0,0.429,0.0,0.0,0.0,1.0,2.0,0.5,2.0,7.0,9.0,0.0,1.0,2.0,1.0,2.0,7.0,-6.0
0020200982,1610612742,DAL,Dallas,1952,Raja Bell,Raja,G,,16:53,1.0,3.0,0.333,0.0,1.0,0.0,0.0,0.0,0.0,2.0,1.0,3.0,0.0,1.0,0.0,0.0,2.0,2.0,-16.0
0020200982,1610612742,DAL,Dallas,959,Steve Nash,Steve,G,,43:36,7.0,16.0,0.438,2.0,4.0,0.5,2.0,3.0,0.667,0.0,1.0,1.0,7.0,1.0,0.0,2.0,2.0,18.0,6.0
0020200982,1610612742,DAL,Dallas,89,Nick Van Exel,Nick,G,,42:42,12.0,24.0,0.5,4.0,7.0,0.571,7.0,9.0,0.778,1.0,3.0,4.0,5.0,1.0,0.0,2.0,0.0,35.0,7.0
0020200982,1610612742,DAL,Dallas,1711,Raef LaFrentz,Raef,G,,15:23,2.0,6.0,0.333,1.0,2.0,0.5,0.0,0.0,0.0,2.0,1.0,3.0,0.0,1.0,0.0,0.0,3.0,5.0,-4.0
0020200982,1610612742,DAL,Dallas,2059,Eduardo Najera,Eduardo,G,,32:15,3.0,5.0,0.6,0.0,0.0,0.0,1.0,2.0,0.5,4.0,2.0,6.0,2.0,0.0,0.0,0.0,4.0,7.0,9.0
0020200982,1610612742,DAL,Dallas,1005,Walt Williams,Walt,G,,12:26,0.0,2.0,0.0,0.0,1.0,0.0,0.0,0.0,0.0,1.0,2.0,3.0,0.0,1.0,0.0,0.0,0.0,0.0,5.0
0020200982,1610612742,DAL,Dallas,1233,,,, ,,,,,,,,,,,,,,,,,,,,
0020200982,1610612742,DAL,Dallas,1269,,,, ,,,,,,,,,,,,,,,,,,,,
0020200982,1610612742,DAL,Dallas,1317,,,, ,,,,,,,,,,,,,,,,,,,,
0020200982,1610612742,DAL,Dallas,1370,,,, ,,,,,,,,,,,,,,,,,,,,
0020200982,1610612742,DAL,Dallas,1483,,,, ,,,,,,,,,,,,,,,,,,,,
0020200982,1610612742,DAL,Dallas,2154,,,, ,,,,,,,,,,,,,,,,,,,,
0020200982,1610612742,DAL,Dallas,2378,,,, ,,,,,,,,,,,,,,,,,,,,
0020200982,1610612742,DAL,Dallas,1505,Tariq Abdul-Wahad,Tariq,,DNP - Coach's Decision,,,,,,,,,,,,,,,,,,,,
0020200982,1610612742,DAL,Dallas,714,Michael Finley,Michael,,DND - Strained Left Hamstring,,,,,,,,,,,,,,,,,,,,
0020200982,1610612742,DAL,Dallas,461,Popeye Jones,Popeye,,DNP - Coach's Decision,,,,,,,,,,,,,,,,,,,,
0020200985,1610612739,CLE,Cleveland,2032,Darius Miles,Darius,F,,31:27,3.0,8.0,0.375,0.0,1.0,0.0,2.0,4.0,0.5,0.0,5.0,5.0,1.0,1.0,1.0,7.0,3.0,8.0,-14.0
0020200985,1610612739,CLE,Cleveland,2430,Carlos Boozer,Carlos,F,,27:27,2.0,5.0,0.4,0.0,0.0,0.0,1.0,2.0,0.5,0.0,4.0,4.0,2.0,1.0,0.0,3.0,2.0,5.0,-14.0
0020200985,1610612739,CLE,Cleveland,980,Zydrunas Ilgauskas,Zydrunas,C,,28:35,5.0,7.0,0.714,0.0,0.0,0.0,3.0,4.0,0.75,1.0,6.0,7.0,4.0,0.0,2.0,3.0,4.0,13.0,-14.0
0020200985,1610612739,CLE,Cleveland,1729,Ricky Davis,Ricky,G,,42:15,4.0,15.0,0.267,0.0,1.0,0.0,4.0,5.0,0.8,1.0,5.0,6.0,8.0,1.0,2.0,6.0,0.0,12.0,-22.0
0020200985,1610612739,CLE,Cleveland,1960,Milt Palacio,Milt,G,,33:34,6.0,10.0,0.6,1.0,2.0,0.5,2.0,2.0,1.0,0.0,6.0,6.0,5.0,0.0,0.0,0.0,3.0,15.0,-15.0
0020200985,1610612739,CLE,Cleveland,2470,Smush Parker,Smush,G,,14:56,1.0,4.0,0.25,1.0,3.0,0.333,1.0,2.0,0.5,0.0,0.0,0.0,0.0,0.0,0.0,1.0,1.0,4.0,-7.0
0020200985,1610612739,CLE,Cleveland,1908,Jumaine Jones,Jumaine,F,,19:29,5.0,11.0,0.455,1.0,3.0,0.333,1.0,2.0,0.5,1.0,1.0,2.0,0.0,0.0,0.0,0.0,2.0,12.0,-13.0
0020200985,1610612739,CLE,Cleveland,2205,DeSagana Diop,DeSagana,G,,19:25,1.0,2.0,0.5,0.0,0.0,0.0,1.0,2.0,0.5,0.0,3.0,3.0,1.0,0.0,2.0,1.0,3.0,3.0,-10.0
0020200985,1610612739,CLE,Cleveland,2036,Chris Mihm,Chris,G,,20:33,4.0,7.0,0.571,0.0,0.0,0.0,3.0,4.0,0.75,4.0,2.0,6.0,2.0,1.0,0.0,1.0,2.0,11.0,-10.0
0020200985,1610612739,CLE,Cleveland,1565,Michael Stewart,Michael,,,2:20,1.0,1.0,1.0,0.0,0.0,0.0,0.0,1.0,0.0,0.0,0.0,0.0,0.0,0.0,0.0,1.0,0.0,2.0,-1.0
0020200985,1610612739,CLE,Cleveland,2096,,,, ,,,,,,,,,,,,,,,,,,,,
0020200985,1610612739,CLE,Cleveland,2174,,,, ,,,,,,,,,,,,,,,,,,,,
0020200985,1610612739,CLE,Cleveland,2006,,,, ,,,,,,,,,,,,,,,,,,,,
0020200985,1610612739,CLE,Cleveland,1781,,,, ,,,,,,,,,,,,,,,,,,,,
0020200985,1610612739,CLE,Cleveland,1241,,,, ,,,,,,,,,,,,,,,,,,,,
0020200985,1610612739,CLE,Cleveland,1325,,,, ,,,,,,,,,,,,,,,,,,,,
0020200985,1610612739,CLE,Cleveland,1373,,,, ,,,,,,,,,,,,,,,,,,,,
0020200985,1610612739,CLE,Cleveland,2402,Dajuan Wagner,Dajuan,,NWT - Arthroscopic Surgery Right Knee,,,,,,,,,,,,,,,,,,,,
0020200985,1610612753,ORL,Orlando,1921,Gordan Giricek,Gordan,F,,23:55,3.0,8.0,0.375,1.0,4.0,0.25,2.0,2.0,1.0,0.0,2.0,2.0,1.0,2.0,0.0,2.0,3.0,9.0,14.0
0020200985,1610612753,ORL,Orlando,1727,Pat Garrity,Pat,F,,25:56,1.0,6.0,0.167,0.0,3.0,0.0,0.0,1.0,0.0,0.0,5.0,5.0,2.0,5.0,0.0,1.0,2.0,2.0,12.0
0020200985,1610612753,ORL,Orlando,431,Shawn Kemp,Shawn,C,,21:57,2.0,7.0,0.286,0.0,0.0,0.0,2.0,2.0,1.0,3.0,5.0,8.0,1.0,2.0,0.0,0.0,1.0,6.0,13.0
0020200985,1610612753,ORL,Orlando,1503,Tracy McGrady,Tracy,G,,30:17,12.0,21.0,0.571,3.0,8.0,0.375,12.0,13.0,0.923,2.0,2.0,4.0,3.0,3.0,0.0,1.0,2.0,39.0,13.0
0020200985,1610612753,ORL,Orlando,1521,Jacque Vaughn,Jacque,G,,15:22,1.0,3.0,0.333,0.0,0.0,0.0,0.0,0.0,0.0,0.0,0.0,0.0,4.0,0.0,0.0,0.0,1.0,2.0,4.0
0020200985,1610612753,ORL,Orlando,353,Darrell Armstrong,Darrell,G,,28:03,6.0,15.0,0.4,1.0,5.0,0.2,1.0,1.0,1.0,1.0,5.0,6.0,3.0,3.0,0.0,3.0,5.0,14.0,17.0
0020200985,1610612753,ORL,Orlando,692,Andrew DeClercq,Andrew,G,,23:50,4.0,7.0,0.571,0.0,0.0,0.0,1.0,2.0,0.5,2.0,3.0,5.0,2.0,0.0,0.0,1.0,3.0,9.0,8.0
0020200985,1610612753,ORL,Orlando,2219,Jeryl Sasser,Jeryl,F,,24:05,2.0,9.0,0.222,1.0,2.0,0.5,2.0,2.0,1.0,3.0,4.0,7.0,2.0,1.0,0.0,0.0,1.0,7.0,10.0
0020200985,1610612753,ORL,Orlando,2212,Steven Hunter,Steven,F,,21:51,4.0,7.0,0.571,0.0,0.0,0.0,0.0,2.0,0.0,3.0,3.0,6.0,0.0,0.0,1.0,0.0,4.0,8.0,12.0
0020200985,1610612753,ORL,Orlando,43,Chris Whitney,Chris,G,,22:24,4.0,7.0,0.571,0.0,0.0,0.0,0.0,0.0,0.0,0.0,1.0,1.0,4.0,2.0,0.0,3.0,0.0,8.0,16.0
0020200985,1610612753,ORL,Orlando,2071,Olumide Oyedeji,Olumide,,,2:20,1.0,2.0,0.5,0.0,0.0,0.0,3.0,3.0,1.0,0.0,0.0,0.0,0.0,2.0,0.0,0.0,0.0,5.0,1.0
0020200985,1610612753,ORL,Orlando,1941,,,, ,,,,,,,,,,,,,,,,,,,,
0020200985,1610612753,ORL,Orlando,1332,,,, ,,,,,,,,,,,,,,,,,,,,
0020200985,1610612753,ORL,Orlando,1296,,,, ,,,,,,,,,,,,,,,,,,,,
0020200985,1610612753,ORL,Orlando,1309,,,, ,,,,,,,,,,,,,,,,,,,,
0020200985,1610612753,ORL,Orlando,2516,,,, ,,,,,,,,,,,,,,,,,,,,
0020200985,1610612753,ORL,Orlando,1650,,,, ,,,,,,,,,,,,,,,,,,,,
0020200985,1610612753,ORL,Orlando,837,,,, ,,,,,,,,,,,,,,,,,,,,
0020200985,1610612753,ORL,Orlando,2400,Drew Gooden,Drew,,DND - Sprained Right Big Toe,,,,,,,,,,,,,,,,,,,,
0020200994,1610612745,HOU,Houston,2204,Eddie Griffin,Eddie,G,,25:36,5.0,10.0,0.5,2.0,5.0,0.4,0.0,0.0,0.0,0.0,3.0,3.0,0.0,3.0,2.0,1.0,0.0,12.0,14.0
0020200994,1610612745,HOU,Houston,1899,James Posey,James,G,,34:33,7.0,9.0,0.778,1.0,3.0,0.333,6.0,7.0,0.857,0.0,3.0,3.0,3.0,1.0,1.0,3.0,5.0,21.0,13.0
0020200994,1610612745,HOU,Houston,2397,Ming Yao,Ming,F,,32:47,8.0,14.0,0.571,1.0,1.0,1.0,6.0,6.0,1.0,6.0,8.0,14.0,1.0,1.0,4.0,5.0,0.0,23.0,15.0
0020200994,1610612745,HOU,Houston,1749,Cuttino Mobley,Cuttino,G,,41:12,8.0,17.0,0.471,4.0,5.0,0.8,6.0,7.0,0.857,1.0,3.0,4.0,2.0,1.0,0.0,2.0,4.0,26.0,12.0
0020200994,1610612745,HOU,Houston,1883,Steve Francis,Steve,G,,40:33,5.0,13.0,0.385,0.0,2.0,0.0,3.0,5.0,0.6,5.0,6.0,11.0,12.0,2.0,0.0,3.0,5.0,13.0,13.0
0020200994,1610612745,HOU,Houston,983,Moochie Norris,Moochie,G,,20:17,2.0,5.0,0.4,0.0,0.0,0.0,2.0,2.0,1.0,1.0,1.0,2.0,2.0,2.0,0.0,2.0,2.0,6.0,-5.0
0020200994,1610612745,HOU,Houston,1509,Kelvin Cato,Kelvin,F,,15:13,4.0,7.0,0.571,0.0,0.0,0.0,1.0,2.0,0.5,2.0,6.0,8.0,0.0,1.0,2.0,1.0,3.0,9.0,-5.0
0020200994,1610612745,HOU,Houston,1508,Maurice Taylor,Maurice,F,,4:30,0.0,1.0,0.0,0.0,0.0,0.0,0.0,0.0,0.0,0.0,1.0,1.0,0.0,0.0,0.0,2.0,3.0,0.0,-1.0
0020200994,1610612745,HOU,Houston,779,Glen Rice,Glen,,,21:15,2.0,6.0,0.333,1.0,3.0,0.333,2.0,3.0,0.667,0.0,1.0,1.0,0.0,0.0,0.0,2.0,3.0,7.0,-6.0
0020200994,1610612745,HOU,Houston,1038,Juaquin Hawkins,Juaquin,,,4:05,0.0,1.0,0.0,0.0,0.0,0.0,0.0,0.0,0.0,0.0,0.0,0.0,0.0,0.0,0.0,0.0,0.0,0.0,0.0
0020200994,1610612745,HOU,Houston,1255,,,, ,,,,,,,,,,,,,,,,,,,,
0020200994,1610612745,HOU,Houston,1256,,,, ,,,,,,,,,,,,,,,,,,,,
0020200994,1610612745,HOU,Houston,1257,,,, ,,,,,,,,,,,,,,,,,,,,
0020200994,1610612745,HOU,Houston,1258,,,, ,,,,,,,,,,,,,,,,,,,,
0020200994,1610612745,HOU,Houston,1997,,,, ,,,,,,,,,,,,,,,,,,,,
0020200994,1610612745,HOU,Houston,2384,,,, ,,,,,,,,,,,,,,,,,,,,
0020200994,1610612745,HOU,Houston,2385,,,, ,,,,,,,,,,,,,,,,,,,,
0020200994,1610612745,HOU,Houston,825,,,, ,,,,,,,,,,,,,,,,,,,,
0020200994,1610612745,HOU,Houston,2242,Terence Morris,Terence,,DNP - Coach's Decision,,,,,,,,,,,,,,,,,,,,
0020200994,1610612745,HOU,Houston,2411,Bostjan Nachbar,Bostjan,,DNP - Coach's Decision,,,,,,,,,,,,,,,,,,,,
0020200994,1610612744,GSW,Golden State,2211,Troy Murphy,Troy,F,,13:25,0.0,3.0,0.0,0.0,0.0,0.0,1.0,1.0,1.0,0.0,4.0,4.0,0.0,1.0,0.0,0.0,0.0,1.0,-10.0
0020200994,1610612744,GSW,Golden State,1712,Antawn Jamison,Antawn,F,,43:23,9.0,23.0,0.391,1.0,4.0,0.25,2.0,3.0,0.667,2.0,6.0,8.0,1.0,1.0,0.0,1.0,2.0,21.0,-14.0
0020200994,1610612744,GSW,Golden State,956,Erick Dampier,Erick,C,,23:56,4.0,8.0,0.5,0.0,0.0,0.0,0.0,0.0,0.0,5.0,2.0,7.0,0.0,1.0,1.0,1.0,1.0,8.0,-18.0
0020200994,1610612744,GSW,Golden State,2202,Jason Richardson,Jason,G,,24:43,2.0,7.0,0.286,0.0,2.0,0.0,1.0,2.0,0.5,0.0,3.0,3.0,0.0,4.0,0.0,2.0,5.0,5.0,-14.0
0020200994,1610612744,GSW,Golden State,2240,Gilbert Arenas,Gilbert,G,,38:50,8.0,21.0,0.381,0.0,3.0,0.0,9.0,11.0,0.818,1.0,4.0,5.0,6.0,2.0,0.0,6.0,4.0,25.0,-11.0
0020200994,1610612744,GSW,Golden State,2399,Mike Dunleavy,Mike,C,,22:13,1.0,5.0,0.2,0.0,2.0,0.0,1.0,2.0,0.5,0.0,3.0,3.0,3.0,2.0,1.0,2.0,2.0,3.0,-5.0
0020200994,1610612744,GSW,Golden State,682,Bob Sura,Bob,G,,29:09,2.0,6.0,0.333,1.0,1.0,1.0,5.0,6.0,0.833,3.0,2.0,5.0,3.0,0.0,0.0,1.0,2.0,10.0,7.0
0020200994,1610612744,GSW,Golden State,1502,Adonal Foyle,Adonal,G,,24:00,6.0,8.0,0.75,0.0,0.0,0.0,0.0,0.0,0.0,2.0,3.0,5.0,0.0,1.0,5.0,1.0,5.0,12.0,8.0
0020200994,1610612744,GSW,Golden State,1863,Earl Boykins,Earl,G,,20:22,8.0,9.0,0.889,2.0,2.0,1.0,4.0,5.0,0.8,1.0,1.0,2.0,2.0,0.0,0.0,1.0,2.0,22.0,7.0
0020200994,1610612744,GSW,Golden State,1774,,,, ,,,,,,,,,,,,,,,,,,,,
0020200994,1610612744,GSW,Golden State,1637,,,, ,,,,,,,,,,,,,,,,,,,,
0020200994,1610612744,GSW,Golden State,1217,,,, ,,,,,,,,,,,,,,,,,,,,
0020200994,1610612744,GSW,Golden State,1252,,,, ,,,,,,,,,,,,,,,,,,,,
0020200994,1610612744,GSW,Golden State,1307,,,, ,,,,,,,,,,,,,,,,,,,,
0020200994,1610612744,GSW,Golden State,1331,,,, ,,,,,,,,,,,,,,,,,,,,
0020200994,1610612744,GSW,Golden State,1504,Danny Fortson,Danny,,DNP - Coach's Decision,,,,,,,,,,,,,,,,,,,,
0020200994,1610612744,GSW,Golden State,168,Chris Mills,Chris,,DND - Left Achilles Tendinitis,,,,,,,,,,,,,,,,,,,,
0020200994,1610612744,GSW,Golden State,2412,Jiri Welsch,Jiri,,DNP - Coach's Decision,,,,,,,,,,,,,,,,,,,,
0020200991,1610612764,WAS,Washington,711,Jerry Stackhouse,Jerry,G,,34:03,3.0,10.0,0.3,0.0,2.0,0.0,1.0,2.0,0.5,0.0,1.0,1.0,9.0,0.0,0.0,4.0,0.0,7.0,-19.0
0020200991,1610612764,WAS,Washington,363,Christian Laettner,Christian,F,,28:32,5.0,10.0,0.5,0.0,0.0,0.0,2.0,2.0,1.0,1.0,5.0,6.0,1.0,2.0,0.0,1.0,0.0,12.0,-17.0
0020200991,1610612764,WAS,Washington,2217,Brendan Haywood,Brendan,G,,26:03,2.0,2.0,1.0,0.0,0.0,0.0,1.0,2.0,0.5,1.0,2.0,3.0,0.0,1.0,1.0,0.0,2.0,5.0,-21.0
0020200991,1610612764,WAS,Washington,1716,Larry Hughes,Larry,G,,35:29,6.0,14.0,0.429,1.0,3.0,0.333,0.0,1.0,0.0,0.0,3.0,3.0,1.0,5.0,0.0,4.0,2.0,13.0,-12.0
0020200991,1610612764,WAS,Washington,893,Michael Jordan,Michael,G,,35:38,4.0,12.0,0.333,0.0,1.0,0.0,6.0,6.0,1.0,2.0,3.0,5.0,2.0,1.0,1.0,2.0,0.0,14.0,-29.0
0020200991,1610612764,WAS,Washington,2198,Kwame Brown,Kwame,,,19:58,2.0,4.0,0.5,0.0,0.0,0.0,1.0,4.0,0.25,3.0,2.0,5.0,0.0,0.0,1.0,1.0,1.0,5.0,-4.0
0020200991,1610612764,WAS,Washington,1731,Tyronn Lue,Tyronn,F,,24:07,2.0,9.0,0.222,1.0,5.0,0.2,0.0,0.0,0.0,1.0,1.0,2.0,4.0,1.0,0.0,1.0,3.0,5.0,-20.0
0020200991,1610612764,WAS,Washington,935,Bryon Russell,Bryon,G,,17:21,1.0,8.0,0.125,1.0,2.0,0.5,1.0,2.0,0.5,1.0,1.0,2.0,2.0,0.0,1.0,1.0,4.0,4.0,-18.0
0020200991,1610612764,WAS,Washington,2250,Bobby Simmons,Bobby,,,8:04,4.0,6.0,0.667,0.0,0.0,0.0,2.0,2.0,1.0,0.0,2.0,2.0,0.0,0.0,0.0,0.0,0.0,10.0,4.0
0020200991,1610612764,WAS,Washington,2413,Juan Dixon,Juan,,,5:49,2.0,3.0,0.667,0.0,0.0,0.0,0.0,0.0,0.0,0.0,0.0,0.0,1.0,0.0,0.0,0.0,0.0,4.0,1.0
0020200991,1610612764,WAS,Washington,1751,Jahidi White,Jahidi,,,4:56,1.0,1.0,1.0,0.0,0.0,0.0,2.0,2.0,1.0,1.0,2.0,3.0,0.0,1.0,0.0,0.0,0.0,4.0,5.0
0020200991,1610612764,WAS,Washington,1244,,,, ,,,,,,,,,,,,,,,,,,,,
0020200991,1610612764,WAS,Washington,1245,,,, ,,,,,,,,,,,,,,,,,,,,
0020200991,1610612764,WAS,Washington,1271,,,, ,,,,,,,,,,,,,,,,,,,,
0020200991,1610612764,WAS,Washington,2382,,,, ,,,,,,,,,,,,,,,,,,,,
0020200991,1610612764,WAS,Washington,2383,,,, ,,,,,,,,,,,,,,,,,,,,
0020200991,1610612764,WAS,Washington,2171,,,, ,,,,,,,,,,,,,,,,,,,,
0020200991,1610612764,WAS,Washington,2523,,,, ,,,,,,,,,,,,,,,,,,,,
0020200991,1610612764,WAS,Washington,891,Charles Oakley,Charles,,Did Not Dress - Sore Right Knee,,,,,,,,,,,,,,,,,,,,
0020200991,1610612756,PHX,Phoenix,1890,Shawn Marion,Shawn,F,,35:02,7.0,13.0,0.538,4.0,4.0,1.0,0.0,0.0,0.0,0.0,4.0,4.0,6.0,2.0,0.0,0.0,2.0,18.0,19.0
0020200991,1610612756,PHX,Phoenix,2405,Amar'e Stoudemire,Amar'e,G,,26:55,7.0,10.0,0.7,0.0,1.0,0.0,2.0,4.0,0.5,2.0,6.0,8.0,0.0,1.0,3.0,3.0,3.0,16.0,12.0
0020200991,1610612756,PHX,Phoenix,281,Scott Williams,Scott,C,,14:27,3.0,4.0,0.75,0.0,0.0,0.0,0.0,0.0,0.0,1.0,1.0,2.0,0.0,0.0,0.0,0.0,0.0,6.0,-2.0
0020200991,1610612756,PHX,Phoenix,950,Stephon Marbury,Stephon,G,,36:38,10.0,19.0,0.526,1.0,5.0,0.2,2.0,3.0,0.667,1.0,3.0,4.0,6.0,4.0,1.0,4.0,1.0,23.0,26.0
0020200991,1610612756,PHX,Phoenix,358,Anfernee Hardaway,Anfernee,G,,25:24,2.0,5.0,0.4,0.0,0.0,0.0,2.0,2.0,1.0,1.0,3.0,4.0,3.0,0.0,0.0,4.0,2.0,6.0,10.0
0020200991,1610612756,PHX,Phoenix,448,Bo Outlaw,Bo,G,,27:36,4.0,6.0,0.667,0.0,0.0,0.0,1.0,1.0,1.0,2.0,6.0,8.0,4.0,3.0,1.0,3.0,3.0,9.0,32.0
0020200991,1610612756,PHX,Phoenix,2207,Joe Johnson,Joe,G,,30:10,8.0,14.0,0.571,3.0,3.0,1.0,0.0,0.0,0.0,1.0,2.0,3.0,6.0,1.0,0.0,1.0,2.0,19.0,24.0
0020200991,1610612756,PHX,Phoenix,2063,Jake Voskuhl,Jake,F,,18:58,3.0,4.0,0.75,0.0,0.0,0.0,0.0,0.0,0.0,4.0,5.0,9.0,1.0,1.0,2.0,1.0,5.0,6.0,14.0
0020200991,1610612756,PHX,Phoenix,2061,Dan Langhi,Dan,,,8:42,0.0,5.0,0.0,0.0,1.0,0.0,2.0,2.0,1.0,2.0,1.0,3.0,0.0,0.0,0.0,0.0,1.0,2.0,3.0
0020200991,1610612756,PHX,Phoenix,339,Tom Gugliotta,Tom,,,8:04,1.0,2.0,0.5,0.0,0.0,0.0,0.0,0.0,0.0,0.0,0.0,0.0,0.0,0.0,1.0,1.0,0.0,2.0,-4.0
0020200991,1610612756,PHX,Phoenix,2418,Casey Jacobsen,Casey,,,8:04,1.0,2.0,0.5,0.0,0.0,0.0,0.0,0.0,0.0,0.0,1.0,1.0,1.0,0.0,0.0,0.0,0.0,2.0,-4.0
0020200991,1610612756,PHX,Phoenix,2521,,,, ,,,,,,,,,,,,,,,,,,,,
0020200991,1610612756,PHX,Phoenix,2160,,,, ,,,,,,,,,,,,,,,,,,,,
0020200991,1610612756,PHX,Phoenix,2008,,,, ,,,,,,,,,,,,,,,,,,,,
0020200991,1610612756,PHX,Phoenix,1336,,,, ,,,,,,,,,,,,,,,,,,,,
0020200991,1610612756,PHX,Phoenix,1642,,,, ,,,,,,,,,,,,,,,,,,,,
0020200991,1610612756,PHX,Phoenix,1653,,,, ,,,,,,,,,,,,,,,,,,,,
0020200991,1610612756,PHX,Phoenix,1783,,,, ,,,,,,,,,,,,,,,,,,,,
0020200991,1610612756,PHX,Phoenix,2054,Jake Tsakalidis,Jake,,DNP - Coach's Decision,,,,,,,,,,,,,,,,,,,,
0020200984,1610612737,ATL,Atlanta,949,Shareef Abdur-Rahim,Shareef,G,,39:09,7.0,15.0,0.467,0.0,0.0,0.0,8.0,8.0,1.0,1.0,10.0,11.0,2.0,3.0,2.0,2.0,3.0,22.0,1.0
0020200984,1610612737,ATL,Atlanta,299,Glenn Robinson,Glenn,G,,41:32,13.0,20.0,0.65,3.0,4.0,0.75,8.0,10.0,0.8,2.0,9.0,11.0,4.0,4.0,0.0,6.0,4.0,37.0,19.0
0020200984,1610612737,ATL,Atlanta,689,Theo Ratliff,Theo,F,,34:11,2.0,5.0,0.4,0.0,0.0,0.0,2.0,2.0,1.0,1.0,7.0,8.0,0.0,1.0,1.0,2.0,4.0,6.0,19.0
0020200984,1610612737,ATL,Atlanta,1891,Jason Terry,Jason,G,,39:14,4.0,10.0,0.4,1.0,3.0,0.333,8.0,9.0,0.889,0.0,2.0,2.0,8.0,1.0,0.0,3.0,4.0,17.0,10.0
0020200984,1610612737,ATL,Atlanta,1901,Dion Glover,Dion,G,,40:45,7.0,11.0,0.636,1.0,2.0,0.5,3.0,4.0,0.75,0.0,1.0,1.0,2.0,1.0,0.0,0.0,1.0,18.0,8.0
0020200984,1610612737,ATL,Atlanta,673,Alan Henderson,Alan,G,,21:44,2.0,4.0,0.5,0.0,0.0,0.0,0.0,0.0,0.0,1.0,4.0,5.0,0.0,0.0,0.0,0.0,2.0,4.0,-1.0
0020200984,1610612737,ATL,Atlanta,1956,Ira Newble,Ira,F,,12:06,3.0,4.0,0.75,0.0,0.0,0.0,4.0,4.0,1.0,0.0,1.0,1.0,1.0,0.0,0.0,1.0,1.0,10.0,-7.0
0020200984,1610612737,ATL,Atlanta,1032,Darvin Ham,Darvin,,,1:06,0.0,0.0,0.0,0.0,0.0,0.0,0.0,0.0,0.0,0.0,0.0,0.0,0.0,0.0,0.0,0.0,0.0,0.0,-4.0
0020200984,1610612737,ATL,Atlanta,1983,Jermaine Jackson,Jermaine,C,,10:14,0.0,1.0,0.0,0.0,0.0,0.0,0.0,0.0,0.0,0.0,0.0,0.0,5.0,0.0,0.0,1.0,2.0,0.0,0.0
0020200984,1610612737,ATL,Atlanta,2150,,,, ,,,,,,,,,,,,,,,,,,,,
0020200984,1610612737,ATL,Atlanta,2376,,,, ,,,,,,,,,,,,,,,,,,,,
0020200984,1610612737,ATL,Atlanta,1337,,,, ,,,,,,,,,,,,,,,,,,,,
0020200984,1610612737,ATL,Atlanta,2539,,,, ,,,,,,,,,,,,,,,,,,,,
0020200984,1610612737,ATL,Atlanta,2540,,,, ,,,,,,,,,,,,,,,,,,,,
0020200984,1610612737,ATL,Atlanta,2424,Dan Dickau,Dan,,DNP - Coach's Decision,,,,,,,,,,,,,,,,,,,,
0020200984,1610612737,ATL,Atlanta,1737,Nazr Mohammed,Nazr,,NWT-Stress Fracture-Right Foot,,,,,,,,,,,,,,,,,,,,
0020200984,1610612755,PHI,Philadelphia,1496,Keith Van Horn,Keith,G,,23:28,4.0,8.0,0.5,1.0,3.0,0.333,4.0,6.0,0.667,1.0,4.0,5.0,2.0,0.0,0.0,3.0,5.0,13.0,-3.0
0020200984,1610612755,PHI,Philadelphia,238,Tyrone Hill,Tyrone,G,,19:42,5.0,7.0,0.714,0.0,0.0,0.0,3.0,3.0,1.0,4.0,5.0,9.0,0.0,0.0,0.0,0.0,4.0,13.0,-5.0
0020200984,1610612755,PHI,Philadelphia,934,Derrick Coleman,Derrick,C,,38:13,7.0,13.0,0.538,2.0,3.0,0.667,1.0,2.0,0.5,2.0,8.0,10.0,2.0,3.0,1.0,2.0,1.0,17.0,-15.0
0020200984,1610612755,PHI,Philadelphia,727,Eric Snow,Eric,G,,41:45,4.0,11.0,0.364,0.0,1.0,0.0,1.0,2.0,0.5,0.0,3.0,3.0,5.0,1.0,0.0,6.0,3.0,9.0,-12.0
0020200984,1610612755,PHI,Philadelphia,947,Allen Iverson,Allen,G,,44:34,9.0,27.0,0.333,1.0,4.0,0.25,6.0,10.0,0.6,0.0,3.0,3.0,12.0,1.0,0.0,3.0,4.0,25.0,-6.0
0020200984,1610612755,PHI,Philadelphia,243,Aaron McKie,Aaron,F,,29:33,7.0,10.0,0.7,0.0,0.0,0.0,1.0,1.0,1.0,0.0,2.0,2.0,2.0,4.0,1.0,1.0,2.0,15.0,5.0
0020200984,1610612755,PHI,Philadelphia,1903,Kenny Thomas,Kenny,G,,31:37,3.0,6.0,0.5,0.0,0.0,0.0,5.0,7.0,0.714,6.0,4.0,10.0,1.0,2.0,1.0,0.0,4.0,11.0,1.0
0020200984,1610612755,PHI,Philadelphia,1761,Greg Buckner,Greg,G,,11:08,1.0,3.0,0.333,0.0,0.0,0.0,0.0,0.0,0.0,0.0,0.0,0.0,2.0,0.0,0.0,0.0,2.0,2.0,-10.0
0020200984,1610612755,PHI,Philadelphia,1865,,,, ,,,,,,,,,,,,,,,,,,,,
0020200984,1610612755,PHI,Philadelphia,1212,,,, ,,,,,,,,,,,,,,,,,,,,
0020200984,1610612755,PHI,Philadelphia,1259,,,, ,,,,,,,,,,,,,,,,,,,,
0020200984,1610612755,PHI,Philadelphia,1285,,,, ,,,,,,,,,,,,,,,,,,,,
0020200984,1610612755,PHI,Philadelphia,1308,,,, ,,,,,,,,,,,,,,,,,,,,
0020200984,1610612755,PHI,Philadelphia,2389,,,, ,,,,,,,,,,,,,,,,,,,,
0020200984,1610612755,PHI,Philadelphia,2520,,,, ,,,,,,,,,,,,,,,,,,,,
0020200984,1610612755,PHI,Philadelphia,981,Efthimios Rentzias,Efthimios,,DNP - Coach's Decision,,,,,,,,,,,,,,,,,,,,
0020200984,1610612755,PHI,Philadelphia,2422,John Salmons,John,,DNP - Coach's Decision,,,,,,,,,,,,,,,,,,,,
0020200984,1610612755,PHI,Philadelphia,1730,Brian Skinner,Brian,,DNP - Coach's Decision,,,,,,,,,,,,,,,,,,,,
0020200984,1610612755,PHI,Philadelphia,42,Monty Williams,Monty,,DNP - Coach's Decision,,,,,,,,,,,,,,,,,,,,
0020200992,1610612743,DEN,Denver,948,Marcus Camby,Marcus,G,,39:30,8.0,15.0,0.533,0.0,0.0,0.0,1.0,1.0,1.0,3.0,7.0,10.0,7.0,0.0,4.0,1.0,3.0,17.0,14.0
0020200992,1610612743,DEN,Denver,436,Juwan Howard,Juwan,G,,40:06,9.0,15.0,0.6,0.0,0.0,0.0,2.0,2.0,1.0,1.0,4.0,5.0,3.0,1.0,0.0,3.0,3.0,20.0,14.0
0020200992,1610612743,DEN,Denver,2403,Nene Hilario,Nene,G,,34:23,4.0,4.0,1.0,0.0,0.0,0.0,5.0,9.0,0.556,3.0,7.0,10.0,3.0,0.0,1.0,3.0,5.0,13.0,2.0
0020200992,1610612743,DEN,Denver,2206,Rodney White,Rodney,G,,39:22,9.0,17.0,0.529,1.0,3.0,0.333,0.0,0.0,0.0,0.0,3.0,3.0,4.0,1.0,0.0,3.0,1.0,19.0,12.0
0020200992,1610612743,DEN,Denver,1742,Shammond Williams,Shammond,G,,46:16,9.0,14.0,0.643,3.0,4.0,0.75,1.0,3.0,0.333,1.0,4.0,5.0,9.0,3.0,0.0,4.0,1.0,22.0,4.0
0020200992,1610612743,DEN,Denver,2051,Donnell Harvey,Donnell,F,,17:57,1.0,7.0,0.143,0.0,0.0,0.0,1.0,4.0,0.25,2.0,3.0,5.0,0.0,1.0,0.0,0.0,3.0,3.0,-19.0
0020200992,1610612743,DEN,Denver,2454,Junior Harrington,Junior,G,,15:49,1.0,3.0,0.333,0.0,0.0,0.0,0.0,0.0,0.0,0.0,1.0,1.0,1.0,0.0,0.0,1.0,4.0,2.0,-12.0
0020200992,1610612743,DEN,Denver,2365,Chris Andersen,Chris,G,,15:04,0.0,1.0,0.0,0.0,0.0,0.0,3.0,4.0,0.75,1.0,3.0,4.0,0.0,0.0,0.0,1.0,1.0,3.0,-16.0
0020200992,1610612743,DEN,Denver,2453,Predrag Savovic,Predrag,F,,4:33,0.0,1.0,0.0,0.0,1.0,0.0,0.0,0.0,0.0,0.0,0.0,0.0,0.0,1.0,0.0,0.0,1.0,0.0,-8.0
0020200992,1610612743,DEN,Denver,2401,Nikoloz Tskitishvili,Nikoloz,G,,12:00,0.0,0.0,0.0,0.0,0.0,0.0,0.0,0.0,0.0,0.0,1.0,1.0,0.0,0.0,0.0,0.0,1.0,0.0,-1.0
0020200992,1610612743,DEN,Denver,2512,,,, ,,,,,,,,,,,,,,,,,,,,
0020200992,1610612743,DEN,Denver,2513,,,, ,,,,,,,,,,,,,,,,,,,,
0020200992,1610612743,DEN,Denver,2379,,,, ,,,,,,,,,,,,,,,,,,,,
0020200992,1610612743,DEN,Denver,2015,,,, ,,,,,,,,,,,,,,,,,,,,
0020200992,1610612743,DEN,Denver,1216,,,, ,,,,,,,,,,,,,,,,,,,,
0020200992,1610612743,DEN,Denver,1240,,,, ,,,,,,,,,,,,,,,,,,,,
0020200992,1610612743,DEN,Denver,1279,,,, ,,,,,,,,,,,,,,,,,,,,
0020200992,1610612743,DEN,Denver,1763,Ryan Bowen,Ryan,,DNP - Coach's Decision,,,,,,,,,,,,,,,,,,,,
0020200992,1610612760,SEA,Seattle,2501,Reggie Evans,Reggie,F,,23:32,0.0,1.0,0.0,0.0,0.0,0.0,4.0,6.0,0.667,2.0,3.0,5.0,1.0,0.0,0.0,0.0,2.0,4.0,-12.0
0020200992,1610612760,SEA,Seattle,1740,Rashard Lewis,Rashard,G,,50:38,3.0,14.0,0.214,1.0,4.0,0.25,0.0,0.0,0.0,0.0,4.0,4.0,1.0,1.0,0.0,1.0,4.0,7.0,0.0
0020200992,1610612760,SEA,Seattle,1542,Predrag Drobnjak,Predrag,F,,11:25,1.0,2.0,0.5,0.0,0.0,0.0,0.0,0.0,0.0,0.0,0.0,0.0,1.0,0.0,0.0,0.0,1.0,2.0,-17.0
0020200992,1610612760,SEA,Seattle,951,Ray Allen,Ray,G,,47:21,14.0,23.0,0.609,7.0,10.0,0.7,3.0,3.0,1.0,0.0,3.0,3.0,6.0,1.0,0.0,4.0,2.0,38.0,-2.0
0020200992,1610612760,SEA,Seattle,699,Brent Barry,Brent,G,,25:36,3.0,7.0,0.429,2.0,3.0,0.667,0.0,0.0,0.0,0.0,0.0,0.0,2.0,1.0,0.0,1.0,1.0,8.0,-13.0
0020200992,1610612760,SEA,Seattle,1744,Jerome James,Jerome,F,,24:34,3.0,6.0,0.5,0.0,0.0,0.0,2.0,2.0,1.0,2.0,4.0,6.0,1.0,0.0,2.0,3.0,6.0,8.0,20.0
0020200992,1610612760,SEA,Seattle,1563,Kevin Ollie,Kevin,G,,35:46,5.0,7.0,0.714,0.0,0.0,0.0,4.0,5.0,0.8,1.0,5.0,6.0,6.0,1.0,0.0,2.0,4.0,14.0,22.0
0020200992,1610612760,SEA,Seattle,2209,Vladimir Radmanovic,Vladimir,F,,33:27,7.0,15.0,0.467,2.0,6.0,0.333,1.0,1.0,1.0,1.0,2.0,3.0,3.0,3.0,0.0,1.0,2.0,17.0,9.0
0020200992,1610612760,SEA,Seattle,922,Elden Campbell,Elden,F,,12:41,1.0,4.0,0.25,0.0,0.0,0.0,1.0,2.0,0.5,1.0,1.0,2.0,0.0,1.0,0.0,0.0,2.0,3.0,3.0
0020200992,1610612760,SEA,Seattle,1335,,,, ,,,,,,,,,,,,,,,,,,,,
0020200992,1610612760,SEA,Seattle,1338,,,, ,,,,,,,,,,,,,,,,,,,,
0020200992,1610612760,SEA,Seattle,1349,,,, ,,,,,,,,,,,,,,,,,,,,
0020200992,1610612760,SEA,Seattle,2350,,,, ,,,,,,,,,,,,,,,,,,,,
0020200992,1610612760,SEA,Seattle,1778,,,, ,,,,,,,,,,,,,,,,,,,,
0020200992,1610612760,SEA,Seattle,1916,Calvin Booth,Calvin,,DNP - Coach's Decision,,,,,,,,,,,,,,,,,,,,
0020200992,1610612760,SEA,Seattle,2218,Joseph Forte,Joseph,,DNP - Coach's Decision,,,,,,,,,,,,,,,,,,,,
0020200992,1610612760,SEA,Seattle,958,Vitaly Potapenko,Vitaly,,DNP - Coach's Decision,,,,,,,,,,,,,,,,,,,,
0020200987,1610612765,DET,Detroit,688,Michael Curry,Michael,F,,21:39,3.0,3.0,1.0,1.0,1.0,1.0,0.0,0.0,0.0,0.0,1.0,1.0,2.0,1.0,0.0,0.0,1.0,7.0,-12.0
0020200987,1610612765,DET,Detroit,1112,Ben Wallace,Ben,F,,41:10,4.0,9.0,0.444,0.0,0.0,0.0,1.0,3.0,0.333,7.0,11.0,18.0,2.0,2.0,3.0,1.0,2.0,9.0,-4.0
0020200987,1610612765,DET,Detroit,361,Clifford Robinson,Clifford,C,,36:45,4.0,12.0,0.333,0.0,1.0,0.0,2.0,2.0,1.0,1.0,3.0,4.0,5.0,1.0,0.0,5.0,4.0,10.0,-1.0
0020200987,1610612765,DET,Detroit,1497,Chauncey Billups,Chauncey,G,,39:00,2.0,12.0,0.167,1.0,7.0,0.143,5.0,6.0,0.833,0.0,5.0,5.0,3.0,1.0,0.0,5.0,0.0,10.0,5.0
0020200987,1610612765,DET,Detroit,1888,Richard Hamilton,Richard,G,,34:08,10.0,19.0,0.526,0.0,1.0,0.0,7.0,7.0,1.0,1.0,4.0,5.0,2.0,4.0,0.0,5.0,4.0,27.0,-3.0
0020200987,1610612765,DET,Detroit,722,Corliss Williamson,Corliss,F,,25:59,4.0,6.0,0.667,0.0,0.0,0.0,6.0,7.0,0.857,3.0,2.0,5.0,0.0,0.0,0.0,0.0,3.0,14.0,9.0
0020200987,1610612765,DET,Detroit,2246,Mehmet Okur,Mehmet,C,,17:47,2.0,7.0,0.286,0.0,2.0,0.0,0.0,0.0,0.0,0.0,3.0,3.0,2.0,0.0,0.0,1.0,5.0,4.0,-6.0
0020200987,1610612765,DET,Detroit,468,Jon Barry,Jon,G,,14:33,2.0,4.0,0.5,0.0,2.0,0.0,1.0,1.0,1.0,1.0,1.0,2.0,3.0,0.0,0.0,0.0,0.0,5.0,1.0
0020200987,1610612765,DET,Detroit,93,Hubert Davis,Hubert,G,,8:60,2.0,4.0,0.5,1.0,2.0,0.5,2.0,2.0,1.0,0.0,0.0,0.0,0.0,0.0,0.0,1.0,0.0,7.0,-9.0
0020200987,1610612765,DET,Detroit,1247,,,, ,,,,,,,,,,,,,,,,,,,,
0020200987,1610612765,DET,Detroit,2167,,,, ,,,,,,,,,,,,,,,,,,,,
0020200987,1610612765,DET,Detroit,1311,,,, ,,,,,,,,,,,,,,,,,,,,
0020200987,1610612765,DET,Detroit,1320,,,, ,,,,,,,,,,,,,,,,,,,,
0020200987,1610612765,DET,Detroit,1655,,,, ,,,,,,,,,,,,,,,,,,,,
0020200987,1610612765,DET,Detroit,1088,Chucky Atkins,Chucky,,DND - Left Knee Bone Bruise,,,,,,,,,,,,,,,,,,,,
0020200987,1610612765,DET,Detroit,330,Danny Manning,Danny,,DNP - Coach's Decision,,,,,,,,,,,,,,,,,,,,
0020200987,1610612765,DET,Detroit,2419,Tayshaun Prince,Tayshaun,,DNP - Coach's Decision,,,,,,,,,,,,,,,,,,,,
0020200987,1610612752,NYK,New York,970,Othella Harrington,Othella,F,,33:44,4.0,11.0,0.364,0.0,0.0,0.0,6.0,7.0,0.857,2.0,5.0,7.0,1.0,0.0,0.0,2.0,3.0,14.0,10.0
0020200987,1610612752,NYK,New York,84,Latrell Sprewell,Latrell,G,,42:58,8.0,16.0,0.5,3.0,4.0,0.75,3.0,4.0,0.75,1.0,8.0,9.0,5.0,3.0,0.0,2.0,2.0,22.0,9.0
0020200987,1610612752,NYK,New York,703,Kurt Thomas,Kurt,C,,26:24,4.0,9.0,0.444,0.0,0.0,0.0,1.0,2.0,0.5,1.0,3.0,4.0,2.0,0.0,0.0,4.0,6.0,9.0,2.0
0020200987,1610612752,NYK,New York,458,Howard Eisley,Howard,G,,27:12,4.0,9.0,0.444,2.0,5.0,0.4,0.0,0.0,0.0,1.0,0.0,1.0,7.0,6.0,0.0,1.0,3.0,10.0,3.0
0020200987,1610612752,NYK,New York,275,Allan Houston,Allan,G,,44:58,7.0,14.0,0.5,1.0,2.0,0.5,4.0,4.0,1.0,0.0,3.0,3.0,0.0,2.0,0.0,3.0,1.0,19.0,3.0
0020200987,1610612752,NYK,New York,1720,Michael Doleac,Michael,C,,8:34,2.0,2.0,1.0,0.0,0.0,0.0,0.0,0.0,0.0,0.0,3.0,3.0,0.0,0.0,0.0,1.0,1.0,4.0,-6.0
0020200987,1610612752,NYK,New York,1000,Shandon Anderson,Shandon,F,,8:33,0.0,0.0,0.0,0.0,0.0,0.0,0.0,0.0,0.0,0.0,0.0,0.0,1.0,0.0,0.0,0.0,2.0,0.0,-5.0
0020200987,1610612752,NYK,New York,221,Clar. Weatherspoon,Clar.,F,,26:49,5.0,8.0,0.625,0.0,0.0,0.0,1.0,1.0,1.0,2.0,4.0,6.0,0.0,0.0,0.0,2.0,5.0,11.0,3.0
0020200987,1610612752,NYK,New York,369,Charlie Ward,Charlie,G,,20:48,3.0,6.0,0.5,1.0,3.0,0.333,1.0,2.0,0.5,0.0,3.0,3.0,6.0,0.0,0.0,1.0,2.0,8.0,1.0
0020200987,1610612752,NYK,New York,1298,,,, ,,,,,,,,,,,,,,,,,,,,
0020200987,1610612752,NYK,New York,1301,,,, ,,,,,,,,,,,,,,,,,,,,
0020200987,1610612752,NYK,New York,1302,,,, ,,,,,,,,,,,,,,,,,,,,
0020200987,1610612752,NYK,New York,1790,,,, ,,,,,,,,,,,,,,,,,,,,
0020200987,1610612752,NYK,New York,1791,,,, ,,,,,,,,,,,,,,,,,,,,
0020200987,1610612752,NYK,New York,2168,,,, ,,,,,,,,,,,,,,,,,,,,
0020200987,1610612752,NYK,New York,2518,,,, ,,,,,,,,,,,,,,,,,,,,
0020200987,1610612752,NYK,New York,2519,,,, ,,,,,,,,,,,,,,,,,,,,
0020200987,1610612752,NYK,New York,969,Travis Knight,Travis,,DNP - Coach's Decision,,,,,,,,,,,,,,,,,,,,
0020200987,1610612752,NYK,New York,1924,Lee Nailon,Lee,,DNP - Coach's Decision,,,,,,,,,,,,,,,,,,,,
0020200987,1610612752,NYK,New York,2421,Frank Williams,Frank,,DNP - Coach's Decision,,,,,,,,,,,,,,,,,,,,
0020200990,1610612750,MIN,Minnesota,324,Anthony Peeler,Anthony,F,,44:22,9.0,14.0,0.643,2.0,4.0,0.5,3.0,3.0,1.0,2.0,2.0,4.0,7.0,4.0,0.0,2.0,2.0,23.0,6.0
0020200990,1610612750,MIN,Minnesota,708,Kevin Garnett,Kevin,G,,49:51,12.0,21.0,0.571,0.0,3.0,0.0,0.0,0.0,0.0,8.0,10.0,18.0,8.0,1.0,5.0,5.0,5.0,24.0,9.0
0020200990,1610612750,MIN,Minnesota,693,Joe Smith,Joe,G,,26:53,4.0,9.0,0.444,0.0,0.0,0.0,0.0,0.0,0.0,1.0,5.0,6.0,0.0,1.0,1.0,1.0,3.0,8.0,12.0
0020200990,1610612750,MIN,Minnesota,1607,Troy Hudson,Troy,G,,40:36,5.0,15.0,0.333,1.0,3.0,0.333,4.0,5.0,0.8,1.0,3.0,4.0,5.0,1.0,0.0,4.0,3.0,15.0,7.0
0020200990,1610612750,MIN,Minnesota,1887,Wally Szczerbiak,Wally,G,,47:12,7.0,14.0,0.5,0.0,2.0,0.0,0.0,2.0,0.0,0.0,7.0,7.0,4.0,2.0,1.0,3.0,4.0,14.0,11.0
0020200990,1610612750,MIN,Minnesota,1531,Marc Jackson,Marc,G,,21:22,2.0,5.0,0.4,0.0,0.0,0.0,5.0,8.0,0.625,3.0,3.0,6.0,0.0,0.0,0.0,0.0,2.0,9.0,0.0
0020200990,1610612750,MIN,Minnesota,383,Kendall Gill,Kendall,G,,15:01,2.0,4.0,0.5,0.0,0.0,0.0,0.0,0.0,0.0,0.0,2.0,2.0,1.0,2.0,0.0,0.0,0.0,4.0,-3.0
0020200990,1610612750,MIN,Minnesota,2366,Mike Wilks,Mike,G,,12:24,0.0,2.0,0.0,0.0,1.0,0.0,2.0,2.0,1.0,0.0,1.0,1.0,0.0,2.0,0.0,0.0,3.0,2.0,0.0
0020200990,1610612750,MIN,Minnesota,718,Gary Trent,Gary,,,5:27,0.0,2.0,0.0,0.0,0.0,0.0,0.0,0.0,0.0,0.0,0.0,0.0,1.0,0.0,0.0,0.0,1.0,0.0,-4.0
0020200990,1610612750,MIN,Minnesota,2254,Loren Woods,Loren,,,1:52,1.0,2.0,0.5,0.0,1.0,0.0,0.0,0.0,0.0,0.0,1.0,1.0,0.0,0.0,0.0,0.0,0.0,2.0,-3.0
0020200990,1610612750,MIN,Minnesota,847,,,, ,,,,,,,,,,,,,,,,,,,,
0020200990,1610612750,MIN,Minnesota,1289,,,, ,,,,,,,,,,,,,,,,,,,,
0020200990,1610612750,MIN,Minnesota,1290,,,, ,,,,,,,,,,,,,,,,,,,,
0020200990,1610612750,MIN,Minnesota,1291,,,, ,,,,,,,,,,,,,,,,,,,,
0020200990,1610612750,MIN,Minnesota,2146,,,, ,,,,,,,,,,,,,,,,,,,,
0020200990,1610612750,MIN,Minnesota,2159,,,, ,,,,,,,,,,,,,,,,,,,,
0020200990,1610612750,MIN,Minnesota,1725,Rasho Nesterovic,Rasho,,NWT-sprained right ankle,,,,,,,,,,,,,,,,,,,,
0020200990,1610612750,MIN,Minnesota,393,Rod Strickland,Rod,,DNP - Coach's Decision,,,,,,,,,,,,,,,,,,,,
0020200990,1610612759,SAS,San Antonio,1495,Tim Duncan,Tim,G,,49:20,12.0,21.0,0.571,0.0,0.0,0.0,5.0,6.0,0.833,2.0,10.0,12.0,2.0,1.0,3.0,4.0,0.0,29.0,-7.0
0020200990,1610612759,SAS,San Antonio,1477,Bruce Bowen,Bruce,G,,29:50,2.0,6.0,0.333,1.0,5.0,0.2,0.0,0.0,0.0,0.0,2.0,2.0,3.0,2.0,1.0,0.0,5.0,5.0,6.0
0020200990,1610612759,SAS,San Antonio,764,David Robinson,David,C,,23:04,1.0,5.0,0.2,0.0,0.0,0.0,0.0,2.0,0.0,5.0,5.0,10.0,1.0,0.0,2.0,1.0,2.0,2.0,4.0
0020200990,1610612759,SAS,San Antonio,2225,Tony Parker,Tony,G,,43:19,7.0,18.0,0.389,3.0,8.0,0.375,0.0,0.0,0.0,1.0,1.0,2.0,7.0,1.0,0.0,3.0,2.0,17.0,-8.0
0020200990,1610612759,SAS,San Antonio,1536,Stephen Jackson,Stephen,G,,39:38,5.0,15.0,0.333,2.0,9.0,0.222,3.0,3.0,1.0,2.0,6.0,8.0,2.0,3.0,0.0,5.0,1.0,15.0,-9.0
0020200990,1610612759,SAS,San Antonio,990,Malik Rose,Malik,G,,28:51,2.0,5.0,0.4,0.0,0.0,0.0,2.0,4.0,0.5,2.0,3.0,5.0,0.0,0.0,1.0,0.0,2.0,6.0,-9.0
0020200990,1610612759,SAS,San Antonio,1938,Manu Ginobili,Manu,G,,36:32,5.0,14.0,0.357,0.0,7.0,0.0,5.0,5.0,1.0,0.0,1.0,1.0,1.0,2.0,0.0,1.0,3.0,15.0,-11.0
0020200990,1610612759,SAS,San Antonio,70,Steve Kerr,Steve,F,,3:48,1.0,1.0,1.0,1.0,1.0,1.0,0.0,0.0,0.0,0.0,0.0,0.0,0.0,0.0,0.0,2.0,1.0,3.0,1.0
0020200990,1610612759,SAS,San Antonio,788,Kevin Willis,Kevin,,,4:10,0.0,0.0,0.0,0.0,0.0,0.0,2.0,2.0,1.0,0.0,1.0,1.0,0.0,0.0,0.0,0.0,0.0,2.0,-2.0
0020200990,1610612759,SAS,San Antonio,2049,Speedy Claxton,Speedy,F,,5:51,0.0,0.0,0.0,0.0,0.0,0.0,0.0,0.0,0.0,0.0,0.0,0.0,0.0,0.0,0.0,0.0,1.0,0.0,-3.0
0020200990,1610612759,SAS,San Antonio,198,Danny Ferry,Danny,,,0:37,0.0,0.0,0.0,0.0,0.0,0.0,0.0,0.0,0.0,0.0,0.0,0.0,1.0,0.0,0.0,0.0,1.0,0.0,3.0
0020200990,1610612759,SAS,San Antonio,1319,,,, ,,,,,,,,,,,,,,,,,,,,
0020200990,1610612759,SAS,San Antonio,1371,,,, ,,,,,,,,,,,,,,,,,,,,
0020200990,1610612759,SAS,San Antonio,1264,,,, ,,,,,,,,,,,,,,,,,,,,
0020200990,1610612759,SAS,San Antonio,873,,,, ,,,,,,,,,,,,,,,,,,,,
0020200990,1610612759,SAS,San Antonio,1658,,,, ,,,,,,,,,,,,,,,,,,,,
0020200990,1610612759,SAS,San Antonio,2381,,,, ,,,,,,,,,,,,,,,,,,,,
0020200990,1610612759,SAS,San Antonio,120,Steven Smith,Steven,,DNP - Coach's Decision,,,,,,,,,,,,,,,,,,,,
0020200988,1610612761,TOR,Toronto,966,Jerome Williams,Jerome,F,,18:47,3.0,5.0,0.6,0.0,0.0,0.0,1.0,3.0,0.333,3.0,6.0,9.0,0.0,2.0,0.0,3.0,2.0,7.0,-5.0
0020200988,1610612761,TOR,Toronto,2423,Chris Jefferies,Chris,F,,16:41,3.0,6.0,0.5,2.0,2.0,1.0,0.0,0.0,0.0,0.0,0.0,0.0,0.0,1.0,1.0,3.0,2.0,8.0,6.0
0020200988,1610612761,TOR,Toronto,2055,Mamadou N'diaye,Mamadou,G,,26:35,4.0,6.0,0.667,0.0,0.0,0.0,0.0,2.0,0.0,1.0,6.0,7.0,0.0,1.0,0.0,1.0,3.0,8.0,-3.0
0020200988,1610612761,TOR,Toronto,1541,Alvin Williams,Alvin,G,,35:24,5.0,9.0,0.556,1.0,3.0,0.333,4.0,4.0,1.0,0.0,2.0,2.0,7.0,1.0,0.0,1.0,2.0,15.0,3.0
0020200988,1610612761,TOR,Toronto,1713,Vince Carter,Vince,G,,34:38,13.0,23.0,0.565,0.0,2.0,0.0,4.0,6.0,0.667,2.0,4.0,6.0,2.0,1.0,1.0,2.0,1.0,30.0,2.0
0020200988,1610612761,TOR,Toronto,2050,Morris Peterson,Morris,G,,27:54,3.0,9.0,0.333,0.0,1.0,0.0,0.0,0.0,0.0,1.0,1.0,2.0,1.0,1.0,0.0,3.0,3.0,6.0,-13.0
0020200988,1610612761,TOR,Toronto,2214,Michael Bradley,Michael,C,,29:13,4.0,5.0,0.8,0.0,0.0,0.0,0.0,3.0,0.0,3.0,3.0,6.0,1.0,0.0,0.0,1.0,0.0,8.0,-4.0
0020200988,1610612761,TOR,Toronto,1747,Rafer Alston,Rafer,G,,12:36,0.0,4.0,0.0,0.0,0.0,0.0,0.0,0.0,0.0,0.0,1.0,1.0,4.0,0.0,0.0,0.0,0.0,0.0,-12.0
0020200988,1610612761,TOR,Toronto,702,Voshon Lenard,Voshon,F,,17:09,3.0,10.0,0.3,0.0,2.0,0.0,0.0,0.0,0.0,0.0,1.0,1.0,1.0,0.0,0.0,2.0,2.0,6.0,-14.0
0020200988,1610612761,TOR,Toronto,1741,Jelani McCoy,Jelani,G,,21:04,4.0,5.0,0.8,0.0,0.0,0.0,2.0,2.0,1.0,1.0,3.0,4.0,1.0,0.0,1.0,2.0,1.0,10.0,-5.0
0020200988,1610612761,TOR,Toronto,2472,,,, ,,,,,,,,,,,,,,,,,,,,
0020200988,1610612761,TOR,Toronto,2395,,,, ,,,,,,,,,,,,,,,,,,,,
0020200988,1610612761,TOR,Toronto,2162,,,, ,,,,,,,,,,,,,,,,,,,,
0020200988,1610612761,TOR,Toronto,1344,,,, ,,,,,,,,,,,,,,,,,,,,
0020200988,1610612761,TOR,Toronto,1205,,,, ,,,,,,,,,,,,,,,,,,,,
0020200988,1610612761,TOR,Toronto,1206,,,, ,,,,,,,,,,,,,,,,,,,,
0020200988,1610612761,TOR,Toronto,1766,Maceo Baston,Maceo,,NWT - Personal Reasons,,,,,,,,,,,,,,,,,,,,
0020200988,1610612761,TOR,Toronto,213,Antonio Davis,Antonio,,DND - Bruised Right Knee,,,,,,,,,,,,,,,,,,,,
0020200988,1610612761,TOR,Toronto,283,Lindsey Hunter,Lindsey,,NWT - Sore back,,,,,,,,,,,,,,,,,,,,
0020200988,1610612748,MIA,Miami,2406,Caron Butler,Caron,G,,33:31,8.0,15.0,0.533,1.0,2.0,0.5,5.0,6.0,0.833,0.0,3.0,3.0,3.0,2.0,0.0,2.0,5.0,22.0,-5.0
0020200988,1610612748,MIA,Miami,258,Brian Grant,Brian,F,,24:15,5.0,8.0,0.625,0.0,0.0,0.0,2.0,2.0,1.0,2.0,8.0,10.0,2.0,0.0,0.0,1.0,4.0,12.0,6.0
0020200988,1610612748,MIA,Miami,1735,Vladimir Stepania,Vladimir,G,,23:35,1.0,4.0,0.25,0.0,0.0,0.0,0.0,2.0,0.0,2.0,7.0,9.0,1.0,0.0,0.0,1.0,4.0,2.0,8.0
0020200988,1610612748,MIA,Miami,1853,Anthony Carter,Anthony,G,,26:07,0.0,3.0,0.0,0.0,0.0,0.0,0.0,0.0,0.0,0.0,3.0,3.0,6.0,0.0,0.0,3.0,3.0,0.0,-1.0
0020200988,1610612748,MIA,Miami,2446,Rasual Butler,Rasual,G,,31:12,7.0,13.0,0.538,4.0,8.0,0.5,0.0,0.0,0.0,0.0,2.0,2.0,2.0,2.0,1.0,2.0,1.0,18.0,9.0
0020200988,1610612748,MIA,Miami,2124,Malik Allen,Malik,F,,25:47,9.0,15.0,0.6,0.0,0.0,0.0,0.0,0.0,0.0,1.0,1.0,2.0,0.0,1.0,1.0,0.0,0.0,18.0,4.0
0020200988,1610612748,MIA,Miami,2229,Mike James,Mike,G,,11:22,2.0,2.0,1.0,1.0,1.0,1.0,1.0,2.0,0.5,0.0,1.0,1.0,2.0,1.0,0.0,1.0,0.0,6.0,7.0
0020200988,1610612748,MIA,Miami,2253,Sean Lampley,Sean,F,,19:55,4.0,7.0,0.571,0.0,1.0,0.0,3.0,4.0,0.75,0.0,2.0,2.0,2.0,0.0,0.0,1.0,3.0,11.0,7.0
0020200988,1610612748,MIA,Miami,696,Travis Best,Travis,G,,22:14,3.0,6.0,0.5,0.0,1.0,0.0,3.0,3.0,1.0,0.0,2.0,2.0,8.0,2.0,0.0,2.0,1.0,9.0,11.0
0020200988,1610612748,MIA,Miami,2256,Ken Johnson,Ken,F,,15:15,2.0,3.0,0.667,0.0,0.0,0.0,0.0,0.0,0.0,0.0,1.0,1.0,0.0,0.0,1.0,0.0,1.0,4.0,-6.0
0020200988,1610612748,MIA,Miami,111,LaPhonso Ellis,LaPhonso,,,6:47,2.0,4.0,0.5,0.0,0.0,0.0,1.0,2.0,0.5,0.0,1.0,1.0,0.0,0.0,0.0,0.0,0.0,5.0,5.0
0020200988,1610612748,MIA,Miami,2388,,,, ,,,,,,,,,,,,,,,,,,,,
0020200988,1610612748,MIA,Miami,1877,,,, ,,,,,,,,,,,,,,,,,,,,
0020200988,1610612748,MIA,Miami,1787,,,, ,,,,,,,,,,,,,,,,,,,,
0020200988,1610612748,MIA,Miami,836,,,, ,,,,,,,,,,,,,,,,,,,,
0020200988,1610612748,MIA,Miami,1276,,,, ,,,,,,,,,,,,,,,,,,,,
0020200988,1610612748,MIA,Miami,1277,,,, ,,,,,,,,,,,,,,,,,,,,
0020200988,1610612748,MIA,Miami,1280,,,, ,,,,,,,,,,,,,,,,,,,,
0020200988,1610612748,MIA,Miami,1281,,,, ,,,,,,,,,,,,,,,,,,,,
0020200988,1610612748,MIA,Miami,2067,Eddie House,Eddie,,DNP - Coach's Decision,,,,,,,,,,,,,,,,,,,,
0020200986,1610612763,MEM,Memphis,2034,Mike Miller,Mike,F,,28:12,5.0,8.0,0.625,4.0,6.0,0.667,1.0,2.0,0.5,0.0,5.0,5.0,1.0,1.0,0.0,3.0,5.0,15.0,9.0
0020200986,1610612763,MEM,Memphis,2031,Stromile Swift,Stromile,F,,30:47,3.0,9.0,0.333,0.0,0.0,0.0,2.0,4.0,0.5,2.0,7.0,9.0,1.0,1.0,3.0,4.0,4.0,8.0,4.0
0020200986,1610612763,MEM,Memphis,2200,Pau Gasol,Pau,C,,30:13,5.0,8.0,0.625,0.0,0.0,0.0,3.0,4.0,0.75,0.0,7.0,7.0,2.0,0.0,0.0,8.0,5.0,13.0,13.0
0020200986,1610612763,MEM,Memphis,445,Wesley Person,Wesley,G,,33:01,6.0,12.0,0.5,2.0,5.0,0.4,1.0,2.0,0.5,0.0,6.0,6.0,5.0,0.0,0.0,0.0,1.0,15.0,5.0
0020200986,1610612763,MEM,Memphis,1715,Jason Williams,Jason,G,,33:01,3.0,13.0,0.231,3.0,9.0,0.333,1.0,1.0,1.0,0.0,5.0,5.0,15.0,2.0,0.0,0.0,2.0,10.0,5.0
0020200986,1610612763,MEM,Memphis,2203,Shane Battier,Shane,G,,19:48,1.0,2.0,0.5,1.0,1.0,1.0,0.0,0.0,0.0,0.0,3.0,3.0,0.0,0.0,0.0,1.0,2.0,3.0,-18.0
0020200986,1610612763,MEM,Memphis,953,Lorenzen Wright,Lorenzen,G,,24:45,6.0,10.0,0.6,0.0,0.0,0.0,3.0,5.0,0.6,2.0,2.0,4.0,1.0,1.0,0.0,1.0,3.0,15.0,-22.0
0020200986,1610612763,MEM,Memphis,1510,Brevin Knight,Brevin,G,,14:59,1.0,2.0,0.5,0.0,0.0,0.0,0.0,0.0,0.0,0.0,0.0,0.0,4.0,1.0,0.0,2.0,1.0,2.0,-14.0
0020200986,1610612763,MEM,Memphis,2248,Earl Watson,Earl,F,,14:59,4.0,8.0,0.5,0.0,1.0,0.0,1.0,1.0,1.0,2.0,1.0,3.0,1.0,1.0,0.0,0.0,2.0,9.0,-14.0
0020200986,1610612763,MEM,Memphis,2471,Mike Batiste,Mike,F,,10:15,0.0,2.0,0.0,0.0,0.0,0.0,2.0,2.0,1.0,0.0,1.0,1.0,0.0,0.0,0.0,0.0,2.0,2.0,-13.0
0020200986,1610612763,MEM,Memphis,2353,,,, ,,,,,,,,,,,,,,,,,,,,
0020200986,1610612763,MEM,Memphis,2536,,,, ,,,,,,,,,,,,,,,,,,,,
0020200986,1610612763,MEM,Memphis,2163,,,, ,,,,,,,,,,,,,,,,,,,,
0020200986,1610612763,MEM,Memphis,1994,,,, ,,,,,,,,,,,,,,,,,,,,
0020200986,1610612763,MEM,Memphis,1353,,,, ,,,,,,,,,,,,,,,,,,,,
0020200986,1610612763,MEM,Memphis,1356,,,, ,,,,,,,,,,,,,,,,,,,,
0020200986,1610612763,MEM,Memphis,2425,Robert Archibald,Robert,,DNP - Coach's Decision,,,,,,,,,,,,,,,,,,,,
0020200986,1610612763,MEM,Memphis,2415,Ryan Humphrey,Ryan,,DNP - Coach's Decision,,,,,,,,,,,,,,,,,,,,
0020200986,1610612754,IND,Indiana,1886,Jonathan Bender,Jonathan,F,,8:04,1.0,4.0,0.25,0.0,1.0,0.0,0.0,0.0,0.0,0.0,0.0,0.0,0.0,0.0,1.0,0.0,2.0,2.0,-13.0
0020200986,1610612754,IND,Indiana,1733,Al Harrington,Al,F,,27:57,3.0,11.0,0.273,0.0,1.0,0.0,0.0,1.0,0.0,3.0,6.0,9.0,3.0,1.0,1.0,3.0,3.0,6.0,7.0
0020200986,1610612754,IND,Indiana,979,Jermaine O'Neal,Jermaine,G,,43:43,16.0,27.0,0.593,0.0,0.0,0.0,6.0,8.0,0.75,5.0,13.0,18.0,2.0,3.0,3.0,2.0,3.0,38.0,6.0
0020200986,1610612754,IND,Indiana,397,Reggie Miller,Reggie,G,,37:22,5.0,12.0,0.417,1.0,4.0,0.25,3.0,3.0,1.0,0.0,2.0,2.0,4.0,1.0,0.0,0.0,2.0,14.0,0.0
0020200986,1610612754,IND,Indiana,2224,Jamaal Tinsley,Jamaal,G,,37:35,2.0,9.0,0.222,0.0,2.0,0.0,4.0,4.0,1.0,1.0,3.0,4.0,10.0,2.0,1.0,4.0,3.0,8.0,5.0
0020200986,1610612754,IND,Indiana,1902,Jeff Foster,Jeff,G,,17:15,4.0,5.0,0.8,0.0,0.0,0.0,1.0,1.0,1.0,3.0,1.0,4.0,1.0,0.0,0.0,0.0,2.0,9.0,-5.0
0020200986,1610612754,IND,Indiana,1500,Ron Mercer,Ron,C,,17:47,1.0,5.0,0.2,0.0,0.0,0.0,0.0,0.0,0.0,0.0,1.0,1.0,2.0,0.0,0.0,1.0,0.0,2.0,-4.0
0020200986,1610612754,IND,Indiana,1065,Erick Strickland,Erick,F,,29:30,3.0,7.0,0.429,1.0,3.0,0.333,4.0,4.0,1.0,0.0,3.0,3.0,8.0,0.0,0.0,1.0,2.0,11.0,32.0
0020200986,1610612754,IND,Indiana,1506,Austin Croshere,Austin,G,,20:45,3.0,7.0,0.429,1.0,1.0,1.0,4.0,4.0,1.0,0.0,3.0,3.0,2.0,1.0,0.0,0.0,3.0,11.0,17.0
0020200986,1610612754,IND,Indiana,2056,Primoz Brezec,Primoz,,,0:02,0.0,0.0,0.0,0.0,0.0,0.0,0.0,0.0,0.0,0.0,0.0,0.0,0.0,0.0,0.0,0.0,0.0,0.0,0.0
0020200986,1610612754,IND,Indiana,2099,,,, ,,,,,,,,,,,,,,,,,,,,
0020200986,1610612754,IND,Indiana,2100,,,, ,,,,,,,,,,,,,,,,,,,,
0020200986,1610612754,IND,Indiana,2165,,,, ,,,,,,,,,,,,,,,,,,,,
0020200986,1610612754,IND,Indiana,1263,,,, ,,,,,,,,,,,,,,,,,,,,
0020200986,1610612754,IND,Indiana,1299,,,, ,,,,,,,,,,,,,,,,,,,,
0020200986,1610612754,IND,Indiana,2514,,,, ,,,,,,,,,,,,,,,,,,,,
0020200986,1610612754,IND,Indiana,2515,,,, ,,,,,,,,,,,,,,,,,,,,
0020200986,1610612754,IND,Indiana,1857,,,, ,,,,,,,,,,,,,,,,,,,,
0020200986,1610612754,IND,Indiana,1802,Brad Miller,Brad,,DND - Sore Lt. Foot,,,,,,,,,,,,,,,,,,,,
0020200986,1610612754,IND,Indiana,1897,Metta World Peace,Metta,,DND - Suspended,,,,,,,,,,,,,,,,,,,,
0020200993,1610612738,BOS,Boston,677,Eric Williams,Eric,G,,29:18,3.0,6.0,0.5,0.0,1.0,0.0,6.0,8.0,0.75,1.0,2.0,3.0,3.0,1.0,0.0,1.0,2.0,12.0,3.0
0020200993,1610612738,BOS,Boston,952,Antoine Walker,Antoine,F,,42:06,8.0,20.0,0.4,4.0,9.0,0.444,5.0,6.0,0.833,0.0,3.0,3.0,6.0,1.0,0.0,5.0,2.0,25.0,-6.0
0020200993,1610612738,BOS,Boston,1499,Tony Battie,Tony,C,,16:12,0.0,1.0,0.0,0.0,0.0,0.0,0.0,0.0,0.0,2.0,1.0,3.0,2.0,0.0,0.0,0.0,3.0,0.0,-4.0
0020200993,1610612738,BOS,Boston,1718,Paul Pierce,Paul,G,,31:33,7.0,18.0,0.389,1.0,5.0,0.2,6.0,8.0,0.75,0.0,5.0,5.0,0.0,0.0,0.0,3.0,5.0,21.0,-14.0
0020200993,1610612738,BOS,Boston,2452,J.R. Bremer,J.R.,G,,40:33,7.0,17.0,0.412,4.0,12.0,0.333,5.0,6.0,0.833,0.0,5.0,5.0,4.0,0.0,0.0,3.0,2.0,23.0,-8.0
0020200993,1610612738,BOS,Boston,2208,Kedrick Brown,Kedrick,F,,18:27,0.0,1.0,0.0,0.0,1.0,0.0,0.0,0.0,0.0,0.0,2.0,2.0,0.0,1.0,0.0,0.0,2.0,0.0,-7.0
0020200993,1610612738,BOS,Boston,962,Walter McCarty,Walter,F,,12:39,1.0,2.0,0.5,0.0,0.0,0.0,0.0,0.0,0.0,0.0,2.0,2.0,0.0,1.0,0.0,0.0,2.0,2.0,6.0
0020200993,1610612738,BOS,Boston,1548,Mark Blount,Mark,G,,31:48,3.0,4.0,0.75,0.0,0.0,0.0,0.0,0.0,0.0,3.0,5.0,8.0,2.0,2.0,0.0,1.0,4.0,6.0,-4.0
0020200993,1610612738,BOS,Boston,902,Bimbo Coles,Bimbo,F,,7:27,1.0,2.0,0.5,0.0,0.0,0.0,0.0,0.0,0.0,0.0,0.0,0.0,0.0,0.0,0.0,0.0,1.0,2.0,0.0
0020200993,1610612738,BOS,Boston,3,Grant Long,Grant,G,,9:57,2.0,3.0,0.667,0.0,0.0,0.0,1.0,1.0,1.0,0.0,0.0,0.0,0.0,0.0,0.0,0.0,2.0,5.0,-6.0
0020200993,1610612738,BOS,Boston,1213,,,, ,,,,,,,,,,,,,,,,,,,,
0020200993,1610612738,BOS,Boston,1321,,,, ,,,,,,,,,,,,,,,,,,,,
0020200993,1610612738,BOS,Boston,1639,,,, ,,,,,,,,,,,,,,,,,,,,
0020200993,1610612738,BOS,Boston,1641,,,, ,,,,,,,,,,,,,,,,,,,,
0020200993,1610612738,BOS,Boston,2345,,,, ,,,,,,,,,,,,,,,,,,,,
0020200993,1610612738,BOS,Boston,2509,,,, ,,,,,,,,,,,,,,,,,,,,
0020200993,1610612738,BOS,Boston,1875,,,, ,,,,,,,,,,,,,,,,,,,,
0020200993,1610612738,BOS,Boston,95,Mark Bryant,Mark,,DNP - Coach's Decision,,,,,,,,,,,,,,,,,,,,
0020200993,1610612738,BOS,Boston,960,Tony Delk,Tony,,DND - sprained left ankle.,,,,,,,,,,,,,,,,,,,,
0020200993,1610612738,BOS,Boston,1743,Bruno Sundov,Bruno,,DNP - Coach's Decision,,,,,,,,,,,,,,,,,,,,
0020200993,1610612747,LAL,Los Angeles,296,Rick Fox,Rick,F,,32:40,4.0,10.0,0.4,3.0,6.0,0.5,0.0,0.0,0.0,0.0,4.0,4.0,6.0,2.0,0.0,3.0,3.0,11.0,13.0
0020200993,1610612747,LAL,Los Angeles,2058,Mark Madsen,Mark,F,,22:05,2.0,3.0,0.667,0.0,0.0,0.0,0.0,0.0,0.0,1.0,3.0,4.0,1.0,0.0,0.0,0.0,3.0,4.0,16.0
0020200993,1610612747,LAL,Los Angeles,406,Shaquille O'Neal,Shaquille,C,,39:18,19.0,24.0,0.792,0.0,0.0,0.0,10.0,19.0,0.526,6.0,14.0,20.0,1.0,1.0,1.0,3.0,3.0,48.0,11.0
0020200993,1610612747,LAL,Los Angeles,977,Kobe Bryant,Kobe,G,,30:40,5.0,11.0,0.455,0.0,2.0,0.0,3.0,3.0,1.0,0.0,3.0,3.0,7.0,1.0,1.0,2.0,4.0,13.0,5.0
0020200993,1610612747,LAL,Los Angeles,965,Derek Fisher,Derek,G,,26:41,2.0,7.0,0.286,0.0,1.0,0.0,1.0,1.0,1.0,0.0,3.0,3.0,3.0,0.0,0.0,1.0,1.0,5.0,11.0
0020200993,1610612747,LAL,Los Angeles,1904,Devean George,Devean,F,,22:39,2.0,4.0,0.5,0.0,1.0,0.0,1.0,2.0,0.5,1.0,6.0,7.0,6.0,1.0,2.0,2.0,3.0,5.0,4.0
0020200993,1610612747,LAL,Los Angeles,2457,Jannero Pargo,Jannero,G,,16:32,2.0,3.0,0.667,0.0,0.0,0.0,0.0,0.0,0.0,0.0,0.0,0.0,1.0,0.0,1.0,1.0,4.0,4.0,0.0
0020200993,1610612747,LAL,Los Angeles,216,Brian Shaw,Brian,G,,11:59,2.0,3.0,0.667,1.0,2.0,0.5,0.0,0.0,0.0,0.0,1.0,1.0,2.0,0.0,0.0,0.0,0.0,5.0,-8.0
0020200993,1610612747,LAL,Los Angeles,109,Robert Horry,Robert,F,,20:02,1.0,9.0,0.111,1.0,4.0,0.25,0.0,0.0,0.0,3.0,1.0,4.0,4.0,0.0,0.0,1.0,2.0,3.0,-5.0
0020200993,1610612747,LAL,Los Angeles,955,Samaki Walker,Samaki,G,,8:29,0.0,0.0,0.0,0.0,0.0,0.0,1.0,2.0,0.5,0.0,0.0,0.0,0.0,0.0,0.0,0.0,0.0,1.0,-3.0
0020200993,1610612747,LAL,Los Angeles,2416,Kareem Rush,Kareem,,,2:49,0.0,0.0,0.0,0.0,0.0,0.0,0.0,0.0,0.0,0.0,0.0,0.0,0.0,0.0,0.0,1.0,0.0,0.0,-1.0
0020200993,1610612747,LAL,Los Angeles,2098,Slava Medvedenko,Slava,,,6:07,2.0,4.0,0.5,0.0,0.0,0.0,1.0,2.0,0.5,2.0,1.0,3.0,1.0,1.0,0.0,0.0,2.0,5.0,-3.0
0020200993,1610612747,LAL,Los Angeles,1219,,,, ,,,,,,,,,,,,,,,,,,,,
0020200993,1610612747,LAL,Los Angeles,1221,,,, ,,,,,,,,,,,,,,,,,,,,
0020200993,1610612747,LAL,Los Angeles,1223,,,, ,,,,,,,,,,,,,,,,,,,,
0020200993,1610612747,LAL,Los Angeles,1230,,,, ,,,,,,,,,,,,,,,,,,,,
0020200993,1610612747,LAL,Los Angeles,1272,,,, ,,,,,,,,,,,,,,,,,,,,
0020200993,1610612747,LAL,Los Angeles,1273,,,, ,,,,,,,,,,,,,,,,,,,,
0020200989,1610612749,MIL,Milwaukee,2046,Desmond Mason,Desmond,G,,33:56,9.0,17.0,0.529,1.0,1.0,1.0,2.0,3.0,0.667,2.0,2.0,4.0,1.0,0.0,0.0,2.0,3.0,21.0,-9.0
0020200989,1610612749,MIL,Milwaukee,1501,Tim Thomas,Tim,G,,29:45,4.0,9.0,0.444,0.0,1.0,0.0,1.0,1.0,1.0,1.0,2.0,3.0,2.0,0.0,0.0,1.0,2.0,9.0,-4.0
0020200989,1610612749,MIL,Milwaukee,911,Ervin Johnson,Ervin,F,,23:54,1.0,3.0,0.333,0.0,0.0,0.0,2.0,2.0,1.0,2.0,4.0,6.0,1.0,0.0,2.0,1.0,2.0,4.0,-7.0
0020200989,1610612749,MIL,Milwaukee,56,Gary Payton,Gary,G,,32:37,6.0,10.0,0.6,1.0,2.0,0.5,4.0,4.0,1.0,2.0,1.0,3.0,4.0,2.0,0.0,4.0,3.0,17.0,-17.0
0020200989,1610612749,MIL,Milwaukee,208,Sam Cassell,Sam,G,,33:54,5.0,15.0,0.333,0.0,1.0,0.0,3.0,4.0,0.75,2.0,1.0,3.0,8.0,4.0,0.0,1.0,4.0,13.0,1.0
0020200989,1610612749,MIL,Milwaukee,389,Toni Kukoc,Toni,F,,24:55,1.0,4.0,0.25,1.0,3.0,0.333,3.0,4.0,0.75,1.0,3.0,4.0,3.0,4.0,0.0,5.0,0.0,6.0,-10.0
0020200989,1610612749,MIL,Milwaukee,2409,Marcus Haislip,Marcus,F,,20:18,1.0,5.0,0.2,0.0,1.0,0.0,2.0,2.0,1.0,1.0,1.0,2.0,2.0,0.0,0.0,0.0,3.0,4.0,-2.0
0020200989,1610612749,MIL,Milwaukee,2072,Michael Redd,Michael,G,,29:29,8.0,15.0,0.533,3.0,4.0,0.75,5.0,6.0,0.833,0.0,2.0,2.0,0.0,0.0,0.0,2.0,4.0,24.0,-14.0
0020200989,1610612749,MIL,Milwaukee,2429,Dan Gadzuric,Dan,G,,6:52,0.0,1.0,0.0,0.0,0.0,0.0,0.0,0.0,0.0,1.0,2.0,3.0,1.0,0.0,1.0,0.0,1.0,0.0,-4.0
0020200989,1610612749,MIL,Milwaukee,679,Jason Caffey,Jason,,,4:20,0.0,1.0,0.0,0.0,0.0,0.0,0.0,0.0,0.0,0.0,0.0,0.0,0.0,0.0,0.0,0.0,0.0,0.0,-9.0
0020200989,1610612749,MIL,Milwaukee,1796,,,, ,,,,,,,,,,,,,,,,,,,,
0020200989,1610612749,MIL,Milwaukee,1334,,,, ,,,,,,,,,,,,,,,,,,,,
0020200989,1610612749,MIL,Milwaukee,1355,,,, ,,,,,,,,,,,,,,,,,,,,
0020200989,1610612749,MIL,Milwaukee,2157,,,, ,,,,,,,,,,,,,,,,,,,,
0020200989,1610612749,MIL,Milwaukee,2517,,,, ,,,,,,,,,,,,,,,,,,,,
0020200989,1610612749,MIL,Milwaukee,193,Anthony Mason,Anthony,,DND - strained left hip,,,,,,,,,,,,,,,,,,,,
0020200989,1610612749,MIL,Milwaukee,2441,Jamal Sampson,Jamal,,DNP - Coach's Decision,,,,,,,,,,,,,,,,,,,,
0020200989,1610612740,NOH,New Orleans,469,Jamal Mashburn,Jamal,G,,34:52,8.0,19.0,0.421,2.0,6.0,0.333,4.0,4.0,1.0,0.0,3.0,3.0,8.0,3.0,1.0,4.0,2.0,22.0,10.0
0020200989,1610612740,NOH,New Orleans,136,P.J. Brown,P.J.,F,,31:05,5.0,5.0,1.0,0.0,0.0,0.0,4.0,4.0,1.0,2.0,6.0,8.0,5.0,1.0,0.0,2.0,1.0,14.0,12.0
0020200989,1610612740,NOH,New Orleans,2048,Jamaal Magloire,Jamaal,F,,32:16,6.0,10.0,0.6,0.0,0.0,0.0,2.0,2.0,1.0,5.0,5.0,10.0,3.0,0.0,2.0,3.0,3.0,14.0,14.0
0020200989,1610612740,NOH,New Orleans,1884,Baron Davis,Baron,G,,38:36,9.0,18.0,0.5,2.0,4.0,0.5,2.0,7.0,0.286,0.0,6.0,6.0,9.0,3.0,1.0,2.0,0.0,22.0,10.0
0020200989,1610612740,NOH,New Orleans,248,George Lynch,George,G,,26:16,2.0,6.0,0.333,1.0,1.0,1.0,0.0,0.0,0.0,4.0,1.0,5.0,0.0,0.0,0.0,1.0,5.0,5.0,9.0
0020200989,1610612740,NOH,New Orleans,1714,Robert Traylor,Robert,F,,11:01,3.0,3.0,1.0,0.0,0.0,0.0,0.0,0.0,0.0,2.0,3.0,5.0,2.0,1.0,0.0,2.0,1.0,6.0,2.0
0020200989,1610612740,NOH,New Orleans,72,Kenny Anderson,Kenny,F,,20:17,2.0,7.0,0.286,0.0,0.0,0.0,0.0,0.0,0.0,0.0,0.0,0.0,0.0,0.0,0.0,1.0,3.0,4.0,14.0
0020200989,1610612740,NOH,New Orleans,2042,Courtney Alexander,Courtney,G,,22:48,5.0,9.0,0.556,0.0,1.0,0.0,2.0,3.0,0.667,0.0,1.0,1.0,3.0,0.0,0.0,1.0,3.0,12.0,8.0
0020200989,1610612740,NOH,New Orleans,2040,Jerome Moiso,Jerome,G,,16:55,3.0,4.0,0.75,0.0,0.0,0.0,4.0,5.0,0.8,3.0,4.0,7.0,2.0,1.0,1.0,0.0,4.0,10.0,3.0
0020200989,1610612740,NOH,New Orleans,123,Robert Pack,Robert,,,5:54,1.0,3.0,0.333,0.0,0.0,0.0,2.0,2.0,1.0,0.0,0.0,0.0,0.0,1.0,0.0,0.0,1.0,4.0,-7.0
0020200989,1610612740,NOH,New Orleans,1218,,,, ,,,,,,,,,,,,,,,,,,,,
0020200989,1610612740,NOH,New Orleans,1304,,,, ,,,,,,,,,,,,,,,,,,,,
0020200989,1610612740,NOH,New Orleans,1316,,,, ,,,,,,,,,,,,,,,,,,,,
0020200989,1610612740,NOH,New Orleans,2377,,,, ,,,,,,,,,,,,,,,,,,,,
0020200989,1610612740,NOH,New Orleans,2152,,,, ,,,,,,,,,,,,,,,,,,,,
0020200989,1610612740,NOH,New Orleans,278,Stacey Augmon,Stacey,,DNP - Coach's Decision,,,,,,,,,,,,,,,,,,,,
0020200989,1610612740,NOH,New Orleans,133,David Wesley,David,,DND - bruised left foot,,,,,,,,,,,,,,,,,,,,
0020201001,1610612738,BOS,Boston,952,Antoine Walker,Antoine,F,,40:23,7.0,18.0,0.389,2.0,6.0,0.333,5.0,6.0,0.833,1.0,4.0,5.0,3.0,0.0,0.0,4.0,1.0,21.0,-5.0
0020201001,1610612738,BOS,Boston,677,Eric Williams,Eric,G,,35:03,1.0,7.0,0.143,0.0,2.0,0.0,3.0,4.0,0.75,3.0,3.0,6.0,1.0,0.0,0.0,2.0,3.0,5.0,-12.0
0020201001,1610612738,BOS,Boston,1499,Tony Battie,Tony,G,,28:41,3.0,8.0,0.375,0.0,1.0,0.0,4.0,4.0,1.0,5.0,5.0,10.0,1.0,2.0,0.0,2.0,5.0,10.0,-1.0
0020201001,1610612738,BOS,Boston,2452,J.R. Bremer,J.R.,G,,36:03,3.0,12.0,0.25,1.0,7.0,0.143,2.0,4.0,0.5,0.0,1.0,1.0,6.0,0.0,0.0,0.0,2.0,9.0,-7.0
0020201001,1610612738,BOS,Boston,1718,Paul Pierce,Paul,G,,43:29,8.0,25.0,0.32,3.0,5.0,0.6,12.0,12.0,1.0,1.0,5.0,6.0,3.0,2.0,1.0,9.0,6.0,31.0,-7.0
0020201001,1610612738,BOS,Boston,1548,Mark Blount,Mark,,,19:19,0.0,1.0,0.0,0.0,0.0,0.0,0.0,0.0,0.0,2.0,5.0,7.0,1.0,2.0,1.0,0.0,1.0,0.0,-9.0
0020201001,1610612738,BOS,Boston,3,Grant Long,Grant,C,,17:59,1.0,2.0,0.5,0.0,0.0,0.0,0.0,0.0,0.0,0.0,0.0,0.0,0.0,1.0,0.0,1.0,3.0,2.0,-3.0
0020201001,1610612738,BOS,Boston,902,Bimbo Coles,Bimbo,,,12:31,0.0,2.0,0.0,0.0,0.0,0.0,2.0,2.0,1.0,0.0,2.0,2.0,0.0,0.0,0.0,1.0,2.0,2.0,-3.0
0020201001,1610612738,BOS,Boston,962,Walter McCarty,Walter,G,,6:32,0.0,0.0,0.0,0.0,0.0,0.0,0.0,0.0,0.0,0.0,1.0,1.0,0.0,0.0,0.0,0.0,1.0,0.0,-3.0
0020201001,1610612738,BOS,Boston,1213,,,, ,,,,,,,,,,,,,,,,,,,,
0020201001,1610612738,BOS,Boston,1321,,,, ,,,,,,,,,,,,,,,,,,,,
0020201001,1610612738,BOS,Boston,1639,,,, ,,,,,,,,,,,,,,,,,,,,
0020201001,1610612738,BOS,Boston,1641,,,, ,,,,,,,,,,,,,,,,,,,,
0020201001,1610612738,BOS,Boston,1875,,,, ,,,,,,,,,,,,,,,,,,,,
0020201001,1610612738,BOS,Boston,2345,,,, ,,,,,,,,,,,,,,,,,,,,
0020201001,1610612738,BOS,Boston,2509,,,, ,,,,,,,,,,,,,,,,,,,,
0020201001,1610612738,BOS,Boston,2208,Kedrick Brown,Kedrick,,DNP - Coach's Decision,,,,,,,,,,,,,,,,,,,,
0020201001,1610612738,BOS,Boston,95,Mark Bryant,Mark,,DNP - Coach's Decision,,,,,,,,,,,,,,,,,,,,
0020201001,1610612738,BOS,Boston,960,Tony Delk,Tony,,DND - INJ - Left Ankle Sprain,,,,,,,,,,,,,,,,,,,,
0020201001,1610612738,BOS,Boston,1743,Bruno Sundov,Bruno,,DNP - Coach's Decision,,,,,,,,,,,,,,,,,,,,
0020201001,1610612743,DEN,Denver,436,Juwan Howard,Juwan,G,,36:42,11.0,18.0,0.611,0.0,0.0,0.0,5.0,7.0,0.714,1.0,6.0,7.0,5.0,0.0,1.0,2.0,2.0,27.0,4.0
0020201001,1610612743,DEN,Denver,948,Marcus Camby,Marcus,F,,15:39,2.0,6.0,0.333,0.0,1.0,0.0,0.0,0.0,0.0,0.0,6.0,6.0,2.0,1.0,4.0,1.0,0.0,4.0,7.0
0020201001,1610612743,DEN,Denver,2403,Nene Hilario,Nene,C,,27:33,6.0,7.0,0.857,0.0,0.0,0.0,4.0,6.0,0.667,2.0,3.0,5.0,0.0,0.0,0.0,1.0,5.0,16.0,8.0
0020201001,1610612743,DEN,Denver,2206,Rodney White,Rodney,G,,30:23,5.0,10.0,0.5,1.0,4.0,0.25,0.0,0.0,0.0,0.0,3.0,3.0,3.0,1.0,3.0,1.0,3.0,11.0,-10.0
0020201001,1610612743,DEN,Denver,1742,Shammond Williams,Shammond,G,,26:11,3.0,6.0,0.5,1.0,3.0,0.333,2.0,2.0,1.0,0.0,0.0,0.0,8.0,0.0,0.0,2.0,1.0,9.0,9.0
0020201001,1610612743,DEN,Denver,2365,Chris Andersen,Chris,G,,23:18,0.0,5.0,0.0,0.0,0.0,0.0,1.0,4.0,0.25,3.0,5.0,8.0,0.0,1.0,3.0,2.0,3.0,1.0,-9.0
0020201001,1610612743,DEN,Denver,2454,Junior Harrington,Junior,F,,23:04,4.0,7.0,0.571,0.0,0.0,0.0,4.0,6.0,0.667,0.0,4.0,4.0,2.0,3.0,0.0,2.0,3.0,12.0,4.0
0020201001,1610612743,DEN,Denver,2051,Donnell Harvey,Donnell,G,,26:18,4.0,11.0,0.364,0.0,0.0,0.0,0.0,0.0,0.0,2.0,6.0,8.0,3.0,0.0,0.0,2.0,6.0,8.0,10.0
0020201001,1610612743,DEN,Denver,2401,Nikoloz Tskitishvili,Nikoloz,C,,6:36,0.0,2.0,0.0,0.0,2.0,0.0,0.0,0.0,0.0,0.0,1.0,1.0,0.0,0.0,0.0,3.0,5.0,0.0,-1.0
0020201001,1610612743,DEN,Denver,2453,Predrag Savovic,Predrag,F,,16:21,0.0,2.0,0.0,0.0,0.0,0.0,2.0,2.0,1.0,1.0,1.0,2.0,2.0,1.0,0.0,3.0,3.0,2.0,16.0
0020201001,1610612743,DEN,Denver,1763,Ryan Bowen,Ryan,G,,7:55,0.0,0.0,0.0,0.0,0.0,0.0,0.0,0.0,0.0,0.0,1.0,1.0,0.0,1.0,0.0,0.0,0.0,0.0,12.0
0020201001,1610612743,DEN,Denver,2379,,,, ,,,,,,,,,,,,,,,,,,,,
0020201001,1610612743,DEN,Denver,2512,,,, ,,,,,,,,,,,,,,,,,,,,
0020201001,1610612743,DEN,Denver,2513,,,, ,,,,,,,,,,,,,,,,,,,,
0020201001,1610612743,DEN,Denver,1216,,,, ,,,,,,,,,,,,,,,,,,,,
0020201001,1610612743,DEN,Denver,1240,,,, ,,,,,,,,,,,,,,,,,,,,
0020201001,1610612743,DEN,Denver,1279,,,, ,,,,,,,,,,,,,,,,,,,,
0020201001,1610612743,DEN,Denver,2015,,,, ,,,,,,,,,,,,,,,,,,,,
0020201001,1610612743,DEN,Denver,2428,Vincent Yarbrough,Vincent,,DNP - Coach's Decision,,,,,,,,,,,,,,,,,,,,
0020200995,1610612754,IND,Indiana,1733,Al Harrington,Al,F,,34:24,5.0,11.0,0.455,0.0,0.0,0.0,1.0,1.0,1.0,4.0,6.0,10.0,2.0,1.0,1.0,3.0,3.0,11.0,-1.0
0020200995,1610612754,IND,Indiana,1902,Jeff Foster,Jeff,F,,12:30,1.0,2.0,0.5,0.0,0.0,0.0,0.0,0.0,0.0,3.0,1.0,4.0,3.0,1.0,0.0,0.0,0.0,2.0,6.0
0020200995,1610612754,IND,Indiana,979,Jermaine O'Neal,Jermaine,G,,36:43,12.0,29.0,0.414,1.0,2.0,0.5,4.0,6.0,0.667,0.0,7.0,7.0,1.0,2.0,5.0,1.0,1.0,29.0,1.0
0020200995,1610612754,IND,Indiana,2224,Jamaal Tinsley,Jamaal,G,,30:50,4.0,6.0,0.667,1.0,2.0,0.5,2.0,2.0,1.0,2.0,4.0,6.0,3.0,2.0,0.0,0.0,3.0,11.0,8.0
0020200995,1610612754,IND,Indiana,397,Reggie Miller,Reggie,G,,27:59,4.0,9.0,0.444,1.0,3.0,0.333,0.0,0.0,0.0,1.0,0.0,1.0,2.0,1.0,0.0,0.0,2.0,9.0,-1.0
0020200995,1610612754,IND,Indiana,1500,Ron Mercer,Ron,G,,20:02,5.0,10.0,0.5,0.0,0.0,0.0,0.0,0.0,0.0,0.0,2.0,2.0,1.0,0.0,0.0,0.0,2.0,10.0,-2.0
0020200995,1610612754,IND,Indiana,1802,Brad Miller,Brad,F,,29:32,1.0,4.0,0.25,0.0,0.0,0.0,3.0,6.0,0.5,1.0,4.0,5.0,6.0,2.0,0.0,0.0,3.0,5.0,-16.0
0020200995,1610612754,IND,Indiana,1065,Erick Strickland,Erick,G,,17:10,2.0,8.0,0.25,0.0,3.0,0.0,0.0,0.0,0.0,0.0,1.0,1.0,3.0,1.0,0.0,2.0,2.0,4.0,-11.0
0020200995,1610612754,IND,Indiana,1506,Austin Croshere,Austin,G,,17:14,2.0,5.0,0.4,0.0,1.0,0.0,1.0,1.0,1.0,1.0,3.0,4.0,0.0,0.0,1.0,0.0,1.0,5.0,3.0
0020200995,1610612754,IND,Indiana,1886,Jonathan Bender,Jonathan,C,,13:36,1.0,3.0,0.333,0.0,0.0,0.0,1.0,2.0,0.5,0.0,0.0,0.0,0.0,1.0,0.0,0.0,2.0,3.0,-2.0
0020200995,1610612754,IND,Indiana,1263,,,, ,,,,,,,,,,,,,,,,,,,,
0020200995,1610612754,IND,Indiana,1299,,,, ,,,,,,,,,,,,,,,,,,,,
0020200995,1610612754,IND,Indiana,1857,,,, ,,,,,,,,,,,,,,,,,,,,
0020200995,1610612754,IND,Indiana,2099,,,, ,,,,,,,,,,,,,,,,,,,,
0020200995,1610612754,IND,Indiana,2100,,,, ,,,,,,,,,,,,,,,,,,,,
0020200995,1610612754,IND,Indiana,2514,,,, ,,,,,,,,,,,,,,,,,,,,
0020200995,1610612754,IND,Indiana,2515,,,, ,,,,,,,,,,,,,,,,,,,,
0020200995,1610612754,IND,Indiana,2165,,,, ,,,,,,,,,,,,,,,,,,,,
0020200995,1610612754,IND,Indiana,2056,Primoz Brezec,Primoz,,DNP - Coach's Decision,,,,,,,,,,,,,,,,,,,,
0020200995,1610612754,IND,Indiana,1897,Metta World Peace,Metta,,NWT - League - Mandated Suspension,,,,,,,,,,,,,,,,,,,,
0020200995,1610612737,ATL,Atlanta,299,Glenn Robinson,Glenn,F,,39:21,8.0,14.0,0.571,1.0,2.0,0.5,6.0,6.0,1.0,1.0,6.0,7.0,2.0,0.0,0.0,6.0,3.0,23.0,11.0
0020200995,1610612737,ATL,Atlanta,949,Shareef Abdur-Rahim,Shareef,G,,40:59,7.0,15.0,0.467,0.0,0.0,0.0,4.0,4.0,1.0,2.0,4.0,6.0,5.0,0.0,2.0,2.0,3.0,18.0,-1.0
0020200995,1610612737,ATL,Atlanta,689,Theo Ratliff,Theo,C,,37:32,2.0,9.0,0.222,0.0,0.0,0.0,0.0,0.0,0.0,3.0,6.0,9.0,2.0,1.0,9.0,1.0,3.0,4.0,8.0
0020200995,1610612737,ATL,Atlanta,1891,Jason Terry,Jason,G,,42:49,7.0,19.0,0.368,3.0,4.0,0.75,3.0,4.0,0.75,1.0,5.0,6.0,10.0,2.0,0.0,5.0,1.0,20.0,3.0
0020200995,1610612737,ATL,Atlanta,1901,Dion Glover,Dion,G,,37:47,7.0,10.0,0.7,2.0,4.0,0.5,2.0,2.0,1.0,0.0,8.0,8.0,1.0,2.0,0.0,2.0,5.0,18.0,3.0
0020200995,1610612737,ATL,Atlanta,1956,Ira Newble,Ira,G,,15:55,1.0,2.0,0.5,0.0,0.0,0.0,0.0,0.0,0.0,0.0,0.0,0.0,1.0,0.0,0.0,0.0,3.0,2.0,-7.0
0020200995,1610612737,ATL,Atlanta,673,Alan Henderson,Alan,G,,17:29,1.0,4.0,0.25,0.0,0.0,0.0,3.0,3.0,1.0,2.0,6.0,8.0,0.0,0.0,0.0,0.0,1.0,5.0,-1.0
0020200995,1610612737,ATL,Atlanta,1983,Jermaine Jackson,Jermaine,F,,8:08,1.0,1.0,1.0,0.0,0.0,0.0,0.0,1.0,0.0,0.0,1.0,1.0,0.0,0.0,0.0,0.0,1.0,2.0,-1.0
0020200995,1610612737,ATL,Atlanta,2150,,,, ,,,,,,,,,,,,,,,,,,,,
0020200995,1610612737,ATL,Atlanta,2376,,,, ,,,,,,,,,,,,,,,,,,,,
0020200995,1610612737,ATL,Atlanta,1337,,,, ,,,,,,,,,,,,,,,,,,,,
0020200995,1610612737,ATL,Atlanta,2539,,,, ,,,,,,,,,,,,,,,,,,,,
0020200995,1610612737,ATL,Atlanta,2540,,,, ,,,,,,,,,,,,,,,,,,,,
0020200995,1610612737,ATL,Atlanta,2424,Dan Dickau,Dan,,DNP - Coach's Decision,,,,,,,,,,,,,,,,,,,,
0020200995,1610612737,ATL,Atlanta,1032,Darvin Ham,Darvin,,DNP - Coach's Decision,,,,,,,,,,,,,,,,,,,,
0020200995,1610612737,ATL,Atlanta,1737,Nazr Mohammed,Nazr,,"DND - Stress fracutre, right foot",,,,,,,,,,,,,,,,,,,,
0020201000,1610612746,LAC,Los Angeles,15,Eric Piatkowski,Eric,F,,18:35,1.0,5.0,0.2,0.0,2.0,0.0,0.0,0.0,0.0,1.0,1.0,2.0,0.0,2.0,0.0,2.0,1.0,2.0,-14.0
0020201000,1610612746,LAC,Los Angeles,685,Cherokee Parks,Cherokee,F,,22:34,0.0,5.0,0.0,0.0,0.0,0.0,2.0,2.0,1.0,2.0,3.0,5.0,1.0,0.0,0.0,1.0,3.0,2.0,-15.0
0020201000,1610612746,LAC,Los Angeles,1917,Wang Zhi-zhi,Wang,C,,26:22,3.0,8.0,0.375,0.0,1.0,0.0,6.0,7.0,0.857,2.0,3.0,5.0,0.0,2.0,0.0,2.0,2.0,12.0,0.0
0020201000,1610612746,LAC,Los Angeles,1889,Andre Miller,Andre,G,,34:15,2.0,13.0,0.154,0.0,3.0,0.0,0.0,0.0,0.0,4.0,2.0,6.0,2.0,1.0,1.0,1.0,2.0,4.0,-20.0
0020201000,1610612746,LAC,Los Angeles,1894,Corey Maggette,Corey,G,,30:25,4.0,15.0,0.267,0.0,1.0,0.0,5.0,6.0,0.833,0.0,5.0,5.0,0.0,1.0,0.0,3.0,0.0,13.0,-6.0
0020201000,1610612746,LAC,Los Angeles,399,Sean Rooks,Sean,G,,15:19,2.0,7.0,0.286,0.0,0.0,0.0,2.0,2.0,1.0,3.0,1.0,4.0,1.0,0.0,0.0,0.0,2.0,6.0,-11.0
0020201000,1610612746,LAC,Los Angeles,1885,Lamar Odom,Lamar,F,,23:55,3.0,9.0,0.333,1.0,1.0,1.0,4.0,4.0,1.0,2.0,0.0,2.0,0.0,3.0,2.0,1.0,4.0,11.0,-19.0
0020201000,1610612746,LAC,Los Angeles,2047,Quentin Richardson,Quentin,G,,6:55,0.0,1.0,0.0,0.0,0.0,0.0,0.0,0.0,0.0,1.0,0.0,1.0,1.0,1.0,0.0,0.0,0.0,0.0,-5.0
0020201000,1610612746,LAC,Los Angeles,2404,Chris Wilcox,Chris,F,,14:03,1.0,4.0,0.25,0.0,0.0,0.0,0.0,0.0,0.0,2.0,1.0,3.0,1.0,0.0,0.0,0.0,0.0,2.0,-2.0
0020201000,1610612746,LAC,Los Angeles,2060,Marko Jaric,Marko,G,,21:42,2.0,5.0,0.4,1.0,1.0,1.0,6.0,8.0,0.75,1.0,2.0,3.0,4.0,5.0,1.0,4.0,3.0,11.0,8.0
0020201000,1610612746,LAC,Los Angeles,2408,Melvin Ely,Melvin,,,12:26,1.0,4.0,0.25,0.0,0.0,0.0,0.0,0.0,0.0,1.0,2.0,3.0,0.0,0.0,0.0,1.0,1.0,2.0,-3.0
0020201000,1610612746,LAC,Los Angeles,1762,Tremaine Fowlkes,Tremaine,G,,13:29,2.0,4.0,0.5,0.0,0.0,0.0,4.0,4.0,1.0,1.0,1.0,2.0,0.0,0.0,0.0,1.0,3.0,8.0,12.0
0020201000,1610612746,LAC,Los Angeles,1210,,,, ,,,,,,,,,,,,,,,,,,,,
0020201000,1610612746,LAC,Los Angeles,1672,,,, ,,,,,,,,,,,,,,,,,,,,
0020201000,1610612746,LAC,Los Angeles,2166,,,, ,,,,,,,,,,,,,,,,,,,,
0020201000,1610612746,LAC,Los Angeles,1996,,,, ,,,,,,,,,,,,,,,,,,,,
0020201000,1610612746,LAC,Los Angeles,2010,,,, ,,,,,,,,,,,,,,,,,,,,
0020201000,1610612762,UTA,Utah,1723,Matt Harpring,Matt,F,,25:49,5.0,12.0,0.417,1.0,1.0,1.0,3.0,4.0,0.75,4.0,6.0,10.0,1.0,0.0,0.0,1.0,3.0,14.0,23.0
0020201000,1610612762,UTA,Utah,252,Karl Malone,Karl,G,,32:04,6.0,9.0,0.667,0.0,0.0,0.0,1.0,2.0,0.5,0.0,5.0,5.0,3.0,3.0,2.0,1.0,1.0,13.0,24.0
0020201000,1610612762,UTA,Utah,731,Greg Ostertag,Greg,F,,20:07,2.0,2.0,1.0,0.0,0.0,0.0,2.0,2.0,1.0,1.0,5.0,6.0,1.0,0.0,2.0,1.0,3.0,6.0,15.0
0020201000,1610612762,UTA,Utah,304,John Stockton,John,G,,21:44,3.0,7.0,0.429,1.0,1.0,1.0,2.0,2.0,1.0,0.0,6.0,6.0,12.0,4.0,0.0,3.0,2.0,9.0,25.0
0020201000,1610612762,UTA,Utah,384,Calbert Cheaney,Calbert,G,,32:59,5.0,9.0,0.556,1.0,1.0,1.0,0.0,0.0,0.0,0.0,3.0,3.0,2.0,0.0,0.0,2.0,1.0,11.0,27.0
0020201000,1610612762,UTA,Utah,763,Tony Massenburg,Tony,F,,19:32,1.0,3.0,0.333,0.0,0.0,0.0,2.0,2.0,1.0,0.0,2.0,2.0,1.0,1.0,0.0,1.0,5.0,4.0,-9.0
0020201000,1610612762,UTA,Utah,349,Mark Jackson,Mark,C,,17:08,2.0,4.0,0.5,0.0,2.0,0.0,0.0,0.0,0.0,0.0,2.0,2.0,3.0,0.0,0.0,2.0,0.0,4.0,3.0
0020201000,1610612762,UTA,Utah,1905,Andrei Kirilenko,Andrei,G,,25:12,4.0,7.0,0.571,0.0,0.0,0.0,9.0,10.0,0.9,2.0,2.0,4.0,1.0,2.0,6.0,4.0,3.0,17.0,-8.0
0020201000,1610612762,UTA,Utah,1909,Scott Padgett,Scott,G,,18:15,1.0,3.0,0.333,0.0,0.0,0.0,0.0,0.0,0.0,1.0,2.0,3.0,1.0,0.0,2.0,0.0,2.0,2.0,10.0
0020201000,1610612762,UTA,Utah,2306,Carlos Arroyo,Carlos,,,9:08,0.0,4.0,0.0,0.0,1.0,0.0,2.0,2.0,1.0,1.0,0.0,1.0,2.0,0.0,0.0,2.0,2.0,2.0,-13.0
0020201000,1610612762,UTA,Utah,2052,DeShawn Stevenson,DeShawn,F,,12:00,3.0,4.0,0.75,0.0,0.0,0.0,0.0,0.0,0.0,0.0,1.0,1.0,1.0,0.0,0.0,3.0,2.0,6.0,-12.0
0020201000,1610612762,UTA,Utah,680,John Amaechi,John,,,6:02,0.0,0.0,0.0,0.0,0.0,0.0,0.0,0.0,0.0,0.0,1.0,1.0,0.0,0.0,0.0,1.0,0.0,0.0,-10.0
0020201000,1610612762,UTA,Utah,1794,,,, ,,,,,,,,,,,,,,,,,,,,
0020201000,1610612762,UTA,Utah,1228,,,, ,,,,,,,,,,,,,,,,,,,,
0020201000,1610612762,UTA,Utah,1345,,,, ,,,,,,,,,,,,,,,,,,,,
0020201000,1610612762,UTA,Utah,1347,,,, ,,,,,,,,,,,,,,,,,,,,
0020201000,1610612762,UTA,Utah,1372,,,, ,,,,,,,,,,,,,,,,,,,,
0020200999,1610612756,PHX,Phoenix,1890,Shawn Marion,Shawn,G,,46:51,10.0,20.0,0.5,1.0,4.0,0.25,0.0,2.0,0.0,5.0,13.0,18.0,2.0,1.0,2.0,3.0,4.0,21.0,-10.0
0020200999,1610612756,PHX,Phoenix,2405,Amar'e Stoudemire,Amar'e,F,,22:20,3.0,6.0,0.5,0.0,0.0,0.0,3.0,3.0,1.0,1.0,1.0,2.0,1.0,1.0,2.0,1.0,4.0,9.0,-2.0
0020200999,1610612756,PHX,Phoenix,448,Bo Outlaw,Bo,G,,20:40,3.0,3.0,1.0,0.0,0.0,0.0,1.0,1.0,1.0,0.0,5.0,5.0,1.0,0.0,1.0,3.0,2.0,7.0,-12.0
0020200999,1610612756,PHX,Phoenix,358,Anfernee Hardaway,Anfernee,G,,46:43,10.0,19.0,0.526,0.0,2.0,0.0,1.0,2.0,0.5,1.0,3.0,4.0,8.0,2.0,0.0,0.0,3.0,21.0,-4.0
0020200999,1610612756,PHX,Phoenix,950,Stephon Marbury,Stephon,G,,38:13,9.0,18.0,0.5,0.0,0.0,0.0,2.0,2.0,1.0,1.0,2.0,3.0,9.0,0.0,0.0,1.0,6.0,20.0,-11.0
0020200999,1610612756,PHX,Phoenix,2207,Joe Johnson,Joe,G,,35:25,6.0,12.0,0.5,2.0,5.0,0.4,0.0,0.0,0.0,1.0,3.0,4.0,2.0,0.0,0.0,1.0,0.0,14.0,-3.0
0020200999,1610612756,PHX,Phoenix,2063,Jake Voskuhl,Jake,G,,20:37,0.0,0.0,0.0,0.0,0.0,0.0,1.0,4.0,0.25,1.0,2.0,3.0,0.0,0.0,0.0,3.0,5.0,1.0,0.0
0020200999,1610612756,PHX,Phoenix,2418,Casey Jacobsen,Casey,F,,7:06,0.0,2.0,0.0,0.0,1.0,0.0,2.0,2.0,1.0,0.0,0.0,0.0,0.0,1.0,0.0,1.0,1.0,2.0,7.0
0020200999,1610612756,PHX,Phoenix,281,Scott Williams,Scott,,,2:06,0.0,0.0,0.0,0.0,0.0,0.0,0.0,0.0,0.0,0.0,0.0,0.0,0.0,0.0,0.0,0.0,0.0,0.0,0.0
0020200999,1610612756,PHX,Phoenix,1783,,,, ,,,,,,,,,,,,,,,,,,,,
0020200999,1610612756,PHX,Phoenix,2521,,,, ,,,,,,,,,,,,,,,,,,,,
0020200999,1610612756,PHX,Phoenix,2160,,,, ,,,,,,,,,,,,,,,,,,,,
0020200999,1610612756,PHX,Phoenix,2008,,,, ,,,,,,,,,,,,,,,,,,,,
0020200999,1610612756,PHX,Phoenix,1642,,,, ,,,,,,,,,,,,,,,,,,,,
0020200999,1610612756,PHX,Phoenix,1653,,,, ,,,,,,,,,,,,,,,,,,,,
0020200999,1610612756,PHX,Phoenix,1336,,,, ,,,,,,,,,,,,,,,,,,,,
0020200999,1610612756,PHX,Phoenix,339,Tom Gugliotta,Tom,,DNP - Coach's Decision,,,,,,,,,,,,,,,,,,,,
0020200999,1610612756,PHX,Phoenix,2061,Dan Langhi,Dan,,DNP - Coach's Decision,,,,,,,,,,,,,,,,,,,,
0020200999,1610612756,PHX,Phoenix,2054,Jake Tsakalidis,Jake,,DNP - Coach's Decision,,,,,,,,,,,,,,,,,,,,
0020200999,1610612742,DAL,Dallas,1559,Adrian Griffin,Adrian,F,,38:09,4.0,11.0,0.364,0.0,1.0,0.0,0.0,0.0,0.0,3.0,4.0,7.0,3.0,3.0,0.0,0.0,1.0,8.0,15.0
0020200999,1610612742,DAL,Dallas,1717,Dirk Nowitzki,Dirk,G,,40:43,10.0,16.0,0.625,3.0,5.0,0.6,4.0,6.0,0.667,1.0,10.0,11.0,4.0,0.0,1.0,4.0,5.0,27.0,15.0
0020200999,1610612742,DAL,Dallas,1711,Raef LaFrentz,Raef,C,,14:16,2.0,5.0,0.4,1.0,3.0,0.333,0.0,0.0,0.0,2.0,1.0,3.0,0.0,0.0,1.0,0.0,3.0,5.0,0.0
0020200999,1610612742,DAL,Dallas,1952,Raja Bell,Raja,G,,8:43,0.0,1.0,0.0,0.0,1.0,0.0,0.0,0.0,0.0,0.0,2.0,2.0,0.0,0.0,0.0,0.0,0.0,0.0,-1.0
0020200999,1610612742,DAL,Dallas,959,Steve Nash,Steve,G,,38:53,10.0,21.0,0.476,1.0,4.0,0.25,6.0,7.0,0.857,1.0,2.0,3.0,13.0,0.0,1.0,1.0,3.0,27.0,0.0
0020200999,1610612742,DAL,Dallas,89,Nick Van Exel,Nick,G,,28:16,2.0,8.0,0.25,1.0,3.0,0.333,1.0,2.0,0.5,1.0,2.0,3.0,2.0,0.0,0.0,2.0,0.0,6.0,1.0
0020200999,1610612742,DAL,Dallas,422,Avery Johnson,Avery,,,3:10,1.0,1.0,1.0,0.0,0.0,0.0,0.0,0.0,0.0,0.0,0.0,0.0,0.0,0.0,0.0,0.0,1.0,2.0,-1.0
0020200999,1610612742,DAL,Dallas,762,Shawn Bradley,Shawn,F,,16:21,3.0,5.0,0.6,0.0,0.0,0.0,0.0,0.0,0.0,0.0,4.0,4.0,1.0,0.0,0.0,2.0,3.0,6.0,-9.0
0020200999,1610612742,DAL,Dallas,1005,Walt Williams,Walt,G,,22:30,3.0,6.0,0.5,1.0,4.0,0.25,0.0,0.0,0.0,0.0,2.0,2.0,1.0,0.0,0.0,0.0,1.0,7.0,9.0
0020200999,1610612742,DAL,Dallas,2059,Eduardo Najera,Eduardo,G,,29:00,4.0,10.0,0.4,0.0,0.0,0.0,6.0,9.0,0.667,4.0,5.0,9.0,3.0,1.0,0.0,1.0,1.0,14.0,6.0
0020200999,1610612742,DAL,Dallas,2154,,,, ,,,,,,,,,,,,,,,,,,,,
0020200999,1610612742,DAL,Dallas,2378,,,, ,,,,,,,,,,,,,,,,,,,,
0020200999,1610612742,DAL,Dallas,1233,,,, ,,,,,,,,,,,,,,,,,,,,
0020200999,1610612742,DAL,Dallas,1269,,,, ,,,,,,,,,,,,,,,,,,,,
0020200999,1610612742,DAL,Dallas,1317,,,, ,,,,,,,,,,,,,,,,,,,,
0020200999,1610612742,DAL,Dallas,1370,,,, ,,,,,,,,,,,,,,,,,,,,
0020200999,1610612742,DAL,Dallas,1483,,,, ,,,,,,,,,,,,,,,,,,,,
0020200999,1610612742,DAL,Dallas,1505,Tariq Abdul-Wahad,Tariq,,DNP - Coach's Decision,,,,,,,,,,,,,,,,,,,,
0020200999,1610612742,DAL,Dallas,714,Michael Finley,Michael,,DND - Strained Left Hamstring,,,,,,,,,,,,,,,,,,,,
0020200999,1610612742,DAL,Dallas,461,Popeye Jones,Popeye,,DNP - Coach's Decision,,,,,,,,,,,,,,,,,,,,
0020201002,1610612758,SAC,Sacramento,978,Peja Stojakovic,Peja,F,,36:13,10.0,14.0,0.714,3.0,6.0,0.5,7.0,7.0,1.0,0.0,4.0,4.0,3.0,1.0,0.0,1.0,3.0,30.0,12.0
0020201002,1610612758,SAC,Sacramento,185,Chris Webber,Chris,G,,41:47,11.0,24.0,0.458,1.0,1.0,1.0,2.0,2.0,1.0,3.0,12.0,15.0,6.0,1.0,0.0,3.0,3.0,25.0,2.0
0020201002,1610612758,SAC,Sacramento,124,Vlade Divac,Vlade,C,,30:42,3.0,4.0,0.75,1.0,1.0,1.0,0.0,0.0,0.0,0.0,3.0,3.0,3.0,0.0,1.0,0.0,2.0,7.0,8.0
0020201002,1610612758,SAC,Sacramento,57,Doug Christie,Doug,G,,31:26,6.0,10.0,0.6,0.0,1.0,0.0,2.0,2.0,1.0,2.0,3.0,5.0,2.0,2.0,0.0,1.0,3.0,14.0,1.0
0020201002,1610612758,SAC,Sacramento,1710,Mike Bibby,Mike,G,,38:03,10.0,17.0,0.588,0.0,3.0,0.0,3.0,3.0,1.0,0.0,3.0,3.0,8.0,4.0,0.0,3.0,2.0,23.0,15.0
0020201002,1610612758,SAC,Sacramento,1721,Keon Clark,Keon,C,,12:03,0.0,2.0,0.0,0.0,0.0,0.0,0.0,0.0,0.0,1.0,1.0,2.0,1.0,0.0,1.0,0.0,0.0,0.0,2.0
0020201002,1610612758,SAC,Sacramento,1517,Bobby Jackson,Bobby,G,,22:24,3.0,9.0,0.333,1.0,3.0,0.333,0.0,0.0,0.0,1.0,3.0,4.0,2.0,1.0,0.0,3.0,1.0,7.0,3.0
0020201002,1610612758,SAC,Sacramento,754,Jim Jackson,Jim,F,,16:42,2.0,6.0,0.333,1.0,1.0,1.0,0.0,0.0,0.0,0.0,3.0,3.0,3.0,0.0,0.0,1.0,1.0,5.0,-5.0
0020201002,1610612758,SAC,Sacramento,1513,Scot Pollard,Scot,F,,10:40,1.0,4.0,0.25,0.0,0.0,0.0,0.0,0.0,0.0,0.0,2.0,2.0,2.0,0.0,0.0,0.0,3.0,2.0,7.0
0020201002,1610612758,SAC,Sacramento,2522,,,, ,,,,,,,,,,,,,,,,,,,,
0020201002,1610612758,SAC,Sacramento,1248,,,, ,,,,,,,,,,,,,,,,,,,,
0020201002,1610612758,SAC,Sacramento,1249,,,, ,,,,,,,,,,,,,,,,,,,,
0020201002,1610612758,SAC,Sacramento,1322,,,, ,,,,,,,,,,,,,,,,,,,,
0020201002,1610612758,SAC,Sacramento,1328,,,, ,,,,,,,,,,,,,,,,,,,,
0020201002,1610612758,SAC,Sacramento,1444,Lawrence Funderburke,Lawrence,,DNP - Coach's Decision,,,,,,,,,,,,,,,,,,,,
0020201002,1610612758,SAC,Sacramento,2045,Hedo Turkoglu,Hedo,,DNP - Coach's Decision,,,,,,,,,,,,,,,,,,,,
0020201002,1610612758,SAC,Sacramento,2222,Gerald Wallace,Gerald,,DNP - Coach's Decision,,,,,,,,,,,,,,,,,,,,
0020201002,1610612757,POR,Portland,1739,Ruben Patterson,Ruben,F,,25:37,6.0,12.0,0.5,0.0,0.0,0.0,1.0,4.0,0.25,2.0,2.0,4.0,1.0,0.0,0.0,4.0,2.0,13.0,-13.0
0020201002,1610612757,POR,Portland,739,Rasheed Wallace,Rasheed,F,,37:28,13.0,20.0,0.65,3.0,7.0,0.429,2.0,2.0,1.0,0.0,6.0,6.0,4.0,2.0,0.0,1.0,2.0,31.0,-8.0
0020201002,1610612757,POR,Portland,905,Dale Davis,Dale,G,,33:34,1.0,2.0,0.5,0.0,0.0,0.0,0.0,2.0,0.0,1.0,5.0,6.0,0.0,0.0,0.0,0.0,2.0,2.0,-6.0
0020201002,1610612757,POR,Portland,1507,Derek Anderson,Derek,G,,32:05,5.0,10.0,0.5,3.0,5.0,0.6,3.0,3.0,1.0,0.0,5.0,5.0,7.0,3.0,0.0,1.0,1.0,16.0,7.0
0020201002,1610612757,POR,Portland,757,Damon Stoudamire,Damon,G,,31:28,3.0,11.0,0.273,1.0,5.0,0.2,2.0,2.0,1.0,1.0,3.0,4.0,11.0,0.0,0.0,2.0,1.0,9.0,-11.0
0020201002,1610612757,POR,Portland,1719,Bonzi Wells,Bonzi,G,,25:51,3.0,10.0,0.3,0.0,2.0,0.0,1.0,2.0,0.5,1.0,2.0,3.0,2.0,0.0,0.0,3.0,4.0,7.0,6.0
0020201002,1610612757,POR,Portland,2216,Zach Randolph,Zach,F,,11:57,3.0,6.0,0.5,0.0,0.0,0.0,0.0,0.0,0.0,0.0,4.0,4.0,0.0,0.0,0.0,1.0,1.0,6.0,-4.0
0020201002,1610612757,POR,Portland,976,Jeff McInnis,Jeff,F,,16:32,1.0,5.0,0.2,0.0,1.0,0.0,6.0,6.0,1.0,0.0,2.0,2.0,2.0,2.0,0.0,1.0,1.0,8.0,2.0
0020201002,1610612757,POR,Portland,717,Arvydas Sabonis,Arvydas,G,,13:44,3.0,6.0,0.5,0.0,0.0,0.0,2.0,2.0,1.0,3.0,1.0,4.0,1.0,0.0,0.0,0.0,2.0,8.0,-3.0
0020201002,1610612757,POR,Portland,1498,Antonio Daniels,Antonio,F,,11:44,2.0,3.0,0.667,0.0,1.0,0.0,0.0,0.0,0.0,0.0,1.0,1.0,0.0,0.0,0.0,0.0,1.0,4.0,-15.0
0020201002,1610612757,POR,Portland,2342,,,, ,,,,,,,,,,,,,,,,,,,,
0020201002,1610612757,POR,Portland,2374,,,, ,,,,,,,,,,,,,,,,,,,,
0020201002,1610612757,POR,Portland,1312,,,, ,,,,,,,,,,,,,,,,,,,,
0020201002,1610612757,POR,Portland,1329,,,, ,,,,,,,,,,,,,,,,,,,,
0020201002,1610612757,POR,Portland,1357,,,, ,,,,,,,,,,,,,,,,,,,,
0020201002,1610612757,POR,Portland,937,Scottie Pippen,Scottie,,DNP - Coach's Decision,,,,,,,,,,,,,,,,,,,,
0020201002,1610612757,POR,Portland,1520,Charles Smith,Charles,,DNP - Coach's Decision,,,,,,,,,,,,,,,,,,,,
0020201002,1610612757,POR,Portland,2417,Qyntel Woods,Qyntel,,DNP - Coach's Decision,,,,,,,,,,,,,,,,,,,,
0020200996,1610612763,MEM,Memphis,2034,Mike Miller,Mike,G,,29:49,6.0,15.0,0.4,1.0,5.0,0.2,2.0,2.0,1.0,1.0,4.0,5.0,3.0,1.0,0.0,3.0,3.0,15.0,6.0
0020200996,1610612763,MEM,Memphis,2031,Stromile Swift,Stromile,F,,11:55,4.0,7.0,0.571,0.0,0.0,0.0,1.0,1.0,1.0,1.0,2.0,3.0,0.0,0.0,0.0,0.0,4.0,9.0,3.0
0020200996,1610612763,MEM,Memphis,2200,Pau Gasol,Pau,G,,39:10,9.0,18.0,0.5,0.0,0.0,0.0,3.0,6.0,0.5,2.0,3.0,5.0,1.0,0.0,0.0,0.0,1.0,21.0,0.0
0020200996,1610612763,MEM,Memphis,445,Wesley Person,Wesley,G,,23:52,0.0,2.0,0.0,0.0,0.0,0.0,0.0,0.0,0.0,0.0,3.0,3.0,4.0,0.0,1.0,0.0,2.0,0.0,-2.0
0020200996,1610612763,MEM,Memphis,1715,Jason Williams,Jason,G,,36:27,9.0,17.0,0.529,6.0,7.0,0.857,0.0,0.0,0.0,0.0,0.0,0.0,11.0,0.0,0.0,4.0,1.0,24.0,7.0
0020200996,1610612763,MEM,Memphis,953,Lorenzen Wright,Lorenzen,G,,34:16,6.0,11.0,0.545,0.0,0.0,0.0,3.0,4.0,0.75,3.0,5.0,8.0,0.0,1.0,0.0,0.0,5.0,15.0,-14.0
0020200996,1610612763,MEM,Memphis,2248,Earl Watson,Earl,C,,22:07,4.0,6.0,0.667,2.0,3.0,0.667,0.0,0.0,0.0,0.0,3.0,3.0,2.0,3.0,0.0,0.0,3.0,10.0,-6.0
0020200996,1610612763,MEM,Memphis,2203,Shane Battier,Shane,G,,20:12,2.0,6.0,0.333,1.0,4.0,0.25,0.0,0.0,0.0,0.0,0.0,0.0,0.0,0.0,1.0,2.0,4.0,5.0,-14.0
0020200996,1610612763,MEM,Memphis,1510,Brevin Knight,Brevin,F,,11:33,0.0,1.0,0.0,0.0,0.0,0.0,0.0,0.0,0.0,0.0,1.0,1.0,1.0,0.0,0.0,2.0,3.0,0.0,-15.0
0020200996,1610612763,MEM,Memphis,2471,Mike Batiste,Mike,F,,10:39,0.0,3.0,0.0,0.0,1.0,0.0,0.0,0.0,0.0,1.0,0.0,1.0,0.0,2.0,0.0,2.0,0.0,0.0,-5.0
0020200996,1610612763,MEM,Memphis,2536,,,, ,,,,,,,,,,,,,,,,,,,,
0020200996,1610612763,MEM,Memphis,2353,,,, ,,,,,,,,,,,,,,,,,,,,
0020200996,1610612763,MEM,Memphis,1994,,,, ,,,,,,,,,,,,,,,,,,,,
0020200996,1610612763,MEM,Memphis,1353,,,, ,,,,,,,,,,,,,,,,,,,,
0020200996,1610612763,MEM,Memphis,1356,,,, ,,,,,,,,,,,,,,,,,,,,
0020200996,1610612763,MEM,Memphis,2163,,,, ,,,,,,,,,,,,,,,,,,,,
0020200996,1610612763,MEM,Memphis,2425,Robert Archibald,Robert,,DNP - Coach's Decision,,,,,,,,,,,,,,,,,,,,
0020200996,1610612763,MEM,Memphis,2415,Ryan Humphrey,Ryan,,DNP - Coach's Decision,,,,,,,,,,,,,,,,,,,,
0020200996,1610612751,NJN,New Jersey,2210,Richard Jefferson,Richard,F,,38:48,6.0,11.0,0.545,0.0,0.0,0.0,5.0,5.0,1.0,1.0,5.0,6.0,4.0,0.0,0.0,2.0,4.0,17.0,-5.0
0020200996,1610612751,NJN,New Jersey,2030,Kenyon Martin,Kenyon,F,,30:34,7.0,11.0,0.636,0.0,1.0,0.0,3.0,6.0,0.5,2.0,5.0,7.0,4.0,1.0,2.0,4.0,5.0,17.0,-5.0
0020200996,1610612751,NJN,New Jersey,2215,Jason Collins,Jason,G,,31:57,1.0,4.0,0.25,0.0,0.0,0.0,9.0,10.0,0.9,2.0,3.0,5.0,1.0,0.0,0.0,1.0,2.0,11.0,-7.0
0020200996,1610612751,NJN,New Jersey,954,Kerry Kittles,Kerry,G,,39:41,10.0,15.0,0.667,0.0,2.0,0.0,5.0,6.0,0.833,1.0,10.0,11.0,2.0,3.0,0.0,0.0,0.0,25.0,8.0
0020200996,1610612751,NJN,New Jersey,467,Jason Kidd,Jason,G,,38:45,5.0,10.0,0.5,0.0,1.0,0.0,4.0,5.0,0.8,1.0,5.0,6.0,18.0,0.0,0.0,2.0,2.0,14.0,-3.0
0020200996,1610612751,NJN,New Jersey,446,Lucious Harris,Lucious,F,,21:04,3.0,9.0,0.333,1.0,1.0,1.0,0.0,0.0,0.0,1.0,5.0,6.0,2.0,2.0,0.0,2.0,0.0,7.0,16.0
0020200996,1610612751,NJN,New Jersey,1425,Aaron Williams,Aaron,G,,18:50,4.0,5.0,0.8,0.0,0.0,0.0,0.0,1.0,0.0,2.0,2.0,4.0,0.0,1.0,0.0,4.0,1.0,8.0,18.0
0020200996,1610612751,NJN,New Jersey,2243,Brian Scalabrine,Brian,,,3:18,0.0,2.0,0.0,0.0,0.0,0.0,0.0,0.0,0.0,0.0,3.0,3.0,1.0,0.0,0.0,0.0,0.0,0.0,4.0
0020200996,1610612751,NJN,New Jersey,915,Rodney Rogers,Rodney,G,,17:03,4.0,7.0,0.571,0.0,0.0,0.0,0.0,0.0,0.0,1.0,0.0,1.0,0.0,1.0,0.0,3.0,3.0,8.0,14.0
0020200996,1610612751,NJN,New Jersey,1303,,,, ,,,,,,,,,,,,,,,,,,,,
0020200996,1610612751,NJN,New Jersey,1324,,,, ,,,,,,,,,,,,,,,,,,,,
0020200996,1610612751,NJN,New Jersey,2380,,,, ,,,,,,,,,,,,,,,,,,,,
0020200996,1610612751,NJN,New Jersey,1776,,,, ,,,,,,,,,,,,,,,,,,,,
0020200996,1610612751,NJN,New Jersey,1876,,,, ,,,,,,,,,,,,,,,,,,,,
0020200996,1610612751,NJN,New Jersey,2009,,,, ,,,,,,,,,,,,,,,,,,,,
0020200996,1610612751,NJN,New Jersey,2220,Brandon Armstrong,Brandon,,DNP - Coach's Decision,,,,,,,,,,,,,,,,,,,,
0020200996,1610612751,NJN,New Jersey,1533,Anthony Johnson,Anthony,,DNP - Coach's Decision,,,,,,,,,,,,,,,,,,,,
0020200996,1610612751,NJN,New Jersey,681,Donny Marshall,Donny,,DNP - Coach's Decision,,,,,,,,,,,,,,,,,,,,
0020200997,1610612752,NYK,New York,84,Latrell Sprewell,Latrell,G,,40:25,3.0,12.0,0.25,1.0,6.0,0.167,0.0,0.0,0.0,3.0,5.0,8.0,4.0,2.0,0.0,4.0,0.0,7.0,-12.0
0020200997,1610612752,NYK,New York,970,Othella Harrington,Othella,F,,24:48,4.0,9.0,0.444,0.0,0.0,0.0,4.0,4.0,1.0,2.0,5.0,7.0,0.0,0.0,1.0,0.0,4.0,12.0,-4.0
0020200997,1610612752,NYK,New York,703,Kurt Thomas,Kurt,C,,32:47,7.0,16.0,0.438,0.0,0.0,0.0,6.0,8.0,0.75,2.0,7.0,9.0,4.0,1.0,1.0,2.0,6.0,20.0,-2.0
0020200997,1610612752,NYK,New York,458,Howard Eisley,Howard,G,,24:00,2.0,11.0,0.182,2.0,8.0,0.25,1.0,2.0,0.5,1.0,2.0,3.0,5.0,1.0,0.0,0.0,2.0,7.0,-7.0
0020200997,1610612752,NYK,New York,275,Allan Houston,Allan,G,,40:41,5.0,14.0,0.357,1.0,6.0,0.167,8.0,10.0,0.8,2.0,3.0,5.0,6.0,0.0,0.0,2.0,1.0,19.0,10.0
0020200997,1610612752,NYK,New York,1720,Michael Doleac,Michael,G,,15:13,4.0,8.0,0.5,0.0,0.0,0.0,2.0,2.0,1.0,2.0,1.0,3.0,4.0,0.0,0.0,0.0,0.0,10.0,0.0
0020200997,1610612752,NYK,New York,1000,Shandon Anderson,Shandon,F,,14:54,1.0,3.0,0.333,1.0,2.0,0.5,1.0,2.0,0.5,0.0,0.0,0.0,1.0,1.0,0.0,1.0,3.0,4.0,-2.0
0020200997,1610612752,NYK,New York,221,Clar. Weatherspoon,Clar.,F,,23:12,2.0,3.0,0.667,0.0,0.0,0.0,1.0,2.0,0.5,0.0,2.0,2.0,0.0,2.0,0.0,0.0,0.0,5.0,2.0
0020200997,1610612752,NYK,New York,369,Charlie Ward,Charlie,G,,24:00,5.0,9.0,0.556,4.0,8.0,0.5,0.0,0.0,0.0,0.0,2.0,2.0,3.0,2.0,0.0,2.0,3.0,14.0,5.0
0020200997,1610612752,NYK,New York,2168,,,, ,,,,,,,,,,,,,,,,,,,,
0020200997,1610612752,NYK,New York,1298,,,, ,,,,,,,,,,,,,,,,,,,,
0020200997,1610612752,NYK,New York,1301,,,, ,,,,,,,,,,,,,,,,,,,,
0020200997,1610612752,NYK,New York,1302,,,, ,,,,,,,,,,,,,,,,,,,,
0020200997,1610612752,NYK,New York,1790,,,, ,,,,,,,,,,,,,,,,,,,,
0020200997,1610612752,NYK,New York,1791,,,, ,,,,,,,,,,,,,,,,,,,,
0020200997,1610612752,NYK,New York,2518,,,, ,,,,,,,,,,,,,,,,,,,,
0020200997,1610612752,NYK,New York,2519,,,, ,,,,,,,,,,,,,,,,,,,,
0020200997,1610612752,NYK,New York,969,Travis Knight,Travis,,DNP - Coach's Decision,,,,,,,,,,,,,,,,,,,,
0020200997,1610612752,NYK,New York,1924,Lee Nailon,Lee,,DNP - Coach's Decision,,,,,,,,,,,,,,,,,,,,
0020200997,1610612752,NYK,New York,2421,Frank Williams,Frank,,DNP - Coach's Decision,,,,,,,,,,,,,,,,,,,,
0020200997,1610612741,CHI,Chicago,2199,Tyson Chandler,Tyson,G,,42:57,4.0,8.0,0.5,0.0,0.0,0.0,5.0,8.0,0.625,2.0,11.0,13.0,1.0,1.0,1.0,2.0,4.0,13.0,-4.0
0020200997,1610612741,CHI,Chicago,923,Donyell Marshall,Donyell,F,,4:59,0.0,0.0,0.0,0.0,0.0,0.0,0.0,0.0,0.0,0.0,1.0,1.0,1.0,0.0,0.0,0.0,0.0,0.0,7.0
0020200997,1610612741,CHI,Chicago,2201,Eddy Curry,Eddy,F,,30:06,12.0,17.0,0.706,0.0,0.0,0.0,6.0,7.0,0.857,3.0,6.0,9.0,0.0,1.0,0.0,4.0,5.0,30.0,-1.0
0020200997,1610612741,CHI,Chicago,2037,Jamal Crawford,Jamal,G,,33:58,10.0,15.0,0.667,2.0,3.0,0.667,0.0,1.0,0.0,0.0,9.0,9.0,10.0,0.0,0.0,2.0,2.0,22.0,5.0
0020200997,1610612741,CHI,Chicago,147,Jalen Rose,Jalen,G,,39:14,7.0,20.0,0.35,0.0,0.0,0.0,2.0,2.0,1.0,0.0,3.0,3.0,5.0,1.0,0.0,1.0,5.0,16.0,1.0
0020200997,1610612741,CHI,Chicago,1944,Eddie Robinson,Eddie,G,,25:00,2.0,3.0,0.667,0.0,0.0,0.0,0.0,0.0,0.0,2.0,3.0,5.0,3.0,1.0,0.0,0.0,2.0,4.0,-11.0
0020200997,1610612741,CHI,Chicago,2398,Jay Williams,Jay,G,,14:02,1.0,5.0,0.2,1.0,3.0,0.333,0.0,0.0,0.0,0.0,0.0,0.0,4.0,0.0,1.0,2.0,0.0,3.0,-3.0
0020200997,1610612741,CHI,Chicago,916,Corie Blount,Corie,F,,17:54,0.0,1.0,0.0,0.0,0.0,0.0,0.0,0.0,0.0,1.0,2.0,3.0,1.0,1.0,2.0,0.0,0.0,0.0,3.0
0020200997,1610612741,CHI,Chicago,2239,Trenton Hassell,Trenton,F,,16:09,2.0,3.0,0.667,0.0,0.0,0.0,0.0,0.0,0.0,0.0,2.0,2.0,4.0,0.0,0.0,0.0,2.0,4.0,2.0
0020200997,1610612741,CHI,Chicago,2437,Lonny Baxter,Lonny,C,,5:03,2.0,2.0,1.0,0.0,0.0,0.0,2.0,2.0,1.0,0.0,1.0,1.0,0.0,0.0,0.0,1.0,2.0,6.0,6.0
0020200997,1610612741,CHI,Chicago,2427,Roger Mason Jr.,Roger,,,4:10,1.0,1.0,1.0,0.0,0.0,0.0,0.0,0.0,0.0,0.0,0.0,0.0,0.0,0.0,0.0,0.0,0.0,2.0,4.0
0020200997,1610612741,CHI,Chicago,1594,Rick Brunson,Rick,,,6:28,0.0,2.0,0.0,0.0,0.0,0.0,0.0,0.0,0.0,0.0,0.0,0.0,0.0,1.0,0.0,3.0,2.0,0.0,1.0
0020200997,1610612741,CHI,Chicago,1220,,,, ,,,,,,,,,,,,,,,,,,,,
0020200997,1610612741,CHI,Chicago,1254,,,, ,,,,,,,,,,,,,,,,,,,,
0020200997,1610612741,CHI,Chicago,1780,,,, ,,,,,,,,,,,,,,,,,,,,
0020200997,1610612741,CHI,Chicago,2510,,,, ,,,,,,,,,,,,,,,,,,,,
0020200997,1610612741,CHI,Chicago,2394,,,, ,,,,,,,,,,,,,,,,,,,,
0020200998,1610612740,NOH,New Orleans,136,P.J. Brown,P.J.,G,,37:28,7.0,11.0,0.636,0.0,0.0,0.0,1.0,2.0,0.5,7.0,8.0,15.0,0.0,0.0,0.0,0.0,2.0,15.0,-1.0
0020200998,1610612740,NOH,New Orleans,469,Jamal Mashburn,Jamal,F,,39:03,8.0,17.0,0.471,2.0,6.0,0.333,0.0,3.0,0.0,2.0,1.0,3.0,7.0,1.0,0.0,2.0,2.0,18.0,-2.0
0020200998,1610612740,NOH,New Orleans,2048,Jamaal Magloire,Jamaal,F,,30:27,3.0,8.0,0.375,0.0,0.0,0.0,2.0,2.0,1.0,4.0,4.0,8.0,1.0,0.0,1.0,5.0,2.0,8.0,-3.0
0020200998,1610612740,NOH,New Orleans,1884,Baron Davis,Baron,G,,33:17,8.0,19.0,0.421,4.0,11.0,0.364,0.0,0.0,0.0,1.0,1.0,2.0,2.0,3.0,0.0,6.0,2.0,20.0,-1.0
0020200998,1610612740,NOH,New Orleans,248,George Lynch,George,G,,22:59,1.0,2.0,0.5,1.0,2.0,0.5,1.0,2.0,0.5,1.0,3.0,4.0,3.0,1.0,0.0,1.0,2.0,4.0,2.0
0020200998,1610612740,NOH,New Orleans,72,Kenny Anderson,Kenny,G,,25:14,4.0,8.0,0.5,0.0,0.0,0.0,1.0,2.0,0.5,1.0,5.0,6.0,2.0,0.0,0.0,2.0,4.0,9.0,-11.0
0020200998,1610612740,NOH,New Orleans,2042,Courtney Alexander,Courtney,G,,17:01,1.0,9.0,0.111,0.0,0.0,0.0,3.0,4.0,0.75,1.0,0.0,1.0,2.0,1.0,0.0,1.0,1.0,5.0,-9.0
0020200998,1610612740,NOH,New Orleans,1714,Robert Traylor,Robert,G,,11:45,0.0,4.0,0.0,0.0,0.0,0.0,0.0,0.0,0.0,1.0,1.0,2.0,0.0,0.0,0.0,0.0,2.0,0.0,-6.0
0020200998,1610612740,NOH,New Orleans,2040,Jerome Moiso,Jerome,F,,16:20,2.0,6.0,0.333,0.0,0.0,0.0,1.0,2.0,0.5,4.0,3.0,7.0,1.0,0.0,0.0,3.0,2.0,5.0,-6.0
0020200998,1610612740,NOH,New Orleans,278,Stacey Augmon,Stacey,G,,6:26,0.0,0.0,0.0,0.0,0.0,0.0,1.0,2.0,0.5,0.0,0.0,0.0,0.0,0.0,0.0,0.0,0.0,1.0,-3.0
0020200998,1610612740,NOH,New Orleans,1218,,,, ,,,,,,,,,,,,,,,,,,,,
0020200998,1610612740,NOH,New Orleans,1304,,,, ,,,,,,,,,,,,,,,,,,,,
0020200998,1610612740,NOH,New Orleans,1316,,,, ,,,,,,,,,,,,,,,,,,,,
0020200998,1610612740,NOH,New Orleans,2377,,,, ,,,,,,,,,,,,,,,,,,,,
0020200998,1610612740,NOH,New Orleans,2152,,,, ,,,,,,,,,,,,,,,,,,,,
0020200998,1610612740,NOH,New Orleans,123,Robert Pack,Robert,,DNP - Coach's Decision,,,,,,,,,,,,,,,,,,,,
0020200998,1610612740,NOH,New Orleans,133,David Wesley,David,,NWT - Bruised left foot,,,,,,,,,,,,,,,,,,,,
0020200998,1610612749,MIL,Milwaukee,2046,Desmond Mason,Desmond,G,,40:57,4.0,10.0,0.4,0.0,1.0,0.0,3.0,4.0,0.75,1.0,8.0,9.0,2.0,2.0,0.0,2.0,5.0,11.0,7.0
0020200998,1610612749,MIL,Milwaukee,1501,Tim Thomas,Tim,G,,27:11,5.0,13.0,0.385,1.0,3.0,0.333,0.0,1.0,0.0,1.0,4.0,5.0,2.0,0.0,0.0,1.0,2.0,11.0,-7.0
0020200998,1610612749,MIL,Milwaukee,911,Ervin Johnson,Ervin,C,,21:54,2.0,2.0,1.0,0.0,0.0,0.0,1.0,2.0,0.5,2.0,3.0,5.0,0.0,2.0,1.0,3.0,4.0,5.0,-9.0
0020200998,1610612749,MIL,Milwaukee,208,Sam Cassell,Sam,G,,35:01,9.0,15.0,0.6,2.0,3.0,0.667,1.0,2.0,0.5,0.0,1.0,1.0,1.0,1.0,2.0,2.0,3.0,21.0,0.0
0020200998,1610612749,MIL,Milwaukee,56,Gary Payton,Gary,G,,40:34,8.0,20.0,0.4,0.0,2.0,0.0,4.0,5.0,0.8,1.0,2.0,3.0,5.0,0.0,0.0,2.0,0.0,20.0,1.0
0020200998,1610612749,MIL,Milwaukee,2038,Joel Przybilla,Joel,F,,24:09,1.0,1.0,1.0,0.0,0.0,0.0,1.0,2.0,0.5,4.0,2.0,6.0,1.0,0.0,2.0,2.0,3.0,3.0,22.0
0020200998,1610612749,MIL,Milwaukee,2072,Michael Redd,Michael,G,,25:51,4.0,7.0,0.571,3.0,5.0,0.6,3.0,4.0,0.75,0.0,2.0,2.0,0.0,4.0,0.0,1.0,1.0,14.0,15.0
0020200998,1610612749,MIL,Milwaukee,389,Toni Kukoc,Toni,F,,24:24,4.0,8.0,0.5,0.0,1.0,0.0,0.0,0.0,0.0,0.0,4.0,4.0,2.0,2.0,0.0,1.0,1.0,8.0,11.0
0020200998,1610612749,MIL,Milwaukee,1796,,,, ,,,,,,,,,,,,,,,,,,,,
0020200998,1610612749,MIL,Milwaukee,1334,,,, ,,,,,,,,,,,,,,,,,,,,
0020200998,1610612749,MIL,Milwaukee,1355,,,, ,,,,,,,,,,,,,,,,,,,,
0020200998,1610612749,MIL,Milwaukee,2517,,,, ,,,,,,,,,,,,,,,,,,,,
0020200998,1610612749,MIL,Milwaukee,2157,,,, ,,,,,,,,,,,,,,,,,,,,
0020200998,1610612749,MIL,Milwaukee,679,Jason Caffey,Jason,,DNP - Coach's Decision,,,,,,,,,,,,,,,,,,,,
0020200998,1610612749,MIL,Milwaukee,2429,Dan Gadzuric,Dan,,DNP - Coach's Decision,,,,,,,,,,,,,,,,,,,,
0020200998,1610612749,MIL,Milwaukee,2409,Marcus Haislip,Marcus,,DNP - Coach's Decision,,,,,,,,,,,,,,,,,,,,
0020200998,1610612749,MIL,Milwaukee,193,Anthony Mason,Anthony,,DND - Strained left hip,,,,,,,,,,,,,,,,,,,,
0020201003,1610612747,LAL,Los Angeles,296,Rick Fox,Rick,F,,21:26,2.0,4.0,0.5,0.0,2.0,0.0,0.0,0.0,0.0,1.0,1.0,2.0,2.0,0.0,0.0,5.0,2.0,4.0,-18.0
0020201003,1610612747,LAL,Los Angeles,2058,Mark Madsen,Mark,F,,20:02,1.0,5.0,0.2,0.0,0.0,0.0,0.0,0.0,0.0,2.0,1.0,3.0,1.0,0.0,0.0,0.0,4.0,2.0,-11.0
0020201003,1610612747,LAL,Los Angeles,406,Shaquille O'Neal,Shaquille,C,,40:24,12.0,23.0,0.522,0.0,0.0,0.0,8.0,11.0,0.727,3.0,9.0,12.0,1.0,0.0,6.0,2.0,5.0,32.0,-14.0
0020201003,1610612747,LAL,Los Angeles,965,Derek Fisher,Derek,G,,34:59,1.0,5.0,0.2,0.0,0.0,0.0,1.0,1.0,1.0,0.0,1.0,1.0,3.0,1.0,0.0,1.0,5.0,3.0,-16.0
0020201003,1610612747,LAL,Los Angeles,977,Kobe Bryant,Kobe,G,,40:21,11.0,30.0,0.367,1.0,6.0,0.167,8.0,10.0,0.8,0.0,9.0,9.0,0.0,3.0,0.0,3.0,4.0,31.0,-19.0
0020201003,1610612747,LAL,Los Angeles,109,Robert Horry,Robert,G,,27:58,2.0,4.0,0.5,0.0,0.0,0.0,1.0,1.0,1.0,1.0,4.0,5.0,2.0,0.0,3.0,1.0,3.0,5.0,2.0
0020201003,1610612747,LAL,Los Angeles,1904,Devean George,Devean,G,,26:34,2.0,6.0,0.333,2.0,4.0,0.5,2.0,2.0,1.0,3.0,4.0,7.0,2.0,1.0,0.0,1.0,3.0,8.0,9.0
0020201003,1610612747,LAL,Los Angeles,955,Samaki Walker,Samaki,G,,7:24,1.0,3.0,0.333,0.0,0.0,0.0,0.0,2.0,0.0,1.0,2.0,3.0,0.0,0.0,0.0,0.0,1.0,2.0,3.0
0020201003,1610612747,LAL,Los Angeles,2416,Kareem Rush,Kareem,G,,11:32,0.0,3.0,0.0,0.0,2.0,0.0,0.0,0.0,0.0,1.0,2.0,3.0,1.0,0.0,0.0,0.0,0.0,0.0,10.0
0020201003,1610612747,LAL,Los Angeles,2457,Jannero Pargo,Jannero,,,4:33,1.0,1.0,1.0,0.0,0.0,0.0,0.0,0.0,0.0,0.0,0.0,0.0,0.0,0.0,0.0,0.0,2.0,2.0,2.0
0020201003,1610612747,LAL,Los Angeles,216,Brian Shaw,Brian,F,,4:34,0.0,2.0,0.0,0.0,1.0,0.0,0.0,0.0,0.0,0.0,1.0,1.0,0.0,0.0,0.0,0.0,1.0,0.0,5.0
0020201003,1610612747,LAL,Los Angeles,2098,Slava Medvedenko,Slava,,,0:12,0.0,0.0,0.0,0.0,0.0,0.0,0.0,0.0,0.0,0.0,0.0,0.0,0.0,0.0,0.0,0.0,0.0,0.0,2.0
0020201003,1610612747,LAL,Los Angeles,1272,,,, ,,,,,,,,,,,,,,,,,,,,
0020201003,1610612747,LAL,Los Angeles,1273,,,, ,,,,,,,,,,,,,,,,,,,,
0020201003,1610612747,LAL,Los Angeles,1219,,,, ,,,,,,,,,,,,,,,,,,,,
0020201003,1610612747,LAL,Los Angeles,1221,,,, ,,,,,,,,,,,,,,,,,,,,
0020201003,1610612747,LAL,Los Angeles,1223,,,, ,,,,,,,,,,,,,,,,,,,,
0020201003,1610612747,LAL,Los Angeles,1230,,,, ,,,,,,,,,,,,,,,,,,,,
0020201003,1610612759,SAS,San Antonio,1477,Bruce Bowen,Bruce,F,,35:42,4.0,6.0,0.667,1.0,1.0,1.0,1.0,6.0,0.167,0.0,4.0,4.0,3.0,2.0,0.0,0.0,2.0,10.0,13.0
0020201003,1610612759,SAS,San Antonio,1495,Tim Duncan,Tim,F,,42:34,10.0,25.0,0.4,0.0,0.0,0.0,7.0,8.0,0.875,3.0,14.0,17.0,2.0,0.0,2.0,3.0,4.0,27.0,20.0
0020201003,1610612759,SAS,San Antonio,764,David Robinson,David,C,,17:17,2.0,4.0,0.5,0.0,0.0,0.0,2.0,2.0,1.0,3.0,5.0,8.0,0.0,0.0,1.0,1.0,3.0,6.0,-6.0
0020201003,1610612759,SAS,San Antonio,2225,Tony Parker,Tony,G,,37:05,4.0,14.0,0.286,0.0,1.0,0.0,10.0,10.0,1.0,0.0,5.0,5.0,3.0,1.0,0.0,2.0,1.0,18.0,15.0
0020201003,1610612759,SAS,San Antonio,1536,Stephen Jackson,Stephen,G,,36:16,2.0,6.0,0.333,0.0,1.0,0.0,7.0,8.0,0.875,0.0,1.0,1.0,4.0,2.0,1.0,1.0,1.0,11.0,5.0
0020201003,1610612759,SAS,San Antonio,990,Malik Rose,Malik,F,,27:42,3.0,9.0,0.333,0.0,0.0,0.0,4.0,6.0,0.667,4.0,8.0,12.0,1.0,0.0,1.0,0.0,3.0,10.0,13.0
0020201003,1610612759,SAS,San Antonio,1938,Manu Ginobili,Manu,G,,24:14,5.0,9.0,0.556,0.0,0.0,0.0,4.0,4.0,1.0,0.0,0.0,0.0,1.0,2.0,1.0,1.0,5.0,14.0,-2.0
0020201003,1610612759,SAS,San Antonio,70,Steve Kerr,Steve,G,,4:43,0.0,0.0,0.0,0.0,0.0,0.0,0.0,0.0,0.0,0.0,0.0,0.0,0.0,0.0,0.0,0.0,0.0,0.0,-2.0
0020201003,1610612759,SAS,San Antonio,198,Danny Ferry,Danny,,,3:03,0.0,1.0,0.0,0.0,0.0,0.0,0.0,0.0,0.0,0.0,0.0,0.0,0.0,1.0,0.0,0.0,2.0,0.0,-3.0
0020201003,1610612759,SAS,San Antonio,788,Kevin Willis,Kevin,F,,5:12,0.0,0.0,0.0,0.0,0.0,0.0,0.0,0.0,0.0,0.0,1.0,1.0,0.0,0.0,0.0,0.0,2.0,0.0,-4.0
0020201003,1610612759,SAS,San Antonio,2049,Speedy Claxton,Speedy,G,,6:12,1.0,3.0,0.333,0.0,0.0,0.0,0.0,1.0,0.0,2.0,0.0,2.0,2.0,0.0,0.0,0.0,0.0,2.0,-4.0
0020201003,1610612759,SAS,San Antonio,2381,,,, ,,,,,,,,,,,,,,,,,,,,
0020201003,1610612759,SAS,San Antonio,1264,,,, ,,,,,,,,,,,,,,,,,,,,
0020201003,1610612759,SAS,San Antonio,1319,,,, ,,,,,,,,,,,,,,,,,,,,
0020201003,1610612759,SAS,San Antonio,1371,,,, ,,,,,,,,,,,,,,,,,,,,
0020201003,1610612759,SAS,San Antonio,873,,,, ,,,,,,,,,,,,,,,,,,,,
0020201003,1610612759,SAS,San Antonio,1658,,,, ,,,,,,,,,,,,,,,,,,,,
0020201003,1610612759,SAS,San Antonio,120,Steven Smith,Steven,,DNP - Coach's Decision,,,,,,,,,,,,,,,,,,,,
0020201008,1610612764,WAS,Washington,363,Christian Laettner,Christian,F,,35:01,7.0,7.0,1.0,0.0,0.0,0.0,0.0,0.0,0.0,2.0,11.0,13.0,5.0,1.0,0.0,1.0,2.0,14.0,-12.0
0020201008,1610612764,WAS,Washington,711,Jerry Stackhouse,Jerry,G,,35:37,6.0,21.0,0.286,1.0,5.0,0.2,5.0,5.0,1.0,0.0,1.0,1.0,10.0,1.0,1.0,3.0,5.0,18.0,-13.0
0020201008,1610612764,WAS,Washington,2217,Brendan Haywood,Brendan,F,,14:11,0.0,1.0,0.0,0.0,0.0,0.0,0.0,0.0,0.0,1.0,1.0,2.0,0.0,0.0,2.0,0.0,1.0,0.0,1.0
0020201008,1610612764,WAS,Washington,893,Michael Jordan,Michael,G,,41:59,11.0,23.0,0.478,1.0,1.0,1.0,1.0,1.0,1.0,0.0,5.0,5.0,4.0,2.0,0.0,3.0,2.0,24.0,-5.0
0020201008,1610612764,WAS,Washington,1716,Larry Hughes,Larry,G,,19:06,6.0,8.0,0.75,0.0,0.0,0.0,1.0,2.0,0.5,0.0,0.0,0.0,0.0,1.0,1.0,1.0,4.0,13.0,13.0
0020201008,1610612764,WAS,Washington,1731,Tyronn Lue,Tyronn,G,,26:59,3.0,8.0,0.375,1.0,2.0,0.5,1.0,2.0,0.5,2.0,2.0,4.0,2.0,2.0,0.0,2.0,1.0,8.0,-14.0
0020201008,1610612764,WAS,Washington,1751,Jahidi White,Jahidi,F,,22:09,3.0,4.0,0.75,0.0,0.0,0.0,4.0,6.0,0.667,5.0,4.0,9.0,0.0,0.0,1.0,1.0,1.0,10.0,-1.0
0020201008,1610612764,WAS,Washington,2250,Bobby Simmons,Bobby,G,,22:35,5.0,9.0,0.556,0.0,0.0,0.0,0.0,0.0,0.0,3.0,2.0,5.0,2.0,2.0,0.0,1.0,4.0,10.0,3.0
0020201008,1610612764,WAS,Washington,2198,Kwame Brown,Kwame,F,,22:23,5.0,14.0,0.357,0.0,0.0,0.0,0.0,0.0,0.0,4.0,4.0,8.0,3.0,1.0,1.0,0.0,1.0,10.0,-2.0
0020201008,1610612764,WAS,Washington,1271,,,, ,,,,,,,,,,,,,,,,,,,,
0020201008,1610612764,WAS,Washington,1244,,,, ,,,,,,,,,,,,,,,,,,,,
0020201008,1610612764,WAS,Washington,1245,,,, ,,,,,,,,,,,,,,,,,,,,
0020201008,1610612764,WAS,Washington,2382,,,, ,,,,,,,,,,,,,,,,,,,,
0020201008,1610612764,WAS,Washington,2383,,,, ,,,,,,,,,,,,,,,,,,,,
0020201008,1610612764,WAS,Washington,2171,,,, ,,,,,,,,,,,,,,,,,,,,
0020201008,1610612764,WAS,Washington,2523,,,, ,,,,,,,,,,,,,,,,,,,,
0020201008,1610612764,WAS,Washington,2413,Juan Dixon,Juan,,DNP - Coach's Decision,,,,,,,,,,,,,,,,,,,,
0020201008,1610612764,WAS,Washington,891,Charles Oakley,Charles,,DND - Sore Right Knee,,,,,,,,,,,,,,,,,,,,
0020201008,1610612764,WAS,Washington,935,Bryon Russell,Bryon,,DNP - Coach's Decision,,,,,,,,,,,,,,,,,,,,
0020201008,1610612744,GSW,Golden State,2211,Troy Murphy,Troy,F,,17:49,2.0,6.0,0.333,0.0,0.0,0.0,0.0,0.0,0.0,2.0,2.0,4.0,1.0,0.0,1.0,0.0,2.0,4.0,1.0
0020201008,1610612744,GSW,Golden State,1712,Antawn Jamison,Antawn,G,,44:58,14.0,24.0,0.583,4.0,6.0,0.667,5.0,7.0,0.714,4.0,7.0,11.0,3.0,2.0,0.0,3.0,1.0,37.0,7.0
0020201008,1610612744,GSW,Golden State,956,Erick Dampier,Erick,G,,27:20,3.0,8.0,0.375,0.0,0.0,0.0,2.0,4.0,0.5,2.0,6.0,8.0,0.0,1.0,0.0,0.0,1.0,8.0,2.0
0020201008,1610612744,GSW,Golden State,2202,Jason Richardson,Jason,G,,21:36,1.0,5.0,0.2,0.0,1.0,0.0,0.0,0.0,0.0,1.0,0.0,1.0,4.0,1.0,0.0,0.0,1.0,2.0,-7.0
0020201008,1610612744,GSW,Golden State,2240,Gilbert Arenas,Gilbert,G,,39:53,15.0,23.0,0.652,4.0,8.0,0.5,7.0,9.0,0.778,3.0,3.0,6.0,5.0,1.0,0.0,8.0,4.0,41.0,10.0
0020201008,1610612744,GSW,Golden State,1502,Adonal Foyle,Adonal,F,,20:33,1.0,2.0,0.5,0.0,0.0,0.0,0.0,0.0,0.0,0.0,5.0,5.0,0.0,0.0,0.0,2.0,2.0,2.0,2.0
0020201008,1610612744,GSW,Golden State,2399,Mike Dunleavy,Mike,F,,20:33,2.0,9.0,0.222,1.0,5.0,0.2,0.0,0.0,0.0,1.0,0.0,1.0,1.0,1.0,1.0,0.0,2.0,5.0,0.0
0020201008,1610612744,GSW,Golden State,1863,Earl Boykins,Earl,G,,19:07,2.0,4.0,0.5,0.0,0.0,0.0,0.0,1.0,0.0,2.0,1.0,3.0,2.0,0.0,0.0,2.0,0.0,4.0,2.0
0020201008,1610612744,GSW,Golden State,682,Bob Sura,Bob,F,,28:11,2.0,5.0,0.4,1.0,2.0,0.5,5.0,5.0,1.0,2.0,2.0,4.0,9.0,0.0,0.0,2.0,3.0,10.0,13.0
0020201008,1610612744,GSW,Golden State,1637,,,, ,,,,,,,,,,,,,,,,,,,,
0020201008,1610612744,GSW,Golden State,1217,,,, ,,,,,,,,,,,,,,,,,,,,
0020201008,1610612744,GSW,Golden State,1307,,,, ,,,,,,,,,,,,,,,,,,,,
0020201008,1610612744,GSW,Golden State,1331,,,, ,,,,,,,,,,,,,,,,,,,,
0020201008,1610612744,GSW,Golden State,1252,,,, ,,,,,,,,,,,,,,,,,,,,
0020201008,1610612744,GSW,Golden State,1774,,,, ,,,,,,,,,,,,,,,,,,,,
0020201008,1610612744,GSW,Golden State,1504,Danny Fortson,Danny,,DNP - Coach's Decision,,,,,,,,,,,,,,,,,,,,
0020201008,1610612744,GSW,Golden State,168,Chris Mills,Chris,,DND - Left Achilles Tendinitis,,,,,,,,,,,,,,,,,,,,
0020201008,1610612744,GSW,Golden State,2412,Jiri Welsch,Jiri,,DNP - Coach's Decision,,,,,,,,,,,,,,,,,,,,
0020201005,1610612753,ORL,Orlando,1921,Gordan Giricek,Gordan,G,,28:32,6.0,10.0,0.6,1.0,4.0,0.25,0.0,0.0,0.0,2.0,4.0,6.0,2.0,1.0,0.0,3.0,2.0,13.0,22.0
0020201005,1610612753,ORL,Orlando,1727,Pat Garrity,Pat,F,,30:51,2.0,6.0,0.333,2.0,4.0,0.5,0.0,0.0,0.0,0.0,2.0,2.0,2.0,0.0,0.0,0.0,1.0,6.0,17.0
0020201005,1610612753,ORL,Orlando,431,Shawn Kemp,Shawn,C,,20:57,1.0,6.0,0.167,0.0,0.0,0.0,2.0,2.0,1.0,2.0,4.0,6.0,2.0,2.0,0.0,2.0,4.0,4.0,8.0
0020201005,1610612753,ORL,Orlando,1521,Jacque Vaughn,Jacque,G,,31:36,5.0,9.0,0.556,0.0,1.0,0.0,3.0,6.0,0.5,0.0,6.0,6.0,3.0,1.0,0.0,0.0,2.0,13.0,24.0
0020201005,1610612753,ORL,Orlando,1503,Tracy McGrady,Tracy,G,,32:31,15.0,27.0,0.556,7.0,11.0,0.636,0.0,2.0,0.0,1.0,6.0,7.0,5.0,2.0,1.0,3.0,1.0,37.0,22.0
0020201005,1610612753,ORL,Orlando,692,Andrew DeClercq,Andrew,F,,14:09,1.0,2.0,0.5,0.0,0.0,0.0,0.0,0.0,0.0,0.0,1.0,1.0,1.0,0.0,1.0,1.0,4.0,2.0,7.0
0020201005,1610612753,ORL,Orlando,353,Darrell Armstrong,Darrell,G,,14:45,3.0,6.0,0.5,1.0,1.0,1.0,0.0,0.0,0.0,1.0,4.0,5.0,2.0,2.0,0.0,1.0,0.0,7.0,6.0
0020201005,1610612753,ORL,Orlando,2212,Steven Hunter,Steven,G,,19:51,2.0,7.0,0.286,0.0,0.0,0.0,0.0,1.0,0.0,1.0,2.0,3.0,0.0,2.0,2.0,0.0,1.0,4.0,6.0
0020201005,1610612753,ORL,Orlando,2219,Jeryl Sasser,Jeryl,F,,19:28,1.0,4.0,0.25,0.0,0.0,0.0,0.0,0.0,0.0,1.0,5.0,6.0,1.0,1.0,0.0,1.0,1.0,2.0,1.0
0020201005,1610612753,ORL,Orlando,2071,Olumide Oyedeji,Olumide,G,,9:45,1.0,2.0,0.5,0.0,0.0,0.0,0.0,0.0,0.0,0.0,2.0,2.0,0.0,0.0,0.0,0.0,3.0,2.0,6.0
0020201005,1610612753,ORL,Orlando,43,Chris Whitney,Chris,G,,17:35,2.0,6.0,0.333,0.0,3.0,0.0,2.0,2.0,1.0,0.0,1.0,1.0,1.0,1.0,0.0,3.0,0.0,6.0,-4.0
0020201005,1610612753,ORL,Orlando,2516,,,, ,,,,,,,,,,,,,,,,,,,,
0020201005,1610612753,ORL,Orlando,837,,,, ,,,,,,,,,,,,,,,,,,,,
0020201005,1610612753,ORL,Orlando,1941,,,, ,,,,,,,,,,,,,,,,,,,,
0020201005,1610612753,ORL,Orlando,1296,,,, ,,,,,,,,,,,,,,,,,,,,
0020201005,1610612753,ORL,Orlando,1309,,,, ,,,,,,,,,,,,,,,,,,,,
0020201005,1610612753,ORL,Orlando,1332,,,, ,,,,,,,,,,,,,,,,,,,,
0020201005,1610612753,ORL,Orlando,1650,,,, ,,,,,,,,,,,,,,,,,,,,
0020201005,1610612753,ORL,Orlando,2400,Drew Gooden,Drew,,DND - Sprained Right Big Toe,,,,,,,,,,,,,,,,,,,,
0020201005,1610612748,MIA,Miami,2406,Caron Butler,Caron,F,,32:33,8.0,16.0,0.5,0.0,3.0,0.0,3.0,4.0,0.75,1.0,2.0,3.0,0.0,2.0,0.0,3.0,2.0,19.0,-29.0
0020201005,1610612748,MIA,Miami,111,LaPhonso Ellis,LaPhonso,G,,16:20,1.0,5.0,0.2,0.0,1.0,0.0,2.0,2.0,1.0,1.0,1.0,2.0,0.0,0.0,0.0,0.0,0.0,4.0,-4.0
0020201005,1610612748,MIA,Miami,258,Brian Grant,Brian,G,,26:34,2.0,6.0,0.333,0.0,0.0,0.0,3.0,4.0,0.75,2.0,5.0,7.0,3.0,1.0,0.0,2.0,3.0,7.0,-13.0
0020201005,1610612748,MIA,Miami,1853,Anthony Carter,Anthony,G,,30:19,3.0,7.0,0.429,0.0,1.0,0.0,2.0,2.0,1.0,0.0,7.0,7.0,2.0,4.0,0.0,5.0,0.0,8.0,-15.0
0020201005,1610612748,MIA,Miami,2446,Rasual Butler,Rasual,G,,20:57,1.0,6.0,0.167,0.0,2.0,0.0,4.0,4.0,1.0,0.0,4.0,4.0,5.0,0.0,0.0,1.0,1.0,6.0,-14.0
0020201005,1610612748,MIA,Miami,1735,Vladimir Stepania,Vladimir,G,,16:32,1.0,5.0,0.2,0.0,0.0,0.0,2.0,2.0,1.0,4.0,4.0,8.0,0.0,0.0,0.0,0.0,1.0,4.0,-4.0
0020201005,1610612748,MIA,Miami,696,Travis Best,Travis,G,,25:43,3.0,10.0,0.3,1.0,3.0,0.333,3.0,3.0,1.0,0.0,6.0,6.0,3.0,2.0,0.0,3.0,4.0,10.0,1.0
0020201005,1610612748,MIA,Miami,2124,Malik Allen,Malik,F,,27:04,1.0,8.0,0.125,0.0,1.0,0.0,0.0,0.0,0.0,2.0,7.0,9.0,0.0,1.0,0.0,2.0,2.0,2.0,-18.0
0020201005,1610612748,MIA,Miami,2067,Eddie House,Eddie,G,,29:08,6.0,16.0,0.375,0.0,5.0,0.0,1.0,1.0,1.0,0.0,0.0,0.0,1.0,0.0,0.0,2.0,1.0,13.0,-13.0
0020201005,1610612748,MIA,Miami,2253,Sean Lampley,Sean,,,7:25,0.0,0.0,0.0,0.0,0.0,0.0,0.0,0.0,0.0,0.0,1.0,1.0,0.0,0.0,0.0,0.0,0.0,0.0,-3.0
0020201005,1610612748,MIA,Miami,2256,Ken Johnson,Ken,,,7:25,0.0,1.0,0.0,0.0,0.0,0.0,1.0,2.0,0.5,0.0,2.0,2.0,0.0,0.0,3.0,0.0,1.0,1.0,-3.0
0020201005,1610612748,MIA,Miami,2388,,,, ,,,,,,,,,,,,,,,,,,,,
0020201005,1610612748,MIA,Miami,836,,,, ,,,,,,,,,,,,,,,,,,,,
0020201005,1610612748,MIA,Miami,1877,,,, ,,,,,,,,,,,,,,,,,,,,
0020201005,1610612748,MIA,Miami,1787,,,, ,,,,,,,,,,,,,,,,,,,,
0020201005,1610612748,MIA,Miami,1276,,,, ,,,,,,,,,,,,,,,,,,,,
0020201005,1610612748,MIA,Miami,1277,,,, ,,,,,,,,,,,,,,,,,,,,
0020201005,1610612748,MIA,Miami,1280,,,, ,,,,,,,,,,,,,,,,,,,,
0020201005,1610612748,MIA,Miami,1281,,,, ,,,,,,,,,,,,,,,,,,,,
0020201005,1610612748,MIA,Miami,2229,Mike James,Mike,,DND - Acute Rib Muscle Strain,,,,,,,,,,,,,,,,,,,,
