GAME_ID,TEAM_ID,TEAM_ABBREVIATION,TEAM_CITY,PLAYER_ID,PLAYER_NAME,NICKNAME,START_POSITION,COMMENT,MIN,FGM,FGA,FG_PCT,FG3M,FG3A,FG3_PCT,FTM,FTA,FT_PCT,OREB,DREB,REB,AST,STL,BLK,TO,PF,PTS,PLUS_MINUS
0020000628,1610612751,NJN,New Jersey,1425,Aaron Williams,Aaron,F,,33:40,2.0,6.0,0.333,0.0,0.0,0.0,3.0,3.0,1.0,1.0,8.0,9.0,4.0,1.0,0.0,1.0,5.0,7.0,-18.0
0020000628,1610612751,NJN,New Jersey,1496,Keith Van Horn,Keith,F,,32:44,1.0,12.0,0.083,0.0,3.0,0.0,2.0,4.0,0.5,1.0,8.0,9.0,1.0,0.0,0.0,1.0,4.0,4.0,-12.0
0020000628,1610612751,NJN,New Jersey,2030,Kenyon Martin,Kenyon,G,,30:34,6.0,11.0,0.545,0.0,0.0,0.0,4.0,4.0,1.0,4.0,2.0,6.0,0.0,0.0,1.0,0.0,5.0,16.0,-2.0
0020000628,1610612751,NJN,New Jersey,446,Lucious Harris,Lucious,G,,28:14,7.0,15.0,0.467,0.0,2.0,0.0,1.0,1.0,1.0,2.0,5.0,7.0,1.0,3.0,0.0,1.0,3.0,15.0,-11.0
0020000628,1610612751,NJN,New Jersey,950,Stephon Marbury,Stephon,G,,37:47,10.0,20.0,0.5,4.0,7.0,0.571,5.0,6.0,0.833,0.0,0.0,0.0,9.0,1.0,0.0,0.0,2.0,29.0,-1.0
0020000628,1610612751,NJN,New Jersey,1536,Stephen Jackson,Stephen,C,,17:15,1.0,6.0,0.167,0.0,1.0,0.0,2.0,4.0,0.5,1.0,0.0,1.0,2.0,4.0,0.0,3.0,2.0,4.0,-7.0
0020000628,1610612751,NJN,New Jersey,271,Johnny Newman,Johnny,G,,32:51,6.0,12.0,0.5,3.0,5.0,0.6,2.0,2.0,1.0,0.0,3.0,3.0,1.0,0.0,0.0,1.0,1.0,17.0,4.0
0020000628,1610612751,NJN,New Jersey,1915,Evan Eschmeyer,Evan,F,,9:15,0.0,1.0,0.0,0.0,0.0,0.0,0.0,0.0,0.0,1.0,2.0,3.0,0.0,0.0,0.0,0.0,4.0,0.0,2.0
0020000628,1610612751,NJN,New Jersey,428,Sherman Douglas,Sherman,G,,17:40,2.0,3.0,0.667,0.0,0.0,0.0,1.0,2.0,0.5,0.0,0.0,0.0,2.0,2.0,0.0,1.0,1.0,5.0,0.0
0020000628,1610612751,NJN,New Jersey,2009,,,, ,,,,,,,,,,,,,,,,,,,,
0020000628,1610612751,NJN,New Jersey,1673,,,, ,,,,,,,,,,,,,,,,,,,,
0020000628,1610612751,NJN,New Jersey,1776,,,, ,,,,,,,,,,,,,,,,,,,,
0020000628,1610612751,NJN,New Jersey,1303,,,, ,,,,,,,,,,,,,,,,,,,,
0020000628,1610612751,NJN,New Jersey,1324,,,, ,,,,,,,,,,,,,,,,,,,,
0020000628,1610612751,NJN,New Jersey,1789,,,, ,,,,,,,,,,,,,,,,,,,,
0020000628,1610612751,NJN,New Jersey,1876,,,, ,,,,,,,,,,,,,,,,,,,,
0020000628,1610612751,NJN,New Jersey,383,Kendall Gill,Kendall,,DND - Not with Team,,,,,,,,,,,,,,,,,,,,
0020000628,1610612751,NJN,New Jersey,2066,Soumaila Samake,Soumaila,,DNP - Coach's Decision,,,,,,,,,,,,,,,,,,,,
0020000628,1610612751,NJN,New Jersey,1735,Vladimir Stepania,Vladimir,,DNP - Coach's Decision,,,,,,,,,,,,,,,,,,,,
0020000628,1610612760,SEA,Seattle,1740,Rashard Lewis,Rashard,G,,30:43,2.0,4.0,0.5,0.0,1.0,0.0,2.0,2.0,1.0,2.0,5.0,7.0,2.0,0.0,1.0,3.0,2.0,6.0,7.0
0020000628,1610612760,SEA,Seattle,1739,Ruben Patterson,Ruben,F,,31:52,8.0,11.0,0.727,0.0,0.0,0.0,5.0,8.0,0.625,2.0,3.0,5.0,2.0,0.0,0.0,3.0,2.0,21.0,1.0
0020000628,1610612760,SEA,Seattle,121,Patrick Ewing,Patrick,G,,28:40,6.0,13.0,0.462,0.0,0.0,0.0,6.0,6.0,1.0,1.0,17.0,18.0,1.0,1.0,4.0,1.0,4.0,18.0,17.0
0020000628,1610612760,SEA,Seattle,699,Brent Barry,Brent,G,,40:28,6.0,8.0,0.75,4.0,6.0,0.667,1.0,2.0,0.5,0.0,2.0,2.0,6.0,0.0,0.0,4.0,1.0,17.0,9.0
0020000628,1610612760,SEA,Seattle,56,Gary Payton,Gary,G,,40:23,6.0,17.0,0.353,2.0,5.0,0.4,3.0,4.0,0.75,1.0,4.0,5.0,7.0,2.0,0.0,5.0,3.0,17.0,5.0
0020000628,1610612760,SEA,Seattle,452,Vin Baker,Vin,G,,24:54,1.0,2.0,0.5,0.0,0.0,0.0,7.0,10.0,0.7,0.0,3.0,3.0,2.0,1.0,0.0,2.0,3.0,9.0,-8.0
0020000628,1610612760,SEA,Seattle,1742,Shammond Williams,Shammond,G,,15:09,3.0,8.0,0.375,1.0,3.0,0.333,0.0,0.0,0.0,2.0,2.0,4.0,1.0,0.0,0.0,0.0,1.0,7.0,4.0
0020000628,1610612760,SEA,Seattle,2046,Desmond Mason,Desmond,G,,16:08,2.0,6.0,0.333,0.0,1.0,0.0,2.0,2.0,1.0,1.0,2.0,3.0,1.0,0.0,0.0,1.0,1.0,6.0,4.0
0020000628,1610612760,SEA,Seattle,1741,Jelani McCoy,Jelani,F,,11:43,2.0,3.0,0.667,0.0,0.0,0.0,1.0,3.0,0.333,1.0,4.0,5.0,0.0,0.0,0.0,0.0,3.0,5.0,6.0
0020000628,1610612760,SEA,Seattle,1335,,,, ,,,,,,,,,,,,,,,,,,,,
0020000628,1610612760,SEA,Seattle,1338,,,, ,,,,,,,,,,,,,,,,,,,,
0020000628,1610612760,SEA,Seattle,1349,,,, ,,,,,,,,,,,,,,,,,,,,
0020000628,1610612760,SEA,Seattle,1778,,,, ,,,,,,,,,,,,,,,,,,,,
0020000628,1610612760,SEA,Seattle,1023,Emanual Davis,Emanual,,DND - Illness,,,,,,,,,,,,,,,,,,,,
0020000628,1610612760,SEA,Seattle,1752,Sean Marks,Sean,,DNP - Coach's Decision,,,,,,,,,,,,,,,,,,,,
0020000628,1610612760,SEA,Seattle,2071,Olumide Oyedeji,Olumide,,DNP - Coach's Decision,,,,,,,,,,,,,,,,,,,,
0020000620,1610612745,HOU,Houston,1508,Maurice Taylor,Maurice,F,,33:17,9.0,12.0,0.75,0.0,0.0,0.0,0.0,0.0,0.0,2.0,3.0,5.0,1.0,0.0,0.0,2.0,4.0,18.0,-6.0
0020000620,1610612745,HOU,Houston,1000,Shandon Anderson,Shandon,G,,24:10,3.0,5.0,0.6,2.0,2.0,1.0,0.0,0.0,0.0,0.0,0.0,0.0,1.0,1.0,1.0,1.0,2.0,8.0,-3.0
0020000620,1610612745,HOU,Houston,165,Hakeem Olajuwon,Hakeem,C,,16:40,2.0,6.0,0.333,0.0,0.0,0.0,0.0,0.0,0.0,0.0,2.0,2.0,0.0,1.0,0.0,2.0,5.0,4.0,1.0
0020000620,1610612745,HOU,Houston,1883,Steve Francis,Steve,G,,36:22,6.0,12.0,0.5,2.0,5.0,0.4,6.0,7.0,0.857,0.0,2.0,2.0,10.0,0.0,1.0,1.0,1.0,20.0,-3.0
0020000620,1610612745,HOU,Houston,1749,Cuttino Mobley,Cuttino,G,,42:11,9.0,16.0,0.563,1.0,1.0,1.0,4.0,4.0,1.0,1.0,4.0,5.0,7.0,1.0,0.0,3.0,2.0,23.0,18.0
0020000620,1610612745,HOU,Houston,1903,Kenny Thomas,Kenny,G,,27:24,4.0,7.0,0.571,1.0,2.0,0.5,1.0,1.0,1.0,1.0,3.0,4.0,2.0,1.0,0.0,0.0,3.0,10.0,21.0
0020000620,1610612745,HOU,Houston,983,Moochie Norris,Moochie,F,,17:27,1.0,3.0,0.333,0.0,1.0,0.0,1.0,2.0,0.5,0.0,4.0,4.0,6.0,2.0,0.0,2.0,0.0,3.0,11.0
0020000620,1610612745,HOU,Houston,1005,Walt Williams,Walt,G,,23:50,6.0,9.0,0.667,5.0,6.0,0.833,1.0,2.0,0.5,0.0,3.0,3.0,1.0,2.0,1.0,1.0,4.0,18.0,16.0
0020000620,1610612745,HOU,Houston,435,Carlos Rogers,Carlos,C,,18:39,3.0,3.0,1.0,0.0,0.0,0.0,0.0,0.0,0.0,1.0,2.0,3.0,0.0,0.0,1.0,1.0,0.0,6.0,10.0
0020000620,1610612745,HOU,Houston,825,,,, ,,,,,,,,,,,,,,,,,,,,
0020000620,1610612745,HOU,Houston,1255,,,, ,,,,,,,,,,,,,,,,,,,,
0020000620,1610612745,HOU,Houston,1256,,,, ,,,,,,,,,,,,,,,,,,,,
0020000620,1610612745,HOU,Houston,1257,,,, ,,,,,,,,,,,,,,,,,,,,
0020000620,1610612745,HOU,Houston,1258,,,, ,,,,,,,,,,,,,,,,,,,,
0020000620,1610612745,HOU,Houston,1997,,,, ,,,,,,,,,,,,,,,,,,,,
0020000620,1610612745,HOU,Houston,672,Matt Bullard,Matt,,DNP - Coach's Decision,,,,,,,,,,,,,,,,,,,,
0020000620,1610612745,HOU,Houston,2044,Jason Collier,Jason,,DNP - Coach's Decision,,,,,,,,,,,,,,,,,,,,
0020000620,1610612745,HOU,Houston,2061,Dan Langhi,Dan,,DNP - Coach's Decision,,,,,,,,,,,,,,,,,,,,
0020000620,1610612766,CHH,Charlotte,469,Jamal Mashburn,Jamal,F,,38:48,9.0,16.0,0.563,1.0,3.0,0.333,1.0,2.0,0.5,1.0,4.0,5.0,4.0,3.0,0.0,4.0,3.0,20.0,-16.0
0020000620,1610612766,CHH,Charlotte,136,P.J. Brown,P.J.,F,,30:47,2.0,4.0,0.5,0.0,0.0,0.0,3.0,4.0,0.75,2.0,2.0,4.0,2.0,0.0,0.0,1.0,3.0,7.0,-13.0
0020000620,1610612766,CHH,Charlotte,922,Elden Campbell,Elden,C,,21:01,4.0,5.0,0.8,0.0,0.0,0.0,4.0,4.0,1.0,0.0,3.0,3.0,3.0,0.0,0.0,2.0,2.0,12.0,-12.0
0020000620,1610612766,CHH,Charlotte,1884,Baron Davis,Baron,G,,39:11,2.0,8.0,0.25,1.0,4.0,0.25,1.0,2.0,0.5,2.0,2.0,4.0,12.0,3.0,0.0,2.0,3.0,6.0,-2.0
0020000620,1610612766,CHH,Charlotte,133,David Wesley,David,G,,38:32,10.0,15.0,0.667,1.0,2.0,0.5,4.0,4.0,1.0,0.0,2.0,2.0,5.0,0.0,0.0,2.0,1.0,25.0,-21.0
0020000620,1610612766,CHH,Charlotte,2048,Jamaal Magloire,Jamaal,G,,6:57,0.0,1.0,0.0,0.0,0.0,0.0,0.0,0.0,0.0,0.0,2.0,2.0,0.0,0.0,1.0,0.0,1.0,0.0,2.0
0020000620,1610612766,CHH,Charlotte,934,Derrick Coleman,Derrick,G,,24:59,4.0,9.0,0.444,1.0,2.0,0.5,8.0,8.0,1.0,2.0,4.0,6.0,0.0,1.0,0.0,1.0,2.0,17.0,-8.0
0020000620,1610612766,CHH,Charlotte,77,Doug Overton,Doug,F,,3:12,0.0,0.0,0.0,0.0,0.0,0.0,0.0,0.0,0.0,0.0,0.0,0.0,0.0,0.0,0.0,1.0,0.0,0.0,-4.0
0020000620,1610612766,CHH,Charlotte,1944,Eddie Robinson,Eddie,,,12:01,3.0,6.0,0.5,0.0,0.0,0.0,0.0,1.0,0.0,0.0,1.0,1.0,1.0,0.0,1.0,0.0,1.0,6.0,5.0
0020000620,1610612766,CHH,Charlotte,765,Hersey Hawkins,Hersey,G,,9:39,1.0,3.0,0.333,0.0,1.0,0.0,0.0,0.0,0.0,0.0,0.0,0.0,0.0,0.0,0.0,0.0,1.0,2.0,-9.0
0020000620,1610612766,CHH,Charlotte,901,Otis Thorpe,Otis,C,,12:16,0.0,0.0,0.0,0.0,0.0,0.0,2.0,2.0,1.0,1.0,2.0,3.0,0.0,3.0,0.0,2.0,2.0,2.0,5.0
0020000620,1610612766,CHH,Charlotte,1924,Lee Nailon,Lee,,,2:37,0.0,1.0,0.0,0.0,0.0,0.0,0.0,0.0,0.0,0.0,1.0,1.0,0.0,0.0,0.0,0.0,0.0,0.0,8.0
0020000620,1610612766,CHH,Charlotte,2152,,,, ,,,,,,,,,,,,,,,,,,,,
0020000620,1610612766,CHH,Charlotte,1992,,,, ,,,,,,,,,,,,,,,,,,,,
0020000620,1610612766,CHH,Charlotte,1316,,,, ,,,,,,,,,,,,,,,,,,,,
0020000620,1610612766,CHH,Charlotte,1215,,,, ,,,,,,,,,,,,,,,,,,,,
0020000620,1610612766,CHH,Charlotte,1218,,,, ,,,,,,,,,,,,,,,,,,,,
0020000626,1610612759,SAS,San Antonio,990,Malik Rose,Malik,F,,25:11,1.0,4.0,0.25,0.0,0.0,0.0,3.0,7.0,0.429,3.0,4.0,7.0,0.0,1.0,0.0,1.0,5.0,5.0,15.0
0020000626,1610612759,SAS,San Antonio,1495,Tim Duncan,Tim,F,,43:46,11.0,18.0,0.611,0.0,1.0,0.0,11.0,21.0,0.524,2.0,8.0,10.0,2.0,1.0,4.0,0.0,3.0,33.0,20.0
0020000626,1610612759,SAS,San Antonio,764,David Robinson,David,F,,16:37,4.0,4.0,1.0,0.0,0.0,0.0,2.0,3.0,0.667,3.0,2.0,5.0,0.0,0.0,0.0,0.0,4.0,10.0,7.0
0020000626,1610612759,SAS,San Antonio,345,Terry Porter,Terry,G,,38:15,6.0,12.0,0.5,1.0,4.0,0.25,4.0,5.0,0.8,1.0,9.0,10.0,8.0,0.0,1.0,2.0,1.0,17.0,8.0
0020000626,1610612759,SAS,San Antonio,1507,Derek Anderson,Derek,G,,41:50,6.0,11.0,0.545,2.0,4.0,0.5,8.0,8.0,1.0,0.0,5.0,5.0,4.0,1.0,0.0,2.0,2.0,22.0,20.0
0020000626,1610612759,SAS,San Antonio,198,Danny Ferry,Danny,G,,27:12,0.0,3.0,0.0,0.0,1.0,0.0,0.0,0.0,0.0,2.0,0.0,2.0,0.0,0.0,0.0,0.0,4.0,0.0,6.0
0020000626,1610612759,SAS,San Antonio,70,Steve Kerr,Steve,G,,33:26,4.0,8.0,0.5,2.0,4.0,0.5,0.0,0.0,0.0,0.0,1.0,1.0,1.0,1.0,0.0,2.0,3.0,10.0,5.0
0020000626,1610612759,SAS,San Antonio,1114,Jaren Jackson,Jaren,,,5:06,0.0,2.0,0.0,0.0,1.0,0.0,0.0,0.0,0.0,0.0,0.0,0.0,1.0,0.0,0.0,0.0,1.0,0.0,-9.0
0020000626,1610612759,SAS,San Antonio,1760,Derrick Dial,Derrick,,,6:37,1.0,2.0,0.5,0.0,1.0,0.0,0.0,2.0,0.0,0.0,1.0,1.0,1.0,0.0,0.0,0.0,1.0,2.0,-1.0
0020000626,1610612759,SAS,San Antonio,1035,Shawnelle Scott,Shawnelle,,,1:60,0.0,0.0,0.0,0.0,0.0,0.0,0.0,0.0,0.0,0.0,0.0,0.0,0.0,0.0,0.0,0.0,0.0,0.0,-6.0
0020000626,1610612759,SAS,San Antonio,1264,,,, ,,,,,,,,,,,,,,,,,,,,
0020000626,1610612759,SAS,San Antonio,1331,,,, ,,,,,,,,,,,,,,,,,,,,
0020000626,1610612759,SAS,San Antonio,873,,,, ,,,,,,,,,,,,,,,,,,,,
0020000626,1610612759,SAS,San Antonio,1371,,,, ,,,,,,,,,,,,,,,,,,,,
0020000626,1610612759,SAS,San Antonio,1658,,,, ,,,,,,,,,,,,,,,,,,,,
0020000626,1610612759,SAS,San Antonio,1498,Antonio Daniels,Antonio,,DNP - DND - Sprained R. knee,,,,,,,,,,,,,,,,,,,,
0020000626,1610612759,SAS,San Antonio,955,Samaki Walker,Samaki,,DNP - DND - Sprained L. ankle,,,,,,,,,,,,,,,,,,,,
0020000626,1610612762,UTA,Utah,923,Donyell Marshall,Donyell,G,,30:18,8.0,18.0,0.444,1.0,2.0,0.5,1.0,4.0,0.25,7.0,2.0,9.0,2.0,1.0,0.0,0.0,5.0,18.0,-13.0
0020000626,1610612762,UTA,Utah,252,Karl Malone,Karl,F,,38:59,5.0,15.0,0.333,0.0,0.0,0.0,9.0,11.0,0.818,2.0,9.0,11.0,4.0,0.0,0.0,3.0,5.0,19.0,-16.0
0020000626,1610612762,UTA,Utah,178,Olden Polynice,Olden,F,,13:49,1.0,3.0,0.333,0.0,0.0,0.0,0.0,0.0,0.0,1.0,0.0,1.0,1.0,0.0,0.0,0.0,3.0,2.0,-11.0
0020000626,1610612762,UTA,Utah,304,John Stockton,John,G,,29:17,1.0,5.0,0.2,0.0,1.0,0.0,3.0,4.0,0.75,0.0,0.0,0.0,3.0,0.0,0.0,1.0,2.0,5.0,-12.0
0020000626,1610612762,UTA,Utah,317,John Starks,John,G,,30:25,3.0,9.0,0.333,2.0,6.0,0.333,0.0,0.0,0.0,0.0,3.0,3.0,1.0,0.0,0.0,0.0,4.0,8.0,-18.0
0020000626,1610612762,UTA,Utah,731,Greg Ostertag,Greg,F,,12:51,1.0,4.0,0.25,0.0,0.0,0.0,0.0,0.0,0.0,2.0,2.0,4.0,0.0,0.0,0.0,1.0,4.0,2.0,1.0
0020000626,1610612762,UTA,Utah,935,Bryon Russell,Bryon,G,,32:30,4.0,9.0,0.444,1.0,2.0,0.5,5.0,6.0,0.833,1.0,3.0,4.0,2.0,2.0,0.0,2.0,3.0,14.0,-7.0
0020000626,1610612762,UTA,Utah,1521,Jacque Vaughn,Jacque,C,,19:48,1.0,3.0,0.333,0.0,1.0,0.0,0.0,0.0,0.0,0.0,2.0,2.0,4.0,0.0,0.0,0.0,2.0,2.0,-2.0
0020000626,1610612762,UTA,Utah,330,Danny Manning,Danny,,,15:06,4.0,6.0,0.667,0.0,0.0,0.0,2.0,2.0,1.0,0.0,0.0,0.0,0.0,1.0,0.0,2.0,2.0,10.0,1.0
0020000626,1610612762,UTA,Utah,1909,Scott Padgett,Scott,G,,9:30,1.0,5.0,0.2,0.0,2.0,0.0,0.0,0.0,0.0,2.0,3.0,5.0,0.0,1.0,0.0,0.0,2.0,2.0,0.0
0020000626,1610612762,UTA,Utah,180,John Crotty,John,,,4:43,0.0,2.0,0.0,0.0,1.0,0.0,0.0,0.0,0.0,0.0,0.0,0.0,1.0,0.0,0.0,0.0,0.0,0.0,6.0
0020000626,1610612762,UTA,Utah,2052,DeShawn Stevenson,DeShawn,,,2:44,2.0,3.0,0.667,0.0,0.0,0.0,0.0,0.0,0.0,2.0,0.0,2.0,1.0,0.0,0.0,0.0,0.0,4.0,6.0
0020000626,1610612762,UTA,Utah,1345,,,, ,,,,,,,,,,,,,,,,,,,,
0020000626,1610612762,UTA,Utah,1347,,,, ,,,,,,,,,,,,,,,,,,,,
0020000626,1610612762,UTA,Utah,1348,,,, ,,,,,,,,,,,,,,,,,,,,
0020000626,1610612762,UTA,Utah,1228,,,, ,,,,,,,,,,,,,,,,,,,,
0020000626,1610612762,UTA,Utah,1372,,,, ,,,,,,,,,,,,,,,,,,,,
0020000626,1610612762,UTA,Utah,1794,,,, ,,,,,,,,,,,,,,,,,,,,
0020000629,1610612747,LAL,Los Angeles,296,Rick Fox,Rick,F,,21:60,3.0,4.0,0.75,2.0,2.0,1.0,0.0,0.0,0.0,0.0,4.0,4.0,1.0,1.0,0.0,1.0,2.0,8.0,-4.0
0020000629,1610612747,LAL,Los Angeles,270,Horace Grant,Horace,F,,26:60,1.0,8.0,0.125,0.0,0.0,0.0,1.0,4.0,0.25,2.0,2.0,4.0,0.0,0.0,1.0,0.0,1.0,3.0,-15.0
0020000629,1610612747,LAL,Los Angeles,323,Greg Foster,Greg,C,,17:33,1.0,5.0,0.2,0.0,0.0,0.0,2.0,2.0,1.0,2.0,2.0,4.0,0.0,0.0,0.0,1.0,1.0,4.0,-11.0
0020000629,1610612747,LAL,Los Angeles,977,Kobe Bryant,Kobe,G,,42:29,12.0,27.0,0.444,1.0,3.0,0.333,8.0,11.0,0.727,3.0,8.0,11.0,3.0,2.0,0.0,3.0,2.0,33.0,-16.0
0020000629,1610612747,LAL,Los Angeles,166,Ron Harper,Ron,G,,17:03,1.0,6.0,0.167,0.0,2.0,0.0,1.0,2.0,0.5,1.0,0.0,1.0,2.0,0.0,1.0,0.0,1.0,3.0,-5.0
0020000629,1610612747,LAL,Los Angeles,216,Brian Shaw,Brian,,,9:13,0.0,2.0,0.0,0.0,1.0,0.0,0.0,0.0,0.0,0.0,0.0,0.0,0.0,0.0,0.0,0.0,0.0,0.0,-16.0
0020000629,1610612747,LAL,Los Angeles,375,Isaiah Rider,Isaiah,F,,22:57,3.0,11.0,0.273,1.0,4.0,0.25,0.0,0.0,0.0,0.0,2.0,2.0,2.0,0.0,1.0,1.0,0.0,7.0,-3.0
0020000629,1610612747,LAL,Los Angeles,109,Robert Horry,Robert,G,,27:56,6.0,10.0,0.6,2.0,4.0,0.5,4.0,4.0,1.0,5.0,6.0,11.0,1.0,1.0,1.0,2.0,1.0,18.0,1.0
0020000629,1610612747,LAL,Los Angeles,1731,Tyronn Lue,Tyronn,F,,21:44,0.0,5.0,0.0,0.0,1.0,0.0,2.0,2.0,1.0,0.0,2.0,2.0,4.0,2.0,0.0,1.0,4.0,2.0,11.0
0020000629,1610612747,LAL,Los Angeles,1904,Devean George,Devean,G,,11:55,1.0,5.0,0.2,1.0,4.0,0.25,0.0,2.0,0.0,0.0,2.0,2.0,0.0,2.0,1.0,0.0,1.0,3.0,5.0
0020000629,1610612747,LAL,Los Angeles,2058,Mark Madsen,Mark,F,,20:11,0.0,3.0,0.0,0.0,0.0,0.0,0.0,0.0,0.0,4.0,5.0,9.0,0.0,2.0,0.0,0.0,3.0,0.0,3.0
0020000629,1610612747,LAL,Los Angeles,1219,,,, ,,,,,,,,,,,,,,,,,,,,
0020000629,1610612747,LAL,Los Angeles,1221,,,, ,,,,,,,,,,,,,,,,,,,,
0020000629,1610612747,LAL,Los Angeles,1223,,,, ,,,,,,,,,,,,,,,,,,,,
0020000629,1610612747,LAL,Los Angeles,1230,,,, ,,,,,,,,,,,,,,,,,,,,
0020000629,1610612747,LAL,Los Angeles,1270,,,, ,,,,,,,,,,,,,,,,,,,,
0020000629,1610612747,LAL,Los Angeles,1273,,,, ,,,,,,,,,,,,,,,,,,,,
0020000629,1610612747,LAL,Los Angeles,406,Shaquille O'Neal,Shaquille,,DND - Sore Right Foot,,,,,,,,,,,,,,,,,,,,
0020000629,1610612752,NYK,New York,913,Larry Johnson,Larry,F,,41:48,3.0,6.0,0.5,1.0,1.0,1.0,0.0,0.0,0.0,1.0,15.0,16.0,2.0,0.0,1.0,0.0,3.0,7.0,8.0
0020000629,1610612752,NYK,New York,84,Latrell Sprewell,Latrell,F,,41:59,10.0,23.0,0.435,3.0,5.0,0.6,5.0,6.0,0.833,1.0,2.0,3.0,2.0,3.0,0.0,3.0,2.0,28.0,15.0
0020000629,1610612752,NYK,New York,26,Luc Longley,Luc,C,,23:54,0.0,2.0,0.0,0.0,0.0,0.0,0.0,0.0,0.0,1.0,6.0,7.0,0.0,1.0,0.0,2.0,3.0,0.0,15.0
0020000629,1610612752,NYK,New York,275,Allan Houston,Allan,G,,41:52,14.0,27.0,0.519,3.0,7.0,0.429,2.0,2.0,1.0,0.0,5.0,5.0,2.0,0.0,0.0,2.0,2.0,33.0,11.0
0020000629,1610612752,NYK,New York,369,Charlie Ward,Charlie,G,,24:00,3.0,7.0,0.429,1.0,3.0,0.333,2.0,2.0,1.0,0.0,1.0,1.0,3.0,0.0,0.0,0.0,3.0,9.0,13.0
0020000629,1610612752,NYK,New York,779,Glen Rice,Glen,F,,27:56,3.0,8.0,0.375,1.0,2.0,0.5,0.0,0.0,0.0,4.0,6.0,10.0,0.0,1.0,1.0,3.0,3.0,7.0,-1.0
0020000629,1610612752,NYK,New York,969,Travis Knight,Travis,F,,14:31,0.0,1.0,0.0,0.0,0.0,0.0,1.0,2.0,0.5,0.0,4.0,4.0,0.0,0.0,0.0,1.0,2.0,1.0,-8.0
0020000629,1610612752,NYK,New York,164,Chris Childs,Chris,G,,24:00,1.0,4.0,0.25,0.0,2.0,0.0,4.0,4.0,1.0,0.0,1.0,1.0,3.0,0.0,1.0,3.0,3.0,6.0,-3.0
0020000629,1610612752,NYK,New York,1790,,,, ,,,,,,,,,,,,,,,,,,,,
0020000629,1610612752,NYK,New York,1791,,,, ,,,,,,,,,,,,,,,,,,,,
0020000629,1610612752,NYK,New York,2167,,,, ,,,,,,,,,,,,,,,,,,,,
0020000629,1610612752,NYK,New York,2168,,,, ,,,,,,,,,,,,,,,,,,,,
0020000629,1610612752,NYK,New York,1297,,,, ,,,,,,,,,,,,,,,,,,,,
0020000629,1610612752,NYK,New York,1298,,,, ,,,,,,,,,,,,,,,,,,,,
0020000629,1610612752,NYK,New York,1300,,,, ,,,,,,,,,,,,,,,,,,,,
0020000629,1610612752,NYK,New York,1301,,,, ,,,,,,,,,,,,,,,,,,,,
0020000629,1610612752,NYK,New York,1302,,,, ,,,,,,,,,,,,,,,,,,,,
0020000629,1610612752,NYK,New York,948,Marcus Camby,Marcus,,NWT - NBA Suspension,,,,,,,,,,,,,,,,,,,,
0020000629,1610612752,NYK,New York,280,Felton Spencer,Felton,,DNP - Coach's Decision,,,,,,,,,,,,,,,,,,,,
0020000629,1610612752,NYK,New York,1065,Erick Strickland,Erick,,DNP - Coach's Decision,,,,,,,,,,,,,,,,,,,,
0020000629,1610612752,NYK,New York,703,Kurt Thomas,Kurt,,DND - Knee Bruise/Ankle Sprain - Rt Leg,,,,,,,,,,,,,,,,,,,,
0020000630,1610612755,PHI,Philadelphia,248,George Lynch,George,G,,39:08,2.0,4.0,0.5,1.0,2.0,0.5,1.0,2.0,0.5,3.0,9.0,12.0,2.0,1.0,2.0,1.0,1.0,6.0,-4.0
0020000630,1610612755,PHI,Philadelphia,238,Tyrone Hill,Tyrone,F,,38:04,8.0,10.0,0.8,0.0,0.0,0.0,2.0,3.0,0.667,4.0,7.0,11.0,0.0,1.0,1.0,2.0,3.0,18.0,4.0
0020000630,1610612755,PHI,Philadelphia,689,Theo Ratliff,Theo,G,,29:04,5.0,11.0,0.455,0.0,0.0,0.0,2.0,3.0,0.667,3.0,6.0,9.0,0.0,2.0,1.0,5.0,4.0,12.0,0.0
0020000630,1610612755,PHI,Philadelphia,243,Aaron McKie,Aaron,G,,41:17,4.0,16.0,0.25,0.0,1.0,0.0,3.0,4.0,0.75,3.0,3.0,6.0,6.0,2.0,0.0,3.0,2.0,11.0,9.0
0020000630,1610612755,PHI,Philadelphia,947,Allen Iverson,Allen,G,,45:35,6.0,25.0,0.24,1.0,3.0,0.333,14.0,17.0,0.824,0.0,1.0,1.0,8.0,2.0,0.0,4.0,5.0,27.0,9.0
0020000630,1610612755,PHI,Philadelphia,1908,Jumaine Jones,Jumaine,F,,8:19,1.0,3.0,0.333,0.0,0.0,0.0,1.0,2.0,0.5,1.0,4.0,5.0,0.0,1.0,0.0,0.0,0.0,3.0,3.0
0020000630,1610612755,PHI,Philadelphia,1928,Todd MacCulloch,Todd,G,,17:54,0.0,2.0,0.0,0.0,0.0,0.0,0.0,0.0,0.0,1.0,1.0,2.0,0.0,0.0,0.0,1.0,2.0,0.0,-1.0
0020000630,1610612755,PHI,Philadelphia,1563,Kevin Ollie,Kevin,,,6:13,1.0,2.0,0.5,0.0,0.0,0.0,0.0,0.0,0.0,0.0,0.0,0.0,1.0,0.0,0.0,0.0,0.0,2.0,-5.0
0020000630,1610612755,PHI,Philadelphia,1934,Rodney Buford,Rodney,C,,14:26,3.0,6.0,0.5,1.0,2.0,0.5,0.0,0.0,0.0,1.0,1.0,2.0,0.0,1.0,0.0,1.0,1.0,7.0,10.0
0020000630,1610612755,PHI,Philadelphia,2169,,,, ,,,,,,,,,,,,,,,,,,,,
0020000630,1610612755,PHI,Philadelphia,1865,,,, ,,,,,,,,,,,,,,,,,,,,
0020000630,1610612755,PHI,Philadelphia,1308,,,, ,,,,,,,,,,,,,,,,,,,,
0020000630,1610612755,PHI,Philadelphia,1312,,,, ,,,,,,,,,,,,,,,,,,,,
0020000630,1610612755,PHI,Philadelphia,1313,,,, ,,,,,,,,,,,,,,,,,,,,
0020000630,1610612755,PHI,Philadelphia,1212,,,, ,,,,,,,,,,,,,,,,,,,,
0020000630,1610612755,PHI,Philadelphia,1259,,,, ,,,,,,,,,,,,,,,,,,,,
0020000630,1610612755,PHI,Philadelphia,389,Toni Kukoc,Toni,,DND - Not With Team,,,,,,,,,,,,,,,,,,,,
0020000630,1610612755,PHI,Philadelphia,1737,Nazr Mohammed,Nazr,,DNP - Coach's Decision,,,,,,,,,,,,,,,,,,,,
0020000630,1610612755,PHI,Philadelphia,2143,Pepe Sanchez,Pepe,,DNP - Coach's Decision,,,,,,,,,,,,,,,,,,,,
0020000630,1610612754,IND,Indiana,365,Derrick McKey,Derrick,F,,4:10,0.0,0.0,0.0,0.0,0.0,0.0,0.0,0.0,0.0,0.0,1.0,1.0,2.0,0.0,0.0,1.0,1.0,0.0,0.0
0020000630,1610612754,IND,Indiana,64,Sam Perkins,Sam,F,,4:30,0.0,0.0,0.0,0.0,0.0,0.0,0.0,0.0,0.0,0.0,0.0,0.0,1.0,0.0,0.0,0.0,1.0,0.0,2.0
0020000630,1610612754,IND,Indiana,979,Jermaine O'Neal,Jermaine,G,,32:31,6.0,10.0,0.6,0.0,0.0,0.0,0.0,2.0,0.0,4.0,9.0,13.0,1.0,0.0,5.0,4.0,4.0,12.0,-4.0
0020000630,1610612754,IND,Indiana,397,Reggie Miller,Reggie,G,,41:17,7.0,20.0,0.35,2.0,8.0,0.25,2.0,2.0,1.0,2.0,3.0,5.0,7.0,0.0,1.0,1.0,5.0,18.0,-4.0
0020000630,1610612754,IND,Indiana,147,Jalen Rose,Jalen,G,,43:12,6.0,20.0,0.3,2.0,4.0,0.5,0.0,0.0,0.0,2.0,4.0,6.0,5.0,1.0,2.0,4.0,3.0,14.0,-10.0
0020000630,1610612754,IND,Indiana,696,Travis Best,Travis,G,,40:51,3.0,12.0,0.25,0.0,0.0,0.0,3.0,4.0,0.75,0.0,3.0,3.0,4.0,1.0,0.0,3.0,6.0,9.0,-2.0
0020000630,1610612754,IND,Indiana,1506,Austin Croshere,Austin,,,22:11,4.0,11.0,0.364,2.0,4.0,0.5,2.0,2.0,1.0,3.0,2.0,5.0,0.0,0.0,0.0,2.0,3.0,12.0,-1.0
0020000630,1610612754,IND,Indiana,1733,Al Harrington,Al,F,,18:05,5.0,5.0,1.0,0.0,0.0,0.0,0.0,0.0,0.0,0.0,0.0,0.0,0.0,1.0,0.0,2.0,2.0,10.0,-6.0
0020000630,1610612754,IND,Indiana,1902,Jeff Foster,Jeff,F,,32:53,3.0,3.0,1.0,0.0,0.0,0.0,0.0,0.0,0.0,3.0,7.0,10.0,0.0,0.0,2.0,0.0,4.0,6.0,-2.0
0020000630,1610612754,IND,Indiana,1886,Jonathan Bender,Jonathan,,,0:20,0.0,0.0,0.0,0.0,0.0,0.0,0.0,0.0,0.0,0.0,0.0,0.0,0.0,0.0,0.0,0.0,0.0,0.0,2.0
0020000630,1610612754,IND,Indiana,1857,,,, ,,,,,,,,,,,,,,,,,,,,
0020000630,1610612754,IND,Indiana,2099,,,, ,,,,,,,,,,,,,,,,,,,,
0020000630,1610612754,IND,Indiana,2100,,,, ,,,,,,,,,,,,,,,,,,,,
0020000630,1610612754,IND,Indiana,2165,,,, ,,,,,,,,,,,,,,,,,,,,
0020000630,1610612754,IND,Indiana,1263,,,, ,,,,,,,,,,,,,,,,,,,,
0020000630,1610612754,IND,Indiana,1299,,,, ,,,,,,,,,,,,,,,,,,,,
0020000630,1610612754,IND,Indiana,1306,,,, ,,,,,,,,,,,,,,,,,,,,
0020000630,1610612754,IND,Indiana,371,Terry Mills,Terry,,DNP - Coach's Decision,,,,,,,,,,,,,,,,,,,,
0020000630,1610612754,IND,Indiana,440,Zan Tabak,Zan,,DNP - Coach's Decision,,,,,,,,,,,,,,,,,,,,
0020000637,1610612766,CHH,Charlotte,136,P.J. Brown,P.J.,F,,35:35,4.0,7.0,0.571,0.0,0.0,0.0,3.0,3.0,1.0,3.0,8.0,11.0,0.0,0.0,2.0,1.0,4.0,11.0,4.0
0020000637,1610612766,CHH,Charlotte,469,Jamal Mashburn,Jamal,F,,40:27,12.0,18.0,0.667,1.0,2.0,0.5,2.0,4.0,0.5,2.0,6.0,8.0,6.0,1.0,0.0,3.0,1.0,27.0,6.0
0020000637,1610612766,CHH,Charlotte,922,Elden Campbell,Elden,G,,29:19,7.0,14.0,0.5,0.0,0.0,0.0,1.0,2.0,0.5,2.0,10.0,12.0,0.0,0.0,3.0,3.0,3.0,15.0,-3.0
0020000637,1610612766,CHH,Charlotte,133,David Wesley,David,G,,39:30,4.0,18.0,0.222,2.0,7.0,0.286,2.0,2.0,1.0,0.0,4.0,4.0,3.0,1.0,0.0,1.0,3.0,12.0,7.0
0020000637,1610612766,CHH,Charlotte,1884,Baron Davis,Baron,G,,43:18,4.0,14.0,0.286,0.0,4.0,0.0,4.0,6.0,0.667,4.0,3.0,7.0,12.0,3.0,0.0,3.0,3.0,12.0,10.0
0020000637,1610612766,CHH,Charlotte,2048,Jamaal Magloire,Jamaal,,,18:08,1.0,3.0,0.333,0.0,0.0,0.0,1.0,2.0,0.5,3.0,4.0,7.0,0.0,0.0,2.0,1.0,2.0,3.0,11.0
0020000637,1610612766,CHH,Charlotte,901,Otis Thorpe,Otis,G,,12:25,1.0,3.0,0.333,0.0,0.0,0.0,2.0,2.0,1.0,1.0,2.0,3.0,0.0,1.0,0.0,0.0,1.0,4.0,4.0
0020000637,1610612766,CHH,Charlotte,1944,Eddie Robinson,Eddie,G,,13:12,2.0,5.0,0.4,0.0,0.0,0.0,0.0,0.0,0.0,1.0,1.0,2.0,0.0,2.0,0.0,1.0,1.0,4.0,-1.0
0020000637,1610612766,CHH,Charlotte,1924,Lee Nailon,Lee,G,,7:33,1.0,2.0,0.5,0.0,0.0,0.0,3.0,3.0,1.0,0.0,1.0,1.0,0.0,0.0,1.0,2.0,1.0,5.0,2.0
0020000637,1610612766,CHH,Charlotte,765,Hersey Hawkins,Hersey,,,0:34,0.0,0.0,0.0,0.0,0.0,0.0,0.0,0.0,0.0,0.0,0.0,0.0,0.0,0.0,0.0,0.0,0.0,0.0,0.0
0020000637,1610612766,CHH,Charlotte,1218,,,, ,,,,,,,,,,,,,,,,,,,,
0020000637,1610612766,CHH,Charlotte,1215,,,, ,,,,,,,,,,,,,,,,,,,,
0020000637,1610612766,CHH,Charlotte,1992,,,, ,,,,,,,,,,,,,,,,,,,,
0020000637,1610612766,CHH,Charlotte,1316,,,, ,,,,,,,,,,,,,,,,,,,,
0020000637,1610612766,CHH,Charlotte,2152,,,, ,,,,,,,,,,,,,,,,,,,,
0020000637,1610612766,CHH,Charlotte,934,Derrick Coleman,Derrick,,DNP - Coach's Decision,,,,,,,,,,,,,,,,,,,,
0020000637,1610612766,CHH,Charlotte,77,Doug Overton,Doug,,DNP - Coach's Decision,,,,,,,,,,,,,,,,,,,,
0020000637,1610612744,GSW,Golden State,1712,Antawn Jamison,Antawn,G,,46:53,13.0,26.0,0.5,3.0,5.0,0.6,2.0,3.0,0.667,3.0,8.0,11.0,1.0,0.0,1.0,3.0,3.0,31.0,-5.0
0020000637,1610612744,GSW,Golden State,682,Bob Sura,Bob,G,,37:34,2.0,10.0,0.2,0.0,2.0,0.0,0.0,4.0,0.0,1.0,2.0,3.0,6.0,0.0,0.0,3.0,2.0,4.0,-10.0
0020000637,1610612744,GSW,Golden State,1531,Marc Jackson,Marc,F,,33:01,6.0,14.0,0.429,0.0,0.0,0.0,1.0,1.0,1.0,4.0,4.0,8.0,1.0,0.0,1.0,1.0,4.0,13.0,-9.0
0020000637,1610612744,GSW,Golden State,1716,Larry Hughes,Larry,G,,38:57,7.0,20.0,0.35,0.0,2.0,0.0,5.0,6.0,0.833,3.0,8.0,11.0,6.0,0.0,0.0,2.0,3.0,19.0,1.0
0020000637,1610612744,GSW,Golden State,302,Mookie Blaylock,Mookie,G,,42:53,5.0,16.0,0.313,1.0,7.0,0.143,3.0,4.0,0.75,0.0,6.0,6.0,6.0,3.0,0.0,1.0,1.0,14.0,-3.0
0020000637,1610612744,GSW,Golden State,1502,Adonal Foyle,Adonal,G,,27:36,2.0,6.0,0.333,0.0,0.0,0.0,0.0,0.0,0.0,3.0,3.0,6.0,0.0,1.0,4.0,0.0,1.0,4.0,0.0
0020000637,1610612744,GSW,Golden State,228,Adam Keefe,Adam,F,,6:14,0.0,0.0,0.0,0.0,0.0,0.0,0.0,0.0,0.0,1.0,1.0,2.0,2.0,2.0,0.0,0.0,1.0,0.0,-8.0
0020000637,1610612744,GSW,Golden State,1907,Vonteego Cummings,Vonteego,F,,6:52,0.0,1.0,0.0,0.0,0.0,0.0,0.0,0.0,0.0,0.0,0.0,0.0,0.0,0.0,0.0,2.0,3.0,0.0,-6.0
0020000637,1610612744,GSW,Golden State,1217,,,, ,,,,,,,,,,,,,,,,,,,,
0020000637,1610612744,GSW,Golden State,1637,,,, ,,,,,,,,,,,,,,,,,,,,
0020000637,1610612744,GSW,Golden State,1323,,,, ,,,,,,,,,,,,,,,,,,,,
0020000637,1610612744,GSW,Golden State,1350,,,, ,,,,,,,,,,,,,,,,,,,,
0020000637,1610612744,GSW,Golden State,1373,,,, ,,,,,,,,,,,,,,,,,,,,
0020000637,1610612744,GSW,Golden State,1252,,,, ,,,,,,,,,,,,,,,,,,,,
0020000637,1610612744,GSW,Golden State,500093,,,, ,,,,,,,,,,,,,,,,,,,,
0020000637,1610612744,GSW,Golden State,916,Corie Blount,Corie,,DNP - Coach's Decision,,,,,,,,,,,,,,,,,,,,
0020000637,1610612744,GSW,Golden State,2092,Ruben Garces,Ruben,,DNP - Coach's Decision,,,,,,,,,,,,,,,,,,,,
0020000637,1610612744,GSW,Golden State,2101,Paul McPherson,Paul,,DNP - Coach's Decision,,,,,,,,,,,,,,,,,,,,
0020000637,1610612744,GSW,Golden State,904,Chris Mullin,Chris,,DNP - Coach's Decision,,,,,,,,,,,,,,,,,,,,
0020000637,1610612744,GSW,Golden State,2084,Chris Porter,Chris,,DND - Sprained Left Ankle,,,,,,,,,,,,,,,,,,,,
0020000634,1610612749,MIL,Milwaukee,299,Glenn Robinson,Glenn,F,,44:00,8.0,20.0,0.4,0.0,3.0,0.0,9.0,13.0,0.692,3.0,7.0,10.0,2.0,5.0,0.0,1.0,2.0,25.0,5.0
0020000634,1610612749,MIL,Milwaukee,998,Mark Pope,Mark,G,,15:58,1.0,4.0,0.25,0.0,0.0,0.0,0.0,0.0,0.0,2.0,3.0,5.0,0.0,0.0,1.0,0.0,1.0,2.0,-9.0
0020000634,1610612749,MIL,Milwaukee,2038,Joel Przybilla,Joel,F,,13:47,0.0,0.0,0.0,0.0,0.0,0.0,0.0,0.0,0.0,1.0,3.0,4.0,0.0,1.0,0.0,1.0,3.0,0.0,-4.0
0020000634,1610612749,MIL,Milwaukee,951,Ray Allen,Ray,G,,37:31,8.0,21.0,0.381,0.0,4.0,0.0,8.0,9.0,0.889,1.0,3.0,4.0,2.0,0.0,0.0,3.0,1.0,24.0,-12.0
0020000634,1610612749,MIL,Milwaukee,283,Lindsey Hunter,Lindsey,G,,33:54,4.0,13.0,0.308,2.0,5.0,0.4,4.0,4.0,1.0,1.0,1.0,2.0,3.0,2.0,0.0,4.0,4.0,14.0,-10.0
0020000634,1610612749,MIL,Milwaukee,911,Ervin Johnson,Ervin,G,,33:39,2.0,5.0,0.4,0.0,0.0,0.0,0.0,0.0,0.0,2.0,10.0,12.0,1.0,0.0,1.0,0.0,4.0,4.0,-1.0
0020000634,1610612749,MIL,Milwaukee,1501,Tim Thomas,Tim,G,,26:14,6.0,13.0,0.462,3.0,5.0,0.6,3.0,6.0,0.5,1.0,2.0,3.0,1.0,1.0,0.0,0.0,1.0,18.0,7.0
0020000634,1610612749,MIL,Milwaukee,1747,Rafer Alston,Rafer,F,,16:19,1.0,3.0,0.333,1.0,1.0,1.0,0.0,0.0,0.0,0.0,0.0,0.0,8.0,1.0,0.0,0.0,1.0,3.0,6.0
0020000634,1610612749,MIL,Milwaukee,281,Scott Williams,Scott,G,,18:38,3.0,3.0,1.0,0.0,0.0,0.0,0.0,0.0,0.0,0.0,5.0,5.0,0.0,0.0,0.0,2.0,5.0,6.0,3.0
0020000634,1610612749,MIL,Milwaukee,1334,,,, ,,,,,,,,,,,,,,,,,,,,
0020000634,1610612749,MIL,Milwaukee,1337,,,, ,,,,,,,,,,,,,,,,,,,,
0020000634,1610612749,MIL,Milwaukee,1355,,,, ,,,,,,,,,,,,,,,,,,,,
0020000634,1610612749,MIL,Milwaukee,1796,,,, ,,,,,,,,,,,,,,,,,,,,
0020000634,1610612749,MIL,Milwaukee,1797,,,, ,,,,,,,,,,,,,,,,,,,,
0020000634,1610612749,MIL,Milwaukee,2157,,,, ,,,,,,,,,,,,,,,,,,,,
0020000634,1610612749,MIL,Milwaukee,679,Jason Caffey,Jason,,DND - Sore Lt. Leg,,,,,,,,,,,,,,,,,,,,
0020000634,1610612749,MIL,Milwaukee,208,Sam Cassell,Sam,,DND - Bronchitis,,,,,,,,,,,,,,,,,,,,
0020000634,1610612749,MIL,Milwaukee,760,Jerome Kersey,Jerome,,DNP - Coach's Decision,,,,,,,,,,,,,,,,,,,,
0020000634,1610612750,MIN,Minnesota,1887,Wally Szczerbiak,Wally,G,,32:27,7.0,14.0,0.5,0.0,0.0,0.0,0.0,0.0,0.0,1.0,4.0,5.0,2.0,0.0,0.0,2.0,4.0,14.0,22.0
0020000634,1610612750,MIN,Minnesota,708,Kevin Garnett,Kevin,G,,41:45,13.0,26.0,0.5,0.0,0.0,0.0,3.0,7.0,0.429,5.0,13.0,18.0,6.0,1.0,1.0,4.0,4.0,29.0,10.0
0020000634,1610612750,MIN,Minnesota,1725,Rasho Nesterovic,Rasho,C,,23:34,2.0,5.0,0.4,0.0,0.0,0.0,0.0,0.0,0.0,1.0,4.0,5.0,1.0,1.0,2.0,0.0,2.0,4.0,5.0
0020000634,1610612750,MIN,Minnesota,324,Anthony Peeler,Anthony,G,,25:55,3.0,6.0,0.5,2.0,4.0,0.5,0.0,0.0,0.0,0.0,2.0,2.0,1.0,0.0,0.0,0.0,3.0,8.0,5.0
0020000634,1610612750,MIN,Minnesota,210,Terrell Brandon,Terrell,G,,43:10,8.0,11.0,0.727,1.0,1.0,1.0,3.0,3.0,1.0,0.0,3.0,3.0,16.0,2.0,0.0,5.0,1.0,20.0,8.0
0020000634,1610612750,MIN,Minnesota,103,Todd Day,Todd,F,,16:28,2.0,7.0,0.286,2.0,5.0,0.4,1.0,2.0,0.5,0.0,1.0,1.0,1.0,0.0,1.0,1.0,2.0,7.0,1.0
0020000634,1610612750,MIN,Minnesota,1051,Dean Garrett,Dean,F,,3:55,0.0,0.0,0.0,0.0,0.0,0.0,0.0,0.0,0.0,0.0,2.0,2.0,0.0,0.0,1.0,0.0,0.0,0.0,-2.0
0020000634,1610612750,MIN,Minnesota,111,LaPhonso Ellis,LaPhonso,F,,27:29,3.0,7.0,0.429,0.0,0.0,0.0,5.0,6.0,0.833,1.0,3.0,4.0,1.0,0.0,2.0,0.0,4.0,11.0,-7.0
0020000634,1610612750,MIN,Minnesota,417,Sam Mitchell,Sam,F,,7:15,0.0,2.0,0.0,0.0,0.0,0.0,1.0,2.0,0.5,0.0,1.0,1.0,0.0,0.0,0.0,1.0,1.0,1.0,-13.0
0020000634,1610612750,MIN,Minnesota,1895,William Avery,William,G,,4:50,0.0,1.0,0.0,0.0,1.0,0.0,0.0,0.0,0.0,0.0,0.0,0.0,0.0,0.0,0.0,0.0,1.0,0.0,-5.0
0020000634,1610612750,MIN,Minnesota,1073,Reggie Slater,Reggie,C,,8:20,2.0,3.0,0.667,0.0,0.0,0.0,0.0,0.0,0.0,3.0,2.0,5.0,1.0,0.0,0.0,1.0,1.0,4.0,-6.0
0020000634,1610612750,MIN,Minnesota,1497,Chauncey Billups,Chauncey,,,4:52,0.0,1.0,0.0,0.0,1.0,0.0,1.0,2.0,0.5,0.0,0.0,0.0,0.0,0.0,0.0,0.0,2.0,1.0,-3.0
0020000634,1610612750,MIN,Minnesota,1290,,,, ,,,,,,,,,,,,,,,,,,,,
0020000634,1610612750,MIN,Minnesota,1291,,,, ,,,,,,,,,,,,,,,,,,,,
0020000634,1610612750,MIN,Minnesota,847,,,, ,,,,,,,,,,,,,,,,,,,,
0020000634,1610612750,MIN,Minnesota,2158,,,, ,,,,,,,,,,,,,,,,,,,,
0020000634,1610612750,MIN,Minnesota,2159,,,, ,,,,,,,,,,,,,,,,,,,,
0020000634,1610612750,MIN,Minnesota,2146,,,, ,,,,,,,,,,,,,,,,,,,,
0020000638,1610612751,NJN,New Jersey,2030,Kenyon Martin,Kenyon,F,,40:49,9.0,14.0,0.643,0.0,0.0,0.0,1.0,2.0,0.5,3.0,6.0,9.0,2.0,1.0,4.0,3.0,4.0,19.0,1.0
0020000638,1610612751,NJN,New Jersey,1496,Keith Van Horn,Keith,G,,14:31,1.0,4.0,0.25,1.0,1.0,1.0,0.0,0.0,0.0,0.0,2.0,2.0,0.0,0.0,0.0,2.0,6.0,3.0,-17.0
0020000638,1610612751,NJN,New Jersey,1425,Aaron Williams,Aaron,G,,32:20,6.0,10.0,0.6,0.0,0.0,0.0,1.0,2.0,0.5,2.0,7.0,9.0,2.0,0.0,0.0,2.0,5.0,13.0,-9.0
0020000638,1610612751,NJN,New Jersey,446,Lucious Harris,Lucious,G,,13:18,3.0,6.0,0.5,0.0,1.0,0.0,1.0,1.0,1.0,0.0,3.0,3.0,0.0,1.0,0.0,0.0,0.0,7.0,10.0
0020000638,1610612751,NJN,New Jersey,950,Stephon Marbury,Stephon,G,,40:47,7.0,22.0,0.318,2.0,7.0,0.286,3.0,7.0,0.429,0.0,2.0,2.0,11.0,1.0,0.0,1.0,4.0,19.0,0.0
0020000638,1610612751,NJN,New Jersey,1915,Evan Eschmeyer,Evan,G,,22:11,2.0,2.0,1.0,0.0,0.0,0.0,4.0,5.0,0.8,1.0,3.0,4.0,1.0,0.0,0.0,0.0,3.0,8.0,14.0
0020000638,1610612751,NJN,New Jersey,1536,Stephen Jackson,Stephen,F,,25:18,1.0,4.0,0.25,0.0,1.0,0.0,0.0,0.0,0.0,0.0,1.0,1.0,2.0,0.0,1.0,2.0,4.0,2.0,-15.0
0020000638,1610612751,NJN,New Jersey,271,Johnny Newman,Johnny,F,,33:15,4.0,10.0,0.4,1.0,4.0,0.25,3.0,4.0,0.75,0.0,2.0,2.0,0.0,1.0,0.0,3.0,5.0,12.0,-18.0
0020000638,1610612751,NJN,New Jersey,428,Sherman Douglas,Sherman,G,,17:31,1.0,7.0,0.143,0.0,1.0,0.0,1.0,2.0,0.5,1.0,1.0,2.0,3.0,0.0,0.0,0.0,0.0,3.0,-21.0
0020000638,1610612751,NJN,New Jersey,1303,,,, ,,,,,,,,,,,,,,,,,,,,
0020000638,1610612751,NJN,New Jersey,1324,,,, ,,,,,,,,,,,,,,,,,,,,
0020000638,1610612751,NJN,New Jersey,1673,,,, ,,,,,,,,,,,,,,,,,,,,
0020000638,1610612751,NJN,New Jersey,1776,,,, ,,,,,,,,,,,,,,,,,,,,
0020000638,1610612751,NJN,New Jersey,1789,,,, ,,,,,,,,,,,,,,,,,,,,
0020000638,1610612751,NJN,New Jersey,1876,,,, ,,,,,,,,,,,,,,,,,,,,
0020000638,1610612751,NJN,New Jersey,2009,,,, ,,,,,,,,,,,,,,,,,,,,
0020000638,1610612751,NJN,New Jersey,383,Kendall Gill,Kendall,,NWT - right knee tendinitis,,,,,,,,,,,,,,,,,,,,
0020000638,1610612751,NJN,New Jersey,2066,Soumaila Samake,Soumaila,,DNP - Coach's Decision,,,,,,,,,,,,,,,,,,,,
0020000638,1610612751,NJN,New Jersey,1735,Vladimir Stepania,Vladimir,,DNP - Coach's Decision,,,,,,,,,,,,,,,,,,,,
0020000638,1610612763,VAN,Vancouver,949,Shareef Abdur-Rahim,Shareef,F,,45:42,10.0,16.0,0.625,0.0,1.0,0.0,4.0,9.0,0.444,1.0,10.0,11.0,1.0,1.0,2.0,3.0,2.0,24.0,16.0
0020000638,1610612763,VAN,Vancouver,970,Othella Harrington,Othella,G,,13:53,0.0,2.0,0.0,0.0,0.0,0.0,5.0,6.0,0.833,1.0,3.0,4.0,0.0,1.0,1.0,3.0,4.0,5.0,6.0
0020000638,1610612763,VAN,Vancouver,735,Bryant Reeves,Bryant,G,,37:25,2.0,5.0,0.4,0.0,0.0,0.0,4.0,4.0,1.0,1.0,7.0,8.0,2.0,0.0,3.0,1.0,4.0,8.0,15.0
0020000638,1610612763,VAN,Vancouver,1722,Michael Dickerson,Michael,G,,36:46,7.0,16.0,0.438,0.0,2.0,0.0,10.0,12.0,0.833,0.0,1.0,1.0,3.0,0.0,1.0,3.0,3.0,24.0,-3.0
0020000638,1610612763,VAN,Vancouver,1710,Mike Bibby,Mike,G,,41:30,6.0,14.0,0.429,1.0,4.0,0.25,1.0,2.0,0.5,1.0,3.0,4.0,12.0,1.0,0.0,3.0,4.0,14.0,-5.0
0020000638,1610612763,VAN,Vancouver,2031,Stromile Swift,Stromile,,,7:26,0.0,0.0,0.0,0.0,0.0,0.0,0.0,0.0,0.0,1.0,2.0,3.0,0.0,0.0,1.0,2.0,1.0,0.0,-11.0
0020000638,1610612763,VAN,Vancouver,1800,Damon Jones,Damon,G,,22:46,6.0,11.0,0.545,3.0,7.0,0.429,0.0,0.0,0.0,0.0,2.0,2.0,4.0,2.0,0.0,0.0,1.0,15.0,25.0
0020000638,1610612763,VAN,Vancouver,1134,Ike Austin,Ike,F,,9:44,0.0,1.0,0.0,0.0,0.0,0.0,0.0,0.0,0.0,0.0,2.0,2.0,1.0,0.0,0.0,1.0,1.0,0.0,-4.0
0020000638,1610612763,VAN,Vancouver,3,Grant Long,Grant,G,,24:48,1.0,2.0,0.5,0.0,0.0,0.0,5.0,6.0,0.833,1.0,5.0,6.0,1.0,4.0,0.0,3.0,2.0,7.0,16.0
0020000638,1610612763,VAN,Vancouver,1795,,,, ,,,,,,,,,,,,,,,,,,,,
0020000638,1610612763,VAN,Vancouver,2163,,,, ,,,,,,,,,,,,,,,,,,,,
0020000638,1610612763,VAN,Vancouver,2164,,,, ,,,,,,,,,,,,,,,,,,,,
0020000638,1610612763,VAN,Vancouver,2170,,,, ,,,,,,,,,,,,,,,,,,,,
0020000638,1610612763,VAN,Vancouver,1994,,,, ,,,,,,,,,,,,,,,,,,,,
0020000638,1610612763,VAN,Vancouver,1226,,,, ,,,,,,,,,,,,,,,,,,,,
0020000638,1610612763,VAN,Vancouver,1356,,,, ,,,,,,,,,,,,,,,,,,,,
0020000638,1610612763,VAN,Vancouver,1358,,,, ,,,,,,,,,,,,,,,,,,,,
0020000638,1610612763,VAN,Vancouver,888,,,, ,,,,,,,,,,,,,,,,,,,,
0020000638,1610612763,VAN,Vancouver,51,Mahmoud Abdul-Rauf,Mahmoud,,DNP - Coach's Decision,,,,,,,,,,,,,,,,,,,,
0020000638,1610612763,VAN,Vancouver,763,Tony Massenburg,Tony,,DNP - Coach's Decision,,,,,,,,,,,,,,,,,,,,
0020000638,1610612763,VAN,Vancouver,85,Brent Price,Brent,,DNP - Coach's Decision,,,,,,,,,,,,,,,,,,,,
0020000632,1610612739,CLE,Cleveland,441,Lamond Murray,Lamond,F,,24:46,2.0,10.0,0.2,0.0,0.0,0.0,0.0,0.0,0.0,0.0,1.0,1.0,0.0,1.0,1.0,3.0,0.0,4.0,-9.0
0020000632,1610612739,CLE,Cleveland,221,Clar. Weatherspoon,Clar.,F,,26:57,5.0,10.0,0.5,0.0,0.0,0.0,0.0,0.0,0.0,2.0,5.0,7.0,0.0,2.0,0.0,1.0,3.0,10.0,-7.0
0020000632,1610612739,CLE,Cleveland,1714,Robert Traylor,Robert,C,,29:01,4.0,6.0,0.667,0.0,0.0,0.0,1.0,3.0,0.333,5.0,4.0,9.0,2.0,2.0,2.0,3.0,4.0,9.0,1.0
0020000632,1610612739,CLE,Cleveland,754,Jim Jackson,Jim,G,,31:18,7.0,15.0,0.467,0.0,2.0,0.0,0.0,0.0,0.0,0.0,3.0,3.0,2.0,0.0,0.0,2.0,2.0,14.0,-15.0
0020000632,1610612739,CLE,Cleveland,1889,Andre Miller,Andre,G,,34:26,5.0,17.0,0.294,0.0,0.0,0.0,2.0,4.0,0.5,1.0,2.0,3.0,10.0,3.0,0.0,4.0,1.0,12.0,0.0
0020000632,1610612739,CLE,Cleveland,2036,Chris Mihm,Chris,G,,16:26,1.0,6.0,0.167,0.0,0.0,0.0,2.0,2.0,1.0,4.0,6.0,10.0,0.0,0.0,0.0,0.0,4.0,4.0,-9.0
0020000632,1610612739,CLE,Cleveland,1538,Cedric Henderson,Cedric,F,,23:14,5.0,7.0,0.714,0.0,0.0,0.0,0.0,0.0,0.0,0.0,0.0,0.0,2.0,2.0,1.0,1.0,4.0,10.0,3.0
0020000632,1610612739,CLE,Cleveland,902,Bimbo Coles,Bimbo,G,,13:34,1.0,4.0,0.25,0.0,1.0,0.0,1.0,2.0,0.5,0.0,0.0,0.0,4.0,0.0,1.0,1.0,3.0,3.0,-6.0
0020000632,1610612739,CLE,Cleveland,1892,Trajan Langdon,Trajan,G,,16:42,3.0,4.0,0.75,1.0,2.0,0.5,3.0,3.0,1.0,0.0,1.0,1.0,1.0,0.0,0.0,1.0,2.0,10.0,9.0
0020000632,1610612739,CLE,Cleveland,423,Chris Gatling,Chris,F,,21:15,4.0,7.0,0.571,1.0,2.0,0.5,4.0,5.0,0.8,2.0,3.0,5.0,0.0,0.0,0.0,2.0,2.0,13.0,8.0
0020000632,1610612739,CLE,Cleveland,359,Chucky Brown,Chucky,,,2:21,0.0,0.0,0.0,0.0,0.0,0.0,0.0,2.0,0.0,0.0,0.0,0.0,0.0,0.0,0.0,1.0,0.0,0.0,-5.0
0020000632,1610612739,CLE,Cleveland,1285,,,, ,,,,,,,,,,,,,,,,,,,,
0020000632,1610612739,CLE,Cleveland,1289,,,, ,,,,,,,,,,,,,,,,,,,,
0020000632,1610612739,CLE,Cleveland,1311,,,, ,,,,,,,,,,,,,,,,,,,,
0020000632,1610612739,CLE,Cleveland,2096,,,, ,,,,,,,,,,,,,,,,,,,,
0020000632,1610612739,CLE,Cleveland,1638,,,, ,,,,,,,,,,,,,,,,,,,,
0020000632,1610612739,CLE,Cleveland,2006,,,, ,,,,,,,,,,,,,,,,,,,,
0020000632,1610612739,CLE,Cleveland,1533,Anthony Johnson,Anthony,,DNP - Coach's Decision,,,,,,,,,,,,,,,,,,,,
0020000632,1610612764,WAS,Washington,63,Michael Smith,Michael,F,,20:07,2.0,3.0,0.667,0.0,0.0,0.0,0.0,0.0,0.0,2.0,9.0,11.0,1.0,2.0,1.0,0.0,1.0,4.0,10.0
0020000632,1610612764,WAS,Washington,436,Juwan Howard,Juwan,F,,35:59,10.0,20.0,0.5,0.0,0.0,0.0,4.0,4.0,1.0,0.0,4.0,4.0,1.0,3.0,0.0,2.0,3.0,24.0,3.0
0020000632,1610612764,WAS,Washington,1916,Calvin Booth,Calvin,C,,13:15,2.0,4.0,0.5,0.0,0.0,0.0,0.0,0.0,0.0,1.0,5.0,6.0,1.0,1.0,4.0,0.0,2.0,4.0,8.0
0020000632,1610612764,WAS,Washington,1888,Richard Hamilton,Richard,G,,27:14,4.0,10.0,0.4,0.0,1.0,0.0,6.0,6.0,1.0,0.0,2.0,2.0,3.0,1.0,0.0,5.0,1.0,14.0,7.0
0020000632,1610612764,WAS,Washington,43,Chris Whitney,Chris,G,,26:27,3.0,5.0,0.6,2.0,4.0,0.5,0.0,0.0,0.0,0.0,2.0,2.0,4.0,0.0,1.0,1.0,2.0,8.0,9.0
0020000632,1610612764,WAS,Washington,1751,Jahidi White,Jahidi,G,,27:42,2.0,4.0,0.5,0.0,0.0,0.0,4.0,8.0,0.5,2.0,6.0,8.0,0.0,0.0,4.0,5.0,4.0,8.0,-6.0
0020000632,1610612764,WAS,Washington,1838,Tyrone Nesby,Tyrone,G,,28:13,3.0,9.0,0.333,0.0,2.0,0.0,4.0,4.0,1.0,2.0,1.0,3.0,1.0,2.0,0.0,1.0,3.0,10.0,2.0
0020000632,1610612764,WAS,Washington,782,Mitch Richmond,Mitch,F,,27:18,4.0,10.0,0.4,1.0,5.0,0.2,3.0,5.0,0.6,0.0,2.0,2.0,1.0,0.0,0.0,0.0,0.0,12.0,-5.0
0020000632,1610612764,WAS,Washington,393,Rod Strickland,Rod,F,,21:33,2.0,5.0,0.4,0.0,0.0,0.0,5.0,6.0,0.833,2.0,1.0,3.0,2.0,2.0,0.0,3.0,2.0,9.0,-3.0
0020000632,1610612764,WAS,Washington,461,Popeye Jones,Popeye,F,,12:12,1.0,2.0,0.5,0.0,0.0,0.0,0.0,0.0,0.0,1.0,2.0,3.0,1.0,0.0,0.0,0.0,2.0,2.0,5.0
0020000632,1610612764,WAS,Washington,1340,,,, ,,,,,,,,,,,,,,,,,,,,
0020000632,1610612764,WAS,Washington,1360,,,, ,,,,,,,,,,,,,,,,,,,,
0020000632,1610612764,WAS,Washington,1245,,,, ,,,,,,,,,,,,,,,,,,,,
0020000632,1610612764,WAS,Washington,1251,,,, ,,,,,,,,,,,,,,,,,,,,
0020000632,1610612764,WAS,Washington,1271,,,, ,,,,,,,,,,,,,,,,,,,,
0020000632,1610612764,WAS,Washington,2093,,,, ,,,,,,,,,,,,,,,,,,,,
0020000632,1610612764,WAS,Washington,2095,,,, ,,,,,,,,,,,,,,,,,,,,
0020000632,1610612764,WAS,Washington,2171,,,, ,,,,,,,,,,,,,,,,,,,,
0020000632,1610612764,WAS,Washington,1562,Gerard King,Gerard,,DNP - Coach's Decision,,,,,,,,,,,,,,,,,,,,
0020000632,1610612764,WAS,Washington,1732,Felipe Lopez,Felipe,,DNP - Coach's Decision,,,,,,,,,,,,,,,,,,,,
0020000631,1610612765,DET,Detroit,688,Michael Curry,Michael,F,,36:10,5.0,10.0,0.5,1.0,2.0,0.5,1.0,1.0,1.0,0.0,3.0,3.0,4.0,0.0,0.0,4.0,5.0,12.0,2.0
0020000631,1610612765,DET,Detroit,693,Joe Smith,Joe,F,,31:33,3.0,8.0,0.375,0.0,0.0,0.0,7.0,8.0,0.875,3.0,4.0,7.0,1.0,0.0,1.0,4.0,4.0,13.0,-5.0
0020000631,1610612765,DET,Detroit,1112,Ben Wallace,Ben,C,,33:57,0.0,1.0,0.0,0.0,0.0,0.0,0.0,2.0,0.0,1.0,9.0,10.0,0.0,4.0,0.0,2.0,5.0,0.0,4.0
0020000631,1610612765,DET,Detroit,1088,Chucky Atkins,Chucky,G,,35:22,8.0,15.0,0.533,4.0,7.0,0.571,0.0,0.0,0.0,0.0,3.0,3.0,4.0,1.0,0.0,2.0,1.0,20.0,0.0
0020000631,1610612765,DET,Detroit,711,Jerry Stackhouse,Jerry,G,,29:07,6.0,17.0,0.353,0.0,3.0,0.0,0.0,3.0,0.0,2.0,3.0,5.0,5.0,1.0,1.0,7.0,3.0,12.0,-14.0
0020000631,1610612765,DET,Detroit,146,Jud Buechler,Jud,G,,9:48,0.0,0.0,0.0,0.0,0.0,0.0,0.0,0.0,0.0,0.0,1.0,1.0,1.0,0.0,0.0,1.0,2.0,0.0,4.0
0020000631,1610612765,DET,Detroit,966,Jerome Williams,Jerome,F,,23:39,5.0,11.0,0.455,0.0,0.0,0.0,1.0,2.0,0.5,2.0,3.0,5.0,1.0,2.0,0.0,1.0,1.0,11.0,-17.0
0020000631,1610612765,DET,Detroit,961,John Wallace,John,F,,23:04,8.0,15.0,0.533,0.0,0.0,0.0,0.0,0.0,0.0,2.0,2.0,4.0,1.0,0.0,1.0,1.0,3.0,16.0,-23.0
0020000631,1610612765,DET,Detroit,344,Dana Barros,Dana,G,,14:39,1.0,5.0,0.2,1.0,2.0,0.5,0.0,0.0,0.0,0.0,1.0,1.0,2.0,2.0,0.0,1.0,2.0,3.0,-12.0
0020000631,1610612765,DET,Detroit,1630,Mikki Moore,Mikki,,,2:41,0.0,0.0,0.0,0.0,0.0,0.0,0.0,0.0,0.0,0.0,0.0,0.0,0.0,0.0,0.0,0.0,0.0,0.0,1.0
0020000631,1610612765,DET,Detroit,1247,,,, ,,,,,,,,,,,,,,,,,,,,
0020000631,1610612765,DET,Detroit,2155,,,, ,,,,,,,,,,,,,,,,,,,,
0020000631,1610612765,DET,Detroit,1996,,,, ,,,,,,,,,,,,,,,,,,,,
0020000631,1610612765,DET,Detroit,1798,,,, ,,,,,,,,,,,,,,,,,,,,
0020000631,1610612765,DET,Detroit,2043,Mateen Cleaves,Mateen,,DNP - Coach's Decision,,,,,,,,,,,,,,,,,,,,
0020000631,1610612765,DET,Detroit,182,Billy Owens,Billy,,DNP - Coach's Decision,,,,,,,,,,,,,,,,,,,,
0020000631,1610612738,BOS,Boston,952,Antoine Walker,Antoine,F,,44:04,10.0,24.0,0.417,6.0,11.0,0.545,1.0,1.0,1.0,0.0,6.0,6.0,9.0,1.0,1.0,8.0,3.0,27.0,11.0
0020000631,1610612738,BOS,Boston,1718,Paul Pierce,Paul,F,,43:08,11.0,18.0,0.611,1.0,2.0,0.5,5.0,5.0,1.0,0.0,8.0,8.0,2.0,1.0,1.0,7.0,4.0,28.0,2.0
0020000631,1610612738,BOS,Boston,1548,Mark Blount,Mark,C,,28:02,4.0,6.0,0.667,0.0,0.0,0.0,2.0,4.0,0.5,4.0,2.0,6.0,1.0,0.0,3.0,0.0,4.0,10.0,3.0
0020000631,1610612738,BOS,Boston,753,Randy Brown,Randy,G,,31:08,2.0,6.0,0.333,0.0,0.0,0.0,2.0,2.0,1.0,1.0,2.0,3.0,8.0,2.0,0.0,1.0,3.0,6.0,0.0
0020000631,1610612738,BOS,Boston,179,Bryant Stith,Bryant,G,,28:40,0.0,4.0,0.0,0.0,1.0,0.0,5.0,6.0,0.833,0.0,2.0,2.0,1.0,2.0,1.0,0.0,1.0,5.0,8.0
0020000631,1610612738,BOS,Boston,677,Eric Williams,Eric,G,,27:26,4.0,8.0,0.5,2.0,3.0,0.667,0.0,0.0,0.0,1.0,2.0,3.0,2.0,2.0,0.0,1.0,4.0,10.0,15.0
0020000631,1610612738,BOS,Boston,72,Kenny Anderson,Kenny,G,,17:34,0.0,2.0,0.0,0.0,0.0,0.0,1.0,2.0,0.5,0.0,2.0,2.0,3.0,1.0,0.0,3.0,1.0,1.0,12.0
0020000631,1610612738,BOS,Boston,958,Vitaly Potapenko,Vitaly,C,,19:09,4.0,7.0,0.571,0.0,0.0,0.0,1.0,2.0,0.5,3.0,3.0,6.0,0.0,0.0,0.0,0.0,3.0,9.0,7.0
0020000631,1610612738,BOS,Boston,962,Walter McCarty,Walter,,,0:01,0.0,0.0,0.0,0.0,0.0,0.0,0.0,0.0,0.0,0.0,0.0,0.0,0.0,0.0,0.0,0.0,0.0,0.0,0.0
0020000631,1610612738,BOS,Boston,2040,Jerome Moiso,Jerome,,,0:48,1.0,1.0,1.0,0.0,0.0,0.0,1.0,2.0,0.5,0.0,0.0,0.0,0.0,0.0,0.0,0.0,0.0,3.0,2.0
0020000631,1610612738,BOS,Boston,1639,,,, ,,,,,,,,,,,,,,,,,,,,
0020000631,1610612738,BOS,Boston,1641,,,, ,,,,,,,,,,,,,,,,,,,,
0020000631,1610612738,BOS,Boston,1875,,,, ,,,,,,,,,,,,,,,,,,,,
0020000631,1610612738,BOS,Boston,1213,,,, ,,,,,,,,,,,,,,,,,,,,
0020000631,1610612738,BOS,Boston,713,Chris Carr,Chris,,DNP - Coach's Decision,,,,,,,,,,,,,,,,,,,,
0020000631,1610612738,BOS,Boston,1960,Milt Palacio,Milt,,DNP - Coach's Decision,,,,,,,,,,,,,,,,,,,,
0020000635,1610612762,UTA,Utah,252,Karl Malone,Karl,F,,35:39,10.0,18.0,0.556,0.0,0.0,0.0,10.0,14.0,0.714,0.0,5.0,5.0,3.0,0.0,0.0,1.0,1.0,30.0,4.0
0020000635,1610612762,UTA,Utah,923,Donyell Marshall,Donyell,G,,34:22,5.0,8.0,0.625,1.0,2.0,0.5,2.0,2.0,1.0,1.0,7.0,8.0,4.0,1.0,0.0,0.0,1.0,13.0,1.0
0020000635,1610612762,UTA,Utah,178,Olden Polynice,Olden,C,,13:54,3.0,4.0,0.75,0.0,0.0,0.0,0.0,0.0,0.0,0.0,1.0,1.0,0.0,0.0,0.0,0.0,3.0,6.0,10.0
0020000635,1610612762,UTA,Utah,317,John Starks,John,G,,27:13,4.0,10.0,0.4,0.0,0.0,0.0,0.0,0.0,0.0,0.0,1.0,1.0,3.0,4.0,1.0,0.0,4.0,8.0,15.0
0020000635,1610612762,UTA,Utah,304,John Stockton,John,G,,30:44,2.0,10.0,0.2,0.0,1.0,0.0,2.0,6.0,0.333,2.0,7.0,9.0,11.0,1.0,1.0,2.0,3.0,6.0,4.0
0020000635,1610612762,UTA,Utah,1521,Jacque Vaughn,Jacque,G,,17:16,3.0,3.0,1.0,0.0,0.0,0.0,0.0,0.0,0.0,0.0,2.0,2.0,9.0,1.0,0.0,3.0,1.0,6.0,2.0
0020000635,1610612762,UTA,Utah,731,Greg Ostertag,Greg,C,,24:35,3.0,4.0,0.75,0.0,0.0,0.0,2.0,2.0,1.0,0.0,1.0,1.0,0.0,0.0,2.0,0.0,3.0,8.0,-1.0
0020000635,1610612762,UTA,Utah,935,Bryon Russell,Bryon,G,,30:55,3.0,8.0,0.375,1.0,5.0,0.2,6.0,9.0,0.667,0.0,2.0,2.0,0.0,2.0,0.0,0.0,2.0,13.0,-7.0
0020000635,1610612762,UTA,Utah,330,Danny Manning,Danny,G,,20:03,3.0,6.0,0.5,0.0,0.0,0.0,1.0,2.0,0.5,3.0,4.0,7.0,1.0,2.0,1.0,2.0,3.0,7.0,2.0
0020000635,1610612762,UTA,Utah,180,John Crotty,John,F,,5:19,0.0,2.0,0.0,0.0,0.0,0.0,0.0,0.0,0.0,0.0,0.0,0.0,0.0,0.0,0.0,0.0,1.0,0.0,0.0
0020000635,1610612762,UTA,Utah,1794,,,, ,,,,,,,,,,,,,,,,,,,,
0020000635,1610612762,UTA,Utah,1345,,,, ,,,,,,,,,,,,,,,,,,,,
0020000635,1610612762,UTA,Utah,1347,,,, ,,,,,,,,,,,,,,,,,,,,
0020000635,1610612762,UTA,Utah,1348,,,, ,,,,,,,,,,,,,,,,,,,,
0020000635,1610612762,UTA,Utah,1372,,,, ,,,,,,,,,,,,,,,,,,,,
0020000635,1610612762,UTA,Utah,1228,,,, ,,,,,,,,,,,,,,,,,,,,
0020000635,1610612762,UTA,Utah,1909,Scott Padgett,Scott,,DNP - Coach's Decision,,,,,,,,,,,,,,,,,,,,
0020000635,1610612762,UTA,Utah,2052,DeShawn Stevenson,DeShawn,,DNP - Coach's Decision,,,,,,,,,,,,,,,,,,,,
0020000635,1610612743,DEN,Denver,686,Antonio McDyess,Antonio,G,,43:38,9.0,14.0,0.643,0.0,0.0,0.0,0.0,0.0,0.0,5.0,8.0,13.0,3.0,1.0,7.0,4.0,3.0,18.0,-5.0
0020000635,1610612743,DEN,Denver,1899,James Posey,James,F,,23:59,0.0,5.0,0.0,0.0,4.0,0.0,0.0,0.0,0.0,1.0,1.0,2.0,2.0,0.0,0.0,1.0,3.0,0.0,-11.0
0020000635,1610612743,DEN,Denver,788,Kevin Willis,Kevin,G,,31:34,3.0,7.0,0.429,0.0,0.0,0.0,0.0,0.0,0.0,3.0,8.0,11.0,1.0,0.0,0.0,1.0,5.0,6.0,-14.0
0020000635,1610612743,DEN,Denver,702,Voshon Lenard,Voshon,G,,32:44,4.0,13.0,0.308,2.0,8.0,0.25,3.0,4.0,0.75,1.0,2.0,3.0,0.0,1.0,0.0,3.0,5.0,13.0,-8.0
0020000635,1610612743,DEN,Denver,89,Nick Van Exel,Nick,G,,38:04,8.0,19.0,0.421,3.0,11.0,0.273,2.0,2.0,1.0,2.0,5.0,7.0,8.0,1.0,0.0,0.0,2.0,21.0,-5.0
0020000635,1610612743,DEN,Denver,45,George McCloud,George,F,,31:06,4.0,12.0,0.333,1.0,5.0,0.2,8.0,8.0,1.0,0.0,1.0,1.0,4.0,0.0,0.0,3.0,4.0,17.0,3.0
0020000635,1610612743,DEN,Denver,123,Robert Pack,Robert,G,,9:56,2.0,5.0,0.4,0.0,0.0,0.0,0.0,0.0,0.0,0.0,0.0,0.0,2.0,0.0,0.0,0.0,2.0,4.0,-1.0
0020000635,1610612743,DEN,Denver,1110,Mark Strickland,Mark,F,,20:48,0.0,3.0,0.0,0.0,0.0,0.0,6.0,8.0,0.75,2.0,3.0,5.0,2.0,0.0,1.0,1.0,4.0,6.0,7.0
0020000635,1610612743,DEN,Denver,1763,Ryan Bowen,Ryan,G,,8:11,3.0,5.0,0.6,0.0,1.0,0.0,0.0,0.0,0.0,0.0,0.0,0.0,1.0,0.0,0.0,0.0,1.0,6.0,4.0
0020000635,1610612743,DEN,Denver,1784,,,, ,,,,,,,,,,,,,,,,,,,,
0020000635,1610612743,DEN,Denver,1785,,,, ,,,,,,,,,,,,,,,,,,,,
0020000635,1610612743,DEN,Denver,1786,,,, ,,,,,,,,,,,,,,,,,,,,
0020000635,1610612743,DEN,Denver,1995,,,, ,,,,,,,,,,,,,,,,,,,,
0020000635,1610612743,DEN,Denver,2007,,,, ,,,,,,,,,,,,,,,,,,,,
0020000635,1610612743,DEN,Denver,1207,,,, ,,,,,,,,,,,,,,,,,,,,
0020000635,1610612743,DEN,Denver,1216,,,, ,,,,,,,,,,,,,,,,,,,,
0020000635,1610612743,DEN,Denver,1240,,,, ,,,,,,,,,,,,,,,,,,,,
0020000635,1610612743,DEN,Denver,1241,,,, ,,,,,,,,,,,,,,,,,,,,
0020000635,1610612743,DEN,Denver,0,,,,DNP - Coach's Decision,,,,,,,,,,,,,,,,,,,,
0020000635,1610612743,DEN,Denver,1505,Tariq Abdul-Wahad,Tariq,,DNP - Coach's Decision,,,,,,,,,,,,,,,,,,,,
0020000635,1610612743,DEN,Denver,1711,Raef LaFrentz,Raef,,DND - INJ - Sprained Right Ankle,,,,,,,,,,,,,,,,,,,,
0020000636,1610612759,SAS,San Antonio,990,Malik Rose,Malik,G,,28:26,4.0,7.0,0.571,0.0,0.0,0.0,5.0,6.0,0.833,1.0,6.0,7.0,2.0,1.0,1.0,2.0,4.0,13.0,12.0
0020000636,1610612759,SAS,San Antonio,1495,Tim Duncan,Tim,G,,33:21,8.0,16.0,0.5,0.0,0.0,0.0,0.0,2.0,0.0,0.0,8.0,8.0,3.0,0.0,1.0,3.0,2.0,16.0,32.0
0020000636,1610612759,SAS,San Antonio,764,David Robinson,David,C,,26:35,5.0,10.0,0.5,0.0,0.0,0.0,0.0,0.0,0.0,2.0,4.0,6.0,1.0,1.0,4.0,1.0,1.0,10.0,23.0
0020000636,1610612759,SAS,San Antonio,345,Terry Porter,Terry,G,,28:02,5.0,7.0,0.714,2.0,3.0,0.667,0.0,0.0,0.0,2.0,4.0,6.0,6.0,0.0,0.0,4.0,0.0,12.0,21.0
0020000636,1610612759,SAS,San Antonio,1507,Derek Anderson,Derek,G,,28:24,3.0,12.0,0.25,1.0,3.0,0.333,2.0,2.0,1.0,3.0,5.0,8.0,7.0,0.0,0.0,1.0,2.0,9.0,28.0
0020000636,1610612759,SAS,San Antonio,198,Danny Ferry,Danny,G,,27:20,4.0,5.0,0.8,1.0,1.0,1.0,0.0,0.0,0.0,1.0,1.0,2.0,3.0,1.0,1.0,0.0,4.0,9.0,15.0
0020000636,1610612759,SAS,San Antonio,70,Steve Kerr,Steve,G,,27:09,3.0,4.0,0.75,3.0,3.0,1.0,1.0,1.0,1.0,1.0,1.0,2.0,4.0,2.0,0.0,1.0,3.0,10.0,7.0
0020000636,1610612759,SAS,San Antonio,1760,Derrick Dial,Derrick,F,,17:45,4.0,7.0,0.571,0.0,1.0,0.0,2.0,2.0,1.0,1.0,3.0,4.0,2.0,0.0,0.0,1.0,2.0,10.0,5.0
0020000636,1610612759,SAS,San Antonio,1114,Jaren Jackson,Jaren,C,,12:04,2.0,5.0,0.4,0.0,1.0,0.0,0.0,0.0,0.0,0.0,1.0,1.0,0.0,0.0,0.0,0.0,1.0,4.0,1.0
0020000636,1610612759,SAS,San Antonio,1035,Shawnelle Scott,Shawnelle,,,10:55,1.0,2.0,0.5,0.0,0.0,0.0,1.0,2.0,0.5,1.0,5.0,6.0,0.0,0.0,0.0,1.0,2.0,3.0,1.0
0020000636,1610612759,SAS,San Antonio,1658,,,, ,,,,,,,,,,,,,,,,,,,,
0020000636,1610612759,SAS,San Antonio,1264,,,, ,,,,,,,,,,,,,,,,,,,,
0020000636,1610612759,SAS,San Antonio,1371,,,, ,,,,,,,,,,,,,,,,,,,,
0020000636,1610612759,SAS,San Antonio,873,,,, ,,,,,,,,,,,,,,,,,,,,
0020000636,1610612759,SAS,San Antonio,1331,,,, ,,,,,,,,,,,,,,,,,,,,
0020000636,1610612759,SAS,San Antonio,1498,Antonio Daniels,Antonio,,DND - Sprained right knee.,,,,,,,,,,,,,,,,,,,,
0020000636,1610612759,SAS,San Antonio,955,Samaki Walker,Samaki,,DND - Sprained left ankle.,,,,,,,,,,,,,,,,,,,,
0020000636,1610612746,LAC,Los Angeles,1885,Lamar Odom,Lamar,G,,35:37,5.0,18.0,0.278,0.0,4.0,0.0,5.0,8.0,0.625,3.0,5.0,8.0,3.0,1.0,0.0,1.0,3.0,15.0,-26.0
0020000636,1610612746,LAC,Los Angeles,2032,Darius Miles,Darius,G,,23:35,3.0,9.0,0.333,0.0,0.0,0.0,0.0,2.0,0.0,1.0,6.0,7.0,0.0,2.0,0.0,4.0,4.0,6.0,-14.0
0020000636,1610612746,LAC,Los Angeles,1709,Michael Olowokandi,Michael,G,,23:55,3.0,9.0,0.333,0.0,0.0,0.0,2.0,2.0,1.0,3.0,1.0,4.0,0.0,0.0,4.0,1.0,2.0,8.0,-19.0
0020000636,1610612746,LAC,Los Angeles,976,Jeff McInnis,Jeff,G,,25:29,1.0,7.0,0.143,0.0,1.0,0.0,0.0,0.0,0.0,1.0,0.0,1.0,4.0,0.0,0.0,0.0,2.0,2.0,-25.0
0020000636,1610612746,LAC,Los Angeles,15,Eric Piatkowski,Eric,G,,23:09,2.0,4.0,0.5,0.0,2.0,0.0,1.0,1.0,1.0,0.0,1.0,1.0,0.0,1.0,1.0,3.0,1.0,5.0,-25.0
0020000636,1610612746,LAC,Los Angeles,685,Cherokee Parks,Cherokee,,,12:01,0.0,1.0,0.0,0.0,1.0,0.0,0.0,0.0,0.0,1.0,1.0,2.0,1.0,1.0,1.0,0.0,1.0,0.0,-17.0
0020000636,1610612746,LAC,Los Angeles,399,Sean Rooks,Sean,F,,13:10,2.0,2.0,1.0,0.0,0.0,0.0,2.0,2.0,1.0,1.0,0.0,1.0,0.0,0.0,0.0,0.0,0.0,6.0,-9.0
0020000636,1610612746,LAC,Los Angeles,2047,Quentin Richardson,Quentin,G,,17:01,3.0,6.0,0.5,1.0,2.0,0.5,0.0,0.0,0.0,0.0,1.0,1.0,0.0,0.0,0.0,1.0,1.0,7.0,-2.0
0020000636,1610612746,LAC,Los Angeles,2039,Keyon Dooling,Keyon,G,,22:31,2.0,5.0,0.4,0.0,0.0,0.0,0.0,0.0,0.0,0.0,1.0,1.0,3.0,0.0,0.0,1.0,0.0,4.0,-4.0
0020000636,1610612746,LAC,Los Angeles,1894,Corey Maggette,Corey,G,,26:48,4.0,9.0,0.444,0.0,2.0,0.0,4.0,6.0,0.667,1.0,2.0,3.0,3.0,1.0,0.0,2.0,3.0,12.0,-5.0
0020000636,1610612746,LAC,Los Angeles,400,Derek Strong,Derek,F,,5:49,1.0,4.0,0.25,0.0,0.0,0.0,0.0,0.0,0.0,0.0,2.0,2.0,0.0,1.0,0.0,0.0,2.0,2.0,2.0
0020000636,1610612746,LAC,Los Angeles,1730,Brian Skinner,Brian,,,10:55,0.0,1.0,0.0,0.0,0.0,0.0,0.0,0.0,0.0,2.0,2.0,4.0,1.0,0.0,0.0,0.0,1.0,0.0,-1.0
0020000636,1610612746,LAC,Los Angeles,1210,,,, ,,,,,,,,,,,,,,,,,,,,
0020000636,1610612746,LAC,Los Angeles,1243,,,, ,,,,,,,,,,,,,,,,,,,,
0020000636,1610612746,LAC,Los Angeles,1246,,,, ,,,,,,,,,,,,,,,,,,,,
0020000636,1610612746,LAC,Los Angeles,1351,,,, ,,,,,,,,,,,,,,,,,,,,
0020000636,1610612746,LAC,Los Angeles,1672,,,, ,,,,,,,,,,,,,,,,,,,,
0020000636,1610612746,LAC,Los Angeles,2010,,,, ,,,,,,,,,,,,,,,,,,,,
0020000636,1610612746,LAC,Los Angeles,2166,,,, ,,,,,,,,,,,,,,,,,,,,
0020000636,1610612746,LAC,Los Angeles,1284,,,, ,,,,,,,,,,,,,,,,,,,,
0020000633,1610612756,PHX,Phoenix,1890,Shawn Marion,Shawn,F,,35:53,9.0,16.0,0.563,1.0,2.0,0.5,6.0,8.0,0.75,2.0,10.0,12.0,5.0,0.0,2.0,2.0,3.0,25.0,20.0
0020000633,1610612756,PHX,Phoenix,361,Clifford Robinson,Clifford,G,,42:02,7.0,17.0,0.412,2.0,4.0,0.5,2.0,4.0,0.5,3.0,4.0,7.0,4.0,2.0,2.0,3.0,4.0,18.0,7.0
0020000633,1610612756,PHX,Phoenix,2054,Jake Tsakalidis,Jake,C,,27:08,2.0,5.0,0.4,0.0,0.0,0.0,0.0,2.0,0.0,2.0,6.0,8.0,1.0,1.0,1.0,3.0,2.0,4.0,6.0
0020000633,1610612756,PHX,Phoenix,467,Jason Kidd,Jason,G,,39:01,5.0,13.0,0.385,1.0,3.0,0.333,3.0,7.0,0.429,1.0,3.0,4.0,7.0,5.0,0.0,3.0,1.0,14.0,8.0
0020000633,1610612756,PHX,Phoenix,53,Mario Elie,Mario,G,,33:09,2.0,6.0,0.333,1.0,4.0,0.25,0.0,0.0,0.0,0.0,5.0,5.0,1.0,1.0,0.0,2.0,4.0,5.0,10.0
0020000633,1610612756,PHX,Phoenix,2091,Daniel Santiago,Daniel,F,,9:29,3.0,6.0,0.5,0.0,0.0,0.0,0.0,0.0,0.0,0.0,0.0,0.0,0.0,0.0,1.0,0.0,0.0,6.0,-5.0
0020000633,1610612756,PHX,Phoenix,960,Tony Delk,Tony,C,,14:51,1.0,6.0,0.167,0.0,0.0,0.0,0.0,0.0,0.0,0.0,1.0,1.0,1.0,0.0,1.0,1.0,0.0,2.0,3.0
0020000633,1610612756,PHX,Phoenix,915,Rodney Rogers,Rodney,G,,29:28,6.0,7.0,0.857,1.0,1.0,1.0,2.0,3.0,0.667,0.0,2.0,2.0,5.0,1.0,0.0,3.0,4.0,15.0,11.0
0020000633,1610612756,PHX,Phoenix,386,Elliot Perry,Elliot,G,,8:59,3.0,4.0,0.75,0.0,0.0,0.0,0.0,0.0,0.0,0.0,1.0,1.0,0.0,0.0,0.0,0.0,0.0,6.0,5.0
0020000633,1610612756,PHX,Phoenix,1227,,,, ,,,,,,,,,,,,,,,,,,,,
0020000633,1610612756,PHX,Phoenix,1653,,,, ,,,,,,,,,,,,,,,,,,,,
0020000633,1610612756,PHX,Phoenix,1654,,,, ,,,,,,,,,,,,,,,,,,,,
0020000633,1610612756,PHX,Phoenix,2008,,,, ,,,,,,,,,,,,,,,,,,,,
0020000633,1610612756,PHX,Phoenix,2015,,,, ,,,,,,,,,,,,,,,,,,,,
0020000633,1610612756,PHX,Phoenix,2160,,,, ,,,,,,,,,,,,,,,,,,,,
0020000633,1610612756,PHX,Phoenix,2161,,,, ,,,,,,,,,,,,,,,,,,,,
0020000633,1610612756,PHX,Phoenix,219,Vinny Del Negro,Vinny,,Not with team,,,,,,,,,,,,,,,,,,,,
0020000633,1610612756,PHX,Phoenix,201,Chris Dudley,Chris,,DNP - Coach's Decision,,,,,,,,,,,,,,,,,,,,
0020000633,1610612737,ATL,Atlanta,1544,Chris Crawford,Chris,F,,31:20,5.0,9.0,0.556,0.0,0.0,0.0,2.0,2.0,1.0,1.0,5.0,6.0,1.0,1.0,0.0,3.0,6.0,12.0,-9.0
0020000633,1610612737,ATL,Atlanta,953,Lorenzen Wright,Lorenzen,F,,31:53,5.0,15.0,0.333,0.0,0.0,0.0,2.0,2.0,1.0,1.0,6.0,7.0,0.0,0.0,0.0,2.0,4.0,12.0,-7.0
0020000633,1610612737,ATL,Atlanta,87,Dikembe Mutombo,Dikembe,C,,33:44,2.0,7.0,0.286,0.0,0.0,0.0,1.0,2.0,0.5,6.0,8.0,14.0,1.0,0.0,3.0,2.0,3.0,5.0,-5.0
0020000633,1610612737,ATL,Atlanta,1891,Jason Terry,Jason,G,,41:43,10.0,20.0,0.5,0.0,0.0,0.0,2.0,2.0,1.0,0.0,5.0,5.0,8.0,4.0,0.0,6.0,1.0,22.0,-10.0
0020000633,1610612737,ATL,Atlanta,2035,DerMarr Johnson,DerMarr,G,,34:54,3.0,5.0,0.6,1.0,3.0,0.333,6.0,6.0,1.0,0.0,4.0,4.0,2.0,1.0,0.0,6.0,3.0,13.0,-10.0
0020000633,1610612737,ATL,Atlanta,1728,Roshown McLeod,Roshown,F,,15:05,2.0,4.0,0.5,0.0,0.0,0.0,1.0,1.0,1.0,0.0,3.0,3.0,2.0,1.0,0.0,1.0,1.0,5.0,-13.0
0020000633,1610612737,ATL,Atlanta,673,Alan Henderson,Alan,G,,18:28,1.0,7.0,0.143,0.0,0.0,0.0,3.0,4.0,0.75,2.0,4.0,6.0,0.0,0.0,0.0,3.0,1.0,5.0,-19.0
0020000633,1610612737,ATL,Atlanta,1901,Dion Glover,Dion,,,8:56,2.0,5.0,0.4,0.0,1.0,0.0,0.0,0.0,0.0,1.0,0.0,1.0,0.0,1.0,0.0,0.0,0.0,4.0,10.0
0020000633,1610612737,ATL,Atlanta,380,Tony Smith,Tony,G,,12:02,1.0,5.0,0.2,0.0,0.0,0.0,0.0,0.0,0.0,0.0,0.0,0.0,1.0,0.0,0.0,0.0,2.0,2.0,-7.0
0020000633,1610612737,ATL,Atlanta,2069,Hanno Mottola,Hanno,,,9:38,0.0,1.0,0.0,0.0,0.0,0.0,0.0,0.0,0.0,0.0,2.0,2.0,0.0,0.0,0.0,0.0,0.0,0.0,3.0
0020000633,1610612737,ATL,Atlanta,1898,Cal Bowdler,Cal,,,2:17,1.0,1.0,1.0,0.0,0.0,0.0,0.0,0.0,0.0,0.0,0.0,0.0,0.0,0.0,0.0,0.0,0.0,2.0,2.0
0020000633,1610612737,ATL,Atlanta,2094,,,, ,,,,,,,,,,,,,,,,,,,,
0020000633,1610612737,ATL,Atlanta,2150,,,, ,,,,,,,,,,,,,,,,,,,,
0020000633,1610612737,ATL,Atlanta,2151,,,, ,,,,,,,,,,,,,,,,,,,,
0020000633,1610612737,ATL,Atlanta,1260,,,, ,,,,,,,,,,,,,,,,,,,,
0020000633,1610612737,ATL,Atlanta,1774,,,, ,,,,,,,,,,,,,,,,,,,,
0020000639,1610612754,IND,Indiana,365,Derrick McKey,Derrick,F,,14:48,0.0,0.0,0.0,0.0,0.0,0.0,0.0,0.0,0.0,0.0,0.0,0.0,2.0,0.0,0.0,1.0,2.0,0.0,-8.0
0020000639,1610612754,IND,Indiana,1743,Bruno Sundov,Bruno,G,,33:06,8.0,14.0,0.571,0.0,2.0,0.0,1.0,2.0,0.5,3.0,6.0,9.0,1.0,0.0,0.0,1.0,5.0,17.0,4.0
0020000639,1610612754,IND,Indiana,979,Jermaine O'Neal,Jermaine,G,,34:10,5.0,13.0,0.385,0.0,0.0,0.0,4.0,4.0,1.0,6.0,6.0,12.0,3.0,1.0,4.0,1.0,4.0,14.0,-7.0
0020000639,1610612754,IND,Indiana,397,Reggie Miller,Reggie,G,,43:32,7.0,15.0,0.467,0.0,4.0,0.0,4.0,4.0,1.0,1.0,4.0,5.0,2.0,2.0,0.0,0.0,1.0,18.0,2.0
0020000639,1610612754,IND,Indiana,147,Jalen Rose,Jalen,G,,40:09,8.0,21.0,0.381,0.0,1.0,0.0,0.0,2.0,0.0,1.0,1.0,2.0,6.0,1.0,1.0,1.0,2.0,16.0,-8.0
0020000639,1610612754,IND,Indiana,696,Travis Best,Travis,G,,19:18,4.0,8.0,0.5,0.0,0.0,0.0,1.0,2.0,0.5,1.0,2.0,3.0,3.0,1.0,0.0,3.0,1.0,9.0,-14.0
0020000639,1610612754,IND,Indiana,1506,Austin Croshere,Austin,G,,11:37,0.0,5.0,0.0,0.0,2.0,0.0,0.0,0.0,0.0,1.0,0.0,1.0,0.0,2.0,1.0,2.0,2.0,0.0,-7.0
0020000639,1610612754,IND,Indiana,1902,Jeff Foster,Jeff,F,,14:20,1.0,3.0,0.333,0.0,0.0,0.0,1.0,3.0,0.333,2.0,3.0,5.0,2.0,0.0,1.0,2.0,1.0,3.0,-3.0
0020000639,1610612754,IND,Indiana,1733,Al Harrington,Al,F,,29:00,4.0,8.0,0.5,0.0,0.0,0.0,1.0,2.0,0.5,1.0,8.0,9.0,1.0,0.0,1.0,2.0,4.0,9.0,6.0
0020000639,1610612754,IND,Indiana,1857,,,, ,,,,,,,,,,,,,,,,,,,,
0020000639,1610612754,IND,Indiana,2099,,,, ,,,,,,,,,,,,,,,,,,,,
0020000639,1610612754,IND,Indiana,2100,,,, ,,,,,,,,,,,,,,,,,,,,
0020000639,1610612754,IND,Indiana,2165,,,, ,,,,,,,,,,,,,,,,,,,,
0020000639,1610612754,IND,Indiana,1299,,,, ,,,,,,,,,,,,,,,,,,,,
0020000639,1610612754,IND,Indiana,1306,,,, ,,,,,,,,,,,,,,,,,,,,
0020000639,1610612754,IND,Indiana,1263,,,, ,,,,,,,,,,,,,,,,,,,,
0020000639,1610612754,IND,Indiana,1886,Jonathan Bender,Jonathan,,DNP - Coach's Decision,,,,,,,,,,,,,,,,,,,,
0020000639,1610612754,IND,Indiana,371,Terry Mills,Terry,,DNP - Coach's Decision,,,,,,,,,,,,,,,,,,,,
0020000639,1610612754,IND,Indiana,440,Zan Tabak,Zan,,DNP - Coach's Decision,,,,,,,,,,,,,,,,,,,,
0020000639,1610612753,ORL,Orlando,1503,Tracy McGrady,Tracy,G,,37:26,6.0,16.0,0.375,1.0,2.0,0.5,6.0,6.0,1.0,1.0,4.0,5.0,3.0,1.0,1.0,2.0,1.0,19.0,3.0
0020000639,1610612753,ORL,Orlando,680,John Amaechi,John,F,,30:41,7.0,13.0,0.538,0.0,0.0,0.0,2.0,6.0,0.333,3.0,4.0,7.0,2.0,0.0,1.0,2.0,3.0,16.0,-2.0
0020000639,1610612753,ORL,Orlando,692,Andrew DeClercq,Andrew,C,,20:36,1.0,4.0,0.25,0.0,0.0,0.0,0.0,2.0,0.0,4.0,3.0,7.0,0.0,0.0,1.0,0.0,2.0,2.0,-3.0
0020000639,1610612753,ORL,Orlando,2034,Mike Miller,Mike,G,,43:46,3.0,11.0,0.273,1.0,6.0,0.167,1.0,2.0,0.5,1.0,5.0,6.0,2.0,1.0,0.0,2.0,2.0,8.0,8.0
0020000639,1610612753,ORL,Orlando,353,Darrell Armstrong,Darrell,G,,36:00,9.0,18.0,0.5,3.0,5.0,0.6,2.0,2.0,1.0,3.0,4.0,7.0,9.0,2.0,0.0,0.0,1.0,23.0,3.0
0020000639,1610612753,ORL,Orlando,1720,Michael Doleac,Michael,G,,20:34,4.0,7.0,0.571,0.0,0.0,0.0,0.0,0.0,0.0,2.0,7.0,9.0,2.0,2.0,4.0,1.0,2.0,8.0,5.0
0020000639,1610612753,ORL,Orlando,1607,Troy Hudson,Troy,F,,12:56,1.0,6.0,0.167,0.0,1.0,0.0,4.0,5.0,0.8,0.0,2.0,2.0,3.0,2.0,0.0,2.0,1.0,6.0,3.0
0020000639,1610612753,ORL,Orlando,42,Monty Williams,Monty,F,,14:55,1.0,2.0,0.5,0.0,0.0,0.0,0.0,2.0,0.0,2.0,4.0,6.0,1.0,0.0,0.0,4.0,2.0,2.0,3.0
0020000639,1610612753,ORL,Orlando,1727,Pat Garrity,Pat,G,,23:06,3.0,6.0,0.5,1.0,2.0,0.5,2.0,3.0,0.667,1.0,1.0,2.0,1.0,2.0,1.0,1.0,4.0,9.0,15.0
0020000639,1610612753,ORL,Orlando,1307,,,, ,,,,,,,,,,,,,,,,,,,,
0020000639,1610612753,ORL,Orlando,1309,,,, ,,,,,,,,,,,,,,,,,,,,
0020000639,1610612753,ORL,Orlando,1332,,,, ,,,,,,,,,,,,,,,,,,,,
0020000639,1610612753,ORL,Orlando,1650,,,, ,,,,,,,,,,,,,,,,,,,,
0020000639,1610612753,ORL,Orlando,1941,,,, ,,,,,,,,,,,,,,,,,,,,
0020000639,1610612753,ORL,Orlando,1296,,,, ,,,,,,,,,,,,,,,,,,,,
0020000639,1610612753,ORL,Orlando,837,,,, ,,,,,,,,,,,,,,,,,,,,
0020000639,1610612753,ORL,Orlando,724,Cory Alexander,Cory,,DNP - Coach's Decision,,,,,,,,,,,,,,,,,,,,
0020000639,1610612753,ORL,Orlando,448,Bo Outlaw,Bo,,NWT - Suspended,,,,,,,,,,,,,,,,,,,,
0020000639,1610612753,ORL,Orlando,690,Don Reid,Don,,DNP - Coach's Decision,,,,,,,,,,,,,,,,,,,,
0020000640,1610612755,PHI,Philadelphia,248,George Lynch,George,F,,45:05,3.0,8.0,0.375,1.0,2.0,0.5,3.0,4.0,0.75,5.0,7.0,12.0,0.0,1.0,1.0,0.0,3.0,10.0,1.0
0020000640,1610612755,PHI,Philadelphia,238,Tyrone Hill,Tyrone,F,,40:22,7.0,16.0,0.438,0.0,1.0,0.0,2.0,4.0,0.5,5.0,9.0,14.0,3.0,0.0,2.0,3.0,3.0,16.0,2.0
0020000640,1610612755,PHI,Philadelphia,689,Theo Ratliff,Theo,C,,40:10,5.0,12.0,0.417,0.0,0.0,0.0,0.0,0.0,0.0,3.0,4.0,7.0,0.0,1.0,5.0,2.0,3.0,10.0,-7.0
0020000640,1610612755,PHI,Philadelphia,243,Aaron McKie,Aaron,G,,43:08,6.0,13.0,0.462,1.0,2.0,0.5,0.0,0.0,0.0,0.0,7.0,7.0,10.0,2.0,0.0,3.0,1.0,13.0,3.0
0020000640,1610612755,PHI,Philadelphia,947,Allen Iverson,Allen,G,,45:37,14.0,32.0,0.438,1.0,5.0,0.2,9.0,13.0,0.692,0.0,6.0,6.0,4.0,0.0,0.0,2.0,2.0,38.0,-9.0
0020000640,1610612755,PHI,Philadelphia,1563,Kevin Ollie,Kevin,G,,10:51,0.0,0.0,0.0,0.0,0.0,0.0,0.0,0.0,0.0,0.0,1.0,1.0,0.0,0.0,0.0,0.0,0.0,0.0,-12.0
0020000640,1610612755,PHI,Philadelphia,1934,Rodney Buford,Rodney,F,,8:36,1.0,3.0,0.333,0.0,1.0,0.0,0.0,0.0,0.0,0.0,0.0,0.0,0.0,0.0,0.0,1.0,4.0,2.0,-10.0
0020000640,1610612755,PHI,Philadelphia,1908,Jumaine Jones,Jumaine,,,3:44,0.0,0.0,0.0,0.0,0.0,0.0,0.0,0.0,0.0,0.0,0.0,0.0,1.0,1.0,0.0,0.0,1.0,0.0,0.0
0020000640,1610612755,PHI,Philadelphia,1928,Todd MacCulloch,Todd,,,2:27,0.0,1.0,0.0,0.0,0.0,0.0,0.0,0.0,0.0,0.0,0.0,0.0,0.0,0.0,0.0,1.0,0.0,0.0,-3.0
0020000640,1610612755,PHI,Philadelphia,1259,,,, ,,,,,,,,,,,,,,,,,,,,
0020000640,1610612755,PHI,Philadelphia,2169,,,, ,,,,,,,,,,,,,,,,,,,,
0020000640,1610612755,PHI,Philadelphia,1212,,,, ,,,,,,,,,,,,,,,,,,,,
0020000640,1610612755,PHI,Philadelphia,1308,,,, ,,,,,,,,,,,,,,,,,,,,
0020000640,1610612755,PHI,Philadelphia,1312,,,, ,,,,,,,,,,,,,,,,,,,,
0020000640,1610612755,PHI,Philadelphia,1313,,,, ,,,,,,,,,,,,,,,,,,,,
0020000640,1610612755,PHI,Philadelphia,1865,,,, ,,,,,,,,,,,,,,,,,,,,
0020000640,1610612755,PHI,Philadelphia,389,Toni Kukoc,Toni,,NWT - Lower Back Strain,,,,,,,,,,,,,,,,,,,,
0020000640,1610612755,PHI,Philadelphia,1737,Nazr Mohammed,Nazr,,DNP - Coach's Decision,,,,,,,,,,,,,,,,,,,,
0020000640,1610612755,PHI,Philadelphia,2143,Pepe Sanchez,Pepe,,DNP - Coach's Decision,,,,,,,,,,,,,,,,,,,,
0020000640,1610612761,TOR,Toronto,2050,Morris Peterson,Morris,F,,38:24,8.0,15.0,0.533,3.0,5.0,0.6,3.0,6.0,0.5,1.0,3.0,4.0,0.0,1.0,0.0,1.0,1.0,22.0,6.0
0020000640,1610612761,TOR,Toronto,891,Charles Oakley,Charles,F,,40:51,3.0,10.0,0.3,0.0,1.0,0.0,2.0,2.0,1.0,1.0,11.0,12.0,3.0,0.0,1.0,1.0,2.0,8.0,2.0
0020000640,1610612761,TOR,Toronto,213,Antonio Davis,Antonio,F,,36:53,5.0,12.0,0.417,0.0,0.0,0.0,1.0,2.0,0.5,3.0,6.0,9.0,2.0,0.0,3.0,2.0,3.0,11.0,8.0
0020000640,1610612761,TOR,Toronto,1713,Vince Carter,Vince,G,,3:38,0.0,3.0,0.0,0.0,0.0,0.0,0.0,0.0,0.0,1.0,0.0,1.0,1.0,0.0,0.0,0.0,0.0,0.0,0.0
0020000640,1610612761,TOR,Toronto,349,Mark Jackson,Mark,G,,24:29,6.0,11.0,0.545,1.0,5.0,0.2,2.0,2.0,1.0,1.0,1.0,2.0,6.0,1.0,0.0,1.0,2.0,15.0,3.0
0020000640,1610612761,TOR,Toronto,1541,Alvin Williams,Alvin,G,,40:08,7.0,9.0,0.778,0.0,1.0,0.0,2.0,2.0,1.0,1.0,2.0,3.0,6.0,1.0,0.0,2.0,6.0,16.0,-2.0
0020000640,1610612761,TOR,Toronto,209,Dell Curry,Dell,G,,27:45,6.0,14.0,0.429,3.0,7.0,0.429,2.0,2.0,1.0,1.0,5.0,6.0,4.0,2.0,0.0,0.0,1.0,17.0,13.0
0020000640,1610612761,TOR,Toronto,1721,Keon Clark,Keon,C,,18:16,2.0,8.0,0.25,0.0,0.0,0.0,1.0,2.0,0.5,1.0,3.0,4.0,1.0,0.0,3.0,0.0,3.0,5.0,4.0
0020000640,1610612761,TOR,Toronto,145,Tracy Murray,Tracy,,,9:36,1.0,2.0,0.5,0.0,1.0,0.0,0.0,0.0,0.0,0.0,2.0,2.0,0.0,0.0,0.0,2.0,1.0,2.0,1.0
0020000640,1610612761,TOR,Toronto,883,,,, ,,,,,,,,,,,,,,,,,,,,
0020000640,1610612761,TOR,Toronto,1344,,,, ,,,,,,,,,,,,,,,,,,,,
0020000640,1610612761,TOR,Toronto,1368,,,, ,,,,,,,,,,,,,,,,,,,,
0020000640,1610612761,TOR,Toronto,1244,,,, ,,,,,,,,,,,,,,,,,,,,
0020000640,1610612761,TOR,Toronto,1205,,,, ,,,,,,,,,,,,,,,,,,,,
0020000640,1610612761,TOR,Toronto,2162,,,, ,,,,,,,,,,,,,,,,,,,,
0020000640,1610612761,TOR,Toronto,1266,,,, ,,,,,,,,,,,,,,,,,,,,
0020000640,1610612761,TOR,Toronto,177,Muggsy Bogues,Muggsy,,DNP - Coach's Decision,,,,,,,,,,,,,,,,,,,,
0020000640,1610612761,TOR,Toronto,1565,Michael Stewart,Michael,,DNP - Coach's Decision,,,,,,,,,,,,,,,,,,,,
0020000640,1610612761,TOR,Toronto,722,Corliss Williamson,Corliss,,DNP - Coach's Decision,,,,,,,,,,,,,,,,,,,,
0020000644,1610612741,CHI,Chicago,1897,Metta World Peace,Metta,F,,16:21,4.0,5.0,0.8,0.0,0.0,0.0,1.0,2.0,0.5,0.0,2.0,2.0,0.0,0.0,2.0,1.0,4.0,9.0,-6.0
0020000644,1610612741,CHI,Chicago,1882,Elton Brand,Elton,G,,44:10,9.0,24.0,0.375,0.0,0.0,0.0,0.0,0.0,0.0,8.0,4.0,12.0,6.0,0.0,1.0,7.0,3.0,18.0,-12.0
0020000644,1610612741,CHI,Chicago,1802,Brad Miller,Brad,F,,40:11,6.0,13.0,0.462,0.0,0.0,0.0,0.0,0.0,0.0,2.0,10.0,12.0,5.0,0.0,0.0,2.0,4.0,12.0,-4.0
0020000644,1610612741,CHI,Chicago,1500,Ron Mercer,Ron,G,,44:32,8.0,20.0,0.4,2.0,3.0,0.667,4.0,4.0,1.0,1.0,3.0,4.0,3.0,4.0,0.0,1.0,0.0,22.0,-14.0
0020000644,1610612741,CHI,Chicago,1724,Bryce Drew,Bryce,G,,25:21,2.0,7.0,0.286,0.0,0.0,0.0,0.0,0.0,0.0,0.0,3.0,3.0,3.0,1.0,0.0,1.0,4.0,4.0,-3.0
0020000644,1610612741,CHI,Chicago,697,Fred Hoiberg,Fred,G,,38:57,4.0,7.0,0.571,3.0,5.0,0.6,0.0,0.0,0.0,0.0,1.0,1.0,5.0,2.0,0.0,1.0,1.0,11.0,-1.0
0020000644,1610612741,CHI,Chicago,2037,Jamal Crawford,Jamal,F,,22:39,2.0,4.0,0.5,1.0,2.0,0.5,0.0,0.0,0.0,1.0,0.0,1.0,4.0,1.0,0.0,3.0,1.0,5.0,-8.0
0020000644,1610612741,CHI,Chicago,2053,Dalibor Bagaric,Dalibor,G,,7:46,0.0,2.0,0.0,0.0,0.0,0.0,0.0,0.0,0.0,1.0,0.0,1.0,0.0,0.0,0.0,0.0,0.0,0.0,-7.0
0020000644,1610612741,CHI,Chicago,1736,Corey Benjamin,Corey,,,0:03,0.0,0.0,0.0,0.0,0.0,0.0,0.0,0.0,0.0,0.0,0.0,0.0,0.0,0.0,0.0,0.0,0.0,0.0,0.0
0020000644,1610612741,CHI,Chicago,1779,,,, ,,,,,,,,,,,,,,,,,,,,
0020000644,1610612741,CHI,Chicago,1780,,,, ,,,,,,,,,,,,,,,,,,,,
0020000644,1610612741,CHI,Chicago,1220,,,, ,,,,,,,,,,,,,,,,,,,,
0020000644,1610612741,CHI,Chicago,1254,,,, ,,,,,,,,,,,,,,,,,,,,
0020000644,1610612741,CHI,Chicago,1346,,,, ,,,,,,,,,,,,,,,,,,,,
0020000644,1610612741,CHI,Chicago,2153,,,, ,,,,,,,,,,,,,,,,,,,,
0020000644,1610612741,CHI,Chicago,2064,Khalid El-Amin,Khalid,,DNP - Coach's Decision,,,,,,,,,,,,,,,,,,,,
0020000644,1610612741,CHI,Chicago,2033,Marcus Fizer,Marcus,,NWT - stomach virus,,,,,,,,,,,,,,,,,,,,
0020000644,1610612741,CHI,Chicago,1434,Dragan Tarlac,Dragan,,DNP - Coach's Decision,,,,,,,,,,,,,,,,,,,,
0020000644,1610612757,POR,Portland,278,Stacey Augmon,Stacey,G,,24:17,3.0,6.0,0.5,0.0,0.0,0.0,1.0,2.0,0.5,3.0,2.0,5.0,3.0,0.0,0.0,0.0,0.0,7.0,-7.0
0020000644,1610612757,POR,Portland,739,Rasheed Wallace,Rasheed,F,,36:44,6.0,14.0,0.429,0.0,0.0,0.0,2.0,2.0,1.0,1.0,6.0,7.0,4.0,0.0,3.0,2.0,1.0,14.0,5.0
0020000644,1610612757,POR,Portland,905,Dale Davis,Dale,G,,28:56,5.0,11.0,0.455,0.0,0.0,0.0,1.0,1.0,1.0,4.0,4.0,8.0,3.0,0.0,4.0,1.0,3.0,11.0,2.0
0020000644,1610612757,POR,Portland,1719,Bonzi Wells,Bonzi,G,,37:16,3.0,8.0,0.375,0.0,0.0,0.0,0.0,2.0,0.0,3.0,4.0,7.0,5.0,3.0,0.0,2.0,2.0,6.0,16.0
0020000644,1610612757,POR,Portland,757,Damon Stoudamire,Damon,G,,28:34,3.0,9.0,0.333,0.0,1.0,0.0,2.0,2.0,1.0,1.0,5.0,6.0,7.0,3.0,0.0,5.0,3.0,8.0,1.0
0020000644,1610612757,POR,Portland,717,Arvydas Sabonis,Arvydas,F,,22:39,8.0,10.0,0.8,0.0,0.0,0.0,7.0,9.0,0.778,0.0,5.0,5.0,1.0,2.0,0.0,2.0,2.0,23.0,16.0
0020000644,1610612757,POR,Portland,120,Steven Smith,Steven,G,,36:02,7.0,10.0,0.7,0.0,1.0,0.0,4.0,4.0,1.0,2.0,2.0,4.0,1.0,1.0,1.0,2.0,2.0,18.0,12.0
0020000644,1610612757,POR,Portland,21,Greg Anthony,Greg,G,,19:26,1.0,4.0,0.25,1.0,3.0,0.333,0.0,0.0,0.0,0.0,0.0,0.0,0.0,0.0,0.0,2.0,0.0,3.0,10.0
0020000644,1610612757,POR,Portland,431,Shawn Kemp,Shawn,,,6:06,1.0,2.0,0.5,0.0,0.0,0.0,0.0,0.0,0.0,1.0,1.0,2.0,1.0,2.0,0.0,1.0,1.0,2.0,0.0
0020000644,1610612757,POR,Portland,1329,,,, ,,,,,,,,,,,,,,,,,,,,
0020000644,1610612757,POR,Portland,1336,,,, ,,,,,,,,,,,,,,,,,,,,
0020000644,1610612757,POR,Portland,1783,,,, ,,,,,,,,,,,,,,,,,,,,
0020000644,1610612757,POR,Portland,1655,,,, ,,,,,,,,,,,,,,,,,,,,
0020000644,1610612757,POR,Portland,1656,,,, ,,,,,,,,,,,,,,,,,,,,
0020000644,1610612757,POR,Portland,2149,,,, ,,,,,,,,,,,,,,,,,,,,
0020000644,1610612757,POR,Portland,1473,,,, ,,,,,,,,,,,,,,,,,,,,
0020000644,1610612757,POR,Portland,2057,Erick Barkley,Erick,,DNP - Coach's Decision,,,,,,,,,,,,,,,,,,,,
0020000644,1610612757,POR,Portland,176,Antonio Harvey,Antonio,,DNP - Coach's Decision,,,,,,,,,,,,,,,,,,,,
0020000644,1610612757,POR,Portland,781,Will Perdue,Will,,DNP - Coach's Decision,,,,,,,,,,,,,,,,,,,,
0020000645,1610612762,UTA,Utah,252,Karl Malone,Karl,F,,35:07,6.0,11.0,0.545,0.0,0.0,0.0,13.0,13.0,1.0,0.0,9.0,9.0,7.0,2.0,0.0,0.0,3.0,25.0,15.0
0020000645,1610612762,UTA,Utah,923,Donyell Marshall,Donyell,F,,31:47,8.0,13.0,0.615,0.0,4.0,0.0,1.0,1.0,1.0,0.0,5.0,5.0,2.0,0.0,2.0,1.0,1.0,17.0,8.0
0020000645,1610612762,UTA,Utah,178,Olden Polynice,Olden,G,,22:45,5.0,7.0,0.714,0.0,0.0,0.0,0.0,0.0,0.0,2.0,1.0,3.0,0.0,0.0,2.0,1.0,4.0,10.0,4.0
0020000645,1610612762,UTA,Utah,317,John Starks,John,G,,27:56,5.0,11.0,0.455,1.0,3.0,0.333,2.0,2.0,1.0,0.0,2.0,2.0,4.0,3.0,0.0,4.0,3.0,13.0,10.0
0020000645,1610612762,UTA,Utah,304,John Stockton,John,G,,21:59,1.0,5.0,0.2,0.0,0.0,0.0,2.0,2.0,1.0,0.0,3.0,3.0,6.0,1.0,0.0,0.0,4.0,4.0,10.0
0020000645,1610612762,UTA,Utah,1521,Jacque Vaughn,Jacque,F,,25:38,3.0,8.0,0.375,0.0,1.0,0.0,1.0,2.0,0.5,0.0,3.0,3.0,4.0,0.0,0.0,3.0,3.0,7.0,12.0
0020000645,1610612762,UTA,Utah,935,Bryon Russell,Bryon,F,,22:56,5.0,10.0,0.5,2.0,5.0,0.4,1.0,1.0,1.0,1.0,2.0,3.0,0.0,4.0,0.0,1.0,3.0,13.0,3.0
0020000645,1610612762,UTA,Utah,731,Greg Ostertag,Greg,G,,9:44,0.0,1.0,0.0,0.0,0.0,0.0,0.0,2.0,0.0,0.0,0.0,0.0,0.0,0.0,1.0,1.0,1.0,0.0,7.0
0020000645,1610612762,UTA,Utah,330,Danny Manning,Danny,C,,23:41,5.0,6.0,0.833,0.0,0.0,0.0,1.0,1.0,1.0,4.0,4.0,8.0,3.0,0.0,2.0,3.0,3.0,11.0,10.0
0020000645,1610612762,UTA,Utah,180,John Crotty,John,G,,12:58,0.0,3.0,0.0,0.0,0.0,0.0,0.0,0.0,0.0,1.0,0.0,1.0,0.0,1.0,0.0,2.0,4.0,0.0,4.0
0020000645,1610612762,UTA,Utah,1909,Scott Padgett,Scott,,,3:09,0.0,0.0,0.0,0.0,0.0,0.0,0.0,0.0,0.0,0.0,0.0,0.0,0.0,0.0,0.0,0.0,1.0,0.0,-8.0
0020000645,1610612762,UTA,Utah,2052,DeShawn Stevenson,DeShawn,,,2:20,0.0,0.0,0.0,0.0,0.0,0.0,2.0,2.0,1.0,0.0,0.0,0.0,0.0,0.0,0.0,0.0,0.0,2.0,-5.0
0020000645,1610612762,UTA,Utah,1794,,,, ,,,,,,,,,,,,,,,,,,,,
0020000645,1610612762,UTA,Utah,1372,,,, ,,,,,,,,,,,,,,,,,,,,
0020000645,1610612762,UTA,Utah,1228,,,, ,,,,,,,,,,,,,,,,,,,,
0020000645,1610612762,UTA,Utah,1345,,,, ,,,,,,,,,,,,,,,,,,,,
0020000645,1610612762,UTA,Utah,1347,,,, ,,,,,,,,,,,,,,,,,,,,
0020000645,1610612762,UTA,Utah,1348,,,, ,,,,,,,,,,,,,,,,,,,,
0020000645,1610612760,SEA,Seattle,1740,Rashard Lewis,Rashard,G,,36:22,4.0,12.0,0.333,1.0,3.0,0.333,2.0,2.0,1.0,1.0,6.0,7.0,1.0,0.0,0.0,3.0,4.0,11.0,-3.0
0020000645,1610612760,SEA,Seattle,452,Vin Baker,Vin,F,,31:05,4.0,11.0,0.364,0.0,0.0,0.0,0.0,1.0,0.0,5.0,3.0,8.0,2.0,0.0,0.0,4.0,4.0,8.0,-8.0
0020000645,1610612760,SEA,Seattle,121,Patrick Ewing,Patrick,F,,31:27,3.0,9.0,0.333,0.0,0.0,0.0,2.0,3.0,0.667,3.0,3.0,6.0,1.0,0.0,3.0,1.0,3.0,8.0,-18.0
0020000645,1610612760,SEA,Seattle,699,Brent Barry,Brent,G,,42:44,3.0,6.0,0.5,3.0,5.0,0.6,6.0,6.0,1.0,1.0,8.0,9.0,4.0,3.0,1.0,3.0,2.0,15.0,-17.0
0020000645,1610612760,SEA,Seattle,56,Gary Payton,Gary,G,,37:24,7.0,17.0,0.412,0.0,1.0,0.0,9.0,12.0,0.75,1.0,1.0,2.0,3.0,1.0,0.0,3.0,2.0,23.0,-17.0
0020000645,1610612760,SEA,Seattle,1742,Shammond Williams,Shammond,G,,23:08,3.0,8.0,0.375,1.0,3.0,0.333,4.0,4.0,1.0,0.0,1.0,1.0,6.0,0.0,0.0,1.0,0.0,11.0,-2.0
0020000645,1610612760,SEA,Seattle,1739,Ruben Patterson,Ruben,G,,18:43,2.0,3.0,0.667,0.0,0.0,0.0,1.0,2.0,0.5,1.0,0.0,1.0,3.0,3.0,0.0,4.0,2.0,5.0,-15.0
0020000645,1610612760,SEA,Seattle,1023,Emanual Davis,Emanual,,,3:11,0.0,2.0,0.0,0.0,1.0,0.0,0.0,0.0,0.0,0.0,0.0,0.0,0.0,0.0,0.0,0.0,1.0,0.0,-3.0
0020000645,1610612760,SEA,Seattle,1741,Jelani McCoy,Jelani,F,,9:24,1.0,1.0,1.0,0.0,0.0,0.0,0.0,0.0,0.0,0.0,1.0,1.0,0.0,0.0,0.0,0.0,1.0,2.0,-7.0
0020000645,1610612760,SEA,Seattle,2071,Olumide Oyedeji,Olumide,,,3:16,2.0,2.0,1.0,0.0,0.0,0.0,1.0,1.0,1.0,0.0,0.0,0.0,0.0,0.0,0.0,0.0,0.0,5.0,10.0
0020000645,1610612760,SEA,Seattle,2106,Ruben Wolkowyski,Ruben,,,3:16,0.0,0.0,0.0,0.0,0.0,0.0,0.0,0.0,0.0,0.0,1.0,1.0,0.0,0.0,1.0,0.0,0.0,0.0,10.0
0020000645,1610612760,SEA,Seattle,1778,,,, ,,,,,,,,,,,,,,,,,,,,
0020000645,1610612760,SEA,Seattle,1349,,,, ,,,,,,,,,,,,,,,,,,,,
0020000645,1610612760,SEA,Seattle,1335,,,, ,,,,,,,,,,,,,,,,,,,,
0020000645,1610612760,SEA,Seattle,1338,,,, ,,,,,,,,,,,,,,,,,,,,
0020000645,1610612760,SEA,Seattle,2046,Desmond Mason,Desmond,,NWT - Personal Reason,,,,,,,,,,,,,,,,,,,,
0020000641,1610612747,LAL,Los Angeles,296,Rick Fox,Rick,F,,19:26,1.0,2.0,0.5,1.0,2.0,0.5,0.0,0.0,0.0,1.0,5.0,6.0,1.0,0.0,1.0,3.0,2.0,3.0,3.0
0020000641,1610612747,LAL,Los Angeles,270,Horace Grant,Horace,F,,40:18,7.0,14.0,0.5,0.0,0.0,0.0,5.0,5.0,1.0,9.0,5.0,14.0,2.0,0.0,3.0,0.0,2.0,19.0,4.0
0020000641,1610612747,LAL,Los Angeles,323,Greg Foster,Greg,C,,7:33,0.0,0.0,0.0,0.0,0.0,0.0,0.0,0.0,0.0,0.0,0.0,0.0,0.0,0.0,0.0,2.0,2.0,0.0,-1.0
0020000641,1610612747,LAL,Los Angeles,166,Ron Harper,Ron,G,,29:54,3.0,8.0,0.375,0.0,1.0,0.0,3.0,3.0,1.0,0.0,0.0,0.0,3.0,0.0,0.0,0.0,1.0,9.0,-2.0
0020000641,1610612747,LAL,Los Angeles,977,Kobe Bryant,Kobe,G,,40:31,12.0,26.0,0.462,0.0,1.0,0.0,23.0,26.0,0.885,2.0,3.0,5.0,3.0,3.0,1.0,7.0,3.0,47.0,4.0
0020000641,1610612747,LAL,Los Angeles,1904,Devean George,Devean,,,9:15,1.0,3.0,0.333,1.0,3.0,0.333,1.0,2.0,0.5,0.0,1.0,1.0,0.0,0.0,0.0,0.0,0.0,4.0,7.0
0020000641,1610612747,LAL,Los Angeles,2058,Mark Madsen,Mark,G,,27:38,0.0,2.0,0.0,0.0,0.0,0.0,0.0,0.0,0.0,6.0,4.0,10.0,1.0,2.0,0.0,2.0,5.0,0.0,11.0
0020000641,1610612747,LAL,Los Angeles,216,Brian Shaw,Brian,G,,26:01,4.0,6.0,0.667,1.0,1.0,1.0,0.0,0.0,0.0,0.0,3.0,3.0,2.0,1.0,1.0,3.0,1.0,9.0,-2.0
0020000641,1610612747,LAL,Los Angeles,109,Robert Horry,Robert,G,,20:31,4.0,8.0,0.5,1.0,2.0,0.5,0.0,0.0,0.0,2.0,3.0,5.0,2.0,0.0,1.0,1.0,4.0,9.0,-2.0
0020000641,1610612747,LAL,Los Angeles,1731,Tyronn Lue,Tyronn,,,8:15,0.0,1.0,0.0,0.0,0.0,0.0,0.0,0.0,0.0,0.0,1.0,1.0,2.0,0.0,0.0,0.0,2.0,0.0,13.0
0020000641,1610612747,LAL,Los Angeles,375,Isaiah Rider,Isaiah,G,,10:38,1.0,5.0,0.2,0.0,0.0,0.0,0.0,2.0,0.0,0.0,0.0,0.0,1.0,0.0,0.0,1.0,1.0,2.0,-5.0
0020000641,1610612747,LAL,Los Angeles,1219,,,, ,,,,,,,,,,,,,,,,,,,,
0020000641,1610612747,LAL,Los Angeles,1221,,,, ,,,,,,,,,,,,,,,,,,,,
0020000641,1610612747,LAL,Los Angeles,1223,,,, ,,,,,,,,,,,,,,,,,,,,
0020000641,1610612747,LAL,Los Angeles,1230,,,, ,,,,,,,,,,,,,,,,,,,,
0020000641,1610612747,LAL,Los Angeles,1270,,,, ,,,,,,,,,,,,,,,,,,,,
0020000641,1610612747,LAL,Los Angeles,1273,,,, ,,,,,,,,,,,,,,,,,,,,
0020000641,1610612739,CLE,Cleveland,1538,Cedric Henderson,Cedric,F,,31:39,2.0,4.0,0.5,0.0,0.0,0.0,0.0,0.0,0.0,0.0,1.0,1.0,1.0,0.0,0.0,4.0,4.0,4.0,3.0
0020000641,1610612739,CLE,Cleveland,221,Clar. Weatherspoon,Clar.,G,,29:40,4.0,7.0,0.571,0.0,0.0,0.0,3.0,4.0,0.75,3.0,5.0,8.0,0.0,1.0,1.0,1.0,0.0,11.0,-8.0
0020000641,1610612739,CLE,Cleveland,2036,Chris Mihm,Chris,F,,15:06,0.0,6.0,0.0,0.0,0.0,0.0,1.0,2.0,0.5,3.0,0.0,3.0,0.0,1.0,0.0,0.0,2.0,1.0,2.0
0020000641,1610612739,CLE,Cleveland,1889,Andre Miller,Andre,G,,39:54,7.0,16.0,0.438,0.0,1.0,0.0,11.0,12.0,0.917,3.0,2.0,5.0,7.0,3.0,0.0,2.0,3.0,25.0,-9.0
0020000641,1610612739,CLE,Cleveland,754,Jim Jackson,Jim,G,,30:55,4.0,13.0,0.308,0.0,1.0,0.0,1.0,1.0,1.0,3.0,0.0,3.0,2.0,1.0,0.0,2.0,3.0,9.0,-17.0
0020000641,1610612739,CLE,Cleveland,1714,Robert Traylor,Robert,G,,20:30,3.0,5.0,0.6,0.0,1.0,0.0,1.0,3.0,0.333,3.0,4.0,7.0,0.0,4.0,1.0,1.0,5.0,7.0,6.0
0020000641,1610612739,CLE,Cleveland,423,Chris Gatling,Chris,G,,21:35,5.0,8.0,0.625,0.0,1.0,0.0,2.0,4.0,0.5,1.0,5.0,6.0,0.0,1.0,0.0,4.0,5.0,12.0,-8.0
0020000641,1610612739,CLE,Cleveland,1892,Trajan Langdon,Trajan,G,,16:55,4.0,6.0,0.667,1.0,1.0,1.0,0.0,0.0,0.0,0.0,1.0,1.0,3.0,1.0,0.0,0.0,4.0,9.0,-1.0
0020000641,1610612739,CLE,Cleveland,902,Bimbo Coles,Bimbo,F,,21:44,6.0,12.0,0.5,0.0,1.0,0.0,4.0,4.0,1.0,2.0,1.0,3.0,3.0,2.0,0.0,0.0,3.0,16.0,12.0
0020000641,1610612739,CLE,Cleveland,359,Chucky Brown,Chucky,,,9:09,1.0,2.0,0.5,0.0,0.0,0.0,0.0,0.0,0.0,0.0,1.0,1.0,0.0,1.0,2.0,0.0,1.0,2.0,-4.0
0020000641,1610612739,CLE,Cleveland,1533,Anthony Johnson,Anthony,,,2:53,0.0,1.0,0.0,0.0,0.0,0.0,0.0,2.0,0.0,0.0,0.0,0.0,0.0,0.0,0.0,0.0,0.0,0.0,-6.0
0020000641,1610612739,CLE,Cleveland,1285,,,, ,,,,,,,,,,,,,,,,,,,,
0020000641,1610612739,CLE,Cleveland,1289,,,, ,,,,,,,,,,,,,,,,,,,,
0020000641,1610612739,CLE,Cleveland,1311,,,, ,,,,,,,,,,,,,,,,,,,,
0020000641,1610612739,CLE,Cleveland,2006,,,, ,,,,,,,,,,,,,,,,,,,,
0020000641,1610612739,CLE,Cleveland,1638,,,, ,,,,,,,,,,,,,,,,,,,,
0020000641,1610612739,CLE,Cleveland,2096,,,, ,,,,,,,,,,,,,,,,,,,,
0020000642,1610612748,MIA,Miami,1477,Bruce Bowen,Bruce,F,,27:05,4.0,8.0,0.5,3.0,3.0,1.0,0.0,2.0,0.0,0.0,1.0,1.0,1.0,0.0,0.0,1.0,3.0,11.0,6.0
0020000642,1610612748,MIA,Miami,193,Anthony Mason,Anthony,G,,38:39,7.0,12.0,0.583,0.0,0.0,0.0,5.0,8.0,0.625,1.0,14.0,15.0,3.0,0.0,1.0,1.0,2.0,19.0,19.0
0020000642,1610612748,MIA,Miami,258,Brian Grant,Brian,G,,33:22,6.0,13.0,0.462,0.0,0.0,0.0,0.0,0.0,0.0,0.0,3.0,3.0,0.0,0.0,1.0,1.0,3.0,12.0,11.0
0020000642,1610612748,MIA,Miami,224,Eddie Jones,Eddie,G,,39:34,6.0,11.0,0.545,0.0,1.0,0.0,2.0,2.0,1.0,3.0,4.0,7.0,5.0,1.0,3.0,0.0,2.0,14.0,10.0
0020000642,1610612748,MIA,Miami,896,Tim Hardaway,Tim,G,,33:35,6.0,10.0,0.6,3.0,6.0,0.5,0.0,1.0,0.0,0.0,1.0,1.0,11.0,0.0,0.0,2.0,4.0,15.0,25.0
0020000642,1610612748,MIA,Miami,920,A.C. Green,A.C.,G,,21:23,2.0,4.0,0.5,0.0,0.0,0.0,0.0,0.0,0.0,2.0,6.0,8.0,0.0,0.0,0.0,1.0,5.0,4.0,6.0
0020000642,1610612748,MIA,Miami,1853,Anthony Carter,Anthony,F,,28:17,7.0,14.0,0.5,0.0,1.0,0.0,2.0,3.0,0.667,0.0,2.0,2.0,4.0,3.0,0.0,1.0,4.0,16.0,10.0
0020000642,1610612748,MIA,Miami,2067,Eddie House,Eddie,C,,15:35,4.0,11.0,0.364,0.0,1.0,0.0,2.0,2.0,1.0,0.0,1.0,1.0,0.0,0.0,0.0,0.0,0.0,10.0,3.0
0020000642,1610612748,MIA,Miami,931,Don MacLean,Don,,,2:30,1.0,1.0,1.0,0.0,0.0,0.0,0.0,0.0,0.0,2.0,0.0,2.0,1.0,0.0,0.0,1.0,0.0,2.0,0.0
0020000642,1610612748,MIA,Miami,1276,,,, ,,,,,,,,,,,,,,,,,,,,
0020000642,1610612748,MIA,Miami,1277,,,, ,,,,,,,,,,,,,,,,,,,,
0020000642,1610612748,MIA,Miami,1279,,,, ,,,,,,,,,,,,,,,,,,,,
0020000642,1610612748,MIA,Miami,1280,,,, ,,,,,,,,,,,,,,,,,,,,
0020000642,1610612748,MIA,Miami,1281,,,, ,,,,,,,,,,,,,,,,,,,,
0020000642,1610612748,MIA,Miami,1877,,,, ,,,,,,,,,,,,,,,,,,,,
0020000642,1610612748,MIA,Miami,1642,,,, ,,,,,,,,,,,,,,,,,,,,
0020000642,1610612748,MIA,Miami,1787,,,, ,,,,,,,,,,,,,,,,,,,,
0020000642,1610612748,MIA,Miami,836,,,, ,,,,,,,,,,,,,,,,,,,,
0020000642,1610612748,MIA,Miami,190,Duane Causwell,Duane,,DNP - Coach's Decision,,,,,,,,,,,,,,,,,,,,
0020000642,1610612748,MIA,Miami,76,Cedric Ceballos,Cedric,,DNP - Coach's Decision,,,,,,,,,,,,,,,,,,,,
0020000642,1610612748,MIA,Miami,957,Todd Fuller,Todd,,DNP - Coach's Decision,,,,,,,,,,,,,,,,,,,,
0020000642,1610612748,MIA,Miami,105,Dan Majerle,Dan,,DNT - Personal,,,,,,,,,,,,,,,,,,,,
0020000642,1610612745,HOU,Houston,1000,Shandon Anderson,Shandon,F,,24:38,1.0,4.0,0.25,0.0,1.0,0.0,0.0,0.0,0.0,1.0,1.0,2.0,6.0,0.0,0.0,3.0,4.0,2.0,-25.0
0020000642,1610612745,HOU,Houston,1508,Maurice Taylor,Maurice,F,,18:56,3.0,9.0,0.333,0.0,0.0,0.0,1.0,2.0,0.5,2.0,3.0,5.0,3.0,0.0,1.0,1.0,4.0,7.0,-13.0
0020000642,1610612745,HOU,Houston,165,Hakeem Olajuwon,Hakeem,G,,27:56,6.0,10.0,0.6,0.0,0.0,0.0,1.0,4.0,0.25,2.0,5.0,7.0,1.0,0.0,1.0,0.0,0.0,13.0,-14.0
0020000642,1610612745,HOU,Houston,1883,Steve Francis,Steve,G,,44:54,6.0,18.0,0.333,0.0,5.0,0.0,9.0,11.0,0.818,2.0,8.0,10.0,0.0,0.0,0.0,2.0,3.0,21.0,-18.0
0020000642,1610612745,HOU,Houston,1749,Cuttino Mobley,Cuttino,G,,37:55,5.0,14.0,0.357,2.0,5.0,0.4,10.0,10.0,1.0,0.0,5.0,5.0,0.0,1.0,0.0,1.0,0.0,22.0,-7.0
0020000642,1610612745,HOU,Houston,1903,Kenny Thomas,Kenny,G,,21:47,1.0,2.0,0.5,0.0,0.0,0.0,2.0,2.0,1.0,2.0,2.0,4.0,2.0,0.0,1.0,2.0,2.0,4.0,1.0
0020000642,1610612745,HOU,Houston,672,Matt Bullard,Matt,F,,8:39,1.0,3.0,0.333,1.0,2.0,0.5,0.0,0.0,0.0,0.0,1.0,1.0,0.0,0.0,0.0,0.0,0.0,3.0,-4.0
0020000642,1610612745,HOU,Houston,983,Moochie Norris,Moochie,C,,19:16,0.0,3.0,0.0,0.0,2.0,0.0,2.0,4.0,0.5,0.0,2.0,2.0,1.0,2.0,0.0,1.0,2.0,2.0,-5.0
0020000642,1610612745,HOU,Houston,1005,Walt Williams,Walt,G,,13:32,1.0,8.0,0.125,0.0,6.0,0.0,0.0,0.0,0.0,1.0,2.0,3.0,0.0,0.0,0.0,0.0,0.0,2.0,-4.0
0020000642,1610612745,HOU,Houston,2061,Dan Langhi,Dan,,,4:36,1.0,5.0,0.2,0.0,0.0,0.0,0.0,0.0,0.0,2.0,1.0,3.0,0.0,0.0,0.0,0.0,0.0,2.0,-1.0
0020000642,1610612745,HOU,Houston,435,Carlos Rogers,Carlos,C,,12:00,3.0,6.0,0.5,0.0,1.0,0.0,1.0,2.0,0.5,4.0,2.0,6.0,0.0,1.0,0.0,0.0,0.0,7.0,-1.0
0020000642,1610612745,HOU,Houston,2044,Jason Collier,Jason,,,5:51,0.0,1.0,0.0,0.0,0.0,0.0,0.0,0.0,0.0,0.0,0.0,0.0,0.0,0.0,0.0,0.0,0.0,0.0,1.0
0020000642,1610612745,HOU,Houston,1997,,,, ,,,,,,,,,,,,,,,,,,,,
0020000642,1610612745,HOU,Houston,825,,,, ,,,,,,,,,,,,,,,,,,,,
0020000642,1610612745,HOU,Houston,1255,,,, ,,,,,,,,,,,,,,,,,,,,
0020000642,1610612745,HOU,Houston,1256,,,, ,,,,,,,,,,,,,,,,,,,,
0020000642,1610612745,HOU,Houston,1257,,,, ,,,,,,,,,,,,,,,,,,,,
0020000642,1610612745,HOU,Houston,1258,,,, ,,,,,,,,,,,,,,,,,,,,
0020000643,1610612744,GSW,Golden State,1716,Larry Hughes,Larry,G,,30:29,6.0,14.0,0.429,1.0,1.0,1.0,4.0,4.0,1.0,2.0,5.0,7.0,3.0,1.0,0.0,6.0,2.0,17.0,-19.0
0020000643,1610612744,GSW,Golden State,1712,Antawn Jamison,Antawn,G,,33:53,9.0,21.0,0.429,0.0,1.0,0.0,0.0,0.0,0.0,1.0,5.0,6.0,2.0,1.0,0.0,1.0,1.0,18.0,-20.0
0020000643,1610612744,GSW,Golden State,1502,Adonal Foyle,Adonal,G,,24:57,2.0,4.0,0.5,0.0,0.0,0.0,0.0,0.0,0.0,3.0,3.0,6.0,1.0,1.0,2.0,1.0,2.0,4.0,-13.0
0020000643,1610612744,GSW,Golden State,682,Bob Sura,Bob,G,,23:27,3.0,6.0,0.5,0.0,1.0,0.0,1.0,1.0,1.0,1.0,3.0,4.0,5.0,1.0,0.0,3.0,4.0,7.0,-18.0
0020000643,1610612744,GSW,Golden State,302,Mookie Blaylock,Mookie,G,,30:08,4.0,11.0,0.364,1.0,5.0,0.2,0.0,0.0,0.0,0.0,1.0,1.0,5.0,1.0,0.0,1.0,0.0,9.0,-21.0
0020000643,1610612744,GSW,Golden State,904,Chris Mullin,Chris,F,,19:08,0.0,6.0,0.0,0.0,3.0,0.0,1.0,2.0,0.5,1.0,2.0,3.0,1.0,0.0,1.0,0.0,1.0,1.0,-20.0
0020000643,1610612744,GSW,Golden State,1907,Vonteego Cummings,Vonteego,F,,17:52,2.0,6.0,0.333,0.0,0.0,0.0,0.0,0.0,0.0,1.0,2.0,3.0,3.0,0.0,0.0,1.0,2.0,4.0,-5.0
0020000643,1610612744,GSW,Golden State,916,Corie Blount,Corie,G,,23:03,0.0,10.0,0.0,0.0,0.0,0.0,3.0,10.0,0.3,8.0,7.0,15.0,0.0,3.0,1.0,1.0,3.0,3.0,-13.0
0020000643,1610612744,GSW,Golden State,2101,Paul McPherson,Paul,,,15:47,2.0,10.0,0.2,0.0,0.0,0.0,3.0,4.0,0.75,4.0,1.0,5.0,1.0,1.0,0.0,0.0,1.0,7.0,-4.0
0020000643,1610612744,GSW,Golden State,228,Adam Keefe,Adam,G,,14:07,4.0,8.0,0.5,0.0,0.0,0.0,1.0,3.0,0.333,3.0,1.0,4.0,0.0,0.0,1.0,0.0,1.0,9.0,-6.0
0020000643,1610612744,GSW,Golden State,2092,Ruben Garces,Ruben,,,7:09,0.0,5.0,0.0,0.0,0.0,0.0,0.0,0.0,0.0,3.0,1.0,4.0,1.0,1.0,1.0,0.0,0.0,0.0,9.0
0020000643,1610612744,GSW,Golden State,1637,,,, ,,,,,,,,,,,,,,,,,,,,
0020000643,1610612744,GSW,Golden State,1217,,,, ,,,,,,,,,,,,,,,,,,,,
0020000643,1610612744,GSW,Golden State,1252,,,, ,,,,,,,,,,,,,,,,,,,,
0020000643,1610612744,GSW,Golden State,1323,,,, ,,,,,,,,,,,,,,,,,,,,
0020000643,1610612744,GSW,Golden State,1350,,,, ,,,,,,,,,,,,,,,,,,,,
0020000643,1610612744,GSW,Golden State,1373,,,, ,,,,,,,,,,,,,,,,,,,,
0020000643,1610612744,GSW,Golden State,500093,,,, ,,,,,,,,,,,,,,,,,,,,
0020000643,1610612744,GSW,Golden State,1531,Marc Jackson,Marc,,DND - strained left groin,,,,,,,,,,,,,,,,,,,,
0020000643,1610612744,GSW,Golden State,2084,Chris Porter,Chris,,DND - sprained left ankle,,,,,,,,,,,,,,,,,,,,
0020000643,1610612758,SAC,Sacramento,978,Peja Stojakovic,Peja,G,,31:38,6.0,13.0,0.462,2.0,5.0,0.4,2.0,2.0,1.0,0.0,3.0,3.0,5.0,0.0,0.0,0.0,0.0,16.0,25.0
0020000643,1610612758,SAC,Sacramento,185,Chris Webber,Chris,F,,32:57,13.0,23.0,0.565,0.0,0.0,0.0,2.0,3.0,0.667,2.0,10.0,12.0,4.0,4.0,3.0,0.0,0.0,28.0,27.0
0020000643,1610612758,SAC,Sacramento,124,Vlade Divac,Vlade,G,,21:41,4.0,8.0,0.5,0.0,0.0,0.0,0.0,0.0,0.0,1.0,5.0,6.0,1.0,1.0,0.0,2.0,3.0,8.0,8.0
0020000643,1610612758,SAC,Sacramento,57,Doug Christie,Doug,G,,30:14,1.0,3.0,0.333,0.0,1.0,0.0,2.0,2.0,1.0,2.0,2.0,4.0,2.0,4.0,2.0,2.0,3.0,4.0,24.0
0020000643,1610612758,SAC,Sacramento,1715,Jason Williams,Jason,G,,27:20,7.0,14.0,0.5,0.0,4.0,0.0,1.0,1.0,1.0,0.0,1.0,1.0,9.0,1.0,0.0,2.0,2.0,15.0,14.0
0020000643,1610612758,SAC,Sacramento,1513,Scot Pollard,Scot,F,,19:10,5.0,8.0,0.625,0.0,0.0,0.0,1.0,1.0,1.0,3.0,9.0,12.0,0.0,0.0,4.0,1.0,1.0,11.0,27.0
0020000643,1610612758,SAC,Sacramento,468,Jon Barry,Jon,G,,17:46,2.0,3.0,0.667,2.0,3.0,0.667,2.0,2.0,1.0,1.0,0.0,1.0,1.0,0.0,0.0,1.0,1.0,8.0,2.0
0020000643,1610612758,SAC,Sacramento,1517,Bobby Jackson,Bobby,G,,13:31,1.0,2.0,0.5,0.0,0.0,0.0,2.0,2.0,1.0,1.0,1.0,2.0,0.0,1.0,0.0,0.0,2.0,4.0,21.0
0020000643,1610612758,SAC,Sacramento,2045,Hedo Turkoglu,Hedo,,,16:22,1.0,6.0,0.167,0.0,1.0,0.0,2.0,2.0,1.0,2.0,3.0,5.0,4.0,0.0,0.0,2.0,3.0,4.0,1.0
0020000643,1610612758,SAC,Sacramento,1444,Lawrence Funderburke,Lawrence,,,15:03,1.0,5.0,0.2,0.0,0.0,0.0,2.0,4.0,0.5,2.0,6.0,8.0,0.0,0.0,0.0,0.0,2.0,4.0,-1.0
0020000643,1610612758,SAC,Sacramento,239,Darrick Martin,Darrick,,,7:09,0.0,4.0,0.0,0.0,2.0,0.0,0.0,0.0,0.0,1.0,0.0,1.0,0.0,0.0,0.0,1.0,2.0,0.0,-9.0
0020000643,1610612758,SAC,Sacramento,98,Nick Anderson,Nick,,,7:09,1.0,5.0,0.2,1.0,5.0,0.2,0.0,0.0,0.0,0.0,1.0,1.0,0.0,0.0,0.0,1.0,0.0,3.0,-9.0
0020000643,1610612758,SAC,Sacramento,1327,,,, ,,,,,,,,,,,,,,,,,,,,
0020000643,1610612758,SAC,Sacramento,1328,,,, ,,,,,,,,,,,,,,,,,,,,
0020000643,1610612758,SAC,Sacramento,1322,,,, ,,,,,,,,,,,,,,,,,,,,
0020000643,1610612758,SAC,Sacramento,1248,,,, ,,,,,,,,,,,,,,,,,,,,
0020000643,1610612758,SAC,Sacramento,1249,,,, ,,,,,,,,,,,,,,,,,,,,
0020000643,1610612758,SAC,Sacramento,1775,,,, ,,,,,,,,,,,,,,,,,,,,
0020000646,1610612765,DET,Detroit,711,Jerry Stackhouse,Jerry,G,,45:02,9.0,17.0,0.529,1.0,3.0,0.333,11.0,12.0,0.917,1.0,1.0,2.0,10.0,0.0,0.0,10.0,1.0,30.0,7.0
0020000646,1610612765,DET,Detroit,693,Joe Smith,Joe,F,,19:03,2.0,7.0,0.286,0.0,0.0,0.0,5.0,5.0,1.0,1.0,1.0,2.0,2.0,0.0,0.0,1.0,5.0,9.0,17.0
0020000646,1610612765,DET,Detroit,1112,Ben Wallace,Ben,G,,32:29,1.0,4.0,0.25,0.0,0.0,0.0,1.0,2.0,0.5,6.0,8.0,14.0,1.0,0.0,6.0,1.0,2.0,3.0,7.0
0020000646,1610612765,DET,Detroit,688,Michael Curry,Michael,G,,19:01,2.0,5.0,0.4,0.0,0.0,0.0,0.0,0.0,0.0,0.0,0.0,0.0,2.0,0.0,0.0,1.0,3.0,4.0,-10.0
0020000646,1610612765,DET,Detroit,1088,Chucky Atkins,Chucky,G,,15:28,1.0,6.0,0.167,1.0,4.0,0.25,0.0,0.0,0.0,0.0,2.0,2.0,1.0,0.0,0.0,1.0,4.0,3.0,-13.0
0020000646,1610612765,DET,Detroit,966,Jerome Williams,Jerome,G,,31:47,6.0,11.0,0.545,0.0,0.0,0.0,3.0,7.0,0.429,6.0,11.0,17.0,0.0,2.0,2.0,3.0,1.0,15.0,0.0
0020000646,1610612765,DET,Detroit,2043,Mateen Cleaves,Mateen,F,,9:41,2.0,3.0,0.667,0.0,0.0,0.0,1.0,1.0,1.0,0.0,3.0,3.0,0.0,0.0,0.0,3.0,3.0,5.0,-7.0
0020000646,1610612765,DET,Detroit,961,John Wallace,John,G,,17:42,6.0,8.0,0.75,0.0,0.0,0.0,0.0,0.0,0.0,1.0,5.0,6.0,3.0,0.0,1.0,1.0,1.0,12.0,2.0
0020000646,1610612765,DET,Detroit,1630,Mikki Moore,Mikki,G,,12:41,2.0,6.0,0.333,0.0,0.0,0.0,0.0,0.0,0.0,4.0,2.0,6.0,1.0,0.0,0.0,1.0,4.0,4.0,-6.0
0020000646,1610612765,DET,Detroit,344,Dana Barros,Dana,,,22:51,4.0,9.0,0.444,3.0,6.0,0.5,6.0,6.0,1.0,0.0,1.0,1.0,8.0,2.0,0.0,0.0,0.0,17.0,29.0
0020000646,1610612765,DET,Detroit,146,Jud Buechler,Jud,C,,14:15,4.0,7.0,0.571,2.0,3.0,0.667,0.0,0.0,0.0,2.0,3.0,5.0,0.0,0.0,1.0,0.0,2.0,10.0,19.0
0020000646,1610612765,DET,Detroit,1247,,,, ,,,,,,,,,,,,,,,,,,,,
0020000646,1610612765,DET,Detroit,2155,,,, ,,,,,,,,,,,,,,,,,,,,
0020000646,1610612765,DET,Detroit,1996,,,, ,,,,,,,,,,,,,,,,,,,,
0020000646,1610612765,DET,Detroit,1798,,,, ,,,,,,,,,,,,,,,,,,,,
0020000646,1610612765,DET,Detroit,182,Billy Owens,Billy,,DNP - Coach's Decision,,,,,,,,,,,,,,,,,,,,
0020000646,1610612751,NJN,New Jersey,1496,Keith Van Horn,Keith,F,,37:05,5.0,17.0,0.294,1.0,3.0,0.333,8.0,10.0,0.8,1.0,6.0,7.0,2.0,1.0,1.0,1.0,4.0,19.0,-10.0
0020000646,1610612751,NJN,New Jersey,2030,Kenyon Martin,Kenyon,F,,15:27,4.0,8.0,0.5,0.0,0.0,0.0,0.0,0.0,0.0,2.0,3.0,5.0,1.0,0.0,0.0,1.0,3.0,8.0,-4.0
0020000646,1610612751,NJN,New Jersey,1425,Aaron Williams,Aaron,G,,38:02,5.0,9.0,0.556,0.0,0.0,0.0,3.0,4.0,0.75,3.0,5.0,8.0,2.0,0.0,0.0,2.0,6.0,13.0,-6.0
0020000646,1610612751,NJN,New Jersey,446,Lucious Harris,Lucious,G,,38:15,6.0,11.0,0.545,0.0,1.0,0.0,2.0,2.0,1.0,0.0,3.0,3.0,2.0,3.0,0.0,0.0,0.0,14.0,-11.0
0020000646,1610612751,NJN,New Jersey,950,Stephon Marbury,Stephon,G,,36:49,5.0,12.0,0.417,0.0,1.0,0.0,8.0,14.0,0.571,0.0,2.0,2.0,8.0,5.0,0.0,0.0,3.0,18.0,-6.0
0020000646,1610612751,NJN,New Jersey,1915,Evan Eschmeyer,Evan,G,,13:21,1.0,2.0,0.5,0.0,0.0,0.0,0.0,0.0,0.0,1.0,0.0,1.0,0.0,0.0,0.0,0.0,3.0,2.0,4.0
0020000646,1610612751,NJN,New Jersey,1536,Stephen Jackson,Stephen,G,,15:36,3.0,7.0,0.429,1.0,3.0,0.333,1.0,2.0,0.5,1.0,2.0,3.0,3.0,0.0,1.0,1.0,1.0,8.0,4.0
0020000646,1610612751,NJN,New Jersey,271,Johnny Newman,Johnny,G,,32:04,6.0,17.0,0.353,2.0,6.0,0.333,7.0,8.0,0.875,1.0,2.0,3.0,3.0,4.0,0.0,2.0,6.0,21.0,-8.0
0020000646,1610612751,NJN,New Jersey,428,Sherman Douglas,Sherman,G,,13:21,0.0,1.0,0.0,0.0,0.0,0.0,0.0,0.0,0.0,0.0,0.0,0.0,4.0,0.0,0.0,1.0,4.0,0.0,-8.0
0020000646,1610612751,NJN,New Jersey,1303,,,, ,,,,,,,,,,,,,,,,,,,,
0020000646,1610612751,NJN,New Jersey,1324,,,, ,,,,,,,,,,,,,,,,,,,,
0020000646,1610612751,NJN,New Jersey,1673,,,, ,,,,,,,,,,,,,,,,,,,,
0020000646,1610612751,NJN,New Jersey,2009,,,, ,,,,,,,,,,,,,,,,,,,,
0020000646,1610612751,NJN,New Jersey,1776,,,, ,,,,,,,,,,,,,,,,,,,,
0020000646,1610612751,NJN,New Jersey,1789,,,, ,,,,,,,,,,,,,,,,,,,,
0020000646,1610612751,NJN,New Jersey,1876,,,, ,,,,,,,,,,,,,,,,,,,,
0020000646,1610612751,NJN,New Jersey,383,Kendall Gill,Kendall,,DND - Tendinitis Right Knee,,,,,,,,,,,,,,,,,,,,
0020000646,1610612751,NJN,New Jersey,2066,Soumaila Samake,Soumaila,,DNP - Coach's Decision,,,,,,,,,,,,,,,,,,,,
0020000646,1610612751,NJN,New Jersey,1735,Vladimir Stepania,Vladimir,,DNP - Coach's Decision,,,,,,,,,,,,,,,,,,,,
0020000648,1610612761,TOR,Toronto,2050,Morris Peterson,Morris,F,,32:51,9.0,17.0,0.529,1.0,3.0,0.333,1.0,1.0,1.0,0.0,3.0,3.0,0.0,3.0,0.0,1.0,4.0,20.0,-5.0
0020000648,1610612761,TOR,Toronto,891,Charles Oakley,Charles,F,,21:21,0.0,7.0,0.0,0.0,0.0,0.0,0.0,2.0,0.0,1.0,6.0,7.0,4.0,0.0,0.0,1.0,3.0,0.0,-2.0
0020000648,1610612761,TOR,Toronto,213,Antonio Davis,Antonio,G,,31:36,6.0,14.0,0.429,0.0,1.0,0.0,3.0,3.0,1.0,7.0,8.0,15.0,0.0,0.0,2.0,3.0,4.0,15.0,-7.0
0020000648,1610612761,TOR,Toronto,349,Mark Jackson,Mark,G,,35:08,2.0,7.0,0.286,0.0,1.0,0.0,2.0,2.0,1.0,1.0,2.0,3.0,12.0,1.0,0.0,1.0,0.0,6.0,8.0
0020000648,1610612761,TOR,Toronto,1541,Alvin Williams,Alvin,G,,37:59,7.0,11.0,0.636,1.0,1.0,1.0,2.0,2.0,1.0,0.0,0.0,0.0,1.0,2.0,0.0,1.0,3.0,17.0,-4.0
0020000648,1610612761,TOR,Toronto,145,Tracy Murray,Tracy,F,,13:12,3.0,7.0,0.429,1.0,3.0,0.333,4.0,5.0,0.8,2.0,1.0,3.0,0.0,0.0,0.0,1.0,1.0,11.0,1.0
0020000648,1610612761,TOR,Toronto,209,Dell Curry,Dell,G,,24:51,7.0,16.0,0.438,4.0,6.0,0.667,0.0,0.0,0.0,2.0,1.0,3.0,2.0,0.0,0.0,0.0,1.0,18.0,-15.0
0020000648,1610612761,TOR,Toronto,1721,Keon Clark,Keon,G,,29:47,1.0,2.0,0.5,0.0,0.0,0.0,4.0,10.0,0.4,3.0,5.0,8.0,0.0,0.0,2.0,3.0,3.0,6.0,-1.0
0020000648,1610612761,TOR,Toronto,1565,Michael Stewart,Michael,,,2:12,0.0,0.0,0.0,0.0,0.0,0.0,0.0,0.0,0.0,0.0,0.0,0.0,0.0,0.0,0.0,0.0,0.0,0.0,-5.0
0020000648,1610612761,TOR,Toronto,722,Corliss Williamson,Corliss,F,,11:04,2.0,8.0,0.25,0.0,0.0,0.0,0.0,0.0,0.0,1.0,1.0,2.0,1.0,1.0,0.0,0.0,2.0,4.0,5.0
0020000648,1610612761,TOR,Toronto,883,,,, ,,,,,,,,,,,,,,,,,,,,
0020000648,1610612761,TOR,Toronto,1266,,,, ,,,,,,,,,,,,,,,,,,,,
0020000648,1610612761,TOR,Toronto,1344,,,, ,,,,,,,,,,,,,,,,,,,,
0020000648,1610612761,TOR,Toronto,1368,,,, ,,,,,,,,,,,,,,,,,,,,
0020000648,1610612761,TOR,Toronto,1205,,,, ,,,,,,,,,,,,,,,,,,,,
0020000648,1610612761,TOR,Toronto,1244,,,, ,,,,,,,,,,,,,,,,,,,,
0020000648,1610612761,TOR,Toronto,2162,,,, ,,,,,,,,,,,,,,,,,,,,
0020000648,1610612761,TOR,Toronto,177,Muggsy Bogues,Muggsy,,DND - Sore right knee,,,,,,,,,,,,,,,,,,,,
0020000648,1610612761,TOR,Toronto,1713,Vince Carter,Vince,,NWT - Sore left knee,,,,,,,,,,,,,,,,,,,,
0020000648,1610612737,ATL,Atlanta,1544,Chris Crawford,Chris,F,,31:04,6.0,9.0,0.667,0.0,0.0,0.0,0.0,1.0,0.0,1.0,3.0,4.0,3.0,0.0,0.0,1.0,4.0,12.0,14.0
0020000648,1610612737,ATL,Atlanta,953,Lorenzen Wright,Lorenzen,F,,22:28,3.0,13.0,0.231,0.0,0.0,0.0,2.0,3.0,0.667,3.0,2.0,5.0,0.0,2.0,0.0,2.0,2.0,8.0,2.0
0020000648,1610612737,ATL,Atlanta,87,Dikembe Mutombo,Dikembe,G,,41:22,8.0,12.0,0.667,0.0,0.0,0.0,5.0,6.0,0.833,12.0,17.0,29.0,0.0,1.0,6.0,1.0,2.0,21.0,7.0
0020000648,1610612737,ATL,Atlanta,1891,Jason Terry,Jason,G,,41:30,5.0,22.0,0.227,0.0,2.0,0.0,6.0,6.0,1.0,0.0,4.0,4.0,5.0,0.0,0.0,3.0,2.0,16.0,1.0
0020000648,1610612737,ATL,Atlanta,2035,DerMarr Johnson,DerMarr,G,,30:13,3.0,8.0,0.375,2.0,3.0,0.667,2.0,2.0,1.0,3.0,2.0,5.0,0.0,0.0,1.0,1.0,4.0,10.0,0.0
0020000648,1610612737,ATL,Atlanta,673,Alan Henderson,Alan,G,,25:32,5.0,11.0,0.455,0.0,1.0,0.0,6.0,6.0,1.0,2.0,3.0,5.0,1.0,1.0,0.0,1.0,1.0,16.0,3.0
0020000648,1610612737,ATL,Atlanta,1728,Roshown McLeod,Roshown,,,0:25,0.0,0.0,0.0,0.0,0.0,0.0,0.0,0.0,0.0,0.0,0.0,0.0,0.0,0.0,0.0,0.0,2.0,0.0,-5.0
0020000648,1610612737,ATL,Atlanta,1901,Dion Glover,Dion,F,,26:58,7.0,10.0,0.7,0.0,0.0,0.0,1.0,1.0,1.0,0.0,3.0,3.0,4.0,2.0,1.0,1.0,0.0,15.0,10.0
0020000648,1610612737,ATL,Atlanta,380,Tony Smith,Tony,G,,13:51,2.0,3.0,0.667,0.0,0.0,0.0,0.0,0.0,0.0,0.0,0.0,0.0,1.0,2.0,0.0,1.0,1.0,4.0,-5.0
0020000648,1610612737,ATL,Atlanta,1898,Cal Bowdler,Cal,,,0:58,0.0,0.0,0.0,0.0,0.0,0.0,0.0,0.0,0.0,0.0,0.0,0.0,0.0,0.0,0.0,0.0,0.0,0.0,0.0
0020000648,1610612737,ATL,Atlanta,2069,Hanno Mottola,Hanno,C,,5:40,0.0,2.0,0.0,0.0,0.0,0.0,0.0,0.0,0.0,0.0,0.0,0.0,0.0,0.0,0.0,0.0,3.0,0.0,-2.0
0020000648,1610612737,ATL,Atlanta,2094,,,, ,,,,,,,,,,,,,,,,,,,,
0020000648,1610612737,ATL,Atlanta,2150,,,, ,,,,,,,,,,,,,,,,,,,,
0020000648,1610612737,ATL,Atlanta,2151,,,, ,,,,,,,,,,,,,,,,,,,,
0020000648,1610612737,ATL,Atlanta,1774,,,, ,,,,,,,,,,,,,,,,,,,,
0020000648,1610612737,ATL,Atlanta,1260,,,, ,,,,,,,,,,,,,,,,,,,,
0020000652,1610612746,LAC,Los Angeles,1885,Lamar Odom,Lamar,F,,32:54,3.0,11.0,0.273,0.0,4.0,0.0,1.0,2.0,0.5,1.0,8.0,9.0,2.0,2.0,1.0,1.0,2.0,7.0,-10.0
0020000652,1610612746,LAC,Los Angeles,1730,Brian Skinner,Brian,F,,13:29,0.0,2.0,0.0,0.0,0.0,0.0,0.0,0.0,0.0,0.0,4.0,4.0,1.0,0.0,1.0,0.0,3.0,0.0,-15.0
0020000652,1610612746,LAC,Los Angeles,1709,Michael Olowokandi,Michael,G,,28:35,6.0,14.0,0.429,0.0,0.0,0.0,2.0,2.0,1.0,0.0,6.0,6.0,0.0,0.0,7.0,4.0,5.0,14.0,-10.0
0020000652,1610612746,LAC,Los Angeles,976,Jeff McInnis,Jeff,G,,27:44,3.0,9.0,0.333,0.0,1.0,0.0,0.0,0.0,0.0,1.0,3.0,4.0,2.0,0.0,0.0,1.0,2.0,6.0,-17.0
0020000652,1610612746,LAC,Los Angeles,15,Eric Piatkowski,Eric,G,,19:52,2.0,9.0,0.222,0.0,3.0,0.0,1.0,1.0,1.0,0.0,2.0,2.0,4.0,0.0,0.0,0.0,0.0,5.0,-20.0
0020000652,1610612746,LAC,Los Angeles,399,Sean Rooks,Sean,G,,15:39,2.0,5.0,0.4,0.0,0.0,0.0,0.0,0.0,0.0,1.0,2.0,3.0,0.0,1.0,0.0,0.0,2.0,4.0,-9.0
0020000652,1610612746,LAC,Los Angeles,685,Cherokee Parks,Cherokee,C,,10:57,2.0,2.0,1.0,0.0,0.0,0.0,1.0,2.0,0.5,2.0,1.0,3.0,0.0,0.0,0.0,0.0,2.0,5.0,-2.0
0020000652,1610612746,LAC,Los Angeles,2047,Quentin Richardson,Quentin,F,,19:55,3.0,9.0,0.333,1.0,1.0,1.0,1.0,2.0,0.5,4.0,4.0,8.0,3.0,0.0,0.0,1.0,2.0,8.0,-3.0
0020000652,1610612746,LAC,Los Angeles,2039,Keyon Dooling,Keyon,F,,20:16,3.0,6.0,0.5,0.0,0.0,0.0,1.0,2.0,0.5,0.0,1.0,1.0,4.0,1.0,0.0,4.0,1.0,7.0,-5.0
0020000652,1610612746,LAC,Los Angeles,1894,Corey Maggette,Corey,G,,23:19,4.0,10.0,0.4,0.0,0.0,0.0,0.0,0.0,0.0,1.0,1.0,2.0,2.0,0.0,0.0,1.0,2.0,8.0,-11.0
0020000652,1610612746,LAC,Los Angeles,2032,Darius Miles,Darius,,,14:40,2.0,5.0,0.4,0.0,0.0,0.0,0.0,0.0,0.0,1.0,4.0,5.0,0.0,0.0,2.0,1.0,2.0,4.0,-2.0
0020000652,1610612746,LAC,Los Angeles,400,Derek Strong,Derek,G,,12:41,1.0,4.0,0.25,0.0,0.0,0.0,0.0,0.0,0.0,2.0,0.0,2.0,0.0,0.0,0.0,0.0,2.0,2.0,-6.0
0020000652,1610612746,LAC,Los Angeles,1210,,,, ,,,,,,,,,,,,,,,,,,,,
0020000652,1610612746,LAC,Los Angeles,1243,,,, ,,,,,,,,,,,,,,,,,,,,
0020000652,1610612746,LAC,Los Angeles,1246,,,, ,,,,,,,,,,,,,,,,,,,,
0020000652,1610612746,LAC,Los Angeles,1351,,,, ,,,,,,,,,,,,,,,,,,,,
0020000652,1610612746,LAC,Los Angeles,1672,,,, ,,,,,,,,,,,,,,,,,,,,
0020000652,1610612746,LAC,Los Angeles,2010,,,, ,,,,,,,,,,,,,,,,,,,,
0020000652,1610612746,LAC,Los Angeles,2166,,,, ,,,,,,,,,,,,,,,,,,,,
0020000652,1610612746,LAC,Los Angeles,1284,,,, ,,,,,,,,,,,,,,,,,,,,
0020000652,1610612759,SAS,San Antonio,990,Malik Rose,Malik,F,,36:40,5.0,14.0,0.357,0.0,0.0,0.0,3.0,3.0,1.0,4.0,6.0,10.0,2.0,3.0,1.0,2.0,2.0,13.0,18.0
0020000652,1610612759,SAS,San Antonio,1495,Tim Duncan,Tim,G,,41:34,10.0,27.0,0.37,0.0,0.0,0.0,2.0,4.0,0.5,5.0,11.0,16.0,2.0,1.0,4.0,2.0,3.0,22.0,17.0
0020000652,1610612759,SAS,San Antonio,764,David Robinson,David,C,,24:03,5.0,8.0,0.625,0.0,0.0,0.0,5.0,7.0,0.714,3.0,7.0,10.0,1.0,1.0,2.0,1.0,1.0,15.0,18.0
0020000652,1610612759,SAS,San Antonio,345,Terry Porter,Terry,G,,30:26,5.0,8.0,0.625,1.0,4.0,0.25,1.0,2.0,0.5,0.0,3.0,3.0,2.0,1.0,0.0,1.0,2.0,12.0,16.0
0020000652,1610612759,SAS,San Antonio,1507,Derek Anderson,Derek,G,,28:57,4.0,7.0,0.571,1.0,3.0,0.333,4.0,4.0,1.0,1.0,3.0,4.0,5.0,0.0,0.0,2.0,1.0,13.0,21.0
0020000652,1610612759,SAS,San Antonio,1498,Antonio Daniels,Antonio,G,,9:22,0.0,1.0,0.0,0.0,1.0,0.0,0.0,0.0,0.0,0.0,1.0,1.0,1.0,0.0,0.0,0.0,0.0,0.0,2.0
0020000652,1610612759,SAS,San Antonio,198,Danny Ferry,Danny,G,,28:33,1.0,7.0,0.143,0.0,3.0,0.0,0.0,0.0,0.0,1.0,4.0,5.0,0.0,1.0,1.0,0.0,2.0,2.0,3.0
0020000652,1610612759,SAS,San Antonio,70,Steve Kerr,Steve,F,,23:28,2.0,5.0,0.4,0.0,0.0,0.0,0.0,0.0,0.0,0.0,0.0,0.0,3.0,0.0,0.0,0.0,1.0,4.0,2.0
0020000652,1610612759,SAS,San Antonio,1114,Jaren Jackson,Jaren,F,,9:23,2.0,3.0,0.667,1.0,2.0,0.5,0.0,0.0,0.0,0.0,0.0,0.0,1.0,0.0,0.0,0.0,1.0,5.0,7.0
0020000652,1610612759,SAS,San Antonio,1035,Shawnelle Scott,Shawnelle,,,3:47,1.0,2.0,0.5,0.0,0.0,0.0,0.0,2.0,0.0,1.0,1.0,2.0,0.0,0.0,0.0,0.0,0.0,2.0,3.0
0020000652,1610612759,SAS,San Antonio,1760,Derrick Dial,Derrick,,,3:47,2.0,3.0,0.667,0.0,0.0,0.0,0.0,0.0,0.0,0.0,1.0,1.0,0.0,0.0,0.0,0.0,0.0,4.0,3.0
0020000652,1610612759,SAS,San Antonio,1371,,,, ,,,,,,,,,,,,,,,,,,,,
0020000652,1610612759,SAS,San Antonio,1658,,,, ,,,,,,,,,,,,,,,,,,,,
0020000652,1610612759,SAS,San Antonio,1264,,,, ,,,,,,,,,,,,,,,,,,,,
0020000652,1610612759,SAS,San Antonio,873,,,, ,,,,,,,,,,,,,,,,,,,,
0020000652,1610612759,SAS,San Antonio,1331,,,, ,,,,,,,,,,,,,,,,,,,,
0020000652,1610612759,SAS,San Antonio,955,Samaki Walker,Samaki,,DNP - Coach's Decision,,,,,,,,,,,,,,,,,,,,
0020000653,1610612763,VAN,Vancouver,949,Shareef Abdur-Rahim,Shareef,F,,45:12,6.0,17.0,0.353,0.0,0.0,0.0,5.0,7.0,0.714,3.0,2.0,5.0,1.0,0.0,2.0,4.0,5.0,17.0,-4.0
0020000653,1610612763,VAN,Vancouver,3,Grant Long,Grant,F,,33:53,4.0,4.0,1.0,0.0,0.0,0.0,5.0,5.0,1.0,1.0,4.0,5.0,5.0,2.0,0.0,1.0,1.0,13.0,-2.0
0020000653,1610612763,VAN,Vancouver,735,Bryant Reeves,Bryant,C,,25:17,4.0,9.0,0.444,0.0,0.0,0.0,0.0,0.0,0.0,2.0,3.0,5.0,4.0,1.0,1.0,1.0,3.0,8.0,3.0
0020000653,1610612763,VAN,Vancouver,1710,Mike Bibby,Mike,G,,43:18,9.0,18.0,0.5,4.0,6.0,0.667,4.0,4.0,1.0,0.0,8.0,8.0,6.0,1.0,0.0,5.0,4.0,26.0,-7.0
0020000653,1610612763,VAN,Vancouver,1722,Michael Dickerson,Michael,G,,42:02,2.0,13.0,0.154,0.0,0.0,0.0,2.0,2.0,1.0,1.0,2.0,3.0,7.0,0.0,0.0,3.0,1.0,6.0,-3.0
0020000653,1610612763,VAN,Vancouver,2031,Stromile Swift,Stromile,G,,20:09,3.0,5.0,0.6,0.0,0.0,0.0,3.0,4.0,0.75,3.0,5.0,8.0,0.0,1.0,2.0,0.0,4.0,9.0,-13.0
0020000653,1610612763,VAN,Vancouver,1800,Damon Jones,Damon,G,,11:31,1.0,2.0,0.5,0.0,1.0,0.0,0.0,0.0,0.0,1.0,2.0,3.0,3.0,1.0,0.0,4.0,2.0,2.0,-12.0
0020000653,1610612763,VAN,Vancouver,1134,Ike Austin,Ike,F,,18:39,5.0,12.0,0.417,1.0,1.0,1.0,0.0,0.0,0.0,2.0,1.0,3.0,1.0,0.0,0.0,1.0,0.0,11.0,-7.0
0020000653,1610612763,VAN,Vancouver,1226,,,, ,,,,,,,,,,,,,,,,,,,,
0020000653,1610612763,VAN,Vancouver,1356,,,, ,,,,,,,,,,,,,,,,,,,,
0020000653,1610612763,VAN,Vancouver,1358,,,, ,,,,,,,,,,,,,,,,,,,,
0020000653,1610612763,VAN,Vancouver,1795,,,, ,,,,,,,,,,,,,,,,,,,,
0020000653,1610612763,VAN,Vancouver,1994,,,, ,,,,,,,,,,,,,,,,,,,,
0020000653,1610612763,VAN,Vancouver,2163,,,, ,,,,,,,,,,,,,,,,,,,,
0020000653,1610612763,VAN,Vancouver,2164,,,, ,,,,,,,,,,,,,,,,,,,,
0020000653,1610612763,VAN,Vancouver,2170,,,, ,,,,,,,,,,,,,,,,,,,,
0020000653,1610612763,VAN,Vancouver,888,,,, ,,,,,,,,,,,,,,,,,,,,
0020000653,1610612763,VAN,Vancouver,51,Mahmoud Abdul-Rauf,Mahmoud,,DNP - Coach's Decision,,,,,,,,,,,,,,,,,,,,
0020000653,1610612763,VAN,Vancouver,763,Tony Massenburg,Tony,,Did Not Dress - Stomach Virus,,,,,,,,,,,,,,,,,,,,
0020000653,1610612763,VAN,Vancouver,85,Brent Price,Brent,,DNP - Coach's Decision,,,,,,,,,,,,,,,,,,,,
0020000653,1610612763,VAN,Vancouver,1065,Erick Strickland,Erick,,DNP - Coach's Decision,,,,,,,,,,,,,,,,,,,,
0020000653,1610612756,PHX,Phoenix,1890,Shawn Marion,Shawn,F,,31:25,7.0,14.0,0.5,0.0,0.0,0.0,0.0,0.0,0.0,3.0,8.0,11.0,2.0,2.0,0.0,0.0,3.0,14.0,15.0
0020000653,1610612756,PHX,Phoenix,361,Clifford Robinson,Clifford,G,,47:03,11.0,23.0,0.478,1.0,4.0,0.25,2.0,2.0,1.0,1.0,2.0,3.0,5.0,1.0,3.0,2.0,2.0,25.0,5.0
0020000653,1610612756,PHX,Phoenix,2054,Jake Tsakalidis,Jake,G,,32:35,4.0,6.0,0.667,0.0,0.0,0.0,5.0,6.0,0.833,5.0,3.0,8.0,2.0,2.0,2.0,3.0,4.0,13.0,2.0
0020000653,1610612756,PHX,Phoenix,467,Jason Kidd,Jason,G,,39:16,8.0,12.0,0.667,0.0,1.0,0.0,1.0,1.0,1.0,0.0,7.0,7.0,10.0,3.0,0.0,4.0,3.0,17.0,8.0
0020000653,1610612756,PHX,Phoenix,53,Mario Elie,Mario,G,,17:10,0.0,1.0,0.0,0.0,1.0,0.0,0.0,0.0,0.0,1.0,1.0,2.0,0.0,0.0,3.0,0.0,1.0,0.0,-7.0
0020000653,1610612756,PHX,Phoenix,915,Rodney Rogers,Rodney,,,14:32,3.0,9.0,0.333,0.0,1.0,0.0,4.0,4.0,1.0,0.0,1.0,1.0,1.0,1.0,1.0,2.0,3.0,10.0,7.0
0020000653,1610612756,PHX,Phoenix,2091,Daniel Santiago,Daniel,,,9:54,1.0,1.0,1.0,0.0,0.0,0.0,0.0,0.0,0.0,0.0,0.0,0.0,0.0,0.0,0.0,2.0,3.0,2.0,-2.0
0020000653,1610612756,PHX,Phoenix,960,Tony Delk,Tony,F,,31:15,7.0,14.0,0.5,0.0,1.0,0.0,4.0,5.0,0.8,1.0,7.0,8.0,2.0,0.0,0.0,1.0,1.0,18.0,16.0
0020000653,1610612756,PHX,Phoenix,386,Elliot Perry,Elliot,G,,8:44,0.0,2.0,0.0,0.0,0.0,0.0,0.0,0.0,0.0,0.0,0.0,0.0,4.0,0.0,1.0,0.0,0.0,0.0,1.0
0020000653,1610612756,PHX,Phoenix,219,Vinny Del Negro,Vinny,C,,8:06,1.0,2.0,0.5,0.0,0.0,0.0,0.0,0.0,0.0,0.0,0.0,0.0,3.0,1.0,0.0,0.0,0.0,2.0,0.0
0020000653,1610612756,PHX,Phoenix,1227,,,, ,,,,,,,,,,,,,,,,,,,,
0020000653,1610612756,PHX,Phoenix,1653,,,, ,,,,,,,,,,,,,,,,,,,,
0020000653,1610612756,PHX,Phoenix,1654,,,, ,,,,,,,,,,,,,,,,,,,,
0020000653,1610612756,PHX,Phoenix,2008,,,, ,,,,,,,,,,,,,,,,,,,,
0020000653,1610612756,PHX,Phoenix,2015,,,, ,,,,,,,,,,,,,,,,,,,,
0020000653,1610612756,PHX,Phoenix,2160,,,, ,,,,,,,,,,,,,,,,,,,,
0020000653,1610612756,PHX,Phoenix,2161,,,, ,,,,,,,,,,,,,,,,,,,,
0020000653,1610612756,PHX,Phoenix,201,Chris Dudley,Chris,,DNP - Coach's Decision,,,,,,,,,,,,,,,,,,,,
0020000651,1610612747,LAL,Los Angeles,296,Rick Fox,Rick,F,,20:47,1.0,6.0,0.167,0.0,2.0,0.0,0.0,0.0,0.0,1.0,2.0,3.0,1.0,1.0,0.0,1.0,2.0,2.0,-17.0
0020000651,1610612747,LAL,Los Angeles,109,Robert Horry,Robert,G,,35:55,3.0,9.0,0.333,2.0,2.0,1.0,0.0,0.0,0.0,1.0,5.0,6.0,5.0,1.0,1.0,2.0,5.0,8.0,-6.0
0020000651,1610612747,LAL,Los Angeles,323,Greg Foster,Greg,F,,18:13,2.0,3.0,0.667,0.0,0.0,0.0,0.0,2.0,0.0,1.0,2.0,3.0,0.0,1.0,0.0,3.0,3.0,4.0,-12.0
0020000651,1610612747,LAL,Los Angeles,977,Kobe Bryant,Kobe,G,,42:23,6.0,17.0,0.353,1.0,1.0,1.0,11.0,12.0,0.917,3.0,6.0,9.0,5.0,0.0,3.0,3.0,2.0,24.0,-12.0
0020000651,1610612747,LAL,Los Angeles,166,Ron Harper,Ron,G,,29:56,2.0,8.0,0.25,0.0,2.0,0.0,2.0,2.0,1.0,1.0,4.0,5.0,3.0,2.0,1.0,1.0,3.0,6.0,-11.0
0020000651,1610612747,LAL,Los Angeles,2058,Mark Madsen,Mark,F,,32:28,6.0,7.0,0.857,0.0,0.0,0.0,3.0,4.0,0.75,6.0,2.0,8.0,0.0,0.0,0.0,1.0,4.0,15.0,-6.0
0020000651,1610612747,LAL,Los Angeles,1731,Tyronn Lue,Tyronn,G,,15:59,3.0,7.0,0.429,0.0,0.0,0.0,2.0,2.0,1.0,0.0,1.0,1.0,0.0,0.0,0.0,2.0,0.0,8.0,-1.0
0020000651,1610612747,LAL,Los Angeles,216,Brian Shaw,Brian,G,,18:04,3.0,8.0,0.375,1.0,3.0,0.333,0.0,0.0,0.0,1.0,1.0,2.0,1.0,1.0,0.0,1.0,1.0,7.0,-2.0
0020000651,1610612747,LAL,Los Angeles,1904,Devean George,Devean,G,,17:55,3.0,8.0,0.375,1.0,2.0,0.5,0.0,2.0,0.0,1.0,3.0,4.0,0.0,1.0,1.0,1.0,1.0,7.0,11.0
0020000651,1610612747,LAL,Los Angeles,375,Isaiah Rider,Isaiah,C,,8:20,1.0,4.0,0.25,0.0,1.0,0.0,0.0,0.0,0.0,1.0,1.0,2.0,2.0,0.0,0.0,2.0,2.0,2.0,-9.0
0020000651,1610612747,LAL,Los Angeles,1219,,,, ,,,,,,,,,,,,,,,,,,,,
0020000651,1610612747,LAL,Los Angeles,1221,,,, ,,,,,,,,,,,,,,,,,,,,
0020000651,1610612747,LAL,Los Angeles,1223,,,, ,,,,,,,,,,,,,,,,,,,,
0020000651,1610612747,LAL,Los Angeles,1230,,,, ,,,,,,,,,,,,,,,,,,,,
0020000651,1610612747,LAL,Los Angeles,1270,,,, ,,,,,,,,,,,,,,,,,,,,
0020000651,1610612747,LAL,Los Angeles,1273,,,, ,,,,,,,,,,,,,,,,,,,,
0020000651,1610612747,LAL,Los Angeles,270,Horace Grant,Horace,,DND - Sore Left Knee,,,,,,,,,,,,,,,,,,,,
0020000651,1610612747,LAL,Los Angeles,406,Shaquille O'Neal,Shaquille,,NWT - Sore Right Foot,,,,,,,,,,,,,,,,,,,,
0020000651,1610612750,MIN,Minnesota,1887,Wally Szczerbiak,Wally,G,,35:06,7.0,12.0,0.583,0.0,0.0,0.0,5.0,5.0,1.0,1.0,4.0,5.0,3.0,0.0,0.0,3.0,2.0,19.0,11.0
0020000651,1610612750,MIN,Minnesota,708,Kevin Garnett,Kevin,F,,39:24,8.0,17.0,0.471,1.0,2.0,0.5,4.0,6.0,0.667,3.0,7.0,10.0,6.0,1.0,3.0,2.0,3.0,21.0,18.0
0020000651,1610612750,MIN,Minnesota,1725,Rasho Nesterovic,Rasho,G,,12:27,2.0,4.0,0.5,0.0,0.0,0.0,0.0,0.0,0.0,2.0,3.0,5.0,2.0,0.0,0.0,2.0,2.0,4.0,7.0
0020000651,1610612750,MIN,Minnesota,324,Anthony Peeler,Anthony,G,,32:30,4.0,8.0,0.5,0.0,2.0,0.0,0.0,0.0,0.0,1.0,0.0,1.0,4.0,3.0,0.0,0.0,3.0,8.0,10.0
0020000651,1610612750,MIN,Minnesota,210,Terrell Brandon,Terrell,G,,41:04,7.0,19.0,0.368,0.0,2.0,0.0,5.0,6.0,0.833,2.0,5.0,7.0,7.0,4.0,0.0,4.0,2.0,19.0,9.0
0020000651,1610612750,MIN,Minnesota,1051,Dean Garrett,Dean,G,,6:06,0.0,0.0,0.0,0.0,0.0,0.0,0.0,0.0,0.0,1.0,0.0,1.0,0.0,0.0,2.0,0.0,0.0,0.0,7.0
0020000651,1610612750,MIN,Minnesota,111,LaPhonso Ellis,LaPhonso,F,,30:43,5.0,10.0,0.5,0.0,1.0,0.0,4.0,5.0,0.8,5.0,5.0,10.0,2.0,2.0,0.0,0.0,4.0,14.0,-3.0
0020000651,1610612750,MIN,Minnesota,1073,Reggie Slater,Reggie,,,7:20,2.0,4.0,0.5,0.0,0.0,0.0,0.0,2.0,0.0,1.0,0.0,1.0,0.0,0.0,0.0,1.0,2.0,4.0,-3.0
0020000651,1610612750,MIN,Minnesota,103,Todd Day,Todd,,,15:30,0.0,6.0,0.0,0.0,2.0,0.0,0.0,0.0,0.0,2.0,1.0,3.0,1.0,0.0,0.0,0.0,1.0,0.0,3.0
0020000651,1610612750,MIN,Minnesota,1497,Chauncey Billups,Chauncey,,,6:56,3.0,3.0,1.0,1.0,1.0,1.0,0.0,0.0,0.0,0.0,0.0,0.0,1.0,1.0,0.0,0.0,0.0,7.0,4.0
0020000651,1610612750,MIN,Minnesota,417,Sam Mitchell,Sam,F,,12:54,0.0,2.0,0.0,0.0,0.0,0.0,0.0,0.0,0.0,0.0,0.0,0.0,1.0,0.0,0.0,0.0,2.0,0.0,2.0
0020000651,1610612750,MIN,Minnesota,2146,,,, ,,,,,,,,,,,,,,,,,,,,
0020000651,1610612750,MIN,Minnesota,2158,,,, ,,,,,,,,,,,,,,,,,,,,
0020000651,1610612750,MIN,Minnesota,2159,,,, ,,,,,,,,,,,,,,,,,,,,
0020000651,1610612750,MIN,Minnesota,847,,,, ,,,,,,,,,,,,,,,,,,,,
0020000651,1610612750,MIN,Minnesota,1290,,,, ,,,,,,,,,,,,,,,,,,,,
0020000651,1610612750,MIN,Minnesota,1291,,,, ,,,,,,,,,,,,,,,,,,,,
0020000651,1610612750,MIN,Minnesota,1895,William Avery,William,,DNP - Coach's Decision,,,,,,,,,,,,,,,,,,,,
