GAME_ID,TEAM_ID,TEAM_ABBREVIATION,TEAM_CITY,PLAYER_ID,PLAYER_NAME,NICKNAME,START_POSITION,COMMENT,MIN,FGM,FGA,FG_PCT,FG3M,FG3A,FG3_PCT,FTM,FTA,FT_PCT,OREB,DREB,REB,AST,STL,BLK,TO,PF,PTS,PLUS_MINUS
0020000878,1610612742,DAL,Dallas,436,Juwan Howard,Juwan,G,,44:25,8.0,14.0,0.571,0.0,0.0,0.0,0.0,0.0,0.0,1.0,13.0,14.0,2.0,1.0,0.0,3.0,3.0,16.0,9.0
0020000878,1610612742,DAL,Dallas,1717,Dirk Nowitzki,Dirk,G,,43:44,10.0,16.0,0.625,5.0,8.0,0.625,4.0,6.0,0.667,0.0,5.0,5.0,2.0,1.0,1.0,2.0,1.0,29.0,12.0
0020000878,1610612742,DAL,Dallas,762,Shawn Bradley,Shawn,G,,42:13,1.0,2.0,0.5,0.0,0.0,0.0,2.0,2.0,1.0,1.0,13.0,14.0,1.0,1.0,9.0,1.0,2.0,4.0,15.0
0020000878,1610612742,DAL,Dallas,714,Michael Finley,Michael,G,,40:22,7.0,13.0,0.538,2.0,2.0,1.0,0.0,0.0,0.0,0.0,2.0,2.0,4.0,2.0,0.0,4.0,0.0,16.0,4.0
0020000878,1610612742,DAL,Dallas,959,Steve Nash,Steve,G,,34:04,7.0,10.0,0.7,0.0,0.0,0.0,5.0,6.0,0.833,0.0,2.0,2.0,7.0,1.0,0.0,5.0,3.0,19.0,11.0
0020000878,1610612742,DAL,Dallas,718,Gary Trent,Gary,F,,2:15,0.0,1.0,0.0,0.0,0.0,0.0,0.0,0.0,0.0,0.0,0.0,0.0,0.0,0.0,0.0,0.0,2.0,0.0,-8.0
0020000878,1610612742,DAL,Dallas,137,Vernon Maxwell,Vernon,F,,11:58,1.0,5.0,0.2,0.0,3.0,0.0,0.0,0.0,0.0,0.0,0.0,0.0,1.0,1.0,0.0,0.0,4.0,2.0,-7.0
0020000878,1610612742,DAL,Dallas,458,Howard Eisley,Howard,G,,20:58,2.0,5.0,0.4,0.0,1.0,0.0,3.0,4.0,0.75,0.0,3.0,3.0,0.0,0.0,0.0,1.0,2.0,7.0,-1.0
0020000878,1610612742,DAL,Dallas,1233,,,, ,,,,,,,,,,,,,,,,,,,,
0020000878,1610612742,DAL,Dallas,1269,,,, ,,,,,,,,,,,,,,,,,,,,
0020000878,1610612742,DAL,Dallas,1317,,,, ,,,,,,,,,,,,,,,,,,,,
0020000878,1610612742,DAL,Dallas,1370,,,, ,,,,,,,,,,,,,,,,,,,,
0020000878,1610612742,DAL,Dallas,1483,,,, ,,,,,,,,,,,,,,,,,,,,
0020000878,1610612742,DAL,Dallas,1643,,,, ,,,,,,,,,,,,,,,,,,,,
0020000878,1610612742,DAL,Dallas,2154,,,, ,,,,,,,,,,,,,,,,,,,,
0020000878,1610612742,DAL,Dallas,95,Mark Bryant,Mark,,DNP - Coach's Decision,,,,,,,,,,,,,,,,,,,,
0020000878,1610612742,DAL,Dallas,1761,Greg Buckner,Greg,,DND - Sprained Left Foot,,,,,,,,,,,,,,,,,,,,
0020000878,1610612742,DAL,Dallas,2051,Donnell Harvey,Donnell,,DNP - Coach's Decision,,,,,,,,,,,,,,,,,,,,
0020000878,1610612742,DAL,Dallas,2059,Eduardo Najera,Eduardo,,DNP - Coach's Decision,,,,,,,,,,,,,,,,,,,,
0020000878,1610612748,MIA,Miami,1477,Bruce Bowen,Bruce,F,,40:15,7.0,13.0,0.538,2.0,2.0,1.0,0.0,0.0,0.0,1.0,1.0,2.0,1.0,2.0,0.0,0.0,4.0,16.0,-12.0
0020000878,1610612748,MIA,Miami,193,Anthony Mason,Anthony,G,,41:06,11.0,21.0,0.524,0.0,0.0,0.0,3.0,3.0,1.0,4.0,11.0,15.0,4.0,0.0,0.0,3.0,2.0,25.0,-14.0
0020000878,1610612748,MIA,Miami,258,Brian Grant,Brian,F,,39:24,11.0,21.0,0.524,0.0,1.0,0.0,1.0,2.0,0.5,1.0,6.0,7.0,1.0,2.0,0.0,3.0,2.0,23.0,3.0
0020000878,1610612748,MIA,Miami,105,Dan Majerle,Dan,G,,35:43,1.0,7.0,0.143,1.0,5.0,0.2,0.0,0.0,0.0,1.0,1.0,2.0,5.0,3.0,0.0,0.0,1.0,3.0,-10.0
0020000878,1610612748,MIA,Miami,896,Tim Hardaway,Tim,G,,32:48,1.0,9.0,0.111,1.0,4.0,0.25,2.0,2.0,1.0,1.0,2.0,3.0,8.0,1.0,0.0,2.0,3.0,5.0,-6.0
0020000878,1610612748,MIA,Miami,1853,Anthony Carter,Anthony,F,,24:25,2.0,7.0,0.286,0.0,0.0,0.0,0.0,0.0,0.0,1.0,2.0,3.0,5.0,1.0,0.0,1.0,2.0,4.0,0.0
0020000878,1610612748,MIA,Miami,920,A.C. Green,A.C.,G,,14:48,4.0,5.0,0.8,0.0,0.0,0.0,0.0,3.0,0.0,1.0,2.0,3.0,0.0,1.0,0.0,0.0,0.0,8.0,-1.0
0020000878,1610612748,MIA,Miami,2067,Eddie House,Eddie,G,,11:31,1.0,5.0,0.2,0.0,1.0,0.0,0.0,0.0,0.0,0.0,2.0,2.0,1.0,2.0,0.0,0.0,1.0,2.0,5.0
0020000878,1610612748,MIA,Miami,1787,,,, ,,,,,,,,,,,,,,,,,,,,
0020000878,1610612748,MIA,Miami,1877,,,, ,,,,,,,,,,,,,,,,,,,,
0020000878,1610612748,MIA,Miami,1276,,,, ,,,,,,,,,,,,,,,,,,,,
0020000878,1610612748,MIA,Miami,1277,,,, ,,,,,,,,,,,,,,,,,,,,
0020000878,1610612748,MIA,Miami,1279,,,, ,,,,,,,,,,,,,,,,,,,,
0020000878,1610612748,MIA,Miami,1280,,,, ,,,,,,,,,,,,,,,,,,,,
0020000878,1610612748,MIA,Miami,1281,,,, ,,,,,,,,,,,,,,,,,,,,
0020000878,1610612748,MIA,Miami,836,,,, ,,,,,,,,,,,,,,,,,,,,
0020000878,1610612748,MIA,Miami,1642,,,, ,,,,,,,,,,,,,,,,,,,,
0020000878,1610612748,MIA,Miami,190,Duane Causwell,Duane,,DNP - Coach's Decision,,,,,,,,,,,,,,,,,,,,
0020000878,1610612748,MIA,Miami,76,Cedric Ceballos,Cedric,,DNP - Coach's Decision,,,,,,,,,,,,,,,,,,,,
0020000878,1610612748,MIA,Miami,1729,Ricky Davis,Ricky,,DNP - Coach's Decision,,,,,,,,,,,,,,,,,,,,
0020000878,1610612748,MIA,Miami,931,Don MacLean,Don,,DNP - Coach's Decision,,,,,,,,,,,,,,,,,,,,
0020000883,1610612758,SAC,Sacramento,978,Peja Stojakovic,Peja,F,,10:38,2.0,7.0,0.286,0.0,0.0,0.0,0.0,0.0,0.0,2.0,1.0,3.0,0.0,0.0,0.0,1.0,2.0,4.0,-18.0
0020000883,1610612758,SAC,Sacramento,185,Chris Webber,Chris,F,,43:20,17.0,30.0,0.567,0.0,0.0,0.0,7.0,12.0,0.583,3.0,11.0,14.0,5.0,0.0,1.0,4.0,2.0,41.0,16.0
0020000883,1610612758,SAC,Sacramento,124,Vlade Divac,Vlade,F,,24:00,6.0,10.0,0.6,0.0,0.0,0.0,4.0,6.0,0.667,4.0,4.0,8.0,1.0,2.0,2.0,4.0,3.0,16.0,6.0
0020000883,1610612758,SAC,Sacramento,1715,Jason Williams,Jason,G,,28:39,0.0,3.0,0.0,0.0,1.0,0.0,0.0,2.0,0.0,0.0,0.0,0.0,5.0,1.0,0.0,4.0,2.0,0.0,-6.0
0020000883,1610612758,SAC,Sacramento,57,Doug Christie,Doug,G,,42:33,1.0,2.0,0.5,0.0,1.0,0.0,6.0,6.0,1.0,2.0,3.0,5.0,1.0,1.0,0.0,1.0,1.0,8.0,22.0
0020000883,1610612758,SAC,Sacramento,2045,Hedo Turkoglu,Hedo,G,,33:38,5.0,12.0,0.417,3.0,5.0,0.6,0.0,2.0,0.0,3.0,6.0,9.0,2.0,1.0,0.0,1.0,3.0,13.0,34.0
0020000883,1610612758,SAC,Sacramento,1513,Scot Pollard,Scot,G,,16:29,4.0,6.0,0.667,0.0,0.0,0.0,0.0,0.0,0.0,3.0,4.0,7.0,1.0,0.0,1.0,1.0,0.0,8.0,13.0
0020000883,1610612758,SAC,Sacramento,1517,Bobby Jackson,Bobby,G,,27:23,3.0,10.0,0.3,0.0,1.0,0.0,2.0,2.0,1.0,2.0,4.0,6.0,6.0,1.0,1.0,1.0,1.0,8.0,5.0
0020000883,1610612758,SAC,Sacramento,1444,Lawrence Funderburke,Lawrence,,,9:53,1.0,2.0,0.5,0.0,0.0,0.0,0.0,0.0,0.0,0.0,1.0,1.0,0.0,1.0,0.0,0.0,0.0,2.0,-5.0
0020000883,1610612758,SAC,Sacramento,239,Darrick Martin,Darrick,,,1:09,0.0,0.0,0.0,0.0,0.0,0.0,0.0,0.0,0.0,0.0,0.0,0.0,0.0,0.0,0.0,0.0,0.0,0.0,-4.0
0020000883,1610612758,SAC,Sacramento,2074,Jabari Smith,Jabari,,,1:09,0.0,1.0,0.0,0.0,0.0,0.0,0.0,0.0,0.0,0.0,1.0,1.0,0.0,0.0,0.0,0.0,0.0,0.0,-4.0
0020000883,1610612758,SAC,Sacramento,1609,Art Long,Art,,,1:09,0.0,0.0,0.0,0.0,0.0,0.0,0.0,0.0,0.0,0.0,0.0,0.0,0.0,0.0,0.0,0.0,0.0,0.0,-4.0
0020000883,1610612758,SAC,Sacramento,1775,,,, ,,,,,,,,,,,,,,,,,,,,
0020000883,1610612758,SAC,Sacramento,1248,,,, ,,,,,,,,,,,,,,,,,,,,
0020000883,1610612758,SAC,Sacramento,1249,,,, ,,,,,,,,,,,,,,,,,,,,
0020000883,1610612758,SAC,Sacramento,1322,,,, ,,,,,,,,,,,,,,,,,,,,
0020000883,1610612758,SAC,Sacramento,1327,,,, ,,,,,,,,,,,,,,,,,,,,
0020000883,1610612758,SAC,Sacramento,1328,,,, ,,,,,,,,,,,,,,,,,,,,
0020000883,1610612756,PHX,Phoenix,1890,Shawn Marion,Shawn,F,,42:30,10.0,17.0,0.588,0.0,0.0,0.0,3.0,3.0,1.0,1.0,7.0,8.0,2.0,3.0,2.0,1.0,0.0,23.0,-13.0
0020000883,1610612756,PHX,Phoenix,361,Clifford Robinson,Clifford,G,,26:02,6.0,15.0,0.4,0.0,2.0,0.0,2.0,2.0,1.0,1.0,3.0,4.0,0.0,0.0,1.0,1.0,4.0,14.0,1.0
0020000883,1610612756,PHX,Phoenix,2054,Jake Tsakalidis,Jake,G,,13:35,0.0,3.0,0.0,0.0,0.0,0.0,1.0,2.0,0.5,3.0,4.0,7.0,1.0,1.0,0.0,1.0,4.0,1.0,7.0
0020000883,1610612756,PHX,Phoenix,467,Jason Kidd,Jason,G,,41:02,2.0,6.0,0.333,0.0,1.0,0.0,2.0,4.0,0.5,2.0,3.0,5.0,13.0,2.0,0.0,4.0,1.0,6.0,-19.0
0020000883,1610612756,PHX,Phoenix,53,Mario Elie,Mario,G,,19:35,4.0,4.0,1.0,2.0,2.0,1.0,0.0,0.0,0.0,0.0,1.0,1.0,1.0,0.0,0.0,0.0,2.0,10.0,12.0
0020000883,1610612756,PHX,Phoenix,339,Tom Gugliotta,Tom,G,,19:31,2.0,10.0,0.2,0.0,1.0,0.0,2.0,2.0,1.0,0.0,1.0,1.0,1.0,2.0,1.0,2.0,3.0,6.0,-14.0
0020000883,1610612756,PHX,Phoenix,960,Tony Delk,Tony,F,,26:58,3.0,6.0,0.5,0.0,0.0,0.0,0.0,0.0,0.0,1.0,2.0,3.0,1.0,2.0,0.0,3.0,2.0,6.0,-15.0
0020000883,1610612756,PHX,Phoenix,915,Rodney Rogers,Rodney,G,,33:16,9.0,22.0,0.409,0.0,1.0,0.0,1.0,2.0,0.5,2.0,2.0,4.0,1.0,1.0,1.0,0.0,4.0,19.0,-20.0
0020000883,1610612756,PHX,Phoenix,219,Vinny Del Negro,Vinny,F,,13:09,1.0,4.0,0.25,0.0,1.0,0.0,0.0,0.0,0.0,0.0,2.0,2.0,6.0,1.0,0.0,0.0,0.0,2.0,-2.0
0020000883,1610612756,PHX,Phoenix,386,Elliot Perry,Elliot,,,2:11,1.0,1.0,1.0,0.0,0.0,0.0,0.0,0.0,0.0,0.0,0.0,0.0,1.0,0.0,0.0,0.0,0.0,2.0,4.0
0020000883,1610612756,PHX,Phoenix,2091,Daniel Santiago,Daniel,,,2:11,0.0,0.0,0.0,0.0,0.0,0.0,0.0,0.0,0.0,0.0,1.0,1.0,0.0,0.0,0.0,0.0,0.0,0.0,4.0
0020000883,1610612756,PHX,Phoenix,2160,,,, ,,,,,,,,,,,,,,,,,,,,
0020000883,1610612756,PHX,Phoenix,2161,,,, ,,,,,,,,,,,,,,,,,,,,
0020000883,1610612756,PHX,Phoenix,2008,,,, ,,,,,,,,,,,,,,,,,,,,
0020000883,1610612756,PHX,Phoenix,2015,,,, ,,,,,,,,,,,,,,,,,,,,
0020000883,1610612756,PHX,Phoenix,1227,,,, ,,,,,,,,,,,,,,,,,,,,
0020000883,1610612756,PHX,Phoenix,1653,,,, ,,,,,,,,,,,,,,,,,,,,
0020000883,1610612756,PHX,Phoenix,1654,,,, ,,,,,,,,,,,,,,,,,,,,
0020000883,1610612756,PHX,Phoenix,201,Chris Dudley,Chris,,DNP - Coach's Decision,,,,,,,,,,,,,,,,,,,,
0020000881,1610612752,NYK,New York,84,Latrell Sprewell,Latrell,F,,35:40,11.0,21.0,0.524,2.0,3.0,0.667,2.0,2.0,1.0,0.0,3.0,3.0,1.0,1.0,1.0,2.0,5.0,26.0,6.0
0020000881,1610612752,NYK,New York,703,Kurt Thomas,Kurt,F,,28:16,4.0,8.0,0.5,0.0,0.0,0.0,1.0,2.0,0.5,3.0,3.0,6.0,0.0,0.0,1.0,1.0,4.0,9.0,0.0
0020000881,1610612752,NYK,New York,948,Marcus Camby,Marcus,G,,43:19,3.0,7.0,0.429,0.0,0.0,0.0,1.0,3.0,0.333,2.0,12.0,14.0,2.0,2.0,5.0,2.0,2.0,7.0,7.0
0020000881,1610612752,NYK,New York,275,Allan Houston,Allan,G,,35:43,5.0,16.0,0.313,0.0,3.0,0.0,2.0,2.0,1.0,0.0,2.0,2.0,2.0,1.0,2.0,1.0,2.0,12.0,3.0
0020000881,1610612752,NYK,New York,349,Mark Jackson,Mark,G,,28:50,0.0,3.0,0.0,0.0,1.0,0.0,0.0,0.0,0.0,1.0,4.0,5.0,7.0,2.0,0.0,0.0,3.0,0.0,5.0
0020000881,1610612752,NYK,New York,970,Othella Harrington,Othella,F,,16:13,1.0,3.0,0.333,0.0,0.0,0.0,4.0,4.0,1.0,0.0,1.0,1.0,0.0,0.0,0.0,2.0,3.0,6.0,-2.0
0020000881,1610612752,NYK,New York,779,Glen Rice,Glen,F,,32:49,4.0,13.0,0.308,2.0,3.0,0.667,6.0,6.0,1.0,2.0,6.0,8.0,1.0,0.0,0.0,0.0,0.0,16.0,2.0
0020000881,1610612752,NYK,New York,369,Charlie Ward,Charlie,G,,19:10,1.0,1.0,1.0,1.0,1.0,1.0,0.0,0.0,0.0,0.0,2.0,2.0,5.0,0.0,0.0,3.0,4.0,3.0,-1.0
0020000881,1610612752,NYK,New York,1297,,,, ,,,,,,,,,,,,,,,,,,,,
0020000881,1610612752,NYK,New York,1298,,,, ,,,,,,,,,,,,,,,,,,,,
0020000881,1610612752,NYK,New York,1301,,,, ,,,,,,,,,,,,,,,,,,,,
0020000881,1610612752,NYK,New York,1302,,,, ,,,,,,,,,,,,,,,,,,,,
0020000881,1610612752,NYK,New York,1790,,,, ,,,,,,,,,,,,,,,,,,,,
0020000881,1610612752,NYK,New York,1791,,,, ,,,,,,,,,,,,,,,,,,,,
0020000881,1610612752,NYK,New York,2167,,,, ,,,,,,,,,,,,,,,,,,,,
0020000881,1610612752,NYK,New York,2168,,,, ,,,,,,,,,,,,,,,,,,,,
0020000881,1610612752,NYK,New York,913,Larry Johnson,Larry,,DND - Sore Back,,,,,,,,,,,,,,,,,,,,
0020000881,1610612752,NYK,New York,969,Travis Knight,Travis,,DNP - Coach's Decision,,,,,,,,,,,,,,,,,,,,
0020000881,1610612752,NYK,New York,2068,Lavor Postell,Lavor,,DNP - Coach's Decision,,,,,,,,,,,,,,,,,,,,
0020000881,1610612752,NYK,New York,280,Felton Spencer,Felton,,DNP - Coach's Decision,,,,,,,,,,,,,,,,,,,,
0020000881,1610612754,IND,Indiana,1733,Al Harrington,Al,G,,33:51,5.0,13.0,0.385,0.0,0.0,0.0,2.0,4.0,0.5,2.0,7.0,9.0,4.0,0.0,0.0,2.0,5.0,12.0,-6.0
0020000881,1610612754,IND,Indiana,979,Jermaine O'Neal,Jermaine,G,,44:38,7.0,13.0,0.538,0.0,0.0,0.0,3.0,6.0,0.5,3.0,11.0,14.0,3.0,1.0,7.0,0.0,4.0,17.0,-1.0
0020000881,1610612754,IND,Indiana,64,Sam Perkins,Sam,G,,36:27,3.0,9.0,0.333,3.0,5.0,0.6,1.0,2.0,0.5,2.0,5.0,7.0,1.0,2.0,0.0,1.0,1.0,10.0,-6.0
0020000881,1610612754,IND,Indiana,696,Travis Best,Travis,G,,37:51,2.0,13.0,0.154,1.0,2.0,0.5,4.0,4.0,1.0,0.0,1.0,1.0,6.0,1.0,0.0,2.0,2.0,9.0,-1.0
0020000881,1610612754,IND,Indiana,147,Jalen Rose,Jalen,G,,47:39,7.0,15.0,0.467,1.0,3.0,0.333,6.0,6.0,1.0,0.0,4.0,4.0,5.0,0.0,1.0,4.0,5.0,21.0,-4.0
0020000881,1610612754,IND,Indiana,1506,Austin Croshere,Austin,,,6:38,0.0,2.0,0.0,0.0,1.0,0.0,0.0,0.0,0.0,1.0,0.0,1.0,0.0,0.0,0.0,0.0,0.0,0.0,0.0
0020000881,1610612754,IND,Indiana,365,Derrick McKey,Derrick,,,11:27,0.0,2.0,0.0,0.0,0.0,0.0,0.0,0.0,0.0,0.0,3.0,3.0,1.0,0.0,0.0,0.0,1.0,0.0,2.0
0020000881,1610612754,IND,Indiana,1886,Jonathan Bender,Jonathan,G,,13:12,2.0,4.0,0.5,0.0,0.0,0.0,2.0,2.0,1.0,0.0,1.0,1.0,1.0,0.0,0.0,1.0,2.0,6.0,-3.0
0020000881,1610612754,IND,Indiana,1902,Jeff Foster,Jeff,F,,8:17,0.0,1.0,0.0,0.0,0.0,0.0,0.0,0.0,0.0,0.0,0.0,0.0,1.0,1.0,0.0,0.0,0.0,0.0,-1.0
0020000881,1610612754,IND,Indiana,1306,,,, ,,,,,,,,,,,,,,,,,,,,
0020000881,1610612754,IND,Indiana,2099,,,, ,,,,,,,,,,,,,,,,,,,,
0020000881,1610612754,IND,Indiana,2100,,,, ,,,,,,,,,,,,,,,,,,,,
0020000881,1610612754,IND,Indiana,2165,,,, ,,,,,,,,,,,,,,,,,,,,
0020000881,1610612754,IND,Indiana,1857,,,, ,,,,,,,,,,,,,,,,,,,,
0020000881,1610612754,IND,Indiana,1263,,,, ,,,,,,,,,,,,,,,,,,,,
0020000881,1610612754,IND,Indiana,1299,,,, ,,,,,,,,,,,,,,,,,,,,
0020000881,1610612754,IND,Indiana,397,Reggie Miller,Reggie,,"DND - Suspended, One Game",,,,,,,,,,,,,,,,,,,,
0020000881,1610612754,IND,Indiana,371,Terry Mills,Terry,,DNP - Coach's Decision,,,,,,,,,,,,,,,,,,,,
0020000881,1610612754,IND,Indiana,440,Zan Tabak,Zan,,DNP - Coach's Decision,,,,,,,,,,,,,,,,,,,,
0020000882,1610612760,SEA,Seattle,1739,Ruben Patterson,Ruben,G,,35:47,4.0,10.0,0.4,0.0,0.0,0.0,2.0,2.0,1.0,2.0,2.0,4.0,3.0,2.0,0.0,2.0,1.0,10.0,-3.0
0020000882,1610612760,SEA,Seattle,1741,Jelani McCoy,Jelani,F,,26:00,3.0,6.0,0.5,0.0,0.0,0.0,2.0,2.0,1.0,2.0,3.0,5.0,1.0,0.0,4.0,2.0,4.0,8.0,0.0
0020000882,1610612760,SEA,Seattle,121,Patrick Ewing,Patrick,G,,38:42,6.0,14.0,0.429,0.0,0.0,0.0,0.0,0.0,0.0,2.0,7.0,9.0,3.0,0.0,2.0,1.0,4.0,12.0,-4.0
0020000882,1610612760,SEA,Seattle,56,Gary Payton,Gary,G,,41:47,3.0,17.0,0.176,0.0,3.0,0.0,4.0,4.0,1.0,0.0,6.0,6.0,7.0,4.0,1.0,1.0,1.0,10.0,-2.0
0020000882,1610612760,SEA,Seattle,2046,Desmond Mason,Desmond,G,,34:19,6.0,10.0,0.6,0.0,2.0,0.0,0.0,0.0,0.0,1.0,2.0,3.0,1.0,1.0,1.0,1.0,2.0,12.0,-8.0
0020000882,1610612760,SEA,Seattle,452,Vin Baker,Vin,F,,30:47,4.0,12.0,0.333,1.0,2.0,0.5,7.0,10.0,0.7,1.0,1.0,2.0,1.0,0.0,1.0,4.0,4.0,16.0,-5.0
0020000882,1610612760,SEA,Seattle,1023,Emanual Davis,Emanual,F,,22:11,5.0,6.0,0.833,1.0,2.0,0.5,0.0,0.0,0.0,0.0,2.0,2.0,2.0,0.0,0.0,1.0,2.0,11.0,7.0
0020000882,1610612760,SEA,Seattle,1742,Shammond Williams,Shammond,,,10:27,1.0,3.0,0.333,1.0,1.0,1.0,0.0,0.0,0.0,1.0,0.0,1.0,0.0,0.0,0.0,0.0,1.0,3.0,-5.0
0020000882,1610612760,SEA,Seattle,1778,,,, ,,,,,,,,,,,,,,,,,,,,
0020000882,1610612760,SEA,Seattle,1349,,,, ,,,,,,,,,,,,,,,,,,,,
0020000882,1610612760,SEA,Seattle,1335,,,, ,,,,,,,,,,,,,,,,,,,,
0020000882,1610612760,SEA,Seattle,1338,,,, ,,,,,,,,,,,,,,,,,,,,
0020000882,1610612760,SEA,Seattle,699,Brent Barry,Brent,,NWT - Strained Left Groin,,,,,,,,,,,,,,,,,,,,
0020000882,1610612760,SEA,Seattle,1740,Rashard Lewis,Rashard,,NWT - Strained Left Hip Flexor,,,,,,,,,,,,,,,,,,,,
0020000882,1610612760,SEA,Seattle,2071,Olumide Oyedeji,Olumide,,DNP - Coach's Decision,,,,,,,,,,,,,,,,,,,,
0020000882,1610612760,SEA,Seattle,2106,Ruben Wolkowyski,Ruben,,DNP - Coach's Decision,,,,,,,,,,,,,,,,,,,,
0020000882,1610612762,UTA,Utah,923,Donyell Marshall,Donyell,G,,35:50,6.0,17.0,0.353,0.0,2.0,0.0,1.0,1.0,1.0,4.0,10.0,14.0,0.0,1.0,3.0,1.0,2.0,13.0,-2.0
0020000882,1610612762,UTA,Utah,252,Karl Malone,Karl,F,,35:42,12.0,19.0,0.632,0.0,1.0,0.0,2.0,2.0,1.0,0.0,4.0,4.0,6.0,1.0,2.0,5.0,5.0,26.0,7.0
0020000882,1610612762,UTA,Utah,178,Olden Polynice,Olden,G,,18:57,1.0,3.0,0.333,0.0,0.0,0.0,2.0,4.0,0.5,5.0,2.0,7.0,0.0,0.0,1.0,0.0,2.0,4.0,-8.0
0020000882,1610612762,UTA,Utah,304,John Stockton,John,G,,29:46,6.0,10.0,0.6,2.0,2.0,1.0,1.0,1.0,1.0,2.0,4.0,6.0,11.0,1.0,0.0,4.0,1.0,15.0,5.0
0020000882,1610612762,UTA,Utah,317,John Starks,John,G,,27:50,2.0,8.0,0.25,1.0,1.0,1.0,4.0,4.0,1.0,1.0,1.0,2.0,7.0,0.0,0.0,0.0,0.0,9.0,4.0
0020000882,1610612762,UTA,Utah,1521,Jacque Vaughn,Jacque,F,,18:14,1.0,1.0,1.0,1.0,1.0,1.0,2.0,2.0,1.0,0.0,2.0,2.0,2.0,1.0,0.0,3.0,4.0,5.0,-1.0
0020000882,1610612762,UTA,Utah,935,Bryon Russell,Bryon,G,,25:22,4.0,7.0,0.571,0.0,2.0,0.0,0.0,0.0,0.0,1.0,0.0,1.0,1.0,0.0,0.0,2.0,3.0,8.0,6.0
0020000882,1610612762,UTA,Utah,731,Greg Ostertag,Greg,G,,28:32,2.0,6.0,0.333,0.0,0.0,0.0,0.0,2.0,0.0,0.0,8.0,8.0,1.0,0.0,5.0,0.0,3.0,4.0,13.0
0020000882,1610612762,UTA,Utah,330,Danny Manning,Danny,G,,12:18,1.0,5.0,0.2,0.0,0.0,0.0,0.0,0.0,0.0,0.0,2.0,2.0,0.0,1.0,0.0,1.0,1.0,2.0,-3.0
0020000882,1610612762,UTA,Utah,180,John Crotty,John,F,,7:29,0.0,0.0,0.0,0.0,0.0,0.0,0.0,0.0,0.0,1.0,1.0,2.0,0.0,0.0,0.0,1.0,1.0,0.0,-1.0
0020000882,1610612762,UTA,Utah,1228,,,, ,,,,,,,,,,,,,,,,,,,,
0020000882,1610612762,UTA,Utah,1345,,,, ,,,,,,,,,,,,,,,,,,,,
0020000882,1610612762,UTA,Utah,1347,,,, ,,,,,,,,,,,,,,,,,,,,
0020000882,1610612762,UTA,Utah,1348,,,, ,,,,,,,,,,,,,,,,,,,,
0020000882,1610612762,UTA,Utah,1794,,,, ,,,,,,,,,,,,,,,,,,,,
0020000882,1610612762,UTA,Utah,1372,,,, ,,,,,,,,,,,,,,,,,,,,
0020000882,1610612762,UTA,Utah,128,David Benoit,David,,DNP - Coach's Decision,,,,,,,,,,,,,,,,,,,,
0020000882,1610612762,UTA,Utah,1909,Scott Padgett,Scott,,DNP - Coach's Decision,,,,,,,,,,,,,,,,,,,,
0020000879,1610612745,HOU,Houston,1000,Shandon Anderson,Shandon,F,,42:02,5.0,16.0,0.313,1.0,5.0,0.2,4.0,6.0,0.667,1.0,7.0,8.0,2.0,3.0,0.0,2.0,3.0,15.0,12.0
0020000879,1610612745,HOU,Houston,1005,Walt Williams,Walt,G,,37:57,4.0,12.0,0.333,3.0,6.0,0.5,6.0,6.0,1.0,0.0,7.0,7.0,2.0,1.0,0.0,1.0,4.0,17.0,9.0
0020000879,1610612745,HOU,Houston,165,Hakeem Olajuwon,Hakeem,C,,9:32,0.0,2.0,0.0,0.0,0.0,0.0,0.0,0.0,0.0,1.0,2.0,3.0,0.0,0.0,0.0,1.0,0.0,0.0,-9.0
0020000879,1610612745,HOU,Houston,1883,Steve Francis,Steve,G,,43:42,10.0,17.0,0.588,3.0,5.0,0.6,8.0,9.0,0.889,3.0,6.0,9.0,6.0,2.0,0.0,7.0,3.0,31.0,11.0
0020000879,1610612745,HOU,Houston,1749,Cuttino Mobley,Cuttino,G,,44:19,8.0,19.0,0.421,1.0,5.0,0.2,4.0,7.0,0.571,2.0,2.0,4.0,6.0,1.0,0.0,2.0,1.0,21.0,10.0
0020000879,1610612745,HOU,Houston,1903,Kenny Thomas,Kenny,C,,14:22,0.0,1.0,0.0,0.0,0.0,0.0,2.0,2.0,1.0,1.0,2.0,3.0,2.0,1.0,0.0,0.0,1.0,2.0,-11.0
0020000879,1610612745,HOU,Houston,435,Carlos Rogers,Carlos,F,,7:09,0.0,0.0,0.0,0.0,0.0,0.0,0.0,2.0,0.0,0.0,0.0,0.0,0.0,0.0,0.0,0.0,0.0,0.0,-13.0
0020000879,1610612745,HOU,Houston,983,Moochie Norris,Moochie,,,10:52,1.0,5.0,0.2,0.0,1.0,0.0,2.0,2.0,1.0,1.0,0.0,1.0,0.0,1.0,0.0,1.0,1.0,4.0,-5.0
0020000879,1610612745,HOU,Houston,1509,Kelvin Cato,Kelvin,G,,28:51,5.0,6.0,0.833,0.0,0.0,0.0,4.0,5.0,0.8,5.0,4.0,9.0,0.0,0.0,2.0,2.0,4.0,14.0,29.0
0020000879,1610612745,HOU,Houston,2173,Sean Colson,Sean,,,1:14,0.0,0.0,0.0,0.0,0.0,0.0,0.0,0.0,0.0,0.0,0.0,0.0,0.0,0.0,0.0,0.0,0.0,0.0,-3.0
0020000879,1610612745,HOU,Houston,1997,,,, ,,,,,,,,,,,,,,,,,,,,
0020000879,1610612745,HOU,Houston,825,,,, ,,,,,,,,,,,,,,,,,,,,
0020000879,1610612745,HOU,Houston,1255,,,, ,,,,,,,,,,,,,,,,,,,,
0020000879,1610612745,HOU,Houston,1256,,,, ,,,,,,,,,,,,,,,,,,,,
0020000879,1610612745,HOU,Houston,1257,,,, ,,,,,,,,,,,,,,,,,,,,
0020000879,1610612745,HOU,Houston,1258,,,, ,,,,,,,,,,,,,,,,,,,,
0020000879,1610612745,HOU,Houston,2061,Dan Langhi,Dan,,DNP - Coach's Decision,,,,,,,,,,,,,,,,,,,,
0020000879,1610612745,HOU,Houston,1508,Maurice Taylor,Maurice,,DNP - Coach's Decision,,,,,,,,,,,,,,,,,,,,
0020000879,1610612737,ATL,Atlanta,1544,Chris Crawford,Chris,F,,23:55,5.0,8.0,0.625,0.0,0.0,0.0,2.0,2.0,1.0,1.0,3.0,4.0,0.0,1.0,3.0,1.0,6.0,12.0,10.0
0020000879,1610612737,ATL,Atlanta,389,Toni Kukoc,Toni,G,,43:47,9.0,15.0,0.6,4.0,8.0,0.5,4.0,5.0,0.8,3.0,8.0,11.0,7.0,0.0,0.0,2.0,4.0,26.0,-4.0
0020000879,1610612737,ATL,Atlanta,953,Lorenzen Wright,Lorenzen,C,,32:51,7.0,13.0,0.538,0.0,0.0,0.0,4.0,8.0,0.5,5.0,10.0,15.0,2.0,0.0,0.0,3.0,4.0,18.0,-9.0
0020000879,1610612737,ATL,Atlanta,1510,Brevin Knight,Brevin,G,,29:05,3.0,10.0,0.3,0.0,0.0,0.0,0.0,0.0,0.0,1.0,3.0,4.0,7.0,3.0,0.0,1.0,5.0,6.0,-6.0
0020000879,1610612737,ATL,Atlanta,1891,Jason Terry,Jason,G,,46:01,8.0,23.0,0.348,2.0,8.0,0.25,2.0,2.0,1.0,0.0,3.0,3.0,5.0,2.0,0.0,4.0,3.0,20.0,-4.0
0020000879,1610612737,ATL,Atlanta,1737,Nazr Mohammed,Nazr,G,,15:09,1.0,5.0,0.2,0.0,0.0,0.0,2.0,2.0,1.0,1.0,2.0,3.0,0.0,0.0,0.0,2.0,3.0,4.0,3.0
0020000879,1610612737,ATL,Atlanta,2035,DerMarr Johnson,DerMarr,G,,30:39,4.0,6.0,0.667,0.0,2.0,0.0,0.0,1.0,0.0,2.0,2.0,4.0,1.0,1.0,0.0,1.0,0.0,8.0,-7.0
0020000879,1610612737,ATL,Atlanta,673,Alan Henderson,Alan,,,4:13,0.0,2.0,0.0,0.0,0.0,0.0,0.0,0.0,0.0,1.0,1.0,2.0,1.0,0.0,0.0,0.0,0.0,0.0,-2.0
0020000879,1610612737,ATL,Atlanta,2069,Hanno Mottola,Hanno,F,,5:35,0.0,1.0,0.0,0.0,1.0,0.0,0.0,0.0,0.0,0.0,0.0,0.0,0.0,0.0,0.0,1.0,3.0,0.0,-7.0
0020000879,1610612737,ATL,Atlanta,1901,Dion Glover,Dion,,,8:45,2.0,5.0,0.4,0.0,2.0,0.0,0.0,0.0,0.0,1.0,0.0,1.0,1.0,1.0,1.0,1.0,2.0,4.0,-4.0
0020000879,1610612737,ATL,Atlanta,2150,,,, ,,,,,,,,,,,,,,,,,,,,
0020000879,1610612737,ATL,Atlanta,2151,,,, ,,,,,,,,,,,,,,,,,,,,
0020000879,1610612737,ATL,Atlanta,2094,,,, ,,,,,,,,,,,,,,,,,,,,
0020000879,1610612737,ATL,Atlanta,1260,,,, ,,,,,,,,,,,,,,,,,,,,
0020000879,1610612737,ATL,Atlanta,1774,,,, ,,,,,,,,,,,,,,,,,,,,
0020000879,1610612737,ATL,Atlanta,1898,Cal Bowdler,Cal,,DNP - Coach's Decision,,,,,,,,,,,,,,,,,,,,
0020000879,1610612737,ATL,Atlanta,2143,Pepe Sanchez,Pepe,,DNP - Coach's Decision,,,,,,,,,,,,,,,,,,,,
0020000875,1610612749,MIL,Milwaukee,299,Glenn Robinson,Glenn,F,,38:07,5.0,17.0,0.294,0.0,2.0,0.0,0.0,0.0,0.0,2.0,8.0,10.0,4.0,0.0,1.0,6.0,3.0,10.0,-4.0
0020000875,1610612749,MIL,Milwaukee,1032,Darvin Ham,Darvin,F,,16:21,2.0,3.0,0.667,0.0,0.0,0.0,0.0,2.0,0.0,3.0,1.0,4.0,1.0,0.0,0.0,0.0,4.0,4.0,-9.0
0020000875,1610612749,MIL,Milwaukee,679,Jason Caffey,Jason,C,,22:15,4.0,9.0,0.444,0.0,0.0,0.0,1.0,2.0,0.5,3.0,5.0,8.0,0.0,1.0,0.0,2.0,3.0,9.0,-5.0
0020000875,1610612749,MIL,Milwaukee,208,Sam Cassell,Sam,G,,39:43,10.0,20.0,0.5,1.0,4.0,0.25,3.0,4.0,0.75,0.0,3.0,3.0,7.0,2.0,0.0,2.0,1.0,24.0,3.0
0020000875,1610612749,MIL,Milwaukee,951,Ray Allen,Ray,G,,35:10,1.0,10.0,0.1,1.0,3.0,0.333,11.0,13.0,0.846,1.0,8.0,9.0,6.0,1.0,0.0,2.0,3.0,14.0,7.0
0020000875,1610612749,MIL,Milwaukee,1501,Tim Thomas,Tim,F,,30:47,7.0,13.0,0.538,3.0,6.0,0.5,5.0,8.0,0.625,3.0,7.0,10.0,3.0,0.0,0.0,0.0,3.0,22.0,12.0
0020000875,1610612749,MIL,Milwaukee,283,Lindsey Hunter,Lindsey,G,,21:42,5.0,8.0,0.625,2.0,3.0,0.667,2.0,2.0,1.0,0.0,0.0,0.0,1.0,2.0,0.0,0.0,1.0,14.0,10.0
0020000875,1610612749,MIL,Milwaukee,911,Ervin Johnson,Ervin,C,,24:10,1.0,1.0,1.0,0.0,0.0,0.0,0.0,0.0,0.0,1.0,3.0,4.0,1.0,0.0,1.0,1.0,4.0,2.0,11.0
0020000875,1610612749,MIL,Milwaukee,281,Scott Williams,Scott,,,11:46,1.0,2.0,0.5,0.0,0.0,0.0,0.0,0.0,0.0,0.0,4.0,4.0,0.0,0.0,0.0,0.0,3.0,2.0,10.0
0020000875,1610612749,MIL,Milwaukee,2157,,,, ,,,,,,,,,,,,,,,,,,,,
0020000875,1610612749,MIL,Milwaukee,1796,,,, ,,,,,,,,,,,,,,,,,,,,
0020000875,1610612749,MIL,Milwaukee,1797,,,, ,,,,,,,,,,,,,,,,,,,,
0020000875,1610612749,MIL,Milwaukee,1334,,,, ,,,,,,,,,,,,,,,,,,,,
0020000875,1610612749,MIL,Milwaukee,1337,,,, ,,,,,,,,,,,,,,,,,,,,
0020000875,1610612749,MIL,Milwaukee,1355,,,, ,,,,,,,,,,,,,,,,,,,,
0020000875,1610612749,MIL,Milwaukee,1747,Rafer Alston,Rafer,,DNP - Coach's Decision,,,,,,,,,,,,,,,,,,,,
0020000875,1610612749,MIL,Milwaukee,998,Mark Pope,Mark,,DNP - Coach's Decision,,,,,,,,,,,,,,,,,,,,
0020000875,1610612749,MIL,Milwaukee,2038,Joel Przybilla,Joel,,DNP - Coach's Decision,,,,,,,,,,,,,,,,,,,,
0020000875,1610612738,BOS,Boston,952,Antoine Walker,Antoine,F,,41:28,14.0,28.0,0.5,7.0,14.0,0.5,1.0,4.0,0.25,0.0,11.0,11.0,4.0,3.0,0.0,6.0,5.0,36.0,-6.0
0020000875,1610612738,BOS,Boston,1718,Paul Pierce,Paul,F,,45:09,11.0,23.0,0.478,4.0,8.0,0.5,4.0,6.0,0.667,2.0,8.0,10.0,4.0,3.0,0.0,1.0,1.0,30.0,-6.0
0020000875,1610612738,BOS,Boston,1548,Mark Blount,Mark,C,,24:04,0.0,3.0,0.0,0.0,0.0,0.0,0.0,0.0,0.0,0.0,4.0,4.0,0.0,0.0,1.0,0.0,4.0,0.0,-14.0
0020000875,1610612738,BOS,Boston,753,Randy Brown,Randy,G,,17:00,0.0,3.0,0.0,0.0,0.0,0.0,0.0,0.0,0.0,0.0,0.0,0.0,4.0,0.0,0.0,1.0,2.0,0.0,-9.0
0020000875,1610612738,BOS,Boston,179,Bryant Stith,Bryant,G,,10:35,0.0,2.0,0.0,0.0,2.0,0.0,0.0,0.0,0.0,0.0,2.0,2.0,0.0,0.0,0.0,2.0,4.0,0.0,0.0
0020000875,1610612738,BOS,Boston,677,Eric Williams,Eric,,,26:47,1.0,4.0,0.25,0.0,2.0,0.0,1.0,3.0,0.333,1.0,1.0,2.0,2.0,0.0,0.0,0.0,1.0,3.0,-6.0
0020000875,1610612738,BOS,Boston,1960,Milt Palacio,Milt,G,,31:00,2.0,6.0,0.333,0.0,1.0,0.0,4.0,4.0,1.0,1.0,2.0,3.0,5.0,1.0,0.0,2.0,3.0,8.0,2.0
0020000875,1610612738,BOS,Boston,958,Vitaly Potapenko,Vitaly,C,,21:19,2.0,4.0,0.5,0.0,0.0,0.0,2.0,2.0,1.0,2.0,3.0,5.0,1.0,1.0,0.0,0.0,1.0,6.0,4.0
0020000875,1610612738,BOS,Boston,713,Chris Carr,Chris,G,,20:01,4.0,7.0,0.571,1.0,3.0,0.333,2.0,3.0,0.667,0.0,1.0,1.0,2.0,0.0,0.0,2.0,6.0,11.0,-3.0
0020000875,1610612738,BOS,Boston,962,Walter McCarty,Walter,,,2:37,0.0,0.0,0.0,0.0,0.0,0.0,0.0,0.0,0.0,0.0,1.0,1.0,0.0,0.0,0.0,0.0,0.0,0.0,3.0
0020000875,1610612738,BOS,Boston,1213,,,, ,,,,,,,,,,,,,,,,,,,,
0020000875,1610612738,BOS,Boston,1875,,,, ,,,,,,,,,,,,,,,,,,,,
0020000875,1610612738,BOS,Boston,1639,,,, ,,,,,,,,,,,,,,,,,,,,
0020000875,1610612738,BOS,Boston,1641,,,, ,,,,,,,,,,,,,,,,,,,,
0020000875,1610612738,BOS,Boston,1559,Adrian Griffin,Adrian,,DNP - Coach's Decision,,,,,,,,,,,,,,,,,,,,
0020000875,1610612738,BOS,Boston,1914,Chris Herren,Chris,,DNP - Coach's Decision,,,,,,,,,,,,,,,,,,,,
0020000880,1610612764,WAS,Washington,782,Mitch Richmond,Mitch,G,,39:45,5.0,11.0,0.455,0.0,2.0,0.0,7.0,8.0,0.875,0.0,4.0,4.0,7.0,0.0,1.0,4.0,1.0,17.0,18.0
0020000880,1610612764,WAS,Washington,63,Michael Smith,Michael,F,,25:57,5.0,6.0,0.833,0.0,0.0,0.0,3.0,4.0,0.75,2.0,6.0,8.0,0.0,2.0,0.0,0.0,3.0,13.0,14.0
0020000880,1610612764,WAS,Washington,1751,Jahidi White,Jahidi,C,,34:36,4.0,8.0,0.5,0.0,0.0,0.0,3.0,3.0,1.0,4.0,9.0,13.0,1.0,0.0,1.0,3.0,2.0,11.0,15.0
0020000880,1610612764,WAS,Washington,93,Hubert Davis,Hubert,G,,38:10,6.0,11.0,0.545,2.0,3.0,0.667,0.0,0.0,0.0,2.0,3.0,5.0,7.0,2.0,0.0,2.0,2.0,14.0,11.0
0020000880,1610612764,WAS,Washington,1888,Richard Hamilton,Richard,G,,34:17,6.0,16.0,0.375,0.0,2.0,0.0,5.0,5.0,1.0,3.0,1.0,4.0,4.0,1.0,0.0,2.0,1.0,17.0,16.0
0020000880,1610612764,WAS,Washington,363,Christian Laettner,Christian,F,,22:09,1.0,3.0,0.333,0.0,0.0,0.0,0.0,0.0,0.0,0.0,2.0,2.0,2.0,2.0,0.0,3.0,2.0,2.0,-9.0
0020000880,1610612764,WAS,Washington,461,Popeye Jones,Popeye,F,,13:05,0.0,5.0,0.0,0.0,0.0,0.0,0.0,0.0,0.0,0.0,3.0,3.0,0.0,0.0,0.0,0.0,1.0,0.0,-12.0
0020000880,1610612764,WAS,Washington,2042,Courtney Alexander,Courtney,G,,26:07,5.0,8.0,0.625,0.0,1.0,0.0,2.0,2.0,1.0,0.0,1.0,1.0,0.0,0.0,0.0,3.0,2.0,12.0,-17.0
0020000880,1610612764,WAS,Washington,2065,Mike Smith,Mike,,,2:43,1.0,1.0,1.0,0.0,0.0,0.0,0.0,0.0,0.0,0.0,0.0,0.0,0.0,0.0,0.0,1.0,0.0,2.0,-10.0
0020000880,1610612764,WAS,Washington,2128,David Vanterpool,David,,,3:11,0.0,0.0,0.0,0.0,0.0,0.0,0.0,0.0,0.0,0.0,0.0,0.0,0.0,0.0,0.0,0.0,1.0,0.0,-1.0
0020000880,1610612764,WAS,Washington,2171,,,, ,,,,,,,,,,,,,,,,,,,,
0020000880,1610612764,WAS,Washington,2093,,,, ,,,,,,,,,,,,,,,,,,,,
0020000880,1610612764,WAS,Washington,2095,,,, ,,,,,,,,,,,,,,,,,,,,
0020000880,1610612764,WAS,Washington,1340,,,, ,,,,,,,,,,,,,,,,,,,,
0020000880,1610612764,WAS,Washington,1360,,,, ,,,,,,,,,,,,,,,,,,,,
0020000880,1610612764,WAS,Washington,1245,,,, ,,,,,,,,,,,,,,,,,,,,
0020000880,1610612764,WAS,Washington,1251,,,, ,,,,,,,,,,,,,,,,,,,,
0020000880,1610612764,WAS,Washington,1271,,,, ,,,,,,,,,,,,,,,,,,,,
0020000880,1610612764,WAS,Washington,1919,Laron Profit,Laron,,DNP - Coach's Decision,,,,,,,,,,,,,,,,,,,,
0020000880,1610612764,WAS,Washington,919,Loy Vaught,Loy,,DNP - Coach's Decision,,,,,,,,,,,,,,,,,,,,
0020000880,1610612739,CLE,Cleveland,1723,Matt Harpring,Matt,F,,19:50,3.0,8.0,0.375,0.0,0.0,0.0,0.0,0.0,0.0,2.0,0.0,2.0,1.0,1.0,0.0,0.0,2.0,6.0,-18.0
0020000880,1610612739,CLE,Cleveland,221,Clar. Weatherspoon,Clar.,F,,31:09,3.0,8.0,0.375,0.0,0.0,0.0,1.0,2.0,0.5,2.0,5.0,7.0,2.0,1.0,2.0,2.0,3.0,7.0,-19.0
0020000880,1610612739,CLE,Cleveland,2036,Chris Mihm,Chris,C,,14:46,0.0,0.0,0.0,0.0,0.0,0.0,0.0,0.0,0.0,1.0,0.0,1.0,0.0,0.0,0.0,1.0,1.0,0.0,-11.0
0020000880,1610612739,CLE,Cleveland,1889,Andre Miller,Andre,G,,34:02,4.0,9.0,0.444,1.0,2.0,0.5,2.0,2.0,1.0,0.0,1.0,1.0,6.0,2.0,0.0,2.0,2.0,11.0,-19.0
0020000880,1610612739,CLE,Cleveland,754,Jim Jackson,Jim,G,,17:22,0.0,6.0,0.0,0.0,0.0,0.0,1.0,1.0,1.0,0.0,5.0,5.0,4.0,1.0,0.0,2.0,0.0,1.0,-7.0
0020000880,1610612739,CLE,Cleveland,445,Wesley Person,Wesley,G,,28:10,2.0,7.0,0.286,1.0,2.0,0.5,0.0,0.0,0.0,0.0,2.0,2.0,2.0,1.0,1.0,2.0,2.0,5.0,13.0
0020000880,1610612739,CLE,Cleveland,423,Chris Gatling,Chris,G,,25:54,6.0,11.0,0.545,0.0,1.0,0.0,1.0,2.0,0.5,3.0,3.0,6.0,1.0,0.0,1.0,1.0,3.0,13.0,8.0
0020000880,1610612739,CLE,Cleveland,1714,Robert Traylor,Robert,F,,23:58,5.0,6.0,0.833,0.0,0.0,0.0,0.0,0.0,0.0,1.0,5.0,6.0,1.0,0.0,0.0,2.0,1.0,10.0,14.0
0020000880,1610612739,CLE,Cleveland,441,Lamond Murray,Lamond,G,,30:38,9.0,17.0,0.529,2.0,6.0,0.333,1.0,1.0,1.0,2.0,0.0,2.0,1.0,2.0,0.0,1.0,4.0,21.0,2.0
0020000880,1610612739,CLE,Cleveland,902,Bimbo Coles,Bimbo,G,,14:11,4.0,7.0,0.571,1.0,2.0,0.5,0.0,0.0,0.0,0.0,1.0,1.0,5.0,0.0,0.0,1.0,3.0,9.0,12.0
0020000880,1610612739,CLE,Cleveland,1285,,,, ,,,,,,,,,,,,,,,,,,,,
0020000880,1610612739,CLE,Cleveland,1289,,,, ,,,,,,,,,,,,,,,,,,,,
0020000880,1610612739,CLE,Cleveland,1311,,,, ,,,,,,,,,,,,,,,,,,,,
0020000880,1610612739,CLE,Cleveland,1638,,,, ,,,,,,,,,,,,,,,,,,,,
0020000880,1610612739,CLE,Cleveland,2096,,,, ,,,,,,,,,,,,,,,,,,,,
0020000880,1610612739,CLE,Cleveland,2174,,,, ,,,,,,,,,,,,,,,,,,,,
0020000880,1610612739,CLE,Cleveland,2006,,,, ,,,,,,,,,,,,,,,,,,,,
0020000880,1610612739,CLE,Cleveland,1538,Cedric Henderson,Cedric,,DNP - Coach's Decision,,,,,,,,,,,,,,,,,,,,
0020000880,1610612739,CLE,Cleveland,1892,Trajan Langdon,Trajan,,DNP - Coach's Decision,,,,,,,,,,,,,,,,,,,,
0020000876,1610612751,NJN,New Jersey,1496,Keith Van Horn,Keith,F,,43:45,7.0,14.0,0.5,3.0,7.0,0.429,4.0,4.0,1.0,3.0,2.0,5.0,2.0,4.0,0.0,3.0,3.0,21.0,-2.0
0020000876,1610612751,NJN,New Jersey,2030,Kenyon Martin,Kenyon,F,,45:12,6.0,13.0,0.462,0.0,2.0,0.0,2.0,2.0,1.0,0.0,6.0,6.0,1.0,4.0,0.0,2.0,2.0,14.0,-10.0
0020000876,1610612751,NJN,New Jersey,1915,Evan Eschmeyer,Evan,C,,25:19,3.0,4.0,0.75,0.0,0.0,0.0,1.0,2.0,0.5,5.0,3.0,8.0,2.0,1.0,2.0,0.0,4.0,7.0,5.0
0020000876,1610612751,NJN,New Jersey,950,Stephon Marbury,Stephon,G,,43:25,8.0,24.0,0.333,2.0,9.0,0.222,2.0,2.0,1.0,0.0,3.0,3.0,14.0,2.0,1.0,7.0,4.0,20.0,-7.0
0020000876,1610612751,NJN,New Jersey,446,Lucious Harris,Lucious,G,,24:45,3.0,7.0,0.429,1.0,2.0,0.5,2.0,2.0,1.0,0.0,3.0,3.0,4.0,1.0,0.0,2.0,2.0,9.0,0.0
0020000876,1610612751,NJN,New Jersey,1425,Aaron Williams,Aaron,C,,26:47,4.0,6.0,0.667,0.0,0.0,0.0,3.0,4.0,0.75,0.0,1.0,1.0,0.0,0.0,2.0,0.0,4.0,11.0,-16.0
0020000876,1610612751,NJN,New Jersey,271,Johnny Newman,Johnny,G,,23:15,4.0,6.0,0.667,1.0,2.0,0.5,1.0,2.0,0.5,0.0,1.0,1.0,1.0,1.0,0.0,3.0,4.0,10.0,-11.0
0020000876,1610612751,NJN,New Jersey,428,Sherman Douglas,Sherman,G,,6:59,1.0,1.0,1.0,0.0,0.0,0.0,0.0,0.0,0.0,0.0,1.0,1.0,1.0,0.0,0.0,0.0,1.0,2.0,3.0
0020000876,1610612751,NJN,New Jersey,1536,Stephen Jackson,Stephen,,,0:33,0.0,0.0,0.0,0.0,0.0,0.0,0.0,0.0,0.0,0.0,0.0,0.0,0.0,0.0,0.0,0.0,0.0,0.0,-2.0
0020000876,1610612751,NJN,New Jersey,1673,,,, ,,,,,,,,,,,,,,,,,,,,
0020000876,1610612751,NJN,New Jersey,1876,,,, ,,,,,,,,,,,,,,,,,,,,
0020000876,1610612751,NJN,New Jersey,2009,,,, ,,,,,,,,,,,,,,,,,,,,
0020000876,1610612751,NJN,New Jersey,1303,,,, ,,,,,,,,,,,,,,,,,,,,
0020000876,1610612751,NJN,New Jersey,1324,,,, ,,,,,,,,,,,,,,,,,,,,
0020000876,1610612751,NJN,New Jersey,1776,,,, ,,,,,,,,,,,,,,,,,,,,
0020000876,1610612751,NJN,New Jersey,1789,,,, ,,,,,,,,,,,,,,,,,,,,
0020000876,1610612751,NJN,New Jersey,994,Jamie Feick,Jamie,,NWT - Sore Left Achilles,,,,,,,,,,,,,,,,,,,,
0020000876,1610612751,NJN,New Jersey,2066,Soumaila Samake,Soumaila,,DNP - Coach's Decision,,,,,,,,,,,,,,,,,,,,
0020000876,1610612751,NJN,New Jersey,1735,Vladimir Stepania,Vladimir,,DNP - Coach's Decision,,,,,,,,,,,,,,,,,,,,
0020000876,1610612755,PHI,Philadelphia,248,George Lynch,George,F,,34:48,5.0,8.0,0.625,0.0,0.0,0.0,1.0,2.0,0.5,2.0,5.0,7.0,4.0,2.0,0.0,5.0,2.0,11.0,2.0
0020000876,1610612755,PHI,Philadelphia,238,Tyrone Hill,Tyrone,F,,34:04,5.0,8.0,0.625,0.0,0.0,0.0,3.0,4.0,0.75,6.0,8.0,14.0,2.0,1.0,2.0,2.0,4.0,13.0,6.0
0020000876,1610612755,PHI,Philadelphia,87,Dikembe Mutombo,Dikembe,C,,38:34,3.0,8.0,0.375,0.0,0.0,0.0,5.0,5.0,1.0,6.0,6.0,12.0,0.0,0.0,1.0,1.0,1.0,11.0,2.0
0020000876,1610612755,PHI,Philadelphia,727,Eric Snow,Eric,G,,36:13,3.0,5.0,0.6,0.0,0.0,0.0,1.0,2.0,0.5,0.0,3.0,3.0,8.0,4.0,0.0,4.0,1.0,7.0,-3.0
0020000876,1610612755,PHI,Philadelphia,947,Allen Iverson,Allen,G,,44:03,12.0,32.0,0.375,1.0,7.0,0.143,13.0,14.0,0.929,1.0,2.0,3.0,7.0,4.0,0.0,5.0,2.0,38.0,10.0
0020000876,1610612755,PHI,Philadelphia,243,Aaron McKie,Aaron,G,,28:38,5.0,11.0,0.455,0.0,2.0,0.0,2.0,2.0,1.0,0.0,2.0,2.0,4.0,0.0,0.0,0.0,0.0,12.0,15.0
0020000876,1610612755,PHI,Philadelphia,1908,Jumaine Jones,Jumaine,F,,19:43,4.0,4.0,1.0,2.0,2.0,1.0,0.0,0.0,0.0,0.0,0.0,0.0,0.0,1.0,0.0,0.0,1.0,10.0,10.0
0020000876,1610612755,PHI,Philadelphia,1928,Todd MacCulloch,Todd,C,,3:57,0.0,1.0,0.0,0.0,0.0,0.0,0.0,0.0,0.0,0.0,0.0,0.0,0.0,0.0,0.0,0.0,2.0,0.0,-2.0
0020000876,1610612755,PHI,Philadelphia,2169,,,, ,,,,,,,,,,,,,,,,,,,,
0020000876,1610612755,PHI,Philadelphia,1865,,,, ,,,,,,,,,,,,,,,,,,,,
0020000876,1610612755,PHI,Philadelphia,1308,,,, ,,,,,,,,,,,,,,,,,,,,
0020000876,1610612755,PHI,Philadelphia,1312,,,, ,,,,,,,,,,,,,,,,,,,,
0020000876,1610612755,PHI,Philadelphia,1313,,,, ,,,,,,,,,,,,,,,,,,,,
0020000876,1610612755,PHI,Philadelphia,1212,,,, ,,,,,,,,,,,,,,,,,,,,
0020000876,1610612755,PHI,Philadelphia,1259,,,, ,,,,,,,,,,,,,,,,,,,,
0020000876,1610612755,PHI,Philadelphia,1934,Rodney Buford,Rodney,,DNP - Coach's Decision,,,,,,,,,,,,,,,,,,,,
0020000876,1610612755,PHI,Philadelphia,761,Matt Geiger,Matt,,DND- Mild Edema Right Knee,,,,,,,,,,,,,,,,,,,,
0020000876,1610612755,PHI,Philadelphia,292,Anthony Miller,Anthony,,DNP - Coach's Decision,,,,,,,,,,,,,,,,,,,,
0020000876,1610612755,PHI,Philadelphia,1563,Kevin Ollie,Kevin,,DNP - Coach's Decision,,,,,,,,,,,,,,,,,,,,
0020000877,1610612765,DET,Detroit,688,Michael Curry,Michael,F,,17:50,4.0,5.0,0.8,0.0,0.0,0.0,2.0,2.0,1.0,0.0,2.0,2.0,2.0,0.0,1.0,2.0,4.0,10.0,-6.0
0020000877,1610612765,DET,Detroit,693,Joe Smith,Joe,F,,3:32,1.0,3.0,0.333,0.0,0.0,0.0,0.0,0.0,0.0,0.0,0.0,0.0,0.0,0.0,0.0,1.0,1.0,2.0,-5.0
0020000877,1610612765,DET,Detroit,1112,Ben Wallace,Ben,F,,36:55,4.0,7.0,0.571,0.0,1.0,0.0,2.0,2.0,1.0,1.0,11.0,12.0,4.0,1.0,2.0,1.0,3.0,10.0,-6.0
0020000877,1610612765,DET,Detroit,711,Jerry Stackhouse,Jerry,G,,41:35,11.0,30.0,0.367,3.0,11.0,0.273,11.0,15.0,0.733,1.0,4.0,5.0,7.0,2.0,2.0,2.0,4.0,36.0,2.0
0020000877,1610612765,DET,Detroit,1088,Chucky Atkins,Chucky,G,,32:14,3.0,8.0,0.375,2.0,3.0,0.667,0.0,0.0,0.0,0.0,4.0,4.0,6.0,2.0,0.0,2.0,0.0,8.0,-12.0
0020000877,1610612765,DET,Detroit,722,Corliss Williamson,Corliss,G,,33:03,8.0,15.0,0.533,0.0,0.0,0.0,3.0,7.0,0.429,1.0,4.0,5.0,1.0,0.0,0.0,4.0,3.0,19.0,0.0
0020000877,1610612765,DET,Detroit,1630,Mikki Moore,Mikki,F,,11:53,1.0,3.0,0.333,0.0,1.0,0.0,0.0,0.0,0.0,1.0,0.0,1.0,0.0,1.0,0.0,0.0,0.0,2.0,-2.0
0020000877,1610612765,DET,Detroit,146,Jud Buechler,Jud,,,6:23,0.0,2.0,0.0,0.0,0.0,0.0,0.0,0.0,0.0,0.0,0.0,0.0,0.0,0.0,0.0,0.0,0.0,0.0,-12.0
0020000877,1610612765,DET,Detroit,182,Billy Owens,Billy,G,,24:16,1.0,5.0,0.2,0.0,1.0,0.0,4.0,4.0,1.0,2.0,6.0,8.0,1.0,0.0,0.0,1.0,3.0,6.0,-2.0
0020000877,1610612765,DET,Detroit,2043,Mateen Cleaves,Mateen,G,,12:18,0.0,2.0,0.0,0.0,1.0,0.0,0.0,0.0,0.0,0.0,1.0,1.0,1.0,1.0,0.0,0.0,1.0,0.0,2.0
0020000877,1610612765,DET,Detroit,961,John Wallace,John,,,10:37,2.0,7.0,0.286,0.0,1.0,0.0,0.0,0.0,0.0,1.0,2.0,3.0,1.0,0.0,0.0,0.0,2.0,4.0,-7.0
0020000877,1610612765,DET,Detroit,344,Dana Barros,Dana,,,9:24,2.0,2.0,1.0,1.0,1.0,1.0,0.0,0.0,0.0,0.0,0.0,0.0,1.0,0.0,0.0,0.0,1.0,5.0,-2.0
0020000877,1610612765,DET,Detroit,1247,,,, ,,,,,,,,,,,,,,,,,,,,
0020000877,1610612765,DET,Detroit,2155,,,, ,,,,,,,,,,,,,,,,,,,,
0020000877,1610612765,DET,Detroit,1996,,,, ,,,,,,,,,,,,,,,,,,,,
0020000877,1610612765,DET,Detroit,1798,,,, ,,,,,,,,,,,,,,,,,,,,
0020000877,1610612753,ORL,Orlando,1503,Tracy McGrady,Tracy,F,,42:36,12.0,28.0,0.429,1.0,1.0,1.0,12.0,16.0,0.75,5.0,6.0,11.0,5.0,3.0,3.0,2.0,2.0,37.0,12.0
0020000877,1610612753,ORL,Orlando,448,Bo Outlaw,Bo,G,,26:19,4.0,6.0,0.667,0.0,0.0,0.0,1.0,2.0,0.5,3.0,4.0,7.0,3.0,0.0,2.0,3.0,2.0,9.0,10.0
0020000877,1610612753,ORL,Orlando,692,Andrew DeClercq,Andrew,C,,17:34,3.0,5.0,0.6,0.0,0.0,0.0,1.0,2.0,0.5,1.0,3.0,4.0,0.0,1.0,0.0,1.0,2.0,7.0,-2.0
0020000877,1610612753,ORL,Orlando,2034,Mike Miller,Mike,G,,37:13,7.0,12.0,0.583,4.0,5.0,0.8,2.0,2.0,1.0,0.0,2.0,2.0,1.0,1.0,0.0,1.0,2.0,20.0,6.0
0020000877,1610612753,ORL,Orlando,353,Darrell Armstrong,Darrell,G,,36:25,2.0,9.0,0.222,1.0,3.0,0.333,2.0,2.0,1.0,0.0,8.0,8.0,10.0,2.0,0.0,4.0,3.0,7.0,9.0
0020000877,1610612753,ORL,Orlando,1720,Michael Doleac,Michael,F,,8:23,2.0,4.0,0.5,0.0,0.0,0.0,0.0,0.0,0.0,0.0,2.0,2.0,1.0,0.0,0.0,1.0,1.0,4.0,3.0
0020000877,1610612753,ORL,Orlando,42,Monty Williams,Monty,F,,10:43,3.0,5.0,0.6,0.0,0.0,0.0,0.0,0.0,0.0,1.0,0.0,1.0,0.0,0.0,1.0,0.0,3.0,6.0,-3.0
0020000877,1610612753,ORL,Orlando,690,Don Reid,Don,G,,26:52,3.0,6.0,0.5,0.0,0.0,0.0,2.0,4.0,0.5,4.0,13.0,17.0,0.0,0.0,2.0,1.0,2.0,8.0,7.0
0020000877,1610612753,ORL,Orlando,724,Cory Alexander,Cory,G,,11:35,2.0,4.0,0.5,1.0,2.0,0.5,0.0,0.0,0.0,0.0,2.0,2.0,4.0,1.0,0.0,1.0,0.0,5.0,1.0
0020000877,1610612753,ORL,Orlando,1607,Troy Hudson,Troy,,,0:12,0.0,0.0,0.0,0.0,0.0,0.0,0.0,0.0,0.0,0.0,0.0,0.0,0.0,0.0,0.0,1.0,0.0,0.0,0.0
0020000877,1610612753,ORL,Orlando,680,John Amaechi,John,,,5:52,1.0,1.0,1.0,0.0,0.0,0.0,0.0,1.0,0.0,0.0,0.0,0.0,1.0,0.0,0.0,2.0,1.0,2.0,-2.0
0020000877,1610612753,ORL,Orlando,1727,Pat Garrity,Pat,G,,16:17,3.0,10.0,0.3,1.0,5.0,0.2,0.0,0.0,0.0,0.0,2.0,2.0,1.0,1.0,0.0,0.0,4.0,7.0,9.0
0020000877,1610612753,ORL,Orlando,1941,,,, ,,,,,,,,,,,,,,,,,,,,
0020000877,1610612753,ORL,Orlando,1650,,,, ,,,,,,,,,,,,,,,,,,,,
0020000877,1610612753,ORL,Orlando,837,,,, ,,,,,,,,,,,,,,,,,,,,
0020000877,1610612753,ORL,Orlando,1296,,,, ,,,,,,,,,,,,,,,,,,,,
0020000877,1610612753,ORL,Orlando,1307,,,, ,,,,,,,,,,,,,,,,,,,,
0020000877,1610612753,ORL,Orlando,1309,,,, ,,,,,,,,,,,,,,,,,,,,
0020000877,1610612753,ORL,Orlando,1332,,,, ,,,,,,,,,,,,,,,,,,,,
0020000887,1610612759,SAS,San Antonio,198,Danny Ferry,Danny,G,,30:14,4.0,10.0,0.4,2.0,3.0,0.667,0.0,0.0,0.0,1.0,3.0,4.0,2.0,0.0,0.0,0.0,3.0,10.0,11.0
0020000887,1610612759,SAS,San Antonio,1495,Tim Duncan,Tim,G,,42:00,4.0,16.0,0.25,0.0,1.0,0.0,8.0,11.0,0.727,5.0,11.0,16.0,6.0,2.0,1.0,2.0,0.0,16.0,18.0
0020000887,1610612759,SAS,San Antonio,764,David Robinson,David,F,,22:29,5.0,8.0,0.625,0.0,0.0,0.0,2.0,2.0,1.0,6.0,2.0,8.0,0.0,2.0,0.0,1.0,4.0,12.0,17.0
0020000887,1610612759,SAS,San Antonio,1507,Derek Anderson,Derek,G,,37:14,9.0,16.0,0.563,5.0,7.0,0.714,6.0,9.0,0.667,0.0,6.0,6.0,3.0,4.0,0.0,2.0,0.0,29.0,17.0
0020000887,1610612759,SAS,San Antonio,345,Terry Porter,Terry,G,,25:02,1.0,9.0,0.111,0.0,4.0,0.0,0.0,0.0,0.0,1.0,3.0,4.0,3.0,0.0,1.0,0.0,1.0,2.0,24.0
0020000887,1610612759,SAS,San Antonio,955,Samaki Walker,Samaki,G,,21:49,2.0,6.0,0.333,0.0,1.0,0.0,1.0,2.0,0.5,2.0,2.0,4.0,1.0,0.0,0.0,0.0,1.0,5.0,-3.0
0020000887,1610612759,SAS,San Antonio,422,Avery Johnson,Avery,G,,22:37,3.0,7.0,0.429,0.0,0.0,0.0,0.0,0.0,0.0,0.0,0.0,0.0,2.0,0.0,0.0,1.0,2.0,6.0,-8.0
0020000887,1610612759,SAS,San Antonio,251,Sean Elliott,Sean,C,,11:51,1.0,3.0,0.333,1.0,2.0,0.5,0.0,0.0,0.0,1.0,1.0,2.0,1.0,0.0,0.0,1.0,2.0,3.0,4.0
0020000887,1610612759,SAS,San Antonio,1498,Antonio Daniels,Antonio,G,,20:10,3.0,6.0,0.5,1.0,2.0,0.5,1.0,1.0,1.0,0.0,1.0,1.0,0.0,0.0,0.0,1.0,2.0,8.0,-3.0
0020000887,1610612759,SAS,San Antonio,1760,Derrick Dial,Derrick,,,5:21,0.0,1.0,0.0,0.0,0.0,0.0,2.0,2.0,1.0,1.0,0.0,1.0,0.0,0.0,0.0,0.0,0.0,2.0,-3.0
0020000887,1610612759,SAS,San Antonio,1035,Shawnelle Scott,Shawnelle,,,1:13,0.0,0.0,0.0,0.0,0.0,0.0,0.0,0.0,0.0,1.0,0.0,1.0,0.0,0.0,0.0,0.0,0.0,0.0,-4.0
0020000887,1610612759,SAS,San Antonio,1264,,,, ,,,,,,,,,,,,,,,,,,,,
0020000887,1610612759,SAS,San Antonio,1371,,,, ,,,,,,,,,,,,,,,,,,,,
0020000887,1610612759,SAS,San Antonio,1331,,,, ,,,,,,,,,,,,,,,,,,,,
0020000887,1610612759,SAS,San Antonio,1658,,,, ,,,,,,,,,,,,,,,,,,,,
0020000887,1610612759,SAS,San Antonio,873,,,, ,,,,,,,,,,,,,,,,,,,,
0020000887,1610612759,SAS,San Antonio,70,Steve Kerr,Steve,,DNP - Coach's Decision,,,,,,,,,,,,,,,,,,,,
0020000887,1610612757,POR,Portland,937,Scottie Pippen,Scottie,F,,32:10,3.0,10.0,0.3,2.0,5.0,0.4,0.0,0.0,0.0,1.0,3.0,4.0,4.0,0.0,0.0,2.0,0.0,8.0,-24.0
0020000887,1610612757,POR,Portland,431,Shawn Kemp,Shawn,G,,20:34,4.0,7.0,0.571,0.0,0.0,0.0,2.0,2.0,1.0,1.0,2.0,3.0,0.0,0.0,0.0,1.0,6.0,10.0,-15.0
0020000887,1610612757,POR,Portland,905,Dale Davis,Dale,F,,25:55,2.0,5.0,0.4,0.0,0.0,0.0,0.0,0.0,0.0,1.0,1.0,2.0,4.0,0.0,1.0,1.0,2.0,4.0,-12.0
0020000887,1610612757,POR,Portland,1719,Bonzi Wells,Bonzi,G,,33:01,7.0,15.0,0.467,0.0,2.0,0.0,2.0,4.0,0.5,4.0,5.0,9.0,2.0,1.0,0.0,2.0,2.0,16.0,-12.0
0020000887,1610612757,POR,Portland,757,Damon Stoudamire,Damon,G,,27:04,4.0,10.0,0.4,0.0,0.0,0.0,0.0,0.0,0.0,2.0,2.0,4.0,1.0,1.0,0.0,2.0,1.0,8.0,-20.0
0020000887,1610612757,POR,Portland,739,Rasheed Wallace,Rasheed,G,,34:49,4.0,12.0,0.333,1.0,3.0,0.333,0.0,0.0,0.0,0.0,5.0,5.0,4.0,0.0,2.0,1.0,6.0,9.0,-2.0
0020000887,1610612757,POR,Portland,393,Rod Strickland,Rod,F,,20:56,5.0,7.0,0.714,0.0,0.0,0.0,1.0,2.0,0.5,0.0,3.0,3.0,3.0,0.0,0.0,2.0,2.0,11.0,6.0
0020000887,1610612757,POR,Portland,120,Steven Smith,Steven,F,,28:48,4.0,7.0,0.571,0.0,1.0,0.0,1.0,1.0,1.0,1.0,0.0,1.0,2.0,0.0,1.0,1.0,1.0,9.0,4.0
0020000887,1610612757,POR,Portland,96,Detlef Schrempf,Detlef,G,,16:42,0.0,2.0,0.0,0.0,0.0,0.0,4.0,4.0,1.0,2.0,4.0,6.0,1.0,0.0,0.0,0.0,2.0,4.0,5.0
0020000887,1610612757,POR,Portland,1783,,,, ,,,,,,,,,,,,,,,,,,,,
0020000887,1610612757,POR,Portland,2149,,,, ,,,,,,,,,,,,,,,,,,,,
0020000887,1610612757,POR,Portland,1329,,,, ,,,,,,,,,,,,,,,,,,,,
0020000887,1610612757,POR,Portland,1336,,,, ,,,,,,,,,,,,,,,,,,,,
0020000887,1610612757,POR,Portland,1473,,,, ,,,,,,,,,,,,,,,,,,,,
0020000887,1610612757,POR,Portland,1655,,,, ,,,,,,,,,,,,,,,,,,,,
0020000887,1610612757,POR,Portland,1656,,,, ,,,,,,,,,,,,,,,,,,,,
0020000887,1610612757,POR,Portland,278,Stacey Augmon,Stacey,,DNP - Coach's Decision,,,,,,,,,,,,,,,,,,,,
0020000887,1610612757,POR,Portland,2057,Erick Barkley,Erick,,DNP - Coach's Decision,,,,,,,,,,,,,,,,,,,,
0020000887,1610612757,POR,Portland,717,Arvydas Sabonis,Arvydas,,DND - sore right foot,,,,,,,,,,,,,,,,,,,,
0020000885,1610612753,ORL,Orlando,1503,Tracy McGrady,Tracy,F,,41:15,7.0,22.0,0.318,0.0,0.0,0.0,5.0,6.0,0.833,2.0,2.0,4.0,7.0,1.0,1.0,2.0,0.0,19.0,-10.0
0020000885,1610612753,ORL,Orlando,448,Bo Outlaw,Bo,F,,23:23,0.0,2.0,0.0,0.0,0.0,0.0,1.0,2.0,0.5,1.0,7.0,8.0,3.0,0.0,0.0,1.0,3.0,1.0,-8.0
0020000885,1610612753,ORL,Orlando,692,Andrew DeClercq,Andrew,C,,12:54,1.0,3.0,0.333,0.0,0.0,0.0,1.0,2.0,0.5,1.0,1.0,2.0,1.0,0.0,1.0,1.0,0.0,3.0,-6.0
0020000885,1610612753,ORL,Orlando,353,Darrell Armstrong,Darrell,G,,36:23,4.0,8.0,0.5,1.0,2.0,0.5,7.0,7.0,1.0,1.0,2.0,3.0,4.0,2.0,0.0,4.0,0.0,16.0,-9.0
0020000885,1610612753,ORL,Orlando,2034,Mike Miller,Mike,G,,35:14,6.0,13.0,0.462,2.0,6.0,0.333,1.0,1.0,1.0,1.0,2.0,3.0,0.0,0.0,1.0,2.0,2.0,15.0,-9.0
0020000885,1610612753,ORL,Orlando,680,John Amaechi,John,G,,6:15,0.0,0.0,0.0,0.0,0.0,0.0,0.0,0.0,0.0,0.0,0.0,0.0,0.0,0.0,0.0,2.0,1.0,0.0,-12.0
0020000885,1610612753,ORL,Orlando,42,Monty Williams,Monty,F,,10:51,1.0,1.0,1.0,0.0,0.0,0.0,1.0,2.0,0.5,0.0,1.0,1.0,0.0,0.0,1.0,3.0,0.0,3.0,-9.0
0020000885,1610612753,ORL,Orlando,690,Don Reid,Don,F,,11:54,3.0,3.0,1.0,0.0,0.0,0.0,0.0,0.0,0.0,2.0,1.0,3.0,0.0,0.0,1.0,1.0,2.0,6.0,-12.0
0020000885,1610612753,ORL,Orlando,724,Cory Alexander,Cory,G,,16:39,0.0,5.0,0.0,0.0,2.0,0.0,2.0,2.0,1.0,0.0,5.0,5.0,1.0,3.0,0.0,1.0,3.0,2.0,-2.0
0020000885,1610612753,ORL,Orlando,1607,Troy Hudson,Troy,,,4:35,0.0,1.0,0.0,0.0,0.0,0.0,2.0,2.0,1.0,0.0,0.0,0.0,0.0,1.0,0.0,0.0,0.0,2.0,0.0
0020000885,1610612753,ORL,Orlando,1727,Pat Garrity,Pat,C,,22:07,4.0,10.0,0.4,1.0,2.0,0.5,2.0,2.0,1.0,0.0,6.0,6.0,0.0,0.0,0.0,0.0,3.0,11.0,9.0
0020000885,1610612753,ORL,Orlando,1720,Michael Doleac,Michael,G,,18:30,2.0,7.0,0.286,0.0,0.0,0.0,2.0,2.0,1.0,0.0,4.0,4.0,1.0,0.0,0.0,1.0,4.0,6.0,3.0
0020000885,1610612753,ORL,Orlando,1650,,,, ,,,,,,,,,,,,,,,,,,,,
0020000885,1610612753,ORL,Orlando,1941,,,, ,,,,,,,,,,,,,,,,,,,,
0020000885,1610612753,ORL,Orlando,837,,,, ,,,,,,,,,,,,,,,,,,,,
0020000885,1610612753,ORL,Orlando,1296,,,, ,,,,,,,,,,,,,,,,,,,,
0020000885,1610612753,ORL,Orlando,1307,,,, ,,,,,,,,,,,,,,,,,,,,
0020000885,1610612753,ORL,Orlando,1309,,,, ,,,,,,,,,,,,,,,,,,,,
0020000885,1610612753,ORL,Orlando,1332,,,, ,,,,,,,,,,,,,,,,,,,,
0020000885,1610612766,CHH,Charlotte,1944,Eddie Robinson,Eddie,F,,37:28,6.0,10.0,0.6,0.0,0.0,0.0,0.0,0.0,0.0,0.0,8.0,8.0,3.0,2.0,0.0,2.0,4.0,12.0,6.0
0020000885,1610612766,CHH,Charlotte,136,P.J. Brown,P.J.,F,,38:26,4.0,11.0,0.364,0.0,0.0,0.0,2.0,2.0,1.0,4.0,7.0,11.0,1.0,1.0,3.0,2.0,3.0,10.0,10.0
0020000885,1610612766,CHH,Charlotte,922,Elden Campbell,Elden,G,,35:21,5.0,13.0,0.385,0.0,0.0,0.0,7.0,9.0,0.778,4.0,7.0,11.0,1.0,0.0,1.0,5.0,4.0,17.0,14.0
0020000885,1610612766,CHH,Charlotte,1884,Baron Davis,Baron,G,,40:42,9.0,16.0,0.563,4.0,5.0,0.8,1.0,4.0,0.25,2.0,3.0,5.0,9.0,3.0,0.0,2.0,3.0,23.0,4.0
0020000885,1610612766,CHH,Charlotte,133,David Wesley,David,G,,43:39,5.0,17.0,0.294,2.0,7.0,0.286,6.0,6.0,1.0,0.0,0.0,0.0,10.0,2.0,0.0,1.0,4.0,18.0,20.0
0020000885,1610612766,CHH,Charlotte,2048,Jamaal Magloire,Jamaal,,,12:39,1.0,4.0,0.25,0.0,0.0,0.0,0.0,0.0,0.0,1.0,2.0,3.0,0.0,0.0,0.0,0.0,2.0,2.0,-1.0
0020000885,1610612766,CHH,Charlotte,1906,Tim James,Tim,G,,10:32,2.0,3.0,0.667,0.0,0.0,0.0,2.0,2.0,1.0,0.0,1.0,1.0,0.0,0.0,0.0,1.0,1.0,6.0,7.0
0020000885,1610612766,CHH,Charlotte,765,Hersey Hawkins,Hersey,F,,11:39,3.0,4.0,0.75,1.0,1.0,1.0,0.0,0.0,0.0,0.0,2.0,2.0,2.0,2.0,0.0,1.0,0.0,7.0,2.0
0020000885,1610612766,CHH,Charlotte,901,Otis Thorpe,Otis,G,,9:34,1.0,3.0,0.333,0.0,0.0,0.0,0.0,0.0,0.0,0.0,0.0,0.0,0.0,0.0,0.0,1.0,0.0,2.0,3.0
0020000885,1610612766,CHH,Charlotte,1316,,,, ,,,,,,,,,,,,,,,,,,,,
0020000885,1610612766,CHH,Charlotte,1992,,,, ,,,,,,,,,,,,,,,,,,,,
0020000885,1610612766,CHH,Charlotte,1215,,,, ,,,,,,,,,,,,,,,,,,,,
0020000885,1610612766,CHH,Charlotte,1218,,,, ,,,,,,,,,,,,,,,,,,,,
0020000885,1610612766,CHH,Charlotte,2152,,,, ,,,,,,,,,,,,,,,,,,,,
0020000885,1610612766,CHH,Charlotte,469,Jamal Mashburn,Jamal,,Did Not Dress - Bruised Sternum,,,,,,,,,,,,,,,,,,,,
0020000885,1610612766,CHH,Charlotte,695,Eldridge Recasner,Eldridge,,Did Not Dress - Back Spasms,,,,,,,,,,,,,,,,,,,,
0020000886,1610612746,LAC,Los Angeles,1894,Corey Maggette,Corey,G,,44:14,8.0,14.0,0.571,0.0,3.0,0.0,3.0,5.0,0.6,8.0,4.0,12.0,1.0,2.0,0.0,0.0,2.0,19.0,-13.0
0020000886,1610612746,LAC,Los Angeles,685,Cherokee Parks,Cherokee,G,,19:57,3.0,6.0,0.5,0.0,0.0,0.0,1.0,2.0,0.5,1.0,1.0,2.0,3.0,1.0,0.0,0.0,2.0,7.0,1.0
0020000886,1610612746,LAC,Los Angeles,1709,Michael Olowokandi,Michael,G,,25:11,4.0,8.0,0.5,0.0,0.0,0.0,3.0,4.0,0.75,1.0,4.0,5.0,0.0,1.0,1.0,4.0,4.0,11.0,-5.0
0020000886,1610612746,LAC,Los Angeles,976,Jeff McInnis,Jeff,G,,38:57,9.0,19.0,0.474,0.0,2.0,0.0,2.0,3.0,0.667,0.0,3.0,3.0,6.0,0.0,0.0,2.0,4.0,20.0,-17.0
0020000886,1610612746,LAC,Los Angeles,15,Eric Piatkowski,Eric,G,,35:22,4.0,11.0,0.364,1.0,2.0,0.5,0.0,1.0,0.0,2.0,5.0,7.0,4.0,0.0,0.0,0.0,2.0,9.0,-7.0
0020000886,1610612746,LAC,Los Angeles,2032,Darius Miles,Darius,F,,31:18,4.0,9.0,0.444,0.0,0.0,0.0,0.0,0.0,0.0,0.0,4.0,4.0,0.0,1.0,0.0,2.0,3.0,8.0,-15.0
0020000886,1610612746,LAC,Los Angeles,399,Sean Rooks,Sean,G,,19:34,2.0,8.0,0.25,0.0,0.0,0.0,0.0,0.0,0.0,0.0,4.0,4.0,0.0,0.0,2.0,2.0,2.0,4.0,-5.0
0020000886,1610612746,LAC,Los Angeles,2039,Keyon Dooling,Keyon,F,,12:18,0.0,3.0,0.0,0.0,1.0,0.0,2.0,2.0,1.0,0.0,1.0,1.0,2.0,1.0,0.0,1.0,2.0,2.0,6.0
0020000886,1610612746,LAC,Los Angeles,2047,Quentin Richardson,Quentin,,,13:09,3.0,4.0,0.75,0.0,1.0,0.0,1.0,2.0,0.5,1.0,4.0,5.0,1.0,0.0,0.0,1.0,1.0,7.0,-5.0
0020000886,1610612746,LAC,Los Angeles,2010,,,, ,,,,,,,,,,,,,,,,,,,,
0020000886,1610612746,LAC,Los Angeles,1672,,,, ,,,,,,,,,,,,,,,,,,,,
0020000886,1610612746,LAC,Los Angeles,1284,,,, ,,,,,,,,,,,,,,,,,,,,
0020000886,1610612746,LAC,Los Angeles,1351,,,, ,,,,,,,,,,,,,,,,,,,,
0020000886,1610612746,LAC,Los Angeles,1210,,,, ,,,,,,,,,,,,,,,,,,,,
0020000886,1610612746,LAC,Los Angeles,1243,,,, ,,,,,,,,,,,,,,,,,,,,
0020000886,1610612746,LAC,Los Angeles,1246,,,, ,,,,,,,,,,,,,,,,,,,,
0020000886,1610612746,LAC,Los Angeles,2166,,,, ,,,,,,,,,,,,,,,,,,,,
0020000886,1610612746,LAC,Los Angeles,1885,Lamar Odom,Lamar,,NWT - Suspended,,,,,,,,,,,,,,,,,,,,
0020000886,1610612746,LAC,Los Angeles,1730,Brian Skinner,Brian,,DNP - Coach's Decision,,,,,,,,,,,,,,,,,,,,
0020000886,1610612746,LAC,Los Angeles,400,Derek Strong,Derek,,DNP - Coach's Decision,,,,,,,,,,,,,,,,,,,,
0020000886,1610612745,HOU,Houston,1000,Shandon Anderson,Shandon,G,,36:34,1.0,3.0,0.333,0.0,0.0,0.0,2.0,2.0,1.0,0.0,7.0,7.0,6.0,1.0,0.0,0.0,5.0,4.0,15.0
0020000886,1610612745,HOU,Houston,1508,Maurice Taylor,Maurice,F,,27:14,9.0,15.0,0.6,0.0,0.0,0.0,3.0,4.0,0.75,3.0,6.0,9.0,1.0,0.0,0.0,4.0,2.0,21.0,-5.0
0020000886,1610612745,HOU,Houston,1509,Kelvin Cato,Kelvin,F,,27:06,4.0,6.0,0.667,0.0,0.0,0.0,1.0,2.0,0.5,2.0,3.0,5.0,0.0,0.0,1.0,0.0,2.0,9.0,-6.0
0020000886,1610612745,HOU,Houston,1883,Steve Francis,Steve,G,,46:36,9.0,19.0,0.474,1.0,3.0,0.333,3.0,4.0,0.75,5.0,10.0,15.0,8.0,1.0,0.0,3.0,2.0,22.0,14.0
0020000886,1610612745,HOU,Houston,1749,Cuttino Mobley,Cuttino,G,,41:40,4.0,15.0,0.267,0.0,2.0,0.0,14.0,14.0,1.0,0.0,3.0,3.0,0.0,1.0,0.0,2.0,2.0,22.0,16.0
0020000886,1610612745,HOU,Houston,1903,Kenny Thomas,Kenny,F,,6:11,2.0,3.0,0.667,0.0,0.0,0.0,0.0,0.0,0.0,1.0,1.0,2.0,0.0,0.0,0.0,0.0,0.0,4.0,-6.0
0020000886,1610612745,HOU,Houston,1005,Walt Williams,Walt,G,,28:53,4.0,13.0,0.308,2.0,8.0,0.25,1.0,1.0,1.0,0.0,3.0,3.0,1.0,2.0,0.0,0.0,2.0,11.0,14.0
0020000886,1610612745,HOU,Houston,983,Moochie Norris,Moochie,,,11:03,0.0,3.0,0.0,0.0,1.0,0.0,1.0,2.0,0.5,1.0,1.0,2.0,0.0,1.0,0.0,1.0,1.0,1.0,-6.0
0020000886,1610612745,HOU,Houston,435,Carlos Rogers,Carlos,F,,14:43,2.0,3.0,0.667,0.0,0.0,0.0,1.0,2.0,0.5,1.0,1.0,2.0,1.0,0.0,1.0,0.0,2.0,5.0,24.0
0020000886,1610612745,HOU,Houston,1255,,,, ,,,,,,,,,,,,,,,,,,,,
0020000886,1610612745,HOU,Houston,1256,,,, ,,,,,,,,,,,,,,,,,,,,
0020000886,1610612745,HOU,Houston,1257,,,, ,,,,,,,,,,,,,,,,,,,,
0020000886,1610612745,HOU,Houston,1258,,,, ,,,,,,,,,,,,,,,,,,,,
0020000886,1610612745,HOU,Houston,1997,,,, ,,,,,,,,,,,,,,,,,,,,
0020000886,1610612745,HOU,Houston,825,,,, ,,,,,,,,,,,,,,,,,,,,
0020000886,1610612745,HOU,Houston,2173,Sean Colson,Sean,,DNP - Coach's Decision,,,,,,,,,,,,,,,,,,,,
0020000886,1610612745,HOU,Houston,2061,Dan Langhi,Dan,,DNP - Coach's Decision,,,,,,,,,,,,,,,,,,,,
0020000886,1610612745,HOU,Houston,165,Hakeem Olajuwon,Hakeem,,DND - Right Calf Strain,,,,,,,,,,,,,,,,,,,,
0020000899,1610612757,POR,Portland,937,Scottie Pippen,Scottie,G,,39:17,4.0,10.0,0.4,2.0,5.0,0.4,1.0,4.0,0.25,5.0,6.0,11.0,8.0,0.0,0.0,6.0,4.0,11.0,-3.0
0020000899,1610612757,POR,Portland,739,Rasheed Wallace,Rasheed,F,,39:09,7.0,17.0,0.412,0.0,2.0,0.0,3.0,5.0,0.6,3.0,4.0,7.0,5.0,1.0,2.0,0.0,1.0,17.0,-6.0
0020000899,1610612757,POR,Portland,905,Dale Davis,Dale,G,,22:59,0.0,2.0,0.0,0.0,0.0,0.0,0.0,0.0,0.0,0.0,6.0,6.0,1.0,1.0,1.0,0.0,2.0,0.0,-2.0
0020000899,1610612757,POR,Portland,1719,Bonzi Wells,Bonzi,G,,33:25,10.0,20.0,0.5,3.0,4.0,0.75,1.0,1.0,1.0,2.0,2.0,4.0,1.0,0.0,1.0,2.0,3.0,24.0,-11.0
0020000899,1610612757,POR,Portland,757,Damon Stoudamire,Damon,G,,28:26,4.0,9.0,0.444,0.0,2.0,0.0,1.0,2.0,0.5,1.0,3.0,4.0,3.0,2.0,0.0,3.0,1.0,9.0,7.0
0020000899,1610612757,POR,Portland,120,Steven Smith,Steven,F,,27:56,3.0,8.0,0.375,1.0,4.0,0.25,0.0,1.0,0.0,0.0,0.0,0.0,3.0,2.0,0.0,1.0,5.0,7.0,-10.0
0020000899,1610612757,POR,Portland,431,Shawn Kemp,Shawn,G,,22:36,4.0,12.0,0.333,0.0,0.0,0.0,0.0,0.0,0.0,3.0,4.0,7.0,1.0,0.0,0.0,1.0,2.0,8.0,-7.0
0020000899,1610612757,POR,Portland,393,Rod Strickland,Rod,G,,17:21,4.0,6.0,0.667,0.0,0.0,0.0,1.0,2.0,0.5,1.0,1.0,2.0,4.0,0.0,0.0,0.0,2.0,9.0,-14.0
0020000899,1610612757,POR,Portland,96,Detlef Schrempf,Detlef,C,,8:51,0.0,1.0,0.0,0.0,0.0,0.0,0.0,0.0,0.0,1.0,1.0,2.0,0.0,0.0,0.0,0.0,2.0,0.0,-4.0
0020000899,1610612757,POR,Portland,1329,,,, ,,,,,,,,,,,,,,,,,,,,
0020000899,1610612757,POR,Portland,1336,,,, ,,,,,,,,,,,,,,,,,,,,
0020000899,1610612757,POR,Portland,1473,,,, ,,,,,,,,,,,,,,,,,,,,
0020000899,1610612757,POR,Portland,1655,,,, ,,,,,,,,,,,,,,,,,,,,
0020000899,1610612757,POR,Portland,1656,,,, ,,,,,,,,,,,,,,,,,,,,
0020000899,1610612757,POR,Portland,1783,,,, ,,,,,,,,,,,,,,,,,,,,
0020000899,1610612757,POR,Portland,2149,,,, ,,,,,,,,,,,,,,,,,,,,
0020000899,1610612757,POR,Portland,278,Stacey Augmon,Stacey,,DNP - Coach's Decision,,,,,,,,,,,,,,,,,,,,
0020000899,1610612757,POR,Portland,2057,Erick Barkley,Erick,,DNP - Coach's Decision,,,,,,,,,,,,,,,,,,,,
0020000899,1610612757,POR,Portland,717,Arvydas Sabonis,Arvydas,,NWT - sore right foot,,,,,,,,,,,,,,,,,,,,
0020000899,1610612763,VAN,Vancouver,949,Shareef Abdur-Rahim,Shareef,F,,39:55,5.0,8.0,0.625,0.0,1.0,0.0,5.0,5.0,1.0,2.0,5.0,7.0,4.0,1.0,2.0,3.0,5.0,15.0,6.0
0020000899,1610612763,VAN,Vancouver,3,Grant Long,Grant,F,,4:31,2.0,2.0,1.0,0.0,0.0,0.0,0.0,0.0,0.0,0.0,0.0,0.0,1.0,0.0,0.0,0.0,0.0,4.0,3.0
0020000899,1610612763,VAN,Vancouver,763,Tony Massenburg,Tony,G,,24:54,6.0,6.0,1.0,0.0,0.0,0.0,1.0,1.0,1.0,2.0,5.0,7.0,0.0,0.0,2.0,1.0,2.0,13.0,5.0
0020000899,1610612763,VAN,Vancouver,1722,Michael Dickerson,Michael,G,,34:38,3.0,10.0,0.3,3.0,5.0,0.6,2.0,4.0,0.5,1.0,1.0,2.0,7.0,0.0,0.0,2.0,3.0,11.0,21.0
0020000899,1610612763,VAN,Vancouver,1710,Mike Bibby,Mike,G,,34:18,5.0,14.0,0.357,0.0,4.0,0.0,2.0,4.0,0.5,1.0,3.0,4.0,5.0,0.0,0.0,0.0,3.0,12.0,11.0
0020000899,1610612763,VAN,Vancouver,1065,Erick Strickland,Erick,G,,15:05,2.0,7.0,0.286,0.0,2.0,0.0,0.0,0.0,0.0,1.0,2.0,3.0,3.0,0.0,0.0,1.0,2.0,4.0,-13.0
0020000899,1610612763,VAN,Vancouver,2031,Stromile Swift,Stromile,F,,25:37,6.0,9.0,0.667,0.0,1.0,0.0,1.0,4.0,0.25,4.0,3.0,7.0,0.0,2.0,1.0,0.0,4.0,13.0,7.0
0020000899,1610612763,VAN,Vancouver,51,Mahmoud Abdul-Rauf,Mahmoud,F,,13:42,3.0,6.0,0.5,0.0,0.0,0.0,2.0,4.0,0.5,0.0,2.0,2.0,2.0,1.0,0.0,0.0,1.0,8.0,-1.0
0020000899,1610612763,VAN,Vancouver,1134,Ike Austin,Ike,G,,20:54,4.0,7.0,0.571,0.0,0.0,0.0,0.0,1.0,0.0,0.0,6.0,6.0,0.0,0.0,0.0,1.0,0.0,8.0,4.0
0020000899,1610612763,VAN,Vancouver,236,Kevin Edwards,Kevin,G,,26:26,1.0,6.0,0.167,0.0,0.0,0.0,5.0,6.0,0.833,2.0,1.0,3.0,3.0,2.0,2.0,1.0,3.0,7.0,7.0
0020000899,1610612763,VAN,Vancouver,1226,,,, ,,,,,,,,,,,,,,,,,,,,
0020000899,1610612763,VAN,Vancouver,1356,,,, ,,,,,,,,,,,,,,,,,,,,
0020000899,1610612763,VAN,Vancouver,1358,,,, ,,,,,,,,,,,,,,,,,,,,
0020000899,1610612763,VAN,Vancouver,888,,,, ,,,,,,,,,,,,,,,,,,,,
0020000899,1610612763,VAN,Vancouver,1994,,,, ,,,,,,,,,,,,,,,,,,,,
0020000899,1610612763,VAN,Vancouver,2163,,,, ,,,,,,,,,,,,,,,,,,,,
0020000899,1610612763,VAN,Vancouver,2164,,,, ,,,,,,,,,,,,,,,,,,,,
0020000899,1610612763,VAN,Vancouver,2170,,,, ,,,,,,,,,,,,,,,,,,,,
0020000899,1610612763,VAN,Vancouver,1795,,,, ,,,,,,,,,,,,,,,,,,,,
0020000899,1610612763,VAN,Vancouver,1800,Damon Jones,Damon,,DNP - Coach's Decision,,,,,,,,,,,,,,,,,,,,
0020000899,1610612763,VAN,Vancouver,735,Bryant Reeves,Bryant,,DND - strained rotator cuff,,,,,,,,,,,,,,,,,,,,
0020000893,1610612739,CLE,Cleveland,1723,Matt Harpring,Matt,F,,29:06,5.0,11.0,0.455,0.0,0.0,0.0,1.0,1.0,1.0,4.0,3.0,7.0,0.0,0.0,0.0,2.0,5.0,11.0,-5.0
0020000893,1610612739,CLE,Cleveland,221,Clar. Weatherspoon,Clar.,F,,36:40,6.0,8.0,0.75,0.0,0.0,0.0,1.0,2.0,0.5,2.0,8.0,10.0,2.0,0.0,1.0,2.0,1.0,13.0,-7.0
0020000893,1610612739,CLE,Cleveland,2036,Chris Mihm,Chris,F,,30:19,5.0,9.0,0.556,0.0,0.0,0.0,5.0,6.0,0.833,3.0,1.0,4.0,1.0,1.0,3.0,1.0,4.0,15.0,7.0
0020000893,1610612739,CLE,Cleveland,445,Wesley Person,Wesley,G,,31:41,1.0,7.0,0.143,0.0,4.0,0.0,2.0,2.0,1.0,0.0,3.0,3.0,6.0,0.0,0.0,0.0,2.0,4.0,-8.0
0020000893,1610612739,CLE,Cleveland,1889,Andre Miller,Andre,G,,34:28,6.0,16.0,0.375,0.0,0.0,0.0,3.0,5.0,0.6,0.0,1.0,1.0,11.0,1.0,0.0,2.0,5.0,15.0,-6.0
0020000893,1610612739,CLE,Cleveland,441,Lamond Murray,Lamond,G,,18:54,2.0,8.0,0.25,0.0,1.0,0.0,2.0,2.0,1.0,1.0,0.0,1.0,1.0,1.0,0.0,0.0,2.0,6.0,-10.0
0020000893,1610612739,CLE,Cleveland,423,Chris Gatling,Chris,G,,21:29,5.0,8.0,0.625,0.0,0.0,0.0,2.0,4.0,0.5,3.0,6.0,9.0,1.0,1.0,0.0,1.0,3.0,12.0,-20.0
0020000893,1610612739,CLE,Cleveland,902,Bimbo Coles,Bimbo,F,,13:32,1.0,5.0,0.2,0.0,0.0,0.0,0.0,0.0,0.0,0.0,1.0,1.0,2.0,0.0,0.0,1.0,0.0,2.0,-9.0
0020000893,1610612739,CLE,Cleveland,754,Jim Jackson,Jim,F,,18:06,3.0,9.0,0.333,0.0,1.0,0.0,0.0,0.0,0.0,1.0,1.0,2.0,1.0,0.0,0.0,1.0,0.0,6.0,-10.0
0020000893,1610612739,CLE,Cleveland,1714,Robert Traylor,Robert,C,,5:45,0.0,2.0,0.0,0.0,0.0,0.0,0.0,0.0,0.0,0.0,0.0,0.0,0.0,0.0,0.0,0.0,2.0,0.0,-7.0
0020000893,1610612739,CLE,Cleveland,1285,,,, ,,,,,,,,,,,,,,,,,,,,
0020000893,1610612739,CLE,Cleveland,1289,,,, ,,,,,,,,,,,,,,,,,,,,
0020000893,1610612739,CLE,Cleveland,1638,,,, ,,,,,,,,,,,,,,,,,,,,
0020000893,1610612739,CLE,Cleveland,1311,,,, ,,,,,,,,,,,,,,,,,,,,
0020000893,1610612739,CLE,Cleveland,2096,,,, ,,,,,,,,,,,,,,,,,,,,
0020000893,1610612739,CLE,Cleveland,2006,,,, ,,,,,,,,,,,,,,,,,,,,
0020000893,1610612739,CLE,Cleveland,2174,,,, ,,,,,,,,,,,,,,,,,,,,
0020000893,1610612739,CLE,Cleveland,1538,Cedric Henderson,Cedric,,DNP - Coach's Decision,,,,,,,,,,,,,,,,,,,,
0020000893,1610612739,CLE,Cleveland,1892,Trajan Langdon,Trajan,,DNP - Coach's Decision,,,,,,,,,,,,,,,,,,,,
0020000893,1610612754,IND,Indiana,1733,Al Harrington,Al,F,,40:02,2.0,8.0,0.25,0.0,1.0,0.0,0.0,0.0,0.0,5.0,2.0,7.0,7.0,0.0,0.0,1.0,0.0,4.0,9.0
0020000893,1610612754,IND,Indiana,979,Jermaine O'Neal,Jermaine,F,,28:48,8.0,18.0,0.444,0.0,0.0,0.0,0.0,0.0,0.0,4.0,11.0,15.0,1.0,0.0,7.0,4.0,6.0,16.0,-1.0
0020000893,1610612754,IND,Indiana,64,Sam Perkins,Sam,C,,7:03,0.0,1.0,0.0,0.0,0.0,0.0,0.0,0.0,0.0,0.0,2.0,2.0,1.0,0.0,1.0,0.0,0.0,0.0,-5.0
0020000893,1610612754,IND,Indiana,397,Reggie Miller,Reggie,G,,40:20,6.0,13.0,0.462,2.0,6.0,0.333,4.0,4.0,1.0,0.0,2.0,2.0,4.0,0.0,0.0,1.0,3.0,18.0,9.0
0020000893,1610612754,IND,Indiana,147,Jalen Rose,Jalen,G,,46:04,13.0,20.0,0.65,2.0,3.0,0.667,7.0,11.0,0.636,0.0,2.0,2.0,7.0,1.0,0.0,5.0,4.0,35.0,17.0
0020000893,1610612754,IND,Indiana,1506,Austin Croshere,Austin,G,,15:59,4.0,8.0,0.5,1.0,3.0,0.333,2.0,3.0,0.667,0.0,3.0,3.0,0.0,0.0,0.0,0.0,0.0,11.0,5.0
0020000893,1610612754,IND,Indiana,1902,Jeff Foster,Jeff,C,,35:19,3.0,4.0,0.75,0.0,0.0,0.0,2.0,4.0,0.5,4.0,7.0,11.0,0.0,1.0,1.0,0.0,5.0,8.0,31.0
0020000893,1610612754,IND,Indiana,696,Travis Best,Travis,F,,17:35,2.0,5.0,0.4,0.0,0.0,0.0,2.0,4.0,0.5,0.0,2.0,2.0,6.0,2.0,1.0,0.0,4.0,6.0,14.0
0020000893,1610612754,IND,Indiana,1886,Jonathan Bender,Jonathan,,,4:18,0.0,1.0,0.0,0.0,0.0,0.0,0.0,0.0,0.0,0.0,1.0,1.0,1.0,1.0,0.0,0.0,1.0,0.0,3.0
0020000893,1610612754,IND,Indiana,440,Zan Tabak,Zan,C,,4:32,0.0,1.0,0.0,0.0,0.0,0.0,1.0,2.0,0.5,0.0,2.0,2.0,0.0,0.0,0.0,0.0,0.0,1.0,-7.0
0020000893,1610612754,IND,Indiana,1263,,,, ,,,,,,,,,,,,,,,,,,,,
0020000893,1610612754,IND,Indiana,1299,,,, ,,,,,,,,,,,,,,,,,,,,
0020000893,1610612754,IND,Indiana,1306,,,, ,,,,,,,,,,,,,,,,,,,,
0020000893,1610612754,IND,Indiana,1857,,,, ,,,,,,,,,,,,,,,,,,,,
0020000893,1610612754,IND,Indiana,2099,,,, ,,,,,,,,,,,,,,,,,,,,
0020000893,1610612754,IND,Indiana,2100,,,, ,,,,,,,,,,,,,,,,,,,,
0020000893,1610612754,IND,Indiana,2165,,,, ,,,,,,,,,,,,,,,,,,,,
0020000893,1610612754,IND,Indiana,365,Derrick McKey,Derrick,,DNP - Coach's Decision,,,,,,,,,,,,,,,,,,,,
0020000893,1610612754,IND,Indiana,371,Terry Mills,Terry,,DNP - Coach's Decision,,,,,,,,,,,,,,,,,,,,
0020000897,1610612743,DEN,Denver,1899,James Posey,James,G,,34:17,5.0,9.0,0.556,1.0,2.0,0.5,7.0,7.0,1.0,3.0,1.0,4.0,1.0,2.0,0.0,2.0,3.0,18.0,0.0
0020000897,1610612743,DEN,Denver,788,Kevin Willis,Kevin,F,,29:44,5.0,13.0,0.385,0.0,0.0,0.0,0.0,0.0,0.0,1.0,2.0,3.0,1.0,0.0,1.0,2.0,5.0,10.0,0.0
0020000897,1610612743,DEN,Denver,1711,Raef LaFrentz,Raef,C,,37:07,7.0,16.0,0.438,2.0,4.0,0.5,1.0,1.0,1.0,3.0,11.0,14.0,4.0,2.0,4.0,0.0,6.0,17.0,2.0
0020000897,1610612743,DEN,Denver,702,Voshon Lenard,Voshon,G,,36:29,8.0,14.0,0.571,4.0,5.0,0.8,4.0,4.0,1.0,0.0,2.0,2.0,3.0,0.0,1.0,2.0,4.0,24.0,3.0
0020000897,1610612743,DEN,Denver,123,Robert Pack,Robert,G,,43:58,10.0,19.0,0.526,1.0,1.0,1.0,1.0,1.0,1.0,1.0,7.0,8.0,13.0,3.0,0.0,3.0,3.0,22.0,-4.0
0020000897,1610612743,DEN,Denver,45,George McCloud,George,G,,22:21,2.0,7.0,0.286,1.0,4.0,0.25,2.0,2.0,1.0,0.0,3.0,3.0,4.0,0.0,0.0,3.0,5.0,7.0,-2.0
0020000897,1610612743,DEN,Denver,1110,Mark Strickland,Mark,G,,16:34,1.0,4.0,0.25,0.0,0.0,0.0,2.0,2.0,1.0,1.0,0.0,1.0,0.0,0.0,0.0,0.0,3.0,4.0,-13.0
0020000897,1610612743,DEN,Denver,1763,Ryan Bowen,Ryan,G,,7:44,0.0,1.0,0.0,0.0,0.0,0.0,0.0,0.0,0.0,1.0,1.0,2.0,0.0,0.0,0.0,1.0,0.0,0.0,-7.0
0020000897,1610612743,DEN,Denver,426,Terry Davis,Terry,G,,7:44,0.0,2.0,0.0,0.0,0.0,0.0,0.0,0.0,0.0,1.0,2.0,3.0,0.0,0.0,0.0,0.0,0.0,0.0,-7.0
0020000897,1610612743,DEN,Denver,924,Anthony Goldwire,Anthony,,,4:02,0.0,2.0,0.0,0.0,0.0,0.0,2.0,2.0,1.0,0.0,0.0,0.0,0.0,2.0,0.0,0.0,0.0,2.0,-2.0
0020000897,1610612743,DEN,Denver,1995,,,, ,,,,,,,,,,,,,,,,,,,,
0020000897,1610612743,DEN,Denver,2007,,,, ,,,,,,,,,,,,,,,,,,,,
0020000897,1610612743,DEN,Denver,1207,,,, ,,,,,,,,,,,,,,,,,,,,
0020000897,1610612743,DEN,Denver,1216,,,, ,,,,,,,,,,,,,,,,,,,,
0020000897,1610612743,DEN,Denver,1240,,,, ,,,,,,,,,,,,,,,,,,,,
0020000897,1610612743,DEN,Denver,1241,,,, ,,,,,,,,,,,,,,,,,,,,
0020000897,1610612743,DEN,Denver,1784,,,, ,,,,,,,,,,,,,,,,,,,,
0020000897,1610612743,DEN,Denver,1785,,,, ,,,,,,,,,,,,,,,,,,,,
0020000897,1610612743,DEN,Denver,1786,,,, ,,,,,,,,,,,,,,,,,,,,
0020000897,1610612743,DEN,Denver,686,Antonio McDyess,Antonio,,DND - subluxated left knee cap,,,,,,,,,,,,,,,,,,,,
0020000897,1610612743,DEN,Denver,89,Nick Van Exel,Nick,,DND - left knee contusion,,,,,,,,,,,,,,,,,,,,
0020000897,1610612758,SAC,Sacramento,978,Peja Stojakovic,Peja,G,,39:03,6.0,13.0,0.462,1.0,4.0,0.25,11.0,12.0,0.917,1.0,4.0,5.0,3.0,2.0,0.0,2.0,3.0,24.0,2.0
0020000897,1610612758,SAC,Sacramento,185,Chris Webber,Chris,F,,41:47,16.0,27.0,0.593,0.0,0.0,0.0,9.0,10.0,0.9,2.0,10.0,12.0,2.0,1.0,0.0,3.0,2.0,41.0,1.0
0020000897,1610612758,SAC,Sacramento,124,Vlade Divac,Vlade,G,,30:33,4.0,5.0,0.8,0.0,0.0,0.0,2.0,4.0,0.5,1.0,4.0,5.0,6.0,0.0,5.0,3.0,0.0,10.0,4.0
0020000897,1610612758,SAC,Sacramento,57,Doug Christie,Doug,G,,43:00,3.0,9.0,0.333,0.0,1.0,0.0,3.0,5.0,0.6,3.0,7.0,10.0,5.0,4.0,0.0,0.0,3.0,9.0,6.0
0020000897,1610612758,SAC,Sacramento,1715,Jason Williams,Jason,G,,27:04,2.0,7.0,0.286,1.0,3.0,0.333,0.0,0.0,0.0,0.0,2.0,2.0,6.0,1.0,0.0,2.0,1.0,5.0,7.0
0020000897,1610612758,SAC,Sacramento,2045,Hedo Turkoglu,Hedo,G,,15:36,1.0,5.0,0.2,0.0,1.0,0.0,1.0,2.0,0.5,1.0,0.0,1.0,1.0,0.0,0.0,0.0,2.0,3.0,1.0
0020000897,1610612758,SAC,Sacramento,1517,Bobby Jackson,Bobby,C,,20:56,6.0,9.0,0.667,0.0,1.0,0.0,1.0,2.0,0.5,1.0,2.0,3.0,3.0,1.0,0.0,3.0,3.0,13.0,-1.0
0020000897,1610612758,SAC,Sacramento,1513,Scot Pollard,Scot,G,,15:48,0.0,6.0,0.0,0.0,0.0,0.0,2.0,2.0,1.0,4.0,2.0,6.0,0.0,0.0,2.0,0.0,3.0,2.0,5.0
0020000897,1610612758,SAC,Sacramento,1444,Lawrence Funderburke,Lawrence,G,,6:13,1.0,2.0,0.5,0.0,0.0,0.0,1.0,2.0,0.5,0.0,3.0,3.0,0.0,0.0,0.0,0.0,0.0,3.0,5.0
0020000897,1610612758,SAC,Sacramento,1775,,,, ,,,,,,,,,,,,,,,,,,,,
0020000897,1610612758,SAC,Sacramento,1248,,,, ,,,,,,,,,,,,,,,,,,,,
0020000897,1610612758,SAC,Sacramento,1249,,,, ,,,,,,,,,,,,,,,,,,,,
0020000897,1610612758,SAC,Sacramento,1322,,,, ,,,,,,,,,,,,,,,,,,,,
0020000897,1610612758,SAC,Sacramento,1327,,,, ,,,,,,,,,,,,,,,,,,,,
0020000897,1610612758,SAC,Sacramento,1328,,,, ,,,,,,,,,,,,,,,,,,,,
0020000897,1610612758,SAC,Sacramento,1609,Art Long,Art,,DNP - Coach's Decision,,,,,,,,,,,,,,,,,,,,
0020000897,1610612758,SAC,Sacramento,239,Darrick Martin,Darrick,,DNP - Coach's Decision,,,,,,,,,,,,,,,,,,,,
0020000897,1610612758,SAC,Sacramento,2074,Jabari Smith,Jabari,,DNP - Coach's Decision,,,,,,,,,,,,,,,,,,,,
0020000892,1610612741,CHI,Chicago,1897,Metta World Peace,Metta,F,,30:05,6.0,11.0,0.545,2.0,2.0,1.0,2.0,4.0,0.5,2.0,2.0,4.0,0.0,3.0,0.0,1.0,3.0,16.0,-28.0
0020000892,1610612741,CHI,Chicago,1882,Elton Brand,Elton,F,,29:15,7.0,15.0,0.467,0.0,0.0,0.0,1.0,4.0,0.25,1.0,4.0,5.0,3.0,0.0,0.0,2.0,3.0,15.0,-23.0
0020000892,1610612741,CHI,Chicago,1802,Brad Miller,Brad,C,,21:50,0.0,7.0,0.0,0.0,0.0,0.0,2.0,4.0,0.5,2.0,8.0,10.0,4.0,1.0,0.0,2.0,2.0,2.0,-14.0
0020000892,1610612741,CHI,Chicago,697,Fred Hoiberg,Fred,G,,29:15,5.0,8.0,0.625,1.0,3.0,0.333,0.0,0.0,0.0,0.0,3.0,3.0,4.0,2.0,0.0,0.0,1.0,11.0,-23.0
0020000892,1610612741,CHI,Chicago,1724,Bryce Drew,Bryce,G,,26:27,2.0,8.0,0.25,1.0,4.0,0.25,0.0,0.0,0.0,0.0,2.0,2.0,2.0,0.0,0.0,2.0,1.0,5.0,-23.0
0020000892,1610612741,CHI,Chicago,1736,Corey Benjamin,Corey,G,,14:18,0.0,6.0,0.0,0.0,2.0,0.0,2.0,2.0,1.0,3.0,1.0,4.0,0.0,1.0,1.0,2.0,2.0,2.0,-1.0
0020000892,1610612741,CHI,Chicago,2033,Marcus Fizer,Marcus,F,,28:50,4.0,14.0,0.286,0.0,1.0,0.0,3.0,3.0,1.0,0.0,4.0,4.0,1.0,0.0,0.0,0.0,2.0,11.0,-19.0
0020000892,1610612741,CHI,Chicago,2053,Dalibor Bagaric,Dalibor,C,,16:05,1.0,4.0,0.25,0.0,0.0,0.0,2.0,6.0,0.333,3.0,3.0,6.0,0.0,0.0,0.0,2.0,2.0,4.0,-10.0
0020000892,1610612741,CHI,Chicago,2037,Jamal Crawford,Jamal,G,,23:29,4.0,7.0,0.571,0.0,0.0,0.0,0.0,0.0,0.0,0.0,1.0,1.0,3.0,4.0,1.0,1.0,0.0,8.0,-15.0
0020000892,1610612741,CHI,Chicago,2062,A.J. Guyton,A.J.,G,,12:00,0.0,3.0,0.0,0.0,1.0,0.0,0.0,0.0,0.0,0.0,0.0,0.0,0.0,0.0,0.0,2.0,1.0,0.0,-8.0
0020000892,1610612741,CHI,Chicago,1913,Michael Ruffin,Michael,,,8:26,0.0,2.0,0.0,0.0,0.0,0.0,1.0,2.0,0.5,2.0,3.0,5.0,0.0,2.0,1.0,3.0,2.0,1.0,-1.0
0020000892,1610612741,CHI,Chicago,1220,,,, ,,,,,,,,,,,,,,,,,,,,
0020000892,1610612741,CHI,Chicago,2153,,,, ,,,,,,,,,,,,,,,,,,,,
0020000892,1610612741,CHI,Chicago,1779,,,, ,,,,,,,,,,,,,,,,,,,,
0020000892,1610612741,CHI,Chicago,1780,,,, ,,,,,,,,,,,,,,,,,,,,
0020000892,1610612741,CHI,Chicago,1254,,,, ,,,,,,,,,,,,,,,,,,,,
0020000892,1610612741,CHI,Chicago,1346,,,, ,,,,,,,,,,,,,,,,,,,,
0020000892,1610612741,CHI,Chicago,1500,Ron Mercer,Ron,,DND-Left Ankle Sprain,,,,,,,,,,,,,,,,,,,,
0020000892,1610612765,DET,Detroit,688,Michael Curry,Michael,F,,19:51,3.0,4.0,0.75,0.0,0.0,0.0,1.0,1.0,1.0,0.0,0.0,0.0,2.0,1.0,0.0,1.0,2.0,7.0,15.0
0020000892,1610612765,DET,Detroit,693,Joe Smith,Joe,F,,25:24,4.0,6.0,0.667,0.0,0.0,0.0,8.0,8.0,1.0,1.0,5.0,6.0,0.0,0.0,1.0,0.0,4.0,16.0,25.0
0020000892,1610612765,DET,Detroit,1112,Ben Wallace,Ben,C,,25:09,3.0,7.0,0.429,0.0,0.0,0.0,2.0,3.0,0.667,1.0,14.0,15.0,1.0,1.0,0.0,0.0,3.0,8.0,25.0
0020000892,1610612765,DET,Detroit,711,Jerry Stackhouse,Jerry,G,,36:42,10.0,20.0,0.5,3.0,7.0,0.429,0.0,0.0,0.0,1.0,3.0,4.0,6.0,1.0,1.0,1.0,1.0,23.0,26.0
0020000892,1610612765,DET,Detroit,1088,Chucky Atkins,Chucky,G,,19:19,4.0,8.0,0.5,0.0,2.0,0.0,0.0,1.0,0.0,0.0,0.0,0.0,2.0,2.0,0.0,2.0,1.0,8.0,11.0
0020000892,1610612765,DET,Detroit,2043,Mateen Cleaves,Mateen,G,,28:41,5.0,7.0,0.714,1.0,1.0,1.0,2.0,2.0,1.0,0.0,0.0,0.0,8.0,0.0,0.0,2.0,0.0,13.0,22.0
0020000892,1610612765,DET,Detroit,182,Billy Owens,Billy,F,,18:03,0.0,3.0,0.0,0.0,0.0,0.0,0.0,0.0,0.0,0.0,5.0,5.0,1.0,2.0,0.0,3.0,3.0,0.0,11.0
0020000892,1610612765,DET,Detroit,722,Corliss Williamson,Corliss,F,,20:52,5.0,9.0,0.556,0.0,0.0,0.0,1.0,2.0,0.5,2.0,5.0,7.0,0.0,1.0,0.0,4.0,3.0,11.0,13.0
0020000892,1610612765,DET,Detroit,1630,Mikki Moore,Mikki,C,,22:37,5.0,7.0,0.714,0.0,0.0,0.0,2.0,2.0,1.0,2.0,6.0,8.0,0.0,1.0,2.0,1.0,3.0,12.0,8.0
0020000892,1610612765,DET,Detroit,344,Dana Barros,Dana,,,13:12,1.0,4.0,0.25,0.0,2.0,0.0,0.0,0.0,0.0,0.0,3.0,3.0,0.0,0.0,0.0,1.0,1.0,2.0,8.0
0020000892,1610612765,DET,Detroit,961,John Wallace,John,,,5:58,3.0,4.0,0.75,0.0,1.0,0.0,0.0,0.0,0.0,0.0,1.0,1.0,0.0,0.0,0.0,2.0,0.0,6.0,1.0
0020000892,1610612765,DET,Detroit,146,Jud Buechler,Jud,,,4:13,1.0,2.0,0.5,0.0,1.0,0.0,0.0,0.0,0.0,0.0,1.0,1.0,0.0,0.0,0.0,0.0,0.0,2.0,0.0
0020000892,1610612765,DET,Detroit,1247,,,, ,,,,,,,,,,,,,,,,,,,,
0020000892,1610612765,DET,Detroit,1996,,,, ,,,,,,,,,,,,,,,,,,,,
0020000892,1610612765,DET,Detroit,1798,,,, ,,,,,,,,,,,,,,,,,,,,
0020000892,1610612765,DET,Detroit,2155,,,, ,,,,,,,,,,,,,,,,,,,,
0020000891,1610612750,MIN,Minnesota,708,Kevin Garnett,Kevin,G,,39:18,6.0,15.0,0.4,0.0,0.0,0.0,1.0,1.0,1.0,5.0,8.0,13.0,6.0,3.0,1.0,2.0,3.0,13.0,3.0
0020000891,1610612750,MIN,Minnesota,1887,Wally Szczerbiak,Wally,G,,40:06,7.0,13.0,0.538,3.0,4.0,0.75,2.0,2.0,1.0,0.0,8.0,8.0,2.0,2.0,2.0,0.0,3.0,19.0,-6.0
0020000891,1610612750,MIN,Minnesota,1073,Reggie Slater,Reggie,F,,21:44,2.0,3.0,0.667,0.0,0.0,0.0,4.0,6.0,0.667,0.0,2.0,2.0,1.0,0.0,1.0,2.0,3.0,8.0,-2.0
0020000891,1610612750,MIN,Minnesota,324,Anthony Peeler,Anthony,G,,35:08,4.0,12.0,0.333,2.0,7.0,0.286,0.0,0.0,0.0,0.0,4.0,4.0,2.0,0.0,0.0,1.0,1.0,10.0,3.0
0020000891,1610612750,MIN,Minnesota,210,Terrell Brandon,Terrell,G,,38:35,5.0,11.0,0.455,0.0,0.0,0.0,3.0,4.0,0.75,0.0,2.0,2.0,5.0,4.0,0.0,4.0,1.0,13.0,-5.0
0020000891,1610612750,MIN,Minnesota,1497,Chauncey Billups,Chauncey,G,,17:36,0.0,4.0,0.0,0.0,1.0,0.0,1.0,2.0,0.5,0.0,2.0,2.0,2.0,1.0,0.0,2.0,2.0,1.0,-13.0
0020000891,1610612750,MIN,Minnesota,111,LaPhonso Ellis,LaPhonso,C,,30:23,6.0,11.0,0.545,1.0,1.0,1.0,0.0,0.0,0.0,5.0,2.0,7.0,1.0,2.0,0.0,3.0,6.0,13.0,-14.0
0020000891,1610612750,MIN,Minnesota,417,Sam Mitchell,Sam,F,,8:09,0.0,1.0,0.0,0.0,0.0,0.0,0.0,0.0,0.0,0.0,2.0,2.0,1.0,0.0,0.0,1.0,0.0,0.0,-1.0
0020000891,1610612750,MIN,Minnesota,1051,Dean Garrett,Dean,F,,4:20,1.0,1.0,1.0,0.0,0.0,0.0,0.0,0.0,0.0,0.0,0.0,0.0,0.0,0.0,1.0,0.0,0.0,2.0,-1.0
0020000891,1610612750,MIN,Minnesota,1895,William Avery,William,,,4:41,0.0,1.0,0.0,0.0,1.0,0.0,0.0,0.0,0.0,0.0,0.0,0.0,0.0,0.0,0.0,1.0,1.0,0.0,1.0
0020000891,1610612750,MIN,Minnesota,847,,,, ,,,,,,,,,,,,,,,,,,,,
0020000891,1610612750,MIN,Minnesota,1290,,,, ,,,,,,,,,,,,,,,,,,,,
0020000891,1610612750,MIN,Minnesota,1291,,,, ,,,,,,,,,,,,,,,,,,,,
0020000891,1610612750,MIN,Minnesota,2146,,,, ,,,,,,,,,,,,,,,,,,,,
0020000891,1610612750,MIN,Minnesota,2158,,,, ,,,,,,,,,,,,,,,,,,,,
0020000891,1610612750,MIN,Minnesota,2159,,,, ,,,,,,,,,,,,,,,,,,,,
0020000891,1610612750,MIN,Minnesota,1732,Felipe Lopez,Felipe,,DNP - Coach's Decision,,,,,,,,,,,,,,,,,,,,
0020000891,1610612750,MIN,Minnesota,1725,Rasho Nesterovic,Rasho,,DNP - Coach's Decision,,,,,,,,,,,,,,,,,,,,
0020000891,1610612748,MIA,Miami,1477,Bruce Bowen,Bruce,F,,29:41,3.0,7.0,0.429,1.0,3.0,0.333,1.0,1.0,1.0,1.0,4.0,5.0,1.0,1.0,1.0,2.0,1.0,8.0,6.0
0020000891,1610612748,MIA,Miami,193,Anthony Mason,Anthony,F,,40:32,11.0,17.0,0.647,0.0,0.0,0.0,0.0,1.0,0.0,2.0,8.0,10.0,0.0,0.0,0.0,1.0,3.0,22.0,6.0
0020000891,1610612748,MIA,Miami,258,Brian Grant,Brian,G,,41:04,7.0,14.0,0.5,0.0,0.0,0.0,2.0,2.0,1.0,1.0,6.0,7.0,1.0,0.0,0.0,0.0,2.0,16.0,6.0
0020000891,1610612748,MIA,Miami,1853,Anthony Carter,Anthony,G,,40:07,5.0,11.0,0.455,0.0,1.0,0.0,0.0,0.0,0.0,0.0,7.0,7.0,6.0,3.0,0.0,2.0,2.0,10.0,1.0
0020000891,1610612748,MIA,Miami,896,Tim Hardaway,Tim,G,,37:14,4.0,15.0,0.267,0.0,5.0,0.0,6.0,6.0,1.0,1.0,2.0,3.0,6.0,2.0,0.0,4.0,2.0,14.0,11.0
0020000891,1610612748,MIA,Miami,920,A.C. Green,A.C.,G,,12:36,1.0,1.0,1.0,0.0,0.0,0.0,3.0,6.0,0.5,2.0,0.0,2.0,1.0,0.0,1.0,0.0,2.0,5.0,5.0
0020000891,1610612748,MIA,Miami,105,Dan Majerle,Dan,F,,18:19,1.0,3.0,0.333,1.0,2.0,0.5,0.0,0.0,0.0,0.0,1.0,1.0,3.0,0.0,0.0,2.0,2.0,3.0,1.0
0020000891,1610612748,MIA,Miami,2067,Eddie House,Eddie,G,,18:39,4.0,8.0,0.5,0.0,0.0,0.0,0.0,0.0,0.0,1.0,1.0,2.0,2.0,2.0,0.0,3.0,2.0,8.0,2.0
0020000891,1610612748,MIA,Miami,190,Duane Causwell,Duane,C,,1:48,0.0,0.0,0.0,0.0,0.0,0.0,0.0,0.0,0.0,0.0,0.0,0.0,0.0,0.0,0.0,0.0,0.0,0.0,-3.0
0020000891,1610612748,MIA,Miami,1642,,,, ,,,,,,,,,,,,,,,,,,,,
0020000891,1610612748,MIA,Miami,1877,,,, ,,,,,,,,,,,,,,,,,,,,
0020000891,1610612748,MIA,Miami,1787,,,, ,,,,,,,,,,,,,,,,,,,,
0020000891,1610612748,MIA,Miami,1276,,,, ,,,,,,,,,,,,,,,,,,,,
0020000891,1610612748,MIA,Miami,1277,,,, ,,,,,,,,,,,,,,,,,,,,
0020000891,1610612748,MIA,Miami,1279,,,, ,,,,,,,,,,,,,,,,,,,,
0020000891,1610612748,MIA,Miami,1280,,,, ,,,,,,,,,,,,,,,,,,,,
0020000891,1610612748,MIA,Miami,1281,,,, ,,,,,,,,,,,,,,,,,,,,
0020000891,1610612748,MIA,Miami,836,,,, ,,,,,,,,,,,,,,,,,,,,
0020000891,1610612748,MIA,Miami,76,Cedric Ceballos,Cedric,,DNP - Coach's Decision,,,,,,,,,,,,,,,,,,,,
0020000891,1610612748,MIA,Miami,1729,Ricky Davis,Ricky,,DNP - Coach's Decision,,,,,,,,,,,,,,,,,,,,
0020000891,1610612748,MIA,Miami,931,Don MacLean,Don,,DNP - Coach's Decision,,,,,,,,,,,,,,,,,,,,
0020000895,1610612756,PHX,Phoenix,1890,Shawn Marion,Shawn,G,,36:25,9.0,20.0,0.45,1.0,2.0,0.5,5.0,6.0,0.833,2.0,3.0,5.0,1.0,5.0,1.0,2.0,2.0,24.0,-15.0
0020000895,1610612756,PHX,Phoenix,339,Tom Gugliotta,Tom,G,,30:13,5.0,8.0,0.625,0.0,0.0,0.0,2.0,2.0,1.0,2.0,5.0,7.0,2.0,2.0,0.0,2.0,4.0,12.0,-17.0
0020000895,1610612756,PHX,Phoenix,361,Clifford Robinson,Clifford,G,,29:45,4.0,12.0,0.333,1.0,4.0,0.25,3.0,4.0,0.75,0.0,2.0,2.0,2.0,0.0,0.0,1.0,6.0,12.0,1.0
0020000895,1610612756,PHX,Phoenix,467,Jason Kidd,Jason,G,,31:12,3.0,10.0,0.3,0.0,1.0,0.0,3.0,3.0,1.0,1.0,5.0,6.0,13.0,1.0,0.0,2.0,2.0,9.0,-16.0
0020000895,1610612756,PHX,Phoenix,53,Mario Elie,Mario,G,,20:29,1.0,3.0,0.333,0.0,1.0,0.0,0.0,0.0,0.0,0.0,0.0,0.0,0.0,2.0,0.0,2.0,2.0,2.0,-10.0
0020000895,1610612756,PHX,Phoenix,960,Tony Delk,Tony,F,,33:04,5.0,12.0,0.417,0.0,1.0,0.0,11.0,12.0,0.917,2.0,1.0,3.0,4.0,4.0,1.0,0.0,3.0,21.0,-4.0
0020000895,1610612756,PHX,Phoenix,915,Rodney Rogers,Rodney,C,,20:13,1.0,6.0,0.167,0.0,0.0,0.0,1.0,2.0,0.5,0.0,1.0,1.0,0.0,2.0,0.0,3.0,3.0,3.0,-19.0
0020000895,1610612756,PHX,Phoenix,219,Vinny Del Negro,Vinny,F,,8:46,3.0,4.0,0.75,0.0,0.0,0.0,0.0,0.0,0.0,0.0,0.0,0.0,0.0,0.0,0.0,0.0,2.0,6.0,1.0
0020000895,1610612756,PHX,Phoenix,2091,Daniel Santiago,Daniel,G,,15:50,0.0,0.0,0.0,0.0,0.0,0.0,0.0,0.0,0.0,0.0,3.0,3.0,0.0,1.0,0.0,1.0,6.0,0.0,6.0
0020000895,1610612756,PHX,Phoenix,386,Elliot Perry,Elliot,G,,12:00,3.0,5.0,0.6,0.0,0.0,0.0,0.0,0.0,0.0,0.0,0.0,0.0,2.0,0.0,0.0,0.0,4.0,6.0,10.0
0020000895,1610612756,PHX,Phoenix,201,Chris Dudley,Chris,,,2:03,0.0,0.0,0.0,0.0,0.0,0.0,0.0,0.0,0.0,0.0,2.0,2.0,0.0,0.0,1.0,0.0,0.0,0.0,3.0
0020000895,1610612756,PHX,Phoenix,1227,,,, ,,,,,,,,,,,,,,,,,,,,
0020000895,1610612756,PHX,Phoenix,1653,,,, ,,,,,,,,,,,,,,,,,,,,
0020000895,1610612756,PHX,Phoenix,1654,,,, ,,,,,,,,,,,,,,,,,,,,
0020000895,1610612756,PHX,Phoenix,2008,,,, ,,,,,,,,,,,,,,,,,,,,
0020000895,1610612756,PHX,Phoenix,2015,,,, ,,,,,,,,,,,,,,,,,,,,
0020000895,1610612756,PHX,Phoenix,2160,,,, ,,,,,,,,,,,,,,,,,,,,
0020000895,1610612756,PHX,Phoenix,2161,,,, ,,,,,,,,,,,,,,,,,,,,
0020000895,1610612756,PHX,Phoenix,2054,Jake Tsakalidis,Jake,,DNP - Coach's Decision,,,,,,,,,,,,,,,,,,,,
0020000895,1610612762,UTA,Utah,923,Donyell Marshall,Donyell,G,,26:54,3.0,4.0,0.75,0.0,0.0,0.0,1.0,2.0,0.5,1.0,5.0,6.0,0.0,1.0,3.0,2.0,2.0,7.0,14.0
0020000895,1610612762,UTA,Utah,252,Karl Malone,Karl,F,,29:04,6.0,9.0,0.667,0.0,0.0,0.0,8.0,10.0,0.8,0.0,10.0,10.0,4.0,0.0,2.0,1.0,2.0,20.0,19.0
0020000895,1610612762,UTA,Utah,178,Olden Polynice,Olden,F,,19:05,3.0,3.0,1.0,0.0,0.0,0.0,0.0,2.0,0.0,0.0,3.0,3.0,1.0,0.0,0.0,1.0,1.0,6.0,6.0
0020000895,1610612762,UTA,Utah,304,John Stockton,John,G,,23:30,3.0,8.0,0.375,1.0,2.0,0.5,5.0,6.0,0.833,1.0,1.0,2.0,9.0,0.0,0.0,3.0,2.0,12.0,9.0
0020000895,1610612762,UTA,Utah,317,John Starks,John,G,,28:15,4.0,6.0,0.667,1.0,1.0,1.0,0.0,0.0,0.0,0.0,1.0,1.0,3.0,2.0,0.0,5.0,3.0,9.0,14.0
0020000895,1610612762,UTA,Utah,1521,Jacque Vaughn,Jacque,F,,20:22,1.0,1.0,1.0,1.0,1.0,1.0,2.0,3.0,0.667,0.0,1.0,1.0,9.0,0.0,0.0,3.0,2.0,5.0,6.0
0020000895,1610612762,UTA,Utah,935,Bryon Russell,Bryon,C,,23:42,4.0,5.0,0.8,2.0,2.0,1.0,4.0,4.0,1.0,0.0,2.0,2.0,1.0,0.0,0.0,1.0,5.0,14.0,2.0
0020000895,1610612762,UTA,Utah,128,David Benoit,David,G,,23:36,7.0,11.0,0.636,1.0,1.0,1.0,3.0,4.0,0.75,0.0,3.0,3.0,0.0,0.0,0.0,4.0,2.0,18.0,4.0
0020000895,1610612762,UTA,Utah,330,Danny Manning,Danny,G,,12:08,4.0,6.0,0.667,0.0,0.0,0.0,0.0,0.0,0.0,0.0,0.0,0.0,0.0,0.0,1.0,0.0,5.0,8.0,4.0
0020000895,1610612762,UTA,Utah,731,Greg Ostertag,Greg,F,,21:06,2.0,4.0,0.5,0.0,0.0,0.0,2.0,4.0,0.5,1.0,6.0,7.0,0.0,1.0,3.0,1.0,0.0,6.0,-1.0
0020000895,1610612762,UTA,Utah,180,John Crotty,John,F,,8:20,0.0,1.0,0.0,0.0,0.0,0.0,2.0,2.0,1.0,0.0,0.0,0.0,1.0,1.0,0.0,2.0,1.0,2.0,-10.0
0020000895,1610612762,UTA,Utah,1909,Scott Padgett,Scott,,,3:58,0.0,1.0,0.0,0.0,0.0,0.0,0.0,0.0,0.0,1.0,0.0,1.0,0.0,0.0,0.0,0.0,1.0,0.0,-7.0
0020000895,1610612762,UTA,Utah,1794,,,, ,,,,,,,,,,,,,,,,,,,,
0020000895,1610612762,UTA,Utah,1228,,,, ,,,,,,,,,,,,,,,,,,,,
0020000895,1610612762,UTA,Utah,1345,,,, ,,,,,,,,,,,,,,,,,,,,
0020000895,1610612762,UTA,Utah,1347,,,, ,,,,,,,,,,,,,,,,,,,,
0020000895,1610612762,UTA,Utah,1348,,,, ,,,,,,,,,,,,,,,,,,,,
0020000895,1610612762,UTA,Utah,1372,,,, ,,,,,,,,,,,,,,,,,,,,
0020000889,1610612752,NYK,New York,84,Latrell Sprewell,Latrell,F,,42:10,4.0,12.0,0.333,0.0,1.0,0.0,8.0,12.0,0.667,0.0,1.0,1.0,2.0,0.0,1.0,2.0,0.0,16.0,-15.0
0020000889,1610612752,NYK,New York,703,Kurt Thomas,Kurt,G,,27:41,2.0,8.0,0.25,0.0,0.0,0.0,3.0,5.0,0.6,2.0,9.0,11.0,0.0,1.0,1.0,1.0,2.0,7.0,-14.0
0020000889,1610612752,NYK,New York,948,Marcus Camby,Marcus,G,,38:07,8.0,13.0,0.615,0.0,0.0,0.0,1.0,6.0,0.167,2.0,8.0,10.0,1.0,1.0,5.0,0.0,3.0,17.0,-10.0
0020000889,1610612752,NYK,New York,275,Allan Houston,Allan,G,,37:47,7.0,18.0,0.389,1.0,5.0,0.2,8.0,9.0,0.889,0.0,2.0,2.0,4.0,2.0,0.0,0.0,4.0,23.0,-8.0
0020000889,1610612752,NYK,New York,349,Mark Jackson,Mark,G,,22:49,2.0,4.0,0.5,1.0,1.0,1.0,0.0,0.0,0.0,0.0,4.0,4.0,1.0,0.0,0.0,0.0,3.0,5.0,-10.0
0020000889,1610612752,NYK,New York,369,Charlie Ward,Charlie,F,,27:02,0.0,4.0,0.0,0.0,1.0,0.0,4.0,4.0,1.0,3.0,3.0,6.0,7.0,3.0,0.0,4.0,3.0,4.0,-6.0
0020000889,1610612752,NYK,New York,970,Othella Harrington,Othella,G,,11:31,1.0,3.0,0.333,0.0,0.0,0.0,0.0,0.0,0.0,0.0,0.0,0.0,0.0,1.0,1.0,0.0,2.0,2.0,-4.0
0020000889,1610612752,NYK,New York,779,Glen Rice,Glen,G,,26:33,3.0,11.0,0.273,0.0,2.0,0.0,0.0,1.0,0.0,1.0,4.0,5.0,1.0,0.0,0.0,1.0,3.0,6.0,-6.0
0020000889,1610612752,NYK,New York,2068,Lavor Postell,Lavor,,,3:10,1.0,2.0,0.5,0.0,0.0,0.0,0.0,0.0,0.0,1.0,0.0,1.0,0.0,0.0,0.0,0.0,0.0,2.0,4.0
0020000889,1610612752,NYK,New York,280,Felton Spencer,Felton,,,3:10,0.0,0.0,0.0,0.0,0.0,0.0,1.0,2.0,0.5,1.0,0.0,1.0,0.0,0.0,0.0,0.0,0.0,1.0,4.0
0020000889,1610612752,NYK,New York,2167,,,, ,,,,,,,,,,,,,,,,,,,,
0020000889,1610612752,NYK,New York,2168,,,, ,,,,,,,,,,,,,,,,,,,,
0020000889,1610612752,NYK,New York,1790,,,, ,,,,,,,,,,,,,,,,,,,,
0020000889,1610612752,NYK,New York,1791,,,, ,,,,,,,,,,,,,,,,,,,,
0020000889,1610612752,NYK,New York,1297,,,, ,,,,,,,,,,,,,,,,,,,,
0020000889,1610612752,NYK,New York,1298,,,, ,,,,,,,,,,,,,,,,,,,,
0020000889,1610612752,NYK,New York,1301,,,, ,,,,,,,,,,,,,,,,,,,,
0020000889,1610612752,NYK,New York,1302,,,, ,,,,,,,,,,,,,,,,,,,,
0020000889,1610612752,NYK,New York,913,Larry Johnson,Larry,,DND - Sore Back,,,,,,,,,,,,,,,,,,,,
0020000889,1610612752,NYK,New York,969,Travis Knight,Travis,,NWT - Strep Throat,,,,,,,,,,,,,,,,,,,,
0020000889,1610612751,NJN,New Jersey,1496,Keith Van Horn,Keith,G,,38:59,8.0,18.0,0.444,1.0,5.0,0.2,3.0,4.0,0.75,1.0,10.0,11.0,2.0,1.0,1.0,3.0,4.0,20.0,13.0
0020000889,1610612751,NJN,New Jersey,2030,Kenyon Martin,Kenyon,F,,35:08,4.0,13.0,0.308,0.0,0.0,0.0,6.0,6.0,1.0,2.0,10.0,12.0,2.0,0.0,3.0,5.0,6.0,14.0,8.0
0020000889,1610612751,NJN,New Jersey,1915,Evan Eschmeyer,Evan,G,,19:17,3.0,6.0,0.5,0.0,0.0,0.0,2.0,3.0,0.667,5.0,4.0,9.0,0.0,1.0,0.0,0.0,5.0,8.0,9.0
0020000889,1610612751,NJN,New Jersey,271,Johnny Newman,Johnny,G,,44:50,6.0,16.0,0.375,1.0,4.0,0.25,5.0,6.0,0.833,2.0,1.0,3.0,4.0,3.0,1.0,0.0,2.0,18.0,11.0
0020000889,1610612751,NJN,New Jersey,950,Stephon Marbury,Stephon,G,,40:37,5.0,15.0,0.333,2.0,7.0,0.286,0.0,0.0,0.0,1.0,4.0,5.0,12.0,1.0,0.0,2.0,4.0,12.0,2.0
0020000889,1610612751,NJN,New Jersey,1425,Aaron Williams,Aaron,G,,27:36,3.0,6.0,0.5,0.0,0.0,0.0,3.0,4.0,0.75,2.0,6.0,8.0,0.0,0.0,2.0,0.0,4.0,9.0,-2.0
0020000889,1610612751,NJN,New Jersey,1536,Stephen Jackson,Stephen,F,,26:10,5.0,8.0,0.625,2.0,4.0,0.5,1.0,2.0,0.5,1.0,5.0,6.0,2.0,2.0,0.0,2.0,4.0,13.0,13.0
0020000889,1610612751,NJN,New Jersey,428,Sherman Douglas,Sherman,,,7:23,0.0,1.0,0.0,0.0,0.0,0.0,2.0,2.0,1.0,0.0,0.0,0.0,1.0,0.0,0.0,0.0,1.0,2.0,11.0
0020000889,1610612751,NJN,New Jersey,1303,,,, ,,,,,,,,,,,,,,,,,,,,
0020000889,1610612751,NJN,New Jersey,1324,,,, ,,,,,,,,,,,,,,,,,,,,
0020000889,1610612751,NJN,New Jersey,1673,,,, ,,,,,,,,,,,,,,,,,,,,
0020000889,1610612751,NJN,New Jersey,2009,,,, ,,,,,,,,,,,,,,,,,,,,
0020000889,1610612751,NJN,New Jersey,1776,,,, ,,,,,,,,,,,,,,,,,,,,
0020000889,1610612751,NJN,New Jersey,1789,,,, ,,,,,,,,,,,,,,,,,,,,
0020000889,1610612751,NJN,New Jersey,1876,,,, ,,,,,,,,,,,,,,,,,,,,
0020000889,1610612751,NJN,New Jersey,994,Jamie Feick,Jamie,,DND - Sore Left Achilles,,,,,,,,,,,,,,,,,,,,
0020000889,1610612751,NJN,New Jersey,446,Lucious Harris,Lucious,,DND - Strained Right Calf,,,,,,,,,,,,,,,,,,,,
0020000889,1610612751,NJN,New Jersey,2066,Soumaila Samake,Soumaila,,DNP - Coach's Decision,,,,,,,,,,,,,,,,,,,,
0020000889,1610612751,NJN,New Jersey,1735,Vladimir Stepania,Vladimir,,DNP - Coach's Decision,,,,,,,,,,,,,,,,,,,,
0020000890,1610612737,ATL,Atlanta,389,Toni Kukoc,Toni,F,,26:13,5.0,11.0,0.455,1.0,2.0,0.5,1.0,2.0,0.5,0.0,1.0,1.0,2.0,0.0,1.0,2.0,1.0,12.0,-16.0
0020000890,1610612737,ATL,Atlanta,1544,Chris Crawford,Chris,F,,21:26,4.0,7.0,0.571,0.0,0.0,0.0,0.0,0.0,0.0,1.0,2.0,3.0,0.0,0.0,0.0,2.0,3.0,8.0,-13.0
0020000890,1610612737,ATL,Atlanta,953,Lorenzen Wright,Lorenzen,C,,11:45,1.0,3.0,0.333,0.0,0.0,0.0,0.0,0.0,0.0,3.0,1.0,4.0,0.0,0.0,0.0,1.0,1.0,2.0,-11.0
0020000890,1610612737,ATL,Atlanta,1510,Brevin Knight,Brevin,G,,28:35,0.0,4.0,0.0,0.0,0.0,0.0,0.0,0.0,0.0,0.0,5.0,5.0,8.0,2.0,0.0,0.0,3.0,0.0,-14.0
0020000890,1610612737,ATL,Atlanta,1891,Jason Terry,Jason,G,,40:01,7.0,17.0,0.412,2.0,6.0,0.333,9.0,10.0,0.9,1.0,4.0,5.0,10.0,1.0,1.0,1.0,2.0,25.0,-6.0
0020000890,1610612737,ATL,Atlanta,2143,Pepe Sanchez,Pepe,,,2:24,0.0,2.0,0.0,0.0,0.0,0.0,0.0,0.0,0.0,1.0,0.0,1.0,0.0,0.0,0.0,0.0,0.0,0.0,1.0
0020000890,1610612737,ATL,Atlanta,673,Alan Henderson,Alan,F,,13:11,2.0,5.0,0.4,0.0,0.0,0.0,4.0,4.0,1.0,2.0,1.0,3.0,0.0,0.0,1.0,0.0,2.0,8.0,3.0
0020000890,1610612737,ATL,Atlanta,1737,Nazr Mohammed,Nazr,C,,28:27,8.0,15.0,0.533,0.0,0.0,0.0,2.0,3.0,0.667,3.0,7.0,10.0,1.0,1.0,1.0,3.0,3.0,18.0,12.0
0020000890,1610612737,ATL,Atlanta,1901,Dion Glover,Dion,G,,25:00,4.0,7.0,0.571,0.0,0.0,0.0,2.0,4.0,0.5,2.0,1.0,3.0,2.0,3.0,0.0,0.0,1.0,10.0,9.0
0020000890,1610612737,ATL,Atlanta,2035,DerMarr Johnson,DerMarr,F,,27:29,5.0,8.0,0.625,1.0,3.0,0.333,1.0,3.0,0.333,0.0,4.0,4.0,0.0,0.0,2.0,1.0,2.0,12.0,6.0
0020000890,1610612737,ATL,Atlanta,2069,Hanno Mottola,Hanno,F,,15:29,4.0,7.0,0.571,0.0,0.0,0.0,0.0,0.0,0.0,2.0,2.0,4.0,0.0,0.0,0.0,2.0,1.0,8.0,4.0
0020000890,1610612737,ATL,Atlanta,2094,,,, ,,,,,,,,,,,,,,,,,,,,
0020000890,1610612737,ATL,Atlanta,1260,,,, ,,,,,,,,,,,,,,,,,,,,
0020000890,1610612737,ATL,Atlanta,1774,,,, ,,,,,,,,,,,,,,,,,,,,
0020000890,1610612737,ATL,Atlanta,2150,,,, ,,,,,,,,,,,,,,,,,,,,
0020000890,1610612737,ATL,Atlanta,2151,,,, ,,,,,,,,,,,,,,,,,,,,
0020000890,1610612737,ATL,Atlanta,1898,Cal Bowdler,Cal,,DND - Flu,,,,,,,,,,,,,,,,,,,,
0020000890,1610612755,PHI,Philadelphia,248,George Lynch,George,F,,37:11,4.0,8.0,0.5,0.0,0.0,0.0,0.0,0.0,0.0,5.0,7.0,12.0,2.0,1.0,0.0,1.0,2.0,8.0,13.0
0020000890,1610612755,PHI,Philadelphia,238,Tyrone Hill,Tyrone,F,,32:50,5.0,9.0,0.556,0.0,0.0,0.0,2.0,4.0,0.5,2.0,7.0,9.0,1.0,0.0,1.0,1.0,3.0,12.0,3.0
0020000890,1610612755,PHI,Philadelphia,87,Dikembe Mutombo,Dikembe,C,,39:17,5.0,10.0,0.5,0.0,0.0,0.0,3.0,4.0,0.75,5.0,8.0,13.0,1.0,0.0,9.0,1.0,1.0,13.0,14.0
0020000890,1610612755,PHI,Philadelphia,727,Eric Snow,Eric,G,,36:01,6.0,14.0,0.429,0.0,0.0,0.0,0.0,0.0,0.0,1.0,3.0,4.0,13.0,2.0,0.0,2.0,0.0,12.0,4.0
0020000890,1610612755,PHI,Philadelphia,947,Allen Iverson,Allen,G,,43:15,16.0,30.0,0.533,2.0,4.0,0.5,13.0,14.0,0.929,0.0,2.0,2.0,6.0,4.0,0.0,4.0,4.0,47.0,7.0
0020000890,1610612755,PHI,Philadelphia,243,Aaron McKie,Aaron,G,,10:59,0.0,2.0,0.0,0.0,0.0,0.0,1.0,2.0,0.5,1.0,1.0,2.0,2.0,0.0,0.0,1.0,2.0,1.0,-2.0
0020000890,1610612755,PHI,Philadelphia,1908,Jumaine Jones,Jumaine,F,,13:51,2.0,3.0,0.667,1.0,2.0,0.5,0.0,0.0,0.0,0.0,2.0,2.0,1.0,1.0,0.0,1.0,2.0,5.0,-3.0
0020000890,1610612755,PHI,Philadelphia,1934,Rodney Buford,Rodney,,,12:51,3.0,8.0,0.375,0.0,0.0,0.0,0.0,0.0,0.0,0.0,1.0,1.0,0.0,0.0,0.0,0.0,2.0,6.0,-12.0
0020000890,1610612755,PHI,Philadelphia,1928,Todd MacCulloch,Todd,,,3:39,1.0,2.0,0.5,0.0,0.0,0.0,0.0,0.0,0.0,2.0,0.0,2.0,0.0,0.0,0.0,0.0,1.0,2.0,-3.0
0020000890,1610612755,PHI,Philadelphia,1563,Kevin Ollie,Kevin,G,,10:07,1.0,2.0,0.5,0.0,0.0,0.0,0.0,0.0,0.0,1.0,0.0,1.0,4.0,1.0,0.0,1.0,3.0,2.0,4.0
0020000890,1610612755,PHI,Philadelphia,1212,,,, ,,,,,,,,,,,,,,,,,,,,
0020000890,1610612755,PHI,Philadelphia,1259,,,, ,,,,,,,,,,,,,,,,,,,,
0020000890,1610612755,PHI,Philadelphia,1308,,,, ,,,,,,,,,,,,,,,,,,,,
0020000890,1610612755,PHI,Philadelphia,1312,,,, ,,,,,,,,,,,,,,,,,,,,
0020000890,1610612755,PHI,Philadelphia,1313,,,, ,,,,,,,,,,,,,,,,,,,,
0020000890,1610612755,PHI,Philadelphia,1865,,,, ,,,,,,,,,,,,,,,,,,,,
0020000890,1610612755,PHI,Philadelphia,2169,,,, ,,,,,,,,,,,,,,,,,,,,
0020000890,1610612755,PHI,Philadelphia,761,Matt Geiger,Matt,,DND - Mild Edema Right Knee,,,,,,,,,,,,,,,,,,,,
0020000890,1610612755,PHI,Philadelphia,292,Anthony Miller,Anthony,,DNP - Coach's Decision,,,,,,,,,,,,,,,,,,,,
0020000896,1610612759,SAS,San Antonio,198,Danny Ferry,Danny,F,,26:18,1.0,3.0,0.333,1.0,2.0,0.5,1.0,2.0,0.5,0.0,1.0,1.0,0.0,0.0,0.0,0.0,1.0,4.0,-1.0
0020000896,1610612759,SAS,San Antonio,1495,Tim Duncan,Tim,F,,45:10,9.0,21.0,0.429,0.0,0.0,0.0,11.0,21.0,0.524,5.0,7.0,12.0,3.0,0.0,1.0,2.0,5.0,29.0,2.0
0020000896,1610612759,SAS,San Antonio,764,David Robinson,David,G,,37:21,4.0,9.0,0.444,0.0,0.0,0.0,3.0,3.0,1.0,2.0,4.0,6.0,4.0,3.0,2.0,1.0,4.0,11.0,9.0
0020000896,1610612759,SAS,San Antonio,1507,Derek Anderson,Derek,G,,47:52,6.0,17.0,0.353,2.0,3.0,0.667,7.0,8.0,0.875,4.0,4.0,8.0,1.0,3.0,1.0,6.0,3.0,21.0,3.0
0020000896,1610612759,SAS,San Antonio,345,Terry Porter,Terry,G,,19:46,1.0,8.0,0.125,0.0,3.0,0.0,0.0,0.0,0.0,0.0,4.0,4.0,4.0,1.0,0.0,0.0,0.0,2.0,-8.0
0020000896,1610612759,SAS,San Antonio,955,Samaki Walker,Samaki,G,,21:42,3.0,5.0,0.6,0.0,0.0,0.0,3.0,3.0,1.0,1.0,5.0,6.0,0.0,0.0,1.0,1.0,5.0,9.0,-2.0
0020000896,1610612759,SAS,San Antonio,422,Avery Johnson,Avery,F,,31:55,5.0,8.0,0.625,0.0,0.0,0.0,0.0,0.0,0.0,0.0,0.0,0.0,5.0,2.0,0.0,2.0,0.0,10.0,16.0
0020000896,1610612759,SAS,San Antonio,1498,Antonio Daniels,Antonio,G,,33:56,2.0,5.0,0.4,1.0,2.0,0.5,2.0,2.0,1.0,0.0,4.0,4.0,0.0,0.0,0.0,0.0,2.0,7.0,1.0
0020000896,1610612759,SAS,San Antonio,1035,Shawnelle Scott,Shawnelle,,,0:57,0.0,0.0,0.0,0.0,0.0,0.0,0.0,0.0,0.0,0.0,0.0,0.0,0.0,0.0,0.0,0.0,0.0,0.0,0.0
0020000896,1610612759,SAS,San Antonio,1760,Derrick Dial,Derrick,,,0:02,0.0,0.0,0.0,0.0,0.0,0.0,0.0,0.0,0.0,0.0,0.0,0.0,0.0,0.0,0.0,0.0,1.0,0.0,0.0
0020000896,1610612759,SAS,San Antonio,1331,,,, ,,,,,,,,,,,,,,,,,,,,
0020000896,1610612759,SAS,San Antonio,1371,,,, ,,,,,,,,,,,,,,,,,,,,
0020000896,1610612759,SAS,San Antonio,1658,,,, ,,,,,,,,,,,,,,,,,,,,
0020000896,1610612759,SAS,San Antonio,1264,,,, ,,,,,,,,,,,,,,,,,,,,
0020000896,1610612759,SAS,San Antonio,873,,,, ,,,,,,,,,,,,,,,,,,,,
0020000896,1610612759,SAS,San Antonio,251,Sean Elliott,Sean,,DND - Sore left I/T band.,,,,,,,,,,,,,,,,,,,,
0020000896,1610612759,SAS,San Antonio,70,Steve Kerr,Steve,,DNP - Coach's Decision,,,,,,,,,,,,,,,,,,,,
0020000896,1610612747,LAL,Los Angeles,296,Rick Fox,Rick,F,,22:16,0.0,7.0,0.0,0.0,4.0,0.0,0.0,0.0,0.0,0.0,1.0,1.0,2.0,1.0,0.0,0.0,3.0,0.0,-3.0
0020000896,1610612747,LAL,Los Angeles,270,Horace Grant,Horace,G,,40:38,3.0,8.0,0.375,0.0,0.0,0.0,0.0,0.0,0.0,8.0,4.0,12.0,1.0,2.0,1.0,2.0,5.0,6.0,-1.0
0020000896,1610612747,LAL,Los Angeles,406,Shaquille O'Neal,Shaquille,F,,49:08,12.0,23.0,0.522,0.0,0.0,0.0,9.0,18.0,0.5,7.0,9.0,16.0,0.0,0.0,3.0,3.0,4.0,33.0,4.0
0020000896,1610612747,LAL,Los Angeles,977,Kobe Bryant,Kobe,G,,43:45,16.0,33.0,0.485,0.0,1.0,0.0,6.0,8.0,0.75,2.0,5.0,7.0,2.0,1.0,0.0,4.0,5.0,38.0,-4.0
0020000896,1610612747,LAL,Los Angeles,216,Brian Shaw,Brian,G,,32:56,0.0,3.0,0.0,0.0,1.0,0.0,0.0,0.0,0.0,0.0,9.0,9.0,1.0,1.0,1.0,0.0,5.0,0.0,-1.0
0020000896,1610612747,LAL,Los Angeles,2130,Mike Penberthy,Mike,C,,10:29,1.0,2.0,0.5,0.0,1.0,0.0,0.0,0.0,0.0,0.0,0.0,0.0,1.0,0.0,0.0,1.0,0.0,2.0,8.0
0020000896,1610612747,LAL,Los Angeles,1731,Tyronn Lue,Tyronn,G,,31:41,3.0,5.0,0.6,0.0,1.0,0.0,0.0,0.0,0.0,0.0,2.0,2.0,2.0,0.0,0.0,1.0,3.0,6.0,-15.0
0020000896,1610612747,LAL,Los Angeles,109,Robert Horry,Robert,G,,19:15,1.0,4.0,0.25,0.0,2.0,0.0,0.0,0.0,0.0,0.0,3.0,3.0,2.0,2.0,1.0,1.0,3.0,2.0,0.0
0020000896,1610612747,LAL,Los Angeles,1904,Devean George,Devean,F,,12:36,1.0,3.0,0.333,0.0,1.0,0.0,0.0,0.0,0.0,0.0,1.0,1.0,0.0,0.0,0.0,0.0,0.0,2.0,-6.0
0020000896,1610612747,LAL,Los Angeles,2058,Mark Madsen,Mark,,,2:15,0.0,0.0,0.0,0.0,0.0,0.0,0.0,0.0,0.0,0.0,0.0,0.0,0.0,0.0,0.0,0.0,1.0,0.0,-2.0
0020000896,1610612747,LAL,Los Angeles,1219,,,, ,,,,,,,,,,,,,,,,,,,,
0020000896,1610612747,LAL,Los Angeles,1221,,,, ,,,,,,,,,,,,,,,,,,,,
0020000896,1610612747,LAL,Los Angeles,1223,,,, ,,,,,,,,,,,,,,,,,,,,
0020000896,1610612747,LAL,Los Angeles,1230,,,, ,,,,,,,,,,,,,,,,,,,,
0020000896,1610612747,LAL,Los Angeles,1270,,,, ,,,,,,,,,,,,,,,,,,,,
0020000896,1610612747,LAL,Los Angeles,1273,,,, ,,,,,,,,,,,,,,,,,,,,
0020000896,1610612747,LAL,Los Angeles,323,Greg Foster,Greg,,DNP - Coach's Decision,,,,,,,,,,,,,,,,,,,,
0020000896,1610612747,LAL,Los Angeles,375,Isaiah Rider,Isaiah,,NWT - League Suspension.,,,,,,,,,,,,,,,,,,,,
0020000888,1610612764,WAS,Washington,782,Mitch Richmond,Mitch,G,,26:44,1.0,13.0,0.077,1.0,5.0,0.2,4.0,4.0,1.0,0.0,4.0,4.0,7.0,0.0,0.0,2.0,2.0,7.0,-10.0
0020000888,1610612764,WAS,Washington,63,Michael Smith,Michael,F,,28:22,3.0,5.0,0.6,0.0,0.0,0.0,3.0,6.0,0.5,4.0,8.0,12.0,2.0,1.0,0.0,1.0,2.0,9.0,-16.0
0020000888,1610612764,WAS,Washington,1751,Jahidi White,Jahidi,C,,16:28,2.0,6.0,0.333,0.0,0.0,0.0,1.0,3.0,0.333,2.0,4.0,6.0,0.0,0.0,0.0,2.0,4.0,5.0,-19.0
0020000888,1610612764,WAS,Washington,93,Hubert Davis,Hubert,G,,30:16,3.0,6.0,0.5,1.0,1.0,1.0,3.0,4.0,0.75,2.0,0.0,2.0,3.0,0.0,0.0,0.0,1.0,10.0,-15.0
0020000888,1610612764,WAS,Washington,1888,Richard Hamilton,Richard,G,,23:56,5.0,15.0,0.333,2.0,5.0,0.4,0.0,0.0,0.0,0.0,5.0,5.0,1.0,0.0,1.0,2.0,3.0,12.0,-13.0
0020000888,1610612764,WAS,Washington,2042,Courtney Alexander,Courtney,G,,30:37,2.0,11.0,0.182,0.0,0.0,0.0,1.0,2.0,0.5,2.0,0.0,2.0,2.0,1.0,0.0,4.0,1.0,5.0,-23.0
0020000888,1610612764,WAS,Washington,363,Christian Laettner,Christian,F,,21:30,2.0,7.0,0.286,0.0,0.0,0.0,7.0,8.0,0.875,2.0,3.0,5.0,2.0,1.0,2.0,2.0,4.0,11.0,-6.0
0020000888,1610612764,WAS,Washington,2065,Mike Smith,Mike,F,,18:24,1.0,9.0,0.111,0.0,3.0,0.0,1.0,2.0,0.5,2.0,0.0,2.0,0.0,1.0,1.0,0.0,0.0,3.0,-14.0
0020000888,1610612764,WAS,Washington,461,Popeye Jones,Popeye,C,,20:53,4.0,8.0,0.5,0.0,0.0,0.0,0.0,0.0,0.0,1.0,6.0,7.0,0.0,1.0,0.0,0.0,3.0,8.0,-15.0
0020000888,1610612764,WAS,Washington,2128,David Vanterpool,David,G,,14:04,1.0,2.0,0.5,0.0,0.0,0.0,0.0,0.0,0.0,1.0,1.0,2.0,0.0,2.0,0.0,1.0,1.0,2.0,-14.0
0020000888,1610612764,WAS,Washington,1919,Laron Profit,Laron,,,8:46,0.0,3.0,0.0,0.0,0.0,0.0,0.0,0.0,0.0,0.0,0.0,0.0,1.0,1.0,0.0,0.0,2.0,0.0,-15.0
0020000888,1610612764,WAS,Washington,2171,,,, ,,,,,,,,,,,,,,,,,,,,
0020000888,1610612764,WAS,Washington,1245,,,, ,,,,,,,,,,,,,,,,,,,,
0020000888,1610612764,WAS,Washington,1251,,,, ,,,,,,,,,,,,,,,,,,,,
0020000888,1610612764,WAS,Washington,1271,,,, ,,,,,,,,,,,,,,,,,,,,
0020000888,1610612764,WAS,Washington,1340,,,, ,,,,,,,,,,,,,,,,,,,,
0020000888,1610612764,WAS,Washington,1360,,,, ,,,,,,,,,,,,,,,,,,,,
0020000888,1610612764,WAS,Washington,2093,,,, ,,,,,,,,,,,,,,,,,,,,
0020000888,1610612764,WAS,Washington,2095,,,, ,,,,,,,,,,,,,,,,,,,,
0020000888,1610612764,WAS,Washington,919,Loy Vaught,Loy,,DNP - Coach's Decision,,,,,,,,,,,,,,,,,,,,
0020000888,1610612738,BOS,Boston,952,Antoine Walker,Antoine,F,,37:60,10.0,24.0,0.417,3.0,10.0,0.3,1.0,2.0,0.5,4.0,5.0,9.0,8.0,3.0,1.0,6.0,2.0,24.0,34.0
0020000888,1610612738,BOS,Boston,1718,Paul Pierce,Paul,F,,36:32,6.0,11.0,0.545,2.0,5.0,0.4,7.0,10.0,0.7,0.0,12.0,12.0,7.0,2.0,3.0,0.0,1.0,21.0,23.0
0020000888,1610612738,BOS,Boston,1548,Mark Blount,Mark,C,,16:14,2.0,5.0,0.4,0.0,0.0,0.0,0.0,0.0,0.0,0.0,1.0,1.0,2.0,1.0,2.0,0.0,5.0,4.0,18.0
0020000888,1610612738,BOS,Boston,753,Randy Brown,Randy,G,,24:03,2.0,5.0,0.4,0.0,0.0,0.0,0.0,0.0,0.0,0.0,2.0,2.0,5.0,0.0,0.0,0.0,2.0,4.0,15.0
0020000888,1610612738,BOS,Boston,179,Bryant Stith,Bryant,G,,33:10,4.0,7.0,0.571,3.0,3.0,1.0,0.0,0.0,0.0,0.0,3.0,3.0,3.0,1.0,1.0,1.0,4.0,11.0,28.0
0020000888,1610612738,BOS,Boston,958,Vitaly Potapenko,Vitaly,C,,19:46,4.0,7.0,0.571,0.0,0.0,0.0,3.0,4.0,0.75,3.0,6.0,9.0,0.0,0.0,0.0,0.0,3.0,11.0,2.0
0020000888,1610612738,BOS,Boston,1960,Milt Palacio,Milt,G,,17:46,4.0,8.0,0.5,0.0,2.0,0.0,2.0,2.0,1.0,1.0,2.0,3.0,0.0,0.0,0.0,1.0,1.0,10.0,11.0
0020000888,1610612738,BOS,Boston,677,Eric Williams,Eric,F,,14:40,1.0,4.0,0.25,1.0,2.0,0.5,0.0,0.0,0.0,0.0,0.0,0.0,1.0,0.0,0.0,1.0,3.0,3.0,1.0
0020000888,1610612738,BOS,Boston,962,Walter McCarty,Walter,F,,19:13,2.0,6.0,0.333,0.0,0.0,0.0,2.0,2.0,1.0,0.0,4.0,4.0,1.0,0.0,1.0,0.0,4.0,6.0,12.0
0020000888,1610612738,BOS,Boston,713,Chris Carr,Chris,,,10:25,1.0,3.0,0.333,0.0,1.0,0.0,3.0,4.0,0.75,0.0,3.0,3.0,1.0,0.0,0.0,1.0,0.0,5.0,8.0
0020000888,1610612738,BOS,Boston,1914,Chris Herren,Chris,,,6:11,1.0,1.0,1.0,1.0,1.0,1.0,0.0,0.0,0.0,0.0,0.0,0.0,0.0,0.0,0.0,1.0,0.0,3.0,6.0
0020000888,1610612738,BOS,Boston,1559,Adrian Griffin,Adrian,,,4:00,1.0,2.0,0.5,0.0,0.0,0.0,0.0,0.0,0.0,0.0,1.0,1.0,1.0,0.0,0.0,0.0,0.0,2.0,2.0
0020000888,1610612738,BOS,Boston,1639,,,, ,,,,,,,,,,,,,,,,,,,,
0020000888,1610612738,BOS,Boston,1641,,,, ,,,,,,,,,,,,,,,,,,,,
0020000888,1610612738,BOS,Boston,1213,,,, ,,,,,,,,,,,,,,,,,,,,
0020000888,1610612738,BOS,Boston,1875,,,, ,,,,,,,,,,,,,,,,,,,,
0020000894,1610612744,GSW,Golden State,1712,Antawn Jamison,Antawn,F,,35:29,6.0,15.0,0.4,1.0,3.0,0.333,3.0,5.0,0.6,6.0,6.0,12.0,0.0,1.0,0.0,3.0,1.0,16.0,-29.0
0020000894,1610612744,GSW,Golden State,1531,Marc Jackson,Marc,F,,32:54,4.0,18.0,0.222,0.0,1.0,0.0,7.0,9.0,0.778,3.0,9.0,12.0,1.0,0.0,0.0,2.0,5.0,15.0,-19.0
0020000894,1610612744,GSW,Golden State,1502,Adonal Foyle,Adonal,G,,26:40,2.0,5.0,0.4,0.0,0.0,0.0,0.0,2.0,0.0,0.0,7.0,7.0,0.0,0.0,5.0,3.0,4.0,4.0,-12.0
0020000894,1610612744,GSW,Golden State,682,Bob Sura,Bob,G,,28:10,2.0,4.0,0.5,0.0,1.0,0.0,7.0,10.0,0.7,2.0,2.0,4.0,1.0,0.0,0.0,4.0,3.0,11.0,-30.0
0020000894,1610612744,GSW,Golden State,302,Mookie Blaylock,Mookie,G,,33:58,4.0,11.0,0.364,0.0,2.0,0.0,1.0,2.0,0.5,1.0,1.0,2.0,4.0,2.0,0.0,3.0,3.0,9.0,-10.0
0020000894,1610612744,GSW,Golden State,2084,Chris Porter,Chris,,,7:56,2.0,3.0,0.667,0.0,0.0,0.0,2.0,2.0,1.0,0.0,0.0,0.0,0.0,0.0,0.0,1.0,1.0,6.0,-8.0
0020000894,1610612744,GSW,Golden State,956,Erick Dampier,Erick,G,,14:54,1.0,8.0,0.125,0.0,0.0,0.0,1.0,2.0,0.5,3.0,2.0,5.0,0.0,1.0,3.0,2.0,2.0,3.0,-8.0
0020000894,1610612744,GSW,Golden State,1907,Vonteego Cummings,Vonteego,F,,14:47,0.0,3.0,0.0,0.0,1.0,0.0,0.0,0.0,0.0,0.0,0.0,0.0,4.0,2.0,0.0,1.0,5.0,0.0,-21.0
0020000894,1610612744,GSW,Golden State,916,Corie Blount,Corie,G,,26:27,4.0,8.0,0.5,0.0,1.0,0.0,0.0,0.0,0.0,3.0,6.0,9.0,2.0,2.0,0.0,0.0,2.0,8.0,-13.0
0020000894,1610612744,GSW,Golden State,2101,Paul McPherson,Paul,C,,15:36,0.0,4.0,0.0,0.0,1.0,0.0,1.0,2.0,0.5,1.0,0.0,1.0,2.0,0.0,0.0,3.0,1.0,1.0,7.0
0020000894,1610612744,GSW,Golden State,228,Adam Keefe,Adam,,,3:10,0.0,0.0,0.0,0.0,0.0,0.0,0.0,0.0,0.0,0.0,1.0,1.0,0.0,0.0,0.0,1.0,0.0,0.0,-2.0
0020000894,1610612744,GSW,Golden State,1637,,,, ,,,,,,,,,,,,,,,,,,,,
0020000894,1610612744,GSW,Golden State,1373,,,, ,,,,,,,,,,,,,,,,,,,,
0020000894,1610612744,GSW,Golden State,1252,,,, ,,,,,,,,,,,,,,,,,,,,
0020000894,1610612744,GSW,Golden State,1323,,,, ,,,,,,,,,,,,,,,,,,,,
0020000894,1610612744,GSW,Golden State,1350,,,, ,,,,,,,,,,,,,,,,,,,,
0020000894,1610612744,GSW,Golden State,1217,,,, ,,,,,,,,,,,,,,,,,,,,
0020000894,1610612744,GSW,Golden State,500093,,,, ,,,,,,,,,,,,,,,,,,,,
0020000894,1610612744,GSW,Golden State,1716,Larry Hughes,Larry,,NWT - Strained Left Shoulder,,,,,,,,,,,,,,,,,,,,
0020000894,1610612742,DAL,Dallas,436,Juwan Howard,Juwan,G,,34:58,7.0,16.0,0.438,0.0,0.0,0.0,1.0,2.0,0.5,4.0,5.0,9.0,2.0,1.0,1.0,0.0,3.0,15.0,34.0
0020000894,1610612742,DAL,Dallas,1717,Dirk Nowitzki,Dirk,G,,35:54,9.0,16.0,0.563,0.0,3.0,0.0,14.0,17.0,0.824,1.0,7.0,8.0,1.0,3.0,0.0,1.0,2.0,32.0,24.0
0020000894,1610612742,DAL,Dallas,762,Shawn Bradley,Shawn,G,,37:18,5.0,12.0,0.417,0.0,0.0,0.0,2.0,2.0,1.0,6.0,14.0,20.0,2.0,1.0,5.0,1.0,4.0,12.0,31.0
0020000894,1610612742,DAL,Dallas,714,Michael Finley,Michael,G,,37:35,5.0,13.0,0.385,0.0,1.0,0.0,2.0,2.0,1.0,3.0,3.0,6.0,7.0,0.0,0.0,3.0,1.0,12.0,20.0
0020000894,1610612742,DAL,Dallas,959,Steve Nash,Steve,G,,26:52,5.0,11.0,0.455,1.0,4.0,0.25,1.0,1.0,1.0,0.0,1.0,1.0,7.0,3.0,0.0,1.0,4.0,12.0,22.0
0020000894,1610612742,DAL,Dallas,137,Vernon Maxwell,Vernon,F,,18:23,3.0,7.0,0.429,1.0,2.0,0.5,0.0,0.0,0.0,0.0,1.0,1.0,2.0,2.0,1.0,2.0,1.0,7.0,12.0
0020000894,1610612742,DAL,Dallas,458,Howard Eisley,Howard,G,,22:23,2.0,7.0,0.286,0.0,3.0,0.0,0.0,0.0,0.0,0.0,3.0,3.0,3.0,0.0,0.0,2.0,5.0,4.0,1.0
0020000894,1610612742,DAL,Dallas,718,Gary Trent,Gary,,,10:12,1.0,4.0,0.25,0.0,0.0,0.0,3.0,4.0,0.75,3.0,1.0,4.0,0.0,0.0,0.0,0.0,1.0,5.0,-3.0
0020000894,1610612742,DAL,Dallas,2059,Eduardo Najera,Eduardo,F,,9:02,0.0,2.0,0.0,0.0,0.0,0.0,1.0,4.0,0.25,1.0,1.0,2.0,1.0,1.0,0.0,0.0,0.0,1.0,-2.0
0020000894,1610612742,DAL,Dallas,2051,Donnell Harvey,Donnell,,,4:15,0.0,2.0,0.0,0.0,0.0,0.0,0.0,0.0,0.0,0.0,1.0,1.0,1.0,0.0,0.0,1.0,0.0,0.0,4.0
0020000894,1610612742,DAL,Dallas,95,Mark Bryant,Mark,,,3:10,1.0,1.0,1.0,0.0,0.0,0.0,0.0,0.0,0.0,0.0,0.0,0.0,0.0,0.0,0.0,0.0,0.0,2.0,2.0
0020000894,1610612742,DAL,Dallas,1269,,,, ,,,,,,,,,,,,,,,,,,,,
0020000894,1610612742,DAL,Dallas,1317,,,, ,,,,,,,,,,,,,,,,,,,,
0020000894,1610612742,DAL,Dallas,1233,,,, ,,,,,,,,,,,,,,,,,,,,
0020000894,1610612742,DAL,Dallas,1370,,,, ,,,,,,,,,,,,,,,,,,,,
0020000894,1610612742,DAL,Dallas,1483,,,, ,,,,,,,,,,,,,,,,,,,,
0020000894,1610612742,DAL,Dallas,1643,,,, ,,,,,,,,,,,,,,,,,,,,
0020000894,1610612742,DAL,Dallas,2154,,,, ,,,,,,,,,,,,,,,,,,,,
0020000894,1610612742,DAL,Dallas,1782,,,, ,,,,,,,,,,,,,,,,,,,,
0020000894,1610612742,DAL,Dallas,1761,Greg Buckner,Greg,,DND - Sprained Left Foot,,,,,,,,,,,,,,,,,,,,
0020000898,1610612761,TOR,Toronto,891,Charles Oakley,Charles,F,,45:02,5.0,10.0,0.5,1.0,1.0,1.0,7.0,7.0,1.0,4.0,8.0,12.0,7.0,1.0,0.0,1.0,3.0,18.0,23.0
0020000898,1610612761,TOR,Toronto,2050,Morris Peterson,Morris,G,,26:51,3.0,12.0,0.25,1.0,3.0,0.333,2.0,2.0,1.0,2.0,1.0,3.0,1.0,0.0,0.0,0.0,0.0,9.0,9.0
0020000898,1610612761,TOR,Toronto,213,Antonio Davis,Antonio,C,,23:17,4.0,10.0,0.4,0.0,0.0,0.0,0.0,0.0,0.0,4.0,3.0,7.0,0.0,0.0,0.0,2.0,4.0,8.0,-8.0
0020000898,1610612761,TOR,Toronto,1713,Vince Carter,Vince,G,,46:07,14.0,24.0,0.583,2.0,5.0,0.4,2.0,2.0,1.0,1.0,3.0,4.0,1.0,2.0,0.0,6.0,3.0,32.0,18.0
0020000898,1610612761,TOR,Toronto,1541,Alvin Williams,Alvin,G,,43:47,4.0,11.0,0.364,1.0,2.0,0.5,4.0,6.0,0.667,1.0,3.0,4.0,8.0,1.0,0.0,0.0,3.0,13.0,18.0
0020000898,1610612761,TOR,Toronto,1721,Keon Clark,Keon,F,,27:41,7.0,9.0,0.778,0.0,0.0,0.0,6.0,7.0,0.857,1.0,7.0,8.0,2.0,0.0,4.0,0.0,5.0,20.0,7.0
0020000898,1610612761,TOR,Toronto,164,Chris Childs,Chris,G,,17:23,1.0,2.0,0.5,1.0,1.0,1.0,2.0,2.0,1.0,0.0,2.0,2.0,4.0,1.0,0.0,2.0,1.0,5.0,-2.0
0020000898,1610612761,TOR,Toronto,145,Tracy Murray,Tracy,,,3:58,0.0,2.0,0.0,0.0,2.0,0.0,0.0,0.0,0.0,0.0,1.0,1.0,1.0,1.0,0.0,1.0,0.0,0.0,-11.0
0020000898,1610612761,TOR,Toronto,209,Dell Curry,Dell,,,5:54,2.0,2.0,1.0,1.0,1.0,1.0,0.0,0.0,0.0,0.0,1.0,1.0,1.0,0.0,0.0,1.0,0.0,5.0,1.0
0020000898,1610612761,TOR,Toronto,1205,,,, ,,,,,,,,,,,,,,,,,,,,
0020000898,1610612761,TOR,Toronto,1244,,,, ,,,,,,,,,,,,,,,,,,,,
0020000898,1610612761,TOR,Toronto,1266,,,, ,,,,,,,,,,,,,,,,,,,,
0020000898,1610612761,TOR,Toronto,883,,,, ,,,,,,,,,,,,,,,,,,,,
0020000898,1610612761,TOR,Toronto,1368,,,, ,,,,,,,,,,,,,,,,,,,,
0020000898,1610612761,TOR,Toronto,2162,,,, ,,,,,,,,,,,,,,,,,,,,
0020000898,1610612761,TOR,Toronto,1344,,,, ,,,,,,,,,,,,,,,,,,,,
0020000898,1610612761,TOR,Toronto,376,Eric Montross,Eric,,DNP - Coach's Decision,,,,,,,,,,,,,,,,,,,,
0020000898,1610612761,TOR,Toronto,1565,Michael Stewart,Michael,,DNP - Coach's Decision,,,,,,,,,,,,,,,,,,,,
0020000898,1610612761,TOR,Toronto,966,Jerome Williams,Jerome,,DNP - Coach's Decision,,,,,,,,,,,,,,,,,,,,
0020000898,1610612760,SEA,Seattle,1740,Rashard Lewis,Rashard,F,,32:44,3.0,9.0,0.333,0.0,2.0,0.0,0.0,0.0,0.0,1.0,3.0,4.0,1.0,1.0,0.0,1.0,3.0,6.0,-21.0
0020000898,1610612760,SEA,Seattle,1741,Jelani McCoy,Jelani,F,,8:39,0.0,0.0,0.0,0.0,0.0,0.0,1.0,2.0,0.5,1.0,1.0,2.0,0.0,0.0,1.0,0.0,0.0,1.0,-5.0
0020000898,1610612760,SEA,Seattle,121,Patrick Ewing,Patrick,G,,22:46,5.0,10.0,0.5,0.0,0.0,0.0,2.0,3.0,0.667,1.0,2.0,3.0,2.0,1.0,1.0,1.0,3.0,12.0,-11.0
0020000898,1610612760,SEA,Seattle,2046,Desmond Mason,Desmond,G,,34:44,2.0,5.0,0.4,2.0,3.0,0.667,0.0,0.0,0.0,0.0,5.0,5.0,0.0,0.0,0.0,0.0,4.0,6.0,-2.0
0020000898,1610612760,SEA,Seattle,56,Gary Payton,Gary,G,,41:13,8.0,20.0,0.4,0.0,3.0,0.0,3.0,4.0,0.75,1.0,0.0,1.0,6.0,0.0,0.0,6.0,5.0,19.0,-19.0
0020000898,1610612760,SEA,Seattle,452,Vin Baker,Vin,F,,29:41,8.0,13.0,0.615,0.0,0.0,0.0,8.0,10.0,0.8,2.0,5.0,7.0,3.0,1.0,0.0,1.0,5.0,24.0,-4.0
0020000898,1610612760,SEA,Seattle,1023,Emanual Davis,Emanual,G,,16:21,0.0,2.0,0.0,0.0,1.0,0.0,0.0,0.0,0.0,0.0,1.0,1.0,2.0,1.0,0.0,0.0,0.0,0.0,8.0
0020000898,1610612760,SEA,Seattle,1739,Ruben Patterson,Ruben,F,,33:25,6.0,13.0,0.462,0.0,0.0,0.0,5.0,6.0,0.833,5.0,4.0,9.0,2.0,2.0,2.0,3.0,1.0,17.0,3.0
0020000898,1610612760,SEA,Seattle,1742,Shammond Williams,Shammond,G,,20:27,5.0,10.0,0.5,3.0,4.0,0.75,1.0,1.0,1.0,0.0,3.0,3.0,3.0,0.0,0.0,1.0,3.0,14.0,-4.0
0020000898,1610612760,SEA,Seattle,1778,,,, ,,,,,,,,,,,,,,,,,,,,
0020000898,1610612760,SEA,Seattle,1349,,,, ,,,,,,,,,,,,,,,,,,,,
0020000898,1610612760,SEA,Seattle,1335,,,, ,,,,,,,,,,,,,,,,,,,,
0020000898,1610612760,SEA,Seattle,1338,,,, ,,,,,,,,,,,,,,,,,,,,
0020000898,1610612760,SEA,Seattle,699,Brent Barry,Brent,,DNP - Coach's Decision,,,,,,,,,,,,,,,,,,,,
0020000898,1610612760,SEA,Seattle,2071,Olumide Oyedeji,Olumide,,DNP - Coach's Decision,,,,,,,,,,,,,,,,,,,,
0020000898,1610612760,SEA,Seattle,2106,Ruben Wolkowyski,Ruben,,DNP - Coach's Decision,,,,,,,,,,,,,,,,,,,,
0020000903,1610612741,CHI,Chicago,1897,Metta World Peace,Metta,G,,43:32,7.0,18.0,0.389,2.0,4.0,0.5,4.0,4.0,1.0,3.0,6.0,9.0,6.0,0.0,2.0,3.0,4.0,20.0,5.0
0020000903,1610612741,CHI,Chicago,1882,Elton Brand,Elton,F,,37:33,9.0,21.0,0.429,0.0,0.0,0.0,2.0,6.0,0.333,3.0,4.0,7.0,4.0,1.0,0.0,3.0,3.0,20.0,-1.0
0020000903,1610612741,CHI,Chicago,1913,Michael Ruffin,Michael,F,,38:28,3.0,5.0,0.6,0.0,0.0,0.0,1.0,2.0,0.5,3.0,9.0,12.0,0.0,2.0,3.0,1.0,1.0,7.0,-9.0
0020000903,1610612741,CHI,Chicago,1724,Bryce Drew,Bryce,G,,33:52,3.0,5.0,0.6,1.0,3.0,0.333,0.0,0.0,0.0,0.0,3.0,3.0,3.0,2.0,0.0,3.0,0.0,7.0,1.0
0020000903,1610612741,CHI,Chicago,697,Fred Hoiberg,Fred,G,,43:21,6.0,15.0,0.4,2.0,5.0,0.4,1.0,1.0,1.0,0.0,7.0,7.0,4.0,3.0,1.0,1.0,4.0,15.0,1.0
0020000903,1610612741,CHI,Chicago,1736,Corey Benjamin,Corey,C,,9:07,1.0,2.0,0.5,0.0,1.0,0.0,0.0,0.0,0.0,0.0,1.0,1.0,0.0,0.0,1.0,1.0,1.0,2.0,-12.0
0020000903,1610612741,CHI,Chicago,2037,Jamal Crawford,Jamal,F,,14:08,2.0,2.0,1.0,2.0,2.0,1.0,0.0,0.0,0.0,0.0,0.0,0.0,2.0,1.0,0.0,2.0,0.0,6.0,-4.0
0020000903,1610612741,CHI,Chicago,2033,Marcus Fizer,Marcus,G,,8:55,1.0,5.0,0.2,0.0,0.0,0.0,3.0,4.0,0.75,1.0,1.0,2.0,1.0,0.0,0.0,1.0,2.0,5.0,4.0
0020000903,1610612741,CHI,Chicago,1802,Brad Miller,Brad,G,,11:04,3.0,7.0,0.429,0.0,0.0,0.0,2.0,3.0,0.667,4.0,3.0,7.0,0.0,0.0,0.0,2.0,2.0,8.0,0.0
0020000903,1610612741,CHI,Chicago,1220,,,, ,,,,,,,,,,,,,,,,,,,,
0020000903,1610612741,CHI,Chicago,1254,,,, ,,,,,,,,,,,,,,,,,,,,
0020000903,1610612741,CHI,Chicago,1346,,,, ,,,,,,,,,,,,,,,,,,,,
0020000903,1610612741,CHI,Chicago,1779,,,, ,,,,,,,,,,,,,,,,,,,,
0020000903,1610612741,CHI,Chicago,1780,,,, ,,,,,,,,,,,,,,,,,,,,
0020000903,1610612741,CHI,Chicago,2153,,,, ,,,,,,,,,,,,,,,,,,,,
0020000903,1610612741,CHI,Chicago,2053,Dalibor Bagaric,Dalibor,,DNP - Coach's Decision,,,,,,,,,,,,,,,,,,,,
0020000903,1610612741,CHI,Chicago,2062,A.J. Guyton,A.J.,,DNP - Coach's Decision,,,,,,,,,,,,,,,,,,,,
0020000903,1610612741,CHI,Chicago,1500,Ron Mercer,Ron,,DND - Sprained left ankle,,,,,,,,,,,,,,,,,,,,
0020000903,1610612737,ATL,Atlanta,1544,Chris Crawford,Chris,F,,28:38,5.0,8.0,0.625,1.0,1.0,1.0,2.0,4.0,0.5,0.0,4.0,4.0,2.0,1.0,1.0,4.0,2.0,13.0,-4.0
0020000903,1610612737,ATL,Atlanta,389,Toni Kukoc,Toni,F,,39:59,6.0,16.0,0.375,3.0,8.0,0.375,1.0,1.0,1.0,2.0,5.0,7.0,2.0,1.0,0.0,4.0,2.0,16.0,7.0
0020000903,1610612737,ATL,Atlanta,1737,Nazr Mohammed,Nazr,G,,21:04,3.0,8.0,0.375,0.0,0.0,0.0,0.0,0.0,0.0,0.0,2.0,2.0,0.0,1.0,1.0,1.0,3.0,6.0,-8.0
0020000903,1610612737,ATL,Atlanta,1510,Brevin Knight,Brevin,G,,34:28,3.0,5.0,0.6,0.0,0.0,0.0,0.0,0.0,0.0,0.0,5.0,5.0,5.0,2.0,0.0,3.0,0.0,6.0,12.0
0020000903,1610612737,ATL,Atlanta,1891,Jason Terry,Jason,G,,38:40,8.0,22.0,0.364,3.0,6.0,0.5,0.0,0.0,0.0,1.0,5.0,6.0,8.0,0.0,0.0,2.0,0.0,19.0,-7.0
0020000903,1610612737,ATL,Atlanta,1901,Dion Glover,Dion,G,,30:13,6.0,13.0,0.462,1.0,1.0,1.0,4.0,5.0,0.8,4.0,4.0,8.0,0.0,4.0,0.0,0.0,3.0,17.0,5.0
0020000903,1610612737,ATL,Atlanta,673,Alan Henderson,Alan,G,,29:39,3.0,8.0,0.375,0.0,0.0,0.0,6.0,8.0,0.75,7.0,4.0,11.0,0.0,1.0,1.0,0.0,3.0,12.0,11.0
0020000903,1610612737,ATL,Atlanta,2035,DerMarr Johnson,DerMarr,F,,12:01,1.0,3.0,0.333,0.0,1.0,0.0,0.0,2.0,0.0,0.0,0.0,0.0,0.0,0.0,0.0,1.0,0.0,2.0,3.0
0020000903,1610612737,ATL,Atlanta,2069,Hanno Mottola,Hanno,F,,5:18,1.0,3.0,0.333,0.0,0.0,0.0,0.0,0.0,0.0,1.0,1.0,2.0,0.0,0.0,0.0,0.0,1.0,2.0,-4.0
0020000903,1610612737,ATL,Atlanta,2094,,,, ,,,,,,,,,,,,,,,,,,,,
0020000903,1610612737,ATL,Atlanta,2150,,,, ,,,,,,,,,,,,,,,,,,,,
0020000903,1610612737,ATL,Atlanta,2151,,,, ,,,,,,,,,,,,,,,,,,,,
0020000903,1610612737,ATL,Atlanta,1774,,,, ,,,,,,,,,,,,,,,,,,,,
0020000903,1610612737,ATL,Atlanta,1260,,,, ,,,,,,,,,,,,,,,,,,,,
0020000903,1610612737,ATL,Atlanta,1898,Cal Bowdler,Cal,,DNP - Coach's Decision,,,,,,,,,,,,,,,,,,,,
0020000903,1610612737,ATL,Atlanta,2143,Pepe Sanchez,Pepe,,DNP - Coach's Decision,,,,,,,,,,,,,,,,,,,,
0020000903,1610612737,ATL,Atlanta,953,Lorenzen Wright,Lorenzen,,DND - Sprained Rt Thumb - Injured List,,,,,,,,,,,,,,,,,,,,
