GAME_ID,TEAM_ID,TEAM_ABBREVIATION,TEAM_CITY,PLAYER_ID,PLAYER_NAME,NICKNAME,START_POSITION,COMMENT,MIN,FGM,FGA,FG_PCT,FG3M,FG3A,FG3_PCT,FTM,FTA,FT_PCT,OREB,DREB,REB,AST,STL,BLK,TO,PF,PTS,PLUS_MINUS
0041700113,1610612738,BOS,Boston,1628369,Jayson Tatum,Jayson,F,,27:27,5.0,11.0,0.455,1.0,3.0,0.333,3.0,5.0,0.6,1.0,4.0,5.0,0.0,0.0,1.0,0.0,0.0,14.0,-17.0
0041700113,1610612738,BOS,Boston,201143,Al Horford,Al,F,,24:29,7.0,13.0,0.538,1.0,2.0,0.5,1.0,1.0,1.0,1.0,2.0,3.0,1.0,0.0,0.0,2.0,2.0,16.0,-12.0
0041700113,1610612738,BOS,Boston,203382,Aron Baynes,Aron,C,,29:53,3.0,3.0,1.0,2.0,2.0,1.0,0.0,0.0,0.0,3.0,5.0,8.0,1.0,0.0,0.0,0.0,2.0,8.0,-8.0
0041700113,1610612738,BOS,Boston,1627759,Jaylen Brown,Jaylen,G,,29:05,4.0,9.0,0.444,1.0,3.0,0.333,2.0,2.0,1.0,1.0,3.0,4.0,1.0,0.0,0.0,0.0,2.0,11.0,-11.0
0041700113,1610612738,BOS,Boston,1626179,Terry Rozier,Terry,G,,31:11,2.0,7.0,0.286,1.0,5.0,0.2,4.0,5.0,0.8,0.0,2.0,2.0,9.0,2.0,0.0,5.0,1.0,9.0,-10.0
0041700113,1610612738,BOS,Boston,202328,Greg Monroe,Greg,,,23:10,4.0,12.0,0.333,0.0,0.0,0.0,7.0,10.0,0.7,7.0,5.0,12.0,2.0,0.0,0.0,5.0,0.0,15.0,-12.0
0041700113,1610612738,BOS,Boston,202694,Marcus Morris Sr.,Marcus,,,24:38,2.0,8.0,0.25,1.0,1.0,1.0,2.0,2.0,1.0,0.0,5.0,5.0,0.0,0.0,0.0,4.0,3.0,7.0,-20.0
0041700113,1610612738,BOS,Boston,1628400,Semi Ojeleye,Semi,,,12:51,1.0,4.0,0.25,1.0,3.0,0.333,0.0,0.0,0.0,1.0,1.0,2.0,0.0,0.0,0.0,0.0,1.0,3.0,-6.0
0041700113,1610612738,BOS,Boston,203499,Shane Larkin,Shane,,,18:39,1.0,5.0,0.2,0.0,3.0,0.0,0.0,0.0,0.0,0.0,0.0,0.0,0.0,0.0,0.0,0.0,3.0,2.0,-19.0
0041700113,1610612738,BOS,Boston,1627846,Abdel Nader,Abdel,,,12:00,2.0,6.0,0.333,0.0,2.0,0.0,0.0,0.0,0.0,1.0,1.0,2.0,2.0,1.0,0.0,0.0,1.0,4.0,-6.0
0041700113,1610612738,BOS,Boston,1627824,Guerschon Yabusele,Guerschon,,,6:37,1.0,2.0,0.5,0.0,0.0,0.0,1.0,3.0,0.333,2.0,0.0,2.0,1.0,0.0,0.0,0.0,0.0,3.0,1.0
0041700113,1610612738,BOS,Boston,203935,Marcus Smart,Marcus,,DND - Injury/Illness,,,,,,,,,,,,,,,,,,,,
0041700113,1610612749,MIL,Milwaukee,203114,Khris Middleton,Khris,F,,32:58,10.0,17.0,0.588,3.0,6.0,0.5,0.0,1.0,0.0,0.0,8.0,8.0,7.0,1.0,1.0,1.0,3.0,23.0,17.0
0041700113,1610612749,MIL,Milwaukee,203507,Giannis Antetokounmpo,Giannis,F,,27:21,8.0,13.0,0.615,3.0,4.0,0.75,0.0,0.0,0.0,0.0,5.0,5.0,6.0,2.0,2.0,2.0,5.0,19.0,16.0
0041700113,1610612749,MIL,Milwaukee,203092,Tyler Zeller,Tyler,C,,18:50,1.0,1.0,1.0,0.0,0.0,0.0,0.0,0.0,0.0,0.0,2.0,2.0,1.0,1.0,1.0,0.0,3.0,2.0,2.0
0041700113,1610612749,MIL,Milwaukee,1627763,Malcolm Brogdon,Malcolm,G,,28:34,2.0,8.0,0.25,1.0,4.0,0.25,0.0,0.0,0.0,1.0,2.0,3.0,3.0,0.0,0.0,2.0,3.0,5.0,8.0
0041700113,1610612749,MIL,Milwaukee,202339,Eric Bledsoe,Eric,G,,26:59,8.0,13.0,0.615,0.0,3.0,0.0,1.0,1.0,1.0,1.0,3.0,4.0,4.0,0.0,1.0,1.0,3.0,17.0,13.0
0041700113,1610612749,MIL,Milwaukee,203521,Matthew Dellavedova,Matthew,,,16:05,2.0,2.0,1.0,1.0,1.0,1.0,0.0,0.0,0.0,0.0,1.0,1.0,4.0,0.0,0.0,1.0,2.0,5.0,12.0
0041700113,1610612749,MIL,Milwaukee,203953,Jabari Parker,Jabari,,,30:13,7.0,12.0,0.583,1.0,4.0,0.25,2.0,4.0,0.5,2.0,3.0,5.0,2.0,1.0,1.0,1.0,4.0,17.0,17.0
0041700113,1610612749,MIL,Milwaukee,1627748,Thon Maker,Thon,,,24:19,3.0,5.0,0.6,3.0,4.0,0.75,5.0,7.0,0.714,1.0,4.0,5.0,0.0,1.0,5.0,0.0,2.0,14.0,23.0
0041700113,1610612749,MIL,Milwaukee,203503,Tony Snell,Tony,,,22:21,2.0,3.0,0.667,2.0,3.0,0.667,0.0,0.0,0.0,1.0,2.0,3.0,1.0,1.0,1.0,0.0,0.0,6.0,17.0
0041700113,1610612749,MIL,Milwaukee,201943,Brandon Jennings,Brandon,,,4:56,0.0,2.0,0.0,0.0,2.0,0.0,2.0,2.0,1.0,0.0,0.0,0.0,0.0,0.0,0.0,1.0,0.0,2.0,-1.0
0041700113,1610612749,MIL,Milwaukee,203498,Shabazz Muhammad,Shabazz,,,3:42,1.0,2.0,0.5,1.0,1.0,1.0,0.0,0.0,0.0,0.0,0.0,0.0,0.0,0.0,0.0,0.0,0.0,3.0,-2.0
0041700113,1610612749,MIL,Milwaukee,1628425,Sterling Brown,Sterling,,,3:42,1.0,1.0,1.0,1.0,1.0,1.0,0.0,0.0,0.0,1.0,0.0,1.0,0.0,1.0,0.0,0.0,2.0,3.0,-2.0
0041700113,1610612749,MIL,Milwaukee,1891,Jason Terry,Jason,,DNP - Coach's Decision,,,,,,,,,,,,,,,,,,,,
0041700133,1610612739,CLE,Cleveland,2747,JR Smith,JR,F,,34:21,3.0,11.0,0.273,2.0,8.0,0.25,0.0,0.0,0.0,0.0,5.0,5.0,0.0,4.0,0.0,0.0,5.0,8.0,7.0
0041700133,1610612739,CLE,Cleveland,2544,LeBron James,LeBron,F,,41:41,10.0,22.0,0.455,4.0,7.0,0.571,4.0,6.0,0.667,3.0,9.0,12.0,8.0,1.0,1.0,6.0,1.0,28.0,-1.0
0041700133,1610612739,CLE,Cleveland,201567,Kevin Love,Kevin,C,,37:29,7.0,13.0,0.538,3.0,5.0,0.6,2.0,2.0,1.0,3.0,3.0,6.0,1.0,1.0,0.0,4.0,4.0,19.0,-2.0
0041700133,1610612739,CLE,Cleveland,2594,Kyle Korver,Kyle,G,,19:59,0.0,3.0,0.0,0.0,3.0,0.0,0.0,0.0,0.0,1.0,2.0,3.0,1.0,2.0,0.0,1.0,3.0,0.0,-6.0
0041700133,1610612739,CLE,Cleveland,201588,George Hill,George,G,,23:23,4.0,6.0,0.667,0.0,2.0,0.0,5.0,6.0,0.833,0.0,1.0,1.0,1.0,0.0,0.0,2.0,2.0,13.0,-3.0
0041700133,1610612739,CLE,Cleveland,1626204,Larry Nance Jr.,Larry,,,17:59,3.0,4.0,0.75,0.0,0.0,0.0,0.0,0.0,0.0,2.0,3.0,5.0,1.0,0.0,0.0,1.0,3.0,6.0,-2.0
0041700133,1610612739,CLE,Cleveland,203918,Rodney Hood,Rodney,,,28:20,4.0,8.0,0.5,0.0,3.0,0.0,0.0,0.0,0.0,0.0,0.0,0.0,3.0,2.0,0.0,1.0,1.0,8.0,-3.0
0041700133,1610612739,CLE,Cleveland,203903,Jordan Clarkson,Jordan,,,20:26,1.0,4.0,0.25,0.0,1.0,0.0,0.0,0.0,0.0,0.0,4.0,4.0,0.0,0.0,1.0,1.0,1.0,2.0,4.0
0041700133,1610612739,CLE,Cleveland,201145,Jeff Green,Jeff,,,16:18,2.0,6.0,0.333,1.0,3.0,0.333,1.0,2.0,0.5,0.0,0.0,0.0,2.0,1.0,1.0,0.0,3.0,6.0,-4.0
0041700133,1610612739,CLE,Cleveland,1626224,Cedi Osman,Cedi,,,0:04,0.0,0.0,0.0,0.0,0.0,0.0,0.0,0.0,0.0,0.0,0.0,0.0,0.0,0.0,0.0,0.0,0.0,0.0,0.0
0041700133,1610612739,CLE,Cleveland,101181,Jose Calderon,Jose,,DNP - Coach's Decision,,,,,,,,,,,,,,,,,,,,
0041700133,1610612739,CLE,Cleveland,202684,Tristan Thompson,Tristan,,DNP - Coach's Decision,,,,,,,,,,,,,,,,,,,,
0041700133,1610612739,CLE,Cleveland,1627790,Ante Zizic,Ante,,DNP - Coach's Decision,,,,,,,,,,,,,,,,,,,,
0041700133,1610612754,IND,Indiana,202711,Bojan Bogdanović,Bojan,F,,35:48,11.0,15.0,0.733,7.0,9.0,0.778,1.0,3.0,0.333,0.0,4.0,4.0,0.0,0.0,0.0,2.0,5.0,30.0,18.0
0041700133,1610612754,IND,Indiana,201152,Thaddeus Young,Thaddeus,F,,33:23,6.0,10.0,0.6,0.0,0.0,0.0,0.0,0.0,0.0,5.0,2.0,7.0,1.0,3.0,2.0,1.0,4.0,12.0,1.0
0041700133,1610612754,IND,Indiana,1626167,Myles Turner,Myles,C,,30:22,4.0,11.0,0.364,0.0,4.0,0.0,0.0,0.0,0.0,2.0,8.0,10.0,0.0,1.0,0.0,3.0,3.0,8.0,11.0
0041700133,1610612754,IND,Indiana,203506,Victor Oladipo,Victor,G,,38:58,5.0,15.0,0.333,1.0,8.0,0.125,7.0,8.0,0.875,0.0,6.0,6.0,7.0,3.0,0.0,5.0,0.0,18.0,-1.0
0041700133,1610612754,IND,Indiana,201954,Darren Collison,Darren,G,,29:40,1.0,7.0,0.143,0.0,2.0,0.0,1.0,2.0,0.5,0.0,2.0,2.0,3.0,1.0,0.0,2.0,2.0,3.0,-1.0
0041700133,1610612754,IND,Indiana,202362,Lance Stephenson,Lance,,,23:05,3.0,8.0,0.375,0.0,1.0,0.0,2.0,2.0,1.0,0.0,5.0,5.0,1.0,0.0,0.0,1.0,4.0,8.0,-11.0
0041700133,1610612754,IND,Indiana,1627734,Domantas Sabonis,Domantas,,,24:14,3.0,5.0,0.6,0.0,1.0,0.0,1.0,1.0,1.0,0.0,1.0,1.0,1.0,0.0,1.0,2.0,3.0,7.0,-4.0
0041700133,1610612754,IND,Indiana,202709,Cory Joseph,Cory,,,19:09,1.0,2.0,0.5,0.0,1.0,0.0,4.0,4.0,1.0,0.0,0.0,0.0,4.0,0.0,0.0,1.0,1.0,6.0,-2.0
0041700133,1610612754,IND,Indiana,202344,Trevor Booker,Trevor,,,5:21,0.0,0.0,0.0,0.0,0.0,0.0,0.0,0.0,0.0,0.0,2.0,2.0,0.0,0.0,0.0,0.0,0.0,0.0,-1.0
0041700133,1610612754,IND,Indiana,2744,Al Jefferson,Al,,DNP - Coach's Decision,,,,,,,,,,,,,,,,,,,,
0041700133,1610612754,IND,Indiana,1628388,T.J. Leaf,T.J.,,DNP - Coach's Decision,,,,,,,,,,,,,,,,,,,,
0041700133,1610612754,IND,Indiana,1627816,Alex Poythress,Alex,,DNP - Coach's Decision,,,,,,,,,,,,,,,,,,,,
0041700133,1610612754,IND,Indiana,203922,Glenn Robinson III,Glenn,,DNP - Coach's Decision,,,,,,,,,,,,,,,,,,,,
0041700173,1610612760,OKC,Oklahoma City,202331,Paul George,Paul,F,,40:27,7.0,16.0,0.438,3.0,8.0,0.375,6.0,6.0,1.0,0.0,2.0,2.0,3.0,2.0,0.0,3.0,2.0,23.0,-13.0
0041700173,1610612760,OKC,Oklahoma City,2546,Carmelo Anthony,Carmelo,F,,31:19,6.0,10.0,0.6,2.0,4.0,0.5,0.0,0.0,0.0,1.0,3.0,4.0,0.0,3.0,0.0,0.0,3.0,14.0,-20.0
0041700173,1610612760,OKC,Oklahoma City,203500,Steven Adams,Steven,C,,26:24,4.0,6.0,0.667,0.0,0.0,0.0,0.0,0.0,0.0,0.0,2.0,2.0,0.0,0.0,1.0,1.0,4.0,8.0,-2.0
0041700173,1610612760,OKC,Oklahoma City,201147,Corey Brewer,Corey,G,,27:58,3.0,6.0,0.5,1.0,2.0,0.5,2.0,2.0,1.0,2.0,4.0,6.0,1.0,1.0,1.0,1.0,4.0,9.0,-20.0
0041700173,1610612760,OKC,Oklahoma City,201566,Russell Westbrook,Russell,G,,37:22,5.0,17.0,0.294,1.0,4.0,0.25,3.0,4.0,0.75,1.0,10.0,11.0,9.0,2.0,0.0,8.0,2.0,14.0,-25.0
0041700173,1610612760,OKC,Oklahoma City,202335,Patrick Patterson,Patrick,,,19:32,3.0,3.0,1.0,2.0,2.0,1.0,0.0,0.0,0.0,0.0,3.0,3.0,0.0,1.0,0.0,3.0,3.0,8.0,-10.0
0041700173,1610612760,OKC,Oklahoma City,203518,Alex Abrines,Alex,,,12:39,0.0,2.0,0.0,0.0,1.0,0.0,0.0,0.0,0.0,0.0,0.0,0.0,1.0,0.0,0.0,0.0,2.0,0.0,7.0
0041700173,1610612760,OKC,Oklahoma City,101109,Raymond Felton,Raymond,,,21:16,5.0,10.0,0.5,4.0,5.0,0.8,0.0,0.0,0.0,0.0,1.0,1.0,2.0,1.0,1.0,0.0,0.0,14.0,2.0
0041700173,1610612760,OKC,Oklahoma City,203924,Jerami Grant,Jerami,,,16:56,2.0,6.0,0.333,0.0,1.0,0.0,3.0,7.0,0.429,1.0,2.0,3.0,0.0,1.0,0.0,1.0,3.0,7.0,1.0
0041700173,1610612760,OKC,Oklahoma City,1628390,Terrance Ferguson,Terrance,,,2:29,1.0,1.0,1.0,1.0,1.0,1.0,0.0,0.0,0.0,1.0,0.0,1.0,1.0,0.0,0.0,0.0,0.0,3.0,5.0
0041700173,1610612760,OKC,Oklahoma City,1626177,Dakari Johnson,Dakari,,,1:49,0.0,0.0,0.0,0.0,0.0,0.0,0.0,0.0,0.0,0.0,0.0,0.0,0.0,0.0,0.0,0.0,0.0,0.0,5.0
0041700173,1610612760,OKC,Oklahoma City,203962,Josh Huestis,Josh,,,1:49,1.0,1.0,1.0,0.0,0.0,0.0,0.0,0.0,0.0,0.0,0.0,0.0,0.0,0.0,0.0,0.0,0.0,2.0,5.0
0041700173,1610612760,OKC,Oklahoma City,2555,Nick Collison,Nick,,DNP - Coach's Decision,,,,,,,,,,,,,,,,,,,,
0041700173,1610612762,UTA,Utah,204060,Joe Ingles,Joe,F,,32:07,7.0,15.0,0.467,5.0,10.0,0.5,2.0,2.0,1.0,1.0,2.0,3.0,4.0,1.0,0.0,1.0,4.0,21.0,25.0
0041700173,1610612762,UTA,Utah,202324,Derrick Favors,Derrick,F,,33:51,4.0,5.0,0.8,0.0,0.0,0.0,3.0,6.0,0.5,3.0,2.0,5.0,2.0,1.0,1.0,1.0,1.0,11.0,26.0
0041700173,1610612762,UTA,Utah,203497,Rudy Gobert,Rudy,C,,40:58,6.0,8.0,0.75,0.0,0.0,0.0,6.0,8.0,0.75,5.0,7.0,12.0,2.0,1.0,1.0,1.0,3.0,18.0,19.0
0041700173,1610612762,UTA,Utah,1628378,Donovan Mitchell,Donovan,G,,34:58,9.0,20.0,0.45,4.0,7.0,0.571,0.0,0.0,0.0,2.0,9.0,11.0,2.0,2.0,1.0,5.0,4.0,22.0,15.0
0041700173,1610612762,UTA,Utah,201937,Ricky Rubio,Ricky,G,,36:59,9.0,18.0,0.5,2.0,9.0,0.222,6.0,7.0,0.857,1.0,10.0,11.0,10.0,2.0,1.0,4.0,1.0,26.0,22.0
0041700173,1610612762,UTA,Utah,203109,Jae Crowder,Jae,,,22:42,2.0,5.0,0.4,0.0,3.0,0.0,0.0,0.0,0.0,0.0,1.0,1.0,0.0,2.0,0.0,1.0,2.0,4.0,-11.0
0041700173,1610612762,UTA,Utah,1626220,Royce O'Neale,Royce,,,15:49,2.0,3.0,0.667,2.0,3.0,0.667,1.0,4.0,0.25,0.0,1.0,1.0,2.0,2.0,1.0,1.0,2.0,7.0,2.0
0041700173,1610612762,UTA,Utah,203957,Danté Exum,Danté,,,9:32,2.0,4.0,0.5,0.0,1.0,0.0,0.0,0.0,0.0,0.0,2.0,2.0,2.0,0.0,0.0,3.0,1.0,4.0,-4.0
0041700173,1610612762,UTA,Utah,201973,Jonas Jerebko,Jonas,,,5:59,0.0,0.0,0.0,0.0,0.0,0.0,0.0,0.0,0.0,1.0,1.0,2.0,0.0,1.0,0.0,1.0,1.0,0.0,-10.0
0041700173,1610612762,UTA,Utah,202327,Ekpe Udoh,Ekpe,,,2:18,0.0,0.0,0.0,0.0,0.0,0.0,0.0,0.0,0.0,0.0,0.0,0.0,0.0,0.0,0.0,1.0,1.0,0.0,-4.0
0041700173,1610612762,UTA,Utah,202692,Alec Burks,Alec,,,1:49,1.0,2.0,0.5,0.0,1.0,0.0,0.0,0.0,0.0,0.0,0.0,0.0,0.0,0.0,0.0,0.0,0.0,2.0,-5.0
0041700173,1610612762,UTA,Utah,203526,Raul Neto,Raul,,,1:29,0.0,0.0,0.0,0.0,0.0,0.0,0.0,0.0,0.0,0.0,0.0,0.0,0.0,0.0,0.0,0.0,0.0,0.0,-5.0
0041700173,1610612762,UTA,Utah,204065,David Stockton,David,,,1:29,0.0,0.0,0.0,0.0,0.0,0.0,0.0,0.0,0.0,0.0,0.0,0.0,0.0,0.0,0.0,0.0,0.0,0.0,-5.0
0041700143,1610612745,HOU,Houston,2772,Trevor Ariza,Trevor,F,,33:44,2.0,5.0,0.4,2.0,5.0,0.4,0.0,0.0,0.0,0.0,4.0,4.0,0.0,2.0,0.0,0.0,0.0,6.0,-8.0
0041700143,1610612745,HOU,Houston,200782,P.J. Tucker,P.J.,F,,22:43,1.0,6.0,0.167,0.0,4.0,0.0,2.0,2.0,1.0,0.0,5.0,5.0,1.0,0.0,1.0,1.0,1.0,4.0,-7.0
0041700143,1610612745,HOU,Houston,203991,Clint Capela,Clint,C,,26:59,3.0,6.0,0.5,0.0,0.0,0.0,1.0,6.0,0.167,4.0,7.0,11.0,1.0,0.0,1.0,0.0,1.0,7.0,-7.0
0041700143,1610612745,HOU,Houston,201935,James Harden,James,G,,36:04,9.0,21.0,0.429,3.0,8.0,0.375,8.0,10.0,0.8,0.0,7.0,7.0,7.0,1.0,0.0,4.0,2.0,29.0,-3.0
0041700143,1610612745,HOU,Houston,101108,Chris Paul,Chris,G,,30:24,7.0,11.0,0.636,1.0,3.0,0.333,2.0,2.0,1.0,0.0,3.0,3.0,6.0,0.0,0.0,1.0,6.0,17.0,-5.0
0041700143,1610612745,HOU,Houston,2403,Nene Hilario,Nene,,,11:29,2.0,2.0,1.0,0.0,0.0,0.0,0.0,0.0,0.0,0.0,2.0,2.0,0.0,0.0,0.0,1.0,1.0,4.0,-7.0
0041700143,1610612745,HOU,Houston,201569,Eric Gordon,Eric,,,33:49,5.0,16.0,0.313,3.0,9.0,0.333,2.0,3.0,0.667,2.0,0.0,2.0,1.0,0.0,0.0,1.0,2.0,15.0,-13.0
0041700143,1610612745,HOU,Houston,201583,Ryan Anderson,Ryan,,,18:29,4.0,6.0,0.667,4.0,6.0,0.667,0.0,0.0,0.0,1.0,2.0,3.0,1.0,1.0,1.0,2.0,1.0,12.0,-12.0
0041700143,1610612745,HOU,Houston,101123,Gerald Green,Gerald,,,21:01,4.0,8.0,0.5,2.0,6.0,0.333,0.0,0.0,0.0,0.0,1.0,1.0,0.0,0.0,0.0,0.0,4.0,10.0,-18.0
0041700143,1610612745,HOU,Houston,204028,Tarik Black,Tarik,,,1:46,0.0,0.0,0.0,0.0,0.0,0.0,0.0,0.0,0.0,0.0,1.0,1.0,1.0,0.0,0.0,0.0,0.0,0.0,0.0
0041700143,1610612745,HOU,Houston,1628935,Aaron Jackson,Aaron,,,1:46,0.0,0.0,0.0,0.0,0.0,0.0,1.0,2.0,0.5,0.0,0.0,0.0,0.0,0.0,0.0,0.0,0.0,1.0,0.0
0041700143,1610612745,HOU,Houston,1627753,Zhou Qi,Zhou,,,1:46,0.0,0.0,0.0,0.0,0.0,0.0,0.0,0.0,0.0,0.0,0.0,0.0,0.0,0.0,0.0,0.0,0.0,0.0,0.0
0041700143,1610612745,HOU,Houston,2207,Joe Johnson,Joe,,DNP - Coach's Decision,,,,,,,,,,,,,,,,,,,,
0041700143,1610612750,MIN,Minnesota,203952,Andrew Wiggins,Andrew,F,,35:03,7.0,11.0,0.636,4.0,6.0,0.667,2.0,4.0,0.5,2.0,3.0,5.0,5.0,1.0,1.0,1.0,1.0,20.0,5.0
0041700143,1610612750,MIN,Minnesota,201959,Taj Gibson,Taj,F,,24:37,1.0,4.0,0.25,0.0,0.0,0.0,0.0,0.0,0.0,2.0,2.0,4.0,1.0,0.0,0.0,0.0,2.0,2.0,6.0
0041700143,1610612750,MIN,Minnesota,1626157,Karl-Anthony Towns,Karl-Anthony,C,,38:33,5.0,13.0,0.385,1.0,2.0,0.5,7.0,7.0,1.0,3.0,13.0,16.0,3.0,1.0,2.0,3.0,4.0,18.0,6.0
0041700143,1610612750,MIN,Minnesota,202710,Jimmy Butler III,Jimmy,G,,41:26,10.0,19.0,0.526,4.0,6.0,0.667,4.0,6.0,0.667,0.0,7.0,7.0,5.0,1.0,0.0,1.0,2.0,28.0,19.0
0041700143,1610612750,MIN,Minnesota,201952,Jeff Teague,Jeff,G,,40:34,9.0,14.0,0.643,3.0,5.0,0.6,2.0,3.0,0.667,0.0,3.0,3.0,8.0,1.0,0.0,1.0,4.0,23.0,13.0
0041700143,1610612750,MIN,Minnesota,1626145,Tyus Jones,Tyus,,,7:26,1.0,1.0,1.0,0.0,0.0,0.0,0.0,0.0,0.0,0.0,2.0,2.0,1.0,0.0,0.0,0.0,0.0,2.0,3.0
0041700143,1610612750,MIN,Minnesota,203476,Gorgui Dieng,Gorgui,,,9:27,2.0,3.0,0.667,1.0,1.0,1.0,0.0,0.0,0.0,0.0,0.0,0.0,2.0,2.0,0.0,0.0,1.0,5.0,10.0
0041700143,1610612750,MIN,Minnesota,202357,Nemanja Bjelica,Nemanja,,,2:58,0.0,1.0,0.0,0.0,1.0,0.0,0.0,0.0,0.0,1.0,0.0,1.0,0.0,0.0,0.0,0.0,0.0,0.0,-3.0
0041700143,1610612750,MIN,Minnesota,2037,Jamal Crawford,Jamal,,,18:17,2.0,7.0,0.286,1.0,3.0,0.333,1.0,2.0,0.5,0.0,3.0,3.0,2.0,1.0,0.0,0.0,1.0,6.0,8.0
0041700143,1610612750,MIN,Minnesota,201565,Derrick Rose,Derrick,,,21:02,8.0,16.0,0.5,1.0,2.0,0.5,0.0,0.0,0.0,0.0,0.0,0.0,2.0,2.0,0.0,1.0,1.0,17.0,13.0
0041700143,1610612750,MIN,Minnesota,201166,Aaron Brooks,Aaron,,,0:37,0.0,1.0,0.0,0.0,1.0,0.0,0.0,0.0,0.0,0.0,0.0,0.0,0.0,0.0,0.0,0.0,0.0,0.0,0.0
0041700143,1610612750,MIN,Minnesota,202332,Cole Aldrich,Cole,,DNP - Coach's Decision,,,,,,,,,,,,,,,,,,,,
0041700143,1610612750,MIN,Minnesota,1627875,Marcus Georges-Hunt,Marcus,,DNP - Coach's Decision,,,,,,,,,,,,,,,,,,,,
0041700124,1610612755,PHI,Philadelphia,203496,Robert Covington,Robert,F,,27:29,3.0,5.0,0.6,2.0,3.0,0.667,2.0,2.0,1.0,0.0,6.0,6.0,2.0,1.0,0.0,2.0,5.0,10.0,2.0
0041700124,1610612755,PHI,Philadelphia,203967,Dario Šarić,Dario,F,,29:14,4.0,13.0,0.308,1.0,4.0,0.25,2.0,2.0,1.0,6.0,2.0,8.0,2.0,0.0,0.0,2.0,4.0,11.0,-11.0
0041700124,1610612755,PHI,Philadelphia,203954,Joel Embiid,Joel,C,,31:14,2.0,11.0,0.182,0.0,4.0,0.0,10.0,13.0,0.769,2.0,10.0,12.0,1.0,1.0,5.0,8.0,4.0,14.0,-5.0
0041700124,1610612755,PHI,Philadelphia,200755,JJ Redick,JJ,G,,33:33,8.0,18.0,0.444,2.0,9.0,0.222,6.0,6.0,1.0,0.0,1.0,1.0,3.0,3.0,0.0,1.0,2.0,24.0,7.0
0041700124,1610612755,PHI,Philadelphia,1627732,Ben Simmons,Ben,G,,39:02,8.0,13.0,0.615,0.0,0.0,0.0,1.0,4.0,0.25,4.0,9.0,13.0,10.0,4.0,0.0,7.0,3.0,17.0,3.0
0041700124,1610612755,PHI,Philadelphia,101161,Amir Johnson,Amir,,,10:57,3.0,4.0,0.75,0.0,0.0,0.0,2.0,2.0,1.0,1.0,0.0,1.0,1.0,1.0,0.0,1.0,1.0,8.0,7.0
0041700124,1610612755,PHI,Philadelphia,201158,Marco Belinelli,Marco,,,27:21,3.0,7.0,0.429,1.0,4.0,0.25,3.0,3.0,1.0,0.0,2.0,2.0,2.0,1.0,0.0,0.0,2.0,10.0,3.0
0041700124,1610612755,PHI,Philadelphia,1626147,Justin Anderson,Justin,,,8:35,0.0,1.0,0.0,0.0,1.0,0.0,0.0,0.0,0.0,1.0,1.0,2.0,0.0,0.0,0.0,0.0,2.0,0.0,-3.0
0041700124,1610612755,PHI,Philadelphia,101141,Ersan Ilyasova,Ersan,,,23:22,4.0,10.0,0.4,1.0,6.0,0.167,1.0,3.0,0.333,3.0,5.0,8.0,1.0,1.0,0.0,2.0,1.0,10.0,16.0
0041700124,1610612755,PHI,Philadelphia,204456,T.J. McConnell,T.J.,,,9:14,1.0,2.0,0.5,0.0,0.0,0.0,0.0,0.0,0.0,0.0,4.0,4.0,0.0,0.0,0.0,3.0,1.0,2.0,1.0
0041700124,1610612755,PHI,Philadelphia,1628365,Markelle Fultz,Markelle,,DNP - Coach's Decision,,,,,,,,,,,,,,,,,,,,
0041700124,1610612755,PHI,Philadelphia,1626158,Richaun Holmes,Richaun,,DNP - Coach's Decision,,,,,,,,,,,,,,,,,,,,
0041700124,1610612755,PHI,Philadelphia,1627789,Timothe Luwawu-Cabarrot,Timothe,,DNP - Coach's Decision,,,,,,,,,,,,,,,,,,,,
0041700124,1610612748,MIA,Miami,1626196,Josh Richardson,Josh,F,,35:02,4.0,11.0,0.364,1.0,3.0,0.333,1.0,2.0,0.5,3.0,2.0,5.0,7.0,7.0,1.0,0.0,4.0,10.0,6.0
0041700124,1610612748,MIA,Miami,201949,James Johnson,James,F,,35:51,5.0,12.0,0.417,1.0,4.0,0.25,4.0,5.0,0.8,1.0,7.0,8.0,5.0,1.0,1.0,3.0,4.0,15.0,-10.0
0041700124,1610612748,MIA,Miami,202355,Hassan Whiteside,Hassan,C,,26:06,6.0,9.0,0.667,0.0,0.0,0.0,1.0,3.0,0.333,2.0,11.0,13.0,0.0,0.0,1.0,4.0,4.0,13.0,6.0
0041700124,1610612748,MIA,Miami,204020,Tyler Johnson,Tyler,G,,12:54,0.0,1.0,0.0,0.0,0.0,0.0,0.0,0.0,0.0,0.0,0.0,0.0,1.0,0.0,0.0,0.0,2.0,0.0,3.0
0041700124,1610612748,MIA,Miami,201609,Goran Dragic,Goran,G,,37:21,9.0,19.0,0.474,1.0,3.0,0.333,1.0,4.0,0.25,0.0,1.0,1.0,3.0,4.0,0.0,5.0,2.0,20.0,-4.0
0041700124,1610612748,MIA,Miami,1626159,Justise Winslow,Justise,,,20:09,3.0,9.0,0.333,1.0,3.0,0.333,0.0,2.0,0.0,2.0,4.0,6.0,3.0,1.0,0.0,2.0,5.0,7.0,-1.0
0041700124,1610612748,MIA,Miami,201961,Wayne Ellington,Wayne,,,21:27,3.0,7.0,0.429,3.0,6.0,0.5,1.0,1.0,1.0,1.0,1.0,2.0,1.0,1.0,0.0,2.0,2.0,10.0,-6.0
0041700124,1610612748,MIA,Miami,203482,Kelly Olynyk,Kelly,,,8:59,0.0,1.0,0.0,0.0,0.0,0.0,0.0,0.0,0.0,0.0,0.0,0.0,0.0,1.0,0.0,0.0,3.0,0.0,-3.0
0041700124,1610612748,MIA,Miami,2548,Dwyane Wade,Dwyane,,,25:57,10.0,22.0,0.455,0.0,0.0,0.0,5.0,6.0,0.833,1.0,2.0,3.0,1.0,3.0,0.0,2.0,3.0,25.0,-5.0
0041700124,1610612748,MIA,Miami,1628389,Bam Adebayo,Bam,,,16:14,1.0,3.0,0.333,0.0,0.0,0.0,0.0,2.0,0.0,3.0,2.0,5.0,0.0,0.0,1.0,1.0,3.0,2.0,-6.0
0041700124,1610612748,MIA,Miami,202337,Luke Babbitt,Luke,,DNP - Coach's Decision,,,,,,,,,,,,,,,,,,,,
0041700124,1610612748,MIA,Miami,2617,Udonis Haslem,Udonis,,DNP - Coach's Decision,,,,,,,,,,,,,,,,,,,,
0041700124,1610612748,MIA,Miami,203585,Rodney McGruder,Rodney,,DNP - Coach's Decision,,,,,,,,,,,,,,,,,,,,
0041700164,1610612757,POR,Portland,202323,Evan Turner,Evan,F,,35:59,6.0,12.0,0.5,1.0,3.0,0.333,2.0,2.0,1.0,0.0,1.0,1.0,5.0,0.0,0.0,2.0,4.0,15.0,2.0
0041700164,1610612757,POR,Portland,202329,Al-Farouq Aminu,Al-Farouq,F,,34:33,11.0,20.0,0.55,5.0,11.0,0.455,0.0,0.0,0.0,1.0,5.0,6.0,1.0,2.0,0.0,0.0,4.0,27.0,0.0
0041700164,1610612757,POR,Portland,203994,Jusuf Nurkić,Jusuf,C,,33:24,9.0,13.0,0.692,0.0,0.0,0.0,0.0,0.0,0.0,5.0,6.0,11.0,2.0,3.0,2.0,0.0,6.0,18.0,2.0
0041700164,1610612757,POR,Portland,203468,CJ McCollum,CJ,G,,45:12,15.0,22.0,0.682,2.0,3.0,0.667,6.0,7.0,0.857,0.0,2.0,2.0,3.0,0.0,0.0,2.0,5.0,38.0,-9.0
0041700164,1610612757,POR,Portland,203081,Damian Lillard,Damian,G,,45:03,7.0,16.0,0.438,1.0,5.0,0.2,4.0,5.0,0.8,0.0,5.0,5.0,6.0,2.0,0.0,1.0,3.0,19.0,-7.0
0041700164,1610612757,POR,Portland,1627735,Wade Baldwin IV,Wade,,,8:17,1.0,3.0,0.333,1.0,1.0,1.0,0.0,0.0,0.0,0.0,2.0,2.0,0.0,0.0,0.0,1.0,1.0,3.0,1.0
0041700164,1610612757,POR,Portland,1626192,Pat Connaughton,Pat,,,9:57,0.0,2.0,0.0,0.0,2.0,0.0,0.0,0.0,0.0,0.0,0.0,0.0,0.0,0.0,0.0,0.0,1.0,0.0,-13.0
0041700164,1610612757,POR,Portland,202334,Ed Davis,Ed,,,13:27,0.0,1.0,0.0,0.0,0.0,0.0,1.0,2.0,0.5,0.0,5.0,5.0,0.0,0.0,0.0,0.0,2.0,1.0,-8.0
0041700164,1610612757,POR,Portland,1628380,Zach Collins,Zach,,,14:08,1.0,6.0,0.167,0.0,2.0,0.0,0.0,0.0,0.0,0.0,1.0,1.0,3.0,1.0,0.0,0.0,2.0,2.0,-8.0
0041700164,1610612757,POR,Portland,1627774,Jake Layman,Jake,,DNP - Coach's Decision,,,,,,,,,,,,,,,,,,,,
0041700164,1610612757,POR,Portland,203086,Meyers Leonard,Meyers,,DNP - Coach's Decision,,,,,,,,,,,,,,,,,,,,
0041700164,1610612757,POR,Portland,203894,Shabazz Napier,Shabazz,,DNP - Coach's Decision,,,,,,,,,,,,,,,,,,,,
0041700164,1610612757,POR,Portland,1628403,Caleb Swanigan,Caleb,,DNP - Coach's Decision,,,,,,,,,,,,,,,,,,,,
0041700164,1610612740,NOP,New Orleans,202734,E'Twaun Moore,E'Twaun,F,,34:42,5.0,10.0,0.5,1.0,3.0,0.333,3.0,3.0,1.0,0.0,3.0,3.0,1.0,3.0,0.0,1.0,3.0,14.0,7.0
0041700164,1610612740,NOP,New Orleans,202703,Nikola Mirotic,Nikola,F,,40:31,4.0,8.0,0.5,1.0,3.0,0.333,1.0,2.0,0.5,0.0,11.0,11.0,1.0,2.0,3.0,1.0,3.0,10.0,8.0
0041700164,1610612740,NOP,New Orleans,203076,Anthony Davis,Anthony,C,,38:45,15.0,23.0,0.652,2.0,4.0,0.5,15.0,17.0,0.882,4.0,6.0,10.0,1.0,0.0,3.0,2.0,4.0,47.0,15.0
0041700164,1610612740,NOP,New Orleans,201950,Jrue Holiday,Jrue,G,,40:42,15.0,23.0,0.652,2.0,7.0,0.286,9.0,12.0,0.75,1.0,2.0,3.0,8.0,0.0,0.0,7.0,1.0,41.0,3.0
0041700164,1610612740,NOP,New Orleans,200765,Rajon Rondo,Rajon,G,,34:51,3.0,7.0,0.429,0.0,1.0,0.0,1.0,1.0,1.0,0.0,7.0,7.0,16.0,0.0,0.0,2.0,2.0,7.0,12.0
0041700164,1610612740,NOP,New Orleans,203546,Ian Clark,Ian,,,10:55,1.0,3.0,0.333,1.0,3.0,0.333,0.0,0.0,0.0,0.0,1.0,1.0,0.0,0.0,0.0,0.0,4.0,3.0,-1.0
0041700164,1610612740,NOP,New Orleans,203121,Darius Miller,Darius,,,22:50,1.0,2.0,0.5,1.0,2.0,0.5,0.0,0.0,0.0,1.0,3.0,4.0,0.0,0.0,0.0,0.0,1.0,3.0,3.0
0041700164,1610612740,NOP,New Orleans,203524,Solomon Hill,Solomon,,,16:44,1.0,2.0,0.5,1.0,2.0,0.5,3.0,4.0,0.75,1.0,3.0,4.0,1.0,0.0,0.0,1.0,3.0,6.0,-7.0
0041700164,1610612740,NOP,New Orleans,202348,Jordan Crawford,Jordan,,DNP - Coach's Decision,,,,,,,,,,,,,,,,,,,,
0041700164,1610612740,NOP,New Orleans,1627767,Cheick Diallo,Cheick,,DNP - Coach's Decision,,,,,,,,,,,,,,,,,,,,
0041700164,1610612740,NOP,New Orleans,1628402,Frank Jackson,Frank,,DND - Injury/Illness,,,,,,,,,,,,,,,,,,,,
0041700164,1610612740,NOP,New Orleans,202732,DeAndre Liggins,DeAndre,,DNP - Coach's Decision,,,,,,,,,,,,,,,,,,,,
0041700164,1610612740,NOP,New Orleans,2731,Emeka Okafor,Emeka,,DNP - Coach's Decision,,,,,,,,,,,,,,,,,,,,
0041700114,1610612738,BOS,Boston,1628369,Jayson Tatum,Jayson,F,,35:57,7.0,16.0,0.438,2.0,5.0,0.4,5.0,6.0,0.833,2.0,1.0,3.0,3.0,2.0,0.0,1.0,4.0,21.0,0.0
0041700114,1610612738,BOS,Boston,201143,Al Horford,Al,F,,36:39,4.0,8.0,0.5,0.0,1.0,0.0,5.0,5.0,1.0,4.0,5.0,9.0,4.0,0.0,2.0,2.0,2.0,13.0,3.0
0041700114,1610612738,BOS,Boston,203382,Aron Baynes,Aron,C,,19:13,4.0,6.0,0.667,0.0,1.0,0.0,1.0,2.0,0.5,5.0,6.0,11.0,2.0,0.0,0.0,1.0,2.0,9.0,3.0
0041700114,1610612738,BOS,Boston,1627759,Jaylen Brown,Jaylen,G,,41:26,13.0,24.0,0.542,5.0,8.0,0.625,3.0,4.0,0.75,2.0,6.0,8.0,1.0,3.0,0.0,1.0,2.0,34.0,10.0
0041700114,1610612738,BOS,Boston,1626179,Terry Rozier,Terry,G,,35:51,3.0,12.0,0.25,2.0,10.0,0.2,2.0,2.0,1.0,0.0,5.0,5.0,8.0,1.0,1.0,1.0,2.0,10.0,4.0
0041700114,1610612738,BOS,Boston,202694,Marcus Morris Sr.,Marcus,,,26:19,4.0,14.0,0.286,1.0,1.0,1.0,4.0,6.0,0.667,2.0,2.0,4.0,0.0,0.0,0.0,1.0,5.0,13.0,-10.0
0041700114,1610612738,BOS,Boston,202328,Greg Monroe,Greg,,,5:08,0.0,1.0,0.0,0.0,0.0,0.0,0.0,0.0,0.0,1.0,1.0,2.0,0.0,0.0,0.0,1.0,0.0,0.0,-8.0
0041700114,1610612738,BOS,Boston,203499,Shane Larkin,Shane,,,16:32,0.0,1.0,0.0,0.0,0.0,0.0,0.0,0.0,0.0,0.0,0.0,0.0,4.0,0.0,0.0,0.0,0.0,0.0,-14.0
0041700114,1610612738,BOS,Boston,1627824,Guerschon Yabusele,Guerschon,,,5:50,0.0,1.0,0.0,0.0,1.0,0.0,0.0,0.0,0.0,0.0,0.0,0.0,0.0,0.0,0.0,0.0,4.0,0.0,-2.0
0041700114,1610612738,BOS,Boston,1628400,Semi Ojeleye,Semi,,,17:05,1.0,4.0,0.25,0.0,2.0,0.0,0.0,0.0,0.0,0.0,1.0,1.0,0.0,0.0,0.0,0.0,0.0,2.0,4.0
0041700114,1610612738,BOS,Boston,1627846,Abdel Nader,Abdel,,DNP - Coach's Decision,,,,,,,,,,,,,,,,,,,,
0041700114,1610612738,BOS,Boston,203935,Marcus Smart,Marcus,,DND - Injury/Illness,,,,,,,,,,,,,,,,,,,,
0041700114,1610612749,MIL,Milwaukee,203114,Khris Middleton,Khris,F,,36:39,8.0,14.0,0.571,3.0,5.0,0.6,4.0,4.0,1.0,0.0,6.0,6.0,2.0,2.0,2.0,2.0,3.0,23.0,0.0
0041700114,1610612749,MIL,Milwaukee,203507,Giannis Antetokounmpo,Giannis,F,,40:26,12.0,20.0,0.6,0.0,2.0,0.0,3.0,6.0,0.5,2.0,5.0,7.0,5.0,0.0,0.0,2.0,4.0,27.0,-8.0
0041700114,1610612749,MIL,Milwaukee,203092,Tyler Zeller,Tyler,C,,10:57,1.0,2.0,0.5,0.0,0.0,0.0,2.0,2.0,1.0,0.0,4.0,4.0,1.0,1.0,2.0,0.0,4.0,4.0,-6.0
0041700114,1610612749,MIL,Milwaukee,1627763,Malcolm Brogdon,Malcolm,G,,30:34,4.0,7.0,0.571,1.0,3.0,0.333,1.0,1.0,1.0,0.0,4.0,4.0,2.0,0.0,0.0,1.0,2.0,10.0,-3.0
0041700114,1610612749,MIL,Milwaukee,202339,Eric Bledsoe,Eric,G,,30:41,3.0,9.0,0.333,1.0,2.0,0.5,2.0,3.0,0.667,0.0,1.0,1.0,5.0,1.0,2.0,1.0,3.0,9.0,-10.0
0041700114,1610612749,MIL,Milwaukee,203953,Jabari Parker,Jabari,,,24:51,5.0,10.0,0.5,2.0,3.0,0.667,4.0,6.0,0.667,0.0,7.0,7.0,1.0,2.0,3.0,0.0,2.0,16.0,10.0
0041700114,1610612749,MIL,Milwaukee,203521,Matthew Dellavedova,Matthew,,,17:19,1.0,3.0,0.333,0.0,1.0,0.0,2.0,2.0,1.0,0.0,3.0,3.0,4.0,1.0,0.0,1.0,0.0,4.0,12.0
0041700114,1610612749,MIL,Milwaukee,1627748,Thon Maker,Thon,,,30:47,3.0,6.0,0.5,2.0,5.0,0.4,0.0,0.0,0.0,0.0,2.0,2.0,1.0,0.0,5.0,1.0,3.0,8.0,4.0
0041700114,1610612749,MIL,Milwaukee,203503,Tony Snell,Tony,,,17:46,1.0,2.0,0.5,1.0,2.0,0.5,0.0,0.0,0.0,0.0,2.0,2.0,3.0,0.0,0.0,1.0,3.0,3.0,11.0
0041700114,1610612749,MIL,Milwaukee,1628425,Sterling Brown,Sterling,,DNP - Coach's Decision,,,,,,,,,,,,,,,,,,,,
0041700114,1610612749,MIL,Milwaukee,201943,Brandon Jennings,Brandon,,DNP - Coach's Decision,,,,,,,,,,,,,,,,,,,,
0041700114,1610612749,MIL,Milwaukee,203498,Shabazz Muhammad,Shabazz,,DNP - Coach's Decision,,,,,,,,,,,,,,,,,,,,
0041700114,1610612749,MIL,Milwaukee,1891,Jason Terry,Jason,,DNP - Coach's Decision,,,,,,,,,,,,,,,,,,,,
0041700211,1610612755,PHI,Philadelphia,203496,Robert Covington,Robert,F,,26:54,0.0,6.0,0.0,0.0,4.0,0.0,3.0,3.0,1.0,0.0,2.0,2.0,1.0,2.0,1.0,0.0,1.0,3.0,-13.0
0041700211,1610612755,PHI,Philadelphia,203967,Dario Šarić,Dario,F,,33:01,5.0,11.0,0.455,0.0,4.0,0.0,2.0,2.0,1.0,5.0,2.0,7.0,4.0,1.0,0.0,0.0,2.0,12.0,-20.0
0041700211,1610612755,PHI,Philadelphia,203954,Joel Embiid,Joel,C,,35:01,12.0,21.0,0.571,2.0,5.0,0.4,5.0,6.0,0.833,1.0,12.0,13.0,5.0,1.0,0.0,3.0,2.0,31.0,-6.0
0041700211,1610612755,PHI,Philadelphia,200755,JJ Redick,JJ,G,,34:04,7.0,13.0,0.538,2.0,7.0,0.286,4.0,5.0,0.8,1.0,2.0,3.0,3.0,0.0,0.0,1.0,4.0,20.0,0.0
0041700211,1610612755,PHI,Philadelphia,1627732,Ben Simmons,Ben,G,,41:52,6.0,11.0,0.545,0.0,0.0,0.0,6.0,11.0,0.545,0.0,7.0,7.0,6.0,2.0,1.0,7.0,4.0,18.0,-21.0
0041700211,1610612755,PHI,Philadelphia,101161,Amir Johnson,Amir,,,4:59,0.0,0.0,0.0,0.0,0.0,0.0,0.0,0.0,0.0,0.0,0.0,0.0,0.0,0.0,0.0,0.0,1.0,0.0,-10.0
0041700211,1610612755,PHI,Philadelphia,201158,Marco Belinelli,Marco,,,28:02,3.0,9.0,0.333,1.0,2.0,0.5,4.0,4.0,1.0,0.0,1.0,1.0,1.0,0.0,0.0,0.0,2.0,11.0,-23.0
0041700211,1610612755,PHI,Philadelphia,101141,Ersan Ilyasova,Ersan,,,21:15,2.0,9.0,0.222,0.0,3.0,0.0,2.0,4.0,0.5,3.0,6.0,9.0,2.0,1.0,0.0,1.0,1.0,6.0,3.0
0041700211,1610612755,PHI,Philadelphia,1626147,Justin Anderson,Justin,,,5:16,0.0,1.0,0.0,0.0,1.0,0.0,0.0,0.0,0.0,0.0,2.0,2.0,0.0,0.0,0.0,0.0,2.0,0.0,3.0
0041700211,1610612755,PHI,Philadelphia,204456,T.J. McConnell,T.J.,,,6:08,0.0,1.0,0.0,0.0,0.0,0.0,0.0,0.0,0.0,1.0,0.0,1.0,0.0,0.0,0.0,0.0,0.0,0.0,5.0
0041700211,1610612755,PHI,Philadelphia,1626158,Richaun Holmes,Richaun,,,1:44,0.0,1.0,0.0,0.0,0.0,0.0,0.0,0.0,0.0,0.0,0.0,0.0,0.0,0.0,0.0,0.0,0.0,0.0,1.0
0041700211,1610612755,PHI,Philadelphia,201573,Jerryd Bayless,Jerryd,,,1:44,0.0,0.0,0.0,0.0,0.0,0.0,0.0,0.0,0.0,0.0,0.0,0.0,0.0,0.0,0.0,0.0,0.0,0.0,1.0
0041700211,1610612755,PHI,Philadelphia,1628365,Markelle Fultz,Markelle,,DNP - Coach's Decision,,,,,,,,,,,,,,,,,,,,
0041700211,1610612738,BOS,Boston,1628369,Jayson Tatum,Jayson,F,,39:39,8.0,16.0,0.5,1.0,5.0,0.2,11.0,12.0,0.917,0.0,3.0,3.0,2.0,0.0,1.0,4.0,1.0,28.0,18.0
0041700211,1610612738,BOS,Boston,201143,Al Horford,Al,F,,32:60,10.0,12.0,0.833,2.0,3.0,0.667,4.0,4.0,1.0,0.0,7.0,7.0,4.0,0.0,0.0,2.0,3.0,26.0,18.0
0041700211,1610612738,BOS,Boston,203382,Aron Baynes,Aron,C,,29:16,2.0,4.0,0.5,2.0,3.0,0.667,0.0,0.0,0.0,1.0,5.0,6.0,1.0,0.0,1.0,1.0,4.0,6.0,-1.0
0041700211,1610612738,BOS,Boston,203935,Marcus Smart,Marcus,G,,32:09,3.0,12.0,0.25,2.0,8.0,0.25,1.0,1.0,1.0,2.0,1.0,3.0,9.0,1.0,0.0,1.0,4.0,9.0,1.0
0041700211,1610612738,BOS,Boston,1626179,Terry Rozier,Terry,G,,34:53,11.0,18.0,0.611,7.0,9.0,0.778,0.0,0.0,0.0,2.0,6.0,8.0,6.0,2.0,1.0,2.0,2.0,29.0,17.0
0041700211,1610612738,BOS,Boston,202694,Marcus Morris Sr.,Marcus,,,27:52,5.0,12.0,0.417,1.0,4.0,0.25,0.0,0.0,0.0,0.0,5.0,5.0,1.0,0.0,1.0,0.0,2.0,11.0,8.0
0041700211,1610612738,BOS,Boston,1628400,Semi Ojeleye,Semi,,,21:37,1.0,4.0,0.25,1.0,2.0,0.5,0.0,0.0,0.0,0.0,1.0,1.0,0.0,1.0,0.0,0.0,1.0,3.0,11.0
0041700211,1610612738,BOS,Boston,203499,Shane Larkin,Shane,,,18:07,1.0,6.0,0.167,1.0,1.0,1.0,2.0,2.0,1.0,0.0,3.0,3.0,4.0,0.0,0.0,0.0,3.0,5.0,10.0
0041700211,1610612738,BOS,Boston,1627846,Abdel Nader,Abdel,,,1:44,0.0,0.0,0.0,0.0,0.0,0.0,0.0,0.0,0.0,0.0,0.0,0.0,0.0,0.0,0.0,0.0,0.0,0.0,-1.0
0041700211,1610612738,BOS,Boston,1627824,Guerschon Yabusele,Guerschon,,,1:44,0.0,1.0,0.0,0.0,0.0,0.0,0.0,0.0,0.0,0.0,0.0,0.0,0.0,0.0,0.0,0.0,1.0,0.0,-1.0
0041700211,1610612738,BOS,Boston,1627759,Jaylen Brown,Jaylen,,DND - Injury/Illness,,,,,,,,,,,,,,,,,,,,
0041700211,1610612738,BOS,Boston,202328,Greg Monroe,Greg,,DNP - Coach's Decision,,,,,,,,,,,,,,,,,,,,
0041700232,1610612740,NOP,New Orleans,202734,E'Twaun Moore,E'Twaun,F,,35:43,5.0,13.0,0.385,4.0,8.0,0.5,0.0,0.0,0.0,0.0,2.0,2.0,1.0,1.0,1.0,1.0,2.0,14.0,1.0
0041700232,1610612740,NOP,New Orleans,202703,Nikola Mirotic,Nikola,F,,39:03,7.0,16.0,0.438,3.0,8.0,0.375,1.0,3.0,0.333,1.0,8.0,9.0,1.0,2.0,0.0,0.0,6.0,18.0,-9.0
0041700232,1610612740,NOP,New Orleans,203076,Anthony Davis,Anthony,C,,42:59,12.0,24.0,0.5,1.0,3.0,0.333,0.0,0.0,0.0,4.0,11.0,15.0,5.0,2.0,3.0,2.0,4.0,25.0,2.0
0041700232,1610612740,NOP,New Orleans,201950,Jrue Holiday,Jrue,G,,46:33,11.0,24.0,0.458,2.0,9.0,0.222,0.0,0.0,0.0,1.0,7.0,8.0,8.0,1.0,1.0,2.0,0.0,24.0,-1.0
0041700232,1610612740,NOP,New Orleans,200765,Rajon Rondo,Rajon,G,,38:07,8.0,15.0,0.533,3.0,4.0,0.75,3.0,3.0,1.0,3.0,4.0,7.0,12.0,5.0,0.0,7.0,5.0,22.0,2.0
0041700232,1610612740,NOP,New Orleans,203524,Solomon Hill,Solomon,,,9:53,1.0,6.0,0.167,0.0,3.0,0.0,0.0,0.0,0.0,1.0,0.0,1.0,3.0,0.0,0.0,0.0,1.0,2.0,-7.0
0041700232,1610612740,NOP,New Orleans,203121,Darius Miller,Darius,,,17:03,1.0,3.0,0.333,0.0,2.0,0.0,3.0,3.0,1.0,0.0,2.0,2.0,3.0,1.0,0.0,1.0,1.0,5.0,-9.0
0041700232,1610612740,NOP,New Orleans,203546,Ian Clark,Ian,,,6:12,1.0,2.0,0.5,0.0,0.0,0.0,0.0,0.0,0.0,0.0,0.0,0.0,0.0,0.0,0.0,0.0,0.0,2.0,-3.0
0041700232,1610612740,NOP,New Orleans,1627767,Cheick Diallo,Cheick,,,4:28,2.0,2.0,1.0,0.0,0.0,0.0,0.0,0.0,0.0,0.0,2.0,2.0,0.0,0.0,0.0,0.0,0.0,4.0,-1.0
0041700232,1610612740,NOP,New Orleans,202348,Jordan Crawford,Jordan,,DNP - Coach's Decision,,,,,,,,,,,,,,,,,,,,
0041700232,1610612740,NOP,New Orleans,1628402,Frank Jackson,Frank,,DND - Injury/Illness,,,,,,,,,,,,,,,,,,,,
0041700232,1610612740,NOP,New Orleans,202732,DeAndre Liggins,DeAndre,,DNP - Coach's Decision,,,,,,,,,,,,,,,,,,,,
0041700232,1610612740,NOP,New Orleans,2731,Emeka Okafor,Emeka,,DNP - Coach's Decision,,,,,,,,,,,,,,,,,,,,
0041700232,1610612744,GSW,Golden State,201156,Nick Young,Nick,F,,11:10,1.0,4.0,0.25,1.0,4.0,0.25,0.0,0.0,0.0,0.0,1.0,1.0,1.0,0.0,0.0,1.0,1.0,3.0,-11.0
0041700232,1610612744,GSW,Golden State,201142,Kevin Durant,Kevin,F,,41:18,11.0,23.0,0.478,2.0,7.0,0.286,5.0,6.0,0.833,0.0,6.0,6.0,7.0,2.0,3.0,2.0,1.0,29.0,-5.0
0041700232,1610612744,GSW,Golden State,203110,Draymond Green,Draymond,C,,40:45,7.0,11.0,0.636,2.0,5.0,0.4,4.0,5.0,0.8,1.0,8.0,9.0,12.0,1.0,2.0,1.0,5.0,20.0,6.0
0041700232,1610612744,GSW,Golden State,202691,Klay Thompson,Klay,G,,37:47,4.0,20.0,0.2,2.0,11.0,0.182,0.0,0.0,0.0,2.0,4.0,6.0,3.0,0.0,0.0,2.0,3.0,10.0,-8.0
0041700232,1610612744,GSW,Golden State,2738,Andre Iguodala,Andre,G,,33:49,5.0,8.0,0.625,1.0,3.0,0.333,4.0,7.0,0.571,1.0,7.0,8.0,2.0,3.0,1.0,2.0,1.0,15.0,1.0
0041700232,1610612744,GSW,Golden State,1626172,Kevon Looney,Kevon,,,22:53,3.0,3.0,1.0,0.0,0.0,0.0,2.0,2.0,1.0,3.0,5.0,8.0,1.0,1.0,0.0,0.0,2.0,8.0,7.0
0041700232,1610612744,GSW,Golden State,201939,Stephen Curry,Stephen,,,27:14,8.0,15.0,0.533,5.0,10.0,0.5,7.0,7.0,1.0,0.0,7.0,7.0,2.0,3.0,0.0,6.0,2.0,28.0,26.0
0041700232,1610612744,GSW,Golden State,2733,Shaun Livingston,Shaun,,,14:11,2.0,5.0,0.4,0.0,0.0,0.0,0.0,0.0,0.0,0.0,1.0,1.0,3.0,0.0,0.0,1.0,3.0,4.0,4.0
0041700232,1610612744,GSW,Golden State,2561,David West,David,,,10:53,2.0,2.0,1.0,0.0,0.0,0.0,0.0,0.0,0.0,0.0,3.0,3.0,5.0,0.0,2.0,1.0,0.0,4.0,5.0
0041700232,1610612744,GSW,Golden State,1628395,Jordan Bell,Jordan,,DNP - Coach's Decision,,,,,,,,,,,,,,,,,,,,
0041700232,1610612744,GSW,Golden State,1626188,Quinn Cook,Quinn,,DNP - Coach's Decision,,,,,,,,,,,,,,,,,,,,
0041700232,1610612744,GSW,Golden State,201580,JaVale McGee,JaVale,,DNP - Coach's Decision,,,,,,,,,,,,,,,,,,,,
0041700232,1610612744,GSW,Golden State,2585,Zaza Pachulia,Zaza,,DNP - Coach's Decision,,,,,,,,,,,,,,,,,,,,
0041700201,1610612739,CLE,Cleveland,2747,JR Smith,JR,F,,36:01,6.0,11.0,0.545,5.0,6.0,0.833,3.0,3.0,1.0,1.0,1.0,2.0,2.0,2.0,0.0,0.0,0.0,20.0,-1.0
0041700201,1610612739,CLE,Cleveland,2544,LeBron James,LeBron,F,,46:56,12.0,30.0,0.4,1.0,8.0,0.125,1.0,6.0,0.167,0.0,11.0,11.0,13.0,1.0,2.0,1.0,2.0,26.0,5.0
0041700201,1610612739,CLE,Cleveland,201567,Kevin Love,Kevin,C,,34:12,3.0,13.0,0.231,1.0,4.0,0.25,0.0,0.0,0.0,2.0,11.0,13.0,2.0,0.0,0.0,2.0,5.0,7.0,-7.0
0041700201,1610612739,CLE,Cleveland,2594,Kyle Korver,Kyle,G,,37:42,7.0,17.0,0.412,5.0,12.0,0.417,0.0,0.0,0.0,1.0,1.0,2.0,1.0,0.0,0.0,0.0,2.0,19.0,5.0
0041700201,1610612739,CLE,Cleveland,201588,George Hill,George,G,,28:20,2.0,7.0,0.286,0.0,0.0,0.0,0.0,0.0,0.0,0.0,0.0,0.0,3.0,0.0,1.0,0.0,2.0,4.0,0.0
0041700201,1610612739,CLE,Cleveland,202684,Tristan Thompson,Tristan,,,26:02,5.0,8.0,0.625,0.0,0.0,0.0,4.0,4.0,1.0,9.0,3.0,12.0,0.0,0.0,0.0,0.0,4.0,14.0,2.0
0041700201,1610612739,CLE,Cleveland,203918,Rodney Hood,Rodney,,,16:04,1.0,5.0,0.2,0.0,2.0,0.0,0.0,0.0,0.0,0.0,1.0,1.0,0.0,0.0,1.0,1.0,3.0,2.0,-3.0
0041700201,1610612739,CLE,Cleveland,201145,Jeff Green,Jeff,,,27:36,4.0,4.0,1.0,1.0,1.0,1.0,7.0,8.0,0.875,0.0,2.0,2.0,3.0,2.0,1.0,1.0,3.0,16.0,10.0
0041700201,1610612739,CLE,Cleveland,203903,Jordan Clarkson,Jordan,,,12:07,2.0,7.0,0.286,1.0,2.0,0.5,0.0,0.0,0.0,0.0,2.0,2.0,1.0,0.0,0.0,0.0,2.0,5.0,-6.0
0041700201,1610612739,CLE,Cleveland,101181,Jose Calderon,Jose,,DNP - Coach's Decision,,,,,,,,,,,,,,,,,,,,
0041700201,1610612739,CLE,Cleveland,1626204,Larry Nance Jr.,Larry,,DNP - Coach's Decision,,,,,,,,,,,,,,,,,,,,
0041700201,1610612739,CLE,Cleveland,1626224,Cedi Osman,Cedi,,DNP - Coach's Decision,,,,,,,,,,,,,,,,,,,,
0041700201,1610612739,CLE,Cleveland,1627790,Ante Zizic,Ante,,DNP - Coach's Decision,,,,,,,,,,,,,,,,,,,,
0041700201,1610612761,TOR,Toronto,1628384,OG Anunoby,OG,F,,30:27,3.0,5.0,0.6,1.0,3.0,0.333,0.0,0.0,0.0,1.0,1.0,2.0,2.0,0.0,0.0,0.0,3.0,7.0,4.0
0041700201,1610612761,TOR,Toronto,201586,Serge Ibaka,Serge,F,,28:30,3.0,8.0,0.375,0.0,3.0,0.0,3.0,3.0,1.0,1.0,1.0,2.0,2.0,0.0,0.0,1.0,1.0,9.0,7.0
0041700201,1610612761,TOR,Toronto,202685,Jonas Valančiūnas,Jonas,C,,34:28,7.0,19.0,0.368,0.0,1.0,0.0,7.0,9.0,0.778,8.0,13.0,21.0,2.0,0.0,1.0,3.0,3.0,21.0,-3.0
0041700201,1610612761,TOR,Toronto,201942,DeMar DeRozan,DeMar,G,,40:17,10.0,20.0,0.5,0.0,4.0,0.0,2.0,3.0,0.667,1.0,6.0,7.0,5.0,1.0,3.0,2.0,3.0,22.0,0.0
0041700201,1610612761,TOR,Toronto,200768,Kyle Lowry,Kyle,G,,39:40,6.0,12.0,0.5,3.0,6.0,0.5,3.0,3.0,1.0,0.0,3.0,3.0,10.0,1.0,0.0,4.0,2.0,18.0,0.0
0041700201,1610612761,TOR,Toronto,1627751,Jakob Poeltl,Jakob,,,16:48,0.0,3.0,0.0,0.0,0.0,0.0,4.0,4.0,1.0,2.0,4.0,6.0,0.0,0.0,0.0,0.0,3.0,4.0,3.0
0041700201,1610612761,TOR,Toronto,101139,CJ Miles,CJ,,,21:17,2.0,6.0,0.333,2.0,3.0,0.667,0.0,0.0,0.0,2.0,3.0,5.0,1.0,0.0,1.0,1.0,0.0,6.0,0.0
0041700201,1610612761,TOR,Toronto,1627783,Pascal Siakam,Pascal,,,22:24,4.0,5.0,0.8,1.0,1.0,1.0,2.0,5.0,0.4,0.0,1.0,1.0,1.0,0.0,0.0,2.0,4.0,11.0,-5.0
0041700201,1610612761,TOR,Toronto,1626153,Delon Wright,Delon,,,16:00,2.0,6.0,0.333,1.0,2.0,0.5,0.0,0.0,0.0,0.0,0.0,0.0,1.0,0.0,1.0,0.0,0.0,5.0,-4.0
0041700201,1610612761,TOR,Toronto,1627832,Fred VanVleet,Fred,,,15:09,2.0,7.0,0.286,1.0,5.0,0.2,4.0,4.0,1.0,0.0,3.0,3.0,2.0,0.0,0.0,0.0,3.0,9.0,-7.0
0041700201,1610612761,TOR,Toronto,203485,Lorenzo Brown,Lorenzo,,DNP - Coach's Decision,,,,,,,,,,,,,,,,,,,,
0041700201,1610612761,TOR,Toronto,203512,Lucas Nogueira,Lucas,,DNP - Coach's Decision,,,,,,,,,,,,,,,,,,,,
0041700201,1610612761,TOR,Toronto,1626181,Norman Powell,Norman,,DNP - Coach's Decision,,,,,,,,,,,,,,,,,,,,
0041700222,1610612762,UTA,Utah,204060,Joe Ingles,Joe,F,,35:38,10.0,13.0,0.769,7.0,9.0,0.778,0.0,0.0,0.0,0.0,3.0,3.0,2.0,0.0,0.0,3.0,2.0,27.0,-2.0
0041700222,1610612762,UTA,Utah,202324,Derrick Favors,Derrick,F,,20:54,5.0,7.0,0.714,0.0,0.0,0.0,0.0,0.0,0.0,1.0,2.0,3.0,1.0,1.0,1.0,0.0,0.0,10.0,7.0
0041700222,1610612762,UTA,Utah,203497,Rudy Gobert,Rudy,C,,36:46,5.0,7.0,0.714,0.0,0.0,0.0,5.0,9.0,0.556,1.0,13.0,14.0,0.0,0.0,3.0,2.0,4.0,15.0,-1.0
0041700222,1610612762,UTA,Utah,1626220,Royce O'Neale,Royce,G,,27:25,2.0,5.0,0.4,1.0,3.0,0.333,1.0,2.0,0.5,0.0,4.0,4.0,2.0,0.0,0.0,3.0,1.0,6.0,-3.0
0041700222,1610612762,UTA,Utah,1628378,Donovan Mitchell,Donovan,G,,37:51,6.0,21.0,0.286,2.0,8.0,0.25,3.0,4.0,0.75,2.0,3.0,5.0,11.0,2.0,0.0,3.0,5.0,17.0,13.0
0041700222,1610612762,UTA,Utah,203109,Jae Crowder,Jae,,,33:54,5.0,10.0,0.5,3.0,6.0,0.5,2.0,5.0,0.4,0.0,10.0,10.0,1.0,0.0,0.0,1.0,3.0,15.0,11.0
0041700222,1610612762,UTA,Utah,203957,Danté Exum,Danté,,,17:40,3.0,7.0,0.429,2.0,3.0,0.667,1.0,2.0,0.5,1.0,3.0,4.0,2.0,0.0,0.0,2.0,5.0,9.0,10.0
0041700222,1610612762,UTA,Utah,202692,Alec Burks,Alec,,,22:15,7.0,11.0,0.636,0.0,2.0,0.0,3.0,3.0,1.0,0.0,4.0,4.0,6.0,1.0,1.0,3.0,3.0,17.0,7.0
0041700222,1610612762,UTA,Utah,203526,Raul Neto,Raul,,,7:37,0.0,2.0,0.0,0.0,1.0,0.0,0.0,0.0,0.0,0.0,1.0,1.0,1.0,0.0,0.0,0.0,1.0,0.0,-2.0
0041700222,1610612762,UTA,Utah,1628396,Tony Bradley,Tony,,DNP - Coach's Decision,,,,,,,,,,,,,,,,,,,,
0041700222,1610612762,UTA,Utah,201973,Jonas Jerebko,Jonas,,DNP - Coach's Decision,,,,,,,,,,,,,,,,,,,,
0041700222,1610612762,UTA,Utah,204065,David Stockton,David,,DNP - Coach's Decision,,,,,,,,,,,,,,,,,,,,
0041700222,1610612762,UTA,Utah,202327,Ekpe Udoh,Ekpe,,DNP - Coach's Decision,,,,,,,,,,,,,,,,,,,,
0041700222,1610612745,HOU,Houston,2772,Trevor Ariza,Trevor,F,,33:18,2.0,5.0,0.4,1.0,4.0,0.25,0.0,0.0,0.0,0.0,4.0,4.0,0.0,1.0,0.0,0.0,1.0,5.0,-10.0
0041700222,1610612745,HOU,Houston,200782,P.J. Tucker,P.J.,F,,33:17,2.0,9.0,0.222,1.0,5.0,0.2,0.0,0.0,0.0,2.0,8.0,10.0,3.0,1.0,2.0,0.0,2.0,5.0,3.0
0041700222,1610612745,HOU,Houston,203991,Clint Capela,Clint,C,,30:59,10.0,15.0,0.667,0.0,0.0,0.0,1.0,2.0,0.5,5.0,6.0,11.0,2.0,1.0,2.0,0.0,4.0,21.0,4.0
0041700222,1610612745,HOU,Houston,201935,James Harden,James,G,,36:29,9.0,22.0,0.409,2.0,10.0,0.2,12.0,13.0,0.923,2.0,4.0,6.0,11.0,2.0,0.0,2.0,5.0,32.0,0.0
0041700222,1610612745,HOU,Houston,101108,Chris Paul,Chris,G,,35:28,8.0,19.0,0.421,2.0,5.0,0.4,5.0,7.0,0.714,0.0,5.0,5.0,3.0,3.0,0.0,2.0,5.0,23.0,-3.0
0041700222,1610612745,HOU,Houston,201601,Luc Mbah a Moute,Luc,,,16:01,1.0,4.0,0.25,0.0,2.0,0.0,2.0,3.0,0.667,0.0,4.0,4.0,1.0,0.0,1.0,1.0,0.0,4.0,-10.0
0041700222,1610612745,HOU,Houston,201569,Eric Gordon,Eric,,,34:26,5.0,16.0,0.313,3.0,6.0,0.5,2.0,2.0,1.0,2.0,4.0,6.0,1.0,1.0,2.0,2.0,3.0,15.0,-9.0
0041700222,1610612745,HOU,Houston,2403,Nene Hilario,Nene,,,4:01,0.0,0.0,0.0,0.0,0.0,0.0,0.0,0.0,0.0,0.0,1.0,1.0,0.0,0.0,0.0,0.0,0.0,0.0,-5.0
0041700222,1610612745,HOU,Houston,101123,Gerald Green,Gerald,,,9:08,1.0,3.0,0.333,1.0,3.0,0.333,0.0,0.0,0.0,0.0,0.0,0.0,0.0,2.0,0.0,0.0,0.0,3.0,-11.0
0041700222,1610612745,HOU,Houston,201583,Ryan Anderson,Ryan,,,6:53,0.0,2.0,0.0,0.0,2.0,0.0,0.0,0.0,0.0,0.0,2.0,2.0,1.0,0.0,0.0,0.0,1.0,0.0,1.0
0041700222,1610612745,HOU,Houston,204028,Tarik Black,Tarik,,DNP - Coach's Decision,,,,,,,,,,,,,,,,,,,,
0041700222,1610612745,HOU,Houston,1628935,Aaron Jackson,Aaron,,DNP - Coach's Decision,,,,,,,,,,,,,,,,,,,,
0041700222,1610612745,HOU,Houston,2207,Joe Johnson,Joe,,DNP - Coach's Decision,,,,,,,,,,,,,,,,,,,,
0041700212,1610612755,PHI,Philadelphia,203496,Robert Covington,Robert,F,,40:26,8.0,15.0,0.533,4.0,7.0,0.571,2.0,2.0,1.0,4.0,5.0,9.0,2.0,2.0,2.0,0.0,5.0,22.0,4.0
0041700212,1610612755,PHI,Philadelphia,203967,Dario Šarić,Dario,F,,34:02,4.0,13.0,0.308,2.0,6.0,0.333,4.0,4.0,1.0,3.0,6.0,9.0,3.0,0.0,0.0,2.0,3.0,14.0,-12.0
0041700212,1610612755,PHI,Philadelphia,203954,Joel Embiid,Joel,C,,36:53,8.0,22.0,0.364,1.0,6.0,0.167,3.0,6.0,0.5,4.0,10.0,14.0,5.0,1.0,1.0,2.0,5.0,20.0,-8.0
0041700212,1610612755,PHI,Philadelphia,200755,JJ Redick,JJ,G,,36:00,9.0,17.0,0.529,5.0,9.0,0.556,0.0,0.0,0.0,1.0,2.0,3.0,2.0,1.0,0.0,0.0,1.0,23.0,-11.0
0041700212,1610612755,PHI,Philadelphia,1627732,Ben Simmons,Ben,G,,30:50,0.0,4.0,0.0,0.0,0.0,0.0,1.0,2.0,0.5,0.0,5.0,5.0,7.0,0.0,1.0,5.0,2.0,1.0,-23.0
0041700212,1610612755,PHI,Philadelphia,101161,Amir Johnson,Amir,,,9:03,0.0,0.0,0.0,0.0,0.0,0.0,0.0,0.0,0.0,0.0,1.0,1.0,2.0,0.0,0.0,0.0,2.0,0.0,3.0
0041700212,1610612755,PHI,Philadelphia,201158,Marco Belinelli,Marco,,,19:34,5.0,11.0,0.455,1.0,4.0,0.25,0.0,0.0,0.0,0.0,1.0,1.0,3.0,0.0,0.0,2.0,1.0,11.0,-3.0
0041700212,1610612755,PHI,Philadelphia,101141,Ersan Ilyasova,Ersan,,,16:00,2.0,6.0,0.333,0.0,1.0,0.0,0.0,0.0,0.0,3.0,3.0,6.0,1.0,1.0,0.0,0.0,1.0,4.0,9.0
0041700212,1610612755,PHI,Philadelphia,204456,T.J. McConnell,T.J.,,,17:12,4.0,4.0,1.0,0.0,0.0,0.0,0.0,0.0,0.0,1.0,0.0,1.0,5.0,2.0,0.0,0.0,1.0,8.0,16.0
0041700212,1610612755,PHI,Philadelphia,1626147,Justin Anderson,Justin,,DNP - Coach's Decision,,,,,,,,,,,,,,,,,,,,
0041700212,1610612755,PHI,Philadelphia,201573,Jerryd Bayless,Jerryd,,DNP - Coach's Decision,,,,,,,,,,,,,,,,,,,,
0041700212,1610612755,PHI,Philadelphia,1628365,Markelle Fultz,Markelle,,DNP - Coach's Decision,,,,,,,,,,,,,,,,,,,,
0041700212,1610612755,PHI,Philadelphia,1626158,Richaun Holmes,Richaun,,DNP - Coach's Decision,,,,,,,,,,,,,,,,,,,,
0041700212,1610612738,BOS,Boston,1628369,Jayson Tatum,Jayson,F,,33:20,7.0,14.0,0.5,2.0,4.0,0.5,5.0,6.0,0.833,0.0,2.0,2.0,2.0,1.0,1.0,2.0,2.0,21.0,-7.0
0041700212,1610612738,BOS,Boston,201143,Al Horford,Al,F,,37:07,5.0,9.0,0.556,0.0,2.0,0.0,3.0,3.0,1.0,3.0,9.0,12.0,5.0,1.0,0.0,1.0,1.0,13.0,21.0
0041700212,1610612738,BOS,Boston,203382,Aron Baynes,Aron,C,,21:11,2.0,6.0,0.333,1.0,3.0,0.333,0.0,0.0,0.0,1.0,3.0,4.0,0.0,0.0,0.0,1.0,1.0,5.0,-16.0
0041700212,1610612738,BOS,Boston,203935,Marcus Smart,Marcus,G,,39:29,6.0,13.0,0.462,4.0,10.0,0.4,3.0,5.0,0.6,0.0,5.0,5.0,3.0,2.0,1.0,3.0,4.0,19.0,9.0
0041700212,1610612738,BOS,Boston,1626179,Terry Rozier,Terry,G,,38:04,6.0,15.0,0.4,4.0,9.0,0.444,4.0,4.0,1.0,0.0,7.0,7.0,9.0,1.0,1.0,0.0,1.0,20.0,17.0
0041700212,1610612738,BOS,Boston,1627759,Jaylen Brown,Jaylen,,,24:41,5.0,12.0,0.417,2.0,5.0,0.4,1.0,2.0,0.5,0.0,4.0,4.0,1.0,1.0,0.0,1.0,2.0,13.0,9.0
0041700212,1610612738,BOS,Boston,202694,Marcus Morris Sr.,Marcus,,,28:23,3.0,8.0,0.375,2.0,3.0,0.667,3.0,4.0,0.75,1.0,5.0,6.0,3.0,0.0,0.0,0.0,3.0,11.0,4.0
0041700212,1610612738,BOS,Boston,203499,Shane Larkin,Shane,,,9:56,1.0,1.0,1.0,0.0,0.0,0.0,0.0,0.0,0.0,0.0,0.0,0.0,0.0,0.0,0.0,1.0,1.0,2.0,-12.0
0041700212,1610612738,BOS,Boston,1628400,Semi Ojeleye,Semi,,,1:34,0.0,0.0,0.0,0.0,0.0,0.0,0.0,0.0,0.0,0.0,0.0,0.0,0.0,0.0,0.0,0.0,0.0,0.0,-2.0
0041700212,1610612738,BOS,Boston,202328,Greg Monroe,Greg,,,6:15,2.0,4.0,0.5,0.0,0.0,0.0,0.0,0.0,0.0,0.0,1.0,1.0,0.0,1.0,0.0,0.0,1.0,4.0,2.0
0041700212,1610612738,BOS,Boston,1627846,Abdel Nader,Abdel,,DNP - Coach's Decision,,,,,,,,,,,,,,,,,,,,
0041700212,1610612738,BOS,Boston,1627824,Guerschon Yabusele,Guerschon,,DNP - Coach's Decision,,,,,,,,,,,,,,,,,,,,
0041700202,1610612739,CLE,Cleveland,2747,JR Smith,JR,F,,35:05,5.0,8.0,0.625,2.0,3.0,0.667,3.0,3.0,1.0,1.0,0.0,1.0,1.0,1.0,0.0,0.0,1.0,15.0,19.0
0041700202,1610612739,CLE,Cleveland,2544,LeBron James,LeBron,F,,40:30,19.0,28.0,0.679,1.0,3.0,0.333,4.0,8.0,0.5,1.0,7.0,8.0,14.0,1.0,0.0,1.0,1.0,43.0,20.0
0041700202,1610612739,CLE,Cleveland,201567,Kevin Love,Kevin,C,,35:14,11.0,21.0,0.524,2.0,6.0,0.333,7.0,7.0,1.0,1.0,10.0,11.0,2.0,1.0,1.0,1.0,4.0,31.0,21.0
0041700202,1610612739,CLE,Cleveland,2594,Kyle Korver,Kyle,G,,27:47,2.0,3.0,0.667,1.0,2.0,0.5,0.0,0.0,0.0,0.0,2.0,2.0,2.0,2.0,0.0,0.0,3.0,5.0,3.0
0041700202,1610612739,CLE,Cleveland,201588,George Hill,George,G,,35:20,5.0,8.0,0.625,0.0,2.0,0.0,3.0,3.0,1.0,1.0,2.0,3.0,2.0,0.0,0.0,0.0,1.0,13.0,20.0
0041700202,1610612739,CLE,Cleveland,202684,Tristan Thompson,Tristan,,,15:10,1.0,1.0,1.0,0.0,0.0,0.0,0.0,0.0,0.0,0.0,2.0,2.0,0.0,0.0,0.0,0.0,0.0,2.0,7.0
0041700202,1610612739,CLE,Cleveland,201145,Jeff Green,Jeff,,,20:11,5.0,8.0,0.625,4.0,6.0,0.667,0.0,2.0,0.0,0.0,1.0,1.0,1.0,0.0,2.0,0.0,2.0,14.0,3.0
0041700202,1610612739,CLE,Cleveland,203918,Rodney Hood,Rodney,,,11:55,0.0,2.0,0.0,0.0,0.0,0.0,0.0,0.0,0.0,1.0,3.0,4.0,3.0,0.0,0.0,1.0,1.0,0.0,0.0
0041700202,1610612739,CLE,Cleveland,203903,Jordan Clarkson,Jordan,,,13:40,2.0,5.0,0.4,1.0,4.0,0.25,0.0,0.0,0.0,0.0,1.0,1.0,0.0,0.0,0.0,0.0,1.0,5.0,-3.0
0041700202,1610612739,CLE,Cleveland,1626204,Larry Nance Jr.,Larry,,,2:34,0.0,0.0,0.0,0.0,0.0,0.0,0.0,0.0,0.0,0.0,1.0,1.0,0.0,0.0,0.0,0.0,0.0,0.0,0.0
0041700202,1610612739,CLE,Cleveland,1626224,Cedi Osman,Cedi,,,2:34,0.0,0.0,0.0,0.0,0.0,0.0,0.0,0.0,0.0,0.0,0.0,0.0,0.0,0.0,0.0,0.0,0.0,0.0,0.0
0041700202,1610612739,CLE,Cleveland,101181,Jose Calderon,Jose,,DNP - Coach's Decision,,,,,,,,,,,,,,,,,,,,
0041700202,1610612739,CLE,Cleveland,1627790,Ante Zizic,Ante,,DNP - Coach's Decision,,,,,,,,,,,,,,,,,,,,
0041700202,1610612761,TOR,Toronto,1628384,OG Anunoby,OG,F,,23:09,2.0,5.0,0.4,1.0,3.0,0.333,0.0,0.0,0.0,0.0,0.0,0.0,1.0,1.0,0.0,1.0,3.0,5.0,-10.0
0041700202,1610612761,TOR,Toronto,201586,Serge Ibaka,Serge,F,,12:12,0.0,5.0,0.0,0.0,1.0,0.0,2.0,2.0,1.0,3.0,3.0,6.0,1.0,0.0,0.0,1.0,0.0,2.0,-10.0
0041700202,1610612761,TOR,Toronto,202685,Jonas Valančiūnas,Jonas,C,,26:51,8.0,11.0,0.727,0.0,1.0,0.0,0.0,0.0,0.0,2.0,10.0,12.0,2.0,0.0,1.0,1.0,2.0,16.0,-11.0
0041700202,1610612761,TOR,Toronto,201942,DeMar DeRozan,DeMar,G,,35:06,11.0,23.0,0.478,0.0,5.0,0.0,2.0,2.0,1.0,0.0,0.0,0.0,3.0,0.0,0.0,1.0,5.0,24.0,-22.0
0041700202,1610612761,TOR,Toronto,200768,Kyle Lowry,Kyle,G,,33:47,7.0,10.0,0.7,3.0,6.0,0.5,4.0,5.0,0.8,0.0,4.0,4.0,8.0,0.0,0.0,4.0,5.0,21.0,-18.0
0041700202,1610612761,TOR,Toronto,101139,CJ Miles,CJ,,,20:04,3.0,5.0,0.6,2.0,2.0,1.0,0.0,0.0,0.0,0.0,0.0,0.0,1.0,0.0,1.0,0.0,3.0,8.0,-12.0
0041700202,1610612761,TOR,Toronto,1627783,Pascal Siakam,Pascal,,,18:15,1.0,1.0,1.0,0.0,0.0,0.0,0.0,0.0,0.0,0.0,6.0,6.0,0.0,0.0,0.0,1.0,4.0,2.0,-1.0
0041700202,1610612761,TOR,Toronto,1627751,Jakob Poeltl,Jakob,,,14:42,3.0,3.0,1.0,0.0,0.0,0.0,2.0,2.0,1.0,0.0,2.0,2.0,1.0,1.0,0.0,0.0,1.0,8.0,-7.0
0041700202,1610612761,TOR,Toronto,1626153,Delon Wright,Delon,,,23:39,2.0,4.0,0.5,1.0,2.0,0.5,0.0,0.0,0.0,0.0,4.0,4.0,4.0,0.0,0.0,2.0,1.0,5.0,-5.0
0041700202,1610612761,TOR,Toronto,1627832,Fred VanVleet,Fred,,,23:55,5.0,10.0,0.5,4.0,7.0,0.571,0.0,0.0,0.0,0.0,0.0,0.0,4.0,0.0,0.0,0.0,0.0,14.0,2.0
0041700202,1610612761,TOR,Toronto,1626181,Norman Powell,Norman,,,3:12,1.0,2.0,0.5,0.0,1.0,0.0,0.0,0.0,0.0,0.0,1.0,1.0,0.0,0.0,0.0,0.0,0.0,2.0,4.0
0041700202,1610612761,TOR,Toronto,203512,Lucas Nogueira,Lucas,,,2:34,0.0,0.0,0.0,0.0,0.0,0.0,0.0,0.0,0.0,0.0,0.0,0.0,0.0,0.0,0.0,0.0,0.0,0.0,0.0
0041700202,1610612761,TOR,Toronto,203485,Lorenzo Brown,Lorenzo,,,2:34,1.0,2.0,0.5,1.0,2.0,0.5,0.0,0.0,0.0,0.0,0.0,0.0,1.0,0.0,0.0,0.0,0.0,3.0,0.0
0041700223,1610612745,HOU,Houston,2772,Trevor Ariza,Trevor,F,,27:32,4.0,8.0,0.5,2.0,5.0,0.4,1.0,2.0,0.5,0.0,3.0,3.0,2.0,1.0,1.0,0.0,0.0,11.0,40.0
0041700223,1610612745,HOU,Houston,200782,P.J. Tucker,P.J.,F,,24:37,4.0,6.0,0.667,1.0,3.0,0.333,0.0,0.0,0.0,0.0,5.0,5.0,0.0,0.0,0.0,0.0,1.0,9.0,20.0
0041700223,1610612745,HOU,Houston,203991,Clint Capela,Clint,C,,30:11,5.0,8.0,0.625,0.0,0.0,0.0,1.0,2.0,0.5,2.0,6.0,8.0,4.0,2.0,4.0,3.0,2.0,11.0,28.0
0041700223,1610612745,HOU,Houston,201935,James Harden,James,G,,30:29,8.0,17.0,0.471,2.0,8.0,0.25,7.0,7.0,1.0,1.0,3.0,4.0,12.0,2.0,1.0,1.0,1.0,25.0,29.0
0041700223,1610612745,HOU,Houston,101108,Chris Paul,Chris,G,,30:51,6.0,17.0,0.353,1.0,7.0,0.143,2.0,2.0,1.0,0.0,7.0,7.0,6.0,1.0,0.0,0.0,1.0,15.0,16.0
0041700223,1610612745,HOU,Houston,201569,Eric Gordon,Eric,,,30:52,8.0,13.0,0.615,4.0,8.0,0.5,5.0,5.0,1.0,0.0,2.0,2.0,0.0,1.0,0.0,0.0,2.0,25.0,21.0
0041700223,1610612745,HOU,Houston,2403,Nene Hilario,Nene,,,13:32,3.0,3.0,1.0,0.0,0.0,0.0,2.0,2.0,1.0,0.0,4.0,4.0,1.0,0.0,0.0,4.0,5.0,8.0,1.0
0041700223,1610612745,HOU,Houston,101123,Gerald Green,Gerald,,,17:18,1.0,4.0,0.25,1.0,3.0,0.333,0.0,0.0,0.0,0.0,3.0,3.0,0.0,1.0,0.0,0.0,1.0,3.0,-15.0
0041700223,1610612745,HOU,Houston,201601,Luc Mbah a Moute,Luc,,,21:47,1.0,4.0,0.25,0.0,2.0,0.0,0.0,0.0,0.0,0.0,4.0,4.0,0.0,0.0,1.0,0.0,2.0,2.0,-11.0
0041700223,1610612745,HOU,Houston,2207,Joe Johnson,Joe,,,4:17,1.0,3.0,0.333,0.0,0.0,0.0,0.0,0.0,0.0,0.0,0.0,0.0,0.0,0.0,0.0,0.0,2.0,2.0,-8.0
0041700223,1610612745,HOU,Houston,201583,Ryan Anderson,Ryan,,,4:17,1.0,1.0,1.0,0.0,0.0,0.0,0.0,0.0,0.0,0.0,0.0,0.0,1.0,0.0,0.0,0.0,0.0,2.0,-8.0
0041700223,1610612745,HOU,Houston,204028,Tarik Black,Tarik,,,4:17,0.0,2.0,0.0,0.0,0.0,0.0,0.0,0.0,0.0,0.0,1.0,1.0,0.0,0.0,0.0,0.0,2.0,0.0,-8.0
0041700223,1610612745,HOU,Houston,1628935,Aaron Jackson,Aaron,,DNP - Coach's Decision,,,,,,,,,,,,,,,,,,,,
0041700223,1610612762,UTA,Utah,204060,Joe Ingles,Joe,F,,30:28,2.0,10.0,0.2,2.0,7.0,0.286,0.0,0.0,0.0,0.0,5.0,5.0,1.0,0.0,0.0,5.0,0.0,6.0,-23.0
0041700223,1610612762,UTA,Utah,202324,Derrick Favors,Derrick,F,,13:14,1.0,4.0,0.25,0.0,1.0,0.0,0.0,0.0,0.0,0.0,2.0,2.0,2.0,0.0,0.0,1.0,1.0,2.0,-19.0
0041700223,1610612762,UTA,Utah,203497,Rudy Gobert,Rudy,C,,32:11,6.0,8.0,0.75,0.0,0.0,0.0,0.0,0.0,0.0,2.0,7.0,9.0,2.0,0.0,2.0,1.0,4.0,12.0,-23.0
0041700223,1610612762,UTA,Utah,1626220,Royce O'Neale,Royce,G,,29:25,7.0,10.0,0.7,3.0,5.0,0.6,0.0,0.0,0.0,0.0,5.0,5.0,1.0,0.0,0.0,3.0,4.0,17.0,-29.0
0041700223,1610612762,UTA,Utah,1628378,Donovan Mitchell,Donovan,G,,30:54,4.0,16.0,0.25,2.0,7.0,0.286,0.0,0.0,0.0,0.0,1.0,1.0,3.0,0.0,0.0,3.0,4.0,10.0,-31.0
0041700223,1610612762,UTA,Utah,203109,Jae Crowder,Jae,,,24:39,1.0,6.0,0.167,1.0,3.0,0.333,4.0,6.0,0.667,0.0,5.0,5.0,3.0,0.0,0.0,0.0,0.0,7.0,-17.0
0041700223,1610612762,UTA,Utah,203957,Danté Exum,Danté,,,14:30,3.0,7.0,0.429,0.0,0.0,0.0,0.0,0.0,0.0,2.0,1.0,3.0,0.0,0.0,1.0,1.0,3.0,6.0,-3.0
0041700223,1610612762,UTA,Utah,202692,Alec Burks,Alec,,,17:32,5.0,11.0,0.455,3.0,4.0,0.75,1.0,1.0,1.0,0.0,4.0,4.0,1.0,0.0,0.0,1.0,1.0,14.0,2.0
0041700223,1610612762,UTA,Utah,203526,Raul Neto,Raul,,,16:54,2.0,4.0,0.5,0.0,1.0,0.0,4.0,4.0,1.0,0.0,3.0,3.0,4.0,2.0,0.0,1.0,1.0,8.0,13.0
0041700223,1610612762,UTA,Utah,201973,Jonas Jerebko,Jonas,,,14:33,2.0,3.0,0.667,0.0,0.0,0.0,2.0,2.0,1.0,0.0,2.0,2.0,0.0,1.0,0.0,0.0,0.0,6.0,9.0
0041700223,1610612762,UTA,Utah,202327,Ekpe Udoh,Ekpe,,,9:29,0.0,0.0,0.0,0.0,0.0,0.0,0.0,2.0,0.0,0.0,2.0,2.0,0.0,0.0,1.0,0.0,0.0,0.0,6.0
0041700223,1610612762,UTA,Utah,204065,David Stockton,David,,,4:17,1.0,3.0,0.333,0.0,1.0,0.0,0.0,0.0,0.0,0.0,1.0,1.0,0.0,0.0,0.0,0.0,1.0,2.0,8.0
0041700223,1610612762,UTA,Utah,1628396,Tony Bradley,Tony,,,1:54,1.0,2.0,0.5,0.0,0.0,0.0,0.0,0.0,0.0,1.0,0.0,1.0,0.0,0.0,0.0,0.0,0.0,2.0,2.0
0041700233,1610612744,GSW,Golden State,201142,Kevin Durant,Kevin,F,,35:15,8.0,18.0,0.444,1.0,6.0,0.167,5.0,6.0,0.833,0.0,3.0,3.0,3.0,2.0,0.0,1.0,1.0,22.0,-24.0
0041700233,1610612744,GSW,Golden State,203110,Draymond Green,Draymond,F,,36:25,3.0,8.0,0.375,2.0,4.0,0.5,3.0,4.0,0.75,1.0,11.0,12.0,9.0,0.0,0.0,7.0,3.0,11.0,-25.0
0041700233,1610612744,GSW,Golden State,201580,JaVale McGee,JaVale,C,,9:10,1.0,2.0,0.5,0.0,0.0,0.0,0.0,0.0,0.0,2.0,0.0,2.0,0.0,0.0,0.0,0.0,2.0,2.0,-10.0
0041700233,1610612744,GSW,Golden State,202691,Klay Thompson,Klay,G,,36:22,9.0,22.0,0.409,3.0,9.0,0.333,5.0,5.0,1.0,0.0,7.0,7.0,1.0,0.0,0.0,1.0,3.0,26.0,-25.0
0041700233,1610612744,GSW,Golden State,201939,Stephen Curry,Stephen,G,,28:33,6.0,19.0,0.316,3.0,9.0,0.333,4.0,4.0,1.0,2.0,4.0,6.0,2.0,4.0,2.0,3.0,1.0,19.0,-12.0
0041700233,1610612744,GSW,Golden State,1626172,Kevon Looney,Kevon,,,22:03,3.0,4.0,0.75,0.0,0.0,0.0,0.0,0.0,0.0,1.0,4.0,5.0,0.0,1.0,0.0,0.0,3.0,6.0,-10.0
0041700233,1610612744,GSW,Golden State,2738,Andre Iguodala,Andre,,,27:41,2.0,4.0,0.5,0.0,0.0,0.0,0.0,0.0,0.0,1.0,1.0,2.0,1.0,2.0,0.0,0.0,2.0,4.0,-7.0
0041700233,1610612744,GSW,Golden State,2733,Shaun Livingston,Shaun,,,16:49,1.0,5.0,0.2,0.0,0.0,0.0,0.0,0.0,0.0,0.0,0.0,0.0,3.0,0.0,1.0,0.0,2.0,2.0,-2.0
0041700233,1610612744,GSW,Golden State,2561,David West,David,,,7:46,0.0,0.0,0.0,0.0,0.0,0.0,0.0,0.0,0.0,0.0,0.0,0.0,1.0,0.0,0.0,0.0,0.0,0.0,0.0
0041700233,1610612744,GSW,Golden State,1626188,Quinn Cook,Quinn,,,4:59,1.0,5.0,0.2,0.0,1.0,0.0,0.0,0.0,0.0,0.0,0.0,0.0,0.0,0.0,0.0,0.0,0.0,2.0,5.0
0041700233,1610612744,GSW,Golden State,2585,Zaza Pachulia,Zaza,,,4:59,1.0,2.0,0.5,0.0,0.0,0.0,1.0,2.0,0.5,3.0,2.0,5.0,0.0,1.0,0.0,0.0,0.0,3.0,5.0
0041700233,1610612744,GSW,Golden State,201156,Nick Young,Nick,,,4:59,0.0,2.0,0.0,0.0,2.0,0.0,2.0,3.0,0.667,0.0,2.0,2.0,0.0,0.0,0.0,0.0,0.0,2.0,5.0
0041700233,1610612744,GSW,Golden State,1628395,Jordan Bell,Jordan,,,4:59,0.0,1.0,0.0,0.0,0.0,0.0,1.0,2.0,0.5,0.0,0.0,0.0,2.0,1.0,1.0,0.0,0.0,1.0,5.0
0041700233,1610612740,NOP,New Orleans,202734,E'Twaun Moore,E'Twaun,F,,35:43,5.0,11.0,0.455,0.0,1.0,0.0,3.0,3.0,1.0,0.0,1.0,1.0,3.0,0.0,0.0,1.0,1.0,13.0,12.0
0041700233,1610612740,NOP,New Orleans,202703,Nikola Mirotic,Nikola,F,,33:31,6.0,12.0,0.5,3.0,5.0,0.6,1.0,1.0,1.0,2.0,11.0,13.0,3.0,0.0,0.0,2.0,2.0,16.0,14.0
0041700233,1610612740,NOP,New Orleans,203076,Anthony Davis,Anthony,C,,40:35,15.0,27.0,0.556,1.0,3.0,0.333,2.0,3.0,0.667,3.0,15.0,18.0,3.0,4.0,0.0,1.0,4.0,33.0,24.0
0041700233,1610612740,NOP,New Orleans,201950,Jrue Holiday,Jrue,G,,35:37,8.0,14.0,0.571,3.0,7.0,0.429,2.0,4.0,0.5,1.0,6.0,7.0,5.0,2.0,2.0,2.0,2.0,21.0,24.0
0041700233,1610612740,NOP,New Orleans,200765,Rajon Rondo,Rajon,G,,37:14,2.0,11.0,0.182,0.0,2.0,0.0,0.0,0.0,0.0,2.0,8.0,10.0,21.0,1.0,0.0,4.0,2.0,4.0,23.0
0041700233,1610612740,NOP,New Orleans,203524,Solomon Hill,Solomon,,,14:20,3.0,6.0,0.5,3.0,6.0,0.5,0.0,0.0,0.0,1.0,1.0,2.0,0.0,0.0,0.0,1.0,3.0,9.0,9.0
0041700233,1610612740,NOP,New Orleans,203121,Darius Miller,Darius,,,14:18,2.0,4.0,0.5,1.0,2.0,0.5,0.0,0.0,0.0,1.0,1.0,2.0,0.0,0.0,0.0,2.0,2.0,5.0,-3.0
0041700233,1610612740,NOP,New Orleans,203546,Ian Clark,Ian,,,21:32,7.0,11.0,0.636,3.0,5.0,0.6,1.0,1.0,1.0,0.0,1.0,1.0,1.0,0.0,1.0,0.0,1.0,18.0,2.0
0041700233,1610612740,NOP,New Orleans,1627767,Cheick Diallo,Cheick,,,3:35,0.0,0.0,0.0,0.0,0.0,0.0,0.0,0.0,0.0,0.0,0.0,0.0,0.0,0.0,0.0,1.0,3.0,0.0,-5.0
0041700233,1610612740,NOP,New Orleans,202732,DeAndre Liggins,DeAndre,,,3:35,0.0,0.0,0.0,0.0,0.0,0.0,0.0,0.0,0.0,0.0,0.0,0.0,0.0,0.0,0.0,1.0,0.0,0.0,-5.0
0041700233,1610612740,NOP,New Orleans,202348,Jordan Crawford,Jordan,,DNP - Coach's Decision,,,,,,,,,,,,,,,,,,,,
0041700233,1610612740,NOP,New Orleans,1628402,Frank Jackson,Frank,,DND - Injury/Illness,,,,,,,,,,,,,,,,,,,,
0041700233,1610612740,NOP,New Orleans,2731,Emeka Okafor,Emeka,,DNP - Coach's Decision,,,,,,,,,,,,,,,,,,,,
0041700203,1610612761,TOR,Toronto,201942,DeMar DeRozan,DeMar,F,,27:48,3.0,12.0,0.25,0.0,0.0,0.0,2.0,2.0,1.0,1.0,3.0,4.0,2.0,2.0,2.0,3.0,3.0,8.0,-23.0
0041700203,1610612761,TOR,Toronto,1628384,OG Anunoby,OG,F,,32:57,7.0,12.0,0.583,4.0,7.0,0.571,0.0,2.0,0.0,2.0,2.0,4.0,0.0,0.0,1.0,0.0,2.0,18.0,0.0
0041700203,1610612761,TOR,Toronto,202685,Jonas Valančiūnas,Jonas,C,,19:35,3.0,6.0,0.5,0.0,0.0,0.0,4.0,4.0,1.0,3.0,8.0,11.0,0.0,0.0,2.0,4.0,3.0,10.0,-3.0
0041700203,1610612761,TOR,Toronto,1627832,Fred VanVleet,Fred,G,,33:11,2.0,9.0,0.222,1.0,7.0,0.143,3.0,4.0,0.75,0.0,1.0,1.0,2.0,0.0,0.0,1.0,3.0,8.0,14.0
0041700203,1610612761,TOR,Toronto,200768,Kyle Lowry,Kyle,G,,41:11,9.0,13.0,0.692,4.0,8.0,0.5,5.0,6.0,0.833,0.0,3.0,3.0,7.0,2.0,0.0,5.0,2.0,27.0,-6.0
0041700203,1610612761,TOR,Toronto,101139,CJ Miles,CJ,,,34:15,5.0,9.0,0.556,3.0,7.0,0.429,0.0,1.0,0.0,2.0,4.0,6.0,1.0,1.0,0.0,1.0,4.0,13.0,6.0
0041700203,1610612761,TOR,Toronto,201586,Serge Ibaka,Serge,,,28:17,3.0,7.0,0.429,1.0,3.0,0.333,4.0,4.0,1.0,1.0,7.0,8.0,1.0,0.0,4.0,2.0,6.0,11.0,3.0
0041700203,1610612761,TOR,Toronto,1627783,Pascal Siakam,Pascal,,,14:24,3.0,6.0,0.5,0.0,0.0,0.0,0.0,0.0,0.0,3.0,0.0,3.0,0.0,0.0,0.0,1.0,4.0,6.0,-2.0
0041700203,1610612761,TOR,Toronto,1626153,Delon Wright,Delon,,,8:22,0.0,1.0,0.0,0.0,1.0,0.0,2.0,2.0,1.0,0.0,1.0,1.0,1.0,0.0,2.0,0.0,1.0,2.0,1.0
0041700203,1610612761,TOR,Toronto,203485,Lorenzo Brown,Lorenzo,,DNP - Coach's Decision,,,,,,,,,,,,,,,,,,,,
0041700203,1610612761,TOR,Toronto,203512,Lucas Nogueira,Lucas,,DNP - Coach's Decision,,,,,,,,,,,,,,,,,,,,
0041700203,1610612761,TOR,Toronto,1627751,Jakob Poeltl,Jakob,,DNP - Coach's Decision,,,,,,,,,,,,,,,,,,,,
0041700203,1610612761,TOR,Toronto,1626181,Norman Powell,Norman,,DNP - Coach's Decision,,,,,,,,,,,,,,,,,,,,
0041700203,1610612739,CLE,Cleveland,2747,JR Smith,JR,F,,25:57,0.0,2.0,0.0,0.0,1.0,0.0,0.0,0.0,0.0,0.0,1.0,1.0,1.0,1.0,0.0,0.0,4.0,0.0,-4.0
0041700203,1610612739,CLE,Cleveland,2544,LeBron James,LeBron,F,,41:16,14.0,26.0,0.538,1.0,4.0,0.25,9.0,11.0,0.818,1.0,5.0,6.0,7.0,3.0,1.0,4.0,1.0,38.0,2.0
0041700203,1610612739,CLE,Cleveland,201567,Kevin Love,Kevin,C,,38:22,7.0,14.0,0.5,1.0,3.0,0.333,6.0,7.0,0.857,1.0,15.0,16.0,2.0,1.0,1.0,1.0,3.0,21.0,20.0
0041700203,1610612739,CLE,Cleveland,2594,Kyle Korver,Kyle,G,,33:09,6.0,8.0,0.75,4.0,6.0,0.667,2.0,2.0,1.0,0.0,4.0,4.0,2.0,0.0,0.0,1.0,0.0,18.0,11.0
0041700203,1610612739,CLE,Cleveland,201588,George Hill,George,G,,34:38,4.0,7.0,0.571,2.0,3.0,0.667,2.0,2.0,1.0,0.0,1.0,1.0,2.0,0.0,1.0,3.0,4.0,12.0,6.0
0041700203,1610612739,CLE,Cleveland,201145,Jeff Green,Jeff,,,31:09,5.0,12.0,0.417,0.0,3.0,0.0,1.0,3.0,0.333,1.0,1.0,2.0,2.0,0.0,1.0,0.0,1.0,11.0,3.0
0041700203,1610612739,CLE,Cleveland,203918,Rodney Hood,Rodney,,,10:38,0.0,2.0,0.0,0.0,1.0,0.0,0.0,0.0,0.0,1.0,1.0,2.0,1.0,0.0,0.0,0.0,4.0,0.0,-8.0
0041700203,1610612739,CLE,Cleveland,203903,Jordan Clarkson,Jordan,,,11:20,2.0,7.0,0.286,1.0,4.0,0.25,0.0,0.0,0.0,0.0,1.0,1.0,1.0,2.0,0.0,1.0,1.0,5.0,-11.0
0041700203,1610612739,CLE,Cleveland,202684,Tristan Thompson,Tristan,,,13:31,0.0,1.0,0.0,0.0,0.0,0.0,0.0,0.0,0.0,2.0,1.0,3.0,0.0,0.0,0.0,0.0,1.0,0.0,-9.0
0041700203,1610612739,CLE,Cleveland,101181,Jose Calderon,Jose,,DNP - Coach's Decision,,,,,,,,,,,,,,,,,,,,
0041700203,1610612739,CLE,Cleveland,1626204,Larry Nance Jr.,Larry,,DNP - Coach's Decision,,,,,,,,,,,,,,,,,,,,
0041700203,1610612739,CLE,Cleveland,1626224,Cedi Osman,Cedi,,DNP - Coach's Decision,,,,,,,,,,,,,,,,,,,,
0041700203,1610612739,CLE,Cleveland,1627790,Ante Zizic,Ante,,DNP - Coach's Decision,,,,,,,,,,,,,,,,,,,,
0041700213,1610612738,BOS,Boston,1628369,Jayson Tatum,Jayson,F,,41:27,11.0,17.0,0.647,1.0,4.0,0.25,1.0,4.0,0.25,1.0,4.0,5.0,4.0,1.0,0.0,4.0,3.0,24.0,24.0
0041700213,1610612738,BOS,Boston,201143,Al Horford,Al,F,,41:34,5.0,12.0,0.417,0.0,2.0,0.0,3.0,4.0,0.75,1.0,5.0,6.0,2.0,2.0,3.0,2.0,0.0,13.0,4.0
0041700213,1610612738,BOS,Boston,203382,Aron Baynes,Aron,C,,23:23,3.0,7.0,0.429,1.0,2.0,0.5,0.0,0.0,0.0,3.0,7.0,10.0,3.0,0.0,0.0,0.0,5.0,7.0,-8.0
0041700213,1610612738,BOS,Boston,203935,Marcus Smart,Marcus,G,,31:28,4.0,11.0,0.364,1.0,7.0,0.143,0.0,0.0,0.0,0.0,2.0,2.0,3.0,2.0,1.0,5.0,6.0,9.0,-7.0
0041700213,1610612738,BOS,Boston,1626179,Terry Rozier,Terry,G,,44:28,7.0,15.0,0.467,2.0,8.0,0.25,2.0,2.0,1.0,1.0,6.0,7.0,3.0,2.0,0.0,0.0,0.0,18.0,-3.0
0041700213,1610612738,BOS,Boston,1627759,Jaylen Brown,Jaylen,,,29:14,6.0,12.0,0.5,3.0,6.0,0.5,1.0,2.0,0.5,2.0,7.0,9.0,0.0,1.0,2.0,2.0,4.0,16.0,3.0
0041700213,1610612738,BOS,Boston,202694,Marcus Morris Sr.,Marcus,,,35:25,3.0,14.0,0.214,1.0,7.0,0.143,2.0,2.0,1.0,1.0,6.0,7.0,3.0,0.0,1.0,0.0,1.0,9.0,13.0
0041700213,1610612738,BOS,Boston,203499,Shane Larkin,Shane,,,14:26,1.0,2.0,0.5,0.0,1.0,0.0,0.0,0.0,0.0,0.0,3.0,3.0,1.0,1.0,0.0,0.0,1.0,2.0,3.0
0041700213,1610612738,BOS,Boston,1628400,Semi Ojeleye,Semi,,,3:36,1.0,1.0,1.0,1.0,1.0,1.0,0.0,0.0,0.0,0.0,0.0,0.0,0.0,0.0,0.0,0.0,0.0,3.0,-14.0
0041700213,1610612738,BOS,Boston,202328,Greg Monroe,Greg,,DNP - Coach's Decision,,,,,,,,,,,,,,,,,,,,
0041700213,1610612738,BOS,Boston,1627846,Abdel Nader,Abdel,,DNP - Coach's Decision,,,,,,,,,,,,,,,,,,,,
0041700213,1610612738,BOS,Boston,1627824,Guerschon Yabusele,Guerschon,,DNP - Coach's Decision,,,,,,,,,,,,,,,,,,,,
0041700213,1610612755,PHI,Philadelphia,203496,Robert Covington,Robert,F,,24:50,0.0,8.0,0.0,0.0,5.0,0.0,1.0,2.0,0.5,1.0,1.0,2.0,1.0,1.0,0.0,1.0,1.0,1.0,-12.0
0041700213,1610612755,PHI,Philadelphia,203967,Dario Šarić,Dario,F,,34:12,4.0,11.0,0.364,2.0,4.0,0.5,1.0,3.0,0.333,1.0,4.0,5.0,3.0,3.0,1.0,0.0,1.0,11.0,-8.0
0041700213,1610612755,PHI,Philadelphia,203954,Joel Embiid,Joel,C,,41:10,10.0,26.0,0.385,0.0,1.0,0.0,2.0,3.0,0.667,6.0,13.0,19.0,2.0,1.0,1.0,3.0,6.0,22.0,6.0
0041700213,1610612755,PHI,Philadelphia,200755,JJ Redick,JJ,G,,41:18,6.0,15.0,0.4,3.0,8.0,0.375,3.0,4.0,0.75,0.0,2.0,2.0,2.0,2.0,0.0,3.0,1.0,18.0,-1.0
0041700213,1610612755,PHI,Philadelphia,1627732,Ben Simmons,Ben,G,,42:41,8.0,14.0,0.571,0.0,0.0,0.0,0.0,0.0,0.0,1.0,7.0,8.0,8.0,1.0,2.0,4.0,1.0,16.0,-11.0
0041700213,1610612755,PHI,Philadelphia,101161,Amir Johnson,Amir,,,3:09,0.0,0.0,0.0,0.0,0.0,0.0,0.0,0.0,0.0,1.0,0.0,1.0,0.0,0.0,0.0,0.0,0.0,0.0,-7.0
0041700213,1610612755,PHI,Philadelphia,201158,Marco Belinelli,Marco,,,36:25,4.0,12.0,0.333,2.0,7.0,0.286,2.0,2.0,1.0,0.0,4.0,4.0,3.0,0.0,0.0,1.0,3.0,12.0,13.0
0041700213,1610612755,PHI,Philadelphia,101141,Ersan Ilyasova,Ersan,,,27:02,4.0,9.0,0.444,2.0,5.0,0.4,4.0,4.0,1.0,3.0,4.0,7.0,2.0,0.0,1.0,0.0,1.0,14.0,6.0
0041700213,1610612755,PHI,Philadelphia,204456,T.J. McConnell,T.J.,,,14:13,2.0,2.0,1.0,0.0,0.0,0.0,0.0,0.0,0.0,0.0,2.0,2.0,2.0,0.0,0.0,2.0,0.0,4.0,-1.0
0041700213,1610612755,PHI,Philadelphia,1626147,Justin Anderson,Justin,,DNP - Coach's Decision,,,,,,,,,,,,,,,,,,,,
0041700213,1610612755,PHI,Philadelphia,201573,Jerryd Bayless,Jerryd,,DNP - Coach's Decision,,,,,,,,,,,,,,,,,,,,
0041700213,1610612755,PHI,Philadelphia,1628365,Markelle Fultz,Markelle,,DNP - Coach's Decision,,,,,,,,,,,,,,,,,,,,
0041700213,1610612755,PHI,Philadelphia,1626158,Richaun Holmes,Richaun,,DNP - Coach's Decision,,,,,,,,,,,,,,,,,,,,
0041700224,1610612745,HOU,Houston,2772,Trevor Ariza,Trevor,F,,31:51,2.0,7.0,0.286,2.0,7.0,0.286,0.0,0.0,0.0,0.0,4.0,4.0,0.0,0.0,0.0,0.0,3.0,6.0,10.0
0041700224,1610612745,HOU,Houston,200782,P.J. Tucker,P.J.,F,,34:51,3.0,6.0,0.5,3.0,5.0,0.6,2.0,2.0,1.0,1.0,6.0,7.0,1.0,0.0,1.0,0.0,2.0,11.0,12.0
0041700224,1610612745,HOU,Houston,203991,Clint Capela,Clint,C,,37:05,6.0,11.0,0.545,0.0,0.0,0.0,0.0,0.0,0.0,5.0,10.0,15.0,2.0,2.0,6.0,0.0,2.0,12.0,3.0
0041700224,1610612745,HOU,Houston,201935,James Harden,James,G,,36:24,8.0,22.0,0.364,1.0,7.0,0.143,7.0,8.0,0.875,0.0,4.0,4.0,3.0,4.0,0.0,8.0,3.0,24.0,16.0
0041700224,1610612745,HOU,Houston,101108,Chris Paul,Chris,G,,35:16,12.0,23.0,0.522,1.0,6.0,0.167,2.0,2.0,1.0,2.0,10.0,12.0,6.0,2.0,1.0,1.0,3.0,27.0,10.0
0041700224,1610612745,HOU,Houston,201569,Eric Gordon,Eric,,,25:45,3.0,10.0,0.3,1.0,6.0,0.167,2.0,2.0,1.0,0.0,2.0,2.0,2.0,0.0,0.0,2.0,3.0,9.0,3.0
0041700224,1610612745,HOU,Houston,2403,Nene Hilario,Nene,,,10:00,0.0,1.0,0.0,0.0,0.0,0.0,2.0,2.0,1.0,1.0,1.0,2.0,1.0,1.0,0.0,1.0,3.0,2.0,7.0
0041700224,1610612745,HOU,Houston,201601,Luc Mbah a Moute,Luc,,,16:09,1.0,3.0,0.333,0.0,2.0,0.0,1.0,1.0,1.0,0.0,2.0,2.0,0.0,2.0,1.0,1.0,0.0,3.0,3.0
0041700224,1610612745,HOU,Houston,101123,Gerald Green,Gerald,,,12:39,2.0,5.0,0.4,2.0,5.0,0.4,0.0,0.0,0.0,0.0,1.0,1.0,0.0,0.0,0.0,0.0,2.0,6.0,1.0
0041700224,1610612745,HOU,Houston,201583,Ryan Anderson,Ryan,,DNP - Coach's Decision,,,,,,,,,,,,,,,,,,,,
0041700224,1610612745,HOU,Houston,204028,Tarik Black,Tarik,,DNP - Coach's Decision,,,,,,,,,,,,,,,,,,,,
0041700224,1610612745,HOU,Houston,1628935,Aaron Jackson,Aaron,,DNP - Coach's Decision,,,,,,,,,,,,,,,,,,,,
0041700224,1610612745,HOU,Houston,2207,Joe Johnson,Joe,,DNP - Coach's Decision,,,,,,,,,,,,,,,,,,,,
0041700224,1610612762,UTA,Utah,204060,Joe Ingles,Joe,F,,40:36,6.0,13.0,0.462,2.0,7.0,0.286,1.0,2.0,0.5,0.0,8.0,8.0,4.0,1.0,0.0,2.0,3.0,15.0,-7.0
0041700224,1610612762,UTA,Utah,203109,Jae Crowder,Jae,F,,33:59,1.0,11.0,0.091,1.0,7.0,0.143,2.0,2.0,1.0,0.0,5.0,5.0,2.0,1.0,2.0,0.0,2.0,5.0,-9.0
0041700224,1610612762,UTA,Utah,203497,Rudy Gobert,Rudy,C,,32:17,5.0,7.0,0.714,0.0,0.0,0.0,1.0,2.0,0.5,4.0,6.0,10.0,0.0,1.0,3.0,3.0,1.0,11.0,-27.0
0041700224,1610612762,UTA,Utah,1626220,Royce O'Neale,Royce,G,,28:25,3.0,7.0,0.429,0.0,3.0,0.0,2.0,2.0,1.0,0.0,5.0,5.0,1.0,0.0,0.0,4.0,3.0,8.0,-11.0
0041700224,1610612762,UTA,Utah,1628378,Donovan Mitchell,Donovan,G,,38:04,8.0,24.0,0.333,2.0,7.0,0.286,7.0,7.0,1.0,1.0,8.0,9.0,2.0,4.0,0.0,3.0,6.0,25.0,-6.0
0041700224,1610612762,UTA,Utah,203957,Danté Exum,Danté,,,10:10,4.0,6.0,0.667,0.0,1.0,0.0,1.0,2.0,0.5,0.0,0.0,0.0,1.0,0.0,0.0,0.0,3.0,9.0,-9.0
0041700224,1610612762,UTA,Utah,202324,Derrick Favors,Derrick,,,15:43,2.0,2.0,1.0,0.0,0.0,0.0,1.0,2.0,0.5,1.0,0.0,1.0,1.0,1.0,0.0,1.0,1.0,5.0,14.0
0041700224,1610612762,UTA,Utah,201973,Jonas Jerebko,Jonas,,,14:01,0.0,1.0,0.0,0.0,1.0,0.0,0.0,0.0,0.0,0.0,1.0,1.0,2.0,0.0,0.0,0.0,1.0,0.0,-4.0
0041700224,1610612762,UTA,Utah,202692,Alec Burks,Alec,,,9:08,0.0,2.0,0.0,0.0,0.0,0.0,0.0,0.0,0.0,1.0,3.0,4.0,1.0,0.0,0.0,1.0,0.0,0.0,-9.0
0041700224,1610612762,UTA,Utah,203526,Raul Neto,Raul,,,17:37,3.0,10.0,0.3,2.0,3.0,0.667,1.0,1.0,1.0,1.0,1.0,2.0,2.0,0.0,0.0,2.0,1.0,9.0,3.0
0041700224,1610612762,UTA,Utah,1628396,Tony Bradley,Tony,,DNP - Coach's Decision,,,,,,,,,,,,,,,,,,,,
0041700224,1610612762,UTA,Utah,204065,David Stockton,David,,DNP - Coach's Decision,,,,,,,,,,,,,,,,,,,,
0041700224,1610612762,UTA,Utah,202327,Ekpe Udoh,Ekpe,,DNP - Coach's Decision,,,,,,,,,,,,,,,,,,,,
0041700234,1610612744,GSW,Golden State,2738,Andre Iguodala,Andre,F,,29:18,2.0,7.0,0.286,2.0,5.0,0.4,0.0,0.0,0.0,1.0,6.0,7.0,6.0,3.0,1.0,0.0,3.0,6.0,21.0
0041700234,1610612744,GSW,Golden State,201142,Kevin Durant,Kevin,F,,36:19,15.0,27.0,0.556,2.0,5.0,0.4,6.0,6.0,1.0,1.0,8.0,9.0,5.0,1.0,1.0,2.0,1.0,38.0,23.0
0041700234,1610612744,GSW,Golden State,203110,Draymond Green,Draymond,C,,37:22,3.0,9.0,0.333,2.0,4.0,0.5,0.0,0.0,0.0,1.0,8.0,9.0,9.0,5.0,2.0,3.0,3.0,8.0,28.0
0041700234,1610612744,GSW,Golden State,202691,Klay Thompson,Klay,G,,36:31,5.0,13.0,0.385,1.0,6.0,0.167,2.0,2.0,1.0,0.0,7.0,7.0,0.0,0.0,0.0,1.0,2.0,13.0,23.0
0041700234,1610612744,GSW,Golden State,201939,Stephen Curry,Stephen,G,,31:53,8.0,17.0,0.471,4.0,9.0,0.444,3.0,3.0,1.0,0.0,1.0,1.0,2.0,0.0,0.0,2.0,1.0,23.0,21.0
0041700234,1610612744,GSW,Golden State,1626172,Kevon Looney,Kevon,,,20:33,3.0,4.0,0.75,0.0,0.0,0.0,1.0,2.0,0.5,1.0,2.0,3.0,1.0,0.0,0.0,1.0,3.0,7.0,-2.0
0041700234,1610612744,GSW,Golden State,1626188,Quinn Cook,Quinn,,,17:12,5.0,8.0,0.625,0.0,3.0,0.0,2.0,3.0,0.667,0.0,4.0,4.0,0.0,1.0,0.0,1.0,1.0,12.0,5.0
0041700234,1610612744,GSW,Golden State,2733,Shaun Livingston,Shaun,,,11:46,2.0,5.0,0.4,0.0,0.0,0.0,0.0,0.0,0.0,0.0,1.0,1.0,2.0,0.0,0.0,0.0,2.0,4.0,3.0
0041700234,1610612744,GSW,Golden State,2561,David West,David,,,3:56,2.0,2.0,1.0,0.0,0.0,0.0,0.0,0.0,0.0,0.0,0.0,0.0,2.0,0.0,1.0,0.0,2.0,4.0,-4.0
0041700234,1610612744,GSW,Golden State,1628395,Jordan Bell,Jordan,,,4:31,0.0,0.0,0.0,0.0,0.0,0.0,0.0,0.0,0.0,0.0,1.0,1.0,1.0,0.0,0.0,0.0,1.0,0.0,3.0
0041700234,1610612744,GSW,Golden State,201156,Nick Young,Nick,,,4:09,0.0,1.0,0.0,0.0,0.0,0.0,0.0,0.0,0.0,0.0,0.0,0.0,0.0,0.0,0.0,0.0,0.0,0.0,3.0
0041700234,1610612744,GSW,Golden State,2585,Zaza Pachulia,Zaza,,,3:26,0.0,0.0,0.0,0.0,0.0,0.0,1.0,2.0,0.5,1.0,0.0,1.0,0.0,1.0,0.0,1.0,1.0,1.0,3.0
0041700234,1610612744,GSW,Golden State,201580,JaVale McGee,JaVale,,,3:04,1.0,2.0,0.5,0.0,1.0,0.0,0.0,0.0,0.0,0.0,2.0,2.0,0.0,0.0,0.0,0.0,0.0,2.0,3.0
0041700234,1610612740,NOP,New Orleans,202734,E'Twaun Moore,E'Twaun,F,,36:45,8.0,14.0,0.571,1.0,4.0,0.25,3.0,4.0,0.75,0.0,1.0,1.0,1.0,0.0,0.0,1.0,2.0,20.0,-21.0
0041700234,1610612740,NOP,New Orleans,202703,Nikola Mirotic,Nikola,F,,31:52,1.0,7.0,0.143,0.0,2.0,0.0,5.0,5.0,1.0,2.0,9.0,11.0,2.0,0.0,2.0,2.0,3.0,7.0,-16.0
0041700234,1610612740,NOP,New Orleans,203076,Anthony Davis,Anthony,C,,39:56,8.0,22.0,0.364,0.0,3.0,0.0,10.0,10.0,1.0,2.0,10.0,12.0,1.0,1.0,2.0,6.0,4.0,26.0,-25.0
0041700234,1610612740,NOP,New Orleans,201950,Jrue Holiday,Jrue,G,,39:33,8.0,16.0,0.5,1.0,4.0,0.25,2.0,4.0,0.5,2.0,5.0,7.0,3.0,1.0,0.0,2.0,3.0,19.0,-25.0
0041700234,1610612740,NOP,New Orleans,200765,Rajon Rondo,Rajon,G,,31:58,2.0,10.0,0.2,1.0,2.0,0.5,1.0,4.0,0.25,2.0,9.0,11.0,6.0,0.0,0.0,4.0,1.0,6.0,-20.0
0041700234,1610612740,NOP,New Orleans,203524,Solomon Hill,Solomon,,,12:24,1.0,2.0,0.5,1.0,2.0,0.5,0.0,0.0,0.0,1.0,2.0,3.0,1.0,0.0,0.0,1.0,2.0,3.0,-3.0
0041700234,1610612740,NOP,New Orleans,203546,Ian Clark,Ian,,,24:26,4.0,14.0,0.286,0.0,7.0,0.0,3.0,3.0,1.0,1.0,1.0,2.0,3.0,3.0,0.0,2.0,4.0,11.0,-11.0
0041700234,1610612740,NOP,New Orleans,203121,Darius Miller,Darius,,,14:53,0.0,2.0,0.0,0.0,2.0,0.0,0.0,0.0,0.0,0.0,3.0,3.0,0.0,1.0,0.0,0.0,0.0,0.0,-2.0
0041700234,1610612740,NOP,New Orleans,1627767,Cheick Diallo,Cheick,,,4:11,0.0,1.0,0.0,0.0,0.0,0.0,0.0,0.0,0.0,0.0,0.0,0.0,0.0,1.0,0.0,0.0,2.0,0.0,-4.0
0041700234,1610612740,NOP,New Orleans,202732,DeAndre Liggins,DeAndre,,,4:02,0.0,0.0,0.0,0.0,0.0,0.0,0.0,0.0,0.0,0.0,1.0,1.0,0.0,0.0,0.0,1.0,0.0,0.0,-3.0
0041700234,1610612740,NOP,New Orleans,202348,Jordan Crawford,Jordan,,DNP - Coach's Decision,,,,,,,,,,,,,,,,,,,,
0041700234,1610612740,NOP,New Orleans,1628402,Frank Jackson,Frank,,DND - Injury/Illness,,,,,,,,,,,,,,,,,,,,
0041700234,1610612740,NOP,New Orleans,2731,Emeka Okafor,Emeka,,DNP - Coach's Decision,,,,,,,,,,,,,,,,,,,,
0041700204,1610612761,TOR,Toronto,101139,CJ Miles,CJ,F,,23:02,5.0,11.0,0.455,0.0,2.0,0.0,3.0,4.0,0.75,2.0,1.0,3.0,1.0,2.0,0.0,2.0,4.0,13.0,-15.0
0041700204,1610612761,TOR,Toronto,1628384,OG Anunoby,OG,F,,20:19,1.0,3.0,0.333,0.0,1.0,0.0,0.0,0.0,0.0,1.0,1.0,2.0,1.0,0.0,0.0,2.0,3.0,2.0,-23.0
0041700204,1610612761,TOR,Toronto,201586,Serge Ibaka,Serge,C,,18:26,5.0,8.0,0.625,2.0,3.0,0.667,0.0,0.0,0.0,1.0,0.0,1.0,0.0,0.0,1.0,3.0,2.0,12.0,-12.0
0041700204,1610612761,TOR,Toronto,201942,DeMar DeRozan,DeMar,G,,33:03,5.0,11.0,0.455,0.0,0.0,0.0,3.0,4.0,0.75,1.0,4.0,5.0,1.0,0.0,0.0,2.0,4.0,13.0,-29.0
0041700204,1610612761,TOR,Toronto,200768,Kyle Lowry,Kyle,G,,29:30,2.0,7.0,0.286,1.0,4.0,0.25,0.0,0.0,0.0,0.0,4.0,4.0,10.0,0.0,0.0,0.0,2.0,5.0,-23.0
0041700204,1610612761,TOR,Toronto,1627832,Fred VanVleet,Fred,,,20:30,2.0,5.0,0.4,1.0,3.0,0.333,0.0,0.0,0.0,0.0,2.0,2.0,1.0,0.0,0.0,1.0,1.0,5.0,-14.0
0041700204,1610612761,TOR,Toronto,202685,Jonas Valančiūnas,Jonas,,,15:43,7.0,14.0,0.5,0.0,0.0,0.0,4.0,6.0,0.667,3.0,2.0,5.0,2.0,0.0,3.0,1.0,2.0,18.0,-6.0
0041700204,1610612761,TOR,Toronto,1627783,Pascal Siakam,Pascal,,,27:35,3.0,4.0,0.75,0.0,0.0,0.0,3.0,3.0,1.0,0.0,2.0,2.0,2.0,0.0,0.0,0.0,2.0,9.0,-14.0
0041700204,1610612761,TOR,Toronto,1626153,Delon Wright,Delon,,,17:59,4.0,7.0,0.571,0.0,1.0,0.0,2.0,2.0,1.0,0.0,2.0,2.0,1.0,1.0,0.0,0.0,1.0,10.0,-10.0
0041700204,1610612761,TOR,Toronto,203512,Lucas Nogueira,Lucas,,,1:51,0.0,0.0,0.0,0.0,0.0,0.0,0.0,0.0,0.0,0.0,0.0,0.0,0.0,0.0,0.0,1.0,1.0,0.0,-10.0
0041700204,1610612761,TOR,Toronto,1626181,Norman Powell,Norman,,,12:24,2.0,5.0,0.4,0.0,1.0,0.0,1.0,2.0,0.5,0.0,1.0,1.0,0.0,0.0,0.0,0.0,1.0,5.0,-7.0
0041700204,1610612761,TOR,Toronto,1627751,Jakob Poeltl,Jakob,,,12:00,0.0,3.0,0.0,0.0,0.0,0.0,0.0,0.0,0.0,1.0,1.0,2.0,0.0,0.0,1.0,1.0,1.0,0.0,-7.0
0041700204,1610612761,TOR,Toronto,203485,Lorenzo Brown,Lorenzo,,,7:38,0.0,1.0,0.0,0.0,0.0,0.0,1.0,2.0,0.5,0.0,3.0,3.0,0.0,0.0,0.0,0.0,0.0,1.0,-5.0
0041700204,1610612739,CLE,Cleveland,2747,JR Smith,JR,F,,28:30,6.0,6.0,1.0,3.0,3.0,1.0,0.0,0.0,0.0,0.0,2.0,2.0,3.0,2.0,0.0,0.0,1.0,15.0,22.0
0041700204,1610612739,CLE,Cleveland,2544,LeBron James,LeBron,F,,38:24,12.0,19.0,0.632,0.0,3.0,0.0,5.0,8.0,0.625,0.0,8.0,8.0,11.0,2.0,1.0,2.0,2.0,29.0,28.0
0041700204,1610612739,CLE,Cleveland,201567,Kevin Love,Kevin,C,,30:25,8.0,13.0,0.615,2.0,4.0,0.5,5.0,6.0,0.833,0.0,6.0,6.0,0.0,2.0,2.0,2.0,3.0,23.0,31.0
0041700204,1610612739,CLE,Cleveland,2594,Kyle Korver,Kyle,G,,27:29,6.0,8.0,0.75,4.0,5.0,0.8,0.0,0.0,0.0,0.0,2.0,2.0,2.0,1.0,0.0,1.0,4.0,16.0,26.0
0041700204,1610612739,CLE,Cleveland,201588,George Hill,George,G,,29:01,5.0,8.0,0.625,0.0,1.0,0.0,2.0,2.0,1.0,0.0,3.0,3.0,5.0,0.0,0.0,1.0,3.0,12.0,24.0
0041700204,1610612739,CLE,Cleveland,202684,Tristan Thompson,Tristan,,,13:48,2.0,3.0,0.667,0.0,0.0,0.0,1.0,1.0,1.0,2.0,0.0,2.0,2.0,0.0,0.0,0.0,1.0,5.0,-2.0
0041700204,1610612739,CLE,Cleveland,1626224,Cedi Osman,Cedi,,,20:31,2.0,5.0,0.4,1.0,3.0,0.333,0.0,0.0,0.0,1.0,1.0,2.0,2.0,0.0,0.0,0.0,2.0,5.0,9.0
0041700204,1610612739,CLE,Cleveland,203903,Jordan Clarkson,Jordan,,,18:59,2.0,8.0,0.25,0.0,1.0,0.0,1.0,1.0,1.0,1.0,2.0,3.0,2.0,2.0,0.0,4.0,2.0,5.0,11.0
0041700204,1610612739,CLE,Cleveland,201145,Jeff Green,Jeff,,,16:06,3.0,7.0,0.429,2.0,6.0,0.333,0.0,0.0,0.0,0.0,4.0,4.0,1.0,0.0,0.0,0.0,1.0,8.0,6.0
0041700204,1610612739,CLE,Cleveland,101181,Jose Calderon,Jose,,,7:38,0.0,0.0,0.0,0.0,0.0,0.0,2.0,2.0,1.0,0.0,1.0,1.0,1.0,0.0,0.0,0.0,1.0,2.0,5.0
0041700204,1610612739,CLE,Cleveland,1626204,Larry Nance Jr.,Larry,,,5:40,4.0,4.0,1.0,0.0,0.0,0.0,0.0,0.0,0.0,2.0,1.0,3.0,0.0,0.0,2.0,0.0,1.0,8.0,10.0
0041700204,1610612739,CLE,Cleveland,1627790,Ante Zizic,Ante,,,3:29,0.0,3.0,0.0,0.0,0.0,0.0,0.0,0.0,0.0,0.0,1.0,1.0,0.0,0.0,0.0,0.0,0.0,0.0,5.0
0041700204,1610612739,CLE,Cleveland,203918,Rodney Hood,Rodney,,DNP - Coach's Decision,,,,,,,,,,,,,,,,,,,,
0041700214,1610612738,BOS,Boston,1628369,Jayson Tatum,Jayson,F,,35:34,7.0,16.0,0.438,2.0,6.0,0.333,4.0,4.0,1.0,1.0,3.0,4.0,4.0,0.0,1.0,3.0,3.0,20.0,-1.0
0041700214,1610612738,BOS,Boston,201143,Al Horford,Al,F,,34:35,4.0,6.0,0.667,0.0,1.0,0.0,2.0,2.0,1.0,2.0,8.0,10.0,3.0,1.0,3.0,4.0,1.0,10.0,-11.0
0041700214,1610612738,BOS,Boston,203382,Aron Baynes,Aron,C,,19:18,2.0,7.0,0.286,2.0,6.0,0.333,3.0,4.0,0.75,0.0,5.0,5.0,0.0,0.0,1.0,0.0,2.0,9.0,-9.0
0041700214,1610612738,BOS,Boston,203935,Marcus Smart,Marcus,G,,30:31,5.0,12.0,0.417,1.0,2.0,0.5,3.0,4.0,0.75,1.0,4.0,5.0,3.0,2.0,2.0,3.0,5.0,14.0,-12.0
0041700214,1610612738,BOS,Boston,1626179,Terry Rozier,Terry,G,,39:06,4.0,11.0,0.364,1.0,6.0,0.167,2.0,4.0,0.5,0.0,8.0,8.0,2.0,0.0,0.0,1.0,2.0,11.0,-14.0
0041700214,1610612738,BOS,Boston,1627759,Jaylen Brown,Jaylen,,,23:00,2.0,6.0,0.333,2.0,5.0,0.4,2.0,2.0,1.0,0.0,3.0,3.0,2.0,0.0,0.0,1.0,5.0,8.0,-5.0
0041700214,1610612738,BOS,Boston,202694,Marcus Morris Sr.,Marcus,,,34:07,6.0,15.0,0.4,3.0,6.0,0.5,2.0,3.0,0.667,1.0,4.0,5.0,1.0,0.0,2.0,1.0,5.0,17.0,-7.0
0041700214,1610612738,BOS,Boston,1628400,Semi Ojeleye,Semi,,,12:25,0.0,0.0,0.0,0.0,0.0,0.0,0.0,0.0,0.0,0.0,0.0,0.0,0.0,1.0,0.0,0.0,4.0,0.0,3.0
0041700214,1610612738,BOS,Boston,203499,Shane Larkin,Shane,,,1:45,0.0,0.0,0.0,0.0,0.0,0.0,0.0,0.0,0.0,0.0,0.0,0.0,0.0,0.0,0.0,0.0,0.0,0.0,-1.0
0041700214,1610612738,BOS,Boston,202328,Greg Monroe,Greg,,,7:15,1.0,2.0,0.5,0.0,0.0,0.0,1.0,1.0,1.0,1.0,1.0,2.0,0.0,0.0,1.0,2.0,1.0,3.0,-2.0
0041700214,1610612738,BOS,Boston,1627846,Abdel Nader,Abdel,,,1:12,0.0,0.0,0.0,0.0,0.0,0.0,0.0,2.0,0.0,0.0,0.0,0.0,1.0,0.0,0.0,0.0,0.0,0.0,2.0
0041700214,1610612738,BOS,Boston,1627824,Guerschon Yabusele,Guerschon,,,1:12,0.0,0.0,0.0,0.0,0.0,0.0,0.0,0.0,0.0,0.0,0.0,0.0,0.0,0.0,0.0,0.0,0.0,0.0,2.0
0041700214,1610612755,PHI,Philadelphia,200755,JJ Redick,JJ,F,,32:38,3.0,11.0,0.273,1.0,7.0,0.143,0.0,2.0,0.0,0.0,1.0,1.0,3.0,1.0,0.0,0.0,2.0,7.0,17.0
0041700214,1610612755,PHI,Philadelphia,203967,Dario Šarić,Dario,F,,38:57,9.0,17.0,0.529,1.0,3.0,0.333,6.0,6.0,1.0,4.0,4.0,8.0,4.0,1.0,1.0,0.0,4.0,25.0,-1.0
0041700214,1610612755,PHI,Philadelphia,203954,Joel Embiid,Joel,C,,35:17,6.0,15.0,0.4,2.0,5.0,0.4,1.0,2.0,0.5,3.0,9.0,12.0,2.0,0.0,0.0,2.0,2.0,15.0,22.0
0041700214,1610612755,PHI,Philadelphia,204456,T.J. McConnell,T.J.,G,,38:57,9.0,12.0,0.75,1.0,1.0,1.0,0.0,1.0,0.0,3.0,5.0,8.0,5.0,0.0,0.0,0.0,3.0,19.0,18.0
0041700214,1610612755,PHI,Philadelphia,1627732,Ben Simmons,Ben,G,,32:35,6.0,15.0,0.4,0.0,0.0,0.0,7.0,8.0,0.875,1.0,12.0,13.0,5.0,2.0,0.0,4.0,3.0,19.0,5.0
0041700214,1610612755,PHI,Philadelphia,203496,Robert Covington,Robert,,,19:00,1.0,7.0,0.143,1.0,5.0,0.2,0.0,0.0,0.0,2.0,3.0,5.0,3.0,1.0,1.0,1.0,4.0,3.0,-3.0
0041700214,1610612755,PHI,Philadelphia,101141,Ersan Ilyasova,Ersan,,,17:19,2.0,7.0,0.286,0.0,2.0,0.0,2.0,3.0,0.667,3.0,2.0,5.0,1.0,0.0,1.0,1.0,3.0,6.0,1.0
0041700214,1610612755,PHI,Philadelphia,201158,Marco Belinelli,Marco,,,24:31,2.0,10.0,0.2,1.0,3.0,0.333,4.0,4.0,1.0,0.0,1.0,1.0,1.0,1.0,0.0,0.0,2.0,9.0,-3.0
0041700214,1610612755,PHI,Philadelphia,1626147,Justin Anderson,Justin,,,0:46,0.0,0.0,0.0,0.0,0.0,0.0,0.0,0.0,0.0,0.0,0.0,0.0,0.0,0.0,0.0,0.0,0.0,0.0,-1.0
0041700214,1610612755,PHI,Philadelphia,201573,Jerryd Bayless,Jerryd,,DNP - Coach's Decision,,,,,,,,,,,,,,,,,,,,
0041700214,1610612755,PHI,Philadelphia,1628365,Markelle Fultz,Markelle,,DNP - Coach's Decision,,,,,,,,,,,,,,,,,,,,
0041700214,1610612755,PHI,Philadelphia,1626158,Richaun Holmes,Richaun,,DNP - Coach's Decision,,,,,,,,,,,,,,,,,,,,
0041700214,1610612755,PHI,Philadelphia,101161,Amir Johnson,Amir,,DNP - Coach's Decision,,,,,,,,,,,,,,,,,,,,
0041700225,1610612762,UTA,Utah,204060,Joe Ingles,Joe,F,,31:53,5.0,10.0,0.5,2.0,6.0,0.333,0.0,0.0,0.0,1.0,4.0,5.0,6.0,0.0,0.0,2.0,4.0,12.0,-3.0
0041700225,1610612762,UTA,Utah,203109,Jae Crowder,Jae,F,,33:11,2.0,11.0,0.182,1.0,5.0,0.2,1.0,2.0,0.5,2.0,6.0,8.0,0.0,1.0,0.0,3.0,0.0,6.0,-5.0
0041700225,1610612762,UTA,Utah,203497,Rudy Gobert,Rudy,C,,33:55,5.0,9.0,0.556,0.0,0.0,0.0,2.0,4.0,0.5,4.0,5.0,9.0,0.0,1.0,5.0,0.0,2.0,12.0,2.0
0041700225,1610612762,UTA,Utah,1626220,Royce O'Neale,Royce,G,,37:22,6.0,10.0,0.6,1.0,2.0,0.5,4.0,4.0,1.0,0.0,3.0,3.0,1.0,1.0,0.0,1.0,5.0,17.0,-7.0
0041700225,1610612762,UTA,Utah,1628378,Donovan Mitchell,Donovan,G,,34:19,9.0,17.0,0.529,2.0,7.0,0.286,4.0,5.0,0.8,1.0,3.0,4.0,9.0,1.0,0.0,3.0,3.0,24.0,-3.0
0041700225,1610612762,UTA,Utah,203526,Raul Neto,Raul,,,17:00,0.0,5.0,0.0,0.0,2.0,0.0,0.0,0.0,0.0,1.0,0.0,1.0,3.0,0.0,0.0,1.0,2.0,0.0,-16.0
0041700225,1610612762,UTA,Utah,202324,Derrick Favors,Derrick,,,14:05,3.0,3.0,1.0,0.0,0.0,0.0,0.0,1.0,0.0,1.0,5.0,6.0,0.0,0.0,0.0,0.0,1.0,6.0,-12.0
0041700225,1610612762,UTA,Utah,202692,Alec Burks,Alec,,,31:56,7.0,15.0,0.467,3.0,5.0,0.6,5.0,5.0,1.0,1.0,2.0,3.0,5.0,1.0,0.0,2.0,1.0,22.0,-4.0
0041700225,1610612762,UTA,Utah,201973,Jonas Jerebko,Jonas,,,6:19,1.0,1.0,1.0,1.0,1.0,1.0,0.0,0.0,0.0,0.0,2.0,2.0,0.0,0.0,0.0,0.0,0.0,3.0,-2.0
0041700225,1610612762,UTA,Utah,1628396,Tony Bradley,Tony,,DNP - Coach's Decision,,,,,,,,,,,,,,,,,,,,
0041700225,1610612762,UTA,Utah,204065,David Stockton,David,,DNP - Coach's Decision,,,,,,,,,,,,,,,,,,,,
0041700225,1610612762,UTA,Utah,202327,Ekpe Udoh,Ekpe,,DNP - Coach's Decision,,,,,,,,,,,,,,,,,,,,
0041700225,1610612745,HOU,Houston,2772,Trevor Ariza,Trevor,F,,24:51,1.0,4.0,0.25,0.0,2.0,0.0,0.0,0.0,0.0,1.0,5.0,6.0,1.0,1.0,0.0,1.0,2.0,2.0,6.0
0041700225,1610612745,HOU,Houston,200782,P.J. Tucker,P.J.,F,,35:44,7.0,9.0,0.778,5.0,7.0,0.714,0.0,0.0,0.0,1.0,5.0,6.0,2.0,0.0,3.0,1.0,4.0,19.0,12.0
0041700225,1610612745,HOU,Houston,203991,Clint Capela,Clint,C,,31:13,1.0,2.0,0.5,0.0,0.0,0.0,3.0,4.0,0.75,1.0,4.0,5.0,0.0,3.0,5.0,0.0,4.0,5.0,4.0
0041700225,1610612745,HOU,Houston,201935,James Harden,James,G,,34:38,7.0,22.0,0.318,1.0,7.0,0.143,3.0,4.0,0.75,1.0,3.0,4.0,4.0,2.0,0.0,3.0,3.0,18.0,7.0
0041700225,1610612745,HOU,Houston,101108,Chris Paul,Chris,G,,37:41,13.0,22.0,0.591,8.0,10.0,0.8,7.0,8.0,0.875,0.0,7.0,7.0,10.0,1.0,0.0,0.0,1.0,41.0,20.0
0041700225,1610612745,HOU,Houston,201569,Eric Gordon,Eric,,,30:46,2.0,8.0,0.25,1.0,5.0,0.2,0.0,0.0,0.0,0.0,3.0,3.0,2.0,0.0,0.0,2.0,1.0,5.0,1.0
0041700225,1610612745,HOU,Houston,201601,Luc Mbah a Moute,Luc,,,20:26,3.0,5.0,0.6,1.0,2.0,0.5,1.0,1.0,1.0,0.0,2.0,2.0,2.0,1.0,0.0,2.0,1.0,8.0,3.0
0041700225,1610612745,HOU,Houston,2403,Nene Hilario,Nene,,,11:22,3.0,4.0,0.75,0.0,0.0,0.0,0.0,0.0,0.0,1.0,1.0,2.0,0.0,1.0,0.0,0.0,0.0,6.0,-6.0
0041700225,1610612745,HOU,Houston,101123,Gerald Green,Gerald,,,13:19,3.0,7.0,0.429,2.0,6.0,0.333,0.0,0.0,0.0,1.0,4.0,5.0,0.0,1.0,0.0,0.0,2.0,8.0,3.0
0041700225,1610612745,HOU,Houston,201583,Ryan Anderson,Ryan,,DNP - Coach's Decision,,,,,,,,,,,,,,,,,,,,
0041700225,1610612745,HOU,Houston,204028,Tarik Black,Tarik,,DNP - Coach's Decision,,,,,,,,,,,,,,,,,,,,
0041700225,1610612745,HOU,Houston,1628935,Aaron Jackson,Aaron,,DNP - Coach's Decision,,,,,,,,,,,,,,,,,,,,
0041700225,1610612745,HOU,Houston,2207,Joe Johnson,Joe,,DNP - Coach's Decision,,,,,,,,,,,,,,,,,,,,
0041700235,1610612740,NOP,New Orleans,202734,E'Twaun Moore,E'Twaun,F,,40:24,4.0,12.0,0.333,1.0,3.0,0.333,1.0,2.0,0.5,1.0,1.0,2.0,4.0,0.0,0.0,4.0,3.0,10.0,2.0
0041700235,1610612740,NOP,New Orleans,202703,Nikola Mirotic,Nikola,F,,37:25,4.0,9.0,0.444,3.0,6.0,0.5,1.0,2.0,0.5,0.0,7.0,7.0,1.0,0.0,0.0,1.0,1.0,12.0,-14.0
0041700235,1610612740,NOP,New Orleans,203076,Anthony Davis,Anthony,C,,45:42,13.0,26.0,0.5,1.0,2.0,0.5,7.0,9.0,0.778,2.0,17.0,19.0,1.0,1.0,3.0,3.0,2.0,34.0,-8.0
0041700235,1610612740,NOP,New Orleans,201950,Jrue Holiday,Jrue,G,,46:08,11.0,21.0,0.524,2.0,6.0,0.333,3.0,3.0,1.0,0.0,10.0,10.0,11.0,1.0,0.0,4.0,3.0,27.0,-9.0
0041700235,1610612740,NOP,New Orleans,200765,Rajon Rondo,Rajon,G,,20:56,3.0,7.0,0.429,1.0,2.0,0.5,0.0,0.0,0.0,0.0,2.0,2.0,7.0,3.0,0.0,2.0,1.0,7.0,-16.0
0041700235,1610612740,NOP,New Orleans,203546,Ian Clark,Ian,,,29:40,4.0,9.0,0.444,1.0,3.0,0.333,0.0,0.0,0.0,1.0,3.0,4.0,1.0,2.0,0.0,0.0,1.0,9.0,5.0
0041700235,1610612740,NOP,New Orleans,203121,Darius Miller,Darius,,,16:56,2.0,4.0,0.5,1.0,2.0,0.5,0.0,0.0,0.0,0.0,0.0,0.0,0.0,0.0,0.0,0.0,1.0,5.0,-4.0
0041700235,1610612740,NOP,New Orleans,203524,Solomon Hill,Solomon,,,2:49,0.0,0.0,0.0,0.0,0.0,0.0,0.0,0.0,0.0,0.0,0.0,0.0,1.0,0.0,1.0,0.0,0.0,0.0,-1.0
0041700235,1610612740,NOP,New Orleans,202348,Jordan Crawford,Jordan,,DNP - Coach's Decision,,,,,,,,,,,,,,,,,,,,
0041700235,1610612740,NOP,New Orleans,1627767,Cheick Diallo,Cheick,,DNP - Coach's Decision,,,,,,,,,,,,,,,,,,,,
0041700235,1610612740,NOP,New Orleans,1628402,Frank Jackson,Frank,,DND - Injury/Illness,,,,,,,,,,,,,,,,,,,,
0041700235,1610612740,NOP,New Orleans,202732,DeAndre Liggins,DeAndre,,DNP - Coach's Decision,,,,,,,,,,,,,,,,,,,,
0041700235,1610612740,NOP,New Orleans,2731,Emeka Okafor,Emeka,,DNP - Coach's Decision,,,,,,,,,,,,,,,,,,,,
0041700235,1610612744,GSW,Golden State,2738,Andre Iguodala,Andre,F,,25:25,1.0,4.0,0.25,0.0,1.0,0.0,0.0,0.0,0.0,1.0,3.0,4.0,5.0,2.0,0.0,1.0,0.0,2.0,25.0
0041700235,1610612744,GSW,Golden State,201142,Kevin Durant,Kevin,F,,37:14,10.0,18.0,0.556,1.0,4.0,0.25,3.0,5.0,0.6,0.0,6.0,6.0,7.0,2.0,0.0,1.0,2.0,24.0,13.0
0041700235,1610612744,GSW,Golden State,203110,Draymond Green,Draymond,C,,40:45,9.0,18.0,0.5,1.0,5.0,0.2,0.0,0.0,0.0,5.0,9.0,14.0,9.0,3.0,2.0,4.0,3.0,19.0,12.0
0041700235,1610612744,GSW,Golden State,202691,Klay Thompson,Klay,G,,37:41,10.0,22.0,0.455,2.0,8.0,0.25,1.0,1.0,1.0,1.0,5.0,6.0,3.0,1.0,0.0,0.0,1.0,23.0,9.0
0041700235,1610612744,GSW,Golden State,201939,Stephen Curry,Stephen,G,,37:02,10.0,16.0,0.625,3.0,6.0,0.5,5.0,5.0,1.0,0.0,7.0,7.0,8.0,1.0,0.0,4.0,2.0,28.0,9.0
0041700235,1610612744,GSW,Golden State,1626172,Kevon Looney,Kevon,,,23:27,2.0,5.0,0.4,0.0,0.0,0.0,0.0,0.0,0.0,3.0,4.0,7.0,0.0,1.0,0.0,0.0,6.0,4.0,-15.0
0041700235,1610612744,GSW,Golden State,2561,David West,David,,,4:31,0.0,3.0,0.0,0.0,0.0,0.0,0.0,0.0,0.0,0.0,2.0,2.0,1.0,0.0,0.0,0.0,0.0,0.0,3.0
0041700235,1610612744,GSW,Golden State,2733,Shaun Livingston,Shaun,,,14:34,3.0,6.0,0.5,0.0,0.0,0.0,0.0,0.0,0.0,0.0,2.0,2.0,1.0,0.0,0.0,2.0,1.0,6.0,-3.0
0041700235,1610612744,GSW,Golden State,1626188,Quinn Cook,Quinn,,,13:44,2.0,5.0,0.4,0.0,3.0,0.0,1.0,1.0,1.0,1.0,1.0,2.0,1.0,0.0,0.0,0.0,2.0,5.0,-4.0
0041700235,1610612744,GSW,Golden State,1628395,Jordan Bell,Jordan,,,5:37,1.0,2.0,0.5,0.0,0.0,0.0,0.0,0.0,0.0,0.0,2.0,2.0,0.0,0.0,0.0,0.0,1.0,2.0,-4.0
0041700235,1610612744,GSW,Golden State,201580,JaVale McGee,JaVale,,DNP - Coach's Decision,,,,,,,,,,,,,,,,,,,,
0041700235,1610612744,GSW,Golden State,2585,Zaza Pachulia,Zaza,,DNP - Coach's Decision,,,,,,,,,,,,,,,,,,,,
0041700235,1610612744,GSW,Golden State,201156,Nick Young,Nick,,DNP - Coach's Decision,,,,,,,,,,,,,,,,,,,,
0041700215,1610612755,PHI,Philadelphia,200755,JJ Redick,JJ,F,,38:14,5.0,13.0,0.385,2.0,7.0,0.286,2.0,2.0,1.0,0.0,2.0,2.0,3.0,0.0,0.0,2.0,5.0,14.0,11.0
0041700215,1610612755,PHI,Philadelphia,203967,Dario Šarić,Dario,F,,39:46,8.0,14.0,0.571,3.0,3.0,1.0,8.0,11.0,0.727,4.0,6.0,10.0,4.0,1.0,1.0,3.0,3.0,27.0,-2.0
0041700215,1610612755,PHI,Philadelphia,203954,Joel Embiid,Joel,C,,38:50,9.0,18.0,0.5,0.0,4.0,0.0,9.0,11.0,0.818,4.0,8.0,12.0,4.0,0.0,3.0,4.0,3.0,27.0,3.0
0041700215,1610612755,PHI,Philadelphia,204456,T.J. McConnell,T.J.,G,,37:42,4.0,7.0,0.571,1.0,1.0,1.0,0.0,0.0,0.0,0.0,5.0,5.0,6.0,2.0,0.0,1.0,4.0,9.0,3.0
0041700215,1610612755,PHI,Philadelphia,1627732,Ben Simmons,Ben,G,,33:50,8.0,15.0,0.533,0.0,0.0,0.0,2.0,2.0,1.0,2.0,6.0,8.0,6.0,0.0,1.0,4.0,5.0,18.0,-13.0
0041700215,1610612755,PHI,Philadelphia,201158,Marco Belinelli,Marco,,,11:02,1.0,2.0,0.5,0.0,0.0,0.0,1.0,1.0,1.0,0.0,1.0,1.0,0.0,0.0,0.0,0.0,2.0,3.0,-1.0
0041700215,1610612755,PHI,Philadelphia,101141,Ersan Ilyasova,Ersan,,,17:00,3.0,8.0,0.375,1.0,3.0,0.333,2.0,4.0,0.5,2.0,1.0,3.0,2.0,0.0,1.0,0.0,4.0,9.0,-1.0
0041700215,1610612755,PHI,Philadelphia,203496,Robert Covington,Robert,,,20:34,2.0,5.0,0.4,1.0,3.0,0.333,0.0,0.0,0.0,0.0,7.0,7.0,1.0,1.0,0.0,2.0,3.0,5.0,-7.0
0041700215,1610612755,PHI,Philadelphia,1626147,Justin Anderson,Justin,,,3:04,0.0,0.0,0.0,0.0,0.0,0.0,0.0,0.0,0.0,0.0,0.0,0.0,0.0,1.0,0.0,0.0,2.0,0.0,-3.0
0041700215,1610612755,PHI,Philadelphia,201573,Jerryd Bayless,Jerryd,,DNP - Coach's Decision,,,,,,,,,,,,,,,,,,,,
0041700215,1610612755,PHI,Philadelphia,1628365,Markelle Fultz,Markelle,,DNP - Coach's Decision,,,,,,,,,,,,,,,,,,,,
0041700215,1610612755,PHI,Philadelphia,1626158,Richaun Holmes,Richaun,,DNP - Coach's Decision,,,,,,,,,,,,,,,,,,,,
0041700215,1610612755,PHI,Philadelphia,101161,Amir Johnson,Amir,,DNP - Coach's Decision,,,,,,,,,,,,,,,,,,,,
0041700215,1610612738,BOS,Boston,1628369,Jayson Tatum,Jayson,F,,39:24,8.0,15.0,0.533,0.0,0.0,0.0,9.0,11.0,0.818,1.0,2.0,3.0,4.0,1.0,0.0,2.0,4.0,25.0,4.0
0041700215,1610612738,BOS,Boston,201143,Al Horford,Al,F,,38:34,7.0,16.0,0.438,0.0,1.0,0.0,1.0,1.0,1.0,2.0,6.0,8.0,3.0,5.0,0.0,1.0,4.0,15.0,8.0
0041700215,1610612738,BOS,Boston,203382,Aron Baynes,Aron,C,,24:49,5.0,8.0,0.625,1.0,2.0,0.5,2.0,2.0,1.0,5.0,4.0,9.0,1.0,1.0,0.0,0.0,4.0,13.0,-2.0
0041700215,1610612738,BOS,Boston,1627759,Jaylen Brown,Jaylen,G,,31:08,10.0,13.0,0.769,3.0,4.0,0.75,1.0,4.0,0.25,1.0,3.0,4.0,2.0,0.0,2.0,2.0,3.0,24.0,0.0
0041700215,1610612738,BOS,Boston,1626179,Terry Rozier,Terry,G,,40:05,4.0,15.0,0.267,3.0,9.0,0.333,6.0,6.0,1.0,1.0,5.0,6.0,2.0,1.0,0.0,2.0,2.0,17.0,6.0
0041700215,1610612738,BOS,Boston,202694,Marcus Morris Sr.,Marcus,,,24:38,1.0,10.0,0.1,0.0,2.0,0.0,4.0,4.0,1.0,1.0,2.0,3.0,0.0,1.0,1.0,1.0,5.0,6.0,3.0
0041700215,1610612738,BOS,Boston,203935,Marcus Smart,Marcus,,,33:02,3.0,8.0,0.375,0.0,2.0,0.0,8.0,13.0,0.615,2.0,4.0,6.0,6.0,3.0,0.0,2.0,2.0,14.0,14.0
0041700215,1610612738,BOS,Boston,1628400,Semi Ojeleye,Semi,,,8:20,0.0,0.0,0.0,0.0,0.0,0.0,0.0,0.0,0.0,0.0,0.0,0.0,0.0,0.0,0.0,0.0,0.0,0.0,-3.0
0041700215,1610612738,BOS,Boston,203499,Shane Larkin,Shane,,DND - Injury/Illness,,,,,,,,,,,,,,,,,,,,
0041700215,1610612738,BOS,Boston,202328,Greg Monroe,Greg,,DNP - Coach's Decision,,,,,,,,,,,,,,,,,,,,
0041700215,1610612738,BOS,Boston,1627846,Abdel Nader,Abdel,,DNP - Coach's Decision,,,,,,,,,,,,,,,,,,,,
0041700215,1610612738,BOS,Boston,1627824,Guerschon Yabusele,Guerschon,,DNP - Coach's Decision,,,,,,,,,,,,,,,,,,,,
0041700301,1610612739,CLE,Cleveland,2747,JR Smith,JR,F,,28:38,2.0,9.0,0.222,0.0,3.0,0.0,0.0,0.0,0.0,0.0,1.0,1.0,1.0,1.0,0.0,0.0,1.0,4.0,-17.0
0041700301,1610612739,CLE,Cleveland,2544,LeBron James,LeBron,F,,36:07,5.0,16.0,0.313,0.0,5.0,0.0,5.0,6.0,0.833,0.0,7.0,7.0,9.0,0.0,2.0,7.0,1.0,15.0,-32.0
0041700301,1610612739,CLE,Cleveland,201567,Kevin Love,Kevin,C,,30:31,5.0,14.0,0.357,1.0,4.0,0.25,6.0,6.0,1.0,2.0,6.0,8.0,3.0,0.0,0.0,1.0,3.0,17.0,-13.0
0041700301,1610612739,CLE,Cleveland,2594,Kyle Korver,Kyle,G,,23:27,2.0,6.0,0.333,1.0,5.0,0.2,0.0,0.0,0.0,1.0,4.0,5.0,0.0,1.0,1.0,0.0,1.0,5.0,-10.0
0041700301,1610612739,CLE,Cleveland,201588,George Hill,George,G,,28:18,2.0,4.0,0.5,1.0,2.0,0.5,0.0,0.0,0.0,0.0,0.0,0.0,0.0,0.0,0.0,0.0,1.0,5.0,-15.0
0041700301,1610612739,CLE,Cleveland,202684,Tristan Thompson,Tristan,,,20:43,4.0,6.0,0.667,0.0,0.0,0.0,0.0,0.0,0.0,4.0,7.0,11.0,1.0,0.0,0.0,1.0,0.0,8.0,-12.0
0041700301,1610612739,CLE,Cleveland,201145,Jeff Green,Jeff,,,19:45,1.0,3.0,0.333,0.0,1.0,0.0,4.0,4.0,1.0,1.0,0.0,1.0,1.0,0.0,0.0,0.0,1.0,6.0,-5.0
0041700301,1610612739,CLE,Cleveland,203918,Rodney Hood,Rodney,,,18:55,5.0,12.0,0.417,0.0,2.0,0.0,1.0,1.0,1.0,0.0,0.0,0.0,2.0,0.0,0.0,0.0,3.0,11.0,-8.0
0041700301,1610612739,CLE,Cleveland,203903,Jordan Clarkson,Jordan,,,15:49,4.0,11.0,0.364,1.0,2.0,0.5,1.0,1.0,1.0,1.0,2.0,3.0,0.0,1.0,0.0,0.0,0.0,10.0,-7.0
0041700301,1610612739,CLE,Cleveland,1626224,Cedi Osman,Cedi,,,7:09,0.0,3.0,0.0,0.0,1.0,0.0,0.0,0.0,0.0,0.0,2.0,2.0,0.0,1.0,0.0,0.0,0.0,0.0,3.0
0041700301,1610612739,CLE,Cleveland,1626204,Larry Nance Jr.,Larry,,,3:53,0.0,0.0,0.0,0.0,0.0,0.0,0.0,0.0,0.0,0.0,0.0,0.0,0.0,0.0,0.0,0.0,1.0,0.0,-3.0
0041700301,1610612739,CLE,Cleveland,101181,Jose Calderon,Jose,,,3:53,1.0,2.0,0.5,0.0,1.0,0.0,0.0,0.0,0.0,0.0,0.0,0.0,0.0,0.0,0.0,0.0,0.0,2.0,-3.0
0041700301,1610612739,CLE,Cleveland,1627790,Ante Zizic,Ante,,,2:52,0.0,0.0,0.0,0.0,0.0,0.0,0.0,2.0,0.0,0.0,2.0,2.0,1.0,0.0,0.0,0.0,0.0,0.0,-3.0
0041700301,1610612738,BOS,Boston,1628369,Jayson Tatum,Jayson,F,,37:00,6.0,11.0,0.545,2.0,5.0,0.4,2.0,2.0,1.0,1.0,5.0,6.0,3.0,2.0,0.0,2.0,3.0,16.0,27.0
0041700301,1610612738,BOS,Boston,202694,Marcus Morris Sr.,Marcus,F,,34:03,7.0,12.0,0.583,3.0,4.0,0.75,4.0,5.0,0.8,1.0,9.0,10.0,0.0,0.0,0.0,1.0,3.0,21.0,25.0
0041700301,1610612738,BOS,Boston,201143,Al Horford,Al,C,,27:24,8.0,10.0,0.8,2.0,4.0,0.5,2.0,3.0,0.667,2.0,2.0,4.0,6.0,0.0,2.0,0.0,1.0,20.0,17.0
0041700301,1610612738,BOS,Boston,1627759,Jaylen Brown,Jaylen,G,,28:02,9.0,16.0,0.563,3.0,5.0,0.6,2.0,2.0,1.0,1.0,7.0,8.0,1.0,1.0,1.0,2.0,2.0,23.0,14.0
0041700301,1610612738,BOS,Boston,1626179,Terry Rozier,Terry,G,,34:23,4.0,10.0,0.4,0.0,3.0,0.0,0.0,0.0,0.0,0.0,6.0,6.0,8.0,0.0,0.0,1.0,0.0,8.0,14.0
0041700301,1610612738,BOS,Boston,203935,Marcus Smart,Marcus,,,24:51,4.0,12.0,0.333,1.0,5.0,0.2,0.0,0.0,0.0,0.0,3.0,3.0,6.0,1.0,0.0,2.0,2.0,9.0,16.0
0041700301,1610612738,BOS,Boston,1628400,Semi Ojeleye,Semi,,,15:29,1.0,4.0,0.25,0.0,3.0,0.0,1.0,1.0,1.0,0.0,1.0,1.0,0.0,0.0,0.0,0.0,2.0,3.0,-2.0
0041700301,1610612738,BOS,Boston,203382,Aron Baynes,Aron,,,25:03,2.0,5.0,0.4,0.0,0.0,0.0,0.0,0.0,0.0,0.0,8.0,8.0,2.0,2.0,1.0,0.0,2.0,4.0,17.0
0041700301,1610612738,BOS,Boston,1627824,Guerschon Yabusele,Guerschon,,,4:35,0.0,0.0,0.0,0.0,0.0,0.0,0.0,0.0,0.0,0.0,0.0,0.0,0.0,0.0,0.0,0.0,0.0,0.0,-1.0
0041700301,1610612738,BOS,Boston,202328,Greg Monroe,Greg,,,4:35,1.0,1.0,1.0,0.0,0.0,0.0,0.0,0.0,0.0,1.0,1.0,2.0,1.0,0.0,0.0,0.0,1.0,2.0,-1.0
0041700301,1610612738,BOS,Boston,1627846,Abdel Nader,Abdel,,,4:35,1.0,3.0,0.333,0.0,1.0,0.0,0.0,0.0,0.0,0.0,0.0,0.0,0.0,0.0,0.0,1.0,1.0,2.0,-1.0
0041700301,1610612738,BOS,Boston,203499,Shane Larkin,Shane,,DND - Injury/Illness,,,,,,,,,,,,,,,,,,,,
0041700311,1610612744,GSW,Golden State,2738,Andre Iguodala,Andre,F,,27:59,2.0,3.0,0.667,0.0,1.0,0.0,7.0,8.0,0.875,0.0,4.0,4.0,1.0,2.0,0.0,2.0,4.0,11.0,0.0
0041700311,1610612744,GSW,Golden State,201142,Kevin Durant,Kevin,F,,40:16,14.0,27.0,0.519,3.0,6.0,0.5,6.0,6.0,1.0,0.0,3.0,3.0,1.0,0.0,1.0,1.0,2.0,37.0,11.0
0041700311,1610612744,GSW,Golden State,203110,Draymond Green,Draymond,C,,36:50,1.0,5.0,0.2,0.0,1.0,0.0,3.0,4.0,0.75,0.0,9.0,9.0,9.0,2.0,2.0,3.0,3.0,5.0,19.0
0041700311,1610612744,GSW,Golden State,202691,Klay Thompson,Klay,G,,42:16,9.0,18.0,0.5,6.0,15.0,0.4,4.0,4.0,1.0,1.0,3.0,4.0,2.0,2.0,0.0,1.0,2.0,28.0,13.0
0041700311,1610612744,GSW,Golden State,201939,Stephen Curry,Stephen,G,,35:10,8.0,15.0,0.533,1.0,5.0,0.2,1.0,2.0,0.5,1.0,5.0,6.0,8.0,2.0,1.0,1.0,5.0,18.0,5.0
0041700311,1610612744,GSW,Golden State,1626172,Kevon Looney,Kevon,,,24:46,1.0,1.0,1.0,0.0,0.0,0.0,0.0,0.0,0.0,1.0,3.0,4.0,1.0,1.0,0.0,1.0,0.0,2.0,6.0
0041700311,1610612744,GSW,Golden State,201156,Nick Young,Nick,,,15:13,3.0,5.0,0.6,3.0,5.0,0.6,0.0,0.0,0.0,0.0,1.0,1.0,0.0,0.0,0.0,0.0,0.0,9.0,4.0
0041700311,1610612744,GSW,Golden State,2733,Shaun Livingston,Shaun,,,13:40,3.0,5.0,0.6,0.0,0.0,0.0,1.0,1.0,1.0,0.0,5.0,5.0,0.0,0.0,0.0,0.0,0.0,7.0,3.0
0041700311,1610612744,GSW,Golden State,2561,David West,David,,,3:50,1.0,1.0,1.0,0.0,0.0,0.0,0.0,0.0,0.0,0.0,1.0,1.0,2.0,0.0,0.0,0.0,1.0,2.0,4.0
0041700311,1610612744,GSW,Golden State,1628395,Jordan Bell,Jordan,,DNP - Coach's Decision,,,,,,,,,,,,,,,,,,,,
0041700311,1610612744,GSW,Golden State,1626188,Quinn Cook,Quinn,,DNP - Coach's Decision,,,,,,,,,,,,,,,,,,,,
0041700311,1610612744,GSW,Golden State,201580,JaVale McGee,JaVale,,DNP - Coach's Decision,,,,,,,,,,,,,,,,,,,,
0041700311,1610612744,GSW,Golden State,2585,Zaza Pachulia,Zaza,,DNP - Coach's Decision,,,,,,,,,,,,,,,,,,,,
0041700311,1610612745,HOU,Houston,2772,Trevor Ariza,Trevor,F,,23:21,3.0,8.0,0.375,1.0,5.0,0.2,1.0,1.0,1.0,0.0,2.0,2.0,0.0,1.0,0.0,1.0,5.0,8.0,-5.0
0041700311,1610612745,HOU,Houston,200782,P.J. Tucker,P.J.,F,,34:30,0.0,3.0,0.0,0.0,2.0,0.0,1.0,3.0,0.333,1.0,4.0,5.0,2.0,1.0,1.0,1.0,3.0,1.0,-8.0
0041700311,1610612745,HOU,Houston,203991,Clint Capela,Clint,C,,29:57,6.0,7.0,0.857,0.0,0.0,0.0,0.0,0.0,0.0,1.0,5.0,6.0,3.0,1.0,2.0,0.0,0.0,12.0,-3.0
0041700311,1610612745,HOU,Houston,201935,James Harden,James,G,,35:08,14.0,24.0,0.583,5.0,9.0,0.556,8.0,10.0,0.8,1.0,3.0,4.0,7.0,1.0,0.0,4.0,4.0,41.0,-7.0
0041700311,1610612745,HOU,Houston,101108,Chris Paul,Chris,G,,38:11,8.0,17.0,0.471,2.0,7.0,0.286,5.0,7.0,0.714,2.0,9.0,11.0,3.0,1.0,0.0,1.0,4.0,23.0,-7.0
0041700311,1610612745,HOU,Houston,201569,Eric Gordon,Eric,,,33:54,6.0,13.0,0.462,3.0,7.0,0.429,0.0,0.0,0.0,0.0,5.0,5.0,3.0,0.0,0.0,4.0,1.0,15.0,-10.0
0041700311,1610612745,HOU,Houston,201601,Luc Mbah a Moute,Luc,,,17:28,0.0,6.0,0.0,0.0,2.0,0.0,0.0,0.0,0.0,1.0,3.0,4.0,0.0,0.0,0.0,1.0,0.0,0.0,-14.0
0041700311,1610612745,HOU,Houston,101123,Gerald Green,Gerald,,,16:42,2.0,5.0,0.4,2.0,4.0,0.5,0.0,0.0,0.0,1.0,2.0,3.0,0.0,0.0,0.0,1.0,4.0,6.0,-9.0
0041700311,1610612745,HOU,Houston,201583,Ryan Anderson,Ryan,,,5:04,0.0,1.0,0.0,0.0,1.0,0.0,0.0,0.0,0.0,0.0,1.0,1.0,0.0,0.0,0.0,0.0,1.0,0.0,-3.0
0041700311,1610612745,HOU,Houston,2403,Nene Hilario,Nene,,,5:45,0.0,1.0,0.0,0.0,0.0,0.0,0.0,0.0,0.0,0.0,1.0,1.0,0.0,0.0,0.0,0.0,1.0,0.0,1.0
0041700311,1610612745,HOU,Houston,204028,Tarik Black,Tarik,,DNP - Coach's Decision,,,,,,,,,,,,,,,,,,,,
0041700311,1610612745,HOU,Houston,1628935,Aaron Jackson,Aaron,,DNP - Coach's Decision,,,,,,,,,,,,,,,,,,,,
0041700311,1610612745,HOU,Houston,2207,Joe Johnson,Joe,,DNP - Coach's Decision,,,,,,,,,,,,,,,,,,,,
0041700302,1610612739,CLE,Cleveland,2544,LeBron James,LeBron,F,,38:46,16.0,29.0,0.552,5.0,11.0,0.455,5.0,10.0,0.5,1.0,9.0,10.0,12.0,0.0,1.0,6.0,3.0,42.0,-9.0
0041700302,1610612739,CLE,Cleveland,201567,Kevin Love,Kevin,F,,35:15,9.0,18.0,0.5,2.0,6.0,0.333,2.0,2.0,1.0,2.0,13.0,15.0,2.0,0.0,0.0,1.0,4.0,22.0,-10.0
0041700302,1610612739,CLE,Cleveland,202684,Tristan Thompson,Tristan,C,,29:39,4.0,6.0,0.667,0.0,0.0,0.0,0.0,0.0,0.0,4.0,3.0,7.0,0.0,0.0,0.0,2.0,3.0,8.0,-5.0
0041700302,1610612739,CLE,Cleveland,2747,JR Smith,JR,G,,27:22,0.0,7.0,0.0,0.0,4.0,0.0,0.0,0.0,0.0,0.0,3.0,3.0,1.0,0.0,0.0,0.0,2.0,0.0,-6.0
0041700302,1610612739,CLE,Cleveland,201588,George Hill,George,G,,33:18,1.0,4.0,0.25,0.0,2.0,0.0,1.0,2.0,0.5,1.0,1.0,2.0,1.0,0.0,2.0,0.0,3.0,3.0,-6.0
0041700302,1610612739,CLE,Cleveland,1626204,Larry Nance Jr.,Larry,,,11:21,0.0,1.0,0.0,0.0,0.0,0.0,0.0,0.0,0.0,0.0,3.0,3.0,0.0,2.0,0.0,0.0,2.0,0.0,-2.0
0041700302,1610612739,CLE,Cleveland,201145,Jeff Green,Jeff,,,27:52,2.0,5.0,0.4,1.0,3.0,0.333,1.0,2.0,0.5,0.0,2.0,2.0,1.0,0.0,2.0,5.0,3.0,6.0,-17.0
0041700302,1610612739,CLE,Cleveland,2594,Kyle Korver,Kyle,,,21:30,4.0,8.0,0.5,2.0,5.0,0.4,1.0,1.0,1.0,0.0,1.0,1.0,0.0,0.0,0.0,0.0,0.0,11.0,-5.0
0041700302,1610612739,CLE,Cleveland,203918,Rodney Hood,Rodney,,,11:21,1.0,2.0,0.5,0.0,0.0,0.0,0.0,0.0,0.0,0.0,2.0,2.0,1.0,0.0,0.0,1.0,1.0,2.0,-7.0
0041700302,1610612739,CLE,Cleveland,1626224,Cedi Osman,Cedi,,,1:48,0.0,0.0,0.0,0.0,0.0,0.0,0.0,0.0,0.0,0.0,0.0,0.0,0.0,0.0,0.0,0.0,0.0,0.0,1.0
0041700302,1610612739,CLE,Cleveland,101181,Jose Calderon,Jose,,,1:48,0.0,0.0,0.0,0.0,0.0,0.0,0.0,0.0,0.0,0.0,0.0,0.0,0.0,0.0,0.0,0.0,0.0,0.0,1.0
0041700302,1610612739,CLE,Cleveland,203903,Jordan Clarkson,Jordan,,DNP - Coach's Decision,,,,,,,,,,,,,,,,,,,,
0041700302,1610612739,CLE,Cleveland,1627790,Ante Zizic,Ante,,DNP - Coach's Decision,,,,,,,,,,,,,,,,,,,,
0041700302,1610612738,BOS,Boston,1628369,Jayson Tatum,Jayson,F,,31:32,5.0,12.0,0.417,1.0,3.0,0.333,0.0,0.0,0.0,0.0,3.0,3.0,2.0,1.0,0.0,2.0,3.0,11.0,1.0
0041700302,1610612738,BOS,Boston,202694,Marcus Morris Sr.,Marcus,F,,34:03,5.0,14.0,0.357,1.0,4.0,0.25,1.0,1.0,1.0,1.0,4.0,5.0,3.0,0.0,0.0,1.0,5.0,12.0,7.0
0041700302,1610612738,BOS,Boston,201143,Al Horford,Al,C,,37:27,5.0,13.0,0.385,1.0,4.0,0.25,4.0,5.0,0.8,3.0,7.0,10.0,4.0,2.0,2.0,0.0,0.0,15.0,14.0
0041700302,1610612738,BOS,Boston,1627759,Jaylen Brown,Jaylen,G,,35:10,9.0,18.0,0.5,3.0,8.0,0.375,2.0,4.0,0.5,2.0,4.0,6.0,3.0,1.0,0.0,1.0,2.0,23.0,10.0
0041700302,1610612738,BOS,Boston,1626179,Terry Rozier,Terry,G,,35:54,7.0,16.0,0.438,2.0,8.0,0.25,2.0,2.0,1.0,0.0,6.0,6.0,2.0,0.0,0.0,1.0,3.0,18.0,6.0
0041700302,1610612738,BOS,Boston,203382,Aron Baynes,Aron,,,17:06,4.0,7.0,0.571,1.0,1.0,1.0,0.0,0.0,0.0,2.0,4.0,6.0,1.0,0.0,0.0,0.0,0.0,9.0,2.0
0041700302,1610612738,BOS,Boston,203935,Marcus Smart,Marcus,,,30:58,3.0,9.0,0.333,1.0,3.0,0.333,4.0,4.0,1.0,3.0,2.0,5.0,9.0,4.0,0.0,0.0,3.0,11.0,21.0
0041700302,1610612738,BOS,Boston,1628400,Semi Ojeleye,Semi,,,9:18,0.0,0.0,0.0,0.0,0.0,0.0,2.0,2.0,1.0,0.0,4.0,4.0,0.0,0.0,0.0,0.0,1.0,2.0,1.0
0041700302,1610612738,BOS,Boston,1627824,Guerschon Yabusele,Guerschon,,,1:21,0.0,0.0,0.0,0.0,0.0,0.0,0.0,0.0,0.0,0.0,0.0,0.0,0.0,0.0,0.0,0.0,0.0,0.0,2.0
0041700302,1610612738,BOS,Boston,202328,Greg Monroe,Greg,,,6:06,1.0,2.0,0.5,0.0,0.0,0.0,2.0,2.0,1.0,0.0,1.0,1.0,0.0,0.0,0.0,0.0,1.0,4.0,1.0
0041700302,1610612738,BOS,Boston,1627846,Abdel Nader,Abdel,,,1:05,1.0,1.0,1.0,0.0,0.0,0.0,0.0,0.0,0.0,0.0,0.0,0.0,0.0,0.0,0.0,0.0,0.0,2.0,0.0
0041700302,1610612738,BOS,Boston,203499,Shane Larkin,Shane,,DND - Injury/Illness,,,,,,,,,,,,,,,,,,,,
0041700312,1610612744,GSW,Golden State,2738,Andre Iguodala,Andre,F,,27:03,2.0,4.0,0.5,0.0,1.0,0.0,1.0,2.0,0.5,2.0,4.0,6.0,1.0,0.0,0.0,3.0,2.0,5.0,-22.0
0041700312,1610612744,GSW,Golden State,201142,Kevin Durant,Kevin,F,,35:25,13.0,22.0,0.591,3.0,7.0,0.429,9.0,9.0,1.0,1.0,2.0,3.0,0.0,0.0,0.0,5.0,5.0,38.0,-28.0
0041700312,1610612744,GSW,Golden State,203110,Draymond Green,Draymond,C,,37:12,2.0,5.0,0.4,0.0,2.0,0.0,2.0,2.0,1.0,0.0,6.0,6.0,6.0,2.0,2.0,4.0,4.0,6.0,-24.0
0041700312,1610612744,GSW,Golden State,202691,Klay Thompson,Klay,G,,36:42,3.0,11.0,0.273,2.0,4.0,0.5,0.0,0.0,0.0,0.0,2.0,2.0,2.0,2.0,0.0,0.0,1.0,8.0,-24.0
0041700312,1610612744,GSW,Golden State,201939,Stephen Curry,Stephen,G,,34:06,7.0,19.0,0.368,1.0,8.0,0.125,1.0,1.0,1.0,0.0,7.0,7.0,7.0,0.0,0.0,2.0,3.0,16.0,-20.0
0041700312,1610612744,GSW,Golden State,1626172,Kevon Looney,Kevon,,,11:24,2.0,4.0,0.5,0.0,0.0,0.0,0.0,0.0,0.0,3.0,2.0,5.0,0.0,1.0,1.0,1.0,1.0,4.0,-2.0
0041700312,1610612744,GSW,Golden State,201156,Nick Young,Nick,,,17:28,2.0,6.0,0.333,2.0,6.0,0.333,0.0,0.0,0.0,1.0,0.0,1.0,2.0,0.0,0.0,0.0,3.0,6.0,0.0
0041700312,1610612744,GSW,Golden State,2733,Shaun Livingston,Shaun,,,18:25,2.0,3.0,0.667,0.0,0.0,0.0,1.0,2.0,0.5,1.0,0.0,1.0,2.0,0.0,0.0,0.0,1.0,5.0,2.0
0041700312,1610612744,GSW,Golden State,2561,David West,David,,,6:00,2.0,4.0,0.5,0.0,0.0,0.0,0.0,0.0,0.0,0.0,0.0,0.0,0.0,0.0,0.0,0.0,2.0,4.0,-6.0
0041700312,1610612744,GSW,Golden State,1628395,Jordan Bell,Jordan,,,5:39,0.0,2.0,0.0,0.0,0.0,0.0,1.0,2.0,0.5,0.0,3.0,3.0,0.0,0.0,1.0,0.0,0.0,1.0,2.0
0041700312,1610612744,GSW,Golden State,1626188,Quinn Cook,Quinn,,,5:18,2.0,3.0,0.667,1.0,2.0,0.5,2.0,2.0,1.0,0.0,1.0,1.0,0.0,0.0,0.0,0.0,0.0,7.0,6.0
0041700312,1610612744,GSW,Golden State,2585,Zaza Pachulia,Zaza,,,5:18,2.0,2.0,1.0,0.0,0.0,0.0,1.0,2.0,0.5,1.0,0.0,1.0,1.0,1.0,0.0,0.0,0.0,5.0,6.0
0041700312,1610612744,GSW,Golden State,201580,JaVale McGee,JaVale,,DNP - Coach's Decision,,,,,,,,,,,,,,,,,,,,
0041700312,1610612745,HOU,Houston,2772,Trevor Ariza,Trevor,F,,35:40,7.0,9.0,0.778,1.0,3.0,0.333,4.0,4.0,1.0,2.0,2.0,4.0,6.0,2.0,0.0,0.0,3.0,19.0,26.0
0041700312,1610612745,HOU,Houston,200782,P.J. Tucker,P.J.,F,,36:28,8.0,9.0,0.889,5.0,6.0,0.833,1.0,2.0,0.5,1.0,6.0,7.0,4.0,1.0,0.0,1.0,4.0,22.0,22.0
0041700312,1610612745,HOU,Houston,203991,Clint Capela,Clint,C,,30:47,2.0,3.0,0.667,0.0,0.0,0.0,1.0,5.0,0.2,3.0,7.0,10.0,1.0,0.0,0.0,3.0,3.0,5.0,12.0
0041700312,1610612745,HOU,Houston,201935,James Harden,James,G,,33:45,9.0,24.0,0.375,3.0,15.0,0.2,6.0,6.0,1.0,0.0,10.0,10.0,3.0,1.0,0.0,4.0,3.0,27.0,22.0
0041700312,1610612745,HOU,Houston,101108,Chris Paul,Chris,G,,33:34,6.0,14.0,0.429,1.0,5.0,0.2,3.0,3.0,1.0,0.0,4.0,4.0,6.0,3.0,0.0,3.0,5.0,16.0,13.0
0041700312,1610612745,HOU,Houston,201569,Eric Gordon,Eric,,,32:38,8.0,15.0,0.533,6.0,9.0,0.667,5.0,5.0,1.0,0.0,3.0,3.0,2.0,1.0,1.0,0.0,0.0,27.0,29.0
0041700312,1610612745,HOU,Houston,201601,Luc Mbah a Moute,Luc,,,6:53,1.0,5.0,0.2,0.0,1.0,0.0,0.0,0.0,0.0,1.0,0.0,1.0,0.0,0.0,0.0,0.0,0.0,2.0,-7.0
0041700312,1610612745,HOU,Houston,101123,Gerald Green,Gerald,,,14:59,1.0,2.0,0.5,0.0,1.0,0.0,1.0,2.0,0.5,0.0,2.0,2.0,0.0,0.0,0.0,1.0,2.0,3.0,9.0
0041700312,1610612745,HOU,Houston,1628935,Aaron Jackson,Aaron,,,3:49,2.0,3.0,0.667,0.0,1.0,0.0,0.0,0.0,0.0,2.0,0.0,2.0,0.0,0.0,0.0,1.0,1.0,4.0,-4.0
0041700312,1610612745,HOU,Houston,201583,Ryan Anderson,Ryan,,,3:49,0.0,0.0,0.0,0.0,0.0,0.0,0.0,0.0,0.0,0.0,0.0,0.0,1.0,0.0,0.0,0.0,0.0,0.0,-4.0
0041700312,1610612745,HOU,Houston,204028,Tarik Black,Tarik,,,3:49,1.0,2.0,0.5,0.0,0.0,0.0,0.0,0.0,0.0,1.0,1.0,2.0,0.0,0.0,0.0,0.0,2.0,2.0,-4.0
0041700312,1610612745,HOU,Houston,2207,Joe Johnson,Joe,,,3:49,0.0,2.0,0.0,0.0,1.0,0.0,0.0,0.0,0.0,0.0,2.0,2.0,0.0,0.0,0.0,0.0,1.0,0.0,-4.0
0041700312,1610612745,HOU,Houston,2403,Nene Hilario,Nene,,DNP - Coach's Decision,,,,,,,,,,,,,,,,,,,,
0041700303,1610612738,BOS,Boston,1628369,Jayson Tatum,Jayson,F,,31:12,6.0,10.0,0.6,0.0,1.0,0.0,6.0,8.0,0.75,0.0,1.0,1.0,1.0,0.0,1.0,1.0,2.0,18.0,-11.0
0041700303,1610612738,BOS,Boston,202694,Marcus Morris Sr.,Marcus,F,,25:42,2.0,8.0,0.25,1.0,3.0,0.333,4.0,4.0,1.0,1.0,4.0,5.0,0.0,0.0,0.0,1.0,3.0,9.0,-28.0
0041700303,1610612738,BOS,Boston,201143,Al Horford,Al,C,,29:59,2.0,4.0,0.5,1.0,2.0,0.5,2.0,2.0,1.0,0.0,7.0,7.0,4.0,0.0,0.0,1.0,2.0,7.0,-23.0
0041700303,1610612738,BOS,Boston,1627759,Jaylen Brown,Jaylen,G,,20:45,3.0,8.0,0.375,2.0,3.0,0.667,2.0,2.0,1.0,0.0,2.0,2.0,1.0,0.0,1.0,3.0,5.0,10.0,-21.0
0041700303,1610612738,BOS,Boston,1626179,Terry Rozier,Terry,G,,27:39,5.0,12.0,0.417,1.0,4.0,0.25,2.0,2.0,1.0,0.0,3.0,3.0,2.0,1.0,0.0,2.0,3.0,13.0,-20.0
0041700303,1610612738,BOS,Boston,203382,Aron Baynes,Aron,,,23:40,3.0,7.0,0.429,1.0,1.0,1.0,0.0,0.0,0.0,4.0,2.0,6.0,1.0,0.0,2.0,1.0,3.0,7.0,-12.0
0041700303,1610612738,BOS,Boston,203935,Marcus Smart,Marcus,,,26:22,2.0,9.0,0.222,0.0,4.0,0.0,3.0,4.0,0.75,0.0,0.0,0.0,6.0,2.0,0.0,3.0,2.0,7.0,-19.0
0041700303,1610612738,BOS,Boston,1627824,Guerschon Yabusele,Guerschon,,,11:08,0.0,1.0,0.0,0.0,1.0,0.0,1.0,2.0,0.5,0.0,4.0,4.0,0.0,0.0,0.0,0.0,2.0,1.0,-1.0
0041700303,1610612738,BOS,Boston,202328,Greg Monroe,Greg,,,16:21,4.0,5.0,0.8,0.0,0.0,0.0,2.0,4.0,0.5,1.0,4.0,5.0,0.0,0.0,0.0,2.0,2.0,10.0,-7.0
0041700303,1610612738,BOS,Boston,1628400,Semi Ojeleye,Semi,,,20:23,1.0,5.0,0.2,0.0,2.0,0.0,0.0,0.0,0.0,0.0,0.0,0.0,1.0,1.0,0.0,0.0,1.0,2.0,-7.0
0041700303,1610612738,BOS,Boston,1627846,Abdel Nader,Abdel,,,6:49,1.0,5.0,0.2,0.0,1.0,0.0,0.0,0.0,0.0,0.0,1.0,1.0,0.0,0.0,0.0,1.0,0.0,2.0,-1.0
0041700303,1610612738,BOS,Boston,203499,Shane Larkin,Shane,,DND - Injury/Illness,,,,,,,,,,,,,,,,,,,,
0041700303,1610612739,CLE,Cleveland,2544,LeBron James,LeBron,F,,37:30,8.0,12.0,0.667,3.0,3.0,1.0,8.0,10.0,0.8,1.0,4.0,5.0,12.0,2.0,2.0,3.0,3.0,27.0,31.0
0041700303,1610612739,CLE,Cleveland,201567,Kevin Love,Kevin,F,,29:45,4.0,12.0,0.333,1.0,4.0,0.25,4.0,4.0,1.0,2.0,12.0,14.0,4.0,1.0,0.0,4.0,3.0,13.0,24.0
0041700303,1610612739,CLE,Cleveland,202684,Tristan Thompson,Tristan,C,,22:38,3.0,5.0,0.6,0.0,0.0,0.0,4.0,4.0,1.0,3.0,4.0,7.0,0.0,0.0,0.0,0.0,1.0,10.0,22.0
0041700303,1610612739,CLE,Cleveland,2747,JR Smith,JR,G,,26:02,3.0,8.0,0.375,3.0,4.0,0.75,2.0,2.0,1.0,0.0,5.0,5.0,0.0,0.0,0.0,2.0,3.0,11.0,20.0
0041700303,1610612739,CLE,Cleveland,201588,George Hill,George,G,,29:45,4.0,11.0,0.364,3.0,9.0,0.333,2.0,4.0,0.5,0.0,3.0,3.0,2.0,1.0,0.0,0.0,3.0,13.0,24.0
0041700303,1610612739,CLE,Cleveland,1626204,Larry Nance Jr.,Larry,,,21:15,4.0,4.0,1.0,0.0,0.0,0.0,0.0,0.0,0.0,1.0,5.0,6.0,3.0,3.0,0.0,2.0,3.0,8.0,5.0
0041700303,1610612739,CLE,Cleveland,2594,Kyle Korver,Kyle,,,20:05,5.0,5.0,1.0,4.0,4.0,1.0,0.0,0.0,0.0,0.0,2.0,2.0,0.0,0.0,0.0,2.0,2.0,14.0,8.0
0041700303,1610612739,CLE,Cleveland,201145,Jeff Green,Jeff,,,18:50,2.0,4.0,0.5,0.0,2.0,0.0,2.0,2.0,1.0,0.0,0.0,0.0,1.0,1.0,0.0,0.0,2.0,6.0,5.0
0041700303,1610612739,CLE,Cleveland,203903,Jordan Clarkson,Jordan,,,18:15,3.0,11.0,0.273,3.0,7.0,0.429,0.0,0.0,0.0,1.0,0.0,1.0,0.0,0.0,1.0,0.0,3.0,9.0,6.0
0041700303,1610612739,CLE,Cleveland,1626224,Cedi Osman,Cedi,,,6:49,1.0,1.0,1.0,0.0,0.0,0.0,1.0,2.0,0.5,0.0,0.0,0.0,1.0,1.0,0.0,0.0,0.0,3.0,1.0
0041700303,1610612739,CLE,Cleveland,101181,Jose Calderon,Jose,,,4:33,0.0,1.0,0.0,0.0,1.0,0.0,0.0,0.0,0.0,0.0,0.0,0.0,0.0,0.0,0.0,0.0,0.0,0.0,2.0
0041700303,1610612739,CLE,Cleveland,1627790,Ante Zizic,Ante,,,4:33,0.0,2.0,0.0,0.0,0.0,0.0,2.0,2.0,1.0,0.0,2.0,2.0,0.0,0.0,0.0,1.0,0.0,2.0,2.0
0041700303,1610612739,CLE,Cleveland,203918,Rodney Hood,Rodney,,DNP - Coach's Decision,,,,,,,,,,,,,,,,,,,,
0041700313,1610612745,HOU,Houston,2772,Trevor Ariza,Trevor,F,,35:31,2.0,6.0,0.333,0.0,2.0,0.0,2.0,2.0,1.0,1.0,2.0,3.0,2.0,0.0,0.0,2.0,3.0,6.0,-23.0
0041700313,1610612745,HOU,Houston,200782,P.J. Tucker,P.J.,F,,32:46,2.0,5.0,0.4,2.0,3.0,0.667,0.0,0.0,0.0,1.0,5.0,6.0,1.0,0.0,0.0,2.0,3.0,6.0,-19.0
0041700313,1610612745,HOU,Houston,203991,Clint Capela,Clint,C,,21:31,6.0,9.0,0.667,0.0,0.0,0.0,1.0,2.0,0.5,4.0,4.0,8.0,1.0,0.0,1.0,0.0,2.0,13.0,-10.0
0041700313,1610612745,HOU,Houston,201935,James Harden,James,G,,32:33,7.0,16.0,0.438,2.0,6.0,0.333,4.0,5.0,0.8,0.0,5.0,5.0,9.0,1.0,1.0,4.0,2.0,20.0,-19.0
0041700313,1610612745,HOU,Houston,101108,Chris Paul,Chris,G,,32:36,5.0,16.0,0.313,2.0,8.0,0.25,1.0,2.0,0.5,1.0,9.0,10.0,4.0,1.0,2.0,2.0,4.0,13.0,-18.0
0041700313,1610612745,HOU,Houston,201569,Eric Gordon,Eric,,,31:27,4.0,13.0,0.308,2.0,8.0,0.25,1.0,1.0,1.0,1.0,1.0,2.0,1.0,0.0,0.0,3.0,1.0,11.0,-33.0
0041700313,1610612745,HOU,Houston,101123,Gerald Green,Gerald,,,19:51,3.0,10.0,0.3,2.0,6.0,0.333,1.0,1.0,1.0,0.0,2.0,2.0,0.0,0.0,1.0,1.0,2.0,9.0,-12.0
0041700313,1610612745,HOU,Houston,201601,Luc Mbah a Moute,Luc,,,15:19,1.0,2.0,0.5,1.0,1.0,1.0,0.0,0.0,0.0,0.0,1.0,1.0,0.0,0.0,0.0,1.0,0.0,3.0,-28.0
0041700313,1610612745,HOU,Houston,2207,Joe Johnson,Joe,,,8:04,2.0,3.0,0.667,0.0,0.0,0.0,0.0,0.0,0.0,0.0,2.0,2.0,0.0,0.0,0.0,2.0,0.0,4.0,-19.0
0041700313,1610612745,HOU,Houston,204028,Tarik Black,Tarik,,,5:11,0.0,0.0,0.0,0.0,0.0,0.0,0.0,0.0,0.0,1.0,0.0,1.0,1.0,0.0,0.0,1.0,1.0,0.0,-12.0
0041700313,1610612745,HOU,Houston,201583,Ryan Anderson,Ryan,,,5:11,0.0,1.0,0.0,0.0,0.0,0.0,0.0,0.0,0.0,1.0,0.0,1.0,0.0,1.0,0.0,1.0,1.0,0.0,-12.0
0041700313,1610612745,HOU,Houston,1628935,Aaron Jackson,Aaron,,DNP - Coach's Decision,,,,,,,,,,,,,,,,,,,,
0041700313,1610612745,HOU,Houston,2403,Nene Hilario,Nene,,DNP - Coach's Decision,,,,,,,,,,,,,,,,,,,,
0041700313,1610612744,GSW,Golden State,2738,Andre Iguodala,Andre,F,,26:33,4.0,6.0,0.667,0.0,0.0,0.0,2.0,2.0,1.0,1.0,2.0,3.0,3.0,3.0,1.0,0.0,0.0,10.0,26.0
0041700313,1610612744,GSW,Golden State,201142,Kevin Durant,Kevin,F,,35:13,9.0,19.0,0.474,3.0,8.0,0.375,4.0,4.0,1.0,2.0,4.0,6.0,6.0,1.0,0.0,0.0,0.0,25.0,27.0
0041700313,1610612744,GSW,Golden State,203110,Draymond Green,Draymond,C,,37:21,3.0,9.0,0.333,1.0,4.0,0.25,3.0,3.0,1.0,2.0,15.0,17.0,6.0,2.0,1.0,1.0,4.0,10.0,26.0
0041700313,1610612744,GSW,Golden State,202691,Klay Thompson,Klay,G,,35:29,6.0,14.0,0.429,1.0,3.0,0.333,0.0,0.0,0.0,0.0,1.0,1.0,3.0,1.0,2.0,3.0,1.0,13.0,21.0
0041700313,1610612744,GSW,Golden State,201939,Stephen Curry,Stephen,G,,34:21,13.0,23.0,0.565,5.0,12.0,0.417,4.0,4.0,1.0,2.0,4.0,6.0,1.0,0.0,1.0,1.0,2.0,35.0,24.0
0041700313,1610612744,GSW,Golden State,1626172,Kevon Looney,Kevon,,,15:46,2.0,3.0,0.667,0.0,0.0,0.0,0.0,0.0,0.0,2.0,3.0,5.0,0.0,0.0,2.0,0.0,5.0,4.0,12.0
0041700313,1610612744,GSW,Golden State,201156,Nick Young,Nick,,,17:60,1.0,3.0,0.333,1.0,3.0,0.333,2.0,2.0,1.0,0.0,3.0,3.0,0.0,0.0,0.0,0.0,1.0,5.0,20.0
0041700313,1610612744,GSW,Golden State,2733,Shaun Livingston,Shaun,,,15:49,4.0,9.0,0.444,0.0,0.0,0.0,1.0,2.0,0.5,2.0,2.0,4.0,1.0,1.0,0.0,1.0,1.0,9.0,10.0
0041700313,1610612744,GSW,Golden State,1628395,Jordan Bell,Jordan,,,10:09,0.0,0.0,0.0,0.0,0.0,0.0,0.0,0.0,0.0,0.0,3.0,3.0,0.0,1.0,0.0,1.0,2.0,0.0,13.0
0041700313,1610612744,GSW,Golden State,1626188,Quinn Cook,Quinn,,,5:11,4.0,4.0,1.0,2.0,2.0,1.0,1.0,1.0,1.0,0.0,0.0,0.0,0.0,2.0,0.0,1.0,0.0,11.0,12.0
0041700313,1610612744,GSW,Golden State,2585,Zaza Pachulia,Zaza,,,3:04,0.0,0.0,0.0,0.0,0.0,0.0,0.0,0.0,0.0,0.0,0.0,0.0,0.0,0.0,0.0,0.0,0.0,0.0,7.0
0041700313,1610612744,GSW,Golden State,201580,JaVale McGee,JaVale,,,3:04,2.0,2.0,1.0,0.0,0.0,0.0,0.0,0.0,0.0,0.0,1.0,1.0,0.0,0.0,0.0,0.0,0.0,4.0,7.0
0041700313,1610612744,GSW,Golden State,2561,David West,David,,DNP - Coach's Decision,,,,,,,,,,,,,,,,,,,,
