date,game_id,team,odds,prob,ev,stake,won,gain,bankroll,comment
2021-10-19,22100001,brooklyn nets,1.98,0.5387327140659761,0.0666907738506326,0.0,0,0.0,1000.0,diff proba trop faible (0.055)
2021-10-19,22100002,golden state warriors,2.48,0.42951056622936873,0.06518620424883448,0.0,1,0.0,1000.0,diff ev trop faible (0.041)
2021-10-20,22100003,charlotte hornets,1.88,0.5025323829401284,-0.05523912007255871,0.0,1,0.0,1000.0,diff proba trop faible (0.030)
2021-10-20,22100004,chicago bulls,1.53,0.6479756200241497,-0.008597301363051035,0.0,1,0.0,1000.0,ev trop bas (-0.009)
2021-10-20,22100005,new york knicks,1.72,0.633358078057694,0.08937589425923353,20.0,1,14.399999999999999,1014.4,bet placed
2021-10-20,22100006,washington wizards,2.2,0.4001309379098306,-0.11971193659837254,0.0,1,0.0,1014.4,ev trop bas (-0.120)
2021-10-20,22100007,memphis grizzlies,1.27,0.741811366410654,-0.05789956465846935,0.0,1,0.0,1014.4,ev trop bas (-0.058)
2021-10-20,22100008,minnesota timberwolves,1.41,0.6542007258566586,-0.07757697654211149,0.0,1,0.0,1014.4,ev trop bas (-0.078)
2021-10-20,22100009,philadelphia 76ers,1.64,0.617462905711087,0.012639165366182592,0.0,1,0.0,1014.4,ev trop bas (0.013)
2021-10-20,22100010,orlando magic,2.95,0.36124546996484574,0.06567413639629494,0.0,0,0.0,1014.4,odds hors limites
2021-10-20,22100011,oklahoma city thunder,7.5,0.12276709993612163,-0.0792467504790878,0.0,0,0.0,1014.4,odds hors limites
2021-10-20,22100012,phoenix suns,1.35,0.7441715165546499,0.004631547348777465,0.0,0,0.0,1014.4,ev trop bas (0.005)
2021-10-20,22100013,sacramento kings,2.94,0.37502075630949283,0.10256102354990881,0.0,1,0.0,1014.4,odds hors limites
2021-10-21,22100014,atlanta hawks,1.64,0.6121536898127984,0.003932051292989236,0.0,1,0.0,1014.4,ev trop bas (0.004)
2021-10-21,22100015,miami heat,1.73,0.5278766619976377,-0.08677337474408675,0.0,1,0.0,1014.4,ev trop bas (-0.087)
2021-10-21,22100016,los angeles clippers,2.26,0.42536523788619285,-0.038674562377204236,0.0,0,0.0,1014.4,ev trop bas (-0.039)
2021-10-22,22100017,charlotte hornets,1.66,0.5794336279941359,-0.03814017752973442,0.0,1,0.0,1014.4,ev trop bas (-0.038)
2021-10-22,22100018,new york knicks,1.23,0.7829238982715722,-0.03700360512596623,0.0,1,0.0,1014.4,ev trop bas (-0.037)
2021-10-22,22100019,indiana pacers,1.63,0.4924628883606855,-0.19728549197208267,0.0,0,0.0,1014.4,ev trop bas (-0.197)
2021-10-22,22100020,toronto raptors,3.15,0.324445104521339,0.022002079242217754,0.0,1,0.0,1014.4,odds hors limites
2021-10-22,22100021,brooklyn nets,1.75,0.5641363596950756,-0.0127613705336177,0.0,1,0.0,1014.4,ev trop bas (-0.013)
2021-10-22,22100022,chicago bulls,1.33,0.7187719823459078,-0.04403326347994263,0.0,1,0.0,1014.4,ev trop bas (-0.044)
2021-10-22,22100023,oklahoma city thunder,2.18,0.38660246650991104,-0.15720662300839383,0.0,0,0.0,1014.4,ev trop bas (-0.157)
2021-10-22,22100024,denver nuggets,1.23,0.758318922347202,-0.06726772551294158,0.0,1,0.0,1014.4,ev trop bas (-0.067)
2021-10-22,22100025,phoenix suns,1.72,0.558755603699676,-0.03894036163655723,0.0,1,0.0,1014.4,diff proba trop faible (0.062)
2021-10-22,22100026,sacramento kings,2.88,0.32861717968328125,-0.05358252251215001,0.0,0,0.0,1014.4,odds hors limites
2021-10-23,22100027,atlanta hawks,1.21,0.7896317627445786,-0.04454556707905999,0.0,0,0.0,1014.4,ev trop bas (-0.045)
2021-10-23,22100028,miami heat,1.52,0.5782056989456236,-0.12112733760265215,0.0,0,0.0,1014.4,ev trop bas (-0.121)
2021-10-23,22100029,toronto raptors,2.32,0.4076991373770351,-0.05413800128527857,0.0,0,0.0,1014.4,ev trop bas (-0.054)
2021-10-23,22100030,chicago bulls,1.21,0.7639908212587989,-0.07557110627685337,0.0,1,0.0,1014.4,ev trop bas (-0.076)
2021-10-23,22100031,minnesota timberwolves,1.23,0.6757295862880781,-0.1688526088656639,0.0,1,0.0,1014.4,ev trop bas (-0.169)
2021-10-23,22100032,san antonio spurs,2.83,0.3465372604794867,-0.019299552843052625,0.0,0,0.0,1014.4,odds hors limites
2021-10-23,22100033,phoenix suns,2.11,0.43989574043405355,-0.0718199876841471,0.0,0,0.0,1014.4,ev trop bas (-0.072)
2021-10-23,22100034,los angeles clippers,1.48,0.6091143849464026,-0.09851071027932423,0.0,0,0.0,1014.4,ev trop bas (-0.099)
2021-10-24,22100035,brooklyn nets,1.17,0.8061606683802842,-0.0567920179950675,0.0,0,0.0,1014.4,odds hors limites
2021-10-24,22100036,new york knicks,1.1,0.8281685079022099,-0.08901464130756909,0.0,0,0.0,1014.4,odds hors limites
2021-10-24,22100037,houston rockets,2.55,0.3663372471596712,-0.06584001974283848,0.0,0,0.0,1014.4,odds hors limites
2021-10-24,22100038,philadelphia 76ers,1.15,0.7846360222239411,-0.09766857444246779,0.0,1,0.0,1014.4,odds hors limites
2021-10-24,22100039,sacramento kings,2.13,0.42334180333983135,-0.09828195888615932,0.0,0,0.0,1014.4,ev trop bas (-0.098)
2021-10-24,22100040,los angeles lakers,1.41,0.6425477772557713,-0.09400763406936252,0.0,1,0.0,1014.4,ev trop bas (-0.094)
2021-10-25,22100041,charlotte hornets,1.94,0.48703580481705855,-0.05515053865490649,0.0,0,0.0,1014.4,diff proba trop faible (0.039)
2021-10-25,22100042,indiana pacers,1.96,0.4320667061407872,-0.15314925596405715,0.0,0,0.0,1014.4,diff proba trop faible (0.047)
2021-10-25,22100043,atlanta hawks,1.11,0.8359078508387553,-0.0721422855689815,0.0,1,0.0,1014.4,odds hors limites
2021-10-25,22100044,brooklyn nets,1.35,0.6995987559814256,-0.055541679425075374,0.0,1,0.0,1014.4,ev trop bas (-0.056)
2021-10-25,22100045,miami heat,1.06,0.8592906989329936,-0.08915185913102674,0.0,1,0.0,1014.4,odds hors limites
2021-10-25,22100046,toronto raptors,1.97,0.466209832418309,-0.08156663013593135,0.0,0,0.0,1014.4,ev trop bas (-0.082)
2021-10-25,22100047,new orleans pelicans,2.63,0.30688507628324063,-0.1928922493750772,0.0,1,0.0,1014.4,odds hors limites
2021-10-25,22100048,denver nuggets,1.13,0.8233200161924338,-0.06964838170254994,0.0,0,0.0,1014.4,odds hors limites
2021-10-25,22100049,portland trail blazers,2.03,0.47654115886064013,-0.032621447512900636,0.0,0,0.0,1014.4,ev trop bas (-0.033)
2021-10-26,22100050,new york knicks,1.69,0.594639381593838,0.004940554893586135,0.0,1,0.0,1014.4,ev trop bas (0.005)
2021-10-26,22100051,golden state warriors,1.15,0.7981646634523982,-0.08211063702974208,0.0,1,0.0,1014.4,odds hors limites
2021-10-26,22100052,houston rockets,5.1,0.1822762172839786,-0.07039129185170911,0.0,0,0.0,1014.4,odds hors limites
2021-10-26,22100053,san antonio spurs,1.58,0.5960400081212797,-0.05825678716837812,0.0,0,0.0,1014.4,ev trop bas (-0.058)
2021-10-26,22100054,denver nuggets,3.2,0.3139529863657216,0.004649556370309282,0.0,0,0.0,1014.4,odds hors limites
2021-10-27,22100055,charlotte hornets,1.4,0.6296505483235518,-0.11848923234702746,0.0,1,0.0,1014.4,ev trop bas (-0.118)
2021-10-27,22100056,boston celtics,1.51,0.5997155371507751,-0.09442953890232963,0.0,0,0.0,1014.4,ev trop bas (-0.094)
2021-10-27,22100057,miami heat,2.34,0.4199989406199015,-0.0172024789494305,0.0,1,0.0,1014.4,ev trop bas (-0.017)
2021-10-27,22100058,toronto raptors,1.77,0.5491194023122805,-0.028058657907263473,0.0,1,0.0,1014.4,ev trop bas (-0.028)
2021-10-27,22100059,atlanta hawks,1.42,0.7021712797041966,-0.0029167828200409307,0.0,1,0.0,1014.4,ev trop bas (-0.003)
2021-10-27,22100060,milwaukee bucks,1.38,0.6939593663928523,-0.04233607437786391,0.0,0,0.0,1014.4,ev trop bas (-0.042)
2021-10-27,22100061,los angeles lakers,1.39,0.6850474749794765,-0.0477840097785277,0.0,0,0.0,1014.4,ev trop bas (-0.048)
2021-10-27,22100062,phoenix suns,1.24,0.7804645491360002,-0.032223959071359776,0.0,0,0.0,1014.4,ev trop bas (-0.032)
2021-10-27,22100063,portland trail blazers,1.68,0.5731407197033374,-0.03712359089839323,0.0,1,0.0,1014.4,ev trop bas (-0.037)
2021-10-27,22100064,los angeles clippers,1.2,0.7812800620969896,-0.06246392548361246,0.0,0,0.0,1014.4,ev trop bas (-0.062)
2021-10-28,22100065,detroit pistons,6.47,0.14289516873312058,-0.07546825829670989,0.0,0,0.0,1014.4,odds hors limites
2021-10-28,22100066,atlanta hawks,1.5,0.6185136105643302,-0.07222958415350478,0.0,0,0.0,1014.4,ev trop bas (-0.072)
2021-10-28,22100067,new york knicks,1.99,0.48519778654926865,-0.03445640476695544,0.0,1,0.0,1014.4,diff proba trop faible (0.050)
2021-10-28,22100068,utah jazz,1.19,0.7743963329081427,-0.07846836383931022,0.0,1,0.0,1014.4,odds hors limites
2021-10-28,22100069,san antonio spurs,3.26,0.29830029286912707,-0.0275410452466458,0.0,0,0.0,1014.4,odds hors limites
2021-10-28,22100070,golden state warriors,1.36,0.6824215503202509,-0.07190669156445872,0.0,0,0.0,1014.4,ev trop bas (-0.072)
2021-10-29,22100071,orlando magic,5.1,0.1952256684963343,-0.004349090668695155,0.0,0,0.0,1014.4,odds hors limites
2021-10-29,22100072,brooklyn nets,1.2,0.797614706793105,-0.04286235184827403,0.0,1,0.0,1014.4,ev trop bas (-0.043)
2021-10-29,22100073,miami heat,1.35,0.7116680813304269,-0.039248090203923613,0.0,1,0.0,1014.4,ev trop bas (-0.039)
2021-10-29,22100074,sacramento kings,1.84,0.5142180435139987,-0.05383879993424234,0.0,1,0.0,1014.4,diff proba trop faible (0.028)
2021-10-29,22100075,denver nuggets,1.55,0.6424549674538099,-0.004194800446594593,0.0,1,0.0,1014.4,ev trop bas (-0.004)
2021-10-29,22100076,los angeles clippers,2.25,0.4594162628027253,0.03368659130613194,0.0,0,0.0,1014.4,ev trop bas (0.034)
2021-10-29,22100077,los angeles lakers,1.3,0.7535931809151147,-0.02032886481035079,0.0,1,0.0,1014.4,ev trop bas (-0.020)
2021-10-30,22100078,boston celtics,2.07,0.45091129998942486,-0.06661360902189062,0.0,0,0.0,1014.4,diff proba trop faible (0.053)
2021-10-30,22100079,detroit pistons,1.39,0.6945812142325373,-0.034532112216773214,0.0,1,0.0,1014.4,ev trop bas (-0.035)
2021-10-30,22100080,new york knicks,1.26,0.7734380489048305,-0.025468058379913616,0.0,1,0.0,1014.4,ev trop bas (-0.025)
2021-10-30,22100081,indiana pacers,1.65,0.5238705093395487,-0.1356136595897447,0.0,0,0.0,1014.4,ev trop bas (-0.136)
2021-10-30,22100082,philadelphia 76ers,1.6,0.5953964917903843,-0.04736561313538501,0.0,1,0.0,1014.4,ev trop bas (-0.047)
2021-10-30,22100087,denver nuggets,1.98,0.521475330470574,0.032521154331736524,0.0,1,0.0,1014.4,diff proba trop faible (0.050)
2021-10-30,22100088,phoenix suns,1.17,0.8136317647792675,-0.04805083520825715,0.0,1,0.0,1014.4,odds hors limites
2021-10-31,22100089,dallas mavericks,1.57,0.6811564119705469,0.0694155667937586,20.288,1,11.564160000000001,1025.96416,bet placed
2021-10-31,22100090,charlotte hornets,2.07,0.45478145020690763,-0.05860239807170131,0.0,1,0.0,1025.96416,diff proba trop faible (0.007)
2021-10-31,22100091,utah jazz,1.46,0.6369213957498924,-0.0700947622051572,0.0,1,0.0,1025.96416,ev trop bas (-0.070)
2021-10-31,22100092,brooklyn nets,1.11,0.8387562957371392,-0.06898051173177544,0.0,1,0.0,1025.96416,odds hors limites
2021-10-31,22100093,los angeles lakers,1.13,0.8279098274645402,-0.0644618949650696,0.0,1,0.0,1025.96416,odds hors limites
2021-11-01,22100094,charlotte hornets,1.54,0.6618337561399471,0.01922398445551865,0.0,0,0.0,1025.96416,ev trop bas (0.019)
2021-11-01,22100095,indiana pacers,1.68,0.5430809009475325,-0.08762408640814545,0.0,1,0.0,1025.96416,ev trop bas (-0.088)
2021-11-01,22100096,portland trail blazers,1.97,0.5034819323508043,-0.008140593268915586,0.0,0,0.0,1025.96416,diff proba trop faible (0.001)
2021-11-01,22100097,atlanta hawks,1.46,0.6872973459361884,0.0034541250668349566,0.0,1,0.0,1025.96416,ev trop bas (0.003)
2021-11-01,22100098,chicago bulls,2.17,0.4735611238357784,0.02762763872363916,0.0,1,0.0,1025.96416,ev trop bas (0.028)
2021-11-01,22100099,new york knicks,1.31,0.7569107780675224,-0.008446880731545647,0.0,0,0.0,1025.96416,ev trop bas (-0.008)
2021-11-01,22100100,denver nuggets,2.01,0.5110744286143248,0.027259601514792786,0.0,0,0.0,1025.96416,diff proba trop faible (0.018)
2021-11-01,22100101,minnesota timberwolves,1.25,0.740512790999517,-0.07435901125060385,0.0,0,0.0,1025.96416,ev trop bas (-0.074)
2021-11-01,22100102,los angeles clippers,1.13,0.8356550662757793,-0.055709775108369386,0.0,1,0.0,1025.96416,odds hors limites
2021-11-02,22100103,detroit pistons,2.55,0.35019606560965316,-0.1070000326953845,0.0,0,0.0,1025.96416,odds hors limites
2021-11-02,22100104,dallas mavericks,2.17,0.47249623447364936,0.02531682880781916,0.0,0,0.0,1025.96416,ev trop bas (0.025)
2021-11-02,22100105,sacramento kings,4.7,0.21308006458454623,0.0014763035473672748,0.0,0,0.0,1025.96416,odds hors limites
2021-11-02,22100106,phoenix suns,1.17,0.8177511043909684,-0.043231207862566956,0.0,1,0.0,1025.96416,odds hors limites
2021-11-02,22100107,houston rockets,5.6,0.18241623155042286,0.02153089668236796,0.0,0,0.0,1025.96416,odds hors limites
2021-11-03,22100108,portland trail blazers,1.43,0.6624065180382329,-0.05275867920532695,0.0,0,0.0,1025.96416,ev trop bas (-0.053)
2021-11-03,22100109,new york knicks,1.86,0.5626338238002123,0.046498912268394976,0.0,0,0.0,1025.96416,ev trop bas (0.046)
2021-11-03,22100110,boston celtics,1.37,0.7043634524800824,-0.035022070102287084,0.0,1,0.0,1025.96416,ev trop bas (-0.035)
2021-11-03,22100111,chicago bulls,2.1,0.46268836980070743,-0.028354423418514352,0.0,0,0.0,1025.96416,ev trop bas (-0.028)
2021-11-03,22100112,washington wizards,1.58,0.564302427524416,-0.1084021645114227,0.0,0,0.0,1025.96416,ev trop bas (-0.108)
2021-11-03,22100113,brooklyn nets,1.49,0.6409406629336745,-0.04499841222882506,0.0,1,0.0,1025.96416,ev trop bas (-0.045)
2021-11-03,22100114,denver nuggets,1.82,0.5582797414651915,0.016069129466648624,0.0,0,0.0,1025.96416,ev trop bas (0.016)
2021-11-03,22100115,los angeles clippers,1.7,0.5688357522531307,-0.032979221169677886,0.0,1,0.0,1025.96416,ev trop bas (-0.033)
2021-11-03,22100116,dallas mavericks,1.77,0.6051113355190595,0.07104706386873527,20.5192832,1,15.799848064,1041.7640080639999,bet placed
2021-11-03,22100117,golden state warriors,1.38,0.7215701086310201,-0.004233250089192286,0.0,1,0.0,1041.7640080639999,ev trop bas (-0.004)
2021-11-03,22100118,sacramento kings,1.41,0.6911052717080166,-0.02554156689169662,0.0,1,0.0,1041.7640080639999,ev trop bas (-0.026)
2021-11-04,22100119,philadelphia 76ers,1.51,0.6273450793074068,-0.05270893024581569,0.0,1,0.0,1041.7640080639999,ev trop bas (-0.053)
2021-11-04,22100120,atlanta hawks,1.93,0.5026160605055021,-0.029951003224380934,0.0,0,0.0,1041.7640080639999,diff proba trop faible (0.034)
2021-11-04,22100121,miami heat,1.36,0.6961476964531237,-0.0532391328237517,0.0,0,0.0,1041.7640080639999,ev trop bas (-0.053)
2021-11-04,22100122,houston rockets,6.1,0.15403440883160716,-0.06039010612719642,0.0,0,0.0,1041.7640080639999,odds hors limites
2021-11-04,22100123,los angeles lakers,1.14,0.8216267873110645,-0.06334546246538653,0.0,0,0.0,1041.7640080639999,odds hors limites
2021-11-05,22100124,brooklyn nets,1.18,0.7925251987929476,-0.06482026542432195,0.0,1,0.0,1041.7640080639999,odds hors limites
2021-11-05,22100125,orlando magic,2.34,0.4503027578953809,0.053708453475191265,20.835280161279996,0,-20.835280161279996,1020.9287279027199,bet placed
2021-11-05,22100126,memphis grizzlies,2.08,0.4355876349505956,-0.09397771930276111,0.0,0,0.0,1020.9287279027199,diff proba trop faible (0.049)
2021-11-05,22100127,toronto raptors,1.42,0.6753616496820666,-0.04098645745146545,0.0,0,0.0,1020.9287279027199,ev trop bas (-0.041)
2021-11-05,22100128,new york knicks,2.31,0.43104930966981114,-0.004276094662736263,0.0,1,0.0,1020.9287279027199,ev trop bas (-0.004)
2021-11-05,22100129,los angeles clippers,1.7,0.5357896165084454,-0.08915765193564296,0.0,1,0.0,1020.9287279027199,ev trop bas (-0.089)
2021-11-05,22100130,new orleans pelicans,4.25,0.2477988768533729,0.05314522662683485,0.0,0,0.0,1020.9287279027199,odds hors limites
2021-11-05,22100131,portland trail blazers,1.41,0.713769462225102,0.0064149417373937645,0.0,1,0.0,1020.9287279027199,ev trop bas (0.006)
2021-11-05,22100132,sacramento kings,1.76,0.6014453020601126,0.05854373162579818,20.4185745580544,1,15.518116664121344,1036.4468445668413,bet placed
2021-11-06,22100133,denver nuggets,1.14,0.8528589027429198,-0.027740850873071543,0.0,1,0.0,1036.4468445668413,odds hors limites
2021-11-06,22100134,miami heat,1.92,0.5040090927747042,-0.03230254187256798,0.0,1,0.0,1036.4468445668413,diff proba trop faible (0.012)
2021-11-06,22100135,chicago bulls,1.55,0.6314003626963234,-0.021329437820698738,0.0,0,0.0,1036.4468445668413,ev trop bas (-0.021)
2021-11-06,22100136,dallas mavericks,1.59,0.5985919782370923,-0.04823875460302318,0.0,1,0.0,1036.4468445668413,ev trop bas (-0.048)
2021-11-06,22100137,phoenix suns,1.53,0.6056227313873787,-0.0733972209773106,0.0,1,0.0,1036.4468445668413,ev trop bas (-0.073)
2021-11-06,22100138,portland trail blazers,1.48,0.6730433797076449,-0.0038957980326854713,0.0,1,0.0,1036.4468445668413,ev trop bas (-0.004)
2021-11-07,22100139,brooklyn nets,1.62,0.673893099350279,0.09170682094745208,20.728936891336826,1,12.851940872628834,1049.29878543947,bet placed
2021-11-07,22100140,new york knicks,1.31,0.7765097703469174,0.01722779915446182,0.0,0,0.0,1049.29878543947,ev trop bas (0.017)
2021-11-07,22100141,orlando magic,5.75,0.167199549949055,-0.038602587792933685,0.0,1,0.0,1049.29878543947,odds hors limites
2021-11-07,22100142,washington wizards,1.91,0.5217716540985301,-0.0034161406718075105,0.0,1,0.0,1049.29878543947,diff proba trop faible (0.064)
2021-11-07,22100143,sacramento kings,1.71,0.542488451738068,-0.07234474752790365,0.0,0,0.0,1049.29878543947,ev trop bas (-0.072)
2021-11-07,22100144,san antonio spurs,1.57,0.5859456675041398,-0.08006530201850048,0.0,0,0.0,1049.29878543947,ev trop bas (-0.080)
2021-11-07,22100145,houston rockets,6.75,0.1619831714831199,0.09338640751105931,0.0,0,0.0,1049.29878543947,odds hors limites
2021-11-07,22100146,charlotte hornets,3.0,0.34980142245626084,0.04940426736878245,0.0,0,0.0,1049.29878543947,odds hors limites
2021-11-08,22100147,new york knicks,1.77,0.5951428540895275,0.05340285173846371,20.9859757087894,1,16.15920129576784,1065.457986735238,bet placed
2021-11-08,22100148,chicago bulls,1.9,0.5251774280681888,-0.0021628866704413996,0.0,1,0.0,1065.457986735238,diff proba trop faible (0.031)
2021-11-08,22100149,memphis grizzlies,1.49,0.6238408976933039,-0.07047706243697727,0.0,1,0.0,1065.457986735238,ev trop bas (-0.070)
2021-11-08,22100150,new orleans pelicans,4.0,0.2520114818586071,0.008045927434428446,0.0,0,0.0,1065.457986735238,odds hors limites
2021-11-08,22100151,denver nuggets,2.12,0.497625604092689,0.05496628067650078,0.0,1,0.0,1065.457986735238,diff proba trop faible (0.042)
2021-11-08,22100152,golden state warriors,1.59,0.6187699916010925,-0.016155713354262913,0.0,1,0.0,1065.457986735238,ev trop bas (-0.016)
2021-11-08,22100153,phoenix suns,1.6,0.5672139410188792,-0.09245769436979323,0.0,1,0.0,1065.457986735238,ev trop bas (-0.092)
2021-11-08,22100154,charlotte hornets,2.12,0.4508799535588678,-0.04413449845520023,0.0,0,0.0,1065.457986735238,ev trop bas (-0.044)
2021-11-09,22100155,milwaukee bucks,1.31,0.7077072731299704,-0.0729034721997387,0.0,1,0.0,1065.457986735238,ev trop bas (-0.073)
2021-11-09,22100156,atlanta hawks,4.25,0.2557227618156394,0.0868217377164675,0.0,0,0.0,1065.457986735238,odds hors limites
2021-11-09,22100157,portland trail blazers,2.2,0.44865570630915763,-0.012957446119853167,0.0,0,0.0,1065.457986735238,ev trop bas (-0.013)
2021-11-10,22100158,washington wizards,1.59,0.5638853915438896,-0.10342222744521545,0.0,1,0.0,1065.457986735238,ev trop bas (-0.103)
2021-11-10,22100159,brooklyn nets,1.2,0.8217772749022397,-0.01386727011731237,0.0,1,0.0,1065.457986735238,ev trop bas (-0.014)
2021-11-10,22100160,boston celtics,1.61,0.5962365630938425,-0.04005913341891343,0.0,1,0.0,1065.457986735238,ev trop bas (-0.040)
2021-11-10,22100161,new york knicks,1.58,0.6078409493087413,-0.039611300092188606,0.0,0,0.0,1065.457986735238,ev trop bas (-0.040)
2021-11-10,22100162,houston rockets,1.65,0.5685805581129582,-0.06184207911361905,0.0,0,0.0,1065.457986735238,ev trop bas (-0.062)
2021-11-10,22100163,dallas mavericks,2.27,0.41109804364006275,-0.0668074409370576,0.0,0,0.0,1065.457986735238,ev trop bas (-0.067)
2021-11-10,22100164,memphis grizzlies,1.51,0.6139605188252656,-0.07291961657384893,0.0,0,0.0,1065.457986735238,ev trop bas (-0.073)
2021-11-10,22100165,new orleans pelicans,1.52,0.6433372413109281,-0.022127393207389323,0.0,0,0.0,1065.457986735238,ev trop bas (-0.022)
2021-11-10,22100166,sacramento kings,1.92,0.5625140979926596,0.08002706814590632,0.0,0,0.0,1065.457986735238,diff proba trop faible (0.016)
2021-11-10,22100167,denver nuggets,2.31,0.4438957839773241,0.0253992609876188,0.0,1,0.0,1065.457986735238,ev trop bas (0.025)
2021-11-10,22100168,phoenix suns,1.45,0.6520685914098573,-0.05450054245570701,0.0,1,0.0,1065.457986735238,ev trop bas (-0.055)
2021-11-10,22100169,golden state warriors,1.28,0.7450216228258021,-0.04637232278297332,0.0,1,0.0,1065.457986735238,ev trop bas (-0.046)
2021-11-10,22100170,miami heat,1.44,0.6657728273436094,-0.04128712862520245,0.0,0,0.0,1065.457986735238,ev trop bas (-0.041)
2021-11-11,22100171,philadelphia 76ers,1.58,0.6425396414657844,0.015212633515939267,0.0,0,0.0,1065.457986735238,ev trop bas (0.015)
2021-11-11,22100172,indiana pacers,5.25,0.18859141512482244,-0.009895070594682198,0.0,1,0.0,1065.457986735238,odds hors limites
2021-11-11,22100173,los angeles clippers,1.47,0.6828500214896804,0.0037895315898301973,0.0,1,0.0,1065.457986735238,ev trop bas (0.004)
2021-11-12,22100174,new york knicks,1.61,0.6542677434633527,0.053371066975997916,21.30915973470476,0,-21.30915973470476,1044.1488270005332,bet placed
2021-11-12,22100175,boston celtics,1.37,0.6594203452587832,-0.09659412699546688,0.0,1,0.0,1044.1488270005332,ev trop bas (-0.097)
2021-11-12,22100176,cleveland cavaliers,1.41,0.5965702261781048,-0.1588359810888722,0.0,1,0.0,1044.1488270005332,ev trop bas (-0.159)
2021-11-12,22100177,portland trail blazers,1.35,0.6762886040693251,-0.08701038450641108,0.0,1,0.0,1044.1488270005332,ev trop bas (-0.087)
2021-11-12,22100178,phoenix suns,1.71,0.5175584573211236,-0.11497503798087871,0.0,1,0.0,1044.1488270005332,ev trop bas (-0.115)
2021-11-12,22100179,brooklyn nets,1.16,0.8252485470926887,-0.042711685372481156,0.0,1,0.0,1044.1488270005332,odds hors limites
2021-11-12,22100180,sacramento kings,1.44,0.6275979404521516,-0.0962589657489018,0.0,0,0.0,1044.1488270005332,ev trop bas (-0.096)
2021-11-12,22100181,dallas mavericks,1.65,0.5973346606132647,-0.014397809988113353,0.0,1,0.0,1044.1488270005332,ev trop bas (-0.014)
2021-11-12,22100182,atlanta hawks,2.15,0.4397202892344516,-0.054601378145929025,0.0,0,0.0,1044.1488270005332,ev trop bas (-0.055)
2021-11-12,22100183,chicago bulls,2.57,0.35996008566418175,-0.07490257984305293,0.0,0,0.0,1044.1488270005332,odds hors limites
2021-11-12,22100184,los angeles lakers,1.69,0.5592952001674543,-0.05479111171700235,0.0,0,0.0,1044.1488270005332,ev trop bas (-0.055)
2021-11-13,22100185,utah jazz,1.25,0.7398383770312434,-0.07520202871094572,0.0,0,0.0,1044.1488270005332,ev trop bas (-0.075)
2021-11-13,22100186,philadelphia 76ers,2.16,0.4308462411998268,-0.06937211900837403,0.0,0,0.0,1044.1488270005332,ev trop bas (-0.069)
2021-11-13,22100187,orlando magic,2.29,0.3815437704603455,-0.1262647656458088,0.0,0,0.0,1044.1488270005332,ev trop bas (-0.126)
2021-11-13,22100188,new orleans pelicans,2.15,0.4400027164195951,-0.05399415969787058,0.0,1,0.0,1044.1488270005332,ev trop bas (-0.054)
2021-11-13,22100189,toronto raptors,1.23,0.7435043599887717,-0.08548963721381075,0.0,0,0.0,1044.1488270005332,ev trop bas (-0.085)
2021-11-13,22100190,cleveland cavaliers,1.87,0.4898514709046665,-0.08397774940827352,0.0,1,0.0,1044.1488270005332,diff proba trop faible (0.001)
2021-11-13,22100191,los angeles clippers,1.29,0.7019646508471049,-0.09446560040723462,0.0,1,0.0,1044.1488270005332,ev trop bas (-0.094)
2021-11-14,22100192,los angeles lakers,1.64,0.5897774984177677,-0.03276490259486098,0.0,1,0.0,1044.1488270005332,ev trop bas (-0.033)
2021-11-14,22100193,atlanta hawks,1.63,0.6179009509651816,0.007178550073245971,0.0,1,0.0,1044.1488270005332,ev trop bas (0.007)
2021-11-14,22100194,golden state warriors,1.4,0.640190948003886,-0.10373267279455967,0.0,0,0.0,1044.1488270005332,ev trop bas (-0.104)
2021-11-14,22100195,phoenix suns,1.21,0.7671531606415318,-0.07174467562374653,0.0,1,0.0,1044.1488270005332,ev trop bas (-0.072)
2021-11-14,22100196,brooklyn nets,1.18,0.8099452417181039,-0.044264614772637434,0.0,1,0.0,1044.1488270005332,odds hors limites
2021-11-14,22100197,portland trail blazers,2.67,0.3476989564488713,-0.07164378628151369,0.0,0,0.0,1044.1488270005332,odds hors limites
2021-11-14,22100198,chicago bulls,2.21,0.4521688707158441,-0.0007067957179844875,0.0,1,0.0,1044.1488270005332,ev trop bas (-0.001)
2021-11-15,22100199,cleveland cavaliers,2.29,0.3916368678971754,-0.10315157251546836,0.0,0,0.0,1044.1488270005332,ev trop bas (-0.103)
2021-11-15,22100200,sacramento kings,1.46,0.6257456628122324,-0.08641133229414066,0.0,1,0.0,1044.1488270005332,ev trop bas (-0.086)
2021-11-15,22100201,new orleans pelicans,2.4,0.387960182633843,-0.06889556167877675,0.0,0,0.0,1044.1488270005332,ev trop bas (-0.069)
2021-11-15,22100202,atlanta hawks,1.14,0.7944616031964817,-0.0943137723560109,0.0,1,0.0,1044.1488270005332,odds hors limites
2021-11-15,22100203,new york knicks,1.56,0.6421016530863101,0.0016785788146438385,0.0,1,0.0,1044.1488270005332,ev trop bas (0.002)
2021-11-15,22100204,dallas mavericks,1.4,0.6707014690138449,-0.06101794338061728,0.0,1,0.0,1044.1488270005332,ev trop bas (-0.061)
2021-11-15,22100205,memphis grizzlies,1.12,0.7991181851601227,-0.10498763262066257,0.0,1,0.0,1044.1488270005332,odds hors limites
2021-11-15,22100206,phoenix suns,1.48,0.5465547802708888,-0.19109892519908467,0.0,1,0.0,1044.1488270005332,ev trop bas (-0.191)
2021-11-15,22100207,miami heat,1.31,0.7064132187436288,-0.07459868344584619,0.0,1,0.0,1044.1488270005332,ev trop bas (-0.075)
2021-11-15,22100208,portland trail blazers,1.55,0.6373429687462908,-0.012118398443249245,0.0,1,0.0,1044.1488270005332,ev trop bas (-0.012)
2021-11-15,22100209,chicago bulls,1.68,0.5698834700568387,-0.042595770304511005,0.0,1,0.0,1044.1488270005332,ev trop bas (-0.043)
2021-11-16,22100210,golden state warriors,2.01,0.5229652321786313,0.05116011667904896,0.0,1,0.0,1044.1488270005332,diff ev trop faible (0.023)
2021-11-16,22100211,utah jazz,1.13,0.782560922755216,-0.11570615728660594,0.0,1,0.0,1044.1488270005332,odds hors limites
2021-11-16,22100212,san antonio spurs,3.09,0.3484647635957382,0.07675611951083106,0.0,0,0.0,1044.1488270005332,odds hors limites
2021-11-17,22100213,charlotte hornets,1.76,0.528466477300521,-0.06989899995108306,0.0,1,0.0,1044.1488270005332,diff proba trop faible (0.056)
2021-11-17,22100214,indiana pacers,1.3,0.6750326817008625,-0.1224575137888787,0.0,0,0.0,1044.1488270005332,ev trop bas (-0.122)
2021-11-17,22100215,atlanta hawks,1.42,0.6564461413393587,-0.0678464792981106,0.0,1,0.0,1044.1488270005332,ev trop bas (-0.068)
2021-11-17,22100216,brooklyn nets,1.15,0.8236824592844995,-0.052765171822825696,0.0,1,0.0,1044.1488270005332,odds hors limites
2021-11-17,22100217,new orleans pelicans,2.99,0.3309239533165331,-0.010537379583565931,0.0,0,0.0,1044.1488270005332,odds hors limites
2021-11-17,22100218,new york knicks,1.1,0.836050981754715,-0.08034392006981339,0.0,0,0.0,1044.1488270005332,odds hors limites
2021-11-17,22100219,milwaukee bucks,1.21,0.7635609912984379,-0.07609120052889018,0.0,1,0.0,1044.1488270005332,ev trop bas (-0.076)
2021-11-17,22100220,sacramento kings,2.01,0.4771282199005451,-0.04097227799990444,0.0,0,0.0,1044.1488270005332,diff proba trop faible (0.028)
2021-11-17,22100221,oklahoma city thunder,1.56,0.5634408534411747,-0.12103226863176753,0.0,1,0.0,1044.1488270005332,ev trop bas (-0.121)
2021-11-17,22100222,dallas mavericks,3.43,0.35864650447630275,0.23015751035371856,0.0,0,0.0,1044.1488270005332,odds hors limites
2021-11-17,22100223,chicago bulls,2.17,0.43176415140572594,-0.06307179144957475,0.0,0,0.0,1044.1488270005332,ev trop bas (-0.063)
2021-11-18,22100224,cleveland cavaliers,3.85,0.25113898351677955,-0.03311491346039874,0.0,0,0.0,1044.1488270005332,odds hors limites
2021-11-18,22100225,washington wizards,2.96,0.34110517622152026,0.009671321615700057,0.0,0,0.0,1044.1488270005332,odds hors limites
2021-11-18,22100226,memphis grizzlies,1.81,0.5079664664424911,-0.0805806957390911,0.0,1,0.0,1044.1488270005332,diff proba trop faible (0.018)
2021-11-18,22100227,minnesota timberwolves,1.69,0.5182603563008188,-0.12413999785161622,0.0,1,0.0,1044.1488270005332,ev trop bas (-0.124)
2021-11-18,22100228,denver nuggets,1.24,0.7354466691775662,-0.08804613021981789,0.0,0,0.0,1044.1488270005332,ev trop bas (-0.088)
2021-11-18,22100229,utah jazz,1.14,0.81048653484419,-0.07604535027762349,0.0,1,0.0,1044.1488270005332,odds hors limites
2021-11-19,22100230,charlotte hornets,1.8,0.4961285271307602,-0.10696865116463161,0.0,1,0.0,1044.1488270005332,diff proba trop faible (0.040)
2021-11-19,22100231,golden state warriors,1.68,0.5866508918217583,-0.01442650173944604,0.0,1,0.0,1044.1488270005332,ev trop bas (-0.014)
2021-11-19,22100232,boston celtics,1.76,0.5898927150326644,0.038211178457489225,0.0,1,0.0,1044.1488270005332,diff proba trop faible (0.062)
2021-11-19,22100233,brooklyn nets,1.17,0.8179558045712267,-0.042991708651664795,0.0,1,0.0,1044.1488270005332,odds hors limites
2021-11-19,22100234,milwaukee bucks,1.08,0.8258382985966628,-0.10809463751560411,0.0,1,0.0,1044.1488270005332,odds hors limites
2021-11-19,22100235,los angeles clippers,1.46,0.6829717223399426,-0.002861285383683798,0.0,0,0.0,1044.1488270005332,ev trop bas (-0.003)
2021-11-19,22100236,chicago bulls,1.55,0.5938857091860581,-0.07947715076160988,0.0,1,0.0,1044.1488270005332,ev trop bas (-0.079)
2021-11-19,22100237,dallas mavericks,3.49,0.30452630506334,0.06279680467105675,0.0,0,0.0,1044.1488270005332,odds hors limites
2021-11-19,22100238,sacramento kings,1.55,0.5884104457877248,-0.08796380902902645,0.0,0,0.0,1044.1488270005332,ev trop bas (-0.088)
2021-11-20,22100239,new york knicks,1.12,0.8336718753692247,-0.06628749958646818,0.0,1,0.0,1044.1488270005332,odds hors limites
2021-11-20,22100240,new orleans pelicans,3.13,0.3056415965749951,-0.04334180272026533,0.0,0,0.0,1044.1488270005332,odds hors limites
2021-11-20,22100241,washington wizards,2.0,0.4913160724986945,-0.017367855002610955,0.0,1,0.0,1044.1488270005332,diff proba trop faible (0.049)
2021-11-20,22100242,atlanta hawks,1.29,0.7110966903947832,-0.08268526939072962,0.0,1,0.0,1044.1488270005332,ev trop bas (-0.083)
2021-11-20,22100243,boston celtics,1.16,0.7794251505409862,-0.09586682537245617,0.0,1,0.0,1044.1488270005332,odds hors limites
2021-11-20,22100244,orlando magic,5.88,0.15493585491210735,-0.08897717311680886,0.0,0,0.0,1044.1488270005332,odds hors limites
2021-11-20,22100245,memphis grizzlies,2.05,0.4505335863985506,-0.07640614788297129,0.0,0,0.0,1044.1488270005332,ev trop bas (-0.076)
2021-11-20,22100246,portland trail blazers,1.29,0.7004541299118761,-0.09641417241367989,0.0,1,0.0,1044.1488270005332,ev trop bas (-0.096)
2021-11-20,22100247,sacramento kings,3.13,0.3332335328142346,0.0430209577085543,0.0,0,0.0,1044.1488270005332,odds hors limites
2021-11-21,22100248,dallas mavericks,2.55,0.4015467270096897,0.023944153874708718,0.0,0,0.0,1044.1488270005332,odds hors limites
2021-11-21,22100249,los angeles lakers,1.27,0.7226251902429449,-0.08226600839145992,0.0,1,0.0,1044.1488270005332,ev trop bas (-0.082)
2021-11-21,22100250,chicago bulls,1.38,0.6786171778526541,-0.0635082945633374,0.0,1,0.0,1044.1488270005332,ev trop bas (-0.064)
2021-11-21,22100251,phoenix suns,1.14,0.7991890080036099,-0.08892453087588481,0.0,1,0.0,1044.1488270005332,odds hors limites
2021-11-21,22100252,golden state warriors,1.19,0.7840738652540334,-0.06695210034770027,0.0,1,0.0,1044.1488270005332,odds hors limites
2021-11-22,22100253,brooklyn nets,1.39,0.6939205604758133,-0.03545042093861961,0.0,1,0.0,1044.1488270005332,ev trop bas (-0.035)
2021-11-22,22100254,washington wizards,1.44,0.6355210389664082,-0.08484970388837221,0.0,0,0.0,1044.1488270005332,ev trop bas (-0.085)
2021-11-22,22100255,oklahoma city thunder,5.95,0.15082252029873314,-0.10260600422253785,0.0,0,0.0,1044.1488270005332,odds hors limites
2021-11-22,22100256,boston celtics,1.12,0.8016919696229919,-0.10210499402224893,0.0,1,0.0,1044.1488270005332,odds hors limites
2021-11-22,22100257,chicago bulls,1.74,0.5455012452247237,-0.050827833308980885,0.0,0,0.0,1044.1488270005332,ev trop bas (-0.051)
2021-11-22,22100258,orlando magic,5.88,0.15954417717938807,-0.061880238185198166,0.0,0,0.0,1044.1488270005332,odds hors limites
2021-11-22,22100259,new orleans pelicans,2.17,0.4708729677489084,0.021794340015131253,0.0,0,0.0,1044.1488270005332,ev trop bas (0.022)
2021-11-22,22100260,phoenix suns,1.4,0.7162421122531545,0.0027389571544162994,0.0,1,0.0,1044.1488270005332,ev trop bas (0.003)
2021-11-22,22100261,memphis grizzlies,4.33,0.23735640748560397,0.027753244412665135,0.0,1,0.0,1044.1488270005332,odds hors limites
2021-11-22,22100262,philadelphia 76ers,2.4,0.4038057452547189,-0.030866211388674625,0.0,1,0.0,1044.1488270005332,ev trop bas (-0.031)
2021-11-23,22100263,miami heat,1.17,0.7863189979635521,-0.08000677238264409,0.0,1,0.0,1044.1488270005332,odds hors limites
2021-11-23,22100264,new york knicks,1.45,0.6806855904322152,-0.013005893873287988,0.0,1,0.0,1044.1488270005332,ev trop bas (-0.013)
2021-11-23,22100265,portland trail blazers,1.16,0.7879665704394523,-0.08595877829023546,0.0,1,0.0,1044.1488270005332,odds hors limites
2021-11-23,22100266,dallas mavericks,2.08,0.49592498263305457,0.03152396387675349,0.0,1,0.0,1044.1488270005332,ev trop bas (0.032)
2021-11-24,22100267,phoenix suns,1.28,0.7095965058144046,-0.0917164725575621,0.0,1,0.0,1044.1488270005332,ev trop bas (-0.092)
2021-11-24,22100268,indiana pacers,1.32,0.6877428902465119,-0.0921793848746042,0.0,0,0.0,1044.1488270005332,ev trop bas (-0.092)
2021-11-24,22100269,charlotte hornets,1.24,0.6995830433716888,-0.132517026219106,0.0,1,0.0,1044.1488270005332,ev trop bas (-0.133)
2021-11-24,22100270,brooklyn nets,1.88,0.5373208314635816,0.010163163151533317,0.0,1,0.0,1044.1488270005332,diff proba trop faible (0.019)
2021-11-24,22100271,chicago bulls,1.16,0.8080750060736797,-0.06263299295453162,0.0,0,0.0,1044.1488270005332,odds hors limites
2021-11-24,22100272,memphis grizzlies,1.53,0.602930891408799,-0.07751573614453755,0.0,0,0.0,1044.1488270005332,ev trop bas (-0.078)
2021-11-24,22100273,detroit pistons,6.88,0.1486646093566043,0.02281251237343751,0.0,0,0.0,1044.1488270005332,odds hors limites
2021-11-24,22100274,minnesota timberwolves,1.79,0.48226913410421623,-0.13673824995345296,0.0,1,0.0,1044.1488270005332,diff proba trop faible (0.004)
2021-11-24,22100275,new orleans pelicans,2.26,0.48881303361688155,0.10471745597415216,20.882976540010663,1,26.312550440413432,1070.4613774409465,bet placed
2021-11-24,22100276,oklahoma city thunder,6.3,0.15908036170584772,0.002206278746840651,0.0,0,0.0,1070.4613774409465,odds hors limites
2021-11-24,22100277,atlanta hawks,1.51,0.61512081600996,-0.07116756782496036,0.0,1,0.0,1070.4613774409465,ev trop bas (-0.071)
2021-11-24,22100278,philadelphia 76ers,3.88,0.24608646556589603,-0.045184513604323406,0.0,0,0.0,1070.4613774409465,odds hors limites
2021-11-24,22100279,sacramento kings,2.15,0.42259048011789707,-0.0914304677465213,0.0,1,0.0,1070.4613774409465,ev trop bas (-0.091)
2021-11-26,22100280,los angeles clippers,1.1,0.8459912732140227,-0.06940959946457503,0.0,1,0.0,1070.4613774409465,odds hors limites
2021-11-26,22100281,charlotte hornets,1.63,0.6102911358765467,-0.00522544852122897,0.0,1,0.0,1070.4613774409465,ev trop bas (-0.005)
2021-11-26,22100282,new york knicks,2.26,0.41915449508491903,-0.052710841108083106,0.0,0,0.0,1070.4613774409465,ev trop bas (-0.053)
2021-11-26,22100283,chicago bulls,1.18,0.8108493142656983,-0.04319780916647609,0.0,1,0.0,1070.4613774409465,odds hors limites
2021-11-26,22100284,indiana pacers,1.43,0.6708573796893165,-0.040673947044277514,0.0,1,0.0,1070.4613774409465,ev trop bas (-0.041)
2021-11-26,22100285,atlanta hawks,1.75,0.5292592839084641,-0.07379625316018779,0.0,1,0.0,1070.4613774409465,diff proba trop faible (0.046)
2021-11-26,22100286,washington wizards,1.31,0.6936297441499633,-0.09134503516354808,0.0,1,0.0,1070.4613774409465,ev trop bas (-0.091)
2021-11-26,22100287,boston celtics,1.45,0.6557986332526385,-0.04909198178367413,0.0,0,0.0,1070.4613774409465,ev trop bas (-0.049)
2021-11-26,22100288,denver nuggets,2.83,0.314536346386578,-0.10986213972598424,0.0,0,0.0,1070.4613774409465,odds hors limites
2021-11-26,22100289,new orleans pelicans,5.55,0.18047181757772818,0.0016185875563914376,0.0,1,0.0,1070.4613774409465,odds hors limites
2021-11-26,22100290,portland trail blazers,2.68,0.3707734053930817,-0.006327273546541057,0.0,0,0.0,1070.4613774409465,odds hors limites
2021-11-26,22100291,los angeles lakers,1.26,0.7213233101155688,-0.09113262925438326,0.0,0,0.0,1070.4613774409465,ev trop bas (-0.091)
2021-11-27,22100292,philadelphia 76ers,1.31,0.7476628415247283,-0.020561677602605855,0.0,0,0.0,1070.4613774409465,ev trop bas (-0.021)
2021-11-27,22100293,atlanta hawks,1.25,0.7307424200899404,-0.08657197488757451,0.0,0,0.0,1070.4613774409465,ev trop bas (-0.087)
2021-11-27,22100294,brooklyn nets,1.68,0.5407103404642539,-0.09160662802005348,0.0,0,0.0,1070.4613774409465,ev trop bas (-0.092)
2021-11-27,22100295,cleveland cavaliers,1.17,0.7123828559916225,-0.16651205848980166,0.0,1,0.0,1070.4613774409465,odds hors limites
2021-11-27,22100296,chicago bulls,1.79,0.5617093884262281,0.005459805282948205,0.0,0,0.0,1070.4613774409465,ev trop bas (0.005)
2021-11-27,22100297,charlotte hornets,1.38,0.625129256401597,-0.13732162616579624,0.0,0,0.0,1070.4613774409465,ev trop bas (-0.137)
2021-11-27,22100298,dallas mavericks,1.32,0.6805132732836522,-0.10172247926557909,0.0,0,0.0,1070.4613774409465,ev trop bas (-0.102)
2021-11-27,22100299,new orleans pelicans,5.65,0.1950260955889362,0.10189744007748947,0.0,0,0.0,1070.4613774409465,odds hors limites
2021-11-28,22100300,los angeles clippers,1.99,0.5277219428193288,0.050166666210464284,0.0,0,0.0,1070.4613774409465,diff proba trop faible (0.018)
2021-11-28,22100301,indiana pacers,1.93,0.4999024124785756,-0.035188343916349174,0.0,0,0.0,1070.4613774409465,diff proba trop faible (0.000)
2021-11-28,22100302,boston celtics,1.66,0.605328011474986,0.004844499048476836,0.0,1,0.0,1070.4613774409465,ev trop bas (0.005)
2021-11-28,22100303,memphis grizzlies,1.47,0.5748743853297336,-0.15493465356529168,0.0,1,0.0,1070.4613774409465,ev trop bas (-0.155)
2021-11-28,22100304,los angeles lakers,1.14,0.7548974978086329,-0.1394168524981586,0.0,1,0.0,1070.4613774409465,odds hors limites
2021-11-29,22100305,philadelphia 76ers,1.07,0.8504461763693795,-0.09002259128476386,0.0,1,0.0,1070.4613774409465,odds hors limites
2021-11-29,22100306,denver nuggets,1.99,0.44809624280786087,-0.10828847681235687,0.0,1,0.0,1070.4613774409465,ev trop bas (-0.108)
2021-11-29,22100307,chicago bulls,1.37,0.6636663532795924,-0.09077709600695827,0.0,1,0.0,1070.4613774409465,ev trop bas (-0.091)
2021-11-29,22100308,oklahoma city thunder,1.83,0.42178997860308803,-0.2281243391563489,0.0,0,0.0,1070.4613774409465,diff proba trop faible (0.037)
2021-11-29,22100309,minnesota timberwolves,1.45,0.5797044866331325,-0.15942849438195794,0.0,1,0.0,1070.4613774409465,ev trop bas (-0.159)
2021-11-29,22100310,dallas mavericks,1.31,0.712511574070396,-0.0666098379677812,0.0,0,0.0,1070.4613774409465,ev trop bas (-0.067)
2021-11-29,22100311,washington wizards,1.58,0.5734302722196841,-0.09398016989289903,0.0,0,0.0,1070.4613774409465,ev trop bas (-0.094)
2021-11-29,22100312,portland trail blazers,2.97,0.32296620118435326,-0.0407903824824708,0.0,0,0.0,1070.4613774409465,odds hors limites
2021-11-29,22100313,los angeles clippers,1.28,0.7728522120179098,-0.010749168617075422,0.0,0,0.0,1070.4613774409465,ev trop bas (-0.011)
2021-11-30,22100314,brooklyn nets,1.31,0.7406387611616717,-0.029763222878209983,0.0,1,0.0,1070.4613774409465,ev trop bas (-0.030)
2021-11-30,22100315,toronto raptors,1.61,0.5548106097420318,-0.1067549183153288,0.0,0,0.0,1070.4613774409465,ev trop bas (-0.107)
2021-11-30,22100316,phoenix suns,1.53,0.5717769950692181,-0.1251811975440963,0.0,1,0.0,1070.4613774409465,ev trop bas (-0.125)
2021-11-30,22100317,portland trail blazers,1.23,0.7758604559806692,-0.04569163914377683,0.0,1,0.0,1070.4613774409465,ev trop bas (-0.046)
2021-11-30,22100318,los angeles lakers,1.84,0.47296955412516034,-0.1297360204097049,0.0,1,0.0,1070.4613774409465,diff proba trop faible (0.012)
2021-12-01,22100319,indiana pacers,1.65,0.5361287195864034,-0.11538761268243447,0.0,0,0.0,1070.4613774409465,ev trop bas (-0.115)
2021-12-01,22100320,denver nuggets,1.25,0.6995043531358823,-0.12561955858014706,0.0,0,0.0,1070.4613774409465,ev trop bas (-0.126)
2021-12-01,22100321,washington wizards,1.42,0.585795917683986,-0.1681697968887399,0.0,1,0.0,1070.4613774409465,ev trop bas (-0.168)
2021-12-01,22100322,boston celtics,1.57,0.6231359990653133,-0.021676481467458153,0.0,1,0.0,1070.4613774409465,ev trop bas (-0.022)
2021-12-01,22100323,miami heat,1.57,0.5785845444747187,-0.09162226517469152,0.0,0,0.0,1070.4613774409465,ev trop bas (-0.092)
2021-12-01,22100324,milwaukee bucks,1.23,0.7619966456577016,-0.06274412584102695,0.0,1,0.0,1070.4613774409465,ev trop bas (-0.063)
2021-12-01,22100325,new orleans pelicans,2.29,0.4529348070249361,0.03722070808710365,0.0,0,0.0,1070.4613774409465,ev trop bas (0.037)
2021-12-01,22100326,oklahoma city thunder,1.68,0.5272498536611362,-0.11422024584929125,0.0,0,0.0,1070.4613774409465,ev trop bas (-0.114)
2021-12-01,22100327,sacramento kings,2.67,0.35362443738337024,-0.055822752186401536,0.0,1,0.0,1070.4613774409465,odds hors limites
2021-12-02,22100328,chicago bulls,1.62,0.5978932208694944,-0.03141298219141908,0.0,1,0.0,1070.4613774409465,ev trop bas (-0.031)
2021-12-02,22100329,toronto raptors,2.19,0.40188665829725123,-0.11986821832901984,0.0,1,0.0,1070.4613774409465,ev trop bas (-0.120)
2021-12-02,22100330,memphis grizzlies,1.14,0.7835712180688023,-0.10672881140156554,0.0,1,0.0,1070.4613774409465,odds hors limites
2021-12-02,22100331,phoenix suns,1.09,0.8285487257840981,-0.096881888895333,0.0,1,0.0,1070.4613774409465,odds hors limites
2021-12-02,22100332,portland trail blazers,1.41,0.6702585882566009,-0.05493539055819274,0.0,0,0.0,1070.4613774409465,ev trop bas (-0.055)
2021-12-03,22100333,miami heat,2.53,0.34250598322429343,-0.1334598624425377,0.0,1,0.0,1070.4613774409465,odds hors limites
2021-12-03,22100334,washington wizards,1.6,0.5912824263251205,-0.053948117879807134,0.0,0,0.0,1070.4613774409465,ev trop bas (-0.054)
2021-12-03,22100335,philadelphia 76ers,2.0,0.4831764078340015,-0.03364718433199698,0.0,1,0.0,1070.4613774409465,ev trop bas (-0.034)
2021-12-03,22100336,brooklyn nets,1.23,0.7888698482109784,-0.029690086700496554,0.0,1,0.0,1070.4613774409465,ev trop bas (-0.030)
2021-12-03,22100337,houston rockets,1.58,0.5505544152976058,-0.13012402382978272,0.0,1,0.0,1070.4613774409465,ev trop bas (-0.130)
2021-12-03,22100338,new orleans pelicans,3.03,0.33209898833726886,0.006259934661924538,0.0,1,0.0,1070.4613774409465,odds hors limites
2021-12-03,22100339,boston celtics,3.2,0.2892488947694868,-0.07440353673764222,0.0,0,0.0,1070.4613774409465,odds hors limites
2021-12-03,22100340,golden state warriors,1.28,0.7096871055376617,-0.09160050491179306,0.0,1,0.0,1070.4613774409465,ev trop bas (-0.092)
2021-12-03,22100341,los angeles lakers,1.62,0.615016933046112,-0.003672568465298398,0.0,0,0.0,1070.4613774409465,ev trop bas (-0.004)
2021-12-04,22100342,new york knicks,1.62,0.6205559294944536,0.005300605781014989,0.0,0,0.0,1070.4613774409465,ev trop bas (0.005)
2021-12-04,22100343,brooklyn nets,1.6,0.5796747483434503,-0.07252040265047943,0.0,0,0.0,1070.4613774409465,ev trop bas (-0.073)
2021-12-04,22100344,milwaukee bucks,1.32,0.6692210133405495,-0.11662826239047464,0.0,1,0.0,1070.4613774409465,ev trop bas (-0.117)
2021-12-04,22100345,memphis grizzlies,1.74,0.555061143257021,-0.034193610732783375,0.0,1,0.0,1070.4613774409465,ev trop bas (-0.034)
2021-12-04,22100346,san antonio spurs,3.6,0.2790179258690672,0.004464533128641923,0.0,1,0.0,1070.4613774409465,odds hors limites
2021-12-04,22100347,portland trail blazers,1.7,0.6046698625843974,0.02793876639347559,0.0,0,0.0,1070.4613774409465,ev trop bas (0.028)
2021-12-04,22100348,los angeles clippers,1.65,0.6073588495460969,0.0021421017510598883,0.0,0,0.0,1070.4613774409465,ev trop bas (0.002)
2021-12-05,22100349,cleveland cavaliers,2.49,0.39950816116064936,-0.0052246787099829994,0.0,0,0.0,1070.4613774409465,ev trop bas (-0.005)
2021-12-05,22100350,atlanta hawks,1.25,0.7237095712865671,-0.09536303589179118,0.0,0,0.0,1070.4613774409465,ev trop bas (-0.095)
2021-12-05,22100351,washington wizards,1.86,0.5436829254123159,0.011250241266907546,0.0,0,0.0,1070.4613774409465,ev trop bas (0.011)
2021-12-05,22100352,new orleans pelicans,1.59,0.5860009631579369,-0.0682584685788803,0.0,0,0.0,1070.4613774409465,ev trop bas (-0.068)
2021-12-06,22100353,charlotte hornets,3.12,0.33133536268301694,0.03376633157101283,0.0,0,0.0,1070.4613774409465,odds hors limites
2021-12-06,22100354,detroit pistons,1.57,0.5954143534845079,-0.06519946502932261,0.0,0,0.0,1070.4613774409465,ev trop bas (-0.065)
2021-12-06,22100355,washington wizards,2.54,0.39759099821636673,0.00988113546957159,0.0,0,0.0,1070.4613774409465,odds hors limites
2021-12-06,22100356,miami heat,1.36,0.6422177973475869,-0.12658379560728172,0.0,0,0.0,1070.4613774409465,ev trop bas (-0.127)
2021-12-06,22100357,chicago bulls,1.68,0.5520852494467287,-0.07249678092949585,0.0,1,0.0,1070.4613774409465,ev trop bas (-0.072)
2021-12-06,22100358,milwaukee bucks,1.19,0.7749375842820736,-0.07782427470433251,0.0,1,0.0,1070.4613774409465,odds hors limites
2021-12-06,22100359,minnesota timberwolves,1.66,0.5441380822210488,-0.09673078351305908,0.0,0,0.0,1070.4613774409465,ev trop bas (-0.097)
2021-12-06,22100360,phoenix suns,1.26,0.7368326008836544,-0.07159092288659541,0.0,1,0.0,1070.4613774409465,ev trop bas (-0.072)
2021-12-06,22100361,golden state warriors,1.03,0.8659391017665841,-0.10808272518041839,0.0,1,0.0,1070.4613774409465,odds hors limites
2021-12-06,22100362,los angeles clippers,1.43,0.6709162900808434,-0.040589705184393976,0.0,1,0.0,1070.4613774409465,ev trop bas (-0.041)
2021-12-07,22100363,brooklyn nets,1.7,0.6099944247046154,0.03699052199784614,0.0,1,0.0,1070.4613774409465,ev trop bas (0.037)
2021-12-07,22100364,new york knicks,1.69,0.5849915326914744,-0.01136430975140823,0.0,1,0.0,1070.4613774409465,ev trop bas (-0.011)
2021-12-07,22100365,los angeles lakers,1.62,0.5842893694667562,-0.05345122146385484,0.0,1,0.0,1070.4613774409465,ev trop bas (-0.053)
2021-12-08,22100366,charlotte hornets,2.71,0.3493331578453641,-0.0533071422390633,0.0,0,0.0,1070.4613774409465,odds hors limites
2021-12-08,22100367,cleveland cavaliers,1.51,0.594000548230842,-0.10305917217142857,0.0,1,0.0,1070.4613774409465,ev trop bas (-0.103)
2021-12-08,22100368,washington wizards,1.39,0.6595656229605695,-0.08320378408480844,0.0,1,0.0,1070.4613774409465,ev trop bas (-0.083)
2021-12-08,22100369,new york knicks,2.34,0.38564029264190863,-0.09760171521793382,0.0,0,0.0,1070.4613774409465,ev trop bas (-0.098)
2021-12-08,22100370,milwaukee bucks,1.28,0.6546415684488801,-0.16205879238543341,0.0,0,0.0,1070.4613774409465,ev trop bas (-0.162)
2021-12-08,22100371,toronto raptors,1.22,0.698738773892321,-0.14753869585136847,0.0,0,0.0,1070.4613774409465,ev trop bas (-0.148)
2021-12-08,22100372,brooklyn nets,1.51,0.6682751567576202,0.009095486704006506,0.0,0,0.0,1070.4613774409465,ev trop bas (0.009)
2021-12-08,22100373,dallas mavericks,1.87,0.49759067279860625,-0.06950544186660623,0.0,1,0.0,1070.4613774409465,diff proba trop faible (0.039)
2021-12-08,22100374,utah jazz,1.3,0.6596273471026931,-0.1424844487664989,0.0,1,0.0,1070.4613774409465,ev trop bas (-0.142)
2021-12-08,22100375,denver nuggets,1.63,0.6425680408610038,0.04738590660343611,0.0,1,0.0,1070.4613774409465,ev trop bas (0.047)
2021-12-08,22100376,portland trail blazers,6.5,0.1867270610121747,0.21372589657913554,0.0,0,0.0,1070.4613774409465,odds hors limites
2021-12-08,22100377,sacramento kings,1.26,0.6596947935390592,-0.16878456014078536,0.0,1,0.0,1070.4613774409465,ev trop bas (-0.169)
2021-12-08,22100378,los angeles clippers,1.63,0.6440218456345674,0.049755608384344896,0.0,1,0.0,1070.4613774409465,ev trop bas (0.050)
2021-12-09,22100379,utah jazz,1.62,0.5621678866102356,-0.0892880236914182,0.0,1,0.0,1070.4613774409465,ev trop bas (-0.089)
2021-12-09,22100380,memphis grizzlies,2.23,0.4052287169324016,-0.09633996124074451,0.0,1,0.0,1070.4613774409465,ev trop bas (-0.096)
2021-12-09,22100381,denver nuggets,1.97,0.490655331164671,-0.03340899760559812,0.0,0,0.0,1070.4613774409465,ev trop bas (-0.033)
2021-12-10,22100382,sacramento kings,1.73,0.5164925615411404,-0.10646786853382706,0.0,0,0.0,1070.4613774409465,diff proba trop faible (0.048)
2021-12-10,22100383,dallas mavericks,1.93,0.5154115740308978,-0.0052556621203673215,0.0,0,0.0,1070.4613774409465,diff proba trop faible (0.014)
2021-12-10,22100384,atlanta hawks,1.69,0.5731621449549449,-0.03135597502614318,0.0,0,0.0,1070.4613774409465,ev trop bas (-0.031)
2021-12-10,22100385,new york knicks,1.9,0.5211276122126137,-0.009857536796033961,0.0,0,0.0,1070.4613774409465,diff proba trop faible (0.047)
2021-12-10,22100386,milwaukee bucks,1.17,0.7896338233586253,-0.07612842667040842,0.0,1,0.0,1070.4613774409465,odds hors limites
2021-12-10,22100387,cleveland cavaliers,1.68,0.5468156019777204,-0.08134978867742981,0.0,1,0.0,1070.4613774409465,ev trop bas (-0.081)
2021-12-10,22100388,new orleans pelicans,1.33,0.7092236538202015,-0.056732540419132005,0.0,1,0.0,1070.4613774409465,ev trop bas (-0.057)
2021-12-10,22100389,los angeles lakers,1.51,0.6237957702602265,-0.05806838690705807,0.0,1,0.0,1070.4613774409465,ev trop bas (-0.058)
2021-12-10,22100390,boston celtics,2.06,0.4352396758628768,-0.10340626772247374,0.0,0,0.0,1070.4613774409465,ev trop bas (-0.103)
2021-12-11,22100391,los angeles clippers,1.21,0.7807367468539136,-0.05530853630676458,0.0,1,0.0,1070.4613774409465,ev trop bas (-0.055)
2021-12-11,22100392,washington wizards,2.73,0.3150699935880721,-0.13985891750456325,0.0,0,0.0,1070.4613774409465,odds hors limites
2021-12-11,22100393,cleveland cavaliers,1.32,0.6946269635609985,-0.08309240809948193,0.0,1,0.0,1070.4613774409465,ev trop bas (-0.083)
2021-12-11,22100394,chicago bulls,1.68,0.5650623290188859,-0.05069528724827177,0.0,0,0.0,1070.4613774409465,ev trop bas (-0.051)
2021-12-11,22100395,memphis grizzlies,1.2,0.7583764181469899,-0.08994829822361217,0.0,1,0.0,1070.4613774409465,ev trop bas (-0.090)
2021-12-11,22100396,golden state warriors,1.56,0.5817704504311489,-0.0924380973274076,0.0,0,0.0,1070.4613774409465,ev trop bas (-0.092)
2021-12-11,22100397,denver nuggets,1.8,0.5473225715417558,-0.014819371224839561,0.0,1,0.0,1070.4613774409465,diff proba trop faible (0.032)
2021-12-12,22100398,new york knicks,2.64,0.3770709387000761,-0.004532721831799091,0.0,0,0.0,1070.4613774409465,odds hors limites
2021-12-12,22100399,brooklyn nets,1.25,0.7702638797892204,-0.03717015026347448,0.0,1,0.0,1070.4613774409465,ev trop bas (-0.037)
2021-12-12,22100400,dallas mavericks,1.47,0.6917141927192787,0.016819863297339754,0.0,1,0.0,1070.4613774409465,ev trop bas (0.017)
2021-12-12,22100401,new orleans pelicans,1.91,0.5198595044518793,-0.00706834649691046,0.0,0,0.0,1070.4613774409465,diff proba trop faible (0.013)
2021-12-12,22100402,portland trail blazers,1.55,0.5894311959659009,-0.0863816462528536,0.0,0,0.0,1070.4613774409465,ev trop bas (-0.086)
2021-12-12,22100403,los angeles lakers,1.15,0.7983018797228985,-0.08195283831866684,0.0,1,0.0,1070.4613774409465,odds hors limites
2021-12-13,22100404,cleveland cavaliers,1.38,0.6534250100398,-0.09827348614507603,0.0,1,0.0,1070.4613774409465,ev trop bas (-0.098)
2021-12-13,22100405,golden state warriors,1.49,0.6315528340991041,-0.058986277192334846,0.0,1,0.0,1070.4613774409465,ev trop bas (-0.059)
2021-12-13,22100406,sacramento kings,2.33,0.36879125248484146,-0.14071638171031942,0.0,0,0.0,1070.4613774409465,ev trop bas (-0.141)
2021-12-13,22100407,atlanta hawks,1.12,0.8098826295910294,-0.09293145485804699,0.0,0,0.0,1070.4613774409465,odds hors limites
2021-12-13,22100408,boston celtics,1.82,0.51410598843155,-0.06432710105457906,0.0,1,0.0,1070.4613774409465,diff proba trop faible (0.067)
2021-12-13,22100409,philadelphia 76ers,1.59,0.5559555754171105,-0.11603063508679423,0.0,0,0.0,1070.4613774409465,ev trop bas (-0.116)
2021-12-13,22100410,dallas mavericks,1.6,0.6199489377817093,-0.008081699549264965,0.0,1,0.0,1070.4613774409465,ev trop bas (-0.008)
2021-12-13,22100411,washington wizards,2.13,0.4313065459724311,-0.08131705707872172,0.0,0,0.0,1070.4613774409465,ev trop bas (-0.081)
2021-12-13,22100412,los angeles clippers,2.08,0.4191205404212482,-0.12822927592380373,0.0,1,0.0,1070.4613774409465,ev trop bas (-0.128)
2021-12-14,22100413,brooklyn nets,1.5,0.6956888378384252,0.04353325675763786,0.0,1,0.0,1070.4613774409465,ev trop bas (0.044)
2021-12-14,22100414,new york knicks,2.62,0.3486156655368544,-0.08662695629344142,0.0,0,0.0,1070.4613774409465,odds hors limites
2022-01-11,22100415,detroit pistons,6.38,0.14617426364529695,-0.06740819794300545,0.0,0,0.0,1070.4613774409465,odds hors limites
2021-12-14,22100416,portland trail blazers,1.81,0.517726212324168,-0.0629155556932558,0.0,0,0.0,1070.4613774409465,diff proba trop faible (0.020)
2021-12-15,22100417,cleveland cavaliers,1.17,0.7379203450232158,-0.13663319632283755,0.0,1,0.0,1070.4613774409465,odds hors limites
2021-12-15,22100418,atlanta hawks,1.25,0.7058326916579503,-0.11770913542756212,0.0,1,0.0,1070.4613774409465,ev trop bas (-0.118)
2021-12-15,22100419,miami heat,3.08,0.3329488473568606,0.025482449859130618,0.0,1,0.0,1070.4613774409465,odds hors limites
2021-12-15,22100420,los angeles lakers,1.55,0.5973388029887752,-0.07412485536739843,0.0,1,0.0,1070.4613774409465,ev trop bas (-0.074)
2021-12-15,22100421,indiana pacers,1.59,0.573705529464575,-0.08780820815132573,0.0,0,0.0,1070.4613774409465,ev trop bas (-0.088)
2021-12-15,22100422,new orleans pelicans,1.43,0.6742445128196559,-0.03583034666789209,0.0,1,0.0,1070.4613774409465,ev trop bas (-0.036)
2021-12-15,22100423,charlotte hornets,2.1,0.4553567802216377,-0.0437507615345607,0.0,1,0.0,1070.4613774409465,ev trop bas (-0.044)
2021-12-15,22100424,denver nuggets,1.45,0.5872981260430716,-0.14841771723754615,0.0,0,0.0,1070.4613774409465,ev trop bas (-0.148)
2021-12-15,22100425,los angeles clippers,4.75,0.20765464775623715,-0.013640423157873505,0.0,0,0.0,1070.4613774409465,odds hors limites
2021-12-15,22100426,memphis grizzlies,1.66,0.5543099107383584,-0.07984554817432499,0.0,1,0.0,1070.4613774409465,ev trop bas (-0.080)
2021-12-15,22100427,washington wizards,1.66,0.5716177234054696,-0.051114579146920525,0.0,0,0.0,1070.4613774409465,ev trop bas (-0.051)
2021-12-16,22100428,indiana pacers,1.14,0.7948487273628705,-0.09387245080632767,0.0,1,0.0,1070.4613774409465,odds hors limites
2021-12-16,22100429,brooklyn nets,1.99,0.49547269624980816,-0.014009334462881773,0.0,1,0.0,1070.4613774409465,diff proba trop faible (0.039)
2022-02-03,22100430,toronto raptors,1.44,0.6215797489609494,-0.10492516149623299,0.0,1,0.0,1070.4613774409465,ev trop bas (-0.105)
2021-12-16,22100431,new york knicks,1.35,0.697183335196834,-0.05880249748427413,0.0,1,0.0,1070.4613774409465,ev trop bas (-0.059)
2021-12-16,22100432,phoenix suns,1.18,0.7897037412575239,-0.06814958531612192,0.0,1,0.0,1070.4613774409465,odds hors limites
2021-12-17,22100433,miami heat,1.19,0.777184077787436,-0.07515094743295114,0.0,1,0.0,1070.4613774409465,odds hors limites
2021-12-17,22100434,atlanta hawks,1.54,0.6025123976904563,-0.07213090755669727,0.0,0,0.0,1070.4613774409465,ev trop bas (-0.072)
2021-12-17,22100435,golden state warriors,1.49,0.6073668401339448,-0.09502340820042221,0.0,1,0.0,1070.4613774409465,ev trop bas (-0.095)
2021-12-17,22100436,los angeles lakers,1.71,0.5552360960422578,-0.05054627576773929,0.0,0,0.0,1070.4613774409465,ev trop bas (-0.051)
2021-12-17,22100437,san antonio spurs,5.0,0.19891959563273257,-0.005402021836337201,0.0,1,0.0,1070.4613774409465,odds hors limites
2021-12-17,22100438,new orleans pelicans,1.67,0.5565102162349959,-0.07062793888755692,0.0,1,0.0,1070.4613774409465,ev trop bas (-0.071)
2021-12-17,22100439,portland trail blazers,1.67,0.5927187310952127,-0.010159719070994888,0.0,1,0.0,1070.4613774409465,ev trop bas (-0.010)
2021-12-17,22100440,sacramento kings,2.72,0.32524118960989834,-0.1153439642610764,0.0,0,0.0,1070.4613774409465,odds hors limites
2021-12-18,22100441,houston rockets,1.7,0.5039024508465495,-0.14336583356086585,0.0,1,0.0,1070.4613774409465,diff proba trop faible (0.057)
2021-12-18,22100442,brooklyn nets,1.37,0.6584083065779369,-0.09798061998822638,0.0,0,0.0,1070.4613774409465,ev trop bas (-0.098)
2021-12-18,22100443,toronto raptors,1.25,0.6942248350883726,-0.13221895613953416,0.0,1,0.0,1070.4613774409465,ev trop bas (-0.132)
2021-12-18,22100444,los angeles clippers,1.46,0.6579941037090632,-0.03932860858476772,0.0,0,0.0,1070.4613774409465,ev trop bas (-0.039)
2021-12-18,22100445,new york knicks,2.55,0.3681626374484772,-0.061185274506383114,0.0,0,0.0,1070.4613774409465,odds hors limites
2021-12-18,22100446,milwaukee bucks,2.34,0.3809899470483127,-0.10848352390694838,0.0,0,0.0,1070.4613774409465,ev trop bas (-0.108)
2021-12-18,22100447,washington wizards,3.55,0.2587416858901744,-0.08146701508988097,0.0,1,0.0,1070.4613774409465,odds hors limites
2021-12-19,22100448,chicago bulls,1.26,0.7422623920036084,-0.06474938607545333,0.0,1,0.0,1070.4613774409465,ev trop bas (-0.065)
2021-12-19,22100449,miami heat,1.28,0.72015391481832,-0.0782029890325503,0.0,0,0.0,1070.4613774409465,ev trop bas (-0.078)
2021-12-19,22100450,memphis grizzlies,1.43,0.6228224856928826,-0.10936384545917799,0.0,0,0.0,1070.4613774409465,ev trop bas (-0.109)
2021-12-19,22100451,sacramento kings,2.33,0.38685197321968967,-0.098634902398123,0.0,1,0.0,1070.4613774409465,ev trop bas (-0.099)
2022-03-31,22100452,atlanta hawks,1.31,0.6921724320654412,-0.09325411399427197,0.0,1,0.0,1070.4613774409465,ev trop bas (-0.093)
2022-01-26,22100453,denver nuggets,1.38,0.6657799278896906,-0.08122369951222697,0.0,1,0.0,1070.4613774409465,ev trop bas (-0.081)
2022-01-25,22100454,philadelphia 76ers,1.14,0.81413946324255,-0.07188101190349305,0.0,1,0.0,1070.4613774409465,odds hors limites
2021-12-19,22100455,minnesota timberwolves,1.51,0.57705534363433,-0.12864643111216179,0.0,1,0.0,1070.4613774409465,ev trop bas (-0.129)
2021-12-19,22100456,charlotte hornets,3.37,0.3281407039904268,0.1058341724477383,0.0,0,0.0,1070.4613774409465,odds hors limites
2021-12-20,22100457,philadelphia 76ers,2.2,0.46373803031509625,0.02022366669321185,0.0,1,0.0,1070.4613774409465,ev trop bas (0.020)
2022-03-04,22100458,orlando magic,3.33,0.27527276909553827,-0.08334167891185751,0.0,1,0.0,1070.4613774409465,odds hors limites
2021-12-20,22100459,chicago bulls,1.25,0.7547334182914311,-0.05658322713571107,0.0,1,0.0,1070.4613774409465,ev trop bas (-0.057)
2021-12-20,22100460,memphis grizzlies,1.19,0.7485213499789644,-0.10925959352503245,0.0,0,0.0,1070.4613774409465,odds hors limites
2021-12-20,22100461,charlotte hornets,5.25,0.23138597324249197,0.21477635952308272,0.0,0,0.0,1070.4613774409465,odds hors limites
2021-12-20,22100462,sacramento kings,5.23,0.18675528061861238,-0.023269882364657213,0.0,0,0.0,1070.4613774409465,odds hors limites
2021-12-20,22100463,los angeles clippers,1.32,0.7434701956696322,-0.01861934171608537,0.0,0,0.0,1070.4613774409465,ev trop bas (-0.019)
2022-02-17,22100464,brooklyn nets,1.44,0.6588348587494703,-0.05127780340076271,0.0,0,0.0,1070.4613774409465,ev trop bas (-0.051)
2021-12-21,22100465,indiana pacers,1.64,0.5608063523332653,-0.08027758217344505,0.0,0,0.0,1070.4613774409465,ev trop bas (-0.080)
2021-12-21,22100466,new york knicks,1.24,0.7597413394534899,-0.05792073907767259,0.0,1,0.0,1070.4613774409465,ev trop bas (-0.058)
2021-12-21,22100467,new orleans pelicans,1.67,0.5875981290728653,-0.01871112444831491,0.0,1,0.0,1070.4613774409465,ev trop bas (-0.019)
2021-12-21,22100468,dallas mavericks,1.95,0.47232600404551817,-0.07896429211123956,0.0,1,0.0,1070.4613774409465,diff proba trop faible (0.053)
2021-12-21,22100469,los angeles lakers,2.97,0.3216397587294818,-0.044729916573438944,0.0,0,0.0,1070.4613774409465,odds hors limites
2021-12-22,22100470,atlanta hawks,1.26,0.7233941030234284,-0.08852343019048015,0.0,0,0.0,1070.4613774409465,ev trop bas (-0.089)
2021-12-22,22100471,cleveland cavaliers,2.7,0.37941934846982944,0.024432240868539568,0.0,0,0.0,1070.4613774409465,odds hors limites
2022-01-26,22100472,chicago bulls,1.47,0.6379403307688069,-0.06222771376985392,0.0,1,0.0,1070.4613774409465,ev trop bas (-0.062)
2021-12-22,22100473,milwaukee bucks,1.19,0.7684873230002647,-0.08550008562968503,0.0,1,0.0,1070.4613774409465,odds hors limites
2021-12-22,22100474,denver nuggets,1.31,0.7135961168988497,-0.0651890868625068,0.0,0,0.0,1070.4613774409465,ev trop bas (-0.065)
2021-12-22,22100475,sacramento kings,2.29,0.4343461646958034,-0.005347282846610235,0.0,0,0.0,1070.4613774409465,ev trop bas (-0.005)
2021-12-23,22100476,houston rockets,2.78,0.33650282314704627,-0.06452215165121145,0.0,0,0.0,1070.4613774409465,odds hors limites
2021-12-23,22100477,new orleans pelicans,1.42,0.6208500851706128,-0.11839287905772988,0.0,1,0.0,1070.4613774409465,ev trop bas (-0.118)
2021-12-23,22100478,philadelphia 76ers,1.09,0.8092044975005699,-0.11796709772437874,0.0,0,0.0,1070.4613774409465,odds hors limites
2021-12-23,22100479,miami heat,1.08,0.8382741372647342,-0.09466393175408705,0.0,1,0.0,1070.4613774409465,odds hors limites
2021-12-23,22100480,new york knicks,1.57,0.639257086972103,0.003633626546201807,0.0,0,0.0,1070.4613774409465,ev trop bas (0.004)
2021-12-23,22100481,milwaukee bucks,1.49,0.6096199080371486,-0.09166633702464855,0.0,1,0.0,1070.4613774409465,ev trop bas (-0.092)
2021-12-23,22100482,denver nuggets,1.62,0.5796152930021582,-0.06102322533650362,0.0,0,0.0,1070.4613774409465,ev trop bas (-0.061)
2021-12-23,22100483,phoenix suns,1.04,0.8593408389593372,-0.10628552748228925,0.0,1,0.0,1070.4613774409465,odds hors limites
2021-12-23,22100484,minnesota timberwolves,6.95,0.150116674049266,0.04331088464239885,0.0,0,0.0,1070.4613774409465,odds hors limites
2021-12-23,22100485,golden state warriors,1.37,0.6524926944915913,-0.10608500854651981,0.0,1,0.0,1070.4613774409465,ev trop bas (-0.106)
2022-01-10,22100486,brooklyn nets,1.22,0.7741941125319428,-0.05548318271102981,0.0,0,0.0,1070.4613774409465,ev trop bas (-0.055)
2021-12-23,22100487,san antonio spurs,1.85,0.5347293427342747,-0.010750715941591715,0.0,1,0.0,1070.4613774409465,diff proba trop faible (0.038)
2021-12-25,22100488,atlanta hawks,2.5,0.39904269103560897,-0.0023932724109776427,0.0,0,0.0,1070.4613774409465,ev trop bas (-0.002)
2021-12-25,22100489,milwaukee bucks,1.3,0.7056854206012737,-0.08260895321834416,0.0,1,0.0,1070.4613774409465,ev trop bas (-0.083)
2021-12-25,22100490,phoenix suns,1.44,0.7000727418972871,0.008104748332093292,0.0,0,0.0,1070.4613774409465,ev trop bas (0.008)
2021-12-25,22100491,brooklyn nets,1.99,0.46707046962385856,-0.07052976544852141,0.0,1,0.0,1070.4613774409465,ev trop bas (-0.071)
2021-12-25,22100492,dallas mavericks,4.63,0.24183325412783316,0.11968796661186754,0.0,0,0.0,1070.4613774409465,odds hors limites
2021-12-26,22100493,miami heat,1.13,0.8061076845119848,-0.08909831650145728,0.0,1,0.0,1070.4613774409465,odds hors limites
2021-12-26,22100494,toronto raptors,3.75,0.27481025090527,0.03053844089476243,0.0,0,0.0,1070.4613774409465,odds hors limites
2021-12-26,22100495,washington wizards,2.16,0.4300273084042015,-0.07114101384692473,0.0,0,0.0,1070.4613774409465,ev trop bas (-0.071)
2021-12-26,22100496,sacramento kings,1.95,0.4575987185830927,-0.1076824987629692,0.0,0,0.0,1070.4613774409465,ev trop bas (-0.108)
2021-12-26,22100497,new orleans pelicans,1.63,0.5419099809709275,-0.11668673101738825,0.0,0,0.0,1070.4613774409465,ev trop bas (-0.117)
2021-12-26,22100498,san antonio spurs,1.16,0.7528001753276262,-0.12675179661995362,0.0,1,0.0,1070.4613774409465,odds hors limites
2021-12-26,22100499,chicago bulls,1.43,0.6671690385434513,-0.04594827488286468,0.0,1,0.0,1070.4613774409465,ev trop bas (-0.046)
2021-12-26,22100500,los angeles clippers,2.11,0.4921749282689451,0.038489098647474185,0.0,0,0.0,1070.4613774409465,ev trop bas (0.038)
2021-12-27,22100501,charlotte hornets,1.21,0.7413277411156399,-0.1029934332500757,0.0,1,0.0,1070.4613774409465,ev trop bas (-0.103)
2021-12-27,22100502,atlanta hawks,2.09,0.4710025317364117,-0.01560470867089958,0.0,0,0.0,1070.4613774409465,ev trop bas (-0.016)
2021-12-27,22100503,boston celtics,1.4,0.6581446439781787,-0.07859749843054986,0.0,0,0.0,1070.4613774409465,ev trop bas (-0.079)
2021-12-27,22100504,san antonio spurs,2.9,0.3535900318111001,0.02541109225219018,0.0,0,0.0,1070.4613774409465,odds hors limites
2021-12-27,22100505,phoenix suns,1.22,0.7713135206899269,-0.05899750475828924,0.0,0,0.0,1070.4613774409465,ev trop bas (-0.059)
2021-12-27,22100506,portland trail blazers,1.56,0.6405856580953759,-0.0006863733712134668,0.0,0,0.0,1070.4613774409465,ev trop bas (-0.001)
2021-12-27,22100507,los angeles clippers,2.11,0.5066378152076787,0.06900579008820196,21.40922754881893,0,-21.40922754881893,1049.0521498921275,bet placed
2021-12-28,22100508,milwaukee bucks,1.05,0.8333608742384706,-0.12497108204960583,0.0,1,0.0,1049.0521498921275,odds hors limites
2021-12-28,22100509,washington wizards,3.03,0.3119551118439242,-0.05477601111290964,0.0,0,0.0,1049.0521498921275,odds hors limites
2021-12-28,22100510,philadelphia 76ers,1.35,0.6579351143698425,-0.1117875956007125,0.0,1,0.0,1049.0521498921275,ev trop bas (-0.112)
2021-12-28,22100511,houston rockets,2.56,0.38459000368438645,-0.015449590567970684,0.0,0,0.0,1049.0521498921275,odds hors limites
2021-12-28,22100512,new york knicks,1.38,0.6533847442973862,-0.09832905286960703,0.0,1,0.0,1049.0521498921275,ev trop bas (-0.098)
2021-12-28,22100513,cleveland cavaliers,1.41,0.6946507474260869,-0.020542446129217518,0.0,0,0.0,1049.0521498921275,ev trop bas (-0.021)
2021-12-28,22100514,golden state warriors,1.2,0.7547315004990198,-0.09432219940117625,0.0,0,0.0,1049.0521498921275,ev trop bas (-0.094)
2021-12-28,22100515,sacramento kings,1.38,0.650808071460924,-0.10188486138392494,0.0,1,0.0,1049.0521498921275,ev trop bas (-0.102)
2021-12-29,22100516,new york knicks,1.22,0.7701582877066397,-0.06040688899789959,0.0,1,0.0,1049.0521498921275,ev trop bas (-0.060)
2021-12-29,22100517,indiana pacers,1.52,0.627045521353614,-0.04689080754250663,0.0,0,0.0,1049.0521498921275,ev trop bas (-0.047)
2021-12-29,22100518,los angeles clippers,2.61,0.38994132355439703,0.017746854476976104,0.0,1,0.0,1049.0521498921275,odds hors limites
2021-12-29,22100519,chicago bulls,1.21,0.7751936494212343,-0.062015684200306564,0.0,1,0.0,1049.0521498921275,ev trop bas (-0.062)
2021-12-29,22100520,memphis grizzlies,1.35,0.619550077601255,-0.1636073952383057,0.0,1,0.0,1049.0521498921275,ev trop bas (-0.164)
2022-02-03,22100521,san antonio spurs,3.68,0.2634294445598499,-0.030579644019752328,0.0,0,0.0,1049.0521498921275,odds hors limites
2021-12-29,22100522,phoenix suns,1.03,0.8716710253875793,-0.10217884385079323,0.0,1,0.0,1049.0521498921275,odds hors limites
2021-12-29,22100523,portland trail blazers,3.1,0.3035110949121852,-0.059115605772225854,0.0,0,0.0,1049.0521498921275,odds hors limites
2021-12-29,22100524,dallas mavericks,1.75,0.5893939925499598,0.03143948696242971,0.0,0,0.0,1049.0521498921275,ev trop bas (0.031)
2021-12-30,22100525,brooklyn nets,1.38,0.6900498641214069,-0.04773118751245853,0.0,0,0.0,1049.0521498921275,ev trop bas (-0.048)
2021-12-30,22100526,milwaukee bucks,1.05,0.8431441599459821,-0.11469863205671871,0.0,1,0.0,1049.0521498921275,odds hors limites
2021-12-30,22100527,cleveland cavaliers,2.17,0.4916609676718482,0.06690429984791058,20.98104299784255,0,-20.98104299784255,1028.071106894285,bet placed
2022-03-07,22100528,denver nuggets,1.23,0.7640318538191939,-0.06024081980239149,0.0,1,0.0,1028.071106894285,ev trop bas (-0.060)
2021-12-31,22100529,boston celtics,2.15,0.44149646244205204,-0.05078260574958815,0.0,1,0.0,1028.071106894285,ev trop bas (-0.051)
2021-12-31,22100530,chicago bulls,1.48,0.6515567125803858,-0.035696065381028985,0.0,1,0.0,1028.071106894285,ev trop bas (-0.036)
2021-12-31,22100531,dallas mavericks,1.7,0.607099485089834,0.03206912465271783,0.0,1,0.0,1028.071106894285,ev trop bas (0.032)
2021-12-31,22100532,miami heat,1.38,0.6789595793485407,-0.06303578049901393,0.0,1,0.0,1028.071106894285,ev trop bas (-0.063)
2021-12-31,22100533,cleveland cavaliers,1.67,0.576645604608013,-0.037001840304618394,0.0,0,0.0,1028.071106894285,ev trop bas (-0.037)
2021-12-31,22100534,los angeles clippers,2.78,0.3493794188013918,-0.028725215732130938,0.0,0,0.0,1028.071106894285,odds hors limites
2021-12-31,22100535,san antonio spurs,2.49,0.37766147250416365,-0.05962293346463243,0.0,0,0.0,1028.071106894285,ev trop bas (-0.060)
2021-12-31,22100536,new york knicks,1.59,0.608076501234342,-0.033158363037396166,0.0,0,0.0,1028.071106894285,ev trop bas (-0.033)
2021-12-31,22100537,minnesota timberwolves,5.4,0.18528277942688204,0.0005270089051629956,0.0,0,0.0,1028.071106894285,odds hors limites
2021-12-31,22100538,portland trail blazers,2.55,0.3718396688871266,-0.051808844337827176,0.0,0,0.0,1028.071106894285,odds hors limites
2022-01-01,22100539,new orleans pelicans,5.25,0.1682668671454466,-0.11659894748640531,0.0,0,0.0,1028.071106894285,odds hors limites
2022-01-01,22100540,san antonio spurs,1.31,0.7022952159349767,-0.07999326712518051,0.0,0,0.0,1028.071106894285,ev trop bas (-0.080)
2022-01-01,22100541,chicago bulls,1.62,0.5741662235970101,-0.06985071777284357,0.0,1,0.0,1028.071106894285,ev trop bas (-0.070)
2022-01-01,22100542,los angeles clippers,5.93,0.18516839632709958,0.09804859021970058,0.0,1,0.0,1028.071106894285,odds hors limites
2022-01-01,22100543,denver nuggets,1.23,0.7644416237354923,-0.05973680280534455,0.0,1,0.0,1028.071106894285,ev trop bas (-0.060)
2022-01-01,22100544,golden state warriors,2.46,0.41720645601624373,0.026327881799959485,0.0,1,0.0,1028.071106894285,ev trop bas (0.026)
2022-01-02,22100545,new york knicks,3.43,0.30620059718600784,0.05026804834800691,0.0,0,0.0,1028.071106894285,odds hors limites
2022-01-02,22100546,boston celtics,1.13,0.7829749269444978,-0.11523833255271765,0.0,1,0.0,1028.071106894285,odds hors limites
2022-01-02,22100547,cleveland cavaliers,1.46,0.6631031898238854,-0.03186934285712739,0.0,1,0.0,1028.071106894285,ev trop bas (-0.032)
2022-01-02,22100548,miami heat,1.53,0.6211129276181943,-0.04969722074416283,0.0,0,0.0,1028.071106894285,ev trop bas (-0.050)
2022-01-02,22100549,phoenix suns,1.69,0.5527382367503636,-0.06587237989188555,0.0,1,0.0,1028.071106894285,ev trop bas (-0.066)
2022-01-02,22100550,dallas mavericks,1.14,0.7849710345592045,-0.10513302060250695,0.0,1,0.0,1028.071106894285,odds hors limites
2022-01-02,22100551,los angeles lakers,1.25,0.6885618581363727,-0.13929767732953413,0.0,1,0.0,1028.071106894285,ev trop bas (-0.139)
2022-01-03,22100552,houston rockets,5.88,0.1678225712842407,-0.013203280848664734,0.0,0,0.0,1028.071106894285,odds hors limites
2022-01-03,22100553,washington wizards,1.68,0.5606384304184833,-0.058127436896948104,0.0,1,0.0,1028.071106894285,ev trop bas (-0.058)
2022-01-03,22100554,brooklyn nets,1.32,0.7193154386630632,-0.05050362096475647,0.0,0,0.0,1028.071106894285,ev trop bas (-0.051)
2022-01-03,22100555,orlando magic,6.25,0.14327371123203256,-0.10453930479979656,0.0,0,0.0,1028.071106894285,odds hors limites
2022-01-03,22100556,detroit pistons,8.38,0.1288773002087319,0.07999177574917327,0.0,1,0.0,1028.071106894285,odds hors limites
2022-01-03,22100557,new orleans pelicans,3.65,0.25408024990646344,-0.07260708784140846,0.0,0,0.0,1028.071106894285,odds hors limites
2022-01-03,22100558,dallas mavericks,1.61,0.5835190941772028,-0.06053425837470339,0.0,1,0.0,1028.071106894285,ev trop bas (-0.061)
2022-01-03,22100559,miami heat,4.15,0.2430244931761397,0.008551646680979852,0.0,0,0.0,1028.071106894285,odds hors limites
2022-01-03,22100560,atlanta hawks,1.44,0.6713962609767752,-0.03318938419344375,0.0,0,0.0,1028.071106894285,ev trop bas (-0.033)
2022-01-03,22100561,los angeles clippers,1.52,0.6056979689673548,-0.07933908716962068,0.0,0,0.0,1028.071106894285,ev trop bas (-0.079)
2022-01-04,22100562,cleveland cavaliers,1.56,0.6224571911911869,-0.028966781741748382,0.0,0,0.0,1028.071106894285,ev trop bas (-0.029)
2022-01-04,22100563,san antonio spurs,2.83,0.3347271493857509,-0.05272216723832501,0.0,0,0.0,1028.071106894285,odds hors limites
2022-01-04,22100564,new york knicks,1.55,0.6774511540835575,0.050049288829514094,20.561422137885703,1,11.308782175837138,1039.3798890701223,bet placed
2022-01-04,22100565,phoenix suns,1.31,0.7254686885000994,-0.049636018064869725,0.0,1,0.0,1039.3798890701223,ev trop bas (-0.050)
2022-01-04,22100566,los angeles lakers,1.33,0.690086959444447,-0.08218434393888552,0.0,1,0.0,1039.3798890701223,ev trop bas (-0.082)
2022-01-05,22100567,detroit pistons,4.3,0.20049516911971504,-0.1378707727852253,0.0,0,0.0,1039.3798890701223,odds hors limites
2022-01-05,22100568,philadelphia 76ers,1.19,0.7758023373857438,-0.07679521851096494,0.0,1,0.0,1039.3798890701223,odds hors limites
2022-01-05,22100569,washington wizards,1.27,0.7148110177769857,-0.09219000742322814,0.0,0,0.0,1039.3798890701223,ev trop bas (-0.092)
2022-01-05,22100570,san antonio spurs,3.05,0.30538549576710466,-0.0685742379103308,0.0,1,0.0,1039.3798890701223,odds hors limites
2022-01-05,22100571,brooklyn nets,1.19,0.7832780115112163,-0.0678991663016526,0.0,1,0.0,1039.3798890701223,odds hors limites
2022-01-05,22100572,dallas mavericks,2.33,0.41068753990780454,-0.043098032014815435,0.0,1,0.0,1039.3798890701223,ev trop bas (-0.043)
2022-01-05,22100573,milwaukee bucks,1.62,0.5595598510010306,-0.09351304137833039,0.0,0,0.0,1039.3798890701223,ev trop bas (-0.094)
2022-01-05,22100574,minnesota timberwolves,1.19,0.7908815685464232,-0.05885093342975645,0.0,1,0.0,1039.3798890701223,odds hors limites
2022-01-05,22100575,denver nuggets,1.8,0.5500939033275961,-0.009830974010326954,0.0,0,0.0,1039.3798890701223,ev trop bas (-0.010)
2022-01-05,22100576,miami heat,1.62,0.6183531364000062,0.0017320809680101412,0.0,1,0.0,1039.3798890701223,ev trop bas (0.002)
2022-01-05,22100577,atlanta hawks,1.88,0.5404676889764632,0.016079255275750937,0.0,1,0.0,1039.3798890701223,diff proba trop faible (0.003)
2022-01-06,22100578,new york knicks,2.0,0.508373521873201,0.016747043746401902,0.0,1,0.0,1039.3798890701223,diff proba trop faible (0.049)
2022-01-06,22100579,memphis grizzlies,1.07,0.8354002134393069,-0.10612177161994152,0.0,1,0.0,1039.3798890701223,odds hors limites
2022-01-06,22100580,golden state warriors,1.87,0.4959258231815369,-0.07261871065052594,0.0,0,0.0,1039.3798890701223,diff proba trop faible (0.036)
2022-01-06,22100581,phoenix suns,1.13,0.8133127359217656,-0.08095660840840502,0.0,1,0.0,1039.3798890701223,odds hors limites
2022-01-07,22100582,philadelphia 76ers,1.21,0.7643921676134373,-0.07508547718774083,0.0,1,0.0,1039.3798890701223,ev trop bas (-0.075)
2022-01-07,22100583,brooklyn nets,1.44,0.6552561657084235,-0.056431121379870164,0.0,0,0.0,1039.3798890701223,ev trop bas (-0.056)
2022-01-07,22100584,utah jazz,5.63,0.18506675984532764,0.041925857929194565,0.0,0,0.0,1039.3798890701223,odds hors limites
2022-01-07,22100585,washington wizards,2.58,0.3431091169071447,-0.11477847837956667,0.0,0,0.0,1039.3798890701223,odds hors limites
2022-01-07,22100586,dallas mavericks,1.59,0.6173033310493479,-0.018487703631536845,0.0,1,0.0,1039.3798890701223,ev trop bas (-0.018)
2022-01-07,22100587,minnesota timberwolves,1.42,0.6585946849712709,-0.06479554734079529,0.0,1,0.0,1039.3798890701223,ev trop bas (-0.065)
2022-01-07,22100588,denver nuggets,1.22,0.7810984076448594,-0.047059942673271626,0.0,1,0.0,1039.3798890701223,ev trop bas (-0.047)
2022-01-07,22100589,los angeles lakers,1.65,0.5540614865553666,-0.08579854718364521,0.0,1,0.0,1039.3798890701223,ev trop bas (-0.086)
2022-01-07,22100590,portland trail blazers,2.61,0.3883555719492112,0.01360804278744121,0.0,0,0.0,1039.3798890701223,odds hors limites
2022-01-08,22100591,memphis grizzlies,1.65,0.5686659097139493,-0.06170124897198381,0.0,1,0.0,1039.3798890701223,ev trop bas (-0.062)
2022-01-08,22100592,charlotte hornets,1.72,0.5401423428689277,-0.0709551702654444,0.0,1,0.0,1039.3798890701223,ev trop bas (-0.071)
2022-01-08,22100593,detroit pistons,1.67,0.5341530937517749,-0.10796433343453593,0.0,1,0.0,1039.3798890701223,diff proba trop faible (0.068)
2022-01-08,22100594,utah jazz,1.44,0.6551513577756016,-0.05658204480313367,0.0,0,0.0,1039.3798890701223,ev trop bas (-0.057)
2022-01-08,22100595,new york knicks,3.23,0.28482119287724056,-0.08002754700651304,0.0,0,0.0,1039.3798890701223,odds hors limites
2022-01-08,22100596,miami heat,4.1,0.2404492727817339,-0.014157981594891123,0.0,1,0.0,1039.3798890701223,odds hors limites
2022-01-09,22100597,los angeles clippers,2.22,0.4516963978834377,0.0027660033012317786,0.0,1,0.0,1039.3798890701223,ev trop bas (0.003)
2022-01-09,22100598,washington wizards,1.25,0.6978854659904072,-0.1276431675119909,0.0,1,0.0,1039.3798890701223,ev trop bas (-0.128)
2022-01-09,22100599,toronto raptors,1.3,0.6820176673106448,-0.11337703249616171,0.0,1,0.0,1039.3798890701223,ev trop bas (-0.113)
2022-01-09,22100600,minnesota timberwolves,1.31,0.7222637059868011,-0.05383454515729047,0.0,1,0.0,1039.3798890701223,ev trop bas (-0.054)
2022-01-09,22100601,denver nuggets,1.27,0.7352146502251954,-0.0662773942140018,0.0,1,0.0,1039.3798890701223,ev trop bas (-0.066)
2022-01-09,22100602,san antonio spurs,4.08,0.2342739323440387,-0.044162356036322015,0.0,0,0.0,1039.3798890701223,odds hors limites
2022-01-09,22100603,dallas mavericks,1.67,0.5611228015370715,-0.06292492143309059,0.0,1,0.0,1039.3798890701223,ev trop bas (-0.063)
2022-01-09,22100604,cleveland cavaliers,3.28,0.2998995952166795,-0.016329327689291184,0.0,0,0.0,1039.3798890701223,odds hors limites
2022-01-09,22100605,sacramento kings,1.69,0.5826837823809937,-0.015264407776120592,0.0,0,0.0,1039.3798890701223,ev trop bas (-0.015)
2022-01-09,22100606,los angeles lakers,1.53,0.5853964269489546,-0.10434346676809947,0.0,0,0.0,1039.3798890701223,ev trop bas (-0.104)
2022-01-10,22100607,charlotte hornets,2.04,0.4082839923844471,-0.16710065553572784,0.0,1,0.0,1039.3798890701223,ev trop bas (-0.167)
2022-01-10,22100608,utah jazz,1.1,0.799164179056544,-0.12091940303780147,0.0,0,0.0,1039.3798890701223,odds hors limites
2022-01-10,22100609,indiana pacers,3.55,0.27266081504380985,-0.03205410659447505,0.0,0,0.0,1039.3798890701223,odds hors limites
2022-01-10,22100610,san antonio spurs,2.66,0.35434737723812265,-0.057435976546593714,0.0,0,0.0,1039.3798890701223,odds hors limites
2022-01-10,22100611,sacramento kings,2.47,0.38319122951244067,-0.05351766310427153,0.0,0,0.0,1039.3798890701223,ev trop bas (-0.054)
2022-01-11,22100612,washington wizards,1.28,0.7038275264053429,-0.09910076620116115,0.0,1,0.0,1039.3798890701223,ev trop bas (-0.099)
2022-01-11,22100613,phoenix suns,1.45,0.6063042275293458,-0.12085887008244867,0.0,1,0.0,1039.3798890701223,ev trop bas (-0.121)
2022-01-11,22100614,golden state warriors,1.65,0.5766704729303442,-0.0484937196649321,0.0,0,0.0,1039.3798890701223,ev trop bas (-0.048)
2022-01-11,22100615,minnesota timberwolves,1.54,0.5809099467703778,-0.10539868197361824,0.0,0,0.0,1039.3798890701223,ev trop bas (-0.105)
2022-01-11,22100616,los angeles clippers,2.0,0.49489702821558695,-0.010205943568826092,0.0,1,0.0,1039.3798890701223,diff proba trop faible (0.060)
2022-01-16,22100617,phoenix suns,1.11,0.8298686495833817,-0.07884579896244626,0.0,1,0.0,1039.3798890701223,odds hors limites
2022-01-12,22100618,indiana pacers,1.72,0.583800120773632,0.004136207730647046,0.0,0,0.0,1039.3798890701223,ev trop bas (0.004)
2022-01-12,22100619,philadelphia 76ers,1.39,0.6357702530676321,-0.1162793482359914,0.0,0,0.0,1039.3798890701223,ev trop bas (-0.116)
2022-01-12,22100620,washington wizards,1.35,0.6722157616645088,-0.09250872175291303,0.0,1,0.0,1039.3798890701223,ev trop bas (-0.093)
2022-01-12,22100621,atlanta hawks,1.62,0.5832419871821475,-0.055147980764921,0.0,0,0.0,1039.3798890701223,ev trop bas (-0.055)
2022-01-12,22100622,dallas mavericks,1.62,0.6185666160626289,0.0020779180214587356,0.0,0,0.0,1039.3798890701223,ev trop bas (0.002)
2022-01-12,22100623,houston rockets,3.05,0.3420595550656309,0.043281642950174115,0.0,1,0.0,1039.3798890701223,odds hors limites
2022-01-12,22100624,utah jazz,1.44,0.6481562267818575,-0.06665503343412527,0.0,0,0.0,1039.3798890701223,ev trop bas (-0.067)
2022-01-12,22100625,chicago bulls,1.9,0.49654781871665393,-0.05655914443835752,0.0,0,0.0,1039.3798890701223,diff proba trop faible (0.048)
2022-01-12,22100626,los angeles lakers,1.48,0.6306159640812303,-0.06668837315977916,0.0,0,0.0,1039.3798890701223,ev trop bas (-0.067)
2022-01-13,22100627,golden state warriors,1.83,0.5544143315662019,0.014578226766149616,0.0,0,0.0,1039.3798890701223,ev trop bas (0.015)
2022-01-13,22100628,memphis grizzlies,1.55,0.5749926733615008,-0.10876135628967365,0.0,1,0.0,1039.3798890701223,ev trop bas (-0.109)
2022-01-13,22100629,los angeles clippers,2.2,0.474560147157835,0.04403232374723709,0.0,0,0.0,1039.3798890701223,ev trop bas (0.044)
2022-01-13,22100630,brooklyn nets,1.37,0.7282659258827047,-0.002275681540694574,0.0,0,0.0,1039.3798890701223,ev trop bas (-0.002)
2022-01-13,22100631,portland trail blazers,4.5,0.20309243085105405,-0.0860840611702568,0.0,0,0.0,1039.3798890701223,odds hors limites
2022-01-14,22100632,orlando magic,4.75,0.1938399607279832,-0.07926018654207978,0.0,1,0.0,1039.3798890701223,odds hors limites
2022-01-14,22100633,toronto raptors,1.19,0.7429304944277562,-0.11591271163097017,0.0,0,0.0,1039.3798890701223,odds hors limites
2022-01-14,22100634,indiana pacers,2.68,0.35567984547729625,-0.046778014120846034,0.0,0,0.0,1039.3798890701223,odds hors limites
2022-01-14,22100635,philadelphia 76ers,1.59,0.5893539079269303,-0.06292728639618073,0.0,1,0.0,1039.3798890701223,ev trop bas (-0.063)
2022-01-14,22100636,atlanta hawks,2.57,0.3927100829959765,0.009264913299659394,0.0,0,0.0,1039.3798890701223,odds hors limites
2022-01-14,22100637,chicago bulls,1.6,0.5977073809448814,-0.043668190488189706,0.0,0,0.0,1039.3798890701223,ev trop bas (-0.044)
2022-01-14,22100638,cleveland cavaliers,1.6,0.6027528861926632,-0.03559538209173885,0.0,1,0.0,1039.3798890701223,ev trop bas (-0.036)
2022-01-14,22100639,dallas mavericks,2.01,0.447622467046468,-0.10027884123659936,0.0,1,0.0,1039.3798890701223,ev trop bas (-0.100)
2022-01-14,22100640,sacramento kings,1.41,0.6757999745720855,-0.0471220358533595,0.0,1,0.0,1039.3798890701223,ev trop bas (-0.047)
2022-01-15,22100641,milwaukee bucks,1.27,0.7169340040237643,-0.08949381488981933,0.0,0,0.0,1039.3798890701223,ev trop bas (-0.089)
2022-01-15,22100642,portland trail blazers,3.19,0.3274442544230157,0.04454717160942012,0.0,1,0.0,1039.3798890701223,odds hors limites
2022-01-15,22100643,atlanta hawks,1.73,0.5738069897465773,-0.0073139077384213325,0.0,0,0.0,1039.3798890701223,ev trop bas (-0.007)
2022-01-15,22100644,brooklyn nets,1.38,0.7013225007742325,-0.032174948931559144,0.0,1,0.0,1039.3798890701223,ev trop bas (-0.032)
2022-01-15,22100645,philadelphia 76ers,2.11,0.46285754015900643,-0.023370590264496505,0.0,1,0.0,1039.3798890701223,ev trop bas (-0.023)
2022-01-15,22100646,oklahoma city thunder,2.51,0.3593704665856497,-0.09798012887001939,0.0,0,0.0,1039.3798890701223,odds hors limites
2022-01-15,22100647,chicago bulls,3.08,0.3321473671058067,0.023013890685884775,0.0,0,0.0,1039.3798890701223,odds hors limites
2022-01-15,22100648,los angeles clippers,1.88,0.5214126456467465,-0.019744226184116642,0.0,0,0.0,1039.3798890701223,diff proba trop faible (0.011)
2022-01-15,22100649,denver nuggets,1.5,0.6264646855489596,-0.060302971676560624,0.0,1,0.0,1039.3798890701223,ev trop bas (-0.060)
2022-01-15,22100650,dallas mavericks,1.11,0.8326424179995497,-0.07576691602049967,0.0,1,0.0,1039.3798890701223,odds hors limites
2022-01-16,22100651,sacramento kings,1.47,0.6758493876795202,-0.006501400111105338,0.0,0,0.0,1039.3798890701223,ev trop bas (-0.007)
2022-01-16,22100652,golden state warriors,2.36,0.4685939778446039,0.10588178771326517,20.787597781402447,0,-20.787597781402447,1018.5922912887198,bet placed
2022-01-16,22100653,denver nuggets,2.54,0.40642304667768503,0.03231453856131994,0.0,0,0.0,1018.5922912887198,odds hors limites
2022-01-17,22100654,boston celtics,1.48,0.6218616487711464,-0.07964475981870345,0.0,1,0.0,1018.5922912887198,ev trop bas (-0.080)
2022-01-17,22100655,new york knicks,1.62,0.5837035355978517,-0.05440027233148015,0.0,0,0.0,1018.5922912887198,ev trop bas (-0.054)
2022-01-17,22100656,philadelphia 76ers,1.69,0.5496471666450019,-0.07109628836994686,0.0,0,0.0,1018.5922912887198,ev trop bas (-0.071)
2022-01-17,22100657,brooklyn nets,2.33,0.43128349984134384,0.004890554630331279,0.0,0,0.0,1018.5922912887198,ev trop bas (0.005)
2022-01-17,22100658,chicago bulls,3.5,0.326608494881452,0.14312973208508195,0.0,0,0.0,1018.5922912887198,odds hors limites
2022-01-17,22100659,los angeles clippers,1.62,0.6151860639860905,-0.003398576342533266,0.0,1,0.0,1018.5922912887198,ev trop bas (-0.003)
2022-01-17,22100660,atlanta hawks,2.43,0.39280888748224796,-0.045474403418137355,0.0,1,0.0,1018.5922912887198,ev trop bas (-0.045)
2022-01-17,22100661,portland trail blazers,1.64,0.620775587372547,0.018071963290976933,0.0,1,0.0,1018.5922912887198,ev trop bas (0.018)
2022-01-17,22100662,miami heat,1.48,0.6645042681042208,-0.016533683205753213,0.0,1,0.0,1018.5922912887198,ev trop bas (-0.017)
2022-01-17,22100663,dallas mavericks,1.1,0.825545067827684,-0.09190042538954757,0.0,1,0.0,1018.5922912887198,odds hors limites
2022-01-17,22100664,phoenix suns,1.53,0.604627145423606,-0.07492046750188286,0.0,1,0.0,1018.5922912887198,ev trop bas (-0.075)
2022-01-17,22100665,los angeles lakers,2.58,0.3790656558078867,-0.022010608015652244,0.0,1,0.0,1018.5922912887198,odds hors limites
2022-01-18,22100666,new york knicks,2.09,0.45884273754651256,-0.04101867852778884,0.0,0,0.0,1018.5922912887198,ev trop bas (-0.041)
2022-01-18,22100667,golden state warriors,1.05,0.8709915443286292,-0.08545887845493927,0.0,1,0.0,1018.5922912887198,odds hors limites
2022-01-19,22100668,philadelphia 76ers,1.1,0.8406796078664743,-0.0752524313468782,0.0,1,0.0,1018.5922912887198,odds hors limites
2022-01-19,22100669,brooklyn nets,1.83,0.537404625816441,-0.01654953475591292,0.0,1,0.0,1018.5922912887198,diff proba trop faible (0.037)
2022-01-19,22100670,atlanta hawks,1.72,0.5420729034407789,-0.06763460608186034,0.0,1,0.0,1018.5922912887198,ev trop bas (-0.068)
2022-01-19,22100671,charlotte hornets,2.03,0.47005356322591557,-0.04579126665139144,0.0,1,0.0,1018.5922912887198,ev trop bas (-0.046)
2022-01-19,22100672,portland trail blazers,3.7,0.25221641707504877,-0.06679925682231946,0.0,0,0.0,1018.5922912887198,odds hors limites
2022-01-19,22100673,chicago bulls,2.15,0.4627299455296996,-0.00513061711114593,0.0,1,0.0,1018.5922912887198,ev trop bas (-0.005)
2022-01-19,22100674,milwaukee bucks,1.31,0.6972949679174205,-0.08654359202817907,0.0,1,0.0,1018.5922912887198,ev trop bas (-0.087)
2022-01-19,22100675,toronto raptors,2.39,0.39912607622349683,-0.04608867782584258,0.0,0,0.0,1018.5922912887198,ev trop bas (-0.046)
2022-01-19,22100676,san antonio spurs,1.31,0.6899590766763777,-0.09615360955394525,0.0,1,0.0,1018.5922912887198,ev trop bas (-0.096)
2022-01-19,22100677,houston rockets,6.5,0.16398298045628024,0.06588937296582165,0.0,1,0.0,1018.5922912887198,odds hors limites
2022-01-19,22100678,los angeles clippers,3.73,0.28897589689949843,0.07788009543512908,0.0,0,0.0,1018.5922912887198,odds hors limites
2022-01-19,22100679,sacramento kings,1.28,0.7159719358115789,-0.08355592216117902,0.0,0,0.0,1018.5922912887198,ev trop bas (-0.084)
2022-01-19,22100680,los angeles lakers,1.54,0.6011152788906877,-0.07428247050834091,0.0,0,0.0,1018.5922912887198,ev trop bas (-0.074)
2022-01-20,22100681,new orleans pelicans,2.19,0.46012615436981125,0.007676278069886688,0.0,1,0.0,1018.5922912887198,ev trop bas (0.008)
2022-01-20,22100682,dallas mavericks,1.93,0.48250017254033484,-0.06877466699715384,0.0,0,0.0,1018.5922912887198,ev trop bas (-0.069)
2022-01-20,22100683,indiana pacers,6.38,0.17281384676892336,0.10255234238573108,0.0,1,0.0,1018.5922912887198,odds hors limites
2022-01-21,22100684,charlotte hornets,1.19,0.7939312024806012,-0.05522186904808457,0.0,1,0.0,1018.5922912887198,odds hors limites
2022-01-21,22100685,los angeles lakers,1.44,0.6382585480731978,-0.08090769077459514,0.0,1,0.0,1018.5922912887198,ev trop bas (-0.081)
2022-01-21,22100686,los angeles clippers,3.2,0.3150993248482415,0.008317839514372816,0.0,1,0.0,1018.5922912887198,odds hors limites
2022-01-21,22100687,atlanta hawks,1.71,0.5791271143808825,-0.009692634408690948,0.0,1,0.0,1018.5922912887198,ev trop bas (-0.010)
2022-01-21,22100688,portland trail blazers,3.37,0.2932699185005552,-0.011680374653128878,0.0,1,0.0,1018.5922912887198,odds hors limites
2022-01-21,22100689,washington wizards,2.03,0.4861082594284761,-0.013200233360193714,0.0,0,0.0,1018.5922912887198,diff proba trop faible (0.030)
2022-01-21,22100690,chicago bulls,4.2,0.2691779618640261,0.1305474398289097,0.0,0,0.0,1018.5922912887198,odds hors limites
2022-01-21,22100691,brooklyn nets,1.81,0.5408081351596344,-0.02113727536106158,0.0,1,0.0,1018.5922912887198,diff proba trop faible (0.029)
2022-01-21,22100692,denver nuggets,1.55,0.6453929146758074,0.00035901774750146664,0.0,0,0.0,1018.5922912887198,ev trop bas (0.000)
2022-01-21,22100693,detroit pistons,6.33,0.14685674405904275,-0.07039681010625931,0.0,0,0.0,1018.5922912887198,odds hors limites
2022-01-21,22100694,houston rockets,4.75,0.22325964037956647,0.060483291802940764,0.0,0,0.0,1018.5922912887198,odds hors limites
2022-01-22,22100695,oklahoma city thunder,5.48,0.16911925560348945,-0.07322647929287773,0.0,0,0.0,1018.5922912887198,odds hors limites
2022-01-22,22100696,milwaukee bucks,1.3,0.7243460992307015,-0.058350071000088044,0.0,1,0.0,1018.5922912887198,ev trop bas (-0.058)
2022-01-22,22100697,indiana pacers,5.88,0.16025828964629743,-0.0576812568797711,0.0,0,0.0,1018.5922912887198,odds hors limites
2022-01-23,22100698,new york knicks,1.49,0.6769889598389945,0.00871355016010189,0.0,1,0.0,1018.5922912887198,ev trop bas (0.009)
2022-01-23,22100699,boston celtics,1.63,0.6035874706445797,-0.016152422849335046,0.0,1,0.0,1018.5922912887198,ev trop bas (-0.016)
2022-01-23,22100700,miami heat,1.5,0.6283287320023452,-0.05750690199648223,0.0,1,0.0,1018.5922912887198,ev trop bas (-0.058)
2022-01-23,22100701,chicago bulls,1.56,0.6289018948997386,-0.018913043956407805,0.0,0,0.0,1018.5922912887198,ev trop bas (-0.019)
2022-01-23,22100702,toronto raptors,1.24,0.7403208133260574,-0.08200219147568888,0.0,0,0.0,1018.5922912887198,ev trop bas (-0.082)
2022-01-23,22100703,charlotte hornets,1.72,0.537603730318082,-0.07532158385289911,0.0,0,0.0,1018.5922912887198,diff proba trop faible (0.065)
2022-01-23,22100704,philadelphia 76ers,1.76,0.5588195344966831,-0.016477619285837797,0.0,1,0.0,1018.5922912887198,diff proba trop faible (0.049)
2022-01-23,22100705,dallas mavericks,1.5,0.5922816420658562,-0.11157753690121575,0.0,1,0.0,1018.5922912887198,ev trop bas (-0.112)
2022-01-23,22100706,brooklyn nets,2.04,0.4383600701855877,-0.10574545682140102,0.0,0,0.0,1018.5922912887198,ev trop bas (-0.106)
2022-01-23,22100707,denver nuggets,1.09,0.8385041777323466,-0.08603044627174206,0.0,1,0.0,1018.5922912887198,odds hors limites
2022-01-23,22100708,utah jazz,1.93,0.5229806245086647,0.009352605301722772,0.0,0,0.0,1018.5922912887198,diff proba trop faible (0.048)
2022-01-24,22100709,new york knicks,2.4,0.44195241986191597,0.060685807668598324,20.371845825774397,0,-20.371845825774397,998.2204454629455,bet placed
2022-03-03,22100710,atlanta hawks,1.64,0.595560950255167,-0.02328004158152619,0.0,1,0.0,998.2204454629455,ev trop bas (-0.023)
2022-01-10,22100711,houston rockets,3.97,0.24083858788233942,-0.04387080610711247,0.0,0,0.0,998.2204454629455,odds hors limites
2022-01-24,22100712,new orleans pelicans,1.54,0.6770587506184865,0.0426704759524692,0.0,1,0.0,998.2204454629455,ev trop bas (0.043)
2022-01-24,22100713,utah jazz,5.33,0.2241236429356214,0.19457901684686196,0.0,0,0.0,998.2204454629455,odds hors limites
2022-01-25,22100714,denver nuggets,1.29,0.7113773982169002,-0.08232315630019882,0.0,1,0.0,998.2204454629455,ev trop bas (-0.082)
2022-01-25,22100715,charlotte hornets,1.71,0.5430704136946332,-0.07134959258217732,0.0,0,0.0,998.2204454629455,ev trop bas (-0.071)
2022-01-25,22100716,washington wizards,1.41,0.6669771913959853,-0.05956216013166071,0.0,0,0.0,998.2204454629455,ev trop bas (-0.060)
2022-01-25,22100717,boston celtics,1.17,0.7737266651613816,-0.09473980176118368,0.0,1,0.0,998.2204454629455,odds hors limites
2022-01-25,22100718,brooklyn nets,2.22,0.4214050597201398,-0.0644807674212895,0.0,0,0.0,998.2204454629455,ev trop bas (-0.064)
2022-01-25,22100719,san antonio spurs,1.44,0.6366789311039954,-0.08318233921024665,0.0,1,0.0,998.2204454629455,ev trop bas (-0.083)
2022-01-25,22100720,dallas mavericks,2.18,0.430070067933452,-0.06244725190507461,0.0,0,0.0,998.2204454629455,ev trop bas (-0.062)
2022-01-25,22100721,portland trail blazers,2.13,0.44114965265031303,-0.06035123985483326,0.0,0,0.0,998.2204454629455,ev trop bas (-0.060)
2022-01-26,22100722,cleveland cavaliers,2.2,0.3813347295902933,-0.1610635949013547,0.0,1,0.0,998.2204454629455,ev trop bas (-0.161)
2022-01-26,22100723,charlotte hornets,1.64,0.5736408555739383,-0.05922899685874128,0.0,1,0.0,998.2204454629455,ev trop bas (-0.059)
2022-01-26,22100724,los angeles clippers,1.88,0.530318215877149,-0.0030017541509599344,0.0,1,0.0,998.2204454629455,diff proba trop faible (0.005)
2022-01-26,22100725,sacramento kings,4.53,0.20646103889771694,-0.0647314937933422,0.0,0,0.0,998.2204454629455,odds hors limites
2022-02-28,22100726,brooklyn nets,2.12,0.4328184173410676,-0.08242495523693671,0.0,0,0.0,998.2204454629455,ev trop bas (-0.082)
2022-01-26,22100727,new york knicks,2.69,0.397504490958035,0.06928708067711398,0.0,0,0.0,998.2204454629455,odds hors limites
2022-01-26,22100728,san antonio spurs,2.25,0.40444284795799373,-0.09000359209451414,0.0,0,0.0,998.2204454629455,ev trop bas (-0.090)
2022-01-28,22100729,new orleans pelicans,2.3,0.40806947652245207,-0.061440203998360365,0.0,0,0.0,998.2204454629455,ev trop bas (-0.061)
2022-01-24,22100730,chicago bulls,1.76,0.6006250410576209,0.05710007226141278,19.96440890925891,1,15.172950771036772,1013.3933962339822,bet placed
2022-01-26,22100731,utah jazz,1.87,0.5433257611326111,0.01601917331798286,0.0,0,0.0,1013.3933962339822,diff proba trop faible (0.024)
2022-01-26,22100732,portland trail blazers,2.3,0.4074390739198433,-0.0628901299843605,0.0,0,0.0,1013.3933962339822,ev trop bas (-0.063)
2022-01-27,22100733,los angeles lakers,2.69,0.3472689915571853,-0.06584641271117153,0.0,0,0.0,1013.3933962339822,odds hors limites
2022-01-27,22100734,golden state warriors,1.33,0.702892588957557,-0.0651528566864491,0.0,1,0.0,1013.3933962339822,ev trop bas (-0.065)
2022-01-28,22100735,los angeles lakers,3.85,0.2467281064009168,-0.0500967903564703,0.0,0,0.0,1013.3933962339822,odds hors limites
2022-01-28,22100736,detroit pistons,2.16,0.42603384389957183,-0.07976689717692476,0.0,0,0.0,1013.3933962339822,ev trop bas (-0.080)
2022-01-28,22100737,atlanta hawks,1.72,0.5515380286657645,-0.051354590694885016,0.0,1,0.0,1013.3933962339822,ev trop bas (-0.051)
2022-01-28,22100738,miami heat,1.26,0.7544002578890578,-0.049455675059787096,0.0,1,0.0,1013.3933962339822,ev trop bas (-0.049)
2022-01-28,22100739,houston rockets,2.09,0.47416453970672867,-0.008996112012937152,0.0,0,0.0,1013.3933962339822,ev trop bas (-0.009)
2022-01-28,22100740,utah jazz,2.4,0.42221138321275814,0.013307319710619492,0.0,0,0.0,1013.3933962339822,ev trop bas (0.013)
2022-01-28,22100741,oklahoma city thunder,1.92,0.49827377965606773,-0.04331434306034998,0.0,0,0.0,1013.3933962339822,diff proba trop faible (0.048)
2022-01-28,22100742,chicago bulls,1.92,0.5036651964370098,-0.03296282284094121,0.0,0,0.0,1013.3933962339822,diff proba trop faible (0.045)
2022-01-28,22100743,phoenix suns,1.21,0.7777750813258734,-0.058892151595693276,0.0,1,0.0,1013.3933962339822,ev trop bas (-0.059)
2022-01-28,22100744,new york knicks,3.45,0.29621070976603203,0.021926948692810644,0.0,0,0.0,1013.3933962339822,odds hors limites
2022-01-29,22100745,boston celtics,1.31,0.7033765844959213,-0.07857667431034299,0.0,1,0.0,1013.3933962339822,ev trop bas (-0.079)
2022-01-29,22100746,dallas mavericks,1.15,0.7918680463812655,-0.08935174666154477,0.0,1,0.0,1013.3933962339822,odds hors limites
2022-01-29,22100747,sacramento kings,4.75,0.19867448278170516,-0.056296206786900505,0.0,0,0.0,1013.3933962339822,odds hors limites
2022-01-29,22100748,miami heat,1.64,0.5818822389531674,-0.04571312811680561,0.0,0,0.0,1013.3933962339822,ev trop bas (-0.046)
2022-01-29,22100749,washington wizards,2.75,0.3632486556000604,-0.0010661970998337988,0.0,0,0.0,1013.3933962339822,odds hors limites
2022-01-29,22100750,golden state warriors,1.15,0.8072611047255841,-0.07164972956557836,0.0,1,0.0,1013.3933962339822,odds hors limites
2022-01-30,22100751,atlanta hawks,1.3,0.7418190810005919,-0.03563519469923049,0.0,1,0.0,1013.3933962339822,ev trop bas (-0.036)
2022-01-30,22100752,los angeles clippers,2.68,0.34992819369944395,-0.06219244088549014,0.0,1,0.0,1013.3933962339822,odds hors limites
2022-01-30,22100753,chicago bulls,1.41,0.6730339976643918,-0.05102206329320769,0.0,1,0.0,1013.3933962339822,ev trop bas (-0.051)
2022-01-30,22100754,cleveland cavaliers,1.26,0.706563121772194,-0.10973046656703545,0.0,0,0.0,1013.3933962339822,ev trop bas (-0.110)
2022-01-30,22100755,dallas mavericks,1.42,0.690082612397988,-0.020082690394857106,0.0,0,0.0,1013.3933962339822,ev trop bas (-0.020)
2022-01-30,22100756,milwaukee bucks,1.35,0.6455196900720976,-0.12854841840266817,0.0,0,0.0,1013.3933962339822,ev trop bas (-0.129)
2022-01-30,22100757,minnesota timberwolves,1.67,0.5784829031647437,-0.033933551714877996,0.0,1,0.0,1013.3933962339822,ev trop bas (-0.034)
2022-01-30,22100758,san antonio spurs,6.5,0.1695864780092022,0.1023121070598143,0.0,0,0.0,1013.3933962339822,odds hors limites
2022-01-31,22100759,cleveland cavaliers,1.44,0.6663715625671888,-0.040424949903248186,0.0,1,0.0,1013.3933962339822,ev trop bas (-0.040)
2022-01-31,22100760,los angeles clippers,1.79,0.5400600159073768,-0.033292571525795456,0.0,0,0.0,1013.3933962339822,diff proba trop faible (0.022)
2022-01-31,22100761,philadelphia 76ers,2.15,0.42688805113133843,-0.08219069006762236,0.0,1,0.0,1013.3933962339822,ev trop bas (-0.082)
2022-01-31,22100762,miami heat,2.71,0.3519793259083736,-0.04613602678830753,0.0,0,0.0,1013.3933962339822,odds hors limites
2022-01-31,22100763,new york knicks,1.28,0.7513927591275539,-0.038217268316731,0.0,1,0.0,1013.3933962339822,ev trop bas (-0.038)
2022-01-31,22100764,houston rockets,4.05,0.2526499758683818,0.023232402266946117,0.0,0,0.0,1013.3933962339822,odds hors limites
2022-01-31,22100765,oklahoma city thunder,2.15,0.44246955712763786,-0.04869045217557866,0.0,1,0.0,1013.3933962339822,ev trop bas (-0.049)
2022-02-01,22100766,new orleans pelicans,1.68,0.5837143582014632,-0.019359878221541837,0.0,1,0.0,1013.3933962339822,ev trop bas (-0.019)
2022-01-31,22100767,atlanta hawks,1.98,0.46826404528250215,-0.07283719034064573,0.0,0,0.0,1013.3933962339822,diff proba trop faible (0.047)
2022-02-01,22100768,washington wizards,5.1,0.19813086739940536,0.010467423736967296,0.0,0,0.0,1013.3933962339822,odds hors limites
2022-02-01,22100769,chicago bulls,1.23,0.7744356341771309,-0.04744416996212897,0.0,1,0.0,1013.3933962339822,ev trop bas (-0.047)
2022-02-01,22100770,minnesota timberwolves,1.75,0.5520228901455823,-0.03395994224523102,0.0,1,0.0,1013.3933962339822,diff proba trop faible (0.054)
2022-02-01,22100771,golden state warriors,2.89,0.3255587885139948,-0.059135101194555006,0.0,1,0.0,1013.3933962339822,odds hors limites
2022-02-01,22100772,phoenix suns,1.3,0.7050318643160363,-0.08345857638915288,0.0,1,0.0,1013.3933962339822,ev trop bas (-0.083)
2022-02-02,22100773,orlando magic,2.2,0.4426773048864785,-0.0261099292497472,0.0,1,0.0,1013.3933962339822,ev trop bas (-0.026)
2022-02-02,22100774,washington wizards,4.35,0.23734591638076014,0.03245473625630657,0.0,1,0.0,1013.3933962339822,odds hors limites
2022-02-02,22100775,charlotte hornets,2.77,0.37514531601997453,0.03915252537532954,0.0,0,0.0,1013.3933962339822,odds hors limites
2022-02-02,22100776,new york knicks,2.25,0.4460505732525525,0.0036137898182431183,0.0,0,0.0,1013.3933962339822,ev trop bas (0.004)
2022-02-02,22100777,houston rockets,2.38,0.3956526782001305,-0.05834662588368944,0.0,1,0.0,1013.3933962339822,ev trop bas (-0.058)
2022-02-02,22100778,dallas mavericks,1.11,0.8127420054584209,-0.09785637394115276,0.0,0,0.0,1013.3933962339822,odds hors limites
2022-02-02,22100779,denver nuggets,2.85,0.36610886874181786,0.04341027591418101,0.0,0,0.0,1013.3933962339822,odds hors limites
2022-02-02,22100780,brooklyn nets,1.45,0.6772867015684434,-0.017934282725757145,0.0,0,0.0,1013.3933962339822,ev trop bas (-0.018)
2022-02-02,22100781,portland trail blazers,2.17,0.45511176230532496,-0.012407475797444834,0.0,0,0.0,1013.3933962339822,ev trop bas (-0.012)
2022-02-03,22100782,minnesota timberwolves,1.28,0.6554939651007778,-0.1609677246710044,0.0,1,0.0,1013.3933962339822,ev trop bas (-0.161)
2022-02-03,22100783,atlanta hawks,2.01,0.45227998225502747,-0.09091723566739485,0.0,1,0.0,1013.3933962339822,diff proba trop faible (0.059)
2022-02-01,22100784,miami heat,1.9,0.4936147173578115,-0.06213203702015824,0.0,0,0.0,1013.3933962339822,diff proba trop faible (0.021)
2022-02-03,22100785,sacramento kings,6.08,0.17879242193233616,0.0870579253486039,0.0,0,0.0,1013.3933962339822,odds hors limites
2022-02-03,22100786,los angeles lakers,2.17,0.4684966655499347,0.016637764243358166,0.0,0,0.0,1013.3933962339822,ev trop bas (0.017)
2022-02-04,22100787,cleveland cavaliers,2.67,0.35192866359259006,-0.06035046820778456,0.0,1,0.0,1013.3933962339822,odds hors limites
2022-02-04,22100788,boston celtics,1.17,0.7866430647518584,-0.07962761424032572,0.0,1,0.0,1013.3933962339822,odds hors limites
2022-02-04,22100789,chicago bulls,1.74,0.5767679572897619,0.003576245684185686,0.0,1,0.0,1013.3933962339822,ev trop bas (0.004)
2022-02-04,22100790,atlanta hawks,1.98,0.4588289576607464,-0.09151866383172214,0.0,0,0.0,1013.3933962339822,diff proba trop faible (0.056)
2022-02-04,22100791,dallas mavericks,1.81,0.5295016138853844,-0.04160207886745415,0.0,1,0.0,1013.3933962339822,diff proba trop faible (0.004)
2022-02-04,22100792,houston rockets,3.17,0.3129248723944847,-0.008028154509483576,0.0,0,0.0,1013.3933962339822,odds hors limites
2022-02-04,22100793,brooklyn nets,2.57,0.4033174735473414,0.03652590701666725,0.0,0,0.0,1013.3933962339822,odds hors limites
2022-02-04,22100794,new orleans pelicans,2.54,0.3668532130492256,-0.06819283885496696,0.0,1,0.0,1013.3933962339822,odds hors limites
2022-02-04,22100795,portland trail blazers,1.32,0.7436301119188963,-0.01840825226705689,0.0,0,0.0,1013.3933962339822,ev trop bas (-0.018)
2022-02-05,22100796,memphis grizzlies,1.19,0.7408514916864174,-0.11838672489316338,0.0,1,0.0,1013.3933962339822,odds hors limites
2022-02-05,22100797,miami heat,1.62,0.5704197658630092,-0.07591997930192496,0.0,1,0.0,1013.3933962339822,ev trop bas (-0.076)
2022-02-05,22100798,washington wizards,3.33,0.28420661277422754,-0.05359197946182226,0.0,0,0.0,1013.3933962339822,odds hors limites
2022-02-05,22100799,new york knicks,2.52,0.3972044513273366,0.0009552173448883483,0.0,0,0.0,1013.3933962339822,odds hors limites
2022-02-05,22100800,portland trail blazers,4.18,0.2516381489025892,0.051847462412822676,0.0,0,0.0,1013.3933962339822,odds hors limites
2022-02-05,22100801,sacramento kings,1.23,0.7410060675081837,-0.0885625369649341,0.0,1,0.0,1013.3933962339822,ev trop bas (-0.089)
2022-02-06,22100802,chicago bulls,2.26,0.4518934461559391,0.02127918831242237,0.0,0,0.0,1013.3933962339822,ev trop bas (0.021)
2022-02-06,22100803,minnesota timberwolves,1.11,0.8075941666005652,-0.10357047507337258,0.0,1,0.0,1013.3933962339822,odds hors limites
2022-02-06,22100804,brooklyn nets,3.7,0.2858553280678866,0.05766471385118055,0.0,0,0.0,1013.3933962339822,odds hors limites
2022-02-06,22100805,cleveland cavaliers,1.32,0.7186233129799103,-0.051417226866518284,0.0,1,0.0,1013.3933962339822,ev trop bas (-0.051)
2022-02-06,22100806,boston celtics,1.16,0.7761868210331939,-0.09962328760149508,0.0,1,0.0,1013.3933962339822,odds hors limites
2022-02-06,22100807,atlanta hawks,1.79,0.5299689649901875,-0.05135555266756431,0.0,0,0.0,1013.3933962339822,diff proba trop faible (0.014)
2022-02-06,22100808,new orleans pelicans,1.3,0.7177529448084652,-0.06692117174899526,0.0,1,0.0,1013.3933962339822,ev trop bas (-0.067)
2022-02-06,22100809,los angeles clippers,2.44,0.4019113778636534,-0.019336238012685802,0.0,0,0.0,1013.3933962339822,ev trop bas (-0.019)
2022-02-07,22100810,charlotte hornets,1.84,0.46812974467099083,-0.13864126980537683,0.0,0,0.0,1013.3933962339822,diff proba trop faible (0.002)
2022-02-07,22100811,washington wizards,2.9,0.37556312164910105,0.08913305278239303,0.0,0,0.0,1013.3933962339822,odds hors limites
2022-02-07,22100812,chicago bulls,2.93,0.3405521585575157,-0.002182175426478916,0.0,0,0.0,1013.3933962339822,odds hors limites
2022-02-07,22100813,golden state warriors,1.09,0.8284364218591177,-0.09700430017356165,0.0,1,0.0,1013.3933962339822,odds hors limites
2022-02-07,22100814,new york knicks,3.0,0.3289405095447664,-0.013178471365700828,0.0,0,0.0,1013.3933962339822,odds hors limites
2022-02-08,22100815,philadelphia 76ers,1.74,0.5721901614898615,-0.004389119007641051,0.0,0,0.0,1013.3933962339822,diff proba trop faible (0.043)
2022-02-08,22100816,indiana pacers,5.6,0.16495149907436005,-0.07627160518358378,0.0,0,0.0,1013.3933962339822,odds hors limites
2022-02-08,22100817,brooklyn nets,3.75,0.310069259801587,0.1627597242559513,0.0,0,0.0,1013.3933962339822,odds hors limites
2022-02-08,22100818,los angeles clippers,3.58,0.26168320223474595,-0.06317413599960953,0.0,0,0.0,1013.3933962339822,odds hors limites
2022-02-08,22100819,new orleans pelicans,1.2,0.7984542865380595,-0.0418548561543286,0.0,1,0.0,1013.3933962339822,ev trop bas (-0.042)
2022-02-08,22100820,dallas mavericks,1.12,0.8185938358220551,-0.08317490387929816,0.0,1,0.0,1013.3933962339822,odds hors limites
2022-02-08,22100821,new york knicks,3.68,0.2883533147572857,0.06114019830681139,0.0,0,0.0,1013.3933962339822,odds hors limites
2022-02-08,22100822,milwaukee bucks,1.52,0.6135555388609417,-0.06739558093136855,0.0,1,0.0,1013.3933962339822,ev trop bas (-0.067)
2022-02-08,22100823,portland trail blazers,1.86,0.49273541529450476,-0.08351212755222104,0.0,0,0.0,1013.3933962339822,diff proba trop faible (0.004)
2022-02-08,22100824,sacramento kings,3.12,0.2660669014648911,-0.16987126742953973,0.0,0,0.0,1013.3933962339822,odds hors limites
2022-02-09,22100825,san antonio spurs,2.68,0.36556953133070463,-0.020273656033711562,0.0,0,0.0,1013.3933962339822,odds hors limites
2022-02-09,22100826,chicago bulls,1.7,0.5511414895502111,-0.06305946776464111,0.0,1,0.0,1013.3933962339822,ev trop bas (-0.063)
2022-02-09,22100827,toronto raptors,1.15,0.7903720527205261,-0.09107213937139502,0.0,1,0.0,1013.3933962339822,odds hors limites
2022-02-09,22100828,utah jazz,1.74,0.5587002067683449,-0.02786164022307991,0.0,1,0.0,1013.3933962339822,ev trop bas (-0.028)
2022-02-09,22100829,portland trail blazers,3.85,0.2542490557019697,-0.02114113554741659,0.0,1,0.0,1013.3933962339822,odds hors limites
2022-02-09,22100830,sacramento kings,3.08,0.31251024082368256,-0.03746845826305767,0.0,1,0.0,1013.3933962339822,odds hors limites
2022-02-10,22100831,memphis grizzlies,1.13,0.7677700650702717,-0.13241982647059314,0.0,1,0.0,1013.3933962339822,odds hors limites
2022-02-10,22100832,brooklyn nets,1.85,0.5486855926240377,0.015068346354469853,0.0,0,0.0,1013.3933962339822,diff proba trop faible (0.032)
2022-02-10,22100833,new orleans pelicans,2.24,0.40676201514538773,-0.0888530860743314,0.0,0,0.0,1013.3933962339822,ev trop bas (-0.089)
2022-02-10,22100834,houston rockets,3.18,0.28750673848663166,-0.08572857161251124,0.0,0,0.0,1013.3933962339822,odds hors limites
2022-02-10,22100835,dallas mavericks,1.38,0.6562640467717615,-0.09435561545496918,0.0,1,0.0,1013.3933962339822,ev trop bas (-0.094)
2022-02-10,22100836,phoenix suns,1.58,0.60327748352119,-0.04682157603651971,0.0,1,0.0,1013.3933962339822,ev trop bas (-0.047)
2022-02-10,22100837,new york knicks,3.85,0.25725606551973296,-0.00956414774902814,0.0,1,0.0,1013.3933962339822,odds hors limites
2022-02-11,22100838,detroit pistons,2.67,0.33158741275747505,-0.11466160793754165,0.0,0,0.0,1013.3933962339822,odds hors limites
2022-02-11,22100839,cleveland cavaliers,1.38,0.658322292538198,-0.09151523629728686,0.0,1,0.0,1013.3933962339822,ev trop bas (-0.092)
2022-02-11,22100840,oklahoma city thunder,6.08,0.15348490912015067,-0.0668117525494839,0.0,0,0.0,1013.3933962339822,odds hors limites
2022-02-11,22100841,san antonio spurs,4.08,0.23376626320991706,-0.04623364610353842,0.0,1,0.0,1013.3933962339822,odds hors limites
2022-02-11,22100842,boston celtics,1.32,0.7498878205424576,-0.010148076883955914,0.0,1,0.0,1013.3933962339822,ev trop bas (-0.010)
2022-02-11,22100843,minnesota timberwolves,1.89,0.5346989690831478,0.010581051567149391,0.0,0,0.0,1013.3933962339822,diff proba trop faible (0.001)
2022-02-11,22100844,utah jazz,1.09,0.8197542085562247,-0.10646791267371503,0.0,1,0.0,1013.3933962339822,odds hors limites
2022-02-12,22100845,portland trail blazers,2.36,0.4357855026042193,0.028453786145957505,0.0,1,0.0,1013.3933962339822,ev trop bas (0.028)
2022-02-12,22100846,memphis grizzlies,1.29,0.6460850915350241,-0.16655023191981888,0.0,1,0.0,1013.3933962339822,ev trop bas (-0.167)
2022-02-12,22100847,washington wizards,2.03,0.5113954334107712,0.0381327298238654,0.0,0,0.0,1013.3933962339822,diff proba trop faible (0.034)
2022-02-12,22100848,new orleans pelicans,1.33,0.7357763337301118,-0.021417476138951286,0.0,0,0.0,1013.3933962339822,ev trop bas (-0.021)
2022-02-12,22100849,philadelphia 76ers,1.62,0.5786941177726778,-0.06251552920826198,0.0,1,0.0,1013.3933962339822,ev trop bas (-0.063)
2022-02-12,22100850,denver nuggets,2.57,0.3536973778844496,-0.0909977388369646,0.0,1,0.0,1013.3933962339822,odds hors limites
2022-02-12,22100851,brooklyn nets,4.63,0.22580299874522541,0.045467884190393715,0.0,0,0.0,1013.3933962339822,odds hors limites
2022-02-12,22100852,chicago bulls,1.14,0.7980457358253735,-0.09022786115907422,0.0,1,0.0,1013.3933962339822,odds hors limites
2022-02-12,22100853,dallas mavericks,1.31,0.7204868795693058,-0.05616218776420934,0.0,0,0.0,1013.3933962339822,ev trop bas (-0.056)
2022-02-12,22100854,los angeles lakers,2.91,0.34559732910427887,0.005688227693451564,0.0,0,0.0,1013.3933962339822,odds hors limites
2022-02-12,22100855,orlando magic,7.75,0.12490318501813572,-0.0320003161094482,0.0,0,0.0,1013.3933962339822,odds hors limites
2022-02-13,22100856,atlanta hawks,3.08,0.35918181167326363,0.10627997995365202,0.0,0,0.0,1013.3933962339822,odds hors limites
2022-02-13,22100857,minnesota timberwolves,1.27,0.7151787182544393,-0.09172302781686203,0.0,1,0.0,1013.3933962339822,ev trop bas (-0.092)
2022-02-14,22100858,washington wizards,1.54,0.604031619757572,-0.06979130557333901,0.0,1,0.0,1013.3933962339822,ev trop bas (-0.070)
2022-02-14,22100859,sacramento kings,1.66,0.5919217373120407,-0.017409916062012476,0.0,0,0.0,1013.3933962339822,ev trop bas (-0.017)
2022-02-14,22100860,new york knicks,1.14,0.7951491932525685,-0.09352991969207203,0.0,0,0.0,1013.3933962339822,odds hors limites
2022-02-14,22100861,san antonio spurs,2.09,0.43317946381890865,-0.09465492061848102,0.0,0,0.0,1013.3933962339822,ev trop bas (-0.095)
2022-02-14,22100862,portland trail blazers,4.9,0.20273445257711578,-0.006601182372132586,0.0,1,0.0,1013.3933962339822,odds hors limites
2022-02-14,22100863,toronto raptors,1.55,0.5703746362995685,-0.11591931373566877,0.0,0,0.0,1013.3933962339822,ev trop bas (-0.116)
2022-02-14,22100864,denver nuggets,1.11,0.8271161742509424,-0.0819010465814538,0.0,1,0.0,1013.3933962339822,odds hors limites
2022-02-14,22100865,houston rockets,7.43,0.14940993652953707,0.11011582841446033,0.0,0,0.0,1013.3933962339822,odds hors limites
2022-02-14,22100866,los angeles clippers,2.72,0.38394560138189965,0.0443320357587671,0.0,1,0.0,1013.3933962339822,odds hors limites
2022-02-15,22100867,atlanta hawks,1.63,0.5869964017999993,-0.04319586506600115,0.0,1,0.0,1013.3933962339822,ev trop bas (-0.043)
2022-02-15,22100868,dallas mavericks,2.63,0.40477085213563774,0.06454734111672722,0.0,1,0.0,1013.3933962339822,odds hors limites
2022-02-15,22100869,boston celtics,1.7,0.54015649468205,-0.08173395904051506,0.0,1,0.0,1013.3933962339822,ev trop bas (-0.082)
2022-02-15,22100870,indiana pacers,6.73,0.16965982404327723,0.14181061581125576,0.0,0,0.0,1013.3933962339822,odds hors limites
2022-02-15,22100871,minnesota timberwolves,1.35,0.6399631430697873,-0.13604975685578713,0.0,1,0.0,1013.3933962339822,ev trop bas (-0.136)
2022-02-15,22100872,memphis grizzlies,1.56,0.5867584562957233,-0.0846568081786716,0.0,1,0.0,1013.3933962339822,ev trop bas (-0.085)
2022-02-15,22100873,los angeles clippers,5.58,0.16991112154669702,-0.051895941769430576,0.0,0,0.0,1013.3933962339822,odds hors limites
2022-02-16,22100874,atlanta hawks,1.38,0.6603336293672318,-0.08873959147322019,0.0,1,0.0,1013.3933962339822,ev trop bas (-0.089)
2022-02-16,22100875,boston celtics,1.09,0.8084882216952917,-0.11874783835213198,0.0,0,0.0,1013.3933962339822,odds hors limites
2022-02-16,22100876,washington wizards,1.82,0.5041613024438182,-0.08242642955225088,0.0,0,0.0,1013.3933962339822,diff proba trop faible (0.027)
2022-02-16,22100877,new york knicks,1.45,0.6435683458886932,-0.06682589846139497,0.0,0,0.0,1013.3933962339822,ev trop bas (-0.067)
2022-02-16,22100878,sacramento kings,2.61,0.3565882947647825,-0.06930455066391772,0.0,0,0.0,1013.3933962339822,odds hors limites
2022-02-16,22100879,portland trail blazers,5.75,0.17737469696079358,0.019904507524563186,0.0,1,0.0,1013.3933962339822,odds hors limites
2022-02-16,22100880,toronto raptors,1.84,0.508973601354921,-0.06348857350694537,0.0,1,0.0,1013.3933962339822,diff proba trop faible (0.013)
2022-02-16,22100881,san antonio spurs,1.23,0.7594250295536443,-0.06590721364901753,0.0,1,0.0,1013.3933962339822,ev trop bas (-0.066)
2022-02-16,22100882,houston rockets,7.75,0.14614205934350924,0.13260095991219667,0.0,0,0.0,1013.3933962339822,odds hors limites
2022-02-16,22100883,denver nuggets,2.47,0.381631250118053,-0.057370812208409006,0.0,1,0.0,1013.3933962339822,ev trop bas (-0.057)
2022-02-16,22100884,los angeles lakers,2.19,0.4317083318382985,-0.05455875327412629,0.0,1,0.0,1013.3933962339822,ev trop bas (-0.055)
2022-02-17,22100885,miami heat,1.47,0.6360319065212903,-0.06503309741370333,0.0,1,0.0,1013.3933962339822,ev trop bas (-0.065)
2022-02-17,22100886,dallas mavericks,1.63,0.5960935051189752,-0.02836758665607053,0.0,1,0.0,1013.3933962339822,ev trop bas (-0.028)
2022-02-17,22100887,philadelphia 76ers,2.92,0.37751144238301065,0.10233341175839117,0.0,1,0.0,1013.3933962339822,odds hors limites
2022-02-17,22100888,houston rockets,4.48,0.21866720708218326,-0.020370912271818864,0.0,0,0.0,1013.3933962339822,odds hors limites
2022-02-24,22100889,cleveland cavaliers,1.38,0.6512015794088802,-0.10134182041574535,0.0,0,0.0,1013.3933962339822,ev trop bas (-0.101)
2022-02-24,22100890,boston celtics,1.19,0.7964519063130799,-0.05222223148743488,0.0,1,0.0,1013.3933962339822,odds hors limites
2022-02-24,22100891,chicago bulls,1.61,0.5286504088703091,-0.14887284171880222,0.0,1,0.0,1013.3933962339822,ev trop bas (-0.149)
2022-02-24,22100892,minnesota timberwolves,1.92,0.43790078232155605,-0.15923049794261246,0.0,1,0.0,1013.3933962339822,diff proba trop faible (0.044)
2022-02-24,22100893,phoenix suns,1.14,0.8120552649725387,-0.07425699793130602,0.0,1,0.0,1013.3933962339822,odds hors limites
2022-02-24,22100894,portland trail blazers,4.4,0.2239991315730426,-0.014403821078612489,0.0,0,0.0,1013.3933962339822,odds hors limites
2022-02-24,22100895,sacramento kings,2.31,0.4082874919336168,-0.0568558936333452,0.0,0,0.0,1013.3933962339822,ev trop bas (-0.057)
2022-02-25,22100896,toronto raptors,1.64,0.5711829134473758,-0.06326002194630376,0.0,0,0.0,1013.3933962339822,ev trop bas (-0.063)
2022-02-25,22100897,indiana pacers,1.23,0.7551022138672244,-0.07122427694331401,0.0,0,0.0,1013.3933962339822,ev trop bas (-0.071)
2022-02-25,22100898,houston rockets,2.18,0.4145615894423939,-0.09625573501558127,0.0,0,0.0,1013.3933962339822,ev trop bas (-0.096)
2022-02-25,22100899,washington wizards,2.19,0.4375782238519779,-0.04170368976416838,0.0,0,0.0,1013.3933962339822,ev trop bas (-0.042)
2022-02-25,22100900,new york knicks,2.59,0.45033324362359667,0.1663631009851152,0.0,0,0.0,1013.3933962339822,odds hors limites
2022-02-25,22100901,philadelphia 76ers,1.63,0.5765238179168356,-0.06026617679555801,0.0,1,0.0,1013.3933962339822,ev trop bas (-0.060)
2022-02-25,22100902,phoenix suns,1.33,0.7255395322940824,-0.03503242204887036,0.0,0,0.0,1013.3933962339822,ev trop bas (-0.035)
2022-02-25,22100903,dallas mavericks,2.8,0.3365761176223918,-0.057586870657302947,0.0,0,0.0,1013.3933962339822,odds hors limites
2022-02-25,22100904,los angeles lakers,1.6,0.6219598779835199,-0.004864195226368051,0.0,0,0.0,1013.3933962339822,ev trop bas (-0.005)
2022-02-26,22100905,boston celtics,1.08,0.8356523488136894,-0.09749546328121539,0.0,1,0.0,1013.3933962339822,odds hors limites
2022-02-26,22100906,atlanta hawks,1.51,0.6422253422524747,-0.030239733198763163,0.0,1,0.0,1013.3933962339822,ev trop bas (-0.030)
2022-02-26,22100907,washington wizards,3.6,0.26437581600720617,-0.048247062374057736,0.0,0,0.0,1013.3933962339822,odds hors limites
2022-02-26,22100908,san antonio spurs,5.03,0.21374588650031265,0.07514180909657275,0.0,0,0.0,1013.3933962339822,odds hors limites
2022-02-26,22100909,memphis grizzlies,1.65,0.4969900250873205,-0.1799664586059212,0.0,1,0.0,1013.3933962339822,ev trop bas (-0.180)
2022-02-26,22100910,brooklyn nets,4.0,0.24798309892955017,-0.008067604281799312,0.0,1,0.0,1013.3933962339822,odds hors limites
2022-02-26,22100911,denver nuggets,1.23,0.7444691813834331,-0.08430290689837727,0.0,1,0.0,1013.3933962339822,ev trop bas (-0.084)
2022-02-27,22100912,new york knicks,3.42,0.2637932382570183,-0.09782712516099745,0.0,0,0.0,1013.3933962339822,odds hors limites
2022-02-27,22100913,phoenix suns,2.11,0.49880649513234215,0.05248170472924185,20.267867924679646,0,-20.267867924679646,993.1255283093026,bet placed
2022-02-27,22100914,indiana pacers,3.75,0.2665077805843696,-0.0005958228086140327,0.0,1,0.0,993.1255283093026,odds hors limites
2022-02-27,22100915,charlotte hornets,1.15,0.7342573193347512,-0.15560408276503612,0.0,0,0.0,993.1255283093026,odds hors limites
2022-02-27,22100916,houston rockets,2.95,0.33064528022761447,-0.024596423328537287,0.0,0,0.0,993.1255283093026,odds hors limites
2022-02-27,22100917,golden state warriors,1.55,0.6388920628036353,-0.009717302654365212,0.0,0,0.0,993.1255283093026,ev trop bas (-0.010)
2022-02-27,22100918,portland trail blazers,3.45,0.26376017863016793,-0.09002738372592056,0.0,0,0.0,993.1255283093026,odds hors limites
2022-02-27,22100919,los angeles lakers,1.62,0.5828257455908135,-0.055822292142882146,0.0,0,0.0,993.1255283093026,ev trop bas (-0.056)
2022-02-28,22100920,cleveland cavaliers,2.14,0.42512407465939145,-0.09023448022890224,0.0,0,0.0,993.1255283093026,ev trop bas (-0.090)
2022-02-28,22100921,orlando magic,1.63,0.5299987878245622,-0.13610197584596362,0.0,1,0.0,993.1255283093026,ev trop bas (-0.136)
2022-02-28,22100922,chicago bulls,2.36,0.398699428580813,-0.059069348549281475,0.0,0,0.0,993.1255283093026,ev trop bas (-0.059)
2022-02-28,22100923,san antonio spurs,3.57,0.2502188419506944,-0.10671873423602107,0.0,0,0.0,993.1255283093026,odds hors limites
2022-02-28,22100924,milwaukee bucks,1.14,0.7722623040820297,-0.11962097334648625,0.0,1,0.0,993.1255283093026,odds hors limites
2022-02-28,22100925,sacramento kings,1.4,0.6299302449277783,-0.11809765710111053,0.0,1,0.0,993.1255283093026,ev trop bas (-0.118)
2022-03-01,22100926,detroit pistons,2.18,0.44645217559631706,-0.026734257200028755,0.0,0,0.0,993.1255283093026,ev trop bas (-0.027)
2022-03-01,22100927,atlanta hawks,2.86,0.3667025090588305,0.048769175908255136,0.0,0,0.0,993.1255283093026,odds hors limites
2022-03-01,22100928,brooklyn nets,3.32,0.27661231720065377,-0.08164710689382948,0.0,0,0.0,993.1255283093026,odds hors limites
2022-03-01,22100929,los angeles clippers,1.3,0.7091890694352456,-0.07805420973418065,0.0,1,0.0,993.1255283093026,ev trop bas (-0.078)
2022-03-01,22100930,golden state warriors,1.55,0.6256673136324367,-0.030215663869723186,0.0,0,0.0,993.1255283093026,ev trop bas (-0.030)
2022-03-01,22100931,los angeles lakers,2.36,0.4082728932774129,-0.0364759718653056,0.0,0,0.0,993.1255283093026,ev trop bas (-0.036)
2022-03-02,22100932,cleveland cavaliers,1.47,0.6048288512814511,-0.11090158861626687,0.0,0,0.0,993.1255283093026,ev trop bas (-0.111)
2022-03-02,22100933,orlando magic,1.97,0.4273933849615895,-0.15803503162566868,0.0,0,0.0,993.1255283093026,diff proba trop faible (0.051)
2022-03-02,22100934,new york knicks,4.48,0.20128321129357238,-0.0982512134047957,0.0,0,0.0,993.1255283093026,odds hors limites
2022-03-02,22100935,houston rockets,7.2,0.15244855515080413,0.09762959708578989,0.0,0,0.0,993.1255283093026,odds hors limites
2022-03-02,22100936,miami heat,2.36,0.3591268643087862,-0.15246060023126462,0.0,0,0.0,993.1255283093026,ev trop bas (-0.152)
2022-03-02,22100937,new orleans pelicans,1.33,0.6924183816964535,-0.07908355234371678,0.0,1,0.0,993.1255283093026,ev trop bas (-0.079)
2022-03-02,22100938,oklahoma city thunder,7.5,0.12919395258177965,-0.03104535563665256,0.0,1,0.0,993.1255283093026,odds hors limites
2022-03-02,22100939,portland trail blazers,4.88,0.19729002733305748,-0.03722466661467949,0.0,0,0.0,993.1255283093026,odds hors limites
2022-03-03,22100940,boston celtics,1.64,0.5558115757720931,-0.08846901573376742,0.0,1,0.0,993.1255283093026,ev trop bas (-0.088)
2022-03-03,22100941,brooklyn nets,1.57,0.5169921108120535,-0.1883223860250759,0.0,0,0.0,993.1255283093026,ev trop bas (-0.188)
2022-03-03,22100942,toronto raptors,1.23,0.756096782423196,-0.0700009576194689,0.0,0,0.0,993.1255283093026,ev trop bas (-0.070)
2022-03-03,22100943,dallas mavericks,1.71,0.5476713784992127,-0.06348194276634633,0.0,1,0.0,993.1255283093026,diff proba trop faible (0.059)
2022-03-03,22100944,sacramento kings,2.81,0.3528980664261893,-0.008356433342407987,0.0,1,0.0,993.1255283093026,odds hors limites
2022-03-03,22100945,los angeles lakers,1.95,0.48683924305362497,-0.05066347604543131,0.0,0,0.0,993.1255283093026,ev trop bas (-0.051)
2022-03-04,22100946,detroit pistons,2.05,0.45373296285653886,-0.06984742614409545,0.0,1,0.0,993.1255283093026,diff proba trop faible (0.062)
2022-03-04,22100947,philadelphia 76ers,1.23,0.7517483105618012,-0.07534957800898445,0.0,1,0.0,993.1255283093026,ev trop bas (-0.075)
2022-03-04,22100948,atlanta hawks,1.38,0.6756912002560032,-0.06754614364671574,0.0,1,0.0,993.1255283093026,ev trop bas (-0.068)
2022-03-04,22100949,chicago bulls,2.49,0.39745931657171396,-0.01032630173643212,0.0,0,0.0,993.1255283093026,ev trop bas (-0.010)
2022-03-04,22100950,new orleans pelicans,2.44,0.3956020516260587,-0.03473099403241675,0.0,1,0.0,993.1255283093026,ev trop bas (-0.035)
2022-03-04,22100951,minnesota timberwolves,1.15,0.7706322246319911,-0.11377294167321028,0.0,1,0.0,993.1255283093026,odds hors limites
2022-03-04,22100952,denver nuggets,1.19,0.7968383786606301,-0.05176232939385017,0.0,1,0.0,993.1255283093026,odds hors limites
2022-03-04,22100953,new york knicks,2.72,0.3443177679182927,-0.06345567126224372,0.0,0,0.0,993.1255283093026,odds hors limites
2022-03-05,22100954,dallas mavericks,1.45,0.681974782307677,-0.011136565653868336,0.0,1,0.0,993.1255283093026,ev trop bas (-0.011)
2022-03-05,22100955,charlotte hornets,1.54,0.5871619211216529,-0.09577064147265457,0.0,1,0.0,993.1255283093026,ev trop bas (-0.096)
2022-03-05,22100956,miami heat,1.39,0.6662691288038429,-0.0738859109626584,0.0,1,0.0,993.1255283093026,ev trop bas (-0.074)
2022-03-05,22100957,orlando magic,7.18,0.1264317286007606,-0.09222018864653891,0.0,0,0.0,993.1255283093026,odds hors limites
2022-03-05,22100958,portland trail blazers,5.95,0.15725478853598884,-0.06433400821086632,0.0,0,0.0,993.1255283093026,odds hors limites
2022-03-05,22100959,golden state warriors,1.36,0.6693160030301811,-0.08973023587895357,0.0,0,0.0,993.1255283093026,ev trop bas (-0.090)
2022-03-06,22100960,boston celtics,1.36,0.6593779750095669,-0.10324595398698899,0.0,1,0.0,993.1255283093026,ev trop bas (-0.103)
2022-03-06,22100961,phoenix suns,3.9,0.23574650780213383,-0.08058861957167807,0.0,0,0.0,993.1255283093026,odds hors limites
2022-03-06,22100962,cleveland cavaliers,1.44,0.6129269677054399,-0.11738516650416664,0.0,1,0.0,993.1255283093026,ev trop bas (-0.117)
2022-03-06,22100963,washington wizards,1.64,0.5898038240827688,-0.03272172850425925,0.0,1,0.0,993.1255283093026,ev trop bas (-0.033)
2022-03-06,22100964,houston rockets,4.35,0.21250920779814927,-0.07558494607805077,0.0,1,0.0,993.1255283093026,odds hors limites
2022-03-06,22100965,utah jazz,1.06,0.8291427759531763,-0.12110865748963306,0.0,1,0.0,993.1255283093026,odds hors limites
2022-03-06,22100966,new york knicks,2.59,0.36628655843715635,-0.05131781364776511,0.0,1,0.0,993.1255283093026,odds hors limites
2022-03-06,22100967,denver nuggets,1.46,0.654244947696247,-0.0448023763634795,0.0,1,0.0,993.1255283093026,ev trop bas (-0.045)
2022-03-07,22100968,atlanta hawks,1.25,0.7126775288346764,-0.10915308895665454,0.0,0,0.0,993.1255283093026,ev trop bas (-0.109)
2022-03-07,22100969,chicago bulls,3.32,0.30494379555434864,0.012413401240437327,0.0,0,0.0,993.1255283093026,odds hors limites
2022-03-07,22100970,houston rockets,8.0,0.1688063355195871,0.3504506841566968,0.0,0,0.0,993.1255283093026,odds hors limites
2022-03-07,22100971,portland trail blazers,5.88,0.1504733421078672,-0.11521674840574092,0.0,0,0.0,993.1255283093026,odds hors limites
2022-03-07,22100972,dallas mavericks,1.84,0.5241757535691116,-0.03551661343283463,0.0,1,0.0,993.1255283093026,diff proba trop faible (0.010)
2022-03-07,22100973,los angeles lakers,2.84,0.37252970354958675,0.05798435808082636,0.0,0,0.0,993.1255283093026,odds hors limites
2022-03-07,22100974,new york knicks,2.3,0.40182164515967733,-0.07581021613274219,0.0,1,0.0,993.1255283093026,ev trop bas (-0.076)
2022-03-08,22100975,brooklyn nets,1.43,0.587737224307603,-0.1595357692401277,0.0,1,0.0,993.1255283093026,ev trop bas (-0.160)
2022-03-08,22100976,cleveland cavaliers,1.6,0.5997379905682756,-0.040419215090758964,0.0,1,0.0,993.1255283093026,ev trop bas (-0.040)
2022-03-08,22100977,phoenix suns,1.32,0.7179066876816012,-0.05236317226028642,0.0,1,0.0,993.1255283093026,ev trop bas (-0.052)
2022-03-08,22100978,memphis grizzlies,1.22,0.7478557662839828,-0.08761596513354108,0.0,1,0.0,993.1255283093026,ev trop bas (-0.088)
2022-03-08,22100979,oklahoma city thunder,6.38,0.13652097478823702,-0.1289961808510478,0.0,0,0.0,993.1255283093026,odds hors limites
2022-03-08,22100980,los angeles clippers,2.68,0.3472622801890822,-0.06933708909325975,0.0,0,0.0,993.1255283093026,odds hors limites
2022-03-09,22100981,charlotte hornets,2.87,0.30374720649645054,-0.12824551735518697,0.0,0,0.0,993.1255283093026,odds hors limites
2022-03-09,22100982,chicago bulls,1.3,0.6888754430850166,-0.1044619239894784,0.0,1,0.0,993.1255283093026,ev trop bas (-0.104)
2022-03-09,22100983,phoenix suns,2.22,0.4407124848024564,-0.021618283738546684,0.0,1,0.0,993.1255283093026,ev trop bas (-0.022)
2022-03-09,22100984,atlanta hawks,2.49,0.37544962237024443,-0.06513044029809134,0.0,0,0.0,993.1255283093026,ev trop bas (-0.065)
2022-03-09,22100985,houston rockets,3.29,0.29884316977624104,-0.016805971436167022,0.0,1,0.0,993.1255283093026,odds hors limites
2022-03-09,22100986,oklahoma city thunder,7.2,0.13224045822433048,-0.04786870078482053,0.0,0,0.0,993.1255283093026,odds hors limites
2022-03-09,22100987,new orleans pelicans,1.22,0.7690503250078761,-0.061758603490391195,0.0,0,0.0,993.1255283093026,ev trop bas (-0.062)
2022-03-09,22100988,dallas mavericks,1.19,0.7523981652830345,-0.10464618331318898,0.0,0,0.0,993.1255283093026,odds hors limites
2022-03-09,22100989,toronto raptors,1.74,0.5422318525854447,-0.05651657650132624,0.0,1,0.0,993.1255283093026,ev trop bas (-0.057)
2022-03-09,22100990,portland trail blazers,8.75,0.13839984941882685,0.21099868241473496,0.0,0,0.0,993.1255283093026,odds hors limites
2022-03-09,22100991,sacramento kings,2.87,0.33930969287195034,-0.026181181457502478,0.0,0,0.0,993.1255283093026,odds hors limites
2022-03-09,22100992,washington wizards,2.18,0.4903982195300816,0.06906811857557793,19.862510566186053,0,-19.862510566186053,973.2630177431165,bet placed
2022-03-10,22100993,philadelphia 76ers,1.53,0.6018619583119099,-0.07915120378277785,0.0,0,0.0,973.2630177431165,ev trop bas (-0.079)
2022-03-10,22100994,golden state warriors,1.72,0.5479056822357433,-0.05760222655452152,0.0,1,0.0,973.2630177431165,ev trop bas (-0.058)
2022-03-11,22100995,minnesota timberwolves,1.21,0.7166770611143582,-0.13282075605162658,0.0,0,0.0,973.2630177431165,ev trop bas (-0.133)
2022-03-11,22100996,atlanta hawks,1.28,0.7214102753270992,-0.07659484758131296,0.0,1,0.0,973.2630177431165,ev trop bas (-0.077)
2022-03-11,22100997,detroit pistons,6.63,0.14164267253352905,-0.060909081102702434,0.0,0,0.0,973.2630177431165,odds hors limites
2022-03-11,22100998,miami heat,1.21,0.7575239526262689,-0.08339601732221458,0.0,1,0.0,973.2630177431165,ev trop bas (-0.083)
2022-03-11,22100999,dallas mavericks,1.14,0.8294105000741556,-0.05447202991546263,0.0,1,0.0,973.2630177431165,odds hors limites
2022-03-11,22101000,memphis grizzlies,1.19,0.7799234920309206,-0.07189104448320449,0.0,1,0.0,973.2630177431165,odds hors limites
2022-03-11,22101001,new orleans pelicans,2.2,0.4299544045583561,-0.05410030997161652,0.0,0,0.0,973.2630177431165,ev trop bas (-0.054)
2022-03-11,22101002,utah jazz,1.39,0.7056759684598612,-0.01911040384079299,0.0,0,0.0,973.2630177431165,ev trop bas (-0.019)
2022-03-11,22101003,phoenix suns,1.42,0.683816000267977,-0.028981279619472722,0.0,0,0.0,973.2630177431165,ev trop bas (-0.029)
2022-03-11,22101004,washington wizards,2.34,0.4851418571166607,0.13523194565298602,19.46526035486233,0,-19.46526035486233,953.7977573882541,bet placed
2022-03-12,22101005,minnesota timberwolves,2.15,0.45855211048203565,-0.014112962463623369,0.0,1,0.0,953.7977573882541,ev trop bas (-0.014)
2022-03-12,22101006,chicago bulls,1.44,0.6316557145897834,-0.09041577099071185,0.0,1,0.0,953.7977573882541,ev trop bas (-0.090)
2022-03-12,22101007,indiana pacers,1.92,0.4712804459110302,-0.09514154385082207,0.0,1,0.0,953.7977573882541,diff proba trop faible (0.029)
2022-03-12,22101008,golden state warriors,1.99,0.5087008822420898,0.012314755661758658,0.0,1,0.0,953.7977573882541,diff proba trop faible (0.024)
2022-03-12,22101009,denver nuggets,1.3,0.6992652228761396,-0.0909552102610185,0.0,0,0.0,953.7977573882541,ev trop bas (-0.091)
2022-03-12,22101010,sacramento kings,4.15,0.2542409041035979,0.05509975202993145,0.0,0,0.0,953.7977573882541,odds hors limites
2022-03-12,22101011,portland trail blazers,2.86,0.3348519163148918,-0.04232351933940948,0.0,1,0.0,953.7977573882541,odds hors limites
2022-03-13,22101012,brooklyn nets,1.38,0.6687831124705214,-0.07707930479068059,0.0,1,0.0,953.7977573882541,ev trop bas (-0.077)
2022-03-13,22101013,los angeles clippers,1.46,0.6617276162806072,-0.03387768023031357,0.0,1,0.0,953.7977573882541,ev trop bas (-0.034)
2022-03-13,22101014,dallas mavericks,2.96,0.32650612302847143,-0.033541875835724544,0.0,1,0.0,953.7977573882541,odds hors limites
2022-03-13,22101015,philadelphia 76ers,1.1,0.8225471793098557,-0.09519810275915874,0.0,1,0.0,953.7977573882541,odds hors limites
2022-03-13,22101016,indiana pacers,5.3,0.1773366061316232,-0.060115987502397106,0.0,0,0.0,953.7977573882541,odds hors limites
2022-03-13,22101017,houston rockets,2.88,0.3401204958099218,-0.020452972067425246,0.0,0,0.0,953.7977573882541,odds hors limites
2022-03-13,22101018,oklahoma city thunder,6.58,0.1451085283693722,-0.045185883329530996,0.0,0,0.0,953.7977573882541,odds hors limites
2022-03-13,22101019,phoenix suns,1.26,0.7588687494019182,-0.04382537575358314,0.0,1,0.0,953.7977573882541,ev trop bas (-0.044)
2022-03-14,22101020,los angeles clippers,2.97,0.33300923156457535,-0.010962582253211117,0.0,0,0.0,953.7977573882541,odds hors limites
2022-03-14,22101021,portland trail blazers,6.05,0.1567314034317561,-0.0517750092378757,0.0,0,0.0,953.7977573882541,odds hors limites
2022-03-14,22101022,philadelphia 76ers,1.54,0.6250331185640041,-0.03744899741143359,0.0,0,0.0,953.7977573882541,ev trop bas (-0.037)
2022-03-14,22101023,charlotte hornets,1.12,0.7759183831253659,-0.1309714108995902,0.0,1,0.0,953.7977573882541,odds hors limites
2022-03-14,22101024,minnesota timberwolves,1.54,0.5856018209742007,-0.09817319569973093,0.0,1,0.0,953.7977573882541,ev trop bas (-0.098)
2022-03-14,22101025,washington wizards,5.48,0.2274005404041982,0.24615496141500626,0.0,0,0.0,953.7977573882541,odds hors limites
2022-03-14,22101026,sacramento kings,2.39,0.4009311934058678,-0.04177444775997585,0.0,1,0.0,953.7977573882541,ev trop bas (-0.042)
2022-03-14,22101027,utah jazz,1.65,0.6136021076314685,0.01244347759192288,0.0,0,0.0,953.7977573882541,ev trop bas (0.012)
2022-03-14,22101028,toronto raptors,1.42,0.6377321396977211,-0.09442036162923606,0.0,1,0.0,953.7977573882541,ev trop bas (-0.094)
2022-03-15,22101029,indiana pacers,2.87,0.3218991162373272,-0.0761495363988709,0.0,0,0.0,953.7977573882541,odds hors limites
2022-03-15,22101030,brooklyn nets,1.16,0.7936027411964811,-0.07942082021208197,0.0,1,0.0,953.7977573882541,odds hors limites
2022-03-15,22101031,detroit pistons,5.95,0.16199020055894867,-0.03615830667425546,0.0,0,0.0,953.7977573882541,odds hors limites
2022-03-15,22101032,phoenix suns,1.46,0.6566429791715486,-0.041301250409539136,0.0,1,0.0,953.7977573882541,ev trop bas (-0.041)
2022-03-16,22101033,atlanta hawks,1.83,0.5644222744261839,0.03289276219991644,0.0,0,0.0,953.7977573882541,ev trop bas (0.033)
2022-03-16,22101034,cleveland cavaliers,2.22,0.4238165155870838,-0.05912733539667392,0.0,0,0.0,953.7977573882541,ev trop bas (-0.059)
2022-03-16,22101035,washington wizards,2.83,0.4329997642156607,0.2253893327303198,0.0,0,0.0,953.7977573882541,odds hors limites
2022-03-16,22101036,dallas mavericks,1.62,0.5857156844109697,-0.051140591254229095,0.0,1,0.0,953.7977573882541,ev trop bas (-0.051)
2022-03-16,22101037,new york knicks,1.09,0.8413084850557522,-0.08297375128923001,0.0,1,0.0,953.7977573882541,odds hors limites
2022-03-16,22101038,phoenix suns,1.15,0.827153887906689,-0.048773028907307725,0.0,1,0.0,953.7977573882541,odds hors limites
2022-03-16,22101039,minnesota timberwolves,1.21,0.7596935546015241,-0.08077079893215589,0.0,1,0.0,953.7977573882541,ev trop bas (-0.081)
2022-03-16,22101040,oklahoma city thunder,5.2,0.17226813760547965,-0.1042056844515058,0.0,0,0.0,953.7977573882541,odds hors limites
2022-03-16,22101041,utah jazz,1.32,0.7016485809877736,-0.0738238730961388,0.0,1,0.0,953.7977573882541,ev trop bas (-0.074)
2022-03-16,22101042,golden state warriors,1.7,0.5187219239277978,-0.1181727293227437,0.0,0,0.0,953.7977573882541,ev trop bas (-0.118)
2022-03-16,22101043,milwaukee bucks,1.19,0.7534167734356835,-0.10343403961153674,0.0,1,0.0,953.7977573882541,odds hors limites
2022-03-16,22101044,los angeles clippers,1.96,0.5219216671761036,0.02296646766516286,0.0,0,0.0,953.7977573882541,diff proba trop faible (0.003)
2022-03-17,22101045,orlando magic,1.64,0.5790263195253124,-0.050396835978487764,0.0,0,0.0,953.7977573882541,ev trop bas (-0.050)
2022-03-18,22101046,dallas mavericks,2.21,0.4191529471433611,-0.073671986813172,0.0,0,0.0,953.7977573882541,ev trop bas (-0.074)
2022-03-18,22101047,atlanta hawks,2.68,0.4036191443206989,0.08169930677947312,0.0,1,0.0,953.7977573882541,odds hors limites
2022-03-18,22101048,portland trail blazers,6.58,0.14012334418282604,-0.07798839527700463,0.0,0,0.0,953.7977573882541,odds hors limites
2022-03-18,22101049,denver nuggets,1.6,0.5807323327256666,-0.07082826763893335,0.0,0,0.0,953.7977573882541,ev trop bas (-0.071)
2022-03-18,22101050,washington wizards,2.71,0.36853948129391717,-0.001258005693484443,0.0,0,0.0,953.7977573882541,odds hors limites
2022-03-18,22101051,toronto raptors,1.21,0.7261438302312525,-0.12136596542018452,0.0,0,0.0,953.7977573882541,ev trop bas (-0.121)
2022-03-18,22101052,oklahoma city thunder,6.18,0.15716853504227252,-0.028698453438755878,0.0,0,0.0,953.7977573882541,odds hors limites
2022-03-18,22101053,houston rockets,2.26,0.4535125251759344,0.024938306897611673,0.0,0,0.0,953.7977573882541,ev trop bas (0.025)
2022-03-18,22101054,new orleans pelicans,1.88,0.46622979707275214,-0.12348798150322604,0.0,1,0.0,953.7977573882541,diff proba trop faible (0.000)
2022-03-18,22101055,los angeles clippers,2.55,0.37934335383548873,-0.032674447719503785,0.0,0,0.0,953.7977573882541,odds hors limites
2022-03-18,22101056,chicago bulls,2.41,0.3926392542438256,-0.053739397272380196,0.0,0,0.0,953.7977573882541,ev trop bas (-0.054)
2022-03-18,22101057,boston celtics,1.14,0.7825509929211764,-0.10789186806985906,0.0,1,0.0,953.7977573882541,odds hors limites
2022-03-19,22101058,minnesota timberwolves,1.65,0.5564080290247764,-0.08192675210911904,0.0,1,0.0,953.7977573882541,ev trop bas (-0.082)
2022-03-19,22101059,dallas mavericks,1.99,0.46276927266833107,-0.07908914739002115,0.0,0,0.0,953.7977573882541,ev trop bas (-0.079)
2022-03-19,22101060,cleveland cavaliers,1.36,0.7080910994239539,-0.036996104783422634,0.0,1,0.0,953.7977573882541,ev trop bas (-0.037)
2022-03-19,22101061,washington wizards,1.79,0.5370762100801382,-0.0386335839565527,0.0,1,0.0,953.7977573882541,diff proba trop faible (0.045)
2022-03-20,22101062,portland trail blazers,3.08,0.3332243271762973,0.02633092770299572,0.0,0,0.0,953.7977573882541,odds hors limites
2022-03-20,22101063,houston rockets,5.75,0.18943051173699493,0.0892254424877208,0.0,0,0.0,953.7977573882541,odds hors limites
2022-03-20,22101064,atlanta hawks,1.4,0.6623184341316436,-0.07275419221569901,0.0,0,0.0,953.7977573882541,ev trop bas (-0.073)
2022-03-20,22101065,orlando magic,1.21,0.7408917135018719,-0.103521026662735,0.0,1,0.0,953.7977573882541,ev trop bas (-0.104)
2022-03-20,22101066,phoenix suns,1.24,0.7070277972789536,-0.12328553137409759,0.0,1,0.0,953.7977573882541,ev trop bas (-0.123)
2022-03-20,22101067,new york knicks,2.16,0.45868324197097926,-0.009244197342684779,0.0,0,0.0,953.7977573882541,ev trop bas (-0.009)
2022-03-20,22101068,denver nuggets,2.07,0.4558622002537011,-0.05636524547483879,0.0,0,0.0,953.7977573882541,ev trop bas (-0.056)
2022-03-20,22101069,philadelphia 76ers,1.24,0.7352637303369982,-0.08827297438212223,0.0,0,0.0,953.7977573882541,ev trop bas (-0.088)
2022-03-20,22101070,san antonio spurs,2.83,0.32012529652561206,-0.09404541083251783,0.0,1,0.0,953.7977573882541,odds hors limites
2022-03-21,22101071,charlotte hornets,1.39,0.6143638854211326,-0.14603419926462569,0.0,1,0.0,953.7977573882541,ev trop bas (-0.146)
2022-03-21,22101072,cleveland cavaliers,1.44,0.6726757740809964,-0.03134688532336516,0.0,0,0.0,953.7977573882541,ev trop bas (-0.031)
2022-03-21,22101073,portland trail blazers,3.75,0.2846957923439565,0.06760922128983671,0.0,1,0.0,953.7977573882541,odds hors limites
2022-03-21,22101074,philadelphia 76ers,3.4,0.269883516366457,-0.08239604435404613,0.0,1,0.0,953.7977573882541,odds hors limites
2022-03-21,22101075,brooklyn nets,1.98,0.4724035900841182,-0.064640891633446,0.0,1,0.0,953.7977573882541,diff proba trop faible (0.048)
2022-03-21,22101076,chicago bulls,1.54,0.6092139913101349,-0.06181045338239233,0.0,1,0.0,953.7977573882541,ev trop bas (-0.062)
2022-03-21,22101077,washington wizards,1.56,0.6320884987816737,-0.01394194190058895,0.0,0,0.0,953.7977573882541,ev trop bas (-0.014)
2022-03-21,22101078,oklahoma city thunder,5.63,0.1834105824240273,0.03260157904727379,0.0,0,0.0,953.7977573882541,odds hors limites
2022-03-21,22101079,dallas mavericks,1.73,0.5561271681916163,-0.03789999902850372,0.0,1,0.0,953.7977573882541,ev trop bas (-0.038)
2022-03-22,22101080,golden state warriors,1.24,0.7440856860067867,-0.07733374935158444,0.0,0,0.0,953.7977573882541,ev trop bas (-0.077)
2022-03-22,22101081,atlanta hawks,1.55,0.6559611106081921,0.01673972144269764,0.0,1,0.0,953.7977573882541,ev trop bas (0.017)
2022-03-22,22101082,chicago bulls,2.87,0.4119884392307192,0.18240682059216407,0.0,0,0.0,953.7977573882541,odds hors limites
2022-03-22,22101083,los angeles clippers,2.91,0.33766334889250504,-0.017399654722810243,0.0,0,0.0,953.7977573882541,odds hors limites
2022-03-23,22101084,new york knicks,3.53,0.25728392744749073,-0.09178773611035773,0.0,1,0.0,953.7977573882541,odds hors limites
2022-03-23,22101085,atlanta hawks,1.45,0.6651581206855117,-0.035520725006008,0.0,0,0.0,953.7977573882541,ev trop bas (-0.036)
2022-03-23,22101086,sacramento kings,2.69,0.39158209508831543,0.05335583578756853,0.0,1,0.0,953.7977573882541,odds hors limites
2022-03-23,22101087,utah jazz,2.35,0.3952040485008372,-0.07127048602303254,0.0,0,0.0,953.7977573882541,ev trop bas (-0.071)
2022-03-23,22101088,miami heat,1.17,0.7891679199599617,-0.07667353364684482,0.0,0,0.0,953.7977573882541,odds hors limites
2022-03-23,22101089,memphis grizzlies,1.83,0.5160111885522947,-0.05569952494930075,0.0,1,0.0,953.7977573882541,diff proba trop faible (0.042)
2022-03-23,22101090,phoenix suns,1.9,0.5182240381357722,-0.015374327542032828,0.0,1,0.0,953.7977573882541,diff proba trop faible (0.010)
2022-03-23,22101091,orlando magic,1.67,0.5563306609452608,-0.07092779622141443,0.0,0,0.0,953.7977573882541,ev trop bas (-0.071)
2022-03-23,22101092,dallas mavericks,1.15,0.8213771577286537,-0.05541626861204829,0.0,1,0.0,953.7977573882541,odds hors limites
2022-03-23,22101093,los angeles lakers,4.03,0.24695422885659152,-0.004774457707936164,0.0,0,0.0,953.7977573882541,odds hors limites
2022-03-23,22101094,portland trail blazers,4.05,0.2575853318642379,0.04322059405016332,0.0,0,0.0,953.7977573882541,odds hors limites
2022-03-24,22101095,toronto raptors,1.4,0.6582152817031598,-0.07849860561557631,0.0,1,0.0,953.7977573882541,ev trop bas (-0.078)
2022-03-24,22101096,indiana pacers,4.75,0.23254433074966888,0.10458557106092714,0.0,0,0.0,953.7977573882541,odds hors limites
2022-03-24,22101097,washington wizards,3.48,0.3057128636168215,0.06388076538653875,0.0,0,0.0,953.7977573882541,odds hors limites
2022-03-24,22101098,chicago bulls,2.11,0.4694177905735957,-0.009528461889713236,0.0,0,0.0,953.7977573882541,diff proba trop faible (0.063)
2022-03-24,22101099,phoenix suns,1.88,0.5257058735695656,-0.011672957689216834,0.0,1,0.0,953.7977573882541,diff proba trop faible (0.002)
2022-03-25,22101100,charlotte hornets,2.24,0.45347153400383683,0.015776236168594693,0.0,1,0.0,953.7977573882541,ev trop bas (0.016)
2022-03-25,22101101,washington wizards,2.26,0.45081009492407004,0.018830814528398188,0.0,1,0.0,953.7977573882541,ev trop bas (0.019)
2022-03-25,22101102,atlanta hawks,1.63,0.5756048237724658,-0.06176413725088081,0.0,1,0.0,953.7977573882541,ev trop bas (-0.062)
2022-03-25,22101103,new york knicks,3.93,0.24282628065353137,-0.0456927170316217,0.0,1,0.0,953.7977573882541,odds hors limites
2022-03-25,22101104,minnesota timberwolves,1.48,0.5826271906622162,-0.13771175781991996,0.0,1,0.0,953.7977573882541,ev trop bas (-0.138)
2022-03-25,22101105,houston rockets,1.46,0.6404204824182671,-0.06498609566933,0.0,1,0.0,953.7977573882541,ev trop bas (-0.065)
2022-03-25,22101106,los angeles clippers,2.51,0.38270888430924005,-0.03940070038380761,0.0,0,0.0,953.7977573882541,odds hors limites
2022-03-26,22101107,new orleans pelicans,1.34,0.6612201128707125,-0.1139650487532452,0.0,0,0.0,953.7977573882541,ev trop bas (-0.114)
2022-03-26,22101108,orlando magic,1.63,0.597697184096993,-0.025753589921901465,0.0,0,0.0,953.7977573882541,ev trop bas (-0.026)
2022-03-26,22101109,indiana pacers,5.1,0.20482718556669072,0.044618646390122585,0.0,0,0.0,953.7977573882541,odds hors limites
2022-03-26,22101110,cleveland cavaliers,1.66,0.5789666078985973,-0.038915430888328495,0.0,0,0.0,953.7977573882541,ev trop bas (-0.039)
2022-03-26,22101111,brooklyn nets,1.62,0.5478078696777883,-0.11255125112198294,0.0,1,0.0,953.7977573882541,ev trop bas (-0.113)
2022-03-26,22101112,memphis grizzlies,1.78,0.5092826249937767,-0.09347692751107739,0.0,1,0.0,953.7977573882541,diff proba trop faible (0.033)
2022-03-26,22101113,oklahoma city thunder,7.7,0.13970085635019175,0.07569659389647643,0.0,0,0.0,953.7977573882541,odds hors limites
2022-03-26,22101114,portland trail blazers,2.25,0.47082911073572636,0.05936549915538425,19.075955147765082,0,-19.075955147765082,934.7218022404891,bet placed
2022-03-27,22101115,new york knicks,1.42,0.6185005196993574,-0.12172926202691259,0.0,1,0.0,934.7218022404891,ev trop bas (-0.122)
2022-03-27,22101116,minnesota timberwolves,2.78,0.3500728204121211,-0.026797559254303382,0.0,0,0.0,934.7218022404891,odds hors limites
2022-03-27,22101117,washington wizards,2.97,0.38708277244688744,0.14963583416725568,0.0,1,0.0,934.7218022404891,odds hors limites
2022-03-27,22101118,phoenix suns,1.5,0.6449523976348014,-0.03257140354779797,0.0,1,0.0,934.7218022404891,ev trop bas (-0.033)
2022-03-27,22101119,new orleans pelicans,1.5,0.6400057669198131,-0.03999134962028028,0.0,1,0.0,934.7218022404891,ev trop bas (-0.040)
2022-03-27,22101120,brooklyn nets,1.32,0.6825848490454001,-0.09898799926007185,0.0,0,0.0,934.7218022404891,ev trop bas (-0.099)
2022-03-27,22101121,utah jazz,2.18,0.4459142957398042,-0.027906835287226817,0.0,0,0.0,934.7218022404891,ev trop bas (-0.028)
2022-03-28,22101122,charlotte hornets,2.17,0.42810547065357996,-0.07101112868173154,0.0,0,0.0,934.7218022404891,ev trop bas (-0.071)
2022-03-28,22101123,cleveland cavaliers,1.21,0.7705331861566084,-0.06765484475050387,0.0,1,0.0,934.7218022404891,ev trop bas (-0.068)
2022-03-28,22101124,atlanta hawks,1.23,0.7697795598264797,-0.053171141413429934,0.0,1,0.0,934.7218022404891,ev trop bas (-0.053)
2022-03-28,22101125,sacramento kings,6.08,0.16208806292818956,-0.014504577396607488,0.0,0,0.0,934.7218022404891,odds hors limites
2022-03-28,22101126,chicago bulls,1.55,0.6025545140871129,-0.066040503164975,0.0,0,0.0,934.7218022404891,ev trop bas (-0.066)
2022-03-28,22101127,boston celtics,3.5,0.2636772545735636,-0.0771296089925273,0.0,0,0.0,934.7218022404891,odds hors limites
2022-03-28,22101128,houston rockets,4.05,0.2660110862862315,0.07734489945923739,0.0,0,0.0,934.7218022404891,odds hors limites
2022-03-28,22101129,memphis grizzlies,1.17,0.7906818870210252,-0.07490219218540062,0.0,1,0.0,934.7218022404891,odds hors limites
2022-03-28,22101130,oklahoma city thunder,1.86,0.489696610471992,-0.0891643045220949,0.0,1,0.0,934.7218022404891,diff proba trop faible (0.018)
2022-03-29,22101131,philadelphia 76ers,1.79,0.5311717000061374,-0.04920265698901394,0.0,0,0.0,934.7218022404891,diff proba trop faible (0.069)
2022-03-29,22101132,washington wizards,2.3,0.4447881151993593,0.023012664958526274,0.0,0,0.0,934.7218022404891,ev trop bas (0.023)
2022-03-29,22101133,detroit pistons,6.43,0.14405692011904106,-0.07371400363456604,0.0,0,0.0,934.7218022404891,odds hors limites
2022-03-29,22101134,los angeles lakers,5.25,0.1928251832462949,0.01233221204304824,0.0,0,0.0,934.7218022404891,odds hors limites
2022-03-29,22101135,utah jazz,1.63,0.6500860726345592,0.05964029839433138,18.69443604480978,0,-18.69443604480978,916.0273661956793,bet placed
2022-03-30,22101136,dallas mavericks,1.67,0.5368354138455178,-0.10348485887798531,0.0,1,0.0,916.0273661956793,ev trop bas (-0.103)
2022-03-30,22101137,indiana pacers,4.3,0.23752908635752074,0.02137507133733907,0.0,0,0.0,916.0273661956793,odds hors limites
2022-03-30,22101138,orlando magic,2.17,0.46479150116131895,0.008597557520062082,0.0,0,0.0,916.0273661956793,ev trop bas (0.009)
2022-03-30,22101139,boston celtics,1.43,0.6386212701745537,-0.08677158365038817,0.0,0,0.0,916.0273661956793,ev trop bas (-0.087)
2022-03-30,22101140,charlotte hornets,1.63,0.5885813111130355,-0.040612462885752265,0.0,1,0.0,916.0273661956793,ev trop bas (-0.041)
2022-03-30,22101141,minnesota timberwolves,2.04,0.43975828130863454,-0.10289310613038549,0.0,0,0.0,916.0273661956793,diff proba trop faible (0.059)
2022-03-30,22101142,sacramento kings,1.61,0.6147118005246724,-0.010314001155277253,0.0,1,0.0,916.0273661956793,ev trop bas (-0.010)
2022-03-30,22101143,oklahoma city thunder,6.33,0.16027851583870079,0.014563005258976025,0.0,0,0.0,916.0273661956793,odds hors limites
2022-03-30,22101144,memphis grizzlies,1.41,0.6534364619027133,-0.07865458871717423,0.0,1,0.0,916.0273661956793,ev trop bas (-0.079)
2022-03-30,22101145,phoenix suns,1.42,0.6554936185234007,-0.06919906169677104,0.0,1,0.0,916.0273661956793,ev trop bas (-0.069)
2022-03-30,22101146,portland trail blazers,6.75,0.15244224921149221,0.0289851821775724,0.0,0,0.0,916.0273661956793,odds hors limites
2022-03-31,22101147,philadelphia 76ers,1.15,0.793647298121132,-0.08730560716069824,0.0,0,0.0,916.0273661956793,odds hors limites
2022-03-31,22101148,brooklyn nets,1.66,0.5989161356630602,-0.005799214799320107,0.0,0,0.0,916.0273661956793,ev trop bas (-0.006)
2022-03-31,22101149,chicago bulls,1.63,0.6077383611489766,-0.009386471327168189,0.0,1,0.0,916.0273661956793,ev trop bas (-0.009)
2022-03-31,22101150,los angeles lakers,5.9,0.18965627745589705,0.11897203698979264,0.0,0,0.0,916.0273661956793,odds hors limites
2022-04-01,22101151,orlando magic,4.7,0.20476570353716547,-0.037601193375322195,0.0,0,0.0,916.0273661956793,odds hors limites
2022-04-01,22101152,washington wizards,3.28,0.29087453114561057,-0.04593153784239734,0.0,1,0.0,916.0273661956793,odds hors limites
2022-04-01,22101153,indiana pacers,7.25,0.18558919529867793,0.345521665915415,0.0,0,0.0,916.0273661956793,odds hors limites
2022-04-01,22101154,sacramento kings,1.57,0.6167078712926386,-0.03176864207055741,0.0,1,0.0,916.0273661956793,ev trop bas (-0.032)
2022-04-01,22101155,phoenix suns,1.28,0.7196295999768263,-0.07887411202966232,0.0,0,0.0,916.0273661956793,ev trop bas (-0.079)
2022-04-01,22101156,los angeles clippers,2.17,0.41569109747518684,-0.09795031847884461,0.0,1,0.0,916.0273661956793,ev trop bas (-0.098)
2022-04-01,22101157,detroit pistons,1.48,0.6136574492528214,-0.09178697510582434,0.0,1,0.0,916.0273661956793,ev trop bas (-0.092)
2022-04-01,22101158,portland trail blazers,7.0,0.16635192624494627,0.16446348371462394,0.0,0,0.0,916.0273661956793,odds hors limites
2022-04-01,22101159,minnesota timberwolves,2.08,0.46748783885484074,-0.027625295181931242,0.0,1,0.0,916.0273661956793,diff proba trop faible (0.069)
2022-04-01,22101160,los angeles lakers,1.64,0.5281360274936666,-0.13385691491038676,0.0,0,0.0,916.0273661956793,ev trop bas (-0.134)
2022-04-02,22101161,charlotte hornets,2.57,0.3932340404337128,0.01061148391464184,0.0,0,0.0,916.0273661956793,odds hors limites
2022-04-02,22101162,new york knicks,1.7,0.5719658153174993,-0.027658113960251085,0.0,0,0.0,916.0273661956793,ev trop bas (-0.028)
2022-04-02,22101163,atlanta hawks,1.93,0.4789307844117607,-0.07566358608530188,0.0,1,0.0,916.0273661956793,diff proba trop faible (0.024)
2022-04-02,22101164,chicago bulls,2.04,0.45414459554635594,-0.07354502508543381,0.0,0,0.0,916.0273661956793,ev trop bas (-0.074)
2022-04-02,22101165,utah jazz,1.63,0.6135830919468348,0.00014043987334066976,0.0,0,0.0,916.0273661956793,ev trop bas (0.000)
2022-04-03,22101166,washington wizards,5.88,0.18387132311219742,0.08116337989972089,0.0,0,0.0,916.0273661956793,odds hors limites
2022-04-03,22101167,dallas mavericks,2.86,0.3135157534209429,-0.10334494521610338,0.0,1,0.0,916.0273661956793,odds hors limites
2022-04-03,22101168,los angeles lakers,2.54,0.38284990403339214,-0.027561243755183984,0.0,0,0.0,916.0273661956793,odds hors limites
2022-04-03,22101169,detroit pistons,2.36,0.41334310560206755,-0.024510270779120602,0.0,1,0.0,916.0273661956793,ev trop bas (-0.025)
2022-04-03,22101170,philadelphia 76ers,1.41,0.6473933539034407,-0.0871753709961487,0.0,1,0.0,916.0273661956793,ev trop bas (-0.087)
2022-04-03,22101171,new york knicks,1.42,0.6476883087737261,-0.08028260154130906,0.0,1,0.0,916.0273661956793,ev trop bas (-0.080)
2022-04-03,22101172,miami heat,2.34,0.3782990725072985,-0.11478017033292154,0.0,1,0.0,916.0273661956793,ev trop bas (-0.115)
2022-04-03,22101173,houston rockets,5.98,0.16856122407922672,0.007996119993775919,0.0,0,0.0,916.0273661956793,odds hors limites
2022-04-03,22101174,oklahoma city thunder,6.25,0.14439964597712193,-0.09750221264298797,0.0,1,0.0,916.0273661956793,odds hors limites
2022-04-03,22101175,portland trail blazers,5.98,0.17514388626735233,0.047360439878767036,0.0,0,0.0,916.0273661956793,odds hors limites
2022-04-03,22101176,golden state warriors,1.47,0.6180279668425253,-0.09149888874148793,0.0,1,0.0,916.0273661956793,ev trop bas (-0.091)
2022-04-03,22101177,los angeles clippers,1.64,0.5849471132226898,-0.040686734314788864,0.0,1,0.0,916.0273661956793,ev trop bas (-0.041)
2022-04-05,22101178,indiana pacers,4.8,0.19639156284514056,-0.05732049834332531,0.0,0,0.0,916.0273661956793,odds hors limites
2022-04-05,22101179,cleveland cavaliers,1.25,0.7610313617274688,-0.04871079784066401,0.0,0,0.0,916.0273661956793,ev trop bas (-0.049)
2022-04-05,22101180,houston rockets,8.13,0.14708718855617145,0.19581884296167407,0.0,0,0.0,916.0273661956793,odds hors limites
2022-04-05,22101181,charlotte hornets,2.38,0.3817682589540677,-0.0913915436893189,0.0,0,0.0,916.0273661956793,ev trop bas (-0.091)
2022-04-05,22101182,atlanta hawks,2.34,0.3740323795178861,-0.12476423192814656,0.0,0,0.0,916.0273661956793,ev trop bas (-0.125)
2022-04-05,22101183,chicago bulls,2.93,0.3283511100195969,-0.037931247642581045,0.0,0,0.0,916.0273661956793,odds hors limites
2022-04-05,22101184,washington wizards,5.53,0.20224853725563613,0.11843441102366792,0.0,1,0.0,916.0273661956793,odds hors limites
2022-04-05,22101185,portland trail blazers,2.23,0.4917202197768485,0.09653609010237219,0.0,0,0.0,916.0273661956793,diff proba trop faible (0.066)
2022-04-05,22101186,denver nuggets,1.21,0.7778053009660205,-0.058855585831115165,0.0,0,0.0,916.0273661956793,ev trop bas (-0.059)
2022-04-05,22101187,utah jazz,1.33,0.7126186025319539,-0.05221725863250126,0.0,1,0.0,916.0273661956793,ev trop bas (-0.052)
2022-04-05,22101188,sacramento kings,3.3,0.2852179711606879,-0.058780695169729946,0.0,0,0.0,916.0273661956793,odds hors limites
2022-04-05,22101189,los angeles lakers,5.13,0.2080114694421632,0.0670988382382971,0.0,0,0.0,916.0273661956793,odds hors limites
2022-04-06,22101190,dallas mavericks,1.19,0.7652458028898187,-0.08935749456111575,0.0,1,0.0,916.0273661956793,odds hors limites
2022-04-06,22101191,new york knicks,2.97,0.3167819526529815,-0.0591576006206449,0.0,0,0.0,916.0273661956793,odds hors limites
2022-04-06,22101192,washington wizards,4.35,0.21115058426490643,-0.08149495844765708,0.0,0,0.0,916.0273661956793,odds hors limites
2022-04-06,22101193,chicago bulls,3.26,0.2895611281450956,-0.05603072224698835,0.0,0,0.0,916.0273661956793,odds hors limites
2022-04-06,22101194,oklahoma city thunder,6.45,0.15421860908885449,-0.00528997137688858,0.0,0,0.0,916.0273661956793,odds hors limites
2022-04-06,22101195,phoenix suns,3.04,0.3073184135976097,-0.06575202266326652,0.0,0,0.0,916.0273661956793,odds hors limites
2022-04-07,22101196,orlando magic,6.18,0.15007738741270196,-0.07252174578950188,0.0,0,0.0,916.0273661956793,odds hors limites
2022-04-07,22101197,philadelphia 76ers,1.56,0.5852675143896987,-0.08698267755207001,0.0,0,0.0,916.0273661956793,ev trop bas (-0.087)
2022-04-07,22101198,boston celtics,3.3,0.30726045865860646,0.013959513573401194,0.0,0,0.0,916.0273661956793,odds hors limites
2022-04-07,22101199,san antonio spurs,3.03,0.3182859419240674,-0.03559359597007583,0.0,0,0.0,916.0273661956793,odds hors limites
2022-04-07,22101200,portland trail blazers,7.38,0.16585621005476592,0.22401883020417235,0.0,0,0.0,916.0273661956793,odds hors limites
2022-04-07,22101201,denver nuggets,1.48,0.6562522222584748,-0.028746711057457297,0.0,1,0.0,916.0273661956793,ev trop bas (-0.029)
2022-04-07,22101202,los angeles lakers,6.25,0.18731116006353735,0.17069475039710835,0.0,0,0.0,916.0273661956793,odds hors limites
2022-04-08,22101203,detroit pistons,3.83,0.22741580015464963,-0.12899748540769196,0.0,0,0.0,916.0273661956793,odds hors limites
2022-04-08,22101204,washington wizards,2.16,0.48453187355464844,0.04658884687804066,0.0,0,0.0,916.0273661956793,ev trop bas (0.047)
2022-04-08,22101205,brooklyn nets,1.22,0.761008979665315,-0.07156904480831572,0.0,1,0.0,916.0273661956793,ev trop bas (-0.072)
2022-04-08,22101206,houston rockets,4.93,0.20934571070224375,0.03207435376206158,0.0,0,0.0,916.0273661956793,odds hors limites
2022-04-08,22101207,atlanta hawks,1.9,0.5208222423483989,-0.010437739538042168,0.0,0,0.0,916.0273661956793,diff proba trop faible (0.043)
2022-04-08,22101208,charlotte hornets,2.01,0.4600695141184374,-0.0752602766219409,0.0,1,0.0,916.0273661956793,diff proba trop faible (0.055)
2022-04-08,22101209,portland trail blazers,10.75,0.1503503565285616,0.6162663326820372,0.0,0,0.0,916.0273661956793,odds hors limites
2022-04-08,22101210,phoenix suns,2.13,0.4547681376268957,-0.03134386685471213,0.0,1,0.0,916.0273661956793,ev trop bas (-0.031)
2022-04-08,22101211,oklahoma city thunder,2.63,0.3341929253239951,-0.12107260639789297,0.0,0,0.0,916.0273661956793,odds hors limites
2022-04-09,22101212,sacramento kings,5.1,0.21105475043108726,0.07637922719854506,0.0,0,0.0,916.0273661956793,odds hors limites
2022-04-09,22101213,memphis grizzlies,1.27,0.7204956855742428,-0.08497047932071156,0.0,1,0.0,916.0273661956793,ev trop bas (-0.085)
2022-04-09,22101214,indiana pacers,6.43,0.17478485420292647,0.12386661252481712,0.0,0,0.0,916.0273661956793,odds hors limites
2022-04-09,22101215,san antonio spurs,2.95,0.37726975711010646,0.11294578347481421,0.0,0,0.0,916.0273661956793,odds hors limites
2022-04-10,22101216,indiana pacers,7.5,0.17283136516889105,0.2962352387666829,0.0,0,0.0,916.0273661956793,odds hors limites
2022-04-10,22101217,washington wizards,5.6,0.2152819043739614,0.20557866449418394,0.0,0,0.0,916.0273661956793,odds hors limites
2022-04-10,22101218,cleveland cavaliers,1.2,0.7340846074229128,-0.1190984710925046,0.0,1,0.0,916.0273661956793,ev trop bas (-0.119)
2022-04-10,22101219,dallas mavericks,1.15,0.8079180364959413,-0.07089425802966753,0.0,1,0.0,916.0273661956793,odds hors limites
2022-04-10,22101220,denver nuggets,1.36,0.6864903053402854,-0.06637318473721177,0.0,0,0.0,916.0273661956793,ev trop bas (-0.066)
2022-04-10,22101221,houston rockets,5.1,0.21636864097131206,0.10348006895369144,0.0,0,0.0,916.0273661956793,odds hors limites
2022-04-10,22101222,oklahoma city thunder,4.85,0.19086469230071748,-0.07430624234152028,0.0,0,0.0,916.0273661956793,odds hors limites
2022-04-10,22101223,memphis grizzlies,3.45,0.2748532110302459,-0.051756421945651554,0.0,0,0.0,916.0273661956793,odds hors limites
2022-04-10,22101224,chicago bulls,3.09,0.30037194646929316,-0.07185068540988415,0.0,1,0.0,916.0273661956793,odds hors limites
2022-04-10,22101225,new orleans pelicans,2.78,0.364053277681007,0.012068111953199345,0.0,0,0.0,916.0273661956793,odds hors limites
2022-04-10,22101226,new york knicks,1.86,0.5218909060550213,-0.029282914737660315,0.0,1,0.0,916.0273661956793,ev trop bas (-0.029)
2022-04-10,22101227,miami heat,1.28,0.7034781987131624,-0.0995479056471521,0.0,0,0.0,916.0273661956793,ev trop bas (-0.100)
2022-04-10,22101228,philadelphia 76ers,1.3,0.7022378858822647,-0.08709074835305597,0.0,1,0.0,916.0273661956793,ev trop bas (-0.087)
2022-04-10,22101229,sacramento kings,4.48,0.20866162204703773,-0.06519593322927086,0.0,1,0.0,916.0273661956793,odds hors limites
2022-04-10,22101230,portland trail blazers,6.95,0.19103128084863316,0.3276674018980006,0.0,0,0.0,916.0273661956793,odds hors limites
2022-04-17,42100101,atlanta hawks,3.03,0.3077354742594896,-0.06756151299374658,0.0,0,0.0,916.0273661956793,odds hors limites
2022-04-19,42100102,atlanta hawks,3.35,0.31070919584056744,0.04087580606590091,0.0,0,0.0,916.0273661956793,odds hors limites
2022-04-22,42100103,atlanta hawks,1.92,0.4843444547751088,-0.0700586468317912,0.0,1,0.0,916.0273661956793,diff proba trop faible (0.016)
2022-04-24,42100104,atlanta hawks,1.9,0.5033163628847843,-0.04369891051890984,0.0,0,0.0,916.0273661956793,diff proba trop faible (0.023)
2022-04-26,42100105,atlanta hawks,2.34,0.4485628504450248,0.04963707004135798,0.0,0,0.0,916.0273661956793,ev trop bas (0.050)
2022-04-17,42100111,boston celtics,1.5,0.6029094639159174,-0.09563580412612394,0.0,1,0.0,916.0273661956793,ev trop bas (-0.096)
2022-04-20,42100112,boston celtics,1.56,0.5914293217970769,-0.07737025799656005,0.0,1,0.0,916.0273661956793,ev trop bas (-0.077)
2022-04-23,42100113,boston celtics,2.24,0.4585841849738044,0.027228574341321865,0.0,1,0.0,916.0273661956793,ev trop bas (0.027)
2022-04-25,42100114,boston celtics,1.92,0.524059808755698,0.006194832810940243,0.0,1,0.0,916.0273661956793,diff proba trop faible (0.010)
2022-04-17,42100121,chicago bulls,4.3,0.2069521755315223,-0.1101056452144542,0.0,0,0.0,916.0273661956793,odds hors limites
2022-04-20,42100122,chicago bulls,3.95,0.26872653079568193,0.06146979664294361,0.0,1,0.0,916.0273661956793,odds hors limites
2022-04-22,42100123,chicago bulls,2.09,0.5061831741879721,0.057922834052861694,0.0,0,0.0,916.0273661956793,diff proba trop faible (0.006)
2022-04-24,42100124,chicago bulls,2.4,0.47187013574488024,0.13248832578771252,18.320547323913587,0,-18.320547323913587,897.7068188717657,bet placed
2022-04-27,42100125,chicago bulls,6.13,0.1843686117195864,0.1301795898410647,0.0,0,0.0,897.7068188717657,odds hors limites
2022-04-16,42100131,philadelphia 76ers,1.46,0.6895138704895654,0.006690250914765494,0.0,1,0.0,897.7068188717657,ev trop bas (0.007)
2022-04-18,42100132,philadelphia 76ers,1.27,0.7236036928345789,-0.08102331010008479,0.0,1,0.0,897.7068188717657,ev trop bas (-0.081)
2022-04-20,42100133,philadelphia 76ers,1.69,0.5727599753346873,-0.03203564168437856,0.0,1,0.0,897.7068188717657,ev trop bas (-0.032)
2022-04-23,42100134,philadelphia 76ers,1.59,0.5787276573414821,-0.0798230248270434,0.0,0,0.0,897.7068188717657,ev trop bas (-0.080)
2022-04-25,42100135,philadelphia 76ers,1.23,0.7728549304119375,-0.04938843559331685,0.0,0,0.0,897.7068188717657,ev trop bas (-0.049)
2022-04-28,42100136,philadelphia 76ers,1.79,0.5235834099255974,-0.06278569623318064,0.0,1,0.0,897.7068188717657,diff proba trop faible (0.032)
2022-04-17,42100141,phoenix suns,1.17,0.7983798010360929,-0.06589563278777144,0.0,1,0.0,897.7068188717657,odds hors limites
2022-04-19,42100142,phoenix suns,1.17,0.7929765474665821,-0.07221743946409898,0.0,0,0.0,897.7068188717657,odds hors limites
2022-04-22,42100143,phoenix suns,1.67,0.5707758199674363,-0.04680438065438142,0.0,1,0.0,897.7068188717657,ev trop bas (-0.047)
2022-04-24,42100144,phoenix suns,1.67,0.5842485865804106,-0.024304860410714446,0.0,0,0.0,897.7068188717657,ev trop bas (-0.024)
2022-04-26,42100145,phoenix suns,1.31,0.7136048133612138,-0.06517769449680988,0.0,1,0.0,897.7068188717657,ev trop bas (-0.065)
2022-04-28,42100146,new orleans pelicans,2.13,0.42432592255268425,-0.09618578496278263,0.0,0,0.0,897.7068188717657,ev trop bas (-0.096)
2022-04-16,42100151,minnesota timberwolves,2.85,0.3092387345833589,-0.11866960643742719,0.0,1,0.0,897.7068188717657,odds hors limites
2022-04-19,42100152,memphis grizzlies,1.31,0.6826142903041454,-0.10577527970156941,0.0,1,0.0,897.7068188717657,ev trop bas (-0.106)
2022-04-21,42100153,memphis grizzlies,1.64,0.5455346588342038,-0.10532315951190574,0.0,1,0.0,897.7068188717657,ev trop bas (-0.105)
2022-04-23,42100154,minnesota timberwolves,2.04,0.4171319061040128,-0.1490509115478139,0.0,1,0.0,897.7068188717657,ev trop bas (-0.149)
2022-04-26,42100155,memphis grizzlies,1.32,0.6653742450651073,-0.12170599651405822,0.0,1,0.0,897.7068188717657,ev trop bas (-0.122)
2022-04-29,42100156,minnesota timberwolves,1.92,0.4631027236283803,-0.11084277063350989,0.0,0,0.0,897.7068188717657,diff proba trop faible (0.017)
2022-04-16,42100161,denver nuggets,2.93,0.33687638827366373,-0.012952182358165198,0.0,0,0.0,897.7068188717657,odds hors limites
2022-04-18,42100162,denver nuggets,3.08,0.37113337558204695,0.14309079679270464,0.0,0,0.0,897.7068188717657,odds hors limites
2022-04-21,42100163,denver nuggets,2.0,0.4833067561836397,-0.03338648763272056,0.0,0,0.0,897.7068188717657,diff proba trop faible (0.060)
2022-04-24,42100164,denver nuggets,2.4,0.4484246667961469,0.07621920031075247,17.954136377435315,1,25.13579092840944,922.8426098001751,bet placed
2022-04-27,42100165,denver nuggets,3.7,0.30804081991847326,0.13975103369835118,0.0,0,0.0,922.8426098001751,odds hors limites
2022-04-16,42100171,dallas mavericks,2.49,0.46680888057241826,0.16235411262532162,18.456852196003503,0,-18.456852196003503,904.3857576041715,bet placed
2022-04-18,42100172,dallas mavericks,2.49,0.40530515585993293,0.009209838091233102,0.0,1,0.0,904.3857576041715,ev trop bas (0.009)
2022-04-21,42100173,dallas mavericks,3.65,0.2848496043293017,0.039701055801951046,0.0,1,0.0,904.3857576041715,odds hors limites
2022-04-23,42100174,dallas mavericks,2.69,0.3845079316124197,0.03432633603740887,0.0,0,0.0,904.3857576041715,odds hors limites
2022-04-25,42100175,dallas mavericks,1.57,0.6039390657236412,-0.05181566681388328,0.0,1,0.0,904.3857576041715,ev trop bas (-0.052)
2022-04-28,42100176,dallas mavericks,1.76,0.5435850020359541,-0.04329039641672083,0.0,1,0.0,904.3857576041715,diff proba trop faible (0.069)
2022-05-02,42100201,miami heat,1.25,0.7612280851755696,-0.048464893530537956,0.0,1,0.0,904.3857576041715,ev trop bas (-0.048)
2022-05-04,42100202,philadelphia 76ers,3.48,0.2733806374096456,-0.04863538181443339,0.0,0,0.0,904.3857576041715,odds hors limites
2022-05-06,42100203,miami heat,1.81,0.5072895939992459,-0.08180583486136495,0.0,0,0.0,904.3857576041715,diff proba trop faible (0.021)
2022-05-08,42100204,philadelphia 76ers,1.65,0.5851704251288855,-0.034468798537338974,0.0,1,0.0,904.3857576041715,ev trop bas (-0.034)
2022-05-10,42100205,philadelphia 76ers,2.09,0.4538979288552503,-0.051353328692526845,0.0,0,0.0,904.3857576041715,ev trop bas (-0.051)
2022-05-12,42100206,philadelphia 76ers,1.65,0.552348740549547,-0.08862457809324753,0.0,0,0.0,904.3857576041715,ev trop bas (-0.089)
2022-05-01,42100211,boston celtics,1.46,0.6361402137041386,-0.07123528799195755,0.0,0,0.0,904.3857576041715,ev trop bas (-0.071)
2022-05-03,42100212,boston celtics,1.51,0.6020460438981311,-0.090910473713822,0.0,1,0.0,904.3857576041715,ev trop bas (-0.091)
2022-05-07,42100213,boston celtics,2.03,0.48606239863338163,-0.013293330774235335,0.0,0,0.0,904.3857576041715,diff proba trop faible (0.039)
2022-05-09,42100214,boston celtics,1.9,0.5252058857487464,-0.0021088170773819748,0.0,1,0.0,904.3857576041715,diff proba trop faible (0.039)
2022-05-11,42100215,boston celtics,1.47,0.6680950295021824,-0.017900306631791985,0.0,0,0.0,904.3857576041715,ev trop bas (-0.018)
2022-05-13,42100216,boston celtics,1.9,0.5366800576921529,0.01969210961509038,0.0,1,0.0,904.3857576041715,ev trop bas (0.020)
2022-05-15,42100217,boston celtics,1.43,0.6775021449606267,-0.031171932706303918,0.0,1,0.0,904.3857576041715,ev trop bas (-0.031)
2022-05-02,42100221,dallas mavericks,2.78,0.34426645780027165,-0.0429392473152449,0.0,0,0.0,904.3857576041715,odds hors limites
2022-05-04,42100222,dallas mavericks,2.8,0.35133422105731593,-0.016264181039515435,0.0,0,0.0,904.3857576041715,odds hors limites
2022-05-06,42100223,dallas mavericks,1.78,0.618297536240513,0.10056961450811319,18.08771515208343,1,14.108417818625076,918.4941754227966,bet placed
2022-05-08,42100224,dallas mavericks,2.13,0.5952657473276118,0.26791604180781325,0.0,1,0.0,918.4941754227966,diff proba trop faible (0.056)
2022-05-10,42100225,dallas mavericks,3.08,0.3327947436345964,0.025007810394556795,0.0,0,0.0,918.4941754227966,odds hors limites
2022-05-12,42100226,dallas mavericks,2.01,0.5156939331695334,0.036544805670762015,0.0,1,0.0,918.4941754227966,diff proba trop faible (0.047)
2022-05-15,42100227,dallas mavericks,3.0,0.3762294249584731,0.12868827487541923,0.0,1,0.0,918.4941754227966,odds hors limites
2022-05-01,42100231,golden state warriors,1.66,0.542053013462386,-0.10019199765243925,0.0,1,0.0,918.4941754227966,ev trop bas (-0.100)
2022-05-03,42100232,golden state warriors,1.69,0.4963799920680919,-0.1611178134049247,0.0,0,0.0,918.4941754227966,ev trop bas (-0.161)
2022-05-07,42100233,golden state warriors,1.3,0.7229732158317541,-0.060134819418719676,0.0,1,0.0,918.4941754227966,ev trop bas (-0.060)
2022-05-09,42100234,memphis grizzlies,4.35,0.2576732649194006,0.12087870239939269,0.0,0,0.0,918.4941754227966,odds hors limites
2022-05-11,42100235,memphis grizzlies,2.32,0.3880981036052433,-0.09961239963583557,0.0,1,0.0,918.4941754227966,ev trop bas (-0.100)
2022-05-13,42100236,memphis grizzlies,3.33,0.31024369582932765,0.033111507111661,0.0,0,0.0,918.4941754227966,odds hors limites
2022-05-17,42100301,miami heat,1.46,0.6368676479795535,-0.07017323394985187,0.0,1,0.0,918.4941754227966,ev trop bas (-0.070)
2022-05-19,42100302,boston celtics,1.87,0.5261490784277286,-0.016101223340147408,0.0,1,0.0,918.4941754227966,diff proba trop faible (0.017)
2022-05-21,42100303,boston celtics,1.37,0.7027951485477241,-0.03717064648961799,0.0,0,0.0,918.4941754227966,ev trop bas (-0.037)
2022-05-23,42100304,boston celtics,1.31,0.746059007346434,-0.022662700376171352,0.0,1,0.0,918.4941754227966,ev trop bas (-0.023)
2022-05-25,42100305,boston celtics,1.53,0.6001374886232749,-0.08178964240638942,0.0,1,0.0,918.4941754227966,ev trop bas (-0.082)
2022-05-27,42100306,miami heat,3.65,0.2636888687868174,-0.03753562892811646,0.0,1,0.0,918.4941754227966,odds hors limites
2022-05-29,42100307,boston celtics,1.59,0.5815999917270908,-0.0752560131539256,0.0,1,0.0,918.4941754227966,ev trop bas (-0.075)
2022-05-18,42100311,dallas mavericks,2.61,0.39072125384420797,0.019782472533382833,0.0,0,0.0,918.4941754227966,odds hors limites
2022-05-20,42100312,dallas mavericks,2.8,0.39522937442625894,0.10664224839352499,0.0,0,0.0,918.4941754227966,odds hors limites
2022-05-22,42100313,dallas mavericks,1.57,0.6609362104012302,0.03766985032993153,0.0,0,0.0,918.4941754227966,ev trop bas (0.038)
2022-05-24,42100314,dallas mavericks,1.73,0.6431293186064776,0.1126137211892062,18.36988350845593,1,13.410014961172829,931.9041903839694,bet placed
2022-05-26,42100315,dallas mavericks,3.0,0.37624873386661567,0.12874620159984707,0.0,0,0.0,931.9041903839694,odds hors limites
2022-06-02,42100401,boston celtics,2.29,0.43612650155116556,-0.001270311447830852,0.0,1,0.0,931.9041903839694,ev trop bas (-0.001)
2022-06-05,42100402,boston celtics,2.49,0.39411611666876156,-0.018650869494783673,0.0,0,0.0,931.9041903839694,ev trop bas (-0.019)
2022-06-08,42100403,golden state warriors,2.19,0.4683482026834606,0.025682563876778808,0.0,0,0.0,931.9041903839694,ev trop bas (0.026)
2022-06-10,42100404,boston celtics,1.56,0.6307034711040467,-0.016102585077687137,0.0,0,0.0,931.9041903839694,ev trop bas (-0.016)
2022-06-13,42100405,boston celtics,2.31,0.46052946213447477,0.06382305753063666,18.63808380767939,0,-18.63808380767939,913.26610657629,bet placed
2022-06-16,42100406,boston celtics,1.52,0.664749603816201,0.010419397800625507,0.0,0,0.0,913.26610657629,ev trop bas (0.010)
2022-04-12,52100101,cleveland cavaliers,4.08,0.23480128423476973,-0.04201076032213946,0.0,0,0.0,913.26610657629,odds hors limites
2022-04-13,52100111,atlanta hawks,1.41,0.6736565425000878,-0.05014427507487629,0.0,1,0.0,913.26610657629,ev trop bas (-0.050)
2022-04-12,52100121,los angeles clippers,2.15,0.46376789020422066,-0.002899036060925675,0.0,0,0.0,913.26610657629,ev trop bas (-0.003)
2022-04-13,52100131,new orleans pelicans,1.42,0.6727893005664707,-0.044639193195611715,0.0,1,0.0,913.26610657629,ev trop bas (-0.045)
2022-04-15,52100201,atlanta hawks,1.69,0.5925083926589356,0.0013391835936011898,0.0,1,0.0,913.26610657629,ev trop bas (0.001)
2022-04-15,52100211,los angeles clippers,1.87,0.510525190113679,-0.045317894487420185,0.0,0,0.0,913.26610657629,diff proba trop faible (0.003)
2022-10-18,22200001,boston celtics,1.63,0.6754354671508839,0.10095981145594068,18.2653221315258,1,11.507152942861252,924.7732595191512,bet placed
2022-10-18,22200002,golden state warriors,1.28,0.749695475138487,-0.04038979182273661,0.0,1,0.0,924.7732595191512,ev trop bas (-0.040)
2022-10-19,22200003,orlando magic,2.15,0.4119769129178377,-0.11424963722664894,0.0,0,0.0,924.7732595191512,ev trop bas (-0.114)
2022-10-19,22200004,indiana pacers,2.06,0.47600845499647193,-0.01942258270726782,0.0,0,0.0,924.7732595191512,ev trop bas (-0.019)
2022-10-19,22200005,atlanta hawks,1.19,0.7995861414475874,-0.04849249167737102,0.0,1,0.0,924.7732595191512,odds hors limites
2022-10-19,22200006,brooklyn nets,1.65,0.6074478898612742,0.0022890182711023943,0.0,0,0.0,924.7732595191512,ev trop bas (0.002)
2022-10-19,22200007,chicago bulls,3.27,0.31154277461400043,0.01874487298778149,0.0,1,0.0,924.7732595191512,odds hors limites
2022-10-19,22200008,toronto raptors,1.66,0.6191512003664761,0.027790992608350162,0.0,1,0.0,924.7732595191512,ev trop bas (0.028)
2022-10-19,22200009,memphis grizzlies,1.5,0.6983592137324978,0.04753882059874659,0.0,1,0.0,924.7732595191512,ev trop bas (0.048)
2022-10-19,22200010,oklahoma city thunder,5.08,0.19441718736729938,-0.012360688174119172,0.0,0,0.0,924.7732595191512,odds hors limites
2022-10-19,22200011,charlotte hornets,1.85,0.5116597558621822,-0.053429451654962934,0.0,1,0.0,924.7732595191512,diff proba trop faible (0.017)
2022-10-19,22200012,utah jazz,3.01,0.32179828809168715,-0.031387152844021715,0.0,1,0.0,924.7732595191512,odds hors limites
2022-10-19,22200013,dallas mavericks,2.35,0.46431715289869346,0.09114530931192966,18.495465190383026,0,-18.495465190383026,906.2777943287682,bet placed
2022-10-19,22200014,portland trail blazers,2.17,0.42849244177875145,-0.07017140134010935,0.0,1,0.0,906.2777943287682,ev trop bas (-0.070)
2022-10-20,22200015,philadelphia 76ers,1.53,0.6759631075544519,0.034223554558311386,0.0,0,0.0,906.2777943287682,ev trop bas (0.034)
2022-10-20,22200016,los angeles clippers,1.47,0.6669625653869289,-0.019565028881214586,0.0,1,0.0,906.2777943287682,ev trop bas (-0.020)
2022-10-21,22200017,new orleans pelicans,1.33,0.7066669099862892,-0.06013300971823532,0.0,1,0.0,906.2777943287682,ev trop bas (-0.060)
2022-10-21,22200018,indiana pacers,1.76,0.516015495692713,-0.09181272758082515,0.0,0,0.0,906.2777943287682,diff proba trop faible (0.046)
2022-10-21,22200019,washington wizards,1.7,0.5485402836885516,-0.06748151772946231,0.0,1,0.0,906.2777943287682,ev trop bas (-0.067)
2022-10-21,22200020,atlanta hawks,1.22,0.7869761532907754,-0.039889092985254004,0.0,1,0.0,906.2777943287682,ev trop bas (-0.040)
2022-10-21,22200021,brooklyn nets,1.64,0.6095048642596509,-0.00041202261417261354,0.0,1,0.0,906.2777943287682,ev trop bas (-0.000)
2022-10-21,22200022,boston celtics,1.7,0.5916874002372767,0.00586858040337046,0.0,1,0.0,906.2777943287682,ev trop bas (0.006)
2022-10-21,22200023,new york knicks,1.3,0.7507662958984709,-0.02400381533198781,0.0,1,0.0,906.2777943287682,ev trop bas (-0.024)
2022-10-21,22200024,memphis grizzlies,1.32,0.7725275499362839,0.019736365915894893,0.0,1,0.0,906.2777943287682,ev trop bas (0.020)
2022-10-21,22200025,minnesota timberwolves,1.25,0.728358430287511,-0.08955196214061123,0.0,0,0.0,906.2777943287682,ev trop bas (-0.090)
2022-10-21,22200026,golden state warriors,1.41,0.700586205906628,-0.012173449671654568,0.0,0,0.0,906.2777943287682,ev trop bas (-0.012)
2022-10-21,22200027,phoenix suns,1.43,0.6934009461301962,-0.008436647033819522,0.0,0,0.0,906.2777943287682,ev trop bas (-0.008)
2022-10-22,22200028,san antonio spurs,7.08,0.1534511329376495,0.08643402119855859,0.0,1,0.0,906.2777943287682,odds hors limites
2022-10-22,22200029,indiana pacers,1.83,0.4814390069506233,-0.11896661728035929,0.0,1,0.0,906.2777943287682,diff proba trop faible (0.026)
2022-10-22,22200030,boston celtics,1.22,0.7875020698436894,-0.0392474747906989,0.0,1,0.0,906.2777943287682,ev trop bas (-0.039)
2022-10-22,22200031,miami heat,1.57,0.6430376720349054,0.009569145094801446,0.0,1,0.0,906.2777943287682,ev trop bas (0.010)
2022-10-22,22200032,chicago bulls,1.94,0.5184578136970593,0.005808158572295108,0.0,0,0.0,906.2777943287682,diff proba trop faible (0.003)
2022-10-22,22200033,houston rockets,6.85,0.13890276158915493,-0.04851608311428879,0.0,0,0.0,906.2777943287682,odds hors limites
2022-10-22,22200034,memphis grizzlies,2.65,0.40044370582113015,0.0611758204259949,0.0,0,0.0,906.2777943287682,odds hors limites
2022-10-22,22200035,denver nuggets,1.19,0.7547643228565473,-0.10183045580070882,0.0,1,0.0,906.2777943287682,odds hors limites
2022-10-22,22200036,los angeles clippers,1.67,0.5861499563412987,-0.021129572910031147,0.0,1,0.0,906.2777943287682,ev trop bas (-0.021)
2022-10-23,22200037,los angeles lakers,1.53,0.5816953674388259,-0.11000608781859633,0.0,0,0.0,906.2777943287682,ev trop bas (-0.110)
2022-10-23,22200038,atlanta hawks,1.18,0.7902759707220353,-0.06747435454799844,0.0,0,0.0,906.2777943287682,odds hors limites
2022-10-23,22200039,cleveland cavaliers,1.59,0.5861114667028073,-0.06808276794253632,0.0,1,0.0,906.2777943287682,ev trop bas (-0.068)
2022-10-23,22200040,new orleans pelicans,1.27,0.7483777151162382,-0.04956030180237747,0.0,0,0.0,906.2777943287682,ev trop bas (-0.050)
2022-10-23,22200041,minnesota timberwolves,1.19,0.7616503161305944,-0.09363612380459263,0.0,1,0.0,906.2777943287682,odds hors limites
2022-10-23,22200042,golden state warriors,1.18,0.8007386616393589,-0.05512837926555658,0.0,1,0.0,906.2777943287682,odds hors limites
2022-10-23,22200043,phoenix suns,1.8,0.5820204591525773,0.04763682647463918,0.0,1,0.0,906.2777943287682,ev trop bas (0.048)
2022-10-24,22200044,philadelphia 76ers,1.1,0.8595643664611795,-0.05447919689270242,0.0,1,0.0,906.2777943287682,odds hors limites
2022-10-24,22200045,miami heat,1.55,0.6447335528075853,-0.0006629931482428075,0.0,0,0.0,906.2777943287682,ev trop bas (-0.001)
2022-10-24,22200046,new york knicks,1.28,0.7425240582776457,-0.049569205404613514,0.0,1,0.0,906.2777943287682,ev trop bas (-0.050)
2022-10-24,22200047,chicago bulls,2.68,0.35585314342701757,-0.046313575615592906,0.0,1,0.0,906.2777943287682,odds hors limites
2022-10-24,22200048,houston rockets,2.07,0.4279646012949149,-0.1141132753195262,0.0,1,0.0,906.2777943287682,ev trop bas (-0.114)
2022-10-24,22200049,memphis grizzlies,1.8,0.6183325853221827,0.112998653579929,18.125555886575366,1,14.500444709260293,920.7782390380285,bet placed
2022-10-24,22200050,minnesota timberwolves,1.26,0.7299693433838558,-0.08023862733634168,0.0,0,0.0,920.7782390380285,ev trop bas (-0.080)
2022-10-24,22200051,denver nuggets,1.44,0.5931103898103818,-0.14592103867305029,0.0,0,0.0,920.7782390380285,ev trop bas (-0.146)
2022-10-25,22200052,washington wizards,1.41,0.6616541322621353,-0.06706767351038923,0.0,1,0.0,920.7782390380285,ev trop bas (-0.067)
2022-10-25,22200053,dallas mavericks,1.43,0.662132859783773,-0.05315001050920465,0.0,0,0.0,920.7782390380285,ev trop bas (-0.053)
2022-10-25,22200054,oklahoma city thunder,2.63,0.3731949849599508,-0.01849718955532942,0.0,1,0.0,920.7782390380285,odds hors limites
2022-10-25,22200055,phoenix suns,1.73,0.5585159599920838,-0.03376738921369504,0.0,1,0.0,920.7782390380285,ev trop bas (-0.034)
2022-10-26,22200056,cleveland cavaliers,1.25,0.7430333415097148,-0.07120832311285652,0.0,1,0.0,920.7782390380285,ev trop bas (-0.071)
2022-10-26,22200057,atlanta hawks,1.28,0.7525022543886625,-0.036797114382511986,0.0,1,0.0,920.7782390380285,ev trop bas (-0.037)
2022-10-26,22200058,new york knicks,1.3,0.7494000441374722,-0.025779942621286134,0.0,1,0.0,920.7782390380285,ev trop bas (-0.026)
2022-10-26,22200059,toronto raptors,1.87,0.5552701664348996,0.038355211233262354,0.0,1,0.0,920.7782390380285,diff proba trop faible (0.011)
2022-10-26,22200060,milwaukee bucks,1.61,0.6017558323558073,-0.031173109907150165,0.0,1,0.0,920.7782390380285,ev trop bas (-0.031)
2022-10-26,22200061,chicago bulls,1.28,0.769069965852824,-0.01559044370838536,0.0,1,0.0,920.7782390380285,ev trop bas (-0.016)
2022-10-26,22200062,minnesota timberwolves,1.21,0.763975158201954,-0.07559005857563561,0.0,1,0.0,920.7782390380285,ev trop bas (-0.076)
2022-10-26,22200063,utah jazz,1.25,0.729549359409357,-0.08806330073830382,0.0,1,0.0,920.7782390380285,ev trop bas (-0.088)
2022-10-26,22200064,denver nuggets,1.45,0.6383373215577902,-0.07441088374120419,0.0,1,0.0,920.7782390380285,ev trop bas (-0.074)
2022-10-26,22200065,miami heat,1.64,0.5841677017379773,-0.04196496914971737,0.0,1,0.0,920.7782390380285,ev trop bas (-0.042)
2022-10-27,22200066,dallas mavericks,1.66,0.5495235659693739,-0.08779088049083938,0.0,1,0.0,920.7782390380285,ev trop bas (-0.088)
2022-10-27,22200067,oklahoma city thunder,3.17,0.3299684495142066,0.04599998496003499,0.0,1,0.0,920.7782390380285,odds hors limites
2022-10-27,22200068,golden state warriors,1.39,0.674465910465441,-0.062492384453037064,0.0,1,0.0,920.7782390380285,ev trop bas (-0.062)
2022-10-27,22200069,memphis grizzlies,1.64,0.6454518810673288,0.0585410849504191,18.41556478076057,1,11.785961459686762,932.5642004977152,bet placed
2022-10-28,22200070,atlanta hawks,1.38,0.6961944578544187,-0.03925164816090232,0.0,1,0.0,932.5642004977152,ev trop bas (-0.039)
2022-10-28,22200071,orlando magic,1.94,0.4659430816561327,-0.09607042158710266,0.0,1,0.0,932.5642004977152,diff proba trop faible (0.015)
2022-10-28,22200072,boston celtics,1.32,0.7454920223161414,-0.015950530542693242,0.0,0,0.0,932.5642004977152,ev trop bas (-0.016)
2022-10-28,22200073,toronto raptors,1.61,0.6200258257076581,-0.0017584206106704414,0.0,0,0.0,932.5642004977152,ev trop bas (-0.002)
2022-10-28,22200074,washington wizards,1.46,0.6141258663000007,-0.10337623520199901,0.0,0,0.0,932.5642004977152,ev trop bas (-0.103)
2022-10-28,22200075,milwaukee bucks,1.39,0.6832022009064097,-0.05034894074009055,0.0,1,0.0,932.5642004977152,ev trop bas (-0.050)
2022-10-28,22200076,los angeles lakers,3.34,0.2698806329217796,-0.0985986860412561,0.0,0,0.0,932.5642004977152,odds hors limites
2022-10-28,22200077,chicago bulls,1.53,0.6339790144047238,-0.030012107960772583,0.0,0,0.0,932.5642004977152,ev trop bas (-0.030)
2022-10-28,22200078,denver nuggets,1.31,0.7192478048651475,-0.057785375626656754,0.0,1,0.0,932.5642004977152,ev trop bas (-0.058)
2022-10-28,22200079,phoenix suns,1.26,0.754266924607215,-0.04962367499490905,0.0,1,0.0,932.5642004977152,ev trop bas (-0.050)
2022-10-28,22200080,portland trail blazers,1.51,0.6052732298994897,-0.08603742285177052,0.0,1,0.0,932.5642004977152,ev trop bas (-0.086)
2022-10-29,22200081,miami heat,1.52,0.6383343999261012,-0.02973171211232617,0.0,0,0.0,932.5642004977152,ev trop bas (-0.030)
2022-10-29,22200082,charlotte hornets,4.3,0.2169405883615632,-0.06715547004527822,0.0,1,0.0,932.5642004977152,odds hors limites
2022-10-29,22200083,brooklyn nets,1.14,0.7884775773000725,-0.10113556187791739,0.0,0,0.0,932.5642004977152,odds hors limites
2022-10-29,22200086,dallas mavericks,1.16,0.7911754751439566,-0.0822364488330104,0.0,0,0.0,932.5642004977152,odds hors limites
2022-10-29,22200087,memphis grizzlies,1.58,0.6141615886460619,-0.029624689939222182,0.0,0,0.0,932.5642004977152,ev trop bas (-0.030)
2022-10-30,22200088,los angeles clippers,1.74,0.528619515652787,-0.08020204276415066,0.0,0,0.0,932.5642004977152,ev trop bas (-0.080)
2022-10-30,22200089,boston celtics,1.23,0.7808725851264917,-0.039526720294415174,0.0,1,0.0,932.5642004977152,ev trop bas (-0.040)
2022-10-30,22200090,new york knicks,2.26,0.4290109682443444,-0.030435211767781634,0.0,0,0.0,932.5642004977152,ev trop bas (-0.030)
2022-10-30,22200091,golden state warriors,1.3,0.7310125317066539,-0.04968370878134987,0.0,0,0.0,932.5642004977152,ev trop bas (-0.050)
2022-10-30,22200092,minnesota timberwolves,1.39,0.6376173403523034,-0.11371189691029826,0.0,0,0.0,932.5642004977152,ev trop bas (-0.114)
2022-10-30,22200093,dallas mavericks,1.23,0.7765408021715968,-0.04485481332893593,0.0,1,0.0,932.5642004977152,ev trop bas (-0.045)
2022-10-30,22200094,phoenix suns,1.1,0.8530335938251588,-0.06166304679232526,0.0,1,0.0,932.5642004977152,odds hors limites
2022-10-30,22200095,denver nuggets,1.67,0.5672712086199293,-0.05265708160471816,0.0,0,0.0,932.5642004977152,ev trop bas (-0.053)
2022-10-31,22200096,sacramento kings,1.56,0.5572441643480072,-0.1306991036171088,0.0,1,0.0,932.5642004977152,ev trop bas (-0.131)
2022-10-31,22200097,washington wizards,2.09,0.4593123614727717,-0.0400371645219072,0.0,0,0.0,932.5642004977152,ev trop bas (-0.040)
2022-10-31,22200098,brooklyn nets,1.31,0.7097106707715907,-0.07027902128921615,0.0,1,0.0,932.5642004977152,ev trop bas (-0.070)
2022-10-31,22200099,atlanta hawks,2.02,0.5025361020760145,0.015122926193549269,0.0,0,0.0,932.5642004977152,diff proba trop faible (0.053)
2022-10-31,22200100,detroit pistons,6.08,0.16275003796914708,-0.010479769147585749,0.0,0,0.0,932.5642004977152,odds hors limites
2022-10-31,22200101,memphis grizzlies,1.64,0.6183124319489539,0.01403238839628429,0.0,0,0.0,932.5642004977152,ev trop bas (0.014)
2022-10-31,22200102,los angeles clippers,1.25,0.7560231213162295,-0.054971098354713144,0.0,1,0.0,932.5642004977152,ev trop bas (-0.055)
2022-11-01,22200103,chicago bulls,2.01,0.4532109566560337,-0.0890459771213723,0.0,1,0.0,932.5642004977152,ev trop bas (-0.089)
2022-11-01,22200104,golden state warriors,1.9,0.4826973404179871,-0.08287505320582456,0.0,0,0.0,932.5642004977152,diff proba trop faible (0.030)
2022-11-01,22200105,oklahoma city thunder,1.62,0.5923131776257026,-0.04045265224636174,0.0,1,0.0,932.5642004977152,ev trop bas (-0.040)
2022-11-01,22200106,phoenix suns,1.54,0.6602662063513505,0.016809957781079854,0.0,1,0.0,932.5642004977152,ev trop bas (0.017)
2022-11-02,22200107,boston celtics,1.76,0.5730797498524931,0.008620359740387773,0.0,0,0.0,932.5642004977152,ev trop bas (0.009)
2022-11-02,22200108,washington wizards,2.69,0.35732328098595256,-0.038800374147787586,0.0,1,0.0,932.5642004977152,odds hors limites
2022-11-02,22200109,miami heat,1.52,0.6390794492525473,-0.028599237136127997,0.0,1,0.0,932.5642004977152,ev trop bas (-0.029)
2022-11-02,22200110,atlanta hawks,2.04,0.4669727368373545,-0.04737561685179681,0.0,1,0.0,932.5642004977152,diff proba trop faible (0.059)
2022-11-02,22200111,chicago bulls,1.37,0.6788410325672556,-0.06998778538285977,0.0,1,0.0,932.5642004977152,ev trop bas (-0.070)
2022-11-02,22200112,los angeles clippers,1.4,0.6759758353304604,-0.0536338305373556,0.0,1,0.0,932.5642004977152,ev trop bas (-0.054)
2022-11-02,22200113,detroit pistons,4.77,0.1972846173807073,-0.05895237509402629,0.0,0,0.0,932.5642004977152,odds hors limites
2022-11-02,22200114,toronto raptors,1.35,0.7202229412875237,-0.027699029261842867,0.0,1,0.0,932.5642004977152,ev trop bas (-0.028)
2022-11-02,22200115,dallas mavericks,1.34,0.7284414219075314,-0.023888494643907965,0.0,1,0.0,932.5642004977152,ev trop bas (-0.024)
2022-11-02,22200116,memphis grizzlies,1.43,0.6819129631282177,-0.024864462726648773,0.0,1,0.0,932.5642004977152,ev trop bas (-0.025)
2022-11-02,22200117,los angeles lakers,2.1,0.4475372201781649,-0.06017183762585365,0.0,1,0.0,932.5642004977152,ev trop bas (-0.060)
2022-11-03,22200118,golden state warriors,1.21,0.7878498628662534,-0.04670166593183345,0.0,0,0.0,932.5642004977152,ev trop bas (-0.047)
2022-11-03,22200119,oklahoma city thunder,2.85,0.37376737939260046,0.06523703126891145,0.0,0,0.0,932.5642004977152,odds hors limites
2022-11-04,22200120,detroit pistons,2.26,0.40104857345240574,-0.09363022399756316,0.0,0,0.0,932.5642004977152,ev trop bas (-0.094)
2022-11-04,22200121,miami heat,1.57,0.6239083573405474,-0.02046387897534052,0.0,0,0.0,932.5642004977152,ev trop bas (-0.020)
2022-11-04,22200122,new york knicks,2.26,0.4656644554093753,0.052401669225188074,18.651284009954306,1,23.500617852542423,956.0648183502576,bet placed
2022-11-04,22200123,brooklyn nets,2.12,0.45424832503576756,-0.03699355092417267,0.0,1,0.0,956.0648183502576,ev trop bas (-0.037)
2022-11-04,22200124,boston celtics,1.33,0.7322617781059693,-0.02609183511906088,0.0,1,0.0,956.0648183502576,ev trop bas (-0.026)
2022-11-04,22200125,charlotte hornets,5.3,0.18744714302869728,-0.0065301419479044664,0.0,0,0.0,956.0648183502576,odds hors limites
2022-11-04,22200126,san antonio spurs,2.25,0.42505143103766474,-0.04363428016525428,0.0,0,0.0,956.0648183502576,ev trop bas (-0.044)
2022-11-04,22200127,dallas mavericks,1.54,0.6128532260242466,-0.05620603192266016,0.0,1,0.0,956.0648183502576,ev trop bas (-0.056)
2022-11-04,22200128,golden state warriors,4.55,0.2025304765776632,-0.07848633157163243,0.0,0,0.0,956.0648183502576,odds hors limites
2022-11-04,22200129,milwaukee bucks,1.72,0.5503876256757292,-0.053333283837745826,0.0,1,0.0,956.0648183502576,ev trop bas (-0.053)
2022-11-04,22200130,portland trail blazers,5.42,0.1727701820571363,-0.0635856132503213,0.0,1,0.0,956.0648183502576,odds hors limites
2022-11-04,22200131,los angeles lakers,1.56,0.5956496017102547,-0.07078662133200264,0.0,0,0.0,956.0648183502576,ev trop bas (-0.071)
2022-11-05,22200132,sacramento kings,1.49,0.5917522837724546,-0.11828909717904268,0.0,1,0.0,956.0648183502576,ev trop bas (-0.118)
2022-11-05,22200133,brooklyn nets,1.56,0.6078529581451791,-0.05174938529352047,0.0,1,0.0,956.0648183502576,ev trop bas (-0.052)
2022-11-05,22200134,atlanta hawks,1.7,0.565471227460976,-0.03869891331634079,0.0,1,0.0,956.0648183502576,ev trop bas (-0.039)
2022-11-05,22200135,boston celtics,1.52,0.670967044623365,0.019869907827514854,0.0,1,0.0,956.0648183502576,ev trop bas (0.020)
2022-11-05,22200136,milwaukee bucks,1.41,0.6703436877207797,-0.05481540031370069,0.0,1,0.0,956.0648183502576,ev trop bas (-0.055)
2022-11-05,22200137,minnesota timberwolves,1.28,0.7375431333087663,-0.05594478936477909,0.0,1,0.0,956.0648183502576,ev trop bas (-0.056)
2022-11-05,22200138,san antonio spurs,4.75,0.19486928769387604,-0.07437088345408882,0.0,0,0.0,956.0648183502576,odds hors limites
2022-11-05,22200139,phoenix suns,1.15,0.8057179225002379,-0.07342438912472649,0.0,1,0.0,956.0648183502576,odds hors limites
2022-11-06,22200140,los angeles lakers,2.62,0.3624012279844148,-0.05050878268083314,0.0,0,0.0,956.0648183502576,odds hors limites
2022-11-06,22200141,toronto raptors,1.54,0.6095183484853214,-0.061341743332605,0.0,1,0.0,956.0648183502576,ev trop bas (-0.061)
2022-11-06,22200142,memphis grizzlies,1.2,0.8032677870436503,-0.03607865554761969,0.0,1,0.0,956.0648183502576,ev trop bas (-0.036)
2022-11-06,22200143,los angeles clippers,1.55,0.5900693004386487,-0.08539258432009456,0.0,0,0.0,956.0648183502576,ev trop bas (-0.085)
2022-11-07,22200144,washington wizards,1.99,0.45382636835105045,-0.09688552698140962,0.0,1,0.0,956.0648183502576,ev trop bas (-0.097)
2022-11-07,22200145,houston rockets,2.45,0.36143209425160516,-0.11449136908356727,0.0,1,0.0,956.0648183502576,ev trop bas (-0.114)
2022-11-07,22200146,oklahoma city thunder,1.73,0.5419239030039656,-0.06247164780313941,0.0,0,0.0,956.0648183502576,ev trop bas (-0.062)
2022-11-07,22200147,new orleans pelicans,1.46,0.6343026496888808,-0.07391813145423398,0.0,0,0.0,956.0648183502576,ev trop bas (-0.074)
2022-11-07,22200148,phoenix suns,1.69,0.6206233189684585,0.048853409056694774,0.0,0,0.0,956.0648183502576,ev trop bas (0.049)
2022-11-07,22200149,atlanta hawks,2.66,0.35061280051098176,-0.06736995064078843,0.0,1,0.0,956.0648183502576,odds hors limites
2022-11-07,22200150,miami heat,1.42,0.6534812919184781,-0.07205656547576111,0.0,0,0.0,956.0648183502576,ev trop bas (-0.072)
2022-11-07,22200151,chicago bulls,1.66,0.588183460941597,-0.023615454836949046,0.0,1,0.0,956.0648183502576,ev trop bas (-0.024)
2022-11-07,22200152,memphis grizzlies,2.23,0.5106983729540764,0.13885737168759027,0.0,0,0.0,956.0648183502576,diff proba trop faible (0.063)
2022-11-07,22200153,new york knicks,2.1,0.4413448960201182,-0.07317571835775172,0.0,1,0.0,956.0648183502576,ev trop bas (-0.073)
2022-11-07,22200154,san antonio spurs,3.29,0.29855567626944096,-0.01775182507353923,0.0,0,0.0,956.0648183502576,odds hors limites
2022-11-07,22200155,dallas mavericks,1.39,0.6744971785368002,-0.06244892183384776,0.0,1,0.0,956.0648183502576,ev trop bas (-0.062)
2022-11-07,22200156,golden state warriors,1.27,0.7453398192497697,-0.053418429552792523,0.0,1,0.0,956.0648183502576,ev trop bas (-0.053)
2022-11-07,22200157,utah jazz,1.33,0.7054284188272755,-0.06178020295972353,0.0,1,0.0,956.0648183502576,ev trop bas (-0.062)
2022-11-07,22200158,cleveland cavaliers,1.54,0.5770203864595931,-0.11138860485222668,0.0,0,0.0,956.0648183502576,ev trop bas (-0.111)
2022-11-09,22200159,charlotte hornets,2.0,0.44691970882558385,-0.1061605823488323,0.0,0,0.0,956.0648183502576,diff proba trop faible (0.062)
2022-11-09,22200160,denver nuggets,1.45,0.6616449603676542,-0.04061480746690149,0.0,1,0.0,956.0648183502576,ev trop bas (-0.041)
2022-11-09,22200161,dallas mavericks,1.23,0.7094860676766869,-0.12733213675767519,0.0,0,0.0,956.0648183502576,ev trop bas (-0.127)
2022-11-09,22200162,utah jazz,2.37,0.40422991070818204,-0.041975111621608496,0.0,1,0.0,956.0648183502576,ev trop bas (-0.042)
2022-11-09,22200163,boston celtics,1.1,0.8438386786262081,-0.07177745351117104,0.0,1,0.0,956.0648183502576,odds hors limites
2022-11-09,22200164,brooklyn nets,1.6,0.6027230387062283,-0.03564313807003461,0.0,1,0.0,956.0648183502576,ev trop bas (-0.036)
2022-11-09,22200165,toronto raptors,1.18,0.8001852234902106,-0.05578143628155152,0.0,1,0.0,956.0648183502576,odds hors limites
2022-11-09,22200166,chicago bulls,1.96,0.5075510546897408,-0.005199932808108043,0.0,0,0.0,956.0648183502576,diff proba trop faible (0.007)
2022-11-09,22200167,phoenix suns,1.98,0.5231875193570468,0.03591128832695256,0.0,1,0.0,956.0648183502576,diff proba trop faible (0.007)
2022-11-09,22200168,milwaukee bucks,1.81,0.5541808855116821,0.00306740277614459,0.0,1,0.0,956.0648183502576,ev trop bas (0.003)
2022-11-09,22200169,memphis grizzlies,1.41,0.6981651622532983,-0.015587121222849443,0.0,1,0.0,956.0648183502576,ev trop bas (-0.016)
2022-11-09,22200170,los angeles lakers,2.18,0.3924137128911018,-0.14453810589739802,0.0,0,0.0,956.0648183502576,ev trop bas (-0.145)
2022-11-09,22200171,cleveland cavaliers,1.49,0.6224482515738435,-0.07255210515497312,0.0,0,0.0,956.0648183502576,ev trop bas (-0.073)
2022-11-10,22200172,washington wizards,2.73,0.33979643217925753,-0.07235574015062696,0.0,1,0.0,956.0648183502576,odds hors limites
2022-11-10,22200173,atlanta hawks,1.79,0.540315902857998,-0.03283453388418356,0.0,1,0.0,956.0648183502576,diff proba trop faible (0.040)
2022-11-10,22200174,miami heat,1.16,0.8236481650595636,-0.044568128530906304,0.0,1,0.0,956.0648183502576,odds hors limites
2022-11-10,22200175,new orleans pelicans,1.18,0.76791801424283,-0.0938567431934606,0.0,0,0.0,956.0648183502576,odds hors limites
2022-11-11,22200176,boston celtics,1.49,0.6390351759762085,-0.04783758779544933,0.0,1,0.0,956.0648183502576,ev trop bas (-0.048)
2022-11-11,22200177,phoenix suns,1.3,0.7379484088628766,-0.040667068478260404,0.0,0,0.0,956.0648183502576,ev trop bas (-0.041)
2022-11-11,22200178,new york knicks,1.19,0.7879798212125034,-0.06230401275712094,0.0,1,0.0,956.0648183502576,odds hors limites
2022-11-11,22200179,toronto raptors,1.45,0.6437911577568386,-0.06650282125258411,0.0,0,0.0,956.0648183502576,ev trop bas (-0.067)
2022-11-11,22200180,milwaukee bucks,1.97,0.4809206989868631,-0.05258622299587967,0.0,0,0.0,956.0648183502576,diff proba trop faible (0.000)
2022-11-11,22200181,memphis grizzlies,1.52,0.6482348294022354,-0.014683059308602142,0.0,1,0.0,956.0648183502576,ev trop bas (-0.015)
2022-11-11,22200182,golden state warriors,1.6,0.5972184476756989,-0.04445048371888172,0.0,1,0.0,956.0648183502576,ev trop bas (-0.044)
2022-11-11,22200183,los angeles lakers,2.23,0.42941943345540695,-0.04239466339444253,0.0,0,0.0,956.0648183502576,ev trop bas (-0.042)
2022-11-12,22200184,brooklyn nets,1.91,0.5153407255143109,-0.015699214267666295,0.0,1,0.0,956.0648183502576,diff proba trop faible (0.002)
2022-11-12,22200185,washington wizards,2.31,0.38876865481257145,-0.10194440738295996,0.0,1,0.0,956.0648183502576,ev trop bas (-0.102)
2022-11-12,22200186,boston celtics,1.24,0.751062221243225,-0.06868284565840099,0.0,1,0.0,956.0648183502576,ev trop bas (-0.069)
2022-11-12,22200187,toronto raptors,2.07,0.4452769570729981,-0.07827669885889399,0.0,0,0.0,956.0648183502576,ev trop bas (-0.078)
2022-11-12,22200188,atlanta hawks,2.1,0.4574193166674953,-0.03941943499825984,0.0,0,0.0,956.0648183502576,ev trop bas (-0.039)
2022-11-12,22200189,miami heat,1.25,0.7820692609845022,-0.022413423769372165,0.0,1,0.0,956.0648183502576,ev trop bas (-0.022)
2022-11-12,22200190,dallas mavericks,1.38,0.6791851562712521,-0.06272448434567224,0.0,1,0.0,956.0648183502576,ev trop bas (-0.063)
2022-11-12,22200191,new orleans pelicans,1.16,0.7988052894446658,-0.0733858642441878,0.0,1,0.0,956.0648183502576,odds hors limites
2022-11-13,22200192,new york knicks,1.42,0.6449020638986362,-0.08423906926393654,0.0,0,0.0,956.0648183502576,ev trop bas (-0.084)
2022-11-13,22200193,cleveland cavaliers,1.79,0.5195381780730709,-0.07002666124920309,0.0,0,0.0,956.0648183502576,diff proba trop faible (0.062)
2022-11-13,22200194,memphis grizzlies,1.94,0.49016157877715116,-0.049086537172326805,0.0,0,0.0,956.0648183502576,diff proba trop faible (0.039)
2022-11-13,22200195,philadelphia 76ers,1.55,0.5985184468101251,-0.0722964074443061,0.0,1,0.0,956.0648183502576,ev trop bas (-0.072)
2022-11-13,22200196,chicago bulls,1.92,0.49640173475188065,-0.04690866927638915,0.0,0,0.0,956.0648183502576,diff proba trop faible (0.037)
2022-11-13,22200197,golden state warriors,1.5,0.6438019939737601,-0.03429700903935973,0.0,0,0.0,956.0648183502576,ev trop bas (-0.034)
2022-11-13,22200198,brooklyn nets,1.46,0.6595872498169192,-0.03700261526729798,0.0,0,0.0,956.0648183502576,ev trop bas (-0.037)
2022-11-14,22200199,toronto raptors,1.47,0.6284146801407926,-0.07623042019303494,0.0,1,0.0,956.0648183502576,ev trop bas (-0.076)
2022-11-14,22200200,orlando magic,1.9,0.43309794395738577,-0.17711390648096703,0.0,0,0.0,956.0648183502576,diff proba trop faible (0.030)
2022-11-14,22200201,boston celtics,1.12,0.8207653829009085,-0.08074277115098238,0.0,1,0.0,956.0648183502576,odds hors limites
2022-11-14,22200202,phoenix suns,2.05,0.4887456675295337,0.0019286184355440383,0.0,0,0.0,956.0648183502576,diff proba trop faible (0.055)
2022-11-14,22200203,los angeles clippers,1.43,0.6266736436582357,-0.10385668956872296,0.0,1,0.0,956.0648183502576,ev trop bas (-0.104)
2022-11-14,22200204,atlanta hawks,2.26,0.46472441136037274,0.05027716967444218,19.121296367005154,1,24.09283342242649,980.1576517726841,bet placed
2022-11-14,22200205,san antonio spurs,3.67,0.2981138015300538,0.09407765161529746,0.0,0,0.0,980.1576517726841,odds hors limites
2022-11-15,22200206,memphis grizzlies,1.89,0.5224350399138887,-0.012597774562750352,0.0,0,0.0,980.1576517726841,diff proba trop faible (0.001)
2022-11-15,22200207,dallas mavericks,1.35,0.6923397431505066,-0.06534134674681602,0.0,1,0.0,980.1576517726841,ev trop bas (-0.065)
2022-11-15,22200208,utah jazz,1.49,0.6477065139148845,-0.034917294266822,0.0,0,0.0,980.1576517726841,ev trop bas (-0.035)
2022-11-15,22200209,san antonio spurs,3.56,0.25551854496144855,-0.09035397993724315,0.0,0,0.0,980.1576517726841,odds hors limites
2022-11-15,22200210,brooklyn nets,1.92,0.5501463853383515,0.05628105984963483,0.0,0,0.0,980.1576517726841,diff proba trop faible (0.025)
2022-11-16,22200211,indiana pacers,1.82,0.4676287044212502,-0.14891575795332457,0.0,1,0.0,980.1576517726841,diff proba trop faible (0.022)
2022-11-16,22200212,minnesota timberwolves,1.27,0.7014313539613054,-0.10918218046914208,0.0,1,0.0,980.1576517726841,ev trop bas (-0.109)
2022-11-16,22200213,washington wizards,1.44,0.6598564567478252,-0.049806702283131665,0.0,0,0.0,980.1576517726841,ev trop bas (-0.050)
2022-11-16,22200214,boston celtics,1.78,0.5155905372228664,-0.08224884374329777,0.0,1,0.0,980.1576517726841,diff proba trop faible (0.036)
2022-11-16,22200215,toronto raptors,1.61,0.5867588219474437,-0.05531829666461563,0.0,1,0.0,980.1576517726841,ev trop bas (-0.055)
2022-11-16,22200216,milwaukee bucks,1.68,0.5848902757195881,-0.01738433679109208,0.0,1,0.0,980.1576517726841,ev trop bas (-0.017)
2022-11-16,22200217,chicago bulls,1.93,0.49790343512138513,-0.03904637021572677,0.0,0,0.0,980.1576517726841,diff proba trop faible (0.037)
2022-11-16,22200218,dallas mavericks,1.33,0.6970541982717375,-0.07291791629858901,0.0,0,0.0,980.1576517726841,ev trop bas (-0.073)
2022-11-16,22200219,denver nuggets,1.7,0.5455693270852636,-0.07253214395505192,0.0,0,0.0,980.1576517726841,ev trop bas (-0.073)
2022-11-16,22200220,golden state warriors,1.66,0.5767189639532162,-0.0426465198376611,0.0,0,0.0,980.1576517726841,ev trop bas (-0.043)
2022-11-17,22200221,brooklyn nets,2.12,0.4840133439875545,0.026108289253615746,0.0,1,0.0,980.1576517726841,ev trop bas (0.026)
2022-11-17,22200222,san antonio spurs,3.04,0.3142696658748764,-0.04462021574037567,0.0,0,0.0,980.1576517726841,odds hors limites
2022-11-17,22200223,los angeles clippers,1.16,0.7822304145765315,-0.09261271909122348,0.0,1,0.0,980.1576517726841,odds hors limites
2022-11-18,22200224,miami heat,3.34,0.30636264179238915,0.023251223586579606,0.0,0,0.0,980.1576517726841,odds hors limites
2022-11-18,22200225,cleveland cavaliers,1.17,0.7707838177367669,-0.09818293324798288,0.0,1,0.0,980.1576517726841,odds hors limites
2022-11-18,22200226,philadelphia 76ers,1.94,0.51371636857283,-0.003390244968709877,0.0,1,0.0,980.1576517726841,diff proba trop faible (0.035)
2022-11-18,22200227,chicago bulls,1.22,0.7672268095535921,-0.06398329234461764,0.0,0,0.0,980.1576517726841,ev trop bas (-0.064)
2022-11-18,22200228,houston rockets,2.69,0.33217646912125026,-0.10644529806383685,0.0,0,0.0,980.1576517726841,odds hors limites
2022-11-18,22200229,memphis grizzlies,1.37,0.7360502948562408,0.008388903953050031,0.0,1,0.0,980.1576517726841,ev trop bas (0.008)
2022-11-18,22200230,denver nuggets,4.38,0.21696148922633088,-0.04970867718867078,0.0,0,0.0,980.1576517726841,odds hors limites
2022-11-18,22200231,boston celtics,1.61,0.5617553199663612,-0.09557393485415844,0.0,1,0.0,980.1576517726841,ev trop bas (-0.096)
2022-11-18,22200232,utah jazz,1.82,0.5000476565030612,-0.08991326516442866,0.0,1,0.0,980.1576517726841,diff proba trop faible (0.036)
2022-11-18,22200233,golden state warriors,1.31,0.7186438276760556,-0.05857658574436708,0.0,1,0.0,980.1576517726841,ev trop bas (-0.059)
2022-11-18,22200234,detroit pistons,2.94,0.3116249958259518,-0.08382251227170168,0.0,0,0.0,980.1576517726841,odds hors limites
2022-11-19,22200235,atlanta hawks,1.43,0.6471011180915223,-0.07464540112912321,0.0,1,0.0,980.1576517726841,ev trop bas (-0.075)
2022-11-19,22200236,indiana pacers,1.3,0.6744826936539409,-0.12317249824987686,0.0,1,0.0,980.1576517726841,ev trop bas (-0.123)
2022-11-19,22200237,philadelphia 76ers,2.18,0.43321735514497445,-0.05558616578395559,0.0,0,0.0,980.1576517726841,ev trop bas (-0.056)
2022-11-19,22200238,portland trail blazers,1.53,0.5925942194243693,-0.09333084428071492,0.0,0,0.0,980.1576517726841,ev trop bas (-0.093)
2022-11-19,22200239,san antonio spurs,3.82,0.25715423043864777,-0.01767083972436556,0.0,0,0.0,980.1576517726841,odds hors limites
2022-11-20,22200240,phoenix suns,1.4,0.6850430599695748,-0.040939716042595276,0.0,1,0.0,980.1576517726841,ev trop bas (-0.041)
2022-11-20,22200241,washington wizards,1.47,0.6262824764214228,-0.0793647596605086,0.0,1,0.0,980.1576517726841,ev trop bas (-0.079)
2022-11-20,22200242,sacramento kings,1.14,0.801421865290016,-0.08637907356938179,0.0,1,0.0,980.1576517726841,odds hors limites
2022-11-20,22200243,brooklyn nets,1.29,0.7495981582560493,-0.03301837584969647,0.0,1,0.0,980.1576517726841,ev trop bas (-0.033)
2022-11-20,22200244,miami heat,3.13,0.2899698915134821,-0.09239423956280102,0.0,0,0.0,980.1576517726841,odds hors limites
2022-11-20,22200245,houston rockets,4.3,0.22646158059946353,-0.026215203422306876,0.0,0,0.0,980.1576517726841,odds hors limites
2022-11-20,22200246,denver nuggets,4.33,0.23066118051246448,-0.0012370883810287614,0.0,1,0.0,980.1576517726841,odds hors limites
2022-11-20,22200247,san antonio spurs,2.83,0.3850652475395949,0.08973465053705376,0.0,0,0.0,980.1576517726841,odds hors limites
2022-11-21,22200248,atlanta hawks,2.1,0.4303516461219815,-0.09626154314383883,0.0,0,0.0,980.1576517726841,ev trop bas (-0.096)
2022-11-21,22200249,indiana pacers,1.3,0.6433866062007308,-0.16359741193904986,0.0,1,0.0,980.1576517726841,ev trop bas (-0.164)
2022-11-21,22200250,chicago bulls,2.52,0.35672232776289486,-0.1010597340375049,0.0,1,0.0,980.1576517726841,odds hors limites
2022-11-21,22200251,milwaukee bucks,1.19,0.7745171410738931,-0.07832460212206727,0.0,1,0.0,980.1576517726841,odds hors limites
2022-11-21,22200252,miami heat,3.44,0.3190473511271807,0.09752288787750163,0.0,0,0.0,980.1576517726841,odds hors limites
2022-11-21,22200253,golden state warriors,3.5,0.2791793261495522,-0.022872358476567323,0.0,0,0.0,980.1576517726841,odds hors limites
2022-11-21,22200254,new york knicks,1.87,0.5280555687706627,-0.012536086398860613,0.0,1,0.0,980.1576517726841,diff proba trop faible (0.041)
2022-11-21,22200255,los angeles clippers,1.65,0.5754378985708489,-0.05052746735809932,0.0,1,0.0,980.1576517726841,ev trop bas (-0.051)
2022-11-22,22200256,brooklyn nets,1.27,0.6989980146346498,-0.11227252141399469,0.0,0,0.0,980.1576517726841,ev trop bas (-0.112)
2022-11-22,22200257,memphis grizzlies,1.6,0.6446031017177036,0.0313649627483259,0.0,0,0.0,980.1576517726841,ev trop bas (0.031)
2022-11-22,22200258,denver nuggets,1.11,0.8174733599138126,-0.09260457049566784,0.0,0,0.0,980.1576517726841,odds hors limites
2022-11-22,22200259,phoenix suns,1.17,0.7920607189245576,-0.07328895885826758,0.0,1,0.0,980.1576517726841,odds hors limites
2022-11-23,22200260,charlotte hornets,1.5,0.5829386113797687,-0.12559208293034696,0.0,1,0.0,980.1576517726841,ev trop bas (-0.126)
2022-11-23,22200261,cleveland cavaliers,1.31,0.7034986717463818,-0.07841674001223975,0.0,1,0.0,980.1576517726841,ev trop bas (-0.078)
2022-11-23,22200262,minnesota timberwolves,1.71,0.5254780883284392,-0.10143246895836888,0.0,1,0.0,980.1576517726841,ev trop bas (-0.101)
2022-11-23,22200263,atlanta hawks,1.47,0.6096034581454176,-0.10388291652623616,0.0,1,0.0,980.1576517726841,ev trop bas (-0.104)
2022-11-23,22200264,boston celtics,1.39,0.6511863871986581,-0.09485092179386534,0.0,1,0.0,980.1576517726841,ev trop bas (-0.095)
2022-11-23,22200265,miami heat,1.45,0.6649284787596147,-0.03585370579855873,0.0,1,0.0,980.1576517726841,ev trop bas (-0.036)
2022-11-23,22200266,brooklyn nets,1.62,0.6123544184470431,-0.00798584211579012,0.0,1,0.0,980.1576517726841,ev trop bas (-0.008)
2022-11-23,22200267,chicago bulls,3.02,0.366251454688209,0.10607939315839121,0.0,1,0.0,980.1576517726841,odds hors limites
2022-11-23,22200268,oklahoma city thunder,1.82,0.473171589944309,-0.13882770630135755,0.0,0,0.0,980.1576517726841,diff proba trop faible (0.027)
2022-11-23,22200269,new orleans pelicans,1.43,0.628160767288313,-0.10173010277771233,0.0,1,0.0,980.1576517726841,ev trop bas (-0.102)
2022-11-23,22200270,detroit pistons,4.95,0.18311781752061518,-0.09356680327295486,0.0,1,0.0,980.1576517726841,odds hors limites
2022-11-23,22200271,golden state warriors,1.19,0.7834322163498552,-0.06771566254367245,0.0,1,0.0,980.1576517726841,odds hors limites
2022-11-25,22200272,minnesota timberwolves,1.42,0.620887257614831,-0.11834009418694003,0.0,0,0.0,980.1576517726841,ev trop bas (-0.118)
2022-11-25,22200273,philadelphia 76ers,1.9,0.4728443578650256,-0.10159572005645146,0.0,1,0.0,980.1576517726841,diff proba trop faible (0.031)
2022-11-25,22200274,new york knicks,1.53,0.6108669897942268,-0.0653735056148329,0.0,0,0.0,980.1576517726841,ev trop bas (-0.065)
2022-11-25,22200275,boston celtics,1.28,0.741288341342037,-0.0511509230821926,0.0,1,0.0,980.1576517726841,ev trop bas (-0.051)
2022-11-25,22200276,brooklyn nets,1.57,0.5958989578401189,-0.0644386361910132,0.0,0,0.0,980.1576517726841,ev trop bas (-0.064)
2022-11-25,22200277,washington wizards,2.09,0.4576457707873843,-0.04352033905436692,0.0,0,0.0,980.1576517726841,ev trop bas (-0.044)
2022-11-25,22200278,atlanta hawks,1.32,0.6931903227605543,-0.0849887739560683,0.0,0,0.0,980.1576517726841,ev trop bas (-0.085)
2022-11-25,22200279,memphis grizzlies,1.66,0.5908118153816465,-0.019252386466466875,0.0,1,0.0,980.1576517726841,ev trop bas (-0.019)
2022-11-25,22200280,milwaukee bucks,1.51,0.6110592807798084,-0.07730048602248929,0.0,1,0.0,980.1576517726841,ev trop bas (-0.077)
2022-11-25,22200281,chicago bulls,1.62,0.5506039548614684,-0.10802159312442117,0.0,0,0.0,980.1576517726841,ev trop bas (-0.108)
2022-11-25,22200282,los angeles lakers,1.54,0.5939166594209896,-0.08536834449167596,0.0,1,0.0,980.1576517726841,ev trop bas (-0.085)
2022-11-25,22200283,phoenix suns,1.11,0.8353594615998138,-0.07275099762420667,0.0,1,0.0,980.1576517726841,odds hors limites
2022-11-25,22200284,golden state warriors,1.26,0.7434419285987727,-0.06326316996554637,0.0,1,0.0,980.1576517726841,ev trop bas (-0.063)
2022-11-25,22200285,los angeles clippers,2.29,0.40050478252256755,-0.08284404802332035,0.0,0,0.0,980.1576517726841,ev trop bas (-0.083)
2022-11-26,22200286,dallas mavericks,1.65,0.5893482114348951,-0.0275754511324231,0.0,0,0.0,980.1576517726841,ev trop bas (-0.028)
2022-11-26,22200287,oklahoma city thunder,1.7,0.5734213491161944,-0.025183706502469594,0.0,0,0.0,980.1576517726841,ev trop bas (-0.025)
2022-11-26,22200288,los angeles lakers,1.89,0.49096101928902885,-0.07208367354373546,0.0,1,0.0,980.1576517726841,diff proba trop faible (0.019)
2022-11-26,22200289,phoenix suns,1.37,0.7030975279632415,-0.036756386690358966,0.0,1,0.0,980.1576517726841,ev trop bas (-0.037)
2022-11-27,22200290,brooklyn nets,1.28,0.7541257317369743,-0.034719063376672854,0.0,1,0.0,980.1576517726841,ev trop bas (-0.035)
2022-11-27,22200291,golden state warriors,1.73,0.5356684133250019,-0.0732936449477467,0.0,1,0.0,980.1576517726841,ev trop bas (-0.073)
2022-11-27,22200292,los angeles clippers,2.0,0.4627392351500873,-0.0745215296998254,0.0,1,0.0,980.1576517726841,diff proba trop faible (0.036)
2022-11-27,22200293,miami heat,2.24,0.42285090716134904,-0.05281396795857807,0.0,1,0.0,980.1576517726841,ev trop bas (-0.053)
2022-11-27,22200294,boston celtics,1.27,0.7399640058108243,-0.06024571262025313,0.0,1,0.0,980.1576517726841,ev trop bas (-0.060)
2022-11-27,22200295,cleveland cavaliers,1.3,0.6824710850820005,-0.11278758939339928,0.0,1,0.0,980.1576517726841,ev trop bas (-0.113)
2022-11-27,22200296,memphis grizzlies,1.75,0.5416273713973919,-0.052152100054564166,0.0,1,0.0,980.1576517726841,ev trop bas (-0.052)
2022-11-27,22200297,philadelphia 76ers,1.83,0.49913277815497265,-0.08658701597640006,0.0,1,0.0,980.1576517726841,diff proba trop faible (0.006)
2022-11-27,22200298,dallas mavericks,2.71,0.35729298998819875,-0.031735997131981386,0.0,0,0.0,980.1576517726841,odds hors limites
2022-11-28,22200299,philadelphia 76ers,1.64,0.5896900301034205,-0.03290835063039044,0.0,1,0.0,980.1576517726841,ev trop bas (-0.033)
2022-11-28,22200300,washington wizards,1.8,0.5555154619030593,-7.216857449321434e-05,0.0,1,0.0,980.1576517726841,ev trop bas (-0.000)
2022-11-28,22200301,charlotte hornets,4.3,0.21322847753295213,-0.08311754660830595,0.0,0,0.0,980.1576517726841,odds hors limites
2022-11-28,22200302,brooklyn nets,1.15,0.8154436928539323,-0.06223975321797803,0.0,1,0.0,980.1576517726841,odds hors limites
2022-11-28,22200303,toronto raptors,1.45,0.6730167633834946,-0.024125693093932865,0.0,1,0.0,980.1576517726841,ev trop bas (-0.024)
2022-11-28,22200304,new orleans pelicans,1.42,0.628561915234943,-0.10744208036638103,0.0,1,0.0,980.1576517726841,ev trop bas (-0.107)
2022-11-28,22200305,denver nuggets,1.13,0.7916028451808945,-0.10548878494558922,0.0,1,0.0,980.1576517726841,odds hors limites
2022-11-28,22200306,utah jazz,1.69,0.5525418368169733,-0.06620429577931508,0.0,0,0.0,980.1576517726841,ev trop bas (-0.066)
2022-11-28,22200307,phoenix suns,1.84,0.5423914876154582,-0.0019996627875569217,0.0,1,0.0,980.1576517726841,diff proba trop faible (0.040)
2022-11-28,22200308,los angeles lakers,1.57,0.591322222560915,-0.07162411057936335,0.0,0,0.0,980.1576517726841,ev trop bas (-0.072)
2022-11-29,22200309,new york knicks,1.51,0.6078165370573531,-0.08219702904339687,0.0,1,0.0,980.1576517726841,ev trop bas (-0.082)
2022-11-29,22200310,dallas mavericks,1.84,0.5595854452854234,0.029637219325179043,0.0,1,0.0,980.1576517726841,diff proba trop faible (0.023)
2022-11-29,22200311,portland trail blazers,1.52,0.6048562599903996,-0.08061848481459255,0.0,0,0.0,980.1576517726841,ev trop bas (-0.081)
2022-11-30,22200312,philadelphia 76ers,2.27,0.4251975182295789,-0.03480163361885591,0.0,0,0.0,980.1576517726841,ev trop bas (-0.035)
2022-11-30,22200313,atlanta hawks,1.37,0.7072131903686133,-0.03111792919499967,0.0,1,0.0,980.1576517726841,ev trop bas (-0.031)
2022-11-30,22200314,boston celtics,1.2,0.7962687256179779,-0.04447752925842652,0.0,1,0.0,980.1576517726841,ev trop bas (-0.044)
2022-11-30,22200315,brooklyn nets,1.41,0.6564997654059385,-0.07433533077762677,0.0,1,0.0,980.1576517726841,ev trop bas (-0.074)
2022-11-30,22200316,milwaukee bucks,1.38,0.6579687127035097,-0.09200317646915679,0.0,1,0.0,980.1576517726841,ev trop bas (-0.092)
2022-11-30,22200317,memphis grizzlies,1.61,0.5960736287449617,-0.040321457720611575,0.0,0,0.0,980.1576517726841,ev trop bas (-0.040)
2022-11-30,22200318,new orleans pelicans,2.06,0.48556096684316546,0.00025559169692090933,0.0,1,0.0,980.1576517726841,ev trop bas (0.000)
2022-11-30,22200319,san antonio spurs,2.06,0.43631426993544986,-0.10119260393297325,0.0,0,0.0,980.1576517726841,diff proba trop faible (0.058)
2022-11-30,22200320,denver nuggets,1.13,0.807497864945368,-0.08752741261173425,0.0,1,0.0,980.1576517726841,odds hors limites
2022-11-30,22200321,phoenix suns,1.43,0.6429009056596742,-0.08065170490666596,0.0,1,0.0,980.1576517726841,ev trop bas (-0.081)
2022-11-30,22200322,los angeles clippers,3.14,0.3097557697408256,-0.02736688301380763,0.0,0,0.0,980.1576517726841,odds hors limites
2022-11-30,22200323,sacramento kings,1.48,0.6425150414574955,-0.049077738642906654,0.0,1,0.0,980.1576517726841,ev trop bas (-0.049)
2022-11-30,22200324,portland trail blazers,2.77,0.3252655863338911,-0.09901432585512171,0.0,0,0.0,980.1576517726841,odds hors limites
2022-12-01,22200325,dallas mavericks,1.28,0.7482879418993765,-0.04219143436879802,0.0,0,0.0,980.1576517726841,ev trop bas (-0.042)
2022-12-02,22200326,washington wizards,1.53,0.6008107626050738,-0.08075953321423701,0.0,0,0.0,980.1576517726841,ev trop bas (-0.081)
2022-12-02,22200327,denver nuggets,1.51,0.6219101395013589,-0.06091568935294811,0.0,0,0.0,980.1576517726841,ev trop bas (-0.061)
2022-12-02,22200328,miami heat,3.01,0.3235227903152875,-0.02619640115098465,0.0,1,0.0,980.1576517726841,odds hors limites
2022-12-02,22200329,brooklyn nets,1.73,0.5950333420099067,0.029407681677138475,0.0,1,0.0,980.1576517726841,ev trop bas (0.029)
2022-12-02,22200330,cleveland cavaliers,1.14,0.8219859709727917,-0.0629359930910176,0.0,1,0.0,980.1576517726841,odds hors limites
2022-12-02,22200331,milwaukee bucks,1.24,0.7440438239541092,-0.07738565829690458,0.0,0,0.0,980.1576517726841,ev trop bas (-0.077)
2022-12-02,22200332,philadelphia 76ers,2.42,0.40300991712578654,-0.02471600055559664,0.0,0,0.0,980.1576517726841,ev trop bas (-0.025)
2022-12-02,22200333,new orleans pelicans,1.31,0.7067228900064864,-0.0741930140915028,0.0,1,0.0,980.1576517726841,ev trop bas (-0.074)
2022-12-02,22200334,phoenix suns,1.13,0.8085492302698556,-0.08633936979506329,0.0,0,0.0,980.1576517726841,odds hors limites
2022-12-02,22200335,utah jazz,1.55,0.6155792074263712,-0.045852228489124625,0.0,1,0.0,980.1576517726841,ev trop bas (-0.046)
2022-12-02,22200336,golden state warriors,1.3,0.6970507198348093,-0.09383406421474794,0.0,1,0.0,980.1576517726841,ev trop bas (-0.094)
2022-12-03,22200337,dallas mavericks,1.75,0.5607335557957384,-0.018716277357457844,0.0,1,0.0,980.1576517726841,ev trop bas (-0.019)
2022-12-03,22200338,los angeles clippers,2.19,0.43019743032823027,-0.057867627581175696,0.0,0,0.0,980.1576517726841,ev trop bas (-0.058)
2022-12-03,22200339,milwaukee bucks,1.73,0.545282720451157,-0.05666089361949844,0.0,1,0.0,980.1576517726841,ev trop bas (-0.057)
2022-12-03,22200340,toronto raptors,1.16,0.7831173632101885,-0.09158385867618135,0.0,1,0.0,980.1576517726841,odds hors limites
2022-12-03,22200341,minnesota timberwolves,1.44,0.612778422524913,-0.1175990715641253,0.0,0,0.0,980.1576517726841,ev trop bas (-0.118)
2022-12-03,22200342,houston rockets,4.12,0.2565766995833316,0.05709600228332623,0.0,0,0.0,980.1576517726841,odds hors limites
2022-12-03,22200343,utah jazz,1.45,0.6702689400129338,-0.028110036981246034,0.0,0,0.0,980.1576517726841,ev trop bas (-0.028)
2022-12-04,22200344,new orleans pelicans,1.72,0.5518414495476855,-0.05083270677798091,0.0,1,0.0,980.1576517726841,ev trop bas (-0.051)
2022-12-04,22200345,phoenix suns,1.17,0.7841677523561357,-0.08252372974332134,0.0,1,0.0,980.1576517726841,odds hors limites
2022-12-04,22200346,boston celtics,1.68,0.6282720695115513,0.055497076779406296,19.603153035453683,1,13.330144064108504,993.4877958367925,bet placed
2022-12-04,22200347,memphis grizzlies,1.31,0.710766974734041,-0.06889526309840621,0.0,1,0.0,993.4877958367925,ev trop bas (-0.069)
2022-12-04,22200348,cleveland cavaliers,1.65,0.5534925707029446,-0.08673725834014157,0.0,0,0.0,993.4877958367925,ev trop bas (-0.087)
2022-12-04,22200349,washington wizards,1.74,0.5517612081244148,-0.039935497863518354,0.0,0,0.0,993.4877958367925,ev trop bas (-0.040)
2022-12-04,22200350,sacramento kings,1.6,0.5779680633593092,-0.07525109862510526,0.0,1,0.0,993.4877958367925,ev trop bas (-0.075)
2022-12-04,22200351,indiana pacers,2.5,0.37458387019063827,-0.0635403245234043,0.0,0,0.0,993.4877958367925,ev trop bas (-0.064)
2022-12-05,22200352,charlotte hornets,2.85,0.3221459361404418,-0.08188408199974084,0.0,0,0.0,993.4877958367925,odds hors limites
2022-12-05,22200353,orlando magic,4.32,0.2109949973735805,-0.08850161134613221,0.0,0,0.0,993.4877958367925,odds hors limites
2022-12-05,22200354,atlanta hawks,1.38,0.6610619089936852,-0.08773456558871451,0.0,0,0.0,993.4877958367925,ev trop bas (-0.088)
2022-12-05,22200355,boston celtics,1.91,0.5029412329502242,-0.03938224506507182,0.0,1,0.0,993.4877958367925,diff proba trop faible (0.034)
2022-12-05,22200356,philadelphia 76ers,1.26,0.7498603858406289,-0.05517591384080767,0.0,0,0.0,993.4877958367925,ev trop bas (-0.055)
2022-12-05,22200357,memphis grizzlies,2.5,0.37942985693742315,-0.05142535765644207,0.0,1,0.0,993.4877958367925,ev trop bas (-0.051)
2022-12-05,22200358,dallas mavericks,1.6,0.5795431963143902,-0.07273088589697563,0.0,1,0.0,993.4877958367925,ev trop bas (-0.073)
2022-12-05,22200359,golden state warriors,1.1,0.846709462923031,-0.06861959078466584,0.0,0,0.0,993.4877958367925,odds hors limites
2022-12-06,22200360,cleveland cavaliers,1.4,0.6541065978822886,-0.08425076296479594,0.0,1,0.0,993.4877958367925,ev trop bas (-0.084)
2022-12-06,22200361,miami heat,1.3,0.7515491575214007,-0.02298609522217898,0.0,0,0.0,993.4877958367925,ev trop bas (-0.023)
2022-12-06,22200362,denver nuggets,1.47,0.6200096207451449,-0.0885858575046371,0.0,0,0.0,993.4877958367925,ev trop bas (-0.089)
2022-12-07,22200363,orlando magic,2.85,0.31783082291824694,-0.09418215468299618,0.0,1,0.0,993.4877958367925,odds hors limites
2022-12-07,22200364,brooklyn nets,1.15,0.7919038706394425,-0.08931054876464128,0.0,1,0.0,993.4877958367925,odds hors limites
2022-12-07,22200365,new york knicks,1.64,0.5857628700995617,-0.039348893036718846,0.0,1,0.0,993.4877958367925,ev trop bas (-0.039)
2022-12-07,22200366,los angeles lakers,5.35,0.19198331447039357,0.027110732416605554,0.0,0,0.0,993.4877958367925,odds hors limites
2022-12-07,22200367,chicago bulls,1.43,0.624550551052087,-0.10689271199551564,0.0,1,0.0,993.4877958367925,ev trop bas (-0.107)
2022-12-07,22200368,memphis grizzlies,1.21,0.7649599313764746,-0.07439848303446583,0.0,1,0.0,993.4877958367925,ev trop bas (-0.074)
2022-12-07,22200369,milwaukee bucks,1.34,0.6951769663903383,-0.06846286503694654,0.0,1,0.0,993.4877958367925,ev trop bas (-0.068)
2022-12-07,22200370,minnesota timberwolves,1.44,0.631994320392375,-0.08992817863498004,0.0,1,0.0,993.4877958367925,ev trop bas (-0.090)
2022-12-07,22200371,new orleans pelicans,1.11,0.8175162351343196,-0.0925569790009052,0.0,1,0.0,993.4877958367925,odds hors limites
2022-12-07,22200372,golden state warriors,2.58,0.3853331017086003,-0.005840597591811214,0.0,0,0.0,993.4877958367925,odds hors limites
2022-12-07,22200373,phoenix suns,1.68,0.5303690024162085,-0.10898007594076964,0.0,0,0.0,993.4877958367925,ev trop bas (-0.109)
2022-12-08,22200374,miami heat,1.32,0.6930301735310552,-0.085200170939007,0.0,1,0.0,993.4877958367925,ev trop bas (-0.085)
2022-12-08,22200375,houston rockets,1.7,0.5249230308289411,-0.10763084759080022,0.0,0,0.0,993.4877958367925,ev trop bas (-0.108)
2022-12-08,22200376,portland trail blazers,1.94,0.46569002189930336,-0.09656135751535155,0.0,0,0.0,993.4877958367925,diff proba trop faible (0.028)
2022-12-09,22200377,new york knicks,1.51,0.6117760912008241,-0.07621810228675563,0.0,1,0.0,993.4877958367925,ev trop bas (-0.076)
2022-12-09,22200378,indiana pacers,1.51,0.5897824929183093,-0.10942843569335292,0.0,1,0.0,993.4877958367925,ev trop bas (-0.109)
2022-12-09,22200379,toronto raptors,1.21,0.7392693420035032,-0.10548409617576104,0.0,0,0.0,993.4877958367925,ev trop bas (-0.105)
2022-12-09,22200380,atlanta hawks,3.1,0.3123429029893827,-0.03173700073291352,0.0,0,0.0,993.4877958367925,odds hors limites
2022-12-09,22200381,cleveland cavaliers,1.56,0.5932950611788195,-0.07445970456104156,0.0,0,0.0,993.4877958367925,ev trop bas (-0.074)
2022-12-09,22200382,philadelphia 76ers,1.46,0.6472720835626756,-0.054982757998493614,0.0,1,0.0,993.4877958367925,ev trop bas (-0.055)
2022-12-09,22200383,memphis grizzlies,1.16,0.7851456372924762,-0.08923106074072762,0.0,1,0.0,993.4877958367925,odds hors limites
2022-12-09,22200384,new orleans pelicans,1.86,0.4942507530803297,-0.08069359927058672,0.0,1,0.0,993.4877958367925,diff proba trop faible (0.011)
2022-12-09,22200385,utah jazz,1.8,0.5073736913427995,-0.08672735558296085,0.0,0,0.0,993.4877958367925,diff proba trop faible (0.042)
2022-12-09,22200386,milwaukee bucks,1.76,0.5462592053659764,-0.038583798555881565,0.0,1,0.0,993.4877958367925,diff proba trop faible (0.069)
2022-12-10,22200387,san antonio spurs,5.15,0.18967434387091264,-0.02317712906479985,0.0,1,0.0,993.4877958367925,odds hors limites
2022-12-10,22200388,indiana pacers,1.27,0.7089599216275816,-0.09962089953297137,0.0,0,0.0,993.4877958367925,ev trop bas (-0.100)
2022-12-10,22200389,los angeles clippers,1.42,0.6510343527412394,-0.07553121910743998,0.0,1,0.0,993.4877958367925,ev trop bas (-0.076)
2022-12-10,22200390,cleveland cavaliers,1.46,0.662958264718844,-0.0320809335104878,0.0,1,0.0,993.4877958367925,ev trop bas (-0.032)
2022-12-10,22200391,chicago bulls,1.46,0.6509206418604678,-0.04965586288371704,0.0,1,0.0,993.4877958367925,ev trop bas (-0.050)
2022-12-10,22200392,boston celtics,1.64,0.5540572354638363,-0.09134613383930845,0.0,0,0.0,993.4877958367925,ev trop bas (-0.091)
2022-12-10,22200393,denver nuggets,1.13,0.787022651866315,-0.11066440339106409,0.0,1,0.0,993.4877958367925,odds hors limites
2022-12-10,22200394,minnesota timberwolves,2.47,0.3512002442911217,-0.1325353966009294,0.0,0,0.0,993.4877958367925,ev trop bas (-0.133)
2022-12-11,22200395,phoenix suns,2.17,0.4229860428742009,-0.08212028696298412,0.0,0,0.0,993.4877958367925,ev trop bas (-0.082)
2022-12-11,22200396,detroit pistons,2.49,0.35102356635877374,-0.1259513197666533,0.0,0,0.0,993.4877958367925,ev trop bas (-0.126)
2022-12-11,22200397,new york knicks,1.64,0.5524422058218662,-0.09399478245213944,0.0,1,0.0,993.4877958367925,ev trop bas (-0.094)
2022-12-11,22200398,toronto raptors,1.33,0.6594971658173101,-0.12286876946297753,0.0,0,0.0,993.4877958367925,ev trop bas (-0.123)
2022-12-11,22200399,charlotte hornets,4.13,0.22425766724247304,-0.0738158342885864,0.0,0,0.0,993.4877958367925,odds hors limites
2022-12-11,22200400,chicago bulls,2.15,0.41966564439454246,-0.09771886455173373,0.0,0,0.0,993.4877958367925,ev trop bas (-0.098)
2022-12-11,22200401,milwaukee bucks,1.18,0.7744211576580883,-0.08618303396345584,0.0,0,0.0,993.4877958367925,odds hors limites
2022-12-12,22200402,miami heat,1.55,0.6423968869722045,-0.004284825193082931,0.0,1,0.0,993.4877958367925,ev trop bas (-0.004)
2022-12-12,22200403,washington wizards,2.59,0.344462807035305,-0.10784132977856009,0.0,0,0.0,993.4877958367925,odds hors limites
2022-12-12,22200404,memphis grizzlies,1.2,0.7729113587849031,-0.07250636945811628,0.0,1,0.0,993.4877958367925,ev trop bas (-0.073)
2022-12-12,22200405,dallas mavericks,1.24,0.7692661155060995,-0.046110016772436646,0.0,1,0.0,993.4877958367925,ev trop bas (-0.046)
2022-12-12,22200406,cleveland cavaliers,1.2,0.7645831756835495,-0.08250018917974067,0.0,0,0.0,993.4877958367925,ev trop bas (-0.083)
2022-12-12,22200407,portland trail blazers,1.52,0.5922463749101109,-0.0997855101366314,0.0,1,0.0,993.4877958367925,ev trop bas (-0.100)
2022-12-12,22200408,los angeles clippers,2.28,0.39502694734484034,-0.09933856005376407,0.0,1,0.0,993.4877958367925,ev trop bas (-0.099)
2022-12-13,22200409,philadelphia 76ers,1.5,0.6284484693859733,-0.05732729592104002,0.0,1,0.0,993.4877958367925,ev trop bas (-0.057)
2022-12-13,22200410,milwaukee bucks,1.63,0.586480934041741,-0.04403607751196226,0.0,1,0.0,993.4877958367925,ev trop bas (-0.044)
2022-12-13,22200411,phoenix suns,1.33,0.6707671306835067,-0.10787971619093606,0.0,0,0.0,993.4877958367925,ev trop bas (-0.108)
2022-12-13,22200412,new orleans pelicans,1.67,0.5369415582233821,-0.10330759776695198,0.0,0,0.0,993.4877958367925,ev trop bas (-0.103)
2022-12-13,22200413,los angeles lakers,2.25,0.3959359746266381,-0.10914405709006425,0.0,0,0.0,993.4877958367925,ev trop bas (-0.109)
2022-12-14,22200414,detroit pistons,2.27,0.37685825210864804,-0.14453176771336895,0.0,1,0.0,993.4877958367925,ev trop bas (-0.145)
2022-12-14,22200415,golden state warriors,1.71,0.5584537512087986,-0.04504408543295446,0.0,0,0.0,993.4877958367925,ev trop bas (-0.045)
2022-12-14,22200416,atlanta hawks,1.61,0.6056183520925799,-0.024954453130946352,0.0,0,0.0,993.4877958367925,ev trop bas (-0.025)
2022-12-14,22200417,sacramento kings,2.37,0.37851045111738085,-0.1029302308518073,0.0,1,0.0,993.4877958367925,ev trop bas (-0.103)
2022-12-14,22200418,chicago bulls,1.56,0.6148127736393486,-0.04089207312261611,0.0,0,0.0,993.4877958367925,ev trop bas (-0.041)
2022-12-14,22200419,miami heat,1.63,0.5969202457687872,-0.027019999396876937,0.0,1,0.0,993.4877958367925,ev trop bas (-0.027)
2022-12-14,22200420,portland trail blazers,1.29,0.7004847119385977,-0.0963747215992089,0.0,1,0.0,993.4877958367925,ev trop bas (-0.096)
2022-12-14,22200421,dallas mavericks,1.63,0.5397172772473863,-0.12026083808676047,0.0,0,0.0,993.4877958367925,ev trop bas (-0.120)
2022-12-14,22200422,washington wizards,5.13,0.18210276833576447,-0.0658127984375283,0.0,0,0.0,993.4877958367925,odds hors limites
2022-12-14,22200423,los angeles clippers,1.3,0.7290703794658231,-0.05220850669443,0.0,1,0.0,993.4877958367925,ev trop bas (-0.052)
2022-12-15,22200424,miami heat,1.63,0.5697293966704954,-0.07134108342709256,0.0,1,0.0,993.4877958367925,ev trop bas (-0.071)
2022-12-15,22200425,milwaukee bucks,2.12,0.451953783293623,-0.04185797941751912,0.0,0,0.0,993.4877958367925,ev trop bas (-0.042)
2022-12-15,22200426,new orleans pelicans,1.78,0.5740632108234257,0.02183251526569774,0.0,0,0.0,993.4877958367925,ev trop bas (0.022)
2022-12-15,22200427,phoenix suns,1.36,0.6763980402495813,-0.08009866526056941,0.0,1,0.0,993.4877958367925,ev trop bas (-0.080)
2022-12-16,22200428,atlanta hawks,2.03,0.47892931218451923,-0.027773496265426023,0.0,1,0.0,993.4877958367925,diff proba trop faible (0.018)
2022-12-16,22200429,sacramento kings,1.35,0.6339454439927157,-0.14417365060983378,0.0,1,0.0,993.4877958367925,ev trop bas (-0.144)
2022-12-16,22200430,orlando magic,5.98,0.15385026201034435,-0.07997543317814071,0.0,1,0.0,993.4877958367925,odds hors limites
2022-12-16,22200431,indiana pacers,3.29,0.29835745995232676,-0.01840395675684492,0.0,0,0.0,993.4877958367925,odds hors limites
2022-12-16,22200432,golden state warriors,3.9,0.24634117916198184,-0.03926940126827083,0.0,0,0.0,993.4877958367925,odds hors limites
2022-12-16,22200433,brooklyn nets,1.76,0.49346734435983,-0.1314974739266992,0.0,1,0.0,993.4877958367925,diff proba trop faible (0.037)
2022-12-16,22200434,chicago bulls,1.61,0.596260133321834,-0.04002118535184718,0.0,0,0.0,993.4877958367925,ev trop bas (-0.040)
2022-12-16,22200435,minnesota timberwolves,2.34,0.38041222337732716,-0.1098353972970545,0.0,1,0.0,993.4877958367925,ev trop bas (-0.110)
2022-12-16,22200436,dallas mavericks,1.49,0.6231963221148865,-0.07143748004881911,0.0,1,0.0,993.4877958367925,ev trop bas (-0.071)
2022-12-16,22200437,denver nuggets,1.69,0.5530625239042241,-0.06532433460186138,0.0,0,0.0,993.4877958367925,ev trop bas (-0.065)
2022-12-17,22200438,los angeles clippers,1.42,0.6407285087942236,-0.09016551751220248,0.0,1,0.0,993.4877958367925,ev trop bas (-0.090)
2022-12-17,22200439,miami heat,1.25,0.7487156429045617,-0.06410544636929782,0.0,1,0.0,993.4877958367925,ev trop bas (-0.064)
2022-12-17,22200440,dallas mavericks,3.45,0.27308106269390015,-0.05787033370604444,0.0,0,0.0,993.4877958367925,odds hors limites
2022-12-17,22200441,portland trail blazers,1.59,0.5609670457152911,-0.10806239731268708,0.0,1,0.0,993.4877958367925,ev trop bas (-0.108)
2022-12-17,22200442,milwaukee bucks,1.69,0.596544064941676,0.008159469751432447,0.0,1,0.0,993.4877958367925,ev trop bas (0.008)
2022-12-17,22200443,memphis grizzlies,1.15,0.7935939552237041,-0.08736695149274032,0.0,0,0.0,993.4877958367925,odds hors limites
2022-12-17,22200444,phoenix suns,1.6,0.6113877094850274,-0.021779664823956102,0.0,1,0.0,993.4877958367925,ev trop bas (-0.022)
2022-12-18,22200445,boston celtics,1.16,0.7752179538521847,-0.10074717353146578,0.0,0,0.0,993.4877958367925,odds hors limites
2022-12-18,22200446,indiana pacers,1.81,0.4845594708788178,-0.12294735770933973,0.0,0,0.0,993.4877958367925,diff proba trop faible (0.029)
2022-12-18,22200447,brooklyn nets,1.24,0.7267933938484341,-0.09877619162794171,0.0,1,0.0,993.4877958367925,ev trop bas (-0.099)
2022-12-18,22200448,golden state warriors,2.63,0.3766567782292204,-0.00939267325715043,0.0,1,0.0,993.4877958367925,odds hors limites
2022-12-18,22200449,chicago bulls,1.72,0.5494959213283956,-0.05486701531515947,0.0,0,0.0,993.4877958367925,ev trop bas (-0.055)
2022-12-18,22200450,denver nuggets,1.21,0.7250355704491644,-0.12270695975651102,0.0,1,0.0,993.4877958367925,ev trop bas (-0.123)
2022-12-18,22200451,washington wizards,2.1,0.4338766901623663,-0.08885895065903071,0.0,0,0.0,993.4877958367925,ev trop bas (-0.089)
2022-12-19,22200452,cleveland cavaliers,1.32,0.6626512700178445,-0.12530032357644516,0.0,1,0.0,993.4877958367925,ev trop bas (-0.125)
2022-12-19,22200453,philadelphia 76ers,1.28,0.7247970459217252,-0.07225978122019172,0.0,1,0.0,993.4877958367925,ev trop bas (-0.072)
2022-12-19,22200454,atlanta hawks,1.24,0.7480780373615263,-0.07238323367170729,0.0,1,0.0,993.4877958367925,ev trop bas (-0.072)
2022-12-19,22200455,houston rockets,1.45,0.6097200377591157,-0.11590594524928233,0.0,0,0.0,993.4877958367925,ev trop bas (-0.116)
2022-12-19,22200456,dallas mavericks,1.38,0.6258429597303192,-0.13633671557215954,0.0,0,0.0,993.4877958367925,ev trop bas (-0.136)
2022-12-19,22200457,new orleans pelicans,1.77,0.5202106574397363,-0.07922713633166678,0.0,0,0.0,993.4877958367925,diff proba trop faible (0.002)
2022-12-19,22200458,portland trail blazers,1.47,0.6098678912769466,-0.10349419982288843,0.0,0,0.0,993.4877958367925,ev trop bas (-0.103)
2022-12-19,22200459,phoenix suns,1.12,0.7994436856011055,-0.1046230721267618,0.0,1,0.0,993.4877958367925,odds hors limites
2022-12-19,22200460,sacramento kings,1.15,0.7548658816550808,-0.13190423609665713,0.0,0,0.0,993.4877958367925,odds hors limites
2022-12-20,22200461,utah jazz,1.59,0.547285157180886,-0.12981660008239126,0.0,1,0.0,993.4877958367925,ev trop bas (-0.130)
2022-12-20,22200462,miami heat,1.72,0.5317508998172809,-0.08538845231427694,0.0,0,0.0,993.4877958367925,ev trop bas (-0.085)
2022-12-20,22200463,new york knicks,1.37,0.6284838596630373,-0.13897711226163878,0.0,1,0.0,993.4877958367925,ev trop bas (-0.139)
2022-12-20,22200464,phoenix suns,1.27,0.7267864378274395,-0.07698122395915186,0.0,0,0.0,993.4877958367925,ev trop bas (-0.077)
2022-12-20,22200465,memphis grizzlies,1.73,0.5758670639370048,-0.0037499793889816946,0.0,0,0.0,993.4877958367925,ev trop bas (-0.004)
2022-12-21,22200466,cleveland cavaliers,1.6,0.5433783229068784,-0.1305946833489946,0.0,1,0.0,993.4877958367925,ev trop bas (-0.131)
2022-12-21,22200467,detroit pistons,4.47,0.19866467571886443,-0.1119688995366761,0.0,0,0.0,993.4877958367925,odds hors limites
2022-12-21,22200468,atlanta hawks,1.41,0.6080672986132606,-0.14262510895530267,0.0,0,0.0,993.4877958367925,ev trop bas (-0.143)
2022-12-21,22200469,boston celtics,1.17,0.7631061876761339,-0.10716576041892334,0.0,0,0.0,993.4877958367925,odds hors limites
2022-12-21,22200470,golden state warriors,4.42,0.21307739020887226,-0.05819793527678463,0.0,0,0.0,993.4877958367925,odds hors limites
2022-12-21,22200471,new york knicks,1.64,0.5149822115632422,-0.1554291730362829,0.0,0,0.0,993.4877958367925,ev trop bas (-0.155)
2022-12-21,22200472,houston rockets,1.74,0.5338099823892958,-0.0711706306426253,0.0,0,0.0,993.4877958367925,diff proba trop faible (0.057)
2022-12-21,22200473,dallas mavericks,1.61,0.5413973085967363,-0.12835033315925448,0.0,1,0.0,993.4877958367925,ev trop bas (-0.128)
2022-12-21,22200474,portland trail blazers,1.51,0.6022842568835548,-0.09055077210583229,0.0,0,0.0,993.4877958367925,ev trop bas (-0.091)
2022-12-21,22200475,sacramento kings,1.21,0.7289702348628465,-0.11794601581595576,0.0,1,0.0,993.4877958367925,ev trop bas (-0.118)
2022-12-21,22200476,los angeles clippers,1.19,0.7498197631728416,-0.10771448182431853,0.0,1,0.0,993.4877958367925,odds hors limites
2022-12-22,22200477,new orleans pelicans,1.21,0.7259517993628414,-0.12159832277096194,0.0,1,0.0,993.4877958367925,ev trop bas (-0.122)
2022-12-22,22200478,utah jazz,1.28,0.6933765260363265,-0.11247804667350203,0.0,1,0.0,993.4877958367925,ev trop bas (-0.112)
2022-12-23,22200479,orlando magic,1.34,0.6286076505217464,-0.15766574830085978,0.0,1,0.0,993.4877958367925,ev trop bas (-0.158)
2022-12-23,22200480,philadelphia 76ers,1.49,0.6275807059392774,-0.06490474815047664,0.0,1,0.0,993.4877958367925,ev trop bas (-0.065)
2022-12-23,22200481,atlanta hawks,1.18,0.7551788598755007,-0.10888894534690918,0.0,1,0.0,993.4877958367925,odds hors limites
2022-12-23,22200482,boston celtics,1.17,0.7746306020057464,-0.09368219565327673,0.0,1,0.0,993.4877958367925,odds hors limites
2022-12-23,22200483,brooklyn nets,1.62,0.541589473810467,-0.12262505242704347,0.0,1,0.0,993.4877958367925,ev trop bas (-0.123)
2022-12-23,22200484,cleveland cavaliers,1.41,0.6272630503991592,-0.11555909893718563,0.0,0,0.0,993.4877958367925,ev trop bas (-0.116)
2022-12-23,22200485,chicago bulls,2.57,0.32964941139539916,-0.15280101271382418,0.0,1,0.0,993.4877958367925,odds hors limites
2022-12-23,22200486,miami heat,1.34,0.7133768598107784,-0.04407500785355689,0.0,0,0.0,993.4877958367925,ev trop bas (-0.044)
2022-12-23,22200487,dallas mavericks,1.29,0.7084715251121736,-0.08607173260529599,0.0,1,0.0,993.4877958367925,ev trop bas (-0.086)
2022-12-23,22200488,new orleans pelicans,1.86,0.4618577108731519,-0.14094465777593734,0.0,1,0.0,993.4877958367925,diff proba trop faible (0.011)
2022-12-23,22200489,portland trail blazers,2.49,0.38545544096249096,-0.04021595200339745,0.0,0,0.0,993.4877958367925,ev trop bas (-0.040)
2022-12-23,22200490,memphis grizzlies,1.56,0.6153435274949002,-0.040064097107955665,0.0,1,0.0,993.4877958367925,ev trop bas (-0.040)
2022-12-23,22200491,sacramento kings,1.24,0.6953393949164539,-0.1377791503035971,0.0,0,0.0,993.4877958367925,ev trop bas (-0.138)
2022-12-23,22200492,los angeles lakers,1.57,0.5647024211208013,-0.11341719884034196,0.0,0,0.0,993.4877958367925,ev trop bas (-0.113)
2022-12-25,22200493,new york knicks,1.92,0.44421883640092275,-0.1470998341102283,0.0,0,0.0,993.4877958367925,diff proba trop faible (0.064)
2022-12-25,22200494,dallas mavericks,1.28,0.7230020238120957,-0.07455740952051748,0.0,1,0.0,993.4877958367925,ev trop bas (-0.075)
2022-12-25,22200495,boston celtics,1.38,0.7104443432668408,-0.019586806291759795,0.0,1,0.0,993.4877958367925,ev trop bas (-0.020)
2022-12-25,22200496,memphis grizzlies,1.29,0.7589509399303176,-0.020953287489890227,0.0,0,0.0,993.4877958367925,ev trop bas (-0.021)
2022-12-25,22200497,phoenix suns,2.22,0.42219016339682053,-0.06273783725905835,0.0,0,0.0,993.4877958367925,ev trop bas (-0.063)
2022-12-26,22200498,cleveland cavaliers,1.64,0.5407597352238361,-0.11315403423290882,0.0,0,0.0,993.4877958367925,ev trop bas (-0.113)
2022-12-26,22200499,los angeles clippers,1.36,0.6377855999106566,-0.13261158412150686,0.0,1,0.0,993.4877958367925,ev trop bas (-0.133)
2022-12-26,22200500,minnesota timberwolves,1.75,0.5200708354596639,-0.08987603794558807,0.0,0,0.0,993.4877958367925,diff proba trop faible (0.014)
2022-12-26,22200501,chicago bulls,1.29,0.6717999666293434,-0.13337804304814704,0.0,0,0.0,993.4877958367925,ev trop bas (-0.133)
2022-12-26,22200502,new orleans pelicans,1.67,0.5568591301002214,-0.0700452527326304,0.0,1,0.0,993.4877958367925,ev trop bas (-0.070)
2022-12-26,22200503,utah jazz,1.43,0.5766977015155441,-0.17532228683277196,0.0,0,0.0,993.4877958367925,ev trop bas (-0.175)
2022-12-26,22200504,portland trail blazers,1.39,0.6341097213209699,-0.11858748736385194,0.0,1,0.0,993.4877958367925,ev trop bas (-0.119)
2022-12-27,22200505,orlando magic,1.53,0.5460555290399967,-0.16453504056880508,0.0,0,0.0,993.4877958367925,ev trop bas (-0.165)
2022-12-27,22200506,philadelphia 76ers,1.43,0.6090769141065079,-0.12902001282769382,0.0,0,0.0,993.4877958367925,ev trop bas (-0.129)
2022-12-27,22200507,houston rockets,5.95,0.14574712227219566,-0.13280462248043579,0.0,0,0.0,993.4877958367925,odds hors limites
2022-12-27,22200508,atlanta hawks,1.67,0.5806640300952323,-0.030291069740962184,0.0,0,0.0,993.4877958367925,ev trop bas (-0.030)
2022-12-27,22200509,toronto raptors,1.5,0.5774492466500032,-0.13382613002499522,0.0,0,0.0,993.4877958367925,ev trop bas (-0.134)
2022-12-27,22200510,memphis grizzlies,1.23,0.7559286510904764,-0.07020775915871413,0.0,0,0.0,993.4877958367925,ev trop bas (-0.070)
2022-12-27,22200511,san antonio spurs,2.73,0.313665621963694,-0.1436928520391153,0.0,0,0.0,993.4877958367925,odds hors limites
2022-12-27,22200512,dallas mavericks,1.35,0.6486351576562944,-0.12434253716400245,0.0,1,0.0,993.4877958367925,ev trop bas (-0.124)
2022-12-27,22200513,golden state warriors,1.41,0.6168164908687395,-0.13028874787507738,0.0,1,0.0,993.4877958367925,ev trop bas (-0.130)
2022-12-27,22200514,denver nuggets,1.57,0.5628400471360355,-0.11634112599642421,0.0,1,0.0,993.4877958367925,ev trop bas (-0.116)
2022-12-28,22200515,orlando magic,1.75,0.4914446395513246,-0.13997188078518197,0.0,0,0.0,993.4877958367925,diff proba trop faible (0.027)
2022-12-28,22200516,phoenix suns,1.62,0.523461015447826,-0.15199315497452182,0.0,0,0.0,993.4877958367925,ev trop bas (-0.152)
2022-12-28,22200517,atlanta hawks,2.96,0.35293103120836444,0.04467585237675875,0.0,0,0.0,993.4877958367925,odds hors limites
2022-12-28,22200518,miami heat,1.17,0.7814019344355192,-0.08575973671044257,0.0,1,0.0,993.4877958367925,odds hors limites
2022-12-28,22200519,chicago bulls,1.98,0.4911447797782744,-0.027533336039016643,0.0,1,0.0,993.4877958367925,diff proba trop faible (0.028)
2022-12-28,22200520,minnesota timberwolves,2.66,0.3539242813218935,-0.058561411683763165,0.0,0,0.0,993.4877958367925,odds hors limites
2022-12-28,22200521,golden state warriors,2.24,0.38309503179604776,-0.14186712877685292,0.0,1,0.0,993.4877958367925,ev trop bas (-0.142)
2022-12-28,22200522,denver nuggets,1.95,0.42437662223924455,-0.1724655866334731,0.0,0,0.0,993.4877958367925,ev trop bas (-0.172)
2022-12-29,22200523,charlotte hornets,1.59,0.5665179086814685,-0.09923652519646509,0.0,1,0.0,993.4877958367925,ev trop bas (-0.099)
2022-12-29,22200524,indiana pacers,2.19,0.3966726052707758,-0.13128699445700098,0.0,1,0.0,993.4877958367925,ev trop bas (-0.131)
2022-12-29,22200525,boston celtics,1.31,0.6747377757383746,-0.11609351378272925,0.0,1,0.0,993.4877958367925,ev trop bas (-0.116)
2022-12-29,22200526,memphis grizzlies,1.49,0.6315144862304803,-0.05904341551658432,0.0,1,0.0,993.4877958367925,ev trop bas (-0.059)
2022-12-29,22200527,new york knicks,1.43,0.609346461688508,-0.1286345597854336,0.0,0,0.0,993.4877958367925,ev trop bas (-0.129)
2022-12-29,22200528,dallas mavericks,1.16,0.7737186852718757,-0.1024863250846243,0.0,1,0.0,993.4877958367925,odds hors limites
2022-12-30,22200529,washington wizards,1.45,0.6180085122623744,-0.10388765721955717,0.0,1,0.0,993.4877958367925,ev trop bas (-0.104)
2022-12-30,22200530,atlanta hawks,1.32,0.6779151074264972,-0.10515205819702367,0.0,0,0.0,993.4877958367925,ev trop bas (-0.105)
2022-12-30,22200531,phoenix suns,1.92,0.4612390095011263,-0.1144211017578376,0.0,0,0.0,993.4877958367925,diff proba trop faible (0.062)
2022-12-30,22200532,chicago bulls,1.27,0.6428290452617555,-0.18360711251757045,0.0,1,0.0,993.4877958367925,ev trop bas (-0.184)
2022-12-30,22200533,milwaukee bucks,1.24,0.7148678964917841,-0.11356380835018776,0.0,1,0.0,993.4877958367925,ev trop bas (-0.114)
2022-12-30,22200534,philadelphia 76ers,1.72,0.524817776968018,-0.09731342361500905,0.0,0,0.0,993.4877958367925,ev trop bas (-0.097)
2022-12-30,22200535,miami heat,2.21,0.41405680645195947,-0.08493445774116959,0.0,0,0.0,993.4877958367925,ev trop bas (-0.085)
2022-12-30,22200536,golden state warriors,1.8,0.5123652809549474,-0.0777424942810947,0.0,1,0.0,993.4877958367925,diff proba trop faible (0.042)
2022-12-30,22200537,sacramento kings,1.53,0.5550002572937133,-0.15084960634061872,0.0,1,0.0,993.4877958367925,ev trop bas (-0.151)
2022-12-31,22200538,los angeles clippers,1.59,0.5115535202987842,-0.18662990272493307,0.0,0,0.0,993.4877958367925,ev trop bas (-0.187)
2022-12-31,22200539,charlotte hornets,2.76,0.3360417950949099,-0.07252464553804883,0.0,0,0.0,993.4877958367925,odds hors limites
2022-12-31,22200540,chicago bulls,1.88,0.48319031436138615,-0.09160220900059413,0.0,0,0.0,993.4877958367925,diff proba trop faible (0.008)
2022-12-31,22200541,new york knicks,1.53,0.573702557684359,-0.12223508674293082,0.0,1,0.0,993.4877958367925,ev trop bas (-0.122)
2022-12-31,22200542,dallas mavericks,1.3,0.6672050113424853,-0.13263348525476903,0.0,1,0.0,993.4877958367925,ev trop bas (-0.133)
2022-12-31,22200543,memphis grizzlies,1.34,0.7014938779913538,-0.05999820349158591,0.0,1,0.0,993.4877958367925,ev trop bas (-0.060)
2022-12-31,22200544,minnesota timberwolves,1.31,0.6918636063321361,-0.09365867570490172,0.0,0,0.0,993.4877958367925,ev trop bas (-0.094)
2022-12-31,22200545,philadelphia 76ers,1.62,0.6053771115468138,-0.01928907929416146,0.0,1,0.0,993.4877958367925,ev trop bas (-0.019)
2022-12-31,22200546,utah jazz,1.51,0.6030437948806137,-0.08940386973027337,0.0,0,0.0,993.4877958367925,ev trop bas (-0.089)
2023-01-01,22200547,memphis grizzlies,1.51,0.6527466450712593,-0.014352565942398421,0.0,1,0.0,993.4877958367925,ev trop bas (-0.014)
2023-01-01,22200548,milwaukee bucks,1.62,0.5891500299443979,-0.045576951490075346,0.0,0,0.0,993.4877958367925,ev trop bas (-0.046)
2023-01-01,22200549,boston celtics,1.55,0.5937355006076332,-0.07970997405816849,0.0,0,0.0,993.4877958367925,ev trop bas (-0.080)
2023-01-02,22200550,new york knicks,1.64,0.5631486967175158,-0.07643613738327415,0.0,1,0.0,993.4877958367925,ev trop bas (-0.076)
2023-01-02,22200551,charlotte hornets,1.69,0.5783162320616254,-0.02264556781585303,0.0,0,0.0,993.4877958367925,ev trop bas (-0.023)
2023-01-02,22200552,chicago bulls,2.21,0.42452466824191437,-0.06180048318536924,0.0,0,0.0,993.4877958367925,ev trop bas (-0.062)
2023-01-02,22200553,toronto raptors,1.69,0.5275300309675611,-0.10847424766482172,0.0,0,0.0,993.4877958367925,ev trop bas (-0.108)
2023-01-02,22200554,philadelphia 76ers,1.44,0.638128150857105,-0.08109546276576896,0.0,1,0.0,993.4877958367925,ev trop bas (-0.081)
2023-01-02,22200555,brooklyn nets,1.08,0.8407123294192541,-0.0920306842272055,0.0,1,0.0,993.4877958367925,odds hors limites
2023-01-02,22200556,dallas mavericks,1.3,0.7371531640047118,-0.041700886793874736,0.0,1,0.0,993.4877958367925,ev trop bas (-0.042)
2023-01-02,22200557,denver nuggets,1.48,0.5900671832836207,-0.12670056874024127,0.0,0,0.0,993.4877958367925,ev trop bas (-0.127)
2023-01-02,22200558,atlanta hawks,1.88,0.4910854256710373,-0.07675939973844992,0.0,0,0.0,993.4877958367925,diff proba trop faible (0.014)
2023-01-02,22200559,portland trail blazers,1.18,0.7696501526916343,-0.09181281982387157,0.0,1,0.0,993.4877958367925,odds hors limites
2023-01-02,22200560,miami heat,1.78,0.5036609950162113,-0.10348342887114381,0.0,1,0.0,993.4877958367925,ev trop bas (-0.103)
2023-01-03,22200561,milwaukee bucks,1.29,0.72149986800733,-0.06926517027054424,0.0,1,0.0,993.4877958367925,ev trop bas (-0.069)
2023-01-03,22200562,boston celtics,1.14,0.8025624158781359,-0.08507884589892512,0.0,0,0.0,993.4877958367925,odds hors limites
2023-01-03,22200563,sacramento kings,2.17,0.36490221115737803,-0.20816220178848965,0.0,1,0.0,993.4877958367925,ev trop bas (-0.208)
2023-01-04,22200564,memphis grizzlies,1.31,0.7174772209417222,-0.06010484056634391,0.0,1,0.0,993.4877958367925,ev trop bas (-0.060)
2023-01-04,22200565,phoenix suns,2.54,0.39538719098239317,0.004283465095278549,0.0,0,0.0,993.4877958367925,odds hors limites
2023-01-04,22200566,orlando magic,1.89,0.4964655744919689,-0.06168006421017891,0.0,1,0.0,993.4877958367925,ev trop bas (-0.062)
2023-01-04,22200567,philadelphia 76ers,1.45,0.6279454645324652,-0.08947907642792541,0.0,1,0.0,993.4877958367925,ev trop bas (-0.089)
2023-01-04,22200568,new york knicks,1.18,0.7782735500751321,-0.08163721091134413,0.0,1,0.0,993.4877958367925,odds hors limites
2023-01-04,22200569,milwaukee bucks,2.54,0.39295392980517646,-0.0018970182948517822,0.0,1,0.0,993.4877958367925,odds hors limites
2023-01-04,22200570,brooklyn nets,1.46,0.6067157842458539,-0.11419495500105326,0.0,0,0.0,993.4877958367925,ev trop bas (-0.114)
2023-01-04,22200571,portland trail blazers,1.73,0.5366064785192706,-0.07167079216166194,0.0,0,0.0,993.4877958367925,ev trop bas (-0.072)
2023-01-04,22200572,new orleans pelicans,1.32,0.6769045895880206,-0.10648594174381276,0.0,1,0.0,993.4877958367925,ev trop bas (-0.106)
2023-01-04,22200573,detroit pistons,2.92,0.30546067913568486,-0.10805481692380026,0.0,1,0.0,993.4877958367925,odds hors limites
2023-01-04,22200574,miami heat,1.25,0.7566530656630847,-0.05418366792114415,0.0,0,0.0,993.4877958367925,ev trop bas (-0.054)
2023-01-04,22200575,atlanta hawks,1.94,0.49903471337892913,-0.031872656044877545,0.0,1,0.0,993.4877958367925,diff proba trop faible (0.020)
2023-01-05,22200576,memphis grizzlies,1.33,0.7426405392105007,-0.012288082850034021,0.0,1,0.0,993.4877958367925,ev trop bas (-0.012)
2023-01-05,22200577,boston celtics,1.58,0.5728979617994496,-0.09482122035686957,0.0,1,0.0,993.4877958367925,ev trop bas (-0.095)
2023-01-05,22200578,houston rockets,2.95,0.3257707478100651,-0.038976293960307884,0.0,0,0.0,993.4877958367925,odds hors limites
2023-01-05,22200579,denver nuggets,1.49,0.5489650582219079,-0.18204206324935723,0.0,1,0.0,993.4877958367925,ev trop bas (-0.182)
2023-01-06,22200580,indiana pacers,1.75,0.5202472329898272,-0.08956734226780239,0.0,1,0.0,993.4877958367925,ev trop bas (-0.090)
2023-01-06,22200581,philadelphia 76ers,1.43,0.6161212030409112,-0.11894667965149697,0.0,0,0.0,993.4877958367925,ev trop bas (-0.119)
2023-01-06,22200582,toronto raptors,1.52,0.5822510590056683,-0.11497839031138413,0.0,0,0.0,993.4877958367925,ev trop bas (-0.115)
2023-01-06,22200583,charlotte hornets,4.12,0.22669688358390028,-0.0660088396343308,0.0,1,0.0,993.4877958367925,odds hors limites
2023-01-06,22200584,washington wizards,1.82,0.5135346770884596,-0.06536688769900356,0.0,0,0.0,993.4877958367925,ev trop bas (-0.065)
2023-01-06,22200585,detroit pistons,1.91,0.46223818878940637,-0.11712505941223383,0.0,0,0.0,993.4877958367925,diff proba trop faible (0.005)
2023-01-06,22200586,brooklyn nets,1.48,0.618076278408957,-0.08524710795474366,0.0,1,0.0,993.4877958367925,ev trop bas (-0.085)
2023-01-06,22200587,los angeles clippers,2.56,0.35534547181373494,-0.0903155921568386,0.0,0,0.0,993.4877958367925,odds hors limites
2023-01-06,22200588,denver nuggets,1.43,0.6366530652472848,-0.08958611669638272,0.0,1,0.0,993.4877958367925,ev trop bas (-0.090)
2023-01-06,22200589,phoenix suns,1.82,0.5452688600769391,-0.007610674659970784,0.0,0,0.0,993.4877958367925,ev trop bas (-0.008)
2023-01-06,22200590,atlanta hawks,1.64,0.5777577766637144,-0.052477246271508404,0.0,0,0.0,993.4877958367925,ev trop bas (-0.052)
2023-01-07,22200591,san antonio spurs,6.83,0.14555578317032056,-0.005854000946710625,0.0,0,0.0,993.4877958367925,odds hors limites
2023-01-07,22200592,utah jazz,1.66,0.5286593441922904,-0.12242548864079794,0.0,0,0.0,993.4877958367925,ev trop bas (-0.122)
2023-01-07,22200593,new orleans pelicans,3.51,0.2735040174110042,-0.040000898887375236,0.0,0,0.0,993.4877958367925,odds hors limites
2023-01-07,22200594,golden state warriors,1.33,0.6597320624904623,-0.12255635688768507,0.0,0,0.0,993.4877958367925,ev trop bas (-0.123)
2023-01-07,22200595,sacramento kings,1.27,0.6881275903762935,-0.12607796022210727,0.0,0,0.0,993.4877958367925,ev trop bas (-0.126)
2023-01-08,22200596,philadelphia 76ers,1.39,0.6327665421846531,-0.12045450636333221,0.0,1,0.0,993.4877958367925,ev trop bas (-0.120)
2023-01-08,22200597,portland trail blazers,2.1,0.4557201048747052,-0.04298777976311896,0.0,0,0.0,993.4877958367925,ev trop bas (-0.043)
2023-01-08,22200598,indiana pacers,1.41,0.6148419360840016,-0.13307287012155777,0.0,1,0.0,993.4877958367925,ev trop bas (-0.133)
2023-01-08,22200599,miami heat,1.97,0.45358349129367326,-0.10644052215146371,0.0,0,0.0,993.4877958367925,diff proba trop faible (0.066)
2023-01-08,22200600,memphis grizzlies,1.39,0.682588674009767,-0.051201743126424004,0.0,1,0.0,993.4877958367925,ev trop bas (-0.051)
2023-01-08,22200601,minnesota timberwolves,1.54,0.5850355928691475,-0.09904518698151277,0.0,1,0.0,993.4877958367925,ev trop bas (-0.099)
2023-01-08,22200602,dallas mavericks,2.26,0.4223128853664693,-0.045572879071779426,0.0,0,0.0,993.4877958367925,ev trop bas (-0.046)
2023-01-08,22200603,phoenix suns,2.7,0.35058997728597635,-0.05340706132786377,0.0,0,0.0,993.4877958367925,odds hors limites
2023-01-08,22200604,los angeles clippers,1.66,0.5627690178956463,-0.06580343029322722,0.0,0,0.0,993.4877958367925,ev trop bas (-0.066)
2023-01-09,22200605,washington wizards,1.73,0.549388496911641,-0.049557900342861005,0.0,0,0.0,993.4877958367925,diff proba trop faible (0.058)
2023-01-09,22200606,chicago bulls,3.53,0.2583801295513072,-0.08791814268388576,0.0,0,0.0,993.4877958367925,odds hors limites
2023-01-09,22200607,milwaukee bucks,1.82,0.5408651724630534,-0.015625386117242734,0.0,1,0.0,993.4877958367925,ev trop bas (-0.016)
2023-01-09,22200608,san antonio spurs,4.27,0.2306466213367061,-0.015138926892265037,0.0,0,0.0,993.4877958367925,odds hors limites
2023-01-09,22200609,denver nuggets,1.09,0.8306532520487092,-0.09458795526690689,0.0,1,0.0,993.4877958367925,odds hors limites
2023-01-09,22200610,sacramento kings,1.33,0.6546905156396359,-0.12926161419928428,0.0,1,0.0,993.4877958367925,ev trop bas (-0.129)
2023-01-10,22200611,miami heat,1.73,0.5714639875609535,-0.011367301519550455,0.0,1,0.0,993.4877958367925,ev trop bas (-0.011)
2023-01-10,22200612,detroit pistons,6.68,0.151032504547602,0.008897130377981233,0.0,0,0.0,993.4877958367925,odds hors limites
2023-01-10,22200613,charlotte hornets,3.11,0.2950957721403364,-0.0822521486435539,0.0,0,0.0,993.4877958367925,odds hors limites
2023-01-10,22200614,cleveland cavaliers,1.64,0.5830480960347928,-0.04380112250293988,0.0,0,0.0,993.4877958367925,ev trop bas (-0.044)
2023-01-10,22200615,phoenix suns,4.65,0.19807572565937,-0.07894787568392936,0.0,1,0.0,993.4877958367925,odds hors limites
2023-01-10,22200616,portland trail blazers,1.25,0.7314379087965537,-0.0857026140043079,0.0,0,0.0,993.4877958367925,ev trop bas (-0.086)
2023-01-10,22200617,dallas mavericks,1.84,0.49415718823149574,-0.09075077365404782,0.0,0,0.0,993.4877958367925,diff proba trop faible (0.010)
2023-01-11,22200618,minnesota timberwolves,1.38,0.6458745668176342,-0.1086930977916648,0.0,0,0.0,993.4877958367925,ev trop bas (-0.109)
2023-01-11,22200619,washington wizards,1.88,0.4783603408209372,-0.10068255925663816,0.0,1,0.0,993.4877958367925,diff proba trop faible (0.036)
2023-01-11,22200620,atlanta hawks,2.35,0.40360978226277194,-0.0515170116824859,0.0,0,0.0,993.4877958367925,ev trop bas (-0.052)
2023-01-11,22200621,new orleans pelicans,3.61,0.2689753881957712,-0.02899884861326596,0.0,0,0.0,993.4877958367925,odds hors limites
2023-01-11,22200622,new york knicks,1.46,0.599256908092111,-0.12508491418551804,0.0,1,0.0,993.4877958367925,ev trop bas (-0.125)
2023-01-11,22200623,san antonio spurs,6.0,0.16226457196593555,-0.026412568204386755,0.0,0,0.0,993.4877958367925,odds hors limites
2023-01-11,22200624,phoenix suns,6.55,0.16281620320673926,0.0664461310041422,0.0,0,0.0,993.4877958367925,odds hors limites
2023-01-11,22200625,sacramento kings,1.21,0.7256609966379511,-0.12195019406807917,0.0,1,0.0,993.4877958367925,ev trop bas (-0.122)
2023-01-12,22200626,philadelphia 76ers,1.17,0.7955447654643623,-0.06921262440669618,0.0,0,0.0,993.4877958367925,odds hors limites
2023-01-12,22200627,boston celtics,1.78,0.5293883065303859,-0.057688814375913,0.0,1,0.0,993.4877958367925,ev trop bas (-0.058)
2023-01-12,22200628,miami heat,1.38,0.6955073227554152,-0.04019989459752715,0.0,1,0.0,993.4877958367925,ev trop bas (-0.040)
2023-01-12,22200629,charlotte hornets,3.11,0.3082767901311586,-0.04125918269209672,0.0,0,0.0,993.4877958367925,odds hors limites
2023-01-12,22200630,dallas mavericks,1.65,0.6155068838830541,0.015586358407039258,0.0,1,0.0,993.4877958367925,ev trop bas (0.016)
2023-01-12,22200631,cleveland cavaliers,1.76,0.5746018947107522,0.011299334690923812,0.0,1,0.0,993.4877958367925,ev trop bas (0.011)
2023-01-13,22200632,new orleans pelicans,1.4,0.6276799189707759,-0.1212481134409138,0.0,1,0.0,993.4877958367925,ev trop bas (-0.121)
2023-01-13,22200633,atlanta hawks,1.55,0.5994716547624926,-0.07081893511813642,0.0,1,0.0,993.4877958367925,ev trop bas (-0.071)
2023-01-13,22200634,washington wizards,2.17,0.4079972841582349,-0.11464589337663034,0.0,0,0.0,993.4877958367925,ev trop bas (-0.115)
2023-01-13,22200635,san antonio spurs,3.46,0.29009751423748403,0.003737399261694696,0.0,0,0.0,993.4877958367925,odds hors limites
2023-01-13,22200636,chicago bulls,1.48,0.6184080673045335,-0.08475606038929051,0.0,0,0.0,993.4877958367925,ev trop bas (-0.085)
2023-01-13,22200637,phoenix suns,2.67,0.3476603755932202,-0.071746797166102,0.0,0,0.0,993.4877958367925,odds hors limites
2023-01-13,22200638,orlando magic,2.62,0.34613833494604257,-0.09311756244136848,0.0,0,0.0,993.4877958367925,odds hors limites
2023-01-13,22200639,los angeles clippers,1.48,0.6341767419823272,-0.06141842186615576,0.0,0,0.0,993.4877958367925,ev trop bas (-0.061)
2023-01-13,22200640,sacramento kings,1.2,0.7303402838038391,-0.12359165943539308,0.0,1,0.0,993.4877958367925,ev trop bas (-0.124)
2023-01-14,22200641,miami heat,1.52,0.635575111294421,-0.03392583083248002,0.0,1,0.0,993.4877958367925,ev trop bas (-0.034)
2023-01-14,22200642,charlotte hornets,3.21,0.30239116951339057,-0.029324345862016266,0.0,0,0.0,993.4877958367925,odds hors limites
2023-01-14,22200643,memphis grizzlies,1.27,0.6915232806996617,-0.12176543351142954,0.0,1,0.0,993.4877958367925,ev trop bas (-0.122)
2023-01-14,22200644,toronto raptors,1.3,0.6808800048183096,-0.11485599373619748,0.0,0,0.0,993.4877958367925,ev trop bas (-0.115)
2023-01-14,22200645,cleveland cavaliers,1.5,0.627875611992954,-0.05818658201056892,0.0,0,0.0,993.4877958367925,ev trop bas (-0.058)
2023-01-14,22200646,philadelphia 76ers,1.3,0.7176834479887393,-0.06701151761463886,0.0,1,0.0,993.4877958367925,ev trop bas (-0.067)
2023-01-14,22200647,dallas mavericks,2.12,0.4937405027854996,0.04672986590525907,0.0,0,0.0,993.4877958367925,diff proba trop faible (0.012)
2023-01-15,22200648,new york knicks,1.26,0.7360258478584604,-0.07260743169833994,0.0,1,0.0,993.4877958367925,ev trop bas (-0.073)
2023-01-15,22200649,los angeles clippers,1.19,0.762569522503989,-0.09254226822025313,0.0,1,0.0,993.4877958367925,odds hors limites
2023-01-15,22200650,chicago bulls,2.61,0.3563320652261061,-0.06997330975986304,0.0,1,0.0,993.4877958367925,odds hors limites
2023-01-15,22200651,brooklyn nets,1.48,0.6198846142341458,-0.08257077093346432,0.0,0,0.0,993.4877958367925,ev trop bas (-0.083)
2023-01-15,22200652,san antonio spurs,2.9,0.3131415971652606,-0.09188936822074434,0.0,0,0.0,993.4877958367925,odds hors limites
2023-01-15,22200653,denver nuggets,1.17,0.7535626950368799,-0.1183316468068506,0.0,1,0.0,993.4877958367925,odds hors limites
2023-01-15,22200654,dallas mavericks,3.68,0.3036838137624585,0.11755643464584731,0.0,0,0.0,993.4877958367925,odds hors limites
2023-01-15,22200655,philadelphia 76ers,1.47,0.635679570356414,-0.06555103157607145,0.0,1,0.0,993.4877958367925,ev trop bas (-0.066)
2023-01-16,22200656,charlotte hornets,3.38,0.2868247736073755,-0.030532265207070752,0.0,0,0.0,993.4877958367925,odds hors limites
2023-01-16,22200657,milwaukee bucks,1.41,0.6769643123875473,-0.045480319533558355,0.0,1,0.0,993.4877958367925,ev trop bas (-0.045)
2023-01-16,22200658,new orleans pelicans,3.0,0.3263401431037998,-0.02097957068860068,0.0,0,0.0,993.4877958367925,odds hors limites
2023-01-16,22200659,new york knicks,1.74,0.5176990255098751,-0.09920369561281728,0.0,0,0.0,993.4877958367925,ev trop bas (-0.099)
2023-01-16,22200660,washington wizards,2.14,0.4466150034619795,-0.04424389259136374,0.0,0,0.0,993.4877958367925,diff proba trop faible (0.032)
2023-01-16,22200661,miami heat,1.88,0.47005322032290764,-0.11629994579293368,0.0,0,0.0,993.4877958367925,diff proba trop faible (0.009)
2023-01-16,22200662,minnesota timberwolves,1.53,0.5738219589508767,-0.12205240280515861,0.0,0,0.0,993.4877958367925,ev trop bas (-0.122)
2023-01-16,22200663,phoenix suns,5.07,0.19981795114398884,0.01307701230002345,0.0,0,0.0,993.4877958367925,odds hors limites
2023-01-16,22200664,houston rockets,3.1,0.3219538623955645,-0.0019430265737500063,0.0,0,0.0,993.4877958367925,odds hors limites
2023-01-17,22200665,milwaukee bucks,1.75,0.5909936217761202,0.03423883810821038,0.0,1,0.0,993.4877958367925,ev trop bas (0.034)
2023-01-17,22200666,brooklyn nets,1.64,0.5951523712348072,-0.02395011117491619,0.0,0,0.0,993.4877958367925,ev trop bas (-0.024)
2023-01-17,22200667,portland trail blazers,2.71,0.33600616069683953,-0.08942330451156488,0.0,0,0.0,993.4877958367925,odds hors limites
2023-01-17,22200668,los angeles clippers,1.76,0.5237841693230534,-0.07813986199142609,0.0,0,0.0,993.4877958367925,diff proba trop faible (0.032)
2023-01-18,22200669,new york knicks,1.43,0.6349277540714543,-0.09205331167782038,0.0,0,0.0,993.4877958367925,ev trop bas (-0.092)
2023-01-18,22200670,dallas mavericks,1.68,0.5471355908993285,-0.08081220728912819,0.0,0,0.0,993.4877958367925,ev trop bas (-0.081)
2023-01-18,22200671,charlotte hornets,1.63,0.6122889276409564,-0.001969047945241109,0.0,1,0.0,993.4877958367925,ev trop bas (-0.002)
2023-01-18,22200672,cleveland cavaliers,3.2,0.30147839925796566,-0.035269122374509854,0.0,0,0.0,993.4877958367925,odds hors limites
2023-01-18,22200673,miami heat,1.58,0.6174186977407611,-0.024478457569597434,0.0,1,0.0,993.4877958367925,ev trop bas (-0.024)
2023-01-18,22200674,oklahoma city thunder,1.53,0.5530186907065278,-0.15388140321901256,0.0,1,0.0,993.4877958367925,ev trop bas (-0.154)
2023-01-18,22200675,utah jazz,1.23,0.7158143287253674,-0.11954837566779808,0.0,1,0.0,993.4877958367925,ev trop bas (-0.120)
2023-01-18,22200676,denver nuggets,1.18,0.7496086246875051,-0.11546182286874407,0.0,1,0.0,993.4877958367925,odds hors limites
2023-01-18,22200677,los angeles lakers,1.65,0.5680675290126592,-0.06268857712911236,0.0,0,0.0,993.4877958367925,ev trop bas (-0.063)
2023-01-19,22200678,chicago bulls,1.31,0.7012795463796594,-0.08132379424264613,0.0,1,0.0,993.4877958367925,ev trop bas (-0.081)
2023-01-19,22200679,golden state warriors,3.01,0.29403766140329124,-0.11494663917609338,0.0,0,0.0,993.4877958367925,odds hors limites
2023-01-19,22200680,toronto raptors,1.5,0.5988320903041533,-0.10175186454377005,0.0,0,0.0,993.4877958367925,ev trop bas (-0.102)
2023-01-19,22200681,brooklyn nets,1.55,0.6101076734562192,-0.054333106142860244,0.0,0,0.0,993.4877958367925,ev trop bas (-0.054)
2023-01-19,22200682,philadelphia 76ers,1.69,0.5103802699622385,-0.1374573437638169,0.0,1,0.0,993.4877958367925,ev trop bas (-0.137)
2023-01-20,22200683,new orleans pelicans,1.82,0.4835718977934755,-0.11989914601587459,0.0,0,0.0,993.4877958367925,diff proba trop faible (0.033)
2023-01-20,22200684,atlanta hawks,1.58,0.5374422184245758,-0.15084129488917009,0.0,1,0.0,993.4877958367925,ev trop bas (-0.151)
2023-01-20,22200685,golden state warriors,4.4,0.21214964633814906,-0.06654155611214407,0.0,1,0.0,993.4877958367925,odds hors limites
2023-01-20,22200686,dallas mavericks,2.0,0.4868168343564697,-0.026366331287060563,0.0,1,0.0,993.4877958367925,diff proba trop faible (0.021)
2023-01-20,22200687,san antonio spurs,3.21,0.27253315668772204,-0.1251685670324122,0.0,0,0.0,993.4877958367925,odds hors limites
2023-01-20,22200688,indiana pacers,3.38,0.2688425841588929,-0.09131206554294202,0.0,0,0.0,993.4877958367925,odds hors limites
2023-01-20,22200689,brooklyn nets,2.46,0.38478472832539246,-0.053429568319534604,0.0,1,0.0,993.4877958367925,ev trop bas (-0.053)
2023-01-20,22200690,memphis grizzlies,1.34,0.6823486521564998,-0.08565280611029025,0.0,0,0.0,993.4877958367925,ev trop bas (-0.086)
2023-01-20,22200691,sacramento kings,1.41,0.6184704273325478,-0.12795669746110772,0.0,1,0.0,993.4877958367925,ev trop bas (-0.128)
2023-01-21,22200692,boston celtics,1.6,0.5669069882932586,-0.0929488187307862,0.0,1,0.0,993.4877958367925,ev trop bas (-0.093)
2023-01-21,22200693,washington wizards,1.34,0.6819311783787698,-0.0862122209724484,0.0,1,0.0,993.4877958367925,ev trop bas (-0.086)
2023-01-21,22200694,atlanta hawks,1.28,0.724794029521764,-0.0722636422121421,0.0,0,0.0,993.4877958367925,ev trop bas (-0.072)
2023-01-21,22200695,cleveland cavaliers,1.61,0.5809833541642856,-0.06461679979550017,0.0,1,0.0,993.4877958367925,ev trop bas (-0.065)
2023-01-21,22200696,minnesota timberwolves,1.25,0.7137745376867625,-0.10778182789154689,0.0,1,0.0,993.4877958367925,ev trop bas (-0.108)
2023-01-21,22200697,phoenix suns,1.61,0.5640125285295404,-0.09193982906743992,0.0,1,0.0,993.4877958367925,ev trop bas (-0.092)
2023-01-21,22200698,philadelphia 76ers,2.3,0.4080924190528371,-0.06138743617847475,0.0,1,0.0,993.4877958367925,ev trop bas (-0.061)
2023-01-22,22200699,new orleans pelicans,3.1,0.31410851759684466,-0.02626359544978152,0.0,0,0.0,993.4877958367925,odds hors limites
2023-01-22,22200700,toronto raptors,1.7,0.5115119235950073,-0.13042972988848767,0.0,1,0.0,993.4877958367925,ev trop bas (-0.130)
2023-01-22,22200701,dallas mavericks,1.72,0.5751316962527133,-0.010773482445333049,0.0,0,0.0,993.4877958367925,ev trop bas (-0.011)
2023-01-22,22200702,oklahoma city thunder,2.17,0.40662259633120773,-0.11762896596127925,0.0,1,0.0,993.4877958367925,ev trop bas (-0.118)
2023-01-22,22200703,memphis grizzlies,1.23,0.7566564816105597,-0.06931252761901163,0.0,0,0.0,993.4877958367925,ev trop bas (-0.069)
2023-01-22,22200704,brooklyn nets,3.13,0.2849090851473179,-0.10823456348889504,0.0,1,0.0,993.4877958367925,odds hors limites
2023-01-22,22200705,portland trail blazers,1.42,0.6513487588846577,-0.07508476238378614,0.0,0,0.0,993.4877958367925,ev trop bas (-0.075)
2023-01-23,22200706,detroit pistons,4.42,0.23622268902953583,0.04410428551054846,0.0,0,0.0,993.4877958367925,odds hors limites
2023-01-23,22200707,boston celtics,1.3,0.6565243528897526,-0.14651834124332153,0.0,0,0.0,993.4877958367925,ev trop bas (-0.147)
2023-01-23,22200708,chicago bulls,1.78,0.4942929204644693,-0.12015860157324465,0.0,1,0.0,993.4877958367925,diff proba trop faible (0.058)
2023-01-23,22200709,houston rockets,2.8,0.40339749403660424,0.12951298330249172,0.0,1,0.0,993.4877958367925,odds hors limites
2023-01-23,22200710,charlotte hornets,3.48,0.26247400294161427,-0.0865904697631823,0.0,0,0.0,993.4877958367925,odds hors limites
2023-01-23,22200711,portland trail blazers,1.24,0.7371211329874511,-0.08596979509556069,0.0,1,0.0,993.4877958367925,ev trop bas (-0.086)
2023-01-23,22200712,memphis grizzlies,2.2,0.4883400577674044,0.07434812708828975,19.86975591673585,0,-19.86975591673585,973.6180399200567,bet placed
2023-01-24,22200713,chicago bulls,1.75,0.5477416126588492,-0.04145217784701383,0.0,0,0.0,973.6180399200567,ev trop bas (-0.041)
2023-01-24,22200714,miami heat,1.66,0.5950820344146026,-0.012163822871759766,0.0,1,0.0,973.6180399200567,ev trop bas (-0.012)
2023-01-24,22200715,cleveland cavaliers,1.6,0.5703300532686545,-0.08747191477015281,0.0,0,0.0,973.6180399200567,ev trop bas (-0.087)
2023-01-24,22200716,new orleans pelicans,2.11,0.4289045086921604,-0.09501148665954162,0.0,0,0.0,973.6180399200567,diff proba trop faible (0.069)
2023-01-24,22200717,dallas mavericks,1.32,0.704359925366981,-0.07024489851558502,0.0,0,0.0,973.6180399200567,ev trop bas (-0.070)
2023-01-24,22200718,charlotte hornets,3.27,0.30105674418833944,-0.015544446504130005,0.0,0,0.0,973.6180399200567,odds hors limites
2023-01-24,22200719,los angeles clippers,1.51,0.6192339085647858,-0.06495679806717347,0.0,1,0.0,973.6180399200567,ev trop bas (-0.065)
2023-01-25,22200720,orlando magic,1.45,0.5803685079638556,-0.1584656634524093,0.0,1,0.0,973.6180399200567,ev trop bas (-0.158)
2023-01-25,22200721,philadelphia 76ers,1.3,0.7048620275379465,-0.08367936420066957,0.0,1,0.0,973.6180399200567,ev trop bas (-0.084)
2023-01-25,22200722,washington wizards,1.71,0.5275216193633813,-0.09793803088861808,0.0,1,0.0,973.6180399200567,ev trop bas (-0.098)
2023-01-25,22200723,denver nuggets,5.02,0.19980657287530232,0.0030289958340175005,0.0,0,0.0,973.6180399200567,odds hors limites
2023-01-25,22200724,new orleans pelicans,1.64,0.5608719754642444,-0.0801699602386392,0.0,0,0.0,973.6180399200567,ev trop bas (-0.080)
2023-01-25,22200725,atlanta hawks,1.77,0.5168895854754335,-0.08510543370848267,0.0,1,0.0,973.6180399200567,diff proba trop faible (0.052)
2023-01-25,22200726,memphis grizzlies,2.11,0.5212988397322296,0.09994055183500428,0.0,0,0.0,973.6180399200567,diff proba trop faible (0.005)
2023-01-25,22200727,portland trail blazers,1.55,0.602541059795239,-0.06606135731737961,0.0,1,0.0,973.6180399200567,ev trop bas (-0.066)
2023-01-25,22200728,sacramento kings,1.61,0.5787978096610064,-0.06813552644577969,0.0,0,0.0,973.6180399200567,ev trop bas (-0.068)
2023-01-25,22200729,los angeles lakers,1.28,0.6531200891481905,-0.16400628589031607,0.0,1,0.0,973.6180399200567,ev trop bas (-0.164)
2023-01-26,22200730,boston celtics,1.24,0.7669298659085451,-0.04900696627340417,0.0,0,0.0,973.6180399200567,ev trop bas (-0.049)
2023-01-26,22200731,brooklyn nets,1.24,0.7194154896786986,-0.10792479279841372,0.0,0,0.0,973.6180399200567,ev trop bas (-0.108)
2023-01-26,22200732,chicago bulls,1.54,0.5769284412337529,-0.1115302005000206,0.0,0,0.0,973.6180399200567,ev trop bas (-0.112)
2023-01-26,22200733,cleveland cavaliers,1.22,0.7724636568567462,-0.05759433863476959,0.0,1,0.0,973.6180399200567,ev trop bas (-0.058)
2023-01-26,22200734,dallas mavericks,1.88,0.5264684951813906,-0.010239229058985666,0.0,1,0.0,973.6180399200567,diff proba trop faible (0.012)
2023-01-26,22200735,san antonio spurs,5.75,0.16972963544528166,-0.02405459618963046,0.0,0,0.0,973.6180399200567,odds hors limites
2023-01-27,22200736,milwaukee bucks,1.36,0.6876483950530144,-0.06479818272790028,0.0,1,0.0,973.6180399200567,ev trop bas (-0.065)
2023-01-27,22200737,memphis grizzlies,1.73,0.5659954832375452,-0.020827813999046763,0.0,0,0.0,973.6180399200567,ev trop bas (-0.021)
2023-01-27,22200738,miami heat,1.25,0.7449891278468003,-0.06876359019149969,0.0,1,0.0,973.6180399200567,ev trop bas (-0.069)
2023-01-27,22200739,cleveland cavaliers,1.88,0.5188551154495055,-0.024552382954929786,0.0,0,0.0,973.6180399200567,diff proba trop faible (0.061)
2023-01-27,22200740,golden state warriors,1.52,0.5756674885121255,-0.12498541746156933,0.0,1,0.0,973.6180399200567,ev trop bas (-0.125)
2023-01-28,22200741,philadelphia 76ers,1.62,0.5219119332375233,-0.15450266815521219,0.0,1,0.0,973.6180399200567,ev trop bas (-0.155)
2023-01-28,22200742,brooklyn nets,1.83,0.516724092761933,-0.054394910245662564,0.0,1,0.0,973.6180399200567,diff proba trop faible (0.062)
2023-01-28,22200743,houston rockets,2.67,0.37558924608462085,0.0028232870459377057,0.0,1,0.0,973.6180399200567,odds hors limites
2023-01-28,22200744,chicago bulls,1.65,0.6035242302451497,-0.004185020095503145,0.0,1,0.0,973.6180399200567,ev trop bas (-0.004)
2023-01-28,22200745,atlanta hawks,1.75,0.5197766531948781,-0.09039085690896331,0.0,0,0.0,973.6180399200567,diff proba trop faible (0.052)
2023-01-28,22200746,minnesota timberwolves,1.88,0.4850954635679282,-0.08802052849229502,0.0,1,0.0,973.6180399200567,diff proba trop faible (0.004)
2023-01-28,22200747,new orleans pelicans,1.4,0.6509384610392799,-0.08868615454500828,0.0,0,0.0,973.6180399200567,ev trop bas (-0.089)
2023-01-28,22200748,phoenix suns,1.41,0.6390161015778417,-0.0989872967752432,0.0,1,0.0,973.6180399200567,ev trop bas (-0.099)
2023-01-28,22200749,boston celtics,1.27,0.7491273384133714,-0.048608280215018285,0.0,1,0.0,973.6180399200567,ev trop bas (-0.049)
2023-01-28,22200750,dallas mavericks,3.07,0.31730327267308206,-0.025878952893638174,0.0,0,0.0,973.6180399200567,odds hors limites
2023-01-28,22200751,portland trail blazers,1.61,0.5886101196170849,-0.05233770741649335,0.0,0,0.0,973.6180399200567,ev trop bas (-0.052)
2023-01-29,22200752,miami heat,1.38,0.7234735782336673,-0.0016064620375392247,0.0,0,0.0,973.6180399200567,ev trop bas (-0.002)
2023-01-29,22200753,memphis grizzlies,1.24,0.7494267381435477,-0.07071084470200095,0.0,1,0.0,973.6180399200567,ev trop bas (-0.071)
2023-01-29,22200754,cleveland cavaliers,1.12,0.8205848493020355,-0.0809449687817202,0.0,1,0.0,973.6180399200567,odds hors limites
2023-01-29,22200755,new orleans pelicans,4.4,0.21245933787530003,-0.06517891334867987,0.0,0,0.0,973.6180399200567,odds hors limites
2023-01-30,22200756,philadelphia 76ers,1.2,0.7495518332733204,-0.10053780007201552,0.0,0,0.0,973.6180399200567,ev trop bas (-0.101)
2023-01-30,22200757,brooklyn nets,1.24,0.7701094409497081,-0.04506429322236194,0.0,1,0.0,973.6180399200567,ev trop bas (-0.045)
2023-01-30,22200758,sacramento kings,1.8,0.49515320359106096,-0.10872423353609029,0.0,1,0.0,973.6180399200567,diff proba trop faible (0.038)
2023-01-30,22200759,golden state warriors,1.45,0.6042293361334569,-0.12386746260648762,0.0,1,0.0,973.6180399200567,ev trop bas (-0.124)
2023-01-30,22200760,washington wizards,1.45,0.6319738717889788,-0.08363788590598076,0.0,1,0.0,973.6180399200567,ev trop bas (-0.084)
2023-01-30,22200761,dallas mavericks,1.18,0.792962575689608,-0.06430416068626255,0.0,1,0.0,973.6180399200567,odds hors limites
2023-01-30,22200762,phoenix suns,1.7,0.5710293337352486,-0.029250132650077476,0.0,1,0.0,973.6180399200567,ev trop bas (-0.029)
2023-01-30,22200763,portland trail blazers,1.42,0.6112478855977934,-0.13202800245113344,0.0,1,0.0,973.6180399200567,ev trop bas (-0.132)
2023-01-31,22200764,cleveland cavaliers,1.51,0.6128535117340055,-0.07459119728165176,0.0,0,0.0,973.6180399200567,ev trop bas (-0.075)
2023-01-31,22200765,los angeles lakers,1.97,0.46797920973216234,-0.07808095682764016,0.0,1,0.0,973.6180399200567,diff proba trop faible (0.053)
2023-01-31,22200766,chicago bulls,2.14,0.4299841399068241,-0.07983394059939641,0.0,0,0.0,973.6180399200567,ev trop bas (-0.080)
2023-01-31,22200767,charlotte hornets,4.8,0.2049457496873682,-0.016260401500632682,0.0,0,0.0,973.6180399200567,odds hors limites
2023-01-31,22200768,new orleans pelicans,3.17,0.31987893113257254,0.01401621169025491,0.0,0,0.0,973.6180399200567,odds hors limites
2023-03-07,22200769,detroit pistons,4.18,0.21674454604538979,-0.09400779753027078,0.0,0,0.0,973.6180399200567,odds hors limites
2023-02-01,22200770,philadelphia 76ers,1.18,0.7296290681897298,-0.13903769953611889,0.0,1,0.0,973.6180399200567,odds hors limites
2023-02-01,22200771,memphis grizzlies,1.38,0.6512602719567857,-0.10126082469963582,0.0,0,0.0,973.6180399200567,ev trop bas (-0.101)
2023-02-01,22200772,boston celtics,1.21,0.7723838936324345,-0.06541548870475422,0.0,1,0.0,973.6180399200567,ev trop bas (-0.065)
2023-02-01,22200773,oklahoma city thunder,1.39,0.6402380181413365,-0.11006915478354229,0.0,0,0.0,973.6180399200567,ev trop bas (-0.110)
2023-02-01,22200774,golden state warriors,1.45,0.6047355851013394,-0.12313340160305786,0.0,0,0.0,973.6180399200567,ev trop bas (-0.123)
2023-02-01,22200775,sacramento kings,1.28,0.7095733814753572,-0.09174607171154281,0.0,1,0.0,973.6180399200567,ev trop bas (-0.092)
2023-02-01,22200776,utah jazz,1.65,0.549899933813537,-0.09266510920766402,0.0,1,0.0,973.6180399200567,ev trop bas (-0.093)
2023-02-01,22200777,phoenix suns,1.75,0.5747173828894819,0.005755420056593463,0.0,0,0.0,973.6180399200567,ev trop bas (0.006)
2023-02-02,22200778,los angeles lakers,1.66,0.5859739207248601,-0.027283291596732262,0.0,1,0.0,973.6180399200567,ev trop bas (-0.027)
2023-02-02,22200779,cleveland cavaliers,1.34,0.6999959144948394,-0.062005474576915076,0.0,1,0.0,973.6180399200567,ev trop bas (-0.062)
2023-02-02,22200780,new york knicks,2.06,0.42308403504323044,-0.12844688781094526,0.0,1,0.0,973.6180399200567,ev trop bas (-0.128)
2023-02-02,22200781,charlotte hornets,2.8,0.33103080508198457,-0.07311374577044327,0.0,0,0.0,973.6180399200567,odds hors limites
2023-02-02,22200782,dallas mavericks,1.46,0.6306139133274228,-0.07930368654196274,0.0,1,0.0,973.6180399200567,ev trop bas (-0.079)
2023-02-02,22200783,denver nuggets,1.33,0.673103329301639,-0.10477257202882018,0.0,1,0.0,973.6180399200567,ev trop bas (-0.105)
2023-02-02,22200784,milwaukee bucks,1.5,0.5731697090505553,-0.14024543642416698,0.0,1,0.0,973.6180399200567,ev trop bas (-0.140)
2023-02-03,22200785,detroit pistons,1.88,0.46119212929347986,-0.13295879692825796,0.0,1,0.0,973.6180399200567,diff proba trop faible (0.004)
2023-02-03,22200786,sacramento kings,1.74,0.5151987522499061,-0.1035541710851634,0.0,0,0.0,973.6180399200567,ev trop bas (-0.104)
2023-02-03,22200787,washington wizards,1.48,0.5904577895880251,-0.12612247140972288,0.0,0,0.0,973.6180399200567,ev trop bas (-0.126)
2023-02-03,22200788,phoenix suns,4.15,0.24419324074259224,0.013401949081757847,0.0,1,0.0,973.6180399200567,odds hors limites
2023-02-03,22200789,toronto raptors,1.29,0.6665103918786814,-0.14020159447650093,0.0,1,0.0,973.6180399200567,ev trop bas (-0.140)
2023-02-03,22200790,minnesota timberwolves,1.41,0.63122471354123,-0.1099731539068658,0.0,0,0.0,973.6180399200567,ev trop bas (-0.110)
2023-02-03,22200791,philadelphia 76ers,1.15,0.7838668017344383,-0.09855317800539598,0.0,1,0.0,973.6180399200567,odds hors limites
2023-02-03,22200792,utah jazz,1.75,0.550607550470267,-0.03643678667703276,0.0,0,0.0,973.6180399200567,ev trop bas (-0.036)
2023-02-04,22200793,washington wizards,1.79,0.46968987117594985,-0.1592551305950498,0.0,0,0.0,973.6180399200567,diff proba trop faible (0.011)
2023-02-04,22200794,phoenix suns,1.46,0.631927970396527,-0.07738516322107059,0.0,1,0.0,973.6180399200567,ev trop bas (-0.077)
2023-02-04,22200795,los angeles clippers,1.63,0.5735482222735504,-0.06511639769411293,0.0,1,0.0,973.6180399200567,ev trop bas (-0.065)
2023-02-04,22200796,chicago bulls,1.6,0.590175562669415,-0.05571909972893607,0.0,1,0.0,973.6180399200567,ev trop bas (-0.056)
2023-02-04,22200797,miami heat,2.78,0.36348651050718706,0.010492499209979966,0.0,0,0.0,973.6180399200567,odds hors limites
2023-02-04,22200798,new orleans pelicans,1.79,0.5153628585268424,-0.07750048323695213,0.0,1,0.0,973.6180399200567,diff proba trop faible (0.025)
2023-02-04,22200799,oklahoma city thunder,1.19,0.7659938854747899,-0.08846727628500006,0.0,1,0.0,973.6180399200567,odds hors limites
2023-02-04,22200800,dallas mavericks,4.42,0.226822838956349,0.0025569481870626465,0.0,0,0.0,973.6180399200567,odds hors limites
2023-02-04,22200801,atlanta hawks,4.0,0.27370118249087516,0.09480472996350064,0.0,0,0.0,973.6180399200567,odds hors limites
2023-02-05,22200802,orlando magic,1.95,0.4595228019556708,-0.10393053618644199,0.0,1,0.0,973.6180399200567,diff proba trop faible (0.025)
2023-02-05,22200803,indiana pacers,2.33,0.38340765531822313,-0.1066601631085401,0.0,0,0.0,973.6180399200567,ev trop bas (-0.107)
2023-02-05,22200804,new york knicks,2.33,0.39063335844607694,-0.0898242748206407,0.0,1,0.0,973.6180399200567,ev trop bas (-0.090)
2023-02-05,22200805,memphis grizzlies,1.73,0.5198675107261257,-0.10062920644380258,0.0,0,0.0,973.6180399200567,ev trop bas (-0.101)
2023-02-05,22200806,minnesota timberwolves,1.26,0.7023187947673426,-0.11507831859314832,0.0,1,0.0,973.6180399200567,ev trop bas (-0.115)
2023-02-05,22200807,sacramento kings,1.71,0.5209922948594279,-0.10910317579037832,0.0,0,0.0,973.6180399200567,ev trop bas (-0.109)
2023-02-06,22200808,boston celtics,1.16,0.7733088122571354,-0.102961777781723,0.0,1,0.0,973.6180399200567,odds hors limites
2023-02-06,22200809,cleveland cavaliers,1.53,0.6259633972598113,-0.042276002192488615,0.0,1,0.0,973.6180399200567,ev trop bas (-0.042)
2023-02-06,22200810,brooklyn nets,3.32,0.3003379727230174,-0.002877930559582409,0.0,0,0.0,973.6180399200567,odds hors limites
2023-02-06,22200811,chicago bulls,1.2,0.7492821142745627,-0.10086146287052478,0.0,1,0.0,973.6180399200567,ev trop bas (-0.101)
2023-02-06,22200812,sacramento kings,1.32,0.6827096341420842,-0.0988232829324488,0.0,1,0.0,973.6180399200567,ev trop bas (-0.099)
2023-02-06,22200813,dallas mavericks,3.63,0.2688088231205438,-0.02422397207242588,0.0,1,0.0,973.6180399200567,odds hors limites
2023-02-06,22200814,golden state warriors,1.59,0.5758788851478264,-0.08435257261495599,0.0,1,0.0,973.6180399200567,ev trop bas (-0.084)
2023-02-06,22200815,portland trail blazers,2.35,0.36716274345302424,-0.13716755288539295,0.0,0,0.0,973.6180399200567,ev trop bas (-0.137)
2023-02-07,22200816,new york knicks,1.76,0.5459630683435565,-0.03910499971534065,0.0,1,0.0,973.6180399200567,ev trop bas (-0.039)
2023-02-07,22200817,phoenix suns,1.32,0.6911963003000466,-0.08762088360393838,0.0,1,0.0,973.6180399200567,ev trop bas (-0.088)
2023-02-07,22200818,atlanta hawks,1.86,0.5192402372221845,-0.034213158766736806,0.0,0,0.0,973.6180399200567,diff proba trop faible (0.002)
2023-02-07,22200819,memphis grizzlies,1.17,0.7910167088130308,-0.07451045068875406,0.0,1,0.0,973.6180399200567,odds hors limites
2023-02-07,22200820,denver nuggets,1.24,0.7077166923513666,-0.12243130148430548,0.0,1,0.0,973.6180399200567,ev trop bas (-0.122)
2023-02-07,22200821,oklahoma city thunder,2.88,0.30211233951580874,-0.12991646219447084,0.0,1,0.0,973.6180399200567,odds hors limites
2023-02-08,22200822,cleveland cavaliers,1.22,0.7504349201635759,-0.08446939740043735,0.0,1,0.0,973.6180399200567,ev trop bas (-0.084)
2023-02-08,22200823,washington wizards,1.57,0.5951778417572805,-0.06557078844106956,0.0,1,0.0,973.6180399200567,ev trop bas (-0.066)
2023-02-08,22200824,boston celtics,1.65,0.6001013396438301,-0.009832789587680413,0.0,1,0.0,973.6180399200567,ev trop bas (-0.010)
2023-02-08,22200825,miami heat,1.33,0.7652438609472433,0.017774335059833613,0.0,1,0.0,973.6180399200567,ev trop bas (0.018)
2023-02-08,22200826,toronto raptors,1.16,0.7646366809798311,-0.11302145006339603,0.0,1,0.0,973.6180399200567,odds hors limites
2023-02-08,22200827,sacramento kings,1.22,0.7069999578479331,-0.13746005142552165,0.0,1,0.0,973.6180399200567,ev trop bas (-0.137)
2023-02-08,22200828,utah jazz,1.23,0.7409614111478062,-0.08861746428819839,0.0,0,0.0,973.6180399200567,ev trop bas (-0.089)
2023-02-08,22200829,dallas mavericks,3.27,0.2709945361776426,-0.11384786669910874,0.0,1,0.0,973.6180399200567,odds hors limites
2023-02-08,22200830,golden state warriors,2.04,0.47171573497760655,-0.03769990064568263,0.0,0,0.0,973.6180399200567,diff proba trop faible (0.061)
2023-02-09,22200831,orlando magic,2.43,0.33592285165996993,-0.183707470466273,0.0,1,0.0,973.6180399200567,ev trop bas (-0.184)
2023-02-09,22200832,atlanta hawks,1.28,0.7242807793823548,-0.07292060239058584,0.0,1,0.0,973.6180399200567,ev trop bas (-0.073)
2023-02-09,22200833,chicago bulls,1.65,0.5903309191342012,-0.025953983428568028,0.0,0,0.0,973.6180399200567,ev trop bas (-0.026)
2023-02-09,22200834,milwaukee bucks,1.23,0.7074570841468647,-0.12982778649935645,0.0,1,0.0,973.6180399200567,ev trop bas (-0.130)
2023-02-10,22200835,detroit pistons,1.41,0.6412114285916785,-0.09589188568573348,0.0,1,0.0,973.6180399200567,ev trop bas (-0.096)
2023-02-10,22200836,phoenix suns,2.03,0.4402158493088595,-0.10636182590301535,0.0,1,0.0,973.6180399200567,ev trop bas (-0.106)
2023-02-10,22200837,philadelphia 76ers,1.33,0.6944380758907118,-0.07639735906535328,0.0,1,0.0,973.6180399200567,ev trop bas (-0.076)
2023-02-10,22200838,charlotte hornets,4.2,0.21859469207251545,-0.08190229329543508,0.0,0,0.0,973.6180399200567,odds hors limites
2023-02-10,22200839,utah jazz,3.32,0.32718624233255134,0.08625832454407045,0.0,1,0.0,973.6180399200567,odds hors limites
2023-02-10,22200840,miami heat,1.13,0.815543521533594,-0.07843582066703891,0.0,1,0.0,973.6180399200567,odds hors limites
2023-02-10,22200841,memphis grizzlies,1.33,0.7356761085738639,-0.021550775596760996,0.0,1,0.0,973.6180399200567,ev trop bas (-0.022)
2023-02-10,22200842,cleveland cavaliers,1.59,0.5987471221690797,-0.047992075751163266,0.0,1,0.0,973.6180399200567,ev trop bas (-0.048)
2023-02-10,22200843,oklahoma city thunder,1.99,0.4254027261837704,-0.15344857489429686,0.0,1,0.0,973.6180399200567,ev trop bas (-0.153)
2023-02-10,22200844,dallas mavericks,2.29,0.3626633429400804,-0.16950094466721588,0.0,1,0.0,973.6180399200567,ev trop bas (-0.170)
2023-02-10,22200845,milwaukee bucks,1.65,0.4793669399734052,-0.20904454904388148,0.0,1,0.0,973.6180399200567,ev trop bas (-0.209)
2023-02-11,22200846,philadelphia 76ers,1.7,0.5622429183353966,-0.044187038829825775,0.0,1,0.0,973.6180399200567,ev trop bas (-0.044)
2023-02-11,22200847,charlotte hornets,2.93,0.29086370847970744,-0.14776933415445714,0.0,0,0.0,973.6180399200567,odds hors limites
2023-02-11,22200848,miami heat,1.69,0.5652854964786503,-0.0446675109510809,0.0,1,0.0,973.6180399200567,ev trop bas (-0.045)
2023-02-11,22200849,washington wizards,1.39,0.6305303162150787,-0.1235628604610407,0.0,1,0.0,973.6180399200567,ev trop bas (-0.124)
2023-02-11,22200850,atlanta hawks,1.08,0.845260146843204,-0.08711904140933957,0.0,1,0.0,973.6180399200567,odds hors limites
2023-02-11,22200851,new york knicks,1.4,0.6426601744938808,-0.10027575570856695,0.0,1,0.0,973.6180399200567,ev trop bas (-0.100)
2023-02-11,22200852,chicago bulls,2.83,0.38609994970179734,0.0926628576560864,0.0,0,0.0,973.6180399200567,odds hors limites
2023-02-11,22200853,golden state warriors,1.41,0.6276543703563724,-0.11500733779751493,0.0,0,0.0,973.6180399200567,ev trop bas (-0.115)
2023-02-11,22200854,dallas mavericks,1.69,0.5226905679243096,-0.11665294020791683,0.0,0,0.0,973.6180399200567,ev trop bas (-0.117)
2023-02-12,22200855,memphis grizzlies,2.14,0.4584656299578804,-0.018883551890135797,0.0,0,0.0,973.6180399200567,ev trop bas (-0.019)
2023-02-12,22200856,detroit pistons,5.3,0.18296165585644403,-0.030303223960846726,0.0,0,0.0,973.6180399200567,odds hors limites
2023-02-13,22200857,atlanta hawks,1.37,0.6744475007747646,-0.07600692393857245,0.0,0,0.0,973.6180399200567,ev trop bas (-0.076)
2023-02-13,22200858,san antonio spurs,7.35,0.13523754188222673,-0.00600406716563362,0.0,0,0.0,973.6180399200567,odds hors limites
2023-02-13,22200859,utah jazz,1.78,0.46788966153912714,-0.16715640246035368,0.0,1,0.0,973.6180399200567,diff proba trop faible (0.034)
2023-02-13,22200860,houston rockets,6.23,0.14720048151356308,-0.08294100017050199,0.0,0,0.0,973.6180399200567,odds hors limites
2023-02-13,22200861,miami heat,1.78,0.4983102924511156,-0.11300767943701429,0.0,0,0.0,973.6180399200567,diff proba trop faible (0.047)
2023-02-13,22200862,brooklyn nets,2.08,0.47770447265206045,-0.00637469688371417,0.0,0,0.0,973.6180399200567,ev trop bas (-0.006)
2023-02-13,22200863,chicago bulls,1.53,0.6510362877045259,-0.003914479812075267,0.0,0,0.0,973.6180399200567,ev trop bas (-0.004)
2023-02-13,22200864,new orleans pelicans,2.13,0.41747494097203,-0.11077837572957616,0.0,1,0.0,973.6180399200567,ev trop bas (-0.111)
2023-02-13,22200865,dallas mavericks,1.36,0.6564301543004301,-0.10725499015141504,0.0,0,0.0,973.6180399200567,ev trop bas (-0.107)
2023-02-13,22200866,golden state warriors,1.54,0.5625789988337557,-0.13362834179601613,0.0,1,0.0,973.6180399200567,ev trop bas (-0.134)
2023-02-13,22200867,portland trail blazers,1.64,0.5514287687789757,-0.09565681920247981,0.0,1,0.0,973.6180399200567,ev trop bas (-0.096)
2023-02-14,22200868,toronto raptors,1.3,0.6817101263424944,-0.11377683575475728,0.0,1,0.0,973.6180399200567,ev trop bas (-0.114)
2023-02-14,22200869,boston celtics,3.78,0.24953701567930026,-0.05675008073224508,0.0,0,0.0,973.6180399200567,odds hors limites
2023-02-14,22200870,phoenix suns,1.66,0.5049300117940109,-0.161816180421942,0.0,1,0.0,973.6180399200567,ev trop bas (-0.162)
2023-02-14,22200871,golden state warriors,3.4,0.2854620712438799,-0.02942895777080834,0.0,0,0.0,973.6180399200567,odds hors limites
2023-02-14,22200872,portland trail blazers,1.92,0.46371996122471487,-0.10965767444854746,0.0,0,0.0,973.6180399200567,diff proba trop faible (0.030)
2023-02-15,22200873,san antonio spurs,2.51,0.3434182029388155,-0.13802031062357323,0.0,0,0.0,973.6180399200567,odds hors limites
2023-02-15,22200874,chicago bulls,2.07,0.4769502347465346,-0.012713014074673512,0.0,0,0.0,973.6180399200567,diff proba trop faible (0.004)
2023-02-15,22200875,philadelphia 76ers,1.74,0.5601430971237095,-0.02535101100474557,0.0,1,0.0,973.6180399200567,ev trop bas (-0.025)
2023-02-15,22200876,atlanta hawks,1.51,0.593831136405483,-0.10331498402772066,0.0,0,0.0,973.6180399200567,ev trop bas (-0.103)
2023-02-15,22200877,boston celtics,1.1,0.8092501801223804,-0.10982480186538157,0.0,1,0.0,973.6180399200567,odds hors limites
2023-02-15,22200878,brooklyn nets,1.73,0.5805541410290556,0.004358663980266186,0.0,1,0.0,973.6180399200567,diff proba trop faible (0.063)
2023-02-15,22200879,memphis grizzlies,1.16,0.8069648095116041,-0.06392082096653928,0.0,1,0.0,973.6180399200567,odds hors limites
2023-02-15,22200880,oklahoma city thunder,1.19,0.7741025963426502,-0.07881791035224628,0.0,1,0.0,973.6180399200567,odds hors limites
2023-02-15,22200881,denver nuggets,1.41,0.6389080350127745,-0.09913967063198803,0.0,1,0.0,973.6180399200567,ev trop bas (-0.099)
2023-02-15,22200882,los angeles lakers,1.47,0.5981882330212951,-0.1206632974586962,0.0,1,0.0,973.6180399200567,ev trop bas (-0.121)
2023-02-16,22200883,chicago bulls,3.23,0.3721904750280772,0.2021752343406893,0.0,0,0.0,973.6180399200567,odds hors limites
2023-02-16,22200884,washington wizards,2.21,0.40697289537239967,-0.10058990122699674,0.0,1,0.0,973.6180399200567,ev trop bas (-0.101)
2023-02-16,22200885,phoenix suns,1.82,0.5525261904762752,0.005597666666820933,0.0,0,0.0,973.6180399200567,ev trop bas (0.006)
2023-02-23,22200886,cleveland cavaliers,1.64,0.5494961243545773,-0.09882635605849333,0.0,0,0.0,973.6180399200567,ev trop bas (-0.099)
2023-02-23,22200887,boston celtics,1.26,0.7232346906399318,-0.08872428979368585,0.0,1,0.0,973.6180399200567,ev trop bas (-0.089)
2023-02-23,22200888,orlando magic,1.29,0.7062890015863326,-0.08888718795363093,0.0,1,0.0,973.6180399200567,ev trop bas (-0.089)
2023-02-23,22200889,memphis grizzlies,2.15,0.43389230679584334,-0.06713154038893687,0.0,0,0.0,973.6180399200567,ev trop bas (-0.067)
2023-02-23,22200890,new orleans pelicans,2.39,0.37581591410307613,-0.10179996529364799,0.0,0,0.0,973.6180399200567,ev trop bas (-0.102)
2023-02-23,22200891,san antonio spurs,6.47,0.15319518995333112,-0.008827121001947713,0.0,0,0.0,973.6180399200567,odds hors limites
2023-02-23,22200892,utah jazz,1.75,0.536332748302618,-0.06141769047041845,0.0,1,0.0,973.6180399200567,ev trop bas (-0.061)
2023-02-23,22200893,los angeles lakers,1.36,0.6725544135114953,-0.08532599762436643,0.0,1,0.0,973.6180399200567,ev trop bas (-0.085)
2023-02-23,22200894,sacramento kings,1.15,0.7820981838988623,-0.10058708851630838,0.0,1,0.0,973.6180399200567,odds hors limites
2023-02-24,22200895,washington wizards,1.77,0.49606834171887276,-0.12195903515759521,0.0,0,0.0,973.6180399200567,diff proba trop faible (0.020)
2023-02-24,22200896,atlanta hawks,1.82,0.4970025609359109,-0.09545533909664217,0.0,1,0.0,973.6180399200567,diff proba trop faible (0.044)
2023-02-24,22200897,miami heat,2.59,0.39404880481767485,0.02058640447777771,0.0,0,0.0,973.6180399200567,odds hors limites
2023-02-24,22200898,minnesota timberwolves,1.31,0.6953838161295457,-0.08904720087029505,0.0,0,0.0,973.6180399200567,ev trop bas (-0.089)
2023-02-24,22200899,phoenix suns,1.18,0.7641064793186987,-0.09835435440393558,0.0,1,0.0,973.6180399200567,odds hors limites
2023-02-24,22200900,chicago bulls,1.69,0.5667187148669179,-0.04224537187490873,0.0,1,0.0,973.6180399200567,ev trop bas (-0.042)
2023-02-24,22200901,houston rockets,3.98,0.26305914832185445,0.04697541032098074,0.0,0,0.0,973.6180399200567,odds hors limites
2023-02-24,22200902,los angeles clippers,1.35,0.664500284598952,-0.10292461579141465,0.0,0,0.0,973.6180399200567,ev trop bas (-0.103)
2023-02-25,22200903,detroit pistons,3.07,0.2742716663308581,-0.1579859843642657,0.0,0,0.0,973.6180399200567,odds hors limites
2023-02-25,22200904,miami heat,1.34,0.7515061625250926,0.007018257783624193,0.0,0,0.0,973.6180399200567,ev trop bas (0.007)
2023-02-25,22200905,orlando magic,1.63,0.5326570203712859,-0.131769056794804,0.0,0,0.0,973.6180399200567,ev trop bas (-0.132)
2023-02-25,22200906,new york knicks,1.51,0.5666788495692868,-0.1443149371503769,0.0,1,0.0,973.6180399200567,ev trop bas (-0.144)
2023-02-25,22200907,memphis grizzlies,1.64,0.5890896307646801,-0.03389300554592467,0.0,1,0.0,973.6180399200567,ev trop bas (-0.034)
2023-02-25,22200908,boston celtics,1.79,0.5075302179917233,-0.09152090979481531,0.0,1,0.0,973.6180399200567,diff proba trop faible (0.051)
2023-02-25,22200909,utah jazz,1.14,0.785143007202148,-0.1049369717895513,0.0,1,0.0,973.6180399200567,odds hors limites
2023-02-26,22200910,milwaukee bucks,1.61,0.5576891085451422,-0.10212053524232101,0.0,1,0.0,973.6180399200567,ev trop bas (-0.102)
2023-02-26,22200911,brooklyn nets,2.91,0.36452914490821475,0.06077981168290503,0.0,0,0.0,973.6180399200567,odds hors limites
2023-02-26,22200912,chicago bulls,1.42,0.6023677020347481,-0.14463786311065774,0.0,1,0.0,973.6180399200567,ev trop bas (-0.145)
2023-02-26,22200913,dallas mavericks,1.46,0.6371165767567339,-0.0698097979351685,0.0,0,0.0,973.6180399200567,ev trop bas (-0.070)
2023-02-26,22200914,toronto raptors,3.19,0.309905459588375,-0.011401583913083768,0.0,0,0.0,973.6180399200567,odds hors limites
2023-02-26,22200915,oklahoma city thunder,2.23,0.4094182519953787,-0.08699729805030554,0.0,0,0.0,973.6180399200567,ev trop bas (-0.087)
2023-02-26,22200916,golden state warriors,1.67,0.5406167149850737,-0.09717008597492693,0.0,1,0.0,973.6180399200567,ev trop bas (-0.097)
2023-02-26,22200917,houston rockets,4.25,0.218367169939375,-0.07193952775765622,0.0,0,0.0,973.6180399200567,odds hors limites
2023-02-26,22200918,denver nuggets,1.51,0.5765598354303431,-0.129394648500182,0.0,1,0.0,973.6180399200567,ev trop bas (-0.129)
2023-02-27,22200919,detroit pistons,2.89,0.33670493441587945,-0.02692273953810831,0.0,0,0.0,973.6180399200567,odds hors limites
2023-02-27,22200920,miami heat,2.58,0.4773475207545705,0.23155660354679197,0.0,1,0.0,973.6180399200567,odds hors limites
2023-02-27,22200921,boston celtics,1.7,0.5234861832289625,-0.11007348851076382,0.0,0,0.0,973.6180399200567,ev trop bas (-0.110)
2023-02-27,22200922,new orleans pelicans,1.47,0.6283045588106209,-0.07639229854838736,0.0,0,0.0,973.6180399200567,ev trop bas (-0.076)
2023-02-28,22200923,atlanta hawks,1.29,0.7103808476781763,-0.08360870649515251,0.0,0,0.0,973.6180399200567,ev trop bas (-0.084)
2023-02-28,22200924,brooklyn nets,2.88,0.35905369850258123,0.034074651687433954,0.0,0,0.0,973.6180399200567,odds hors limites
2023-02-28,22200925,chicago bulls,2.4,0.39306484696132077,-0.05664436729283018,0.0,0,0.0,973.6180399200567,ev trop bas (-0.057)
2023-02-28,22200926,houston rockets,5.52,0.17063833410543686,-0.05807639573798862,0.0,0,0.0,973.6180399200567,odds hors limites
2023-02-28,22200927,memphis grizzlies,1.23,0.7620458820706332,-0.06268356505312123,0.0,1,0.0,973.6180399200567,ev trop bas (-0.063)
2023-02-28,22200928,oklahoma city thunder,2.03,0.42762470905429545,-0.1319218406197803,0.0,0,0.0,973.6180399200567,diff proba trop faible (0.049)
2023-02-28,22200929,dallas mavericks,1.23,0.7286351292713377,-0.10377879099625464,0.0,0,0.0,973.6180399200567,ev trop bas (-0.104)
2023-02-28,22200930,utah jazz,1.15,0.7727798677947911,-0.11130315203599028,0.0,0,0.0,973.6180399200567,odds hors limites
2023-02-28,22200931,golden state warriors,1.47,0.6124477021929845,-0.09970187777631279,0.0,1,0.0,973.6180399200567,ev trop bas (-0.100)
2023-02-28,22200932,minnesota timberwolves,2.76,0.3024019346414098,-0.16537066038970905,0.0,1,0.0,973.6180399200567,odds hors limites
2023-03-01,22200933,phoenix suns,1.17,0.7862608388169275,-0.08007481858419485,0.0,1,0.0,973.6180399200567,odds hors limites
2023-03-01,22200934,chicago bulls,1.38,0.6890824728614685,-0.049066187451173526,0.0,1,0.0,973.6180399200567,ev trop bas (-0.049)
2023-03-01,22200935,cleveland cavaliers,2.44,0.3610932664088057,-0.11893242996251419,0.0,0,0.0,973.6180399200567,ev trop bas (-0.119)
2023-03-01,22200936,miami heat,1.54,0.7085412706403131,0.09115355678608217,19.472360798401134,0,-19.472360798401134,954.1456791216556,bet placed
2023-03-01,22200937,brooklyn nets,3.29,0.2933111452153401,-0.03500633224153116,0.0,0,0.0,954.1456791216556,odds hors limites
2023-03-01,22200938,memphis grizzlies,1.17,0.7842739453100233,-0.08239948398727281,0.0,1,0.0,954.1456791216556,odds hors limites
2023-03-01,22200939,milwaukee bucks,1.24,0.6924075498011044,-0.14141463824663048,0.0,1,0.0,954.1456791216556,ev trop bas (-0.141)
2023-03-01,22200940,oklahoma city thunder,1.54,0.6048072184816257,-0.0685968835382964,0.0,0,0.0,954.1456791216556,ev trop bas (-0.069)
2023-03-01,22200941,portland trail blazers,1.59,0.6102965414597612,-0.029628499078979686,0.0,0,0.0,954.1456791216556,ev trop bas (-0.030)
2023-03-02,22200942,washington wizards,1.97,0.47407210527874916,-0.06607795260086413,0.0,1,0.0,954.1456791216556,diff proba trop faible (0.006)
2023-03-02,22200943,dallas mavericks,1.59,0.6027321275445837,-0.04165591720411188,0.0,1,0.0,954.1456791216556,ev trop bas (-0.042)
2023-03-02,22200944,san antonio spurs,2.36,0.35293825928959194,-0.16706570807656307,0.0,1,0.0,954.1456791216556,ev trop bas (-0.167)
2023-03-02,22200945,golden state warriors,2.07,0.4656015318807954,-0.03620482900675359,0.0,1,0.0,954.1456791216556,diff proba trop faible (0.056)
2023-03-03,22200946,orlando magic,1.51,0.5814813537199783,-0.12196315588283269,0.0,1,0.0,954.1456791216556,ev trop bas (-0.122)
2023-03-03,22200947,portland trail blazers,3.2,0.3249305356847807,0.039777714191298275,0.0,0,0.0,954.1456791216556,odds hors limites
2023-03-03,22200948,brooklyn nets,4.46,0.20791473649800613,-0.07270027521889266,0.0,1,0.0,954.1456791216556,odds hors limites
2023-03-03,22200949,miami heat,1.79,0.5378197100662931,-0.0373027189813353,0.0,0,0.0,954.1456791216556,ev trop bas (-0.037)
2023-03-03,22200950,phoenix suns,1.55,0.6003331485784239,-0.06948361970344297,0.0,1,0.0,954.1456791216556,ev trop bas (-0.069)
2023-03-03,22200951,oklahoma city thunder,1.75,0.5729886929926941,0.0027302127372146323,0.0,1,0.0,954.1456791216556,diff proba trop faible (0.058)
2023-03-03,22200952,memphis grizzlies,2.64,0.34338092024752004,-0.09347437054654706,0.0,0,0.0,954.1456791216556,odds hors limites
2023-03-03,22200953,golden state warriors,1.44,0.6242630684602307,-0.10106118141726783,0.0,1,0.0,954.1456791216556,ev trop bas (-0.101)
2023-03-03,22200954,los angeles clippers,2.98,0.31224376517994373,-0.06951357976376771,0.0,0,0.0,954.1456791216556,odds hors limites
2023-03-03,22200955,los angeles lakers,1.89,0.484869250819608,-0.08359711595094088,0.0,0,0.0,954.1456791216556,diff proba trop faible (0.009)
2023-03-04,22200956,washington wizards,2.01,0.4493917586906051,-0.09672256503188381,0.0,0,0.0,954.1456791216556,ev trop bas (-0.097)
2023-03-04,22200957,detroit pistons,8.08,0.14070564727822385,0.13690163000804878,0.0,0,0.0,954.1456791216556,odds hors limites
2023-03-04,22200958,miami heat,1.64,0.6330361551489786,0.038179294444324885,0.0,1,0.0,954.1456791216556,ev trop bas (0.038)
2023-03-04,22200959,san antonio spurs,1.9,0.4840097071163726,-0.08038155647889211,0.0,0,0.0,954.1456791216556,diff proba trop faible (0.011)
2023-03-04,22200960,milwaukee bucks,1.45,0.6036973770907785,-0.12463880321837117,0.0,0,0.0,954.1456791216556,ev trop bas (-0.125)
2023-03-04,22200961,minnesota timberwolves,2.32,0.35134663253024767,-0.18487581252982543,0.0,1,0.0,954.1456791216556,ev trop bas (-0.185)
2023-03-05,22200962,dallas mavericks,1.98,0.5109299516442718,0.011641304255658236,0.0,0,0.0,954.1456791216556,diff proba trop faible (0.010)
2023-03-05,22200963,chicago bulls,1.39,0.6859773511913977,-0.04649148184395724,0.0,0,0.0,954.1456791216556,ev trop bas (-0.046)
2023-03-05,22200964,los angeles lakers,2.47,0.3582832511568079,-0.11504036964268438,0.0,1,0.0,954.1456791216556,ev trop bas (-0.115)
2023-03-05,22200965,brooklyn nets,1.27,0.717169734777616,-0.08919443683242767,0.0,1,0.0,954.1456791216556,ev trop bas (-0.089)
2023-03-05,22200966,portland trail blazers,2.05,0.4979384571649546,0.02077383718815695,0.0,1,0.0,954.1456791216556,diff proba trop faible (0.032)
2023-03-05,22200967,san antonio spurs,2.32,0.39611744884526484,-0.08100751867898559,0.0,0,0.0,954.1456791216556,ev trop bas (-0.081)
2023-03-05,22200968,oklahoma city thunder,1.35,0.6654816756178336,-0.10159973791592469,0.0,1,0.0,954.1456791216556,ev trop bas (-0.102)
2023-03-05,22200969,boston celtics,1.31,0.7394056707606965,-0.031378571303487535,0.0,0,0.0,954.1456791216556,ev trop bas (-0.031)
2023-03-05,22200970,memphis grizzlies,2.99,0.3187238182069839,-0.04701578356111802,0.0,0,0.0,954.1456791216556,odds hors limites
2023-03-06,22200971,boston celtics,3.34,0.29069641599464746,-0.029073970577877528,0.0,0,0.0,954.1456791216556,odds hors limites
2023-03-06,22200972,philadelphia 76ers,1.33,0.6683656501693853,-0.1110736852747175,0.0,1,0.0,954.1456791216556,ev trop bas (-0.111)
2023-03-05,22200973,milwaukee bucks,1.38,0.6388291673439834,-0.11841574906530294,0.0,1,0.0,954.1456791216556,ev trop bas (-0.118)
2023-03-06,22200974,miami heat,1.65,0.6096092094859424,0.005855195651804923,0.0,1,0.0,954.1456791216556,ev trop bas (0.006)
2023-03-06,22200975,toronto raptors,2.74,0.35028351563234983,-0.04022316716736141,0.0,0,0.0,954.1456791216556,odds hors limites
2023-03-06,22200976,sacramento kings,1.43,0.5811291926950996,-0.16898525444600765,0.0,1,0.0,954.1456791216556,ev trop bas (-0.169)
2023-03-06,22200977,portland trail blazers,1.45,0.6332586349925804,-0.0817749792607585,0.0,1,0.0,954.1456791216556,ev trop bas (-0.082)
2023-03-07,22200978,orlando magic,2.02,0.44851815514930987,-0.0939933265983941,0.0,0,0.0,954.1456791216556,diff proba trop faible (0.013)
2023-03-07,22200979,new york knicks,1.18,0.738386967390378,-0.12870337847935398,0.0,0,0.0,954.1456791216556,odds hors limites
2023-03-07,22200980,minnesota timberwolves,1.57,0.5428613102223192,-0.1477077429509588,0.0,0,0.0,954.1456791216556,ev trop bas (-0.148)
2023-03-07,22200981,brooklyn nets,1.34,0.6985704006510804,-0.06391566312755215,0.0,1,0.0,954.1456791216556,ev trop bas (-0.064)
2023-03-07,22200982,golden state warriors,1.5,0.5713208603834575,-0.14301870942481365,0.0,0,0.0,954.1456791216556,ev trop bas (-0.143)
2023-03-07,22200983,dallas mavericks,1.14,0.806980358412296,-0.0800423914099827,0.0,1,0.0,954.1456791216556,odds hors limites
2023-03-07,22200984,memphis grizzlies,1.74,0.6027194217184867,0.04873179379016679,0.0,0,0.0,954.1456791216556,ev trop bas (0.049)
2023-03-08,22200985,atlanta hawks,1.6,0.6168927053844376,-0.012971671384899741,0.0,1,0.0,954.1456791216556,ev trop bas (-0.013)
2023-03-08,22200986,boston celtics,1.19,0.7736897536939764,-0.07930919310416806,0.0,1,0.0,954.1456791216556,odds hors limites
2023-03-08,22200987,cleveland cavaliers,1.73,0.5594495210830336,-0.03215232852635186,0.0,1,0.0,954.1456791216556,ev trop bas (-0.032)
2023-03-08,22200988,dallas mavericks,1.65,0.5565705475438456,-0.08165859655265484,0.0,0,0.0,954.1456791216556,ev trop bas (-0.082)
2023-03-08,22200989,denver nuggets,1.22,0.7285405381749825,-0.11118054342652128,0.0,0,0.0,954.1456791216556,ev trop bas (-0.111)
2023-03-08,22200990,oklahoma city thunder,5.8,0.16676006601267426,-0.03279161712648926,0.0,0,0.0,954.1456791216556,odds hors limites
2023-03-08,22200991,toronto raptors,2.08,0.45030833090348166,-0.06335867172075815,0.0,0,0.0,954.1456791216556,ev trop bas (-0.063)
2023-03-09,22200992,detroit pistons,2.24,0.43266829822203445,-0.0308230119826427,0.0,0,0.0,954.1456791216556,ev trop bas (-0.031)
2023-03-09,22200993,indiana pacers,1.17,0.768682855018881,-0.10064105962790926,0.0,1,0.0,954.1456791216556,odds hors limites
2023-03-09,22200994,orlando magic,1.53,0.5820983095375665,-0.10938958640752328,0.0,0,0.0,954.1456791216556,ev trop bas (-0.109)
2023-03-09,22200995,brooklyn nets,4.1,0.2296288668029383,-0.058521646107953074,0.0,0,0.0,954.1456791216556,odds hors limites
2023-03-09,22200996,memphis grizzlies,2.05,0.5560576708310673,0.1399182252036879,0.0,1,0.0,954.1456791216556,diff proba trop faible (0.015)
2023-03-09,22200997,sacramento kings,1.67,0.5338751665972341,-0.10842847178261905,0.0,1,0.0,954.1456791216556,ev trop bas (-0.108)
2023-03-10,22200998,portland trail blazers,3.77,0.23639663098612626,-0.10878470118230399,0.0,0,0.0,954.1456791216556,odds hors limites
2023-03-10,22200999,atlanta hawks,1.75,0.6088267869465276,0.06544687715642317,19.08291358243311,1,14.312185186824834,968.4578643084805,bet placed
2023-03-10,22201000,miami heat,1.63,0.5419164638638619,-0.11667616390190505,0.0,1,0.0,968.4578643084805,ev trop bas (-0.117)
2023-03-10,22201001,brooklyn nets,2.36,0.34952174587925416,-0.17512867972496027,0.0,1,0.0,968.4578643084805,ev trop bas (-0.175)
2023-03-10,22201002,san antonio spurs,6.13,0.15324450816580185,-0.06061116494363472,0.0,1,0.0,968.4578643084805,odds hors limites
2023-03-10,22201003,los angeles lakers,2.03,0.46117615549492025,-0.06381240434531199,0.0,1,0.0,968.4578643084805,ev trop bas (-0.064)
2023-03-11,22201004,los angeles clippers,1.43,0.6028622197792471,-0.1379070257156766,0.0,1,0.0,968.4578643084805,ev trop bas (-0.138)
2023-03-11,22201005,charlotte hornets,1.88,0.44391207155399226,-0.16544530547849456,0.0,0,0.0,968.4578643084805,diff proba trop faible (0.016)
2023-03-11,22201006,detroit pistons,2.17,0.4002809066490344,-0.13139043257159544,0.0,0,0.0,968.4578643084805,ev trop bas (-0.131)
2023-03-11,22201007,miami heat,1.66,0.546896294488177,-0.09215215114962627,0.0,0,0.0,968.4578643084805,ev trop bas (-0.092)
2023-03-11,22201008,boston celtics,1.45,0.6359909576298247,-0.07781311143675418,0.0,1,0.0,968.4578643084805,ev trop bas (-0.078)
2023-03-11,22201009,chicago bulls,1.26,0.7459416596390711,-0.0601135088547704,0.0,1,0.0,968.4578643084805,ev trop bas (-0.060)
2023-03-11,22201010,memphis grizzlies,1.28,0.7612798682940031,-0.025561768583676092,0.0,1,0.0,968.4578643084805,ev trop bas (-0.026)
2023-03-11,22201011,new orleans pelicans,1.8,0.4906428278028561,-0.11684290995485902,0.0,0,0.0,968.4578643084805,diff proba trop faible (0.047)
2023-03-11,22201012,golden state warriors,1.57,0.5837426639012233,-0.08352401767507933,0.0,1,0.0,968.4578643084805,ev trop bas (-0.084)
2023-03-11,22201013,phoenix suns,1.52,0.6140195693223586,-0.06669025463001499,0.0,0,0.0,968.4578643084805,ev trop bas (-0.067)
2023-03-12,22201014,denver nuggets,1.22,0.7473984271738914,-0.08817391884785253,0.0,0,0.0,968.4578643084805,ev trop bas (-0.088)
2023-03-12,22201015,cleveland cavaliers,1.14,0.7944117755604174,-0.09437057586112418,0.0,1,0.0,968.4578643084805,odds hors limites
2023-03-12,22201016,washington wizards,3.1,0.28475626585202524,-0.1172555758587217,0.0,0,0.0,968.4578643084805,odds hors limites
2023-03-12,22201017,portland trail blazers,2.0,0.4526478729592771,-0.09470425408144578,0.0,0,0.0,968.4578643084805,diff proba trop faible (0.060)
2023-03-12,22201018,san antonio spurs,2.18,0.4214620585028951,-0.08121271246368866,0.0,0,0.0,968.4578643084805,ev trop bas (-0.081)
2023-03-12,22201019,los angeles lakers,1.63,0.5458506471995541,-0.11026344506472685,0.0,0,0.0,968.4578643084805,ev trop bas (-0.110)
2023-03-13,22201020,detroit pistons,2.27,0.3842572196116845,-0.12773611148147612,0.0,1,0.0,968.4578643084805,ev trop bas (-0.128)
2023-03-13,22201021,atlanta hawks,1.45,0.6152249414134069,-0.10792383495056002,0.0,0,0.0,968.4578643084805,ev trop bas (-0.108)
2023-03-13,22201022,miami heat,1.23,0.7499038262837008,-0.077618293671048,0.0,1,0.0,968.4578643084805,ev trop bas (-0.078)
2023-03-13,22201023,memphis grizzlies,1.5,0.6299827126145368,-0.05502593107819487,0.0,1,0.0,968.4578643084805,ev trop bas (-0.055)
2023-03-13,22201024,boston celtics,1.08,0.8406106853432398,-0.09214045982930097,0.0,0,0.0,968.4578643084805,odds hors limites
2023-03-13,22201025,golden state warriors,1.47,0.5899868637177312,-0.13271931033493511,0.0,1,0.0,968.4578643084805,ev trop bas (-0.133)
2023-03-13,22201026,sacramento kings,2.2,0.40634547763807805,-0.10603994919622828,0.0,0,0.0,968.4578643084805,ev trop bas (-0.106)
2023-03-14,22201027,cleveland cavaliers,1.4,0.6556313010843414,-0.0821161784819221,0.0,1,0.0,968.4578643084805,ev trop bas (-0.082)
2023-03-14,22201028,detroit pistons,5.88,0.1575342101293204,-0.07369884443959607,0.0,0,0.0,968.4578643084805,odds hors limites
2023-03-14,22201029,toronto raptors,1.92,0.483295465220755,-0.07207270677615041,0.0,1,0.0,968.4578643084805,diff proba trop faible (0.021)
2023-03-14,22201030,los angeles lakers,1.9,0.44706199628581256,-0.15058220705695613,0.0,1,0.0,968.4578643084805,diff proba trop faible (0.013)
2023-03-14,22201031,oklahoma city thunder,1.78,0.49093016303334724,-0.12614430980064184,0.0,1,0.0,968.4578643084805,diff proba trop faible (0.035)
2023-03-14,22201032,orlando magic,1.31,0.6698489510789051,-0.12249787408663426,0.0,0,0.0,968.4578643084805,ev trop bas (-0.122)
2023-03-14,22201033,phoenix suns,1.89,0.5106877145546571,-0.03480021949169809,0.0,0,0.0,968.4578643084805,diff proba trop faible (0.056)
2023-03-14,22201034,new york knicks,1.66,0.540990951372614,-0.10195502072146079,0.0,1,0.0,968.4578643084805,ev trop bas (-0.102)
2023-03-15,22201035,philadelphia 76ers,1.64,0.5876332878540854,-0.03628140791930001,0.0,1,0.0,968.4578643084805,ev trop bas (-0.036)
2023-03-15,22201036,memphis grizzlies,2.34,0.4034852166279639,-0.055844593090564554,0.0,0,0.0,968.4578643084805,ev trop bas (-0.056)
2023-03-15,22201037,chicago bulls,1.89,0.4542257782268473,-0.14151327915125866,0.0,0,0.0,968.4578643084805,diff proba trop faible (0.002)
2023-03-15,22201038,houston rockets,2.09,0.4081021290687326,-0.14706655024634885,0.0,1,0.0,968.4578643084805,ev trop bas (-0.147)
2023-03-15,22201039,boston celtics,1.45,0.6039465369741129,-0.12427752138753623,0.0,1,0.0,968.4578643084805,ev trop bas (-0.124)
2023-03-15,22201040,dallas mavericks,1.52,0.5811858189709961,-0.11659755516408599,0.0,1,0.0,968.4578643084805,ev trop bas (-0.117)
2023-03-15,22201041,golden state warriors,2.07,0.43230515473188347,-0.1051283297050013,0.0,0,0.0,968.4578643084805,ev trop bas (-0.105)
2023-03-16,22201042,detroit pistons,7.23,0.1478361866931545,0.06885562979150706,0.0,0,0.0,968.4578643084805,odds hors limites
2023-03-16,22201043,brooklyn nets,1.6,0.5117947191253857,-0.18112844939938288,0.0,0,0.0,968.4578643084805,ev trop bas (-0.181)
2023-03-16,22201044,toronto raptors,1.34,0.7028246374855537,-0.05821498576935802,0.0,1,0.0,968.4578643084805,ev trop bas (-0.058)
2023-03-16,22201045,indiana pacers,5.53,0.17662109415801566,-0.02328534930617332,0.0,1,0.0,968.4578643084805,odds hors limites
2023-03-16,22201046,phoenix suns,1.26,0.7602731591062403,-0.04205581952613724,0.0,1,0.0,968.4578643084805,ev trop bas (-0.042)
2023-03-17,22201047,charlotte hornets,4.17,0.2190457197065358,-0.08657934882374574,0.0,0,0.0,968.4578643084805,odds hors limites
2023-03-17,22201048,golden state warriors,2.19,0.4349466266815456,-0.04746688756741513,0.0,0,0.0,968.4578643084805,ev trop bas (-0.047)
2023-03-17,22201049,cleveland cavaliers,1.42,0.6497417778589681,-0.07736667544026532,0.0,1,0.0,968.4578643084805,ev trop bas (-0.077)
2023-03-17,22201050,chicago bulls,1.63,0.5632619207676449,-0.08188306914873889,0.0,1,0.0,968.4578643084805,ev trop bas (-0.082)
2023-03-17,22201051,new orleans pelicans,1.4,0.6021995589070289,-0.1569206175301595,0.0,0,0.0,968.4578643084805,ev trop bas (-0.157)
2023-03-17,22201052,san antonio spurs,3.54,0.2848404780818487,0.0083352924097444,0.0,0,0.0,968.4578643084805,odds hors limites
2023-03-17,22201053,portland trail blazers,2.74,0.34889231970491397,-0.04403504400853564,0.0,0,0.0,968.4578643084805,odds hors limites
2023-03-17,22201054,los angeles lakers,1.54,0.5487653204096468,-0.15490140656914397,0.0,0,0.0,968.4578643084805,ev trop bas (-0.155)
2023-03-18,22201055,new york knicks,1.79,0.4973818584714053,-0.10968647333618442,0.0,1,0.0,968.4578643084805,diff proba trop faible (0.036)
2023-03-18,22201056,los angeles clippers,1.33,0.6861697482592393,-0.08739423481521169,0.0,0,0.0,968.4578643084805,ev trop bas (-0.087)
2023-03-18,22201057,philadelphia 76ers,1.45,0.6225039423367814,-0.09736928361166697,0.0,1,0.0,968.4578643084805,ev trop bas (-0.097)
2023-03-18,22201058,toronto raptors,1.18,0.7764690133112879,-0.08376656429268026,0.0,1,0.0,968.4578643084805,odds hors limites
2023-03-18,22201059,washington wizards,2.39,0.37637568441534963,-0.10046211424731433,0.0,0,0.0,968.4578643084805,ev trop bas (-0.100)
2023-03-18,22201060,chicago bulls,1.98,0.48123323021858677,-0.04715820416719818,0.0,1,0.0,968.4578643084805,diff proba trop faible (0.001)
2023-03-18,22201061,memphis grizzlies,1.89,0.5519657204770259,0.043215211701578715,0.0,1,0.0,968.4578643084805,ev trop bas (0.043)
2023-03-18,22201062,boston celtics,1.47,0.6060269940962166,-0.10914031867856155,0.0,0,0.0,968.4578643084805,ev trop bas (-0.109)
2023-03-19,22201063,brooklyn nets,2.1,0.4416334780356881,-0.07256969612505493,0.0,0,0.0,968.4578643084805,ev trop bas (-0.073)
2023-03-19,22201064,oklahoma city thunder,1.77,0.5189909050166923,-0.08138609812045461,0.0,1,0.0,968.4578643084805,diff proba trop faible (0.044)
2023-03-19,22201065,atlanta hawks,1.18,0.7618415003534865,-0.1010270295828859,0.0,0,0.0,968.4578643084805,odds hors limites
2023-03-19,22201066,miami heat,1.17,0.7817977844814012,-0.08529659215676055,0.0,1,0.0,968.4578643084805,odds hors limites
2023-03-19,22201067,new orleans pelicans,1.39,0.6054830993348703,-0.15837849192453035,0.0,1,0.0,968.4578643084805,ev trop bas (-0.158)
2023-03-19,22201068,toronto raptors,3.17,0.29881276106831617,-0.052763547413437806,0.0,0,0.0,968.4578643084805,odds hors limites
2023-03-19,22201069,los angeles clippers,1.49,0.6059146307328088,-0.09718720020811489,0.0,1,0.0,968.4578643084805,ev trop bas (-0.097)
2023-03-19,22201070,los angeles lakers,1.34,0.684891576867382,-0.08224528699770806,0.0,1,0.0,968.4578643084805,ev trop bas (-0.082)
2023-03-20,22201071,indiana pacers,1.68,0.5220315878325933,-0.12298693244124326,0.0,0,0.0,968.4578643084805,ev trop bas (-0.123)
2023-03-20,22201072,philadelphia 76ers,1.23,0.7401920103352975,-0.08956382728758416,0.0,0,0.0,968.4578643084805,ev trop bas (-0.090)
2023-03-20,22201073,new york knicks,1.22,0.7479303772613066,-0.0875249397412059,0.0,0,0.0,968.4578643084805,ev trop bas (-0.088)
2023-03-20,22201074,houston rockets,4.6,0.18903149366927077,-0.13045512912135449,0.0,0,0.0,968.4578643084805,odds hors limites
2023-03-20,22201075,memphis grizzlies,1.51,0.6264015948724321,-0.05413359174262755,0.0,1,0.0,968.4578643084805,ev trop bas (-0.054)
2023-03-20,22201076,sacramento kings,1.32,0.6583126769022375,-0.1310272664890465,0.0,0,0.0,968.4578643084805,ev trop bas (-0.131)
2023-03-21,22201077,washington wizards,1.84,0.5113761018726686,-0.05906797255428975,0.0,0,0.0,968.4578643084805,diff proba trop faible (0.005)
2023-03-21,22201078,detroit pistons,5.98,0.1566530499323255,-0.0632147614046934,0.0,0,0.0,968.4578643084805,odds hors limites
2023-03-21,22201079,cleveland cavaliers,1.5,0.6144589941835693,-0.07831150872464598,0.0,1,0.0,968.4578643084805,ev trop bas (-0.078)
2023-03-21,22201080,san antonio spurs,5.68,0.16131303342945363,-0.08374197012070339,0.0,0,0.0,968.4578643084805,odds hors limites
2023-03-21,22201081,sacramento kings,2.53,0.356225536917537,-0.0987493915986315,0.0,0,0.0,968.4578643084805,odds hors limites
2023-03-21,22201082,los angeles clippers,1.32,0.6750529892763834,-0.10893005415517398,0.0,0,0.0,968.4578643084805,ev trop bas (-0.109)
2023-03-22,22201083,denver nuggets,1.22,0.734408360296265,-0.10402180043855669,0.0,1,0.0,968.4578643084805,ev trop bas (-0.104)
2023-03-22,22201084,miami heat,1.71,0.5705929323858435,-0.02428608562020762,0.0,1,0.0,968.4578643084805,ev trop bas (-0.024)
2023-03-22,22201085,toronto raptors,1.19,0.7810565746117937,-0.07054267621196553,0.0,0,0.0,968.4578643084805,odds hors limites
2023-03-22,22201086,golden state warriors,1.6,0.5873766243308939,-0.0601974010705697,0.0,1,0.0,968.4578643084805,ev trop bas (-0.060)
2023-03-22,22201087,chicago bulls,1.96,0.5015640025543943,-0.016934554993387252,0.0,0,0.0,968.4578643084805,diff proba trop faible (0.007)
2023-03-22,22201088,memphis grizzlies,1.09,0.8356194126189237,-0.08917484024537314,0.0,1,0.0,968.4578643084805,odds hors limites
2023-03-22,22201089,san antonio spurs,10.0,0.125635969886789,0.25635969886789,0.0,0,0.0,968.4578643084805,odds hors limites
2023-03-22,22201090,minnesota timberwolves,1.49,0.5790015546761992,-0.13728768353246323,0.0,1,0.0,968.4578643084805,ev trop bas (-0.137)
2023-03-22,22201091,portland trail blazers,2.54,0.36070055887935726,-0.08382058044643259,0.0,1,0.0,968.4578643084805,odds hors limites
2023-03-22,22201092,phoenix suns,1.87,0.4847449425146056,-0.09352695749768747,0.0,0,0.0,968.4578643084805,diff proba trop faible (0.013)
2023-03-23,22201093,new york knicks,1.63,0.5524586621583527,-0.09949238068188515,0.0,0,0.0,968.4578643084805,ev trop bas (-0.099)
2023-03-23,22201094,brooklyn nets,2.22,0.4100704930139895,-0.08964350550894318,0.0,0,0.0,968.4578643084805,ev trop bas (-0.090)
2023-03-23,22201095,charlotte hornets,3.57,0.25869117939862696,-0.07647248954690178,0.0,0,0.0,968.4578643084805,odds hors limites
2023-03-23,22201096,los angeles clippers,1.45,0.6286689647697852,-0.0884300010838115,0.0,1,0.0,968.4578643084805,ev trop bas (-0.088)
2023-03-24,22201097,boston celtics,1.14,0.7571260481906544,-0.13687630506265402,0.0,1,0.0,968.4578643084805,odds hors limites
2023-03-24,22201098,washington wizards,1.22,0.7517012491066293,-0.08292447608991227,0.0,1,0.0,968.4578643084805,ev trop bas (-0.083)
2023-03-24,22201099,detroit pistons,6.62,0.15344338001528218,0.015795175701168063,0.0,0,0.0,968.4578643084805,odds hors limites
2023-03-24,22201100,memphis grizzlies,1.08,0.8459925010462037,-0.08632809887009996,0.0,1,0.0,968.4578643084805,odds hors limites
2023-03-24,22201101,charlotte hornets,7.37,0.1527422151574741,0.12571012571058415,0.0,1,0.0,968.4578643084805,odds hors limites
2023-03-24,22201102,utah jazz,3.72,0.25907360296835774,-0.03624619695770914,0.0,0,0.0,968.4578643084805,odds hors limites
2023-03-24,22201103,philadelphia 76ers,2.31,0.3877819921898118,-0.10422359804153469,0.0,0,0.0,968.4578643084805,ev trop bas (-0.104)
2023-03-24,22201104,chicago bulls,1.28,0.7381473746788361,-0.05517136041108983,0.0,1,0.0,968.4578643084805,ev trop bas (-0.055)
2023-03-24,22201105,sacramento kings,1.52,0.554108777344101,-0.15775465843696646,0.0,1,0.0,968.4578643084805,ev trop bas (-0.158)
2023-03-24,22201106,oklahoma city thunder,2.2,0.4088927147854235,-0.10043602747206826,0.0,0,0.0,968.4578643084805,ev trop bas (-0.100)
2023-03-25,22201107,atlanta hawks,1.17,0.7913611910083845,-0.0741074065201901,0.0,1,0.0,968.4578643084805,odds hors limites
2023-03-25,22201108,miami heat,1.38,0.6814296510339807,-0.0596270815731067,0.0,0,0.0,968.4578643084805,ev trop bas (-0.060)
2023-03-25,22201109,milwaukee bucks,2.16,0.41503021830089554,-0.10353472847006562,0.0,0,0.0,968.4578643084805,ev trop bas (-0.104)
2023-03-25,22201110,phoenix suns,1.76,0.5414021546809837,-0.04713220776146865,0.0,1,0.0,968.4578643084805,ev trop bas (-0.047)
2023-03-25,22201111,sacramento kings,1.22,0.7503066643691956,-0.0846258694695814,0.0,1,0.0,968.4578643084805,ev trop bas (-0.085)
2023-03-25,22201112,los angeles clippers,1.44,0.6374561567868564,-0.08206313422692679,0.0,0,0.0,968.4578643084805,ev trop bas (-0.082)
2023-03-26,22201113,charlotte hornets,5.4,0.17406335822674157,-0.06005786557559545,0.0,1,0.0,968.4578643084805,odds hors limites
2023-03-26,22201114,chicago bulls,2.65,0.3402444463773353,-0.09835221710006148,0.0,1,0.0,968.4578643084805,odds hors limites
2023-03-26,22201115,memphis grizzlies,1.68,0.5638087430178857,-0.05280131172995195,0.0,1,0.0,968.4578643084805,ev trop bas (-0.053)
2023-03-26,22201116,san antonio spurs,7.08,0.14383308067160486,0.01833821115496237,0.0,0,0.0,968.4578643084805,odds hors limites
2023-03-26,22201117,cleveland cavaliers,1.07,0.8568610103854846,-0.08315871888753146,0.0,1,0.0,968.4578643084805,odds hors limites
2023-03-26,22201118,brooklyn nets,1.93,0.4669054525758413,-0.0988724765286263,0.0,0,0.0,968.4578643084805,diff proba trop faible (0.034)
2023-03-26,22201119,toronto raptors,1.17,0.794582320013541,-0.07033868558415712,0.0,1,0.0,968.4578643084805,odds hors limites
2023-03-26,22201120,oklahoma city thunder,1.17,0.7864206494276748,-0.07988784016962058,0.0,1,0.0,968.4578643084805,odds hors limites
2023-03-26,22201121,golden state warriors,1.39,0.6548090762501095,-0.08981538401234779,0.0,0,0.0,968.4578643084805,ev trop bas (-0.090)
2023-03-27,22201122,detroit pistons,5.75,0.18747241818890395,0.07796640458619764,0.0,0,0.0,968.4578643084805,odds hors limites
2023-03-27,22201123,dallas mavericks,1.27,0.7077703175878852,-0.10113169666338573,0.0,1,0.0,968.4578643084805,ev trop bas (-0.101)
2023-03-27,22201124,new york knicks,1.09,0.8391802484669294,-0.08529352917104693,0.0,1,0.0,968.4578643084805,odds hors limites
2023-03-27,22201125,phoenix suns,1.44,0.6245399571216541,-0.10066246174481808,0.0,1,0.0,968.4578643084805,ev trop bas (-0.101)
2023-03-27,22201126,denver nuggets,1.27,0.724133535507871,-0.08035040990500386,0.0,1,0.0,968.4578643084805,ev trop bas (-0.080)
2023-03-27,22201127,portland trail blazers,4.8,0.19227344279632658,-0.07708747457763243,0.0,0,0.0,968.4578643084805,odds hors limites
2023-03-27,22201128,sacramento kings,1.38,0.663610418314921,-0.08421762272540911,0.0,0,0.0,968.4578643084805,ev trop bas (-0.084)
2023-03-27,22201129,los angeles clippers,1.48,0.6082465289751693,-0.09979513711674948,0.0,1,0.0,968.4578643084805,ev trop bas (-0.100)
2023-03-28,22201130,boston celtics,1.14,0.8065493568374801,-0.0805337332052728,0.0,0,0.0,968.4578643084805,odds hors limites
2023-03-28,22201131,atlanta hawks,1.66,0.5996168333190236,-0.004636056690420887,0.0,1,0.0,968.4578643084805,ev trop bas (-0.005)
2023-03-28,22201132,miami heat,2.64,0.3754083171107228,-0.008922042827691712,0.0,0,0.0,968.4578643084805,odds hors limites
2023-03-28,22201133,memphis grizzlies,1.34,0.6960417297597646,-0.0673040821219153,0.0,1,0.0,968.4578643084805,ev trop bas (-0.067)
2023-03-28,22201134,oklahoma city thunder,1.18,0.7743891429575743,-0.08622081131006232,0.0,0,0.0,968.4578643084805,odds hors limites
2023-03-28,22201135,golden state warriors,1.22,0.7522904292029726,-0.08220567637237342,0.0,1,0.0,968.4578643084805,ev trop bas (-0.082)
2023-03-29,22201136,indiana pacers,5.95,0.16297786467867106,-0.03028170516190709,0.0,0,0.0,968.4578643084805,odds hors limites
2023-03-29,22201137,brooklyn nets,1.13,0.8066547564141641,-0.08848012525199467,0.0,1,0.0,968.4578643084805,odds hors limites
2023-03-29,22201138,new york knicks,1.4,0.6604163379420418,-0.07541712688114155,0.0,1,0.0,968.4578643084805,ev trop bas (-0.075)
2023-03-29,22201139,philadelphia 76ers,1.38,0.6832068781114479,-0.05717450820620207,0.0,1,0.0,968.4578643084805,ev trop bas (-0.057)
2023-03-29,22201140,chicago bulls,2.31,0.39240239789889175,-0.09355046085356,0.0,0,0.0,968.4578643084805,ev trop bas (-0.094)
2023-03-29,22201141,memphis grizzlies,1.7,0.535805236750176,-0.08913109752470083,0.0,0,0.0,968.4578643084805,ev trop bas (-0.089)
2023-03-29,22201142,detroit pistons,4.55,0.2069217086716252,-0.05850622554410534,0.0,0,0.0,968.4578643084805,odds hors limites
2023-03-29,22201143,san antonio spurs,2.01,0.47102294089952274,-0.053243888791959404,0.0,0,0.0,968.4578643084805,diff proba trop faible (0.067)
2023-03-29,22201144,phoenix suns,1.36,0.6907139355080049,-0.06062904770911337,0.0,1,0.0,968.4578643084805,ev trop bas (-0.061)
2023-03-29,22201145,portland trail blazers,6.55,0.14529925373657324,-0.048289888025445316,0.0,0,0.0,968.4578643084805,odds hors limites
2023-03-30,22201146,boston celtics,2.06,0.5227944389427588,0.0769565442220832,0.0,1,0.0,968.4578643084805,diff proba trop faible (0.039)
2023-03-30,22201147,new orleans pelicans,1.96,0.4821292992389622,-0.05502657349163409,0.0,1,0.0,968.4578643084805,diff proba trop faible (0.041)
2023-03-31,22201148,chicago bulls,1.14,0.799986164615125,-0.08801577233875768,0.0,1,0.0,968.4578643084805,odds hors limites
2023-03-31,22201149,oklahoma city thunder,1.41,0.6173694535229958,-0.129509070532576,0.0,0,0.0,968.4578643084805,ev trop bas (-0.130)
2023-03-31,22201150,toronto raptors,2.33,0.39291254092198746,-0.0845137796517692,0.0,0,0.0,968.4578643084805,ev trop bas (-0.085)
2023-03-31,22201151,orlando magic,1.44,0.6217399600284341,-0.10469445755905493,0.0,1,0.0,968.4578643084805,ev trop bas (-0.105)
2023-03-31,22201152,utah jazz,6.37,0.161585554154133,0.029299979961827205,0.0,0,0.0,968.4578643084805,odds hors limites
2023-03-31,22201153,atlanta hawks,1.75,0.5513463463483539,-0.03514389389038075,0.0,0,0.0,968.4578643084805,ev trop bas (-0.035)
2023-03-31,22201154,new york knicks,2.23,0.40865511297405666,-0.0886990980678537,0.0,1,0.0,968.4578643084805,ev trop bas (-0.089)
2023-03-31,22201155,detroit pistons,2.76,0.3475845485417345,-0.04066664602481285,0.0,0,0.0,968.4578643084805,odds hors limites
2023-03-31,22201156,memphis grizzlies,1.43,0.6279946492612115,-0.10196765155646759,0.0,1,0.0,968.4578643084805,ev trop bas (-0.102)
2023-03-31,22201157,los angeles lakers,1.74,0.5075708084315314,-0.11682679332913548,0.0,1,0.0,968.4578643084805,diff proba trop faible (0.053)
2023-03-31,22201158,san antonio spurs,7.98,0.1413246756751839,0.12777091188796752,0.0,0,0.0,968.4578643084805,odds hors limites
2023-03-31,22201159,portland trail blazers,6.62,0.14395272490106242,-0.04703296115496669,0.0,0,0.0,968.4578643084805,odds hors limites
2023-03-31,22201160,denver nuggets,5.48,0.19915409090113478,0.09136441813821872,0.0,0,0.0,968.4578643084805,odds hors limites
2023-04-01,22201161,dallas mavericks,1.68,0.5555651532650958,-0.06665054251463909,0.0,0,0.0,968.4578643084805,ev trop bas (-0.067)
2023-04-01,22201162,new orleans pelicans,1.56,0.6062985344662711,-0.054174286232617,0.0,1,0.0,968.4578643084805,ev trop bas (-0.054)
2023-04-02,22201163,charlotte hornets,7.35,0.14135984163841425,0.03899483604234466,0.0,0,0.0,968.4578643084805,odds hors limites
2023-04-02,22201164,utah jazz,3.21,0.29425372684848,-0.055445536816379204,0.0,0,0.0,968.4578643084805,odds hors limites
2023-04-02,22201165,memphis grizzlies,1.77,0.563076486262401,-0.0033546193155501447,0.0,0,0.0,968.4578643084805,ev trop bas (-0.003)
2023-04-02,22201166,portland trail blazers,8.53,0.12944946286734768,0.10420391825847575,0.0,1,0.0,968.4578643084805,odds hors limites
2023-04-02,22201167,dallas mavericks,2.12,0.45192139527225833,-0.041926642022812266,0.0,0,0.0,968.4578643084805,ev trop bas (-0.042)
2023-04-02,22201168,new york knicks,1.14,0.8152363314405243,-0.07063058215780238,0.0,1,0.0,968.4578643084805,odds hors limites
2023-04-02,22201169,detroit pistons,4.57,0.20404314195259715,-0.067522841276631,0.0,0,0.0,968.4578643084805,odds hors limites
2023-04-02,22201170,san antonio spurs,7.85,0.13126192462021263,0.030406108268669074,0.0,1,0.0,968.4578643084805,odds hors limites
2023-04-02,22201171,houston rockets,5.23,0.17903640658638045,-0.06363959355323012,0.0,0,0.0,968.4578643084805,odds hors limites
2023-04-02,22201172,phoenix suns,1.4,0.6271198116843325,-0.12203226364193454,0.0,1,0.0,968.4578643084805,ev trop bas (-0.122)
2023-04-02,22201173,indiana pacers,5.67,0.1746209841548054,-0.009899019842253387,0.0,0,0.0,968.4578643084805,odds hors limites
2023-04-02,22201174,milwaukee bucks,1.42,0.5966989693931265,-0.15268746346176043,0.0,1,0.0,968.4578643084805,ev trop bas (-0.153)
2023-04-02,22201175,golden state warriors,1.53,0.582015181239471,-0.10951677270360927,0.0,0,0.0,968.4578643084805,ev trop bas (-0.110)
2023-04-04,22201176,charlotte hornets,7.8,0.13659836585882779,0.06546725369885675,0.0,0,0.0,968.4578643084805,odds hors limites
2023-04-04,22201177,detroit pistons,6.45,0.15833983069802124,0.021291908002237125,0.0,0,0.0,968.4578643084805,odds hors limites
2023-04-04,22201178,cleveland cavaliers,1.51,0.6012905367852477,-0.09205128945427599,0.0,1,0.0,968.4578643084805,ev trop bas (-0.092)
2023-04-04,22201179,washington wizards,6.03,0.15223805638134708,-0.08200452002047709,0.0,0,0.0,968.4578643084805,odds hors limites
2023-04-04,22201180,brooklyn nets,2.21,0.41636151303907853,-0.07984105618363646,0.0,0,0.0,968.4578643084805,ev trop bas (-0.080)
2023-04-04,22201181,boston celtics,2.28,0.5033636334071125,0.14766908416821645,0.0,0,0.0,968.4578643084805,diff proba trop faible (0.049)
2023-04-04,22201182,chicago bulls,1.4,0.6906078107161058,-0.03314906499745196,0.0,0,0.0,968.4578643084805,ev trop bas (-0.033)
2023-04-04,22201183,denver nuggets,1.14,0.8010276900456285,-0.08682843334798362,0.0,0,0.0,968.4578643084805,odds hors limites
2023-04-04,22201184,portland trail blazers,8.5,0.13000966293557717,0.10508213495240604,0.0,0,0.0,968.4578643084805,odds hors limites
2023-04-04,22201185,new orleans pelicans,1.52,0.6203331131360118,-0.0570936680332621,0.0,0,0.0,968.4578643084805,ev trop bas (-0.057)
2023-04-04,22201186,utah jazz,4.33,0.22876508766330783,-0.009447170417877127,0.0,0,0.0,968.4578643084805,odds hors limites
2023-04-04,22201187,golden state warriors,1.28,0.6860497263072629,-0.1218563503267035,0.0,1,0.0,968.4578643084805,ev trop bas (-0.122)
2023-04-04,22201188,san antonio spurs,8.5,0.13107760802674454,0.11415966822732848,0.0,0,0.0,968.4578643084805,odds hors limites
2023-04-05,22201189,detroit pistons,4.38,0.2072619999621379,-0.09219244016583605,0.0,0,0.0,968.4578643084805,odds hors limites
2023-04-05,22201190,new york knicks,1.51,0.6080101182735754,-0.08190472140690108,0.0,1,0.0,968.4578643084805,ev trop bas (-0.082)
2023-04-05,22201191,atlanta hawks,1.09,0.838715159542908,-0.08580047609823027,0.0,1,0.0,968.4578643084805,odds hors limites
2023-04-05,22201192,boston celtics,1.83,0.5288916986161416,-0.032128191532460826,0.0,1,0.0,968.4578643084805,diff proba trop faible (0.066)
2023-04-05,22201193,chicago bulls,2.57,0.44688070623974363,0.14848341503614115,0.0,0,0.0,968.4578643084805,odds hors limites
2023-04-05,22201194,memphis grizzlies,2.9,0.3293050226866229,-0.045015434208793725,0.0,0,0.0,968.4578643084805,odds hors limites
2023-04-05,22201195,dallas mavericks,1.35,0.7104696092863609,-0.040866027463412724,0.0,1,0.0,968.4578643084805,ev trop bas (-0.041)
2023-04-05,22201196,los angeles clippers,1.86,0.48340443587515286,-0.10086774927221565,0.0,1,0.0,968.4578643084805,diff proba trop faible (0.015)
2023-04-06,22201197,orlando magic,1.39,0.6096380620336087,-0.15260309377328396,0.0,0,0.0,968.4578643084805,ev trop bas (-0.153)
2023-04-06,22201198,miami heat,2.0,0.5691534338628117,0.1383068677256234,19.36915728616961,1,19.36915728616961,987.8270215946501,bet placed
2023-04-06,22201199,san antonio spurs,1.43,0.6416765744057435,-0.08240249859978677,0.0,1,0.0,987.8270215946501,ev trop bas (-0.082)
2023-04-06,22201200,oklahoma city thunder,1.28,0.7312577329419769,-0.06399010183426945,0.0,1,0.0,987.8270215946501,ev trop bas (-0.064)
2023-04-06,22201201,denver nuggets,5.38,0.19352786847829478,0.04117993241322582,0.0,0,0.0,987.8270215946501,odds hors limites
2023-04-07,22201202,charlotte hornets,2.47,0.3394147895280515,-0.1616454698657127,0.0,0,0.0,987.8270215946501,ev trop bas (-0.162)
2023-04-07,22201203,detroit pistons,2.74,0.34016931894278507,-0.06793606609676883,0.0,1,0.0,987.8270215946501,odds hors limites
2023-04-07,22201204,miami heat,1.51,0.6363061957779383,-0.039177644375313125,0.0,0,0.0,987.8270215946501,ev trop bas (-0.039)
2023-04-07,22201205,philadelphia 76ers,5.23,0.19180443806616815,0.003137211086059466,0.0,1,0.0,987.8270215946501,odds hors limites
2023-04-07,22201206,boston celtics,1.96,0.5119186445166843,0.003360543252701298,0.0,1,0.0,987.8270215946501,diff proba trop faible (0.032)
2023-04-07,22201207,brooklyn nets,1.19,0.7499344562064066,-0.1075779971143761,0.0,1,0.0,987.8270215946501,odds hors limites
2023-04-07,22201208,memphis grizzlies,1.24,0.7499047879548992,-0.07011806293592493,0.0,1,0.0,987.8270215946501,ev trop bas (-0.070)
2023-04-07,22201209,new orleans pelicans,1.23,0.7328696159939275,-0.09857037232746912,0.0,1,0.0,987.8270215946501,ev trop bas (-0.099)
2023-04-07,22201210,chicago bulls,1.98,0.4822859846181624,-0.04507375045603845,0.0,1,0.0,987.8270215946501,diff proba trop faible (0.036)
2023-04-07,22201211,sacramento kings,4.55,0.21673035496891768,-0.013876884891424579,0.0,0,0.0,987.8270215946501,odds hors limites
2023-04-07,22201212,phoenix suns,6.05,0.178585790770503,0.08044403416154311,0.0,0,0.0,987.8270215946501,odds hors limites
2023-04-08,22201213,denver nuggets,1.17,0.7770188299028177,-0.09088796901370333,0.0,0,0.0,987.8270215946501,odds hors limites
2023-04-08,22201214,san antonio spurs,7.28,0.15064938392469324,0.09672751497176679,0.0,0,0.0,987.8270215946501,odds hors limites
2023-04-08,22201215,portland trail blazers,8.95,0.13511229727805393,0.20925506063858257,0.0,0,0.0,987.8270215946501,odds hors limites
2023-04-09,22201216,boston celtics,1.44,0.651171253735593,-0.06231339462074603,0.0,1,0.0,987.8270215946501,ev trop bas (-0.062)
2023-04-09,22201217,brooklyn nets,1.7,0.543693344217521,-0.07572131483021427,0.0,0,0.0,987.8270215946501,ev trop bas (-0.076)
2023-04-09,22201218,cleveland cavaliers,1.37,0.6595655453925416,-0.09639520281221792,0.0,0,0.0,987.8270215946501,ev trop bas (-0.096)
2023-04-09,22201219,miami heat,1.41,0.6913213444158217,-0.025236904373691416,0.0,1,0.0,987.8270215946501,ev trop bas (-0.025)
2023-04-09,22201220,new york knicks,1.17,0.782204965190765,-0.08482019072680502,0.0,0,0.0,987.8270215946501,odds hors limites
2023-04-09,22201221,milwaukee bucks,2.22,0.4242466025215174,-0.05817254240223124,0.0,0,0.0,987.8270215946501,ev trop bas (-0.058)
2023-04-09,22201222,houston rockets,1.52,0.5835531880620651,-0.11299915414566097,0.0,1,0.0,987.8270215946501,ev trop bas (-0.113)
2023-04-09,22201223,chicago bulls,1.21,0.7660288453067442,-0.0731050971788395,0.0,1,0.0,987.8270215946501,ev trop bas (-0.073)
2023-04-09,22201224,san antonio spurs,2.3,0.4255049466669269,-0.02133862266606823,0.0,1,0.0,987.8270215946501,ev trop bas (-0.021)
2023-04-09,22201225,minnesota timberwolves,1.57,0.579621082736922,-0.08999490010303235,0.0,1,0.0,987.8270215946501,ev trop bas (-0.090)
2023-04-09,22201226,oklahoma city thunder,1.66,0.5433193350171817,-0.09808990387147853,0.0,1,0.0,987.8270215946501,ev trop bas (-0.098)
2023-04-09,22201227,sacramento kings,1.43,0.6206258878252503,-0.1125049804098921,0.0,0,0.0,987.8270215946501,ev trop bas (-0.113)
2023-04-09,22201228,utah jazz,7.02,0.16142473458037782,0.13320163675425212,0.0,0,0.0,987.8270215946501,odds hors limites
2023-04-09,22201229,phoenix suns,4.07,0.26801304105382273,0.0908130770890585,0.0,0,0.0,987.8270215946501,odds hors limites
2023-04-09,22201230,portland trail blazers,7.65,0.15659595846110197,0.1979590822274302,0.0,0,0.0,987.8270215946501,odds hors limites
2023-04-16,42200101,miami heat,3.75,0.25186032829505234,-0.055523768893553704,0.0,1,0.0,987.8270215946501,odds hors limites
2023-04-19,42200102,miami heat,2.77,0.34468118293473915,-0.04523312327077256,0.0,0,0.0,987.8270215946501,odds hors limites
2023-04-22,42200103,miami heat,2.07,0.4649125423520207,-0.03763103733131723,0.0,1,0.0,987.8270215946501,diff proba trop faible (0.044)
2023-04-24,42200104,miami heat,3.33,0.278845757606115,-0.07144362717163699,0.0,1,0.0,987.8270215946501,odds hors limites
2023-04-26,42200105,miami heat,4.98,0.19756364097571036,-0.016133067940962365,0.0,1,0.0,987.8270215946501,odds hors limites
2023-04-15,42200111,atlanta hawks,3.85,0.24054326615270147,-0.07390842531209929,0.0,0,0.0,987.8270215946501,odds hors limites
2023-04-18,42200112,atlanta hawks,4.62,0.23336910226832558,0.0781652524796641,0.0,0,0.0,987.8270215946501,odds hors limites
2023-04-21,42200113,boston celtics,1.39,0.6833889786843234,-0.050089319628790596,0.0,0,0.0,987.8270215946501,ev trop bas (-0.050)
2023-04-23,42200114,boston celtics,1.29,0.7623471199284453,-0.01657221529230557,0.0,1,0.0,987.8270215946501,ev trop bas (-0.017)
2023-04-25,42200115,atlanta hawks,6.12,0.18446306297674864,0.12891394541770174,0.0,1,0.0,987.8270215946501,odds hors limites
2023-04-27,42200116,boston celtics,1.32,0.7405917739091911,-0.022418858439867795,0.0,1,0.0,987.8270215946501,ev trop bas (-0.022)
2023-04-15,42200121,philadelphia 76ers,1.22,0.7347683707361679,-0.10358258770187523,0.0,1,0.0,987.8270215946501,ev trop bas (-0.104)
2023-04-17,42200122,philadelphia 76ers,1.17,0.7891010225500602,-0.07675180361642964,0.0,1,0.0,987.8270215946501,odds hors limites
2023-04-20,42200123,philadelphia 76ers,1.46,0.6878924382680967,0.0043229598714211726,0.0,1,0.0,987.8270215946501,ev trop bas (0.004)
2023-04-22,42200124,philadelphia 76ers,1.7,0.4960294032490447,-0.15675001447662407,0.0,1,0.0,987.8270215946501,diff proba trop faible (0.060)
2023-04-15,42200131,cleveland cavaliers,1.39,0.6374677869172403,-0.11391977618503613,0.0,0,0.0,987.8270215946501,ev trop bas (-0.114)
2023-04-18,42200132,cleveland cavaliers,1.38,0.703524813274954,-0.029135757680563534,0.0,1,0.0,987.8270215946501,ev trop bas (-0.029)
2023-04-21,42200133,cleveland cavaliers,1.98,0.4605745660948812,-0.08806235913213523,0.0,0,0.0,987.8270215946501,ev trop bas (-0.088)
2023-04-23,42200134,new york knicks,1.69,0.5687162628196402,-0.03886951583480813,0.0,1,0.0,987.8270215946501,ev trop bas (-0.039)
2023-04-26,42200135,cleveland cavaliers,1.4,0.730230742339199,0.022323039274878553,0.0,0,0.0,987.8270215946501,ev trop bas (0.022)
2023-04-16,42200141,denver nuggets,1.25,0.7250027134254244,-0.09374660821821945,0.0,1,0.0,987.8270215946501,ev trop bas (-0.094)
2023-04-19,42200142,denver nuggets,1.23,0.7475660810656877,-0.08049372028920421,0.0,1,0.0,987.8270215946501,ev trop bas (-0.080)
2023-04-21,42200143,denver nuggets,1.72,0.5732429138805173,-0.01402218812551026,0.0,1,0.0,987.8270215946501,ev trop bas (-0.014)
2023-04-23,42200144,denver nuggets,1.49,0.6557718279160769,-0.022899976405045375,0.0,0,0.0,987.8270215946501,ev trop bas (-0.023)
2023-04-25,42200145,denver nuggets,1.18,0.795791269935238,-0.06096630147641924,0.0,1,0.0,987.8270215946501,odds hors limites
2023-04-16,42200151,memphis grizzlies,1.44,0.6713759233428025,-0.03321867038636439,0.0,0,0.0,987.8270215946501,ev trop bas (-0.033)
2023-04-19,42200152,memphis grizzlies,1.9,0.47009896131475765,-0.10681197350196048,0.0,1,0.0,987.8270215946501,diff proba trop faible (0.015)
2023-04-22,42200153,memphis grizzlies,2.38,0.3782257688182115,-0.09982267021265667,0.0,0,0.0,987.8270215946501,ev trop bas (-0.100)
2023-04-24,42200154,memphis grizzlies,2.52,0.36187939866306235,-0.08806391536908287,0.0,0,0.0,987.8270215946501,odds hors limites
2023-04-26,42200155,memphis grizzlies,1.48,0.6886818507223228,0.01924913906903769,0.0,1,0.0,987.8270215946501,ev trop bas (0.019)
2023-04-28,42200156,memphis grizzlies,2.55,0.38380155536581423,-0.021306033817173775,0.0,0,0.0,987.8270215946501,odds hors limites
2023-04-15,42200161,golden state warriors,1.86,0.5285352221146834,-0.016924486866688793,0.0,0,0.0,987.8270215946501,diff proba trop faible (0.014)
2023-04-17,42200162,golden state warriors,1.64,0.5811917442452738,-0.04684553943775105,0.0,0,0.0,987.8270215946501,ev trop bas (-0.047)
2023-04-20,42200163,golden state warriors,1.36,0.6822601240748885,-0.07212623125815165,0.0,1,0.0,987.8270215946501,ev trop bas (-0.072)
2023-04-23,42200164,golden state warriors,1.25,0.7319041715898197,-0.08511978551272537,0.0,1,0.0,987.8270215946501,ev trop bas (-0.085)
2023-04-26,42200165,golden state warriors,1.69,0.5463696481062723,-0.07663529470039987,0.0,1,0.0,987.8270215946501,ev trop bas (-0.077)
2023-04-28,42200166,golden state warriors,1.3,0.729374614177118,-0.05181300156974655,0.0,0,0.0,987.8270215946501,ev trop bas (-0.052)
2023-04-30,42200167,golden state warriors,1.9,0.491413143968947,-0.06631502645900078,0.0,1,0.0,987.8270215946501,diff proba trop faible (0.006)
2023-04-16,42200171,phoenix suns,1.26,0.7597848723324193,-0.04267106086115169,0.0,0,0.0,987.8270215946501,ev trop bas (-0.043)
2023-04-18,42200172,phoenix suns,1.25,0.7728986179964702,-0.033876727504412285,0.0,1,0.0,987.8270215946501,ev trop bas (-0.034)
2023-04-20,42200173,phoenix suns,1.28,0.7620191273457958,-0.024615516997381404,0.0,1,0.0,987.8270215946501,ev trop bas (-0.025)
2023-04-22,42200174,phoenix suns,1.27,0.736220149865999,-0.06500040967018117,0.0,1,0.0,987.8270215946501,ev trop bas (-0.065)
2023-04-25,42200175,los angeles clippers,5.72,0.19034467754459722,0.08877155555509608,0.0,0,0.0,987.8270215946501,odds hors limites
2023-04-30,42200201,new york knicks,1.55,0.6062890225558251,-0.06025201503847111,0.0,0,0.0,987.8270215946501,ev trop bas (-0.060)
2023-05-02,42200202,new york knicks,1.18,0.8005970576128455,-0.05529547201684237,0.0,1,0.0,987.8270215946501,odds hors limites
2023-05-06,42200203,miami heat,1.52,0.6136954761772427,-0.06718287621059105,0.0,1,0.0,987.8270215946501,ev trop bas (-0.067)
2023-05-08,42200204,miami heat,1.51,0.6476499963836,-0.02204850546076398,0.0,1,0.0,987.8270215946501,ev trop bas (-0.022)
2023-05-10,42200205,new york knicks,1.58,0.5921168807716052,-0.06445532838086376,0.0,1,0.0,987.8270215946501,ev trop bas (-0.064)
2023-05-12,42200206,miami heat,1.38,0.6904718124004535,-0.04714889888737417,0.0,1,0.0,987.8270215946501,ev trop bas (-0.047)
2023-05-01,42200211,boston celtics,1.15,0.7888277860475111,-0.09284804604536223,0.0,0,0.0,987.8270215946501,odds hors limites
2023-05-03,42200212,boston celtics,1.27,0.7750756405357536,-0.015653936519592904,0.0,1,0.0,987.8270215946501,ev trop bas (-0.016)
2023-05-05,42200213,boston celtics,1.65,0.6435096832900001,0.06179097742850015,19.756540431893,1,12.841751280730449,1000.6687728753806,bet placed
2023-05-07,42200214,boston celtics,1.84,0.5617358240734338,0.03359391629511821,0.0,0,0.0,1000.6687728753806,ev trop bas (0.034)
2023-05-09,42200215,boston celtics,1.29,0.7603786521030194,-0.01911153878710503,0.0,0,0.0,1000.6687728753806,ev trop bas (-0.019)
2023-05-11,42200216,boston celtics,1.66,0.6378200766679567,0.058781327268808026,20.01337545750761,1,13.208827801955021,1013.8776006773356,bet placed
2023-05-14,42200217,boston celtics,1.4,0.6876491129002404,-0.03729124193966349,0.0,1,0.0,1013.8776006773356,ev trop bas (-0.037)
2023-04-29,42200221,denver nuggets,1.52,0.5702496000605426,-0.1332206079079753,0.0,1,0.0,1013.8776006773356,ev trop bas (-0.133)
2023-05-01,42200222,denver nuggets,1.51,0.5599015862824663,-0.15454860471347587,0.0,1,0.0,1013.8776006773356,ev trop bas (-0.155)
2023-05-05,42200223,phoenix suns,1.51,0.6488784131940832,-0.020193596076934273,0.0,1,0.0,1013.8776006773356,ev trop bas (-0.020)
2023-05-07,42200224,phoenix suns,1.8,0.5488362217271661,-0.012094800891101043,0.0,1,0.0,1013.8776006773356,diff proba trop faible (0.066)
2023-05-09,42200225,denver nuggets,1.36,0.6917455621848858,-0.0592260354285552,0.0,1,0.0,1013.8776006773356,ev trop bas (-0.059)
2023-05-11,42200226,denver nuggets,1.91,0.49594009125325883,-0.05275442570627564,0.0,1,0.0,1013.8776006773356,diff proba trop faible (0.041)
2023-05-02,42200231,los angeles lakers,2.34,0.395473196277655,-0.07459272071028744,0.0,1,0.0,1013.8776006773356,ev trop bas (-0.075)
2023-05-04,42200232,los angeles lakers,3.08,0.3178508549653387,-0.021019366706756748,0.0,0,0.0,1013.8776006773356,odds hors limites
2023-05-06,42200233,los angeles lakers,1.59,0.636823779286638,0.012549809065754536,0.0,1,0.0,1013.8776006773356,ev trop bas (0.013)
2023-05-08,42200234,los angeles lakers,1.66,0.5981775412863428,-0.007025281464670963,0.0,1,0.0,1013.8776006773356,ev trop bas (-0.007)
2023-05-10,42200235,golden state warriors,1.3,0.7272799959585743,-0.05453600525385338,0.0,1,0.0,1013.8776006773356,ev trop bas (-0.055)
2023-05-12,42200236,los angeles lakers,1.61,0.6063224291412367,-0.02382088908260893,0.0,1,0.0,1013.8776006773356,ev trop bas (-0.024)
2023-05-17,42200301,miami heat,3.59,0.26922491950608285,-0.03348253897316256,0.0,1,0.0,1013.8776006773356,odds hors limites
2023-05-19,42200302,boston celtics,1.2,0.7900134115786032,-0.05198390610567627,0.0,0,0.0,1013.8776006773356,ev trop bas (-0.052)
2023-05-21,42200303,boston celtics,1.51,0.6553106736825409,-0.010480882739363206,0.0,0,0.0,1013.8776006773356,ev trop bas (-0.010)
2023-05-23,42200304,miami heat,1.77,0.5416087505413993,-0.04135251154172315,0.0,0,0.0,1013.8776006773356,diff proba trop faible (0.069)
2023-05-25,42200305,boston celtics,1.28,0.749134744825436,-0.04110752662344197,0.0,1,0.0,1013.8776006773356,ev trop bas (-0.041)
2023-05-27,42200306,miami heat,1.98,0.4989368687274926,-0.012104999919564707,0.0,0,0.0,1013.8776006773356,diff proba trop faible (0.057)
2023-05-29,42200307,miami heat,3.1,0.31980944173824455,-0.008590730611441888,0.0,1,0.0,1013.8776006773356,odds hors limites
2023-05-16,42200311,los angeles lakers,2.95,0.31972002569532915,-0.056825924198778965,0.0,0,0.0,1013.8776006773356,odds hors limites
2023-05-18,42200312,los angeles lakers,2.6,0.38322616240252094,-0.003611977753445461,0.0,0,0.0,1013.8776006773356,odds hors limites
2023-05-20,42200313,los angeles lakers,1.4,0.6983840517726937,-0.022262327518228875,0.0,0,0.0,1013.8776006773356,ev trop bas (-0.022)
2023-05-22,42200314,los angeles lakers,1.57,0.6401237617228892,0.004994305904935992,0.0,0,0.0,1013.8776006773356,ev trop bas (0.005)
2023-06-01,42200401,denver nuggets,1.27,0.7096833479601932,-0.09870214809055466,0.0,1,0.0,1013.8776006773356,ev trop bas (-0.099)
2023-06-04,42200402,miami heat,3.42,0.2857672303649015,-0.02267607215203693,0.0,1,0.0,1013.8776006773356,odds hors limites
2023-06-07,42200403,denver nuggets,1.59,0.613585486095152,-0.024399077108708367,0.0,1,0.0,1013.8776006773356,ev trop bas (-0.024)
2023-06-09,42200404,miami heat,2.13,0.4894845121859702,0.04260201095611649,0.0,0,0.0,1013.8776006773356,ev trop bas (0.043)
2023-06-12,42200405,miami heat,3.45,0.2942910690853689,0.015304188344522629,0.0,0,0.0,1013.8776006773356,odds hors limites
2023-04-11,52200101,miami heat,1.44,0.677781153873191,-0.023995138422604922,0.0,0,0.0,1013.8776006773356,ev trop bas (-0.024)
2023-04-12,52200111,chicago bulls,2.65,0.3987357516943757,0.05664974199009554,0.0,1,0.0,1013.8776006773356,odds hors limites
2023-04-11,52200121,los angeles lakers,1.24,0.7485333046950813,-0.07181870217809927,0.0,1,0.0,1013.8776006773356,ev trop bas (-0.072)
2023-04-12,52200131,new orleans pelicans,1.4,0.6138321943143324,-0.1406349279599346,0.0,0,0.0,1013.8776006773356,ev trop bas (-0.141)
2023-04-14,52200201,chicago bulls,2.41,0.473845513190337,0.1419676867887123,20.277552013546714,0,-20.277552013546714,993.6000486637889,bet placed
2023-04-14,52200211,oklahoma city thunder,2.62,0.32687710069570103,-0.1435819961772633,0.0,0,0.0,993.6000486637889,odds hors limites
2023-11-03,22300001,indiana pacers,2.01,0.4713513533169664,-0.05258377983289764,0.0,1,0.0,993.6000486637889,diff proba trop faible (0.043)
2023-11-03,22300002,new york knicks,2.48,0.33529981423746813,-0.168456460691079,0.0,0,0.0,993.6000486637889,ev trop bas (-0.168)
2023-11-03,22300003,washington wizards,3.53,0.2667384919182242,-0.058413123528668676,0.0,0,0.0,993.6000486637889,odds hors limites
2023-11-03,22300004,chicago bulls,1.49,0.6206570242677558,-0.07522103384104384,0.0,0,0.0,993.6000486637889,ev trop bas (-0.075)
2023-11-03,22300005,oklahoma city thunder,2.67,0.3648534077710644,-0.02584140125125811,0.0,0,0.0,993.6000486637889,odds hors limites
2023-11-03,22300006,denver nuggets,1.37,0.6472403117351012,-0.11328077292291128,0.0,1,0.0,993.6000486637889,ev trop bas (-0.113)
2023-11-03,22300007,memphis grizzlies,1.53,0.5075227770749549,-0.2234901510753191,0.0,0,0.0,993.6000486637889,ev trop bas (-0.223)
2023-11-10,22300008,detroit pistons,3.48,0.2699890733485722,-0.0604380247469688,0.0,0,0.0,993.6000486637889,odds hors limites
2023-11-10,22300009,washington wizards,1.59,0.4695800151038047,-0.2533677759849505,0.0,0,0.0,993.6000486637889,ev trop bas (-0.253)
2023-11-10,22300010,boston celtics,1.11,0.7877988762221784,-0.12554324739338196,0.0,1,0.0,993.6000486637889,odds hors limites
2023-11-10,22300011,new orleans pelicans,2.03,0.45076663536704215,-0.08494373020490453,0.0,0,0.0,993.6000486637889,diff proba trop faible (0.011)
2023-11-10,22300012,utah jazz,2.43,0.33864158313533105,-0.17710095298114548,0.0,1,0.0,993.6000486637889,ev trop bas (-0.177)
2023-11-10,22300013,minnesota timberwolves,1.3,0.6695551181819214,-0.12957834636350218,0.0,1,0.0,993.6000486637889,ev trop bas (-0.130)
2023-11-10,22300014,los angeles clippers,1.88,0.5033228192372547,-0.05375309983396115,0.0,0,0.0,993.6000486637889,diff proba trop faible (0.033)
2023-11-10,22300015,los angeles lakers,1.96,0.4695701856360124,-0.07964243615341571,0.0,1,0.0,993.6000486637889,diff proba trop faible (0.061)
2023-11-10,22300016,sacramento kings,1.93,0.4336253661159376,-0.1631030433962405,0.0,1,0.0,993.6000486637889,diff proba trop faible (0.017)
2023-11-14,22300017,miami heat,1.33,0.6331717613001125,-0.1578815574708503,0.0,1,0.0,993.6000486637889,ev trop bas (-0.158)
2023-11-14,22300018,detroit pistons,2.38,0.3604450243419575,-0.1421408420661412,0.0,0,0.0,993.6000486637889,ev trop bas (-0.142)
2023-11-14,22300019,indiana pacers,2.6,0.34267879252521843,-0.109035139434432,0.0,1,0.0,993.6000486637889,odds hors limites
2023-11-14,22300020,orlando magic,2.11,0.4054751320014697,-0.14444747147689907,0.0,0,0.0,993.6000486637889,ev trop bas (-0.144)
2023-11-14,22300021,san antonio spurs,4.22,0.24482669797962697,0.03316866547402575,0.0,0,0.0,993.6000486637889,odds hors limites
2023-11-14,22300022,new orleans pelicans,2.22,0.41298695770047344,-0.08316895390494883,0.0,1,0.0,993.6000486637889,diff proba trop faible (0.015)
2023-11-14,22300023,portland trail blazers,2.86,0.2884541519993328,-0.17502112528190827,0.0,0,0.0,993.6000486637889,odds hors limites
2023-11-14,22300024,los angeles clippers,2.39,0.40839248476936363,-0.023941961401220846,0.0,0,0.0,993.6000486637889,ev trop bas (-0.024)
2023-11-14,22300025,golden state warriors,2.06,0.3818362071616645,-0.21341741324697117,0.0,0,0.0,993.6000486637889,diff proba trop faible (0.068)
2023-11-14,22300026,memphis grizzlies,2.87,0.3166578306791554,-0.09119202595082387,0.0,0,0.0,993.6000486637889,odds hors limites
2023-11-17,22300027,charlotte hornets,3.35,0.24003823247683617,-0.19587192120259878,0.0,0,0.0,993.6000486637889,odds hors limites
2023-11-17,22300028,new york knicks,1.29,0.6786056964424337,-0.12459865158926042,0.0,1,0.0,993.6000486637889,ev trop bas (-0.125)
2023-11-17,22300029,philadelphia 76ers,1.76,0.5069621388992518,-0.10774663553731689,0.0,1,0.0,993.6000486637889,ev trop bas (-0.108)
2023-11-17,22300030,detroit pistons,3.52,0.3030646113726742,0.06678743203181314,0.0,0,0.0,993.6000486637889,odds hors limites
2023-11-17,22300031,toronto raptors,3.56,0.26994120833320157,-0.0390092983338024,0.0,0,0.0,993.6000486637889,odds hors limites
2023-11-17,22300032,sacramento kings,1.24,0.6999557408664732,-0.1320548813255733,0.0,1,0.0,993.6000486637889,ev trop bas (-0.132)
2023-11-17,22300033,chicago bulls,1.52,0.5718387616292399,-0.13080508232355537,0.0,0,0.0,993.6000486637889,ev trop bas (-0.131)
2023-11-17,22300034,new orleans pelicans,2.37,0.38808485850316815,-0.08023888534749146,0.0,1,0.0,993.6000486637889,ev trop bas (-0.080)
2023-11-17,22300035,phoenix suns,1.43,0.5892856451217623,-0.1573215274758799,0.0,1,0.0,993.6000486637889,ev trop bas (-0.157)
2023-11-17,22300036,los angeles lakers,1.2,0.7215331663690296,-0.13416020035716447,0.0,1,0.0,993.6000486637889,ev trop bas (-0.134)
2023-11-17,22300037,houston rockets,3.0,0.2897025798396671,-0.13089226048099878,0.0,0,0.0,993.6000486637889,odds hors limites
2023-11-21,22300038,orlando magic,1.74,0.5342965050682438,-0.07032408118125588,0.0,1,0.0,993.6000486637889,diff proba trop faible (0.049)
2023-11-21,22300039,atlanta hawks,1.54,0.5550079544293572,-0.1452877501787898,0.0,0,0.0,993.6000486637889,ev trop bas (-0.145)
2023-11-21,22300040,philadelphia 76ers,1.24,0.696654875689835,-0.13614795414460468,0.0,0,0.0,993.6000486637889,ev trop bas (-0.136)
2023-11-21,22300041,portland trail blazers,5.2,0.19227184977967965,-0.00018638114566582598,0.0,0,0.0,993.6000486637889,odds hors limites
2023-11-21,22300042,los angeles lakers,1.28,0.6965245308598498,-0.10844860049939231,0.0,1,0.0,993.6000486637889,ev trop bas (-0.108)
2023-11-24,22300043,orlando magic,2.51,0.335904451200253,-0.15687982748736506,0.0,1,0.0,993.6000486637889,odds hors limites
2023-11-24,22300044,memphis grizzlies,2.18,0.3907148344241463,-0.14824166095536107,0.0,0,0.0,993.6000486637889,ev trop bas (-0.148)
2023-11-24,22300045,new york knicks,1.42,0.5966371475482211,-0.15277525048152618,0.0,1,0.0,993.6000486637889,ev trop bas (-0.153)
2023-11-24,22300046,chicago bulls,2.5,0.3211475872773876,-0.1971310318065309,0.0,0,0.0,993.6000486637889,ev trop bas (-0.197)
2023-11-24,22300047,detroit pistons,3.77,0.26703194563749083,0.006710435053340458,0.0,0,0.0,993.6000486637889,odds hors limites
2023-11-24,22300048,houston rockets,2.11,0.39515279533787173,-0.16622760183709073,0.0,1,0.0,993.6000486637889,ev trop bas (-0.166)
2023-11-24,22300049,washington wizards,5.65,0.18416671495912912,0.040541939519079584,0.0,0,0.0,993.6000486637889,odds hors limites
2023-11-24,22300050,minnesota timberwolves,1.45,0.5357590864753917,-0.22314932461068204,0.0,0,0.0,993.6000486637889,ev trop bas (-0.223)
2023-11-24,22300051,san antonio spurs,3.85,0.30273453178759235,0.16552794738223064,0.0,0,0.0,993.6000486637889,odds hors limites
2023-11-24,22300052,los angeles clippers,1.42,0.584226620876323,-0.1703981983556213,0.0,0,0.0,993.6000486637889,ev trop bas (-0.170)
2023-11-28,22300053,chicago bulls,5.52,0.19633093428158932,0.08374675723437286,0.0,0,0.0,993.6000486637889,odds hors limites
2023-11-28,22300054,brooklyn nets,1.72,0.4734146363921055,-0.1857268254055785,0.0,1,0.0,993.6000486637889,ev trop bas (-0.186)
2023-11-28,22300055,cleveland cavaliers,1.47,0.5470578706976286,-0.19582493007448598,0.0,1,0.0,993.6000486637889,ev trop bas (-0.196)
2023-11-28,22300056,miami heat,2.36,0.3874826021850188,-0.08554105884335572,0.0,0,0.0,993.6000486637889,diff proba trop faible (0.004)
2023-11-28,22300057,charlotte hornets,4.57,0.20741246391425308,-0.05212503991186335,0.0,0,0.0,993.6000486637889,odds hors limites
2023-11-28,22300058,minnesota timberwolves,1.59,0.5120678943388397,-0.18581204800124484,0.0,1,0.0,993.6000486637889,ev trop bas (-0.186)
2023-11-28,22300059,houston rockets,2.2,0.3638693293077799,-0.19948747552288426,0.0,0,0.0,993.6000486637889,ev trop bas (-0.199)
2023-11-28,22300060,sacramento kings,1.66,0.5353138429864914,-0.11137902064242422,0.0,1,0.0,993.6000486637889,ev trop bas (-0.111)
2023-10-24,22300061,denver nuggets,1.45,0.6832634123002417,-0.009268052164649543,0.0,1,0.0,993.6000486637889,ev trop bas (-0.009)
2023-10-24,22300062,golden state warriors,1.66,0.6157515748563299,0.022147614261507576,0.0,0,0.0,993.6000486637889,ev trop bas (0.022)
2023-10-25,22300063,atlanta hawks,1.5,0.6051656111563986,-0.09225158326540217,0.0,0,0.0,993.6000486637889,ev trop bas (-0.092)
2023-10-25,22300064,washington wizards,2.42,0.3851709505363804,-0.06788629970195947,0.0,0,0.0,993.6000486637889,ev trop bas (-0.068)
2023-10-25,22300065,new york knicks,2.28,0.4106144671622937,-0.06379901486997042,0.0,0,0.0,993.6000486637889,ev trop bas (-0.064)
2023-10-25,22300066,orlando magic,1.49,0.6542789528766808,-0.025124360213745645,0.0,1,0.0,993.6000486637889,ev trop bas (-0.025)
2023-10-25,22300067,brooklyn nets,1.94,0.4771348040365932,-0.07435848016900926,0.0,0,0.0,993.6000486637889,diff proba trop faible (0.063)
2023-10-25,22300068,miami heat,1.18,0.7845474067086671,-0.07423406008377287,0.0,1,0.0,993.6000486637889,odds hors limites
2023-10-25,22300069,toronto raptors,1.78,0.5496564932042352,-0.021611442096461375,0.0,1,0.0,993.6000486637889,diff proba trop faible (0.019)
2023-10-25,22300070,chicago bulls,1.65,0.6110818415969225,0.008285038634922026,0.0,0,0.0,993.6000486637889,ev trop bas (0.008)
2023-10-25,22300071,memphis grizzlies,1.77,0.5900757636947264,0.044434101739665666,0.0,0,0.0,993.6000486637889,ev trop bas (0.044)
2023-10-25,22300072,utah jazz,1.93,0.48784479201712844,-0.058459551406942145,0.0,0,0.0,993.6000486637889,diff proba trop faible (0.050)
2023-10-25,22300073,san antonio spurs,2.4,0.3840528845557911,-0.07827307706610132,0.0,0,0.0,993.6000486637889,ev trop bas (-0.078)
2023-10-25,22300074,los angeles clippers,1.2,0.7814937237394505,-0.06220753151265945,0.0,1,0.0,993.6000486637889,ev trop bas (-0.062)
2023-10-26,22300075,milwaukee bucks,1.36,0.6826717321002038,-0.07156644434372272,0.0,1,0.0,993.6000486637889,ev trop bas (-0.072)
2023-10-26,22300076,los angeles lakers,1.35,0.6887627632377992,-0.0701702696289711,0.0,1,0.0,993.6000486637889,ev trop bas (-0.070)
2023-10-27,22300077,detroit pistons,2.26,0.4182946627554564,-0.05465406217266866,0.0,1,0.0,993.6000486637889,ev trop bas (-0.055)
2023-10-27,22300078,memphis grizzlies,2.52,0.39000194864685506,-0.0171950894099252,0.0,0,0.0,993.6000486637889,odds hors limites
2023-10-27,22300079,atlanta hawks,1.82,0.5462956475645843,-0.005741921432456554,0.0,0,0.0,993.6000486637889,diff proba trop faible (0.030)
2023-10-27,22300080,miami heat,3.32,0.2896256963383429,-0.0384426881567016,0.0,0,0.0,993.6000486637889,odds hors limites
2023-10-27,22300081,cleveland cavaliers,1.63,0.5723296192221529,-0.06710272066789091,0.0,0,0.0,993.6000486637889,ev trop bas (-0.067)
2023-10-27,22300082,chicago bulls,1.64,0.6214989118553266,0.019258215442735427,0.0,1,0.0,993.6000486637889,ev trop bas (0.019)
2023-10-27,22300083,san antonio spurs,1.56,0.556222503222412,-0.1322928949730373,0.0,1,0.0,993.6000486637889,ev trop bas (-0.132)
2023-10-27,22300084,brooklyn nets,2.63,0.38671343360775223,0.017056330388388385,0.0,0,0.0,993.6000486637889,odds hors limites
2023-10-27,22300085,los angeles clippers,1.5,0.6332634391831024,-0.05010484122534642,0.0,0,0.0,993.6000486637889,ev trop bas (-0.050)
2023-10-27,22300086,orlando magic,1.51,0.5905801503517787,-0.10822397296881414,0.0,1,0.0,993.6000486637889,ev trop bas (-0.108)
2023-10-27,22300087,sacramento kings,1.58,0.5801680911567381,-0.0833344159723538,0.0,0,0.0,993.6000486637889,ev trop bas (-0.083)
2023-10-28,22300088,chicago bulls,1.59,0.6409988690393347,0.019188201772542213,0.0,0,0.0,993.6000486637889,ev trop bas (0.019)
2023-10-28,22300089,memphis grizzlies,1.77,0.5485497080378512,-0.029067016773003385,0.0,0,0.0,993.6000486637889,diff proba trop faible (0.035)
2023-10-28,22300090,new york knicks,2.04,0.4568829095785297,-0.06795886445979948,0.0,0,0.0,993.6000486637889,ev trop bas (-0.068)
2023-10-28,22300091,cleveland cavaliers,2.23,0.41336939690161617,-0.07818624490939596,0.0,0,0.0,993.6000486637889,ev trop bas (-0.078)
2023-10-28,22300092,toronto raptors,2.46,0.37994314587599953,-0.0653398611450412,0.0,0,0.0,993.6000486637889,ev trop bas (-0.065)
2023-10-28,22300093,minnesota timberwolves,1.26,0.7569996631124872,-0.04618042447826609,0.0,1,0.0,993.6000486637889,ev trop bas (-0.046)
2023-10-28,22300094,phoenix suns,1.39,0.6668909787199915,-0.07302153957921187,0.0,1,0.0,993.6000486637889,ev trop bas (-0.073)
2023-10-29,22300095,oklahoma city thunder,2.15,0.4284953633887264,-0.07873496871423824,0.0,0,0.0,993.6000486637889,ev trop bas (-0.079)
2023-10-29,22300096,houston rockets,2.83,0.40141449299086707,0.1360030151641538,0.0,0,0.0,993.6000486637889,odds hors limites
2023-10-29,22300097,atlanta hawks,2.63,0.3666444307696255,-0.03572514707588503,0.0,1,0.0,993.6000486637889,odds hors limites
2023-10-29,22300098,philadelphia 76ers,1.19,0.7762294403463992,-0.07628696598778506,0.0,1,0.0,993.6000486637889,odds hors limites
2023-10-29,22300099,san antonio spurs,3.43,0.26503928376686475,-0.09091525667965383,0.0,0,0.0,993.6000486637889,odds hors limites
2023-10-29,22300100,los angeles lakers,1.96,0.46113325948030043,-0.09617881141861118,0.0,0,0.0,993.6000486637889,diff proba trop faible (0.062)
2023-10-30,22300101,brooklyn nets,1.72,0.5455506074173359,-0.061652955242182395,0.0,1,0.0,993.6000486637889,ev trop bas (-0.062)
2023-10-30,22300102,chicago bulls,2.11,0.485604574631602,0.024625652472680226,0.0,1,0.0,993.6000486637889,diff proba trop faible (0.054)
2023-10-30,22300103,boston celtics,1.17,0.7649904622433694,-0.10496115917525783,0.0,1,0.0,993.6000486637889,odds hors limites
2023-10-30,22300104,minnesota timberwolves,1.66,0.5945859468391445,-0.012987328247020202,0.0,0,0.0,993.6000486637889,ev trop bas (-0.013)
2023-10-30,22300105,toronto raptors,1.2,0.7817035242025538,-0.061955770956935385,0.0,0,0.0,993.6000486637889,ev trop bas (-0.062)
2023-10-30,22300106,memphis grizzlies,1.7,0.600284260374793,0.020483242637147958,0.0,0,0.0,993.6000486637889,ev trop bas (0.020)
2023-10-30,22300107,miami heat,3.0,0.3032890026474521,-0.09013299205764369,0.0,0,0.0,993.6000486637889,odds hors limites
2023-10-30,22300108,new orleans pelicans,1.62,0.6250049768907316,0.012508062562985423,0.0,0,0.0,993.6000486637889,ev trop bas (0.013)
2023-10-30,22300109,oklahoma city thunder,1.32,0.7007376555512543,-0.07502629467234423,0.0,1,0.0,993.6000486637889,ev trop bas (-0.075)
2023-10-30,22300110,denver nuggets,1.23,0.7577162700162661,-0.06800898787999277,0.0,1,0.0,993.6000486637889,ev trop bas (-0.068)
2023-10-30,22300111,los angeles lakers,1.48,0.6013515382146013,-0.10999972344239006,0.0,1,0.0,993.6000486637889,ev trop bas (-0.110)
2023-10-31,22300112,cleveland cavaliers,1.94,0.4967287794825498,-0.03634616780385347,0.0,0,0.0,993.6000486637889,diff proba trop faible (0.057)
2023-10-31,22300113,phoenix suns,1.28,0.7472217939459502,-0.04355610374918373,0.0,0,0.0,993.6000486637889,ev trop bas (-0.044)
2023-10-31,22300114,orlando magic,2.64,0.32884364882693684,-0.13185276709688665,0.0,0,0.0,993.6000486637889,odds hors limites
2023-11-01,22300115,portland trail blazers,2.05,0.4129872840134577,-0.15337606777241186,0.0,1,0.0,993.6000486637889,ev trop bas (-0.153)
2023-11-01,22300116,toronto raptors,2.22,0.42210264236885237,-0.06293213394114772,0.0,1,0.0,993.6000486637889,ev trop bas (-0.063)
2023-11-01,22300117,washington wizards,3.51,0.2854346266024993,0.0018755393747724725,0.0,0,0.0,993.6000486637889,odds hors limites
2023-11-01,22300118,indiana pacers,4.8,0.23395581121962317,0.12298789385419107,0.0,0,0.0,993.6000486637889,odds hors limites
2023-11-01,22300119,miami heat,1.31,0.6743068383856159,-0.11665804171484317,0.0,0,0.0,993.6000486637889,ev trop bas (-0.117)
2023-11-01,22300120,cleveland cavaliers,2.37,0.4434764537995849,0.05103919550501623,19.872000973275778,1,27.22464133338782,1020.8246899971767,bet placed
2023-11-01,22300121,new orleans pelicans,2.13,0.43448596211932694,-0.07454490068583364,0.0,1,0.0,1020.8246899971767,ev trop bas (-0.075)
2023-11-01,22300122,houston rockets,1.58,0.5330215511603786,-0.15782594916660175,0.0,1,0.0,1020.8246899971767,ev trop bas (-0.158)
2023-11-01,22300123,minnesota timberwolves,1.93,0.512900480899573,-0.010102071863824169,0.0,1,0.0,1020.8246899971767,diff proba trop faible (0.013)
2023-11-01,22300124,chicago bulls,2.12,0.43635186143882987,-0.07493405374968065,0.0,0,0.0,1020.8246899971767,ev trop bas (-0.075)
2023-11-01,22300125,memphis grizzlies,1.9,0.528514835535963,0.004178187518329768,0.0,0,0.0,1020.8246899971767,diff proba trop faible (0.023)
2023-11-01,22300126,sacramento kings,2.8,0.3217471944608967,-0.0991078555094892,0.0,0,0.0,1020.8246899971767,odds hors limites
2023-11-01,22300127,los angeles lakers,1.55,0.5606101521575526,-0.13105426415579347,0.0,1,0.0,1020.8246899971767,ev trop bas (-0.131)
2023-11-02,22300128,philadelphia 76ers,1.28,0.7396601943587916,-0.05323495122074673,0.0,1,0.0,1020.8246899971767,ev trop bas (-0.053)
2023-11-02,22300129,detroit pistons,2.3,0.38587436758490035,-0.11248895455472929,0.0,0,0.0,1020.8246899971767,ev trop bas (-0.112)
2023-11-02,22300130,orlando magic,1.69,0.5077264156404888,-0.1419423575675739,0.0,1,0.0,1020.8246899971767,ev trop bas (-0.142)
2023-11-02,22300131,phoenix suns,1.14,0.7632249560440483,-0.12992355010978507,0.0,0,0.0,1020.8246899971767,odds hors limites
2023-11-04,22300132,phoenix suns,2.69,0.34221553125085985,-0.07944022093518699,0.0,0,0.0,1020.8246899971767,odds hors limites
2023-11-04,22300133,indiana pacers,1.4,0.5425569490036727,-0.24042027139485833,0.0,0,0.0,1020.8246899971767,ev trop bas (-0.240)
2023-11-04,22300134,los angeles lakers,1.49,0.48129672026180714,-0.2828678868099074,0.0,0,0.0,1020.8246899971767,ev trop bas (-0.283)
2023-11-04,22300135,new orleans pelicans,1.63,0.4856220022158103,-0.20843613638822922,0.0,0,0.0,1020.8246899971767,ev trop bas (-0.208)
2023-11-04,22300136,brooklyn nets,3.77,0.22271747917717344,-0.16035510350205617,0.0,0,0.0,1020.8246899971767,odds hors limites
2023-11-04,22300137,sacramento kings,1.61,0.5600988415038368,-0.09824086517882269,0.0,0,0.0,1020.8246899971767,ev trop bas (-0.098)
2023-11-04,22300138,minnesota timberwolves,1.25,0.7063217229778779,-0.11709784627765263,0.0,1,0.0,1020.8246899971767,ev trop bas (-0.117)
2023-11-04,22300139,chicago bulls,3.53,0.26002659334780515,-0.08210612548224794,0.0,0,0.0,1020.8246899971767,odds hors limites
2023-11-05,22300140,phoenix suns,1.58,0.5524372067247666,-0.12714921337486873,0.0,1,0.0,1020.8246899971767,ev trop bas (-0.127)
2023-11-05,22300141,toronto raptors,1.54,0.58371150969247,-0.10108427507359619,0.0,1,0.0,1020.8246899971767,ev trop bas (-0.101)
2023-11-05,22300142,cleveland cavaliers,1.77,0.5312254480963977,-0.05973095686937602,0.0,1,0.0,1020.8246899971767,ev trop bas (-0.060)
2023-11-05,22300143,dallas mavericks,1.13,0.7366047914038698,-0.16763658571362716,0.0,1,0.0,1020.8246899971767,odds hors limites
2023-11-05,22300144,memphis grizzlies,1.58,0.5083787403820785,-0.1967615901963159,0.0,1,0.0,1020.8246899971767,ev trop bas (-0.197)
2023-11-06,22300145,detroit pistons,3.68,0.25374136450353024,-0.06623177862700869,0.0,0,0.0,1020.8246899971767,odds hors limites
2023-11-06,22300146,indiana pacers,1.21,0.6934570447086251,-0.1609169759025636,0.0,1,0.0,1020.8246899971767,ev trop bas (-0.161)
2023-11-06,22300147,orlando magic,1.87,0.3994547037094872,-0.2530197040632589,0.0,0,0.0,1020.8246899971767,diff proba trop faible (0.014)
2023-11-06,22300148,washington wizards,4.68,0.19797234867259106,-0.0734894082122739,0.0,0,0.0,1020.8246899971767,odds hors limites
2023-11-06,22300149,brooklyn nets,2.4,0.29796573615593586,-0.284882233225754,0.0,0,0.0,1020.8246899971767,ev trop bas (-0.285)
2023-11-06,22300150,miami heat,1.73,0.4836356580600611,-0.16331031155609432,0.0,1,0.0,1020.8246899971767,ev trop bas (-0.163)
2023-11-06,22300151,new york knicks,1.72,0.502911918905463,-0.13499149948260358,0.0,1,0.0,1020.8246899971767,ev trop bas (-0.135)
2023-11-06,22300152,utah jazz,2.27,0.3555434994046795,-0.19291625635137755,0.0,0,0.0,1020.8246899971767,ev trop bas (-0.193)
2023-11-06,22300153,houston rockets,1.97,0.40533983247606914,-0.20148053002214383,0.0,1,0.0,1020.8246899971767,diff proba trop faible (0.066)
2023-11-06,22300154,minnesota timberwolves,2.16,0.41260989544314725,-0.10876262584280194,0.0,1,0.0,1020.8246899971767,diff proba trop faible (0.069)
2023-11-06,22300155,oklahoma city thunder,1.75,0.4995167832481374,-0.1258456293157595,0.0,1,0.0,1020.8246899971767,ev trop bas (-0.126)
2023-11-06,22300156,new orleans pelicans,2.81,0.29811868058418634,-0.16228650755843643,0.0,0,0.0,1020.8246899971767,odds hors limites
2023-11-08,22300157,washington wizards,2.0,0.400574761505467,-0.198850476989066,0.0,1,0.0,1020.8246899971767,diff proba trop faible (0.062)
2023-11-08,22300158,indiana pacers,1.38,0.6023188157737788,-0.16880003423218537,0.0,1,0.0,1020.8246899971767,ev trop bas (-0.169)
2023-11-08,22300159,philadelphia 76ers,2.03,0.4357021901378498,-0.11552455402016504,0.0,1,0.0,1020.8246899971767,diff proba trop faible (0.020)
2023-11-08,22300160,los angeles clippers,1.41,0.6032865131108068,-0.14936601651376247,0.0,0,0.0,1020.8246899971767,ev trop bas (-0.149)
2023-11-08,22300161,new york knicks,1.21,0.7469634380427103,-0.09617423996832064,0.0,1,0.0,1020.8246899971767,ev trop bas (-0.096)
2023-11-08,22300162,chicago bulls,1.81,0.47751876347998834,-0.13569103810122107,0.0,0,0.0,1020.8246899971767,diff proba trop faible (0.008)
2023-11-08,22300163,houston rockets,2.08,0.38405664684992274,-0.20116217455216068,0.0,1,0.0,1020.8246899971767,ev trop bas (-0.201)
2023-11-08,22300164,miami heat,1.73,0.5247202695960334,-0.09223393359886234,0.0,1,0.0,1020.8246899971767,ev trop bas (-0.092)
2023-11-08,22300165,detroit pistons,5.12,0.20977089329844759,0.07402697368805167,0.0,0,0.0,1020.8246899971767,odds hors limites
2023-11-08,22300166,minnesota timberwolves,1.21,0.7552236313123122,-0.08617940611210229,0.0,1,0.0,1020.8246899971767,ev trop bas (-0.086)
2023-11-08,22300167,cleveland cavaliers,1.69,0.46266221689890347,-0.21810085344085317,0.0,0,0.0,1020.8246899971767,ev trop bas (-0.218)
2023-11-08,22300168,toronto raptors,2.27,0.34871309920831517,-0.20842126479712453,0.0,1,0.0,1020.8246899971767,ev trop bas (-0.208)
2023-11-08,22300169,denver nuggets,1.49,0.5908929411992098,-0.11956951761317747,0.0,1,0.0,1020.8246899971767,ev trop bas (-0.120)
2023-11-08,22300170,sacramento kings,1.26,0.7300668927594213,-0.0801157151231292,0.0,1,0.0,1020.8246899971767,ev trop bas (-0.080)
2023-11-09,22300171,indiana pacers,1.83,0.509988712401092,-0.06672065630600155,0.0,1,0.0,1020.8246899971767,ev trop bas (-0.067)
2023-11-09,22300172,orlando magic,2.18,0.4321054019546155,-0.05801022373893816,0.0,0,0.0,1020.8246899971767,diff proba trop faible (0.047)
2023-11-11,22300173,orlando magic,1.96,0.5088854084519037,-0.0025845994342688083,0.0,1,0.0,1020.8246899971767,diff proba trop faible (0.041)
2023-11-11,22300174,boston celtics,1.21,0.6961330394367454,-0.15767902228153807,0.0,1,0.0,1020.8246899971767,ev trop bas (-0.158)
2023-11-11,22300175,atlanta hawks,1.29,0.6858227958696534,-0.115288593328147,0.0,0,0.0,1020.8246899971767,ev trop bas (-0.115)
2023-11-11,22300176,cleveland cavaliers,2.32,0.3820427264188263,-0.11366087470832298,0.0,1,0.0,1020.8246899971767,ev trop bas (-0.114)
2023-11-12,22300177,new york knicks,1.17,0.7871485296640987,-0.07903622029300461,0.0,1,0.0,1020.8246899971767,odds hors limites
2023-11-12,22300178,brooklyn nets,1.31,0.5882211714209591,-0.2294302654385436,0.0,1,0.0,1020.8246899971767,ev trop bas (-0.229)
2023-11-12,22300179,memphis grizzlies,3.26,0.29455422676063014,-0.03975322076034582,0.0,1,0.0,1020.8246899971767,odds hors limites
2023-11-12,22300180,philadelphia 76ers,1.32,0.6588073852484322,-0.1303742514720695,0.0,1,0.0,1020.8246899971767,ev trop bas (-0.130)
2023-11-12,22300181,detroit pistons,2.67,0.36735333073333565,-0.01916660694199379,0.0,0,0.0,1020.8246899971767,odds hors limites
2023-11-12,22300182,houston rockets,2.42,0.3491352203226948,-0.1550927668190787,0.0,1,0.0,1020.8246899971767,ev trop bas (-0.155)
2023-11-12,22300183,new orleans pelicans,2.21,0.4485338100745332,-0.008740279735281686,0.0,0,0.0,1020.8246899971767,diff proba trop faible (0.028)
2023-11-12,22300184,miami heat,1.7,0.4604509759105084,-0.21723334095213576,0.0,1,0.0,1020.8246899971767,ev trop bas (-0.217)
2023-11-12,22300185,oklahoma city thunder,2.22,0.39678770593749835,-0.11913129281875356,0.0,1,0.0,1020.8246899971767,ev trop bas (-0.119)
2023-11-12,22300186,minnesota timberwolves,2.13,0.42053084435478044,-0.10426930152431768,0.0,1,0.0,1020.8246899971767,ev trop bas (-0.104)
2023-11-12,22300187,los angeles lakers,1.21,0.7269516158835286,-0.12038854478093042,0.0,1,0.0,1020.8246899971767,ev trop bas (-0.120)
2023-11-13,22300188,new york knicks,3.87,0.2233488615684301,-0.13563990573017548,0.0,0,0.0,1020.8246899971767,odds hors limites
2023-11-13,22300189,toronto raptors,1.25,0.721814663950839,-0.09773167006145123,0.0,1,0.0,1020.8246899971767,ev trop bas (-0.098)
2023-11-13,22300190,chicago bulls,3.85,0.2846892785376643,0.09605372237000753,0.0,0,0.0,1020.8246899971767,odds hors limites
2023-11-13,22300191,sacramento kings,1.79,0.43506565930138447,-0.2212324698505218,0.0,1,0.0,1020.8246899971767,diff proba trop faible (0.048)
2023-11-15,22300192,washington wizards,2.33,0.3533689262673303,-0.17665040179712044,0.0,0,0.0,1020.8246899971767,ev trop bas (-0.177)
2023-11-15,22300193,atlanta hawks,1.74,0.44000899741322463,-0.2343843445009891,0.0,0,0.0,1020.8246899971767,diff proba trop faible (0.051)
2023-11-15,22300194,philadelphia 76ers,1.83,0.5060520270028345,-0.07392479058481294,0.0,0,0.0,1020.8246899971767,ev trop bas (-0.074)
2023-11-15,22300195,milwaukee bucks,1.76,0.4653626355157982,-0.18096176149219512,0.0,1,0.0,1020.8246899971767,diff proba trop faible (0.040)
2023-11-15,22300196,chicago bulls,1.7,0.4924848308110118,-0.16277578762127998,0.0,0,0.0,1020.8246899971767,diff proba trop faible (0.067)
2023-11-15,22300197,phoenix suns,1.49,0.5846063575810334,-0.1289365272042602,0.0,1,0.0,1020.8246899971767,ev trop bas (-0.129)
2023-11-15,22300198,sacramento kings,1.83,0.4229978293325378,-0.2259139723214557,0.0,1,0.0,1020.8246899971767,diff proba trop faible (0.046)
2023-11-15,22300199,portland trail blazers,3.88,0.22379598717982332,-0.13167156974228555,0.0,0,0.0,1020.8246899971767,odds hors limites
2023-11-16,22300200,brooklyn nets,2.2,0.3563933106995403,-0.21593471646101137,0.0,0,0.0,1020.8246899971767,ev trop bas (-0.216)
2023-11-16,22300201,oklahoma city thunder,1.57,0.5928442298772186,-0.06923455909276666,0.0,1,0.0,1020.8246899971767,ev trop bas (-0.069)
2023-11-18,22300202,new york knicks,1.33,0.6123802896409578,-0.18553421477752607,0.0,1,0.0,1020.8246899971767,ev trop bas (-0.186)
2023-11-18,22300203,new orleans pelicans,2.95,0.3268829066686233,-0.0356954253275612,0.0,0,0.0,1020.8246899971767,odds hors limites
2023-11-18,22300204,chicago bulls,1.9,0.528658337773905,0.004450841770419434,0.0,1,0.0,1020.8246899971767,ev trop bas (0.004)
2023-11-18,22300205,milwaukee bucks,1.68,0.44115131724532797,-0.258865787027849,0.0,1,0.0,1020.8246899971767,ev trop bas (-0.259)
2023-11-18,22300206,san antonio spurs,2.06,0.48338971744405634,-0.004217182065243907,0.0,0,0.0,1020.8246899971767,diff proba trop faible (0.036)
2023-11-18,22300207,golden state warriors,1.6,0.5735269116781329,-0.08235694131498739,0.0,0,0.0,1020.8246899971767,ev trop bas (-0.082)
2023-11-19,22300208,brooklyn nets,2.19,0.4017372488853818,-0.12019542494101387,0.0,0,0.0,1020.8246899971767,ev trop bas (-0.120)
2023-11-19,22300209,orlando magic,2.36,0.41455982978776035,-0.021638801700885613,0.0,1,0.0,1020.8246899971767,ev trop bas (-0.022)
2023-11-19,22300210,denver nuggets,1.48,0.6067884946458123,-0.1019530279241978,0.0,0,0.0,1020.8246899971767,ev trop bas (-0.102)
2023-11-19,22300211,detroit pistons,4.1,0.23523666419651398,-0.03552967679429275,0.0,0,0.0,1020.8246899971767,odds hors limites
2023-11-19,22300212,dallas mavericks,1.74,0.48064878370421277,-0.1636711163546698,0.0,0,0.0,1020.8246899971767,ev trop bas (-0.164)
2023-11-19,22300213,memphis grizzlies,4.53,0.23261046560669232,0.053725409198316365,0.0,0,0.0,1020.8246899971767,odds hors limites
2023-11-19,22300214,phoenix suns,1.46,0.5603594023704848,-0.1818752725390923,0.0,1,0.0,1020.8246899971767,ev trop bas (-0.182)
2023-11-19,22300215,oklahoma city thunder,1.33,0.6168936422331646,-0.17953145582989105,0.0,1,0.0,1020.8246899971767,ev trop bas (-0.180)
2023-11-19,22300216,houston rockets,2.65,0.38242352138302727,0.013422331665022158,0.0,0,0.0,1020.8246899971767,odds hors limites
2023-11-20,22300217,charlotte hornets,3.45,0.2765915461163565,-0.04575916589856999,0.0,1,0.0,1020.8246899971767,odds hors limites
2023-11-20,22300218,detroit pistons,3.87,0.25018551044616016,-0.03178207457336013,0.0,0,0.0,1020.8246899971767,odds hors limites
2023-11-20,22300219,washington wizards,3.9,0.23095825840419648,-0.09926279222363377,0.0,0,0.0,1020.8246899971767,odds hors limites
2023-11-20,22300220,chicago bulls,1.91,0.5344105068331195,0.02072406805125815,0.0,0,0.0,1020.8246899971767,ev trop bas (0.021)
2023-11-20,22300221,minnesota timberwolves,1.64,0.49428354104972433,-0.18937499267845215,0.0,1,0.0,1020.8246899971767,ev trop bas (-0.189)
2023-11-20,22300222,sacramento kings,1.7,0.5041696376780418,-0.14291161594732893,0.0,0,0.0,1020.8246899971767,ev trop bas (-0.143)
2023-11-20,22300223,san antonio spurs,3.43,0.2780045857902482,-0.04644427073944857,0.0,0,0.0,1020.8246899971767,odds hors limites
2023-11-20,22300224,houston rockets,3.03,0.410460972863328,0.2436967477758838,0.0,0,0.0,1020.8246899971767,odds hors limites
2023-11-22,22300225,washington wizards,2.27,0.37322882526552276,-0.1527705666472633,0.0,0,0.0,1020.8246899971767,ev trop bas (-0.153)
2023-11-22,22300226,denver nuggets,1.54,0.6121839700489554,-0.05723668612460864,0.0,0,0.0,1020.8246899971767,ev trop bas (-0.057)
2023-11-22,22300227,atlanta hawks,1.54,0.55298831324583,-0.1483979976014218,0.0,1,0.0,1020.8246899971767,ev trop bas (-0.148)
2023-11-22,22300228,boston celtics,1.35,0.6092450975202551,-0.17751911834765555,0.0,1,0.0,1020.8246899971767,ev trop bas (-0.178)
2023-11-22,22300229,cleveland cavaliers,1.71,0.4732556986859605,-0.1907327552470075,0.0,0,0.0,1020.8246899971767,diff proba trop faible (0.065)
2023-11-22,22300230,toronto raptors,2.04,0.4257203259293437,-0.1315305351041388,0.0,1,0.0,1020.8246899971767,ev trop bas (-0.132)
2023-11-22,22300231,memphis grizzlies,2.55,0.36564085576433636,-0.06761581780094239,0.0,0,0.0,1020.8246899971767,odds hors limites
2023-11-22,22300232,minnesota timberwolves,1.32,0.6209894712161843,-0.1802938979946367,0.0,1,0.0,1020.8246899971767,ev trop bas (-0.180)
2023-11-22,22300233,sacramento kings,1.73,0.5432232277135176,-0.060223816055614554,0.0,0,0.0,1020.8246899971767,ev trop bas (-0.060)
2023-11-22,22300234,chicago bulls,3.07,0.33171016185188723,0.018350196885293713,0.0,0,0.0,1020.8246899971767,odds hors limites
2023-11-22,22300235,san antonio spurs,3.35,0.3048913385495913,0.021385984141130798,0.0,0,0.0,1020.8246899971767,odds hors limites
2023-11-22,22300236,phoenix suns,1.61,0.48646187348583475,-0.21679638368780596,0.0,1,0.0,1020.8246899971767,ev trop bas (-0.217)
2023-11-22,22300237,portland trail blazers,2.13,0.3619984713295461,-0.22894325606806687,0.0,1,0.0,1020.8246899971767,ev trop bas (-0.229)
2023-11-22,22300238,dallas mavericks,1.76,0.4229653412117558,-0.25558099946730983,0.0,1,0.0,1020.8246899971767,diff proba trop faible (0.031)
2023-11-25,22300239,philadelphia 76ers,1.76,0.45530939536912207,-0.19865546415034518,0.0,1,0.0,1020.8246899971767,diff proba trop faible (0.069)
2023-11-25,22300240,brooklyn nets,1.3,0.6473004867240122,-0.15850936725878417,0.0,1,0.0,1020.8246899971767,ev trop bas (-0.159)
2023-11-25,22300241,atlanta hawks,1.24,0.6142503127320804,-0.23832961221222027,0.0,1,0.0,1020.8246899971767,ev trop bas (-0.238)
2023-11-25,22300242,los angeles lakers,2.28,0.34632895560845667,-0.21036998121271888,0.0,1,0.0,1020.8246899971767,ev trop bas (-0.210)
2023-11-25,22300243,utah jazz,2.15,0.3886258601787414,-0.16445440061570604,0.0,1,0.0,1020.8246899971767,ev trop bas (-0.164)
2023-11-25,22300244,los angeles clippers,1.74,0.4736649608703211,-0.17582296808564124,0.0,1,0.0,1020.8246899971767,ev trop bas (-0.176)
2023-11-26,22300245,portland trail blazers,5.55,0.18174534321918695,0.008686654866487453,0.0,0,0.0,1020.8246899971767,odds hors limites
2023-11-26,22300246,boston celtics,1.32,0.5835375607881296,-0.2297304197596689,0.0,1,0.0,1020.8246899971767,ev trop bas (-0.230)
2023-11-26,22300247,new york knicks,1.38,0.6046135292863088,-0.16563332958489385,0.0,0,0.0,1020.8246899971767,ev trop bas (-0.166)
2023-11-26,22300248,orlando magic,1.34,0.6286126593722765,-0.15765903644114942,0.0,1,0.0,1020.8246899971767,ev trop bas (-0.158)
2023-11-26,22300249,memphis grizzlies,2.73,0.3299723820992543,-0.09917539686903587,0.0,0,0.0,1020.8246899971767,odds hors limites
2023-11-26,22300250,chicago bulls,2.1,0.3946629541871511,-0.17120779620698268,0.0,0,0.0,1020.8246899971767,ev trop bas (-0.171)
2023-11-26,22300251,toronto raptors,2.16,0.40225511765570726,-0.1311289458636723,0.0,0,0.0,1020.8246899971767,ev trop bas (-0.131)
2023-11-26,22300252,san antonio spurs,4.33,0.24656889880889266,0.06764333184250515,0.0,0,0.0,1020.8246899971767,odds hors limites
2023-11-27,22300253,detroit pistons,1.67,0.5339150218153527,-0.10836191356836111,0.0,0,0.0,1020.8246899971767,ev trop bas (-0.108)
2023-11-27,22300254,portland trail blazers,4.88,0.1855448877658763,-0.09454094770252364,0.0,1,0.0,1020.8246899971767,odds hors limites
2023-11-27,22300255,los angeles lakers,2.49,0.3313330713992009,-0.1749806522159898,0.0,0,0.0,1020.8246899971767,ev trop bas (-0.175)
2023-11-27,22300256,utah jazz,2.66,0.3177227291421975,-0.1548575404817546,0.0,1,0.0,1020.8246899971767,odds hors limites
2023-11-27,22300257,denver nuggets,4.5,0.19839939659133965,-0.10720271533897163,0.0,1,0.0,1020.8246899971767,odds hors limites
2023-11-29,22300258,los angeles lakers,1.26,0.7006455322099004,-0.11718662941552538,0.0,1,0.0,1020.8246899971767,ev trop bas (-0.117)
2023-11-29,22300259,orlando magic,1.19,0.7033187362410676,-0.1630507038731297,0.0,1,0.0,1020.8246899971767,odds hors limites
2023-11-29,22300260,toronto raptors,2.17,0.37949908665578536,-0.1764869819569458,0.0,1,0.0,1020.8246899971767,ev trop bas (-0.176)
2023-11-29,22300261,memphis grizzlies,1.54,0.5637880902113043,-0.1317663410745914,0.0,1,0.0,1020.8246899971767,ev trop bas (-0.132)
2023-11-29,22300262,new orleans pelicans,1.59,0.5063323028006326,-0.19493163854699413,0.0,1,0.0,1020.8246899971767,ev trop bas (-0.195)
2023-11-29,22300263,houston rockets,3.88,0.23248037504613597,-0.09797614482099248,0.0,0,0.0,1020.8246899971767,odds hors limites
2023-11-29,22300264,los angeles clippers,1.72,0.4600590509363383,-0.20869843238949815,0.0,1,0.0,1020.8246899971767,ev trop bas (-0.209)
2023-11-30,22300265,portland trail blazers,4.63,0.18738220633872543,-0.13242038465170125,0.0,1,0.0,1020.8246899971767,odds hors limites
2023-11-30,22300266,charlotte hornets,3.43,0.24241528266060125,-0.16851558047413773,0.0,1,0.0,1020.8246899971767,odds hors limites
2023-11-30,22300267,miami heat,1.51,0.5537722950212487,-0.16380383451791447,0.0,1,0.0,1020.8246899971767,ev trop bas (-0.164)
2023-11-30,22300268,detroit pistons,5.7,0.1875869236980447,0.06924546507885476,0.0,0,0.0,1020.8246899971767,odds hors limites
2023-11-30,22300269,chicago bulls,3.98,0.27464961671519594,0.09310547452647988,0.0,1,0.0,1020.8246899971767,odds hors limites
2023-11-30,22300270,minnesota timberwolves,1.12,0.7446460207453361,-0.16599645676522345,0.0,1,0.0,1020.8246899971767,odds hors limites
2023-11-30,22300271,los angeles lakers,2.42,0.3283592902979271,-0.20537051747901647,0.0,0,0.0,1020.8246899971767,ev trop bas (-0.205)
2023-11-30,22300272,san antonio spurs,2.74,0.347259448661575,-0.04850911066728447,0.0,0,0.0,1020.8246899971767,odds hors limites
2023-11-30,22300273,golden state warriors,1.65,0.4381033633149465,-0.27712945053033833,0.0,1,0.0,1020.8246899971767,ev trop bas (-0.277)
2023-12-01,22300274,orlando magic,1.16,0.6758592245730516,-0.2160032994952602,0.0,1,0.0,1020.8246899971767,odds hors limites
2023-12-01,22300275,philadelphia 76ers,4.23,0.21141780874159702,-0.10570266902304448,0.0,0,0.0,1020.8246899971767,odds hors limites
2023-12-01,22300276,new york knicks,1.91,0.41637447877081396,-0.20472474554774533,0.0,1,0.0,1020.8246899971767,diff proba trop faible (0.040)
2023-12-01,22300277,memphis grizzlies,2.66,0.38494429732476637,0.023951830883878644,0.0,1,0.0,1020.8246899971767,odds hors limites
2023-12-01,22300278,san antonio spurs,5.08,0.18710737487927492,-0.04949453561328343,0.0,0,0.0,1020.8246899971767,odds hors limites
2023-12-01,22300279,phoenix suns,1.85,0.448601502145882,-0.1700872210301182,0.0,0,0.0,1020.8246899971767,diff proba trop faible (0.056)
2023-12-02,22300280,los angeles clippers,1.41,0.5539958579716484,-0.2188658402599758,0.0,1,0.0,1020.8246899971767,ev trop bas (-0.219)
2023-12-02,22300281,charlotte hornets,2.45,0.3199967951146007,-0.21600785196922823,0.0,0,0.0,1020.8246899971767,ev trop bas (-0.216)
2023-12-02,22300282,brooklyn nets,1.68,0.46983725753168387,-0.2106734073467711,0.0,1,0.0,1020.8246899971767,ev trop bas (-0.211)
2023-12-02,22300283,detroit pistons,3.85,0.237278313313901,-0.08647849374148109,0.0,0,0.0,1020.8246899971767,odds hors limites
2023-12-02,22300284,miami heat,1.45,0.5124463669580143,-0.2569527679108793,0.0,0,0.0,1020.8246899971767,ev trop bas (-0.257)
2023-12-02,22300285,new orleans pelicans,1.77,0.4494456498227844,-0.20448119981367163,0.0,0,0.0,1020.8246899971767,diff proba trop faible (0.022)
2023-12-02,22300286,atlanta hawks,2.73,0.28616090884265233,-0.2187807188595592,0.0,0,0.0,1020.8246899971767,odds hors limites
2023-12-02,22300287,oklahoma city thunder,1.44,0.5462253396065281,-0.21343551096659963,0.0,1,0.0,1020.8246899971767,ev trop bas (-0.213)
2023-12-02,22300288,memphis grizzlies,3.97,0.22849326466171563,-0.09288173929298893,0.0,0,0.0,1020.8246899971767,odds hors limites
2023-12-02,22300289,portland trail blazers,1.89,0.440559545616269,-0.16734245878525167,0.0,0,0.0,1020.8246899971767,diff proba trop faible (0.011)
2023-12-02,22300290,denver nuggets,2.18,0.37260235359839294,-0.1877268691555033,0.0,0,0.0,1020.8246899971767,ev trop bas (-0.188)
2023-12-02,22300291,houston rockets,2.44,0.34012757782289194,-0.17008871011214366,0.0,0,0.0,1020.8246899971767,ev trop bas (-0.170)
2023-12-11,22300292,charlotte hornets,2.29,0.41370514139412323,-0.05261522620745773,0.0,0,0.0,1020.8246899971767,ev trop bas (-0.053)
2023-12-11,22300293,detroit pistons,3.0,0.3289216208371557,-0.013235137488532889,0.0,0,0.0,1020.8246899971767,odds hors limites
2023-12-11,22300294,orlando magic,1.64,0.4879330248804553,-0.1997898391960533,0.0,1,0.0,1020.8246899971767,ev trop bas (-0.200)
2023-12-11,22300295,washington wizards,5.52,0.20058189945862237,0.1072120850115954,0.0,0,0.0,1020.8246899971767,odds hors limites
2023-12-11,22300296,atlanta hawks,2.18,0.4534588794513672,-0.01145964279601941,0.0,0,0.0,1020.8246899971767,ev trop bas (-0.011)
2023-12-11,22300297,toronto raptors,2.25,0.40641817068045555,-0.08555911596897503,0.0,0,0.0,1020.8246899971767,ev trop bas (-0.086)
2023-12-11,22300298,san antonio spurs,3.57,0.2835609095609122,0.012312447132456494,0.0,0,0.0,1020.8246899971767,odds hors limites
2023-12-11,22300299,memphis grizzlies,1.84,0.47419359563167574,-0.12748378403771665,0.0,0,0.0,1020.8246899971767,ev trop bas (-0.127)
2023-12-11,22300300,chicago bulls,4.68,0.22122907598244693,0.035352075597851584,0.0,0,0.0,1020.8246899971767,odds hors limites
2023-12-11,22300301,new orleans pelicans,1.48,0.5533676476628759,-0.18101588145894365,0.0,1,0.0,1020.8246899971767,ev trop bas (-0.181)
2023-12-11,22300302,utah jazz,5.35,0.18251377525078255,-0.02355130240831338,0.0,0,0.0,1020.8246899971767,odds hors limites
2023-12-11,22300303,brooklyn nets,2.36,0.36734795210436433,-0.13305883303370025,0.0,0,0.0,1020.8246899971767,ev trop bas (-0.133)
2023-12-11,22300304,portland trail blazers,5.45,0.21524536725862675,0.17308725155951588,0.0,0,0.0,1020.8246899971767,odds hors limites
2023-12-12,22300305,cleveland cavaliers,4.7,0.22262667996013838,0.046345395812650514,0.0,0,0.0,1020.8246899971767,odds hors limites
2023-12-12,22300306,los angeles lakers,1.6,0.4886536234496444,-0.21815420248056894,0.0,0,0.0,1020.8246899971767,ev trop bas (-0.218)
2023-12-12,22300307,chicago bulls,2.85,0.31114553866399824,-0.11323521480760501,0.0,0,0.0,1020.8246899971767,odds hors limites
2023-12-12,22300308,golden state warriors,1.75,0.4744021539560143,-0.1697962305769749,0.0,0,0.0,1020.8246899971767,diff proba trop faible (0.030)
2023-12-12,22300309,sacramento kings,2.25,0.3688008719414054,-0.17019803813183787,0.0,0,0.0,1020.8246899971767,ev trop bas (-0.170)
2023-12-13,22300310,detroit pistons,5.08,0.2029509441862781,0.03099079646629277,0.0,0,0.0,1020.8246899971767,odds hors limites
2023-12-13,22300311,new orleans pelicans,1.34,0.6297070643905641,-0.156192533716644,0.0,1,0.0,1020.8246899971767,ev trop bas (-0.156)
2023-12-13,22300312,charlotte hornets,3.32,0.2770054670415132,-0.08034184942217626,0.0,0,0.0,1020.8246899971767,odds hors limites
2023-12-13,22300313,toronto raptors,1.65,0.5253255040596854,-0.13321291830151916,0.0,1,0.0,1020.8246899971767,ev trop bas (-0.133)
2023-12-13,22300314,memphis grizzlies,3.67,0.2592921806225061,-0.04839769711540265,0.0,0,0.0,1020.8246899971767,odds hors limites
2023-12-13,22300315,indiana pacers,2.81,0.2857732067772393,-0.19697728895595767,0.0,0,0.0,1020.8246899971767,odds hors limites
2023-12-13,22300316,san antonio spurs,2.21,0.4009031644063496,-0.11400400666196742,0.0,0,0.0,1020.8246899971767,ev trop bas (-0.114)
2023-12-13,22300317,brooklyn nets,2.36,0.3838025537824055,-0.09422597307352298,0.0,1,0.0,1020.8246899971767,ev trop bas (-0.094)
2023-12-13,22300318,new york knicks,1.38,0.6329487563561764,-0.12653071622847656,0.0,0,0.0,1020.8246899971767,ev trop bas (-0.127)
2023-12-14,22300319,cleveland cavaliers,3.63,0.2368242873283417,-0.14032783699811957,0.0,0,0.0,1020.8246899971767,odds hors limites
2023-12-14,22300320,chicago bulls,2.19,0.3882523981314586,-0.1497272480921057,0.0,1,0.0,1020.8246899971767,ev trop bas (-0.150)
2023-12-14,22300321,minnesota timberwolves,1.68,0.48421309804902773,-0.18652199527763347,0.0,1,0.0,1020.8246899971767,ev trop bas (-0.187)
2023-12-14,22300322,brooklyn nets,3.66,0.24384762249259978,-0.10751770167708474,0.0,0,0.0,1020.8246899971767,odds hors limites
2023-12-14,22300323,portland trail blazers,1.43,0.5672969226510753,-0.1887654006089623,0.0,0,0.0,1020.8246899971767,ev trop bas (-0.189)
2023-12-14,22300324,sacramento kings,1.66,0.5011005450637612,-0.16817309519415635,0.0,1,0.0,1020.8246899971767,ev trop bas (-0.168)
2023-12-14,22300325,los angeles clippers,1.64,0.4884071171676676,-0.1990123278450252,0.0,1,0.0,1020.8246899971767,ev trop bas (-0.199)
2023-12-15,22300326,charlotte hornets,3.7,0.24995441507929936,-0.0751686642065923,0.0,0,0.0,1020.8246899971767,odds hors limites
2023-12-15,22300327,detroit pistons,6.63,0.1579445415310106,0.0471723103506001,0.0,0,0.0,1020.8246899971767,odds hors limites
2023-12-15,22300328,indiana pacers,1.25,0.6874690017472456,-0.14066374781594304,0.0,0,0.0,1020.8246899971767,ev trop bas (-0.141)
2023-12-15,22300329,orlando magic,2.58,0.3196458678821179,-0.1753136608641358,0.0,0,0.0,1020.8246899971767,odds hors limites
2023-12-15,22300330,atlanta hawks,1.92,0.4513010121923773,-0.13350205659063563,0.0,1,0.0,1020.8246899971767,diff proba trop faible (0.051)
2023-12-15,22300331,san antonio spurs,2.34,0.3616557332585088,-0.1537255841750894,0.0,1,0.0,1020.8246899971767,ev trop bas (-0.154)
2023-12-15,22300332,memphis grizzlies,2.08,0.42603645709027815,-0.1138441692522214,0.0,0,0.0,1020.8246899971767,ev trop bas (-0.114)
2023-12-15,22300333,new york knicks,2.47,0.3679318855798111,-0.09120824261786653,0.0,1,0.0,1020.8246899971767,ev trop bas (-0.091)
2023-12-16,22300334,detroit pistons,7.35,0.15060087993416416,0.1069164675161065,0.0,0,0.0,1020.8246899971767,odds hors limites
2023-12-16,22300335,charlotte hornets,4.87,0.20944094785504677,0.019977416054077768,0.0,0,0.0,1020.8246899971767,odds hors limites
2023-12-16,22300336,cleveland cavaliers,1.5,0.5583635737890905,-0.16245463931636417,0.0,1,0.0,1020.8246899971767,ev trop bas (-0.162)
2023-12-16,22300337,miami heat,1.41,0.5766910766031265,-0.1868655819895917,0.0,1,0.0,1020.8246899971767,ev trop bas (-0.187)
2023-12-16,22300338,indiana pacers,4.08,0.21919594769704812,-0.10568053339604366,0.0,0,0.0,1020.8246899971767,odds hors limites
2023-12-16,22300339,golden state warriors,1.58,0.5490071418165539,-0.13256871592984487,0.0,1,0.0,1020.8246899971767,ev trop bas (-0.133)
2023-12-16,22300340,oklahoma city thunder,2.46,0.36006455609421184,-0.1142411920082389,0.0,1,0.0,1020.8246899971767,ev trop bas (-0.114)
2023-12-16,22300341,portland trail blazers,2.54,0.2941743066555811,-0.25279726109482403,0.0,0,0.0,1020.8246899971767,odds hors limites
2023-12-16,22300342,sacramento kings,1.25,0.6934520946591989,-0.1331848816760014,0.0,1,0.0,1020.8246899971767,ev trop bas (-0.133)
2023-12-16,22300343,new york knicks,2.87,0.2940177909906125,-0.15616893985694213,0.0,0,0.0,1020.8246899971767,odds hors limites
2023-12-17,22300344,orlando magic,3.63,0.2896558833661297,0.0514508566190508,0.0,0,0.0,1020.8246899971767,odds hors limites
2023-12-17,22300345,new orleans pelicans,1.28,0.6443421869502192,-0.17524200070371942,0.0,1,0.0,1020.8246899971767,ev trop bas (-0.175)
2023-12-17,22300346,milwaukee bucks,1.29,0.6019384575896296,-0.22349938970937777,0.0,1,0.0,1020.8246899971767,ev trop bas (-0.223)
2023-12-17,22300347,washington wizards,5.32,0.1867767437812192,-0.006347723083913848,0.0,0,0.0,1020.8246899971767,odds hors limites
2023-12-17,22300348,portland trail blazers,2.57,0.3461856606216711,-0.11030285220230529,0.0,0,0.0,1020.8246899971767,odds hors limites
2023-12-18,22300349,cleveland cavaliers,1.52,0.5660879034454681,-0.13954638676288844,0.0,1,0.0,1020.8246899971767,ev trop bas (-0.140)
2023-12-18,22300350,indiana pacers,2.22,0.37229700799011106,-0.1735006422619534,0.0,0,0.0,1020.8246899971767,ev trop bas (-0.174)
2023-12-18,22300351,chicago bulls,4.4,0.21742944305891992,-0.04331045054075222,0.0,1,0.0,1020.8246899971767,odds hors limites
2023-12-18,22300352,detroit pistons,4.52,0.18798230940477753,-0.1503199614904056,0.0,0,0.0,1020.8246899971767,odds hors limites
2023-12-18,22300353,minnesota timberwolves,1.67,0.5209825059002244,-0.12995921514662523,0.0,1,0.0,1020.8246899971767,ev trop bas (-0.130)
2023-12-18,22300354,toronto raptors,1.09,0.7994522956805961,-0.12859699770815025,0.0,1,0.0,1020.8246899971767,odds hors limites
2023-12-18,22300355,memphis grizzlies,4.0,0.24583412308180333,-0.01666350767278668,0.0,0,0.0,1020.8246899971767,odds hors limites
2023-12-18,22300356,denver nuggets,1.23,0.6867415667627471,-0.15530787288182102,0.0,1,0.0,1020.8246899971767,ev trop bas (-0.155)
2023-12-18,22300357,utah jazz,2.15,0.3972559549611464,-0.1458996968335352,0.0,1,0.0,1020.8246899971767,ev trop bas (-0.146)
2023-12-18,22300358,washington wizards,5.87,0.17536066909077433,0.02936712756284532,0.0,0,0.0,1020.8246899971767,odds hors limites
2023-12-18,22300359,new york knicks,2.39,0.3539515190995276,-0.154055869352129,0.0,1,0.0,1020.8246899971767,ev trop bas (-0.154)
2023-12-19,22300360,memphis grizzlies,3.5,0.2701366473249289,-0.054521734362748764,0.0,1,0.0,1020.8246899971767,odds hors limites
2023-12-19,22300361,san antonio spurs,7.32,0.16283117872298405,0.1919242282522433,0.0,0,0.0,1020.8246899971767,odds hors limites
2023-12-19,22300362,boston celtics,1.44,0.5885637652688593,-0.15246817801284263,0.0,0,0.0,1020.8246899971767,ev trop bas (-0.152)
2023-12-19,22300363,phoenix suns,1.3,0.5843482736784478,-0.2403472442180179,0.0,0,0.0,1020.8246899971767,ev trop bas (-0.240)
2023-12-20,22300364,cleveland cavaliers,1.55,0.5429300842799456,-0.15845836936608426,0.0,1,0.0,1020.8246899971767,ev trop bas (-0.158)
2023-12-20,22300365,indiana pacers,1.16,0.762912823540722,-0.1150211246927626,0.0,1,0.0,1020.8246899971767,odds hors limites
2023-12-20,22300366,miami heat,2.5,0.3426625726349583,-0.1433435684126042,0.0,1,0.0,1020.8246899971767,ev trop bas (-0.143)
2023-12-20,22300367,philadelphia 76ers,1.53,0.5494820462114904,-0.1592924692964196,0.0,1,0.0,1020.8246899971767,ev trop bas (-0.159)
2023-12-20,22300368,new york knicks,1.78,0.46429190581989016,-0.17356040764059555,0.0,1,0.0,1020.8246899971767,diff proba trop faible (0.028)
2023-12-20,22300369,toronto raptors,2.28,0.3886178173869675,-0.11395137635771424,0.0,0,0.0,1020.8246899971767,ev trop bas (-0.114)
2023-12-20,22300370,los angeles lakers,1.51,0.5708230790707655,-0.13805715060314416,0.0,0,0.0,1020.8246899971767,ev trop bas (-0.138)
2023-12-20,22300371,houston rockets,1.61,0.5285262239559434,-0.1490727794309311,0.0,0,0.0,1020.8246899971767,ev trop bas (-0.149)
2023-12-20,22300372,dallas mavericks,1.89,0.4172206046241363,-0.21145305726038244,0.0,0,0.0,1020.8246899971767,diff proba trop faible (0.020)
2023-12-20,22300373,boston celtics,2.17,0.4261473620984884,-0.0752602242462802,0.0,1,0.0,1020.8246899971767,ev trop bas (-0.075)
2023-12-21,22300374,detroit pistons,1.69,0.5494824655192039,-0.07137463327254545,0.0,0,0.0,1020.8246899971767,ev trop bas (-0.071)
2023-12-21,22300375,cleveland cavaliers,2.21,0.38582461344831875,-0.14732760427921554,0.0,0,0.0,1020.8246899971767,ev trop bas (-0.147)
2023-12-21,22300376,chicago bulls,1.38,0.5783749763478376,-0.20184253263998408,0.0,1,0.0,1020.8246899971767,ev trop bas (-0.202)
2023-12-21,22300377,memphis grizzlies,1.65,0.523767474551747,-0.13578366698961752,0.0,1,0.0,1020.8246899971767,ev trop bas (-0.136)
2023-12-21,22300378,orlando magic,3.38,0.2658644761068329,-0.10137807075890481,0.0,0,0.0,1020.8246899971767,odds hors limites
2023-12-21,22300379,oklahoma city thunder,1.38,0.5765875272772223,-0.20430921235743327,0.0,1,0.0,1020.8246899971767,ev trop bas (-0.204)
2023-12-21,22300380,los angeles lakers,3.31,0.28611691827423663,-0.05295300051227669,0.0,0,0.0,1020.8246899971767,odds hors limites
2023-12-21,22300381,washington wizards,2.31,0.3348208403904218,-0.22656385869812556,0.0,1,0.0,1020.8246899971767,ev trop bas (-0.227)
2023-12-22,22300382,philadelphia 76ers,1.24,0.7251706500794166,-0.10078839390152339,0.0,1,0.0,1020.8246899971767,ev trop bas (-0.101)
2023-12-22,22300383,brooklyn nets,2.39,0.3486087958235207,-0.16682497798178542,0.0,0,0.0,1020.8246899971767,ev trop bas (-0.167)
2023-12-22,22300384,miami heat,1.75,0.48082848788893756,-0.15855014619435925,0.0,1,0.0,1020.8246899971767,diff proba trop faible (0.059)
2023-12-22,22300385,houston rockets,1.23,0.6803851165989115,-0.16312630658333882,0.0,1,0.0,1020.8246899971767,ev trop bas (-0.163)
2023-12-22,22300386,washington wizards,4.52,0.21217151134845438,-0.04098476870498624,0.0,0,0.0,1020.8246899971767,odds hors limites
2023-12-22,22300387,sacramento kings,1.52,0.5303221722035075,-0.19391029825066852,0.0,1,0.0,1020.8246899971767,ev trop bas (-0.194)
2023-12-23,22300388,new york knicks,2.04,0.41267034483033826,-0.15815249654610997,0.0,0,0.0,1020.8246899971767,diff proba trop faible (0.012)
2023-12-23,22300389,boston celtics,1.5,0.5160184082047898,-0.22597238769281525,0.0,1,0.0,1020.8246899971767,ev trop bas (-0.226)
2023-12-23,22300390,charlotte hornets,4.15,0.20297540054296054,-0.1576520877467137,0.0,0,0.0,1020.8246899971767,odds hors limites
2023-12-23,22300391,orlando magic,2.04,0.4052840384101227,-0.17322056164334965,0.0,1,0.0,1020.8246899971767,ev trop bas (-0.173)
2023-12-23,22300392,new orleans pelicans,1.31,0.6431581214476928,-0.15746286090352235,0.0,0,0.0,1020.8246899971767,ev trop bas (-0.157)
2023-12-23,22300393,atlanta hawks,1.74,0.47083556714210256,-0.18074611317274158,0.0,0,0.0,1020.8246899971767,diff proba trop faible (0.062)
2023-12-23,22300394,detroit pistons,4.03,0.21246489170653038,-0.14376648642268253,0.0,0,0.0,1020.8246899971767,odds hors limites
2023-12-23,22300395,utah jazz,2.53,0.3374917358983201,-0.14614590817725026,0.0,1,0.0,1020.8246899971767,odds hors limites
2023-12-23,22300396,chicago bulls,1.39,0.6017348539881991,-0.1635885529564033,0.0,0,0.0,1020.8246899971767,ev trop bas (-0.164)
2023-12-23,22300397,los angeles lakers,2.15,0.4040217458037857,-0.13135324652186076,0.0,1,0.0,1020.8246899971767,diff proba trop faible (0.057)
2023-12-23,22300398,san antonio spurs,3.38,0.2661703458426449,-0.10034423105186041,0.0,0,0.0,1020.8246899971767,odds hors limites
2023-12-23,22300399,portland trail blazers,3.38,0.24881628361172883,-0.15900096139235653,0.0,0,0.0,1020.8246899971767,odds hors limites
2023-12-23,22300400,sacramento kings,1.64,0.48039597945586615,-0.21215059369237954,0.0,0,0.0,1020.8246899971767,ev trop bas (-0.212)
2023-12-25,22300401,new york knicks,2.25,0.4079674145603112,-0.08207331723929978,0.0,1,0.0,1020.8246899971767,diff proba trop faible (0.068)
2023-12-25,22300402,denver nuggets,1.3,0.6351449441112179,-0.17431157265541664,0.0,1,0.0,1020.8246899971767,ev trop bas (-0.174)
2023-12-25,22300403,los angeles lakers,2.47,0.34802669581620616,-0.14037406133397068,0.0,0,0.0,1020.8246899971767,ev trop bas (-0.140)
2023-12-25,22300404,miami heat,1.67,0.5031569261470956,-0.1597279333343503,0.0,1,0.0,1020.8246899971767,ev trop bas (-0.160)
2023-12-25,22300405,dallas mavericks,2.33,0.32538893547834435,-0.24184378033545761,0.0,1,0.0,1020.8246899971767,ev trop bas (-0.242)
2023-12-26,22300406,detroit pistons,2.72,0.31275725660888665,-0.1493002620238283,0.0,0,0.0,1020.8246899971767,odds hors limites
2023-12-26,22300407,orlando magic,1.31,0.6069787384188015,-0.20485785267137002,0.0,1,0.0,1020.8246899971767,ev trop bas (-0.205)
2023-12-26,22300408,atlanta hawks,1.64,0.5060802304837229,-0.17002842200669455,0.0,0,0.0,1020.8246899971767,ev trop bas (-0.170)
2023-12-26,22300409,indiana pacers,2.08,0.3968260791200282,-0.1746017554303413,0.0,1,0.0,1020.8246899971767,ev trop bas (-0.175)
2023-12-26,22300410,new orleans pelicans,1.46,0.5536010215233396,-0.19174250857592423,0.0,0,0.0,1020.8246899971767,ev trop bas (-0.192)
2023-12-26,22300411,oklahoma city thunder,1.73,0.4571147917000049,-0.20919141035899147,0.0,1,0.0,1020.8246899971767,diff proba trop faible (0.059)
2023-12-26,22300412,san antonio spurs,2.12,0.4068658940568552,-0.137444304599467,0.0,0,0.0,1020.8246899971767,ev trop bas (-0.137)
2023-12-26,22300413,sacramento kings,1.23,0.6950022106838537,-0.14514728085885997,0.0,0,0.0,1020.8246899971767,ev trop bas (-0.145)
2023-12-26,22300414,charlotte hornets,4.37,0.20288738669968176,-0.11338212012239068,0.0,0,0.0,1020.8246899971767,odds hors limites
2023-12-27,22300415,orlando magic,1.67,0.46102279811710695,-0.23009192714443139,0.0,0,0.0,1020.8246899971767,ev trop bas (-0.230)
2023-12-27,22300416,washington wizards,2.87,0.28005947666638953,-0.19622930196746202,0.0,0,0.0,1020.8246899971767,odds hors limites
2023-12-27,22300417,brooklyn nets,3.93,0.2147069439259684,-0.1562017103709442,0.0,0,0.0,1020.8246899971767,odds hors limites
2023-12-27,22300418,houston rockets,2.13,0.36735187792314794,-0.21754050002369496,0.0,0,0.0,1020.8246899971767,ev trop bas (-0.218)
2023-12-27,22300419,new york knicks,2.2,0.3459876833396437,-0.2388270966527838,0.0,0,0.0,1020.8246899971767,ev trop bas (-0.239)
2023-12-27,22300420,cleveland cavaliers,2.74,0.30461759049829823,-0.16534780203466282,0.0,1,0.0,1020.8246899971767,odds hors limites
2023-12-28,22300421,detroit pistons,6.95,0.1633775296213607,0.13547383086845688,0.0,0,0.0,1020.8246899971767,odds hors limites
2023-12-28,22300422,indiana pacers,1.76,0.4894471535191995,-0.1385730098062089,0.0,1,0.0,1020.8246899971767,diff proba trop faible (0.041)
2023-12-28,22300423,dallas mavericks,5.27,0.18426593410786535,-0.02891852725154964,0.0,0,0.0,1020.8246899971767,odds hors limites
2023-12-28,22300424,new orleans pelicans,1.21,0.7101209704632819,-0.14075362573942884,0.0,1,0.0,1020.8246899971767,ev trop bas (-0.141)
2023-12-28,22300425,denver nuggets,1.21,0.6616537017220865,-0.19939902091627537,0.0,1,0.0,1020.8246899971767,ev trop bas (-0.199)
2023-12-28,22300426,miami heat,2.74,0.2747337642614676,-0.24722948592357863,0.0,1,0.0,1020.8246899971767,odds hors limites
2023-12-28,22300427,san antonio spurs,2.11,0.41795732725765994,-0.11811003948633758,0.0,1,0.0,1020.8246899971767,diff proba trop faible (0.055)
2023-12-28,22300428,charlotte hornets,5.47,0.19244013495702275,0.0526475382149143,0.0,0,0.0,1020.8246899971767,odds hors limites
2023-12-29,22300429,new york knicks,1.81,0.4328611739130127,-0.21652127521744702,0.0,0,0.0,1020.8246899971767,diff proba trop faible (0.030)
2023-12-29,22300430,brooklyn nets,1.37,0.5426181082010663,-0.2566131917645391,0.0,0,0.0,1020.8246899971767,ev trop bas (-0.257)
2023-12-29,22300431,sacramento kings,1.74,0.4816004579612178,-0.16201520314748097,0.0,1,0.0,1020.8246899971767,diff proba trop faible (0.055)
2023-12-29,22300432,boston celtics,1.42,0.575638279681812,-0.182593642851827,0.0,1,0.0,1020.8246899971767,ev trop bas (-0.183)
2023-12-29,22300433,cleveland cavaliers,2.57,0.32074541501263126,-0.17568428341753772,0.0,0,0.0,1020.8246899971767,odds hors limites
2023-12-29,22300434,houston rockets,1.91,0.40497002385627134,-0.2265072544345218,0.0,0,0.0,1020.8246899971767,diff proba trop faible (0.028)
2023-12-29,22300435,oklahoma city thunder,1.93,0.4083760597270863,-0.21183420472672343,0.0,1,0.0,1020.8246899971767,diff proba trop faible (0.031)
2023-12-29,22300436,charlotte hornets,6.6,0.17370047410200565,0.14642312907323718,0.0,0,0.0,1020.8246899971767,odds hors limites
2023-12-29,22300437,portland trail blazers,1.43,0.5515639285841495,-0.21126358212466623,0.0,1,0.0,1020.8246899971767,ev trop bas (-0.211)
2023-12-29,22300438,los angeles clippers,1.52,0.49233194980940437,-0.2516554362897053,0.0,1,0.0,1020.8246899971767,ev trop bas (-0.252)
2023-12-30,22300439,miami heat,1.57,0.5131824433352099,-0.1943035639637204,0.0,0,0.0,1020.8246899971767,ev trop bas (-0.194)
2023-12-30,22300440,detroit pistons,2.23,0.36478954222806104,-0.18651932083142386,0.0,1,0.0,1020.8246899971767,ev trop bas (-0.187)
2023-12-30,22300441,new york knicks,2.3,0.39172944873264987,-0.09902226791490543,0.0,0,0.0,1020.8246899971767,ev trop bas (-0.099)
2023-12-30,22300442,chicago bulls,1.78,0.4285985841522357,-0.23709452020902044,0.0,1,0.0,1020.8246899971767,ev trop bas (-0.237)
2023-12-30,22300443,los angeles lakers,2.34,0.3466062371032212,-0.18894140517846247,0.0,0,0.0,1020.8246899971767,ev trop bas (-0.189)
2023-12-30,22300444,dallas mavericks,2.31,0.32783535777167533,-0.24270032354742999,0.0,1,0.0,1020.8246899971767,ev trop bas (-0.243)
2023-12-31,22300445,atlanta hawks,1.35,0.6277064835051891,-0.1525962472679947,0.0,1,0.0,1020.8246899971767,ev trop bas (-0.153)
2023-12-31,22300446,los angeles lakers,2.73,0.29984345593759987,-0.18142736529035242,0.0,0,0.0,1020.8246899971767,odds hors limites
2023-12-31,22300447,oklahoma city thunder,1.3,0.6244567003379705,-0.18820628956063834,0.0,1,0.0,1020.8246899971767,ev trop bas (-0.188)
2023-12-31,22300448,san antonio spurs,6.45,0.19831626043671294,0.27913987981679855,0.0,0,0.0,1020.8246899971767,odds hors limites
2023-12-31,22300449,memphis grizzlies,1.8,0.45825632922476994,-0.1751386073954141,0.0,0,0.0,1020.8246899971767,diff proba trop faible (0.031)
2023-12-31,22300450,orlando magic,2.64,0.2931718653260866,-0.22602627553913135,0.0,0,0.0,1020.8246899971767,odds hors limites
2024-01-01,22300451,new york knicks,1.87,0.4437739442306233,-0.17014272428873445,0.0,1,0.0,1020.8246899971767,diff proba trop faible (0.011)
2024-01-01,22300452,toronto raptors,1.61,0.5131820207460513,-0.17377694659885723,0.0,1,0.0,1020.8246899971767,ev trop bas (-0.174)
2024-01-01,22300453,detroit pistons,3.63,0.23822789509724884,-0.13523274079698677,0.0,0,0.0,1020.8246899971767,odds hors limites
2024-01-01,22300454,indiana pacers,3.31,0.26679735737272786,-0.11690074709627074,0.0,1,0.0,1020.8246899971767,odds hors limites
2024-01-01,22300455,charlotte hornets,7.52,0.16541220397300774,0.2438997738770181,0.0,0,0.0,1020.8246899971767,odds hors limites
2024-01-01,22300456,portland trail blazers,3.74,0.22210814030637802,-0.1693155552541462,0.0,0,0.0,1020.8246899971767,odds hors limites
2024-01-01,22300457,utah jazz,2.38,0.32649013956838957,-0.2229534678272329,0.0,1,0.0,1020.8246899971767,ev trop bas (-0.223)
2024-01-01,22300458,miami heat,3.32,0.2479169569945888,-0.1769157027779652,0.0,0,0.0,1020.8246899971767,odds hors limites
2024-01-02,22300459,chicago bulls,4.1,0.22109799951543885,-0.09349820198670078,0.0,0,0.0,1020.8246899971767,odds hors limites
2024-01-02,22300460,san antonio spurs,4.68,0.19896256455393993,-0.06885519788756123,0.0,0,0.0,1020.8246899971767,odds hors limites
2024-01-02,22300461,brooklyn nets,2.64,0.2915474463367485,-0.23031474167098387,0.0,0,0.0,1020.8246899971767,odds hors limites
2024-01-02,22300462,oklahoma city thunder,2.26,0.38735389132929776,-0.1245802055957872,0.0,1,0.0,1020.8246899971767,ev trop bas (-0.125)
2024-01-02,22300463,orlando magic,2.26,0.3558446260788639,-0.19579114506176765,0.0,0,0.0,1020.8246899971767,ev trop bas (-0.196)
2024-01-02,22300464,charlotte hornets,6.82,0.19035697185121903,0.2982345480253139,0.0,1,0.0,1020.8246899971767,odds hors limites
2024-01-03,22300465,cleveland cavaliers,1.2,0.7016148328127814,-0.15806220062466236,0.0,1,0.0,1020.8246899971767,ev trop bas (-0.158)
2024-01-03,22300466,indiana pacers,2.2,0.3805244945258794,-0.16284611204306532,0.0,1,0.0,1020.8246899971767,ev trop bas (-0.163)
2024-01-03,22300467,atlanta hawks,1.8,0.43290446847755554,-0.22077195674040007,0.0,1,0.0,1020.8246899971767,diff proba trop faible (0.016)
2024-01-03,22300468,new york knicks,1.25,0.6665036836331661,-0.16687039545854232,0.0,1,0.0,1020.8246899971767,ev trop bas (-0.167)
2024-01-03,22300469,brooklyn nets,2.34,0.3499108668418965,-0.1812085715899623,0.0,0,0.0,1020.8246899971767,ev trop bas (-0.181)
2024-01-03,22300470,memphis grizzlies,1.76,0.4890253907774089,-0.1393153122317603,0.0,0,0.0,1020.8246899971767,ev trop bas (-0.139)
2024-01-03,22300471,minnesota timberwolves,1.39,0.5416148354916905,-0.24715537866655024,0.0,0,0.0,1020.8246899971767,ev trop bas (-0.247)
2024-01-03,22300472,portland trail blazers,4.6,0.21015405220024816,-0.03329135987885856,0.0,0,0.0,1020.8246899971767,odds hors limites
2024-01-03,22300473,phoenix suns,2.32,0.35605995714759164,-0.1739408994175874,0.0,0,0.0,1020.8246899971767,ev trop bas (-0.174)
2024-01-03,22300474,detroit pistons,3.52,0.26144785641993323,-0.079703545401835,0.0,0,0.0,1020.8246899971767,odds hors limites
2024-01-03,22300475,los angeles lakers,1.4,0.5707916760439683,-0.2008916535384444,0.0,0,0.0,1020.8246899971767,ev trop bas (-0.201)
2024-01-03,22300476,sacramento kings,1.41,0.5663097210076176,-0.20150329337925932,0.0,1,0.0,1020.8246899971767,ev trop bas (-0.202)
2024-01-04,22300477,san antonio spurs,4.47,0.2157248701744874,-0.03570983032004138,0.0,0,0.0,1020.8246899971767,odds hors limites
2024-01-04,22300478,denver nuggets,1.51,0.5029386901191958,-0.24056257792001434,0.0,1,0.0,1020.8246899971767,ev trop bas (-0.241)
2024-01-05,22300479,utah jazz,6.12,0.1739185469647055,0.06438150742399751,0.0,0,0.0,1020.8246899971767,odds hors limites
2024-01-05,22300480,atlanta hawks,2.11,0.40294468778735243,-0.14978670876868638,0.0,0,0.0,1020.8246899971767,ev trop bas (-0.150)
2024-01-05,22300481,brooklyn nets,2.4,0.31790725765059935,-0.2370225816385616,0.0,1,0.0,1020.8246899971767,ev trop bas (-0.237)
2024-01-05,22300482,cleveland cavaliers,1.17,0.7014838716908636,-0.17926387012168965,0.0,1,0.0,1020.8246899971767,odds hors limites
2024-01-05,22300483,philadelphia 76ers,1.39,0.5619579943056064,-0.21887838791520708,0.0,0,0.0,1020.8246899971767,ev trop bas (-0.219)
2024-01-05,22300484,chicago bulls,1.2,0.6789222052553653,-0.1852933536935617,0.0,1,0.0,1020.8246899971767,ev trop bas (-0.185)
2024-01-05,22300485,minnesota timberwolves,1.51,0.5565190912198246,-0.15965617225806494,0.0,1,0.0,1020.8246899971767,ev trop bas (-0.160)
2024-01-05,22300486,new orleans pelicans,1.85,0.4308955895322641,-0.2028431593653114,0.0,0,0.0,1020.8246899971767,diff proba trop faible (0.005)
2024-01-05,22300487,portland trail blazers,3.12,0.29004574039501935,-0.0950572899675396,0.0,0,0.0,1020.8246899971767,odds hors limites
2024-01-05,22300488,orlando magic,4.05,0.2184395465775499,-0.11531983636092291,0.0,1,0.0,1020.8246899971767,odds hors limites
2024-01-05,22300489,phoenix suns,1.62,0.505851066103146,-0.18052127291290343,0.0,1,0.0,1020.8246899971767,ev trop bas (-0.181)
2024-01-05,22300490,detroit pistons,4.17,0.2241837475793299,-0.0651537725941943,0.0,0,0.0,1020.8246899971767,odds hors limites
2024-01-05,22300491,los angeles lakers,1.51,0.5445415597517133,-0.17774224477491296,0.0,0,0.0,1020.8246899971767,ev trop bas (-0.178)
2024-01-05,22300492,sacramento kings,1.49,0.5239432666234694,-0.2193245327310307,0.0,1,0.0,1020.8246899971767,ev trop bas (-0.219)
2024-01-06,22300493,indiana pacers,2.88,0.3046705464525842,-0.1225488262165576,0.0,0,0.0,1020.8246899971767,odds hors limites
2024-01-06,22300494,new york knicks,1.21,0.6562191102485575,-0.2059748765992454,0.0,1,0.0,1020.8246899971767,ev trop bas (-0.206)
2024-01-06,22300495,utah jazz,2.79,0.2957433097469044,-0.17487616580613674,0.0,1,0.0,1020.8246899971767,odds hors limites
2024-01-06,22300496,houston rockets,2.93,0.264387439056338,-0.2253448035649297,0.0,1,0.0,1020.8246899971767,odds hors limites
2024-01-07,22300497,san antonio spurs,4.23,0.218847184149522,-0.0742764110475218,0.0,0,0.0,1020.8246899971767,odds hors limites
2024-01-07,22300498,portland trail blazers,3.52,0.24491924572960191,-0.13788425503180124,0.0,1,0.0,1020.8246899971767,odds hors limites
2024-01-07,22300499,atlanta hawks,1.67,0.46101866575876266,-0.23009882818286642,0.0,0,0.0,1020.8246899971767,ev trop bas (-0.230)
2024-01-07,22300500,new orleans pelicans,2.35,0.330466764754495,-0.22340310282693676,0.0,1,0.0,1020.8246899971767,ev trop bas (-0.223)
2024-01-07,22300501,minnesota timberwolves,1.68,0.47189874893259787,-0.20721010179323562,0.0,0,0.0,1020.8246899971767,ev trop bas (-0.207)
2024-01-07,22300502,detroit pistons,7.17,0.18091954110373,0.29719310971374413,0.0,0,0.0,1020.8246899971767,odds hors limites
2024-01-07,22300503,phoenix suns,1.28,0.6335425417431554,-0.18906554656876107,0.0,0,0.0,1020.8246899971767,ev trop bas (-0.189)
2024-01-07,22300504,golden state warriors,1.66,0.4351594261024167,-0.2776353526699883,0.0,0,0.0,1020.8246899971767,ev trop bas (-0.278)
2024-01-07,22300505,los angeles lakers,2.35,0.39093358243286563,-0.08130608128276573,0.0,1,0.0,1020.8246899971767,ev trop bas (-0.081)
2024-01-08,22300506,charlotte hornets,2.97,0.29600274098837925,-0.1208718592645136,0.0,0,0.0,1020.8246899971767,odds hors limites
2024-01-08,22300507,indiana pacers,2.17,0.3791750416740078,-0.17719015956740314,0.0,1,0.0,1020.8246899971767,ev trop bas (-0.177)
2024-01-08,22300508,washington wizards,4.65,0.1983930015523036,-0.07747254278178817,0.0,0,0.0,1020.8246899971767,odds hors limites
2024-01-08,22300509,miami heat,1.5,0.5909838141464742,-0.11352427878028881,0.0,1,0.0,1020.8246899971767,ev trop bas (-0.114)
2024-01-08,22300510,milwaukee bucks,1.24,0.6509393727296952,-0.192835177815178,0.0,0,0.0,1020.8246899971767,ev trop bas (-0.193)
2024-01-08,22300511,phoenix suns,2.48,0.32032787172641597,-0.20558687811848841,0.0,0,0.0,1020.8246899971767,ev trop bas (-0.206)
2024-01-09,22300512,detroit pistons,4.4,0.22201987315194602,-0.023112558131437422,0.0,0,0.0,1020.8246899971767,odds hors limites
2024-01-09,22300513,orlando magic,2.55,0.32471857688851796,-0.1719676289342793,0.0,0,0.0,1020.8246899971767,odds hors limites
2024-01-09,22300514,portland trail blazers,5.22,0.17529065520224416,-0.0849827798442856,0.0,0,0.0,1020.8246899971767,odds hors limites
2024-01-09,22300515,memphis grizzlies,3.76,0.2041130511989452,-0.23253492749196603,0.0,1,0.0,1020.8246899971767,odds hors limites
2024-01-09,22300516,los angeles lakers,1.47,0.550530905369911,-0.1907195691062309,0.0,1,0.0,1020.8246899971767,ev trop bas (-0.191)
2024-01-10,22300517,minnesota timberwolves,4.28,0.23416214241849087,0.0022139695511409485,0.0,0,0.0,1020.8246899971767,odds hors limites
2024-01-10,22300518,charlotte hornets,3.27,0.24451713448092052,-0.20042897024738993,0.0,0,0.0,1020.8246899971767,odds hors limites
2024-01-10,22300519,detroit pistons,2.2,0.432668110020411,-0.048130157955095676,0.0,0,0.0,1020.8246899971767,ev trop bas (-0.048)
2024-01-10,22300520,indiana pacers,1.26,0.69212690407462,-0.12792010086597883,0.0,1,0.0,1020.8246899971767,ev trop bas (-0.128)
2024-01-10,22300521,philadelphia 76ers,1.89,0.44472144697878363,-0.15947646521009895,0.0,0,0.0,1020.8246899971767,diff proba trop faible (0.012)
2024-01-10,22300522,oklahoma city thunder,1.46,0.5672329197926832,-0.17183993710268253,0.0,1,0.0,1020.8246899971767,ev trop bas (-0.172)
2024-01-10,22300523,chicago bulls,1.54,0.5183265368470888,-0.2017771332554832,0.0,1,0.0,1020.8246899971767,ev trop bas (-0.202)
2024-01-10,22300524,denver nuggets,1.35,0.6156128956425272,-0.1689225908825882,0.0,0,0.0,1020.8246899971767,ev trop bas (-0.169)
2024-01-10,22300525,new orleans pelicans,1.62,0.48763373346763433,-0.21003335178243232,0.0,1,0.0,1020.8246899971767,ev trop bas (-0.210)
2024-01-10,22300526,toronto raptors,4.87,0.19740451535338302,-0.038640010229024635,0.0,0,0.0,1020.8246899971767,odds hors limites
2024-01-11,22300527,cleveland cavaliers,1.55,0.5027988101362169,-0.22066184428886382,0.0,1,0.0,1020.8246899971767,ev trop bas (-0.221)
2024-01-11,22300528,milwaukee bucks,1.64,0.4498449197819774,-0.2622543315575572,0.0,1,0.0,1020.8246899971767,ev trop bas (-0.262)
2024-01-11,22300529,portland trail blazers,5.62,0.1914304138389606,0.07583892577495854,0.0,0,0.0,1020.8246899971767,odds hors limites
2024-01-11,22300530,new york knicks,1.45,0.5365844950687098,-0.2219524821503709,0.0,0,0.0,1020.8246899971767,ev trop bas (-0.222)
2024-01-11,22300531,los angeles lakers,1.91,0.40221377962579646,-0.23177168091472877,0.0,0,0.0,1020.8246899971767,diff proba trop faible (0.004)
2024-01-12,22300532,philadelphia 76ers,1.77,0.4557190133792475,-0.19337734631873194,0.0,1,0.0,1020.8246899971767,diff proba trop faible (0.059)
2024-01-12,22300533,atlanta hawks,1.41,0.613192200928684,-0.13539899669055566,0.0,0,0.0,1020.8246899971767,ev trop bas (-0.135)
2024-01-12,22300534,detroit pistons,3.5,0.2555474912457139,-0.10558378064000129,0.0,0,0.0,1020.8246899971767,odds hors limites
2024-01-12,22300535,miami heat,1.75,0.4593592701875492,-0.19612127717178895,0.0,1,0.0,1020.8246899971767,diff proba trop faible (0.054)
2024-01-12,22300536,chicago bulls,1.59,0.47763608373339833,-0.24055862686389662,0.0,0,0.0,1020.8246899971767,ev trop bas (-0.241)
2024-01-12,22300537,los angeles clippers,1.24,0.6772023165636186,-0.16026912746111288,0.0,1,0.0,1020.8246899971767,ev trop bas (-0.160)
2024-01-12,22300538,portland trail blazers,7.3,0.14200087903161016,0.03660641693075406,0.0,0,0.0,1020.8246899971767,odds hors limites
2024-01-12,22300539,denver nuggets,1.37,0.5727826443579807,-0.2152877772295665,0.0,1,0.0,1020.8246899971767,ev trop bas (-0.215)
2024-01-12,22300540,utah jazz,1.7,0.4695524803615759,-0.201760783385321,0.0,1,0.0,1020.8246899971767,ev trop bas (-0.202)
2024-01-12,22300541,charlotte hornets,1.95,0.41022440095607093,-0.20006241813566172,0.0,0,0.0,1020.8246899971767,diff proba trop faible (0.028)
2024-01-13,22300542,houston rockets,7.12,0.1757632998836867,0.25143469517184935,0.0,0,0.0,1020.8246899971767,odds hors limites
2024-01-13,22300543,atlanta hawks,1.26,0.668478330770574,-0.15771730322907684,0.0,0,0.0,1020.8246899971767,ev trop bas (-0.158)
2024-01-13,22300544,new york knicks,1.15,0.7448035664334784,-0.1434758986014999,0.0,1,0.0,1020.8246899971767,odds hors limites
2024-01-13,22300545,golden state warriors,5.58,0.16410458323458552,-0.0842964255510128,0.0,0,0.0,1020.8246899971767,odds hors limites
2024-01-13,22300546,orlando magic,4.52,0.20301428548803083,-0.08237542959410071,0.0,0,0.0,1020.8246899971767,odds hors limites
2024-01-13,22300547,new orleans pelicans,2.54,0.3177032793297996,-0.19303367050230902,0.0,1,0.0,1020.8246899971767,odds hors limites
2024-01-13,22300548,san antonio spurs,2.81,0.29298823965498344,-0.17670304656949654,0.0,0,0.0,1020.8246899971767,odds hors limites
2024-01-13,22300549,utah jazz,1.6,0.44178081161657434,-0.293150701413481,0.0,1,0.0,1020.8246899971767,ev trop bas (-0.293)
2024-01-14,22300550,indiana pacers,4.17,0.2148900504178256,-0.1039084897576672,0.0,0,0.0,1020.8246899971767,odds hors limites
2024-01-14,22300551,miami heat,1.21,0.6906874821913438,-0.164268146548474,0.0,1,0.0,1020.8246899971767,ev trop bas (-0.164)
2024-01-14,22300552,sacramento kings,2.26,0.3317044146996808,-0.2503480227787215,0.0,0,0.0,1020.8246899971767,ev trop bas (-0.250)
2024-01-14,22300553,minnesota timberwolves,1.79,0.4586966525571527,-0.17893299192269663,0.0,1,0.0,1020.8246899971767,diff proba trop faible (0.064)
2024-01-14,22300554,portland trail blazers,5.68,0.16644599185453865,-0.0545867662662205,0.0,0,0.0,1020.8246899971767,odds hors limites
2024-01-15,22300555,philadelphia 76ers,1.25,0.666071811163017,-0.16741023604622884,0.0,1,0.0,1020.8246899971767,ev trop bas (-0.167)
2024-01-15,22300556,new orleans pelicans,1.48,0.5403512687009784,-0.200280122322552,0.0,0,0.0,1020.8246899971767,ev trop bas (-0.200)
2024-01-15,22300557,new york knicks,1.41,0.5917142985699505,-0.16568283901636982,0.0,0,0.0,1020.8246899971767,ev trop bas (-0.166)
2024-01-15,22300558,detroit pistons,2.67,0.31126396804779516,-0.16892520531238697,0.0,1,0.0,1020.8246899971767,odds hors limites
2024-01-15,22300559,atlanta hawks,1.26,0.6684756456686856,-0.15772068645745618,0.0,1,0.0,1020.8246899971767,ev trop bas (-0.158)
2024-01-15,22300560,memphis grizzlies,3.2,0.291263723865124,-0.0679560836316031,0.0,1,0.0,1020.8246899971767,odds hors limites
2024-01-15,22300561,chicago bulls,2.37,0.3419294748332798,-0.18962714464512687,0.0,0,0.0,1020.8246899971767,ev trop bas (-0.190)
2024-01-15,22300562,miami heat,1.73,0.4812285421824645,-0.16747462202433638,0.0,1,0.0,1020.8246899971767,ev trop bas (-0.167)
2024-01-15,22300563,toronto raptors,2.85,0.3151614887763863,-0.10178975698729908,0.0,0,0.0,1020.8246899971767,odds hors limites
2024-01-15,22300564,indiana pacers,3.0,0.2779245578398637,-0.16622632648040891,0.0,0,0.0,1020.8246899971767,odds hors limites
2024-01-15,22300565,oklahoma city thunder,1.64,0.4717048625564447,-0.22640402540743065,0.0,0,0.0,1020.8246899971767,ev trop bas (-0.226)
2024-01-16,22300566,denver nuggets,1.92,0.4451308868178054,-0.1453486973098137,0.0,0,0.0,1020.8246899971767,diff proba trop faible (0.008)
2024-01-16,22300567,phoenix suns,1.51,0.5148102321566997,-0.2226365494433834,0.0,1,0.0,1020.8246899971767,ev trop bas (-0.223)
2024-01-16,22300568,los angeles clippers,1.39,0.6125744857650354,-0.1485214647866009,0.0,1,0.0,1020.8246899971767,ev trop bas (-0.149)
2024-01-17,22300569,detroit pistons,5.47,0.18910971577417826,0.034430145284755076,0.0,0,0.0,1020.8246899971767,odds hors limites
2024-01-17,22300570,orlando magic,2.32,0.3824957161005244,-0.11260993864678348,0.0,0,0.0,1020.8246899971767,ev trop bas (-0.113)
2024-01-17,22300571,san antonio spurs,6.9,0.14499527100159726,0.00046736991102114267,0.0,0,0.0,1020.8246899971767,odds hors limites
2024-01-17,22300572,cleveland cavaliers,1.7,0.4025651340527965,-0.315639272110246,0.0,1,0.0,1020.8246899971767,diff proba trop faible (0.068)
2024-01-17,22300573,new york knicks,1.31,0.6838900784130538,-0.10410399727889941,0.0,1,0.0,1020.8246899971767,ev trop bas (-0.104)
2024-01-17,22300574,miami heat,1.58,0.504814139049338,-0.20239366030204586,0.0,0,0.0,1020.8246899971767,ev trop bas (-0.202)
2024-01-17,22300575,charlotte hornets,5.08,0.1665301573024912,-0.15402680090334464,0.0,0,0.0,1020.8246899971767,odds hors limites
2024-02-15,22300576,golden state warriors,1.67,0.5040183987282523,-0.15828927412381877,0.0,1,0.0,1020.8246899971767,ev trop bas (-0.158)
2024-01-17,22300577,los angeles lakers,1.59,0.4683769437364763,-0.2552806594590026,0.0,1,0.0,1020.8246899971767,ev trop bas (-0.255)
2024-01-17,22300578,brooklyn nets,1.43,0.5527193326479554,-0.20961135431342381,0.0,0,0.0,1020.8246899971767,ev trop bas (-0.210)
2024-01-18,22300579,washington wizards,4.97,0.18345133727063906,-0.08824685376492392,0.0,0,0.0,1020.8246899971767,odds hors limites
2024-01-18,22300580,toronto raptors,1.97,0.3802900705802755,-0.25082856095685735,0.0,0,0.0,1020.8246899971767,diff proba trop faible (0.055)
2024-01-18,22300581,oklahoma city thunder,1.58,0.5039368066823269,-0.2037798454419235,0.0,1,0.0,1020.8246899971767,ev trop bas (-0.204)
2024-01-18,22300582,memphis grizzlies,5.05,0.17398705828339053,-0.12136535566887785,0.0,0,0.0,1020.8246899971767,odds hors limites
2024-01-18,22300583,sacramento kings,1.25,0.6330611967717296,-0.20867350403533802,0.0,0,0.0,1020.8246899971767,ev trop bas (-0.209)
2024-01-19,22300584,charlotte hornets,1.48,0.4941637809656578,-0.2686376041708265,0.0,1,0.0,1020.8246899971767,ev trop bas (-0.269)
2024-01-19,22300585,orlando magic,2.52,0.336668419633626,-0.15159558252326255,0.0,0,0.0,1020.8246899971767,odds hors limites
2024-01-19,22300586,denver nuggets,3.07,0.2889250448299801,-0.11300011237196117,0.0,1,0.0,1020.8246899971767,odds hors limites
2024-01-19,22300587,miami heat,1.3,0.6543459364914938,-0.1493502825610581,0.0,0,0.0,1020.8246899971767,ev trop bas (-0.149)
2024-01-19,22300588,new orleans pelicans,1.66,0.4605626010928888,-0.23546608218580456,0.0,0,0.0,1020.8246899971767,ev trop bas (-0.235)
2024-04-02,22300589,golden state warriors,1.8,0.4945704012384786,-0.10977327777073842,0.0,1,0.0,1020.8246899971767,diff proba trop faible (0.045)
2024-01-19,22300590,indiana pacers,1.25,0.686613732922965,-0.14173283384629376,0.0,0,0.0,1020.8246899971767,ev trop bas (-0.142)
2024-01-19,22300591,brooklyn nets,3.03,0.2957225113575259,-0.1039607905866965,0.0,1,0.0,1020.8246899971767,odds hors limites
2024-01-20,22300592,detroit pistons,6.0,0.17122528484594712,0.02735170907568274,0.0,0,0.0,1020.8246899971767,odds hors limites
2024-01-20,22300593,charlotte hornets,4.82,0.18321988089846736,-0.11688017406938733,0.0,0,0.0,1020.8246899971767,odds hors limites
2024-01-20,22300594,san antonio spurs,2.0,0.4239680670430976,-0.15206386591380483,0.0,1,0.0,1020.8246899971767,diff proba trop faible (0.022)
2024-01-20,22300595,cleveland cavaliers,1.67,0.40983418772896724,-0.3155769064926247,0.0,1,0.0,1020.8246899971767,ev trop bas (-0.316)
2024-01-20,22300596,toronto raptors,3.06,0.26395451270765435,-0.19229919111457772,0.0,0,0.0,1020.8246899971767,odds hors limites
2024-01-20,22300597,chicago bulls,1.27,0.6313866557585822,-0.19813894718660052,0.0,1,0.0,1020.8246899971767,ev trop bas (-0.198)
2024-01-20,22300598,utah jazz,1.94,0.4004419633072543,-0.22314259118392665,0.0,0,0.0,1020.8246899971767,diff proba trop faible (0.042)
2024-01-20,22300599,minnesota timberwolves,1.59,0.4782088404865949,-0.23964794362631403,0.0,0,0.0,1020.8246899971767,ev trop bas (-0.240)
2024-01-21,22300600,brooklyn nets,4.17,0.2373985748409646,-0.010047942913177565,0.0,0,0.0,1020.8246899971767,odds hors limites
2024-01-21,22300601,orlando magic,1.79,0.4149180107774706,-0.25729676070832763,0.0,1,0.0,1020.8246899971767,diff proba trop faible (0.022)
2024-01-21,22300602,washington wizards,5.38,0.20626098069630655,0.1096840761461293,0.0,0,0.0,1020.8246899971767,odds hors limites
2024-01-21,22300603,houston rockets,5.38,0.18107240675685365,-0.02583045164812736,0.0,0,0.0,1020.8246899971767,odds hors limites
2024-01-21,22300604,phoenix suns,1.36,0.5748009672453017,-0.21827068454638965,0.0,1,0.0,1020.8246899971767,ev trop bas (-0.218)
2024-01-21,22300605,portland trail blazers,4.72,0.1911018687562131,-0.09799917947067427,0.0,0,0.0,1020.8246899971767,odds hors limites
2024-01-22,22300606,detroit pistons,5.4,0.187163350581127,0.01068209313808599,0.0,0,0.0,1020.8246899971767,odds hors limites
2024-01-22,22300607,orlando magic,2.06,0.3451027733049138,-0.2890882869918776,0.0,0,0.0,1020.8246899971767,ev trop bas (-0.289)
2024-01-22,22300608,san antonio spurs,6.12,0.160870384296642,-0.015473248104550974,0.0,0,0.0,1020.8246899971767,odds hors limites
2024-01-22,22300609,memphis grizzlies,2.97,0.27301501204232287,-0.18914541423430098,0.0,1,0.0,1020.8246899971767,odds hors limites
2024-01-22,22300610,charlotte hornets,5.87,0.15375698240591568,-0.09744651327727494,0.0,1,0.0,1020.8246899971767,odds hors limites
2024-01-22,22300611,boston celtics,1.66,0.45150380461159156,-0.250503684344758,0.0,1,0.0,1020.8246899971767,ev trop bas (-0.251)
2024-01-22,22300612,chicago bulls,2.54,0.3006108420116125,-0.23644846129050434,0.0,0,0.0,1020.8246899971767,odds hors limites
2024-01-22,22300613,sacramento kings,1.26,0.6318510619339512,-0.20386766196322148,0.0,1,0.0,1020.8246899971767,ev trop bas (-0.204)
2024-01-23,22300614,denver nuggets,1.46,0.5664194768629209,-0.1730275637801355,0.0,1,0.0,1020.8246899971767,ev trop bas (-0.173)
2024-01-23,22300615,brooklyn nets,2.23,0.34288363474609157,-0.2353694945162158,0.0,0,0.0,1020.8246899971767,ev trop bas (-0.235)
2024-01-23,22300616,new orleans pelicans,1.35,0.6282723911386112,-0.15183227196287474,0.0,1,0.0,1020.8246899971767,ev trop bas (-0.152)
2024-01-23,22300617,portland trail blazers,5.77,0.15817532458968508,-0.08732837711751718,0.0,0,0.0,1020.8246899971767,odds hors limites
2024-01-23,22300618,los angeles lakers,3.82,0.22241203884289795,-0.15038601162012988,0.0,0,0.0,1020.8246899971767,odds hors limites
2024-01-24,22300619,charlotte hornets,2.05,0.37087167523963904,-0.23971306575874007,0.0,0,0.0,1020.8246899971767,diff proba trop faible (0.067)
2024-01-24,22300620,washington wizards,4.13,0.2281973231139956,-0.0575450555391982,0.0,0,0.0,1020.8246899971767,odds hors limites
2024-01-24,22300621,memphis grizzlies,4.48,0.19845644550991484,-0.11091512411558146,0.0,1,0.0,1020.8246899971767,odds hors limites
2024-01-24,22300622,oklahoma city thunder,1.23,0.6480390797335943,-0.20291193192767898,0.0,1,0.0,1020.8246899971767,ev trop bas (-0.203)
2024-01-24,22300623,portland trail blazers,4.02,0.21862691127968048,-0.12111981665568461,0.0,1,0.0,1020.8246899971767,odds hors limites
2024-01-24,22300624,milwaukee bucks,1.33,0.556550700373822,-0.2597875685028167,0.0,1,0.0,1020.8246899971767,ev trop bas (-0.260)
2024-01-24,22300625,dallas mavericks,2.01,0.3350165191313893,-0.3266167965459076,0.0,0,0.0,1020.8246899971767,diff proba trop faible (0.059)
2024-01-24,22300626,atlanta hawks,2.77,0.28362557386823833,-0.21435716038497976,0.0,0,0.0,1020.8246899971767,odds hors limites
2024-01-25,22300627,indiana pacers,2.31,0.34088230435026107,-0.2125618769508969,0.0,1,0.0,1020.8246899971767,ev trop bas (-0.213)
2024-01-25,22300628,washington wizards,3.0,0.26527798137309155,-0.20416605588072534,0.0,0,0.0,1020.8246899971767,odds hors limites
2024-01-25,22300629,brooklyn nets,2.28,0.3702558396304654,-0.15581668564253903,0.0,0,0.0,1020.8246899971767,ev trop bas (-0.156)
2024-01-25,22300630,miami heat,3.34,0.2553641086019451,-0.14708387726950345,0.0,0,0.0,1020.8246899971767,odds hors limites
2024-01-25,22300631,denver nuggets,1.62,0.46477681221541695,-0.24706156421102454,0.0,0,0.0,1020.8246899971767,ev trop bas (-0.247)
2024-01-25,22300632,sacramento kings,1.74,0.4737593193042291,-0.17565878441064142,0.0,1,0.0,1020.8246899971767,ev trop bas (-0.176)
2024-01-25,22300633,los angeles lakers,1.37,0.567794030061137,-0.2221221788162422,0.0,1,0.0,1020.8246899971767,ev trop bas (-0.222)
2024-01-26,22300634,atlanta hawks,1.7,0.4318975254447155,-0.26577420674398367,0.0,0,0.0,1020.8246899971767,ev trop bas (-0.266)
2024-01-26,22300635,charlotte hornets,2.5,0.31763117821691844,-0.20592205445770384,0.0,0,0.0,1020.8246899971767,ev trop bas (-0.206)
2024-01-26,22300636,phoenix suns,1.46,0.5307507147311811,-0.2251039564924756,0.0,0,0.0,1020.8246899971767,ev trop bas (-0.225)
2024-01-26,22300637,toronto raptors,3.26,0.2572407854897782,-0.1613950393033231,0.0,0,0.0,1020.8246899971767,odds hors limites
2024-01-26,22300638,memphis grizzlies,2.81,0.2918164142393136,-0.17999587598752875,0.0,1,0.0,1020.8246899971767,odds hors limites
2024-01-26,22300639,cleveland cavaliers,2.55,0.29079678992962343,-0.2584681856794603,0.0,1,0.0,1020.8246899971767,odds hors limites
2024-01-26,22300640,new orleans pelicans,1.93,0.3839421996760037,-0.25899155462531287,0.0,0,0.0,1020.8246899971767,diff proba trop faible (0.020)
2024-01-26,22300641,portland trail blazers,2.48,0.33326729376415437,-0.1734971114648972,0.0,0,0.0,1020.8246899971767,ev trop bas (-0.173)
2024-01-27,22300642,detroit pistons,1.56,0.5199029033347096,-0.18895147079785302,0.0,0,0.0,1020.8246899971767,ev trop bas (-0.189)
2024-01-27,22300643,new york knicks,1.49,0.5662074381454508,-0.1563509171632783,0.0,1,0.0,1020.8246899971767,ev trop bas (-0.156)
2024-01-27,22300644,denver nuggets,1.26,0.6594037791539615,-0.16915123826600842,0.0,1,0.0,1020.8246899971767,ev trop bas (-0.169)
2024-01-27,22300645,houston rockets,2.35,0.3734884075924098,-0.12230224215783692,0.0,0,0.0,1020.8246899971767,ev trop bas (-0.122)
2024-01-27,22300646,los angeles clippers,3.01,0.2858485269758835,-0.13959593380259083,0.0,1,0.0,1020.8246899971767,odds hors limites
2024-01-27,22300647,utah jazz,1.17,0.7499156067763101,-0.12259874007171723,0.0,1,0.0,1020.8246899971767,odds hors limites
2024-01-27,22300648,new orleans pelicans,2.24,0.3638891321075663,-0.18488834407905141,0.0,0,0.0,1020.8246899971767,ev trop bas (-0.185)
2024-01-27,22300649,minnesota timberwolves,1.15,0.7516236911930536,-0.13563275512798845,0.0,0,0.0,1020.8246899971767,odds hors limites
2024-01-27,22300650,los angeles lakers,1.93,0.3920277526077191,-0.2433864374671022,0.0,1,0.0,1020.8246899971767,diff proba trop faible (0.026)
2024-01-27,22300651,sacramento kings,1.5,0.48789874621748763,-0.2681518806737686,0.0,1,0.0,1020.8246899971767,ev trop bas (-0.268)
2024-01-28,22300652,indiana pacers,1.29,0.6371099962869201,-0.17812810478987307,0.0,1,0.0,1020.8246899971767,ev trop bas (-0.178)
2024-01-28,22300653,atlanta hawks,1.37,0.5453761262798819,-0.25283470699656185,0.0,1,0.0,1020.8246899971767,ev trop bas (-0.253)
2024-01-28,22300654,detroit pistons,5.52,0.18700658636800566,0.032276356751391067,0.0,1,0.0,1020.8246899971767,odds hors limites
2024-01-28,22300655,orlando magic,1.92,0.40191941063721687,-0.2283147315765437,0.0,1,0.0,1020.8246899971767,diff proba trop faible (0.024)
2024-01-28,22300656,portland trail blazers,2.61,0.3208073487999811,-0.1626928196320494,0.0,0,0.0,1020.8246899971767,odds hors limites
2024-01-29,22300657,new york knicks,1.2,0.6923765426694117,-0.16914814879670592,0.0,1,0.0,1020.8246899971767,ev trop bas (-0.169)
2024-01-29,22300658,los angeles clippers,1.72,0.4456998243691464,-0.23339630208506823,0.0,0,0.0,1020.8246899971767,diff proba trop faible (0.061)
2024-01-29,22300659,boston celtics,1.24,0.6474194116083137,-0.197199929605691,0.0,1,0.0,1020.8246899971767,ev trop bas (-0.197)
2024-01-29,22300660,utah jazz,1.78,0.4425796304542467,-0.2122082577914408,0.0,0,0.0,1020.8246899971767,diff proba trop faible (0.034)
2024-01-29,22300661,miami heat,1.65,0.4794418589267433,-0.20892093277087365,0.0,0,0.0,1020.8246899971767,ev trop bas (-0.209)
2024-01-29,22300662,houston rockets,1.87,0.47501599720507376,-0.111720085226512,0.0,1,0.0,1020.8246899971767,diff proba trop faible (0.060)
2024-01-29,22300663,memphis grizzlies,4.25,0.20177708786983728,-0.1424473765531915,0.0,0,0.0,1020.8246899971767,odds hors limites
2024-01-29,22300664,minnesota timberwolves,2.04,0.35994119439174005,-0.26571996344085025,0.0,1,0.0,1020.8246899971767,ev trop bas (-0.266)
2024-01-29,22300665,san antonio spurs,1.54,0.4621232924988187,-0.28833012955181914,0.0,0,0.0,1020.8246899971767,ev trop bas (-0.288)
2024-01-29,22300666,orlando magic,2.23,0.4081693426369853,-0.08978236591952282,0.0,0,0.0,1020.8246899971767,diff proba trop faible (0.020)
2024-01-29,22300667,denver nuggets,1.51,0.5179791385490864,-0.21785150079087956,0.0,1,0.0,1020.8246899971767,ev trop bas (-0.218)
2024-01-29,22300668,philadelphia 76ers,1.39,0.6085030349867987,-0.1541807813683499,0.0,0,0.0,1020.8246899971767,ev trop bas (-0.154)
2024-01-30,22300669,atlanta hawks,1.41,0.5301027634784508,-0.25255510349538446,0.0,1,0.0,1020.8246899971767,ev trop bas (-0.253)
2024-01-30,22300670,boston celtics,1.27,0.6356658912140887,-0.1927043181581074,0.0,1,0.0,1020.8246899971767,ev trop bas (-0.193)
2024-01-30,22300671,new york knicks,1.62,0.5095220785846182,-0.1745742326929185,0.0,1,0.0,1020.8246899971767,ev trop bas (-0.175)
2024-01-30,22300672,chicago bulls,1.32,0.6589173446169447,-0.1302291051056329,0.0,0,0.0,1020.8246899971767,ev trop bas (-0.130)
2024-01-30,22300673,golden state warriors,1.72,0.44255988401913826,-0.23879699948708222,0.0,1,0.0,1020.8246899971767,diff proba trop faible (0.056)
2024-01-31,22300674,chicago bulls,1.4,0.5622039990493608,-0.2129144013308949,0.0,1,0.0,1020.8246899971767,ev trop bas (-0.213)
2024-01-31,22300675,detroit pistons,5.78,0.15926697193728187,-0.07943690220251076,0.0,0,0.0,1020.8246899971767,odds hors limites
2024-01-31,22300676,los angeles clippers,1.19,0.7127257267179561,-0.15185638520563227,0.0,1,0.0,1020.8246899971767,odds hors limites
2024-01-31,22300677,phoenix suns,1.55,0.5216533705815317,-0.19143727559862578,0.0,1,0.0,1020.8246899971767,ev trop bas (-0.191)
2024-01-31,22300678,miami heat,1.67,0.4901770866217585,-0.18140426534166332,0.0,1,0.0,1020.8246899971767,ev trop bas (-0.181)
2024-01-31,22300679,houston rockets,1.77,0.5024500713374628,-0.11066337373269086,0.0,0,0.0,1020.8246899971767,ev trop bas (-0.111)
2024-01-31,22300680,dallas mavericks,5.97,0.14970001034219163,-0.106290938257116,0.0,0,0.0,1020.8246899971767,odds hors limites
2024-01-31,22300681,orlando magic,1.37,0.6538120173022965,-0.10427753629585368,0.0,1,0.0,1020.8246899971767,ev trop bas (-0.104)
2024-01-31,22300682,oklahoma city thunder,1.39,0.6039689807362852,-0.16048311677656357,0.0,1,0.0,1020.8246899971767,ev trop bas (-0.160)
2024-01-31,22300683,portland trail blazers,4.3,0.2075159428236045,-0.1076814458585007,0.0,1,0.0,1020.8246899971767,odds hors limites
2024-02-01,22300684,los angeles lakers,7.6,0.15851451540081785,0.20471031704621567,0.0,1,0.0,1020.8246899971767,odds hors limites
2024-02-01,22300685,new york knicks,1.74,0.4807496659900894,-0.1634955811772445,0.0,1,0.0,1020.8246899971767,ev trop bas (-0.163)
2024-02-01,22300686,philadelphia 76ers,2.38,0.3227851056072734,-0.23177144865468935,0.0,1,0.0,1020.8246899971767,ev trop bas (-0.232)
2024-02-01,22300687,memphis grizzlies,3.42,0.25152853831729194,-0.1397723989548616,0.0,0,0.0,1020.8246899971767,odds hors limites
2024-02-02,22300688,detroit pistons,4.78,0.22987714844153728,0.0988127695505483,0.0,0,0.0,1020.8246899971767,odds hors limites
2024-02-02,22300689,miami heat,1.26,0.6647667491666313,-0.16239389605004462,0.0,1,0.0,1020.8246899971767,ev trop bas (-0.162)
2024-02-02,22300690,atlanta hawks,2.12,0.34888973180598903,-0.2603537685713032,0.0,1,0.0,1020.8246899971767,ev trop bas (-0.260)
2024-02-02,22300691,indiana pacers,2.25,0.3445719433618634,-0.2247131274358073,0.0,0,0.0,1020.8246899971767,ev trop bas (-0.225)
2024-02-02,22300692,houston rockets,1.47,0.5685616139598962,-0.16421442747895254,0.0,1,0.0,1020.8246899971767,ev trop bas (-0.164)
2024-02-02,22300693,memphis grizzlies,3.07,0.30345541837789,-0.06839186557987786,0.0,0,0.0,1020.8246899971767,odds hors limites
2024-02-02,22300694,minnesota timberwolves,1.32,0.6995861880163204,-0.07654623181845699,0.0,0,0.0,1020.8246899971767,ev trop bas (-0.077)
2024-02-02,22300695,charlotte hornets,6.7,0.1513908161277734,0.014318468056081723,0.0,0,0.0,1020.8246899971767,odds hors limites
2024-02-02,22300696,new orleans pelicans,1.26,0.7007471704575469,-0.1170585652234909,0.0,1,0.0,1020.8246899971767,ev trop bas (-0.117)
2024-02-02,22300697,portland trail blazers,6.0,0.17221841164708895,0.03331046988253372,0.0,0,0.0,1020.8246899971767,odds hors limites
2024-02-03,22300698,brooklyn nets,1.95,0.4139412629821619,-0.19281453718478436,0.0,1,0.0,1020.8246899971767,diff proba trop faible (0.030)
2024-02-03,22300699,atlanta hawks,1.67,0.4867391849843431,-0.1871455610761471,0.0,1,0.0,1020.8246899971767,ev trop bas (-0.187)
2024-02-03,22300700,chicago bulls,1.77,0.4851533846201917,-0.1412785092222607,0.0,0,0.0,1020.8246899971767,diff proba trop faible (0.069)
2024-02-03,22300701,new york knicks,1.63,0.4697139129491655,-0.23436632189286033,0.0,0,0.0,1020.8246899971767,ev trop bas (-0.234)
2024-02-03,22300702,milwaukee bucks,1.53,0.4973478413103757,-0.23905780279512523,0.0,1,0.0,1020.8246899971767,ev trop bas (-0.239)
2024-02-03,22300703,san antonio spurs,4.12,0.24058034809882772,-0.008808965832829752,0.0,0,0.0,1020.8246899971767,odds hors limites
2024-02-04,22300704,orlando magic,1.36,0.6106643467346541,-0.1694964884408704,0.0,1,0.0,1020.8246899971767,ev trop bas (-0.169)
2024-02-04,22300705,washington wizards,4.5,0.18834447718614858,-0.15244985266233135,0.0,0,0.0,1020.8246899971767,odds hors limites
2024-02-04,22300706,memphis grizzlies,10.33,0.14201276566840218,0.46699186935459447,0.0,0,0.0,1020.8246899971767,odds hors limites
2024-02-04,22300707,charlotte hornets,4.78,0.19063585659271995,-0.08876060548679865,0.0,0,0.0,1020.8246899971767,odds hors limites
2024-02-04,22300708,miami heat,2.54,0.3194617641370886,-0.1885671190917949,0.0,0,0.0,1020.8246899971767,odds hors limites
2024-02-04,22300709,minnesota timberwolves,1.27,0.732318100057747,-0.06995601292666132,0.0,1,0.0,1020.8246899971767,ev trop bas (-0.070)
2024-02-04,22300710,oklahoma city thunder,1.25,0.6886383122073764,-0.1392021097407795,0.0,1,0.0,1020.8246899971767,ev trop bas (-0.139)
2024-02-04,22300711,utah jazz,1.69,0.4744408085199458,-0.19819503360129165,0.0,1,0.0,1020.8246899971767,ev trop bas (-0.198)
2024-02-04,22300712,portland trail blazers,7.27,0.15533849437081357,0.12931085407581455,0.0,0,0.0,1020.8246899971767,odds hors limites
2024-02-05,22300713,charlotte hornets,6.02,0.15641081105789933,-0.058406917431446104,0.0,0,0.0,1020.8246899971767,odds hors limites
2024-02-05,22300714,cleveland cavaliers,1.47,0.5364040309907161,-0.2114860744436473,0.0,1,0.0,1020.8246899971767,ev trop bas (-0.211)
2024-02-05,22300715,philadelphia 76ers,2.08,0.3869766666342096,-0.19508853340084398,0.0,0,0.0,1020.8246899971767,diff proba trop faible (0.027)
2024-02-05,22300716,atlanta hawks,2.29,0.34521470598400905,-0.2094583232966193,0.0,0,0.0,1020.8246899971767,ev trop bas (-0.209)
2024-02-05,22300717,brooklyn nets,1.85,0.4187359690310438,-0.22533845729256885,0.0,0,0.0,1020.8246899971767,diff proba trop faible (0.052)
2024-02-05,22300718,toronto raptors,4.52,0.20700534692218328,-0.06433583191173164,0.0,0,0.0,1020.8246899971767,odds hors limites
2024-02-06,22300719,houston rockets,3.28,0.2909849600733683,-0.045569330959351895,0.0,0,0.0,1020.8246899971767,odds hors limites
2024-02-06,22300720,brooklyn nets,2.17,0.3593498789438971,-0.22021076269174333,0.0,0,0.0,1020.8246899971767,ev trop bas (-0.220)
2024-02-06,22300721,orlando magic,2.24,0.37486711080297713,-0.16029767180133114,0.0,0,0.0,1020.8246899971767,ev trop bas (-0.160)
2024-02-06,22300722,memphis grizzlies,6.5,0.158754315726178,0.0319030522201571,0.0,0,0.0,1020.8246899971767,odds hors limites
2024-02-06,22300723,chicago bulls,2.52,0.34550305289282474,-0.12933230671008167,0.0,1,0.0,1020.8246899971767,odds hors limites
2024-02-06,22300724,oklahoma city thunder,1.59,0.5554074264639419,-0.11690219192233231,0.0,0,0.0,1020.8246899971767,ev trop bas (-0.117)
2024-02-06,22300725,milwaukee bucks,2.69,0.2891593837057371,-0.22216125783156715,0.0,0,0.0,1020.8246899971767,odds hors limites
2024-02-07,22300726,charlotte hornets,2.97,0.29256031477147376,-0.13109586512872284,0.0,0,0.0,1020.8246899971767,odds hors limites
2024-02-07,22300727,philadelphia 76ers,2.17,0.3917559715118113,-0.14988954181936953,0.0,0,0.0,1020.8246899971767,ev trop bas (-0.150)
2024-02-07,22300728,washington wizards,5.12,0.17167010578142644,-0.12104905839909663,0.0,0,0.0,1020.8246899971767,odds hors limites
2024-02-07,22300729,atlanta hawks,5.17,0.18692404854770048,-0.0336026690083886,0.0,0,0.0,1020.8246899971767,odds hors limites
2024-02-07,22300730,miami heat,1.26,0.6832384584511565,-0.13911954235154278,0.0,1,0.0,1020.8246899971767,ev trop bas (-0.139)
2024-02-07,22300731,los angeles clippers,1.43,0.5360107036347783,-0.23350469380226702,0.0,0,0.0,1020.8246899971767,ev trop bas (-0.234)
2024-02-07,22300732,detroit pistons,5.68,0.17117369673356175,-0.027733402553369313,0.0,1,0.0,1020.8246899971767,odds hors limites
2024-02-08,22300733,indiana pacers,1.39,0.5867934447837923,-0.18435711175052882,0.0,0,0.0,1020.8246899971767,ev trop bas (-0.184)
2024-02-08,22300734,san antonio spurs,4.2,0.21814379534299896,-0.08379605955940428,0.0,0,0.0,1020.8246899971767,odds hors limites
2024-02-08,22300735,brooklyn nets,3.08,0.2767805915042512,-0.1475157781669062,0.0,0,0.0,1020.8246899971767,odds hors limites
2024-02-08,22300736,new york knicks,2.73,0.2872499911442979,-0.21580752417606675,0.0,0,0.0,1020.8246899971767,odds hors limites
2024-02-08,22300737,memphis grizzlies,2.55,0.3270439060087935,-0.16603803967757658,0.0,0,0.0,1020.8246899971767,odds hors limites
2024-02-08,22300738,minnesota timberwolves,1.69,0.5103305613900215,-0.13754135125086364,0.0,1,0.0,1020.8246899971767,ev trop bas (-0.138)
2024-02-08,22300739,phoenix suns,1.42,0.6215164638226258,-0.11744662137187134,0.0,1,0.0,1020.8246899971767,ev trop bas (-0.117)
2024-02-08,22300740,denver nuggets,1.59,0.5185151240969759,-0.1755609526858083,0.0,1,0.0,1020.8246899971767,ev trop bas (-0.176)
2024-02-08,22300741,detroit pistons,2.34,0.3968016591156805,-0.07148411766930773,0.0,1,0.0,1020.8246899971767,ev trop bas (-0.071)
2024-02-09,22300742,atlanta hawks,1.54,0.5307593659871654,-0.1826305763797652,0.0,1,0.0,1020.8246899971767,ev trop bas (-0.183)
2024-02-09,22300743,washington wizards,8.67,0.14571544153155003,0.2633528780785388,0.0,0,0.0,1020.8246899971767,odds hors limites
2024-02-09,22300744,houston rockets,2.06,0.4430608599871426,-0.08729462842648616,0.0,0,0.0,1020.8246899971767,diff proba trop faible (0.008)
2024-02-09,22300745,charlotte hornets,7.82,0.16116676132245725,0.2603240735416157,0.0,0,0.0,1020.8246899971767,odds hors limites
2024-02-09,22300746,sacramento kings,1.61,0.48992027746933936,-0.21122835327436362,0.0,1,0.0,1020.8246899971767,ev trop bas (-0.211)
2024-02-09,22300747,new orleans pelicans,1.63,0.5029040545371256,-0.18026639110448528,0.0,0,0.0,1020.8246899971767,ev trop bas (-0.180)
2024-02-10,22300748,dallas mavericks,1.88,0.421339158341334,-0.20788238231829215,0.0,1,0.0,1020.8246899971767,diff proba trop faible (0.001)
2024-02-10,22300749,detroit pistons,7.67,0.1639689704549844,0.2576420033897304,0.0,0,0.0,1020.8246899971767,odds hors limites
2024-02-10,22300750,brooklyn nets,1.4,0.623118047588985,-0.12763473337542097,0.0,1,0.0,1020.8246899971767,ev trop bas (-0.128)
2024-02-10,22300751,memphis grizzlies,1.43,0.5593558843052409,-0.2001210854435056,0.0,0,0.0,1020.8246899971767,ev trop bas (-0.200)
2024-02-10,22300752,orlando magic,1.43,0.5502176049274754,-0.21318882495371017,0.0,1,0.0,1020.8246899971767,ev trop bas (-0.213)
2024-02-10,22300753,philadelphia 76ers,1.4,0.6140688395316817,-0.14030362465564572,0.0,1,0.0,1020.8246899971767,ev trop bas (-0.140)
2024-02-10,22300754,houston rockets,3.01,0.32903632743583233,-0.009600654418144727,0.0,0,0.0,1020.8246899971767,odds hors limites
2024-02-10,22300755,new york knicks,2.18,0.38452338544244385,-0.16173901973547233,0.0,0,0.0,1020.8246899971767,ev trop bas (-0.162)
2024-02-10,22300756,toronto raptors,3.57,0.24413669626479145,-0.12843199433469454,0.0,0,0.0,1020.8246899971767,odds hors limites
2024-02-10,22300757,phoenix suns,1.75,0.473409829298106,-0.1715327987283145,0.0,0,0.0,1020.8246899971767,ev trop bas (-0.172)
2024-02-10,22300758,new orleans pelicans,1.23,0.7126224899268138,-0.12347433739001912,0.0,1,0.0,1020.8246899971767,ev trop bas (-0.123)
2024-02-11,22300759,miami heat,3.02,0.2897473517874937,-0.12496299760176899,0.0,0,0.0,1020.8246899971767,odds hors limites
2024-02-11,22300760,sacramento kings,2.18,0.36875363114880577,-0.19611708409560336,0.0,0,0.0,1020.8246899971767,ev trop bas (-0.196)
2024-02-12,22300761,charlotte hornets,4.35,0.22360329831439402,-0.027325652332386152,0.0,1,0.0,1020.8246899971767,odds hors limites
2024-02-12,22300762,philadelphia 76ers,5.02,0.18774146839735356,-0.05753782864528523,0.0,1,0.0,1020.8246899971767,odds hors limites
2024-02-12,22300763,atlanta hawks,1.47,0.5645701994997884,-0.17008180673531115,0.0,0,0.0,1020.8246899971767,ev trop bas (-0.170)
2024-02-12,22300764,san antonio spurs,2.7,0.32498030895673674,-0.12255316581681075,0.0,1,0.0,1020.8246899971767,odds hors limites
2024-02-12,22300765,houston rockets,1.81,0.4745690878928318,-0.1410299509139744,0.0,1,0.0,1020.8246899971767,diff proba trop faible (0.017)
2024-02-12,22300766,new orleans pelicans,1.19,0.7357110567292875,-0.12450384249214796,0.0,1,0.0,1020.8246899971767,odds hors limites
2024-02-12,22300767,denver nuggets,1.87,0.44875017838014747,-0.16083716642912416,0.0,0,0.0,1020.8246899971767,diff proba trop faible (0.008)
2024-02-12,22300768,washington wizards,5.15,0.1620974092713293,-0.16519834225265406,0.0,0,0.0,1020.8246899971767,odds hors limites
2024-02-12,22300769,utah jazz,1.87,0.4664482912789275,-0.1277416953084055,0.0,0,0.0,1020.8246899971767,ev trop bas (-0.128)
2024-02-12,22300770,minnesota timberwolves,2.48,0.32523519491016656,-0.19341671662278692,0.0,1,0.0,1020.8246899971767,ev trop bas (-0.193)
2024-02-13,22300771,brooklyn nets,3.33,0.25035536879445547,-0.16631662191446328,0.0,0,0.0,1020.8246899971767,odds hors limites
2024-02-13,22300772,oklahoma city thunder,1.61,0.4997383399022113,-0.1954212727574398,0.0,1,0.0,1020.8246899971767,ev trop bas (-0.195)
2024-02-13,22300773,miami heat,3.0,0.277045951068152,-0.168862146795544,0.0,1,0.0,1020.8246899971767,odds hors limites
2024-02-13,22300774,phoenix suns,1.46,0.5344150678344284,-0.21975400096173459,0.0,1,0.0,1020.8246899971767,ev trop bas (-0.220)
2024-02-13,22300775,minnesota timberwolves,1.22,0.7307125893402665,-0.10853064100487486,0.0,1,0.0,1020.8246899971767,ev trop bas (-0.109)
2024-02-13,22300776,detroit pistons,5.18,0.19713443764793595,0.021156387016308065,0.0,0,0.0,1020.8246899971767,odds hors limites
2024-02-14,22300777,charlotte hornets,2.92,0.29519806228330386,-0.1380216581327527,0.0,1,0.0,1020.8246899971767,odds hors limites
2024-02-14,22300778,orlando magic,1.56,0.50254825296271,-0.2160247253781724,0.0,1,0.0,1020.8246899971767,ev trop bas (-0.216)
2024-02-14,22300779,miami heat,2.07,0.37803271683800466,-0.21747227614533038,0.0,1,0.0,1020.8246899971767,ev trop bas (-0.217)
2024-02-14,22300780,brooklyn nets,4.88,0.1917264711111732,-0.06437482097747482,0.0,0,0.0,1020.8246899971767,odds hors limites
2024-02-14,22300781,chicago bulls,3.85,0.25618550172484544,-0.013685818359345014,0.0,0,0.0,1020.8246899971767,odds hors limites
2024-02-14,22300782,indiana pacers,1.61,0.5615723566436401,-0.09586850580373929,0.0,1,0.0,1020.8246899971767,ev trop bas (-0.096)
2024-02-14,22300783,houston rockets,1.66,0.553695678337062,-0.0808651739604771,0.0,0,0.0,1020.8246899971767,ev trop bas (-0.081)
2024-02-14,22300784,washington wizards,6.2,0.15101321287746172,-0.06371808015973734,0.0,0,0.0,1020.8246899971767,odds hors limites
2024-02-14,22300785,san antonio spurs,4.63,0.21623987147284757,0.0011906049192842438,0.0,0,0.0,1020.8246899971767,odds hors limites
2024-02-14,22300786,denver nuggets,1.44,0.6020774273778202,-0.13300850457593894,0.0,0,0.0,1020.8246899971767,ev trop bas (-0.133)
2024-02-14,22300787,detroit pistons,5.88,0.17420193852904378,0.024307398550777348,0.0,0,0.0,1020.8246899971767,odds hors limites
2024-02-14,22300788,utah jazz,1.46,0.5374262033059882,-0.21535774317325718,0.0,0,0.0,1020.8246899971767,ev trop bas (-0.215)
2024-02-14,22300789,los angeles clippers,2.13,0.4096557080947476,-0.12743334175818766,0.0,1,0.0,1020.8246899971767,ev trop bas (-0.127)
2024-02-15,22300790,memphis grizzlies,6.1,0.1721609128940343,0.05018156865360912,0.0,1,0.0,1020.8246899971767,odds hors limites
2024-02-15,22300791,portland trail blazers,4.22,0.22359633105144872,-0.05642348296288646,0.0,0,0.0,1020.8246899971767,odds hors limites
2024-02-22,22300792,orlando magic,2.56,0.35411399521752573,-0.09346817224313408,0.0,1,0.0,1020.8246899971767,odds hors limites
2024-02-22,22300793,detroit pistons,5.25,0.1912163278570863,0.003885721249703211,0.0,0,0.0,1020.8246899971767,odds hors limites
2024-02-22,22300794,philadelphia 76ers,1.76,0.4772143558935652,-0.1601027336273252,0.0,0,0.0,1020.8246899971767,diff proba trop faible (0.048)
2024-02-22,22300795,brooklyn nets,1.89,0.5288387675114041,-0.0004947294034463035,0.0,0,0.0,1020.8246899971767,diff proba trop faible (0.062)
2024-02-22,22300796,dallas mavericks,1.65,0.4962715066019005,-0.1811520141068642,0.0,1,0.0,1020.8246899971767,ev trop bas (-0.181)
2024-02-22,22300797,chicago bulls,3.48,0.25377304356990565,-0.11686980837672833,0.0,0,0.0,1020.8246899971767,odds hors limites
2024-02-22,22300798,houston rockets,2.8,0.33887806463058184,-0.05114141903437086,0.0,0,0.0,1020.8246899971767,odds hors limites
2024-02-22,22300799,los angeles clippers,1.9,0.43606849954154614,-0.17146985087106237,0.0,0,0.0,1020.8246899971767,diff proba trop faible (0.019)
2024-02-22,22300800,washington wizards,7.3,0.15073939565682487,0.1003975882948216,0.0,0,0.0,1020.8246899971767,odds hors limites
2024-02-22,22300801,charlotte hornets,3.88,0.25875923825405417,0.003985844425730134,0.0,1,0.0,1020.8246899971767,odds hors limites
2024-02-22,22300802,los angeles lakers,2.63,0.31299234062441184,-0.17683014415779685,0.0,0,0.0,1020.8246899971767,odds hors limites
2024-02-22,22300803,san antonio spurs,4.25,0.21466891881513958,-0.08765709503565677,0.0,0,0.0,1020.8246899971767,odds hors limites
2024-02-23,22300804,atlanta hawks,1.3,0.6501165964554401,-0.15484842460792791,0.0,0,0.0,1020.8246899971767,ev trop bas (-0.155)
2024-02-23,22300805,cleveland cavaliers,1.67,0.48484824085759043,-0.190303437767824,0.0,0,0.0,1020.8246899971767,ev trop bas (-0.190)
2024-02-23,22300806,houston rockets,2.11,0.40349403480127555,-0.14862758656930863,0.0,1,0.0,1020.8246899971767,diff proba trop faible (0.060)
2024-02-23,22300807,memphis grizzlies,3.63,0.27436179490815,-0.004066684483415517,0.0,0,0.0,1020.8246899971767,odds hors limites
2024-02-23,22300808,minnesota timberwolves,1.47,0.5621693594464952,-0.17361104161365215,0.0,0,0.0,1020.8246899971767,ev trop bas (-0.174)
2024-02-23,22300809,washington wizards,7.68,0.14986912872467376,0.15099490860549447,0.0,0,0.0,1020.8246899971767,odds hors limites
2024-02-23,22300810,new orleans pelicans,1.67,0.519654349014293,-0.13217723714613072,0.0,0,0.0,1020.8246899971767,ev trop bas (-0.132)
2024-02-23,22300811,charlotte hornets,5.18,0.18866965000356645,-0.022691212981525877,0.0,0,0.0,1020.8246899971767,odds hors limites
2024-02-23,22300812,denver nuggets,1.24,0.7486430787354741,-0.07168258236801217,0.0,1,0.0,1020.8246899971767,ev trop bas (-0.072)
2024-02-23,22300813,san antonio spurs,4.22,0.22611521319886288,-0.045793800300798715,0.0,0,0.0,1020.8246899971767,odds hors limites
2024-02-24,22300814,orlando magic,1.26,0.6984477937225668,-0.11995577990956585,0.0,1,0.0,1020.8246899971767,ev trop bas (-0.120)
2024-02-24,22300815,minnesota timberwolves,1.26,0.7177796890163186,-0.0955975918394385,0.0,1,0.0,1020.8246899971767,ev trop bas (-0.096)
2024-02-24,22300816,new york knicks,2.75,0.33461906967640787,-0.07979755838987834,0.0,0,0.0,1020.8246899971767,odds hors limites
2024-02-25,22300817,philadelphia 76ers,2.47,0.36349874519058734,-0.10215809937924925,0.0,0,0.0,1020.8246899971767,ev trop bas (-0.102)
2024-02-25,22300818,los angeles lakers,2.2,0.41987719072655033,-0.07627018040158917,0.0,0,0.0,1020.8246899971767,ev trop bas (-0.076)
2024-02-25,22300819,indiana pacers,1.96,0.44319831225698797,-0.13133130797630355,0.0,1,0.0,1020.8246899971767,diff proba trop faible (0.044)
2024-02-25,22300820,washington wizards,5.97,0.1741422678782168,0.03962933923295431,0.0,0,0.0,1020.8246899971767,odds hors limites
2024-02-25,22300821,orlando magic,1.94,0.4809132933997464,-0.06702821080449195,0.0,0,0.0,1020.8246899971767,diff proba trop faible (0.003)
2024-02-25,22300822,oklahoma city thunder,1.36,0.6733327741903183,-0.08426742710116697,0.0,1,0.0,1020.8246899971767,ev trop bas (-0.084)
2024-02-25,22300823,chicago bulls,2.52,0.35105209040144036,-0.11534873218837027,0.0,1,0.0,1020.8246899971767,odds hors limites
2024-02-25,22300824,denver nuggets,1.96,0.42825343203644384,-0.16062327320857006,0.0,1,0.0,1020.8246899971767,diff proba trop faible (0.056)
2024-02-25,22300825,san antonio spurs,3.0,0.30739617970855876,-0.07781146087432367,0.0,0,0.0,1020.8246899971767,odds hors limites
2024-02-25,22300826,charlotte hornets,2.27,0.44814963220332027,0.01729966510153691,0.0,1,0.0,1020.8246899971767,ev trop bas (0.017)
2024-02-25,22300827,sacramento kings,2.29,0.39001773296308484,-0.10685939151453572,0.0,1,0.0,1020.8246899971767,ev trop bas (-0.107)
2024-02-26,22300828,new york knicks,1.13,0.8155011415251521,-0.07848371007657828,0.0,1,0.0,1020.8246899971767,odds hors limites
2024-02-26,22300829,indiana pacers,1.39,0.6240463389489359,-0.1325755888609792,0.0,0,0.0,1020.8246899971767,ev trop bas (-0.133)
2024-02-26,22300830,brooklyn nets,1.67,0.5800115869548724,-0.031380649785363035,0.0,1,0.0,1020.8246899971767,ev trop bas (-0.031)
2024-02-26,22300831,sacramento kings,1.31,0.683396516506709,-0.10475056337621125,0.0,0,0.0,1020.8246899971767,ev trop bas (-0.105)
2024-02-27,22300832,dallas mavericks,2.28,0.391733346091458,-0.10684797091147591,0.0,0,0.0,1020.8246899971767,ev trop bas (-0.107)
2024-02-27,22300833,brooklyn nets,2.88,0.3613795997856416,0.04077324738264787,0.0,0,0.0,1020.8246899971767,odds hors limites
2024-02-27,22300834,washington wizards,4.55,0.2136393824734484,-0.027940809745809814,0.0,0,0.0,1020.8246899971767,odds hors limites
2024-02-27,22300835,atlanta hawks,1.71,0.5361587342830272,-0.08316856437602349,0.0,1,0.0,1020.8246899971767,ev trop bas (-0.083)
2024-02-27,22300836,philadelphia 76ers,4.72,0.24905745995062215,0.17555121096693638,0.0,0,0.0,1020.8246899971767,odds hors limites
2024-02-27,22300837,new york knicks,2.79,0.31482050833138786,-0.12165078175542787,0.0,0,0.0,1020.8246899971767,odds hors limites
2024-02-27,22300838,san antonio spurs,5.63,0.19409363431596938,0.09274716119890747,0.0,0,0.0,1020.8246899971767,odds hors limites
2024-02-27,22300839,detroit pistons,4.43,0.20824204326515777,-0.0774877483353511,0.0,1,0.0,1020.8246899971767,odds hors limites
2024-02-27,22300840,charlotte hornets,6.13,0.1905429608285244,0.16802834987885462,0.0,0,0.0,1020.8246899971767,odds hors limites
2024-02-27,22300841,houston rockets,4.17,0.21103348434350944,-0.11999037028756565,0.0,0,0.0,1020.8246899971767,odds hors limites
2024-02-27,22300842,miami heat,1.3,0.6554950347925842,-0.1478564547696405,0.0,1,0.0,1020.8246899971767,ev trop bas (-0.148)
2024-02-28,22300843,new orleans pelicans,2.23,0.3915004280583907,-0.12695404542978872,0.0,0,0.0,1020.8246899971767,ev trop bas (-0.127)
2024-02-28,22300844,dallas mavericks,1.54,0.5511846487158711,-0.15117564097755842,0.0,1,0.0,1020.8246899971767,ev trop bas (-0.151)
2024-02-28,22300845,memphis grizzlies,5.73,0.17541271259081276,0.005114843145357151,0.0,0,0.0,1020.8246899971767,odds hors limites
2024-02-28,22300846,chicago bulls,2.54,0.39181050177624505,-0.00480132548833756,0.0,1,0.0,1020.8246899971767,odds hors limites
2024-02-28,22300847,sacramento kings,3.47,0.26212375880030486,-0.09043055696294211,0.0,0,0.0,1020.8246899971767,odds hors limites
2024-02-28,22300848,los angeles lakers,1.92,0.47255000757619486,-0.09270398545370595,0.0,1,0.0,1020.8246899971767,diff proba trop faible (0.005)
2024-02-29,22300849,charlotte hornets,4.92,0.2354577180456,0.15845197278435208,0.0,0,0.0,1020.8246899971767,odds hors limites
2024-02-29,22300850,orlando magic,1.32,0.6801769155113625,-0.10216647152500147,0.0,1,0.0,1020.8246899971767,ev trop bas (-0.102)
2024-02-29,22300851,brooklyn nets,1.78,0.5508604779286586,-0.019468349286987707,0.0,1,0.0,1020.8246899971767,diff proba trop faible (0.049)
2024-02-29,22300852,new york knicks,2.22,0.4210937661110031,-0.06517183923357306,0.0,0,0.0,1020.8246899971767,ev trop bas (-0.065)
2024-02-29,22300853,san antonio spurs,4.27,0.2509157800533991,0.07141038082801399,0.0,1,0.0,1020.8246899971767,odds hors limites
2024-02-29,22300854,houston rockets,3.52,0.2516459009314332,-0.11420642872135522,0.0,0,0.0,1020.8246899971767,odds hors limites
2024-02-29,22300855,denver nuggets,1.35,0.6943668525542985,-0.06260474905169688,0.0,1,0.0,1020.8246899971767,ev trop bas (-0.063)
2024-02-29,22300856,washington wizards,4.2,0.2267181016985221,-0.04778397286620706,0.0,0,0.0,1020.8246899971767,odds hors limites
2024-03-01,22300857,detroit pistons,2.92,0.3151466610892765,-0.07977174961931255,0.0,0,0.0,1020.8246899971767,odds hors limites
2024-03-01,22300858,charlotte hornets,5.22,0.21989688745942054,0.14786175253817513,0.0,0,0.0,1020.8246899971767,odds hors limites
2024-03-01,22300859,boston celtics,1.22,0.7512837660694265,-0.08343380539529976,0.0,1,0.0,1020.8246899971767,ev trop bas (-0.083)
2024-03-01,22300860,golden state warriors,1.61,0.5508564682342809,-0.11312108614280769,0.0,1,0.0,1020.8246899971767,ev trop bas (-0.113)
2024-03-01,22300861,memphis grizzlies,1.77,0.5314303167956381,-0.05936833927172047,0.0,0,0.0,1020.8246899971767,diff proba trop faible (0.067)
2024-03-01,22300862,minnesota timberwolves,1.26,0.7219919510457862,-0.09029014168230942,0.0,0,0.0,1020.8246899971767,ev trop bas (-0.090)
2024-03-01,22300863,new orleans pelicans,1.43,0.6806974354510419,-0.026602667305010153,0.0,1,0.0,1020.8246899971767,ev trop bas (-0.027)
2024-03-01,22300864,chicago bulls,2.24,0.470923475839995,0.05486858588158894,20.416493799943535,0,-20.416493799943535,1000.4081961972332,bet placed
2024-03-01,22300865,washington wizards,6.92,0.16130456080150626,0.11622756074642338,0.0,0,0.0,1000.4081961972332,odds hors limites
2024-03-02,22300866,brooklyn nets,1.86,0.5188406364801231,-0.03495641614697098,0.0,1,0.0,1000.4081961972332,diff proba trop faible (0.009)
2024-03-02,22300867,utah jazz,3.8,0.23923306984403617,-0.09091433459266263,0.0,0,0.0,1000.4081961972332,odds hors limites
2024-03-02,22300868,memphis grizzlies,1.64,0.5755769885063734,-0.056053738849547674,0.0,0,0.0,1000.4081961972332,ev trop bas (-0.056)
2024-03-02,22300869,los angeles lakers,1.87,0.5344450516322119,-0.0005877534477637392,0.0,0,0.0,1000.4081961972332,diff proba trop faible (0.026)
2024-03-02,22300870,houston rockets,3.8,0.2630674846526026,-0.00034355832011012666,0.0,1,0.0,1000.4081961972332,odds hors limites
2024-03-03,22300871,philadelphia 76ers,3.27,0.2862714436138089,-0.06389237938284487,0.0,1,0.0,1000.4081961972332,odds hors limites
2024-03-03,22300872,golden state warriors,3.42,0.27028424177341087,-0.07562789313493479,0.0,0,0.0,1000.4081961972332,odds hors limites
2024-03-03,22300873,los angeles clippers,2.03,0.4626618811887308,-0.06079638118687658,0.0,1,0.0,1000.4081961972332,ev trop bas (-0.061)
2024-03-03,22300874,detroit pistons,4.72,0.20227972515476844,-0.04523969726949295,0.0,0,0.0,1000.4081961972332,odds hors limites
2024-03-03,22300875,charlotte hornets,3.08,0.34337904900027477,0.05760747092084628,0.0,0,0.0,1000.4081961972332,odds hors limites
2024-03-03,22300876,new york knicks,2.31,0.3736151269478312,-0.13694905675050983,0.0,1,0.0,1000.4081961972332,ev trop bas (-0.137)
2024-03-03,22300877,san antonio spurs,2.84,0.33181784305492534,-0.057637325724012034,0.0,1,0.0,1000.4081961972332,odds hors limites
2024-03-03,22300878,oklahoma city thunder,1.5,0.5813712051324845,-0.12794319230127327,0.0,1,0.0,1000.4081961972332,ev trop bas (-0.128)
2024-03-04,22300879,memphis grizzlies,3.82,0.24055135683420917,-0.08109381689332107,0.0,1,0.0,1000.4081961972332,odds hors limites
2024-03-04,22300880,milwaukee bucks,2.05,0.4553902821815818,-0.06644992152775742,0.0,1,0.0,1000.4081961972332,ev trop bas (-0.066)
2024-03-04,22300881,portland trail blazers,6.6,0.1643752816452562,0.08487685885869078,0.0,0,0.0,1000.4081961972332,odds hors limites
2024-03-04,22300882,washington wizards,2.48,0.3743295042080962,-0.07166282956392145,0.0,0,0.0,1000.4081961972332,ev trop bas (-0.072)
2024-03-04,22300883,sacramento kings,1.35,0.6784480874005967,-0.08409508200919436,0.0,0,0.0,1000.4081961972332,ev trop bas (-0.084)
2024-03-04,22300884,los angeles lakers,1.87,0.4875506451915355,-0.08828029349182853,0.0,1,0.0,1000.4081961972332,diff proba trop faible (0.027)
2024-03-05,22300885,charlotte hornets,3.43,0.27900746068925797,-0.04300440983584508,0.0,0,0.0,1000.4081961972332,odds hors limites
2024-03-05,22300886,cleveland cavaliers,3.6,0.285944893651826,0.029401617146573633,0.0,1,0.0,1000.4081961972332,odds hors limites
2024-03-05,22300887,brooklyn nets,1.77,0.5822854127326663,0.030645180536819305,0.0,1,0.0,1000.4081961972332,ev trop bas (0.031)
2024-03-05,22300888,detroit pistons,4.8,0.20705360562903513,-0.0061426929806314146,0.0,0,0.0,1000.4081961972332,odds hors limites
2024-03-05,22300889,atlanta hawks,1.92,0.4704732320108134,-0.09669139453923825,0.0,1,0.0,1000.4081961972332,diff proba trop faible (0.042)
2024-03-05,22300890,toronto raptors,3.76,0.25294384253247465,-0.048931152077895335,0.0,0,0.0,1000.4081961972332,odds hors limites
2024-03-05,22300891,san antonio spurs,2.89,0.33722435775677534,-0.025421606082919213,0.0,0,0.0,1000.4081961972332,odds hors limites
2024-03-05,22300892,indiana pacers,2.57,0.3439588726484595,-0.11602569729345924,0.0,1,0.0,1000.4081961972332,odds hors limites
2024-03-05,22300893,denver nuggets,1.21,0.7473179954244116,-0.09574522553646203,0.0,0,0.0,1000.4081961972332,ev trop bas (-0.096)
2024-03-06,22300894,orlando magic,1.33,0.688571237128546,-0.0842002546190338,0.0,1,0.0,1000.4081961972332,ev trop bas (-0.084)
2024-03-06,22300895,cleveland cavaliers,2.1,0.4481038606088519,-0.05898189272141097,0.0,0,0.0,1000.4081961972332,ev trop bas (-0.059)
2024-03-06,22300896,philadelphia 76ers,1.5,0.6024722519494119,-0.09629162207588216,0.0,0,0.0,1000.4081961972332,ev trop bas (-0.096)
2024-03-06,22300897,houston rockets,2.84,0.3767858130713638,0.07007170912267302,0.0,0,0.0,1000.4081961972332,odds hors limites
2024-03-06,22300898,utah jazz,2.28,0.46047353798155227,0.049879666597939076,0.0,0,0.0,1000.4081961972332,ev trop bas (0.050)
2024-03-06,22300899,golden state warriors,1.62,0.5631773388882226,-0.0876527110010793,0.0,1,0.0,1000.4081961972332,ev trop bas (-0.088)
2024-03-06,22300900,portland trail blazers,5.57,0.1825448332332491,0.016774721109197532,0.0,0,0.0,1000.4081961972332,odds hors limites
2024-03-06,22300901,los angeles lakers,1.62,0.5711918123397699,-0.07466926400957274,0.0,0,0.0,1000.4081961972332,ev trop bas (-0.075)
2024-03-07,22300902,brooklyn nets,1.65,0.6080965270165293,0.003359269577273283,0.0,0,0.0,1000.4081961972332,ev trop bas (0.003)
2024-03-07,22300903,minnesota timberwolves,1.88,0.49463821921060863,-0.07008014788405581,0.0,1,0.0,1000.4081961972332,diff proba trop faible (0.026)
2024-03-07,22300904,dallas mavericks,1.47,0.572512346879973,-0.15840685008643973,0.0,1,0.0,1000.4081961972332,ev trop bas (-0.158)
2024-03-07,22300905,toronto raptors,4.43,0.21766183847940979,-0.035758055536214695,0.0,0,0.0,1000.4081961972332,odds hors limites
2024-03-07,22300906,boston celtics,1.69,0.5581406106158138,-0.056742368059274795,0.0,0,0.0,1000.4081961972332,ev trop bas (-0.057)
2024-03-07,22300907,golden state warriors,1.25,0.7206791326844056,-0.09915108414449292,0.0,0,0.0,1000.4081961972332,ev trop bas (-0.099)
2024-03-07,22300908,san antonio spurs,4.9,0.21334558189262415,0.04539335127385846,0.0,0,0.0,1000.4081961972332,odds hors limites
2024-03-08,22300909,philadelphia 76ers,3.25,0.29810967133625704,-0.03114356815716457,0.0,0,0.0,1000.4081961972332,odds hors limites
2024-03-08,22300910,charlotte hornets,2.08,0.4798273880927908,-0.0019590327669951613,0.0,0,0.0,1000.4081961972332,diff proba trop faible (0.070)
2024-03-08,22300911,cleveland cavaliers,1.73,0.5897571744458264,0.020279911791279748,0.0,1,0.0,1000.4081961972332,ev trop bas (0.020)
2024-03-08,22300912,new york knicks,1.66,0.5553067501792393,-0.07819079470246293,0.0,1,0.0,1000.4081961972332,ev trop bas (-0.078)
2024-03-08,22300913,memphis grizzlies,2.13,0.4291922391089791,-0.08582053069787465,0.0,0,0.0,1000.4081961972332,ev trop bas (-0.086)
2024-03-08,22300914,oklahoma city thunder,1.22,0.7224587043659751,-0.11860038067351031,0.0,1,0.0,1000.4081961972332,ev trop bas (-0.119)
2024-03-08,22300915,los angeles lakers,2.29,0.4306032953805364,-0.013918453578571688,0.0,1,0.0,1000.4081961972332,ev trop bas (-0.014)
2024-03-08,22300916,houston rockets,1.33,0.6791788355107393,-0.09669214877071663,0.0,1,0.0,1000.4081961972332,ev trop bas (-0.097)
2024-03-09,22300917,los angeles clippers,1.25,0.7337293713388229,-0.08283828582647135,0.0,1,0.0,1000.4081961972332,ev trop bas (-0.083)
2024-03-09,22300918,charlotte hornets,2.73,0.3859098533048961,0.0535338995223662,0.0,1,0.0,1000.4081961972332,odds hors limites
2024-03-09,22300919,detroit pistons,3.57,0.27091810053527515,-0.032822381089067765,0.0,0,0.0,1000.4081961972332,odds hors limites
2024-03-09,22300920,boston celtics,1.39,0.6409335847880255,-0.10910231714464458,0.0,1,0.0,1000.4081961972332,ev trop bas (-0.109)
2024-03-09,22300921,san antonio spurs,5.02,0.23386916303264083,0.17402319842385694,0.0,1,0.0,1000.4081961972332,odds hors limites
2024-03-09,22300922,utah jazz,5.25,0.20411702327260356,0.07161437218116862,0.0,0,0.0,1000.4081961972332,odds hors limites
2024-03-09,22300923,toronto raptors,1.61,0.5655393876725939,-0.08948158584712373,0.0,0,0.0,1000.4081961972332,ev trop bas (-0.089)
2024-03-10,22300924,los angeles clippers,2.89,0.3452196919171869,-0.0023150903593298633,0.0,0,0.0,1000.4081961972332,odds hors limites
2024-03-10,22300925,atlanta hawks,2.75,0.35862611706599506,-0.013778178068513558,0.0,0,0.0,1000.4081961972332,odds hors limites
2024-03-10,22300926,washington wizards,4.87,0.1853059844994796,-0.09755985548753432,0.0,1,0.0,1000.4081961972332,odds hors limites
2024-03-10,22300927,philadelphia 76ers,2.99,0.33447491600172674,7.999884516296518e-05,0.0,1,0.0,1000.4081961972332,odds hors limites
2024-03-10,22300928,orlando magic,1.89,0.5514505663127234,0.04224157033104703,0.0,0,0.0,1000.4081961972332,diff proba trop faible (0.042)
2024-03-10,22300929,houston rockets,2.94,0.3160631326135862,-0.07077439011605657,0.0,1,0.0,1000.4081961972332,odds hors limites
2024-03-10,22300930,brooklyn nets,2.92,0.3753649533944267,0.09606566391172588,0.0,1,0.0,1000.4081961972332,odds hors limites
2024-03-10,22300931,memphis grizzlies,6.87,0.17450279909685162,0.1988342297953707,0.0,0,0.0,1000.4081961972332,odds hors limites
2024-03-10,22300932,minnesota timberwolves,2.5,0.3601154434547295,-0.0997113913631762,0.0,0,0.0,1000.4081961972332,ev trop bas (-0.100)
2024-03-11,22300933,charlotte hornets,2.47,0.40559783898722473,0.0018266622984450809,0.0,0,0.0,1000.4081961972332,ev trop bas (0.002)
2024-03-11,22300934,cleveland cavaliers,2.78,0.4083450928947552,0.13519935824741935,0.0,0,0.0,1000.4081961972332,odds hors limites
2024-03-11,22300935,chicago bulls,2.23,0.42509913803050403,-0.05202892219197597,0.0,0,0.0,1000.4081961972332,ev trop bas (-0.052)
2024-03-11,22300936,san antonio spurs,2.43,0.44500403886918416,0.08135981445211748,20.008163923944664,0,-20.008163923944664,980.4000322732886,bet placed
2024-03-11,22300937,toronto raptors,7.9,0.15896298214029453,0.25580755890832685,0.0,0,0.0,980.4000322732886,odds hors limites
2024-03-11,22300938,portland trail blazers,4.83,0.23339730761410937,0.12730899577614818,0.0,0,0.0,980.4000322732886,odds hors limites
2024-03-12,22300939,philadelphia 76ers,2.67,0.37684269418748045,0.0061699934805727885,0.0,0,0.0,980.4000322732886,odds hors limites
2024-03-12,22300940,memphis grizzlies,2.01,0.47744279626059805,-0.040339979516198055,0.0,1,0.0,980.4000322732886,diff proba trop faible (0.056)
2024-03-12,22300941,indiana pacers,2.61,0.3741525112153834,-0.02346194572784932,0.0,1,0.0,980.4000322732886,odds hors limites
2024-03-12,22300942,san antonio spurs,2.12,0.48659876805427005,0.03158938827505264,0.0,0,0.0,980.4000322732886,ev trop bas (0.032)
2024-03-12,22300943,utah jazz,2.84,0.3345270759249015,-0.049943104373279756,0.0,0,0.0,980.4000322732886,odds hors limites
2024-03-12,22300944,minnesota timberwolves,2.7,0.3696269033560886,-0.002007360938560687,0.0,1,0.0,980.4000322732886,odds hors limites
2024-03-12,22300945,milwaukee bucks,1.92,0.490284110067054,-0.05865450867125632,0.0,0,0.0,980.4000322732886,diff proba trop faible (0.037)
2024-03-13,22300946,toronto raptors,2.17,0.47416163387648524,0.028930745511972944,0.0,0,0.0,980.4000322732886,ev trop bas (0.029)
2024-03-13,22300947,brooklyn nets,2.69,0.3847402300807209,0.03495121891713926,0.0,0,0.0,980.4000322732886,odds hors limites
2024-03-13,22300948,chicago bulls,2.44,0.40880206184754364,-0.0025229690919935654,0.0,1,0.0,980.4000322732886,ev trop bas (-0.003)
2024-03-13,22300949,miami heat,2.19,0.44903392604010717,-0.01661570197216533,0.0,0,0.0,980.4000322732886,ev trop bas (-0.017)
2024-03-13,22300950,memphis grizzlies,2.05,0.47133148798833147,-0.03377044962392062,0.0,0,0.0,980.4000322732886,ev trop bas (-0.034)
2024-03-13,22300951,cleveland cavaliers,2.51,0.437901718654585,0.09913331382300816,0.0,1,0.0,980.4000322732886,odds hors limites
2024-03-13,22300952,golden state warriors,3.33,0.2766120231999697,-0.07888196274410086,0.0,0,0.0,980.4000322732886,odds hors limites
2024-03-13,22300953,portland trail blazers,2.35,0.4103789620123539,-0.03560943927096827,0.0,1,0.0,980.4000322732886,ev trop bas (-0.036)
2024-03-13,22300954,sacramento kings,2.03,0.45113797878381856,-0.08418990306884844,0.0,1,0.0,980.4000322732886,ev trop bas (-0.084)
2024-03-14,22300955,boston celtics,1.38,0.6314524099464267,-0.12859567427393126,0.0,1,0.0,980.4000322732886,ev trop bas (-0.129)
2024-03-14,22300956,chicago bulls,2.74,0.35381969273423297,-0.030534041908201637,0.0,0,0.0,980.4000322732886,odds hors limites
2024-03-14,22300957,washington wizards,3.53,0.2963372633304445,0.046070539556469114,0.0,0,0.0,980.4000322732886,odds hors limites
2024-03-14,22300958,philadelphia 76ers,3.1,0.33176437512821166,0.02846956289745628,0.0,0,0.0,980.4000322732886,odds hors limites
2024-03-14,22300959,dallas mavericks,4.22,0.24873349102016776,0.04965533210510786,0.0,0,0.0,980.4000322732886,odds hors limites
2024-03-14,22300960,portland trail blazers,5.13,0.22170817883443245,0.13736295742063853,0.0,0,0.0,980.4000322732886,odds hors limites
2024-03-15,22300961,charlotte hornets,4.33,0.2697916588939208,0.16819788301067717,0.0,0,0.0,980.4000322732886,odds hors limites
2024-03-15,22300962,detroit pistons,3.24,0.3534308770383123,0.14511604160413194,0.0,0,0.0,980.4000322732886,odds hors limites
2024-03-15,22300963,toronto raptors,3.1,0.31041503874454845,-0.03771337989189971,0.0,0,0.0,980.4000322732886,odds hors limites
2024-03-15,22300964,los angeles clippers,2.77,0.36741027056827896,0.01772644947413271,0.0,0,0.0,980.4000322732886,odds hors limites
2024-03-15,22300965,san antonio spurs,4.27,0.29584540801306636,0.26325989221579316,0.0,0,0.0,980.4000322732886,odds hors limites
2024-03-15,22300966,utah jazz,1.89,0.49110009925157233,-0.07182081241452831,0.0,1,0.0,980.4000322732886,diff proba trop faible (0.030)
2024-03-16,22300967,houston rockets,2.48,0.3932553159280084,-0.02472681649853925,0.0,1,0.0,980.4000322732886,ev trop bas (-0.025)
2024-03-16,22300968,brooklyn nets,3.28,0.35392327473524626,0.16086834113160764,0.0,0,0.0,980.4000322732886,odds hors limites
2024-03-16,22300969,charlotte hornets,4.1,0.2707045264213802,0.10988855832765876,0.0,0,0.0,980.4000322732886,odds hors limites
2024-03-16,22300970,portland trail blazers,5.77,0.1732830441807643,-0.0001568350769901583,0.0,0,0.0,980.4000322732886,odds hors limites
2024-03-16,22300971,washington wizards,3.87,0.2659750505491279,0.02932344562512501,0.0,0,0.0,980.4000322732886,odds hors limites
2024-03-16,22300972,memphis grizzlies,4.33,0.25654877945227506,0.11085621502835097,0.0,0,0.0,980.4000322732886,odds hors limites
2024-03-16,22300973,los angeles lakers,1.71,0.5499532520786815,-0.05957993894545466,0.0,0,0.0,980.4000322732886,ev trop bas (-0.060)
2024-03-16,22300974,minnesota timberwolves,1.27,0.7339913292770404,-0.06783101181815876,0.0,1,0.0,980.4000322732886,ev trop bas (-0.068)
2024-03-16,22300975,new york knicks,2.12,0.4683361600101629,-0.007127340778454561,0.0,1,0.0,980.4000322732886,ev trop bas (-0.007)
2024-03-17,22300976,milwaukee bucks,2.1,0.44663303404159427,-0.06207062851265199,0.0,1,0.0,980.4000322732886,ev trop bas (-0.062)
2024-03-17,22300977,detroit pistons,2.54,0.4373769311904023,0.11093740522362183,0.0,0,0.0,980.4000322732886,odds hors limites
2024-03-17,22300978,dallas mavericks,1.87,0.48767243315941644,-0.08805254999189116,0.0,1,0.0,980.4000322732886,diff proba trop faible (0.019)
2024-03-17,22300979,toronto raptors,4.72,0.20755685375587468,-0.020331650272271573,0.0,0,0.0,980.4000322732886,odds hors limites
2024-03-17,22300980,washington wizards,6.78,0.2043664353863715,0.3856044319195988,0.0,0,0.0,980.4000322732886,odds hors limites
2024-03-17,22300981,brooklyn nets,1.94,0.5511112765258568,0.06915587646016208,0.0,0,0.0,980.4000322732886,diff proba trop faible (0.048)
2024-03-17,22300982,atlanta hawks,3.97,0.2720131661183487,0.07989226948984429,0.0,1,0.0,980.4000322732886,odds hors limites
2024-03-18,22300983,cleveland cavaliers,2.83,0.3465638075237554,-0.019224424707772303,0.0,1,0.0,980.4000322732886,odds hors limites
2024-03-18,22300984,detroit pistons,6.82,0.1717326718444293,0.171216821979008,0.0,0,0.0,980.4000322732886,odds hors limites
2024-03-18,22300985,miami heat,2.07,0.49710757811235573,0.029012686692576173,0.0,0,0.0,980.4000322732886,ev trop bas (0.029)
2024-03-18,22300986,portland trail blazers,3.38,0.27261238763179163,-0.07857012980454436,0.0,0,0.0,980.4000322732886,odds hors limites
2024-03-18,22300987,utah jazz,2.35,0.4017809039941513,-0.05581487561374443,0.0,0,0.0,980.4000322732886,ev trop bas (-0.056)
2024-03-18,22300988,new york knicks,2.75,0.34715288100841707,-0.045329577226853046,0.0,1,0.0,980.4000322732886,odds hors limites
2024-03-18,22300989,memphis grizzlies,4.55,0.24548081555193066,0.11693771076128456,0.0,0,0.0,980.4000322732886,odds hors limites
2024-03-18,22300990,atlanta hawks,3.83,0.3002088243096203,0.1497997971058458,0.0,0,0.0,980.4000322732886,odds hors limites
2024-03-19,22300991,charlotte hornets,5.5,0.18785452991530358,0.033199914534169706,0.0,0,0.0,980.4000322732886,odds hors limites
2024-03-19,22300992,washington wizards,4.08,0.26199475399369254,0.06893859629426569,0.0,0,0.0,980.4000322732886,odds hors limites
2024-03-19,22300993,brooklyn nets,2.93,0.35468452331541395,0.039225653314162834,0.0,0,0.0,980.4000322732886,odds hors limites
2024-03-19,22300994,san antonio spurs,3.46,0.3308025591366594,0.14457685461284142,0.0,0,0.0,980.4000322732886,odds hors limites
2024-03-19,22300995,minnesota timberwolves,3.0,0.3744421479571516,0.12332644387145475,0.0,0,0.0,980.4000322732886,odds hors limites
2024-03-20,22300996,miami heat,2.04,0.5293893762476011,0.07995432754510623,19.608000645465772,1,20.392320671284402,1000.792352944573,bet placed
2024-03-20,22300997,detroit pistons,4.68,0.26670136634240843,0.24816239448247135,0.0,0,0.0,1000.792352944573,odds hors limites
2024-03-20,22300998,milwaukee bucks,4.3,0.22137556047674573,-0.04808508994999339,0.0,0,0.0,1000.792352944573,odds hors limites
2024-03-20,22300999,toronto raptors,4.65,0.2396964233095289,0.11458836838930941,0.0,0,0.0,1000.792352944573,odds hors limites
2024-03-20,22301000,utah jazz,6.8,0.16553723563610395,0.1256532023255068,0.0,0,0.0,1000.792352944573,odds hors limites
2024-03-20,22301001,memphis grizzlies,4.55,0.25626620827446805,0.16601124764882957,0.0,0,0.0,1000.792352944573,odds hors limites
2024-03-20,22301002,philadelphia 76ers,3.97,0.24464843491234353,-0.028745713397996142,0.0,0,0.0,1000.792352944573,odds hors limites
2024-03-20,22301003,portland trail blazers,4.52,0.2523660314556997,0.14069446217976256,0.0,0,0.0,1000.792352944573,odds hors limites
2024-03-21,22301004,orlando magic,2.02,0.5093958488888022,0.028979614755380467,0.0,1,0.0,1000.792352944573,diff proba trop faible (0.043)
2024-03-21,22301005,washington wizards,4.38,0.24580361525027436,0.07661983479620171,0.0,1,0.0,1000.792352944573,odds hors limites
2024-03-21,22301006,chicago bulls,2.16,0.45906109216784324,-0.008428040917458524,0.0,0,0.0,1000.792352944573,ev trop bas (-0.008)
2024-03-21,22301007,brooklyn nets,4.07,0.29166114789714925,0.18706087194139753,0.0,0,0.0,1000.792352944573,odds hors limites
2024-03-21,22301008,utah jazz,6.1,0.16549767005880098,0.009535787358685877,0.0,0,0.0,1000.792352944573,odds hors limites
2024-03-21,22301009,new york knicks,3.56,0.2782255720694761,-0.009516963432664949,0.0,0,0.0,1000.792352944573,odds hors limites
2024-03-21,22301010,atlanta hawks,3.63,0.33840693527467236,0.22841717504706072,0.0,0,0.0,1000.792352944573,odds hors limites
2024-03-22,22301011,detroit pistons,5.58,0.2252517746512793,0.25690490255413856,0.0,0,0.0,1000.792352944573,odds hors limites
2024-03-22,22301012,toronto raptors,7.15,0.16463925464633075,0.17717067072126502,0.0,0,0.0,1000.792352944573,odds hors limites
2024-03-22,22301013,miami heat,1.61,0.6555217666958275,0.05539004438028239,20.015847058891463,0,-20.015847058891463,980.7765058856816,bet placed
2024-03-22,22301014,cleveland cavaliers,3.03,0.3613933994573383,0.09502200035573494,0.0,0,0.0,980.7765058856816,odds hors limites
2024-03-22,22301015,memphis grizzlies,2.8,0.35893921362186515,0.005029798141222397,0.0,1,0.0,980.7765058856816,odds hors limites
2024-03-22,22301016,indiana pacers,2.37,0.4079248181996781,-0.03321818086676287,0.0,1,0.0,980.7765058856816,ev trop bas (-0.033)
2024-03-22,22301017,portland trail blazers,6.48,0.1766530618692147,0.14471184091251144,0.0,0,0.0,980.7765058856816,odds hors limites
2024-03-22,22301018,philadelphia 76ers,3.17,0.34063660541067053,0.0798180391518255,0.0,0,0.0,980.7765058856816,odds hors limites
2024-03-23,22301019,new york knicks,1.3,0.7548201156317328,-0.01873384967874736,0.0,1,0.0,980.7765058856816,ev trop bas (-0.019)
2024-03-23,22301020,orlando magic,1.61,0.6312435213001776,0.016302069293286037,0.0,0,0.0,980.7765058856816,ev trop bas (0.016)
2024-03-23,22301021,atlanta hawks,1.29,0.7329802061318379,-0.05445553408992909,0.0,1,0.0,980.7765058856816,ev trop bas (-0.054)
2024-03-23,22301022,toronto raptors,2.64,0.36649333682379537,-0.03245759078518018,0.0,0,0.0,980.7765058856816,odds hors limites
2024-03-23,22301023,chicago bulls,2.58,0.3874072363173745,-0.0004893303011737071,0.0,0,0.0,980.7765058856816,odds hors limites
2024-03-23,22301024,utah jazz,4.1,0.23794855630542425,-0.024410919147760723,0.0,0,0.0,980.7765058856816,odds hors limites
2024-03-23,22301025,san antonio spurs,4.12,0.26727996920316394,0.10119347311703542,0.0,0,0.0,980.7765058856816,odds hors limites
2024-03-23,22301026,portland trail blazers,4.08,0.25307469553265005,0.03254475777321231,0.0,0,0.0,980.7765058856816,odds hors limites
2024-03-24,22301027,detroit pistons,6.75,0.18533768999120814,0.25102940744065494,0.0,0,0.0,980.7765058856816,odds hors limites
2024-03-24,22301028,philadelphia 76ers,3.7,0.3110498612212664,0.15088448651868558,0.0,1,0.0,980.7765058856816,odds hors limites
2024-03-24,22301029,cleveland cavaliers,2.21,0.4990134848505348,0.10281980151968195,19.615530117713632,0,-19.615530117713632,961.1609757679679,bet placed
2024-03-24,22301030,milwaukee bucks,1.63,0.616527529491909,0.004939873071811762,0.0,1,0.0,961.1609757679679,ev trop bas (0.005)
2024-03-24,22301031,minnesota timberwolves,1.63,0.6002010827040297,-0.021672235192431666,0.0,1,0.0,961.1609757679679,ev trop bas (-0.022)
2024-03-24,22301032,los angeles lakers,1.65,0.6139515263062941,0.013020018405385247,0.0,1,0.0,961.1609757679679,ev trop bas (0.013)
2024-03-25,22301033,cleveland cavaliers,1.13,0.8026210768012926,-0.0930381832145395,0.0,1,0.0,961.1609757679679,odds hors limites
2024-03-25,22301034,atlanta hawks,4.45,0.2641297366968637,0.17537732830104336,0.0,1,0.0,961.1609757679679,odds hors limites
2024-03-25,22301035,detroit pistons,7.58,0.1630254690246964,0.23573305520719856,0.0,0,0.0,961.1609757679679,odds hors limites
2024-03-25,22301036,brooklyn nets,1.34,0.7232845322928201,-0.030798726727621073,0.0,1,0.0,961.1609757679679,ev trop bas (-0.031)
2024-03-25,22301037,washington wizards,5.37,0.2194886296795168,0.17865394137900514,0.0,1,0.0,961.1609757679679,odds hors limites
2024-03-25,22301038,portland trail blazers,6.33,0.16562666948390173,0.048416817833097925,0.0,0,0.0,961.1609757679679,odds hors limites
2024-03-25,22301039,san antonio spurs,4.85,0.22963647589490283,0.11373690809027859,0.0,1,0.0,961.1609757679679,odds hors limites
2024-03-25,22301040,memphis grizzlies,5.9,0.18676383076478795,0.10190660151224895,0.0,0,0.0,961.1609757679679,odds hors limites
2024-03-25,22301041,dallas mavericks,1.26,0.7158642874954734,-0.09801099775570354,0.0,1,0.0,961.1609757679679,ev trop bas (-0.098)
2024-03-25,22301042,philadelphia 76ers,3.02,0.3647314254504674,0.10148890486041151,0.0,0,0.0,961.1609757679679,odds hors limites
2024-03-25,22301043,los angeles clippers,1.36,0.7036216683566571,-0.043074531034946295,0.0,0,0.0,961.1609757679679,ev trop bas (-0.043)
2024-03-26,22301044,miami heat,2.51,0.4281883193822915,0.07475268164955162,0.0,0,0.0,961.1609757679679,odds hors limites
2024-03-26,22301045,los angeles lakers,3.83,0.26687368295344494,0.022126205711694213,0.0,1,0.0,961.1609757679679,odds hors limites
2024-03-26,22301046,new orleans pelicans,1.86,0.565204517454894,0.05128040246610288,19.223219515359357,0,-19.223219515359357,941.9377562526086,bet placed
2024-03-26,22301047,sacramento kings,1.79,0.5510640594724123,-0.013595333544381916,0.0,0,0.0,941.9377562526086,ev trop bas (-0.014)
2024-03-27,22301048,cleveland cavaliers,1.18,0.7772723743423611,-0.08281859827601401,0.0,0,0.0,941.9377562526086,odds hors limites
2024-03-27,22301049,golden state warriors,2.25,0.4434922748792538,-0.0021423815216790043,0.0,1,0.0,941.9377562526086,ev trop bas (-0.002)
2024-03-27,22301050,washington wizards,2.23,0.43511969264286326,-0.029683085406414955,0.0,0,0.0,941.9377562526086,ev trop bas (-0.030)
2024-03-27,22301051,portland trail blazers,4.75,0.19734573695292396,-0.06260774947361125,0.0,0,0.0,941.9377562526086,odds hors limites
2024-03-27,22301052,philadelphia 76ers,2.78,0.4003237516973049,0.11290002971850743,0.0,0,0.0,941.9377562526086,odds hors limites
2024-03-27,22301053,toronto raptors,5.92,0.17986258851368817,0.06478652400103391,0.0,0,0.0,941.9377562526086,odds hors limites
2024-03-27,22301054,chicago bulls,2.12,0.5132452552685269,0.0880799411692772,0.0,1,0.0,941.9377562526086,diff proba trop faible (0.023)
2024-03-27,22301055,memphis grizzlies,2.31,0.440330619929727,0.01716373203766941,0.0,0,0.0,941.9377562526086,ev trop bas (0.017)
2024-03-27,22301056,detroit pistons,7.45,0.1414728440119729,0.05397268788919818,0.0,0,0.0,941.9377562526086,odds hors limites
2024-03-27,22301057,oklahoma city thunder,1.46,0.6456578336348724,-0.05733956289308628,0.0,0,0.0,941.9377562526086,ev trop bas (-0.057)
2024-03-27,22301058,san antonio spurs,2.23,0.4212286305661789,-0.06066015383742107,0.0,1,0.0,941.9377562526086,ev trop bas (-0.061)
2024-03-27,22301059,phoenix suns,2.64,0.4079577991075028,0.07700858964380752,0.0,1,0.0,941.9377562526086,odds hors limites
2024-03-28,22301060,atlanta hawks,6.37,0.19292068612321783,0.22890477060489767,0.0,1,0.0,941.9377562526086,odds hors limites
2024-03-28,22301061,milwaukee bucks,1.67,0.610283624721466,0.019173653284848324,0.0,0,0.0,941.9377562526086,ev trop bas (0.019)
2024-03-29,22301062,charlotte hornets,5.1,0.22313729822033287,0.13800022092369768,0.0,0,0.0,941.9377562526086,odds hors limites
2024-03-29,22301063,los angeles lakers,2.19,0.40768468915411804,-0.10717053075248151,0.0,0,0.0,941.9377562526086,ev trop bas (-0.107)
2024-03-29,22301064,orlando magic,1.9,0.5266548654044431,0.0006442442684417848,0.0,0,0.0,941.9377562526086,diff proba trop faible (0.034)
2024-03-29,22301065,detroit pistons,2.13,0.4918904699984558,0.047726701096710844,0.0,1,0.0,941.9377562526086,ev trop bas (0.048)
2024-03-29,22301066,chicago bulls,1.59,0.610058557430628,-0.030006893685301517,0.0,0,0.0,941.9377562526086,ev trop bas (-0.030)
2024-03-29,22301067,cleveland cavaliers,1.31,0.7182161934856958,-0.05913678653373855,0.0,1,0.0,941.9377562526086,ev trop bas (-0.059)
2024-03-29,22301068,portland trail blazers,5.88,0.18132237820571223,0.06617558384958788,0.0,0,0.0,941.9377562526086,odds hors limites
2024-03-29,22301069,phoenix suns,1.68,0.5907198742257003,-0.007590611300823613,0.0,0,0.0,941.9377562526086,ev trop bas (-0.008)
2024-03-29,22301070,san antonio spurs,3.3,0.28271745009215055,-0.06703241469590326,0.0,1,0.0,941.9377562526086,odds hors limites
2024-03-29,22301071,denver nuggets,1.59,0.6217039788973621,-0.01149067355319422,0.0,0,0.0,941.9377562526086,ev trop bas (-0.011)
2024-03-29,22301072,utah jazz,3.25,0.2819602232173994,-0.08362927454345204,0.0,0,0.0,941.9377562526086,odds hors limites
2024-03-29,22301073,sacramento kings,1.82,0.5147025454118727,-0.06324136735039176,0.0,0,0.0,941.9377562526086,ev trop bas (-0.063)
2024-03-30,22301074,new orleans pelicans,2.66,0.4018717114415829,0.0689787524346106,0.0,0,0.0,941.9377562526086,odds hors limites
2024-03-30,22301075,memphis grizzlies,5.27,0.20058559472480053,0.05708608419969874,0.0,0,0.0,941.9377562526086,odds hors limites
2024-03-30,22301076,atlanta hawks,2.41,0.38964014778203065,-0.06096724384530605,0.0,0,0.0,941.9377562526086,ev trop bas (-0.061)
2024-03-31,22301077,cleveland cavaliers,2.36,0.4194270397285245,-0.010152186240682148,0.0,0,0.0,941.9377562526086,ev trop bas (-0.010)
2024-03-31,22301078,brooklyn nets,2.82,0.35557518418322476,0.002722019396693698,0.0,0,0.0,941.9377562526086,odds hors limites
2024-03-31,22301079,charlotte hornets,6.3,0.18623726008170258,0.1732947385147261,0.0,0,0.0,941.9377562526086,odds hors limites
2024-03-31,22301080,philadelphia 76ers,1.19,0.79033563048112,-0.05950059972746724,0.0,1,0.0,941.9377562526086,odds hors limites
2024-03-31,22301081,washington wizards,4.68,0.24137535858953835,0.12963667819903946,0.0,0,0.0,941.9377562526086,odds hors limites
2024-03-31,22301082,new york knicks,1.93,0.5020913202654387,-0.030963751887703395,0.0,0,0.0,941.9377562526086,diff proba trop faible (0.016)
2024-03-31,22301083,houston rockets,2.21,0.4133181167462821,-0.08656696199071656,0.0,0,0.0,941.9377562526086,ev trop bas (-0.087)
2024-03-31,22301084,chicago bulls,3.63,0.29496132025376404,0.07070959252116338,0.0,1,0.0,941.9377562526086,odds hors limites
2024-03-31,22301085,san antonio spurs,4.02,0.2537339175513203,0.020010348556307456,0.0,0,0.0,941.9377562526086,odds hors limites
2024-03-31,22301086,utah jazz,5.62,0.18814349922617124,0.05736646565108239,0.0,0,0.0,941.9377562526086,odds hors limites
2024-04-01,22301087,charlotte hornets,7.72,0.18414810020580266,0.42162333358879645,0.0,0,0.0,941.9377562526086,odds hors limites
2024-04-01,22301088,detroit pistons,1.61,0.6275943326869196,0.010426875625940468,0.0,0,0.0,941.9377562526086,ev trop bas (0.010)
2024-04-01,22301089,brooklyn nets,5.0,0.22233135065074544,0.11165675325372715,0.0,0,0.0,941.9377562526086,odds hors limites
2024-04-01,22301090,portland trail blazers,7.23,0.15163444509063612,0.09631703800529912,0.0,0,0.0,941.9377562526086,odds hors limites
2024-04-01,22301091,chicago bulls,1.66,0.5645959158773723,-0.06277077964356192,0.0,0,0.0,941.9377562526086,ev trop bas (-0.063)
2024-04-01,22301092,new orleans pelicans,1.71,0.5996271176709106,0.02536237121725704,0.0,0,0.0,941.9377562526086,ev trop bas (0.025)
2024-04-02,22301093,philadelphia 76ers,1.6,0.5846126489998532,-0.06461976160023486,0.0,1,0.0,941.9377562526086,ev trop bas (-0.065)
2024-04-02,22301094,toronto raptors,5.8,0.18984279665887452,0.10108822062147227,0.0,0,0.0,941.9377562526086,odds hors limites
2024-04-02,22301095,washington wizards,5.98,0.21729794780933007,0.29944172789979384,0.0,1,0.0,941.9377562526086,odds hors limites
2024-04-02,22301096,miami heat,1.63,0.6229381937466085,0.015389255806971924,0.0,1,0.0,941.9377562526086,ev trop bas (0.015)
2024-04-05,22301097,golden state warriors,1.81,0.5045615310713455,-0.08674362876086461,0.0,0,0.0,941.9377562526086,diff proba trop faible (0.043)
2024-04-02,22301098,houston rockets,3.02,0.3275950405428309,-0.01066297756065071,0.0,0,0.0,941.9377562526086,odds hors limites
2024-04-02,22301099,san antonio spurs,6.75,0.16909944447200523,0.14142125018603524,0.0,0,0.0,941.9377562526086,odds hors limites
2024-04-02,22301100,utah jazz,3.9,0.2638936272917885,0.029185146437975096,0.0,0,0.0,941.9377562526086,odds hors limites
2024-04-02,22301101,sacramento kings,1.61,0.6072193374217725,-0.0223768667509463,0.0,1,0.0,941.9377562526086,ev trop bas (-0.022)
2024-04-03,22301102,portland trail blazers,1.9,0.5081212108520194,-0.034569699381163055,0.0,1,0.0,941.9377562526086,diff proba trop faible (0.052)
2024-04-03,22301103,washington wizards,5.6,0.22571733626087345,0.2640170830608912,0.0,0,0.0,941.9377562526086,odds hors limites
2024-04-03,22301104,detroit pistons,4.83,0.2023375528358093,-0.022709619803041092,0.0,0,0.0,941.9377562526086,odds hors limites
2024-04-03,22301105,oklahoma city thunder,5.17,0.19264106228098163,-0.004045708007324955,0.0,0,0.0,941.9377562526086,odds hors limites
2024-04-03,22301106,brooklyn nets,2.88,0.325303635150329,-0.06312553076705252,0.0,1,0.0,941.9377562526086,odds hors limites
2024-04-03,22301107,memphis grizzlies,5.43,0.18851850897269756,0.02365550372174763,0.0,1,0.0,941.9377562526086,odds hors limites
2024-04-03,22301108,toronto raptors,7.32,0.15896058175907288,0.16359145847641354,0.0,0,0.0,941.9377562526086,odds hors limites
2024-04-03,22301109,new orleans pelicans,1.44,0.671219880562985,-0.033443371989301696,0.0,0,0.0,941.9377562526086,ev trop bas (-0.033)
2024-04-03,22301110,cleveland cavaliers,2.66,0.37984113875329395,0.010377429083761935,0.0,0,0.0,941.9377562526086,odds hors limites
2024-04-04,22301111,miami heat,1.59,0.6385197491039538,0.01524640107528663,0.0,0,0.0,941.9377562526086,ev trop bas (0.015)
2024-04-04,22301112,new york knicks,1.54,0.6354743059562695,-0.021369568827344865,0.0,1,0.0,941.9377562526086,ev trop bas (-0.021)
2024-04-04,22301113,houston rockets,2.11,0.5042796887595493,0.06403014328264889,18.83875512505217,0,-18.83875512505217,923.0990011275563,bet placed
2024-04-04,22301114,los angeles clippers,2.11,0.4978350306164881,0.050431914600789884,0.0,1,0.0,923.0990011275563,diff proba trop faible (0.060)
2024-04-05,22301115,charlotte hornets,5.0,0.20885912871060142,0.04429564355300708,0.0,1,0.0,923.0990011275563,odds hors limites
2024-04-05,22301116,oklahoma city thunder,2.77,0.3579340170554932,-0.00852277275628377,0.0,0,0.0,923.0990011275563,odds hors limites
2024-04-05,22301117,portland trail blazers,2.02,0.5019477299237616,0.0139344144459983,0.0,1,0.0,923.0990011275563,diff proba trop faible (0.063)
2024-04-05,22301118,sacramento kings,3.66,0.2755269040461965,0.008428468809079215,0.0,0,0.0,923.0990011275563,odds hors limites
2024-04-05,22301119,chicago bulls,1.86,0.527151498890359,-0.01949821206393232,0.0,1,0.0,923.0990011275563,diff proba trop faible (0.026)
2024-04-05,22301120,miami heat,1.54,0.6566136918231159,0.01118508540759855,0.0,1,0.0,923.0990011275563,ev trop bas (0.011)
2024-04-05,22301121,detroit pistons,1.84,0.5968376407243506,0.09818125893280527,18.461980022551128,0,-18.461980022551128,904.6370211050053,bet placed
2024-04-05,22301122,toronto raptors,5.58,0.18897382491904538,0.05447394304827324,0.0,1,0.0,904.6370211050053,odds hors limites
2024-04-05,22301123,san antonio spurs,4.97,0.22034942673630997,0.09513665087946044,0.0,1,0.0,904.6370211050053,odds hors limites
2024-04-04,22301124,atlanta hawks,4.87,0.20388940983541592,-0.00705857410152444,0.0,0,0.0,904.6370211050053,odds hors limites
2024-04-05,22301125,minnesota timberwolves,2.35,0.419283325570895,-0.014684184908396736,0.0,0,0.0,904.6370211050053,ev trop bas (-0.015)
2024-04-05,22301126,utah jazz,5.22,0.19435845914751182,0.014551156750011618,0.0,0,0.0,904.6370211050053,odds hors limites
2024-04-06,22301127,cleveland cavaliers,2.42,0.40483105082143533,-0.02030885701212648,0.0,0,0.0,904.6370211050053,ev trop bas (-0.020)
2024-04-06,22301128,detroit pistons,3.92,0.2699710640719176,0.058286571161917156,0.0,0,0.0,904.6370211050053,odds hors limites
2024-04-06,22301129,memphis grizzlies,6.17,0.1754322313267227,0.08241686728587894,0.0,0,0.0,904.6370211050053,odds hors limites
2024-04-06,22301130,atlanta hawks,4.35,0.24060356411017697,0.04662550387926978,0.0,0,0.0,904.6370211050053,odds hors limites
2024-04-07,22301131,houston rockets,3.73,0.25844349631198343,-0.03600575875630174,0.0,0,0.0,904.6370211050053,odds hors limites
2024-04-07,22301132,cleveland cavaliers,2.25,0.4878287988660002,0.09761479744850043,18.092740422100107,0,-18.092740422100107,886.5442806829052,bet placed
2024-04-07,22301133,miami heat,2.05,0.5341881153601715,0.09508563648835144,0.0,0,0.0,886.5442806829052,diff proba trop faible (0.027)
2024-04-07,22301134,portland trail blazers,6.77,0.16372657986726916,0.10842894570141204,0.0,0,0.0,886.5442806829052,odds hors limites
2024-04-07,22301135,charlotte hornets,3.15,0.34256344766567887,0.07907486014688847,0.0,0,0.0,886.5442806829052,odds hors limites
2024-04-07,22301136,chicago bulls,2.98,0.34864033556148716,0.038948199973231734,0.0,0,0.0,886.5442806829052,odds hors limites
2024-04-07,22301137,washington wizards,2.38,0.455471374986239,0.08402187246724879,17.730885613658103,0,-17.730885613658103,868.8133950692471,bet placed
2024-04-07,22301138,new orleans pelicans,2.59,0.42049082625590734,0.08907124000279998,0.0,1,0.0,868.8133950692471,odds hors limites
2024-04-07,22301139,new york knicks,2.29,0.43010419870890176,-0.01506138495661491,0.0,1,0.0,868.8133950692471,ev trop bas (-0.015)
2024-04-07,22301140,san antonio spurs,2.28,0.40657042730218473,-0.07301942575101894,0.0,0,0.0,868.8133950692471,ev trop bas (-0.073)
2024-04-07,22301141,brooklyn nets,4.12,0.23598142370231662,-0.02775653434645553,0.0,0,0.0,868.8133950692471,odds hors limites
2024-04-07,22301142,utah jazz,4.97,0.20304861233583912,0.009151603309120349,0.0,0,0.0,868.8133950692471,odds hors limites
2024-04-07,22301143,minnesota timberwolves,1.66,0.5787649376987667,-0.03925020342004737,0.0,1,0.0,868.8133950692471,ev trop bas (-0.039)
2024-04-09,22301144,charlotte hornets,5.23,0.2529208241892567,0.3227759105098127,0.0,0,0.0,868.8133950692471,odds hors limites
2024-04-09,22301145,detroit pistons,6.53,0.17100944750427288,0.11669169220290199,0.0,0,0.0,868.8133950692471,odds hors limites
2024-04-09,22301146,toronto raptors,5.8,0.19327176570979412,0.12097624111680583,0.0,0,0.0,868.8133950692471,odds hors limites
2024-04-09,22301147,atlanta hawks,2.16,0.46807702065179646,0.011046364607880443,0.0,0,0.0,868.8133950692471,ev trop bas (0.011)
2024-04-09,22301148,boston celtics,2.19,0.5014387768613707,0.0981509213264018,17.376267901384942,0,-17.376267901384942,851.4371271678622,bet placed
2024-04-09,22301149,chicago bulls,2.43,0.4196770257354791,0.01981517253721421,0.0,0,0.0,851.4371271678622,ev trop bas (0.020)
2024-04-09,22301150,houston rockets,2.02,0.4503796070632985,-0.09023319373213701,0.0,1,0.0,851.4371271678622,ev trop bas (-0.090)
2024-04-09,22301151,memphis grizzlies,2.55,0.44476765475954194,0.13415751963683187,0.0,0,0.0,851.4371271678622,odds hors limites
2024-04-09,22301152,washington wizards,7.88,0.15579617979987154,0.22767389682298766,0.0,0,0.0,851.4371271678622,odds hors limites
2024-04-09,22301153,sacramento kings,2.51,0.43105836642766165,0.08195649973343055,0.0,0,0.0,851.4371271678622,odds hors limites
2024-04-09,22301154,utah jazz,7.13,0.16113852850281524,0.14891770822507255,0.0,0,0.0,851.4371271678622,odds hors limites
2024-04-09,22301155,los angeles lakers,1.97,0.4859031596885359,-0.042770775413584206,0.0,0,0.0,851.4371271678622,diff proba trop faible (0.055)
2024-04-09,22301156,phoenix suns,1.21,0.7843741244793963,-0.0509073093799306,0.0,0,0.0,851.4371271678622,ev trop bas (-0.051)
2024-04-09,22301157,portland trail blazers,5.95,0.1889243408600533,0.12409982811731712,0.0,0,0.0,851.4371271678622,odds hors limites
2024-04-10,22301158,memphis grizzlies,7.47,0.15088666279394036,0.12712337107073446,0.0,0,0.0,851.4371271678622,odds hors limites
2024-04-10,22301159,charlotte hornets,3.77,0.26849634395710514,0.012231216718286309,0.0,1,0.0,851.4371271678622,odds hors limites
2024-04-10,22301160,toronto raptors,4.76,0.22258034786666375,0.059482455845319304,0.0,0,0.0,851.4371271678622,odds hors limites
2024-04-10,22301161,miami heat,2.0,0.4686122060483341,-0.06277558790333182,0.0,0,0.0,851.4371271678622,diff proba trop faible (0.057)
2024-04-10,22301162,orlando magic,1.67,0.6360054016136113,0.06212902069473092,17.028742543357243,0,-17.028742543357243,834.408384624505,bet placed
2024-04-10,22301163,san antonio spurs,7.03,0.18063861229079264,0.2698894444042723,0.0,0,0.0,834.408384624505,odds hors limites
2024-04-10,22301164,minnesota timberwolves,3.03,0.3247003306787043,-0.016157998043526023,0.0,0,0.0,834.408384624505,odds hors limites
2024-04-10,22301165,los angeles clippers,4.37,0.2403713632894293,0.050422857574806024,0.0,0,0.0,834.408384624505,odds hors limites
2024-04-11,22301166,detroit pistons,4.35,0.2376235023668983,0.03366223529600765,0.0,0,0.0,834.408384624505,odds hors limites
2024-04-11,22301167,new york knicks,2.1,0.4805508767752577,0.009156841228041168,0.0,1,0.0,834.408384624505,ev trop bas (0.009)
2024-04-11,22301168,utah jazz,4.37,0.2234845153565875,-0.02337266789171255,0.0,1,0.0,834.408384624505,odds hors limites
2024-04-11,22301169,portland trail blazers,5.58,0.19740121592754714,0.10149878487571296,0.0,0,0.0,834.408384624505,odds hors limites
2024-04-11,22301170,sacramento kings,1.71,0.6109705404412198,0.044759624154485866,0.0,0,0.0,834.408384624505,ev trop bas (0.045)
2024-04-12,22301171,orlando magic,2.66,0.3807536386846177,0.012804678901083166,0.0,0,0.0,834.408384624505,odds hors limites
2024-04-12,22301172,washington wizards,1.7,0.5730051487612784,-0.025891247105826798,0.0,0,0.0,834.408384624505,ev trop bas (-0.026)
2024-04-12,22301173,charlotte hornets,2.87,0.3581082413509047,0.02777065267709644,0.0,0,0.0,834.408384624505,odds hors limites
2024-04-12,22301174,cleveland cavaliers,1.62,0.5651162123935567,-0.0845117359224381,0.0,1,0.0,834.408384624505,ev trop bas (-0.085)
2024-04-12,22301175,brooklyn nets,4.7,0.19817439153226604,-0.06858035979834953,0.0,0,0.0,834.408384624505,odds hors limites
2024-04-12,22301176,toronto raptors,5.82,0.17270247793647098,0.005128421590261167,0.0,0,0.0,834.408384624505,odds hors limites
2024-04-12,22301177,memphis grizzlies,6.33,0.16560119243341512,0.04825554810351762,0.0,0,0.0,834.408384624505,odds hors limites
2024-04-12,22301178,atlanta hawks,5.05,0.20242312801023313,0.0222367964516772,0.0,0,0.0,834.408384624505,odds hors limites
2024-04-12,22301179,milwaukee bucks,5.5,0.20669032873044144,0.136796808017428,0.0,0,0.0,834.408384624505,odds hors limites
2024-04-12,22301180,san antonio spurs,4.57,0.24192657044213267,0.10560442692054628,0.0,1,0.0,834.408384624505,odds hors limites
2024-04-12,22301181,detroit pistons,4.62,0.2000930621276655,-0.07557005297018538,0.0,1,0.0,834.408384624505,odds hors limites
2024-04-12,22301182,new orleans pelicans,2.34,0.4593834548299763,0.07495728430214443,16.6881676924901,1,22.362144707936732,856.7705293324417,bet placed
2024-04-12,22301183,portland trail blazers,2.63,0.378855891417928,-0.0036090055708493107,0.0,0,0.0,856.7705293324417,odds hors limites
2024-04-12,22301184,utah jazz,6.67,0.161765086030507,0.07897312382348165,0.0,1,0.0,856.7705293324417,odds hors limites
2024-04-12,22301185,sacramento kings,2.36,0.4399550868038212,0.03829400485701795,0.0,0,0.0,856.7705293324417,ev trop bas (0.038)
2024-04-14,22301186,washington wizards,3.82,0.2752140178152793,0.05131754805436706,0.0,0,0.0,856.7705293324417,odds hors limites
2024-04-14,22301187,charlotte hornets,5.68,0.20541767018663443,0.16677236666008355,0.0,1,0.0,856.7705293324417,odds hors limites
2024-04-14,22301188,atlanta hawks,5.72,0.19360658323718985,0.10742965611672584,0.0,0,0.0,856.7705293324417,odds hors limites
2024-04-14,22301189,toronto raptors,6.83,0.16517033883424714,0.1281134142379079,0.0,0,0.0,856.7705293324417,odds hors limites
2024-04-14,22301190,chicago bulls,5.08,0.19700527004422624,0.0007867718246692412,0.0,0,0.0,856.7705293324417,odds hors limites
2024-04-14,22301191,orlando magic,1.38,0.7272880701577934,0.003657536817754714,0.0,1,0.0,856.7705293324417,ev trop bas (0.004)
2024-04-14,22301192,brooklyn nets,5.13,0.21678992308419368,0.11213230542191344,0.0,0,0.0,856.7705293324417,odds hors limites
2024-04-14,22301193,memphis grizzlies,5.45,0.19512350396733422,0.06342309662197154,0.0,0,0.0,856.7705293324417,odds hors limites
2024-04-14,22301194,minnesota timberwolves,1.66,0.6071247580068159,0.007827098291314227,0.0,0,0.0,856.7705293324417,ev trop bas (0.008)
2024-04-14,22301195,new orleans pelicans,1.7,0.5558445864743167,-0.05506420299366166,0.0,0,0.0,856.7705293324417,ev trop bas (-0.055)
2024-04-14,22301196,dallas mavericks,7.63,0.16590479229015628,0.26585356517389247,0.0,0,0.0,856.7705293324417,odds hors limites
2024-04-14,22301197,detroit pistons,2.41,0.4134114111343015,-0.0036784991663332267,0.0,0,0.0,856.7705293324417,ev trop bas (-0.004)
2024-04-14,22301198,utah jazz,4.18,0.22056900436469046,-0.07802156175559394,0.0,0,0.0,856.7705293324417,odds hors limites
2024-04-14,22301199,los angeles clippers,2.28,0.40876089756765094,-0.06802515354575589,0.0,0,0.0,856.7705293324417,ev trop bas (-0.068)
2024-04-14,22301200,portland trail blazers,7.18,0.15957817170950048,0.14577127287421332,0.0,0,0.0,856.7705293324417,odds hors limites
2023-12-06,22301205,cleveland cavaliers,1.5,0.5405814627359261,-0.18912780589611078,0.0,1,0.0,856.7705293324417,ev trop bas (-0.189)
2023-12-06,22301206,detroit pistons,1.92,0.44388967758311293,-0.1477318190404232,0.0,0,0.0,856.7705293324417,diff proba trop faible (0.057)
2023-12-06,22301207,toronto raptors,1.48,0.5728533519103775,-0.15217703917264136,0.0,0,0.0,856.7705293324417,ev trop bas (-0.152)
2023-12-06,22301208,philadelphia 76ers,1.16,0.7153957687255728,-0.1701409082783356,0.0,1,0.0,856.7705293324417,odds hors limites
2023-12-06,22301209,atlanta hawks,1.53,0.5758171119478264,-0.11899981871982568,0.0,0,0.0,856.7705293324417,ev trop bas (-0.119)
2023-12-06,22301210,san antonio spurs,5.07,0.20399453947516072,0.03425231513906479,0.0,0,0.0,856.7705293324417,odds hors limites
2023-12-06,22301211,charlotte hornets,2.39,0.37018705058419227,-0.11525294910378048,0.0,0,0.0,856.7705293324417,ev trop bas (-0.115)
2023-12-06,22301212,houston rockets,1.95,0.484518710725298,-0.05518851408566894,0.0,1,0.0,856.7705293324417,diff proba trop faible (0.046)
2023-12-06,22301213,utah jazz,4.52,0.19823819127153397,-0.10396337545266654,0.0,0,0.0,856.7705293324417,odds hors limites
2023-12-06,22301214,portland trail blazers,5.07,0.21224045545129952,0.07605910913808867,0.0,0,0.0,856.7705293324417,odds hors limites
2023-12-06,22301215,los angeles clippers,1.82,0.4434917688699633,-0.19284498065666678,0.0,1,0.0,856.7705293324417,diff proba trop faible (0.014)
2023-12-08,22301216,charlotte hornets,2.55,0.36559184452101584,-0.06774079647140963,0.0,1,0.0,856.7705293324417,odds hors limites
2023-12-08,22301217,detroit pistons,4.08,0.24946008429677743,0.017797143930851966,0.0,0,0.0,856.7705293324417,odds hors limites
2023-12-08,22301218,atlanta hawks,3.65,0.25187734489677954,-0.08064769112675474,0.0,0,0.0,856.7705293324417,odds hors limites
2023-12-08,22301219,brooklyn nets,1.19,0.6943063393964458,-0.17377545611822953,0.0,1,0.0,856.7705293324417,odds hors limites
2023-12-08,22301220,cleveland cavaliers,1.75,0.5140774828777304,-0.10036440496397181,0.0,1,0.0,856.7705293324417,ev trop bas (-0.100)
2023-12-08,22301221,memphis grizzlies,2.61,0.3879465684915272,0.012540543762886047,0.0,0,0.0,856.7705293324417,odds hors limites
2023-12-08,22301222,oklahoma city thunder,1.56,0.571082969133036,-0.10911056815246378,0.0,1,0.0,856.7705293324417,ev trop bas (-0.109)
2023-12-08,22301223,san antonio spurs,2.0,0.4657239125079869,-0.06855217498402622,0.0,0,0.0,856.7705293324417,diff proba trop faible (0.059)
2023-12-08,22301224,houston rockets,3.45,0.26740275615310316,-0.077460491271794,0.0,1,0.0,856.7705293324417,odds hors limites
2023-12-08,22301225,utah jazz,3.25,0.28536318839861596,-0.07256963770449809,0.0,0,0.0,856.7705293324417,odds hors limites
2023-12-08,22301226,portland trail blazers,4.02,0.2357291875937865,-0.05236866587297839,0.0,0,0.0,856.7705293324417,odds hors limites
2023-12-08,22301227,boston celtics,1.26,0.5921921802269727,-0.2538378529140144,0.0,1,0.0,856.7705293324417,ev trop bas (-0.254)
2023-12-08,22301228,sacramento kings,1.62,0.4515683926507859,-0.26845920390572675,0.0,1,0.0,856.7705293324417,ev trop bas (-0.268)
2024-04-21,42300101,miami heat,6.07,0.20154404143344135,0.223372331500989,0.0,0,0.0,856.7705293324417,odds hors limites
2024-04-24,42300102,miami heat,6.05,0.22346924767867346,0.3519889484559744,0.0,1,0.0,856.7705293324417,odds hors limites
2024-04-27,42300103,miami heat,3.91,0.28673438481414215,0.12113144462329584,0.0,0,0.0,856.7705293324417,odds hors limites
2024-04-29,42300104,miami heat,4.22,0.30087983790566974,0.26971291596192626,0.0,0,0.0,856.7705293324417,odds hors limites
2024-05-01,42300105,miami heat,5.88,0.21152089412762162,0.24374285747041502,0.0,0,0.0,856.7705293324417,odds hors limites
2024-04-20,42300111,new york knicks,1.49,0.642828121848874,-0.042186098445177844,0.0,1,0.0,856.7705293324417,ev trop bas (-0.042)
2024-04-22,42300112,new york knicks,1.48,0.6737584692267998,-0.0028374655443362817,0.0,1,0.0,856.7705293324417,ev trop bas (-0.003)
2024-04-25,42300113,new york knicks,2.6,0.3753207375450337,-0.02416608238291229,0.0,0,0.0,856.7705293324417,odds hors limites
2024-04-28,42300114,new york knicks,2.51,0.4133132083141486,0.03741615286851285,0.0,1,0.0,856.7705293324417,odds hors limites
2024-04-30,42300115,new york knicks,1.5,0.6674798820669245,0.0012198231003868187,0.0,0,0.0,856.7705293324417,ev trop bas (0.001)
2024-05-02,42300116,new york knicks,2.12,0.4712786370406049,-0.0008892894739175317,0.0,1,0.0,856.7705293324417,ev trop bas (-0.001)
2024-04-21,42300121,milwaukee bucks,1.86,0.5260053121896989,-0.02163011932715997,0.0,1,0.0,856.7705293324417,diff proba trop faible (0.003)
2024-04-23,42300122,milwaukee bucks,1.75,0.5476994235433651,-0.04152600879911106,0.0,0,0.0,856.7705293324417,ev trop bas (-0.042)
2024-04-26,42300123,milwaukee bucks,2.8,0.36036944555921085,0.009034447565790416,0.0,0,0.0,856.7705293324417,odds hors limites
2024-04-28,42300124,milwaukee bucks,3.71,0.2629265984690829,-0.02454231967970244,0.0,0,0.0,856.7705293324417,odds hors limites
2024-04-30,42300125,milwaukee bucks,2.44,0.3920396478443735,-0.043423259259728675,0.0,1,0.0,856.7705293324417,ev trop bas (-0.043)
2024-05-02,42300126,milwaukee bucks,2.66,0.37439249182068995,-0.004115971756964654,0.0,0,0.0,856.7705293324417,odds hors limites
2024-04-20,42300131,orlando magic,2.58,0.3939988556720267,0.016517047633828996,0.0,0,0.0,856.7705293324417,odds hors limites
2024-04-22,42300132,cleveland cavaliers,1.41,0.6724979590102522,-0.051777877795544436,0.0,1,0.0,856.7705293324417,ev trop bas (-0.052)
2024-04-25,42300133,orlando magic,1.61,0.602410233243869,-0.030119524477370874,0.0,1,0.0,856.7705293324417,ev trop bas (-0.030)
2024-04-27,42300134,orlando magic,1.65,0.6017676454113918,-0.007083385071203541,0.0,1,0.0,856.7705293324417,ev trop bas (-0.007)
2024-04-30,42300135,orlando magic,2.35,0.40815584036034375,-0.0408337751531922,0.0,0,0.0,856.7705293324417,ev trop bas (-0.041)
2024-05-03,42300136,cleveland cavaliers,2.36,0.4346632404591064,0.02580524748349111,0.0,0,0.0,856.7705293324417,ev trop bas (0.026)
2024-05-05,42300137,orlando magic,2.15,0.45681162203375153,-0.017855012627434275,0.0,0,0.0,856.7705293324417,ev trop bas (-0.018)
2024-04-21,42300141,new orleans pelicans,3.57,0.297201616584298,0.061009771205943863,0.0,0,0.0,856.7705293324417,odds hors limites
2024-04-24,42300142,new orleans pelicans,3.03,0.3510401181838795,0.06365155809715484,0.0,0,0.0,856.7705293324417,odds hors limites
2024-04-27,42300143,new orleans pelicans,1.88,0.5284386883854579,-0.0065352658353391435,0.0,0,0.0,856.7705293324417,diff proba trop faible (0.021)
2024-04-29,42300144,new orleans pelicans,2.42,0.4109462567071673,-0.005510058768655179,0.0,0,0.0,856.7705293324417,ev trop bas (-0.006)
2024-04-20,42300151,los angeles lakers,2.89,0.3665537283563748,0.05934027494992322,0.0,0,0.0,856.7705293324417,odds hors limites
2024-04-22,42300152,los angeles lakers,2.95,0.36804894343028116,0.08574438311932941,0.0,0,0.0,856.7705293324417,odds hors limites
2024-04-25,42300153,los angeles lakers,1.75,0.5895553634655911,0.031721886064784544,0.0,0,0.0,856.7705293324417,ev trop bas (0.032)
2024-04-27,42300154,los angeles lakers,2.2,0.4555258449539849,0.0021568588987668225,0.0,1,0.0,856.7705293324417,ev trop bas (0.002)
2024-04-29,42300155,los angeles lakers,2.73,0.4019956121969232,0.09744802129760033,0.0,0,0.0,856.7705293324417,odds hors limites
2024-04-20,42300161,minnesota timberwolves,1.67,0.6062662576436807,0.012464650264946808,0.0,1,0.0,856.7705293324417,ev trop bas (0.012)
2024-04-23,42300162,minnesota timberwolves,1.6,0.6253617914667126,0.0005788663467400923,0.0,1,0.0,856.7705293324417,ev trop bas (0.001)
2024-04-26,42300163,minnesota timberwolves,2.69,0.4128599245719119,0.11059319709844306,0.0,1,0.0,856.7705293324417,odds hors limites
2024-04-28,42300164,minnesota timberwolves,1.83,0.5543854270960551,0.014525331585780954,0.0,1,0.0,856.7705293324417,diff proba trop faible (0.049)
2024-04-21,42300171,los angeles clippers,2.25,0.43434730550315637,-0.022718562617898175,0.0,1,0.0,856.7705293324417,ev trop bas (-0.023)
2024-04-23,42300172,dallas mavericks,1.88,0.4946483113518178,-0.07006117465858253,0.0,1,0.0,856.7705293324417,diff proba trop faible (0.018)
2024-04-26,42300173,los angeles clippers,2.37,0.3968926014869901,-0.05936453447583334,0.0,0,0.0,856.7705293324417,ev trop bas (-0.059)
2024-04-28,42300174,los angeles clippers,2.9,0.34062497824614424,-0.01218756308618174,0.0,1,0.0,856.7705293324417,odds hors limites
2024-05-01,42300175,los angeles clippers,2.07,0.4874008392470522,0.008919737241398051,0.0,0,0.0,856.7705293324417,ev trop bas (0.009)
2024-05-03,42300176,los angeles clippers,3.42,0.3151937272212245,0.0779625470965879,0.0,0,0.0,856.7705293324417,odds hors limites
2024-05-07,42300201,cleveland cavaliers,5.3,0.19718054171527388,0.04505687109095158,0.0,0,0.0,856.7705293324417,odds hors limites
2024-05-09,42300202,cleveland cavaliers,5.17,0.21181929615910397,0.09510576114256741,0.0,1,0.0,856.7705293324417,odds hors limites
2024-05-11,42300203,boston celtics,1.28,0.7573507066670857,-0.030591095466130258,0.0,1,0.0,856.7705293324417,ev trop bas (-0.031)
2024-05-13,42300204,cleveland cavaliers,4.98,0.2147335425391771,0.06937304184510196,0.0,0,0.0,856.7705293324417,odds hors limites
2024-05-15,42300205,cleveland cavaliers,7.2,0.18336322728140758,0.3202152364261346,0.0,0,0.0,856.7705293324417,odds hors limites
2024-05-06,42300211,new york knicks,1.41,0.6883457053338742,-0.02943255547923751,0.0,1,0.0,856.7705293324417,ev trop bas (-0.029)
2024-05-08,42300212,new york knicks,1.49,0.6479837643281338,-0.03450419115108072,0.0,1,0.0,856.7705293324417,ev trop bas (-0.035)
2024-05-10,42300213,new york knicks,3.01,0.3535196278522683,0.06409407983532756,0.0,0,0.0,856.7705293324417,odds hors limites
2024-05-12,42300214,new york knicks,2.65,0.4145900744455344,0.09866369728066626,0.0,0,0.0,856.7705293324417,odds hors limites
2024-05-14,42300215,new york knicks,1.76,0.6131477503601455,0.07914004063385605,17.135410586648835,1,13.022912045853115,869.7934413782948,bet placed
2024-05-17,42300216,new york knicks,2.52,0.4341435278689312,0.09404169022970654,0.0,0,0.0,869.7934413782948,odds hors limites
2024-05-19,42300217,new york knicks,1.6,0.6398718673545546,0.02379498776728739,0.0,0,0.0,869.7934413782948,ev trop bas (0.024)
2024-05-07,42300221,oklahoma city thunder,1.47,0.6295098005829126,-0.07462059314311842,0.0,1,0.0,869.7934413782948,ev trop bas (-0.075)
2024-05-09,42300222,dallas mavericks,2.43,0.3923678268060411,-0.04654618086132012,0.0,1,0.0,869.7934413782948,ev trop bas (-0.047)
2024-05-11,42300223,oklahoma city thunder,1.97,0.4961200004845658,-0.02264359904540547,0.0,0,0.0,869.7934413782948,ev trop bas (-0.023)
2024-05-13,42300224,dallas mavericks,1.73,0.5507826850635335,-0.0471459548400871,0.0,0,0.0,869.7934413782948,diff proba trop faible (0.059)
2024-05-15,42300225,dallas mavericks,2.34,0.409312930983827,-0.0422077414978449,0.0,1,0.0,869.7934413782948,ev trop bas (-0.042)
2024-05-18,42300226,oklahoma city thunder,2.26,0.476631182030572,0.07718647138909263,17.395868827565895,0,-17.395868827565895,852.3975725507289,bet placed
2024-05-04,42300231,minnesota timberwolves,2.35,0.432775813632815,0.01702316203711529,0.0,1,0.0,852.3975725507289,ev trop bas (0.017)
2024-05-06,42300232,minnesota timberwolves,3.04,0.3310344893583065,0.006344847649251806,0.0,1,0.0,852.3975725507289,odds hors limites
2024-05-10,42300233,minnesota timberwolves,1.55,0.6408135923050055,-0.006738931927241509,0.0,0,0.0,852.3975725507289,ev trop bas (-0.007)
2024-05-12,42300234,minnesota timberwolves,1.52,0.6570973902397422,-0.0012119668355917712,0.0,0,0.0,852.3975725507289,ev trop bas (-0.001)
2024-05-14,42300235,minnesota timberwolves,2.37,0.476226389680629,0.12865654354309086,17.04795145101458,0,-17.04795145101458,835.3496210997143,bet placed
2024-05-16,42300236,minnesota timberwolves,1.7,0.6251862931944653,0.0628166984305909,16.706992421994286,1,11.694894695396,847.0445157951103,bet placed
2024-05-19,42300237,denver nuggets,1.46,0.6626780496156939,-0.03249004756108698,0.0,0,0.0,847.0445157951103,ev trop bas (-0.032)
2024-05-21,42300301,indiana pacers,3.88,0.2521102565628828,-0.021812204536014845,0.0,0,0.0,847.0445157951103,odds hors limites
2024-05-23,42300302,boston celtics,1.4,0.6664850169998894,-0.06692097620015491,0.0,1,0.0,847.0445157951103,ev trop bas (-0.067)
2024-05-25,42300303,indiana pacers,2.88,0.33469414435646766,-0.0360808642533732,0.0,0,0.0,847.0445157951103,odds hors limites
2024-05-27,42300304,indiana pacers,3.0,0.31540236982110315,-0.05379289053669056,0.0,0,0.0,847.0445157951103,odds hors limites
2024-05-22,42300311,minnesota timberwolves,1.46,0.6441860457729146,-0.05948837317154465,0.0,0,0.0,847.0445157951103,ev trop bas (-0.059)
2024-05-24,42300312,minnesota timberwolves,1.34,0.715697934073846,-0.04096476834104634,0.0,0,0.0,847.0445157951103,ev trop bas (-0.041)
2024-05-26,42300313,minnesota timberwolves,1.87,0.5538564806745475,0.03571161886140395,0.0,0,0.0,847.0445157951103,diff proba trop faible (0.058)
2024-05-28,42300314,minnesota timberwolves,1.89,0.5299558060189115,0.0016164733757426664,0.0,1,0.0,847.0445157951103,diff proba trop faible (0.012)
2024-05-30,42300315,minnesota timberwolves,1.43,0.6711917959310456,-0.04019573181860481,0.0,0,0.0,847.0445157951103,ev trop bas (-0.040)
2024-06-06,42300401,boston celtics,1.48,0.5861581766527337,-0.1324858985539541,0.0,1,0.0,847.0445157951103,ev trop bas (-0.132)
2024-06-09,42300402,boston celtics,1.31,0.7087611507488173,-0.07152289251904931,0.0,1,0.0,847.0445157951103,ev trop bas (-0.072)
2024-06-12,42300403,boston celtics,2.09,0.46516911590244797,-0.02779654776388385,0.0,1,0.0,847.0445157951103,ev trop bas (-0.028)
2024-06-14,42300404,dallas mavericks,1.87,0.5242462144062565,-0.019659579060300247,0.0,1,0.0,847.0445157951103,diff proba trop faible (0.015)
2024-06-17,42300405,boston celtics,1.32,0.675651430814937,-0.10814011132428314,0.0,1,0.0,847.0445157951103,ev trop bas (-0.108)
2024-04-17,52300101,miami heat,2.55,0.3896532765659409,-0.006384144756850785,0.0,0,0.0,847.0445157951103,odds hors limites
2024-04-17,52300111,atlanta hawks,2.14,0.44892646419401067,-0.03929736662481709,0.0,0,0.0,847.0445157951103,ev trop bas (-0.039)
2024-04-16,52300121,new orleans pelicans,1.77,0.5662966167092203,0.0023450115753198553,0.0,0,0.0,847.0445157951103,ev trop bas (0.002)
2024-04-16,52300131,sacramento kings,2.08,0.5569505493244005,0.15845714259475296,0.0,1,0.0,847.0445157951103,diff proba trop faible (0.024)
2024-04-19,52300201,miami heat,1.66,0.6012292339454353,-0.0019594716505775267,0.0,1,0.0,847.0445157951103,ev trop bas (-0.002)
2024-04-19,52300211,new orleans pelicans,1.78,0.5859490380320566,0.042989287697060785,0.0,1,0.0,847.0445157951103,diff proba trop faible (0.052)
