date,game_id,team,odds,prob,ev,stake,won,gain,bankroll
2022-10-18,22200001.0,boston celtics,1.63,0.6839929064100556,0.11490843744839058,50.0,1,31.499999999999993,1031.5
2022-10-18,22200002.0,golden state warriors,1.28,0.8045415741656274,0.029813214932003146,51.575,1,14.441000000000003,1045.941
2022-10-19,22200003.0,detroit pistons,1.61,0.5235147291977534,-0.15714128599161692,0.0,1,0.0,1045.941
2022-10-19,22200004.0,indiana pacers,2.06,0.5748167781198492,0.18412256292688944,52.297050000000006,0,-52.297050000000006,993.64395
2022-10-19,22200005.0,houston rockets,4.25,0.23694018798196315,0.006995798923343344,2.1388717771066545,0,-2.1388717771066545,991.5050782228934
2022-10-19,22200006.0,brooklyn nets,1.65,0.6555991499407926,0.08173859740230771,49.57525391114467,0,-49.57525391114467,941.9298243117487
2022-10-19,22200007.0,miami heat,1.3,0.6739481044186907,-0.12386746425570208,0.0,0,-0.0,941.9298243117487
2022-10-19,22200008.0,toronto raptors,1.66,0.6794133618218318,0.12782618062424067,47.096491215587434,1,31.083684202287703,973.0135085140364
2022-10-19,22200009.0,memphis grizzlies,1.5,0.7624690921704835,0.1437036382557253,48.65067542570182,1,24.32533771285091,997.3388462268873
2022-10-19,22200010.0,oklahoma city thunder,5.08,0.1786046790646158,-0.09268823035175167,0.0,0,-0.0,997.3388462268873
2022-10-19,22200011.0,san antonio spurs,1.86,0.5913496536742858,0.09991035583417174,49.86694231134437,0,-49.86694231134437,947.471903915543
2022-10-19,22200012.0,utah jazz,3.01,0.6795552623390365,1.0454613396404997,47.37359519577715,1,95.22092634351206,1042.692830259055
2022-10-19,22200013.0,dallas mavericks,2.35,0.42726643693807964,0.004076126804487212,3.1482579216781987,0,-3.1482579216781987,1039.5445723373768
2022-10-19,22200014.0,sacramento kings,1.6,0.6146365579706963,-0.016581507246885896,0.0,0,-0.0,1039.5445723373768
2022-10-20,22200015.0,philadelphia 76ers,1.53,0.5906223337395731,-0.09634782937845321,0.0,0,-0.0,1039.5445723373768
2022-10-20,22200016.0,los angeles lakers,2.45,0.5223550414839241,0.2797698516356141,51.97722861686884,0,-51.97722861686884,987.567343720508
2022-10-21,22200017.0,charlotte hornets,2.99,0.6286336704215348,0.8796146745603893,49.3783671860254,0,-49.3783671860254,938.1889765344827
2022-10-21,22200019.0,washington wizards,1.7,0.5200668781139152,-0.11588630720634424,0.0,1,0.0,938.1889765344827
2022-10-21,22200020.0,atlanta hawks,1.22,0.7692719841554124,-0.06148817933039685,0.0,1,0.0,938.1889765344827
2022-10-21,22200021.0,brooklyn nets,1.64,0.6028956625162845,-0.01125111347329355,0.0,1,0.0,938.1889765344827
2022-10-21,22200022.0,miami heat,2.0,0.5722943758959621,0.1445887517919242,46.90944882672414,0,-46.90944882672414,891.2795277077586
2022-10-21,22200023.0,new york knicks,1.3,0.7394549551174494,-0.038708558347315736,0.0,1,0.0,891.2795277077586
2022-10-21,22200024.0,memphis grizzlies,1.32,0.745513638772227,-0.01592199682066034,0.0,1,0.0,891.2795277077586
2022-10-21,22200025.0,utah jazz,3.57,0.4567512137854078,0.6306018332139056,44.56397638538793,1,114.52941931044698,1005.8089470182056
2022-10-21,22200026.0,golden state warriors,1.41,0.7301156206200423,0.02946302507425963,50.290447350910284,0,-50.290447350910284,955.5184996672953
2022-10-21,22200027.0,phoenix suns,1.43,0.6446102348937691,-0.0782073641019102,0.0,0,-0.0,955.5184996672953
2022-10-22,22200028.0,san antonio spurs,7.08,0.29938019796914994,1.1196118016215817,47.77592498336477,1,290.4776238988578,1245.996123566153
2022-10-22,22200029.0,indiana pacers,1.83,0.5908572127480346,0.08126869932890335,62.299806178307655,1,51.70883912799536,1297.7049626941484
2022-10-22,22200030.0,orlando magic,3.93,0.2732373277412959,0.07382269802329278,32.69627357825889,0,-32.69627357825889,1265.0086891158896
2022-10-22,22200031.0,miami heat,1.57,0.6583023892946914,0.03353475119266558,63.25043445579448,1,36.05274763980286,1301.0614367556925
2022-10-22,22200032.0,chicago bulls,1.94,0.5563153406814493,0.07925176092201158,65.05307183778463,0,-65.05307183778463,1236.0083649179078
2022-10-22,22200033.0,houston rockets,6.85,0.1726659298570702,0.18276161952093062,38.61451119894261,0,-38.61451119894261,1197.3938537189651
2022-10-22,22200034.0,memphis grizzlies,2.65,0.52152889794706,0.38205157955970903,59.86969268594826,0,-59.86969268594826,1137.524161033017
2022-10-22,22200035.0,denver nuggets,1.19,0.7486339191572874,-0.10912563620282806,0.0,1,0.0,1137.524161033017
2022-10-22,22200036.0,los angeles clippers,1.67,0.5902574768393611,-0.014270013678266913,0.0,1,0.0,1137.524161033017
2022-10-23,22200037.0,los angeles lakers,1.53,0.6261645116184646,-0.04196829722374906,0.0,0,-0.0,1137.524161033017
2022-10-23,22200038.0,charlotte hornets,4.2,0.3620204478389809,0.52048588092372,56.87620805165085,1,182.00386576528274,1319.5280267982998
2022-10-23,22200039.0,cleveland cavaliers,1.59,0.6568860243565064,0.04444877872684533,65.976401339915,1,38.92607679054986,1358.4541035888496
2022-10-23,22200040.0,utah jazz,3.42,0.4338516276659261,0.48377256661746726,67.92270517944249,1,164.37294653425081,1522.8270501231004
2022-10-23,22200041.0,oklahoma city thunder,4.18,0.32823331768057523,0.3720152679048043,76.14135250615503,0,-76.14135250615503,1446.6856976169454
2022-10-23,22200042.0,golden state warriors,1.18,0.7981970261461695,-0.058127509147520046,0.0,1,0.0,1446.6856976169454
2022-10-23,22200043.0,los angeles clippers,1.88,0.5639173419930825,0.060164602946995105,72.33428488084728,0,-72.33428488084728,1374.3514127360982
2022-10-24,22200044.0,indiana pacers,6.17,0.28696573562696504,0.7705785888183743,68.71757063680491,0,-68.71757063680491,1305.6338420992934
2022-10-24,22200045.0,miami heat,1.55,0.6443552565306322,-0.0012493523775200521,0.0,0,-0.0,1305.6338420992934
2022-10-24,22200046.0,new york knicks,1.28,0.8036388295430399,0.028657701815091086,65.28169210496468,1,18.27887378939011,1323.9127158886836
2022-10-24,22200047.0,chicago bulls,2.68,0.34438229531892905,-0.07705544854527013,0.0,1,0.0,1323.9127158886836
2022-10-24,22200048.0,utah jazz,1.68,0.6883407531018787,0.15641246521115615,66.19563579443418,0,-66.19563579443418,1257.7170800942495
2022-10-24,22200049.0,memphis grizzlies,1.8,0.6951245565432876,0.2512242017779178,62.88585400471248,1,50.30868320376999,1308.0257632980195
2022-10-24,22200050.0,san antonio spurs,3.5,0.28633601543882886,0.0021760540359009317,1.1385338965148208,1,2.846334741287052,1310.8720980393066
2022-10-24,22200051.0,portland trail blazers,2.54,0.3174885734210961,-0.19357902351041584,0.0,1,0.0,1310.8720980393066
2022-10-25,22200052.0,washington wizards,1.41,0.6399730480855379,-0.09763800219939162,0.0,1,0.0,1310.8720980393066
2022-10-25,22200053.0,new orleans pelicans,2.61,0.564070769822979,0.4722247092379751,65.54360490196534,1,105.52520389216419,1416.3973019314708
2022-10-25,22200054.0,los angeles clippers,1.43,0.6429048044172078,-0.08064612968339296,0.0,0,-0.0,1416.3973019314708
2022-10-25,22200055.0,phoenix suns,1.73,0.5705490348034992,-0.012950169789946453,0.0,1,0.0,1416.3973019314708
2022-10-26,22200056.0,cleveland cavaliers,1.25,0.7847469704887521,-0.019066286889059897,0.0,1,0.0,1416.3973019314708
2022-10-26,22200057.0,detroit pistons,3.36,0.37937960115026975,0.2747154598649063,70.81986509657354,0,-70.81986509657354,1345.5774368348973
2022-10-26,22200058.0,charlotte hornets,3.26,0.4445501388128846,0.44923345253000346,67.27887184174487,0,-67.27887184174487,1278.2985649931525
2022-10-26,22200059.0,toronto raptors,1.87,0.5437224759403361,0.01676103000842849,24.627127135150925,1,21.42560060758131,1299.7241656007338
2022-10-26,22200060.0,milwaukee bucks,1.61,0.6436605086125536,0.0362934188662114,64.98620828003669,1,39.64158705082239,1339.3657526515562
2022-10-26,22200061.0,indiana pacers,3.3,0.3047218050347438,0.0055819566146544375,3.250557183676076,0,-3.250557183676076,1336.11519546788
2022-10-26,22200062.0,san antonio spurs,3.88,0.28829749797642407,0.11859429214852535,55.01931799840341,0,-55.01931799840341,1281.0958774694766
2022-10-26,22200063.0,utah jazz,1.25,0.833724701551937,0.04215587693992126,64.05479387347383,1,16.013698468368457,1297.109575937845
2022-10-26,22200064.0,denver nuggets,1.45,0.6988319066625505,0.01330626466069812,38.354851803010824,1,17.25968331135487,1314.3692592491998
2022-10-26,22200065.0,miami heat,1.64,0.530328720825374,-0.13026089784638673,0.0,1,0.0,1314.3692592491998
2022-10-27,22200066.0,dallas mavericks,1.66,0.6574257127036289,0.09132668308802394,65.71846296246,1,43.37418555522359,1357.7434448044235
2022-10-27,22200067.0,oklahoma city thunder,3.17,0.36804196192395844,0.1666930192989482,67.88717224022118,1,147.31516376127993,1505.0586085657035
2022-10-27,22200068.0,miami heat,2.71,0.3576206798632575,-0.030847957570572127,0.0,0,-0.0,1505.0586085657035
2022-10-27,22200069.0,memphis grizzlies,1.64,0.6346614956544614,0.04084485287331663,75.25293042828518,1,48.16187547410251,1553.220484039806
2022-10-28,22200070.0,detroit pistons,2.77,0.3566610436238437,-0.012048909161952892,0.0,0,-0.0,1553.220484039806
2022-10-28,22200071.0,charlotte hornets,1.75,0.6022787018294211,0.05398772820148695,77.6610242019903,0,-77.6610242019903,1475.5594598378157
2022-10-28,22200072.0,cleveland cavaliers,3.1,0.3331525928317185,0.03277303777832741,23.02788853401577,1,48.35856592143312,1523.9180257592488
2022-10-28,22200073.0,toronto raptors,1.61,0.5604319568753788,-0.09770454943064,0.0,0,-0.0,1523.9180257592488
2022-10-28,22200074.0,washington wizards,1.46,0.7046919988790248,0.02885031836337615,76.19590128796244,0,-76.19590128796244,1447.7221244712864
2022-10-28,22200075.0,new york knicks,2.8,0.3415442548649909,-0.04367608637802545,0.0,0,-0.0,1447.7221244712864
2022-10-28,22200076.0,minnesota timberwolves,1.28,0.7394984894436207,-0.053441933512165446,0.0,1,0.0,1447.7221244712864
2022-10-28,22200077.0,san antonio spurs,2.35,0.6170995918642228,0.4501840408809237,72.38610622356433,1,97.72124340181185,1545.4433678730982
2022-10-28,22200078.0,utah jazz,3.15,0.4327152510045073,0.3630530406641981,77.27216839365491,0,-77.27216839365491,1468.1711994794432
2022-10-28,22200079.0,new orleans pelicans,3.39,0.3132100155577327,0.06178195274071385,37.95250362406533,0,-37.95250362406533,1430.218695855378
2022-10-28,22200080.0,portland trail blazers,1.51,0.6258216560161215,-0.05500929941565652,0.0,1,0.0,1430.218695855378
2022-10-29,22200081.0,sacramento kings,2.33,0.4001328840278572,-0.06769038021509277,0.0,1,0.0,1430.218695855378
2022-10-29,22200082.0,charlotte hornets,4.3,0.5161312560033802,1.2193644008145346,71.51093479276891,1,235.98608481613738,1666.2047806715154
2022-10-29,22200083.0,indiana pacers,4.93,0.34799283336634423,0.7156046684960771,83.31023903357578,1,327.4092394019528,1993.6140200734683
2022-10-29,22200086.0,dallas mavericks,1.16,0.8561904546176935,-0.0068190726434756155,0.0,0,-0.0,1993.6140200734683
2022-10-29,22200087.0,utah jazz,2.14,0.5496401228588369,0.17622986291791098,99.68070100367342,1,113.6359991441877,2107.250019217656
2022-10-30,22200088.0,los angeles clippers,1.74,0.5696273172770581,-0.008848467937918991,0.0,0,-0.0,2107.250019217656
2022-10-30,22200089.0,boston celtics,1.23,0.7812182150814638,-0.03910159544979949,0.0,1,0.0,2107.250019217656
2022-10-30,22200090.0,new york knicks,2.26,0.4691324776780648,0.0602393995524263,100.74561576548443,0,-100.74561576548443,2006.5044034521713
2022-10-30,22200091.0,detroit pistons,3.22,0.29466381740966296,-0.05118250794088519,0.0,1,0.0,2006.5044034521713
2022-10-30,22200092.0,san antonio spurs,2.74,0.48066153364976255,0.31701260220034955,100.32522017260857,1,174.56588310033894,2181.0702865525104
2022-10-30,22200093.0,dallas mavericks,1.23,0.8570545075216838,0.054177044251671025,109.05351432762552,1,25.08230829535387,2206.1525948478643
2022-10-30,22200094.0,phoenix suns,1.1,0.892938833850006,-0.01776728276499326,0.0,1,0.0,2206.1525948478643
2022-10-30,22200095.0,denver nuggets,1.67,0.5926745038274595,-0.01023357860814278,0.0,0,-0.0,2206.1525948478643
2022-10-31,22200096.0,charlotte hornets,2.25,0.7322579519235113,0.6475803918279004,110.30762974239322,0,-110.30762974239322,2095.844965105471
2022-10-31,22200098.0,indiana pacers,3.15,0.34562100785048466,0.08870617472902664,86.47180915330078,0,-86.47180915330078,2009.3731559521705
2022-10-31,22200099.0,atlanta hawks,2.02,0.45323758989810337,-0.0844600684058312,0.0,0,-0.0,2009.3731559521705
2022-10-31,22200100.0,detroit pistons,6.08,0.1562090684049061,-0.050248864098170976,0.0,0,-0.0,2009.3731559521705
2022-10-31,22200101.0,utah jazz,2.13,0.5254636082138007,0.11923748549539537,100.46865779760853,1,113.52958331129763,2122.902739263468
2022-10-31,22200102.0,los angeles clippers,1.25,0.7718633438993993,-0.03517082012575093,0.0,1,0.0,2122.902739263468
2022-11-01,22200103.0,brooklyn nets,1.69,0.5739700490450241,-0.029990617113909268,0.0,0,-0.0,2122.902739263468
2022-11-01,22200104.0,miami heat,1.78,0.600768839879564,0.0693685349856239,106.1451369631734,1,82.79320683127526,2205.6959460947432
2022-11-01,22200105.0,oklahoma city thunder,1.62,0.6163002971877476,-0.0015935185558488274,0.0,1,0.0,2205.6959460947432
2022-11-01,22200106.0,phoenix suns,1.54,0.7643276886567464,0.17706464053138948,110.28479730473717,1,59.553790544558076,2265.2497366393013
2022-11-02,22200108.0,philadelphia 76ers,1.4,0.7416325138887749,0.03828551944428482,113.26248683196508,0,-113.26248683196508,2151.9872498073364
2022-11-02,22200109.0,miami heat,1.52,0.7397250830319821,0.12438212620861289,107.59936249036683,1,55.951668494990756,2207.9389183023272
2022-11-02,22200110.0,new york knicks,1.68,0.6114753855911534,0.027278647793137767,88.57292367813349,0,-88.57292367813349,2119.3659946241937
2022-11-02,22200111.0,charlotte hornets,2.79,0.44775037186302746,0.24922353749784665,105.9682997312097,0,-105.9682997312097,2013.397694892984
2022-11-02,22200112.0,houston rockets,2.7,0.42109092574207013,0.13694549950358936,100.66988474464921,0,-100.66988474464921,1912.7278101483348
2022-11-02,22200113.0,milwaukee bucks,1.15,0.7810750524840577,-0.10176368964333368,0.0,1,0.0,1912.7278101483348
2022-11-02,22200114.0,san antonio spurs,2.93,0.5219343531020495,0.5292676545890052,95.63639050741675,0,-95.63639050741675,1817.091419640918
2022-11-02,22200115.0,utah jazz,2.92,0.38788220701884624,0.13261604449503095,90.85457098204591,0,-90.85457098204591,1726.236848658872
2022-11-02,22200116.0,memphis grizzlies,1.43,0.6428307364930028,-0.08075204681500603,0.0,1,0.0,1726.236848658872
2022-11-02,22200117.0,new orleans pelicans,1.66,0.6055199466516025,0.00516311144166004,13.504171552008778,0,-13.504171552008778,1712.7326771068633
2022-11-03,22200118.0,orlando magic,3.78,0.33459118756976314,0.2647546890137046,85.63663385534318,1,238.06984211785402,1950.8025192247173
2022-11-03,22200119.0,oklahoma city thunder,2.85,0.4512069728533578,0.2859398726320699,97.54012596123587,0,-97.54012596123587,1853.2623932634815
2022-11-04,22200120.0,cleveland cavaliers,1.55,0.5962634052578353,-0.07579172185035532,0.0,1,0.0,1853.2623932634815
2022-11-04,22200121.0,miami heat,1.57,0.613761880542566,-0.036393847548171376,0.0,0,-0.0,1853.2623932634815
2022-11-04,22200122.0,philadelphia 76ers,1.57,0.6389797214556037,0.003198162685297823,10.398306372282464,0,-10.398306372282464,1842.8640868911991
2022-11-04,22200123.0,washington wizards,1.62,0.5897636569757667,-0.04458287569925784,0.0,0,-0.0,1842.8640868911991
2022-11-04,22200124.0,boston celtics,1.33,0.7494199909094679,-0.0032714120904076827,0.0,1,0.0,1842.8640868911991
2022-11-04,22200125.0,charlotte hornets,5.3,0.2951556043090659,0.5643247028380494,92.14320434455996,0,-92.14320434455996,1750.7208825466391
2022-11-04,22200126.0,san antonio spurs,2.25,0.5308548889926594,0.19442350023348376,87.53604412733196,0,-87.53604412733196,1663.1848384193072
2022-11-04,22200127.0,dallas mavericks,1.54,0.6816002695261614,0.049664415070288515,83.15924192096537,1,44.9059906373213,1708.0908290566285
2022-11-04,22200128.0,golden state warriors,4.55,0.4315296428246025,0.9634598748519412,85.40454145283144,0,-85.40454145283144,1622.6862876037972
2022-11-04,22200130.0,phoenix suns,1.12,0.8361220406292752,-0.0635433144952117,0.0,0,-0.0,1622.6862876037972
2022-11-04,22200131.0,utah jazz,2.23,0.6145566873124192,0.37046141270669475,81.13431438018986,1,99.79520668763352,1722.4814942914306
2022-11-05,22200132.0,orlando magic,2.37,0.5257287998109372,0.2459772555519213,86.12407471457153,0,-86.12407471457153,1636.357419576859
2022-11-05,22200133.0,charlotte hornets,2.26,0.5861418083062879,0.3246804867722106,81.81787097884296,0,-81.81787097884296,1554.5395485980162
2022-11-05,22200134.0,atlanta hawks,1.7,0.5992005550923014,0.01864094365691238,41.397263054082316,1,28.978084137857618,1583.5176327358738
2022-11-05,22200135.0,new york knicks,2.31,0.5461173071386589,0.26153097949030213,79.17588163679369,0,-79.17588163679369,1504.34175109908
2022-11-05,22200136.0,milwaukee bucks,1.41,0.8244242736107636,0.16243822579117667,75.217087554954,1,30.839005897531138,1535.1807569966113
2022-11-05,22200137.0,minnesota timberwolves,1.28,0.8246672943240243,0.05557413673475112,76.75903784983056,1,21.49253059795256,1556.6732875945638
2022-11-05,22200138.0,san antonio spurs,4.75,0.3028135624855254,0.4383644218062456,77.83366437972819,0,-77.83366437972819,1478.8396232148357
2022-11-05,22200139.0,phoenix suns,1.15,0.8220102292006225,-0.05468823641928419,0.0,1,0.0,1478.8396232148357
2022-11-06,22200140.0,los angeles lakers,2.62,0.457969231523037,0.19987938659035698,73.94198116074179,0,-73.94198116074179,1404.897642054094
2022-11-06,22200141.0,toronto raptors,1.54,0.7352597209413783,0.13229997024972256,70.2448821027047,1,37.93223633546054,1442.8298783895546
2022-11-06,22200142.0,memphis grizzlies,1.2,0.8182822957260045,-0.018061245128794617,0.0,1,0.0,1442.8298783895546
2022-11-06,22200143.0,utah jazz,2.24,0.4882375431237982,0.093652096597308,72.14149391947772,1,89.4554524601524,1532.285330849707
2022-11-07,22200144.0,charlotte hornets,1.7,0.6453226661087831,0.09704853238493122,76.61426654248535,0,-76.61426654248535,1455.6710643072215
2022-11-07,22200145.0,orlando magic,1.48,0.6643412837946413,-0.01677489998393089,0.0,0,-0.0,1455.6710643072215
2022-11-07,22200146.0,detroit pistons,1.98,0.5338333733545477,0.0569900792420045,72.78355321536108,1,71.32788215105386,1526.9989464582754
2022-11-07,22200147.0,indiana pacers,2.52,0.49035669247459074,0.2356988650359687,76.34994732291378,1,116.05191993082894,1643.0508663891044
2022-11-07,22200148.0,phoenix suns,1.69,0.5780460749093976,-0.023102133403118008,0.0,0,-0.0,1643.0508663891044
2022-11-07,22200149.0,atlanta hawks,2.66,0.4740321572882175,0.26092553838665866,82.15254331945522,1,136.37322191029568,1779.4240882994
2022-11-07,22200150.0,miami heat,1.42,0.7030773487793498,-0.001630164733323336,0.0,0,-0.0,1779.4240882994
2022-11-07,22200152.0,memphis grizzlies,2.23,0.6049532111905053,0.3490456609548267,88.97120441497,0,-88.97120441497,1690.4528838844299
2022-11-07,22200153.0,minnesota timberwolves,1.64,0.6619524208208346,0.08560197014616872,84.5226441942215,0,-84.5226441942215,1605.9302396902083
2022-11-07,22200154.0,san antonio spurs,3.29,0.46798527239011617,0.5396715461634822,80.29651198451042,0,-80.29651198451042,1525.6337277056978
2022-11-07,22200155.0,dallas mavericks,1.39,0.7396785567898371,0.028153193937873466,76.28168638528489,1,29.7498576902611,1555.3835853959588
2022-11-07,22200156.0,sacramento kings,3.37,0.3079891437215072,0.03792341434147928,24.88837813034032,0,-24.88837813034032,1530.4952072656185
2022-11-07,22200157.0,utah jazz,1.33,0.8145834392116931,0.08339597415155187,76.52476036328093,1,25.253170919882713,1555.7483781855012
2022-11-07,22200158.0,los angeles clippers,2.28,0.5036633715556382,0.14835248714685512,77.78741890927506,1,99.56789620387207,1655.3162743893733
2022-11-09,22200159.0,charlotte hornets,2.0,0.573710102806252,0.14742020561250402,82.76581371946867,0,-82.76581371946867,1572.5504606699046
2022-11-09,22200160.0,indiana pacers,2.53,0.5041919116063674,0.27560553636410956,78.62752303349524,0,-78.62752303349524,1493.9229376364094
2022-11-09,22200161.0,orlando magic,3.65,0.27804150742696243,0.014851502108412795,8.372452701174858,1,22.186999658113372,1516.1099372945228
2022-11-09,22200162.0,utah jazz,2.37,0.5308514938697085,0.25811804047120923,75.80549686472614,1,103.85353070467481,1619.9634679991975
2022-11-09,22200163.0,boston celtics,1.1,0.8531570067942059,-0.061527292526373414,0.0,1,0.0,1619.9634679991975
2022-11-09,22200164.0,new york knicks,2.2,0.4808757888520936,0.05792673547460603,78.19932940776243,0,-78.19932940776243,1541.764138591435
2022-11-09,22200165.0,toronto raptors,1.18,0.8538788998065727,0.007577101771755745,64.90057658972577,1,11.682103786150636,1553.4462423775858
2022-11-09,22200166.0,chicago bulls,1.96,0.5701160713210229,0.11742749978920497,77.67231211887929,0,-77.67231211887929,1475.7739302587065
2022-11-09,22200167.0,phoenix suns,1.98,0.603589279144335,0.19510677270578336,73.78869651293533,1,72.31292258267662,1548.0868528413832
2022-11-09,22200168.0,milwaukee bucks,1.81,0.6900889947625237,0.24906108052016795,77.40434264206917,1,62.69751754007603,1610.7843703814592
2022-11-09,22200169.0,san antonio spurs,2.68,0.37491062670426656,0.004760479567434417,4.564348858775981,0,-4.564348858775981,1606.2200215226833
2022-11-09,22200170.0,los angeles clippers,1.59,0.6848205110017803,0.08886461249283079,80.31100107613418,1,47.38349063491917,1653.6035121576024
2022-11-09,22200171.0,sacramento kings,2.38,0.504601397979165,0.20095132719041275,82.68017560788013,1,114.09864233887457,1767.7021544964769
2022-11-10,22200172.0,washington wizards,2.73,0.3736569429554906,0.020083454268489342,20.521136057884437,1,35.50156538014008,1803.203719876617
2022-11-10,22200173.0,atlanta hawks,1.79,0.6169692567673922,0.10437496961363213,90.16018599383085,1,71.22654693512638,1874.4302668117434
2022-11-10,22200174.0,charlotte hornets,4.55,0.29823579204075196,0.3569728537854213,93.72151334058718,0,-93.72151334058718,1780.7087534711563
2022-11-10,22200175.0,portland trail blazers,4.18,0.29301486353508305,0.22480212957664714,89.03543767355782,1,283.13269180191384,2063.8414452730703
2022-11-11,22200176.0,boston celtics,1.49,0.7197120837027734,0.07237100471713237,103.19207226365353,1,50.56411540919023,2114.405560682261
2022-11-11,22200177.0,phoenix suns,1.3,0.7837186462928186,0.018834240180664236,105.72027803411305,0,-105.72027803411305,2008.6852826481477
2022-11-11,22200178.0,detroit pistons,4.02,0.21667797461125962,-0.1289545420627365,0.0,0,-0.0,2008.6852826481477
2022-11-11,22200179.0,oklahoma city thunder,2.51,0.4106305211309802,0.030682608038760217,40.81569748392013,1,61.63170320071939,2070.3169858488673
2022-11-11,22200180.0,milwaukee bucks,1.97,0.6382997552019516,0.25745051774784466,103.51584929244336,0,-103.51584929244336,1966.801136556424
2022-11-11,22200181.0,memphis grizzlies,1.52,0.7145013074122982,0.08604198726669332,98.3400568278212,1,51.13682955046703,2017.9379661068908
2022-11-11,22200182.0,cleveland cavaliers,2.13,0.47313891991390855,0.007785899416625108,13.903948701856018,0,-13.903948701856018,2004.0340174050348
2022-11-11,22200183.0,los angeles lakers,2.23,0.5379838921624682,0.19970407952230418,100.20170087025174,0,-100.20170087025174,1903.832316534783
2022-11-12,22200184.0,los angeles clippers,1.75,0.6060719711689486,0.060625949545660085,95.19161582673917,0,-95.19161582673917,1808.6407007080438
2022-11-12,22200185.0,utah jazz,1.51,0.6317061159295134,-0.04612376494643472,0.0,0,-0.0,1808.6407007080438
2022-11-12,22200186.0,boston celtics,1.24,0.7379464802164099,-0.0849463645316518,0.0,1,0.0,1808.6407007080438
2022-11-12,22200188.0,philadelphia 76ers,1.62,0.5695064436105883,-0.07739956135084686,0.0,1,0.0,1808.6407007080438
2022-11-12,22200189.0,charlotte hornets,3.43,0.3035040189808082,0.04101878510417223,30.5301416596719,0,-30.5301416596719,1778.110559048372
2022-11-12,22200190.0,dallas mavericks,1.38,0.6981547434841792,-0.03654645399183282,0.0,1,0.0,1778.110559048372
2022-11-12,22200191.0,new orleans pelicans,1.16,0.8287428178382489,-0.038658331307631355,0.0,1,0.0,1778.110559048372
2022-11-13,22200192.0,new york knicks,1.42,0.7087133024646249,0.006372889499767387,26.98024312186878,0,-26.98024312186878,1751.130315926503
2022-11-13,22200193.0,cleveland cavaliers,1.79,0.7070034685215677,0.26553620865360616,87.55651579632516,0,-87.55651579632516,1663.573800130178
2022-11-13,22200194.0,memphis grizzlies,1.94,0.5896713502281968,0.14396241944270183,83.1786900065089,0,-83.1786900065089,1580.395110123669
2022-11-13,22200195.0,utah jazz,2.26,0.5063138705586591,0.14426934746256936,79.01975550618346,0,-79.01975550618346,1501.3753546174855
2022-11-13,22200198.0,los angeles lakers,2.45,0.4677430955053018,0.14597058398798946,75.06876773087428,1,108.84971320976773,1610.2250678272533
2022-11-14,22200199.0,toronto raptors,1.47,0.605914627868759,-0.10930549703292419,0.0,1,0.0,1610.2250678272533
2022-11-14,22200200.0,orlando magic,1.9,0.5508746746904514,0.04666188191185755,80.51125339136267,0,-80.51125339136267,1529.7138144358905
2022-11-14,22200201.0,boston celtics,1.12,0.8662755017575633,-0.029771438031529013,0.0,1,0.0,1529.7138144358905
2022-11-14,22200202.0,phoenix suns,2.05,0.5695268359357109,0.1675300136682072,76.48569072179453,0,-76.48569072179453,1453.228123714096
2022-11-14,22200203.0,houston rockets,2.51,0.36867801584307336,-0.074618180233886,0.0,0,-0.0,1453.228123714096
2022-11-14,22200204.0,milwaukee bucks,1.55,0.6414212213982572,-0.005797106832701349,0.0,0,-0.0,1453.228123714096
2022-11-14,22200205.0,san antonio spurs,3.67,0.33051398241355967,0.21298631545776392,72.6614061857048,0,-72.6614061857048,1380.566717528391
2022-11-15,22200207.0,dallas mavericks,1.35,0.6643126294139652,-0.10317795029114693,0.0,1,0.0,1380.566717528391
2022-11-15,22200208.0,utah jazz,1.49,0.7762984520036398,0.15668469348542324,69.02833587641956,0,-69.02833587641956,1311.5383816519716
2022-11-15,22200209.0,san antonio spurs,3.56,0.33623012442722006,0.19697924296090352,65.57691908259858,0,-65.57691908259858,1245.961462569373
2022-11-15,22200210.0,sacramento kings,1.76,0.5756790801813341,0.01319518111914797,21.632483113264975,1,16.440687166081382,1262.4021497354545
2022-11-16,22200211.0,charlotte hornets,1.82,0.5797349502536554,0.05511760946165284,63.120107486772724,0,-63.120107486772724,1199.2820422486818
2022-11-16,22200212.0,orlando magic,3.2,0.43555783492662686,0.39378507176520605,59.96410211243409,0,-59.96410211243409,1139.3179401362477
2022-11-16,22200213.0,washington wizards,1.44,0.6508619783707875,-0.062758751146066,0.0,0,-0.0,1139.3179401362477
2022-11-16,22200215.0,toronto raptors,1.61,0.5541530265903466,-0.1078136271895419,0.0,1,0.0,1139.3179401362477
2022-11-16,22200216.0,milwaukee bucks,1.68,0.7344630114477756,0.23389785923226297,56.96589700681238,1,38.736809964632414,1178.05475010088
2022-11-16,22200217.0,new orleans pelicans,1.73,0.6801537050212823,0.17666590968681828,58.902737505044,1,42.99899837868212,1221.053748479562
2022-11-16,22200218.0,dallas mavericks,1.33,0.8548541781568706,0.13695605694863794,61.05268742397811,0,-61.05268742397811,1160.001061055584
2022-11-16,22200219.0,denver nuggets,1.7,0.6917336923291343,0.17594727695952828,58.0000530527792,0,-58.0000530527792,1102.0010080028048
2022-11-16,22200220.0,phoenix suns,2.04,0.7103403999664105,0.4490944159314775,55.10005040014025,1,57.30405241614586,1159.3050604189507
2022-11-17,22200221.0,brooklyn nets,2.12,0.4740521963067034,0.004990656170211327,5.165797279408081,1,5.785692952937051,1165.0907533718878
2022-11-17,22200222.0,san antonio spurs,3.04,0.33268355528171767,0.011358008056421731,6.486818707480571,0,-6.486818707480571,1158.6039346644072
2022-11-17,22200223.0,detroit pistons,4.32,0.2396827209078368,0.03542935432185501,12.364032927686937,0,-12.364032927686937,1146.2399017367202
2022-11-18,22200224.0,miami heat,3.34,0.4455507495778924,0.4881395035901607,57.31199508683601,0,-57.31199508683601,1088.927906649884
2022-11-18,22200225.0,charlotte hornets,4.42,0.330962492844029,0.46285421837060825,54.446395332494205,0,-54.446395332494205,1034.48151131739
2022-11-18,22200226.0,philadelphia 76ers,1.94,0.5514257997543541,0.06976605152344695,51.7240755658695,1,48.62063103191733,1083.1021423493073
2022-11-18,22200227.0,orlando magic,3.74,0.2942165414623129,0.10036986506905032,39.6754802494888,1,108.71081588359932,1191.8129582329066
2022-11-18,22200228.0,houston rockets,2.69,0.46218003228314236,0.24326428684165302,59.590647911645334,0,-59.590647911645334,1132.2223103212611
2022-11-18,22200229.0,memphis grizzlies,1.37,0.7954968775696356,0.08983072227040084,56.61111551606306,1,20.946112740943338,1153.1684230622045
2022-11-18,22200230.0,denver nuggets,4.38,0.41374361911980656,0.8121970517447525,57.658421153110226,0,-57.658421153110226,1095.5100019090942
2022-11-18,22200231.0,new orleans pelicans,2.13,0.4649442675171161,-0.009668710188542873,0.0,0,-0.0,1095.5100019090942
2022-11-18,22200233.0,new york knicks,3.03,0.3620945337342404,0.09714643721474825,52.426055969749044,0,-52.426055969749044,1043.083945939345
2022-11-18,22200234.0,detroit pistons,2.94,0.3860989412457003,0.1351308872623589,52.154197296967254,0,-52.154197296967254,990.9297486423778
2022-11-19,22200235.0,atlanta hawks,1.43,0.5899028137731614,-0.15643897630437914,0.0,1,0.0,990.9297486423778
2022-11-19,22200236.0,orlando magic,3.08,0.33457484659075115,0.030490527499513642,14.52594747647431,0,-14.52594747647431,976.4038011659035
2022-11-19,22200237.0,philadelphia 76ers,2.18,0.6797659080394483,0.48188967952599726,48.820190058295175,0,-48.820190058295175,927.5836111076082
2022-11-19,22200238.0,utah jazz,2.32,0.5312793181037969,0.23256801800080873,46.379180555380415,1,61.22051833310214,988.8041294407104
2022-11-19,22200239.0,san antonio spurs,3.82,0.29054149870032253,0.10986852503523203,38.52427349304877,0,-38.52427349304877,950.2798559476616
2022-11-20,22200240.0,phoenix suns,1.4,0.760305967718486,0.06442835480588038,47.51399279738308,1,19.00559711895323,969.2854530666149
2022-11-20,22200241.0,washington wizards,1.47,0.6406013946274637,-0.058315949897628394,0.0,1,0.0,969.2854530666149
2022-11-20,22200242.0,detroit pistons,5.07,0.20354159554025922,0.03195588938911431,7.610412463064938,0,-7.610412463064938,961.67504060355
2022-11-20,22200243.0,memphis grizzlies,3.24,0.5344157963386046,0.731507180137079,48.0837520301775,0,-48.0837520301775,913.5912885733725
2022-11-20,22200244.0,miami heat,3.13,0.4499202208808433,0.4082502913570395,45.67956442866863,0,-45.67956442866863,867.9117241447038
2022-11-20,22200245.0,houston rockets,4.3,0.27418035855671763,0.17897554179388575,43.3955862072352,0,-43.3955862072352,824.5161379374687
2022-11-20,22200246.0,denver nuggets,4.33,0.3649248539423609,0.5801246175704227,41.225806896873436,1,137.28193696658855,961.7980749040572
2022-11-20,22200247.0,san antonio spurs,2.83,0.4414044709927506,0.24917465290948426,48.08990374520286,0,-48.08990374520286,913.7081711588544
2022-11-21,22200248.0,atlanta hawks,2.1,0.43517360661837123,-0.08613542610142039,0.0,0,-0.0,913.7081711588544
2022-11-21,22200249.0,orlando magic,2.96,0.3356034130990041,-0.006613897226947829,0.0,0,-0.0,913.7081711588544
2022-11-21,22200250.0,boston celtics,1.4,0.6824544894386232,-0.04456371478592758,0.0,0,-0.0,913.7081711588544
2022-11-21,22200251.0,milwaukee bucks,1.19,0.7521619284247781,-0.10492730517451407,0.0,1,0.0,913.7081711588544
2022-11-21,22200252.0,miami heat,3.44,0.39066575630653894,0.343890201694494,45.68540855794272,0,-45.68540855794272,868.0227626009116
2022-11-21,22200253.0,golden state warriors,3.5,0.4290146436338554,0.5015512527184938,43.40113813004558,0,-43.40113813004558,824.621624470866
2022-11-21,22200255.0,los angeles clippers,1.65,0.6104099921568696,0.007176487058834835,9.104440640693122,1,5.9178864164505285,830.5395108873165
2022-11-22,22200256.0,philadelphia 76ers,3.15,0.6737638473487237,1.1223561191484797,41.526975544365825,1,89.28299742038652,919.8225083077031
2022-11-22,22200257.0,memphis grizzlies,1.6,0.6982754084442501,0.11724065351080015,45.991125415385156,0,-45.991125415385156,873.831382892318
2022-11-22,22200258.0,detroit pistons,5.4,0.19108235303299298,0.03184470637816217,6.324296320961196,1,27.826903812229265,901.6582867045472
2022-11-22,22200259.0,phoenix suns,1.17,0.8210901307732773,-0.03932454699526561,0.0,1,0.0,901.6582867045472
2022-11-23,22200260.0,philadelphia 76ers,2.26,0.6145281078611046,0.38883352376609615,45.082914335227365,0,-45.082914335227365,856.5753723693199
2022-11-23,22200261.0,cleveland cavaliers,1.31,0.7542174166793294,-0.01197518415007845,0.0,1,0.0,856.5753723693199
2022-11-23,22200262.0,indiana pacers,1.9,0.5794133277776332,0.10088532277750306,42.828768618466,0,-42.828768618466,813.7466037508539
2022-11-23,22200263.0,atlanta hawks,1.47,0.577671501201287,-0.1508228932341082,0.0,1,0.0,813.7466037508539
2022-11-23,22200264.0,boston celtics,1.39,0.7485630482845641,0.04050263711554403,40.6873301875427,1,15.868058773141648,829.6146625239955
2022-11-23,22200265.0,washington wizards,2.38,0.3657851632526397,-0.12943131145871756,0.0,0,-0.0,829.6146625239955
2022-11-23,22200266.0,toronto raptors,2.04,0.616495488406837,0.2576507963499475,41.48073312619978,0,-41.48073312619978,788.1339293977958
2022-11-23,22200267.0,milwaukee bucks,1.3,0.7235072939496369,-0.05944051786547205,0.0,0,-0.0,788.1339293977958
2022-11-23,22200269.0,new orleans pelicans,1.43,0.6699951438419689,-0.04190694430598452,0.0,1,0.0,788.1339293977958
2022-11-23,22200270.0,utah jazz,1.12,0.8367321107186676,-0.0628600359950922,0.0,0,-0.0,788.1339293977958
2022-11-23,22200271.0,los angeles clippers,3.85,0.38835595167079984,0.4951704139325793,39.406696469889795,0,-39.406696469889795,748.727232927906
2022-11-25,22200272.0,charlotte hornets,2.59,0.4115935428564968,0.06602727599832658,31.092087833958622,1,49.43641965599421,798.1636525839002
2022-11-25,22200273.0,philadelphia 76ers,1.9,0.6838587775311183,0.2993316773091248,39.90818262919501,1,35.91736436627551,834.0810169501757
2022-11-25,22200274.0,new york knicks,1.53,0.6563768132157305,0.00425652422006767,6.69865292480584,0,-6.69865292480584,827.3823640253698
2022-11-25,22200275.0,boston celtics,1.28,0.7778447092016048,-0.004358772221945889,0.0,1,0.0,827.3823640253698
2022-11-25,22200276.0,indiana pacers,2.2,0.5793787302139501,0.27463320647069045,41.36911820126849,1,49.642941841522195,877.025305866892
2022-11-25,22200277.0,miami heat,1.63,0.5914839762180736,-0.03588111876454014,0.0,1,0.0,877.025305866892
2022-11-25,22200278.0,atlanta hawks,1.32,0.667918020158718,-0.11834821339049215,0.0,0,-0.0,877.025305866892
2022-11-25,22200279.0,memphis grizzlies,1.66,0.6444126333249333,0.06972497131938915,43.8512652933446,1,28.941835093607434,905.9671409604995
2022-11-25,22200280.0,milwaukee bucks,1.51,0.6520692065471186,-0.01537549811385086,0.0,1,0.0,905.9671409604995
2022-11-25,22200282.0,san antonio spurs,2.26,0.5331511865114434,0.2049216815158621,45.298357048024975,0,-45.298357048024975,860.6687839124745
2022-11-25,22200283.0,phoenix suns,1.11,0.8502315521391702,-0.056242977125520954,0.0,1,0.0,860.6687839124745
2022-11-25,22200284.0,utah jazz,3.31,0.41557144489847386,0.3755414826139485,43.03343919562373,0,-43.03343919562373,817.6353447168508
2022-11-25,22200285.0,los angeles clippers,2.29,0.5636642717389508,0.29079118228219747,40.881767235842545,0,-40.881767235842545,776.7535774810083
2022-11-26,22200286.0,toronto raptors,2.08,0.5339482972557146,0.11061245829188637,38.83767887405042,1,41.94469318397446,818.6982706649827
2022-11-26,22200287.0,oklahoma city thunder,1.7,0.5595557406761387,-0.04875524085056426,0.0,0,-0.0,818.6982706649827
2022-11-26,22200288.0,san antonio spurs,1.77,0.5227983475921112,-0.07464692476196316,0.0,0,-0.0,818.6982706649827
2022-11-26,22200289.0,phoenix suns,1.37,0.7617288043048058,0.043568461897584065,40.93491353324914,1,15.145918007302186,833.8441886722849
2022-11-27,22200290.0,portland trail blazers,3.22,0.31483753208608306,0.013776853317187476,5.174661746273544,0,-5.174661746273544,828.6695269260114
2022-11-27,22200291.0,minnesota timberwolves,1.94,0.5528937737193281,0.07261392101549657,41.43347634630057,0,-41.43347634630057,787.2360505797108
2022-11-27,22200292.0,los angeles clippers,2.0,0.6602392620630079,0.32047852412601574,39.36180252898554,1,39.36180252898554,826.5978531086963
2022-11-27,22200293.0,atlanta hawks,1.55,0.5959936994827936,-0.07620976580166994,0.0,0,-0.0,826.5978531086963
2022-11-27,22200294.0,boston celtics,1.27,0.8110945248598946,0.03009004657206621,41.32989265543482,1,11.159071016967403,837.7569241256638
2022-11-27,22200295.0,detroit pistons,3.13,0.3370421415813495,0.05494190314962388,21.60937079260048,0,-21.60937079260048,816.1475533330633
2022-11-27,22200297.0,philadelphia 76ers,1.83,0.6700224421275486,0.22614106909341392,40.80737766665317,1,33.87012346332213,850.0176767963854
2022-11-27,22200298.0,dallas mavericks,2.71,0.3540767258744342,-0.04045207288028341,0.0,0,-0.0,850.0176767963854
2022-11-28,22200299.0,philadelphia 76ers,1.64,0.6758847390362903,0.10845097201951603,42.500883839819274,1,27.20056565748433,877.2182424538697
2022-11-28,22200300.0,washington wizards,1.8,0.518975829994976,-0.0658435060090431,0.0,1,0.0,877.2182424538697
2022-11-28,22200301.0,boston celtics,1.16,0.8494771244415242,-0.014606535647831959,0.0,1,0.0,877.2182424538697
2022-11-28,22200302.0,brooklyn nets,1.15,0.8035422882938569,-0.07592636846206466,0.0,1,0.0,877.2182424538697
2022-11-28,22200303.0,cleveland cavaliers,2.48,0.44130407362881025,0.09443410259944951,43.86091212269349,0,-43.86091212269349,833.3573303311762
2022-11-28,22200304.0,new orleans pelicans,1.42,0.8297741292678495,0.1782792635603463,41.66786651655881,1,17.500503936954697,850.8578342681309
2022-11-28,22200305.0,denver nuggets,1.13,0.7944337124971643,-0.1022899048782044,0.0,1,0.0,850.8578342681309
2022-11-28,22200306.0,utah jazz,1.69,0.7427794869743749,0.25529733298669355,42.54289171340655,0,-42.54289171340655,808.3149425547243
2022-11-28,22200307.0,phoenix suns,1.84,0.5844590032965555,0.0754045660656622,40.41574712773622,1,33.949227587298424,842.2641701420227
2022-11-28,22200308.0,indiana pacers,2.24,0.49571955929154254,0.11041181281305545,42.11320850710114,1,52.22037854880543,894.4845486908282
2022-11-29,22200309.0,detroit pistons,2.32,0.3872275686293012,-0.1016320407800213,0.0,0,-0.0,894.4845486908282
2022-11-29,22200310.0,dallas mavericks,1.84,0.6091000677408036,0.12074412464307871,44.72422743454141,1,37.568351045014786,932.052899735843
2022-11-29,22200311.0,los angeles clippers,2.32,0.5061221994211743,0.17420350265712436,46.60264498679215,1,61.51549138256563,993.5683911184086
2022-11-30,22200312.0,philadelphia 76ers,2.27,0.47737683692427907,0.08364541981811346,49.678419555920435,0,-49.678419555920435,943.8899715624882
2022-11-30,22200313.0,atlanta hawks,1.37,0.6496850566044127,-0.10993147245195459,0.0,1,0.0,943.8899715624882
2022-11-30,22200314.0,miami heat,3.85,0.24833547881054613,-0.04390840657939743,0.0,0,-0.0,943.8899715624882
2022-11-30,22200315.0,brooklyn nets,1.41,0.6487629580195305,-0.085244229192462,0.0,1,0.0,943.8899715624882
2022-11-30,22200316.0,new york knicks,2.7,0.47563902737073205,0.2842253739009766,47.19449857812441,0,-47.19449857812441,896.6954729843637
2022-11-30,22200317.0,minnesota timberwolves,2.12,0.523954252646384,0.11078301561033399,44.83477364921819,1,50.21494648712438,946.9104194714881
2022-11-30,22200318.0,new orleans pelicans,2.06,0.6726727272787365,0.38570581819419725,47.34552097357441,1,50.186252231988874,997.096671703477
2022-11-30,22200319.0,oklahoma city thunder,1.65,0.6613860481404938,0.0912869794318148,49.85483358517385,1,32.405641830362995,1029.50231353384
2022-11-30,22200320.0,denver nuggets,1.13,0.7978333546571806,-0.09844830923738597,0.0,1,0.0,1029.50231353384
2022-11-30,22200321.0,phoenix suns,1.43,0.7637220354666892,0.09212251071736544,51.475115676692,1,22.134299740977557,1051.6366132748176
2022-11-30,22200322.0,los angeles clippers,3.14,0.43206752809073007,0.35669203820489237,52.58183066374088,0,-52.58183066374088,999.0547826110767
2022-11-30,22200323.0,indiana pacers,2.39,0.4261454924569694,0.018487726972156948,13.28795111592892,0,-13.28795111592892,985.7668314951478
2022-11-30,22200324.0,portland trail blazers,2.77,0.3213364766246972,-0.10989795974958871,0.0,0,-0.0,985.7668314951478
2022-12-01,22200325.0,detroit pistons,3.29,0.2960026602253983,-0.026151247858439697,0.0,1,0.0,985.7668314951478
2022-12-02,22200326.0,charlotte hornets,2.31,0.49332353417426683,0.13957736394255638,49.288341574757396,1,64.5677274629322,1050.33455895808
2022-12-02,22200327.0,atlanta hawks,2.36,0.5537135582068758,0.3067639973682269,52.516727947904,1,71.42275000914944,1121.7573089672294
2022-12-02,22200328.0,boston celtics,1.33,0.7788364361876495,0.03585246012957394,56.08786544836147,0,-56.08786544836147,1065.6694435188679
2022-12-02,22200329.0,brooklyn nets,1.73,0.5835550137009574,0.009550173702656317,13.94154560988806,1,10.177328295218283,1075.8467718140862
2022-12-02,22200330.0,cleveland cavaliers,1.14,0.8529641908002642,-0.0276208224876989,0.0,1,0.0,1075.8467718140862
2022-12-02,22200331.0,los angeles lakers,3.62,0.2678889531172851,-0.030241989715427908,0.0,1,0.0,1075.8467718140862
2022-12-02,22200332.0,philadelphia 76ers,2.42,0.41550578659790083,0.005524003566919955,4.185198172507276,0,-4.185198172507276,1071.661573641579
2022-12-02,22200333.0,san antonio spurs,3.09,0.3115580564025708,-0.037285605716056325,0.0,0,-0.0,1071.661573641579
2022-12-02,22200334.0,phoenix suns,1.13,0.8630127168492135,-0.024795629960388782,0.0,0,-0.0,1071.661573641579
2022-12-02,22200335.0,utah jazz,1.55,0.7640933925921792,0.18434475851787785,53.583078682078956,1,29.47069327514343,1101.1322669167225
2022-12-02,22200336.0,golden state warriors,1.3,0.7257137385862714,-0.05657213983784712,0.0,1,0.0,1101.1322669167225
2022-12-03,22200338.0,los angeles clippers,2.19,0.5706110229747557,0.2496381403147151,55.056613345836126,0,-55.056613345836126,1046.0756535708865
2022-12-03,22200339.0,milwaukee bucks,1.73,0.5997267078117864,0.037527204514390455,52.30378267854433,1,38.18176135533736,1084.2574149262239
2022-12-03,22200340.0,orlando magic,4.37,0.20848913759313165,-0.08890246871801466,0.0,0,-0.0,1084.2574149262239
2022-12-03,22200341.0,minnesota timberwolves,1.44,0.6938290336210704,-0.0008861915856586688,0.0,0,-0.0,1084.2574149262239
2022-12-03,22200342.0,golden state warriors,1.19,0.8313019701923021,-0.010750655471160525,0.0,1,0.0,1084.2574149262239
2022-12-03,22200343.0,utah jazz,1.45,0.7621421849882405,0.10510616823294866,54.2128707463112,0,-54.2128707463112,1030.0445441799127
2022-12-04,22200344.0,new orleans pelicans,1.72,0.6926032129477726,0.19127752627016886,51.502227208995635,1,37.08160359047685,1067.1261477703895
2022-12-04,22200345.0,san antonio spurs,4.25,0.22443801561631535,-0.046138433630659725,0.0,0,-0.0,1067.1261477703895
2022-12-04,22200346.0,boston celtics,1.68,0.637380824735547,0.07079978555571897,53.356307388519475,1,36.28228902419324,1103.4084367945827
2022-12-04,22200347.0,detroit pistons,2.99,0.3150127365351189,-0.05811191775999436,0.0,0,-0.0,1103.4084367945827
2022-12-04,22200348.0,new york knicks,2.05,0.5594025671943457,0.14677526274840857,55.17042183972914,1,57.92894293171558,1161.3373797262982
2022-12-04,22200349.0,washington wizards,1.74,0.6237249086958334,0.08528134113075014,58.066868986314915,0,-58.066868986314915,1103.2705107399834
2022-12-04,22200350.0,sacramento kings,1.6,0.7324015437037295,0.1718424699259672,55.163525536999174,1,33.09811532219951,1136.3686260621828
2022-12-04,22200351.0,indiana pacers,2.5,0.4841240161812745,0.21031004045318624,56.81843130310914,0,-56.81843130310914,1079.5501947590737
2022-12-05,22200352.0,charlotte hornets,2.85,0.45754378690138436,0.3039997926689454,53.97750973795369,0,-53.97750973795369,1025.5726850211202
2022-12-05,22200353.0,orlando magic,4.32,0.2606791590063687,0.12613396690751266,38.96372021497075,0,-38.96372021497075,986.6089648061494
2022-12-05,22200354.0,atlanta hawks,1.38,0.7322038123389425,0.010441261027740567,27.109057194341883,0,-27.109057194341883,959.4999076118075
2022-12-05,22200355.0,boston celtics,1.91,0.6230462362167959,0.19001831117408008,47.97499538059038,1,43.65724579633724,1003.1571534081448
2022-12-05,22200356.0,houston rockets,3.38,0.3476841038360622,0.17517227096589016,50.157857670407246,1,119.37570125556924,1122.532854663714
2022-12-05,22200357.0,memphis grizzlies,2.5,0.6870678629364695,0.7176696573411736,56.126642733185705,1,84.18996409977856,1206.7228187634926
2022-12-05,22200358.0,phoenix suns,2.13,0.5002273824778535,0.06548432467782783,60.33614093817463,0,-60.33614093817463,1146.386677825318
2022-12-05,22200359.0,indiana pacers,5.55,0.25983129959870754,0.44206371277282686,57.3193338912659,1,260.80296920525984,1407.1896470305778
2022-12-06,22200360.0,cleveland cavaliers,1.4,0.7113856423902318,-0.0040601006536755135,0.0,1,0.0,1407.1896470305778
2022-12-06,22200361.0,miami heat,1.3,0.8262348840601283,0.0741053492781669,70.3594823515289,0,-70.3594823515289,1336.830164679049
2022-12-06,22200362.0,dallas mavericks,2.36,0.43205206125267237,0.019642864556306705,19.308216073217462,1,26.259173859575746,1363.0893385386246
2022-12-07,22200363.0,orlando magic,2.85,0.3434648514916574,-0.021125173248776385,0.0,1,0.0,1363.0893385386246
2022-12-07,22200364.0,charlotte hornets,4.25,0.24430015921384865,0.03827567665885678,16.053282085858267,0,-16.053282085858267,1347.0360564527664
2022-12-07,22200365.0,new york knicks,1.64,0.559076653178843,-0.08311428878669747,0.0,1,0.0,1347.0360564527664
2022-12-07,22200366.0,los angeles lakers,5.35,0.3755248121302818,1.0090577448970077,67.35180282263832,0,-67.35180282263832,1279.684253630128
2022-12-07,22200367.0,washington wizards,2.45,0.41565738216020603,0.01836058629250492,16.20396770064532,0,-16.20396770064532,1263.4802859294828
2022-12-07,22200368.0,memphis grizzlies,1.21,0.7772556507252253,-0.05952066262247743,0.0,1,0.0,1263.4802859294828
2022-12-07,22200369.0,sacramento kings,2.77,0.3392469626069864,-0.060285913578647654,0.0,0,-0.0,1263.4802859294828
2022-12-07,22200370.0,minnesota timberwolves,1.44,0.6522888615882706,-0.06070403931289037,0.0,1,0.0,1263.4802859294828
2022-12-07,22200371.0,new orleans pelicans,1.11,0.8409956974553268,-0.06649477582458721,0.0,1,0.0,1263.4802859294828
2022-12-07,22200372.0,golden state warriors,2.58,0.5024463319871489,0.2963115365268443,63.17401429647414,0,-63.17401429647414,1200.3062716330087
2022-12-08,22200374.0,los angeles clippers,2.86,0.308873751552964,-0.116621070558523,0.0,0,-0.0,1200.3062716330087
2022-12-08,22200376.0,denver nuggets,1.7,0.4974993050381793,-0.1542511814350952,0.0,1,0.0,1200.3062716330087
2022-12-09,22200378.0,washington wizards,2.24,0.42183734244506027,-0.055084352923064794,0.0,0,-0.0,1200.3062716330087
2022-12-09,22200379.0,orlando magic,3.52,0.34727550785870814,0.22240978766265274,60.01531358165044,1,151.2385902257591,1351.5448618587677
2022-12-09,22200380.0,atlanta hawks,3.1,0.3651035202226947,0.13182091269035356,67.57724309293839,0,-67.57724309293839,1283.9676187658292
2022-12-09,22200381.0,cleveland cavaliers,1.56,0.6716920789686591,0.04783964319110828,64.19838093829146,0,-64.19838093829146,1219.7692378275378
2022-12-09,22200382.0,philadelphia 76ers,1.46,0.7456596081243055,0.08866302786148605,60.98846189137689,1,28.05469247003337,1247.8239302975712
2022-12-09,22200383.0,memphis grizzlies,1.16,0.8097294315409117,-0.06071385941254248,0.0,1,0.0,1247.8239302975712
2022-12-09,22200384.0,new orleans pelicans,1.86,0.6013357086119496,0.1184844180182264,62.391196514878565,1,53.65642900279557,1301.480359300367
2022-12-09,22200385.0,utah jazz,1.8,0.6171504112514162,0.11087074025254923,65.07401796501834,0,-65.07401796501834,1236.4063413353485
2022-12-09,22200386.0,dallas mavericks,1.85,0.5693202937195954,0.05324254338125145,61.82031706676743,0,-61.82031706676743,1174.586024268581
2022-12-10,22200387.0,san antonio spurs,5.15,0.18264170909003194,-0.05939519818633543,0.0,1,0.0,1174.586024268581
2022-12-10,22200388.0,brooklyn nets,3.21,0.5108810504788398,0.6399281720370759,58.72930121342905,1,129.7917556816782,1304.3777799502593
2022-12-10,22200389.0,washington wizards,2.46,0.5552719346698501,0.36596895928783135,65.21888899751296,0,-65.21888899751296,1239.1588909527463
2022-12-10,22200390.0,cleveland cavaliers,1.46,0.7395543373299994,0.07974933250179911,61.95794454763732,1,28.500654491913163,1267.6595454446594
2022-12-10,22200391.0,dallas mavericks,2.42,0.5638406499939488,0.36449437298535603,63.38297727223298,0,-63.38297727223298,1204.2765681724266
2022-12-10,22200392.0,boston celtics,1.64,0.6703360559836089,0.09935113181311855,60.21382840862133,0,-60.21382840862133,1144.0627397638052
2022-12-10,22200393.0,utah jazz,4.53,0.3737294758138598,0.6929945254367851,57.203136988190266,0,-57.203136988190266,1086.859602775615
2022-12-10,22200394.0,minnesota timberwolves,2.47,0.5067628968690034,0.25170435526643864,54.34298013878075,0,-54.34298013878075,1032.5166226368342
2022-12-11,22200395.0,new orleans pelicans,1.55,0.6340457780685168,-0.01722904399379893,0.0,1,0.0,1032.5166226368342
2022-12-11,22200396.0,detroit pistons,2.49,0.5343255655216321,0.3304706581488641,51.625831131841714,0,-51.625831131841714,980.8907915049925
2022-12-11,22200397.0,sacramento kings,2.0,0.4868383134554874,-0.02632337308902516,0.0,0,-0.0,980.8907915049925
2022-12-11,22200398.0,orlando magic,2.81,0.38325457606926233,0.07694535875462716,41.6988916306419,1,75.47499385146185,1056.3657853564544
2022-12-11,22200399.0,charlotte hornets,4.13,0.23467077817278825,-0.030809686146384574,0.0,0,-0.0,1056.3657853564544
2022-12-11,22200400.0,atlanta hawks,1.55,0.5926734766881752,-0.08135611113332847,0.0,1,0.0,1056.3657853564544
2022-12-11,22200401.0,houston rockets,3.9,0.25948895453252635,0.01200692267685266,4.3736904493957525,1,12.683702303247681,1069.049487659702
2022-12-12,22200403.0,washington wizards,2.59,0.4152977349735702,0.07562113358154676,50.84448686264054,0,-50.84448686264054,1018.2050007970614
2022-12-12,22200404.0,memphis grizzlies,1.2,0.7496737903636033,-0.10039145156367613,0.0,1,0.0,1018.2050007970614
2022-12-12,22200405.0,dallas mavericks,1.24,0.7515192451037486,-0.06811613607135178,0.0,1,0.0,1018.2050007970614
2022-12-12,22200406.0,san antonio spurs,3.66,0.33819163185399126,0.23778137258560805,50.910250039853075,1,135.42126510600917,1153.6262659030706
2022-12-12,22200407.0,minnesota timberwolves,2.22,0.48053345181100476,0.06678426302043061,57.68131329515353,0,-57.68131329515353,1095.944952607917
2022-12-12,22200408.0,boston celtics,1.49,0.7108530530892683,0.05917104910300974,54.79724763039585,0,-54.79724763039585,1041.1477049775212
2022-12-13,22200409.0,philadelphia 76ers,1.5,0.6719414406263919,0.007912160939587909,16.475456407329478,1,8.237728203664739,1049.385433181186
2022-12-13,22200410.0,milwaukee bucks,1.63,0.7025143320754319,0.14509836128295395,52.4692716590593,1,33.05564114520735,1082.4410743263934
2022-12-13,22200411.0,phoenix suns,1.33,0.6936524587784446,-0.07744222982466861,0.0,0,-0.0,1082.4410743263934
2022-12-13,22200412.0,new orleans pelicans,1.67,0.5896967381152147,-0.015206447347591467,0.0,0,-0.0,1082.4410743263934
2022-12-13,22200413.0,boston celtics,1.51,0.6967016701845017,0.05201952197859755,54.12205371631967,1,27.602247395323033,1110.0433217217164
2022-12-14,22200414.0,charlotte hornets,1.5,0.6043948096546459,-0.0934077855180312,0.0,0,-0.0,1110.0433217217164
2022-12-14,22200415.0,golden state warriors,1.71,0.5961249784621224,0.019373713170229345,30.28966326981007,0,-30.28966326981007,1079.7536584519064
2022-12-14,22200416.0,atlanta hawks,1.61,0.4964885799792243,-0.20065338623344886,0.0,0,-0.0,1079.7536584519064
2022-12-14,22200417.0,sacramento kings,2.37,0.43889956361706906,0.04019196577245365,31.676950425679294,1,43.397422083180636,1123.151080535087
2022-12-14,22200418.0,new york knicks,2.15,0.4491274080880216,-0.034376072610753594,0.0,1,0.0,1123.151080535087
2022-12-14,22200419.0,oklahoma city thunder,2.04,0.4525868906043785,-0.07672274316706784,0.0,0,-0.0,1123.151080535087
2022-12-14,22200420.0,san antonio spurs,3.03,0.40262396594462735,0.21995061681222083,56.157554026754354,0,-56.157554026754354,1066.9935265083327
2022-12-14,22200421.0,dallas mavericks,1.63,0.6767664371887417,0.10312929261764897,53.34967632541664,0,-53.34967632541664,1013.643850182916
2022-12-14,22200422.0,washington wizards,5.13,0.22670406818388672,0.1629918697833389,40.00380301106444,0,-40.00380301106444,973.6400471718516
2022-12-14,22200423.0,minnesota timberwolves,2.95,0.37008640196713216,0.09175488580303992,45.81345197001007,0,-45.81345197001007,927.8265952018415
2022-12-15,22200424.0,miami heat,1.63,0.5479829657137725,-0.10678776588655092,0.0,1,0.0,927.8265952018415
2022-12-15,22200425.0,memphis grizzlies,1.57,0.6410979441358322,0.0065237722932566244,10.619174446884918,1,6.052929434724404,933.879524636566
2022-12-15,22200427.0,los angeles clippers,2.67,0.54990256139733,0.46823983893087096,46.6939762318283,0,-46.6939762318283,887.1855484047377
2022-12-16,22200428.0,atlanta hawks,2.03,0.55671392044601,0.13012925850540014,44.359277420236886,1,45.69005574284398,932.8756041475817
2022-12-16,22200429.0,detroit pistons,2.75,0.3765995802134381,0.0356488455869548,19.003393350911036,0,-19.003393350911036,913.8722107966707
2022-12-16,22200430.0,boston celtics,1.07,0.8345523021539675,-0.10702903669525475,0.0,0,-0.0,913.8722107966707
2022-12-16,22200431.0,indiana pacers,3.29,0.3056257379656053,0.005508677906841508,2.1983526887738103,0,-2.1983526887738103,911.6738581078969
2022-12-16,22200432.0,golden state warriors,3.9,0.41171364430340884,0.6056832127832945,45.58369290539485,0,-45.58369290539485,866.090165202502
2022-12-16,22200434.0,chicago bulls,1.61,0.5637968788786806,-0.09228702500532421,0.0,0,-0.0,866.090165202502
2022-12-16,22200435.0,minnesota timberwolves,2.34,0.5401734857289485,0.26400595660573944,43.304508260125104,1,58.02804106856763,924.1182062710697
2022-12-16,22200436.0,dallas mavericks,1.49,0.6188320673480595,-0.07794021965139131,0.0,1,0.0,924.1182062710697
2022-12-16,22200437.0,denver nuggets,1.69,0.5506673811154336,-0.06937212591491732,0.0,0,-0.0,924.1182062710697
2022-12-17,22200438.0,los angeles clippers,1.42,0.6948509464589332,-0.013311656028314911,0.0,1,0.0,924.1182062710697
2022-12-17,22200439.0,san antonio spurs,3.27,0.29896132297117484,-0.02239647388425825,0.0,0,-0.0,924.1182062710697
2022-12-17,22200440.0,dallas mavericks,3.45,0.4011436994527984,0.38394576311215445,46.20591031355349,0,-46.20591031355349,877.9122959575161
2022-12-17,22200442.0,milwaukee bucks,1.69,0.7188662620891837,0.21488398293072042,43.89561479787581,1,30.287974210534305,908.2002701680505
2022-12-17,22200443.0,oklahoma city thunder,4.3,0.30332670203324763,0.3043048187429648,45.41001350840253,1,149.85304457772833,1058.0533147457788
2022-12-17,22200444.0,phoenix suns,1.6,0.6089182143446062,-0.02573085704862993,0.0,1,0.0,1058.0533147457788
2022-12-18,22200445.0,boston celtics,1.16,0.8292999241740674,-0.03801208795808189,0.0,0,-0.0,1058.0533147457788
2022-12-18,22200446.0,new york knicks,1.79,0.5759206562318636,0.03089797465503591,41.38190443378709,1,32.691704502691806,1090.7450192484707
2022-12-18,22200447.0,detroit pistons,3.27,0.297263573199625,-0.027948115637226323,0.0,0,-0.0,1090.7450192484707
2022-12-18,22200448.0,golden state warriors,2.63,0.5540554022947606,0.4571657080352203,54.53725096242354,1,88.89571906875037,1179.6407383172211
2022-12-18,22200449.0,minnesota timberwolves,1.87,0.6734117018798499,0.2592798825153194,58.98203691586106,1,51.31437211679913,1230.9551104340203
2022-12-18,22200450.0,denver nuggets,1.21,0.8077031153446022,-0.02267923043303144,0.0,1,0.0,1230.9551104340203
2022-12-18,22200451.0,los angeles lakers,1.57,0.7134532087890028,0.12012153779873436,61.54775552170102,1,35.08222064736959,1266.03733108139
2022-12-19,22200452.0,utah jazz,2.78,0.3841234910666995,0.0678633051654246,48.26824592696409,0,-48.26824592696409,1217.769085154426
2022-12-19,22200453.0,philadelphia 76ers,1.28,0.752739013023105,-0.036494063330425625,0.0,1,0.0,1217.769085154426
2022-12-19,22200454.0,orlando magic,3.23,0.27758309879499893,-0.10340659089215343,0.0,0,-0.0,1217.769085154426
2022-12-19,22200455.0,houston rockets,1.45,0.5913264007258164,-0.14257671894756618,0.0,0,-0.0,1217.769085154426
2022-12-19,22200456.0,minnesota timberwolves,2.43,0.5887517905280171,0.43066685098308155,60.8884542577213,1,87.07048958854146,1304.8395747429674
2022-12-19,22200457.0,new orleans pelicans,1.77,0.6037619877697926,0.06865871835253295,65.24197873714837,0,-65.24197873714837,1239.597596005819
2022-12-19,22200458.0,oklahoma city thunder,2.19,0.5288940150411547,0.15827789294012884,61.97987980029095,1,73.75605696234624,1313.3536529681653
2022-12-19,22200459.0,los angeles lakers,4.27,0.26888013834824503,0.14811819074700627,59.48977580691627,0,-59.48977580691627,1253.863877161249
2022-12-19,22200460.0,sacramento kings,1.15,0.7560674902286656,-0.13052238623703463,0.0,0,-0.0,1253.863877161249
2022-12-20,22200461.0,utah jazz,1.59,0.6331275925953758,0.0066728722266475304,14.181141426959133,1,8.36687344190589,1262.230750603155
2022-12-20,22200462.0,miami heat,1.72,0.7054350010030858,0.21334820172530744,63.111537530157754,0,-63.111537530157754,1199.1192130729974
2022-12-20,22200463.0,golden state warriors,2.57,0.4258800361135916,0.09451169281193039,59.95596065364987,0,-59.95596065364987,1139.1632524193474
2022-12-20,22200464.0,phoenix suns,1.27,0.8399667236751064,0.06675773906738514,56.95816262096737,0,-56.95816262096737,1082.20508979838
2022-12-20,22200465.0,memphis grizzlies,1.73,0.6131253524301015,0.06070685970407552,54.110254489919,0,-54.110254489919,1028.094835308461
2022-12-21,22200466.0,milwaukee bucks,1.95,0.46177962697030667,-0.09952972740790195,0.0,0,-0.0,1028.094835308461
2022-12-21,22200467.0,philadelphia 76ers,1.09,0.8380833781364996,-0.08648911783121539,0.0,1,0.0,1028.094835308461
2022-12-21,22200468.0,atlanta hawks,1.41,0.5970546858582401,-0.15815289293988155,0.0,0,-0.0,1028.094835308461
2022-12-21,22200469.0,boston celtics,1.17,0.8111240996269242,-0.05098480343649872,0.0,0,-0.0,1028.094835308461
2022-12-21,22200470.0,golden state warriors,4.42,0.3271140347248529,0.4458440334838498,51.40474176542305,0,-51.40474176542305,976.6900935430378
2022-12-21,22200471.0,new york knicks,1.64,0.7870993965848717,0.2908430103991896,48.8345046771519,0,-48.8345046771519,927.8555888658859
2022-12-21,22200473.0,minnesota timberwolves,1.98,0.6032985548647563,0.19453113863221738,46.3927794432943,0,-46.3927794432943,881.4628094225916
2022-12-21,22200474.0,oklahoma city thunder,2.16,0.5308465397054387,0.14662852576374774,44.073140471129584,1,51.12484294651032,932.5876523691019
2022-12-21,22200475.0,los angeles lakers,3.39,0.32431453918140946,0.0994262878249782,38.79653905710085,0,-38.79653905710085,893.791113312001
2022-12-21,22200476.0,los angeles clippers,1.19,0.7003683187600294,-0.16656170067556508,0.0,1,0.0,893.791113312001
2022-12-22,22200477.0,new orleans pelicans,1.21,0.8160841045343685,-0.012538233513414099,0.0,1,0.0,893.791113312001
2022-12-22,22200478.0,utah jazz,1.28,0.7650355023748975,-0.020754556960131204,0.0,1,0.0,893.791113312001
2022-12-23,22200479.0,orlando magic,1.34,0.6647490202092953,-0.10923631291954428,0.0,1,0.0,893.791113312001
2022-12-23,22200480.0,philadelphia 76ers,1.49,0.6948496609146183,0.035325994762781254,44.689555665600054,1,21.897882276144024,915.6889955881451
2022-12-23,22200481.0,atlanta hawks,1.18,0.7742362439749879,-0.08640123210951431,0.0,1,0.0,915.6889955881451
2022-12-23,22200482.0,minnesota timberwolves,3.56,0.3061544361180667,0.0899097925803175,32.15992486773804,0,-32.15992486773804,883.529070720407
2022-12-23,22200483.0,brooklyn nets,1.62,0.5725341127314545,-0.07249473737504364,0.0,1,0.0,883.529070720407
2022-12-23,22200484.0,cleveland cavaliers,1.41,0.7811519656076059,0.10142427150672428,44.176453536020354,0,-44.176453536020354,839.3526171843866
2022-12-23,22200485.0,new york knicks,1.34,0.719496969895152,-0.03587406034049628,0.0,0,-0.0,839.3526171843866
2022-12-23,22200486.0,miami heat,1.34,0.6844743230203179,-0.08280440715277401,0.0,0,-0.0,839.3526171843866
2022-12-23,22200487.0,dallas mavericks,1.29,0.6932263627479384,-0.10573799205515949,0.0,1,0.0,839.3526171843866
2022-12-23,22200488.0,new orleans pelicans,1.86,0.5803327668624434,0.07941894636414476,41.967630859219334,1,36.09216253892863,875.4447797233153
2022-12-23,22200489.0,denver nuggets,1.37,0.6568823822981276,-0.10007113625156516,0.0,1,0.0,875.4447797233153
2022-12-23,22200490.0,phoenix suns,2.02,0.6337558814748908,0.28018688057927943,43.77223898616577,0,-43.77223898616577,831.6725407371495
2022-12-23,22200491.0,sacramento kings,1.24,0.7448909752700897,-0.07633519066508873,0.0,0,-0.0,831.6725407371495
2022-12-23,22200492.0,los angeles lakers,1.57,0.7138569445877381,0.12075540300274884,41.58362703685748,0,-41.58362703685748,790.088913700292
2022-12-25,22200493.0,new york knicks,1.92,0.6237911409054133,0.19767899053839355,39.5044456850146,0,-39.5044456850146,750.5844680152774
2022-12-25,22200494.0,dallas mavericks,1.28,0.7738278318582948,-0.009500375221382584,0.0,1,0.0,750.5844680152774
2022-12-25,22200495.0,milwaukee bucks,2.49,0.4123645943883733,0.026787840027049703,13.494319903343255,0,-13.494319903343255,737.0901481119341
2022-12-25,22200496.0,golden state warriors,2.88,0.5000174097569448,0.4400501401000009,36.854507405596706,1,69.28647392252181,806.376622034456
2022-12-25,22200497.0,phoenix suns,2.22,0.4267097329024019,-0.052704392956667734,0.0,0,-0.0,806.376622034456
2022-12-26,22200498.0,cleveland cavaliers,1.64,0.5861326748509411,-0.03874241324445665,0.0,0,-0.0,806.376622034456
2022-12-26,22200499.0,detroit pistons,2.53,0.3646457736676146,-0.07744619262093522,0.0,0,-0.0,806.376622034456
2022-12-26,22200500.0,miami heat,1.77,0.6479386669389494,0.1468514404819405,40.3188311017228,1,31.045499948326558,837.4221219827825
2022-12-26,22200501.0,chicago bulls,1.29,0.7086539294816977,-0.08583643096860993,0.0,0,-0.0,837.4221219827825
2022-12-26,22200502.0,new orleans pelicans,1.67,0.7490785770909777,0.25096122374193275,41.871106099139126,1,28.053641086423212,865.4757630692058
2022-12-26,22200503.0,utah jazz,1.43,0.6488019893018712,-0.07221315529832428,0.0,0,-0.0,865.4757630692058
2022-12-26,22200504.0,portland trail blazers,1.39,0.6553125746038576,-0.08911552130063799,0.0,1,0.0,865.4757630692058
2022-12-27,22200505.0,orlando magic,1.53,0.6441991882669653,-0.01437524195154305,0.0,0,-0.0,865.4757630692058
2022-12-27,22200506.0,philadelphia 76ers,1.43,0.6241615253994259,-0.10744901867882095,0.0,0,-0.0,865.4757630692058
2022-12-27,22200507.0,boston celtics,1.03,0.8762597222606716,-0.09745248607150822,0.0,1,0.0,865.4757630692058
2022-12-27,22200509.0,los angeles clippers,2.13,0.44415524535739176,-0.053949327388755575,0.0,1,0.0,865.4757630692058
2022-12-27,22200510.0,phoenix suns,3.05,0.3975866009968237,0.21263913304031212,43.27378815346029,1,88.71126571459358,954.1870287837993
2022-12-27,22200511.0,oklahoma city thunder,1.3,0.6526361154420898,-0.15157304992528328,0.0,1,0.0,954.1870287837993
2022-12-27,22200512.0,new york knicks,2.52,0.43117023545508626,0.08654899334681743,47.709351439189966,0,-47.709351439189966,906.4776773446093
2022-12-27,22200513.0,golden state warriors,1.41,0.7789119015893835,0.09826578124103069,45.32388386723047,1,18.58279238556449,925.0604697301738
2022-12-28,22200515.0,orlando magic,1.75,0.5815290212659561,0.017675787215423122,21.801562699133218,0,-21.801562699133218,903.2589070310406
2022-12-28,22200516.0,phoenix suns,1.62,0.6042992691502148,-0.02103518397665194,0.0,0,-0.0,903.2589070310406
2022-12-28,22200517.0,atlanta hawks,2.96,0.4776953631762313,0.41397827500164464,45.16294535155203,0,-45.16294535155203,858.0959616794886
2022-12-28,22200518.0,los angeles lakers,3.62,0.33984932301385157,0.23025454931014266,42.904798083974434,0,-42.904798083974434,815.1911635955141
2022-12-28,22200519.0,milwaukee bucks,1.61,0.5885241115769704,-0.05247618036107765,0.0,0,-0.0,815.1911635955141
2022-12-28,22200520.0,new orleans pelicans,1.33,0.7326141566373335,-0.025623171672346345,0.0,1,0.0,815.1911635955141
2022-12-28,22200521.0,golden state warriors,2.24,0.6248665833218081,0.3997011466408503,40.75955817977571,1,50.54185214292189,865.733015738436
2022-12-29,22200523.0,oklahoma city thunder,1.97,0.5387288069798792,0.061295749750362116,43.286650786921804,0,-43.286650786921804,822.4463649515143
2022-12-29,22200524.0,indiana pacers,2.19,0.4627006906089434,0.013314512433586168,9.202077606810658,1,10.950472352104683,833.396837303619
2022-12-29,22200525.0,boston celtics,1.31,0.7701001984066917,0.008831259912766232,23.741755099050355,1,7.359944080705612,840.7567813843247
2022-12-29,22200526.0,toronto raptors,2.18,0.43872024966407325,-0.043589855732320326,0.0,0,-0.0,840.7567813843247
2022-12-29,22200527.0,san antonio spurs,2.32,0.42196933937109227,-0.021031132659065976,0.0,1,0.0,840.7567813843247
2022-12-29,22200528.0,dallas mavericks,1.16,0.8180635721619876,-0.0510462562920945,0.0,1,0.0,840.7567813843247
2022-12-30,22200529.0,orlando magic,2.28,0.5752316166672666,0.31152808600136783,42.03783906921623,0,-42.03783906921623,798.7189423151084
2022-12-30,22200530.0,los angeles lakers,2.63,0.4430300955223051,0.16516915122366238,39.935947115755425,1,65.09559379868134,863.8145361137897
2022-12-30,22200531.0,phoenix suns,1.92,0.5435210701266389,0.04356045464314662,40.900167304864645,0,-40.900167304864645,822.914368808925
2022-12-30,22200532.0,chicago bulls,1.27,0.7206899936804124,-0.0847237080258762,0.0,1,0.0,822.914368808925
2022-12-30,22200533.0,minnesota timberwolves,3.04,0.31092653876915594,-0.054783322141765844,0.0,0,-0.0,822.914368808925
2022-12-30,22200534.0,new orleans pelicans,1.8,0.6062623082604568,0.09127215486882223,41.14571844044625,1,32.916574752357,855.830943561282
2022-12-30,22200535.0,denver nuggets,1.48,0.6309443804752102,-0.06620231689668893,0.0,1,0.0,855.830943561282
2022-12-30,22200536.0,golden state warriors,1.8,0.6494509052234816,0.16901162940226688,42.7915471780641,1,34.23323774245128,890.0641813037332
2022-12-30,22200537.0,sacramento kings,1.53,0.5824132731417169,-0.10890769209317319,0.0,1,0.0,890.0641813037332
2022-12-31,22200538.0,indiana pacers,1.97,0.5284184028962808,0.04098425370567327,37.606820846272754,1,36.47861622088457,926.5427975246178
2022-12-31,22200539.0,brooklyn nets,1.36,0.6974456761729768,-0.05147388040475148,0.0,1,0.0,926.5427975246178
2022-12-31,22200540.0,cleveland cavaliers,1.75,0.5099745271100726,-0.1075445775573729,0.0,1,0.0,926.5427975246178
2022-12-31,22200541.0,new york knicks,1.53,0.648609620836868,-0.007627280119591906,0.0,1,0.0,926.5427975246178
2022-12-31,22200542.0,san antonio spurs,2.98,0.29809837320114535,-0.11166684786058689,0.0,0,-0.0,926.5427975246178
2022-12-31,22200543.0,new orleans pelicans,2.76,0.36363201319230476,0.003624356410761087,1.9080234818482165,0,-1.9080234818482165,924.6347740427695
2022-12-31,22200544.0,minnesota timberwolves,1.31,0.7709046286058852,0.009885063473709599,29.484107843264223,0,-29.484107843264223,895.1506661995053
2022-12-31,22200545.0,philadelphia 76ers,1.62,0.6591512296638383,0.06782499205541814,44.757533309975265,1,27.74967065218467,922.90033685169
2022-12-31,22200546.0,miami heat,2.24,0.4604892399567055,0.0314958975030204,23.44159227014824,1,29.067574414983824,951.9679112666738
2023-01-01,22200547.0,memphis grizzlies,1.51,0.7429130547156926,0.1217987126206958,47.598395563333696,1,24.275181737300187,976.243093003974
2023-01-01,22200548.0,milwaukee bucks,1.62,0.7406348072915555,0.19982838781231999,48.8121546501987,0,-48.8121546501987,927.4309383537752
2023-01-01,22200549.0,denver nuggets,2.17,0.5166940537593694,0.12122609665783157,46.37154691768876,1,54.254709893695846,981.685648247471
2023-01-02,22200550.0,new york knicks,1.64,0.621954840912039,0.02000593909574394,30.686786390632527,1,19.639543290004813,1001.3251915374758
2023-01-02,22200551.0,los angeles lakers,1.93,0.6001518215372698,0.15829301556693065,50.06625957687379,1,46.56162140649262,1047.8868129439684
2023-01-02,22200552.0,cleveland cavaliers,1.53,0.7077785419989648,0.08290116925841623,52.39434064719842,1,27.769000543015164,1075.6558134869836
2023-01-02,22200553.0,indiana pacers,1.94,0.5897236769496488,0.1440639332823186,53.78279067434918,1,50.555823233888226,1126.2116367208719
2023-01-02,22200554.0,new orleans pelicans,2.42,0.39026780343716416,-0.05555191568206275,0.0,0,-0.0,1126.2116367208719
2023-01-02,22200555.0,brooklyn nets,1.08,0.8514065267655493,-0.08048095109320672,0.0,1,0.0,1126.2116367208719
2023-01-02,22200556.0,dallas mavericks,1.3,0.6849223428368828,-0.10960095431205233,0.0,1,0.0,1126.2116367208719
2023-01-02,22200557.0,minnesota timberwolves,2.3,0.42968784398104287,-0.011717958843601495,0.0,1,0.0,1126.2116367208719
2023-01-02,22200558.0,golden state warriors,1.74,0.6611704308700191,0.1504365497138333,56.310581836043596,1,41.66983055867226,1167.881467279544
2023-01-02,22200559.0,detroit pistons,3.82,0.2924224674418697,0.11705382562794231,48.476948093987644,0,-48.476948093987644,1119.4045191855564
2023-01-02,22200560.0,los angeles clippers,1.83,0.5812348865496901,0.06365984238593297,55.970225959277826,0,-55.970225959277826,1063.4342932262787
2023-01-03,22200561.0,washington wizards,3.17,0.3320161088009162,0.052491064898904316,25.723870277170985,0,-25.723870277170985,1037.7104229491076
2023-01-03,22200562.0,oklahoma city thunder,4.53,0.32269363570610926,0.46180216974867494,51.885521147455385,1,183.15588965051754,1220.8663125996252
2023-01-03,22200563.0,utah jazz,1.56,0.6182178887745214,-0.03558009351174651,0.0,0,-0.0,1220.8663125996252
2023-01-04,22200564.0,memphis grizzlies,1.31,0.7394528057499241,-0.03131682446759937,0.0,1,0.0,1220.8663125996252
2023-01-04,22200565.0,phoenix suns,2.54,0.39169228390134847,-0.005101598890574821,0.0,0,-0.0,1220.8663125996252
2023-01-04,22200566.0,orlando magic,1.89,0.5584855128743537,0.055537619332528376,61.043315629981265,1,54.32855091068332,1275.1948635103086
2023-01-04,22200567.0,philadelphia 76ers,1.45,0.6962816389287207,0.009608376446645028,27.227893980967046,1,12.252552291435169,1287.4474158017438
2023-01-04,22200568.0,new york knicks,1.18,0.7869397900238508,-0.07141104777185606,0.0,1,0.0,1287.4474158017438
2023-01-04,22200569.0,milwaukee bucks,2.54,0.4931188878134106,0.252521975046063,64.37237079008719,1,99.13345101673427,1386.580866818478
2023-01-04,22200570.0,chicago bulls,2.48,0.3656357633894401,-0.09322330679418867,0.0,1,0.0,1386.580866818478
2023-01-04,22200571.0,minnesota timberwolves,1.91,0.6708547484292636,0.2813325694998935,69.3290433409239,1,63.08942944024075,1449.6702962587187
2023-01-04,22200572.0,new orleans pelicans,1.32,0.8538858949626005,0.12712938135063268,72.48351481293594,1,23.194724740139506,1472.8650209988582
2023-01-04,22200573.0,golden state warriors,1.33,0.7787109842784248,0.03568560909030499,73.64325104994292,0,-73.64325104994292,1399.2217699489154
2023-01-04,22200574.0,los angeles lakers,3.47,0.5031728335089762,0.7460097322761476,69.96108849744577,1,172.80388858869108,1572.0256585376064
2023-01-04,22200575.0,sacramento kings,1.74,0.6618555887213264,0.151628724375108,78.60128292688033,0,-78.60128292688033,1493.4243756107262
2023-01-05,22200576.0,orlando magic,2.98,0.34553308643270164,0.02968859756945086,22.392765296926907,0,-22.392765296926907,1471.0316103137993
2023-01-05,22200577.0,dallas mavericks,2.14,0.5552367185605677,0.1882065777196149,73.55158051568996,0,-73.55158051568996,1397.4800297981094
2023-01-05,22200578.0,houston rockets,2.95,0.38048962092103134,0.12244438171704253,69.87400148990547,0,-69.87400148990547,1327.606028308204
2023-01-05,22200579.0,denver nuggets,1.49,0.6582701620713757,-0.01917745851365027,0.0,1,0.0,1327.606028308204
2023-01-06,22200580.0,indiana pacers,1.75,0.6769040051424577,0.1845820089993011,66.3803014154102,1,49.78522606155765,1377.3912543697618
2023-01-06,22200581.0,philadelphia 76ers,1.43,0.6927988483163171,-0.009297646907666601,0.0,0,-0.0,1377.3912543697618
2023-01-06,22200582.0,new york knicks,2.27,0.562648652108723,0.27721244028680114,68.8695627184881,1,87.46434465247988,1464.8555990222417
2023-01-06,22200583.0,milwaukee bucks,1.17,0.7732262887375517,-0.09532524217706453,0.0,0,-0.0,1464.8555990222417
2023-01-06,22200585.0,san antonio spurs,1.74,0.5904716878679894,0.02742073689030161,54.280297247397364,1,40.167419963074046,1505.0230189853157
2023-01-06,22200586.0,new orleans pelicans,2.36,0.5454832948377286,0.2873405758170394,75.25115094926579,0,-75.25115094926579,1429.77186803605
2023-01-06,22200587.0,los angeles clippers,2.56,0.3710214680778658,-0.050185041720663515,0.0,0,-0.0,1429.77186803605
2023-01-06,22200588.0,denver nuggets,1.43,0.6782318357767386,-0.030128474839263786,0.0,1,0.0,1429.77186803605
2023-01-06,22200589.0,phoenix suns,1.82,0.628216377822049,0.14335380763612915,71.4885934018025,0,-71.4885934018025,1358.2832746342474
2023-01-06,22200590.0,los angeles lakers,2.05,0.6076963695507994,0.24577755757913866,67.91416373171238,1,71.30987191829799,1429.5931465525455
2023-01-07,22200591.0,san antonio spurs,6.83,0.28929333747657165,0.9758734949649843,71.47965732762728,0,-71.47965732762728,1358.113489224918
2023-01-07,22200592.0,chicago bulls,1.98,0.586259291986844,0.1607933981339511,67.90567446124591,1,66.54756097202099,1424.6610501969392
2023-01-07,22200593.0,new orleans pelicans,3.51,0.40101210912727814,0.4075525030367463,71.23305250984696,0,-71.23305250984696,1353.4279976870923
2023-01-07,22200594.0,golden state warriors,1.33,0.7247435023126356,-0.036091141924194575,0.0,0,-0.0,1353.4279976870923
2023-01-07,22200595.0,los angeles lakers,3.14,0.36490102747784875,0.14578922628044522,67.67139988435461,1,144.81679575251889,1498.2447934396112
2023-01-08,22200596.0,philadelphia 76ers,1.39,0.6787782132352614,-0.05649828360298664,0.0,1,0.0,1498.2447934396112
2023-01-08,22200597.0,toronto raptors,1.58,0.6267749360666071,-0.009695601014760802,0.0,1,0.0,1498.2447934396112
2023-01-08,22200598.0,indiana pacers,1.41,0.7431008045968465,0.04777213448155343,74.91223967198056,1,30.714018265512024,1528.9588117051233
2023-01-08,22200600.0,memphis grizzlies,1.39,0.8418800722008702,0.17021330035920956,76.44794058525616,1,29.814696828249897,1558.7735085333732
2023-01-08,22200601.0,minnesota timberwolves,1.54,0.6543220496288545,0.007655956428436028,22.09981863542937,1,11.93390206313186,1570.707410596505
2023-01-08,22200602.0,dallas mavericks,2.26,0.5086651884467498,0.1495833258896544,78.53537052982526,0,-78.53537052982526,1492.1720400666798
2023-01-08,22200603.0,phoenix suns,2.7,0.5699773765367805,0.5389389166493074,74.60860200333398,0,-74.60860200333398,1417.5634380633458
2023-01-08,22200604.0,los angeles clippers,1.66,0.6350689679367685,0.05421448677503565,70.87817190316728,0,-70.87817190316728,1346.6852661601786
2023-01-09,22200605.0,new orleans pelicans,1.91,0.6127151793522864,0.17028599256286692,67.33426330800893,1,61.27417961028812,1407.9594457704668
2023-01-09,22200606.0,boston celtics,1.22,0.7547879445643765,-0.07915870763146071,0.0,1,0.0,1407.9594457704668
2023-01-09,22200607.0,new york knicks,1.81,0.6035264410347554,0.09238285827290726,70.39797228852335,0,-70.39797228852335,1337.5614734819435
2023-01-09,22200608.0,memphis grizzlies,1.15,0.8554945873768558,-0.01618122451661591,0.0,1,0.0,1337.5614734819435
2023-01-09,22200609.0,los angeles lakers,5.27,0.21530160583802085,0.13463946276636973,42.17530637156974,0,-42.17530637156974,1295.3861671103737
2023-01-09,22200610.0,orlando magic,2.82,0.31489513819532666,-0.11199571028917887,0.0,0,-0.0,1295.3861671103737
2023-01-10,22200611.0,miami heat,1.73,0.708749864565678,0.2261372656986229,64.76930835551869,1,47.281595099528644,1342.6677622099023
2023-01-10,22200612.0,philadelphia 76ers,1.05,0.8244047316830571,-0.13437503173279006,0.0,1,0.0,1342.6677622099023
2023-01-10,22200613.0,charlotte hornets,3.11,0.3239134924937285,0.007370961655495778,4.69040407171541,0,-4.69040407171541,1337.977358138187
2023-01-10,22200614.0,utah jazz,2.04,0.5562321949589314,0.13471367771622,66.89886790690935,1,69.57482262318572,1407.5521807613727
2023-01-10,22200615.0,phoenix suns,4.65,0.32831143439119204,0.5266481699190432,70.37760903806864,1,256.8782729889506,1664.4304537503233
2023-01-10,22200616.0,orlando magic,3.24,0.38536574729068274,0.24858502122181214,83.22152268751617,1,186.41621082003624,1850.8466645703595
2023-01-11,22200618.0,minnesota timberwolves,1.38,0.643836096291438,-0.11150618711781562,0.0,0,-0.0,1850.8466645703595
2023-01-11,22200619.0,washington wizards,1.88,0.5525883251611694,0.03886605130299842,81.74443343088079,1,71.93510141917508,1922.7817659895345
2023-01-11,22200621.0,new orleans pelicans,3.61,0.36563628427795175,0.3199469862434057,96.13908829947673,0,-96.13908829947673,1826.6426776900578
2023-01-11,22200622.0,new york knicks,1.46,0.6338918494697784,-0.0745178997741236,0.0,1,0.0,1826.6426776900578
2023-01-11,22200623.0,memphis grizzlies,1.07,0.8572818693289405,-0.08270839981803366,0.0,1,0.0,1826.6426776900578
2023-01-11,22200624.0,phoenix suns,6.55,0.26913706714256996,0.762847789783833,91.3321338845029,0,-91.3321338845029,1735.310543805555
2023-01-11,22200625.0,sacramento kings,1.21,0.8285582443918306,0.002555475714114963,21.116875957822504,1,4.434543951142725,1739.7450877566978
2023-01-12,22200626.0,oklahoma city thunder,3.92,0.24772046065494743,-0.02893579423260606,0.0,1,0.0,1739.7450877566978
2023-01-12,22200627.0,brooklyn nets,1.83,0.58697867748454,0.07417097979670828,86.9872543878349,0,-86.9872543878349,1652.757833368863
2023-01-12,22200628.0,milwaukee bucks,2.61,0.3696039060783405,-0.035333805135531415,0.0,0,-0.0,1652.757833368863
2023-01-12,22200629.0,charlotte hornets,3.11,0.3256476497475914,0.012764190715009227,9.998159332154318,0,-9.998159332154318,1642.7596740367087
2023-01-12,22200630.0,los angeles lakers,2.02,0.5297601414351384,0.07011548569897952,82.13798370183544,0,-82.13798370183544,1560.6216903348732
2023-01-12,22200631.0,cleveland cavaliers,1.76,0.6493284666883049,0.14281810137141665,78.03108451674366,1,59.303624232725184,1619.9253145675984
2023-01-13,22200632.0,new orleans pelicans,1.4,0.6897062114063581,-0.03441130403109871,0.0,1,0.0,1619.9253145675984
2023-01-13,22200633.0,indiana pacers,2.16,0.5957530404916113,0.2868265674618804,80.99626572837992,0,-80.99626572837992,1538.9290488392185
2023-01-13,22200634.0,washington wizards,2.17,0.49966597317124456,0.08427516178160055,76.94645244196093,0,-76.94645244196093,1461.9825963972576
2023-01-13,22200635.0,san antonio spurs,3.46,0.37776983706659983,0.30708363625043544,73.09912981986288,0,-73.09912981986288,1388.8834665773948
2023-01-13,22200636.0,chicago bulls,1.48,0.6451498155429111,-0.04517827299649163,0.0,0,-0.0,1388.8834665773948
2023-01-13,22200637.0,phoenix suns,2.67,0.37981039739543343,0.014093761045807285,11.721312394260043,0,-11.721312394260043,1377.1621541831348
2023-01-13,22200638.0,utah jazz,1.41,0.6898016359400326,-0.027379693324554033,0.0,1,0.0,1377.1621541831348
2023-01-13,22200639.0,denver nuggets,2.4,0.5463369944060844,0.3112087865746025,68.85810770915674,1,96.40135079281943,1473.5635049759542
2023-01-13,22200640.0,sacramento kings,1.2,0.8239327354310297,-0.011280717482764352,0.0,1,0.0,1473.5635049759542
2023-01-14,22200641.0,milwaukee bucks,2.22,0.3921607849536931,-0.12940305740280122,0.0,0,-0.0,1473.5635049759542
2023-01-14,22200642.0,boston celtics,1.26,0.7278868156390015,-0.08286261229485811,0.0,1,0.0,1473.5635049759542
2023-01-14,22200643.0,indiana pacers,3.18,0.4416077576794204,0.404312669420557,73.67817524879771,0,-73.67817524879771,1399.8853297271564
2023-01-14,22200644.0,atlanta hawks,3.01,0.3916763627457982,0.17894585186485246,69.99426648635783,1,140.68847563757922,1540.5738053647356
2023-01-14,22200645.0,minnesota timberwolves,2.32,0.4963269632700478,0.15147855478651084,77.02869026823679,1,101.67787115407255,1642.2516765188082
2023-01-14,22200646.0,utah jazz,3.03,0.5094130124028287,0.5435214275805706,82.11258382594042,0,-82.11258382594042,1560.1390926928677
2023-01-14,22200647.0,dallas mavericks,2.12,0.5704640893721316,0.20938386946891896,78.00695463464339,0,-78.00695463464339,1482.1321380582244
2023-01-15,22200648.0,detroit pistons,3.3,0.2777912004637514,-0.08328903846962044,0.0,0,-0.0,1482.1321380582244
2023-01-15,22200649.0,los angeles clippers,1.19,0.7570689717357124,-0.09908792363450228,0.0,1,0.0,1482.1321380582244
2023-01-15,22200650.0,chicago bulls,2.61,0.5500365207330188,0.43559531911317895,74.10660690291122,1,119.31163711368706,1601.4437751719115
2023-01-15,22200651.0,brooklyn nets,1.48,0.7667922450602802,0.13485252268921472,80.07218875859559,0,-80.07218875859559,1521.371586413316
2023-01-15,22200652.0,san antonio spurs,2.9,0.3087446050212724,-0.1046406454383102,0.0,0,-0.0,1521.371586413316
2023-01-15,22200653.0,denver nuggets,1.17,0.806300734449136,-0.05662814069451097,0.0,1,0.0,1521.371586413316
2023-01-15,22200654.0,dallas mavericks,3.68,0.563804741361129,1.0748014482089547,76.0685793206658,0,-76.0685793206658,1445.3030070926502
2023-01-15,22200655.0,los angeles lakers,2.42,0.48344858521888867,0.16994557622971052,72.26515035463251,0,-72.26515035463251,1373.0378567380176
2023-01-16,22200656.0,boston celtics,1.25,0.719800714576092,-0.10024910677988505,0.0,1,0.0,1373.0378567380176
2023-01-16,22200657.0,milwaukee bucks,1.41,0.665344700307271,-0.06186397256674797,0.0,1,0.0,1373.0378567380176
2023-01-16,22200658.0,new orleans pelicans,3.0,0.453510027284545,0.3605300818536349,68.65189283690088,0,-68.65189283690088,1304.3859639011166
2023-01-16,22200659.0,new york knicks,1.74,0.7214828694116335,0.25538019277624235,65.21929819505583,0,-65.21929819505583,1239.1666657060607
2023-01-16,22200660.0,washington wizards,2.14,0.5703736387392814,0.22059958690206216,61.95833328530304,0,-61.95833328530304,1177.2083324207576
2023-01-16,22200662.0,minnesota timberwolves,1.53,0.646404600941122,-0.011000960560083373,0.0,0,-0.0,1177.2083324207576
2023-01-16,22200663.0,phoenix suns,5.07,0.21432162790267953,0.08661065346658525,25.051298018985484,0,-25.051298018985484,1152.157034401772
2023-01-16,22200664.0,los angeles lakers,1.3,0.8056021827682769,0.04728283759875998,57.607851720088604,1,17.282355516026584,1169.4393899177987
2023-01-17,22200665.0,milwaukee bucks,1.75,0.6712685883457011,0.174720029604977,58.47196949588994,1,43.85397712191745,1213.2933670397163
2023-01-17,22200666.0,brooklyn nets,1.64,0.7078585387353363,0.1608880035259515,60.66466835198582,0,-60.66466835198582,1152.6286986877305
2023-01-17,22200667.0,denver nuggets,1.37,0.748552324299074,0.025516684289731528,57.63143493438653,1,21.323630925723023,1173.9523296134535
2023-01-17,22200668.0,philadelphia 76ers,1.85,0.5524389112433796,0.022011985800252376,30.401202364264154,1,25.841022009624535,1199.793351623078
2023-01-18,22200669.0,new york knicks,1.43,0.7396720667710572,0.057731055482611815,59.9896675811539,0,-59.9896675811539,1139.803684041924
2023-01-18,22200670.0,dallas mavericks,1.68,0.6499155398654307,0.09185810697392355,56.9901842020962,0,-56.9901842020962,1082.8134998398277
2023-01-18,22200671.0,houston rockets,2.1,0.4635774928659652,-0.026487264981472913,0.0,0,-0.0,1082.8134998398277
2023-01-18,22200672.0,cleveland cavaliers,3.2,0.33651420637358886,0.07684546039548446,37.822409962562446,0,-37.822409962562446,1044.9910898772653
2023-01-18,22200673.0,new orleans pelicans,2.21,0.6276759372600816,0.38716382134478045,52.249554493863265,0,-52.249554493863265,992.741535383402
2023-01-18,22200674.0,oklahoma city thunder,1.53,0.6742522621358807,0.03160596106789754,49.63707676917011,1,26.307650687660157,1019.0491860710622
2023-01-18,22200675.0,los angeles clippers,3.48,0.38577705828232106,0.3425041628224772,50.95245930355311,0,-50.95245930355311,968.096726767509
2023-01-18,22200676.0,minnesota timberwolves,3.9,0.23569630360863242,-0.08078441592633367,0.0,0,-0.0,968.096726767509
2023-01-19,22200678.0,detroit pistons,3.11,0.33176058237284,0.03177541117953242,14.578991258102867,0,-14.578991258102867,953.5177355094062
2023-01-19,22200679.0,boston celtics,1.3,0.7906952430540594,0.02790381597027719,47.67588677547031,1,14.302766032641095,967.8205015420473
2023-01-19,22200680.0,minnesota timberwolves,2.35,0.670706821908816,0.5761610314857177,48.39102507710237,1,65.3278838540882,1033.1483853961354
2023-01-19,22200681.0,phoenix suns,2.16,0.43697918884468456,-0.056124952095481295,0.0,1,0.0,1033.1483853961354
2023-01-19,22200682.0,philadelphia 76ers,1.69,0.6577786597595455,0.1116459349936319,51.65741926980677,1,35.64361929616667,1068.792004692302
2023-01-20,22200683.0,new orleans pelicans,1.82,0.5718169060746013,0.04070676905577447,53.05740158983874,0,-53.05740158983874,1015.7346031024633
2023-01-20,22200684.0,new york knicks,2.19,0.4260160647673379,-0.0670248181595301,0.0,0,-0.0,1015.7346031024633
2023-01-20,22200685.0,golden state warriors,4.4,0.3115494310207319,0.37081749649122053,50.786730155123166,1,172.6748825274188,1188.409485629882
2023-01-20,22200686.0,dallas mavericks,2.0,0.5307435781786697,0.06148715635733937,59.42047428149411,1,59.42047428149411,1247.8299599113761
2023-01-20,22200687.0,san antonio spurs,3.21,0.382367129309594,0.2273984850837968,62.39149799556881,0,-62.39149799556881,1185.4384619158072
2023-01-20,22200688.0,denver nuggets,1.27,0.7414851782845175,-0.058313823578662716,0.0,1,0.0,1185.4384619158072
2023-01-20,22200689.0,brooklyn nets,2.46,0.5269921442011011,0.29640067473470866,59.27192309579036,1,86.53700771985393,1271.9754696356613
2023-01-20,22200690.0,los angeles lakers,2.76,0.3674978317645556,0.01429401567017341,10.330475735822912,1,18.181637295048322,1290.1571069307097
2023-01-20,22200691.0,oklahoma city thunder,2.5,0.43593185448200733,0.08982963620501827,64.5078553465355,0,-64.5078553465355,1225.6492515841742
2023-01-21,22200692.0,boston celtics,1.6,0.592012827323172,-0.05277947628292484,0.0,1,0.0,1225.6492515841742
2023-01-21,22200693.0,orlando magic,2.82,0.3648087213893803,0.028760594318052335,19.36835214342687,0,-19.36835214342687,1206.2808994407474
2023-01-21,22200694.0,atlanta hawks,1.28,0.7794226799025659,-0.0023389697247156727,0.0,0,-0.0,1206.2808994407474
2023-01-21,22200695.0,cleveland cavaliers,1.61,0.604596804977846,-0.026599143985667928,0.0,1,0.0,1206.2808994407474
2023-01-21,22200696.0,minnesota timberwolves,1.25,0.8492948907315366,0.06161861341442079,60.31404497203737,1,15.078511243009343,1221.3594106837568
2023-01-21,22200697.0,phoenix suns,1.61,0.642795308222285,0.03490044623787897,61.06797053418784,1,37.25146202585459,1258.6108727096114
2023-01-21,22200698.0,philadelphia 76ers,2.3,0.44837395558210424,0.03126009783883965,30.26484540148447,1,39.34429902192981,1297.9551717315412
2023-01-22,22200699.0,new orleans pelicans,3.1,0.36626557319534814,0.1354232769055792,64.89775858657707,0,-64.89775858657707,1233.0574131449641
2023-01-22,22200700.0,new york knicks,1.94,0.5442607331761433,0.055865822361718,61.65287065724821,0,-61.65287065724821,1171.4045424877158
2023-01-22,22200701.0,dallas mavericks,1.72,0.6549855059957552,0.126575070312699,58.570227124385795,0,-58.570227124385795,1112.83431536333
2023-01-22,22200702.0,denver nuggets,1.53,0.6932765887301803,0.060713180757175855,55.641715768166506,0,-55.641715768166506,1057.1925995951635
2023-01-22,22200703.0,phoenix suns,3.55,0.3555181301213696,0.2620893619308622,52.85962997975818,1,134.79205644838336,1191.984656043547
2023-01-22,22200704.0,brooklyn nets,3.13,0.4838491281132799,0.5144477709945661,59.59923280217735,1,126.94636586863774,1318.9310219121846
2023-01-22,22200705.0,los angeles lakers,2.62,0.4509478852139365,0.18148345926051357,65.94655109560924,1,106.83341277488697,1425.7644346870716
2023-01-23,22200706.0,detroit pistons,4.42,0.30232082259995485,0.3362580358918005,71.28822173435358,0,-71.28822173435358,1354.476212952718
2023-01-23,22200707.0,boston celtics,1.3,0.6882212831858174,-0.1053123318584373,0.0,0,-0.0,1354.476212952718
2023-01-23,22200708.0,chicago bulls,1.78,0.5484820986312954,-0.023701864436294184,0.0,1,0.0,1354.476212952718
2023-01-23,22200709.0,minnesota timberwolves,1.36,0.7233999674122743,-0.01617604431930686,0.0,0,-0.0,1354.476212952718
2023-01-23,22200710.0,utah jazz,1.23,0.7456580863051053,-0.08284055384472047,0.0,1,0.0,1354.476212952718
2023-01-23,22200711.0,san antonio spurs,3.43,0.300768798739001,0.03163697967477341,17.634377127221892,0,-17.634377127221892,1336.8418358254962
2023-01-23,22200712.0,memphis grizzlies,2.2,0.5855268854831478,0.2881591480629253,66.84209179127481,0,-66.84209179127481,1269.9997440342213
2023-01-24,22200715.0,new york knicks,2.12,0.5662382500291526,0.20042509006180365,63.499987201711065,1,71.1199856659164,1341.1197297001377
2023-01-24,22200716.0,denver nuggets,1.64,0.5777550568900248,-0.05248170670035934,0.0,1,0.0,1341.1197297001377
2023-01-24,22200717.0,washington wizards,3.05,0.3473090106826499,0.059292482582082195,38.789423518893756,1,79.51831821373219,1420.6380479138697
2023-01-24,22200718.0,phoenix suns,1.29,0.7683360356821244,-0.008846513970059505,0.0,1,0.0,1420.6380479138697
2023-01-24,22200719.0,los angeles lakers,2.32,0.6200764032646989,0.43857725557410143,71.03190239569349,0,-71.03190239569349,1349.6061455181762
2023-01-25,22200720.0,orlando magic,1.45,0.6183194390102227,-0.10343681343517713,0.0,1,0.0,1349.6061455181762
2023-01-25,22200721.0,brooklyn nets,3.08,0.364537408538958,0.12277521829999061,67.48030727590881,0,-67.48030727590881,1282.1258382422673
2023-01-25,22200722.0,washington wizards,1.71,0.65747681097557,0.12428534676822467,64.10629191211336,1,45.515467257600484,1327.6413054998677
2023-01-25,22200723.0,denver nuggets,5.02,0.4801353814336124,1.410279614796734,66.3820652749934,0,-66.3820652749934,1261.2592402248742
2023-01-25,22200724.0,new orleans pelicans,1.64,0.6461744911497475,0.059726165485585736,63.06296201124371,0,-63.06296201124371,1198.1962782136306
2023-01-25,22200725.0,oklahoma city thunder,1.87,0.633115866583653,0.1839266705114313,59.909813910681535,0,-59.909813910681535,1138.286464302949
2023-01-25,22200726.0,memphis grizzlies,2.11,0.5824593625588413,0.22898925499915512,56.914323215147455,0,-56.914323215147455,1081.3721410878015
2023-01-25,22200727.0,utah jazz,2.24,0.5187021202787017,0.16189274942429188,54.06860705439008,0,-54.06860705439008,1027.3035340334116
2023-01-25,22200728.0,sacramento kings,1.61,0.7262706127245128,0.16929568648646565,51.36517670167058,0,-51.36517670167058,975.9383573317409
2023-01-25,22200729.0,los angeles lakers,1.28,0.684800342762912,-0.1234555612634726,0.0,1,0.0,975.9383573317409
2023-01-26,22200730.0,new york knicks,3.45,0.2820319153351588,-0.02698989209370206,0.0,1,0.0,975.9383573317409
2023-01-26,22200731.0,brooklyn nets,1.24,0.8457746349724573,0.04876054736584706,48.79691786658705,0,-48.79691786658705,927.1414394651539
2023-01-26,22200732.0,chicago bulls,1.54,0.612390496561531,-0.05691863529524227,0.0,0,-0.0,927.1414394651539
2023-01-26,22200733.0,cleveland cavaliers,1.22,0.776217366235068,-0.053014813193217075,0.0,1,0.0,927.1414394651539
2023-01-26,22200734.0,phoenix suns,1.76,0.6020675565093142,0.059638899456393,46.357071973257696,0,-46.357071973257696,880.7843674918962
2023-01-26,22200735.0,san antonio spurs,5.75,0.1852223938756663,0.06502876478508124,12.058172517896226,0,-12.058172517896226,868.726194974
2023-01-27,22200736.0,indiana pacers,2.84,0.40013206450025907,0.13637506318073567,43.436309748700005,0,-43.436309748700005,825.2898852253
2023-01-27,22200738.0,miami heat,1.25,0.7482284972863065,-0.06471437839211691,0.0,1,0.0,825.2898852253
2023-01-27,22200739.0,oklahoma city thunder,1.81,0.6163357597787567,0.11556772519954955,41.26449426126501,1,33.42424035162466,858.7141255769247
2023-01-27,22200740.0,golden state warriors,1.52,0.6078925990468346,-0.07600324944881143,0.0,1,0.0,858.7141255769247
2023-01-28,22200741.0,philadelphia 76ers,1.62,0.5586122155616341,-0.09504821079015269,0.0,1,0.0,858.7141255769247
2023-01-28,22200742.0,brooklyn nets,1.83,0.6226809011127166,0.1395060490362714,42.93570627884624,1,35.63663621144238,894.3507617883671
2023-01-28,22200743.0,detroit pistons,1.4,0.6382325796065783,-0.10647438855079044,0.0,0,-0.0,894.3507617883671
2023-01-28,22200744.0,orlando magic,2.07,0.5317876672367304,0.10080047118003188,44.717538089418355,0,-44.717538089418355,849.6332236989488
2023-01-28,22200745.0,atlanta hawks,1.75,0.610548383939954,0.06845967189491953,42.48166118494744,0,-42.48166118494744,807.1515625140013
2023-01-28,22200746.0,minnesota timberwolves,1.88,0.5635030734994688,0.059385778179001314,40.357578125700066,1,35.51466875061605,842.6662312646173
2023-01-28,22200747.0,washington wizards,2.58,0.3879884176812168,0.001010117617539219,0.5387291176618784,1,0.8511920059057678,843.5174232705231
2023-01-28,22200748.0,phoenix suns,1.41,0.6710365223376258,-0.0538385035039477,0.0,1,0.0,843.5174232705231
2023-01-28,22200749.0,boston celtics,1.27,0.7709077114317086,-0.020947206481730124,0.0,1,0.0,843.5174232705231
2023-01-28,22200750.0,dallas mavericks,3.07,0.4151910658471515,0.274636572150755,42.17587116352615,0,-42.17587116352615,801.3415521069969
2023-01-28,22200751.0,portland trail blazers,1.61,0.607187427520396,-0.0224282416921624,0.0,0,-0.0,801.3415521069969
2023-01-29,22200752.0,miami heat,1.38,0.5793321484021229,-0.2005216352050705,0.0,0,-0.0,801.3415521069969
2023-01-29,22200753.0,memphis grizzlies,1.24,0.7608762121291068,-0.05651349695990754,0.0,1,0.0,801.3415521069969
2023-01-29,22200754.0,los angeles clippers,4.8,0.4053671020393988,0.9457620897891141,40.06707760534985,0,-40.06707760534985,761.2744745016471
2023-01-29,22200755.0,new orleans pelicans,4.4,0.2837846676876833,0.24865253782580654,38.063723725082355,0,-38.063723725082355,723.2107507765647
2023-01-30,22200756.0,philadelphia 76ers,1.2,0.7817359122066113,-0.061916905352066454,0.0,0,-0.0,723.2107507765647
2023-01-30,22200757.0,los angeles lakers,3.58,0.2710310670259472,-0.029708780047108974,0.0,0,-0.0,723.2107507765647
2023-01-30,22200758.0,minnesota timberwolves,1.88,0.5506747567849087,0.03526854275562835,28.98476055124245,0,-28.98476055124245,694.2259902253223
2023-01-30,22200759.0,oklahoma city thunder,2.5,0.6145429976734686,0.5363574941836716,34.71129951126612,0,-34.71129951126612,659.5146907140562
2023-01-30,22200760.0,washington wizards,1.45,0.6533427686951981,-0.052652985391962726,0.0,1,0.0,659.5146907140562
2023-01-30,22200761.0,dallas mavericks,1.18,0.7952417299192408,-0.061614758695295896,0.0,1,0.0,659.5146907140562
2023-01-30,22200762.0,phoenix suns,1.7,0.7097929526760688,0.20664801954931689,32.97573453570281,1,23.083014174991966,682.5977048890481
2023-01-30,22200763.0,atlanta hawks,2.47,0.4975133264236892,0.2288579162665123,34.12988524445241,0,-34.12988524445241,648.4678196445957
2023-01-31,22200764.0,cleveland cavaliers,1.51,0.6286993186215787,-0.05066402888141619,0.0,0,-0.0,648.4678196445957
2023-01-31,22200765.0,new york knicks,1.69,0.6675022404766475,0.12807878640553427,32.42339098222978,0,-32.42339098222978,616.0444286623659
2023-01-31,22200766.0,chicago bulls,2.14,0.6132331362722621,0.3123189116226409,30.802221433118298,0,-30.802221433118298,585.2422072292476
2023-01-31,22200767.0,milwaukee bucks,1.14,0.8003305588072156,-0.08762316295977429,0.0,1,0.0,585.2422072292476
2023-01-31,22200768.0,denver nuggets,1.26,0.7764195386551558,-0.0217113812945037,0.0,1,0.0,585.2422072292476
2023-03-07,22200769.0,detroit pistons,4.18,0.3347397459414874,0.3992121380354172,29.26211036146238,0,-29.26211036146238,555.9800968677852
2023-02-01,22200770.0,philadelphia 76ers,1.18,0.7692331504590023,-0.09230488245837731,0.0,1,0.0,555.9800968677852
2023-02-01,22200771.0,memphis grizzlies,1.38,0.7980725527883237,0.10134012284788657,27.79900484338926,0,-27.79900484338926,528.1810920243959
2023-02-01,22200772.0,brooklyn nets,3.68,0.3592424351481477,0.3220121613451835,26.409054601219793,0,-26.409054601219793,501.7720374231761
2023-02-01,22200773.0,oklahoma city thunder,1.39,0.7130975817566911,-0.008794361358199387,0.0,0,-0.0,501.7720374231761
2023-02-01,22200774.0,minnesota timberwolves,2.47,0.5716456960868164,0.41196486933443655,25.088601871158804,1,36.880244750603445,538.6522821737796
2023-02-01,22200775.0,sacramento kings,1.28,0.7046707428450943,-0.09802144915827923,0.0,1,0.0,538.6522821737796
2023-02-01,22200776.0,utah jazz,1.65,0.6813290127665848,0.12419287106486476,26.93261410868898,1,17.506199170647836,556.1584813444274
2023-02-01,22200777.0,phoenix suns,1.75,0.7020390029996774,0.22856825524943536,27.80792406722137,0,-27.80792406722137,528.350557277206
2023-02-02,22200778.0,indiana pacers,2.06,0.4505860323156688,-0.07179277342972229,0.0,0,-0.0,528.350557277206
2023-02-02,22200779.0,memphis grizzlies,2.79,0.4896469048671311,0.36611486457929565,26.4175278638603,0,-26.4175278638603,501.9330294133457
2023-02-02,22200780.0,new york knicks,2.06,0.526895259583064,0.08540423474111192,25.096651470667286,1,26.602450558907325,528.535479972253
2023-02-02,22200781.0,chicago bulls,1.35,0.7239085787875463,-0.022723418636812376,0.0,1,0.0,528.535479972253
2023-02-02,22200782.0,dallas mavericks,1.46,0.5980644799485697,-0.12682585927508827,0.0,1,0.0,528.535479972253
2023-02-02,22200783.0,denver nuggets,1.33,0.6557783291021103,-0.12781482229419325,0.0,1,0.0,528.535479972253
2023-02-02,22200784.0,milwaukee bucks,1.5,0.7133106128890317,0.06996591933354762,26.426773998612653,1,13.213386999306326,541.7488669715593
2023-02-03,22200785.0,detroit pistons,1.88,0.5051717216447482,-0.05027716330787341,0.0,1,0.0,541.7488669715593
2023-02-03,22200786.0,sacramento kings,1.74,0.5865702419585972,0.02063222100795914,15.104705884011713,0,-15.104705884011713,526.6441610875476
2023-02-03,22200787.0,washington wizards,1.48,0.697390063795484,0.032137294417316276,26.33220805437738,0,-26.33220805437738,500.3119530331702
2023-02-03,22200788.0,phoenix suns,4.15,0.2570908911568498,0.06692719830092675,10.629992791420612,1,33.48447729297493,533.7964303261451
2023-02-03,22200789.0,houston rockets,3.13,0.3521001818910479,0.10207356931897993,25.580519686910712,0,-25.580519686910712,508.21591063923444
2023-02-03,22200790.0,minnesota timberwolves,1.41,0.6967123190448599,-0.017635630146747627,0.0,0,-0.0,508.21591063923444
2023-02-03,22200791.0,philadelphia 76ers,1.15,0.781814352886676,-0.10091349418032267,0.0,1,0.0,508.21591063923444
2023-02-03,22200792.0,utah jazz,1.75,0.6230129095335282,0.0902725916836743,25.410795531961725,0,-25.410795531961725,482.80511510727274
2023-02-04,22200793.0,brooklyn nets,1.83,0.6779172376226424,0.2405885448494357,24.14025575536364,1,20.036412276951822,502.84152738422455
2023-02-04,22200794.0,phoenix suns,1.46,0.6133056879311674,-0.10457369562049568,0.0,1,0.0,502.84152738422455
2023-02-04,22200795.0,new york knicks,2.06,0.5993684075498387,0.23469891955266764,25.142076369211228,0,-25.142076369211228,477.6994510150133
2023-02-04,22200796.0,chicago bulls,1.6,0.6388158314901589,0.022105330384254218,17.599506981772887,1,10.559704189063734,488.25915520407705
2023-02-04,22200797.0,miami heat,2.78,0.3126236068453968,-0.1309063729697969,0.0,0,-0.0,488.25915520407705
2023-02-04,22200798.0,new orleans pelicans,1.79,0.5734891362219472,0.026545553837285518,16.40646796331313,1,12.961109691017374,501.22026489509443
2023-02-04,22200799.0,oklahoma city thunder,1.19,0.8248841398611433,-0.01838787356523955,0.0,1,0.0,501.22026489509443
2023-02-04,22200800.0,dallas mavericks,4.42,0.28564163382334323,0.262536021499177,25.061013244754722,0,-25.061013244754722,476.1592516503397
2023-02-04,22200801.0,atlanta hawks,4.0,0.2709519344257372,0.08380773770294869,13.301943222381336,0,-13.301943222381336,462.85730842795834
2023-02-05,22200802.0,orlando magic,1.95,0.5583634592331939,0.08880874550472795,23.142865421397918,1,21.98572215032802,484.84303057828635
2023-02-05,22200803.0,cleveland cavaliers,1.47,0.6388675669151392,-0.06086467663474532,0.0,1,0.0,484.84303057828635
2023-02-05,22200804.0,new york knicks,2.33,0.4376099655201082,0.019631219661852217,7.156436116391331,1,9.51806003480047,494.36109061308684
2023-02-05,22200805.0,memphis grizzlies,1.73,0.7511093702751351,0.29941921057598375,24.718054530654342,0,-24.718054530654342,469.6430360824325
2023-02-05,22200806.0,denver nuggets,3.22,0.5062484775938961,0.6301200978523457,23.482151804121628,0,-23.482151804121628,446.16088427831085
2023-02-06,22200808.0,detroit pistons,4.13,0.24595180382987358,0.015780949817377876,2.2494704553587734,0,-2.2494704553587734,443.91141382295206
2023-02-06,22200809.0,washington wizards,2.2,0.5684966413364295,0.25069261094014506,22.195570691147605,0,-22.195570691147605,421.71584313180443
2023-02-06,22200810.0,brooklyn nets,3.32,0.6398903885482788,1.1244360899802857,21.085792156590223,0,-21.085792156590223,400.6300509752142
2023-02-06,22200811.0,chicago bulls,1.2,0.8014642909834495,-0.03824285081986062,0.0,1,0.0,400.6300509752142
2023-02-06,22200812.0,sacramento kings,1.32,0.6504095708616051,-0.1414593664626812,0.0,1,0.0,400.6300509752142
2023-02-06,22200813.0,dallas mavericks,3.63,0.39016798967396843,0.4163098025165055,20.031502548760713,1,52.68285170324067,453.31290267845486
2023-02-06,22200814.0,golden state warriors,1.59,0.6168881902702513,-0.01914777747030033,0.0,1,0.0,453.31290267845486
2023-02-06,22200815.0,portland trail blazers,2.35,0.41542463964856613,-0.02375209682586954,0.0,0,-0.0,453.31290267845486
2023-02-07,22200817.0,brooklyn nets,2.96,0.6225778819210873,0.8428305304864184,22.665645133922744,0,-22.665645133922744,430.6472575445321
2023-02-07,22200818.0,new orleans pelicans,1.79,0.6338950791809737,0.13467219173394285,21.532362877226607,1,17.01056667300902,447.65782421754113
2023-02-07,22200819.0,chicago bulls,4.08,0.3990663412524709,0.6281906723100814,22.38289121087706,0,-22.38289121087706,425.27493300666407
2023-02-07,22200820.0,minnesota timberwolves,3.44,0.30005241642827063,0.03218031251325093,5.608803380412419,0,-5.608803380412419,419.66612962625163
2023-02-07,22200821.0,oklahoma city thunder,2.88,0.4444857503777945,0.280118961088048,20.98330648131258,1,39.44861618486765,459.1147458111193
2023-02-08,22200822.0,cleveland cavaliers,1.22,0.8789070054686422,0.07226654667174345,22.955737290555966,1,5.050262203922312,464.1650080150416
2023-02-08,22200823.0,washington wizards,1.57,0.7636376647739148,0.19891113369504632,23.208250400752082,1,13.228702728428688,477.3937107434703
2023-02-08,22200824.0,boston celtics,1.65,0.6222580090733463,0.026725714971021275,19.628751141981795,1,12.758688242288164,490.15239898575845
2023-02-08,22200825.0,miami heat,1.33,0.7899669021296934,0.05065597983249237,24.507619949287925,1,8.087514583265017,498.2399135690235
2023-02-08,22200826.0,toronto raptors,1.16,0.7604229508116781,-0.11790937705845346,0.0,1,0.0,498.2399135690235
2023-02-08,22200827.0,houston rockets,3.47,0.2590157843800494,-0.10121522820122852,0.0,0,-0.0,498.2399135690235
2023-02-08,22200828.0,minnesota timberwolves,3.38,0.4430872789372103,0.49763500280777073,24.911995678451177,1,59.2905497147138,557.5304632837373
2023-02-08,22200829.0,dallas mavericks,3.27,0.33752490137277696,0.10370642748898073,25.471142098428516,1,57.81949256343273,615.34995584717
2023-02-09,22200831.0,denver nuggets,1.43,0.6048660832225263,-0.1350415009917874,0.0,0,-0.0,615.34995584717
2023-02-09,22200832.0,phoenix suns,3.18,0.5073431906684235,0.6133513463255867,30.7674977923585,0,-30.7674977923585,584.5824580548115
2023-02-09,22200833.0,brooklyn nets,2.02,0.6451954117818482,0.30329473179933353,29.229122902740574,1,29.813705360795385,614.3961634156069
2023-02-09,22200834.0,los angeles lakers,3.39,0.41164453727688827,0.3954749813686512,30.719808170780347,0,-30.719808170780347,583.6763552448266
2023-02-10,22200835.0,detroit pistons,1.41,0.6023807588874653,-0.1506431299686739,0.0,1,0.0,583.6763552448266
2023-02-10,22200836.0,phoenix suns,2.03,0.5414388670924412,0.0991209001976554,29.183817762241333,1,30.059332295108568,613.7356875399352
2023-02-10,22200837.0,philadelphia 76ers,1.33,0.6789390368731022,-0.09701108095877403,0.0,1,0.0,613.7356875399352
2023-02-10,22200838.0,boston celtics,1.15,0.8668731468299538,-0.0030958811455532587,0.0,1,0.0,613.7356875399352
2023-02-10,22200839.0,utah jazz,3.32,0.3709620269139458,0.2315939293543,30.68678437699676,1,71.19333975463248,684.9290272945676
2023-02-10,22200840.0,miami heat,1.13,0.8646794866650633,-0.02291218006847852,0.0,1,0.0,684.9290272945676
2023-02-10,22200841.0,minnesota timberwolves,2.99,0.37449230443085324,0.11973199024825132,34.24645136472838,0,-34.24645136472838,650.6825759298392
2023-02-10,22200842.0,new orleans pelicans,2.08,0.5433123073222236,0.13008959923022512,32.53412879649196,0,-32.53412879649196,618.1484471333473
2023-02-10,22200843.0,portland trail blazers,1.65,0.5470564200651228,-0.09735690689254745,0.0,0,-0.0,618.1484471333473
2023-02-10,22200844.0,dallas mavericks,2.29,0.393956826161382,-0.0978388680904353,0.0,1,0.0,618.1484471333473
2023-02-11,22200846.0,brooklyn nets,1.92,0.5557025966742134,0.0669489856144897,30.907422356667368,0,-30.907422356667368,587.24102477668
2023-02-11,22200847.0,denver nuggets,1.3,0.7586893346733236,-0.013703864924679343,0.0,1,0.0,587.24102477668
2023-02-11,22200849.0,washington wizards,1.39,0.7392446693666219,0.02755009041960438,29.362051238834,1,11.451199983145257,598.6922247598252
2023-02-11,22200850.0,san antonio spurs,5.57,0.16513021203637404,-0.08022471895739658,0.0,0,-0.0,598.6922247598252
2023-02-11,22200851.0,new york knicks,1.4,0.6363589120126296,-0.10909752318231858,0.0,1,0.0,598.6922247598252
2023-02-11,22200852.0,cleveland cavaliers,1.37,0.7718797099362893,0.057475202612716436,29.934611237991263,1,11.07580615805677,609.768030917882
2023-02-11,22200853.0,golden state warriors,1.41,0.7037469502985523,-0.007716800079041353,0.0,0,-0.0,609.768030917882
2023-02-11,22200854.0,sacramento kings,1.98,0.5463213992350621,0.0817163704854229,30.488401545894103,1,29.87863351497622,639.6466644328582
2023-02-12,22200855.0,boston celtics,1.56,0.7123778363497739,0.11130942470564736,31.98233322164291,1,17.91010660412003,657.5567710369783
2023-02-12,22200856.0,detroit pistons,5.3,0.20518994471521212,0.08750670699062424,13.381541323914849,0,-13.381541323914849,644.1752297130635
2023-02-13,22200857.0,atlanta hawks,1.37,0.696208950675952,-0.04619373757394568,0.0,0,-0.0,644.1752297130635
2023-02-13,22200858.0,cleveland cavaliers,1.03,0.9180997047554447,-0.05435730410189197,0.0,1,0.0,644.1752297130635
2023-02-13,22200860.0,philadelphia 76ers,1.07,0.9072226272510888,-0.02927178884133491,0.0,1,0.0,644.1752297130635
2023-02-13,22200862.0,new york knicks,1.62,0.596606688305595,-0.033497164944935987,0.0,1,0.0,644.1752297130635
2023-02-13,22200863.0,chicago bulls,1.53,0.6473158592218791,-0.009606735390525034,0.0,0,-0.0,644.1752297130635
2023-02-13,22200864.0,oklahoma city thunder,1.61,0.6719317335852507,0.08181009107225373,32.20876148565318,0,-32.20876148565318,611.9664682274102
2023-02-13,22200865.0,minnesota timberwolves,2.84,0.44443995786485396,0.2622094803361852,30.598323411370515,1,56.30091507692175,668.267383304332
2023-02-13,22200866.0,golden state warriors,1.54,0.6187947735738082,-0.047056048696335395,0.0,1,0.0,668.267383304332
2023-02-13,22200867.0,portland trail blazers,1.64,0.5747384497544097,-0.05742894240276819,0.0,1,0.0,668.267383304332
2023-02-14,22200868.0,orlando magic,3.1,0.36433064982295765,0.12942501445116883,33.4133691652166,0,-33.4133691652166,634.8540141391154
2023-02-14,22200869.0,boston celtics,3.78,0.3931124711098155,0.48596514079510245,31.742700706955773,0,-31.742700706955773,603.1113134321596
2023-02-14,22200870.0,phoenix suns,1.66,0.6109540401000791,0.014183706566131327,12.961142267326988,1,8.554353896435812,611.6656673285954
2023-02-14,22200871.0,golden state warriors,3.4,0.4202398946431707,0.42881564178678033,30.58328336642977,0,-30.58328336642977,581.0823839621656
2023-02-14,22200872.0,portland trail blazers,1.92,0.5585042692736224,0.07232819700535498,29.054119198108282,0,-29.054119198108282,552.0282647640573
2023-02-15,22200873.0,charlotte hornets,1.43,0.6529998511453565,-0.06621021286214018,0.0,1,0.0,552.0282647640573
2023-02-15,22200874.0,chicago bulls,2.07,0.5692964004124839,0.1784435488538415,27.601413238202866,0,-27.601413238202866,524.4268515258544
2023-02-15,22200875.0,philadelphia 76ers,1.74,0.6585083849905372,0.14580458988353473,26.221342576292724,1,19.403793506456616,543.830645032311
2023-02-15,22200876.0,new york knicks,2.29,0.46744667352266844,0.07045288236691072,27.191532251615556,1,35.077076604584065,578.9077216368951
2023-02-15,22200877.0,boston celtics,1.1,0.8840705708097045,-0.02752237210932494,0.0,1,0.0,578.9077216368951
2023-02-15,22200878.0,brooklyn nets,1.73,0.6063850759462117,0.049046181386946275,28.945386081844756,1,21.13013183974667,600.0378534766418
2023-02-15,22200879.0,utah jazz,4.45,0.261480691792968,0.16358907847870763,28.452069421039308,0,-28.452069421039308,571.5857840556025
2023-02-15,22200880.0,oklahoma city thunder,1.19,0.834862659608967,-0.006513435065329309,0.0,1,0.0,571.5857840556025
2023-02-15,22200881.0,denver nuggets,1.41,0.7524851326411919,0.06100403702408047,28.579289202780128,1,11.71750857313985,583.3032926287424
2023-02-15,22200882.0,new orleans pelicans,2.34,0.45829785841216314,0.07241698868446167,29.165164631437122,0,-29.165164631437122,554.1381279973052
2023-02-16,22200883.0,chicago bulls,3.23,0.330647509426207,0.06799145544664864,16.895362260546214,0,-16.895362260546214,537.242765736759
2023-02-16,22200884.0,minnesota timberwolves,1.55,0.6924821145985791,0.07334727762779764,26.86213828683795,0,-26.86213828683795,510.38062744992106
2023-02-16,22200885.0,phoenix suns,1.82,0.6214292225643593,0.13100118506713399,25.519031372496055,0,-25.519031372496055,484.861596077425
2023-02-23,22200886.0,denver nuggets,2.1,0.4663768871883376,-0.020608536904491048,0.0,1,0.0,484.861596077425
2023-02-23,22200887.0,boston celtics,1.26,0.7277089609560192,-0.08308670919541578,0.0,1,0.0,484.861596077425
2023-02-23,22200888.0,orlando magic,1.29,0.7766858479283999,0.001924743827635883,3.2180495320955393,1,0.9332343643077066,485.7948304417327
2023-02-23,22200889.0,philadelphia 76ers,1.58,0.6974452725186415,0.10196353057945368,24.289741522086636,1,14.08805008281025,499.88288052454294
2023-02-23,22200890.0,new orleans pelicans,2.39,0.4121337288315194,-0.01500038809266857,0.0,0,-0.0,499.88288052454294
2023-02-23,22200891.0,san antonio spurs,6.47,0.14241028525138624,-0.07860545442353106,0.0,0,-0.0,499.88288052454294
2023-02-23,22200893.0,golden state warriors,2.79,0.49385912562966383,0.37786696050676205,24.994144026227147,0,-24.994144026227147,474.8887364983158
2023-02-23,22200894.0,portland trail blazers,4.47,0.2537789549373892,0.13439192857012972,18.392280447908014,0,-18.392280447908014,456.49645605040774
2023-02-24,22200895.0,washington wizards,1.77,0.5814139594685627,0.02910270825935596,17.253614521902502,0,-17.253614521902502,439.24284152850527
2023-02-24,22200897.0,milwaukee bucks,1.41,0.6556077694255734,-0.07559304510994153,0.0,1,0.0,439.24284152850527
2023-02-24,22200898.0,minnesota timberwolves,1.31,0.7743263268042918,0.014367488113622318,20.357471950498354,0,-20.357471950498354,418.88536957800693
2023-02-24,22200899.0,oklahoma city thunder,3.79,0.41030557202008305,0.5550581179561147,20.944268478900348,0,-20.944268478900348,397.94110109910656
2023-02-24,22200900.0,brooklyn nets,1.98,0.5799403635110721,0.14828191975192284,19.89705505495533,0,-19.89705505495533,378.04404604415123
2023-02-24,22200901.0,golden state warriors,1.19,0.8253576652926984,-0.01782437830168898,0.0,1,0.0,378.04404604415123
2023-02-24,22200902.0,sacramento kings,2.75,0.3590189439106995,-0.012697904245576486,0.0,1,0.0,378.04404604415123
2023-02-25,22200903.0,detroit pistons,3.07,0.3662669017255695,0.12443938829749834,18.902202302207563,0,-18.902202302207563,359.14184374194366
2023-02-25,22200904.0,charlotte hornets,2.77,0.3416735270531296,-0.05356433006283101,0.0,1,0.0,359.14184374194366
2023-02-25,22200905.0,orlando magic,1.63,0.6769861075824304,0.10348735535936143,17.957092187097185,0,-17.957092187097185,341.18475155484646
2023-02-25,22200906.0,new york knicks,1.51,0.7145639737200721,0.07899160031730884,17.059237577742323,1,8.700211164648584,349.88496271949504
2023-02-25,22200907.0,memphis grizzlies,1.64,0.5682240692044267,-0.06811252650474026,0.0,1,0.0,349.88496271949504
2023-02-25,22200908.0,philadelphia 76ers,1.83,0.5644794653908679,0.032997421665288296,13.910001986986568,0,-13.910001986986568,335.97496073250846
2023-02-25,22200909.0,utah jazz,1.14,0.8342661867974293,-0.04893654705093073,0.0,1,0.0,335.97496073250846
2023-02-26,22200910.0,milwaukee bucks,1.61,0.7018014085586567,0.12990026777943736,16.798748036625422,1,10.24723630234151,346.22219703484996
2023-02-26,22200911.0,brooklyn nets,2.91,0.4042550792605603,0.17638228064823058,17.311109851742497,0,-17.311109851742497,328.91108718310744
2023-02-26,22200912.0,washington wizards,2.48,0.5077431018483377,0.2592028925838775,16.445554359155373,0,-16.445554359155373,312.46553282395206
2023-02-26,22200913.0,dallas mavericks,1.46,0.6733987222529525,-0.016837865510689387,0.0,0,-0.0,312.46553282395206
2023-02-26,22200914.0,cleveland cavaliers,1.26,0.7321716721863619,-0.07746369304518397,0.0,1,0.0,312.46553282395206
2023-02-26,22200915.0,oklahoma city thunder,2.23,0.6458585867134012,0.44026464837088475,15.623276641197604,0,-15.623276641197604,296.84225618275445
2023-02-26,22200916.0,golden state warriors,1.67,0.6112285149564008,0.020751619977189384,9.193966706680621,1,6.159957693476016,303.0022138762305
2023-02-26,22200917.0,portland trail blazers,1.16,0.7683275120383285,-0.108740086035539,0.0,1,0.0,303.0022138762305
2023-02-26,22200918.0,denver nuggets,1.51,0.6753905383897361,0.019839712968501455,11.787209710048826,1,6.011476952124902,309.0136908283554
2023-02-27,22200919.0,detroit pistons,2.89,0.31486865434237443,-0.09002958895053781,0.0,0,-0.0,309.0136908283554
2023-02-27,22200920.0,philadelphia 76ers,1.39,0.6966767762853043,-0.03161928096342703,0.0,0,-0.0,309.0136908283554
2023-02-27,22200921.0,new york knicks,2.0,0.5347274658283462,0.06945493165669236,15.45068454141777,1,15.45068454141777,324.46437536977317
2023-02-27,22200922.0,new orleans pelicans,1.47,0.6510861587621068,-0.042903346619702964,0.0,0,-0.0,324.46437536977317
2023-02-28,22200923.0,washington wizards,3.1,0.4048732311030901,0.2551070164195792,16.22321876848866,1,34.068759413826186,358.53313478359934
2023-02-28,22200924.0,brooklyn nets,2.88,0.3881001941519227,0.11772855915753733,17.92665673917997,0,-17.92665673917997,340.60647804441936
2023-02-28,22200925.0,chicago bulls,2.4,0.45137081525522726,0.08328995661254535,17.030323902220967,0,-17.030323902220967,323.5761541421984
2023-02-28,22200926.0,denver nuggets,1.1,0.806770402527497,-0.11255255721975324,0.0,1,0.0,323.5761541421984
2023-02-28,22200927.0,los angeles lakers,3.5,0.2670453991144225,-0.06534110309952135,0.0,0,-0.0,323.5761541421984
2023-02-28,22200928.0,oklahoma city thunder,2.03,0.5939263417040952,0.20567047365931312,16.17880770710992,0,-16.17880770710992,307.3973464350885
2023-02-28,22200929.0,indiana pacers,3.66,0.270725137489326,-0.009145996789066801,0.0,1,0.0,307.3973464350885
2023-02-28,22200930.0,utah jazz,1.15,0.8418523723034271,-0.03186977185105888,0.0,0,-0.0,307.3973464350885
2023-02-28,22200931.0,golden state warriors,1.47,0.6562711631860849,-0.0352813901164552,0.0,1,0.0,307.3973464350885
2023-02-28,22200932.0,minnesota timberwolves,2.76,0.35399351159724196,-0.022977907991612367,0.0,1,0.0,307.3973464350885
2023-03-01,22200933.0,charlotte hornets,4.37,0.374935211074301,0.6384668723946954,15.369867321754425,0,-15.369867321754425,292.02747911333404
2023-03-01,22200934.0,detroit pistons,2.76,0.39614746846802545,0.09336701297175021,14.601373955666702,0,-14.601373955666702,277.42610515766734
2023-03-01,22200935.0,boston celtics,1.45,0.6823553122850639,-0.010584797186657446,0.0,1,0.0,277.42610515766734
2023-03-01,22200936.0,philadelphia 76ers,2.28,0.5000572226707599,0.14013046768933246,13.871305257883368,1,17.755270730090707,295.18137588775807
2023-03-01,22200937.0,brooklyn nets,3.29,0.27190517128071384,-0.10543198648645136,0.0,0,-0.0,295.18137588775807
2023-03-01,22200938.0,memphis grizzlies,1.17,0.8105994080135576,-0.051598692624137715,0.0,1,0.0,295.18137588775807
2023-03-01,22200939.0,milwaukee bucks,1.24,0.7172681156370444,-0.11058753661006496,0.0,1,0.0,295.18137588775807
2023-03-01,22200940.0,los angeles lakers,2.25,0.4389404103410943,-0.01238407673253783,0.0,1,0.0,295.18137588775807
2023-03-01,22200941.0,portland trail blazers,1.59,0.5713436508960615,-0.09156359507526213,0.0,0,-0.0,295.18137588775807
2023-03-02,22200942.0,washington wizards,1.97,0.6174681630365362,0.2164122811819763,14.759068794387904,1,14.316296730556266,309.4976726183143
2023-03-02,22200943.0,philadelphia 76ers,2.09,0.6192894861242378,0.294315025999657,15.474883630915716,0,-15.474883630915716,294.0227889873986
2023-03-02,22200944.0,indiana pacers,1.49,0.5824882105812023,-0.1320925662340086,0.0,0,-0.0,294.0227889873986
2023-03-02,22200945.0,golden state warriors,2.07,0.6123682116365448,0.2676021980876475,14.701139449369931,1,15.730219210825824,309.75300819822445
2023-03-03,22200947.0,portland trail blazers,3.2,0.28482466949942675,-0.0885610576018343,0.0,0,-0.0,309.75300819822445
2023-03-03,22200948.0,brooklyn nets,4.46,0.2358238516595475,0.05177437840158183,4.6350489761512,1,16.037269457483152,325.7902776557076
2023-03-03,22200950.0,chicago bulls,2.2,0.5249034463032173,0.15478758186707808,16.289513882785382,0,-16.289513882785382,309.5007637729222
2023-03-03,22200951.0,oklahoma city thunder,1.75,0.6306737893732546,0.10367913140319551,15.47503818864611,1,11.606278641484582,321.1070424144068
2023-03-03,22200952.0,memphis grizzlies,2.64,0.3702728829133121,-0.022479589108855946,0.0,0,-0.0,321.1070424144068
2023-03-03,22200953.0,golden state warriors,1.44,0.7041796420067561,0.014018684489728706,10.230677988721597,1,4.5014983150375025,325.6085407294443
2023-03-03,22200954.0,los angeles clippers,2.98,0.33049933479246046,-0.015111982318467776,0.0,0,-0.0,325.6085407294443
2023-03-03,22200955.0,los angeles lakers,1.89,0.6191509102030097,0.17019522028368828,16.280427036472215,0,-16.280427036472215,309.3281136929721
2023-03-04,22200956.0,washington wizards,2.01,0.6138619634166735,0.2338625464675137,15.466405684648606,0,-15.466405684648606,293.8617080083235
2023-03-04,22200957.0,detroit pistons,8.08,0.14807259018133093,0.19642652866515387,8.152858080746897,0,-8.152858080746897,285.7088499275766
2023-03-04,22200958.0,miami heat,1.64,0.5558603325256025,-0.08838905465801195,0.0,1,0.0,285.7088499275766
2023-03-04,22200959.0,san antonio spurs,1.9,0.5511595794308419,0.04720320091859964,14.28544249637883,0,-14.28544249637883,271.42340743119775
2023-03-04,22200960.0,milwaukee bucks,1.45,0.6090354183094199,-0.11689864345134121,0.0,0,-0.0,271.42340743119775
2023-03-04,22200961.0,sacramento kings,1.47,0.6174206875124906,-0.09239158935663888,0.0,0,-0.0,271.42340743119775
2023-03-05,22200962.0,dallas mavericks,1.98,0.5968452510436664,0.18175359706645944,13.571170371559887,0,-13.571170371559887,257.85223705963784
2023-03-05,22200963.0,chicago bulls,1.39,0.7348120236933666,0.02138871293377953,12.892611852981894,0,-12.892611852981894,244.95962520665594
2023-03-05,22200964.0,los angeles lakers,2.47,0.4839886110744701,0.19545186935394132,12.247981260332798,1,18.004532452689215,262.9641576593452
2023-03-05,22200965.0,brooklyn nets,1.27,0.7006637483018187,-0.1101570396566903,0.0,1,0.0,262.9641576593452
2023-03-05,22200966.0,orlando magic,1.61,0.6174862660283819,-0.005847111694305129,0.0,0,-0.0,262.9641576593452
2023-03-05,22200967.0,san antonio spurs,2.32,0.3778758724999227,-0.12332797580017935,0.0,0,-0.0,262.9641576593452
2023-03-05,22200968.0,utah jazz,2.75,0.3653998127528737,0.004849485070402615,0.7287090037828536,0,-0.7287090037828536,262.2354486555623
2023-03-05,22200969.0,new york knicks,2.92,0.3813823796871237,0.11363654868640105,13.111772432778118,1,25.174603070933983,287.4100517264963
2023-03-05,22200970.0,memphis grizzlies,2.99,0.5888161883298875,0.7605604031063637,14.370502586324816,0,-14.370502586324816,273.0395491401715
2023-03-06,22200971.0,boston celtics,3.34,0.43181061761170764,0.44224746282310345,13.651977457008577,0,-13.651977457008577,259.38757168316295
2023-03-06,22200972.0,philadelphia 76ers,1.33,0.6624231752595942,-0.11897717690473972,0.0,1,0.0,259.38757168316295
2023-03-05,22200973.0,washington wizards,2.66,0.37395797506717593,-0.0052717863213118665,0.0,0,-0.0,259.38757168316295
2023-03-06,22200974.0,miami heat,1.65,0.6151246239476258,0.01495562951358248,5.968160650032621,1,3.8793044225212028,263.26687610568416
2023-03-06,22200975.0,denver nuggets,1.37,0.7622457730991737,0.04427670914586812,13.163343805284208,1,4.870437207955159,268.1373133136393
2023-03-06,22200976.0,sacramento kings,1.43,0.7172498917774154,0.025667345241703943,13.406865665681966,1,5.764952236243245,273.90226554988254
2023-03-06,22200977.0,detroit pistons,2.4,0.41073188930075805,-0.014243465678180689,0.0,0,-0.0,273.90226554988254
2023-03-07,22200978.0,milwaukee bucks,1.66,0.5990484937823494,-0.005579500321300113,0.0,1,0.0,273.90226554988254
2023-03-07,22200979.0,new york knicks,1.18,0.8369668605702567,-0.012379104527097146,0.0,0,-0.0,273.90226554988254
2023-03-07,22200980.0,philadelphia 76ers,2.14,0.5453597243049948,0.16706981001268895,13.695113277494128,1,15.612429136343307,289.5146946862258
2023-03-07,22200981.0,brooklyn nets,1.34,0.7126109477311946,-0.04510133004019917,0.0,1,0.0,289.5146946862258
2023-03-07,22200982.0,oklahoma city thunder,2.29,0.5697501681067245,0.3047278849643992,14.475734734311292,1,18.67369780726157,308.1883924934874
2023-03-07,22200983.0,utah jazz,4.3,0.3247752844866461,0.3965337232925781,15.40941962467437,0,-15.40941962467437,292.77897286881307
2023-03-07,22200984.0,memphis grizzlies,1.74,0.5641563344729362,-0.018367978017090947,0.0,0,-0.0,292.77897286881307
2023-03-08,22200985.0,washington wizards,2.08,0.5972967989440362,0.24237734180359538,14.638948643440655,0,-14.638948643440655,278.14002422537243
2023-03-08,22200986.0,boston celtics,1.19,0.8098615968678538,-0.036264699727254074,0.0,1,0.0,278.14002422537243
2023-03-08,22200988.0,new orleans pelicans,2.07,0.5652751972601574,0.1701196583285257,13.907001211268621,1,14.880491296057423,293.02051552142984
2023-03-08,22200989.0,denver nuggets,1.22,0.8055283401779967,-0.017255424982844075,0.0,0,-0.0,293.02051552142984
2023-03-08,22200990.0,oklahoma city thunder,5.8,0.29687594435880954,0.7218804772810954,14.651025776071492,0,-14.651025776071492,278.36948974535835
2023-03-08,22200991.0,los angeles clippers,1.62,0.59729433834438,-0.03238317188210443,0.0,1,0.0,278.36948974535835
2023-03-09,22200992.0,detroit pistons,2.24,0.45204541025414996,0.012581718969296052,2.8244892658084173,0,-2.8244892658084173,275.5450004795499
2023-03-09,22200993.0,houston rockets,4.23,0.2412200230327333,0.020360697428461916,1.7369313878295694,0,-1.7369313878295694,273.80806909172037
2023-03-09,22200994.0,orlando magic,1.53,0.626756014331483,-0.041063298072831045,0.0,0,-0.0,273.80806909172037
2023-03-09,22200995.0,brooklyn nets,4.1,0.22839373394158366,-0.06358569083950705,0.0,0,-0.0,273.80806909172037
2023-03-09,22200996.0,memphis grizzlies,2.05,0.7175070814773148,0.47088951702849524,13.690403454586018,1,14.374923627315317,288.18299271903567
2023-03-09,22200997.0,sacramento kings,1.67,0.5343278521380284,-0.10767248692949266,0.0,1,0.0,288.18299271903567
2023-03-10,22200998.0,philadelphia 76ers,1.21,0.8040309477679732,-0.02712255320075241,0.0,1,0.0,288.18299271903567
2023-03-10,22200999.0,washington wizards,1.89,0.6146849431685855,0.16175454258862643,14.409149635951785,0,-14.409149635951785,273.7738430830839
2023-03-10,22201001.0,brooklyn nets,2.36,0.4443148522171919,0.048583051232572894,9.779976944591056,1,13.300768644643835,287.0746117277277
2023-03-10,22201002.0,san antonio spurs,6.13,0.14624626527850418,-0.10351039384276939,0.0,1,0.0,287.0746117277277
2023-03-10,22201003.0,los angeles lakers,2.03,0.6454784383822088,0.3103212299158836,14.353730586386385,1,14.784342503977975,301.8589542317057
2023-03-11,22201004.0,new york knicks,2.46,0.5488206388722076,0.3500987716256305,15.092947711585285,0,-15.092947711585285,286.7660065201204
2023-03-11,22201005.0,charlotte hornets,1.88,0.5547001252870354,0.042836235539626455,13.959063863697654,0,-13.959063863697654,272.80694265642273
2023-03-11,22201006.0,indiana pacers,1.57,0.5658068721730671,-0.11168321068828457,0.0,1,0.0,272.80694265642273
2023-03-11,22201007.0,miami heat,1.66,0.5069648154842723,-0.158438406296108,0.0,0,-0.0,272.80694265642273
2023-03-11,22201008.0,atlanta hawks,2.46,0.5205400989844152,0.2805286435016614,13.640347132821137,0,-13.640347132821137,259.1665955236016
2023-03-11,22201009.0,houston rockets,3.28,0.3232798804564769,0.060358007897244104,6.8608681663664095,0,-6.8608681663664095,252.30572735723518
2023-03-11,22201010.0,memphis grizzlies,1.28,0.814750220153025,0.04288028179587203,12.61528636786176,1,3.5322801830012933,255.83800754023648
2023-03-11,22201011.0,new orleans pelicans,1.8,0.5695394114920789,0.025170940685741994,8.049604141192132,0,-8.049604141192132,247.78840339904434
2023-03-11,22201012.0,milwaukee bucks,2.18,0.5998129007999858,0.30759212374396927,12.389420169952217,0,-12.389420169952217,235.39898322909212
2023-03-11,22201013.0,phoenix suns,1.52,0.6298495507591597,-0.04262868284607724,0.0,0,-0.0,235.39898322909212
2023-03-12,22201014.0,brooklyn nets,3.59,0.32723370946458574,0.17476901697786273,11.769949161454607,1,30.484168328167428,265.88315155725957
2023-03-12,22201015.0,charlotte hornets,4.4,0.3747959429667312,0.6491021490536173,13.294157577862979,0,-13.294157577862979,252.58899397939658
2023-03-12,22201016.0,philadelphia 76ers,1.28,0.7539917071263597,-0.03489061487825962,0.0,1,0.0,252.58899397939658
2023-03-12,22201017.0,new orleans pelicans,1.64,0.611554444554064,0.002949289068664984,1.1639968106383125,1,0.7449579588085199,253.3339519382051
2023-03-12,22201018.0,oklahoma city thunder,1.57,0.6896533943808414,0.08275582917792101,12.666697596910256,1,7.220017630238846,260.55396956844396
2023-03-12,22201019.0,new york knicks,2.07,0.4358529637619915,-0.09778436501267773,0.0,1,0.0,260.55396956844396
2023-03-13,22201020.0,indiana pacers,1.52,0.5830352007131044,-0.11378649491608123,0.0,0,-0.0,260.55396956844396
2023-03-13,22201021.0,minnesota timberwolves,2.4,0.3758708039300556,-0.0979100705678666,0.0,1,0.0,260.55396956844396
2023-03-13,22201022.0,utah jazz,3.38,0.31257674368176336,0.05650939364436014,6.186448248715896,0,-6.186448248715896,254.36752131972807
2023-03-13,22201023.0,dallas mavericks,2.27,0.5140863545842536,0.16697602490625563,12.718376065986405,0,-12.718376065986405,241.64914525374166
2023-03-13,22201024.0,houston rockets,5.97,0.1710256564144692,0.021023168794381153,1.0221792293133483,1,5.080230769687341,246.729376023429
2023-03-13,22201025.0,phoenix suns,2.33,0.4841215173077877,0.12800313532714536,12.336468801171451,0,-12.336468801171451,234.39290722225755
2023-03-14,22201027.0,cleveland cavaliers,1.4,0.6783850870914678,-0.05026087807194507,0.0,1,0.0,234.39290722225755
2023-03-14,22201028.0,detroit pistons,5.88,0.2355420593864058,0.38498730919206603,11.719645361112878,0,-11.719645361112878,222.67326186114468
2023-03-14,22201029.0,denver nuggets,1.73,0.5708256150819379,-0.012471685908247543,0.0,0,-0.0,222.67326186114468
2023-03-14,22201030.0,new orleans pelicans,1.78,0.5393697806407296,-0.03992179045950128,0.0,0,-0.0,222.67326186114468
2023-03-14,22201032.0,san antonio spurs,3.09,0.32164786002326184,-0.006108112528120935,0.0,1,0.0,222.67326186114468
2023-03-14,22201034.0,new york knicks,1.66,0.6520405893458469,0.08238737831410575,11.133663093057235,1,7.348217641417774,230.02147950256244
2023-03-15,22201035.0,cleveland cavaliers,2.07,0.554156450672204,0.1471038528914621,11.501073975128122,0,-11.501073975128122,218.52040552743432
2023-03-15,22201036.0,memphis grizzlies,2.34,0.5134708399368844,0.20152176545230938,10.926020276371716,0,-10.926020276371716,207.5943852510626
2023-03-15,22201038.0,los angeles lakers,1.59,0.681944629131272,0.08429196031872249,10.379719262553131,0,-10.379719262553131,197.21466598850947
2023-03-15,22201039.0,minnesota timberwolves,2.53,0.48865115261603864,0.23628741611857762,9.860733299425474,0,-9.860733299425474,187.353932689084
2023-03-15,22201040.0,dallas mavericks,1.52,0.669388674493871,0.01747078523068385,6.294654461798048,1,3.273220320134985,190.62715300921897
2023-03-15,22201041.0,los angeles clippers,1.6,0.5702551642774499,-0.08759173715608004,0.0,1,0.0,190.62715300921897
2023-03-16,22201042.0,detroit pistons,7.23,0.23340509972766155,0.6875188710309932,9.531357650460949,0,-9.531357650460949,181.095795358758
2023-03-16,22201043.0,sacramento kings,2.13,0.4121391058463373,-0.12214370454730161,0.0,1,0.0,181.095795358758
2023-03-16,22201044.0,oklahoma city thunder,2.83,0.46328752333731293,0.3111036910445957,9.054789767937901,0,-9.054789767937901,172.0410055908201
2023-03-16,22201045.0,milwaukee bucks,1.08,0.8091867944105591,-0.12607826203659614,0.0,0,-0.0,172.0410055908201
2023-03-16,22201046.0,phoenix suns,1.26,0.7633451675460171,-0.03818508889201844,0.0,1,0.0,172.0410055908201
2023-03-17,22201047.0,charlotte hornets,4.17,0.27486296176372066,0.14617855055471507,7.933345373262371,0,-7.933345373262371,164.10766021755774
2023-03-17,22201048.0,golden state warriors,2.19,0.4631096768695338,0.014210192344279005,1.959665056185781,0,-1.959665056185781,162.14799516137197
2023-03-17,22201049.0,cleveland cavaliers,1.42,0.7651329998867963,0.08648885983925064,8.107399758068599,1,3.405107898388811,165.5531030597608
2023-03-17,22201050.0,minnesota timberwolves,2.06,0.49933829159748183,0.028636880690812494,4.472570245581278,0,-4.472570245581278,161.08053281417952
2023-03-17,22201051.0,new orleans pelicans,1.4,0.6154464648345311,-0.13837494923165647,0.0,0,-0.0,161.08053281417952
2023-03-17,22201052.0,memphis grizzlies,1.23,0.8161143150873862,0.0038206075574850062,2.6757630479720254,1,0.6154255010335657,161.6959583152131
2023-03-17,22201053.0,boston celtics,1.35,0.6925835731400808,-0.06501217626089087,0.0,1,0.0,161.6959583152131
2023-03-17,22201054.0,los angeles lakers,1.54,0.6361461167368433,-0.020334980225261312,0.0,0,-0.0,161.6959583152131
2023-03-18,22201055.0,new york knicks,1.79,0.5788837209814479,0.03620186055679181,7.409739918385019,1,5.853694535524165,167.54965285073726
2023-03-18,22201056.0,los angeles clippers,1.33,0.7199903769617676,-0.04241279864084904,0.0,0,-0.0,167.54965285073726
2023-03-18,22201057.0,philadelphia 76ers,1.45,0.7006098351002453,0.015884260895355717,5.914227552905315,1,2.6614023988073914,170.21105524954464
2023-03-18,22201058.0,minnesota timberwolves,3.88,0.37983307713022996,0.47375233926529214,8.510552762477232,0,-8.510552762477232,161.7005024870674
2023-03-18,22201059.0,washington wizards,2.39,0.43385909919593973,0.03692324707829597,4.295329212960145,0,-4.295329212960145,157.40517327410726
2023-03-18,22201060.0,chicago bulls,1.98,0.5493985980251338,0.08780922408976488,7.870258663705363,1,7.712853490431256,165.1180267645385
2023-03-18,22201061.0,memphis grizzlies,1.89,0.726508493090283,0.3731010519406348,8.255901338226925,1,7.3477521910219625,172.46577895556047
2023-03-18,22201062.0,utah jazz,2.39,0.40873518745698845,-0.02312290197779754,0.0,1,0.0,172.46577895556047
2023-03-19,22201064.0,oklahoma city thunder,1.77,0.5942007510352605,0.051735329332411095,8.623288947778024,1,6.639932489789079,179.10571144534956
2023-03-19,22201065.0,san antonio spurs,4.07,0.3397571200885744,0.3828114787604978,8.955285572267478,1,27.49272670686116,206.59843815221072
2023-03-19,22201066.0,detroit pistons,3.97,0.22656521563205562,-0.10053609394073915,0.0,0,-0.0,206.59843815221072
2023-03-19,22201067.0,houston rockets,2.59,0.33603011213368494,-0.12968200957375609,0.0,0,-0.0,206.59843815221072
2023-03-19,22201068.0,milwaukee bucks,1.28,0.6867625036679716,-0.12094399530499628,0.0,1,0.0,206.59843815221072
2023-03-19,22201069.0,portland trail blazers,2.39,0.3879359289557378,-0.0728331297957866,0.0,0,-0.0,206.59843815221072
2023-03-19,22201070.0,los angeles lakers,1.34,0.6864401815670761,-0.08017015670011798,0.0,1,0.0,206.59843815221072
2023-03-20,22201071.0,charlotte hornets,2.03,0.4935104828418172,0.0018262801688888608,0.3663171170104799,1,0.3773066305207943,206.9757447827315
2023-03-20,22201072.0,philadelphia 76ers,1.23,0.8215303686120267,0.01048235339279277,9.43301261108294,0,-9.43301261108294,197.54273217164857
2023-03-20,22201073.0,minnesota timberwolves,3.82,0.3028255396900904,0.15679356161614533,9.877136608582429,1,27.853525236202447,225.396257407851
2023-03-20,22201074.0,houston rockets,4.6,0.2587184338796014,0.19010479584616635,11.26981287039255,0,-11.26981287039255,214.12644453745847
2023-03-20,22201075.0,memphis grizzlies,1.51,0.755156762798472,0.1402867118256927,10.706322226872924,1,5.460224335705192,219.58666887316366
2023-03-20,22201076.0,utah jazz,2.95,0.40041449482524893,0.18122275973448443,10.979333443658184,1,21.409700215133462,240.99636908829712
2023-03-21,22201077.0,orlando magic,1.81,0.5669009334463558,0.02609068953790411,7.76266845141347,1,6.287761445644911,247.28413053394203
2023-03-21,22201078.0,detroit pistons,5.98,0.17254240439245203,0.0318035782668632,1.5792209236123373,0,-1.5792209236123373,245.7049096103297
2023-03-21,22201079.0,brooklyn nets,2.27,0.5091540275198699,0.15577964247010478,12.285245480516487,0,-12.285245480516487,233.4196641298132
2023-03-21,22201080.0,san antonio spurs,5.68,0.2587485522118208,0.469691776563142,11.67098320649066,0,-11.67098320649066,221.74868092332255
2023-03-21,22201081.0,sacramento kings,2.53,0.5754079117693333,0.45578201677641306,11.087434046166129,0,-11.087434046166129,210.66124687715643
2023-03-21,22201082.0,oklahoma city thunder,2.91,0.37171505941675326,0.08169082290275209,9.009995084353257,1,17.20909061111472,227.87033748827116
2023-03-22,22201083.0,washington wizards,3.68,0.44656818383831837,0.6433709165250117,11.393516874413558,0,-11.393516874413558,216.4768206138576
2023-03-22,22201084.0,miami heat,1.71,0.5570237540906114,-0.04748938050505447,0.0,1,0.0,216.4768206138576
2023-03-22,22201085.0,indiana pacers,4.17,0.2358837475613165,-0.016364772669310246,0.0,1,0.0,216.4768206138576
2023-03-22,22201086.0,dallas mavericks,2.13,0.5452615115254874,0.16140701954928816,10.823841030692881,0,-10.823841030692881,205.65297958316472
2023-03-22,22201087.0,philadelphia 76ers,1.71,0.6456039940406827,0.10398282980956736,10.282648979158237,1,7.300680775202348,212.95366035836707
2023-03-22,22201088.0,memphis grizzlies,1.09,0.8762885677209489,-0.04484546118416566,0.0,1,0.0,212.95366035836707
2023-03-22,22201089.0,milwaukee bucks,1.02,0.9010835763226239,-0.08089475215092358,0.0,1,0.0,212.95366035836707
2023-03-22,22201090.0,minnesota timberwolves,1.49,0.6224438690226598,-0.0725586351562369,0.0,1,0.0,212.95366035836707
2023-03-22,22201091.0,utah jazz,1.43,0.6583959479335056,-0.058493794455086956,0.0,0,-0.0,212.95366035836707
2023-03-22,22201092.0,los angeles lakers,1.76,0.5318374077725416,-0.06396616232032676,0.0,1,0.0,212.95366035836707
2023-03-23,22201093.0,new york knicks,1.63,0.5500123853140895,-0.10347981193803424,0.0,0,-0.0,212.95366035836707
2023-03-23,22201094.0,brooklyn nets,2.22,0.5160235544208924,0.14557229081438128,10.647683017918354,0,-10.647683017918354,202.30597734044872
2023-03-23,22201095.0,charlotte hornets,3.57,0.28582943488257473,0.020411082530791713,1.6067252918164892,0,-1.6067252918164892,200.69925204863222
2023-03-23,22201096.0,los angeles clippers,1.45,0.6429531471085007,-0.06771793669267401,0.0,1,0.0,200.69925204863222
2023-03-24,22201097.0,boston celtics,1.14,0.8015899095434574,-0.0861875031204586,0.0,1,0.0,200.69925204863222
2023-03-24,22201098.0,washington wizards,1.22,0.7747713839521083,-0.054778911578427875,0.0,1,0.0,200.69925204863222
2023-03-24,22201099.0,detroit pistons,6.62,0.1463977841860717,-0.030846668688205403,0.0,0,-0.0,200.69925204863222
2023-03-24,22201100.0,memphis grizzlies,1.08,0.8757494854010546,-0.05419055576686099,0.0,1,0.0,200.69925204863222
2023-03-24,22201101.0,charlotte hornets,7.37,0.23757632590188155,0.750937521896867,10.034962602431612,1,63.92271177748937,264.6219638261216
2023-03-24,22201102.0,utah jazz,3.72,0.28633596502025854,0.06516978987536193,6.3402050657919,0,-6.3402050657919,258.2817587603297
2023-03-24,22201103.0,philadelphia 76ers,2.31,0.6244509512814637,0.44248169746018107,12.914087938016486,0,-12.914087938016486,245.36767082231322
2023-03-24,22201104.0,portland trail blazers,3.1,0.4302438046529428,0.33375579442412284,12.26838354111566,0,-12.26838354111566,233.09928728119755
2023-03-24,22201105.0,sacramento kings,1.52,0.6047306180557913,-0.08080946055519717,0.0,1,0.0,233.09928728119755
2023-03-24,22201106.0,los angeles lakers,1.56,0.592417705232113,-0.07582837983790369,0.0,1,0.0,233.09928728119755
2023-03-25,22201107.0,indiana pacers,4.22,0.2852398641911774,0.2037122268867686,11.654964364059879,0,-11.654964364059879,221.44432291713767
2023-03-25,22201108.0,brooklyn nets,2.69,0.3515606087171973,-0.05430196255073927,0.0,1,0.0,221.44432291713767
2023-03-25,22201110.0,philadelphia 76ers,1.86,0.6108004068097095,0.13608875666605968,11.072216145856885,0,-11.072216145856885,210.37210677128078
2023-03-25,22201111.0,sacramento kings,1.22,0.6976969671897961,-0.14880970002844876,0.0,1,0.0,210.37210677128078
2023-03-25,22201112.0,los angeles clippers,1.44,0.7517346405890946,0.08249788244829614,10.51860533856404,0,-10.51860533856404,199.85350143271674
2023-03-26,22201113.0,charlotte hornets,5.4,0.41217094309408536,1.2257230927080611,9.992675071635837,1,43.96777031519768,243.8212717479144
2023-03-26,22201114.0,chicago bulls,2.65,0.38986773374191225,0.033149494416067515,4.898516294743012,1,8.08255188632597,251.90382363424038
2023-03-26,22201115.0,memphis grizzlies,1.68,0.5996254774949831,0.007370802191571546,2.730490081336046,1,1.8567332553085112,253.7605568895489
2023-03-26,22201116.0,boston celtics,1.05,0.918985300422529,-0.03506543455634449,0.0,1,0.0,253.7605568895489
2023-03-26,22201117.0,cleveland cavaliers,1.07,0.9054640526224011,-0.031153463694030714,0.0,1,0.0,253.7605568895489
2023-03-26,22201119.0,washington wizards,4.4,0.36358054169569637,0.5997543834610641,12.688027844477446,0,-12.688027844477446,241.07252904507146
2023-03-26,22201120.0,portland trail blazers,4.18,0.4058331108401369,0.6963824033117723,12.053626452253575,0,-12.053626452253575,229.01890259281788
2023-03-26,22201121.0,minnesota timberwolves,2.75,0.33845895777529106,-0.06923786611794969,0.0,1,0.0,229.01890259281788
2023-03-27,22201122.0,milwaukee bucks,1.08,0.827764686395167,-0.1060141386932196,0.0,1,0.0,229.01890259281788
2023-03-27,22201123.0,indiana pacers,3.14,0.5069237414187661,0.5917405480549255,11.450945129640894,0,-11.450945129640894,217.56795746317698
2023-03-27,22201124.0,new york knicks,1.09,0.8874337038909229,-0.03269726275889395,0.0,1,0.0,217.56795746317698
2023-03-27,22201125.0,utah jazz,2.52,0.44198964650966427,0.11381390920435386,10.87839787315885,0,-10.87839787315885,206.68955959001812
2023-03-27,22201126.0,philadelphia 76ers,3.37,0.44380928404888104,0.495637287244729,10.334477979500907,0,-10.334477979500907,196.3550816105172
2023-03-27,22201127.0,portland trail blazers,4.8,0.45204568565394726,1.1698192911389467,9.81775408052586,0,-9.81775408052586,186.53732752999133
2023-03-27,22201128.0,sacramento kings,1.38,0.6577746313768755,-0.09227100869991184,0.0,0,-0.0,186.53732752999133
2023-03-27,22201129.0,chicago bulls,2.34,0.4510813276804153,0.055530306772171745,7.730205240448878,0,-7.730205240448878,178.80712228954246
2023-03-28,22201130.0,washington wizards,4.63,0.3974285256814376,0.840094073905056,8.940356114477124,1,32.45349269555196,211.26061498509443
2023-03-28,22201131.0,cleveland cavaliers,2.08,0.5783199455591613,0.20290548676305564,10.563030749254722,0,-10.563030749254722,200.6975842358397
2023-03-28,22201132.0,miami heat,2.64,0.4165090051087271,0.09958377348703962,10.034879211791987,0,-10.034879211791987,190.66270502404774
2023-03-28,22201133.0,memphis grizzlies,1.34,0.775032505231479,0.03854355701018197,9.533135251202387,1,3.241265985408812,193.90397100945654
2023-03-28,22201134.0,charlotte hornets,4.03,0.22813029731552004,-0.08063490181845423,0.0,1,0.0,193.90397100945654
2023-03-28,22201135.0,new orleans pelicans,3.54,0.4507350830151686,0.5956021938736968,9.695198550472828,0,-9.695198550472828,184.2087724589837
2023-03-29,22201136.0,indiana pacers,5.95,0.2423404751134028,0.4419258269247466,9.210438622949185,0,-9.210438622949185,174.9983338360345
2023-03-29,22201137.0,brooklyn nets,1.13,0.855464448150447,-0.03332517358999501,0.0,1,0.0,174.9983338360345
2023-03-29,22201138.0,new york knicks,1.4,0.705180047240225,-0.012747933863685112,0.0,1,0.0,174.9983338360345
2023-03-29,22201139.0,philadelphia 76ers,1.38,0.8463241959644322,0.16792739043091637,8.749916691801726,1,3.324968342884655,178.32330217891916
2023-03-29,22201140.0,chicago bulls,2.31,0.6045853883864829,0.3965922471727755,8.91616510894596,0,-8.91616510894596,169.4071370699732
2023-03-29,22201141.0,memphis grizzlies,1.7,0.7470007662155425,0.2699013025664222,8.47035685349866,0,-8.47035685349866,160.93678021647455
2023-03-29,22201142.0,oklahoma city thunder,1.15,0.8465709087959196,-0.026443454884692574,0.0,1,0.0,160.93678021647455
2023-03-29,22201143.0,utah jazz,1.68,0.6117041421243374,0.02766295876888686,6.547040464008444,1,4.451987515525742,165.38876773200028
2023-03-29,22201144.0,minnesota timberwolves,2.81,0.3219523648092493,-0.09531385488600941,0.0,0,-0.0,165.38876773200028
2023-03-29,22201145.0,portland trail blazers,6.55,0.23395486323057257,0.5324043541602503,8.269438386600013,0,-8.269438386600013,157.11932934540027
2023-03-30,22201146.0,milwaukee bucks,1.66,0.6598939930752191,0.0954240285048637,7.855966467270014,0,-7.855966467270014,149.26336287813027
2023-03-30,22201147.0,denver nuggets,1.69,0.7605295286399236,0.2852949034014709,7.463168143906514,0,-7.463168143906514,141.80019473422377
2023-03-31,22201148.0,charlotte hornets,4.48,0.43126393784974665,0.9320624415668652,7.090009736711188,0,-7.090009736711188,134.71018499751258
2023-03-31,22201149.0,indiana pacers,2.54,0.41837362491056596,0.06266900727283753,5.481917898269095,1,8.442153563334406,143.152338560847
2023-03-31,22201150.0,philadelphia 76ers,1.48,0.7512231441745335,0.11181025337830958,7.1576169280423505,1,3.435656125460328,146.58799468630733
2023-03-31,22201151.0,washington wizards,2.43,0.613632495120936,0.4911269631438745,7.329399734315366,0,-7.329399734315366,139.25859495199197
2023-03-31,22201152.0,utah jazz,6.37,0.1878689232590212,0.19672504115996503,5.101611326593951,0,-5.101611326593951,134.15698362539803
2023-03-31,22201153.0,brooklyn nets,1.92,0.5939779920508808,0.140437744737691,6.707849181269902,1,6.171221246768309,140.32820487216634
2023-03-31,22201154.0,cleveland cavaliers,1.55,0.6770538816611418,0.0494335165747698,7.016410243608317,0,-7.016410243608317,133.31179462855803
2023-03-31,22201155.0,detroit pistons,2.76,0.42887237326566136,0.18368775021322525,6.665589731427902,0,-6.665589731427902,126.64620489713013
2023-03-31,22201156.0,memphis grizzlies,1.43,0.7477704152209449,0.06931169376595114,6.332310244856507,1,2.7228934052882976,129.36909830241842
2023-03-31,22201157.0,minnesota timberwolves,1.93,0.5343441975924845,0.03128430135349508,4.351851459271814,0,-4.351851459271814,125.01724684314661
2023-03-31,22201158.0,san antonio spurs,7.98,0.12103856408891883,-0.034112258570427656,0.0,0,-0.0,125.01724684314661
2023-03-31,22201159.0,portland trail blazers,6.62,0.19451255725295427,0.2876731290145573,6.250862342157331,0,-6.250862342157331,118.76638450098928
2023-03-31,22201160.0,denver nuggets,5.48,0.41249830925678044,1.260490734727157,5.938319225049464,0,-5.938319225049464,112.8280652759398
2023-04-01,22201161.0,miami heat,2.0,0.6808748707582545,0.36174974151650896,5.641403263796991,1,5.641403263796991,118.4694685397368
2023-04-01,22201162.0,los angeles clippers,2.26,0.5168090687643507,0.16798849540743255,5.92347342698684,0,-5.92347342698684,112.54599511274995
2023-04-02,22201163.0,charlotte hornets,7.35,0.36909503045767245,1.7128484738638923,5.627299755637498,0,-5.627299755637498,106.91869535711245
2023-04-02,22201164.0,brooklyn nets,1.27,0.7369286636308853,-0.0641005971887757,0.0,1,0.0,106.91869535711245
2023-04-02,22201166.0,portland trail blazers,8.53,0.1164741638314877,-0.006475382517409978,0.0,1,0.0,106.91869535711245
2023-04-02,22201167.0,atlanta hawks,1.6,0.6581950944244318,0.05311215107909095,5.345934767855623,1,3.2075608607133743,110.12625621782583
2023-04-02,22201168.0,washington wizards,4.93,0.2362653512814403,0.16478818181750066,4.617685886133269,0,-4.617685886133269,105.50857033169255
2023-04-02,22201169.0,orlando magic,1.14,0.8608907526309035,-0.01858454200077006,0.0,1,0.0,105.50857033169255
2023-04-02,22201170.0,sacramento kings,1.04,0.9061219328535948,-0.05763318983226141,0.0,0,-0.0,105.50857033169255
2023-04-02,22201171.0,houston rockets,5.23,0.2273709131904586,0.18914987598609867,4.7179510623428405,0,-4.7179510623428405,100.79061926934972
2023-04-02,22201172.0,oklahoma city thunder,2.55,0.5237553911128693,0.33557624733781655,5.039530963467486,0,-5.039530963467486,95.75108830588223
2023-04-02,22201173.0,cleveland cavaliers,1.1,0.8238126567771807,-0.09380607754510112,0.0,1,0.0,95.75108830588223
2023-04-02,22201174.0,philadelphia 76ers,2.56,0.3586170944681054,-0.08194023816165008,0.0,0,-0.0,95.75108830588223
2023-04-02,22201175.0,denver nuggets,2.27,0.6385013380253186,0.4493980373174733,4.787554415294112,1,6.080194107423522,101.83128241330576
2023-04-04,22201176.0,charlotte hornets,7.8,0.36718272223524767,1.8640252334349316,5.091564120665288,0,-5.091564120665288,96.73971829264048
2023-04-04,22201177.0,detroit pistons,6.45,0.25671019216610524,0.6557807394713788,4.836985914632024,0,-4.836985914632024,91.90273237800845
2023-04-04,22201178.0,orlando magic,2.34,0.4768319311103635,0.11578671879825053,4.595136618900423,0,-4.595136618900423,87.30759575910803
2023-04-04,22201179.0,washington wizards,6.03,0.3300097297551712,0.9899586704236822,4.365379787955401,0,-4.365379787955401,82.94221597115262
2023-04-04,22201180.0,brooklyn nets,2.21,0.651446911418637,0.4396976742351877,4.147110798557631,0,-4.147110798557631,78.79510517259499
2023-04-04,22201181.0,boston celtics,2.28,0.44098711993033807,0.005450633441170805,0.33553377754243513,0,-0.33553377754243513,78.45957139505255
2023-04-04,22201182.0,chicago bulls,1.4,0.6910560456193441,-0.03252153613291836,0.0,0,-0.0,78.45957139505255
2023-04-04,22201183.0,denver nuggets,1.14,0.7774327975563702,-0.11372661078573806,0.0,0,-0.0,78.45957139505255
2023-04-04,22201184.0,memphis grizzlies,1.04,0.84182461821253,-0.12450239705896882,0.0,1,0.0,78.45957139505255
2023-04-04,22201185.0,sacramento kings,2.33,0.5358107961228535,0.2484391549662488,3.922978569752628,1,5.217561497770995,83.67713289282355
2023-04-04,22201186.0,utah jazz,4.33,0.4003488779450065,0.7335106415018783,4.183856644641177,0,-4.183856644641177,79.49327624818237
2023-04-04,22201187.0,oklahoma city thunder,3.1,0.34771506777057903,0.07791671008879508,2.949454552113393,0,-2.949454552113393,76.54382169606897
2023-04-04,22201188.0,phoenix suns,1.02,0.871614895433181,-0.11095280665815532,0.0,1,0.0,76.54382169606897
2023-04-05,22201189.0,detroit pistons,4.38,0.23165356360114064,0.014642608572996041,0.33159799401678697,0,-0.33159799401678697,76.21222370205219
2023-04-05,22201190.0,new york knicks,1.51,0.6834463508597166,0.032003989798172094,3.8106111851026094,1,1.943411704402331,78.15563540645452
2023-04-05,22201191.0,washington wizards,5.8,0.34135673332210026,0.9798690532681814,3.9077817703227264,0,-3.9077817703227264,74.2478536361318
2023-04-05,22201192.0,boston celtics,1.83,0.7373404213293354,0.3493329710326839,3.7123926818065898,1,3.08128592589947,77.32913956203126
2023-04-05,22201193.0,milwaukee bucks,1.4,0.6500547083950677,-0.0899234082469052,0.0,1,0.0,77.32913956203126
2023-04-05,22201194.0,memphis grizzlies,2.9,0.5545949209298716,0.6083252706966277,3.866456978101563,0,-3.866456978101563,73.46268258392969
2023-04-05,22201195.0,sacramento kings,2.83,0.606803310517474,0.7172533687644517,3.6731341291964847,0,-3.6731341291964847,69.78954845473321
2023-04-05,22201196.0,los angeles clippers,1.86,0.5730578616601816,0.0658876226879378,3.4894774227366607,1,3.0009505835535286,72.79049903828674
2023-04-06,22201197.0,cleveland cavaliers,2.61,0.5493298154851747,0.4337508184163058,3.6395249519143373,1,5.859635172582083,78.65013421086883
2023-04-06,22201198.0,philadelphia 76ers,1.68,0.704260893735243,0.18315830147520823,3.9325067105434415,0,-3.9325067105434415,74.71762750032539
2023-04-06,22201199.0,portland trail blazers,2.55,0.3510347187017373,-0.10486146731056989,0.0,0,-0.0,74.71762750032539
2023-04-06,22201200.0,utah jazz,3.1,0.5605431617499005,0.7376838014246915,3.7358813750162696,0,-3.7358813750162696,70.98174612530912
2023-04-06,22201201.0,denver nuggets,5.38,0.3598956970671856,0.9362388502214585,3.5490873062654558,0,-3.5490873062654558,67.43265881904367
2023-04-07,22201202.0,charlotte hornets,2.47,0.6043040373535039,0.4926309722631548,3.3716329409521837,0,-3.3716329409521837,64.06102587809148
2023-04-07,22201203.0,indiana pacers,1.36,0.7265075933390251,-0.011949673058925747,0.0,0,-0.0,64.06102587809148
2023-04-07,22201204.0,washington wizards,2.28,0.5014163641581643,0.14322931028061447,3.2030512939045743,1,4.099905656197855,68.16093153428935
2023-04-07,22201205.0,philadelphia 76ers,5.23,0.4622200697265379,1.4174109646697934,3.4080465767144674,1,14.416037019502198,82.57696855379154
2023-04-07,22201206.0,boston celtics,1.96,0.7297337403853402,0.4302781311552668,4.128848427689578,1,3.9636944905819944,86.54066304437355
2023-04-07,22201207.0,orlando magic,4.03,0.30329964921148966,0.22229758632230345,4.327033152218678,0,-4.327033152218678,82.21362989215487
2023-04-07,22201208.0,milwaukee bucks,3.48,0.6757620760153628,1.3516520245334624,4.110681494607744,0,-4.110681494607744,78.10294839754712
2023-04-07,22201209.0,new york knicks,3.54,0.5118463185525668,0.8119359676760864,3.9051474198773564,0,-3.9051474198773564,74.19780097766977
2023-04-07,22201210.0,chicago bulls,1.98,0.5408160929101405,0.07081586396207828,3.709890048883489,1,3.635692247905819,77.8334932255756
2023-04-07,22201211.0,sacramento kings,4.55,0.6480425683764256,1.9485936861127366,3.89167466127878,0,-3.89167466127878,73.94181856429681
2023-04-07,22201212.0,phoenix suns,6.05,0.4412671481590524,1.669666246362267,3.6970909282148408,0,-3.6970909282148408,70.24472763608198
2023-04-08,22201213.0,utah jazz,4.13,0.35336341917770303,0.45939092120391356,3.512236381804099,1,10.99329987504683,81.2380275111288
2023-04-08,22201214.0,san antonio spurs,7.28,0.2286895964127974,0.6648602618851652,4.061901375556441,0,-4.061901375556441,77.17612613557236
2023-04-08,22201215.0,portland trail blazers,8.95,0.15172006503639957,0.35789458207577607,3.4743292339016416,0,-3.4743292339016416,73.70179690167072
2023-04-09,22201216.0,boston celtics,1.44,0.7801399308329844,0.12340150039949749,3.685089845083536,1,1.6214395318367556,75.32323643350747
2023-04-09,22201217.0,brooklyn nets,1.7,0.5364734043626823,-0.08799521258344006,0.0,0,-0.0,75.32323643350747
2023-04-09,22201218.0,cleveland cavaliers,1.37,0.8175860711277522,0.12009291744502054,3.766161821675374,0,-3.766161821675374,71.5570746118321
2023-04-09,22201219.0,miami heat,1.41,0.7230276167224035,0.019468939578588806,3.397903322044709,1,1.3931403620383305,72.95021497387043
2023-04-09,22201220.0,new york knicks,1.17,0.8272140852786907,-0.03215952022393198,0.0,0,-0.0,72.95021497387043
2023-04-09,22201222.0,washington wizards,2.29,0.7343050836174234,0.6815586414838997,3.647510748693522,0,-3.647510748693522,69.30270422517691
2023-04-09,22201223.0,chicago bulls,1.21,0.8825169974539581,0.06784556691928922,3.4651352112588456,1,0.7276783943643574,70.03038261954127
2023-04-09,22201224.0,dallas mavericks,1.5,0.8012524469358514,0.2018786704037771,3.501519130977064,0,-3.501519130977064,66.52886348856421
2023-04-09,22201225.0,new orleans pelicans,2.14,0.46034590025050964,-0.01485977346390921,0.0,0,-0.0,66.52886348856421
2023-04-09,22201226.0,memphis grizzlies,2.0,0.610890864920563,0.22178172984112599,3.326443174428211,0,-3.326443174428211,63.202420314136
2023-04-09,22201227.0,denver nuggets,2.48,0.6158416655881171,0.5272873306585305,3.1601210157068,1,4.676979103246064,67.87939941738206
2023-04-09,22201228.0,utah jazz,7.02,0.2178034504451406,0.5289802221248868,3.393969970869103,0,-3.393969970869103,64.48542944651295
2023-04-09,22201229.0,phoenix suns,4.07,0.6357214535059738,1.5873863157693133,3.224271472325648,0,-3.224271472325648,61.261157974187306
2023-04-09,22201230.0,portland trail blazers,7.65,0.2740058517529171,1.0961447659098158,3.0630578987093653,0,-3.0630578987093653,58.19810007547794
2023-04-16,42200101.0,miami heat,3.75,0.23733211268282894,-0.1100045774393914,0.0,1,0.0,58.19810007547794
2023-04-19,42200102.0,milwaukee bucks,1.38,0.64053857763072,-0.1160567628696065,0.0,1,0.0,58.19810007547794
2023-04-24,42200104.0,miami heat,3.33,0.47379894569407816,0.5777504891612801,2.909905003773897,1,6.7800786587931805,64.97817873427113
2023-04-26,42200105.0,miami heat,4.98,0.3023471205418986,0.5056886602986552,3.2489089367135566,1,12.930657568119956,77.90883630239108
2023-04-15,42200111.0,atlanta hawks,3.85,0.31361868283099803,0.20743192889934248,3.895441815119554,0,-3.895441815119554,74.01339448727153
2023-04-18,42200112.0,atlanta hawks,4.62,0.30659484479958016,0.4164681829740604,3.7006697243635767,0,-3.7006697243635767,70.31272476290795
2023-04-21,42200113.0,atlanta hawks,2.71,0.4431707448493862,0.20099271854183653,3.5156362381453974,1,6.01173796722863,76.32446273013657
2023-04-23,42200114.0,atlanta hawks,3.25,0.4540683350616952,0.4757220889505094,3.816223136506829,0,-3.816223136506829,72.50823959362974
2023-04-25,42200115.0,atlanta hawks,6.12,0.2582416084682134,0.5804386438254662,3.625411979681487,1,18.562109335969215,91.07034892959895
2023-04-27,42200116.0,atlanta hawks,3.13,0.4372778681099777,0.36867972718423014,4.5535174464799475,0,-4.5535174464799475,86.516831483119
2023-04-15,42200121.0,brooklyn nets,3.55,0.27871370317925004,-0.010566353713662435,0.0,0,-0.0,86.516831483119
2023-04-17,42200122.0,brooklyn nets,4.38,0.25783535113520817,0.12931883797221178,3.310134944507283,0,-3.310134944507283,83.20669653861172
2023-04-20,42200123.0,brooklyn nets,2.48,0.4402180893352345,0.09174086155138161,4.160334826930586,0,-4.160334826930586,79.04636171168114
2023-04-22,42200124.0,philadelphia 76ers,1.7,0.5306057575268947,-0.0979702122042791,0.0,1,0.0,79.04636171168114
2023-04-15,42200131.0,new york knicks,2.5,0.39434674633626554,-0.014133134159336147,0.0,1,0.0,79.04636171168114
2023-04-18,42200132.0,new york knicks,2.77,0.42507623024335667,0.17746115777409788,3.952318085584057,0,-3.952318085584057,75.09404362609709
2023-04-21,42200133.0,new york knicks,1.68,0.6127554214941193,0.02942910811012045,3.24992754161546,1,2.2099507282985127,77.3039943543956
2023-04-23,42200134.0,new york knicks,1.69,0.6382759340077783,0.07868632847314522,3.86519971771978,1,2.6669878052266482,79.97098215962225
2023-04-26,42200135.0,new york knicks,2.73,0.450705388094046,0.23042570949674546,3.9985491079811126,1,6.917489956807325,86.88847211642958
2023-04-16,42200141.0,minnesota timberwolves,3.35,0.36594705458641197,0.2259226328644801,4.344423605821479,0,-4.344423605821479,82.5440485106081
2023-04-19,42200142.0,minnesota timberwolves,3.43,0.3397019487528471,0.16517768422226553,4.127202425530405,0,-4.127202425530405,78.41684608507771
2023-04-23,42200144.0,minnesota timberwolves,2.41,0.5111716109570269,0.23192358240643496,3.9208423042538856,1,5.528387648997979,83.94523373407569
2023-04-25,42200145.0,minnesota timberwolves,4.28,0.3239022651907577,0.38630169501644307,4.197261686703785,0,-4.197261686703785,79.7479720473719
2023-04-16,42200151.0,memphis grizzlies,1.44,0.6855083206993674,-0.012868018192911002,0.0,0,-0.0,79.7479720473719
2023-04-19,42200152.0,memphis grizzlies,1.9,0.6283553915817238,0.19387524400527523,3.9873986023685952,1,3.5886587421317353,83.33663078950364
2023-04-22,42200153.0,memphis grizzlies,2.38,0.43043231819240263,0.024428917297918185,1.4752345372782079,0,-1.4752345372782079,81.86139625222543
2023-04-24,42200154.0,memphis grizzlies,2.52,0.417813576395255,0.052890212516042756,2.848464897789598,0,-2.848464897789598,79.01293135443584
2023-04-26,42200155.0,los angeles lakers,2.48,0.39307670115205423,-0.02516978114290558,0.0,0,-0.0,79.01293135443584
2023-04-28,42200156.0,memphis grizzlies,2.55,0.4302230708502821,0.09706883066821925,3.950646567721792,0,-3.950646567721792,75.06228478671405
2023-04-17,42200162.0,sacramento kings,2.02,0.5711231463026555,0.15366875553136405,3.7531142393357024,1,3.8281765241224166,78.89046131083646
2023-04-20,42200163.0,sacramento kings,2.74,0.36807950708194404,0.008537849404526732,0.38710050466986445,0,-0.38710050466986445,78.5033608061666
2023-04-23,42200164.0,sacramento kings,3.28,0.36863781335629153,0.20913202780863616,3.92516804030833,0,-3.92516804030833,74.57819276585826
2023-04-26,42200165.0,sacramento kings,1.97,0.5605631516615899,0.10430940877333206,3.7289096382929134,0,-3.7289096382929134,70.84928312756534
2023-04-28,42200166.0,sacramento kings,3.19,0.3436636321114209,0.09628698643543276,3.115006376010968,1,6.821863963464019,77.67114709102937
2023-04-30,42200167.0,sacramento kings,1.79,0.5755213613663704,0.030183236845803096,2.9675526945996826,0,-2.9675526945996826,74.70359439642968
2023-04-16,42200171.0,los angeles clippers,3.28,0.36906873545055263,0.21054545227781252,3.7351797198214842,1,8.516209761192984,83.21980415762266
2023-04-18,42200172.0,los angeles clippers,3.55,0.38108260777013997,0.3528432575839968,4.160990207881134,0,-4.160990207881134,79.05881394974153
2023-04-20,42200173.0,los angeles clippers,3.22,0.5936809169233758,0.91165255249327,3.952940697487077,0,-3.952940697487077,75.10587325225445
2023-04-22,42200174.0,los angeles clippers,3.23,0.5557117296078382,0.7949488866333174,3.755293662612723,0,-3.755293662612723,71.35057958964173
2023-04-25,42200175.0,los angeles clippers,5.72,0.33055612731069306,0.8907810482171642,3.5675289794820864,0,-3.5675289794820864,67.78305061015963
2023-04-30,42200201.0,new york knicks,1.55,0.6303078539198946,-0.023022826424163312,0.0,0,-0.0,67.78305061015963
2023-05-02,42200202.0,miami heat,4.33,0.3083456278341898,0.33513656852204177,3.3891525305079817,0,-3.3891525305079817,64.39389807965165
2023-05-06,42200203.0,new york knicks,2.3,0.4040832723417484,-0.0706084736139787,0.0,0,-0.0,64.39389807965165
2023-05-08,42200204.0,new york knicks,2.37,0.3763298942947717,-0.10809815052139105,0.0,0,-0.0,64.39389807965165
2023-05-10,42200205.0,new york knicks,1.58,0.5729591523675392,-0.09472453925928792,0.0,1,0.0,64.39389807965165
2023-05-12,42200206.0,new york knicks,2.79,0.38401347982457984,0.07139760871057776,2.5684750494077058,0,-2.5684750494077058,61.82542303024394
2023-05-01,42200211.0,philadelphia 76ers,4.47,0.36555068228935145,0.6340115498334009,3.0912711515121973,1,10.726710895747324,72.55213392599126
2023-05-03,42200212.0,philadelphia 76ers,3.37,0.3844738958446868,0.2956770289965944,3.627606696299563,0,-3.627606696299563,68.92452722969169
2023-05-05,42200213.0,philadelphia 76ers,2.09,0.5321976501877955,0.11229308889249257,3.4462263614845847,0,-3.4462263614845847,65.4783008682071
2023-05-09,42200215.0,philadelphia 76ers,3.2,0.3158550686022701,0.010736219527264335,0.31954064199697013,1,0.7029894123933343,66.18129028060044
2023-05-11,42200216.0,philadelphia 76ers,2.07,0.5449438583310843,0.12803378674534438,3.309064514030022,0,-3.309064514030022,62.872225766570416
2023-05-14,42200217.0,boston celtics,1.4,0.6413775442278186,-0.10207143808105407,0.0,1,0.0,62.872225766570416
2023-04-29,42200221.0,denver nuggets,1.52,0.6080642114949584,-0.07574239852766323,0.0,1,0.0,62.872225766570416
2023-05-01,42200222.0,denver nuggets,1.51,0.6425790999168671,-0.029705559125530634,0.0,1,0.0,62.872225766570416
2023-05-05,42200223.0,denver nuggets,2.38,0.41880600879251767,-0.003241699073808002,0.0,0,-0.0,62.872225766570416
2023-05-07,42200224.0,phoenix suns,1.8,0.5608025193140357,0.009444534765264245,0.7422486525273959,1,0.5937989220219168,63.466024688592334
2023-05-09,42200225.0,phoenix suns,2.9,0.35211651661736837,0.021137898190368154,0.7060728254815035,0,-0.7060728254815035,62.75995186311083
2023-05-11,42200226.0,phoenix suns,1.74,0.5293957271575719,-0.07885143474582496,0.0,0,-0.0,62.75995186311083
2023-05-02,42200231.0,golden state warriors,1.49,0.6373554801224505,-0.05034033461754883,0.0,0,-0.0,62.75995186311083
2023-05-04,42200232.0,los angeles lakers,3.08,0.4089353910403997,0.25952100440443115,3.1379975931555415,0,-3.1379975931555415,59.62195426995529
2023-05-06,42200233.0,golden state warriors,2.21,0.4314852041950228,-0.0464176987289997,0.0,0,-0.0,59.62195426995529
2023-05-08,42200234.0,los angeles lakers,1.66,0.6298491208300944,0.04554954057795657,2.9810977134977645,1,1.9675244909085243,61.58947876086381
2023-05-10,42200235.0,los angeles lakers,3.18,0.42888152838104826,0.36384326025173364,3.079473938043191,0,-3.079473938043191,58.51000482282062
2023-05-12,42200236.0,golden state warriors,2.17,0.44000521782471747,-0.045188677320363135,0.0,0,-0.0,58.51000482282062
2023-05-17,42200301.0,miami heat,3.59,0.2670209748878562,-0.041394700152596275,0.0,1,0.0,58.51000482282062
2023-05-19,42200302.0,miami heat,4.05,0.27992469873692133,0.1336950298845313,2.5647530633872373,1,7.8224968433310735,66.3325016661517
2023-05-21,42200303.0,miami heat,2.37,0.5155027040080422,0.2217414084990601,3.316625083307585,1,4.543776364131392,70.87627803028309
2023-05-23,42200304.0,miami heat,1.77,0.5984106513656419,0.05918685291718612,3.5438139015141545,0,-3.5438139015141545,67.33246412876893
2023-05-25,42200305.0,miami heat,3.3,0.348806131771361,0.15106023484549125,3.366623206438447,0,-3.366623206438447,63.965840922330486
2023-05-27,42200306.0,miami heat,1.98,0.5413943003644158,0.0719607147215433,3.1982920461165243,0,-3.1982920461165243,60.767548876213965
2023-05-29,42200307.0,miami heat,3.1,0.3179793651948464,-0.01426396789597617,0.0,1,0.0,60.767548876213965
2023-05-16,42200311.0,los angeles lakers,2.95,0.3438330183955145,0.014307404266767798,0.4458594297808022,0,-0.4458594297808022,60.32168944643316
2023-05-18,42200312.0,denver nuggets,1.43,0.6867822455056293,-0.0179013889269502,0.0,1,0.0,60.32168944643316
2023-05-20,42200313.0,denver nuggets,2.7,0.4765134388560965,0.28658628491146065,3.0160844723216584,1,5.12734360294682,65.44903304937998
2023-05-22,42200314.0,denver nuggets,2.24,0.5034176624317781,0.12765556384718302,3.272451652468999,1,4.05784004906156,69.50687309844153
2023-06-01,42200401.0,miami heat,3.6,0.31439413735450594,0.13181889447622142,3.4753436549220766,0,-3.4753436549220766,66.03152944351946
2023-06-04,42200402.0,miami heat,3.42,0.2675980185731463,-0.0848147764798396,0.0,1,0.0,66.03152944351946
2023-06-07,42200403.0,miami heat,2.26,0.5028705932806415,0.13648754081424974,3.3015764721759733,0,-3.3015764721759733,62.72995297134349
2023-06-12,42200405.0,denver nuggets,1.29,0.7143471451264535,-0.078492182786875,0.0,1,0.0,62.72995297134349
2023-04-11,52200101.0,atlanta hawks,2.49,0.4022394848700689,0.0015763173264715657,0.06636396762246657,1,0.09888231175747521,62.828835283100965
2023-04-12,52200111.0,chicago bulls,2.65,0.4345868659634904,0.15165519480324952,3.1414417641550485,1,5.18337891085583,68.0122141939568
2023-04-11,52200121.0,minnesota timberwolves,3.62,0.29442841993973323,0.06583088018183436,1.7088946272914596,0,-1.7088946272914596,66.30331956666534
2023-04-12,52200131.0,oklahoma city thunder,2.57,0.4153679301098048,0.06749558038219816,2.850433780521295,1,4.475181035418433,70.77850060208377
2023-04-14,52200201.0,chicago bulls,2.41,0.4224333877636115,0.018064464510303746,0.9067912852615989,0,-0.9067912852615989,69.87170931682216
2023-04-14,52200211.0,oklahoma city thunder,2.62,0.40867549762019106,0.07072980376490068,3.050624869566058,0,-3.050624869566058,66.8210844472561
2023-11-03,22300001.0,cleveland cavaliers,1.63,0.5050383870256878,-0.1767874291481289,0.0,0,0.0,1000.0
2023-11-03,22300002.0,new york knicks,2.48,0.45378535685584137,0.12538768500248665,50.0,0,-50.0,950.0
2023-11-03,22300003.0,washington wizards,3.53,0.340891844982395,0.2033482127878543,47.5,0,-47.5,902.5
2023-11-03,22300004.0,chicago bulls,1.49,0.6594600070225516,-0.01740458953639812,0.0,0,-0.0,902.5
2023-11-03,22300005.0,oklahoma city thunder,2.67,0.5709628904542225,0.5244709175127742,45.125,0,-45.125,857.375
2023-11-03,22300006.0,denver nuggets,1.37,0.7398431480780453,0.013585112866922155,31.47982741696589,1,11.647536144277382,869.0225361442774
2023-11-10,22300008.0,philadelphia 76ers,1.22,0.8045200044432665,-0.018485594579214837,0.0,1,0.0,869.0225361442774
2023-11-10,22300009.0,washington wizards,1.59,0.5900260714906542,-0.06185854632985971,0.0,0,-0.0,869.0225361442774
2023-11-10,22300010.0,brooklyn nets,4.77,0.28147173840243056,0.3426201921795937,43.451126807213875,0,-43.451126807213875,825.5714093370635
2023-11-10,22300011.0,houston rockets,1.63,0.6867882193019289,0.11946479746214406,41.27857046685318,1,26.0054993941175,851.576908731181
2023-11-10,22300012.0,memphis grizzlies,1.43,0.6314779908633966,-0.09698647306534286,0.0,0,-0.0,851.576908731181
2023-11-10,22300013.0,minnesota timberwolves,1.3,0.7844936408990121,0.019841733168715736,42.57884543655905,1,12.773653630967717,864.3505623621487
2023-11-10,22300014.0,dallas mavericks,1.75,0.5841660240387005,0.02229054206772596,25.68912342879476,1,19.26684257159607,883.6174049337448
2023-11-10,22300015.0,phoenix suns,1.67,0.6563993391413098,0.09618689636598726,44.18087024668724,0,-44.18087024668724,839.4365346870575
2023-11-10,22300016.0,oklahoma city thunder,1.69,0.5726687164491318,-0.03218986920096739,0.0,0,-0.0,839.4365346870575
2023-11-14,22300017.0,charlotte hornets,2.86,0.2993562856365394,-0.14384102307949742,0.0,0,-0.0,839.4365346870575
2023-11-14,22300018.0,atlanta hawks,1.47,0.6641157556738598,-0.023749839159426078,0.0,1,0.0,839.4365346870575
2023-11-14,22300019.0,philadelphia 76ers,1.38,0.8143798995436429,0.12384426137022708,41.971826734352874,0,-41.971826734352874,797.4647079527047
2023-11-14,22300020.0,brooklyn nets,1.62,0.5383319842712537,-0.12790218548056892,0.0,1,0.0,797.4647079527047
2023-11-14,22300021.0,oklahoma city thunder,1.16,0.8356608036512008,-0.03063346776460718,0.0,1,0.0,797.4647079527047
2023-11-14,22300022.0,new orleans pelicans,2.22,0.4476203326972629,-0.006282861412076124,0.0,1,0.0,797.4647079527047
2023-11-14,22300023.0,portland trail blazers,2.86,0.2650672561798364,-0.24190764732566794,0.0,0,-0.0,797.4647079527047
2023-11-14,22300024.0,denver nuggets,1.46,0.8365566601666541,0.2213727238433149,39.873235397635234,1,18.341688282912205,815.8063962356168
2023-11-14,22300025.0,golden state warriors,2.06,0.5868248659959765,0.20885922395171164,40.79031981178085,0,-40.79031981178085,775.016076423836
2023-11-14,22300026.0,memphis grizzlies,2.87,0.28065757080642045,-0.19451277178557325,0.0,0,-0.0,775.016076423836
2023-11-17,22300027.0,charlotte hornets,3.35,0.2686017843994708,-0.10018402226177281,0.0,0,-0.0,775.016076423836
2023-11-17,22300028.0,washington wizards,2.95,0.3710504583797739,0.09459885222033304,37.59775963179528,0,-37.59775963179528,737.4183167920407
2023-11-17,22300029.0,philadelphia 76ers,1.76,0.6085526338602228,0.07105263559399222,36.87091583960204,1,28.02189603809755,765.4402128301383
2023-11-17,22300030.0,cleveland cavaliers,1.23,0.8327587024823436,0.02429320405328264,38.27201064150692,1,8.80256244754659,774.2427752776849
2023-11-17,22300031.0,toronto raptors,3.56,0.4245811345096317,0.511508838854289,38.71213876388425,0,-38.71213876388425,735.5306365138007
2023-11-17,22300032.0,sacramento kings,1.24,0.6280456180668146,-0.22122343359714994,0.0,1,0.0,735.5306365138007
2023-11-17,22300033.0,chicago bulls,1.52,0.6141905785693612,-0.06643032057457093,0.0,0,-0.0,735.5306365138007
2023-11-17,22300034.0,denver nuggets,1.48,0.6873582494672521,0.017290209211533125,26.494747055866124,0,-26.494747055866124,709.0358894579346
2023-11-17,22300035.0,utah jazz,2.49,0.4067771574066134,0.012875121942467538,6.1267943210448585,0,-6.1267943210448585,702.9090951368897
2023-11-17,22300036.0,portland trail blazers,3.75,0.2643670929987361,-0.008623401254739593,0.0,0,-0.0,702.9090951368897
2023-11-17,22300037.0,houston rockets,3.0,0.6352655461286202,0.9057966383858606,35.14545475684449,0,-35.14545475684449,667.7636403800452
2023-11-21,22300038.0,orlando magic,1.74,0.6395578659614362,0.11283068677289892,33.388182019002265,1,24.707254694061675,692.4708950741069
2023-11-21,22300039.0,atlanta hawks,1.54,0.6480851772285506,-0.0019488270680320108,0.0,0,-0.0,692.4708950741069
2023-11-21,22300040.0,cleveland cavaliers,3.37,0.348250207034264,0.17360319770546973,34.623544753705346,1,82.05780106628167,774.5286961403885
2023-11-21,22300041.0,phoenix suns,1.09,0.7846336501542409,-0.14474932133187735,0.0,1,0.0,774.5286961403885
2023-11-21,22300042.0,utah jazz,3.08,0.28588119613430807,-0.11948591590633117,0.0,0,-0.0,774.5286961403885
2023-11-24,22300043.0,orlando magic,2.51,0.4615516716615467,0.15849469587048204,38.72643480701943,1,58.47691655859933,833.0056126989879
2023-11-24,22300044.0,memphis grizzlies,2.18,0.4063103902331658,-0.1142433492916986,0.0,0,-0.0,833.0056126989879
2023-11-24,22300045.0,miami heat,2.48,0.4480531409535227,0.11117178956473628,41.6502806349494,0,-41.6502806349494,791.3553320640385
2023-11-24,22300046.0,toronto raptors,1.41,0.6630530844768237,-0.0650951508876787,0.0,1,0.0,791.3553320640385
2023-11-24,22300047.0,indiana pacers,1.2,0.7361120383636265,-0.11666555396364825,0.0,1,0.0,791.3553320640385
2023-11-24,22300048.0,denver nuggets,1.59,0.6443020416718117,0.024440246258180642,32.78121897181257,0,-32.78121897181257,758.574113092226
2023-11-24,22300049.0,milwaukee bucks,1.08,0.8065657068201846,-0.1289090366342006,0.0,1,0.0,758.574113092226
2023-11-24,22300050.0,minnesota timberwolves,1.45,0.6842184384848556,-0.007883264196959339,0.0,0,-0.0,758.574113092226
2023-11-24,22300051.0,golden state warriors,1.18,0.7292361642586334,-0.13950132617481267,0.0,1,0.0,758.574113092226
2023-11-24,22300052.0,new orleans pelicans,2.48,0.4270813634640543,0.059161781390854595,30.323375572651138,1,44.878595847523684,803.4527089397496
2023-11-28,22300053.0,boston celtics,1.08,0.777011495377022,-0.1608275849928162,0.0,1,0.0,803.4527089397496
2023-11-28,22300054.0,brooklyn nets,1.72,0.5082939210827745,-0.12573445573762787,0.0,1,0.0,803.4527089397496
2023-11-28,22300055.0,atlanta hawks,2.34,0.34662316124785014,-0.18890180268003076,0.0,0,-0.0,803.4527089397496
2023-11-28,22300056.0,miami heat,2.36,0.4733027558975035,0.11699450391810817,40.172635446987485,0,-40.172635446987485,763.2800734927622
2023-11-28,22300057.0,new york knicks,1.13,0.7460791663104892,-0.15693054206914728,0.0,1,0.0,763.2800734927622
2023-11-28,22300058.0,minnesota timberwolves,1.59,0.6895815938599076,0.09643473423725313,38.16400367463811,1,22.51676216803649,785.7968356607987
2023-11-28,22300060.0,sacramento kings,1.66,0.558593151978083,-0.07273536771638223,0.0,1,0.0,785.7968356607987
2023-10-24,22300061.0,denver nuggets,1.45,0.7305707544715909,0.059327593983806826,39.28984178303994,1,17.68042880236797,803.4772644631666
2023-10-24,22300062.0,golden state warriors,1.66,0.6305343447279399,0.04668701224838018,40.173863223158335,0,-40.173863223158335,763.3034012400083
2023-10-25,22300063.0,charlotte hornets,2.29,0.4376683058657468,0.0022604204325601396,1.337508995663229,1,1.7253866044055652,765.0287878444138
2023-10-25,22300064.0,washington wizards,2.42,0.4847186645444655,0.17301916819760643,38.251439392220696,0,-38.251439392220696,726.7773484521931
2023-10-25,22300065.0,new york knicks,2.28,0.6168287041947683,0.4063694455640716,36.33886742260966,0,-36.33886742260966,690.4384810295835
2023-10-25,22300066.0,orlando magic,1.49,0.6863381078181457,0.02264378064903716,31.90640309405774,1,15.634137516088293,706.0726185456718
2023-10-25,22300067.0,brooklyn nets,1.94,0.5606344009338082,0.08763073781158792,35.30363092728359,0,-35.30363092728359,670.7689876183882
2023-10-25,22300068.0,miami heat,1.18,0.779495071046552,-0.08019581616506866,0.0,1,0.0,670.7689876183882
2023-10-25,22300069.0,toronto raptors,1.78,0.6816926094714458,0.21341284485917356,33.53844938091941,1,26.15999051711714,696.9289781355054
2023-10-25,22300070.0,chicago bulls,1.65,0.6826269175792492,0.12633441400576112,34.84644890677527,0,-34.84644890677527,662.0825292287301
2023-10-25,22300071.0,memphis grizzlies,1.77,0.6850584797582383,0.21255350917208182,33.10412646143651,0,-33.10412646143651,628.9784027672936
2023-10-25,22300073.0,san antonio spurs,2.4,0.43086205698436497,0.03406893676247591,15.30616102060145,0,-15.30616102060145,613.6722417466922
2023-10-25,22300074.0,los angeles clippers,1.2,0.7350985719066827,-0.11788171371198078,0.0,1,0.0,613.6722417466922
2023-10-26,22300075.0,philadelphia 76ers,2.73,0.3220779674008791,-0.12072714899560011,0.0,0,-0.0,613.6722417466922
2023-10-26,22300076.0,phoenix suns,2.77,0.42254070720529846,0.17043775895867674,30.68361208733461,0,-30.68361208733461,582.9886296593576
2023-10-27,22300077.0,charlotte hornets,1.49,0.6712856163514983,0.0002155683637324879,0.25647735708227154,0,-0.25647735708227154,582.7321523022753
2023-10-27,22300078.0,memphis grizzlies,2.52,0.5110142082241272,0.28775580472480067,29.136607615113764,0,-29.136607615113764,553.5955446871615
2023-10-27,22300079.0,atlanta hawks,1.82,0.5428199846230489,-0.012067627986050933,0.0,0,-0.0,553.5955446871615
2023-10-27,22300080.0,miami heat,3.32,0.30273583959520034,0.005082987456065058,1.2128962109389418,0,-1.2128962109389418,552.3826484762225
2023-10-27,22300081.0,cleveland cavaliers,1.63,0.6780091049127455,0.10515484100777506,27.619132423811124,0,-27.619132423811124,524.7635160524113
2023-10-27,22300082.0,chicago bulls,1.64,0.5867263023411411,-0.03776886416052866,0.0,1,0.0,524.7635160524113
2023-10-27,22300083.0,san antonio spurs,1.56,0.5457494781207607,-0.14863081413161328,0.0,1,0.0,524.7635160524113
2023-10-27,22300084.0,brooklyn nets,2.63,0.4662542179266132,0.22624859314699264,26.238175802620567,0,-26.238175802620567,498.52534024979076
2023-10-27,22300085.0,utah jazz,2.26,0.4225591902080347,-0.04501623012984168,0.0,1,0.0,498.52534024979076
2023-10-27,22300086.0,orlando magic,1.51,0.5405921775996937,-0.1837058118244625,0.0,1,0.0,498.52534024979076
2023-10-27,22300087.0,sacramento kings,1.58,0.5289387071518206,-0.1642768427001235,0.0,0,-0.0,498.52534024979076
2023-10-28,22300088.0,chicago bulls,1.59,0.5905045548358352,-0.061097757811022,0.0,0,-0.0,498.52534024979076
2023-10-28,22300090.0,new orleans pelicans,1.59,0.6227713377316088,-0.009793573006742051,0.0,1,0.0,498.52534024979076
2023-10-28,22300091.0,cleveland cavaliers,2.23,0.7210322434136973,0.607901902812545,24.92626701248954,0,-24.92626701248954,473.59907323730124
2023-10-28,22300092.0,toronto raptors,2.46,0.5633103036489752,0.38574334697647883,23.679953661865063,0,-23.679953661865063,449.9191195754362
2023-10-28,22300093.0,miami heat,3.37,0.4046974671150135,0.36383046417759535,22.49595597877181,0,-22.49595597877181,427.4231635966644
2023-10-28,22300094.0,phoenix suns,1.39,0.7191811642012804,-0.0003381817602202686,0.0,1,0.0,427.4231635966644
2023-10-29,22300095.0,oklahoma city thunder,2.15,0.5164721231355854,0.11041506474150864,21.37115817983322,0,-21.37115817983322,406.05200541683115
2023-10-29,22300096.0,houston rockets,2.83,0.32291074282288534,-0.08616259781123448,0.0,0,-0.0,406.05200541683115
2023-10-29,22300097.0,milwaukee bucks,1.36,0.6501467451914771,-0.1158004265395911,0.0,0,-0.0,406.05200541683115
2023-10-29,22300098.0,philadelphia 76ers,1.19,0.7702201408815678,-0.08343803235093442,0.0,1,0.0,406.05200541683115
2023-10-29,22300099.0,los angeles clippers,1.21,0.7843578290363551,-0.05092702686601036,0.0,1,0.0,406.05200541683115
2023-10-29,22300100.0,sacramento kings,1.64,0.5232184742685502,-0.14192170219957778,0.0,1,0.0,406.05200541683115
2023-10-30,22300101.0,charlotte hornets,1.87,0.5232107236299299,-0.021595946812030975,0.0,0,-0.0,406.05200541683115
2023-10-30,22300103.0,washington wizards,3.98,0.3989221881333657,0.5877103087707956,20.30260027084156,0,-20.30260027084156,385.7494051459896
2023-10-30,22300104.0,atlanta hawks,1.94,0.5876363910410233,0.1400145986195851,19.287470257299482,1,18.13022204186151,403.8796271878511
2023-10-30,22300105.0,toronto raptors,1.2,0.794847471591185,-0.046183034090578085,0.0,0,-0.0,403.8796271878511
2023-10-30,22300106.0,memphis grizzlies,1.7,0.6957721594691832,0.1828126710976115,20.193981359392556,0,-20.193981359392556,383.6856458284585
2023-10-30,22300107.0,miami heat,3.0,0.2785631462170397,-0.1643105613488809,0.0,0,-0.0,383.6856458284585
2023-10-30,22300108.0,new orleans pelicans,1.62,0.6254769478734021,0.013272655554911528,8.21375390071759,0,-8.21375390071759,375.47189192774096
2023-10-30,22300109.0,oklahoma city thunder,1.32,0.7438399028446003,-0.018131328245127504,0.0,1,0.0,375.47189192774096
2023-10-30,22300110.0,denver nuggets,1.23,0.8216004086853826,0.010568502683020647,17.25293781407465,1,3.968175697237169,379.4400676249781
2023-10-30,22300111.0,los angeles lakers,1.48,0.6630179419775517,-0.01873344587322351,0.0,1,0.0,379.4400676249781
2023-10-31,22300112.0,cleveland cavaliers,1.94,0.6240093581057208,0.21057815472509833,18.972003381248907,0,-18.972003381248907,360.4680642437292
2023-10-31,22300113.0,phoenix suns,1.28,0.832942203776682,0.06616602083415304,18.023403212186462,0,-18.023403212186462,342.44466103154275
2023-10-31,22300114.0,los angeles clippers,1.35,0.7612705388875542,0.027715227498198325,17.122233051577137,1,5.992781568051999,348.43744259959476
2023-11-01,22300115.0,detroit pistons,1.56,0.5762743097950715,-0.10101207671968837,0.0,0,-0.0,348.43744259959476
2023-11-01,22300116.0,toronto raptors,2.22,0.5575944531062909,0.23785968589596584,17.42187212997974,1,21.254683998575285,369.69212659817003
2023-11-01,22300117.0,washington wizards,3.51,0.3447372075663458,0.21002759855787356,18.4846063299085,0,-18.4846063299085,351.20752026826153
2023-11-01,22300118.0,indiana pacers,4.8,0.2684630639187036,0.2886227068097773,17.560376013413077,0,-17.560376013413077,333.64714425484846
2023-11-01,22300119.0,brooklyn nets,2.71,0.4191609406265825,0.13592614909803857,16.682357212742424,1,28.526830833789546,362.17397508863803
2023-11-01,22300120.0,new york knicks,1.41,0.6990884230466183,-0.0142853235042682,0.0,0,-0.0,362.17397508863803
2023-11-01,22300121.0,oklahoma city thunder,1.51,0.6236560578087887,-0.05827935270872897,0.0,0,-0.0,362.17397508863803
2023-11-01,22300123.0,denver nuggets,1.62,0.584903739261856,-0.05245594239579321,0.0,0,-0.0,362.17397508863803
2023-11-01,22300124.0,dallas mavericks,1.52,0.6339267685241594,-0.03643131184327769,0.0,1,0.0,362.17397508863803
2023-11-01,22300125.0,memphis grizzlies,1.9,0.5243593004645455,-0.0037173291173636103,0.0,0,-0.0,362.17397508863803
2023-11-01,22300126.0,sacramento kings,2.8,0.35505963922098793,-0.005833010181233833,0.0,0,-0.0,362.17397508863803
2023-11-01,22300127.0,los angeles clippers,2.06,0.5273707471082363,0.08638373904296681,18.108698754431902,0,-18.108698754431902,344.06527633420615
2023-11-02,22300128.0,toronto raptors,2.87,0.3610436751355402,0.03619534763900034,6.659658977232785,0,-6.659658977232785,337.4056173569734
2023-11-02,22300129.0,new orleans pelicans,1.43,0.7019987242684426,0.0038581757038728126,3.02737245403926,1,1.3017701552368817,338.7073875122103
2023-11-02,22300130.0,utah jazz,1.85,0.5782799602731922,0.06981792650540558,16.935369375610517,0,-16.935369375610517,321.7720181365998
2023-11-02,22300131.0,phoenix suns,1.14,0.8080757753933715,-0.07879361605155658,0.0,0,-0.0,321.7720181365998
2023-11-04,22300132.0,phoenix suns,2.69,0.353177335657993,-0.049952967079998856,0.0,0,-0.0,321.7720181365998
2023-11-04,22300133.0,indiana pacers,1.4,0.5247707681705494,-0.26532092456123096,0.0,0,-0.0,321.7720181365998
2023-11-04,22300134.0,orlando magic,2.21,0.5122552425489288,0.1320840860331327,16.088600906829992,1,19.46720709726429,341.2392252338641
2023-11-04,22300135.0,atlanta hawks,1.97,0.4884880723209486,-0.03767849752773128,0.0,1,0.0,341.2392252338641
2023-11-04,22300136.0,brooklyn nets,3.77,0.4842218303364287,0.8255163003683361,17.061961261693206,0,-17.061961261693206,324.17726397217086
2023-11-04,22300137.0,sacramento kings,1.61,0.5664978551619991,-0.08793845318918136,0.0,0,-0.0,324.17726397217086
2023-11-04,22300138.0,utah jazz,3.13,0.37027758119899246,0.15896882915284638,16.208863198608544,0,-16.208863198608544,307.96840077356234
2023-11-04,22300139.0,denver nuggets,1.19,0.7805829650922406,-0.07110627154023377,0.0,1,0.0,307.96840077356234
2023-11-05,22300140.0,phoenix suns,1.58,0.6638118681679501,0.04882275170536127,15.398420038678118,1,8.93108362243331,316.89948439599567
2023-11-05,22300141.0,toronto raptors,1.54,0.6074930077211076,-0.0644607681094943,0.0,1,0.0,316.89948439599567
2023-11-05,22300143.0,charlotte hornets,4.4,0.20442198211398108,-0.10054327869848312,0.0,0,-0.0,316.89948439599567
2023-11-05,22300144.0,portland trail blazers,2.13,0.4054720407200298,-0.13634455326633654,0.0,0,-0.0,316.89948439599567
2023-11-06,22300145.0,detroit pistons,3.68,0.3655057559510521,0.3450611818998719,15.844974219799784,0,-15.844974219799784,301.0545101761959
2023-11-06,22300146.0,san antonio spurs,3.6,0.27466853340027764,-0.01119327975900053,0.0,0,-0.0,301.0545101761959
2023-11-06,22300147.0,orlando magic,1.87,0.6005810969414023,0.12308665128042229,15.052725508809795,0,-15.052725508809795,286.0017846673861
2023-11-06,22300148.0,washington wizards,4.68,0.22019152184677443,0.030496322242904328,2.370109398712593,0,-2.370109398712593,283.6316752686735
2023-11-06,22300149.0,brooklyn nets,2.4,0.4839124514064153,0.16138988337539661,14.181583763433677,0,-14.181583763433677,269.45009150523987
2023-11-06,22300150.0,miami heat,1.73,0.5612845310672453,-0.028977761253665635,0.0,1,0.0,269.45009150523987
2023-11-06,22300151.0,new york knicks,1.72,0.6742809021136065,0.1597631516354031,13.472504575261993,1,9.700203294188634,279.1502947994285
2023-11-06,22300152.0,chicago bulls,1.51,0.6020216035260525,-0.09094737867566072,0.0,1,0.0,279.1502947994285
2023-11-06,22300154.0,minnesota timberwolves,2.16,0.6209661562463346,0.34128689749208274,13.957514739971424,1,16.190717098366854,295.34101189779534
2023-11-06,22300155.0,oklahoma city thunder,1.75,0.6436852206189302,0.1264491360831278,14.767050594889767,1,11.075287946167325,306.4162998439627
2023-11-06,22300156.0,denver nuggets,1.33,0.7784859493705585,0.03538631266284281,15.320814992198136,1,5.0558689474253855,311.47216879138807
2023-11-08,22300157.0,charlotte hornets,1.66,0.459046327782171,-0.2379830958815961,0.0,0,-0.0,311.47216879138807
2023-11-08,22300158.0,indiana pacers,1.38,0.6558019473560671,-0.09499331264862745,0.0,1,0.0,311.47216879138807
2023-11-08,22300159.0,philadelphia 76ers,2.03,0.6960505944639513,0.41298270676182114,15.573608439569405,1,16.040816692756483,327.51298548414456
2023-11-08,22300160.0,brooklyn nets,2.52,0.5586455701149409,0.407786836689651,16.37564927420723,1,24.890986896794992,352.40397238093954
2023-11-08,22300161.0,new york knicks,1.21,0.7868239327147066,-0.047943041415205,0.0,1,0.0,352.40397238093954
2023-11-08,22300163.0,houston rockets,2.08,0.6035883719908071,0.2554638137408787,17.620198619046977,1,19.029814508570738,371.43378688951026
2023-11-08,22300165.0,detroit pistons,5.12,0.17986531877214212,-0.07908956788663224,0.0,0,-0.0,371.43378688951026
2023-11-08,22300166.0,new orleans pelicans,3.63,0.26836381524114844,-0.025839350674631167,0.0,0,-0.0,371.43378688951026
2023-11-08,22300167.0,oklahoma city thunder,1.96,0.6916013963433227,0.3555387368329126,18.571689344475512,1,17.82882177069649,389.26260866020675
2023-11-08,22300168.0,toronto raptors,2.27,0.40574329020427813,-0.07896273123628861,0.0,1,0.0,389.26260866020675
2023-11-08,22300169.0,denver nuggets,1.49,0.7670247939888035,0.14286694304331726,19.46313043301034,1,9.536933912175066,398.7995425723818
2023-11-08,22300170.0,sacramento kings,1.26,0.6096219528247412,-0.2318763394408261,0.0,1,0.0,398.7995425723818
2023-11-09,22300171.0,indiana pacers,1.83,0.5127995908874783,-0.06157674867591473,0.0,1,0.0,398.7995425723818
2023-11-11,22300173.0,orlando magic,1.96,0.5058683242787322,-0.008498084413684937,0.0,1,0.0,398.7995425723818
2023-11-11,22300174.0,toronto raptors,3.57,0.2890466578597106,0.031896568559166893,4.9495474517604565,0,-4.9495474517604565,393.8499951206214
2023-11-11,22300175.0,miami heat,3.1,0.3020801830600961,-0.0635514325137021,0.0,1,0.0,393.8499951206214
2023-11-11,22300176.0,golden state warriors,1.49,0.7221196145176106,0.07595822563123983,19.69249975603107,0,-19.69249975603107,374.1574953645903
2023-11-12,22300177.0,new york knicks,1.17,0.7953936893661137,-0.06938938344164708,0.0,1,0.0,374.1574953645903
2023-11-12,22300178.0,washington wizards,2.88,0.2943752085849617,-0.15219939927531034,0.0,0,-0.0,374.1574953645903
2023-11-12,22300179.0,memphis grizzlies,3.26,0.35209550736772754,0.14783135401879177,18.707874768229516,1,42.2797969761987,416.43729234078904
2023-11-12,22300180.0,philadelphia 76ers,1.32,0.7880396021354288,0.04021227481876605,20.821864617039452,1,6.662996677452626,423.10028901824165
2023-11-12,22300181.0,chicago bulls,1.36,0.7279140084170118,-0.010036948552863856,0.0,1,0.0,423.10028901824165
2023-11-12,22300182.0,houston rockets,2.42,0.4871210729547343,0.17883299655045692,21.155014450912084,1,30.040120520295158,453.1404095385368
2023-11-12,22300183.0,new orleans pelicans,2.21,0.5271528390737109,0.16500777435290115,22.657020476926842,0,-22.657020476926842,430.48338906160996
2023-11-12,22300184.0,miami heat,1.7,0.5631752261077622,-0.042602115616804326,0.0,1,0.0,430.48338906160996
2023-11-12,22300185.0,oklahoma city thunder,2.22,0.5003524272764639,0.11078238855375,21.5241694530805,1,26.259486732758216,456.74287579436816
2023-11-12,22300186.0,minnesota timberwolves,2.13,0.5706956239213404,0.21558167895245506,22.83714378971841,1,25.8059724823818,482.54884827674994
2023-11-12,22300187.0,los angeles lakers,1.21,0.6443760067066694,-0.22030503188493006,0.0,1,0.0,482.54884827674994
2023-11-13,22300188.0,new york knicks,3.87,0.42733746565190317,0.6537959920728653,24.1274424138375,0,-24.1274424138375,458.4214058629124
2023-11-13,22300189.0,washington wizards,3.33,0.31077884351199514,0.03489354889494378,6.865214480672275,0,-6.865214480672275,451.5561913822402
2023-11-13,22300190.0,chicago bulls,3.85,0.342264322861681,0.31771764301747196,22.57780956911201,0,-22.57780956911201,428.9783818131282
2023-11-13,22300191.0,sacramento kings,1.79,0.49115331319271327,-0.12083556938504325,0.0,1,0.0,428.9783818131282
2023-11-15,22300192.0,washington wizards,2.33,0.4458815992016691,0.03890412613988903,12.548142163416102,0,-12.548142163416102,416.43023964971206
2023-11-15,22300193.0,atlanta hawks,1.74,0.5718726693165211,-0.004941555389253227,0.0,0,-0.0,416.43023964971206
2023-11-15,22300194.0,philadelphia 76ers,1.83,0.672571803810382,0.23080640097299898,20.821511982485603,0,-20.821511982485603,395.60872766722645
2023-11-15,22300195.0,toronto raptors,1.86,0.5185549238556042,-0.035487841628576156,0.0,0,-0.0,395.60872766722645
2023-11-15,22300196.0,chicago bulls,1.7,0.5982964303211402,0.017103931545938367,9.666377995708594,0,-9.666377995708594,385.94234967151783
2023-11-15,22300197.0,minnesota timberwolves,2.33,0.5473526906408276,0.2753317691931283,19.297117483575892,0,-19.297117483575892,366.64523218794193
2023-11-15,22300198.0,los angeles lakers,1.79,0.5750439284553164,0.029328631935016336,13.611649450087027,0,-13.611649450087027,353.0335827378549
2023-11-15,22300199.0,portland trail blazers,3.88,0.31705760291020796,0.23018349929160675,17.651679136892746,0,-17.651679136892746,335.3819036009621
2023-11-16,22300200.0,miami heat,1.56,0.5743508765056858,-0.10401263265113009,0.0,1,0.0,335.3819036009621
2023-11-16,22300201.0,golden state warriors,2.2,0.5964440968539878,0.3121770130787733,16.769095180048108,0,-16.769095180048108,318.612808420914
2023-11-18,22300202.0,new york knicks,1.33,0.6870734176253214,-0.08619235455832253,0.0,1,0.0,318.612808420914
2023-11-18,22300203.0,new orleans pelicans,2.95,0.493207125850514,0.4549610212590164,15.930640421045702,0,-15.930640421045702,302.6821679998683
2023-11-18,22300205.0,milwaukee bucks,1.68,0.6944268739953501,0.16663714831218807,15.134108399993416,1,10.291193711995522,312.9733617118638
2023-11-18,22300206.0,memphis grizzlies,1.59,0.5079705384191112,-0.1923268439136131,0.0,1,0.0,312.9733617118638
2023-11-18,22300207.0,oklahoma city thunder,1.98,0.6043152291420748,0.19654415370130807,15.64866808559319,1,15.335694723881327,328.3090564357451
2023-11-19,22300209.0,orlando magic,2.36,0.4242553734056236,0.001242681237271559,0.29998787092575724,1,0.4079835044590298,328.71703994020413
2023-11-19,22300210.0,cleveland cavaliers,2.34,0.4782540898160705,0.11911457016960492,16.435851997010207,1,22.024041675993676,350.7410816161978
2023-11-19,22300211.0,toronto raptors,1.16,0.7829008858896103,-0.09183497236805216,0.0,1,0.0,350.7410816161978
2023-11-19,22300212.0,dallas mavericks,1.74,0.5794085421283315,0.00817086330329675,3.8727803145086495,0,-3.8727803145086495,346.86830130168914
2023-11-19,22300213.0,memphis grizzlies,4.53,0.3079774159510582,0.3951376942582938,17.343415065084457,0,-17.343415065084457,329.5248862366047
2023-11-19,22300214.0,utah jazz,2.39,0.40532317806125406,-0.031277604433602724,0.0,0,-0.0,329.5248862366047
2023-11-19,22300215.0,oklahoma city thunder,1.33,0.7636850220489014,0.015701079325038947,15.67847387386474,1,5.173896378375365,334.6987826149801
2023-11-19,22300216.0,houston rockets,2.65,0.4708344699079249,0.24771134525600091,16.734939130749005,0,-16.734939130749005,317.96384348423106
2023-11-20,22300217.0,boston celtics,1.22,0.7576660894297169,-0.07564737089574539,0.0,0,-0.0,317.96384348423106
2023-11-20,22300218.0,denver nuggets,1.18,0.7681437043961504,-0.09359042881254254,0.0,1,0.0,317.96384348423106
2023-11-20,22300219.0,washington wizards,3.9,0.30133964826513865,0.17522462823404072,15.898192174211554,0,-15.898192174211554,302.0656513100195
2023-11-20,22300221.0,new york knicks,1.99,0.5239609863796246,0.04268236289545302,13.023106815621844,0,-13.023106815621844,289.0425444943977
2023-11-20,22300223.0,san antonio spurs,3.43,0.21799568695541344,-0.25227479374293194,0.0,0,-0.0,289.0425444943977
2023-11-20,22300224.0,houston rockets,3.03,0.4171961373770787,0.2641042962525485,14.452127224719886,0,-14.452127224719886,274.5904172696778
2023-11-22,22300225.0,washington wizards,2.27,0.27477073847483663,-0.3762704236621209,0.0,0,-0.0,274.5904172696778
2023-11-22,22300226.0,orlando magic,2.21,0.5025849154006792,0.11071266303550098,13.729520863483891,1,16.61272024481551,291.20313751449333
2023-11-22,22300227.0,atlanta hawks,1.54,0.6350911940817016,-0.02195956111417957,0.0,1,0.0,291.20313751449333
2023-11-22,22300228.0,milwaukee bucks,2.73,0.3677243812709217,0.00388756086961628,0.6543756777519265,0,-0.6543756777519265,290.5487618367414
2023-11-22,22300229.0,cleveland cavaliers,1.71,0.5720346572518629,-0.02182073609931451,0.0,0,-0.0,290.5487618367414
2023-11-22,22300230.0,indiana pacers,1.62,0.5253164478306808,-0.14898735451429712,0.0,0,-0.0,290.5487618367414
2023-11-22,22300231.0,memphis grizzlies,2.55,0.398783136996619,0.01689699934137845,3.167356282189512,0,-3.167356282189512,287.38140555455186
2023-11-22,22300232.0,philadelphia 76ers,2.86,0.4474361998601459,0.2796675316000172,14.369070277727594,0,-14.369070277727594,273.0123352768243
2023-11-22,22300233.0,new orleans pelicans,1.88,0.5452871153300761,0.025139776820543025,7.799396793312078,1,6.863469178114628,279.87580445493893
2023-11-22,22300234.0,oklahoma city thunder,1.29,0.8499262992006736,0.09640492596886902,13.993790222746947,1,4.058199164596615,283.93400361953553
2023-11-22,22300235.0,los angeles clippers,1.23,0.6479291763670413,-0.20304711306853923,0.0,1,0.0,283.93400361953553
2023-11-22,22300236.0,phoenix suns,1.61,0.6184325169372317,-0.004323647731056979,0.0,1,0.0,283.93400361953553
2023-11-22,22300237.0,utah jazz,1.57,0.36724782412600054,-0.42342091612217914,0.0,0,-0.0,283.93400361953553
2023-11-22,22300238.0,los angeles lakers,1.87,0.6316950024108462,0.18126965450828247,14.196700180976777,0,-14.196700180976777,269.73730343855874
2023-11-25,22300239.0,oklahoma city thunder,1.88,0.7270046480877288,0.3667687384049301,13.486865171927938,0,-13.486865171927938,256.2504382666308
2023-11-25,22300240.0,miami heat,3.0,0.5109814829371763,0.5329444488115288,12.81252191333154,0,-12.81252191333154,243.43791635329924
2023-11-25,22300241.0,washington wizards,3.37,0.31562502132136777,0.06365632185300951,6.538549516713766,0,-6.538549516713766,236.89936683658547
2023-11-25,22300242.0,los angeles lakers,2.28,0.43072989973074866,-0.01793582861389309,0.0,1,0.0,236.89936683658547
2023-11-25,22300243.0,new orleans pelicans,1.56,0.6117204640370455,-0.04571607610220901,0.0,0,-0.0,236.89936683658547
2023-11-25,22300244.0,los angeles clippers,1.74,0.5865799942278174,0.020649189956402192,6.610513549135215,1,4.891780026360059,241.79114686294554
2023-11-26,22300245.0,milwaukee bucks,1.1,0.8038677354007989,-0.11574549105912112,0.0,1,0.0,241.79114686294554
2023-11-26,22300246.0,atlanta hawks,2.89,0.3437063084651028,-0.006688768535852763,0.0,0,-0.0,241.79114686294554
2023-11-26,22300247.0,phoenix suns,2.62,0.43401144257948693,0.13710997955825588,12.089557343147277,1,19.58508289589859,261.37622975884415
2023-11-26,22300248.0,orlando magic,1.34,0.7630044209659597,0.022425924094385985,13.068811487942208,1,4.443395905900352,265.8196256647445
2023-11-26,22300249.0,minnesota timberwolves,1.35,0.6114410957812064,-0.17455452069537128,0.0,1,0.0,265.8196256647445
2023-11-26,22300250.0,brooklyn nets,1.6,0.5346027722096482,-0.14463556446456277,0.0,1,0.0,265.8196256647445
2023-11-26,22300251.0,toronto raptors,2.16,0.40191481039814775,-0.13186400954000077,0.0,0,-0.0,265.8196256647445
2023-11-26,22300252.0,denver nuggets,1.15,0.810397680420842,-0.06804266751603173,0.0,1,0.0,265.8196256647445
2023-11-27,22300253.0,detroit pistons,1.67,0.40594044276358476,-0.32207946058481346,0.0,0,-0.0,265.8196256647445
2023-11-27,22300254.0,indiana pacers,1.11,0.7040976484570517,-0.21845161021267256,0.0,0,-0.0,265.8196256647445
2023-11-27,22300255.0,philadelphia 76ers,1.41,0.6620814252743814,-0.06646519036312226,0.0,1,0.0,265.8196256647445
2023-11-27,22300256.0,new orleans pelicans,1.35,0.5619311862809013,-0.24139289852078316,0.0,0,-0.0,265.8196256647445
2023-11-27,22300257.0,denver nuggets,4.5,0.457720494864698,1.0597422268911412,13.290981283237224,1,46.51843449133028,312.3380601560748
2023-11-29,22300258.0,los angeles lakers,1.26,0.6242251046415298,-0.21347636815167245,0.0,1,0.0,312.3380601560748
2023-11-29,22300259.0,orlando magic,1.19,0.811413141396156,-0.03441836173857446,0.0,1,0.0,312.3380601560748
2023-11-29,22300260.0,toronto raptors,2.17,0.4372611250507959,-0.05114335863977304,0.0,1,0.0,312.3380601560748
2023-11-29,22300261.0,memphis grizzlies,1.54,0.45471232994374006,-0.2997430118866402,0.0,1,0.0,312.3380601560748
2023-11-29,22300262.0,philadelphia 76ers,2.09,0.6497488158182244,0.35797502506008894,15.61690300780374,0,-15.61690300780374,296.72115714827106
2023-11-29,22300263.0,houston rockets,3.88,0.2423951708300008,-0.05950673717959687,0.0,0,-0.0,296.72115714827106
2023-11-29,22300264.0,sacramento kings,1.9,0.5418283395782271,0.029473845198631388,9.717237169941022,0,-9.717237169941022,287.00391997833003
2023-11-30,22300265.0,cleveland cavaliers,1.12,0.7008122681238713,-0.21509025970126405,0.0,0,-0.0,287.00391997833003
2023-11-30,22300266.0,brooklyn nets,1.21,0.562106718792893,-0.3198508702605995,0.0,0,-0.0,287.00391997833003
2023-11-30,22300267.0,miami heat,1.51,0.6145635539269564,-0.07200903357029587,0.0,1,0.0,287.00391997833003
2023-11-30,22300268.0,new york knicks,1.06,0.8750142458613431,-0.07248489938697623,0.0,1,0.0,287.00391997833003
2023-11-30,22300269.0,chicago bulls,3.98,0.24801041453128966,-0.012918550165467169,0.0,1,0.0,287.00391997833003
2023-11-30,22300270.0,minnesota timberwolves,1.12,0.7989365833418066,-0.1051910266571765,0.0,1,0.0,287.00391997833003
2023-11-30,22300271.0,oklahoma city thunder,1.42,0.6668379850997292,-0.053090061158384494,0.0,1,0.0,287.00391997833003
2023-11-30,22300272.0,atlanta hawks,1.33,0.5464455499169751,-0.273227418610423,0.0,1,0.0,287.00391997833003
2023-11-30,22300273.0,golden state warriors,1.65,0.5314831329306677,-0.12305283066439826,0.0,1,0.0,287.00391997833003
2023-12-01,22300274.0,orlando magic,1.16,0.7831142806283872,-0.09158743447107096,0.0,1,0.0,287.00391997833003
2023-12-01,22300275.0,philadelphia 76ers,4.23,0.4066965101971378,0.7203262381338931,14.350195998916503,0,-14.350195998916503,272.65372397941354
2023-12-01,22300276.0,new york knicks,1.91,0.4622527962282345,-0.11709715920407204,0.0,1,0.0,272.65372397941354
2023-12-01,22300277.0,memphis grizzlies,2.66,0.23218591701898061,-0.3823854607295115,0.0,1,0.0,272.65372397941354
2023-12-01,22300278.0,new orleans pelicans,1.09,0.776962535674618,-0.15311083611466628,0.0,1,0.0,272.65372397941354
2023-12-01,22300279.0,phoenix suns,1.85,0.5613713982138904,0.03853708669569722,12.361506116352187,0,-12.361506116352187,260.29221786306135
2023-12-02,22300280.0,los angeles clippers,1.41,0.5143158822964159,-0.27481460596205365,0.0,1,0.0,260.29221786306135
2023-12-02,22300281.0,minnesota timberwolves,1.42,0.6153668960435327,-0.12617900761818363,0.0,1,0.0,260.29221786306135
2023-12-02,22300282.0,orlando magic,1.99,0.390870547946294,-0.22216760958687498,0.0,0,-0.0,260.29221786306135
2023-12-02,22300283.0,cleveland cavaliers,1.19,0.5799613127103173,-0.3098460378747225,0.0,1,0.0,260.29221786306135
2023-12-02,22300284.0,miami heat,1.45,0.6073684387296954,-0.11931576384194176,0.0,0,-0.0,260.29221786306135
2023-12-02,22300285.0,new orleans pelicans,1.77,0.35963411749395235,-0.3634476120357043,0.0,0,-0.0,260.29221786306135
2023-12-02,22300286.0,milwaukee bucks,1.36,0.5603078019196045,-0.23798138938933783,0.0,1,0.0,260.29221786306135
2023-12-02,22300287.0,oklahoma city thunder,1.44,0.585230277121693,-0.1572684009447622,0.0,1,0.0,260.29221786306135
2023-12-02,22300288.0,phoenix suns,1.17,0.6283548773638201,-0.2648247934843305,0.0,1,0.0,260.29221786306135
2023-12-02,22300289.0,utah jazz,1.73,0.40128078572965675,-0.30578424068769383,0.0,1,0.0,260.29221786306135
2023-12-02,22300291.0,houston rockets,2.44,0.34084385610799645,-0.16834099109648865,0.0,0,-0.0,260.29221786306135
2023-12-11,22300292.0,miami heat,1.5,0.34057397762254504,-0.48913903356618244,0.0,1,0.0,260.29221786306135
2023-12-11,22300293.0,indiana pacers,1.3,0.5276735136500847,-0.3140244322548898,0.0,1,0.0,260.29221786306135
2023-12-11,22300294.0,orlando magic,1.64,0.590871069499605,-0.030971446020647886,0.0,1,0.0,260.29221786306135
2023-12-11,22300295.0,philadelphia 76ers,1.08,0.7754067633177804,-0.16256069561679715,0.0,1,0.0,260.29221786306135
2023-12-11,22300296.0,denver nuggets,1.56,0.459911053209089,-0.28253875699382114,0.0,1,0.0,260.29221786306135
2023-12-11,22300297.0,new york knicks,1.53,0.6871881544944289,0.051397876376476304,13.014610893153069,1,6.897743773371127,267.1899616364325
2023-12-11,22300298.0,houston rockets,1.21,0.7363866028354068,-0.10897221056915779,0.0,1,0.0,267.1899616364325
2023-12-11,22300299.0,memphis grizzlies,1.84,0.383030385809923,-0.29522409010974165,0.0,0,-0.0,267.1899616364325
2023-12-11,22300300.0,milwaukee bucks,1.12,0.4866702837526329,-0.45492928219705114,0.0,1,0.0,267.1899616364325
2023-12-11,22300301.0,minnesota timberwolves,2.31,0.3881121418530769,-0.10346095231939234,0.0,0,-0.0,267.1899616364325
2023-12-11,22300302.0,oklahoma city thunder,1.09,0.7122383863789347,-0.22366015884696117,0.0,1,0.0,267.1899616364325
2023-12-11,22300303.0,sacramento kings,1.45,0.3523148912643213,-0.48914340766673414,0.0,1,0.0,267.1899616364325
2023-12-11,22300304.0,los angeles clippers,1.08,0.639606520939763,-0.3092249573850559,0.0,1,0.0,267.1899616364325
2023-12-12,22300305.0,cleveland cavaliers,4.7,0.23548047152660948,0.10675821617506454,7.709384779510665,0,-7.709384779510665,259.4805768569218
2023-12-12,22300306.0,dallas mavericks,2.08,0.36667542740114517,-0.23731511100561797,0.0,1,0.0,259.4805768569218
2023-12-12,22300307.0,chicago bulls,2.85,0.25682346443223797,-0.26805312636812173,0.0,0,-0.0,259.4805768569218
2023-12-12,22300308.0,phoenix suns,1.85,0.47587676197087386,-0.11962799035388327,0.0,1,0.0,259.4805768569218
2023-12-12,22300309.0,los angeles clippers,1.5,0.38358811615953997,-0.42461782576068996,0.0,1,0.0,259.4805768569218
2023-12-13,22300310.0,philadelphia 76ers,1.1,0.749070780915785,-0.17602214099263638,0.0,1,0.0,259.4805768569218
2023-12-13,22300311.0,new orleans pelicans,1.34,0.47657074939816274,-0.36139519580646184,0.0,1,0.0,259.4805768569218
2023-12-13,22300312.0,miami heat,1.24,0.5369180422240288,-0.33422162764220426,0.0,1,0.0,259.4805768569218
2023-12-13,22300313.0,toronto raptors,1.65,0.41387997474873367,-0.31709804166458955,0.0,1,0.0,259.4805768569218
2023-12-13,22300314.0,memphis grizzlies,3.67,0.24546726058885554,-0.09913515363890024,0.0,0,-0.0,259.4805768569218
2023-12-13,22300315.0,milwaukee bucks,1.32,0.4502482853772125,-0.40567226330207945,0.0,1,0.0,259.4805768569218
2023-12-13,22300316.0,los angeles lakers,1.53,0.5379796381730537,-0.17689115359522778,0.0,1,0.0,259.4805768569218
2023-12-13,22300317.0,phoenix suns,1.45,0.4438780799232075,-0.35637678411134915,0.0,0,-0.0,259.4805768569218
2023-12-13,22300318.0,new york knicks,1.38,0.5568751727360393,-0.23151226162426589,0.0,0,-0.0,259.4805768569218
2023-12-14,22300319.0,cleveland cavaliers,3.63,0.2631331329565196,-0.044826727367833885,0.0,0,-0.0,259.4805768569218
2023-12-14,22300320.0,miami heat,1.54,0.4429817259974372,-0.3178081419639468,0.0,0,-0.0,259.4805768569218
2023-12-14,22300321.0,minnesota timberwolves,1.68,0.47331663910321514,-0.20482804630659862,0.0,1,0.0,259.4805768569218
2023-12-14,22300322.0,brooklyn nets,3.66,0.2344251121885094,-0.1420040893900556,0.0,0,-0.0,259.4805768569218
2023-12-14,22300323.0,utah jazz,2.46,0.22606841585801693,-0.4438716969892783,0.0,1,0.0,259.4805768569218
2023-12-14,22300325.0,los angeles clippers,1.64,0.5192666256307611,-0.14840273396555187,0.0,1,0.0,259.4805768569218
2023-12-15,22300326.0,charlotte hornets,3.7,0.19267303816268794,-0.28710975879805456,0.0,0,-0.0,259.4805768569218
2023-12-15,22300327.0,philadelphia 76ers,1.06,0.8460742047290033,-0.10316134298725646,0.0,1,0.0,259.4805768569218
2023-12-15,22300328.0,indiana pacers,1.25,0.4334563121085658,-0.45817960986429285,0.0,0,-0.0,259.4805768569218
2023-12-15,22300329.0,orlando magic,2.58,0.3389648368562535,-0.12547072091086597,0.0,0,-0.0,259.4805768569218
2023-12-15,22300330.0,toronto raptors,1.7,0.4188956817567127,-0.2878773410135885,0.0,0,-0.0,259.4805768569218
2023-12-15,22300331.0,los angeles lakers,1.48,0.5406107669444834,-0.19989606492216455,0.0,0,-0.0,259.4805768569218
2023-12-15,22300332.0,memphis grizzlies,2.08,0.3625620106336179,-0.24587101788207466,0.0,0,-0.0,259.4805768569218
2023-12-16,22300334.0,milwaukee bucks,1.04,0.6973659713105195,-0.2747393898370597,0.0,1,0.0,259.4805768569218
2023-12-16,22300335.0,philadelphia 76ers,1.11,0.5785752504706735,-0.3577814719775524,0.0,1,0.0,259.4805768569218
2023-12-16,22300336.0,cleveland cavaliers,1.5,0.5362264474995792,-0.19566032875063127,0.0,1,0.0,259.4805768569218
2023-12-16,22300337.0,miami heat,1.41,0.4261123264500504,-0.399181619705429,0.0,1,0.0,259.4805768569218
2023-12-16,22300338.0,minnesota timberwolves,1.16,0.679717887089236,-0.21152725097648634,0.0,1,0.0,259.4805768569218
2023-12-16,22300340.0,oklahoma city thunder,2.46,0.29789756352526886,-0.2671719937278386,0.0,1,0.0,259.4805768569218
2023-12-16,22300341.0,portland trail blazers,2.54,0.193197236019679,-0.5092790205100153,0.0,0,-0.0,259.4805768569218
2023-12-16,22300342.0,sacramento kings,1.25,0.4971368724277243,-0.3785789094653446,0.0,1,0.0,259.4805768569218
2023-12-17,22300344.0,orlando magic,3.63,0.26870965497059335,-0.02458395245674616,0.0,0,-0.0,259.4805768569218
2023-12-17,22300345.0,new orleans pelicans,1.28,0.4859246053948698,-0.37801650509456663,0.0,1,0.0,259.4805768569218
2023-12-17,22300346.0,milwaukee bucks,1.29,0.474774185292087,-0.3875413009732077,0.0,1,0.0,259.4805768569218
2023-12-17,22300347.0,phoenix suns,1.09,0.5892828937649642,-0.35768164579618894,0.0,1,0.0,259.4805768569218
2023-12-17,22300348.0,portland trail blazers,2.57,0.22067666242012635,-0.43286097758027525,0.0,0,-0.0,259.4805768569218
2023-12-18,22300349.0,cleveland cavaliers,1.52,0.509720195595595,-0.2252253026946956,0.0,1,0.0,259.4805768569218
2023-12-18,22300350.0,indiana pacers,2.22,0.23439854151608314,-0.47963523783429535,0.0,0,-0.0,259.4805768569218
2023-12-18,22300351.0,philadelphia 76ers,1.14,0.7352965541885697,-0.16176192822503066,0.0,0,-0.0,259.4805768569218
2023-12-18,22300352.0,atlanta hawks,1.12,0.6906193946260996,-0.22650627801876844,0.0,1,0.0,259.4805768569218
2023-12-18,22300353.0,minnesota timberwolves,1.67,0.36518872492305066,-0.3901348293785054,0.0,1,0.0,259.4805768569218
2023-12-18,22300354.0,toronto raptors,1.09,0.5027112447484,-0.45204474322424393,0.0,1,0.0,259.4805768569218
2023-12-18,22300355.0,oklahoma city thunder,1.16,0.6373297519684749,-0.2606974877165692,0.0,1,0.0,259.4805768569218
2023-12-18,22300356.0,denver nuggets,1.23,0.5257835651050665,-0.35328621492076817,0.0,1,0.0,259.4805768569218
2023-12-18,22300357.0,brooklyn nets,1.54,0.3769172341575947,-0.41954745939730415,0.0,0,-0.0,259.4805768569218
2023-12-18,22300358.0,sacramento kings,1.06,0.6423847877636258,-0.3190721249705566,0.0,1,0.0,259.4805768569218
2023-12-18,22300359.0,new york knicks,2.39,0.3207580892083445,-0.23338816679205665,0.0,1,0.0,259.4805768569218
2023-12-19,22300360.0,new orleans pelicans,1.24,0.5368064153084771,-0.33436004501748845,0.0,0,-0.0,259.4805768569218
2023-12-19,22300361.0,milwaukee bucks,1.04,0.6963826749197617,-0.2757620180834478,0.0,1,0.0,259.4805768569218
2023-12-19,22300362.0,boston celtics,1.44,0.45276004378355655,-0.34802553695167854,0.0,0,-0.0,259.4805768569218
2023-12-19,22300363.0,portland trail blazers,3.05,0.16608603310283182,-0.49343759903636303,0.0,1,0.0,259.4805768569218
2023-12-20,22300364.0,cleveland cavaliers,1.55,0.5385137009481257,-0.16530376353040516,0.0,1,0.0,259.4805768569218
2023-12-20,22300365.0,indiana pacers,1.16,0.44136673415900546,-0.48801458837555367,0.0,1,0.0,259.4805768569218
2023-12-20,22300366.0,orlando magic,1.42,0.536440658770139,-0.23825426454640264,0.0,0,-0.0,259.4805768569218
2023-12-20,22300367.0,philadelphia 76ers,1.53,0.5371441763697117,-0.17816941015434112,0.0,1,0.0,259.4805768569218
2023-12-20,22300368.0,new york knicks,1.78,0.37539311553807625,-0.3318002543422242,0.0,1,0.0,259.4805768569218
2023-12-20,22300369.0,denver nuggets,1.5,0.44794142910089113,-0.3280878563486632,0.0,1,0.0,259.4805768569218
2023-12-20,22300371.0,houston rockets,1.61,0.5182217082829558,-0.16566304966444118,0.0,0,-0.0,259.4805768569218
2023-12-20,22300372.0,los angeles clippers,1.74,0.3111952902017035,-0.45852019504903596,0.0,1,0.0,259.4805768569218
2023-12-20,22300373.0,boston celtics,2.17,0.4015726562376152,-0.1285873359643751,0.0,1,0.0,259.4805768569218
2023-12-21,22300374.0,utah jazz,1.96,0.365298820663673,-0.28401431149920103,0.0,1,0.0,259.4805768569218
2023-12-21,22300375.0,cleveland cavaliers,2.21,0.3810714027462605,-0.1578321999307643,0.0,0,-0.0,259.4805768569218
2023-12-21,22300376.0,chicago bulls,1.38,0.5833789067556056,-0.1949371086772644,0.0,1,0.0,259.4805768569218
2023-12-21,22300378.0,orlando magic,3.38,0.19710322163679264,-0.3337911108676409,0.0,0,-0.0,259.4805768569218
2023-12-21,22300379.0,los angeles clippers,2.65,0.25122588403135354,-0.3342514073169132,0.0,0,-0.0,259.4805768569218
2023-12-21,22300380.0,minnesota timberwolves,1.25,0.5895557023769372,-0.26305537202882845,0.0,1,0.0,259.4805768569218
2023-12-21,22300381.0,portland trail blazers,1.49,0.35004608746984023,-0.47843132966993807,0.0,0,-0.0,259.4805768569218
2023-12-22,22300382.0,philadelphia 76ers,1.24,0.6729966518319038,-0.16548415172843925,0.0,1,0.0,259.4805768569218
2023-12-22,22300383.0,denver nuggets,1.46,0.39904081900538774,-0.41740040425213387,0.0,1,0.0,259.4805768569218
2023-12-22,22300384.0,miami heat,1.75,0.401706103560634,-0.2970143187688905,0.0,1,0.0,259.4805768569218
2023-12-22,22300385.0,dallas mavericks,3.47,0.17186141847433337,-0.4036408778940632,0.0,0,-0.0,259.4805768569218
2023-12-22,22300386.0,golden state warriors,1.14,0.5310178917327549,-0.3946396034246594,0.0,1,0.0,259.4805768569218
2023-12-22,22300387.0,sacramento kings,1.52,0.42143360028143906,-0.3594209275722126,0.0,1,0.0,259.4805768569218
2023-12-23,22300388.0,new york knicks,2.04,0.4221628656449582,-0.1387877540842853,0.0,0,-0.0,259.4805768569218
2023-12-23,22300389.0,los angeles clippers,2.28,0.30554205540511703,-0.30336411367633326,0.0,0,-0.0,259.4805768569218
2023-12-23,22300390.0,denver nuggets,1.16,0.5845940959056888,-0.3218708487494011,0.0,1,0.0,259.4805768569218
2023-12-23,22300392.0,new orleans pelicans,1.31,0.5625679054558852,-0.26303604385279034,0.0,0,-0.0,259.4805768569218
2023-12-23,22300393.0,atlanta hawks,1.74,0.40673491658313266,-0.2922812451453492,0.0,0,-0.0,259.4805768569218
2023-12-23,22300394.0,brooklyn nets,1.17,0.6815266454034619,-0.20261382487794966,0.0,1,0.0,259.4805768569218
2023-12-23,22300395.0,toronto raptors,1.42,0.42655429493173924,-0.3942929011969303,0.0,0,-0.0,259.4805768569218
2023-12-23,22300396.0,cleveland cavaliers,2.66,0.2456769205340963,-0.34649939137930386,0.0,1,0.0,259.4805768569218
2023-12-23,22300397.0,oklahoma city thunder,1.59,0.5488493980121538,-0.1273294571606754,0.0,0,-0.0,259.4805768569218
2023-12-23,22300398.0,dallas mavericks,1.25,0.5639511011065703,-0.2950611236167871,0.0,1,0.0,259.4805768569218
2023-12-23,22300399.0,golden state warriors,1.24,0.504507128785072,-0.3744111603065108,0.0,1,0.0,259.4805768569218
2023-12-25,22300401.0,new york knicks,2.25,0.3674447620020958,-0.1732492854952845,0.0,1,0.0,259.4805768569218
2023-12-25,22300402.0,denver nuggets,1.3,0.5664752768841893,-0.2635821400505539,0.0,1,0.0,259.4805768569218
2023-12-25,22300403.0,boston celtics,1.46,0.5028888691018911,-0.265782251111239,0.0,1,0.0,259.4805768569218
2023-12-25,22300405.0,phoenix suns,1.52,0.3831055125530269,-0.4176796209193991,0.0,0,-0.0,259.4805768569218
2023-12-26,22300406.0,brooklyn nets,1.36,0.5049394194746875,-0.313282389514425,0.0,1,0.0,259.4805768569218
2023-12-26,22300407.0,orlando magic,1.31,0.405841368708552,-0.46834780699179684,0.0,1,0.0,259.4805768569218
2023-12-26,22300408.0,chicago bulls,2.01,0.4262654505476483,-0.14320644439922697,0.0,1,0.0,259.4805768569218
2023-12-26,22300409.0,houston rockets,1.63,0.4975630205665864,-0.1889722764764642,0.0,0,-0.0,259.4805768569218
2023-12-26,22300410.0,new orleans pelicans,1.46,0.5470183316450227,-0.20135323579826692,0.0,0,-0.0,259.4805768569218
2023-12-26,22300411.0,oklahoma city thunder,1.73,0.37163513146862975,-0.3570712225592706,0.0,1,0.0,259.4805768569218
2023-12-26,22300412.0,utah jazz,1.58,0.4051455601769686,-0.3598700149203895,0.0,1,0.0,259.4805768569218
2023-12-26,22300413.0,sacramento kings,1.23,0.46764894042621125,-0.4247918032757602,0.0,0,-0.0,259.4805768569218
2023-12-26,22300414.0,los angeles clippers,1.15,0.6287066998053465,-0.2769872952238515,0.0,1,0.0,259.4805768569218
2023-12-27,22300415.0,philadelphia 76ers,1.98,0.3774306688834048,-0.25268727561085846,0.0,1,0.0,259.4805768569218
2023-12-27,22300416.0,washington wizards,2.87,0.2165585047368263,-0.37847709140530844,0.0,0,-0.0,259.4805768569218
2023-12-27,22300417.0,brooklyn nets,3.93,0.2407107772895798,-0.054006645251951424,0.0,0,-0.0,259.4805768569218
2023-12-27,22300418.0,houston rockets,2.13,0.4360113913673872,-0.07129573638746528,0.0,0,-0.0,259.4805768569218
2023-12-27,22300419.0,oklahoma city thunder,1.54,0.42879915133521135,-0.3396493069437745,0.0,1,0.0,259.4805768569218
2023-12-28,22300421.0,boston celtics,1.04,0.8905388271690438,-0.07383961974419447,0.0,1,0.0,259.4805768569218
2023-12-28,22300422.0,chicago bulls,1.86,0.4075350853585095,-0.2419847412331722,0.0,0,-0.0,259.4805768569218
2023-12-28,22300423.0,minnesota timberwolves,1.09,0.5852760743129831,-0.36204907899884836,0.0,1,0.0,259.4805768569218
2023-12-28,22300424.0,new orleans pelicans,1.21,0.6317612418608316,-0.23556889734839379,0.0,1,0.0,259.4805768569218
2023-12-28,22300425.0,denver nuggets,1.21,0.6195089662533539,-0.25039415083344174,0.0,1,0.0,259.4805768569218
2023-12-28,22300427.0,portland trail blazers,1.6,0.4684569096116063,-0.25046894462142993,0.0,0,-0.0,259.4805768569218
2023-12-28,22300428.0,los angeles lakers,1.09,0.6553741445683369,-0.28564218242051276,0.0,1,0.0,259.4805768569218
2023-12-29,22300430.0,brooklyn nets,1.37,0.3675411245276247,-0.496468659397154,0.0,0,-0.0,259.4805768569218
2023-12-29,22300431.0,sacramento kings,1.74,0.3506223274250232,-0.38991715028045965,0.0,1,0.0,259.4805768569218
2023-12-29,22300432.0,boston celtics,1.42,0.6744443761970966,-0.04228898580012286,0.0,1,0.0,259.4805768569218
2023-12-29,22300434.0,philadelphia 76ers,1.72,0.48918569784225285,-0.15860059971132512,0.0,1,0.0,259.4805768569218
2023-12-29,22300435.0,denver nuggets,1.72,0.5090059777045517,-0.1245097183481711,0.0,0,-0.0,259.4805768569218
2023-12-29,22300436.0,phoenix suns,1.05,0.5872818906239969,-0.3833540148448032,0.0,1,0.0,259.4805768569218
2023-12-29,22300437.0,portland trail blazers,1.43,0.43501579300605425,-0.3779274160013424,0.0,1,0.0,259.4805768569218
2023-12-29,22300438.0,los angeles clippers,1.52,0.5429587248356582,-0.17470273824979948,0.0,1,0.0,259.4805768569218
2023-12-30,22300439.0,miami heat,1.57,0.39364270130270784,-0.38198095895474865,0.0,0,-0.0,259.4805768569218
2023-12-30,22300440.0,toronto raptors,1.55,0.5547319504111882,-0.1401654768626583,0.0,0,-0.0,259.4805768569218
2023-12-30,22300441.0,new york knicks,2.3,0.39415084216844426,-0.09345306301257816,0.0,0,-0.0,259.4805768569218
2023-12-30,22300442.0,philadelphia 76ers,1.87,0.44297407982392356,-0.17163847072926292,0.0,0,-0.0,259.4805768569218
2023-12-30,22300443.0,minnesota timberwolves,1.49,0.5766544053290918,-0.14078493605965314,0.0,1,0.0,259.4805768569218
2023-12-30,22300444.0,golden state warriors,1.51,0.4424210934044305,-0.33194414895931,0.0,0,-0.0,259.4805768569218
2023-12-31,22300445.0,washington wizards,2.84,0.21788441451419965,-0.38120826277967307,0.0,0,-0.0,259.4805768569218
2023-12-31,22300446.0,new orleans pelicans,1.37,0.540036243229018,-0.26015034677624527,0.0,1,0.0,259.4805768569218
2023-12-31,22300447.0,oklahoma city thunder,1.3,0.6590659504525407,-0.14321426441169707,0.0,1,0.0,259.4805768569218
2023-12-31,22300448.0,boston celtics,1.06,0.7642080953951905,-0.189939418881098,0.0,1,0.0,259.4805768569218
2023-12-31,22300449.0,sacramento kings,1.87,0.3034985041198039,-0.4324577972959666,0.0,1,0.0,259.4805768569218
2023-12-31,22300450.0,orlando magic,2.64,0.24237004967670925,-0.3601430688534875,0.0,0,-0.0,259.4805768569218
2024-01-01,22300451.0,new york knicks,1.87,0.3924067325732571,-0.2661994100880092,0.0,1,0.0,259.4805768569218
2024-01-01,22300453.0,houston rockets,1.21,0.7463236490693888,-0.09694838462603964,0.0,1,0.0,259.4805768569218
2024-01-01,22300454.0,milwaukee bucks,1.25,0.5718967363272274,-0.2851290795909658,0.0,0,-0.0,259.4805768569218
2024-01-01,22300455.0,denver nuggets,1.03,0.8035512735754238,-0.17234218821731348,0.0,1,0.0,259.4805768569218
2024-01-01,22300456.0,phoenix suns,1.19,0.6019904343109409,-0.2836313831699804,0.0,1,0.0,259.4805768569218
2024-01-01,22300457.0,utah jazz,2.38,0.3785651794583842,-0.09901487288904565,0.0,1,0.0,259.4805768569218
2024-01-01,22300458.0,miami heat,3.32,0.2412110964634843,-0.19917915974123224,0.0,0,-0.0,259.4805768569218
2024-01-02,22300459.0,philadelphia 76ers,1.18,0.6493358309778148,-0.2337837194461786,0.0,1,0.0,259.4805768569218
2024-01-02,22300460.0,memphis grizzlies,1.12,0.5532784999539603,-0.38032808005156443,0.0,1,0.0,259.4805768569218
2024-01-02,22300461.0,new orleans pelicans,1.4,0.5994119465921123,-0.16082327477104286,0.0,1,0.0,259.4805768569218
2024-01-02,22300463.0,orlando magic,2.26,0.2997733669050157,-0.3225121907946645,0.0,0,-0.0,259.4805768569218
2024-01-02,22300464.0,sacramento kings,1.06,0.6854359708703422,-0.2734378708774372,0.0,0,-0.0,259.4805768569218
2024-01-03,22300465.0,cleveland cavaliers,1.2,0.6696720492571369,-0.1963935408914358,0.0,1,0.0,259.4805768569218
2024-01-03,22300467.0,oklahoma city thunder,1.84,0.5462143156140599,0.00503434072987019,1.5551352817631114,0,-1.5551352817631114,257.9254415751587
2024-01-03,22300468.0,new york knicks,1.25,0.5915173918020211,-0.2606032602474736,0.0,1,0.0,257.9254415751587
2024-01-03,22300469.0,houston rockets,1.48,0.5248468810263169,-0.22322661608105093,0.0,1,0.0,257.9254415751587
2024-01-03,22300470.0,memphis grizzlies,1.76,0.3737649160426441,-0.3421737477649463,0.0,0,-0.0,257.9254415751587
2024-01-03,22300471.0,minnesota timberwolves,1.39,0.5613845578454497,-0.21967546459482495,0.0,0,-0.0,257.9254415751587
2024-01-03,22300472.0,portland trail blazers,4.6,0.16147169833498154,-0.257230187659085,0.0,0,-0.0,257.9254415751587
2024-01-03,22300474.0,utah jazz,1.24,0.7128533091421667,-0.11606189666371328,0.0,1,0.0,257.9254415751587
2024-01-03,22300475.0,miami heat,2.59,0.32812102567131946,-0.15016654351128267,0.0,1,0.0,257.9254415751587
2024-01-03,22300476.0,orlando magic,2.54,0.2618668711690745,-0.3348581472305508,0.0,0,-0.0,257.9254415751587
2024-01-04,22300477.0,milwaukee bucks,1.12,0.6695579394315762,-0.25009510783663463,0.0,1,0.0,257.9254415751587
2024-01-04,22300478.0,denver nuggets,1.51,0.48985451051590245,-0.2603196891209873,0.0,1,0.0,257.9254415751587
2024-01-05,22300479.0,boston celtics,1.07,0.7658294059597716,-0.1805625356230444,0.0,1,0.0,257.9254415751587
2024-01-05,22300480.0,indiana pacers,1.59,0.5105317580290771,-0.1882545047337673,0.0,1,0.0,257.9254415751587
2024-01-05,22300481.0,oklahoma city thunder,1.45,0.5493760462078038,-0.20340473299868453,0.0,0,-0.0,257.9254415751587
2024-01-05,22300482.0,cleveland cavaliers,1.17,0.7196743195323401,-0.15798104614716219,0.0,1,0.0,257.9254415751587
2024-01-05,22300483.0,new york knicks,2.68,0.29133437110257115,-0.2192238854451093,0.0,1,0.0,257.9254415751587
2024-01-05,22300484.0,chicago bulls,1.2,0.5524174537898693,-0.3370990554521569,0.0,1,0.0,257.9254415751587
2024-01-05,22300485.0,minnesota timberwolves,1.51,0.4869369747869377,-0.2647251680717241,0.0,1,0.0,257.9254415751587
2024-01-05,22300486.0,new orleans pelicans,1.85,0.45105841524972423,-0.16554193178801013,0.0,0,-0.0,257.9254415751587
2024-01-05,22300487.0,dallas mavericks,1.3,0.5914459418655097,-0.23112027557483736,0.0,1,0.0,257.9254415751587
2024-01-05,22300488.0,orlando magic,4.05,0.20537620206055546,-0.16822638165475046,0.0,1,0.0,257.9254415751587
2024-01-05,22300489.0,phoenix suns,1.62,0.47615560808474455,-0.22862791490271378,0.0,1,0.0,257.9254415751587
2024-01-05,22300490.0,golden state warriors,1.17,0.7485541535792384,-0.12419164031229116,0.0,1,0.0,257.9254415751587
2024-01-05,22300491.0,los angeles lakers,1.51,0.5363004405321181,-0.19018633479650165,0.0,0,-0.0,257.9254415751587
2024-01-05,22300492.0,sacramento kings,1.49,0.5702693271197827,-0.15029870259152373,0.0,1,0.0,257.9254415751587
2024-01-06,22300493.0,indiana pacers,2.88,0.3372824409064716,-0.028626570189361877,0.0,0,-0.0,257.9254415751587
2024-01-06,22300494.0,new york knicks,1.21,0.6443001776173235,-0.2203967850830386,0.0,1,0.0,257.9254415751587
2024-01-06,22300495.0,philadelphia 76ers,1.34,0.656814021490054,-0.11986921120332764,0.0,0,-0.0,257.9254415751587
2024-01-06,22300496.0,houston rockets,2.93,0.34516167630544214,0.011323711574945494,1.513302232247436,1,2.920673308237552,260.84611488339624
2024-01-07,22300497.0,cleveland cavaliers,1.16,0.8182305525589246,-0.05085255903164751,0.0,1,0.0,260.84611488339624
2024-01-07,22300498.0,brooklyn nets,1.22,0.6552025536132402,-0.20065288459184696,0.0,0,-0.0,260.84611488339624
2024-01-07,22300499.0,orlando magic,2.02,0.6165092934528315,0.24534877277471956,13.042305744169813,1,13.303151859053209,274.14926674244947
2024-01-07,22300500.0,new orleans pelicans,2.35,0.2999262768347494,-0.29517324943833895,0.0,1,0.0,274.14926674244947
2024-01-07,22300501.0,minnesota timberwolves,1.68,0.4615335411822736,-0.22462365081378038,0.0,0,-0.0,274.14926674244947
2024-01-07,22300502.0,denver nuggets,1.05,0.9004508977430219,-0.05452655736982697,0.0,1,0.0,274.14926674244947
2024-01-07,22300503.0,phoenix suns,1.28,0.5765810990850673,-0.26197619317111387,0.0,0,-0.0,274.14926674244947
2024-01-07,22300504.0,golden state warriors,1.66,0.5382784205478001,-0.10645782189065195,0.0,0,-0.0,274.14926674244947
2024-01-07,22300505.0,los angeles lakers,2.35,0.3291323519049268,-0.22653897302342207,0.0,1,0.0,274.14926674244947
2024-01-08,22300506.0,charlotte hornets,2.97,0.2520944886177718,-0.2512793688052177,0.0,0,-0.0,274.14926674244947
2024-01-08,22300507.0,boston celtics,1.57,0.5735994823348299,-0.09944881273431694,0.0,0,-0.0,274.14926674244947
2024-01-08,22300508.0,oklahoma city thunder,1.13,0.7028659892554682,-0.20576143214132103,0.0,1,0.0,274.14926674244947
2024-01-08,22300509.0,miami heat,1.5,0.5483909580766181,-0.17741356288507287,0.0,1,0.0,274.14926674244947
2024-01-08,22300510.0,milwaukee bucks,1.24,0.6244754162425983,-0.22565048385917813,0.0,0,-0.0,274.14926674244947
2024-01-08,22300511.0,los angeles clippers,1.43,0.6006379029447141,-0.14108779878905892,0.0,1,0.0,274.14926674244947
2024-01-09,22300512.0,sacramento kings,1.15,0.663862298615349,-0.23655835659234875,0.0,1,0.0,274.14926674244947
2024-01-09,22300514.0,new york knicks,1.1,0.8286545235959476,-0.08848002404445757,0.0,1,0.0,274.14926674244947
2024-01-09,22300515.0,memphis grizzlies,3.76,0.2558198668694579,-0.0381173005708384,0.0,1,0.0,274.14926674244947
2024-01-09,22300516.0,los angeles lakers,1.47,0.577324351299405,-0.15133320358987473,0.0,1,0.0,274.14926674244947
2024-01-10,22300517.0,minnesota timberwolves,4.28,0.2774806361924278,0.187617122903591,13.707463337122475,0,-13.707463337122475,260.441803405327
2024-01-10,22300518.0,sacramento kings,1.26,0.5160253534700188,-0.3498080546277763,0.0,1,0.0,260.441803405327
2024-01-10,22300519.0,detroit pistons,2.2,0.4237951954825066,-0.0676505699384855,0.0,0,-0.0,260.441803405327
2024-01-10,22300520.0,indiana pacers,1.26,0.7664205753884372,-0.0343100750105691,0.0,1,0.0,260.441803405327
2024-01-10,22300521.0,philadelphia 76ers,1.89,0.4780017393511051,-0.09657671262641138,0.0,0,-0.0,260.441803405327
2024-01-10,22300523.0,houston rockets,2.19,0.36705839511604144,-0.19614211469586929,0.0,0,-0.0,260.441803405327
2024-01-10,22300524.0,utah jazz,2.8,0.32512279532378857,-0.08965617309339213,0.0,1,0.0,260.441803405327
2024-01-10,22300525.0,new orleans pelicans,1.62,0.5256942249627758,-0.14837535556030307,0.0,1,0.0,260.441803405327
2024-01-10,22300526.0,toronto raptors,4.87,0.2271152711129267,0.10605137031995304,7.137005204065824,0,-7.137005204065824,253.30479820126118
2024-01-11,22300527.0,cleveland cavaliers,1.55,0.5962351224188012,-0.07583556025085819,0.0,1,0.0,253.30479820126118
2024-01-11,22300528.0,boston celtics,2.04,0.5010648051556638,0.02217220251755414,5.4003127734486025,0,-5.4003127734486025,247.90448542781257
2024-01-11,22300529.0,oklahoma city thunder,1.08,0.804218205931963,-0.13144433759347987,0.0,1,0.0,247.90448542781257
2024-01-11,22300530.0,dallas mavericks,2.39,0.39918448094849945,-0.04594909053308627,0.0,1,0.0,247.90448542781257
2024-01-11,22300531.0,los angeles lakers,1.91,0.4606398877596179,-0.12017781437912989,0.0,0,-0.0,247.90448542781257
2024-01-12,22300532.0,philadelphia 76ers,1.77,0.5710545072081191,0.010766477758370863,3.4663092578687245,1,2.669058128558918,250.5735435563715
2024-01-12,22300533.0,indiana pacers,2.58,0.4091814796592952,0.05568821752098163,8.831641771247076,1,13.95399399857038,264.5275375549419
2024-01-12,22300534.0,houston rockets,1.23,0.6825120829942681,-0.1605101379170502,0.0,1,0.0,264.5275375549419
2024-01-12,22300535.0,miami heat,1.75,0.5124972621777182,-0.10312979118899318,0.0,1,0.0,264.5275375549419
2024-01-12,22300536.0,chicago bulls,1.59,0.5047003273670496,-0.19752647948639107,0.0,0,-0.0,264.5275375549419
2024-01-12,22300537.0,memphis grizzlies,3.28,0.31454162991000906,0.03169654610482964,3.6774602149593285,0,-3.6774602149593285,260.85007733998253
2024-01-12,22300538.0,minnesota timberwolves,1.04,0.8637388231605911,-0.10171162391298519,0.0,1,0.0,260.85007733998253
2024-01-12,22300539.0,new orleans pelicans,2.69,0.37451655325594496,0.007449528258491878,1.1498284156059122,0,-1.1498284156059122,259.70024892437664
2024-01-12,22300540.0,utah jazz,1.7,0.5912286265522665,0.005088665138853032,1.8878965760756146,1,1.3215276032529302,261.0217765276296
2024-01-12,22300541.0,san antonio spurs,1.68,0.3726642402071544,-0.37392407645198067,0.0,1,0.0,261.0217765276296
2024-01-13,22300542.0,houston rockets,7.12,0.16839322489770367,0.19895976127165016,8.485756592261307,0,-8.485756592261307,252.53601993536827
2024-01-13,22300543.0,atlanta hawks,1.26,0.644311765978897,-0.1881671748665897,0.0,0,-0.0,252.53601993536827
2024-01-13,22300544.0,memphis grizzlies,4.33,0.3550553332135039,0.537389592814472,12.626800996768415,0,-12.626800996768415,239.90921893859985
2024-01-13,22300545.0,golden state warriors,5.58,0.17262623862115856,-0.03674558849393528,0.0,0,-0.0,239.90921893859985
2024-01-13,22300546.0,orlando magic,4.52,0.22860075335013746,0.033275405142621284,2.2679194481908356,0,-2.2679194481908356,237.641299490409
2024-01-13,22300547.0,new orleans pelicans,2.54,0.47002953583563833,0.1938750210225214,11.882064974520452,1,18.298380060761495,255.9396795511705
2024-01-13,22300548.0,san antonio spurs,2.81,0.28611220005397353,-0.19602471784833442,0.0,0,-0.0,255.9396795511705
2024-01-13,22300549.0,utah jazz,1.6,0.612006069989386,-0.02079028801698235,0.0,1,0.0,255.9396795511705
2024-01-14,22300550.0,indiana pacers,4.17,0.27562522035431736,0.1493571688775034,12.058809445166649,0,-12.058809445166649,243.88087010600387
2024-01-14,22300551.0,miami heat,1.21,0.7285092104840922,-0.11850385531424842,0.0,1,0.0,243.88087010600387
2024-01-14,22300552.0,milwaukee bucks,1.5,0.5498963307978199,-0.17515550380327022,0.0,1,0.0,243.88087010600387
2024-01-14,22300553.0,minnesota timberwolves,1.79,0.5845462872062186,0.046337854099131326,12.194043505300193,1,9.633294369187153,253.51416447519102
2024-01-14,22300554.0,portland trail blazers,5.68,0.21179560007326598,0.2029990084161506,10.996394018784764,0,-10.996394018784764,242.51777045640625
2024-01-15,22300555.0,philadelphia 76ers,1.25,0.7146258566564221,-0.10671767917947239,0.0,1,0.0,242.51777045640625
2024-01-15,22300556.0,dallas mavericks,2.35,0.40992307080835766,-0.03668078360035942,0.0,1,0.0,242.51777045640625
2024-01-15,22300557.0,new york knicks,1.41,0.7839966740710511,0.105435310440182,12.125888522820313,0,-12.125888522820313,230.39188193358595
2024-01-15,22300558.0,washington wizards,1.4,0.5393068797178101,-0.2449703683950659,0.0,0,-0.0,230.39188193358595
2024-01-15,22300559.0,atlanta hawks,1.26,0.649381868237316,-0.1817788460209818,0.0,1,0.0,230.39188193358595
2024-01-15,22300560.0,memphis grizzlies,3.2,0.45117600067407826,0.44376320215705056,11.519594096679299,1,25.34310701269446,255.7349889462804
2024-01-15,22300561.0,cleveland cavaliers,1.5,0.5308277220143712,-0.20375841697844316,0.0,1,0.0,255.7349889462804
2024-01-15,22300562.0,miami heat,1.73,0.4618559327772946,-0.20098923629528032,0.0,1,0.0,255.7349889462804
2024-01-15,22300563.0,toronto raptors,2.85,0.3515042691077398,0.0017871669570584947,0.24704925513973605,0,-0.24704925513973605,255.48793969114067
2024-01-15,22300564.0,indiana pacers,3.0,0.3522801639925033,0.056840491977509844,7.2610300931824,0,-7.2610300931824,248.22690959795827
2024-01-15,22300565.0,oklahoma city thunder,1.64,0.6361520698403722,0.043289394538210346,12.411345479897914,0,-12.411345479897914,235.81556411806037
2024-01-16,22300566.0,philadelphia 76ers,1.73,0.5461678785242934,-0.055129570152972485,0.0,1,0.0,235.81556411806037
2024-01-16,22300567.0,phoenix suns,1.51,0.5118378595828083,-0.22712483202995953,0.0,1,0.0,235.81556411806037
2024-01-16,22300568.0,oklahoma city thunder,2.66,0.41486061496115534,0.10352923579667328,11.790778205903019,0,-11.790778205903019,224.02478591215734
2024-01-17,22300569.0,minnesota timberwolves,1.1,0.8398904975810728,-0.07612045266081983,0.0,1,0.0,224.02478591215734
2024-01-17,22300570.0,orlando magic,2.32,0.4519540494458605,0.048533394714396216,8.236881333699124,0,-8.236881333699124,215.7879045784582
2024-01-17,22300571.0,boston celtics,1.05,0.916327079411649,-0.03785656661776847,0.0,1,0.0,215.7879045784582
2024-01-17,22300573.0,new york knicks,1.31,0.7863603971665453,0.03013212028817433,10.789395228922912,1,3.344712520966103,219.13261709942432
2024-01-17,22300574.0,toronto raptors,2.13,0.3978984696003123,-0.15247625975133489,0.0,1,0.0,219.13261709942432
2024-01-17,22300575.0,new orleans pelicans,1.1,0.8550717093017375,-0.0594211197680887,0.0,1,0.0,219.13261709942432
2024-01-17,22300577.0,los angeles lakers,1.59,0.5167187608413197,-0.17841717026230158,0.0,1,0.0,219.13261709942432
2024-01-17,22300578.0,brooklyn nets,1.43,0.5255636509805748,-0.2484439790977781,0.0,0,-0.0,219.13261709942432
2024-01-18,22300579.0,new york knicks,1.12,0.8652460517282725,-0.030924422064334697,0.0,1,0.0,219.13261709942432
2024-01-18,22300580.0,toronto raptors,1.97,0.5048617111225213,-0.005422429088632996,0.0,0,-0.0,219.13261709942432
2024-01-18,22300581.0,utah jazz,2.13,0.5901413407335306,0.25700105576242016,10.956630854971216,0,-10.956630854971216,208.1759862444531
2024-01-18,22300582.0,minnesota timberwolves,1.12,0.7623283087592324,-0.14619229418965962,0.0,1,0.0,208.1759862444531
2024-01-18,22300583.0,indiana pacers,3.35,0.40509569251327193,0.35707056991946096,10.408799312222655,1,24.46067838372324,232.63666462817633
2024-01-19,22300584.0,san antonio spurs,2.38,0.3346013584311772,-0.20364876693379824,0.0,0,-0.0,232.63666462817633
2024-01-19,22300585.0,orlando magic,2.52,0.46928591915031714,0.18260051625879925,11.631833231408818,0,-11.631833231408818,221.0048313967675
2024-01-19,22300586.0,denver nuggets,3.07,0.35656266929359187,0.094647394731327,10.105087688280303,1,20.917531514740226,241.92236291150775
2024-01-19,22300587.0,atlanta hawks,2.98,0.26212580534951424,-0.21886510005844761,0.0,1,0.0,241.92236291150775
2024-01-19,22300588.0,new orleans pelicans,1.66,0.7130312254763611,0.18363183429075935,12.096118145575389,0,-12.096118145575389,229.82624476593236
2024-04-02,22300589.0,golden state warriors,1.8,0.5995506946071609,0.0791912502928897,11.491312238296619,1,9.193049790637295,239.01929455656966
2024-01-19,22300590.0,indiana pacers,1.25,0.6680476779713885,-0.16494040253576434,0.0,0,-0.0,239.01929455656966
2024-01-19,22300591.0,los angeles lakers,1.3,0.710404057626114,-0.07647472508605174,0.0,0,-0.0,239.01929455656966
2024-01-20,22300592.0,detroit pistons,6.0,0.16224064592951198,-0.026556124422927985,0.0,0,-0.0,239.01929455656966
2024-01-20,22300593.0,charlotte hornets,4.82,0.17984517799741176,-0.13314624205247527,0.0,0,-0.0,239.01929455656966
2024-01-20,22300594.0,washington wizards,1.65,0.532330142855547,-0.12165526428834744,0.0,0,-0.0,239.01929455656966
2024-01-20,22300596.0,new york knicks,1.29,0.8066267902859787,0.04054855946891259,11.950964727828485,1,3.465779771070261,242.48507432763992
2024-01-20,22300597.0,memphis grizzlies,3.19,0.31759075876010723,0.01311452044474204,1.4520892533400123,0,-1.4520892533400123,241.03298507429992
2024-01-20,22300598.0,utah jazz,1.94,0.5786548162947378,0.12259034361179133,12.051649253714997,0,-12.051649253714997,228.98133582058492
2024-01-20,22300599.0,minnesota timberwolves,1.59,0.6215832539058785,-0.011682626289653053,0.0,0,-0.0,228.98133582058492
2024-01-21,22300600.0,los angeles clippers,1.16,0.8160933173880763,-0.05333175182983152,0.0,1,0.0,228.98133582058492
2024-01-21,22300601.0,orlando magic,1.79,0.5770657928805172,0.03294776925612575,9.54990407161528,1,7.544424216576072,236.52576003716098
2024-01-21,22300602.0,denver nuggets,1.1,0.826358763289984,-0.09100536038101749,0.0,1,0.0,236.52576003716098
2024-01-21,22300603.0,houston rockets,5.38,0.31424101643338737,0.690616668411624,11.82628800185805,0,-11.82628800185805,224.69947203530293
2024-01-21,22300604.0,indiana pacers,2.78,0.37479965495152695,0.0419430407652448,5.294707368261626,0,-5.294707368261626,219.40476466704132
2024-01-21,22300605.0,los angeles lakers,1.14,0.7133934108834203,-0.18673151159290088,0.0,1,0.0,219.40476466704132
2024-01-22,22300606.0,detroit pistons,5.4,0.17422256110603426,-0.0591981700274149,0.0,0,-0.0,219.40476466704132
2024-01-22,22300608.0,philadelphia 76ers,1.09,0.904377450125942,-0.014228579362723204,0.0,1,0.0,219.40476466704132
2024-01-22,22300609.0,memphis grizzlies,2.97,0.4240906222147184,0.25954914797771367,10.970238233352067,1,21.611369319703574,241.0161339867449
2024-01-22,22300610.0,minnesota timberwolves,1.07,0.8834021639453398,-0.054759684578486394,0.0,0,-0.0,241.0161339867449
2024-01-22,22300611.0,boston celtics,1.66,0.6384251949756103,0.059785823659513126,12.050806699337246,1,7.953532421562581,248.9696664083075
2024-01-22,22300612.0,phoenix suns,1.42,0.5693560294418055,-0.1915144381926362,0.0,1,0.0,248.9696664083075
2024-01-22,22300613.0,atlanta hawks,3.35,0.271733203888682,-0.08969376697291531,0.0,0,-0.0,248.9696664083075
2024-01-23,22300614.0,indiana pacers,2.46,0.4685452332180597,0.15262127371642686,12.448483320415376,0,-12.448483320415376,236.52118308789213
2024-01-23,22300615.0,new york knicks,1.55,0.6837060947064812,0.05974444679504598,11.826059154394606,1,6.504332534917034,243.02551562280917
2024-01-23,22300616.0,utah jazz,2.92,0.3876675515490724,0.13198925052329136,12.151275781140459,0,-12.151275781140459,230.8742398416687
2024-01-23,22300617.0,oklahoma city thunder,1.1,0.852690739088057,-0.06204018700313718,0.0,1,0.0,230.8742398416687
2024-01-23,22300618.0,los angeles clippers,1.21,0.7512085849925838,-0.09103761215897363,0.0,1,0.0,230.8742398416687
2024-01-24,22300620.0,minnesota timberwolves,1.17,0.8158651204466346,-0.04543780907743755,0.0,1,0.0,230.8742398416687
2024-01-24,22300621.0,memphis grizzlies,4.48,0.32008116826119404,0.43396363381014946,11.543711992083436,1,40.17211773245036,271.04635757411904
2024-01-24,22300622.0,oklahoma city thunder,1.23,0.8233520587919122,0.012723032314052002,13.552317878705953,1,3.117033112102369,274.1633906862214
2024-01-24,22300623.0,portland trail blazers,4.02,0.21892989129450394,-0.11990183699609425,0.0,1,0.0,274.1633906862214
2024-01-24,22300624.0,cleveland cavaliers,2.92,0.38988850340458236,0.13847442994138048,13.708169534311072,0,-13.708169534311072,260.45522115191034
2024-01-24,22300625.0,dallas mavericks,2.01,0.4815159600827853,-0.03215292023360167,0.0,0,-0.0,260.45522115191034
2024-01-24,22300626.0,atlanta hawks,2.77,0.3330259906354888,-0.07751800593969593,0.0,0,-0.0,260.45522115191034
2024-01-25,22300627.0,indiana pacers,2.31,0.4294502234575668,-0.00796998381302072,0.0,1,0.0,260.45522115191034
2024-01-25,22300628.0,utah jazz,1.31,0.7272583340322598,-0.04729158241773962,0.0,1,0.0,260.45522115191034
2024-01-25,22300629.0,minnesota timberwolves,1.52,0.6708729754301322,0.01972692265380105,9.880730773927658,1,5.137980002442382,265.5932011543527
2024-01-25,22300630.0,miami heat,3.34,0.3436840772112012,0.147904817885412,13.279660057717635,0,-13.279660057717635,252.31354109663505
2024-01-25,22300631.0,new york knicks,2.05,0.6027490096444201,0.2356354697710612,12.615677054831753,1,13.246460907573338,265.5600020042084
2024-01-25,22300633.0,chicago bulls,2.69,0.3800300194778184,0.02228075239533145,3.501110444236385,0,-3.501110444236385,262.05889155997204
2024-01-26,22300635.0,charlotte hornets,2.5,0.4070563933802063,0.01764098345051579,3.081984379379986,0,-3.081984379379986,258.97690718059204
2024-01-26,22300636.0,indiana pacers,2.48,0.5292503901745373,0.31254096763285255,12.948845359029603,1,19.16429113136381,278.14119831195586
2024-01-26,22300637.0,toronto raptors,3.26,0.3882339245199271,0.26564259393496226,13.907059915597793,0,-13.907059915597793,264.23413839635805
2024-01-26,22300638.0,memphis grizzlies,2.81,0.5535549042187667,0.5554892808547346,13.211706919817903,1,23.913189524870404,288.14732792122845
2024-01-26,22300639.0,cleveland cavaliers,2.55,0.42328733230647136,0.07938269738150194,14.407366396061423,1,22.331417913895205,310.4787458351237
2024-01-26,22300640.0,new orleans pelicans,1.93,0.585609411648817,0.1302261644822167,15.523937291756184,0,-15.523937291756184,294.9548085433675
2024-01-26,22300641.0,portland trail blazers,2.48,0.4920294235499403,0.22023297040385192,14.747740427168376,0,-14.747740427168376,280.20706811619914
2024-01-27,22300642.0,washington wizards,2.2,0.4146445795031827,-0.08778192509299804,0.0,1,0.0,280.20706811619914
2024-01-27,22300643.0,new york knicks,1.49,0.774341545401635,0.15376890264843618,14.010353405809958,1,6.865073168846879,287.07214128504603
2024-01-27,22300644.0,philadelphia 76ers,3.33,0.37994092859434847,0.2652032922191805,14.353607064252301,0,-14.353607064252301,272.71853422079374
2024-01-27,22300645.0,houston rockets,2.35,0.4837018655908417,0.13669938413847804,13.635926711039687,0,-13.635926711039687,259.08260750975404
2024-01-27,22300646.0,los angeles clippers,3.01,0.3488283775685382,0.049973416481299826,6.441414451813968,1,12.947243048146076,272.0298505579001
2024-01-27,22300647.0,charlotte hornets,4.07,0.2529543459680988,0.029524188090162107,2.6161109035863617,0,-2.6161109035863617,269.4137396543137
2024-01-27,22300648.0,milwaukee bucks,1.55,0.6170325710949155,-0.043599514802880934,0.0,1,0.0,269.4137396543137
2024-01-27,22300649.0,minnesota timberwolves,1.15,0.8079133176118488,-0.07089968474637394,0.0,0,-0.0,269.4137396543137
2024-01-27,22300650.0,golden state warriors,1.74,0.5908767354120232,0.028125519616920447,10.239731648263916,0,-10.239731648263916,259.1740080060498
2024-01-27,22300651.0,dallas mavericks,2.35,0.44019133441136904,0.03444963586671723,6.613666816241534,0,-6.613666816241534,252.56034118980827
2024-01-28,22300652.0,memphis grizzlies,3.06,0.28239958740538784,-0.13585726253951314,0.0,0,-0.0,252.56034118980827
2024-01-28,22300653.0,toronto raptors,2.7,0.37994301566156474,0.025846142286224838,3.8398297142642797,0,-3.8398297142642797,248.720511475544
2024-01-28,22300654.0,oklahoma city thunder,1.08,0.8701709499061437,-0.060215374101364696,0.0,0,-0.0,248.720511475544
2024-01-28,22300656.0,portland trail blazers,2.61,0.3532901057275596,-0.07791282405106947,0.0,0,-0.0,248.720511475544
2024-01-29,22300657.0,new york knicks,1.2,0.8072228303664608,-0.03133260356024706,0.0,1,0.0,248.720511475544
2024-01-29,22300658.0,cleveland cavaliers,1.93,0.6390513987487757,0.23336919958513702,12.4360255737772,1,11.565503783612796,260.2860152591568
2024-01-29,22300659.0,boston celtics,1.24,0.786666308518966,-0.024533777436482135,0.0,1,0.0,260.2860152591568
2024-01-29,22300662.0,houston rockets,1.87,0.5734352940172764,0.07232399981230703,13.01430076295784,1,11.322441663773322,271.6084569229301
2024-01-29,22300663.0,memphis grizzlies,4.25,0.5007625502540552,1.128240838579735,13.580422846146504,0,-13.580422846146504,258.02803407678357
2024-01-29,22300664.0,oklahoma city thunder,1.63,0.6934402230547995,0.13030756357932305,12.901401703839179,0,-12.901401703839179,245.12663237294439
2024-01-29,22300665.0,san antonio spurs,1.54,0.5347685023899751,-0.17645650631943832,0.0,0,-0.0,245.12663237294439
2024-01-29,22300667.0,denver nuggets,1.51,0.6023002844234279,-0.0905265705206239,0.0,1,0.0,245.12663237294439
2024-01-29,22300668.0,philadelphia 76ers,1.39,0.7514721915663871,0.04454634627727799,12.25633161864722,0,-12.25633161864722,232.87030075429718
2024-01-30,22300669.0,los angeles lakers,2.67,0.4704241586079678,0.2560325034832741,11.64351503771486,0,-11.64351503771486,221.22678571658233
2024-01-30,22300670.0,boston celtics,1.27,0.7453377804473127,-0.05342101883191286,0.0,1,0.0,221.22678571658233
2024-01-30,22300671.0,new york knicks,1.62,0.7839051689657831,0.26992637372456874,11.061339285829117,1,6.858030357214054,228.0848160737964
2024-01-30,22300672.0,toronto raptors,3.05,0.31569067827913794,-0.03714343124862929,0.0,1,0.0,228.0848160737964
2024-01-30,22300673.0,philadelphia 76ers,1.91,0.5847344257665216,0.11684275321405613,11.40424080368982,0,-11.40424080368982,216.68057527010657
2024-01-31,22300674.0,chicago bulls,1.4,0.5992590830763975,-0.16103728369304351,0.0,1,0.0,216.68057527010657
2024-01-31,22300675.0,cleveland cavaliers,1.09,0.9197122084621304,0.0024863072237222283,5.985938661492817,1,0.538734479534354,217.21930974964093
2024-01-31,22300676.0,los angeles clippers,1.19,0.8225673561045641,-0.021144846235568754,0.0,1,0.0,217.21930974964093
2024-01-31,22300677.0,brooklyn nets,2.27,0.4441951700601299,0.008323036036494869,1.4235623172195295,0,-1.4235623172195295,215.7957474324214
2024-01-31,22300680.0,dallas mavericks,5.97,0.17199070791296614,0.026784526240407835,1.1629752232740669,0,-1.1629752232740669,214.63277220914733
2024-01-31,22300681.0,orlando magic,1.37,0.706286611113902,-0.032387342773954164,0.0,1,0.0,214.63277220914733
2024-01-31,22300682.0,denver nuggets,2.63,0.37063265863732564,-0.02523610778383356,0.0,0,-0.0,214.63277220914733
2024-01-31,22300683.0,portland trail blazers,4.3,0.29092161772310887,0.25096295620936815,10.731638610457367,1,35.414407414509306,250.04717962365663
2024-02-01,22300684.0,los angeles lakers,7.6,0.2067889787086822,0.5715962381859846,12.502358981182832,1,82.51556927580668,332.5627488994633
2024-02-01,22300685.0,new york knicks,1.74,0.7973343795004209,0.3873618203307323,16.628137444973166,1,12.304821709280143,344.86757060874345
2024-02-01,22300686.0,philadelphia 76ers,2.38,0.5412403746506796,0.28815209166861755,17.243378530437173,1,23.7958623720033,368.66343298074673
2024-02-01,22300687.0,memphis grizzlies,3.42,0.3824077439909939,0.30783448444919914,18.433171649037337,0,-18.433171649037337,350.2302613317094
2024-02-02,22300688.0,los angeles clippers,1.12,0.8559686251849534,-0.041315139792852076,0.0,1,0.0,350.2302613317094
2024-02-02,22300689.0,washington wizards,3.2,0.32470686931899223,0.03906198182077525,6.218494591465726,0,-6.218494591465726,344.0117667402437
2024-02-02,22300690.0,phoenix suns,1.59,0.5789062625111372,-0.07953904260729183,0.0,0,-0.0,344.0117667402437
2024-02-02,22300691.0,indiana pacers,2.25,0.5050242983763006,0.13630467134667634,17.200588337012185,0,-17.200588337012185,326.8111784032315
2024-02-02,22300692.0,houston rockets,1.47,0.7204168800309168,0.05901281364544758,16.340558920161577,1,7.680062692475941,334.49124109570744
2024-02-02,22300693.0,memphis grizzlies,3.07,0.5200794546687364,0.5966439258330207,16.724562054785373,0,-16.724562054785373,317.76667904092204
2024-02-02,22300694.0,minnesota timberwolves,1.32,0.7795100363390237,0.028953247967511364,15.888333952046104,0,-15.888333952046104,301.87834508887596
2024-02-02,22300695.0,oklahoma city thunder,1.05,0.909776318599038,-0.044734865471010105,0.0,1,0.0,301.87834508887596
2024-02-02,22300696.0,new orleans pelicans,1.26,0.769344122435047,-0.03062640573184075,0.0,1,0.0,301.87834508887596
2024-02-02,22300697.0,portland trail blazers,6.0,0.14741732998317947,-0.11549602010092319,0.0,0,-0.0,301.87834508887596
2024-02-03,22300698.0,philadelphia 76ers,1.72,0.7242894159674502,0.24577779546401435,15.093917254443799,0,-15.093917254443799,286.78442783443217
2024-02-03,22300699.0,atlanta hawks,1.67,0.5345420225137487,-0.10731482240203966,0.0,1,0.0,286.78442783443217
2024-02-03,22300700.0,chicago bulls,1.77,0.47743754930160376,-0.15493553773616137,0.0,0,-0.0,286.78442783443217
2024-02-03,22300701.0,new york knicks,1.63,0.7755083215084966,0.26407856405884933,14.339221391721608,0,-14.339221391721608,272.44520644271057
2024-02-03,22300702.0,dallas mavericks,2.22,0.38938467622036904,-0.13556601879078073,0.0,0,-0.0,272.44520644271057
2024-02-03,22300703.0,cleveland cavaliers,1.16,0.7931963594811868,-0.07989222300182333,0.0,1,0.0,272.44520644271057
2024-02-04,22300704.0,orlando magic,1.36,0.7577945583040875,0.030600599293559072,13.62226032213553,1,4.904013715968792,277.3492201586794
2024-02-04,22300705.0,washington wizards,4.5,0.20481409974593082,-0.0783365511433114,0.0,0,-0.0,277.3492201586794
2024-02-04,22300706.0,memphis grizzlies,10.33,0.17480773978169195,0.8057639519448779,13.867461007933969,0,-13.867461007933969,263.4817591507454
2024-02-04,22300707.0,charlotte hornets,4.78,0.21525312662026153,0.028909945244850133,2.0151437116573647,0,-2.0151437116573647,261.46661543908806
2024-02-04,22300708.0,miami heat,2.54,0.36504871966640473,-0.07277625204733196,0.0,0,-0.0,261.46661543908806
2024-02-04,22300709.0,minnesota timberwolves,1.27,0.8192415999484177,0.04043683193449052,13.073330771954403,1,3.529799308427689,264.99641474751576
2024-02-04,22300710.0,oklahoma city thunder,1.25,0.8508434513943648,0.06355431424295599,13.249820737375789,1,3.312455184343947,268.3088699318597
2024-02-04,22300711.0,milwaukee bucks,2.01,0.5363398854510024,0.07804316975651471,13.415443496592985,0,-13.415443496592985,254.89342643526672
2024-02-04,22300712.0,portland trail blazers,7.27,0.1510838789776441,0.09837980016747261,3.999420152584358,0,-3.999420152584358,250.89400628268237
2024-02-05,22300713.0,charlotte hornets,6.02,0.2160491652417942,0.300615974755601,12.544700314134118,0,-12.544700314134118,238.34930596854826
2024-02-05,22300714.0,cleveland cavaliers,1.47,0.7042035140082743,0.03517916559216322,11.917465298427414,1,5.601208690260885,243.95051465880914
2024-02-05,22300715.0,philadelphia 76ers,2.08,0.6848029754765439,0.4243901889912114,12.197525732940457,0,-12.197525732940457,231.7529889258687
2024-02-05,22300716.0,los angeles clippers,1.51,0.62127979432537,-0.061867510568691386,0.0,1,0.0,231.7529889258687
2024-02-05,22300717.0,brooklyn nets,1.85,0.6310876704437413,0.16751219032092135,11.587649446293435,0,-11.587649446293435,220.16533947957527
2024-02-05,22300718.0,toronto raptors,4.52,0.2507940407324636,0.13358906411073534,8.35559137803943,0,-8.35559137803943,211.80974810153583
2024-02-06,22300719.0,houston rockets,3.28,0.35551548716634324,0.16609079790560577,10.590487405076793,0,-10.590487405076793,201.21926069645903
2024-02-06,22300720.0,brooklyn nets,2.17,0.5683983037000861,0.23342431902918692,10.060963034822953,0,-10.060963034822953,191.15829766163608
2024-02-06,22300721.0,orlando magic,2.24,0.4263715239726803,-0.04492778630119609,0.0,0,-0.0,191.15829766163608
2024-02-06,22300722.0,memphis grizzlies,6.5,0.18219113476834167,0.184242375994221,6.40353799130734,0,-6.40353799130734,184.75475967032875
2024-02-06,22300723.0,chicago bulls,2.52,0.39893383789329345,0.005313271491099503,0.6458238140798013,1,0.9816521974012979,185.73641186773006
2024-02-06,22300724.0,utah jazz,2.19,0.43741595880286716,-0.04205905022172085,0.0,1,0.0,185.73641186773006
2024-02-06,22300725.0,milwaukee bucks,2.69,0.4321573605336268,0.16250329983545608,9.286820593386503,0,-9.286820593386503,176.44959127434356
2024-02-07,22300726.0,charlotte hornets,2.97,0.3922033289286917,0.1648438869182144,8.82247956371718,0,-8.82247956371718,167.6271117106264
2024-02-07,22300727.0,philadelphia 76ers,2.17,0.6810279507889968,0.47783065321212304,8.38135558553132,0,-8.38135558553132,159.24575612509508
2024-02-07,22300728.0,cleveland cavaliers,1.12,0.8040538140398179,-0.09945972827540386,0.0,1,0.0,159.24575612509508
2024-02-07,22300729.0,atlanta hawks,5.17,0.2130531375222227,0.10148472098989136,3.8755422372133235,0,-3.8755422372133235,155.37021388788176
2024-02-07,22300730.0,miami heat,1.26,0.8269967170721982,0.04201586351096978,7.768510694394088,1,2.019812780542463,157.3900266684242
2024-02-07,22300731.0,los angeles clippers,1.43,0.7382900291427363,0.05575474167411293,7.869501333421211,0,-7.869501333421211,149.52052533500301
2024-02-07,22300732.0,sacramento kings,1.09,0.8296079734408796,-0.09572730894944122,0.0,0,-0.0,149.52052533500301
2024-02-08,22300733.0,golden state warriors,2.66,0.36672020955676665,-0.024524242579000655,0.0,1,0.0,149.52052533500301
2024-02-08,22300734.0,orlando magic,1.17,0.8152338620446689,-0.0461763814077375,0.0,1,0.0,149.52052533500301
2024-02-08,22300735.0,brooklyn nets,3.08,0.371855786082768,0.14531582113492547,7.476026266750151,0,-7.476026266750151,142.04449906825286
2024-02-08,22300736.0,new york knicks,2.73,0.7959541424764595,1.1729548089607342,7.102224953412644,0,-7.102224953412644,134.94227411484022
2024-02-08,22300737.0,memphis grizzlies,2.55,0.4819907191180716,0.2290763337510826,6.747113705742011,0,-6.747113705742011,128.1951604090982
2024-02-08,22300738.0,milwaukee bucks,1.97,0.6011033922585265,0.18417368274929713,6.409758020454911,0,-6.409758020454911,121.78540238864329
2024-02-08,22300739.0,phoenix suns,1.42,0.6702006122100883,-0.04831513066167464,0.0,1,0.0,121.78540238864329
2024-02-08,22300740.0,denver nuggets,1.59,0.5487876632095793,-0.1274276154967689,0.0,1,0.0,121.78540238864329
2024-02-08,22300741.0,portland trail blazers,1.49,0.6956392889584552,0.036502540548098206,6.089270119432165,0,-6.089270119432165,115.69613226921112
2024-02-09,22300742.0,philadelphia 76ers,2.23,0.648729779026569,0.4466674072292489,5.784806613460557,0,-5.784806613460557,109.91132565575056
2024-02-09,22300743.0,boston celtics,1.03,0.9139466384607766,-0.05863496238540006,0.0,1,0.0,109.91132565575056
2024-02-09,22300744.0,houston rockets,2.06,0.5051325402342941,0.04057303288264591,4.207014933967897,0,-4.207014933967897,105.70431072178266
2024-02-09,22300745.0,charlotte hornets,7.82,0.12359507080370155,-0.03348654631505377,0.0,0,-0.0,105.70431072178266
2024-02-09,22300746.0,denver nuggets,2.11,0.5203558409655404,0.09795082443729031,5.285215536089133,0,-5.285215536089133,100.41909518569352
2024-02-10,22300748.0,oklahoma city thunder,1.76,0.5804835840331266,0.021651107898302824,2.860769295941305,0,-2.860769295941305,97.55832588975221
2024-02-10,22300749.0,los angeles clippers,1.04,0.89256936495434,-0.07172786044748633,0.0,1,0.0,97.55832588975221
2024-02-10,22300750.0,brooklyn nets,1.4,0.7654833529572032,0.07167669414008437,4.877916294487611,1,1.951166517795044,99.50949240754726
2024-02-10,22300751.0,charlotte hornets,2.49,0.33592796302828404,-0.16353937205957259,0.0,1,0.0,99.50949240754726
2024-02-10,22300752.0,chicago bulls,2.53,0.3727642220655199,-0.056906518174234755,0.0,0,-0.0,99.50949240754726
2024-02-10,22300753.0,philadelphia 76ers,1.4,0.6448231470705901,-0.09724759410117395,0.0,1,0.0,99.50949240754726
2024-02-10,22300754.0,houston rockets,3.01,0.4189263680828775,0.2609683679294611,4.975474620377363,0,-4.975474620377363,94.53401778716989
2024-02-10,22300755.0,new york knicks,2.18,0.7637140497793797,0.664896628519048,4.7267008893584945,0,-4.7267008893584945,89.80731689781139
2024-02-10,22300756.0,toronto raptors,3.57,0.2956282600560825,0.05539288840021439,1.9356757519234062,0,-1.9356757519234062,87.87164114588798
2024-02-10,22300757.0,golden state warriors,1.92,0.5432727979514148,0.043083772066716375,4.1150453894105805,1,3.785841758257734,91.65748290414571
2024-02-10,22300758.0,portland trail blazers,3.45,0.3467647030922725,0.19633822566834014,4.582874145207286,0,-4.582874145207286,87.07460875893842
2024-02-11,22300759.0,miami heat,3.02,0.34780597037748284,0.05037403053999823,2.17143514895107,0,-2.17143514895107,84.90317360998735
2024-02-11,22300760.0,oklahoma city thunder,1.56,0.6920767801626487,0.07963977705373204,4.245158680499368,1,2.3772888610796463,87.280462471067
2024-02-12,22300761.0,charlotte hornets,4.35,0.22570185505027196,-0.0181969305313171,0.0,1,0.0,87.280462471067
2024-02-12,22300762.0,philadelphia 76ers,5.02,0.2171960374023554,0.09032410775982402,1.9610770889462519,1,7.883529897563932,95.16399236863093
2024-02-12,22300763.0,atlanta hawks,1.47,0.580331290545891,-0.14691300289754017,0.0,0,-0.0,95.16399236863093
2024-02-12,22300764.0,toronto raptors,1.39,0.716983696737645,-0.003392661534673602,0.0,0,-0.0,95.16399236863093
2024-02-12,22300765.0,new york knicks,1.83,0.6601720379240736,0.20811482940105486,4.758199618431546,0,-4.758199618431546,90.40579275019938
2024-02-12,22300766.0,memphis grizzlies,4.0,0.3569487688237227,0.4277950752948907,4.520289637509969,0,-4.520289637509969,85.8855031126894
2024-02-12,22300767.0,milwaukee bucks,1.79,0.5867853433702396,0.050345764632728884,4.2942751556344705,1,3.3924773729512316,89.27798048564064
2024-02-12,22300768.0,dallas mavericks,1.11,0.8297233589129724,-0.0790070716066005,0.0,1,0.0,89.27798048564064
2024-02-12,22300769.0,utah jazz,1.87,0.540914368978674,0.011509869990120325,1.1811240785864632,0,-1.1811240785864632,88.09685640705418
2024-02-12,22300770.0,minnesota timberwolves,2.48,0.4072879770269712,0.010074183026888672,0.5996647672555364,1,0.8875038555381939,88.98436026259238
2024-02-13,22300771.0,brooklyn nets,3.33,0.28230571213814865,-0.05992197857996495,0.0,0,-0.0,88.98436026259238
2024-02-13,22300773.0,milwaukee bucks,1.3,0.7182984413306556,-0.06621202627014772,0.0,0,-0.0,88.98436026259238
2024-02-13,22300774.0,phoenix suns,1.46,0.6437565108925097,-0.060115494096935784,0.0,1,0.0,88.98436026259238
2024-02-13,22300775.0,minnesota timberwolves,1.22,0.796303753365564,-0.0285094208940119,0.0,1,0.0,88.98436026259238
2024-02-13,22300776.0,los angeles lakers,1.11,0.849967888338095,-0.05653564394471447,0.0,1,0.0,88.98436026259238
2024-02-14,22300777.0,atlanta hawks,1.34,0.6500994595652019,-0.12886672418262943,0.0,0,-0.0,88.98436026259238
2024-02-14,22300778.0,new york knicks,2.2,0.5763513359685722,0.26797293913085907,4.449218013129619,0,-4.449218013129619,84.53514224946275
2024-02-14,22300779.0,philadelphia 76ers,1.64,0.5616397584009408,-0.07891079622245711,0.0,0,-0.0,84.53514224946275
2024-02-14,22300780.0,boston celtics,1.12,0.8084645988003214,-0.09451964934363995,0.0,1,0.0,84.53514224946275
2024-02-14,22300781.0,chicago bulls,3.85,0.24588502971361503,-0.05334263560258212,0.0,0,-0.0,84.53514224946275
2024-02-14,22300782.0,indiana pacers,1.61,0.59274289358628,-0.04568394132608922,0.0,1,0.0,84.53514224946275
2024-02-14,22300783.0,memphis grizzlies,1.99,0.5292929992470443,0.05329306850161819,4.226757112473138,1,4.184489541348406,88.71963179081116
2024-02-14,22300784.0,new orleans pelicans,1.07,0.8932211460122356,-0.04425337376690788,0.0,1,0.0,88.71963179081116
2024-02-14,22300785.0,dallas mavericks,1.13,0.848225952597562,-0.04150467356475508,0.0,1,0.0,88.71963179081116
2024-02-14,22300786.0,denver nuggets,1.44,0.719322236117298,0.035824020008909,4.4359815895405585,0,-4.4359815895405585,84.2836502012706
2024-02-14,22300787.0,phoenix suns,1.08,0.8682232386596679,-0.06231890224755862,0.0,1,0.0,84.2836502012706
2024-02-14,22300788.0,los angeles lakers,2.42,0.40614594968040896,-0.017126801773410305,0.0,1,0.0,84.2836502012706
2024-02-14,22300789.0,los angeles clippers,2.13,0.5190271167776856,0.10552775873647036,4.21418251006353,1,4.7620262363717885,89.04567643764238
2024-02-15,22300790.0,memphis grizzlies,6.1,0.3811545337639254,1.3250426559599449,4.452283821882119,1,22.706647491598808,111.75232392924119
2024-02-15,22300791.0,portland trail blazers,4.22,0.2386512012479802,0.007108069266476447,0.24669045316110552,0,-0.24669045316110552,111.50563347608008
2024-02-22,22300792.0,cleveland cavaliers,1.41,0.7688365904905905,0.08405959259173257,5.575281673804004,0,-5.575281673804004,105.93035180227608
2024-02-22,22300793.0,indiana pacers,1.11,0.8355712108041835,-0.07251595600735623,0.0,1,0.0,105.93035180227608
2024-02-22,22300795.0,toronto raptors,1.78,0.5289338720179555,-0.0584977078080392,0.0,1,0.0,105.93035180227608
2024-02-22,22300796.0,dallas mavericks,1.65,0.5589099743034185,-0.07779854239935952,0.0,1,0.0,105.93035180227608
2024-02-22,22300797.0,chicago bulls,3.48,0.3623830876604212,0.26109314505826586,5.296517590113805,0,-5.296517590113805,100.63383421216227
2024-02-22,22300798.0,new orleans pelicans,1.35,0.7581708284415404,0.02353061839607956,5.031691710608114,1,1.7610920987128404,102.3949263108751
2024-02-22,22300799.0,oklahoma city thunder,1.77,0.5860390530344521,0.03728912387098032,4.9587234947612,1,3.818217090966124,106.21314340184124
2024-02-22,22300800.0,denver nuggets,1.06,0.8924991261393392,-0.05395092629230036,0.0,1,0.0,106.21314340184124
2024-02-22,22300801.0,utah jazz,1.19,0.6880363909908616,-0.18123669472087478,0.0,0,-0.0,106.21314340184124
2024-02-22,22300802.0,golden state warriors,1.41,0.6491409739343835,-0.0847112267525193,0.0,1,0.0,106.21314340184124
2024-02-22,22300803.0,sacramento kings,1.17,0.8366975130677972,-0.02106390971067737,0.0,1,0.0,106.21314340184124
2024-02-23,22300804.0,toronto raptors,3.06,0.2966820014582537,-0.09215307553774377,0.0,1,0.0,106.21314340184124
2024-02-23,22300805.0,cleveland cavaliers,1.67,0.6007399286461994,0.003235680839152988,0.51294303428589,0,-0.51294303428589,105.70020036755534
2024-02-23,22300806.0,phoenix suns,1.6,0.5935059363024922,-0.05039050191601252,0.0,0,-0.0,105.70020036755534
2024-02-23,22300807.0,memphis grizzlies,3.63,0.3348352792667757,0.21545206373839576,5.2850100183777675,0,-5.2850100183777675,100.41519034917758
2024-02-23,22300808.0,minnesota timberwolves,1.47,0.7752369550782705,0.1395983239650576,5.020759517458879,0,-5.020759517458879,95.3944308317187
2024-02-23,22300809.0,oklahoma city thunder,1.03,0.9023478178835307,-0.07058174757996337,0.0,1,0.0,95.3944308317187
2024-02-23,22300810.0,new orleans pelicans,1.67,0.6695067377461229,0.11807625203602518,4.769721541585935,0,-4.769721541585935,90.62470929013276
2024-02-23,22300811.0,golden state warriors,1.11,0.8096433162992671,-0.10129591890781342,0.0,1,0.0,90.62470929013276
2024-02-23,22300812.0,denver nuggets,1.24,0.7161659500739144,-0.1119542219083462,0.0,1,0.0,90.62470929013276
2024-02-23,22300813.0,los angeles lakers,1.15,0.8481212671208664,-0.02466054281100366,0.0,1,0.0,90.62470929013276
2024-02-24,22300814.0,orlando magic,1.26,0.7747511204003525,-0.0238135882955558,0.0,1,0.0,90.62470929013276
2024-02-24,22300815.0,minnesota timberwolves,1.26,0.8527391509052579,0.07445133014062491,4.531235464506638,1,1.178121220771726,91.80283051090449
2024-02-24,22300816.0,new york knicks,2.75,0.5614760854944909,0.54405923510985,4.590141525545224,0,-4.590141525545224,87.21268898535926
2024-02-25,22300817.0,philadelphia 76ers,2.47,0.5069651655887362,0.25220395900417847,4.360634449267963,0,-4.360634449267963,82.8520545360913
2024-02-25,22300818.0,phoenix suns,1.57,0.6484212695728623,0.018021393229393834,2.6194902713299726,1,1.4931094546580845,84.34516399074938
2024-02-25,22300819.0,indiana pacers,1.96,0.512305446218336,0.0041186745879384645,0.36186487869187706,1,0.347390283544202,84.69255427429358
2024-02-25,22300820.0,washington wizards,5.97,0.17191350788249293,0.02632364205848281,0.44857474521833657,0,-0.44857474521833657,84.24397952907525
2024-02-25,22300822.0,oklahoma city thunder,1.36,0.7325836981692335,-0.003686170489842322,0.0,1,0.0,84.24397952907525
2024-02-25,22300823.0,new orleans pelicans,1.44,0.7313645996320185,0.0531650234701066,4.212198976453762,0,-4.212198976453762,80.03178055262148
2024-02-25,22300824.0,golden state warriors,1.72,0.5393568849279397,-0.07230615792394379,0.0,0,-0.0,80.03178055262148
2024-02-25,22300825.0,utah jazz,1.32,0.7831006991794323,0.03369292291685061,4.001589027631074,1,1.280508488841944,81.31228904146343
2024-02-25,22300826.0,charlotte hornets,2.27,0.4067864738851066,-0.07659470428080806,0.0,1,0.0,81.31228904146343
2024-02-25,22300827.0,los angeles clippers,1.51,0.6644240375621359,0.003280296718825182,0.5229969312605437,0,-0.5229969312605437,80.78929211020288
2024-02-26,22300828.0,new york knicks,1.13,0.891995874648499,0.007955338352803834,4.039464605510144,1,0.5251303987163183,81.3144225089192
2024-02-26,22300829.0,indiana pacers,1.39,0.7127876299011929,-0.009225194437341877,0.0,0,-0.0,81.3144225089192
2024-02-26,22300830.0,memphis grizzlies,1.98,0.630308709459798,0.24801124473040004,4.06572112544596,0,-4.06572112544596,77.24870138347323
2024-02-26,22300831.0,miami heat,2.99,0.3469195166911484,0.037289354906533734,1.4475146944508424,1,2.8805542419571766,80.1292556254304
2024-02-27,22300832.0,cleveland cavaliers,1.51,0.7195849880359684,0.08657333193431227,4.00646278127152,1,2.0432960184484754,82.17255164387888
2024-02-27,22300833.0,orlando magic,1.33,0.7590427339903993,0.00952683620723116,2.3722558795196287,1,0.7828444402414776,82.95539608412035
2024-02-27,22300834.0,washington wizards,4.55,0.23336578388697657,0.06181431668574333,1.4444594716436867,0,-1.4444594716436867,81.51093661247667
2024-02-27,22300835.0,atlanta hawks,1.71,0.545355583648872,-0.06744195196042885,0.0,1,0.0,81.51093661247667
2024-02-27,22300836.0,boston celtics,1.13,0.8635636205664308,-0.024173108759933323,0.0,1,0.0,81.51093661247667
2024-02-27,22300837.0,new york knicks,2.79,0.64003068730956,0.7856856175936726,4.075546830623834,0,-4.075546830623834,77.43538978185283
2024-02-27,22300838.0,minnesota timberwolves,1.09,0.930595413431279,0.014349000640094242,3.871769489092642,1,0.3484592540183381,77.78384903587117
2024-02-27,22300839.0,chicago bulls,1.15,0.8357585362967418,-0.03887768325874702,0.0,0,-0.0,77.78384903587117
2024-02-27,22300840.0,charlotte hornets,6.13,0.18179729200739692,0.11441740000534306,1.7348588243845011,0,-1.7348588243845011,76.04899021148667
2024-02-27,22300841.0,oklahoma city thunder,1.16,0.8649062838225478,0.003291289234155309,1.5643701421965541,1,0.25029922275144856,76.29928943423812
2024-02-27,22300842.0,miami heat,1.3,0.6962818828247633,-0.09483355232780763,0.0,1,0.0,76.29928943423812
2024-02-28,22300843.0,new orleans pelicans,2.23,0.5366349621896875,0.19669596568300318,3.8149644717119062,0,-3.8149644717119062,72.48432496252622
2024-02-28,22300844.0,toronto raptors,2.19,0.3789129676985373,-0.17018060074020347,0.0,0,-0.0,72.48432496252622
2024-02-28,22300845.0,memphis grizzlies,5.73,0.17410557259714085,-0.0023750690183828027,0.0,0,-0.0,72.48432496252622
2024-02-28,22300846.0,chicago bulls,2.54,0.38810311756833876,-0.014218081376419556,0.0,1,0.0,72.48432496252622
2024-02-28,22300847.0,denver nuggets,1.22,0.7170916568378444,-0.12514817865782987,0.0,1,0.0,72.48432496252622
2024-02-28,22300848.0,los angeles clippers,1.7,0.6766154454429218,0.15024625725296709,3.624216248126311,0,-3.624216248126311,68.8601087143999
2024-02-29,22300849.0,charlotte hornets,4.92,0.30105960498659745,0.48121325653405944,3.443005435719995,0,-3.443005435719995,65.4171032786799
2024-02-29,22300850.0,orlando magic,1.32,0.7211550855831395,-0.048075287030255875,0.0,1,0.0,65.4171032786799
2024-02-29,22300851.0,atlanta hawks,1.85,0.5568284054593091,0.030132550099721933,2.3190401669688305,0,-2.3190401669688305,63.09806311171107
2024-02-29,22300852.0,new york knicks,2.22,0.6182192775003595,0.37244679605079833,3.154903155585554,0,-3.154903155585554,59.94315995612552
2024-02-29,22300853.0,oklahoma city thunder,1.16,0.8742673666862161,0.014150145356010585,2.9971579978062763,0,-2.9971579978062763,56.94600195831924
2024-02-29,22300854.0,phoenix suns,1.22,0.7830732911841458,-0.044650584755342115,0.0,1,0.0,56.94600195831924
2024-02-29,22300855.0,denver nuggets,1.35,0.6762620948518531,-0.08704617194999831,0.0,1,0.0,56.94600195831924
2024-02-29,22300856.0,los angeles lakers,1.16,0.88029192065092,0.02113862795506713,2.847300097915962,1,0.4555680156665537,57.401569973985794
2024-03-01,22300857.0,cleveland cavaliers,1.32,0.8403173908504163,0.10921895592254965,2.8700784986992898,1,0.9184251195837729,58.31999509356957
2024-03-01,22300858.0,charlotte hornets,5.22,0.2051667302014472,0.07097033165155442,0.9808031738643741,0,-0.9808031738643741,57.33919191970519
2024-03-01,22300859.0,boston celtics,1.22,0.8268003223975532,0.008696393325014873,2.2665643903285044,1,0.4986441658722709,57.837836085577464
2024-03-01,22300860.0,golden state warriors,1.61,0.606339451413199,-0.023793483224749556,0.0,1,0.0,57.837836085577464
2024-03-01,22300861.0,memphis grizzlies,1.77,0.6796774226820782,0.20302903814727846,2.8918918042788735,0,-2.8918918042788735,54.945944281298594
2024-03-01,22300862.0,minnesota timberwolves,1.26,0.7213775744953992,-0.09106425613579702,0.0,0,-0.0,54.945944281298594
2024-03-01,22300863.0,new orleans pelicans,1.43,0.7038797921074246,0.00654810271361711,0.8367248531409904,1,0.35979168685062585,55.30573596814922
2024-03-01,22300864.0,chicago bulls,2.24,0.4984601289702787,0.11655068889342435,2.765286798407461,0,-2.765286798407461,52.54044916974176
2024-03-01,22300865.0,los angeles clippers,1.06,0.8763254850627363,-0.07109498583349944,0.0,1,0.0,52.54044916974176
2024-03-02,22300866.0,brooklyn nets,1.86,0.5373886072872798,-0.000457190445659561,0.0,1,0.0,52.54044916974176
2024-03-02,22300867.0,utah jazz,3.8,0.2690069145786182,0.022226275398749107,0.41706374743594976,0,-0.41706374743594976,52.123385422305816
2024-03-02,22300868.0,memphis grizzlies,1.64,0.6238268365066988,0.023076011870985957,1.8793747824392275,0,-1.8793747824392275,50.24401063986659
2024-03-02,22300869.0,denver nuggets,1.76,0.5406922779590613,-0.048381590792052176,0.0,1,0.0,50.24401063986659
2024-03-02,22300870.0,phoenix suns,1.21,0.7496084196052122,-0.09297381227769327,0.0,0,-0.0,50.24401063986659
2024-03-03,22300871.0,philadelphia 76ers,3.27,0.31282760803871695,0.022946278286604338,0.5078912116200388,1,1.152913050377488,51.39692369024407
2024-03-03,22300872.0,boston celtics,1.24,0.8417701193517259,0.04379494799614006,2.569846184512204,1,0.6167630842829289,52.013686774527
2024-03-03,22300873.0,minnesota timberwolves,1.65,0.6150710858341699,0.014867291626380286,1.189696384369373,0,-1.189696384369373,50.82399039015763
2024-03-03,22300874.0,orlando magic,1.14,0.889598771640176,0.014142599669800526,2.541199519507882,1,0.3557679327311032,51.17975832288874
2024-03-03,22300875.0,charlotte hornets,3.08,0.2873278557029187,-0.11503020443501044,0.0,0,-0.0,51.17975832288874
2024-03-03,22300876.0,cleveland cavaliers,1.5,0.7223892165290253,0.08358382479353799,2.558987916144437,0,-2.558987916144437,48.6207704067443
2024-03-03,22300877.0,indiana pacers,1.35,0.6694542583347601,-0.09623675124807377,0.0,0,-0.0,48.6207704067443
2024-03-03,22300878.0,phoenix suns,2.36,0.48694542402603563,0.14919120070144398,2.431038520337215,0,-2.431038520337215,46.18973188640708
2024-03-04,22300879.0,memphis grizzlies,3.82,0.3322266288400467,0.26910572216897843,2.309486594320354,1,6.512752195983397,52.70248408239048
2024-03-04,22300880.0,milwaukee bucks,2.05,0.7044398569013947,0.444101706647859,2.635124204119524,1,2.7668804143255,55.469364496715976
2024-03-04,22300881.0,minnesota timberwolves,1.05,0.8791758245885772,-0.07686538418199386,0.0,1,0.0,55.469364496715976
2024-03-04,22300882.0,utah jazz,1.43,0.7923452837332011,0.13305375573847755,2.773468224835799,1,1.1925913366793934,56.66195583339537
2024-03-04,22300883.0,chicago bulls,2.75,0.30015639196689575,-0.17456992209103672,0.0,1,0.0,56.66195583339537
2024-03-04,22300884.0,oklahoma city thunder,1.73,0.551092365408661,-0.04661020784301645,0.0,0,-0.0,56.66195583339537
2024-03-05,22300885.0,charlotte hornets,3.43,0.2786113797087512,-0.04436296759898317,0.0,0,-0.0,56.66195583339537
2024-03-05,22300886.0,cleveland cavaliers,3.6,0.5809010113626601,1.0912436409055766,2.8330977916697684,1,7.366054258341398,64.02801009173676
2024-03-05,22300887.0,brooklyn nets,1.77,0.533124750618528,-0.056369191405205354,0.0,1,0.0,64.02801009173676
2024-03-05,22300888.0,miami heat,1.13,0.8685043076317728,-0.018590132376096857,0.0,1,0.0,64.02801009173676
2024-03-05,22300889.0,new york knicks,1.7,0.7054954345972206,0.19934223881527507,3.201400504586838,0,-3.201400504586838,60.826609587149925
2024-03-05,22300890.0,toronto raptors,3.76,0.36809992911644823,0.38405573347784516,3.0413304793574962,0,-3.0413304793574962,57.78527910779243
2024-03-05,22300891.0,houston rockets,1.31,0.7672355482089732,0.005078568153754959,0.946666058815085,1,0.2934664782326764,58.0787455860251
2024-03-05,22300892.0,dallas mavericks,1.39,0.6120348208914009,-0.14927159896095277,0.0,0,-0.0,58.0787455860251
2024-03-05,22300893.0,phoenix suns,3.54,0.2647105420772458,-0.06292468104654991,0.0,1,0.0,58.0787455860251
2024-03-06,22300894.0,orlando magic,1.33,0.7993944946577318,0.06319467789478339,2.903937279301255,1,0.9582993021694144,59.037044888194515
2024-03-06,22300895.0,cleveland cavaliers,2.1,0.5865167055031376,0.23168508155658907,2.951852244409726,0,-2.951852244409726,56.08519264378479
2024-03-06,22300896.0,philadelphia 76ers,1.5,0.6918444720171224,0.037766708025683604,2.8042596321892397,0,-2.8042596321892397,53.28093301159555
2024-03-06,22300897.0,houston rockets,2.84,0.35005933064716704,-0.005831500962045544,0.0,0,-0.0,53.28093301159555
2024-03-06,22300898.0,utah jazz,2.28,0.5429580281800643,0.23794430425054658,2.6640466505797775,0,-2.6640466505797775,50.61688636101577
2024-03-06,22300899.0,milwaukee bucks,2.07,0.5404101096337192,0.11864892694179863,2.530844318050789,0,-2.530844318050789,48.08604204296498
2024-03-06,22300900.0,portland trail blazers,5.57,0.2463469388655912,0.3721524494813431,2.4043021021482494,0,-2.4043021021482494,45.68173994081673
2024-03-06,22300901.0,los angeles lakers,1.62,0.5864070045779501,-0.05002065258372068,0.0,0,-0.0,45.68173994081673
2024-03-07,22300902.0,brooklyn nets,1.65,0.6567910704433743,0.08370526623156749,2.284086997040837,0,-2.284086997040837,43.397652943775896
2024-03-07,22300903.0,minnesota timberwolves,1.88,0.570571725631068,0.07267484418640768,2.169882647188795,1,1.9094967295261394,45.307149673302035
2024-03-07,22300904.0,miami heat,2.38,0.4600371206522425,0.09488834715233707,2.265357483665102,0,-2.265357483665102,43.041792189636936
2024-03-07,22300905.0,phoenix suns,1.14,0.7766833056912237,-0.11458103151200508,0.0,1,0.0,43.041792189636936
2024-03-07,22300906.0,boston celtics,1.69,0.6687346374126156,0.13016153722732038,2.152089609481847,0,-2.152089609481847,40.88970258015509
2024-03-07,22300907.0,chicago bulls,3.42,0.2595498177605536,-0.11233962325890678,0.0,1,0.0,40.88970258015509
2024-03-07,22300908.0,sacramento kings,1.13,0.8446389699017687,-0.045557964011001484,0.0,1,0.0,40.88970258015509
2024-03-08,22300909.0,philadelphia 76ers,3.25,0.48467807397272417,0.5752037404113535,2.0444851290077546,0,-2.0444851290077546,38.845217451147334
2024-03-08,22300910.0,charlotte hornets,2.08,0.46102099288091825,-0.04107633480769002,0.0,0,-0.0,38.845217451147334
2024-03-08,22300911.0,cleveland cavaliers,1.73,0.6770770175779111,0.1713432404097861,1.942260872557367,1,1.4178504369668778,40.263067888114215
2024-03-08,22300912.0,new york knicks,1.66,0.6334716849615658,0.05156299703619921,2.0131533944057107,1,1.328681240307769,41.59174912842198
2024-03-08,22300913.0,memphis grizzlies,2.13,0.4277113742725214,-0.08897477279952948,0.0,0,-0.0,41.59174912842198
2024-03-08,22300914.0,miami heat,3.48,0.32818997935204386,0.14210112814511267,2.079587456421099,0,-2.079587456421099,39.51216167200088
2024-03-08,22300915.0,los angeles lakers,2.29,0.560286825665735,0.28305683077453303,1.975608083600044,1,2.5485344278440567,42.06069609984493
2024-03-08,22300916.0,portland trail blazers,2.92,0.4314469703962794,0.25982515355713576,2.1030348049922467,0,-2.1030348049922467,39.957661294852684
2024-03-09,22300917.0,los angeles clippers,1.25,0.7092353340637519,-0.11345583242031007,0.0,1,0.0,39.957661294852684
2024-03-09,22300918.0,charlotte hornets,2.73,0.4260534644085481,0.16312595783533623,1.9978830647426342,1,3.456337702004757,43.413998996857444
2024-03-09,22300919.0,detroit pistons,3.57,0.256104088765992,-0.08570840310540861,0.0,0,-0.0,43.413998996857444
2024-03-09,22300920.0,phoenix suns,2.61,0.44215448422194625,0.1540232038192797,2.1706999498428723,0,-2.1706999498428723,41.243299047014574
2024-03-09,22300921.0,golden state warriors,1.11,0.8668129012173483,-0.037837679648743267,0.0,0,-0.0,41.243299047014574
2024-03-09,22300922.0,denver nuggets,1.1,0.8387903973605805,-0.0773305629033614,0.0,1,0.0,41.243299047014574
2024-03-10,22300924.0,los angeles clippers,2.89,0.6737724571829098,0.9472024012586093,2.0621649523507286,0,-2.0621649523507286,39.18113409466385
2024-03-10,22300925.0,atlanta hawks,2.75,0.42325168518455475,0.16394213425752546,1.9590567047331924,0,-1.9590567047331924,37.222077389930654
2024-03-10,22300926.0,miami heat,1.12,0.8418094651109511,-0.057173399075734654,0.0,0,-0.0,37.222077389930654
2024-03-10,22300927.0,new york knicks,1.3,0.7326550487361048,-0.04754843664306377,0.0,0,-0.0,37.222077389930654
2024-03-10,22300928.0,orlando magic,1.89,0.6840744943823606,0.29290079438266137,1.8611038694965327,0,-1.8611038694965327,35.36097352043412
2024-03-10,22300929.0,sacramento kings,1.31,0.7282801411719695,-0.04595301506471994,0.0,0,-0.0,35.36097352043412
2024-03-10,22300930.0,cleveland cavaliers,1.31,0.8314301188589195,0.08917345570518459,1.7680486760217062,0,-1.7680486760217062,33.592924844412416
2024-03-10,22300931.0,memphis grizzlies,6.87,0.2027896877228108,0.3931651546557102,1.6796462422206209,0,-1.6796462422206209,31.913278602191795
2024-03-10,22300932.0,minnesota timberwolves,2.5,0.4806654852642676,0.201663713160669,1.5956639301095898,0,-1.5956639301095898,30.317614672082204
2024-03-11,22300933.0,charlotte hornets,2.47,0.4385429589325011,0.08320110856327789,1.5158807336041102,0,-1.5158807336041102,28.801733938478094
2024-03-11,22300934.0,cleveland cavaliers,2.78,0.6823997905355169,0.897071417688737,1.4400866969239048,0,-1.4400866969239048,27.361647241554188
2024-03-11,22300935.0,chicago bulls,2.23,0.5207809544973669,0.1613415285291283,1.3680823620777094,0,-1.3680823620777094,25.99356487947648
2024-03-11,22300936.0,golden state warriors,1.45,0.7428270944400533,0.07709928693807733,1.2996782439738241,1,0.5848552097882208,26.5784200892647
2024-03-11,22300937.0,toronto raptors,7.9,0.13354167783534848,0.05497925489925304,0.21177706274016111,0,-0.21177706274016111,26.36664302652454
2024-03-11,22300938.0,boston celtics,1.13,0.890730640997151,0.0065256243267805825,1.318332151326227,1,0.17138317967240937,26.53802620619695
2024-03-12,22300939.0,new york knicks,1.39,0.7345288468219722,0.02099509708254127,1.3269013103098475,1,0.5174915110208403,27.05551771721779
2024-03-12,22300940.0,memphis grizzlies,2.01,0.7248844498139163,0.4570177441259716,1.3527758858608896,1,1.3663036447194983,28.421821361937287
2024-03-12,22300941.0,oklahoma city thunder,1.41,0.7601936529309931,0.07187305063270016,1.4210910680968645,0,-1.4210910680968645,27.000730293840423
2024-03-12,22300942.0,houston rockets,1.61,0.6038781850093066,-0.02775612213501638,0.0,1,0.0,27.000730293840423
2024-03-12,22300943.0,boston celtics,1.35,0.8152786809480203,0.1006262192798274,1.3500365146920212,1,0.47251278014220754,27.47324307398263
2024-03-12,22300944.0,minnesota timberwolves,2.7,0.4119113507348574,0.1121606469841151,1.3736621536991316,1,2.335225661288524,29.808468735271155
2024-03-13,22300946.0,toronto raptors,2.17,0.5658745351162485,0.22794774120225925,1.4904234367635578,0,-1.4904234367635578,28.3180452985076
2024-03-13,22300947.0,orlando magic,1.36,0.7552968537183006,0.02720372105688884,1.41590226492538,1,0.509724815373137,28.827770113880735
2024-03-13,22300948.0,indiana pacers,1.42,0.5821481615105218,-0.17334961065505902,0.0,0,-0.0,28.827770113880735
2024-03-13,22300950.0,memphis grizzlies,2.05,0.7019530361583654,0.43900372412464883,1.4413885056940368,0,-1.4413885056940368,27.3863816081867
2024-03-13,22300951.0,cleveland cavaliers,2.51,0.4608626692047785,0.1567652997039939,1.3693190804093351,1,2.0676718114180956,29.454053419604794
2024-03-13,22300952.0,golden state warriors,3.33,0.39805648989972076,0.3255281113660702,1.4727026709802398,0,-1.4727026709802398,27.981350748624553
2024-03-13,22300953.0,portland trail blazers,2.35,0.4175802884143928,-0.018686322226176832,0.0,1,0.0,27.981350748624553
2024-03-13,22300954.0,sacramento kings,2.03,0.6309745024525182,0.28087823997861183,1.3990675374312278,1,1.4410395635541644,29.422390312178717
2024-03-14,22300955.0,boston celtics,1.38,0.7938350100441807,0.09549231386096924,1.4711195156089358,1,0.5590254159313954,29.98141572811011
2024-03-14,22300956.0,chicago bulls,2.74,0.44361676863520205,0.2155099460604537,1.4990707864055057,0,-1.4990707864055057,28.482344941704604
2024-03-14,22300957.0,houston rockets,1.24,0.8015210290246788,-0.0061139240093982805,0.0,1,0.0,28.482344941704604
2024-03-14,22300958.0,milwaukee bucks,1.3,0.7295905818165952,-0.051532243638426206,0.0,1,0.0,28.482344941704604
2024-03-14,22300959.0,dallas mavericks,4.22,0.30935358823113857,0.30547214233540465,1.4241172470852304,0,-1.4241172470852304,27.058227694619372
2024-03-14,22300960.0,portland trail blazers,5.13,0.304321260172024,0.561168064682483,1.3529113847309686,0,-1.3529113847309686,25.705316309888403
2024-03-15,22300961.0,charlotte hornets,4.33,0.2518603167631587,0.09055517158447712,0.6990238225451059,0,-0.6990238225451059,25.0062924873433
2024-03-15,22300962.0,detroit pistons,3.24,0.32458072283593914,0.05164154198844295,0.5765015640448323,0,-0.5765015640448323,24.429790923298466
2024-03-15,22300963.0,toronto raptors,3.1,0.33846716079627226,0.04924819846844408,0.5729158056824746,0,-0.5729158056824746,23.856875117615992
2024-03-15,22300964.0,los angeles clippers,2.77,0.45091083789924086,0.24902302098089713,1.1928437558807996,0,-1.1928437558807996,22.66403136173519
2024-03-15,22300965.0,denver nuggets,1.14,0.830235177539336,-0.053531897605157086,0.0,1,0.0,22.66403136173519
2024-03-15,22300966.0,utah jazz,1.89,0.5697650264549962,0.07685589999994269,1.1332015680867595,1,1.0085493955972158,23.672580757332405
2024-03-16,22300967.0,houston rockets,2.48,0.4583296255148237,0.13665747127676275,1.1836290378666203,1,1.7517709760425981,25.424351733375
2024-03-16,22300968.0,brooklyn nets,3.28,0.34304016129946274,0.12517172906223772,1.27121758666875,0,-1.27121758666875,24.15313414670625
2024-03-16,22300969.0,charlotte hornets,4.1,0.21767273348901214,-0.10754179269505026,0.0,0,-0.0,24.15313414670625
2024-03-16,22300970.0,portland trail blazers,5.77,0.16601755965100506,-0.04207868081370081,0.0,0,-0.0,24.15313414670625
2024-03-16,22300971.0,chicago bulls,1.2,0.809110426532306,-0.029067488161232807,0.0,1,0.0,24.15313414670625
2024-03-16,22300972.0,memphis grizzlies,4.33,0.32200022141095,0.3942609587094137,1.2076567073353126,0,-1.2076567073353126,22.945477439370936
2024-03-16,22300973.0,los angeles lakers,1.71,0.5409483647054977,-0.07497829635359898,0.0,0,-0.0,22.945477439370936
2024-03-16,22300974.0,utah jazz,3.21,0.34874358534792493,0.11946690896683898,1.147273871968547,0,-1.147273871968547,21.79820356740239
2024-03-16,22300975.0,sacramento kings,1.59,0.6714396620815989,0.0675890627097423,1.0899101783701195,0,-1.0899101783701195,20.70829338903227
2024-03-17,22300976.0,milwaukee bucks,2.1,0.6636168844862377,0.39359545742109914,1.0354146694516135,1,1.138956136396775,21.847249525429046
2024-03-17,22300977.0,miami heat,1.41,0.7474874577057952,0.05395731536517112,1.0923624762714523,1,0.44786861527129534,22.295118140700342
2024-03-17,22300979.0,toronto raptors,4.72,0.19240856304097675,-0.09183158244658973,0.0,0,-0.0,22.295118140700342
2024-03-17,22300980.0,boston celtics,1.05,0.9098146284892858,-0.04469464008624982,0.0,1,0.0,22.295118140700342
2024-03-17,22300981.0,brooklyn nets,1.94,0.6156047948890943,0.19427330208484284,1.1147559070350173,0,-1.1147559070350173,21.180362233665324
2024-03-17,22300982.0,atlanta hawks,3.97,0.2710221201841528,0.07595781713108651,0.541688242866977,1,1.6088140813149219,22.789176314980246
2024-03-18,22300983.0,cleveland cavaliers,2.83,0.5579877712084947,0.5791053925200401,1.1394588157490124,1,2.0852096328206926,24.87438594780094
2024-03-18,22300984.0,boston celtics,1.04,0.9454032993060176,-0.016780568721741627,0.0,1,0.0,24.87438594780094
2024-03-18,22300985.0,miami heat,2.07,0.42651499312418006,-0.11711396423294734,0.0,0,-0.0,24.87438594780094
2024-03-18,22300986.0,chicago bulls,1.24,0.7731362634353178,-0.04131103334020589,0.0,1,0.0,24.87438594780094
2024-03-18,22300987.0,minnesota timberwolves,1.48,0.6558356816420847,-0.029363191169714642,0.0,1,0.0,24.87438594780094
2024-03-18,22300988.0,new york knicks,2.75,0.5032882559022325,0.38404270373113936,1.243719297390047,1,2.1765087704325823,27.050894718233522
2024-03-18,22300989.0,memphis grizzlies,4.55,0.2256076344409808,0.02651473670646254,0.20204150736005635,0,-0.20204150736005635,26.848853210873465
2024-03-18,22300990.0,atlanta hawks,3.83,0.3353474087517134,0.2843805755190625,1.3424426605436732,0,-1.3424426605436732,25.50641055032979
2024-03-19,22300991.0,orlando magic,1.09,0.823736452462007,-0.10212726681641231,0.0,1,0.0,25.50641055032979
2024-03-19,22300992.0,washington wizards,4.08,0.3375486456876304,0.3771984744055321,1.2753205275164896,0,-1.2753205275164896,24.2310900228133
2024-03-19,22300993.0,brooklyn nets,2.93,0.39595149472021546,0.1601378795302313,1.2115545011406652,0,-1.2115545011406652,23.019535521672637
2024-03-19,22300994.0,san antonio spurs,3.46,0.27441042259049725,-0.05053993783687949,0.0,0,-0.0,23.019535521672637
2024-03-19,22300995.0,minnesota timberwolves,3.0,0.6110086928856725,0.8330260786570175,1.1509767760836318,0,-1.1509767760836318,21.868558745589006
2024-03-20,22300996.0,cleveland cavaliers,1.63,0.7562499247109109,0.2326873772787847,1.0934279372794504,0,-1.0934279372794504,20.775130808309555
2024-03-20,22300997.0,detroit pistons,4.68,0.3215379516854972,0.5047976138881269,1.0387565404154777,0,-1.0387565404154777,19.736374267894078
2024-03-20,22300998.0,milwaukee bucks,4.3,0.2919054675801472,0.2551935105946328,0.986818713394704,0,-0.986818713394704,18.749555554499373
2024-03-20,22300999.0,toronto raptors,4.65,0.33967921996795414,0.5795083728509869,0.9374777777249688,0,-0.9374777777249688,17.812077776774405
2024-03-20,22301000.0,utah jazz,6.8,0.1525819319148483,0.03755713702096841,0.11533976649835564,0,-0.11533976649835564,17.69673801027605
2024-03-20,22301001.0,golden state warriors,1.13,0.7757140356456779,-0.12344313972038409,0.0,1,0.0,17.69673801027605
2024-03-20,22301002.0,philadelphia 76ers,3.97,0.28124338891641415,0.11653625399816414,0.6943809951866988,0,-0.6943809951866988,17.002357015089352
2024-03-20,22301003.0,portland trail blazers,4.52,0.30250364926985496,0.36731649469974426,0.8501178507544677,0,-0.8501178507544677,16.152239164334883
2024-03-21,22301004.0,orlando magic,2.02,0.5641867891946009,0.1396573141730938,0.8076119582167443,1,0.8237641973810792,16.97600336171596
2024-03-21,22301005.0,washington wizards,4.38,0.21986842751028007,-0.03697628750497339,0.0,1,0.0,16.97600336171596
2024-03-21,22301006.0,houston rockets,1.54,0.6116133144965973,-0.05811549567524016,0.0,1,0.0,16.97600336171596
2024-03-21,22301007.0,brooklyn nets,4.07,0.24550086326316692,-0.0008114865189106091,0.0,0,-0.0,16.97600336171596
2024-03-21,22301008.0,utah jazz,6.1,0.2074581043039774,0.26549443625426217,0.8488001680857981,0,-0.8488001680857981,16.127203193630162
2024-03-21,22301009.0,new york knicks,3.56,0.30860187298955044,0.0986226678427996,0.6212921108588767,0,-0.6212921108588767,15.505911082771286
2024-03-21,22301010.0,atlanta hawks,3.63,0.256472855539859,-0.06900353439031193,0.0,0,-0.0,15.505911082771286
2024-03-22,22301011.0,boston celtics,1.09,0.9130482355864994,-0.004777423210715587,0.0,1,0.0,15.505911082771286
2024-03-22,22301012.0,toronto raptors,7.15,0.2179320470045898,0.558214136082817,0.7752955541385643,0,-0.7752955541385643,14.730615528632722
2024-03-22,22301014.0,cleveland cavaliers,3.03,0.4078302066437104,0.2357255261304424,0.7365307764316361,0,-0.7365307764316361,13.994084752201086
2024-03-22,22301015.0,memphis grizzlies,2.8,0.550599523434361,0.5416786656162108,0.6997042376100544,1,1.2594676276980978,15.253552379899183
2024-03-22,22301016.0,golden state warriors,1.46,0.6167207623175146,-0.09958768701642873,0.0,0,-0.0,15.253552379899183
2024-03-22,22301017.0,portland trail blazers,6.48,0.2827355870482245,0.8321266040724948,0.7626776189949592,0,-0.7626776189949592,14.490874760904225
2024-03-22,22301018.0,los angeles lakers,1.27,0.7284983539021248,-0.07480709054430149,0.0,1,0.0,14.490874760904225
2024-03-23,22301019.0,new york knicks,1.3,0.8528741207241836,0.10873635694143868,0.7245437380452113,1,0.21736312141356343,14.708237882317789
2024-03-23,22301020.0,orlando magic,1.61,0.6833528710954545,0.10019812246368182,0.7354118941158895,0,-0.7354118941158895,13.9728259882019
2024-03-23,22301021.0,atlanta hawks,1.29,0.8133832404158474,0.04926438013644319,0.698641299410095,1,0.2026059768289276,14.175431965030826
2024-03-23,22301022.0,toronto raptors,2.64,0.3948077884880565,0.04229256160846917,0.3655581278705667,0,-0.3655581278705667,13.809873837160259
2024-03-23,22301023.0,boston celtics,1.39,0.7473629659466569,0.038834522665852966,0.690493691858013,1,0.26929253982462503,14.079166376984883
2024-03-23,22301024.0,utah jazz,4.1,0.25077206974914734,0.028165485971504034,0.12791824615530292,0,-0.12791824615530292,13.95124813082958
2024-03-23,22301025.0,san antonio spurs,4.12,0.23203310161905785,-0.044023621329481566,0.0,0,-0.0,13.95124813082958
2024-03-23,22301026.0,denver nuggets,1.16,0.7967546286622673,-0.07576463075176998,0.0,1,0.0,13.95124813082958
2024-03-24,22301027.0,detroit pistons,6.75,0.20227431153485853,0.3653516028602951,0.697562406541479,0,-0.697562406541479,13.2536857242881
2024-03-24,22301028.0,philadelphia 76ers,3.7,0.27821901461434895,0.029410354073091116,0.14436873700918001,1,0.3897955899247861,13.643481314212886
2024-03-24,22301029.0,cleveland cavaliers,2.21,0.5247890665855899,0.15978383715415356,0.6821740657106443,0,-0.6821740657106443,12.961307248502242
2024-03-24,22301030.0,milwaukee bucks,1.63,0.644078458772934,0.04984788779988236,0.6480653624251121,1,0.40828117832782057,13.369588426830063
2024-03-24,22301031.0,minnesota timberwolves,1.63,0.7326948034663724,0.1942925296501869,0.6684794213415032,1,0.42114203544514694,13.79073046227521
2024-03-24,22301032.0,los angeles lakers,1.65,0.6895984846530724,0.13783749967756936,0.6895365231137606,1,0.44819874002394433,14.238929202299154
2024-03-25,22301033.0,cleveland cavaliers,1.13,0.854580499874314,-0.034324035142025325,0.0,1,0.0,14.238929202299154
2024-03-25,22301034.0,atlanta hawks,4.45,0.38472960570157744,0.7120467453720196,0.7119464601149578,1,2.4562152873966046,16.695144489695757
2024-03-25,22301035.0,new york knicks,1.03,0.8904347387201579,-0.08285221911823736,0.0,1,0.0,16.695144489695757
2024-03-25,22301036.0,toronto raptors,2.81,0.49533847726973096,0.39190112112794395,0.8347572244847878,0,-0.8347572244847878,15.860387265210969
2024-03-25,22301037.0,washington wizards,5.37,0.1764452565614256,-0.052488972265144485,0.0,1,0.0,15.860387265210969
2024-03-25,22301038.0,portland trail blazers,6.33,0.20238240267881843,0.2810806089569208,0.7930193632605484,0,-0.7930193632605484,15.067367901950421
2024-03-25,22301039.0,san antonio spurs,4.85,0.2257431794105576,0.09485442014120427,0.37122245334901316,1,1.4292064453937006,16.496574347344122
2024-03-25,22301040.0,denver nuggets,1.07,0.8580713312576085,-0.08186367555435886,0.0,1,0.0,16.496574347344122
2024-03-25,22301041.0,utah jazz,3.25,0.35331021087632564,0.14825818534805835,0.8248287173672062,0,-0.8248287173672062,15.671745629976916
2024-03-25,22301042.0,sacramento kings,1.29,0.756635338108461,-0.023940413840085356,0.0,1,0.0,15.671745629976916
2024-03-25,22301043.0,indiana pacers,2.72,0.34773930479046516,-0.0541490909699347,0.0,1,0.0,15.671745629976916
2024-03-26,22301044.0,miami heat,2.51,0.6332887289697136,0.5895547097139809,0.7835872814988458,0,-0.7835872814988458,14.88815834847807
2024-03-26,22301045.0,los angeles lakers,3.83,0.3837001901647101,0.4695717283308396,0.7444079174239036,1,2.106674406309647,16.994832754787716
2024-03-26,22301046.0,new orleans pelicans,1.86,0.6545804571251537,0.21751965025278586,0.8497416377393858,0,-0.8497416377393858,16.14509111704833
2024-03-26,22301047.0,sacramento kings,1.79,0.6171096606960679,0.10462629264596152,0.8072545558524166,0,-0.8072545558524166,15.337836561195914
2024-03-27,22301048.0,charlotte hornets,3.93,0.26317802343427155,0.03428963209668723,0.179497874690282,1,0.5259287728425263,15.86376533403844
2024-03-27,22301049.0,orlando magic,1.52,0.6973817838684534,0.06002031148004916,0.7931882667019221,0,-0.7931882667019221,15.070577067336519
2024-03-27,22301050.0,washington wizards,2.23,0.4787188754285303,0.0675430922056226,0.753528853366826,0,-0.753528853366826,14.317048213969693
2024-03-27,22301051.0,portland trail blazers,4.75,0.21390923240149792,0.01606885390711521,0.06134894830170766,0,-0.06134894830170766,14.255699265667985
2024-03-27,22301052.0,philadelphia 76ers,2.78,0.4754117822515274,0.321644754659246,0.7127849632833994,0,-0.7127849632833994,13.542914302384586
2024-03-27,22301053.0,toronto raptors,5.92,0.24625726554587776,0.4578430120315963,0.6771457151192294,0,-0.6771457151192294,12.865768587265357
2024-03-27,22301054.0,chicago bulls,2.12,0.5528444864924007,0.17203031136388958,0.6432884293632679,1,0.7204830408868601,13.586251628152217
2024-03-27,22301055.0,los angeles lakers,1.49,0.6532501744249845,-0.026657240106773172,0.0,1,0.0,13.586251628152217
2024-03-27,22301056.0,minnesota timberwolves,1.03,0.9183060953064668,-0.05414472183433919,0.0,1,0.0,13.586251628152217
2024-03-27,22301057.0,oklahoma city thunder,1.46,0.7615580301242005,0.11187472398133275,0.6793125814076109,0,-0.6793125814076109,12.906939046744606
2024-03-27,22301058.0,utah jazz,1.53,0.6602100033235067,0.010121305084965226,0.2464812600097215,0,-0.2464812600097215,12.660457786734884
2024-03-27,22301059.0,denver nuggets,1.38,0.7671236748543605,0.05863067129901739,0.6330228893367442,0,-0.6330228893367442,12.027434897398141
2024-03-28,22301060.0,atlanta hawks,6.37,0.3827293538083149,1.4379859837589661,0.6013717448699071,1,3.229366269951401,15.256801167349542
2024-03-28,22301061.0,new orleans pelicans,1.98,0.6743388844875319,0.33519099128531316,0.7628400583674771,1,0.7475832572001276,16.00438442454967
2024-03-29,22301062.0,charlotte hornets,5.1,0.26143588813766766,0.333323029502105,0.8002192212274836,0,-0.8002192212274836,15.204165203322187
2024-03-29,22301064.0,orlando magic,1.9,0.6412372882079845,0.21835084759517054,0.7602082601661094,0,-0.7602082601661094,14.443956943156078
2024-03-29,22301065.0,washington wizards,1.55,0.6078938164493576,-0.0577645845034957,0.0,0,-0.0,14.443956943156078
2024-03-29,22301066.0,chicago bulls,1.59,0.6358165308031662,0.010948283977034401,0.2680280379080177,0,-0.2680280379080177,14.17592890524806
2024-03-29,22301067.0,cleveland cavaliers,1.31,0.7342036428405573,-0.03819322787886992,0.0,1,0.0,14.17592890524806
2024-03-29,22301068.0,portland trail blazers,5.88,0.1806212922042559,0.062053198161024725,0.18025855030204022,0,-0.18025855030204022,13.99567035494602
2024-03-29,22301069.0,oklahoma city thunder,1.93,0.6868891525083517,0.32569606434111875,0.6997835177473011,1,0.6507986715049899,14.64646902645101
2024-03-29,22301070.0,new york knicks,1.23,0.8126050743984785,-0.000495758489871434,0.0,0,-0.0,14.64646902645101
2024-03-29,22301071.0,denver nuggets,1.59,0.6506618602807935,0.03455235784646177,0.7323234513225505,0,-0.7323234513225505,13.91414557512846
2024-03-29,22301072.0,utah jazz,3.25,0.3481874832273303,0.13160932048882346,0.695707278756423,0,-0.695707278756423,13.218438296372037
2024-03-29,22301073.0,sacramento kings,1.82,0.5812607070813547,0.05789448688806559,0.6609219148186019,0,-0.6609219148186019,12.557516381553436
2024-03-30,22301074.0,new orleans pelicans,2.66,0.5271882911971972,0.4023208545845447,0.6278758190776719,0,-0.6278758190776719,11.929640562475765
2024-03-30,22301075.0,orlando magic,1.09,0.8386627910176955,-0.08585755779071187,0.0,1,0.0,11.929640562475765
2024-03-30,22301076.0,atlanta hawks,2.41,0.5477023233740022,0.3199625993313453,0.5964820281237883,0,-0.5964820281237883,11.333158534351977
2024-03-31,22301077.0,denver nuggets,1.46,0.7670691296749278,0.11992092932539455,0.5666579267175988,1,0.26066264629009545,11.593821180642072
2024-03-31,22301078.0,brooklyn nets,2.82,0.36956373240707363,0.04216972538794761,0.2686309095520037,0,-0.2686309095520037,11.325190271090069
2024-03-31,22301079.0,charlotte hornets,6.3,0.24322519036446577,0.5323186992961344,0.5662595135545034,0,-0.5662595135545034,10.758930757535566
2024-03-31,22301080.0,toronto raptors,3.76,0.3404541991210749,0.28010778869524144,0.5379465378767784,0,-0.5379465378767784,10.220984219658789
2024-03-31,22301081.0,washington wizards,4.68,0.35372391144447357,0.6554279055601363,0.5110492109829394,0,-0.5110492109829394,9.70993500867585
2024-03-31,22301082.0,new york knicks,1.93,0.6801712423316462,0.3127304977000771,0.4854967504337925,0,-0.4854967504337925,9.224438258242056
2024-03-31,22301083.0,houston rockets,2.21,0.5415303699045303,0.19678211748901198,0.46122191291210285,0,-0.46122191291210285,8.763216345329953
2024-03-31,22301084.0,minnesota timberwolves,1.21,0.8083325197257807,-0.02191765113180541,0.0,0,-0.0,8.763216345329953
2024-03-31,22301085.0,san antonio spurs,4.02,0.2579136926407283,0.036813044415727525,0.10682141475008644,0,-0.10682141475008644,8.656394930579866
2024-03-31,22301086.0,utah jazz,5.62,0.21548458332141185,0.21102335826633456,0.3953899412836877,0,-0.3953899412836877,8.261004989296179
2024-04-01,22301087.0,charlotte hornets,7.72,0.13540203766428646,0.04530373076829153,0.055692610998599276,0,-0.055692610998599276,8.20531237829758
2024-04-01,22301088.0,memphis grizzlies,2.05,0.4368728919976907,-0.10441057140473409,0.0,1,0.0,8.20531237829758
2024-04-01,22301089.0,brooklyn nets,5.0,0.2502253927579699,0.25112696378984944,0.410265618914879,0,-0.410265618914879,7.7950467593827
2024-04-01,22301090.0,portland trail blazers,7.23,0.131773811801718,-0.04727534067357886,0.0,0,-0.0,7.7950467593827
2024-04-01,22301091.0,chicago bulls,1.66,0.6006956220521237,-0.0028452673934747374,0.0,0,-0.0,7.7950467593827
2024-04-01,22301092.0,new orleans pelicans,1.71,0.7018676060167667,0.200193606288671,0.389752337969135,0,-0.389752337969135,7.405294421413565
2024-04-02,22301093.0,oklahoma city thunder,2.07,0.6277297808625654,0.2994006463855102,0.37026472107067826,0,-0.37026472107067826,7.0350297003428865
2024-04-02,22301094.0,toronto raptors,5.8,0.22347252999230321,0.2961406739553587,0.35175148501714437,0,-0.35175148501714437,6.683278215325743
2024-04-02,22301095.0,washington wizards,5.98,0.2570364193982655,0.5370777880016278,0.33416391076628715,1,1.6641362756161102,8.347414490941853
2024-04-02,22301096.0,new york knicks,2.01,0.5838545053310579,0.17354755571542624,0.4173707245470927,0,-0.4173707245470927,7.9300437663947605
2024-04-05,22301097.0,dallas mavericks,1.79,0.6481429206412336,0.16017582794780816,0.39650218831973805,1,0.31323672877259306,8.243280495167353
2024-04-02,22301098.0,minnesota timberwolves,1.29,0.7637591572701681,-0.014750687121483141,0.0,1,0.0,8.243280495167353
2024-04-02,22301099.0,denver nuggets,1.05,0.9077226026294034,-0.04689126723912638,0.0,1,0.0,8.243280495167353
2024-04-02,22301100.0,utah jazz,3.9,0.3761375827749494,0.4669365728223025,0.41216402475836766,0,-0.41216402475836766,7.831116470408985
2024-04-02,22301101.0,sacramento kings,1.61,0.6256949598624837,0.007368885378598811,0.09460098304410014,1,0.05770659965690109,7.888823070065887
2024-04-03,22301102.0,charlotte hornets,1.72,0.5813657138728554,-5.0972138688709645e-05,0.0,0,-0.0,7.888823070065887
2024-04-03,22301103.0,washington wizards,5.6,0.2580020459698204,0.44481145743099426,0.39444115350329434,0,-0.39444115350329434,7.494381916562593
2024-04-03,22301104.0,atlanta hawks,1.11,0.8642736783677806,-0.040656217011763474,0.0,1,0.0,7.494381916562593
2024-04-03,22301105.0,oklahoma city thunder,5.17,0.28911503159278057,0.4947247133346755,0.3747190958281297,0,-0.3747190958281297,7.119662820734463
2024-04-03,22301106.0,brooklyn nets,2.88,0.41115204469074557,0.1841178887093471,0.3559831410367232,1,0.6692483051490395,7.788911125883503
2024-04-03,22301107.0,milwaukee bucks,1.09,0.8850671981950037,-0.03527675396744592,0.0,0,-0.0,7.788911125883503
2024-04-03,22301108.0,minnesota timberwolves,1.03,0.9158609395919964,-0.05666323222024365,0.0,1,0.0,7.788911125883503
2024-04-03,22301109.0,new orleans pelicans,1.44,0.7159127685498792,0.030914386711825947,0.3894455562941752,0,-0.3894455562941752,7.399465569589328
2024-04-03,22301110.0,cleveland cavaliers,2.66,0.3693966974060206,-0.017404784899985204,0.0,0,-0.0,7.399465569589328
2024-04-04,22301111.0,miami heat,1.59,0.7556317051411203,0.2014544111743814,0.3699732784794664,0,-0.3699732784794664,7.029492291109862
2024-04-04,22301112.0,new york knicks,1.54,0.7115196659530593,0.0957402855677113,0.3514746145554931,1,0.1897962918599663,7.219288582969829
2024-04-04,22301113.0,houston rockets,2.11,0.5322373144039194,0.12302073339226993,0.3609644291484915,0,-0.3609644291484915,6.8583241538213375
2024-04-04,22301114.0,los angeles clippers,2.11,0.457726911949346,-0.034196215786880035,0.0,1,0.0,6.8583241538213375
2024-04-05,22301115.0,charlotte hornets,5.0,0.2683258220444998,0.34162911022249887,0.3429162076910669,1,1.3716648307642676,8.229988984585605
2024-04-05,22301116.0,oklahoma city thunder,2.77,0.5418155781019622,0.5008291513424354,0.4114994492292803,0,-0.4114994492292803,7.818489535356324
2024-04-05,22301117.0,washington wizards,1.63,0.6133165967270027,-0.00029394733498572245,0.0,0,-0.0,7.818489535356324
2024-04-05,22301118.0,boston celtics,1.2,0.8732777299978761,0.04793327599745131,0.3909244767678162,1,0.07818489535356322,7.896674430709887
2024-04-05,22301119.0,new york knicks,1.75,0.5859557525343518,0.025422566935115687,0.26767164570605156,0,-0.26767164570605156,7.629002785003836
2024-04-05,22301120.0,houston rockets,2.19,0.5596456167184276,0.22562390061335647,0.38145013925019183,0,-0.38145013925019183,7.247552645753644
2024-04-05,22301121.0,memphis grizzlies,1.76,0.6575427074009537,0.15727516502567845,0.3623776322876822,1,0.2754070005386385,7.522959646292283
2024-04-05,22301122.0,milwaukee bucks,1.08,0.8855247540725515,-0.04363326560164432,0.0,0,-0.0,7.522959646292283
2024-04-05,22301123.0,new orleans pelicans,1.1,0.8819186717992664,-0.029889461020806862,0.0,0,-0.0,7.522959646292283
2024-04-04,22301124.0,atlanta hawks,4.87,0.27915413356599,0.35948063046637135,0.37614798231461416,0,-0.37614798231461416,7.146811663977669
2024-04-05,22301125.0,minnesota timberwolves,2.35,0.5980387484987062,0.4053910589719596,0.35734058319888345,0,-0.35734058319888345,6.789471080778785
2024-04-05,22301126.0,los angeles clippers,1.09,0.82821032203926,-0.0972507489772065,0.0,1,0.0,6.789471080778785
2024-04-06,22301127.0,los angeles lakers,1.42,0.6596641096453412,-0.06327696430361557,0.0,1,0.0,6.789471080778785
2024-04-06,22301128.0,detroit pistons,3.92,0.23579305808016227,-0.07569121232576392,0.0,0,-0.0,6.789471080778785
2024-04-06,22301129.0,memphis grizzlies,6.17,0.3480021678676997,1.1471733757437073,0.3394735540389393,0,-0.3394735540389393,6.449997526739846
2024-04-06,22301130.0,atlanta hawks,4.35,0.24657471081449503,0.07259999204305323,0.13978202063254505,0,-0.13978202063254505,6.310215506107301
2024-04-07,22301131.0,houston rockets,3.73,0.260623401503673,-0.027874712391299572,0.0,0,-0.0,6.310215506107301
2024-04-07,22301132.0,los angeles clippers,1.49,0.6869944192004304,0.023621684608641225,0.3041998377506613,1,0.14905792049782401,6.459273426605125
2024-04-07,22301133.0,miami heat,2.05,0.5177911964952298,0.06147195281522089,0.3229636713302563,0,-0.3229636713302563,6.136309755274869
2024-04-07,22301134.0,boston celtics,1.03,0.9522715438926432,-0.01916030979057744,0.0,1,0.0,6.136309755274869
2024-04-07,22301135.0,oklahoma city thunder,1.27,0.7873149559044992,-0.00011000600128602267,0.0,1,0.0,6.136309755274869
2024-04-07,22301136.0,chicago bulls,2.98,0.377486099674806,0.12490857703092184,0.30681548776374346,0,-0.30681548776374346,5.829494267511126
2024-04-07,22301137.0,washington wizards,2.38,0.4861794391987578,0.1571070652930434,0.2914747133755563,0,-0.2914747133755563,5.53801955413557
2024-04-07,22301138.0,new orleans pelicans,2.59,0.4290135843946957,0.11114518358226189,0.2769009777067785,1,0.4402725545537778,5.978292108689347
2024-04-07,22301139.0,new york knicks,2.29,0.5569632847565569,0.2754459220925153,0.29891460543446735,1,0.3855998410104629,6.36389194969981
2024-04-07,22301140.0,san antonio spurs,2.28,0.4210880857038567,-0.039919164595206835,0.0,0,-0.0,6.36389194969981
2024-04-07,22301141.0,brooklyn nets,4.12,0.4357875814737725,0.7954448356719427,0.3181945974849905,0,-0.3181945974849905,6.04569735221482
2024-04-07,22301142.0,golden state warriors,1.1,0.8498632088431028,-0.06515047027258679,0.0,1,0.0,6.04569735221482
2024-04-07,22301143.0,los angeles lakers,1.99,0.5645915250744652,0.12353713489818574,0.302284867610741,0,-0.302284867610741,5.743412484604079
2024-04-09,22301144.0,charlotte hornets,5.23,0.23148285435287916,0.2106553282655581,0.2860237452266612,0,-0.2860237452266612,5.457388739377418
2024-04-09,22301145.0,detroit pistons,6.53,0.16461494538662244,0.07493559337464462,0.07395165704545217,0,-0.07395165704545217,5.383437082331966
2024-04-09,22301146.0,toronto raptors,5.8,0.23162567133508724,0.34342889374350594,0.26917185411659833,0,-0.26917185411659833,5.114265228215368
2024-04-09,22301147.0,atlanta hawks,2.16,0.6201468022979676,0.3395170929636101,0.2557132614107684,0,-0.2557132614107684,4.858551966804599
2024-04-09,22301148.0,boston celtics,2.19,0.7771926075063886,0.7020518104389911,0.24292759834022998,0,-0.24292759834022998,4.61562436846437
2024-04-09,22301149.0,chicago bulls,2.43,0.5065847804211846,0.2310010164234787,0.2307812184232185,0,-0.2307812184232185,4.384843150041151
2024-04-09,22301151.0,memphis grizzlies,2.55,0.6428177837123219,0.6391853484664207,0.21924215750205756,0,-0.21924215750205756,4.165600992539094
2024-04-09,22301152.0,washington wizards,7.88,0.12302600981281629,-0.030555042675007638,0.0,0,-0.0,4.165600992539094
2024-04-09,22301153.0,sacramento kings,2.51,0.4043028314732836,0.014800106997941764,0.040828702251861596,0,-0.040828702251861596,4.124772290287233
2024-04-09,22301154.0,utah jazz,7.13,0.2002722627014689,0.42794123306147325,0.20623861451436165,0,-0.20623861451436165,3.918533675772871
2024-04-09,22301155.0,los angeles lakers,1.97,0.5685976575748697,0.1201373854224933,0.19592668378864356,0,-0.19592668378864356,3.7226069919842275
2024-04-09,22301156.0,los angeles clippers,3.67,0.4240900332624134,0.556410422073057,0.18613034959921138,1,0.4969680334298944,4.219575025414122
2024-04-09,22301157.0,portland trail blazers,5.95,0.23748514415219862,0.4130366077055818,0.21097875127070612,0,-0.21097875127070612,4.008596274143416
2024-04-10,22301158.0,memphis grizzlies,7.47,0.20613562403200558,0.5398331115190818,0.20042981370717083,0,-0.20042981370717083,3.8081664604362455
2024-04-10,22301159.0,atlanta hawks,1.19,0.8398588076428061,-0.0005680189050608075,0.0,0,-0.0,3.8081664604362455
2024-04-10,22301160.0,toronto raptors,4.76,0.2556355488800564,0.2168252126690684,0.1904083230218123,0,-0.1904083230218123,3.6177581374144334
2024-04-10,22301161.0,miami heat,2.0,0.5564444247353443,0.11288884947068856,0.18088790687072168,0,-0.18088790687072168,3.4368702305437115
2024-04-10,22301162.0,milwaukee bucks,1.96,0.6472148521291224,0.2685411101730799,0.17184351152718558,1,0.16496977106609814,3.6018400016098098
2024-04-10,22301163.0,san antonio spurs,7.03,0.14492285664287058,0.018807682199380227,0.011234205983962265,0,-0.011234205983962265,3.5906057956258475
2024-04-10,22301164.0,minnesota timberwolves,3.03,0.5213776438656232,0.5797742609128382,0.17953028978129237,0,-0.17953028978129237,3.411075505844555
2024-04-10,22301165.0,los angeles clippers,4.37,0.6465233036219169,1.825306836827777,0.17055377529222776,0,-0.17055377529222776,3.2405217305523273
2024-04-11,22301166.0,detroit pistons,4.35,0.29369792890487206,0.2775859907361933,0.16202608652761638,0,-0.16202608652761638,3.078495644024711
2024-04-11,22301167.0,boston celtics,1.58,0.8064342394139413,0.2741660982740273,0.15392478220123557,0,-0.15392478220123557,2.9245708618234754
2024-04-11,22301168.0,utah jazz,4.37,0.3638414050453274,0.5899869400480808,0.14622854309117378,1,0.4927901902172557,3.417361052040731
2024-04-11,22301169.0,portland trail blazers,5.58,0.23338760986355267,0.30230286303862386,0.17086805260203655,0,-0.17086805260203655,3.2464929994386944
2024-04-11,22301170.0,sacramento kings,1.71,0.6946838242344638,0.18790933944093313,0.16232464997193474,0,-0.16232464997193474,3.0841683494667596
2024-04-12,22301171.0,orlando magic,2.66,0.4235623260977351,0.12667578741997532,0.154208417473338,0,-0.154208417473338,2.9299599319934218
2024-04-12,22301172.0,chicago bulls,1.94,0.674457521795828,0.30844759228390617,0.14649799659967108,1,0.1377081168036908,3.0676680487971124
2024-04-12,22301173.0,boston celtics,1.32,0.9322948080683051,0.23062914665016282,0.15338340243985563,1,0.04908268878075381,3.116750737577866
2024-04-12,22301174.0,cleveland cavaliers,1.62,0.603709459615972,-0.021990675422125294,0.0,1,0.0,3.116750737577866
2024-04-12,22301175.0,new york knicks,1.12,0.8592954115524888,-0.03758913906121247,0.0,1,0.0,3.116750737577866
2024-04-12,22301176.0,toronto raptors,5.82,0.1633763577115841,-0.04914959811858055,0.0,0,-0.0,3.116750737577866
2024-04-12,22301177.0,memphis grizzlies,6.33,0.2887878918885261,0.8280273556543702,0.15583753687889332,0,-0.15583753687889332,2.9609132006989727
2024-04-12,22301178.0,atlanta hawks,5.05,0.24286653989210483,0.22647602645512932,0.14804566003494865,0,-0.14804566003494865,2.812867540664024
2024-04-12,22301179.0,milwaukee bucks,5.5,0.3802210209304544,1.0912156151174992,0.1406433770332012,0,-0.1406433770332012,2.6722241636308226
2024-04-12,22301180.0,san antonio spurs,4.57,0.24820092647128975,0.13427823397379424,0.10051023570712778,1,0.35882154147444617,3.0310457051052686
2024-04-12,22301181.0,dallas mavericks,1.12,0.9282014401247001,0.039585612939664186,0.15155228525526343,0,-0.15155228525526343,2.879493419850005
2024-04-12,22301182.0,new orleans pelicans,2.34,0.4173272229864911,-0.023454298211610936,0.0,1,0.0,2.879493419850005
2024-04-12,22301183.0,houston rockets,1.38,0.6350873858127635,-0.12357940757838648,0.0,1,0.0,2.879493419850005
2024-04-12,22301184.0,utah jazz,6.67,0.140259551700829,-0.06446879015547069,0.0,1,0.0,2.879493419850005
2024-04-12,22301185.0,sacramento kings,2.36,0.6216978398179926,0.46720690197046255,0.14397467099250025,0,-0.14397467099250025,2.735518748857505
2024-04-14,22301186.0,boston celtics,1.18,0.9511811842477107,0.12239379741229856,0.13677593744287525,1,0.024619668739717538,2.760138417597222
2024-04-14,22301187.0,charlotte hornets,5.68,0.17610070819257512,0.00025202253382672346,0.0001486361277169519,1,0.0006956170777153349,2.7608340346749376
2024-04-14,22301188.0,atlanta hawks,5.72,0.3655984867377063,1.0912233441396797,0.13804170173374689,0,-0.13804170173374689,2.6227923329411906
2024-04-14,22301189.0,toronto raptors,6.83,0.1749341860819198,0.19480049093951224,0.08763657531549443,0,-0.08763657531549443,2.535155757625696
2024-04-14,22301190.0,chicago bulls,5.08,0.27392947124833283,0.39156171394153083,0.1267577878812848,0,-0.1267577878812848,2.4083979697444113
2024-04-14,22301191.0,milwaukee bucks,2.6,0.504703089459162,0.31222803259382115,0.12041989848722057,0,-0.12041989848722057,2.2879780712571907
2024-04-14,22301192.0,brooklyn nets,5.13,0.2595947990906305,0.33172131933493443,0.11439890356285953,0,-0.11439890356285953,2.173579167694331
2024-04-14,22301193.0,memphis grizzlies,5.45,0.26583309016402673,0.4487903413939456,0.10867895838471656,0,-0.10867895838471656,2.0649002093096143
2024-04-14,22301194.0,minnesota timberwolves,1.66,0.7230188123916551,0.20021122857014745,0.10324501046548072,0,-0.10324501046548072,1.9616551988441335
2024-04-14,22301195.0,new orleans pelicans,1.7,0.6506701193361629,0.10613920287147693,0.09808275994220668,0,-0.09808275994220668,1.8635724389019268
2024-04-14,22301196.0,dallas mavericks,7.63,0.37413070648568963,1.854617290485812,0.09317862194509635,0,-0.09317862194509635,1.7703938169568305
2024-04-14,22301197.0,san antonio spurs,1.44,0.6999404829598619,0.00791429546220107,0.03184413579965973,1,0.014011419751850279,1.784405236708681
2024-04-14,22301198.0,golden state warriors,1.15,0.8357753523335274,-0.03885834481644357,0.0,1,0.0,1.784405236708681
2024-04-14,22301199.0,los angeles clippers,2.28,0.7164900942637082,0.6335974149212547,0.08922026183543405,0,-0.08922026183543405,1.6951849748732468
2024-04-14,22301200.0,portland trail blazers,7.18,0.13896014213457114,-0.002266179473779162,0.0,0,-0.0,1.6951849748732468
2023-12-06,22301205.0,orlando magic,2.25,0.3535595493175153,-0.20449101403559056,0.0,0,-0.0,1.6951849748732468
2023-12-06,22301206.0,memphis grizzlies,1.69,0.46238876365620474,-0.21856298942101404,0.0,1,0.0,1.6951849748732468
2023-12-06,22301207.0,miami heat,2.28,0.32023857537731815,-0.2698560481397147,0.0,1,0.0,1.6951849748732468
2023-12-06,22301208.0,philadelphia 76ers,1.16,0.7065987708408787,-0.1803454258245807,0.0,1,0.0,1.6951849748732468
2023-12-06,22301209.0,atlanta hawks,1.53,0.3797344102900941,-0.419006352256156,0.0,0,-0.0,1.6951849748732468
2023-12-06,22301210.0,minnesota timberwolves,1.1,0.8404494601958644,-0.07550559378454906,0.0,1,0.0,1.6951849748732468
2023-12-06,22301211.0,chicago bulls,1.44,0.2988619059014434,-0.5696388555019214,0.0,1,0.0,1.6951849748732468
2023-12-06,22301212.0,oklahoma city thunder,1.67,0.5805126432830389,-0.030543885717325137,0.0,0,-0.0,1.6951849748732468
2023-12-06,22301213.0,utah jazz,4.52,0.22135288639801323,0.0005150465190196796,0.0002480395228417411,0,-0.0002480395228417411,1.6949369353504051
2023-12-06,22301214.0,golden state warriors,1.1,0.6447188849265005,-0.29080922658084934,0.0,1,0.0,1.6949369353504051
2023-12-08,22301217.0,orlando magic,1.16,0.8445784122396625,-0.02028904180199162,0.0,1,0.0,1.6949369353504051
2023-12-08,22301218.0,philadelphia 76ers,1.21,0.6452009330057866,-0.2193068710629982,0.0,1,0.0,1.6949369353504051
2023-12-08,22301219.0,brooklyn nets,1.19,0.6281975680871825,-0.2524448939762528,0.0,1,0.0,1.6949369353504051
2023-12-08,22301220.0,miami heat,1.85,0.3584244353761108,-0.336914794554195,0.0,0,-0.0,1.6949369353504051
2023-12-08,22301221.0,minnesota timberwolves,1.38,0.46663941622868166,-0.3560376056044193,0.0,1,0.0,1.6949369353504051
2023-12-08,22301222.0,oklahoma city thunder,1.56,0.6381261540016031,-0.004523199757499097,0.0,1,0.0,1.6949369353504051
2023-12-08,22301223.0,chicago bulls,1.65,0.26606593442319965,-0.5609912082017205,0.0,1,0.0,1.6949369353504051
2023-12-08,22301224.0,denver nuggets,1.22,0.6380927289750103,-0.2215268706504874,0.0,0,-0.0,1.6949369353504051
2023-12-08,22301225.0,utah jazz,3.25,0.22688389881900323,-0.2626273288382396,0.0,0,-0.0,1.6949369353504051
2023-12-08,22301226.0,portland trail blazers,4.02,0.2206760774072592,-0.11288216882281821,0.0,0,-0.0,1.6949369353504051
2023-12-08,22301227.0,new york knicks,3.2,0.28570334828079297,-0.08574928550146255,0.0,0,-0.0,1.6949369353504051
2023-12-08,22301228.0,phoenix suns,2.06,0.45411999637453027,-0.0645128074684676,0.0,0,-0.0,1.6949369353504051
2024-04-21,42300101.0,miami heat,6.07,0.34161542816040186,1.0736056489336394,0.08474684676752026,0,-0.08474684676752026,1.6101900885828848
2024-04-24,42300102.0,miami heat,6.05,0.3270757099762406,0.9788080453562554,0.08050950442914424,1,0.4065729973671784,2.016763085950063
2024-04-27,42300103.0,miami heat,3.91,0.5124434494591981,1.0036538873854646,0.10083815429750316,0,-0.10083815429750316,1.91592493165256
2024-04-29,42300104.0,miami heat,4.22,0.4716342373506698,0.9902964816198264,0.095796246582628,0,-0.095796246582628,1.8201286850699319
2024-05-01,42300105.0,miami heat,5.88,0.2723296279659297,0.6012982124396666,0.0910064342534966,0,-0.0910064342534966,1.7291222508164352
2024-04-20,42300111.0,new york knicks,1.49,0.7528603705219286,0.12176195207767354,0.08645611254082176,1,0.042363495145002664,1.771485745961438
2024-04-22,42300112.0,new york knicks,1.48,0.7613843790265429,0.12684888095928343,0.0885742872980719,1,0.04251565790307451,1.8140014038645125
2024-04-25,42300113.0,new york knicks,2.6,0.5712058592733001,0.48513523411058046,0.09070007019322562,0,-0.09070007019322562,1.7233013336712868
2024-04-28,42300114.0,new york knicks,2.51,0.5715123266222704,0.4344959398218985,0.08616506668356434,1,0.13010925069218213,1.853410584363469
2024-04-30,42300115.0,new york knicks,1.5,0.7662583208802763,0.14938748132041452,0.09267052921817345,0,-0.09267052921817345,1.7607400551452954
2024-05-02,42300116.0,new york knicks,2.12,0.5715972817247619,0.21178623725649526,0.08803700275726478,1,0.09860144308813656,1.859341498233432
2024-04-21,42300121.0,milwaukee bucks,1.86,0.6457687589309078,0.20112989161148853,0.09296707491167161,1,0.07995168442403759,1.9392931826574695
2024-04-23,42300122.0,milwaukee bucks,1.75,0.6739282396982635,0.1793744194719612,0.09696465913287348,0,-0.09696465913287348,1.842328523524596
2024-04-26,42300123.0,milwaukee bucks,2.8,0.42450624023993505,0.18861747267181816,0.09211642617622981,0,-0.09211642617622981,1.7502120973483664
2024-04-28,42300124.0,milwaukee bucks,3.71,0.3999941194424417,0.4839781831314587,0.08751060486741832,0,-0.08751060486741832,1.662701492480948
2024-04-30,42300125.0,milwaukee bucks,2.44,0.586281193656253,0.4305261125212573,0.0831350746240474,1,0.11971450745862826,1.7824159999395763
2024-05-02,42300126.0,milwaukee bucks,2.66,0.44067002004697486,0.17218225332495318,0.08912079999697882,0,-0.08912079999697882,1.6932951999425976
2024-04-20,42300131.0,orlando magic,2.58,0.43642828867027433,0.12598498476930786,0.08466475999712988,0,-0.08466475999712988,1.6086304399454676
2024-04-22,42300132.0,orlando magic,2.53,0.4223610855706998,0.06857354649387049,0.07209770866997116,0,-0.07209770866997116,1.5365327312754964
2024-04-25,42300133.0,cleveland cavaliers,2.08,0.47860488356488645,-0.004501842185036242,0.0,0,-0.0,1.5365327312754964
2024-04-27,42300134.0,orlando magic,1.65,0.6477918758597631,0.06885659516860898,0.07682663656377482,1,0.04993731376645363,1.58647004504195
2024-04-30,42300135.0,orlando magic,2.35,0.48595391998470905,0.14199171196406635,0.0793235022520975,0,-0.0793235022520975,1.5071465427898525
2024-05-03,42300136.0,cleveland cavaliers,2.36,0.425301869784091,0.003712412690454747,0.004114080846932388,0,-0.004114080846932388,1.50303246194292
2024-05-05,42300137.0,orlando magic,2.15,0.46387856280814266,-0.002661089962493368,0.0,0,-0.0,1.50303246194292
2024-04-21,42300141.0,new orleans pelicans,3.57,0.3566568959904213,0.27326511868580394,0.07515162309714601,0,-0.07515162309714601,1.427880838845774
2024-04-24,42300142.0,new orleans pelicans,3.03,0.35444490878069396,0.07396807360550273,0.05202837191508926,0,-0.05202837191508926,1.3758524669306846
2024-04-27,42300143.0,oklahoma city thunder,1.73,0.6079899970789876,0.05182269494664854,0.06879262334653423,1,0.05021861504296998,1.4260710819736546
2024-04-29,42300144.0,new orleans pelicans,2.42,0.4674257099570847,0.13117021809614493,0.07130355409868273,0,-0.07130355409868273,1.3547675278749718
2024-04-20,42300151.0,denver nuggets,1.33,0.7485756667627521,-0.004394363205539625,0.0,1,0.0,1.3547675278749718
2024-04-22,42300152.0,denver nuggets,1.3,0.7423382695791164,-0.03496024954714863,0.0,1,0.0,1.3547675278749718
2024-04-25,42300153.0,denver nuggets,1.89,0.5772895418236506,0.09107723404669954,0.06773837639374859,1,0.06028715499043624,1.415054682865408
2024-04-27,42300154.0,los angeles lakers,2.2,0.45195040032994716,-0.0057091192741162144,0.0,1,0.0,1.415054682865408
2024-04-29,42300155.0,denver nuggets,1.34,0.7336640052779457,-0.01689023292755265,0.0,1,0.0,1.415054682865408
2024-04-20,42300161.0,minnesota timberwolves,1.67,0.7117830507386617,0.18867769473356494,0.07075273414327041,1,0.04740433187599117,1.4624590147413992
2024-04-23,42300162.0,minnesota timberwolves,1.6,0.7489218135499897,0.19827490167998352,0.07312295073706997,1,0.043873770442241986,1.5063327851836412
2024-04-26,42300163.0,minnesota timberwolves,2.69,0.5748863989037089,0.5464444130509768,0.07531663925918207,1,0.1272851203480177,1.6336179055316589
2024-04-28,42300164.0,minnesota timberwolves,1.83,0.6018733720598058,0.10142827086944473,0.08168089527658295,1,0.06779514307956386,1.7014130486112227
2024-04-21,42300171.0,los angeles clippers,2.25,0.5743817987293749,0.2923590471410935,0.08507065243056114,1,0.10633831553820142,1.807751364149424
2024-04-23,42300172.0,los angeles clippers,1.74,0.5868254333236521,0.021076253983154658,0.051487333634064276,0,-0.051487333634064276,1.7562640305153598
2024-04-26,42300173.0,los angeles clippers,2.37,0.41244730340425395,-0.022499890931918065,0.0,0,-0.0,1.7562640305153598
2024-04-28,42300174.0,los angeles clippers,2.9,0.4142291621068759,0.20126457010994003,0.08781320152576799,1,0.1668450828989592,1.923109113414319
2024-05-01,42300175.0,los angeles clippers,2.07,0.6247500441446256,0.29323259137937496,0.09615545567071596,0,-0.09615545567071596,1.826953657743603
2024-05-03,42300176.0,los angeles clippers,3.42,0.3663607319156426,0.2529537031514977,0.09134768288718015,0,-0.09134768288718015,1.7356059748564228
2024-05-07,42300201.0,cleveland cavaliers,5.3,0.27433544582780345,0.4539778628873582,0.08678029874282114,0,-0.08678029874282114,1.6488256761136015
2024-05-09,42300202.0,cleveland cavaliers,5.17,0.26182310908160933,0.3536254739519201,0.08244128380568008,1,0.34378015346968593,1.9926058295832876
2024-05-11,42300203.0,cleveland cavaliers,3.12,0.43743379602213245,0.3647934435890532,0.09963029147916438,0,-0.09963029147916438,1.8929755381041231
2024-05-13,42300204.0,cleveland cavaliers,4.98,0.4292479728841252,1.1376549049629436,0.09464877690520616,0,-0.09464877690520616,1.7983267611989169
2024-05-15,42300205.0,cleveland cavaliers,7.2,0.2670705756185915,0.9229081444538588,0.08991633805994585,0,-0.08991633805994585,1.708410423138971
2024-05-06,42300211.0,new york knicks,1.41,0.7263670174057735,0.02417749454214052,0.08542052115694855,1,0.0350224136743489,1.7434328368133198
2024-05-08,42300212.0,new york knicks,1.49,0.7232580164642671,0.07765444453175802,0.087171641840666,1,0.042714104501926344,1.7861469413152462
2024-05-10,42300213.0,new york knicks,3.01,0.5297722400342824,0.5946144425031898,0.08930734706576232,0,-0.08930734706576232,1.6968395942494838
2024-05-12,42300214.0,new york knicks,2.65,0.5370842571859895,0.42327328154287214,0.0848419797124742,0,-0.0848419797124742,1.6119976145370096
2024-05-14,42300215.0,new york knicks,1.76,0.7169469199683879,0.2618265791443627,0.08059988072685048,1,0.061255909352406365,1.673253523889416
2024-05-17,42300216.0,new york knicks,2.52,0.5620791394264294,0.41643943135460204,0.0836626761944708,0,-0.0836626761944708,1.5895908476949452
2024-05-19,42300217.0,new york knicks,1.6,0.7230399200765848,0.15686387212253572,0.07947954238474726,0,-0.07947954238474726,1.510111305310198
2024-05-07,42300221.0,oklahoma city thunder,1.47,0.7639173703674735,0.12295853444018606,0.0755055652655099,1,0.035487615674789655,1.5455989209849876
2024-05-09,42300222.0,oklahoma city thunder,1.47,0.769097812750892,0.13057378474381115,0.07727994604924938,0,-0.07727994604924938,1.4683189749357382
2024-05-11,42300223.0,oklahoma city thunder,1.97,0.6171165369804968,0.2157195778515788,0.0734159487467869,0,-0.0734159487467869,1.3949030261889512
2024-05-13,42300224.0,oklahoma city thunder,1.9,0.5882126388905967,0.11760401389213371,0.06974515130944757,1,0.0627706361785028,1.457673662367454
2024-05-15,42300225.0,oklahoma city thunder,1.47,0.7645976668816187,0.12395857031597945,0.0728836831183727,0,-0.0728836831183727,1.3847899792490812
2024-05-18,42300226.0,oklahoma city thunder,2.26,0.5538622514972941,0.2517286883838845,0.06923949896245406,0,-0.06923949896245406,1.3155504802866271
2024-05-04,42300231.0,minnesota timberwolves,2.35,0.4855215976226231,0.14097575441316423,0.06577752401433136,1,0.08879965741934734,1.4043501377059744
2024-05-06,42300232.0,minnesota timberwolves,3.04,0.5102707480889669,0.5512230741904595,0.07021750688529872,1,0.14324371404600938,1.5475938517519838
2024-05-10,42300233.0,minnesota timberwolves,1.55,0.7373625703258936,0.1429119840051351,0.07737969258759919,0,-0.07737969258759919,1.4702141591643847
2024-05-12,42300234.0,minnesota timberwolves,1.52,0.6686094594878036,0.016286378421461467,0.04604704645527297,0,-0.04604704645527297,1.4241671127091118
2024-05-14,42300235.0,minnesota timberwolves,2.37,0.47200345650772496,0.11864819192330811,0.07120835563545559,0,-0.07120835563545559,1.352958757073656
2024-05-16,42300236.0,minnesota timberwolves,1.7,0.6446215843961448,0.09585669347344616,0.06764793785368281,1,0.04735355649757796,1.400312313571234
2024-05-19,42300237.0,minnesota timberwolves,2.39,0.5333557397710716,0.2747202180528613,0.07001561567856171,1,0.09732170579320079,1.4976340193644349
2024-05-21,42300301.0,indiana pacers,3.88,0.3116573488615066,0.20923051358264555,0.07488170096822175,0,-0.07488170096822175,1.4227523183962132
2024-05-23,42300302.0,boston celtics,1.4,0.7766337076669636,0.08728719073374896,0.07113761591981066,1,0.028455046367924258,1.4512073647641375
2024-05-25,42300303.0,indiana pacers,2.88,0.5223002276641759,0.5042246556728267,0.07256036823820687,0,-0.07256036823820687,1.3786469965259307
2024-05-27,42300304.0,indiana pacers,3.0,0.5014814588637365,0.5044443765912096,0.06893234982629654,0,-0.06893234982629654,1.309714646699634
2024-05-22,42300311.0,minnesota timberwolves,1.46,0.7215975183579704,0.05353237680263673,0.06548573233498171,0,-0.06548573233498171,1.2442289143646523
2024-05-24,42300312.0,minnesota timberwolves,1.34,0.712733145063527,-0.04493758561487374,0.0,0,-0.0,1.2442289143646523
2024-05-26,42300313.0,dallas mavericks,1.76,0.5391544258853814,-0.051088210441728676,0.0,1,0.0,1.2442289143646523
2024-05-28,42300314.0,dallas mavericks,1.71,0.5739318187640206,-0.0185765899135249,0.0,0,-0.0,1.2442289143646523
2024-05-30,42300315.0,minnesota timberwolves,1.43,0.6938139877855948,-0.00784599746659953,0.0,0,-0.0,1.2442289143646523
2024-06-06,42300401.0,boston celtics,1.48,0.7184861338969422,0.06335947816747439,0.062211445718232616,1,0.029861493944751655,1.274090408309404
2024-06-09,42300402.0,boston celtics,1.31,0.7432501214593797,-0.026342340888212495,0.0,1,0.0,1.274090408309404
2024-06-12,42300403.0,boston celtics,2.09,0.5654147071604367,0.18171673796531274,0.0637045204154702,1,0.0694379272528625,1.3435283355622665
2024-06-14,42300404.0,boston celtics,1.76,0.5771377559968088,0.015762450554383522,0.027864867049622922,0,-0.027864867049622922,1.3156634685126436
2024-06-17,42300405.0,boston celtics,1.32,0.7263432475132071,-0.04122691328256656,0.0,1,0.0,1.3156634685126436
2024-04-17,52300101.0,miami heat,2.55,0.49751421407803853,0.2686612458989982,0.06578317342563218,0,-0.06578317342563218,1.2498802950870114
2024-04-17,52300111.0,chicago bulls,1.58,0.6267014888940027,-0.00981164754747571,0.0,1,0.0,1.2498802950870114
2024-04-16,52300121.0,new orleans pelicans,1.77,0.6318870886512733,0.11844014691275373,0.06249401475435057,0,-0.06249401475435057,1.1873862803326607
2024-04-16,52300131.0,sacramento kings,2.08,0.6566671892742606,0.3658677536904621,0.059369314016633035,1,0.06411885913796368,1.2515051394706245
2024-04-19,52300201.0,miami heat,1.66,0.6841015639302093,0.13560859612414733,0.06257525697353122,1,0.041299669602530606,1.292804809073155
2024-04-19,52300211.0,new orleans pelicans,1.78,0.6707100645837033,0.1938639149589919,0.06464024045365775,1,0.05041938755385305,1.343224196627008
