gameId,teamId,teamCity,teamName,teamTricode,teamSlug,personId,firstName,familyName,nameI,playerSlug,position,comment,jerseyNum,minutes,effectiveFieldGoalPercentage,freeThrowAttemptRate,teamTurnoverPercentage,offensiveReboundPercentage,oppEffectiveFieldGoalPercentage,oppFreeThrowAttemptRate,oppTeamTurnoverPercentage,oppOffensiveReboundPercentage
0022000030,1610612756,Phoenix,Suns,PHX,suns,1628969,Mikal,Bridges,M. Bridges,mikal-bridges,F,,25,26:49,0.472,0.185,0.099,0.031,0.438,0.479,0.216,0.367
0022000030,1610612756,Phoenix,Suns,PHX,suns,203109,Jae,Crowder,J. Crowder,jae-crowder,F,,99,32:44,0.477,0.167,0.111,0.025,0.465,0.456,0.173,0.324
0022000030,1610612756,Phoenix,Suns,PHX,suns,1629028,Deandre,Ayton,D. Ayton,deandre-ayton,C,,22,29:56,0.543,0.172,0.148,0.125,0.459,0.51,0.235,0.276
0022000030,1610612756,Phoenix,Suns,PHX,suns,1626164,Devin,Booker,D. Booker,devin-booker,G,,1,38:15,0.494,0.141,0.13,0.0,0.456,0.441,0.17,0.325
0022000030,1610612756,Phoenix,Suns,PHX,suns,101108,Chris,Paul,C. Paul,chris-paul,G,,3,32:47,0.469,0.203,0.12,0.026,0.449,0.424,0.203,0.314
0022000030,1610612756,Phoenix,Suns,PHX,suns,1629661,Cameron,Johnson,C. Johnson,cameron-johnson,,,23,25:03,0.449,0.102,0.134,0.033,0.543,0.261,0.115,0.278
0022000030,1610612756,Phoenix,Suns,PHX,suns,1627745,Damian,Jones,D. Jones,damian-jones,,,30,15:27,0.429,0.029,0.031,0.0,0.6,0.267,0.063,0.4
0022000030,1610612756,Phoenix,Suns,PHX,suns,1626166,Cameron,Payne,C. Payne,cameron-payne,,,15,15:13,0.485,0.0,0.067,0.0,0.556,0.296,0.102,0.4
0022000030,1610612756,Phoenix,Suns,PHX,suns,1630188,Jalen,Smith,J. Smith,jalen-smith,,,10,4:05,0.591,0.0,0.1,0.4,0.625,0.0,0.111,0.0
0022000030,1610612756,Phoenix,Suns,PHX,suns,1628975,Jevon,Carter,J. Carter,jevon-carter,,,4,7:18,0.4,0.133,0.0,0.0,0.583,0.25,0.245,0.333
0022000030,1610612756,Phoenix,Suns,PHX,suns,204038,Langston,Galloway,L. Galloway,langston-galloway,,,2,9:46,0.452,0.0,0.0,0.0,0.474,0.263,0.189,0.444
0022000030,1610612756,Phoenix,Suns,PHX,suns,1626163,Frank,Kaminsky,F. Kaminsky,frank-kaminsky,,,8,2:37,0.0,0.4,0.0,0.0,0.143,0.0,0.0,0.5
0022000030,1610612756,Phoenix,Suns,PHX,suns,1630234,Ty-Shon,Alexander,T. Alexander,ty-shon-alexander,,DNP - Coach's Decision,0,,0.0,0.0,0.0,0.0,0.0,0.0,0.0,0.0
0022000030,1610612756,Phoenix,Suns,PHX,suns,202734,E'Twaun,Moore,E. Moore,etwaun-moore,,DNP - Coach's Decision,55,,0.0,0.0,0.0,0.0,0.0,0.0,0.0,0.0
0022000030,1610612756,Phoenix,Suns,PHX,suns,203967,Dario,Šarić,D. Šarić,dario-šarić,,DNP - Injury/Illness,20,,0.0,0.0,0.0,0.0,0.0,0.0,0.0,0.0
0022000030,1610612758,Sacramento,Kings,SAC,kings,203084,Harrison,Barnes,H. Barnes,harrison-barnes,F,,40,34:08,0.46,0.435,0.174,0.025,0.479,0.157,0.105,0.184
0022000030,1610612758,Sacramento,Kings,SAC,kings,1628963,Marvin,Bagley III,M. Bagley III,marvin-bagley-iii,F,,35,20:42,0.486,0.389,0.26,0.25,0.523,0.068,0.11,0.208
0022000030,1610612758,Sacramento,Kings,SAC,kings,1626158,Richaun,Holmes,R. Holmes,richaun-holmes,C,,22,24:02,0.453,0.465,0.174,0.1,0.533,0.2,0.146,0.087
0022000030,1610612758,Sacramento,Kings,SAC,kings,1627741,Buddy,Hield,B. Hield,buddy-hield,G,,24,34:41,0.427,0.468,0.193,0.024,0.472,0.141,0.105,0.179
0022000030,1610612758,Sacramento,Kings,SAC,kings,1628368,De'Aaron,Fox,D. Fox,deaaron-fox,G,,5,34:54,0.5,0.393,0.161,0.027,0.493,0.181,0.127,0.257
0022000030,1610612758,Sacramento,Kings,SAC,kings,202709,Cory,Joseph,C. Joseph,cory-joseph,,,9,19:08,0.472,0.389,0.166,0.0,0.5,0.068,0.046,0.19
0022000030,1610612758,Sacramento,Kings,SAC,kings,202355,Hassan,Whiteside,H. Whiteside,hassan-whiteside,,,20,15:16,0.593,0.222,0.131,0.167,0.424,0.121,0.089,0.235
0022000030,1610612758,Sacramento,Kings,SAC,kings,202357,Nemanja,Bjelica,N. Bjelica,nemanja-bjelica,,,8,15:39,0.536,0.357,0.145,0.071,0.419,0.065,0.094,0.2
0022000030,1610612758,Sacramento,Kings,SAC,kings,1630169,Tyrese,Haliburton,T. Haliburton,tyrese-haliburton,,,0,26:09,0.532,0.277,0.146,0.0,0.472,0.037,0.095,0.259
0022000030,1610612758,Sacramento,Kings,SAC,kings,203922,Glenn,Robinson III,G. Robinson III,glenn-robinson-iii,,,30,15:21,0.429,0.286,0.164,0.0,0.327,0.308,0.098,0.125
0022000030,1610612758,Sacramento,Kings,SAC,kings,1629657,Kyle,Guy,K. Guy,kyle-guy,,DNP - Coach's Decision,7,,0.0,0.0,0.0,0.0,0.0,0.0,0.0,0.0
0022000030,1610612758,Sacramento,Kings,SAC,kings,1629713,Justin,James,J. James,justin-james,,DNP - Coach's Decision,10,,0.0,0.0,0.0,0.0,0.0,0.0,0.0,0.0
0022000030,1610612758,Sacramento,Kings,SAC,kings,1629002,Chimezie,Metu,C. Metu,chimezie-metu,,DNP - Coach's Decision,25,,0.0,0.0,0.0,0.0,0.0,0.0,0.0,0.0
0022000030,1610612758,Sacramento,Kings,SAC,kings,203953,Jabari,Parker,J. Parker,jabari-parker,,DNP - Coach's Decision,33,,0.0,0.0,0.0,0.0,0.0,0.0,0.0,0.0
0022000030,1610612758,Sacramento,Kings,SAC,kings,1630218,Robert,Woodard II,R. Woodard II,robert-woodard-ii,,DNP - Coach's Decision,13,,0.0,0.0,0.0,0.0,0.0,0.0,0.0,0.0
0022000028,1610612750,Minnesota,Timberwolves,MIN,timberwolves,1629006,Josh,Okogie,J. Okogie,josh-okogie,F,,20,31:33,0.492,0.106,0.116,0.079,0.475,0.39,0.139,0.28
0022000028,1610612750,Minnesota,Timberwolves,MIN,timberwolves,1627774,Jake,Layman,J. Layman,jake-layman,F,,10,13:36,0.417,0.033,0.102,0.0,0.438,0.292,0.166,0.182
0022000028,1610612750,Minnesota,Timberwolves,MIN,timberwolves,1626157,Karl-Anthony,Towns,K. Towns,karl-anthony-towns,C,,32,29:54,0.477,0.182,0.117,0.079,0.426,0.407,0.175,0.259
0022000028,1610612750,Minnesota,Timberwolves,MIN,timberwolves,1627736,Malik,Beasley,M. Beasley,malik-beasley,G,,5,38:42,0.512,0.141,0.102,0.042,0.451,0.38,0.176,0.235
0022000028,1610612750,Minnesota,Timberwolves,MIN,timberwolves,1626156,D'Angelo,Russell,D. Russell,dangelo-russell,G,,0,34:11,0.451,0.167,0.093,0.0,0.428,0.42,0.165,0.471
0022000028,1610612750,Minnesota,Timberwolves,MIN,timberwolves,1629633,Jarrett,Culver,J. Culver,jarrett-culver,,,23,19:45,0.5,0.262,0.047,0.115,0.357,0.333,0.233,0.48
0022000028,1610612750,Minnesota,Timberwolves,MIN,timberwolves,1630162,Anthony,Edwards,A. Edwards,anthony-edwards,,,1,22:20,0.581,0.302,0.103,0.0,0.402,0.435,0.164,0.538
0022000028,1610612750,Minnesota,Timberwolves,MIN,timberwolves,201937,Ricky,Rubio,R. Rubio,ricky-rubio,,,9,26:42,0.589,0.25,0.079,0.0,0.474,0.368,0.174,0.467
0022000028,1610612750,Minnesota,Timberwolves,MIN,timberwolves,1629675,Naz,Reid,N. Reid,naz-reid,,,11,17:35,0.544,0.176,0.053,0.0,0.474,0.395,0.155,0.6
0022000028,1610612750,Minnesota,Timberwolves,MIN,timberwolves,1627823,Juancho,Hernangomez,J. Hernangomez,juancho-hernangomez,,,41,5:15,0.6,0.2,0.092,0.167,0.389,0.778,0.248,1.0
0022000028,1610612750,Minnesota,Timberwolves,MIN,timberwolves,202334,Ed,Davis,E. Davis,ed-davis,,,17,0:28,1.5,0.0,0.0,0.0,0.0,0.0,0.0,0.0
0022000028,1610612750,Minnesota,Timberwolves,MIN,timberwolves,1630183,Jaden,McDaniels,J. McDaniels,jaden-mcdaniels,,DNP - Coach's Decision,3,,0.0,0.0,0.0,0.0,0.0,0.0,0.0,0.0
0022000028,1610612750,Minnesota,Timberwolves,MIN,timberwolves,1629020,Jarred,Vanderbilt,J. Vanderbilt,jarred-vanderbilt,,DNP - Coach's Decision,8,,0.0,0.0,0.0,0.0,0.0,0.0,0.0,0.0
0022000028,1610612762,Utah,Jazz,UTA,jazz,202711,Bojan,Bogdanovic,B. Bogdanovic,bojan-bogdanovic,F,,44,34:03,0.466,0.424,0.182,0.083,0.535,0.113,0.095,0.25
0022000028,1610612762,Utah,Jazz,UTA,jazz,1626220,Royce,O'Neale,R. O'Neale,royce-oneale,F,,23,34:08,0.444,0.387,0.17,0.075,0.506,0.154,0.065,0.297
0022000028,1610612762,Utah,Jazz,UTA,jazz,203497,Rudy,Gobert,R. Gobert,rudy-gobert,C,,27,29:03,0.458,0.333,0.152,0.2,0.509,0.138,0.122,0.143
0022000028,1610612762,Utah,Jazz,UTA,jazz,1628378,Donovan,Mitchell,D. Mitchell,donovan-mitchell,G,,45,37:16,0.447,0.347,0.157,0.021,0.47,0.193,0.091,0.238
0022000028,1610612762,Utah,Jazz,UTA,jazz,201144,Mike,Conley,M. Conley,mike-conley,G,,10,33:33,0.461,0.344,0.17,0.0,0.493,0.06,0.125,0.194
0022000028,1610612762,Utah,Jazz,UTA,jazz,204060,Joe,Ingles,J. Ingles,joe-ingles,,,2,25:53,0.356,0.442,0.22,0.027,0.547,0.321,0.07,0.259
0022000028,1610612762,Utah,Jazz,UTA,jazz,202324,Derrick,Favors,D. Favors,derrick-favors,,,15,17:57,0.422,0.531,0.193,0.087,0.475,0.25,0.052,0.364
0022000028,1610612762,Utah,Jazz,UTA,jazz,203903,Jordan,Clarkson,J. Clarkson,jordan-clarkson,,,00,23:05,0.413,0.481,0.132,0.029,0.544,0.244,0.118,0.208
0022000028,1610612762,Utah,Jazz,UTA,jazz,1627777,Georges,Niang,G. Niang,georges-niang,,,31,4:02,0.5,0.25,0.215,0.143,0.429,0.571,0.114,0.167
0022000028,1610612762,Utah,Jazz,UTA,jazz,1629752,Juwan,Morgan,J. Morgan,juwan-morgan,,,16,1:01,0.0,0.0,0.333,0.0,1.0,0.0,0.0,0.0
0022000028,1610612762,Utah,Jazz,UTA,jazz,1628962,Udoka,Azubuike,U. Azubuike,udoka-azubuike,,DNP - Coach's Decision,20,,0.0,0.0,0.0,0.0,0.0,0.0,0.0,0.0
0022000028,1610612762,Utah,Jazz,UTA,jazz,1627885,Shaquille,Harrison,S. Harrison,shaquille-harrison,,DNP - Coach's Decision,8,,0.0,0.0,0.0,0.0,0.0,0.0,0.0,0.0
0022000028,1610612762,Utah,Jazz,UTA,jazz,1630190,Elijah,Hughes,E. Hughes,elijah-hughes,,DNP - Coach's Decision,33,,0.0,0.0,0.0,0.0,0.0,0.0,0.0,0.0
0022000028,1610612762,Utah,Jazz,UTA,jazz,1629671,Miye,Oni,M. Oni,miye-oni,,DNP - Coach's Decision,81,,0.0,0.0,0.0,0.0,0.0,0.0,0.0,0.0
0022000029,1610612745,Houston,Rockets,HOU,rockets,200782,P.J.,Tucker,P. Tucker,pj-tucker,F,,17,42:31,0.614,0.4,0.129,0.083,0.62,0.205,0.108,0.258
0022000029,1610612745,Houston,Rockets,HOU,rockets,1627863,Danuel,House Jr.,D. House Jr.,danuel-house-jr,F,,4,38:07,0.565,0.403,0.152,0.0,0.567,0.213,0.129,0.25
0022000029,1610612745,Houston,Rockets,HOU,rockets,1626174,Christian,Wood,C. Wood,christian-wood,C,,35,43:36,0.596,0.274,0.148,0.086,0.579,0.232,0.09,0.25
0022000029,1610612745,Houston,Rockets,HOU,rockets,1628021,David,Nwaba,D. Nwaba,david-nwaba,G,,2,26:47,0.488,0.429,0.182,0.042,0.529,0.255,0.104,0.227
0022000029,1610612745,Houston,Rockets,HOU,rockets,201935,James,Harden,J. Harden,james-harden,G,,13,43:16,0.597,0.389,0.136,0.026,0.62,0.205,0.127,0.258
0022000029,1610612745,Houston,Rockets,HOU,rockets,1628425,Sterling,Brown,S. Brown,sterling-brown,,,0,20:12,0.567,0.467,0.174,0.0,0.513,0.3,0.166,0.278
0022000029,1610612745,Houston,Rockets,HOU,rockets,1630256,Jae'Sean,Tate,J. Tate,jaesean-tate,,,8,37:14,0.602,0.328,0.148,0.03,0.507,0.183,0.149,0.267
0022000029,1610612745,Houston,Rockets,HOU,rockets,1630271,Brodric,Thomas,B. Thomas,brodric-thomas,,,33,9:44,0.5,0.267,0.213,0.125,0.263,0.316,0.097,0.25
0022000029,1610612745,Houston,Rockets,HOU,rockets,203998,Bruno,Caboclo,B. Caboclo,bruno-caboclo,,,5,3:33,0.643,0.286,0.0,0.0,0.167,0.333,0.145,0.333
0022000029,1610612745,Houston,Rockets,HOU,rockets,202326,DeMarcus,Cousins,D. Cousins,demarcus-cousins,,NWT - Not With Team,15,,0.0,0.0,0.0,0.0,0.0,0.0,0.0,0.0
0022000029,1610612745,Houston,Rockets,HOU,rockets,201569,Eric,Gordon,E. Gordon,eric-gordon,,NWT - Not With Team,10,,0.0,0.0,0.0,0.0,0.0,0.0,0.0,0.0
0022000029,1610612745,Houston,Rockets,HOU,rockets,1630222,Mason,Jones,M. Jones,mason-jones,,NWT - Not With Team,9,,0.0,0.0,0.0,0.0,0.0,0.0,0.0,0.0
0022000029,1610612745,Houston,Rockets,HOU,rockets,202322,John,Wall,J. Wall,john-wall,,NWT - Not With Team,1,,0.0,0.0,0.0,0.0,0.0,0.0,0.0,0.0
0022000029,1610612757,Portland,Trail Blazers,POR,blazers,1627884,Derrick,Jones Jr.,D. Jones Jr.,derrick-jones-jr,F,,5,36:23,0.55,0.243,0.09,0.05,0.558,0.333,0.124,0.156
0022000029,1610612757,Portland,Trail Blazers,POR,blazers,203496,Robert,Covington,R. Covington,robert-covington,F,,23,38:28,0.651,0.205,0.087,0.029,0.569,0.277,0.156,0.242
0022000029,1610612757,Portland,Trail Blazers,POR,blazers,203994,Jusuf,Nurkić,J. Nurkić,jusuf-nurkić,C,,27,34:45,0.682,0.227,0.094,0.097,0.608,0.333,0.125,0.2
0022000029,1610612757,Portland,Trail Blazers,POR,blazers,203468,CJ,McCollum,C. McCollum,cj-mccollum,G,,3,43:50,0.613,0.226,0.096,0.0,0.608,0.297,0.138,0.25
0022000029,1610612757,Portland,Trail Blazers,POR,blazers,203081,Damian,Lillard,D. Lillard,damian-lillard,G,,0,41:21,0.598,0.207,0.128,0.022,0.588,0.382,0.14,0.167
0022000029,1610612757,Portland,Trail Blazers,POR,blazers,2546,Carmelo,Anthony,C. Anthony,carmelo-anthony,,,00,20:26,0.372,0.205,0.198,0.0,0.606,0.424,0.166,0.267
0022000029,1610612757,Portland,Trail Blazers,POR,blazers,203918,Rodney,Hood,R. Hood,rodney-hood,,,5,15:46,0.55,0.2,0.196,0.0,0.58,0.48,0.217,0.417
0022000029,1610612757,Portland,Trail Blazers,POR,blazers,202683,Enes,Freedom,E. Freedom,enes-freedom,,,11,18:15,0.319,0.222,0.173,0.143,0.519,0.444,0.198,0.286
0022000029,1610612757,Portland,Trail Blazers,POR,blazers,1629018,Gary,Trent Jr.,G. Trent Jr.,gary-trent-jr,,,2,5:55,0.292,0.167,0.084,0.0,0.563,1.0,0.16,0.333
0022000029,1610612757,Portland,Trail Blazers,POR,blazers,1629014,Anfernee,Simons,A. Simons,anfernee-simons,,,1,9:51,0.278,0.444,0.178,0.0,0.5,0.533,0.154,0.222
0022000029,1610612757,Portland,Trail Blazers,POR,blazers,1629833,Keljin,Blevins,K. Blevins,keljin-blevins,,DNP - Coach's Decision,21,,0.0,0.0,0.0,0.0,0.0,0.0,0.0,0.0
0022000029,1610612757,Portland,Trail Blazers,POR,blazers,1629604,CJ,Elleby,C. Elleby,cj-elleby,,DNP - Coach's Decision,16,,0.0,0.0,0.0,0.0,0.0,0.0,0.0,0.0
0022000029,1610612757,Portland,Trail Blazers,POR,blazers,1628385,Harry,Giles III,H. Giles III,harry-giles-iii,,DNP - Coach's Decision,4,,0.0,0.0,0.0,0.0,0.0,0.0,0.0,0.0
0022000023,1610612739,Cleveland,Cavaliers,CLE,cavaliers,1630171,Isaac,Okoro,I. Okoro,isaac-okoro,F,,35,41:39,0.623,0.277,0.169,0.0,0.464,0.286,0.171,0.15
0022000023,1610612739,Cleveland,Cavaliers,CLE,cavaliers,201567,Kevin,Love,K. Love,kevin-love,F,,0,37:33,0.6,0.323,0.112,0.028,0.507,0.186,0.173,0.25
0022000023,1610612739,Cleveland,Cavaliers,CLE,cavaliers,203083,Andre,Drummond,A. Drummond,andre-drummond,C,,3,43:40,0.555,0.329,0.142,0.045,0.494,0.188,0.171,0.209
0022000023,1610612739,Cleveland,Cavaliers,CLE,cavaliers,1629012,Collin,Sexton,C. Sexton,collin-sexton,G,,2,45:14,0.538,0.282,0.154,0.0,0.487,0.286,0.221,0.214
0022000023,1610612739,Cleveland,Cavaliers,CLE,cavaliers,1629636,Darius,Garland,D. Garland,darius-garland,G,,10,43:59,0.645,0.333,0.176,0.056,0.473,0.284,0.184,0.195
0022000023,1610612739,Cleveland,Cavaliers,CLE,cavaliers,1626224,Cedi,Osman,C. Osman,cedi-osman,,,16,25:56,0.438,0.354,0.137,0.0,0.524,0.524,0.159,0.182
0022000023,1610612739,Cleveland,Cavaliers,CLE,cavaliers,1626204,Larry,Nance Jr.,L. Nance Jr.,larry-nance-jr,,,22,24:31,0.5,0.333,0.203,0.074,0.5,0.528,0.221,0.091
0022000023,1610612739,Cleveland,Cavaliers,CLE,cavaliers,201580,JaVale,McGee,J. McGee,javale-mcgee,,,6,14:20,0.538,0.231,0.184,0.0,0.472,0.944,0.246,0.091
0022000023,1610612739,Cleveland,Cavaliers,CLE,cavaliers,203957,Danté,Exum,D. Exum,danté-exum,,,1,13:09,0.345,0.172,0.093,0.0,0.5,0.478,0.213,0.154
0022000023,1610612739,Cleveland,Cavaliers,CLE,cavaliers,1629716,Marques,Bolden,M. Bolden,marques-bolden,,DNP - Coach's Decision,24,,0.0,0.0,0.0,0.0,0.0,0.0,0.0,0.0
0022000023,1610612739,Cleveland,Cavaliers,CLE,cavaliers,1628422,Damyean,Dotson,D. Dotson,damyean-dotson,,DNP - Coach's Decision,21,,0.0,0.0,0.0,0.0,0.0,0.0,0.0,0.0
0022000023,1610612739,Cleveland,Cavaliers,CLE,cavaliers,1627748,Thon,Maker,T. Maker,thon-maker,,DNP - Coach's Decision,14,,0.0,0.0,0.0,0.0,0.0,0.0,0.0,0.0
0022000023,1610612739,Cleveland,Cavaliers,CLE,cavaliers,1630205,Lamar,Stevens,L. Stevens,lamar-stevens,,DNP - Coach's Decision,8,,0.0,0.0,0.0,0.0,0.0,0.0,0.0,0.0
0022000023,1610612739,Cleveland,Cavaliers,CLE,cavaliers,1629731,Dean,Wade,D. Wade,dean-wade,,DNP - Coach's Decision,32,,0.0,0.0,0.0,0.0,0.0,0.0,0.0,0.0
0022000023,1610612765,Detroit,Pistons,DET,pistons,203924,Jerami,Grant,J. Grant,jerami-grant,F,,9,42:31,0.559,0.397,0.187,0.025,0.549,0.352,0.156,0.154
0022000023,1610612765,Detroit,Pistons,DET,pistons,201933,Blake,Griffin,B. Griffin,blake-griffin,F,,23,44:20,0.494,0.273,0.172,0.0,0.652,0.362,0.144,0.097
0022000023,1610612765,Detroit,Pistons,DET,pistons,203486,Mason,Plumlee,M. Plumlee,mason-plumlee,C,,24,32:47,0.517,0.25,0.154,0.056,0.596,0.385,0.15,0.148
0022000023,1610612765,Detroit,Pistons,DET,pistons,1626153,Delon,Wright,D. Wright,delon-wright,G,,55,42:12,0.453,0.297,0.145,0.063,0.649,0.373,0.129,0.129
0022000023,1610612765,Detroit,Pistons,DET,pistons,1630165,Killian,Hayes,K. Hayes,killian-hayes,G,,7,19:30,0.569,0.306,0.112,0.0,0.681,0.222,0.094,0.063
0022000023,1610612765,Detroit,Pistons,DET,pistons,201565,Derrick,Rose,D. Rose,derrick-rose,,,25,33:07,0.462,0.385,0.233,0.028,0.473,0.321,0.157,0.147
0022000023,1610612765,Detroit,Pistons,DET,pistons,1626143,Jahlil,Okafor,J. Okafor,jahlil-okafor,,,13,18:27,0.5,0.433,0.234,0.05,0.378,0.135,0.181,0.12
0022000023,1610612765,Detroit,Pistons,DET,pistons,1629004,Svi,Mykhailiuk,S. Mykhailiuk,svi-mykhailiuk,,,19,23:34,0.472,0.417,0.266,0.0,0.451,0.293,0.221,0.148
0022000023,1610612765,Detroit,Pistons,DET,pistons,1628367,Josh,Jackson,J. Jackson,josh-jackson,,,20,18:42,0.517,0.333,0.3,0.0,0.392,0.135,0.199,0.125
0022000023,1610612765,Detroit,Pistons,DET,pistons,1629635,Sekou,Doumbouya,S. Doumbouya,sekou-doumbouya,,,45,8:49,0.214,0.143,0.224,0.083,0.632,0.053,0.051,0.111
0022000023,1610612765,Detroit,Pistons,DET,pistons,1630180,Saddiq,Bey,S. Bey,saddiq-bey,,,41,6:01,0.346,0.308,0.068,0.1,0.4,0.6,0.147,0.143
0022000023,1610612765,Detroit,Pistons,DET,pistons,201961,Wayne,Ellington,W. Ellington,wayne-ellington,,DNP - Coach's Decision,8,,0.0,0.0,0.0,0.0,0.0,0.0,0.0,0.0
0022000023,1610612765,Detroit,Pistons,DET,pistons,203585,Rodney,McGruder,R. McGruder,rodney-mcgruder,,DNP - Coach's Decision,17,,0.0,0.0,0.0,0.0,0.0,0.0,0.0,0.0
0022000023,1610612765,Detroit,Pistons,DET,pistons,1629686,Deividas,Sirvydis,D. Sirvydis,deividas-sirvydis,,DNP - Coach's Decision,91,,0.0,0.0,0.0,0.0,0.0,0.0,0.0,0.0
0022000023,1610612765,Detroit,Pistons,DET,pistons,1630191,Isaiah,Stewart,I. Stewart,isaiah-stewart,,DNP - Coach's Decision,28,,0.0,0.0,0.0,0.0,0.0,0.0,0.0,0.0
0022000040,1610612750,Minnesota,Timberwolves,MIN,timberwolves,1629006,Josh,Okogie,J. Okogie,josh-okogie,F,,20,11:01,0.417,0.083,0.121,0.0,0.761,0.13,0.19,0.375
0022000040,1610612750,Minnesota,Timberwolves,MIN,timberwolves,1627774,Jake,Layman,J. Layman,jake-layman,F,,10,14:47,0.313,0.125,0.178,0.0,0.72,0.12,0.192,0.091
0022000040,1610612750,Minnesota,Timberwolves,MIN,timberwolves,1629675,Naz,Reid,N. Reid,naz-reid,C,,11,27:48,0.453,0.113,0.192,0.031,0.623,0.151,0.186,0.174
0022000040,1610612750,Minnesota,Timberwolves,MIN,timberwolves,1627736,Malik,Beasley,M. Beasley,malik-beasley,G,,5,24:27,0.423,0.115,0.162,0.0,0.702,0.262,0.197,0.133
0022000040,1610612750,Minnesota,Timberwolves,MIN,timberwolves,1626156,D'Angelo,Russell,D. Russell,dangelo-russell,G,,0,20:35,0.4,0.05,0.221,0.0,0.789,0.184,0.224,0.25
0022000040,1610612750,Minnesota,Timberwolves,MIN,timberwolves,1630162,Anthony,Edwards,A. Edwards,anthony-edwards,,,1,28:32,0.373,0.113,0.09,0.043,0.594,0.283,0.122,0.095
0022000040,1610612750,Minnesota,Timberwolves,MIN,timberwolves,1629633,Jarrett,Culver,J. Culver,jarrett-culver,,,23,29:25,0.455,0.196,0.197,0.059,0.57,0.228,0.131,0.125
0022000040,1610612750,Minnesota,Timberwolves,MIN,timberwolves,202334,Ed,Davis,E. Davis,ed-davis,,,17,12:32,0.273,0.182,0.135,0.28,0.727,0.318,0.074,0.0
0022000040,1610612750,Minnesota,Timberwolves,MIN,timberwolves,201937,Ricky,Rubio,R. Rubio,ricky-rubio,,,9,18:06,0.362,0.17,0.118,0.031,0.618,0.235,0.099,0.083
0022000040,1610612750,Minnesota,Timberwolves,MIN,timberwolves,1627823,Juancho,Hernangomez,J. Hernangomez,juancho-hernangomez,,,41,13:24,0.413,0.217,0.274,0.125,0.607,0.071,0.1,0.2
0022000040,1610612750,Minnesota,Timberwolves,MIN,timberwolves,1629020,Jarred,Vanderbilt,J. Vanderbilt,jarred-vanderbilt,,,8,15:28,0.468,0.129,0.168,0.105,0.45,0.167,0.188,0.125
0022000040,1610612750,Minnesota,Timberwolves,MIN,timberwolves,1629162,Jordan,McLaughlin,J. McLaughlin,jordan-mclaughlin,,,6,16:15,0.361,0.167,0.136,0.0,0.517,0.167,0.114,0.067
0022000040,1610612750,Minnesota,Timberwolves,MIN,timberwolves,1630183,Jaden,McDaniels,J. McDaniels,jaden-mcdaniels,,,3,7:40,0.471,0.118,0.112,0.0,0.5,0.2,0.164,0.143
0022000040,1610612747,Los Angeles,Lakers,LAL,lakers,2544,LeBron,James,L. James,lebron-james,F,,6,26:12,0.727,0.25,0.204,0.0,0.426,0.098,0.134,0.364
0022000040,1610612747,Los Angeles,Lakers,LAL,lakers,1628398,Kyle,Kuzma,K. Kuzma,kyle-kuzma,F,,0,29:09,0.688,0.179,0.163,0.043,0.389,0.148,0.225,0.214
0022000040,1610612747,Los Angeles,Lakers,LAL,lakers,201188,Marc,Gasol,M. Gasol,marc-gasol,C,,14,20:39,0.771,0.286,0.194,0.154,0.405,0.095,0.175,0.261
0022000040,1610612747,Los Angeles,Lakers,LAL,lakers,203484,Kentavious,Caldwell-Pope,K. Caldwell-Pope,kentavious-caldwell-pope,G,,1,23:14,0.768,0.244,0.175,0.0,0.413,0.087,0.193,0.24
0022000040,1610612747,Los Angeles,Lakers,LAL,lakers,203471,Dennis,Schröder,D. Schröder,dennis-schröder,G,,17,25:14,0.789,0.222,0.177,0.0,0.4,0.08,0.194,0.214
0022000040,1610612747,Los Angeles,Lakers,LAL,lakers,202083,Wesley,Matthews,W. Matthews,wesley-matthews,,,9,17:53,0.625,0.281,0.1,0.0,0.302,0.186,0.141,0.385
0022000040,1610612747,Los Angeles,Lakers,LAL,lakers,1626149,Montrezl,Harrell,M. Harrell,montrezl-harrell,,,15,19:41,0.55,0.125,0.111,0.0,0.364,0.182,0.172,0.36
0022000040,1610612747,Los Angeles,Lakers,LAL,lakers,1627936,Alex,Caruso,A. Caruso,alex-caruso,,,4,10:31,0.545,0.136,0.152,0.0,0.357,0.143,0.116,0.389
0022000040,1610612747,Los Angeles,Lakers,LAL,lakers,202693,Markieff,Morris,M. Morris,markieff-morris,,,88,15:06,0.45,0.167,0.114,0.056,0.361,0.222,0.141,0.45
0022000040,1610612747,Los Angeles,Lakers,LAL,lakers,1629659,Talen,Horton-Tucker,T. Horton-Tucker,talen-horton-tucker,,,5,20:48,0.453,0.116,0.106,0.0,0.415,0.195,0.172,0.261
0022000040,1610612747,Los Angeles,Lakers,LAL,lakers,1626188,Quinn,Cook,Q. Cook,quinn-cook,,,2,8:33,0.5,0.176,0.148,0.0,0.474,0.105,0.101,0.182
0022000040,1610612747,Los Angeles,Lakers,LAL,lakers,1628961,Kostas,Antetokounmpo,K. Antetokounmpo,kostas-antetokounmpo,,,37,7:40,0.5,0.2,0.164,0.0,0.471,0.118,0.112,0.2
0022000040,1610612747,Los Angeles,Lakers,LAL,lakers,1628035,Alfonzo,McKinnie,A. McKinnie,alfonzo-mckinnie,,,28,7:40,0.5,0.2,0.164,0.125,0.471,0.118,0.112,0.2
0022000040,1610612747,Los Angeles,Lakers,LAL,lakers,201162,Jared,Dudley,J. Dudley,jared-dudley,,,10,7:40,0.5,0.2,0.164,0.0,0.471,0.118,0.112,0.2
0022000032,1610612751,Brooklyn,Nets,BKN,nets,203925,Joe,Harris,J. Harris,joe-harris,F,,12,32:19,0.625,0.232,0.143,0.0,0.55,0.267,0.13,0.212
0022000032,1610612751,Brooklyn,Nets,BKN,nets,201142,Kevin,Durant,K. Durant,kevin-durant,F,,7,36:21,0.642,0.317,0.187,0.0,0.521,0.229,0.139,0.237
0022000032,1610612751,Brooklyn,Nets,BKN,nets,201599,DeAndre,Jordan,D. Jordan,deandre-jordan,C,,6,18:58,0.621,0.242,0.165,0.056,0.5,0.211,0.071,0.087
0022000032,1610612751,Brooklyn,Nets,BKN,nets,203915,Spencer,Dinwiddie,S. Dinwiddie,spencer-dinwiddie,G,,26,15:11,0.6,0.24,0.153,0.0,0.464,0.321,0.121,0.167
0022000032,1610612751,Brooklyn,Nets,BKN,nets,202681,Kyrie,Irving,K. Irving,kyrie-irving,G,,11,36:21,0.642,0.317,0.187,0.0,0.521,0.229,0.139,0.237
0022000032,1610612751,Brooklyn,Nets,BKN,nets,1628386,Jarrett,Allen,J. Allen,jarrett-allen,,,31,25:21,0.442,0.349,0.198,0.129,0.49,0.098,0.199,0.321
0022000032,1610612751,Brooklyn,Nets,BKN,nets,1629013,Landry,Shamet,L. Shamet,landry-shamet,,,20,13:18,0.292,0.417,0.269,0.0,0.419,0.0,0.161,0.278
0022000032,1610612751,Brooklyn,Nets,BKN,nets,1627747,Caris,LeVert,C. LeVert,caris-levert,,,22,25:49,0.424,0.348,0.2,0.032,0.517,0.069,0.102,0.241
0022000032,1610612751,Brooklyn,Nets,BKN,nets,201145,Jeff,Green,J. Green,jeff-green,,,8,12:43,0.364,0.273,0.156,0.0,0.426,0.185,0.177,0.462
0022000032,1610612751,Brooklyn,Nets,BKN,nets,1627752,Taurean,Prince,T. Prince,taurean-prince,,,2,11:39,0.227,0.273,0.156,0.0,0.442,0.038,0.151,0.267
0022000032,1610612751,Brooklyn,Nets,BKN,nets,1627789,Timothe,Luwawu-Cabarrot,T. Luwawu-Cabarrot,timothe-luwawu-cabarrot,,,9,12:00,0.605,0.368,0.125,0.0,0.524,0.238,0.238,0.333
0022000032,1610612751,Brooklyn,Nets,BKN,nets,1628971,Bruce,Brown,B. Brown,bruce-brown,,DNP - Coach's Decision,1,,0.0,0.0,0.0,0.0,0.0,0.0,0.0,0.0
0022000032,1610612751,Brooklyn,Nets,BKN,nets,204020,Tyler,Johnson,T. Johnson,tyler-johnson,,DNP - Coach's Decision,10,,0.0,0.0,0.0,0.0,0.0,0.0,0.0,0.0
0022000032,1610612751,Brooklyn,Nets,BKN,nets,1629066,Rodions,Kurucs,R. Kurucs,rodions-kurucs,,DNP - Coach's Decision,00,,0.0,0.0,0.0,0.0,0.0,0.0,0.0,0.0
0022000032,1610612751,Brooklyn,Nets,BKN,nets,1629617,Reggie,Perry,R. Perry,reggie-perry,,DNP - Coach's Decision,0,,0.0,0.0,0.0,0.0,0.0,0.0,0.0,0.0
0022000032,1610612766,Charlotte,Hornets,CHA,hornets,202330,Gordon,Hayward,G. Hayward,gordon-hayward,F,,20,35:35,0.5,0.239,0.137,0.023,0.614,0.298,0.183,0.065
0022000032,1610612766,Charlotte,Hornets,CHA,hornets,1629023,P.J.,Washington,P. Washington,pj-washington,F,,25,34:35,0.464,0.203,0.158,0.143,0.473,0.327,0.216,0.161
0022000032,1610612766,Charlotte,Hornets,CHA,hornets,202687,Bismack,Biyombo,B. Biyombo,bismack-biyombo,C,,8,29:38,0.526,0.228,0.124,0.111,0.608,0.294,0.139,0.069
0022000032,1610612766,Charlotte,Hornets,CHA,hornets,1626179,Terry,Rozier,T. Rozier,terry-rozier,G,,3,30:27,0.509,0.276,0.149,0.0,0.696,0.196,0.183,0.087
0022000032,1610612766,Charlotte,Hornets,CHA,hornets,1628984,Devonte',Graham,D. Graham,devonte-graham,G,,4,35:29,0.486,0.2,0.143,0.0,0.414,0.345,0.195,0.139
0022000032,1610612766,Charlotte,Hornets,CHA,hornets,1628970,Miles,Bridges,M. Bridges,miles-bridges,,,0,27:42,0.554,0.125,0.15,0.0,0.51,0.288,0.157,0.185
0022000032,1610612766,Charlotte,Hornets,CHA,hornets,1630163,LaMelo,Ball,L. Ball,lamelo-ball,,,2,20:01,0.524,0.071,0.158,0.0,0.513,0.333,0.168,0.25
0022000032,1610612766,Charlotte,Hornets,CHA,hornets,1628998,Cody,Martin,C. Martin,cody-martin,,,11,17:43,0.556,0.028,0.137,0.1,0.368,0.382,0.123,0.19
0022000032,1610612766,Charlotte,Hornets,CHA,hornets,1628997,Caleb,Martin,C. Martin,caleb-martin,,,10,4:45,0.273,0.0,0.091,0.0,0.5,0.286,0.276,0.0
0022000032,1610612766,Charlotte,Hornets,CHA,hornets,1629667,Jalen,McDaniels,J. McDaniels,jalen-mcdaniels,,,6,4:05,0.3,0.0,0.1,0.0,0.583,0.333,0.304,0.0
0022000032,1610612766,Charlotte,Hornets,CHA,hornets,1630176,Vernon,Carey Jr.,V. Carey Jr.,vernon-carey-jr,,DNP - Coach's Decision,22,,0.0,0.0,0.0,0.0,0.0,0.0,0.0,0.0
0022000032,1610612766,Charlotte,Hornets,CHA,hornets,1628370,Malik,Monk,M. Monk,malik-monk,,DNP - Coach's Decision,1,,0.0,0.0,0.0,0.0,0.0,0.0,0.0,0.0
0022000032,1610612766,Charlotte,Hornets,CHA,hornets,1630208,Nick,Richards,N. Richards,nick-richards,,DNP - Coach's Decision,14,,0.0,0.0,0.0,0.0,0.0,0.0,0.0,0.0
0022000039,1610612756,Phoenix,Suns,PHX,suns,1628969,Mikal,Bridges,M. Bridges,mikal-bridges,F,,25,36:18,0.563,0.127,0.104,0.027,0.5,0.21,0.156,0.091
0022000039,1610612756,Phoenix,Suns,PHX,suns,203109,Jae,Crowder,J. Crowder,jae-crowder,F,,99,25:48,0.49,0.04,0.13,0.0,0.489,0.234,0.125,0.12
0022000039,1610612756,Phoenix,Suns,PHX,suns,1629028,Deandre,Ayton,D. Ayton,deandre-ayton,C,,22,29:18,0.545,0.107,0.101,0.103,0.58,0.22,0.102,0.095
0022000039,1610612756,Phoenix,Suns,PHX,suns,1626164,Devin,Booker,D. Booker,devin-booker,G,,1,35:17,0.577,0.113,0.105,0.027,0.509,0.333,0.161,0.094
0022000039,1610612756,Phoenix,Suns,PHX,suns,101108,Chris,Paul,C. Paul,chris-paul,G,,3,27:14,0.51,0.08,0.128,0.037,0.541,0.184,0.107,0.136
0022000039,1610612756,Phoenix,Suns,PHX,suns,1629661,Cameron,Johnson,C. Johnson,cameron-johnson,,,23,21:03,0.695,0.22,0.045,0.0,0.574,0.519,0.194,0.0
0022000039,1610612756,Phoenix,Suns,PHX,suns,1626166,Cameron,Payne,C. Payne,cameron-payne,,,15,19:37,0.671,0.171,0.046,0.0,0.48,0.64,0.219,0.0
0022000039,1610612756,Phoenix,Suns,PHX,suns,1626163,Frank,Kaminsky,F. Kaminsky,frank-kaminsky,,,8,18:42,0.592,0.132,0.075,0.05,0.462,0.538,0.224,0.056
0022000039,1610612756,Phoenix,Suns,PHX,suns,1628975,Jevon,Carter,J. Carter,jevon-carter,,,4,10:07,0.447,0.158,0.0,0.0,0.714,0.571,0.102,0.0
0022000039,1610612756,Phoenix,Suns,PHX,suns,204038,Langston,Galloway,L. Galloway,langston-galloway,,,2,14:18,0.611,0.074,0.072,0.0,0.632,0.526,0.146,0.0
0022000039,1610612756,Phoenix,Suns,PHX,suns,1630234,Ty-Shon,Alexander,T. Alexander,ty-shon-alexander,,,0,1:09,0.0,0.0,0.0,0.0,1.25,0.0,0.0,0.0
0022000039,1610612756,Phoenix,Suns,PHX,suns,1627745,Damian,Jones,D. Jones,damian-jones,,,30,1:09,0.0,0.0,0.0,0.333,1.25,0.0,0.0,0.0
0022000039,1610612756,Phoenix,Suns,PHX,suns,202734,E'Twaun,Moore,E. Moore,etwaun-moore,,DNP - Coach's Decision,55,,0.0,0.0,0.0,0.0,0.0,0.0,0.0,0.0
0022000039,1610612756,Phoenix,Suns,PHX,suns,1630188,Jalen,Smith,J. Smith,jalen-smith,,DNP - Injury/Illness,10,,0.0,0.0,0.0,0.0,0.0,0.0,0.0,0.0
0022000039,1610612756,Phoenix,Suns,PHX,suns,203967,Dario,Šarić,D. Šarić,dario-šarić,,DNP - Injury/Illness,20,,0.0,0.0,0.0,0.0,0.0,0.0,0.0,0.0
0022000039,1610612758,Sacramento,Kings,SAC,kings,203084,Harrison,Barnes,H. Barnes,harrison-barnes,F,,40,28:55,0.449,0.224,0.188,0.0,0.553,0.105,0.128,0.192
0022000039,1610612758,Sacramento,Kings,SAC,kings,1628963,Marvin,Bagley III,M. Bagley III,marvin-bagley-iii,F,,35,27:28,0.564,0.234,0.138,0.0,0.528,0.056,0.107,0.179
0022000039,1610612758,Sacramento,Kings,SAC,kings,1626158,Richaun,Holmes,R. Holmes,richaun-holmes,C,,22,24:53,0.478,0.244,0.161,0.077,0.489,0.128,0.168,0.192
0022000039,1610612758,Sacramento,Kings,SAC,kings,1627741,Buddy,Hield,B. Hield,buddy-hield,G,,24,33:55,0.474,0.224,0.165,0.0,0.567,0.149,0.123,0.219
0022000039,1610612758,Sacramento,Kings,SAC,kings,1628368,De'Aaron,Fox,D. Fox,deaaron-fox,G,,5,26:34,0.455,0.341,0.185,0.0,0.557,0.038,0.138,0.167
0022000039,1610612758,Sacramento,Kings,SAC,kings,1630169,Tyrese,Haliburton,T. Haliburton,tyrese-haliburton,,,0,26:32,0.605,0.368,0.156,0.05,0.65,0.22,0.036,0.095
0022000039,1610612758,Sacramento,Kings,SAC,kings,202709,Cory,Joseph,C. Joseph,cory-joseph,,,9,20:16,0.661,0.429,0.134,0.0,0.6,0.175,0.024,0.176
0022000039,1610612758,Sacramento,Kings,SAC,kings,202357,Nemanja,Bjelica,N. Bjelica,nemanja-bjelica,,,8,11:07,0.667,0.667,0.0,0.0,0.738,0.048,0.0,0.0
0022000039,1610612758,Sacramento,Kings,SAC,kings,202355,Hassan,Whiteside,H. Whiteside,hassan-whiteside,,,20,10:24,0.692,0.615,0.0,0.0,0.816,0.158,0.0,0.0
0022000039,1610612758,Sacramento,Kings,SAC,kings,203922,Glenn,Robinson III,G. Robinson III,glenn-robinson-iii,,,30,15:54,0.5,0.435,0.185,0.0,0.591,0.182,0.061,0.333
0022000039,1610612758,Sacramento,Kings,SAC,kings,1629657,Kyle,Guy,K. Guy,kyle-guy,,,7,5:45,0.625,0.5,0.093,0.0,0.409,0.0,0.0,0.143
0022000039,1610612758,Sacramento,Kings,SAC,kings,1630186,Jahmi'us,Ramsey,J. Ramsey,jahmius-ramsey,,,3,2:46,0.875,0.5,0.17,0.0,0.167,0.0,0.0,0.25
0022000039,1610612758,Sacramento,Kings,SAC,kings,1629713,Justin,James,J. James,justin-james,,,10,2:46,0.875,0.5,0.17,0.0,0.167,0.0,0.0,0.25
0022000039,1610612758,Sacramento,Kings,SAC,kings,1630218,Robert,Woodard II,R. Woodard II,robert-woodard-ii,,,13,2:46,0.875,0.5,0.17,0.0,0.167,0.0,0.0,0.25
0022000039,1610612758,Sacramento,Kings,SAC,kings,203953,Jabari,Parker,J. Parker,jabari-parker,,DNP - Coach's Decision,33,,0.0,0.0,0.0,0.0,0.0,0.0,0.0,0.0
0022000034,1610612759,San Antonio,Spurs,SAS,spurs,1629640,Keldon,Johnson,K. Johnson,keldon-johnson,F,,3,30:46,0.557,0.075,0.175,0.074,0.389,0.286,0.075,0.237
0022000034,1610612759,San Antonio,Spurs,SAS,spurs,201942,DeMar,DeRozan,D. DeRozan,demar-derozan,F,,10,31:03,0.444,0.032,0.143,0.0,0.492,0.281,0.087,0.257
0022000034,1610612759,San Antonio,Spurs,SAS,spurs,200746,LaMarcus,Aldridge,L. Aldridge,lamarcus-aldridge,C,,12,20:15,0.528,0.0,0.209,0.048,0.558,0.186,0.047,0.286
0022000034,1610612759,San Antonio,Spurs,SAS,spurs,1629022,Lonnie,Walker IV,L. Walker IV,lonnie-walker-iv,G,,1,34:08,0.478,0.03,0.135,0.0,0.472,0.254,0.08,0.263
0022000034,1610612759,San Antonio,Spurs,SAS,spurs,1627749,Dejounte,Murray,D. Murray,dejounte-murray,G,,5,31:02,0.5,0.0,0.147,0.0,0.417,0.4,0.088,0.235
0022000034,1610612759,San Antonio,Spurs,SAS,spurs,200752,Rudy,Gay,R. Gay,rudy-gay,,,22,28:07,0.431,0.138,0.079,0.029,0.34,0.42,0.118,0.206
0022000034,1610612759,San Antonio,Spurs,SAS,spurs,201988,Patty,Mills,P. Mills,patty-mills,,,8,23:06,0.563,0.2,0.162,0.0,0.369,0.31,0.087,0.214
0022000034,1610612759,San Antonio,Spurs,SAS,spurs,1627751,Jakob,Poeltl,J. Poeltl,jakob-poeltl,,,25,23:20,0.524,0.195,0.121,0.0,0.291,0.302,0.064,0.179
0022000034,1610612759,San Antonio,Spurs,SAS,spurs,1630170,Devin,Vassell,D. Vassell,devin-vassell,,,24,12:09,0.444,0.333,0.195,0.0,0.182,0.409,0.042,0.167
0022000034,1610612759,San Antonio,Spurs,SAS,spurs,1626168,Trey,Lyles,T. Lyles,trey-lyles,,,41,6:04,0.25,0.2,0.084,0.0,0.417,0.25,0.0,0.333
0022000034,1610612759,San Antonio,Spurs,SAS,spurs,1628966,Keita,Bates-Diop,K. Bates-Diop,keita-bates-diop,,DNP - Coach's Decision,31,,0.0,0.0,0.0,0.0,0.0,0.0,0.0,0.0
0022000034,1610612759,San Antonio,Spurs,SAS,spurs,1629234,Drew,Eubanks,D. Eubanks,drew-eubanks,,DNP - Coach's Decision,14,,0.0,0.0,0.0,0.0,0.0,0.0,0.0,0.0
0022000034,1610612759,San Antonio,Spurs,SAS,spurs,1630200,Tre,Jones,T. Jones,tre-jones,,DNP - Coach's Decision,33,,0.0,0.0,0.0,0.0,0.0,0.0,0.0,0.0
0022000034,1610612759,San Antonio,Spurs,SAS,spurs,1629677,Luka,Samanic,L. Samanic,luka-samanic,,DNP - Coach's Decision,19,,0.0,0.0,0.0,0.0,0.0,0.0,0.0,0.0
0022000034,1610612740,New Orleans,Pelicans,NOP,pelicans,1627742,Brandon,Ingram,B. Ingram,brandon-ingram,F,,14,35:15,0.453,0.243,0.078,0.042,0.456,0.029,0.154,0.077
0022000034,1610612740,New Orleans,Pelicans,NOP,pelicans,1629627,Zion,Williamson,Z. Williamson,zion-williamson,F,,1,38:02,0.408,0.316,0.074,0.096,0.545,0.09,0.153,0.091
0022000034,1610612740,New Orleans,Pelicans,NOP,pelicans,203500,Steven,Adams,S. Adams,steven-adams,C,,12,30:51,0.477,0.277,0.074,0.073,0.475,0.0,0.152,0.088
0022000034,1610612740,New Orleans,Pelicans,NOP,pelicans,202339,Eric,Bledsoe,E. Bledsoe,eric-bledsoe,G,,5,28:23,0.398,0.352,0.051,0.027,0.583,0.125,0.171,0.087
0022000034,1610612740,New Orleans,Pelicans,NOP,pelicans,1628366,Lonzo,Ball,L. Ball,lonzo-ball,G,,2,37:25,0.448,0.234,0.075,0.02,0.48,0.027,0.145,0.103
0022000034,1610612740,New Orleans,Pelicans,NOP,pelicans,1628404,Josh,Hart,J. Hart,josh-hart,,,3,32:59,0.393,0.426,0.098,0.023,0.397,0.127,0.11,0.053
0022000034,1610612740,New Orleans,Pelicans,NOP,pelicans,200755,JJ,Redick,J. Redick,jj-redick,,,4,19:56,0.279,0.324,0.1,0.0,0.5,0.222,0.138,0.125
0022000034,1610612740,New Orleans,Pelicans,NOP,pelicans,1629637,Jaxson,Hayes,J. Hayes,jaxson-hayes,,,10,17:09,0.259,0.379,0.089,0.0,0.517,0.267,0.133,0.077
0022000034,1610612740,New Orleans,Pelicans,NOP,pelicans,1629638,Nickeil,Alexander-Walker,N. Alexander-Walker,nickeil-alexander-walker,,DNP - Coach's Decision,6,,0.0,0.0,0.0,0.0,0.0,0.0,0.0,0.0
0022000034,1610612740,New Orleans,Pelicans,NOP,pelicans,1626195,Willy,Hernangomez,W. Hernangomez,willy-hernangomez,,DNP - Coach's Decision,9,,0.0,0.0,0.0,0.0,0.0,0.0,0.0,0.0
0022000034,1610612740,New Orleans,Pelicans,NOP,pelicans,1630184,Kira,Lewis Jr.,K. Lewis Jr.,kira-lewis-jr,,DNP - Coach's Decision,13,,0.0,0.0,0.0,0.0,0.0,0.0,0.0,0.0
0022000034,1610612740,New Orleans,Pelicans,NOP,pelicans,1630230,Naji,Marshall,N. Marshall,naji-marshall,,DNP - Coach's Decision,8,,0.0,0.0,0.0,0.0,0.0,0.0,0.0,0.0
0022000034,1610612740,New Orleans,Pelicans,NOP,pelicans,1629740,Nicolo,Melli,N. Melli,nicolo-melli,,DNP - Coach's Decision,20,,0.0,0.0,0.0,0.0,0.0,0.0,0.0,0.0
0022000034,1610612740,New Orleans,Pelicans,NOP,pelicans,1628414,Sindarius,Thornwell,S. Thornwell,sindarius-thornwell,,DNP - Coach's Decision,15,,0.0,0.0,0.0,0.0,0.0,0.0,0.0,0.0
0022000038,1610612744,Golden State,Warriors,GSW,warriors,203952,Andrew,Wiggins,A. Wiggins,andrew-wiggins,F,,22,36:26,0.506,0.299,0.11,0.043,0.619,0.269,0.196,0.172
0022000038,1610612744,Golden State,Warriors,GSW,warriors,1629308,Juan,Toscano-Anderson,J. Toscano-Anderson,juan-toscano-anderson,F,,95,19:13,0.409,0.114,0.139,0.0,0.474,0.154,0.168,0.095
0022000038,1610612744,Golden State,Warriors,GSW,warriors,1630164,James,Wiseman,J. Wiseman,james-wiseman,C,,33,22:37,0.5,0.075,0.134,0.0,0.58,0.25,0.197,0.19
0022000038,1610612744,Golden State,Warriors,GSW,warriors,1626162,Kelly,Oubre Jr.,K. Oubre Jr.,kelly-oubre-jr,G,,12,30:18,0.5,0.232,0.127,0.073,0.526,0.293,0.215,0.226
0022000038,1610612744,Golden State,Warriors,GSW,warriors,201939,Stephen,Curry,S. Curry,stephen-curry,G,,30,36:26,0.5,0.293,0.097,0.0,0.593,0.357,0.157,0.188
0022000038,1610612744,Golden State,Warriors,GSW,warriors,1626172,Kevon,Looney,K. Looney,kevon-looney,,,5,16:53,0.514,0.556,0.049,0.136,0.567,0.5,0.172,0.214
0022000038,1610612744,Golden State,Warriors,GSW,warriors,1628539,Mychal,Mulder,M. Mulder,mychal-mulder,,,15,10:34,0.455,0.591,0.075,0.0,0.658,0.526,0.152,0.143
0022000038,1610612744,Golden State,Warriors,GSW,warriors,1629673,Jordan,Poole,J. Poole,jordan-poole,,,3,13:25,0.423,0.231,0.07,0.0,0.806,0.667,0.256,0.0
0022000038,1610612744,Golden State,Warriors,GSW,warriors,1629672,Eric,Paschall,E. Paschall,eric-paschall,,,7,19:07,0.514,0.486,0.087,0.043,0.875,0.469,0.231,0.286
0022000038,1610612744,Golden State,Warriors,GSW,warriors,1627814,Damion,Lee,D. Lee,damion-lee,,,1,20:37,0.511,0.283,0.062,0.036,0.561,0.455,0.282,0.25
0022000038,1610612744,Golden State,Warriors,GSW,warriors,202954,Brad,Wanamaker,B. Wanamaker,brad-wanamaker,,,10,14:24,0.5,0.286,0.092,0.0,0.725,0.55,0.296,0.143
0022000038,1610612744,Golden State,Warriors,GSW,warriors,203145,Kent,Bazemore,K. Bazemore,kent-bazemore,,DNP - Coach's Decision,26,,0.0,0.0,0.0,0.0,0.0,0.0,0.0,0.0
0022000038,1610612741,Chicago,Bulls,CHI,bulls,1630172,Patrick,Williams,P. Williams,patrick-williams,F,,44,26:21,0.628,0.191,0.238,0.045,0.458,0.136,0.146,0.129
0022000038,1610612741,Chicago,Bulls,CHI,bulls,1628374,Lauri,Markkanen,L. Markkanen,lauri-markkanen,F,,24,29:15,0.66,0.34,0.155,0.0,0.476,0.19,0.121,0.088
0022000038,1610612741,Chicago,Bulls,CHI,bulls,1628976,Wendell,Carter Jr.,W. Carter Jr.,wendell-carter-jr,C,,34,31:28,0.563,0.304,0.252,0.133,0.448,0.328,0.127,0.216
0022000038,1610612741,Chicago,Bulls,CHI,bulls,203897,Zach,LaVine,Z. LaVine,zach-lavine,G,,8,34:48,0.54,0.397,0.19,0.0,0.461,0.286,0.124,0.22
0022000038,1610612741,Chicago,Bulls,CHI,bulls,1629632,Coby,White,C. White,coby-white,G,,0,35:38,0.61,0.265,0.196,0.0,0.538,0.253,0.099,0.154
0022000038,1610612741,Chicago,Bulls,CHI,bulls,203490,Otto,Porter Jr.,O. Porter Jr.,otto-porter-jr,,,22,20:45,0.611,0.611,0.178,0.105,0.5,0.465,0.042,0.231
0022000038,1610612741,Chicago,Bulls,CHI,bulls,202066,Garrett,Temple,G. Temple,garrett-temple,,,17,19:28,0.614,0.457,0.167,0.0,0.558,0.349,0.041,0.13
0022000038,1610612741,Chicago,Bulls,CHI,bulls,203107,Tomas,Satoransky,T. Satoransky,tomas-satoransky,,,31,22:50,0.628,0.462,0.232,0.0,0.5,0.396,0.075,0.233
0022000038,1610612741,Chicago,Bulls,CHI,bulls,1628990,Chandler,Hutchison,C. Hutchison,chandler-hutchison,,,15,19:27,0.697,0.364,0.249,0.0,0.5,0.293,0.066,0.167
0022000038,1610612741,Chicago,Bulls,CHI,bulls,1627853,Ryan,Arcidiacono,R. Arcidiacono,ryan-arcidiacono,,DNP - Coach's Decision,51,,0.0,0.0,0.0,0.0,0.0,0.0,0.0,0.0
0022000038,1610612741,Chicago,Bulls,CHI,bulls,1626245,Cristiano,Felicio,C. Felicio,cristiano-felicio,,DNP - Coach's Decision,6,,0.0,0.0,0.0,0.0,0.0,0.0,0.0,0.0
0022000038,1610612741,Chicago,Bulls,CHI,bulls,1629655,Daniel,Gafford,D. Gafford,daniel-gafford,,DNP - Coach's Decision,12,,0.0,0.0,0.0,0.0,0.0,0.0,0.0,0.0
0022000038,1610612741,Chicago,Bulls,CHI,bulls,1628436,Luke,Kornet,L. Kornet,luke-kornet,,DNP - Coach's Decision,2,,0.0,0.0,0.0,0.0,0.0,0.0,0.0,0.0
0022000038,1610612741,Chicago,Bulls,CHI,bulls,1629690,Adam,Mokoka,A. Mokoka,adam-mokoka,,DNP - Coach's Decision,20,,0.0,0.0,0.0,0.0,0.0,0.0,0.0,0.0
0022000038,1610612741,Chicago,Bulls,CHI,bulls,1627756,Denzel,Valentine,D. Valentine,denzel-valentine,,DNP - Coach's Decision,45,,0.0,0.0,0.0,0.0,0.0,0.0,0.0,0.0
0022000036,1610612749,Milwaukee,Bucks,MIL,bucks,203507,Giannis,Antetokounmpo,G. Antetokounmpo,giannis-antetokounmpo,F,,34,31:59,0.461,0.281,0.114,0.048,0.639,0.315,0.156,0.095
0022000036,1610612749,Milwaukee,Bucks,MIL,bucks,203114,Khris,Middleton,K. Middleton,khris-middleton,F,,22,32:46,0.412,0.338,0.109,0.022,0.737,0.263,0.127,0.095
0022000036,1610612749,Milwaukee,Bucks,MIL,bucks,201572,Brook,Lopez,B. Lopez,brook-lopez,C,,11,20:50,0.369,0.262,0.087,0.071,0.833,0.333,0.182,0.2
0022000036,1610612749,Milwaukee,Bucks,MIL,bucks,1628978,Donte,DiVincenzo,D. DiVincenzo,donte-divincenzo,G,,0,23:30,0.457,0.261,0.101,0.0,0.675,0.175,0.176,0.071
0022000036,1610612749,Milwaukee,Bucks,MIL,bucks,201950,Jrue,Holiday,J. Holiday,jrue-holiday,G,,21,27:55,0.447,0.298,0.128,0.053,0.612,0.306,0.146,0.15
0022000036,1610612749,Milwaukee,Bucks,MIL,bucks,1626171,Bobby,Portis,B. Portis,bobby-portis,,,9,26:07,0.56,0.36,0.13,0.172,0.51,0.3,0.137,0.25
0022000036,1610612749,Milwaukee,Bucks,MIL,bucks,1626192,Pat,Connaughton,P. Connaughton,pat-connaughton,,,24,15:57,0.417,0.433,0.092,0.048,0.589,0.429,0.165,0.214
0022000036,1610612749,Milwaukee,Bucks,MIL,bucks,1628391,D.J.,Wilson,D. Wilson,dj-wilson,,,5,6:55,0.357,0.5,0.071,0.091,0.833,0.417,0.197,0.4
0022000036,1610612749,Milwaukee,Bucks,MIL,bucks,201571,D.J.,Augustin,D. Augustin,dj-augustin,,,12,13:45,0.389,0.148,0.07,0.0,0.714,0.762,0.133,0.2
0022000036,1610612749,Milwaukee,Bucks,MIL,bucks,1627854,Bryn,Forbes,B. Forbes,bryn-forbes,,,7,17:38,0.531,0.313,0.087,0.0,0.672,0.281,0.184,0.417
0022000036,1610612749,Milwaukee,Bucks,MIL,bucks,1628470,Torrey,Craig,T. Craig,torrey-craig,,,3,2:44,1.0,0.5,0.0,0.0,0.25,0.375,0.137,0.75
0022000036,1610612749,Milwaukee,Bucks,MIL,bucks,1629670,Jordan,Nwora,J. Nwora,jordan-nwora,,,13,7:27,0.667,0.267,0.136,0.0,0.406,0.25,0.127,0.5
0022000036,1610612749,Milwaukee,Bucks,MIL,bucks,1630241,Sam,Merrill,S. Merrill,sam-merrill,,,15,7:27,0.667,0.267,0.136,0.143,0.406,0.25,0.127,0.5
0022000036,1610612749,Milwaukee,Bucks,MIL,bucks,203648,Thanasis,Antetokounmpo,T. Antetokounmpo,thanasis-antetokounmpo,,,43,4:59,0.545,0.182,0.202,0.333,0.611,0.222,0.101,0.25
0022000036,1610612752,New York,Knicks,NYK,knicks,203493,Reggie,Bullock Jr.,R. Bullock Jr.,reggie-bullock-jr,F,,25,16:53,0.5,0.241,0.162,0.0,0.484,0.25,0.141,0.25
0022000036,1610612752,New York,Knicks,NYK,knicks,203944,Julius,Randle,J. Randle,julius-randle,F,,30,37:07,0.612,0.284,0.156,0.097,0.493,0.357,0.123,0.256
0022000036,1610612752,New York,Knicks,NYK,knicks,1629011,Mitchell,Robinson,M. Robinson,mitchell-robinson,C,,23,34:40,0.619,0.365,0.141,0.0,0.492,0.333,0.121,0.27
0022000036,1610612752,New York,Knicks,NYK,knicks,1629628,RJ,Barrett,R. Barrett,rj-barrett,G,,9,38:16,0.672,0.299,0.179,0.067,0.467,0.253,0.109,0.233
0022000036,1610612752,New York,Knicks,NYK,knicks,203901,Elfrid,Payton,E. Payton,elfrid-payton,G,,6,29:18,0.67,0.321,0.153,0.042,0.475,0.322,0.124,0.324
0022000036,1610612752,New York,Knicks,NYK,knicks,202692,Alec,Burks,A. Burks,alec-burks,,,18,20:29,0.792,0.417,0.112,0.0,0.405,0.357,0.069,0.32
0022000036,1610612752,New York,Knicks,NYK,knicks,203457,Nerlens,Noel,N. Noel,nerlens-noel,,,3,13:20,0.682,0.182,0.187,0.1,0.414,0.241,0.074,0.389
0022000036,1610612752,New York,Knicks,NYK,knicks,1628995,Kevin,Knox II,K. Knox II,kevin-knox-ii,,,20,26:15,0.625,0.292,0.155,0.0,0.418,0.327,0.113,0.31
0022000036,1610612752,New York,Knicks,NYK,knicks,1628373,Frank,Ntilikina,F. Ntilikina,frank-ntilikina,,,11,18:42,0.578,0.313,0.152,0.0,0.458,0.278,0.08,0.286
0022000036,1610612752,New York,Knicks,NYK,knicks,1629607,Jared,Harper,J. Harper,jared-harper,,,0,1:52,0.5,0.667,0.0,0.0,0.667,0.333,0.0,1.0
0022000036,1610612752,New York,Knicks,NYK,knicks,1629033,Theo,Pinson,T. Pinson,theo-pinson,,,21,1:52,0.5,0.667,0.0,0.0,0.667,0.333,0.0,1.0
0022000036,1610612752,New York,Knicks,NYK,knicks,1629649,Ignas,Brazdeikis,I. Brazdeikis,ignas-brazdeikis,,,17,1:16,0.0,1.0,0.0,0.5,0.6,0.0,0.0,1.0
0022000037,1610612738,Boston,Celtics,BOS,celtics,1628369,Jayson,Tatum,J. Tatum,jayson-tatum,F,,0,35:47,0.54,0.226,0.16,0.0,0.568,0.167,0.167,0.194
0022000037,1610612738,Boston,Celtics,BOS,celtics,202684,Tristan,Thompson,T. Thompson,tristan-thompson,F,,13,22:17,0.5,0.205,0.144,0.045,0.489,0.045,0.128,0.2
0022000037,1610612738,Boston,Celtics,BOS,celtics,1628464,Daniel,Theis,D. Theis,daniel-theis,C,,27,14:56,0.417,0.25,0.208,0.0,0.453,0.063,0.094,0.222
0022000037,1610612738,Boston,Celtics,BOS,celtics,1627759,Jaylen,Brown,J. Brown,jaylen-brown,G,,7,33:37,0.519,0.407,0.19,0.0,0.5,0.188,0.15,0.212
0022000037,1610612738,Boston,Celtics,BOS,celtics,203935,Marcus,Smart,M. Smart,marcus-smart,G,,36,31:38,0.57,0.28,0.208,0.038,0.542,0.167,0.173,0.241
0022000037,1610612738,Boston,Celtics,BOS,celtics,1629684,Grant,Williams,G. Williams,grant-williams,,,12,22:54,0.542,0.389,0.173,0.105,0.5,0.116,0.145,0.19
0022000037,1610612738,Boston,Celtics,BOS,celtics,201952,Jeff,Teague,J. Teague,jeff-teague,,,55,21:51,0.542,0.389,0.187,0.0,0.551,0.231,0.128,0.1
0022000037,1610612738,Boston,Celtics,BOS,celtics,1630202,Payton,Pritchard,P. Pritchard,payton-pritchard,,,11,23:01,0.641,0.256,0.132,0.0,0.579,0.132,0.155,0.118
0022000037,1610612738,Boston,Celtics,BOS,celtics,1629057,Robert,Williams III,R. Williams III,robert-williams-iii,,,44,21:34,0.676,0.412,0.181,0.133,0.714,0.371,0.193,0.2
0022000037,1610612738,Boston,Celtics,BOS,celtics,1628400,Semi,Ojeleye,S. Ojeleye,semi-ojeleye,,,37,12:25,0.762,0.19,0.194,0.0,0.763,0.316,0.225,0.167
0022000037,1610612738,Boston,Celtics,BOS,celtics,1629035,Carsen,Edwards,C. Edwards,carsen-edwards,,DNP - Coach's Decision,4,,0.0,0.0,0.0,0.0,0.0,0.0,0.0,0.0
0022000037,1610612738,Boston,Celtics,BOS,celtics,1629750,Javonte,Green,J. Green,javonte-green,,DNP - Coach's Decision,43,,0.0,0.0,0.0,0.0,0.0,0.0,0.0,0.0
0022000037,1610612738,Boston,Celtics,BOS,celtics,1630174,Aaron,Nesmith,A. Nesmith,aaron-nesmith,,DNP - Coach's Decision,26,,0.0,0.0,0.0,0.0,0.0,0.0,0.0,0.0
0022000037,1610612738,Boston,Celtics,BOS,celtics,1629682,Tremont,Waters,T. Waters,tremont-waters,,DNP - Coach's Decision,51,,0.0,0.0,0.0,0.0,0.0,0.0,0.0,0.0
0022000037,1610612754,Indiana,Pacers,IND,pacers,203933,T.J.,Warren,T. Warren,tj-warren,F,,1,37:30,0.493,0.141,0.149,0.0,0.542,0.3,0.19,0.148
0022000037,1610612754,Indiana,Pacers,IND,pacers,1627734,Domantas,Sabonis,D. Sabonis,domantas-sabonis,F,,11,40:35,0.56,0.147,0.161,0.051,0.566,0.265,0.175,0.167
0022000037,1610612754,Indiana,Pacers,IND,pacers,1626167,Myles,Turner,M. Turner,myles-turner,C,,33,29:17,0.509,0.161,0.143,0.1,0.5,0.391,0.203,0.136
0022000037,1610612754,Indiana,Pacers,IND,pacers,1628988,Aaron,Holiday,A. Holiday,aaron-holiday,G,,3,21:54,0.593,0.186,0.126,0.05,0.528,0.278,0.207,0.118
0022000037,1610612754,Indiana,Pacers,IND,pacers,1627763,Malcolm,Brogdon,M. Brogdon,malcolm-brogdon,G,,7,36:20,0.53,0.179,0.166,0.0,0.559,0.339,0.18,0.154
0022000037,1610612754,Indiana,Pacers,IND,pacers,203200,Justin,Holiday,J. Holiday,justin-holiday,,,8,28:06,0.531,0.204,0.152,0.037,0.543,0.298,0.172,0.238
0022000037,1610612754,Indiana,Pacers,IND,pacers,203926,Doug,McDermott,D. McDermott,doug-mcdermott,,,20,27:10,0.585,0.213,0.171,0.042,0.652,0.304,0.142,0.222
0022000037,1610612754,Indiana,Pacers,IND,pacers,204456,T.J.,McConnell,T. McConnell,tj-mcconnell,,,9,19:08,0.703,0.156,0.179,0.0,0.636,0.242,0.13,0.214
0022000037,1610612754,Indiana,Pacers,IND,pacers,1629665,Jalen,Lecque,J. Lecque,jalen-lecque,,DNP - Coach's Decision,0,,0.0,0.0,0.0,0.0,0.0,0.0,0.0,0.0
0022000037,1610612754,Indiana,Pacers,IND,pacers,1629103,Kelan,Martin,K. Martin,kelan-martin,,DNP - Coach's Decision,21,,0.0,0.0,0.0,0.0,0.0,0.0,0.0,0.0
0022000037,1610612754,Indiana,Pacers,IND,pacers,203960,JaKarr,Sampson,J. Sampson,jakarr-sampson,,DNP - Coach's Decision,14,,0.0,0.0,0.0,0.0,0.0,0.0,0.0,0.0
0022000037,1610612754,Indiana,Pacers,IND,pacers,1630199,Cassius,Stanley,C. Stanley,cassius-stanley,,DNP - Coach's Decision,2,,0.0,0.0,0.0,0.0,0.0,0.0,0.0,0.0
0022000033,1610612753,Orlando,Magic,ORL,magic,1628407,Dwayne,Bacon,D. Bacon,dwayne-bacon,F,,8,17:16,0.31,0.483,0.108,0.0,0.553,0.105,0.101,0.25
0022000033,1610612753,Orlando,Magic,ORL,magic,203932,Aaron,Gordon,A. Gordon,aaron-gordon,F,,00,19:48,0.318,0.545,0.091,0.0,0.618,0.105,0.12,0.176
0022000033,1610612753,Orlando,Magic,ORL,magic,202696,Nikola,Vučević,N. Vučević,nikola-vučević,C,,9,28:03,0.478,0.543,0.113,0.0,0.59,0.115,0.109,0.269
0022000033,1610612753,Orlando,Magic,ORL,magic,203095,Evan,Fournier,E. Fournier,evan-fournier,G,,10,27:50,0.48,0.367,0.119,0.036,0.6,0.117,0.082,0.28
0022000033,1610612753,Orlando,Magic,ORL,magic,1628365,Markelle,Fultz,M. Fultz,markelle-fultz,G,,20,29:03,0.479,0.521,0.111,0.0,0.587,0.111,0.106,0.269
0022000033,1610612753,Orlando,Magic,ORL,magic,1629643,Chuma,Okeke,C. Okeke,chuma-okeke,,,3,16:12,0.517,0.267,0.127,0.059,0.559,0.206,0.088,0.4
0022000033,1610612753,Orlando,Magic,ORL,magic,203082,Terrence,Ross,T. Ross,terrence-ross,,,31,30:44,0.58,0.429,0.094,0.036,0.508,0.153,0.143,0.29
0022000033,1610612753,Orlando,Magic,ORL,magic,203487,Michael,Carter-Williams,M. Carter-Williams,michael-carter-williams,,,7,23:07,0.512,0.634,0.061,0.045,0.4,0.133,0.197,0.269
0022000033,1610612753,Orlando,Magic,ORL,magic,203920,Khem,Birch,K. Birch,khem-birch,,,24,19:57,0.5,0.333,0.077,0.091,0.417,0.167,0.155,0.286
0022000033,1610612753,Orlando,Magic,ORL,magic,1630175,Cole,Anthony,C. Anthony,cole-anthony,,,50,18:57,0.5,0.351,0.08,0.19,0.412,0.176,0.164,0.286
0022000033,1610612753,Orlando,Magic,ORL,magic,1629109,Gary,Clark,G. Clark,gary-clark,,,12,9:03,0.735,0.353,0.113,0.167,0.324,0.118,0.168,0.273
0022000033,1610612753,Orlando,Magic,ORL,magic,1628964,Mo,Bamba,M. Bamba,mo-bamba,,DNP - Coach's Decision,5,,0.0,0.0,0.0,0.0,0.0,0.0,0.0,0.0
0022000033,1610612753,Orlando,Magic,ORL,magic,1629648,Jordan,Bone,J. Bone,jordan-bone,,DNP - Coach's Decision,23,,0.0,0.0,0.0,0.0,0.0,0.0,0.0,0.0
0022000033,1610612753,Orlando,Magic,ORL,magic,1630211,Karim,Mane,K. Mane,karim-mane,,DNP - Coach's Decision,4,,0.0,0.0,0.0,0.0,0.0,0.0,0.0,0.0
0022000033,1610612764,Washington,Wizards,WAS,wizards,1629067,Isaac,Bonga,I. Bonga,isaac-bonga,F,,17,18:06,0.622,0.108,0.079,0.063,0.359,0.25,0.11,0.15
0022000033,1610612764,Washington,Wizards,WAS,wizards,1630166,Deni,Avdija,D. Avdija,deni-avdija,F,,9,36:11,0.547,0.149,0.107,0.053,0.462,0.277,0.111,0.25
0022000033,1610612764,Washington,Wizards,WAS,wizards,1628418,Thomas,Bryant,T. Bryant,thomas-bryant,C,,13,32:27,0.572,0.101,0.113,0.121,0.527,0.482,0.114,0.207
0022000033,1610612764,Washington,Wizards,WAS,wizards,203078,Bradley,Beal,B. Beal,bradley-beal,G,,3,39:06,0.543,0.159,0.105,0.0,0.507,0.464,0.108,0.243
0022000033,1610612764,Washington,Wizards,WAS,wizards,203526,Raul,Neto,R. Neto,raul-neto,G,,19,32:13,0.537,0.088,0.113,0.059,0.481,0.5,0.118,0.207
0022000033,1610612764,Washington,Wizards,WAS,wizards,202397,Ish,Smith,I. Smith,ish-smith,,,14,15:47,0.5,0.241,0.156,0.0,0.5,0.355,0.061,0.313
0022000033,1610612764,Washington,Wizards,WAS,wizards,1628972,Troy,Brown Jr.,T. Brown Jr.,troy-brown-jr,,,6,23:59,0.479,0.083,0.155,0.071,0.6,0.422,0.079,0.35
0022000033,1610612764,Washington,Wizards,WAS,wizards,201577,Robin,Lopez,R. Lopez,robin-lopez,,,15,15:33,0.411,0.214,0.158,0.111,0.414,0.379,0.065,0.313
0022000033,1610612764,Washington,Wizards,WAS,wizards,202722,Davis,Bertans,D. Bertans,davis-bertans,,,42,19:22,0.449,0.179,0.139,0.0,0.453,0.813,0.092,0.235
0022000033,1610612764,Washington,Wizards,WAS,wizards,1629010,Jerome,Robinson,J. Robinson,jerome-robinson,,,12,7:16,0.409,0.0,0.333,0.0,0.542,0.917,0.059,0.2
0022000033,1610612764,Washington,Wizards,WAS,wizards,1630264,Anthony,Gill,A. Gill,anthony-gill,,DNP - Coach's Decision,16,,0.0,0.0,0.0,0.0,0.0,0.0,0.0,0.0
0022000033,1610612764,Washington,Wizards,WAS,wizards,1628394,Anžejs,Pasečņiks,A. Pasečņiks,anžejs-pasečņiks,,DNP - Coach's Decision,18,,0.0,0.0,0.0,0.0,0.0,0.0,0.0,0.0
0022000033,1610612764,Washington,Wizards,WAS,wizards,1629021,Moritz,Wagner,M. Wagner,moritz-wagner,,DNP - Coach's Decision,21,,0.0,0.0,0.0,0.0,0.0,0.0,0.0,0.0
0022000035,1610612755,Philadelphia,76ers,PHI,sixers,201980,Danny,Green,D. Green,danny-green,F,,14,17:30,0.5,0.577,0.271,0.063,0.453,0.07,0.074,0.304
0022000035,1610612755,Philadelphia,76ers,PHI,sixers,202699,Tobias,Harris,T. Harris,tobias-harris,F,,12,28:21,0.478,0.326,0.252,0.0,0.516,0.197,0.107,0.25
0022000035,1610612755,Philadelphia,76ers,PHI,sixers,2730,Dwight,Howard,D. Howard,dwight-howard,C,,39,15:00,0.6,0.35,0.343,0.111,0.526,0.105,0.086,0.5
0022000035,1610612755,Philadelphia,76ers,PHI,sixers,203552,Seth,Curry,S. Curry,seth-curry,G,,31,24:26,0.557,0.429,0.28,0.0,0.509,0.056,0.113,0.296
0022000035,1610612755,Philadelphia,76ers,PHI,sixers,1627732,Ben,Simmons,B. Simmons,ben-simmons,G,,25,28:26,0.5,0.349,0.256,0.0,0.565,0.129,0.122,0.267
0022000035,1610612755,Philadelphia,76ers,PHI,sixers,1628396,Tony,Bradley,T. Bradley,tony-bradley,,,11,17:25,0.412,0.206,0.154,0.174,0.548,0.129,0.168,0.176
0022000035,1610612755,Philadelphia,76ers,PHI,sixers,1629003,Shake,Milton,S. Milton,shake-milton,,,18,22:30,0.5,0.158,0.197,0.0,0.757,0.297,0.188,0.231
0022000035,1610612755,Philadelphia,76ers,PHI,sixers,1627788,Furkan,Korkmaz,F. Korkmaz,furkan-korkmaz,,,30,16:40,0.403,0.194,0.144,0.0,0.815,0.37,0.145,0.286
0022000035,1610612755,Philadelphia,76ers,PHI,sixers,1630178,Tyrese,Maxey,T. Maxey,tyrese-maxey,,,0,21:40,0.438,0.175,0.136,0.0,0.657,0.257,0.182,0.214
0022000035,1610612755,Philadelphia,76ers,PHI,sixers,203118,Mike,Scott,M. Scott,mike-scott,,,1,18:37,0.533,0.333,0.208,0.111,0.69,0.345,0.203,0.182
0022000035,1610612755,Philadelphia,76ers,PHI,sixers,1629680,Matisse,Thybulle,M. Thybulle,matisse-thybulle,,,22,8:15,0.538,0.308,0.063,0.0,0.909,0.0,0.313,0.0
0022000035,1610612755,Philadelphia,76ers,PHI,sixers,1630198,Isaiah,Joe,I. Joe,isaiah-joe,,,7,7:04,0.538,0.077,0.139,0.0,0.333,0.222,0.311,0.167
0022000035,1610612755,Philadelphia,76ers,PHI,sixers,1628390,Terrance,Ferguson,T. Ferguson,terrance-ferguson,,,23,7:04,0.538,0.077,0.139,0.0,0.333,0.222,0.311,0.167
0022000035,1610612755,Philadelphia,76ers,PHI,sixers,1629751,Dakota,Mathias,D. Mathias,dakota-mathias,,,33,7:04,0.538,0.077,0.139,0.0,0.333,0.222,0.311,0.167
0022000035,1610612755,Philadelphia,76ers,PHI,sixers,203954,Joel,Embiid,J. Embiid,joel-embiid,,DND - Injury/Illness,21,,0.0,0.0,0.0,0.0,0.0,0.0,0.0,0.0
0022000035,1610612739,Cleveland,Cavaliers,CLE,cavaliers,201567,Kevin,Love,K. Love,kevin-love,F,,0,8:50,0.455,0.0,0.05,0.083,0.438,0.25,0.107,0.125
0022000035,1610612739,Cleveland,Cavaliers,CLE,cavaliers,1626204,Larry,Nance Jr.,L. Nance Jr.,larry-nance-jr,F,,22,35:22,0.61,0.082,0.153,0.029,0.556,0.315,0.252,0.192
0022000035,1610612739,Cleveland,Cavaliers,CLE,cavaliers,203083,Andre,Drummond,A. Drummond,andre-drummond,C,,3,25:40,0.591,0.182,0.106,0.231,0.513,0.205,0.293,0.211
0022000035,1610612739,Cleveland,Cavaliers,CLE,cavaliers,1629012,Collin,Sexton,C. Sexton,collin-sexton,G,,2,29:20,0.607,0.107,0.176,0.0,0.565,0.348,0.238,0.238
0022000035,1610612739,Cleveland,Cavaliers,CLE,cavaliers,1629636,Darius,Garland,D. Garland,darius-garland,G,,10,28:57,0.619,0.203,0.124,0.0,0.556,0.333,0.256,0.227
0022000035,1610612739,Cleveland,Cavaliers,CLE,cavaliers,1629731,Dean,Wade,D. Wade,dean-wade,,,32,14:25,0.37,0.348,0.175,0.056,0.52,0.24,0.163,0.143
0022000035,1610612739,Cleveland,Cavaliers,CLE,cavaliers,1626224,Cedi,Osman,C. Osman,cedi-osman,,,16,21:46,0.705,0.256,0.129,0.0,0.434,0.342,0.15,0.19
0022000035,1610612739,Cleveland,Cavaliers,CLE,cavaliers,201580,JaVale,McGee,J. McGee,javale-mcgee,,,6,16:26,0.643,0.143,0.196,0.0,0.5,0.448,0.112,0.2
0022000035,1610612739,Cleveland,Cavaliers,CLE,cavaliers,203957,Danté,Exum,D. Exum,danté-exum,,,1,23:05,0.643,0.286,0.142,0.056,0.441,0.235,0.253,0.1
0022000035,1610612739,Cleveland,Cavaliers,CLE,cavaliers,1628422,Damyean,Dotson,D. Dotson,damyean-dotson,,,21,19:42,0.514,0.171,0.211,0.0,0.397,0.179,0.181,0.273
0022000035,1610612739,Cleveland,Cavaliers,CLE,cavaliers,1629716,Marques,Bolden,M. Bolden,marques-bolden,,,24,5:54,0.25,0.25,0.276,0.0,0.409,0.091,0.161,0.125
0022000035,1610612739,Cleveland,Cavaliers,CLE,cavaliers,1627748,Thon,Maker,T. Maker,thon-maker,,,14,5:54,0.25,0.25,0.276,0.167,0.409,0.091,0.161,0.125
0022000035,1610612739,Cleveland,Cavaliers,CLE,cavaliers,1630205,Lamar,Stevens,L. Stevens,lamar-stevens,,,8,4:40,0.286,0.286,0.225,0.0,0.438,0.125,0.212,0.167
0022000031,1610612742,Dallas,Mavericks,DAL,mavericks,203501,Tim,Hardaway Jr.,T. Hardaway Jr.,tim-hardaway-jr,F,,11,22:59,0.593,0.256,0.063,0.0,0.311,0.378,0.13,0.12
0022000031,1610612742,Dallas,Mavericks,DAL,mavericks,1627827,Dorian,Finney-Smith,D. Finney-Smith,dorian-finney-smith,F,,10,18:02,0.647,0.294,0.076,0.0,0.362,0.276,0.141,0.105
0022000031,1610612742,Dallas,Mavericks,DAL,mavericks,203939,Dwight,Powell,D. Powell,dwight-powell,C,,7,17:54,0.5,0.281,0.081,0.053,0.37,0.37,0.145,0.118
0022000031,1610612742,Dallas,Mavericks,DAL,mavericks,1626196,Josh,Richardson,J. Richardson,josh-richardson,G,,0,26:42,0.551,0.286,0.091,0.074,0.398,0.273,0.117,0.148
0022000031,1610612742,Dallas,Mavericks,DAL,mavericks,1629029,Luka,Dončić,L. Dončić,luka-dončić,G,,77,25:55,0.625,0.292,0.094,0.0,0.384,0.279,0.101,0.154
0022000031,1610612742,Dallas,Mavericks,DAL,mavericks,203504,Trey,Burke,T. Burke,trey-burke,,,3,17:30,0.688,0.438,0.057,0.0,0.383,0.267,0.089,0.167
0022000031,1610612742,Dallas,Mavericks,DAL,mavericks,1628467,Maxi,Kleber,M. Kleber,maxi-kleber,,,42,17:04,0.688,0.375,0.058,0.0,0.397,0.276,0.092,0.176
0022000031,1610612742,Dallas,Mavericks,DAL,mavericks,1626161,Willie,Cauley-Stein,W. Cauley-Stein,willie-cauley-stein,,,33,18:01,0.729,0.257,0.056,0.286,0.367,0.267,0.141,0.158
0022000031,1610612742,Dallas,Mavericks,DAL,mavericks,1628973,Jalen,Brunson,J. Brunson,jalen-brunson,,,13,13:19,0.652,0.391,0.072,0.0,0.375,0.3,0.217,0.077
0022000031,1610612742,Dallas,Mavericks,DAL,mavericks,201949,James,Johnson,J. Johnson,james-johnson,,,16,20:24,0.556,0.306,0.077,0.105,0.328,0.207,0.221,0.0
0022000031,1610612742,Dallas,Mavericks,DAL,mavericks,1628411,Wes,Iwundu,W. Iwundu,wes-iwundu,,,25,11:34,0.368,0.316,0.145,0.0,0.412,0.118,0.219,0.0
0022000031,1610612742,Dallas,Mavericks,DAL,mavericks,1630182,Josh,Green,J. Green,josh-green,,,8,11:34,0.368,0.316,0.145,0.0,0.412,0.118,0.219,0.0
0022000031,1610612742,Dallas,Mavericks,DAL,mavericks,1626246,Boban,Marjanovic,B. Marjanovic,boban-marjanovic,,,51,10:16,0.353,0.353,0.161,0.167,0.333,0.133,0.201,0.0
0022000031,1610612742,Dallas,Mavericks,DAL,mavericks,1630179,Tyrell,Terry,T. Terry,tyrell-terry,,,1,8:46,0.313,0.25,0.068,0.0,0.308,0.154,0.178,0.0
0022000031,1610612746,LA,Clippers,LAC,clippers,202331,Paul,George,P. George,paul-george,F,,13,24:09,0.366,0.293,0.106,0.0,0.543,0.255,0.078,0.208
0022000031,1610612746,LA,Clippers,LAC,clippers,201587,Nicolas,Batum,N. Batum,nicolas-batum,F,,33,21:30,0.382,0.353,0.118,0.048,0.5,0.35,0.066,0.182
0022000031,1610612746,LA,Clippers,LAC,clippers,201586,Serge,Ibaka,S. Ibaka,serge-ibaka,C,,9,19:32,0.387,0.323,0.13,0.053,0.529,0.286,0.074,0.105
0022000031,1610612746,LA,Clippers,LAC,clippers,1628379,Luke,Kennard,L. Kennard,luke-kennard,G,,5,29:00,0.413,0.261,0.14,0.0,0.622,0.388,0.099,0.125
0022000031,1610612746,LA,Clippers,LAC,clippers,201976,Patrick,Beverley,P. Beverley,patrick-beverley,G,,21,21:55,0.343,0.343,0.116,0.0,0.55,0.35,0.065,0.143
0022000031,1610612746,LA,Clippers,LAC,clippers,1627826,Ivica,Zubac,I. Zubac,ivica-zubac,,,40,16:28,0.333,0.296,0.127,0.053,0.742,0.273,0.059,0.455
0022000031,1610612746,LA,Clippers,LAC,clippers,101150,Lou,Williams,L. Williams,lou-williams,,,23,9:00,0.3,0.133,0.178,0.091,0.727,0.136,0.049,0.571
0022000031,1610612746,LA,Clippers,LAC,clippers,202704,Reggie,Jackson,R. Jackson,reggie-jackson,,,1,20:54,0.359,0.25,0.177,0.0,0.566,0.211,0.08,0.412
0022000031,1610612746,LA,Clippers,LAC,clippers,202335,Patrick,Patterson,P. Patterson,patrick-patterson,,,54,8:51,0.3,0.133,0.178,0.0,0.895,0.158,0.052,0.5
0022000031,1610612746,LA,Clippers,LAC,clippers,1629611,Terance,Mann,T. Mann,terance-mann,,,14,23:51,0.371,0.229,0.193,0.0,0.613,0.375,0.09,0.333
0022000031,1610612746,LA,Clippers,LAC,clippers,1629599,Amir,Coffey,A. Coffey,amir-coffey,,,7,17:39,0.389,0.222,0.173,0.056,0.464,0.357,0.127,0.313
0022000031,1610612746,LA,Clippers,LAC,clippers,1629662,Mfiondu,Kabengele,M. Kabengele,mfiondu-kabengele,,,25,15:11,0.375,0.25,0.163,0.0,0.4,0.4,0.109,0.333
0022000031,1610612746,LA,Clippers,LAC,clippers,1630187,Daniel,Oturu,D. Oturu,daniel-oturu,,,10,12:00,0.389,0.111,0.209,0.0,0.368,0.421,0.139,0.333
0022000031,1610612746,LA,Clippers,LAC,clippers,202695,Kawhi,Leonard,K. Leonard,kawhi-leonard,,DNP - Injury/Illness,2,,0.0,0.0,0.0,0.0,0.0,0.0,0.0,0.0
0022000045,1610612757,Portland,Trail Blazers,POR,blazers,1627884,Derrick,Jones Jr.,D. Jones Jr.,derrick-jones-jr,F,,5,36:47,0.577,0.2,0.107,0.0,0.567,0.209,0.13,0.188
0022000045,1610612757,Portland,Trail Blazers,POR,blazers,203496,Robert,Covington,R. Covington,robert-covington,F,,23,37:49,0.521,0.171,0.114,0.024,0.551,0.221,0.157,0.152
0022000045,1610612757,Portland,Trail Blazers,POR,blazers,203994,Jusuf,Nurkić,J. Nurkić,jusuf-nurkić,C,,27,25:55,0.5,0.217,0.147,0.074,0.553,0.191,0.164,0.227
0022000045,1610612757,Portland,Trail Blazers,POR,blazers,203468,CJ,McCollum,C. McCollum,cj-mccollum,G,,3,36:54,0.551,0.159,0.114,0.027,0.508,0.185,0.166,0.152
0022000045,1610612757,Portland,Trail Blazers,POR,blazers,203081,Damian,Lillard,D. Lillard,damian-lillard,G,,0,36:23,0.507,0.174,0.118,0.0,0.574,0.206,0.137,0.156
0022000045,1610612757,Portland,Trail Blazers,POR,blazers,203918,Rodney,Hood,R. Hood,rodney-hood,,,5,15:32,0.5,0.081,0.083,0.0,0.379,0.172,0.142,0.056
0022000045,1610612757,Portland,Trail Blazers,POR,blazers,202683,Enes,Freedom,E. Freedom,enes-freedom,,,11,22:05,0.609,0.109,0.042,0.125,0.5,0.225,0.123,0.045
0022000045,1610612757,Portland,Trail Blazers,POR,blazers,1629018,Gary,Trent Jr.,G. Trent Jr.,gary-trent-jr,,,2,23:43,0.625,0.146,0.04,0.0,0.5,0.238,0.119,0.087
0022000045,1610612757,Portland,Trail Blazers,POR,blazers,1629014,Anfernee,Simons,A. Simons,anfernee-simons,,,1,4:52,0.85,0.2,0.0,0.0,0.5,0.222,0.168,0.0
0022000045,1610612757,Portland,Trail Blazers,POR,blazers,1629833,Keljin,Blevins,K. Blevins,keljin-blevins,,DNP - Coach's Decision,21,,0.0,0.0,0.0,0.0,0.0,0.0,0.0,0.0
0022000045,1610612757,Portland,Trail Blazers,POR,blazers,1629604,CJ,Elleby,C. Elleby,cj-elleby,,DNP - Coach's Decision,16,,0.0,0.0,0.0,0.0,0.0,0.0,0.0,0.0
0022000045,1610612757,Portland,Trail Blazers,POR,blazers,1628385,Harry,Giles III,H. Giles III,harry-giles-iii,,DNP - Coach's Decision,4,,0.0,0.0,0.0,0.0,0.0,0.0,0.0,0.0
0022000045,1610612747,Los Angeles,Lakers,LAL,lakers,2544,LeBron,James,L. James,lebron-james,F,,6,35:55,0.578,0.219,0.133,0.059,0.57,0.203,0.096,0.148
0022000045,1610612747,Los Angeles,Lakers,LAL,lakers,203076,Anthony,Davis,A. Davis,anthony-davis,F,,3,37:49,0.551,0.221,0.157,0.028,0.521,0.171,0.114,0.143
0022000045,1610612747,Los Angeles,Lakers,LAL,lakers,201188,Marc,Gasol,M. Gasol,marc-gasol,C,,14,19:21,0.611,0.194,0.181,0.056,0.424,0.273,0.171,0.15
0022000045,1610612747,Los Angeles,Lakers,LAL,lakers,203484,Kentavious,Caldwell-Pope,K. Caldwell-Pope,kentavious-caldwell-pope,G,,1,28:33,0.578,0.196,0.179,0.0,0.471,0.196,0.135,0.154
0022000045,1610612747,Los Angeles,Lakers,LAL,lakers,203471,Dennis,Schröder,D. Schröder,dennis-schröder,G,,17,36:18,0.553,0.212,0.162,0.0,0.5,0.176,0.116,0.143
0022000045,1610612747,Los Angeles,Lakers,LAL,lakers,1628398,Kyle,Kuzma,K. Kuzma,kyle-kuzma,,,0,23:09,0.393,0.19,0.136,0.0,0.569,0.098,0.096,0.273
0022000045,1610612747,Los Angeles,Lakers,LAL,lakers,1626149,Montrezl,Harrell,M. Harrell,montrezl-harrell,,,15,27:16,0.49,0.224,0.121,0.071,0.643,0.107,0.035,0.143
0022000045,1610612747,Los Angeles,Lakers,LAL,lakers,202083,Wesley,Matthews,W. Matthews,wesley-matthews,,,9,15:19,0.429,0.214,0.092,0.0,0.636,0.091,0.06,0.231
0022000045,1610612747,Los Angeles,Lakers,LAL,lakers,202693,Markieff,Morris,M. Morris,markieff-morris,,,88,6:45,0.5,0.083,0.139,0.0,0.7,0.133,0.0,0.5
0022000045,1610612747,Los Angeles,Lakers,LAL,lakers,1629659,Talen,Horton-Tucker,T. Horton-Tucker,talen-horton-tucker,,,5,9:35,0.474,0.211,0.051,0.0,0.711,0.158,0.047,0.0
0022000045,1610612747,Los Angeles,Lakers,LAL,lakers,1626188,Quinn,Cook,Q. Cook,quinn-cook,,DNP - Coach's Decision,2,,0.0,0.0,0.0,0.0,0.0,0.0,0.0,0.0
0022000045,1610612747,Los Angeles,Lakers,LAL,lakers,201162,Jared,Dudley,J. Dudley,jared-dudley,,DNP - Coach's Decision,10,,0.0,0.0,0.0,0.0,0.0,0.0,0.0,0.0
0022000045,1610612747,Los Angeles,Lakers,LAL,lakers,1628035,Alfonzo,McKinnie,A. McKinnie,alfonzo-mckinnie,,DNP - Coach's Decision,28,,0.0,0.0,0.0,0.0,0.0,0.0,0.0,0.0
0022000041,1610612765,Detroit,Pistons,DET,pistons,1630180,Saddiq,Bey,S. Bey,saddiq-bey,F,,41,30:15,0.508,0.254,0.032,0.027,0.569,0.373,0.155,0.192
0022000041,1610612765,Detroit,Pistons,DET,pistons,203924,Jerami,Grant,J. Grant,jerami-grant,F,,9,37:38,0.513,0.227,0.076,0.023,0.586,0.391,0.138,0.188
0022000041,1610612765,Detroit,Pistons,DET,pistons,203486,Mason,Plumlee,M. Plumlee,mason-plumlee,C,,24,33:33,0.522,0.194,0.085,0.128,0.588,0.386,0.14,0.179
0022000041,1610612765,Detroit,Pistons,DET,pistons,1628367,Josh,Jackson,J. Jackson,josh-jackson,G,,20,28:01,0.526,0.228,0.051,0.03,0.609,0.478,0.151,0.217
0022000041,1610612765,Detroit,Pistons,DET,pistons,1630165,Killian,Hayes,K. Hayes,killian-hayes,G,,7,29:23,0.5,0.175,0.065,0.026,0.594,0.458,0.13,0.16
0022000041,1610612765,Detroit,Pistons,DET,pistons,1626153,Delon,Wright,D. Wright,delon-wright,,,55,21:45,0.512,0.317,0.134,0.043,0.613,0.25,0.129,0.25
0022000041,1610612765,Detroit,Pistons,DET,pistons,1629004,Svi,Mykhailiuk,S. Mykhailiuk,svi-mykhailiuk,,,19,14:03,0.481,0.296,0.109,0.0,0.72,0.36,0.072,0.273
0022000041,1610612765,Detroit,Pistons,DET,pistons,201961,Wayne,Ellington,W. Ellington,wayne-ellington,,,8,20:33,0.488,0.256,0.137,0.04,0.611,0.389,0.093,0.188
0022000041,1610612765,Detroit,Pistons,DET,pistons,1630191,Isaiah,Stewart,I. Stewart,isaiah-stewart,,,28,14:27,0.468,0.355,0.069,0.278,0.66,0.4,0.102,0.273
0022000041,1610612765,Detroit,Pistons,DET,pistons,1629635,Sekou,Doumbouya,S. Doumbouya,sekou-doumbouya,,,45,10:22,0.478,0.304,0.095,0.077,0.694,0.389,0.095,0.286
0022000041,1610612765,Detroit,Pistons,DET,pistons,1630240,Saben,Lee,S. Lee,saben-lee,,DNP - Coach's Decision,38,,0.0,0.0,0.0,0.0,0.0,0.0,0.0,0.0
0022000041,1610612765,Detroit,Pistons,DET,pistons,203585,Rodney,McGruder,R. McGruder,rodney-mcgruder,,DNP - Coach's Decision,17,,0.0,0.0,0.0,0.0,0.0,0.0,0.0,0.0
0022000041,1610612765,Detroit,Pistons,DET,pistons,1626143,Jahlil,Okafor,J. Okafor,jahlil-okafor,,DNP - Injury/Illness,13,,0.0,0.0,0.0,0.0,0.0,0.0,0.0,0.0
0022000041,1610612765,Detroit,Pistons,DET,pistons,1629686,Deividas,Sirvydis,D. Sirvydis,deividas-sirvydis,,DNP - Coach's Decision,91,,0.0,0.0,0.0,0.0,0.0,0.0,0.0,0.0
0022000041,1610612737,Atlanta,Hawks,ATL,hawks,1629631,De'Andre,Hunter,D. Hunter,deandre-hunter,F,,12,32:01,0.577,0.481,0.147,0.0,0.507,0.235,0.045,0.297
0022000041,1610612737,Atlanta,Hawks,ATL,hawks,1628381,John,Collins,J. Collins,john-collins,F,,20,26:09,0.695,0.488,0.097,0.105,0.593,0.167,0.074,0.308
0022000041,1610612737,Atlanta,Hawks,ATL,hawks,203991,Clint,Capela,C. Capela,clint-capela,C,,15,19:54,0.529,0.229,0.123,0.095,0.547,0.209,0.0,0.304
0022000041,1610612737,Atlanta,Hawks,ATL,hawks,1629629,Cam,Reddish,C. Reddish,cam-reddish,G,,22,26:10,0.589,0.333,0.131,0.042,0.575,0.208,0.074,0.286
0022000041,1610612737,Atlanta,Hawks,ATL,hawks,1629027,Trae,Young,T. Young,trae-young,G,,11,32:55,0.573,0.418,0.143,0.0,0.5,0.232,0.057,0.263
0022000041,1610612737,Atlanta,Hawks,ATL,hawks,203992,Bogdan,Bogdanović,B. Bogdanović,bogdan-bogdanović,,,13,30:27,0.575,0.321,0.15,0.0,0.415,0.246,0.079,0.35
0022000041,1610612737,Atlanta,Hawks,ATL,hawks,1628981,Bruno,Fernando,B. Fernando,bruno-fernando,,,24,10:38,0.763,0.421,0.163,0.125,0.361,0.333,0.185,0.273
0022000041,1610612737,Atlanta,Hawks,ATL,hawks,1628989,Kevin,Huerter,K. Huerter,kevin-huerter,,,3,26:46,0.585,0.404,0.106,0.074,0.455,0.309,0.072,0.355
0022000041,1610612737,Atlanta,Hawks,ATL,hawks,203524,Solomon,Hill,S. Hill,solomon-hill,,,18,19:55,0.667,0.444,0.116,0.0,0.528,0.333,0.185,0.3
0022000041,1610612737,Atlanta,Hawks,ATL,hawks,200765,Rajon,Rondo,R. Rondo,rajon-rondo,,,7,15:05,0.685,0.333,0.097,0.0,0.517,0.276,0.136,0.438
0022000041,1610612737,Atlanta,Hawks,ATL,hawks,201568,Danilo,Gallinari,D. Gallinari,danilo-gallinari,,DND - Injury/Illness,8,,0.0,0.0,0.0,0.0,0.0,0.0,0.0,0.0
0022000041,1610612737,Atlanta,Hawks,ATL,hawks,1629164,Brandon,Goodwin,B. Goodwin,brandon-goodwin,,DNP - Coach's Decision,0,,0.0,0.0,0.0,0.0,0.0,0.0,0.0,0.0
0022000041,1610612737,Atlanta,Hawks,ATL,hawks,1630233,Nathan,Knight,N. Knight,nathan-knight,,DNP - Coach's Decision,1,,0.0,0.0,0.0,0.0,0.0,0.0,0.0,0.0
0022000041,1610612737,Atlanta,Hawks,ATL,hawks,1630219,Skylar,Mays,S. Mays,skylar-mays,,DNP - Coach's Decision,4,,0.0,0.0,0.0,0.0,0.0,0.0,0.0,0.0
0022000044,1610612745,Houston,Rockets,HOU,rockets,1627863,Danuel,House Jr.,D. House Jr.,danuel-house-jr,F,,4,28:56,0.547,0.189,0.178,0.0,0.545,0.345,0.158,0.357
0022000044,1610612745,Houston,Rockets,HOU,rockets,200782,P.J.,Tucker,P. Tucker,pj-tucker,F,,17,26:59,0.649,0.277,0.106,0.0,0.781,0.271,0.153,0.19
0022000044,1610612745,Houston,Rockets,HOU,rockets,1626174,Christian,Wood,C. Wood,christian-wood,C,,35,36:49,0.604,0.224,0.124,0.0,0.629,0.171,0.153,0.273
0022000044,1610612745,Houston,Rockets,HOU,rockets,1628021,David,Nwaba,D. Nwaba,david-nwaba,G,,2,31:58,0.644,0.305,0.086,0.031,0.627,0.255,0.191,0.231
0022000044,1610612745,Houston,Rockets,HOU,rockets,201935,James,Harden,J. Harden,james-harden,G,,13,31:30,0.625,0.232,0.133,0.0,0.712,0.305,0.116,0.214
0022000044,1610612745,Houston,Rockets,HOU,rockets,1628425,Sterling,Brown,S. Brown,sterling-brown,,,0,30:40,0.471,0.327,0.175,0.029,0.611,0.481,0.144,0.222
0022000044,1610612745,Houston,Rockets,HOU,rockets,1630256,Jae'Sean,Tate,J. Tate,jaesean-tate,,,8,25:27,0.404,0.234,0.204,0.063,0.49,0.49,0.102,0.233
0022000044,1610612745,Houston,Rockets,HOU,rockets,203998,Bruno,Caboclo,B. Caboclo,bruno-caboclo,,,5,19:31,0.371,0.286,0.194,0.037,0.47,0.667,0.175,0.263
0022000044,1610612745,Houston,Rockets,HOU,rockets,1630271,Brodric,Thomas,B. Thomas,brodric-thomas,,,33,8:10,0.393,0.571,0.205,0.0,0.375,1.0,0.207,0.25
0022000044,1610612745,Houston,Rockets,HOU,rockets,202326,DeMarcus,Cousins,D. Cousins,demarcus-cousins,,NWT - Not With Team,15,,0.0,0.0,0.0,0.0,0.0,0.0,0.0,0.0
0022000044,1610612745,Houston,Rockets,HOU,rockets,201569,Eric,Gordon,E. Gordon,eric-gordon,,NWT - Not With Team,10,,0.0,0.0,0.0,0.0,0.0,0.0,0.0,0.0
0022000044,1610612745,Houston,Rockets,HOU,rockets,1630222,Mason,Jones,M. Jones,mason-jones,,NWT - Not With Team,9,,0.0,0.0,0.0,0.0,0.0,0.0,0.0,0.0
0022000044,1610612745,Houston,Rockets,HOU,rockets,202322,John,Wall,J. Wall,john-wall,,NWT - Not With Team,1,,0.0,0.0,0.0,0.0,0.0,0.0,0.0,0.0
0022000044,1610612743,Denver,Nuggets,DEN,nuggets,1629008,Michael,Porter Jr.,M. Porter Jr.,michael-porter-jr,F,,1,23:38,0.732,0.268,0.177,0.0,0.671,0.268,0.098,0.0
0022000044,1610612743,Denver,Nuggets,DEN,nuggets,200794,Paul,Millsap,P. Millsap,paul-millsap,F,,4,24:44,0.773,0.273,0.15,0.0,0.709,0.302,0.095,0.05
0022000044,1610612743,Denver,Nuggets,DEN,nuggets,203999,Nikola,Jokić,N. Jokić,nikola-jokić,C,,15,34:07,0.731,0.262,0.132,0.133,0.629,0.224,0.138,0.033
0022000044,1610612743,Denver,Nuggets,DEN,nuggets,203914,Gary,Harris,G. Harris,gary-harris,G,,14,28:57,0.736,0.34,0.139,0.038,0.656,0.271,0.159,0.043
0022000044,1610612743,Denver,Nuggets,DEN,nuggets,1627750,Jamal,Murray,J. Murray,jamal-murray,G,,27,31:04,0.636,0.305,0.149,0.063,0.554,0.214,0.146,0.103
0022000044,1610612743,Denver,Nuggets,DEN,nuggets,1628420,Monté,Morris,M. Morris,monté-morris,,,11,23:30,0.522,0.356,0.135,0.0,0.398,0.205,0.17,0.154
0022000044,1610612743,Denver,Nuggets,DEN,nuggets,203115,Will,Barton,W. Barton,will-barton,,,5,22:44,0.591,0.432,0.117,0.0,0.405,0.143,0.197,0.16
0022000044,1610612743,Denver,Nuggets,DEN,nuggets,1628408,PJ,Dozier,P. Dozier,pj-dozier,,,35,19:39,0.486,0.486,0.156,0.087,0.306,0.111,0.223,0.13
0022000044,1610612743,Denver,Nuggets,DEN,nuggets,1628392,Isaiah,Hartenstein,I. Hartenstein,isaiah-hartenstein,,,25,9:40,0.3,0.733,0.202,0.154,0.25,0.2,0.21,0.25
0022000044,1610612743,Denver,Nuggets,DEN,nuggets,1630267,Facundo,Campazzo,F. Campazzo,facundo-campazzo,,,7,5:27,0.143,0.857,0.237,0.0,0.55,0.6,0.147,0.2
0022000044,1610612743,Denver,Nuggets,DEN,nuggets,1629626,Bol,Bol,B. Bol,bol-bol,,,10,5:09,0.143,0.857,0.237,0.0,0.55,0.6,0.079,0.2
0022000044,1610612743,Denver,Nuggets,DEN,nuggets,1630181,R.J.,Hampton,R. Hampton,rj-hampton,,,13,4:07,0.167,0.667,0.205,0.0,0.688,0.75,0.094,0.25
0022000044,1610612743,Denver,Nuggets,DEN,nuggets,1630192,Zeke,Nnaji,Z. Nnaji,zeke-nnaji,,,22,3:37,0.167,0.333,0.127,0.0,0.786,0.857,0.104,0.333
0022000044,1610612743,Denver,Nuggets,DEN,nuggets,1628427,Vlatko,Čančar,V. Čančar,vlatko-čančar,,,31,3:37,0.167,0.333,0.127,0.0,0.786,0.857,0.104,0.333
0022000044,1610612743,Denver,Nuggets,DEN,nuggets,1630210,Markus,Howard,M. Howard,markus-howard,,DNP - Coach's Decision,00,,0.0,0.0,0.0,0.0,0.0,0.0,0.0,0.0
0022000043,1610612762,Utah,Jazz,UTA,jazz,202711,Bojan,Bogdanovic,B. Bogdanovic,bojan-bogdanovic,F,,44,34:44,0.563,0.19,0.152,0.0,0.573,0.242,0.159,0.172
0022000043,1610612762,Utah,Jazz,UTA,jazz,1626220,Royce,O'Neale,R. O'Neale,royce-oneale,F,,23,33:59,0.571,0.127,0.128,0.059,0.559,0.22,0.187,0.154
0022000043,1610612762,Utah,Jazz,UTA,jazz,203497,Rudy,Gobert,R. Gobert,rudy-gobert,C,,27,36:49,0.581,0.118,0.132,0.0,0.529,0.159,0.173,0.212
0022000043,1610612762,Utah,Jazz,UTA,jazz,201144,Mike,Conley,M. Conley,mike-conley,G,,10,32:22,0.578,0.103,0.177,0.1,0.525,0.164,0.159,0.219
0022000043,1610612762,Utah,Jazz,UTA,jazz,1628378,Donovan,Mitchell,D. Mitchell,donovan-mitchell,G,,45,34:47,0.547,0.156,0.14,0.0,0.576,0.288,0.172,0.154
0022000043,1610612762,Utah,Jazz,UTA,jazz,204060,Joe,Ingles,J. Ingles,joe-ingles,,,2,20:23,0.529,0.235,0.225,0.0,0.486,0.27,0.115,0.136
0022000043,1610612762,Utah,Jazz,UTA,jazz,202324,Derrick,Favors,D. Favors,derrick-favors,,,15,11:11,0.556,0.333,0.273,0.1,0.647,0.471,0.128,0.0
0022000043,1610612762,Utah,Jazz,UTA,jazz,203903,Jordan,Clarkson,J. Clarkson,jordan-clarkson,,,00,25:42,0.622,0.222,0.181,0.1,0.587,0.196,0.176,0.143
0022000043,1610612762,Utah,Jazz,UTA,jazz,1627777,Georges,Niang,G. Niang,georges-niang,,,31,8:23,0.607,0.143,0.265,0.0,0.559,0.118,0.112,0.2
0022000043,1610612762,Utah,Jazz,UTA,jazz,1629671,Miye,Oni,M. Oni,miye-oni,,,81,1:40,1.167,0.0,0.25,0.0,0.333,0.0,0.25,0.0
0022000043,1610612762,Utah,Jazz,UTA,jazz,1628962,Udoka,Azubuike,U. Azubuike,udoka-azubuike,,DNP - Coach's Decision,20,,0.0,0.0,0.0,0.0,0.0,0.0,0.0,0.0
0022000043,1610612762,Utah,Jazz,UTA,jazz,1627885,Shaquille,Harrison,S. Harrison,shaquille-harrison,,DNP - Coach's Decision,8,,0.0,0.0,0.0,0.0,0.0,0.0,0.0,0.0
0022000043,1610612762,Utah,Jazz,UTA,jazz,1630190,Elijah,Hughes,E. Hughes,elijah-hughes,,DNP - Coach's Decision,33,,0.0,0.0,0.0,0.0,0.0,0.0,0.0,0.0
0022000043,1610612762,Utah,Jazz,UTA,jazz,1629752,Juwan,Morgan,J. Morgan,juwan-morgan,,DNP - Coach's Decision,16,,0.0,0.0,0.0,0.0,0.0,0.0,0.0,0.0
0022000043,1610612760,Oklahoma City,Thunder,OKC,thunder,1629652,Luguentz,Dort,L. Dort,luguentz-dort,F,,5,31:42,0.554,0.268,0.146,0.031,0.552,0.172,0.14,0.233
0022000043,1610612760,Oklahoma City,Thunder,OKC,thunder,1629647,Darius,Bazley,D. Bazley,darius-bazley,F,,7,33:21,0.525,0.186,0.181,0.0,0.563,0.127,0.104,0.207
0022000043,1610612760,Oklahoma City,Thunder,OKC,thunder,201143,Al,Horford,A. Horford,al-horford,C,,42,29:12,0.575,0.245,0.155,0.0,0.557,0.151,0.134,0.185
0022000043,1610612760,Oklahoma City,Thunder,OKC,thunder,1628983,Shai,Gilgeous-Alexander,S. Gilgeous-Alexander,shai-gilgeous-alexander,G,,2,36:25,0.554,0.262,0.151,0.0,0.576,0.121,0.163,0.25
0022000043,1610612760,Oklahoma City,Thunder,OKC,thunder,201588,George,Hill,G. Hill,george-hill,G,,3,25:04,0.543,0.277,0.141,0.111,0.553,0.128,0.136,0.2
0022000043,1610612760,Oklahoma City,Thunder,OKC,thunder,1628977,Hamidou,Diallo,H. Diallo,hamidou-diallo,,,6,19:52,0.557,0.171,0.168,0.048,0.588,0.176,0.229,0.25
0022000043,1610612760,Oklahoma City,Thunder,OKC,thunder,203488,Mike,Muscala,M. Muscala,mike-muscala,,,33,18:48,0.515,0.182,0.177,0.048,0.606,0.182,0.216,0.273
0022000043,1610612760,Oklahoma City,Thunder,OKC,thunder,1630177,Theo,Maledon,T. Maledon,theo-maledon,,,11,19:44,0.571,0.114,0.21,0.0,0.636,0.242,0.202,0.111
0022000043,1610612760,Oklahoma City,Thunder,OKC,thunder,1629026,Kenrich,Williams,K. Williams,kenrich-williams,,,34,11:26,0.525,0.2,0.202,0.077,0.575,0.2,0.155,0.0
0022000043,1610612760,Oklahoma City,Thunder,OKC,thunder,1630197,Aleksej,Pokusevski,A. Pokusevski,aleksej-pokusevski,,,17,14:26,0.611,0.222,0.126,0.0,0.609,0.261,0.297,0.222
0022000043,1610612760,Oklahoma City,Thunder,OKC,thunder,1629650,Moses,Brown,M. Brown,moses-brown,,DNP - Coach's Decision,9,,0.0,0.0,0.0,0.0,0.0,0.0,0.0,0.0
0022000043,1610612760,Oklahoma City,Thunder,OKC,thunder,1630221,Josh,Hall,J. Hall,josh-hall,,DNP - Coach's Decision,15,,0.0,0.0,0.0,0.0,0.0,0.0,0.0,0.0
0022000043,1610612760,Oklahoma City,Thunder,OKC,thunder,1628382,Justin,Jackson,J. Jackson,justin-jackson,,DNP - Coach's Decision,44,,0.0,0.0,0.0,0.0,0.0,0.0,0.0,0.0
0022000043,1610612760,Oklahoma City,Thunder,OKC,thunder,203121,Darius,Miller,D. Miller,darius-miller,,DNP - Coach's Decision,12,,0.0,0.0,0.0,0.0,0.0,0.0,0.0,0.0
0022000043,1610612760,Oklahoma City,Thunder,OKC,thunder,1629676,Isaiah,Roby,I. Roby,isaiah-roby,,DNP - Coach's Decision,22,,0.0,0.0,0.0,0.0,0.0,0.0,0.0,0.0
0022000042,1610612763,Memphis,Grizzlies,MEM,grizzlies,1628415,Dillon,Brooks,D. Brooks,dillon-brooks,F,,24,35:17,0.54,0.381,0.17,0.083,0.442,0.159,0.167,0.243
0022000042,1610612763,Memphis,Grizzlies,MEM,grizzlies,203937,Kyle,Anderson,K. Anderson,kyle-anderson,F,,1,36:43,0.493,0.304,0.139,0.075,0.435,0.188,0.178,0.256
0022000042,1610612763,Memphis,Grizzlies,MEM,grizzlies,202685,Jonas,Valančiūnas,J. Valančiūnas,jonas-valančiūnas,C,,17,39:07,0.486,0.314,0.124,0.0,0.434,0.132,0.135,0.238
0022000042,1610612763,Memphis,Grizzlies,MEM,grizzlies,1628960,Grayson,Allen,G. Allen,grayson-allen,G,,3,23:58,0.417,0.333,0.189,0.032,0.489,0.178,0.141,0.231
0022000042,1610612763,Memphis,Grizzlies,MEM,grizzlies,1629630,Ja,Morant,J. Morant,ja-morant,G,,12,12:36,0.411,0.286,0.203,0.053,0.432,0.273,0.145,0.077
0022000042,1610612763,Memphis,Grizzlies,MEM,grizzlies,1629634,Brandon,Clarke,B. Clarke,brandon-clarke,,,15,28:57,0.471,0.308,0.19,0.118,0.5,0.17,0.178,0.231
0022000042,1610612763,Memphis,Grizzlies,MEM,grizzlies,1630217,Desmond,Bane,D. Bane,desmond-bane,,,22,23:55,0.5,0.326,0.211,0.036,0.557,0.25,0.12,0.238
0022000042,1610612763,Memphis,Grizzlies,MEM,grizzlies,203476,Gorgui,Dieng,G. Dieng,gorgui-dieng,,,14,13:53,0.464,0.25,0.272,0.111,0.625,0.292,0.199,0.273
0022000042,1610612763,Memphis,Grizzlies,MEM,grizzlies,1629723,John,Konchar,J. Konchar,john-konchar,,,46,15:51,0.534,0.069,0.065,0.0,0.517,0.067,0.104,0.313
0022000042,1610612763,Memphis,Grizzlies,MEM,grizzlies,1626145,Tyus,Jones,T. Jones,tyus-jones,,,21,34:43,0.45,0.25,0.156,0.027,0.493,0.118,0.14,0.294
0022000042,1610612763,Memphis,Grizzlies,MEM,grizzlies,1630253,Sean,McDermott,S. McDermott,sean-mcdermott,,DNP - Coach's Decision,30,,0.0,0.0,0.0,0.0,0.0,0.0,0.0,0.0
0022000042,1610612763,Memphis,Grizzlies,MEM,grizzlies,1630214,Xavier,Tillman,X. Tillman,xavier-tillman,,DNP - Injury/Illness,2,,0.0,0.0,0.0,0.0,0.0,0.0,0.0,0.0
0022000042,1610612751,Brooklyn,Nets,BKN,nets,1627789,Timothe,Luwawu-Cabarrot,T. Luwawu-Cabarrot,timothe-luwawu-cabarrot,F,,9,39:53,0.474,0.156,0.141,0.022,0.413,0.347,0.194,0.364
0022000042,1610612751,Brooklyn,Nets,BKN,nets,1627752,Taurean,Prince,T. Prince,taurean-prince,F,,2,18:35,0.403,0.222,0.127,0.0,0.5,0.447,0.121,0.409
0022000042,1610612751,Brooklyn,Nets,BKN,nets,201599,DeAndre,Jordan,D. Jordan,deandre-jordan,C,,6,29:54,0.398,0.222,0.145,0.029,0.444,0.278,0.16,0.276
0022000042,1610612751,Brooklyn,Nets,BKN,nets,203925,Joe,Harris,J. Harris,joe-harris,G,,12,41:46,0.449,0.19,0.169,0.102,0.487,0.282,0.124,0.25
0022000042,1610612751,Brooklyn,Nets,BKN,nets,1627747,Caris,LeVert,C. LeVert,caris-levert,G,,22,38:11,0.473,0.162,0.144,0.023,0.4,0.357,0.214,0.357
0022000042,1610612751,Brooklyn,Nets,BKN,nets,1629013,Landry,Shamet,L. Shamet,landry-shamet,,,20,24:05,0.522,0.156,0.14,0.0,0.558,0.372,0.173,0.304
0022000042,1610612751,Brooklyn,Nets,BKN,nets,1628386,Jarrett,Allen,J. Allen,jarrett-allen,,,31,22:23,0.593,0.116,0.173,0.227,0.535,0.186,0.185,0.304
0022000042,1610612751,Brooklyn,Nets,BKN,nets,201145,Jeff,Green,J. Green,jeff-green,,,8,23:41,0.602,0.159,0.143,0.0,0.524,0.238,0.214,0.286
0022000042,1610612751,Brooklyn,Nets,BKN,nets,1629185,Chris,Chiozza,C. Chiozza,chris-chiozza,,,4,26:32,0.448,0.146,0.188,0.0,0.553,0.128,0.095,0.095
0022000042,1610612751,Brooklyn,Nets,BKN,nets,1628971,Bruce,Brown,B. Brown,bruce-brown,,DNP - Coach's Decision,1,,0.0,0.0,0.0,0.0,0.0,0.0,0.0,0.0
0022000042,1610612751,Brooklyn,Nets,BKN,nets,204020,Tyler,Johnson,T. Johnson,tyler-johnson,,DNP - Coach's Decision,10,,0.0,0.0,0.0,0.0,0.0,0.0,0.0,0.0
0022000042,1610612751,Brooklyn,Nets,BKN,nets,1629066,Rodions,Kurucs,R. Kurucs,rodions-kurucs,,DNP - Coach's Decision,00,,0.0,0.0,0.0,0.0,0.0,0.0,0.0,0.0
0022000042,1610612751,Brooklyn,Nets,BKN,nets,1629617,Reggie,Perry,R. Perry,reggie-perry,,DNP - Coach's Decision,0,,0.0,0.0,0.0,0.0,0.0,0.0,0.0,0.0
0022000050,1610612741,Chicago,Bulls,CHI,bulls,1630172,Patrick,Williams,P. Williams,patrick-williams,F,,44,20:21,0.563,0.125,0.169,0.045,0.547,0.438,0.226,0.267
0022000050,1610612741,Chicago,Bulls,CHI,bulls,1628374,Lauri,Markkanen,L. Markkanen,lauri-markkanen,F,,24,19:15,0.408,0.237,0.136,0.037,0.471,0.229,0.202,0.188
0022000050,1610612741,Chicago,Bulls,CHI,bulls,1628976,Wendell,Carter Jr.,W. Carter Jr.,wendell-carter-jr,C,,34,34:11,0.531,0.344,0.114,0.0,0.508,0.2,0.177,0.161
0022000050,1610612741,Chicago,Bulls,CHI,bulls,203897,Zach,LaVine,Z. LaVine,zach-lavine,G,,8,38:17,0.507,0.375,0.101,0.045,0.5,0.349,0.213,0.188
0022000050,1610612741,Chicago,Bulls,CHI,bulls,1629632,Coby,White,C. White,coby-white,G,,0,36:57,0.493,0.286,0.118,0.0,0.439,0.288,0.172,0.189
0022000050,1610612741,Chicago,Bulls,CHI,bulls,203490,Otto,Porter Jr.,O. Porter Jr.,otto-porter-jr,,,22,29:21,0.49,0.51,0.092,0.032,0.5,0.268,0.16,0.192
0022000050,1610612741,Chicago,Bulls,CHI,bulls,202066,Garrett,Temple,G. Temple,garrett-temple,,,17,28:36,0.554,0.609,0.138,0.0,0.471,0.216,0.216,0.217
0022000050,1610612741,Chicago,Bulls,CHI,bulls,203107,Tomas,Satoransky,T. Satoransky,tomas-satoransky,,,31,20:06,0.667,0.424,0.173,0.0,0.606,0.515,0.211,0.3
0022000050,1610612741,Chicago,Bulls,CHI,bulls,1628990,Chandler,Hutchison,C. Hutchison,chandler-hutchison,,,15,6:25,0.577,0.231,0.14,0.0,0.5,0.25,0.0,0.125
0022000050,1610612741,Chicago,Bulls,CHI,bulls,1629655,Daniel,Gafford,D. Gafford,daniel-gafford,,,12,6:31,0.55,0.7,0.187,0.0,0.625,1.0,0.363,0.5
0022000050,1610612741,Chicago,Bulls,CHI,bulls,1627853,Ryan,Arcidiacono,R. Arcidiacono,ryan-arcidiacono,,DNP - Coach's Decision,51,,0.0,0.0,0.0,0.0,0.0,0.0,0.0,0.0
0022000050,1610612741,Chicago,Bulls,CHI,bulls,1626245,Cristiano,Felicio,C. Felicio,cristiano-felicio,,DNP - Coach's Decision,6,,0.0,0.0,0.0,0.0,0.0,0.0,0.0,0.0
0022000050,1610612741,Chicago,Bulls,CHI,bulls,1628436,Luke,Kornet,L. Kornet,luke-kornet,,DNP - Coach's Decision,2,,0.0,0.0,0.0,0.0,0.0,0.0,0.0,0.0
0022000050,1610612741,Chicago,Bulls,CHI,bulls,1627756,Denzel,Valentine,D. Valentine,denzel-valentine,,DNP - Coach's Decision,45,,0.0,0.0,0.0,0.0,0.0,0.0,0.0,0.0
0022000050,1610612741,Chicago,Bulls,CHI,bulls,201152,Thaddeus,Young,T. Young,thaddeus-young,,DNP - Coach's Decision,21,,0.0,0.0,0.0,0.0,0.0,0.0,0.0,0.0
0022000050,1610612764,Washington,Wizards,WAS,wizards,1629067,Isaac,Bonga,I. Bonga,isaac-bonga,F,,17,15:50,0.479,0.167,0.296,0.071,0.387,0.258,0.084,0.105
0022000050,1610612764,Washington,Wizards,WAS,wizards,1630166,Deni,Avdija,D. Avdija,deni-avdija,F,,9,26:19,0.57,0.372,0.193,0.0,0.53,0.34,0.116,0.174
0022000050,1610612764,Washington,Wizards,WAS,wizards,1628418,Thomas,Bryant,T. Bryant,thomas-bryant,C,,13,33:32,0.473,0.364,0.206,0.086,0.533,0.295,0.156,0.143
0022000050,1610612764,Washington,Wizards,WAS,wizards,203078,Bradley,Beal,B. Beal,bradley-beal,G,,3,36:31,0.569,0.328,0.258,0.067,0.577,0.385,0.143,0.129
0022000050,1610612764,Washington,Wizards,WAS,wizards,201566,Russell,Westbrook,R. Westbrook,russell-westbrook,G,,4,37:43,0.516,0.359,0.2,0.0,0.5,0.343,0.151,0.111
0022000050,1610612764,Washington,Wizards,WAS,wizards,202397,Ish,Smith,I. Smith,ish-smith,,,14,21:15,0.395,0.209,0.157,0.0,0.463,0.488,0.059,0.091
0022000050,1610612764,Washington,Wizards,WAS,wizards,1628972,Troy,Brown Jr.,T. Brown Jr.,troy-brown-jr,,,6,10:26,0.6,0.2,0.088,0.0,0.579,0.368,0.045,0.125
0022000050,1610612764,Washington,Wizards,WAS,wizards,201577,Robin,Lopez,R. Lopez,robin-lopez,,,15,13:33,0.518,0.214,0.173,0.071,0.52,0.56,0.062,0.067
0022000050,1610612764,Washington,Wizards,WAS,wizards,202722,Davis,Bertans,D. Bertans,davis-bertans,,,42,26:16,0.542,0.458,0.115,0.037,0.622,0.333,0.168,0.1
0022000050,1610612764,Washington,Wizards,WAS,wizards,203526,Raul,Neto,R. Neto,raul-neto,,,19,14:44,0.306,0.161,0.17,0.0,0.442,0.5,0.163,0.067
0022000050,1610612764,Washington,Wizards,WAS,wizards,1630264,Anthony,Gill,A. Gill,anthony-gill,,,16,3:26,0.3,0.4,0.291,0.0,0.6,0.0,0.167,0.0
0022000050,1610612764,Washington,Wizards,WAS,wizards,1629726,Garrison,Mathews,G. Mathews,garrison-mathews,,,24,0:26,1.5,0.0,0.0,0.0,0.0,0.0,0.0,0.0
0022000050,1610612764,Washington,Wizards,WAS,wizards,1628394,Anžejs,Pasečņiks,A. Pasečņiks,anžejs-pasečņiks,,DNP - Coach's Decision,18,,0.0,0.0,0.0,0.0,0.0,0.0,0.0,0.0
0022000050,1610612764,Washington,Wizards,WAS,wizards,1629010,Jerome,Robinson,J. Robinson,jerome-robinson,,DNP - Coach's Decision,12,,0.0,0.0,0.0,0.0,0.0,0.0,0.0,0.0
0022000050,1610612764,Washington,Wizards,WAS,wizards,1629021,Moritz,Wagner,M. Wagner,moritz-wagner,,DNP - Coach's Decision,21,,0.0,0.0,0.0,0.0,0.0,0.0,0.0,0.0
0022000054,1610612750,Minnesota,Timberwolves,MIN,timberwolves,1627736,Malik,Beasley,M. Beasley,malik-beasley,F,,5,28:05,0.427,0.236,0.106,0.0,0.667,0.118,0.132,0.056
0022000054,1610612750,Minnesota,Timberwolves,MIN,timberwolves,1629633,Jarrett,Culver,J. Culver,jarrett-culver,F,,23,25:30,0.46,0.16,0.136,0.129,0.583,0.229,0.125,0.2
0022000054,1610612750,Minnesota,Timberwolves,MIN,timberwolves,1629675,Naz,Reid,N. Reid,naz-reid,C,,11,19:54,0.475,0.15,0.096,0.083,0.622,0.297,0.134,0.231
0022000054,1610612750,Minnesota,Timberwolves,MIN,timberwolves,1626156,D'Angelo,Russell,D. Russell,dangelo-russell,G,,0,31:03,0.476,0.111,0.078,0.026,0.678,0.237,0.145,0.3
0022000054,1610612750,Minnesota,Timberwolves,MIN,timberwolves,201937,Ricky,Rubio,R. Rubio,ricky-rubio,G,,9,25:33,0.44,0.22,0.096,0.0,0.66,0.128,0.126,0.063
0022000054,1610612750,Minnesota,Timberwolves,MIN,timberwolves,1630162,Anthony,Edwards,A. Edwards,anthony-edwards,,,1,24:42,0.523,0.163,0.188,0.0,0.674,0.217,0.153,0.316
0022000054,1610612750,Minnesota,Timberwolves,MIN,timberwolves,1629162,Jordan,McLaughlin,J. McLaughlin,jordan-mclaughlin,,,6,18:07,0.569,0.207,0.239,0.0,0.516,0.258,0.187,0.25
0022000054,1610612750,Minnesota,Timberwolves,MIN,timberwolves,202334,Ed,Davis,E. Davis,ed-davis,,,17,12:28,0.477,0.273,0.117,0.077,0.673,0.077,0.074,0.222
0022000054,1610612750,Minnesota,Timberwolves,MIN,timberwolves,1627774,Jake,Layman,J. Layman,jake-layman,,,10,13:03,0.542,0.167,0.108,0.0,0.66,0.12,0.141,0.25
0022000054,1610612750,Minnesota,Timberwolves,MIN,timberwolves,1627823,Juancho,Hernangomez,J. Hernangomez,juancho-hernangomez,,,41,18:28,0.548,0.258,0.177,0.0,0.559,0.118,0.132,0.188
0022000054,1610612750,Minnesota,Timberwolves,MIN,timberwolves,1629020,Jarred,Vanderbilt,J. Vanderbilt,jarred-vanderbilt,,,8,15:38,0.519,0.185,0.217,0.176,0.58,0.12,0.223,0.154
0022000054,1610612750,Minnesota,Timberwolves,MIN,timberwolves,1630183,Jaden,McDaniels,J. McDaniels,jaden-mcdaniels,,,3,7:29,0.591,0.364,0.254,0.0,0.409,0.182,0.269,0.143
0022000054,1610612746,LA,Clippers,LAC,clippers,202331,Paul,George,P. George,paul-george,F,,13,28:31,0.667,0.235,0.131,0.0,0.483,0.121,0.118,0.273
0022000054,1610612746,LA,Clippers,LAC,clippers,201587,Nicolas,Batum,N. Batum,nicolas-batum,F,,33,23:42,0.674,0.279,0.15,0.0,0.438,0.146,0.083,0.241
0022000054,1610612746,LA,Clippers,LAC,clippers,201586,Serge,Ibaka,S. Ibaka,serge-ibaka,C,,9,21:39,0.679,0.179,0.163,0.0,0.42,0.159,0.091,0.259
0022000054,1610612746,LA,Clippers,LAC,clippers,1628379,Luke,Kennard,L. Kennard,luke-kennard,G,,5,28:29,0.67,0.113,0.132,0.0,0.481,0.204,0.086,0.207
0022000054,1610612746,LA,Clippers,LAC,clippers,201976,Patrick,Beverley,P. Beverley,patrick-beverley,G,,21,21:57,0.697,0.237,0.146,0.063,0.467,0.156,0.089,0.269
0022000054,1610612746,LA,Clippers,LAC,clippers,101150,Lou,Williams,L. Williams,lou-williams,,,23,20:10,0.683,0.244,0.11,0.059,0.436,0.154,0.16,0.208
0022000054,1610612746,LA,Clippers,LAC,clippers,1627826,Ivica,Zubac,I. Zubac,ivica-zubac,,,40,18:30,0.649,0.189,0.079,0.118,0.544,0.176,0.129,0.176
0022000054,1610612746,LA,Clippers,LAC,clippers,202704,Reggie,Jackson,R. Jackson,reggie-jackson,,,1,26:03,0.57,0.14,0.145,0.037,0.511,0.227,0.184,0.167
0022000054,1610612746,LA,Clippers,LAC,clippers,1629611,Terance,Mann,T. Mann,terance-mann,,,14,24:50,0.553,0.085,0.155,0.038,0.536,0.238,0.191,0.182
0022000054,1610612746,LA,Clippers,LAC,clippers,1629599,Amir,Coffey,A. Coffey,amir-coffey,,,7,11:22,0.421,0.105,0.175,0.0,0.633,0.4,0.265,0.143
0022000054,1610612746,LA,Clippers,LAC,clippers,1629662,Mfiondu,Kabengele,M. Kabengele,mfiondu-kabengele,,,25,7:51,0.375,0.167,0.252,0.0,0.591,0.364,0.298,0.167
0022000054,1610612746,LA,Clippers,LAC,clippers,1630187,Daniel,Oturu,D. Oturu,daniel-oturu,,,10,6:56,0.45,0.2,0.288,0.143,0.591,0.364,0.203,0.167
0022000054,1610612746,LA,Clippers,LAC,clippers,202695,Kawhi,Leonard,K. Leonard,kawhi-leonard,,DNP - Injury/Illness,2,,0.0,0.0,0.0,0.0,0.0,0.0,0.0,0.0
0022000054,1610612746,LA,Clippers,LAC,clippers,202335,Patrick,Patterson,P. Patterson,patrick-patterson,,DNP - Coach's Decision,54,,0.0,0.0,0.0,0.0,0.0,0.0,0.0,0.0
0022000055,1610612743,Denver,Nuggets,DEN,nuggets,1629008,Michael,Porter Jr.,M. Porter Jr.,michael-porter-jr,F,,1,40:19,0.606,0.258,0.22,0.133,0.567,0.171,0.094,0.289
0022000055,1610612743,Denver,Nuggets,DEN,nuggets,200794,Paul,Millsap,P. Millsap,paul-millsap,F,,4,27:55,0.745,0.234,0.181,0.0,0.607,0.161,0.119,0.32
0022000055,1610612743,Denver,Nuggets,DEN,nuggets,203999,Nikola,Jokić,N. Jokić,nikola-jokić,C,,15,38:33,0.651,0.286,0.171,0.038,0.557,0.152,0.087,0.297
0022000055,1610612743,Denver,Nuggets,DEN,nuggets,203914,Gary,Harris,G. Harris,gary-harris,G,,14,31:25,0.66,0.264,0.174,0.0,0.561,0.167,0.105,0.355
0022000055,1610612743,Denver,Nuggets,DEN,nuggets,1628420,Monté,Morris,M. Morris,monté-morris,G,,11,36:47,0.658,0.267,0.179,0.0,0.553,0.158,0.091,0.306
0022000055,1610612743,Denver,Nuggets,DEN,nuggets,203115,Will,Barton,W. Barton,will-barton,,,5,21:44,0.475,0.25,0.19,0.042,0.535,0.302,0.084,0.227
0022000055,1610612743,Denver,Nuggets,DEN,nuggets,1630267,Facundo,Campazzo,F. Campazzo,facundo-campazzo,,,7,12:35,0.478,0.174,0.224,0.0,0.6,0.6,0.141,0.1
0022000055,1610612743,Denver,Nuggets,DEN,nuggets,1628408,PJ,Dozier,P. Dozier,pj-dozier,,,35,16:42,0.5,0.207,0.231,0.0,0.607,0.464,0.109,0.077
0022000055,1610612743,Denver,Nuggets,DEN,nuggets,1628392,Isaiah,Hartenstein,I. Hartenstein,isaiah-hartenstein,,,25,9:03,0.472,0.111,0.287,0.091,0.667,0.667,0.14,0.143
0022000055,1610612743,Denver,Nuggets,DEN,nuggets,1629626,Bol,Bol,B. Bol,bol-bol,,,10,3:43,0.667,0.333,0.127,0.0,0.9,0.8,0.129,0.0
0022000055,1610612743,Denver,Nuggets,DEN,nuggets,1630210,Markus,Howard,M. Howard,markus-howard,,,00,0:25,0.0,0.0,0.0,0.0,0.0,0.0,1.0,0.0
0022000055,1610612743,Denver,Nuggets,DEN,nuggets,1630181,R.J.,Hampton,R. Hampton,rj-hampton,,,13,0:25,0.0,0.0,0.0,0.0,0.0,0.0,1.0,0.0
0022000055,1610612743,Denver,Nuggets,DEN,nuggets,1630192,Zeke,Nnaji,Z. Nnaji,zeke-nnaji,,,22,0:25,0.0,0.0,0.0,0.0,0.0,0.0,1.0,0.0
0022000055,1610612743,Denver,Nuggets,DEN,nuggets,1627750,Jamal,Murray,J. Murray,jamal-murray,,DNP - Injury/Illness,27,,0.0,0.0,0.0,0.0,0.0,0.0,0.0,0.0
0022000055,1610612743,Denver,Nuggets,DEN,nuggets,1628427,Vlatko,Čančar,V. Čančar,vlatko-čančar,,DNP - Coach's Decision,31,,0.0,0.0,0.0,0.0,0.0,0.0,0.0,0.0
0022000055,1610612758,Sacramento,Kings,SAC,kings,203084,Harrison,Barnes,H. Barnes,harrison-barnes,F,,40,33:09,0.583,0.197,0.141,0.143,0.661,0.196,0.206,0.167
0022000055,1610612758,Sacramento,Kings,SAC,kings,1628963,Marvin,Bagley III,M. Bagley III,marvin-bagley-iii,F,,35,23:12,0.667,0.262,0.184,0.0,0.7,0.175,0.204,0.364
0022000055,1610612758,Sacramento,Kings,SAC,kings,1626158,Richaun,Holmes,R. Holmes,richaun-holmes,C,,22,32:01,0.591,0.152,0.104,0.059,0.594,0.151,0.207,0.15
0022000055,1610612758,Sacramento,Kings,SAC,kings,1627741,Buddy,Hield,B. Hield,buddy-hield,G,,24,34:37,0.619,0.164,0.151,0.029,0.652,0.232,0.217,0.211
0022000055,1610612758,Sacramento,Kings,SAC,kings,1628368,De'Aaron,Fox,D. Fox,deaaron-fox,G,,5,35:03,0.587,0.29,0.067,0.027,0.661,0.237,0.175,0.19
0022000055,1610612758,Sacramento,Kings,SAC,kings,202709,Cory,Joseph,C. Joseph,cory-joseph,,,9,23:27,0.5,0.234,0.077,0.0,0.5,0.302,0.155,0.227
0022000055,1610612758,Sacramento,Kings,SAC,kings,202357,Nemanja,Bjelica,N. Bjelica,nemanja-bjelica,,,8,20:57,0.525,0.325,0.086,0.0,0.581,0.351,0.197,0.333
0022000055,1610612758,Sacramento,Kings,SAC,kings,202355,Hassan,Whiteside,H. Whiteside,hassan-whiteside,,,20,12:41,0.48,0.32,0.036,0.125,0.725,0.6,0.11,0.125
0022000055,1610612758,Sacramento,Kings,SAC,kings,1630169,Tyrese,Haliburton,T. Haliburton,tyrese-haliburton,,,0,24:54,0.542,0.271,0.076,0.037,0.439,0.22,0.231,0.217
0022000055,1610612758,Sacramento,Kings,SAC,kings,1629657,Kyle,Guy,K. Guy,kyle-guy,,DNP - Coach's Decision,7,,0.0,0.0,0.0,0.0,0.0,0.0,0.0,0.0
0022000055,1610612758,Sacramento,Kings,SAC,kings,1629713,Justin,James,J. James,justin-james,,DNP - Coach's Decision,10,,0.0,0.0,0.0,0.0,0.0,0.0,0.0,0.0
0022000055,1610612758,Sacramento,Kings,SAC,kings,203953,Jabari,Parker,J. Parker,jabari-parker,,DNP - Coach's Decision,33,,0.0,0.0,0.0,0.0,0.0,0.0,0.0,0.0
0022000055,1610612758,Sacramento,Kings,SAC,kings,1630186,Jahmi'us,Ramsey,J. Ramsey,jahmius-ramsey,,DNP - Coach's Decision,3,,0.0,0.0,0.0,0.0,0.0,0.0,0.0,0.0
0022000055,1610612758,Sacramento,Kings,SAC,kings,203922,Glenn,Robinson III,G. Robinson III,glenn-robinson-iii,,DNP - Coach's Decision,30,,0.0,0.0,0.0,0.0,0.0,0.0,0.0,0.0
0022000055,1610612758,Sacramento,Kings,SAC,kings,1630218,Robert,Woodard II,R. Woodard II,robert-woodard-ii,,DNP - Coach's Decision,13,,0.0,0.0,0.0,0.0,0.0,0.0,0.0,0.0
0022000052,1610612753,Orlando,Magic,ORL,magic,1628407,Dwayne,Bacon,D. Bacon,dwayne-bacon,F,,8,23:06,0.646,0.104,0.145,0.05,0.522,0.244,0.138,0.231
0022000052,1610612753,Orlando,Magic,ORL,magic,203932,Aaron,Gordon,A. Gordon,aaron-gordon,F,,00,22:10,0.603,0.128,0.152,0.0,0.573,0.098,0.188,0.211
0022000052,1610612753,Orlando,Magic,ORL,magic,202696,Nikola,Vučević,N. Vučević,nikola-vučević,C,,9,34:25,0.582,0.082,0.083,0.088,0.573,0.226,0.189,0.267
0022000052,1610612753,Orlando,Magic,ORL,magic,203095,Evan,Fournier,E. Fournier,evan-fournier,G,,10,31:44,0.604,0.09,0.105,0.0,0.551,0.288,0.158,0.267
0022000052,1610612753,Orlando,Magic,ORL,magic,1628365,Markelle,Fultz,M. Fultz,markelle-fultz,G,,20,31:40,0.591,0.091,0.089,0.1,0.568,0.203,0.176,0.286
0022000052,1610612753,Orlando,Magic,ORL,magic,1629643,Chuma,Okeke,C. Okeke,chuma-okeke,,,3,17:39,0.583,0.25,0.079,0.053,0.543,0.086,0.183,0.313
0022000052,1610612753,Orlando,Magic,ORL,magic,203082,Terrence,Ross,T. Ross,terrence-ross,,,31,24:54,0.448,0.229,0.074,0.0,0.595,0.19,0.238,0.222
0022000052,1610612753,Orlando,Magic,ORL,magic,1630175,Cole,Anthony,C. Anthony,cole-anthony,,,50,16:20,0.45,0.333,0.145,0.053,0.536,0.25,0.216,0.125
0022000052,1610612753,Orlando,Magic,ORL,magic,203487,Michael,Carter-Williams,M. Carter-Williams,michael-carter-williams,,,7,24:27,0.4,0.24,0.094,0.063,0.564,0.359,0.236,0.13
0022000052,1610612753,Orlando,Magic,ORL,magic,203920,Khem,Birch,K. Birch,khem-birch,,,24,13:35,0.435,0.435,0.17,0.067,0.52,0.2,0.192,0.143
0022000052,1610612753,Orlando,Magic,ORL,magic,1628964,Mo,Bamba,M. Bamba,mo-bamba,,DNP - Coach's Decision,5,,0.0,0.0,0.0,0.0,0.0,0.0,0.0,0.0
0022000052,1610612753,Orlando,Magic,ORL,magic,1629648,Jordan,Bone,J. Bone,jordan-bone,,DNP - Coach's Decision,23,,0.0,0.0,0.0,0.0,0.0,0.0,0.0,0.0
0022000052,1610612753,Orlando,Magic,ORL,magic,1629109,Gary,Clark,G. Clark,gary-clark,,DNP - Coach's Decision,12,,0.0,0.0,0.0,0.0,0.0,0.0,0.0,0.0
0022000052,1610612753,Orlando,Magic,ORL,magic,1630211,Karim,Mane,K. Mane,karim-mane,,DNP - Coach's Decision,4,,0.0,0.0,0.0,0.0,0.0,0.0,0.0,0.0
0022000052,1610612760,Oklahoma City,Thunder,OKC,thunder,1629647,Darius,Bazley,D. Bazley,darius-bazley,F,,7,28:31,0.564,0.218,0.145,0.071,0.636,0.068,0.099,0.24
0022000052,1610612760,Oklahoma City,Thunder,OKC,thunder,1628382,Justin,Jackson,J. Jackson,justin-jackson,F,,44,29:10,0.587,0.212,0.191,0.0,0.607,0.098,0.097,0.286
0022000052,1610612760,Oklahoma City,Thunder,OKC,thunder,1629676,Isaiah,Roby,I. Roby,isaiah-roby,C,,22,28:06,0.528,0.185,0.166,0.138,0.623,0.105,0.102,0.28
0022000052,1610612760,Oklahoma City,Thunder,OKC,thunder,1629652,Luguentz,Dort,L. Dort,luguentz-dort,G,,5,28:58,0.555,0.218,0.131,0.032,0.621,0.155,0.133,0.385
0022000052,1610612760,Oklahoma City,Thunder,OKC,thunder,1628983,Shai,Gilgeous-Alexander,S. Gilgeous-Alexander,shai-gilgeous-alexander,G,,2,33:20,0.582,0.197,0.182,0.0,0.57,0.085,0.085,0.265
0022000052,1610612760,Oklahoma City,Thunder,OKC,thunder,1628977,Hamidou,Diallo,H. Diallo,hamidou-diallo,,,6,21:59,0.526,0.205,0.257,0.087,0.427,0.317,0.123,0.154
0022000052,1610612760,Oklahoma City,Thunder,OKC,thunder,1630177,Theo,Maledon,T. Maledon,theo-maledon,,,11,20:11,0.514,0.306,0.175,0.0,0.5,0.256,0.115,0.227
0022000052,1610612760,Oklahoma City,Thunder,OKC,thunder,1630197,Aleksej,Pokusevski,A. Pokusevski,aleksej-pokusevski,,,17,19:29,0.547,0.219,0.255,0.05,0.405,0.324,0.121,0.25
0022000052,1610612760,Oklahoma City,Thunder,OKC,thunder,203488,Mike,Muscala,M. Muscala,mike-muscala,,,33,19:54,0.606,0.273,0.222,0.0,0.436,0.256,0.115,0.208
0022000052,1610612760,Oklahoma City,Thunder,OKC,thunder,1629026,Kenrich,Williams,K. Williams,kenrich-williams,,,34,9:34,0.625,0.063,0.28,0.0,0.353,0.235,0.096,0.0
0022000052,1610612760,Oklahoma City,Thunder,OKC,thunder,1630221,Josh,Hall,J. Hall,josh-hall,,,15,0:48,0.0,1.0,0.0,0.0,1.0,0.0,0.0,0.0
0022000052,1610612760,Oklahoma City,Thunder,OKC,thunder,1629650,Moses,Brown,M. Brown,moses-brown,,DNP - Coach's Decision,9,,0.0,0.0,0.0,0.0,0.0,0.0,0.0,0.0
0022000052,1610612760,Oklahoma City,Thunder,OKC,thunder,203121,Darius,Miller,D. Miller,darius-miller,,DNP - Coach's Decision,12,,0.0,0.0,0.0,0.0,0.0,0.0,0.0,0.0
0022000053,1610612740,New Orleans,Pelicans,NOP,pelicans,1627742,Brandon,Ingram,B. Ingram,brandon-ingram,F,,14,28:14,0.522,0.109,0.217,0.0,0.66,0.298,0.115,0.333
0022000053,1610612740,New Orleans,Pelicans,NOP,pelicans,1629627,Zion,Williamson,Z. Williamson,zion-williamson,F,,1,28:49,0.478,0.244,0.225,0.038,0.611,0.167,0.119,0.222
0022000053,1610612740,New Orleans,Pelicans,NOP,pelicans,203500,Steven,Adams,S. Adams,steven-adams,C,,12,23:10,0.583,0.139,0.243,0.176,0.619,0.19,0.112,0.3
0022000053,1610612740,New Orleans,Pelicans,NOP,pelicans,202339,Eric,Bledsoe,E. Bledsoe,eric-bledsoe,G,,5,24:13,0.543,0.314,0.209,0.0,0.574,0.149,0.104,0.269
0022000053,1610612740,New Orleans,Pelicans,NOP,pelicans,1628366,Lonzo,Ball,L. Ball,lonzo-ball,G,,2,23:05,0.5,0.108,0.262,0.0,0.671,0.263,0.138,0.313
0022000053,1610612740,New Orleans,Pelicans,NOP,pelicans,200755,JJ,Redick,J. Redick,jj-redick,,,4,17:34,0.596,0.308,0.145,0.0,0.617,0.3,0.114,0.188
0022000053,1610612740,New Orleans,Pelicans,NOP,pelicans,1628404,Josh,Hart,J. Hart,josh-hart,,,3,21:56,0.443,0.229,0.18,0.0,0.585,0.171,0.113,0.227
0022000053,1610612740,New Orleans,Pelicans,NOP,pelicans,1629740,Nicolo,Melli,N. Melli,nicolo-melli,,,20,15:41,0.5,0.522,0.155,0.071,0.346,0.346,0.161,0.211
0022000053,1610612740,New Orleans,Pelicans,NOP,pelicans,1629637,Jaxson,Hayes,J. Hayes,jaxson-hayes,,,10,11:46,0.304,0.043,0.123,0.125,0.639,0.333,0.097,0.222
0022000053,1610612740,New Orleans,Pelicans,NOP,pelicans,1629638,Nickeil,Alexander-Walker,N. Alexander-Walker,nickeil-alexander-walker,,,6,21:30,0.423,0.179,0.159,0.0,0.529,0.286,0.149,0.263
0022000053,1610612740,New Orleans,Pelicans,NOP,pelicans,1630184,Kira,Lewis Jr.,K. Lewis Jr.,kira-lewis-jr,,,13,9:38,0.441,0.353,0.102,0.0,0.194,0.111,0.168,0.267
0022000053,1610612740,New Orleans,Pelicans,NOP,pelicans,1628414,Sindarius,Thornwell,S. Thornwell,sindarius-thornwell,,,15,7:17,0.625,0.5,0.068,0.0,0.208,0.167,0.233,0.3
0022000053,1610612740,New Orleans,Pelicans,NOP,pelicans,1626195,Willy,Hernangomez,W. Hernangomez,willy-hernangomez,,,9,7:07,0.682,0.545,0.073,0.0,0.208,0.167,0.233,0.3
0022000053,1610612740,New Orleans,Pelicans,NOP,pelicans,1630230,Naji,Marshall,N. Marshall,naji-marshall,,DNP - Coach's Decision,8,,0.0,0.0,0.0,0.0,0.0,0.0,0.0,0.0
0022000053,1610612756,Phoenix,Suns,PHX,suns,1628969,Mikal,Bridges,M. Bridges,mikal-bridges,F,,25,30:03,0.686,0.275,0.107,0.087,0.51,0.102,0.206,0.208
0022000053,1610612756,Phoenix,Suns,PHX,suns,203109,Jae,Crowder,J. Crowder,jae-crowder,F,,99,20:59,0.6,0.343,0.104,0.056,0.486,0.194,0.19,0.278
0022000053,1610612756,Phoenix,Suns,PHX,suns,1629028,Deandre,Ayton,D. Ayton,deandre-ayton,C,,22,26:27,0.531,0.229,0.1,0.185,0.466,0.182,0.206,0.227
0022000053,1610612756,Phoenix,Suns,PHX,suns,1626164,Devin,Booker,D. Booker,devin-booker,G,,1,25:36,0.688,0.083,0.105,0.0,0.525,0.175,0.18,0.1
0022000053,1610612756,Phoenix,Suns,PHX,suns,101108,Chris,Paul,C. Paul,chris-paul,G,,3,23:11,0.605,0.368,0.116,0.053,0.487,0.184,0.217,0.263
0022000053,1610612756,Phoenix,Suns,PHX,suns,203967,Dario,Šarić,D. Šarić,dario-šarić,,,20,14:16,0.771,0.25,0.135,0.0,0.5,0.19,0.216,0.083
0022000053,1610612756,Phoenix,Suns,PHX,suns,1629661,Cameron,Johnson,C. Johnson,cameron-johnson,,,23,22:23,0.613,0.225,0.109,0.0,0.419,0.189,0.234,0.2
0022000053,1610612756,Phoenix,Suns,PHX,suns,1626166,Cameron,Payne,C. Payne,cameron-payne,,,15,23:07,0.598,0.171,0.146,0.0,0.5,0.2,0.212,0.059
0022000053,1610612756,Phoenix,Suns,PHX,suns,204038,Langston,Galloway,L. Galloway,langston-galloway,,,2,11:51,0.457,0.13,0.118,0.0,0.333,0.5,0.223,0.091
0022000053,1610612756,Phoenix,Suns,PHX,suns,1628975,Jevon,Carter,J. Carter,jevon-carter,,,4,18:44,0.359,0.281,0.162,0.0,0.5,0.379,0.159,0.143
0022000053,1610612756,Phoenix,Suns,PHX,suns,1626163,Frank,Kaminsky,F. Kaminsky,frank-kaminsky,,,8,7:17,0.208,0.167,0.233,0.1,0.625,0.5,0.068,0.25
0022000053,1610612756,Phoenix,Suns,PHX,suns,1627745,Damian,Jones,D. Jones,damian-jones,,,30,6:06,0.1,0.2,0.276,0.222,0.75,0.4,0.0,0.333
0022000053,1610612756,Phoenix,Suns,PHX,suns,202734,E'Twaun,Moore,E. Moore,etwaun-moore,,,55,6:06,0.1,0.2,0.276,0.0,0.75,0.4,0.0,0.333
0022000053,1610612756,Phoenix,Suns,PHX,suns,1630234,Ty-Shon,Alexander,T. Alexander,ty-shon-alexander,,,0,3:54,0.125,0.0,0.167,0.0,0.583,0.667,0.0,0.333
0022000053,1610612756,Phoenix,Suns,PHX,suns,1630188,Jalen,Smith,J. Smith,jalen-smith,,DNP - Injury/Illness,10,,0.0,0.0,0.0,0.0,0.0,0.0,0.0,0.0
0022000047,1610612744,Golden State,Warriors,GSW,warriors,203952,Andrew,Wiggins,A. Wiggins,andrew-wiggins,F,,22,38:03,0.661,0.371,0.17,0.03,0.425,0.329,0.149,0.341
0022000047,1610612744,Golden State,Warriors,GSW,warriors,1629308,Juan,Toscano-Anderson,J. Toscano-Anderson,juan-toscano-anderson,F,,95,23:55,0.684,0.289,0.227,0.0,0.419,0.233,0.162,0.222
0022000047,1610612744,Golden State,Warriors,GSW,warriors,1630164,James,Wiseman,J. Wiseman,james-wiseman,C,,33,21:44,0.634,0.22,0.146,0.042,0.333,0.361,0.219,0.24
0022000047,1610612744,Golden State,Warriors,GSW,warriors,1626162,Kelly,Oubre Jr.,K. Oubre Jr.,kelly-oubre-jr,G,,12,29:01,0.607,0.5,0.23,0.0,0.417,0.296,0.187,0.273
0022000047,1610612744,Golden State,Warriors,GSW,warriors,201939,Stephen,Curry,S. Curry,stephen-curry,G,,30,34:50,0.577,0.596,0.198,0.0,0.421,0.357,0.15,0.317
0022000047,1610612744,Golden State,Warriors,GSW,warriors,1626172,Kevon,Looney,K. Looney,kevon-looney,,,5,21:49,0.5,0.667,0.221,0.0,0.48,0.245,0.081,0.36
0022000047,1610612744,Golden State,Warriors,GSW,warriors,1628539,Mychal,Mulder,M. Mulder,mychal-mulder,,,15,10:59,0.389,0.667,0.177,0.0,0.5,0.423,0.101,0.4
0022000047,1610612744,Golden State,Warriors,GSW,warriors,1629672,Eric,Paschall,E. Paschall,eric-paschall,,,7,13:29,0.553,1.053,0.126,0.0,0.482,0.536,0.127,0.438
0022000047,1610612744,Golden State,Warriors,GSW,warriors,1627814,Damion,Lee,D. Lee,damion-lee,,,1,18:59,0.625,0.469,0.101,0.059,0.529,0.235,0.133,0.313
0022000047,1610612744,Golden State,Warriors,GSW,warriors,1629673,Jordan,Poole,J. Poole,jordan-poole,,,3,9:34,0.5,0.333,0.165,0.125,0.625,0.25,0.06,0.286
0022000047,1610612744,Golden State,Warriors,GSW,warriors,202954,Brad,Wanamaker,B. Wanamaker,brad-wanamaker,,,10,17:37,0.532,0.419,0.106,0.0,0.532,0.226,0.117,0.25
0022000047,1610612744,Golden State,Warriors,GSW,warriors,203145,Kent,Bazemore,K. Bazemore,kent-bazemore,,DNP - Coach's Decision,26,,0.0,0.0,0.0,0.0,0.0,0.0,0.0,0.0
0022000047,1610612765,Detroit,Pistons,DET,pistons,203924,Jerami,Grant,J. Grant,jerami-grant,F,,9,37:02,0.394,0.324,0.158,0.057,0.59,0.443,0.186,0.12
0022000047,1610612765,Detroit,Pistons,DET,pistons,201933,Blake,Griffin,B. Griffin,blake-griffin,F,,23,16:59,0.419,0.161,0.096,0.0,0.481,0.222,0.158,0.188
0022000047,1610612765,Detroit,Pistons,DET,pistons,203486,Mason,Plumlee,M. Plumlee,mason-plumlee,C,,24,24:49,0.326,0.239,0.212,0.139,0.619,0.238,0.169,0.111
0022000047,1610612765,Detroit,Pistons,DET,pistons,1628367,Josh,Jackson,J. Jackson,josh-jackson,G,,20,29:27,0.407,0.296,0.177,0.05,0.611,0.489,0.183,0.056
0022000047,1610612765,Detroit,Pistons,DET,pistons,1630165,Killian,Hayes,K. Hayes,killian-hayes,G,,7,16:57,0.328,0.241,0.151,0.0,0.533,0.167,0.146,0.176
0022000047,1610612765,Detroit,Pistons,DET,pistons,1630180,Saddiq,Bey,S. Bey,saddiq-bey,,,41,15:08,0.391,0.375,0.198,0.0,0.542,0.458,0.148,0.0
0022000047,1610612765,Detroit,Pistons,DET,pistons,201565,Derrick,Rose,D. Rose,derrick-rose,,,25,26:26,0.527,0.4,0.115,0.028,0.581,0.838,0.195,0.067
0022000047,1610612765,Detroit,Pistons,DET,pistons,1626153,Delon,Wright,D. Wright,delon-wright,,,55,28:02,0.509,0.286,0.141,0.0,0.611,0.578,0.183,0.167
0022000047,1610612765,Detroit,Pistons,DET,pistons,1630191,Isaiah,Stewart,I. Stewart,isaiah-stewart,,,28,23:11,0.576,0.391,0.077,0.148,0.559,0.765,0.187,0.133
0022000047,1610612765,Detroit,Pistons,DET,pistons,1629635,Sekou,Doumbouya,S. Doumbouya,sekou-doumbouya,,,45,10:04,0.579,0.316,0.097,0.111,0.765,0.412,0.095,0.167
0022000047,1610612765,Detroit,Pistons,DET,pistons,1629004,Svi,Mykhailiuk,S. Mykhailiuk,svi-mykhailiuk,,,19,11:55,0.595,0.429,0.116,0.0,0.694,0.5,0.25,0.2
0022000047,1610612765,Detroit,Pistons,DET,pistons,201961,Wayne,Ellington,W. Ellington,wayne-ellington,,DNP - Coach's Decision,8,,0.0,0.0,0.0,0.0,0.0,0.0,0.0,0.0
0022000047,1610612765,Detroit,Pistons,DET,pistons,203585,Rodney,McGruder,R. McGruder,rodney-mcgruder,,DNP - Coach's Decision,17,,0.0,0.0,0.0,0.0,0.0,0.0,0.0,0.0
0022000047,1610612765,Detroit,Pistons,DET,pistons,1626143,Jahlil,Okafor,J. Okafor,jahlil-okafor,,DNP - Injury/Illness,13,,0.0,0.0,0.0,0.0,0.0,0.0,0.0,0.0
0022000047,1610612765,Detroit,Pistons,DET,pistons,1629686,Deividas,Sirvydis,D. Sirvydis,deividas-sirvydis,,DNP - Coach's Decision,91,,0.0,0.0,0.0,0.0,0.0,0.0,0.0,0.0
