gameId,teamId,teamCity,teamName,teamTricode,teamSlug,personId,firstName,familyName,nameI,playerSlug,position,comment,jerseyNum,minutes,effectiveFieldGoalPercentage,freeThrowAttemptRate,teamTurnoverPercentage,offensiveReboundPercentage,oppEffectiveFieldGoalPercentage,oppFreeThrowAttemptRate,oppTeamTurnoverPercentage,oppOffensiveReboundPercentage
0022000049,1610612761,Toronto,Raptors,TOR,raptors,1628384,OG,Anunoby,O. Anunoby,og-anunoby,F,,3,36:07,0.442,0.174,0.177,0.043,0.371,0.387,0.176,0.184
0022000049,1610612761,Toronto,Raptors,TOR,raptors,1627783,Pascal,Siakam,P. Siakam,pascal-siakam,F,,43,34:46,0.433,0.134,0.169,0.023,0.5,0.424,0.163,0.107
0022000049,1610612761,Toronto,Raptors,TOR,raptors,203382,Aron,Baynes,A. Baynes,aron-baynes,C,,46,22:16,0.405,0.143,0.201,0.071,0.447,0.579,0.099,0.1
0022000049,1610612761,Toronto,Raptors,TOR,raptors,1627832,Fred,VanVleet,F. VanVleet,fred-vanvleet,G,,23,36:36,0.437,0.127,0.173,0.022,0.5,0.435,0.167,0.138
0022000049,1610612761,Toronto,Raptors,TOR,raptors,200768,Kyle,Lowry,K. Lowry,kyle-lowry,G,,7,37:13,0.479,0.194,0.168,0.043,0.383,0.375,0.182,0.179
0022000049,1610612761,Toronto,Raptors,TOR,raptors,203458,Alex,Len,A. Len,alex-len,,,27,21:09,0.526,0.158,0.197,0.0,0.436,0.205,0.247,0.286
0022000049,1610612761,Toronto,Raptors,TOR,raptors,1626169,Stanley,Johnson,S. Johnson,stanley-johnson,,,5,21:43,0.431,0.139,0.254,0.08,0.393,0.31,0.213,0.292
0022000049,1610612761,Toronto,Raptors,TOR,raptors,1626181,Norman,Powell,N. Powell,norman-powell,,,24,17:39,0.517,0.133,0.294,0.0,0.412,0.441,0.197,0.222
0022000049,1610612761,Toronto,Raptors,TOR,raptors,1628449,Chris,Boucher,C. Boucher,chris-boucher,,,25,4:35,0.35,0.2,0.092,0.0,0.286,0.429,0.291,0.2
0022000049,1610612761,Toronto,Raptors,TOR,raptors,1629744,Matt,Thomas,M. Thomas,matt-thomas,,,21,7:56,0.4,0.2,0.061,0.0,0.423,0.308,0.271,0.5
0022000049,1610612761,Toronto,Raptors,TOR,raptors,1627761,DeAndre',Bembry,D. Bembry,deandre-bembry,,DNP - Coach's Decision,95,,0.0,0.0,0.0,0.0,0.0,0.0,0.0,0.0
0022000049,1610612761,Toronto,Raptors,TOR,raptors,1629056,Terence,Davis,T. Davis,terence-davis,,DNP - Coach's Decision,0,,0.0,0.0,0.0,0.0,0.0,0.0,0.0,0.0
0022000049,1610612761,Toronto,Raptors,TOR,raptors,1630201,Malachi,Flynn,M. Flynn,malachi-flynn,,DNP - Coach's Decision,8,,0.0,0.0,0.0,0.0,0.0,0.0,0.0,0.0
0022000049,1610612761,Toronto,Raptors,TOR,raptors,1629139,Yuta,Watanabe,Y. Watanabe,yuta-watanabe,,DNP - Coach's Decision,18,,0.0,0.0,0.0,0.0,0.0,0.0,0.0,0.0
0022000049,1610612761,Toronto,Raptors,TOR,raptors,1628778,Paul,Watson,P. Watson,paul-watson,,DNP - Coach's Decision,1,,0.0,0.0,0.0,0.0,0.0,0.0,0.0,0.0
0022000049,1610612755,Philadelphia,76ers,PHI,sixers,201980,Danny,Green,D. Green,danny-green,F,,14,28:34,0.467,0.391,0.164,0.037,0.405,0.121,0.145,0.222
0022000049,1610612755,Philadelphia,76ers,PHI,sixers,202699,Tobias,Harris,T. Harris,tobias-harris,F,,12,37:52,0.492,0.462,0.161,0.053,0.423,0.127,0.202,0.182
0022000049,1610612755,Philadelphia,76ers,PHI,sixers,203954,Joel,Embiid,J. Embiid,joel-embiid,C,,21,37:53,0.44,0.448,0.17,0.095,0.441,0.176,0.204,0.163
0022000049,1610612755,Philadelphia,76ers,PHI,sixers,203552,Seth,Curry,S. Curry,seth-curry,G,,31,32:37,0.446,0.429,0.199,0.029,0.462,0.185,0.136,0.175
0022000049,1610612755,Philadelphia,76ers,PHI,sixers,1627732,Ben,Simmons,B. Simmons,ben-simmons,G,,25,36:46,0.508,0.459,0.188,0.0,0.453,0.122,0.167,0.186
0022000049,1610612755,Philadelphia,76ers,PHI,sixers,1629003,Shake,Milton,S. Milton,shake-milton,,,18,25:40,0.435,0.37,0.219,0.0,0.477,0.159,0.245,0.148
0022000049,1610612755,Philadelphia,76ers,PHI,sixers,1629680,Matisse,Thybulle,M. Thybulle,matisse-thybulle,,,22,12:22,0.2,0.28,0.148,0.0,0.525,0.25,0.229,0.167
0022000049,1610612755,Philadelphia,76ers,PHI,sixers,1630178,Tyrese,Maxey,T. Maxey,tyrese-maxey,,,0,8:01,0.306,0.278,0.099,0.0,0.333,0.222,0.441,0.143
0022000049,1610612755,Philadelphia,76ers,PHI,sixers,2730,Dwight,Howard,D. Howard,dwight-howard,,,39,10:07,0.382,0.176,0.235,0.0,0.477,0.091,0.131,0.25
0022000049,1610612755,Philadelphia,76ers,PHI,sixers,203118,Mike,Scott,M. Scott,mike-scott,,,1,10:08,0.211,0.158,0.269,0.063,0.553,0.263,0.135,0.182
0022000049,1610612755,Philadelphia,76ers,PHI,sixers,1628396,Tony,Bradley,T. Bradley,tony-bradley,,DNP - Coach's Decision,11,,0.0,0.0,0.0,0.0,0.0,0.0,0.0,0.0
0022000049,1610612755,Philadelphia,76ers,PHI,sixers,1628390,Terrance,Ferguson,T. Ferguson,terrance-ferguson,,DNP - Coach's Decision,23,,0.0,0.0,0.0,0.0,0.0,0.0,0.0,0.0
0022000049,1610612755,Philadelphia,76ers,PHI,sixers,1630198,Isaiah,Joe,I. Joe,isaiah-joe,,DNP - Coach's Decision,7,,0.0,0.0,0.0,0.0,0.0,0.0,0.0,0.0
0022000049,1610612755,Philadelphia,76ers,PHI,sixers,1629751,Dakota,Mathias,D. Mathias,dakota-mathias,,DNP - Coach's Decision,33,,0.0,0.0,0.0,0.0,0.0,0.0,0.0,0.0
0022000049,1610612755,Philadelphia,76ers,PHI,sixers,1629738,Vincent,Poirier,V. Poirier,vincent-poirier,,DNP - Coach's Decision,17,,0.0,0.0,0.0,0.0,0.0,0.0,0.0,0.0
0022000046,1610612752,New York,Knicks,NYK,knicks,203944,Julius,Randle,J. Randle,julius-randle,F,,30,44:08,0.522,0.304,0.279,0.024,0.411,0.214,0.114,0.264
0022000046,1610612752,New York,Knicks,NYK,knicks,203493,Reggie,Bullock Jr.,R. Bullock Jr.,reggie-bullock-jr,F,,25,40:59,0.515,0.303,0.242,0.024,0.423,0.231,0.087,0.255
0022000046,1610612752,New York,Knicks,NYK,knicks,1629011,Mitchell,Robinson,M. Robinson,mitchell-robinson,C,,23,31:34,0.583,0.333,0.283,0.143,0.402,0.23,0.097,0.282
0022000046,1610612752,New York,Knicks,NYK,knicks,1629628,RJ,Barrett,R. Barrett,rj-barrett,G,,9,38:47,0.566,0.295,0.284,0.028,0.458,0.31,0.138,0.293
0022000046,1610612752,New York,Knicks,NYK,knicks,203901,Elfrid,Payton,E. Payton,elfrid-payton,G,,6,35:34,0.543,0.293,0.282,0.086,0.392,0.246,0.128,0.262
0022000046,1610612752,New York,Knicks,NYK,knicks,1628995,Kevin,Knox II,K. Knox II,kevin-knox-ii,,,20,16:21,0.484,0.097,0.255,0.0,0.204,0.296,0.232,0.19
0022000046,1610612752,New York,Knicks,NYK,knicks,203457,Nerlens,Noel,N. Noel,nerlens-noel,,,3,16:26,0.419,0.161,0.234,0.15,0.407,0.296,0.203,0.188
0022000046,1610612752,New York,Knicks,NYK,knicks,1628373,Frank,Ntilikina,F. Ntilikina,frank-ntilikina,,,11,16:12,0.419,0.161,0.234,0.05,0.407,0.222,0.208,0.188
0022000046,1610612752,New York,Knicks,NYK,knicks,1629649,Ignas,Brazdeikis,I. Brazdeikis,ignas-brazdeikis,,DNP - Coach's Decision,17,,0.0,0.0,0.0,0.0,0.0,0.0,0.0,0.0
0022000046,1610612752,New York,Knicks,NYK,knicks,202692,Alec,Burks,A. Burks,alec-burks,,DNP - Injury/Illness,18,,0.0,0.0,0.0,0.0,0.0,0.0,0.0,0.0
0022000046,1610612752,New York,Knicks,NYK,knicks,1629607,Jared,Harper,J. Harper,jared-harper,,DNP - Coach's Decision,0,,0.0,0.0,0.0,0.0,0.0,0.0,0.0,0.0
0022000046,1610612752,New York,Knicks,NYK,knicks,1629033,Theo,Pinson,T. Pinson,theo-pinson,,DNP - Coach's Decision,21,,0.0,0.0,0.0,0.0,0.0,0.0,0.0,0.0
0022000046,1610612739,Cleveland,Cavaliers,CLE,cavaliers,1626224,Cedi,Osman,C. Osman,cedi-osman,F,,16,28:52,0.368,0.105,0.139,0.026,0.52,0.347,0.277,0.462
0022000046,1610612739,Cleveland,Cavaliers,CLE,cavaliers,1626204,Larry,Nance Jr.,L. Nance Jr.,larry-nance-jr,F,,22,42:34,0.448,0.26,0.107,0.021,0.507,0.279,0.269,0.289
0022000046,1610612739,Cleveland,Cavaliers,CLE,cavaliers,203083,Andre,Drummond,A. Drummond,andre-drummond,C,,3,33:28,0.467,0.233,0.121,0.135,0.491,0.316,0.24,0.324
0022000046,1610612739,Cleveland,Cavaliers,CLE,cavaliers,1629012,Collin,Sexton,C. Sexton,collin-sexton,G,,2,40:35,0.405,0.27,0.11,0.02,0.507,0.279,0.246,0.308
0022000046,1610612739,Cleveland,Cavaliers,CLE,cavaliers,1629636,Darius,Garland,D. Garland,darius-garland,G,,10,37:02,0.435,0.232,0.135,0.023,0.525,0.311,0.281,0.382
0022000046,1610612739,Cleveland,Cavaliers,CLE,cavaliers,203957,Danté,Exum,D. Exum,danté-exum,,,1,16:13,0.306,0.258,0.149,0.0,0.58,0.08,0.315,0.2
0022000046,1610612739,Cleveland,Cavaliers,CLE,cavaliers,201580,JaVale,McGee,J. McGee,javale-mcgee,,,6,16:17,0.266,0.25,0.149,0.208,0.56,0.2,0.292,0.273
0022000046,1610612739,Cleveland,Cavaliers,CLE,cavaliers,1629731,Dean,Wade,D. Wade,dean-wade,,,32,2:32,0.0,0.4,0.436,0.0,1.167,0.0,0.5,0.0
0022000046,1610612739,Cleveland,Cavaliers,CLE,cavaliers,1628422,Damyean,Dotson,D. Dotson,damyean-dotson,,,21,22:27,0.457,0.457,0.174,0.0,0.474,0.154,0.219,0.261
0022000046,1610612739,Cleveland,Cavaliers,CLE,cavaliers,1629716,Marques,Bolden,M. Bolden,marques-bolden,,DNP - Coach's Decision,24,,0.0,0.0,0.0,0.0,0.0,0.0,0.0,0.0
0022000046,1610612739,Cleveland,Cavaliers,CLE,cavaliers,1627748,Thon,Maker,T. Maker,thon-maker,,DNP - Coach's Decision,14,,0.0,0.0,0.0,0.0,0.0,0.0,0.0,0.0
0022000046,1610612739,Cleveland,Cavaliers,CLE,cavaliers,1630205,Lamar,Stevens,L. Stevens,lamar-stevens,,DNP - Coach's Decision,8,,0.0,0.0,0.0,0.0,0.0,0.0,0.0,0.0
0022000051,1610612749,Milwaukee,Bucks,MIL,bucks,203114,Khris,Middleton,K. Middleton,khris-middleton,F,,22,25:15,0.745,0.184,0.173,0.1,0.56,0.119,0.217,0.056
0022000051,1610612749,Milwaukee,Bucks,MIL,bucks,203507,Giannis,Antetokounmpo,G. Antetokounmpo,giannis-antetokounmpo,F,,34,24:14,0.702,0.17,0.191,0.0,0.538,0.175,0.25,0.056
0022000051,1610612749,Milwaukee,Bucks,MIL,bucks,201572,Brook,Lopez,B. Lopez,brook-lopez,C,,11,18:12,0.781,0.25,0.184,0.0,0.5,0.167,0.261,0.067
0022000051,1610612749,Milwaukee,Bucks,MIL,bucks,1628978,Donte,DiVincenzo,D. DiVincenzo,donte-divincenzo,G,,0,19:16,0.792,0.222,0.135,0.0,0.533,0.233,0.255,0.063
0022000051,1610612749,Milwaukee,Bucks,MIL,bucks,201950,Jrue,Holiday,J. Holiday,jrue-holiday,G,,21,26:09,0.735,0.176,0.17,0.0,0.625,0.125,0.267,0.063
0022000051,1610612749,Milwaukee,Bucks,MIL,bucks,1626171,Bobby,Portis,B. Portis,bobby-portis,,,9,26:19,0.676,0.13,0.143,0.111,0.557,0.205,0.193,0.095
0022000051,1610612749,Milwaukee,Bucks,MIL,bucks,201571,D.J.,Augustin,D. Augustin,dj-augustin,,,12,20:44,0.7,0.067,0.132,0.136,0.603,0.206,0.181,0.067
0022000051,1610612749,Milwaukee,Bucks,MIL,bucks,203648,Thanasis,Antetokounmpo,T. Antetokounmpo,thanasis-antetokounmpo,,,43,19:59,0.833,0.139,0.149,0.071,0.563,0.344,0.147,0.118
0022000051,1610612749,Milwaukee,Bucks,MIL,bucks,1626192,Pat,Connaughton,P. Connaughton,pat-connaughton,,,24,12:14,0.76,0.08,0.173,0.0,0.611,0.389,0.249,0.0
0022000051,1610612749,Milwaukee,Bucks,MIL,bucks,1627854,Bryn,Forbes,B. Forbes,bryn-forbes,,,7,17:38,0.647,0.118,0.132,0.0,0.456,0.206,0.162,0.067
0022000051,1610612749,Milwaukee,Bucks,MIL,bucks,1629670,Jordan,Nwora,J. Nwora,jordan-nwora,,,13,11:48,0.575,0.2,0.176,0.0,0.409,0.364,0.113,0.167
0022000051,1610612749,Milwaukee,Bucks,MIL,bucks,1630241,Sam,Merrill,S. Merrill,sam-merrill,,,15,8:48,0.5,0.267,0.179,0.0,0.429,0.429,0.113,0.125
0022000051,1610612749,Milwaukee,Bucks,MIL,bucks,1628391,D.J.,Wilson,D. Wilson,dj-wilson,,,5,9:23,0.563,0.25,0.169,0.111,0.467,0.4,0.153,0.125
0022000051,1610612748,Miami,Heat,MIA,heat,203090,Maurice,Harkless,M. Harkless,maurice-harkless,F,,8,3:44,0.375,0.0,0.556,0.0,1.0,0.375,0.0,0.0
0022000051,1610612748,Miami,Heat,MIA,heat,1628389,Bam,Adebayo,B. Adebayo,bam-adebayo,F,,13,25:01,0.605,0.105,0.279,0.0,0.75,0.14,0.125,0.222
0022000051,1610612748,Miami,Heat,MIA,heat,203086,Meyers,Leonard,M. Leonard,meyers-leonard,C,,0,2:02,0.0,0.0,0.75,0.0,0.875,0.75,0.0,0.0
0022000051,1610612748,Miami,Heat,MIA,heat,1629130,Duncan,Robinson,D. Robinson,duncan-robinson,G,,55,24:05,0.5,0.125,0.24,0.0,0.698,0.188,0.176,0.294
0022000051,1610612748,Miami,Heat,MIA,heat,1629639,Tyler,Herro,T. Herro,tyler-herro,G,,14,33:09,0.589,0.196,0.192,0.0,0.774,0.177,0.176,0.286
0022000051,1610612748,Miami,Heat,MIA,heat,201609,Goran,Dragic,G. Dragic,goran-dragic,,,7,9:39,0.75,0.125,0.293,0.0,0.875,0.05,0.205,0.2
0022000051,1610612748,Miami,Heat,MIA,heat,203482,Kelly,Olynyk,K. Olynyk,kelly-olynyk,,,9,24:47,0.5,0.293,0.184,0.038,0.719,0.146,0.163,0.25
0022000051,1610612748,Miami,Heat,MIA,heat,1630173,Precious,Achiuwa,P. Achiuwa,precious-achiuwa,,,5,17:38,0.485,0.242,0.145,0.0,0.635,0.162,0.172,0.333
0022000051,1610612748,Miami,Heat,MIA,heat,202340,Avery,Bradley,A. Bradley,avery-bradley,,,11,24:19,0.625,0.278,0.248,0.0,0.729,0.083,0.133,0.19
0022000051,1610612748,Miami,Heat,MIA,heat,1629644,KZ,Okpala,K. Okpala,kz-okpala,,,11,27:27,0.554,0.261,0.169,0.04,0.592,0.184,0.193,0.304
0022000051,1610612748,Miami,Heat,MIA,heat,1629134,Kendrick,Nunn,K. Nunn,kendrick-nunn,,,25,30:48,0.481,0.259,0.147,0.029,0.675,0.15,0.154,0.321
0022000051,1610612748,Miami,Heat,MIA,heat,1629622,Max,Strus,M. Strus,max-strus,,,31,12:00,0.409,0.273,0.117,0.0,0.595,0.19,0.132,0.273
0022000051,1610612748,Miami,Heat,MIA,heat,1629735,Chris,Silva,C. Silva,chris-silva,,,30,5:21,0.438,0.75,0.094,0.0,0.9,0.4,0.338,0.0
0022000051,1610612748,Miami,Heat,MIA,heat,2617,Udonis,Haslem,U. Haslem,udonis-haslem,,DNP - Coach's Decision,40,,0.0,0.0,0.0,0.0,0.0,0.0,0.0,0.0
0022000051,1610612748,Miami,Heat,MIA,heat,2738,Andre,Iguodala,A. Iguodala,andre-iguodala,,DND - Rest,28,,0.0,0.0,0.0,0.0,0.0,0.0,0.0,0.0
0022000048,1610612738,Boston,Celtics,BOS,celtics,1628369,Jayson,Tatum,J. Tatum,jayson-tatum,F,,0,40:27,0.571,0.5,0.129,0.0,0.536,0.232,0.172,0.129
0022000048,1610612738,Boston,Celtics,BOS,celtics,202684,Tristan,Thompson,T. Thompson,tristan-thompson,F,,13,26:48,0.49,0.521,0.094,0.233,0.598,0.217,0.154,0.056
0022000048,1610612738,Boston,Celtics,BOS,celtics,1628464,Daniel,Theis,D. Theis,daniel-theis,C,,27,23:22,0.474,0.553,0.162,0.04,0.607,0.214,0.157,0.167
0022000048,1610612738,Boston,Celtics,BOS,celtics,1627759,Jaylen,Brown,J. Brown,jaylen-brown,G,,7,34:22,0.492,0.542,0.127,0.0,0.556,0.258,0.133,0.148
0022000048,1610612738,Boston,Celtics,BOS,celtics,203935,Marcus,Smart,M. Smart,marcus-smart,G,,36,31:44,0.472,0.566,0.14,0.029,0.57,0.228,0.131,0.125
0022000048,1610612738,Boston,Celtics,BOS,celtics,201952,Jeff,Teague,J. Teague,jeff-teague,,,55,19:06,0.71,0.226,0.175,0.0,0.576,0.091,0.153,0.067
0022000048,1610612738,Boston,Celtics,BOS,celtics,1629750,Javonte,Green,J. Green,javonte-green,,,43,20:60,0.667,0.273,0.175,0.143,0.635,0.0,0.14,0.0
0022000048,1610612738,Boston,Celtics,BOS,celtics,1629057,Robert,Williams III,R. Williams III,robert-williams-iii,,,44,10:48,0.789,0.263,0.165,0.2,0.583,0.167,0.179,0.125
0022000048,1610612738,Boston,Celtics,BOS,celtics,1630202,Payton,Pritchard,P. Pritchard,payton-pritchard,,,11,27:10,0.58,0.386,0.128,0.0,0.636,0.159,0.132,0.063
0022000048,1610612738,Boston,Celtics,BOS,celtics,1629684,Grant,Williams,G. Williams,grant-williams,,,12,5:13,0.5,0.8,0.307,0.0,0.583,0.25,0.081,0.4
0022000048,1610612738,Boston,Celtics,BOS,celtics,1629035,Carsen,Edwards,C. Edwards,carsen-edwards,,DNP - Coach's Decision,4,,0.0,0.0,0.0,0.0,0.0,0.0,0.0,0.0
0022000048,1610612738,Boston,Celtics,BOS,celtics,1630174,Aaron,Nesmith,A. Nesmith,aaron-nesmith,,DNP - Coach's Decision,26,,0.0,0.0,0.0,0.0,0.0,0.0,0.0,0.0
0022000048,1610612738,Boston,Celtics,BOS,celtics,1628400,Semi,Ojeleye,S. Ojeleye,semi-ojeleye,,DNP - Coach's Decision,37,,0.0,0.0,0.0,0.0,0.0,0.0,0.0,0.0
0022000048,1610612738,Boston,Celtics,BOS,celtics,1629682,Tremont,Waters,T. Waters,tremont-waters,,DNP - Coach's Decision,51,,0.0,0.0,0.0,0.0,0.0,0.0,0.0,0.0
0022000048,1610612754,Indiana,Pacers,IND,pacers,203933,T.J.,Warren,T. Warren,tj-warren,F,,1,29:56,0.559,0.235,0.145,0.0,0.555,0.436,0.128,0.379
0022000048,1610612754,Indiana,Pacers,IND,pacers,1627734,Domantas,Sabonis,D. Sabonis,domantas-sabonis,F,,11,36:44,0.516,0.206,0.165,0.059,0.541,0.541,0.146,0.314
0022000048,1610612754,Indiana,Pacers,IND,pacers,1626167,Myles,Turner,M. Turner,myles-turner,C,,33,31:39,0.58,0.286,0.157,0.0,0.5,0.481,0.135,0.242
0022000048,1610612754,Indiana,Pacers,IND,pacers,203506,Victor,Oladipo,V. Oladipo,victor-oladipo,G,,4,34:25,0.573,0.21,0.122,0.0,0.474,0.544,0.144,0.297
0022000048,1610612754,Indiana,Pacers,IND,pacers,1627763,Malcolm,Brogdon,M. Brogdon,malcolm-brogdon,G,,7,34:35,0.573,0.226,0.133,0.032,0.509,0.534,0.14,0.286
0022000048,1610612754,Indiana,Pacers,IND,pacers,203200,Justin,Holiday,J. Holiday,justin-holiday,,,8,25:36,0.652,0.065,0.147,0.0,0.659,0.415,0.147,0.118
0022000048,1610612754,Indiana,Pacers,IND,pacers,203926,Doug,McDermott,D. McDermott,doug-mcdermott,,,20,19:33,0.643,0.114,0.101,0.0,0.571,0.393,0.167,0.188
0022000048,1610612754,Indiana,Pacers,IND,pacers,1628988,Aaron,Holiday,A. Holiday,aaron-holiday,,,3,14:07,0.63,0.13,0.205,0.0,0.729,0.25,0.14,0.222
0022000048,1610612754,Indiana,Pacers,IND,pacers,204456,T.J.,McConnell,T. McConnell,tj-mcconnell,,,9,13:25,0.614,0.091,0.186,0.091,0.682,0.273,0.15,0.222
0022000048,1610612754,Indiana,Pacers,IND,pacers,1629665,Jalen,Lecque,J. Lecque,jalen-lecque,,DNP - Coach's Decision,0,,0.0,0.0,0.0,0.0,0.0,0.0,0.0,0.0
0022000048,1610612754,Indiana,Pacers,IND,pacers,1629103,Kelan,Martin,K. Martin,kelan-martin,,DNP - Coach's Decision,21,,0.0,0.0,0.0,0.0,0.0,0.0,0.0,0.0
0022000048,1610612754,Indiana,Pacers,IND,pacers,203960,JaKarr,Sampson,J. Sampson,jakarr-sampson,,DNP - Coach's Decision,14,,0.0,0.0,0.0,0.0,0.0,0.0,0.0,0.0
0022000048,1610612754,Indiana,Pacers,IND,pacers,1630199,Cassius,Stanley,C. Stanley,cassius-stanley,,DNP - Coach's Decision,2,,0.0,0.0,0.0,0.0,0.0,0.0,0.0,0.0
0022000048,1610612754,Indiana,Pacers,IND,pacers,1628410,Edmond,Sumner,E. Sumner,edmond-sumner,,DNP - Coach's Decision,5,,0.0,0.0,0.0,0.0,0.0,0.0,0.0,0.0
0022000060,1610612747,Los Angeles,Lakers,LAL,lakers,2544,LeBron,James,L. James,lebron-james,F,,6,35:14,0.602,0.237,0.189,0.0,0.522,0.206,0.118,0.2
0022000060,1610612747,Los Angeles,Lakers,LAL,lakers,203076,Anthony,Davis,A. Davis,anthony-davis,F,,3,31:37,0.728,0.14,0.165,0.045,0.527,0.304,0.105,0.138
0022000060,1610612747,Los Angeles,Lakers,LAL,lakers,201188,Marc,Gasol,M. Gasol,marc-gasol,C,,14,20:33,0.757,0.171,0.224,0.083,0.575,0.1,0.112,0.118
0022000060,1610612747,Los Angeles,Lakers,LAL,lakers,203484,Kentavious,Caldwell-Pope,K. Caldwell-Pope,kentavious-caldwell-pope,G,,1,26:23,0.663,0.174,0.195,0.0,0.52,0.196,0.106,0.192
0022000060,1610612747,Los Angeles,Lakers,LAL,lakers,203471,Dennis,Schröder,D. Schröder,dennis-schröder,G,,17,33:47,0.705,0.179,0.175,0.043,0.535,0.316,0.131,0.161
0022000060,1610612747,Los Angeles,Lakers,LAL,lakers,202083,Wesley,Matthews,W. Matthews,wesley-matthews,,,9,22:23,0.608,0.324,0.133,0.048,0.5,0.351,0.109,0.091
0022000060,1610612747,Los Angeles,Lakers,LAL,lakers,1628398,Kyle,Kuzma,K. Kuzma,kyle-kuzma,,,0,24:09,0.609,0.261,0.147,0.0,0.5,0.318,0.077,0.08
0022000060,1610612747,Los Angeles,Lakers,LAL,lakers,1626149,Montrezl,Harrell,M. Harrell,montrezl-harrell,,,15,23:24,0.577,0.359,0.127,0.13,0.476,0.366,0.105,0.192
0022000060,1610612747,Los Angeles,Lakers,LAL,lakers,202693,Markieff,Morris,M. Morris,markieff-morris,,,88,19:24,0.438,0.313,0.169,0.0,0.486,0.286,0.121,0.143
0022000060,1610612747,Los Angeles,Lakers,LAL,lakers,1626188,Quinn,Cook,Q. Cook,quinn-cook,,,2,1:02,1.5,2.0,0.0,0.0,0.5,0.0,0.0,0.0
0022000060,1610612747,Los Angeles,Lakers,LAL,lakers,201162,Jared,Dudley,J. Dudley,jared-dudley,,,10,1:02,1.5,2.0,0.0,0.0,0.5,0.0,0.0,0.0
0022000060,1610612747,Los Angeles,Lakers,LAL,lakers,1628035,Alfonzo,McKinnie,A. McKinnie,alfonzo-mckinnie,,,28,1:02,1.5,2.0,0.0,0.0,0.5,0.0,0.0,0.0
0022000060,1610612747,Los Angeles,Lakers,LAL,lakers,1627936,Alex,Caruso,A. Caruso,alex-caruso,,DNP - Coach's Decision,4,,0.0,0.0,0.0,0.0,0.0,0.0,0.0,0.0
0022000060,1610612747,Los Angeles,Lakers,LAL,lakers,1629659,Talen,Horton-Tucker,T. Horton-Tucker,talen-horton-tucker,,DNP - Coach's Decision,5,,0.0,0.0,0.0,0.0,0.0,0.0,0.0,0.0
0022000060,1610612759,San Antonio,Spurs,SAS,spurs,1629640,Keldon,Johnson,K. Johnson,keldon-johnson,F,,3,24:21,0.51,0.146,0.115,0.038,0.618,0.316,0.215,0.176
0022000060,1610612759,San Antonio,Spurs,SAS,spurs,201942,DeMar,DeRozan,D. DeRozan,demar-derozan,F,,10,36:01,0.54,0.302,0.131,0.0,0.683,0.19,0.173,0.222
0022000060,1610612759,San Antonio,Spurs,SAS,spurs,1627751,Jakob,Poeltl,J. Poeltl,jakob-poeltl,C,,25,24:01,0.577,0.385,0.144,0.15,0.684,0.158,0.193,0.188
0022000060,1610612759,San Antonio,Spurs,SAS,spurs,1629022,Lonnie,Walker IV,L. Walker IV,lonnie-walker-iv,G,,1,32:48,0.533,0.267,0.127,0.0,0.627,0.255,0.202,0.24
0022000060,1610612759,San Antonio,Spurs,SAS,spurs,1627749,Dejounte,Murray,D. Murray,dejounte-murray,G,,5,34:59,0.508,0.2,0.124,0.0,0.588,0.281,0.189,0.138
0022000060,1610612759,San Antonio,Spurs,SAS,spurs,1629234,Drew,Eubanks,D. Eubanks,drew-eubanks,,,14,23:59,0.469,0.167,0.076,0.033,0.614,0.318,0.148,0.174
0022000060,1610612759,San Antonio,Spurs,SAS,spurs,201988,Patty,Mills,P. Mills,patty-mills,,,8,22:15,0.5,0.3,0.085,0.04,0.671,0.195,0.129,0.19
0022000060,1610612759,San Antonio,Spurs,SAS,spurs,200752,Rudy,Gay,R. Gay,rudy-gay,,,22,25:26,0.511,0.409,0.074,0.037,0.604,0.167,0.128,0.16
0022000060,1610612759,San Antonio,Spurs,SAS,spurs,1630170,Devin,Vassell,D. Vassell,devin-vassell,,,24,13:04,0.5,0.318,0.08,0.0,0.717,0.174,0.112,0.083
0022000060,1610612759,San Antonio,Spurs,SAS,spurs,1630200,Tre,Jones,T. Jones,tre-jones,,,33,1:02,0.5,0.0,0.0,0.0,1.5,2.0,0.0,0.0
0022000060,1610612759,San Antonio,Spurs,SAS,spurs,1629677,Luka,Samanic,L. Samanic,luka-samanic,,,19,1:02,0.5,0.0,0.0,0.0,1.5,2.0,0.0,0.0
0022000060,1610612759,San Antonio,Spurs,SAS,spurs,1628966,Keita,Bates-Diop,K. Bates-Diop,keita-bates-diop,,,31,1:02,0.5,0.0,0.0,0.0,1.5,2.0,0.0,0.0
0022000060,1610612759,San Antonio,Spurs,SAS,spurs,1626168,Trey,Lyles,T. Lyles,trey-lyles,,DNP - Coach's Decision,41,,0.0,0.0,0.0,0.0,0.0,0.0,0.0,0.0
0022000057,1610612737,Atlanta,Hawks,ATL,hawks,1629631,De'Andre,Hunter,D. Hunter,deandre-hunter,F,,12,33:26,0.529,0.371,0.092,0.049,0.585,0.183,0.077,0.143
0022000057,1610612737,Atlanta,Hawks,ATL,hawks,1628381,John,Collins,J. Collins,john-collins,F,,20,30:34,0.606,0.288,0.124,0.121,0.585,0.262,0.095,0.188
0022000057,1610612737,Atlanta,Hawks,ATL,hawks,203991,Clint,Capela,C. Capela,clint-capela,C,,15,19:56,0.5,0.333,0.087,0.111,0.568,0.091,0.063,0.045
0022000057,1610612737,Atlanta,Hawks,ATL,hawks,1629629,Cam,Reddish,C. Reddish,cam-reddish,G,,22,31:58,0.562,0.462,0.096,0.028,0.629,0.227,0.068,0.129
0022000057,1610612737,Atlanta,Hawks,ATL,hawks,1629027,Trae,Young,T. Young,trae-young,G,,11,31:56,0.562,0.431,0.095,0.086,0.61,0.162,0.068,0.125
0022000057,1610612737,Atlanta,Hawks,ATL,hawks,201568,Danilo,Gallinari,D. Gallinari,danilo-gallinari,,,8,3:09,0.917,0.333,0.145,0.0,0.833,0.333,0.0,0.5
0022000057,1610612737,Atlanta,Hawks,ATL,hawks,203992,Bogdan,Bogdanović,B. Bogdanović,bogdan-bogdanović,,,13,28:43,0.589,0.339,0.122,0.0,0.629,0.31,0.094,0.286
0022000057,1610612737,Atlanta,Hawks,ATL,hawks,203524,Solomon,Hill,S. Hill,solomon-hill,,,18,16:43,0.541,0.189,0.108,0.048,0.653,0.306,0.1,0.333
0022000057,1610612737,Atlanta,Hawks,ATL,hawks,1628989,Kevin,Huerter,K. Huerter,kevin-huerter,,,3,21:05,0.57,0.395,0.129,0.042,0.791,0.186,0.088,0.357
0022000057,1610612737,Atlanta,Hawks,ATL,hawks,200765,Rajon,Rondo,R. Rondo,rajon-rondo,,,7,16:05,0.574,0.206,0.139,0.05,0.688,0.375,0.11,0.357
0022000057,1610612737,Atlanta,Hawks,ATL,hawks,1628981,Bruno,Fernando,B. Fernando,bruno-fernando,,,24,6:26,0.591,0.545,0.147,0.143,0.818,0.364,0.078,0.2
0022000057,1610612737,Atlanta,Hawks,ATL,hawks,1629164,Brandon,Goodwin,B. Goodwin,brandon-goodwin,,DNP - Coach's Decision,0,,0.0,0.0,0.0,0.0,0.0,0.0,0.0,0.0
0022000057,1610612737,Atlanta,Hawks,ATL,hawks,1630233,Nathan,Knight,N. Knight,nathan-knight,,DNP - Coach's Decision,1,,0.0,0.0,0.0,0.0,0.0,0.0,0.0,0.0
0022000057,1610612737,Atlanta,Hawks,ATL,hawks,1630219,Skylar,Mays,S. Mays,skylar-mays,,DNP - Coach's Decision,4,,0.0,0.0,0.0,0.0,0.0,0.0,0.0,0.0
0022000057,1610612751,Brooklyn,Nets,BKN,nets,203925,Joe,Harris,J. Harris,joe-harris,F,,12,30:34,0.57,0.172,0.072,0.0,0.516,0.413,0.102,0.406
0022000057,1610612751,Brooklyn,Nets,BKN,nets,201142,Kevin,Durant,K. Durant,kevin-durant,F,,7,34:59,0.574,0.284,0.083,0.025,0.563,0.333,0.101,0.333
0022000057,1610612751,Brooklyn,Nets,BKN,nets,201599,DeAndre,Jordan,D. Jordan,deandre-jordan,C,,6,15:13,0.531,0.125,0.056,0.0,0.591,0.303,0.11,0.313
0022000057,1610612751,Brooklyn,Nets,BKN,nets,1627789,Timothe,Luwawu-Cabarrot,T. Luwawu-Cabarrot,timothe-luwawu-cabarrot,G,,9,26:25,0.62,0.222,0.065,0.0,0.575,0.491,0.114,0.37
0022000057,1610612751,Brooklyn,Nets,BKN,nets,202681,Kyrie,Irving,K. Irving,kyrie-irving,G,,11,34:00,0.599,0.211,0.076,0.0,0.563,0.38,0.101,0.353
0022000057,1610612751,Brooklyn,Nets,BKN,nets,1628386,Jarrett,Allen,J. Allen,jarrett-allen,,,31,24:26,0.735,0.255,0.091,0.238,0.628,0.447,0.124,0.318
0022000057,1610612751,Brooklyn,Nets,BKN,nets,1627747,Caris,LeVert,C. LeVert,caris-levert,,,22,24:13,0.686,0.216,0.093,0.083,0.549,0.255,0.112,0.375
0022000057,1610612751,Brooklyn,Nets,BKN,nets,1627752,Taurean,Prince,T. Prince,taurean-prince,,,2,18:33,0.737,0.263,0.099,0.0,0.603,0.282,0.12,0.368
0022000057,1610612751,Brooklyn,Nets,BKN,nets,1629013,Landry,Shamet,L. Shamet,landry-shamet,,,20,17:26,0.75,0.333,0.099,0.067,0.653,0.25,0.122,0.25
0022000057,1610612751,Brooklyn,Nets,BKN,nets,201145,Jeff,Green,J. Green,jeff-green,,,8,14:11,0.621,0.207,0.095,0.0,0.417,0.267,0.102,0.412
0022000057,1610612751,Brooklyn,Nets,BKN,nets,1628971,Bruce,Brown,B. Brown,bruce-brown,,DNP - Coach's Decision,1,,0.0,0.0,0.0,0.0,0.0,0.0,0.0,0.0
0022000057,1610612751,Brooklyn,Nets,BKN,nets,1629185,Chris,Chiozza,C. Chiozza,chris-chiozza,,DNP - Coach's Decision,4,,0.0,0.0,0.0,0.0,0.0,0.0,0.0,0.0
0022000057,1610612751,Brooklyn,Nets,BKN,nets,204020,Tyler,Johnson,T. Johnson,tyler-johnson,,DNP - Coach's Decision,10,,0.0,0.0,0.0,0.0,0.0,0.0,0.0,0.0
0022000057,1610612751,Brooklyn,Nets,BKN,nets,1629066,Rodions,Kurucs,R. Kurucs,rodions-kurucs,,DNP - Coach's Decision,00,,0.0,0.0,0.0,0.0,0.0,0.0,0.0,0.0
0022000057,1610612751,Brooklyn,Nets,BKN,nets,1629617,Reggie,Perry,R. Perry,reggie-perry,,DNP - Coach's Decision,0,,0.0,0.0,0.0,0.0,0.0,0.0,0.0,0.0
0022000056,1610612763,Memphis,Grizzlies,MEM,grizzlies,1628415,Dillon,Brooks,D. Brooks,dillon-brooks,F,,24,27:53,0.458,0.333,0.265,0.097,0.644,0.135,0.166,0.208
0022000056,1610612763,Memphis,Grizzlies,MEM,grizzlies,203937,Kyle,Anderson,K. Anderson,kyle-anderson,F,,1,28:08,0.462,0.302,0.239,0.0,0.588,0.137,0.183,0.2
0022000056,1610612763,Memphis,Grizzlies,MEM,grizzlies,202685,Jonas,Valančiūnas,J. Valančiūnas,jonas-valančiūnas,C,,17,24:10,0.455,0.318,0.236,0.143,0.678,0.089,0.158,0.211
0022000056,1610612763,Memphis,Grizzlies,MEM,grizzlies,1628960,Grayson,Allen,G. Allen,grayson-allen,G,,3,11:35,0.474,0.211,0.253,0.0,0.75,0.125,0.118,0.3
0022000056,1610612763,Memphis,Grizzlies,MEM,grizzlies,1626145,Tyus,Jones,T. Jones,tyus-jones,G,,21,22:49,0.417,0.167,0.208,0.0,0.7,0.089,0.181,0.333
0022000056,1610612763,Memphis,Grizzlies,MEM,grizzlies,203476,Gorgui,Dieng,G. Dieng,gorgui-dieng,,,14,23:50,0.5,0.224,0.158,0.069,0.576,0.217,0.153,0.261
0022000056,1610612763,Memphis,Grizzlies,MEM,grizzlies,1629634,Brandon,Clarke,B. Clarke,brandon-clarke,,,15,25:51,0.454,0.241,0.159,0.029,0.58,0.16,0.144,0.24
0022000056,1610612763,Memphis,Grizzlies,MEM,grizzlies,1630217,Desmond,Bane,D. Bane,desmond-bane,,,22,31:54,0.451,0.23,0.216,0.053,0.595,0.138,0.19,0.214
0022000056,1610612763,Memphis,Grizzlies,MEM,grizzlies,1629723,John,Konchar,J. Konchar,john-konchar,,,46,22:42,0.622,0.356,0.148,0.0,0.625,0.227,0.083,0.2
0022000056,1610612763,Memphis,Grizzlies,MEM,grizzlies,1630253,Sean,McDermott,S. McDermott,sean-mcdermott,,,30,21:08,0.5,0.28,0.092,0.065,0.6,0.225,0.133,0.278
0022000056,1610612763,Memphis,Grizzlies,MEM,grizzlies,1629007,Jontay,Porter,J. Porter,jontay-porter,,DND - Injury/Illness,4,,0.0,0.0,0.0,0.0,0.0,0.0,0.0,0.0
0022000056,1610612763,Memphis,Grizzlies,MEM,grizzlies,1630214,Xavier,Tillman,X. Tillman,xavier-tillman,,DND - Injury/Illness,2,,0.0,0.0,0.0,0.0,0.0,0.0,0.0,0.0
0022000056,1610612738,Boston,Celtics,BOS,celtics,1627759,Jaylen,Brown,J. Brown,jaylen-brown,F,,7,28:57,0.645,0.182,0.186,0.037,0.405,0.224,0.201,0.276
0022000056,1610612738,Boston,Celtics,BOS,celtics,1628369,Jayson,Tatum,J. Tatum,jayson-tatum,F,,0,23:15,0.727,0.114,0.192,0.0,0.423,0.231,0.275,0.261
0022000056,1610612738,Boston,Celtics,BOS,celtics,1628464,Daniel,Theis,D. Theis,daniel-theis,C,,27,19:09,0.532,0.29,0.195,0.111,0.434,0.368,0.215,0.25
0022000056,1610612738,Boston,Celtics,BOS,celtics,201952,Jeff,Teague,J. Teague,jeff-teague,G,,55,21:20,0.707,0.049,0.192,0.0,0.408,0.184,0.244,0.304
0022000056,1610612738,Boston,Celtics,BOS,celtics,203935,Marcus,Smart,M. Smart,marcus-smart,G,,36,26:19,0.571,0.102,0.196,0.0,0.449,0.224,0.234,0.333
0022000056,1610612738,Boston,Celtics,BOS,celtics,1629057,Robert,Williams III,R. Williams III,robert-williams-iii,,,44,22:49,0.714,0.02,0.121,0.2,0.419,0.209,0.174,0.321
0022000056,1610612738,Boston,Celtics,BOS,celtics,1629684,Grant,Williams,G. Williams,grant-williams,,,12,20:38,0.538,0.205,0.094,0.0,0.487,0.41,0.187,0.333
0022000056,1610612738,Boston,Celtics,BOS,celtics,1630202,Payton,Pritchard,P. Pritchard,payton-pritchard,,,11,21:14,0.631,0.119,0.088,0.0,0.474,0.359,0.183,0.263
0022000056,1610612738,Boston,Celtics,BOS,celtics,1628400,Semi,Ojeleye,S. Ojeleye,semi-ojeleye,,,37,12:10,0.66,0.16,0.144,0.0,0.558,0.154,0.134,0.2
0022000056,1610612738,Boston,Celtics,BOS,celtics,1630174,Aaron,Nesmith,A. Nesmith,aaron-nesmith,,,26,19:49,0.583,0.25,0.122,0.056,0.511,0.356,0.135,0.368
0022000056,1610612738,Boston,Celtics,BOS,celtics,1629035,Carsen,Edwards,C. Edwards,carsen-edwards,,,4,12:00,0.591,0.182,0.126,0.1,0.596,0.308,0.109,0.385
0022000056,1610612738,Boston,Celtics,BOS,celtics,1629682,Tremont,Waters,T. Waters,tremont-waters,,,51,6:18,0.5,0.364,0.157,0.0,0.769,0.154,0.189,0.333
0022000056,1610612738,Boston,Celtics,BOS,celtics,1629605,Tacko,Fall,T. Fall,tacko-fall,,,99,6:02,0.5,0.364,0.157,0.167,0.833,0.167,0.202,0.5
0022000061,1610612757,Portland,Trail Blazers,POR,blazers,1627884,Derrick,Jones Jr.,D. Jones Jr.,derrick-jones-jr,F,,5,34:54,0.528,0.453,0.183,0.0,0.562,0.178,0.091,0.237
0022000061,1610612757,Portland,Trail Blazers,POR,blazers,203496,Robert,Covington,R. Covington,robert-covington,F,,23,24:50,0.538,0.256,0.262,0.0,0.682,0.364,0.111,0.167
0022000061,1610612757,Portland,Trail Blazers,POR,blazers,203994,Jusuf,Nurkić,J. Nurkić,jusuf-nurkić,C,,27,22:46,0.578,0.406,0.241,0.0,0.667,0.208,0.061,0.286
0022000061,1610612757,Portland,Trail Blazers,POR,blazers,203468,CJ,McCollum,C. McCollum,cj-mccollum,G,,3,28:25,0.616,0.395,0.211,0.0,0.658,0.175,0.083,0.231
0022000061,1610612757,Portland,Trail Blazers,POR,blazers,203081,Damian,Lillard,D. Lillard,damian-lillard,G,,0,29:13,0.535,0.535,0.187,0.038,0.615,0.262,0.048,0.286
0022000061,1610612757,Portland,Trail Blazers,POR,blazers,2546,Carmelo,Anthony,C. Anthony,carmelo-anthony,,,00,25:02,0.425,0.6,0.131,0.0,0.64,0.24,0.094,0.318
0022000061,1610612757,Portland,Trail Blazers,POR,blazers,203918,Rodney,Hood,R. Hood,rodney-hood,,,5,15:03,0.404,0.5,0.122,0.0,0.603,0.241,0.064,0.273
0022000061,1610612757,Portland,Trail Blazers,POR,blazers,202683,Enes,Freedom,E. Freedom,enes-freedom,,,11,25:14,0.443,0.477,0.127,0.143,0.511,0.255,0.145,0.192
0022000061,1610612757,Portland,Trail Blazers,POR,blazers,1629014,Anfernee,Simons,A. Simons,anfernee-simons,,,1,10:18,0.444,0.222,0.145,0.0,0.833,0.278,0.18,0.333
0022000061,1610612757,Portland,Trail Blazers,POR,blazers,1629604,CJ,Elleby,C. Elleby,cj-elleby,,,16,8:05,0.429,0.5,0.157,0.0,0.281,0.188,0.207,0.154
0022000061,1610612757,Portland,Trail Blazers,POR,blazers,1629833,Keljin,Blevins,K. Blevins,keljin-blevins,,,21,8:05,0.429,0.5,0.157,0.0,0.281,0.188,0.207,0.154
0022000061,1610612757,Portland,Trail Blazers,POR,blazers,1628385,Harry,Giles III,H. Giles III,harry-giles-iii,,,4,8:05,0.429,0.5,0.157,0.0,0.281,0.188,0.207,0.154
0022000061,1610612746,LA,Clippers,LAC,clippers,202695,Kawhi,Leonard,K. Leonard,kawhi-leonard,F,,2,30:25,0.645,0.258,0.047,0.033,0.533,0.457,0.181,0.042
0022000061,1610612746,LA,Clippers,LAC,clippers,201587,Nicolas,Batum,N. Batum,nicolas-batum,F,,33,26:26,0.691,0.182,0.054,0.083,0.55,0.325,0.208,0.0
0022000061,1610612746,LA,Clippers,LAC,clippers,201586,Serge,Ibaka,S. Ibaka,serge-ibaka,C,,9,23:09,0.67,0.213,0.079,0.091,0.545,0.424,0.239,0.056
0022000061,1610612746,LA,Clippers,LAC,clippers,202331,Paul,George,P. George,paul-george,G,,13,28:27,0.691,0.182,0.114,0.0,0.548,0.333,0.237,0.136
0022000061,1610612746,LA,Clippers,LAC,clippers,201976,Patrick,Beverley,P. Beverley,patrick-beverley,G,,21,20:59,0.705,0.182,0.066,0.105,0.567,0.367,0.24,0.0
0022000061,1610612746,LA,Clippers,LAC,clippers,1627826,Ivica,Zubac,I. Zubac,ivica-zubac,,,40,15:12,0.534,0.379,0.091,0.125,0.423,0.462,0.15,0.214
0022000061,1610612746,LA,Clippers,LAC,clippers,1628379,Luke,Kennard,L. Kennard,luke-kennard,,,5,18:44,0.5,0.333,0.151,0.0,0.5,0.424,0.146,0.25
0022000061,1610612746,LA,Clippers,LAC,clippers,101150,Lou,Williams,L. Williams,lou-williams,,,23,20:58,0.61,0.293,0.088,0.0,0.458,0.528,0.129,0.222
0022000061,1610612746,LA,Clippers,LAC,clippers,202704,Reggie,Jackson,R. Jackson,reggie-jackson,,,1,21:37,0.5,0.35,0.142,0.0,0.5,0.571,0.167,0.222
0022000061,1610612746,LA,Clippers,LAC,clippers,202335,Patrick,Patterson,P. Patterson,patrick-patterson,,,54,10:53,0.409,0.136,0.164,0.0,0.526,0.421,0.122,0.1
0022000061,1610612746,LA,Clippers,LAC,clippers,1629611,Terance,Mann,T. Mann,terance-mann,,,14,8:05,0.281,0.188,0.207,0.154,0.429,0.5,0.157,0.111
0022000061,1610612746,LA,Clippers,LAC,clippers,1629662,Mfiondu,Kabengele,M. Kabengele,mfiondu-kabengele,,,25,6:51,0.346,0.077,0.243,0.0,0.417,0.583,0.124,0.125
0022000061,1610612746,LA,Clippers,LAC,clippers,1629599,Amir,Coffey,A. Coffey,amir-coffey,,,7,5:29,0.375,0.083,0.149,0.0,0.222,0.778,0.083,0.125
0022000061,1610612746,LA,Clippers,LAC,clippers,1630187,Daniel,Oturu,D. Oturu,daniel-oturu,,,10,2:45,0.333,0.0,0.167,0.0,0.2,0.6,0.0,0.2
0022000059,1610612766,Charlotte,Hornets,CHA,hornets,202330,Gordon,Hayward,G. Hayward,gordon-hayward,F,,20,30:59,0.557,0.264,0.215,0.036,0.465,0.368,0.138,0.294
0022000059,1610612766,Charlotte,Hornets,CHA,hornets,1629023,P.J.,Washington,P. Washington,pj-washington,F,,25,17:35,0.721,0.206,0.135,0.071,0.429,0.571,0.231,0.313
0022000059,1610612766,Charlotte,Hornets,CHA,hornets,202687,Bismack,Biyombo,B. Biyombo,bismack-biyombo,C,,8,29:53,0.577,0.308,0.231,0.148,0.5,0.396,0.145,0.281
0022000059,1610612766,Charlotte,Hornets,CHA,hornets,1628984,Devonte',Graham,D. Graham,devonte-graham,G,,4,29:19,0.6,0.28,0.19,0.0,0.373,0.451,0.177,0.294
0022000059,1610612766,Charlotte,Hornets,CHA,hornets,1626179,Terry,Rozier,T. Rozier,terry-rozier,G,,3,30:12,0.594,0.189,0.208,0.04,0.409,0.491,0.11,0.294
0022000059,1610612766,Charlotte,Hornets,CHA,hornets,1628998,Cody,Martin,C. Martin,cody-martin,,,11,7:36,0.607,0.286,0.282,0.0,0.909,0.273,0.245,0.0
0022000059,1610612766,Charlotte,Hornets,CHA,hornets,1630163,LaMelo,Ball,L. Ball,lamelo-ball,,,2,29:24,0.613,0.264,0.249,0.148,0.509,0.224,0.108,0.194
0022000059,1610612766,Charlotte,Hornets,CHA,hornets,1628970,Miles,Bridges,M. Bridges,miles-bridges,,,0,29:43,0.637,0.333,0.245,0.0,0.42,0.357,0.093,0.162
0022000059,1610612766,Charlotte,Hornets,CHA,hornets,1628997,Caleb,Martin,C. Martin,caleb-martin,,,10,14:21,0.712,0.269,0.205,0.083,0.339,0.357,0.12,0.188
0022000059,1610612766,Charlotte,Hornets,CHA,hornets,1629667,Jalen,McDaniels,J. McDaniels,jalen-mcdaniels,,,6,16:11,0.464,0.071,0.287,0.0,0.516,0.258,0.119,0.333
0022000059,1610612766,Charlotte,Hornets,CHA,hornets,1630176,Vernon,Carey Jr.,V. Carey Jr.,vernon-carey-jr,,,22,3:40,0.4,0.0,0.429,0.0,0.583,0.5,0.0,0.333
0022000059,1610612766,Charlotte,Hornets,CHA,hornets,1630208,Nick,Richards,N. Richards,nick-richards,,,14,1:07,0.0,0.0,1.0,0.0,1.5,0.0,0.0,0.0
0022000059,1610612766,Charlotte,Hornets,CHA,hornets,1628370,Malik,Monk,M. Monk,malik-monk,,DNP - Coach's Decision,1,,0.0,0.0,0.0,0.0,0.0,0.0,0.0,0.0
0022000059,1610612742,Dallas,Mavericks,DAL,mavericks,203501,Tim,Hardaway Jr.,T. Hardaway Jr.,tim-hardaway-jr,F,,11,27:31,0.478,0.4,0.179,0.0,0.68,0.3,0.182,0.35
0022000059,1610612742,Dallas,Mavericks,DAL,mavericks,1627827,Dorian,Finney-Smith,D. Finney-Smith,dorian-finney-smith,F,,10,24:04,0.341,0.39,0.184,0.121,0.567,0.244,0.174,0.318
0022000059,1610612742,Dallas,Mavericks,DAL,mavericks,203939,Dwight,Powell,D. Powell,dwight-powell,C,,7,24:16,0.393,0.476,0.167,0.097,0.693,0.159,0.259,0.412
0022000059,1610612742,Dallas,Mavericks,DAL,mavericks,1626196,Josh,Richardson,J. Richardson,josh-richardson,G,,0,26:47,0.457,0.37,0.128,0.03,0.696,0.304,0.206,0.375
0022000059,1610612742,Dallas,Mavericks,DAL,mavericks,1629029,Luka,Dončić,L. Dončić,luka-dončić,G,,77,24:04,0.487,0.436,0.141,0.0,0.738,0.381,0.204,0.462
0022000059,1610612742,Dallas,Mavericks,DAL,mavericks,203504,Trey,Burke,T. Burke,trey-burke,,,3,19:46,0.476,0.293,0.108,0.0,0.588,0.235,0.264,0.267
0022000059,1610612742,Dallas,Mavericks,DAL,mavericks,1628467,Maxi,Kleber,M. Kleber,maxi-kleber,,,42,20:55,0.489,0.068,0.108,0.036,0.605,0.289,0.171,0.235
0022000059,1610612742,Dallas,Mavericks,DAL,mavericks,1626161,Willie,Cauley-Stein,W. Cauley-Stein,willie-cauley-stein,,,33,9:21,0.714,0.643,0.118,0.125,0.471,0.588,0.098,0.333
0022000059,1610612742,Dallas,Mavericks,DAL,mavericks,1628973,Jalen,Brunson,J. Brunson,jalen-brunson,,,13,20:16,0.417,0.31,0.15,0.0,0.473,0.135,0.226,0.227
0022000059,1610612742,Dallas,Mavericks,DAL,mavericks,201949,James,Johnson,J. Johnson,james-johnson,,,16,19:15,0.459,0.541,0.134,0.087,0.471,0.176,0.258,0.25
0022000059,1610612742,Dallas,Mavericks,DAL,mavericks,1630182,Josh,Green,J. Green,josh-green,,,8,12:45,0.462,0.423,0.101,0.059,0.5,0.111,0.409,0.3
0022000059,1610612742,Dallas,Mavericks,DAL,mavericks,1630179,Tyrell,Terry,T. Terry,tyrell-terry,,,1,3:40,0.583,0.5,0.0,0.0,0.4,0.0,0.429,0.333
0022000059,1610612742,Dallas,Mavericks,DAL,mavericks,1628411,Wes,Iwundu,W. Iwundu,wes-iwundu,,,25,3:40,0.583,0.5,0.0,0.0,0.4,0.0,0.429,0.333
0022000059,1610612742,Dallas,Mavericks,DAL,mavericks,1626246,Boban,Marjanovic,B. Marjanovic,boban-marjanovic,,,51,3:40,0.583,0.5,0.0,0.0,0.4,0.0,0.429,0.333
0022000058,1610612749,Milwaukee,Bucks,MIL,bucks,203114,Khris,Middleton,K. Middleton,khris-middleton,F,,22,37:00,0.435,0.117,0.128,0.0,0.534,0.441,0.227,0.273
0022000058,1610612749,Milwaukee,Bucks,MIL,bucks,203507,Giannis,Antetokounmpo,G. Antetokounmpo,giannis-antetokounmpo,F,,34,38:01,0.464,0.133,0.109,0.038,0.563,0.381,0.196,0.242
0022000058,1610612749,Milwaukee,Bucks,MIL,bucks,201572,Brook,Lopez,B. Lopez,brook-lopez,C,,11,25:44,0.443,0.082,0.107,0.158,0.557,0.318,0.196,0.208
0022000058,1610612749,Milwaukee,Bucks,MIL,bucks,1628978,Donte,DiVincenzo,D. DiVincenzo,donte-divincenzo,G,,0,30:07,0.471,0.088,0.122,0.098,0.518,0.364,0.165,0.267
0022000058,1610612749,Milwaukee,Bucks,MIL,bucks,201950,Jrue,Holiday,J. Holiday,jrue-holiday,G,,21,33:57,0.471,0.162,0.12,0.024,0.557,0.396,0.249,0.179
0022000058,1610612749,Milwaukee,Bucks,MIL,bucks,201571,D.J.,Augustin,D. Augustin,dj-augustin,,,12,12:43,0.404,0.231,0.105,0.0,0.708,0.208,0.199,0.286
0022000058,1610612749,Milwaukee,Bucks,MIL,bucks,1626171,Bobby,Portis,B. Portis,bobby-portis,,,9,17:58,0.515,0.176,0.151,0.048,0.734,0.219,0.214,0.182
0022000058,1610612749,Milwaukee,Bucks,MIL,bucks,203648,Thanasis,Antetokounmpo,T. Antetokounmpo,thanasis-antetokounmpo,,,43,10:47,0.475,0.1,0.209,0.083,0.605,0.263,0.267,0.25
0022000058,1610612749,Milwaukee,Bucks,MIL,bucks,1626192,Pat,Connaughton,P. Connaughton,pat-connaughton,,,24,17:28,0.556,0.167,0.123,0.0,0.591,0.455,0.164,0.25
0022000058,1610612749,Milwaukee,Bucks,MIL,bucks,1627854,Bryn,Forbes,B. Forbes,bryn-forbes,,,7,16:14,0.527,0.081,0.12,0.045,0.589,0.286,0.185,0.333
0022000058,1610612749,Milwaukee,Bucks,MIL,bucks,1630241,Sam,Merrill,S. Merrill,sam-merrill,,DNP - Coach's Decision,15,,0.0,0.0,0.0,0.0,0.0,0.0,0.0,0.0
0022000058,1610612749,Milwaukee,Bucks,MIL,bucks,1629670,Jordan,Nwora,J. Nwora,jordan-nwora,,DNP - Coach's Decision,13,,0.0,0.0,0.0,0.0,0.0,0.0,0.0,0.0
0022000058,1610612749,Milwaukee,Bucks,MIL,bucks,1628391,D.J.,Wilson,D. Wilson,dj-wilson,,DNP - Coach's Decision,5,,0.0,0.0,0.0,0.0,0.0,0.0,0.0,0.0
0022000058,1610612748,Miami,Heat,MIA,heat,1629130,Duncan,Robinson,D. Robinson,duncan-robinson,F,,55,23:50,0.542,0.417,0.275,0.0,0.436,0.128,0.136,0.172
0022000058,1610612748,Miami,Heat,MIA,heat,2738,Andre,Iguodala,A. Iguodala,andre-iguodala,F,,28,19:60,0.586,0.276,0.27,0.0,0.5,0.103,0.14,0.182
0022000058,1610612748,Miami,Heat,MIA,heat,1628389,Bam,Adebayo,B. Adebayo,bam-adebayo,C,,13,35:27,0.621,0.355,0.165,0.031,0.514,0.11,0.14,0.231
0022000058,1610612748,Miami,Heat,MIA,heat,202340,Avery,Bradley,A. Bradley,avery-bradley,G,,11,29:39,0.531,0.408,0.216,0.0,0.484,0.111,0.125,0.278
0022000058,1610612748,Miami,Heat,MIA,heat,1629639,Tyler,Herro,T. Herro,tyler-herro,G,,14,38:50,0.579,0.397,0.233,0.029,0.461,0.156,0.132,0.222
0022000058,1610612748,Miami,Heat,MIA,heat,201609,Goran,Dragic,G. Dragic,goran-dragic,,,7,26:31,0.685,0.37,0.174,0.087,0.509,0.151,0.142,0.286
0022000058,1610612748,Miami,Heat,MIA,heat,1630173,Precious,Achiuwa,P. Achiuwa,precious-achiuwa,,,5,12:01,0.45,0.25,0.331,0.231,0.375,0.179,0.079,0.389
0022000058,1610612748,Miami,Heat,MIA,heat,203482,Kelly,Olynyk,K. Olynyk,kelly-olynyk,,,9,28:59,0.575,0.434,0.158,0.103,0.432,0.136,0.109,0.342
0022000058,1610612748,Miami,Heat,MIA,heat,1629134,Kendrick,Nunn,K. Nunn,kendrick-nunn,,,25,9:23,0.526,0.211,0.168,0.0,0.58,0.12,0.082,0.308
0022000058,1610612748,Miami,Heat,MIA,heat,1629216,Gabe,Vincent,G. Vincent,gabe-vincent,,,2,15:11,0.594,0.188,0.092,0.0,0.421,0.079,0.093,0.476
0022000058,1610612748,Miami,Heat,MIA,heat,203090,Maurice,Harkless,M. Harkless,maurice-harkless,,,8,0:09,0.0,0.0,0.0,0.0,0.0,0.0,0.0,0.0
0022000058,1610612748,Miami,Heat,MIA,heat,2617,Udonis,Haslem,U. Haslem,udonis-haslem,,DNP - Coach's Decision,40,,0.0,0.0,0.0,0.0,0.0,0.0,0.0,0.0
0022000058,1610612748,Miami,Heat,MIA,heat,203086,Meyers,Leonard,M. Leonard,meyers-leonard,,DNP - Coach's Decision,0,,0.0,0.0,0.0,0.0,0.0,0.0,0.0,0.0
0022000058,1610612748,Miami,Heat,MIA,heat,1629644,KZ,Okpala,K. Okpala,kz-okpala,,DNP - Coach's Decision,11,,0.0,0.0,0.0,0.0,0.0,0.0,0.0,0.0
0022000058,1610612748,Miami,Heat,MIA,heat,1629735,Chris,Silva,C. Silva,chris-silva,,DNP - Coach's Decision,30,,0.0,0.0,0.0,0.0,0.0,0.0,0.0,0.0
0022000068,1610612756,Phoenix,Suns,PHX,suns,1628969,Mikal,Bridges,M. Bridges,mikal-bridges,F,,25,36:32,0.555,0.109,0.16,0.028,0.508,0.234,0.165,0.294
0022000068,1610612756,Phoenix,Suns,PHX,suns,203109,Jae,Crowder,J. Crowder,jae-crowder,F,,99,36:41,0.597,0.104,0.133,0.028,0.516,0.21,0.179,0.25
0022000068,1610612756,Phoenix,Suns,PHX,suns,1629028,Deandre,Ayton,D. Ayton,deandre-ayton,C,,22,28:20,0.574,0.037,0.121,0.069,0.563,0.25,0.124,0.167
0022000068,1610612756,Phoenix,Suns,PHX,suns,1626164,Devin,Booker,D. Booker,devin-booker,G,,1,35:18,0.608,0.117,0.189,0.0,0.589,0.339,0.156,0.185
0022000068,1610612756,Phoenix,Suns,PHX,suns,101108,Chris,Paul,C. Paul,chris-paul,G,,3,29:51,0.569,0.034,0.115,0.031,0.47,0.2,0.168,0.179
0022000068,1610612756,Phoenix,Suns,PHX,suns,203967,Dario,Šarić,D. Šarić,dario-šarić,,,20,18:10,0.635,0.308,0.219,0.0,0.382,0.147,0.188,0.3
0022000068,1610612756,Phoenix,Suns,PHX,suns,1626166,Cameron,Payne,C. Payne,cameron-payne,,,15,18:09,0.635,0.308,0.213,0.0,0.515,0.265,0.108,0.278
0022000068,1610612756,Phoenix,Suns,PHX,suns,1629661,Cameron,Johnson,C. Johnson,cameron-johnson,,,23,17:59,0.55,0.167,0.138,0.0,0.365,0.162,0.055,0.208
0022000068,1610612756,Phoenix,Suns,PHX,suns,204038,Langston,Galloway,L. Galloway,langston-galloway,,,2,6:24,0.667,0.083,0.139,0.0,0.455,0.364,0.073,0.0
0022000068,1610612756,Phoenix,Suns,PHX,suns,1626163,Frank,Kaminsky,F. Kaminsky,frank-kaminsky,,,8,1:30,0.5,0.0,0.0,0.0,0.5,1.0,0.0,0.0
0022000068,1610612756,Phoenix,Suns,PHX,suns,1628975,Jevon,Carter,J. Carter,jevon-carter,,,4,11:06,0.632,0.158,0.098,0.0,0.318,0.0,0.13,0.143
0022000068,1610612756,Phoenix,Suns,PHX,suns,1630234,Ty-Shon,Alexander,T. Alexander,ty-shon-alexander,,DNP - Coach's Decision,0,,0.0,0.0,0.0,0.0,0.0,0.0,0.0,0.0
0022000068,1610612756,Phoenix,Suns,PHX,suns,1627745,Damian,Jones,D. Jones,damian-jones,,DNP - Coach's Decision,30,,0.0,0.0,0.0,0.0,0.0,0.0,0.0,0.0
0022000068,1610612756,Phoenix,Suns,PHX,suns,202734,E'Twaun,Moore,E. Moore,etwaun-moore,,DNP - Coach's Decision,55,,0.0,0.0,0.0,0.0,0.0,0.0,0.0,0.0
0022000068,1610612762,Utah,Jazz,UTA,jazz,202711,Bojan,Bogdanovic,B. Bogdanovic,bojan-bogdanovic,F,,44,28:46,0.442,0.212,0.158,0.0,0.528,0.056,0.12,0.143
0022000068,1610612762,Utah,Jazz,UTA,jazz,1626220,Royce,O'Neale,R. O'Neale,royce-oneale,F,,23,34:31,0.534,0.254,0.175,0.03,0.575,0.083,0.171,0.129
0022000068,1610612762,Utah,Jazz,UTA,jazz,203497,Rudy,Gobert,R. Gobert,rudy-gobert,C,,27,34:11,0.583,0.296,0.132,0.067,0.617,0.094,0.138,0.138
0022000068,1610612762,Utah,Jazz,UTA,jazz,1628378,Donovan,Mitchell,D. Mitchell,donovan-mitchell,G,,45,36:14,0.516,0.238,0.168,0.028,0.555,0.078,0.162,0.118
0022000068,1610612762,Utah,Jazz,UTA,jazz,201144,Mike,Conley,M. Conley,mike-conley,G,,10,34:51,0.564,0.291,0.143,0.0,0.625,0.125,0.136,0.138
0022000068,1610612762,Utah,Jazz,UTA,jazz,204060,Joe,Ingles,J. Ingles,joe-ingles,,,2,32:11,0.432,0.186,0.105,0.026,0.68,0.16,0.198,0.045
0022000068,1610612762,Utah,Jazz,UTA,jazz,202324,Derrick,Favors,D. Favors,derrick-favors,,,15,13:49,0.317,0.1,0.177,0.143,0.5,0.2,0.194,0.083
0022000068,1610612762,Utah,Jazz,UTA,jazz,203903,Jordan,Clarkson,J. Clarkson,jordan-clarkson,,,00,19:27,0.382,0.105,0.129,0.074,0.574,0.206,0.102,0.125
0022000068,1610612762,Utah,Jazz,UTA,jazz,1627777,Georges,Niang,G. Niang,georges-niang,,,31,6:00,0.6,0.4,0.078,0.0,0.6,0.4,0.157,0.25
0022000068,1610612762,Utah,Jazz,UTA,jazz,1628962,Udoka,Azubuike,U. Azubuike,udoka-azubuike,,DNP - Coach's Decision,20,,0.0,0.0,0.0,0.0,0.0,0.0,0.0,0.0
0022000068,1610612762,Utah,Jazz,UTA,jazz,1627885,Shaquille,Harrison,S. Harrison,shaquille-harrison,,DNP - Coach's Decision,8,,0.0,0.0,0.0,0.0,0.0,0.0,0.0,0.0
0022000068,1610612762,Utah,Jazz,UTA,jazz,1630190,Elijah,Hughes,E. Hughes,elijah-hughes,,DNP - Coach's Decision,33,,0.0,0.0,0.0,0.0,0.0,0.0,0.0,0.0
0022000068,1610612762,Utah,Jazz,UTA,jazz,1629752,Juwan,Morgan,J. Morgan,juwan-morgan,,DNP - Coach's Decision,16,,0.0,0.0,0.0,0.0,0.0,0.0,0.0,0.0
0022000068,1610612762,Utah,Jazz,UTA,jazz,1629671,Miye,Oni,M. Oni,miye-oni,,DNP - Coach's Decision,81,,0.0,0.0,0.0,0.0,0.0,0.0,0.0,0.0
0022000064,1610612755,Philadelphia,76ers,PHI,sixers,201980,Danny,Green,D. Green,danny-green,F,,14,18:17,0.7,0.229,0.127,0.0,0.458,0.25,0.077,0.211
0022000064,1610612755,Philadelphia,76ers,PHI,sixers,202699,Tobias,Harris,T. Harris,tobias-harris,F,,12,26:34,0.683,0.212,0.104,0.125,0.412,0.176,0.121,0.138
0022000064,1610612755,Philadelphia,76ers,PHI,sixers,203954,Joel,Embiid,J. Embiid,joel-embiid,C,,21,26:40,0.618,0.255,0.104,0.0,0.42,0.22,0.104,0.103
0022000064,1610612755,Philadelphia,76ers,PHI,sixers,203552,Seth,Curry,S. Curry,seth-curry,G,,31,24:45,0.688,0.208,0.112,0.0,0.417,0.229,0.111,0.185
0022000064,1610612755,Philadelphia,76ers,PHI,sixers,1627732,Ben,Simmons,B. Simmons,ben-simmons,G,,25,24:36,0.649,0.277,0.095,0.087,0.394,0.234,0.111,0.143
0022000064,1610612755,Philadelphia,76ers,PHI,sixers,1629003,Shake,Milton,S. Milton,shake-milton,,,18,24:35,0.564,0.149,0.143,0.0,0.35,0.12,0.128,0.156
0022000064,1610612755,Philadelphia,76ers,PHI,sixers,203118,Mike,Scott,M. Scott,mike-scott,,,1,17:27,0.469,0.125,0.176,0.0,0.365,0.297,0.077,0.261
0022000064,1610612755,Philadelphia,76ers,PHI,sixers,1629680,Matisse,Thybulle,M. Thybulle,matisse-thybulle,,,22,17:54,0.5,0.152,0.17,0.0,0.347,0.167,0.101,0.13
0022000064,1610612755,Philadelphia,76ers,PHI,sixers,1630178,Tyrese,Maxey,T. Maxey,tyrese-maxey,,,0,21:00,0.463,0.05,0.171,0.0,0.369,0.238,0.108,0.192
0022000064,1610612755,Philadelphia,76ers,PHI,sixers,2730,Dwight,Howard,D. Howard,dwight-howard,,,39,14:24,0.607,0.071,0.177,0.077,0.339,0.129,0.126,0.25
0022000064,1610612755,Philadelphia,76ers,PHI,sixers,1630198,Isaiah,Joe,I. Joe,isaiah-joe,,,7,6:56,0.25,0.0,0.214,0.0,0.357,0.429,0.064,0.25
0022000064,1610612755,Philadelphia,76ers,PHI,sixers,1629738,Vincent,Poirier,V. Poirier,vincent-poirier,,,17,6:56,0.25,0.0,0.214,0.111,0.357,0.429,0.064,0.25
0022000064,1610612755,Philadelphia,76ers,PHI,sixers,1629751,Dakota,Mathias,D. Mathias,dakota-mathias,,,33,5:57,0.182,0.0,0.231,0.0,0.333,0.333,0.078,0.25
0022000064,1610612755,Philadelphia,76ers,PHI,sixers,1628390,Terrance,Ferguson,T. Ferguson,terrance-ferguson,,,23,3:59,0.143,0.0,0.25,0.0,0.286,0.143,0.118,0.0
0022000064,1610612755,Philadelphia,76ers,PHI,sixers,1628396,Tony,Bradley,T. Bradley,tony-bradley,,DNP - Coach's Decision,11,,0.0,0.0,0.0,0.0,0.0,0.0,0.0,0.0
0022000064,1610612753,Orlando,Magic,ORL,magic,1628407,Dwayne,Bacon,D. Bacon,dwayne-bacon,F,,8,27:31,0.394,0.212,0.117,0.0,0.625,0.125,0.129,0.208
0022000064,1610612753,Orlando,Magic,ORL,magic,203932,Aaron,Gordon,A. Gordon,aaron-gordon,F,,00,20:49,0.425,0.175,0.089,0.0,0.693,0.045,0.111,0.294
0022000064,1610612753,Orlando,Magic,ORL,magic,202696,Nikola,Vučević,N. Vučević,nikola-vučević,C,,9,23:47,0.433,0.156,0.098,0.071,0.684,0.184,0.094,0.238
0022000064,1610612753,Orlando,Magic,ORL,magic,203095,Evan,Fournier,E. Fournier,evan-fournier,G,,10,7:48,0.433,0.333,0.062,0.0,0.722,0.111,0.0,0.333
0022000064,1610612753,Orlando,Magic,ORL,magic,1628365,Markelle,Fultz,M. Fultz,markelle-fultz,G,,20,24:12,0.424,0.152,0.096,0.0,0.684,0.224,0.093,0.227
0022000064,1610612753,Orlando,Magic,ORL,magic,203487,Michael,Carter-Williams,M. Carter-Williams,michael-carter-williams,,,7,26:51,0.38,0.185,0.101,0.054,0.561,0.184,0.153,0.125
0022000064,1610612753,Orlando,Magic,ORL,magic,1629643,Chuma,Okeke,C. Okeke,chuma-okeke,,,3,17:14,0.414,0.229,0.107,0.0,0.45,0.4,0.104,0.056
0022000064,1610612753,Orlando,Magic,ORL,magic,203920,Khem,Birch,K. Birch,khem-birch,,,24,24:13,0.34,0.28,0.111,0.114,0.429,0.143,0.19,0.083
0022000064,1610612753,Orlando,Magic,ORL,magic,1630175,Cole,Anthony,C. Anthony,cole-anthony,,,50,30:20,0.339,0.226,0.104,0.023,0.472,0.185,0.166,0.1
0022000064,1610612753,Orlando,Magic,ORL,magic,1630211,Karim,Mane,K. Mane,karim-mane,,,4,18:45,0.413,0.25,0.097,0.0,0.453,0.188,0.197,0.105
0022000064,1610612753,Orlando,Magic,ORL,magic,1629109,Gary,Clark,G. Clark,gary-clark,,,12,9:57,0.25,0.3,0.133,0.0,0.441,0.059,0.267,0.1
0022000064,1610612753,Orlando,Magic,ORL,magic,1629648,Jordan,Bone,J. Bone,jordan-bone,,,23,8:33,0.313,0.375,0.153,0.091,0.367,0.0,0.222,0.1
0022000064,1610612753,Orlando,Magic,ORL,magic,1628964,Mo,Bamba,M. Bamba,mo-bamba,,DNP - Coach's Decision,5,,0.0,0.0,0.0,0.0,0.0,0.0,0.0,0.0
0022000065,1610612758,Sacramento,Kings,SAC,kings,203084,Harrison,Barnes,H. Barnes,harrison-barnes,F,,40,37:04,0.519,0.218,0.109,0.045,0.612,0.313,0.172,0.265
0022000065,1610612758,Sacramento,Kings,SAC,kings,1628963,Marvin,Bagley III,M. Bagley III,marvin-bagley-iii,F,,35,25:54,0.51,0.25,0.123,0.129,0.627,0.078,0.156,0.182
0022000065,1610612758,Sacramento,Kings,SAC,kings,1626158,Richaun,Holmes,R. Holmes,richaun-holmes,C,,22,35:58,0.507,0.171,0.099,0.095,0.558,0.246,0.151,0.265
0022000065,1610612758,Sacramento,Kings,SAC,kings,1627741,Buddy,Hield,B. Hield,buddy-hield,G,,24,37:47,0.5,0.148,0.127,0.0,0.593,0.3,0.176,0.257
0022000065,1610612758,Sacramento,Kings,SAC,kings,1628368,De'Aaron,Fox,D. Fox,deaaron-fox,G,,5,35:10,0.527,0.288,0.112,0.047,0.582,0.313,0.153,0.303
0022000065,1610612758,Sacramento,Kings,SAC,kings,202709,Cory,Joseph,C. Joseph,cory-joseph,,,9,22:36,0.605,0.289,0.188,0.0,0.625,0.361,0.189,0.188
0022000065,1610612758,Sacramento,Kings,SAC,kings,202355,Hassan,Whiteside,H. Whiteside,hassan-whiteside,,,20,3:01,1.167,2.0,0.393,0.0,0.8,0.8,0.0,0.0
0022000065,1610612758,Sacramento,Kings,SAC,kings,202357,Nemanja,Bjelica,N. Bjelica,nemanja-bjelica,,,8,15:47,0.611,0.333,0.229,0.143,0.571,0.381,0.254,0.1
0022000065,1610612758,Sacramento,Kings,SAC,kings,1630169,Tyrese,Haliburton,T. Haliburton,tyrese-haliburton,,,0,26:43,0.481,0.346,0.181,0.0,0.614,0.364,0.193,0.25
0022000065,1610612758,Sacramento,Kings,SAC,kings,1629657,Kyle,Guy,K. Guy,kyle-guy,,DNP - Coach's Decision,7,,0.0,0.0,0.0,0.0,0.0,0.0,0.0,0.0
0022000065,1610612758,Sacramento,Kings,SAC,kings,1629713,Justin,James,J. James,justin-james,,DNP - Coach's Decision,10,,0.0,0.0,0.0,0.0,0.0,0.0,0.0,0.0
0022000065,1610612758,Sacramento,Kings,SAC,kings,203953,Jabari,Parker,J. Parker,jabari-parker,,DNP - Coach's Decision,33,,0.0,0.0,0.0,0.0,0.0,0.0,0.0,0.0
0022000065,1610612758,Sacramento,Kings,SAC,kings,1630186,Jahmi'us,Ramsey,J. Ramsey,jahmius-ramsey,,DNP - Coach's Decision,3,,0.0,0.0,0.0,0.0,0.0,0.0,0.0,0.0
0022000065,1610612758,Sacramento,Kings,SAC,kings,203922,Glenn,Robinson III,G. Robinson III,glenn-robinson-iii,,DNP - Coach's Decision,30,,0.0,0.0,0.0,0.0,0.0,0.0,0.0,0.0
0022000065,1610612758,Sacramento,Kings,SAC,kings,1630218,Robert,Woodard II,R. Woodard II,robert-woodard-ii,,DNP - Coach's Decision,13,,0.0,0.0,0.0,0.0,0.0,0.0,0.0,0.0
0022000065,1610612745,Houston,Rockets,HOU,rockets,1627863,Danuel,House Jr.,D. House Jr.,danuel-house-jr,F,,4,27:54,0.625,0.135,0.164,0.0,0.448,0.241,0.129,0.294
0022000065,1610612745,Houston,Rockets,HOU,rockets,200782,P.J.,Tucker,P. Tucker,pj-tucker,F,,17,32:26,0.593,0.356,0.168,0.065,0.5,0.25,0.11,0.306
0022000065,1610612745,Houston,Rockets,HOU,rockets,1626174,Christian,Wood,C. Wood,christian-wood,C,,35,31:51,0.611,0.238,0.142,0.094,0.516,0.203,0.115,0.235
0022000065,1610612745,Houston,Rockets,HOU,rockets,202322,John,Wall,J. Wall,john-wall,G,,1,36:34,0.553,0.318,0.195,0.028,0.513,0.188,0.13,0.317
0022000065,1610612745,Houston,Rockets,HOU,rockets,201935,James,Harden,J. Harden,james-harden,G,,13,38:18,0.611,0.292,0.134,0.054,0.52,0.289,0.118,0.275
0022000065,1610612745,Houston,Rockets,HOU,rockets,1628425,Sterling,Brown,S. Brown,sterling-brown,,,0,12:28,0.605,0.316,0.225,0.0,0.705,0.273,0.15,0.222
0022000065,1610612745,Houston,Rockets,HOU,rockets,1630256,Jae'Sean,Tate,J. Tate,jaesean-tate,,,8,20:40,0.576,0.424,0.199,0.05,0.59,0.231,0.192,0.294
0022000065,1610612745,Houston,Rockets,HOU,rockets,201569,Eric,Gordon,E. Gordon,eric-gordon,,,10,25:56,0.625,0.364,0.175,0.043,0.564,0.277,0.187,0.238
0022000065,1610612745,Houston,Rockets,HOU,rockets,202326,DeMarcus,Cousins,D. Cousins,demarcus-cousins,,,15,13:53,0.591,0.182,0.209,0.0,0.538,0.423,0.188,0.385
0022000065,1610612745,Houston,Rockets,HOU,rockets,203998,Bruno,Caboclo,B. Caboclo,bruno-caboclo,,DNP - Coach's Decision,5,,0.0,0.0,0.0,0.0,0.0,0.0,0.0,0.0
0022000065,1610612745,Houston,Rockets,HOU,rockets,1628021,David,Nwaba,D. Nwaba,david-nwaba,,DNP - Coach's Decision,2,,0.0,0.0,0.0,0.0,0.0,0.0,0.0,0.0
0022000065,1610612745,Houston,Rockets,HOU,rockets,1630271,Brodric,Thomas,B. Thomas,brodric-thomas,,DNP - Coach's Decision,33,,0.0,0.0,0.0,0.0,0.0,0.0,0.0,0.0
0022000063,1610612741,Chicago,Bulls,CHI,bulls,1630172,Patrick,Williams,P. Williams,patrick-williams,F,,44,18:24,0.661,0.25,0.21,0.0,0.639,0.417,0.0,0.278
0022000063,1610612741,Chicago,Bulls,CHI,bulls,203490,Otto,Porter Jr.,O. Porter Jr.,otto-porter-jr,F,,22,30:55,0.636,0.291,0.159,0.04,0.575,0.528,0.119,0.207
0022000063,1610612741,Chicago,Bulls,CHI,bulls,1628976,Wendell,Carter Jr.,W. Carter Jr.,wendell-carter-jr,C,,34,22:58,0.592,0.184,0.2,0.05,0.726,0.452,0.041,0.2
0022000063,1610612741,Chicago,Bulls,CHI,bulls,203897,Zach,LaVine,Z. LaVine,zach-lavine,G,,8,34:53,0.627,0.299,0.149,0.0,0.598,0.59,0.103,0.226
0022000063,1610612741,Chicago,Bulls,CHI,bulls,1629632,Coby,White,C. White,coby-white,G,,0,40:10,0.628,0.321,0.117,0.026,0.541,0.438,0.122,0.19
0022000063,1610612741,Chicago,Bulls,CHI,bulls,202066,Garrett,Temple,G. Temple,garrett-temple,,,17,28:24,0.602,0.333,0.189,0.036,0.622,0.51,0.141,0.227
0022000063,1610612741,Chicago,Bulls,CHI,bulls,1627756,Denzel,Valentine,D. Valentine,denzel-valentine,,,45,14:59,0.583,0.133,0.153,0.067,0.604,0.333,0.239,0.167
0022000063,1610612741,Chicago,Bulls,CHI,bulls,1629655,Daniel,Gafford,D. Gafford,daniel-gafford,,,12,22:16,0.65,0.24,0.113,0.13,0.461,0.474,0.196,0.227
0022000063,1610612741,Chicago,Bulls,CHI,bulls,201152,Thaddeus,Young,T. Young,thaddeus-young,,,21,27:02,0.592,0.267,0.132,0.033,0.511,0.545,0.214,0.125
0022000063,1610612741,Chicago,Bulls,CHI,bulls,1629653,Devon,Dotson,D. Dotson,devon-dotson,,DNP - Coach's Decision,3,,0.0,0.0,0.0,0.0,0.0,0.0,0.0,0.0
0022000063,1610612741,Chicago,Bulls,CHI,bulls,1626245,Cristiano,Felicio,C. Felicio,cristiano-felicio,,DNP - Coach's Decision,6,,0.0,0.0,0.0,0.0,0.0,0.0,0.0,0.0
0022000063,1610612741,Chicago,Bulls,CHI,bulls,1628436,Luke,Kornet,L. Kornet,luke-kornet,,DNP - Coach's Decision,2,,0.0,0.0,0.0,0.0,0.0,0.0,0.0,0.0
0022000063,1610612741,Chicago,Bulls,CHI,bulls,1629690,Adam,Mokoka,A. Mokoka,adam-mokoka,,DNP - Coach's Decision,20,,0.0,0.0,0.0,0.0,0.0,0.0,0.0,0.0
0022000063,1610612764,Washington,Wizards,WAS,wizards,1630166,Deni,Avdija,D. Avdija,deni-avdija,F,,9,24:32,0.563,0.479,0.073,0.036,0.696,0.174,0.183,0.263
0022000063,1610612764,Washington,Wizards,WAS,wizards,1629060,Rui,Hachimura,R. Hachimura,rui-hachimura,F,,8,25:13,0.633,0.467,0.094,0.077,0.573,0.366,0.177,0.053
0022000063,1610612764,Washington,Wizards,WAS,wizards,1628418,Thomas,Bryant,T. Bryant,thomas-bryant,C,,13,34:14,0.563,0.54,0.09,0.053,0.635,0.333,0.153,0.222
0022000063,1610612764,Washington,Wizards,WAS,wizards,203078,Bradley,Beal,B. Beal,bradley-beal,G,,3,34:53,0.598,0.59,0.103,0.029,0.627,0.299,0.149,0.25
0022000063,1610612764,Washington,Wizards,WAS,wizards,201566,Russell,Westbrook,R. Westbrook,russell-westbrook,G,,4,39:19,0.571,0.429,0.136,0.045,0.604,0.312,0.119,0.188
0022000063,1610612764,Washington,Wizards,WAS,wizards,202722,Davis,Bertans,D. Bertans,davis-bertans,,,42,21:29,0.514,0.472,0.194,0.0,0.643,0.184,0.135,0.444
0022000063,1610612764,Washington,Wizards,WAS,wizards,202397,Ish,Smith,I. Smith,ish-smith,,,14,7:56,0.7,0.6,0.376,0.0,0.632,0.053,0.108,0.6
0022000063,1610612764,Washington,Wizards,WAS,wizards,201577,Robin,Lopez,R. Lopez,robin-lopez,,,15,6:19,0.714,0.429,0.419,0.0,0.567,0.067,0.13,0.5
0022000063,1610612764,Washington,Wizards,WAS,wizards,1628972,Troy,Brown Jr.,T. Brown Jr.,troy-brown-jr,,,6,16:50,0.603,0.345,0.165,0.0,0.613,0.258,0.182,0.3
0022000063,1610612764,Washington,Wizards,WAS,wizards,203526,Raul,Neto,R. Neto,raul-neto,,,19,21:47,0.568,0.568,0.085,0.0,0.566,0.395,0.178,0.176
0022000063,1610612764,Washington,Wizards,WAS,wizards,1629021,Moritz,Wagner,M. Wagner,moritz-wagner,,,21,7:27,0.607,0.286,0.068,0.125,0.607,0.214,0.173,0.167
0022000063,1610612764,Washington,Wizards,WAS,wizards,1629067,Isaac,Bonga,I. Bonga,isaac-bonga,,DNP - Coach's Decision,17,,0.0,0.0,0.0,0.0,0.0,0.0,0.0,0.0
0022000063,1610612764,Washington,Wizards,WAS,wizards,1630264,Anthony,Gill,A. Gill,anthony-gill,,DNP - Coach's Decision,16,,0.0,0.0,0.0,0.0,0.0,0.0,0.0,0.0
0022000063,1610612764,Washington,Wizards,WAS,wizards,1629726,Garrison,Mathews,G. Mathews,garrison-mathews,,DNP - Coach's Decision,24,,0.0,0.0,0.0,0.0,0.0,0.0,0.0,0.0
0022000063,1610612764,Washington,Wizards,WAS,wizards,1629010,Jerome,Robinson,J. Robinson,jerome-robinson,,DNP - Coach's Decision,12,,0.0,0.0,0.0,0.0,0.0,0.0,0.0,0.0
0022000066,1610612752,New York,Knicks,NYK,knicks,203493,Reggie,Bullock Jr.,R. Bullock Jr.,reggie-bullock-jr,F,,25,38:05,0.404,0.191,0.14,0.0,0.492,0.234,0.183,0.211
0022000066,1610612752,New York,Knicks,NYK,knicks,203944,Julius,Randle,J. Randle,julius-randle,F,,30,37:39,0.41,0.149,0.142,0.023,0.493,0.284,0.162,0.2
0022000066,1610612752,New York,Knicks,NYK,knicks,1629011,Mitchell,Robinson,M. Robinson,mitchell-robinson,C,,23,25:12,0.362,0.319,0.162,0.063,0.478,0.111,0.192,0.192
0022000066,1610612752,New York,Knicks,NYK,knicks,203901,Elfrid,Payton,E. Payton,elfrid-payton,G,,6,23:21,0.381,0.143,0.164,0.0,0.478,0.222,0.136,0.192
0022000066,1610612752,New York,Knicks,NYK,knicks,1629628,RJ,Barrett,R. Barrett,rj-barrett,G,,9,36:56,0.304,0.29,0.149,0.038,0.508,0.227,0.165,0.189
0022000066,1610612752,New York,Knicks,NYK,knicks,1628995,Kevin,Knox II,K. Knox II,kevin-knox-ii,,,20,31:30,0.392,0.233,0.169,0.049,0.567,0.365,0.178,0.172
0022000066,1610612752,New York,Knicks,NYK,knicks,203457,Nerlens,Noel,N. Noel,nerlens-noel,,,3,18:28,0.471,0.029,0.173,0.1,0.565,0.355,0.196,0.167
0022000066,1610612752,New York,Knicks,NYK,knicks,203085,Austin,Rivers,A. Rivers,austin-rivers,,,8,21:15,0.402,0.171,0.133,0.0,0.547,0.344,0.215,0.211
0022000066,1610612752,New York,Knicks,NYK,knicks,1629607,Jared,Harper,J. Harper,jared-harper,,,0,3:24,0.2,1.4,0.198,0.0,0.583,0.0,0.25,0.0
0022000066,1610612752,New York,Knicks,NYK,knicks,1629033,Theo,Pinson,T. Pinson,theo-pinson,,,21,3:24,0.2,1.4,0.198,0.0,0.583,0.0,0.25,0.0
0022000066,1610612752,New York,Knicks,NYK,knicks,1629649,Ignas,Brazdeikis,I. Brazdeikis,ignas-brazdeikis,,,17,0:46,0.0,0.0,0.0,0.0,0.0,0.0,0.0,0.0
0022000066,1610612752,New York,Knicks,NYK,knicks,202692,Alec,Burks,A. Burks,alec-burks,,DNP - Injury/Illness,18,,0.0,0.0,0.0,0.0,0.0,0.0,0.0,0.0
0022000066,1610612761,Toronto,Raptors,TOR,raptors,1626181,Norman,Powell,N. Powell,norman-powell,F,,24,34:09,0.578,0.293,0.14,0.0,0.336,0.188,0.164,0.195
0022000066,1610612761,Toronto,Raptors,TOR,raptors,1628384,OG,Anunoby,O. Anunoby,og-anunoby,F,,3,34:59,0.542,0.25,0.152,0.056,0.363,0.194,0.154,0.184
0022000066,1610612761,Toronto,Raptors,TOR,raptors,203382,Aron,Baynes,A. Baynes,aron-baynes,C,,46,14:54,0.481,0.0,0.179,0.063,0.385,0.231,0.135,0.214
0022000066,1610612761,Toronto,Raptors,TOR,raptors,200768,Kyle,Lowry,K. Lowry,kyle-lowry,G,,7,36:49,0.524,0.258,0.173,0.025,0.404,0.191,0.127,0.128
0022000066,1610612761,Toronto,Raptors,TOR,raptors,1627832,Fred,VanVleet,F. VanVleet,fred-vanvleet,G,,23,35:32,0.516,0.234,0.136,0.026,0.359,0.219,0.162,0.205
0022000066,1610612761,Toronto,Raptors,TOR,raptors,1628449,Chris,Boucher,C. Boucher,chris-boucher,,,25,24:23,0.488,0.45,0.189,0.071,0.351,0.191,0.182,0.2
0022000066,1610612761,Toronto,Raptors,TOR,raptors,1629056,Terence,Davis,T. Davis,terence-davis,,,0,16:15,0.5,0.24,0.268,0.0,0.394,0.242,0.16,0.263
0022000066,1610612761,Toronto,Raptors,TOR,raptors,1626169,Stanley,Johnson,S. Johnson,stanley-johnson,,,5,12:35,0.346,0.269,0.206,0.05,0.455,0.136,0.183,0.091
0022000066,1610612761,Toronto,Raptors,TOR,raptors,1629139,Yuta,Watanabe,Y. Watanabe,yuta-watanabe,,,18,9:27,0.469,0.25,0.253,0.083,0.45,0.4,0.085,0.182
0022000066,1610612761,Toronto,Raptors,TOR,raptors,203458,Alex,Len,A. Len,alex-len,,,27,12:33,0.543,0.304,0.172,0.0,0.523,0.0,0.185,0.0
0022000066,1610612761,Toronto,Raptors,TOR,raptors,1628778,Paul,Watson,P. Watson,paul-watson,,,1,2:48,0.5,0.0,0.286,0.0,0.25,1.25,0.139,0.0
0022000066,1610612761,Toronto,Raptors,TOR,raptors,1627761,DeAndre',Bembry,D. Bembry,deandre-bembry,,,95,2:48,0.5,0.0,0.286,0.0,0.25,1.25,0.139,0.0
0022000066,1610612761,Toronto,Raptors,TOR,raptors,1630201,Malachi,Flynn,M. Flynn,malachi-flynn,,,8,2:48,0.5,0.0,0.286,0.0,0.25,1.25,0.139,0.0
0022000066,1610612761,Toronto,Raptors,TOR,raptors,1627783,Pascal,Siakam,P. Siakam,pascal-siakam,,DND - Coach's Decision,43,,0.0,0.0,0.0,0.0,0.0,0.0,0.0,0.0
0022000066,1610612761,Toronto,Raptors,TOR,raptors,1629744,Matt,Thomas,M. Thomas,matt-thomas,,DNP - Coach's Decision,21,,0.0,0.0,0.0,0.0,0.0,0.0,0.0,0.0
0022000062,1610612739,Cleveland,Cavaliers,CLE,cavaliers,203957,Danté,Exum,D. Exum,danté-exum,F,,1,28:16,0.462,0.302,0.152,0.0,0.615,0.229,0.153,0.13
0022000062,1610612739,Cleveland,Cavaliers,CLE,cavaliers,1626204,Larry,Nance Jr.,L. Nance Jr.,larry-nance-jr,F,,22,35:59,0.561,0.212,0.197,0.027,0.555,0.281,0.133,0.226
0022000062,1610612739,Cleveland,Cavaliers,CLE,cavaliers,203083,Andre,Drummond,A. Drummond,andre-drummond,C,,3,25:02,0.674,0.186,0.22,0.158,0.57,0.302,0.152,0.19
0022000062,1610612739,Cleveland,Cavaliers,CLE,cavaliers,1629012,Collin,Sexton,C. Sexton,collin-sexton,G,,2,36:36,0.536,0.2,0.156,0.0,0.569,0.308,0.152,0.219
0022000062,1610612739,Cleveland,Cavaliers,CLE,cavaliers,1629636,Darius,Garland,D. Garland,darius-garland,G,,10,38:11,0.576,0.271,0.2,0.0,0.568,0.257,0.141,0.257
0022000062,1610612739,Cleveland,Cavaliers,CLE,cavaliers,1626224,Cedi,Osman,C. Osman,cedi-osman,,,16,21:20,0.382,0.316,0.166,0.034,0.581,0.324,0.136,0.211
0022000062,1610612739,Cleveland,Cavaliers,CLE,cavaliers,201580,JaVale,McGee,J. McGee,javale-mcgee,,,6,13:38,0.269,0.308,0.182,0.261,0.596,0.231,0.135,0.25
0022000062,1610612739,Cleveland,Cavaliers,CLE,cavaliers,1628422,Damyean,Dotson,D. Dotson,damyean-dotson,,,21,20:46,0.683,0.267,0.259,0.0,0.526,0.333,0.131,0.278
0022000062,1610612739,Cleveland,Cavaliers,CLE,cavaliers,1629731,Dean,Wade,D. Wade,dean-wade,,,32,6:10,0.333,1.333,0.174,0.0,0.692,0.077,0.074,0.25
0022000062,1610612739,Cleveland,Cavaliers,CLE,cavaliers,1627748,Thon,Maker,T. Maker,thon-maker,,,14,9:20,0.538,0.615,0.057,0.0,0.556,0.278,0.099,0.25
0022000062,1610612739,Cleveland,Cavaliers,CLE,cavaliers,1629716,Marques,Bolden,M. Bolden,marques-bolden,,,24,2:21,0.333,1.333,0.0,0.0,0.625,0.25,0.0,0.0
0022000062,1610612739,Cleveland,Cavaliers,CLE,cavaliers,1630205,Lamar,Stevens,L. Stevens,lamar-stevens,,,8,2:21,0.333,1.333,0.0,0.0,0.625,0.25,0.0,0.0
0022000062,1610612754,Indiana,Pacers,IND,pacers,1628988,Aaron,Holiday,A. Holiday,aaron-holiday,F,,3,22:28,0.649,0.243,0.116,0.053,0.45,0.3,0.203,0.435
0022000062,1610612754,Indiana,Pacers,IND,pacers,1627734,Domantas,Sabonis,D. Sabonis,domantas-sabonis,F,,11,36:60,0.598,0.348,0.104,0.057,0.478,0.239,0.16,0.282
0022000062,1610612754,Indiana,Pacers,IND,pacers,1626167,Myles,Turner,M. Turner,myles-turner,C,,33,33:23,0.579,0.246,0.171,0.069,0.516,0.226,0.185,0.324
0022000062,1610612754,Indiana,Pacers,IND,pacers,203506,Victor,Oladipo,V. Oladipo,victor-oladipo,G,,4,34:12,0.623,0.386,0.1,0.0,0.484,0.188,0.159,0.297
0022000062,1610612754,Indiana,Pacers,IND,pacers,1627763,Malcolm,Brogdon,M. Brogdon,malcolm-brogdon,G,,7,36:56,0.627,0.365,0.093,0.0,0.463,0.239,0.149,0.275
0022000062,1610612754,Indiana,Pacers,IND,pacers,203926,Doug,McDermott,D. McDermott,doug-mcdermott,,,20,25:19,0.49,0.294,0.151,0.094,0.651,0.233,0.162,0.05
0022000062,1610612754,Indiana,Pacers,IND,pacers,203200,Justin,Holiday,J. Holiday,justin-holiday,,,8,23:04,0.479,0.17,0.155,0.0,0.617,0.4,0.254,0.0
0022000062,1610612754,Indiana,Pacers,IND,pacers,1629103,Kelan,Martin,K. Martin,kelan-martin,,,21,11:01,0.565,0.087,0.251,0.083,0.633,0.533,0.245,0.0
0022000062,1610612754,Indiana,Pacers,IND,pacers,204456,T.J.,McConnell,T. McConnell,tj-mcconnell,,,9,9:28,0.381,0.0,0.292,0.0,0.846,0.308,0.322,0.0
0022000062,1610612754,Indiana,Pacers,IND,pacers,1628410,Edmond,Sumner,E. Sumner,edmond-sumner,,,5,2:21,0.625,0.25,0.0,0.0,0.333,1.333,0.0,0.0
0022000062,1610612754,Indiana,Pacers,IND,pacers,1629665,Jalen,Lecque,J. Lecque,jalen-lecque,,,0,1:36,0.833,0.333,0.0,0.0,0.5,2.0,0.0,0.0
0022000062,1610612754,Indiana,Pacers,IND,pacers,1630199,Cassius,Stanley,C. Stanley,cassius-stanley,,,2,1:36,0.833,0.333,0.0,0.0,0.5,2.0,0.0,0.0
0022000062,1610612754,Indiana,Pacers,IND,pacers,203960,JaKarr,Sampson,J. Sampson,jakarr-sampson,,,14,1:36,0.833,0.333,0.0,0.0,0.5,2.0,0.0,0.0
0022000067,1610612740,New Orleans,Pelicans,NOP,pelicans,1627742,Brandon,Ingram,B. Ingram,brandon-ingram,F,,14,26:00,0.529,0.173,0.094,0.036,0.556,0.156,0.173,0.208
0022000067,1610612740,New Orleans,Pelicans,NOP,pelicans,1629627,Zion,Williamson,Z. Williamson,zion-williamson,F,,1,17:26,0.578,0.375,0.15,0.25,0.565,0.129,0.153,0.313
0022000067,1610612740,New Orleans,Pelicans,NOP,pelicans,203500,Steven,Adams,S. Adams,steven-adams,C,,12,31:26,0.559,0.186,0.115,0.2,0.519,0.094,0.18,0.167
0022000067,1610612740,New Orleans,Pelicans,NOP,pelicans,202339,Eric,Bledsoe,E. Bledsoe,eric-bledsoe,G,,5,25:12,0.48,0.235,0.117,0.0,0.523,0.14,0.178,0.167
0022000067,1610612740,New Orleans,Pelicans,NOP,pelicans,1628366,Lonzo,Ball,L. Ball,lonzo-ball,G,,2,32:26,0.565,0.226,0.107,0.03,0.526,0.158,0.154,0.188
0022000067,1610612740,New Orleans,Pelicans,NOP,pelicans,200755,JJ,Redick,J. Redick,jj-redick,,,4,17:01,0.545,0.242,0.156,0.0,0.469,0.219,0.179,0.136
0022000067,1610612740,New Orleans,Pelicans,NOP,pelicans,1628404,Josh,Hart,J. Hart,josh-hart,,,3,34:20,0.586,0.188,0.15,0.03,0.417,0.15,0.178,0.1
0022000067,1610612740,New Orleans,Pelicans,NOP,pelicans,1629638,Nickeil,Alexander-Walker,N. Alexander-Walker,nickeil-alexander-walker,,,6,19:06,0.636,0.152,0.204,0.0,0.333,0.2,0.246,0.087
0022000067,1610612740,New Orleans,Pelicans,NOP,pelicans,1629637,Jaxson,Hayes,J. Hayes,jaxson-hayes,,,10,14:10,0.537,0.259,0.129,0.056,0.341,0.364,0.222,0.056
0022000067,1610612740,New Orleans,Pelicans,NOP,pelicans,1629740,Nicolo,Melli,N. Melli,nicolo-melli,,,20,16:37,0.531,0.156,0.117,0.0,0.326,0.261,0.238,0.0
0022000067,1610612740,New Orleans,Pelicans,NOP,pelicans,1630184,Kira,Lewis Jr.,K. Lewis Jr.,kira-lewis-jr,,,13,3:08,0.6,0.0,0.167,0.0,0.0,2.0,0.444,0.0
0022000067,1610612740,New Orleans,Pelicans,NOP,pelicans,1628414,Sindarius,Thornwell,S. Thornwell,sindarius-thornwell,,,15,3:08,0.6,0.0,0.167,0.0,0.0,2.0,0.444,0.0
0022000067,1610612740,New Orleans,Pelicans,NOP,pelicans,1626195,Willy,Hernangomez,W. Hernangomez,willy-hernangomez,,DNP - Coach's Decision,9,,0.0,0.0,0.0,0.0,0.0,0.0,0.0,0.0
0022000067,1610612740,New Orleans,Pelicans,NOP,pelicans,1630230,Naji,Marshall,N. Marshall,naji-marshall,,DNP - Coach's Decision,8,,0.0,0.0,0.0,0.0,0.0,0.0,0.0,0.0
0022000067,1610612760,Oklahoma City,Thunder,OKC,thunder,1629652,Luguentz,Dort,L. Dort,luguentz-dort,F,,5,16:51,0.635,0.154,0.168,0.077,0.469,0.281,0.097,0.471
0022000067,1610612760,Oklahoma City,Thunder,OKC,thunder,1629647,Darius,Bazley,D. Bazley,darius-bazley,F,,7,26:43,0.545,0.114,0.192,0.038,0.539,0.216,0.095,0.32
0022000067,1610612760,Oklahoma City,Thunder,OKC,thunder,201143,Al,Horford,A. Horford,al-horford,C,,42,24:13,0.566,0.105,0.179,0.045,0.511,0.2,0.089,0.364
0022000067,1610612760,Oklahoma City,Thunder,OKC,thunder,1628983,Shai,Gilgeous-Alexander,S. Gilgeous-Alexander,shai-gilgeous-alexander,G,,2,28:29,0.531,0.104,0.163,0.034,0.545,0.196,0.104,0.333
0022000067,1610612760,Oklahoma City,Thunder,OKC,thunder,201588,George,Hill,G. Hill,george-hill,G,,3,24:13,0.566,0.105,0.179,0.0,0.511,0.2,0.089,0.364
0022000067,1610612760,Oklahoma City,Thunder,OKC,thunder,1628977,Hamidou,Diallo,H. Diallo,hamidou-diallo,,,6,17:47,0.409,0.212,0.195,0.0,0.574,0.235,0.173,0.222
0022000067,1610612760,Oklahoma City,Thunder,OKC,thunder,203488,Mike,Muscala,M. Muscala,mike-muscala,,,33,15:37,0.45,0.233,0.189,0.0,0.559,0.118,0.159,0.222
0022000067,1610612760,Oklahoma City,Thunder,OKC,thunder,1630177,Theo,Maledon,T. Maledon,theo-maledon,,,11,26:20,0.398,0.143,0.172,0.0,0.56,0.2,0.171,0.231
0022000067,1610612760,Oklahoma City,Thunder,OKC,thunder,1629650,Moses,Brown,M. Brown,moses-brown,,,9,3:09,0.0,2.0,0.444,0.0,0.6,0.0,0.167,0.0
0022000067,1610612760,Oklahoma City,Thunder,OKC,thunder,1630197,Aleksej,Pokusevski,A. Pokusevski,aleksej-pokusevski,,,17,20:43,0.386,0.286,0.216,0.0,0.575,0.2,0.157,0.273
0022000067,1610612760,Oklahoma City,Thunder,OKC,thunder,1629676,Isaiah,Roby,I. Roby,isaiah-roby,,,22,18:18,0.391,0.313,0.173,0.077,0.588,0.235,0.177,0.263
0022000067,1610612760,Oklahoma City,Thunder,OKC,thunder,1629026,Kenrich,Williams,K. Williams,kenrich-williams,,,34,7:18,0.25,0.4,0.271,0.1,0.792,0.167,0.144,0.167
0022000067,1610612760,Oklahoma City,Thunder,OKC,thunder,1630221,Josh,Hall,J. Hall,josh-hall,,,15,10:19,0.233,0.267,0.276,0.0,0.676,0.353,0.153,0.333
0022000067,1610612760,Oklahoma City,Thunder,OKC,thunder,1628382,Justin,Jackson,J. Jackson,justin-jackson,,DNP - Coach's Decision,44,,0.0,0.0,0.0,0.0,0.0,0.0,0.0,0.0
0022000067,1610612760,Oklahoma City,Thunder,OKC,thunder,203121,Darius,Miller,D. Miller,darius-miller,,DNP - Coach's Decision,12,,0.0,0.0,0.0,0.0,0.0,0.0,0.0,0.0
0022000072,1610612737,Atlanta,Hawks,ATL,hawks,1629631,De'Andre,Hunter,D. Hunter,deandre-hunter,F,,12,31:11,0.492,0.203,0.109,0.029,0.452,0.222,0.088,0.194
0022000072,1610612737,Atlanta,Hawks,ATL,hawks,1628381,John,Collins,J. Collins,john-collins,F,,20,25:27,0.51,0.115,0.112,0.069,0.436,0.234,0.164,0.222
0022000072,1610612737,Atlanta,Hawks,ATL,hawks,203991,Clint,Capela,C. Capela,clint-capela,C,,15,29:43,0.585,0.169,0.095,0.094,0.491,0.255,0.138,0.167
0022000072,1610612737,Atlanta,Hawks,ATL,hawks,1629629,Cam,Reddish,C. Reddish,cam-reddish,G,,22,31:27,0.508,0.203,0.121,0.029,0.427,0.226,0.091,0.216
0022000072,1610612737,Atlanta,Hawks,ATL,hawks,1629027,Trae,Young,T. Young,trae-young,G,,11,32:27,0.516,0.156,0.104,0.056,0.406,0.25,0.1,0.211
0022000072,1610612737,Atlanta,Hawks,ATL,hawks,203524,Solomon,Hill,S. Hill,solomon-hill,,,18,23:41,0.594,0.042,0.102,0.0,0.397,0.231,0.209,0.227
0022000072,1610612737,Atlanta,Hawks,ATL,hawks,203992,Bogdan,Bogdanović,B. Bogdanović,bogdan-bogdanović,,,13,25:31,0.571,0.122,0.099,0.04,0.513,0.385,0.194,0.222
0022000072,1610612737,Atlanta,Hawks,ATL,hawks,1628989,Kevin,Huerter,K. Huerter,kevin-huerter,,,3,21:01,0.628,0.205,0.092,0.0,0.469,0.406,0.201,0.125
0022000072,1610612737,Atlanta,Hawks,ATL,hawks,1628981,Bruno,Fernando,B. Fernando,bruno-fernando,,,24,2:10,0.6,0.0,0.167,0.0,0.333,0.667,0.258,0.5
0022000072,1610612737,Atlanta,Hawks,ATL,hawks,1629164,Brandon,Goodwin,B. Goodwin,brandon-goodwin,,,0,15:33,0.621,0.138,0.122,0.0,0.568,0.318,0.257,0.2
0022000072,1610612737,Atlanta,Hawks,ATL,hawks,1630233,Nathan,Knight,N. Knight,nathan-knight,,,1,0:54,0.0,0.0,0.5,0.0,0.0,0.0,0.0,0.5
0022000072,1610612737,Atlanta,Hawks,ATL,hawks,1630219,Skylar,Mays,S. Mays,skylar-mays,,,4,0:54,0.0,0.0,0.5,0.0,0.0,0.0,0.0,0.5
0022000072,1610612737,Atlanta,Hawks,ATL,hawks,201568,Danilo,Gallinari,D. Gallinari,danilo-gallinari,,DNP - Injury/Illness,8,,0.0,0.0,0.0,0.0,0.0,0.0,0.0,0.0
0022000072,1610612751,Brooklyn,Nets,BKN,nets,203925,Joe,Harris,J. Harris,joe-harris,F,,12,28:13,0.491,0.211,0.098,0.029,0.509,0.189,0.12,0.2
0022000072,1610612751,Brooklyn,Nets,BKN,nets,201142,Kevin,Durant,K. Durant,kevin-durant,F,,7,37:28,0.479,0.214,0.136,0.024,0.486,0.164,0.125,0.205
0022000072,1610612751,Brooklyn,Nets,BKN,nets,201599,DeAndre,Jordan,D. Jordan,deandre-jordan,C,,6,18:18,0.5,0.235,0.173,0.1,0.551,0.154,0.144,0.316
0022000072,1610612751,Brooklyn,Nets,BKN,nets,1627789,Timothe,Luwawu-Cabarrot,T. Luwawu-Cabarrot,timothe-luwawu-cabarrot,G,,9,20:39,0.475,0.2,0.172,0.0,0.534,0.091,0.131,0.273
0022000072,1610612751,Brooklyn,Nets,BKN,nets,202681,Kyrie,Irving,K. Irving,kyrie-irving,G,,11,33:07,0.42,0.203,0.096,0.067,0.508,0.156,0.117,0.229
0022000072,1610612751,Brooklyn,Nets,BKN,nets,1628386,Jarrett,Allen,J. Allen,jarrett-allen,,,31,22:03,0.432,0.243,0.182,0.091,0.558,0.047,0.07,0.2
0022000072,1610612751,Brooklyn,Nets,BKN,nets,1627747,Caris,LeVert,C. LeVert,caris-levert,,,22,26:33,0.453,0.349,0.165,0.0,0.578,0.196,0.074,0.227
0022000072,1610612751,Brooklyn,Nets,BKN,nets,1629013,Landry,Shamet,L. Shamet,landry-shamet,,,20,16:47,0.396,0.375,0.257,0.0,0.597,0.056,0.084,0.308
0022000072,1610612751,Brooklyn,Nets,BKN,nets,1627752,Taurean,Prince,T. Prince,taurean-prince,,,2,13:43,0.474,0.368,0.258,0.0,0.648,0.0,0.107,0.222
0022000072,1610612751,Brooklyn,Nets,BKN,nets,201145,Jeff,Green,J. Green,jeff-green,,,8,8:12,0.583,0.667,0.162,0.0,0.667,0.4,0.0,0.167
0022000072,1610612751,Brooklyn,Nets,BKN,nets,1629617,Reggie,Perry,R. Perry,reggie-perry,,,0,3:00,0.2,0.4,0.0,0.0,0.625,0.5,0.17,0.0
0022000072,1610612751,Brooklyn,Nets,BKN,nets,1629066,Rodions,Kurucs,R. Kurucs,rodions-kurucs,,,00,3:00,0.2,0.4,0.0,0.0,0.625,0.5,0.17,0.0
0022000072,1610612751,Brooklyn,Nets,BKN,nets,1628971,Bruce,Brown,B. Brown,bruce-brown,,,1,3:00,0.2,0.4,0.0,0.25,0.625,0.5,0.17,0.0
0022000072,1610612751,Brooklyn,Nets,BKN,nets,1629185,Chris,Chiozza,C. Chiozza,chris-chiozza,,,4,3:00,0.2,0.4,0.0,0.0,0.625,0.5,0.17,0.0
0022000072,1610612751,Brooklyn,Nets,BKN,nets,204020,Tyler,Johnson,T. Johnson,tyler-johnson,,,10,2:57,0.2,0.4,0.0,0.0,0.625,0.0,0.2,0.0
0022000077,1610612746,LA,Clippers,LAC,clippers,202695,Kawhi,Leonard,K. Leonard,kawhi-leonard,F,,2,38:41,0.471,0.29,0.069,0.091,0.493,0.143,0.161,0.308
0022000077,1610612746,LA,Clippers,LAC,clippers,201587,Nicolas,Batum,N. Batum,nicolas-batum,F,,33,34:51,0.475,0.295,0.076,0.051,0.539,0.125,0.135,0.286
0022000077,1610612746,LA,Clippers,LAC,clippers,201586,Serge,Ibaka,S. Ibaka,serge-ibaka,C,,9,33:35,0.449,0.254,0.066,0.026,0.518,0.175,0.183,0.267
0022000077,1610612746,LA,Clippers,LAC,clippers,202331,Paul,George,P. George,paul-george,G,,13,37:44,0.435,0.203,0.123,0.044,0.595,0.206,0.185,0.241
0022000077,1610612746,LA,Clippers,LAC,clippers,201976,Patrick,Beverley,P. Beverley,patrick-beverley,G,,21,27:58,0.472,0.245,0.019,0.029,0.389,0.178,0.224,0.259
0022000077,1610612746,LA,Clippers,LAC,clippers,101150,Lou,Williams,L. Williams,lou-williams,,,23,24:44,0.5,0.4,0.176,0.0,0.594,0.132,0.077,0.32
0022000077,1610612746,LA,Clippers,LAC,clippers,1627826,Ivica,Zubac,I. Zubac,ivica-zubac,,,40,14:25,0.5,0.346,0.182,0.071,0.594,0.125,0.065,0.357
0022000077,1610612746,LA,Clippers,LAC,clippers,1628379,Luke,Kennard,L. Kennard,luke-kennard,,,5,17:44,0.435,0.355,0.159,0.0,0.613,0.15,0.078,0.438
0022000077,1610612746,LA,Clippers,LAC,clippers,202704,Reggie,Jackson,R. Jackson,reggie-jackson,,,1,3:22,0.2,0.4,0.254,0.0,1.0,0.0,0.0,0.0
0022000077,1610612746,LA,Clippers,LAC,clippers,1629611,Terance,Mann,T. Mann,terance-mann,,,14,6:44,0.583,0.167,0.216,0.2,0.5,0.333,0.136,0.2
0022000077,1610612746,LA,Clippers,LAC,clippers,1629599,Amir,Coffey,A. Coffey,amir-coffey,,,7,0:12,0.0,0.0,0.0,0.0,0.0,0.0,0.0,0.0
0022000077,1610612746,LA,Clippers,LAC,clippers,1629662,Mfiondu,Kabengele,M. Kabengele,mfiondu-kabengele,,DNP - Coach's Decision,25,,0.0,0.0,0.0,0.0,0.0,0.0,0.0,0.0
0022000077,1610612746,LA,Clippers,LAC,clippers,1630187,Daniel,Oturu,D. Oturu,daniel-oturu,,DNP - Coach's Decision,10,,0.0,0.0,0.0,0.0,0.0,0.0,0.0,0.0
0022000077,1610612746,LA,Clippers,LAC,clippers,202335,Patrick,Patterson,P. Patterson,patrick-patterson,,DNP - Coach's Decision,54,,0.0,0.0,0.0,0.0,0.0,0.0,0.0,0.0
0022000077,1610612762,Utah,Jazz,UTA,jazz,202711,Bojan,Bogdanovic,B. Bogdanovic,bojan-bogdanovic,F,,44,33:10,0.467,0.067,0.201,0.026,0.475,0.288,0.093,0.242
0022000077,1610612762,Utah,Jazz,UTA,jazz,1626220,Royce,O'Neale,R. O'Neale,royce-oneale,F,,23,33:37,0.531,0.188,0.134,0.027,0.467,0.3,0.079,0.303
0022000077,1610612762,Utah,Jazz,UTA,jazz,203497,Rudy,Gobert,R. Gobert,rudy-gobert,C,,27,24:28,0.511,0.182,0.139,0.074,0.448,0.208,0.139,0.36
0022000077,1610612762,Utah,Jazz,UTA,jazz,1628378,Donovan,Mitchell,D. Mitchell,donovan-mitchell,G,,45,35:10,0.516,0.145,0.152,0.026,0.5,0.29,0.062,0.265
0022000077,1610612762,Utah,Jazz,UTA,jazz,201144,Mike,Conley,M. Conley,mike-conley,G,,10,33:39,0.617,0.203,0.087,0.029,0.407,0.254,0.137,0.281
0022000077,1610612762,Utah,Jazz,UTA,jazz,202324,Derrick,Favors,D. Favors,derrick-favors,,,15,23:32,0.578,0.133,0.153,0.16,0.486,0.378,0.07,0.15
0022000077,1610612762,Utah,Jazz,UTA,jazz,204060,Joe,Ingles,J. Ingles,joe-ingles,,,2,32:54,0.557,0.197,0.123,0.029,0.491,0.276,0.108,0.25
0022000077,1610612762,Utah,Jazz,UTA,jazz,203903,Jordan,Clarkson,J. Clarkson,jordan-clarkson,,,00,21:00,0.551,0.154,0.214,0.091,0.461,0.263,0.158,0.263
0022000077,1610612762,Utah,Jazz,UTA,jazz,1627777,Georges,Niang,G. Niang,georges-niang,,,31,2:30,0.833,0.0,0.0,0.0,0.25,0.5,0.291,0.0
0022000077,1610612762,Utah,Jazz,UTA,jazz,1628962,Udoka,Azubuike,U. Azubuike,udoka-azubuike,,DNP - Coach's Decision,20,,0.0,0.0,0.0,0.0,0.0,0.0,0.0,0.0
0022000077,1610612762,Utah,Jazz,UTA,jazz,1627885,Shaquille,Harrison,S. Harrison,shaquille-harrison,,DNP - Coach's Decision,8,,0.0,0.0,0.0,0.0,0.0,0.0,0.0,0.0
0022000077,1610612762,Utah,Jazz,UTA,jazz,1630190,Elijah,Hughes,E. Hughes,elijah-hughes,,DNP - Coach's Decision,33,,0.0,0.0,0.0,0.0,0.0,0.0,0.0,0.0
0022000077,1610612762,Utah,Jazz,UTA,jazz,1629752,Juwan,Morgan,J. Morgan,juwan-morgan,,DNP - Coach's Decision,16,,0.0,0.0,0.0,0.0,0.0,0.0,0.0,0.0
0022000077,1610612762,Utah,Jazz,UTA,jazz,1629671,Miye,Oni,M. Oni,miye-oni,,DNP - Coach's Decision,81,,0.0,0.0,0.0,0.0,0.0,0.0,0.0,0.0
0022000071,1610612748,Miami,Heat,MIA,heat,202710,Jimmy,Butler III,J. Butler III,jimmy-butler-iii,F,,22,26:49,0.321,0.262,0.201,0.031,0.533,0.2,0.161,0.087
0022000071,1610612748,Miami,Heat,MIA,heat,2738,Andre,Iguodala,A. Iguodala,andre-iguodala,F,,28,13:05,0.386,0.227,0.147,0.0,0.643,0.048,0.171,0.182
0022000071,1610612748,Miami,Heat,MIA,heat,1628389,Bam,Adebayo,B. Adebayo,bam-adebayo,C,,13,36:29,0.435,0.21,0.145,0.049,0.484,0.242,0.168,0.129
0022000071,1610612748,Miami,Heat,MIA,heat,1629130,Duncan,Robinson,D. Robinson,duncan-robinson,G,,55,33:26,0.5,0.358,0.13,0.0,0.473,0.232,0.17,0.107
0022000071,1610612748,Miami,Heat,MIA,heat,1629639,Tyler,Herro,T. Herro,tyler-herro,G,,14,29:12,0.33,0.277,0.153,0.0,0.511,0.326,0.168,0.125
0022000071,1610612748,Miami,Heat,MIA,heat,202340,Avery,Bradley,A. Bradley,avery-bradley,,,11,17:38,0.567,0.2,0.109,0.0,0.482,0.5,0.131,0.071
0022000071,1610612748,Miami,Heat,MIA,heat,201609,Goran,Dragic,G. Dragic,goran-dragic,,,7,28:36,0.449,0.286,0.164,0.0,0.446,0.348,0.164,0.08
0022000071,1610612748,Miami,Heat,MIA,heat,1630173,Precious,Achiuwa,P. Achiuwa,precious-achiuwa,,,5,11:60,0.324,0.706,0.198,0.133,0.559,0.471,0.163,0.0
0022000071,1610612748,Miami,Heat,MIA,heat,203482,Kelly,Olynyk,K. Olynyk,kelly-olynyk,,,9,28:41,0.458,0.375,0.148,0.0,0.351,0.34,0.174,0.074
0022000071,1610612748,Miami,Heat,MIA,heat,203090,Maurice,Harkless,M. Harkless,maurice-harkless,,,8,7:37,0.273,0.545,0.256,0.0,0.5,0.5,0.227,0.25
0022000071,1610612748,Miami,Heat,MIA,heat,1629134,Kendrick,Nunn,K. Nunn,kendrick-nunn,,,25,6:27,0.222,0.889,0.275,0.0,0.65,0.2,0.216,0.0
0022000071,1610612748,Miami,Heat,MIA,heat,2617,Udonis,Haslem,U. Haslem,udonis-haslem,,DNP - Coach's Decision,40,,0.0,0.0,0.0,0.0,0.0,0.0,0.0,0.0
0022000071,1610612748,Miami,Heat,MIA,heat,203086,Meyers,Leonard,M. Leonard,meyers-leonard,,DNP - Coach's Decision,0,,0.0,0.0,0.0,0.0,0.0,0.0,0.0,0.0
0022000071,1610612748,Miami,Heat,MIA,heat,1629644,KZ,Okpala,K. Okpala,kz-okpala,,DNP - Coach's Decision,11,,0.0,0.0,0.0,0.0,0.0,0.0,0.0,0.0
0022000071,1610612748,Miami,Heat,MIA,heat,1629735,Chris,Silva,C. Silva,chris-silva,,DNP - Coach's Decision,30,,0.0,0.0,0.0,0.0,0.0,0.0,0.0,0.0
0022000071,1610612742,Dallas,Mavericks,DAL,mavericks,203501,Tim,Hardaway Jr.,T. Hardaway Jr.,tim-hardaway-jr,F,,11,38:34,0.508,0.292,0.156,0.0,0.403,0.274,0.162,0.049
0022000071,1610612742,Dallas,Mavericks,DAL,mavericks,1627827,Dorian,Finney-Smith,D. Finney-Smith,dorian-finney-smith,F,,10,22:25,0.459,0.351,0.128,0.042,0.417,0.361,0.109,0.043
0022000071,1610612742,Dallas,Mavericks,DAL,mavericks,203939,Dwight,Powell,D. Powell,dwight-powell,C,,7,28:07,0.469,0.188,0.194,0.0,0.356,0.333,0.168,0.065
0022000071,1610612742,Dallas,Mavericks,DAL,mavericks,1626196,Josh,Richardson,J. Richardson,josh-richardson,G,,0,34:46,0.527,0.273,0.16,0.03,0.458,0.22,0.153,0.129
0022000071,1610612742,Dallas,Mavericks,DAL,mavericks,1629029,Luka,Dončić,L. Dončić,luka-dončić,G,,77,35:49,0.518,0.368,0.15,0.029,0.417,0.25,0.136,0.083
0022000071,1610612742,Dallas,Mavericks,DAL,mavericks,1628467,Maxi,Kleber,M. Kleber,maxi-kleber,,,42,27:32,0.565,0.391,0.136,0.0,0.457,0.261,0.157,0.111
0022000071,1610612742,Dallas,Mavericks,DAL,mavericks,203504,Trey,Burke,T. Burke,trey-burke,,,3,17:19,0.38,0.4,0.22,0.0,0.414,0.414,0.138,0.143
0022000071,1610612742,Dallas,Mavericks,DAL,mavericks,1626161,Willie,Cauley-Stein,W. Cauley-Stein,willie-cauley-stein,,,33,11:06,0.433,0.4,0.194,0.1,0.382,0.471,0.222,0.25
0022000071,1610612742,Dallas,Mavericks,DAL,mavericks,1628973,Jalen,Brunson,J. Brunson,jalen-brunson,,,13,12:11,0.405,0.095,0.215,0.0,0.417,0.556,0.227,0.143
0022000071,1610612742,Dallas,Mavericks,DAL,mavericks,201949,James,Johnson,J. Johnson,james-johnson,,,16,12:11,0.405,0.095,0.215,0.0,0.417,0.556,0.227,0.143
0022000071,1610612742,Dallas,Mavericks,DAL,mavericks,1630182,Josh,Green,J. Green,josh-green,,DNP - Coach's Decision,8,,0.0,0.0,0.0,0.0,0.0,0.0,0.0,0.0
0022000071,1610612742,Dallas,Mavericks,DAL,mavericks,1628411,Wes,Iwundu,W. Iwundu,wes-iwundu,,DNP - Coach's Decision,25,,0.0,0.0,0.0,0.0,0.0,0.0,0.0,0.0
0022000071,1610612742,Dallas,Mavericks,DAL,mavericks,1626246,Boban,Marjanovic,B. Marjanovic,boban-marjanovic,,DNP - Coach's Decision,51,,0.0,0.0,0.0,0.0,0.0,0.0,0.0,0.0
0022000071,1610612742,Dallas,Mavericks,DAL,mavericks,1630179,Tyrell,Terry,T. Terry,tyrell-terry,,DNP - Coach's Decision,1,,0.0,0.0,0.0,0.0,0.0,0.0,0.0,0.0
0022000069,1610612763,Memphis,Grizzlies,MEM,grizzlies,1629634,Brandon,Clarke,B. Clarke,brandon-clarke,F,,15,31:35,0.655,0.109,0.204,0.038,0.509,0.175,0.199,0.29
0022000069,1610612763,Memphis,Grizzlies,MEM,grizzlies,203937,Kyle,Anderson,K. Anderson,kyle-anderson,F,,1,29:10,0.618,0.145,0.112,0.038,0.422,0.356,0.203,0.167
0022000069,1610612763,Memphis,Grizzlies,MEM,grizzlies,202685,Jonas,Valančiūnas,J. Valančiūnas,jonas-valančiūnas,C,,17,25:47,0.625,0.083,0.183,0.125,0.432,0.25,0.223,0.269
0022000069,1610612763,Memphis,Grizzlies,MEM,grizzlies,1628415,Dillon,Brooks,D. Brooks,dillon-brooks,G,,24,28:12,0.618,0.039,0.158,0.04,0.35,0.36,0.191,0.233
0022000069,1610612763,Memphis,Grizzlies,MEM,grizzlies,1626145,Tyus,Jones,T. Jones,tyus-jones,G,,21,28:59,0.692,0.115,0.139,0.0,0.422,0.235,0.216,0.3
0022000069,1610612763,Memphis,Grizzlies,MEM,grizzlies,1630217,Desmond,Bane,D. Bane,desmond-bane,,,22,28:08,0.444,0.111,0.214,0.0,0.481,0.204,0.143,0.179
0022000069,1610612763,Memphis,Grizzlies,MEM,grizzlies,203476,Gorgui,Dieng,G. Dieng,gorgui-dieng,,,14,22:13,0.476,0.143,0.15,0.08,0.488,0.238,0.139,0.136
0022000069,1610612763,Memphis,Grizzlies,MEM,grizzlies,1630253,Sean,McDermott,S. McDermott,sean-mcdermott,,,30,19:23,0.317,0.049,0.245,0.0,0.538,0.128,0.155,0.158
0022000069,1610612763,Memphis,Grizzlies,MEM,grizzlies,1629723,John,Konchar,J. Konchar,john-konchar,,,46,26:33,0.49,0.192,0.118,0.065,0.5,0.25,0.163,0.083
0022000069,1610612763,Memphis,Grizzlies,MEM,grizzlies,1628960,Grayson,Allen,G. Allen,grayson-allen,,DNP - Injury/Illness,3,,0.0,0.0,0.0,0.0,0.0,0.0,0.0,0.0
0022000069,1610612763,Memphis,Grizzlies,MEM,grizzlies,1629007,Jontay,Porter,J. Porter,jontay-porter,,DNP - Injury/Illness,4,,0.0,0.0,0.0,0.0,0.0,0.0,0.0,0.0
0022000069,1610612763,Memphis,Grizzlies,MEM,grizzlies,1630214,Xavier,Tillman,X. Tillman,xavier-tillman,,DNP - Injury/Illness,2,,0.0,0.0,0.0,0.0,0.0,0.0,0.0,0.0
0022000069,1610612766,Charlotte,Hornets,CHA,hornets,202330,Gordon,Hayward,G. Hayward,gordon-hayward,F,,20,27:01,0.41,0.24,0.192,0.0,0.69,0.12,0.144,0.25
0022000069,1610612766,Charlotte,Hornets,CHA,hornets,1629023,P.J.,Washington,P. Washington,pj-washington,F,,25,22:37,0.347,0.361,0.21,0.0,0.603,0.154,0.131,0.125
0022000069,1610612766,Charlotte,Hornets,CHA,hornets,202687,Bismack,Biyombo,B. Biyombo,bismack-biyombo,C,,8,28:23,0.443,0.189,0.212,0.212,0.639,0.037,0.184,0.261
0022000069,1610612766,Charlotte,Hornets,CHA,hornets,1626179,Terry,Rozier,T. Rozier,terry-rozier,G,,3,27:35,0.38,0.24,0.202,0.029,0.62,0.04,0.211,0.286
0022000069,1610612766,Charlotte,Hornets,CHA,hornets,1628984,Devonte',Graham,D. Graham,devonte-graham,G,,4,24:44,0.419,0.233,0.21,0.0,0.522,0.13,0.155,0.217
0022000069,1610612766,Charlotte,Hornets,CHA,hornets,1630163,LaMelo,Ball,L. Ball,lamelo-ball,,,2,26:42,0.51,0.224,0.153,0.034,0.51,0.118,0.173,0.25
0022000069,1610612766,Charlotte,Hornets,CHA,hornets,1628970,Miles,Bridges,M. Bridges,miles-bridges,,,0,25:47,0.448,0.188,0.19,0.0,0.441,0.078,0.211,0.296
0022000069,1610612766,Charlotte,Hornets,CHA,hornets,1628998,Cody,Martin,C. Martin,cody-martin,,,11,15:13,0.5,0.333,0.118,0.0,0.367,0.133,0.153,0.235
0022000069,1610612766,Charlotte,Hornets,CHA,hornets,1628997,Caleb,Martin,C. Martin,caleb-martin,,,10,22:45,0.577,0.231,0.196,0.0,0.547,0.14,0.161,0.19
0022000069,1610612766,Charlotte,Hornets,CHA,hornets,1629667,Jalen,McDaniels,J. McDaniels,jalen-mcdaniels,,,6,15:47,0.593,0.37,0.12,0.063,0.597,0.194,0.089,0.214
0022000069,1610612766,Charlotte,Hornets,CHA,hornets,1630208,Nick,Richards,N. Richards,nick-richards,,,14,3:26,0.688,0.0,0.0,0.0,0.2,0.4,0.291,0.25
0022000069,1610612766,Charlotte,Hornets,CHA,hornets,1630176,Vernon,Carey Jr.,V. Carey Jr.,vernon-carey-jr,,DNP - Coach's Decision,22,,0.0,0.0,0.0,0.0,0.0,0.0,0.0,0.0
0022000069,1610612766,Charlotte,Hornets,CHA,hornets,1628370,Malik,Monk,M. Monk,malik-monk,,DNP - Coach's Decision,1,,0.0,0.0,0.0,0.0,0.0,0.0,0.0,0.0
0022000076,1610612756,Phoenix,Suns,PHX,suns,1628969,Mikal,Bridges,M. Bridges,mikal-bridges,F,,25,36:16,0.55,0.2,0.154,0.0,0.522,0.162,0.096,0.25
0022000076,1610612756,Phoenix,Suns,PHX,suns,203109,Jae,Crowder,J. Crowder,jae-crowder,F,,99,29:18,0.568,0.318,0.21,0.0,0.606,0.269,0.1,0.211
0022000076,1610612756,Phoenix,Suns,PHX,suns,1629028,Deandre,Ayton,D. Ayton,deandre-ayton,C,,22,37:30,0.542,0.237,0.197,0.063,0.535,0.194,0.079,0.258
0022000076,1610612756,Phoenix,Suns,PHX,suns,1626164,Devin,Booker,D. Booker,devin-booker,G,,1,34:55,0.598,0.294,0.23,0.0,0.607,0.262,0.113,0.227
0022000076,1610612756,Phoenix,Suns,PHX,suns,101108,Chris,Paul,C. Paul,chris-paul,G,,3,32:27,0.557,0.226,0.171,0.036,0.549,0.164,0.09,0.192
0022000076,1610612756,Phoenix,Suns,PHX,suns,1626166,Cameron,Payne,C. Payne,cameron-payne,,,15,15:33,0.609,0.391,0.2,0.077,0.46,0.24,0.196,0.273
0022000076,1610612756,Phoenix,Suns,PHX,suns,1629661,Cameron,Johnson,C. Johnson,cameron-johnson,,,23,22:19,0.608,0.243,0.178,0.0,0.408,0.237,0.178,0.238
0022000076,1610612756,Phoenix,Suns,PHX,suns,1628975,Jevon,Carter,J. Carter,jevon-carter,,,4,14:52,0.5,0.308,0.105,0.0,0.375,0.0,0.138,0.2
0022000076,1610612756,Phoenix,Suns,PHX,suns,204038,Langston,Galloway,L. Galloway,langston-galloway,,,2,6:56,0.682,0.455,0.082,0.2,0.455,0.0,0.214,0.0
0022000076,1610612756,Phoenix,Suns,PHX,suns,1626163,Frank,Kaminsky,F. Kaminsky,frank-kaminsky,,,8,9:55,0.656,0.438,0.117,0.333,0.464,0.0,0.3,0.0
0022000076,1610612756,Phoenix,Suns,PHX,suns,1630234,Ty-Shon,Alexander,T. Alexander,ty-shon-alexander,,DNP - Coach's Decision,0,,0.0,0.0,0.0,0.0,0.0,0.0,0.0,0.0
0022000076,1610612756,Phoenix,Suns,PHX,suns,1627745,Damian,Jones,D. Jones,damian-jones,,DNP - Coach's Decision,30,,0.0,0.0,0.0,0.0,0.0,0.0,0.0,0.0
0022000076,1610612756,Phoenix,Suns,PHX,suns,202734,E'Twaun,Moore,E. Moore,etwaun-moore,,DNP - Coach's Decision,55,,0.0,0.0,0.0,0.0,0.0,0.0,0.0,0.0
0022000076,1610612756,Phoenix,Suns,PHX,suns,203967,Dario,Šarić,D. Šarić,dario-šarić,,DNP - Injury/Illness,20,,0.0,0.0,0.0,0.0,0.0,0.0,0.0,0.0
0022000076,1610612743,Denver,Nuggets,DEN,nuggets,203115,Will,Barton,W. Barton,will-barton,F,,5,35:58,0.577,0.123,0.124,0.03,0.551,0.271,0.155,0.207
0022000076,1610612743,Denver,Nuggets,DEN,nuggets,200794,Paul,Millsap,P. Millsap,paul-millsap,F,,4,18:40,0.606,0.273,0.105,0.063,0.621,0.182,0.151,0.143
0022000076,1610612743,Denver,Nuggets,DEN,nuggets,203999,Nikola,Jokić,N. Jokić,nikola-jokić,C,,15,29:31,0.545,0.182,0.083,0.103,0.573,0.271,0.153,0.174
0022000076,1610612743,Denver,Nuggets,DEN,nuggets,203914,Gary,Harris,G. Harris,gary-harris,G,,14,35:38,0.597,0.258,0.123,0.0,0.615,0.288,0.227,0.167
0022000076,1610612743,Denver,Nuggets,DEN,nuggets,1627750,Jamal,Murray,J. Murray,jamal-murray,G,,27,40:34,0.54,0.213,0.098,0.0,0.54,0.306,0.179,0.188
0022000076,1610612743,Denver,Nuggets,DEN,nuggets,1628408,PJ,Dozier,P. Dozier,pj-dozier,,,35,23:30,0.397,0.179,0.174,0.04,0.538,0.25,0.158,0.318
0022000076,1610612743,Denver,Nuggets,DEN,nuggets,1628420,Monté,Morris,M. Morris,monté-morris,,,11,30:15,0.424,0.136,0.098,0.0,0.545,0.364,0.193,0.2
0022000076,1610612743,Denver,Nuggets,DEN,nuggets,203210,JaMychal,Green,J. Green,jamychal-green,,,0,11:54,0.611,0.111,0.241,0.0,0.737,0.421,0.128,0.25
0022000076,1610612743,Denver,Nuggets,DEN,nuggets,1630267,Facundo,Campazzo,F. Campazzo,facundo-campazzo,,,7,3:53,0.5,0.0,0.286,0.0,0.643,0.286,0.0,0.333
0022000076,1610612743,Denver,Nuggets,DEN,nuggets,1628392,Isaiah,Hartenstein,I. Hartenstein,isaiah-hartenstein,,,25,8:31,0.294,0.235,0.119,0.167,0.429,0.0,0.294,0.222
0022000076,1610612743,Denver,Nuggets,DEN,nuggets,1630181,R.J.,Hampton,R. Hampton,rj-hampton,,,13,1:37,0.5,0.0,0.333,0.0,0.75,0.0,0.75,1.0
0022000076,1610612743,Denver,Nuggets,DEN,nuggets,1629626,Bol,Bol,B. Bol,bol-bol,,DNP - Coach's Decision,10,,0.0,0.0,0.0,0.0,0.0,0.0,0.0,0.0
0022000076,1610612743,Denver,Nuggets,DEN,nuggets,1630210,Markus,Howard,M. Howard,markus-howard,,DNP - Coach's Decision,00,,0.0,0.0,0.0,0.0,0.0,0.0,0.0,0.0
0022000076,1610612743,Denver,Nuggets,DEN,nuggets,1630192,Zeke,Nnaji,Z. Nnaji,zeke-nnaji,,DNP - Coach's Decision,22,,0.0,0.0,0.0,0.0,0.0,0.0,0.0,0.0
0022000076,1610612743,Denver,Nuggets,DEN,nuggets,1628427,Vlatko,Čančar,V. Čančar,vlatko-čančar,,DNP - Coach's Decision,31,,0.0,0.0,0.0,0.0,0.0,0.0,0.0,0.0
0022000073,1610612741,Chicago,Bulls,CHI,bulls,1630172,Patrick,Williams,P. Williams,patrick-williams,F,,44,25:26,0.51,0.208,0.182,0.0,0.589,0.4,0.121,0.095
0022000073,1610612741,Chicago,Bulls,CHI,bulls,203490,Otto,Porter Jr.,O. Porter Jr.,otto-porter-jr,F,,22,22:07,0.45,0.125,0.163,0.043,0.651,0.302,0.101,0.211
0022000073,1610612741,Chicago,Bulls,CHI,bulls,1628976,Wendell,Carter Jr.,W. Carter Jr.,wendell-carter-jr,C,,34,25:08,0.532,0.149,0.158,0.042,0.66,0.34,0.103,0.105
0022000073,1610612741,Chicago,Bulls,CHI,bulls,203897,Zach,LaVine,Z. LaVine,zach-lavine,G,,8,27:11,0.479,0.146,0.196,0.0,0.65,0.34,0.114,0.136
0022000073,1610612741,Chicago,Bulls,CHI,bulls,1629632,Coby,White,C. White,coby-white,G,,0,28:51,0.471,0.255,0.139,0.0,0.618,0.309,0.122,0.192
0022000073,1610612741,Chicago,Bulls,CHI,bulls,202066,Garrett,Temple,G. Temple,garrett-temple,,,17,19:32,0.529,0.294,0.203,0.0,0.706,0.324,0.192,0.067
0022000073,1610612741,Chicago,Bulls,CHI,bulls,201152,Thaddeus,Young,T. Young,thaddeus-young,,,21,22:34,0.423,0.256,0.198,0.0,0.663,0.3,0.191,0.15
0022000073,1610612741,Chicago,Bulls,CHI,bulls,1627756,Denzel,Valentine,D. Valentine,denzel-valentine,,,45,20:32,0.553,0.263,0.186,0.05,0.629,0.429,0.185,0.111
0022000073,1610612741,Chicago,Bulls,CHI,bulls,1629655,Daniel,Gafford,D. Gafford,daniel-gafford,,,12,15:37,0.423,0.308,0.225,0.059,0.648,0.37,0.22,0.2
0022000073,1610612741,Chicago,Bulls,CHI,bulls,1629690,Adam,Mokoka,A. Mokoka,adam-mokoka,,,20,9:57,0.4,0.25,0.238,0.0,0.5,0.467,0.217,0.0
0022000073,1610612741,Chicago,Bulls,CHI,bulls,1629653,Devon,Dotson,D. Dotson,devon-dotson,,,3,9:32,0.368,0.263,0.248,0.0,0.464,0.429,0.231,0.0
0022000073,1610612741,Chicago,Bulls,CHI,bulls,1628436,Luke,Kornet,L. Kornet,luke-kornet,,,2,7:15,0.357,0.357,0.22,0.0,0.409,0.364,0.19,0.0
0022000073,1610612741,Chicago,Bulls,CHI,bulls,1626245,Cristiano,Felicio,C. Felicio,cristiano-felicio,,,6,6:18,0.364,0.455,0.263,0.222,0.5,0.444,0.218,0.0
0022000073,1610612749,Milwaukee,Bucks,MIL,bucks,203114,Khris,Middleton,K. Middleton,khris-middleton,F,,22,25:20,0.582,0.224,0.138,0.0,0.443,0.159,0.163,0.042
0022000073,1610612749,Milwaukee,Bucks,MIL,bucks,203507,Giannis,Antetokounmpo,G. Antetokounmpo,giannis-antetokounmpo,F,,34,27:46,0.679,0.415,0.077,0.037,0.471,0.135,0.184,0.071
0022000073,1610612749,Milwaukee,Bucks,MIL,bucks,201572,Brook,Lopez,B. Lopez,brook-lopez,C,,11,15:56,0.683,0.3,0.057,0.0,0.5,0.161,0.138,0.125
0022000073,1610612749,Milwaukee,Bucks,MIL,bucks,1628978,Donte,DiVincenzo,D. DiVincenzo,donte-divincenzo,G,,0,19:21,0.722,0.5,0.046,0.0,0.542,0.194,0.159,0.111
0022000073,1610612749,Milwaukee,Bucks,MIL,bucks,201950,Jrue,Holiday,J. Holiday,jrue-holiday,G,,21,25:56,0.676,0.294,0.085,0.0,0.5,0.2,0.187,0.045
0022000073,1610612749,Milwaukee,Bucks,MIL,bucks,1626171,Bobby,Portis,B. Portis,bobby-portis,,,9,25:12,0.591,0.341,0.205,0.08,0.479,0.17,0.188,0.136
0022000073,1610612749,Milwaukee,Bucks,MIL,bucks,201571,D.J.,Augustin,D. Augustin,dj-augustin,,,12,18:49,0.662,0.176,0.229,0.0,0.45,0.333,0.217,0.125
0022000073,1610612749,Milwaukee,Bucks,MIL,bucks,203648,Thanasis,Antetokounmpo,T. Antetokounmpo,thanasis-antetokounmpo,,,43,15:07,0.458,0.167,0.288,0.067,0.54,0.52,0.196,0.182
0022000073,1610612749,Milwaukee,Bucks,MIL,bucks,1626192,Pat,Connaughton,P. Connaughton,pat-connaughton,,,24,15:33,0.68,0.4,0.203,0.077,0.46,0.32,0.185,0.133
0022000073,1610612749,Milwaukee,Bucks,MIL,bucks,1627854,Bryn,Forbes,B. Forbes,bryn-forbes,,,7,22:04,0.625,0.583,0.169,0.0,0.488,0.262,0.204,0.174
0022000073,1610612749,Milwaukee,Bucks,MIL,bucks,1629670,Jordan,Nwora,J. Nwora,jordan-nwora,,,13,9:57,0.5,0.467,0.217,0.0,0.4,0.25,0.238,0.3
0022000073,1610612749,Milwaukee,Bucks,MIL,bucks,1630241,Sam,Merrill,S. Merrill,sam-merrill,,,15,9:32,0.464,0.429,0.231,0.0,0.368,0.263,0.248,0.3
0022000073,1610612749,Milwaukee,Bucks,MIL,bucks,1628391,D.J.,Wilson,D. Wilson,dj-wilson,,,5,9:27,0.464,0.429,0.231,0.0,0.368,0.263,0.216,0.3
0022000078,1610612757,Portland,Trail Blazers,POR,blazers,1627884,Derrick,Jones Jr.,D. Jones Jr.,derrick-jones-jr,F,,5,32:47,0.585,0.292,0.095,0.111,0.417,0.296,0.178,0.03
0022000078,1610612757,Portland,Trail Blazers,POR,blazers,203496,Robert,Covington,R. Covington,robert-covington,F,,23,36:29,0.594,0.319,0.112,0.0,0.367,0.45,0.127,0.079
0022000078,1610612757,Portland,Trail Blazers,POR,blazers,203994,Jusuf,Nurkić,J. Nurkić,jusuf-nurkić,C,,27,17:36,0.569,0.333,0.026,0.091,0.241,0.37,0.228,0.056
0022000078,1610612757,Portland,Trail Blazers,POR,blazers,203468,CJ,McCollum,C. McCollum,cj-mccollum,G,,3,33:35,0.568,0.318,0.081,0.0,0.396,0.415,0.163,0.031
0022000078,1610612757,Portland,Trail Blazers,POR,blazers,203081,Damian,Lillard,D. Lillard,damian-lillard,G,,0,35:23,0.645,0.275,0.089,0.0,0.432,0.356,0.144,0.088
0022000078,1610612757,Portland,Trail Blazers,POR,blazers,2546,Carmelo,Anthony,C. Anthony,carmelo-anthony,,,00,23:50,0.523,0.318,0.075,0.0,0.486,0.514,0.156,0.1
0022000078,1610612757,Portland,Trail Blazers,POR,blazers,202683,Enes,Freedom,E. Freedom,enes-freedom,,,11,11:06,0.457,0.435,0.076,0.067,0.762,0.286,0.078,0.0
0022000078,1610612757,Portland,Trail Blazers,POR,blazers,203918,Rodney,Hood,R. Hood,rodney-hood,,,5,5:22,0.4,0.5,0.076,0.0,0.944,0.556,0.082,0.0
0022000078,1610612757,Portland,Trail Blazers,POR,blazers,1629014,Anfernee,Simons,A. Simons,anfernee-simons,,,1,22:06,0.39,0.293,0.119,0.0,0.473,0.541,0.123,0.136
0022000078,1610612757,Portland,Trail Blazers,POR,blazers,1628385,Harry,Giles III,H. Giles III,harry-giles-iii,,,4,13:48,0.522,0.348,0.164,0.077,0.375,0.375,0.1,0.059
0022000078,1610612757,Portland,Trail Blazers,POR,blazers,1629604,CJ,Elleby,C. Elleby,cj-elleby,,,16,3:59,0.214,0.571,0.114,0.0,0.429,0.714,0.0,0.0
0022000078,1610612757,Portland,Trail Blazers,POR,blazers,1629833,Keljin,Blevins,K. Blevins,keljin-blevins,,,21,3:59,0.214,0.571,0.114,0.0,0.429,0.714,0.0,0.0
0022000078,1610612744,Golden State,Warriors,GSW,warriors,203952,Andrew,Wiggins,A. Wiggins,andrew-wiggins,F,,22,32:34,0.454,0.37,0.165,0.029,0.597,0.306,0.069,0.091
0022000078,1610612744,Golden State,Warriors,GSW,warriors,203110,Draymond,Green,D. Green,draymond-green,F,,23,17:38,0.37,0.593,0.131,0.0,0.682,0.273,0.083,0.267
0022000078,1610612744,Golden State,Warriors,GSW,warriors,1630164,James,Wiseman,J. Wiseman,james-wiseman,C,,33,19:00,0.387,0.419,0.164,0.0,0.595,0.378,0.049,0.211
0022000078,1610612744,Golden State,Warriors,GSW,warriors,1626162,Kelly,Oubre Jr.,K. Oubre Jr.,kelly-oubre-jr,G,,12,28:07,0.435,0.391,0.148,0.0,0.616,0.214,0.112,0.24
0022000078,1610612744,Golden State,Warriors,GSW,warriors,201939,Stephen,Curry,S. Curry,stephen-curry,G,,30,33:38,0.446,0.357,0.149,0.0,0.625,0.344,0.094,0.2
0022000078,1610612744,Golden State,Warriors,GSW,warriors,1629308,Juan,Toscano-Anderson,J. Toscano-Anderson,juan-toscano-anderson,,,95,17:16,0.435,0.258,0.13,0.0,0.545,0.455,0.12,0.176
0022000078,1610612744,Golden State,Warriors,GSW,warriors,1626172,Kevon,Looney,K. Looney,kevon-looney,,,5,12:04,0.476,0.143,0.123,0.0,0.591,0.455,0.141,0.222
0022000078,1610612744,Golden State,Warriors,GSW,warriors,203145,Kent,Bazemore,K. Bazemore,kent-bazemore,,,26,17:15,0.433,0.2,0.159,0.05,0.409,0.394,0.123,0.15
0022000078,1610612744,Golden State,Warriors,GSW,warriors,1629672,Eric,Paschall,E. Paschall,eric-paschall,,,7,16:56,0.463,0.63,0.13,0.0,0.455,0.182,0.106,0.095
0022000078,1610612744,Golden State,Warriors,GSW,warriors,1627814,Damion,Lee,D. Lee,damion-lee,,,1,16:13,0.396,0.625,0.191,0.063,0.422,0.406,0.054,0.15
0022000078,1610612744,Golden State,Warriors,GSW,warriors,1628539,Mychal,Mulder,M. Mulder,mychal-mulder,,,15,10:29,0.472,0.556,0.045,0.0,0.5,0.368,0.087,0.083
0022000078,1610612744,Golden State,Warriors,GSW,warriors,202954,Brad,Wanamaker,B. Wanamaker,brad-wanamaker,,,10,15:29,0.48,0.56,0.117,0.0,0.333,0.267,0.087,0.1
0022000078,1610612744,Golden State,Warriors,GSW,warriors,1629673,Jordan,Poole,J. Poole,jordan-poole,,,3,3:21,0.4,1.0,0.0,0.0,0.25,0.333,0.145,0.25
0022000074,1610612764,Washington,Wizards,WAS,wizards,1630166,Deni,Avdija,D. Avdija,deni-avdija,F,,9,27:14,0.722,0.296,0.123,0.0,0.581,0.372,0.229,0.13
0022000074,1610612764,Washington,Wizards,WAS,wizards,1629060,Rui,Hachimura,R. Hachimura,rui-hachimura,F,,8,19:29,0.622,0.351,0.091,0.053,0.557,0.229,0.188,0.222
0022000074,1610612764,Washington,Wizards,WAS,wizards,1628418,Thomas,Bryant,T. Bryant,thomas-bryant,C,,13,22:01,0.709,0.349,0.097,0.105,0.554,0.27,0.227,0.211
0022000074,1610612764,Washington,Wizards,WAS,wizards,203078,Bradley,Beal,B. Beal,bradley-beal,G,,3,27:58,0.679,0.321,0.095,0.0,0.576,0.304,0.199,0.167
0022000074,1610612764,Washington,Wizards,WAS,wizards,203526,Raul,Neto,R. Neto,raul-neto,G,,19,22:20,0.674,0.326,0.098,0.0,0.59,0.256,0.186,0.211
0022000074,1610612764,Washington,Wizards,WAS,wizards,202722,Davis,Bertans,D. Bertans,davis-bertans,,,42,19:32,0.713,0.175,0.111,0.067,0.459,0.324,0.185,0.292
0022000074,1610612764,Washington,Wizards,WAS,wizards,201577,Robin,Lopez,R. Lopez,robin-lopez,,,15,19:40,0.625,0.167,0.144,0.118,0.474,0.237,0.163,0.261
0022000074,1610612764,Washington,Wizards,WAS,wizards,1628972,Troy,Brown Jr.,T. Brown Jr.,troy-brown-jr,,,6,13:51,0.52,0.16,0.144,0.0,0.393,0.071,0.173,0.294
0022000074,1610612764,Washington,Wizards,WAS,wizards,202397,Ish,Smith,I. Smith,ish-smith,,,14,20:56,0.61,0.171,0.152,0.048,0.434,0.237,0.218,0.25
0022000074,1610612764,Washington,Wizards,WAS,wizards,1629010,Jerome,Robinson,J. Robinson,jerome-robinson,,,12,22:07,0.538,0.154,0.214,0.0,0.522,0.156,0.18,0.292
0022000074,1610612764,Washington,Wizards,WAS,wizards,1629726,Garrison,Mathews,G. Mathews,garrison-mathews,,,24,9:05,0.536,0.0,0.389,0.0,0.737,0.105,0.144,0.4
0022000074,1610612764,Washington,Wizards,WAS,wizards,1628394,Anžejs,Pasečņiks,A. Pasečņiks,anžejs-pasečņiks,,,18,6:19,0.4,0.0,0.385,0.143,0.769,0.154,0.134,0.25
0022000074,1610612764,Washington,Wizards,WAS,wizards,1630264,Anthony,Gill,A. Gill,anthony-gill,,,16,4:44,0.6,0.0,0.444,0.0,0.818,0.182,0.084,0.333
0022000074,1610612764,Washington,Wizards,WAS,wizards,1629067,Isaac,Bonga,I. Bonga,isaac-bonga,,,17,4:44,0.6,0.0,0.444,0.0,0.818,0.182,0.084,0.333
0022000074,1610612764,Washington,Wizards,WAS,wizards,1629021,Moritz,Wagner,M. Wagner,moritz-wagner,,DNP - Coach's Decision,21,,0.0,0.0,0.0,0.0,0.0,0.0,0.0,0.0
0022000074,1610612750,Minnesota,Timberwolves,MIN,timberwolves,1627736,Malik,Beasley,M. Beasley,malik-beasley,F,,5,26:18,0.578,0.289,0.221,0.0,0.663,0.347,0.116,0.15
0022000074,1610612750,Minnesota,Timberwolves,MIN,timberwolves,1629633,Jarrett,Culver,J. Culver,jarrett-culver,F,,23,20:39,0.632,0.147,0.19,0.056,0.571,0.238,0.088,0.217
0022000074,1610612750,Minnesota,Timberwolves,MIN,timberwolves,1629675,Naz,Reid,N. Reid,naz-reid,C,,11,24:18,0.705,0.25,0.151,0.05,0.656,0.2,0.132,0.158
0022000074,1610612750,Minnesota,Timberwolves,MIN,timberwolves,1626156,D'Angelo,Russell,D. Russell,dangelo-russell,G,,0,25:54,0.447,0.234,0.197,0.031,0.673,0.231,0.087,0.217
0022000074,1610612750,Minnesota,Timberwolves,MIN,timberwolves,201937,Ricky,Rubio,R. Rubio,ricky-rubio,G,,9,25:15,0.616,0.302,0.215,0.045,0.71,0.32,0.1,0.176
0022000074,1610612750,Minnesota,Timberwolves,MIN,timberwolves,1630162,Anthony,Edwards,A. Edwards,anthony-edwards,,,1,26:21,0.5,0.192,0.137,0.0,0.62,0.13,0.201,0.227
0022000074,1610612750,Minnesota,Timberwolves,MIN,timberwolves,1627823,Juancho,Hernangomez,J. Hernangomez,juancho-hernangomez,,,41,14:20,0.446,0.25,0.161,0.0,0.717,0.167,0.09,0.182
0022000074,1610612750,Minnesota,Timberwolves,MIN,timberwolves,202334,Ed,Davis,E. Davis,ed-davis,,,17,16:26,0.281,0.219,0.189,0.16,0.589,0.357,0.141,0.133
0022000074,1610612750,Minnesota,Timberwolves,MIN,timberwolves,1629162,Jordan,McLaughlin,J. McLaughlin,jordan-mclaughlin,,,6,24:18,0.521,0.234,0.197,0.034,0.616,0.163,0.211,0.227
0022000074,1610612750,Minnesota,Timberwolves,MIN,timberwolves,1627774,Jake,Layman,J. Layman,jake-layman,,,10,15:06,0.5,0.385,0.233,0.0,0.56,0.44,0.172,0.091
0022000074,1610612750,Minnesota,Timberwolves,MIN,timberwolves,1629020,Jarred,Vanderbilt,J. Vanderbilt,jarred-vanderbilt,,,8,12:00,0.761,0.217,0.213,0.2,0.667,0.095,0.298,0.333
0022000074,1610612750,Minnesota,Timberwolves,MIN,timberwolves,1630183,Jaden,McDaniels,J. McDaniels,jaden-mcdaniels,,,3,9:05,0.737,0.105,0.144,0.0,0.536,0.0,0.389,0.375
