gameId,teamId,teamCity,teamName,teamTricode,teamSlug,personId,firstName,familyName,nameI,playerSlug,position,comment,jerseyNum,minutes,estimatedOffensiveRating,offensiveRating,estimatedDefensiveRating,defensiveRating,estimatedNetRating,netRating,assistPercentage,assistToTurnover,assistRatio,offensiveReboundPercentage,defensiveReboundPercentage,reboundPercentage,turnoverRatio,effectiveFieldGoalPercentage,trueShootingPercentage,usagePercentage,estimatedUsagePercentage,estimatedPace,pace,pacePer40,possessions,PIE
0021500002,1610612739,Cleveland,Cavaliers,CLE,cavaliers,2544,LeBron,James,L. James,lebron-james,F,,,36:04,98.7,98.7,97.3,97.3,1.3,1.3,0.278,5.0,16.7,0.0,0.238,0.119,3.3,0.568,0.536,0.287,0.287,99.82,99.82,83.18,75.0,0.215
0021500002,1610612739,Cleveland,Cavaliers,CLE,cavaliers,201567,Kevin,Love,K. Love,kevin-love,F,,,34:49,102.9,102.9,98.6,98.6,4.2,4.2,0.174,2.0,16.7,0.098,0.105,0.101,8.3,0.441,0.491,0.238,0.238,97.88,97.88,81.57,70.0,0.142
0021500002,1610612739,Cleveland,Cavaliers,CLE,cavaliers,202389,Timofey,Mozgov,T. Mozgov,timofey-mozgov,C,,,20:54,93.0,93.0,97.6,97.6,-4.6,-4.6,0.125,0.67,16.7,0.083,0.12,0.102,25.0,0.333,0.363,0.204,0.204,97.61,97.61,81.34,43.0,0.031
0021500002,1610612739,Cleveland,Cavaliers,CLE,cavaliers,2747,JR,Smith,J. Smith,jr-smith,G,,,30:27,103.2,103.2,101.6,101.6,1.6,1.6,0.125,0.0,20.0,0.028,0.121,0.072,0.0,0.3,0.34,0.167,0.167,98.52,98.52,82.1,62.0,0.034
0021500002,1610612739,Cleveland,Cavaliers,CLE,cavaliers,2590,Mo,Williams,M. Williams,mo-williams,G,,,37:09,101.3,101.3,97.3,97.3,4.0,4.0,0.292,7.0,29.2,0.0,0.095,0.048,4.2,0.567,0.582,0.187,0.187,98.2,98.2,81.83,77.0,0.16
0021500002,1610612739,Cleveland,Cavaliers,CLE,cavaliers,2210,Richard,Jefferson,R. Jefferson,richard-jefferson,,,,16:57,85.3,85.3,100.0,100.0,-14.7,-14.7,0.143,1.0,11.1,0.0,0.0,0.0,11.1,0.714,0.714,0.211,0.211,96.28,96.28,80.24,34.0,0.093
0021500002,1610612739,Cleveland,Cavaliers,CLE,cavaliers,202684,Tristan,Thompson,T. Thompson,tristan-thompson,,,,24:55,88.7,88.7,98.1,98.1,-9.5,-9.5,0.0,0.0,0.0,0.063,0.37,0.203,20.0,0.25,0.25,0.083,0.083,103.06,103.06,85.89,53.0,0.078
0021500002,1610612739,Cleveland,Cavaliers,CLE,cavaliers,203521,Matthew,Dellavedova,M. Dellavedova,matthew-dellavedova,,,,20:12,90.5,90.5,84.1,84.1,6.4,6.4,0.364,4.0,30.8,0.037,0.12,0.077,7.7,0.375,0.375,0.191,0.191,102.18,102.18,85.15,42.0,0.115
0021500002,1610612739,Cleveland,Cavaliers,CLE,cavaliers,2592,James,Jones,J. Jones,james-jones,,,,3:49,25.0,25.0,112.5,112.5,-87.5,-87.5,0.0,0.0,0.0,0.0,0.0,0.0,0.0,0.0,0.0,0.25,0.25,100.61,100.61,83.84,8.0,-0.833
0021500002,1610612739,Cleveland,Cavaliers,CLE,cavaliers,203099,Jared,Cunningham,J. Cunningham,jared-cunningham,,,,3:11,25.0,25.0,166.7,166.7,-141.7,-141.7,0.0,0.0,0.0,0.0,0.0,0.0,0.0,0.0,0.0,0.25,0.25,105.55,105.55,87.96,8.0,-0.235
0021500002,1610612739,Cleveland,Cavaliers,CLE,cavaliers,2760,Anderson,Varejao,A. Varejao,anderson-varejao,,,,11:33,120.8,120.8,83.3,83.3,37.5,37.5,0.0,0.0,0.0,0.077,0.077,0.077,0.0,0.0,0.532,0.077,0.077,99.74,99.74,83.12,24.0,0.045
0021500002,1610612739,Cleveland,Cavaliers,CLE,cavaliers,203925,Joe,Harris,J. Harris,joe-harris,,DNP - Coach's Decision,,,0.0,0.0,0.0,0.0,0.0,0.0,0.0,0.0,0.0,0.0,0.0,0.0,0.0,0.0,0.0,0.0,0.0,0.0,0.0,0.0,0.0,0.0
0021500002,1610612739,Cleveland,Cavaliers,CLE,cavaliers,201619,Sasha,Kaun,S. Kaun,sasha-kaun,,DNP - Coach's Decision,,,0.0,0.0,0.0,0.0,0.0,0.0,0.0,0.0,0.0,0.0,0.0,0.0,0.0,0.0,0.0,0.0,0.0,0.0,0.0,0.0,0.0,0.0
0021500002,1610612741,Chicago,Bulls,CHI,bulls,203503,Tony,Snell,T. Snell,tony-snell,F,,,28:48,108.5,108.5,110.2,110.2,-1.7,-1.7,0.0,0.0,0.0,0.0,0.065,0.033,9.1,0.556,0.557,0.169,0.169,98.33,98.33,81.94,59.0,0.019
0021500002,1610612741,Chicago,Bulls,CHI,bulls,202703,Nikola,Mirotic,N. Mirotic,nikola-mirotic,F,,,25:14,113.5,113.5,96.2,96.2,17.3,17.3,0.059,0.25,5.9,0.08,0.241,0.167,23.5,0.682,0.745,0.276,0.276,98.92,98.92,82.43,52.0,0.167
0021500002,1610612741,Chicago,Bulls,CHI,bulls,2200,Pau,Gasol,P. Gasol,pau-gasol,C,,,31:33,98.5,98.5,110.8,110.8,-12.3,-12.3,0.0,0.0,0.0,0.0,0.059,0.029,0.0,0.143,0.143,0.097,0.097,98.89,98.89,82.41,65.0,0.009
0021500002,1610612741,Chicago,Bulls,CHI,bulls,202710,Jimmy,Butler III,J. Butler III,jimmy-butler-iii,G,,,36:38,103.9,103.9,100.0,100.0,3.9,3.9,0.083,0.0,11.1,0.024,0.095,0.06,0.0,0.429,0.525,0.186,0.186,99.58,99.58,82.98,76.0,0.138
0021500002,1610612741,Chicago,Bulls,CHI,bulls,201565,Derrick,Rose,D. Rose,derrick-rose,G,,,32:28,107.5,107.5,107.4,107.4,0.1,0.1,0.263,2.5,16.7,0.0,0.029,0.014,6.7,0.364,0.379,0.329,0.329,99.79,99.79,83.16,67.0,0.057
0021500002,1610612741,Chicago,Bulls,CHI,bulls,201166,Aaron,Brooks,A. Brooks,aaron-brooks,,,,15:32,78.1,78.1,68.8,68.8,9.4,9.4,0.0,0.0,0.0,0.0,0.087,0.05,18.2,0.333,0.333,0.314,0.314,98.88,98.88,82.4,32.0,-0.036
0021500002,1610612741,Chicago,Bulls,CHI,bulls,203926,Doug,McDermott,D. McDermott,doug-mcdermott,,,,16:12,80.0,80.0,88.2,88.2,-8.2,-8.2,0.0,0.0,0.0,0.0,0.2,0.1,0.0,0.875,0.82,0.132,0.132,102.22,102.22,85.19,35.0,0.204
0021500002,1610612741,Chicago,Bulls,CHI,bulls,201149,Joakim,Noah,J. Noah,joakim-noah,,,,17:07,91.4,91.4,86.1,86.1,5.3,5.3,0.364,4.0,66.7,0.105,0.304,0.214,16.7,0.0,0.0,0.051,0.051,99.55,99.55,82.96,35.0,0.188
0021500002,1610612741,Chicago,Bulls,CHI,bulls,202734,E'Twaun,Moore,E. Moore,etwaun-moore,,,,14:22,79.3,79.3,59.4,59.4,19.9,19.9,0.25,0.0,11.1,0.0,0.13,0.073,0.0,0.688,0.688,0.235,0.235,101.9,101.9,84.92,29.0,0.327
0021500002,1610612741,Chicago,Bulls,CHI,bulls,201959,Taj,Gibson,T. Gibson,taj-gibson,,,,22:06,83.0,83.0,78.7,78.7,4.3,4.3,0.0,0.0,0.0,0.069,0.267,0.169,37.5,0.333,0.525,0.148,0.148,102.08,102.08,85.07,47.0,0.069
0021500002,1610612741,Chicago,Bulls,CHI,bulls,203946,Cameron,Bairstow,C. Bairstow,cameron-bairstow,,DNP - Coach's Decision,,,0.0,0.0,0.0,0.0,0.0,0.0,0.0,0.0,0.0,0.0,0.0,0.0,0.0,0.0,0.0,0.0,0.0,0.0,0.0,0.0,0.0,0.0
0021500002,1610612741,Chicago,Bulls,CHI,bulls,2550,Kirk,Hinrich,K. Hinrich,kirk-hinrich,,DNP - Coach's Decision,,,0.0,0.0,0.0,0.0,0.0,0.0,0.0,0.0,0.0,0.0,0.0,0.0,0.0,0.0,0.0,0.0,0.0,0.0,0.0,0.0,0.0,0.0
0021500002,1610612741,Chicago,Bulls,CHI,bulls,1626171,Bobby,Portis,B. Portis,bobby-portis,,DNP - Coach's Decision,,,0.0,0.0,0.0,0.0,0.0,0.0,0.0,0.0,0.0,0.0,0.0,0.0,0.0,0.0,0.0,0.0,0.0,0.0,0.0,0.0,0.0,0.0
0021500001,1610612765,Detroit,Pistons,DET,pistons,202694,Marcus,Morris Sr.,M. Morris Sr.,marcus-morris-sr,F,,,37:05,117.1,117.1,97.3,97.3,19.8,19.8,0.167,0.0,15.4,0.098,0.132,0.112,0.0,0.342,0.416,0.22,0.22,97.08,97.08,80.9,76.0,0.11
0021500001,1610612765,Detroit,Pistons,DET,pistons,101141,Ersan,Ilyasova,E. Ilyasova,ersan-ilyasova,F,,,34:26,106.8,106.8,79.7,79.7,27.0,27.0,0.143,1.0,15.8,0.065,0.118,0.088,15.8,0.625,0.621,0.174,0.174,103.16,103.16,85.96,74.0,0.103
0021500001,1610612765,Detroit,Pistons,DET,pistons,203083,Andre,Drummond,A. Drummond,andre-drummond,C,,,37:09,121.1,121.1,94.5,94.5,26.5,26.5,0.12,1.5,11.5,0.16,0.289,0.216,7.7,0.375,0.441,0.23,0.23,96.26,96.26,80.22,76.0,0.136
0021500001,1610612765,Detroit,Pistons,DET,pistons,203484,Kentavious,Caldwell-Pope,K. Caldwell-Pope,kentavious-caldwell-pope,G,,,37:03,117.1,117.1,97.3,97.3,19.8,19.8,0.043,0.5,5.6,0.02,0.079,0.045,11.1,0.643,0.685,0.17,0.17,97.18,97.18,80.99,76.0,0.124
0021500001,1610612765,Detroit,Pistons,DET,pistons,202704,Reggie,Jackson,R. Jackson,reggie-jackson,G,,,32:07,122.7,122.7,85.9,85.9,36.8,36.8,0.217,2.5,26.3,0.024,0.206,0.105,10.5,0.5,0.615,0.165,0.165,97.15,97.15,80.95,66.0,0.195
0021500001,1610612765,Detroit,Pistons,DET,pistons,1626169,Stanley,Johnson,S. Johnson,stanley-johnson,,,,24:29,86.3,86.3,118.8,118.8,-32.5,-32.5,0.214,3.0,21.4,0.103,0.05,0.082,7.1,0.35,0.35,0.18,0.18,97.05,97.05,80.87,51.0,0.04
0021500001,1610612765,Detroit,Pistons,DET,pistons,203382,Aron,Baynes,A. Baynes,aron-baynes,,,,10:51,60.9,60.9,104.2,104.2,-43.3,-43.3,0.0,0.0,0.0,0.077,0.5,0.238,16.7,0.6,0.6,0.24,0.24,103.96,103.96,86.64,23.0,0.177
0021500001,1610612765,Detroit,Pistons,DET,pistons,2581,Steve,Blake,S. Blake,steve-blake,,,,15:53,75.8,75.8,118.2,118.2,-42.4,-42.4,0.444,1.33,30.8,0.0,0.0,0.0,23.1,0.25,0.25,0.225,0.225,99.73,99.73,83.11,33.0,-0.019
0021500001,1610612765,Detroit,Pistons,DET,pistons,201975,Jodie,Meeks,J. Meeks,jodie-meeks,,,,10:57,68.0,68.0,95.7,95.7,-27.7,-27.7,0.0,0.0,0.0,0.077,0.125,0.095,20.0,0.25,0.25,0.185,0.185,105.14,105.14,87.62,25.0,-0.049
0021500001,1610612765,Detroit,Pistons,DET,pistons,201202,Joel,Anthony,J. Anthony,joel-anthony,,DNP - Coach's Decision,,,0.0,0.0,0.0,0.0,0.0,0.0,0.0,0.0,0.0,0.0,0.0,0.0,0.0,0.0,0.0,0.0,0.0,0.0,0.0,0.0,0.0,0.0
0021500001,1610612765,Detroit,Pistons,DET,pistons,203493,Reggie,Bullock Jr.,R. Bullock Jr.,reggie-bullock-jr,,DNP - Coach's Decision,,,0.0,0.0,0.0,0.0,0.0,0.0,0.0,0.0,0.0,0.0,0.0,0.0,0.0,0.0,0.0,0.0,0.0,0.0,0.0,0.0,0.0,0.0
0021500001,1610612765,Detroit,Pistons,DET,pistons,203915,Spencer,Dinwiddie,S. Dinwiddie,spencer-dinwiddie,,DNP - Coach's Decision,,,0.0,0.0,0.0,0.0,0.0,0.0,0.0,0.0,0.0,0.0,0.0,0.0,0.0,0.0,0.0,0.0,0.0,0.0,0.0,0.0,0.0,0.0
0021500001,1610612765,Detroit,Pistons,DET,pistons,1626199,Darrun,Hilliard,D. Hilliard,darrun-hilliard,,DNP - Coach's Decision,,,0.0,0.0,0.0,0.0,0.0,0.0,0.0,0.0,0.0,0.0,0.0,0.0,0.0,0.0,0.0,0.0,0.0,0.0,0.0,0.0,0.0,0.0
0021500001,1610612737,Atlanta,Hawks,ATL,hawks,203145,Kent,Bazemore,K. Bazemore,kent-bazemore,F,,,20:50,70.5,70.5,111.6,111.6,-41.2,-41.2,0.083,0.25,12.5,0.0,0.333,0.175,50.0,0.0,0.0,0.159,0.159,100.22,100.22,83.52,44.0,-0.032
0021500001,1610612737,Atlanta,Hawks,ATL,hawks,200794,Paul,Millsap,P. Millsap,paul-millsap,F,,,36:00,93.1,93.1,121.9,121.9,-28.9,-28.9,0.158,1.5,13.6,0.026,0.14,0.091,9.1,0.533,0.567,0.241,0.241,96.67,96.67,80.56,72.0,0.112
0021500001,1610612737,Atlanta,Hawks,ATL,hawks,201143,Al,Horford,A. Horford,al-horford,C,,,30:14,96.8,96.8,103.1,103.1,-6.3,-6.3,0.25,4.0,23.5,0.036,0.075,0.059,5.9,0.591,0.609,0.2,0.2,100.82,100.82,84.01,63.0,0.188
0021500001,1610612737,Atlanta,Hawks,ATL,hawks,2594,Kyle,Korver,K. Korver,kyle-korver,G,,,28:42,91.8,91.8,106.6,106.6,-14.8,-14.8,0.056,1.0,9.1,0.0,0.047,0.028,9.1,0.389,0.389,0.159,0.159,102.02,102.02,85.02,61.0,0.0
0021500001,1610612737,Atlanta,Hawks,ATL,hawks,201952,Jeff,Teague,J. Teague,jeff-teague,G,,,31:52,81.5,81.5,115.2,115.2,-33.6,-33.6,0.308,0.8,14.8,0.0,0.043,0.025,18.5,0.469,0.507,0.338,0.338,98.66,98.66,82.22,65.0,0.079
0021500001,1610612737,Atlanta,Hawks,ATL,hawks,200757,Thabo,Sefolosha,T. Sefolosha,thabo-sefolosha,,,,18:56,113.9,113.9,110.5,110.5,3.4,3.4,0.176,0.0,50.0,0.056,0.286,0.179,0.0,0.333,0.333,0.071,0.071,93.8,93.8,78.17,36.0,0.161
0021500001,1610612737,Atlanta,Hawks,ATL,hawks,201168,Tiago,Splitter,T. Splitter,tiago-splitter,,,,16:18,103.1,103.1,105.9,105.9,-2.8,-2.8,0.0,0.0,0.0,0.188,0.067,0.129,0.0,0.4,0.4,0.135,0.135,97.22,97.22,81.01,32.0,0.0
0021500001,1610612737,Atlanta,Hawks,ATL,hawks,203934,Lamar,Patterson,L. Patterson,lamar-patterson,,,,18:18,132.4,132.4,95.1,95.1,37.3,37.3,0.118,0.0,50.0,0.0,0.038,0.023,0.0,1.5,1.33,0.048,0.048,102.3,102.3,85.25,37.0,0.057
0021500001,1610612737,Atlanta,Hawks,ATL,hawks,203471,Dennis,Schröder,D. Schröder,dennis-schröder,,,,25:22,104.0,104.0,96.0,96.0,8.0,8.0,0.286,4.0,20.0,0.043,0.065,0.056,5.0,0.643,0.672,0.291,0.291,94.61,94.61,78.84,50.0,0.24
0021500001,1610612737,Atlanta,Hawks,ATL,hawks,203488,Mike,Muscala,M. Muscala,mike-muscala,,,,7:59,105.9,105.9,72.2,72.2,33.7,33.7,0.0,0.0,0.0,0.0,0.1,0.067,50.0,0.0,0.0,0.118,0.118,105.13,105.13,87.61,17.0,-0.154
0021500001,1610612737,Atlanta,Hawks,ATL,hawks,203118,Mike,Scott,M. Scott,mike-scott,,,,5:29,81.8,81.8,72.7,72.7,9.1,9.1,0.0,0.0,0.0,0.0,0.091,0.063,0.0,0.5,0.5,0.364,0.364,96.29,96.29,80.24,11.0,0.194
0021500001,1610612737,Atlanta,Hawks,ATL,hawks,203200,Justin,Holiday,J. Holiday,justin-holiday,,DNP - Coach's Decision,,,0.0,0.0,0.0,0.0,0.0,0.0,0.0,0.0,0.0,0.0,0.0,0.0,0.0,0.0,0.0,0.0,0.0,0.0,0.0,0.0,0.0,0.0
0021500001,1610612737,Atlanta,Hawks,ATL,hawks,202714,Shelvin,Mack,S. Mack,shelvin-mack,,DNP - Coach's Decision,,,0.0,0.0,0.0,0.0,0.0,0.0,0.0,0.0,0.0,0.0,0.0,0.0,0.0,0.0,0.0,0.0,0.0,0.0,0.0,0.0,0.0,0.0
0021500003,1610612740,New Orleans,Pelicans,NOP,pelicans,201967,Dante,Cunningham,D. Cunningham,dante-cunningham,F,,,26:31,96.6,96.6,124.6,124.6,-28.0,-28.0,0.0,0.0,0.0,0.033,0.04,0.036,0.0,0.75,0.77,0.125,0.125,104.11,104.11,86.76,58.0,0.092
0021500003,1610612740,New Orleans,Pelicans,NOP,pelicans,203076,Anthony,Davis,A. Davis,anthony-davis,F,,,34:31,94.7,94.7,114.3,114.3,-19.5,-19.5,0.095,0.4,5.9,0.027,0.122,0.077,14.7,0.2,0.338,0.381,0.381,106.4,106.4,88.67,76.0,-0.027
0021500003,1610612740,New Orleans,Pelicans,NOP,pelicans,2570,Kendrick,Perkins,K. Perkins,kendrick-perkins,C,,,15:53,90.6,90.6,124.2,124.2,-33.6,-33.6,0.125,0.0,16.7,0.0,0.286,0.133,0.0,1.0,1.0,0.143,0.143,98.2,98.2,81.83,32.0,0.211
0021500003,1610612740,New Orleans,Pelicans,NOP,pelicans,201569,Eric,Gordon,E. Gordon,eric-gordon,G,,,33:29,101.4,101.4,113.9,113.9,-12.5,-12.5,0.19,1.0,15.4,0.0,0.108,0.058,15.4,0.353,0.391,0.286,0.286,103.22,103.22,86.01,72.0,0.05
0021500003,1610612740,New Orleans,Pelicans,NOP,pelicans,101126,Nate,Robinson,N. Robinson,nate-robinson,G,,,19:03,66.7,66.7,111.9,111.9,-45.2,-45.2,0.273,0.0,75.0,0.0,0.0,0.0,0.0,0.0,0.0,0.023,0.023,102.07,102.07,85.05,39.0,-0.042
0021500003,1610612740,New Orleans,Pelicans,NOP,pelicans,202397,Ish,Smith,I. Smith,ish-smith,,,,38:01,104.9,104.9,96.4,96.4,8.4,8.4,0.375,4.5,34.6,0.027,0.021,0.024,7.7,0.577,0.576,0.183,0.183,104.79,104.79,87.32,82.0,0.134
0021500003,1610612740,New Orleans,Pelicans,NOP,pelicans,201582,Alexis,Ajinca,A. Ajinca,alexis-ajinca,,,,16:56,97.4,97.4,82.5,82.5,14.9,14.9,0.0,0.0,0.0,0.214,0.042,0.105,12.5,0.429,0.429,0.19,0.19,110.53,110.53,92.11,38.0,0.014
0021500003,1610612740,New Orleans,Pelicans,NOP,pelicans,202087,Alonzo,Gee,A. Gee,alonzo-gee,,,,26:56,75.9,75.9,88.1,88.1,-12.3,-12.3,0.077,0.33,11.1,0.0,0.135,0.071,33.3,0.8,0.8,0.119,0.119,104.23,104.23,86.86,58.0,0.198
0021500003,1610612740,New Orleans,Pelicans,NOP,pelicans,201583,Ryan,Anderson,R. Anderson,ryan-anderson,,,,28:40,86.7,86.7,100.0,100.0,-13.3,-13.3,0.063,0.33,7.7,0.057,0.121,0.088,23.1,0.357,0.489,0.174,0.174,100.47,100.47,83.72,60.0,0.067
0021500003,1610612740,New Orleans,Pelicans,NOP,pelicans,201600,Omer,Asik,O. Asik,omer-asik,,DND - Right Calf Strain,,,0.0,0.0,0.0,0.0,0.0,0.0,0.0,0.0,0.0,0.0,0.0,0.0,0.0,0.0,0.0,0.0,0.0,0.0,0.0,0.0,0.0,0.0
0021500003,1610612740,New Orleans,Pelicans,NOP,pelicans,202337,Luke,Babbitt,L. Babbitt,luke-babbitt,,DND - Left Hamstring Tightness,,,0.0,0.0,0.0,0.0,0.0,0.0,0.0,0.0,0.0,0.0,0.0,0.0,0.0,0.0,0.0,0.0,0.0,0.0,0.0,0.0,0.0,0.0
0021500003,1610612740,New Orleans,Pelicans,NOP,pelicans,201950,Jrue,Holiday,J. Holiday,jrue-holiday,,DND - Rest,,,0.0,0.0,0.0,0.0,0.0,0.0,0.0,0.0,0.0,0.0,0.0,0.0,0.0,0.0,0.0,0.0,0.0,0.0,0.0,0.0,0.0,0.0
0021500003,1610612744,Golden State,Warriors,GSW,warriors,203084,Harrison,Barnes,H. Barnes,harrison-barnes,F,,,32:42,120.0,120.0,98.5,98.5,21.5,21.5,0.1,3.0,17.6,0.139,0.125,0.132,5.9,0.292,0.311,0.167,0.167,101.29,101.29,84.41,70.0,0.038
0021500003,1610612744,Golden State,Warriors,GSW,warriors,203110,Draymond,Green,D. Green,draymond-green,F,,,29:26,120.6,120.6,88.9,88.9,31.7,31.7,0.08,2.0,12.5,0.086,0.192,0.131,6.3,0.333,0.388,0.182,0.182,102.74,102.74,85.62,63.0,0.046
0021500003,1610612744,Golden State,Warriors,GSW,warriors,101106,Andrew,Bogut,A. Bogut,andrew-bogut,C,,,18:42,135.9,135.9,90.0,90.0,45.9,45.9,0.333,0.0,45.5,0.071,0.19,0.143,0.0,1.0,1.0,0.143,0.143,101.39,101.39,84.49,39.0,0.265
0021500003,1610612744,Golden State,Warriors,GSW,warriors,202691,Klay,Thompson,K. Thompson,klay-thompson,G,,,26:26,106.8,106.8,98.3,98.3,8.4,8.4,0.158,0.43,15.8,0.0,0.192,0.094,36.8,0.375,0.483,0.242,0.242,108.05,108.05,90.04,59.0,0.016
0021500003,1610612744,Golden State,Warriors,GSW,warriors,201939,Stephen,Curry,S. Curry,stephen-curry,G,,,35:37,111.8,111.8,97.3,97.3,14.5,14.5,0.389,3.5,18.4,0.073,0.088,0.08,5.3,0.635,0.688,0.344,0.344,101.75,101.75,84.79,76.0,0.326
0021500003,1610612744,Golden State,Warriors,GSW,warriors,2738,Andre,Iguodala,A. Iguodala,andre-iguodala,,,,23:23,96.1,96.1,92.3,92.3,3.8,3.8,0.188,3.0,42.9,0.03,0.148,0.083,14.3,0.333,0.333,0.06,0.06,105.72,105.72,88.1,51.0,0.09
0021500003,1610612744,Golden State,Warriors,GSW,warriors,2571,Leandro,Barbosa,L. Barbosa,leandro-barbosa,,,,20:30,90.9,90.9,97.7,97.7,-6.8,-6.8,0.133,0.67,18.2,0.032,0.217,0.111,27.3,0.0,0.0,0.148,0.148,103.02,103.02,85.85,44.0,-0.082
0021500003,1610612744,Golden State,Warriors,GSW,warriors,203105,Festus,Ezeli,F. Ezeli,festus-ezeli,,,,17:01,75.7,75.7,97.2,97.2,-21.5,-21.5,0.25,1.0,8.3,0.125,0.071,0.105,8.3,0.6,0.597,0.244,0.244,102.98,102.98,85.82,37.0,0.25
0021500003,1610612744,Golden State,Warriors,GSW,warriors,203949,James Michael,McAdoo,J. McAdoo,james-michael-mcadoo,,,,2:31,112.5,112.5,116.7,116.7,-4.2,-4.2,0.0,0.0,0.0,0.0,0.0,0.0,66.7,0.0,1.136,0.375,0.375,133.42,133.42,111.18,8.0,-0.3
0021500003,1610612744,Golden State,Warriors,GSW,warriors,201578,Marreese,Speights,M. Speights,marreese-speights,,,,10:42,80.8,80.8,70.4,70.4,10.4,10.4,0.2,0.5,8.3,0.308,0.059,0.167,16.7,0.357,0.514,0.344,0.344,118.84,118.84,99.03,26.0,0.244
0021500003,1610612744,Golden State,Warriors,GSW,warriors,2733,Shaun,Livingston,S. Livingston,shaun-livingston,,,,21:20,85.1,85.1,63.6,63.6,21.5,21.5,0.167,0.0,25.0,0.0,0.107,0.057,0.0,0.5,0.5,0.105,0.105,102.38,102.38,85.31,47.0,0.259
0021500003,1610612744,Golden State,Warriors,GSW,warriors,201575,Brandon,Rush,B. Rush,brandon-rush,,,,1:40,140.0,140.0,100.0,100.0,40.0,40.0,0.0,0.0,0.0,0.0,0.0,0.0,0.0,0.0,0.0,0.0,0.0,129.6,129.6,108.0,5.0,0.0
0021500003,1610612744,Golden State,Warriors,GSW,warriors,201574,Jason,Thompson,J. Thompson,jason-thompson,,DNP - Coach's Decision,,,0.0,0.0,0.0,0.0,0.0,0.0,0.0,0.0,0.0,0.0,0.0,0.0,0.0,0.0,0.0,0.0,0.0,0.0,0.0,0.0,0.0,0.0
0021500007,1610612762,Utah,Jazz,UTA,jazz,202330,Gordon,Hayward,G. Hayward,gordon-hayward,F,,,35:27,97.1,97.1,95.7,95.7,1.4,1.4,0.045,0.25,5.6,0.034,0.091,0.065,22.2,0.455,0.477,0.23,0.23,93.43,93.43,77.86,69.0,0.032
0021500007,1610612762,Utah,Jazz,UTA,jazz,202324,Derrick,Favors,D. Favors,derrick-favors,F,,,34:42,94.0,94.0,97.1,97.1,-3.0,-3.0,0.063,0.5,4.5,0.069,0.125,0.098,9.1,0.667,0.702,0.292,0.292,93.37,93.37,77.81,67.0,0.239
0021500007,1610612762,Utah,Jazz,UTA,jazz,203497,Rudy,Gobert,R. Gobert,rudy-gobert,C,,,37:25,97.1,97.1,97.1,97.1,0.0,0.0,0.04,0.33,10.0,0.0,0.293,0.169,30.0,0.5,0.5,0.125,0.125,87.88,87.88,73.23,69.0,0.119
0021500007,1610612762,Utah,Jazz,UTA,jazz,203918,Rodney,Hood,R. Hood,rodney-hood,G,,,29:25,103.6,103.6,92.7,92.7,10.8,10.8,0.286,6.0,27.3,0.045,0.097,0.075,4.5,0.4,0.4,0.271,0.271,90.56,90.56,75.47,56.0,0.083
0021500007,1610612762,Utah,Jazz,UTA,jazz,203526,Raul,Neto,R. Neto,raul-neto,G,,,26:27,112.2,112.2,89.6,89.6,22.7,22.7,0.158,3.0,30.0,0.0,0.033,0.021,10.0,0.667,0.667,0.137,0.137,88.02,88.02,73.35,49.0,0.092
0021500007,1610612762,Utah,Jazz,UTA,jazz,203504,Trey,Burke,T. Burke,trey-burke,,,,15:35,67.7,67.7,116.1,116.1,-48.4,-48.4,0.125,1.0,25.0,0.0,0.077,0.033,25.0,0.0,0.0,0.088,0.088,95.53,95.53,79.61,31.0,-0.071
0021500007,1610612762,Utah,Jazz,UTA,jazz,202692,Alec,Burks,A. Burks,alec-burks,,,,26:26,86.3,86.3,103.7,103.7,-17.4,-17.4,0.111,0.0,5.6,0.0,0.222,0.115,0.0,0.429,0.527,0.321,0.321,95.33,95.33,79.45,51.0,0.195
0021500007,1610612762,Utah,Jazz,UTA,jazz,1626168,Trey,Lyles,T. Lyles,trey-lyles,,,,8:14,43.8,43.8,122.2,122.2,-78.5,-78.5,0.5,0.0,50.0,0.0,0.167,0.053,0.0,0.0,0.0,0.056,0.056,99.11,99.11,82.59,16.0,0.05
0021500007,1610612762,Utah,Jazz,UTA,jazz,204060,Joe,Ingles,J. Ingles,joe-ingles,,,,16:23,103.1,103.1,100.0,100.0,3.1,3.1,0.0,0.0,0.0,0.0,0.1,0.057,0.0,0.5,0.5,0.125,0.125,96.68,96.68,80.57,32.0,0.058
0021500007,1610612762,Utah,Jazz,UTA,jazz,202407,Elijah,Millsap,E. Millsap,elijah-millsap,,,,9:56,111.1,111.1,100.0,100.0,11.1,11.1,0.0,0.0,0.0,0.0,0.083,0.05,0.0,0.0,0.0,0.056,0.056,91.75,91.75,76.46,18.0,-0.035
0021500007,1610612762,Utah,Jazz,UTA,jazz,202344,Trevor,Booker,T. Booker,trevor-booker,,NWT - SUSPENSION,,,0.0,0.0,0.0,0.0,0.0,0.0,0.0,0.0,0.0,0.0,0.0,0.0,0.0,0.0,0.0,0.0,0.0,0.0,0.0,0.0,0.0,0.0
0021500007,1610612762,Utah,Jazz,UTA,jazz,203187,Chris,Johnson,C. Johnson,chris-johnson,,DNP - Coach's Decision,,,0.0,0.0,0.0,0.0,0.0,0.0,0.0,0.0,0.0,0.0,0.0,0.0,0.0,0.0,0.0,0.0,0.0,0.0,0.0,0.0,0.0,0.0
0021500007,1610612762,Utah,Jazz,UTA,jazz,202353,Tibor,Pleiss,T. Pleiss,tibor-pleiss,,DNP - Coach's Decision,,,0.0,0.0,0.0,0.0,0.0,0.0,0.0,0.0,0.0,0.0,0.0,0.0,0.0,0.0,0.0,0.0,0.0,0.0,0.0,0.0,0.0,0.0
0021500007,1610612765,Detroit,Pistons,DET,pistons,202694,Marcus,Morris Sr.,M. Morris Sr.,marcus-morris-sr,F,,,35:29,100.0,100.0,84.1,84.1,15.9,15.9,0.056,0.5,7.1,0.03,0.152,0.091,14.3,0.55,0.618,0.169,0.169,94.69,94.69,78.91,71.0,0.124
0021500007,1610612765,Detroit,Pistons,DET,pistons,101141,Ersan,Ilyasova,E. Ilyasova,ersan-ilyasova,F,,,21:46,79.5,79.5,92.5,92.5,-13.0,-13.0,0.111,1.0,12.5,0.0,0.133,0.051,12.5,0.667,0.667,0.159,0.159,87.11,87.11,72.59,39.0,0.085
0021500007,1610612765,Detroit,Pistons,DET,pistons,203083,Andre,Drummond,A. Drummond,andre-drummond,C,,,36:07,101.4,101.4,83.1,83.1,18.3,18.3,0.0,0.0,0.0,0.061,0.235,0.149,0.0,0.455,0.568,0.205,0.205,95.03,95.03,79.19,72.0,0.211
0021500007,1610612765,Detroit,Pistons,DET,pistons,203484,Kentavious,Caldwell-Pope,K. Caldwell-Pope,kentavious-caldwell-pope,G,,,35:48,102.9,102.9,101.5,101.5,1.4,1.4,0.053,0.5,6.3,0.0,0.172,0.081,12.5,0.545,0.627,0.197,0.197,91.84,91.84,76.54,69.0,0.123
0021500007,1610612765,Detroit,Pistons,DET,pistons,202704,Reggie,Jackson,R. Jackson,reggie-jackson,G,,,31:15,91.7,91.7,96.8,96.8,-5.1,-5.1,0.333,1.0,16.0,0.0,0.087,0.038,16.0,0.536,0.556,0.323,0.323,93.7,93.7,78.08,60.0,0.131
0021500007,1610612765,Detroit,Pistons,DET,pistons,201975,Jodie,Meeks,J. Meeks,jodie-meeks,,,,6:00,84.6,84.6,54.5,54.5,30.1,30.1,0.0,0.0,0.0,0.0,0.0,0.0,0.0,0.0,0.0,0.067,0.067,96.0,96.0,80.0,13.0,-0.174
0021500007,1610612765,Detroit,Pistons,DET,pistons,2581,Steve,Blake,S. Blake,steve-blake,,,,16:45,115.6,115.6,84.4,84.4,31.3,31.3,0.7,7.0,63.6,0.0,0.222,0.108,9.1,0.333,0.333,0.103,0.103,91.7,91.7,76.42,32.0,0.196
0021500007,1610612765,Detroit,Pistons,DET,pistons,201229,Anthony,Tolliver,A. Tolliver,anthony-tolliver,,,,19:10,105.4,105.4,102.9,102.9,2.5,2.5,0.167,0.0,33.3,0.048,0.263,0.15,0.0,0.0,0.0,0.091,0.091,90.16,90.16,75.13,37.0,0.008
0021500007,1610612765,Detroit,Pistons,DET,pistons,203382,Aron,Baynes,A. Baynes,aron-baynes,,,,11:53,90.5,90.5,133.3,133.3,-42.9,-42.9,0.0,0.0,0.0,0.125,0.143,0.13,0.0,0.25,0.41,0.185,0.185,84.82,84.82,70.69,21.0,0.012
0021500007,1610612765,Detroit,Pistons,DET,pistons,1626169,Stanley,Johnson,S. Johnson,stanley-johnson,,,,19:35,113.2,113.2,113.2,113.2,0.0,0.0,0.0,0.0,0.0,0.1,0.2,0.143,0.0,0.35,0.468,0.273,0.273,93.14,93.14,77.62,38.0,0.08
0021500007,1610612765,Detroit,Pistons,DET,pistons,203493,Reggie,Bullock Jr.,R. Bullock Jr.,reggie-bullock-jr,,,,6:12,90.9,90.9,100.0,100.0,-9.1,-9.1,0.0,0.0,0.0,0.0,0.0,0.0,0.0,0.0,0.0,0.071,0.071,89.03,89.03,74.19,11.0,-0.071
0021500007,1610612765,Detroit,Pistons,DET,pistons,201202,Joel,Anthony,J. Anthony,joel-anthony,,DNP - Coach's Decision,,,0.0,0.0,0.0,0.0,0.0,0.0,0.0,0.0,0.0,0.0,0.0,0.0,0.0,0.0,0.0,0.0,0.0,0.0,0.0,0.0,0.0,0.0
0021500007,1610612765,Detroit,Pistons,DET,pistons,203915,Spencer,Dinwiddie,S. Dinwiddie,spencer-dinwiddie,,DNP - Coach's Decision,,,0.0,0.0,0.0,0.0,0.0,0.0,0.0,0.0,0.0,0.0,0.0,0.0,0.0,0.0,0.0,0.0,0.0,0.0,0.0,0.0,0.0,0.0
0021500008,1610612766,Charlotte,Hornets,CHA,hornets,203798,PJ,Hairston,P. Hairston,pj-hairston,F,,,18:26,88.9,88.9,108.6,108.6,-19.7,-19.7,0.167,0.0,28.6,0.0,0.0,0.0,0.0,0.3,0.3,0.114,0.114,92.44,92.44,77.03,36.0,0.0
0021500008,1610612766,Charlotte,Hornets,CHA,hornets,101107,Marvin,Williams,M. Williams,marvin-williams,F,,,37:52,106.5,106.5,101.3,101.3,5.2,5.2,0.125,3.0,20.0,0.051,0.258,0.143,6.7,0.4,0.46,0.141,0.141,97.61,97.61,81.34,77.0,0.105
0021500008,1610612766,Charlotte,Hornets,CHA,hornets,2744,Al,Jefferson,A. Jefferson,al-jefferson,C,,,21:46,90.7,90.7,111.9,111.9,-21.2,-21.2,0.125,1.0,5.9,0.063,0.2,0.106,5.9,0.571,0.555,0.308,0.308,93.72,93.72,78.1,43.0,0.168
0021500008,1610612766,Charlotte,Hornets,CHA,hornets,201587,Nicolas,Batum,N. Batum,nicolas-batum,G,,,32:30,109.2,109.2,113.8,113.8,-4.6,-4.6,0.136,1.0,15.8,0.053,0.182,0.1,15.8,0.333,0.349,0.211,0.211,96.0,96.0,80.0,65.0,0.007
0021500008,1610612766,Charlotte,Hornets,CHA,hornets,202689,Kemba,Walker,K. Walker,kemba-walker,G,,,34:41,97.0,97.0,114.5,114.5,-17.5,-17.5,0.222,0.0,16.7,0.024,0.12,0.06,0.0,0.344,0.476,0.26,0.26,94.11,94.11,78.42,67.0,0.116
0021500008,1610612766,Charlotte,Hornets,CHA,hornets,203469,Cody,Zeller,C. Zeller,cody-zeller,,,,29:59,105.1,105.1,116.9,116.9,-11.9,-11.9,0.0,0.0,0.0,0.121,0.364,0.218,14.3,0.5,0.608,0.104,0.104,94.45,94.45,78.71,59.0,0.115
0021500008,1610612766,Charlotte,Hornets,CHA,hornets,202391,Jeremy,Lin,J. Lin,jeremy-lin,,,,27:01,100.0,100.0,107.4,107.4,-7.4,-7.4,0.167,1.0,11.8,0.0,0.043,0.021,11.8,0.6,0.672,0.25,0.25,97.72,97.72,81.43,56.0,0.103
0021500008,1610612766,Charlotte,Hornets,CHA,hornets,201150,Spencer,Hawes,S. Hawes,spencer-hawes,,,,18:19,70.3,70.3,111.1,111.1,-40.8,-40.8,0.0,0.0,0.0,0.0,0.188,0.086,0.0,0.6,0.595,0.15,0.15,95.65,95.65,79.71,37.0,0.093
0021500008,1610612766,Charlotte,Hornets,CHA,hornets,203148,Brian,Roberts,B. Roberts,brian-roberts,,,,13:19,107.4,107.4,92.6,92.6,14.8,14.8,0.125,0.0,14.3,0.0,0.083,0.04,0.0,0.333,0.388,0.2,0.2,97.32,97.32,81.1,27.0,0.051
0021500008,1610612766,Charlotte,Hornets,CHA,hornets,1626163,Frank,Kaminsky,F. Kaminsky,frank-kaminsky,,,,6:07,61.5,61.5,100.0,100.0,-38.5,-38.5,0.0,0.0,0.0,0.0,0.143,0.077,0.0,0.0,0.0,0.143,0.143,98.09,98.09,81.74,13.0,-0.043
0021500008,1610612766,Charlotte,Hornets,CHA,hornets,201946,Tyler,Hansbrough,T. Hansbrough,tyler-hansbrough,,DNP - Coach's Decision,,,0.0,0.0,0.0,0.0,0.0,0.0,0.0,0.0,0.0,0.0,0.0,0.0,0.0,0.0,0.0,0.0,0.0,0.0,0.0,0.0,0.0,0.0
0021500008,1610612766,Charlotte,Hornets,CHA,hornets,1626151,Aaron,Harrison,A. Harrison,aaron-harrison,,DNP - Coach's Decision,,,0.0,0.0,0.0,0.0,0.0,0.0,0.0,0.0,0.0,0.0,0.0,0.0,0.0,0.0,0.0,0.0,0.0,0.0,0.0,0.0,0.0,0.0
0021500008,1610612766,Charlotte,Hornets,CHA,hornets,203087,Jeremy,Lamb,J. Lamb,jeremy-lamb,,DNP - Coach's Decision,,,0.0,0.0,0.0,0.0,0.0,0.0,0.0,0.0,0.0,0.0,0.0,0.0,0.0,0.0,0.0,0.0,0.0,0.0,0.0,0.0,0.0,0.0
0021500008,1610612748,Miami,Heat,MIA,heat,2736,Luol,Deng,L. Deng,luol-deng,F,,,30:25,98.4,98.4,103.2,103.2,-4.9,-4.9,0.056,1.0,10.0,0.037,0.057,0.048,10.0,0.813,0.813,0.141,0.141,97.05,97.05,80.88,61.0,0.108
0021500008,1610612748,Miami,Heat,MIA,heat,2547,Chris,Bosh,C. Bosh,chris-bosh,F,,,32:19,110.3,110.3,98.5,98.5,11.8,11.8,0.056,1.0,5.0,0.0,0.27,0.169,5.0,0.462,0.603,0.271,0.271,99.52,99.52,82.93,68.0,0.21
0021500008,1610612748,Miami,Heat,MIA,heat,202355,Hassan,Whiteside,H. Whiteside,hassan-whiteside,C,,,20:15,115.8,115.8,105.3,105.3,10.5,10.5,0.0,0.0,0.0,0.0,0.222,0.154,33.3,0.5,0.5,0.154,0.154,90.07,90.07,75.06,38.0,0.045
0021500008,1610612748,Miami,Heat,MIA,heat,2548,Dwyane,Wade,D. Wade,dwyane-wade,G,,,29:00,103.4,103.4,105.1,105.1,-1.6,-1.6,0.313,5.0,20.0,0.043,0.061,0.054,4.0,0.438,0.536,0.333,0.333,96.83,96.83,80.69,58.0,0.142
0021500008,1610612748,Miami,Heat,MIA,heat,201609,Goran,Dragic,G. Dragic,goran-dragic,G,,,30:53,103.3,103.3,98.4,98.4,4.9,4.9,0.3,6.0,40.0,0.0,0.029,0.016,6.7,0.5,0.5,0.141,0.141,95.59,95.59,79.65,61.0,0.063
0021500008,1610612748,Miami,Heat,MIA,heat,2617,Udonis,Haslem,U. Haslem,udonis-haslem,,,,10:38,100.0,100.0,90.9,90.9,9.1,9.1,0.2,1.0,16.7,0.0,0.364,0.182,16.7,0.75,0.75,0.217,0.217,97.05,97.05,80.88,21.0,0.219
0021500008,1610612748,Miami,Heat,MIA,heat,1626159,Justise,Winslow,J. Winslow,justise-winslow,,,,25:30,122.0,122.0,70.0,70.0,52.0,52.0,0.105,1.0,33.3,0.0,0.212,0.137,33.3,1.25,1.25,0.075,0.075,94.12,94.12,78.43,50.0,0.105
0021500008,1610612748,Miami,Heat,MIA,heat,201596,Mario,Chalmers,M. Chalmers,mario-chalmers,,,,17:07,117.1,117.1,97.1,97.1,20.1,20.1,0.364,2.0,36.4,0.0,0.15,0.097,18.2,0.5,0.769,0.194,0.194,96.75,96.75,80.62,35.0,0.19
0021500008,1610612748,Miami,Heat,MIA,heat,101123,Gerald,Green,G. Green,gerald-green,,,,30:25,111.7,111.7,109.8,109.8,1.8,1.8,0.071,0.5,5.6,0.0,0.032,0.018,11.1,0.633,0.633,0.274,0.274,95.47,95.47,79.56,60.0,0.063
0021500008,1610612748,Miami,Heat,MIA,heat,201177,Josh,McRoberts,J. McRoberts,josh-mcroberts,,,,13:28,103.7,103.7,85.2,85.2,18.5,18.5,0.286,0.0,100.0,0.0,0.231,0.13,0.0,0.0,0.0,0.0,0.0,96.24,96.24,80.2,27.0,0.127
0021500008,1610612748,Miami,Heat,MIA,heat,2365,Chris,Andersen,C. Andersen,chris-andersen,,DNP - Coach's Decision,,,0.0,0.0,0.0,0.0,0.0,0.0,0.0,0.0,0.0,0.0,0.0,0.0,0.0,0.0,0.0,0.0,0.0,0.0,0.0,0.0,0.0,0.0
0021500008,1610612748,Miami,Heat,MIA,heat,203516,James,Ennis III,J. Ennis III,james-ennis-iii,,DNP - Coach's Decision,,,0.0,0.0,0.0,0.0,0.0,0.0,0.0,0.0,0.0,0.0,0.0,0.0,0.0,0.0,0.0,0.0,0.0,0.0,0.0,0.0,0.0,0.0
0021500008,1610612748,Miami,Heat,MIA,heat,204020,Tyler,Johnson,T. Johnson,tyler-johnson,,DNP - Coach's Decision,,,0.0,0.0,0.0,0.0,0.0,0.0,0.0,0.0,0.0,0.0,0.0,0.0,0.0,0.0,0.0,0.0,0.0,0.0,0.0,0.0,0.0,0.0
0021500016,1610612746,LA,Clippers,LAC,clippers,202362,Lance,Stephenson,L. Stephenson,lance-stephenson,F,,,19:08,126.2,126.2,102.4,102.4,23.8,23.8,0.1,2.0,25.0,0.067,0.048,0.056,12.5,0.7,0.7,0.13,0.13,104.11,104.11,86.76,42.0,0.104
0021500016,1610612746,LA,Clippers,LAC,clippers,201933,Blake,Griffin,B. Griffin,blake-griffin,F,,,38:15,115.3,115.3,98.8,98.8,16.5,16.5,0.16,2.0,13.8,0.061,0.13,0.101,6.9,0.7,0.715,0.275,0.275,105.42,105.42,87.85,85.0,0.208
0021500016,1610612746,LA,Clippers,LAC,clippers,201599,DeAndre,Jordan,D. Jordan,deandre-jordan,C,,,27:06,116.9,116.9,90.0,90.0,26.9,26.9,0.042,1.0,11.1,0.074,0.345,0.214,11.1,0.667,0.546,0.125,0.125,105.36,105.36,87.8,59.0,0.105
0021500016,1610612746,LA,Clippers,LAC,clippers,200755,JJ,Redick,J. Redick,jj-redick,G,,,30:45,128.4,128.4,101.5,101.5,26.9,26.9,0.0,0.0,0.0,0.0,0.0,0.0,14.3,0.545,0.609,0.197,0.197,105.37,105.37,87.8,67.0,0.038
0021500016,1610612746,LA,Clippers,LAC,clippers,101108,Chris,Paul,C. Paul,chris-paul,G,,,36:34,117.5,117.5,97.5,97.5,20.0,20.0,0.355,5.5,36.7,0.0,0.111,0.065,6.7,0.464,0.541,0.221,0.221,105.67,105.67,88.06,80.0,0.168
0021500016,1610612746,LA,Clippers,LAC,clippers,2037,Jamal,Crawford,J. Crawford,jamal-crawford,,,,21:08,89.1,89.1,97.9,97.9,-8.7,-8.7,0.111,0.0,9.1,0.0,0.0,0.0,0.0,0.556,0.557,0.204,0.204,105.65,105.65,88.04,46.0,0.09
0021500016,1610612746,LA,Clippers,LAC,clippers,1718,Paul,Pierce,P. Pierce,paul-pierce,,,,23:60,98.0,98.0,108.2,108.2,-10.2,-10.2,0.0,0.0,0.0,0.043,0.24,0.146,9.1,0.563,0.615,0.208,0.208,99.02,99.02,82.52,50.0,0.153
0021500016,1610612746,LA,Clippers,LAC,clippers,2746,Josh,Smith,J. Smith,josh-smith,,,,16:18,68.6,68.6,108.6,108.6,-40.0,-40.0,0.0,0.0,0.0,0.0,0.286,0.171,62.5,0.0,0.174,0.222,0.222,103.07,103.07,85.89,35.0,-0.06
0021500016,1610612746,LA,Clippers,LAC,clippers,203085,Austin,Rivers,A. Rivers,austin-rivers,,,,16:07,72.2,72.2,87.2,87.2,-15.0,-15.0,0.125,1.0,14.3,0.0,0.091,0.051,14.3,0.0,0.315,0.158,0.158,111.65,111.65,93.04,36.0,0.058
0021500016,1610612746,LA,Clippers,LAC,clippers,202325,Wesley,Johnson,W. Johnson,wesley-johnson,,,,10:36,65.2,65.2,100.0,100.0,-34.8,-34.8,0.0,0.0,0.0,0.0,0.0,0.0,0.0,0.75,0.75,0.083,0.083,104.15,104.15,86.79,23.0,0.1
0021500016,1610612746,LA,Clippers,LAC,clippers,202332,Cole,Aldrich,C. Aldrich,cole-aldrich,,,,0:03,0.0,0.0,0.0,0.0,0.0,0.0,0.0,0.0,0.0,0.0,0.0,0.0,0.0,0.0,0.0,0.0,0.0,450.0,450.0,375.0,0.0,0.0
0021500016,1610612746,LA,Clippers,LAC,clippers,201601,Luc,Mbah a Moute,L. Mbah a Moute,luc-mbah-a-moute,,DNP - Coach's Decision,,,0.0,0.0,0.0,0.0,0.0,0.0,0.0,0.0,0.0,0.0,0.0,0.0,0.0,0.0,0.0,0.0,0.0,0.0,0.0,0.0,0.0,0.0
0021500016,1610612746,LA,Clippers,LAC,clippers,203143,Pablo,Prigioni,P. Prigioni,pablo-prigioni,,DNP - Coach's Decision,,,0.0,0.0,0.0,0.0,0.0,0.0,0.0,0.0,0.0,0.0,0.0,0.0,0.0,0.0,0.0,0.0,0.0,0.0,0.0,0.0,0.0,0.0
0021500016,1610612758,Sacramento,Kings,SAC,kings,200752,Rudy,Gay,R. Gay,rudy-gay,F,,,31:21,105.7,105.7,110.1,110.1,-4.4,-4.4,0.143,1.5,13.6,0.029,0.167,0.094,9.1,0.469,0.474,0.238,0.238,106.41,106.41,88.68,70.0,0.081
0021500016,1610612758,Sacramento,Kings,SAC,kings,202326,DeMarcus,Cousins,D. Cousins,demarcus-cousins,F,,,34:37,107.9,107.9,115.6,115.6,-7.7,-7.7,0.143,0.38,8.1,0.079,0.323,0.188,21.6,0.571,0.619,0.386,0.386,106.06,106.06,88.38,76.0,0.131
0021500016,1610612758,Sacramento,Kings,SAC,kings,201585,Kosta,Koufos,K. Koufos,kosta-koufos,C,,,22:32,98.0,98.0,122.9,122.9,-24.9,-24.9,0.067,1.0,12.5,0.115,0.2,0.152,12.5,0.833,0.833,0.121,0.121,104.38,104.38,86.98,50.0,0.152
0021500016,1610612758,Sacramento,Kings,SAC,kings,203463,Ben,McLemore,B. McLemore,ben-mclemore,G,,,20:04,102.2,102.2,135.6,135.6,-33.4,-33.4,0.0,0.0,0.0,0.0,0.0,0.0,0.0,0.5,0.5,0.093,0.093,108.83,108.83,90.69,46.0,-0.011
0021500016,1610612758,Sacramento,Kings,SAC,kings,200765,Rajon,Rondo,R. Rondo,rajon-rondo,G,,,25:15,107.4,107.4,120.0,120.0,-12.6,-12.6,0.19,2.0,28.6,0.038,0.3,0.152,14.3,0.25,0.25,0.156,0.156,103.62,103.62,86.35,54.0,0.041
0021500016,1610612758,Sacramento,Kings,SAC,kings,201956,Omri,Casspi,O. Casspi,omri-casspi,,,,20:07,97.6,97.6,80.5,80.5,17.1,17.1,0.0,0.0,0.0,0.045,0.381,0.209,28.6,0.5,0.5,0.146,0.146,99.06,99.06,82.55,42.0,0.132
0021500016,1610612758,Sacramento,Kings,SAC,kings,1626161,Willie,Cauley-Stein,W. Cauley-Stein,willie-cauley-stein,,,,7:51,86.7,86.7,80.0,80.0,6.7,6.7,0.0,0.0,0.0,0.111,0.125,0.118,0.0,0.5,0.5,0.111,0.111,91.72,91.72,76.43,15.0,0.143
0021500016,1610612758,Sacramento,Kings,SAC,kings,201158,Marco,Belinelli,M. Belinelli,marco-belinelli,,,,31:57,90.3,90.3,95.7,95.7,-5.4,-5.4,0.318,0.0,36.8,0.0,0.065,0.027,0.0,0.375,0.375,0.146,0.146,105.91,105.91,88.26,72.0,0.071
0021500016,1610612758,Sacramento,Kings,SAC,kings,201954,Darren,Collison,D. Collison,darren-collison,,,,30:22,98.5,98.5,98.5,98.5,0.0,0.0,0.286,6.0,28.6,0.026,0.0,0.015,4.8,0.458,0.458,0.197,0.197,103.53,103.53,86.28,66.0,0.067
0021500016,1610612758,Sacramento,Kings,SAC,kings,2406,Caron,Butler,C. Butler,caron-butler,,,,12:40,62.1,62.1,74.1,74.1,-12.0,-12.0,0.0,0.0,0.0,0.045,0.077,0.057,0.0,0.571,0.571,0.2,0.2,106.11,106.11,88.42,29.0,0.265
0021500016,1610612758,Sacramento,Kings,SAC,kings,202341,James,Anderson,J. Anderson,james-anderson,,,,3:14,100.0,100.0,128.6,128.6,-28.6,-28.6,0.0,0.0,0.0,0.0,0.0,0.0,0.0,0.0,0.0,0.0,0.0,111.34,111.34,92.78,8.0,0.0
0021500016,1610612758,Sacramento,Kings,SAC,kings,203112,Quincy,Acy,Q. Acy,quincy-acy,,DNP - Coach's Decision,,,0.0,0.0,0.0,0.0,0.0,0.0,0.0,0.0,0.0,0.0,0.0,0.0,0.0,0.0,0.0,0.0,0.0,0.0,0.0,0.0,0.0,0.0
0021500016,1610612758,Sacramento,Kings,SAC,kings,203552,Seth,Curry,S. Curry,seth-curry,,DNP - Coach's Decision,,,0.0,0.0,0.0,0.0,0.0,0.0,0.0,0.0,0.0,0.0,0.0,0.0,0.0,0.0,0.0,0.0,0.0,0.0,0.0,0.0,0.0,0.0
0021500017,1610612750,Minnesota,Timberwolves,MIN,timberwolves,2419,Tayshaun,Prince,T. Prince,tayshaun-prince,F,,,14:37,125.0,125.0,100.0,100.0,25.0,25.0,0.083,0.0,33.3,0.077,0.048,0.059,0.0,0.0,0.568,0.065,0.065,96.89,96.89,80.74,28.0,0.01
0021500017,1610612750,Minnesota,Timberwolves,MIN,timberwolves,708,Kevin,Garnett,K. Garnett,kevin-garnett,F,,,12:53,126.9,126.9,77.8,77.8,49.1,49.1,0.222,0.0,33.3,0.0,0.35,0.226,0.0,0.5,0.5,0.138,0.138,98.71,98.71,82.26,26.0,0.235
0021500017,1610612750,Minnesota,Timberwolves,MIN,timberwolves,1626157,Karl-Anthony,Towns,K. Towns,karl-anthony-towns,C,,,31:53,114.1,114.1,103.1,103.1,11.0,11.0,0.048,0.33,6.7,0.065,0.238,0.164,20.0,0.6,0.643,0.197,0.197,97.1,97.1,80.92,64.0,0.152
0021500017,1610612750,Minnesota,Timberwolves,MIN,timberwolves,203952,Andrew,Wiggins,A. Wiggins,andrew-wiggins,G,,,29:05,118.6,118.6,105.1,105.1,13.6,13.6,0.0,0.0,0.0,0.0,0.026,0.015,13.3,0.2,0.356,0.227,0.227,97.38,97.38,81.15,59.0,-0.042
0021500017,1610612750,Minnesota,Timberwolves,MIN,timberwolves,201937,Ricky,Rubio,R. Rubio,ricky-rubio,G,,,32:29,121.2,121.2,103.0,103.0,18.2,18.2,0.737,14.0,40.0,0.0,0.048,0.027,2.9,0.647,0.697,0.284,0.284,97.53,97.53,81.27,66.0,0.322
0021500017,1610612750,Minnesota,Timberwolves,MIN,timberwolves,202357,Nemanja,Bjelica,N. Bjelica,nemanja-bjelica,,,,22:36,114.6,114.6,102.1,102.1,12.5,12.5,0.143,0.0,25.0,0.0,0.172,0.091,0.0,0.667,0.667,0.115,0.115,101.96,101.96,84.97,48.0,0.101
0021500017,1610612750,Minnesota,Timberwolves,MIN,timberwolves,2755,Kevin,Martin,K. Martin,kevin-martin,,,,28:58,106.5,106.5,126.7,126.7,-20.2,-20.2,0.0,0.0,0.0,0.0,0.036,0.017,0.0,0.4,0.567,0.275,0.275,101.08,101.08,84.23,62.0,0.114
0021500017,1610612750,Minnesota,Timberwolves,MIN,timberwolves,203498,Shabazz,Muhammad,S. Muhammad,shabazz-muhammad,,,,18:55,105.0,105.0,119.5,119.5,-14.5,-14.5,0.0,0.0,0.0,0.0,0.053,0.026,12.5,0.7,0.74,0.186,0.186,102.77,102.77,85.64,40.0,0.084
0021500017,1610612750,Minnesota,Timberwolves,MIN,timberwolves,203897,Zach,LaVine,Z. LaVine,zach-lavine,,,,19:56,104.9,104.9,109.3,109.3,-4.4,-4.4,0.3,0.0,23.1,0.05,0.087,0.07,0.0,0.4,0.4,0.233,0.233,101.14,101.14,84.28,41.0,0.114
0021500017,1610612750,Minnesota,Timberwolves,MIN,timberwolves,203476,Gorgui,Dieng,G. Dieng,gorgui-dieng,,,,20:19,107.0,107.0,137.2,137.2,-30.2,-30.2,0.077,1.0,14.3,0.048,0.15,0.098,14.3,0.25,0.41,0.13,0.13,101.59,101.59,84.66,43.0,0.043
0021500017,1610612750,Minnesota,Timberwolves,MIN,timberwolves,203940,Adreian,Payne,A. Payne,adreian-payne,,,,3:47,112.5,112.5,137.5,137.5,-25.0,-25.0,0.0,0.0,0.0,0.0,0.0,0.0,0.0,0.0,0.0,0.111,0.111,101.5,101.5,84.58,8.0,-0.054
0021500017,1610612750,Minnesota,Timberwolves,MIN,timberwolves,204014,Damjan,Rudez,D. Rudez,damjan-rudez,,,,4:32,88.9,88.9,187.5,187.5,-98.6,-98.6,0.0,0.0,0.0,0.25,0.0,0.2,0.0,1.0,1.0,0.091,0.091,90.0,90.0,75.0,9.0,0.079
0021500017,1610612750,Minnesota,Timberwolves,MIN,timberwolves,1889,Andre,Miller,A. Miller,andre-miller,,DNP - Coach's Decision,,,0.0,0.0,0.0,0.0,0.0,0.0,0.0,0.0,0.0,0.0,0.0,0.0,0.0,0.0,0.0,0.0,0.0,0.0,0.0,0.0,0.0,0.0
0021500017,1610612747,Los Angeles,Lakers,LAL,lakers,977,Kobe,Bryant,K. Bryant,kobe-bryant,F,,,28:56,108.6,108.6,119.0,119.0,-10.3,-10.3,0.091,0.0,3.8,0.0,0.143,0.06,0.0,0.396,0.458,0.347,0.347,96.22,96.22,80.18,58.0,0.147
0021500017,1610612747,Los Angeles,Lakers,LAL,lakers,203944,Julius,Randle,J. Randle,julius-randle,F,,,30:04,116.1,116.1,114.8,114.8,1.4,1.4,0.133,2.0,11.1,0.05,0.273,0.151,5.6,0.385,0.48,0.211,0.211,98.18,98.18,81.82,62.0,0.139
0021500017,1610612747,Los Angeles,Lakers,LAL,lakers,201579,Roy,Hibbert,R. Hibbert,roy-hibbert,C,,,28:07,110.7,110.7,125.0,125.0,-14.3,-14.3,0.235,2.0,26.7,0.132,0.179,0.152,13.3,0.25,0.714,0.157,0.157,95.6,95.6,79.67,56.0,0.164
0021500017,1610612747,Los Angeles,Lakers,LAL,lakers,203903,Jordan,Clarkson,J. Clarkson,jordan-clarkson,G,,,29:43,119.7,119.7,108.2,108.2,11.5,11.5,0.167,1.5,16.7,0.0,0.061,0.027,11.1,0.5,0.554,0.195,0.195,98.53,98.53,82.11,61.0,0.057
0021500017,1610612747,Los Angeles,Lakers,LAL,lakers,1626156,D'Angelo,Russell,D. Russell,dangelo-russell,G,,,25:50,114.8,114.8,131.5,131.5,-16.7,-16.7,0.125,0.67,16.7,0.067,0.045,0.058,25.0,0.286,0.286,0.154,0.154,100.34,100.34,83.61,54.0,-0.03
0021500017,1610612747,Los Angeles,Lakers,LAL,lakers,101150,Lou,Williams,L. Williams,lou-williams,,,,27:27,113.8,113.8,108.6,108.6,5.2,5.2,0.067,1.0,5.6,0.0,0.069,0.033,5.6,0.538,0.653,0.25,0.25,101.42,101.42,84.52,58.0,0.14
0021500017,1610612747,Los Angeles,Lakers,LAL,lakers,201156,Nick,Young,N. Young,nick-young,,,,19:04,117.1,117.1,102.4,102.4,14.7,14.7,0.0,0.0,0.0,0.0,0.1,0.053,0.0,0.875,0.875,0.174,0.174,104.48,104.48,87.06,41.0,0.142
0021500017,1610612747,Los Angeles,Lakers,LAL,lakers,203527,Ryan,Kelly,R. Kelly,ryan-kelly,,,,20:38,104.3,104.3,102.2,102.2,2.1,2.1,0.188,3.0,33.3,0.048,0.263,0.15,11.1,0.2,0.276,0.118,0.118,105.85,105.85,88.21,46.0,0.04
0021500017,1610612747,Los Angeles,Lakers,LAL,lakers,101138,Brandon,Bass,B. Bass,brandon-bass,,,,17:11,108.1,108.1,102.7,102.7,5.4,5.4,0.0,0.0,0.0,0.067,0.313,0.194,33.3,0.25,0.25,0.15,0.15,103.36,103.36,86.13,37.0,0.008
0021500017,1610612747,Los Angeles,Lakers,LAL,lakers,1626273,Marcelo,Huertas,M. Huertas,marcelo-huertas,,,,13:00,84.0,84.0,96.0,96.0,-12.0,-12.0,0.286,2.0,40.0,0.083,0.083,0.083,20.0,0.5,0.5,0.115,0.115,92.31,92.31,76.92,25.0,0.046
0021500017,1610612747,Los Angeles,Lakers,LAL,lakers,204028,Tarik,Black,T. Black,tarik-black,,DNP - Coach's Decision,,,0.0,0.0,0.0,0.0,0.0,0.0,0.0,0.0,0.0,0.0,0.0,0.0,0.0,0.0,0.0,0.0,0.0,0.0,0.0,0.0,0.0,0.0
0021500017,1610612747,Los Angeles,Lakers,LAL,lakers,1626148,Anthony,Brown,A. Brown,anthony-brown,,DNP - Coach's Decision,,,0.0,0.0,0.0,0.0,0.0,0.0,0.0,0.0,0.0,0.0,0.0,0.0,0.0,0.0,0.0,0.0,0.0,0.0,0.0,0.0,0.0,0.0
0021500017,1610612747,Los Angeles,Lakers,LAL,lakers,203135,Robert,Sacre,R. Sacre,robert-sacre,,DNP - Coach's Decision,,,0.0,0.0,0.0,0.0,0.0,0.0,0.0,0.0,0.0,0.0,0.0,0.0,0.0,0.0,0.0,0.0,0.0,0.0,0.0,0.0,0.0,0.0
0021500009,1610612754,Indiana,Pacers,IND,pacers,101139,CJ,Miles,C. Miles,cj-miles,F,,,35:40,98.7,98.7,107.7,107.7,-9.0,-9.0,0.048,0.33,5.3,0.026,0.0,0.014,15.8,0.571,0.605,0.209,0.209,105.64,105.64,88.04,79.0,0.066
0021500009,1610612754,Indiana,Pacers,IND,pacers,202331,Paul,George,P. George,paul-george,F,,,36:35,102.4,102.4,108.6,108.6,-6.2,-6.2,0.364,2.67,25.0,0.073,0.237,0.152,9.4,0.235,0.397,0.27,0.27,106.93,106.93,89.11,82.0,0.138
0021500009,1610612754,Indiana,Pacers,IND,pacers,101133,Ian,Mahinmi,I. Mahinmi,ian-mahinmi,C,,,24:47,100.0,100.0,107.7,107.7,-7.7,-7.7,0.188,3.0,25.0,0.115,0.208,0.16,8.3,0.625,0.625,0.155,0.155,99.74,99.74,83.12,51.0,0.137
0021500009,1610612754,Indiana,Pacers,IND,pacers,101145,Monta,Ellis,M. Ellis,monta-ellis,G,,,28:33,98.4,98.4,104.7,104.7,-6.3,-6.3,0.353,3.0,28.6,0.0,0.0,0.0,9.5,0.273,0.353,0.221,0.221,106.79,106.79,88.99,63.0,0.022
0021500009,1610612754,Indiana,Pacers,IND,pacers,201588,George,Hill,G. Hill,george-hill,G,,,37:41,108.6,108.6,107.2,107.2,1.4,1.4,0.091,1.0,13.3,0.0,0.077,0.038,13.3,0.85,0.839,0.146,0.146,104.45,104.45,87.04,81.0,0.108
0021500009,1610612754,Indiana,Pacers,IND,pacers,201155,Rodney,Stuckey,R. Stuckey,rodney-stuckey,,,,24:12,82.4,82.4,80.8,80.8,1.6,1.6,0.222,1.0,10.0,0.0,0.129,0.065,10.0,0.385,0.512,0.316,0.316,102.14,102.14,85.12,51.0,0.198
0021500009,1610612754,Indiana,Pacers,IND,pacers,201941,Jordan,Hill,J. Hill,jordan-hill,,,,23:15,85.7,85.7,94.3,94.3,-8.6,-8.6,0.0,0.0,0.0,0.032,0.259,0.138,0.0,0.286,0.415,0.169,0.169,112.52,112.52,93.77,56.0,0.092
0021500009,1610612754,Indiana,Pacers,IND,pacers,202730,Lavoy,Allen,L. Allen,lavoy-allen,,,,12:22,75.0,75.0,85.2,85.2,-10.2,-10.2,0.0,0.0,0.0,0.0,0.133,0.059,0.0,0.5,0.5,0.065,0.065,106.72,106.72,88.94,28.0,0.093
0021500009,1610612754,Indiana,Pacers,IND,pacers,201978,Chase,Budinger,C. Budinger,chase-budinger,,,,14:51,61.3,61.3,90.3,90.3,-29.0,-29.0,0.143,0.0,20.0,0.0,0.154,0.056,0.0,0.0,0.0,0.114,0.114,100.17,100.17,83.47,31.0,-0.069
0021500009,1610612754,Indiana,Pacers,IND,pacers,1626202,Joe,Young,J. Young,joe-young,,,,2:04,50.0,50.0,75.0,75.0,-25.0,-25.0,0.0,0.0,0.0,0.0,0.0,0.0,0.0,0.0,0.0,0.0,0.0,92.83,92.83,77.36,4.0,-0.25
0021500009,1610612754,Indiana,Pacers,IND,pacers,203524,Solomon,Hill,S. Hill,solomon-hill,,DNP - Coach's Decision,,,0.0,0.0,0.0,0.0,0.0,0.0,0.0,0.0,0.0,0.0,0.0,0.0,0.0,0.0,0.0,0.0,0.0,0.0,0.0,0.0,0.0,0.0
0021500009,1610612754,Indiana,Pacers,IND,pacers,1626167,Myles,Turner,M. Turner,myles-turner,,DNP - Coach's Decision,,,0.0,0.0,0.0,0.0,0.0,0.0,0.0,0.0,0.0,0.0,0.0,0.0,0.0,0.0,0.0,0.0,0.0,0.0,0.0,0.0,0.0,0.0
0021500009,1610612754,Indiana,Pacers,IND,pacers,203963,Shayne,Whittington,S. Whittington,shayne-whittington,,DNP - Coach's Decision,,,0.0,0.0,0.0,0.0,0.0,0.0,0.0,0.0,0.0,0.0,0.0,0.0,0.0,0.0,0.0,0.0,0.0,0.0,0.0,0.0,0.0,0.0
0021500009,1610612761,Toronto,Raptors,TOR,raptors,201960,DeMarre,Carroll,D. Carroll,demarre-carroll,F,,,41:11,105.6,105.6,97.8,97.8,7.9,7.9,0.148,2.0,17.4,0.053,0.12,0.091,8.7,0.393,0.421,0.188,0.188,103.73,103.73,86.44,89.0,0.079
0021500009,1610612761,Toronto,Raptors,TOR,raptors,2449,Luis,Scola,L. Scola,luis-scola,F,,,17:29,92.1,92.1,91.9,91.9,0.2,0.2,0.0,0.0,0.0,0.143,0.286,0.229,100.0,0.0,0.0,0.091,0.091,102.96,102.96,85.8,38.0,0.052
0021500009,1610612761,Toronto,Raptors,TOR,raptors,202685,Jonas,Valančiūnas,J. Valančiūnas,jonas-valančiūnas,C,,,32:17,95.8,95.8,87.1,87.1,8.7,8.7,0.0,0.0,0.0,0.038,0.333,0.221,12.5,0.727,0.77,0.203,0.203,105.56,105.56,87.97,72.0,0.269
0021500009,1610612761,Toronto,Raptors,TOR,raptors,201942,DeMar,DeRozan,D. DeRozan,demar-derozan,G,,,35:52,101.3,101.3,100.0,100.0,1.3,1.3,0.273,3.0,18.8,0.0,0.122,0.067,6.3,0.441,0.52,0.295,0.295,106.39,106.39,88.66,79.0,0.141
0021500009,1610612761,Toronto,Raptors,TOR,raptors,200768,Kyle,Lowry,K. Lowry,kyle-lowry,G,,,38:58,104.7,104.7,93.1,93.1,11.6,11.6,0.273,1.2,20.0,0.026,0.045,0.036,16.7,0.529,0.586,0.247,0.247,105.94,105.94,88.28,85.0,0.113
0021500009,1610612761,Toronto,Raptors,TOR,raptors,202687,Bismack,Biyombo,B. Biyombo,bismack-biyombo,,,,15:43,105.7,105.7,108.6,108.6,-2.9,-2.9,0.0,0.0,0.0,0.125,0.133,0.128,0.0,0.5,0.543,0.14,0.14,106.9,106.9,89.09,35.0,0.037
0021500009,1610612761,Toronto,Raptors,TOR,raptors,202335,Patrick,Patterson,P. Patterson,patrick-patterson,,,,19:18,95.2,95.2,85.7,85.7,9.5,9.5,0.1,0.5,10.0,0.0,0.174,0.08,20.0,0.571,0.571,0.184,0.184,104.46,104.46,87.05,42.0,0.16
0021500009,1610612761,Toronto,Raptors,TOR,raptors,203082,Terrence,Ross,T. Ross,terrence-ross,,,,8:27,110.5,110.5,80.0,80.0,30.5,30.5,0.2,0.0,20.0,0.0,0.0,0.0,0.0,0.375,0.512,0.174,0.174,110.77,110.77,92.31,19.0,-0.048
0021500009,1610612761,Toronto,Raptors,TOR,raptors,202709,Cory,Joseph,C. Joseph,cory-joseph,,,,27:43,93.2,93.2,98.3,98.3,-5.1,-5.1,0.059,0.33,11.1,0.0,0.057,0.031,33.3,0.25,0.307,0.119,0.119,102.18,102.18,85.15,59.0,-0.029
0021500009,1610612761,Toronto,Raptors,TOR,raptors,201949,James,Johnson,J. Johnson,james-johnson,,,,3:02,142.9,142.9,57.1,57.1,85.7,85.7,0.0,0.0,0.0,0.0,0.0,0.0,0.0,0.0,0.0,0.0,0.0,110.77,110.77,92.31,7.0,0.0
0021500009,1610612761,Toronto,Raptors,TOR,raptors,203461,Anthony,Bennett,A. Bennett,anthony-bennett,,DNP - Coach's Decision,,,0.0,0.0,0.0,0.0,0.0,0.0,0.0,0.0,0.0,0.0,0.0,0.0,0.0,0.0,0.0,0.0,0.0,0.0,0.0,0.0,0.0,0.0
0021500009,1610612761,Toronto,Raptors,TOR,raptors,1626181,Norman,Powell,N. Powell,norman-powell,,DNP - Coach's Decision,,,0.0,0.0,0.0,0.0,0.0,0.0,0.0,0.0,0.0,0.0,0.0,0.0,0.0,0.0,0.0,0.0,0.0,0.0,0.0,0.0,0.0,0.0
0021500009,1610612761,Toronto,Raptors,TOR,raptors,1626153,Delon,Wright,D. Wright,delon-wright,,DNP - Coach's Decision,,,0.0,0.0,0.0,0.0,0.0,0.0,0.0,0.0,0.0,0.0,0.0,0.0,0.0,0.0,0.0,0.0,0.0,0.0,0.0,0.0,0.0,0.0
0021500014,1610612742,Dallas,Mavericks,DAL,mavericks,202083,Wesley,Matthews,W. Matthews,wesley-matthews,F,,,26:06,121.8,121.8,85.2,85.2,36.6,36.6,0.045,0.0,11.1,0.0,0.071,0.048,0.0,0.571,0.571,0.138,0.138,100.23,100.23,83.52,55.0,0.086
0021500014,1610612742,Dallas,Mavericks,DAL,mavericks,1717,Dirk,Nowitzki,D. Nowitzki,dirk-nowitzki,F,,,20:43,131.1,131.1,82.6,82.6,48.5,48.5,0.188,0.0,23.1,0.05,0.25,0.173,0.0,0.55,0.55,0.204,0.204,105.39,105.39,87.82,45.0,0.256
0021500014,1610612742,Dallas,Mavericks,DAL,mavericks,2585,Zaza,Pachulia,Z. Pachulia,zaza-pachulia,C,,,25:00,119.3,119.3,76.4,76.4,42.9,42.9,0.143,3.0,17.6,0.12,0.219,0.175,5.9,0.2,0.396,0.23,0.23,107.52,107.52,89.6,57.0,0.169
0021500014,1610612742,Dallas,Mavericks,DAL,mavericks,101109,Raymond,Felton,R. Felton,raymond-felton,G,,,33:09,120.3,120.3,88.9,88.9,31.4,31.4,0.231,0.0,28.6,0.03,0.077,0.056,0.0,0.571,0.605,0.19,0.19,105.7,105.7,88.08,74.0,0.155
0021500014,1610612742,Dallas,Mavericks,DAL,mavericks,101114,Deron,Williams,D. Williams,deron-williams,G,,,20:03,127.9,127.9,86.7,86.7,41.2,41.2,0.438,7.0,43.8,0.0,0.071,0.044,6.3,0.75,0.75,0.196,0.196,105.34,105.34,87.78,43.0,0.218
0021500014,1610612742,Dallas,Mavericks,DAL,mavericks,203939,Dwight,Powell,D. Powell,dwight-powell,,,,17:19,82.5,82.5,80.0,80.0,2.5,2.5,0.125,1.0,7.7,0.0,0.273,0.146,7.7,0.571,0.57,0.286,0.286,110.88,110.88,92.4,40.0,0.177
0021500014,1610612742,Dallas,Mavericks,DAL,mavericks,202379,Jeremy,Evans,J. Evans,jeremy-evans,,,,25:44,94.7,94.7,86.0,86.0,8.8,8.8,0.0,0.0,0.0,0.037,0.172,0.107,0.0,0.875,0.875,0.068,0.068,106.35,106.35,88.62,57.0,0.164
0021500014,1610612742,Dallas,Mavericks,DAL,mavericks,2734,Devin,Harris,D. Harris,devin-harris,,,,23:11,92.3,92.3,86.5,86.5,5.8,5.8,0.154,1.0,13.3,0.0,0.04,0.019,13.3,0.375,0.451,0.241,0.241,107.66,107.66,89.72,52.0,0.048
0021500014,1610612742,Dallas,Mavericks,DAL,mavericks,200826,J.J.,Barea,J. Barea,jj-barea,,,,24:46,82.7,82.7,107.8,107.8,-25.2,-25.2,0.083,0.33,6.3,0.0,0.129,0.069,18.8,0.333,0.43,0.273,0.273,99.81,99.81,83.18,52.0,0.016
0021500014,1610612742,Dallas,Mavericks,DAL,mavericks,101111,Charlie,Villanueva,C. Villanueva,charlie-villanueva,,,,14:39,106.7,106.7,93.3,93.3,13.3,13.3,0.0,0.0,0.0,0.0,0.067,0.036,0.0,1.0,1.0,0.167,0.167,98.29,98.29,81.91,30.0,0.137
0021500014,1610612742,Dallas,Mavericks,DAL,mavericks,203098,John,Jenkins,J. Jenkins,john-jenkins,,,,3:39,33.3,33.3,162.5,162.5,-129.2,-129.2,0.0,0.0,0.0,0.0,0.0,0.0,0.0,0.0,0.0,0.1,0.1,111.78,111.78,93.15,9.0,-0.19
0021500014,1610612742,Dallas,Mavericks,DAL,mavericks,1626147,Justin,Anderson,J. Anderson,justin-anderson,,,,3:28,25.0,25.0,162.5,162.5,-137.5,-137.5,0.0,0.0,0.0,0.0,0.5,0.125,0.0,0.5,0.5,0.222,0.222,110.77,110.77,92.31,8.0,0.0
0021500014,1610612742,Dallas,Mavericks,DAL,mavericks,1626257,Salah,Mejri,S. Mejri,salah-mejri,,,,2:13,28.6,28.6,183.3,183.3,-154.8,-154.8,0.0,0.0,0.0,0.0,1.0,0.2,0.0,0.0,0.0,0.0,0.0,140.75,140.75,117.29,7.0,0.083
0021500014,1610612756,Phoenix,Suns,PHX,suns,200782,P.J.,Tucker,P. Tucker,pj-tucker,F,,,9:10,73.7,73.7,135.0,135.0,-61.3,-61.3,0.0,0.0,0.0,0.077,0.0,0.045,0.0,0.333,0.258,0.174,0.174,102.11,102.11,85.09,19.0,-0.115
0021500014,1610612756,Phoenix,Suns,PHX,suns,202693,Markieff,Morris,M. Morris,markieff-morris,F,,,11:13,80.0,80.0,119.2,119.2,-39.2,-39.2,0.0,0.0,0.0,0.0,0.091,0.033,0.0,0.167,0.291,0.226,0.226,109.12,109.12,90.94,25.0,-0.121
0021500014,1610612756,Phoenix,Suns,PHX,suns,2199,Tyson,Chandler,T. Chandler,tyson-chandler,C,,,17:01,73.7,73.7,134.2,134.2,-60.5,-60.5,0.111,0.5,16.7,0.12,0.188,0.146,33.3,0.5,0.521,0.111,0.111,107.19,107.19,89.32,38.0,0.035
0021500014,1610612756,Phoenix,Suns,PHX,suns,202688,Brandon,Knight,B. Knight,brandon-knight,G,,,34:25,86.8,86.8,115.6,115.6,-28.7,-28.7,0.176,0.5,13.0,0.023,0.147,0.078,26.1,0.5,0.54,0.227,0.227,106.69,106.69,88.91,76.0,0.058
0021500014,1610612756,Phoenix,Suns,PHX,suns,202339,Eric,Bledsoe,E. Bledsoe,eric-bledsoe,G,,,31:23,80.9,80.9,117.6,117.6,-36.8,-36.8,0.286,2.0,19.0,0.026,0.1,0.058,9.5,0.333,0.431,0.221,0.221,104.0,104.0,86.67,68.0,0.042
0021500014,1610612756,Phoenix,Suns,PHX,suns,203933,T.J.,Warren,T. Warren,tj-warren,,,,20:07,83.0,83.0,91.5,91.5,-8.5,-8.5,0.0,0.0,0.0,0.037,0.136,0.082,7.1,0.346,0.346,0.246,0.246,112.15,112.15,93.45,47.0,0.054
0021500014,1610612756,Phoenix,Suns,PHX,suns,203141,Mirza,Teletovic,M. Teletovic,mirza-teletovic,,,,17:38,95.0,95.0,82.9,82.9,12.1,12.1,0.091,1.0,8.3,0.043,0.211,0.119,8.3,0.25,0.239,0.239,0.239,110.25,110.25,91.87,40.0,-0.03
0021500014,1610612756,Phoenix,Suns,PHX,suns,203458,Alex,Len,A. Len,alex-len,,,,13:33,71.0,71.0,103.2,103.2,-32.3,-32.3,0.0,0.0,0.0,0.176,0.333,0.25,28.6,0.333,0.42,0.194,0.194,109.76,109.76,91.47,31.0,0.066
0021500014,1610612756,Phoenix,Suns,PHX,suns,201603,Sonny,Weems,S. Weems,sonny-weems,,,,15:15,106.1,106.1,81.8,81.8,24.2,24.2,0.143,2.0,40.0,0.0,0.188,0.079,20.0,0.0,0.0,0.073,0.073,103.87,103.87,86.56,33.0,0.056
0021500014,1610612756,Phoenix,Suns,PHX,suns,202720,Jon,Leuer,J. Leuer,jon-leuer,,,,20:13,100.0,100.0,100.0,100.0,0.0,0.0,0.231,0.0,23.1,0.095,0.25,0.171,0.0,0.611,0.651,0.204,0.204,100.94,100.94,84.12,43.0,0.244
0021500014,1610612756,Phoenix,Suns,PHX,suns,101179,Ronnie,Price,R. Price,ronnie-price,,,,11:18,112.5,112.5,87.0,87.0,25.5,25.5,0.0,0.0,0.0,0.0,0.0,0.0,66.7,0.0,0.0,0.107,0.107,99.82,99.82,83.19,24.0,-0.192
0021500014,1610612756,Phoenix,Suns,PHX,suns,203462,Archie,Goodwin,A. Goodwin,archie-goodwin,,,,17:24,116.7,116.7,102.8,102.8,13.9,13.9,0.1,1.0,9.1,0.0,0.263,0.143,9.1,0.583,0.694,0.256,0.256,99.31,99.31,82.76,36.0,0.194
0021500014,1610612756,Phoenix,Suns,PHX,suns,1626164,Devin,Booker,D. Booker,devin-booker,,,,21:20,107.0,107.0,95.5,95.5,11.5,11.5,0.0,0.0,0.0,0.0,0.13,0.07,0.0,0.929,0.841,0.17,0.17,97.88,97.88,81.56,43.0,0.19
0021500015,1610612740,New Orleans,Pelicans,NOP,pelicans,201967,Dante,Cunningham,D. Cunningham,dante-cunningham,F,,,31:21,103.3,103.3,84.1,84.1,19.2,19.2,0.04,0.0,25.0,0.0,0.207,0.098,0.0,0.0,0.0,0.047,0.047,94.16,94.16,78.47,60.0,0.019
0021500015,1610612740,New Orleans,Pelicans,NOP,pelicans,203076,Anthony,Davis,A. Davis,anthony-davis,F,,,40:39,95.1,95.1,102.4,102.4,-7.3,-7.3,0.0,0.0,0.0,0.045,0.19,0.116,9.5,0.676,0.666,0.239,0.239,98.01,98.01,81.67,82.0,0.175
0021500015,1610612740,New Orleans,Pelicans,NOP,pelicans,2570,Kendrick,Perkins,K. Perkins,kendrick-perkins,C,,,9:28,66.7,66.7,150.0,150.0,-83.3,-83.3,0.0,0.0,0.0,0.083,0.5,0.222,0.0,0.5,0.5,0.182,0.182,103.94,103.94,86.62,21.0,0.128
0021500015,1610612740,New Orleans,Pelicans,NOP,pelicans,201569,Eric,Gordon,E. Gordon,eric-gordon,G,,,40:47,87.1,87.1,109.1,109.1,-22.0,-22.0,0.13,3.0,15.0,0.02,0.026,0.023,5.0,0.577,0.622,0.183,0.183,101.81,101.81,84.84,85.0,0.101
0021500015,1610612740,New Orleans,Pelicans,NOP,pelicans,201950,Jrue,Holiday,J. Holiday,jrue-holiday,G,,,21:07,102.3,102.3,128.9,128.9,-26.6,-26.6,0.25,1.5,15.8,0.0,0.059,0.028,10.5,0.393,0.416,0.34,0.34,101.15,101.15,84.29,44.0,0.031
0021500015,1610612740,New Orleans,Pelicans,NOP,pelicans,202087,Alonzo,Gee,A. Gee,alonzo-gee,,,,17:55,79.1,79.1,145.5,145.5,-66.4,-66.4,0.182,2.0,33.3,0.0,0.063,0.023,16.7,0.333,0.436,0.083,0.083,116.54,116.54,97.12,43.0,0.012
0021500015,1610612740,New Orleans,Pelicans,NOP,pelicans,201583,Ryan,Anderson,R. Anderson,ryan-anderson,,,,38:32,98.8,98.8,101.2,101.2,-2.5,-2.5,0.048,0.5,4.3,0.0,0.231,0.107,8.7,0.525,0.514,0.247,0.247,100.9,100.9,84.08,81.0,0.125
0021500015,1610612740,New Orleans,Pelicans,NOP,pelicans,202397,Ish,Smith,I. Smith,ish-smith,,,,28:35,93.4,93.4,91.8,91.8,1.6,1.6,0.421,2.67,30.8,0.0,0.133,0.059,11.5,0.25,0.235,0.269,0.269,102.44,102.44,85.36,61.0,0.0
0021500015,1610612740,New Orleans,Pelicans,NOP,pelicans,201582,Alexis,Ajinca,A. Ajinca,alexis-ajinca,,,,7:21,88.9,88.9,144.4,144.4,-55.6,-55.6,0.0,0.0,0.0,0.077,0.333,0.125,0.0,0.0,0.258,0.19,0.19,117.55,117.55,97.96,18.0,-0.041
0021500015,1610612740,New Orleans,Pelicans,NOP,pelicans,101126,Nate,Robinson,N. Robinson,nate-robinson,,,,4:15,100.0,100.0,112.5,112.5,-12.5,-12.5,0.333,0.0,100.0,0.0,0.0,0.0,0.0,0.0,0.0,0.0,0.0,101.65,101.65,84.71,10.0,0.077
0021500015,1610612740,New Orleans,Pelicans,NOP,pelicans,201600,Omer,Asik,O. Asik,omer-asik,,DND - Right calf strain,,,0.0,0.0,0.0,0.0,0.0,0.0,0.0,0.0,0.0,0.0,0.0,0.0,0.0,0.0,0.0,0.0,0.0,0.0,0.0,0.0,0.0,0.0
0021500015,1610612740,New Orleans,Pelicans,NOP,pelicans,202337,Luke,Babbitt,L. Babbitt,luke-babbitt,,DND - Left hamstring strain,,,0.0,0.0,0.0,0.0,0.0,0.0,0.0,0.0,0.0,0.0,0.0,0.0,0.0,0.0,0.0,0.0,0.0,0.0,0.0,0.0,0.0,0.0
0021500015,1610612757,Portland,Trail Blazers,POR,blazers,202329,Al-Farouq,Aminu,A. Aminu,al-farouq-aminu,F,,,31:08,116.4,116.4,78.5,78.5,38.0,38.0,0.0,0.0,0.0,0.0,0.211,0.119,27.3,0.5,0.571,0.151,0.151,101.76,101.76,84.8,67.0,0.108
0021500015,1610612757,Portland,Trail Blazers,POR,blazers,203086,Meyers,Leonard,M. Leonard,meyers-leonard,F,,,34:02,111.1,111.1,71.8,71.8,39.3,39.3,0.111,1.5,17.6,0.065,0.136,0.107,11.8,0.5,0.5,0.179,0.179,100.83,100.83,84.02,72.0,0.112
0021500015,1610612757,Portland,Trail Blazers,POR,blazers,203486,Mason,Plumlee,M. Plumlee,mason-plumlee,C,,,18:53,121.1,121.1,117.9,117.9,3.1,3.1,0.429,0.0,54.5,0.056,0.263,0.162,0.0,0.75,0.658,0.125,0.125,97.86,97.86,81.55,38.0,0.132
0021500015,1610612757,Portland,Trail Blazers,POR,blazers,203468,CJ,McCollum,C. McCollum,cj-mccollum,G,,,37:23,117.9,117.9,89.7,89.7,28.2,28.2,0.045,0.0,4.2,0.031,0.111,0.078,0.0,0.773,0.793,0.28,0.28,100.15,100.15,83.46,78.0,0.229
0021500015,1610612757,Portland,Trail Blazers,POR,blazers,203081,Damian,Lillard,D. Lillard,damian-lillard,G,,,35:54,107.7,107.7,88.2,88.2,19.5,19.5,0.44,2.75,28.9,0.0,0.119,0.065,10.5,0.405,0.461,0.321,0.321,102.95,102.95,85.79,78.0,0.148
0021500015,1610612757,Portland,Trail Blazers,POR,blazers,203459,Allen,Crabbe,A. Crabbe,allen-crabbe,,,,21:34,100.0,100.0,110.9,110.9,-10.9,-10.9,0.063,1.0,12.5,0.0,0.125,0.064,12.5,0.333,0.333,0.14,0.14,102.38,102.38,85.32,46.0,0.013
0021500015,1610612757,Portland,Trail Blazers,POR,blazers,202334,Ed,Davis,E. Davis,ed-davis,,,,29:07,104.8,104.8,75.0,75.0,29.8,29.8,0.0,0.0,0.0,0.074,0.237,0.169,0.0,0.833,0.872,0.103,0.103,104.68,104.68,87.24,63.0,0.184
0021500015,1610612757,Portland,Trail Blazers,POR,blazers,203943,Noah,Vonleh,N. Vonleh,noah-vonleh,,,,13:46,107.1,107.1,141.4,141.4,-34.2,-34.2,0.0,0.0,0.0,0.0,0.0,0.0,20.0,0.25,0.25,0.172,0.172,99.37,99.37,82.81,28.0,-0.062
0021500015,1610612757,Portland,Trail Blazers,POR,blazers,203090,Maurice,Harkless,M. Harkless,maurice-harkless,,,,18:13,100.0,100.0,115.4,115.4,-15.4,-15.4,0.0,0.0,0.0,0.0,0.182,0.105,14.3,0.667,0.667,0.179,0.179,101.47,101.47,84.56,38.0,0.121
0021500015,1610612757,Portland,Trail Blazers,POR,blazers,1626192,Pat,Connaughton,P. Connaughton,pat-connaughton,,DNP - Coach's Decision,,,0.0,0.0,0.0,0.0,0.0,0.0,0.0,0.0,0.0,0.0,0.0,0.0,0.0,0.0,0.0,0.0,0.0,0.0,0.0,0.0,0.0,0.0
0021500015,1610612757,Portland,Trail Blazers,POR,blazers,204025,Tim,Frazier,T. Frazier,tim-frazier,,DNP - Coach's Decision,,,0.0,0.0,0.0,0.0,0.0,0.0,0.0,0.0,0.0,0.0,0.0,0.0,0.0,0.0,0.0,0.0,0.0,0.0,0.0,0.0,0.0,0.0
0021500015,1610612757,Portland,Trail Blazers,POR,blazers,2549,Chris,Kaman,C. Kaman,chris-kaman,,DNP - Coach's Decision,,,0.0,0.0,0.0,0.0,0.0,0.0,0.0,0.0,0.0,0.0,0.0,0.0,0.0,0.0,0.0,0.0,0.0,0.0,0.0,0.0,0.0,0.0
0021500015,1610612757,Portland,Trail Blazers,POR,blazers,1626242,Luis,Montero,L. Montero,luis-montero,,DNP - Coach's Decision,,,0.0,0.0,0.0,0.0,0.0,0.0,0.0,0.0,0.0,0.0,0.0,0.0,0.0,0.0,0.0,0.0,0.0,0.0,0.0,0.0,0.0,0.0
0021500012,1610612752,New York,Knicks,NYK,knicks,2546,Carmelo,Anthony,C. Anthony,carmelo-anthony,F,,,29:16,104.8,104.8,98.4,98.4,6.5,6.5,0.294,2.5,21.7,0.0,0.162,0.079,8.7,0.281,0.326,0.237,0.237,101.69,101.69,84.74,62.0,0.064
0021500012,1610612752,New York,Knicks,NYK,knicks,204001,Kristaps,Porziņģis,K. Porziņģis,kristaps-porziņģis,F,,,24:15,101.9,101.9,101.9,101.9,0.0,0.0,0.077,0.5,5.0,0.065,0.097,0.081,10.0,0.318,0.491,0.297,0.297,103.92,103.92,86.6,53.0,0.094
0021500012,1610612752,New York,Knicks,NYK,knicks,201577,Robin,Lopez,R. Lopez,robin-lopez,C,,,19:52,107.1,107.1,107.1,107.1,0.0,0.0,0.0,0.0,0.0,0.095,0.0,0.043,25.0,0.6,0.68,0.167,0.167,101.48,101.48,84.56,42.0,0.047
0021500012,1610612752,New York,Knicks,NYK,knicks,2756,Sasha,Vujacic,S. Vujacic,sasha-vujacic,G,,,28:45,116.7,116.7,87.1,87.1,29.6,29.6,0.15,0.0,30.0,0.027,0.135,0.081,0.0,0.75,0.751,0.092,0.092,101.85,101.85,84.87,60.0,0.219
0021500012,1610612752,New York,Knicks,NYK,knicks,101181,Jose,Calderon,J. Calderon,jose-calderon,G,,,17:58,84.2,84.2,77.5,77.5,6.7,6.7,0.1,1.0,14.3,0.0,0.103,0.059,14.3,0.3,0.3,0.146,0.146,104.19,104.19,86.83,38.0,-0.053
0021500012,1610612752,New York,Knicks,NYK,knicks,202682,Derrick,Williams,D. Williams,derrick-williams,,,,21:19,143.9,143.9,92.9,92.9,51.0,51.0,0.071,0.5,4.2,0.167,0.136,0.152,8.3,0.5,0.573,0.434,0.434,93.45,93.45,77.87,41.0,0.196
0021500012,1610612752,New York,Knicks,NYK,knicks,203124,Kyle,O'Quinn,K. O'Quinn,kyle-oquinn,,,,23:29,136.7,136.7,89.8,89.8,46.9,46.9,0.158,3.0,21.4,0.259,0.154,0.208,7.1,0.4,0.4,0.177,0.177,100.16,100.16,83.46,49.0,0.109
0021500012,1610612752,New York,Knicks,NYK,knicks,204038,Langston,Galloway,L. Galloway,langston-galloway,,,,24:48,133.3,133.3,105.8,105.8,27.6,27.6,0.167,0.0,21.4,0.071,0.08,0.075,0.0,0.7,0.735,0.175,0.175,99.67,99.67,83.06,51.0,0.137
0021500012,1610612752,New York,Knicks,NYK,knicks,1626170,Jerian,Grant,J. Grant,jerian-grant,,,,24:11,157.4,157.4,110.2,110.2,47.2,47.2,0.227,0.0,38.5,0.0,0.048,0.024,0.0,0.571,0.635,0.138,0.138,95.25,95.25,79.37,47.0,0.139
0021500012,1610612752,New York,Knicks,NYK,knicks,202498,Lance,Thomas,L. Thomas,lance-thomas,,,,19:31,146.2,146.2,94.9,94.9,51.3,51.3,0.063,1.0,14.3,0.067,0.087,0.079,14.3,1.0,1.028,0.13,0.13,95.95,95.95,79.96,39.0,0.2
0021500012,1610612752,New York,Knicks,NYK,knicks,203921,Cleanthony,Early,C. Early,cleanthony-early,,,,6:36,135.7,135.7,80.0,80.0,55.7,55.7,0.167,0.0,50.0,0.0,0.125,0.077,0.0,1.0,1.0,0.071,0.071,105.45,105.45,87.88,14.0,0.205
0021500012,1610612752,New York,Knicks,NYK,knicks,201167,Arron,Afflalo,A. Afflalo,arron-afflalo,,DND - Strained left hamstring,,,0.0,0.0,0.0,0.0,0.0,0.0,0.0,0.0,0.0,0.0,0.0,0.0,0.0,0.0,0.0,0.0,0.0,0.0,0.0,0.0,0.0,0.0
0021500012,1610612752,New York,Knicks,NYK,knicks,202338,Kevin,Seraphin,K. Seraphin,kevin-seraphin,,DND - Sore right knee,,,0.0,0.0,0.0,0.0,0.0,0.0,0.0,0.0,0.0,0.0,0.0,0.0,0.0,0.0,0.0,0.0,0.0,0.0,0.0,0.0,0.0,0.0
0021500012,1610612749,Milwaukee,Bucks,MIL,bucks,203114,Khris,Middleton,K. Middleton,khris-middleton,F,,,35:19,97.3,97.3,116.7,116.7,-19.4,-19.4,0.0,0.0,0.0,0.024,0.024,0.024,11.8,0.367,0.367,0.191,0.191,99.22,99.22,82.68,74.0,-0.04
0021500012,1610612749,Milwaukee,Bucks,MIL,bucks,203142,Chris,Copeland,C. Copeland,chris-copeland,F,,,19:29,78.0,78.0,125.6,125.6,-47.6,-47.6,0.0,0.0,0.0,0.032,0.05,0.039,12.5,0.571,0.571,0.145,0.145,98.55,98.55,82.12,41.0,0.047
0021500012,1610612749,Milwaukee,Bucks,MIL,bucks,202328,Greg,Monroe,G. Monroe,greg-monroe,C,,,34:31,94.4,94.4,118.6,118.6,-24.1,-24.1,0.286,0.0,15.4,0.175,0.171,0.173,0.0,0.412,0.514,0.256,0.256,98.72,98.72,82.26,72.0,0.23
0021500012,1610612749,Milwaukee,Bucks,MIL,bucks,201573,Jerryd,Bayless,J. Bayless,jerryd-bayless,G,,,30:03,95.2,95.2,117.2,117.2,-21.9,-21.9,0.1,0.67,15.4,0.027,0.132,0.08,23.1,0.0,0.258,0.139,0.139,101.43,101.43,84.53,63.0,0.028
0021500012,1610612749,Milwaukee,Bucks,MIL,bucks,203487,Michael,Carter-Williams,M. Carter-Williams,michael-carter-williams,G,,,33:53,97.2,97.2,111.1,111.1,-13.9,-13.9,0.267,0.67,12.9,0.049,0.075,0.062,19.4,0.353,0.477,0.314,0.314,101.29,101.29,84.41,71.0,0.065
0021500012,1610612749,Milwaukee,Bucks,MIL,bucks,202349,Greivis,Vasquez,G. Vasquez,greivis-vasquez,,,,29:19,105.2,105.2,135.1,135.1,-29.9,-29.9,0.357,2.5,23.8,0.03,0.207,0.113,9.5,0.5,0.666,0.232,0.232,94.14,94.14,78.45,58.0,0.176
0021500012,1610612749,Milwaukee,Bucks,MIL,bucks,203948,Johnny,O'Bryant III,J. O'Bryant III,johnny-obryant-iii,,,,16:32,100.0,100.0,135.3,135.3,-35.3,-35.3,0.0,0.0,0.0,0.059,0.105,0.083,0.0,0.0,0.0,0.024,0.024,101.61,101.61,84.68,36.0,-0.023
0021500012,1610612749,Milwaukee,Bucks,MIL,bucks,203089,John,Henson,J. Henson,john-henson,,,,10:06,125.0,125.0,123.8,123.8,1.2,1.2,0.167,1.0,14.3,0.083,0.0,0.042,14.3,0.4,0.4,0.231,0.231,97.49,97.49,81.24,20.0,0.0
0021500012,1610612749,Milwaukee,Bucks,MIL,bucks,1626173,Rashad,Vaughn,R. Vaughn,rashad-vaughn,,,,12:41,92.6,92.6,146.2,146.2,-53.6,-53.6,0.0,0.0,0.0,0.067,0.077,0.071,16.7,0.7,0.7,0.176,0.176,100.29,100.29,83.57,27.0,0.122
0021500012,1610612749,Milwaukee,Bucks,MIL,bucks,203101,Miles,Plumlee,M. Plumlee,miles-plumlee,,,,3:23,44.4,44.4,185.7,185.7,-141.3,-141.3,0.0,0.0,0.0,0.2,0.0,0.167,50.0,0.0,0.0,0.182,0.182,113.5,113.5,94.58,9.0,-0.179
0021500012,1610612749,Milwaukee,Bucks,MIL,bucks,203996,Damien,Inglis,D. Inglis,damien-inglis,,,,14:44,103.1,103.1,125.8,125.8,-22.7,-22.7,0.111,1.0,25.0,0.083,0.188,0.143,25.0,0.75,0.75,0.083,0.083,102.62,102.62,85.52,32.0,0.063
0021500012,1610612749,Milwaukee,Bucks,MIL,bucks,203507,Giannis,Antetokounmpo,G. Antetokounmpo,giannis-antetokounmpo,,NWT - League suspension,,,0.0,0.0,0.0,0.0,0.0,0.0,0.0,0.0,0.0,0.0,0.0,0.0,0.0,0.0,0.0,0.0,0.0,0.0,0.0,0.0,0.0,0.0
0021500012,1610612749,Milwaukee,Bucks,MIL,bucks,201564,O.J.,Mayo,O. Mayo,oj-mayo,,DND - Right hamstring strain,,,0.0,0.0,0.0,0.0,0.0,0.0,0.0,0.0,0.0,0.0,0.0,0.0,0.0,0.0,0.0,0.0,0.0,0.0,0.0,0.0,0.0,0.0
0021500011,1610612739,Cleveland,Cavaliers,CLE,cavaliers,2544,LeBron,James,L. James,lebron-james,F,,,30:48,91.8,91.8,75.4,75.4,16.4,16.4,0.278,1.67,20.0,0.027,0.2,0.104,12.0,0.308,0.363,0.282,0.282,95.06,95.06,79.22,61.0,0.119
0021500011,1610612739,Cleveland,Cavaliers,CLE,cavaliers,201567,Kevin,Love,K. Love,kevin-love,F,,,28:51,114.8,114.8,81.5,81.5,33.3,33.3,0.176,1.0,15.0,0.08,0.306,0.213,15.0,0.571,0.589,0.279,0.279,89.84,89.84,74.87,54.0,0.212
0021500011,1610612739,Cleveland,Cavaliers,CLE,cavaliers,202389,Timofey,Mozgov,T. Mozgov,timofey-mozgov,C,,,25:04,97.8,97.8,93.3,93.3,4.5,4.5,0.0,0.0,0.0,0.04,0.13,0.083,20.0,0.5,0.533,0.192,0.192,87.13,87.13,72.61,46.0,0.056
0021500011,1610612739,Cleveland,Cavaliers,CLE,cavaliers,2747,JR,Smith,J. Smith,jr-smith,G,,,33:51,109.1,109.1,83.6,83.6,25.5,25.5,0.292,7.0,38.9,0.071,0.143,0.111,5.6,0.45,0.45,0.151,0.151,94.3,94.3,78.58,66.0,0.13
0021500011,1610612739,Cleveland,Cavaliers,CLE,cavaliers,2590,Mo,Williams,M. Williams,mo-williams,G,,,22:38,97.6,97.6,95.2,95.2,2.4,2.4,0.357,2.5,33.3,0.0,0.095,0.045,13.3,0.563,0.563,0.213,0.213,89.07,89.07,74.23,42.0,0.097
0021500011,1610612739,Cleveland,Cavaliers,CLE,cavaliers,2210,Richard,Jefferson,R. Jefferson,richard-jefferson,,,,18:20,117.9,117.9,64.3,64.3,53.7,53.7,0.0,0.0,0.0,0.0,0.103,0.067,25.0,1.083,1.087,0.178,0.178,106.04,106.04,88.36,39.0,0.242
0021500011,1610612739,Cleveland,Cavaliers,CLE,cavaliers,202684,Tristan,Thompson,T. Thompson,tristan-thompson,,,,19:59,97.7,97.7,52.3,52.3,45.4,45.4,0.077,0.5,16.7,0.136,0.172,0.157,33.3,1.0,0.868,0.1,0.1,104.49,104.49,87.07,43.0,0.282
0021500011,1610612739,Cleveland,Cavaliers,CLE,cavaliers,203521,Matthew,Dellavedova,M. Dellavedova,matthew-dellavedova,,,,17:59,123.1,123.1,48.7,48.7,74.4,74.4,0.231,0.0,25.0,0.0,0.037,0.022,0.0,0.667,0.667,0.196,0.196,104.1,104.1,86.75,39.0,0.407
0021500011,1610612739,Cleveland,Cavaliers,CLE,cavaliers,2760,Anderson,Varejao,A. Varejao,anderson-varejao,,,,10:52,119.2,119.2,53.8,53.8,65.4,65.4,0.182,2.0,22.2,0.167,0.231,0.2,11.1,0.333,0.333,0.233,0.233,114.85,114.85,95.71,26.0,0.091
0021500011,1610612739,Cleveland,Cavaliers,CLE,cavaliers,203099,Jared,Cunningham,J. Cunningham,jared-cunningham,,,,15:09,108.3,108.3,78.8,78.8,29.5,29.5,0.091,1.0,11.1,0.0,0.048,0.029,11.1,0.9,0.888,0.205,0.205,109.31,109.31,91.09,36.0,0.198
0021500011,1610612739,Cleveland,Cavaliers,CLE,cavaliers,201619,Sasha,Kaun,S. Kaun,sasha-kaun,,,,5:59,100.0,100.0,100.0,100.0,0.0,0.0,0.167,1.0,50.0,0.2,0.0,0.091,50.0,0.0,0.0,0.059,0.059,124.35,124.35,103.62,16.0,-0.038
0021500011,1610612739,Cleveland,Cavaliers,CLE,cavaliers,2592,James,Jones,J. Jones,james-jones,,,,5:15,114.3,114.3,107.7,107.7,6.6,6.6,0.0,0.0,0.0,0.0,0.0,0.0,33.3,0.75,0.75,0.2,0.2,123.43,123.43,102.86,14.0,0.0
0021500011,1610612739,Cleveland,Cavaliers,CLE,cavaliers,203925,Joe,Harris,J. Harris,joe-harris,,,,5:15,114.3,114.3,107.7,107.7,6.6,6.6,0.167,0.0,50.0,0.0,0.4,0.2,0.0,0.0,0.0,0.067,0.067,123.43,123.43,102.86,14.0,0.074
0021500011,1610612763,Memphis,Grizzlies,MEM,grizzlies,201145,Jeff,Green,J. Green,jeff-green,F,,,20:04,64.3,64.3,117.1,117.1,-52.8,-52.8,0.286,0.0,16.7,0.0,0.05,0.022,0.0,0.389,0.405,0.227,0.227,99.27,99.27,82.72,42.0,-0.017
0021500011,1610612763,Memphis,Grizzlies,MEM,grizzlies,2216,Zach,Randolph,Z. Randolph,zach-randolph,F,,,30:54,93.0,93.0,101.7,101.7,-8.7,-8.7,0.0,0.0,0.0,0.091,0.179,0.131,13.3,0.455,0.47,0.234,0.234,90.1,90.1,75.08,57.0,0.086
0021500011,1610612763,Memphis,Grizzlies,MEM,grizzlies,201188,Marc,Gasol,M. Gasol,marc-gasol,C,,,29:43,83.9,83.9,93.0,93.0,-9.1,-9.1,0.0,0.0,0.0,0.0,0.167,0.085,7.7,0.5,0.5,0.213,0.213,91.26,91.26,76.05,56.0,0.081
0021500011,1610612763,Memphis,Grizzlies,MEM,grizzlies,201584,Courtney,Lee,C. Lee,courtney-lee,G,,,31:16,79.7,79.7,100.0,100.0,-20.3,-20.3,0.118,0.0,16.7,0.0,0.057,0.029,0.0,0.278,0.354,0.152,0.152,90.58,90.58,75.48,59.0,0.08
0021500011,1610612763,Memphis,Grizzlies,MEM,grizzlies,201144,Mike,Conley,M. Conley,mike-conley,G,,,29:26,84.2,84.2,115.8,115.8,-31.6,-31.6,0.375,6.0,35.3,0.0,0.133,0.062,5.9,0.25,0.41,0.164,0.164,92.96,92.96,77.46,57.0,0.102
0021500011,1610612763,Memphis,Grizzlies,MEM,grizzlies,2754,Tony,Allen,T. Allen,tony-allen,,,,22:39,86.0,86.0,95.6,95.6,-9.5,-9.5,0.154,1.0,20.0,0.143,0.182,0.163,20.0,0.5,0.5,0.163,0.163,93.25,93.25,77.7,43.0,0.152
0021500011,1610612763,Memphis,Grizzlies,MEM,grizzlies,201148,Brandan,Wright,B. Wright,brandan-wright,,,,16:41,69.2,69.2,122.5,122.5,-53.3,-53.3,0.0,0.0,0.0,0.048,0.063,0.054,22.2,0.4,0.592,0.205,0.205,113.65,113.65,94.71,39.0,0.07
0021500011,1610612763,Memphis,Grizzlies,MEM,grizzlies,2440,Matt,Barnes,M. Barnes,matt-barnes,,,,17:30,52.6,52.6,126.3,126.3,-73.7,-73.7,0.167,0.5,14.3,0.0,0.111,0.044,28.6,0.0,0.0,0.13,0.13,104.23,104.23,86.86,38.0,-0.161
0021500011,1610612763,Memphis,Grizzlies,MEM,grizzlies,2757,Beno,Udrih,B. Udrih,beno-udrih,,,,14:44,61.8,61.8,89.2,89.2,-27.4,-27.4,0.333,0.5,18.2,0.0,0.0,0.0,36.4,0.4,0.46,0.257,0.257,115.66,115.66,96.38,34.0,-0.028
0021500011,1610612763,Memphis,Grizzlies,MEM,grizzlies,203210,JaMychal,Green,J. Green,jamychal-green,,,,14:00,65.6,65.6,111.8,111.8,-46.1,-46.1,0.0,0.0,0.0,0.182,0.25,0.206,0.0,0.4,0.34,0.154,0.154,113.14,113.14,94.29,32.0,0.058
0021500011,1610612763,Memphis,Grizzlies,MEM,grizzlies,203919,Jordan,Adams,J. Adams,jordan-adams,,,,7:04,94.4,94.4,94.4,94.4,0.0,0.0,0.0,0.0,0.0,0.0,0.0,0.0,16.7,0.25,0.307,0.316,0.316,122.26,122.26,101.89,18.0,0.0
0021500011,1610612763,Memphis,Grizzlies,MEM,grizzlies,203893,Russ,Smith,R. Smith,russ-smith,,,,5:59,100.0,100.0,100.0,100.0,0.0,0.0,0.0,0.0,0.0,0.0,0.4,0.182,20.0,0.25,0.338,0.313,0.313,124.35,124.35,103.62,15.0,0.038
0021500011,1610612763,Memphis,Grizzlies,MEM,grizzlies,1713,Vince,Carter,V. Carter,vince-carter,,DNP - Coach's Decision,,,0.0,0.0,0.0,0.0,0.0,0.0,0.0,0.0,0.0,0.0,0.0,0.0,0.0,0.0,0.0,0.0,0.0,0.0,0.0,0.0,0.0,0.0
0021500006,1610612741,Chicago,Bulls,CHI,bulls,203503,Tony,Snell,T. Snell,tony-snell,F,,,21:45,137.0,137.0,84.4,84.4,52.5,52.5,0.0,0.0,0.0,0.0,0.172,0.122,0.0,0.571,0.635,0.174,0.174,100.41,100.41,83.68,46.0,0.092
0021500006,1610612741,Chicago,Bulls,CHI,bulls,202703,Nikola,Mirotic,N. Mirotic,nikola-mirotic,F,,,29:37,129.5,129.5,79.0,79.0,50.5,50.5,0.045,0.5,6.7,0.0,0.209,0.141,13.3,0.7,0.765,0.222,0.222,99.7,99.7,83.08,61.0,0.191
0021500006,1610612741,Chicago,Bulls,CHI,bulls,2200,Pau,Gasol,P. Gasol,pau-gasol,C,,,30:14,131.7,131.7,98.4,98.4,33.4,33.4,0.13,1.0,16.7,0.053,0.205,0.155,16.7,0.636,0.673,0.231,0.231,98.43,98.43,82.03,63.0,0.154
0021500006,1610612741,Chicago,Bulls,CHI,bulls,202710,Jimmy,Butler III,J. Butler III,jimmy-butler-iii,G,,,34:19,120.5,120.5,90.3,90.3,30.3,30.3,0.273,6.0,31.6,0.037,0.07,0.057,5.3,0.955,0.974,0.167,0.167,101.41,101.41,84.51,73.0,0.248
0021500006,1610612741,Chicago,Bulls,CHI,bulls,201565,Derrick,Rose,D. Rose,derrick-rose,G,,,29:26,127.9,127.9,101.7,101.7,26.2,26.2,0.125,1.5,16.7,0.0,0.057,0.036,11.1,0.455,0.568,0.234,0.234,97.85,97.85,81.54,61.0,0.092
0021500006,1610612741,Chicago,Bulls,CHI,bulls,201166,Aaron,Brooks,A. Brooks,aaron-brooks,,,,16:24,89.2,89.2,86.5,86.5,2.7,2.7,0.429,3.0,23.1,0.0,0.05,0.029,7.7,0.667,0.667,0.244,0.244,108.29,108.29,90.24,37.0,0.163
0021500006,1610612741,Chicago,Bulls,CHI,bulls,201149,Joakim,Noah,J. Noah,joakim-noah,,,,17:46,80.0,80.0,102.6,102.6,-22.6,-22.6,0.167,1.0,25.0,0.053,0.278,0.162,25.0,0.0,0.0,0.133,0.133,106.72,106.72,88.93,40.0,-0.037
0021500006,1610612741,Chicago,Bulls,CHI,bulls,203926,Doug,McDermott,D. McDermott,doug-mcdermott,,,,20:12,83.7,83.7,116.3,116.3,-32.6,-32.6,0.091,0.33,9.1,0.056,0.05,0.053,27.3,0.571,0.571,0.213,0.213,102.18,102.18,85.15,43.0,0.021
0021500006,1610612741,Chicago,Bulls,CHI,bulls,201959,Taj,Gibson,T. Gibson,taj-gibson,,,,18:23,90.0,90.0,130.8,130.8,-40.8,-40.8,0.0,0.0,0.0,0.059,0.0,0.032,37.5,0.25,0.307,0.178,0.178,103.1,103.1,85.92,40.0,-0.093
0021500006,1610612741,Chicago,Bulls,CHI,bulls,202734,E'Twaun,Moore,E. Moore,etwaun-moore,,,,16:57,102.7,102.7,108.3,108.3,-5.6,-5.6,0.0,0.0,0.0,0.0,0.0,0.0,28.6,0.9,0.9,0.175,0.175,103.36,103.36,86.14,37.0,0.123
0021500006,1610612741,Chicago,Bulls,CHI,bulls,2550,Kirk,Hinrich,K. Hinrich,kirk-hinrich,,,,4:57,100.0,100.0,160.0,160.0,-60.0,-60.0,0.333,0.0,100.0,0.0,0.0,0.0,0.0,0.0,0.0,0.0,0.0,92.12,92.12,76.77,9.0,0.053
0021500006,1610612741,Chicago,Bulls,CHI,bulls,203946,Cameron,Bairstow,C. Bairstow,cameron-bairstow,,DNP - Coach's Decision,,,0.0,0.0,0.0,0.0,0.0,0.0,0.0,0.0,0.0,0.0,0.0,0.0,0.0,0.0,0.0,0.0,0.0,0.0,0.0,0.0,0.0,0.0
0021500006,1610612741,Chicago,Bulls,CHI,bulls,1626171,Bobby,Portis,B. Portis,bobby-portis,,DNP - Coach's Decision,,,0.0,0.0,0.0,0.0,0.0,0.0,0.0,0.0,0.0,0.0,0.0,0.0,0.0,0.0,0.0,0.0,0.0,0.0,0.0,0.0,0.0,0.0
0021500006,1610612751,Brooklyn,Nets,BKN,nets,2207,Joe,Johnson,J. Johnson,joe-johnson,F,,,32:21,85.3,85.3,127.9,127.9,-42.6,-42.6,0.167,0.0,15.8,0.093,0.25,0.149,0.0,0.267,0.306,0.198,0.198,100.9,100.9,84.08,68.0,0.057
0021500006,1610612751,Brooklyn,Nets,BKN,nets,201152,Thaddeus,Young,T. Young,thaddeus-young,F,,,24:28,98.0,98.0,127.5,127.5,-29.4,-29.4,0.0,0.0,0.0,0.091,0.133,0.104,20.0,0.5,0.5,0.242,0.242,100.05,100.05,83.38,51.0,0.034
0021500006,1610612751,Brooklyn,Nets,BKN,nets,201572,Brook,Lopez,B. Lopez,brook-lopez,C,,,33:20,91.5,91.5,121.4,121.4,-29.9,-29.9,0.143,0.67,8.3,0.091,0.107,0.097,12.5,0.588,0.647,0.262,0.262,101.52,101.52,84.6,71.0,0.161
0021500006,1610612751,Brooklyn,Nets,BKN,nets,201961,Wayne,Ellington,W. Ellington,wayne-ellington,G,,,12:03,53.8,53.8,119.2,119.2,-65.4,-65.4,0.167,0.0,25.0,0.0,0.167,0.071,0.0,0.0,0.0,0.107,0.107,103.54,103.54,86.28,26.0,0.012
0021500006,1610612751,Brooklyn,Nets,BKN,nets,203499,Shane,Larkin,S. Larkin,shane-larkin,G,,,23:13,110.0,110.0,118.4,118.4,-8.4,-8.4,0.4,4.0,44.4,0.0,0.0,0.0,11.1,0.375,0.375,0.179,0.179,102.34,102.34,85.28,50.0,0.071
0021500006,1610612751,Brooklyn,Nets,BKN,nets,202388,Donald,Sloan,D. Sloan,donald-sloan,,,,15:28,73.5,73.5,100.0,100.0,-26.5,-26.5,0.0,0.0,0.0,0.038,0.063,0.048,0.0,0.0,0.205,0.119,0.119,105.52,105.52,87.93,34.0,-0.013
0021500006,1610612751,Brooklyn,Nets,BKN,nets,202711,Bojan,Bogdanovic,B. Bogdanovic,bojan-bogdanovic,,,,28:44,103.2,103.2,104.8,104.8,-1.5,-1.5,0.05,0.5,8.3,0.0,0.04,0.016,16.7,0.375,0.483,0.147,0.147,104.41,104.41,87.01,62.0,0.031
0021500006,1610612751,Brooklyn,Nets,BKN,nets,200745,Andrea,Bargnani,A. Bargnani,andrea-bargnani,,,,22:09,102.1,102.1,97.9,97.9,4.3,4.3,0.0,0.0,0.0,0.087,0.25,0.163,6.3,0.462,0.559,0.302,0.302,101.85,101.85,84.88,47.0,0.175
0021500006,1610612751,Brooklyn,Nets,BKN,nets,1626178,Rondae,Hollis-Jefferson,R. Hollis-Jefferson,rondae-hollis-jefferson,,,,24:15,132.0,132.0,98.0,98.0,34.0,34.0,0.0,0.0,0.0,0.0,0.278,0.132,14.3,0.667,0.667,0.125,0.125,99.97,99.97,83.31,50.0,0.128
0021500006,1610612751,Brooklyn,Nets,BKN,nets,203080,Thomas,Robinson,T. Robinson,thomas-robinson,,,,14:40,112.9,112.9,93.8,93.8,19.2,19.2,0.143,2.0,25.0,0.154,0.3,0.217,12.5,0.333,0.42,0.171,0.171,103.09,103.09,85.91,31.0,0.14
0021500006,1610612751,Brooklyn,Nets,BKN,nets,203900,Markel,Brown,M. Brown,markel-brown,,,,9:19,111.1,111.1,127.8,127.8,-16.7,-16.7,0.4,0.0,25.0,0.0,0.143,0.063,0.0,0.5,0.521,0.286,0.286,92.74,92.74,77.28,18.0,0.156
0021500006,1610612751,Brooklyn,Nets,BKN,nets,101127,Jarrett,Jack,J. Jack,jarrett-jack,,DND - Sore Left Hamstring,,,0.0,0.0,0.0,0.0,0.0,0.0,0.0,0.0,0.0,0.0,0.0,0.0,0.0,0.0,0.0,0.0,0.0,0.0,0.0,0.0,0.0,0.0
0021500006,1610612751,Brooklyn,Nets,BKN,nets,203508,Sergey,Karasev,S. Karasev,sergey-karasev,,DNP - Coach's Decision,,,0.0,0.0,0.0,0.0,0.0,0.0,0.0,0.0,0.0,0.0,0.0,0.0,0.0,0.0,0.0,0.0,0.0,0.0,0.0,0.0,0.0,0.0
0021500005,1610612755,Philadelphia,76ers,PHI,sixers,203138,Hollis,Thompson,H. Thompson,hollis-thompson,F,,,36:04,86.1,86.1,107.8,107.8,-21.7,-21.7,0.13,1.5,15.8,0.026,0.053,0.039,10.5,0.321,0.321,0.172,0.172,103.83,103.83,86.52,79.0,-0.038
0021500005,1610612755,Philadelphia,76ers,PHI,sixers,203457,Nerlens,Noel,N. Noel,nerlens-noel,F,,,35:02,94.7,94.7,98.6,98.6,-4.0,-4.0,0.1,0.67,9.5,0.067,0.323,0.171,14.3,0.385,0.435,0.211,0.211,102.07,102.07,85.06,75.0,0.112
0021500005,1610612755,Philadelphia,76ers,PHI,sixers,1626143,Jahlil,Okafor,J. Okafor,jahlil-okafor,C,,,38:05,92.9,92.9,106.1,106.1,-13.2,-13.2,0.053,0.13,3.6,0.108,0.079,0.093,28.6,0.625,0.697,0.284,0.284,104.61,104.61,87.17,84.0,0.121
0021500005,1610612755,Philadelphia,76ers,PHI,sixers,203960,JaKarr,Sampson,J. Sampson,jakarr-sampson,G,,,26:57,116.1,116.1,112.3,112.3,3.8,3.8,0.0,0.0,0.0,0.0,0.148,0.082,23.1,0.556,0.63,0.203,0.203,100.63,100.63,83.86,56.0,0.093
0021500005,1610612755,Philadelphia,76ers,PHI,sixers,203477,Isaiah,Canaan,I. Canaan,isaiah-canaan,G,,,37:59,92.7,92.7,98.8,98.8,-6.1,-6.1,0.095,0.67,10.0,0.023,0.171,0.089,15.0,0.571,0.605,0.188,0.188,102.36,102.36,85.3,82.0,0.129
0021500005,1610612755,Philadelphia,76ers,PHI,sixers,204456,T.J.,McConnell,T. McConnell,tj-mcconnell,,,,27:35,84.1,84.1,120.0,120.0,-35.9,-35.9,0.25,1.33,33.3,0.037,0.0,0.019,25.0,0.4,0.4,0.118,0.118,107.01,107.01,89.18,63.0,0.021
0021500005,1610612755,Philadelphia,76ers,PHI,sixers,203924,Jerami,Grant,J. Grant,jerami-grant,,,,26:37,78.9,78.9,119.6,119.6,-40.7,-40.7,0.0,0.0,0.0,0.032,0.2,0.107,0.0,0.286,0.489,0.134,0.134,101.88,101.88,84.9,57.0,0.104
0021500005,1610612755,Philadelphia,76ers,PHI,sixers,1626174,Christian,Wood,C. Wood,christian-wood,,,,5:36,58.3,58.3,146.2,146.2,-87.8,-87.8,0.0,0.0,0.0,0.286,0.0,0.133,0.0,0.0,0.0,0.143,0.143,107.17,107.17,89.31,12.0,-0.049
0021500005,1610612755,Philadelphia,76ers,PHI,sixers,1626158,Richaun,Holmes,R. Holmes,richaun-holmes,,,,6:05,100.0,100.0,133.3,133.3,-33.3,-33.3,0.0,0.0,0.0,0.111,0.333,0.2,0.0,0.333,0.333,0.176,0.176,94.71,94.71,78.93,12.0,0.091
0021500005,1610612755,Philadelphia,76ers,PHI,sixers,203496,Robert,Covington,R. Covington,robert-covington,,DND - RT Knee Sprain,,,0.0,0.0,0.0,0.0,0.0,0.0,0.0,0.0,0.0,0.0,0.0,0.0,0.0,0.0,0.0,0.0,0.0,0.0,0.0,0.0,0.0,0.0
0021500005,1610612755,Philadelphia,76ers,PHI,sixers,203088,Kendall,Marshall,K. Marshall,kendall-marshall,,DND - Coach's Decision,,,0.0,0.0,0.0,0.0,0.0,0.0,0.0,0.0,0.0,0.0,0.0,0.0,0.0,0.0,0.0,0.0,0.0,0.0,0.0,0.0,0.0,0.0
0021500005,1610612755,Philadelphia,76ers,PHI,sixers,203917,Nik,Stauskas,N. Stauskas,nik-stauskas,,DNP - Coach's Decision,,,0.0,0.0,0.0,0.0,0.0,0.0,0.0,0.0,0.0,0.0,0.0,0.0,0.0,0.0,0.0,0.0,0.0,0.0,0.0,0.0,0.0,0.0
0021500005,1610612738,Boston,Celtics,BOS,celtics,203109,Jae,Crowder,J. Crowder,jae-crowder,F,,,31:12,103.0,103.0,105.9,105.9,-2.9,-2.9,0.15,1.0,20.0,0.067,0.118,0.094,20.0,0.714,0.799,0.164,0.164,103.08,103.08,85.9,66.0,0.129
0021500005,1610612738,Boston,Celtics,BOS,celtics,101135,David,Lee,D. Lee,david-lee,F,,,21:57,95.7,95.7,104.3,104.3,-8.5,-8.5,0.357,2.5,29.4,0.045,0.148,0.102,11.8,0.25,0.41,0.235,0.235,102.78,102.78,85.65,47.0,0.089
0021500005,1610612738,Boston,Celtics,BOS,celtics,203092,Tyler,Zeller,T. Zeller,tyler-zeller,C,,,10:39,104.3,104.3,130.4,130.4,-26.1,-26.1,0.0,0.0,0.0,0.0,0.091,0.05,16.7,0.5,0.615,0.231,0.231,103.66,103.66,86.38,23.0,0.034
0021500005,1610612738,Boston,Celtics,BOS,celtics,202340,Avery,Bradley,A. Bradley,avery-bradley,G,,,32:36,108.5,108.5,108.5,108.5,0.0,0.0,0.083,1.0,20.0,0.0,0.033,0.016,20.0,0.333,0.333,0.1,0.1,104.53,104.53,87.11,71.0,0.008
0021500005,1610612738,Boston,Celtics,BOS,celtics,203935,Marcus,Smart,M. Smart,marcus-smart,G,,,32:23,113.0,113.0,78.9,78.9,34.2,34.2,0.208,5.0,31.3,0.0,0.056,0.029,6.3,0.563,0.666,0.141,0.141,103.77,103.77,86.47,69.0,0.134
0021500005,1610612738,Boston,Celtics,BOS,celtics,203096,Jared,Sullinger,J. Sullinger,jared-sullinger,,,,21:03,95.6,95.6,77.6,77.6,18.0,18.0,0.182,2.0,18.2,0.0,0.304,0.159,9.1,0.75,0.75,0.184,0.184,107.16,107.16,89.3,45.0,0.241
0021500005,1610612738,Boston,Celtics,BOS,celtics,202738,Isaiah,Thomas,I. Thomas,isaiah-thomas,,,,29:09,112.7,112.7,78.8,78.8,33.9,33.9,0.467,2.33,21.9,0.034,0.034,0.034,9.4,0.553,0.611,0.347,0.347,106.21,106.21,88.51,63.0,0.241
0021500005,1610612738,Boston,Celtics,BOS,celtics,202323,Evan,Turner,E. Turner,evan-turner,,,,22:01,115.2,115.2,65.2,65.2,50.0,50.0,0.118,0.67,18.2,0.048,0.103,0.08,27.3,0.4,0.51,0.17,0.17,100.29,100.29,83.57,46.0,0.085
0021500005,1610612738,Boston,Celtics,BOS,celtics,101161,Amir,Johnson,A. Johnson,amir-johnson,,,,20:02,119.5,119.5,76.7,76.7,42.8,42.8,0.1,1.0,7.1,0.15,0.222,0.184,7.1,0.591,0.631,0.26,0.26,100.62,100.62,83.85,41.0,0.216
0021500005,1610612738,Boston,Celtics,BOS,celtics,201973,Jonas,Jerebko,J. Jerebko,jonas-jerebko,,,,15:02,122.6,122.6,72.7,72.7,49.9,49.9,0.25,0.0,30.0,0.0,0.158,0.088,0.0,0.357,0.357,0.194,0.194,102.2,102.2,85.16,31.0,0.113
0021500005,1610612738,Boston,Celtics,BOS,celtics,1626179,Terry,Rozier,T. Rozier,terry-rozier,,,,1:58,175.0,175.0,175.0,175.0,0.0,0.0,0.0,0.0,0.0,0.5,0.0,0.25,0.0,0.0,0.0,0.333,0.333,97.63,97.63,81.36,4.0,-0.13
0021500005,1610612738,Boston,Celtics,BOS,celtics,1626175,Jordan,Mickey,J. Mickey,jordan-mickey,,,,1:58,175.0,175.0,175.0,175.0,0.0,0.0,0.5,0.0,50.0,0.5,0.5,0.5,0.0,0.0,1.136,0.167,0.167,97.63,97.63,81.36,4.0,0.304
0021500005,1610612738,Boston,Celtics,BOS,celtics,203482,Kelly,Olynyk,K. Olynyk,kelly-olynyk,,DND - Suspended,,,0.0,0.0,0.0,0.0,0.0,0.0,0.0,0.0,0.0,0.0,0.0,0.0,0.0,0.0,0.0,0.0,0.0,0.0,0.0,0.0,0.0,0.0
0021500013,1610612759,San Antonio,Spurs,SAS,spurs,200746,LaMarcus,Aldridge,L. Aldridge,lamarcus-aldridge,F,,,31:54,103.0,103.0,113.4,113.4,-10.4,-10.4,0.042,0.0,6.7,0.061,0.103,0.081,0.0,0.333,0.4,0.187,0.187,100.84,100.84,84.03,67.0,0.046
0021500013,1610612759,San Antonio,Spurs,SAS,spurs,202695,Kawhi,Leonard,K. Leonard,kawhi-leonard,F,,,35:19,104.1,104.1,96.1,96.1,8.0,8.0,0.0,0.0,0.0,0.026,0.206,0.111,11.5,0.614,0.661,0.313,0.313,101.93,101.93,84.95,74.0,0.23
0021500013,1610612759,San Antonio,Spurs,SAS,spurs,1495,Tim,Duncan,T. Duncan,tim-duncan,C,,,25:57,96.4,96.4,105.4,105.4,-9.0,-9.0,0.0,0.0,0.0,0.097,0.12,0.107,10.0,0.375,0.45,0.156,0.156,102.67,102.67,85.55,55.0,0.094
0021500013,1610612759,San Antonio,Spurs,SAS,spurs,201980,Danny,Green,D. Green,danny-green,G,,,29:11,90.3,90.3,96.8,96.8,-6.5,-6.5,0.095,1.0,15.4,0.0,0.267,0.123,15.4,0.222,0.222,0.157,0.157,101.98,101.98,84.98,62.0,0.056
0021500013,1610612759,San Antonio,Spurs,SAS,spurs,2225,Tony,Parker,T. Parker,tony-parker,G,,,25:49,100.0,100.0,101.8,101.8,-1.8,-1.8,0.167,1.5,18.8,0.0,0.13,0.057,12.5,0.455,0.455,0.206,0.206,103.19,103.19,85.99,55.0,0.031
0021500013,1610612759,San Antonio,Spurs,SAS,spurs,201988,Patty,Mills,P. Mills,patty-mills,,,,22:11,108.5,108.5,110.0,110.0,-1.5,-1.5,0.105,0.0,20.0,0.0,0.136,0.075,0.0,0.571,0.571,0.163,0.163,104.94,104.94,87.45,47.0,0.062
0021500013,1610612759,San Antonio,Spurs,SAS,spurs,2564,Boris,Diaw,B. Diaw,boris-diaw,,,,20:08,111.4,111.4,111.4,111.4,0.0,0.0,0.333,6.0,50.0,0.0,0.0,0.0,8.3,0.9,0.9,0.133,0.133,104.9,104.9,87.42,44.0,0.152
0021500013,1610612759,San Antonio,Spurs,SAS,spurs,1938,Manu,Ginobili,M. Ginobili,manu-ginobili,,,,18:50,122.0,122.0,125.6,125.6,-3.6,-3.6,0.412,2.33,38.9,0.0,0.0,0.0,16.7,0.688,0.688,0.256,0.256,107.03,107.03,89.2,41.0,0.134
0021500013,1610612759,San Antonio,Spurs,SAS,spurs,203937,Kyle,Anderson,K. Anderson,kyle-anderson,,,,12:41,103.6,103.6,134.5,134.5,-30.9,-30.9,0.0,0.0,0.0,0.0,0.091,0.048,0.0,0.5,0.5,0.138,0.138,107.86,107.86,89.88,28.0,0.058
0021500013,1610612759,San Antonio,Spurs,SAS,spurs,2561,David,West,D. West,david-west,,,,18:00,102.5,102.5,95.0,95.0,7.5,7.5,0.067,1.0,11.1,0.059,0.059,0.059,11.1,0.571,0.571,0.19,0.19,106.63,106.63,88.86,40.0,0.069
0021500013,1610612759,San Antonio,Spurs,SAS,spurs,2588,Matt,Bonner,M. Bonner,matt-bonner,,DNP - Coach's Decision,,,0.0,0.0,0.0,0.0,0.0,0.0,0.0,0.0,0.0,0.0,0.0,0.0,0.0,0.0,0.0,0.0,0.0,0.0,0.0,0.0,0.0,0.0
0021500013,1610612759,San Antonio,Spurs,SAS,spurs,2446,Rasual,Butler,R. Butler,rasual-butler,,DNP - Coach's Decision,,,0.0,0.0,0.0,0.0,0.0,0.0,0.0,0.0,0.0,0.0,0.0,0.0,0.0,0.0,0.0,0.0,0.0,0.0,0.0,0.0,0.0,0.0
0021500013,1610612759,San Antonio,Spurs,SAS,spurs,203492,Ray,McCallum,R. McCallum,ray-mccallum,,DNP - Coach's Decision,,,0.0,0.0,0.0,0.0,0.0,0.0,0.0,0.0,0.0,0.0,0.0,0.0,0.0,0.0,0.0,0.0,0.0,0.0,0.0,0.0,0.0,0.0
0021500013,1610612760,Oklahoma City,Thunder,OKC,thunder,201142,Kevin,Durant,K. Durant,kevin-durant,F,,,34:30,100.0,100.0,101.4,101.4,-1.4,-1.4,0.0,0.0,0.0,0.0,0.158,0.085,4.2,0.368,0.488,0.3,0.3,100.87,100.87,84.06,73.0,0.101
0021500013,1610612760,Oklahoma City,Thunder,OKC,thunder,201586,Serge,Ibaka,S. Ibaka,serge-ibaka,F,,,33:58,116.7,116.7,102.8,102.8,13.9,13.9,0.038,0.25,6.7,0.071,0.086,0.079,26.7,0.444,0.506,0.177,0.177,101.75,101.75,84.79,72.0,0.043
0021500013,1610612760,Oklahoma City,Thunder,OKC,thunder,203500,Steven,Adams,S. Adams,steven-adams,C,,,29:34,111.1,111.1,103.1,103.1,8.0,8.0,0.042,0.5,14.3,0.032,0.182,0.109,28.6,0.75,0.75,0.081,0.081,103.09,103.09,85.91,63.0,0.06
0021500013,1610612760,Oklahoma City,Thunder,OKC,thunder,203460,Andre,Roberson,A. Roberson,andre-roberson,G,,,16:35,105.9,105.9,111.1,111.1,-5.2,-5.2,0.167,0.0,66.7,0.0,0.053,0.029,0.0,1.0,1.0,0.027,0.027,101.28,101.28,84.4,34.0,0.089
0021500013,1610612760,Oklahoma City,Thunder,OKC,thunder,201566,Russell,Westbrook,R. Westbrook,russell-westbrook,G,,,36:59,114.1,114.1,103.8,103.8,10.3,10.3,0.476,2.0,24.4,0.029,0.026,0.028,12.2,0.587,0.633,0.352,0.352,101.9,101.9,84.92,78.0,0.179
0021500013,1610612760,Oklahoma City,Thunder,OKC,thunder,201627,Anthony,Morrow,A. Morrow,anthony-morrow,,,,21:38,116.0,116.0,110.4,110.4,5.6,5.6,0.0,0.0,0.0,0.0,0.0,0.0,0.0,0.667,0.667,0.102,0.102,108.71,108.71,90.59,50.0,0.045
0021500013,1610612760,Oklahoma City,Thunder,OKC,thunder,202683,Enes,Freedom,E. Freedom,enes-freedom,,,,24:05,113.2,113.2,115.4,115.4,-2.2,-2.2,0.0,0.0,0.0,0.25,0.556,0.381,0.0,0.636,0.656,0.175,0.175,104.64,104.64,87.2,53.0,0.185
0021500013,1610612760,Oklahoma City,Thunder,OKC,thunder,203079,Dion,Waiters,D. Waiters,dion-waiters,,,,21:24,118.8,118.8,91.3,91.3,27.4,27.4,0.118,0.67,15.4,0.05,0.158,0.103,23.1,0.5,0.5,0.193,0.193,105.45,105.45,87.87,48.0,0.05
0021500013,1610612760,Oklahoma City,Thunder,OKC,thunder,201571,D.J.,Augustin,D. Augustin,dj-augustin,,,,12:55,89.3,89.3,96.6,96.6,-7.3,-7.3,0.5,4.0,33.3,0.0,0.083,0.042,8.3,0.4,0.592,0.25,0.25,105.86,105.86,88.21,28.0,0.218
0021500013,1610612760,Oklahoma City,Thunder,OKC,thunder,2555,Nick,Collison,N. Collison,nick-collison,,,,8:22,40.0,40.0,63.2,63.2,-23.2,-23.2,0.5,0.33,25.0,0.0,0.3,0.176,75.0,0.0,0.0,0.15,0.15,111.87,111.87,93.23,20.0,-0.4
0021500013,1610612760,Oklahoma City,Thunder,OKC,thunder,203956,Mitch,McGary,M. McGary,mitch-mcgary,,DNP - Coach's Decision,,,0.0,0.0,0.0,0.0,0.0,0.0,0.0,0.0,0.0,0.0,0.0,0.0,0.0,0.0,0.0,0.0,0.0,0.0,0.0,0.0,0.0,0.0
0021500013,1610612760,Oklahoma City,Thunder,OKC,thunder,200779,Steve,Novak,S. Novak,steve-novak,,DNP - Coach's Decision,,,0.0,0.0,0.0,0.0,0.0,0.0,0.0,0.0,0.0,0.0,0.0,0.0,0.0,0.0,0.0,0.0,0.0,0.0,0.0,0.0,0.0,0.0
0021500013,1610612760,Oklahoma City,Thunder,OKC,thunder,202713,Kyle,Singler,K. Singler,kyle-singler,,DNP - Coach's Decision,,,0.0,0.0,0.0,0.0,0.0,0.0,0.0,0.0,0.0,0.0,0.0,0.0,0.0,0.0,0.0,0.0,0.0,0.0,0.0,0.0,0.0,0.0
0021500004,1610612764,Washington,Wizards,WAS,wizards,203490,Otto,Porter Jr.,O. Porter Jr.,otto-porter-jr,F,,,36:55,103.9,103.9,79.2,79.2,24.7,24.7,0.179,5.0,31.3,0.053,0.125,0.093,6.3,0.35,0.35,0.122,0.122,100.12,100.12,83.43,77.0,0.118
0021500004,1610612764,Washington,Wizards,WAS,wizards,2743,Kris,Humphries,K. Humphries,kris-humphries,F,,,26:00,92.6,92.6,74.5,74.5,18.0,18.0,0.0,0.0,0.0,0.077,0.118,0.1,23.1,0.5,0.557,0.21,0.21,100.61,100.61,83.84,54.0,0.109
0021500004,1610612764,Washington,Wizards,WAS,wizards,101162,Marcin,Gortat,M. Gortat,marcin-gortat,C,,,35:39,97.4,97.4,80.3,80.3,17.1,17.1,0.08,1.0,18.2,0.051,0.125,0.092,18.2,0.667,0.727,0.101,0.101,103.0,103.0,85.83,77.0,0.147
0021500004,1610612764,Washington,Wizards,WAS,wizards,203078,Bradley,Beal,B. Beal,bradley-beal,G,,,37:36,88.6,88.6,83.5,83.5,5.1,5.1,0.0,0.0,0.0,0.071,0.06,0.065,15.4,0.526,0.543,0.289,0.289,100.85,100.85,84.04,79.0,0.104
0021500004,1610612764,Washington,Wizards,WAS,wizards,202322,John,Wall,J. Wall,john-wall,G,,,39:23,92.5,92.5,78.0,78.0,14.5,14.5,0.3,1.0,18.2,0.022,0.115,0.072,18.2,0.556,0.533,0.281,0.281,98.72,98.72,82.27,80.0,0.191
0021500004,1610612764,Washington,Wizards,WAS,wizards,201196,Ramon,Sessions,R. Sessions,ramon-sessions,,,,14:04,63.3,63.3,126.7,126.7,-63.3,-63.3,0.333,0.0,28.6,0.0,0.176,0.081,0.0,0.0,0.431,0.147,0.147,102.37,102.37,85.31,30.0,0.101
0021500004,1610612764,Washington,Wizards,WAS,wizards,2400,Drew,Gooden,D. Gooden,drew-gooden,,,,19:50,78.0,78.0,115.0,115.0,-37.0,-37.0,0.091,0.0,14.3,0.154,0.13,0.143,0.0,0.25,0.25,0.128,0.128,98.02,98.02,81.68,41.0,0.038
0021500004,1610612764,Washington,Wizards,WAS,wizards,2403,Nene,Hilario,Nene,nene-hilario,,,,12:21,52.0,52.0,113.0,113.0,-61.0,-61.0,0.25,1.0,11.1,0.059,0.067,0.063,11.1,0.0,0.073,0.276,0.276,93.28,93.28,77.73,25.0,-0.216
0021500004,1610612764,Washington,Wizards,WAS,wizards,202390,Gary,Neal,G. Neal,gary-neal,,,,18:12,69.2,69.2,82.1,82.1,-12.8,-12.8,0.0,0.0,0.0,0.0,0.071,0.036,0.0,0.375,0.375,0.17,0.17,102.87,102.87,85.72,39.0,0.08
0021500004,1610612764,Washington,Wizards,WAS,wizards,201971,DeJuan,Blair,D. Blair,dejuan-blair,,DNP - Coach's Decision,,,0.0,0.0,0.0,0.0,0.0,0.0,0.0,0.0,0.0,0.0,0.0,0.0,0.0,0.0,0.0,0.0,0.0,0.0,0.0,0.0,0.0,0.0
0021500004,1610612764,Washington,Wizards,WAS,wizards,201162,Jared,Dudley,J. Dudley,jared-dudley,,DNP - Coach's Decision,,,0.0,0.0,0.0,0.0,0.0,0.0,0.0,0.0,0.0,0.0,0.0,0.0,0.0,0.0,0.0,0.0,0.0,0.0,0.0,0.0,0.0,0.0
0021500004,1610612764,Washington,Wizards,WAS,wizards,1626162,Kelly,Oubre Jr.,K. Oubre Jr.,kelly-oubre-jr,,DNP - Coach's Decision,,,0.0,0.0,0.0,0.0,0.0,0.0,0.0,0.0,0.0,0.0,0.0,0.0,0.0,0.0,0.0,0.0,0.0,0.0,0.0,0.0,0.0,0.0
0021500004,1610612764,Washington,Wizards,WAS,wizards,202066,Garrett,Temple,G. Temple,garrett-temple,,DNP - Coach's Decision,,,0.0,0.0,0.0,0.0,0.0,0.0,0.0,0.0,0.0,0.0,0.0,0.0,0.0,0.0,0.0,0.0,0.0,0.0,0.0,0.0,0.0,0.0
0021500004,1610612753,Orlando,Magic,ORL,magic,203095,Evan,Fournier,E. Fournier,evan-fournier,F,,,26:59,75.9,75.9,80.4,80.4,-4.5,-4.5,0.056,1.0,10.0,0.0,0.111,0.059,10.0,0.143,0.19,0.136,0.136,101.4,101.4,84.5,58.0,0.017
0021500004,1610612753,Orlando,Magic,ORL,magic,202699,Tobias,Harris,T. Harris,tobias-harris,F,,,31:05,75.0,75.0,80.0,80.0,-5.0,-5.0,0.188,1.5,15.0,0.044,0.135,0.085,10.0,0.5,0.504,0.207,0.207,102.68,102.68,85.56,68.0,0.148
0021500004,1610612753,Orlando,Magic,ORL,magic,202696,Nikola,Vučević,N. Vučević,nikola-vučević,C,,,28:29,82.0,82.0,100.0,100.0,-18.0,-18.0,0.118,1.0,11.8,0.029,0.207,0.109,11.8,0.385,0.385,0.208,0.208,101.95,101.95,84.96,61.0,0.075
0021500004,1610612753,Orlando,Magic,ORL,magic,203506,Victor,Oladipo,V. Oladipo,victor-oladipo,G,,,35:58,78.4,78.4,93.2,93.2,-14.8,-14.8,0.118,2.0,8.3,0.059,0.195,0.12,4.2,0.375,0.407,0.237,0.237,98.09,98.09,81.74,74.0,0.163
0021500004,1610612753,Orlando,Magic,ORL,magic,203901,Elfrid,Payton,E. Payton,elfrid-payton,G,,,34:46,78.7,78.7,95.9,95.9,-17.2,-17.2,0.4,4.0,32.0,0.083,0.167,0.119,8.0,0.367,0.367,0.185,0.185,102.17,102.17,85.14,75.0,0.169
0021500004,1610612753,Orlando,Magic,ORL,magic,203932,Aaron,Gordon,A. Gordon,aaron-gordon,,,,17:01,111.8,111.8,102.9,102.9,8.9,8.9,0.091,0.0,8.3,0.211,0.158,0.184,0.0,0.5,0.564,0.256,0.256,97.32,97.32,81.1,34.0,0.216
0021500004,1610612753,Orlando,Magic,ORL,magic,201228,C.J.,Watson,C. Watson,cj-watson,,,,21:01,104.2,104.2,70.2,70.2,34.0,34.0,0.045,1.0,12.5,0.0,0.0,0.0,12.5,0.167,0.167,0.127,0.127,108.48,108.48,90.4,48.0,-0.057
0021500004,1610612753,Orlando,Magic,ORL,magic,1626209,Mario,Hezonja,M. Hezonja,mario-hezonja,,,,25:16,94.3,94.3,92.3,92.3,2.0,2.0,0.125,0.5,13.3,0.0,0.12,0.05,26.7,0.611,0.611,0.191,0.191,99.74,99.74,83.11,53.0,0.053
0021500004,1610612753,Orlando,Magic,ORL,magic,203473,Dewayne,Dedmon,D. Dedmon,dewayne-dedmon,,,,14:44,103.7,103.7,55.2,55.2,48.5,48.5,0.0,0.0,0.0,0.111,0.2,0.158,14.3,0.333,0.333,0.194,0.194,91.25,91.25,76.04,27.0,0.083
0021500004,1610612753,Orlando,Magic,ORL,magic,201160,Jason,Smith,J. Smith,jason-smith,,,,4:41,58.3,58.3,100.0,100.0,-41.7,-41.7,0.0,0.0,0.0,0.111,0.0,0.063,0.0,0.5,0.5,0.143,0.143,122.99,122.99,102.49,12.0,0.097
0021500004,1610612753,Orlando,Magic,ORL,magic,101112,Channing,Frye,C. Frye,channing-frye,,DNP - Coach's Decision,,,0.0,0.0,0.0,0.0,0.0,0.0,0.0,0.0,0.0,0.0,0.0,0.0,0.0,0.0,0.0,0.0,0.0,0.0,0.0,0.0,0.0,0.0
0021500004,1610612753,Orlando,Magic,ORL,magic,203894,Shabazz,Napier,S. Napier,shabazz-napier,,DNP - Coach's Decision,,,0.0,0.0,0.0,0.0,0.0,0.0,0.0,0.0,0.0,0.0,0.0,0.0,0.0,0.0,0.0,0.0,0.0,0.0,0.0,0.0,0.0,0.0
0021500004,1610612753,Orlando,Magic,ORL,magic,203094,Andrew,Nicholson,A. Nicholson,andrew-nicholson,,DNP - Coach's Decision,,,0.0,0.0,0.0,0.0,0.0,0.0,0.0,0.0,0.0,0.0,0.0,0.0,0.0,0.0,0.0,0.0,0.0,0.0,0.0,0.0,0.0,0.0
0021500010,1610612743,Denver,Nuggets,DEN,nuggets,201568,Danilo,Gallinari,D. Gallinari,danilo-gallinari,F,,,35:36,110.7,110.7,82.9,82.9,27.8,27.8,0.125,0.0,14.3,0.069,0.122,0.103,0.0,0.567,0.652,0.217,0.217,101.8,101.8,84.83,75.0,0.23
0021500010,1610612743,Denver,Nuggets,DEN,nuggets,202702,Kenneth,Faried,K. Faried,kenneth-faried,F,,,30:50,114.3,114.3,81.0,81.0,33.3,33.3,0.056,0.5,6.3,0.136,0.13,0.132,12.5,0.8,0.712,0.214,0.214,98.08,98.08,81.73,63.0,0.178
0021500010,1610612743,Denver,Nuggets,DEN,nuggets,203530,Joffrey,Lauvergne,J. Lauvergne,joffrey-lauvergne,C,,,21:33,113.3,113.3,81.4,81.4,31.9,31.9,0.063,1.0,12.5,0.143,0.156,0.152,12.5,0.9,0.935,0.143,0.143,98.0,98.0,81.67,45.0,0.181
0021500010,1610612743,Denver,Nuggets,DEN,nuggets,203914,Gary,Harris,G. Harris,gary-harris,G,,,29:29,110.0,110.0,71.7,71.7,38.3,38.3,0.227,5.0,45.5,0.0,0.109,0.074,9.1,0.5,0.5,0.09,0.09,97.68,97.68,81.4,60.0,0.144
0021500010,1610612743,Denver,Nuggets,DEN,nuggets,1626144,Emmanuel,Mudiay,E. Mudiay,emmanuel-mudiay,G,,,37:54,105.1,105.1,89.6,89.6,15.5,15.5,0.36,0.82,25.7,0.0,0.1,0.062,31.4,0.577,0.576,0.299,0.299,98.15,98.15,81.79,78.0,0.06
0021500010,1610612743,Denver,Nuggets,DEN,nuggets,2749,Jameer,Nelson,J. Nelson,jameer-nelson,,,,24:30,102.0,102.0,84.6,84.6,17.4,17.4,0.214,1.0,20.0,0.0,0.167,0.089,20.0,0.556,0.556,0.214,0.214,98.94,98.94,82.45,49.0,0.076
0021500010,1610612743,Denver,Nuggets,DEN,nuggets,203115,Will,Barton,W. Barton,will-barton,,,,19:34,102.5,102.5,92.5,92.5,10.0,10.0,0.0,0.0,0.0,0.048,0.136,0.093,0.0,0.55,0.55,0.222,0.222,98.13,98.13,81.77,40.0,0.156
0021500010,1610612743,Denver,Nuggets,DEN,nuggets,200751,Randy,Foye,R. Foye,randy-foye,,,,18:00,91.9,91.9,100.0,100.0,-8.1,-8.1,0.154,2.0,22.2,0.0,0.286,0.118,11.1,0.25,0.25,0.163,0.163,101.33,101.33,84.44,37.0,0.058
0021500010,1610612743,Denver,Nuggets,DEN,nuggets,201589,Darrell,Arthur,D. Arthur,darrell-arthur,,,,15:41,87.5,87.5,91.2,91.2,-3.7,-3.7,0.1,1.0,14.3,0.053,0.071,0.061,14.3,0.5,0.5,0.162,0.162,101.0,101.0,84.17,32.0,0.065
0021500010,1610612743,Denver,Nuggets,DEN,nuggets,203999,Nikola,Jokić,N. Jokić,nikola-jokić,,,,3:55,88.9,88.9,100.0,100.0,-11.1,-11.1,0.0,0.0,0.0,0.0,0.0,0.0,50.0,1.0,1.0,0.182,0.182,98.04,98.04,81.7,9.0,0.067
0021500010,1610612743,Denver,Nuggets,DEN,nuggets,2034,Mike,Miller,M. Miller,mike-miller,,,,1:29,125.0,125.0,100.0,100.0,25.0,25.0,0.0,0.0,0.0,0.0,0.0,0.0,0.0,0.0,0.0,0.0,0.0,113.26,113.26,94.38,4.0,-0.143
0021500010,1610612743,Denver,Nuggets,DEN,nuggets,203475,Erick,Green,E. Green,erick-green,,,,1:29,125.0,125.0,100.0,100.0,25.0,25.0,0.5,0.0,100.0,0.0,0.0,0.0,0.0,0.0,0.0,0.0,0.0,113.26,113.26,94.38,4.0,0.143
0021500010,1610612743,Denver,Nuggets,DEN,nuggets,201581,JJ,Hickson,J. Hickson,jj-hickson,,DNP - Coach's Decision,,,0.0,0.0,0.0,0.0,0.0,0.0,0.0,0.0,0.0,0.0,0.0,0.0,0.0,0.0,0.0,0.0,0.0,0.0,0.0,0.0,0.0,0.0
0021500010,1610612745,Houston,Rockets,HOU,rockets,2772,Trevor,Ariza,T. Ariza,trevor-ariza,F,,,33:10,82.4,82.4,100.0,100.0,-17.6,-17.6,0.063,0.33,6.7,0.022,0.036,0.027,20.0,0.25,0.276,0.173,0.173,99.14,99.14,82.61,68.0,-0.022
0021500010,1610612745,Houston,Rockets,HOU,rockets,203093,Terrence,Jones,T. Jones,terrence-jones,F,,,28:32,75.9,75.9,106.9,106.9,-31.0,-31.0,0.0,0.0,0.0,0.098,0.087,0.094,11.8,0.462,0.493,0.236,0.236,97.57,97.57,81.31,58.0,0.076
0021500010,1610612745,Houston,Rockets,HOU,rockets,203991,Clint,Capela,C. Capela,clint-capela,C,,,24:55,76.9,76.9,112.0,112.0,-35.1,-35.1,0.0,0.0,0.0,0.188,0.05,0.135,11.1,0.571,0.571,0.141,0.141,98.25,98.25,81.87,52.0,0.112
0021500010,1610612745,Houston,Rockets,HOU,rockets,201935,James,Harden,J. Harden,james-harden,G,,,36:23,80.8,80.8,107.8,107.8,-27.0,-27.0,0.375,2.0,17.6,0.02,0.161,0.074,8.8,0.333,0.441,0.298,0.298,102.24,102.24,85.2,78.0,0.137
0021500010,1610612745,Houston,Rockets,HOU,rockets,201951,Ty,Lawson,T. Lawson,ty-lawson,G,,,36:42,84.4,84.4,103.8,103.8,-19.4,-19.4,0.273,2.0,27.3,0.0,0.121,0.053,13.6,0.4,0.475,0.184,0.184,101.36,101.36,84.47,77.0,0.087
0021500010,1610612745,Houston,Rockets,HOU,rockets,1626149,Montrezl,Harrell,M. Harrell,montrezl-harrell,,,,15:50,118.2,118.2,105.7,105.7,12.5,12.5,0.091,0.0,20.0,0.063,0.154,0.103,0.0,1.0,1.0,0.114,0.114,103.07,103.07,85.89,33.0,0.102
0021500010,1610612745,Houston,Rockets,HOU,rockets,201147,Corey,Brewer,C. Brewer,corey-brewer,,,,29:25,90.3,90.3,111.5,111.5,-21.2,-21.2,0.0,0.0,0.0,0.0,0.269,0.106,7.1,0.208,0.194,0.187,0.187,100.35,100.35,83.63,62.0,-0.016
0021500010,1610612745,Houston,Rockets,HOU,rockets,201976,Patrick,Beverley,P. Beverley,patrick-beverley,,,,21:16,95.3,95.3,104.9,104.9,-9.5,-9.5,0.083,0.33,7.7,0.071,0.3,0.167,23.1,0.444,0.444,0.218,0.218,94.8,94.8,79.0,43.0,0.096
0021500010,1610612745,Houston,Rockets,HOU,rockets,1891,Jason,Terry,J. Terry,jason-terry,,,,10:49,68.2,68.2,80.0,80.0,-11.8,-11.8,0.333,0.0,66.7,0.0,0.071,0.038,0.0,0.0,0.0,0.04,0.04,93.19,93.19,77.66,22.0,0.136
0021500010,1610612745,Houston,Rockets,HOU,rockets,1626155,Sam,Dekker,S. Dekker,sam-dekker,,,,1:29,100.0,100.0,125.0,125.0,-25.0,-25.0,0.0,0.0,0.0,0.0,0.0,0.0,0.0,0.0,0.0,0.0,0.0,113.26,113.26,94.38,3.0,0.0
0021500010,1610612745,Houston,Rockets,HOU,rockets,203909,KJ,McDaniels,K. McDaniels,kj-mcdaniels,,,,1:29,100.0,100.0,125.0,125.0,-25.0,-25.0,0.0,0.0,0.0,0.0,0.0,0.0,0.0,0.0,0.0,0.0,0.0,113.26,113.26,94.38,3.0,0.0
0021500010,1610612745,Houston,Rockets,HOU,rockets,2730,Dwight,Howard,D. Howard,dwight-howard,,DND - League Suspension,,,0.0,0.0,0.0,0.0,0.0,0.0,0.0,0.0,0.0,0.0,0.0,0.0,0.0,0.0,0.0,0.0,0.0,0.0,0.0,0.0,0.0,0.0
0021500010,1610612745,Houston,Rockets,HOU,rockets,201977,Marcus,Thornton,M. Thornton,marcus-thornton,,DNP - Coach's Decision,,,0.0,0.0,0.0,0.0,0.0,0.0,0.0,0.0,0.0,0.0,0.0,0.0,0.0,0.0,0.0,0.0,0.0,0.0,0.0,0.0,0.0,0.0
0021500018,1610612763,Memphis,Grizzlies,MEM,grizzlies,2754,Tony,Allen,T. Allen,tony-allen,F,,,22:13,93.2,93.2,104.3,104.3,-11.2,-11.2,0.0,0.0,0.0,0.154,0.143,0.149,7.7,0.364,0.379,0.245,0.245,97.26,97.26,81.05,44.0,0.054
0021500018,1610612763,Memphis,Grizzlies,MEM,grizzlies,2216,Zach,Randolph,Z. Randolph,zach-randolph,F,,,29:33,119.6,119.6,92.6,92.6,27.1,27.1,0.091,1.0,11.1,0.063,0.188,0.125,11.1,0.273,0.403,0.242,0.242,89.37,89.37,74.47,56.0,0.06
0021500018,1610612763,Memphis,Grizzlies,MEM,grizzlies,201188,Marc,Gasol,M. Gasol,marc-gasol,C,,,32:31,112.3,112.3,93.8,93.8,18.6,18.6,0.143,0.0,15.8,0.028,0.206,0.114,0.0,0.538,0.622,0.208,0.208,95.21,95.21,79.34,65.0,0.213
0021500018,1610612763,Memphis,Grizzlies,MEM,grizzlies,201584,Courtney,Lee,C. Lee,courtney-lee,G,,,29:14,115.8,115.8,98.3,98.3,17.5,17.5,0.048,1.0,9.1,0.031,0.032,0.032,9.1,0.444,0.506,0.145,0.145,94.41,94.41,78.68,57.0,0.06
0021500018,1610612763,Memphis,Grizzlies,MEM,grizzlies,201144,Mike,Conley,M. Conley,mike-conley,G,,,30:17,108.5,108.5,105.2,105.2,3.3,3.3,0.5,2.5,38.5,0.065,0.065,0.065,15.4,0.5,0.547,0.232,0.232,92.75,92.75,77.29,59.0,0.128
0021500018,1610612763,Memphis,Grizzlies,MEM,grizzlies,201145,Jeff,Green,J. Green,jeff-green,,,,29:08,127.9,127.9,104.9,104.9,23.0,23.0,0.13,1.0,25.0,0.0,0.107,0.061,25.0,1.0,1.0,0.132,0.132,100.5,100.5,83.75,61.0,0.092
0021500018,1610612763,Memphis,Grizzlies,MEM,grizzlies,2757,Beno,Udrih,B. Udrih,beno-udrih,,,,17:48,123.1,123.1,110.5,110.5,12.6,12.6,0.545,6.0,42.9,0.0,0.143,0.071,7.1,0.917,0.945,0.182,0.182,103.82,103.82,86.52,39.0,0.266
0021500018,1610612763,Memphis,Grizzlies,MEM,grizzlies,2440,Matt,Barnes,M. Barnes,matt-barnes,,,,21:08,115.9,115.9,124.4,124.4,-8.5,-8.5,0.071,0.0,11.1,0.0,0.214,0.1,0.0,0.643,0.635,0.163,0.163,101.07,101.07,84.23,44.0,0.117
0021500018,1610612763,Memphis,Grizzlies,MEM,grizzlies,201148,Brandan,Wright,B. Wright,brandan-wright,,,,15:25,125.8,125.8,134.4,134.4,-8.6,-8.6,0.0,0.0,0.0,0.0,0.091,0.05,0.0,1.0,0.922,0.147,0.147,98.13,98.13,81.77,31.0,0.124
0021500018,1610612763,Memphis,Grizzlies,MEM,grizzlies,203210,JaMychal,Green,J. Green,jamychal-green,,,,12:45,117.9,117.9,121.4,121.4,-3.6,-3.6,0.0,0.0,0.0,0.25,0.222,0.235,25.0,0.25,0.434,0.267,0.267,105.41,105.41,87.84,28.0,0.009
0021500018,1610612763,Memphis,Grizzlies,MEM,grizzlies,203919,Jordan,Adams,J. Adams,jordan-adams,,DNP - Coach's Decision,,,0.0,0.0,0.0,0.0,0.0,0.0,0.0,0.0,0.0,0.0,0.0,0.0,0.0,0.0,0.0,0.0,0.0,0.0,0.0,0.0,0.0,0.0
0021500018,1610612763,Memphis,Grizzlies,MEM,grizzlies,1713,Vince,Carter,V. Carter,vince-carter,,DNP - Coach's Decision,,,0.0,0.0,0.0,0.0,0.0,0.0,0.0,0.0,0.0,0.0,0.0,0.0,0.0,0.0,0.0,0.0,0.0,0.0,0.0,0.0,0.0,0.0
0021500018,1610612763,Memphis,Grizzlies,MEM,grizzlies,203893,Russ,Smith,R. Smith,russ-smith,,DNP - Coach's Decision,,,0.0,0.0,0.0,0.0,0.0,0.0,0.0,0.0,0.0,0.0,0.0,0.0,0.0,0.0,0.0,0.0,0.0,0.0,0.0,0.0,0.0,0.0
0021500018,1610612754,Indiana,Pacers,IND,pacers,202331,Paul,George,P. George,paul-george,F,,,34:40,102.9,102.9,119.4,119.4,-16.5,-16.5,0.278,1.25,18.5,0.086,0.143,0.114,14.8,0.4,0.51,0.278,0.278,93.46,93.46,77.88,68.0,0.111
0021500018,1610612754,Indiana,Pacers,IND,pacers,201941,Jordan,Hill,J. Hill,jordan-hill,F,,,19:49,92.1,92.1,102.6,102.6,-10.5,-10.5,0.0,0.0,0.0,0.143,0.13,0.136,0.0,0.333,0.333,0.133,0.133,92.04,92.04,76.7,38.0,0.008
0021500018,1610612754,Indiana,Pacers,IND,pacers,101133,Ian,Mahinmi,I. Mahinmi,ian-mahinmi,C,,,29:30,96.6,96.6,115.8,115.8,-19.2,-19.2,0.0,0.0,0.0,0.059,0.233,0.141,0.0,0.714,0.698,0.116,0.116,93.58,93.58,77.98,58.0,0.129
0021500018,1610612754,Indiana,Pacers,IND,pacers,101145,Monta,Ellis,M. Ellis,monta-ellis,G,,,32:16,98.4,98.4,129.7,129.7,-31.3,-31.3,0.176,0.75,15.0,0.026,0.032,0.029,20.0,0.292,0.338,0.23,0.23,94.49,94.49,78.74,63.0,-0.029
0021500018,1610612754,Indiana,Pacers,IND,pacers,201588,George,Hill,G. Hill,george-hill,G,,,38:46,106.5,106.5,111.8,111.8,-5.3,-5.3,0.174,0.8,14.8,0.0,0.081,0.04,18.5,0.5,0.567,0.258,0.258,94.74,94.74,78.95,77.0,0.076
0021500018,1610612754,Indiana,Pacers,IND,pacers,201978,Chase,Budinger,C. Budinger,chase-budinger,,,,13:20,110.0,110.0,106.7,106.7,3.3,3.3,0.25,0.0,50.0,0.0,0.0,0.0,0.0,1.0,1.0,0.094,0.094,108.0,108.0,90.0,30.0,0.165
0021500018,1610612754,Indiana,Pacers,IND,pacers,201155,Rodney,Stuckey,R. Stuckey,rodney-stuckey,,,,25:31,114.8,114.8,107.4,107.4,7.4,7.4,0.238,1.67,35.7,0.0,0.182,0.108,21.4,0.667,0.654,0.158,0.158,101.56,101.56,84.63,54.0,0.136
0021500018,1610612754,Indiana,Pacers,IND,pacers,1626167,Myles,Turner,M. Turner,myles-turner,,,,17:58,120.5,120.5,115.8,115.8,4.7,4.7,0.0,0.0,0.0,0.1,0.2,0.16,22.2,0.667,0.581,0.22,0.22,102.86,102.86,85.71,39.0,0.055
0021500018,1610612754,Indiana,Pacers,IND,pacers,101139,CJ,Miles,C. Miles,cj-miles,,,,20:46,121.7,121.7,114.6,114.6,7.2,7.2,0.133,1.0,15.4,0.0,0.063,0.032,15.4,1.0,0.966,0.224,0.224,108.64,108.64,90.53,46.0,0.151
0021500018,1610612754,Indiana,Pacers,IND,pacers,202730,Lavoy,Allen,L. Allen,lavoy-allen,,,,7:25,100.0,100.0,150.0,150.0,-50.0,-50.0,0.333,0.0,100.0,0.0,0.167,0.067,0.0,0.0,0.0,0.0,0.0,77.66,77.66,64.72,12.0,0.073
0021500018,1610612754,Indiana,Pacers,IND,pacers,203524,Solomon,Hill,S. Hill,solomon-hill,,DNP - Coach's Decision,,,0.0,0.0,0.0,0.0,0.0,0.0,0.0,0.0,0.0,0.0,0.0,0.0,0.0,0.0,0.0,0.0,0.0,0.0,0.0,0.0,0.0,0.0
0021500018,1610612754,Indiana,Pacers,IND,pacers,203963,Shayne,Whittington,S. Whittington,shayne-whittington,,DNP - Coach's Decision,,,0.0,0.0,0.0,0.0,0.0,0.0,0.0,0.0,0.0,0.0,0.0,0.0,0.0,0.0,0.0,0.0,0.0,0.0,0.0,0.0,0.0,0.0
0021500018,1610612754,Indiana,Pacers,IND,pacers,1626202,Joe,Young,J. Young,joe-young,,DNP - Coach's Decision,,,0.0,0.0,0.0,0.0,0.0,0.0,0.0,0.0,0.0,0.0,0.0,0.0,0.0,0.0,0.0,0.0,0.0,0.0,0.0,0.0,0.0,0.0
0021500019,1610612737,Atlanta,Hawks,ATL,hawks,203145,Kent,Bazemore,K. Bazemore,kent-bazemore,F,,,25:10,122.4,122.4,93.1,93.1,29.3,29.3,0.192,5.0,41.7,0.0,0.031,0.019,8.3,0.417,0.417,0.111,0.111,110.66,110.66,92.22,58.0,0.054
0021500019,1610612737,Atlanta,Hawks,ATL,hawks,200794,Paul,Millsap,P. Millsap,paul-millsap,F,,,34:30,113.0,113.0,94.8,94.8,18.2,18.2,0.179,1.67,21.7,0.1,0.167,0.141,13.0,0.318,0.379,0.214,0.214,107.11,107.11,89.26,77.0,0.101
0021500019,1610612737,Atlanta,Hawks,ATL,hawks,201143,Al,Horford,A. Horford,al-horford,C,,,30:34,106.2,106.2,97.0,97.0,9.2,9.2,0.063,0.33,4.3,0.069,0.189,0.136,13.0,0.556,0.556,0.314,0.314,102.86,102.86,85.71,65.0,0.177
0021500019,1610612737,Atlanta,Hawks,ATL,hawks,2594,Kyle,Korver,K. Korver,kyle-korver,G,,,32:15,126.1,126.1,97.0,97.0,29.1,29.1,0.077,2.0,18.2,0.0,0.167,0.104,9.1,0.938,0.938,0.122,0.122,101.21,101.21,84.34,69.0,0.148
0021500019,1610612737,Atlanta,Hawks,ATL,hawks,201952,Jeff,Teague,J. Teague,jeff-teague,G,,,29:45,117.9,117.9,91.0,91.0,26.9,26.9,0.364,2.67,29.6,0.0,0.095,0.06,11.1,0.583,0.701,0.264,0.264,108.1,108.1,90.08,67.0,0.227
0021500019,1610612737,Atlanta,Hawks,ATL,hawks,201168,Tiago,Splitter,T. Splitter,tiago-splitter,,,,23:16,105.7,105.7,94.1,94.1,11.5,11.5,0.118,1.0,20.0,0.0,0.069,0.04,20.0,0.667,0.727,0.138,0.138,107.3,107.3,89.42,53.0,0.083
0021500019,1610612737,Atlanta,Hawks,ATL,hawks,203200,Justin,Holiday,J. Holiday,justin-holiday,,,,12:56,65.4,65.4,100.0,100.0,-34.6,-34.6,0.0,0.0,0.0,0.0,0.0,0.0,0.0,0.5,0.5,0.069,0.069,96.49,96.49,80.41,26.0,0.0
0021500019,1610612737,Atlanta,Hawks,ATL,hawks,203471,Dennis,Schröder,D. Schröder,dennis-schröder,,,,18:15,94.3,94.3,108.1,108.1,-13.8,-13.8,0.286,2.0,14.3,0.0,0.067,0.03,7.1,0.591,0.591,0.3,0.3,94.68,94.68,78.9,35.0,0.164
0021500019,1610612737,Atlanta,Hawks,ATL,hawks,203934,Lamar,Patterson,L. Patterson,lamar-patterson,,,,21:01,88.9,88.9,102.2,102.2,-13.3,-13.3,0.0,0.0,0.0,0.05,0.053,0.051,14.3,0.8,0.765,0.137,0.137,103.96,103.96,86.63,45.0,0.037
0021500019,1610612737,Atlanta,Hawks,ATL,hawks,203118,Mike,Scott,M. Scott,mike-scott,,,,11:10,100.0,100.0,109.5,109.5,-9.5,-9.5,0.125,0.0,20.0,0.0,0.143,0.059,0.0,0.25,0.25,0.174,0.174,88.12,88.12,73.43,20.0,-0.031
0021500019,1610612737,Atlanta,Hawks,ATL,hawks,204002,Edy,Tavares,W. Tavares,edy-tavares,,,,1:09,50.0,50.0,133.3,133.3,-83.3,-83.3,0.0,0.0,0.0,1.0,0.0,1.0,0.0,0.0,0.568,0.333,0.333,104.35,104.35,86.96,2.0,0.2
0021500019,1610612737,Atlanta,Hawks,ATL,hawks,203501,Tim,Hardaway Jr.,T. Hardaway Jr.,tim-hardaway-jr,,DNP - Coach's Decision,,,0.0,0.0,0.0,0.0,0.0,0.0,0.0,0.0,0.0,0.0,0.0,0.0,0.0,0.0,0.0,0.0,0.0,0.0,0.0,0.0,0.0,0.0
0021500019,1610612737,Atlanta,Hawks,ATL,hawks,202714,Shelvin,Mack,S. Mack,shelvin-mack,,DNP - Coach's Decision,,,0.0,0.0,0.0,0.0,0.0,0.0,0.0,0.0,0.0,0.0,0.0,0.0,0.0,0.0,0.0,0.0,0.0,0.0,0.0,0.0,0.0,0.0
0021500019,1610612752,New York,Knicks,NYK,knicks,2546,Carmelo,Anthony,C. Anthony,carmelo-anthony,F,,,31:54,90.3,90.3,115.3,115.3,-25.0,-25.0,0.2,3.0,9.1,0.067,0.138,0.095,3.0,0.37,0.428,0.326,0.326,108.34,108.34,90.28,72.0,0.122
0021500019,1610612752,New York,Knicks,NYK,knicks,204001,Kristaps,Porziņģis,K. Porziņģis,kristaps-porziņģis,F,,,25:37,103.4,103.4,112.1,112.1,-8.6,-8.6,0.0,0.0,0.0,0.069,0.261,0.154,26.7,0.4,0.46,0.214,0.214,108.7,108.7,90.58,58.0,0.055
0021500019,1610612752,New York,Knicks,NYK,knicks,201577,Robin,Lopez,R. Lopez,robin-lopez,C,,,21:17,84.3,84.3,109.8,109.8,-25.5,-25.5,0.111,0.2,5.6,0.069,0.1,0.082,27.8,0.727,0.758,0.274,0.274,115.02,115.02,95.85,51.0,0.186
0021500019,1610612752,New York,Knicks,NYK,knicks,101181,Jose,Calderon,J. Calderon,jose-calderon,G,,,18:13,81.4,81.4,126.2,126.2,-44.8,-44.8,0.071,0.0,14.3,0.0,0.059,0.022,0.0,0.0,0.17,0.111,0.111,111.99,111.99,93.32,43.0,-0.026
0021500019,1610612752,New York,Knicks,NYK,knicks,2756,Sasha,Vujacic,S. Vujacic,sasha-vujacic,G,,,25:10,96.4,96.4,126.8,126.8,-30.4,-30.4,0.111,1.0,16.7,0.054,0.0,0.033,16.7,0.375,0.375,0.133,0.133,105.85,105.85,88.21,55.0,-0.015
0021500019,1610612752,New York,Knicks,NYK,knicks,203124,Kyle,O'Quinn,K. O'Quinn,kyle-oquinn,,,,22:03,111.6,111.6,90.7,90.7,20.9,20.9,0.231,1.0,20.0,0.273,0.182,0.227,20.0,0.556,0.556,0.226,0.226,93.61,93.61,78.0,43.0,0.176
0021500019,1610612752,New York,Knicks,NYK,knicks,204038,Langston,Galloway,L. Galloway,langston-galloway,,,,25:18,103.9,103.9,90.6,90.6,13.4,13.4,0.167,0.0,37.5,0.0,0.2,0.089,0.0,0.75,0.82,0.086,0.086,98.66,98.66,82.21,51.0,0.141
0021500019,1610612752,New York,Knicks,NYK,knicks,202682,Derrick,Williams,D. Williams,derrick-williams,,,,18:07,94.4,94.4,97.3,97.3,-2.9,-2.9,0.0,0.0,0.0,0.0,0.133,0.057,8.3,0.333,0.418,0.286,0.286,96.68,96.68,80.57,36.0,0.062
0021500019,1610612752,New York,Knicks,NYK,knicks,1626170,Jerian,Grant,J. Grant,jerian-grant,,,,28:45,103.3,103.3,96.6,96.6,6.7,6.7,0.333,2.33,46.7,0.037,0.231,0.132,20.0,0.5,0.512,0.114,0.114,100.17,100.17,83.48,61.0,0.1
0021500019,1610612752,New York,Knicks,NYK,knicks,202498,Lance,Thomas,L. Thomas,lance-thomas,,,,22:23,104.4,104.4,110.9,110.9,-6.4,-6.4,0.071,0.5,10.0,0.0,0.158,0.071,20.0,0.5,0.581,0.167,0.167,97.57,97.57,81.31,45.0,0.037
0021500019,1610612752,New York,Knicks,NYK,knicks,203921,Cleanthony,Early,C. Early,cleanthony-early,,,,1:13,133.3,133.3,50.0,50.0,83.3,83.3,0.0,0.0,0.0,0.0,0.0,0.0,0.0,0.0,0.0,0.0,0.0,98.63,98.63,82.19,3.0,-0.667
0021500019,1610612752,New York,Knicks,NYK,knicks,201167,Arron,Afflalo,A. Afflalo,arron-afflalo,,DND - Strained Left Hamstring,,,0.0,0.0,0.0,0.0,0.0,0.0,0.0,0.0,0.0,0.0,0.0,0.0,0.0,0.0,0.0,0.0,0.0,0.0,0.0,0.0,0.0,0.0
0021500019,1610612752,New York,Knicks,NYK,knicks,202338,Kevin,Seraphin,K. Seraphin,kevin-seraphin,,DND - Sore Right Knee,,,0.0,0.0,0.0,0.0,0.0,0.0,0.0,0.0,0.0,0.0,0.0,0.0,0.0,0.0,0.0,0.0,0.0,0.0,0.0,0.0,0.0,0.0
0021500020,1610612742,Dallas,Mavericks,DAL,mavericks,202379,Jeremy,Evans,J. Evans,jeremy-evans,F,,,24:02,64.7,64.7,92.5,92.5,-27.7,-27.7,0.0,0.0,0.0,0.034,0.1,0.068,33.3,0.0,0.532,0.055,0.055,103.88,103.88,86.57,51.0,0.036
0021500020,1610612742,Dallas,Mavericks,DAL,mavericks,1717,Dirk,Nowitzki,D. Nowitzki,dirk-nowitzki,F,,,25:02,102.0,102.0,125.5,125.5,-23.5,-23.5,0.133,0.0,11.8,0.032,0.25,0.127,0.0,0.433,0.49,0.25,0.25,97.77,97.77,81.48,51.0,0.157
0021500020,1610612742,Dallas,Mavericks,DAL,mavericks,2585,Zaza,Pachulia,Z. Pachulia,zaza-pachulia,C,,,18:22,100.0,100.0,116.2,116.2,-16.2,-16.2,0.071,1.0,10.0,0.185,0.143,0.167,10.0,0.25,0.25,0.191,0.191,96.7,96.7,80.58,37.0,0.007
0021500020,1610612742,Dallas,Mavericks,DAL,mavericks,203098,John,Jenkins,J. Jenkins,john-jenkins,G,,,35:18,82.2,82.2,112.0,112.0,-29.8,-29.8,0.167,1.5,14.3,0.023,0.128,0.072,9.5,0.5,0.517,0.217,0.217,100.62,100.62,83.85,73.0,0.109
0021500020,1610612742,Dallas,Mavericks,DAL,mavericks,101109,Raymond,Felton,R. Felton,raymond-felton,G,,,25:15,94.2,94.2,131.4,131.4,-37.1,-37.1,0.222,1.33,25.0,0.03,0.0,0.018,18.8,0.222,0.222,0.19,0.19,97.9,97.9,81.58,52.0,-0.049
0021500020,1610612742,Dallas,Mavericks,DAL,mavericks,203939,Dwight,Powell,D. Powell,dwight-powell,,,,19:04,76.2,76.2,112.2,112.2,-36.0,-36.0,0.0,0.0,0.0,0.08,0.353,0.19,10.0,0.5,0.507,0.217,0.217,104.46,104.46,87.05,42.0,0.124
0021500020,1610612742,Dallas,Mavericks,DAL,mavericks,200826,J.J.,Barea,J. Barea,jj-barea,,,,21:11,104.3,104.3,104.3,104.3,0.0,0.0,0.643,4.5,40.9,0.034,0.0,0.02,9.1,0.5,0.551,0.241,0.241,104.26,104.26,86.88,46.0,0.122
0021500020,1610612742,Dallas,Mavericks,DAL,mavericks,2734,Devin,Harris,D. Harris,devin-harris,,,,23:11,94.0,94.0,102.1,102.1,-8.1,-8.1,0.154,0.0,15.4,0.029,0.2,0.102,0.0,0.5,0.53,0.183,0.183,101.43,101.43,84.53,50.0,0.129
0021500020,1610612742,Dallas,Mavericks,DAL,mavericks,101111,Charlie,Villanueva,C. Villanueva,charlie-villanueva,,,,22:60,72.0,72.0,80.0,80.0,-8.0,-8.0,0.0,0.0,0.0,0.0,0.167,0.079,0.0,0.273,0.295,0.211,0.211,104.36,104.36,86.96,50.0,-0.018
0021500020,1610612742,Dallas,Mavericks,DAL,mavericks,1626147,Justin,Anderson,J. Anderson,justin-anderson,,,,18:22,75.0,75.0,67.5,67.5,7.5,7.5,0.111,0.5,9.1,0.0,0.222,0.113,18.2,0.313,0.313,0.222,0.222,104.54,104.54,87.11,40.0,0.124
0021500020,1610612742,Dallas,Mavericks,DAL,mavericks,1626257,Salah,Mejri,S. Mejri,salah-mejri,,,,7:13,94.1,94.1,16.7,16.7,77.5,77.5,0.0,0.0,0.0,0.111,0.154,0.136,0.0,0.0,0.0,0.053,0.053,116.4,116.4,97.0,17.0,0.167
0021500020,1610612742,Dallas,Mavericks,DAL,mavericks,202083,Wesley,Matthews,W. Matthews,wesley-matthews,,DND - Rest,,,0.0,0.0,0.0,0.0,0.0,0.0,0.0,0.0,0.0,0.0,0.0,0.0,0.0,0.0,0.0,0.0,0.0,0.0,0.0,0.0,0.0,0.0
0021500020,1610612742,Dallas,Mavericks,DAL,mavericks,101114,Deron,Williams,D. Williams,deron-williams,,DND - Left Knee Sprain,,,0.0,0.0,0.0,0.0,0.0,0.0,0.0,0.0,0.0,0.0,0.0,0.0,0.0,0.0,0.0,0.0,0.0,0.0,0.0,0.0,0.0,0.0
0021500020,1610612746,LA,Clippers,LAC,clippers,202362,Lance,Stephenson,L. Stephenson,lance-stephenson,F,,,20:53,114.6,114.6,95.2,95.2,19.4,19.4,0.118,2.0,25.0,0.0,0.065,0.039,12.5,0.3,0.3,0.128,0.128,95.43,95.43,79.52,41.0,-0.014
0021500020,1610612746,LA,Clippers,LAC,clippers,201933,Blake,Griffin,B. Griffin,blake-griffin,F,,,26:47,110.9,110.9,89.1,89.1,21.8,21.8,0.167,0.67,8.0,0.077,0.2,0.152,12.0,0.647,0.662,0.371,0.371,98.57,98.57,82.14,55.0,0.291
0021500020,1610612746,LA,Clippers,LAC,clippers,201599,DeAndre,Jordan,D. Jordan,deandre-jordan,C,,,25:53,109.6,109.6,88.5,88.5,21.2,21.2,0.105,2.0,22.2,0.08,0.317,0.227,11.1,1.0,0.543,0.119,0.119,96.46,96.46,80.39,52.0,0.196
0021500020,1610612746,LA,Clippers,LAC,clippers,200755,JJ,Redick,J. Redick,jj-redick,G,,,23:52,112.5,112.5,83.3,83.3,29.2,29.2,0.125,0.0,16.7,0.0,0.026,0.016,0.0,0.556,0.607,0.182,0.182,96.54,96.54,80.45,48.0,0.135
0021500020,1610612746,LA,Clippers,LAC,clippers,101108,Chris,Paul,C. Paul,chris-paul,G,,,24:23,111.8,111.8,84.0,84.0,27.8,27.8,0.278,0.0,35.7,0.0,0.079,0.048,0.0,0.438,0.507,0.155,0.155,99.45,99.45,82.87,51.0,0.152
0021500020,1610612746,LA,Clippers,LAC,clippers,1718,Paul,Pierce,P. Pierce,paul-pierce,,,,19:31,111.4,111.4,72.7,72.7,38.6,38.6,0.133,0.0,20.0,0.0,0.16,0.082,0.0,0.167,0.387,0.167,0.167,108.22,108.22,90.18,44.0,0.119
0021500020,1610612746,LA,Clippers,LAC,clippers,2746,Josh,Smith,J. Smith,josh-smith,,,,14:11,109.7,109.7,78.1,78.1,31.6,31.6,0.1,1.0,10.0,0.176,0.188,0.182,10.0,0.2,0.327,0.265,0.265,106.67,106.67,88.89,31.0,-0.013
0021500020,1610612746,LA,Clippers,LAC,clippers,203085,Austin,Rivers,A. Rivers,austin-rivers,,,,24:29,94.5,94.5,88.9,88.9,5.7,5.7,0.071,0.0,7.7,0.0,0.077,0.035,0.0,0.6,0.595,0.203,0.203,106.88,106.88,89.07,55.0,0.119
0021500020,1610612746,LA,Clippers,LAC,clippers,2037,Jamal,Crawford,J. Crawford,jamal-crawford,,,,17:24,115.0,115.0,87.2,87.2,27.8,27.8,0.2,0.0,15.4,0.0,0.118,0.053,0.0,0.636,0.656,0.256,0.256,109.02,109.02,90.85,40.0,0.226
0021500020,1610612746,LA,Clippers,LAC,clippers,202325,Wesley,Johnson,W. Johnson,wesley-johnson,,,,21:47,91.8,91.8,87.5,87.5,4.3,4.3,0.0,0.0,0.0,0.034,0.261,0.135,0.0,0.429,0.429,0.132,0.132,106.87,106.87,89.06,49.0,0.097
0021500020,1610612746,LA,Clippers,LAC,clippers,203143,Pablo,Prigioni,P. Prigioni,pablo-prigioni,,,,7:05,40.0,40.0,93.3,93.3,-53.3,-53.3,0.333,1.0,16.7,0.0,0.111,0.053,16.7,0.0,0.0,0.313,0.313,101.65,101.65,84.71,15.0,-0.136
0021500020,1610612746,LA,Clippers,LAC,clippers,201601,Luc,Mbah a Moute,L. Mbah a Moute,luc-mbah-a-moute,,,,6:54,40.0,40.0,100.0,100.0,-60.0,-60.0,0.333,0.0,50.0,0.0,0.0,0.0,0.0,0.0,0.0,0.063,0.063,100.87,100.87,84.06,15.0,0.0
0021500020,1610612746,LA,Clippers,LAC,clippers,202332,Cole,Aldrich,C. Aldrich,cole-aldrich,,,,6:54,40.0,40.0,100.0,100.0,-60.0,-60.0,0.0,0.0,0.0,0.0,0.0,0.0,33.3,0.5,0.5,0.188,0.188,100.87,100.87,84.06,15.0,-0.043
0021500026,1610612766,Charlotte,Hornets,CHA,hornets,201587,Nicolas,Batum,N. Batum,nicolas-batum,F,,,33:22,100.0,100.0,92.5,92.5,7.5,7.5,0.2,0.57,19.0,0.051,0.281,0.155,33.3,0.65,0.67,0.213,0.213,97.1,97.1,80.92,68.0,0.142
0021500026,1610612766,Charlotte,Hornets,CHA,hornets,101107,Marvin,Williams,M. Williams,marvin-williams,F,,,35:36,98.6,98.6,91.8,91.8,6.9,6.9,0.13,1.5,18.8,0.068,0.237,0.146,12.5,0.591,0.591,0.148,0.148,99.1,99.1,82.58,74.0,0.148
0021500026,1610612766,Charlotte,Hornets,CHA,hornets,2744,Al,Jefferson,A. Jefferson,al-jefferson,C,,,29:52,105.0,105.0,96.6,96.6,8.4,8.4,0.0,0.0,0.0,0.114,0.241,0.172,0.0,0.333,0.333,0.211,0.211,94.8,94.8,79.0,60.0,0.089
0021500026,1610612766,Charlotte,Hornets,CHA,hornets,203798,PJ,Hairston,P. Hairston,pj-hairston,G,,,16:36,87.9,87.9,102.9,102.9,-15.1,-15.1,0.0,0.0,0.0,0.0,0.063,0.027,0.0,0.3,0.3,0.128,0.128,96.87,96.87,80.72,33.0,-0.008
0021500026,1610612766,Charlotte,Hornets,CHA,hornets,202689,Kemba,Walker,K. Walker,kemba-walker,G,,,34:36,101.4,101.4,95.7,95.7,5.8,5.8,0.273,2.0,24.0,0.0,0.114,0.053,12.0,0.367,0.409,0.229,0.229,97.11,97.11,80.92,71.0,0.064
0021500026,1610612766,Charlotte,Hornets,CHA,hornets,203469,Cody,Zeller,C. Zeller,cody-zeller,,,,16:51,52.8,52.8,121.1,121.1,-68.3,-68.3,0.0,0.0,0.0,0.063,0.071,0.067,0.0,0.4,0.46,0.132,0.132,105.44,105.44,87.87,36.0,0.033
0021500026,1610612766,Charlotte,Hornets,CHA,hornets,201150,Spencer,Hawes,S. Hawes,spencer-hawes,,,,17:51,76.3,76.3,102.7,102.7,-26.4,-26.4,0.571,2.0,30.8,0.059,0.143,0.105,15.4,0.667,0.546,0.22,0.22,100.84,100.84,84.03,38.0,0.101
0021500026,1610612766,Charlotte,Hornets,CHA,hornets,202391,Jeremy,Lin,J. Lin,jeremy-lin,,,,27:07,98.3,98.3,94.7,94.7,3.5,3.5,0.211,1.33,22.2,0.069,0.059,0.063,16.7,0.375,0.564,0.209,0.209,101.78,101.78,84.82,58.0,0.096
0021500026,1610612766,Charlotte,Hornets,CHA,hornets,203087,Jeremy,Lamb,J. Lamb,jeremy-lamb,,,,14:38,81.3,81.3,109.4,109.4,-28.1,-28.1,0.167,1.0,10.0,0.0,0.105,0.059,10.0,0.688,0.688,0.257,0.257,104.97,104.97,87.47,32.0,0.183
0021500026,1610612766,Charlotte,Hornets,CHA,hornets,1626163,Frank,Kaminsky,F. Kaminsky,frank-kaminsky,,,,13:31,117.2,117.2,92.9,92.9,24.4,24.4,0.091,0.0,16.7,0.0,0.176,0.097,0.0,0.5,0.5,0.156,0.156,101.21,101.21,84.34,29.0,0.077
0021500026,1610612766,Charlotte,Hornets,CHA,hornets,201946,Tyler,Hansbrough,T. Hansbrough,tyler-hansbrough,,DNP - Coach's Decision,,,0.0,0.0,0.0,0.0,0.0,0.0,0.0,0.0,0.0,0.0,0.0,0.0,0.0,0.0,0.0,0.0,0.0,0.0,0.0,0.0,0.0,0.0
0021500026,1610612766,Charlotte,Hornets,CHA,hornets,1626151,Aaron,Harrison,A. Harrison,aaron-harrison,,DNP - Coach's Decision,,,0.0,0.0,0.0,0.0,0.0,0.0,0.0,0.0,0.0,0.0,0.0,0.0,0.0,0.0,0.0,0.0,0.0,0.0,0.0,0.0,0.0,0.0
0021500026,1610612766,Charlotte,Hornets,CHA,hornets,203148,Brian,Roberts,B. Roberts,brian-roberts,,DNP - Coach's Decision,,,0.0,0.0,0.0,0.0,0.0,0.0,0.0,0.0,0.0,0.0,0.0,0.0,0.0,0.0,0.0,0.0,0.0,0.0,0.0,0.0,0.0,0.0
0021500026,1610612737,Atlanta,Hawks,ATL,hawks,203145,Kent,Bazemore,K. Bazemore,kent-bazemore,F,,,30:38,93.3,93.3,106.5,106.5,-13.1,-13.1,0.063,1.0,6.3,0.061,0.175,0.123,6.3,0.692,0.684,0.221,0.221,95.6,95.6,79.67,60.0,0.16
0021500026,1610612737,Atlanta,Hawks,ATL,hawks,200794,Paul,Millsap,P. Millsap,paul-millsap,F,,,36:53,98.7,98.7,96.1,96.1,2.6,2.6,0.182,1.0,19.0,0.024,0.225,0.122,19.0,0.6,0.688,0.2,0.2,99.56,99.56,82.96,76.0,0.166
0021500026,1610612737,Atlanta,Hawks,ATL,hawks,201143,Al,Horford,A. Horford,al-horford,C,,,34:52,101.4,101.4,84.3,84.3,17.1,17.1,0.15,1.5,15.0,0.031,0.104,0.075,10.0,0.6,0.6,0.227,0.227,96.37,96.37,80.31,70.0,0.145
0021500026,1610612737,Atlanta,Hawks,ATL,hawks,201952,Jeff,Teague,J. Teague,jeff-teague,G,,,33:41,97.1,97.1,101.4,101.4,-4.3,-4.3,0.211,1.33,18.2,0.0,0.026,0.013,13.6,0.429,0.47,0.237,0.237,99.76,99.76,83.14,70.0,0.054
0021500026,1610612737,Atlanta,Hawks,ATL,hawks,203471,Dennis,Schröder,D. Schröder,dennis-schröder,G,,,33:01,87.0,87.0,95.5,95.5,-8.5,-8.5,0.118,1.0,10.0,0.0,0.139,0.071,10.0,0.4,0.441,0.24,0.24,98.11,98.11,81.76,69.0,0.087
0021500026,1610612737,Atlanta,Hawks,ATL,hawks,203934,Lamar,Patterson,L. Patterson,lamar-patterson,,,,21:11,95.9,95.9,95.7,95.7,0.3,0.3,0.2,3.0,37.5,0.042,0.059,0.049,12.5,0.0,0.399,0.093,0.093,107.67,107.67,89.72,49.0,0.055
0021500026,1610612737,Atlanta,Hawks,ATL,hawks,201168,Tiago,Splitter,T. Splitter,tiago-splitter,,,,15:48,108.6,108.6,91.2,91.2,17.4,17.4,0.0,0.0,0.0,0.05,0.222,0.103,11.1,0.286,0.421,0.225,0.225,104.81,104.81,87.34,35.0,0.056
0021500026,1610612737,Atlanta,Hawks,ATL,hawks,200757,Thabo,Sefolosha,T. Sefolosha,thabo-sefolosha,,,,20:55,104.5,104.5,70.8,70.8,33.7,33.7,0.2,3.0,33.3,0.048,0.185,0.125,11.1,0.5,0.41,0.122,0.122,105.6,105.6,88.0,44.0,0.142
0021500026,1610612737,Atlanta,Hawks,ATL,hawks,203118,Mike,Scott,M. Scott,mike-scott,,,,13:02,88.9,88.9,103.7,103.7,-14.8,-14.8,0.3,0.0,50.0,0.091,0.133,0.115,0.0,0.0,0.0,0.107,0.107,99.44,99.44,82.86,27.0,0.01
0021500026,1610612737,Atlanta,Hawks,ATL,hawks,203501,Tim,Hardaway Jr.,T. Hardaway Jr.,tim-hardaway-jr,,DNP - Coach's Decision,,,0.0,0.0,0.0,0.0,0.0,0.0,0.0,0.0,0.0,0.0,0.0,0.0,0.0,0.0,0.0,0.0,0.0,0.0,0.0,0.0,0.0,0.0
0021500026,1610612737,Atlanta,Hawks,ATL,hawks,203200,Justin,Holiday,J. Holiday,justin-holiday,,DNP - Coach's Decision,,,0.0,0.0,0.0,0.0,0.0,0.0,0.0,0.0,0.0,0.0,0.0,0.0,0.0,0.0,0.0,0.0,0.0,0.0,0.0,0.0,0.0,0.0
0021500026,1610612737,Atlanta,Hawks,ATL,hawks,202714,Shelvin,Mack,S. Mack,shelvin-mack,,DNP - Coach's Decision,,,0.0,0.0,0.0,0.0,0.0,0.0,0.0,0.0,0.0,0.0,0.0,0.0,0.0,0.0,0.0,0.0,0.0,0.0,0.0,0.0,0.0,0.0
0021500026,1610612737,Atlanta,Hawks,ATL,hawks,204002,Edy,Tavares,W. Tavares,edy-tavares,,DNP - Coach's Decision,,,0.0,0.0,0.0,0.0,0.0,0.0,0.0,0.0,0.0,0.0,0.0,0.0,0.0,0.0,0.0,0.0,0.0,0.0,0.0,0.0,0.0,0.0
0021500022,1610612760,Oklahoma City,Thunder,OKC,thunder,201142,Kevin,Durant,K. Durant,kevin-durant,F,,,53:32,113.8,113.8,113.2,113.2,0.6,0.6,0.059,1.0,5.1,0.018,0.19,0.105,5.1,0.55,0.617,0.272,0.272,103.11,103.11,85.93,116.0,0.181
0021500022,1610612760,Oklahoma City,Thunder,OKC,thunder,201586,Serge,Ibaka,S. Ibaka,serge-ibaka,F,,,32:41,95.9,95.9,115.8,115.8,-19.9,-19.9,0.0,0.0,0.0,0.158,0.182,0.169,7.7,0.333,0.333,0.149,0.149,109.41,109.41,91.18,73.0,0.052
0021500022,1610612760,Oklahoma City,Thunder,OKC,thunder,203500,Steven,Adams,S. Adams,steven-adams,C,,,35:55,106.3,106.3,111.5,111.5,-5.2,-5.2,0.069,1.0,18.2,0.116,0.077,0.098,18.2,0.6,0.666,0.095,0.095,104.93,104.93,87.44,79.0,0.069
0021500022,1610612760,Oklahoma City,Thunder,OKC,thunder,203460,Andre,Roberson,A. Roberson,andre-roberson,G,,,18:48,107.9,107.9,120.0,120.0,-12.1,-12.1,0.0,0.0,0.0,0.0,0.111,0.056,66.7,0.0,0.0,0.07,0.07,105.96,105.96,88.3,38.0,-0.012
0021500022,1610612760,Oklahoma City,Thunder,OKC,thunder,201566,Russell,Westbrook,R. Westbrook,russell-westbrook,G,,,47:35,111.5,111.5,108.6,108.6,3.0,3.0,0.296,1.33,14.0,0.096,0.113,0.105,10.5,0.486,0.558,0.402,0.402,105.42,105.42,87.85,104.0,0.197
0021500022,1610612760,Oklahoma City,Thunder,OKC,thunder,201627,Anthony,Morrow,A. Morrow,anthony-morrow,,,,14:04,100.0,100.0,117.6,117.6,-17.6,-17.6,0.0,0.0,0.0,0.0,0.071,0.032,25.0,0.5,0.5,0.1,0.1,112.61,112.61,93.84,32.0,0.05
0021500022,1610612760,Oklahoma City,Thunder,OKC,thunder,201571,D.J.,Augustin,D. Augustin,dj-augustin,,,,28:14,123.0,123.0,89.5,89.5,33.5,33.5,0.227,0.0,41.7,0.033,0.031,0.032,0.0,0.833,0.872,0.097,0.097,100.3,100.3,83.58,61.0,0.178
0021500022,1610612760,Oklahoma City,Thunder,OKC,thunder,203079,Dion,Waiters,D. Waiters,dion-waiters,,,,28:34,124.6,124.6,88.1,88.1,36.5,36.5,0.08,0.67,18.2,0.0,0.206,0.106,27.3,0.25,0.25,0.123,0.123,100.8,100.8,84.0,61.0,0.02
0021500022,1610612760,Oklahoma City,Thunder,OKC,thunder,202683,Enes,Freedom,E. Freedom,enes-freedom,,,,18:02,121.1,121.1,94.9,94.9,26.2,26.2,0.0,0.0,0.0,0.25,0.095,0.162,18.2,0.5,0.536,0.256,0.256,102.46,102.46,85.38,38.0,0.028
0021500022,1610612760,Oklahoma City,Thunder,OKC,thunder,202713,Kyle,Singler,K. Singler,kyle-singler,,,,12:35,79.3,79.3,100.0,100.0,-20.7,-20.7,0.0,0.0,0.0,0.0,0.077,0.032,20.0,0.333,0.387,0.143,0.143,108.72,108.72,90.6,29.0,0.0
0021500022,1610612760,Oklahoma City,Thunder,OKC,thunder,2555,Nick,Collison,N. Collison,nick-collison,,DNP - Coach's Decision,,,0.0,0.0,0.0,0.0,0.0,0.0,0.0,0.0,0.0,0.0,0.0,0.0,0.0,0.0,0.0,0.0,0.0,0.0,0.0,0.0,0.0,0.0
0021500022,1610612760,Oklahoma City,Thunder,OKC,thunder,203956,Mitch,McGary,M. McGary,mitch-mcgary,,DNP - Coach's Decision,,,0.0,0.0,0.0,0.0,0.0,0.0,0.0,0.0,0.0,0.0,0.0,0.0,0.0,0.0,0.0,0.0,0.0,0.0,0.0,0.0,0.0,0.0
0021500022,1610612760,Oklahoma City,Thunder,OKC,thunder,200779,Steve,Novak,S. Novak,steve-novak,,DNP - Coach's Decision,,,0.0,0.0,0.0,0.0,0.0,0.0,0.0,0.0,0.0,0.0,0.0,0.0,0.0,0.0,0.0,0.0,0.0,0.0,0.0,0.0,0.0,0.0
0021500022,1610612753,Orlando,Magic,ORL,magic,203095,Evan,Fournier,E. Fournier,evan-fournier,F,,,44:42,110.1,110.1,109.5,109.5,0.6,0.6,0.103,1.5,10.7,0.02,0.082,0.051,7.1,0.429,0.465,0.216,0.216,104.16,104.16,86.8,99.0,0.073
0021500022,1610612753,Orlando,Magic,ORL,magic,202699,Tobias,Harris,T. Harris,tobias-harris,F,,,46:17,110.9,110.9,111.8,111.8,-0.9,-0.9,0.133,0.8,11.8,0.08,0.098,0.089,14.7,0.526,0.618,0.259,0.259,105.26,105.26,87.72,101.0,0.121
0021500022,1610612753,Orlando,Magic,ORL,magic,202696,Nikola,Vučević,N. Vučević,nikola-vučević,C,,,45:05,113.1,113.1,111.2,111.2,1.9,1.9,0.0,0.0,0.0,0.063,0.082,0.072,5.3,0.714,0.742,0.17,0.17,104.86,104.86,87.38,99.0,0.126
0021500022,1610612753,Orlando,Magic,ORL,magic,203506,Victor,Oladipo,V. Oladipo,victor-oladipo,G,,,50:40,105.5,105.5,113.6,113.6,-8.2,-8.2,0.313,2.0,23.3,0.0,0.236,0.118,11.6,0.352,0.377,0.26,0.26,104.22,104.22,86.85,110.0,0.101
0021500022,1610612753,Orlando,Magic,ORL,magic,203901,Elfrid,Payton,E. Payton,elfrid-payton,G,,,36:47,110.5,110.5,116.7,116.7,-6.1,-6.1,0.227,0.0,29.4,0.025,0.053,0.038,0.0,0.545,0.589,0.136,0.136,100.46,100.46,83.72,76.0,0.083
0021500022,1610612753,Orlando,Magic,ORL,magic,201228,C.J.,Watson,C. Watson,cj-watson,,,,20:58,100.0,100.0,93.8,93.8,6.3,6.3,0.167,0.0,37.5,0.0,0.115,0.061,0.0,0.3,0.3,0.091,0.091,108.74,108.74,90.62,47.0,0.08
0021500022,1610612753,Orlando,Magic,ORL,magic,1626209,Mario,Hezonja,M. Hezonja,mario-hezonja,,,,14:16,106.3,106.3,96.8,96.8,9.5,9.5,0.0,0.0,0.0,0.0,0.0,0.0,40.0,0.5,0.5,0.143,0.143,105.94,105.94,88.29,32.0,-0.045
0021500022,1610612753,Orlando,Magic,ORL,magic,203932,Aaron,Gordon,A. Gordon,aaron-gordon,,,,17:51,107.7,107.7,120.0,120.0,-12.3,-12.3,0.0,0.0,0.0,0.053,0.118,0.083,11.1,1.125,0.997,0.191,0.191,106.24,106.24,88.53,39.0,0.169
0021500022,1610612753,Orlando,Magic,ORL,magic,203473,Dewayne,Dedmon,D. Dedmon,dewayne-dedmon,,,,12:54,88.9,88.9,103.6,103.6,-14.7,-14.7,0.0,0.0,0.0,0.267,0.133,0.2,0.0,0.5,0.5,0.059,0.059,102.38,102.38,85.32,27.0,0.157
0021500022,1610612753,Orlando,Magic,ORL,magic,203894,Shabazz,Napier,S. Napier,shabazz-napier,,,,0:30,0.0,0.0,0.0,0.0,0.0,0.0,0.0,0.0,0.0,0.0,0.0,0.0,0.0,0.0,0.0,0.0,0.0,145.45,145.45,121.21,1.0,0.0
0021500022,1610612753,Orlando,Magic,ORL,magic,101112,Channing,Frye,C. Frye,channing-frye,,DNP - Coach's Decision,,,0.0,0.0,0.0,0.0,0.0,0.0,0.0,0.0,0.0,0.0,0.0,0.0,0.0,0.0,0.0,0.0,0.0,0.0,0.0,0.0,0.0,0.0
0021500022,1610612753,Orlando,Magic,ORL,magic,203094,Andrew,Nicholson,A. Nicholson,andrew-nicholson,,DNP - Coach's Decision,,,0.0,0.0,0.0,0.0,0.0,0.0,0.0,0.0,0.0,0.0,0.0,0.0,0.0,0.0,0.0,0.0,0.0,0.0,0.0,0.0,0.0,0.0
0021500022,1610612753,Orlando,Magic,ORL,magic,201160,Jason,Smith,J. Smith,jason-smith,,DNP - Coach's Decision,,,0.0,0.0,0.0,0.0,0.0,0.0,0.0,0.0,0.0,0.0,0.0,0.0,0.0,0.0,0.0,0.0,0.0,0.0,0.0,0.0,0.0,0.0
0021500024,1610612761,Toronto,Raptors,TOR,raptors,201960,DeMarre,Carroll,D. Carroll,demarre-carroll,F,,,34:44,89.0,89.0,92.5,92.5,-3.5,-3.5,0.143,0.5,8.7,0.023,0.087,0.056,17.4,0.625,0.622,0.226,0.226,111.94,111.94,93.28,82.0,0.14
0021500024,1610612761,Toronto,Raptors,TOR,raptors,2449,Luis,Scola,L. Scola,luis-scola,F,,,22:26,103.8,103.8,83.0,83.0,20.8,20.8,0.071,0.5,8.3,0.125,0.24,0.184,16.7,0.5,0.5,0.186,0.186,113.4,113.4,94.5,53.0,0.127
0021500024,1610612761,Toronto,Raptors,TOR,raptors,202685,Jonas,Valančiūnas,J. Valančiūnas,jonas-valančiūnas,C,,,23:16,107.8,107.8,94.2,94.2,13.6,13.6,0.118,1.0,18.2,0.045,0.36,0.213,18.2,0.333,0.436,0.161,0.161,106.25,106.25,88.54,51.0,0.092
0021500024,1610612761,Toronto,Raptors,TOR,raptors,201942,DeMar,DeRozan,D. DeRozan,demar-derozan,G,,,34:45,112.7,112.7,96.2,96.2,16.5,16.5,0.273,2.0,20.0,0.029,0.143,0.091,10.0,0.367,0.543,0.273,0.273,109.12,109.12,90.94,79.0,0.157
0021500024,1610612761,Toronto,Raptors,TOR,raptors,200768,Kyle,Lowry,K. Lowry,kyle-lowry,G,,,34:14,105.1,105.1,98.8,98.8,6.4,6.4,0.429,3.0,33.3,0.027,0.14,0.088,11.1,0.273,0.455,0.207,0.207,110.8,110.8,92.33,78.0,0.136
0021500024,1610612761,Toronto,Raptors,TOR,raptors,202335,Patrick,Patterson,P. Patterson,patrick-patterson,,,,24:44,103.6,103.6,105.7,105.7,-2.1,-2.1,0.0,0.0,0.0,0.0,0.0,0.0,12.5,0.5,0.581,0.136,0.136,105.74,105.74,88.12,56.0,0.01
0021500024,1610612761,Toronto,Raptors,TOR,raptors,202687,Bismack,Biyombo,B. Biyombo,bismack-biyombo,,,,15:58,102.6,102.6,82.5,82.5,20.1,20.1,0.0,0.0,0.0,0.111,0.167,0.143,25.0,0.5,0.694,0.091,0.091,117.29,117.29,97.74,38.0,0.046
0021500024,1610612761,Toronto,Raptors,TOR,raptors,203082,Terrence,Ross,T. Ross,terrence-ross,,,,21:06,97.9,97.9,95.7,95.7,2.2,2.2,0.0,0.0,0.0,0.0,0.182,0.105,13.3,0.75,0.788,0.294,0.294,108.06,108.06,90.05,48.0,0.281
0021500024,1610612761,Toronto,Raptors,TOR,raptors,202709,Cory,Joseph,C. Joseph,cory-joseph,,,,18:11,97.7,97.7,100.0,100.0,-2.3,-2.3,0.2,2.0,25.0,0.0,0.045,0.027,12.5,0.7,0.7,0.13,0.13,110.92,110.92,92.43,43.0,0.07
0021500024,1610612761,Toronto,Raptors,TOR,raptors,203461,Anthony,Bennett,A. Bennett,anthony-bennett,,,,2:43,100.0,100.0,62.5,62.5,37.5,37.5,0.0,0.0,0.0,0.0,0.75,0.6,100.0,0.0,0.0,0.25,0.25,141.35,141.35,117.79,8.0,-0.5
0021500024,1610612761,Toronto,Raptors,TOR,raptors,201949,James,Johnson,J. Johnson,james-johnson,,,,7:54,106.3,106.3,81.3,81.3,25.0,25.0,0.125,0.0,100.0,0.0,0.091,0.056,0.0,0.0,0.0,0.0,0.0,97.22,97.22,81.01,16.0,0.033
0021500024,1610612761,Toronto,Raptors,TOR,raptors,1626181,Norman,Powell,N. Powell,norman-powell,,DNP - Coach's Decision,,,0.0,0.0,0.0,0.0,0.0,0.0,0.0,0.0,0.0,0.0,0.0,0.0,0.0,0.0,0.0,0.0,0.0,0.0,0.0,0.0,0.0,0.0
0021500024,1610612761,Toronto,Raptors,TOR,raptors,1626153,Delon,Wright,D. Wright,delon-wright,,DNP - Coach's Decision,,,0.0,0.0,0.0,0.0,0.0,0.0,0.0,0.0,0.0,0.0,0.0,0.0,0.0,0.0,0.0,0.0,0.0,0.0,0.0,0.0,0.0,0.0
0021500024,1610612738,Boston,Celtics,BOS,celtics,203109,Jae,Crowder,J. Crowder,jae-crowder,F,,,33:55,96.1,96.1,105.3,105.3,-9.2,-9.2,0.182,2.0,28.6,0.023,0.097,0.054,14.3,0.167,0.405,0.118,0.118,107.56,107.56,89.63,76.0,0.063
0021500024,1610612738,Boston,Celtics,BOS,celtics,101135,David,Lee,D. Lee,david-lee,F,,,17:02,80.5,80.5,97.7,97.7,-17.2,-17.2,0.2,2.0,22.2,0.095,0.222,0.154,11.1,0.4,0.51,0.163,0.163,118.36,118.36,98.63,41.0,0.152
0021500024,1610612738,Boston,Celtics,BOS,celtics,203092,Tyler,Zeller,T. Zeller,tyler-zeller,C,,,16:29,97.3,97.3,116.2,116.2,-18.9,-18.9,0.111,0.0,10.0,0.0,0.0,0.0,0.0,0.5,0.563,0.231,0.231,107.75,107.75,89.79,37.0,0.058
0021500024,1610612738,Boston,Celtics,BOS,celtics,202340,Avery,Bradley,A. Bradley,avery-bradley,G,,,29:39,100.0,100.0,118.5,118.5,-18.5,-18.5,0.188,1.5,17.6,0.0,0.2,0.082,11.8,0.5,0.547,0.194,0.194,106.04,106.04,88.36,66.0,0.096
0021500024,1610612738,Boston,Celtics,BOS,celtics,203935,Marcus,Smart,M. Smart,marcus-smart,G,,,28:26,89.1,89.1,96.9,96.9,-7.9,-7.9,0.111,0.0,14.3,0.0,0.111,0.048,0.0,0.227,0.253,0.167,0.167,108.87,108.87,90.72,64.0,-0.011
0021500024,1610612738,Boston,Celtics,BOS,celtics,202738,Isaiah,Thomas,I. Thomas,isaiah-thomas,,,,29:07,103.0,103.0,95.6,95.6,7.4,7.4,0.583,2.33,22.6,0.0,0.029,0.014,9.7,0.469,0.6,0.312,0.312,111.28,111.28,92.73,67.0,0.182
0021500024,1610612738,Boston,Celtics,BOS,celtics,203482,Kelly,Olynyk,K. Olynyk,kelly-olynyk,,,,16:36,90.0,90.0,87.5,87.5,2.5,2.5,0.0,0.0,0.0,0.048,0.05,0.049,0.0,0.45,0.486,0.244,0.244,115.66,115.66,96.39,40.0,0.134
0021500024,1610612738,Boston,Celtics,BOS,celtics,101161,Amir,Johnson,A. Johnson,amir-johnson,,,,18:58,97.7,97.7,95.5,95.5,2.2,2.2,0.222,0.67,18.2,0.045,0.292,0.174,27.3,1.167,0.975,0.184,0.184,110.09,110.09,91.74,43.0,0.254
0021500024,1610612738,Boston,Celtics,BOS,celtics,202323,Evan,Turner,E. Turner,evan-turner,,,,27:30,96.8,96.8,106.5,106.5,-9.7,-9.7,0.063,0.25,5.6,0.032,0.125,0.073,22.2,0.182,0.235,0.25,0.25,108.22,108.22,90.18,62.0,-0.063
0021500024,1610612738,Boston,Celtics,BOS,celtics,203096,Jared,Sullinger,J. Sullinger,jared-sullinger,,,,14:14,96.9,96.9,106.3,106.3,-9.4,-9.4,0.25,1.0,20.0,0.0,0.214,0.1,20.0,1.0,0.872,0.114,0.114,107.95,107.95,89.96,32.0,0.088
0021500024,1610612738,Boston,Celtics,BOS,celtics,201973,Jonas,Jerebko,J. Jerebko,jonas-jerebko,,,,8:04,63.2,63.2,94.7,94.7,-31.6,-31.6,0.0,0.0,0.0,0.1,0.111,0.105,33.3,0.0,0.532,0.143,0.143,113.06,113.06,94.21,19.0,0.059
0021500024,1610612738,Boston,Celtics,BOS,celtics,1626154,RJ,Hunter,R. Hunter,rj-hunter,,DNP - Coach's Decision,,,0.0,0.0,0.0,0.0,0.0,0.0,0.0,0.0,0.0,0.0,0.0,0.0,0.0,0.0,0.0,0.0,0.0,0.0,0.0,0.0,0.0,0.0
0021500024,1610612738,Boston,Celtics,BOS,celtics,1626179,Terry,Rozier,T. Rozier,terry-rozier,,DNP - Coach's Decision,,,0.0,0.0,0.0,0.0,0.0,0.0,0.0,0.0,0.0,0.0,0.0,0.0,0.0,0.0,0.0,0.0,0.0,0.0,0.0,0.0,0.0,0.0
0021500027,1610612764,Washington,Wizards,WAS,wizards,203490,Otto,Porter Jr.,O. Porter Jr.,otto-porter-jr,F,,,30:59,93.8,93.8,116.4,116.4,-22.6,-22.6,0.176,1.0,25.0,0.0,0.148,0.073,25.0,0.5,0.51,0.125,0.125,102.26,102.26,85.22,65.0,0.037
0021500027,1610612764,Washington,Wizards,WAS,wizards,2743,Kris,Humphries,K. Humphries,kris-humphries,F,,,14:11,67.7,67.7,112.5,112.5,-44.8,-44.8,0.0,0.0,0.0,0.143,0.1,0.125,16.7,0.375,0.512,0.167,0.167,106.6,106.6,88.84,31.0,0.065
0021500027,1610612764,Washington,Wizards,WAS,wizards,101162,Marcin,Gortat,M. Gortat,marcin-gortat,C,,,26:29,101.7,101.7,120.3,120.3,-18.6,-18.6,0.071,0.33,8.3,0.15,0.25,0.205,25.0,0.5,0.58,0.172,0.172,106.03,106.03,88.36,58.0,0.079
0021500027,1610612764,Washington,Wizards,WAS,wizards,203078,Bradley,Beal,B. Beal,bradley-beal,G,,,29:43,114.5,114.5,100.0,100.0,14.5,14.5,0.231,0.6,11.5,0.048,0.083,0.067,19.2,0.719,0.732,0.333,0.333,100.15,100.15,83.46,62.0,0.129
0021500027,1610612764,Washington,Wizards,WAS,wizards,202322,John,Wall,J. Wall,john-wall,G,,,33:53,119.7,119.7,115.5,115.5,4.2,4.2,0.455,2.0,34.5,0.0,0.033,0.019,17.2,0.45,0.66,0.247,0.247,100.6,100.6,83.83,71.0,0.141
0021500027,1610612764,Washington,Wizards,WAS,wizards,2400,Drew,Gooden,D. Gooden,drew-gooden,,,,8:27,144.4,144.4,123.5,123.5,20.9,20.9,0.0,0.0,0.0,0.0,0.125,0.071,0.0,0.0,1.136,0.053,0.053,99.41,99.41,82.84,18.0,0.115
0021500027,1610612764,Washington,Wizards,WAS,wizards,202390,Gary,Neal,G. Neal,gary-neal,,,,21:58,130.4,130.4,113.0,113.0,17.4,17.4,0.154,0.0,14.3,0.053,0.045,0.049,0.0,0.389,0.558,0.24,0.24,100.5,100.5,83.75,46.0,0.098
0021500027,1610612764,Washington,Wizards,WAS,wizards,2403,Nene,Hilario,Nene,nene-hilario,,,,21:31,140.5,140.5,97.7,97.7,42.8,42.8,0.267,4.0,36.4,0.063,0.368,0.229,9.1,1.0,0.798,0.156,0.156,94.81,94.81,79.01,42.0,0.179
0021500027,1610612764,Washington,Wizards,WAS,wizards,201196,Ramon,Sessions,R. Sessions,ramon-sessions,,,,26:14,133.3,133.3,101.8,101.8,31.5,31.5,0.0,0.0,0.0,0.0,0.0,0.0,12.5,0.75,0.786,0.281,0.281,99.72,99.72,83.1,54.0,0.157
0021500027,1610612764,Washington,Wizards,WAS,wizards,201162,Jared,Dudley,J. Dudley,jared-dudley,,,,25:22,136.5,136.5,107.7,107.7,28.8,28.8,0.1,2.0,28.6,0.0,0.24,0.146,14.3,0.833,0.773,0.091,0.091,98.4,98.4,82.0,52.0,0.087
0021500027,1610612764,Washington,Wizards,WAS,wizards,1626162,Kelly,Oubre Jr.,K. Oubre Jr.,kelly-oubre-jr,,,,1:07,166.7,166.7,250.0,250.0,-83.3,-83.3,0.0,0.0,0.0,0.0,0.0,0.0,0.0,0.0,0.0,0.0,0.0,108.27,108.27,90.23,3.0,0.0
0021500027,1610612764,Washington,Wizards,WAS,wizards,202066,Garrett,Temple,G. Temple,garrett-temple,,,,0:07,0.0,0.0,400.0,400.0,-400.0,-400.0,0.0,0.0,0.0,0.0,0.0,0.0,0.0,0.0,0.0,0.0,0.0,208.7,208.7,173.91,0.0,-0.25
0021500027,1610612764,Washington,Wizards,WAS,wizards,201971,DeJuan,Blair,D. Blair,dejuan-blair,,DNP - Coach's Decision,,,0.0,0.0,0.0,0.0,0.0,0.0,0.0,0.0,0.0,0.0,0.0,0.0,0.0,0.0,0.0,0.0,0.0,0.0,0.0,0.0,0.0,0.0
0021500027,1610612749,Milwaukee,Bucks,MIL,bucks,203507,Giannis,Antetokounmpo,G. Antetokounmpo,giannis-antetokounmpo,F,,,34:09,106.8,106.8,118.9,118.9,-12.1,-12.1,0.095,0.33,7.4,0.086,0.24,0.15,22.2,0.633,0.696,0.316,0.316,103.31,103.31,86.09,73.0,0.132
0021500027,1610612749,Milwaukee,Bucks,MIL,bucks,203948,Johnny,O'Bryant III,J. O'Bryant III,johnny-obryant-iii,F,,,27:43,119.0,119.0,112.1,112.1,6.9,6.9,0.091,0.0,20.0,0.045,0.053,0.049,0.0,0.4,0.589,0.131,0.131,100.46,100.46,83.72,58.0,0.047
0021500027,1610612749,Milwaukee,Bucks,MIL,bucks,202328,Greg,Monroe,G. Monroe,greg-monroe,C,,,34:56,123.6,123.6,117.8,117.8,5.8,5.8,0.143,1.5,15.0,0.065,0.136,0.094,10.0,0.714,0.718,0.215,0.215,99.62,99.62,83.02,72.0,0.143
0021500027,1610612749,Milwaukee,Bucks,MIL,bucks,203114,Khris,Middleton,K. Middleton,khris-middleton,G,,,38:53,115.9,115.9,117.5,117.5,-1.6,-1.6,0.172,5.0,22.7,0.0,0.107,0.05,4.5,0.464,0.541,0.191,0.191,99.99,99.99,83.33,82.0,0.081
0021500027,1610612749,Milwaukee,Bucks,MIL,bucks,203487,Michael,Carter-Williams,M. Carter-Williams,michael-carter-williams,G,,,35:32,110.3,110.3,103.9,103.9,6.3,6.3,0.407,3.67,42.3,0.0,0.188,0.094,11.5,0.542,0.542,0.176,0.176,104.02,104.02,86.68,78.0,0.147
0021500027,1610612749,Milwaukee,Bucks,MIL,bucks,203142,Chris,Copeland,C. Copeland,chris-copeland,,,,8:50,133.3,133.3,100.0,100.0,33.3,33.3,0.143,0.0,20.0,0.0,0.286,0.154,0.0,0.75,0.75,0.2,0.2,97.74,97.74,81.45,18.0,0.057
0021500027,1610612749,Milwaukee,Bucks,MIL,bucks,201573,Jerryd,Bayless,J. Bayless,jerryd-bayless,,,,27:02,110.7,110.7,132.7,132.7,-22.0,-22.0,0.222,4.0,23.5,0.0,0.0,0.0,5.9,0.545,0.568,0.206,0.206,98.55,98.55,82.12,56.0,0.093
0021500027,1610612749,Milwaukee,Bucks,MIL,bucks,203101,Miles,Plumlee,M. Plumlee,miles-plumlee,,,,13:04,82.8,82.8,114.3,114.3,-31.5,-31.5,0.0,0.0,0.0,0.0,0.143,0.077,25.0,0.667,0.667,0.129,0.129,104.69,104.69,87.24,29.0,0.049
0021500027,1610612749,Milwaukee,Bucks,MIL,bucks,203996,Damien,Inglis,D. Inglis,damien-inglis,,,,3:15,100.0,100.0,175.0,175.0,-75.0,-75.0,0.0,0.0,0.0,0.0,0.333,0.143,0.0,0.0,0.0,0.125,0.125,110.77,110.77,92.31,7.0,-0.056
0021500027,1610612749,Milwaukee,Bucks,MIL,bucks,202349,Greivis,Vasquez,G. Vasquez,greivis-vasquez,,,,16:36,88.6,88.6,124.2,124.2,-35.7,-35.7,0.455,2.5,50.0,0.0,0.182,0.071,20.0,0.0,0.0,0.132,0.132,98.31,98.31,81.93,35.0,-0.035
0021500027,1610612749,Milwaukee,Bucks,MIL,bucks,203089,John,Henson,J. Henson,john-henson,,DND - Sore Left Achilles,,,0.0,0.0,0.0,0.0,0.0,0.0,0.0,0.0,0.0,0.0,0.0,0.0,0.0,0.0,0.0,0.0,0.0,0.0,0.0,0.0,0.0,0.0
0021500027,1610612749,Milwaukee,Bucks,MIL,bucks,201564,O.J.,Mayo,O. Mayo,oj-mayo,,DND - Right Hamstring Strain,,,0.0,0.0,0.0,0.0,0.0,0.0,0.0,0.0,0.0,0.0,0.0,0.0,0.0,0.0,0.0,0.0,0.0,0.0,0.0,0.0,0.0,0.0
0021500027,1610612749,Milwaukee,Bucks,MIL,bucks,1626173,Rashad,Vaughn,R. Vaughn,rashad-vaughn,,DNP - Coach's Decision,,,0.0,0.0,0.0,0.0,0.0,0.0,0.0,0.0,0.0,0.0,0.0,0.0,0.0,0.0,0.0,0.0,0.0,0.0,0.0,0.0,0.0,0.0
0021500023,1610612762,Utah,Jazz,UTA,jazz,202330,Gordon,Hayward,G. Hayward,gordon-hayward,F,,,31:10,108.2,108.2,82.0,82.0,26.2,26.2,0.211,4.0,20.0,0.059,0.156,0.106,5.0,0.292,0.41,0.222,0.222,93.95,93.95,78.29,61.0,0.122
0021500023,1610612762,Utah,Jazz,UTA,jazz,202324,Derrick,Favors,D. Favors,derrick-favors,F,,,29:17,108.9,108.9,78.9,78.9,30.0,30.0,0.071,0.0,4.5,0.061,0.37,0.2,0.0,0.353,0.467,0.323,0.323,92.61,92.61,77.18,56.0,0.253
0021500023,1610612762,Utah,Jazz,UTA,jazz,203497,Rudy,Gobert,R. Gobert,rudy-gobert,C,,,31:32,124.1,124.1,63.3,63.3,60.8,60.8,0.091,2.0,20.0,0.182,0.156,0.169,10.0,0.5,0.581,0.111,0.111,89.81,89.81,74.84,58.0,0.207
0021500023,1610612762,Utah,Jazz,UTA,jazz,203918,Rodney,Hood,R. Hood,rodney-hood,G,,,22:37,114.6,114.6,78.0,78.0,36.6,36.6,0.111,1.0,5.9,0.0,0.0,0.0,5.9,0.536,0.571,0.314,0.314,87.02,87.02,72.51,41.0,0.11
0021500023,1610612762,Utah,Jazz,UTA,jazz,203526,Raul,Neto,R. Neto,raul-neto,G,,,20:32,100.0,100.0,65.9,65.9,34.1,34.1,0.273,0.0,33.3,0.0,0.0,0.0,0.0,0.6,0.595,0.125,0.125,95.84,95.84,79.87,41.0,0.159
0021500023,1610612762,Utah,Jazz,UTA,jazz,202407,Elijah,Millsap,E. Millsap,elijah-millsap,,,,5:24,145.5,145.5,81.8,81.8,63.6,63.6,0.0,0.0,0.0,0.167,0.0,0.083,0.0,0.333,0.333,0.214,0.214,97.78,97.78,81.48,11.0,-0.073
0021500023,1610612762,Utah,Jazz,UTA,jazz,202692,Alec,Burks,A. Burks,alec-burks,,,,26:49,113.2,113.2,69.2,69.2,44.0,44.0,0.056,0.33,7.7,0.034,0.207,0.121,23.1,0.813,0.805,0.194,0.194,93.97,93.97,78.31,53.0,0.223
0021500023,1610612762,Utah,Jazz,UTA,jazz,203504,Trey,Burke,T. Burke,trey-burke,,,,27:28,116.0,116.0,84.6,84.6,31.4,31.4,0.333,0.0,37.5,0.0,0.103,0.051,0.0,0.5,0.5,0.167,0.167,89.13,89.13,74.27,50.0,0.191
0021500023,1610612762,Utah,Jazz,UTA,jazz,202344,Trevor,Booker,T. Booker,trevor-booker,,,,17:55,100.0,100.0,81.8,81.8,18.2,18.2,0.0,0.0,0.0,0.0,0.188,0.081,0.0,0.2,0.2,0.132,0.132,87.07,87.07,72.56,32.0,-0.021
0021500023,1610612762,Utah,Jazz,UTA,jazz,1626168,Trey,Lyles,T. Lyles,trey-lyles,,,,7:33,81.3,81.3,62.5,62.5,18.8,18.8,0.0,0.0,0.0,0.0,0.286,0.125,25.0,0.0,0.0,0.222,0.222,101.72,101.72,84.77,16.0,-0.25
0021500023,1610612762,Utah,Jazz,UTA,jazz,204060,Joe,Ingles,J. Ingles,joe-ingles,,,,13:43,77.8,77.8,92.9,92.9,-15.1,-15.1,0.0,0.0,0.0,0.0,0.071,0.036,0.0,0.5,0.5,0.069,0.069,96.23,96.23,80.19,27.0,0.036
0021500023,1610612762,Utah,Jazz,UTA,jazz,203187,Chris,Johnson,C. Johnson,chris-johnson,,,,3:49,62.5,62.5,75.0,75.0,-12.5,-12.5,1.0,0.0,33.3,0.2,0.5,0.333,0.0,0.5,0.5,0.2,0.2,100.61,100.61,83.84,8.0,0.9
0021500023,1610612762,Utah,Jazz,UTA,jazz,202353,Tibor,Pleiss,T. Pleiss,tibor-pleiss,,,,2:11,50.0,50.0,100.0,100.0,-50.0,-50.0,0.0,0.0,0.0,0.0,0.333,0.2,0.0,1.0,1.0,0.167,0.167,120.92,120.92,100.76,6.0,0.2
0021500023,1610612755,Philadelphia,76ers,PHI,sixers,203960,JaKarr,Sampson,J. Sampson,jakarr-sampson,F,,,20:29,61.0,61.0,133.3,133.3,-72.4,-72.4,0.2,0.5,14.3,0.0,0.182,0.093,28.6,0.333,0.387,0.133,0.133,97.25,97.25,81.04,41.0,-0.036
0021500023,1610612755,Philadelphia,76ers,PHI,sixers,203457,Nerlens,Noel,N. Noel,nerlens-noel,F,,,35:49,79.4,79.4,113.8,113.8,-34.4,-34.4,0.143,1.0,11.1,0.121,0.158,0.141,11.1,0.167,0.291,0.213,0.213,89.12,89.12,74.27,68.0,0.041
0021500023,1610612755,Philadelphia,76ers,PHI,sixers,1626143,Jahlil,Okafor,J. Okafor,jahlil-okafor,C,,,36:04,66.7,66.7,119.7,119.7,-53.0,-53.0,0.125,0.5,5.9,0.028,0.132,0.081,11.8,0.333,0.363,0.222,0.222,87.84,87.84,73.2,66.0,0.028
0021500023,1610612755,Philadelphia,76ers,PHI,sixers,203138,Hollis,Thompson,H. Thompson,hollis-thompson,G,,,31:32,65.0,65.0,108.5,108.5,-43.5,-43.5,0.143,1.0,10.0,0.028,0.083,0.056,10.0,0.571,0.635,0.138,0.138,90.57,90.57,75.48,60.0,0.076
0021500023,1610612755,Philadelphia,76ers,PHI,sixers,203477,Isaiah,Canaan,I. Canaan,isaiah-canaan,G,,,31:12,82.8,82.8,110.3,110.3,-27.6,-27.6,0.167,0.5,10.5,0.031,0.121,0.077,21.1,0.167,0.373,0.258,0.258,89.24,89.24,74.37,58.0,-0.032
0021500023,1610612755,Philadelphia,76ers,PHI,sixers,203917,Nik,Stauskas,N. Stauskas,nik-stauskas,,,,21:17,92.9,92.9,109.8,109.8,-16.9,-16.9,0.286,2.0,18.2,0.0,0.12,0.065,9.1,0.667,0.732,0.196,0.196,93.58,93.58,77.98,42.0,0.176
0021500023,1610612755,Philadelphia,76ers,PHI,sixers,203924,Jerami,Grant,J. Grant,jerami-grant,,,,25:29,80.4,80.4,84.0,84.0,-3.6,-3.6,0.25,0.67,12.5,0.0,0.172,0.094,18.8,0.5,0.558,0.255,0.255,95.12,95.12,79.27,51.0,0.187
0021500023,1610612755,Philadelphia,76ers,PHI,sixers,204456,T.J.,McConnell,T. McConnell,tj-mcconnell,,,,26:29,90.2,90.2,90.6,90.6,-0.4,-0.4,0.333,1.33,36.4,0.038,0.034,0.036,27.3,0.25,0.25,0.123,0.123,94.25,94.25,78.54,51.0,0.035
0021500023,1610612755,Philadelphia,76ers,PHI,sixers,1626158,Richaun,Holmes,R. Holmes,richaun-holmes,,,,6:11,83.3,83.3,69.2,69.2,14.1,14.1,0.0,0.0,0.0,0.0,0.0,0.0,0.0,0.0,0.568,0.083,0.083,97.04,97.04,80.86,12.0,0.038
0021500023,1610612755,Philadelphia,76ers,PHI,sixers,1626174,Christian,Wood,C. Wood,christian-wood,,,,5:28,75.0,75.0,116.7,116.7,-41.7,-41.7,0.0,0.0,0.0,0.0,0.0,0.0,0.0,0.0,0.543,0.25,0.25,105.37,105.37,87.8,12.0,0.065
0021500023,1610612755,Philadelphia,76ers,PHI,sixers,203496,Robert,Covington,R. Covington,robert-covington,,DNP - Coach's Decision,,,0.0,0.0,0.0,0.0,0.0,0.0,0.0,0.0,0.0,0.0,0.0,0.0,0.0,0.0,0.0,0.0,0.0,0.0,0.0,0.0,0.0,0.0
0021500023,1610612755,Philadelphia,76ers,PHI,sixers,203088,Kendall,Marshall,K. Marshall,kendall-marshall,,DNP - Coach's Decision,,,0.0,0.0,0.0,0.0,0.0,0.0,0.0,0.0,0.0,0.0,0.0,0.0,0.0,0.0,0.0,0.0,0.0,0.0,0.0,0.0,0.0,0.0
