gameId,teamId,teamCity,teamName,teamTricode,teamSlug,personId,firstName,familyName,nameI,playerSlug,position,comment,jerseyNum,minutes,percentageFieldGoalsAttempted2pt,percentageFieldGoalsAttempted3pt,percentagePoints2pt,percentagePointsMidrange2pt,percentagePoints3pt,percentagePointsFastBreak,percentagePointsFreeThrow,percentagePointsOffTurnovers,percentagePointsPaint,percentageAssisted2pt,percentageUnassisted2pt,percentageAssisted3pt,percentageUnassisted3pt,percentageAssistedFGM,percentageUnassistedFGM
0022000002,1610612746,LA,Clippers,LAC,clippers,202695,Kawhi,Leonard,K. Leonard,kawhi-leonard,F,,,34:00,0.692,0.308,0.692,0.077,0.115,0.0,0.192,0.077,0.615,0.444,0.556,1.0,0.0,0.5,0.5
0022000002,1610612746,LA,Clippers,LAC,clippers,201587,Nicolas,Batum,N. Batum,nicolas-batum,F,,,28:10,0.25,0.75,0.0,0.0,1.0,0.0,0.0,0.0,0.0,0.0,0.0,1.0,0.0,1.0,0.0
0022000002,1610612746,LA,Clippers,LAC,clippers,201586,Serge,Ibaka,S. Ibaka,serge-ibaka,C,,,20:32,0.571,0.429,0.4,0.133,0.4,0.0,0.2,0.0,0.267,0.667,0.333,1.0,0.0,0.8,0.2
0022000002,1610612746,LA,Clippers,LAC,clippers,202331,Paul,George,P. George,paul-george,G,,,35:46,0.556,0.444,0.485,0.182,0.455,0.242,0.061,0.273,0.303,0.25,0.75,0.2,0.8,0.231,0.769
0022000002,1610612746,LA,Clippers,LAC,clippers,201976,Patrick,Beverley,P. Beverley,patrick-beverley,G,,,22:07,0.444,0.556,0.4,0.0,0.6,0.3,0.0,0.0,0.4,0.0,1.0,1.0,0.0,0.5,0.5
0022000002,1610612746,LA,Clippers,LAC,clippers,1627826,Ivica,Zubac,I. Zubac,ivica-zubac,,,,26:31,1.0,0.0,0.727,0.0,0.0,0.182,0.273,0.182,0.727,0.75,0.25,0.0,0.0,0.75,0.25
0022000002,1610612746,LA,Clippers,LAC,clippers,202335,Patrick,Patterson,P. Patterson,patrick-patterson,,,,19:37,0.2,0.8,0.0,0.0,1.0,0.0,0.0,0.0,0.0,0.0,0.0,1.0,0.0,1.0,0.0
0022000002,1610612746,LA,Clippers,LAC,clippers,101150,Lou,Williams,L. Williams,lou-williams,,,,25:56,0.556,0.444,0.364,0.0,0.545,0.273,0.091,0.273,0.364,0.5,0.5,0.5,0.5,0.5,0.5
0022000002,1610612746,LA,Clippers,LAC,clippers,1628379,Luke,Kennard,L. Kennard,luke-kennard,,,,21:03,0.5,0.5,1.0,0.0,0.0,0.0,0.0,0.0,1.0,0.5,0.5,0.0,0.0,0.5,0.5
0022000002,1610612746,LA,Clippers,LAC,clippers,1629611,Terance,Mann,T. Mann,terance-mann,,,,1:03,1.0,0.0,0.0,0.0,0.0,0.0,0.0,0.0,0.0,0.0,0.0,0.0,0.0,0.0,0.0
0022000002,1610612746,LA,Clippers,LAC,clippers,202704,Reggie,Jackson,R. Jackson,reggie-jackson,,,,3:21,0.333,0.667,0.0,0.0,0.0,0.0,0.0,0.0,0.0,0.0,0.0,0.0,0.0,0.0,0.0
0022000002,1610612746,LA,Clippers,LAC,clippers,1629662,Mfiondu,Kabengele,M. Kabengele,mfiondu-kabengele,,,,0:57,0.0,0.0,0.0,0.0,0.0,0.0,0.0,0.0,0.0,0.0,0.0,0.0,0.0,0.0,0.0
0022000002,1610612746,LA,Clippers,LAC,clippers,1629599,Amir,Coffey,A. Coffey,amir-coffey,,,,0:57,0.0,0.0,0.0,0.0,0.0,0.0,0.0,0.0,0.0,0.0,0.0,0.0,0.0,0.0,0.0
0022000002,1610612746,LA,Clippers,LAC,clippers,1630187,Daniel,Oturu,D. Oturu,daniel-oturu,,DNP - Coach's Decision,,,0.0,0.0,0.0,0.0,0.0,0.0,0.0,0.0,0.0,0.0,0.0,0.0,0.0,0.0,0.0
0022000002,1610612747,Los Angeles,Lakers,LAL,lakers,2544,LeBron,James,L. James,lebron-james,F,,,28:21,0.529,0.471,0.364,0.0,0.409,0.182,0.227,0.091,0.364,1.0,0.0,0.333,0.667,0.714,0.286
0022000002,1610612747,Los Angeles,Lakers,LAL,lakers,203076,Anthony,Davis,A. Davis,anthony-davis,F,,,30:53,0.867,0.133,0.889,0.667,0.0,0.0,0.111,0.0,0.222,0.25,0.75,0.0,0.0,0.25,0.75
0022000002,1610612747,Los Angeles,Lakers,LAL,lakers,201188,Marc,Gasol,M. Gasol,marc-gasol,C,,,12:02,0.0,0.0,0.0,0.0,0.0,0.0,0.0,0.0,0.0,0.0,0.0,0.0,0.0,0.0,0.0
0022000002,1610612747,Los Angeles,Lakers,LAL,lakers,203484,Kentavious,Caldwell-Pope,K. Caldwell-Pope,kentavious-caldwell-pope,G,,,23:03,0.25,0.75,0.222,0.0,0.333,0.556,0.444,0.222,0.222,1.0,0.0,0.0,1.0,0.5,0.5
0022000002,1610612747,Los Angeles,Lakers,LAL,lakers,203471,Dennis,Schröder,D. Schröder,dennis-schröder,G,,,27:48,0.667,0.333,0.429,0.143,0.429,0.0,0.143,0.0,0.286,0.333,0.667,0.5,0.5,0.4,0.6
0022000002,1610612747,Los Angeles,Lakers,LAL,lakers,1626149,Montrezl,Harrell,M. Harrell,montrezl-harrell,,,,32:15,1.0,0.0,0.706,0.0,0.0,0.059,0.294,0.353,0.706,0.5,0.5,0.0,0.0,0.5,0.5
0022000002,1610612747,Los Angeles,Lakers,LAL,lakers,202083,Wesley,Matthews,W. Matthews,wesley-matthews,,,,11:06,0.0,1.0,0.0,0.0,0.0,0.0,0.0,0.0,0.0,0.0,0.0,0.0,0.0,0.0,0.0
0022000002,1610612747,Los Angeles,Lakers,LAL,lakers,1628398,Kyle,Kuzma,K. Kuzma,kyle-kuzma,,,,26:38,0.727,0.273,0.667,0.4,0.2,0.0,0.133,0.467,0.267,1.0,0.0,1.0,0.0,1.0,0.0
0022000002,1610612747,Los Angeles,Lakers,LAL,lakers,202693,Markieff,Morris,M. Morris,markieff-morris,,,,19:00,0.333,0.667,0.0,0.0,0.6,0.0,0.4,0.0,0.0,0.0,0.0,1.0,0.0,1.0,0.0
0022000002,1610612747,Los Angeles,Lakers,LAL,lakers,1627936,Alex,Caruso,A. Caruso,alex-caruso,,,,16:40,0.2,0.8,0.0,0.0,1.0,0.0,0.0,0.0,0.0,0.0,0.0,1.0,0.0,1.0,0.0
0022000002,1610612747,Los Angeles,Lakers,LAL,lakers,1629659,Talen,Horton-Tucker,T. Horton-Tucker,talen-horton-tucker,,,,10:51,1.0,0.0,0.667,0.0,0.0,0.333,0.333,0.333,0.667,0.5,0.5,0.0,0.0,0.5,0.5
0022000002,1610612747,Los Angeles,Lakers,LAL,lakers,1626188,Quinn,Cook,Q. Cook,quinn-cook,,,,1:23,0.0,0.0,0.0,0.0,0.0,0.0,0.0,0.0,0.0,0.0,0.0,0.0,0.0,0.0,0.0
0022000002,1610612747,Los Angeles,Lakers,LAL,lakers,201162,Jared,Dudley,J. Dudley,jared-dudley,,DNP - Coach's Decision,,,0.0,0.0,0.0,0.0,0.0,0.0,0.0,0.0,0.0,0.0,0.0,0.0,0.0,0.0,0.0
0022000002,1610612747,Los Angeles,Lakers,LAL,lakers,1628035,Alfonzo,McKinnie,A. McKinnie,alfonzo-mckinnie,,DNP - Coach's Decision,,,0.0,0.0,0.0,0.0,0.0,0.0,0.0,0.0,0.0,0.0,0.0,0.0,0.0,0.0,0.0
0022000001,1610612744,Golden State,Warriors,GSW,warriors,203952,Andrew,Wiggins,A. Wiggins,andrew-wiggins,F,,,31:14,0.625,0.375,0.308,0.154,0.462,0.0,0.231,0.0,0.154,0.5,0.5,1.0,0.0,0.75,0.25
0022000001,1610612744,Golden State,Warriors,GSW,warriors,1629672,Eric,Paschall,E. Paschall,eric-paschall,F,,,21:33,0.833,0.167,0.333,0.0,0.5,0.0,0.167,0.833,0.333,1.0,0.0,1.0,0.0,1.0,0.0
0022000001,1610612744,Golden State,Warriors,GSW,warriors,1630164,James,Wiseman,J. Wiseman,james-wiseman,C,,,24:17,0.923,0.077,0.632,0.211,0.158,0.211,0.211,0.211,0.421,0.833,0.167,1.0,0.0,0.857,0.143
0022000001,1610612744,Golden State,Warriors,GSW,warriors,1626162,Kelly,Oubre Jr.,K. Oubre Jr.,kelly-oubre-jr,G,,,25:39,0.571,0.429,1.0,0.0,0.0,0.0,0.0,0.333,1.0,0.667,0.333,0.0,0.0,0.667,0.333
0022000001,1610612744,Golden State,Warriors,GSW,warriors,201939,Stephen,Curry,S. Curry,stephen-curry,G,,,30:19,0.524,0.476,0.5,0.2,0.3,0.1,0.2,0.1,0.3,0.4,0.6,0.5,0.5,0.429,0.571
0022000001,1610612744,Golden State,Warriors,GSW,warriors,1626172,Kevon,Looney,K. Looney,kevon-looney,,,,11:17,1.0,0.0,1.0,0.0,0.0,0.0,0.0,0.5,1.0,1.0,0.0,0.0,0.0,1.0,0.0
0022000001,1610612744,Golden State,Warriors,GSW,warriors,203145,Kent,Bazemore,K. Bazemore,kent-bazemore,,,,11:35,0.5,0.5,1.0,0.0,0.0,1.0,0.0,0.0,1.0,0.0,1.0,0.0,0.0,0.0,1.0
0022000001,1610612744,Golden State,Warriors,GSW,warriors,1627814,Damion,Lee,D. Lee,damion-lee,,,,12:14,0.5,0.5,0.0,0.0,1.0,0.0,0.0,0.0,0.0,0.0,0.0,1.0,0.0,1.0,0.0
0022000001,1610612744,Golden State,Warriors,GSW,warriors,1627737,Marquese,Chriss,M. Chriss,marquese-chriss,,,,12:26,0.7,0.3,0.667,0.0,0.333,0.0,0.0,0.0,0.667,0.333,0.667,1.0,0.0,0.5,0.5
0022000001,1610612744,Golden State,Warriors,GSW,warriors,1629673,Jordan,Poole,J. Poole,jordan-poole,,,,17:55,0.75,0.25,1.0,0.0,0.0,0.0,0.0,0.0,1.0,0.0,1.0,0.0,0.0,0.0,1.0
0022000001,1610612744,Golden State,Warriors,GSW,warriors,202954,Brad,Wanamaker,B. Wanamaker,brad-wanamaker,,,,21:40,0.5,0.5,0.0,0.0,0.0,0.0,1.0,0.333,0.0,0.0,0.0,0.0,0.0,0.0,0.0
0022000001,1610612744,Golden State,Warriors,GSW,warriors,1629308,Juan,Toscano-Anderson,J. Toscano-Anderson,juan-toscano-anderson,,,,13:15,1.0,0.0,1.0,0.0,0.0,0.5,0.0,0.0,1.0,1.0,0.0,0.0,0.0,1.0,0.0
0022000001,1610612744,Golden State,Warriors,GSW,warriors,1628539,Mychal,Mulder,M. Mulder,mychal-mulder,,,,6:36,0.333,0.667,0.25,0.0,0.75,0.25,0.0,0.375,0.25,1.0,0.0,1.0,0.0,1.0,0.0
0022000001,1610612751,Brooklyn,Nets,BKN,nets,203925,Joe,Harris,J. Harris,joe-harris,F,,,20:46,0.375,0.625,0.4,0.0,0.6,0.3,0.0,0.0,0.4,0.5,0.5,1.0,0.0,0.75,0.25
0022000001,1610612751,Brooklyn,Nets,BKN,nets,201142,Kevin,Durant,K. Durant,kevin-durant,F,,,24:56,0.875,0.125,0.545,0.273,0.136,0.273,0.318,0.182,0.273,0.5,0.5,1.0,0.0,0.571,0.429
0022000001,1610612751,Brooklyn,Nets,BKN,nets,201599,DeAndre,Jordan,D. Jordan,deandre-jordan,C,,,17:03,1.0,0.0,1.0,0.0,0.0,0.0,0.0,0.0,1.0,1.0,0.0,0.0,0.0,1.0,0.0
0022000001,1610612751,Brooklyn,Nets,BKN,nets,203915,Spencer,Dinwiddie,S. Dinwiddie,spencer-dinwiddie,G,,,19:57,0.5,0.5,0.222,0.0,0.333,0.222,0.444,0.333,0.222,0.0,1.0,1.0,0.0,0.5,0.5
0022000001,1610612751,Brooklyn,Nets,BKN,nets,202681,Kyrie,Irving,K. Irving,kyrie-irving,G,,,25:18,0.563,0.438,0.462,0.077,0.462,0.115,0.077,0.115,0.385,0.333,0.667,0.5,0.5,0.4,0.6
0022000001,1610612751,Brooklyn,Nets,BKN,nets,1628386,Jarrett,Allen,J. Allen,jarrett-allen,,,,19:37,1.0,0.0,0.5,0.0,0.0,0.0,0.5,0.0,0.5,0.5,0.5,0.0,0.0,0.5,0.5
0022000001,1610612751,Brooklyn,Nets,BKN,nets,1629013,Landry,Shamet,L. Shamet,landry-shamet,,,,19:43,0.0,1.0,0.0,0.0,0.5,0.5,0.5,0.667,0.0,0.0,0.0,1.0,0.0,1.0,0.0
0022000001,1610612751,Brooklyn,Nets,BKN,nets,1627747,Caris,LeVert,C. LeVert,caris-levert,,,,24:49,0.706,0.294,0.3,0.0,0.45,0.2,0.25,0.2,0.3,0.333,0.667,0.333,0.667,0.333,0.667
0022000001,1610612751,Brooklyn,Nets,BKN,nets,201145,Jeff,Green,J. Green,jeff-green,,,,17:17,0.5,0.5,0.571,0.0,0.429,0.571,0.0,0.286,0.571,1.0,0.0,1.0,0.0,1.0,0.0
0022000001,1610612751,Brooklyn,Nets,BKN,nets,1627752,Taurean,Prince,T. Prince,taurean-prince,,,,16:06,0.0,1.0,0.0,0.0,0.0,1.0,1.0,1.0,0.0,0.0,0.0,0.0,0.0,0.0,0.0
0022000001,1610612751,Brooklyn,Nets,BKN,nets,1629617,Reggie,Perry,R. Perry,reggie-perry,,,,7:46,0.667,0.333,1.0,0.0,0.0,0.0,0.0,0.0,1.0,0.0,1.0,0.0,0.0,0.0,1.0
0022000001,1610612751,Brooklyn,Nets,BKN,nets,1628971,Bruce,Brown,B. Brown,bruce-brown,,,,7:31,0.667,0.333,1.0,0.0,0.0,1.0,0.0,1.0,1.0,1.0,0.0,0.0,0.0,1.0,0.0
0022000001,1610612751,Brooklyn,Nets,BKN,nets,1627789,Timothe,Luwawu-Cabarrot,T. Luwawu-Cabarrot,timothe-luwawu-cabarrot,,,,6:36,0.5,0.5,0.4,0.0,0.6,0.0,0.0,0.0,0.4,0.0,1.0,1.0,0.0,0.5,0.5
0022000001,1610612751,Brooklyn,Nets,BKN,nets,1629066,Rodions,Kurucs,R. Kurucs,rodions-kurucs,,,,6:36,0.0,1.0,0.0,0.0,1.0,0.0,0.0,0.0,0.0,0.0,0.0,1.0,0.0,1.0,0.0
0022000001,1610612751,Brooklyn,Nets,BKN,nets,204020,Tyler,Johnson,T. Johnson,tyler-johnson,,,,5:59,1.0,0.0,0.0,0.0,0.0,0.0,0.0,0.0,0.0,0.0,0.0,0.0,0.0,0.0,0.0
0022000019,1610612758,Sacramento,Kings,SAC,kings,203084,Harrison,Barnes,H. Barnes,harrison-barnes,F,,,41:57,0.8,0.2,0.762,0.0,0.0,0.095,0.238,0.238,0.762,0.375,0.625,0.0,0.0,0.375,0.625
0022000019,1610612758,Sacramento,Kings,SAC,kings,1628963,Marvin,Bagley III,M. Bagley III,marvin-bagley-iii,F,,,27:21,0.733,0.267,0.769,0.0,0.0,0.154,0.231,0.0,0.769,1.0,0.0,0.0,0.0,1.0,0.0
0022000019,1610612758,Sacramento,Kings,SAC,kings,1626158,Richaun,Holmes,R. Holmes,richaun-holmes,C,,,22:59,1.0,0.0,1.0,0.667,0.0,0.0,0.0,0.0,0.333,0.667,0.333,0.0,0.0,0.667,0.333
0022000019,1610612758,Sacramento,Kings,SAC,kings,1627741,Buddy,Hield,B. Hield,buddy-hield,G,,,41:08,0.267,0.733,0.182,0.0,0.682,0.364,0.136,0.091,0.182,0.0,1.0,0.8,0.2,0.571,0.429
0022000019,1610612758,Sacramento,Kings,SAC,kings,1628368,De'Aaron,Fox,D. Fox,deaaron-fox,G,,,38:43,0.9,0.1,0.667,0.095,0.143,0.19,0.19,0.095,0.571,0.143,0.857,1.0,0.0,0.25,0.75
0022000019,1610612758,Sacramento,Kings,SAC,kings,202709,Cory,Joseph,C. Joseph,cory-joseph,,,,29:22,0.5,0.5,0.533,0.133,0.4,0.067,0.067,0.133,0.4,0.5,0.5,1.0,0.0,0.667,0.333
0022000019,1610612758,Sacramento,Kings,SAC,kings,202357,Nemanja,Bjelica,N. Bjelica,nemanja-bjelica,,,,15:56,0.875,0.125,0.6,0.0,0.0,0.2,0.4,0.0,0.6,0.667,0.333,0.0,0.0,0.667,0.333
0022000019,1610612758,Sacramento,Kings,SAC,kings,202355,Hassan,Whiteside,H. Whiteside,hassan-whiteside,,,,17:34,1.0,0.0,1.0,0.0,0.0,0.0,0.0,0.0,1.0,1.0,0.0,0.0,0.0,1.0,0.0
0022000019,1610612758,Sacramento,Kings,SAC,kings,1630169,Tyrese,Haliburton,T. Haliburton,tyrese-haliburton,,,,30:00,0.286,0.714,0.167,0.0,0.5,0.0,0.333,0.0,0.167,1.0,0.0,1.0,0.0,1.0,0.0
0022000019,1610612758,Sacramento,Kings,SAC,kings,1629657,Kyle,Guy,K. Guy,kyle-guy,,DNP - Coach's Decision,,,0.0,0.0,0.0,0.0,0.0,0.0,0.0,0.0,0.0,0.0,0.0,0.0,0.0,0.0,0.0
0022000019,1610612758,Sacramento,Kings,SAC,kings,1629713,Justin,James,J. James,justin-james,,DNP - Coach's Decision,,,0.0,0.0,0.0,0.0,0.0,0.0,0.0,0.0,0.0,0.0,0.0,0.0,0.0,0.0,0.0
0022000019,1610612758,Sacramento,Kings,SAC,kings,1630186,Jahmi'us,Ramsey,J. Ramsey,jahmius-ramsey,,DNP - Coach's Decision,,,0.0,0.0,0.0,0.0,0.0,0.0,0.0,0.0,0.0,0.0,0.0,0.0,0.0,0.0,0.0
0022000019,1610612758,Sacramento,Kings,SAC,kings,203922,Glenn,Robinson III,G. Robinson III,glenn-robinson-iii,,DNP - Coach's Decision,,,0.0,0.0,0.0,0.0,0.0,0.0,0.0,0.0,0.0,0.0,0.0,0.0,0.0,0.0,0.0
0022000019,1610612758,Sacramento,Kings,SAC,kings,1630218,Robert,Woodard II,R. Woodard II,robert-woodard-ii,,DNP - Coach's Decision,,,0.0,0.0,0.0,0.0,0.0,0.0,0.0,0.0,0.0,0.0,0.0,0.0,0.0,0.0,0.0
0022000019,1610612743,Denver,Nuggets,DEN,nuggets,1629008,Michael,Porter Jr.,M. Porter Jr.,michael-porter-jr,F,,,29:36,0.533,0.467,0.5,0.167,0.375,0.208,0.125,0.208,0.333,0.5,0.5,1.0,0.0,0.667,0.333
0022000019,1610612743,Denver,Nuggets,DEN,nuggets,200794,Paul,Millsap,P. Millsap,paul-millsap,F,,,36:06,0.615,0.385,0.625,0.0,0.375,0.0,0.0,0.0,0.625,0.6,0.4,1.0,0.0,0.714,0.286
0022000019,1610612743,Denver,Nuggets,DEN,nuggets,203999,Nikola,Jokić,N. Jokić,nikola-jokić,C,,,41:51,0.889,0.111,0.69,0.069,0.103,0.0,0.207,0.069,0.621,0.3,0.7,1.0,0.0,0.364,0.636
0022000019,1610612743,Denver,Nuggets,DEN,nuggets,203914,Gary,Harris,G. Harris,gary-harris,G,,,41:33,0.556,0.444,0.8,0.2,0.0,0.2,0.2,0.2,0.6,1.0,0.0,0.0,0.0,1.0,0.0
0022000019,1610612743,Denver,Nuggets,DEN,nuggets,1627750,Jamal,Murray,J. Murray,jamal-murray,G,,,34:27,0.444,0.556,0.222,0.0,0.0,0.444,0.778,0.444,0.222,0.0,1.0,0.0,0.0,0.0,1.0
0022000019,1610612743,Denver,Nuggets,DEN,nuggets,203115,Will,Barton,W. Barton,will-barton,,,,33:27,0.813,0.188,0.75,0.25,0.188,0.0,0.063,0.313,0.5,0.667,0.333,1.0,0.0,0.714,0.286
0022000019,1610612743,Denver,Nuggets,DEN,nuggets,1628408,PJ,Dozier,P. Dozier,pj-dozier,,,,14:40,0.8,0.2,0.857,0.0,0.0,0.0,0.143,0.0,0.857,0.333,0.667,0.0,0.0,0.333,0.667
0022000019,1610612743,Denver,Nuggets,DEN,nuggets,1628420,Monté,Morris,M. Morris,monté-morris,,,,16:19,0.833,0.167,1.0,0.0,0.0,0.0,0.0,0.0,1.0,0.0,1.0,0.0,0.0,0.0,1.0
0022000019,1610612743,Denver,Nuggets,DEN,nuggets,1630267,Facundo,Campazzo,F. Campazzo,facundo-campazzo,,,,8:08,0.0,1.0,0.0,0.0,1.0,0.0,0.0,0.0,0.0,0.0,0.0,1.0,0.0,1.0,0.0
0022000019,1610612743,Denver,Nuggets,DEN,nuggets,1628392,Isaiah,Hartenstein,I. Hartenstein,isaiah-hartenstein,,,,8:53,1.0,0.0,1.0,0.0,0.0,0.0,0.0,0.0,1.0,0.667,0.333,0.0,0.0,0.667,0.333
0022000019,1610612743,Denver,Nuggets,DEN,nuggets,1629626,Bol,Bol,B. Bol,bol-bol,,DNP - Coach's Decision,,,0.0,0.0,0.0,0.0,0.0,0.0,0.0,0.0,0.0,0.0,0.0,0.0,0.0,0.0,0.0
0022000019,1610612743,Denver,Nuggets,DEN,nuggets,1630181,R.J.,Hampton,R. Hampton,rj-hampton,,DNP - Coach's Decision,,,0.0,0.0,0.0,0.0,0.0,0.0,0.0,0.0,0.0,0.0,0.0,0.0,0.0,0.0,0.0
0022000019,1610612743,Denver,Nuggets,DEN,nuggets,1630210,Markus,Howard,M. Howard,markus-howard,,DNP - Coach's Decision,,,0.0,0.0,0.0,0.0,0.0,0.0,0.0,0.0,0.0,0.0,0.0,0.0,0.0,0.0,0.0
0022000019,1610612743,Denver,Nuggets,DEN,nuggets,1630192,Zeke,Nnaji,Z. Nnaji,zeke-nnaji,,DNP - Coach's Decision,,,0.0,0.0,0.0,0.0,0.0,0.0,0.0,0.0,0.0,0.0,0.0,0.0,0.0,0.0,0.0
0022000019,1610612743,Denver,Nuggets,DEN,nuggets,1628427,Vlatko,Čančar,V. Čančar,vlatko-čančar,,DNP - Coach's Decision,,,0.0,0.0,0.0,0.0,0.0,0.0,0.0,0.0,0.0,0.0,0.0,0.0,0.0,0.0,0.0
0022000015,1610612737,Atlanta,Hawks,ATL,hawks,1629631,De'Andre,Hunter,D. Hunter,deandre-hunter,F,,,25:54,0.833,0.167,0.727,0.0,0.273,0.0,0.0,0.364,0.727,0.75,0.25,1.0,0.0,0.8,0.2
0022000015,1610612737,Atlanta,Hawks,ATL,hawks,201568,Danilo,Gallinari,D. Gallinari,danilo-gallinari,F,,,24:26,0.667,0.333,0.462,0.154,0.231,0.0,0.308,0.0,0.308,0.667,0.333,1.0,0.0,0.75,0.25
0022000015,1610612737,Atlanta,Hawks,ATL,hawks,1628381,John,Collins,J. Collins,john-collins,C,,,18:03,0.8,0.2,0.857,0.143,0.0,0.357,0.143,0.143,0.714,0.833,0.167,0.0,0.0,0.833,0.167
0022000015,1610612737,Atlanta,Hawks,ATL,hawks,1629629,Cam,Reddish,C. Reddish,cam-reddish,G,,,23:46,0.727,0.273,0.667,0.0,0.2,0.267,0.133,0.4,0.667,0.4,0.6,1.0,0.0,0.5,0.5
0022000015,1610612737,Atlanta,Hawks,ATL,hawks,1629027,Trae,Young,T. Young,trae-young,G,,,25:58,0.5,0.5,0.27,0.054,0.405,0.054,0.324,0.216,0.216,0.0,1.0,0.0,1.0,0.0,1.0
0022000015,1610612737,Atlanta,Hawks,ATL,hawks,203992,Bogdan,Bogdanović,B. Bogdanović,bogdan-bogdanović,,,,24:56,0.333,0.667,0.267,0.0,0.6,0.267,0.133,0.333,0.267,0.5,0.5,1.0,0.0,0.8,0.2
0022000015,1610612737,Atlanta,Hawks,ATL,hawks,203524,Solomon,Hill,S. Hill,solomon-hill,,,,28:24,0.0,1.0,0.0,0.0,0.0,0.0,0.0,0.0,0.0,0.0,0.0,0.0,0.0,0.0,0.0
0022000015,1610612737,Atlanta,Hawks,ATL,hawks,1628989,Kevin,Huerter,K. Huerter,kevin-huerter,,,,27:03,0.4,0.6,0.364,0.182,0.545,0.545,0.091,0.0,0.182,0.5,0.5,1.0,0.0,0.75,0.25
0022000015,1610612737,Atlanta,Hawks,ATL,hawks,1628981,Bruno,Fernando,B. Fernando,bruno-fernando,,,,18:08,1.0,0.0,0.8,0.0,0.0,0.4,0.2,0.8,0.8,1.0,0.0,0.0,0.0,1.0,0.0
0022000015,1610612737,Atlanta,Hawks,ATL,hawks,1629164,Brandon,Goodwin,B. Goodwin,brandon-goodwin,,,,13:14,0.25,0.75,0.0,0.0,1.0,0.0,0.0,0.0,0.0,0.0,0.0,0.0,1.0,0.0,1.0
0022000015,1610612737,Atlanta,Hawks,ATL,hawks,1630233,Nathan,Knight,N. Knight,nathan-knight,,,,5:04,1.0,0.0,0.0,0.0,0.0,0.0,0.0,0.0,0.0,0.0,0.0,0.0,0.0,0.0,0.0
0022000015,1610612737,Atlanta,Hawks,ATL,hawks,1630219,Skylar,Mays,S. Mays,skylar-mays,,,,5:04,0.0,1.0,0.0,0.0,0.0,0.0,0.0,0.0,0.0,0.0,0.0,0.0,0.0,0.0,0.0
0022000015,1610612741,Chicago,Bulls,CHI,bulls,1630172,Patrick,Williams,P. Williams,patrick-williams,F,,,33:03,0.727,0.273,0.5,0.25,0.188,0.25,0.313,0.188,0.25,0.75,0.25,1.0,0.0,0.8,0.2
0022000015,1610612741,Chicago,Bulls,CHI,bulls,1628374,Lauri,Markkanen,L. Markkanen,lauri-markkanen,F,,,30:12,0.333,0.667,0.19,0.0,0.571,0.0,0.238,0.095,0.19,0.0,1.0,1.0,0.0,0.667,0.333
0022000015,1610612741,Chicago,Bulls,CHI,bulls,1628976,Wendell,Carter Jr.,W. Carter Jr.,wendell-carter-jr,C,,,25:46,0.6,0.4,0.667,0.0,0.0,0.333,0.333,0.667,0.667,1.0,0.0,0.0,0.0,1.0,0.0
0022000015,1610612741,Chicago,Bulls,CHI,bulls,203897,Zach,LaVine,Z. LaVine,zach-lavine,G,,,25:18,0.579,0.421,0.727,0.182,0.136,0.091,0.136,0.091,0.545,0.125,0.875,1.0,0.0,0.222,0.778
0022000015,1610612741,Chicago,Bulls,CHI,bulls,1629632,Coby,White,C. White,coby-white,G,,,30:28,0.364,0.636,0.222,0.0,0.333,0.444,0.444,0.0,0.222,0.0,1.0,1.0,0.0,0.5,0.5
0022000015,1610612741,Chicago,Bulls,CHI,bulls,203490,Otto,Porter Jr.,O. Porter Jr.,otto-porter-jr,,,,23:22,0.8,0.2,0.714,0.286,0.0,0.0,0.286,0.143,0.429,0.4,0.6,0.0,0.0,0.4,0.6
0022000015,1610612741,Chicago,Bulls,CHI,bulls,1627853,Ryan,Arcidiacono,R. Arcidiacono,ryan-arcidiacono,,,,19:35,0.333,0.667,0.4,0.0,0.6,0.0,0.0,0.0,0.4,1.0,0.0,1.0,0.0,1.0,0.0
0022000015,1610612741,Chicago,Bulls,CHI,bulls,1629655,Daniel,Gafford,D. Gafford,daniel-gafford,,,,16:54,1.0,0.0,0.8,0.0,0.0,0.0,0.2,0.2,0.8,1.0,0.0,0.0,0.0,1.0,0.0
0022000015,1610612741,Chicago,Bulls,CHI,bulls,1628990,Chandler,Hutchison,C. Hutchison,chandler-hutchison,,,,18:35,1.0,0.0,1.0,0.0,0.0,0.0,0.0,1.0,1.0,1.0,0.0,0.0,0.0,1.0,0.0
0022000015,1610612741,Chicago,Bulls,CHI,bulls,1629690,Adam,Mokoka,A. Mokoka,adam-mokoka,,,,16:47,0.5,0.5,1.0,0.0,0.0,0.0,0.0,0.0,1.0,0.0,1.0,0.0,0.0,0.0,1.0
0022000015,1610612741,Chicago,Bulls,CHI,bulls,1626245,Cristiano,Felicio,C. Felicio,cristiano-felicio,,DNP - Coach's Decision,,,0.0,0.0,0.0,0.0,0.0,0.0,0.0,0.0,0.0,0.0,0.0,0.0,0.0,0.0,0.0
0022000015,1610612741,Chicago,Bulls,CHI,bulls,1628436,Luke,Kornet,L. Kornet,luke-kornet,,DNP - Coach's Decision,,,0.0,0.0,0.0,0.0,0.0,0.0,0.0,0.0,0.0,0.0,0.0,0.0,0.0,0.0,0.0
0022000015,1610612741,Chicago,Bulls,CHI,bulls,203107,Tomas,Satoransky,T. Satoransky,tomas-satoransky,,DNP - Coach's Decision,,,0.0,0.0,0.0,0.0,0.0,0.0,0.0,0.0,0.0,0.0,0.0,0.0,0.0,0.0,0.0
0022000015,1610612741,Chicago,Bulls,CHI,bulls,202066,Garrett,Temple,G. Temple,garrett-temple,,DNP - Coach's Decision,,,0.0,0.0,0.0,0.0,0.0,0.0,0.0,0.0,0.0,0.0,0.0,0.0,0.0,0.0,0.0
0022000015,1610612741,Chicago,Bulls,CHI,bulls,1627756,Denzel,Valentine,D. Valentine,denzel-valentine,,DNP - Coach's Decision,,,0.0,0.0,0.0,0.0,0.0,0.0,0.0,0.0,0.0,0.0,0.0,0.0,0.0,0.0,0.0
0022000017,1610612759,San Antonio,Spurs,SAS,spurs,201942,DeMar,DeRozan,D. DeRozan,demar-derozan,F,,,34:53,1.0,0.0,0.5,0.0,0.0,0.25,0.5,0.071,0.5,0.143,0.857,0.0,0.0,0.143,0.857
0022000017,1610612759,San Antonio,Spurs,SAS,spurs,1629640,Keldon,Johnson,K. Johnson,keldon-johnson,F,,,32:01,0.7,0.3,0.5,0.0,0.188,0.125,0.313,0.0,0.5,0.75,0.25,1.0,0.0,0.8,0.2
0022000017,1610612759,San Antonio,Spurs,SAS,spurs,200746,LaMarcus,Aldridge,L. Aldridge,lamarcus-aldridge,C,,,28:46,0.765,0.235,0.8,0.5,0.15,0.0,0.05,0.0,0.3,0.875,0.125,1.0,0.0,0.889,0.111
0022000017,1610612759,San Antonio,Spurs,SAS,spurs,1629022,Lonnie,Walker IV,L. Walker IV,lonnie-walker-iv,G,,,34:23,0.556,0.444,0.375,0.0,0.563,0.313,0.063,0.125,0.375,0.667,0.333,1.0,0.0,0.833,0.167
0022000017,1610612759,San Antonio,Spurs,SAS,spurs,1627749,Dejounte,Murray,D. Murray,dejounte-murray,G,,,30:39,0.8,0.2,0.762,0.095,0.143,0.286,0.095,0.381,0.667,0.25,0.75,1.0,0.0,0.333,0.667
0022000017,1610612759,San Antonio,Spurs,SAS,spurs,1627751,Jakob,Poeltl,J. Poeltl,jakob-poeltl,,,,19:14,1.0,0.0,1.0,0.0,0.0,0.0,0.0,0.0,1.0,1.0,0.0,0.0,0.0,1.0,0.0
0022000017,1610612759,San Antonio,Spurs,SAS,spurs,201988,Patty,Mills,P. Mills,patty-mills,,,,19:18,0.636,0.364,0.462,0.308,0.462,0.154,0.077,0.0,0.154,0.667,0.333,0.5,0.5,0.6,0.4
0022000017,1610612759,San Antonio,Spurs,SAS,spurs,200752,Rudy,Gay,R. Gay,rudy-gay,,,,21:06,0.444,0.556,0.6,0.0,0.3,0.0,0.1,0.0,0.6,0.333,0.667,0.0,1.0,0.25,0.75
0022000017,1610612759,San Antonio,Spurs,SAS,spurs,1630170,Devin,Vassell,D. Vassell,devin-vassell,,,,19:40,0.5,0.5,0.0,0.0,1.0,0.0,0.0,0.0,0.0,0.0,0.0,1.0,0.0,1.0,0.0
0022000017,1610612759,San Antonio,Spurs,SAS,spurs,1628966,Keita,Bates-Diop,K. Bates-Diop,keita-bates-diop,,DNP - Coach's Decision,,,0.0,0.0,0.0,0.0,0.0,0.0,0.0,0.0,0.0,0.0,0.0,0.0,0.0,0.0,0.0
0022000017,1610612759,San Antonio,Spurs,SAS,spurs,1629234,Drew,Eubanks,D. Eubanks,drew-eubanks,,DNP - Coach's Decision,,,0.0,0.0,0.0,0.0,0.0,0.0,0.0,0.0,0.0,0.0,0.0,0.0,0.0,0.0,0.0
0022000017,1610612759,San Antonio,Spurs,SAS,spurs,1630200,Tre,Jones,T. Jones,tre-jones,,DNP - Coach's Decision,,,0.0,0.0,0.0,0.0,0.0,0.0,0.0,0.0,0.0,0.0,0.0,0.0,0.0,0.0,0.0
0022000017,1610612759,San Antonio,Spurs,SAS,spurs,1626168,Trey,Lyles,T. Lyles,trey-lyles,,DNP - Coach's Decision,,,0.0,0.0,0.0,0.0,0.0,0.0,0.0,0.0,0.0,0.0,0.0,0.0,0.0,0.0,0.0
0022000017,1610612759,San Antonio,Spurs,SAS,spurs,1629677,Luka,Samanic,L. Samanic,luka-samanic,,DNP - Coach's Decision,,,0.0,0.0,0.0,0.0,0.0,0.0,0.0,0.0,0.0,0.0,0.0,0.0,0.0,0.0,0.0
0022000017,1610612763,Memphis,Grizzlies,MEM,grizzlies,1628415,Dillon,Brooks,D. Brooks,dillon-brooks,F,,,33:13,0.786,0.214,0.75,0.25,0.188,0.25,0.063,0.0,0.5,0.667,0.333,1.0,0.0,0.714,0.286
0022000017,1610612763,Memphis,Grizzlies,MEM,grizzlies,203937,Kyle,Anderson,K. Anderson,kyle-anderson,F,,,28:51,0.625,0.375,0.571,0.0,0.429,0.286,0.0,0.0,0.571,0.0,1.0,1.0,0.0,0.333,0.667
0022000017,1610612763,Memphis,Grizzlies,MEM,grizzlies,202685,Jonas,Valančiūnas,J. Valančiūnas,jonas-valančiūnas,C,,,29:33,0.909,0.091,0.667,0.0,0.2,0.0,0.133,0.2,0.667,0.4,0.6,1.0,0.0,0.5,0.5
0022000017,1610612763,Memphis,Grizzlies,MEM,grizzlies,1628960,Grayson,Allen,G. Allen,grayson-allen,G,,,26:57,0.143,0.857,0.0,0.0,1.0,0.0,0.0,0.5,0.0,0.0,0.0,1.0,0.0,1.0,0.0
0022000017,1610612763,Memphis,Grizzlies,MEM,grizzlies,1629630,Ja,Morant,J. Morant,ja-morant,G,,,35:10,0.926,0.074,0.773,0.091,0.068,0.295,0.159,0.25,0.682,0.294,0.706,1.0,0.0,0.333,0.667
0022000017,1610612763,Memphis,Grizzlies,MEM,grizzlies,1629001,De'Anthony,Melton,D. Melton,deanthony-melton,,,,24:32,0.5,0.5,0.0,0.0,1.0,0.0,0.0,0.0,0.0,0.0,0.0,1.0,0.0,1.0,0.0
0022000017,1610612763,Memphis,Grizzlies,MEM,grizzlies,1629634,Brandon,Clarke,B. Clarke,brandon-clarke,,,,25:51,0.778,0.222,1.0,0.2,0.0,0.0,0.0,0.0,0.8,1.0,0.0,0.0,0.0,1.0,0.0
0022000017,1610612763,Memphis,Grizzlies,MEM,grizzlies,1630217,Desmond,Bane,D. Bane,desmond-bane,,,,10:33,0.2,0.8,0.0,0.0,1.0,0.0,0.0,0.0,0.0,0.0,0.0,1.0,0.0,1.0,0.0
0022000017,1610612763,Memphis,Grizzlies,MEM,grizzlies,203476,Gorgui,Dieng,G. Dieng,gorgui-dieng,,,,11:46,0.333,0.667,0.4,0.0,0.6,0.0,0.0,0.0,0.4,1.0,0.0,1.0,0.0,1.0,0.0
0022000017,1610612763,Memphis,Grizzlies,MEM,grizzlies,1626145,Tyus,Jones,T. Jones,tyus-jones,,,,13:35,0.8,0.2,0.857,0.286,0.0,0.0,0.143,0.0,0.571,0.0,1.0,0.0,0.0,0.0,1.0
0022000017,1610612763,Memphis,Grizzlies,MEM,grizzlies,1629723,John,Konchar,J. Konchar,john-konchar,,DNP - Coach's Decision,,,0.0,0.0,0.0,0.0,0.0,0.0,0.0,0.0,0.0,0.0,0.0,0.0,0.0,0.0,0.0
0022000017,1610612763,Memphis,Grizzlies,MEM,grizzlies,1630253,Sean,McDermott,S. McDermott,sean-mcdermott,,DNP - Coach's Decision,,,0.0,0.0,0.0,0.0,0.0,0.0,0.0,0.0,0.0,0.0,0.0,0.0,0.0,0.0,0.0
0022000018,1610612765,Detroit,Pistons,DET,pistons,203924,Jerami,Grant,J. Grant,jerami-grant,F,,,31:25,0.545,0.455,0.667,0.0,0.333,0.333,0.0,0.0,0.667,0.333,0.667,1.0,0.0,0.5,0.5
0022000018,1610612765,Detroit,Pistons,DET,pistons,201933,Blake,Griffin,B. Griffin,blake-griffin,F,,,35:00,0.615,0.385,0.8,0.133,0.0,0.133,0.2,0.267,0.667,0.333,0.667,0.0,0.0,0.333,0.667
0022000018,1610612765,Detroit,Pistons,DET,pistons,203486,Mason,Plumlee,M. Plumlee,mason-plumlee,C,,,32:12,1.0,0.0,1.0,0.143,0.0,0.286,0.0,0.143,0.857,0.714,0.286,0.0,0.0,0.714,0.286
0022000018,1610612765,Detroit,Pistons,DET,pistons,1626153,Delon,Wright,D. Wright,delon-wright,G,,,19:09,0.4,0.6,0.4,0.0,0.6,0.0,0.0,0.4,0.4,1.0,0.0,1.0,0.0,1.0,0.0
0022000018,1610612765,Detroit,Pistons,DET,pistons,1630165,Killian,Hayes,K. Hayes,killian-hayes,G,,,21:12,0.667,0.333,0.571,0.0,0.429,0.0,0.0,0.714,0.571,0.5,0.5,1.0,0.0,0.667,0.333
0022000018,1610612765,Detroit,Pistons,DET,pistons,201565,Derrick,Rose,D. Rose,derrick-rose,,,,26:48,0.769,0.231,0.8,0.267,0.2,0.133,0.0,0.133,0.533,0.833,0.167,1.0,0.0,0.857,0.143
0022000018,1610612765,Detroit,Pistons,DET,pistons,1628367,Josh,Jackson,J. Jackson,josh-jackson,,,,28:51,0.5,0.5,0.526,0.0,0.474,0.421,0.0,0.211,0.526,0.8,0.2,1.0,0.0,0.875,0.125
0022000018,1610612765,Detroit,Pistons,DET,pistons,1626143,Jahlil,Okafor,J. Okafor,jahlil-okafor,,,,15:18,1.0,0.0,1.0,0.0,0.0,0.0,0.0,0.0,1.0,0.0,1.0,0.0,0.0,0.0,1.0
0022000018,1610612765,Detroit,Pistons,DET,pistons,1629004,Svi,Mykhailiuk,S. Mykhailiuk,svi-mykhailiuk,,,,16:35,0.0,1.0,0.0,0.0,1.0,0.0,0.0,0.0,0.0,0.0,0.0,1.0,0.0,1.0,0.0
0022000018,1610612765,Detroit,Pistons,DET,pistons,1629635,Sekou,Doumbouya,S. Doumbouya,sekou-doumbouya,,,,13:30,0.75,0.25,1.0,0.0,0.0,0.667,0.0,0.0,1.0,0.667,0.333,0.0,0.0,0.667,0.333
0022000018,1610612765,Detroit,Pistons,DET,pistons,1630180,Saddiq,Bey,S. Bey,saddiq-bey,,DNP - Coach's Decision,,,0.0,0.0,0.0,0.0,0.0,0.0,0.0,0.0,0.0,0.0,0.0,0.0,0.0,0.0,0.0
0022000018,1610612765,Detroit,Pistons,DET,pistons,201961,Wayne,Ellington,W. Ellington,wayne-ellington,,DNP - Coach's Decision,,,0.0,0.0,0.0,0.0,0.0,0.0,0.0,0.0,0.0,0.0,0.0,0.0,0.0,0.0,0.0
0022000018,1610612765,Detroit,Pistons,DET,pistons,1630240,Saben,Lee,S. Lee,saben-lee,,DNP - Coach's Decision,,,0.0,0.0,0.0,0.0,0.0,0.0,0.0,0.0,0.0,0.0,0.0,0.0,0.0,0.0,0.0
0022000018,1610612765,Detroit,Pistons,DET,pistons,203585,Rodney,McGruder,R. McGruder,rodney-mcgruder,,DNP - Coach's Decision,,,0.0,0.0,0.0,0.0,0.0,0.0,0.0,0.0,0.0,0.0,0.0,0.0,0.0,0.0,0.0
0022000018,1610612765,Detroit,Pistons,DET,pistons,1630191,Isaiah,Stewart,I. Stewart,isaiah-stewart,,DNP - Coach's Decision,,,0.0,0.0,0.0,0.0,0.0,0.0,0.0,0.0,0.0,0.0,0.0,0.0,0.0,0.0,0.0
0022000018,1610612750,Minnesota,Timberwolves,MIN,timberwolves,1629006,Josh,Okogie,J. Okogie,josh-okogie,F,,,32:33,0.556,0.444,0.5,0.0,0.25,0.167,0.25,0.0,0.5,1.0,0.0,1.0,0.0,1.0,0.0
0022000018,1610612750,Minnesota,Timberwolves,MIN,timberwolves,1627774,Jake,Layman,J. Layman,jake-layman,F,,,16:33,0.667,0.333,0.0,0.0,0.0,0.0,0.0,0.0,0.0,0.0,0.0,0.0,0.0,0.0,0.0
0022000018,1610612750,Minnesota,Timberwolves,MIN,timberwolves,1626157,Karl-Anthony,Towns,K. Towns,karl-anthony-towns,C,,,30:25,0.6,0.4,0.364,0.0,0.273,0.136,0.364,0.0,0.364,0.5,0.5,1.0,0.0,0.667,0.333
0022000018,1610612750,Minnesota,Timberwolves,MIN,timberwolves,1627736,Malik,Beasley,M. Beasley,malik-beasley,G,,,26:37,0.5,0.5,0.609,0.261,0.391,0.304,0.0,0.391,0.348,0.571,0.429,1.0,0.0,0.7,0.3
0022000018,1610612750,Minnesota,Timberwolves,MIN,timberwolves,201937,Ricky,Rubio,R. Rubio,ricky-rubio,G,,,25:25,0.75,0.25,0.667,0.0,0.0,0.0,0.333,0.667,0.667,1.0,0.0,0.0,0.0,1.0,0.0
0022000018,1610612750,Minnesota,Timberwolves,MIN,timberwolves,1630162,Anthony,Edwards,A. Edwards,anthony-edwards,,,,25:09,0.583,0.417,0.533,0.0,0.2,0.0,0.267,0.0,0.533,0.25,0.75,1.0,0.0,0.4,0.6
0022000018,1610612750,Minnesota,Timberwolves,MIN,timberwolves,1626156,D'Angelo,Russell,D. Russell,dangelo-russell,,,,33:20,0.313,0.688,0.333,0.222,0.667,0.167,0.0,0.0,0.111,0.333,0.667,0.75,0.25,0.571,0.429
0022000018,1610612750,Minnesota,Timberwolves,MIN,timberwolves,1629675,Naz,Reid,N. Reid,naz-reid,,,,17:35,0.8,0.2,0.5,0.0,0.0,0.0,0.5,0.25,0.5,0.5,0.5,0.0,0.0,0.5,0.5
0022000018,1610612750,Minnesota,Timberwolves,MIN,timberwolves,1627823,Juancho,Hernangomez,J. Hernangomez,juancho-hernangomez,,,,11:46,0.2,0.8,0.0,0.0,0.0,0.0,0.0,0.0,0.0,0.0,0.0,0.0,0.0,0.0,0.0
0022000018,1610612750,Minnesota,Timberwolves,MIN,timberwolves,1629633,Jarrett,Culver,J. Culver,jarrett-culver,,,,20:37,0.833,0.167,0.6,0.0,0.0,0.2,0.4,0.3,0.6,0.667,0.333,0.0,0.0,0.667,0.333
0022000018,1610612750,Minnesota,Timberwolves,MIN,timberwolves,202334,Ed,Davis,E. Davis,ed-davis,,DNP - Coach's Decision,,,0.0,0.0,0.0,0.0,0.0,0.0,0.0,0.0,0.0,0.0,0.0,0.0,0.0,0.0,0.0
0022000018,1610612750,Minnesota,Timberwolves,MIN,timberwolves,1630183,Jaden,McDaniels,J. McDaniels,jaden-mcdaniels,,DNP - Coach's Decision,,,0.0,0.0,0.0,0.0,0.0,0.0,0.0,0.0,0.0,0.0,0.0,0.0,0.0,0.0,0.0
0022000018,1610612750,Minnesota,Timberwolves,MIN,timberwolves,1629020,Jarred,Vanderbilt,J. Vanderbilt,jarred-vanderbilt,,DNP - Coach's Decision,,,0.0,0.0,0.0,0.0,0.0,0.0,0.0,0.0,0.0,0.0,0.0,0.0,0.0,0.0,0.0
0022000020,1610612762,Utah,Jazz,UTA,jazz,202711,Bojan,Bogdanovic,B. Bogdanovic,bojan-bogdanovic,F,,,33:12,0.214,0.786,0.133,0.0,0.8,0.0,0.067,0.2,0.133,0.0,1.0,1.0,0.0,0.8,0.2
0022000020,1610612762,Utah,Jazz,UTA,jazz,1626220,Royce,O'Neale,R. O'Neale,royce-oneale,F,,,28:04,0.2,0.8,0.0,0.0,0.0,0.0,0.0,0.0,0.0,0.0,0.0,0.0,0.0,0.0,0.0
0022000020,1610612762,Utah,Jazz,UTA,jazz,203497,Rudy,Gobert,R. Gobert,rudy-gobert,C,,,28:07,1.0,0.0,0.8,0.0,0.0,0.1,0.2,0.1,0.8,0.625,0.375,0.0,0.0,0.625,0.375
0022000020,1610612762,Utah,Jazz,UTA,jazz,1628378,Donovan,Mitchell,D. Mitchell,donovan-mitchell,G,,,30:47,0.375,0.625,0.2,0.0,0.6,0.1,0.2,0.15,0.2,0.5,0.5,0.75,0.25,0.667,0.333
0022000020,1610612762,Utah,Jazz,UTA,jazz,201144,Mike,Conley,M. Conley,mike-conley,G,,,29:35,0.533,0.467,0.222,0.111,0.667,0.0,0.111,0.111,0.111,0.0,1.0,1.0,0.0,0.667,0.333
0022000020,1610612762,Utah,Jazz,UTA,jazz,204060,Joe,Ingles,J. Ingles,joe-ingles,,,,26:43,0.2,0.8,0.286,0.0,0.643,0.214,0.071,0.0,0.286,0.5,0.5,0.0,1.0,0.2,0.8
0022000020,1610612762,Utah,Jazz,UTA,jazz,202324,Derrick,Favors,D. Favors,derrick-favors,,,,16:18,1.0,0.0,1.0,0.0,0.0,0.0,0.0,0.0,1.0,0.6,0.4,0.0,0.0,0.6,0.4
0022000020,1610612762,Utah,Jazz,UTA,jazz,203903,Jordan,Clarkson,J. Clarkson,jordan-clarkson,,,,22:09,0.5,0.5,0.4,0.133,0.6,0.2,0.0,0.0,0.267,0.0,1.0,0.333,0.667,0.167,0.833
0022000020,1610612762,Utah,Jazz,UTA,jazz,1627777,Georges,Niang,G. Niang,georges-niang,,,,8:31,0.0,1.0,0.0,0.0,0.0,0.0,0.0,0.0,0.0,0.0,0.0,0.0,0.0,0.0,0.0
0022000020,1610612762,Utah,Jazz,UTA,jazz,1629671,Miye,Oni,M. Oni,miye-oni,,,,3:52,0.5,0.5,0.0,0.0,1.0,0.0,0.0,0.0,0.0,0.0,0.0,1.0,0.0,1.0,0.0
0022000020,1610612762,Utah,Jazz,UTA,jazz,1627885,Shaquille,Harrison,S. Harrison,shaquille-harrison,,,,2:49,0.0,0.0,0.0,0.0,0.0,0.0,0.0,0.0,0.0,0.0,0.0,0.0,0.0,0.0,0.0
0022000020,1610612762,Utah,Jazz,UTA,jazz,1628962,Udoka,Azubuike,U. Azubuike,udoka-azubuike,,,,3:35,1.0,0.0,1.0,0.0,0.0,0.0,0.0,0.0,1.0,1.0,0.0,0.0,0.0,1.0,0.0
0022000020,1610612762,Utah,Jazz,UTA,jazz,1629752,Juwan,Morgan,J. Morgan,juwan-morgan,,,,3:09,0.0,1.0,0.0,0.0,0.0,0.0,0.0,0.0,0.0,0.0,0.0,0.0,0.0,0.0,0.0
0022000020,1610612762,Utah,Jazz,UTA,jazz,1630190,Elijah,Hughes,E. Hughes,elijah-hughes,,,,3:09,1.0,0.0,0.0,0.0,0.0,0.0,1.0,0.0,0.0,0.0,0.0,0.0,0.0,0.0,0.0
0022000020,1610612757,Portland,Trail Blazers,POR,blazers,1627884,Derrick,Jones Jr.,D. Jones Jr.,derrick-jones-jr,F,,,25:35,0.444,0.556,0.0,0.0,1.0,0.0,0.0,0.0,0.0,0.0,0.0,1.0,0.0,1.0,0.0
0022000020,1610612757,Portland,Trail Blazers,POR,blazers,203496,Robert,Covington,R. Covington,robert-covington,F,,,21:25,0.0,1.0,0.0,0.0,0.0,0.0,1.0,0.0,0.0,0.0,0.0,0.0,0.0,0.0,0.0
0022000020,1610612757,Portland,Trail Blazers,POR,blazers,203994,Jusuf,Nurkić,J. Nurkić,jusuf-nurkić,C,,,21:52,0.778,0.222,0.615,0.0,0.231,0.0,0.154,0.308,0.615,1.0,0.0,1.0,0.0,1.0,0.0
0022000020,1610612757,Portland,Trail Blazers,POR,blazers,203468,CJ,McCollum,C. McCollum,cj-mccollum,G,,,34:10,0.579,0.421,0.348,0.087,0.391,0.261,0.261,0.217,0.261,0.75,0.25,0.667,0.333,0.714,0.286
0022000020,1610612757,Portland,Trail Blazers,POR,blazers,203081,Damian,Lillard,D. Lillard,damian-lillard,G,,,33:41,0.417,0.583,0.667,0.0,0.333,0.0,0.0,0.222,0.667,0.0,1.0,0.0,1.0,0.0,1.0
0022000020,1610612757,Portland,Trail Blazers,POR,blazers,1629018,Gary,Trent Jr.,G. Trent Jr.,gary-trent-jr,,,,26:08,0.583,0.417,0.182,0.0,0.818,0.273,0.0,0.0,0.182,1.0,0.0,1.0,0.0,1.0,0.0
0022000020,1610612757,Portland,Trail Blazers,POR,blazers,2546,Carmelo,Anthony,C. Anthony,carmelo-anthony,,,,24:04,1.0,0.0,0.667,0.133,0.0,0.067,0.333,0.133,0.533,0.2,0.8,0.0,0.0,0.2,0.8
0022000020,1610612757,Portland,Trail Blazers,POR,blazers,202683,Enes,Freedom,E. Freedom,enes-freedom,,,,25:54,1.0,0.0,1.0,0.0,0.0,0.0,0.0,0.0,1.0,0.571,0.429,0.0,0.0,0.571,0.429
0022000020,1610612757,Portland,Trail Blazers,POR,blazers,203918,Rodney,Hood,R. Hood,rodney-hood,,,,13:50,1.0,0.0,0.0,0.0,0.0,0.0,0.0,0.0,0.0,0.0,0.0,0.0,0.0,0.0,0.0
0022000020,1610612757,Portland,Trail Blazers,POR,blazers,1628385,Harry,Giles III,H. Giles III,harry-giles-iii,,,,4:27,0.5,0.5,0.0,0.0,1.0,0.0,0.0,0.0,0.0,0.0,0.0,1.0,0.0,1.0,0.0
0022000020,1610612757,Portland,Trail Blazers,POR,blazers,1629833,Keljin,Blevins,K. Blevins,keljin-blevins,,,,4:27,0.5,0.5,0.0,0.0,0.0,0.0,0.0,0.0,0.0,0.0,0.0,0.0,0.0,0.0,0.0
0022000020,1610612757,Portland,Trail Blazers,POR,blazers,1629604,CJ,Elleby,C. Elleby,cj-elleby,,,,4:27,0.5,0.5,1.0,1.0,0.0,0.0,0.0,0.0,0.0,0.0,1.0,0.0,0.0,0.0,1.0
0022000014,1610612740,New Orleans,Pelicans,NOP,pelicans,1627742,Brandon,Ingram,B. Ingram,brandon-ingram,F,,,37:20,0.684,0.316,0.583,0.333,0.375,0.083,0.042,0.083,0.25,0.429,0.571,0.333,0.667,0.4,0.6
0022000014,1610612740,New Orleans,Pelicans,NOP,pelicans,1629627,Zion,Williamson,Z. Williamson,zion-williamson,F,,,29:34,1.0,0.0,0.933,0.0,0.0,0.267,0.067,0.267,0.933,0.571,0.429,0.0,0.0,0.571,0.429
0022000014,1610612740,New Orleans,Pelicans,NOP,pelicans,203500,Steven,Adams,S. Adams,steven-adams,C,,,30:37,1.0,0.0,1.0,0.0,0.0,0.0,0.0,0.0,1.0,0.75,0.25,0.0,0.0,0.75,0.25
0022000014,1610612740,New Orleans,Pelicans,NOP,pelicans,1628366,Lonzo,Ball,L. Ball,lonzo-ball,G,,,28:48,0.111,0.889,0.0,0.0,0.75,0.5,0.25,0.313,0.0,0.0,0.0,0.75,0.25,0.75,0.25
0022000014,1610612740,New Orleans,Pelicans,NOP,pelicans,202339,Eric,Bledsoe,E. Bledsoe,eric-bledsoe,G,,,34:27,0.333,0.667,0.222,0.111,0.667,0.0,0.111,0.111,0.111,1.0,0.0,0.75,0.25,0.833,0.167
0022000014,1610612740,New Orleans,Pelicans,NOP,pelicans,200755,JJ,Redick,J. Redick,jj-redick,,,,28:52,0.214,0.786,0.174,0.174,0.783,0.261,0.043,0.391,0.0,1.0,0.0,1.0,0.0,1.0,0.0
0022000014,1610612740,New Orleans,Pelicans,NOP,pelicans,1628404,Josh,Hart,J. Hart,josh-hart,,,,26:41,0.2,0.8,0.333,0.0,0.5,0.0,0.167,0.5,0.333,1.0,0.0,1.0,0.0,1.0,0.0
0022000014,1610612740,New Orleans,Pelicans,NOP,pelicans,1629637,Jaxson,Hayes,J. Hayes,jaxson-hayes,,,,6:17,0.0,0.0,0.0,0.0,0.0,0.0,0.0,0.0,0.0,0.0,0.0,0.0,0.0,0.0,0.0
0022000014,1610612740,New Orleans,Pelicans,NOP,pelicans,1629740,Nicolo,Melli,N. Melli,nicolo-melli,,,,13:31,0.25,0.75,0.0,0.0,0.0,0.0,0.0,0.0,0.0,0.0,0.0,0.0,0.0,0.0,0.0
0022000014,1610612740,New Orleans,Pelicans,NOP,pelicans,1629638,Nickeil,Alexander-Walker,N. Alexander-Walker,nickeil-alexander-walker,,,,3:53,0.0,1.0,0.0,0.0,1.0,0.0,0.0,0.0,0.0,0.0,0.0,1.0,0.0,1.0,0.0
0022000014,1610612740,New Orleans,Pelicans,NOP,pelicans,1626195,Willy,Hernangomez,W. Hernangomez,willy-hernangomez,,DNP - Coach's Decision,,,0.0,0.0,0.0,0.0,0.0,0.0,0.0,0.0,0.0,0.0,0.0,0.0,0.0,0.0,0.0
0022000014,1610612740,New Orleans,Pelicans,NOP,pelicans,1630184,Kira,Lewis Jr.,K. Lewis Jr.,kira-lewis-jr,,DNP - Coach's Decision,,,0.0,0.0,0.0,0.0,0.0,0.0,0.0,0.0,0.0,0.0,0.0,0.0,0.0,0.0,0.0
0022000014,1610612740,New Orleans,Pelicans,NOP,pelicans,1630230,Naji,Marshall,N. Marshall,naji-marshall,,DNP - Coach's Decision,,,0.0,0.0,0.0,0.0,0.0,0.0,0.0,0.0,0.0,0.0,0.0,0.0,0.0,0.0,0.0
0022000014,1610612740,New Orleans,Pelicans,NOP,pelicans,1628414,Sindarius,Thornwell,S. Thornwell,sindarius-thornwell,,DNP - Coach's Decision,,,0.0,0.0,0.0,0.0,0.0,0.0,0.0,0.0,0.0,0.0,0.0,0.0,0.0,0.0,0.0
0022000014,1610612761,Toronto,Raptors,TOR,raptors,1628384,OG,Anunoby,O. Anunoby,og-anunoby,F,,,36:13,0.5,0.5,1.0,0.0,0.0,0.5,0.0,0.75,1.0,0.75,0.25,0.0,0.0,0.75,0.25
0022000014,1610612761,Toronto,Raptors,TOR,raptors,1627783,Pascal,Siakam,P. Siakam,pascal-siakam,F,,,38:41,0.588,0.412,0.5,0.1,0.45,0.1,0.05,0.0,0.4,0.4,0.6,0.667,0.333,0.5,0.5
0022000014,1610612761,Toronto,Raptors,TOR,raptors,203382,Aron,Baynes,A. Baynes,aron-baynes,C,,,28:06,0.556,0.444,0.727,0.182,0.273,0.0,0.0,0.0,0.545,0.75,0.25,1.0,0.0,0.8,0.2
0022000014,1610612761,Toronto,Raptors,TOR,raptors,200768,Kyle,Lowry,K. Lowry,kyle-lowry,G,,,38:33,0.4,0.6,0.333,0.111,0.667,0.167,0.0,0.278,0.222,0.0,1.0,0.75,0.25,0.429,0.571
0022000014,1610612761,Toronto,Raptors,TOR,raptors,1627832,Fred,VanVleet,F. VanVleet,fred-vanvleet,G,,,29:37,0.333,0.667,0.222,0.0,0.667,0.222,0.111,0.556,0.222,1.0,0.0,1.0,0.0,1.0,0.0
0022000014,1610612761,Toronto,Raptors,TOR,raptors,1626181,Norman,Powell,N. Powell,norman-powell,,,,23:08,0.455,0.545,0.167,0.167,0.25,0.417,0.583,0.333,0.0,1.0,0.0,1.0,0.0,1.0,0.0
0022000014,1610612761,Toronto,Raptors,TOR,raptors,1629744,Matt,Thomas,M. Thomas,matt-thomas,,,,20:17,0.167,0.833,0.0,0.0,1.0,0.0,0.0,0.333,0.0,0.0,0.0,1.0,0.0,1.0,0.0
0022000014,1610612761,Toronto,Raptors,TOR,raptors,1628449,Chris,Boucher,C. Boucher,chris-boucher,,,,14:47,0.875,0.125,1.0,0.333,0.0,0.0,0.0,0.5,0.667,0.667,0.333,0.0,0.0,0.667,0.333
0022000014,1610612761,Toronto,Raptors,TOR,raptors,1627761,DeAndre',Bembry,D. Bembry,deandre-bembry,,,,5:31,0.0,0.0,0.0,0.0,0.0,0.0,0.0,0.0,0.0,0.0,0.0,0.0,0.0,0.0,0.0
0022000014,1610612761,Toronto,Raptors,TOR,raptors,1629056,Terence,Davis,T. Davis,terence-davis,,,,2:35,0.0,0.0,0.0,0.0,0.0,0.0,0.0,0.0,0.0,0.0,0.0,0.0,0.0,0.0,0.0
0022000014,1610612761,Toronto,Raptors,TOR,raptors,1626169,Stanley,Johnson,S. Johnson,stanley-johnson,,,,1:16,0.0,0.0,0.0,0.0,0.0,0.0,0.0,0.0,0.0,0.0,0.0,0.0,0.0,0.0,0.0
0022000014,1610612761,Toronto,Raptors,TOR,raptors,1630201,Malachi,Flynn,M. Flynn,malachi-flynn,,,,1:16,0.0,1.0,0.0,0.0,0.0,0.0,0.0,0.0,0.0,0.0,0.0,0.0,0.0,0.0,0.0
0022000014,1610612761,Toronto,Raptors,TOR,raptors,203458,Alex,Len,A. Len,alex-len,,DNP - Coach's Decision,,,0.0,0.0,0.0,0.0,0.0,0.0,0.0,0.0,0.0,0.0,0.0,0.0,0.0,0.0,0.0
0022000014,1610612761,Toronto,Raptors,TOR,raptors,1629139,Yuta,Watanabe,Y. Watanabe,yuta-watanabe,,DNP - Coach's Decision,,,0.0,0.0,0.0,0.0,0.0,0.0,0.0,0.0,0.0,0.0,0.0,0.0,0.0,0.0,0.0
0022000014,1610612761,Toronto,Raptors,TOR,raptors,1628778,Paul,Watson,P. Watson,paul-watson,,DNP - Coach's Decision,,,0.0,0.0,0.0,0.0,0.0,0.0,0.0,0.0,0.0,0.0,0.0,0.0,0.0,0.0,0.0
0022000013,1610612764,Washington,Wizards,WAS,wizards,1629067,Isaac,Bonga,I. Bonga,isaac-bonga,F,,,16:43,0.667,0.333,0.4,0.0,0.6,0.0,0.0,0.0,0.4,1.0,0.0,1.0,0.0,1.0,0.0
0022000013,1610612764,Washington,Wizards,WAS,wizards,1630166,Deni,Avdija,D. Avdija,deni-avdija,F,,,28:06,0.0,1.0,0.0,0.0,0.857,0.571,0.143,0.143,0.0,0.0,0.0,1.0,0.0,1.0,0.0
0022000013,1610612764,Washington,Wizards,WAS,wizards,1628418,Thomas,Bryant,T. Bryant,thomas-bryant,C,,,25:33,0.769,0.231,1.0,0.0,0.0,0.2,0.0,0.2,1.0,0.8,0.2,0.0,0.0,0.8,0.2
0022000013,1610612764,Washington,Wizards,WAS,wizards,203078,Bradley,Beal,B. Beal,bradley-beal,G,,,35:44,0.636,0.364,0.516,0.387,0.29,0.129,0.194,0.161,0.129,0.625,0.375,1.0,0.0,0.727,0.273
0022000013,1610612764,Washington,Wizards,WAS,wizards,201566,Russell,Westbrook,R. Westbrook,russell-westbrook,G,,,36:18,0.909,0.091,0.857,0.571,0.0,0.143,0.143,0.095,0.286,0.222,0.778,0.0,0.0,0.222,0.778
0022000013,1610612764,Washington,Wizards,WAS,wizards,202397,Ish,Smith,I. Smith,ish-smith,,,,22:53,0.714,0.286,0.286,0.286,0.429,0.0,0.286,0.286,0.0,1.0,0.0,1.0,0.0,1.0,0.0
0022000013,1610612764,Washington,Wizards,WAS,wizards,1628972,Troy,Brown Jr.,T. Brown Jr.,troy-brown-jr,,,,22:26,0.333,0.667,0.0,0.0,1.0,0.0,0.0,0.0,0.0,0.0,0.0,1.0,0.0,1.0,0.0
0022000013,1610612764,Washington,Wizards,WAS,wizards,201577,Robin,Lopez,R. Lopez,robin-lopez,,,,16:32,0.667,0.333,0.0,0.0,1.0,0.0,0.0,0.0,0.0,0.0,0.0,1.0,0.0,1.0,0.0
0022000013,1610612764,Washington,Wizards,WAS,wizards,202722,Davis,Bertans,D. Bertans,davis-bertans,,,,20:08,0.143,0.857,0.0,0.0,0.857,0.429,0.143,0.214,0.0,0.0,0.0,1.0,0.0,1.0,0.0
0022000013,1610612764,Washington,Wizards,WAS,wizards,203526,Raul,Neto,R. Neto,raul-neto,,,,9:42,1.0,0.0,0.0,0.0,0.0,0.0,1.0,0.0,0.0,0.0,0.0,0.0,0.0,0.0,0.0
0022000013,1610612764,Washington,Wizards,WAS,wizards,1629021,Moritz,Wagner,M. Wagner,moritz-wagner,,,,5:55,1.0,0.0,1.0,0.0,0.0,0.5,0.0,0.5,1.0,1.0,0.0,0.0,0.0,1.0,0.0
0022000013,1610612764,Washington,Wizards,WAS,wizards,1630264,Anthony,Gill,A. Gill,anthony-gill,,DNP - Coach's Decision,,,0.0,0.0,0.0,0.0,0.0,0.0,0.0,0.0,0.0,0.0,0.0,0.0,0.0,0.0,0.0
0022000013,1610612764,Washington,Wizards,WAS,wizards,1628394,Anžejs,Pasečņiks,A. Pasečņiks,anžejs-pasečņiks,,DNP - Coach's Decision,,,0.0,0.0,0.0,0.0,0.0,0.0,0.0,0.0,0.0,0.0,0.0,0.0,0.0,0.0,0.0
0022000013,1610612764,Washington,Wizards,WAS,wizards,1629010,Jerome,Robinson,J. Robinson,jerome-robinson,,DNP - Coach's Decision,,,0.0,0.0,0.0,0.0,0.0,0.0,0.0,0.0,0.0,0.0,0.0,0.0,0.0,0.0,0.0
0022000013,1610612755,Philadelphia,76ers,PHI,sixers,201980,Danny,Green,D. Green,danny-green,F,,,18:16,0.333,0.667,1.0,0.0,0.0,0.0,0.0,0.0,1.0,1.0,0.0,0.0,0.0,1.0,0.0
0022000013,1610612755,Philadelphia,76ers,PHI,sixers,202699,Tobias,Harris,T. Harris,tobias-harris,F,,,31:08,0.692,0.308,0.6,0.2,0.0,0.0,0.4,0.2,0.4,0.0,1.0,0.0,0.0,0.0,1.0
0022000013,1610612755,Philadelphia,76ers,PHI,sixers,203954,Joel,Embiid,J. Embiid,joel-embiid,C,,,34:50,0.941,0.059,0.621,0.345,0.103,0.103,0.276,0.241,0.276,0.111,0.889,1.0,0.0,0.2,0.8
0022000013,1610612755,Philadelphia,76ers,PHI,sixers,203552,Seth,Curry,S. Curry,seth-curry,G,,,32:16,0.375,0.625,0.462,0.154,0.231,0.0,0.308,0.385,0.308,0.333,0.667,1.0,0.0,0.5,0.5
0022000013,1610612755,Philadelphia,76ers,PHI,sixers,1627732,Ben,Simmons,B. Simmons,ben-simmons,G,,,32:25,1.0,0.0,0.875,0.0,0.0,0.25,0.125,0.125,0.875,0.571,0.429,0.0,0.0,0.571,0.429
0022000013,1610612755,Philadelphia,76ers,PHI,sixers,1629003,Shake,Milton,S. Milton,shake-milton,,,,29:44,0.636,0.364,0.421,0.0,0.316,0.0,0.263,0.263,0.421,0.75,0.25,1.0,0.0,0.833,0.167
0022000013,1610612755,Philadelphia,76ers,PHI,sixers,2730,Dwight,Howard,D. Howard,dwight-howard,,,,13:10,1.0,0.0,1.0,0.0,0.0,0.0,0.0,0.0,1.0,1.0,0.0,0.0,0.0,1.0,0.0
0022000013,1610612755,Philadelphia,76ers,PHI,sixers,1627788,Furkan,Korkmaz,F. Korkmaz,furkan-korkmaz,,,,20:11,0.333,0.667,0.182,0.0,0.818,0.273,0.0,0.273,0.182,1.0,0.0,1.0,0.0,1.0,0.0
0022000013,1610612755,Philadelphia,76ers,PHI,sixers,203118,Mike,Scott,M. Scott,mike-scott,,,,16:52,0.0,1.0,0.0,0.0,1.0,0.0,0.0,0.0,0.0,0.0,0.0,1.0,0.0,1.0,0.0
0022000013,1610612755,Philadelphia,76ers,PHI,sixers,1630178,Tyrese,Maxey,T. Maxey,tyrese-maxey,,,,10:51,0.833,0.167,1.0,0.0,0.0,0.333,0.0,0.0,1.0,0.333,0.667,0.0,0.0,0.333,0.667
0022000013,1610612755,Philadelphia,76ers,PHI,sixers,1629680,Matisse,Thybulle,M. Thybulle,matisse-thybulle,,,,0:17,0.0,0.0,0.0,0.0,0.0,0.0,0.0,0.0,0.0,0.0,0.0,0.0,0.0,0.0,0.0
0022000013,1610612755,Philadelphia,76ers,PHI,sixers,1628396,Tony,Bradley,T. Bradley,tony-bradley,,DNP - Coach's Decision,,,0.0,0.0,0.0,0.0,0.0,0.0,0.0,0.0,0.0,0.0,0.0,0.0,0.0,0.0,0.0
0022000013,1610612755,Philadelphia,76ers,PHI,sixers,1628390,Terrance,Ferguson,T. Ferguson,terrance-ferguson,,DNP - Coach's Decision,,,0.0,0.0,0.0,0.0,0.0,0.0,0.0,0.0,0.0,0.0,0.0,0.0,0.0,0.0,0.0
0022000013,1610612755,Philadelphia,76ers,PHI,sixers,1630198,Isaiah,Joe,I. Joe,isaiah-joe,,DNP - Coach's Decision,,,0.0,0.0,0.0,0.0,0.0,0.0,0.0,0.0,0.0,0.0,0.0,0.0,0.0,0.0,0.0
0022000013,1610612755,Philadelphia,76ers,PHI,sixers,1629751,Dakota,Mathias,D. Mathias,dakota-mathias,,DNP - Coach's Decision,,,0.0,0.0,0.0,0.0,0.0,0.0,0.0,0.0,0.0,0.0,0.0,0.0,0.0,0.0,0.0
0022000010,1610612766,Charlotte,Hornets,CHA,hornets,202330,Gordon,Hayward,G. Hayward,gordon-hayward,F,,,36:13,0.556,0.444,0.5,0.0,0.429,0.071,0.071,0.25,0.5,0.571,0.429,1.0,0.0,0.727,0.273
0022000010,1610612766,Charlotte,Hornets,CHA,hornets,1629023,P.J.,Washington,P. Washington,pj-washington,F,,,21:23,0.8,0.2,0.5,0.0,0.0,0.0,0.5,0.0,0.5,1.0,0.0,0.0,0.0,1.0,0.0
0022000010,1610612766,Charlotte,Hornets,CHA,hornets,203469,Cody,Zeller,C. Zeller,cody-zeller,C,,,18:57,0.667,0.333,1.0,0.0,0.0,0.0,0.0,0.0,1.0,1.0,0.0,0.0,0.0,1.0,0.0
0022000010,1610612766,Charlotte,Hornets,CHA,hornets,1626179,Terry,Rozier,T. Rozier,terry-rozier,G,,,37:31,0.304,0.696,0.238,0.0,0.714,0.119,0.048,0.262,0.238,0.2,0.8,0.5,0.5,0.4,0.6
0022000010,1610612766,Charlotte,Hornets,CHA,hornets,1628984,Devonte',Graham,D. Graham,devonte-graham,G,,,37:07,0.308,0.692,0.4,0.2,0.6,0.5,0.0,0.3,0.2,0.5,0.5,1.0,0.0,0.75,0.25
0022000010,1610612766,Charlotte,Hornets,CHA,hornets,1630163,LaMelo,Ball,L. Ball,lamelo-ball,,,,15:48,0.4,0.6,0.0,0.0,0.0,0.0,0.0,0.0,0.0,0.0,0.0,0.0,0.0,0.0,0.0
0022000010,1610612766,Charlotte,Hornets,CHA,hornets,1628970,Miles,Bridges,M. Bridges,miles-bridges,,,,22:05,0.5,0.5,1.0,0.0,0.0,0.333,0.0,0.0,1.0,0.667,0.333,0.0,0.0,0.667,0.333
0022000010,1610612766,Charlotte,Hornets,CHA,hornets,202687,Bismack,Biyombo,B. Biyombo,bismack-biyombo,,,,24:21,1.0,0.0,0.909,0.0,0.0,0.182,0.091,0.364,0.909,0.8,0.2,0.0,0.0,0.8,0.2
0022000010,1610612766,Charlotte,Hornets,CHA,hornets,1628998,Cody,Martin,C. Martin,cody-martin,,,,21:01,1.0,0.0,0.8,0.0,0.0,0.6,0.2,0.0,0.8,0.5,0.5,0.0,0.0,0.5,0.5
0022000010,1610612766,Charlotte,Hornets,CHA,hornets,1629667,Jalen,McDaniels,J. McDaniels,jalen-mcdaniels,,,,5:34,1.0,0.0,1.0,0.0,0.0,1.0,0.0,1.0,1.0,1.0,0.0,0.0,0.0,1.0,0.0
0022000010,1610612766,Charlotte,Hornets,CHA,hornets,1630176,Vernon,Carey Jr.,V. Carey Jr.,vernon-carey-jr,,DNP - Coach's Decision,,,0.0,0.0,0.0,0.0,0.0,0.0,0.0,0.0,0.0,0.0,0.0,0.0,0.0,0.0,0.0
0022000010,1610612766,Charlotte,Hornets,CHA,hornets,1628997,Caleb,Martin,C. Martin,caleb-martin,,DNP - Coach's Decision,,,0.0,0.0,0.0,0.0,0.0,0.0,0.0,0.0,0.0,0.0,0.0,0.0,0.0,0.0,0.0
0022000010,1610612766,Charlotte,Hornets,CHA,hornets,1628370,Malik,Monk,M. Monk,malik-monk,,DNP - Coach's Decision,,,0.0,0.0,0.0,0.0,0.0,0.0,0.0,0.0,0.0,0.0,0.0,0.0,0.0,0.0,0.0
0022000010,1610612766,Charlotte,Hornets,CHA,hornets,1630208,Nick,Richards,N. Richards,nick-richards,,DNP - Coach's Decision,,,0.0,0.0,0.0,0.0,0.0,0.0,0.0,0.0,0.0,0.0,0.0,0.0,0.0,0.0,0.0
0022000010,1610612739,Cleveland,Cavaliers,CLE,cavaliers,1630171,Isaac,Okoro,I. Okoro,isaac-okoro,F,,,33:32,0.6,0.4,0.545,0.0,0.273,0.364,0.182,0.182,0.545,1.0,0.0,1.0,0.0,1.0,0.0
0022000010,1610612739,Cleveland,Cavaliers,CLE,cavaliers,1626204,Larry,Nance Jr.,L. Nance Jr.,larry-nance-jr,F,,,33:34,0.889,0.111,0.615,0.0,0.231,0.154,0.154,0.231,0.615,1.0,0.0,1.0,0.0,1.0,0.0
0022000010,1610612739,Cleveland,Cavaliers,CLE,cavaliers,203083,Andre,Drummond,A. Drummond,andre-drummond,C,,,27:12,0.944,0.056,1.0,0.0,0.0,0.143,0.0,0.143,1.0,0.714,0.286,0.0,0.0,0.714,0.286
0022000010,1610612739,Cleveland,Cavaliers,CLE,cavaliers,1629012,Collin,Sexton,C. Sexton,collin-sexton,G,,,37:05,0.75,0.25,0.444,0.0,0.333,0.148,0.222,0.111,0.444,0.667,0.333,0.667,0.333,0.667,0.333
0022000010,1610612739,Cleveland,Cavaliers,CLE,cavaliers,1629636,Darius,Garland,D. Garland,darius-garland,G,,,32:33,0.385,0.615,0.273,0.091,0.545,0.227,0.182,0.091,0.182,0.0,1.0,0.75,0.25,0.429,0.571
0022000010,1610612739,Cleveland,Cavaliers,CLE,cavaliers,1626224,Cedi,Osman,C. Osman,cedi-osman,,,,17:57,0.333,0.667,0.182,0.0,0.818,0.182,0.0,0.182,0.182,1.0,0.0,1.0,0.0,1.0,0.0
0022000010,1610612739,Cleveland,Cavaliers,CLE,cavaliers,201580,JaVale,McGee,J. McGee,javale-mcgee,,,,19:12,0.857,0.143,0.923,0.0,0.0,0.0,0.077,0.154,0.923,0.5,0.5,0.0,0.0,0.5,0.5
0022000010,1610612739,Cleveland,Cavaliers,CLE,cavaliers,1629731,Dean,Wade,D. Wade,dean-wade,,,,15:52,0.5,0.5,0.571,0.0,0.429,0.286,0.0,0.0,0.571,1.0,0.0,1.0,0.0,1.0,0.0
0022000010,1610612739,Cleveland,Cavaliers,CLE,cavaliers,1629685,Dylan,Windler,D. Windler,dylan-windler,,,,9:29,0.2,0.8,0.0,0.0,1.0,0.0,0.0,0.0,0.0,0.0,0.0,1.0,0.0,1.0,0.0
0022000010,1610612739,Cleveland,Cavaliers,CLE,cavaliers,1628422,Damyean,Dotson,D. Dotson,damyean-dotson,,,,13:33,0.0,1.0,0.0,0.0,0.0,0.0,0.0,0.0,0.0,0.0,0.0,0.0,0.0,0.0,0.0
0022000010,1610612739,Cleveland,Cavaliers,CLE,cavaliers,1629716,Marques,Bolden,M. Bolden,marques-bolden,,,,0:01,0.0,0.0,0.0,0.0,0.0,0.0,0.0,0.0,0.0,0.0,0.0,0.0,0.0,0.0,0.0
0022000010,1610612739,Cleveland,Cavaliers,CLE,cavaliers,1627748,Thon,Maker,T. Maker,thon-maker,,DNP - Coach's Decision,,,0.0,0.0,0.0,0.0,0.0,0.0,0.0,0.0,0.0,0.0,0.0,0.0,0.0,0.0,0.0
0022000010,1610612739,Cleveland,Cavaliers,CLE,cavaliers,1630205,Lamar,Stevens,L. Stevens,lamar-stevens,,DNP - Coach's Decision,,,0.0,0.0,0.0,0.0,0.0,0.0,0.0,0.0,0.0,0.0,0.0,0.0,0.0,0.0,0.0
0022000004,1610612742,Dallas,Mavericks,DAL,mavericks,203501,Tim,Hardaway Jr.,T. Hardaway Jr.,tim-hardaway-jr,F,,,26:48,0.2,0.8,0.0,0.0,0.75,0.5,0.25,0.0,0.0,0.0,0.0,0.667,0.333,0.667,0.333
0022000004,1610612742,Dallas,Mavericks,DAL,mavericks,1627827,Dorian,Finney-Smith,D. Finney-Smith,dorian-finney-smith,F,,,35:48,0.455,0.545,0.545,0.0,0.273,0.364,0.182,0.0,0.545,1.0,0.0,1.0,0.0,1.0,0.0
0022000004,1610612742,Dallas,Mavericks,DAL,mavericks,203939,Dwight,Powell,D. Powell,dwight-powell,C,,,17:32,1.0,0.0,1.0,0.0,0.0,0.0,0.0,1.0,1.0,1.0,0.0,0.0,0.0,1.0,0.0
0022000004,1610612742,Dallas,Mavericks,DAL,mavericks,1626196,Josh,Richardson,J. Richardson,josh-richardson,G,,,36:16,0.364,0.636,0.5,0.167,0.5,0.333,0.0,0.417,0.333,1.0,0.0,1.0,0.0,1.0,0.0
0022000004,1610612742,Dallas,Mavericks,DAL,mavericks,1629029,Luka,Dončić,L. Dončić,luka-dončić,G,,,35:57,0.769,0.231,0.688,0.0,0.0,0.0,0.313,0.0,0.688,0.091,0.909,0.0,0.0,0.091,0.909
0022000004,1610612742,Dallas,Mavericks,DAL,mavericks,1628467,Maxi,Kleber,M. Kleber,maxi-kleber,,,,26:53,0.125,0.875,0.0,0.0,0.6,0.0,0.4,0.3,0.0,0.0,0.0,1.0,0.0,1.0,0.0
0022000004,1610612742,Dallas,Mavericks,DAL,mavericks,203504,Trey,Burke,T. Burke,trey-burke,,,,19:36,0.833,0.167,0.571,0.286,0.429,0.286,0.0,0.0,0.286,0.0,1.0,0.0,1.0,0.0,1.0
0022000004,1610612742,Dallas,Mavericks,DAL,mavericks,201949,James,Johnson,J. Johnson,james-johnson,,,,13:42,0.0,0.0,0.0,0.0,0.0,0.0,0.0,0.0,0.0,0.0,0.0,0.0,0.0,0.0,0.0
0022000004,1610612742,Dallas,Mavericks,DAL,mavericks,1628973,Jalen,Brunson,J. Brunson,jalen-brunson,,,,18:11,0.75,0.25,0.833,0.167,0.0,0.167,0.167,0.0,0.667,0.0,1.0,0.0,0.0,0.0,1.0
0022000004,1610612742,Dallas,Mavericks,DAL,mavericks,1630182,Josh,Green,J. Green,josh-green,,,,3:16,1.0,0.0,1.0,0.0,0.0,0.0,0.0,0.0,1.0,1.0,0.0,0.0,0.0,1.0,0.0
0022000004,1610612742,Dallas,Mavericks,DAL,mavericks,1626161,Willie,Cauley-Stein,W. Cauley-Stein,willie-cauley-stein,,,,6:02,1.0,0.0,1.0,0.0,0.0,1.0,0.0,0.0,1.0,1.0,0.0,0.0,0.0,1.0,0.0
0022000004,1610612742,Dallas,Mavericks,DAL,mavericks,1628411,Wes,Iwundu,W. Iwundu,wes-iwundu,,DNP - Coach's Decision,,,0.0,0.0,0.0,0.0,0.0,0.0,0.0,0.0,0.0,0.0,0.0,0.0,0.0,0.0,0.0
0022000004,1610612742,Dallas,Mavericks,DAL,mavericks,1626246,Boban,Marjanovic,B. Marjanovic,boban-marjanovic,,DNP - Coach's Decision,,,0.0,0.0,0.0,0.0,0.0,0.0,0.0,0.0,0.0,0.0,0.0,0.0,0.0,0.0,0.0
0022000004,1610612742,Dallas,Mavericks,DAL,mavericks,1630179,Tyrell,Terry,T. Terry,tyrell-terry,,DNP - Coach's Decision,,,0.0,0.0,0.0,0.0,0.0,0.0,0.0,0.0,0.0,0.0,0.0,0.0,0.0,0.0,0.0
0022000004,1610612756,Phoenix,Suns,PHX,suns,1628969,Mikal,Bridges,M. Bridges,mikal-bridges,F,,,35:57,0.364,0.636,0.111,0.0,0.667,0.111,0.222,0.167,0.111,1.0,0.0,1.0,0.0,1.0,0.0
0022000004,1610612756,Phoenix,Suns,PHX,suns,203109,Jae,Crowder,J. Crowder,jae-crowder,F,,,25:58,0.167,0.833,0.0,0.0,0.75,0.0,0.25,0.0,0.0,0.0,0.0,1.0,0.0,1.0,0.0
0022000004,1610612756,Phoenix,Suns,PHX,suns,1629028,Deandre,Ayton,D. Ayton,deandre-ayton,C,,,24:10,1.0,0.0,0.769,0.0,0.0,0.231,0.231,0.0,0.769,0.8,0.2,0.0,0.0,0.8,0.2
0022000004,1610612756,Phoenix,Suns,PHX,suns,1626164,Devin,Booker,D. Booker,devin-booker,G,,,34:07,0.6,0.4,0.545,0.091,0.273,0.318,0.182,0.0,0.455,0.5,0.5,0.0,1.0,0.375,0.625
0022000004,1610612756,Phoenix,Suns,PHX,suns,101108,Chris,Paul,C. Paul,chris-paul,G,,,27:45,0.778,0.222,0.75,0.5,0.0,0.25,0.25,0.25,0.25,0.0,1.0,0.0,0.0,0.0,1.0
0022000004,1610612756,Phoenix,Suns,PHX,suns,1627745,Damian,Jones,D. Jones,damian-jones,,,,7:37,0.0,0.0,0.0,0.0,0.0,0.0,0.0,0.0,0.0,0.0,0.0,0.0,0.0,0.0,0.0
0022000004,1610612756,Phoenix,Suns,PHX,suns,1626166,Cameron,Payne,C. Payne,cameron-payne,,,,20:15,0.778,0.222,0.727,0.182,0.273,0.182,0.0,0.182,0.545,0.0,1.0,0.0,1.0,0.0,1.0
0022000004,1610612756,Phoenix,Suns,PHX,suns,1629661,Cameron,Johnson,C. Johnson,cameron-johnson,,,,25:32,0.667,0.333,0.533,0.267,0.2,0.133,0.267,0.133,0.267,0.5,0.5,1.0,0.0,0.6,0.4
0022000004,1610612756,Phoenix,Suns,PHX,suns,1628975,Jevon,Carter,J. Carter,jevon-carter,,,,13:53,0.0,1.0,0.0,0.0,0.0,0.0,0.0,0.0,0.0,0.0,0.0,0.0,0.0,0.0,0.0
0022000004,1610612756,Phoenix,Suns,PHX,suns,1630188,Jalen,Smith,J. Smith,jalen-smith,,,,16:13,1.0,0.0,1.0,0.5,0.0,0.5,0.0,0.0,0.5,1.0,0.0,0.0,0.0,1.0,0.0
0022000004,1610612756,Phoenix,Suns,PHX,suns,204038,Langston,Galloway,L. Galloway,langston-galloway,,,,8:34,0.6,0.4,0.364,0.182,0.545,0.364,0.091,0.364,0.182,0.5,0.5,1.0,0.0,0.75,0.25
0022000004,1610612756,Phoenix,Suns,PHX,suns,1630234,Ty-Shon,Alexander,T. Alexander,ty-shon-alexander,,DNP - Coach's Decision,,,0.0,0.0,0.0,0.0,0.0,0.0,0.0,0.0,0.0,0.0,0.0,0.0,0.0,0.0,0.0
0022000004,1610612756,Phoenix,Suns,PHX,suns,202734,E'Twaun,Moore,E. Moore,etwaun-moore,,DNP - Coach's Decision,,,0.0,0.0,0.0,0.0,0.0,0.0,0.0,0.0,0.0,0.0,0.0,0.0,0.0,0.0,0.0
0022000004,1610612756,Phoenix,Suns,PHX,suns,203967,Dario,Šarić,D. Šarić,dario-šarić,,DNP - Injury/Illness,,,0.0,0.0,0.0,0.0,0.0,0.0,0.0,0.0,0.0,0.0,0.0,0.0,0.0,0.0,0.0
0022000011,1610612752,New York,Knicks,NYK,knicks,203493,Reggie,Bullock Jr.,R. Bullock Jr.,reggie-bullock-jr,F,,,25:38,0.2,0.8,0.182,0.0,0.818,0.0,0.0,0.0,0.182,1.0,0.0,1.0,0.0,1.0,0.0
0022000011,1610612752,New York,Knicks,NYK,knicks,203944,Julius,Randle,J. Randle,julius-randle,F,,,35:28,0.867,0.133,0.824,0.0,0.0,0.0,0.176,0.118,0.824,0.571,0.429,0.0,0.0,0.571,0.429
0022000011,1610612752,New York,Knicks,NYK,knicks,1629011,Mitchell,Robinson,M. Robinson,mitchell-robinson,C,,,21:10,1.0,0.0,0.667,0.0,0.0,0.0,0.333,0.0,0.667,0.0,1.0,0.0,0.0,0.0,1.0
0022000011,1610612752,New York,Knicks,NYK,knicks,1629628,RJ,Barrett,R. Barrett,rj-barrett,G,,,34:22,0.8,0.2,0.615,0.0,0.346,0.154,0.038,0.077,0.615,0.375,0.625,1.0,0.0,0.545,0.455
0022000011,1610612752,New York,Knicks,NYK,knicks,203901,Elfrid,Payton,E. Payton,elfrid-payton,G,,,22:10,0.857,0.143,0.571,0.0,0.429,0.286,0.0,0.0,0.571,0.5,0.5,1.0,0.0,0.667,0.333
0022000011,1610612752,New York,Knicks,NYK,knicks,203457,Nerlens,Noel,N. Noel,nerlens-noel,,,,9:22,1.0,0.0,1.0,0.0,0.0,0.0,0.0,1.0,1.0,0.0,1.0,0.0,0.0,0.0,1.0
0022000011,1610612752,New York,Knicks,NYK,knicks,202692,Alec,Burks,A. Burks,alec-burks,,,,31:40,0.667,0.333,0.364,0.0,0.273,0.091,0.364,0.227,0.364,0.75,0.25,0.5,0.5,0.667,0.333
0022000011,1610612752,New York,Knicks,NYK,knicks,1630193,Immanuel,Quickley,I. Quickley,immanuel-quickley,,,,12:26,0.667,0.333,0.4,0.4,0.0,0.0,0.6,0.0,0.0,0.0,1.0,0.0,0.0,0.0,1.0
0022000011,1610612752,New York,Knicks,NYK,knicks,1630167,Obi,Toppin,O. Toppin,obi-toppin,,,,23:33,0.417,0.583,0.0,0.0,1.0,0.333,0.0,0.0,0.0,0.0,0.0,1.0,0.0,1.0,0.0
0022000011,1610612752,New York,Knicks,NYK,knicks,1628995,Kevin,Knox II,K. Knox II,kevin-knox-ii,,,,18:29,0.8,0.2,1.0,0.0,0.0,0.0,0.0,0.0,1.0,1.0,0.0,0.0,0.0,1.0,0.0
0022000011,1610612752,New York,Knicks,NYK,knicks,1628373,Frank,Ntilikina,F. Ntilikina,frank-ntilikina,,,,4:47,0.5,0.5,0.0,0.0,0.0,0.0,1.0,1.0,0.0,0.0,0.0,0.0,0.0,0.0,0.0
0022000011,1610612752,New York,Knicks,NYK,knicks,1629033,Theo,Pinson,T. Pinson,theo-pinson,,,,0:55,0.0,0.0,0.0,0.0,0.0,0.0,0.0,0.0,0.0,0.0,0.0,0.0,0.0,0.0,0.0
0022000011,1610612752,New York,Knicks,NYK,knicks,1629649,Ignas,Brazdeikis,I. Brazdeikis,ignas-brazdeikis,,DNP - Coach's Decision,,,0.0,0.0,0.0,0.0,0.0,0.0,0.0,0.0,0.0,0.0,0.0,0.0,0.0,0.0,0.0
0022000011,1610612752,New York,Knicks,NYK,knicks,1629607,Jared,Harper,J. Harper,jared-harper,,DNP - Coach's Decision,,,0.0,0.0,0.0,0.0,0.0,0.0,0.0,0.0,0.0,0.0,0.0,0.0,0.0,0.0,0.0
0022000011,1610612752,New York,Knicks,NYK,knicks,1628372,Dennis,Smith Jr.,D. Smith Jr.,dennis-smith-jr,,DNP - Coach's Decision,,,0.0,0.0,0.0,0.0,0.0,0.0,0.0,0.0,0.0,0.0,0.0,0.0,0.0,0.0,0.0
0022000011,1610612754,Indiana,Pacers,IND,pacers,203933,T.J.,Warren,T. Warren,tj-warren,F,,,22:58,0.75,0.25,0.8,0.0,0.0,1.0,0.2,0.0,0.8,1.0,0.0,0.0,0.0,1.0,0.0
0022000011,1610612754,Indiana,Pacers,IND,pacers,1627734,Domantas,Sabonis,D. Sabonis,domantas-sabonis,F,,,36:49,0.778,0.222,0.563,0.0,0.188,0.188,0.25,0.125,0.563,0.889,0.111,1.0,0.0,0.909,0.091
0022000011,1610612754,Indiana,Pacers,IND,pacers,1626167,Myles,Turner,M. Turner,myles-turner,C,,,28:48,0.556,0.444,0.8,0.0,0.0,0.4,0.2,0.2,0.8,0.75,0.25,0.0,0.0,0.75,0.25
0022000011,1610612754,Indiana,Pacers,IND,pacers,203506,Victor,Oladipo,V. Oladipo,victor-oladipo,G,,,28:16,0.643,0.357,0.636,0.182,0.273,0.091,0.091,0.091,0.455,0.571,0.429,0.5,0.5,0.556,0.444
0022000011,1610612754,Indiana,Pacers,IND,pacers,1627763,Malcolm,Brogdon,M. Brogdon,malcolm-brogdon,G,,,34:51,0.75,0.25,0.571,0.19,0.286,0.19,0.143,0.286,0.381,0.0,1.0,0.0,1.0,0.0,1.0
0022000011,1610612754,Indiana,Pacers,IND,pacers,203200,Justin,Holiday,J. Holiday,justin-holiday,,,,22:23,0.167,0.833,0.333,0.0,0.5,0.333,0.167,0.0,0.333,1.0,0.0,1.0,0.0,1.0,0.0
0022000011,1610612754,Indiana,Pacers,IND,pacers,203926,Doug,McDermott,D. McDermott,doug-mcdermott,,,,28:17,0.5,0.5,0.769,0.0,0.0,0.308,0.231,0.154,0.769,0.6,0.4,0.0,0.0,0.6,0.4
0022000011,1610612754,Indiana,Pacers,IND,pacers,1628988,Aaron,Holiday,A. Holiday,aaron-holiday,,,,17:19,0.5,0.5,0.571,0.0,0.429,0.286,0.0,0.286,0.571,0.5,0.5,1.0,0.0,0.667,0.333
0022000011,1610612754,Indiana,Pacers,IND,pacers,204456,T.J.,McConnell,T. McConnell,tj-mcconnell,,,,20:20,1.0,0.0,0.8,0.0,0.0,0.2,0.2,0.6,0.8,0.5,0.5,0.0,0.0,0.5,0.5
0022000011,1610612754,Indiana,Pacers,IND,pacers,1629665,Jalen,Lecque,J. Lecque,jalen-lecque,,DNP - Coach's Decision,,,0.0,0.0,0.0,0.0,0.0,0.0,0.0,0.0,0.0,0.0,0.0,0.0,0.0,0.0,0.0
0022000011,1610612754,Indiana,Pacers,IND,pacers,1629103,Kelan,Martin,K. Martin,kelan-martin,,DNP - Coach's Decision,,,0.0,0.0,0.0,0.0,0.0,0.0,0.0,0.0,0.0,0.0,0.0,0.0,0.0,0.0,0.0
0022000011,1610612754,Indiana,Pacers,IND,pacers,203960,JaKarr,Sampson,J. Sampson,jakarr-sampson,,DNP - Coach's Decision,,,0.0,0.0,0.0,0.0,0.0,0.0,0.0,0.0,0.0,0.0,0.0,0.0,0.0,0.0,0.0
0022000011,1610612754,Indiana,Pacers,IND,pacers,1630199,Cassius,Stanley,C. Stanley,cassius-stanley,,DNP - Coach's Decision,,,0.0,0.0,0.0,0.0,0.0,0.0,0.0,0.0,0.0,0.0,0.0,0.0,0.0,0.0,0.0
0022000011,1610612754,Indiana,Pacers,IND,pacers,1628410,Edmond,Sumner,E. Sumner,edmond-sumner,,DNP - Coach's Decision,,,0.0,0.0,0.0,0.0,0.0,0.0,0.0,0.0,0.0,0.0,0.0,0.0,0.0,0.0,0.0
0022000012,1610612748,Miami,Heat,MIA,heat,202710,Jimmy,Butler III,J. Butler III,jimmy-butler-iii,F,,,35:42,1.0,0.0,0.737,0.105,0.0,0.263,0.263,0.316,0.632,0.571,0.429,0.0,0.0,0.571,0.429
0022000012,1610612748,Miami,Heat,MIA,heat,203090,Maurice,Harkless,M. Harkless,maurice-harkless,F,,,22:43,0.5,0.5,0.0,0.0,1.0,0.0,0.0,0.0,0.0,0.0,0.0,1.0,0.0,1.0,0.0
0022000012,1610612748,Miami,Heat,MIA,heat,1628389,Bam,Adebayo,B. Adebayo,bam-adebayo,C,,,34:41,1.0,0.0,0.88,0.24,0.0,0.08,0.12,0.32,0.64,0.818,0.182,0.0,0.0,0.818,0.182
0022000012,1610612748,Miami,Heat,MIA,heat,1629130,Duncan,Robinson,D. Robinson,duncan-robinson,G,,,30:21,0.25,0.75,0.143,0.0,0.643,0.143,0.214,0.143,0.143,1.0,0.0,1.0,0.0,1.0,0.0
0022000012,1610612748,Miami,Heat,MIA,heat,1629639,Tyler,Herro,T. Herro,tyler-herro,G,,,32:07,0.643,0.357,0.769,0.462,0.231,0.308,0.0,0.154,0.308,0.2,0.8,0.0,1.0,0.167,0.833
0022000012,1610612748,Miami,Heat,MIA,heat,201609,Goran,Dragic,G. Dragic,goran-dragic,,,,25:58,0.692,0.308,0.7,0.0,0.15,0.0,0.15,0.1,0.7,0.0,1.0,1.0,0.0,0.125,0.875
0022000012,1610612748,Miami,Heat,MIA,heat,2738,Andre,Iguodala,A. Iguodala,andre-iguodala,,,,16:50,1.0,0.0,0.0,0.0,0.0,0.0,0.0,0.0,0.0,0.0,0.0,0.0,0.0,0.0,0.0
0022000012,1610612748,Miami,Heat,MIA,heat,203482,Kelly,Olynyk,K. Olynyk,kelly-olynyk,,,,19:59,0.5,0.5,0.4,0.4,0.6,0.0,0.0,0.0,0.0,1.0,0.0,1.0,0.0,1.0,0.0
0022000012,1610612748,Miami,Heat,MIA,heat,1630173,Precious,Achiuwa,P. Achiuwa,precious-achiuwa,,,,13:39,1.0,0.0,0.75,0.0,0.0,0.0,0.25,0.0,0.75,1.0,0.0,0.0,0.0,1.0,0.0
0022000012,1610612748,Miami,Heat,MIA,heat,1629134,Kendrick,Nunn,K. Nunn,kendrick-nunn,,,,8:02,1.0,0.0,0.0,0.0,0.0,0.0,0.0,0.0,0.0,0.0,0.0,0.0,0.0,0.0,0.0
0022000012,1610612748,Miami,Heat,MIA,heat,202340,Avery,Bradley,A. Bradley,avery-bradley,,DNP - Coach's Decision,,,0.0,0.0,0.0,0.0,0.0,0.0,0.0,0.0,0.0,0.0,0.0,0.0,0.0,0.0,0.0
0022000012,1610612748,Miami,Heat,MIA,heat,2617,Udonis,Haslem,U. Haslem,udonis-haslem,,DNP - Coach's Decision,,,0.0,0.0,0.0,0.0,0.0,0.0,0.0,0.0,0.0,0.0,0.0,0.0,0.0,0.0,0.0
0022000012,1610612748,Miami,Heat,MIA,heat,203086,Meyers,Leonard,M. Leonard,meyers-leonard,,DNP - Coach's Decision,,,0.0,0.0,0.0,0.0,0.0,0.0,0.0,0.0,0.0,0.0,0.0,0.0,0.0,0.0,0.0
0022000012,1610612748,Miami,Heat,MIA,heat,1629644,KZ,Okpala,K. Okpala,kz-okpala,,DNP - Coach's Decision,,,0.0,0.0,0.0,0.0,0.0,0.0,0.0,0.0,0.0,0.0,0.0,0.0,0.0,0.0,0.0
0022000012,1610612748,Miami,Heat,MIA,heat,1629735,Chris,Silva,C. Silva,chris-silva,,DNP - Coach's Decision,,,0.0,0.0,0.0,0.0,0.0,0.0,0.0,0.0,0.0,0.0,0.0,0.0,0.0,0.0,0.0
0022000012,1610612753,Orlando,Magic,ORL,magic,1628407,Dwayne,Bacon,D. Bacon,dwayne-bacon,F,,,18:59,0.8,0.2,0.0,0.0,0.0,0.0,0.0,0.0,0.0,0.0,0.0,0.0,0.0,0.0,0.0
0022000012,1610612753,Orlando,Magic,ORL,magic,203932,Aaron,Gordon,A. Gordon,aaron-gordon,F,,,26:00,0.636,0.364,0.7,0.1,0.15,0.2,0.15,0.5,0.6,0.429,0.571,1.0,0.0,0.5,0.5
0022000012,1610612753,Orlando,Magic,ORL,magic,202696,Nikola,Vučević,N. Vučević,nikola-vučević,C,,,33:33,0.615,0.385,0.267,0.133,0.6,0.2,0.133,0.0,0.133,0.5,0.5,1.0,0.0,0.8,0.2
0022000012,1610612753,Orlando,Magic,ORL,magic,203095,Evan,Fournier,E. Fournier,evan-fournier,G,,,30:43,0.615,0.385,0.48,0.08,0.36,0.24,0.16,0.2,0.4,0.833,0.167,0.667,0.333,0.778,0.222
0022000012,1610612753,Orlando,Magic,ORL,magic,1628365,Markelle,Fultz,M. Fultz,markelle-fultz,G,,,28:49,0.8,0.2,0.8,0.133,0.0,0.133,0.2,0.133,0.667,0.167,0.833,0.0,0.0,0.167,0.833
0022000012,1610612753,Orlando,Magic,ORL,magic,1629643,Chuma,Okeke,C. Okeke,chuma-okeke,,,,22:00,0.667,0.333,0.667,0.667,0.0,0.0,0.333,0.667,0.0,1.0,0.0,0.0,0.0,1.0,0.0
0022000012,1610612753,Orlando,Magic,ORL,magic,203082,Terrence,Ross,T. Ross,terrence-ross,,,,28:33,0.571,0.429,0.316,0.211,0.474,0.316,0.211,0.158,0.105,0.333,0.667,1.0,0.0,0.667,0.333
0022000012,1610612753,Orlando,Magic,ORL,magic,1630175,Cole,Anthony,C. Anthony,cole-anthony,,,,19:11,0.8,0.2,1.0,0.333,0.0,0.0,0.0,0.333,0.667,0.0,1.0,0.0,0.0,0.0,1.0
0022000012,1610612753,Orlando,Magic,ORL,magic,203920,Khem,Birch,K. Birch,khem-birch,,,,14:27,1.0,0.0,0.667,0.333,0.0,0.0,0.333,0.0,0.333,1.0,0.0,0.0,0.0,1.0,0.0
0022000012,1610612753,Orlando,Magic,ORL,magic,203487,Michael,Carter-Williams,M. Carter-Williams,michael-carter-williams,,,,17:46,0.6,0.4,1.0,0.5,0.0,0.0,0.0,0.0,0.5,0.0,1.0,0.0,0.0,0.0,1.0
0022000012,1610612753,Orlando,Magic,ORL,magic,1628964,Mo,Bamba,M. Bamba,mo-bamba,,DNP - Coach's Decision,,,0.0,0.0,0.0,0.0,0.0,0.0,0.0,0.0,0.0,0.0,0.0,0.0,0.0,0.0,0.0
0022000012,1610612753,Orlando,Magic,ORL,magic,1629648,Jordan,Bone,J. Bone,jordan-bone,,DNP - Coach's Decision,,,0.0,0.0,0.0,0.0,0.0,0.0,0.0,0.0,0.0,0.0,0.0,0.0,0.0,0.0,0.0
0022000012,1610612753,Orlando,Magic,ORL,magic,1629109,Gary,Clark,G. Clark,gary-clark,,DNP - Coach's Decision,,,0.0,0.0,0.0,0.0,0.0,0.0,0.0,0.0,0.0,0.0,0.0,0.0,0.0,0.0,0.0
0022000012,1610612753,Orlando,Magic,ORL,magic,1630211,Karim,Mane,K. Mane,karim-mane,,DNP - Coach's Decision,,,0.0,0.0,0.0,0.0,0.0,0.0,0.0,0.0,0.0,0.0,0.0,0.0,0.0,0.0,0.0
0022000003,1610612749,Milwaukee,Bucks,MIL,bucks,203114,Khris,Middleton,K. Middleton,khris-middleton,F,,,37:33,0.6,0.4,0.519,0.148,0.333,0.0,0.148,0.111,0.37,0.143,0.857,0.667,0.333,0.3,0.7
0022000003,1610612749,Milwaukee,Bucks,MIL,bucks,203507,Giannis,Antetokounmpo,G. Antetokounmpo,giannis-antetokounmpo,F,,,36:24,0.692,0.308,0.571,0.114,0.257,0.143,0.171,0.143,0.457,0.1,0.9,0.333,0.667,0.154,0.846
0022000003,1610612749,Milwaukee,Bucks,MIL,bucks,201572,Brook,Lopez,B. Lopez,brook-lopez,C,,,29:06,0.5,0.5,0.571,0.0,0.429,0.0,0.0,0.0,0.571,0.5,0.5,1.0,0.0,0.667,0.333
0022000003,1610612749,Milwaukee,Bucks,MIL,bucks,1628978,Donte,DiVincenzo,D. DiVincenzo,donte-divincenzo,G,,,27:13,0.636,0.364,0.4,0.0,0.6,0.467,0.0,0.0,0.4,1.0,0.0,1.0,0.0,1.0,0.0
0022000003,1610612749,Milwaukee,Bucks,MIL,bucks,201950,Jrue,Holiday,J. Holiday,jrue-holiday,G,,,38:23,0.75,0.25,0.72,0.24,0.12,0.24,0.16,0.0,0.48,0.222,0.778,1.0,0.0,0.3,0.7
0022000003,1610612749,Milwaukee,Bucks,MIL,bucks,1626171,Bobby,Portis,B. Portis,bobby-portis,,,,16:22,1.0,0.0,0.667,0.0,0.0,0.0,0.333,0.0,0.667,0.0,1.0,0.0,0.0,0.0,1.0
0022000003,1610612749,Milwaukee,Bucks,MIL,bucks,1626192,Pat,Connaughton,P. Connaughton,pat-connaughton,,,,23:08,0.0,1.0,0.0,0.0,1.0,0.0,0.0,0.0,0.0,0.0,0.0,1.0,0.0,1.0,0.0
0022000003,1610612749,Milwaukee,Bucks,MIL,bucks,1628391,D.J.,Wilson,D. Wilson,dj-wilson,,,,12:53,0.0,1.0,0.0,0.0,0.0,0.0,0.0,0.0,0.0,0.0,0.0,0.0,0.0,0.0,0.0
0022000003,1610612749,Milwaukee,Bucks,MIL,bucks,1627854,Bryn,Forbes,B. Forbes,bryn-forbes,,,,13:31,0.2,0.8,0.0,0.0,1.0,0.0,0.0,0.0,0.0,0.0,0.0,1.0,0.0,1.0,0.0
0022000003,1610612749,Milwaukee,Bucks,MIL,bucks,1630241,Sam,Merrill,S. Merrill,sam-merrill,,,,5:28,0.0,0.0,0.0,0.0,0.0,0.0,0.0,0.0,0.0,0.0,0.0,0.0,0.0,0.0,0.0
0022000003,1610612749,Milwaukee,Bucks,MIL,bucks,1629121,Jaylen,Adams,J. Adams,jaylen-adams,,DNP - Coach's Decision,,,0.0,0.0,0.0,0.0,0.0,0.0,0.0,0.0,0.0,0.0,0.0,0.0,0.0,0.0,0.0
0022000003,1610612749,Milwaukee,Bucks,MIL,bucks,203648,Thanasis,Antetokounmpo,T. Antetokounmpo,thanasis-antetokounmpo,,DNP - Coach's Decision,,,0.0,0.0,0.0,0.0,0.0,0.0,0.0,0.0,0.0,0.0,0.0,0.0,0.0,0.0,0.0
0022000003,1610612749,Milwaukee,Bucks,MIL,bucks,1628470,Torrey,Craig,T. Craig,torrey-craig,,DNP - Coach's Decision,,,0.0,0.0,0.0,0.0,0.0,0.0,0.0,0.0,0.0,0.0,0.0,0.0,0.0,0.0,0.0
0022000003,1610612749,Milwaukee,Bucks,MIL,bucks,1629603,Mamadi,Diakite,M. Diakite,mamadi-diakite,,DNP - Coach's Decision,,,0.0,0.0,0.0,0.0,0.0,0.0,0.0,0.0,0.0,0.0,0.0,0.0,0.0,0.0,0.0
0022000003,1610612749,Milwaukee,Bucks,MIL,bucks,1629670,Jordan,Nwora,J. Nwora,jordan-nwora,,DNP - Coach's Decision,,,0.0,0.0,0.0,0.0,0.0,0.0,0.0,0.0,0.0,0.0,0.0,0.0,0.0,0.0,0.0
0022000003,1610612738,Boston,Celtics,BOS,celtics,1628369,Jayson,Tatum,J. Tatum,jayson-tatum,F,,,32:49,0.536,0.464,0.4,0.2,0.6,0.067,0.0,0.2,0.2,0.333,0.667,0.5,0.5,0.417,0.583
0022000003,1610612738,Boston,Celtics,BOS,celtics,202684,Tristan,Thompson,T. Thompson,tristan-thompson,F,,,22:24,1.0,0.0,1.0,0.0,0.0,0.0,0.0,0.167,1.0,0.333,0.667,0.0,0.0,0.333,0.667
0022000003,1610612738,Boston,Celtics,BOS,celtics,1628464,Daniel,Theis,D. Theis,daniel-theis,C,,,24:40,0.25,0.75,0.4,0.0,0.6,0.0,0.0,0.0,0.4,1.0,0.0,1.0,0.0,1.0,0.0
0022000003,1610612738,Boston,Celtics,BOS,celtics,1627759,Jaylen,Brown,J. Brown,jaylen-brown,G,,,37:38,0.667,0.333,0.606,0.364,0.273,0.0,0.121,0.061,0.242,0.3,0.7,1.0,0.0,0.462,0.538
0022000003,1610612738,Boston,Celtics,BOS,celtics,203935,Marcus,Smart,M. Smart,marcus-smart,G,,,38:27,0.333,0.667,0.0,0.0,0.0,0.0,1.0,0.667,0.0,0.0,0.0,0.0,0.0,0.0,0.0
0022000003,1610612738,Boston,Celtics,BOS,celtics,201952,Jeff,Teague,J. Teague,jeff-teague,,,,25:00,0.733,0.267,0.316,0.105,0.632,0.158,0.053,0.211,0.211,0.0,1.0,0.5,0.5,0.286,0.714
0022000003,1610612738,Boston,Celtics,BOS,celtics,1629684,Grant,Williams,G. Williams,grant-williams,,,,14:35,0.2,0.8,0.0,0.0,1.0,0.0,0.0,0.0,0.0,0.0,0.0,1.0,0.0,1.0,0.0
0022000003,1610612738,Boston,Celtics,BOS,celtics,1629057,Robert,Williams III,R. Williams III,robert-williams-iii,,,,12:28,1.0,0.0,1.0,0.0,0.0,0.0,0.0,0.0,1.0,0.5,0.5,0.0,0.0,0.5,0.5
0022000003,1610612738,Boston,Celtics,BOS,celtics,1630202,Payton,Pritchard,P. Pritchard,payton-pritchard,,,,13:00,0.5,0.5,0.0,0.0,1.0,0.0,0.0,0.0,0.0,0.0,0.0,1.0,0.0,1.0,0.0
0022000003,1610612738,Boston,Celtics,BOS,celtics,1628400,Semi,Ojeleye,S. Ojeleye,semi-ojeleye,,,,18:59,0.5,0.5,0.4,0.0,0.6,0.0,0.0,0.6,0.4,0.0,1.0,1.0,0.0,0.5,0.5
0022000003,1610612738,Boston,Celtics,BOS,celtics,1629035,Carsen,Edwards,C. Edwards,carsen-edwards,,DNP - Coach's Decision,,,0.0,0.0,0.0,0.0,0.0,0.0,0.0,0.0,0.0,0.0,0.0,0.0,0.0,0.0,0.0
0022000003,1610612738,Boston,Celtics,BOS,celtics,1629750,Javonte,Green,J. Green,javonte-green,,DNP - Coach's Decision,,,0.0,0.0,0.0,0.0,0.0,0.0,0.0,0.0,0.0,0.0,0.0,0.0,0.0,0.0,0.0
0022000003,1610612738,Boston,Celtics,BOS,celtics,1630174,Aaron,Nesmith,A. Nesmith,aaron-nesmith,,DNP - Coach's Decision,,,0.0,0.0,0.0,0.0,0.0,0.0,0.0,0.0,0.0,0.0,0.0,0.0,0.0,0.0,0.0
0022000003,1610612738,Boston,Celtics,BOS,celtics,1629682,Tremont,Waters,T. Waters,tremont-waters,,DNP - Coach's Decision,,,0.0,0.0,0.0,0.0,0.0,0.0,0.0,0.0,0.0,0.0,0.0,0.0,0.0,0.0,0.0
0022000009,1610612746,LA,Clippers,LAC,clippers,202695,Kawhi,Leonard,K. Leonard,kawhi-leonard,F,,,30:21,0.714,0.286,0.571,0.286,0.286,0.0,0.143,0.143,0.286,0.5,0.5,1.0,0.0,0.625,0.375
0022000009,1610612746,LA,Clippers,LAC,clippers,201587,Nicolas,Batum,N. Batum,nicolas-batum,F,,,36:20,0.375,0.625,0.462,0.154,0.462,0.231,0.077,0.615,0.308,1.0,0.0,1.0,0.0,1.0,0.0
0022000009,1610612746,LA,Clippers,LAC,clippers,201586,Serge,Ibaka,S. Ibaka,serge-ibaka,C,,,21:29,0.778,0.222,0.533,0.0,0.4,0.133,0.067,0.0,0.533,1.0,0.0,1.0,0.0,1.0,0.0
0022000009,1610612746,LA,Clippers,LAC,clippers,202331,Paul,George,P. George,paul-george,G,,,36:55,0.357,0.643,0.261,0.174,0.652,0.13,0.087,0.217,0.087,0.333,0.667,0.8,0.2,0.625,0.375
0022000009,1610612746,LA,Clippers,LAC,clippers,201976,Patrick,Beverley,P. Beverley,patrick-beverley,G,,,21:33,0.167,0.833,0.222,0.0,0.667,0.0,0.111,0.111,0.222,1.0,0.0,1.0,0.0,1.0,0.0
0022000009,1610612746,LA,Clippers,LAC,clippers,101150,Lou,Williams,L. Williams,lou-williams,,,,23:38,0.429,0.571,0.25,0.25,0.75,0.0,0.0,0.25,0.0,0.0,1.0,1.0,0.0,0.667,0.333
0022000009,1610612746,LA,Clippers,LAC,clippers,1628379,Luke,Kennard,L. Kennard,luke-kennard,,,,19:52,0.333,0.667,0.0,0.0,0.75,0.0,0.25,0.0,0.0,0.0,0.0,1.0,0.0,1.0,0.0
0022000009,1610612746,LA,Clippers,LAC,clippers,1627826,Ivica,Zubac,I. Zubac,ivica-zubac,,,,19:05,1.0,0.0,0.333,0.0,0.0,0.0,0.667,0.0,0.333,1.0,0.0,0.0,0.0,1.0,0.0
0022000009,1610612746,LA,Clippers,LAC,clippers,1629611,Terance,Mann,T. Mann,terance-mann,,,,4:44,1.0,0.0,1.0,0.0,0.0,0.0,0.0,0.0,1.0,1.0,0.0,0.0,0.0,1.0,0.0
0022000009,1610612746,LA,Clippers,LAC,clippers,202335,Patrick,Patterson,P. Patterson,patrick-patterson,,,,11:28,0.0,1.0,0.0,0.0,0.6,0.0,0.4,0.6,0.0,0.0,0.0,0.0,1.0,0.0,1.0
0022000009,1610612746,LA,Clippers,LAC,clippers,202704,Reggie,Jackson,R. Jackson,reggie-jackson,,,,13:04,0.333,0.667,0.4,0.0,0.6,0.0,0.0,0.0,0.4,0.0,1.0,1.0,0.0,0.5,0.5
0022000009,1610612746,LA,Clippers,LAC,clippers,1629662,Mfiondu,Kabengele,M. Kabengele,mfiondu-kabengele,,,,0:39,0.0,0.0,0.0,0.0,0.0,0.0,0.0,0.0,0.0,0.0,0.0,0.0,0.0,0.0,0.0
0022000009,1610612746,LA,Clippers,LAC,clippers,1630187,Daniel,Oturu,D. Oturu,daniel-oturu,,,,0:26,0.0,0.0,0.0,0.0,0.0,0.0,0.0,0.0,0.0,0.0,0.0,0.0,0.0,0.0,0.0
0022000009,1610612746,LA,Clippers,LAC,clippers,1629599,Amir,Coffey,A. Coffey,amir-coffey,,,,0:26,0.0,0.0,0.0,0.0,0.0,0.0,0.0,0.0,0.0,0.0,0.0,0.0,0.0,0.0,0.0
0022000009,1610612743,Denver,Nuggets,DEN,nuggets,1629008,Michael,Porter Jr.,M. Porter Jr.,michael-porter-jr,F,,,23:21,0.333,0.667,0.4,0.0,0.6,0.0,0.0,0.4,0.4,0.5,0.5,1.0,0.0,0.75,0.25
0022000009,1610612743,Denver,Nuggets,DEN,nuggets,200794,Paul,Millsap,P. Millsap,paul-millsap,F,,,21:52,0.6,0.4,0.5,0.0,0.375,0.0,0.125,0.125,0.5,1.0,0.0,1.0,0.0,1.0,0.0
0022000009,1610612743,Denver,Nuggets,DEN,nuggets,203999,Nikola,Jokić,N. Jokić,nikola-jokić,C,,,38:29,0.692,0.308,0.5,0.0,0.125,0.0,0.375,0.0,0.5,0.5,0.5,1.0,0.0,0.571,0.429
0022000009,1610612743,Denver,Nuggets,DEN,nuggets,203914,Gary,Harris,G. Harris,gary-harris,G,,,22:25,0.6,0.4,1.0,0.0,0.0,0.0,0.0,0.0,1.0,1.0,0.0,0.0,0.0,1.0,0.0
0022000009,1610612743,Denver,Nuggets,DEN,nuggets,1627750,Jamal,Murray,J. Murray,jamal-murray,G,,,37:16,0.45,0.55,0.435,0.087,0.522,0.0,0.043,0.217,0.348,0.2,0.8,0.5,0.5,0.333,0.667
0022000009,1610612743,Denver,Nuggets,DEN,nuggets,203115,Will,Barton,W. Barton,will-barton,,,,28:33,0.6,0.4,0.4,0.0,0.2,0.2,0.4,0.6,0.4,1.0,0.0,1.0,0.0,1.0,0.0
0022000009,1610612743,Denver,Nuggets,DEN,nuggets,1628408,PJ,Dozier,P. Dozier,pj-dozier,,,,19:07,0.6,0.4,0.571,0.0,0.429,0.286,0.0,0.286,0.571,1.0,0.0,1.0,0.0,1.0,0.0
0022000009,1610612743,Denver,Nuggets,DEN,nuggets,1628420,Monté,Morris,M. Morris,monté-morris,,,,30:21,0.571,0.429,0.308,0.0,0.231,0.0,0.462,0.0,0.308,0.5,0.5,1.0,0.0,0.667,0.333
0022000009,1610612743,Denver,Nuggets,DEN,nuggets,1630267,Facundo,Campazzo,F. Campazzo,facundo-campazzo,,,,3:11,0.0,0.0,0.0,0.0,0.0,0.0,0.0,0.0,0.0,0.0,0.0,0.0,0.0,0.0,0.0
0022000009,1610612743,Denver,Nuggets,DEN,nuggets,1629626,Bol,Bol,B. Bol,bol-bol,,,,5:28,0.0,1.0,0.0,0.0,0.0,0.0,0.0,0.0,0.0,0.0,0.0,0.0,0.0,0.0,0.0
0022000009,1610612743,Denver,Nuggets,DEN,nuggets,1628392,Isaiah,Hartenstein,I. Hartenstein,isaiah-hartenstein,,,,9:31,1.0,0.0,1.0,0.0,0.0,0.0,0.0,0.0,1.0,0.667,0.333,0.0,0.0,0.667,0.333
0022000009,1610612743,Denver,Nuggets,DEN,nuggets,1630210,Markus,Howard,M. Howard,markus-howard,,,,0:26,0.0,1.0,0.0,0.0,0.0,0.0,0.0,0.0,0.0,0.0,0.0,0.0,0.0,0.0,0.0
0022000009,1610612743,Denver,Nuggets,DEN,nuggets,1630181,R.J.,Hampton,R. Hampton,rj-hampton,,DNP - Coach's Decision,,,0.0,0.0,0.0,0.0,0.0,0.0,0.0,0.0,0.0,0.0,0.0,0.0,0.0,0.0,0.0
0022000009,1610612743,Denver,Nuggets,DEN,nuggets,1630192,Zeke,Nnaji,Z. Nnaji,zeke-nnaji,,DNP - Coach's Decision,,,0.0,0.0,0.0,0.0,0.0,0.0,0.0,0.0,0.0,0.0,0.0,0.0,0.0,0.0,0.0
0022000009,1610612743,Denver,Nuggets,DEN,nuggets,1628427,Vlatko,Čančar,V. Čančar,vlatko-čančar,,DNP - Coach's Decision,,,0.0,0.0,0.0,0.0,0.0,0.0,0.0,0.0,0.0,0.0,0.0,0.0,0.0,0.0,0.0
0022000006,1610612744,Golden State,Warriors,GSW,warriors,203952,Andrew,Wiggins,A. Wiggins,andrew-wiggins,F,,,24:54,0.778,0.222,1.0,0.0,0.0,0.0,0.0,0.5,1.0,0.167,0.833,0.0,0.0,0.167,0.833
0022000006,1610612744,Golden State,Warriors,GSW,warriors,1629672,Eric,Paschall,E. Paschall,eric-paschall,F,,,24:60,0.625,0.375,0.857,0.0,0.0,0.0,0.143,0.0,0.857,0.667,0.333,0.0,0.0,0.667,0.333
0022000006,1610612744,Golden State,Warriors,GSW,warriors,1630164,James,Wiseman,J. Wiseman,james-wiseman,C,,,25:03,0.636,0.364,0.222,0.0,0.5,0.056,0.278,0.0,0.222,0.5,0.5,0.667,0.333,0.6,0.4
0022000006,1610612744,Golden State,Warriors,GSW,warriors,1626162,Kelly,Oubre Jr.,K. Oubre Jr.,kelly-oubre-jr,G,,,19:46,0.5,0.5,0.667,0.0,0.0,0.0,0.333,0.667,0.667,1.0,0.0,0.0,0.0,1.0,0.0
0022000006,1610612744,Golden State,Warriors,GSW,warriors,201939,Stephen,Curry,S. Curry,stephen-curry,G,,,28:58,0.412,0.588,0.421,0.211,0.316,0.0,0.263,0.316,0.211,0.0,1.0,0.5,0.5,0.167,0.833
0022000006,1610612744,Golden State,Warriors,GSW,warriors,1627814,Damion,Lee,D. Lee,damion-lee,,,,18:54,0.0,1.0,0.0,0.0,0.667,0.0,0.333,0.333,0.0,0.0,0.0,1.0,0.0,1.0,0.0
0022000006,1610612744,Golden State,Warriors,GSW,warriors,1627737,Marquese,Chriss,M. Chriss,marquese-chriss,,,,14:17,0.5,0.5,0.5,0.0,0.0,0.5,0.5,0.0,0.5,0.0,1.0,0.0,0.0,0.0,1.0
0022000006,1610612744,Golden State,Warriors,GSW,warriors,1628539,Mychal,Mulder,M. Mulder,mychal-mulder,,,,17:34,0.0,1.0,0.0,0.0,1.0,0.0,0.0,0.0,0.0,0.0,0.0,1.0,0.0,1.0,0.0
0022000006,1610612744,Golden State,Warriors,GSW,warriors,1629308,Juan,Toscano-Anderson,J. Toscano-Anderson,juan-toscano-anderson,,,,12:33,0.0,0.0,0.0,0.0,0.0,0.0,0.0,0.0,0.0,0.0,0.0,0.0,0.0,0.0,0.0
0022000006,1610612744,Golden State,Warriors,GSW,warriors,1626172,Kevon,Looney,K. Looney,kevon-looney,,,,11:01,0.667,0.333,1.0,0.0,0.0,0.0,0.0,0.0,1.0,0.0,1.0,0.0,0.0,0.0,1.0
0022000006,1610612744,Golden State,Warriors,GSW,warriors,1629673,Jordan,Poole,J. Poole,jordan-poole,,,,19:02,0.455,0.545,0.545,0.182,0.273,0.0,0.182,0.0,0.364,0.667,0.333,1.0,0.0,0.75,0.25
0022000006,1610612744,Golden State,Warriors,GSW,warriors,202954,Brad,Wanamaker,B. Wanamaker,brad-wanamaker,,,,19:02,0.714,0.286,0.545,0.364,0.273,0.636,0.182,0.364,0.182,0.0,1.0,0.0,1.0,0.0,1.0
0022000006,1610612744,Golden State,Warriors,GSW,warriors,203145,Kent,Bazemore,K. Bazemore,kent-bazemore,,,,3:56,1.0,0.0,0.0,0.0,0.0,0.0,0.0,0.0,0.0,0.0,0.0,0.0,0.0,0.0,0.0
0022000006,1610612749,Milwaukee,Bucks,MIL,bucks,203114,Khris,Middleton,K. Middleton,khris-middleton,F,,,25:48,0.467,0.533,0.258,0.129,0.581,0.258,0.161,0.161,0.129,0.0,1.0,0.667,0.333,0.4,0.6
0022000006,1610612749,Milwaukee,Bucks,MIL,bucks,203507,Giannis,Antetokounmpo,G. Antetokounmpo,giannis-antetokounmpo,F,,,26:42,0.786,0.214,0.533,0.0,0.0,0.133,0.467,0.0,0.533,0.75,0.25,0.0,0.0,0.75,0.25
0022000006,1610612749,Milwaukee,Bucks,MIL,bucks,201572,Brook,Lopez,B. Lopez,brook-lopez,C,,,19:43,0.833,0.167,0.75,0.0,0.0,0.0,0.25,0.0,0.75,0.0,1.0,0.0,0.0,0.0,1.0
0022000006,1610612749,Milwaukee,Bucks,MIL,bucks,1628978,Donte,DiVincenzo,D. DiVincenzo,donte-divincenzo,G,,,19:59,0.375,0.625,0.308,0.154,0.692,0.231,0.0,0.0,0.154,0.5,0.5,0.667,0.333,0.6,0.4
0022000006,1610612749,Milwaukee,Bucks,MIL,bucks,201950,Jrue,Holiday,J. Holiday,jrue-holiday,G,,,25:23,0.875,0.125,1.0,0.0,0.0,0.0,0.0,0.0,1.0,0.333,0.667,0.0,0.0,0.333,0.667
0022000006,1610612749,Milwaukee,Bucks,MIL,bucks,1626171,Bobby,Portis,B. Portis,bobby-portis,,,,25:53,0.667,0.333,1.0,0.4,0.0,0.2,0.0,0.2,0.6,0.8,0.2,0.0,0.0,0.8,0.2
0022000006,1610612749,Milwaukee,Bucks,MIL,bucks,1626192,Pat,Connaughton,P. Connaughton,pat-connaughton,,,,18:53,0.667,0.333,1.0,0.0,0.0,0.0,0.0,0.0,1.0,1.0,0.0,0.0,0.0,1.0,0.0
0022000006,1610612749,Milwaukee,Bucks,MIL,bucks,1628391,D.J.,Wilson,D. Wilson,dj-wilson,,,,13:56,0.25,0.75,0.0,0.0,1.0,0.0,0.0,0.0,0.0,0.0,0.0,0.667,0.333,0.667,0.333
0022000006,1610612749,Milwaukee,Bucks,MIL,bucks,1627854,Bryn,Forbes,B. Forbes,bryn-forbes,,,,13:21,0.4,0.6,0.25,0.0,0.75,0.375,0.0,0.0,0.25,0.0,1.0,1.0,0.0,0.667,0.333
0022000006,1610612749,Milwaukee,Bucks,MIL,bucks,201571,D.J.,Augustin,D. Augustin,dj-augustin,,,,13:27,0.5,0.5,0.154,0.0,0.692,0.0,0.154,0.0,0.154,0.0,1.0,0.0,1.0,0.0,1.0
0022000006,1610612749,Milwaukee,Bucks,MIL,bucks,1628470,Torrey,Craig,T. Craig,torrey-craig,,,,9:46,1.0,0.0,0.0,0.0,0.0,0.0,0.0,0.0,0.0,0.0,0.0,0.0,0.0,0.0,0.0
0022000006,1610612749,Milwaukee,Bucks,MIL,bucks,203648,Thanasis,Antetokounmpo,T. Antetokounmpo,thanasis-antetokounmpo,,,,9:46,1.0,0.0,1.0,0.0,0.0,0.5,0.0,0.0,1.0,0.5,0.5,0.0,0.0,0.5,0.5
0022000006,1610612749,Milwaukee,Bucks,MIL,bucks,1629670,Jordan,Nwora,J. Nwora,jordan-nwora,,,,9:46,0.5,0.5,0.286,0.0,0.429,0.0,0.286,0.429,0.286,1.0,0.0,1.0,0.0,1.0,0.0
0022000006,1610612749,Milwaukee,Bucks,MIL,bucks,1630241,Sam,Merrill,S. Merrill,sam-merrill,,,,7:37,0.333,0.667,0.0,0.0,1.0,0.0,0.0,0.0,0.0,0.0,0.0,0.5,0.5,0.5,0.5
0022000006,1610612749,Milwaukee,Bucks,MIL,bucks,1629121,Jaylen,Adams,J. Adams,jaylen-adams,,DNP - Coach's Decision,,,0.0,0.0,0.0,0.0,0.0,0.0,0.0,0.0,0.0,0.0,0.0,0.0,0.0,0.0,0.0
0022000008,1610612742,Dallas,Mavericks,DAL,mavericks,203501,Tim,Hardaway Jr.,T. Hardaway Jr.,tim-hardaway-jr,F,,,28:03,0.583,0.417,0.6,0.2,0.3,0.0,0.1,0.0,0.4,0.333,0.667,1.0,0.0,0.5,0.5
0022000008,1610612742,Dallas,Mavericks,DAL,mavericks,1627827,Dorian,Finney-Smith,D. Finney-Smith,dorian-finney-smith,F,,,29:22,0.333,0.667,0.4,0.0,0.6,0.5,0.0,0.0,0.4,1.0,0.0,1.0,0.0,1.0,0.0
0022000008,1610612742,Dallas,Mavericks,DAL,mavericks,203939,Dwight,Powell,D. Powell,dwight-powell,C,,,23:32,0.75,0.25,0.545,0.0,0.273,0.182,0.182,0.455,0.545,0.333,0.667,1.0,0.0,0.5,0.5
0022000008,1610612742,Dallas,Mavericks,DAL,mavericks,1626196,Josh,Richardson,J. Richardson,josh-richardson,G,,,27:23,0.583,0.417,0.471,0.0,0.353,0.235,0.176,0.176,0.471,0.25,0.75,1.0,0.0,0.5,0.5
0022000008,1610612742,Dallas,Mavericks,DAL,mavericks,1629029,Luka,Dončić,L. Dončić,luka-dončić,G,,,34:08,0.737,0.263,0.519,0.0,0.222,0.074,0.259,0.0,0.519,0.0,1.0,0.0,1.0,0.0,1.0
0022000008,1610612742,Dallas,Mavericks,DAL,mavericks,203504,Trey,Burke,T. Burke,trey-burke,,,,24:28,0.3,0.7,0.118,0.0,0.706,0.0,0.176,0.0,0.118,0.0,1.0,0.75,0.25,0.6,0.4
0022000008,1610612742,Dallas,Mavericks,DAL,mavericks,1628467,Maxi,Kleber,M. Kleber,maxi-kleber,,,,19:45,0.0,1.0,0.0,0.0,0.6,0.4,0.4,0.4,0.0,0.0,0.0,1.0,0.0,1.0,0.0
0022000008,1610612742,Dallas,Mavericks,DAL,mavericks,1626161,Willie,Cauley-Stein,W. Cauley-Stein,willie-cauley-stein,,,,14:05,1.0,0.0,0.0,0.0,0.0,0.0,0.0,0.0,0.0,0.0,0.0,0.0,0.0,0.0,0.0
0022000008,1610612742,Dallas,Mavericks,DAL,mavericks,1628973,Jalen,Brunson,J. Brunson,jalen-brunson,,,,13:52,0.8,0.2,1.0,0.0,0.0,0.5,0.0,0.5,1.0,0.0,1.0,0.0,0.0,0.0,1.0
0022000008,1610612742,Dallas,Mavericks,DAL,mavericks,201949,James,Johnson,J. Johnson,james-johnson,,,,11:52,1.0,0.0,0.5,0.0,0.0,0.0,0.5,0.75,0.5,1.0,0.0,0.0,0.0,1.0,0.0
0022000008,1610612742,Dallas,Mavericks,DAL,mavericks,1626246,Boban,Marjanovic,B. Marjanovic,boban-marjanovic,,,,7:02,1.0,0.0,1.0,0.0,0.0,0.0,0.0,0.333,1.0,0.667,0.333,0.0,0.0,0.667,0.333
0022000008,1610612742,Dallas,Mavericks,DAL,mavericks,1630182,Josh,Green,J. Green,josh-green,,,,2:23,0.0,0.0,0.0,0.0,0.0,0.0,0.0,0.0,0.0,0.0,0.0,0.0,0.0,0.0,0.0
0022000008,1610612742,Dallas,Mavericks,DAL,mavericks,1628411,Wes,Iwundu,W. Iwundu,wes-iwundu,,,,2:23,1.0,0.0,1.0,0.0,0.0,0.0,0.0,0.0,1.0,1.0,0.0,0.0,0.0,1.0,0.0
0022000008,1610612742,Dallas,Mavericks,DAL,mavericks,1630179,Tyrell,Terry,T. Terry,tyrell-terry,,,,1:42,1.0,0.0,1.0,0.0,0.0,0.0,0.0,1.0,1.0,1.0,0.0,0.0,0.0,1.0,0.0
0022000008,1610612747,Los Angeles,Lakers,LAL,lakers,2544,LeBron,James,L. James,lebron-james,F,,,31:24,0.556,0.444,0.455,0.091,0.409,0.091,0.136,0.136,0.364,0.4,0.6,0.667,0.333,0.5,0.5
0022000008,1610612747,Los Angeles,Lakers,LAL,lakers,203076,Anthony,Davis,A. Davis,anthony-davis,F,,,30:17,0.688,0.313,0.5,0.071,0.321,0.179,0.179,0.107,0.429,0.571,0.429,1.0,0.0,0.7,0.3
0022000008,1610612747,Los Angeles,Lakers,LAL,lakers,201188,Marc,Gasol,M. Gasol,marc-gasol,C,,,19:34,0.0,1.0,0.0,0.0,0.0,0.0,1.0,0.0,0.0,0.0,0.0,0.0,0.0,0.0,0.0
0022000008,1610612747,Los Angeles,Lakers,LAL,lakers,203484,Kentavious,Caldwell-Pope,K. Caldwell-Pope,kentavious-caldwell-pope,G,,,24:09,0.143,0.857,0.25,0.0,0.75,0.375,0.0,0.0,0.25,1.0,0.0,1.0,0.0,1.0,0.0
0022000008,1610612747,Los Angeles,Lakers,LAL,lakers,203471,Dennis,Schröder,D. Schröder,dennis-schröder,G,,,25:07,0.727,0.273,0.667,0.111,0.167,0.222,0.167,0.167,0.556,0.333,0.667,1.0,0.0,0.429,0.571
0022000008,1610612747,Los Angeles,Lakers,LAL,lakers,202083,Wesley,Matthews,W. Matthews,wesley-matthews,,,,16:25,0.333,0.667,1.0,0.0,0.0,0.0,0.0,0.0,1.0,1.0,0.0,0.0,0.0,1.0,0.0
0022000008,1610612747,Los Angeles,Lakers,LAL,lakers,1628398,Kyle,Kuzma,K. Kuzma,kyle-kuzma,,,,21:54,0.636,0.364,0.308,0.0,0.692,0.231,0.0,0.385,0.308,1.0,0.0,0.667,0.333,0.8,0.2
0022000008,1610612747,Los Angeles,Lakers,LAL,lakers,1626149,Montrezl,Harrell,M. Harrell,montrezl-harrell,,,,28:26,0.923,0.077,0.909,0.273,0.0,0.0,0.091,0.091,0.636,0.5,0.5,0.0,0.0,0.5,0.5
0022000008,1610612747,Los Angeles,Lakers,LAL,lakers,202693,Markieff,Morris,M. Morris,markieff-morris,,,,15:20,0.0,1.0,0.0,0.0,1.0,0.0,0.0,0.0,0.0,0.0,0.0,1.0,0.0,1.0,0.0
0022000008,1610612747,Los Angeles,Lakers,LAL,lakers,1627936,Alex,Caruso,A. Caruso,alex-caruso,,,,13:24,0.0,1.0,0.0,0.0,1.0,0.5,0.0,0.0,0.0,0.0,0.0,1.0,0.0,1.0,0.0
0022000008,1610612747,Los Angeles,Lakers,LAL,lakers,1629659,Talen,Horton-Tucker,T. Horton-Tucker,talen-horton-tucker,,,,6:51,0.5,0.5,0.0,0.0,0.6,0.0,0.4,0.0,0.0,0.0,0.0,0.0,1.0,0.0,1.0
0022000008,1610612747,Los Angeles,Lakers,LAL,lakers,201162,Jared,Dudley,J. Dudley,jared-dudley,,,,2:23,0.0,0.0,0.0,0.0,0.0,0.0,0.0,0.0,0.0,0.0,0.0,0.0,0.0,0.0,0.0
0022000008,1610612747,Los Angeles,Lakers,LAL,lakers,1626188,Quinn,Cook,Q. Cook,quinn-cook,,,,2:23,1.0,0.0,0.0,0.0,0.0,0.0,0.0,0.0,0.0,0.0,0.0,0.0,0.0,0.0,0.0
0022000008,1610612747,Los Angeles,Lakers,LAL,lakers,1628035,Alfonzo,McKinnie,A. McKinnie,alfonzo-mckinnie,,,,2:23,0.0,1.0,0.0,0.0,1.0,0.0,0.0,0.0,0.0,0.0,0.0,1.0,0.0,1.0,0.0
0022000005,1610612740,New Orleans,Pelicans,NOP,pelicans,1627742,Brandon,Ingram,B. Ingram,brandon-ingram,F,,,37:03,0.529,0.471,0.214,0.0,0.429,0.0,0.357,0.071,0.214,0.0,1.0,0.5,0.5,0.286,0.714
0022000005,1610612740,New Orleans,Pelicans,NOP,pelicans,1629627,Zion,Williamson,Z. Williamson,zion-williamson,F,,,38:17,0.95,0.05,0.688,0.0,0.0,0.063,0.313,0.063,0.688,0.545,0.455,0.0,0.0,0.545,0.455
0022000005,1610612740,New Orleans,Pelicans,NOP,pelicans,203500,Steven,Adams,S. Adams,steven-adams,C,,,32:22,1.0,0.0,1.0,0.0,0.0,0.0,0.0,0.333,1.0,1.0,0.0,0.0,0.0,1.0,0.0
0022000005,1610612740,New Orleans,Pelicans,NOP,pelicans,1628366,Lonzo,Ball,L. Ball,lonzo-ball,G,,,33:26,0.0,1.0,0.0,0.0,1.0,0.0,0.0,0.0,0.0,0.0,0.0,1.0,0.0,1.0,0.0
0022000005,1610612740,New Orleans,Pelicans,NOP,pelicans,202339,Eric,Bledsoe,E. Bledsoe,eric-bledsoe,G,,,33:10,0.4,0.6,0.4,0.0,0.6,0.0,0.0,0.0,0.4,0.0,1.0,1.0,0.0,0.5,0.5
0022000005,1610612740,New Orleans,Pelicans,NOP,pelicans,1629740,Nicolo,Melli,N. Melli,nicolo-melli,,,,9:22,0.5,0.5,0.0,0.0,0.0,0.0,1.0,0.0,0.0,0.0,0.0,0.0,0.0,0.0,0.0
0022000005,1610612740,New Orleans,Pelicans,NOP,pelicans,200755,JJ,Redick,J. Redick,jj-redick,,,,24:25,0.286,0.714,0.0,0.0,0.375,0.0,0.625,0.0,0.0,0.0,0.0,0.0,1.0,0.0,1.0
0022000005,1610612740,New Orleans,Pelicans,NOP,pelicans,1628404,Josh,Hart,J. Hart,josh-hart,,,,28:40,0.4,0.6,0.5,0.167,0.5,0.333,0.0,0.417,0.333,0.667,0.333,1.0,0.0,0.8,0.2
0022000005,1610612740,New Orleans,Pelicans,NOP,pelicans,1629637,Jaxson,Hayes,J. Hayes,jaxson-hayes,,,,3:15,1.0,0.0,0.0,0.0,0.0,0.0,0.0,0.0,0.0,0.0,0.0,0.0,0.0,0.0,0.0
0022000005,1610612740,New Orleans,Pelicans,NOP,pelicans,1629638,Nickeil,Alexander-Walker,N. Alexander-Walker,nickeil-alexander-walker,,DNP - Coach's Decision,,,0.0,0.0,0.0,0.0,0.0,0.0,0.0,0.0,0.0,0.0,0.0,0.0,0.0,0.0,0.0
0022000005,1610612740,New Orleans,Pelicans,NOP,pelicans,1626195,Willy,Hernangomez,W. Hernangomez,willy-hernangomez,,DNP - Coach's Decision,,,0.0,0.0,0.0,0.0,0.0,0.0,0.0,0.0,0.0,0.0,0.0,0.0,0.0,0.0,0.0
0022000005,1610612740,New Orleans,Pelicans,NOP,pelicans,1630184,Kira,Lewis Jr.,K. Lewis Jr.,kira-lewis-jr,,DNP - Coach's Decision,,,0.0,0.0,0.0,0.0,0.0,0.0,0.0,0.0,0.0,0.0,0.0,0.0,0.0,0.0,0.0
0022000005,1610612740,New Orleans,Pelicans,NOP,pelicans,1630230,Naji,Marshall,N. Marshall,naji-marshall,,DNP - Coach's Decision,,,0.0,0.0,0.0,0.0,0.0,0.0,0.0,0.0,0.0,0.0,0.0,0.0,0.0,0.0,0.0
0022000005,1610612740,New Orleans,Pelicans,NOP,pelicans,1628414,Sindarius,Thornwell,S. Thornwell,sindarius-thornwell,,DNP - Coach's Decision,,,0.0,0.0,0.0,0.0,0.0,0.0,0.0,0.0,0.0,0.0,0.0,0.0,0.0,0.0,0.0
0022000005,1610612748,Miami,Heat,MIA,heat,202710,Jimmy,Butler III,J. Butler III,jimmy-butler-iii,F,,,16:13,0.857,0.143,1.0,0.5,0.0,0.0,0.0,0.0,0.5,0.5,0.5,0.0,0.0,0.5,0.5
0022000005,1610612748,Miami,Heat,MIA,heat,1628389,Bam,Adebayo,B. Adebayo,bam-adebayo,F,,,28:13,1.0,0.0,0.588,0.0,0.0,0.118,0.412,0.176,0.588,0.8,0.2,0.0,0.0,0.8,0.2
0022000005,1610612748,Miami,Heat,MIA,heat,203086,Meyers,Leonard,M. Leonard,meyers-leonard,C,,,19:48,0.0,1.0,0.0,0.0,1.0,0.0,0.0,0.0,0.0,0.0,0.0,1.0,0.0,1.0,0.0
0022000005,1610612748,Miami,Heat,MIA,heat,1629130,Duncan,Robinson,D. Robinson,duncan-robinson,G,,,32:02,0.071,0.929,0.087,0.0,0.913,0.13,0.0,0.13,0.087,1.0,0.0,1.0,0.0,1.0,0.0
0022000005,1610612748,Miami,Heat,MIA,heat,1629639,Tyler,Herro,T. Herro,tyler-herro,G,,,32:20,0.6,0.4,0.182,0.0,0.545,0.0,0.273,0.0,0.182,0.0,1.0,0.5,0.5,0.333,0.667
0022000005,1610612748,Miami,Heat,MIA,heat,201609,Goran,Dragic,G. Dragic,goran-dragic,,,,27:08,0.636,0.364,0.667,0.0,0.0,0.444,0.333,0.556,0.667,0.5,0.5,0.0,0.0,0.5,0.5
0022000005,1610612748,Miami,Heat,MIA,heat,2738,Andre,Iguodala,A. Iguodala,andre-iguodala,,,,26:14,0.0,1.0,0.0,0.0,1.0,0.0,0.0,0.0,0.0,0.0,0.0,1.0,0.0,1.0,0.0
0022000005,1610612748,Miami,Heat,MIA,heat,1630173,Precious,Achiuwa,P. Achiuwa,precious-achiuwa,,,,19:28,1.0,0.0,0.909,0.0,0.0,0.182,0.091,0.0,0.909,0.8,0.2,0.0,0.0,0.8,0.2
0022000005,1610612748,Miami,Heat,MIA,heat,202340,Avery,Bradley,A. Bradley,avery-bradley,,,,28:28,0.286,0.714,0.333,0.167,0.5,0.333,0.167,0.25,0.167,0.5,0.5,1.0,0.0,0.75,0.25
0022000005,1610612748,Miami,Heat,MIA,heat,203090,Maurice,Harkless,M. Harkless,maurice-harkless,,,,9:29,0.0,0.0,0.0,0.0,0.0,0.0,0.0,0.0,0.0,0.0,0.0,0.0,0.0,0.0,0.0
0022000005,1610612748,Miami,Heat,MIA,heat,1629644,KZ,Okpala,K. Okpala,kz-okpala,,,,0:19,0.0,0.0,0.0,0.0,0.0,0.0,0.0,0.0,0.0,0.0,0.0,0.0,0.0,0.0,0.0
0022000005,1610612748,Miami,Heat,MIA,heat,1629735,Chris,Silva,C. Silva,chris-silva,,,,0:19,0.0,0.0,0.0,0.0,0.0,0.0,0.0,0.0,0.0,0.0,0.0,0.0,0.0,0.0,0.0
0022000005,1610612748,Miami,Heat,MIA,heat,2617,Udonis,Haslem,U. Haslem,udonis-haslem,,DNP - Coach's Decision,,,0.0,0.0,0.0,0.0,0.0,0.0,0.0,0.0,0.0,0.0,0.0,0.0,0.0,0.0,0.0
0022000005,1610612748,Miami,Heat,MIA,heat,1629134,Kendrick,Nunn,K. Nunn,kendrick-nunn,,DNP - Coach's Decision,,,0.0,0.0,0.0,0.0,0.0,0.0,0.0,0.0,0.0,0.0,0.0,0.0,0.0,0.0,0.0
0022000005,1610612748,Miami,Heat,MIA,heat,203482,Kelly,Olynyk,K. Olynyk,kelly-olynyk,,DNP - Coach's Decision,,,0.0,0.0,0.0,0.0,0.0,0.0,0.0,0.0,0.0,0.0,0.0,0.0,0.0,0.0,0.0
0022000007,1610612751,Brooklyn,Nets,BKN,nets,203925,Joe,Harris,J. Harris,joe-harris,F,,,26:12,0.333,0.667,0.222,0.0,0.667,0.444,0.111,0.0,0.222,1.0,0.0,1.0,0.0,1.0,0.0
0022000007,1610612751,Brooklyn,Nets,BKN,nets,201142,Kevin,Durant,K. Durant,kevin-durant,F,,,33:24,0.75,0.25,0.414,0.207,0.31,0.069,0.276,0.069,0.207,0.667,0.333,0.333,0.667,0.556,0.444
0022000007,1610612751,Brooklyn,Nets,BKN,nets,201599,DeAndre,Jordan,D. Jordan,deandre-jordan,C,,,19:14,1.0,0.0,1.0,0.0,0.0,0.0,0.0,0.0,1.0,1.0,0.0,0.0,0.0,1.0,0.0
0022000007,1610612751,Brooklyn,Nets,BKN,nets,203915,Spencer,Dinwiddie,S. Dinwiddie,spencer-dinwiddie,G,,,29:12,0.667,0.333,0.667,0.0,0.0,0.333,0.333,0.333,0.667,1.0,0.0,0.0,0.0,1.0,0.0
0022000007,1610612751,Brooklyn,Nets,BKN,nets,202681,Kyrie,Irving,K. Irving,kyrie-irving,G,,,33:24,0.524,0.476,0.324,0.0,0.568,0.189,0.108,0.162,0.324,0.0,1.0,0.571,0.429,0.308,0.692
0022000007,1610612751,Brooklyn,Nets,BKN,nets,1628386,Jarrett,Allen,J. Allen,jarrett-allen,,,,21:27,1.0,0.0,0.444,0.0,0.0,0.0,0.556,0.0,0.444,0.5,0.5,0.0,0.0,0.5,0.5
0022000007,1610612751,Brooklyn,Nets,BKN,nets,1629013,Landry,Shamet,L. Shamet,landry-shamet,,,,19:25,0.0,1.0,0.0,0.0,0.6,0.0,0.4,0.0,0.0,0.0,0.0,1.0,0.0,1.0,0.0
0022000007,1610612751,Brooklyn,Nets,BKN,nets,1627747,Caris,LeVert,C. LeVert,caris-levert,,,,18:34,0.75,0.25,1.0,0.4,0.0,0.2,0.0,0.2,0.6,0.2,0.8,0.0,0.0,0.2,0.8
0022000007,1610612751,Brooklyn,Nets,BKN,nets,1627752,Taurean,Prince,T. Prince,taurean-prince,,,,12:06,0.6,0.4,0.0,0.0,0.6,0.0,0.4,0.0,0.0,0.0,0.0,1.0,0.0,1.0,0.0
0022000007,1610612751,Brooklyn,Nets,BKN,nets,201145,Jeff,Green,J. Green,jeff-green,,,,14:32,0.667,0.333,1.0,0.0,0.0,0.0,0.0,0.0,1.0,0.0,1.0,0.0,0.0,0.0,1.0
0022000007,1610612751,Brooklyn,Nets,BKN,nets,1629066,Rodions,Kurucs,R. Kurucs,rodions-kurucs,,,,2:30,1.0,0.0,0.0,0.0,0.0,0.0,0.0,0.0,0.0,0.0,0.0,0.0,0.0,0.0,0.0
0022000007,1610612751,Brooklyn,Nets,BKN,nets,1628971,Bruce,Brown,B. Brown,bruce-brown,,,,2:30,0.0,0.0,0.0,0.0,0.0,0.0,0.0,0.0,0.0,0.0,0.0,0.0,0.0,0.0,0.0
0022000007,1610612751,Brooklyn,Nets,BKN,nets,1627789,Timothe,Luwawu-Cabarrot,T. Luwawu-Cabarrot,timothe-luwawu-cabarrot,,,,2:30,1.0,0.0,0.5,0.0,0.0,0.0,0.5,0.5,0.5,0.0,1.0,0.0,0.0,0.0,1.0
0022000007,1610612751,Brooklyn,Nets,BKN,nets,1629617,Reggie,Perry,R. Perry,reggie-perry,,,,2:30,0.0,0.0,0.0,0.0,0.0,0.0,0.0,0.0,0.0,0.0,0.0,0.0,0.0,0.0,0.0
0022000007,1610612751,Brooklyn,Nets,BKN,nets,204020,Tyler,Johnson,T. Johnson,tyler-johnson,,,,2:30,0.0,1.0,0.0,0.0,1.0,0.0,0.0,0.0,0.0,0.0,0.0,1.0,0.0,1.0,0.0
0022000007,1610612738,Boston,Celtics,BOS,celtics,1628369,Jayson,Tatum,J. Tatum,jayson-tatum,F,,,36:07,0.727,0.273,0.7,0.1,0.3,0.0,0.0,0.3,0.6,0.714,0.286,0.0,1.0,0.556,0.444
0022000007,1610612738,Boston,Celtics,BOS,celtics,202684,Tristan,Thompson,T. Thompson,tristan-thompson,F,,,21:25,1.0,0.0,0.75,0.0,0.0,0.0,0.25,0.0,0.75,0.0,1.0,0.0,0.0,0.0,1.0
0022000007,1610612738,Boston,Celtics,BOS,celtics,1628464,Daniel,Theis,D. Theis,daniel-theis,C,,,23:21,0.333,0.667,1.0,0.0,0.0,0.0,0.0,0.0,1.0,1.0,0.0,0.0,0.0,1.0,0.0
0022000007,1610612738,Boston,Celtics,BOS,celtics,1627759,Jaylen,Brown,J. Brown,jaylen-brown,G,,,30:31,0.84,0.16,0.815,0.222,0.0,0.185,0.185,0.148,0.593,0.727,0.273,0.0,0.0,0.727,0.273
0022000007,1610612738,Boston,Celtics,BOS,celtics,203935,Marcus,Smart,M. Smart,marcus-smart,G,,,31:53,0.417,0.583,0.154,0.154,0.692,0.0,0.154,0.0,0.0,0.0,1.0,1.0,0.0,0.75,0.25
0022000007,1610612738,Boston,Celtics,BOS,celtics,201952,Jeff,Teague,J. Teague,jeff-teague,,,,21:18,0.8,0.2,0.0,0.0,0.0,0.0,0.0,0.0,0.0,0.0,0.0,0.0,0.0,0.0,0.0
0022000007,1610612738,Boston,Celtics,BOS,celtics,1629684,Grant,Williams,G. Williams,grant-williams,,,,18:33,0.75,0.25,1.0,0.0,0.0,0.5,0.0,0.5,1.0,0.0,1.0,0.0,0.0,0.0,1.0
0022000007,1610612738,Boston,Celtics,BOS,celtics,1630202,Payton,Pritchard,P. Pritchard,payton-pritchard,,,,25:07,0.6,0.4,0.571,0.0,0.429,0.0,0.0,0.714,0.571,1.0,0.0,1.0,0.0,1.0,0.0
0022000007,1610612738,Boston,Celtics,BOS,celtics,1628400,Semi,Ojeleye,S. Ojeleye,semi-ojeleye,,,,14:17,0.714,0.286,0.222,0.0,0.333,0.0,0.444,0.0,0.222,0.0,1.0,1.0,0.0,0.5,0.5
0022000007,1610612738,Boston,Celtics,BOS,celtics,1629750,Javonte,Green,J. Green,javonte-green,,,,3:43,1.0,0.0,1.0,1.0,0.0,0.0,0.0,0.0,0.0,1.0,0.0,0.0,0.0,1.0,0.0
0022000007,1610612738,Boston,Celtics,BOS,celtics,1630174,Aaron,Nesmith,A. Nesmith,aaron-nesmith,,,,8:45,0.0,1.0,0.0,0.0,1.0,0.0,0.0,0.0,0.0,0.0,0.0,1.0,0.0,1.0,0.0
0022000007,1610612738,Boston,Celtics,BOS,celtics,1629035,Carsen,Edwards,C. Edwards,carsen-edwards,,,,2:30,1.0,0.0,0.0,0.0,0.0,0.0,0.0,0.0,0.0,0.0,0.0,0.0,0.0,0.0,0.0
0022000007,1610612738,Boston,Celtics,BOS,celtics,1629682,Tremont,Waters,T. Waters,tremont-waters,,,,2:30,1.0,0.0,0.0,0.0,0.0,0.0,0.0,0.0,0.0,0.0,0.0,0.0,0.0,0.0,0.0
0022000027,1610612761,Toronto,Raptors,TOR,raptors,1628384,OG,Anunoby,O. Anunoby,og-anunoby,F,,,35:44,0.167,0.833,0.2,0.0,0.6,0.1,0.2,0.1,0.2,1.0,0.0,1.0,0.0,1.0,0.0
0022000027,1610612761,Toronto,Raptors,TOR,raptors,1627783,Pascal,Siakam,P. Siakam,pascal-siakam,F,,,43:02,0.688,0.313,0.75,0.25,0.0,0.125,0.25,0.0,0.5,0.667,0.333,0.0,0.0,0.667,0.333
0022000027,1610612761,Toronto,Raptors,TOR,raptors,203382,Aron,Baynes,A. Baynes,aron-baynes,C,,,19:44,0.636,0.364,0.769,0.0,0.231,0.0,0.0,0.154,0.769,0.8,0.2,1.0,0.0,0.833,0.167
0022000027,1610612761,Toronto,Raptors,TOR,raptors,1627832,Fred,VanVleet,F. VanVleet,fred-vanvleet,G,,,35:27,0.4,0.6,0.37,0.148,0.556,0.37,0.074,0.333,0.222,0.4,0.6,1.0,0.0,0.7,0.3
0022000027,1610612761,Toronto,Raptors,TOR,raptors,200768,Kyle,Lowry,K. Lowry,kyle-lowry,G,,,35:29,0.6,0.4,0.5,0.0,0.375,0.0,0.125,0.0,0.5,0.75,0.25,1.0,0.0,0.833,0.167
0022000027,1610612761,Toronto,Raptors,TOR,raptors,1628449,Chris,Boucher,C. Boucher,chris-boucher,,,,28:16,0.692,0.308,0.545,0.0,0.409,0.0,0.045,0.227,0.545,0.333,0.667,1.0,0.0,0.556,0.444
0022000027,1610612761,Toronto,Raptors,TOR,raptors,1629744,Matt,Thomas,M. Thomas,matt-thomas,,,,18:51,0.375,0.625,0.25,0.0,0.75,0.0,0.0,0.375,0.25,1.0,0.0,1.0,0.0,1.0,0.0
0022000027,1610612761,Toronto,Raptors,TOR,raptors,1626181,Norman,Powell,N. Powell,norman-powell,,,,17:54,1.0,0.0,0.0,0.0,0.0,0.0,0.0,0.0,0.0,0.0,0.0,0.0,0.0,0.0,0.0
0022000027,1610612761,Toronto,Raptors,TOR,raptors,1627761,DeAndre',Bembry,D. Bembry,deandre-bembry,,,,5:33,1.0,0.0,1.0,0.0,0.0,0.0,0.0,0.0,1.0,0.0,1.0,0.0,0.0,0.0,1.0
0022000027,1610612761,Toronto,Raptors,TOR,raptors,1629056,Terence,Davis,T. Davis,terence-davis,,DNP - Coach's Decision,,,0.0,0.0,0.0,0.0,0.0,0.0,0.0,0.0,0.0,0.0,0.0,0.0,0.0,0.0,0.0
0022000027,1610612761,Toronto,Raptors,TOR,raptors,1630201,Malachi,Flynn,M. Flynn,malachi-flynn,,DNP - Coach's Decision,,,0.0,0.0,0.0,0.0,0.0,0.0,0.0,0.0,0.0,0.0,0.0,0.0,0.0,0.0,0.0
0022000027,1610612761,Toronto,Raptors,TOR,raptors,1626169,Stanley,Johnson,S. Johnson,stanley-johnson,,DNP - Coach's Decision,,,0.0,0.0,0.0,0.0,0.0,0.0,0.0,0.0,0.0,0.0,0.0,0.0,0.0,0.0,0.0
0022000027,1610612761,Toronto,Raptors,TOR,raptors,203458,Alex,Len,A. Len,alex-len,,DNP - Coach's Decision,,,0.0,0.0,0.0,0.0,0.0,0.0,0.0,0.0,0.0,0.0,0.0,0.0,0.0,0.0,0.0
0022000027,1610612761,Toronto,Raptors,TOR,raptors,1629139,Yuta,Watanabe,Y. Watanabe,yuta-watanabe,,DNP - Coach's Decision,,,0.0,0.0,0.0,0.0,0.0,0.0,0.0,0.0,0.0,0.0,0.0,0.0,0.0,0.0,0.0
0022000027,1610612761,Toronto,Raptors,TOR,raptors,1628778,Paul,Watson,P. Watson,paul-watson,,DNP - Coach's Decision,,,0.0,0.0,0.0,0.0,0.0,0.0,0.0,0.0,0.0,0.0,0.0,0.0,0.0,0.0,0.0
0022000027,1610612759,San Antonio,Spurs,SAS,spurs,1629640,Keldon,Johnson,K. Johnson,keldon-johnson,F,,,28:28,0.867,0.133,0.833,0.0,0.0,0.167,0.167,0.167,0.833,0.8,0.2,0.0,0.0,0.8,0.2
0022000027,1610612759,San Antonio,Spurs,SAS,spurs,201942,DeMar,DeRozan,D. DeRozan,demar-derozan,F,,,36:26,0.765,0.235,0.519,0.296,0.333,0.074,0.148,0.185,0.222,0.714,0.286,1.0,0.0,0.8,0.2
0022000027,1610612759,San Antonio,Spurs,SAS,spurs,200746,LaMarcus,Aldridge,L. Aldridge,lamarcus-aldridge,C,,,28:43,0.643,0.357,0.667,0.5,0.25,0.0,0.083,0.0,0.167,0.75,0.25,1.0,0.0,0.8,0.2
0022000027,1610612759,San Antonio,Spurs,SAS,spurs,1629022,Lonnie,Walker IV,L. Walker IV,lonnie-walker-iv,G,,,24:53,0.429,0.571,0.571,0.0,0.429,0.143,0.0,0.143,0.571,0.75,0.25,1.0,0.0,0.833,0.167
0022000027,1610612759,San Antonio,Spurs,SAS,spurs,1627749,Dejounte,Murray,D. Murray,dejounte-murray,G,,,29:59,0.8,0.2,0.909,0.182,0.0,0.182,0.091,0.0,0.727,0.2,0.8,0.0,0.0,0.2,0.8
0022000027,1610612759,San Antonio,Spurs,SAS,spurs,201988,Patty,Mills,P. Mills,patty-mills,,,,29:38,0.333,0.667,0.286,0.095,0.714,0.333,0.0,0.286,0.19,1.0,0.0,0.8,0.2,0.875,0.125
0022000027,1610612759,San Antonio,Spurs,SAS,spurs,200752,Rudy,Gay,R. Gay,rudy-gay,,,,27:05,0.333,0.667,0.25,0.0,0.375,0.0,0.375,0.0,0.25,1.0,0.0,1.0,0.0,1.0,0.0
0022000027,1610612759,San Antonio,Spurs,SAS,spurs,1627751,Jakob,Poeltl,J. Poeltl,jakob-poeltl,,,,18:47,1.0,0.0,1.0,0.0,0.0,0.0,0.0,0.5,1.0,1.0,0.0,0.0,0.0,1.0,0.0
0022000027,1610612759,San Antonio,Spurs,SAS,spurs,1630170,Devin,Vassell,D. Vassell,devin-vassell,,,,11:53,0.8,0.2,0.571,0.0,0.429,0.286,0.0,0.286,0.571,0.5,0.5,1.0,0.0,0.667,0.333
0022000027,1610612759,San Antonio,Spurs,SAS,spurs,1626168,Trey,Lyles,T. Lyles,trey-lyles,,,,4:08,0.0,1.0,0.0,0.0,1.0,0.0,0.0,1.0,0.0,0.0,0.0,1.0,0.0,1.0,0.0
0022000027,1610612759,San Antonio,Spurs,SAS,spurs,1628966,Keita,Bates-Diop,K. Bates-Diop,keita-bates-diop,,DNP - Coach's Decision,,,0.0,0.0,0.0,0.0,0.0,0.0,0.0,0.0,0.0,0.0,0.0,0.0,0.0,0.0,0.0
0022000027,1610612759,San Antonio,Spurs,SAS,spurs,1629234,Drew,Eubanks,D. Eubanks,drew-eubanks,,DNP - Coach's Decision,,,0.0,0.0,0.0,0.0,0.0,0.0,0.0,0.0,0.0,0.0,0.0,0.0,0.0,0.0,0.0
0022000027,1610612759,San Antonio,Spurs,SAS,spurs,1630200,Tre,Jones,T. Jones,tre-jones,,DNP - Coach's Decision,,,0.0,0.0,0.0,0.0,0.0,0.0,0.0,0.0,0.0,0.0,0.0,0.0,0.0,0.0,0.0
0022000027,1610612759,San Antonio,Spurs,SAS,spurs,1629677,Luka,Samanic,L. Samanic,luka-samanic,,DNP - Coach's Decision,,,0.0,0.0,0.0,0.0,0.0,0.0,0.0,0.0,0.0,0.0,0.0,0.0,0.0,0.0,0.0
0022000026,1610612754,Indiana,Pacers,IND,pacers,203933,T.J.,Warren,T. Warren,tj-warren,F,,,26:59,0.875,0.125,0.87,0.174,0.0,0.087,0.13,0.087,0.696,0.5,0.5,0.0,0.0,0.5,0.5
0022000026,1610612754,Indiana,Pacers,IND,pacers,1627734,Domantas,Sabonis,D. Sabonis,domantas-sabonis,F,,,33:56,0.909,0.091,0.727,0.0,0.0,0.0,0.273,0.273,0.727,1.0,0.0,0.0,0.0,1.0,0.0
0022000026,1610612754,Indiana,Pacers,IND,pacers,1626167,Myles,Turner,M. Turner,myles-turner,C,,,25:13,0.5,0.5,0.667,0.0,0.333,0.0,0.0,0.222,0.667,1.0,0.0,1.0,0.0,1.0,0.0
0022000026,1610612754,Indiana,Pacers,IND,pacers,203506,Victor,Oladipo,V. Oladipo,victor-oladipo,G,,,25:03,0.583,0.417,0.273,0.091,0.682,0.091,0.045,0.0,0.182,1.0,0.0,1.0,0.0,1.0,0.0
0022000026,1610612754,Indiana,Pacers,IND,pacers,1627763,Malcolm,Brogdon,M. Brogdon,malcolm-brogdon,G,,,28:52,0.714,0.286,0.778,0.222,0.167,0.0,0.056,0.111,0.556,0.286,0.714,1.0,0.0,0.375,0.625
0022000026,1610612754,Indiana,Pacers,IND,pacers,203200,Justin,Holiday,J. Holiday,justin-holiday,,,,31:25,0.4,0.6,0.8,0.0,0.0,0.8,0.2,0.8,0.8,0.0,1.0,0.0,0.0,0.0,1.0
0022000026,1610612754,Indiana,Pacers,IND,pacers,203926,Doug,McDermott,D. McDermott,doug-mcdermott,,,,22:08,0.5,0.5,0.5,0.0,0.5,0.0,0.0,0.583,0.5,0.333,0.667,1.0,0.0,0.6,0.4
0022000026,1610612754,Indiana,Pacers,IND,pacers,1628988,Aaron,Holiday,A. Holiday,aaron-holiday,,,,18:56,0.7,0.3,1.0,0.0,0.0,0.333,0.0,0.333,1.0,0.667,0.333,0.0,0.0,0.667,0.333
0022000026,1610612754,Indiana,Pacers,IND,pacers,204456,T.J.,McConnell,T. McConnell,tj-mcconnell,,,,19:08,1.0,0.0,1.0,0.0,0.0,0.0,0.0,0.0,1.0,0.0,1.0,0.0,0.0,0.0,1.0
0022000026,1610612754,Indiana,Pacers,IND,pacers,1629665,Jalen,Lecque,J. Lecque,jalen-lecque,,,,2:05,1.0,0.0,0.0,0.0,0.0,0.0,0.0,0.0,0.0,0.0,0.0,0.0,0.0,0.0,0.0
0022000026,1610612754,Indiana,Pacers,IND,pacers,1630199,Cassius,Stanley,C. Stanley,cassius-stanley,,,,2:05,1.0,0.0,1.0,0.0,0.0,0.0,0.0,0.0,1.0,0.0,1.0,0.0,0.0,0.0,1.0
0022000026,1610612754,Indiana,Pacers,IND,pacers,203960,JaKarr,Sampson,J. Sampson,jakarr-sampson,,,,2:05,0.0,0.0,0.0,0.0,0.0,0.0,0.0,0.0,0.0,0.0,0.0,0.0,0.0,0.0,0.0
0022000026,1610612754,Indiana,Pacers,IND,pacers,1629103,Kelan,Martin,K. Martin,kelan-martin,,,,2:05,1.0,0.0,1.0,0.0,0.0,0.0,0.0,0.0,1.0,1.0,0.0,0.0,0.0,1.0,0.0
0022000026,1610612741,Chicago,Bulls,CHI,bulls,1630172,Patrick,Williams,P. Williams,patrick-williams,F,,,22:04,0.833,0.167,0.222,0.0,0.333,0.0,0.444,0.333,0.222,0.0,1.0,1.0,0.0,0.5,0.5
0022000026,1610612741,Chicago,Bulls,CHI,bulls,1628374,Lauri,Markkanen,L. Markkanen,lauri-markkanen,F,,,27:09,0.429,0.571,0.5,0.0,0.375,0.0,0.125,0.375,0.5,0.5,0.5,1.0,0.0,0.667,0.333
0022000026,1610612741,Chicago,Bulls,CHI,bulls,1628976,Wendell,Carter Jr.,W. Carter Jr.,wendell-carter-jr,C,,,27:21,0.9,0.1,0.444,0.0,0.0,0.0,0.556,0.0,0.444,0.5,0.5,0.0,0.0,0.5,0.5
0022000026,1610612741,Chicago,Bulls,CHI,bulls,203897,Zach,LaVine,Z. LaVine,zach-lavine,G,,,28:50,0.538,0.462,0.353,0.0,0.529,0.118,0.118,0.118,0.353,0.333,0.667,0.667,0.333,0.5,0.5
0022000026,1610612741,Chicago,Bulls,CHI,bulls,1629632,Coby,White,C. White,coby-white,G,,,24:57,0.3,0.7,0.0,0.0,1.0,0.0,0.0,0.0,0.0,0.0,0.0,0.75,0.25,0.75,0.25
0022000026,1610612741,Chicago,Bulls,CHI,bulls,203490,Otto,Porter Jr.,O. Porter Jr.,otto-porter-jr,,,,19:07,0.583,0.417,0.6,0.0,0.3,0.0,0.1,0.0,0.6,1.0,0.0,1.0,0.0,1.0,0.0
0022000026,1610612741,Chicago,Bulls,CHI,bulls,203107,Tomas,Satoransky,T. Satoransky,tomas-satoransky,,,,24:54,0.8,0.2,0.667,0.0,0.0,0.333,0.333,0.333,0.667,0.5,0.5,0.0,0.0,0.5,0.5
0022000026,1610612741,Chicago,Bulls,CHI,bulls,202066,Garrett,Temple,G. Temple,garrett-temple,,,,19:51,0.429,0.571,0.0,0.0,1.0,0.0,0.0,0.0,0.0,0.0,0.0,1.0,0.0,1.0,0.0
0022000026,1610612741,Chicago,Bulls,CHI,bulls,1627756,Denzel,Valentine,D. Valentine,denzel-valentine,,,,12:54,0.333,0.667,0.182,0.182,0.818,0.0,0.0,0.0,0.0,0.0,1.0,1.0,0.0,0.75,0.25
0022000026,1610612741,Chicago,Bulls,CHI,bulls,1629655,Daniel,Gafford,D. Gafford,daniel-gafford,,,,11:57,1.0,0.0,0.667,0.0,0.0,0.0,0.333,0.333,0.667,1.0,0.0,0.0,0.0,1.0,0.0
0022000026,1610612741,Chicago,Bulls,CHI,bulls,1627853,Ryan,Arcidiacono,R. Arcidiacono,ryan-arcidiacono,,,,8:26,0.667,0.333,0.4,0.0,0.0,0.0,0.6,0.0,0.4,0.0,1.0,0.0,0.0,0.0,1.0
0022000026,1610612741,Chicago,Bulls,CHI,bulls,1628990,Chandler,Hutchison,C. Hutchison,chandler-hutchison,,,,7:31,1.0,0.0,0.0,0.0,0.0,0.0,1.0,0.0,0.0,0.0,0.0,0.0,0.0,0.0,0.0
0022000026,1610612741,Chicago,Bulls,CHI,bulls,1629690,Adam,Mokoka,A. Mokoka,adam-mokoka,,,,4:59,0.0,1.0,0.0,0.0,0.0,0.0,0.0,0.0,0.0,0.0,0.0,0.0,0.0,0.0,0.0
0022000026,1610612741,Chicago,Bulls,CHI,bulls,1626245,Cristiano,Felicio,C. Felicio,cristiano-felicio,,DNP - Coach's Decision,,,0.0,0.0,0.0,0.0,0.0,0.0,0.0,0.0,0.0,0.0,0.0,0.0,0.0,0.0,0.0
0022000026,1610612741,Chicago,Bulls,CHI,bulls,1628436,Luke,Kornet,L. Kornet,luke-kornet,,DNP - Coach's Decision,,,0.0,0.0,0.0,0.0,0.0,0.0,0.0,0.0,0.0,0.0,0.0,0.0,0.0,0.0,0.0
0022000022,1610612760,Oklahoma City,Thunder,OKC,thunder,1629652,Luguentz,Dort,L. Dort,luguentz-dort,F,,,34:34,0.667,0.333,0.533,0.0,0.2,0.0,0.267,0.133,0.533,0.5,0.5,1.0,0.0,0.6,0.4
0022000022,1610612760,Oklahoma City,Thunder,OKC,thunder,1629647,Darius,Bazley,D. Bazley,darius-bazley,F,,,32:56,0.583,0.417,0.8,0.267,0.2,0.267,0.0,0.133,0.533,0.833,0.167,1.0,0.0,0.857,0.143
0022000022,1610612760,Oklahoma City,Thunder,OKC,thunder,201143,Al,Horford,A. Horford,al-horford,C,,,28:33,0.6,0.4,0.667,0.0,0.0,0.0,0.333,0.0,0.667,1.0,0.0,0.0,0.0,1.0,0.0
0022000022,1610612760,Oklahoma City,Thunder,OKC,thunder,1628983,Shai,Gilgeous-Alexander,S. Gilgeous-Alexander,shai-gilgeous-alexander,G,,,34:22,0.7,0.3,0.583,0.083,0.125,0.042,0.292,0.083,0.5,0.143,0.857,0.0,1.0,0.125,0.875
0022000022,1610612760,Oklahoma City,Thunder,OKC,thunder,201588,George,Hill,G. Hill,george-hill,G,,,24:03,0.556,0.444,0.381,0.19,0.571,0.0,0.048,0.143,0.19,0.5,0.5,1.0,0.0,0.75,0.25
0022000022,1610612760,Oklahoma City,Thunder,OKC,thunder,203488,Mike,Muscala,M. Muscala,mike-muscala,,,,18:10,0.5,0.5,0.429,0.0,0.429,0.0,0.143,0.143,0.429,1.0,0.0,0.5,0.5,0.8,0.2
0022000022,1610612760,Oklahoma City,Thunder,OKC,thunder,1628977,Hamidou,Diallo,H. Diallo,hamidou-diallo,,,,19:40,0.875,0.125,0.75,0.0,0.0,0.375,0.25,0.375,0.75,0.333,0.667,0.0,0.0,0.333,0.667
0022000022,1610612760,Oklahoma City,Thunder,OKC,thunder,1630177,Theo,Maledon,T. Maledon,theo-maledon,,,,20:26,0.6,0.4,1.0,0.5,0.0,0.0,0.0,0.0,0.5,1.0,0.0,0.0,0.0,1.0,0.0
0022000022,1610612760,Oklahoma City,Thunder,OKC,thunder,1630197,Aleksej,Pokusevski,A. Pokusevski,aleksej-pokusevski,,,,10:56,0.0,1.0,0.0,0.0,0.0,0.0,0.0,0.0,0.0,0.0,0.0,0.0,0.0,0.0,0.0
0022000022,1610612760,Oklahoma City,Thunder,OKC,thunder,1629026,Kenrich,Williams,K. Williams,kenrich-williams,,,,16:20,0.333,0.667,0.0,0.0,0.6,0.6,0.4,0.6,0.0,0.0,0.0,1.0,0.0,1.0,0.0
0022000022,1610612760,Oklahoma City,Thunder,OKC,thunder,1629650,Moses,Brown,M. Brown,moses-brown,,DNP - Coach's Decision,,,0.0,0.0,0.0,0.0,0.0,0.0,0.0,0.0,0.0,0.0,0.0,0.0,0.0,0.0,0.0
0022000022,1610612760,Oklahoma City,Thunder,OKC,thunder,1630221,Josh,Hall,J. Hall,josh-hall,,DNP - Coach's Decision,,,0.0,0.0,0.0,0.0,0.0,0.0,0.0,0.0,0.0,0.0,0.0,0.0,0.0,0.0,0.0
0022000022,1610612760,Oklahoma City,Thunder,OKC,thunder,1628382,Justin,Jackson,J. Jackson,justin-jackson,,DNP - Coach's Decision,,,0.0,0.0,0.0,0.0,0.0,0.0,0.0,0.0,0.0,0.0,0.0,0.0,0.0,0.0,0.0
0022000022,1610612760,Oklahoma City,Thunder,OKC,thunder,203121,Darius,Miller,D. Miller,darius-miller,,DNP - Coach's Decision,,,0.0,0.0,0.0,0.0,0.0,0.0,0.0,0.0,0.0,0.0,0.0,0.0,0.0,0.0,0.0
0022000022,1610612760,Oklahoma City,Thunder,OKC,thunder,1629676,Isaiah,Roby,I. Roby,isaiah-roby,,DNP - Coach's Decision,,,0.0,0.0,0.0,0.0,0.0,0.0,0.0,0.0,0.0,0.0,0.0,0.0,0.0,0.0,0.0
0022000022,1610612766,Charlotte,Hornets,CHA,hornets,202330,Gordon,Hayward,G. Hayward,gordon-hayward,F,,,34:41,0.615,0.385,0.833,0.167,0.0,0.167,0.167,0.167,0.667,0.8,0.2,0.0,0.0,0.8,0.2
0022000022,1610612766,Charlotte,Hornets,CHA,hornets,1629023,P.J.,Washington,P. Washington,pj-washington,F,,,29:09,0.8,0.2,0.667,0.0,0.167,0.111,0.167,0.111,0.667,0.333,0.667,1.0,0.0,0.429,0.571
0022000022,1610612766,Charlotte,Hornets,CHA,hornets,202687,Bismack,Biyombo,B. Biyombo,bismack-biyombo,C,,,30:19,1.0,0.0,0.8,0.0,0.0,0.0,0.2,0.4,0.8,1.0,0.0,0.0,0.0,1.0,0.0
0022000022,1610612766,Charlotte,Hornets,CHA,hornets,1626179,Terry,Rozier,T. Rozier,terry-rozier,G,,,31:18,0.533,0.467,0.316,0.105,0.316,0.105,0.368,0.211,0.211,1.0,0.0,1.0,0.0,1.0,0.0
0022000022,1610612766,Charlotte,Hornets,CHA,hornets,1628984,Devonte',Graham,D. Graham,devonte-graham,G,,,33:50,0.563,0.438,0.143,0.0,0.643,0.429,0.214,0.0,0.143,1.0,0.0,0.333,0.667,0.5,0.5
0022000022,1610612766,Charlotte,Hornets,CHA,hornets,1628970,Miles,Bridges,M. Bridges,miles-bridges,,,,23:07,0.5,0.5,0.143,0.0,0.857,0.429,0.0,0.0,0.143,1.0,0.0,1.0,0.0,1.0,0.0
0022000022,1610612766,Charlotte,Hornets,CHA,hornets,1630163,LaMelo,Ball,L. Ball,lamelo-ball,,,,15:19,0.6,0.4,0.462,0.154,0.462,0.308,0.077,0.154,0.308,0.333,0.667,1.0,0.0,0.6,0.4
0022000022,1610612766,Charlotte,Hornets,CHA,hornets,1628998,Cody,Martin,C. Martin,cody-martin,,,,16:11,0.0,0.0,0.0,0.0,0.0,0.0,0.0,0.0,0.0,0.0,0.0,0.0,0.0,0.0,0.0
0022000022,1610612766,Charlotte,Hornets,CHA,hornets,1629667,Jalen,McDaniels,J. McDaniels,jalen-mcdaniels,,,,10:43,1.0,0.0,0.0,0.0,0.0,0.0,1.0,0.0,0.0,0.0,0.0,0.0,0.0,0.0,0.0
0022000022,1610612766,Charlotte,Hornets,CHA,hornets,1628997,Caleb,Martin,C. Martin,caleb-martin,,,,15:23,0.75,0.25,0.6,0.0,0.3,0.5,0.1,0.6,0.6,0.667,0.333,1.0,0.0,0.75,0.25
0022000022,1610612766,Charlotte,Hornets,CHA,hornets,1630176,Vernon,Carey Jr.,V. Carey Jr.,vernon-carey-jr,,DNP - Coach's Decision,,,0.0,0.0,0.0,0.0,0.0,0.0,0.0,0.0,0.0,0.0,0.0,0.0,0.0,0.0,0.0
0022000022,1610612766,Charlotte,Hornets,CHA,hornets,1628370,Malik,Monk,M. Monk,malik-monk,,DNP - Coach's Decision,,,0.0,0.0,0.0,0.0,0.0,0.0,0.0,0.0,0.0,0.0,0.0,0.0,0.0,0.0,0.0
0022000022,1610612766,Charlotte,Hornets,CHA,hornets,1630208,Nick,Richards,N. Richards,nick-richards,,DNP - Coach's Decision,,,0.0,0.0,0.0,0.0,0.0,0.0,0.0,0.0,0.0,0.0,0.0,0.0,0.0,0.0,0.0
0022000024,1610612753,Orlando,Magic,ORL,magic,1628407,Dwayne,Bacon,D. Bacon,dwayne-bacon,F,,,20:21,0.333,0.667,0.0,0.0,1.0,0.0,0.0,0.0,0.0,0.0,0.0,1.0,0.0,1.0,0.0
0022000024,1610612753,Orlando,Magic,ORL,magic,203932,Aaron,Gordon,A. Gordon,aaron-gordon,F,,,29:39,0.833,0.167,0.667,0.0,0.2,0.0,0.133,0.0,0.667,0.2,0.8,1.0,0.0,0.333,0.667
0022000024,1610612753,Orlando,Magic,ORL,magic,202696,Nikola,Vučević,N. Vučević,nikola-vučević,C,,,31:05,0.65,0.35,0.545,0.273,0.273,0.0,0.182,0.0,0.273,0.5,0.5,1.0,0.0,0.625,0.375
0022000024,1610612753,Orlando,Magic,ORL,magic,203095,Evan,Fournier,E. Fournier,evan-fournier,G,,,28:57,0.375,0.625,0.462,0.0,0.231,0.0,0.308,0.0,0.462,0.333,0.667,1.0,0.0,0.5,0.5
0022000024,1610612753,Orlando,Magic,ORL,magic,1628365,Markelle,Fultz,M. Fultz,markelle-fultz,G,,,31:05,0.846,0.154,0.667,0.095,0.0,0.19,0.333,0.286,0.571,0.0,1.0,0.0,0.0,0.0,1.0
0022000024,1610612753,Orlando,Magic,ORL,magic,1629643,Chuma,Okeke,C. Okeke,chuma-okeke,,,,18:21,0.75,0.25,0.667,0.667,0.0,0.0,0.333,0.0,0.0,1.0,0.0,0.0,0.0,1.0,0.0
0022000024,1610612753,Orlando,Magic,ORL,magic,203082,Terrence,Ross,T. Ross,terrence-ross,,,,28:06,0.571,0.429,0.48,0.32,0.36,0.0,0.16,0.08,0.16,0.5,0.5,1.0,0.0,0.667,0.333
0022000024,1610612753,Orlando,Magic,ORL,magic,203920,Khem,Birch,K. Birch,khem-birch,,,,16:55,1.0,0.0,1.0,0.5,0.0,0.0,0.0,0.25,0.5,1.0,0.0,0.0,0.0,1.0,0.0
0022000024,1610612753,Orlando,Magic,ORL,magic,1630175,Cole,Anthony,C. Anthony,cole-anthony,,,,16:55,0.636,0.364,0.667,0.222,0.333,0.0,0.0,0.0,0.444,0.0,1.0,0.0,1.0,0.0,1.0
0022000024,1610612753,Orlando,Magic,ORL,magic,203487,Michael,Carter-Williams,M. Carter-Williams,michael-carter-williams,,,,18:36,0.5,0.5,0.5,0.0,0.375,0.0,0.125,0.125,0.5,1.0,0.0,1.0,0.0,1.0,0.0
0022000024,1610612753,Orlando,Magic,ORL,magic,1628964,Mo,Bamba,M. Bamba,mo-bamba,,DNP - Coach's Decision,,,0.0,0.0,0.0,0.0,0.0,0.0,0.0,0.0,0.0,0.0,0.0,0.0,0.0,0.0,0.0
0022000024,1610612753,Orlando,Magic,ORL,magic,1629648,Jordan,Bone,J. Bone,jordan-bone,,DNP - Coach's Decision,,,0.0,0.0,0.0,0.0,0.0,0.0,0.0,0.0,0.0,0.0,0.0,0.0,0.0,0.0,0.0
0022000024,1610612753,Orlando,Magic,ORL,magic,1629109,Gary,Clark,G. Clark,gary-clark,,DNP - Coach's Decision,,,0.0,0.0,0.0,0.0,0.0,0.0,0.0,0.0,0.0,0.0,0.0,0.0,0.0,0.0,0.0
0022000024,1610612753,Orlando,Magic,ORL,magic,1630211,Karim,Mane,K. Mane,karim-mane,,DNP - Coach's Decision,,,0.0,0.0,0.0,0.0,0.0,0.0,0.0,0.0,0.0,0.0,0.0,0.0,0.0,0.0,0.0
0022000024,1610612764,Washington,Wizards,WAS,wizards,1629067,Isaac,Bonga,I. Bonga,isaac-bonga,F,,,20:00,0.4,0.6,0.4,0.0,0.6,0.0,0.0,0.5,0.4,1.0,0.0,1.0,0.0,1.0,0.0
0022000024,1610612764,Washington,Wizards,WAS,wizards,1630166,Deni,Avdija,D. Avdija,deni-avdija,F,,,14:40,0.5,0.5,0.4,0.0,0.6,0.0,0.0,0.0,0.4,1.0,0.0,1.0,0.0,1.0,0.0
0022000024,1610612764,Washington,Wizards,WAS,wizards,1628418,Thomas,Bryant,T. Bryant,thomas-bryant,C,,,30:04,0.545,0.455,0.526,0.0,0.474,0.105,0.0,0.316,0.526,0.8,0.2,1.0,0.0,0.875,0.125
0022000024,1610612764,Washington,Wizards,WAS,wizards,203078,Bradley,Beal,B. Beal,bradley-beal,G,,,37:14,0.792,0.208,0.615,0.205,0.154,0.0,0.231,0.128,0.41,0.333,0.667,0.5,0.5,0.357,0.643
0022000024,1610612764,Washington,Wizards,WAS,wizards,201566,Russell,Westbrook,R. Westbrook,russell-westbrook,G,,,35:59,0.789,0.211,0.8,0.4,0.0,0.133,0.2,0.133,0.4,0.333,0.667,0.0,0.0,0.333,0.667
0022000024,1610612764,Washington,Wizards,WAS,wizards,1628972,Troy,Brown Jr.,T. Brown Jr.,troy-brown-jr,,,,13:14,0.4,0.6,0.0,0.0,0.0,0.0,0.0,0.0,0.0,0.0,0.0,0.0,0.0,0.0,0.0
0022000024,1610612764,Washington,Wizards,WAS,wizards,202397,Ish,Smith,I. Smith,ish-smith,,,,22:19,0.889,0.111,1.0,0.25,0.0,0.5,0.0,0.0,0.75,0.25,0.75,0.0,0.0,0.25,0.75
0022000024,1610612764,Washington,Wizards,WAS,wizards,202722,Davis,Bertans,D. Bertans,davis-bertans,,,,19:46,0.091,0.909,0.222,0.0,0.667,0.0,0.111,0.0,0.222,0.0,1.0,1.0,0.0,0.667,0.333
0022000024,1610612764,Washington,Wizards,WAS,wizards,201577,Robin,Lopez,R. Lopez,robin-lopez,,,,17:56,1.0,0.0,0.5,0.0,0.0,0.0,0.5,0.0,0.5,1.0,0.0,0.0,0.0,1.0,0.0
0022000024,1610612764,Washington,Wizards,WAS,wizards,203526,Raul,Neto,R. Neto,raul-neto,,,,9:09,0.25,0.75,0.182,0.0,0.818,0.0,0.0,0.0,0.182,1.0,0.0,1.0,0.0,1.0,0.0
0022000024,1610612764,Washington,Wizards,WAS,wizards,1629010,Jerome,Robinson,J. Robinson,jerome-robinson,,,,19:39,0.333,0.667,0.0,0.0,0.0,0.0,0.0,0.0,0.0,0.0,0.0,0.0,0.0,0.0,0.0
0022000024,1610612764,Washington,Wizards,WAS,wizards,1630264,Anthony,Gill,A. Gill,anthony-gill,,DNP - Coach's Decision,,,0.0,0.0,0.0,0.0,0.0,0.0,0.0,0.0,0.0,0.0,0.0,0.0,0.0,0.0,0.0
0022000024,1610612764,Washington,Wizards,WAS,wizards,1628394,Anžejs,Pasečņiks,A. Pasečņiks,anžejs-pasečņiks,,DNP - Coach's Decision,,,0.0,0.0,0.0,0.0,0.0,0.0,0.0,0.0,0.0,0.0,0.0,0.0,0.0,0.0,0.0
0022000024,1610612764,Washington,Wizards,WAS,wizards,1629021,Moritz,Wagner,M. Wagner,moritz-wagner,,DNP - Coach's Decision,,,0.0,0.0,0.0,0.0,0.0,0.0,0.0,0.0,0.0,0.0,0.0,0.0,0.0,0.0,0.0
0022000021,1610612737,Atlanta,Hawks,ATL,hawks,1629629,Cam,Reddish,C. Reddish,cam-reddish,F,,,32:29,0.875,0.125,0.4,0.0,0.6,0.0,0.0,0.4,0.4,0.0,1.0,1.0,0.0,0.5,0.5
0022000021,1610612737,Atlanta,Hawks,ATL,hawks,1629631,De'Andre,Hunter,D. Hunter,deandre-hunter,F,,,35:19,0.636,0.364,0.4,0.133,0.4,0.0,0.2,0.333,0.267,0.667,0.333,1.0,0.0,0.8,0.2
0022000021,1610612737,Atlanta,Hawks,ATL,hawks,1628381,John,Collins,J. Collins,john-collins,C,,,27:18,0.667,0.333,0.615,0.154,0.0,0.154,0.385,0.0,0.462,0.75,0.25,0.0,0.0,0.75,0.25
0022000021,1610612737,Atlanta,Hawks,ATL,hawks,203992,Bogdan,Bogdanović,B. Bogdanović,bogdan-bogdanović,G,,,32:13,0.1,0.9,0.286,0.0,0.429,0.286,0.286,0.429,0.286,1.0,0.0,1.0,0.0,1.0,0.0
0022000021,1610612737,Atlanta,Hawks,ATL,hawks,1629027,Trae,Young,T. Young,trae-young,G,,,35:23,0.708,0.292,0.5,0.056,0.083,0.056,0.417,0.0,0.444,0.111,0.889,0.0,1.0,0.1,0.9
0022000021,1610612737,Atlanta,Hawks,ATL,hawks,1628981,Bruno,Fernando,B. Fernando,bruno-fernando,,,,17:12,1.0,0.0,0.0,0.0,0.0,0.0,0.0,0.0,0.0,0.0,0.0,0.0,0.0,0.0,0.0
0022000021,1610612737,Atlanta,Hawks,ATL,hawks,1628989,Kevin,Huerter,K. Huerter,kevin-huerter,,,,26:35,0.583,0.417,0.381,0.0,0.571,0.095,0.048,0.095,0.381,0.5,0.5,1.0,0.0,0.75,0.25
0022000021,1610612737,Atlanta,Hawks,ATL,hawks,203524,Solomon,Hill,S. Hill,solomon-hill,,,,12:58,0.6,0.4,0.333,0.0,0.5,0.0,0.167,0.0,0.333,0.0,1.0,1.0,0.0,0.5,0.5
0022000021,1610612737,Atlanta,Hawks,ATL,hawks,1629164,Brandon,Goodwin,B. Goodwin,brandon-goodwin,,,,11:58,0.5,0.5,0.0,0.0,0.6,0.0,0.4,0.0,0.0,0.0,0.0,1.0,0.0,1.0,0.0
0022000021,1610612737,Atlanta,Hawks,ATL,hawks,1630233,Nathan,Knight,N. Knight,nathan-knight,,,,8:35,0.4,0.6,0.286,0.0,0.429,0.0,0.286,0.0,0.286,1.0,0.0,1.0,0.0,1.0,0.0
0022000021,1610612737,Atlanta,Hawks,ATL,hawks,201568,Danilo,Gallinari,D. Gallinari,danilo-gallinari,,DNP - Injury/Illness,,,0.0,0.0,0.0,0.0,0.0,0.0,0.0,0.0,0.0,0.0,0.0,0.0,0.0,0.0,0.0
0022000021,1610612737,Atlanta,Hawks,ATL,hawks,1630219,Skylar,Mays,S. Mays,skylar-mays,,DNP - Coach's Decision,,,0.0,0.0,0.0,0.0,0.0,0.0,0.0,0.0,0.0,0.0,0.0,0.0,0.0,0.0,0.0
0022000021,1610612737,Atlanta,Hawks,ATL,hawks,200765,Rajon,Rondo,R. Rondo,rajon-rondo,,DNP - Coach's Decision,,,0.0,0.0,0.0,0.0,0.0,0.0,0.0,0.0,0.0,0.0,0.0,0.0,0.0,0.0,0.0
0022000021,1610612763,Memphis,Grizzlies,MEM,grizzlies,1628415,Dillon,Brooks,D. Brooks,dillon-brooks,F,,,30:36,0.522,0.478,0.526,0.0,0.474,0.263,0.0,0.211,0.526,0.2,0.8,1.0,0.0,0.5,0.5
0022000021,1610612763,Memphis,Grizzlies,MEM,grizzlies,203937,Kyle,Anderson,K. Anderson,kyle-anderson,F,,,36:26,0.6,0.4,0.6,0.1,0.3,0.1,0.1,0.4,0.5,0.333,0.667,1.0,0.0,0.5,0.5
0022000021,1610612763,Memphis,Grizzlies,MEM,grizzlies,202685,Jonas,Valančiūnas,J. Valančiūnas,jonas-valančiūnas,C,,,28:56,0.5,0.5,0.154,0.0,0.231,0.0,0.615,0.154,0.154,0.0,1.0,0.0,1.0,0.0,1.0
0022000021,1610612763,Memphis,Grizzlies,MEM,grizzlies,1628960,Grayson,Allen,G. Allen,grayson-allen,G,,,29:28,0.167,0.833,0.2,0.0,0.3,0.5,0.5,0.2,0.2,1.0,0.0,1.0,0.0,1.0,0.0
0022000021,1610612763,Memphis,Grizzlies,MEM,grizzlies,1629630,Ja,Morant,J. Morant,ja-morant,G,,,33:31,0.667,0.333,0.571,0.0,0.214,0.143,0.214,0.071,0.571,0.125,0.875,1.0,0.0,0.3,0.7
0022000021,1610612763,Memphis,Grizzlies,MEM,grizzlies,1630217,Desmond,Bane,D. Bane,desmond-bane,,,,22:21,0.0,1.0,0.0,0.0,1.0,0.0,0.0,0.5,0.0,0.0,0.0,1.0,0.0,1.0,0.0
0022000021,1610612763,Memphis,Grizzlies,MEM,grizzlies,1626145,Tyus,Jones,T. Jones,tyus-jones,,,,15:59,0.5,0.5,0.0,0.0,0.0,0.0,0.0,0.0,0.0,0.0,0.0,0.0,0.0,0.0,0.0
0022000021,1610612763,Memphis,Grizzlies,MEM,grizzlies,1629634,Brandon,Clarke,B. Clarke,brandon-clarke,,,,20:06,0.875,0.125,1.0,0.0,0.0,0.0,0.0,0.0,1.0,1.0,0.0,0.0,0.0,1.0,0.0
0022000021,1610612763,Memphis,Grizzlies,MEM,grizzlies,1629723,John,Konchar,J. Konchar,john-konchar,,,,15:39,0.0,1.0,0.0,0.0,0.429,0.0,0.571,0.714,0.0,0.0,0.0,1.0,0.0,1.0,0.0
0022000021,1610612763,Memphis,Grizzlies,MEM,grizzlies,203476,Gorgui,Dieng,G. Dieng,gorgui-dieng,,,,6:58,0.4,0.6,0.4,0.4,0.6,0.0,0.0,0.0,0.0,1.0,0.0,1.0,0.0,1.0,0.0
0022000021,1610612763,Memphis,Grizzlies,MEM,grizzlies,1630253,Sean,McDermott,S. McDermott,sean-mcdermott,,DNP - Coach's Decision,,,0.0,0.0,0.0,0.0,0.0,0.0,0.0,0.0,0.0,0.0,0.0,0.0,0.0,0.0,0.0
0022000021,1610612763,Memphis,Grizzlies,MEM,grizzlies,1630214,Xavier,Tillman,X. Tillman,xavier-tillman,,DNP - Injury/Illness,,,0.0,0.0,0.0,0.0,0.0,0.0,0.0,0.0,0.0,0.0,0.0,0.0,0.0,0.0,0.0
0022000025,1610612755,Philadelphia,76ers,PHI,sixers,201980,Danny,Green,D. Green,danny-green,F,,,28:02,0.0,1.0,0.0,0.0,1.0,0.5,0.0,0.5,0.0,0.0,0.0,1.0,0.0,1.0,0.0
0022000025,1610612755,Philadelphia,76ers,PHI,sixers,202699,Tobias,Harris,T. Harris,tobias-harris,F,,,30:10,0.643,0.357,0.588,0.235,0.353,0.294,0.059,0.118,0.353,0.6,0.4,1.0,0.0,0.714,0.286
0022000025,1610612755,Philadelphia,76ers,PHI,sixers,203954,Joel,Embiid,J. Embiid,joel-embiid,C,,,30:39,0.8,0.2,0.593,0.148,0.222,0.0,0.185,0.111,0.444,0.375,0.625,0.5,0.5,0.4,0.6
0022000025,1610612755,Philadelphia,76ers,PHI,sixers,203552,Seth,Curry,S. Curry,seth-curry,G,,,29:53,0.5,0.5,0.353,0.118,0.529,0.294,0.118,0.471,0.235,0.333,0.667,1.0,0.0,0.667,0.333
0022000025,1610612755,Philadelphia,76ers,PHI,sixers,1627732,Ben,Simmons,B. Simmons,ben-simmons,G,,,32:53,1.0,0.0,0.667,0.0,0.0,0.0,0.333,0.2,0.667,0.2,0.8,0.0,0.0,0.2,0.8
0022000025,1610612755,Philadelphia,76ers,PHI,sixers,1629003,Shake,Milton,S. Milton,shake-milton,,,,22:32,0.75,0.25,0.8,0.0,0.0,0.0,0.2,0.0,0.8,0.0,1.0,0.0,0.0,0.0,1.0
0022000025,1610612755,Philadelphia,76ers,PHI,sixers,1627788,Furkan,Korkmaz,F. Korkmaz,furkan-korkmaz,,,,18:00,0.286,0.714,0.0,0.0,1.0,0.0,0.0,0.0,0.0,0.0,0.0,0.0,1.0,0.0,1.0
0022000025,1610612755,Philadelphia,76ers,PHI,sixers,203118,Mike,Scott,M. Scott,mike-scott,,,,16:46,0.0,1.0,0.0,0.0,1.0,0.0,0.0,0.0,0.0,0.0,0.0,1.0,0.0,1.0,0.0
0022000025,1610612755,Philadelphia,76ers,PHI,sixers,2730,Dwight,Howard,D. Howard,dwight-howard,,,,15:24,1.0,0.0,0.889,0.0,0.0,0.0,0.111,0.222,0.889,0.5,0.5,0.0,0.0,0.5,0.5
0022000025,1610612755,Philadelphia,76ers,PHI,sixers,1630178,Tyrese,Maxey,T. Maxey,tyrese-maxey,,,,8:49,1.0,0.0,1.0,0.0,0.0,0.0,0.0,1.0,1.0,1.0,0.0,0.0,0.0,1.0,0.0
0022000025,1610612755,Philadelphia,76ers,PHI,sixers,1629680,Matisse,Thybulle,M. Thybulle,matisse-thybulle,,,,6:52,0.0,0.0,0.0,0.0,0.0,0.0,0.0,0.0,0.0,0.0,0.0,0.0,0.0,0.0,0.0
0022000025,1610612755,Philadelphia,76ers,PHI,sixers,1628396,Tony,Bradley,T. Bradley,tony-bradley,,DNP - Coach's Decision,,,0.0,0.0,0.0,0.0,0.0,0.0,0.0,0.0,0.0,0.0,0.0,0.0,0.0,0.0,0.0
0022000025,1610612755,Philadelphia,76ers,PHI,sixers,1628390,Terrance,Ferguson,T. Ferguson,terrance-ferguson,,DNP - Coach's Decision,,,0.0,0.0,0.0,0.0,0.0,0.0,0.0,0.0,0.0,0.0,0.0,0.0,0.0,0.0,0.0
0022000025,1610612755,Philadelphia,76ers,PHI,sixers,1630198,Isaiah,Joe,I. Joe,isaiah-joe,,DNP - Coach's Decision,,,0.0,0.0,0.0,0.0,0.0,0.0,0.0,0.0,0.0,0.0,0.0,0.0,0.0,0.0,0.0
0022000025,1610612755,Philadelphia,76ers,PHI,sixers,1629751,Dakota,Mathias,D. Mathias,dakota-mathias,,DNP - Coach's Decision,,,0.0,0.0,0.0,0.0,0.0,0.0,0.0,0.0,0.0,0.0,0.0,0.0,0.0,0.0,0.0
0022000025,1610612752,New York,Knicks,NYK,knicks,203493,Reggie,Bullock Jr.,R. Bullock Jr.,reggie-bullock-jr,F,,,27:23,0.429,0.571,0.333,0.333,0.5,0.0,0.167,0.0,0.0,1.0,0.0,1.0,0.0,1.0,0.0
0022000025,1610612752,New York,Knicks,NYK,knicks,203944,Julius,Randle,J. Randle,julius-randle,F,,,34:35,0.867,0.133,0.72,0.08,0.24,0.0,0.04,0.0,0.64,0.444,0.556,1.0,0.0,0.545,0.455
0022000025,1610612752,New York,Knicks,NYK,knicks,1629011,Mitchell,Robinson,M. Robinson,mitchell-robinson,C,,,24:59,1.0,0.0,0.909,0.0,0.0,0.182,0.091,0.182,0.909,0.4,0.6,0.0,0.0,0.4,0.6
0022000025,1610612752,New York,Knicks,NYK,knicks,1629628,RJ,Barrett,R. Barrett,rj-barrett,G,,,37:04,0.6,0.4,0.4,0.0,0.0,0.0,0.6,0.3,0.4,0.5,0.5,0.0,0.0,0.5,0.5
0022000025,1610612752,New York,Knicks,NYK,knicks,203901,Elfrid,Payton,E. Payton,elfrid-payton,G,,,18:14,0.5,0.5,0.0,0.0,0.0,0.0,0.0,0.0,0.0,0.0,0.0,0.0,0.0,0.0,0.0
0022000025,1610612752,New York,Knicks,NYK,knicks,202692,Alec,Burks,A. Burks,alec-burks,,,,30:42,0.538,0.462,0.182,0.182,0.545,0.0,0.273,0.136,0.0,0.5,0.5,0.75,0.25,0.667,0.333
0022000025,1610612752,New York,Knicks,NYK,knicks,203457,Nerlens,Noel,N. Noel,nerlens-noel,,,,15:58,1.0,0.0,1.0,0.0,0.0,0.0,0.0,0.0,1.0,0.5,0.5,0.0,0.0,0.5,0.5
0022000025,1610612752,New York,Knicks,NYK,knicks,1628995,Kevin,Knox II,K. Knox II,kevin-knox-ii,,,,28:33,0.5,0.5,0.571,0.0,0.429,0.0,0.0,0.714,0.571,1.0,0.0,1.0,0.0,1.0,0.0
0022000025,1610612752,New York,Knicks,NYK,knicks,1628372,Dennis,Smith Jr.,D. Smith Jr.,dennis-smith-jr,,,,17:38,0.6,0.4,0.5,0.0,0.0,0.0,0.5,0.5,0.5,0.0,1.0,0.0,0.0,0.0,1.0
0022000025,1610612752,New York,Knicks,NYK,knicks,1628373,Frank,Ntilikina,F. Ntilikina,frank-ntilikina,,,,2:27,0.0,1.0,0.0,0.0,0.0,0.0,0.0,0.0,0.0,0.0,0.0,0.0,0.0,0.0,0.0
0022000025,1610612752,New York,Knicks,NYK,knicks,1629033,Theo,Pinson,T. Pinson,theo-pinson,,,,2:27,0.0,1.0,0.0,0.0,0.0,0.0,0.0,0.0,0.0,0.0,0.0,0.0,0.0,0.0,0.0
0022000025,1610612752,New York,Knicks,NYK,knicks,1629649,Ignas,Brazdeikis,I. Brazdeikis,ignas-brazdeikis,,DNP - Coach's Decision,,,0.0,0.0,0.0,0.0,0.0,0.0,0.0,0.0,0.0,0.0,0.0,0.0,0.0,0.0,0.0
0022000025,1610612752,New York,Knicks,NYK,knicks,1629607,Jared,Harper,J. Harper,jared-harper,,DNP - Coach's Decision,,,0.0,0.0,0.0,0.0,0.0,0.0,0.0,0.0,0.0,0.0,0.0,0.0,0.0,0.0,0.0
